readout	layer	chipID	col	row	timestamp_col	timestamp_row	tot_us_col	tot_us_row	avg_tot_us
0	1	0	18	26	0	0	2.99	3.16	3.075
0	1	0	25	4	0	0	1.42	1.56	1.49
0	1	1	12	29	0	0	2.85	3.03	2.94
0	1	1	18	30	0	0	3.22	3.4	3.31
0	1	0	27	31	0	0	2.81	2.99	2.9000000000000004
0	1	0	24	20	0	0	4.05	4.23	4.140000000000001
0	1	0	29	20	0	0	5.81	5.99	5.9
0	1	0	11	31	0	0	2.76	2.92	2.84
0	1	0	16	28	0	0	3.46	3.64	3.55
0	1	2	22	4	0	0	2.91	3.08	2.995
0	1	0	12	28	0	0	4.45	4.88	4.665
0	1	2	32	2	0	0	3.21	3.42	3.315
0	1	0	19	27	0	0	6.74	6.91	6.825
0	1	0	27	19	0	0	4.7	5.01	4.855
0	1	0	27	28	0	0	5.06	5.24	5.15
0	1	0	20	23	0	0	3.24	3.41	3.325
0	1	0	16	32	0	0	1.97	2.16	2.065
0	1	0	6	25	0	0	1.92	2.1	2.01
0	1	2	27	3	0	0	7.09	7.31	7.199999999999999
0	1	0	23	2	0	0	7.76	7.94	7.85
0	1	2	12	30	0	0	1.7	1.86	1.78
0	1	0	11	31	0	0	2.19	2.17	2.1799999999999997
0	1	0	11	31	0	0	4.23	4.39	4.3100000000000005
0	1	1	23	33	0	0	2.92	3.1	3.01
0	1	1	21	17	0	0	2.15	2.31	2.23
0	1	1	33	21	0	0	2.96	3.12	3.04
0	1	0	3	15	0	0	1.36	1.44	1.4
0	1	0	32	32	0	0	1.46	1.6	1.53
0	1	0	9	22	0	0	1.73	1.61	1.67
0	1	0	31	29	0	0	6.45	6.63	6.54
0	1	1	20	20	0	0	2.75	2.96	2.855
0	1	0	11	20	0	0	5.87	5.4	5.635
0	1	0	19	23	0	0	4.3	4.46	4.38
0	1	0	25	28	0	0	6.26	6.03	6.145
0	1	0	17	20	0	0	3.44	3.65	3.545
0	1	3	9	3	0	0	2.22	2.41	2.3150000000000004
0	1	0	9	27	0	0	3.63	3.8	3.715
0	1	0	13	28	0	0	2.05	2.13	2.09
0	1	0	13	33	0	0	4.18	4.35	4.265
0	1	2	25	5	0	0	2.28	2.46	2.37
0	1	0	32	22	0	0	6.77	6.43	6.6
0	1	1	3	26	0	0	4.23	4.41	4.32
0	1	1	14	25	0	0	4.36	4.55	4.455
0	1	0	12	24	0	0	3.89	4.06	3.9749999999999996
0	1	0	23	23	0	0	4.35	4.44	4.395
0	1	0	24	20	0	0	4.62	4.81	4.715
0	1	0	18	26	0	0	10.21	10.39	10.3
0	1	0	17	26	0	0	1.68	1.53	1.605
0	1	0	27	30	0	0	2.21	2.43	2.3200000000000003
0	1	0	15	33	0	0	1.67	1.71	1.69
0	1	1	6	32	0	0	2.88	3.03	2.955
0	1	1	13	29	0	0	3.45	3.63	3.54
0	1	0	23	24	0	0	5.58	5.32	5.45
0	1	0	23	20	0	0	4.8	5.0	4.9
0	1	0	33	33	0	0	4.79	4.96	4.875
0	1	0	19	19	0	0	2.84	2.99	2.915
0	1	2	28	19	0	0	3.82	4.0	3.91
0	1	2	21	0	0	0	2.81	2.99	2.9000000000000004
0	1	2	15	17	0	0	2.43	2.65	2.54
0	1	0	10	32	0	0	4.28	4.41	4.345000000000001
0	1	0	23	28	0	0	3.36	3.54	3.45
0	1	0	24	19	0	0	3.44	3.6	3.52
0	1	0	30	30	0	0	6.18	5.76	5.97
0	1	0	18	21	0	0	4.11	4.27	4.1899999999999995
0	1	0	33	31	0	0	7.13	6.93	7.029999999999999
0	1	0	29	15	0	0	3.09	3.29	3.19
0	1	0	29	23	0	0	2.53	2.35	2.44
0	1	0	29	6	0	0	5.24	5.4	5.32
0	1	0	15	29	0	0	7.72	7.31	7.515
0	1	2	9	4	0	0	2.39	2.59	2.49
0	1	1	4	31	0	0	3.78	3.97	3.875
0	1	1	16	15	0	0	7.86	8.04	7.949999999999999
0	1	1	3	25	0	0	7.31	7.5	7.404999999999999
0	1	2	28	6	0	0	2.51	2.68	2.5949999999999998
0	1	0	10	23	0	0	6.03	6.34	6.1850000000000005
0	1	2	21	3	0	0	4.16	4.37	4.265000000000001
0	1	0	16	21	0	0	4.47	4.58	4.525
0	1	0	18	20	0	0	8.58	7.92	8.25
0	1	2	16	6	0	0	3.05	3.25	3.15
0	1	2	15	6	0	0	5.63	5.82	5.725
0	1	0	16	24	0	0	4.55	4.64	4.595
0	1	1	3	22	0	0	7.65	7.85	7.75
0	1	0	19	28	0	0	3.68	3.86	3.77
0	1	2	28	0	0	0	4.24	4.43	4.335
0	1	2	18	14	0	0	4.05	4.28	4.165
0	1	0	25	24	0	0	4.87	4.72	4.795
0	1	0	22	30	0	0	4.16	4.35	4.255
0	1	0	32	33	0	0	4.53	4.71	4.62
0	1	0	22	31	0	0	2.69	2.71	2.7
0	1	2	24	4	0	0	2.74	2.92	2.83
0	1	1	21	8	0	0	6.2	6.39	6.295
0	1	2	8	12	0	0	4.0	4.17	4.085
0	1	3	5	13	0	0	2.78	2.99	2.885
0	1	1	13	14	0	0	5.86	6.05	5.955
0	1	1	14	15	0	0	8.26	8.44	8.35
0	1	0	7	20	0	0	5.37	5.05	5.21
0	1	1	6	27	0	0	5.93	6.11	6.02
0	1	0	17	21	0	0	4.33	4.5	4.415
0	1	0	29	26	0	0	5.22	5.54	5.38
0	1	1	21	9	0	0	2.89	3.09	2.99
0	1	0	30	32	0	0	5.65	6.19	5.92
0	1	0	8	21	0	0	4.47	4.62	4.545
0	1	0	10	22	0	0	3.58	3.73	3.6550000000000002
0	1	1	4	15	0	0	3.09	3.28	3.1849999999999996
0	1	0	19	31	0	0	2.41	2.58	2.495
0	1	0	9	20	0	0	8.76	8.93	8.844999999999999
0	1	0	10	33	0	0	7.59	7.05	7.32
0	1	0	6	30	0	0	3.3	3.46	3.38
0	1	0	17	30	0	0	5.65	5.41	5.53
0	1	0	15	28	0	0	9.74	8.96	9.350000000000001
0	1	0	27	30	0	0	8.26	8.74	8.5
0	1	2	22	1	0	0	4.72	4.95	4.835
0	1	0	15	30	0	0	5.9	5.8	5.85
0	1	0	27	31	0	0	3.32	3.51	3.415
0	1	2	27	17	0	0	2.4	2.27	2.335
0	1	0	9	22	0	0	3.22	3.39	3.305
0	1	0	26	19	0	0	3.93	4.17	4.05
0	1	0	29	27	0	0	4.0	3.97	3.9850000000000003
0	1	2	27	14	0	0	2.04	1.93	1.9849999999999999
0	1	0	23	22	0	0	6.75	6.92	6.835
0	1	0	27	31	0	0	5.91	5.83	5.87
0	1	0	5	24	0	0	6.53	6.07	6.300000000000001
0	1	0	6	31	0	0	8.0	8.45	8.225
0	1	2	25	6	0	0	3.82	4.0	3.91
0	1	1	25	7	0	0	4.33	4.5	4.415
0	1	0	18	32	0	0	1.54	1.66	1.6
0	1	2	16	2	0	0	2.95	3.17	3.06
0	1	0	24	26	0	0	5.17	5.36	5.265000000000001
0	1	1	21	7	0	0	3.47	3.66	3.5650000000000004
0	1	0	11	28	0	0	3.03	2.81	2.92
0	1	2	23	15	0	0	3.31	3.55	3.4299999999999997
0	1	0	22	25	0	0	8.54	8.19	8.364999999999998
0	1	0	26	26	0	0	7.17	6.62	6.895
0	1	0	24	2	0	0	5.56	6.09	5.824999999999999
0	1	0	8	24	0	0	9.69	9.91	9.8
0	1	2	23	28	0	0	3.15	3.36	3.255
0	1	0	29	31	0	0	6.98	7.13	7.055
0	1	2	21	26	0	0	1.87	1.91	1.8900000000000001
0	1	0	31	28	0	0	3.79	4.11	3.95
0	1	0	6	32	0	0	11.13	11.3	11.215
0	1	0	13	6	0	0	12.43	12.59	12.51
0	1	0	9	25	0	0	5.31	5.75	5.529999999999999
0	1	0	21	24	0	0	5.05	5.47	5.26
0	1	2	11	0	0	0	2.25	2.07	2.16
0	1	0	8	22	0	0	10.34	9.84	10.09
0	1	2	11	15	0	0	5.46	5.69	5.575
0	1	2	10	13	0	0	3.99	4.22	4.105
0	1	2	15	5	0	0	2.78	2.98	2.88
0	1	0	30	27	0	0	5.46	5.79	5.625
0	1	1	6	25	0	0	3.24	3.41	3.325
0	1	0	4	33	0	0	3.64	3.97	3.805
0	1	1	8	29	0	0	5.81	5.99	5.9
0	1	0	23	30	0	0	5.16	5.24	5.2
0	1	1	20	25	0	0	4.39	4.58	4.484999999999999
0	1	2	24	1	0	0	4.5	4.72	4.609999999999999
0	1	0	8	19	0	0	6.67	7.32	6.995
0	1	0	7	32	0	0	17.94	18.09	18.015
0	1	1	8	24	0	0	7.99	8.15	8.07
1	1	0	29	33	0	0	13.2	13.97	13.585
1	1	1	10	28	0	0	6.06	6.25	6.154999999999999
1	1	0	19	15	0	0	5.55	5.75	5.65
1	1	0	3	23	0	0	8.81	8.96	8.885000000000002
1	1	0	24	33	0	0	4.99	5.17	5.08
1	1	0	19	31	0	0	2.91	3.08	2.995
1	1	0	11	21	0	0	3.41	3.56	3.4850000000000003
1	1	0	10	24	0	0	8.35	8.5	8.425
1	1	0	6	27	0	0	8.51	8.66	8.585
1	1	0	7	27	0	0	9.57	9.73	9.65
1	1	3	8	3	0	0	4.23	4.43	4.33
1	1	2	15	6	0	0	3.31	3.5	3.4050000000000002
1	1	2	18	3	0	0	3.98	4.2	4.09
1	1	0	22	33	0	0	2.9	3.09	2.995
1	1	2	17	1	0	0	4.83	5.06	4.945
1	1	0	32	28	0	0	7.16	7.33	7.245
1	1	0	27	28	0	0	9.75	9.94	9.844999999999999
1	1	1	5	25	0	0	5.97	6.13	6.05
1	1	1	4	30	0	0	4.09	4.26	4.175
1	1	1	12	25	0	0	8.98	9.15	9.065000000000001
1	1	1	13	14	0	0	8.09	7.45	7.77
1	1	0	13	24	0	0	10.45	10.6	10.524999999999999
1	1	1	11	15	0	0	2.68	2.85	2.765
1	1	0	11	22	0	0	4.07	4.23	4.15
1	1	0	34	21	0	0	4.15	4.31	4.23
1	1	2	24	30	0	0	5.75	5.94	5.845000000000001
1	1	0	26	23	0	0	9.06	9.22	9.14
1	1	0	29	15	0	0	6.36	6.14	6.25
1	1	2	7	2	0	0	4.23	4.45	4.34
1	1	0	31	27	0	0	5.3	5.48	5.390000000000001
1	1	0	26	20	0	0	11.17	11.36	11.265
1	1	0	26	31	0	0	13.79	15.07	14.43
1	1	2	15	2	0	0	4.13	4.34	4.234999999999999
1	1	2	22	2	0	0	1.6	1.54	1.57
1	1	0	10	22	0	0	5.94	6.07	6.005000000000001
1	1	1	32	32	0	0	5.43	5.58	5.505
1	1	2	20	2	0	0	2.83	2.94	2.885
1	1	0	16	28	0	0	2.38	2.56	2.4699999999999998
1	1	0	17	32	0	0	14.88	16.1	15.490000000000002
1	1	0	12	12	0	0	7.77	8.1	7.935
1	1	2	14	0	0	0	8.83	9.03	8.93
1	1	0	3	31	0	0	8.82	8.33	8.575
1	1	1	21	1	0	0	11.42	11.6	11.51
1	1	2	17	1	0	0	2.5	2.37	2.435
1	1	2	18	20	0	0	10.46	10.68	10.57
1	1	2	19	23	0	0	4.1	3.69	3.8949999999999996
1	1	2	25	19	0	0	12.11	12.29	12.2
1	1	2	24	4	0	0	6.75	6.92	6.835
1	1	3	7	7	0	0	6.73	6.95	6.84
1	1	0	33	28	0	0	10.58	10.76	10.67
1	1	0	20	26	0	0	4.78	4.96	4.87
1	1	0	34	32	0	0	8.05	7.36	7.705
1	1	2	30	3	0	0	6.12	6.33	6.225
1	1	2	22	3	0	0	2.15	2.18	2.165
1	1	0	33	5	0	0	15.92	15.66	15.79
1	1	0	20	26	0	0	2.23	2.41	2.3200000000000003
1	1	0	4	28	0	0	10.11	10.27	10.19
1	1	2	11	20	0	0	1.96	1.81	1.885
1	1	0	16	30	0	0	15.49	16.81	16.15
1	1	2	33	5	0	0	3.5	3.68	3.59
1	1	0	17	22	0	0	10.23	10.39	10.31
1	1	2	23	21	0	0	5.98	6.18	6.08
1	1	2	20	4	0	0	5.69	5.87	5.78
1	1	0	19	32	0	0	5.89	5.8	5.845
1	1	0	19	31	0	0	5.62	5.26	5.4399999999999995
1	1	2	26	4	0	0	5.96	6.14	6.05
1	1	2	20	16	0	0	4.71	4.91	4.8100000000000005
1	1	0	32	23	0	0	6.62	6.77	6.695
1	1	0	33	27	0	0	4.61	4.79	4.7
1	1	2	31	15	0	0	3.87	4.19	4.03
1	1	1	12	15	0	0	6.76	6.94	6.85
1	1	1	13	30	0	0	7.26	6.87	7.0649999999999995
1	1	2	19	2	0	0	5.75	5.97	5.859999999999999
1	1	0	22	33	0	0	4.23	4.42	4.325
1	1	0	20	31	0	0	8.33	7.94	8.135
1	1	1	26	8	0	0	11.99	12.18	12.085
1	1	1	31	21	0	0	11.63	11.8	11.715
1	1	0	29	30	0	0	5.16	5.34	5.25
1	1	2	25	0	0	0	8.57	8.76	8.665
1	1	0	26	24	0	0	5.47	5.63	5.55
1	1	0	25	23	0	0	16.99	17.15	17.07
1	1	2	30	14	0	0	5.43	5.65	5.54
1	1	0	30	30	0	0	6.45	6.6	6.525
1	1	2	3	5	0	0	2.91	3.03	2.9699999999999998
1	1	0	30	29	0	0	11.45	11.63	11.54
1	1	0	15	30	0	0	3.55	3.73	3.6399999999999997
1	1	0	16	19	0	0	2.68	2.84	2.76
1	1	0	29	25	0	0	12.38	12.87	12.625
1	1	1	25	30	0	0	3.07	3.25	3.16
1	1	2	17	5	0	0	2.89	2.89	2.89
1	1	0	24	32	0	0	9.87	8.99	9.43
1	1	0	8	4	0	0	7.03	7.22	7.125
1	1	0	9	29	0	0	11.44	12.54	11.989999999999998
1	1	0	10	6	0	0	7.16	7.33	7.245
1	1	0	22	29	0	0	7.8	8.24	8.02
1	1	1	26	32	0	0	9.58	9.75	9.665
1	1	0	31	26	0	0	11.11	10.06	10.585
1	1	0	29	27	0	0	6.97	7.14	7.055
1	1	2	21	5	0	0	3.7	3.88	3.79
1	1	0	17	26	0	0	8.54	8.51	8.524999999999999
1	1	3	14	20	0	0	2.59	2.57	2.58
1	1	0	18	22	0	0	4.08	4.24	4.16
1	1	0	24	26	0	0	4.88	4.91	4.895
1	1	2	23	14	0	0	3.66	3.91	3.785
1	1	0	25	5	0	0	11.81	11.62	11.715
1	1	0	32	4	0	0	6.47	7.0	6.734999999999999
1	1	0	9	29	0	0	2.88	3.05	2.965
1	1	2	22	6	0	0	6.43	6.62	6.525
1	1	1	20	28	0	0	5.71	5.93	5.82
1	1	0	4	5	0	0	9.32	8.73	9.025
1	1	0	22	23	0	0	4.72	5.1	4.91
1	1	2	25	3	0	0	1.99	2.0	1.995
1	1	2	20	26	0	0	4.19	4.08	4.135
1	1	2	21	0	0	0	4.35	4.55	4.449999999999999
1	1	2	15	24	0	0	8.64	8.84	8.74
1	1	1	18	30	0	0	7.68	7.85	7.765
1	1	0	20	26	0	0	12.87	12.67	12.77
1	1	0	16	26	0	0	10.14	9.49	9.815000000000001
1	1	1	4	4	0	0	8.26	8.43	8.344999999999999
1	1	0	12	24	0	0	9.98	10.3	10.14
1	1	0	18	33	0	0	5.52	5.69	5.605
1	1	0	26	24	0	0	13.17	11.97	12.57
1	1	0	5	25	0	0	3.91	4.09	4.0
1	1	2	33	14	0	0	1.79	1.9	1.845
1	1	2	11	1	0	0	10.41	10.63	10.52
1	1	0	34	33	0	0	9.78	10.17	9.975
1	1	2	31	0	0	0	4.28	4.48	4.380000000000001
1	1	0	27	26	0	0	10.0	9.96	9.98
1	1	2	22	1	0	0	2.09	2.21	2.15
1	1	0	24	21	0	0	13.69	13.05	13.370000000000001
1	1	0	29	23	0	0	16.63	16.42	16.525
1	1	0	12	30	0	0	8.63	7.98	8.305
1	1	0	29	30	0	0	9.71	9.96	9.835
1	1	2	14	3	0	0	4.48	4.69	4.585000000000001
1	1	0	34	33	0	0	11.24	11.29	11.265
1	1	1	4	25	0	0	11.84	12.02	11.93
1	1	0	27	29	0	0	11.13	10.18	10.655000000000001
2	1	0	13	33	0	0	3.63	3.34	3.485
2	1	0	26	32	0	0	8.15	8.32	8.235
2	1	1	12	31	0	0	6.01	6.19	6.1
2	1	0	5	26	0	0	12.92	13.1	13.01
2	1	0	30	30	0	0	3.92	4.07	3.995
2	1	0	27	28	0	0	10.06	10.24	10.15
2	1	2	6	3	0	0	2.25	2.22	2.2350000000000003
2	1	0	18	29	0	0	11.83	11.99	11.91
2	1	1	20	16	0	0	8.59	8.79	8.69
2	1	2	19	6	0	0	4.33	4.52	4.425
2	1	0	33	25	0	0	13.26	12.74	13.0
2	1	0	34	26	0	0	12.55	13.45	13.0
2	1	0	22	15	0	0	19.06	19.26	19.16
2	1	0	16	31	0	0	3.16	3.4	3.2800000000000002
2	1	0	30	29	0	0	7.21	7.38	7.295
2	1	0	7	27	0	0	6.33	6.36	6.345000000000001
2	1	0	9	22	0	0	7.24	7.39	7.3149999999999995
2	1	0	6	19	0	0	9.34	8.87	9.105
2	1	0	4	21	0	0	4.11	4.26	4.1850000000000005
2	1	1	9	1	0	0	5.0	5.18	5.09
2	1	0	4	5	0	0	12.46	12.64	12.55
2	1	0	6	23	0	0	21.1	21.25	21.175
2	1	2	10	0	0	0	4.22	4.41	4.3149999999999995
2	1	2	20	14	0	0	3.34	3.56	3.45
2	1	0	20	32	0	0	8.26	8.43	8.344999999999999
2	1	0	23	31	0	0	8.13	8.31	8.22
2	1	3	10	2	0	0	7.05	7.27	7.16
2	1	2	12	5	0	0	3.68	3.87	3.7750000000000004
2	1	1	12	20	0	0	8.04	8.24	8.14
2	1	0	27	15	0	0	11.14	11.34	11.24
2	1	1	4	12	0	0	9.57	9.75	9.66
2	1	0	11	28	0	0	8.47	8.63	8.55
2	1	0	27	31	0	0	7.62	7.81	7.715
2	1	1	30	27	0	0	5.67	5.85	5.76
2	1	0	3	21	0	0	8.24	8.39	8.315000000000001
2	1	1	8	2	0	0	15.99	16.16	16.075
2	1	2	12	0	0	0	5.1	5.3	5.199999999999999
2	1	2	33	3	0	0	4.16	4.36	4.26
2	1	0	17	31	0	0	8.39	8.58	8.485
2	1	2	32	3	0	0	4.19	4.39	4.29
2	1	1	4	13	0	0	9.52	9.7	9.61
2	1	0	23	31	0	0	5.49	5.68	5.585
2	1	0	22	32	0	0	11.14	11.34	11.24
2	1	2	8	6	0	0	5.57	5.76	5.665
2	1	3	9	2	0	0	2.68	2.87	2.7750000000000004
2	1	0	27	33	0	0	22.86	23.05	22.955
2	1	2	31	5	0	0	5.0	4.6	4.8
2	1	0	19	33	0	0	3.29	3.48	3.385
2	1	2	13	4	0	0	6.48	6.66	6.57
2	1	0	21	7	0	0	7.27	7.01	7.14
2	1	2	11	18	0	0	4.65	4.84	4.745
2	1	0	31	27	0	0	3.69	3.85	3.77
2	1	1	17	11	0	0	13.58	13.75	13.665
2	1	0	34	29	0	0	10.51	9.51	10.01
2	1	0	10	32	0	0	13.0	13.16	13.08
2	1	0	26	27	0	0	8.63	8.79	8.71
2	1	2	20	1	0	0	5.03	5.22	5.125
2	1	2	22	6	0	0	4.37	4.56	4.465
2	1	0	25	31	0	0	7.86	7.45	7.655
2	1	0	27	32	0	0	11.18	10.7	10.94
2	1	0	20	23	0	0	6.95	6.48	6.715
2	1	0	29	32	0	0	9.15	9.32	9.235
2	1	2	23	2	0	0	2.42	2.49	2.455
2	1	2	30	2	0	0	3.58	3.79	3.685
2	1	1	23	11	0	0	10.13	10.31	10.22
2	1	0	12	33	0	0	7.23	7.13	7.18
2	1	0	20	29	0	0	6.21	6.38	6.295
2	1	2	20	1	0	0	7.05	7.27	7.16
2	1	2	30	2	0	0	4.52	4.72	4.619999999999999
2	1	0	9	28	0	0	11.8	11.37	11.585
2	1	2	20	1	0	0	9.84	10.07	9.955
2	1	0	13	33	0	0	6.42	6.58	6.5
2	1	0	10	28	0	0	11.89	11.97	11.93
2	1	2	13	3	0	0	6.72	6.94	6.83
2	1	2	32	0	0	0	6.72	6.91	6.8149999999999995
2	1	2	13	2	0	0	3.29	3.51	3.4
2	1	0	25	23	0	0	10.6	10.55	10.575
2	1	0	26	28	0	0	12.09	12.05	12.07
2	1	0	6	25	0	0	4.56	4.74	4.65
2	1	0	22	28	0	0	6.27	6.46	6.365
2	1	2	3	0	0	0	11.39	11.6	11.495000000000001
2	1	2	24	6	0	0	5.98	6.17	6.075
2	1	1	12	21	0	0	6.14	6.31	6.225
2	1	0	25	26	0	0	10.38	9.47	9.925
2	1	3	3	27	0	0	2.25	2.43	2.34
2	1	2	21	4	0	0	3.88	4.06	3.9699999999999998
2	1	0	20	29	0	0	4.26	4.43	4.345
2	1	2	24	17	0	0	3.57	3.79	3.6799999999999997
2	1	0	6	25	0	0	6.31	6.49	6.4
2	1	3	3	1	0	0	4.73	4.97	4.85
2	1	2	28	0	0	0	3.62	3.81	3.715
2	1	2	26	4	0	0	5.69	5.21	5.45
2	1	2	32	3	0	0	6.69	6.89	6.79
2	1	0	23	27	0	0	4.56	4.74	4.65
2	1	1	25	24	0	0	13.08	13.26	13.17
2	1	2	28	2	0	0	6.13	5.89	6.01
2	1	2	7	0	0	0	4.09	3.71	3.9
2	1	2	8	0	0	0	6.13	6.32	6.225
2	1	1	8	31	0	0	9.52	9.71	9.615
2	1	2	13	8	0	0	3.51	3.77	3.6399999999999997
2	1	0	25	32	0	0	4.37	4.55	4.46
2	1	0	10	27	0	0	7.71	8.04	7.875
2	1	0	13	23	0	0	9.3	10.05	9.675
2	1	1	5	33	0	0	5.05	5.2	5.125
2	1	2	12	19	0	0	6.44	6.31	6.375
2	1	2	12	6	0	0	4.2	4.56	4.38
2	1	2	28	4	0	0	5.77	5.95	5.859999999999999
2	1	2	29	5	0	0	5.93	6.12	6.025
2	1	2	29	7	0	0	6.05	6.63	6.34
2	1	0	20	10	0	0	7.08	7.43	7.255
2	1	0	30	29	0	0	8.2	7.88	8.04
2	1	3	16	1	0	0	6.93	7.16	7.045
2	1	0	3	21	0	0	7.43	7.12	7.275
2	1	2	18	4	0	0	7.11	7.3	7.205
2	1	0	24	26	0	0	12.0	12.25	12.125
2	1	0	31	29	0	0	9.9	10.35	10.125
2	1	3	5	3	0	0	19.97	20.19	20.08
2	1	1	7	24	0	0	16.14	16.3	16.22
2	1	0	33	33	0	0	10.16	10.28	10.219999999999999
2	1	0	27	31	0	0	15.73	15.91	15.82
2	1	2	27	1	0	0	4.33	4.43	4.38
2	1	1	12	20	0	0	5.08	5.28	5.18
2	1	2	28	4	0	0	4.5	4.51	4.505
2	1	0	16	25	0	0	12.63	12.19	12.41
2	1	2	12	6	0	0	3.52	3.69	3.605
2	1	2	3	21	0	0	6.23	6.23	6.23
2	1	2	28	3	0	0	3.72	3.91	3.8150000000000004
2	1	2	8	0	0	0	2.21	2.41	2.31
2	1	2	23	3	0	0	5.11	4.69	4.9
2	1	3	4	13	0	0	2.24	2.45	2.345
2	1	0	30	30	0	0	5.6	5.74	5.67
2	1	0	12	33	0	0	12.78	12.81	12.795
2	1	0	21	25	0	0	8.66	8.21	8.435
2	1	2	20	20	0	0	8.2	8.38	8.29
2	1	2	23	4	0	0	5.5	5.31	5.404999999999999
2	1	0	17	32	0	0	5.92	6.11	6.015000000000001
2	1	0	19	33	0	0	13.09	12.96	13.025
2	1	2	8	18	0	0	6.63	6.42	6.525
2	1	2	9	17	0	0	5.48	5.73	5.605
2	1	2	30	1	0	0	2.87	2.66	2.765
2	1	0	6	27	0	0	8.38	8.37	8.375
2	1	0	18	27	0	0	12.1	13.26	12.68
2	1	0	34	31	0	0	7.93	7.24	7.585
2	1	3	8	31	0	0	4.62	4.84	4.73
2	1	0	25	24	0	0	7.88	7.58	7.73
2	1	0	12	27	0	0	3.38	3.55	3.465
2	1	1	4	22	0	0	5.62	5.82	5.720000000000001
2	1	0	22	23	0	0	9.8	8.83	9.315000000000001
2	1	1	28	27	0	0	11.75	11.93	11.84
2	1	1	27	13	0	0	10.8	10.98	10.89
2	1	2	33	2	0	0	7.05	7.02	7.035
2	1	0	27	29	0	0	12.3	12.27	12.285
2	1	0	33	32	0	0	13.04	12.49	12.765
2	1	2	19	6	0	0	4.22	4.41	4.3149999999999995
2	1	0	3	29	0	0	8.62	8.55	8.585
2	1	0	4	33	0	0	7.85	8.13	7.99
2	1	0	22	23	0	0	12.14	13.21	12.675
2	1	1	3	1	0	0	7.56	7.9	7.73
2	1	3	20	8	0	0	5.94	6.11	6.025
2	1	3	3	4	0	0	8.73	8.97	8.850000000000001
3	1	0	12	28	0	0	12.7	12.5	12.6
3	1	0	16	26	0	0	10.31	10.49	10.4
3	1	1	8	3	0	0	11.74	11.93	11.835
3	1	0	16	27	0	0	7.42	7.59	7.505
3	1	2	28	19	0	0	6.1	6.28	6.1899999999999995
3	1	2	31	20	0	0	6.89	7.1	6.994999999999999
3	1	0	26	28	0	0	5.07	5.24	5.155
3	1	0	24	27	0	0	8.41	8.58	8.495000000000001
3	1	2	18	3	0	0	3.08	3.3	3.19
3	1	1	15	24	0	0	9.01	9.18	9.094999999999999
3	1	2	25	21	0	0	9.39	9.55	9.47
3	1	0	7	22	0	0	10.56	10.71	10.635000000000002
3	1	3	3	7	0	0	3.84	3.84	3.84
3	1	3	4	8	0	0	8.69	8.88	8.785
3	1	2	31	5	0	0	7.9	8.1	8.0
3	1	0	23	24	0	0	3.52	3.69	3.605
3	1	0	9	29	0	0	12.34	11.82	12.08
3	1	0	30	28	0	0	11.65	12.14	11.895
3	1	3	14	7	0	0	4.9	5.14	5.02
3	1	0	12	26	0	0	14.41	14.6	14.504999999999999
3	1	1	8	31	0	0	15.0	15.18	15.09
3	1	2	10	22	0	0	1.93	2.12	2.025
3	1	0	29	25	0	0	6.69	6.88	6.785
3	1	0	8	28	0	0	7.95	8.11	8.03
3	1	2	30	2	0	0	3.22	3.44	3.33
3	1	0	19	2	0	0	9.61	9.79	9.7
3	1	0	17	3	0	0	7.61	7.45	7.53
3	1	2	8	17	0	0	8.42	8.62	8.52
3	1	0	19	20	0	0	6.76	6.96	6.859999999999999
3	1	3	11	1	0	0	7.07	7.32	7.195
3	1	0	17	21	0	0	9.68	9.85	9.765
3	1	0	6	30	0	0	5.84	6.0	5.92
3	1	2	19	3	0	0	5.58	5.8	5.6899999999999995
3	1	0	33	20	0	0	3.75	3.95	3.85
3	1	2	5	9	0	0	8.19	8.4	8.295
3	1	3	8	8	0	0	4.65	4.81	4.73
3	1	2	5	13	0	0	7.49	7.69	7.59
3	1	0	33	26	0	0	7.48	7.8	7.640000000000001
3	1	0	25	33	0	0	11.97	10.87	11.42
3	1	2	14	0	0	0	14.71	14.91	14.81
3	1	2	28	0	0	0	6.5	6.68	6.59
3	1	2	23	3	0	0	6.35	6.64	6.494999999999999
3	1	2	24	4	0	0	5.66	5.15	5.405
3	1	0	24	27	0	0	10.39	10.55	10.47
3	1	2	12	8	0	0	6.72	6.96	6.84
3	1	2	26	1	0	0	4.97	5.12	5.045
3	1	1	18	17	0	0	6.5	6.66	6.58
3	1	0	31	27	0	0	10.68	10.72	10.7
3	1	0	32	22	0	0	10.56	9.82	10.190000000000001
3	1	0	30	24	0	0	3.95	4.11	4.03
3	1	0	32	27	0	0	9.67	10.36	10.015
3	1	0	25	30	0	0	16.25	14.89	15.57
3	1	0	17	33	0	0	2.12	2.3	2.21
3	1	0	32	29	0	0	7.4	7.66	7.53
3	1	2	27	5	0	0	9.14	9.35	9.245000000000001
3	1	0	27	31	0	0	7.87	7.56	7.715
3	1	0	34	24	0	0	11.36	11.53	11.445
3	1	2	15	6	0	0	5.89	6.09	5.99
3	1	2	21	17	0	0	4.9	5.19	5.045
3	1	2	26	0	0	0	6.91	7.1	7.005
3	1	2	12	2	0	0	13.02	13.24	13.129999999999999
3	1	0	25	33	0	0	8.18	8.07	8.125
3	1	2	21	5	0	0	7.79	7.97	7.88
3	1	0	29	26	0	0	8.78	8.37	8.575
3	1	3	6	15	0	0	7.99	8.2	8.094999999999999
3	1	1	28	11	0	0	9.16	9.32	9.24
3	1	1	29	33	0	0	8.23	7.57	7.9
3	1	2	27	1	0	0	2.63	2.86	2.745
3	1	2	26	1	0	0	5.45	5.97	5.71
3	1	0	19	25	0	0	3.37	3.57	3.4699999999999998
3	1	0	20	30	0	0	4.13	4.32	4.225
3	1	2	6	4	0	0	8.96	9.15	9.055
3	1	0	22	22	0	0	5.89	6.05	5.97
3	1	0	33	24	0	0	8.39	8.56	8.475000000000001
3	1	0	16	28	0	0	13.91	13.78	13.844999999999999
3	1	2	19	3	0	0	14.47	14.69	14.58
3	1	2	23	3	0	0	2.6	2.83	2.715
3	1	0	30	23	0	0	14.83	14.08	14.455
3	1	1	12	19	0	0	13.71	13.88	13.795000000000002
3	1	0	24	29	0	0	2.78	2.94	2.86
3	1	0	4	29	0	0	10.22	10.38	10.3
3	1	2	31	22	0	0	11.21	11.41	11.31
3	1	2	12	3	0	0	6.5	6.69	6.595000000000001
3	1	2	26	0	0	0	7.97	8.16	8.065
3	1	2	23	4	0	0	4.07	4.27	4.17
3	1	1	3	20	0	0	10.76	10.97	10.865
3	1	0	3	21	0	0	10.11	10.27	10.19
3	1	0	4	30	0	0	17.48	18.63	18.055
3	1	2	14	21	0	0	2.79	2.56	2.675
3	1	2	19	6	0	0	3.41	3.6	3.505
3	1	3	19	7	0	0	8.77	9.06	8.915
3	1	3	4	2	0	0	8.83	9.04	8.934999999999999
3	1	2	22	1	0	0	2.5	2.72	2.6100000000000003
3	1	2	25	4	0	0	9.9	10.07	9.985
3	1	0	31	22	0	0	10.17	10.32	10.245000000000001
3	1	2	20	3	0	0	4.97	4.65	4.8100000000000005
3	1	2	25	4	0	0	11.86	12.04	11.95
3	1	2	34	2	4	4	38.4	35.84	37.120000000000005
3	1	2	29	6	0	0	8.7	8.22	8.46
3	1	0	22	31	0	0	6.26	6.45	6.355
3	1	2	27	3	0	0	7.23	7.45	7.34
3	1	3	13	33	0	0	3.75	3.96	3.855
3	1	1	8	33	0	0	13.98	14.13	14.055
3	1	0	8	33	0	0	14.44	15.01	14.725
3	1	0	29	32	0	0	14.3	14.59	14.445
3	1	2	23	16	0	0	9.58	10.24	9.91
3	1	2	24	4	0	0	11.19	11.41	11.3
3	1	0	15	19	0	0	8.73	9.18	8.955
3	1	0	16	26	0	0	13.64	14.48	14.06
3	1	2	23	0	0	0	4.04	4.26	4.15
3	1	0	24	23	0	0	3.95	4.11	4.03
3	1	3	27	0	0	0	13.67	13.9	13.785
3	1	2	33	3	0	0	3.5	3.71	3.605
3	1	1	6	30	0	0	3.74	3.91	3.825
3	1	1	5	20	0	0	10.86	11.04	10.95
3	1	1	4	21	0	0	9.11	9.27	9.19
3	1	0	19	30	0	0	4.24	4.42	4.33
3	1	0	30	21	0	0	4.96	5.12	5.04
3	1	2	9	29	0	0	7.39	7.56	7.475
3	1	0	9	19	0	0	12.12	11.81	11.965
3	1	0	17	24	0	0	4.93	5.11	5.02
3	1	2	24	4	0	0	3.9	4.08	3.99
3	1	0	7	31	0	0	8.96	9.11	9.035
3	1	0	24	30	0	0	6.77	7.05	6.91
3	1	2	12	2	0	0	11.89	12.12	12.004999999999999
3	1	0	11	25	0	0	13.61	13.84	13.725
3	1	2	31	3	0	0	7.05	6.65	6.85
3	1	2	32	4	0	0	6.46	6.33	6.395
3	1	0	19	23	0	0	5.79	5.6	5.695
3	1	0	18	27	0	0	15.68	16.43	16.055
3	1	2	17	19	0	0	5.43	5.64	5.535
3	1	2	15	4	0	0	5.5	5.61	5.555
3	1	2	23	4	0	0	6.41	6.61	6.51
3	1	0	29	33	0	0	5.72	5.9	5.8100000000000005
3	1	0	19	32	0	0	5.0	5.18	5.09
3	1	0	7	29	0	0	17.34	17.64	17.490000000000002
3	1	0	9	15	0	0	11.95	12.32	12.135
3	1	2	21	6	0	0	2.83	2.99	2.91
3	1	0	9	29	0	0	9.52	9.89	9.705
4	1	0	17	29	0	0	13.28	13.91	13.594999999999999
4	1	2	9	9	0	0	3.44	3.61	3.525
4	1	2	14	8	0	0	4.36	4.6	4.48
4	1	0	25	26	0	0	8.22	8.41	8.315000000000001
4	1	0	9	29	0	0	4.76	4.98	4.87
4	1	0	8	33	0	0	8.87	9.03	8.95
4	1	1	8	25	0	0	10.84	11.02	10.93
4	1	2	26	15	0	0	8.2	8.4	8.3
4	1	2	13	3	0	0	11.78	11.99	11.885
4	1	2	30	17	0	0	8.5	8.73	8.615
4	1	0	33	30	0	0	13.73	13.23	13.48
4	1	1	12	12	0	0	16.46	16.61	16.535
4	1	2	21	29	0	0	7.7	7.89	7.795
4	1	2	12	5	0	0	9.98	10.17	10.075
4	1	0	13	30	0	0	7.91	8.07	7.99
4	1	3	31	32	0	0	10.1	10.3	10.2
4	1	2	32	0	0	0	11.95	12.13	12.04
4	1	0	21	20	0	0	19.01	19.21	19.11
4	1	0	5	23	0	0	8.49	8.64	8.565000000000001
4	1	1	5	4	0	0	9.28	9.46	9.370000000000001
4	1	2	8	4	0	0	4.34	4.52	4.43
4	1	0	12	19	0	0	13.05	12.35	12.7
4	1	2	28	20	0	0	5.75	5.95	5.85
4	1	0	9	11	0	0	15.75	15.91	15.83
4	1	0	11	30	0	0	10.78	10.94	10.86
4	1	0	32	30	0	0	11.28	11.45	11.364999999999998
4	1	1	6	2	0	0	12.05	12.22	12.135000000000002
4	1	0	30	29	0	0	3.75	3.92	3.835
4	1	0	15	30	0	0	11.21	11.39	11.3
4	1	2	6	9	0	0	5.41	5.64	5.525
4	1	3	3	1	0	0	5.1	5.33	5.215
4	1	0	25	23	0	0	9.63	9.79	9.71
4	1	0	27	29	0	0	16.83	17.01	16.92
4	1	0	20	5	0	0	11.52	11.69	11.605
4	1	1	10	15	0	0	4.19	4.16	4.175000000000001
4	1	1	9	27	0	0	10.59	10.76	10.675
4	1	0	21	30	0	0	6.72	6.9	6.8100000000000005
4	1	1	12	30	0	0	5.79	5.96	5.875
4	1	0	23	26	0	0	9.99	10.18	10.085
4	1	0	19	29	0	0	3.8	3.98	3.8899999999999997
4	1	0	24	30	0	0	12.21	11.44	11.825
4	1	0	18	31	0	0	7.88	8.04	7.959999999999999
4	1	2	26	29	0	0	7.23	6.92	7.075
4	1	2	27	4	0	0	6.72	6.08	6.4
4	1	1	12	17	0	0	8.46	8.62	8.54
4	1	0	25	20	0	0	5.52	5.7	5.609999999999999
4	1	2	8	3	0	0	5.9	5.97	5.9350000000000005
4	1	0	18	32	0	0	10.05	10.22	10.135000000000002
4	1	2	21	23	0	0	14.23	14.43	14.33
4	1	0	24	31	0	0	7.64	7.8	7.72
4	1	0	22	32	0	0	9.47	9.66	9.565000000000001
4	1	0	32	24	0	0	9.47	9.06	9.265
4	1	0	25	32	0	0	7.76	7.93	7.845
4	1	0	33	30	0	0	6.49	6.68	6.585
4	1	0	13	22	0	0	13.64	13.79	13.715
4	1	2	23	30	0	0	6.88	7.42	7.15
4	1	0	25	32	0	0	11.27	11.2	11.235
4	1	2	27	0	0	0	7.27	7.09	7.18
4	1	2	24	2	0	0	5.75	5.23	5.49
4	1	2	20	1	0	0	10.38	10.6	10.49
4	1	2	22	0	0	0	5.01	5.46	5.234999999999999
4	1	0	24	31	0	0	11.04	11.5	11.27
4	1	0	24	30	0	0	7.92	8.09	8.004999999999999
4	1	0	22	26	0	0	3.59	3.78	3.6849999999999996
4	1	2	28	5	0	0	10.15	10.35	10.25
4	1	2	5	9	0	0	6.2	6.4	6.300000000000001
4	1	0	10	14	0	0	8.45	8.63	8.54
4	1	2	32	2	0	0	7.41	7.1	7.255
4	1	2	29	16	0	0	3.93	4.12	4.025
4	1	2	30	3	0	0	7.28	7.21	7.245
4	1	2	23	3	0	0	5.25	5.12	5.1850000000000005
4	1	0	16	19	0	0	11.32	10.95	11.135
4	1	0	11	28	0	0	20.14	20.3	20.22
4	1	2	4	2	0	0	7.16	7.61	7.385
4	1	0	15	33	0	0	9.84	9.65	9.745000000000001
4	1	0	15	31	0	0	4.8	4.59	4.695
4	1	0	12	12	0	0	19.99	20.16	20.075
4	1	0	11	19	0	0	12.84	12.97	12.905000000000001
4	1	0	12	29	0	0	10.33	10.02	10.175
4	1	0	4	26	0	0	7.03	7.2	7.115
4	1	2	28	0	0	0	4.93	5.2	5.0649999999999995
4	1	2	29	6	0	0	5.0	5.41	5.205
4	1	0	20	26	0	0	4.43	4.38	4.404999999999999
4	1	1	6	17	0	0	7.48	7.63	7.555
4	1	2	27	13	0	0	5.21	4.69	4.95
4	1	0	16	22	0	0	6.8	6.97	6.885
4	1	2	32	5	0	0	11.83	12.01	11.92
4	1	0	23	24	0	0	4.19	4.17	4.18
4	1	0	26	32	0	0	10.38	10.55	10.465
4	1	0	8	32	0	0	13.81	13.0	13.405000000000001
4	1	1	7	20	0	0	4.99	5.2	5.095000000000001
4	1	2	24	6	0	0	8.74	8.93	8.835
4	1	2	31	17	0	0	6.87	7.5	7.1850000000000005
4	1	0	20	33	0	0	4.0	4.37	4.1850000000000005
4	1	1	9	17	0	0	8.62	8.78	8.7
4	1	2	10	4	0	0	4.48	4.72	4.6
4	1	2	22	11	0	0	4.55	4.83	4.6899999999999995
4	1	0	18	28	0	0	10.66	10.73	10.695
4	1	3	11	0	0	0	13.5	13.75	13.625
4	1	0	10	27	0	0	6.53	6.66	6.595000000000001
4	1	0	5	14	0	0	12.28	12.46	12.370000000000001
4	1	3	22	31	0	0	7.0	7.24	7.12
4	1	0	27	32	0	0	6.1	6.3	6.199999999999999
4	1	2	25	18	0	0	10.0	10.18	10.09
4	1	2	26	19	0	0	6.03	6.23	6.130000000000001
4	1	2	8	3	0	0	11.67	11.88	11.775
4	1	0	31	25	0	0	6.65	6.73	6.69
4	1	0	18	24	0	0	15.29	13.96	14.625
4	1	2	18	4	0	0	11.7	11.88	11.79
4	1	1	10	33	0	0	8.83	8.98	8.905000000000001
4	1	0	24	28	0	0	6.72	6.82	6.77
4	1	0	32	24	0	0	16.64	15.44	16.04
4	1	0	32	26	0	0	7.74	7.92	7.83
4	1	3	5	0	0	0	8.05	8.29	8.17
4	1	2	11	11	0	0	8.49	8.66	8.575
4	1	2	19	28	0	0	2.11	2.29	2.2
4	1	2	19	6	0	0	4.96	5.15	5.055
4	1	2	30	29	0	0	8.25	8.43	8.34
4	1	0	19	31	0	0	7.39	6.88	7.135
4	1	0	24	28	0	0	8.48	8.59	8.535
4	1	1	7	27	0	0	8.83	9.01	8.92
4	1	3	5	10	0	0	8.59	8.77	8.68
4	1	0	20	27	0	0	11.0	11.17	11.085
4	1	1	24	22	0	0	14.3	14.5	14.4
4	1	2	28	16	0	0	11.75	11.93	11.84
4	1	2	23	0	0	0	16.34	16.56	16.45
4	1	2	8	7	0	0	5.45	5.63	5.54
4	1	2	4	26	0	0	7.9	7.35	7.625
4	1	1	31	13	0	0	10.49	10.66	10.575
4	1	3	13	24	0	0	11.49	11.68	11.585
4	1	0	33	31	0	0	12.25	12.44	12.344999999999999
4	1	0	16	28	0	0	8.3	7.57	7.9350000000000005
4	1	0	22	29	0	0	4.56	4.75	4.654999999999999
4	1	0	15	32	0	0	3.38	3.56	3.4699999999999998
4	1	0	32	33	0	0	8.0	8.66	8.33
4	1	0	26	21	0	0	9.21	8.97	9.09
4	1	0	23	32	0	0	5.86	6.05	5.955
4	1	0	24	33	0	0	7.26	7.44	7.35
4	1	3	12	4	0	0	10.53	10.77	10.649999999999999
4	1	1	19	33	0	0	6.87	7.05	6.96
4	1	0	23	28	0	0	7.54	8.16	7.85
4	1	0	29	30	0	0	5.06	5.23	5.145
4	1	0	20	27	0	0	8.01	8.47	8.24
4	1	1	26	28	0	0	8.04	8.45	8.245
4	1	2	24	16	0	0	10.52	10.71	10.615
4	1	2	26	19	0	0	8.49	8.68	8.585
4	1	2	10	4	0	0	9.75	9.94	9.844999999999999
4	1	0	24	32	0	0	10.47	10.64	10.555
4	1	1	18	4	0	0	11.84	12.01	11.925
4	1	0	8	11	0	0	11.54	12.62	12.079999999999998
4	1	0	9	12	0	0	12.45	11.71	12.08
4	1	1	8	20	0	0	18.14	18.34	18.240000000000002
4	1	0	24	31	0	0	6.41	6.57	6.49
4	1	0	10	30	0	0	9.5	9.38	9.440000000000001
4	1	2	4	0	0	0	7.67	7.07	7.37
4	1	0	22	28	0	0	7.47	7.73	7.6
4	1	0	31	5	0	0	11.54	11.69	11.614999999999998
4	1	0	25	26	0	0	12.62	12.81	12.715
4	1	0	26	25	0	0	8.1	8.22	8.16
4	1	1	3	22	0	0	16.92	17.13	17.025
4	1	2	14	1	0	0	11.29	11.51	11.399999999999999
4	1	0	12	25	0	0	2.36	2.55	2.455
4	1	0	25	30	0	0	4.18	4.02	4.1
4	1	0	17	29	0	0	3.43	3.3	3.365
4	1	0	34	30	0	0	10.05	10.23	10.14
4	1	3	8	2	0	0	8.45	8.65	8.55
4	1	2	9	1	0	0	8.52	8.74	8.629999999999999
4	1	0	10	33	0	0	3.86	3.63	3.745
4	1	2	23	0	0	0	12.15	12.37	12.26
5	1	0	22	32	0	0	7.44	7.63	7.535
5	1	0	15	20	0	0	10.2	10.39	10.295
5	1	3	7	7	0	0	7.36	7.58	7.470000000000001
5	1	2	20	0	0	0	15.09	15.28	15.184999999999999
5	1	0	20	28	0	0	10.74	10.91	10.825
5	1	0	24	25	0	0	14.64	14.84	14.74
5	1	0	25	24	0	0	9.43	9.61	9.52
5	1	2	27	18	0	0	9.37	9.57	9.469999999999999
5	1	0	27	25	0	0	7.1	7.31	7.205
5	1	1	11	25	0	0	12.67	12.84	12.754999999999999
5	1	2	10	5	0	0	7.33	7.52	7.425
5	1	1	7	22	0	0	7.53	7.74	7.635
5	1	2	15	3	0	0	8.32	8.53	8.425
5	1	2	17	1	0	0	6.63	6.86	6.745
5	1	0	31	33	0	0	4.29	4.06	4.175
5	1	0	30	27	0	0	11.46	11.62	11.54
5	1	2	20	0	0	0	16.8	17.0	16.9
5	1	2	32	5	0	0	8.06	8.25	8.155000000000001
5	1	0	26	25	0	0	16.58	16.77	16.674999999999997
5	1	2	14	3	0	0	6.68	6.89	6.785
5	1	2	16	6	0	0	6.47	6.68	6.574999999999999
5	1	2	21	6	0	0	6.17	6.35	6.26
5	1	2	22	5	0	0	2.62	2.37	2.495
5	1	3	8	1	0	0	8.62	8.83	8.725
5	1	1	5	25	0	0	10.83	10.99	10.91
5	1	0	24	31	0	0	7.38	7.54	7.46
5	1	0	27	28	0	0	8.78	8.97	8.875
5	1	2	7	2	0	0	6.63	6.47	6.55
5	1	2	8	6	0	0	7.63	7.71	7.67
5	1	2	16	22	0	0	2.59	2.81	2.7
5	1	2	17	6	0	0	11.29	11.49	11.39
5	1	2	29	2	0	0	9.25	9.45	9.35
5	1	3	9	3	0	0	13.11	13.31	13.21
5	1	0	11	24	0	0	18.14	18.29	18.215
5	1	0	29	32	0	0	10.28	10.46	10.370000000000001
5	1	2	18	3	0	0	4.67	4.89	4.779999999999999
5	1	3	14	31	0	0	8.26	8.49	8.375
5	1	2	33	31	0	0	14.89	15.09	14.99
5	1	2	18	5	0	0	4.86	5.05	4.955
5	1	1	6	17	0	0	11.01	11.17	11.09
5	1	1	7	16	0	0	19.19	19.47	19.33
5	1	1	8	16	0	0	11.86	11.26	11.559999999999999
5	1	2	24	4	0	0	15.6	15.79	15.695
5	1	0	16	23	0	0	15.44	15.6	15.52
5	1	0	29	32	0	0	9.88	10.05	9.965
5	1	0	26	32	0	0	7.28	7.45	7.365
5	1	2	27	7	0	0	8.3	7.85	8.075
5	1	0	30	26	0	0	12.08	12.26	12.17
5	1	0	18	2	0	0	10.24	10.39	10.315000000000001
5	1	0	31	25	0	0	6.37	6.56	6.465
5	1	2	18	6	0	0	11.05	11.24	11.145
5	1	2	31	4	0	0	4.6	4.77	4.685
5	1	0	32	30	0	0	8.74	8.91	8.825
5	1	0	20	24	0	0	6.3	6.48	6.390000000000001
5	1	2	8	6	0	0	11.95	12.13	12.04
5	1	2	7	7	0	0	10.43	10.32	10.375
5	1	1	6	15	0	0	8.45	8.62	8.535
5	1	0	22	27	0	0	5.1	5.28	5.1899999999999995
5	1	2	30	1	0	0	7.61	7.83	7.720000000000001
5	1	2	22	0	0	0	6.26	5.88	6.07
5	1	2	11	0	0	0	14.37	14.57	14.469999999999999
5	1	3	3	5	0	0	4.54	4.75	4.645
5	1	3	5	14	0	0	7.32	7.55	7.4350000000000005
5	1	0	9	27	0	0	7.61	7.78	7.695
5	1	0	19	25	0	0	7.07	7.27	7.17
5	1	0	21	3	0	0	14.4	14.59	14.495000000000001
5	1	2	22	2	0	0	3.21	3.19	3.2
5	1	0	27	28	0	0	7.95	7.94	7.945
5	1	0	15	28	0	0	8.14	8.14	8.14
5	1	2	7	11	0	0	13.23	13.42	13.325
5	1	3	22	3	0	0	8.89	9.11	9.0
5	1	0	24	31	0	0	8.79	8.31	8.55
5	1	2	6	18	0	0	7.84	8.5	8.17
5	1	1	5	30	0	0	3.75	3.89	3.8200000000000003
5	1	2	12	4	0	0	5.67	6.13	5.9
5	1	2	32	3	0	0	5.97	5.73	5.85
5	1	0	21	25	0	0	8.5	8.98	8.74
5	1	0	24	24	0	0	7.1	7.23	7.165
5	1	0	25	32	0	0	7.6	7.77	7.685
5	1	2	29	33	0	0	7.59	8.05	7.82
5	1	2	17	4	0	0	7.94	7.77	7.855
5	1	2	8	0	0	0	4.22	4.41	4.3149999999999995
5	1	0	6	31	0	0	7.54	7.48	7.51
5	1	1	4	33	0	0	5.66	5.82	5.74
5	1	0	16	32	0	0	4.3	4.47	4.385
5	1	0	24	26	0	0	9.07	9.71	9.39
5	1	0	24	20	0	0	5.83	6.14	5.984999999999999
5	1	2	22	2	0	0	2.81	2.59	2.7
5	1	1	12	13	0	0	13.08	13.28	13.18
5	1	0	24	22	0	0	6.35	5.88	6.115
5	1	0	25	20	0	0	10.47	11.13	10.8
5	1	2	29	1	0	0	10.26	10.66	10.46
5	1	0	31	23	0	0	10.47	10.63	10.55
5	1	0	23	25	0	0	5.34	5.24	5.29
5	1	0	11	29	0	0	10.62	10.64	10.629999999999999
5	1	1	6	11	0	0	7.53	7.73	7.630000000000001
5	1	0	33	5	0	0	11.46	10.78	11.120000000000001
5	1	0	23	32	0	0	8.36	8.68	8.52
5	1	0	4	27	0	0	14.77	14.93	14.85
5	1	2	13	6	0	0	7.07	7.33	7.2
5	1	2	14	0	0	0	7.13	6.62	6.875
5	1	3	14	5	0	0	4.91	5.11	5.01
5	1	0	6	28	0	0	7.32	7.36	7.34
5	1	2	33	12	0	0	9.39	8.74	9.065000000000001
5	1	0	19	28	0	0	11.28	11.63	11.455
5	1	0	30	33	0	0	8.95	9.39	9.17
5	1	0	31	19	0	0	8.34	8.53	8.434999999999999
5	1	0	26	31	0	0	9.03	9.24	9.135
5	1	3	7	8	0	0	11.61	11.82	11.715
5	1	0	23	20	0	0	15.17	15.37	15.27
5	1	2	33	14	0	0	8.51	8.17	8.34
5	1	2	23	3	0	0	9.07	9.59	9.33
5	1	2	19	1	0	0	3.14	3.44	3.29
5	1	2	19	3	0	0	11.89	12.1	11.995000000000001
5	1	1	16	22	0	0	6.18	6.38	6.279999999999999
5	1	0	4	29	0	0	15.18	15.34	15.26
5	1	2	7	5	0	0	3.73	3.92	3.825
5	1	2	8	4	0	0	5.91	6.09	6.0
5	1	0	22	25	0	0	7.98	8.52	8.25
5	1	0	8	33	0	0	7.21	6.52	6.865
5	1	0	3	9	0	0	13.79	13.96	13.875
5	1	2	22	4	0	0	5.8	5.99	5.895
5	1	1	18	28	0	0	5.46	5.67	5.5649999999999995
5	1	0	26	23	0	0	5.99	6.27	6.13
5	1	0	20	29	0	0	6.17	5.99	6.08
5	1	2	21	0	0	0	8.68	8.7	8.69
5	1	0	33	29	0	0	6.23	6.17	6.2
5	1	0	11	25	0	0	10.27	10.45	10.36
5	1	0	21	30	0	0	7.06	6.42	6.74
5	1	2	13	1	0	0	4.03	4.26	4.145
5	1	2	20	20	0	0	10.19	10.48	10.335
5	1	0	24	24	0	0	7.88	8.16	8.02
5	1	1	9	18	0	0	11.08	11.03	11.055
5	1	2	17	17	0	0	4.7	4.9	4.800000000000001
5	1	1	7	7	0	0	9.08	9.25	9.165
5	1	2	24	0	0	0	7.73	7.93	7.83
5	1	2	25	6	0	0	7.09	7.28	7.1850000000000005
5	1	0	15	26	0	0	9.06	9.13	9.095
5	1	2	32	1	0	0	9.69	9.3	9.495000000000001
5	1	0	27	27	0	0	12.52	11.44	11.98
5	1	3	6	0	0	0	16.61	16.86	16.735
5	1	2	27	6	0	0	5.46	5.65	5.555
5	1	2	20	0	0	0	11.77	11.97	11.870000000000001
5	1	2	27	1	0	0	7.6	7.83	7.715
5	1	2	31	32	0	0	10.49	10.4	10.445
5	1	2	21	2	0	0	4.96	5.17	5.0649999999999995
5	1	0	30	32	0	0	12.18	12.72	12.45
5	1	0	3	30	0	0	7.35	7.24	7.295
5	1	2	32	0	0	0	13.41	13.6	13.504999999999999
5	1	1	6	30	0	0	8.28	7.7	7.99
5	1	0	24	32	0	0	11.96	12.37	12.165
5	1	0	10	31	0	0	6.24	6.34	6.29
5	1	0	27	24	0	0	8.42	9.19	8.805
5	1	0	16	21	0	0	17.25	18.14	17.695
5	1	2	9	21	0	0	10.32	9.86	10.09
5	1	0	23	22	0	0	9.34	9.23	9.285
6	1	0	21	15	0	0	13.31	12.82	13.065000000000001
6	1	2	31	28	0	0	10.16	10.92	10.54
6	1	2	32	23	0	0	11.36	11.54	11.45
6	1	2	17	3	0	0	6.26	6.47	6.365
6	1	0	23	33	0	0	5.53	5.72	5.625
6	1	0	24	29	0	0	7.99	8.15	8.07
6	1	0	17	22	0	0	6.98	7.16	7.07
6	1	3	3	12	0	0	5.6	5.81	5.705
6	1	2	28	1	0	0	4.81	5.03	4.92
6	1	1	8	1	0	0	5.78	5.96	5.87
6	1	2	5	7	0	0	10.76	11.4	11.08
6	1	0	11	28	0	0	10.88	10.45	10.665
6	1	0	12	14	0	0	15.02	15.2	15.11
6	1	0	29	23	0	0	6.15	6.31	6.23
6	1	0	16	19	0	0	11.3	11.0	11.15
6	1	0	17	31	0	0	17.6	17.81	17.705
6	1	0	9	27	0	0	12.62	12.69	12.655
6	1	1	5	32	0	0	3.69	3.84	3.7649999999999997
6	1	2	19	1	0	0	5.46	5.69	5.575
6	1	0	21	24	0	0	6.01	6.18	6.095
6	1	0	3	14	0	0	7.55	7.72	7.635
6	1	0	4	24	0	0	5.78	5.67	5.725
6	1	0	19	23	0	0	8.92	9.08	9.0
6	1	0	34	29	0	0	4.49	4.67	4.58
6	1	2	18	20	0	0	6.35	6.56	6.455
6	1	2	5	2	0	0	7.53	7.74	7.635
6	1	2	33	20	0	0	6.93	7.13	7.029999999999999
6	1	1	21	33	0	0	11.58	11.76	11.67
6	1	2	18	2	0	0	5.95	6.16	6.055
6	1	3	17	0	0	0	11.34	11.58	11.46
6	1	2	11	2	0	0	5.13	5.35	5.24
6	1	0	23	31	0	0	12.6	13.19	12.895
6	1	0	22	27	0	0	7.39	7.56	7.475
6	1	2	30	1	0	0	5.31	5.52	5.414999999999999
6	1	0	26	0	0	0	10.85	10.52	10.684999999999999
6	1	0	3	32	0	0	8.63	8.79	8.71
6	1	0	20	28	0	0	5.51	5.34	5.425
6	1	2	24	3	0	0	6.04	6.25	6.145
6	1	0	27	30	0	0	5.15	5.39	5.27
6	1	0	31	32	0	0	3.9	4.08	3.99
6	1	0	19	28	0	0	12.58	13.29	12.934999999999999
6	1	0	19	26	0	0	8.3	8.49	8.395
6	1	0	19	32	0	0	8.54	8.71	8.625
6	1	0	15	23	0	0	5.21	5.41	5.3100000000000005
6	1	0	34	21	0	0	7.68	7.85	7.765
6	1	0	27	28	0	0	8.16	8.36	8.26
6	1	0	13	31	0	0	4.35	4.51	4.43
6	1	3	11	12	0	0	3.47	3.24	3.3550000000000004
6	1	2	18	2	0	0	7.76	7.98	7.87
6	1	1	19	22	0	0	9.17	9.37	9.27
6	1	0	16	24	0	0	10.17	10.34	10.254999999999999
6	1	0	25	20	0	0	3.26	3.45	3.355
6	1	0	25	31	0	0	13.02	12.17	12.594999999999999
6	1	2	6	4	0	0	6.98	6.44	6.710000000000001
6	1	2	15	1	0	0	3.42	3.64	3.5300000000000002
6	1	2	9	20	0	0	11.78	11.98	11.879999999999999
6	1	1	28	26	0	0	5.24	5.41	5.325
6	1	1	15	27	0	0	11.03	11.21	11.120000000000001
6	1	1	10	27	0	0	5.86	5.89	5.875
6	1	1	11	4	0	0	11.11	11.28	11.195
6	1	0	15	30	0	0	10.97	9.9	10.435
6	1	0	16	27	0	0	15.64	15.81	15.725000000000001
6	1	0	16	26	0	0	9.48	9.04	9.26
6	1	2	21	0	0	0	11.99	12.19	12.09
6	1	1	3	30	0	0	12.22	12.4	12.31
6	1	0	11	26	0	0	10.42	9.67	10.045
6	1	0	21	23	0	0	13.11	12.1	12.605
6	1	0	22	24	0	0	11.99	10.94	11.465
6	1	0	21	29	0	0	2.44	2.62	2.5300000000000002
6	1	2	32	5	0	0	5.54	5.73	5.635
6	1	2	15	3	0	0	14.38	14.59	14.485
6	1	0	19	31	0	0	4.07	3.83	3.95
6	1	0	23	26	0	0	5.73	5.93	5.83
6	1	0	25	30	0	0	7.73	7.9	7.815
6	1	0	26	20	0	0	7.15	7.6	7.375
6	1	0	24	31	0	0	10.8	10.58	10.690000000000001
6	1	2	13	0	0	0	11.21	11.05	11.13
6	1	1	6	15	0	0	3.55	3.72	3.635
6	1	3	19	0	0	0	21.33	21.57	21.45
6	1	3	4	0	0	0	8.49	8.73	8.61
6	1	0	29	32	0	0	7.41	6.69	7.050000000000001
6	1	0	33	28	0	0	6.51	6.44	6.475
6	1	3	20	4	0	0	5.03	5.27	5.15
6	1	0	25	24	0	0	5.25	4.98	5.115
6	1	0	27	30	0	0	3.31	3.49	3.4000000000000004
6	1	2	22	8	0	0	2.21	2.39	2.3
6	1	0	19	23	0	0	9.15	9.32	9.235
6	1	0	6	20	0	0	8.66	8.84	8.75
6	1	0	30	23	0	0	16.11	16.26	16.185000000000002
6	1	0	24	32	0	0	11.0	11.16	11.08
6	1	1	8	28	0	0	7.27	7.47	7.369999999999999
6	1	0	23	27	0	0	8.99	9.17	9.08
6	1	0	21	27	0	0	8.46	8.63	8.545000000000002
6	1	2	9	2	0	0	7.77	7.2	7.484999999999999
6	1	2	17	2	0	0	4.96	5.18	5.07
6	1	0	16	26	0	0	10.45	10.64	10.545
6	1	0	21	28	0	0	10.02	10.2	10.11
6	1	0	17	30	0	0	3.15	3.34	3.245
6	1	2	25	2	0	0	5.73	5.93	5.83
6	1	2	17	23	0	0	6.26	5.8	6.029999999999999
6	1	1	4	15	0	0	5.71	6.28	5.995
6	1	0	19	19	0	0	7.46	7.6	7.529999999999999
6	1	0	31	33	0	0	14.56	14.74	14.65
6	1	2	21	26	0	0	7.0	7.35	7.175
6	1	0	21	22	0	0	12.82	11.62	12.219999999999999
6	1	1	8	31	0	0	11.09	10.26	10.675
6	1	0	26	3	0	0	9.78	10.27	10.024999999999999
6	1	0	27	25	0	0	10.09	9.76	9.925
6	1	0	23	32	0	0	3.46	3.64	3.55
6	1	2	20	1	0	0	7.93	8.16	8.045
6	1	0	20	27	0	0	9.57	8.68	9.125
6	1	2	22	3	0	0	10.86	11.4	11.129999999999999
6	1	0	17	1	0	0	11.45	11.42	11.434999999999999
6	1	2	30	0	0	0	4.91	5.09	5.0
6	1	2	5	4	0	0	7.17	6.85	7.01
6	1	0	21	26	0	0	8.5	8.76	8.629999999999999
6	1	0	26	32	0	0	8.6	8.46	8.530000000000001
6	1	2	22	19	0	0	4.22	4.41	4.3149999999999995
6	1	0	26	25	0	0	11.25	12.17	11.71
6	1	0	17	32	0	0	4.7	4.25	4.475
6	1	2	31	1	0	0	3.46	3.69	3.575
6	1	0	7	29	0	0	6.07	5.82	5.945
6	1	0	8	25	0	0	13.69	15.02	14.355
6	1	2	28	6	0	0	5.61	5.73	5.67
6	1	0	30	32	0	0	9.39	9.56	9.475000000000001
6	1	2	17	15	0	0	7.79	8.0	7.895
6	1	0	12	27	0	0	8.29	8.62	8.454999999999998
6	1	2	26	1	0	0	8.2	8.4	8.3
6	1	2	16	3	0	0	8.22	8.43	8.325
6	1	2	33	0	0	0	13.77	13.96	13.865
6	1	2	5	4	0	0	6.67	6.03	6.35
6	1	0	23	14	0	0	12.67	13.88	13.275
6	1	0	23	32	0	0	7.05	7.23	7.140000000000001
6	1	0	23	25	0	0	11.98	12.88	12.43
6	1	2	13	7	0	0	15.8	15.99	15.895
6	1	2	14	8	0	0	5.84	6.15	5.995
6	1	0	32	30	0	0	8.46	7.84	8.15
6	1	2	18	1	0	0	6.66	6.9	6.78
6	1	0	19	25	0	0	7.66	7.75	7.705
6	1	0	9	29	0	0	8.85	9.02	8.934999999999999
6	1	2	30	1	0	0	8.12	8.42	8.27
6	1	2	20	4	0	0	14.11	14.3	14.205
6	1	2	18	25	0	0	7.16	7.36	7.26
6	1	0	25	26	0	0	3.57	3.77	3.67
6	1	0	10	30	0	0	6.28	5.76	6.02
6	1	0	20	0	0	0	5.39	5.65	5.52
6	1	0	20	25	0	0	3.29	3.49	3.39
6	1	0	10	27	0	0	5.6	5.56	5.58
6	1	0	30	26	0	0	3.81	3.99	3.9000000000000004
6	1	0	11	26	0	0	5.22	4.89	5.055
6	1	2	25	15	0	0	9.04	8.34	8.69
6	1	2	6	2	0	0	4.27	4.5	4.385
6	1	0	19	29	0	0	12.68	12.86	12.77
6	1	1	3	27	0	0	11.21	11.39	11.3
6	1	0	32	23	0	0	8.89	9.04	8.965
6	1	3	27	18	0	0	9.32	9.55	9.435
6	1	0	25	22	0	0	5.86	5.38	5.62
6	1	2	24	3	0	0	9.09	8.82	8.955
6	1	2	33	6	0	0	7.55	7.74	7.645
6	1	2	22	5	0	0	2.24	2.4	2.3200000000000003
6	1	0	6	29	0	0	2.19	2.36	2.275
6	1	0	32	33	0	0	4.03	4.21	4.12
7	1	2	12	4	0	0	2.89	3.0	2.9450000000000003
7	1	2	18	14	0	0	6.65	6.88	6.765000000000001
7	1	1	8	32	0	0	8.47	8.62	8.545
7	1	0	21	22	0	0	9.6	9.78	9.69
7	1	0	7	22	0	0	6.66	6.81	6.734999999999999
7	1	0	10	32	0	0	6.58	6.74	6.66
7	1	1	28	28	0	0	13.07	13.24	13.155000000000001
7	1	2	14	5	0	0	4.42	4.62	4.52
7	1	1	17	27	0	0	8.97	9.16	9.065000000000001
7	1	2	8	1	0	0	7.59	7.8	7.695
7	1	0	24	25	0	0	7.66	7.85	7.755
7	1	3	21	2	0	0	6.43	6.63	6.529999999999999
7	1	2	32	2	0	0	5.97	6.17	6.07
7	1	2	30	5	0	0	8.32	8.5	8.41
7	1	0	26	1	0	0	10.22	10.39	10.305
7	1	2	16	25	0	0	9.84	10.05	9.945
7	1	2	17	23	0	0	13.3	13.49	13.395
7	1	0	13	32	0	0	4.62	4.78	4.7
7	1	0	21	21	0	0	7.06	7.21	7.135
7	1	0	5	21	0	0	11.84	12.0	11.92
7	1	3	22	0	0	0	3.54	3.78	3.66
7	1	2	8	14	0	0	11.6	11.81	11.705
7	1	3	21	30	0	0	8.42	8.63	8.525
7	1	1	13	3	0	0	8.37	8.56	8.465
7	1	2	26	1	0	0	6.76	6.98	6.87
7	1	2	25	1	0	0	5.24	5.45	5.345000000000001
7	1	0	12	30	0	0	11.45	11.62	11.535
7	1	2	5	33	0	0	9.12	9.3	9.21
7	1	2	13	6	0	0	4.27	4.47	4.369999999999999
7	1	2	21	20	0	0	4.45	4.66	4.555
7	1	0	18	32	0	0	12.91	13.08	12.995000000000001
7	1	0	24	32	0	0	5.9	6.06	5.98
7	1	2	14	19	0	0	14.02	14.21	14.115
7	1	2	31	4	0	0	10.49	10.67	10.58
7	1	2	11	0	0	0	4.51	4.71	4.609999999999999
7	1	0	7	25	0	0	10.69	10.87	10.78
7	1	0	33	33	0	0	13.6	13.77	13.684999999999999
7	1	0	20	31	0	0	10.05	10.22	10.135000000000002
7	1	0	10	32	0	0	5.14	5.3	5.22
7	1	2	23	3	0	0	5.78	6.01	5.895
7	1	0	21	20	0	0	10.2	10.4	10.3
7	1	2	7	9	0	0	6.31	6.52	6.414999999999999
7	1	0	26	15	0	0	9.03	9.22	9.125
7	1	2	14	17	0	0	7.86	8.08	7.970000000000001
7	1	0	23	23	0	0	3.43	3.52	3.475
7	1	0	7	25	0	0	9.0	9.18	9.09
7	1	2	20	5	0	0	8.16	8.35	8.254999999999999
7	1	2	33	16	0	0	10.81	10.99	10.9
7	1	0	29	24	0	0	7.96	8.12	8.04
7	1	2	13	0	0	0	9.56	9.76	9.66
7	1	3	21	7	0	0	9.81	10.04	9.925
7	1	3	24	6	0	0	13.63	13.83	13.73
7	1	0	22	32	0	0	13.63	13.83	13.73
7	1	2	23	0	0	0	5.68	5.9	5.79
7	1	0	12	25	0	0	10.34	10.53	10.434999999999999
7	1	2	12	0	0	0	9.9	10.11	10.004999999999999
7	1	2	5	2	0	0	5.42	5.64	5.529999999999999
7	1	0	26	31	0	0	14.14	14.31	14.225000000000001
7	1	3	12	5	0	0	8.08	7.38	7.73
7	1	3	11	7	0	0	13.48	13.72	13.600000000000001
7	1	1	12	17	0	0	5.14	5.3	5.22
7	1	0	6	33	0	0	9.74	9.92	9.83
7	1	2	23	1	0	0	5.77	6.01	5.89
7	1	0	23	21	0	0	8.0	8.16	8.08
7	1	2	3	1	0	0	5.66	5.89	5.775
7	1	1	8	28	0	0	18.43	18.62	18.525
7	1	2	24	2	0	0	5.44	5.66	5.550000000000001
7	1	2	29	22	0	0	5.65	5.86	5.755000000000001
7	1	0	21	24	0	0	4.73	4.9	4.815
7	1	0	26	33	0	0	7.77	7.95	7.859999999999999
7	1	0	32	28	0	0	9.25	9.41	9.33
7	1	2	22	17	0	0	4.89	5.12	5.005
7	1	0	20	19	0	0	7.58	7.74	7.66
7	1	2	24	3	0	0	6.17	6.38	6.275
7	1	0	9	13	0	0	11.22	11.41	11.315000000000001
7	1	2	28	3	0	0	2.4	2.6	2.5
7	1	0	12	3	0	0	16.12	16.89	16.505000000000003
7	1	0	20	28	0	0	5.33	5.5	5.415
7	1	0	30	20	0	0	11.04	11.23	11.135
7	1	2	21	6	0	0	4.84	5.03	4.9350000000000005
7	1	0	27	27	0	0	7.94	8.1	8.02
7	1	0	8	21	0	0	10.67	10.82	10.745000000000001
7	1	0	25	20	0	0	8.12	8.31	8.215
7	1	2	32	3	0	0	11.59	11.79	11.69
7	1	2	16	1	0	0	6.82	7.04	6.93
7	1	0	3	33	0	0	3.57	3.63	3.5999999999999996
7	1	0	17	31	0	0	14.08	14.27	14.175
7	1	2	17	3	0	0	12.99	13.19	13.09
7	1	0	33	31	0	0	9.25	9.44	9.344999999999999
7	1	2	30	2	0	0	3.26	3.48	3.37
7	1	2	16	1	0	0	9.44	9.67	9.555
7	1	2	17	2	0	0	6.89	7.1	6.994999999999999
7	1	0	26	27	0	0	9.01	9.19	9.1
7	1	2	11	16	0	0	7.56	7.75	7.654999999999999
7	1	0	32	33	0	0	6.45	6.63	6.54
7	1	2	19	1	0	0	6.55	6.78	6.665
7	1	2	4	4	0	0	7.82	7.99	7.905
7	1	0	22	22	0	0	7.52	7.68	7.6
7	1	0	26	32	0	0	4.83	4.59	4.71
7	1	1	5	19	0	0	12.74	12.89	12.815000000000001
7	1	1	7	18	0	0	4.09	4.26	4.175
7	1	0	27	30	0	0	7.66	7.85	7.755
7	1	0	24	2	0	0	11.02	11.19	11.105
7	1	0	3	25	0	0	8.06	8.24	8.15
7	1	0	17	22	0	0	10.76	10.93	10.844999999999999
7	1	0	29	33	0	0	15.65	16.3	15.975000000000001
7	1	2	23	5	0	0	5.37	5.58	5.475
7	1	2	26	6	0	0	5.54	5.73	5.635
7	1	0	24	31	0	0	5.22	5.39	5.305
7	1	0	31	25	0	0	7.09	7.27	7.18
7	1	2	22	6	0	0	9.28	9.47	9.375
7	1	0	23	27	0	0	13.09	13.27	13.18
7	1	0	10	29	0	0	5.36	5.53	5.445
7	1	0	22	27	0	0	14.99	15.82	15.405000000000001
7	1	0	15	27	0	0	13.53	13.7	13.614999999999998
7	1	2	22	0	0	0	5.06	5.26	5.16
7	1	2	27	4	0	0	6.43	6.84	6.635
7	1	1	6	24	0	0	7.47	7.62	7.545
7	1	2	24	22	0	0	11.42	11.62	11.52
7	1	2	29	3	0	0	11.66	11.88	11.77
7	1	2	30	5	0	0	7.92	7.55	7.734999999999999
7	1	2	17	3	0	0	11.82	12.84	12.33
7	1	2	29	24	0	0	12.13	12.02	12.075
7	1	0	29	28	0	0	11.32	11.5	11.41
7	1	0	27	27	0	0	7.89	8.05	7.970000000000001
7	1	0	13	28	0	0	12.41	12.57	12.49
7	1	3	11	32	0	0	12.95	13.41	13.18
7	1	0	5	20	0	0	2.95	3.18	3.0650000000000004
7	1	2	29	5	0	0	10.91	11.09	11.0
7	1	0	27	32	0	0	7.35	7.54	7.445
7	1	0	15	25	0	0	10.27	10.46	10.365
7	1	0	8	15	0	0	7.8	7.98	7.890000000000001
7	1	2	27	2	0	0	9.51	9.74	9.625
7	1	2	18	21	0	0	6.46	6.63	6.545
7	1	0	23	27	0	0	16.68	15.18	15.93
7	1	2	24	16	0	0	9.0	9.19	9.094999999999999
7	1	2	25	17	0	0	9.01	9.21	9.11
7	1	2	12	9	0	0	10.31	10.53	10.42
7	1	2	19	2	0	0	7.62	7.71	7.665
7	1	0	11	24	0	0	11.25	10.61	10.93
7	1	0	7	30	0	0	5.24	5.39	5.3149999999999995
7	1	2	24	0	0	0	9.13	9.34	9.235
7	1	2	18	1	0	0	10.77	11.01	10.89
7	1	2	33	4	0	0	8.83	8.09	8.46
7	1	0	13	26	0	0	10.08	10.25	10.165
7	1	0	34	25	0	0	16.91	16.89	16.9
7	1	2	31	0	0	0	7.22	7.83	7.525
7	1	0	25	31	0	0	15.72	17.1	16.41
7	1	0	25	33	0	0	2.65	2.84	2.745
7	1	2	4	1	0	0	3.79	4.01	3.9
8	1	0	20	33	0	0	14.48	13.13	13.805
8	1	0	27	31	0	0	8.24	8.43	8.335
8	1	0	8	14	0	0	17.24	17.4	17.32
8	1	2	8	0	0	0	18.18	18.38	18.28
8	1	0	12	28	0	0	6.7	6.88	6.79
8	1	2	21	14	0	0	10.16	10.38	10.27
8	1	0	26	6	0	0	17.05	17.21	17.130000000000003
8	1	0	27	31	0	0	9.64	9.83	9.735
8	1	0	19	33	0	0	8.68	8.87	8.774999999999999
8	1	0	6	21	0	0	7.83	7.99	7.91
8	1	3	20	17	0	0	10.14	10.34	10.24
8	1	3	3	11	0	0	6.21	6.41	6.3100000000000005
8	1	0	26	2	0	0	20.86	21.03	20.945
8	1	0	29	29	0	0	4.82	4.98	4.9
8	1	2	30	0	0	0	6.25	6.43	6.34
8	1	0	17	22	0	0	10.86	11.04	10.95
8	1	0	21	27	0	0	9.92	10.1	10.01
8	1	2	22	4	0	0	3.77	3.94	3.855
8	1	0	24	29	0	0	12.95	12.96	12.955
8	1	0	31	3	0	0	18.92	19.09	19.005000000000003
8	1	1	17	12	0	0	4.99	5.16	5.075
8	1	2	22	31	0	0	5.97	6.17	6.07
8	1	1	3	16	0	0	6.31	6.51	6.41
8	1	0	9	29	0	0	10.69	10.86	10.774999999999999
8	1	2	33	3	0	0	2.59	2.79	2.69
8	1	2	6	9	0	0	9.72	9.94	9.83
8	1	2	8	6	0	0	4.56	4.96	4.76
8	1	2	9	4	0	0	4.19	4.22	4.205
8	1	0	29	28	0	0	9.43	9.05	9.24
8	1	1	23	29	0	0	9.64	9.9	9.77
8	1	1	24	29	0	0	8.97	8.22	8.595
8	1	2	16	33	0	0	6.42	6.63	6.525
8	1	0	19	25	0	0	6.62	6.81	6.715
8	1	0	17	33	0	0	5.98	6.18	6.08
8	1	0	6	30	0	0	10.86	11.02	10.94
8	1	2	24	2	0	0	8.89	9.1	8.995000000000001
8	1	0	30	29	0	0	9.47	9.59	9.530000000000001
8	1	3	6	8	0	0	6.98	7.18	7.08
8	1	0	30	22	0	0	9.32	9.63	9.475000000000001
8	1	0	26	20	0	0	11.05	11.23	11.14
8	1	1	7	32	0	0	10.02	9.9	9.96
8	1	1	9	31	0	0	11.56	11.73	11.645
8	1	2	20	1	0	0	9.19	9.41	9.3
8	1	2	23	1	0	0	5.19	5.43	5.3100000000000005
8	1	0	22	30	0	0	10.32	9.47	9.895
8	1	0	23	30	0	0	7.85	8.03	7.9399999999999995
8	1	2	7	5	0	0	8.26	7.48	7.87
8	1	2	30	0	0	0	12.09	12.27	12.18
8	1	2	32	4	0	0	5.79	5.97	5.88
8	1	0	21	27	0	0	9.9	10.5	10.2
8	1	0	29	31	0	0	5.9	6.07	5.985
8	1	2	32	3	0	0	6.54	6.74	6.640000000000001
8	1	2	31	0	0	0	7.29	6.95	7.12
8	1	2	14	5	0	0	4.97	5.16	5.0649999999999995
8	1	0	10	30	0	0	7.88	8.05	7.965
8	1	0	26	23	0	0	10.11	10.06	10.085
8	1	0	26	29	0	0	8.73	8.9	8.815000000000001
8	1	1	4	31	0	0	8.03	8.47	8.25
8	1	3	3	11	0	0	9.05	9.26	9.155000000000001
8	1	2	17	17	0	0	12.92	13.12	13.02
8	1	2	18	18	0	0	4.65	4.83	4.74
8	1	0	22	28	0	0	12.77	12.01	12.39
8	1	0	5	23	0	0	6.35	6.5	6.425
8	1	0	7	24	0	0	3.82	3.96	3.8899999999999997
8	1	2	8	4	0	0	5.18	5.36	5.27
8	1	3	24	28	0	0	10.05	10.92	10.485
8	1	3	25	4	0	0	11.12	11.5	11.309999999999999
8	1	0	20	26	0	0	4.25	4.43	4.34
8	1	2	26	5	0	0	4.05	3.86	3.955
8	1	1	11	8	0	0	11.37	11.56	11.465
8	1	0	34	25	0	0	11.83	12.88	12.355
8	1	0	8	25	0	0	14.07	14.25	14.16
8	1	0	34	5	0	0	7.99	8.14	8.065000000000001
8	1	0	25	23	0	0	15.47	15.64	15.555
8	1	2	25	20	0	0	5.16	5.38	5.27
8	1	2	28	2	0	0	6.77	6.19	6.48
8	1	2	13	19	0	0	2.25	2.3	2.275
8	1	1	12	24	0	0	5.98	6.15	6.065
8	1	0	31	28	0	0	7.61	7.78	7.695
8	1	2	27	4	0	0	4.84	5.03	4.9350000000000005
8	1	2	28	6	0	0	4.78	4.96	4.87
8	1	2	21	3	0	0	5.21	5.41	5.3100000000000005
8	1	2	17	0	0	0	5.97	6.07	6.02
8	1	2	13	5	0	0	3.66	3.42	3.54
8	1	2	27	3	0	0	10.28	10.49	10.385
8	1	0	24	30	0	0	7.07	7.24	7.155
8	1	0	8	22	0	0	8.93	9.13	9.030000000000001
8	1	0	10	31	0	0	10.05	10.28	10.165
8	1	2	32	5	0	0	12.59	12.76	12.675
8	1	0	29	23	0	0	4.65	4.81	4.73
8	1	3	8	2	0	0	7.33	7.53	7.43
8	1	0	15	30	0	0	14.37	14.55	14.46
8	1	0	26	28	0	0	12.7	12.6	12.649999999999999
8	1	2	18	3	0	0	8.55	8.76	8.655000000000001
8	1	0	20	25	0	0	12.43	13.28	12.855
8	1	2	28	1	0	0	7.71	7.92	7.8149999999999995
8	1	2	20	20	0	0	14.27	14.45	14.36
8	1	0	3	32	0	0	4.79	4.96	4.875
8	1	0	24	26	0	0	5.22	5.4	5.3100000000000005
8	1	2	22	5	0	0	2.31	2.45	2.38
8	1	0	16	25	0	0	7.25	7.44	7.345000000000001
8	1	2	10	0	0	0	19.18	19.37	19.275
8	1	2	4	0	0	0	2.71	2.5	2.605
8	1	2	24	13	0	0	3.23	2.94	3.085
8	1	2	10	26	0	0	22.48	22.66	22.57
8	1	0	21	6	0	0	13.08	12.85	12.965
8	1	3	31	31	0	0	11.43	11.62	11.524999999999999
8	1	2	11	5	0	0	6.25	6.44	6.345000000000001
8	1	3	8	7	0	0	5.98	6.22	6.1
8	1	0	8	27	0	0	12.68	12.84	12.76
8	1	0	22	28	0	0	10.1	10.11	10.105
8	1	2	26	32	0	0	13.45	13.65	13.55
8	1	2	3	16	0	0	5.41	5.47	5.4399999999999995
8	1	2	25	24	0	0	5.3	5.36	5.33
8	1	2	26	17	0	0	2.74	2.95	2.845
8	1	3	4	12	0	0	7.72	7.92	7.82
8	1	0	23	32	0	0	10.53	10.22	10.375
8	1	2	10	0	0	0	16.5	16.7	16.6
8	1	0	8	33	0	0	8.95	9.11	9.03
8	1	0	34	31	0	0	14.64	14.82	14.73
8	1	2	18	21	0	0	3.44	3.18	3.31
8	1	2	19	2	0	0	6.27	6.49	6.38
8	1	1	6	19	0	0	11.43	11.6	11.515
8	1	2	24	6	0	0	9.76	9.95	9.855
8	1	0	13	28	0	0	12.68	12.76	12.719999999999999
8	1	0	24	5	0	0	8.76	8.93	8.844999999999999
8	1	2	25	6	0	0	2.92	3.09	3.005
8	1	1	4	16	0	0	6.7	6.82	6.76
8	1	2	15	6	0	0	11.46	11.65	11.555
8	1	2	18	4	0	0	5.77	5.96	5.865
8	1	0	19	27	0	0	6.14	6.32	6.23
8	1	0	23	32	0	0	7.49	7.69	7.59
8	1	0	21	26	0	0	14.6	14.79	14.695
8	1	0	26	33	0	0	6.09	6.33	6.21
8	1	0	11	31	0	0	5.96	6.25	6.105
8	1	0	13	25	0	0	12.59	12.5	12.545
8	1	0	11	29	0	0	6.03	6.13	6.08
8	1	2	32	4	0	0	10.68	10.85	10.765
8	1	0	33	1	0	0	14.58	14.76	14.67
8	1	0	19	24	0	0	5.63	6.19	5.91
8	1	2	16	27	0	0	8.02	8.22	8.120000000000001
8	1	1	21	7	0	0	11.85	12.03	11.94
8	1	0	11	27	0	0	7.2	7.36	7.28
8	1	2	4	14	0	0	12.98	13.2	13.09
8	1	2	24	2	0	0	11.7	11.92	11.809999999999999
8	1	2	20	29	0	0	11.93	12.12	12.024999999999999
8	1	0	30	31	0	0	5.19	4.79	4.99
8	1	0	26	20	0	0	10.23	10.31	10.27
8	1	2	12	11	0	0	10.76	10.96	10.86
8	1	2	32	1	0	0	8.24	8.46	8.350000000000001
8	1	0	21	30	0	0	7.48	7.66	7.57
8	1	0	21	32	0	0	9.08	9.26	9.17
8	1	2	20	5	0	0	8.98	9.18	9.08
8	1	0	31	32	0	0	6.28	5.81	6.045
8	1	2	29	5	0	0	8.14	8.33	8.235
8	1	3	17	26	0	0	13.07	13.3	13.185
8	1	0	21	30	0	0	2.17	2.34	2.255
8	1	2	17	6	0	0	5.16	5.34	5.25
8	1	1	12	29	0	0	3.48	3.66	3.5700000000000003
8	1	2	32	1	0	0	6.45	6.67	6.5600000000000005
8	1	2	10	24	0	0	11.41	10.51	10.96
8	1	2	4	6	0	0	8.52	8.7	8.61
8	1	2	30	33	0	0	8.51	8.03	8.27
8	1	0	30	31	0	0	4.24	4.41	4.325
8	1	2	16	3	0	0	6.04	6.25	6.145
8	1	2	28	5	0	0	7.43	7.63	7.529999999999999
8	1	0	16	31	0	0	5.78	5.35	5.5649999999999995
8	1	2	14	6	0	0	3.63	3.83	3.73
8	1	0	19	27	0	0	3.84	3.7	3.77
8	1	2	3	5	0	0	7.84	7.08	7.46
8	1	2	4	8	0	0	5.62	5.85	5.734999999999999
8	1	2	9	6	0	0	5.73	5.91	5.82
9	1	0	17	25	0	0	14.84	14.29	14.565
9	1	0	9	24	0	0	5.49	5.65	5.57
9	1	0	25	2	0	0	10.16	10.33	10.245000000000001
9	1	0	20	33	0	0	14.09	14.32	14.205
9	1	0	30	31	0	0	6.5	6.68	6.59
9	1	2	8	0	0	0	2.56	2.75	2.6550000000000002
9	1	0	15	28	0	0	7.75	7.92	7.835
9	1	2	32	2	0	0	5.44	5.66	5.550000000000001
9	1	0	33	32	0	0	9.32	9.5	9.41
9	1	2	31	1	0	0	4.53	4.75	4.640000000000001
9	1	0	15	27	0	0	9.19	9.36	9.274999999999999
9	1	0	18	30	0	0	5.07	5.22	5.145
9	1	1	11	12	0	0	11.81	11.48	11.645
9	1	2	23	0	0	0	8.04	8.25	8.145
9	1	2	25	3	0	0	8.29	8.48	8.385
9	1	1	9	8	0	0	14.44	14.63	14.535
9	1	0	21	19	0	0	15.48	15.64	15.56
9	1	0	15	19	0	0	6.58	6.74	6.66
9	1	0	23	28	0	0	9.24	9.42	9.33
9	1	0	13	25	0	0	14.15	14.62	14.385
9	1	2	21	15	0	0	8.15	8.36	8.254999999999999
9	1	2	5	21	0	0	8.3	8.47	8.385000000000002
9	1	2	8	2	0	0	13.79	14.0	13.895
9	1	0	3	30	0	0	3.9	4.2	4.05
9	1	0	4	23	0	0	14.44	14.83	14.635
9	1	0	23	32	0	0	5.93	6.11	6.02
9	1	0	31	22	0	0	7.89	8.05	7.970000000000001
9	1	0	23	29	0	0	17.78	17.97	17.875
9	1	0	24	33	0	0	10.19	10.36	10.274999999999999
9	1	1	12	31	0	0	8.1	8.29	8.195
9	1	2	25	0	0	0	9.67	9.86	9.765
9	1	2	4	0	0	0	3.27	3.47	3.37
9	1	2	10	9	0	0	4.77	4.99	4.88
9	1	2	33	4	0	0	4.51	4.68	4.595
9	1	3	12	4	0	0	12.84	11.78	12.309999999999999
9	1	3	13	9	0	0	11.54	11.62	11.579999999999998
9	1	0	23	32	0	0	5.72	5.91	5.8149999999999995
9	1	0	30	29	0	0	11.17	11.34	11.254999999999999
9	1	0	27	33	0	0	21.05	21.25	21.15
9	1	2	19	5	0	0	6.77	6.88	6.824999999999999
9	1	0	9	24	0	0	10.79	10.19	10.489999999999998
9	1	0	10	25	0	0	9.05	9.23	9.14
9	1	2	9	3	0	0	7.68	7.06	7.369999999999999
9	1	2	10	19	0	0	6.85	6.72	6.785
9	1	2	32	17	0	0	5.52	5.72	5.619999999999999
9	1	2	32	6	0	0	8.76	8.94	8.85
9	1	1	4	24	0	0	8.98	9.14	9.06
9	1	0	31	32	0	0	3.41	3.08	3.245
9	1	0	30	24	0	0	10.31	10.94	10.625
9	1	2	4	7	0	0	9.88	10.06	9.97
9	1	0	9	26	0	0	12.55	12.73	12.64
9	1	0	29	29	0	0	9.74	10.48	10.11
9	1	2	15	2	0	0	11.03	11.25	11.14
9	1	0	25	32	0	0	5.25	5.43	5.34
9	1	0	21	30	0	0	7.93	8.06	7.995
9	1	2	8	2	0	0	5.49	5.7	5.595000000000001
9	1	0	16	20	0	0	14.7	14.64	14.67
9	1	2	30	0	0	0	22.29	22.49	22.39
9	1	0	29	30	0	0	8.63	8.11	8.370000000000001
9	1	0	17	29	0	0	4.13	4.31	4.22
9	1	0	19	33	0	0	12.1	12.28	12.19
9	1	0	34	29	0	0	4.55	4.55	4.55
9	1	2	7	29	0	0	6.55	6.59	6.57
9	1	2	13	0	0	0	9.41	9.61	9.51
9	1	2	13	4	0	0	4.82	4.88	4.85
9	1	2	18	4	0	0	6.4	6.21	6.305
9	1	2	18	5	0	0	7.48	7.85	7.665
9	1	1	3	25	0	0	8.99	9.18	9.085
9	1	1	20	20	0	0	8.85	9.03	8.94
9	1	0	20	26	0	0	2.91	2.74	2.825
9	1	0	15	22	0	0	6.7	7.19	6.945
9	1	2	17	16	0	0	5.04	5.01	5.025
9	1	0	27	22	0	0	6.81	6.86	6.835
9	1	0	15	24	0	0	8.77	8.18	8.475
9	1	2	32	4	0	0	12.34	12.5	12.42
9	1	0	6	31	0	0	6.31	6.48	6.395
9	1	0	16	33	0	0	8.51	8.81	8.66
9	1	1	3	13	0	0	11.88	12.0	11.940000000000001
9	1	2	20	6	0	0	7.23	7.69	7.460000000000001
9	1	2	18	0	0	0	14.14	14.35	14.245000000000001
9	1	0	31	22	0	0	11.64	11.79	11.715
9	1	2	8	15	0	0	7.27	7.45	7.359999999999999
9	1	3	5	3	0	0	11.4	10.34	10.870000000000001
9	1	0	20	29	0	0	9.97	9.9	9.935
9	1	0	30	19	0	0	9.92	8.93	9.425
9	1	0	31	31	0	0	9.44	8.69	9.065
9	1	2	16	0	0	0	6.01	6.16	6.085
9	1	0	11	27	0	0	9.15	9.31	9.23
9	1	1	22	31	0	0	10.52	10.71	10.615
9	1	0	18	15	0	0	4.95	5.1	5.025
9	1	0	17	25	0	0	14.44	14.66	14.55
9	1	2	17	13	0	0	7.58	7.48	7.53
9	1	0	16	32	0	0	7.53	7.53	7.53
9	1	0	11	3	0	0	10.03	10.16	10.094999999999999
9	1	2	22	1	0	0	5.97	5.92	5.945
9	1	3	21	32	0	0	8.75	8.96	8.855
9	1	0	26	15	0	0	6.18	6.37	6.275
9	1	0	25	15	0	0	3.57	3.77	3.67
9	1	2	29	0	0	0	9.53	9.73	9.629999999999999
9	1	0	13	20	0	0	10.37	10.11	10.239999999999998
9	1	2	32	20	0	0	8.58	7.79	8.185
9	1	0	32	21	0	0	8.21	7.7	7.955
9	1	2	33	1	0	0	5.7	5.26	5.48
9	1	0	20	11	0	0	10.5	10.16	10.33
9	1	0	33	31	0	0	3.71	3.9	3.8049999999999997
9	1	0	21	20	0	0	9.32	9.52	9.42
9	1	0	22	22	0	0	6.21	6.37	6.29
9	1	0	20	26	0	0	9.34	9.52	9.43
9	1	1	4	22	0	0	12.27	12.08	12.175
9	1	3	16	15	0	0	10.12	10.79	10.454999999999998
9	1	0	6	28	0	0	8.56	8.37	8.465
9	1	2	31	2	0	0	8.9	8.79	8.844999999999999
9	1	2	21	1	0	0	2.56	2.52	2.54
9	1	1	5	27	0	0	5.8	5.97	5.885
9	1	0	31	32	0	0	2.42	2.59	2.505
9	1	2	20	26	0	0	9.69	9.1	9.395
9	1	0	6	23	0	0	11.11	10.52	10.815
9	1	2	19	28	0	0	8.82	9.01	8.915
9	1	0	7	7	0	0	12.13	11.28	11.705
9	1	2	25	3	0	0	3.15	3.35	3.25
9	1	0	20	29	0	0	8.09	8.73	8.41
9	1	0	22	22	0	0	5.35	5.51	5.43
9	1	2	3	28	0	0	8.92	9.09	9.004999999999999
9	1	2	27	5	0	0	6.46	6.66	6.5600000000000005
9	1	0	29	22	0	0	10.2	10.67	10.434999999999999
9	1	1	17	11	0	0	7.22	7.4	7.3100000000000005
9	1	0	16	32	0	0	5.92	6.09	6.005
9	1	2	13	19	0	0	4.99	5.18	5.085
9	1	0	11	28	0	0	10.85	11.02	10.934999999999999
9	1	2	19	4	0	0	5.73	5.91	5.82
9	1	0	9	33	0	0	13.22	12.3	12.760000000000002
9	1	0	19	24	0	0	12.72	12.41	12.565000000000001
9	1	2	8	1	0	0	10.31	9.91	10.11
9	1	2	12	2	0	0	9.31	9.53	9.42
9	1	2	6	17	0	0	9.42	9.64	9.530000000000001
9	1	0	17	28	0	0	8.77	8.27	8.52
9	1	0	15	15	0	0	19.26	19.43	19.345
9	1	0	19	29	0	0	6.2	6.38	6.29
9	1	2	11	2	0	0	5.94	6.15	6.045
9	1	0	18	31	0	0	7.12	7.01	7.0649999999999995
9	1	2	27	0	0	0	7.07	7.27	7.17
9	1	2	18	1	0	0	11.19	10.52	10.855
9	1	0	20	6	0	0	5.66	5.83	5.745
9	1	0	24	31	0	0	13.02	12.89	12.955
9	1	1	4	32	0	0	14.81	14.97	14.89
9	1	0	20	31	0	0	6.91	7.28	7.095000000000001
9	1	2	25	25	0	0	10.01	10.18	10.094999999999999
9	1	0	25	32	0	0	5.49	5.67	5.58
9	1	2	22	2	0	0	6.26	6.48	6.37
9	1	0	24	2	0	0	8.49	8.96	8.725000000000001
9	1	0	23	29	0	0	13.34	13.18	13.26
9	1	0	31	25	0	0	7.99	8.09	8.04
9	1	2	3	1	0	0	3.44	3.68	3.56
9	1	0	32	30	0	0	6.33	6.53	6.43
9	1	0	20	30	0	0	11.02	11.19	11.105
9	1	0	21	31	0	0	4.17	4.34	4.255
9	1	0	6	28	0	0	5.43	5.59	5.51
9	1	0	30	31	0	0	14.94	13.52	14.23
9	1	2	30	2	0	0	6.53	6.73	6.630000000000001
9	1	0	7	10	0	0	10.86	10.39	10.625
10	1	0	25	28	0	0	12.92	13.18	13.05
10	1	0	12	14	0	0	8.67	8.86	8.765
10	1	0	27	32	0	0	14.67	14.85	14.76
10	1	0	24	30	0	0	3.54	3.71	3.625
10	1	3	3	2	0	0	13.21	13.42	13.315000000000001
10	1	2	31	2	0	0	7.88	8.1	7.99
10	1	0	17	22	0	0	8.81	8.98	8.895
10	1	1	5	22	0	0	7.42	6.77	7.095
10	1	1	8	22	0	0	12.38	12.66	12.52
10	1	0	6	23	0	0	12.78	12.92	12.85
10	1	0	34	29	0	0	5.21	5.39	5.3
10	1	0	6	30	0	0	12.88	13.03	12.955
10	1	0	6	1	0	0	12.98	13.16	13.07
10	1	0	18	33	0	0	4.61	4.77	4.6899999999999995
10	1	3	15	27	0	0	5.31	5.51	5.41
10	1	0	4	28	0	0	16.84	17.0	16.92
10	1	0	17	24	0	0	6.25	6.43	6.34
10	1	1	6	21	0	0	9.55	9.02	9.285
10	1	0	12	31	0	0	9.18	9.35	9.265
10	1	2	13	0	0	0	9.09	9.28	9.184999999999999
10	1	2	3	33	0	0	8.84	9.03	8.934999999999999
10	1	0	10	25	0	0	4.6	4.8	4.699999999999999
10	1	2	17	3	0	0	10.4	10.33	10.365
10	1	2	25	5	0	0	7.22	7.4	7.3100000000000005
10	1	1	21	4	0	0	5.93	6.12	6.025
10	1	0	26	20	0	0	8.47	7.64	8.055
10	1	0	3	13	0	0	14.3	14.48	14.39
10	1	2	11	3	0	0	6.18	6.41	6.295
10	1	2	12	4	0	0	8.27	8.46	8.365
10	1	0	16	33	0	0	3.41	3.6	3.505
10	1	0	30	33	0	0	13.38	13.56	13.47
10	1	0	20	26	0	0	10.49	10.66	10.575
10	1	2	15	4	0	0	11.79	11.98	11.885
10	1	2	29	5	0	0	11.48	10.6	11.04
10	1	0	31	33	0	0	4.63	4.88	4.755
10	1	0	30	15	0	0	10.06	10.25	10.155000000000001
10	1	2	20	0	0	0	9.61	9.81	9.71
10	1	2	26	4	0	0	6.17	6.34	6.255
10	1	2	19	14	0	0	8.29	8.51	8.399999999999999
10	1	0	33	23	0	0	8.98	8.62	8.8
10	1	0	32	33	0	0	6.12	6.29	6.205
10	1	0	30	30	0	0	8.53	9.17	8.85
10	1	0	25	30	0	0	4.69	4.56	4.625
10	1	0	12	22	0	0	9.17	8.68	8.925
10	1	0	16	23	0	0	4.39	4.79	4.59
10	1	1	14	22	0	0	4.96	5.16	5.0600000000000005
10	1	0	9	22	0	0	9.23	9.34	9.285
10	1	0	13	26	0	0	10.61	10.78	10.695
10	1	0	16	24	0	0	7.11	6.59	6.85
10	1	0	18	19	0	0	21.5	21.65	21.575
10	1	2	5	24	0	0	5.18	5.37	5.275
10	1	0	23	33	0	0	8.19	8.39	8.29
10	1	0	23	33	0	0	6.42	5.9	6.16
10	1	0	34	32	0	0	10.76	10.13	10.445
10	1	0	13	26	0	0	12.82	12.99	12.905000000000001
10	1	2	21	3	0	0	4.73	4.94	4.835000000000001
10	1	0	31	29	0	0	8.87	9.4	9.135
10	1	0	15	19	0	0	14.95	15.13	15.04
10	1	0	16	20	0	0	14.42	14.62	14.52
10	1	2	29	1	0	0	9.3	9.52	9.41
10	1	0	25	33	0	0	2.49	2.67	2.58
10	1	2	10	3	0	0	6.08	6.29	6.1850000000000005
10	1	0	23	21	0	0	12.73	12.9	12.815000000000001
10	1	0	25	26	0	0	5.71	5.34	5.525
10	1	0	31	27	0	0	6.79	6.96	6.875
10	1	0	16	31	0	0	6.92	7.1	7.01
10	1	0	17	6	0	0	7.94	8.12	8.03
10	1	2	12	2	0	0	6.69	6.91	6.800000000000001
10	1	2	4	2	0	0	5.7	6.03	5.865
10	1	0	34	32	0	0	11.38	10.94	11.16
10	1	1	10	9	0	0	11.17	11.37	11.27
10	1	0	18	25	0	0	11.96	11.58	11.77
10	1	0	29	19	0	0	11.66	12.11	11.885
10	1	2	30	4	0	0	2.98	3.15	3.065
10	1	0	12	12	0	0	15.55	15.71	15.63
10	1	2	5	0	0	0	3.41	3.61	3.51
10	1	2	23	3	0	0	15.36	15.59	15.475
10	1	2	11	0	0	0	10.16	10.56	10.36
10	1	1	10	33	0	0	6.58	6.9	6.74
10	1	0	22	23	0	0	10.39	10.56	10.475000000000001
10	1	2	22	0	0	0	8.07	8.27	8.17
10	1	1	11	6	0	0	14.69	14.87	14.78
10	1	2	31	3	0	0	7.15	7.36	7.255000000000001
10	1	0	25	32	0	0	2.67	2.84	2.755
10	1	2	30	2	0	0	4.09	4.31	4.199999999999999
10	1	1	20	26	0	0	11.43	11.61	11.52
10	1	2	29	5	0	0	5.82	5.3	5.5600000000000005
10	1	2	32	2	0	0	7.95	7.34	7.645
10	1	0	3	30	0	0	9.79	9.04	9.415
10	1	2	31	3	0	0	11.32	11.68	11.5
10	1	2	26	4	0	0	6.65	6.83	6.74
10	1	2	27	6	0	0	13.92	14.12	14.02
10	1	3	3	7	0	0	16.6	16.83	16.715
10	1	2	30	3	0	0	7.5	7.85	7.675
10	1	2	30	4	0	0	5.11	5.5	5.305
10	1	2	19	4	0	0	12.04	11.5	11.77
10	1	3	8	13	0	0	7.24	7.44	7.34
10	1	2	20	4	0	0	5.53	5.72	5.625
10	1	2	27	3	0	0	10.35	10.96	10.655000000000001
10	1	0	27	29	0	0	18.56	18.74	18.65
10	1	0	27	25	0	0	12.13	11.86	11.995000000000001
10	1	0	30	15	0	0	11.46	12.33	11.895
10	1	2	19	0	0	0	12.15	12.24	12.195
10	1	2	21	2	0	0	5.32	5.72	5.52
10	1	0	32	26	0	0	6.2	6.39	6.295
10	1	0	27	25	0	0	4.69	4.89	4.79
10	1	2	27	6	0	0	7.21	7.68	7.445
10	1	2	28	0	0	0	8.78	8.97	8.875
10	1	0	27	27	0	0	6.78	6.93	6.855
10	1	0	23	24	0	0	7.25	7.79	7.52
10	1	3	14	3	0	0	15.28	15.49	15.385
10	1	0	20	29	0	0	8.33	8.5	8.415
10	1	2	18	0	0	0	8.37	8.57	8.469999999999999
10	1	0	16	22	0	0	6.83	7.42	7.125
10	1	0	13	26	0	0	15.74	15.91	15.825
10	1	0	24	25	0	0	8.27	8.45	8.36
10	1	0	26	29	0	0	3.73	3.89	3.81
10	1	0	20	33	0	0	15.91	16.09	16.0
10	1	2	17	2	0	0	11.19	11.41	11.3
10	1	0	25	19	0	0	6.74	6.99	6.865
10	1	2	14	6	0	0	3.6	3.79	3.6950000000000003
10	1	2	29	20	0	0	13.27	12.36	12.815
10	1	0	34	31	0	0	7.65	6.9	7.275
10	1	0	19	33	0	0	6.43	6.61	6.52
10	1	0	21	24	0	0	14.0	13.2	13.6
10	1	0	29	25	0	0	8.67	8.86	8.765
10	1	3	19	14	0	0	7.88	7.99	7.9350000000000005
10	1	2	20	3	0	0	10.74	9.96	10.350000000000001
10	1	2	24	5	0	0	3.12	3.31	3.215
10	1	0	7	32	0	0	12.48	11.63	12.055
10	1	2	23	1	0	0	7.38	7.44	7.41
10	1	2	24	0	0	0	13.06	13.47	13.265
10	1	2	25	18	0	0	12.51	13.25	12.879999999999999
10	1	2	23	3	0	0	6.1	6.33	6.215
10	1	0	22	26	0	0	15.24	14.19	14.715
10	1	0	23	28	0	0	11.92	12.63	12.275
10	1	0	25	32	0	0	14.18	13.19	13.684999999999999
10	1	0	16	27	0	0	13.05	14.35	13.7
10	1	1	3	29	0	0	11.87	12.06	11.965
10	1	0	26	33	0	0	19.09	19.27	19.18
10	1	2	29	18	0	0	5.5	5.92	5.71
10	1	2	24	17	0	0	7.51	7.13	7.32
10	1	0	20	29	0	0	15.0	15.43	15.215
10	1	2	12	0	0	0	13.29	13.49	13.39
10	1	1	9	25	0	0	9.76	9.72	9.74
10	1	2	22	3	0	0	4.67	4.4	4.535
10	1	2	24	3	0	0	8.44	7.72	8.08
10	1	0	22	19	0	0	11.21	10.11	10.66
10	1	2	6	4	0	0	5.72	5.62	5.67
10	1	2	26	5	0	0	5.44	5.12	5.28
10	1	2	27	5	0	0	11.3	11.5	11.4
10	1	0	12	33	0	0	9.46	9.97	9.715
11	1	0	10	12	0	0	7.82	7.79	7.805
11	1	0	29	5	0	0	19.53	19.67	19.6
11	1	0	30	20	0	0	12.08	10.97	11.525
11	1	0	29	23	0	0	5.05	5.2	5.125
11	1	0	5	29	0	0	7.62	7.88	7.75
11	1	2	14	17	0	0	7.99	8.21	8.100000000000001
11	1	0	17	24	0	0	7.7	7.47	7.585
11	1	2	30	0	0	0	4.28	4.45	4.365
11	1	2	29	14	0	0	11.4	11.63	11.515
11	1	2	31	15	0	0	10.45	10.66	10.555
11	1	0	12	20	0	0	2.72	2.91	2.8150000000000004
11	1	0	27	32	0	0	15.87	16.06	15.965
11	1	0	26	31	0	0	10.79	10.16	10.475
11	1	0	3	30	0	0	7.33	7.07	7.2
11	1	1	9	8	0	0	10.61	10.79	10.7
11	1	1	10	17	0	0	10.46	11.02	10.74
11	1	0	10	9	0	0	3.69	3.87	3.7800000000000002
11	1	0	30	33	0	0	6.92	6.59	6.755
11	1	0	31	21	0	0	10.02	10.75	10.385
11	1	3	6	0	0	0	18.83	19.14	18.985
11	1	1	8	15	0	0	16.38	16.55	16.465
11	1	1	9	14	0	0	7.77	7.96	7.865
11	1	1	5	28	0	0	6.78	6.96	6.87
11	1	0	9	10	0	0	6.41	6.69	6.550000000000001
11	1	1	18	17	0	0	12.69	12.86	12.774999999999999
11	1	2	23	0	0	0	9.77	9.98	9.875
11	1	2	25	4	0	0	4.71	4.89	4.8
11	1	2	18	5	0	0	10.37	10.56	10.465
11	1	0	27	26	0	0	14.47	14.67	14.57
11	1	3	18	2	0	0	7.46	7.3	7.38
11	1	3	19	3	0	0	7.09	7.68	7.385
11	1	2	28	0	0	0	9.97	10.16	10.065000000000001
11	1	1	14	25	0	0	13.28	13.45	13.364999999999998
11	1	3	8	13	0	0	8.53	8.73	8.629999999999999
11	1	0	22	30	0	0	10.58	11.09	10.835
11	1	0	4	22	0	0	10.93	10.32	10.625
11	1	2	31	3	0	0	4.25	3.83	4.04
11	1	0	21	32	0	0	6.16	5.63	5.895
11	1	2	11	0	0	0	6.56	6.76	6.66
11	1	2	25	2	0	0	3.22	3.42	3.3200000000000003
11	1	2	21	5	0	0	11.22	11.24	11.23
11	1	2	19	0	0	0	16.51	16.71	16.61
11	1	0	30	23	0	0	5.5	5.65	5.575
11	1	0	18	30	0	0	5.99	6.34	6.165
11	1	0	17	29	0	0	7.62	7.8	7.71
11	1	1	5	13	0	0	12.72	12.89	12.805
11	1	2	17	1	0	0	8.4	8.62	8.51
11	1	2	18	17	0	0	11.05	11.65	11.350000000000001
11	1	2	30	6	0	0	6.03	6.22	6.125
11	1	2	15	2	0	0	6.59	6.81	6.699999999999999
11	1	2	18	2	0	0	11.42	11.03	11.225
11	1	2	19	16	0	0	6.72	6.91	6.8149999999999995
11	1	2	24	15	0	0	4.94	5.03	4.985
11	1	2	32	5	0	0	10.83	10.04	10.434999999999999
11	1	0	27	28	0	0	6.62	6.15	6.385
11	1	2	8	25	0	0	7.78	7.97	7.875
11	1	2	9	24	0	0	12.84	13.03	12.934999999999999
11	1	0	27	25	0	0	7.59	7.79	7.6899999999999995
11	1	0	19	25	0	0	7.94	8.15	8.045
11	1	0	4	10	0	0	2.89	3.08	2.9850000000000003
11	1	0	11	28	0	0	5.55	6.05	5.8
11	1	2	28	4	0	0	8.33	8.51	8.42
11	1	2	9	18	0	0	9.85	10.01	9.93
11	1	0	4	26	0	0	14.36	13.63	13.995000000000001
11	1	3	9	1	0	0	9.67	9.9	9.785
11	1	0	4	21	0	0	15.93	14.52	15.225
11	1	2	15	0	0	0	17.22	17.42	17.32
11	1	2	12	14	0	0	7.31	7.55	7.43
11	1	2	26	1	0	0	8.52	8.72	8.620000000000001
11	1	2	18	3	0	0	4.99	5.15	5.07
11	1	2	17	0	0	0	5.57	5.2	5.385
11	1	2	23	3	0	0	11.83	12.06	11.945
11	1	0	31	24	0	0	8.22	8.38	8.3
11	1	0	21	29	0	0	17.15	16.09	16.619999999999997
11	1	2	7	11	0	0	12.7	12.9	12.8
11	1	0	26	28	0	0	6.6	6.82	6.71
11	1	2	15	4	0	0	4.83	5.02	4.925
11	1	0	33	30	0	0	6.93	6.76	6.845
11	1	2	25	18	0	0	10.69	10.87	10.78
11	1	2	26	2	0	0	5.51	5.78	5.645
11	1	0	26	32	0	0	6.71	7.12	6.915
11	1	2	5	0	0	0	2.93	3.13	3.0300000000000002
11	1	0	11	29	0	0	7.46	6.87	7.165
11	1	0	13	33	0	0	7.92	8.09	8.004999999999999
11	1	2	12	13	0	0	8.26	8.48	8.370000000000001
11	1	0	34	30	0	0	9.87	10.05	9.96
11	1	0	10	19	0	0	10.49	11.01	10.75
11	1	2	25	17	0	0	1.98	1.89	1.935
11	1	2	13	2	0	0	5.52	5.71	5.615
11	1	1	5	19	0	0	8.15	8.22	8.185
11	1	2	25	3	0	0	9.83	9.16	9.495000000000001
11	1	0	8	32	0	0	6.67	6.83	6.75
11	1	2	15	4	0	0	5.73	5.71	5.720000000000001
11	1	0	15	33	0	0	7.56	7.73	7.645
11	1	2	23	0	0	0	4.08	4.3	4.1899999999999995
11	1	2	3	3	0	0	7.91	8.1	8.004999999999999
11	1	0	30	32	0	0	10.02	10.65	10.335
11	1	0	19	32	0	0	6.66	6.83	6.745
11	1	1	16	27	0	0	10.85	11.71	11.280000000000001
11	1	0	22	26	0	0	6.06	6.26	6.16
11	1	0	30	21	0	0	6.91	7.06	6.984999999999999
11	1	0	6	21	0	0	6.27	6.43	6.35
11	1	2	13	1	0	0	4.73	4.96	4.845000000000001
11	1	0	8	27	0	0	4.08	4.27	4.175
11	1	0	9	23	0	0	5.62	5.98	5.800000000000001
11	1	0	17	21	0	0	10.35	10.18	10.265
11	1	0	15	20	0	0	22.36	22.55	22.455
11	1	3	10	7	0	0	10.68	10.92	10.8
11	1	0	12	33	0	0	8.05	8.23	8.14
11	1	0	27	20	0	0	12.63	12.84	12.735
11	1	0	13	32	0	0	15.42	15.58	15.5
11	1	2	22	31	0	0	6.26	5.92	6.09
11	1	1	3	22	0	0	11.52	10.5	11.01
11	1	2	9	0	0	0	12.52	12.71	12.615
11	1	3	19	6	0	0	9.71	9.92	9.815000000000001
11	1	0	20	23	0	0	10.86	11.02	10.94
11	1	0	8	30	0	0	9.95	10.12	10.035
11	1	1	4	25	0	0	3.31	3.49	3.4000000000000004
11	1	0	22	33	0	0	2.81	3.0	2.9050000000000002
11	1	0	3	21	0	0	7.14	7.29	7.215
11	1	2	18	4	0	0	5.49	5.68	5.585
11	1	0	7	20	0	0	8.75	8.92	8.835
11	1	2	24	5	0	0	2.94	3.14	3.04
11	1	0	26	25	0	0	17.13	17.34	17.235
11	1	0	19	6	0	0	9.33	9.5	9.415
11	1	2	30	1	0	0	7.63	7.85	7.74
11	1	1	20	32	0	0	13.48	13.65	13.565000000000001
11	1	2	13	21	0	0	7.22	7.4	7.3100000000000005
11	1	0	20	29	0	0	5.81	5.68	5.744999999999999
11	1	0	21	26	0	0	4.96	5.15	5.055
11	1	0	25	33	0	0	17.32	17.31	17.314999999999998
11	1	2	12	16	0	0	8.32	8.29	8.305
11	1	0	18	27	0	0	8.93	9.09	9.01
11	1	2	7	20	0	0	8.1	8.38	8.24
11	1	0	23	6	0	0	10.19	10.36	10.274999999999999
11	1	2	19	1	0	0	8.17	7.56	7.865
11	1	1	28	18	0	0	8.39	9.06	8.725000000000001
11	1	0	5	25	0	0	10.3	10.48	10.39
11	1	1	10	23	0	0	13.56	13.66	13.61
11	1	2	24	2	0	0	4.08	4.28	4.18
11	1	0	6	28	0	0	11.08	11.24	11.16
11	1	3	4	1	0	0	10.61	10.84	10.725
11	1	0	15	22	0	0	5.27	5.44	5.355
11	1	0	29	15	0	0	12.9	13.09	12.995000000000001
11	1	0	29	28	0	0	8.92	8.06	8.49
11	1	1	9	15	0	0	3.62	3.8	3.71
11	1	0	29	30	0	0	7.88	7.73	7.805
11	1	1	3	18	0	0	5.75	5.35	5.55
11	1	1	24	12	0	0	17.4	17.57	17.485
11	1	0	10	22	0	0	5.43	5.58	5.505
11	1	0	21	23	0	0	9.73	9.89	9.81
11	1	0	33	32	0	0	7.97	8.15	8.06
11	1	0	7	33	0	0	3.87	4.04	3.955
11	1	0	24	27	0	0	10.12	10.28	10.2
11	1	0	25	26	0	0	6.29	6.47	6.38
11	1	0	19	32	0	0	5.95	6.13	6.04
11	1	2	24	4	0	0	5.29	5.46	5.375
12	1	3	12	3	0	0	14.52	13.85	14.184999999999999
12	1	0	25	29	0	0	6.24	6.41	6.325
12	1	0	19	31	0	0	5.85	6.02	5.935
12	1	0	4	3	0	0	9.7	9.89	9.795
12	1	2	10	0	0	0	8.76	8.96	8.86
12	1	0	27	31	0	0	11.78	11.93	11.855
12	1	0	25	30	0	0	7.18	7.35	7.265
12	1	0	33	31	0	0	6.6	6.79	6.695
12	1	1	3	4	0	0	9.29	9.49	9.39
12	1	3	13	24	0	0	5.34	5.53	5.4350000000000005
12	1	0	29	27	0	0	8.14	8.27	8.205
12	1	0	27	32	0	0	7.92	8.11	8.015
12	1	0	17	29	0	0	9.35	9.53	9.44
12	1	1	17	22	0	0	10.08	10.28	10.18
12	1	0	10	20	0	0	9.51	9.7	9.605
12	1	2	12	9	0	0	13.58	13.8	13.690000000000001
12	1	3	4	1	0	0	7.98	7.33	7.655
12	1	3	3	15	0	0	13.66	14.24	13.95
12	1	0	33	24	0	0	6.64	6.11	6.375
12	1	0	34	23	0	0	9.4	9.72	9.56
12	1	0	33	22	0	0	7.65	7.82	7.735
12	1	0	18	32	0	0	10.7	11.73	11.215
12	1	1	14	29	0	0	11.26	11.44	11.35
12	1	0	34	27	0	0	7.69	7.82	7.755000000000001
12	1	0	31	23	0	0	16.43	16.57	16.5
12	1	2	23	14	0	0	12.27	12.53	12.399999999999999
12	1	2	6	2	0	0	5.76	6.0	5.88
12	1	2	24	3	0	0	3.87	4.08	3.975
12	1	3	6	0	0	0	15.04	15.28	15.16
12	1	0	27	25	0	0	4.83	4.64	4.734999999999999
12	1	2	22	8	0	0	6.94	7.48	7.210000000000001
12	1	2	23	4	0	0	13.77	13.97	13.870000000000001
12	1	1	30	18	0	0	12.92	13.08	13.0
12	1	2	9	30	0	0	4.49	4.88	4.6850000000000005
12	1	2	10	16	0	0	18.11	18.28	18.195
12	1	0	9	12	0	0	12.94	13.13	13.035
12	1	2	20	6	0	0	10.3	10.5	10.4
12	1	2	22	5	0	0	3.44	3.62	3.5300000000000002
12	1	2	19	2	0	0	7.68	7.15	7.415
12	1	2	26	27	0	0	7.51	7.88	7.695
12	1	0	7	26	0	0	17.1	18.62	17.86
12	1	0	21	28	0	0	5.22	5.01	5.115
12	1	1	14	30	0	0	5.05	5.22	5.135
12	1	3	33	7	0	0	4.7	4.9	4.800000000000001
12	1	1	7	19	0	0	13.97	14.13	14.05
12	1	0	5	21	0	0	8.4	7.85	8.125
12	1	1	27	6	0	0	10.86	11.04	10.95
12	1	2	30	2	0	0	5.38	5.6	5.49
12	1	0	22	26	0	0	11.27	10.87	11.07
12	1	2	21	0	0	0	9.56	9.76	9.66
12	1	0	16	29	0	0	2.19	2.35	2.27
12	1	0	17	29	0	0	11.99	11.45	11.719999999999999
12	1	0	22	28	0	0	5.1	5.41	5.255
12	1	3	13	3	0	0	9.87	10.08	9.975
12	1	2	14	0	0	0	12.19	12.39	12.29
12	1	0	24	26	0	0	3.92	4.09	4.005
12	1	1	22	30	0	0	9.93	10.11	10.02
12	1	0	13	30	0	0	7.49	7.65	7.57
12	1	3	4	8	0	0	10.5	10.69	10.594999999999999
12	1	2	11	33	0	0	10.13	10.34	10.235
12	1	0	10	31	0	0	11.67	12.17	11.92
12	1	2	25	1	0	0	5.82	6.03	5.925000000000001
12	1	0	22	23	0	0	6.75	6.93	6.84
12	1	0	24	28	0	0	12.11	11.83	11.969999999999999
12	1	2	9	6	0	0	5.34	5.51	5.425
12	1	2	17	0	0	0	16.42	16.61	16.515
12	1	2	25	0	0	0	13.43	13.62	13.524999999999999
12	1	2	27	1	0	0	5.6	5.83	5.715
12	1	2	26	1	0	0	9.99	10.2	10.094999999999999
12	1	2	3	4	0	0	8.49	7.68	8.085
12	1	2	4	9	0	0	9.92	10.45	10.184999999999999
12	1	2	14	18	0	0	4.71	4.24	4.475
12	1	2	28	20	0	0	13.57	13.77	13.67
12	1	0	15	25	0	0	11.63	12.31	11.97
12	1	0	18	24	0	0	3.93	4.07	4.0
12	1	1	7	8	0	0	21.33	21.6	21.465
12	1	0	29	27	0	0	7.31	7.09	7.199999999999999
12	1	0	24	3	0	0	7.52	6.94	7.23
12	1	0	6	0	0	0	18.36	17.27	17.814999999999998
12	1	2	30	5	0	0	3.8	3.99	3.895
12	1	0	24	28	0	0	4.13	4.3	4.215
12	1	2	29	5	0	0	8.04	7.81	7.924999999999999
12	1	2	17	6	0	0	14.88	15.08	14.98
12	1	2	23	17	0	0	4.98	5.23	5.105
12	1	0	8	14	0	0	8.8	8.58	8.690000000000001
12	1	2	30	1	0	0	4.41	4.62	4.515000000000001
12	1	2	7	16	0	0	13.44	12.88	13.16
12	1	0	24	30	0	0	9.27	8.45	8.86
12	1	0	30	19	0	0	6.14	6.29	6.215
12	1	0	23	20	0	0	6.89	7.5	7.195
12	1	0	8	23	0	0	8.15	7.67	7.91
12	1	0	32	30	0	0	3.49	3.67	3.58
12	1	0	26	31	0	0	5.56	5.27	5.414999999999999
12	1	0	17	22	0	0	11.36	11.8	11.58
12	1	0	33	20	0	0	6.38	5.75	6.0649999999999995
12	1	0	18	25	0	0	2.46	2.65	2.5549999999999997
12	1	0	34	33	0	0	9.66	8.97	9.315000000000001
12	1	0	31	33	0	0	5.34	5.25	5.295
12	1	0	26	32	0	0	11.67	10.78	11.225
12	1	0	16	27	0	0	3.85	4.01	3.9299999999999997
12	1	0	29	31	0	0	11.97	11.55	11.760000000000002
12	1	0	12	29	0	0	13.73	13.91	13.82
12	1	0	25	31	0	0	9.34	9.43	9.385
12	1	0	16	31	0	0	4.17	4.35	4.26
12	1	0	27	26	0	0	5.86	5.52	5.6899999999999995
12	1	0	23	27	0	0	15.28	15.47	15.375
12	1	0	6	33	0	0	13.02	11.86	12.44
12	1	0	23	26	0	0	9.48	9.84	9.66
12	1	0	8	25	0	0	5.64	6.06	5.85
12	1	2	12	6	0	0	7.53	8.01	7.77
12	1	0	23	0	0	0	5.37	5.81	5.59
12	1	0	34	33	0	0	11.94	12.17	12.055
12	1	0	18	29	0	0	9.27	9.51	9.39
12	1	2	18	3	0	0	9.17	9.39	9.280000000000001
12	1	2	31	5	0	0	7.97	7.72	7.845
12	1	2	11	28	0	0	12.94	13.11	13.024999999999999
12	1	0	11	5	0	0	10.98	10.1	10.54
12	1	3	4	0	0	0	7.66	7.9	7.78
12	1	0	15	24	0	0	15.83	15.99	15.91
12	1	2	32	6	0	0	12.7	12.88	12.79
12	1	2	21	5	0	0	6.74	6.91	6.825
12	1	2	25	4	0	0	3.62	3.79	3.705
12	1	0	30	23	0	0	9.18	8.3	8.74
12	1	0	23	32	0	0	6.87	7.03	6.95
12	1	2	22	0	0	0	9.12	9.32	9.219999999999999
12	1	0	8	30	0	0	7.61	7.88	7.745
12	1	2	29	6	0	0	12.19	12.38	12.285
12	1	1	11	30	0	0	12.39	12.56	12.475000000000001
12	1	0	20	27	0	0	6.01	6.56	6.285
12	1	0	13	27	0	0	16.15	16.3	16.225
12	1	0	16	28	0	0	7.16	7.06	7.109999999999999
12	1	0	31	32	0	0	6.0	5.56	5.779999999999999
12	1	0	34	23	0	0	9.94	9.63	9.785
12	1	1	14	21	0	0	11.11	11.28	11.195
12	1	0	31	33	0	0	4.54	4.7	4.62
13	1	0	24	20	0	0	7.41	7.59	7.5
13	1	0	13	23	0	0	11.31	11.46	11.385000000000002
13	1	0	20	25	0	0	14.86	15.05	14.955
13	1	0	23	25	0	0	8.04	8.23	8.135
13	1	1	3	31	0	0	11.94	12.13	12.035
13	1	0	19	30	0	0	5.51	5.69	5.6
13	1	2	3	4	0	0	7.26	7.45	7.355
13	1	2	11	20	0	0	10.85	11.06	10.955
13	1	2	12	19	0	0	7.79	7.98	7.885
13	1	3	25	17	0	0	11.07	11.3	11.185
13	1	0	23	31	0	0	7.55	7.73	7.640000000000001
13	1	0	32	33	0	0	9.45	9.63	9.54
13	1	0	23	30	0	0	6.86	7.04	6.95
13	1	1	6	27	0	0	6.19	6.37	6.28
13	1	0	10	24	0	0	9.29	9.08	9.184999999999999
13	1	0	11	26	0	0	8.33	8.51	8.42
13	1	2	16	4	0	0	5.92	6.11	6.015000000000001
13	1	0	21	22	0	0	8.09	8.25	8.17
13	1	0	26	28	0	0	7.27	7.43	7.35
13	1	1	3	25	0	0	11.62	11.8	11.71
13	1	2	16	26	0	0	7.42	7.63	7.525
13	1	0	21	30	0	0	7.65	7.83	7.74
13	1	1	16	23	0	0	11.96	12.12	12.04
13	1	2	32	21	0	0	3.42	3.58	3.5
13	1	2	31	4	0	0	8.2	8.16	8.18
13	1	2	32	16	0	0	12.28	12.57	12.425
13	1	2	14	4	0	0	5.0	5.18	5.09
13	1	0	11	25	0	0	9.86	9.48	9.67
13	1	1	20	32	0	0	6.25	6.42	6.335
13	1	1	21	33	0	0	15.17	15.35	15.26
13	1	1	22	13	0	0	11.52	11.12	11.32
13	1	0	33	24	0	0	11.25	11.42	11.335
13	1	2	14	22	0	0	9.74	9.95	9.844999999999999
13	1	2	24	18	0	0	9.22	9.42	9.32
13	1	2	26	19	0	0	9.12	9.31	9.215
13	1	0	3	31	0	0	11.03	9.93	10.48
13	1	0	5	32	0	0	10.72	9.65	10.185
13	1	2	31	1	0	0	7.98	8.77	8.375
13	1	0	20	30	0	0	5.43	5.6	5.515
13	1	0	19	26	0	0	13.63	13.82	13.725000000000001
13	1	3	3	5	0	0	4.43	4.64	4.535
13	1	2	18	0	0	0	6.22	6.43	6.324999999999999
13	1	2	14	0	0	0	11.43	11.62	11.524999999999999
13	1	2	24	1	0	0	5.29	5.51	5.4
13	1	0	3	24	0	0	12.67	12.81	12.74
13	1	2	32	1	0	0	8.89	9.11	9.0
13	1	0	4	31	0	0	10.98	11.23	11.105
13	1	0	25	24	0	0	10.47	10.63	10.55
13	1	2	28	0	0	0	10.71	10.88	10.795000000000002
13	1	2	31	1	0	0	2.31	2.54	2.425
13	1	0	27	24	0	0	3.99	3.68	3.835
13	1	2	12	17	0	0	8.54	8.42	8.48
13	1	2	28	31	0	0	12.26	12.45	12.355
13	1	2	13	17	0	0	5.45	5.68	5.5649999999999995
13	1	0	19	33	0	0	4.84	5.03	4.9350000000000005
13	1	2	32	30	0	0	10.18	10.13	10.155000000000001
13	1	2	33	5	0	0	14.35	14.53	14.44
13	1	3	5	4	0	0	10.82	10.2	10.51
13	1	3	6	4	0	0	13.34	13.58	13.46
13	1	2	26	4	0	0	6.16	6.34	6.25
13	1	2	31	21	0	0	7.35	7.53	7.4399999999999995
13	1	0	23	32	0	0	14.02	14.97	14.495000000000001
13	1	1	9	27	0	0	6.5	6.68	6.59
13	1	2	28	0	0	0	4.2	4.37	4.285
13	1	0	24	20	0	0	8.73	8.14	8.435
13	1	2	28	0	0	0	5.21	5.38	5.295
13	1	0	17	25	0	0	7.91	7.27	7.59
13	1	2	18	0	0	0	11.45	11.66	11.555
13	1	2	8	15	0	0	5.04	5.24	5.140000000000001
13	1	1	15	5	0	0	10.94	9.95	10.445
13	1	0	4	23	0	0	10.27	10.4	10.335
13	1	0	5	30	0	0	6.43	6.6	6.515
13	1	1	9	7	0	0	6.78	6.97	6.875
13	1	0	9	33	0	0	8.74	8.91	8.825
13	1	0	5	23	0	0	5.6	5.75	5.675
13	1	1	15	31	0	0	8.23	8.42	8.325
13	1	3	8	15	0	0	18.31	18.5	18.405
13	1	0	3	6	0	0	9.05	8.91	8.98
13	1	2	29	2	0	0	8.18	7.93	8.055
13	1	0	10	29	0	0	5.22	5.19	5.205
13	1	0	9	30	0	0	15.47	15.58	15.525
13	1	2	23	6	0	0	4.77	4.98	4.875
13	1	2	18	0	0	0	9.94	10.34	10.14
13	1	2	31	1	0	0	6.62	6.38	6.5
13	1	1	9	17	0	0	9.78	9.7	9.739999999999998
13	1	2	25	0	0	0	16.53	16.72	16.625
13	1	1	4	13	0	0	7.83	8.01	7.92
13	1	2	26	6	0	0	6.94	6.82	6.880000000000001
13	1	2	20	21	0	0	7.72	7.11	7.415
13	1	0	20	31	0	0	6.72	6.89	6.805
13	1	3	13	32	0	0	18.86	19.07	18.965
13	1	0	30	26	0	0	14.79	14.21	14.5
13	1	0	20	32	0	0	5.8	5.97	5.885
13	1	2	33	14	0	0	11.1	11.32	11.21
13	1	0	22	27	0	0	5.77	5.94	5.855
13	1	0	23	29	0	0	12.38	12.56	12.47
13	1	1	17	21	0	0	10.82	10.98	10.9
13	1	3	15	29	0	0	7.55	7.78	7.665
13	1	1	3	31	0	0	11.86	12.06	11.96
13	1	0	29	32	0	0	15.42	15.63	15.525
13	1	0	31	28	0	0	8.67	8.09	8.379999999999999
13	1	2	10	18	0	0	8.57	8.76	8.665
13	1	2	11	19	0	0	11.25	11.44	11.344999999999999
13	1	2	17	29	0	0	5.41	5.06	5.234999999999999
13	1	2	19	4	0	0	5.99	5.59	5.79
13	1	0	16	22	0	0	5.83	6.0	5.915
13	1	3	12	11	0	0	12.17	12.4	12.285
13	1	2	24	25	0	0	13.96	14.16	14.06
13	1	1	13	26	0	0	8.53	8.69	8.61
13	1	0	15	22	0	0	14.87	14.94	14.905
13	1	2	13	2	0	0	8.56	8.77	8.665
13	1	2	14	1	0	0	6.9	6.42	6.66
13	1	0	3	14	0	0	7.31	7.47	7.39
13	1	0	4	15	0	0	6.64	6.83	6.734999999999999
13	1	0	23	20	0	0	6.34	6.53	6.4350000000000005
13	1	0	4	26	0	0	7.69	7.86	7.775
13	1	0	5	27	0	0	11.13	11.29	11.21
13	1	2	27	0	0	0	6.19	6.2	6.195
13	1	0	29	26	0	0	12.45	12.63	12.54
13	1	0	30	6	0	0	7.75	7.75	7.75
13	1	0	27	29	0	0	21.92	22.11	22.015
13	1	2	26	1	0	0	11.62	11.84	11.73
13	1	0	29	23	0	0	5.95	5.64	5.795
13	1	2	26	2	0	0	4.16	4.37	4.265000000000001
14	1	2	22	1	0	0	5.5	5.73	5.615
14	1	0	22	31	0	0	13.42	13.6	13.51
14	1	2	30	2	0	0	3.9	4.11	4.005
14	1	0	30	27	0	0	18.95	19.13	19.04
14	1	0	23	24	0	0	9.62	9.79	9.704999999999998
14	1	0	7	30	0	0	10.73	10.88	10.805
14	1	2	18	17	0	0	6.9	7.13	7.015000000000001
14	1	0	24	27	0	0	7.81	7.97	7.89
14	1	0	13	31	0	0	4.58	4.74	4.66
14	1	2	23	18	0	0	6.45	6.66	6.555
14	1	2	13	6	0	0	4.87	5.07	4.970000000000001
14	1	0	23	19	0	0	8.22	8.39	8.305
14	1	2	9	3	0	0	5.98	5.39	5.6850000000000005
14	1	2	33	18	0	0	2.01	2.2	2.105
14	1	0	16	33	0	0	10.24	10.43	10.335
14	1	2	32	0	0	0	12.15	12.32	12.235
14	1	2	10	2	0	0	7.39	7.6	7.494999999999999
14	1	2	24	5	0	0	7.18	7.37	7.275
14	1	2	25	4	0	0	11.86	12.04	11.95
14	1	0	7	20	0	0	13.01	13.19	13.1
14	1	2	28	3	0	0	3.7	3.9	3.8
14	1	0	21	31	0	0	6.24	6.41	6.325
14	1	0	19	31	0	0	4.62	4.79	4.705
14	1	1	26	1	0	0	6.57	5.96	6.265000000000001
14	1	1	27	33	0	0	8.13	8.3	8.215
14	1	0	10	32	0	0	10.68	10.84	10.76
14	1	0	18	23	0	0	10.13	10.29	10.21
14	1	0	22	26	0	0	7.3	7.49	7.395
14	1	0	25	31	0	0	7.83	8.0	7.915
14	1	0	22	22	0	0	11.09	11.25	11.17
14	1	1	22	10	0	0	5.24	5.45	5.345000000000001
14	1	1	23	9	0	0	9.46	9.65	9.555
14	1	0	30	22	0	0	17.59	17.75	17.67
14	1	0	25	31	0	0	8.84	9.0	8.92
14	1	2	14	4	0	0	6.47	6.66	6.5649999999999995
14	1	3	5	3	0	0	32.48	32.7	32.59
14	1	2	15	6	0	0	8.06	8.25	8.155000000000001
14	1	0	21	32	0	0	6.45	6.63	6.54
14	1	2	18	0	0	0	10.09	10.29	10.19
14	1	2	26	3	0	0	4.97	5.13	5.05
14	1	3	13	4	0	0	9.01	9.25	9.129999999999999
14	1	3	15	6	0	0	6.52	6.74	6.63
14	1	0	24	32	0	0	4.65	4.83	4.74
14	1	1	17	1	0	0	9.45	9.62	9.535
14	1	0	17	27	0	0	11.4	11.58	11.49
14	1	0	11	27	0	0	10.8	10.96	10.88
14	1	0	13	27	0	0	6.06	6.21	6.135
14	1	0	17	32	0	0	3.78	3.97	3.875
14	1	2	11	13	0	0	12.59	12.81	12.7
14	1	2	30	14	0	0	7.73	7.96	7.845000000000001
14	1	0	19	25	0	0	11.64	11.85	11.745000000000001
14	1	2	9	3	0	0	7.49	7.69	7.59
14	1	0	25	27	0	0	6.99	7.17	7.08
14	1	0	17	32	0	0	10.62	10.79	10.704999999999998
14	1	2	11	0	0	0	18.42	18.63	18.525
14	1	0	19	19	0	0	10.47	10.61	10.54
14	1	2	16	6	0	0	5.17	5.16	5.165
14	1	1	8	21	0	0	7.07	7.24	7.155
14	1	1	10	17	0	0	9.41	9.56	9.485
14	1	1	3	4	0	0	8.69	8.89	8.79
14	1	1	3	19	0	0	14.12	13.24	13.68
14	1	0	9	26	0	0	10.58	10.76	10.67
14	1	2	30	4	0	0	6.85	7.02	6.935
14	1	0	29	30	0	0	12.86	13.04	12.95
14	1	2	33	26	0	0	4.85	5.05	4.949999999999999
14	1	1	11	31	0	0	11.2	11.38	11.29
14	1	1	12	27	0	0	9.75	9.57	9.66
14	1	3	5	6	0	0	9.07	9.29	9.18
14	1	1	3	18	0	0	9.38	9.57	9.475000000000001
14	1	0	23	15	0	0	3.66	3.86	3.76
14	1	2	29	5	0	0	9.97	10.16	10.065000000000001
14	1	2	5	5	0	0	10.11	10.28	10.195
14	1	2	22	4	0	0	9.8	9.97	9.885000000000002
14	1	0	30	28	0	0	9.09	8.28	8.684999999999999
14	1	2	10	14	0	0	11.9	12.14	12.02
14	1	2	23	1	0	0	4.11	4.35	4.23
14	1	2	3	0	0	0	13.55	13.76	13.655000000000001
14	1	2	27	0	0	0	9.79	9.99	9.89
14	1	0	16	24	0	0	6.55	6.72	6.635
14	1	2	18	0	0	0	3.29	3.19	3.24
14	1	2	17	4	0	0	8.89	9.08	8.985
14	1	2	25	0	0	0	14.5	14.66	14.58
14	1	0	16	19	0	0	5.79	5.95	5.87
14	1	0	34	29	0	0	10.76	10.94	10.85
14	1	3	11	13	0	0	24.17	24.38	24.275
14	1	0	17	21	0	0	8.39	8.57	8.48
14	1	0	16	21	0	0	13.33	13.5	13.415
14	1	0	13	27	0	0	14.62	14.77	14.695
14	1	0	15	24	0	0	3.85	3.47	3.66
14	1	0	4	32	0	0	3.32	3.5	3.41
14	1	0	11	9	0	0	4.3	4.48	4.390000000000001
14	1	1	14	12	0	0	22.59	22.77	22.68
14	1	0	12	15	0	0	16.57	16.78	16.675
14	1	0	30	25	0	0	8.53	9.28	8.905
14	1	1	6	26	0	0	9.41	9.99	9.7
14	1	2	25	22	0	0	9.61	9.8	9.705
14	1	0	27	19	0	0	11.73	11.9	11.815000000000001
14	1	0	22	22	0	0	6.62	6.39	6.505
14	1	2	29	4	0	0	4.87	5.05	4.96
14	1	0	23	26	0	0	7.84	8.44	8.14
14	1	0	7	26	0	0	5.66	5.83	5.745
14	1	0	23	29	0	0	15.84	16.03	15.935
14	1	2	19	1	0	0	6.38	6.16	6.27
14	1	1	15	22	0	0	10.25	10.45	10.35
14	1	2	16	20	0	0	6.24	6.6	6.42
14	1	2	14	2	0	0	11.05	11.26	11.155000000000001
14	1	2	22	22	0	0	10.85	11.03	10.94
14	1	2	31	20	0	0	10.2	10.41	10.305
14	1	0	22	33	0	0	6.67	6.82	6.745
14	1	0	24	32	0	0	8.75	8.7	8.725
14	1	0	34	28	0	0	4.44	4.2	4.32
14	1	0	11	25	0	0	8.94	8.95	8.945
14	1	0	19	28	0	0	13.91	14.09	14.0
14	1	0	20	13	0	0	12.9	13.4	13.15
14	1	0	13	26	0	0	6.72	6.87	6.795
14	1	2	33	23	0	0	9.28	8.96	9.120000000000001
14	1	0	12	28	0	0	8.67	8.02	8.344999999999999
14	1	0	7	31	0	0	12.86	11.6	12.23
14	1	3	31	16	0	0	11.64	10.98	11.31
14	1	0	18	20	0	0	6.04	6.46	6.25
14	1	0	21	28	0	0	8.2	8.85	8.524999999999999
14	1	0	29	28	0	0	9.22	9.4	9.31
14	1	0	33	30	0	0	9.16	9.35	9.254999999999999
14	1	2	28	1	0	0	8.22	8.44	8.33
14	1	1	21	16	0	0	10.99	11.18	11.085
14	1	0	27	29	0	0	7.1	6.88	6.99
14	1	2	23	1	0	0	8.97	9.49	9.23
14	1	2	22	3	0	0	6.2	6.45	6.325
14	1	2	23	0	0	0	13.14	13.35	13.245000000000001
14	1	2	22	15	0	0	10.9	11.0	10.95
14	1	0	21	23	0	0	4.36	4.6	4.48
14	1	0	26	29	0	0	10.39	10.56	10.475000000000001
14	1	0	31	29	0	0	4.48	4.55	4.515000000000001
14	1	0	21	33	0	0	6.69	6.88	6.785
14	1	2	18	1	0	0	9.22	9.22	9.22
14	1	0	26	25	0	0	10.17	10.57	10.370000000000001
14	1	2	19	19	0	0	8.25	8.41	8.33
14	1	0	21	25	0	0	23.82	24.02	23.92
14	1	0	23	21	0	0	9.11	9.28	9.195
14	1	1	18	28	0	0	12.5	13.25	12.875
14	1	1	20	20	0	0	15.05	14.31	14.68
14	1	2	21	0	0	0	7.33	7.52	7.425
14	1	0	31	29	0	0	6.03	6.21	6.12
14	1	0	9	30	0	0	7.9	8.06	7.98
14	1	2	14	1	0	0	12.86	13.08	12.969999999999999
14	1	2	28	14	0	0	6.36	6.46	6.41
14	1	2	28	4	0	0	5.15	5.16	5.155
14	1	0	34	26	0	0	6.62	6.81	6.715
14	1	2	28	20	0	0	5.37	5.35	5.359999999999999
14	1	2	32	4	0	0	8.9	9.41	9.155000000000001
14	1	3	10	0	0	0	23.05	23.31	23.18
14	1	3	6	2	0	0	13.89	14.11	14.0
14	1	1	11	20	0	0	15.37	15.24	15.305
14	1	0	12	26	0	0	11.43	10.33	10.879999999999999
14	1	2	31	0	0	0	4.59	4.78	4.6850000000000005
14	1	3	11	3	0	0	12.77	12.99	12.879999999999999
14	1	1	17	11	0	0	11.43	11.6	11.515
14	1	2	26	26	0	0	17.37	17.55	17.46
14	1	2	6	0	0	0	14.78	14.99	14.885
14	1	0	20	6	0	0	8.95	8.97	8.96
14	1	2	33	0	0	0	10.62	10.82	10.719999999999999
15	1	0	33	25	0	0	4.89	4.78	4.835
15	1	0	18	27	0	0	7.21	7.37	7.29
15	1	2	26	0	0	0	6.13	6.32	6.225
15	1	3	4	9	0	0	4.34	4.54	4.4399999999999995
15	1	0	26	30	0	0	5.45	5.61	5.53
15	1	1	4	21	0	0	11.73	11.9	11.815000000000001
15	1	0	12	23	0	0	6.29	6.45	6.37
15	1	0	21	24	0	0	1.22	1.24	1.23
15	1	2	11	3	0	0	3.65	3.87	3.76
15	1	0	29	15	0	0	8.32	8.51	8.415
15	1	0	7	14	0	0	6.08	6.24	6.16
15	1	0	32	31	0	0	9.41	9.58	9.495000000000001
15	1	0	21	26	0	0	8.54	8.73	8.635
15	1	2	18	1	0	0	4.7	4.94	4.82
15	1	0	17	25	0	0	5.56	5.76	5.66
15	1	0	20	15	0	0	10.74	10.95	10.844999999999999
15	1	2	30	2	0	0	5.82	6.03	5.925000000000001
15	1	0	31	28	0	0	12.0	12.17	12.085
15	1	0	21	33	0	0	4.39	4.58	4.484999999999999
15	1	0	25	30	0	0	4.25	4.42	4.335
15	1	2	23	6	0	0	3.33	3.54	3.435
15	1	0	26	32	0	0	13.09	13.26	13.175
15	1	2	14	0	0	0	6.02	6.22	6.119999999999999
15	1	2	15	1	0	0	9.2	9.42	9.309999999999999
15	1	0	33	30	0	0	8.28	8.48	8.379999999999999
15	1	2	7	3	0	0	7.4	7.61	7.505000000000001
15	1	2	20	15	0	0	5.61	5.84	5.725
15	1	2	33	4	0	0	9.84	10.02	9.93
15	1	1	27	29	0	0	8.68	8.88	8.780000000000001
15	1	0	23	29	0	0	17.09	17.27	17.18
15	1	1	9	33	0	0	9.73	9.9	9.815000000000001
15	1	2	33	1	0	0	6.19	6.4	6.295
15	1	0	24	30	0	0	6.55	6.72	6.635
15	1	0	6	26	0	0	6.12	6.3	6.21
15	1	3	7	2	0	0	12.19	12.4	12.295
15	1	0	8	21	0	0	10.2	10.35	10.274999999999999
15	1	2	24	1	0	0	8.22	8.45	8.335
15	1	2	25	5	0	0	5.81	5.98	5.895
15	1	0	12	22	0	0	7.3	7.46	7.38
15	1	1	9	31	0	0	14.96	15.13	15.045000000000002
15	1	0	24	32	0	0	10.8	10.97	10.885000000000002
15	1	0	10	12	0	0	11.23	11.41	11.32
15	1	0	32	3	0	0	7.54	7.71	7.625
15	1	0	7	30	0	0	2.8	2.88	2.84
15	1	0	10	33	0	0	5.92	6.09	6.005
15	1	3	18	3	0	0	8.88	9.11	8.995000000000001
15	1	1	13	8	0	0	6.57	6.75	6.66
15	1	1	32	20	0	0	14.82	15.01	14.915
15	1	2	22	3	0	0	3.83	3.57	3.7
15	1	2	23	5	0	0	4.17	4.4	4.285
15	1	1	10	20	0	0	9.11	9.31	9.21
15	1	1	11	19	0	0	5.49	5.65	5.57
15	1	0	10	33	0	0	4.63	4.8	4.715
15	1	2	20	0	0	0	17.12	17.32	17.22
15	1	0	19	30	0	0	3.37	3.55	3.46
15	1	0	20	29	0	0	12.4	12.57	12.485
15	1	0	7	31	0	0	5.19	5.34	5.265000000000001
15	1	0	4	31	0	0	8.97	9.13	9.05
15	1	2	22	14	0	0	9.9	10.12	10.01
15	1	0	23	26	0	0	9.41	9.61	9.51
15	1	1	5	29	0	0	9.91	10.07	9.99
15	1	2	31	32	0	0	9.53	9.75	9.64
15	1	1	29	32	0	0	6.18	6.34	6.26
15	1	1	8	12	0	0	9.57	9.74	9.655000000000001
15	1	1	9	25	0	0	13.89	13.27	13.58
15	1	0	18	28	0	0	5.5	5.67	5.585
15	1	1	4	22	0	0	13.09	14.12	13.605
15	1	1	14	28	0	0	7.31	7.51	7.41
15	1	3	7	7	0	0	15.9	16.12	16.01
15	1	3	11	3	0	0	12.81	13.04	12.925
15	1	0	34	29	0	0	4.96	5.14	5.05
15	1	2	21	1	0	0	3.36	3.62	3.49
15	1	0	19	25	0	0	9.63	9.84	9.735
15	1	2	10	4	0	0	5.28	5.46	5.37
15	1	0	13	28	0	0	16.36	16.52	16.439999999999998
15	1	2	19	0	0	0	7.97	8.17	8.07
15	1	0	16	24	0	0	6.09	6.6	6.345
15	1	2	31	5	0	0	12.33	12.51	12.42
15	1	2	32	3	0	0	6.69	6.88	6.785
15	1	0	7	32	0	0	7.86	8.02	7.9399999999999995
15	1	1	4	27	0	0	6.14	6.33	6.234999999999999
15	1	2	27	3	0	0	7.22	7.44	7.33
15	1	0	9	30	0	0	6.13	6.26	6.195
15	1	0	10	32	0	0	7.33	7.49	7.41
15	1	0	12	24	0	0	3.48	3.64	3.56
15	1	0	25	29	0	0	5.44	5.62	5.53
15	1	0	21	19	0	0	16.27	16.43	16.35
15	1	2	9	6	0	0	9.62	9.8	9.71
15	1	0	15	25	0	0	12.83	13.02	12.925
15	1	0	25	32	0	0	7.27	7.44	7.355
15	1	0	11	25	0	0	13.74	14.33	14.035
15	1	0	23	30	0	0	6.91	7.09	7.0
15	1	0	23	25	0	0	8.6	9.23	8.915
15	1	0	24	32	0	0	14.85	13.91	14.379999999999999
15	1	2	10	3	0	0	5.71	5.92	5.8149999999999995
15	1	0	13	20	0	0	6.13	5.83	5.98
15	1	0	18	28	0	0	9.37	9.53	9.45
15	1	0	16	33	0	0	10.79	10.98	10.885
15	1	1	12	3	0	0	11.12	11.31	11.215
15	1	0	26	27	0	0	13.36	13.52	13.44
15	1	2	11	7	0	0	4.57	4.76	4.665
15	1	2	7	19	0	0	8.21	8.38	8.295000000000002
15	1	0	25	3	0	0	9.06	9.19	9.125
15	1	2	28	0	0	0	11.38	11.55	11.465
15	1	0	22	29	0	0	10.75	10.93	10.84
15	1	0	12	29	0	0	9.0	9.21	9.105
15	1	2	23	16	0	0	4.99	5.2	5.095000000000001
15	1	3	9	6	0	0	9.55	9.73	9.64
15	1	0	19	31	0	0	6.49	6.29	6.390000000000001
15	1	1	21	31	0	0	11.57	11.76	11.665
15	1	2	32	3	0	0	7.43	7.63	7.529999999999999
15	1	2	18	6	0	0	7.11	7.31	7.21
15	1	1	9	32	0	0	5.65	5.81	5.73
15	1	0	26	30	0	0	10.38	10.1	10.24
15	1	3	4	8	0	0	13.09	13.28	13.184999999999999
15	1	0	34	31	0	0	4.22	4.5	4.359999999999999
15	1	2	13	1	0	0	9.33	9.56	9.445
15	1	1	12	12	0	0	10.12	10.27	10.195
15	1	2	29	0	0	0	5.72	5.92	5.82
15	1	0	25	5	0	0	3.43	3.34	3.385
15	1	0	26	27	0	0	5.28	4.87	5.075
15	1	2	21	0	0	0	10.96	11.16	11.06
15	1	0	12	22	0	0	11.93	12.1	12.015
15	1	3	7	11	0	0	10.98	11.15	11.065000000000001
15	1	0	3	26	0	0	12.14	11.84	11.99
15	1	2	30	17	0	0	10.99	11.21	11.100000000000001
15	1	0	22	29	0	0	9.02	9.68	9.35
15	1	2	17	3	0	0	7.66	7.88	7.77
15	1	0	32	24	0	0	6.41	6.65	6.53
15	1	0	30	32	0	0	6.65	6.56	6.605
15	1	2	8	5	0	0	4.97	5.16	5.0649999999999995
15	1	2	30	4	0	0	5.35	5.53	5.4399999999999995
15	1	1	5	28	0	0	10.3	10.48	10.39
15	1	0	18	22	0	0	11.26	10.54	10.899999999999999
15	1	0	19	30	0	0	11.63	11.96	11.795000000000002
15	1	2	7	9	0	0	4.04	4.26	4.15
15	1	1	12	32	0	0	7.46	7.62	7.54
15	1	1	25	5	0	0	5.58	5.75	5.665
15	1	2	18	3	0	0	8.27	8.49	8.379999999999999
15	1	0	5	21	0	0	11.97	12.13	12.05
15	1	1	23	32	0	0	6.84	7.01	6.925
15	1	1	27	29	0	0	3.78	3.97	3.875
15	1	0	32	5	0	0	9.51	10.46	9.985
15	1	0	27	7	0	0	7.53	7.9	7.715
15	1	2	20	1	0	0	5.4	5.27	5.335
15	1	2	21	16	0	0	11.64	11.83	11.735
15	1	0	16	32	0	0	11.95	12.13	12.04
15	1	2	20	1	0	0	7.17	7.4	7.285
15	1	0	26	30	0	0	7.89	7.71	7.8
15	1	2	12	5	0	0	12.06	12.25	12.155000000000001
15	1	3	12	17	0	0	6.6	6.81	6.705
15	1	3	16	15	0	0	19.69	19.89	19.79
15	1	2	14	8	0	0	12.99	13.22	13.105
15	1	0	23	27	0	0	4.32	4.4	4.36
15	1	0	24	31	0	0	11.8	11.97	11.885000000000002
15	1	0	27	25	0	0	8.41	8.09	8.25
15	1	2	23	4	0	0	7.01	6.41	6.71
15	1	0	26	30	0	0	7.26	6.8	7.029999999999999
15	1	0	7	28	0	0	7.94	8.59	8.265
15	1	2	22	1	0	0	4.05	3.78	3.915
15	1	2	21	0	0	0	15.22	15.42	15.32
15	1	2	8	11	0	0	12.08	12.27	12.175
15	1	0	21	31	0	0	3.58	3.75	3.665
15	1	2	8	1	0	0	9.52	9.73	9.625
15	1	3	6	20	0	0	3.21	3.38	3.295
15	1	1	4	26	0	0	6.57	6.73	6.65
15	1	0	26	21	0	0	5.96	5.44	5.7
16	1	0	29	30	0	0	10.83	10.72	10.775
16	1	2	25	6	0	0	8.1	8.28	8.19
16	1	0	34	31	0	0	8.25	8.44	8.344999999999999
16	1	0	29	32	0	0	10.54	11.23	10.885
16	1	2	16	1	0	0	4.46	4.7	4.58
16	1	2	15	16	0	0	8.04	8.24	8.14
16	1	2	17	2	0	0	7.74	7.67	7.705
16	1	2	31	2	0	0	17.55	17.76	17.655
16	1	0	16	33	0	0	5.06	5.24	5.15
16	1	2	15	3	0	0	7.45	7.67	7.5600000000000005
16	1	2	16	0	0	0	7.45	7.31	7.38
16	1	0	19	19	0	0	9.23	9.38	9.305
16	1	2	15	6	0	0	10.59	10.78	10.684999999999999
16	1	2	16	5	0	0	4.36	4.57	4.465
16	1	0	27	32	0	0	7.37	7.55	7.46
16	1	2	29	3	0	0	3.93	4.14	4.035
16	1	0	33	28	0	0	11.05	10.0	10.525
16	1	0	33	32	0	0	10.28	10.47	10.375
16	1	2	25	26	0	0	7.12	7.38	7.25
16	1	2	28	2	0	0	2.84	3.04	2.94
16	1	3	4	5	0	0	7.0	7.21	7.105
16	1	0	25	33	0	0	7.93	8.11	8.02
16	1	0	25	28	0	0	11.87	12.04	11.954999999999998
16	1	3	5	31	0	0	9.2	9.43	9.315
16	1	0	13	32	0	0	9.33	9.49	9.41
16	1	0	26	32	0	0	6.42	6.6	6.51
16	1	0	13	21	0	0	5.57	5.73	5.65
16	1	0	26	15	0	0	6.84	7.04	6.9399999999999995
16	1	0	27	32	0	0	7.21	7.4	7.305
16	1	0	21	24	0	0	11.22	11.46	11.34
16	1	0	22	20	0	0	9.29	9.48	9.385
16	1	0	11	27	0	0	5.53	5.69	5.61
16	1	0	32	29	0	0	10.95	11.12	11.035
16	1	0	5	32	0	0	7.88	8.05	7.965
16	1	0	22	33	0	0	2.42	2.61	2.5149999999999997
16	1	2	13	23	0	0	7.47	8.19	7.83
16	1	2	24	5	0	0	2.93	3.11	3.02
16	1	2	15	3	0	0	7.19	6.93	7.0600000000000005
16	1	0	7	32	0	0	3.84	4.22	4.029999999999999
16	1	1	5	27	0	0	6.0	6.17	6.085
16	1	0	8	33	0	0	3.13	3.3	3.215
16	1	0	26	24	0	0	9.29	8.54	8.915
16	1	2	30	3	0	0	6.05	6.25	6.15
16	1	0	25	32	0	0	4.9	5.07	4.985
16	1	1	10	33	0	0	9.77	9.93	9.85
16	1	0	8	29	0	0	11.62	12.65	12.135
16	1	0	11	29	0	0	7.31	7.48	7.395
16	1	0	16	27	0	0	13.14	13.31	13.225000000000001
16	1	0	21	20	0	0	8.37	7.92	8.145
16	1	0	10	11	0	0	9.18	9.35	9.265
16	1	1	29	15	0	0	9.22	9.39	9.305
16	1	0	5	16	0	0	10.13	10.26	10.195
16	1	3	7	12	0	0	15.31	15.52	15.415
16	1	0	21	33	0	0	4.91	5.1	5.005
16	1	0	23	29	0	0	20.86	21.04	20.95
16	1	0	9	26	0	0	7.73	7.23	7.48
16	1	0	30	29	0	0	4.85	5.02	4.935
16	1	0	30	21	0	0	4.16	3.99	4.075
16	1	2	13	4	0	0	5.35	5.23	5.29
16	1	0	31	32	0	0	6.08	6.27	6.175
16	1	0	29	31	0	0	4.72	4.33	4.525
16	1	0	21	32	0	0	4.93	4.66	4.795
16	1	1	20	8	0	0	11.41	11.6	11.504999999999999
16	1	2	25	2	0	0	7.92	8.04	7.9799999999999995
16	1	2	26	0	0	0	7.92	8.17	8.045
16	1	0	30	31	0	0	8.8	8.98	8.89
16	1	3	33	0	0	0	5.48	5.69	5.585000000000001
16	1	0	8	14	0	0	11.31	11.78	11.545
16	1	1	11	17	0	0	7.48	7.65	7.565
16	1	0	18	6	0	0	10.98	10.3	10.64
16	1	2	21	24	0	0	6.72	6.3	6.51
16	1	0	18	28	0	0	7.06	7.75	7.404999999999999
16	1	3	10	21	0	0	11.54	11.78	11.66
16	1	1	17	4	0	0	9.37	9.54	9.454999999999998
16	1	0	32	32	0	0	8.58	8.73	8.655000000000001
16	1	0	34	33	0	0	9.92	10.12	10.02
16	1	2	17	5	0	0	8.76	8.96	8.86
16	1	3	3	4	0	0	13.06	13.3	13.18
16	1	2	8	4	0	0	2.35	2.52	2.435
16	1	2	8	29	0	0	4.2	4.38	4.29
16	1	2	32	6	0	0	14.46	14.63	14.545000000000002
16	1	1	5	10	0	0	6.46	6.63	6.545
16	1	1	17	25	0	0	4.75	4.93	4.84
16	1	0	24	27	0	0	5.8	5.97	5.885
16	1	2	27	1	0	0	6.09	5.58	5.835
16	1	0	34	32	0	0	12.23	11.47	11.850000000000001
16	1	0	6	29	0	0	5.66	5.12	5.390000000000001
16	1	2	5	4	0	0	16.05	16.23	16.14
16	1	0	19	14	0	0	5.76	5.84	5.8
16	1	0	33	31	0	0	9.83	10.02	9.925
16	1	0	27	24	0	0	10.22	11.13	10.675
16	1	0	10	15	0	0	4.76	4.92	4.84
16	1	2	13	7	0	0	7.82	7.66	7.74
16	1	0	33	31	0	0	3.89	4.07	3.9800000000000004
16	1	2	21	3	0	0	5.89	6.1	5.994999999999999
16	1	2	22	21	0	0	11.35	11.53	11.44
16	1	0	21	26	0	0	15.82	16.01	15.915000000000001
16	1	0	29	27	0	0	7.56	7.93	7.744999999999999
16	1	3	11	4	0	0	10.22	10.47	10.345
16	1	2	23	3	0	0	6.18	6.41	6.295
16	1	0	18	20	0	0	5.63	5.97	5.8
16	1	0	11	31	0	0	13.37	12.42	12.895
16	1	0	26	23	0	0	7.77	8.53	8.149999999999999
16	1	0	27	19	0	0	8.36	8.02	8.19
16	1	0	33	19	0	0	5.68	5.79	5.734999999999999
16	1	0	21	21	0	0	12.85	11.99	12.42
16	1	2	25	33	0	0	12.28	12.48	12.379999999999999
16	1	0	12	26	0	0	12.21	13.04	12.625
16	1	0	25	27	0	0	3.83	4.0	3.915
16	1	2	22	1	0	0	8.59	8.82	8.705
16	1	2	21	3	0	0	6.43	6.62	6.525
16	1	0	22	7	0	0	7.85	8.0	7.925
16	1	1	5	19	0	0	3.82	3.96	3.8899999999999997
16	1	2	22	4	0	0	7.97	7.88	7.925
16	1	3	7	24	0	0	4.96	5.16	5.0600000000000005
16	1	0	29	23	0	0	5.47	5.84	5.654999999999999
16	1	0	22	33	0	0	4.08	4.26	4.17
16	1	2	15	1	0	0	3.8	4.02	3.9099999999999997
16	1	2	19	0	0	0	6.33	6.53	6.43
16	1	2	15	27	0	0	11.93	12.12	12.024999999999999
16	1	2	30	1	0	0	11.02	11.24	11.129999999999999
16	1	2	24	25	0	0	11.22	11.44	11.33
16	1	2	25	26	0	0	5.69	5.89	5.79
16	1	0	23	32	0	0	6.15	5.64	5.895
16	1	2	12	8	0	0	8.7	8.94	8.82
16	1	0	17	22	0	0	11.05	10.39	10.72
16	1	0	11	32	0	0	7.83	7.78	7.805
16	1	0	25	27	0	0	6.4	6.32	6.36
16	1	0	26	24	0	0	7.61	7.21	7.41
16	1	2	18	0	0	0	15.96	16.17	16.065
16	1	2	25	20	0	0	7.71	8.39	8.05
16	1	2	32	33	0	0	4.48	4.68	4.58
16	1	2	23	16	0	0	10.61	10.82	10.715
16	1	0	16	27	0	0	5.49	5.66	5.575
16	1	0	19	27	0	0	5.3	4.92	5.109999999999999
16	1	2	24	4	0	0	10.66	10.84	10.75
16	1	2	26	4	0	0	5.73	6.28	6.005000000000001
16	1	2	27	1	0	0	6.68	6.92	6.8
16	1	0	13	20	0	0	14.53	13.55	14.04
16	1	2	31	0	0	0	9.15	9.34	9.245000000000001
16	1	0	10	30	0	0	4.97	5.14	5.055
16	1	2	33	0	0	0	8.58	8.77	8.675
16	1	0	17	33	0	0	1.92	2.11	2.0149999999999997
16	1	0	6	0	0	0	11.42	12.4	11.91
16	1	0	7	19	0	0	7.06	6.55	6.805
16	1	0	8	25	0	0	8.13	8.32	8.225000000000001
16	1	0	9	15	0	0	13.09	13.29	13.19
16	1	1	8	31	0	0	10.01	10.2	10.105
16	1	3	25	22	0	0	16.12	16.33	16.225
16	1	0	27	31	0	0	8.55	8.74	8.645
16	1	3	5	19	0	0	14.71	14.91	14.81
16	1	0	12	26	0	0	17.56	17.75	17.655
16	1	0	30	24	0	0	12.2	11.23	11.715
16	1	1	27	8	0	0	13.08	13.26	13.17
16	1	2	28	5	0	0	10.0	10.18	10.09
16	1	1	4	29	0	0	8.06	8.24	8.15
16	1	2	5	5	0	0	7.15	6.87	7.01
16	1	2	6	31	0	0	8.4	8.58	8.49
16	1	2	19	1	0	0	8.17	8.1	8.135
16	1	3	5	4	0	0	13.58	13.82	13.7
16	1	0	18	21	0	0	8.89	9.05	8.97
16	1	0	29	23	0	0	11.8	11.57	11.685
16	1	2	24	0	0	0	4.97	5.17	5.07
16	1	0	31	29	0	0	3.27	3.36	3.315
17	1	0	29	9	0	0	12.89	12.2	12.545
17	1	0	3	30	0	0	12.03	12.01	12.02
17	1	3	5	8	0	0	4.79	4.98	4.885
17	1	1	3	25	0	0	5.99	6.18	6.085
17	1	2	15	0	0	0	3.61	3.81	3.71
17	1	2	17	7	0	0	9.92	9.57	9.745000000000001
17	1	2	18	0	0	0	12.69	12.88	12.785
17	1	2	13	2	0	0	9.38	9.17	9.275
17	1	1	8	30	0	0	6.35	6.52	6.435
17	1	1	12	28	0	0	8.39	8.59	8.49
17	1	1	13	33	0	0	15.6	15.77	15.684999999999999
17	1	0	20	33	0	0	15.05	15.23	15.14
17	1	2	9	15	0	0	7.96	8.17	8.065
17	1	2	31	16	0	0	8.96	8.85	8.905000000000001
17	1	0	32	24	0	0	4.65	4.8	4.725
17	1	0	17	33	0	0	5.4	5.6	5.5
17	1	0	7	3	0	0	10.36	10.55	10.455
17	1	2	7	3	0	0	4.55	4.76	4.654999999999999
17	1	2	8	8	0	0	9.97	10.17	10.07
17	1	0	20	31	0	0	7.03	6.8	6.915
17	1	3	26	13	0	0	7.0	7.23	7.115
17	1	1	15	25	0	0	6.05	6.3	6.175
17	1	1	16	27	0	0	6.12	6.24	6.18
17	1	0	20	25	0	0	13.3	13.5	13.4
17	1	2	20	4	0	0	3.83	4.0	3.915
17	1	2	30	7	0	0	6.23	5.74	5.985
17	1	2	28	5	0	0	5.82	6.0	5.91
17	1	0	29	22	0	0	12.41	12.57	12.49
17	1	2	25	0	0	0	15.76	15.95	15.855
17	1	2	28	2	0	0	3.54	3.74	3.64
17	1	2	19	0	0	0	12.5	12.7	12.6
17	1	2	10	14	0	0	12.06	12.3	12.18
17	1	0	19	28	0	0	4.42	4.6	4.51
17	1	0	19	26	0	0	7.32	7.21	7.265000000000001
17	1	0	11	20	0	0	4.53	4.71	4.62
17	1	2	12	19	0	0	11.86	12.05	11.955
17	1	0	31	33	0	0	8.14	7.51	7.825
17	1	0	32	26	0	0	10.19	10.37	10.28
17	1	2	21	3	0	0	6.31	6.44	6.375
17	1	0	31	21	0	0	5.9	6.05	5.975
17	1	1	13	27	0	0	9.43	8.95	9.19
17	1	1	11	29	0	0	15.89	16.06	15.975
17	1	0	20	28	0	0	8.75	8.31	8.530000000000001
17	1	1	16	28	0	0	5.28	5.48	5.380000000000001
17	1	2	16	0	0	0	10.48	10.69	10.585
17	1	0	22	25	0	0	8.25	8.95	8.6
17	1	0	16	19	0	0	6.02	6.18	6.1
17	1	1	20	32	0	0	12.04	12.21	12.125
17	1	2	21	16	0	0	12.27	12.46	12.365
17	1	0	4	9	0	0	2.66	2.84	2.75
17	1	0	25	22	0	0	6.27	6.43	6.35
17	1	2	21	0	0	0	11.77	11.97	11.870000000000001
17	1	2	26	15	0	0	3.7	3.9	3.8
17	1	0	5	25	0	0	3.43	3.61	3.52
17	1	3	3	0	0	0	16.9	17.15	17.025
17	1	0	20	27	0	0	6.82	7.28	7.050000000000001
17	1	1	6	23	0	0	8.77	9.39	9.08
17	1	3	5	12	0	0	16.44	16.64	16.54
17	1	1	25	7	0	0	7.1	7.28	7.1899999999999995
17	1	2	24	0	0	0	8.65	8.21	8.43
17	1	2	26	17	0	0	9.31	9.53	9.42
17	1	2	29	5	0	0	3.89	3.52	3.705
17	1	2	31	19	0	0	15.01	15.2	15.105
17	1	0	7	26	0	0	14.21	14.38	14.295000000000002
17	1	2	21	2	0	0	5.97	6.52	6.244999999999999
17	1	0	29	32	0	0	13.2	13.37	13.285
17	1	2	10	3	0	0	6.78	6.17	6.475
17	1	2	10	31	0	0	12.9	13.09	12.995000000000001
17	1	0	15	24	0	0	10.62	10.78	10.7
17	1	0	19	33	0	0	3.67	4.01	3.84
17	1	0	21	20	0	0	8.65	8.44	8.545
17	1	0	17	28	0	0	9.56	8.82	9.190000000000001
17	1	0	18	28	0	0	7.84	8.0	7.92
17	1	0	19	27	0	0	2.95	3.12	3.035
17	1	0	21	28	0	0	8.64	8.83	8.735
17	1	2	29	0	0	0	5.82	6.01	5.915
17	1	0	11	27	0	0	8.02	7.62	7.82
17	1	2	30	20	0	0	10.19	9.52	9.855
17	1	3	12	0	0	0	14.38	14.62	14.5
17	1	0	9	21	0	0	6.21	6.37	6.29
17	1	3	11	30	0	0	4.58	4.8	4.6899999999999995
17	1	2	18	1	0	0	7.26	7.01	7.135
17	1	0	18	19	0	0	7.76	6.99	7.375
17	1	0	31	31	0	0	8.42	8.18	8.3
17	1	0	32	23	0	0	12.92	13.07	12.995000000000001
17	1	0	21	23	0	0	7.45	7.92	7.6850000000000005
17	1	1	6	27	0	0	6.1	6.28	6.1899999999999995
17	1	1	6	30	0	0	6.2	6.37	6.285
17	1	2	30	3	0	0	6.69	6.9	6.795
17	1	0	33	32	0	0	16.76	16.94	16.85
17	1	0	23	25	0	0	14.45	14.65	14.55
17	1	0	6	28	0	0	9.51	9.75	9.629999999999999
17	1	3	32	1	0	0	9.53	9.76	9.645
17	1	0	21	25	0	0	6.32	6.53	6.425000000000001
17	1	2	17	2	0	0	6.65	6.86	6.755000000000001
17	1	2	16	3	0	0	6.73	6.95	6.84
17	1	0	26	31	0	0	4.49	4.8	4.645
17	1	0	27	29	0	0	4.08	3.85	3.965
17	1	0	13	28	0	0	16.42	16.58	16.5
17	1	0	26	24	0	0	9.07	8.58	8.825
17	1	0	29	22	0	0	13.46	13.63	13.545000000000002
17	1	1	3	33	0	0	4.31	4.47	4.39
17	1	0	13	25	0	0	6.34	6.51	6.425
17	1	0	16	32	0	0	8.8	9.67	9.235
17	1	0	24	19	0	0	9.53	9.22	9.375
17	1	0	16	31	0	0	10.99	10.85	10.92
17	1	0	8	27	0	0	9.57	8.97	9.27
17	1	0	30	26	0	0	4.76	4.83	4.795
17	1	0	11	32	0	0	6.47	6.63	6.55
17	1	0	17	31	0	0	9.17	9.7	9.434999999999999
17	1	2	22	5	0	0	7.37	7.45	7.41
17	1	0	29	31	0	0	5.11	5.49	5.300000000000001
17	1	0	30	29	0	0	6.87	7.36	7.115
17	1	1	23	26	0	0	14.33	14.52	14.425
17	1	2	7	2	0	0	13.68	13.9	13.79
17	1	2	16	11	0	0	4.54	4.35	4.445
17	1	0	23	32	0	0	5.01	4.94	4.975
17	1	1	20	20	0	0	14.14	14.34	14.24
17	1	0	10	20	0	0	10.7	11.19	10.945
17	1	0	5	32	0	0	11.72	10.86	11.29
17	1	3	30	6	0	0	5.5	5.68	5.59
17	1	0	26	32	0	0	5.56	5.19	5.375
17	1	0	32	33	0	0	6.01	5.74	5.875
17	1	2	15	15	0	0	10.8	10.39	10.595
17	1	2	11	13	0	0	2.84	3.06	2.95
17	1	2	28	20	0	0	8.03	7.6	7.8149999999999995
17	1	0	20	23	0	0	11.88	11.88	11.88
17	1	2	21	2	0	0	7.56	7.78	7.67
17	1	1	11	10	0	0	10.2	10.37	10.285
17	1	2	10	8	0	0	8.06	8.3	8.18
17	1	3	8	4	0	0	9.36	9.59	9.475
17	1	3	3	31	0	0	12.21	12.43	12.32
17	1	0	25	33	0	0	4.54	4.27	4.404999999999999
17	1	0	24	25	0	0	11.02	12.03	11.524999999999999
17	1	2	27	15	0	0	8.93	9.15	9.04
17	1	2	29	20	0	0	14.07	14.28	14.175
17	1	0	26	25	0	0	6.09	6.19	6.140000000000001
17	1	0	34	22	0	0	8.37	7.63	8.0
17	1	2	31	1	0	0	8.16	8.39	8.275
17	1	3	7	21	0	0	14.07	14.31	14.190000000000001
17	1	2	26	0	0	0	8.68	8.88	8.780000000000001
17	1	0	18	26	0	0	17.22	18.62	17.92
17	1	2	26	0	0	0	10.71	11.0	10.855
17	1	2	16	32	0	0	14.02	14.23	14.125
17	1	0	27	32	0	0	11.58	11.17	11.375
17	1	2	15	2	0	0	5.91	6.12	6.015000000000001
17	1	0	25	32	0	0	4.85	5.03	4.9399999999999995
17	1	0	16	32	0	0	5.13	5.3	5.215
17	1	0	24	33	0	0	11.41	10.5	10.955
17	1	0	17	32	0	0	7.26	7.0	7.13
17	1	0	16	20	0	0	12.2	11.78	11.989999999999998
17	1	2	28	2	0	0	6.02	6.22	6.119999999999999
17	1	2	25	4	0	0	6.51	6.69	6.6
17	1	0	4	29	0	0	11.09	11.58	11.335
17	1	0	33	28	0	0	6.81	6.26	6.535
17	1	0	9	23	0	0	10.39	9.72	10.055
17	1	0	13	14	0	0	11.21	11.25	11.23
17	1	2	26	5	0	0	10.74	10.9	10.82
17	1	2	20	1	0	0	8.1	8.33	8.215
17	1	1	5	21	0	0	5.33	5.49	5.41
17	1	0	27	27	0	0	4.94	5.09	5.015000000000001
17	1	2	21	16	0	0	9.01	9.2	9.105
17	1	0	12	30	0	0	6.71	6.89	6.8
17	1	2	14	2	0	0	4.16	3.89	4.025
17	1	2	20	26	0	0	10.5	10.92	10.71
17	1	2	10	0	0	0	16.89	17.09	16.990000000000002
17	1	2	5	13	0	0	5.44	5.64	5.54
17	1	0	26	33	0	0	14.04	14.21	14.125
18	1	0	27	30	0	0	4.18	4.36	4.27
18	1	2	17	1	0	0	5.33	5.54	5.4350000000000005
18	1	0	32	24	0	0	5.3	5.46	5.38
18	1	2	4	3	0	0	6.4	7.0	6.7
18	1	2	5	13	0	0	6.98	7.18	7.08
18	1	3	3	13	0	0	9.25	9.45	9.35
18	1	0	8	12	0	0	10.73	10.91	10.82
18	1	2	20	2	0	0	3.39	3.61	3.5
18	1	2	17	14	0	0	6.78	6.46	6.62
18	1	3	12	4	0	0	15.48	15.72	15.600000000000001
18	1	2	4	9	0	0	15.06	15.26	15.16
18	1	2	31	3	0	0	6.24	6.72	6.48
18	1	2	8	4	0	0	7.36	7.53	7.445
18	1	2	18	5	0	0	2.78	2.6	2.69
18	1	2	19	15	0	0	8.37	8.59	8.48
18	1	2	3	1	0	0	7.09	7.32	7.205
18	1	2	6	3	0	0	5.08	5.31	5.195
18	1	0	23	21	0	0	8.97	9.14	9.055
18	1	1	13	3	0	0	5.86	6.05	5.955
18	1	1	3	25	0	0	8.61	8.79	8.7
18	1	1	4	24	0	0	7.51	7.68	7.595
18	1	2	12	3	0	0	6.51	6.83	6.67
18	1	0	5	32	0	0	13.25	13.41	13.33
18	1	0	6	31	0	0	5.57	5.73	5.65
18	1	0	16	33	0	0	10.68	10.87	10.774999999999999
18	1	0	24	32	0	0	10.25	10.41	10.33
18	1	0	29	6	0	0	7.14	7.3	7.22
18	1	0	3	28	0	0	8.8	8.33	8.565000000000001
18	1	0	6	20	0	0	8.16	7.42	7.79
18	1	0	17	23	0	0	8.03	8.41	8.219999999999999
18	1	0	18	30	0	0	6.42	6.22	6.32
18	1	0	26	25	0	0	14.25	14.53	14.39
18	1	0	30	25	0	0	6.68	6.93	6.805
18	1	0	32	29	0	0	5.18	5.34	5.26
18	1	0	33	29	0	0	6.1	5.72	5.91
18	1	0	34	24	0	0	2.71	2.87	2.79
18	1	0	7	31	0	0	12.56	12.7	12.629999999999999
18	1	0	22	15	0	0	5.53	5.14	5.335
18	1	0	20	20	0	0	7.25	6.74	6.995
18	1	1	25	9	0	0	6.74	6.94	6.84
18	1	1	26	8	0	0	12.49	12.68	12.585
18	1	0	19	29	0	0	2.38	2.55	2.465
18	1	0	29	23	0	0	15.8	15.95	15.875
18	1	0	27	22	0	0	10.03	10.2	10.114999999999998
18	1	0	26	28	0	0	4.95	5.31	5.13
18	1	1	9	22	0	0	9.39	9.58	9.485
18	1	0	25	31	0	0	5.14	4.95	5.045
18	1	2	26	2	0	0	9.11	9.32	9.215
18	1	0	29	5	0	0	12.16	12.32	12.24
18	1	0	33	6	0	0	11.93	11.69	11.809999999999999
18	1	2	16	2	0	0	4.6	4.82	4.71
18	1	2	24	3	0	0	4.37	4.59	4.48
18	1	2	16	3	0	0	7.97	8.19	8.08
18	1	1	12	29	0	0	4.11	4.3	4.205
18	1	0	25	31	0	0	9.41	9.58	9.495000000000001
18	1	1	18	23	0	0	15.29	15.45	15.37
18	1	3	10	15	0	0	10.84	11.07	10.955
18	1	2	13	2	0	0	8.31	8.02	8.165
18	1	2	16	17	0	0	10.93	11.82	11.375
18	1	0	13	2	0	0	10.78	10.94	10.86
18	1	2	28	1	0	0	9.14	9.36	9.25
18	1	0	25	28	0	0	9.85	10.03	9.94
18	1	2	15	0	0	0	9.2	9.4	9.3
18	1	2	9	3	0	0	6.63	6.49	6.5600000000000005
18	1	2	15	2	0	0	7.8	7.53	7.665
18	1	0	27	22	0	0	3.17	3.34	3.255
18	1	0	30	24	0	0	6.73	6.06	6.395
18	1	0	5	30	0	0	10.97	11.14	11.055
18	1	0	9	32	0	0	9.72	9.25	9.485
18	1	2	27	5	0	0	8.73	8.94	8.835
18	1	2	13	23	0	0	6.28	6.12	6.2
18	1	2	9	5	0	0	10.97	11.14	11.055
18	1	0	24	27	0	0	8.22	8.38	8.3
18	1	2	25	3	0	0	3.04	3.24	3.14
18	1	0	10	20	0	0	5.9	5.93	5.915
18	1	0	31	30	0	0	6.55	6.3	6.425
18	1	0	3	29	0	0	6.19	5.73	5.960000000000001
18	1	2	17	6	0	0	12.2	11.14	11.67
18	1	0	22	20	0	0	7.09	7.29	7.1899999999999995
18	1	0	9	29	0	0	7.19	7.36	7.275
18	1	0	23	20	0	0	15.46	13.94	14.7
18	1	0	23	21	0	0	11.03	12.09	11.559999999999999
18	1	0	34	23	0	0	13.51	13.67	13.59
18	1	2	22	5	0	0	7.32	8.03	7.675
18	1	0	32	24	0	0	9.1	9.27	9.184999999999999
18	1	0	18	30	0	0	14.35	14.52	14.434999999999999
18	1	0	17	33	0	0	4.01	4.19	4.1
18	1	2	26	5	0	0	5.15	5.33	5.24
18	1	2	3	6	0	0	7.84	7.97	7.904999999999999
18	1	2	31	0	0	0	9.18	9.38	9.280000000000001
18	1	2	27	0	0	0	9.66	9.85	9.754999999999999
18	1	1	4	7	0	0	4.21	4.39	4.3
18	1	0	10	26	0	0	5.74	5.98	5.86
18	1	0	34	32	0	0	7.65	7.83	7.74
18	1	1	4	24	0	0	6.56	6.73	6.645
18	1	2	26	0	0	0	8.9	9.09	8.995000000000001
18	1	0	5	28	0	0	9.11	8.85	8.98
18	1	2	12	17	0	0	11.49	12.4	11.945
18	1	2	12	6	0	0	7.78	7.09	7.4350000000000005
18	1	0	23	22	0	0	18.1	18.28	18.19
18	1	0	34	23	0	0	8.67	9.42	9.045
18	1	0	21	26	0	0	13.88	14.07	13.975000000000001
18	1	0	24	27	0	0	6.14	6.29	6.215
18	1	2	22	0	0	0	5.43	5.63	5.529999999999999
18	1	0	30	21	0	0	5.8	6.23	6.015000000000001
18	1	2	20	20	0	0	12.61	12.8	12.705
18	1	2	21	22	0	0	11.15	11.35	11.25
18	1	0	31	23	0	0	9.27	9.26	9.265
18	1	2	27	1	0	0	8.72	8.95	8.835
18	1	2	28	0	0	0	7.92	8.26	8.09
18	1	0	21	29	0	0	2.27	2.45	2.3600000000000003
18	1	2	11	6	0	0	6.9	6.66	6.78
18	1	0	30	26	0	0	7.04	7.23	7.135
18	1	3	4	18	0	0	8.54	8.77	8.655
18	1	1	5	29	0	0	7.12	7.29	7.205
18	1	2	31	4	0	0	4.96	5.15	5.055
18	1	3	7	22	0	0	2.09	2.29	2.19
18	1	1	15	33	0	0	5.27	5.44	5.355
18	1	2	11	27	0	0	8.82	9.0	8.91
18	1	2	33	5	0	0	12.94	13.13	13.035
18	1	2	14	11	0	0	10.14	10.34	10.24
18	1	2	32	4	0	0	8.08	8.79	8.434999999999999
18	1	0	10	7	0	0	7.47	7.63	7.55
18	1	0	23	32	0	0	3.12	3.31	3.215
18	1	0	17	26	0	0	9.09	8.68	8.885
18	1	0	9	28	0	0	6.12	6.48	6.300000000000001
18	1	2	19	3	0	0	6.46	5.99	6.225
18	1	3	9	3	0	0	13.46	13.67	13.565000000000001
18	1	0	23	29	0	0	11.35	11.21	11.280000000000001
18	1	2	27	1	0	0	5.78	6.24	6.01
18	1	1	19	22	0	0	7.27	7.48	7.375
18	1	2	26	7	0	0	5.91	6.43	6.17
18	1	2	27	19	0	0	13.1	13.29	13.195
18	1	0	27	30	0	0	6.06	5.6	5.83
18	1	1	5	22	0	0	6.71	6.88	6.795
18	1	2	11	0	0	0	11.33	11.48	11.405000000000001
18	1	0	13	31	0	0	10.96	11.52	11.24
18	1	2	4	3	0	0	8.62	8.16	8.39
18	1	0	22	20	0	0	4.77	4.43	4.6
18	1	2	17	3	0	0	7.94	7.85	7.895
18	1	2	30	5	0	0	3.21	3.4	3.3049999999999997
18	1	0	20	32	0	0	13.0	13.17	13.085
18	1	0	34	6	0	0	6.86	7.03	6.945
18	1	0	16	29	0	0	11.2	11.11	11.155
18	1	0	20	5	0	0	4.26	4.55	4.404999999999999
18	1	2	4	8	0	0	6.45	6.16	6.305
18	1	2	5	3	0	0	5.54	5.22	5.38
18	1	2	27	5	0	0	7.63	8.12	7.875
18	1	2	16	3	0	0	5.0	5.03	5.015000000000001
18	1	1	23	18	0	0	11.52	11.69	11.605
18	1	0	31	28	0	0	8.5	7.67	8.085
18	1	0	31	30	0	0	4.99	5.17	5.08
18	1	0	19	21	0	0	11.06	11.66	11.36
18	1	0	25	31	0	0	9.76	9.93	9.844999999999999
18	1	2	21	5	0	0	8.76	8.93	8.844999999999999
18	1	2	24	1	0	0	4.81	4.45	4.63
18	1	2	18	3	0	0	9.14	9.36	9.25
18	1	2	20	6	0	0	11.36	11.56	11.46
18	1	2	4	2	0	0	9.58	9.79	9.684999999999999
18	1	2	5	0	0	0	11.24	11.44	11.34
18	1	0	20	33	0	0	16.14	16.31	16.225
18	1	0	17	19	0	0	12.21	11.36	11.785
18	1	2	10	7	0	0	7.93	7.54	7.734999999999999
18	1	1	9	8	0	0	9.71	9.91	9.81
18	1	2	17	14	0	0	11.06	11.29	11.175
19	1	2	33	0	0	0	12.77	13.82	13.295
19	1	0	24	28	0	0	7.71	7.88	7.795
19	1	2	11	6	0	0	13.61	13.53	13.57
19	1	1	31	33	0	0	8.24	8.41	8.325
19	1	0	27	2	0	0	13.73	13.9	13.815000000000001
19	1	2	8	3	0	0	7.82	8.03	7.925
19	1	2	20	4	0	0	7.57	7.76	7.665
19	1	1	28	23	0	0	9.63	9.78	9.705
19	1	1	10	20	0	0	10.41	10.61	10.51
19	1	2	17	2	0	0	9.02	9.23	9.125
19	1	2	32	0	0	0	10.72	10.91	10.815000000000001
19	1	3	25	18	0	0	7.1	7.35	7.225
19	1	0	32	27	0	0	15.15	15.31	15.23
19	1	1	3	23	0	0	14.29	14.46	14.375
19	1	2	17	3	0	0	3.95	4.17	4.0600000000000005
19	1	2	17	1	0	0	13.33	12.91	13.120000000000001
19	1	2	5	1	0	0	5.52	5.74	5.63
19	1	0	27	23	0	0	6.62	6.78	6.7
19	1	0	27	33	0	0	9.43	9.62	9.524999999999999
19	1	0	23	28	0	0	5.32	5.5	5.41
19	1	0	24	15	0	0	8.24	8.44	8.34
19	1	0	13	22	0	0	15.06	15.21	15.135000000000002
19	1	0	15	24	0	0	5.88	6.04	5.96
19	1	1	4	6	0	0	6.74	6.94	6.84
19	1	2	28	6	0	0	12.69	11.49	12.09
19	1	1	8	17	0	0	19.82	19.98	19.9
19	1	3	12	1	0	0	19.66	19.9	19.78
19	1	3	21	26	0	0	9.19	9.43	9.309999999999999
19	1	0	5	21	0	0	6.7	6.86	6.78
19	1	3	30	2	0	0	8.73	9.24	8.985
19	1	2	18	3	0	0	5.68	5.89	5.785
19	1	0	29	23	0	0	6.36	6.51	6.4350000000000005
19	1	0	33	30	0	0	6.38	6.56	6.47
19	1	0	27	24	0	0	11.29	11.46	11.375
19	1	0	21	31	0	0	10.2	10.38	10.29
19	1	0	20	33	0	0	9.23	9.41	9.32
19	1	1	3	22	0	0	11.71	11.91	11.81
19	1	0	34	27	0	0	2.63	2.81	2.7199999999999998
19	1	0	30	25	0	0	12.69	12.88	12.785
19	1	2	32	22	0	0	9.45	9.66	9.555
19	1	2	9	0	0	0	4.86	5.05	4.955
19	1	0	13	7	0	0	15.3	15.46	15.38
19	1	0	31	29	0	0	10.27	10.48	10.375
19	1	0	32	30	0	0	10.32	10.44	10.379999999999999
19	1	2	26	2	0	0	2.97	3.17	3.0700000000000003
19	1	0	17	32	0	0	4.23	4.6	4.415
19	1	0	21	30	0	0	7.41	7.59	7.5
19	1	0	22	31	0	0	12.6	12.78	12.69
19	1	0	15	33	0	0	8.65	9.18	8.915
19	1	0	16	32	0	0	11.4	11.58	11.49
19	1	0	10	32	0	0	10.15	10.31	10.23
19	1	3	10	4	0	0	5.66	5.92	5.79
19	1	2	19	0	0	0	10.88	11.08	10.98
19	1	0	25	28	0	0	20.83	21.01	20.92
19	1	0	20	19	0	0	1.87	2.04	1.955
19	1	2	29	2	0	0	7.62	7.82	7.720000000000001
19	1	2	26	19	0	0	4.93	5.12	5.025
19	1	2	17	20	0	0	16.31	16.52	16.415
19	1	2	15	0	0	0	11.3	11.54	11.42
19	1	0	31	25	0	0	6.4	6.59	6.495
19	1	2	15	23	0	0	11.34	12.0	11.67
19	1	1	25	30	0	0	7.86	8.04	7.949999999999999
19	1	1	26	31	0	0	9.74	9.94	9.84
19	1	0	19	29	0	0	10.21	10.39	10.3
19	1	0	29	27	0	0	9.0	9.32	9.16
19	1	2	25	21	0	0	4.9	4.97	4.9350000000000005
19	1	2	26	3	0	0	19.92	20.12	20.020000000000003
19	1	1	8	17	0	0	12.57	12.74	12.655000000000001
19	1	0	16	28	0	0	5.76	5.94	5.85
19	1	0	21	30	0	0	4.81	4.42	4.615
19	1	2	33	21	0	0	9.43	9.59	9.51
19	1	0	13	15	0	0	9.17	8.96	9.065000000000001
19	1	1	5	24	0	0	8.88	9.03	8.955
19	1	0	22	29	0	0	6.15	6.34	6.245
19	1	0	13	22	0	0	7.7	7.85	7.775
19	1	0	29	23	0	0	8.77	8.06	8.415
19	1	0	27	25	0	0	11.85	12.13	11.99
19	1	2	30	6	0	0	2.24	2.43	2.335
19	1	2	4	31	0	0	8.63	8.81	8.72
19	1	0	17	21	0	0	10.2	10.92	10.559999999999999
19	1	2	26	5	0	0	9.05	9.23	9.14
19	1	1	11	26	0	0	9.25	9.41	9.33
19	1	2	33	14	0	0	11.81	10.88	11.345
19	1	2	32	3	0	0	15.12	15.33	15.225
19	1	0	16	24	0	0	7.89	8.46	8.175
19	1	0	19	30	0	0	5.71	5.89	5.8
19	1	0	32	22	0	0	8.71	8.87	8.79
19	1	0	25	28	0	0	20.16	20.34	20.25
19	1	3	3	0	0	0	5.56	5.8	5.68
19	1	0	33	33	0	0	10.4	10.39	10.395
19	1	0	34	22	0	0	8.35	8.8	8.575
19	1	1	8	21	0	0	14.43	15.7	15.065
19	1	1	9	16	0	0	17.48	17.68	17.58
19	1	0	10	29	0	0	6.9	7.06	6.98
19	1	0	6	27	0	0	10.09	10.57	10.33
19	1	0	8	24	0	0	9.48	9.63	9.555
19	1	0	31	27	0	0	5.61	5.79	5.7
19	1	2	23	5	0	0	7.92	8.13	8.025
19	1	0	15	26	0	0	12.99	12.06	12.525
19	1	1	9	29	0	0	6.79	6.97	6.88
19	1	2	23	18	0	0	10.62	10.76	10.69
19	1	1	6	17	0	0	7.87	8.03	7.949999999999999
19	1	0	16	14	0	0	8.3	7.96	8.13
19	1	2	21	0	0	0	5.52	5.71	5.615
19	1	0	17	32	0	0	8.62	9.18	8.899999999999999
19	1	2	22	1	0	0	6.29	6.51	6.4
19	1	0	23	29	0	0	6.04	6.22	6.13
19	1	3	13	7	0	0	11.95	12.19	12.07
19	1	0	8	27	0	0	5.14	4.98	5.0600000000000005
19	1	0	21	25	0	0	10.73	10.28	10.504999999999999
19	1	2	25	3	0	0	6.31	6.51	6.41
19	1	2	25	4	0	0	9.06	9.24	9.15
19	1	2	10	4	0	0	7.57	7.42	7.495
19	1	1	4	12	0	0	10.55	10.72	10.635000000000002
19	1	2	24	0	0	0	8.48	8.69	8.585
19	1	0	11	23	0	0	7.79	8.15	7.970000000000001
19	1	0	30	28	0	0	10.03	10.88	10.455
19	1	2	25	0	0	0	9.16	9.35	9.254999999999999
19	1	0	33	33	0	0	14.86	15.03	14.945
19	1	0	5	19	0	0	10.18	10.89	10.535
19	1	2	6	7	0	0	14.65	14.85	14.75
19	1	2	12	1	0	0	2.67	2.9	2.785
19	1	0	10	27	0	0	9.4	10.19	9.795
19	1	0	20	25	0	0	4.92	5.32	5.12
19	1	2	14	1	0	0	8.25	8.47	8.36
19	1	1	11	30	0	0	5.58	5.75	5.665
19	1	0	33	23	0	0	12.75	13.15	12.95
19	1	0	33	28	0	0	5.14	5.09	5.115
19	1	2	27	3	0	0	9.17	9.39	9.280000000000001
19	1	2	23	4	0	0	6.37	6.49	6.43
19	1	2	24	19	0	0	21.12	21.31	21.215
19	1	0	12	21	0	0	2.81	2.98	2.895
19	1	1	9	29	0	0	4.02	4.2	4.109999999999999
19	1	3	30	2	0	0	14.28	14.47	14.375
19	1	1	8	14	0	0	9.59	9.77	9.68
19	1	0	7	33	0	0	14.12	12.92	13.52
19	1	2	27	0	0	0	10.63	10.74	10.685
19	1	2	12	3	0	0	10.53	10.73	10.629999999999999
19	1	1	4	27	0	0	11.31	11.51	11.41
19	1	2	21	3	0	0	6.31	6.12	6.215
19	1	0	9	28	0	0	11.38	10.35	10.865
19	1	1	12	30	0	0	8.61	8.78	8.695
19	1	0	22	27	0	0	6.8	6.99	6.895
19	1	0	3	25	0	0	9.02	9.59	9.305
19	1	2	17	8	0	0	10.51	10.64	10.575
19	1	2	17	5	0	0	6.49	6.69	6.59
19	1	2	20	19	0	0	8.94	8.18	8.559999999999999
19	1	0	12	23	0	0	6.28	5.89	6.085
19	1	2	8	3	0	0	10.44	9.99	10.215
19	1	0	25	28	0	0	16.3	16.47	16.384999999999998
19	1	0	3	32	0	0	6.74	6.46	6.6
19	1	3	9	24	0	0	11.11	11.29	11.2
19	1	2	31	4	0	0	9.79	9.13	9.46
19	1	0	34	30	0	0	8.89	9.07	8.98
20	1	0	12	21	0	0	9.82	9.98	9.9
20	1	0	12	24	0	0	12.97	14.09	13.530000000000001
20	1	0	30	33	0	0	9.73	9.91	9.82
20	1	0	32	33	0	0	5.49	5.67	5.58
20	1	0	16	24	0	0	5.84	6.01	5.925
20	1	0	27	33	0	0	6.82	7.01	6.915
20	1	0	21	22	0	0	7.1	7.28	7.1899999999999995
20	1	0	22	19	0	0	6.34	6.51	6.425
20	1	0	32	32	0	0	8.27	8.41	8.34
20	1	0	20	24	0	0	4.77	4.95	4.859999999999999
20	1	1	24	5	0	0	4.24	4.42	4.33
20	1	1	14	9	0	0	9.82	10.01	9.915
20	1	1	15	32	0	0	12.33	12.54	12.434999999999999
20	1	1	16	32	0	0	11.55	11.21	11.38
20	1	0	8	22	0	0	14.19	14.35	14.27
20	1	0	11	28	0	0	13.93	14.49	14.21
20	1	0	26	33	0	0	16.44	16.62	16.53
20	1	0	19	21	0	0	7.08	7.25	7.165
20	1	0	33	25	0	0	9.13	9.32	9.225000000000001
20	1	0	18	33	0	0	11.38	11.55	11.465
20	1	1	16	29	0	0	9.32	9.9	9.61
20	1	1	17	9	0	0	13.77	14.05	13.91
20	1	3	13	7	0	0	13.18	12.96	13.07
20	1	2	22	5	0	0	5.07	5.27	5.17
20	1	2	24	0	0	0	10.97	11.17	11.07
20	1	2	27	1	0	0	7.26	7.49	7.375
20	1	2	28	4	0	0	11.81	10.66	11.235
20	1	2	31	2	0	0	10.49	10.16	10.325
20	1	1	4	24	0	0	13.19	13.36	13.274999999999999
20	1	2	11	4	0	0	6.34	6.53	6.4350000000000005
20	1	1	24	27	0	0	9.71	10.31	10.010000000000002
20	1	0	18	22	0	0	6.92	7.07	6.995
20	1	2	28	16	0	0	8.42	8.6	8.51
20	1	3	9	31	0	0	4.85	4.51	4.68
20	1	3	10	5	0	0	10.05	10.89	10.47
20	1	0	27	24	0	0	10.88	11.06	10.97
20	1	2	12	3	0	0	7.97	8.19	8.08
20	1	0	24	30	0	0	10.58	9.94	10.26
20	1	0	25	28	0	0	9.77	9.08	9.425
20	1	0	13	27	0	0	14.33	13.48	13.905000000000001
20	1	2	25	6	0	0	12.72	12.0	12.36
20	1	0	9	24	0	0	3.71	3.87	3.79
20	1	0	32	23	0	0	7.53	7.67	7.6
20	1	1	16	27	0	0	20.12	20.3	20.21
20	1	0	12	20	0	0	5.96	6.15	6.055
20	1	2	18	0	0	0	6.55	6.76	6.654999999999999
20	1	2	18	2	0	0	5.36	5.32	5.34
20	1	2	19	2	0	0	6.94	7.16	7.050000000000001
20	1	0	30	31	0	0	11.38	10.75	11.065000000000001
20	1	2	14	8	0	0	3.42	3.67	3.545
20	1	0	31	22	0	0	5.64	5.79	5.715
20	1	2	8	22	0	0	12.67	12.91	12.79
20	1	0	15	19	0	0	2.57	2.8	2.6849999999999996
20	1	0	16	32	0	0	5.06	5.23	5.145
20	1	0	31	20	0	0	8.92	8.75	8.835
20	1	0	27	28	0	0	5.18	5.36	5.27
20	1	2	28	2	0	0	13.73	12.88	13.305
20	1	0	25	23	0	0	15.69	15.85	15.77
20	1	0	20	30	0	0	3.58	3.75	3.665
20	1	0	11	23	0	0	12.05	11.54	11.795
20	1	0	12	15	0	0	3.74	3.95	3.845
20	1	0	16	13	0	0	13.31	12.24	12.775
20	1	2	15	1	0	0	4.47	4.7	4.585
20	1	0	19	33	0	0	6.73	6.91	6.82
20	1	1	12	28	0	0	10.13	10.15	10.14
20	1	2	21	6	0	0	3.44	3.63	3.535
20	1	0	23	23	0	0	8.56	8.42	8.49
20	1	2	18	4	0	0	9.94	10.33	10.135
20	1	0	12	32	0	0	6.36	6.54	6.45
20	1	3	10	32	0	0	8.33	8.55	8.440000000000001
20	1	1	32	27	0	0	11.07	11.81	11.440000000000001
20	1	0	20	14	0	0	9.82	10.17	9.995000000000001
20	1	0	31	31	0	0	7.12	7.26	7.1899999999999995
20	1	0	29	32	0	0	4.5	4.67	4.585
20	1	2	26	4	0	0	4.42	4.59	4.505
20	1	3	19	20	0	0	8.84	9.04	8.94
20	1	0	18	29	0	0	6.53	6.7	6.615
20	1	0	3	26	0	0	13.72	13.69	13.705
20	1	3	3	0	0	0	21.14	21.38	21.259999999999998
20	1	2	21	1	0	0	6.89	7.11	7.0
20	1	0	22	20	0	0	7.13	7.33	7.23
20	1	2	19	4	0	0	2.11	2.3	2.205
20	1	2	26	19	0	0	5.29	5.48	5.385
20	1	0	31	30	0	0	5.38	5.55	5.465
20	1	2	14	5	0	0	4.88	5.07	4.975
20	1	0	21	31	0	0	8.26	8.88	8.57
20	1	2	9	30	0	0	2.81	2.98	2.895
20	1	2	8	5	0	0	6.74	6.93	6.835
20	1	2	28	3	0	0	10.15	10.01	10.08
20	1	0	29	32	0	0	15.21	13.87	14.54
20	1	1	5	32	0	0	5.16	5.29	5.225
20	1	0	27	20	0	0	8.7	8.63	8.665
20	1	1	5	19	0	0	7.16	7.45	7.305
20	1	1	20	22	0	0	11.62	11.04	11.329999999999998
20	1	0	22	28	0	0	10.04	9.99	10.015
20	1	0	19	26	0	0	8.44	9.0	8.719999999999999
20	1	0	12	26	0	0	12.66	12.85	12.754999999999999
20	1	2	27	4	0	0	9.79	10.25	10.02
20	1	0	5	29	0	0	14.8	15.35	15.075
20	1	0	7	29	0	0	3.68	3.84	3.76
20	1	2	20	1	0	0	10.06	10.41	10.235
20	1	0	29	28	0	0	8.82	9.06	8.940000000000001
20	1	2	23	5	0	0	10.17	10.08	10.125
20	1	0	22	32	0	0	10.49	10.22	10.355
20	1	0	32	29	0	0	8.89	9.54	9.215
20	1	0	18	25	0	0	6.17	6.35	6.26
20	1	2	26	6	0	0	5.76	5.95	5.855
20	1	0	22	33	0	0	3.04	3.24	3.14
20	1	2	25	6	0	0	5.47	5.65	5.5600000000000005
20	1	0	29	32	0	0	9.38	9.73	9.555
20	1	2	31	14	0	0	9.77	10.13	9.95
20	1	2	32	3	0	0	9.88	9.88	9.88
20	1	2	33	6	0	0	7.47	7.66	7.5649999999999995
20	1	1	3	30	0	0	7.77	7.95	7.859999999999999
20	1	1	4	32	0	0	10.84	11.23	11.035
20	1	2	25	6	0	0	4.69	4.88	4.785
20	1	0	9	6	0	0	3.65	3.83	3.74
20	1	3	4	7	0	0	7.64	7.87	7.755
20	1	0	24	32	0	0	11.73	10.68	11.205
20	1	2	19	1	0	0	5.58	5.81	5.695
20	1	0	4	32	0	0	12.75	11.89	12.32
20	1	2	19	0	0	0	10.8	11.0	10.9
20	1	2	14	4	0	0	5.12	5.3	5.21
20	1	2	21	1	0	0	6.93	7.15	7.04
20	1	0	31	27	0	0	7.77	7.94	7.855
20	1	1	9	22	0	0	5.46	5.65	5.555
20	1	2	26	17	0	0	11.17	11.38	11.275
20	1	2	18	5	0	0	9.9	10.5	10.2
20	1	2	4	0	0	0	2.45	2.65	2.55
20	1	2	8	9	0	0	2.38	2.57	2.4749999999999996
20	1	2	31	2	0	0	15.62	15.83	15.725
20	1	2	10	2	0	0	3.62	3.83	3.725
20	1	2	14	6	0	0	2.44	2.63	2.535
20	1	0	16	25	0	0	10.32	10.51	10.415
20	1	2	16	0	0	0	8.14	8.35	8.245000000000001
20	1	0	23	12	0	0	5.49	5.37	5.43
20	1	0	19	19	0	0	7.54	7.69	7.615
20	1	0	12	20	0	0	4.63	4.83	4.73
20	1	0	21	28	0	0	7.73	7.9	7.815
20	1	0	11	32	0	0	10.3	10.47	10.385000000000002
20	1	2	10	0	0	0	10.31	10.94	10.625
20	1	2	25	4	0	0	3.87	4.05	3.96
20	1	2	23	15	0	0	6.6	6.83	6.715
20	1	2	26	16	0	0	5.49	5.67	5.58
20	1	0	22	31	0	0	10.5	10.68	10.59
20	1	2	15	2	0	0	6.82	7.03	6.925000000000001
20	1	0	17	26	0	0	5.32	5.69	5.505000000000001
20	1	0	33	1	0	0	12.09	12.94	12.515
20	1	2	19	19	0	0	5.73	5.91	5.82
20	1	2	20	0	0	0	13.74	13.92	13.83
20	1	2	8	33	0	0	16.17	16.36	16.265
20	1	2	12	14	0	0	10.73	11.24	10.985
20	1	0	23	28	0	0	5.12	5.51	5.3149999999999995
20	1	0	18	26	0	0	4.55	4.72	4.635
20	1	0	8	29	0	0	10.76	10.91	10.835
20	1	0	9	28	0	0	15.22	14.96	15.09
20	1	2	26	1	0	0	4.66	4.87	4.765000000000001
20	1	2	24	1	0	0	4.97	5.2	5.085
20	1	0	16	31	0	0	8.05	8.23	8.14
20	1	0	8	10	0	0	11.14	11.27	11.205
20	1	0	13	32	0	0	9.59	9.68	9.635
20	1	2	3	4	0	0	6.31	6.49	6.4
20	1	2	3	1	0	0	6.13	6.35	6.24
20	1	2	5	3	0	0	6.71	6.91	6.8100000000000005
20	1	1	9	24	0	0	8.96	9.12	9.04
20	1	0	20	32	0	0	10.49	11.3	10.895
21	1	2	26	0	0	0	9.83	10.02	9.925
21	1	2	20	1	0	0	8.51	8.74	8.625
21	1	0	30	31	0	0	6.29	6.47	6.38
21	1	2	31	2	0	0	11.23	11.45	11.34
21	1	0	9	15	0	0	12.23	12.43	12.33
21	1	0	23	24	0	0	7.23	7.41	7.32
21	1	2	13	17	0	0	10.24	10.46	10.350000000000001
21	1	0	24	26	0	0	8.44	8.62	8.53
21	1	1	6	32	0	0	8.86	9.0	8.93
21	1	1	7	31	0	0	3.92	4.26	4.09
21	1	0	18	24	0	0	12.74	12.89	12.815000000000001
21	1	1	4	24	0	0	8.53	8.7	8.614999999999998
21	1	2	25	15	0	0	5.47	5.67	5.57
21	1	2	32	20	0	0	5.04	5.25	5.145
21	1	2	27	19	0	0	11.96	12.15	12.055
21	1	0	11	26	0	0	9.04	9.9	9.469999999999999
21	1	0	12	21	0	0	13.13	13.29	13.21
21	1	2	26	0	0	0	2.56	2.76	2.66
21	1	1	4	31	0	0	11.03	11.22	11.125
21	1	0	30	22	0	0	9.72	8.76	9.24
21	1	3	16	2	0	0	13.18	13.38	13.280000000000001
21	1	2	10	18	0	0	5.7	5.89	5.795
21	1	0	8	33	0	0	7.61	7.78	7.695
21	1	1	16	30	0	0	8.49	8.66	8.575
21	1	1	17	29	0	0	11.27	11.45	11.36
21	1	0	27	31	0	0	15.05	15.23	15.14
21	1	3	16	0	0	0	12.74	12.97	12.855
21	1	2	20	1	0	0	12.49	12.67	12.58
21	1	0	32	28	0	0	8.26	8.43	8.344999999999999
21	1	2	4	3	0	0	7.1	7.32	7.21
21	1	2	29	2	0	0	11.16	11.02	11.09
21	1	0	29	33	0	0	4.23	4.41	4.32
21	1	2	17	4	0	0	5.31	5.48	5.395
21	1	0	30	29	0	0	8.31	8.48	8.395
21	1	0	7	3	0	0	18.35	17.11	17.73
21	1	2	27	21	0	0	8.39	8.58	8.485
21	1	2	33	4	0	0	13.66	13.83	13.745000000000001
21	1	0	31	28	0	0	8.61	8.0	8.305
21	1	0	32	27	0	0	5.79	5.77	5.779999999999999
21	1	2	6	15	0	0	3.21	3.43	3.3200000000000003
21	1	3	15	24	0	0	6.24	6.45	6.345000000000001
21	1	2	33	6	0	0	9.1	9.28	9.19
21	1	0	9	33	0	0	9.3	9.48	9.39
21	1	2	14	16	0	0	3.71	3.93	3.8200000000000003
21	1	2	15	5	0	0	5.78	5.98	5.880000000000001
21	1	2	5	8	0	0	3.76	3.39	3.575
21	1	1	28	6	0	0	9.47	9.64	9.555
21	1	2	30	0	0	0	10.35	11.36	10.855
21	1	2	16	4	0	0	7.87	8.06	7.965
21	1	2	29	25	0	0	4.82	4.94	4.880000000000001
21	1	2	30	26	0	0	4.74	5.02	4.88
21	1	0	33	32	0	0	18.06	18.51	18.285
21	1	0	9	33	0	0	10.27	10.45	10.36
21	1	2	28	0	0	0	12.46	12.64	12.55
21	1	0	9	15	0	0	11.9	12.79	12.344999999999999
21	1	0	10	25	0	0	12.6	12.19	12.395
21	1	0	8	31	0	0	4.18	4.2	4.1899999999999995
21	1	0	7	27	0	0	13.84	14.0	13.92
21	1	0	23	22	0	0	4.02	4.23	4.125
21	1	0	27	25	0	0	7.82	8.17	7.995
21	1	0	29	32	0	0	11.99	12.79	12.39
21	1	0	33	33	0	0	7.97	8.25	8.11
21	1	2	24	4	0	0	3.09	3.27	3.1799999999999997
21	1	0	32	31	0	0	8.07	7.8	7.9350000000000005
21	1	2	22	5	0	0	5.28	5.47	5.375
21	1	1	7	30	0	0	5.57	5.74	5.655
21	1	0	9	28	0	0	9.84	10.01	9.925
21	1	2	13	1	0	0	9.72	10.56	10.14
21	1	2	24	2	0	0	5.09	5.31	5.199999999999999
21	1	2	22	0	0	0	6.77	6.97	6.869999999999999
21	1	0	3	12	61	61	33.89	33.89	33.89
21	1	0	25	33	0	0	8.69	8.88	8.785
21	1	1	4	31	0	0	12.0	12.18	12.09
21	1	2	9	4	0	0	14.14	14.32	14.23
21	1	0	31	33	0	0	7.65	8.3	7.9750000000000005
21	1	0	24	27	0	0	8.11	7.49	7.8
21	1	0	12	30	0	0	4.34	4.52	4.43
21	1	0	21	29	0	0	2.68	2.85	2.765
21	1	1	24	23	0	0	16.77	16.95	16.86
21	1	0	27	31	0	0	9.85	10.04	9.945
21	1	3	18	7	0	0	8.47	8.72	8.595
21	1	2	26	2	0	0	4.26	4.45	4.355
21	1	1	18	7	0	0	8.16	7.71	7.9350000000000005
21	1	0	31	26	0	0	7.33	6.78	7.055
21	1	2	32	20	0	0	9.8	9.93	9.865
21	1	2	19	4	0	0	4.14	4.32	4.23
21	1	0	23	31	0	0	2.92	3.11	3.0149999999999997
21	1	1	4	14	0	0	6.21	6.4	6.305
21	1	1	5	13	0	0	5.06	5.24	5.15
21	1	2	27	0	0	0	12.1	12.29	12.195
21	1	2	17	1	0	0	5.24	5.47	5.355
21	1	0	17	28	0	0	6.59	6.91	6.75
21	1	1	25	21	0	0	12.91	12.27	12.59
21	1	1	26	2	0	0	16.08	16.26	16.17
21	1	2	13	17	0	0	4.42	4.64	4.529999999999999
21	1	0	9	28	0	0	17.39	18.24	17.814999999999998
21	1	2	31	0	0	0	4.54	4.74	4.640000000000001
21	1	3	8	1	0	0	8.61	8.83	8.719999999999999
21	1	2	20	17	0	0	4.43	4.66	4.545
21	1	0	20	6	0	0	9.63	9.8	9.715
21	1	1	3	31	0	0	10.04	10.23	10.135
21	1	0	22	32	0	0	10.34	10.53	10.434999999999999
21	1	1	8	29	0	0	8.18	8.35	8.265
21	1	0	24	25	0	0	8.16	8.34	8.25
21	1	0	7	13	0	0	10.5	10.68	10.59
21	1	0	33	31	0	0	6.73	7.31	7.02
21	1	0	11	21	0	0	7.46	7.61	7.535
21	1	0	19	33	0	0	6.68	6.88	6.779999999999999
21	1	2	13	1	0	0	4.51	4.74	4.625
21	1	1	4	17	0	0	7.59	7.76	7.675
21	1	2	26	2	0	0	3.7	3.91	3.805
21	1	3	25	4	0	0	8.19	8.43	8.309999999999999
21	1	0	30	11	0	0	16.47	17.56	17.015
21	1	2	28	6	0	0	4.21	4.39	4.3
21	1	2	31	6	0	0	6.13	6.33	6.23
21	1	3	9	4	0	0	12.38	12.61	12.495000000000001
21	1	0	10	9	0	0	5.85	6.02	5.935
21	1	0	15	28	0	0	8.64	8.82	8.73
21	1	2	19	1	0	0	7.9	8.33	8.115
21	1	0	17	26	0	0	7.09	6.99	7.04
21	1	0	18	21	0	0	15.0	15.16	15.08
21	1	0	20	33	0	0	6.8	6.81	6.805
21	1	0	20	24	0	0	8.2	8.36	8.28
21	1	1	5	19	0	0	16.77	16.92	16.845
21	1	2	15	0	0	0	9.96	9.98	9.97
21	1	0	21	28	0	0	9.83	10.3	10.065000000000001
21	1	0	29	32	0	0	8.99	8.71	8.850000000000001
21	1	2	24	17	0	0	5.08	5.3	5.1899999999999995
21	1	0	19	31	0	0	6.62	6.85	6.734999999999999
21	1	2	26	0	0	0	3.29	3.48	3.385
21	1	2	29	18	0	0	13.09	13.29	13.19
21	1	0	29	30	0	0	10.36	10.01	10.184999999999999
21	1	2	26	0	0	0	10.96	10.16	10.56
21	1	2	8	17	0	0	9.34	9.9	9.620000000000001
21	1	0	31	27	0	0	8.72	9.16	8.940000000000001
21	1	3	24	32	0	0	10.91	11.12	11.015
21	1	2	5	3	0	0	12.07	11.16	11.615
21	1	1	3	25	0	0	7.91	8.35	8.129999999999999
21	1	0	13	20	0	0	6.69	7.09	6.890000000000001
21	1	0	20	21	0	0	21.01	21.18	21.095
21	1	0	34	26	0	0	7.84	8.02	7.93
21	1	2	23	4	0	0	5.65	5.85	5.75
22	1	0	8	1	0	0	2.43	2.26	2.3449999999999998
22	1	2	24	3	0	0	5.81	6.03	5.92
22	1	2	25	2	0	0	8.81	9.01	8.91
22	1	2	7	14	0	0	6.29	6.51	6.4
22	1	0	16	32	0	0	11.38	11.56	11.47
22	1	2	24	3	0	0	7.82	8.04	7.93
22	1	2	13	0	0	0	13.26	13.45	13.355
22	1	0	29	30	0	0	9.79	9.98	9.885
22	1	0	29	26	0	0	8.08	8.28	8.18
22	1	3	6	2	0	0	15.83	16.05	15.940000000000001
22	1	3	4	4	0	0	10.34	10.56	10.45
22	1	0	21	21	0	0	11.22	11.37	11.295
22	1	0	22	25	0	0	8.27	8.41	8.34
22	1	0	19	31	0	0	8.22	7.58	7.9
22	1	0	26	27	0	0	10.86	11.03	10.945
22	1	0	26	31	0	0	12.25	12.42	12.335
22	1	0	30	29	0	0	10.56	10.74	10.65
22	1	2	9	3	0	0	3.69	3.9	3.795
22	1	2	11	5	0	0	3.72	3.92	3.8200000000000003
22	1	1	18	31	0	0	8.41	8.59	8.5
22	1	2	32	18	0	0	8.49	8.67	8.58
22	1	2	20	2	0	0	4.92	5.14	5.029999999999999
22	1	0	18	31	0	0	7.42	7.26	7.34
22	1	0	25	33	0	0	4.32	3.99	4.155
22	1	2	11	9	0	0	8.18	8.4	8.29
22	1	0	27	23	0	0	9.18	9.35	9.265
22	1	0	33	29	0	0	11.19	10.28	10.735
22	1	2	4	3	0	0	8.1	8.31	8.205
22	1	2	24	3	0	0	4.93	5.14	5.035
22	1	1	11	31	0	0	11.02	11.2	11.11
22	1	2	15	1	0	0	6.1	6.32	6.21
22	1	1	4	30	0	0	14.63	14.8	14.715
22	1	1	6	30	0	0	9.42	9.59	9.504999999999999
22	1	2	25	16	0	0	5.19	5.36	5.275
22	1	2	31	1	0	0	4.63	4.85	4.74
22	1	2	28	1	0	0	12.65	12.87	12.76
22	1	1	3	13	0	0	9.73	9.93	9.83
22	1	1	8	11	0	0	5.93	6.1	6.015
22	1	2	25	15	0	0	7.74	7.94	7.84
22	1	2	26	17	0	0	7.29	7.5	7.395
22	1	1	16	19	0	0	15.19	15.35	15.27
22	1	0	9	22	0	0	4.54	4.49	4.515000000000001
22	1	2	22	0	0	0	10.71	10.91	10.81
22	1	0	27	24	0	0	11.33	11.36	11.344999999999999
22	1	0	5	29	0	0	17.95	18.12	18.035
22	1	3	7	13	0	0	8.72	8.93	8.825
22	1	0	10	25	0	0	9.29	9.47	9.379999999999999
22	1	0	32	28	0	0	9.07	9.23	9.15
22	1	2	22	2	0	0	7.43	7.65	7.54
22	1	2	23	3	0	0	7.97	8.2	8.084999999999999
22	1	1	10	21	0	0	3.26	3.42	3.34
22	1	2	4	18	0	0	7.05	7.23	7.140000000000001
22	1	0	31	32	0	0	8.61	8.08	8.344999999999999
22	1	0	30	32	0	0	13.17	13.37	13.27
22	1	0	7	30	0	0	5.08	4.7	4.890000000000001
22	1	2	28	5	0	0	4.37	4.55	4.46
22	1	2	9	8	0	0	6.7	6.93	6.8149999999999995
22	1	0	17	25	0	0	7.02	7.23	7.125
22	1	0	13	6	0	0	11.69	11.51	11.6
22	1	0	23	28	0	0	9.33	9.51	9.42
22	1	2	21	1	0	0	4.13	4.36	4.245
22	1	0	26	32	0	0	10.33	10.5	10.415
22	1	3	30	25	0	0	9.25	9.45	9.35
22	1	0	15	31	0	0	14.85	15.02	14.934999999999999
22	1	0	30	31	0	0	7.91	7.42	7.665
22	1	0	18	33	0	0	7.26	7.56	7.41
22	1	0	10	28	0	0	10.72	10.88	10.8
22	1	1	10	23	0	0	8.45	8.6	8.524999999999999
22	1	2	17	0	0	0	6.62	6.81	6.715
22	1	2	17	14	0	0	5.52	5.75	5.635
22	1	1	3	33	0	0	4.0	4.16	4.08
22	1	0	19	25	0	0	5.98	6.18	6.08
22	1	2	26	5	0	0	10.41	10.59	10.5
22	1	2	10	21	0	0	8.09	8.26	8.175
22	1	1	3	27	0	0	5.38	5.57	5.475
22	1	1	4	26	0	0	8.21	8.38	8.295000000000002
22	1	2	15	16	0	0	6.22	6.41	6.3149999999999995
22	1	3	25	30	0	0	5.43	5.65	5.54
22	1	1	11	31	0	0	11.68	11.86	11.77
22	1	2	14	20	0	0	14.02	14.24	14.129999999999999
22	1	0	26	23	0	0	14.19	14.34	14.265
22	1	1	19	16	0	0	9.87	10.06	9.965
22	1	2	15	3	0	0	8.1	8.31	8.205
22	1	2	20	4	0	0	7.22	7.41	7.3149999999999995
22	1	3	3	3	0	0	23.34	23.53	23.435000000000002
22	1	3	15	29	0	0	3.26	3.48	3.37
22	1	2	28	33	0	0	4.53	4.74	4.635
22	1	3	24	10	0	0	12.91	13.09	13.0
22	1	0	26	26	0	0	10.27	10.42	10.344999999999999
22	1	2	24	1	0	0	6.02	6.25	6.135
22	1	0	11	31	0	0	8.95	9.65	9.3
22	1	0	12	30	0	0	12.95	11.84	12.395
22	1	2	14	31	0	0	9.29	9.48	9.385
22	1	0	34	26	0	0	15.92	16.8	16.36
22	1	1	15	20	0	0	10.29	10.49	10.39
22	1	0	25	31	0	0	9.83	10.0	9.915
22	1	0	25	31	0	0	4.94	5.23	5.085000000000001
22	1	0	27	26	0	0	6.27	6.47	6.369999999999999
22	1	0	23	32	0	0	3.81	4.0	3.9050000000000002
22	1	0	20	31	0	0	4.43	4.6	4.515
22	1	2	13	24	0	0	9.42	9.63	9.525
22	1	2	29	5	0	0	9.59	9.77	9.68
22	1	2	21	16	0	0	6.2	6.38	6.29
22	1	3	5	3	0	0	4.73	5.14	4.9350000000000005
22	1	0	34	30	0	0	15.61	15.38	15.495000000000001
22	1	3	12	29	0	0	4.3	4.52	4.41
22	1	2	3	14	0	0	12.63	12.86	12.745000000000001
22	1	2	23	2	0	0	3.32	3.54	3.4299999999999997
22	1	0	17	31	0	0	21.98	22.17	22.075000000000003
22	1	0	18	32	0	0	10.29	10.45	10.37
22	1	2	11	8	0	0	8.0	8.24	8.120000000000001
22	1	2	30	6	0	0	7.88	8.07	7.975
22	1	0	23	24	0	0	14.54	13.36	13.95
22	1	2	27	1	0	0	9.88	10.1	9.99
22	1	2	29	4	0	0	7.02	7.19	7.105
22	1	0	10	27	0	0	7.38	7.87	7.625
22	1	1	23	19	0	0	10.52	10.69	10.605
22	1	0	18	28	0	0	12.15	13.13	12.64
22	1	3	19	4	0	0	8.16	7.68	7.92
22	1	3	20	6	0	0	10.45	10.63	10.54
22	1	0	20	23	0	0	9.48	10.06	9.77
22	1	0	31	27	0	0	4.2	4.36	4.28
22	1	0	20	22	0	0	7.7	7.41	7.555
22	1	1	5	26	0	0	11.7	11.86	11.78
22	1	2	18	16	0	0	11.66	11.85	11.754999999999999
22	1	2	19	5	0	0	8.38	7.9	8.14
22	1	0	4	19	0	0	13.43	13.37	13.399999999999999
22	1	1	10	27	0	0	11.53	11.7	11.614999999999998
22	1	1	3	25	0	0	9.51	9.7	9.605
22	1	0	34	28	0	0	11.16	10.63	10.895
22	1	0	18	33	0	0	4.61	4.78	4.695
22	1	2	29	2	0	0	11.07	11.27	11.17
22	1	0	17	32	0	0	9.89	9.4	9.645
22	1	0	5	26	0	0	13.12	12.33	12.725
22	1	0	6	23	0	0	7.87	7.55	7.71
22	1	1	18	32	0	0	11.98	12.14	12.06
22	1	0	30	26	0	0	11.35	11.35	11.35
22	1	1	13	29	0	0	9.45	9.63	9.54
22	1	1	15	27	0	0	4.74	4.93	4.835
22	1	2	27	5	0	0	9.1	9.29	9.195
22	1	2	16	3	0	0	9.44	9.66	9.55
22	1	0	26	31	0	0	10.26	10.43	10.344999999999999
22	1	2	33	22	0	0	11.39	11.59	11.49
22	1	2	32	20	0	0	5.47	5.68	5.574999999999999
22	1	2	18	15	0	0	6.23	6.45	6.34
22	1	1	7	30	0	0	5.76	5.92	5.84
23	1	0	4	28	0	0	13.95	13.66	13.805
23	1	0	25	29	0	0	12.02	12.19	12.105
23	1	0	19	26	0	0	6.06	6.25	6.154999999999999
23	1	0	10	14	0	0	8.95	9.13	9.04
23	1	0	8	33	0	0	4.98	5.15	5.065
23	1	0	30	33	0	0	10.77	10.96	10.865
23	1	0	15	32	0	0	5.9	6.07	5.985
23	1	0	31	33	0	0	7.62	7.81	7.715
23	1	0	12	32	0	0	8.25	8.44	8.344999999999999
23	1	0	13	29	0	0	14.31	14.41	14.36
23	1	0	8	24	0	0	9.58	9.72	9.65
23	1	0	30	31	0	0	10.78	10.96	10.870000000000001
23	1	0	29	33	0	0	10.94	11.12	11.03
23	1	0	4	23	0	0	8.07	8.22	8.145
23	1	1	13	6	61	61	33.89	33.89	33.89
23	1	0	25	31	0	0	11.59	11.76	11.675
23	1	0	22	32	0	0	7.39	7.58	7.484999999999999
23	1	0	21	31	0	0	2.47	2.64	2.555
23	1	0	17	20	0	0	13.22	13.43	13.325
23	1	0	13	33	0	0	8.24	8.4	8.32
23	1	0	17	20	0	0	8.2	8.41	8.305
23	1	0	13	21	0	0	7.64	7.79	7.715
23	1	0	3	22	0	0	13.29	13.03	13.16
23	1	0	16	22	0	0	6.28	6.45	6.365
23	1	0	30	23	0	0	8.22	8.38	8.3
23	1	0	3	24	0	0	14.02	13.44	13.73
23	1	0	4	12	0	0	10.89	11.06	10.975000000000001
23	1	0	13	6	0	0	9.37	9.14	9.254999999999999
23	1	0	18	29	0	0	10.76	10.93	10.844999999999999
23	1	0	17	29	0	0	6.23	6.42	6.325
23	1	0	12	13	0	0	14.61	14.2	14.405
23	1	0	26	31	0	0	18.08	18.25	18.165
23	1	1	25	25	4	4	35.84	33.28	34.56
23	1	0	31	26	0	0	8.02	8.21	8.115
23	1	0	5	31	0	0	31.33	30.72	31.025
23	1	0	17	22	0	0	7.93	8.11	8.02
23	1	0	18	23	0	0	6.24	6.39	6.3149999999999995
23	1	0	25	4	0	0	14.99	14.8	14.895
23	1	0	6	21	0	0	5.94	6.1	6.02
23	1	0	33	28	0	0	18.09	18.27	18.18
23	1	2	20	2	0	0	6.43	6.64	6.535
23	1	2	13	4	0	0	10.99	11.05	11.02
23	1	0	21	33	0	0	6.91	7.1	7.005
23	1	3	8	13	0	0	11.11	11.31	11.21
23	1	0	18	25	0	0	2.21	2.39	2.3
23	1	2	18	3	0	0	5.1	5.23	5.165
23	1	0	23	32	0	0	14.37	13.72	14.045
23	1	0	29	32	0	0	3.49	3.45	3.47
23	1	0	22	33	0	0	3.23	3.43	3.33
23	1	0	23	31	0	0	8.58	8.76	8.67
23	1	0	19	26	0	0	8.17	8.36	8.265
23	1	0	32	27	0	0	8.23	8.39	8.31
23	1	2	27	2	0	0	2.98	3.19	3.085
23	1	0	27	13	0	0	11.26	11.84	11.55
23	1	0	32	31	0	0	6.2	6.36	6.28
23	1	2	21	0	0	0	6.15	6.35	6.25
23	1	3	5	9	0	0	10.08	10.3	10.190000000000001
23	1	2	14	1	0	0	12.33	12.92	12.625
23	1	2	27	3	0	0	6.76	6.98	6.87
23	1	2	16	12	0	0	5.52	5.23	5.375
23	1	2	20	25	0	0	6.7	6.91	6.805
23	1	0	27	27	0	0	14.89	15.16	15.025
23	1	2	25	1	0	0	4.89	5.32	5.105
23	1	0	16	32	0	0	3.18	3.36	3.27
23	1	2	29	2	0	0	9.45	9.67	9.559999999999999
23	1	0	31	21	0	0	17.17	17.32	17.245
23	1	0	15	26	0	0	7.52	7.71	7.615
23	1	0	23	26	0	0	12.07	11.46	11.765
23	1	2	28	23	0	0	4.64	5.07	4.855
23	1	1	3	24	0	0	8.87	9.04	8.954999999999998
23	1	0	3	26	0	0	6.9	7.07	6.985
23	1	2	32	22	0	0	9.98	10.17	10.075
23	1	2	32	4	0	0	7.73	7.9	7.815
23	1	0	11	33	0	0	9.01	9.54	9.274999999999999
23	1	2	16	3	0	0	10.57	11.21	10.89
23	1	0	22	28	0	0	9.89	9.73	9.81
23	1	0	15	20	0	0	9.16	9.19	9.175
23	1	0	17	19	0	0	6.02	5.96	5.99
23	1	2	31	5	0	0	7.89	8.07	7.98
23	1	2	21	4	0	0	7.27	7.45	7.359999999999999
23	1	0	13	24	0	0	10.86	11.55	11.205
23	1	1	8	12	0	0	7.73	7.91	7.82
23	1	0	27	21	0	0	8.29	8.46	8.375
23	1	0	6	27	0	0	9.09	9.33	9.21
23	1	0	22	15	0	0	8.49	9.29	8.89
23	1	0	20	33	0	0	5.81	5.37	5.59
23	1	0	24	33	0	0	5.2	5.49	5.345000000000001
23	1	0	21	33	0	0	10.29	10.08	10.184999999999999
23	1	0	29	30	0	0	8.89	8.67	8.780000000000001
23	1	0	19	25	0	0	14.04	14.58	14.309999999999999
23	1	0	20	30	0	0	10.75	11.02	10.885
23	1	1	16	29	0	0	1.96	2.14	2.05
23	1	0	23	31	0	0	5.3	5.47	5.385
23	1	0	25	32	0	0	4.09	4.17	4.13
23	1	0	29	23	0	0	10.06	10.45	10.254999999999999
23	1	0	19	19	0	0	10.08	10.21	10.145
23	1	1	7	23	0	0	5.43	5.59	5.51
23	1	0	11	33	0	0	7.85	8.02	7.935
23	1	0	19	31	0	0	10.2	10.25	10.225
23	1	0	18	26	0	0	5.73	5.9	5.815
23	1	0	25	29	0	0	5.3	5.41	5.355
23	1	0	25	22	0	0	9.29	9.06	9.175
23	1	0	26	23	0	0	11.69	12.23	11.96
23	1	0	31	15	0	0	2.06	2.24	2.1500000000000004
23	1	0	22	22	0	0	8.07	8.21	8.14
23	1	0	11	30	0	0	4.1	4.26	4.18
23	1	1	3	22	0	0	10.58	10.79	10.684999999999999
23	1	1	4	21	0	0	13.02	13.19	13.105
24	1	1	5	25	0	0	9.68	9.84	9.76
24	1	0	17	24	0	0	5.62	5.79	5.705
24	1	0	19	32	0	0	7.08	7.26	7.17
24	1	0	20	31	0	0	4.96	5.13	5.045
24	1	0	11	31	0	0	5.73	6.12	5.925000000000001
24	1	0	10	32	0	0	10.54	10.7	10.62
24	1	0	26	30	0	0	4.63	4.8	4.715
24	1	0	11	32	0	0	3.33	3.49	3.41
24	1	0	17	22	0	0	7.53	7.71	7.62
24	1	3	6	10	0	0	12.98	12.59	12.785
24	1	0	10	22	0	0	4.64	4.8	4.72
24	1	0	15	24	0	0	14.9	15.07	14.985
24	1	0	26	15	0	0	10.03	9.93	9.98
24	1	0	31	31	0	0	5.98	5.62	5.800000000000001
24	1	0	26	21	0	0	6.51	6.68	6.595
24	1	0	16	27	0	0	4.13	4.3	4.215
24	1	1	18	22	0	0	12.83	13.03	12.93
24	1	0	32	22	0	0	5.45	5.3	5.375
24	1	0	5	32	0	0	7.24	7.41	7.325
24	1	0	25	27	0	0	14.91	15.09	15.0
24	1	0	18	24	0	0	7.44	7.21	7.325
24	1	0	32	23	0	0	6.51	6.48	6.495
24	1	0	26	30	0	0	7.35	7.6	7.475
24	1	0	27	25	0	0	11.0	10.22	10.61
24	1	0	16	26	0	0	9.21	9.4	9.305
24	1	0	21	29	0	0	11.55	11.19	11.370000000000001
24	1	0	8	26	0	0	11.71	11.74	11.725000000000001
24	1	0	30	28	0	0	2.93	3.1	3.015
24	1	0	13	23	0	0	4.37	4.51	4.4399999999999995
24	1	0	25	28	0	0	7.26	7.51	7.385
24	1	0	26	30	0	0	5.15	5.32	5.235
24	1	0	32	28	0	0	10.2	10.36	10.28
24	1	0	21	33	0	0	5.06	5.25	5.154999999999999
24	1	0	33	26	0	0	2.54	2.73	2.635
24	1	1	3	33	0	0	8.53	8.7	8.614999999999998
24	1	0	18	29	0	0	8.0	7.44	7.720000000000001
24	1	0	32	27	0	0	11.17	11.85	11.51
24	1	0	25	33	0	0	8.14	7.73	7.9350000000000005
24	1	0	32	27	0	0	4.2	4.36	4.28
24	1	0	19	28	0	0	3.35	3.53	3.44
24	1	0	25	33	0	0	5.68	5.88	5.779999999999999
24	1	0	15	30	0	0	8.07	8.17	8.120000000000001
24	1	1	17	31	0	0	9.79	9.98	9.885
24	1	0	16	30	0	0	7.18	7.36	7.27
24	1	0	18	20	0	0	5.5	5.68	5.59
24	1	0	31	27	0	0	5.7	5.86	5.78
24	1	0	26	25	0	0	9.17	8.3	8.735
24	1	2	3	9	0	0	3.33	3.55	3.44
24	1	2	5	12	0	0	10.9	11.5	11.2
24	1	2	6	0	0	0	12.99	11.87	12.43
24	1	2	7	11	0	0	6.82	6.92	6.87
24	1	2	10	18	0	0	2.59	2.55	2.57
24	1	2	11	0	0	0	11.41	11.46	11.435
24	1	2	12	4	0	0	24.28	24.23	24.255000000000003
24	1	2	13	4	0	0	6.81	6.88	6.845
24	1	2	19	32	0	0	19.01	17.45	18.23
24	1	2	20	21	0	0	5.23	4.71	4.970000000000001
24	1	2	21	2	0	0	4.79	5.03	4.91
24	1	2	22	1	0	0	6.43	7.01	6.72
24	1	2	26	3	0	0	6.1	6.64	6.369999999999999
24	1	2	30	0	0	0	11.8	10.64	11.22
24	1	2	32	2	0	0	7.12	7.01	7.0649999999999995
24	1	0	21	30	0	0	9.48	9.34	9.41
24	1	0	25	23	0	0	7.03	7.2	7.115
24	1	2	21	3	0	0	11.26	10.21	10.735
24	1	2	30	14	0	0	8.68	8.74	8.71
24	1	0	9	25	0	0	10.64	11.36	11.0
24	1	0	17	24	0	0	11.69	11.74	11.715
24	1	0	27	1	0	0	12.41	13.13	12.77
24	1	2	26	6	0	0	10.45	9.67	10.059999999999999
24	1	0	27	25	0	0	7.64	8.26	7.949999999999999
24	1	3	7	4	0	0	8.14	8.4	8.27
24	1	0	11	31	0	0	11.26	10.81	11.035
24	1	0	23	28	0	0	7.46	7.83	7.645
24	1	0	25	28	0	0	7.9	7.64	7.77
24	1	0	22	27	0	0	2.75	2.92	2.835
24	1	1	4	22	0	0	15.74	15.94	15.84
24	1	0	7	33	0	0	4.79	5.08	4.9350000000000005
24	1	0	6	22	0	0	12.69	11.86	12.274999999999999
24	1	0	27	32	0	0	14.99	15.17	15.08
24	1	0	27	31	0	0	9.12	9.65	9.385
24	1	0	13	26	0	0	9.43	9.31	9.370000000000001
24	1	2	23	5	0	0	6.68	6.92	6.8
24	1	2	24	21	0	0	4.82	4.63	4.725
24	1	0	13	33	0	0	12.39	12.6	12.495000000000001
24	1	0	9	33	0	0	13.25	12.86	13.055
24	1	0	10	25	0	0	10.25	9.6	9.925
24	1	0	9	7	0	0	14.59	13.43	14.01
24	1	1	8	22	0	0	5.82	6.0	5.91
24	1	0	34	22	0	0	5.93	6.11	6.02
24	1	2	27	17	0	0	4.23	4.18	4.205
24	1	2	29	2	0	0	6.78	7.19	6.985
24	1	2	28	2	0	0	5.26	5.47	5.365
24	1	2	23	4	0	0	10.13	9.32	9.725000000000001
24	1	2	19	2	0	0	4.45	4.52	4.484999999999999
24	1	3	16	3	0	0	9.97	10.18	10.075
24	1	0	17	24	0	0	3.5	3.67	3.585
24	1	0	34	27	0	0	9.01	9.2	9.105
24	1	3	23	3	0	0	8.52	8.73	8.625
24	1	0	13	2	0	0	12.28	11.43	11.855
24	1	2	25	30	0	0	4.32	4.17	4.245
24	1	0	19	27	0	0	5.32	5.49	5.405
24	1	0	20	28	0	0	7.03	7.22	7.125
24	1	1	24	32	0	0	7.59	7.76	7.675
24	1	0	33	31	0	0	8.65	8.06	8.355
24	1	0	27	33	0	0	18.87	19.06	18.965
24	1	2	16	15	0	0	9.14	9.04	9.09
24	1	0	21	25	0	0	21.26	21.45	21.355
24	1	0	25	21	0	0	6.24	6.4	6.32
24	1	0	9	27	0	0	5.69	5.86	5.775
24	1	0	31	24	0	0	2.12	2.28	2.2
24	1	0	21	23	0	0	4.89	4.42	4.654999999999999
24	1	0	31	25	0	0	8.99	8.84	8.915
24	1	0	26	15	0	0	5.48	5.66	5.57
24	1	0	24	25	0	0	4.25	3.95	4.1
24	1	0	26	15	0	0	7.2	7.39	7.295
24	1	0	34	24	0	0	7.82	7.99	7.905
24	1	2	31	4	0	0	4.66	4.85	4.755
24	1	3	20	32	0	0	13.73	13.93	13.83
24	1	2	27	0	0	0	9.0	8.86	8.93
24	1	2	26	20	0	0	4.38	4.58	4.48
24	1	1	9	27	0	0	8.65	8.83	8.74
24	1	2	23	26	0	0	5.54	5.76	5.65
24	1	0	13	33	0	0	5.54	5.7	5.62
24	1	0	30	6	0	0	11.55	12.55	12.05
24	1	0	32	26	0	0	8.16	8.34	8.25
24	1	0	33	32	0	0	3.75	3.84	3.795
24	1	2	20	0	0	0	9.4	9.2	9.3
24	1	2	21	4	0	0	6.67	6.27	6.47
24	1	0	33	26	0	0	4.3	4.49	4.395
24	1	0	8	20	0	0	6.27	6.45	6.359999999999999
24	1	1	4	19	0	0	12.19	11.52	11.855
24	1	1	5	20	0	0	11.37	12.39	11.879999999999999
24	1	0	33	23	0	0	10.49	10.65	10.57
24	1	0	24	26	0	0	12.7	12.45	12.575
24	1	0	7	28	0	0	7.72	7.88	7.8
24	1	0	20	27	0	0	11.79	11.73	11.76
24	1	2	5	2	0	0	7.88	8.33	8.105
24	1	0	12	22	0	0	6.49	6.65	6.57
24	1	3	22	6	0	0	7.5	7.7	7.6
24	1	1	7	25	0	0	3.77	3.95	3.8600000000000003
24	1	0	26	26	0	0	15.59	14.77	15.18
24	1	0	4	23	0	0	17.67	17.82	17.745
24	1	2	26	2	0	0	4.9	5.1	5.0
24	1	0	16	25	0	0	15.11	13.64	14.375
24	1	1	11	23	0	0	10.57	10.72	10.645
24	1	1	19	22	0	0	7.53	7.73	7.630000000000001
24	1	0	32	24	0	0	10.08	9.15	9.615
24	1	1	29	11	0	0	13.56	13.72	13.64
24	1	2	5	28	0	0	9.23	9.39	9.31
24	1	0	20	24	0	0	13.65	12.84	13.245000000000001
24	1	2	11	3	0	0	4.99	5.21	5.1
25	1	0	5	26	0	0	9.14	9.32	9.23
25	1	3	5	1	0	0	6.48	6.72	6.6
25	1	2	33	23	0	0	10.16	10.35	10.254999999999999
25	1	0	17	23	0	0	15.35	15.51	15.43
25	1	0	24	32	0	0	6.74	6.91	6.825
25	1	0	27	19	0	0	8.46	8.62	8.54
25	1	2	27	18	0	0	14.75	14.94	14.844999999999999
25	1	0	32	24	0	0	7.46	7.61	7.535
25	1	0	33	28	0	0	5.92	6.1	6.01
25	1	2	25	1	0	0	8.68	8.9	8.79
25	1	2	12	5	0	0	12.63	12.83	12.73
25	1	1	21	22	0	0	7.54	7.75	7.645
25	1	0	23	23	0	0	11.09	11.25	11.17
25	1	2	27	25	0	0	6.59	6.69	6.640000000000001
25	1	2	28	2	0	0	12.22	12.43	12.325
25	1	2	22	2	0	0	7.45	7.67	7.5600000000000005
25	1	0	30	32	0	0	12.79	12.97	12.879999999999999
25	1	2	28	6	0	0	7.99	8.16	8.075
25	1	0	34	32	0	0	9.94	10.12	10.03
25	1	0	6	5	0	0	5.79	5.98	5.885
25	1	0	3	23	0	0	5.9	6.04	5.970000000000001
25	1	2	23	1	0	0	5.19	5.43	5.3100000000000005
25	1	2	13	16	0	0	7.36	7.55	7.455
25	1	0	6	10	0	0	4.92	5.12	5.02
25	1	2	25	6	0	0	3.14	3.33	3.2350000000000003
25	1	2	10	3	0	0	12.02	12.24	12.129999999999999
25	1	0	25	27	0	0	11.58	11.76	11.67
25	1	0	26	3	0	0	9.61	10.14	9.875
25	1	2	30	19	0	0	8.66	8.85	8.754999999999999
25	1	0	19	31	0	0	5.35	5.35	5.35
25	1	0	20	22	0	0	9.95	10.71	10.33
25	1	0	18	30	0	0	8.43	8.26	8.344999999999999
25	1	0	19	26	0	0	6.51	6.7	6.605
25	1	0	22	23	0	0	12.05	12.22	12.135000000000002
25	1	0	20	25	0	0	15.56	15.76	15.66
25	1	2	18	6	0	0	13.47	13.67	13.57
25	1	0	30	26	0	0	11.36	11.53	11.445
25	1	0	7	0	0	0	18.09	18.27	18.18
25	1	2	19	17	0	0	2.83	3.05	2.94
25	1	1	5	30	0	0	17.41	17.56	17.485
25	1	0	15	28	0	0	6.67	6.85	6.76
25	1	2	32	6	0	0	10.77	10.95	10.86
25	1	0	29	19	0	0	5.18	5.25	5.215
25	1	2	20	3	0	0	6.49	5.99	6.24
25	1	0	29	24	0	0	8.52	8.58	8.55
25	1	0	10	28	0	0	10.56	11.19	10.875
25	1	0	27	26	0	0	8.05	8.71	8.38
25	1	0	11	26	0	0	5.55	5.74	5.645
25	1	0	24	32	0	0	9.27	9.43	9.35
25	1	2	22	6	0	0	8.05	8.23	8.14
25	1	3	11	4	0	0	5.58	5.82	5.7
25	1	3	12	3	0	0	3.96	4.2	4.08
25	1	0	11	32	0	0	2.84	2.85	2.8449999999999998
25	1	0	12	27	0	0	8.79	8.21	8.5
25	1	2	30	0	0	0	12.89	13.08	12.985
25	1	2	9	0	0	0	15.0	15.2	15.1
25	1	0	15	23	0	0	16.5	16.67	16.585
25	1	0	6	29	0	0	8.13	8.3	8.215
25	1	2	21	0	0	0	9.17	9.37	9.27
25	1	3	14	9	0	0	13.74	13.95	13.844999999999999
25	1	1	29	7	0	0	6.95	7.12	7.035
25	1	3	26	12	0	0	5.27	5.48	5.375
25	1	0	26	23	0	0	8.48	8.95	8.715
25	1	2	5	2	0	0	8.26	8.47	8.365
25	1	1	16	29	0	0	1.04	1.05	1.045
25	1	3	4	31	0	0	8.74	8.96	8.850000000000001
25	1	0	29	32	0	0	6.16	6.34	6.25
25	1	0	26	27	0	0	5.6	5.76	5.68
25	1	3	9	16	0	0	12.13	12.33	12.23
25	1	2	23	2	0	0	6.94	7.17	7.055
25	1	2	24	0	0	0	5.78	5.58	5.68
25	1	2	22	15	0	0	11.07	11.27	11.17
25	1	0	18	32	0	0	8.49	8.66	8.575
25	1	3	14	5	0	0	10.39	10.7	10.545
25	1	3	15	6	0	0	10.48	10.6	10.54
25	1	2	4	5	0	0	11.45	10.55	11.0
25	1	2	5	1	0	0	10.39	9.8	10.095
25	1	0	11	28	0	0	7.37	7.53	7.45
25	1	2	18	22	0	0	5.37	5.41	5.390000000000001
25	1	0	30	32	0	0	6.1	6.27	6.185
25	1	1	5	30	0	0	10.09	10.25	10.17
25	1	0	21	24	0	0	8.54	8.63	8.585
25	1	2	13	2	0	0	9.57	10.12	9.844999999999999
25	1	2	26	4	0	0	7.55	7.71	7.63
25	1	0	22	22	0	0	11.01	11.98	11.495000000000001
25	1	2	27	4	0	0	6.75	6.95	6.85
25	1	2	7	3	0	0	7.91	8.12	8.015
25	1	0	16	27	0	0	5.09	5.06	5.074999999999999
25	1	2	24	6	0	0	10.99	11.64	11.315000000000001
25	1	0	22	23	0	0	12.29	12.95	12.62
25	1	3	3	9	0	0	15.71	15.91	15.81
25	1	2	23	3	0	0	5.19	5.11	5.15
25	1	0	10	32	0	0	4.3	4.19	4.245
25	1	0	11	32	0	0	9.76	9.92	9.84
25	1	0	21	31	0	0	2.98	3.16	3.0700000000000003
25	1	0	12	27	0	0	9.34	8.71	9.025
25	1	0	13	33	0	0	7.72	7.89	7.805
25	1	0	30	28	0	0	14.07	13.49	13.780000000000001
25	1	0	27	32	0	0	12.85	12.48	12.665
25	1	0	21	33	0	0	8.51	9.2	8.855
25	1	2	19	5	0	0	3.4	3.6	3.5
25	1	0	25	32	0	0	10.3	9.52	9.91
25	1	0	22	31	0	0	11.02	10.47	10.745000000000001
25	1	0	27	15	0	0	4.9	4.96	4.93
25	1	0	17	32	0	0	6.0	6.19	6.095000000000001
25	1	2	18	4	0	0	8.34	8.53	8.434999999999999
25	1	0	20	27	0	0	14.21	14.24	14.225000000000001
25	1	3	9	2	0	0	15.97	16.17	16.07
25	1	3	17	3	0	0	4.46	4.66	4.5600000000000005
25	1	0	30	27	0	0	9.32	8.68	9.0
25	1	1	12	11	0	0	8.8	8.97	8.885000000000002
25	1	0	22	29	0	0	9.18	9.49	9.335
25	1	2	26	2	0	0	6.72	6.92	6.82
25	1	0	10	31	0	0	6.97	7.09	7.029999999999999
25	1	1	8	33	0	0	7.06	7.23	7.145
25	1	0	21	27	0	0	2.04	2.21	2.125
25	1	0	22	22	0	0	7.17	7.12	7.145
25	1	0	24	21	0	0	9.81	9.36	9.585
25	1	0	23	21	0	0	8.2	8.37	8.285
25	1	0	31	32	0	0	1.74	1.91	1.825
25	1	0	17	22	0	0	14.48	14.37	14.425
25	1	0	24	15	0	0	3.19	3.49	3.34
25	1	0	26	31	0	0	2.67	2.55	2.61
25	1	0	22	15	0	0	18.05	18.26	18.155
25	1	1	5	27	0	0	6.58	6.75	6.665
25	1	0	19	31	0	0	6.92	7.35	7.135
25	1	0	17	29	0	0	10.64	11.2	10.92
25	1	2	14	2	0	0	6.41	6.62	6.515000000000001
25	1	3	8	21	0	0	10.37	10.57	10.469999999999999
25	1	0	22	33	0	0	9.04	9.24	9.14
25	1	3	4	4	0	0	8.55	8.62	8.585
25	1	0	34	31	0	0	7.53	7.23	7.380000000000001
25	1	0	12	31	0	0	10.39	9.98	10.185
25	1	0	8	25	0	0	6.75	7.13	6.9399999999999995
25	1	0	16	27	0	0	11.54	10.82	11.18
25	1	0	22	27	0	0	3.16	3.34	3.25
25	1	0	23	15	0	0	14.55	14.7	14.625
25	1	0	31	32	0	0	12.51	13.03	12.77
25	1	0	33	27	0	0	10.12	10.56	10.34
25	1	0	34	27	0	0	15.48	14.09	14.785
25	1	3	14	26	0	0	10.38	10.6	10.49
25	1	2	21	6	0	0	3.78	3.97	3.875
25	1	0	19	29	0	0	7.03	7.71	7.37
25	1	0	20	31	0	0	6.89	7.2	7.045
25	1	0	8	30	0	0	8.05	7.72	7.885
25	1	0	30	20	0	0	7.1	7.07	7.085
25	1	0	29	15	0	0	7.58	8.24	7.91
25	1	0	30	33	0	0	11.19	11.73	11.46
25	1	0	25	19	0	0	9.46	10.28	9.870000000000001
25	1	0	24	20	0	0	8.88	9.64	9.260000000000002
25	1	2	20	5	0	0	2.86	3.06	2.96
25	1	0	7	33	0	0	15.21	15.38	15.295000000000002
25	1	0	26	26	0	0	16.17	16.32	16.245
25	1	1	11	19	0	0	5.75	5.92	5.835
25	1	2	20	6	0	0	8.36	7.72	8.04
25	1	2	18	6	0	1	12.86	12.8	12.83
25	1	3	5	1	0	0	10.19	10.43	10.309999999999999
26	1	2	14	4	0	0	13.57	12.37	12.969999999999999
26	1	1	7	33	0	0	7.76	7.93	7.845
26	1	2	11	2	0	0	6.18	6.4	6.29
26	1	2	28	6	0	0	7.22	7.4	7.3100000000000005
26	1	2	17	17	0	0	4.45	4.64	4.545
26	1	2	33	4	0	0	10.85	11.01	10.93
26	1	0	26	22	0	0	14.97	15.13	15.05
26	1	2	32	1	0	0	4.38	4.59	4.484999999999999
26	1	0	26	20	0	0	9.25	9.44	9.344999999999999
26	1	2	22	0	0	0	5.08	5.0	5.04
26	1	2	23	1	0	0	6.0	6.24	6.12
26	1	0	11	30	0	0	13.72	13.88	13.8
26	1	1	10	13	0	0	12.36	12.54	12.45
26	1	0	34	29	0	0	5.23	5.42	5.325
26	1	2	13	23	0	0	6.67	6.87	6.77
26	1	2	21	15	0	0	4.03	4.25	4.140000000000001
26	1	0	6	5	0	0	9.42	9.61	9.515
26	1	0	7	4	0	0	5.81	5.99	5.9
26	1	3	3	11	0	0	11.58	11.78	11.68
26	1	0	10	31	0	0	11.84	10.74	11.29
26	1	3	28	17	0	0	10.18	10.4	10.29
26	1	3	5	13	0	0	12.78	13.06	12.92
26	1	3	6	9	0	0	10.39	11.05	10.72
26	1	0	18	31	0	0	8.78	8.94	8.86
26	1	3	5	19	0	0	3.65	3.85	3.75
26	1	0	34	27	0	0	4.98	5.17	5.075
26	1	1	11	30	0	0	12.88	13.05	12.965
26	1	2	21	4	0	0	9.82	10.0	9.91
26	1	0	17	25	0	0	8.75	8.95	8.85
26	1	2	15	17	0	0	3.96	4.17	4.0649999999999995
26	1	2	12	4	0	0	7.77	7.96	7.865
26	1	0	29	15	0	0	6.91	7.29	7.1
26	1	0	17	24	0	0	5.25	5.42	5.335
26	1	2	25	3	0	0	6.81	7.01	6.91
26	1	1	9	15	0	0	12.18	12.35	12.265
26	1	2	20	0	0	0	19.81	20.01	19.91
26	1	0	25	25	0	0	7.94	7.69	7.815
26	1	0	33	22	0	0	9.93	10.09	10.01
26	1	0	22	15	0	0	14.49	14.7	14.594999999999999
26	1	2	12	4	0	0	4.79	5.26	5.025
26	1	2	26	1	0	0	5.09	5.35	5.22
26	1	0	20	28	0	0	9.99	10.1	10.045
26	1	2	21	3	0	0	5.53	5.74	5.635
26	1	2	14	5	0	0	2.5	2.72	2.6100000000000003
26	1	2	29	11	0	0	5.13	5.1	5.115
26	1	0	15	25	0	0	8.19	8.1	8.145
26	1	0	24	20	0	0	10.93	12.02	11.475
26	1	2	11	13	0	0	7.66	7.88	7.77
26	1	2	14	2	0	0	4.9	5.14	5.02
26	1	3	3	0	0	0	10.85	11.77	11.309999999999999
26	1	0	12	1	0	0	6.93	7.09	7.01
26	1	0	16	24	0	0	30.74	30.76	30.75
26	1	2	22	16	0	0	3.17	2.91	3.04
26	1	0	30	6	0	0	9.28	10.16	9.719999999999999
26	1	2	10	3	0	0	10.47	10.68	10.575
26	1	0	27	33	1	0	20.52	20.3	20.41
26	1	0	31	28	0	0	8.9	8.37	8.635
26	1	2	20	20	0	0	4.9	5.15	5.025
26	1	0	16	27	0	0	4.14	4.31	4.225
26	1	0	8	29	0	0	3.88	4.03	3.955
26	1	0	13	27	0	0	11.66	11.1	11.379999999999999
26	1	0	31	4	0	0	11.09	12.15	11.620000000000001
26	1	2	10	4	0	0	11.96	11.67	11.815000000000001
26	1	0	18	28	0	0	11.0	11.82	11.41
26	1	0	13	0	0	0	8.69	9.45	9.07
26	1	2	3	5	0	0	7.89	7.7	7.795
26	1	2	10	3	0	0	2.55	2.7	2.625
26	1	2	17	4	0	0	3.76	3.95	3.855
26	1	0	4	32	0	0	8.29	7.68	7.984999999999999
26	1	2	12	0	0	0	12.18	12.15	12.165
26	1	0	19	23	0	0	10.99	11.2	11.094999999999999
26	1	0	21	32	0	0	7.42	7.11	7.265000000000001
26	1	2	26	4	0	0	3.32	3.5	3.41
26	1	0	34	21	0	0	20.1	19.49	19.795
26	1	1	6	30	0	0	17.28	17.45	17.365000000000002
26	1	0	27	31	0	0	11.67	12.6	12.135
26	1	1	12	13	0	0	9.84	10.03	9.934999999999999
26	1	0	33	28	0	0	7.19	7.59	7.390000000000001
26	1	1	7	31	0	0	8.76	8.4	8.58
26	1	0	24	30	0	0	6.9	7.38	7.140000000000001
26	1	0	25	28	0	0	22.17	22.34	22.255000000000003
26	1	2	9	17	0	0	3.37	3.58	3.475
26	1	0	11	26	0	0	4.82	5.22	5.02
26	1	1	13	18	0	0	5.91	6.08	5.995
26	1	1	8	29	0	0	2.73	2.92	2.825
26	1	0	31	19	0	0	7.21	7.75	7.48
26	1	2	31	17	0	0	8.1	7.7	7.9
26	1	2	7	4	0	0	6.66	6.85	6.755
26	1	1	17	32	0	0	4.91	5.07	4.99
26	1	3	7	21	0	0	19.77	20.0	19.884999999999998
26	1	2	20	2	0	0	7.35	7.56	7.455
26	1	2	25	9	0	0	4.37	4.44	4.405
26	1	2	26	4	0	0	4.73	4.81	4.77
26	1	0	31	30	0	0	11.43	11.16	11.295
26	1	0	12	28	0	0	12.46	11.85	12.155000000000001
26	1	1	10	23	0	0	9.3	8.92	9.11
26	1	1	9	23	0	0	12.48	12.63	12.555
26	1	0	19	24	0	0	9.12	9.6	9.36
26	1	3	15	33	0	0	13.89	14.11	14.0
26	1	3	16	32	0	0	5.09	5.3	5.195
26	1	1	11	13	0	0	8.87	9.48	9.175
26	1	3	10	2	0	0	4.8	5.03	4.915
26	1	2	5	9	0	0	4.23	4.4	4.315
26	1	0	22	21	0	0	12.77	11.98	12.375
26	1	0	22	15	0	0	15.25	15.45	15.35
26	1	2	27	31	0	0	10.92	11.13	11.025
26	1	2	26	32	0	0	20.77	20.98	20.875
26	1	0	3	33	0	0	8.37	8.86	8.614999999999998
26	1	0	5	21	0	0	12.33	11.17	11.75
26	1	3	6	0	0	0	19.18	19.43	19.305
26	1	0	15	27	0	0	6.98	7.07	7.025
26	1	2	14	30	0	0	12.8	12.98	12.89
26	1	0	19	22	0	0	5.54	5.78	5.66
26	1	0	25	25	0	0	8.28	8.55	8.415
26	1	0	25	33	0	0	11.9	11.61	11.754999999999999
26	1	0	26	13	0	0	14.02	12.66	13.34
26	1	2	14	0	0	0	6.51	6.71	6.609999999999999
26	1	0	23	15	0	0	8.37	8.48	8.425
27	1	2	13	1	0	0	11.0	10.83	10.915
27	1	2	19	24	0	0	13.24	13.44	13.34
27	1	2	14	23	0	0	8.09	8.28	8.184999999999999
27	1	2	14	17	0	0	10.61	11.49	11.05
27	1	1	13	25	0	0	5.31	5.47	5.39
27	1	0	13	25	0	0	8.15	8.32	8.235
27	1	3	3	12	0	0	16.85	17.06	16.955
27	1	0	21	29	0	0	6.29	6.47	6.38
27	1	1	9	19	0	0	17.15	17.31	17.229999999999997
27	1	0	24	32	0	0	7.24	7.4	7.32
27	1	0	10	0	0	0	18.48	18.65	18.564999999999998
27	1	0	10	27	0	0	10.37	9.52	9.945
27	1	0	27	3	0	0	7.98	7.32	7.65
27	1	0	25	15	0	0	4.46	4.65	4.555
27	1	0	21	17	0	0	9.35	9.03	9.19
27	1	0	7	26	0	0	11.36	11.53	11.445
27	1	0	27	21	0	0	6.97	7.11	7.04
27	1	0	33	32	16	16	7.59	6.9	7.245
27	1	0	10	30	0	0	6.36	6.52	6.4399999999999995
27	1	0	17	19	0	0	12.72	12.89	12.805
27	1	2	20	0	0	0	13.86	14.06	13.96
27	1	0	20	22	0	0	11.42	11.58	11.5
27	1	0	13	32	0	0	5.01	5.17	5.09
27	1	1	9	12	0	0	7.35	7.51	7.43
27	1	2	23	3	0	0	5.65	5.88	5.765000000000001
27	1	2	10	4	0	0	11.27	10.7	10.985
27	1	0	20	24	0	0	9.91	10.08	9.995000000000001
27	1	1	20	33	0	0	9.87	10.05	9.96
27	1	1	21	31	0	0	6.43	6.62	6.525
27	1	3	3	18	0	0	8.33	8.55	8.440000000000001
27	1	0	29	32	0	0	6.78	7.16	6.970000000000001
27	1	2	23	21	0	0	3.61	3.8	3.705
27	1	0	8	26	0	0	8.59	8.17	8.379999999999999
27	1	3	5	7	0	0	4.75	4.99	4.87
27	1	2	13	7	0	0	17.85	18.04	17.945
27	1	0	15	25	0	0	14.98	15.17	15.075
27	1	0	32	33	0	0	12.32	12.5	12.41
27	1	2	28	4	0	0	13.77	13.94	13.855
27	1	2	11	8	0	0	7.04	7.27	7.154999999999999
27	1	0	4	33	0	0	9.89	10.07	9.98
27	1	1	25	13	0	0	7.92	8.1	8.01
27	1	0	34	30	0	0	4.44	4.62	4.53
27	1	0	33	33	0	0	10.81	10.99	10.9
27	1	0	25	32	0	0	4.84	5.01	4.925
27	1	1	9	28	0	0	14.13	14.32	14.225000000000001
27	1	0	30	19	0	0	4.21	4.36	4.285
27	1	3	7	5	0	0	11.99	12.21	12.100000000000001
27	1	3	10	7	0	0	4.87	5.12	4.995
27	1	2	29	2	0	0	13.73	13.93	13.83
27	1	2	12	3	0	0	13.93	14.15	14.04
27	1	0	23	33	0	0	7.2	6.96	7.08
27	1	0	20	25	0	0	13.21	13.4	13.305
27	1	0	25	22	0	0	11.2	11.36	11.28
27	1	0	20	6	0	0	8.55	8.76	8.655000000000001
27	1	0	21	19	0	0	3.65	3.42	3.535
27	1	3	7	9	0	0	4.02	4.24	4.13
27	1	0	33	31	0	0	10.08	10.26	10.17
27	1	3	4	11	0	0	10.0	10.2	10.1
27	1	2	14	32	0	0	5.19	5.01	5.1
27	1	2	15	1	0	0	10.52	9.79	10.155
27	1	2	20	4	0	0	9.57	10.37	9.969999999999999
27	1	2	32	16	0	0	10.2	10.56	10.379999999999999
27	1	1	9	33	0	0	8.69	9.47	9.08
27	1	1	8	27	0	0	21.32	21.5	21.41
27	1	0	23	30	0	0	8.52	8.73	8.625
27	1	0	23	30	0	0	5.75	5.93	5.84
27	1	0	20	21	0	0	7.82	7.37	7.595000000000001
27	1	2	11	2	0	0	5.06	5.27	5.164999999999999
27	1	0	11	32	0	0	13.13	13.29	13.21
27	1	0	23	29	0	0	19.23	19.42	19.325000000000003
27	1	0	15	27	0	0	3.25	3.42	3.335
27	1	0	21	22	0	0	6.28	6.23	6.255000000000001
27	1	0	11	23	0	0	5.93	6.36	6.145
27	1	0	25	24	0	0	12.79	12.21	12.5
27	1	0	23	24	0	0	4.47	4.65	4.5600000000000005
27	1	0	9	7	0	0	11.09	11.28	11.184999999999999
27	1	0	29	24	0	0	8.56	8.71	8.635000000000002
27	1	0	21	33	0	0	7.79	8.0	7.895
27	1	0	13	33	0	0	8.01	8.74	8.375
27	1	0	13	24	0	0	7.27	7.96	7.615
27	1	0	34	33	0	0	5.96	6.11	6.035
27	1	3	14	9	0	0	10.5	10.72	10.61
27	1	1	7	6	0	0	10.56	10.75	10.655000000000001
27	1	0	12	29	0	0	4.43	4.6	4.515
27	1	0	18	30	0	0	8.48	8.17	8.325
27	1	2	30	19	0	0	14.88	15.07	14.975000000000001
27	1	2	29	2	0	0	10.36	9.97	10.165
27	1	0	7	20	0	0	16.43	16.6	16.515
27	1	1	11	27	0	0	5.36	5.53	5.445
27	1	2	31	3	0	0	8.33	8.55	8.440000000000001
27	1	2	9	22	0	0	5.56	5.74	5.65
27	1	0	10	19	0	0	11.46	11.96	11.71
27	1	2	24	1	0	0	12.34	12.57	12.455
27	1	2	27	2	0	0	5.87	6.1	5.984999999999999
27	1	0	15	31	0	0	7.7	7.43	7.5649999999999995
27	1	2	4	4	0	0	5.78	5.94	5.86
27	1	3	6	3	0	0	14.19	14.41	14.3
27	1	2	18	5	0	0	7.89	8.09	7.99
27	1	0	8	31	0	0	7.68	7.46	7.57
27	1	3	11	0	0	0	17.43	17.68	17.555
27	1	0	3	26	0	0	11.55	11.63	11.59
27	1	2	12	7	0	0	7.92	8.12	8.02
27	1	0	21	29	0	0	6.62	6.14	6.38
27	1	0	22	33	0	0	6.48	6.33	6.405
27	1	1	11	26	0	0	7.03	7.2	7.115
27	1	1	25	3	0	0	9.43	9.61	9.52
27	1	1	3	20	0	0	13.7	13.9	13.8
27	1	2	24	31	0	0	6.65	6.85	6.75
27	1	2	17	27	0	0	9.75	10.12	9.934999999999999
27	1	0	5	1	0	0	12.15	12.97	12.56
27	1	3	14	1	0	0	13.67	13.91	13.79
27	1	2	18	18	0	0	7.29	7.46	7.375
27	1	0	11	23	0	0	6.36	6.79	6.575
27	1	3	11	8	0	0	14.82	15.01	14.915
27	1	0	12	0	0	0	12.4	11.73	12.065000000000001
27	1	0	24	33	0	0	11.18	11.36	11.27
27	1	0	27	26	0	0	3.05	3.24	3.145
27	1	2	28	0	0	0	9.93	10.26	10.094999999999999
27	1	0	20	28	0	0	17.89	18.06	17.975
27	1	2	31	8	0	0	1.82	1.84	1.83
27	1	2	32	6	0	0	12.84	13.03	12.934999999999999
27	1	1	3	29	0	0	7.35	7.54	7.445
27	1	0	16	30	0	0	6.71	6.66	6.6850000000000005
27	1	0	19	14	0	0	6.37	6.52	6.445
27	1	0	22	15	0	0	8.02	8.67	8.344999999999999
27	1	0	32	31	0	0	11.17	11.43	11.3
27	1	0	20	19	0	0	13.79	14.03	13.91
27	1	2	27	6	0	0	10.91	11.11	11.01
27	1	2	12	8	0	0	7.15	7.4	7.275
27	1	2	23	2	0	0	5.48	5.71	5.595000000000001
27	1	2	24	3	0	0	3.67	3.87	3.77
27	1	0	18	10	0	0	11.27	12.36	11.815
27	1	0	8	5	0	0	11.05	11.21	11.13
27	1	1	15	26	0	0	7.46	7.64	7.55
27	1	2	21	0	0	0	7.91	8.11	8.01
27	1	0	13	29	0	0	20.45	20.6	20.525
27	1	0	15	30	0	0	6.02	6.2	6.109999999999999
28	1	0	22	33	0	0	8.0	8.19	8.094999999999999
28	1	0	34	24	0	0	8.07	7.34	7.705
28	1	0	10	10	0	0	15.04	15.21	15.125
28	1	0	18	33	0	0	4.91	5.07	4.99
28	1	0	26	26	0	0	10.3	10.46	10.38
28	1	3	10	32	0	0	8.81	9.04	8.925
28	1	2	10	24	0	0	8.55	8.75	8.65
28	1	1	4	0	0	0	10.95	11.12	11.035
28	1	3	14	4	0	0	4.3	4.54	4.42
28	1	0	16	25	0	0	9.33	9.53	9.43
28	1	0	18	20	0	0	4.02	4.2	4.109999999999999
28	1	0	27	31	0	0	4.4	4.59	4.495
28	1	2	18	3	0	0	4.07	4.29	4.18
28	1	0	21	21	0	0	6.39	6.55	6.47
28	1	0	25	33	0	0	6.31	6.49	6.4
28	1	0	13	7	0	0	6.73	7.18	6.955
28	1	0	22	32	0	0	10.69	10.89	10.79
28	1	0	12	33	0	0	8.8	8.98	8.89
28	1	0	22	23	0	0	3.49	3.67	3.58
28	1	2	9	27	0	0	4.93	4.86	4.895
28	1	2	23	28	0	0	5.06	4.57	4.8149999999999995
28	1	2	26	6	0	0	4.17	4.35	4.26
28	1	2	27	5	0	0	6.23	6.42	6.325
28	1	3	5	7	0	0	5.63	5.87	5.75
28	1	0	31	24	0	0	8.5	7.68	8.09
28	1	0	26	33	0	0	7.57	6.89	7.23
28	1	2	27	0	0	0	18.16	18.36	18.259999999999998
28	1	0	22	32	0	0	15.41	15.61	15.51
28	1	0	29	28	0	0	4.67	4.85	4.76
28	1	2	27	6	0	0	8.54	8.73	8.635
28	1	0	34	23	0	0	7.97	8.65	8.31
28	1	0	19	27	0	0	7.7	7.75	7.725
28	1	2	12	3	0	0	5.93	6.14	6.035
28	1	0	22	30	0	0	7.58	8.16	7.87
28	1	0	18	28	0	0	3.83	4.0	3.915
28	1	0	25	23	0	0	6.84	7.0	6.92
28	1	1	7	29	0	0	6.72	6.9	6.8100000000000005
28	1	1	5	31	0	0	6.2	6.38	6.29
28	1	0	20	31	0	0	6.72	6.89	6.805
28	1	0	29	30	0	0	6.53	6.71	6.62
28	1	0	20	25	0	0	5.53	5.73	5.630000000000001
28	1	0	9	15	0	0	9.51	9.71	9.61
28	1	0	29	15	0	0	8.42	7.9	8.16
28	1	0	15	31	0	0	12.38	12.55	12.465
28	1	1	24	21	0	0	11.31	11.03	11.17
28	1	1	23	16	0	0	17.61	17.8	17.705
28	1	0	26	33	0	0	6.29	6.47	6.38
28	1	2	23	0	0	0	4.68	4.9	4.79
28	1	0	10	24	0	0	13.88	14.03	13.955
28	1	0	27	22	0	0	8.12	7.73	7.925
28	1	3	26	5	0	0	6.3	6.52	6.41
28	1	0	26	33	0	0	13.29	12.95	13.12
28	1	0	18	29	0	0	13.69	13.46	13.575
28	1	0	30	23	0	0	8.44	8.58	8.51
28	1	0	24	20	0	0	7.2	7.38	7.29
28	1	0	9	29	0	0	8.84	8.3	8.57
28	1	0	29	28	0	0	7.71	7.89	7.8
28	1	2	17	4	0	0	6.01	6.18	6.095
28	1	1	19	17	0	0	7.68	7.85	7.765
28	1	2	14	15	0	0	5.77	5.28	5.525
28	1	0	27	32	0	0	7.69	7.88	7.785
28	1	0	8	21	0	0	4.3	4.46	4.38
28	1	1	14	23	0	0	8.31	8.47	8.39
28	1	2	14	8	0	0	2.33	2.56	2.4450000000000003
28	1	2	25	7	0	0	5.73	5.95	5.84
28	1	0	30	27	0	0	9.91	9.01	9.46
28	1	0	20	31	0	0	10.33	10.07	10.2
28	1	2	12	24	0	0	8.82	9.02	8.92
28	1	0	15	33	0	0	11.1	10.51	10.805
28	1	0	30	31	0	0	12.63	13.84	13.235
28	1	1	4	29	0	0	8.33	8.51	8.42
28	1	0	33	25	0	0	7.38	7.57	7.475
28	1	3	5	1	0	0	9.61	9.17	9.39
28	1	3	6	4	0	0	21.42	21.67	21.545
28	1	2	23	2	0	0	5.19	5.4	5.295
28	1	0	30	33	0	0	8.57	8.63	8.600000000000001
28	1	0	19	32	0	0	11.62	12.66	12.14
28	1	0	34	24	0	0	12.95	12.79	12.87
28	1	1	3	17	0	0	9.7	9.87	9.785
28	1	2	12	13	0	0	8.07	8.29	8.18
28	1	0	15	15	0	0	13.61	13.15	13.379999999999999
28	1	2	20	0	0	0	12.53	12.73	12.629999999999999
28	1	0	26	24	0	0	11.47	11.27	11.370000000000001
28	1	0	34	32	0	0	9.79	9.98	9.885
28	1	0	29	6	0	0	10.96	11.79	11.375
28	1	0	23	24	0	0	7.24	7.42	7.33
28	1	2	12	26	0	0	8.36	8.56	8.46
28	1	0	4	3	0	0	4.07	4.25	4.16
28	1	0	27	28	0	0	6.28	6.47	6.375
28	1	0	24	19	0	0	7.67	7.82	7.745
28	1	3	32	9	0	0	13.34	12.82	13.08
28	1	0	8	22	0	0	5.39	5.55	5.47
28	1	0	21	26	0	0	7.39	7.58	7.484999999999999
28	1	0	34	31	0	0	3.34	3.5	3.42
28	1	0	17	30	0	0	4.96	5.14	5.05
28	1	0	26	27	0	0	12.95	13.78	13.364999999999998
28	1	0	20	27	0	0	4.05	4.23	4.140000000000001
28	1	2	23	20	0	0	7.69	7.92	7.805
28	1	2	23	0	0	0	13.06	13.27	13.165
28	1	0	10	22	0	0	9.35	8.72	9.035
28	1	0	6	27	0	0	3.79	3.52	3.6550000000000002
28	1	2	8	5	0	0	8.22	8.41	8.315000000000001
28	1	2	8	4	0	0	4.99	5.17	5.08
28	1	3	8	29	0	0	12.44	13.56	13.0
28	1	0	4	25	0	0	11.07	11.66	11.365
28	1	3	20	7	0	0	8.05	8.27	8.16
28	1	0	32	22	0	0	10.36	11.12	10.739999999999998
28	1	2	14	0	0	0	6.21	5.92	6.0649999999999995
28	1	0	11	32	0	0	12.78	13.12	12.95
28	1	0	23	24	0	0	8.47	8.65	8.56
28	1	2	22	5	0	0	3.41	3.6	3.505
28	1	0	20	30	0	0	5.22	5.4	5.3100000000000005
28	1	3	7	13	0	0	12.56	12.65	12.605
28	1	2	23	1	0	0	7.91	8.15	8.030000000000001
28	1	1	6	32	0	0	5.61	5.75	5.68
28	1	0	29	21	0	0	8.24	8.96	8.600000000000001
28	1	0	22	26	0	0	5.18	5.37	5.275
28	1	0	8	26	0	0	8.01	8.42	8.215
28	1	0	16	22	0	0	7.45	8.16	7.805
28	1	0	33	27	0	0	7.23	7.61	7.42
28	1	0	33	25	0	0	15.39	15.16	15.275
28	1	2	20	4	0	0	17.77	17.96	17.865000000000002
28	1	1	7	22	0	0	16.11	16.31	16.21
28	1	3	10	0	0	0	6.81	7.06	6.935
28	1	2	20	5	0	0	10.07	10.27	10.17
28	1	2	18	6	0	0	10.36	10.56	10.46
28	1	2	24	1	0	0	10.75	10.98	10.865
28	1	2	25	0	0	0	8.66	8.85	8.754999999999999
28	1	0	15	24	0	0	11.86	11.9	11.879999999999999
28	1	2	19	0	0	0	7.81	8.03	7.92
28	1	2	20	5	0	0	7.72	7.24	7.48
28	1	0	21	21	0	0	5.51	5.67	5.59
28	1	1	3	30	0	0	7.63	7.81	7.72
28	1	0	22	22	0	0	4.47	4.63	4.55
28	1	0	29	20	0	0	14.45	15.6	15.024999999999999
28	1	0	21	23	0	0	7.98	7.22	7.6
28	1	0	8	15	0	0	7.15	7.43	7.29
28	1	0	32	11	0	0	9.08	9.51	9.295
28	1	2	17	3	0	0	7.05	6.42	6.734999999999999
28	1	0	6	30	0	0	12.87	12.94	12.905
28	1	2	33	3	2	1	38.44	35.84	37.14
29	1	2	31	5	0	0	10.75	10.94	10.844999999999999
29	1	2	18	17	0	0	7.4	7.63	7.515000000000001
29	1	0	26	26	0	0	27.47	25.23	26.35
29	1	0	3	19	0	0	6.34	6.56	6.449999999999999
29	1	2	5	0	0	0	14.65	14.84	14.745000000000001
29	1	2	13	5	0	0	8.61	8.78	8.695
29	1	2	28	20	0	0	8.65	8.85	8.75
29	1	2	13	1	0	0	8.7	8.93	8.815
29	1	3	25	27	0	0	11.2	11.41	11.305
29	1	2	24	0	0	0	5.7	5.91	5.805
29	1	2	28	0	0	0	5.53	5.04	5.285
29	1	0	20	31	0	0	6.32	6.56	6.4399999999999995
29	1	2	24	2	0	0	3.95	4.15	4.050000000000001
29	1	2	31	3	0	0	4.5	4.71	4.605
29	1	2	21	2	0	0	6.28	6.48	6.380000000000001
29	1	2	29	6	0	0	6.67	7.18	6.925
29	1	2	6	17	0	0	7.74	7.96	7.85
29	1	1	3	29	0	0	9.12	9.31	9.215
29	1	0	16	25	0	0	13.44	13.64	13.54
29	1	0	19	21	0	0	11.21	11.68	11.445
29	1	0	5	3	0	0	9.27	9.15	9.21
29	1	2	24	19	0	0	6.32	6.86	6.59
29	1	0	21	33	0	0	4.7	4.89	4.795
29	1	0	16	24	0	0	4.6	4.77	4.685
29	1	0	33	32	0	0	12.21	11.87	12.04
29	1	2	27	4	0	0	3.36	3.55	3.455
29	1	0	21	11	0	0	9.4	9.42	9.41
29	1	2	26	2	0	0	7.77	7.97	7.869999999999999
29	1	2	25	1	0	0	4.85	4.74	4.795
29	1	0	21	19	0	0	6.86	7.03	6.945
29	1	2	20	1	0	0	16.71	16.94	16.825000000000003
29	1	0	16	30	0	0	8.36	8.54	8.45
29	1	1	32	26	0	0	6.97	7.14	7.055
29	1	1	3	19	0	0	10.17	10.35	10.26
29	1	0	12	24	0	0	11.28	10.5	10.89
29	1	0	20	31	0	0	6.41	5.98	6.195
29	1	0	33	2	0	0	11.95	11.38	11.665
29	1	2	31	3	0	0	6.94	6.54	6.74
29	1	0	4	28	0	0	11.46	12.38	11.920000000000002
29	1	0	34	23	0	0	8.13	8.29	8.21
29	1	0	4	27	0	0	17.8	17.96	17.880000000000003
29	1	0	17	31	0	0	13.78	13.96	13.870000000000001
29	1	3	12	3	0	0	8.6	8.83	8.715
29	1	1	3	22	0	0	6.93	7.13	7.029999999999999
29	1	0	8	29	0	0	3.3	3.46	3.38
29	1	2	22	16	0	0	7.74	7.12	7.43
29	1	0	17	31	0	0	17.62	17.77	17.695
29	1	0	30	29	0	0	6.38	5.77	6.074999999999999
29	1	2	3	11	0	0	6.01	6.2	6.105
29	1	0	29	32	0	0	5.81	6.37	6.09
29	1	2	18	6	0	0	14.81	15.0	14.905000000000001
29	1	0	30	33	0	0	9.64	9.75	9.695
29	1	2	14	22	0	0	10.03	10.21	10.120000000000001
29	1	2	16	0	0	0	3.6	3.82	3.71
29	1	0	15	33	0	0	14.17	13.96	14.065000000000001
29	1	3	14	19	0	0	3.15	3.36	3.255
29	1	0	25	26	0	0	11.98	11.46	11.72
29	1	0	29	32	0	0	11.19	12.13	11.66
29	1	2	32	6	0	0	5.28	5.47	5.375
29	1	0	18	15	0	0	8.14	8.33	8.235
29	1	2	17	23	0	0	8.92	8.87	8.895
29	1	0	25	27	0	0	6.2	6.13	6.165
29	1	0	10	22	0	0	8.71	9.56	9.135000000000002
29	1	0	8	26	0	0	4.37	4.54	4.455
29	1	2	27	17	0	0	10.76	10.98	10.870000000000001
29	1	0	30	30	0	0	4.27	4.43	4.35
29	1	0	32	27	0	0	12.04	11.61	11.825
29	1	0	16	25	0	0	17.68	17.88	17.78
29	1	0	22	32	0	0	10.48	10.28	10.379999999999999
29	1	3	11	31	0	0	9.5	9.74	9.620000000000001
29	1	1	4	26	0	0	4.95	5.12	5.035
29	1	2	13	1	0	0	5.25	5.48	5.365
29	1	0	16	19	0	0	5.97	6.02	5.994999999999999
29	1	2	33	0	0	0	13.06	13.24	13.15
29	1	0	25	31	0	0	8.09	8.87	8.48
29	1	2	30	0	0	0	10.71	10.9	10.805
29	1	0	13	2	0	0	14.27	14.35	14.309999999999999
29	1	0	30	23	0	0	10.27	9.79	10.03
29	1	2	14	11	0	0	5.61	5.8	5.705
29	1	0	19	24	0	0	5.88	5.39	5.635
29	1	2	11	2	0	0	4.51	4.63	4.57
29	1	2	29	0	0	0	4.76	4.95	4.855
29	1	2	13	17	0	0	8.22	7.96	8.09
29	1	2	29	3	0	0	10.52	10.73	10.625
29	1	0	13	15	0	0	13.42	12.17	12.795
29	1	0	31	23	0	0	7.34	7.48	7.41
29	1	3	14	10	0	0	12.66	12.84	12.75
29	1	3	15	3	0	0	11.59	11.2	11.395
29	1	0	30	29	0	0	10.27	10.66	10.465
29	1	0	33	22	0	0	14.36	14.42	14.39
29	1	0	27	20	0	0	7.95	8.27	8.11
29	1	0	11	28	0	0	6.71	6.88	6.795
29	1	0	13	29	0	0	22.88	23.03	22.955
29	1	0	26	27	0	0	10.01	10.44	10.225
29	1	2	33	3	0	0	6.7	6.9	6.800000000000001
29	1	2	31	3	0	0	5.49	5.7	5.595000000000001
29	1	2	25	5	0	0	2.99	3.17	3.08
29	1	3	4	8	0	0	10.98	10.24	10.61
29	1	2	10	1	0	0	5.09	5.31	5.199999999999999
29	1	1	3	32	0	0	9.3	9.47	9.385000000000002
29	1	0	24	27	0	0	9.91	10.44	10.175
29	1	0	26	32	0	0	8.13	8.14	8.135000000000002
29	1	3	24	4	0	0	5.33	5.12	5.225
29	1	3	23	3	0	0	12.95	13.17	13.059999999999999
29	1	2	22	4	0	0	9.58	9.09	9.335
29	1	2	14	1	0	0	7.44	7.67	7.555
29	1	2	22	0	0	0	10.54	9.78	10.16
29	1	2	11	8	0	0	4.79	5.03	4.91
29	1	2	32	11	0	0	8.45	8.42	8.434999999999999
29	1	2	11	3	0	0	2.7	2.92	2.81
29	1	2	17	2	0	0	10.31	10.75	10.530000000000001
29	1	2	18	1	0	0	7.93	8.67	8.3
29	1	0	34	32	0	0	7.15	7.33	7.24
29	1	2	29	5	0	0	6.04	6.22	6.13
29	1	0	13	22	0	0	9.21	10.08	9.645
29	1	0	29	26	0	0	8.33	8.29	8.309999999999999
29	1	0	26	27	0	0	8.18	8.5	8.34
29	1	0	23	31	0	0	6.57	6.75	6.66
29	1	1	29	28	0	0	11.7	11.21	11.455
29	1	1	28	29	0	0	21.82	22.01	21.915
29	1	2	30	4	0	0	6.15	6.38	6.265000000000001
29	1	2	31	6	0	0	5.9	6.04	5.970000000000001
29	1	0	19	19	0	0	10.75	11.34	11.045
29	1	0	17	21	0	0	6.54	6.72	6.63
29	1	1	33	26	0	0	8.5	8.67	8.585
29	1	0	10	27	0	0	11.83	12.2	12.015
29	1	0	18	31	0	0	9.15	9.37	9.26
29	1	0	9	27	0	0	3.32	3.41	3.365
29	1	1	11	32	0	0	6.71	6.86	6.785
29	1	1	13	31	0	0	13.8	13.99	13.895
29	1	0	10	31	0	0	6.41	6.57	6.49
29	1	0	20	21	0	0	19.38	19.55	19.465
29	1	0	29	27	0	0	14.72	13.57	14.145
29	1	1	8	32	0	0	13.04	13.2	13.12
29	1	0	33	28	0	0	17.46	17.63	17.545
29	1	0	24	6	0	0	13.54	14.53	14.035
29	1	1	5	17	0	0	8.07	7.81	7.9399999999999995
29	1	2	26	4	0	0	3.42	3.59	3.505
29	1	2	24	2	0	0	8.49	8.16	8.325
29	1	2	27	1	0	0	9.81	10.53	10.17
29	1	0	19	19	0	0	6.7	6.85	6.775
29	1	0	20	2	0	0	15.56	14.84	15.2
29	1	0	29	27	0	0	7.64	8.35	7.994999999999999
29	1	0	5	21	0	0	7.09	7.79	7.4399999999999995
29	1	3	5	6	0	0	6.04	6.25	6.145
29	1	0	18	29	0	0	11.31	10.18	10.745000000000001
29	1	0	33	28	0	0	11.01	10.92	10.965
29	1	2	30	0	0	0	16.85	17.04	16.945
29	1	2	17	26	0	0	7.22	7.42	7.32
29	1	0	34	31	0	0	23.25	23.44	23.345
29	1	3	6	2	0	0	15.44	15.66	15.55
29	1	0	33	14	0	0	13.31	12.0	12.655000000000001
30	1	1	13	2	0	0	14.33	13.69	14.01
30	1	0	10	32	0	0	4.19	4.35	4.27
30	1	0	34	31	0	0	10.61	10.8	10.705
30	1	1	3	21	0	0	13.51	13.9	13.705
30	1	2	15	0	0	0	8.42	8.61	8.515
30	1	2	26	4	0	0	6.61	6.79	6.7
30	1	0	22	22	0	0	9.65	9.8	9.725000000000001
30	1	0	22	30	0	0	7.32	7.5	7.41
30	1	0	17	30	0	0	8.32	8.51	8.415
30	1	0	29	25	0	0	5.38	5.57	5.475
30	1	0	12	30	0	0	13.96	14.13	14.045000000000002
30	1	1	5	24	0	0	9.96	10.12	10.04
30	1	0	24	30	0	0	11.23	11.04	11.135
30	1	2	18	6	0	0	10.38	10.58	10.48
30	1	2	18	2	0	0	2.81	3.03	2.92
30	1	2	20	0	0	0	11.15	11.34	11.245000000000001
30	1	3	3	10	0	0	9.15	9.33	9.24
30	1	0	27	22	0	0	12.21	11.38	11.795000000000002
30	1	0	26	28	0	0	17.46	17.62	17.54
30	1	2	11	0	0	0	15.81	16.01	15.91
30	1	0	26	31	0	0	4.06	4.23	4.145
30	1	0	3	29	0	0	13.37	12.39	12.879999999999999
30	1	2	8	2	0	0	6.51	6.72	6.615
30	1	0	21	32	0	0	4.4	4.83	4.615
30	1	0	20	22	0	0	11.69	11.86	11.774999999999999
30	1	0	25	31	0	0	15.15	15.32	15.235
30	1	0	9	24	0	0	7.87	8.03	7.949999999999999
30	1	1	19	28	0	0	13.72	13.48	13.600000000000001
30	1	0	34	26	0	0	6.0	6.2	6.1
30	1	2	10	0	0	0	21.37	21.56	21.465
30	1	2	27	3	0	0	9.68	9.9	9.79
30	1	0	19	21	0	0	9.5	9.67	9.585
30	1	0	20	28	0	0	1.54	1.56	1.55
30	1	1	13	24	0	0	13.3	12.97	13.135000000000002
30	1	2	3	2	0	0	4.86	5.07	4.965
30	1	2	9	29	0	0	11.56	11.73	11.645
30	1	0	34	30	0	0	12.46	13.53	12.995000000000001
30	1	0	33	27	0	0	5.93	6.1	6.015
30	1	2	27	1	0	0	8.94	9.17	9.055
30	1	0	33	20	0	0	11.75	12.67	12.21
30	1	2	11	6	0	0	10.18	10.38	10.280000000000001
30	1	0	25	22	0	0	10.56	10.72	10.64
30	1	2	11	1	0	0	11.0	11.23	11.115
30	1	3	7	6	0	0	11.4	11.61	11.504999999999999
30	1	3	8	8	0	0	15.59	15.75	15.67
30	1	1	18	27	0	0	11.45	11.64	11.545
30	1	0	15	29	0	0	7.08	7.25	7.165
30	1	0	16	27	0	0	10.73	10.9	10.815000000000001
30	1	1	7	17	0	0	7.18	7.35	7.265
30	1	2	27	18	0	0	3.97	4.17	4.07
30	1	0	15	23	0	0	4.65	5.11	4.880000000000001
30	1	3	3	1	0	0	16.98	17.21	17.095
30	1	2	21	0	0	0	10.45	10.5	10.475
30	1	0	22	32	0	0	14.33	14.51	14.42
30	1	2	26	5	0	0	8.15	8.33	8.24
30	1	0	16	30	0	0	8.35	8.53	8.44
30	1	0	33	19	0	0	6.51	6.67	6.59
30	1	0	26	28	0	0	10.18	10.34	10.26
30	1	0	22	29	0	0	7.29	7.48	7.385
30	1	0	34	27	0	0	7.66	7.84	7.75
30	1	0	15	28	0	0	11.79	11.93	11.86
30	1	0	20	31	0	0	14.54	14.17	14.355
30	1	2	21	2	0	0	4.72	4.93	4.824999999999999
30	1	0	22	29	0	0	5.09	5.28	5.1850000000000005
30	1	2	16	1	0	0	7.56	7.78	7.67
30	1	2	7	1	0	0	8.53	9.1	8.815
30	1	1	25	18	0	0	12.79	11.58	12.184999999999999
30	1	0	24	27	0	0	5.1	5.27	5.185
30	1	0	34	29	0	0	5.47	5.66	5.5649999999999995
30	1	0	32	26	0	0	7.35	7.52	7.435
30	1	2	15	1	0	0	5.86	6.08	5.970000000000001
30	1	0	13	9	0	0	8.67	8.84	8.754999999999999
30	1	3	12	4	0	0	11.62	11.86	11.739999999999998
30	1	2	6	1	0	0	5.47	5.72	5.595
30	1	0	18	25	0	0	4.43	4.61	4.52
30	1	0	11	22	0	0	1.96	2.11	2.035
30	1	0	20	26	0	0	3.35	3.54	3.4450000000000003
30	1	1	12	28	0	0	11.4	11.36	11.379999999999999
30	1	1	13	32	0	0	10.36	10.19	10.274999999999999
30	1	0	11	31	0	0	7.44	7.6	7.52
30	1	1	8	24	0	0	15.9	16.07	15.985
30	1	1	7	18	0	0	5.72	5.9	5.8100000000000005
30	1	0	23	26	0	0	8.66	8.86	8.76
30	1	2	15	0	0	0	10.23	10.42	10.325
30	1	0	13	11	0	0	8.16	8.31	8.235
30	1	2	9	0	0	0	5.59	5.79	5.6899999999999995
30	1	2	11	1	0	0	3.26	3.48	3.37
30	1	0	23	32	0	0	3.9	4.08	3.99
30	1	0	17	25	0	0	6.25	6.45	6.35
30	1	2	25	2	0	0	9.04	8.75	8.895
30	1	0	10	29	0	0	10.95	11.96	11.455
30	1	0	15	31	0	0	11.33	11.11	11.219999999999999
30	1	2	15	5	0	0	8.11	8.31	8.21
30	1	0	25	33	0	0	1.66	1.71	1.685
30	1	0	18	32	0	0	10.33	10.49	10.41
30	1	2	19	1	0	0	7.57	7.8	7.6850000000000005
30	1	2	14	8	0	0	6.68	6.91	6.795
30	1	2	22	4	0	0	13.19	13.38	13.285
30	1	0	23	33	0	0	9.9	10.09	9.995000000000001
30	1	2	4	15	0	0	5.47	5.67	5.57
30	1	0	15	27	0	0	9.56	9.73	9.645
30	1	0	25	25	0	0	6.21	6.38	6.295
30	1	2	23	2	0	0	10.78	11.01	10.895
30	1	0	27	27	0	0	5.28	5.45	5.365
30	1	0	32	26	0	0	8.56	8.74	8.65
30	1	1	15	15	0	0	5.46	5.63	5.545
30	1	2	24	29	0	0	6.22	6.41	6.3149999999999995
30	1	0	13	31	0	0	8.85	8.99	8.92
30	1	0	19	25	0	0	4.87	5.08	4.975
30	1	3	30	20	0	0	9.72	9.88	9.8
30	1	2	19	3	0	0	6.18	6.39	6.285
30	1	0	9	25	0	0	15.93	14.75	15.34
30	1	0	34	31	0	0	14.24	14.43	14.335
30	1	3	18	0	0	0	6.48	6.73	6.605
30	1	2	27	0	0	0	5.45	5.65	5.550000000000001
30	1	0	13	19	0	0	11.94	11.5	11.719999999999999
30	1	0	34	25	0	0	11.73	12.13	11.93
30	1	0	33	31	0	0	5.39	5.58	5.484999999999999
30	1	2	10	5	0	0	11.46	11.66	11.56
30	1	2	22	2	0	0	9.91	9.24	9.575
30	1	0	22	19	0	0	9.8	9.96	9.88
30	1	2	25	20	0	0	8.44	8.64	8.54
30	1	3	20	14	0	0	9.33	9.56	9.445
30	1	2	13	16	0	0	9.13	9.33	9.23
30	1	2	14	2	0	0	7.55	7.76	7.654999999999999
30	1	0	9	26	0	0	7.1	7.28	7.1899999999999995
30	1	0	4	31	0	0	7.5	7.58	7.54
30	1	0	3	25	0	0	13.02	12.11	12.565
30	1	2	20	2	0	0	6.78	7.0	6.890000000000001
30	1	2	18	22	0	0	9.19	10.09	9.64
30	1	0	21	29	0	0	3.0	3.18	3.09
30	1	0	34	3	0	0	12.76	11.61	12.184999999999999
30	1	0	20	27	0	0	8.82	9.37	9.094999999999999
30	1	0	18	31	0	0	16.52	16.09	16.305
30	1	3	16	0	0	0	20.57	20.8	20.685000000000002
30	1	0	24	21	0	0	4.52	4.68	4.6
30	1	0	7	31	0	0	11.39	11.92	11.655000000000001
30	1	2	14	11	0	0	6.7	6.9	6.800000000000001
30	1	0	20	29	0	0	9.21	10.02	9.615
30	1	2	27	2	0	0	4.38	4.6	4.49
30	1	2	3	3	0	0	8.45	8.63	8.54
30	1	0	19	21	0	0	10.93	11.55	11.24
30	1	0	8	29	0	0	9.86	9.24	9.55
30	1	0	20	24	0	0	8.89	8.51	8.7
30	1	1	23	7	0	0	13.0	13.18	13.09
30	1	2	25	6	0	0	4.81	4.58	4.695
30	1	2	24	3	0	0	12.51	12.73	12.620000000000001
30	1	0	8	32	0	0	12.06	13.17	12.615
30	1	2	30	0	0	0	11.64	11.82	11.73
30	1	2	16	14	0	0	9.97	9.42	9.695
30	1	2	17	3	0	0	10.6	10.82	10.71
30	1	0	21	33	0	0	12.21	12.97	12.59
30	1	0	20	21	0	0	10.08	10.9	10.49
30	1	1	8	12	0	0	8.47	8.64	8.555
30	1	2	11	18	0	0	11.64	11.83	11.735
30	1	2	12	17	0	0	8.87	9.09	8.98
30	1	3	3	22	0	0	11.08	11.27	11.175
30	1	0	32	20	0	0	11.21	11.13	11.170000000000002
30	1	1	3	31	0	0	7.77	7.97	7.869999999999999
30	1	3	8	21	0	0	16.42	16.62	16.520000000000003
30	1	2	11	4	0	0	11.03	10.17	10.6
30	1	2	17	1	0	0	8.23	7.41	7.82
30	1	2	18	5	0	0	9.62	9.81	9.715
30	1	2	20	2	0	0	7.19	6.6	6.895
30	1	1	3	21	0	0	6.82	7.01	6.915
30	1	0	33	31	0	0	11.95	12.2	12.075
30	1	0	12	19	0	0	15.5	16.67	16.085
30	1	0	12	27	0	0	14.78	15.67	15.225
30	1	0	7	33	0	0	11.08	10.26	10.67
30	1	0	8	21	0	0	12.2	12.36	12.28
30	1	2	20	16	0	0	2.96	3.15	3.0549999999999997
31	1	1	4	27	0	0	14.73	13.66	14.195
31	1	1	6	19	0	0	9.6	9.77	9.684999999999999
31	1	3	27	21	0	0	2.16	2.36	2.26
31	1	2	7	15	0	0	9.08	9.28	9.18
31	1	0	29	29	0	0	10.78	10.93	10.855
31	1	2	11	32	0	0	3.46	3.66	3.56
31	1	2	13	24	0	0	5.6	5.81	5.705
31	1	0	33	30	0	0	5.5	5.69	5.595000000000001
31	1	0	34	33	0	0	1.81	1.97	1.8900000000000001
31	1	0	26	25	0	0	11.41	11.59	11.5
31	1	0	18	32	0	0	10.42	10.58	10.5
31	1	2	10	7	0	0	8.55	8.74	8.645
31	1	3	11	0	0	0	12.82	13.06	12.940000000000001
31	1	0	13	29	0	0	12.76	12.92	12.84
31	1	0	30	32	0	0	10.79	10.97	10.879999999999999
31	1	2	20	1	0	0	5.45	5.29	5.37
31	1	2	21	0	0	0	19.7	19.89	19.795
31	1	2	16	1	0	0	10.45	10.69	10.57
31	1	2	17	3	0	0	7.45	7.67	7.5600000000000005
31	1	2	33	0	0	0	15.88	16.07	15.975000000000001
31	1	0	21	25	0	0	7.74	7.94	7.84
31	1	2	18	0	0	0	13.74	13.95	13.844999999999999
31	1	2	24	4	0	0	9.48	9.66	9.57
31	1	3	5	21	0	0	12.09	12.31	12.2
31	1	3	6	0	0	0	11.05	10.35	10.7
31	1	0	22	30	0	0	7.44	7.62	7.53
31	1	1	18	18	0	0	6.22	6.38	6.3
31	1	0	10	20	0	0	13.95	14.14	14.045
31	1	0	26	27	0	0	7.05	7.21	7.13
31	1	2	5	7	0	0	10.43	10.6	10.515
31	1	0	17	5	0	0	5.85	6.03	5.9399999999999995
31	1	1	22	20	0	0	8.21	8.43	8.32
31	1	0	22	29	0	0	5.98	6.16	6.07
31	1	2	26	3	0	0	13.76	13.96	13.86
31	1	3	15	12	0	0	10.1	10.05	10.075
31	1	2	21	0	0	0	11.95	12.15	12.05
31	1	0	24	31	0	0	10.23	10.41	10.32
31	1	2	7	5	0	0	8.56	8.76	8.66
31	1	2	17	1	0	0	6.27	6.49	6.38
31	1	2	30	15	0	0	8.52	8.72	8.620000000000001
31	1	0	23	24	0	0	9.76	9.19	9.475
31	1	1	3	11	0	0	8.99	9.17	9.08
31	1	0	19	30	0	0	3.94	4.12	4.03
31	1	0	29	26	0	0	3.88	3.81	3.8449999999999998
31	1	0	31	25	0	0	11.66	12.29	11.975
31	1	0	6	28	0	0	4.91	5.08	4.995
31	1	0	16	27	0	0	8.6	8.77	8.684999999999999
31	1	1	6	29	0	0	7.61	7.79	7.7
31	1	3	4	22	0	0	5.08	5.27	5.175
31	1	0	3	21	0	0	11.04	9.94	10.489999999999998
31	1	0	17	27	0	0	5.03	5.21	5.12
31	1	0	11	26	0	0	13.51	14.69	14.1
31	1	0	19	32	0	0	5.74	5.92	5.83
31	1	2	29	27	0	0	5.08	4.6	4.84
31	1	0	26	20	0	0	13.44	13.7	13.57
31	1	2	12	0	0	0	6.84	7.04	6.9399999999999995
31	1	0	26	3	0	0	8.88	9.05	8.965
31	1	0	25	24	0	0	8.12	8.29	8.204999999999998
31	1	2	7	2	0	0	9.57	9.79	9.68
31	1	0	20	31	0	0	7.24	7.41	7.325
31	1	0	7	32	0	0	8.99	9.15	9.07
31	1	0	34	29	0	0	7.44	7.62	7.53
31	1	0	3	30	0	0	10.68	11.19	10.934999999999999
31	1	2	8	4	0	0	6.08	6.26	6.17
31	1	0	10	15	0	0	5.29	5.48	5.385
31	1	0	11	23	0	0	3.63	3.32	3.4749999999999996
31	1	0	29	6	0	0	14.3	13.6	13.95
31	1	0	22	20	0	0	11.19	11.84	11.515
31	1	0	27	25	0	0	7.75	7.96	7.855
31	1	2	21	2	0	0	6.49	6.69	6.59
31	1	0	21	29	0	0	8.09	8.27	8.18
31	1	2	3	3	0	0	9.54	9.73	9.635
31	1	0	20	29	0	0	12.17	11.37	11.77
31	1	0	20	15	0	0	12.54	12.38	12.46
31	1	2	12	14	0	0	8.89	9.11	9.0
31	1	0	34	23	0	0	6.4	6.57	6.485
31	1	0	17	20	0	0	17.14	17.85	17.495
31	1	0	26	23	0	0	9.31	9.46	9.385000000000002
31	1	0	27	22	0	0	6.98	7.15	7.065
31	1	1	28	15	0	0	3.49	3.65	3.5700000000000003
31	1	0	24	23	0	0	6.28	6.44	6.36
31	1	0	22	23	0	0	14.25	14.46	14.355
31	1	0	20	19	0	0	3.15	2.92	3.035
31	1	0	21	24	0	0	9.25	9.41	9.33
31	1	3	9	0	0	0	18.31	18.54	18.424999999999997
31	1	0	20	29	0	0	7.25	7.42	7.335
31	1	2	10	4	0	0	10.95	11.13	11.04
31	1	2	27	22	0	0	4.41	4.41	4.41
31	1	0	25	13	0	0	10.06	10.86	10.46
31	1	0	26	29	0	0	6.35	6.52	6.435
31	1	2	14	2	0	0	6.04	6.26	6.15
31	1	0	29	28	0	0	13.73	12.71	13.22
31	1	3	4	5	0	0	7.36	7.75	7.555
31	1	2	4	2	0	0	6.63	6.84	6.734999999999999
31	1	2	27	1	0	0	6.77	7.01	6.89
31	1	0	23	1	0	0	4.36	4.35	4.355
31	1	2	20	15	0	0	10.21	10.42	10.315000000000001
31	1	2	21	14	0	0	11.87	12.1	11.985
31	1	2	14	20	0	0	8.53	8.75	8.64
31	1	0	22	28	0	0	8.39	8.59	8.49
31	1	0	34	25	0	0	11.57	11.76	11.665
31	1	2	10	19	0	0	7.21	7.41	7.3100000000000005
31	1	2	33	0	0	0	7.74	7.92	7.83
31	1	2	14	14	0	0	8.17	8.45	8.309999999999999
31	1	0	21	31	0	0	6.99	7.16	7.075
31	1	1	6	22	0	0	9.37	9.56	9.465
31	1	0	32	27	0	0	10.59	10.22	10.405000000000001
31	1	2	28	6	0	0	9.89	10.07	9.98
31	1	0	20	31	0	0	15.92	17.32	16.62
31	1	0	7	27	0	0	11.13	10.75	10.940000000000001
31	1	0	13	27	0	0	2.87	2.78	2.825
31	1	2	19	15	0	0	8.22	8.43	8.325
31	1	2	20	3	0	0	8.22	8.48	8.350000000000001
31	1	0	16	22	0	0	7.73	7.9	7.815
31	1	2	16	2	0	0	8.25	8.0	8.125
31	1	2	25	29	0	0	5.29	5.24	5.265000000000001
31	1	0	21	24	0	0	7.23	6.75	6.99
31	1	0	19	32	0	0	16.97	16.09	16.53
31	1	0	22	21	0	0	14.05	14.42	14.235
31	1	0	23	21	0	0	11.31	11.28	11.295
31	1	2	12	30	0	0	7.77	7.79	7.779999999999999
31	1	3	7	10	0	0	8.26	8.45	8.355
31	1	3	25	5	0	0	7.17	7.38	7.275
31	1	0	8	15	0	0	9.46	9.64	9.55
31	1	0	26	22	0	0	9.28	9.44	9.36
31	1	0	24	28	0	0	4.22	4.54	4.38
31	1	2	19	0	0	0	14.79	14.99	14.89
31	1	0	13	26	0	0	7.84	8.01	7.925
31	1	3	12	21	0	0	11.13	11.36	11.245000000000001
31	1	0	9	31	0	0	6.58	5.95	6.265000000000001
31	1	0	21	30	0	0	12.49	12.67	12.58
31	1	0	22	33	0	0	9.87	9.65	9.76
31	1	0	12	22	0	0	9.47	10.27	9.870000000000001
31	1	0	7	7	0	0	11.38	11.52	11.45
31	1	0	19	26	0	0	7.45	7.64	7.545
31	1	0	23	33	0	0	10.09	9.87	9.98
31	1	0	24	33	0	0	4.94	5.11	5.025
31	1	0	19	32	0	0	7.52	7.7	7.609999999999999
31	1	0	23	32	0	0	5.16	5.35	5.255
31	1	0	19	24	0	0	16.53	17.13	16.83
31	1	0	27	33	0	0	8.07	8.27	8.17
31	1	0	22	26	0	0	7.38	7.57	7.475
31	1	0	26	20	0	0	8.12	8.31	8.215
31	1	0	12	21	0	0	10.27	11.04	10.655
31	1	0	29	22	0	0	14.05	13.89	13.97
32	1	2	24	15	0	0	3.98	4.19	4.085
32	1	2	24	1	0	0	13.09	13.32	13.205
32	1	0	10	11	0	0	3.86	3.67	3.7649999999999997
32	1	0	18	33	0	0	9.94	10.1	10.02
32	1	0	21	21	0	0	20.95	19.95	20.45
32	1	0	24	27	0	0	11.21	11.69	11.45
32	1	2	25	6	0	0	5.72	5.16	5.4399999999999995
32	1	2	31	2	0	0	13.07	13.28	13.175
32	1	1	20	16	0	0	8.56	8.75	8.655000000000001
32	1	2	31	6	0	0	8.21	8.4	8.305
32	1	1	3	25	0	0	15.93	16.11	16.02
32	1	2	26	22	0	0	13.4	13.6	13.5
32	1	0	10	27	0	0	11.52	10.66	11.09
32	1	0	24	28	0	0	7.58	7.76	7.67
32	1	2	25	1	0	0	5.74	5.94	5.84
32	1	2	24	6	0	0	13.09	13.28	13.184999999999999
32	1	2	17	4	0	0	7.61	7.79	7.7
32	1	0	15	23	0	0	6.79	6.95	6.87
32	1	2	13	29	0	0	13.85	14.03	13.94
32	1	0	17	20	0	0	11.03	11.23	11.129999999999999
32	1	0	18	19	0	0	14.69	13.95	14.32
32	1	0	24	26	0	0	5.71	6.27	5.99
32	1	0	25	23	0	0	16.97	17.13	17.049999999999997
32	1	2	33	3	0	0	5.74	5.94	5.84
32	1	0	10	28	0	0	3.51	3.4	3.455
32	1	0	30	32	0	0	6.44	7.04	6.74
32	1	0	29	26	0	0	13.05	13.25	13.15
32	1	2	14	2	0	0	5.2	5.42	5.3100000000000005
32	1	2	20	0	0	0	11.51	11.71	11.61
32	1	0	32	10	0	0	2.56	2.45	2.505
32	1	0	30	24	0	0	9.1	9.25	9.175
32	1	0	26	23	0	0	8.14	8.29	8.215
32	1	0	10	32	0	0	8.98	9.14	9.06
32	1	1	5	13	0	0	10.73	10.92	10.825
32	1	0	29	27	0	0	6.09	6.35	6.22
32	1	2	21	2	0	0	8.08	8.29	8.184999999999999
32	1	2	21	30	0	0	5.69	5.75	5.720000000000001
32	1	2	20	32	0	0	10.84	11.04	10.94
32	1	0	18	28	0	0	8.76	8.92	8.84
32	1	0	15	24	0	0	8.75	8.91	8.83
32	1	0	19	26	0	0	10.03	10.21	10.120000000000001
32	1	0	20	29	0	0	19.77	20.87	20.32
32	1	0	22	21	0	0	12.82	13.01	12.915
32	1	2	13	5	0	0	5.39	5.87	5.63
32	1	2	27	1	0	0	8.86	9.08	8.969999999999999
32	1	0	29	31	0	0	6.67	6.85	6.76
32	1	0	10	33	0	0	10.7	10.87	10.785
32	1	0	30	19	0	0	13.83	14.85	14.34
32	1	2	33	25	0	0	15.46	15.48	15.47
32	1	1	3	16	0	0	6.94	7.34	7.140000000000001
32	1	1	4	27	0	0	4.37	4.32	4.345000000000001
32	1	0	25	29	0	0	5.91	6.08	5.995
32	1	2	24	5	0	0	2.97	3.16	3.0650000000000004
32	1	3	9	6	0	0	9.14	9.32	9.23
32	1	1	8	31	0	0	11.4	11.59	11.495000000000001
32	1	0	17	33	0	0	5.39	5.59	5.49
32	1	0	24	32	0	0	9.26	9.42	9.34
32	1	0	11	31	0	0	5.23	5.39	5.3100000000000005
32	1	1	4	28	0	0	7.16	7.1	7.13
32	1	2	22	33	0	0	7.23	7.45	7.34
32	1	2	23	14	0	0	6.47	6.62	6.545
32	1	2	21	0	0	0	11.09	11.29	11.19
32	1	2	23	5	0	0	12.41	12.62	12.515
32	1	1	20	33	0	0	11.46	11.64	11.55
32	1	0	22	19	0	0	7.92	8.09	8.004999999999999
32	1	0	23	20	0	0	5.92	6.23	6.075
32	1	0	10	33	0	0	12.13	12.3	12.215
32	1	2	20	4	0	0	9.54	9.73	9.635
32	1	2	25	0	0	0	13.54	13.73	13.635
32	1	2	27	0	0	0	6.39	6.34	6.365
32	1	0	20	22	0	0	16.79	16.96	16.875
32	1	0	21	33	0	0	5.92	6.12	6.02
32	1	0	18	28	0	0	12.24	13.13	12.685
32	1	3	10	2	0	0	14.14	14.35	14.245000000000001
32	1	2	11	5	0	0	6.14	5.59	5.865
32	1	1	5	28	0	0	9.05	9.23	9.14
32	1	2	30	29	0	0	3.71	3.65	3.6799999999999997
32	1	2	12	0	0	0	8.97	9.18	9.075
32	1	2	6	18	0	0	6.44	5.91	6.175000000000001
32	1	2	26	5	0	0	7.1	7.28	7.1899999999999995
32	1	2	28	6	0	0	9.54	9.73	9.635
32	1	1	13	28	0	0	11.24	11.43	11.335
32	1	2	32	0	0	0	3.38	3.55	3.465
32	1	2	26	1	0	0	6.96	7.16	7.0600000000000005
32	1	2	17	1	0	0	7.27	7.5	7.385
32	1	0	9	23	0	0	11.13	10.24	10.685
32	1	2	24	4	0	0	11.15	11.32	11.235
32	1	1	3	22	0	0	11.25	11.46	11.355
32	1	1	19	17	0	0	10.06	10.23	10.145
32	1	0	17	33	0	0	12.76	14.01	13.385
32	1	3	3	14	0	0	13.74	13.97	13.855
32	1	2	30	3	0	0	8.73	7.98	8.355
32	1	0	24	26	0	0	10.63	11.31	10.97
32	1	1	13	25	0	0	13.26	13.43	13.344999999999999
32	1	0	24	27	0	0	7.38	7.54	7.46
32	1	0	25	28	0	0	7.51	7.69	7.6
32	1	2	31	2	0	0	5.72	5.64	5.68
32	1	2	33	4	0	0	8.61	8.91	8.76
32	1	0	27	1	0	0	3.91	4.1	4.005
32	1	2	33	23	0	0	7.91	8.1	8.004999999999999
32	1	2	24	17	0	0	4.74	4.95	4.845000000000001
32	1	0	24	27	0	0	5.56	5.72	5.64
32	1	0	27	21	0	0	4.24	4.56	4.4
32	1	0	30	21	0	0	10.85	10.78	10.815
32	1	2	16	23	0	0	11.82	12.01	11.915
32	1	2	23	21	0	0	9.15	8.79	8.969999999999999
32	1	0	20	27	0	0	7.03	7.21	7.12
32	1	0	21	33	0	0	9.41	9.6	9.504999999999999
32	1	0	29	31	0	0	6.02	6.21	6.115
32	1	0	33	25	0	0	10.67	11.17	10.92
32	1	0	19	25	0	0	3.82	4.02	3.92
32	1	0	18	5	0	0	8.57	8.72	8.645
32	1	0	13	29	0	0	20.71	18.88	19.795
32	1	0	23	19	0	0	2.94	3.1	3.02
32	1	2	26	0	0	0	6.28	6.47	6.375
32	1	2	12	9	0	0	6.58	6.8	6.6899999999999995
32	1	0	27	27	0	0	8.22	8.38	8.3
32	1	0	26	32	0	0	5.84	6.01	5.925
32	1	0	23	25	0	0	18.69	16.91	17.8
32	1	2	10	11	0	0	4.66	4.85	4.755
32	1	2	23	14	0	0	4.65	4.91	4.78
32	1	2	16	24	0	0	3.8	3.91	3.855
32	1	0	6	23	0	0	22.7	22.85	22.775
32	1	3	23	17	0	0	5.72	5.94	5.83
32	1	2	13	1	0	0	6.5	6.73	6.615
32	1	1	28	32	0	0	4.84	4.99	4.915
32	1	0	23	27	0	0	13.78	12.95	13.364999999999998
32	1	2	14	2	0	0	6.83	7.04	6.9350000000000005
32	1	2	3	0	0	0	4.16	4.01	4.085
32	1	0	33	30	0	0	5.38	5.57	5.475
32	1	0	24	29	0	0	14.15	13.97	14.06
32	1	0	7	30	0	0	6.82	6.98	6.9
32	1	1	6	22	0	0	12.12	12.31	12.215
32	1	2	15	0	0	0	5.42	5.67	5.545
32	1	2	23	13	0	0	4.52	4.37	4.445
32	1	3	17	33	0	0	9.58	9.79	9.684999999999999
32	1	2	28	14	0	0	11.24	11.46	11.350000000000001
32	1	2	22	3	0	0	10.17	9.38	9.775
32	1	0	16	25	0	0	10.89	11.04	10.965
32	1	2	22	1	0	0	2.62	2.6	2.6100000000000003
32	1	0	26	28	0	0	9.08	9.24	9.16
32	1	2	31	1	0	0	7.23	7.45	7.34
32	1	1	20	8	0	0	15.19	15.38	15.285
32	1	0	25	21	0	0	7.34	7.5	7.42
32	1	2	11	3	0	0	8.01	7.91	7.96
32	1	2	12	5	0	0	7.69	8.21	7.950000000000001
32	1	1	10	32	0	0	12.06	12.22	12.14
32	1	0	24	19	0	0	4.16	4.41	4.285
32	1	2	26	25	0	0	4.28	4.47	4.375
32	1	0	7	24	0	0	14.13	14.29	14.21
33	1	2	19	1	0	0	3.9	4.13	4.015
33	1	0	25	32	0	0	11.04	11.22	11.129999999999999
33	1	0	25	30	0	0	5.77	5.94	5.855
33	1	0	22	32	0	0	9.28	9.47	9.375
33	1	0	31	29	0	0	6.89	7.07	6.98
33	1	0	33	31	0	0	14.35	14.53	14.44
33	1	2	30	15	0	0	9.15	9.36	9.254999999999999
33	1	2	31	5	0	0	8.57	9.33	8.95
33	1	0	32	25	0	0	10.33	10.51	10.42
33	1	2	30	4	0	0	9.27	9.44	9.355
33	1	3	4	10	0	0	12.98	13.14	13.06
33	1	0	26	31	0	0	12.76	12.93	12.844999999999999
33	1	2	21	15	0	0	3.99	4.16	4.075
33	1	2	22	5	0	0	9.13	9.09	9.11
33	1	1	3	26	0	0	14.44	14.62	14.53
33	1	2	12	13	0	0	5.96	6.18	6.07
33	1	0	31	33	0	0	7.17	7.35	7.26
33	1	0	26	27	0	0	7.09	7.41	7.25
33	1	0	27	29	0	0	7.25	7.27	7.26
33	1	0	29	33	0	0	4.87	5.05	4.96
33	1	2	15	4	0	0	14.38	14.57	14.475000000000001
33	1	3	8	30	0	0	13.71	13.9	13.805
33	1	2	13	4	0	0	8.89	9.63	9.260000000000002
33	1	2	32	25	0	0	11.19	11.39	11.29
33	1	0	32	30	0	0	9.05	8.34	8.695
33	1	2	28	27	0	0	7.55	7.73	7.640000000000001
33	1	0	20	21	0	0	4.59	4.77	4.68
33	1	1	5	30	0	0	13.86	14.01	13.934999999999999
33	1	0	15	31	0	0	9.82	9.22	9.52
33	1	2	24	3	0	0	3.93	3.8	3.865
33	1	0	25	24	0	0	12.04	12.21	12.125
33	1	0	33	3	0	0	8.39	8.58	8.485
33	1	2	16	4	0	0	9.67	9.86	9.765
33	1	0	15	32	0	0	11.96	12.14	12.05
33	1	1	3	9	0	0	7.3	7.51	7.404999999999999
33	1	0	13	33	0	0	5.14	5.31	5.225
33	1	2	24	1	0	0	5.33	5.56	5.445
33	1	0	23	19	0	0	6.48	6.65	6.565
33	1	0	27	23	0	0	8.05	8.22	8.135000000000002
33	1	0	24	31	0	0	11.19	11.36	11.274999999999999
33	1	0	21	31	0	0	2.47	2.65	2.56
33	1	0	29	20	0	0	7.45	7.63	7.54
33	1	0	29	30	0	0	9.13	9.99	9.56
33	1	2	33	0	0	0	11.84	12.02	11.93
33	1	2	27	18	0	0	5.86	6.06	5.96
33	1	2	31	0	0	0	6.38	6.57	6.475
33	1	2	10	9	0	0	6.09	6.3	6.195
33	1	2	31	1	0	0	4.26	4.48	4.37
33	1	0	12	25	0	0	5.42	5.82	5.62
33	1	0	25	21	0	0	10.51	10.67	10.59
33	1	0	26	24	0	0	13.4	12.51	12.955
33	1	2	17	6	0	0	11.83	12.03	11.93
33	1	0	17	32	0	0	10.89	11.08	10.985
33	1	2	17	27	0	0	9.44	9.24	9.34
33	1	0	31	25	0	0	4.03	4.22	4.125
33	1	0	26	24	0	0	6.11	5.58	5.845000000000001
33	1	0	25	33	0	0	3.17	3.35	3.26
33	1	2	33	18	0	0	9.05	9.87	9.46
33	1	3	6	1	0	0	9.37	9.6	9.485
33	1	0	16	2	0	0	10.64	10.82	10.73
33	1	2	30	0	0	0	10.75	10.95	10.85
33	1	0	29	33	0	0	2.71	2.75	2.73
33	1	0	30	25	0	0	14.6	13.6	14.1
33	1	1	10	1	0	0	8.26	8.44	8.35
33	1	2	8	33	0	0	6.67	6.87	6.77
33	1	2	3	1	0	0	5.15	5.05	5.1
33	1	2	13	0	0	0	10.34	10.54	10.44
33	1	2	6	9	0	0	4.15	4.37	4.26
33	1	0	24	28	0	0	12.16	12.7	12.43
33	1	0	23	19	0	0	7.63	7.79	7.71
33	1	0	18	33	0	0	3.71	3.89	3.8
33	1	2	31	0	0	0	9.68	9.24	9.46
33	1	0	13	30	0	0	10.1	9.3	9.7
33	1	2	27	2	0	0	6.16	6.38	6.27
33	1	2	31	1	0	0	6.51	6.74	6.625
33	1	2	11	3	0	0	2.38	2.6	2.49
33	1	2	28	4	0	0	4.83	5.25	5.04
33	1	2	19	15	0	0	12.76	12.97	12.865
33	1	0	19	28	0	0	11.05	10.26	10.655000000000001
33	1	0	20	27	0	0	5.82	6.28	6.050000000000001
33	1	2	13	22	0	0	10.99	11.19	11.09
33	1	0	31	15	0	0	12.27	12.35	12.309999999999999
33	1	0	13	29	0	0	18.01	18.17	18.090000000000003
33	1	0	9	23	0	0	12.76	12.42	12.59
33	1	0	10	33	0	0	3.74	3.91	3.825
33	1	1	32	11	0	0	17.82	17.98	17.9
33	1	0	10	26	0	0	10.8	11.25	11.025
33	1	0	32	24	0	0	9.46	9.5	9.48
33	1	2	25	4	0	0	3.6	3.46	3.5300000000000002
33	1	3	9	5	0	0	11.68	10.52	11.1
33	1	3	10	8	0	0	10.29	10.26	10.274999999999999
33	1	2	32	16	0	0	7.26	7.76	7.51
33	1	0	27	29	0	0	5.76	5.99	5.875
33	1	2	21	2	0	0	7.12	7.47	7.295
33	1	0	9	25	0	0	15.4	14.79	15.094999999999999
33	1	0	22	27	0	0	6.02	5.93	5.975
33	1	2	10	5	0	0	7.18	7.3	7.24
33	1	0	17	15	0	0	10.8	10.98	10.89
33	1	0	33	20	0	0	7.57	7.77	7.67
33	1	0	34	29	0	0	4.11	3.91	4.01
33	1	0	21	31	0	0	15.94	15.56	15.75
33	1	1	6	33	0	0	4.45	4.61	4.53
33	1	1	33	8	0	0	9.09	9.27	9.18
33	1	2	18	0	0	0	10.04	10.24	10.14
33	1	2	24	23	0	0	10.08	10.27	10.175
33	1	2	26	18	0	0	10.48	10.66	10.57
33	1	2	27	16	0	0	12.6	12.79	12.695
33	1	2	20	17	0	0	5.9	5.39	5.645
33	1	2	16	2	0	0	6.6	6.11	6.355
33	1	3	3	0	0	0	14.58	14.83	14.705
33	1	0	25	28	0	0	8.95	9.63	9.29
33	1	0	27	32	0	0	9.07	9.12	9.094999999999999
33	1	0	27	22	0	0	6.23	6.17	6.2
33	1	2	27	28	0	0	5.05	4.92	4.984999999999999
33	1	2	25	6	0	0	6.48	6.79	6.635
33	1	0	31	24	0	0	8.79	9.24	9.015
33	1	2	4	1	0	0	6.7	6.69	6.695
33	1	0	13	29	0	0	9.05	8.96	9.005
33	1	2	31	2	0	0	2.25	2.46	2.355
33	1	3	8	0	0	0	15.53	15.76	15.645
33	1	0	30	22	0	0	7.04	6.41	6.725
33	1	2	14	11	0	0	5.72	5.92	5.82
33	1	0	20	19	0	0	10.06	10.97	10.515
33	1	2	27	0	0	0	18.46	18.67	18.565
33	1	0	32	31	0	0	9.25	9.21	9.23
33	1	0	19	29	0	0	3.73	4.09	3.91
33	1	0	24	33	0	0	6.77	7.23	7.0
33	1	0	22	32	0	0	9.86	10.23	10.045
33	1	0	19	11	0	0	3.91	3.53	3.7199999999999998
33	1	0	16	27	0	0	7.53	6.93	7.23
33	1	2	33	1	0	0	2.7	2.93	2.8150000000000004
33	1	1	11	30	0	0	9.54	9.71	9.625
33	1	3	32	18	0	0	5.66	5.88	5.77
33	1	2	17	4	0	0	5.18	5.35	5.265
33	1	0	7	3	0	0	15.93	16.13	16.03
33	1	0	29	31	0	0	17.1	18.74	17.92
33	1	2	7	7	0	0	5.88	6.03	5.955
33	1	3	13	6	0	0	6.43	6.63	6.529999999999999
33	1	3	15	7	0	0	8.06	8.33	8.195
33	1	3	17	4	0	0	13.24	13.48	13.36
33	1	0	18	29	0	0	9.32	9.43	9.375
33	1	2	9	8	0	0	6.86	6.94	6.9
33	1	3	8	1	0	0	3.3	3.52	3.41
33	1	0	9	32	0	0	7.72	7.71	7.715
33	1	0	23	32	0	0	9.05	9.48	9.265
33	1	0	27	29	0	0	5.72	6.12	5.92
33	1	1	32	32	0	0	14.12	14.26	14.19
33	1	0	24	2	0	0	14.15	12.94	13.545
33	1	1	22	20	0	0	13.73	13.95	13.84
33	1	0	9	15	0	0	12.13	13.18	12.655000000000001
33	1	1	10	3	0	0	8.33	8.51	8.42
33	1	0	22	33	0	0	9.59	10.05	9.82
33	1	0	10	5	0	0	6.99	7.16	7.075
33	1	0	11	31	0	0	16.43	16.08	16.255
33	1	0	34	31	0	0	14.09	14.31	14.2
33	1	0	6	30	0	0	8.49	7.99	8.24
33	1	0	30	30	0	0	10.76	9.77	10.265
33	1	0	23	33	0	0	6.16	5.92	6.04
33	1	0	19	31	0	0	4.61	4.56	4.585
33	1	0	22	28	0	0	6.86	6.35	6.605
34	1	0	24	15	0	0	14.29	13.93	14.11
34	1	0	30	1	0	0	9.94	10.11	10.024999999999999
34	1	0	26	25	0	0	3.45	3.27	3.3600000000000003
34	1	0	25	32	0	0	10.11	10.3	10.205
34	1	0	20	30	0	0	4.43	4.6	4.515
34	1	0	12	27	0	0	13.73	13.14	13.435
34	1	0	21	22	0	0	1.97	2.13	2.05
34	1	0	13	10	0	0	10.68	10.86	10.77
34	1	1	14	32	0	0	8.89	9.05	8.97
34	1	0	33	2	0	0	7.55	7.4	7.475
34	1	0	32	25	0	0	12.96	12.05	12.505
34	1	0	10	26	0	0	6.47	6.64	6.555
34	1	0	26	25	0	0	5.87	6.06	5.965
34	1	0	6	33	0	0	3.7	3.88	3.79
34	1	0	21	30	0	0	4.88	5.06	4.97
34	1	2	6	8	0	0	12.9	12.98	12.940000000000001
34	1	2	10	4	0	0	4.88	5.23	5.055
34	1	2	17	6	0	0	6.05	6.22	6.135
34	1	2	18	7	0	0	11.93	12.42	12.175
34	1	2	19	4	0	0	6.03	6.27	6.15
34	1	2	21	3	0	0	18.73	18.09	18.41
34	1	2	22	12	0	0	7.2	7.37	7.285
34	1	2	24	5	0	0	8.58	7.94	8.26
34	1	2	25	5	0	0	3.74	3.85	3.795
34	1	2	29	2	0	0	12.21	11.9	12.055
34	1	2	30	1	0	0	7.98	7.7	7.84
34	1	2	33	15	0	0	9.82	10.19	10.004999999999999
34	1	0	10	28	0	0	11.86	11.46	11.66
34	1	2	27	6	0	0	7.74	8.1	7.92
34	1	0	25	23	0	0	13.44	13.6	13.52
34	1	0	32	32	0	0	7.23	6.64	6.9350000000000005
34	1	2	23	4	0	0	6.07	6.48	6.275
34	1	2	26	5	0	0	5.05	4.93	4.99
34	1	1	3	21	0	0	6.88	7.07	6.975
34	1	0	8	33	0	0	9.0	9.16	9.08
34	1	0	5	0	0	0	16.62	16.8	16.71
34	1	2	29	0	0	0	8.69	8.89	8.79
34	1	3	20	4	0	0	7.37	7.6	7.484999999999999
34	1	2	13	17	0	0	7.17	7.21	7.1899999999999995
34	1	2	8	6	0	0	6.3	5.88	6.09
34	1	2	7	26	0	0	17.88	16.37	17.125
34	1	0	29	32	0	0	5.61	5.79	5.7
34	1	2	26	14	0	0	2.57	2.78	2.675
34	1	0	24	19	0	0	21.99	22.15	22.07
34	1	2	23	4	0	0	3.95	4.15	4.050000000000001
34	1	1	15	4	0	0	9.19	9.37	9.28
34	1	0	8	32	0	0	6.48	6.07	6.275
34	1	0	33	24	0	0	8.78	8.95	8.864999999999998
34	1	0	24	28	0	0	7.63	7.81	7.72
34	1	2	17	7	0	0	4.41	4.42	4.415
34	1	0	18	30	0	0	7.68	7.85	7.765
34	1	0	10	30	0	0	8.92	9.48	9.2
34	1	0	17	31	0	0	5.14	5.22	5.18
34	1	0	21	32	0	0	13.96	13.57	13.765
34	1	1	9	0	0	0	10.74	10.91	10.825
34	1	0	29	25	0	0	9.3	8.89	9.095
34	1	0	32	27	0	0	13.43	14.68	14.055
34	1	0	23	25	0	0	14.51	13.9	14.205
34	1	0	33	27	0	0	8.7	9.1	8.899999999999999
34	1	0	27	32	0	0	11.14	11.33	11.235
34	1	2	19	6	0	0	4.73	4.38	4.555
34	1	3	4	4	0	0	2.24	2.46	2.35
34	1	0	30	11	0	0	13.7	13.36	13.53
34	1	3	15	0	0	0	20.58	20.83	20.705
34	1	1	4	23	0	0	6.46	6.62	6.54
34	1	0	26	23	0	0	8.92	8.68	8.8
34	1	3	5	11	0	0	12.86	13.07	12.965
34	1	0	20	33	0	0	10.1	10.28	10.19
34	1	2	27	5	0	0	7.91	7.2	7.555
34	1	0	3	29	0	0	13.2	11.92	12.559999999999999
34	1	1	8	28	0	0	13.28	13.48	13.379999999999999
34	1	3	10	3	0	0	5.23	5.45	5.34
34	1	2	10	29	0	0	10.02	10.2	10.11
34	1	1	17	29	0	0	7.27	7.15	7.21
34	1	0	9	31	0	0	11.29	11.46	11.375
34	1	2	8	9	0	0	2.46	2.66	2.56
34	1	0	16	27	0	0	10.99	11.16	11.075
34	1	2	20	31	0	0	2.7	2.89	2.795
34	1	0	24	31	0	0	14.78	14.95	14.864999999999998
34	1	0	4	3	0	0	10.53	10.71	10.620000000000001
34	1	2	22	5	0	0	3.2	3.4	3.3
34	1	2	10	7	0	0	10.22	10.4	10.31
34	1	2	6	3	0	0	6.99	7.54	7.265000000000001
34	1	0	4	30	0	0	15.44	15.61	15.524999999999999
34	1	1	3	25	0	0	12.41	12.59	12.5
34	1	1	11	27	0	0	6.08	6.25	6.165
34	1	3	26	4	0	0	12.84	13.08	12.96
34	1	0	15	21	0	0	7.24	7.41	7.325
34	1	0	26	31	0	0	8.52	7.99	8.254999999999999
34	1	0	29	25	0	0	7.06	7.26	7.16
34	1	2	23	3	0	0	15.05	15.28	15.165
34	1	2	23	6	0	0	4.17	3.94	4.055
34	1	1	3	7	0	0	3.36	3.55	3.455
34	1	2	11	4	0	0	7.01	7.55	7.279999999999999
34	1	0	23	15	0	0	8.2	8.4	8.3
34	1	0	20	21	0	0	9.85	10.01	9.93
34	1	2	29	4	0	0	9.62	8.78	9.2
34	1	0	30	27	0	0	9.71	9.87	9.79
34	1	2	15	4	0	0	4.4	4.55	4.475
34	1	2	25	16	0	0	8.67	8.84	8.754999999999999
34	1	1	10	33	0	0	11.87	12.03	11.95
34	1	1	12	3	0	0	9.96	9.72	9.84
34	1	0	12	12	0	0	22.25	22.42	22.335
34	1	2	12	16	0	0	11.72	10.55	11.135000000000002
34	1	3	6	0	0	0	17.89	18.13	18.009999999999998
34	1	0	30	24	0	0	11.75	12.39	12.07
34	1	2	15	5	0	0	10.35	9.8	10.075
34	1	0	4	31	0	0	12.24	13.23	12.735
34	1	1	16	33	0	0	23.25	23.4	23.325
34	1	1	17	32	0	0	15.57	15.73	15.65
34	1	1	34	13	0	0	4.76	4.95	4.855
34	1	0	22	23	0	0	13.05	11.93	12.49
34	1	1	3	29	0	0	11.01	11.2	11.105
34	1	0	32	27	0	0	11.3	11.46	11.38
34	1	1	15	24	0	0	9.53	9.03	9.28
34	1	2	10	3	0	0	9.26	9.47	9.365
34	1	0	25	24	0	0	10.92	11.09	11.004999999999999
34	1	0	13	22	0	0	9.9	10.06	9.98
34	1	3	3	5	0	0	5.82	6.04	5.93
34	1	0	17	22	0	0	11.77	11.44	11.605
34	1	0	30	28	0	0	9.18	9.04	9.11
34	1	0	29	30	0	0	14.34	14.52	14.43
34	1	2	11	0	0	0	9.89	10.3	10.095
34	1	3	4	4	0	0	8.92	9.14	9.030000000000001
34	1	1	9	9	0	0	5.37	5.53	5.45
34	1	2	32	5	0	0	9.83	10.09	9.96
34	1	0	24	20	0	0	15.33	15.53	15.43
34	1	0	26	30	0	0	7.52	7.69	7.605
34	1	1	23	20	0	0	15.17	15.38	15.275
34	1	0	23	23	0	0	1.98	2.12	2.05
34	1	0	30	27	0	0	11.29	11.0	11.145
34	1	2	28	30	0	0	9.59	10.02	9.805
34	1	0	26	30	0	0	6.61	6.77	6.6899999999999995
34	1	0	13	33	0	0	6.83	7.0	6.915
34	1	2	12	1	0	0	10.09	9.8	9.945
34	1	0	12	29	0	0	6.81	6.98	6.895
35	1	0	23	29	0	0	26.62	26.8	26.71
35	1	2	19	1	0	0	8.14	8.36	8.25
35	1	2	18	3	0	0	2.21	2.42	2.315
35	1	0	29	32	0	0	10.36	10.53	10.445
35	1	2	20	5	0	0	8.2	8.4	8.3
35	1	0	20	30	0	0	7.74	7.91	7.825
35	1	0	13	32	0	0	7.1	7.25	7.175
35	1	2	29	6	0	0	10.21	10.39	10.3
35	1	0	20	28	0	0	8.26	8.44	8.35
35	1	0	32	33	0	0	5.4	5.58	5.49
35	1	2	26	4	0	0	5.52	5.9	5.71
35	1	0	5	28	0	0	9.68	9.84	9.76
35	1	0	7	23	0	0	11.32	11.46	11.39
35	1	0	31	24	0	0	5.44	5.6	5.52
35	1	2	33	1	0	0	8.59	8.8	8.695
35	1	2	13	2	0	0	6.1	5.73	5.915
35	1	2	14	18	0	0	7.09	7.32	7.205
35	1	2	32	2	0	0	4.65	4.86	4.755000000000001
35	1	0	31	33	0	0	12.15	12.33	12.24
35	1	2	14	7	0	0	5.5	5.68	5.59
35	1	1	17	11	0	0	6.89	7.06	6.975
35	1	0	16	33	0	0	6.97	7.16	7.0649999999999995
35	1	0	20	28	0	0	9.61	9.79	9.7
35	1	2	26	3	0	0	7.89	8.09	7.99
35	1	0	25	15	0	0	8.11	8.3	8.205
35	1	2	14	2	0	0	5.03	5.25	5.140000000000001
35	1	0	9	26	0	0	13.56	14.41	13.985
35	1	0	24	31	0	0	8.32	8.49	8.405000000000001
35	1	2	27	17	0	0	9.61	9.84	9.725
35	1	0	16	21	0	0	6.87	7.04	6.955
35	1	2	19	17	0	0	6.81	6.33	6.57
35	1	2	15	32	0	0	4.19	3.88	4.035
35	1	2	25	6	0	0	7.77	7.95	7.859999999999999
35	1	1	5	16	0	0	6.46	6.62	6.54
35	1	2	5	5	0	0	10.63	10.8	10.715
35	1	0	8	31	0	0	6.41	6.56	6.484999999999999
35	1	2	26	6	0	0	2.86	3.04	2.95
35	1	0	21	33	0	0	11.42	11.42	11.42
35	1	0	24	28	0	0	8.96	9.13	9.045000000000002
35	1	2	29	0	0	0	10.2	10.4	10.3
35	1	1	12	26	0	0	13.57	13.74	13.655000000000001
35	1	2	12	30	0	0	9.2	9.38	9.29
35	1	0	11	25	0	0	7.35	7.53	7.4399999999999995
35	1	2	20	1	0	0	4.84	4.41	4.625
35	1	2	4	0	0	0	3.58	3.78	3.6799999999999997
35	1	0	22	22	0	0	7.83	7.99	7.91
35	1	1	4	23	0	0	4.6	4.76	4.68
35	1	0	24	33	0	0	5.8	5.97	5.885
35	1	0	25	33	0	0	3.65	3.84	3.745
35	1	1	22	5	0	0	10.87	11.04	10.954999999999998
35	1	0	12	33	0	0	14.5	13.74	14.120000000000001
35	1	2	4	2	0	0	8.33	8.55	8.440000000000001
35	1	0	29	33	0	0	5.82	6.02	5.92
35	1	2	33	1	0	0	13.56	13.78	13.67
35	1	0	24	30	0	0	11.71	11.61	11.66
35	1	0	23	22	0	0	5.95	6.14	6.045
35	1	2	16	6	0	0	2.62	2.83	2.725
35	1	2	20	33	0	0	6.52	6.83	6.675
35	1	1	11	33	0	0	13.56	13.72	13.64
35	1	3	11	5	0	0	11.22	11.43	11.325
35	1	0	30	26	0	0	7.21	7.4	7.305
35	1	0	24	32	0	0	6.4	6.58	6.49
35	1	0	7	15	0	0	8.5	8.68	8.59
35	1	0	16	24	0	0	6.46	6.63	6.545
35	1	2	31	15	0	0	9.4	9.61	9.504999999999999
35	1	2	26	28	0	0	6.73	6.7	6.715
35	1	3	8	17	0	0	8.18	8.38	8.280000000000001
35	1	3	9	16	0	0	9.52	9.73	9.625
35	1	3	23	2	0	0	11.42	11.62	11.52
35	1	3	24	2	0	0	10.03	11.02	10.524999999999999
35	1	2	28	33	0	0	5.9	6.11	6.005000000000001
35	1	2	12	5	0	0	6.51	6.9	6.705
35	1	0	22	27	0	0	6.0	5.54	5.77
35	1	2	11	4	0	0	3.41	3.6	3.505
35	1	2	7	17	0	0	4.98	5.06	5.02
35	1	2	29	2	0	0	7.65	7.86	7.755000000000001
35	1	0	22	23	0	0	4.36	4.53	4.445
35	1	3	29	4	0	0	10.84	11.84	11.34
35	1	1	6	27	0	0	10.87	11.04	10.954999999999998
35	1	0	20	33	0	0	14.65	14.68	14.665
35	1	2	9	4	0	0	12.3	12.48	12.39
35	1	2	25	5	0	0	4.86	5.17	5.015000000000001
35	1	0	22	24	0	0	5.28	5.45	5.365
35	1	2	28	2	0	0	6.6	6.73	6.665
35	1	0	23	30	0	0	7.74	7.91	7.825
35	1	0	11	25	0	0	14.18	14.84	14.51
35	1	2	6	3	0	0	9.89	10.12	10.004999999999999
35	1	3	8	6	0	0	8.54	8.73	8.635
35	1	3	8	10	0	0	7.49	7.66	7.575
35	1	2	19	21	0	0	6.08	6.26	6.17
35	1	1	9	30	0	0	9.36	9.53	9.445
35	1	0	31	28	0	0	7.68	7.85	7.765
35	1	0	15	28	0	0	3.79	3.97	3.88
35	1	0	31	33	0	0	3.18	3.36	3.27
35	1	2	24	6	0	0	9.08	9.27	9.175
35	1	0	31	32	0	0	10.87	11.87	11.37
35	1	0	30	33	0	0	21.82	22.01	21.915
35	1	2	15	1	0	0	8.47	8.69	8.58
35	1	0	33	30	0	0	4.89	5.09	4.99
35	1	0	30	32	0	0	2.48	2.72	2.6
35	1	3	7	1	0	0	9.65	9.9	9.775
35	1	2	32	3	0	0	5.36	5.07	5.215
35	1	0	24	28	0	0	11.6	11.78	11.69
35	1	0	29	26	0	0	9.02	9.22	9.120000000000001
35	1	2	29	14	0	0	12.15	12.38	12.265
35	1	2	19	4	0	0	3.27	3.04	3.1550000000000002
35	1	2	29	14	0	0	6.23	6.82	6.525
35	1	2	8	6	0	0	15.28	15.47	15.375
35	1	2	23	4	0	0	9.61	9.82	9.715
35	1	2	21	23	0	0	11.89	12.08	11.985
35	1	0	26	28	0	0	5.65	6.19	5.92
35	1	2	23	3	0	0	7.02	6.44	6.73
35	1	2	22	6	0	0	10.69	10.88	10.785
35	1	0	10	24	0	0	5.36	5.81	5.585
35	1	3	21	4	0	0	14.31	14.54	14.425
35	1	3	22	3	0	0	7.59	7.8	7.695
35	1	0	12	21	0	0	4.94	5.11	5.025
35	1	1	3	27	0	0	6.77	6.96	6.865
35	1	1	5	28	0	0	3.97	4.14	4.055
35	1	0	16	20	0	0	11.34	11.53	11.434999999999999
35	1	2	8	20	0	0	10.89	11.09	10.99
35	1	2	20	3	0	0	2.18	2.22	2.2
35	1	2	19	27	0	0	9.83	10.02	9.925
35	1	0	20	23	0	0	12.38	12.54	12.46
35	1	2	22	5	0	0	9.06	9.25	9.155000000000001
35	1	2	23	4	0	0	5.09	5.54	5.3149999999999995
35	1	2	4	24	0	0	12.19	12.38	12.285
35	1	0	18	19	0	0	11.84	12.0	11.92
35	1	0	32	33	0	0	8.91	9.09	9.0
35	1	0	31	27	0	0	6.43	5.98	6.205
35	1	2	7	0	0	0	13.1	13.3	13.2
35	1	2	23	14	0	0	9.23	9.48	9.355
35	1	2	32	2	0	0	4.76	4.97	4.865
35	1	0	7	31	0	0	13.02	12.6	12.809999999999999
35	1	2	4	4	0	0	8.41	8.67	8.54
35	1	2	5	19	0	0	10.68	10.86	10.77
35	1	0	30	23	0	0	6.32	6.58	6.45
35	1	2	23	17	0	0	9.94	10.17	10.055
35	1	2	25	19	0	0	13.65	13.83	13.74
35	1	0	19	28	0	0	7.62	7.8	7.71
35	1	1	6	31	0	0	8.67	8.85	8.76
35	1	2	23	0	0	0	10.07	10.28	10.175
35	1	1	10	13	0	0	8.01	8.19	8.1
35	1	3	25	0	0	0	9.62	9.85	9.735
35	1	3	7	15	0	0	6.23	6.45	6.34
35	1	2	20	4	0	0	9.81	9.99	9.9
35	1	2	14	1	0	0	8.48	9.03	8.754999999999999
35	1	1	34	19	0	0	8.44	8.61	8.524999999999999
35	1	0	31	33	0	0	10.55	10.73	10.64
35	1	0	23	25	0	0	8.86	9.07	8.965
35	1	2	13	5	0	0	4.28	4.47	4.375
35	1	0	5	5	0	0	3.83	3.49	3.66
35	1	2	24	2	0	0	5.89	6.1	5.994999999999999
35	1	0	21	33	0	0	13.27	14.35	13.809999999999999
35	1	2	20	1	0	0	3.88	3.54	3.71
35	1	2	21	0	0	0	13.24	13.44	13.34
35	1	3	8	8	0	0	12.9	13.05	12.975000000000001
35	1	3	10	11	0	0	6.94	7.16	7.050000000000001
35	1	2	9	4	0	0	12.13	12.3	12.215
35	1	0	24	3	0	0	12.51	13.2	12.855
35	1	0	5	12	0	0	8.96	9.14	9.05
35	1	0	18	28	0	0	8.75	8.91	8.83
35	1	2	31	15	0	0	8.81	8.71	8.760000000000002
35	1	0	9	32	0	0	2.02	2.2	2.1100000000000003
35	1	0	33	32	0	0	10.45	10.64	10.545
35	1	2	25	4	0	0	5.31	5.28	5.295
35	1	2	21	24	0	0	14.17	14.38	14.275
35	1	0	18	25	0	0	14.66	13.48	14.07
35	1	0	19	30	0	0	9.52	9.7	9.61
36	1	2	11	4	0	0	7.77	7.35	7.56
36	1	0	16	22	0	0	5.59	5.76	5.675
36	1	0	30	27	0	0	9.61	9.77	9.69
36	1	0	7	33	0	0	10.55	9.78	10.165
36	1	2	13	8	0	0	4.94	5.25	5.095000000000001
36	1	2	26	3	0	0	12.6	12.81	12.705
36	1	2	26	2	0	0	7.18	7.01	7.095
36	1	1	9	33	0	0	10.34	10.49	10.415
36	1	0	19	15	0	0	9.1	9.31	9.205
36	1	0	10	10	0	0	14.53	14.71	14.620000000000001
36	1	0	29	31	0	0	9.6	9.42	9.51
36	1	0	33	32	0	0	16.78	16.96	16.87
36	1	0	18	10	0	0	9.26	9.59	9.425
36	1	0	11	19	0	0	9.39	9.86	9.625
36	1	1	5	25	0	0	12.41	12.56	12.485
36	1	1	5	9	0	0	6.99	7.17	7.08
36	1	2	6	13	0	0	10.04	10.27	10.155
36	1	0	15	9	0	0	8.12	8.23	8.175
36	1	0	26	29	0	0	6.97	7.14	7.055
36	1	2	11	4	0	0	8.23	8.41	8.32
36	1	0	15	2	24	24	29.38	27.16	28.27
36	1	0	25	27	0	0	14.87	15.04	14.954999999999998
36	1	0	20	26	0	0	9.1	8.3	8.7
36	1	0	27	33	0	0	11.47	11.66	11.565000000000001
36	1	0	9	4	0	0	8.85	9.16	9.004999999999999
36	1	2	26	14	0	0	8.28	8.64	8.46
36	1	2	27	15	0	0	7.97	8.29	8.129999999999999
36	1	0	25	29	0	0	6.08	6.26	6.17
36	1	0	32	28	0	0	5.14	5.31	5.225
36	1	0	33	29	0	0	10.05	9.27	9.66
36	1	0	27	28	0	0	7.5	7.69	7.595000000000001
36	1	2	22	1	0	0	8.07	8.57	8.32
36	1	2	10	6	0	0	8.35	9.03	8.69
36	1	2	28	3	0	0	9.47	9.67	9.57
36	1	2	16	2	0	0	6.22	6.44	6.33
36	1	2	13	16	0	0	6.8	6.62	6.71
36	1	0	10	25	0	0	3.93	4.11	4.0200000000000005
36	1	2	10	6	0	0	6.44	5.8	6.12
36	1	2	24	1	0	0	9.44	9.66	9.55
36	1	0	25	33	0	0	5.93	6.13	6.029999999999999
36	1	2	31	33	0	0	9.84	10.06	9.95
36	1	0	22	33	0	0	3.88	4.07	3.975
36	1	2	25	0	0	0	8.85	8.93	8.89
36	1	2	11	5	0	0	8.73	8.31	8.52
36	1	0	30	5	0	0	8.94	9.02	8.98
36	1	2	25	11	0	0	5.61	5.14	5.375
36	1	2	6	1	0	0	4.59	4.84	4.715
36	1	2	13	0	0	0	4.43	4.63	4.529999999999999
36	1	2	29	2	0	0	9.82	10.04	9.93
36	1	2	24	20	0	0	8.11	7.69	7.9
36	1	0	18	32	0	0	4.54	4.7	4.62
36	1	0	19	19	0	0	14.72	14.86	14.79
36	1	2	17	2	0	0	4.25	4.45	4.35
36	1	0	23	27	0	0	6.36	6.47	6.415
36	1	2	13	1	0	0	4.78	5.01	4.895
36	1	0	22	29	0	0	11.38	11.57	11.475000000000001
36	1	1	6	16	0	0	11.79	11.97	11.879999999999999
36	1	1	5	20	0	0	10.28	10.46	10.370000000000001
36	1	2	8	0	0	0	10.23	10.42	10.325
36	1	0	22	31	0	0	6.03	6.55	6.29
36	1	2	3	0	0	0	22.16	22.36	22.259999999999998
36	1	0	11	29	0	0	10.86	10.23	10.545
36	1	0	24	25	0	0	7.71	7.9	7.805
36	1	0	31	25	0	0	3.28	3.46	3.37
36	1	0	18	33	0	0	9.82	9.12	9.469999999999999
36	1	0	33	31	0	0	9.6	9.12	9.36
36	1	2	18	0	0	0	9.13	9.32	9.225000000000001
36	1	2	17	32	0	0	9.33	9.54	9.434999999999999
36	1	0	12	28	0	0	10.51	11.02	10.765
36	1	0	17	33	0	0	3.78	3.98	3.88
36	1	2	24	23	0	0	5.94	6.14	6.04
36	1	3	18	26	0	0	7.9	8.13	8.015
36	1	0	7	30	0	0	8.15	8.3	8.225000000000001
36	1	0	33	30	0	0	9.91	9.99	9.95
36	1	0	34	23	0	0	16.78	16.94	16.86
36	1	1	17	10	0	0	13.13	14.1	13.615
36	1	1	16	33	0	0	17.23	17.49	17.36
36	1	0	32	29	0	0	12.67	12.83	12.75
36	1	0	25	25	0	0	6.94	7.11	7.025
36	1	0	18	19	0	0	18.91	19.06	18.985
36	1	2	7	2	0	0	3.17	3.39	3.2800000000000002
