Copyright 1986-2022 Xilinx, Inc. All Rights Reserved. Copyright 2022-2023 Advanced Micro Devices, Inc. All Rights Reserved.
---------------------------------------------------------------------------------------------------------------------------------------------
| Tool Version : Vivado v.2023.2 (lin64) Build 4029153 Fri Oct 13 20:13:54 MDT 2023
| Date         : Wed Feb 25 12:09:04 2026
| Host         : argon running 64-bit Ubuntu 22.04.4 LTS
| Command      : report_timing_summary -file reports/report_timing_summary.astropix-cmodr2_3_CONFIG_SE.log
| Design       : astep24_3l_multitarget_top
| Device       : 7a35t-cpg236
| Speed File   : -1  PRODUCTION 1.23 2018-06-13
| Design State : Routed
---------------------------------------------------------------------------------------------------------------------------------------------

Timing Summary Report

------------------------------------------------------------------------------------------------
| Timer Settings
| --------------
------------------------------------------------------------------------------------------------

  Enable Multi Corner Analysis               :  Yes
  Enable Pessimism Removal                   :  Yes
  Pessimism Removal Resolution               :  Nearest Common Node
  Enable Input Delay Default Clock           :  No
  Enable Preset / Clear Arcs                 :  No
  Disable Flight Delays                      :  No
  Ignore I/O Paths                           :  No
  Timing Early Launch at Borrowing Latches   :  No
  Borrow Time for Max Delay Exceptions       :  Yes
  Merge Timing Exceptions                    :  Yes
  Inter-SLR Compensation                     :  Conservative

  Corner  Analyze    Analyze    
  Name    Max Paths  Min Paths  
  ------  ---------  ---------  
  Slow    Yes        Yes        
  Fast    Yes        Yes        


------------------------------------------------------------------------------------------------
| Report Methodology
| ------------------
------------------------------------------------------------------------------------------------

No report available as report_methodology has not been run prior. Run report_methodology on the current design for the summary of methodology violations.



check_timing report

Table of Contents
-----------------
1. checking no_clock (0)
2. checking constant_clock (0)
3. checking pulse_width_clock (1)
4. checking unconstrained_internal_endpoints (8)
5. checking no_input_delay (0)
6. checking no_output_delay (9)
7. checking multiple_clock (1)
8. checking generated_clocks (0)
9. checking loops (0)
10. checking partial_input_delay (0)
11. checking partial_output_delay (0)
12. checking latch_loops (0)

1. checking no_clock (0)
------------------------
 There are 0 register/latch pins with no clock.


2. checking constant_clock (0)
------------------------------
 There are 0 register/latch pins with constant_clock.


3. checking pulse_width_clock (1)
---------------------------------
 There is 1 register/latch pin which need pulse_width check. (LOW)


4. checking unconstrained_internal_endpoints (8)
------------------------------------------------
 There are 0 pins that are not constrained for maximum delay.

 There are 8 pins that are not constrained for maximum delay due to constant clock. (MEDIUM)


5. checking no_input_delay (0)
------------------------------
 There are 0 input ports with no input delay specified.

 There are 0 input ports with no input delay but user has a false path constraint.


6. checking no_output_delay (9)
-------------------------------
 There are 0 ports with no output delay specified.

 There are 3 ports with no output delay but user has a false path constraint (MEDIUM)

 There are 6 ports with no output delay but with a timing clock defined on it or propagating through it (LOW)


7. checking multiple_clock (1)
------------------------------
 There is 1 register/latch pin with multiple clocks. (HIGH)


8. checking generated_clocks (0)
--------------------------------
 There are 0 generated clocks that are not connected to a clock source.


9. checking loops (0)
---------------------
 There are 0 combinational loops in the design.


10. checking partial_input_delay (0)
------------------------------------
 There are 0 input ports with partial input delay specified.


11. checking partial_output_delay (0)
-------------------------------------
 There are 0 ports with partial output delay specified.


12. checking latch_loops (0)
----------------------------
 There are 0 combinational latch loops in the design through latch input



------------------------------------------------------------------------------------------------
| Design Timing Summary
| ---------------------
------------------------------------------------------------------------------------------------

    WNS(ns)      TNS(ns)  TNS Failing Endpoints  TNS Total Endpoints      WHS(ns)      THS(ns)  THS Failing Endpoints  THS Total Endpoints     WPWS(ns)     TPWS(ns)  TPWS Failing Endpoints  TPWS Total Endpoints  
    -------      -------  ---------------------  -------------------      -------      -------  ---------------------  -------------------     --------     --------  ----------------------  --------------------  
      0.768        0.000                      0                15571        0.049        0.000                      0                15116        5.000        0.000                       0                  7487  


All user specified timing constraints are met.


------------------------------------------------------------------------------------------------
| Clock Summary
| -------------
------------------------------------------------------------------------------------------------

Clock                                  Waveform(ns)         Period(ns)      Frequency(MHz)
-----                                  ------------         ----------      --------------
async_io_dummy_clk                     {0.000 5.000}        10.000          100.000         
ext_clk_se                             {0.000 12.500}       25.000          40.000          
  clk_100_clk_core_extorint_40_1       {0.000 5.000}        10.000          100.000         
  clk_10_clk_core_extorint_40_1        {0.000 50.000}       100.000         10.000          
  clk_20_clk_core_extorint_40_1        {0.000 25.000}       50.000          20.000          
    timestamp_clk_internal_ap4_1       {0.000 200.000}      400.000         2.500           
  clk_80_clk_core_extorint_40_1        {0.000 6.250}        12.500          80.000          
  clkfbout_clk_core_extorint_40_1      {0.000 12.500}       25.000          40.000          
sw_spi_clk                             {0.000 15.000}       30.000          33.333          
sysclk                                 {0.000 41.666}       83.333          12.000          
  clk_out1_clk_sys_to_40               {0.000 12.500}       25.000          40.000          
    clk_100_clk_core_extorint_40       {0.000 5.000}        10.000          100.000         
    clk_10_clk_core_extorint_40        {0.000 50.000}       100.000         10.000          
    clk_20_clk_core_extorint_40        {0.000 25.000}       50.000          20.000          
      timestamp_clk_internal_ap4       {0.000 199.999}      399.998         2.500           
    clk_80_clk_core_extorint_40        {0.000 6.250}        12.500          80.000          
      hk_spi_divided                   {0.000 12.500}       25.000          40.000          
        hk_spi_divided_clock_internal  {0.000 25.000}       50.000          20.000          
      layers_spi_divided               {0.000 12.500}       25.000          40.000          
        spi_layer0_clock_internal      {0.000 25.000}       50.000          20.000          
        spi_layer1_clock_internal      {0.000 25.000}       50.000          20.000          
        spi_layer2_clock_internal      {0.000 25.000}       50.000          20.000          
    clkfbout_clk_core_extorint_40      {0.000 12.500}       25.000          40.000          
  clkfbout_clk_sys_to_40               {0.000 41.666}       83.333          12.000          


------------------------------------------------------------------------------------------------
| Intra Clock Table
| -----------------
------------------------------------------------------------------------------------------------

Clock                                  WNS(ns)      TNS(ns)  TNS Failing Endpoints  TNS Total Endpoints      WHS(ns)      THS(ns)  THS Failing Endpoints  THS Total Endpoints     WPWS(ns)     TPWS(ns)  TPWS Failing Endpoints  TPWS Total Endpoints  
-----                                  -------      -------  ---------------------  -------------------      -------      -------  ---------------------  -------------------     --------     --------  ----------------------  --------------------  
ext_clk_se                              22.427        0.000                      0                   29        0.195        0.000                      0                   29        7.500        0.000                       0                    17  
  clk_100_clk_core_extorint_40_1                                                                                                                                                     7.845        0.000                       0                     3  
  clk_10_clk_core_extorint_40_1                                                                                                                                                     97.845        0.000                       0                     3  
  clk_20_clk_core_extorint_40_1                                                                                                                                                     47.845        0.000                       0                     4  
    timestamp_clk_internal_ap4_1                                                                                                                                                   397.845        0.000                       0                     1  
  clk_80_clk_core_extorint_40_1          3.164        0.000                      0                11332        0.051        0.000                      0                11332        5.000        0.000                       0                  5284  
  clkfbout_clk_core_extorint_40_1                                                                                                                                                   22.845        0.000                       0                     3  
sw_spi_clk                               1.640        0.000                      0                  328        0.122        0.000                      0                  328       14.500        0.000                       0                   186  
sysclk                                                                                                                                                                              16.667        0.000                       0                     1  
  clk_out1_clk_sys_to_40                19.710        0.000                      0                   58        0.166        0.000                      0                   58        7.500        0.000                       0                    36  
    clk_100_clk_core_extorint_40                                                                                                                                                     7.845        0.000                       0                     3  
    clk_10_clk_core_extorint_40                                                                                                                                                     97.844        0.000                       0                     3  
    clk_20_clk_core_extorint_40                                                                                                                                                     47.845        0.000                       0                     4  
      timestamp_clk_internal_ap4                                                                                                                                                   397.843        0.000                       0                     1  
    clk_80_clk_core_extorint_40          3.157        0.000                      0                11332        0.051        0.000                      0                11332        5.000        0.000                       0                  5284  
      hk_spi_divided                     6.487        0.000                      0                  426        0.049        0.000                      0                  426       12.000        0.000                       0                   258  
      layers_spi_divided                 8.734        0.000                      0                 1684        0.051        0.000                      0                 1684       12.000        0.000                       0                   993  
        spi_layer0_clock_internal       21.183        0.000                      0                  379        0.122        0.000                      0                  379       24.500        0.000                       0                   232  
        spi_layer1_clock_internal       20.995        0.000                      0                  379        0.122        0.000                      0                  379       24.500        0.000                       0                   232  
        spi_layer2_clock_internal       21.392        0.000                      0                  379        0.108        0.000                      0                  379       24.500        0.000                       0                   232  
    clkfbout_clk_core_extorint_40                                                                                                                                                   22.845        0.000                       0                     3  
  clkfbout_clk_sys_to_40                                                                                                                                                            16.667        0.000                       0                     3  


------------------------------------------------------------------------------------------------
| Inter Clock Table
| -----------------
------------------------------------------------------------------------------------------------

From Clock                     To Clock                           WNS(ns)      TNS(ns)  TNS Failing Endpoints  TNS Total Endpoints      WHS(ns)      THS(ns)  THS Failing Endpoints  THS Total Endpoints  
----------                     --------                           -------      -------  ---------------------  -------------------      -------      -------  ---------------------  -------------------  
clk_80_clk_core_extorint_40_1  clk_10_clk_core_extorint_40_1        6.992        0.000                      0                    2        0.528        0.000                      0                    2  
sw_spi_clk                     clk_80_clk_core_extorint_40_1       28.613        0.000                      0                   12                                                                        
clk_80_clk_core_extorint_40_1  sw_spi_clk                          11.152        0.000                      0                   12                                                                        
clk_80_clk_core_extorint_40    sw_spi_clk                          11.152        0.000                      0                   12                                                                        
clk_80_clk_core_extorint_40    clk_10_clk_core_extorint_40          6.986        0.000                      0                    2        0.522        0.000                      0                    2  
sw_spi_clk                     clk_80_clk_core_extorint_40         28.613        0.000                      0                   12                                                                        
hk_spi_divided                 clk_80_clk_core_extorint_40         10.365        0.000                      0                   30        0.309        0.000                      0                    1  
layers_spi_divided             clk_80_clk_core_extorint_40         10.581        0.000                      0                  124        0.233        0.000                      0                    1  
spi_layer0_clock_internal      clk_80_clk_core_extorint_40         48.575        0.000                      0                   38                                                                        
spi_layer1_clock_internal      clk_80_clk_core_extorint_40         48.596        0.000                      0                   38                                                                        
spi_layer2_clock_internal      clk_80_clk_core_extorint_40         48.400        0.000                      0                   38                                                                        
clk_80_clk_core_extorint_40    hk_spi_divided                       0.768        0.000                      0                  122        0.095        0.000                      0                  101  
hk_spi_divided_clock_internal  hk_spi_divided                      22.453        0.000                      0                    1        0.494        0.000                      0                    1  
clk_80_clk_core_extorint_40    layers_spi_divided                   5.661        0.000                      0                  453        0.119        0.000                      0                  363  
spi_layer0_clock_internal      layers_spi_divided                  19.363        0.000                      0                    3        0.170        0.000                      0                    3  
spi_layer1_clock_internal      layers_spi_divided                  19.242        0.000                      0                    3        0.187        0.000                      0                    3  
spi_layer2_clock_internal      layers_spi_divided                  18.780        0.000                      0                    3        0.232        0.000                      0                    3  
clk_80_clk_core_extorint_40    spi_layer0_clock_internal           11.169        0.000                      0                   18                                                                        
layers_spi_divided             spi_layer0_clock_internal           22.325        0.000                      0                    1        0.137        0.000                      0                    1  
clk_80_clk_core_extorint_40    spi_layer1_clock_internal           11.047        0.000                      0                   18                                                                        
layers_spi_divided             spi_layer1_clock_internal           22.356        0.000                      0                    1        0.428        0.000                      0                    1  
clk_80_clk_core_extorint_40    spi_layer2_clock_internal           11.155        0.000                      0                   18                                                                        
layers_spi_divided             spi_layer2_clock_internal           22.292        0.000                      0                    1        0.192        0.000                      0                    1  


------------------------------------------------------------------------------------------------
| Other Path Groups Table
| -----------------------
------------------------------------------------------------------------------------------------

Path Group                     From Clock                     To Clock                           WNS(ns)      TNS(ns)  TNS Failing Endpoints  TNS Total Endpoints      WHS(ns)      THS(ns)  THS Failing Endpoints  THS Total Endpoints  
----------                     ----------                     --------                           -------      -------  ---------------------  -------------------      -------      -------  ---------------------  -------------------  
**async_default**              clk_80_clk_core_extorint_40    clk_80_clk_core_extorint_40          2.883        0.000                      0                   63        1.219        0.000                      0                   63  
**async_default**              clk_80_clk_core_extorint_40_1  clk_80_clk_core_extorint_40_1        2.890        0.000                      0                   63        1.219        0.000                      0                   63  
**async_default**              clk_out1_clk_sys_to_40         clk_out1_clk_sys_to_40              22.344        0.000                      0                    6        0.713        0.000                      0                    6  
**async_default**              clk_80_clk_core_extorint_40    hk_spi_divided                       9.112        0.000                      0                    8        0.780        0.000                      0                    8  
**async_default**              clk_80_clk_core_extorint_40    layers_spi_divided                   7.490        0.000                      0                    8        1.450        0.000                      0                    8  
**async_default**              sw_spi_clk                     sw_spi_clk                           5.694        0.000                      0                   32        0.281        0.000                      0                   32  


------------------------------------------------------------------------------------------------
| Timing Details
| --------------
------------------------------------------------------------------------------------------------


---------------------------------------------------------------------------------------------------
From Clock:  ext_clk_se
  To Clock:  ext_clk_se

Setup :            0  Failing Endpoints,  Worst Slack       22.427ns,  Total Violation        0.000ns
Hold  :            0  Failing Endpoints,  Worst Slack        0.195ns,  Total Violation        0.000ns
PW    :            0  Failing Endpoints,  Worst Slack        7.500ns,  Total Violation        0.000ns
---------------------------------------------------------------------------------------------------


Max Delay Paths
--------------------------------------------------------------------------------------
Slack (MET) :             22.427ns  (required time - arrival time)
  Source:                 astep24_3l_top_I/clocking_reset_I/clk_ext_detector/resn_main_reg_reg[14]/C
                            (rising edge-triggered cell FDCE clocked by ext_clk_se  {rise@0.000ns fall@12.500ns period=25.000ns})
  Destination:            astep24_3l_top_I/clocking_reset_I/clk_ext_detector/resn_main_reg_reg[10]/CE
                            (rising edge-triggered cell FDCE clocked by ext_clk_se  {rise@0.000ns fall@12.500ns period=25.000ns})
  Path Group:             ext_clk_se
  Path Type:              Setup (Max at Slow Process Corner)
  Requirement:            25.000ns  (ext_clk_se rise@25.000ns - ext_clk_se rise@0.000ns)
  Data Path Delay:        2.333ns  (logic 0.716ns (30.695%)  route 1.617ns (69.305%))
  Logic Levels:           1  (LUT1=1)
  Clock Path Skew:        0.000ns (DCD - SCD + CPR)
    Destination Clock Delay (DCD):    4.799ns = ( 29.799 - 25.000 ) 
    Source Clock Delay      (SCD):    5.258ns
    Clock Pessimism Removal (CPR):    0.459ns
  Clock Uncertainty:      0.035ns  ((TSJ^2 + TIJ^2)^1/2 + DJ) / 2 + PE
    Total System Jitter     (TSJ):    0.071ns
    Total Input Jitter      (TIJ):    0.000ns
    Discrete Jitter          (DJ):    0.000ns
    Phase Error              (PE):    0.000ns

    Location             Delay type                Incr(ns)  Path(ns)    Netlist Resource(s)
  -------------------------------------------------------------------    -------------------
                         (clock ext_clk_se rise edge)
                                                      0.000     0.000 r  
    G17                                               0.000     0.000 r  clk_ext (IN)
                         net (fo=0)                   0.000     0.000    clk_ext
    G17                  IBUF (Prop_ibuf_I_O)         1.474     1.474 r  clk_ext_IBUF_inst/O
                         net (fo=1, routed)           2.069     3.543    clk_ext_IBUF
    BUFGCTRL_X0Y11       BUFG (Prop_bufg_I_O)         0.096     3.639 r  clk_ext_IBUF_BUFG_inst/O
                         net (fo=16, routed)          1.619     5.258    astep24_3l_top_I/clocking_reset_I/clk_ext_detector/clk_ext
    SLICE_X4Y62          FDCE                                         r  astep24_3l_top_I/clocking_reset_I/clk_ext_detector/resn_main_reg_reg[14]/C
  -------------------------------------------------------------------    -------------------
    SLICE_X4Y62          FDCE (Prop_fdce_C_Q)         0.419     5.677 f  astep24_3l_top_I/clocking_reset_I/clk_ext_detector/resn_main_reg_reg[14]/Q
                         net (fo=2, routed)           0.996     6.673    astep24_3l_top_I/clocking_reset_I/clk_ext_detector/resn_main_reg[14]
    SLICE_X4Y62          LUT1 (Prop_lut1_I0_O)        0.297     6.970 r  astep24_3l_top_I/clocking_reset_I/clk_ext_detector/resn_main_reg[14]_i_1/O
                         net (fo=15, routed)          0.620     7.590    astep24_3l_top_I/clocking_reset_I/clk_ext_detector/p_0_in
    SLICE_X4Y62          FDCE                                         r  astep24_3l_top_I/clocking_reset_I/clk_ext_detector/resn_main_reg_reg[10]/CE
  -------------------------------------------------------------------    -------------------

                         (clock ext_clk_se rise edge)
                                                     25.000    25.000 r  
    G17                                               0.000    25.000 r  clk_ext (IN)
                         net (fo=0)                   0.000    25.000    clk_ext
    G17                  IBUF (Prop_ibuf_I_O)         1.404    26.404 r  clk_ext_IBUF_inst/O
                         net (fo=1, routed)           1.802    28.205    clk_ext_IBUF
    BUFGCTRL_X0Y11       BUFG (Prop_bufg_I_O)         0.091    28.296 r  clk_ext_IBUF_BUFG_inst/O
                         net (fo=16, routed)          1.503    29.799    astep24_3l_top_I/clocking_reset_I/clk_ext_detector/clk_ext
    SLICE_X4Y62          FDCE                                         r  astep24_3l_top_I/clocking_reset_I/clk_ext_detector/resn_main_reg_reg[10]/C
                         clock pessimism              0.459    30.258    
                         clock uncertainty           -0.035    30.222    
    SLICE_X4Y62          FDCE (Setup_fdce_C_CE)      -0.205    30.017    astep24_3l_top_I/clocking_reset_I/clk_ext_detector/resn_main_reg_reg[10]
  -------------------------------------------------------------------
                         required time                         30.017    
                         arrival time                          -7.590    
  -------------------------------------------------------------------
                         slack                                 22.427    





Min Delay Paths
--------------------------------------------------------------------------------------
Slack (MET) :             0.195ns  (arrival time - required time)
  Source:                 astep24_3l_top_I/clocking_reset_I/clk_ext_detector/resn_main_reg_reg[7]/C
                            (rising edge-triggered cell FDCE clocked by ext_clk_se  {rise@0.000ns fall@12.500ns period=25.000ns})
  Destination:            astep24_3l_top_I/clocking_reset_I/clk_ext_detector/resn_main_reg_reg[8]/D
                            (rising edge-triggered cell FDCE clocked by ext_clk_se  {rise@0.000ns fall@12.500ns period=25.000ns})
  Path Group:             ext_clk_se
  Path Type:              Hold (Min at Fast Process Corner)
  Requirement:            0.000ns  (ext_clk_se rise@0.000ns - ext_clk_se rise@0.000ns)
  Data Path Delay:        0.256ns  (logic 0.141ns (55.029%)  route 0.115ns (44.971%))
  Logic Levels:           0  
  Clock Path Skew:        0.014ns (DCD - SCD - CPR)
    Destination Clock Delay (DCD):    2.325ns
    Source Clock Delay      (SCD):    1.740ns
    Clock Pessimism Removal (CPR):    0.571ns

    Location             Delay type                Incr(ns)  Path(ns)    Netlist Resource(s)
  -------------------------------------------------------------------    -------------------
                         (clock ext_clk_se rise edge)
                                                      0.000     0.000 r  
    G17                                               0.000     0.000 r  clk_ext (IN)
                         net (fo=0)                   0.000     0.000    clk_ext
    G17                  IBUF (Prop_ibuf_I_O)         0.242     0.242 r  clk_ext_IBUF_inst/O
                         net (fo=1, routed)           0.884     1.126    clk_ext_IBUF
    BUFGCTRL_X0Y11       BUFG (Prop_bufg_I_O)         0.026     1.152 r  clk_ext_IBUF_BUFG_inst/O
                         net (fo=16, routed)          0.589     1.740    astep24_3l_top_I/clocking_reset_I/clk_ext_detector/clk_ext
    SLICE_X4Y61          FDCE                                         r  astep24_3l_top_I/clocking_reset_I/clk_ext_detector/resn_main_reg_reg[7]/C
  -------------------------------------------------------------------    -------------------
    SLICE_X4Y61          FDCE (Prop_fdce_C_Q)         0.141     1.881 r  astep24_3l_top_I/clocking_reset_I/clk_ext_detector/resn_main_reg_reg[7]/Q
                         net (fo=1, routed)           0.115     1.997    astep24_3l_top_I/clocking_reset_I/clk_ext_detector/resn_main_reg[7]
    SLICE_X4Y62          FDCE                                         r  astep24_3l_top_I/clocking_reset_I/clk_ext_detector/resn_main_reg_reg[8]/D
  -------------------------------------------------------------------    -------------------

                         (clock ext_clk_se rise edge)
                                                      0.000     0.000 r  
    G17                                               0.000     0.000 r  clk_ext (IN)
                         net (fo=0)                   0.000     0.000    clk_ext
    G17                  IBUF (Prop_ibuf_I_O)         0.430     0.430 r  clk_ext_IBUF_inst/O
                         net (fo=1, routed)           1.009     1.439    clk_ext_IBUF
    BUFGCTRL_X0Y11       BUFG (Prop_bufg_I_O)         0.029     1.468 r  clk_ext_IBUF_BUFG_inst/O
                         net (fo=16, routed)          0.858     2.325    astep24_3l_top_I/clocking_reset_I/clk_ext_detector/clk_ext
    SLICE_X4Y62          FDCE                                         r  astep24_3l_top_I/clocking_reset_I/clk_ext_detector/resn_main_reg_reg[8]/C
                         clock pessimism             -0.571     1.754    
    SLICE_X4Y62          FDCE (Hold_fdce_C_D)         0.047     1.801    astep24_3l_top_I/clocking_reset_I/clk_ext_detector/resn_main_reg_reg[8]
  -------------------------------------------------------------------
                         required time                         -1.801    
                         arrival time                           1.997    
  -------------------------------------------------------------------
                         slack                                  0.195    





Pulse Width Checks
--------------------------------------------------------------------------------------
Clock Name:         ext_clk_se
Waveform(ns):       { 0.000 12.500 }
Period(ns):         25.000
Sources:            { clk_ext }

Check Type        Corner  Lib Pin            Reference Pin  Required(ns)  Actual(ns)  Slack(ns)  Location         Pin
Min Period        n/a     BUFG/I             n/a            2.155         25.000      22.845     BUFGCTRL_X0Y11   clk_ext_IBUF_BUFG_inst/I
Max Period        n/a     MMCME2_ADV/CLKIN2  n/a            100.000       25.000      75.000     MMCME2_ADV_X1Y0  astep24_3l_top_I/clocking_reset_I/intern_or_ext_to_internal/inst/mmcm_adv_inst/CLKIN2
Low Pulse Width   Slow    MMCME2_ADV/CLKIN2  n/a            5.000         12.500      7.500      MMCME2_ADV_X1Y0  astep24_3l_top_I/clocking_reset_I/intern_or_ext_to_internal/inst/mmcm_adv_inst/CLKIN2
High Pulse Width  Slow    MMCME2_ADV/CLKIN2  n/a            5.000         12.500      7.500      MMCME2_ADV_X1Y0  astep24_3l_top_I/clocking_reset_I/intern_or_ext_to_internal/inst/mmcm_adv_inst/CLKIN2



---------------------------------------------------------------------------------------------------
From Clock:  clk_100_clk_core_extorint_40_1
  To Clock:  clk_100_clk_core_extorint_40_1

Setup :           NA  Failing Endpoints,  Worst Slack           NA  ,  Total Violation           NA
Hold  :           NA  Failing Endpoints,  Worst Slack           NA  ,  Total Violation           NA
PW    :            0  Failing Endpoints,  Worst Slack        7.845ns,  Total Violation        0.000ns
---------------------------------------------------------------------------------------------------


Pulse Width Checks
--------------------------------------------------------------------------------------
Clock Name:         clk_100_clk_core_extorint_40_1
Waveform(ns):       { 0.000 5.000 }
Period(ns):         10.000
Sources:            { astep24_3l_top_I/clocking_reset_I/intern_or_ext_to_internal/inst/mmcm_adv_inst/CLKOUT0 }

Check Type  Corner  Lib Pin             Reference Pin  Required(ns)  Actual(ns)  Slack(ns)  Location         Pin
Min Period  n/a     BUFGCTRL/I0         n/a            2.155         10.000      7.845      BUFGCTRL_X0Y5    sample_clock_se_gate/I0
Max Period  n/a     MMCME2_ADV/CLKOUT0  n/a            213.360       10.000      203.360    MMCME2_ADV_X1Y0  astep24_3l_top_I/clocking_reset_I/intern_or_ext_to_internal/inst/mmcm_adv_inst/CLKOUT0



---------------------------------------------------------------------------------------------------
From Clock:  clk_10_clk_core_extorint_40_1
  To Clock:  clk_10_clk_core_extorint_40_1

Setup :           NA  Failing Endpoints,  Worst Slack           NA  ,  Total Violation           NA
Hold  :           NA  Failing Endpoints,  Worst Slack           NA  ,  Total Violation           NA
PW    :            0  Failing Endpoints,  Worst Slack       97.845ns,  Total Violation        0.000ns
---------------------------------------------------------------------------------------------------


Pulse Width Checks
--------------------------------------------------------------------------------------
Clock Name:         clk_10_clk_core_extorint_40_1
Waveform(ns):       { 0.000 50.000 }
Period(ns):         100.000
Sources:            { astep24_3l_top_I/clocking_reset_I/intern_or_ext_to_internal/inst/mmcm_adv_inst/CLKOUT2 }

Check Type  Corner  Lib Pin             Reference Pin  Required(ns)  Actual(ns)  Slack(ns)  Location         Pin
Min Period  n/a     BUFGCTRL/I0         n/a            2.155         100.000     97.845     BUFGCTRL_X0Y1    timestamp_clk_mux/I0
Max Period  n/a     MMCME2_ADV/CLKOUT2  n/a            213.360       100.000     113.360    MMCME2_ADV_X1Y0  astep24_3l_top_I/clocking_reset_I/intern_or_ext_to_internal/inst/mmcm_adv_inst/CLKOUT2



---------------------------------------------------------------------------------------------------
From Clock:  clk_20_clk_core_extorint_40_1
  To Clock:  clk_20_clk_core_extorint_40_1

Setup :           NA  Failing Endpoints,  Worst Slack           NA  ,  Total Violation           NA
Hold  :           NA  Failing Endpoints,  Worst Slack           NA  ,  Total Violation           NA
PW    :            0  Failing Endpoints,  Worst Slack       47.845ns,  Total Violation        0.000ns
---------------------------------------------------------------------------------------------------


Pulse Width Checks
--------------------------------------------------------------------------------------
Clock Name:         clk_20_clk_core_extorint_40_1
Waveform(ns):       { 0.000 25.000 }
Period(ns):         50.000
Sources:            { astep24_3l_top_I/clocking_reset_I/intern_or_ext_to_internal/inst/mmcm_adv_inst/CLKOUT3 }

Check Type  Corner  Lib Pin             Reference Pin  Required(ns)  Actual(ns)  Slack(ns)  Location         Pin
Min Period  n/a     BUFGCTRL/I0         n/a            2.155         50.000      47.845     BUFGCTRL_X0Y5    sample_clock_se_gate/I0
Max Period  n/a     MMCME2_ADV/CLKOUT3  n/a            213.360       50.000      163.360    MMCME2_ADV_X1Y0  astep24_3l_top_I/clocking_reset_I/intern_or_ext_to_internal/inst/mmcm_adv_inst/CLKOUT3



---------------------------------------------------------------------------------------------------
From Clock:  timestamp_clk_internal_ap4_1
  To Clock:  timestamp_clk_internal_ap4_1

Setup :           NA  Failing Endpoints,  Worst Slack           NA  ,  Total Violation           NA
Hold  :           NA  Failing Endpoints,  Worst Slack           NA  ,  Total Violation           NA
PW    :            0  Failing Endpoints,  Worst Slack      397.845ns,  Total Violation        0.000ns
---------------------------------------------------------------------------------------------------


Pulse Width Checks
--------------------------------------------------------------------------------------
Clock Name:         timestamp_clk_internal_ap4_1
Waveform(ns):       { 0.000 200.000 }
Period(ns):         400.000
Sources:            { astep24_3l_top_I/clocking_reset_I/BUFR_inst/O }

Check Type  Corner  Lib Pin      Reference Pin  Required(ns)  Actual(ns)  Slack(ns)  Location       Pin
Min Period  n/a     BUFGCTRL/I1  n/a            2.155         400.000     397.845    BUFGCTRL_X0Y1  timestamp_clk_mux/I1



---------------------------------------------------------------------------------------------------
From Clock:  clk_80_clk_core_extorint_40_1
  To Clock:  clk_80_clk_core_extorint_40_1

Setup :            0  Failing Endpoints,  Worst Slack        3.164ns,  Total Violation        0.000ns
Hold  :            0  Failing Endpoints,  Worst Slack        0.051ns,  Total Violation        0.000ns
PW    :            0  Failing Endpoints,  Worst Slack        5.000ns,  Total Violation        0.000ns
---------------------------------------------------------------------------------------------------


Max Delay Paths
--------------------------------------------------------------------------------------
Slack (MET) :             3.164ns  (required time - arrival time)
  Source:                 astep24_3l_top_I/clocking_reset_I/resets/genblk1[3].reset_generator/resn_main_reg_reg[14]/C
                            (rising edge-triggered cell FDCE clocked by clk_80_clk_core_extorint_40_1  {rise@0.000ns fall@6.250ns period=12.500ns})
  Destination:            astep24_3l_top_I/sw_if/rfg_protocol/mini_fwft_fifo_inst/fifo_ptr_logic_inst/full_reg/R
                            (rising edge-triggered cell FDRE clocked by clk_80_clk_core_extorint_40_1  {rise@0.000ns fall@6.250ns period=12.500ns})
  Path Group:             clk_80_clk_core_extorint_40_1
  Path Type:              Setup (Max at Slow Process Corner)
  Requirement:            12.500ns  (clk_80_clk_core_extorint_40_1 rise@12.500ns - clk_80_clk_core_extorint_40_1 rise@0.000ns)
  Data Path Delay:        8.615ns  (logic 0.716ns (8.311%)  route 7.899ns (91.689%))
  Logic Levels:           1  (LUT1=1)
  Clock Path Skew:        -0.184ns (DCD - SCD + CPR)
    Destination Clock Delay (DCD):    4.731ns = ( 17.231 - 12.500 ) 
    Source Clock Delay      (SCD):    5.257ns
    Clock Pessimism Removal (CPR):    0.343ns
  Clock Uncertainty:      0.109ns  ((TSJ^2 + DJ^2)^1/2) / 2 + PE
    Total System Jitter     (TSJ):    0.071ns
    Discrete Jitter          (DJ):    0.206ns
    Phase Error              (PE):    0.000ns

    Location             Delay type                Incr(ns)  Path(ns)    Netlist Resource(s)
  -------------------------------------------------------------------    -------------------
                         (clock clk_80_clk_core_extorint_40_1 rise edge)
                                                      0.000     0.000 r  
    G17                                               0.000     0.000 r  clk_ext (IN)
                         net (fo=0)                   0.000     0.000    clk_ext
    G17                  IBUF (Prop_ibuf_I_O)         1.474     1.474 r  clk_ext_IBUF_inst/O
                         net (fo=1, routed)           2.069     3.543    clk_ext_IBUF
    BUFGCTRL_X0Y11       BUFG (Prop_bufg_I_O)         0.096     3.639 r  clk_ext_IBUF_BUFG_inst/O
                         net (fo=16, routed)          1.575     5.214    astep24_3l_top_I/clocking_reset_I/intern_or_ext_to_internal/inst/clk_in2
    MMCME2_ADV_X1Y0      MMCME2_ADV (Prop_mmcme2_adv_CLKIN2_CLKOUT1)
                                                     -3.333     1.881 r  astep24_3l_top_I/clocking_reset_I/intern_or_ext_to_internal/inst/mmcm_adv_inst/CLKOUT1
                         net (fo=1, routed)           1.661     3.543    astep24_3l_top_I/clocking_reset_I/intern_or_ext_to_internal/inst/clk_80_clk_core_extorint_40
    BUFGCTRL_X0Y6        BUFG (Prop_bufg_I_O)         0.096     3.639 r  astep24_3l_top_I/clocking_reset_I/intern_or_ext_to_internal/inst/clkout2_buf/O
                         net (fo=5282, routed)        1.618     5.257    astep24_3l_top_I/clocking_reset_I/resets/genblk1[3].reset_generator/clk_80
    SLICE_X5Y63          FDCE                                         r  astep24_3l_top_I/clocking_reset_I/resets/genblk1[3].reset_generator/resn_main_reg_reg[14]/C
  -------------------------------------------------------------------    -------------------
    SLICE_X5Y63          FDCE (Prop_fdce_C_Q)         0.419     5.676 f  astep24_3l_top_I/clocking_reset_I/resets/genblk1[3].reset_generator/resn_main_reg_reg[14]/Q
                         net (fo=74, routed)          2.490     8.166    astep24_3l_top_I/clocking_reset_I/resets/genblk1[3].reset_generator/resn_main_reg[14]
    SLICE_X14Y90         LUT1 (Prop_lut1_I0_O)        0.297     8.463 r  astep24_3l_top_I/clocking_reset_I/resets/genblk1[3].reset_generator/resn_main_reg[14]_i_1__3/O
                         net (fo=1069, routed)        5.409    13.871    astep24_3l_top_I/sw_if/rfg_protocol/mini_fwft_fifo_inst/fifo_ptr_logic_inst/SS[0]
    SLICE_X36Y30         FDRE                                         r  astep24_3l_top_I/sw_if/rfg_protocol/mini_fwft_fifo_inst/fifo_ptr_logic_inst/full_reg/R
  -------------------------------------------------------------------    -------------------

                         (clock clk_80_clk_core_extorint_40_1 rise edge)
                                                     12.500    12.500 r  
    G17                                               0.000    12.500 r  clk_ext (IN)
                         net (fo=0)                   0.000    12.500    clk_ext
    G17                  IBUF (Prop_ibuf_I_O)         1.404    13.904 r  clk_ext_IBUF_inst/O
                         net (fo=1, routed)           1.802    15.705    clk_ext_IBUF
    BUFGCTRL_X0Y11       BUFG (Prop_bufg_I_O)         0.091    15.796 r  clk_ext_IBUF_BUFG_inst/O
                         net (fo=16, routed)          1.457    17.254    astep24_3l_top_I/clocking_reset_I/intern_or_ext_to_internal/inst/clk_in2
    MMCME2_ADV_X1Y0      MMCME2_ADV (Prop_mmcme2_adv_CLKIN2_CLKOUT1)
                                                     -3.129    14.124 r  astep24_3l_top_I/clocking_reset_I/intern_or_ext_to_internal/inst/mmcm_adv_inst/CLKOUT1
                         net (fo=1, routed)           1.581    15.705    astep24_3l_top_I/clocking_reset_I/intern_or_ext_to_internal/inst/clk_80_clk_core_extorint_40
    BUFGCTRL_X0Y6        BUFG (Prop_bufg_I_O)         0.091    15.796 r  astep24_3l_top_I/clocking_reset_I/intern_or_ext_to_internal/inst/clkout2_buf/O
                         net (fo=5282, routed)        1.434    17.231    astep24_3l_top_I/sw_if/rfg_protocol/mini_fwft_fifo_inst/fifo_ptr_logic_inst/clk_80
    SLICE_X36Y30         FDRE                                         r  astep24_3l_top_I/sw_if/rfg_protocol/mini_fwft_fifo_inst/fifo_ptr_logic_inst/full_reg/C
                         clock pessimism              0.343    17.573    
                         clock uncertainty           -0.109    17.464    
    SLICE_X36Y30         FDRE (Setup_fdre_C_R)       -0.429    17.035    astep24_3l_top_I/sw_if/rfg_protocol/mini_fwft_fifo_inst/fifo_ptr_logic_inst/full_reg
  -------------------------------------------------------------------
                         required time                         17.035    
                         arrival time                         -13.871    
  -------------------------------------------------------------------
                         slack                                  3.164    





Min Delay Paths
--------------------------------------------------------------------------------------
Slack (MET) :             0.051ns  (arrival time - required time)
  Source:                 astep24_3l_top_I/main_rfg_I/layer_2_loopback_miso_m_axis_tdata_reg[6]/C
                            (rising edge-triggered cell FDRE clocked by clk_80_clk_core_extorint_40_1  {rise@0.000ns fall@6.250ns period=12.500ns})
  Destination:            astep24_3l_top_I/loopback_spi_layer_2/miso_fifo/inst/gen_fifo.xpm_fifo_axis_inst/xpm_fifo_base_inst/gen_sdpram.xpm_memory_base_inst/gen_wr_a.gen_word_narrow.mem_reg/DIADI[6]
                            (rising edge-triggered cell RAMB18E1 clocked by clk_80_clk_core_extorint_40_1  {rise@0.000ns fall@6.250ns period=12.500ns})
  Path Group:             clk_80_clk_core_extorint_40_1
  Path Type:              Hold (Min at Fast Process Corner)
  Requirement:            0.000ns  (clk_80_clk_core_extorint_40_1 rise@0.000ns - clk_80_clk_core_extorint_40_1 rise@0.000ns)
  Data Path Delay:        0.354ns  (logic 0.128ns (36.115%)  route 0.226ns (63.885%))
  Logic Levels:           0  
  Clock Path Skew:        0.061ns (DCD - SCD - CPR)
    Destination Clock Delay (DCD):    2.337ns
    Source Clock Delay      (SCD):    1.705ns
    Clock Pessimism Removal (CPR):    0.570ns

    Location             Delay type                Incr(ns)  Path(ns)    Netlist Resource(s)
  -------------------------------------------------------------------    -------------------
                         (clock clk_80_clk_core_extorint_40_1 rise edge)
                                                      0.000     0.000 r  
    G17                                               0.000     0.000 r  clk_ext (IN)
                         net (fo=0)                   0.000     0.000    clk_ext
    G17                  IBUF (Prop_ibuf_I_O)         0.242     0.242 r  clk_ext_IBUF_inst/O
                         net (fo=1, routed)           0.884     1.126    clk_ext_IBUF
    BUFGCTRL_X0Y11       BUFG (Prop_bufg_I_O)         0.026     1.152 r  clk_ext_IBUF_BUFG_inst/O
                         net (fo=16, routed)          0.549     1.700    astep24_3l_top_I/clocking_reset_I/intern_or_ext_to_internal/inst/clk_in2
    MMCME2_ADV_X1Y0      MMCME2_ADV (Prop_mmcme2_adv_CLKIN2_CLKOUT1)
                                                     -1.061     0.640 r  astep24_3l_top_I/clocking_reset_I/intern_or_ext_to_internal/inst/mmcm_adv_inst/CLKOUT1
                         net (fo=1, routed)           0.486     1.126    astep24_3l_top_I/clocking_reset_I/intern_or_ext_to_internal/inst/clk_80_clk_core_extorint_40
    BUFGCTRL_X0Y6        BUFG (Prop_bufg_I_O)         0.026     1.152 r  astep24_3l_top_I/clocking_reset_I/intern_or_ext_to_internal/inst/clkout2_buf/O
                         net (fo=5282, routed)        0.554     1.705    astep24_3l_top_I/main_rfg_I/clk_80
    SLICE_X49Y78         FDRE                                         r  astep24_3l_top_I/main_rfg_I/layer_2_loopback_miso_m_axis_tdata_reg[6]/C
  -------------------------------------------------------------------    -------------------
    SLICE_X49Y78         FDRE (Prop_fdre_C_Q)         0.128     1.833 r  astep24_3l_top_I/main_rfg_I/layer_2_loopback_miso_m_axis_tdata_reg[6]/Q
                         net (fo=1, routed)           0.226     2.060    astep24_3l_top_I/loopback_spi_layer_2/miso_fifo/inst/gen_fifo.xpm_fifo_axis_inst/xpm_fifo_base_inst/gen_sdpram.xpm_memory_base_inst/dina[6]
    RAMB18_X1Y32         RAMB18E1                                     r  astep24_3l_top_I/loopback_spi_layer_2/miso_fifo/inst/gen_fifo.xpm_fifo_axis_inst/xpm_fifo_base_inst/gen_sdpram.xpm_memory_base_inst/gen_wr_a.gen_word_narrow.mem_reg/DIADI[6]
  -------------------------------------------------------------------    -------------------

                         (clock clk_80_clk_core_extorint_40_1 rise edge)
                                                      0.000     0.000 r  
    G17                                               0.000     0.000 r  clk_ext (IN)
                         net (fo=0)                   0.000     0.000    clk_ext
    G17                  IBUF (Prop_ibuf_I_O)         0.430     0.430 r  clk_ext_IBUF_inst/O
                         net (fo=1, routed)           1.009     1.439    clk_ext_IBUF
    BUFGCTRL_X0Y11       BUFG (Prop_bufg_I_O)         0.029     1.468 r  clk_ext_IBUF_BUFG_inst/O
                         net (fo=16, routed)          0.817     2.284    astep24_3l_top_I/clocking_reset_I/intern_or_ext_to_internal/inst/clk_in2
    MMCME2_ADV_X1Y0      MMCME2_ADV (Prop_mmcme2_adv_CLKIN2_CLKOUT1)
                                                     -1.375     0.909 r  astep24_3l_top_I/clocking_reset_I/intern_or_ext_to_internal/inst/mmcm_adv_inst/CLKOUT1
                         net (fo=1, routed)           0.530     1.439    astep24_3l_top_I/clocking_reset_I/intern_or_ext_to_internal/inst/clk_80_clk_core_extorint_40
    BUFGCTRL_X0Y6        BUFG (Prop_bufg_I_O)         0.029     1.468 r  astep24_3l_top_I/clocking_reset_I/intern_or_ext_to_internal/inst/clkout2_buf/O
                         net (fo=5282, routed)        0.869     2.337    astep24_3l_top_I/loopback_spi_layer_2/miso_fifo/inst/gen_fifo.xpm_fifo_axis_inst/xpm_fifo_base_inst/gen_sdpram.xpm_memory_base_inst/clka
    RAMB18_X1Y32         RAMB18E1                                     r  astep24_3l_top_I/loopback_spi_layer_2/miso_fifo/inst/gen_fifo.xpm_fifo_axis_inst/xpm_fifo_base_inst/gen_sdpram.xpm_memory_base_inst/gen_wr_a.gen_word_narrow.mem_reg/CLKARDCLK
                         clock pessimism             -0.570     1.767    
    RAMB18_X1Y32         RAMB18E1 (Hold_ramb18e1_CLKARDCLK_DIADI[6])
                                                      0.242     2.009    astep24_3l_top_I/loopback_spi_layer_2/miso_fifo/inst/gen_fifo.xpm_fifo_axis_inst/xpm_fifo_base_inst/gen_sdpram.xpm_memory_base_inst/gen_wr_a.gen_word_narrow.mem_reg
  -------------------------------------------------------------------
                         required time                         -2.009    
                         arrival time                           2.060    
  -------------------------------------------------------------------
                         slack                                  0.051    





Pulse Width Checks
--------------------------------------------------------------------------------------
Clock Name:         clk_80_clk_core_extorint_40_1
Waveform(ns):       { 0.000 6.250 }
Period(ns):         12.500
Sources:            { astep24_3l_top_I/clocking_reset_I/intern_or_ext_to_internal/inst/mmcm_adv_inst/CLKOUT1 }

Check Type        Corner  Lib Pin             Reference Pin  Required(ns)  Actual(ns)  Slack(ns)  Location         Pin
Min Period        n/a     XADC/DCLK           n/a            4.000         12.500      8.500      XADC_X0Y0        astep24_3l_top_I/housekeeping/xadc_hk_driver_I/xadc/inst/AXI_XADC_CORE_I/XADC_INST/DCLK
Max Period        n/a     MMCME2_ADV/CLKOUT1  n/a            213.360       12.500      200.860    MMCME2_ADV_X1Y0  astep24_3l_top_I/clocking_reset_I/intern_or_ext_to_internal/inst/mmcm_adv_inst/CLKOUT1
Low Pulse Width   Slow    RAMD32/CLK          n/a            1.250         6.250       5.000      SLICE_X38Y29     astep24_3l_top_I/sw_if/rfg_protocol/mini_fwft_fifo_inst/mem_reg_0_15_0_5/RAMA/CLK
High Pulse Width  Slow    RAMD32/CLK          n/a            1.250         6.250       5.000      SLICE_X38Y29     astep24_3l_top_I/sw_if/rfg_protocol/mini_fwft_fifo_inst/mem_reg_0_15_0_5/RAMA/CLK



---------------------------------------------------------------------------------------------------
From Clock:  clkfbout_clk_core_extorint_40_1
  To Clock:  clkfbout_clk_core_extorint_40_1

Setup :           NA  Failing Endpoints,  Worst Slack           NA  ,  Total Violation           NA
Hold  :           NA  Failing Endpoints,  Worst Slack           NA  ,  Total Violation           NA
PW    :            0  Failing Endpoints,  Worst Slack       22.845ns,  Total Violation        0.000ns
---------------------------------------------------------------------------------------------------


Pulse Width Checks
--------------------------------------------------------------------------------------
Clock Name:         clkfbout_clk_core_extorint_40_1
Waveform(ns):       { 0.000 12.500 }
Period(ns):         25.000
Sources:            { astep24_3l_top_I/clocking_reset_I/intern_or_ext_to_internal/inst/mmcm_adv_inst/CLKFBOUT }

Check Type  Corner  Lib Pin             Reference Pin  Required(ns)  Actual(ns)  Slack(ns)  Location         Pin
Min Period  n/a     BUFG/I              n/a            2.155         25.000      22.845     BUFGCTRL_X0Y13   astep24_3l_top_I/clocking_reset_I/intern_or_ext_to_internal/inst/clkf_buf/I
Max Period  n/a     MMCME2_ADV/CLKFBIN  n/a            100.000       25.000      75.000     MMCME2_ADV_X1Y0  astep24_3l_top_I/clocking_reset_I/intern_or_ext_to_internal/inst/mmcm_adv_inst/CLKFBIN



---------------------------------------------------------------------------------------------------
From Clock:  sw_spi_clk
  To Clock:  sw_spi_clk

Setup :            0  Failing Endpoints,  Worst Slack        1.640ns,  Total Violation        0.000ns
Hold  :            0  Failing Endpoints,  Worst Slack        0.122ns,  Total Violation        0.000ns
PW    :            0  Failing Endpoints,  Worst Slack       14.500ns,  Total Violation        0.000ns
---------------------------------------------------------------------------------------------------


Max Delay Paths
--------------------------------------------------------------------------------------
Slack (MET) :             1.640ns  (required time - arrival time)
  Source:                 astep24_3l_top_I/sw_if/spi_egress/egress_byte_reg[7]/C
                            (rising edge-triggered cell FDPE clocked by sw_spi_clk  {rise@0.000ns fall@15.000ns period=30.000ns})
  Destination:            spi_miso
                            (output port clocked by sw_spi_clk  {rise@0.000ns fall@15.000ns period=30.000ns})
  Path Group:             sw_spi_clk
  Path Type:              Max at Slow Process Corner
  Requirement:            30.000ns  (sw_spi_clk rise@30.000ns - sw_spi_clk rise@0.000ns)
  Data Path Delay:        5.852ns  (logic 3.963ns (67.725%)  route 1.889ns (32.275%))
  Logic Levels:           1  (OBUFT=1)
  Output Delay:           17.000ns
  Clock Path Skew:        -5.473ns (DCD - SCD + CPR)
    Destination Clock Delay (DCD):    0.000ns = ( 30.000 - 30.000 ) 
    Source Clock Delay      (SCD):    5.473ns
    Clock Pessimism Removal (CPR):    0.000ns
  Clock Uncertainty:      0.035ns  ((TSJ^2 + TIJ^2)^1/2 + DJ) / 2 + PE
    Total System Jitter     (TSJ):    0.071ns
    Total Input Jitter      (TIJ):    0.000ns
    Discrete Jitter          (DJ):    0.000ns
    Phase Error              (PE):    0.000ns

    Location             Delay type                Incr(ns)  Path(ns)    Netlist Resource(s)
  -------------------------------------------------------------------    -------------------
                         (clock sw_spi_clk rise edge)
                                                      0.000     0.000 r  
    P3                                                0.000     0.000 r  spi_clk (IN)
                         net (fo=0)                   0.000     0.000    spi_clk
    P3                   IBUF (Prop_ibuf_I_O)         1.463     1.463 r  spi_clk_IBUF_inst/O
                         net (fo=1, routed)           2.305     3.769    spi_clk_IBUF
    BUFGCTRL_X0Y9        BUFG (Prop_bufg_I_O)         0.096     3.865 r  spi_clk_IBUF_BUFG_inst/O
                         net (fo=185, routed)         1.608     5.473    astep24_3l_top_I/sw_if/spi_egress/spi_clk
    SLICE_X65Y73         FDPE                                         r  astep24_3l_top_I/sw_if/spi_egress/egress_byte_reg[7]/C
  -------------------------------------------------------------------    -------------------
    SLICE_X65Y73         FDPE (Prop_fdpe_C_Q)         0.456     5.929 r  astep24_3l_top_I/sw_if/spi_egress/egress_byte_reg[7]/Q
                         net (fo=1, routed)           1.889     7.818    spi_miso_OBUF
    N3                   OBUFT (Prop_obuft_I_O)       3.507    11.325 r  spi_miso_OBUFT_inst/O
                         net (fo=0)                   0.000    11.325    spi_miso
    N3                                                                r  spi_miso (OUT)
  -------------------------------------------------------------------    -------------------

                         (clock sw_spi_clk rise edge)
                                                     30.000    30.000 r  
                         clock pessimism              0.000    30.000    
                         clock uncertainty           -0.035    29.965    
                         output delay               -17.000    12.965    
  -------------------------------------------------------------------
                         required time                         12.965    
                         arrival time                         -11.325    
  -------------------------------------------------------------------
                         slack                                  1.640    





Min Delay Paths
--------------------------------------------------------------------------------------
Slack (MET) :             0.122ns  (arrival time - required time)
  Source:                 astep24_3l_top_I/sw_if/spi_igress_fifo/inst/gen_fifo.xpm_fifo_axis_inst/xpm_fifo_base_inst/xpm_fifo_rst_inst/gen_rst_ic.rrst_wr_inst/syncstages_ff_reg[0]/C
                            (rising edge-triggered cell FDRE clocked by sw_spi_clk  {rise@0.000ns fall@15.000ns period=30.000ns})
  Destination:            astep24_3l_top_I/sw_if/spi_igress_fifo/inst/gen_fifo.xpm_fifo_axis_inst/xpm_fifo_base_inst/xpm_fifo_rst_inst/gen_rst_ic.rrst_wr_inst/syncstages_ff_reg[1]/D
                            (rising edge-triggered cell FDRE clocked by sw_spi_clk  {rise@0.000ns fall@15.000ns period=30.000ns})
  Path Group:             sw_spi_clk
  Path Type:              Hold (Min at Fast Process Corner)
  Requirement:            0.000ns  (sw_spi_clk rise@0.000ns - sw_spi_clk rise@0.000ns)
  Data Path Delay:        0.197ns  (logic 0.141ns (71.611%)  route 0.056ns (28.389%))
  Logic Levels:           0  
  Clock Path Skew:        0.000ns (DCD - SCD - CPR)
    Destination Clock Delay (DCD):    2.384ns
    Source Clock Delay      (SCD):    1.776ns
    Clock Pessimism Removal (CPR):    0.608ns

    Location             Delay type                Incr(ns)  Path(ns)    Netlist Resource(s)
  -------------------------------------------------------------------    -------------------
                         (clock sw_spi_clk rise edge)
                                                      0.000     0.000 r  
    P3                                                0.000     0.000 r  spi_clk (IN)
                         net (fo=0)                   0.000     0.000    spi_clk
    P3                   IBUF (Prop_ibuf_I_O)         0.231     0.231 r  spi_clk_IBUF_inst/O
                         net (fo=1, routed)           0.955     1.187    spi_clk_IBUF
    BUFGCTRL_X0Y9        BUFG (Prop_bufg_I_O)         0.026     1.213 r  spi_clk_IBUF_BUFG_inst/O
                         net (fo=185, routed)         0.564     1.776    astep24_3l_top_I/sw_if/spi_igress_fifo/inst/gen_fifo.xpm_fifo_axis_inst/xpm_fifo_base_inst/xpm_fifo_rst_inst/gen_rst_ic.rrst_wr_inst/dest_clk
    SLICE_X57Y15         FDRE                                         r  astep24_3l_top_I/sw_if/spi_igress_fifo/inst/gen_fifo.xpm_fifo_axis_inst/xpm_fifo_base_inst/xpm_fifo_rst_inst/gen_rst_ic.rrst_wr_inst/syncstages_ff_reg[0]/C
  -------------------------------------------------------------------    -------------------
    SLICE_X57Y15         FDRE (Prop_fdre_C_Q)         0.141     1.917 r  astep24_3l_top_I/sw_if/spi_igress_fifo/inst/gen_fifo.xpm_fifo_axis_inst/xpm_fifo_base_inst/xpm_fifo_rst_inst/gen_rst_ic.rrst_wr_inst/syncstages_ff_reg[0]/Q
                         net (fo=1, routed)           0.056     1.973    astep24_3l_top_I/sw_if/spi_igress_fifo/inst/gen_fifo.xpm_fifo_axis_inst/xpm_fifo_base_inst/xpm_fifo_rst_inst/gen_rst_ic.rrst_wr_inst/syncstages_ff[0]
    SLICE_X57Y15         FDRE                                         r  astep24_3l_top_I/sw_if/spi_igress_fifo/inst/gen_fifo.xpm_fifo_axis_inst/xpm_fifo_base_inst/xpm_fifo_rst_inst/gen_rst_ic.rrst_wr_inst/syncstages_ff_reg[1]/D
  -------------------------------------------------------------------    -------------------

                         (clock sw_spi_clk rise edge)
                                                      0.000     0.000 r  
    P3                                                0.000     0.000 r  spi_clk (IN)
                         net (fo=0)                   0.000     0.000    spi_clk
    P3                   IBUF (Prop_ibuf_I_O)         0.419     0.419 r  spi_clk_IBUF_inst/O
                         net (fo=1, routed)           1.105     1.524    spi_clk_IBUF
    BUFGCTRL_X0Y9        BUFG (Prop_bufg_I_O)         0.029     1.553 r  spi_clk_IBUF_BUFG_inst/O
                         net (fo=185, routed)         0.831     2.384    astep24_3l_top_I/sw_if/spi_igress_fifo/inst/gen_fifo.xpm_fifo_axis_inst/xpm_fifo_base_inst/xpm_fifo_rst_inst/gen_rst_ic.rrst_wr_inst/dest_clk
    SLICE_X57Y15         FDRE                                         r  astep24_3l_top_I/sw_if/spi_igress_fifo/inst/gen_fifo.xpm_fifo_axis_inst/xpm_fifo_base_inst/xpm_fifo_rst_inst/gen_rst_ic.rrst_wr_inst/syncstages_ff_reg[1]/C
                         clock pessimism             -0.608     1.776    
    SLICE_X57Y15         FDRE (Hold_fdre_C_D)         0.075     1.851    astep24_3l_top_I/sw_if/spi_igress_fifo/inst/gen_fifo.xpm_fifo_axis_inst/xpm_fifo_base_inst/xpm_fifo_rst_inst/gen_rst_ic.rrst_wr_inst/syncstages_ff_reg[1]
  -------------------------------------------------------------------
                         required time                         -1.851    
                         arrival time                           1.973    
  -------------------------------------------------------------------
                         slack                                  0.122    





Pulse Width Checks
--------------------------------------------------------------------------------------
Clock Name:         sw_spi_clk
Waveform(ns):       { 0.000 15.000 }
Period(ns):         30.000
Sources:            { spi_clk }

Check Type        Corner  Lib Pin             Reference Pin  Required(ns)  Actual(ns)  Slack(ns)  Location      Pin
Min Period        n/a     RAMB18E1/CLKARDCLK  n/a            2.576         30.000      27.424     RAMB18_X1Y10  astep24_3l_top_I/sw_if/spi_egress_fifo/inst/gen_fifo.xpm_fifo_axis_inst/xpm_fifo_base_inst/gen_sdpram.xpm_memory_base_inst/gen_wr_a.gen_word_narrow.mem_reg/CLKARDCLK
Low Pulse Width   Slow    FDPE/C              n/a            0.500         15.000      14.500     SLICE_X50Y27  astep24_3l_top_I/sw_if/readout_framing/FSM_onehot_state_reg[0]/C
High Pulse Width  Slow    FDPE/C              n/a            0.500         15.000      14.500     SLICE_X50Y27  astep24_3l_top_I/sw_if/readout_framing/FSM_onehot_state_reg[0]/C



---------------------------------------------------------------------------------------------------
From Clock:  sysclk
  To Clock:  sysclk

Setup :           NA  Failing Endpoints,  Worst Slack           NA  ,  Total Violation           NA
Hold  :           NA  Failing Endpoints,  Worst Slack           NA  ,  Total Violation           NA
PW    :            0  Failing Endpoints,  Worst Slack       16.667ns,  Total Violation        0.000ns
---------------------------------------------------------------------------------------------------


Pulse Width Checks
--------------------------------------------------------------------------------------
Clock Name:         sysclk
Waveform(ns):       { 0.000 41.667 }
Period(ns):         83.333
Sources:            { sysclk }

Check Type        Corner  Lib Pin            Reference Pin  Required(ns)  Actual(ns)  Slack(ns)  Location         Pin
Min Period        n/a     MMCME2_ADV/CLKIN1  n/a            1.249         83.333      82.084     MMCME2_ADV_X0Y0  astep24_3l_top_I/clocking_reset_I/sys_to_40/inst/mmcm_adv_inst/CLKIN1
Max Period        n/a     MMCME2_ADV/CLKIN1  n/a            100.000       83.333      16.667     MMCME2_ADV_X0Y0  astep24_3l_top_I/clocking_reset_I/sys_to_40/inst/mmcm_adv_inst/CLKIN1
Low Pulse Width   Slow    MMCME2_ADV/CLKIN1  n/a            10.000        41.666      31.666     MMCME2_ADV_X0Y0  astep24_3l_top_I/clocking_reset_I/sys_to_40/inst/mmcm_adv_inst/CLKIN1
High Pulse Width  Slow    MMCME2_ADV/CLKIN1  n/a            10.000        41.666      31.666     MMCME2_ADV_X0Y0  astep24_3l_top_I/clocking_reset_I/sys_to_40/inst/mmcm_adv_inst/CLKIN1



---------------------------------------------------------------------------------------------------
From Clock:  clk_out1_clk_sys_to_40
  To Clock:  clk_out1_clk_sys_to_40

Setup :            0  Failing Endpoints,  Worst Slack       19.710ns,  Total Violation        0.000ns
Hold  :            0  Failing Endpoints,  Worst Slack        0.166ns,  Total Violation        0.000ns
PW    :            0  Failing Endpoints,  Worst Slack        7.500ns,  Total Violation        0.000ns
---------------------------------------------------------------------------------------------------


Max Delay Paths
--------------------------------------------------------------------------------------
Slack (MET) :             19.710ns  (required time - arrival time)
  Source:                 led_toggle_count_sysclk40M_reg[19]/C
                            (rising edge-triggered cell FDRE clocked by clk_out1_clk_sys_to_40  {rise@0.000ns fall@12.500ns period=25.000ns})
  Destination:            led_toggle_count_sysclk40M_reg[24]/R
                            (rising edge-triggered cell FDRE clocked by clk_out1_clk_sys_to_40  {rise@0.000ns fall@12.500ns period=25.000ns})
  Path Group:             clk_out1_clk_sys_to_40
  Path Type:              Setup (Max at Slow Process Corner)
  Requirement:            25.000ns  (clk_out1_clk_sys_to_40 rise@25.000ns - clk_out1_clk_sys_to_40 rise@0.000ns)
  Data Path Delay:        4.273ns  (logic 0.918ns (21.485%)  route 3.355ns (78.515%))
  Logic Levels:           3  (LUT2=1 LUT5=1 LUT6=1)
  Clock Path Skew:        -0.034ns (DCD - SCD + CPR)
    Destination Clock Delay (DCD):    -1.308ns = ( 23.692 - 25.000 ) 
    Source Clock Delay      (SCD):    -0.704ns
    Clock Pessimism Removal (CPR):    0.570ns
  Clock Uncertainty:      0.251ns  ((TSJ^2 + DJ^2)^1/2) / 2 + PE
    Total System Jitter     (TSJ):    0.071ns
    Discrete Jitter          (DJ):    0.497ns
    Phase Error              (PE):    0.000ns

    Location             Delay type                Incr(ns)  Path(ns)    Netlist Resource(s)
  -------------------------------------------------------------------    -------------------
                         (clock clk_out1_clk_sys_to_40 rise edge)
                                                      0.000     0.000 r  
    L17                                               0.000     0.000 r  sysclk (IN)
                         net (fo=0)                   0.000     0.000    astep24_3l_top_I/clocking_reset_I/sys_to_40/inst/clk_in1
    L17                  IBUF (Prop_ibuf_I_O)         1.476     1.476 r  astep24_3l_top_I/clocking_reset_I/sys_to_40/inst/clkin1_ibufg/O
                         net (fo=1, routed)           1.233     2.709    astep24_3l_top_I/clocking_reset_I/sys_to_40/inst/clk_in1_clk_sys_to_40
    MMCME2_ADV_X0Y0      MMCME2_ADV (Prop_mmcme2_adv_CLKIN1_CLKOUT0)
                                                     -6.965    -4.256 r  astep24_3l_top_I/clocking_reset_I/sys_to_40/inst/mmcm_adv_inst/CLKOUT0
                         net (fo=1, routed)           1.666    -2.589    astep24_3l_top_I/clocking_reset_I/sys_to_40/inst/clk_out1_clk_sys_to_40
    BUFGCTRL_X0Y10       BUFG (Prop_bufg_I_O)         0.096    -2.493 r  astep24_3l_top_I/clocking_reset_I/sys_to_40/inst/clkout1_buf/O
                         net (fo=34, routed)          1.789    -0.704    sysclk_40M
    SLICE_X2Y124         FDRE                                         r  led_toggle_count_sysclk40M_reg[19]/C
  -------------------------------------------------------------------    -------------------
    SLICE_X2Y124         FDRE (Prop_fdre_C_Q)         0.518    -0.186 f  led_toggle_count_sysclk40M_reg[19]/Q
                         net (fo=2, routed)           0.837     0.651    astep24_3l_top_I/clocking_reset_I/resets/genblk1[3].reset_generator/led_toggle_count_sysclk40M_reg[19]
    SLICE_X3Y125         LUT6 (Prop_lut6_I3_O)        0.124     0.775 r  astep24_3l_top_I/clocking_reset_I/resets/genblk1[3].reset_generator/led_toggle_count_sysclk40M[0]_i_6/O
                         net (fo=1, routed)           1.051     1.826    astep24_3l_top_I/clocking_reset_I/resets/genblk1[3].reset_generator/led_toggle_count_sysclk40M[0]_i_6_n_0
    SLICE_X3Y123         LUT5 (Prop_lut5_I1_O)        0.124     1.950 r  astep24_3l_top_I/clocking_reset_I/resets/genblk1[3].reset_generator/led_toggle_count_sysclk40M[0]_i_3/O
                         net (fo=2, routed)           0.643     2.593    astep24_3l_top_I/clocking_reset_I/resets/genblk1[3].reset_generator/led_toggle_sysclk40M
    SLICE_X0Y123         LUT2 (Prop_lut2_I0_O)        0.152     2.745 r  astep24_3l_top_I/clocking_reset_I/resets/genblk1[3].reset_generator/led_toggle_count_sysclk40M[0]_i_1/O
                         net (fo=25, routed)          0.824     3.569    astep24_3l_top_I_n_2
    SLICE_X2Y126         FDRE                                         r  led_toggle_count_sysclk40M_reg[24]/R
  -------------------------------------------------------------------    -------------------

                         (clock clk_out1_clk_sys_to_40 rise edge)
                                                     25.000    25.000 r  
    L17                                               0.000    25.000 r  sysclk (IN)
                         net (fo=0)                   0.000    25.000    astep24_3l_top_I/clocking_reset_I/sys_to_40/inst/clk_in1
    L17                  IBUF (Prop_ibuf_I_O)         1.406    26.405 r  astep24_3l_top_I/clocking_reset_I/sys_to_40/inst/clkin1_ibufg/O
                         net (fo=1, routed)           1.162    27.567    astep24_3l_top_I/clocking_reset_I/sys_to_40/inst/clk_in1_clk_sys_to_40
    MMCME2_ADV_X0Y0      MMCME2_ADV (Prop_mmcme2_adv_CLKIN1_CLKOUT0)
                                                     -7.221    20.346 r  astep24_3l_top_I/clocking_reset_I/sys_to_40/inst/mmcm_adv_inst/CLKOUT0
                         net (fo=1, routed)           1.587    21.933    astep24_3l_top_I/clocking_reset_I/sys_to_40/inst/clk_out1_clk_sys_to_40
    BUFGCTRL_X0Y10       BUFG (Prop_bufg_I_O)         0.091    22.024 r  astep24_3l_top_I/clocking_reset_I/sys_to_40/inst/clkout1_buf/O
                         net (fo=34, routed)          1.668    23.692    sysclk_40M
    SLICE_X2Y126         FDRE                                         r  led_toggle_count_sysclk40M_reg[24]/C
                         clock pessimism              0.570    24.262    
                         clock uncertainty           -0.251    24.011    
    SLICE_X2Y126         FDRE (Setup_fdre_C_R)       -0.732    23.279    led_toggle_count_sysclk40M_reg[24]
  -------------------------------------------------------------------
                         required time                         23.279    
                         arrival time                          -3.569    
  -------------------------------------------------------------------
                         slack                                 19.710    





Min Delay Paths
--------------------------------------------------------------------------------------
Slack (MET) :             0.166ns  (arrival time - required time)
  Source:                 astep24_3l_top_I/clocking_reset_I/clk_ext_locked_reg/C
                            (rising edge-triggered cell FDCE clocked by clk_out1_clk_sys_to_40  {rise@0.000ns fall@12.500ns period=25.000ns})
  Destination:            astep24_3l_top_I/clocking_reset_I/switch_to_primary_clock_reg/D
                            (rising edge-triggered cell FDCE clocked by clk_out1_clk_sys_to_40  {rise@0.000ns fall@12.500ns period=25.000ns})
  Path Group:             clk_out1_clk_sys_to_40
  Path Type:              Hold (Min at Fast Process Corner)
  Requirement:            0.000ns  (clk_out1_clk_sys_to_40 rise@0.000ns - clk_out1_clk_sys_to_40 rise@0.000ns)
  Data Path Delay:        0.286ns  (logic 0.189ns (66.182%)  route 0.097ns (33.818%))
  Logic Levels:           1  (LUT5=1)
  Clock Path Skew:        0.013ns (DCD - SCD - CPR)
    Destination Clock Delay (DCD):    -0.810ns
    Source Clock Delay      (SCD):    -0.574ns
    Clock Pessimism Removal (CPR):    -0.249ns

    Location             Delay type                Incr(ns)  Path(ns)    Netlist Resource(s)
  -------------------------------------------------------------------    -------------------
                         (clock clk_out1_clk_sys_to_40 rise edge)
                                                      0.000     0.000 r  
    L17                                               0.000     0.000 r  sysclk (IN)
                         net (fo=0)                   0.000     0.000    astep24_3l_top_I/clocking_reset_I/sys_to_40/inst/clk_in1
    L17                  IBUF (Prop_ibuf_I_O)         0.244     0.244 r  astep24_3l_top_I/clocking_reset_I/sys_to_40/inst/clkin1_ibufg/O
                         net (fo=1, routed)           0.440     0.684    astep24_3l_top_I/clocking_reset_I/sys_to_40/inst/clk_in1_clk_sys_to_40
    MMCME2_ADV_X0Y0      MMCME2_ADV (Prop_mmcme2_adv_CLKIN1_CLKOUT0)
                                                     -2.362    -1.678 r  astep24_3l_top_I/clocking_reset_I/sys_to_40/inst/mmcm_adv_inst/CLKOUT0
                         net (fo=1, routed)           0.489    -1.189    astep24_3l_top_I/clocking_reset_I/sys_to_40/inst/clk_out1_clk_sys_to_40
    BUFGCTRL_X0Y10       BUFG (Prop_bufg_I_O)         0.026    -1.163 r  astep24_3l_top_I/clocking_reset_I/sys_to_40/inst/clkout1_buf/O
                         net (fo=34, routed)          0.590    -0.574    astep24_3l_top_I/clocking_reset_I/sysclk_40M
    SLICE_X4Y59          FDCE                                         r  astep24_3l_top_I/clocking_reset_I/clk_ext_locked_reg/C
  -------------------------------------------------------------------    -------------------
    SLICE_X4Y59          FDCE (Prop_fdce_C_Q)         0.141    -0.433 r  astep24_3l_top_I/clocking_reset_I/clk_ext_locked_reg/Q
                         net (fo=6, routed)           0.097    -0.336    astep24_3l_top_I/clocking_reset_I/clk_ext_locked
    SLICE_X5Y59          LUT5 (Prop_lut5_I1_O)        0.048    -0.288 r  astep24_3l_top_I/clocking_reset_I/switch_to_primary_clock_i_1/O
                         net (fo=1, routed)           0.000    -0.288    astep24_3l_top_I/clocking_reset_I/switch_to_primary_clock_i_1_n_0
    SLICE_X5Y59          FDCE                                         r  astep24_3l_top_I/clocking_reset_I/switch_to_primary_clock_reg/D
  -------------------------------------------------------------------    -------------------

                         (clock clk_out1_clk_sys_to_40 rise edge)
                                                      0.000     0.000 r  
    L17                                               0.000     0.000 r  sysclk (IN)
                         net (fo=0)                   0.000     0.000    astep24_3l_top_I/clocking_reset_I/sys_to_40/inst/clk_in1
    L17                  IBUF (Prop_ibuf_I_O)         0.432     0.432 r  astep24_3l_top_I/clocking_reset_I/sys_to_40/inst/clkin1_ibufg/O
                         net (fo=1, routed)           0.480     0.912    astep24_3l_top_I/clocking_reset_I/sys_to_40/inst/clk_in1_clk_sys_to_40
    MMCME2_ADV_X0Y0      MMCME2_ADV (Prop_mmcme2_adv_CLKIN1_CLKOUT0)
                                                     -3.145    -2.233 r  astep24_3l_top_I/clocking_reset_I/sys_to_40/inst/mmcm_adv_inst/CLKOUT0
                         net (fo=1, routed)           0.534    -1.700    astep24_3l_top_I/clocking_reset_I/sys_to_40/inst/clk_out1_clk_sys_to_40
    BUFGCTRL_X0Y10       BUFG (Prop_bufg_I_O)         0.029    -1.671 r  astep24_3l_top_I/clocking_reset_I/sys_to_40/inst/clkout1_buf/O
                         net (fo=34, routed)          0.860    -0.810    astep24_3l_top_I/clocking_reset_I/sysclk_40M
    SLICE_X5Y59          FDCE                                         r  astep24_3l_top_I/clocking_reset_I/switch_to_primary_clock_reg/C
                         clock pessimism              0.249    -0.561    
    SLICE_X5Y59          FDCE (Hold_fdce_C_D)         0.107    -0.454    astep24_3l_top_I/clocking_reset_I/switch_to_primary_clock_reg
  -------------------------------------------------------------------
                         required time                          0.454    
                         arrival time                          -0.288    
  -------------------------------------------------------------------
                         slack                                  0.166    





Pulse Width Checks
--------------------------------------------------------------------------------------
Clock Name:         clk_out1_clk_sys_to_40
Waveform(ns):       { 0.000 12.500 }
Period(ns):         25.000
Sources:            { astep24_3l_top_I/clocking_reset_I/sys_to_40/inst/mmcm_adv_inst/CLKOUT0 }

Check Type        Corner  Lib Pin            Reference Pin  Required(ns)  Actual(ns)  Slack(ns)  Location         Pin
Min Period        n/a     BUFG/I             n/a            2.155         25.000      22.845     BUFGCTRL_X0Y10   astep24_3l_top_I/clocking_reset_I/sys_to_40/inst/clkout1_buf/I
Max Period        n/a     MMCME2_ADV/CLKIN1  n/a            100.000       25.000      75.000     MMCME2_ADV_X1Y0  astep24_3l_top_I/clocking_reset_I/intern_or_ext_to_internal/inst/mmcm_adv_inst/CLKIN1
Low Pulse Width   Slow    MMCME2_ADV/CLKIN1  n/a            5.000         12.500      7.500      MMCME2_ADV_X1Y0  astep24_3l_top_I/clocking_reset_I/intern_or_ext_to_internal/inst/mmcm_adv_inst/CLKIN1
High Pulse Width  Slow    MMCME2_ADV/CLKIN1  n/a            5.000         12.500      7.500      MMCME2_ADV_X1Y0  astep24_3l_top_I/clocking_reset_I/intern_or_ext_to_internal/inst/mmcm_adv_inst/CLKIN1



---------------------------------------------------------------------------------------------------
From Clock:  clk_100_clk_core_extorint_40
  To Clock:  clk_100_clk_core_extorint_40

Setup :           NA  Failing Endpoints,  Worst Slack           NA  ,  Total Violation           NA
Hold  :           NA  Failing Endpoints,  Worst Slack           NA  ,  Total Violation           NA
PW    :            0  Failing Endpoints,  Worst Slack        7.845ns,  Total Violation        0.000ns
---------------------------------------------------------------------------------------------------


Pulse Width Checks
--------------------------------------------------------------------------------------
Clock Name:         clk_100_clk_core_extorint_40
Waveform(ns):       { 0.000 5.000 }
Period(ns):         10.000
Sources:            { astep24_3l_top_I/clocking_reset_I/intern_or_ext_to_internal/inst/mmcm_adv_inst/CLKOUT0 }

Check Type  Corner  Lib Pin             Reference Pin  Required(ns)  Actual(ns)  Slack(ns)  Location         Pin
Min Period  n/a     BUFGCTRL/I0         n/a            2.155         10.000      7.845      BUFGCTRL_X0Y5    sample_clock_se_gate/I0
Max Period  n/a     MMCME2_ADV/CLKOUT0  n/a            213.360       10.000      203.360    MMCME2_ADV_X1Y0  astep24_3l_top_I/clocking_reset_I/intern_or_ext_to_internal/inst/mmcm_adv_inst/CLKOUT0



---------------------------------------------------------------------------------------------------
From Clock:  clk_10_clk_core_extorint_40
  To Clock:  clk_10_clk_core_extorint_40

Setup :           NA  Failing Endpoints,  Worst Slack           NA  ,  Total Violation           NA
Hold  :           NA  Failing Endpoints,  Worst Slack           NA  ,  Total Violation           NA
PW    :            0  Failing Endpoints,  Worst Slack       97.844ns,  Total Violation        0.000ns
---------------------------------------------------------------------------------------------------


Pulse Width Checks
--------------------------------------------------------------------------------------
Clock Name:         clk_10_clk_core_extorint_40
Waveform(ns):       { 0.000 50.000 }
Period(ns):         100.000
Sources:            { astep24_3l_top_I/clocking_reset_I/intern_or_ext_to_internal/inst/mmcm_adv_inst/CLKOUT2 }

Check Type  Corner  Lib Pin             Reference Pin  Required(ns)  Actual(ns)  Slack(ns)  Location         Pin
Min Period  n/a     BUFGCTRL/I0         n/a            2.155         100.000     97.844     BUFGCTRL_X0Y1    timestamp_clk_mux/I0
Max Period  n/a     MMCME2_ADV/CLKOUT2  n/a            213.360       100.000     113.360    MMCME2_ADV_X1Y0  astep24_3l_top_I/clocking_reset_I/intern_or_ext_to_internal/inst/mmcm_adv_inst/CLKOUT2



---------------------------------------------------------------------------------------------------
From Clock:  clk_20_clk_core_extorint_40
  To Clock:  clk_20_clk_core_extorint_40

Setup :           NA  Failing Endpoints,  Worst Slack           NA  ,  Total Violation           NA
Hold  :           NA  Failing Endpoints,  Worst Slack           NA  ,  Total Violation           NA
PW    :            0  Failing Endpoints,  Worst Slack       47.845ns,  Total Violation        0.000ns
---------------------------------------------------------------------------------------------------


Pulse Width Checks
--------------------------------------------------------------------------------------
Clock Name:         clk_20_clk_core_extorint_40
Waveform(ns):       { 0.000 25.000 }
Period(ns):         50.000
Sources:            { astep24_3l_top_I/clocking_reset_I/intern_or_ext_to_internal/inst/mmcm_adv_inst/CLKOUT3 }

Check Type  Corner  Lib Pin             Reference Pin  Required(ns)  Actual(ns)  Slack(ns)  Location         Pin
Min Period  n/a     BUFGCTRL/I0         n/a            2.155         50.000      47.845     BUFGCTRL_X0Y5    sample_clock_se_gate/I0
Max Period  n/a     MMCME2_ADV/CLKOUT3  n/a            213.360       50.000      163.360    MMCME2_ADV_X1Y0  astep24_3l_top_I/clocking_reset_I/intern_or_ext_to_internal/inst/mmcm_adv_inst/CLKOUT3



---------------------------------------------------------------------------------------------------
From Clock:  timestamp_clk_internal_ap4
  To Clock:  timestamp_clk_internal_ap4

Setup :           NA  Failing Endpoints,  Worst Slack           NA  ,  Total Violation           NA
Hold  :           NA  Failing Endpoints,  Worst Slack           NA  ,  Total Violation           NA
PW    :            0  Failing Endpoints,  Worst Slack      397.843ns,  Total Violation        0.000ns
---------------------------------------------------------------------------------------------------


Pulse Width Checks
--------------------------------------------------------------------------------------
Clock Name:         timestamp_clk_internal_ap4
Waveform(ns):       { 0.000 199.999 }
Period(ns):         399.998
Sources:            { astep24_3l_top_I/clocking_reset_I/BUFR_inst/O }

Check Type  Corner  Lib Pin      Reference Pin  Required(ns)  Actual(ns)  Slack(ns)  Location       Pin
Min Period  n/a     BUFGCTRL/I1  n/a            2.155         399.998     397.843    BUFGCTRL_X0Y1  timestamp_clk_mux/I1



---------------------------------------------------------------------------------------------------
From Clock:  clk_80_clk_core_extorint_40
  To Clock:  clk_80_clk_core_extorint_40

Setup :            0  Failing Endpoints,  Worst Slack        3.157ns,  Total Violation        0.000ns
Hold  :            0  Failing Endpoints,  Worst Slack        0.051ns,  Total Violation        0.000ns
PW    :            0  Failing Endpoints,  Worst Slack        5.000ns,  Total Violation        0.000ns
---------------------------------------------------------------------------------------------------


Max Delay Paths
--------------------------------------------------------------------------------------
Slack (MET) :             3.157ns  (required time - arrival time)
  Source:                 astep24_3l_top_I/clocking_reset_I/resets/genblk1[3].reset_generator/resn_main_reg_reg[14]/C
                            (rising edge-triggered cell FDCE clocked by clk_80_clk_core_extorint_40  {rise@0.000ns fall@6.250ns period=12.500ns})
  Destination:            astep24_3l_top_I/sw_if/rfg_protocol/mini_fwft_fifo_inst/fifo_ptr_logic_inst/full_reg/R
                            (rising edge-triggered cell FDRE clocked by clk_80_clk_core_extorint_40  {rise@0.000ns fall@6.250ns period=12.500ns})
  Path Group:             clk_80_clk_core_extorint_40
  Path Type:              Setup (Max at Slow Process Corner)
  Requirement:            12.500ns  (clk_80_clk_core_extorint_40 rise@12.500ns - clk_80_clk_core_extorint_40 rise@0.000ns)
  Data Path Delay:        8.615ns  (logic 0.716ns (8.311%)  route 7.899ns (91.689%))
  Logic Levels:           1  (LUT1=1)
  Clock Path Skew:        -0.184ns (DCD - SCD + CPR)
    Destination Clock Delay (DCD):    -1.542ns = ( 10.958 - 12.500 ) 
    Source Clock Delay      (SCD):    -0.875ns
    Clock Pessimism Removal (CPR):    0.483ns
  Clock Uncertainty:      0.115ns  ((TSJ^2 + DJ^2)^1/2) / 2 + PE
    Total System Jitter     (TSJ):    0.071ns
    Discrete Jitter          (DJ):    0.220ns
    Phase Error              (PE):    0.000ns

    Location             Delay type                Incr(ns)  Path(ns)    Netlist Resource(s)
  -------------------------------------------------------------------    -------------------
                         (clock clk_80_clk_core_extorint_40 rise edge)
                                                      0.000     0.000 r  
    L17                                               0.000     0.000 r  sysclk (IN)
                         net (fo=0)                   0.000     0.000    astep24_3l_top_I/clocking_reset_I/sys_to_40/inst/clk_in1
    L17                  IBUF (Prop_ibuf_I_O)         1.476     1.476 r  astep24_3l_top_I/clocking_reset_I/sys_to_40/inst/clkin1_ibufg/O
                         net (fo=1, routed)           1.233     2.709    astep24_3l_top_I/clocking_reset_I/sys_to_40/inst/clk_in1_clk_sys_to_40
    MMCME2_ADV_X0Y0      MMCME2_ADV (Prop_mmcme2_adv_CLKIN1_CLKOUT0)
                                                     -6.965    -4.256 r  astep24_3l_top_I/clocking_reset_I/sys_to_40/inst/mmcm_adv_inst/CLKOUT0
                         net (fo=1, routed)           1.666    -2.589    astep24_3l_top_I/clocking_reset_I/sys_to_40/inst/clk_out1_clk_sys_to_40
    BUFGCTRL_X0Y10       BUFG (Prop_bufg_I_O)         0.096    -2.493 r  astep24_3l_top_I/clocking_reset_I/sys_to_40/inst/clkout1_buf/O
                         net (fo=34, routed)          1.575    -0.918    astep24_3l_top_I/clocking_reset_I/intern_or_ext_to_internal/inst/clk_in1
    MMCME2_ADV_X1Y0      MMCME2_ADV (Prop_mmcme2_adv_CLKIN1_CLKOUT1)
                                                     -3.333    -4.251 r  astep24_3l_top_I/clocking_reset_I/intern_or_ext_to_internal/inst/mmcm_adv_inst/CLKOUT1
                         net (fo=1, routed)           1.661    -2.589    astep24_3l_top_I/clocking_reset_I/intern_or_ext_to_internal/inst/clk_80_clk_core_extorint_40
    BUFGCTRL_X0Y6        BUFG (Prop_bufg_I_O)         0.096    -2.493 r  astep24_3l_top_I/clocking_reset_I/intern_or_ext_to_internal/inst/clkout2_buf/O
                         net (fo=5282, routed)        1.618    -0.875    astep24_3l_top_I/clocking_reset_I/resets/genblk1[3].reset_generator/clk_80
    SLICE_X5Y63          FDCE                                         r  astep24_3l_top_I/clocking_reset_I/resets/genblk1[3].reset_generator/resn_main_reg_reg[14]/C
  -------------------------------------------------------------------    -------------------
    SLICE_X5Y63          FDCE (Prop_fdce_C_Q)         0.419    -0.456 f  astep24_3l_top_I/clocking_reset_I/resets/genblk1[3].reset_generator/resn_main_reg_reg[14]/Q
                         net (fo=74, routed)          2.490     2.034    astep24_3l_top_I/clocking_reset_I/resets/genblk1[3].reset_generator/resn_main_reg[14]
    SLICE_X14Y90         LUT1 (Prop_lut1_I0_O)        0.297     2.331 r  astep24_3l_top_I/clocking_reset_I/resets/genblk1[3].reset_generator/resn_main_reg[14]_i_1__3/O
                         net (fo=1069, routed)        5.409     7.739    astep24_3l_top_I/sw_if/rfg_protocol/mini_fwft_fifo_inst/fifo_ptr_logic_inst/SS[0]
    SLICE_X36Y30         FDRE                                         r  astep24_3l_top_I/sw_if/rfg_protocol/mini_fwft_fifo_inst/fifo_ptr_logic_inst/full_reg/R
  -------------------------------------------------------------------    -------------------

                         (clock clk_80_clk_core_extorint_40 rise edge)
                                                     12.500    12.500 r  
    L17                                               0.000    12.500 r  sysclk (IN)
                         net (fo=0)                   0.000    12.500    astep24_3l_top_I/clocking_reset_I/sys_to_40/inst/clk_in1
    L17                  IBUF (Prop_ibuf_I_O)         1.406    13.905 r  astep24_3l_top_I/clocking_reset_I/sys_to_40/inst/clkin1_ibufg/O
                         net (fo=1, routed)           1.162    15.067    astep24_3l_top_I/clocking_reset_I/sys_to_40/inst/clk_in1_clk_sys_to_40
    MMCME2_ADV_X0Y0      MMCME2_ADV (Prop_mmcme2_adv_CLKIN1_CLKOUT0)
                                                     -7.221     7.846 r  astep24_3l_top_I/clocking_reset_I/sys_to_40/inst/mmcm_adv_inst/CLKOUT0
                         net (fo=1, routed)           1.587     9.433    astep24_3l_top_I/clocking_reset_I/sys_to_40/inst/clk_out1_clk_sys_to_40
    BUFGCTRL_X0Y10       BUFG (Prop_bufg_I_O)         0.091     9.524 r  astep24_3l_top_I/clocking_reset_I/sys_to_40/inst/clkout1_buf/O
                         net (fo=34, routed)          1.457    10.981    astep24_3l_top_I/clocking_reset_I/intern_or_ext_to_internal/inst/clk_in1
    MMCME2_ADV_X1Y0      MMCME2_ADV (Prop_mmcme2_adv_CLKIN1_CLKOUT1)
                                                     -3.129     7.852 r  astep24_3l_top_I/clocking_reset_I/intern_or_ext_to_internal/inst/mmcm_adv_inst/CLKOUT1
                         net (fo=1, routed)           1.581     9.433    astep24_3l_top_I/clocking_reset_I/intern_or_ext_to_internal/inst/clk_80_clk_core_extorint_40
    BUFGCTRL_X0Y6        BUFG (Prop_bufg_I_O)         0.091     9.524 r  astep24_3l_top_I/clocking_reset_I/intern_or_ext_to_internal/inst/clkout2_buf/O
                         net (fo=5282, routed)        1.434    10.958    astep24_3l_top_I/sw_if/rfg_protocol/mini_fwft_fifo_inst/fifo_ptr_logic_inst/clk_80
    SLICE_X36Y30         FDRE                                         r  astep24_3l_top_I/sw_if/rfg_protocol/mini_fwft_fifo_inst/fifo_ptr_logic_inst/full_reg/C
                         clock pessimism              0.483    11.441    
                         clock uncertainty           -0.115    11.326    
    SLICE_X36Y30         FDRE (Setup_fdre_C_R)       -0.429    10.897    astep24_3l_top_I/sw_if/rfg_protocol/mini_fwft_fifo_inst/fifo_ptr_logic_inst/full_reg
  -------------------------------------------------------------------
                         required time                         10.897    
                         arrival time                          -7.739    
  -------------------------------------------------------------------
                         slack                                  3.157    





Min Delay Paths
--------------------------------------------------------------------------------------
Slack (MET) :             0.051ns  (arrival time - required time)
  Source:                 astep24_3l_top_I/main_rfg_I/layer_2_loopback_miso_m_axis_tdata_reg[6]/C
                            (rising edge-triggered cell FDRE clocked by clk_80_clk_core_extorint_40  {rise@0.000ns fall@6.250ns period=12.500ns})
  Destination:            astep24_3l_top_I/loopback_spi_layer_2/miso_fifo/inst/gen_fifo.xpm_fifo_axis_inst/xpm_fifo_base_inst/gen_sdpram.xpm_memory_base_inst/gen_wr_a.gen_word_narrow.mem_reg/DIADI[6]
                            (rising edge-triggered cell RAMB18E1 clocked by clk_80_clk_core_extorint_40  {rise@0.000ns fall@6.250ns period=12.500ns})
  Path Group:             clk_80_clk_core_extorint_40
  Path Type:              Hold (Min at Fast Process Corner)
  Requirement:            0.000ns  (clk_80_clk_core_extorint_40 rise@0.000ns - clk_80_clk_core_extorint_40 rise@0.000ns)
  Data Path Delay:        0.354ns  (logic 0.128ns (36.115%)  route 0.226ns (63.885%))
  Logic Levels:           0  
  Clock Path Skew:        0.061ns (DCD - SCD - CPR)
    Destination Clock Delay (DCD):    -0.802ns
    Source Clock Delay      (SCD):    -0.610ns
    Clock Pessimism Removal (CPR):    -0.253ns

    Location             Delay type                Incr(ns)  Path(ns)    Netlist Resource(s)
  -------------------------------------------------------------------    -------------------
                         (clock clk_80_clk_core_extorint_40 rise edge)
                                                      0.000     0.000 r  
    L17                                               0.000     0.000 r  sysclk (IN)
                         net (fo=0)                   0.000     0.000    astep24_3l_top_I/clocking_reset_I/sys_to_40/inst/clk_in1
    L17                  IBUF (Prop_ibuf_I_O)         0.244     0.244 r  astep24_3l_top_I/clocking_reset_I/sys_to_40/inst/clkin1_ibufg/O
                         net (fo=1, routed)           0.440     0.684    astep24_3l_top_I/clocking_reset_I/sys_to_40/inst/clk_in1_clk_sys_to_40
    MMCME2_ADV_X0Y0      MMCME2_ADV (Prop_mmcme2_adv_CLKIN1_CLKOUT0)
                                                     -2.362    -1.678 r  astep24_3l_top_I/clocking_reset_I/sys_to_40/inst/mmcm_adv_inst/CLKOUT0
                         net (fo=1, routed)           0.489    -1.189    astep24_3l_top_I/clocking_reset_I/sys_to_40/inst/clk_out1_clk_sys_to_40
    BUFGCTRL_X0Y10       BUFG (Prop_bufg_I_O)         0.026    -1.163 r  astep24_3l_top_I/clocking_reset_I/sys_to_40/inst/clkout1_buf/O
                         net (fo=34, routed)          0.549    -0.615    astep24_3l_top_I/clocking_reset_I/intern_or_ext_to_internal/inst/clk_in1
    MMCME2_ADV_X1Y0      MMCME2_ADV (Prop_mmcme2_adv_CLKIN1_CLKOUT1)
                                                     -1.061    -1.675 r  astep24_3l_top_I/clocking_reset_I/intern_or_ext_to_internal/inst/mmcm_adv_inst/CLKOUT1
                         net (fo=1, routed)           0.486    -1.189    astep24_3l_top_I/clocking_reset_I/intern_or_ext_to_internal/inst/clk_80_clk_core_extorint_40
    BUFGCTRL_X0Y6        BUFG (Prop_bufg_I_O)         0.026    -1.163 r  astep24_3l_top_I/clocking_reset_I/intern_or_ext_to_internal/inst/clkout2_buf/O
                         net (fo=5282, routed)        0.554    -0.610    astep24_3l_top_I/main_rfg_I/clk_80
    SLICE_X49Y78         FDRE                                         r  astep24_3l_top_I/main_rfg_I/layer_2_loopback_miso_m_axis_tdata_reg[6]/C
  -------------------------------------------------------------------    -------------------
    SLICE_X49Y78         FDRE (Prop_fdre_C_Q)         0.128    -0.482 r  astep24_3l_top_I/main_rfg_I/layer_2_loopback_miso_m_axis_tdata_reg[6]/Q
                         net (fo=1, routed)           0.226    -0.255    astep24_3l_top_I/loopback_spi_layer_2/miso_fifo/inst/gen_fifo.xpm_fifo_axis_inst/xpm_fifo_base_inst/gen_sdpram.xpm_memory_base_inst/dina[6]
    RAMB18_X1Y32         RAMB18E1                                     r  astep24_3l_top_I/loopback_spi_layer_2/miso_fifo/inst/gen_fifo.xpm_fifo_axis_inst/xpm_fifo_base_inst/gen_sdpram.xpm_memory_base_inst/gen_wr_a.gen_word_narrow.mem_reg/DIADI[6]
  -------------------------------------------------------------------    -------------------

                         (clock clk_80_clk_core_extorint_40 rise edge)
                                                      0.000     0.000 r  
    L17                                               0.000     0.000 r  sysclk (IN)
                         net (fo=0)                   0.000     0.000    astep24_3l_top_I/clocking_reset_I/sys_to_40/inst/clk_in1
    L17                  IBUF (Prop_ibuf_I_O)         0.432     0.432 r  astep24_3l_top_I/clocking_reset_I/sys_to_40/inst/clkin1_ibufg/O
                         net (fo=1, routed)           0.480     0.912    astep24_3l_top_I/clocking_reset_I/sys_to_40/inst/clk_in1_clk_sys_to_40
    MMCME2_ADV_X0Y0      MMCME2_ADV (Prop_mmcme2_adv_CLKIN1_CLKOUT0)
                                                     -3.145    -2.233 r  astep24_3l_top_I/clocking_reset_I/sys_to_40/inst/mmcm_adv_inst/CLKOUT0
                         net (fo=1, routed)           0.534    -1.700    astep24_3l_top_I/clocking_reset_I/sys_to_40/inst/clk_out1_clk_sys_to_40
    BUFGCTRL_X0Y10       BUFG (Prop_bufg_I_O)         0.029    -1.671 r  astep24_3l_top_I/clocking_reset_I/sys_to_40/inst/clkout1_buf/O
                         net (fo=34, routed)          0.817    -0.854    astep24_3l_top_I/clocking_reset_I/intern_or_ext_to_internal/inst/clk_in1
    MMCME2_ADV_X1Y0      MMCME2_ADV (Prop_mmcme2_adv_CLKIN1_CLKOUT1)
                                                     -1.375    -2.229 r  astep24_3l_top_I/clocking_reset_I/intern_or_ext_to_internal/inst/mmcm_adv_inst/CLKOUT1
                         net (fo=1, routed)           0.530    -1.700    astep24_3l_top_I/clocking_reset_I/intern_or_ext_to_internal/inst/clk_80_clk_core_extorint_40
    BUFGCTRL_X0Y6        BUFG (Prop_bufg_I_O)         0.029    -1.671 r  astep24_3l_top_I/clocking_reset_I/intern_or_ext_to_internal/inst/clkout2_buf/O
                         net (fo=5282, routed)        0.869    -0.802    astep24_3l_top_I/loopback_spi_layer_2/miso_fifo/inst/gen_fifo.xpm_fifo_axis_inst/xpm_fifo_base_inst/gen_sdpram.xpm_memory_base_inst/clka
    RAMB18_X1Y32         RAMB18E1                                     r  astep24_3l_top_I/loopback_spi_layer_2/miso_fifo/inst/gen_fifo.xpm_fifo_axis_inst/xpm_fifo_base_inst/gen_sdpram.xpm_memory_base_inst/gen_wr_a.gen_word_narrow.mem_reg/CLKARDCLK
                         clock pessimism              0.253    -0.548    
    RAMB18_X1Y32         RAMB18E1 (Hold_ramb18e1_CLKARDCLK_DIADI[6])
                                                      0.242    -0.306    astep24_3l_top_I/loopback_spi_layer_2/miso_fifo/inst/gen_fifo.xpm_fifo_axis_inst/xpm_fifo_base_inst/gen_sdpram.xpm_memory_base_inst/gen_wr_a.gen_word_narrow.mem_reg
  -------------------------------------------------------------------
                         required time                          0.306    
                         arrival time                          -0.255    
  -------------------------------------------------------------------
                         slack                                  0.051    





Pulse Width Checks
--------------------------------------------------------------------------------------
Clock Name:         clk_80_clk_core_extorint_40
Waveform(ns):       { 0.000 6.250 }
Period(ns):         12.500
Sources:            { astep24_3l_top_I/clocking_reset_I/intern_or_ext_to_internal/inst/mmcm_adv_inst/CLKOUT1 }

Check Type        Corner  Lib Pin             Reference Pin  Required(ns)  Actual(ns)  Slack(ns)  Location         Pin
Min Period        n/a     XADC/DCLK           n/a            4.000         12.500      8.500      XADC_X0Y0        astep24_3l_top_I/housekeeping/xadc_hk_driver_I/xadc/inst/AXI_XADC_CORE_I/XADC_INST/DCLK
Max Period        n/a     MMCME2_ADV/CLKOUT1  n/a            213.360       12.500      200.860    MMCME2_ADV_X1Y0  astep24_3l_top_I/clocking_reset_I/intern_or_ext_to_internal/inst/mmcm_adv_inst/CLKOUT1
Low Pulse Width   Slow    RAMD32/CLK          n/a            1.250         6.250       5.000      SLICE_X38Y29     astep24_3l_top_I/sw_if/rfg_protocol/mini_fwft_fifo_inst/mem_reg_0_15_0_5/RAMA/CLK
High Pulse Width  Slow    RAMD32/CLK          n/a            1.250         6.250       5.000      SLICE_X38Y29     astep24_3l_top_I/sw_if/rfg_protocol/mini_fwft_fifo_inst/mem_reg_0_15_0_5/RAMA/CLK



---------------------------------------------------------------------------------------------------
From Clock:  hk_spi_divided
  To Clock:  hk_spi_divided

Setup :            0  Failing Endpoints,  Worst Slack        6.487ns,  Total Violation        0.000ns
Hold  :            0  Failing Endpoints,  Worst Slack        0.049ns,  Total Violation        0.000ns
PW    :            0  Failing Endpoints,  Worst Slack       12.000ns,  Total Violation        0.000ns
---------------------------------------------------------------------------------------------------


Max Delay Paths
--------------------------------------------------------------------------------------
Slack (MET) :             6.487ns  (required time - arrival time)
  Source:                 ext_spi_adc_miso
                            (input port clocked by hk_spi_divided  {rise@0.000ns fall@12.500ns period=25.000ns})
  Destination:            astep24_3l_top_I/housekeeping/ext_adcdac_driver/spi_io/miso_byte_reg[7]/D
                            (rising edge-triggered cell FDRE clocked by hk_spi_divided  {rise@0.000ns fall@12.500ns period=25.000ns})
  Path Group:             hk_spi_divided
  Path Type:              Setup (Max at Slow Process Corner)
  Requirement:            12.500ns  (hk_spi_divided rise@25.000ns - hk_spi_divided fall@12.500ns)
  Data Path Delay:        6.629ns  (logic 1.594ns (24.043%)  route 5.035ns (75.957%))
  Logic Levels:           2  (IBUF=1 LUT3=1)
  Input Delay:            2.000ns
  Clock Path Skew:        2.744ns (DCD - SCD + CPR)
    Destination Clock Delay (DCD):    1.581ns = ( 26.581 - 25.000 ) 
    Source Clock Delay      (SCD):    -0.472ns = ( 12.028 - 12.500 ) 
    Clock Pessimism Removal (CPR):    0.692ns
  Clock Uncertainty:      0.115ns  ((TSJ^2 + DJ^2)^1/2) / 2 + PE
    Total System Jitter     (TSJ):    0.071ns
    Discrete Jitter          (DJ):    0.220ns
    Phase Error              (PE):    0.000ns

    Location             Delay type                Incr(ns)  Path(ns)    Netlist Resource(s)
  -------------------------------------------------------------------    -------------------
                         (clock hk_spi_divided fall edge)
                                                     12.500    12.500 f  
    L17                                               0.000    12.500 r  sysclk (IN)
                         net (fo=0)                   0.000    12.500    astep24_3l_top_I/clocking_reset_I/sys_to_40/inst/clk_in1
    L17                  IBUF (Prop_ibuf_I_O)         1.476    13.976 r  astep24_3l_top_I/clocking_reset_I/sys_to_40/inst/clkin1_ibufg/O
                         net (fo=1, routed)           1.233    15.209    astep24_3l_top_I/clocking_reset_I/sys_to_40/inst/clk_in1_clk_sys_to_40
    MMCME2_ADV_X0Y0      MMCME2_ADV (Prop_mmcme2_adv_CLKIN1_CLKOUT0)
                                                     -6.965     8.244 r  astep24_3l_top_I/clocking_reset_I/sys_to_40/inst/mmcm_adv_inst/CLKOUT0
                         net (fo=1, routed)           1.666     9.911    astep24_3l_top_I/clocking_reset_I/sys_to_40/inst/clk_out1_clk_sys_to_40
    BUFGCTRL_X0Y10       BUFG (Prop_bufg_I_O)         0.096    10.007 r  astep24_3l_top_I/clocking_reset_I/sys_to_40/inst/clkout1_buf/O
                         net (fo=34, routed)          1.575    11.582    astep24_3l_top_I/clocking_reset_I/intern_or_ext_to_internal/inst/clk_in1
    MMCME2_ADV_X1Y0      MMCME2_ADV (Prop_mmcme2_adv_CLKIN1_CLKOUT1)
                                                     -3.333     8.249 r  astep24_3l_top_I/clocking_reset_I/intern_or_ext_to_internal/inst/mmcm_adv_inst/CLKOUT1
                         net (fo=1, routed)           1.661     9.911    astep24_3l_top_I/clocking_reset_I/intern_or_ext_to_internal/inst/clk_80_clk_core_extorint_40
    BUFGCTRL_X0Y6        BUFG (Prop_bufg_I_O)         0.096    10.007 r  astep24_3l_top_I/clocking_reset_I/intern_or_ext_to_internal/inst/clkout2_buf/O
                         net (fo=5282, routed)        1.565    11.572    astep24_3l_top_I/main_rfg_I/clk_80
    SLICE_X36Y46         FDRE (Prop_fdre_C_Q)         0.456    12.028 f  astep24_3l_top_I/main_rfg_I/spi_hk_ckdivider_divided_clk_reg/Q
  -------------------------------------------------------------------    -------------------
                         input delay                  2.000    14.028    
    B15                                               0.000    14.028 r  ext_spi_adc_miso (IN)
                         net (fo=0)                   0.000    14.028    ext_spi_adc_miso
    B15                  IBUF (Prop_ibuf_I_O)         1.470    15.498 r  ext_spi_adc_miso_IBUF_inst/O
                         net (fo=2, routed)           1.083    16.581    astep24_3l_top_I/housekeeping/ext_adcdac_driver/spi_io/ext_spi_adc_miso_IBUF
    SLICE_X0Y122         LUT3 (Prop_lut3_I2_O)        0.124    16.705 r  astep24_3l_top_I/housekeeping/ext_adcdac_driver/spi_io/miso_byte[7]_i_2/O
                         net (fo=1, routed)           3.952    20.658    astep24_3l_top_I/housekeeping/ext_adcdac_driver/spi_io/miso_byte[7]_i_2_n_0
    SLICE_X8Y70          FDRE                                         r  astep24_3l_top_I/housekeeping/ext_adcdac_driver/spi_io/miso_byte_reg[7]/D
  -------------------------------------------------------------------    -------------------

                         (clock hk_spi_divided rise edge)
                                                     25.000    25.000 r  
    L17                                               0.000    25.000 r  sysclk (IN)
                         net (fo=0)                   0.000    25.000    astep24_3l_top_I/clocking_reset_I/sys_to_40/inst/clk_in1
    L17                  IBUF (Prop_ibuf_I_O)         1.406    26.405 r  astep24_3l_top_I/clocking_reset_I/sys_to_40/inst/clkin1_ibufg/O
                         net (fo=1, routed)           1.162    27.567    astep24_3l_top_I/clocking_reset_I/sys_to_40/inst/clk_in1_clk_sys_to_40
    MMCME2_ADV_X0Y0      MMCME2_ADV (Prop_mmcme2_adv_CLKIN1_CLKOUT0)
                                                     -7.221    20.346 r  astep24_3l_top_I/clocking_reset_I/sys_to_40/inst/mmcm_adv_inst/CLKOUT0
                         net (fo=1, routed)           1.587    21.933    astep24_3l_top_I/clocking_reset_I/sys_to_40/inst/clk_out1_clk_sys_to_40
    BUFGCTRL_X0Y10       BUFG (Prop_bufg_I_O)         0.091    22.024 r  astep24_3l_top_I/clocking_reset_I/sys_to_40/inst/clkout1_buf/O
                         net (fo=34, routed)          1.457    23.481    astep24_3l_top_I/clocking_reset_I/intern_or_ext_to_internal/inst/clk_in1
    MMCME2_ADV_X1Y0      MMCME2_ADV (Prop_mmcme2_adv_CLKIN1_CLKOUT1)
                                                     -3.129    20.352 r  astep24_3l_top_I/clocking_reset_I/intern_or_ext_to_internal/inst/mmcm_adv_inst/CLKOUT1
                         net (fo=1, routed)           1.581    21.933    astep24_3l_top_I/clocking_reset_I/intern_or_ext_to_internal/inst/clk_80_clk_core_extorint_40
    BUFGCTRL_X0Y6        BUFG (Prop_bufg_I_O)         0.091    22.024 r  astep24_3l_top_I/clocking_reset_I/intern_or_ext_to_internal/inst/clkout2_buf/O
                         net (fo=5282, routed)        1.445    23.469    astep24_3l_top_I/main_rfg_I/clk_80
    SLICE_X36Y46         FDRE (Prop_fdre_C_Q)         0.367    23.836 r  astep24_3l_top_I/main_rfg_I/spi_hk_ckdivider_divided_clk_reg/Q
                         net (fo=2, routed)           1.225    25.061    astep24_3l_top_I_n_28
    BUFGCTRL_X0Y8        BUFG (Prop_bufg_I_O)         0.091    25.152 r  spi_hk_ckdivider_divided_resn_delay_reg[7]_i_1/O
                         net (fo=257, routed)         1.429    26.581    astep24_3l_top_I/housekeeping/ext_adcdac_driver/spi_io/mosi_byte_reg[7]_0
    SLICE_X8Y70          FDRE                                         r  astep24_3l_top_I/housekeeping/ext_adcdac_driver/spi_io/miso_byte_reg[7]/C
                         clock pessimism              0.692    27.272    
                         clock uncertainty           -0.115    27.157    
    SLICE_X8Y70          FDRE (Setup_fdre_C_D)       -0.013    27.144    astep24_3l_top_I/housekeeping/ext_adcdac_driver/spi_io/miso_byte_reg[7]
  -------------------------------------------------------------------
                         required time                         27.144    
                         arrival time                         -20.658    
  -------------------------------------------------------------------
                         slack                                  6.487    





Min Delay Paths
--------------------------------------------------------------------------------------
Slack (MET) :             0.049ns  (arrival time - required time)
  Source:                 astep24_3l_top_I/housekeeping/ext_adcdac_driver/spi_io/m_axis_tdata_reg[0]/C
                            (rising edge-triggered cell FDRE clocked by hk_spi_divided  {rise@0.000ns fall@12.500ns period=25.000ns})
  Destination:            astep24_3l_top_I/housekeeping/ext_adcdac_driver/miso_fifo/inst/gen_fifo.xpm_fifo_axis_inst/xpm_fifo_base_inst/gen_sdpram.xpm_memory_base_inst/gen_wr_a.gen_word_narrow.mem_reg/DIADI[0]
                            (rising edge-triggered cell RAMB18E1 clocked by hk_spi_divided  {rise@0.000ns fall@12.500ns period=25.000ns})
  Path Group:             hk_spi_divided
  Path Type:              Hold (Min at Fast Process Corner)
  Requirement:            0.000ns  (hk_spi_divided rise@0.000ns - hk_spi_divided rise@0.000ns)
  Data Path Delay:        0.403ns  (logic 0.164ns (40.745%)  route 0.239ns (59.255%))
  Logic Levels:           0  
  Clock Path Skew:        0.057ns (DCD - SCD - CPR)
    Destination Clock Delay (DCD):    0.835ns
    Source Clock Delay      (SCD):    0.648ns
    Clock Pessimism Removal (CPR):    0.130ns

    Location             Delay type                Incr(ns)  Path(ns)    Netlist Resource(s)
  -------------------------------------------------------------------    -------------------
                         (clock hk_spi_divided rise edge)
                                                      0.000     0.000 r  
    L17                                               0.000     0.000 r  sysclk (IN)
                         net (fo=0)                   0.000     0.000    astep24_3l_top_I/clocking_reset_I/sys_to_40/inst/clk_in1
    L17                  IBUF (Prop_ibuf_I_O)         0.244     0.244 r  astep24_3l_top_I/clocking_reset_I/sys_to_40/inst/clkin1_ibufg/O
                         net (fo=1, routed)           0.440     0.684    astep24_3l_top_I/clocking_reset_I/sys_to_40/inst/clk_in1_clk_sys_to_40
    MMCME2_ADV_X0Y0      MMCME2_ADV (Prop_mmcme2_adv_CLKIN1_CLKOUT0)
                                                     -2.362    -1.678 r  astep24_3l_top_I/clocking_reset_I/sys_to_40/inst/mmcm_adv_inst/CLKOUT0
                         net (fo=1, routed)           0.489    -1.189    astep24_3l_top_I/clocking_reset_I/sys_to_40/inst/clk_out1_clk_sys_to_40
    BUFGCTRL_X0Y10       BUFG (Prop_bufg_I_O)         0.026    -1.163 r  astep24_3l_top_I/clocking_reset_I/sys_to_40/inst/clkout1_buf/O
                         net (fo=34, routed)          0.549    -0.615    astep24_3l_top_I/clocking_reset_I/intern_or_ext_to_internal/inst/clk_in1
    MMCME2_ADV_X1Y0      MMCME2_ADV (Prop_mmcme2_adv_CLKIN1_CLKOUT1)
                                                     -1.061    -1.675 r  astep24_3l_top_I/clocking_reset_I/intern_or_ext_to_internal/inst/mmcm_adv_inst/CLKOUT1
                         net (fo=1, routed)           0.486    -1.189    astep24_3l_top_I/clocking_reset_I/intern_or_ext_to_internal/inst/clk_80_clk_core_extorint_40
    BUFGCTRL_X0Y6        BUFG (Prop_bufg_I_O)         0.026    -1.163 r  astep24_3l_top_I/clocking_reset_I/intern_or_ext_to_internal/inst/clkout2_buf/O
                         net (fo=5282, routed)        0.563    -0.601    astep24_3l_top_I/main_rfg_I/clk_80
    SLICE_X36Y46         FDRE (Prop_fdre_C_Q)         0.141    -0.460 r  astep24_3l_top_I/main_rfg_I/spi_hk_ckdivider_divided_clk_reg/Q
                         net (fo=2, routed)           0.527     0.067    astep24_3l_top_I_n_28
    BUFGCTRL_X0Y8        BUFG (Prop_bufg_I_O)         0.026     0.093 r  spi_hk_ckdivider_divided_resn_delay_reg[7]_i_1/O
                         net (fo=257, routed)         0.556     0.648    astep24_3l_top_I/housekeeping/ext_adcdac_driver/spi_io/mosi_byte_reg[7]_0
    SLICE_X8Y69          FDRE                                         r  astep24_3l_top_I/housekeeping/ext_adcdac_driver/spi_io/m_axis_tdata_reg[0]/C
  -------------------------------------------------------------------    -------------------
    SLICE_X8Y69          FDRE (Prop_fdre_C_Q)         0.164     0.812 r  astep24_3l_top_I/housekeeping/ext_adcdac_driver/spi_io/m_axis_tdata_reg[0]/Q
                         net (fo=1, routed)           0.239     1.051    astep24_3l_top_I/housekeeping/ext_adcdac_driver/miso_fifo/inst/gen_fifo.xpm_fifo_axis_inst/xpm_fifo_base_inst/gen_sdpram.xpm_memory_base_inst/dina[0]
    RAMB18_X0Y26         RAMB18E1                                     r  astep24_3l_top_I/housekeeping/ext_adcdac_driver/miso_fifo/inst/gen_fifo.xpm_fifo_axis_inst/xpm_fifo_base_inst/gen_sdpram.xpm_memory_base_inst/gen_wr_a.gen_word_narrow.mem_reg/DIADI[0]
  -------------------------------------------------------------------    -------------------

                         (clock hk_spi_divided rise edge)
                                                      0.000     0.000 r  
    L17                                               0.000     0.000 r  sysclk (IN)
                         net (fo=0)                   0.000     0.000    astep24_3l_top_I/clocking_reset_I/sys_to_40/inst/clk_in1
    L17                  IBUF (Prop_ibuf_I_O)         0.432     0.432 r  astep24_3l_top_I/clocking_reset_I/sys_to_40/inst/clkin1_ibufg/O
                         net (fo=1, routed)           0.480     0.912    astep24_3l_top_I/clocking_reset_I/sys_to_40/inst/clk_in1_clk_sys_to_40
    MMCME2_ADV_X0Y0      MMCME2_ADV (Prop_mmcme2_adv_CLKIN1_CLKOUT0)
                                                     -3.145    -2.233 r  astep24_3l_top_I/clocking_reset_I/sys_to_40/inst/mmcm_adv_inst/CLKOUT0
                         net (fo=1, routed)           0.534    -1.700    astep24_3l_top_I/clocking_reset_I/sys_to_40/inst/clk_out1_clk_sys_to_40
    BUFGCTRL_X0Y10       BUFG (Prop_bufg_I_O)         0.029    -1.671 r  astep24_3l_top_I/clocking_reset_I/sys_to_40/inst/clkout1_buf/O
                         net (fo=34, routed)          0.817    -0.854    astep24_3l_top_I/clocking_reset_I/intern_or_ext_to_internal/inst/clk_in1
    MMCME2_ADV_X1Y0      MMCME2_ADV (Prop_mmcme2_adv_CLKIN1_CLKOUT1)
                                                     -1.375    -2.229 r  astep24_3l_top_I/clocking_reset_I/intern_or_ext_to_internal/inst/mmcm_adv_inst/CLKOUT1
                         net (fo=1, routed)           0.530    -1.700    astep24_3l_top_I/clocking_reset_I/intern_or_ext_to_internal/inst/clk_80_clk_core_extorint_40
    BUFGCTRL_X0Y6        BUFG (Prop_bufg_I_O)         0.029    -1.671 r  astep24_3l_top_I/clocking_reset_I/intern_or_ext_to_internal/inst/clkout2_buf/O
                         net (fo=5282, routed)        0.832    -0.839    astep24_3l_top_I/main_rfg_I/clk_80
    SLICE_X36Y46         FDRE (Prop_fdre_C_Q)         0.175    -0.664 r  astep24_3l_top_I/main_rfg_I/spi_hk_ckdivider_divided_clk_reg/Q
                         net (fo=2, routed)           0.604    -0.061    astep24_3l_top_I_n_28
    BUFGCTRL_X0Y8        BUFG (Prop_bufg_I_O)         0.029    -0.032 r  spi_hk_ckdivider_divided_resn_delay_reg[7]_i_1/O
                         net (fo=257, routed)         0.867     0.835    astep24_3l_top_I/housekeeping/ext_adcdac_driver/miso_fifo/inst/gen_fifo.xpm_fifo_axis_inst/xpm_fifo_base_inst/gen_sdpram.xpm_memory_base_inst/clka
    RAMB18_X0Y26         RAMB18E1                                     r  astep24_3l_top_I/housekeeping/ext_adcdac_driver/miso_fifo/inst/gen_fifo.xpm_fifo_axis_inst/xpm_fifo_base_inst/gen_sdpram.xpm_memory_base_inst/gen_wr_a.gen_word_narrow.mem_reg/CLKARDCLK
                         clock pessimism             -0.130     0.706    
    RAMB18_X0Y26         RAMB18E1 (Hold_ramb18e1_CLKARDCLK_DIADI[0])
                                                      0.296     1.002    astep24_3l_top_I/housekeeping/ext_adcdac_driver/miso_fifo/inst/gen_fifo.xpm_fifo_axis_inst/xpm_fifo_base_inst/gen_sdpram.xpm_memory_base_inst/gen_wr_a.gen_word_narrow.mem_reg
  -------------------------------------------------------------------
                         required time                         -1.002    
                         arrival time                           1.051    
  -------------------------------------------------------------------
                         slack                                  0.049    





Pulse Width Checks
--------------------------------------------------------------------------------------
Clock Name:         hk_spi_divided
Waveform(ns):       { 0.000 12.500 }
Period(ns):         25.000
Sources:            { astep24_3l_top_I/main_rfg_I/spi_hk_ckdivider_divided_clk_reg/Q }

Check Type        Corner  Lib Pin             Reference Pin  Required(ns)  Actual(ns)  Slack(ns)  Location      Pin
Min Period        n/a     RAMB18E1/CLKARDCLK  n/a            2.576         25.000      22.424     RAMB18_X0Y26  astep24_3l_top_I/housekeeping/ext_adcdac_driver/miso_fifo/inst/gen_fifo.xpm_fifo_axis_inst/xpm_fifo_base_inst/gen_sdpram.xpm_memory_base_inst/gen_wr_a.gen_word_narrow.mem_reg/CLKARDCLK
Low Pulse Width   Slow    FDRE/C              n/a            0.500         12.500      12.000     SLICE_X6Y76   astep24_3l_top_I/housekeeping/ext_adcdac_driver/miso_fifo/inst/gen_fifo.xpm_fifo_axis_inst/gaxis_pkt_fifo_ic.axis_wpkt_cnt_reg[0]/C
High Pulse Width  Slow    FDRE/C              n/a            0.500         12.500      12.000     SLICE_X6Y76   astep24_3l_top_I/housekeeping/ext_adcdac_driver/miso_fifo/inst/gen_fifo.xpm_fifo_axis_inst/gaxis_pkt_fifo_ic.axis_wpkt_cnt_reg[0]/C



---------------------------------------------------------------------------------------------------
From Clock:  layers_spi_divided
  To Clock:  layers_spi_divided

Setup :            0  Failing Endpoints,  Worst Slack        8.734ns,  Total Violation        0.000ns
Hold  :            0  Failing Endpoints,  Worst Slack        0.051ns,  Total Violation        0.000ns
PW    :            0  Failing Endpoints,  Worst Slack       12.000ns,  Total Violation        0.000ns
---------------------------------------------------------------------------------------------------


Max Delay Paths
--------------------------------------------------------------------------------------
Slack (MET) :             8.734ns  (required time - arrival time)
  Source:                 layer_1_spi_miso[0]
                            (input port clocked by layers_spi_divided  {rise@0.000ns fall@12.500ns period=25.000ns})
  Destination:            astep24_3l_top_I/switched_readout/genblk1[1].layer_if_I/spi_io/miso_byte_reg[6]/D
                            (rising edge-triggered cell FDRE clocked by layers_spi_divided  {rise@0.000ns fall@12.500ns period=25.000ns})
  Path Group:             layers_spi_divided
  Path Type:              Setup (Max at Slow Process Corner)
  Requirement:            12.500ns  (layers_spi_divided rise@25.000ns - layers_spi_divided fall@12.500ns)
  Data Path Delay:        4.201ns  (logic 1.589ns (37.824%)  route 2.612ns (62.176%))
  Logic Levels:           2  (IBUF=1 LUT3=1)
  Input Delay:            2.000ns
  Clock Path Skew:        2.519ns (DCD - SCD + CPR)
    Destination Clock Delay (DCD):    1.359ns = ( 26.359 - 25.000 ) 
    Source Clock Delay      (SCD):    -0.470ns = ( 12.030 - 12.500 ) 
    Clock Pessimism Removal (CPR):    0.691ns
  Clock Uncertainty:      0.115ns  ((TSJ^2 + DJ^2)^1/2) / 2 + PE
    Total System Jitter     (TSJ):    0.071ns
    Discrete Jitter          (DJ):    0.220ns
    Phase Error              (PE):    0.000ns

    Location             Delay type                Incr(ns)  Path(ns)    Netlist Resource(s)
  -------------------------------------------------------------------    -------------------
                         (clock layers_spi_divided fall edge)
                                                     12.500    12.500 f  
    L17                                               0.000    12.500 r  sysclk (IN)
                         net (fo=0)                   0.000    12.500    astep24_3l_top_I/clocking_reset_I/sys_to_40/inst/clk_in1
    L17                  IBUF (Prop_ibuf_I_O)         1.476    13.976 r  astep24_3l_top_I/clocking_reset_I/sys_to_40/inst/clkin1_ibufg/O
                         net (fo=1, routed)           1.233    15.209    astep24_3l_top_I/clocking_reset_I/sys_to_40/inst/clk_in1_clk_sys_to_40
    MMCME2_ADV_X0Y0      MMCME2_ADV (Prop_mmcme2_adv_CLKIN1_CLKOUT0)
                                                     -6.965     8.244 r  astep24_3l_top_I/clocking_reset_I/sys_to_40/inst/mmcm_adv_inst/CLKOUT0
                         net (fo=1, routed)           1.666     9.911    astep24_3l_top_I/clocking_reset_I/sys_to_40/inst/clk_out1_clk_sys_to_40
    BUFGCTRL_X0Y10       BUFG (Prop_bufg_I_O)         0.096    10.007 r  astep24_3l_top_I/clocking_reset_I/sys_to_40/inst/clkout1_buf/O
                         net (fo=34, routed)          1.575    11.582    astep24_3l_top_I/clocking_reset_I/intern_or_ext_to_internal/inst/clk_in1
    MMCME2_ADV_X1Y0      MMCME2_ADV (Prop_mmcme2_adv_CLKIN1_CLKOUT1)
                                                     -3.333     8.249 r  astep24_3l_top_I/clocking_reset_I/intern_or_ext_to_internal/inst/mmcm_adv_inst/CLKOUT1
                         net (fo=1, routed)           1.661     9.911    astep24_3l_top_I/clocking_reset_I/intern_or_ext_to_internal/inst/clk_80_clk_core_extorint_40
    BUFGCTRL_X0Y6        BUFG (Prop_bufg_I_O)         0.096    10.007 r  astep24_3l_top_I/clocking_reset_I/intern_or_ext_to_internal/inst/clkout2_buf/O
                         net (fo=5282, routed)        1.567    11.574    astep24_3l_top_I/main_rfg_I/clk_80
    SLICE_X28Y47         FDRE (Prop_fdre_C_Q)         0.456    12.030 f  astep24_3l_top_I/main_rfg_I/spi_layers_ckdivider_divided_clk_reg/Q
  -------------------------------------------------------------------    -------------------
                         input delay                  2.000    14.030    
    U5                                                0.000    14.030 r  layer_1_spi_miso[0] (IN)
                         net (fo=0)                   0.000    14.030    layer_1_spi_miso[0]
    U5                   IBUF (Prop_ibuf_I_O)         1.465    15.495 r  layer_1_spi_miso_IBUF[0]_inst/O
                         net (fo=1, routed)           2.612    18.107    astep24_3l_top_I/loopback_spi_layer_1/spi_egress/layer_1_spi_miso_IBUF[0]
    SLICE_X49Y37         LUT3 (Prop_lut3_I2_O)        0.124    18.231 r  astep24_3l_top_I/loopback_spi_layer_1/spi_egress/miso_byte[6]_i_1__1/O
                         net (fo=1, routed)           0.000    18.231    astep24_3l_top_I/switched_readout/genblk1[1].layer_if_I/spi_io/p_3_out[0]
    SLICE_X49Y37         FDRE                                         r  astep24_3l_top_I/switched_readout/genblk1[1].layer_if_I/spi_io/miso_byte_reg[6]/D
  -------------------------------------------------------------------    -------------------

                         (clock layers_spi_divided rise edge)
                                                     25.000    25.000 r  
    L17                                               0.000    25.000 r  sysclk (IN)
                         net (fo=0)                   0.000    25.000    astep24_3l_top_I/clocking_reset_I/sys_to_40/inst/clk_in1
    L17                  IBUF (Prop_ibuf_I_O)         1.406    26.405 r  astep24_3l_top_I/clocking_reset_I/sys_to_40/inst/clkin1_ibufg/O
                         net (fo=1, routed)           1.162    27.567    astep24_3l_top_I/clocking_reset_I/sys_to_40/inst/clk_in1_clk_sys_to_40
    MMCME2_ADV_X0Y0      MMCME2_ADV (Prop_mmcme2_adv_CLKIN1_CLKOUT0)
                                                     -7.221    20.346 r  astep24_3l_top_I/clocking_reset_I/sys_to_40/inst/mmcm_adv_inst/CLKOUT0
                         net (fo=1, routed)           1.587    21.933    astep24_3l_top_I/clocking_reset_I/sys_to_40/inst/clk_out1_clk_sys_to_40
    BUFGCTRL_X0Y10       BUFG (Prop_bufg_I_O)         0.091    22.024 r  astep24_3l_top_I/clocking_reset_I/sys_to_40/inst/clkout1_buf/O
                         net (fo=34, routed)          1.457    23.481    astep24_3l_top_I/clocking_reset_I/intern_or_ext_to_internal/inst/clk_in1
    MMCME2_ADV_X1Y0      MMCME2_ADV (Prop_mmcme2_adv_CLKIN1_CLKOUT1)
                                                     -3.129    20.352 r  astep24_3l_top_I/clocking_reset_I/intern_or_ext_to_internal/inst/mmcm_adv_inst/CLKOUT1
                         net (fo=1, routed)           1.581    21.933    astep24_3l_top_I/clocking_reset_I/intern_or_ext_to_internal/inst/clk_80_clk_core_extorint_40
    BUFGCTRL_X0Y6        BUFG (Prop_bufg_I_O)         0.091    22.024 r  astep24_3l_top_I/clocking_reset_I/intern_or_ext_to_internal/inst/clkout2_buf/O
                         net (fo=5282, routed)        1.448    23.472    astep24_3l_top_I/main_rfg_I/clk_80
    SLICE_X28Y47         FDRE (Prop_fdre_C_Q)         0.367    23.839 r  astep24_3l_top_I/main_rfg_I/spi_layers_ckdivider_divided_clk_reg/Q
                         net (fo=2, routed)           0.981    24.820    astep24_3l_top_I_n_27
    BUFGCTRL_X0Y7        BUFG (Prop_bufg_I_O)         0.091    24.911 r  spi_layers_ckdivider_divided_resn_delay_reg[7]_i_1/O
                         net (fo=992, routed)         1.447    26.359    astep24_3l_top_I/switched_readout/genblk1[1].layer_if_I/spi_io/CLK
    SLICE_X49Y37         FDRE                                         r  astep24_3l_top_I/switched_readout/genblk1[1].layer_if_I/spi_io/miso_byte_reg[6]/C
                         clock pessimism              0.691    27.049    
                         clock uncertainty           -0.115    26.934    
    SLICE_X49Y37         FDRE (Setup_fdre_C_D)        0.031    26.965    astep24_3l_top_I/switched_readout/genblk1[1].layer_if_I/spi_io/miso_byte_reg[6]
  -------------------------------------------------------------------
                         required time                         26.965    
                         arrival time                         -18.231    
  -------------------------------------------------------------------
                         slack                                  8.734    





Min Delay Paths
--------------------------------------------------------------------------------------
Slack (MET) :             0.051ns  (arrival time - required time)
  Source:                 astep24_3l_top_I/switched_readout/genblk1[2].layer_if_I/spi_io/m_axis_tdata_reg[4]/C
                            (rising edge-triggered cell FDRE clocked by layers_spi_divided  {rise@0.000ns fall@12.500ns period=25.000ns})
  Destination:            astep24_3l_top_I/switched_readout/genblk1[2].layer_if_I/miso_fifo/inst/gen_fifo.xpm_fifo_axis_inst/xpm_fifo_base_inst/gen_sdpram.xpm_memory_base_inst/gen_wr_a.gen_word_narrow.mem_reg/DIADI[4]
                            (rising edge-triggered cell RAMB18E1 clocked by layers_spi_divided  {rise@0.000ns fall@12.500ns period=25.000ns})
  Path Group:             layers_spi_divided
  Path Type:              Hold (Min at Fast Process Corner)
  Requirement:            0.000ns  (layers_spi_divided rise@0.000ns - layers_spi_divided rise@0.000ns)
  Data Path Delay:        0.352ns  (logic 0.128ns (36.380%)  route 0.224ns (63.620%))
  Logic Levels:           0  
  Clock Path Skew:        0.058ns (DCD - SCD - CPR)
    Destination Clock Delay (DCD):    0.745ns
    Source Clock Delay      (SCD):    0.573ns
    Clock Pessimism Removal (CPR):    0.114ns

    Location             Delay type                Incr(ns)  Path(ns)    Netlist Resource(s)
  -------------------------------------------------------------------    -------------------
                         (clock layers_spi_divided rise edge)
                                                      0.000     0.000 r  
    L17                                               0.000     0.000 r  sysclk (IN)
                         net (fo=0)                   0.000     0.000    astep24_3l_top_I/clocking_reset_I/sys_to_40/inst/clk_in1
    L17                  IBUF (Prop_ibuf_I_O)         0.244     0.244 r  astep24_3l_top_I/clocking_reset_I/sys_to_40/inst/clkin1_ibufg/O
                         net (fo=1, routed)           0.440     0.684    astep24_3l_top_I/clocking_reset_I/sys_to_40/inst/clk_in1_clk_sys_to_40
    MMCME2_ADV_X0Y0      MMCME2_ADV (Prop_mmcme2_adv_CLKIN1_CLKOUT0)
                                                     -2.362    -1.678 r  astep24_3l_top_I/clocking_reset_I/sys_to_40/inst/mmcm_adv_inst/CLKOUT0
                         net (fo=1, routed)           0.489    -1.189    astep24_3l_top_I/clocking_reset_I/sys_to_40/inst/clk_out1_clk_sys_to_40
    BUFGCTRL_X0Y10       BUFG (Prop_bufg_I_O)         0.026    -1.163 r  astep24_3l_top_I/clocking_reset_I/sys_to_40/inst/clkout1_buf/O
                         net (fo=34, routed)          0.549    -0.615    astep24_3l_top_I/clocking_reset_I/intern_or_ext_to_internal/inst/clk_in1
    MMCME2_ADV_X1Y0      MMCME2_ADV (Prop_mmcme2_adv_CLKIN1_CLKOUT1)
                                                     -1.061    -1.675 r  astep24_3l_top_I/clocking_reset_I/intern_or_ext_to_internal/inst/mmcm_adv_inst/CLKOUT1
                         net (fo=1, routed)           0.486    -1.189    astep24_3l_top_I/clocking_reset_I/intern_or_ext_to_internal/inst/clk_80_clk_core_extorint_40
    BUFGCTRL_X0Y6        BUFG (Prop_bufg_I_O)         0.026    -1.163 r  astep24_3l_top_I/clocking_reset_I/intern_or_ext_to_internal/inst/clkout2_buf/O
                         net (fo=5282, routed)        0.564    -0.600    astep24_3l_top_I/main_rfg_I/clk_80
    SLICE_X28Y47         FDRE (Prop_fdre_C_Q)         0.141    -0.459 r  astep24_3l_top_I/main_rfg_I/spi_layers_ckdivider_divided_clk_reg/Q
                         net (fo=2, routed)           0.440    -0.019    astep24_3l_top_I_n_27
    BUFGCTRL_X0Y7        BUFG (Prop_bufg_I_O)         0.026     0.007 r  spi_layers_ckdivider_divided_resn_delay_reg[7]_i_1/O
                         net (fo=992, routed)         0.566     0.573    astep24_3l_top_I/switched_readout/genblk1[2].layer_if_I/spi_io/CLK
    SLICE_X49Y43         FDRE                                         r  astep24_3l_top_I/switched_readout/genblk1[2].layer_if_I/spi_io/m_axis_tdata_reg[4]/C
  -------------------------------------------------------------------    -------------------
    SLICE_X49Y43         FDRE (Prop_fdre_C_Q)         0.128     0.701 r  astep24_3l_top_I/switched_readout/genblk1[2].layer_if_I/spi_io/m_axis_tdata_reg[4]/Q
                         net (fo=1, routed)           0.224     0.924    astep24_3l_top_I/switched_readout/genblk1[2].layer_if_I/miso_fifo/inst/gen_fifo.xpm_fifo_axis_inst/xpm_fifo_base_inst/gen_sdpram.xpm_memory_base_inst/dina[4]
    RAMB18_X1Y16         RAMB18E1                                     r  astep24_3l_top_I/switched_readout/genblk1[2].layer_if_I/miso_fifo/inst/gen_fifo.xpm_fifo_axis_inst/xpm_fifo_base_inst/gen_sdpram.xpm_memory_base_inst/gen_wr_a.gen_word_narrow.mem_reg/DIADI[4]
  -------------------------------------------------------------------    -------------------

                         (clock layers_spi_divided rise edge)
                                                      0.000     0.000 r  
    L17                                               0.000     0.000 r  sysclk (IN)
                         net (fo=0)                   0.000     0.000    astep24_3l_top_I/clocking_reset_I/sys_to_40/inst/clk_in1
    L17                  IBUF (Prop_ibuf_I_O)         0.432     0.432 r  astep24_3l_top_I/clocking_reset_I/sys_to_40/inst/clkin1_ibufg/O
                         net (fo=1, routed)           0.480     0.912    astep24_3l_top_I/clocking_reset_I/sys_to_40/inst/clk_in1_clk_sys_to_40
    MMCME2_ADV_X0Y0      MMCME2_ADV (Prop_mmcme2_adv_CLKIN1_CLKOUT0)
                                                     -3.145    -2.233 r  astep24_3l_top_I/clocking_reset_I/sys_to_40/inst/mmcm_adv_inst/CLKOUT0
                         net (fo=1, routed)           0.534    -1.700    astep24_3l_top_I/clocking_reset_I/sys_to_40/inst/clk_out1_clk_sys_to_40
    BUFGCTRL_X0Y10       BUFG (Prop_bufg_I_O)         0.029    -1.671 r  astep24_3l_top_I/clocking_reset_I/sys_to_40/inst/clkout1_buf/O
                         net (fo=34, routed)          0.817    -0.854    astep24_3l_top_I/clocking_reset_I/intern_or_ext_to_internal/inst/clk_in1
    MMCME2_ADV_X1Y0      MMCME2_ADV (Prop_mmcme2_adv_CLKIN1_CLKOUT1)
                                                     -1.375    -2.229 r  astep24_3l_top_I/clocking_reset_I/intern_or_ext_to_internal/inst/mmcm_adv_inst/CLKOUT1
                         net (fo=1, routed)           0.530    -1.700    astep24_3l_top_I/clocking_reset_I/intern_or_ext_to_internal/inst/clk_80_clk_core_extorint_40
    BUFGCTRL_X0Y6        BUFG (Prop_bufg_I_O)         0.029    -1.671 r  astep24_3l_top_I/clocking_reset_I/intern_or_ext_to_internal/inst/clkout2_buf/O
                         net (fo=5282, routed)        0.834    -0.837    astep24_3l_top_I/main_rfg_I/clk_80
    SLICE_X28Y47         FDRE (Prop_fdre_C_Q)         0.175    -0.662 r  astep24_3l_top_I/main_rfg_I/spi_layers_ckdivider_divided_clk_reg/Q
                         net (fo=2, routed)           0.500    -0.162    astep24_3l_top_I_n_27
    BUFGCTRL_X0Y7        BUFG (Prop_bufg_I_O)         0.029    -0.133 r  spi_layers_ckdivider_divided_resn_delay_reg[7]_i_1/O
                         net (fo=992, routed)         0.878     0.745    astep24_3l_top_I/switched_readout/genblk1[2].layer_if_I/miso_fifo/inst/gen_fifo.xpm_fifo_axis_inst/xpm_fifo_base_inst/gen_sdpram.xpm_memory_base_inst/clka
    RAMB18_X1Y16         RAMB18E1                                     r  astep24_3l_top_I/switched_readout/genblk1[2].layer_if_I/miso_fifo/inst/gen_fifo.xpm_fifo_axis_inst/xpm_fifo_base_inst/gen_sdpram.xpm_memory_base_inst/gen_wr_a.gen_word_narrow.mem_reg/CLKARDCLK
                         clock pessimism             -0.114     0.631    
    RAMB18_X1Y16         RAMB18E1 (Hold_ramb18e1_CLKARDCLK_DIADI[4])
                                                      0.242     0.873    astep24_3l_top_I/switched_readout/genblk1[2].layer_if_I/miso_fifo/inst/gen_fifo.xpm_fifo_axis_inst/xpm_fifo_base_inst/gen_sdpram.xpm_memory_base_inst/gen_wr_a.gen_word_narrow.mem_reg
  -------------------------------------------------------------------
                         required time                         -0.873    
                         arrival time                           0.924    
  -------------------------------------------------------------------
                         slack                                  0.051    





Pulse Width Checks
--------------------------------------------------------------------------------------
Clock Name:         layers_spi_divided
Waveform(ns):       { 0.000 12.500 }
Period(ns):         25.000
Sources:            { astep24_3l_top_I/main_rfg_I/spi_layers_ckdivider_divided_clk_reg/Q }

Check Type        Corner  Lib Pin             Reference Pin  Required(ns)  Actual(ns)  Slack(ns)  Location      Pin
Min Period        n/a     RAMB18E1/CLKARDCLK  n/a            2.576         25.000      22.424     RAMB18_X1Y17  astep24_3l_top_I/switched_readout/genblk1[0].layer_if_I/miso_fifo/inst/gen_fifo.xpm_fifo_axis_inst/xpm_fifo_base_inst/gen_sdpram.xpm_memory_base_inst/gen_wr_a.gen_word_narrow.mem_reg/CLKARDCLK
Low Pulse Width   Slow    FDCE/C              n/a            0.500         12.500      12.000     SLICE_X53Y52  astep24_3l_top_I/main_rfg_I/spi_layers_ckdivider_divided_resn_delay_reg[0]/C
High Pulse Width  Slow    FDCE/C              n/a            0.500         12.500      12.000     SLICE_X53Y52  astep24_3l_top_I/main_rfg_I/spi_layers_ckdivider_divided_resn_delay_reg[0]/C



---------------------------------------------------------------------------------------------------
From Clock:  spi_layer0_clock_internal
  To Clock:  spi_layer0_clock_internal

Setup :            0  Failing Endpoints,  Worst Slack       21.183ns,  Total Violation        0.000ns
Hold  :            0  Failing Endpoints,  Worst Slack        0.122ns,  Total Violation        0.000ns
PW    :            0  Failing Endpoints,  Worst Slack       24.500ns,  Total Violation        0.000ns
---------------------------------------------------------------------------------------------------


Max Delay Paths
--------------------------------------------------------------------------------------
Slack (MET) :             21.183ns  (required time - arrival time)
  Source:                 astep24_3l_top_I/loopback_spi_layer_0/spi_igress/m_axis_tvalid_reg/C
                            (falling edge-triggered cell FDCE clocked by spi_layer0_clock_internal  {rise@0.000ns fall@25.000ns period=50.000ns})
  Destination:            astep24_3l_top_I/loopback_spi_layer_0/spi_igress_fifo/inst/gen_fifo.xpm_fifo_axis_inst/xpm_fifo_base_inst/wrpp1_inst/count_value_i_reg[5]/D
                            (rising edge-triggered cell FDRE clocked by spi_layer0_clock_internal  {rise@0.000ns fall@25.000ns period=50.000ns})
  Path Group:             spi_layer0_clock_internal
  Path Type:              Setup (Max at Slow Process Corner)
  Requirement:            25.000ns  (spi_layer0_clock_internal rise@50.000ns - spi_layer0_clock_internal fall@25.000ns)
  Data Path Delay:        3.761ns  (logic 0.896ns (23.823%)  route 2.865ns (76.178%))
  Logic Levels:           3  (LUT2=1 LUT4=1 LUT6=1)
  Clock Path Skew:        0.031ns (DCD - SCD + CPR)
    Destination Clock Delay (DCD):    4.681ns = ( 54.681 - 50.000 ) 
    Source Clock Delay      (SCD):    5.993ns = ( 30.993 - 25.000 ) 
    Clock Pessimism Removal (CPR):    1.342ns
  Clock Uncertainty:      0.115ns  ((TSJ^2 + DJ^2)^1/2) / 2 + PE
    Total System Jitter     (TSJ):    0.071ns
    Discrete Jitter          (DJ):    0.220ns
    Phase Error              (PE):    0.000ns

    Location             Delay type                Incr(ns)  Path(ns)    Netlist Resource(s)
  -------------------------------------------------------------------    -------------------
                         (clock spi_layer0_clock_internal fall edge)
                                                     25.000    25.000 f  
    L17                                               0.000    25.000 r  sysclk (IN)
                         net (fo=0)                   0.000    25.000    astep24_3l_top_I/clocking_reset_I/sys_to_40/inst/clk_in1
    L17                  IBUF (Prop_ibuf_I_O)         1.476    26.476 r  astep24_3l_top_I/clocking_reset_I/sys_to_40/inst/clkin1_ibufg/O
                         net (fo=1, routed)           1.233    27.709    astep24_3l_top_I/clocking_reset_I/sys_to_40/inst/clk_in1_clk_sys_to_40
    MMCME2_ADV_X0Y0      MMCME2_ADV (Prop_mmcme2_adv_CLKIN1_CLKOUT0)
                                                     -6.965    20.744 r  astep24_3l_top_I/clocking_reset_I/sys_to_40/inst/mmcm_adv_inst/CLKOUT0
                         net (fo=1, routed)           1.666    22.411    astep24_3l_top_I/clocking_reset_I/sys_to_40/inst/clk_out1_clk_sys_to_40
    BUFGCTRL_X0Y10       BUFG (Prop_bufg_I_O)         0.096    22.507 r  astep24_3l_top_I/clocking_reset_I/sys_to_40/inst/clkout1_buf/O
                         net (fo=34, routed)          1.575    24.082    astep24_3l_top_I/clocking_reset_I/intern_or_ext_to_internal/inst/clk_in1
    MMCME2_ADV_X1Y0      MMCME2_ADV (Prop_mmcme2_adv_CLKIN1_CLKOUT1)
                                                     -3.333    20.749 r  astep24_3l_top_I/clocking_reset_I/intern_or_ext_to_internal/inst/mmcm_adv_inst/CLKOUT1
                         net (fo=1, routed)           1.661    22.411    astep24_3l_top_I/clocking_reset_I/intern_or_ext_to_internal/inst/clk_80_clk_core_extorint_40
    BUFGCTRL_X0Y6        BUFG (Prop_bufg_I_O)         0.096    22.507 r  astep24_3l_top_I/clocking_reset_I/intern_or_ext_to_internal/inst/clkout2_buf/O
                         net (fo=5282, routed)        1.567    24.074    astep24_3l_top_I/main_rfg_I/clk_80
    SLICE_X28Y47         FDRE (Prop_fdre_C_Q)         0.456    24.530 r  astep24_3l_top_I/main_rfg_I/spi_layers_ckdivider_divided_clk_reg/Q
                         net (fo=2, routed)           1.123    25.653    astep24_3l_top_I_n_27
    BUFGCTRL_X0Y7        BUFG (Prop_bufg_I_O)         0.096    25.749 r  spi_layers_ckdivider_divided_resn_delay_reg[7]_i_1/O
                         net (fo=992, routed)         1.554    27.303    astep24_3l_top_I/switched_readout/genblk1[0].layer_if_I/spi_io/CLK
    SLICE_X43Y55         FDRE (Prop_fdre_C_Q)         0.456    27.759 f  astep24_3l_top_I/switched_readout/genblk1[0].layer_if_I/spi_io/spi_clk_reg_reg/Q
                         net (fo=2, routed)           1.597    29.356    layer_0_spi_clk_OBUF
    BUFGCTRL_X0Y2        BUFG (Prop_bufg_I_O)         0.096    29.452 f  layer_0_spi_clk_OBUF_BUFG_inst/O
                         net (fo=232, routed)         1.541    30.993    astep24_3l_top_I/loopback_spi_layer_0/spi_igress/m_axis_tvalid_reg_0
    SLICE_X56Y76         FDCE                                         r  astep24_3l_top_I/loopback_spi_layer_0/spi_igress/m_axis_tvalid_reg/C  (IS_INVERTED)
  -------------------------------------------------------------------    -------------------
    SLICE_X56Y76         FDCE (Prop_fdce_C_Q)         0.524    31.517 r  astep24_3l_top_I/loopback_spi_layer_0/spi_igress/m_axis_tvalid_reg/Q
                         net (fo=3, routed)           0.805    32.322    astep24_3l_top_I/loopback_spi_layer_0/spi_igress_fifo/inst/gen_fifo.xpm_fifo_axis_inst/xpm_fifo_base_inst/rst_d1_inst/wr_en
    SLICE_X56Y77         LUT4 (Prop_lut4_I0_O)        0.124    32.446 f  astep24_3l_top_I/loopback_spi_layer_0/spi_igress_fifo/inst/gen_fifo.xpm_fifo_axis_inst/xpm_fifo_base_inst/rst_d1_inst/gen_pf_ic_rc.gen_full_rst_val.ram_full_n_i_2/O
                         net (fo=12, routed)          1.252    33.698    astep24_3l_top_I/loopback_spi_layer_0/spi_igress_fifo/inst/gen_fifo.xpm_fifo_axis_inst/xpm_fifo_base_inst/wrpp1_inst/count_value_i_reg[4]_0
    SLICE_X64Y76         LUT6 (Prop_lut6_I3_O)        0.124    33.822 r  astep24_3l_top_I/loopback_spi_layer_0/spi_igress_fifo/inst/gen_fifo.xpm_fifo_axis_inst/xpm_fifo_base_inst/wrpp1_inst/count_value_i[8]_i_2/O
                         net (fo=4, routed)           0.808    34.630    astep24_3l_top_I/loopback_spi_layer_0/spi_igress_fifo/inst/gen_fifo.xpm_fifo_axis_inst/xpm_fifo_base_inst/wrpp1_inst/count_value_i[8]_i_2_n_0
    SLICE_X63Y76         LUT2 (Prop_lut2_I0_O)        0.124    34.754 r  astep24_3l_top_I/loopback_spi_layer_0/spi_igress_fifo/inst/gen_fifo.xpm_fifo_axis_inst/xpm_fifo_base_inst/wrpp1_inst/count_value_i[5]_i_1__0/O
                         net (fo=1, routed)           0.000    34.754    astep24_3l_top_I/loopback_spi_layer_0/spi_igress_fifo/inst/gen_fifo.xpm_fifo_axis_inst/xpm_fifo_base_inst/wrpp1_inst/count_value_i[5]_i_1__0_n_0
    SLICE_X63Y76         FDRE                                         r  astep24_3l_top_I/loopback_spi_layer_0/spi_igress_fifo/inst/gen_fifo.xpm_fifo_axis_inst/xpm_fifo_base_inst/wrpp1_inst/count_value_i_reg[5]/D
  -------------------------------------------------------------------    -------------------

                         (clock spi_layer0_clock_internal rise edge)
                                                     50.000    50.000 r  
    L17                                               0.000    50.000 r  sysclk (IN)
                         net (fo=0)                   0.000    50.000    astep24_3l_top_I/clocking_reset_I/sys_to_40/inst/clk_in1
    L17                  IBUF (Prop_ibuf_I_O)         1.406    51.405 r  astep24_3l_top_I/clocking_reset_I/sys_to_40/inst/clkin1_ibufg/O
                         net (fo=1, routed)           1.162    52.567    astep24_3l_top_I/clocking_reset_I/sys_to_40/inst/clk_in1_clk_sys_to_40
    MMCME2_ADV_X0Y0      MMCME2_ADV (Prop_mmcme2_adv_CLKIN1_CLKOUT0)
                                                     -7.221    45.346 r  astep24_3l_top_I/clocking_reset_I/sys_to_40/inst/mmcm_adv_inst/CLKOUT0
                         net (fo=1, routed)           1.587    46.933    astep24_3l_top_I/clocking_reset_I/sys_to_40/inst/clk_out1_clk_sys_to_40
    BUFGCTRL_X0Y10       BUFG (Prop_bufg_I_O)         0.091    47.024 r  astep24_3l_top_I/clocking_reset_I/sys_to_40/inst/clkout1_buf/O
                         net (fo=34, routed)          1.457    48.481    astep24_3l_top_I/clocking_reset_I/intern_or_ext_to_internal/inst/clk_in1
    MMCME2_ADV_X1Y0      MMCME2_ADV (Prop_mmcme2_adv_CLKIN1_CLKOUT1)
                                                     -3.129    45.352 r  astep24_3l_top_I/clocking_reset_I/intern_or_ext_to_internal/inst/mmcm_adv_inst/CLKOUT1
                         net (fo=1, routed)           1.581    46.933    astep24_3l_top_I/clocking_reset_I/intern_or_ext_to_internal/inst/clk_80_clk_core_extorint_40
    BUFGCTRL_X0Y6        BUFG (Prop_bufg_I_O)         0.091    47.024 r  astep24_3l_top_I/clocking_reset_I/intern_or_ext_to_internal/inst/clkout2_buf/O
                         net (fo=5282, routed)        1.448    48.472    astep24_3l_top_I/main_rfg_I/clk_80
    SLICE_X28Y47         FDRE (Prop_fdre_C_Q)         0.367    48.839 r  astep24_3l_top_I/main_rfg_I/spi_layers_ckdivider_divided_clk_reg/Q
                         net (fo=2, routed)           0.981    49.820    astep24_3l_top_I_n_27
    BUFGCTRL_X0Y7        BUFG (Prop_bufg_I_O)         0.091    49.911 r  spi_layers_ckdivider_divided_resn_delay_reg[7]_i_1/O
                         net (fo=992, routed)         1.437    51.348    astep24_3l_top_I/switched_readout/genblk1[0].layer_if_I/spi_io/CLK
    SLICE_X43Y55         FDRE (Prop_fdre_C_Q)         0.367    51.715 r  astep24_3l_top_I/switched_readout/genblk1[0].layer_if_I/spi_io/spi_clk_reg_reg/Q
                         net (fo=2, routed)           1.382    53.096    layer_0_spi_clk_OBUF
    BUFGCTRL_X0Y2        BUFG (Prop_bufg_I_O)         0.091    53.187 r  layer_0_spi_clk_OBUF_BUFG_inst/O
                         net (fo=232, routed)         1.494    54.681    astep24_3l_top_I/loopback_spi_layer_0/spi_igress_fifo/inst/gen_fifo.xpm_fifo_axis_inst/xpm_fifo_base_inst/wrpp1_inst/wr_clk
    SLICE_X63Y76         FDRE                                         r  astep24_3l_top_I/loopback_spi_layer_0/spi_igress_fifo/inst/gen_fifo.xpm_fifo_axis_inst/xpm_fifo_base_inst/wrpp1_inst/count_value_i_reg[5]/C
                         clock pessimism              1.342    56.023    
                         clock uncertainty           -0.115    55.908    
    SLICE_X63Y76         FDRE (Setup_fdre_C_D)        0.029    55.937    astep24_3l_top_I/loopback_spi_layer_0/spi_igress_fifo/inst/gen_fifo.xpm_fifo_axis_inst/xpm_fifo_base_inst/wrpp1_inst/count_value_i_reg[5]
  -------------------------------------------------------------------
                         required time                         55.937    
                         arrival time                         -34.754    
  -------------------------------------------------------------------
                         slack                                 21.183    





Min Delay Paths
--------------------------------------------------------------------------------------
Slack (MET) :             0.122ns  (arrival time - required time)
  Source:                 astep24_3l_top_I/loopback_spi_layer_0/miso_fifo/inst/gen_fifo.xpm_fifo_axis_inst/xpm_fifo_base_inst/gen_cdc_pntr.wr_pntr_cdc_inst/dest_graysync_ff_reg[0][3]/C
                            (rising edge-triggered cell FDRE clocked by spi_layer0_clock_internal  {rise@0.000ns fall@25.000ns period=50.000ns})
  Destination:            astep24_3l_top_I/loopback_spi_layer_0/miso_fifo/inst/gen_fifo.xpm_fifo_axis_inst/xpm_fifo_base_inst/gen_cdc_pntr.wr_pntr_cdc_inst/dest_graysync_ff_reg[1][3]/D
                            (rising edge-triggered cell FDRE clocked by spi_layer0_clock_internal  {rise@0.000ns fall@25.000ns period=50.000ns})
  Path Group:             spi_layer0_clock_internal
  Path Type:              Hold (Min at Fast Process Corner)
  Requirement:            0.000ns  (spi_layer0_clock_internal rise@0.000ns - spi_layer0_clock_internal rise@0.000ns)
  Data Path Delay:        0.197ns  (logic 0.141ns (71.611%)  route 0.056ns (28.389%))
  Logic Levels:           0  
  Clock Path Skew:        0.000ns (DCD - SCD - CPR)
    Destination Clock Delay (DCD):    2.491ns
    Source Clock Delay      (SCD):    1.963ns
    Clock Pessimism Removal (CPR):    0.528ns

    Location             Delay type                Incr(ns)  Path(ns)    Netlist Resource(s)
  -------------------------------------------------------------------    -------------------
                         (clock spi_layer0_clock_internal rise edge)
                                                      0.000     0.000 r  
    L17                                               0.000     0.000 r  sysclk (IN)
                         net (fo=0)                   0.000     0.000    astep24_3l_top_I/clocking_reset_I/sys_to_40/inst/clk_in1
    L17                  IBUF (Prop_ibuf_I_O)         0.244     0.244 r  astep24_3l_top_I/clocking_reset_I/sys_to_40/inst/clkin1_ibufg/O
                         net (fo=1, routed)           0.440     0.684    astep24_3l_top_I/clocking_reset_I/sys_to_40/inst/clk_in1_clk_sys_to_40
    MMCME2_ADV_X0Y0      MMCME2_ADV (Prop_mmcme2_adv_CLKIN1_CLKOUT0)
                                                     -2.362    -1.678 r  astep24_3l_top_I/clocking_reset_I/sys_to_40/inst/mmcm_adv_inst/CLKOUT0
                         net (fo=1, routed)           0.489    -1.189    astep24_3l_top_I/clocking_reset_I/sys_to_40/inst/clk_out1_clk_sys_to_40
    BUFGCTRL_X0Y10       BUFG (Prop_bufg_I_O)         0.026    -1.163 r  astep24_3l_top_I/clocking_reset_I/sys_to_40/inst/clkout1_buf/O
                         net (fo=34, routed)          0.549    -0.615    astep24_3l_top_I/clocking_reset_I/intern_or_ext_to_internal/inst/clk_in1
    MMCME2_ADV_X1Y0      MMCME2_ADV (Prop_mmcme2_adv_CLKIN1_CLKOUT1)
                                                     -1.061    -1.675 r  astep24_3l_top_I/clocking_reset_I/intern_or_ext_to_internal/inst/mmcm_adv_inst/CLKOUT1
                         net (fo=1, routed)           0.486    -1.189    astep24_3l_top_I/clocking_reset_I/intern_or_ext_to_internal/inst/clk_80_clk_core_extorint_40
    BUFGCTRL_X0Y6        BUFG (Prop_bufg_I_O)         0.026    -1.163 r  astep24_3l_top_I/clocking_reset_I/intern_or_ext_to_internal/inst/clkout2_buf/O
                         net (fo=5282, routed)        0.564    -0.600    astep24_3l_top_I/main_rfg_I/clk_80
    SLICE_X28Y47         FDRE (Prop_fdre_C_Q)         0.141    -0.459 r  astep24_3l_top_I/main_rfg_I/spi_layers_ckdivider_divided_clk_reg/Q
                         net (fo=2, routed)           0.440    -0.019    astep24_3l_top_I_n_27
    BUFGCTRL_X0Y7        BUFG (Prop_bufg_I_O)         0.026     0.007 r  spi_layers_ckdivider_divided_resn_delay_reg[7]_i_1/O
                         net (fo=992, routed)         0.561     0.568    astep24_3l_top_I/switched_readout/genblk1[0].layer_if_I/spi_io/CLK
    SLICE_X43Y55         FDRE (Prop_fdre_C_Q)         0.141     0.709 r  astep24_3l_top_I/switched_readout/genblk1[0].layer_if_I/spi_io/spi_clk_reg_reg/Q
                         net (fo=2, routed)           0.637     1.345    layer_0_spi_clk_OBUF
    BUFGCTRL_X0Y2        BUFG (Prop_bufg_I_O)         0.026     1.371 r  layer_0_spi_clk_OBUF_BUFG_inst/O
                         net (fo=232, routed)         0.592     1.963    astep24_3l_top_I/loopback_spi_layer_0/miso_fifo/inst/gen_fifo.xpm_fifo_axis_inst/xpm_fifo_base_inst/gen_cdc_pntr.wr_pntr_cdc_inst/dest_clk
    SLICE_X61Y55         FDRE                                         r  astep24_3l_top_I/loopback_spi_layer_0/miso_fifo/inst/gen_fifo.xpm_fifo_axis_inst/xpm_fifo_base_inst/gen_cdc_pntr.wr_pntr_cdc_inst/dest_graysync_ff_reg[0][3]/C
  -------------------------------------------------------------------    -------------------
    SLICE_X61Y55         FDRE (Prop_fdre_C_Q)         0.141     2.104 r  astep24_3l_top_I/loopback_spi_layer_0/miso_fifo/inst/gen_fifo.xpm_fifo_axis_inst/xpm_fifo_base_inst/gen_cdc_pntr.wr_pntr_cdc_inst/dest_graysync_ff_reg[0][3]/Q
                         net (fo=1, routed)           0.056     2.160    astep24_3l_top_I/loopback_spi_layer_0/miso_fifo/inst/gen_fifo.xpm_fifo_axis_inst/xpm_fifo_base_inst/gen_cdc_pntr.wr_pntr_cdc_inst/dest_graysync_ff[0][3]
    SLICE_X61Y55         FDRE                                         r  astep24_3l_top_I/loopback_spi_layer_0/miso_fifo/inst/gen_fifo.xpm_fifo_axis_inst/xpm_fifo_base_inst/gen_cdc_pntr.wr_pntr_cdc_inst/dest_graysync_ff_reg[1][3]/D
  -------------------------------------------------------------------    -------------------

                         (clock spi_layer0_clock_internal rise edge)
                                                      0.000     0.000 r  
    L17                                               0.000     0.000 r  sysclk (IN)
                         net (fo=0)                   0.000     0.000    astep24_3l_top_I/clocking_reset_I/sys_to_40/inst/clk_in1
    L17                  IBUF (Prop_ibuf_I_O)         0.432     0.432 r  astep24_3l_top_I/clocking_reset_I/sys_to_40/inst/clkin1_ibufg/O
                         net (fo=1, routed)           0.480     0.912    astep24_3l_top_I/clocking_reset_I/sys_to_40/inst/clk_in1_clk_sys_to_40
    MMCME2_ADV_X0Y0      MMCME2_ADV (Prop_mmcme2_adv_CLKIN1_CLKOUT0)
                                                     -3.145    -2.233 r  astep24_3l_top_I/clocking_reset_I/sys_to_40/inst/mmcm_adv_inst/CLKOUT0
                         net (fo=1, routed)           0.534    -1.700    astep24_3l_top_I/clocking_reset_I/sys_to_40/inst/clk_out1_clk_sys_to_40
    BUFGCTRL_X0Y10       BUFG (Prop_bufg_I_O)         0.029    -1.671 r  astep24_3l_top_I/clocking_reset_I/sys_to_40/inst/clkout1_buf/O
                         net (fo=34, routed)          0.817    -0.854    astep24_3l_top_I/clocking_reset_I/intern_or_ext_to_internal/inst/clk_in1
    MMCME2_ADV_X1Y0      MMCME2_ADV (Prop_mmcme2_adv_CLKIN1_CLKOUT1)
                                                     -1.375    -2.229 r  astep24_3l_top_I/clocking_reset_I/intern_or_ext_to_internal/inst/mmcm_adv_inst/CLKOUT1
                         net (fo=1, routed)           0.530    -1.700    astep24_3l_top_I/clocking_reset_I/intern_or_ext_to_internal/inst/clk_80_clk_core_extorint_40
    BUFGCTRL_X0Y6        BUFG (Prop_bufg_I_O)         0.029    -1.671 r  astep24_3l_top_I/clocking_reset_I/intern_or_ext_to_internal/inst/clkout2_buf/O
                         net (fo=5282, routed)        0.834    -0.837    astep24_3l_top_I/main_rfg_I/clk_80
    SLICE_X28Y47         FDRE (Prop_fdre_C_Q)         0.175    -0.662 r  astep24_3l_top_I/main_rfg_I/spi_layers_ckdivider_divided_clk_reg/Q
                         net (fo=2, routed)           0.500    -0.162    astep24_3l_top_I_n_27
    BUFGCTRL_X0Y7        BUFG (Prop_bufg_I_O)         0.029    -0.133 r  spi_layers_ckdivider_divided_resn_delay_reg[7]_i_1/O
                         net (fo=992, routed)         0.831     0.697    astep24_3l_top_I/switched_readout/genblk1[0].layer_if_I/spi_io/CLK
    SLICE_X43Y55         FDRE (Prop_fdre_C_Q)         0.175     0.872 r  astep24_3l_top_I/switched_readout/genblk1[0].layer_if_I/spi_io/spi_clk_reg_reg/Q
                         net (fo=2, routed)           0.729     1.601    layer_0_spi_clk_OBUF
    BUFGCTRL_X0Y2        BUFG (Prop_bufg_I_O)         0.029     1.630 r  layer_0_spi_clk_OBUF_BUFG_inst/O
                         net (fo=232, routed)         0.861     2.491    astep24_3l_top_I/loopback_spi_layer_0/miso_fifo/inst/gen_fifo.xpm_fifo_axis_inst/xpm_fifo_base_inst/gen_cdc_pntr.wr_pntr_cdc_inst/dest_clk
    SLICE_X61Y55         FDRE                                         r  astep24_3l_top_I/loopback_spi_layer_0/miso_fifo/inst/gen_fifo.xpm_fifo_axis_inst/xpm_fifo_base_inst/gen_cdc_pntr.wr_pntr_cdc_inst/dest_graysync_ff_reg[1][3]/C
                         clock pessimism             -0.528     1.963    
    SLICE_X61Y55         FDRE (Hold_fdre_C_D)         0.075     2.038    astep24_3l_top_I/loopback_spi_layer_0/miso_fifo/inst/gen_fifo.xpm_fifo_axis_inst/xpm_fifo_base_inst/gen_cdc_pntr.wr_pntr_cdc_inst/dest_graysync_ff_reg[1][3]
  -------------------------------------------------------------------
                         required time                         -2.038    
                         arrival time                           2.160    
  -------------------------------------------------------------------
                         slack                                  0.122    





Pulse Width Checks
--------------------------------------------------------------------------------------
Clock Name:         spi_layer0_clock_internal
Waveform(ns):       { 0.000 25.000 }
Period(ns):         50.000
Sources:            { astep24_3l_top_I/switched_readout/genblk1[0].layer_if_I/spi_io/spi_clk_reg_reg/Q }

Check Type        Corner  Lib Pin             Reference Pin  Required(ns)  Actual(ns)  Slack(ns)  Location      Pin
Min Period        n/a     RAMB18E1/CLKBWRCLK  n/a            2.576         50.000      47.424     RAMB18_X2Y22  astep24_3l_top_I/loopback_spi_layer_0/miso_fifo/inst/gen_fifo.xpm_fifo_axis_inst/xpm_fifo_base_inst/gen_sdpram.xpm_memory_base_inst/gen_wr_a.gen_word_narrow.mem_reg/CLKBWRCLK
Low Pulse Width   Slow    FDRE/C              n/a            0.500         25.000      24.500     SLICE_X61Y57  astep24_3l_top_I/loopback_spi_layer_0/miso_fifo/inst/gen_fifo.xpm_fifo_axis_inst/xpm_fifo_base_inst/FSM_sequential_gen_fwft.curr_fwft_state_reg[0]/C
High Pulse Width  Slow    FDRE/C              n/a            0.500         25.000      24.500     SLICE_X61Y57  astep24_3l_top_I/loopback_spi_layer_0/miso_fifo/inst/gen_fifo.xpm_fifo_axis_inst/xpm_fifo_base_inst/FSM_sequential_gen_fwft.curr_fwft_state_reg[0]/C



---------------------------------------------------------------------------------------------------
From Clock:  spi_layer1_clock_internal
  To Clock:  spi_layer1_clock_internal

Setup :            0  Failing Endpoints,  Worst Slack       20.995ns,  Total Violation        0.000ns
Hold  :            0  Failing Endpoints,  Worst Slack        0.122ns,  Total Violation        0.000ns
PW    :            0  Failing Endpoints,  Worst Slack       24.500ns,  Total Violation        0.000ns
---------------------------------------------------------------------------------------------------


Max Delay Paths
--------------------------------------------------------------------------------------
Slack (MET) :             20.995ns  (required time - arrival time)
  Source:                 astep24_3l_top_I/loopback_spi_layer_1/spi_igress/m_axis_tvalid_reg/C
                            (falling edge-triggered cell FDCE clocked by spi_layer1_clock_internal  {rise@0.000ns fall@25.000ns period=50.000ns})
  Destination:            astep24_3l_top_I/loopback_spi_layer_1/spi_igress_fifo/inst/gen_fifo.xpm_fifo_axis_inst/xpm_fifo_base_inst/wrpp1_inst/count_value_i_reg[5]/D
                            (rising edge-triggered cell FDRE clocked by spi_layer1_clock_internal  {rise@0.000ns fall@25.000ns period=50.000ns})
  Path Group:             spi_layer1_clock_internal
  Path Type:              Setup (Max at Slow Process Corner)
  Requirement:            25.000ns  (spi_layer1_clock_internal rise@50.000ns - spi_layer1_clock_internal fall@25.000ns)
  Data Path Delay:        3.879ns  (logic 0.896ns (23.096%)  route 2.983ns (76.904%))
  Logic Levels:           3  (LUT2=1 LUT4=1 LUT6=1)
  Clock Path Skew:        -0.039ns (DCD - SCD + CPR)
    Destination Clock Delay (DCD):    4.237ns = ( 54.237 - 50.000 ) 
    Source Clock Delay      (SCD):    5.548ns = ( 30.548 - 25.000 ) 
    Clock Pessimism Removal (CPR):    1.271ns
  Clock Uncertainty:      0.115ns  ((TSJ^2 + DJ^2)^1/2) / 2 + PE
    Total System Jitter     (TSJ):    0.071ns
    Discrete Jitter          (DJ):    0.220ns
    Phase Error              (PE):    0.000ns

    Location             Delay type                Incr(ns)  Path(ns)    Netlist Resource(s)
  -------------------------------------------------------------------    -------------------
                         (clock spi_layer1_clock_internal fall edge)
                                                     25.000    25.000 f  
    L17                                               0.000    25.000 r  sysclk (IN)
                         net (fo=0)                   0.000    25.000    astep24_3l_top_I/clocking_reset_I/sys_to_40/inst/clk_in1
    L17                  IBUF (Prop_ibuf_I_O)         1.476    26.476 r  astep24_3l_top_I/clocking_reset_I/sys_to_40/inst/clkin1_ibufg/O
                         net (fo=1, routed)           1.233    27.709    astep24_3l_top_I/clocking_reset_I/sys_to_40/inst/clk_in1_clk_sys_to_40
    MMCME2_ADV_X0Y0      MMCME2_ADV (Prop_mmcme2_adv_CLKIN1_CLKOUT0)
                                                     -6.965    20.744 r  astep24_3l_top_I/clocking_reset_I/sys_to_40/inst/mmcm_adv_inst/CLKOUT0
                         net (fo=1, routed)           1.666    22.411    astep24_3l_top_I/clocking_reset_I/sys_to_40/inst/clk_out1_clk_sys_to_40
    BUFGCTRL_X0Y10       BUFG (Prop_bufg_I_O)         0.096    22.507 r  astep24_3l_top_I/clocking_reset_I/sys_to_40/inst/clkout1_buf/O
                         net (fo=34, routed)          1.575    24.082    astep24_3l_top_I/clocking_reset_I/intern_or_ext_to_internal/inst/clk_in1
    MMCME2_ADV_X1Y0      MMCME2_ADV (Prop_mmcme2_adv_CLKIN1_CLKOUT1)
                                                     -3.333    20.749 r  astep24_3l_top_I/clocking_reset_I/intern_or_ext_to_internal/inst/mmcm_adv_inst/CLKOUT1
                         net (fo=1, routed)           1.661    22.411    astep24_3l_top_I/clocking_reset_I/intern_or_ext_to_internal/inst/clk_80_clk_core_extorint_40
    BUFGCTRL_X0Y6        BUFG (Prop_bufg_I_O)         0.096    22.507 r  astep24_3l_top_I/clocking_reset_I/intern_or_ext_to_internal/inst/clkout2_buf/O
                         net (fo=5282, routed)        1.567    24.074    astep24_3l_top_I/main_rfg_I/clk_80
    SLICE_X28Y47         FDRE (Prop_fdre_C_Q)         0.456    24.530 r  astep24_3l_top_I/main_rfg_I/spi_layers_ckdivider_divided_clk_reg/Q
                         net (fo=2, routed)           1.123    25.653    astep24_3l_top_I_n_27
    BUFGCTRL_X0Y7        BUFG (Prop_bufg_I_O)         0.096    25.749 r  spi_layers_ckdivider_divided_resn_delay_reg[7]_i_1/O
                         net (fo=992, routed)         1.555    27.304    astep24_3l_top_I/switched_readout/genblk1[1].layer_if_I/spi_io/CLK
    SLICE_X44Y53         FDRE (Prop_fdre_C_Q)         0.456    27.760 f  astep24_3l_top_I/switched_readout/genblk1[1].layer_if_I/spi_io/spi_clk_reg_reg/Q
                         net (fo=2, routed)           1.133    28.893    layer_1_spi_clk_OBUF
    BUFGCTRL_X0Y3        BUFG (Prop_bufg_I_O)         0.096    28.989 f  layer_1_spi_clk_OBUF_BUFG_inst/O
                         net (fo=232, routed)         1.559    30.548    astep24_3l_top_I/loopback_spi_layer_1/spi_igress/m_axis_tvalid_reg_0
    SLICE_X52Y56         FDCE                                         r  astep24_3l_top_I/loopback_spi_layer_1/spi_igress/m_axis_tvalid_reg/C  (IS_INVERTED)
  -------------------------------------------------------------------    -------------------
    SLICE_X52Y56         FDCE (Prop_fdce_C_Q)         0.524    31.072 r  astep24_3l_top_I/loopback_spi_layer_1/spi_igress/m_axis_tvalid_reg/Q
                         net (fo=3, routed)           0.815    31.886    astep24_3l_top_I/loopback_spi_layer_1/spi_igress_fifo/inst/gen_fifo.xpm_fifo_axis_inst/xpm_fifo_base_inst/rst_d1_inst/wr_en
    SLICE_X52Y54         LUT4 (Prop_lut4_I0_O)        0.124    32.010 f  astep24_3l_top_I/loopback_spi_layer_1/spi_igress_fifo/inst/gen_fifo.xpm_fifo_axis_inst/xpm_fifo_base_inst/rst_d1_inst/gen_pf_ic_rc.gen_full_rst_val.ram_full_n_i_2/O
                         net (fo=12, routed)          1.204    33.214    astep24_3l_top_I/loopback_spi_layer_1/spi_igress_fifo/inst/gen_fifo.xpm_fifo_axis_inst/xpm_fifo_base_inst/wrpp1_inst/count_value_i_reg[4]_0
    SLICE_X56Y55         LUT6 (Prop_lut6_I3_O)        0.124    33.338 r  astep24_3l_top_I/loopback_spi_layer_1/spi_igress_fifo/inst/gen_fifo.xpm_fifo_axis_inst/xpm_fifo_base_inst/wrpp1_inst/count_value_i[8]_i_2/O
                         net (fo=4, routed)           0.965    34.303    astep24_3l_top_I/loopback_spi_layer_1/spi_igress_fifo/inst/gen_fifo.xpm_fifo_axis_inst/xpm_fifo_base_inst/wrpp1_inst/count_value_i[8]_i_2_n_0
    SLICE_X55Y53         LUT2 (Prop_lut2_I0_O)        0.124    34.427 r  astep24_3l_top_I/loopback_spi_layer_1/spi_igress_fifo/inst/gen_fifo.xpm_fifo_axis_inst/xpm_fifo_base_inst/wrpp1_inst/count_value_i[5]_i_1__0/O
                         net (fo=1, routed)           0.000    34.427    astep24_3l_top_I/loopback_spi_layer_1/spi_igress_fifo/inst/gen_fifo.xpm_fifo_axis_inst/xpm_fifo_base_inst/wrpp1_inst/count_value_i[5]_i_1__0_n_0
    SLICE_X55Y53         FDRE                                         r  astep24_3l_top_I/loopback_spi_layer_1/spi_igress_fifo/inst/gen_fifo.xpm_fifo_axis_inst/xpm_fifo_base_inst/wrpp1_inst/count_value_i_reg[5]/D
  -------------------------------------------------------------------    -------------------

                         (clock spi_layer1_clock_internal rise edge)
                                                     50.000    50.000 r  
    L17                                               0.000    50.000 r  sysclk (IN)
                         net (fo=0)                   0.000    50.000    astep24_3l_top_I/clocking_reset_I/sys_to_40/inst/clk_in1
    L17                  IBUF (Prop_ibuf_I_O)         1.406    51.405 r  astep24_3l_top_I/clocking_reset_I/sys_to_40/inst/clkin1_ibufg/O
                         net (fo=1, routed)           1.162    52.567    astep24_3l_top_I/clocking_reset_I/sys_to_40/inst/clk_in1_clk_sys_to_40
    MMCME2_ADV_X0Y0      MMCME2_ADV (Prop_mmcme2_adv_CLKIN1_CLKOUT0)
                                                     -7.221    45.346 r  astep24_3l_top_I/clocking_reset_I/sys_to_40/inst/mmcm_adv_inst/CLKOUT0
                         net (fo=1, routed)           1.587    46.933    astep24_3l_top_I/clocking_reset_I/sys_to_40/inst/clk_out1_clk_sys_to_40
    BUFGCTRL_X0Y10       BUFG (Prop_bufg_I_O)         0.091    47.024 r  astep24_3l_top_I/clocking_reset_I/sys_to_40/inst/clkout1_buf/O
                         net (fo=34, routed)          1.457    48.481    astep24_3l_top_I/clocking_reset_I/intern_or_ext_to_internal/inst/clk_in1
    MMCME2_ADV_X1Y0      MMCME2_ADV (Prop_mmcme2_adv_CLKIN1_CLKOUT1)
                                                     -3.129    45.352 r  astep24_3l_top_I/clocking_reset_I/intern_or_ext_to_internal/inst/mmcm_adv_inst/CLKOUT1
                         net (fo=1, routed)           1.581    46.933    astep24_3l_top_I/clocking_reset_I/intern_or_ext_to_internal/inst/clk_80_clk_core_extorint_40
    BUFGCTRL_X0Y6        BUFG (Prop_bufg_I_O)         0.091    47.024 r  astep24_3l_top_I/clocking_reset_I/intern_or_ext_to_internal/inst/clkout2_buf/O
                         net (fo=5282, routed)        1.448    48.472    astep24_3l_top_I/main_rfg_I/clk_80
    SLICE_X28Y47         FDRE (Prop_fdre_C_Q)         0.367    48.839 r  astep24_3l_top_I/main_rfg_I/spi_layers_ckdivider_divided_clk_reg/Q
                         net (fo=2, routed)           0.981    49.820    astep24_3l_top_I_n_27
    BUFGCTRL_X0Y7        BUFG (Prop_bufg_I_O)         0.091    49.911 r  spi_layers_ckdivider_divided_resn_delay_reg[7]_i_1/O
                         net (fo=992, routed)         1.438    51.349    astep24_3l_top_I/switched_readout/genblk1[1].layer_if_I/spi_io/CLK
    SLICE_X44Y53         FDRE (Prop_fdre_C_Q)         0.367    51.716 r  astep24_3l_top_I/switched_readout/genblk1[1].layer_if_I/spi_io/spi_clk_reg_reg/Q
                         net (fo=2, routed)           0.989    52.704    layer_1_spi_clk_OBUF
    BUFGCTRL_X0Y3        BUFG (Prop_bufg_I_O)         0.091    52.795 r  layer_1_spi_clk_OBUF_BUFG_inst/O
                         net (fo=232, routed)         1.442    54.237    astep24_3l_top_I/loopback_spi_layer_1/spi_igress_fifo/inst/gen_fifo.xpm_fifo_axis_inst/xpm_fifo_base_inst/wrpp1_inst/wr_clk
    SLICE_X55Y53         FDRE                                         r  astep24_3l_top_I/loopback_spi_layer_1/spi_igress_fifo/inst/gen_fifo.xpm_fifo_axis_inst/xpm_fifo_base_inst/wrpp1_inst/count_value_i_reg[5]/C
                         clock pessimism              1.271    55.508    
                         clock uncertainty           -0.115    55.393    
    SLICE_X55Y53         FDRE (Setup_fdre_C_D)        0.029    55.422    astep24_3l_top_I/loopback_spi_layer_1/spi_igress_fifo/inst/gen_fifo.xpm_fifo_axis_inst/xpm_fifo_base_inst/wrpp1_inst/count_value_i_reg[5]
  -------------------------------------------------------------------
                         required time                         55.422    
                         arrival time                         -34.427    
  -------------------------------------------------------------------
                         slack                                 20.995    





Min Delay Paths
--------------------------------------------------------------------------------------
Slack (MET) :             0.122ns  (arrival time - required time)
  Source:                 astep24_3l_top_I/loopback_spi_layer_1/spi_igress_fifo/inst/gen_fifo.xpm_fifo_axis_inst/xpm_fifo_base_inst/gen_cdc_pntr.rd_pntr_cdc_inst/dest_graysync_ff_reg[0][0]/C
                            (rising edge-triggered cell FDRE clocked by spi_layer1_clock_internal  {rise@0.000ns fall@25.000ns period=50.000ns})
  Destination:            astep24_3l_top_I/loopback_spi_layer_1/spi_igress_fifo/inst/gen_fifo.xpm_fifo_axis_inst/xpm_fifo_base_inst/gen_cdc_pntr.rd_pntr_cdc_inst/dest_graysync_ff_reg[1][0]/D
                            (rising edge-triggered cell FDRE clocked by spi_layer1_clock_internal  {rise@0.000ns fall@25.000ns period=50.000ns})
  Path Group:             spi_layer1_clock_internal
  Path Type:              Hold (Min at Fast Process Corner)
  Requirement:            0.000ns  (spi_layer1_clock_internal rise@0.000ns - spi_layer1_clock_internal rise@0.000ns)
  Data Path Delay:        0.197ns  (logic 0.141ns (71.611%)  route 0.056ns (28.389%))
  Logic Levels:           0  
  Clock Path Skew:        0.000ns (DCD - SCD - CPR)
    Destination Clock Delay (DCD):    2.248ns
    Source Clock Delay      (SCD):    1.749ns
    Clock Pessimism Removal (CPR):    0.499ns

    Location             Delay type                Incr(ns)  Path(ns)    Netlist Resource(s)
  -------------------------------------------------------------------    -------------------
                         (clock spi_layer1_clock_internal rise edge)
                                                      0.000     0.000 r  
    L17                                               0.000     0.000 r  sysclk (IN)
                         net (fo=0)                   0.000     0.000    astep24_3l_top_I/clocking_reset_I/sys_to_40/inst/clk_in1
    L17                  IBUF (Prop_ibuf_I_O)         0.244     0.244 r  astep24_3l_top_I/clocking_reset_I/sys_to_40/inst/clkin1_ibufg/O
                         net (fo=1, routed)           0.440     0.684    astep24_3l_top_I/clocking_reset_I/sys_to_40/inst/clk_in1_clk_sys_to_40
    MMCME2_ADV_X0Y0      MMCME2_ADV (Prop_mmcme2_adv_CLKIN1_CLKOUT0)
                                                     -2.362    -1.678 r  astep24_3l_top_I/clocking_reset_I/sys_to_40/inst/mmcm_adv_inst/CLKOUT0
                         net (fo=1, routed)           0.489    -1.189    astep24_3l_top_I/clocking_reset_I/sys_to_40/inst/clk_out1_clk_sys_to_40
    BUFGCTRL_X0Y10       BUFG (Prop_bufg_I_O)         0.026    -1.163 r  astep24_3l_top_I/clocking_reset_I/sys_to_40/inst/clkout1_buf/O
                         net (fo=34, routed)          0.549    -0.615    astep24_3l_top_I/clocking_reset_I/intern_or_ext_to_internal/inst/clk_in1
    MMCME2_ADV_X1Y0      MMCME2_ADV (Prop_mmcme2_adv_CLKIN1_CLKOUT1)
                                                     -1.061    -1.675 r  astep24_3l_top_I/clocking_reset_I/intern_or_ext_to_internal/inst/mmcm_adv_inst/CLKOUT1
                         net (fo=1, routed)           0.486    -1.189    astep24_3l_top_I/clocking_reset_I/intern_or_ext_to_internal/inst/clk_80_clk_core_extorint_40
    BUFGCTRL_X0Y6        BUFG (Prop_bufg_I_O)         0.026    -1.163 r  astep24_3l_top_I/clocking_reset_I/intern_or_ext_to_internal/inst/clkout2_buf/O
                         net (fo=5282, routed)        0.564    -0.600    astep24_3l_top_I/main_rfg_I/clk_80
    SLICE_X28Y47         FDRE (Prop_fdre_C_Q)         0.141    -0.459 r  astep24_3l_top_I/main_rfg_I/spi_layers_ckdivider_divided_clk_reg/Q
                         net (fo=2, routed)           0.440    -0.019    astep24_3l_top_I_n_27
    BUFGCTRL_X0Y7        BUFG (Prop_bufg_I_O)         0.026     0.007 r  spi_layers_ckdivider_divided_resn_delay_reg[7]_i_1/O
                         net (fo=992, routed)         0.562     0.569    astep24_3l_top_I/switched_readout/genblk1[1].layer_if_I/spi_io/CLK
    SLICE_X44Y53         FDRE (Prop_fdre_C_Q)         0.141     0.710 r  astep24_3l_top_I/switched_readout/genblk1[1].layer_if_I/spi_io/spi_clk_reg_reg/Q
                         net (fo=2, routed)           0.451     1.160    layer_1_spi_clk_OBUF
    BUFGCTRL_X0Y3        BUFG (Prop_bufg_I_O)         0.026     1.186 r  layer_1_spi_clk_OBUF_BUFG_inst/O
                         net (fo=232, routed)         0.563     1.749    astep24_3l_top_I/loopback_spi_layer_1/spi_igress_fifo/inst/gen_fifo.xpm_fifo_axis_inst/xpm_fifo_base_inst/gen_cdc_pntr.rd_pntr_cdc_inst/dest_clk
    SLICE_X53Y57         FDRE                                         r  astep24_3l_top_I/loopback_spi_layer_1/spi_igress_fifo/inst/gen_fifo.xpm_fifo_axis_inst/xpm_fifo_base_inst/gen_cdc_pntr.rd_pntr_cdc_inst/dest_graysync_ff_reg[0][0]/C
  -------------------------------------------------------------------    -------------------
    SLICE_X53Y57         FDRE (Prop_fdre_C_Q)         0.141     1.890 r  astep24_3l_top_I/loopback_spi_layer_1/spi_igress_fifo/inst/gen_fifo.xpm_fifo_axis_inst/xpm_fifo_base_inst/gen_cdc_pntr.rd_pntr_cdc_inst/dest_graysync_ff_reg[0][0]/Q
                         net (fo=1, routed)           0.056     1.946    astep24_3l_top_I/loopback_spi_layer_1/spi_igress_fifo/inst/gen_fifo.xpm_fifo_axis_inst/xpm_fifo_base_inst/gen_cdc_pntr.rd_pntr_cdc_inst/dest_graysync_ff[0][0]
    SLICE_X53Y57         FDRE                                         r  astep24_3l_top_I/loopback_spi_layer_1/spi_igress_fifo/inst/gen_fifo.xpm_fifo_axis_inst/xpm_fifo_base_inst/gen_cdc_pntr.rd_pntr_cdc_inst/dest_graysync_ff_reg[1][0]/D
  -------------------------------------------------------------------    -------------------

                         (clock spi_layer1_clock_internal rise edge)
                                                      0.000     0.000 r  
    L17                                               0.000     0.000 r  sysclk (IN)
                         net (fo=0)                   0.000     0.000    astep24_3l_top_I/clocking_reset_I/sys_to_40/inst/clk_in1
    L17                  IBUF (Prop_ibuf_I_O)         0.432     0.432 r  astep24_3l_top_I/clocking_reset_I/sys_to_40/inst/clkin1_ibufg/O
                         net (fo=1, routed)           0.480     0.912    astep24_3l_top_I/clocking_reset_I/sys_to_40/inst/clk_in1_clk_sys_to_40
    MMCME2_ADV_X0Y0      MMCME2_ADV (Prop_mmcme2_adv_CLKIN1_CLKOUT0)
                                                     -3.145    -2.233 r  astep24_3l_top_I/clocking_reset_I/sys_to_40/inst/mmcm_adv_inst/CLKOUT0
                         net (fo=1, routed)           0.534    -1.700    astep24_3l_top_I/clocking_reset_I/sys_to_40/inst/clk_out1_clk_sys_to_40
    BUFGCTRL_X0Y10       BUFG (Prop_bufg_I_O)         0.029    -1.671 r  astep24_3l_top_I/clocking_reset_I/sys_to_40/inst/clkout1_buf/O
                         net (fo=34, routed)          0.817    -0.854    astep24_3l_top_I/clocking_reset_I/intern_or_ext_to_internal/inst/clk_in1
    MMCME2_ADV_X1Y0      MMCME2_ADV (Prop_mmcme2_adv_CLKIN1_CLKOUT1)
                                                     -1.375    -2.229 r  astep24_3l_top_I/clocking_reset_I/intern_or_ext_to_internal/inst/mmcm_adv_inst/CLKOUT1
                         net (fo=1, routed)           0.530    -1.700    astep24_3l_top_I/clocking_reset_I/intern_or_ext_to_internal/inst/clk_80_clk_core_extorint_40
    BUFGCTRL_X0Y6        BUFG (Prop_bufg_I_O)         0.029    -1.671 r  astep24_3l_top_I/clocking_reset_I/intern_or_ext_to_internal/inst/clkout2_buf/O
                         net (fo=5282, routed)        0.834    -0.837    astep24_3l_top_I/main_rfg_I/clk_80
    SLICE_X28Y47         FDRE (Prop_fdre_C_Q)         0.175    -0.662 r  astep24_3l_top_I/main_rfg_I/spi_layers_ckdivider_divided_clk_reg/Q
                         net (fo=2, routed)           0.500    -0.162    astep24_3l_top_I_n_27
    BUFGCTRL_X0Y7        BUFG (Prop_bufg_I_O)         0.029    -0.133 r  spi_layers_ckdivider_divided_resn_delay_reg[7]_i_1/O
                         net (fo=992, routed)         0.831     0.698    astep24_3l_top_I/switched_readout/genblk1[1].layer_if_I/spi_io/CLK
    SLICE_X44Y53         FDRE (Prop_fdre_C_Q)         0.175     0.873 r  astep24_3l_top_I/switched_readout/genblk1[1].layer_if_I/spi_io/spi_clk_reg_reg/Q
                         net (fo=2, routed)           0.513     1.386    layer_1_spi_clk_OBUF
    BUFGCTRL_X0Y3        BUFG (Prop_bufg_I_O)         0.029     1.415 r  layer_1_spi_clk_OBUF_BUFG_inst/O
                         net (fo=232, routed)         0.833     2.248    astep24_3l_top_I/loopback_spi_layer_1/spi_igress_fifo/inst/gen_fifo.xpm_fifo_axis_inst/xpm_fifo_base_inst/gen_cdc_pntr.rd_pntr_cdc_inst/dest_clk
    SLICE_X53Y57         FDRE                                         r  astep24_3l_top_I/loopback_spi_layer_1/spi_igress_fifo/inst/gen_fifo.xpm_fifo_axis_inst/xpm_fifo_base_inst/gen_cdc_pntr.rd_pntr_cdc_inst/dest_graysync_ff_reg[1][0]/C
                         clock pessimism             -0.499     1.749    
    SLICE_X53Y57         FDRE (Hold_fdre_C_D)         0.075     1.824    astep24_3l_top_I/loopback_spi_layer_1/spi_igress_fifo/inst/gen_fifo.xpm_fifo_axis_inst/xpm_fifo_base_inst/gen_cdc_pntr.rd_pntr_cdc_inst/dest_graysync_ff_reg[1][0]
  -------------------------------------------------------------------
                         required time                         -1.824    
                         arrival time                           1.946    
  -------------------------------------------------------------------
                         slack                                  0.122    





Pulse Width Checks
--------------------------------------------------------------------------------------
Clock Name:         spi_layer1_clock_internal
Waveform(ns):       { 0.000 25.000 }
Period(ns):         50.000
Sources:            { astep24_3l_top_I/switched_readout/genblk1[1].layer_if_I/spi_io/spi_clk_reg_reg/Q }

Check Type        Corner  Lib Pin             Reference Pin  Required(ns)  Actual(ns)  Slack(ns)  Location      Pin
Min Period        n/a     RAMB18E1/CLKBWRCLK  n/a            2.576         50.000      47.424     RAMB18_X1Y26  astep24_3l_top_I/loopback_spi_layer_1/miso_fifo/inst/gen_fifo.xpm_fifo_axis_inst/xpm_fifo_base_inst/gen_sdpram.xpm_memory_base_inst/gen_wr_a.gen_word_narrow.mem_reg/CLKBWRCLK
Low Pulse Width   Slow    FDRE/C              n/a            0.500         25.000      24.500     SLICE_X57Y67  astep24_3l_top_I/loopback_spi_layer_1/miso_fifo/inst/gen_fifo.xpm_fifo_axis_inst/xpm_fifo_base_inst/FSM_sequential_gen_fwft.curr_fwft_state_reg[0]/C
High Pulse Width  Slow    FDRE/C              n/a            0.500         25.000      24.500     SLICE_X57Y67  astep24_3l_top_I/loopback_spi_layer_1/miso_fifo/inst/gen_fifo.xpm_fifo_axis_inst/xpm_fifo_base_inst/FSM_sequential_gen_fwft.curr_fwft_state_reg[0]/C



---------------------------------------------------------------------------------------------------
From Clock:  spi_layer2_clock_internal
  To Clock:  spi_layer2_clock_internal

Setup :            0  Failing Endpoints,  Worst Slack       21.392ns,  Total Violation        0.000ns
Hold  :            0  Failing Endpoints,  Worst Slack        0.108ns,  Total Violation        0.000ns
PW    :            0  Failing Endpoints,  Worst Slack       24.500ns,  Total Violation        0.000ns
---------------------------------------------------------------------------------------------------


Max Delay Paths
--------------------------------------------------------------------------------------
Slack (MET) :             21.392ns  (required time - arrival time)
  Source:                 astep24_3l_top_I/loopback_spi_layer_2/spi_igress/m_axis_tvalid_reg/C
                            (falling edge-triggered cell FDCE clocked by spi_layer2_clock_internal  {rise@0.000ns fall@25.000ns period=50.000ns})
  Destination:            astep24_3l_top_I/loopback_spi_layer_2/spi_igress_fifo/inst/gen_fifo.xpm_fifo_axis_inst/xpm_fifo_base_inst/gen_sdpram.xpm_memory_base_inst/gen_wr_a.gen_word_narrow.mem_reg/ENARDEN
                            (rising edge-triggered cell RAMB18E1 clocked by spi_layer2_clock_internal  {rise@0.000ns fall@25.000ns period=50.000ns})
  Path Group:             spi_layer2_clock_internal
  Path Type:              Setup (Max at Slow Process Corner)
  Requirement:            25.000ns  (spi_layer2_clock_internal rise@50.000ns - spi_layer2_clock_internal fall@25.000ns)
  Data Path Delay:        2.785ns  (logic 0.611ns (21.939%)  route 2.174ns (78.061%))
  Logic Levels:           1  (LUT4=1)
  Clock Path Skew:        -0.063ns (DCD - SCD + CPR)
    Destination Clock Delay (DCD):    4.434ns = ( 54.434 - 50.000 ) 
    Source Clock Delay      (SCD):    5.707ns = ( 30.707 - 25.000 ) 
    Clock Pessimism Removal (CPR):    1.211ns
  Clock Uncertainty:      0.115ns  ((TSJ^2 + DJ^2)^1/2) / 2 + PE
    Total System Jitter     (TSJ):    0.071ns
    Discrete Jitter          (DJ):    0.220ns
    Phase Error              (PE):    0.000ns

    Location             Delay type                Incr(ns)  Path(ns)    Netlist Resource(s)
  -------------------------------------------------------------------    -------------------
                         (clock spi_layer2_clock_internal fall edge)
                                                     25.000    25.000 f  
    L17                                               0.000    25.000 r  sysclk (IN)
                         net (fo=0)                   0.000    25.000    astep24_3l_top_I/clocking_reset_I/sys_to_40/inst/clk_in1
    L17                  IBUF (Prop_ibuf_I_O)         1.476    26.476 r  astep24_3l_top_I/clocking_reset_I/sys_to_40/inst/clkin1_ibufg/O
                         net (fo=1, routed)           1.233    27.709    astep24_3l_top_I/clocking_reset_I/sys_to_40/inst/clk_in1_clk_sys_to_40
    MMCME2_ADV_X0Y0      MMCME2_ADV (Prop_mmcme2_adv_CLKIN1_CLKOUT0)
                                                     -6.965    20.744 r  astep24_3l_top_I/clocking_reset_I/sys_to_40/inst/mmcm_adv_inst/CLKOUT0
                         net (fo=1, routed)           1.666    22.411    astep24_3l_top_I/clocking_reset_I/sys_to_40/inst/clk_out1_clk_sys_to_40
    BUFGCTRL_X0Y10       BUFG (Prop_bufg_I_O)         0.096    22.507 r  astep24_3l_top_I/clocking_reset_I/sys_to_40/inst/clkout1_buf/O
                         net (fo=34, routed)          1.575    24.082    astep24_3l_top_I/clocking_reset_I/intern_or_ext_to_internal/inst/clk_in1
    MMCME2_ADV_X1Y0      MMCME2_ADV (Prop_mmcme2_adv_CLKIN1_CLKOUT1)
                                                     -3.333    20.749 r  astep24_3l_top_I/clocking_reset_I/intern_or_ext_to_internal/inst/mmcm_adv_inst/CLKOUT1
                         net (fo=1, routed)           1.661    22.411    astep24_3l_top_I/clocking_reset_I/intern_or_ext_to_internal/inst/clk_80_clk_core_extorint_40
    BUFGCTRL_X0Y6        BUFG (Prop_bufg_I_O)         0.096    22.507 r  astep24_3l_top_I/clocking_reset_I/intern_or_ext_to_internal/inst/clkout2_buf/O
                         net (fo=5282, routed)        1.567    24.074    astep24_3l_top_I/main_rfg_I/clk_80
    SLICE_X28Y47         FDRE (Prop_fdre_C_Q)         0.456    24.530 r  astep24_3l_top_I/main_rfg_I/spi_layers_ckdivider_divided_clk_reg/Q
                         net (fo=2, routed)           1.123    25.653    astep24_3l_top_I_n_27
    BUFGCTRL_X0Y7        BUFG (Prop_bufg_I_O)         0.096    25.749 r  spi_layers_ckdivider_divided_resn_delay_reg[7]_i_1/O
                         net (fo=992, routed)         1.572    27.321    astep24_3l_top_I/switched_readout/genblk1[2].layer_if_I/spi_io/CLK
    SLICE_X51Y47         FDRE (Prop_fdre_C_Q)         0.456    27.777 f  astep24_3l_top_I/switched_readout/genblk1[2].layer_if_I/spi_io/spi_clk_reg_reg/Q
                         net (fo=2, routed)           1.277    29.054    layer_2_spi_clk_OBUF
    BUFGCTRL_X0Y4        BUFG (Prop_bufg_I_O)         0.096    29.150 f  layer_2_spi_clk_OBUF_BUFG_inst/O
                         net (fo=232, routed)         1.557    30.707    astep24_3l_top_I/loopback_spi_layer_2/spi_igress/m_axis_tvalid_reg_0
    SLICE_X35Y34         FDCE                                         r  astep24_3l_top_I/loopback_spi_layer_2/spi_igress/m_axis_tvalid_reg/C  (IS_INVERTED)
  -------------------------------------------------------------------    -------------------
    SLICE_X35Y34         FDCE (Prop_fdce_C_Q)         0.459    31.166 r  astep24_3l_top_I/loopback_spi_layer_2/spi_igress/m_axis_tvalid_reg/Q
                         net (fo=3, routed)           1.011    32.177    astep24_3l_top_I/loopback_spi_layer_2/spi_igress_fifo/inst/gen_fifo.xpm_fifo_axis_inst/xpm_fifo_base_inst/xpm_fifo_rst_inst/wr_en
    SLICE_X32Y30         LUT4 (Prop_lut4_I3_O)        0.152    32.329 r  astep24_3l_top_I/loopback_spi_layer_2/spi_igress_fifo/inst/gen_fifo.xpm_fifo_axis_inst/xpm_fifo_base_inst/xpm_fifo_rst_inst/gen_sdpram.xpm_memory_base_inst_i_1/O
                         net (fo=29, routed)          1.163    33.492    astep24_3l_top_I/loopback_spi_layer_2/spi_igress_fifo/inst/gen_fifo.xpm_fifo_axis_inst/xpm_fifo_base_inst/gen_sdpram.xpm_memory_base_inst/wea[0]
    RAMB18_X1Y13         RAMB18E1                                     r  astep24_3l_top_I/loopback_spi_layer_2/spi_igress_fifo/inst/gen_fifo.xpm_fifo_axis_inst/xpm_fifo_base_inst/gen_sdpram.xpm_memory_base_inst/gen_wr_a.gen_word_narrow.mem_reg/ENARDEN
  -------------------------------------------------------------------    -------------------

                         (clock spi_layer2_clock_internal rise edge)
                                                     50.000    50.000 r  
    L17                                               0.000    50.000 r  sysclk (IN)
                         net (fo=0)                   0.000    50.000    astep24_3l_top_I/clocking_reset_I/sys_to_40/inst/clk_in1
    L17                  IBUF (Prop_ibuf_I_O)         1.406    51.405 r  astep24_3l_top_I/clocking_reset_I/sys_to_40/inst/clkin1_ibufg/O
                         net (fo=1, routed)           1.162    52.567    astep24_3l_top_I/clocking_reset_I/sys_to_40/inst/clk_in1_clk_sys_to_40
    MMCME2_ADV_X0Y0      MMCME2_ADV (Prop_mmcme2_adv_CLKIN1_CLKOUT0)
                                                     -7.221    45.346 r  astep24_3l_top_I/clocking_reset_I/sys_to_40/inst/mmcm_adv_inst/CLKOUT0
                         net (fo=1, routed)           1.587    46.933    astep24_3l_top_I/clocking_reset_I/sys_to_40/inst/clk_out1_clk_sys_to_40
    BUFGCTRL_X0Y10       BUFG (Prop_bufg_I_O)         0.091    47.024 r  astep24_3l_top_I/clocking_reset_I/sys_to_40/inst/clkout1_buf/O
                         net (fo=34, routed)          1.457    48.481    astep24_3l_top_I/clocking_reset_I/intern_or_ext_to_internal/inst/clk_in1
    MMCME2_ADV_X1Y0      MMCME2_ADV (Prop_mmcme2_adv_CLKIN1_CLKOUT1)
                                                     -3.129    45.352 r  astep24_3l_top_I/clocking_reset_I/intern_or_ext_to_internal/inst/mmcm_adv_inst/CLKOUT1
                         net (fo=1, routed)           1.581    46.933    astep24_3l_top_I/clocking_reset_I/intern_or_ext_to_internal/inst/clk_80_clk_core_extorint_40
    BUFGCTRL_X0Y6        BUFG (Prop_bufg_I_O)         0.091    47.024 r  astep24_3l_top_I/clocking_reset_I/intern_or_ext_to_internal/inst/clkout2_buf/O
                         net (fo=5282, routed)        1.448    48.472    astep24_3l_top_I/main_rfg_I/clk_80
    SLICE_X28Y47         FDRE (Prop_fdre_C_Q)         0.367    48.839 r  astep24_3l_top_I/main_rfg_I/spi_layers_ckdivider_divided_clk_reg/Q
                         net (fo=2, routed)           0.981    49.820    astep24_3l_top_I_n_27
    BUFGCTRL_X0Y7        BUFG (Prop_bufg_I_O)         0.091    49.911 r  spi_layers_ckdivider_divided_resn_delay_reg[7]_i_1/O
                         net (fo=992, routed)         1.453    51.364    astep24_3l_top_I/switched_readout/genblk1[2].layer_if_I/spi_io/CLK
    SLICE_X51Y47         FDRE (Prop_fdre_C_Q)         0.367    51.731 r  astep24_3l_top_I/switched_readout/genblk1[2].layer_if_I/spi_io/spi_clk_reg_reg/Q
                         net (fo=2, routed)           1.125    52.856    layer_2_spi_clk_OBUF
    BUFGCTRL_X0Y4        BUFG (Prop_bufg_I_O)         0.091    52.947 r  layer_2_spi_clk_OBUF_BUFG_inst/O
                         net (fo=232, routed)         1.487    54.434    astep24_3l_top_I/loopback_spi_layer_2/spi_igress_fifo/inst/gen_fifo.xpm_fifo_axis_inst/xpm_fifo_base_inst/gen_sdpram.xpm_memory_base_inst/clka
    RAMB18_X1Y13         RAMB18E1                                     r  astep24_3l_top_I/loopback_spi_layer_2/spi_igress_fifo/inst/gen_fifo.xpm_fifo_axis_inst/xpm_fifo_base_inst/gen_sdpram.xpm_memory_base_inst/gen_wr_a.gen_word_narrow.mem_reg/CLKARDCLK
                         clock pessimism              1.211    55.645    
                         clock uncertainty           -0.115    55.529    
    RAMB18_X1Y13         RAMB18E1 (Setup_ramb18e1_CLKARDCLK_ENARDEN)
                                                     -0.645    54.884    astep24_3l_top_I/loopback_spi_layer_2/spi_igress_fifo/inst/gen_fifo.xpm_fifo_axis_inst/xpm_fifo_base_inst/gen_sdpram.xpm_memory_base_inst/gen_wr_a.gen_word_narrow.mem_reg
  -------------------------------------------------------------------
                         required time                         54.884    
                         arrival time                         -33.492    
  -------------------------------------------------------------------
                         slack                                 21.392    





Min Delay Paths
--------------------------------------------------------------------------------------
Slack (MET) :             0.108ns  (arrival time - required time)
  Source:                 astep24_3l_top_I/loopback_spi_layer_2/spi_igress_fifo/inst/gen_fifo.xpm_fifo_axis_inst/xpm_fifo_base_inst/wrp_inst/count_value_i_reg[6]/C
                            (rising edge-triggered cell FDRE clocked by spi_layer2_clock_internal  {rise@0.000ns fall@25.000ns period=50.000ns})
  Destination:            astep24_3l_top_I/loopback_spi_layer_2/spi_igress_fifo/inst/gen_fifo.xpm_fifo_axis_inst/xpm_fifo_base_inst/gen_sdpram.xpm_memory_base_inst/gen_wr_a.gen_word_narrow.mem_reg/ADDRARDADDR[10]
                            (rising edge-triggered cell RAMB18E1 clocked by spi_layer2_clock_internal  {rise@0.000ns fall@25.000ns period=50.000ns})
  Path Group:             spi_layer2_clock_internal
  Path Type:              Hold (Min at Fast Process Corner)
  Requirement:            0.000ns  (spi_layer2_clock_internal rise@0.000ns - spi_layer2_clock_internal rise@0.000ns)
  Data Path Delay:        0.604ns  (logic 0.164ns (27.160%)  route 0.440ns (72.840%))
  Logic Levels:           0  
  Clock Path Skew:        0.312ns (DCD - SCD - CPR)
    Destination Clock Delay (DCD):    2.391ns
    Source Clock Delay      (SCD):    1.842ns
    Clock Pessimism Removal (CPR):    0.237ns

    Location             Delay type                Incr(ns)  Path(ns)    Netlist Resource(s)
  -------------------------------------------------------------------    -------------------
                         (clock spi_layer2_clock_internal rise edge)
                                                      0.000     0.000 r  
    L17                                               0.000     0.000 r  sysclk (IN)
                         net (fo=0)                   0.000     0.000    astep24_3l_top_I/clocking_reset_I/sys_to_40/inst/clk_in1
    L17                  IBUF (Prop_ibuf_I_O)         0.244     0.244 r  astep24_3l_top_I/clocking_reset_I/sys_to_40/inst/clkin1_ibufg/O
                         net (fo=1, routed)           0.440     0.684    astep24_3l_top_I/clocking_reset_I/sys_to_40/inst/clk_in1_clk_sys_to_40
    MMCME2_ADV_X0Y0      MMCME2_ADV (Prop_mmcme2_adv_CLKIN1_CLKOUT0)
                                                     -2.362    -1.678 r  astep24_3l_top_I/clocking_reset_I/sys_to_40/inst/mmcm_adv_inst/CLKOUT0
                         net (fo=1, routed)           0.489    -1.189    astep24_3l_top_I/clocking_reset_I/sys_to_40/inst/clk_out1_clk_sys_to_40
    BUFGCTRL_X0Y10       BUFG (Prop_bufg_I_O)         0.026    -1.163 r  astep24_3l_top_I/clocking_reset_I/sys_to_40/inst/clkout1_buf/O
                         net (fo=34, routed)          0.549    -0.615    astep24_3l_top_I/clocking_reset_I/intern_or_ext_to_internal/inst/clk_in1
    MMCME2_ADV_X1Y0      MMCME2_ADV (Prop_mmcme2_adv_CLKIN1_CLKOUT1)
                                                     -1.061    -1.675 r  astep24_3l_top_I/clocking_reset_I/intern_or_ext_to_internal/inst/mmcm_adv_inst/CLKOUT1
                         net (fo=1, routed)           0.486    -1.189    astep24_3l_top_I/clocking_reset_I/intern_or_ext_to_internal/inst/clk_80_clk_core_extorint_40
    BUFGCTRL_X0Y6        BUFG (Prop_bufg_I_O)         0.026    -1.163 r  astep24_3l_top_I/clocking_reset_I/intern_or_ext_to_internal/inst/clkout2_buf/O
                         net (fo=5282, routed)        0.564    -0.600    astep24_3l_top_I/main_rfg_I/clk_80
    SLICE_X28Y47         FDRE (Prop_fdre_C_Q)         0.141    -0.459 r  astep24_3l_top_I/main_rfg_I/spi_layers_ckdivider_divided_clk_reg/Q
                         net (fo=2, routed)           0.440    -0.019    astep24_3l_top_I_n_27
    BUFGCTRL_X0Y7        BUFG (Prop_bufg_I_O)         0.026     0.007 r  spi_layers_ckdivider_divided_resn_delay_reg[7]_i_1/O
                         net (fo=992, routed)         0.567     0.574    astep24_3l_top_I/switched_readout/genblk1[2].layer_if_I/spi_io/CLK
    SLICE_X51Y47         FDRE (Prop_fdre_C_Q)         0.141     0.715 r  astep24_3l_top_I/switched_readout/genblk1[2].layer_if_I/spi_io/spi_clk_reg_reg/Q
                         net (fo=2, routed)           0.548     1.262    layer_2_spi_clk_OBUF
    BUFGCTRL_X0Y4        BUFG (Prop_bufg_I_O)         0.026     1.288 r  layer_2_spi_clk_OBUF_BUFG_inst/O
                         net (fo=232, routed)         0.554     1.842    astep24_3l_top_I/loopback_spi_layer_2/spi_igress_fifo/inst/gen_fifo.xpm_fifo_axis_inst/xpm_fifo_base_inst/wrp_inst/wr_clk
    SLICE_X34Y30         FDRE                                         r  astep24_3l_top_I/loopback_spi_layer_2/spi_igress_fifo/inst/gen_fifo.xpm_fifo_axis_inst/xpm_fifo_base_inst/wrp_inst/count_value_i_reg[6]/C
  -------------------------------------------------------------------    -------------------
    SLICE_X34Y30         FDRE (Prop_fdre_C_Q)         0.164     2.006 r  astep24_3l_top_I/loopback_spi_layer_2/spi_igress_fifo/inst/gen_fifo.xpm_fifo_axis_inst/xpm_fifo_base_inst/wrp_inst/count_value_i_reg[6]/Q
                         net (fo=9, routed)           0.440     2.446    astep24_3l_top_I/loopback_spi_layer_2/spi_igress_fifo/inst/gen_fifo.xpm_fifo_axis_inst/xpm_fifo_base_inst/gen_sdpram.xpm_memory_base_inst/addra[6]
    RAMB18_X1Y13         RAMB18E1                                     r  astep24_3l_top_I/loopback_spi_layer_2/spi_igress_fifo/inst/gen_fifo.xpm_fifo_axis_inst/xpm_fifo_base_inst/gen_sdpram.xpm_memory_base_inst/gen_wr_a.gen_word_narrow.mem_reg/ADDRARDADDR[10]
  -------------------------------------------------------------------    -------------------

                         (clock spi_layer2_clock_internal rise edge)
                                                      0.000     0.000 r  
    L17                                               0.000     0.000 r  sysclk (IN)
                         net (fo=0)                   0.000     0.000    astep24_3l_top_I/clocking_reset_I/sys_to_40/inst/clk_in1
    L17                  IBUF (Prop_ibuf_I_O)         0.432     0.432 r  astep24_3l_top_I/clocking_reset_I/sys_to_40/inst/clkin1_ibufg/O
                         net (fo=1, routed)           0.480     0.912    astep24_3l_top_I/clocking_reset_I/sys_to_40/inst/clk_in1_clk_sys_to_40
    MMCME2_ADV_X0Y0      MMCME2_ADV (Prop_mmcme2_adv_CLKIN1_CLKOUT0)
                                                     -3.145    -2.233 r  astep24_3l_top_I/clocking_reset_I/sys_to_40/inst/mmcm_adv_inst/CLKOUT0
                         net (fo=1, routed)           0.534    -1.700    astep24_3l_top_I/clocking_reset_I/sys_to_40/inst/clk_out1_clk_sys_to_40
    BUFGCTRL_X0Y10       BUFG (Prop_bufg_I_O)         0.029    -1.671 r  astep24_3l_top_I/clocking_reset_I/sys_to_40/inst/clkout1_buf/O
                         net (fo=34, routed)          0.817    -0.854    astep24_3l_top_I/clocking_reset_I/intern_or_ext_to_internal/inst/clk_in1
    MMCME2_ADV_X1Y0      MMCME2_ADV (Prop_mmcme2_adv_CLKIN1_CLKOUT1)
                                                     -1.375    -2.229 r  astep24_3l_top_I/clocking_reset_I/intern_or_ext_to_internal/inst/mmcm_adv_inst/CLKOUT1
                         net (fo=1, routed)           0.530    -1.700    astep24_3l_top_I/clocking_reset_I/intern_or_ext_to_internal/inst/clk_80_clk_core_extorint_40
    BUFGCTRL_X0Y6        BUFG (Prop_bufg_I_O)         0.029    -1.671 r  astep24_3l_top_I/clocking_reset_I/intern_or_ext_to_internal/inst/clkout2_buf/O
                         net (fo=5282, routed)        0.834    -0.837    astep24_3l_top_I/main_rfg_I/clk_80
    SLICE_X28Y47         FDRE (Prop_fdre_C_Q)         0.175    -0.662 r  astep24_3l_top_I/main_rfg_I/spi_layers_ckdivider_divided_clk_reg/Q
                         net (fo=2, routed)           0.500    -0.162    astep24_3l_top_I_n_27
    BUFGCTRL_X0Y7        BUFG (Prop_bufg_I_O)         0.029    -0.133 r  spi_layers_ckdivider_divided_resn_delay_reg[7]_i_1/O
                         net (fo=992, routed)         0.838     0.704    astep24_3l_top_I/switched_readout/genblk1[2].layer_if_I/spi_io/CLK
    SLICE_X51Y47         FDRE (Prop_fdre_C_Q)         0.175     0.879 r  astep24_3l_top_I/switched_readout/genblk1[2].layer_if_I/spi_io/spi_clk_reg_reg/Q
                         net (fo=2, routed)           0.612     1.491    layer_2_spi_clk_OBUF
    BUFGCTRL_X0Y4        BUFG (Prop_bufg_I_O)         0.029     1.520 r  layer_2_spi_clk_OBUF_BUFG_inst/O
                         net (fo=232, routed)         0.871     2.391    astep24_3l_top_I/loopback_spi_layer_2/spi_igress_fifo/inst/gen_fifo.xpm_fifo_axis_inst/xpm_fifo_base_inst/gen_sdpram.xpm_memory_base_inst/clka
    RAMB18_X1Y13         RAMB18E1                                     r  astep24_3l_top_I/loopback_spi_layer_2/spi_igress_fifo/inst/gen_fifo.xpm_fifo_axis_inst/xpm_fifo_base_inst/gen_sdpram.xpm_memory_base_inst/gen_wr_a.gen_word_narrow.mem_reg/CLKARDCLK
                         clock pessimism             -0.237     2.154    
    RAMB18_X1Y13         RAMB18E1 (Hold_ramb18e1_CLKARDCLK_ADDRARDADDR[10])
                                                      0.183     2.337    astep24_3l_top_I/loopback_spi_layer_2/spi_igress_fifo/inst/gen_fifo.xpm_fifo_axis_inst/xpm_fifo_base_inst/gen_sdpram.xpm_memory_base_inst/gen_wr_a.gen_word_narrow.mem_reg
  -------------------------------------------------------------------
                         required time                         -2.337    
                         arrival time                           2.446    
  -------------------------------------------------------------------
                         slack                                  0.108    





Pulse Width Checks
--------------------------------------------------------------------------------------
Clock Name:         spi_layer2_clock_internal
Waveform(ns):       { 0.000 25.000 }
Period(ns):         50.000
Sources:            { astep24_3l_top_I/switched_readout/genblk1[2].layer_if_I/spi_io/spi_clk_reg_reg/Q }

Check Type        Corner  Lib Pin             Reference Pin  Required(ns)  Actual(ns)  Slack(ns)  Location      Pin
Min Period        n/a     RAMB18E1/CLKBWRCLK  n/a            2.576         50.000      47.424     RAMB18_X1Y32  astep24_3l_top_I/loopback_spi_layer_2/miso_fifo/inst/gen_fifo.xpm_fifo_axis_inst/xpm_fifo_base_inst/gen_sdpram.xpm_memory_base_inst/gen_wr_a.gen_word_narrow.mem_reg/CLKBWRCLK
Low Pulse Width   Slow    FDRE/C              n/a            0.500         25.000      24.500     SLICE_X50Y84  astep24_3l_top_I/loopback_spi_layer_2/miso_fifo/inst/gen_fifo.xpm_fifo_axis_inst/xpm_fifo_base_inst/FSM_sequential_gen_fwft.curr_fwft_state_reg[0]/C
High Pulse Width  Slow    FDRE/C              n/a            0.500         25.000      24.500     SLICE_X50Y84  astep24_3l_top_I/loopback_spi_layer_2/miso_fifo/inst/gen_fifo.xpm_fifo_axis_inst/xpm_fifo_base_inst/FSM_sequential_gen_fwft.curr_fwft_state_reg[0]/C



---------------------------------------------------------------------------------------------------
From Clock:  clkfbout_clk_core_extorint_40
  To Clock:  clkfbout_clk_core_extorint_40

Setup :           NA  Failing Endpoints,  Worst Slack           NA  ,  Total Violation           NA
Hold  :           NA  Failing Endpoints,  Worst Slack           NA  ,  Total Violation           NA
PW    :            0  Failing Endpoints,  Worst Slack       22.845ns,  Total Violation        0.000ns
---------------------------------------------------------------------------------------------------


Pulse Width Checks
--------------------------------------------------------------------------------------
Clock Name:         clkfbout_clk_core_extorint_40
Waveform(ns):       { 0.000 12.500 }
Period(ns):         25.000
Sources:            { astep24_3l_top_I/clocking_reset_I/intern_or_ext_to_internal/inst/mmcm_adv_inst/CLKFBOUT }

Check Type  Corner  Lib Pin             Reference Pin  Required(ns)  Actual(ns)  Slack(ns)  Location         Pin
Min Period  n/a     BUFG/I              n/a            2.155         25.000      22.845     BUFGCTRL_X0Y13   astep24_3l_top_I/clocking_reset_I/intern_or_ext_to_internal/inst/clkf_buf/I
Max Period  n/a     MMCME2_ADV/CLKFBIN  n/a            100.000       25.000      75.000     MMCME2_ADV_X1Y0  astep24_3l_top_I/clocking_reset_I/intern_or_ext_to_internal/inst/mmcm_adv_inst/CLKFBIN



---------------------------------------------------------------------------------------------------
From Clock:  clkfbout_clk_sys_to_40
  To Clock:  clkfbout_clk_sys_to_40

Setup :           NA  Failing Endpoints,  Worst Slack           NA  ,  Total Violation           NA
Hold  :           NA  Failing Endpoints,  Worst Slack           NA  ,  Total Violation           NA
PW    :            0  Failing Endpoints,  Worst Slack       16.667ns,  Total Violation        0.000ns
---------------------------------------------------------------------------------------------------


Pulse Width Checks
--------------------------------------------------------------------------------------
Clock Name:         clkfbout_clk_sys_to_40
Waveform(ns):       { 0.000 41.667 }
Period(ns):         83.333
Sources:            { astep24_3l_top_I/clocking_reset_I/sys_to_40/inst/mmcm_adv_inst/CLKFBOUT }

Check Type  Corner  Lib Pin             Reference Pin  Required(ns)  Actual(ns)  Slack(ns)  Location         Pin
Min Period  n/a     BUFG/I              n/a            2.155         83.333      81.178     BUFGCTRL_X0Y15   astep24_3l_top_I/clocking_reset_I/sys_to_40/inst/clkf_buf/I
Max Period  n/a     MMCME2_ADV/CLKFBIN  n/a            100.000       83.333      16.667     MMCME2_ADV_X0Y0  astep24_3l_top_I/clocking_reset_I/sys_to_40/inst/mmcm_adv_inst/CLKFBIN



---------------------------------------------------------------------------------------------------
From Clock:  clk_80_clk_core_extorint_40_1
  To Clock:  clk_10_clk_core_extorint_40_1

Setup :            0  Failing Endpoints,  Worst Slack        6.992ns,  Total Violation        0.000ns
Hold  :            0  Failing Endpoints,  Worst Slack        0.528ns,  Total Violation        0.000ns
---------------------------------------------------------------------------------------------------


Max Delay Paths
--------------------------------------------------------------------------------------
Slack (MET) :             6.992ns  (required time - arrival time)
  Source:                 astep24_3l_top_I/main_rfg_I/chip_version_reg_reg[7]/C
                            (rising edge-triggered cell FDRE clocked by clk_80_clk_core_extorint_40_1  {rise@0.000ns fall@6.250ns period=12.500ns})
  Destination:            timestamp_clk_mux/S0
                            (falling edge-triggered cell BUFGCTRL clocked by clk_10_clk_core_extorint_40_1  {rise@0.000ns fall@50.000ns period=100.000ns})
  Path Group:             clk_10_clk_core_extorint_40_1
  Path Type:              Setup (Max at Slow Process Corner)
  Requirement:            12.500ns  (clk_10_clk_core_extorint_40_1 fall@50.000ns - clk_80_clk_core_extorint_40_1 rise@37.500ns)
  Data Path Delay:        3.369ns  (logic 1.020ns (30.273%)  route 2.349ns (69.727%))
  Logic Levels:           2  (LUT4=1 LUT5=1)
  Clock Path Skew:        -1.502ns (DCD - SCD + CPR)
    Destination Clock Delay (DCD):    3.429ns = ( 53.429 - 50.000 ) 
    Source Clock Delay      (SCD):    5.189ns = ( 42.689 - 37.500 ) 
    Clock Pessimism Removal (CPR):    0.257ns
  Clock Uncertainty:      0.273ns  ((TSJ^2 + DJ^2)^1/2) / 2 + PE
    Total System Jitter     (TSJ):    0.071ns
    Discrete Jitter          (DJ):    0.299ns
    Phase Error              (PE):    0.120ns

    Location             Delay type                Incr(ns)  Path(ns)    Netlist Resource(s)
  -------------------------------------------------------------------    -------------------
                         (clock clk_80_clk_core_extorint_40_1 rise edge)
                                                     37.500    37.500 r  
    G17                                               0.000    37.500 r  clk_ext (IN)
                         net (fo=0)                   0.000    37.500    clk_ext
    G17                  IBUF (Prop_ibuf_I_O)         1.474    38.974 r  clk_ext_IBUF_inst/O
                         net (fo=1, routed)           2.069    41.043    clk_ext_IBUF
    BUFGCTRL_X0Y11       BUFG (Prop_bufg_I_O)         0.096    41.139 r  clk_ext_IBUF_BUFG_inst/O
                         net (fo=16, routed)          1.575    42.714    astep24_3l_top_I/clocking_reset_I/intern_or_ext_to_internal/inst/clk_in2
    MMCME2_ADV_X1Y0      MMCME2_ADV (Prop_mmcme2_adv_CLKIN2_CLKOUT1)
                                                     -3.333    39.381 r  astep24_3l_top_I/clocking_reset_I/intern_or_ext_to_internal/inst/mmcm_adv_inst/CLKOUT1
                         net (fo=1, routed)           1.661    41.043    astep24_3l_top_I/clocking_reset_I/intern_or_ext_to_internal/inst/clk_80_clk_core_extorint_40
    BUFGCTRL_X0Y6        BUFG (Prop_bufg_I_O)         0.096    41.139 r  astep24_3l_top_I/clocking_reset_I/intern_or_ext_to_internal/inst/clkout2_buf/O
                         net (fo=5282, routed)        1.550    42.689    astep24_3l_top_I/main_rfg_I/clk_80
    SLICE_X34Y59         FDRE                                         r  astep24_3l_top_I/main_rfg_I/chip_version_reg_reg[7]/C
  -------------------------------------------------------------------    -------------------
    SLICE_X34Y59         FDRE (Prop_fdre_C_Q)         0.518    43.207 f  astep24_3l_top_I/main_rfg_I/chip_version_reg_reg[7]/Q
                         net (fo=3, routed)           0.880    44.087    astep24_3l_top_I/main_rfg_I/chip_version[7]
    SLICE_X34Y54         LUT5 (Prop_lut5_I2_O)        0.148    44.235 f  astep24_3l_top_I/main_rfg_I/timestamp_clk_mux_i_3/O
                         net (fo=3, routed)           0.843    45.078    astep24_3l_top_I/main_rfg_I/timestamp_clk_mux_i_3_n_0
    SLICE_X34Y53         LUT4 (Prop_lut4_I0_O)        0.354    45.432 r  astep24_3l_top_I/main_rfg_I/timestamp_clk_mux_i_1/O
                         net (fo=1, routed)           0.627    46.058    S00
    BUFGCTRL_X0Y1        BUFGCTRL                                     r  timestamp_clk_mux/S0
  -------------------------------------------------------------------    -------------------

                         (clock clk_10_clk_core_extorint_40_1 fall edge)
                                                     50.000    50.000 f  
    G17                                               0.000    50.000 f  clk_ext (IN)
                         net (fo=0)                   0.000    50.000    clk_ext
    G17                  IBUF (Prop_ibuf_I_O)         1.404    51.404 f  clk_ext_IBUF_inst/O
                         net (fo=1, routed)           1.802    53.205    clk_ext_IBUF
    BUFGCTRL_X0Y11       BUFG (Prop_bufg_I_O)         0.091    53.296 f  clk_ext_IBUF_BUFG_inst/O
                         net (fo=16, routed)          1.457    54.754    astep24_3l_top_I/clocking_reset_I/intern_or_ext_to_internal/inst/clk_in2
    MMCME2_ADV_X1Y0      MMCME2_ADV (Prop_mmcme2_adv_CLKIN2_CLKOUT2)
                                                     -3.129    51.624 f  astep24_3l_top_I/clocking_reset_I/intern_or_ext_to_internal/inst/mmcm_adv_inst/CLKOUT2
                         net (fo=1, routed)           1.581    53.205    astep24_3l_top_I/clocking_reset_I/intern_or_ext_to_internal/inst/clk_10_clk_core_extorint_40
    BUFGCTRL_X0Y0        BUFG (Prop_bufg_I_O)         0.091    53.296 f  astep24_3l_top_I/clocking_reset_I/intern_or_ext_to_internal/inst/clkout3_buf/O
                         net (fo=1, routed)           0.133    53.429    timestamp_clk_internal_ap3
    BUFGCTRL_X0Y1        BUFGCTRL                                     f  timestamp_clk_mux/I0
                         clock pessimism              0.257    53.687    
                         clock uncertainty           -0.273    53.413    
    BUFGCTRL_X0Y1        BUFGCTRL (Setup_bufgctrl_I0_S0)
                                                     -0.363    53.050    timestamp_clk_mux
  -------------------------------------------------------------------
                         required time                         53.050    
                         arrival time                         -46.058    
  -------------------------------------------------------------------
                         slack                                  6.992    





Min Delay Paths
--------------------------------------------------------------------------------------
Slack (MET) :             0.528ns  (arrival time - required time)
  Source:                 astep24_3l_top_I/main_rfg_I/clock_ctrl_reg_reg[4]/C
                            (rising edge-triggered cell FDRE clocked by clk_80_clk_core_extorint_40_1  {rise@0.000ns fall@6.250ns period=12.500ns})
  Destination:            timestamp_clk_mux/CE0
                            (rising edge-triggered cell BUFGCTRL clocked by clk_10_clk_core_extorint_40_1  {rise@0.000ns fall@50.000ns period=100.000ns})
  Path Group:             clk_10_clk_core_extorint_40_1
  Path Type:              Hold (Min at Fast Process Corner)
  Requirement:            0.000ns  (clk_10_clk_core_extorint_40_1 rise@0.000ns - clk_80_clk_core_extorint_40_1 rise@0.000ns)
  Data Path Delay:        0.480ns  (logic 0.141ns (29.404%)  route 0.339ns (70.596%))
  Logic Levels:           0  
  Clock Path Skew:        -0.481ns (DCD - SCD - CPR)
    Destination Clock Delay (DCD):    1.501ns
    Source Clock Delay      (SCD):    1.712ns
    Clock Pessimism Removal (CPR):    0.269ns
  Clock Uncertainty:      0.273ns  ((TSJ^2 + DJ^2)^1/2) / 2 + PE
    Total System Jitter     (TSJ):    0.071ns
    Discrete Jitter          (DJ):    0.299ns
    Phase Error              (PE):    0.120ns

    Location             Delay type                Incr(ns)  Path(ns)    Netlist Resource(s)
  -------------------------------------------------------------------    -------------------
                         (clock clk_80_clk_core_extorint_40_1 rise edge)
                                                      0.000     0.000 r  
    G17                                               0.000     0.000 r  clk_ext (IN)
                         net (fo=0)                   0.000     0.000    clk_ext
    G17                  IBUF (Prop_ibuf_I_O)         0.242     0.242 r  clk_ext_IBUF_inst/O
                         net (fo=1, routed)           0.884     1.126    clk_ext_IBUF
    BUFGCTRL_X0Y11       BUFG (Prop_bufg_I_O)         0.026     1.152 r  clk_ext_IBUF_BUFG_inst/O
                         net (fo=16, routed)          0.549     1.700    astep24_3l_top_I/clocking_reset_I/intern_or_ext_to_internal/inst/clk_in2
    MMCME2_ADV_X1Y0      MMCME2_ADV (Prop_mmcme2_adv_CLKIN2_CLKOUT1)
                                                     -1.061     0.640 r  astep24_3l_top_I/clocking_reset_I/intern_or_ext_to_internal/inst/mmcm_adv_inst/CLKOUT1
                         net (fo=1, routed)           0.486     1.126    astep24_3l_top_I/clocking_reset_I/intern_or_ext_to_internal/inst/clk_80_clk_core_extorint_40
    BUFGCTRL_X0Y6        BUFG (Prop_bufg_I_O)         0.026     1.152 r  astep24_3l_top_I/clocking_reset_I/intern_or_ext_to_internal/inst/clkout2_buf/O
                         net (fo=5282, routed)        0.561     1.712    astep24_3l_top_I/main_rfg_I/clk_80
    SLICE_X36Y55         FDRE                                         r  astep24_3l_top_I/main_rfg_I/clock_ctrl_reg_reg[4]/C
  -------------------------------------------------------------------    -------------------
    SLICE_X36Y55         FDRE (Prop_fdre_C_Q)         0.141     1.853 r  astep24_3l_top_I/main_rfg_I/clock_ctrl_reg_reg[4]/Q
                         net (fo=3, routed)           0.339     2.192    io_ctrl_timestamp_clock_enable
    BUFGCTRL_X0Y1        BUFGCTRL                                     r  timestamp_clk_mux/CE0
  -------------------------------------------------------------------    -------------------

                         (clock clk_10_clk_core_extorint_40_1 rise edge)
                                                      0.000     0.000 r  
    G17                                               0.000     0.000 r  clk_ext (IN)
                         net (fo=0)                   0.000     0.000    clk_ext
    G17                  IBUF (Prop_ibuf_I_O)         0.430     0.430 r  clk_ext_IBUF_inst/O
                         net (fo=1, routed)           1.009     1.439    clk_ext_IBUF
    BUFGCTRL_X0Y11       BUFG (Prop_bufg_I_O)         0.029     1.468 r  clk_ext_IBUF_BUFG_inst/O
                         net (fo=16, routed)          0.817     2.284    astep24_3l_top_I/clocking_reset_I/intern_or_ext_to_internal/inst/clk_in2
    MMCME2_ADV_X1Y0      MMCME2_ADV (Prop_mmcme2_adv_CLKIN2_CLKOUT2)
                                                     -1.375     0.909 r  astep24_3l_top_I/clocking_reset_I/intern_or_ext_to_internal/inst/mmcm_adv_inst/CLKOUT2
                         net (fo=1, routed)           0.530     1.439    astep24_3l_top_I/clocking_reset_I/intern_or_ext_to_internal/inst/clk_10_clk_core_extorint_40
    BUFGCTRL_X0Y0        BUFG (Prop_bufg_I_O)         0.029     1.468 r  astep24_3l_top_I/clocking_reset_I/intern_or_ext_to_internal/inst/clkout3_buf/O
                         net (fo=1, routed)           0.033     1.501    timestamp_clk_internal_ap3
    BUFGCTRL_X0Y1        BUFGCTRL                                     r  timestamp_clk_mux/I0
                         clock pessimism             -0.269     1.231    
                         clock uncertainty            0.273     1.505    
    BUFGCTRL_X0Y1        BUFGCTRL (Hold_bufgctrl_I0_CE0)
                                                      0.159     1.664    timestamp_clk_mux
  -------------------------------------------------------------------
                         required time                         -1.664    
                         arrival time                           2.192    
  -------------------------------------------------------------------
                         slack                                  0.528    





---------------------------------------------------------------------------------------------------
From Clock:  sw_spi_clk
  To Clock:  clk_80_clk_core_extorint_40_1

Setup :            0  Failing Endpoints,  Worst Slack       28.613ns,  Total Violation        0.000ns
Hold  :           NA  Failing Endpoints,  Worst Slack           NA  ,  Total Violation           NA
---------------------------------------------------------------------------------------------------


Max Delay Paths
--------------------------------------------------------------------------------------
Slack (MET) :             28.613ns  (required time - arrival time)
  Source:                 astep24_3l_top_I/sw_if/spi_igress_fifo/inst/gen_fifo.xpm_fifo_axis_inst/xpm_fifo_base_inst/gen_cdc_pntr.wr_pntr_cdc_inst/src_gray_ff_reg[1]/C
                            (rising edge-triggered cell FDRE clocked by sw_spi_clk  {rise@0.000ns fall@15.000ns period=30.000ns})
  Destination:            astep24_3l_top_I/sw_if/spi_igress_fifo/inst/gen_fifo.xpm_fifo_axis_inst/xpm_fifo_base_inst/gen_cdc_pntr.wr_pntr_cdc_inst/dest_graysync_ff_reg[0][1]/D
                            (rising edge-triggered cell FDRE clocked by clk_80_clk_core_extorint_40_1  {rise@0.000ns fall@6.250ns period=12.500ns})
  Path Group:             clk_80_clk_core_extorint_40_1
  Path Type:              Setup (Max at Slow Process Corner)
  Requirement:            30.000ns  (MaxDelay Path 30.000ns)
  Data Path Delay:        1.169ns  (logic 0.419ns (35.851%)  route 0.750ns (64.149%))
  Logic Levels:           0  
  Timing Exception:       MaxDelay Path 30.000ns -datapath_only

    Location             Delay type                Incr(ns)  Path(ns)    Netlist Resource(s)
  -------------------------------------------------------------------    -------------------
    SLICE_X51Y12                                      0.000     0.000 r  astep24_3l_top_I/sw_if/spi_igress_fifo/inst/gen_fifo.xpm_fifo_axis_inst/xpm_fifo_base_inst/gen_cdc_pntr.wr_pntr_cdc_inst/src_gray_ff_reg[1]/C
    SLICE_X51Y12         FDRE (Prop_fdre_C_Q)         0.419     0.419 r  astep24_3l_top_I/sw_if/spi_igress_fifo/inst/gen_fifo.xpm_fifo_axis_inst/xpm_fifo_base_inst/gen_cdc_pntr.wr_pntr_cdc_inst/src_gray_ff_reg[1]/Q
                         net (fo=1, routed)           0.750     1.169    astep24_3l_top_I/sw_if/spi_igress_fifo/inst/gen_fifo.xpm_fifo_axis_inst/xpm_fifo_base_inst/gen_cdc_pntr.wr_pntr_cdc_inst/async_path[1]
    SLICE_X50Y12         FDRE                                         r  astep24_3l_top_I/sw_if/spi_igress_fifo/inst/gen_fifo.xpm_fifo_axis_inst/xpm_fifo_base_inst/gen_cdc_pntr.wr_pntr_cdc_inst/dest_graysync_ff_reg[0][1]/D
  -------------------------------------------------------------------    -------------------

                         max delay                   30.000    30.000    
    SLICE_X50Y12         FDRE (Setup_fdre_C_D)       -0.218    29.782    astep24_3l_top_I/sw_if/spi_igress_fifo/inst/gen_fifo.xpm_fifo_axis_inst/xpm_fifo_base_inst/gen_cdc_pntr.wr_pntr_cdc_inst/dest_graysync_ff_reg[0][1]
  -------------------------------------------------------------------
                         required time                         29.782    
                         arrival time                          -1.169    
  -------------------------------------------------------------------
                         slack                                 28.613    





---------------------------------------------------------------------------------------------------
From Clock:  clk_80_clk_core_extorint_40_1
  To Clock:  sw_spi_clk

Setup :            0  Failing Endpoints,  Worst Slack       11.152ns,  Total Violation        0.000ns
Hold  :           NA  Failing Endpoints,  Worst Slack           NA  ,  Total Violation           NA
---------------------------------------------------------------------------------------------------


Max Delay Paths
--------------------------------------------------------------------------------------
Slack (MET) :             11.152ns  (required time - arrival time)
  Source:                 astep24_3l_top_I/sw_if/spi_igress_fifo/inst/gen_fifo.xpm_fifo_axis_inst/xpm_fifo_base_inst/gen_cdc_pntr.rd_pntr_cdc_inst/src_gray_ff_reg[5]/C
                            (rising edge-triggered cell FDRE clocked by clk_80_clk_core_extorint_40_1  {rise@0.000ns fall@6.250ns period=12.500ns})
  Destination:            astep24_3l_top_I/sw_if/spi_igress_fifo/inst/gen_fifo.xpm_fifo_axis_inst/xpm_fifo_base_inst/gen_cdc_pntr.rd_pntr_cdc_inst/dest_graysync_ff_reg[0][5]/D
                            (rising edge-triggered cell FDRE clocked by sw_spi_clk  {rise@0.000ns fall@15.000ns period=30.000ns})
  Path Group:             sw_spi_clk
  Path Type:              Setup (Max at Slow Process Corner)
  Requirement:            12.500ns  (MaxDelay Path 12.500ns)
  Data Path Delay:        1.253ns  (logic 0.518ns (41.327%)  route 0.735ns (58.673%))
  Logic Levels:           0  
  Timing Exception:       MaxDelay Path 12.500ns -datapath_only

    Location             Delay type                Incr(ns)  Path(ns)    Netlist Resource(s)
  -------------------------------------------------------------------    -------------------
    SLICE_X50Y12                                      0.000     0.000 r  astep24_3l_top_I/sw_if/spi_igress_fifo/inst/gen_fifo.xpm_fifo_axis_inst/xpm_fifo_base_inst/gen_cdc_pntr.rd_pntr_cdc_inst/src_gray_ff_reg[5]/C
    SLICE_X50Y12         FDRE (Prop_fdre_C_Q)         0.518     0.518 r  astep24_3l_top_I/sw_if/spi_igress_fifo/inst/gen_fifo.xpm_fifo_axis_inst/xpm_fifo_base_inst/gen_cdc_pntr.rd_pntr_cdc_inst/src_gray_ff_reg[5]/Q
                         net (fo=1, routed)           0.735     1.253    astep24_3l_top_I/sw_if/spi_igress_fifo/inst/gen_fifo.xpm_fifo_axis_inst/xpm_fifo_base_inst/gen_cdc_pntr.rd_pntr_cdc_inst/async_path[5]
    SLICE_X51Y12         FDRE                                         r  astep24_3l_top_I/sw_if/spi_igress_fifo/inst/gen_fifo.xpm_fifo_axis_inst/xpm_fifo_base_inst/gen_cdc_pntr.rd_pntr_cdc_inst/dest_graysync_ff_reg[0][5]/D
  -------------------------------------------------------------------    -------------------

                         max delay                   12.500    12.500    
    SLICE_X51Y12         FDRE (Setup_fdre_C_D)       -0.095    12.405    astep24_3l_top_I/sw_if/spi_igress_fifo/inst/gen_fifo.xpm_fifo_axis_inst/xpm_fifo_base_inst/gen_cdc_pntr.rd_pntr_cdc_inst/dest_graysync_ff_reg[0][5]
  -------------------------------------------------------------------
                         required time                         12.405    
                         arrival time                          -1.253    
  -------------------------------------------------------------------
                         slack                                 11.152    





---------------------------------------------------------------------------------------------------
From Clock:  clk_80_clk_core_extorint_40
  To Clock:  sw_spi_clk

Setup :            0  Failing Endpoints,  Worst Slack       11.152ns,  Total Violation        0.000ns
Hold  :           NA  Failing Endpoints,  Worst Slack           NA  ,  Total Violation           NA
---------------------------------------------------------------------------------------------------


Max Delay Paths
--------------------------------------------------------------------------------------
Slack (MET) :             11.152ns  (required time - arrival time)
  Source:                 astep24_3l_top_I/sw_if/spi_igress_fifo/inst/gen_fifo.xpm_fifo_axis_inst/xpm_fifo_base_inst/gen_cdc_pntr.rd_pntr_cdc_inst/src_gray_ff_reg[5]/C
                            (rising edge-triggered cell FDRE clocked by clk_80_clk_core_extorint_40  {rise@0.000ns fall@6.250ns period=12.500ns})
  Destination:            astep24_3l_top_I/sw_if/spi_igress_fifo/inst/gen_fifo.xpm_fifo_axis_inst/xpm_fifo_base_inst/gen_cdc_pntr.rd_pntr_cdc_inst/dest_graysync_ff_reg[0][5]/D
                            (rising edge-triggered cell FDRE clocked by sw_spi_clk  {rise@0.000ns fall@15.000ns period=30.000ns})
  Path Group:             sw_spi_clk
  Path Type:              Setup (Max at Slow Process Corner)
  Requirement:            12.500ns  (MaxDelay Path 12.500ns)
  Data Path Delay:        1.253ns  (logic 0.518ns (41.327%)  route 0.735ns (58.673%))
  Logic Levels:           0  
  Timing Exception:       MaxDelay Path 12.500ns -datapath_only

    Location             Delay type                Incr(ns)  Path(ns)    Netlist Resource(s)
  -------------------------------------------------------------------    -------------------
    SLICE_X50Y12                                      0.000     0.000 r  astep24_3l_top_I/sw_if/spi_igress_fifo/inst/gen_fifo.xpm_fifo_axis_inst/xpm_fifo_base_inst/gen_cdc_pntr.rd_pntr_cdc_inst/src_gray_ff_reg[5]/C
    SLICE_X50Y12         FDRE (Prop_fdre_C_Q)         0.518     0.518 r  astep24_3l_top_I/sw_if/spi_igress_fifo/inst/gen_fifo.xpm_fifo_axis_inst/xpm_fifo_base_inst/gen_cdc_pntr.rd_pntr_cdc_inst/src_gray_ff_reg[5]/Q
                         net (fo=1, routed)           0.735     1.253    astep24_3l_top_I/sw_if/spi_igress_fifo/inst/gen_fifo.xpm_fifo_axis_inst/xpm_fifo_base_inst/gen_cdc_pntr.rd_pntr_cdc_inst/async_path[5]
    SLICE_X51Y12         FDRE                                         r  astep24_3l_top_I/sw_if/spi_igress_fifo/inst/gen_fifo.xpm_fifo_axis_inst/xpm_fifo_base_inst/gen_cdc_pntr.rd_pntr_cdc_inst/dest_graysync_ff_reg[0][5]/D
  -------------------------------------------------------------------    -------------------

                         max delay                   12.500    12.500    
    SLICE_X51Y12         FDRE (Setup_fdre_C_D)       -0.095    12.405    astep24_3l_top_I/sw_if/spi_igress_fifo/inst/gen_fifo.xpm_fifo_axis_inst/xpm_fifo_base_inst/gen_cdc_pntr.rd_pntr_cdc_inst/dest_graysync_ff_reg[0][5]
  -------------------------------------------------------------------
                         required time                         12.405    
                         arrival time                          -1.253    
  -------------------------------------------------------------------
                         slack                                 11.152    





---------------------------------------------------------------------------------------------------
From Clock:  clk_80_clk_core_extorint_40
  To Clock:  clk_10_clk_core_extorint_40

Setup :            0  Failing Endpoints,  Worst Slack        6.986ns,  Total Violation        0.000ns
Hold  :            0  Failing Endpoints,  Worst Slack        0.522ns,  Total Violation        0.000ns
---------------------------------------------------------------------------------------------------


Max Delay Paths
--------------------------------------------------------------------------------------
Slack (MET) :             6.986ns  (required time - arrival time)
  Source:                 astep24_3l_top_I/main_rfg_I/chip_version_reg_reg[7]/C
                            (rising edge-triggered cell FDRE clocked by clk_80_clk_core_extorint_40  {rise@0.000ns fall@6.250ns period=12.500ns})
  Destination:            timestamp_clk_mux/S0
                            (falling edge-triggered cell BUFGCTRL clocked by clk_10_clk_core_extorint_40  {rise@0.000ns fall@50.000ns period=100.000ns})
  Path Group:             clk_10_clk_core_extorint_40
  Path Type:              Setup (Max at Slow Process Corner)
  Requirement:            12.500ns  (clk_10_clk_core_extorint_40 fall@50.000ns - clk_80_clk_core_extorint_40 rise@37.500ns)
  Data Path Delay:        3.369ns  (logic 1.020ns (30.273%)  route 2.349ns (69.727%))
  Logic Levels:           2  (LUT4=1 LUT5=1)
  Clock Path Skew:        -1.502ns (DCD - SCD + CPR)
    Destination Clock Delay (DCD):    -2.843ns = ( 47.157 - 50.000 ) 
    Source Clock Delay      (SCD):    -0.943ns = ( 36.557 - 37.500 ) 
    Clock Pessimism Removal (CPR):    0.397ns
  Clock Uncertainty:      0.279ns  ((TSJ^2 + DJ^2)^1/2) / 2 + PE
    Total System Jitter     (TSJ):    0.071ns
    Discrete Jitter          (DJ):    0.310ns
    Phase Error              (PE):    0.120ns

    Location             Delay type                Incr(ns)  Path(ns)    Netlist Resource(s)
  -------------------------------------------------------------------    -------------------
                         (clock clk_80_clk_core_extorint_40 rise edge)
                                                     37.500    37.500 r  
    L17                                               0.000    37.500 r  sysclk (IN)
                         net (fo=0)                   0.000    37.500    astep24_3l_top_I/clocking_reset_I/sys_to_40/inst/clk_in1
    L17                  IBUF (Prop_ibuf_I_O)         1.476    38.976 r  astep24_3l_top_I/clocking_reset_I/sys_to_40/inst/clkin1_ibufg/O
                         net (fo=1, routed)           1.233    40.209    astep24_3l_top_I/clocking_reset_I/sys_to_40/inst/clk_in1_clk_sys_to_40
    MMCME2_ADV_X0Y0      MMCME2_ADV (Prop_mmcme2_adv_CLKIN1_CLKOUT0)
                                                     -6.965    33.244 r  astep24_3l_top_I/clocking_reset_I/sys_to_40/inst/mmcm_adv_inst/CLKOUT0
                         net (fo=1, routed)           1.666    34.911    astep24_3l_top_I/clocking_reset_I/sys_to_40/inst/clk_out1_clk_sys_to_40
    BUFGCTRL_X0Y10       BUFG (Prop_bufg_I_O)         0.096    35.007 r  astep24_3l_top_I/clocking_reset_I/sys_to_40/inst/clkout1_buf/O
                         net (fo=34, routed)          1.575    36.582    astep24_3l_top_I/clocking_reset_I/intern_or_ext_to_internal/inst/clk_in1
    MMCME2_ADV_X1Y0      MMCME2_ADV (Prop_mmcme2_adv_CLKIN1_CLKOUT1)
                                                     -3.333    33.249 r  astep24_3l_top_I/clocking_reset_I/intern_or_ext_to_internal/inst/mmcm_adv_inst/CLKOUT1
                         net (fo=1, routed)           1.661    34.911    astep24_3l_top_I/clocking_reset_I/intern_or_ext_to_internal/inst/clk_80_clk_core_extorint_40
    BUFGCTRL_X0Y6        BUFG (Prop_bufg_I_O)         0.096    35.007 r  astep24_3l_top_I/clocking_reset_I/intern_or_ext_to_internal/inst/clkout2_buf/O
                         net (fo=5282, routed)        1.550    36.557    astep24_3l_top_I/main_rfg_I/clk_80
    SLICE_X34Y59         FDRE                                         r  astep24_3l_top_I/main_rfg_I/chip_version_reg_reg[7]/C
  -------------------------------------------------------------------    -------------------
    SLICE_X34Y59         FDRE (Prop_fdre_C_Q)         0.518    37.075 f  astep24_3l_top_I/main_rfg_I/chip_version_reg_reg[7]/Q
                         net (fo=3, routed)           0.880    37.955    astep24_3l_top_I/main_rfg_I/chip_version[7]
    SLICE_X34Y54         LUT5 (Prop_lut5_I2_O)        0.148    38.103 f  astep24_3l_top_I/main_rfg_I/timestamp_clk_mux_i_3/O
                         net (fo=3, routed)           0.843    38.945    astep24_3l_top_I/main_rfg_I/timestamp_clk_mux_i_3_n_0
    SLICE_X34Y53         LUT4 (Prop_lut4_I0_O)        0.354    39.299 r  astep24_3l_top_I/main_rfg_I/timestamp_clk_mux_i_1/O
                         net (fo=1, routed)           0.627    39.926    S00
    BUFGCTRL_X0Y1        BUFGCTRL                                     r  timestamp_clk_mux/S0
  -------------------------------------------------------------------    -------------------

                         (clock clk_10_clk_core_extorint_40 fall edge)
                                                     50.000    50.000 f  
    L17                                               0.000    50.000 f  sysclk (IN)
                         net (fo=0)                   0.000    50.000    astep24_3l_top_I/clocking_reset_I/sys_to_40/inst/clk_in1
    L17                  IBUF (Prop_ibuf_I_O)         1.406    51.405 f  astep24_3l_top_I/clocking_reset_I/sys_to_40/inst/clkin1_ibufg/O
                         net (fo=1, routed)           1.162    52.567    astep24_3l_top_I/clocking_reset_I/sys_to_40/inst/clk_in1_clk_sys_to_40
    MMCME2_ADV_X0Y0      MMCME2_ADV (Prop_mmcme2_adv_CLKIN1_CLKOUT0)
                                                     -7.221    45.346 f  astep24_3l_top_I/clocking_reset_I/sys_to_40/inst/mmcm_adv_inst/CLKOUT0
                         net (fo=1, routed)           1.587    46.933    astep24_3l_top_I/clocking_reset_I/sys_to_40/inst/clk_out1_clk_sys_to_40
    BUFGCTRL_X0Y10       BUFG (Prop_bufg_I_O)         0.091    47.024 f  astep24_3l_top_I/clocking_reset_I/sys_to_40/inst/clkout1_buf/O
                         net (fo=34, routed)          1.457    48.481    astep24_3l_top_I/clocking_reset_I/intern_or_ext_to_internal/inst/clk_in1
    MMCME2_ADV_X1Y0      MMCME2_ADV (Prop_mmcme2_adv_CLKIN1_CLKOUT2)
                                                     -3.129    45.352 f  astep24_3l_top_I/clocking_reset_I/intern_or_ext_to_internal/inst/mmcm_adv_inst/CLKOUT2
                         net (fo=1, routed)           1.581    46.933    astep24_3l_top_I/clocking_reset_I/intern_or_ext_to_internal/inst/clk_10_clk_core_extorint_40
    BUFGCTRL_X0Y0        BUFG (Prop_bufg_I_O)         0.091    47.024 f  astep24_3l_top_I/clocking_reset_I/intern_or_ext_to_internal/inst/clkout3_buf/O
                         net (fo=1, routed)           0.133    47.157    timestamp_clk_internal_ap3
    BUFGCTRL_X0Y1        BUFGCTRL                                     f  timestamp_clk_mux/I0
                         clock pessimism              0.397    47.554    
                         clock uncertainty           -0.279    47.275    
    BUFGCTRL_X0Y1        BUFGCTRL (Setup_bufgctrl_I0_S0)
                                                     -0.363    46.912    timestamp_clk_mux
  -------------------------------------------------------------------
                         required time                         46.912    
                         arrival time                         -39.926    
  -------------------------------------------------------------------
                         slack                                  6.986    





Min Delay Paths
--------------------------------------------------------------------------------------
Slack (MET) :             0.522ns  (arrival time - required time)
  Source:                 astep24_3l_top_I/main_rfg_I/clock_ctrl_reg_reg[4]/C
                            (rising edge-triggered cell FDRE clocked by clk_80_clk_core_extorint_40  {rise@0.000ns fall@6.250ns period=12.500ns})
  Destination:            timestamp_clk_mux/CE0
                            (rising edge-triggered cell BUFGCTRL clocked by clk_10_clk_core_extorint_40  {rise@0.000ns fall@50.000ns period=100.000ns})
  Path Group:             clk_10_clk_core_extorint_40
  Path Type:              Hold (Min at Fast Process Corner)
  Requirement:            0.000ns  (clk_10_clk_core_extorint_40 rise@0.000ns - clk_80_clk_core_extorint_40 rise@0.000ns)
  Data Path Delay:        0.480ns  (logic 0.141ns (29.404%)  route 0.339ns (70.596%))
  Logic Levels:           0  
  Clock Path Skew:        -0.481ns (DCD - SCD - CPR)
    Destination Clock Delay (DCD):    -1.638ns
    Source Clock Delay      (SCD):    -0.603ns
    Clock Pessimism Removal (CPR):    -0.554ns
  Clock Uncertainty:      0.279ns  ((TSJ^2 + DJ^2)^1/2) / 2 + PE
    Total System Jitter     (TSJ):    0.071ns
    Discrete Jitter          (DJ):    0.310ns
    Phase Error              (PE):    0.120ns

    Location             Delay type                Incr(ns)  Path(ns)    Netlist Resource(s)
  -------------------------------------------------------------------    -------------------
                         (clock clk_80_clk_core_extorint_40 rise edge)
                                                      0.000     0.000 r  
    L17                                               0.000     0.000 r  sysclk (IN)
                         net (fo=0)                   0.000     0.000    astep24_3l_top_I/clocking_reset_I/sys_to_40/inst/clk_in1
    L17                  IBUF (Prop_ibuf_I_O)         0.244     0.244 r  astep24_3l_top_I/clocking_reset_I/sys_to_40/inst/clkin1_ibufg/O
                         net (fo=1, routed)           0.440     0.684    astep24_3l_top_I/clocking_reset_I/sys_to_40/inst/clk_in1_clk_sys_to_40
    MMCME2_ADV_X0Y0      MMCME2_ADV (Prop_mmcme2_adv_CLKIN1_CLKOUT0)
                                                     -2.362    -1.678 r  astep24_3l_top_I/clocking_reset_I/sys_to_40/inst/mmcm_adv_inst/CLKOUT0
                         net (fo=1, routed)           0.489    -1.189    astep24_3l_top_I/clocking_reset_I/sys_to_40/inst/clk_out1_clk_sys_to_40
    BUFGCTRL_X0Y10       BUFG (Prop_bufg_I_O)         0.026    -1.163 r  astep24_3l_top_I/clocking_reset_I/sys_to_40/inst/clkout1_buf/O
                         net (fo=34, routed)          0.549    -0.615    astep24_3l_top_I/clocking_reset_I/intern_or_ext_to_internal/inst/clk_in1
    MMCME2_ADV_X1Y0      MMCME2_ADV (Prop_mmcme2_adv_CLKIN1_CLKOUT1)
                                                     -1.061    -1.675 r  astep24_3l_top_I/clocking_reset_I/intern_or_ext_to_internal/inst/mmcm_adv_inst/CLKOUT1
                         net (fo=1, routed)           0.486    -1.189    astep24_3l_top_I/clocking_reset_I/intern_or_ext_to_internal/inst/clk_80_clk_core_extorint_40
    BUFGCTRL_X0Y6        BUFG (Prop_bufg_I_O)         0.026    -1.163 r  astep24_3l_top_I/clocking_reset_I/intern_or_ext_to_internal/inst/clkout2_buf/O
                         net (fo=5282, routed)        0.561    -0.603    astep24_3l_top_I/main_rfg_I/clk_80
    SLICE_X36Y55         FDRE                                         r  astep24_3l_top_I/main_rfg_I/clock_ctrl_reg_reg[4]/C
  -------------------------------------------------------------------    -------------------
    SLICE_X36Y55         FDRE (Prop_fdre_C_Q)         0.141    -0.462 r  astep24_3l_top_I/main_rfg_I/clock_ctrl_reg_reg[4]/Q
                         net (fo=3, routed)           0.339    -0.123    io_ctrl_timestamp_clock_enable
    BUFGCTRL_X0Y1        BUFGCTRL                                     r  timestamp_clk_mux/CE0
  -------------------------------------------------------------------    -------------------

                         (clock clk_10_clk_core_extorint_40 rise edge)
                                                      0.000     0.000 r  
    L17                                               0.000     0.000 r  sysclk (IN)
                         net (fo=0)                   0.000     0.000    astep24_3l_top_I/clocking_reset_I/sys_to_40/inst/clk_in1
    L17                  IBUF (Prop_ibuf_I_O)         0.432     0.432 r  astep24_3l_top_I/clocking_reset_I/sys_to_40/inst/clkin1_ibufg/O
                         net (fo=1, routed)           0.480     0.912    astep24_3l_top_I/clocking_reset_I/sys_to_40/inst/clk_in1_clk_sys_to_40
    MMCME2_ADV_X0Y0      MMCME2_ADV (Prop_mmcme2_adv_CLKIN1_CLKOUT0)
                                                     -3.145    -2.233 r  astep24_3l_top_I/clocking_reset_I/sys_to_40/inst/mmcm_adv_inst/CLKOUT0
                         net (fo=1, routed)           0.534    -1.700    astep24_3l_top_I/clocking_reset_I/sys_to_40/inst/clk_out1_clk_sys_to_40
    BUFGCTRL_X0Y10       BUFG (Prop_bufg_I_O)         0.029    -1.671 r  astep24_3l_top_I/clocking_reset_I/sys_to_40/inst/clkout1_buf/O
                         net (fo=34, routed)          0.817    -0.854    astep24_3l_top_I/clocking_reset_I/intern_or_ext_to_internal/inst/clk_in1
    MMCME2_ADV_X1Y0      MMCME2_ADV (Prop_mmcme2_adv_CLKIN1_CLKOUT2)
                                                     -1.375    -2.229 r  astep24_3l_top_I/clocking_reset_I/intern_or_ext_to_internal/inst/mmcm_adv_inst/CLKOUT2
                         net (fo=1, routed)           0.530    -1.700    astep24_3l_top_I/clocking_reset_I/intern_or_ext_to_internal/inst/clk_10_clk_core_extorint_40
    BUFGCTRL_X0Y0        BUFG (Prop_bufg_I_O)         0.029    -1.671 r  astep24_3l_top_I/clocking_reset_I/intern_or_ext_to_internal/inst/clkout3_buf/O
                         net (fo=1, routed)           0.033    -1.638    timestamp_clk_internal_ap3
    BUFGCTRL_X0Y1        BUFGCTRL                                     r  timestamp_clk_mux/I0
                         clock pessimism              0.554    -1.084    
                         clock uncertainty            0.279    -0.805    
    BUFGCTRL_X0Y1        BUFGCTRL (Hold_bufgctrl_I0_CE0)
                                                      0.159    -0.646    timestamp_clk_mux
  -------------------------------------------------------------------
                         required time                          0.646    
                         arrival time                          -0.123    
  -------------------------------------------------------------------
                         slack                                  0.522    





---------------------------------------------------------------------------------------------------
From Clock:  sw_spi_clk
  To Clock:  clk_80_clk_core_extorint_40

Setup :            0  Failing Endpoints,  Worst Slack       28.613ns,  Total Violation        0.000ns
Hold  :           NA  Failing Endpoints,  Worst Slack           NA  ,  Total Violation           NA
---------------------------------------------------------------------------------------------------


Max Delay Paths
--------------------------------------------------------------------------------------
Slack (MET) :             28.613ns  (required time - arrival time)
  Source:                 astep24_3l_top_I/sw_if/spi_igress_fifo/inst/gen_fifo.xpm_fifo_axis_inst/xpm_fifo_base_inst/gen_cdc_pntr.wr_pntr_cdc_inst/src_gray_ff_reg[1]/C
                            (rising edge-triggered cell FDRE clocked by sw_spi_clk  {rise@0.000ns fall@15.000ns period=30.000ns})
  Destination:            astep24_3l_top_I/sw_if/spi_igress_fifo/inst/gen_fifo.xpm_fifo_axis_inst/xpm_fifo_base_inst/gen_cdc_pntr.wr_pntr_cdc_inst/dest_graysync_ff_reg[0][1]/D
                            (rising edge-triggered cell FDRE clocked by clk_80_clk_core_extorint_40  {rise@0.000ns fall@6.250ns period=12.500ns})
  Path Group:             clk_80_clk_core_extorint_40
  Path Type:              Setup (Max at Slow Process Corner)
  Requirement:            30.000ns  (MaxDelay Path 30.000ns)
  Data Path Delay:        1.169ns  (logic 0.419ns (35.851%)  route 0.750ns (64.149%))
  Logic Levels:           0  
  Timing Exception:       MaxDelay Path 30.000ns -datapath_only

    Location             Delay type                Incr(ns)  Path(ns)    Netlist Resource(s)
  -------------------------------------------------------------------    -------------------
    SLICE_X51Y12                                      0.000     0.000 r  astep24_3l_top_I/sw_if/spi_igress_fifo/inst/gen_fifo.xpm_fifo_axis_inst/xpm_fifo_base_inst/gen_cdc_pntr.wr_pntr_cdc_inst/src_gray_ff_reg[1]/C
    SLICE_X51Y12         FDRE (Prop_fdre_C_Q)         0.419     0.419 r  astep24_3l_top_I/sw_if/spi_igress_fifo/inst/gen_fifo.xpm_fifo_axis_inst/xpm_fifo_base_inst/gen_cdc_pntr.wr_pntr_cdc_inst/src_gray_ff_reg[1]/Q
                         net (fo=1, routed)           0.750     1.169    astep24_3l_top_I/sw_if/spi_igress_fifo/inst/gen_fifo.xpm_fifo_axis_inst/xpm_fifo_base_inst/gen_cdc_pntr.wr_pntr_cdc_inst/async_path[1]
    SLICE_X50Y12         FDRE                                         r  astep24_3l_top_I/sw_if/spi_igress_fifo/inst/gen_fifo.xpm_fifo_axis_inst/xpm_fifo_base_inst/gen_cdc_pntr.wr_pntr_cdc_inst/dest_graysync_ff_reg[0][1]/D
  -------------------------------------------------------------------    -------------------

                         max delay                   30.000    30.000    
    SLICE_X50Y12         FDRE (Setup_fdre_C_D)       -0.218    29.782    astep24_3l_top_I/sw_if/spi_igress_fifo/inst/gen_fifo.xpm_fifo_axis_inst/xpm_fifo_base_inst/gen_cdc_pntr.wr_pntr_cdc_inst/dest_graysync_ff_reg[0][1]
  -------------------------------------------------------------------
                         required time                         29.782    
                         arrival time                          -1.169    
  -------------------------------------------------------------------
                         slack                                 28.613    





---------------------------------------------------------------------------------------------------
From Clock:  hk_spi_divided
  To Clock:  clk_80_clk_core_extorint_40

Setup :            0  Failing Endpoints,  Worst Slack       10.365ns,  Total Violation        0.000ns
Hold  :            0  Failing Endpoints,  Worst Slack        0.309ns,  Total Violation        0.000ns
---------------------------------------------------------------------------------------------------


Max Delay Paths
--------------------------------------------------------------------------------------
Slack (MET) :             10.365ns  (required time - arrival time)
  Source:                 astep24_3l_top_I/main_rfg_I/spi_hk_ckdivider_divided_clk_reg/Q
                            (clock source 'hk_spi_divided'  {rise@0.000ns fall@12.500ns period=25.000ns})
  Destination:            astep24_3l_top_I/main_rfg_I/spi_hk_ckdivider_divided_clk_reg/D
                            (rising edge-triggered cell FDRE clocked by clk_80_clk_core_extorint_40  {rise@0.000ns fall@6.250ns period=12.500ns})
  Path Group:             clk_80_clk_core_extorint_40
  Path Type:              Setup (Max at Slow Process Corner)
  Requirement:            12.500ns  (clk_80_clk_core_extorint_40 rise@25.000ns - hk_spi_divided fall@12.500ns)
  Data Path Delay:        1.480ns  (logic 0.124ns (8.381%)  route 1.356ns (91.619%))
  Logic Levels:           1  (LUT2=1)
  Clock Path Skew:        -0.576ns (DCD - SCD + CPR)
    Destination Clock Delay (DCD):    -1.531ns = ( 23.469 - 25.000 ) 
    Source Clock Delay      (SCD):    -0.472ns = ( 12.028 - 12.500 ) 
    Clock Pessimism Removal (CPR):    0.483ns
  Clock Uncertainty:      0.110ns  ((TSJ^2 + DJ^2)^1/2) / 2 + PE
    Total System Jitter     (TSJ):    0.071ns
    Discrete Jitter          (DJ):    0.209ns
    Phase Error              (PE):    0.000ns

    Location             Delay type                Incr(ns)  Path(ns)    Netlist Resource(s)
  -------------------------------------------------------------------    -------------------
                         (clock hk_spi_divided fall edge)
                                                     12.500    12.500 f  
    L17                                               0.000    12.500 r  sysclk (IN)
                         net (fo=0)                   0.000    12.500    astep24_3l_top_I/clocking_reset_I/sys_to_40/inst/clk_in1
    L17                  IBUF (Prop_ibuf_I_O)         1.476    13.976 r  astep24_3l_top_I/clocking_reset_I/sys_to_40/inst/clkin1_ibufg/O
                         net (fo=1, routed)           1.233    15.209    astep24_3l_top_I/clocking_reset_I/sys_to_40/inst/clk_in1_clk_sys_to_40
    MMCME2_ADV_X0Y0      MMCME2_ADV (Prop_mmcme2_adv_CLKIN1_CLKOUT0)
                                                     -6.965     8.244 r  astep24_3l_top_I/clocking_reset_I/sys_to_40/inst/mmcm_adv_inst/CLKOUT0
                         net (fo=1, routed)           1.666     9.911    astep24_3l_top_I/clocking_reset_I/sys_to_40/inst/clk_out1_clk_sys_to_40
    BUFGCTRL_X0Y10       BUFG (Prop_bufg_I_O)         0.096    10.007 r  astep24_3l_top_I/clocking_reset_I/sys_to_40/inst/clkout1_buf/O
                         net (fo=34, routed)          1.575    11.582    astep24_3l_top_I/clocking_reset_I/intern_or_ext_to_internal/inst/clk_in1
    MMCME2_ADV_X1Y0      MMCME2_ADV (Prop_mmcme2_adv_CLKIN1_CLKOUT1)
                                                     -3.333     8.249 r  astep24_3l_top_I/clocking_reset_I/intern_or_ext_to_internal/inst/mmcm_adv_inst/CLKOUT1
                         net (fo=1, routed)           1.661     9.911    astep24_3l_top_I/clocking_reset_I/intern_or_ext_to_internal/inst/clk_80_clk_core_extorint_40
    BUFGCTRL_X0Y6        BUFG (Prop_bufg_I_O)         0.096    10.007 r  astep24_3l_top_I/clocking_reset_I/intern_or_ext_to_internal/inst/clkout2_buf/O
                         net (fo=5282, routed)        1.565    11.572    astep24_3l_top_I/main_rfg_I/clk_80
  -------------------------------------------------------------------    -------------------
    SLICE_X36Y46         FDRE (Prop_fdre_C_Q)         0.456    12.028 f  astep24_3l_top_I/main_rfg_I/spi_hk_ckdivider_divided_clk_reg/Q
                         net (fo=2, routed)           1.356    13.384    astep24_3l_top_I/main_rfg_I/spi_hk_ckdivider_divided_clk_reg_0
    SLICE_X36Y46         LUT2 (Prop_lut2_I1_O)        0.124    13.508 r  astep24_3l_top_I/main_rfg_I/spi_hk_ckdivider_divided_clk_i_1/O
                         net (fo=1, routed)           0.000    13.508    astep24_3l_top_I/main_rfg_I/spi_hk_ckdivider_divided_clk_i_1_n_0
    SLICE_X36Y46         FDRE                                         r  astep24_3l_top_I/main_rfg_I/spi_hk_ckdivider_divided_clk_reg/D
  -------------------------------------------------------------------    -------------------

                         (clock clk_80_clk_core_extorint_40 rise edge)
                                                     25.000    25.000 r  
    L17                                               0.000    25.000 r  sysclk (IN)
                         net (fo=0)                   0.000    25.000    astep24_3l_top_I/clocking_reset_I/sys_to_40/inst/clk_in1
    L17                  IBUF (Prop_ibuf_I_O)         1.406    26.405 r  astep24_3l_top_I/clocking_reset_I/sys_to_40/inst/clkin1_ibufg/O
                         net (fo=1, routed)           1.162    27.567    astep24_3l_top_I/clocking_reset_I/sys_to_40/inst/clk_in1_clk_sys_to_40
    MMCME2_ADV_X0Y0      MMCME2_ADV (Prop_mmcme2_adv_CLKIN1_CLKOUT0)
                                                     -7.221    20.346 r  astep24_3l_top_I/clocking_reset_I/sys_to_40/inst/mmcm_adv_inst/CLKOUT0
                         net (fo=1, routed)           1.587    21.933    astep24_3l_top_I/clocking_reset_I/sys_to_40/inst/clk_out1_clk_sys_to_40
    BUFGCTRL_X0Y10       BUFG (Prop_bufg_I_O)         0.091    22.024 r  astep24_3l_top_I/clocking_reset_I/sys_to_40/inst/clkout1_buf/O
                         net (fo=34, routed)          1.457    23.481    astep24_3l_top_I/clocking_reset_I/intern_or_ext_to_internal/inst/clk_in1
    MMCME2_ADV_X1Y0      MMCME2_ADV (Prop_mmcme2_adv_CLKIN1_CLKOUT1)
                                                     -3.129    20.352 r  astep24_3l_top_I/clocking_reset_I/intern_or_ext_to_internal/inst/mmcm_adv_inst/CLKOUT1
                         net (fo=1, routed)           1.581    21.933    astep24_3l_top_I/clocking_reset_I/intern_or_ext_to_internal/inst/clk_80_clk_core_extorint_40
    BUFGCTRL_X0Y6        BUFG (Prop_bufg_I_O)         0.091    22.024 r  astep24_3l_top_I/clocking_reset_I/intern_or_ext_to_internal/inst/clkout2_buf/O
                         net (fo=5282, routed)        1.445    23.469    astep24_3l_top_I/main_rfg_I/clk_80
    SLICE_X36Y46         FDRE                                         r  astep24_3l_top_I/main_rfg_I/spi_hk_ckdivider_divided_clk_reg/C
                         clock pessimism              0.483    23.952    
                         clock uncertainty           -0.110    23.842    
    SLICE_X36Y46         FDRE (Setup_fdre_C_D)        0.031    23.873    astep24_3l_top_I/main_rfg_I/spi_hk_ckdivider_divided_clk_reg
  -------------------------------------------------------------------
                         required time                         23.873    
                         arrival time                         -13.508    
  -------------------------------------------------------------------
                         slack                                 10.365    





Min Delay Paths
--------------------------------------------------------------------------------------
Slack (MET) :             0.309ns  (arrival time - required time)
  Source:                 astep24_3l_top_I/main_rfg_I/spi_hk_ckdivider_divided_clk_reg/Q
                            (clock source 'hk_spi_divided'  {rise@0.000ns fall@12.500ns period=25.000ns})
  Destination:            astep24_3l_top_I/main_rfg_I/spi_hk_ckdivider_divided_clk_reg/D
                            (rising edge-triggered cell FDRE clocked by clk_80_clk_core_extorint_40  {rise@0.000ns fall@6.250ns period=12.500ns})
  Path Group:             clk_80_clk_core_extorint_40
  Path Type:              Hold (Min at Fast Process Corner)
  Requirement:            0.000ns  (clk_80_clk_core_extorint_40 rise@12.500ns - hk_spi_divided fall@12.500ns)
  Data Path Delay:        0.529ns  (logic 0.045ns (8.514%)  route 0.484ns (91.486%))
  Logic Levels:           1  (LUT2=1)
  Clock Path Skew:        0.128ns (DCD - SCD - CPR)
    Destination Clock Delay (DCD):    -0.839ns = ( 11.661 - 12.500 ) 
    Source Clock Delay      (SCD):    -0.460ns = ( 12.040 - 12.500 ) 
    Clock Pessimism Removal (CPR):    -0.507ns

    Location             Delay type                Incr(ns)  Path(ns)    Netlist Resource(s)
  -------------------------------------------------------------------    -------------------
                         (clock hk_spi_divided fall edge)
                                                     12.500    12.500 f  
    L17                                               0.000    12.500 r  sysclk (IN)
                         net (fo=0)                   0.000    12.500    astep24_3l_top_I/clocking_reset_I/sys_to_40/inst/clk_in1
    L17                  IBUF (Prop_ibuf_I_O)         0.244    12.744 r  astep24_3l_top_I/clocking_reset_I/sys_to_40/inst/clkin1_ibufg/O
                         net (fo=1, routed)           0.440    13.184    astep24_3l_top_I/clocking_reset_I/sys_to_40/inst/clk_in1_clk_sys_to_40
    MMCME2_ADV_X0Y0      MMCME2_ADV (Prop_mmcme2_adv_CLKIN1_CLKOUT0)
                                                     -2.362    10.822 r  astep24_3l_top_I/clocking_reset_I/sys_to_40/inst/mmcm_adv_inst/CLKOUT0
                         net (fo=1, routed)           0.489    11.310    astep24_3l_top_I/clocking_reset_I/sys_to_40/inst/clk_out1_clk_sys_to_40
    BUFGCTRL_X0Y10       BUFG (Prop_bufg_I_O)         0.026    11.336 r  astep24_3l_top_I/clocking_reset_I/sys_to_40/inst/clkout1_buf/O
                         net (fo=34, routed)          0.549    11.885    astep24_3l_top_I/clocking_reset_I/intern_or_ext_to_internal/inst/clk_in1
    MMCME2_ADV_X1Y0      MMCME2_ADV (Prop_mmcme2_adv_CLKIN1_CLKOUT1)
                                                     -1.061    10.825 r  astep24_3l_top_I/clocking_reset_I/intern_or_ext_to_internal/inst/mmcm_adv_inst/CLKOUT1
                         net (fo=1, routed)           0.486    11.310    astep24_3l_top_I/clocking_reset_I/intern_or_ext_to_internal/inst/clk_80_clk_core_extorint_40
    BUFGCTRL_X0Y6        BUFG (Prop_bufg_I_O)         0.026    11.336 r  astep24_3l_top_I/clocking_reset_I/intern_or_ext_to_internal/inst/clkout2_buf/O
                         net (fo=5282, routed)        0.563    11.899    astep24_3l_top_I/main_rfg_I/clk_80
  -------------------------------------------------------------------    -------------------
    SLICE_X36Y46         FDRE (Prop_fdre_C_Q)         0.141    12.040 f  astep24_3l_top_I/main_rfg_I/spi_hk_ckdivider_divided_clk_reg/Q
                         net (fo=2, routed)           0.484    12.524    astep24_3l_top_I/main_rfg_I/spi_hk_ckdivider_divided_clk_reg_0
    SLICE_X36Y46         LUT2 (Prop_lut2_I1_O)        0.045    12.569 r  astep24_3l_top_I/main_rfg_I/spi_hk_ckdivider_divided_clk_i_1/O
                         net (fo=1, routed)           0.000    12.569    astep24_3l_top_I/main_rfg_I/spi_hk_ckdivider_divided_clk_i_1_n_0
    SLICE_X36Y46         FDRE                                         r  astep24_3l_top_I/main_rfg_I/spi_hk_ckdivider_divided_clk_reg/D
  -------------------------------------------------------------------    -------------------

                         (clock clk_80_clk_core_extorint_40 rise edge)
                                                     12.500    12.500 r  
    L17                                               0.000    12.500 r  sysclk (IN)
                         net (fo=0)                   0.000    12.500    astep24_3l_top_I/clocking_reset_I/sys_to_40/inst/clk_in1
    L17                  IBUF (Prop_ibuf_I_O)         0.432    12.932 r  astep24_3l_top_I/clocking_reset_I/sys_to_40/inst/clkin1_ibufg/O
                         net (fo=1, routed)           0.480    13.412    astep24_3l_top_I/clocking_reset_I/sys_to_40/inst/clk_in1_clk_sys_to_40
    MMCME2_ADV_X0Y0      MMCME2_ADV (Prop_mmcme2_adv_CLKIN1_CLKOUT0)
                                                     -3.145    10.267 r  astep24_3l_top_I/clocking_reset_I/sys_to_40/inst/mmcm_adv_inst/CLKOUT0
                         net (fo=1, routed)           0.534    10.800    astep24_3l_top_I/clocking_reset_I/sys_to_40/inst/clk_out1_clk_sys_to_40
    BUFGCTRL_X0Y10       BUFG (Prop_bufg_I_O)         0.029    10.829 r  astep24_3l_top_I/clocking_reset_I/sys_to_40/inst/clkout1_buf/O
                         net (fo=34, routed)          0.817    11.646    astep24_3l_top_I/clocking_reset_I/intern_or_ext_to_internal/inst/clk_in1
    MMCME2_ADV_X1Y0      MMCME2_ADV (Prop_mmcme2_adv_CLKIN1_CLKOUT1)
                                                     -1.375    10.271 r  astep24_3l_top_I/clocking_reset_I/intern_or_ext_to_internal/inst/mmcm_adv_inst/CLKOUT1
                         net (fo=1, routed)           0.530    10.800    astep24_3l_top_I/clocking_reset_I/intern_or_ext_to_internal/inst/clk_80_clk_core_extorint_40
    BUFGCTRL_X0Y6        BUFG (Prop_bufg_I_O)         0.029    10.829 r  astep24_3l_top_I/clocking_reset_I/intern_or_ext_to_internal/inst/clkout2_buf/O
                         net (fo=5282, routed)        0.832    11.661    astep24_3l_top_I/main_rfg_I/clk_80
    SLICE_X36Y46         FDRE                                         r  astep24_3l_top_I/main_rfg_I/spi_hk_ckdivider_divided_clk_reg/C
                         clock pessimism              0.507    12.168    
    SLICE_X36Y46         FDRE (Hold_fdre_C_D)         0.092    12.260    astep24_3l_top_I/main_rfg_I/spi_hk_ckdivider_divided_clk_reg
  -------------------------------------------------------------------
                         required time                        -12.260    
                         arrival time                          12.569    
  -------------------------------------------------------------------
                         slack                                  0.309    





---------------------------------------------------------------------------------------------------
From Clock:  layers_spi_divided
  To Clock:  clk_80_clk_core_extorint_40

Setup :            0  Failing Endpoints,  Worst Slack       10.581ns,  Total Violation        0.000ns
Hold  :            0  Failing Endpoints,  Worst Slack        0.233ns,  Total Violation        0.000ns
---------------------------------------------------------------------------------------------------


Max Delay Paths
--------------------------------------------------------------------------------------
Slack (MET) :             10.581ns  (required time - arrival time)
  Source:                 astep24_3l_top_I/main_rfg_I/spi_layers_ckdivider_divided_clk_reg/Q
                            (clock source 'layers_spi_divided'  {rise@0.000ns fall@12.500ns period=25.000ns})
  Destination:            astep24_3l_top_I/main_rfg_I/spi_layers_ckdivider_divided_clk_reg/D
                            (rising edge-triggered cell FDRE clocked by clk_80_clk_core_extorint_40  {rise@0.000ns fall@6.250ns period=12.500ns})
  Path Group:             clk_80_clk_core_extorint_40
  Path Type:              Setup (Max at Slow Process Corner)
  Requirement:            12.500ns  (clk_80_clk_core_extorint_40 rise@12.500ns - layers_spi_divided rise@0.000ns)
  Data Path Delay:        1.262ns  (logic 0.124ns (9.824%)  route 1.138ns (90.176%))
  Logic Levels:           1  (LUT2=1)
  Clock Path Skew:        -0.575ns (DCD - SCD + CPR)
    Destination Clock Delay (DCD):    -1.528ns = ( 10.972 - 12.500 ) 
    Source Clock Delay      (SCD):    -0.470ns
    Clock Pessimism Removal (CPR):    0.483ns
  Clock Uncertainty:      0.110ns  ((TSJ^2 + DJ^2)^1/2) / 2 + PE
    Total System Jitter     (TSJ):    0.071ns
    Discrete Jitter          (DJ):    0.209ns
    Phase Error              (PE):    0.000ns

    Location             Delay type                Incr(ns)  Path(ns)    Netlist Resource(s)
  -------------------------------------------------------------------    -------------------
                         (clock layers_spi_divided rise edge)
                                                      0.000     0.000 r  
    L17                                               0.000     0.000 r  sysclk (IN)
                         net (fo=0)                   0.000     0.000    astep24_3l_top_I/clocking_reset_I/sys_to_40/inst/clk_in1
    L17                  IBUF (Prop_ibuf_I_O)         1.476     1.476 r  astep24_3l_top_I/clocking_reset_I/sys_to_40/inst/clkin1_ibufg/O
                         net (fo=1, routed)           1.233     2.709    astep24_3l_top_I/clocking_reset_I/sys_to_40/inst/clk_in1_clk_sys_to_40
    MMCME2_ADV_X0Y0      MMCME2_ADV (Prop_mmcme2_adv_CLKIN1_CLKOUT0)
                                                     -6.965    -4.256 r  astep24_3l_top_I/clocking_reset_I/sys_to_40/inst/mmcm_adv_inst/CLKOUT0
                         net (fo=1, routed)           1.666    -2.589    astep24_3l_top_I/clocking_reset_I/sys_to_40/inst/clk_out1_clk_sys_to_40
    BUFGCTRL_X0Y10       BUFG (Prop_bufg_I_O)         0.096    -2.493 r  astep24_3l_top_I/clocking_reset_I/sys_to_40/inst/clkout1_buf/O
                         net (fo=34, routed)          1.575    -0.918    astep24_3l_top_I/clocking_reset_I/intern_or_ext_to_internal/inst/clk_in1
    MMCME2_ADV_X1Y0      MMCME2_ADV (Prop_mmcme2_adv_CLKIN1_CLKOUT1)
                                                     -3.333    -4.251 r  astep24_3l_top_I/clocking_reset_I/intern_or_ext_to_internal/inst/mmcm_adv_inst/CLKOUT1
                         net (fo=1, routed)           1.661    -2.589    astep24_3l_top_I/clocking_reset_I/intern_or_ext_to_internal/inst/clk_80_clk_core_extorint_40
    BUFGCTRL_X0Y6        BUFG (Prop_bufg_I_O)         0.096    -2.493 r  astep24_3l_top_I/clocking_reset_I/intern_or_ext_to_internal/inst/clkout2_buf/O
                         net (fo=5282, routed)        1.567    -0.926    astep24_3l_top_I/main_rfg_I/clk_80
  -------------------------------------------------------------------    -------------------
    SLICE_X28Y47         FDRE (Prop_fdre_C_Q)         0.456    -0.470 r  astep24_3l_top_I/main_rfg_I/spi_layers_ckdivider_divided_clk_reg/Q
                         net (fo=2, routed)           1.138     0.668    astep24_3l_top_I/main_rfg_I/spi_layers_ckdivider_divided_clk_reg_0
    SLICE_X28Y47         LUT2 (Prop_lut2_I1_O)        0.124     0.792 r  astep24_3l_top_I/main_rfg_I/spi_layers_ckdivider_divided_clk_i_1/O
                         net (fo=1, routed)           0.000     0.792    astep24_3l_top_I/main_rfg_I/spi_layers_ckdivider_divided_clk_i_1_n_0
    SLICE_X28Y47         FDRE                                         r  astep24_3l_top_I/main_rfg_I/spi_layers_ckdivider_divided_clk_reg/D
  -------------------------------------------------------------------    -------------------

                         (clock clk_80_clk_core_extorint_40 rise edge)
                                                     12.500    12.500 r  
    L17                                               0.000    12.500 r  sysclk (IN)
                         net (fo=0)                   0.000    12.500    astep24_3l_top_I/clocking_reset_I/sys_to_40/inst/clk_in1
    L17                  IBUF (Prop_ibuf_I_O)         1.406    13.905 r  astep24_3l_top_I/clocking_reset_I/sys_to_40/inst/clkin1_ibufg/O
                         net (fo=1, routed)           1.162    15.067    astep24_3l_top_I/clocking_reset_I/sys_to_40/inst/clk_in1_clk_sys_to_40
    MMCME2_ADV_X0Y0      MMCME2_ADV (Prop_mmcme2_adv_CLKIN1_CLKOUT0)
                                                     -7.221     7.846 r  astep24_3l_top_I/clocking_reset_I/sys_to_40/inst/mmcm_adv_inst/CLKOUT0
                         net (fo=1, routed)           1.587     9.433    astep24_3l_top_I/clocking_reset_I/sys_to_40/inst/clk_out1_clk_sys_to_40
    BUFGCTRL_X0Y10       BUFG (Prop_bufg_I_O)         0.091     9.524 r  astep24_3l_top_I/clocking_reset_I/sys_to_40/inst/clkout1_buf/O
                         net (fo=34, routed)          1.457    10.981    astep24_3l_top_I/clocking_reset_I/intern_or_ext_to_internal/inst/clk_in1
    MMCME2_ADV_X1Y0      MMCME2_ADV (Prop_mmcme2_adv_CLKIN1_CLKOUT1)
                                                     -3.129     7.852 r  astep24_3l_top_I/clocking_reset_I/intern_or_ext_to_internal/inst/mmcm_adv_inst/CLKOUT1
                         net (fo=1, routed)           1.581     9.433    astep24_3l_top_I/clocking_reset_I/intern_or_ext_to_internal/inst/clk_80_clk_core_extorint_40
    BUFGCTRL_X0Y6        BUFG (Prop_bufg_I_O)         0.091     9.524 r  astep24_3l_top_I/clocking_reset_I/intern_or_ext_to_internal/inst/clkout2_buf/O
                         net (fo=5282, routed)        1.448    10.972    astep24_3l_top_I/main_rfg_I/clk_80
    SLICE_X28Y47         FDRE                                         r  astep24_3l_top_I/main_rfg_I/spi_layers_ckdivider_divided_clk_reg/C
                         clock pessimism              0.483    11.455    
                         clock uncertainty           -0.110    11.345    
    SLICE_X28Y47         FDRE (Setup_fdre_C_D)        0.029    11.374    astep24_3l_top_I/main_rfg_I/spi_layers_ckdivider_divided_clk_reg
  -------------------------------------------------------------------
                         required time                         11.374    
                         arrival time                          -0.792    
  -------------------------------------------------------------------
                         slack                                 10.581    





Min Delay Paths
--------------------------------------------------------------------------------------
Slack (MET) :             0.233ns  (arrival time - required time)
  Source:                 astep24_3l_top_I/main_rfg_I/spi_layers_ckdivider_divided_clk_reg/Q
                            (clock source 'layers_spi_divided'  {rise@0.000ns fall@12.500ns period=25.000ns})
  Destination:            astep24_3l_top_I/main_rfg_I/spi_layers_ckdivider_divided_clk_reg/D
                            (rising edge-triggered cell FDRE clocked by clk_80_clk_core_extorint_40  {rise@0.000ns fall@6.250ns period=12.500ns})
  Path Group:             clk_80_clk_core_extorint_40
  Path Type:              Hold (Min at Fast Process Corner)
  Requirement:            0.000ns  (clk_80_clk_core_extorint_40 rise@12.500ns - layers_spi_divided fall@12.500ns)
  Data Path Delay:        0.453ns  (logic 0.045ns (9.930%)  route 0.408ns (90.070%))
  Logic Levels:           1  (LUT2=1)
  Clock Path Skew:        0.129ns (DCD - SCD - CPR)
    Destination Clock Delay (DCD):    -0.837ns = ( 11.663 - 12.500 ) 
    Source Clock Delay      (SCD):    -0.459ns = ( 12.041 - 12.500 ) 
    Clock Pessimism Removal (CPR):    -0.507ns

    Location             Delay type                Incr(ns)  Path(ns)    Netlist Resource(s)
  -------------------------------------------------------------------    -------------------
                         (clock layers_spi_divided fall edge)
                                                     12.500    12.500 f  
    L17                                               0.000    12.500 r  sysclk (IN)
                         net (fo=0)                   0.000    12.500    astep24_3l_top_I/clocking_reset_I/sys_to_40/inst/clk_in1
    L17                  IBUF (Prop_ibuf_I_O)         0.244    12.744 r  astep24_3l_top_I/clocking_reset_I/sys_to_40/inst/clkin1_ibufg/O
                         net (fo=1, routed)           0.440    13.184    astep24_3l_top_I/clocking_reset_I/sys_to_40/inst/clk_in1_clk_sys_to_40
    MMCME2_ADV_X0Y0      MMCME2_ADV (Prop_mmcme2_adv_CLKIN1_CLKOUT0)
                                                     -2.362    10.822 r  astep24_3l_top_I/clocking_reset_I/sys_to_40/inst/mmcm_adv_inst/CLKOUT0
                         net (fo=1, routed)           0.489    11.310    astep24_3l_top_I/clocking_reset_I/sys_to_40/inst/clk_out1_clk_sys_to_40
    BUFGCTRL_X0Y10       BUFG (Prop_bufg_I_O)         0.026    11.336 r  astep24_3l_top_I/clocking_reset_I/sys_to_40/inst/clkout1_buf/O
                         net (fo=34, routed)          0.549    11.885    astep24_3l_top_I/clocking_reset_I/intern_or_ext_to_internal/inst/clk_in1
    MMCME2_ADV_X1Y0      MMCME2_ADV (Prop_mmcme2_adv_CLKIN1_CLKOUT1)
                                                     -1.061    10.825 r  astep24_3l_top_I/clocking_reset_I/intern_or_ext_to_internal/inst/mmcm_adv_inst/CLKOUT1
                         net (fo=1, routed)           0.486    11.310    astep24_3l_top_I/clocking_reset_I/intern_or_ext_to_internal/inst/clk_80_clk_core_extorint_40
    BUFGCTRL_X0Y6        BUFG (Prop_bufg_I_O)         0.026    11.336 r  astep24_3l_top_I/clocking_reset_I/intern_or_ext_to_internal/inst/clkout2_buf/O
                         net (fo=5282, routed)        0.564    11.900    astep24_3l_top_I/main_rfg_I/clk_80
  -------------------------------------------------------------------    -------------------
    SLICE_X28Y47         FDRE (Prop_fdre_C_Q)         0.141    12.041 f  astep24_3l_top_I/main_rfg_I/spi_layers_ckdivider_divided_clk_reg/Q
                         net (fo=2, routed)           0.408    12.449    astep24_3l_top_I/main_rfg_I/spi_layers_ckdivider_divided_clk_reg_0
    SLICE_X28Y47         LUT2 (Prop_lut2_I1_O)        0.045    12.494 r  astep24_3l_top_I/main_rfg_I/spi_layers_ckdivider_divided_clk_i_1/O
                         net (fo=1, routed)           0.000    12.494    astep24_3l_top_I/main_rfg_I/spi_layers_ckdivider_divided_clk_i_1_n_0
    SLICE_X28Y47         FDRE                                         r  astep24_3l_top_I/main_rfg_I/spi_layers_ckdivider_divided_clk_reg/D
  -------------------------------------------------------------------    -------------------

                         (clock clk_80_clk_core_extorint_40 rise edge)
                                                     12.500    12.500 r  
    L17                                               0.000    12.500 r  sysclk (IN)
                         net (fo=0)                   0.000    12.500    astep24_3l_top_I/clocking_reset_I/sys_to_40/inst/clk_in1
    L17                  IBUF (Prop_ibuf_I_O)         0.432    12.932 r  astep24_3l_top_I/clocking_reset_I/sys_to_40/inst/clkin1_ibufg/O
                         net (fo=1, routed)           0.480    13.412    astep24_3l_top_I/clocking_reset_I/sys_to_40/inst/clk_in1_clk_sys_to_40
    MMCME2_ADV_X0Y0      MMCME2_ADV (Prop_mmcme2_adv_CLKIN1_CLKOUT0)
                                                     -3.145    10.267 r  astep24_3l_top_I/clocking_reset_I/sys_to_40/inst/mmcm_adv_inst/CLKOUT0
                         net (fo=1, routed)           0.534    10.800    astep24_3l_top_I/clocking_reset_I/sys_to_40/inst/clk_out1_clk_sys_to_40
    BUFGCTRL_X0Y10       BUFG (Prop_bufg_I_O)         0.029    10.829 r  astep24_3l_top_I/clocking_reset_I/sys_to_40/inst/clkout1_buf/O
                         net (fo=34, routed)          0.817    11.646    astep24_3l_top_I/clocking_reset_I/intern_or_ext_to_internal/inst/clk_in1
    MMCME2_ADV_X1Y0      MMCME2_ADV (Prop_mmcme2_adv_CLKIN1_CLKOUT1)
                                                     -1.375    10.271 r  astep24_3l_top_I/clocking_reset_I/intern_or_ext_to_internal/inst/mmcm_adv_inst/CLKOUT1
                         net (fo=1, routed)           0.530    10.800    astep24_3l_top_I/clocking_reset_I/intern_or_ext_to_internal/inst/clk_80_clk_core_extorint_40
    BUFGCTRL_X0Y6        BUFG (Prop_bufg_I_O)         0.029    10.829 r  astep24_3l_top_I/clocking_reset_I/intern_or_ext_to_internal/inst/clkout2_buf/O
                         net (fo=5282, routed)        0.834    11.663    astep24_3l_top_I/main_rfg_I/clk_80
    SLICE_X28Y47         FDRE                                         r  astep24_3l_top_I/main_rfg_I/spi_layers_ckdivider_divided_clk_reg/C
                         clock pessimism              0.507    12.170    
    SLICE_X28Y47         FDRE (Hold_fdre_C_D)         0.091    12.261    astep24_3l_top_I/main_rfg_I/spi_layers_ckdivider_divided_clk_reg
  -------------------------------------------------------------------
                         required time                        -12.261    
                         arrival time                          12.494    
  -------------------------------------------------------------------
                         slack                                  0.233    





---------------------------------------------------------------------------------------------------
From Clock:  spi_layer0_clock_internal
  To Clock:  clk_80_clk_core_extorint_40

Setup :            0  Failing Endpoints,  Worst Slack       48.575ns,  Total Violation        0.000ns
Hold  :           NA  Failing Endpoints,  Worst Slack           NA  ,  Total Violation           NA
---------------------------------------------------------------------------------------------------


Max Delay Paths
--------------------------------------------------------------------------------------
Slack (MET) :             48.575ns  (required time - arrival time)
  Source:                 astep24_3l_top_I/loopback_spi_layer_0/spi_igress_fifo/inst/gen_fifo.xpm_fifo_axis_inst/xpm_fifo_base_inst/gen_cdc_pntr.wr_pntr_cdc_inst/src_gray_ff_reg[0]/C
                            (rising edge-triggered cell FDRE clocked by spi_layer0_clock_internal  {rise@0.000ns fall@25.000ns period=50.000ns})
  Destination:            astep24_3l_top_I/loopback_spi_layer_0/spi_igress_fifo/inst/gen_fifo.xpm_fifo_axis_inst/xpm_fifo_base_inst/gen_cdc_pntr.wr_pntr_cdc_inst/dest_graysync_ff_reg[0][0]/D
                            (rising edge-triggered cell FDRE clocked by clk_80_clk_core_extorint_40  {rise@0.000ns fall@6.250ns period=12.500ns})
  Path Group:             clk_80_clk_core_extorint_40
  Path Type:              Setup (Max at Slow Process Corner)
  Requirement:            50.000ns  (MaxDelay Path 50.000ns)
  Data Path Delay:        1.332ns  (logic 0.518ns (38.877%)  route 0.814ns (61.123%))
  Logic Levels:           0  
  Timing Exception:       MaxDelay Path 50.000ns -datapath_only

    Location             Delay type                Incr(ns)  Path(ns)    Netlist Resource(s)
  -------------------------------------------------------------------    -------------------
    SLICE_X56Y75                                      0.000     0.000 r  astep24_3l_top_I/loopback_spi_layer_0/spi_igress_fifo/inst/gen_fifo.xpm_fifo_axis_inst/xpm_fifo_base_inst/gen_cdc_pntr.wr_pntr_cdc_inst/src_gray_ff_reg[0]/C
    SLICE_X56Y75         FDRE (Prop_fdre_C_Q)         0.518     0.518 r  astep24_3l_top_I/loopback_spi_layer_0/spi_igress_fifo/inst/gen_fifo.xpm_fifo_axis_inst/xpm_fifo_base_inst/gen_cdc_pntr.wr_pntr_cdc_inst/src_gray_ff_reg[0]/Q
                         net (fo=1, routed)           0.814     1.332    astep24_3l_top_I/loopback_spi_layer_0/spi_igress_fifo/inst/gen_fifo.xpm_fifo_axis_inst/xpm_fifo_base_inst/gen_cdc_pntr.wr_pntr_cdc_inst/async_path[0]
    SLICE_X58Y75         FDRE                                         r  astep24_3l_top_I/loopback_spi_layer_0/spi_igress_fifo/inst/gen_fifo.xpm_fifo_axis_inst/xpm_fifo_base_inst/gen_cdc_pntr.wr_pntr_cdc_inst/dest_graysync_ff_reg[0][0]/D
  -------------------------------------------------------------------    -------------------

                         max delay                   50.000    50.000    
    SLICE_X58Y75         FDRE (Setup_fdre_C_D)       -0.093    49.907    astep24_3l_top_I/loopback_spi_layer_0/spi_igress_fifo/inst/gen_fifo.xpm_fifo_axis_inst/xpm_fifo_base_inst/gen_cdc_pntr.wr_pntr_cdc_inst/dest_graysync_ff_reg[0][0]
  -------------------------------------------------------------------
                         required time                         49.907    
                         arrival time                          -1.332    
  -------------------------------------------------------------------
                         slack                                 48.575    





---------------------------------------------------------------------------------------------------
From Clock:  spi_layer1_clock_internal
  To Clock:  clk_80_clk_core_extorint_40

Setup :            0  Failing Endpoints,  Worst Slack       48.596ns,  Total Violation        0.000ns
Hold  :           NA  Failing Endpoints,  Worst Slack           NA  ,  Total Violation           NA
---------------------------------------------------------------------------------------------------


Max Delay Paths
--------------------------------------------------------------------------------------
Slack (MET) :             48.596ns  (required time - arrival time)
  Source:                 astep24_3l_top_I/loopback_spi_layer_1/miso_fifo/inst/gen_fifo.xpm_fifo_axis_inst/xpm_fifo_base_inst/gen_cdc_pntr.rd_pntr_cdc_inst/src_gray_ff_reg[5]/C
                            (rising edge-triggered cell FDRE clocked by spi_layer1_clock_internal  {rise@0.000ns fall@25.000ns period=50.000ns})
  Destination:            astep24_3l_top_I/loopback_spi_layer_1/miso_fifo/inst/gen_fifo.xpm_fifo_axis_inst/xpm_fifo_base_inst/gen_cdc_pntr.rd_pntr_cdc_inst/dest_graysync_ff_reg[0][5]/D
                            (rising edge-triggered cell FDRE clocked by clk_80_clk_core_extorint_40  {rise@0.000ns fall@6.250ns period=12.500ns})
  Path Group:             clk_80_clk_core_extorint_40
  Path Type:              Setup (Max at Slow Process Corner)
  Requirement:            50.000ns  (MaxDelay Path 50.000ns)
  Data Path Delay:        1.138ns  (logic 0.419ns (36.805%)  route 0.719ns (63.195%))
  Logic Levels:           0  
  Timing Exception:       MaxDelay Path 50.000ns -datapath_only

    Location             Delay type                Incr(ns)  Path(ns)    Netlist Resource(s)
  -------------------------------------------------------------------    -------------------
    SLICE_X58Y68                                      0.000     0.000 r  astep24_3l_top_I/loopback_spi_layer_1/miso_fifo/inst/gen_fifo.xpm_fifo_axis_inst/xpm_fifo_base_inst/gen_cdc_pntr.rd_pntr_cdc_inst/src_gray_ff_reg[5]/C
    SLICE_X58Y68         FDRE (Prop_fdre_C_Q)         0.419     0.419 r  astep24_3l_top_I/loopback_spi_layer_1/miso_fifo/inst/gen_fifo.xpm_fifo_axis_inst/xpm_fifo_base_inst/gen_cdc_pntr.rd_pntr_cdc_inst/src_gray_ff_reg[5]/Q
                         net (fo=1, routed)           0.719     1.138    astep24_3l_top_I/loopback_spi_layer_1/miso_fifo/inst/gen_fifo.xpm_fifo_axis_inst/xpm_fifo_base_inst/gen_cdc_pntr.rd_pntr_cdc_inst/async_path[5]
    SLICE_X59Y68         FDRE                                         r  astep24_3l_top_I/loopback_spi_layer_1/miso_fifo/inst/gen_fifo.xpm_fifo_axis_inst/xpm_fifo_base_inst/gen_cdc_pntr.rd_pntr_cdc_inst/dest_graysync_ff_reg[0][5]/D
  -------------------------------------------------------------------    -------------------

                         max delay                   50.000    50.000    
    SLICE_X59Y68         FDRE (Setup_fdre_C_D)       -0.266    49.734    astep24_3l_top_I/loopback_spi_layer_1/miso_fifo/inst/gen_fifo.xpm_fifo_axis_inst/xpm_fifo_base_inst/gen_cdc_pntr.rd_pntr_cdc_inst/dest_graysync_ff_reg[0][5]
  -------------------------------------------------------------------
                         required time                         49.734    
                         arrival time                          -1.138    
  -------------------------------------------------------------------
                         slack                                 48.596    





---------------------------------------------------------------------------------------------------
From Clock:  spi_layer2_clock_internal
  To Clock:  clk_80_clk_core_extorint_40

Setup :            0  Failing Endpoints,  Worst Slack       48.400ns,  Total Violation        0.000ns
Hold  :           NA  Failing Endpoints,  Worst Slack           NA  ,  Total Violation           NA
---------------------------------------------------------------------------------------------------


Max Delay Paths
--------------------------------------------------------------------------------------
Slack (MET) :             48.400ns  (required time - arrival time)
  Source:                 astep24_3l_top_I/loopback_spi_layer_2/spi_igress_fifo/inst/gen_fifo.xpm_fifo_axis_inst/xpm_fifo_base_inst/gen_cdc_pntr.wr_pntr_cdc_dc_inst/src_gray_ff_reg[1]/C
                            (rising edge-triggered cell FDRE clocked by spi_layer2_clock_internal  {rise@0.000ns fall@25.000ns period=50.000ns})
  Destination:            astep24_3l_top_I/loopback_spi_layer_2/spi_igress_fifo/inst/gen_fifo.xpm_fifo_axis_inst/xpm_fifo_base_inst/gen_cdc_pntr.wr_pntr_cdc_dc_inst/dest_graysync_ff_reg[0][1]/D
                            (rising edge-triggered cell FDRE clocked by clk_80_clk_core_extorint_40  {rise@0.000ns fall@6.250ns period=12.500ns})
  Path Group:             clk_80_clk_core_extorint_40
  Path Type:              Setup (Max at Slow Process Corner)
  Requirement:            50.000ns  (MaxDelay Path 50.000ns)
  Data Path Delay:        1.381ns  (logic 0.478ns (34.607%)  route 0.903ns (65.393%))
  Logic Levels:           0  
  Timing Exception:       MaxDelay Path 50.000ns -datapath_only

    Location             Delay type                Incr(ns)  Path(ns)    Netlist Resource(s)
  -------------------------------------------------------------------    -------------------
    SLICE_X30Y30                                      0.000     0.000 r  astep24_3l_top_I/loopback_spi_layer_2/spi_igress_fifo/inst/gen_fifo.xpm_fifo_axis_inst/xpm_fifo_base_inst/gen_cdc_pntr.wr_pntr_cdc_dc_inst/src_gray_ff_reg[1]/C
    SLICE_X30Y30         FDRE (Prop_fdre_C_Q)         0.478     0.478 r  astep24_3l_top_I/loopback_spi_layer_2/spi_igress_fifo/inst/gen_fifo.xpm_fifo_axis_inst/xpm_fifo_base_inst/gen_cdc_pntr.wr_pntr_cdc_dc_inst/src_gray_ff_reg[1]/Q
                         net (fo=1, routed)           0.903     1.381    astep24_3l_top_I/loopback_spi_layer_2/spi_igress_fifo/inst/gen_fifo.xpm_fifo_axis_inst/xpm_fifo_base_inst/gen_cdc_pntr.wr_pntr_cdc_dc_inst/async_path[1]
    SLICE_X30Y31         FDRE                                         r  astep24_3l_top_I/loopback_spi_layer_2/spi_igress_fifo/inst/gen_fifo.xpm_fifo_axis_inst/xpm_fifo_base_inst/gen_cdc_pntr.wr_pntr_cdc_dc_inst/dest_graysync_ff_reg[0][1]/D
  -------------------------------------------------------------------    -------------------

                         max delay                   50.000    50.000    
    SLICE_X30Y31         FDRE (Setup_fdre_C_D)       -0.219    49.781    astep24_3l_top_I/loopback_spi_layer_2/spi_igress_fifo/inst/gen_fifo.xpm_fifo_axis_inst/xpm_fifo_base_inst/gen_cdc_pntr.wr_pntr_cdc_dc_inst/dest_graysync_ff_reg[0][1]
  -------------------------------------------------------------------
                         required time                         49.781    
                         arrival time                          -1.381    
  -------------------------------------------------------------------
                         slack                                 48.400    





---------------------------------------------------------------------------------------------------
From Clock:  clk_80_clk_core_extorint_40
  To Clock:  hk_spi_divided

Setup :            0  Failing Endpoints,  Worst Slack        0.768ns,  Total Violation        0.000ns
Hold  :            0  Failing Endpoints,  Worst Slack        0.095ns,  Total Violation        0.000ns
---------------------------------------------------------------------------------------------------


Max Delay Paths
--------------------------------------------------------------------------------------
Slack (MET) :             0.768ns  (required time - arrival time)
  Source:                 astep24_3l_top_I/main_rfg_I/hk_ctrl_reg_reg[4]/C
                            (rising edge-triggered cell FDSE clocked by clk_80_clk_core_extorint_40  {rise@0.000ns fall@6.250ns period=12.500ns})
  Destination:            ext_spi_mosi
                            (output port clocked by hk_spi_divided  {rise@0.000ns fall@12.500ns period=25.000ns})
  Path Group:             hk_spi_divided
  Path Type:              Max at Slow Process Corner
  Requirement:            12.500ns  (hk_spi_divided rise@25.000ns - clk_80_clk_core_extorint_40 rise@12.500ns)
  Data Path Delay:        6.641ns  (logic 4.083ns (61.478%)  route 2.558ns (38.522%))
  Logic Levels:           2  (LUT3=1 OBUF=1)
  Output Delay:           5.000ns
  Clock Path Skew:        0.020ns (DCD - SCD + CPR)
    Destination Clock Delay (DCD):    -1.164ns = ( 23.836 - 25.000 ) 
    Source Clock Delay      (SCD):    -0.701ns = ( 11.799 - 12.500 ) 
    Clock Pessimism Removal (CPR):    0.483ns
  Clock Uncertainty:      0.110ns  ((TSJ^2 + DJ^2)^1/2) / 2 + PE
    Total System Jitter     (TSJ):    0.071ns
    Discrete Jitter          (DJ):    0.209ns
    Phase Error              (PE):    0.000ns

    Location             Delay type                Incr(ns)  Path(ns)    Netlist Resource(s)
  -------------------------------------------------------------------    -------------------
                         (clock clk_80_clk_core_extorint_40 rise edge)
                                                     12.500    12.500 r  
    L17                                               0.000    12.500 r  sysclk (IN)
                         net (fo=0)                   0.000    12.500    astep24_3l_top_I/clocking_reset_I/sys_to_40/inst/clk_in1
    L17                  IBUF (Prop_ibuf_I_O)         1.476    13.976 r  astep24_3l_top_I/clocking_reset_I/sys_to_40/inst/clkin1_ibufg/O
                         net (fo=1, routed)           1.233    15.209    astep24_3l_top_I/clocking_reset_I/sys_to_40/inst/clk_in1_clk_sys_to_40
    MMCME2_ADV_X0Y0      MMCME2_ADV (Prop_mmcme2_adv_CLKIN1_CLKOUT0)
                                                     -6.965     8.244 r  astep24_3l_top_I/clocking_reset_I/sys_to_40/inst/mmcm_adv_inst/CLKOUT0
                         net (fo=1, routed)           1.666     9.911    astep24_3l_top_I/clocking_reset_I/sys_to_40/inst/clk_out1_clk_sys_to_40
    BUFGCTRL_X0Y10       BUFG (Prop_bufg_I_O)         0.096    10.007 r  astep24_3l_top_I/clocking_reset_I/sys_to_40/inst/clkout1_buf/O
                         net (fo=34, routed)          1.575    11.582    astep24_3l_top_I/clocking_reset_I/intern_or_ext_to_internal/inst/clk_in1
    MMCME2_ADV_X1Y0      MMCME2_ADV (Prop_mmcme2_adv_CLKIN1_CLKOUT1)
                                                     -3.333     8.249 r  astep24_3l_top_I/clocking_reset_I/intern_or_ext_to_internal/inst/mmcm_adv_inst/CLKOUT1
                         net (fo=1, routed)           1.661     9.911    astep24_3l_top_I/clocking_reset_I/intern_or_ext_to_internal/inst/clk_80_clk_core_extorint_40
    BUFGCTRL_X0Y6        BUFG (Prop_bufg_I_O)         0.096    10.007 r  astep24_3l_top_I/clocking_reset_I/intern_or_ext_to_internal/inst/clkout2_buf/O
                         net (fo=5282, routed)        1.792    11.799    astep24_3l_top_I/main_rfg_I/clk_80
    SLICE_X3Y122         FDSE                                         r  astep24_3l_top_I/main_rfg_I/hk_ctrl_reg_reg[4]/C
  -------------------------------------------------------------------    -------------------
    SLICE_X3Y122         FDSE (Prop_fdse_C_Q)         0.456    12.255 r  astep24_3l_top_I/main_rfg_I/hk_ctrl_reg_reg[4]/Q
                         net (fo=18, routed)          0.896    13.151    astep24_3l_top_I/housekeeping/ext_adcdac_driver/spi_io/mosi_byte_reg[0]_0[3]
    SLICE_X1Y136         LUT3 (Prop_lut3_I1_O)        0.124    13.275 r  astep24_3l_top_I/housekeeping/ext_adcdac_driver/spi_io/ext_spi_mosi_OBUF_inst_i_1/O
                         net (fo=1, routed)           1.663    14.937    ext_spi_mosi_OBUF
    A15                  OBUF (Prop_obuf_I_O)         3.503    18.440 r  ext_spi_mosi_OBUF_inst/O
                         net (fo=0)                   0.000    18.440    ext_spi_mosi
    A15                                                               r  ext_spi_mosi (OUT)
  -------------------------------------------------------------------    -------------------

                         (clock hk_spi_divided rise edge)
                                                     25.000    25.000 r  
    L17                                               0.000    25.000 r  sysclk (IN)
                         net (fo=0)                   0.000    25.000    astep24_3l_top_I/clocking_reset_I/sys_to_40/inst/clk_in1
    L17                  IBUF (Prop_ibuf_I_O)         1.406    26.405 r  astep24_3l_top_I/clocking_reset_I/sys_to_40/inst/clkin1_ibufg/O
                         net (fo=1, routed)           1.162    27.567    astep24_3l_top_I/clocking_reset_I/sys_to_40/inst/clk_in1_clk_sys_to_40
    MMCME2_ADV_X0Y0      MMCME2_ADV (Prop_mmcme2_adv_CLKIN1_CLKOUT0)
                                                     -7.221    20.346 r  astep24_3l_top_I/clocking_reset_I/sys_to_40/inst/mmcm_adv_inst/CLKOUT0
                         net (fo=1, routed)           1.587    21.933    astep24_3l_top_I/clocking_reset_I/sys_to_40/inst/clk_out1_clk_sys_to_40
    BUFGCTRL_X0Y10       BUFG (Prop_bufg_I_O)         0.091    22.024 r  astep24_3l_top_I/clocking_reset_I/sys_to_40/inst/clkout1_buf/O
                         net (fo=34, routed)          1.457    23.481    astep24_3l_top_I/clocking_reset_I/intern_or_ext_to_internal/inst/clk_in1
    MMCME2_ADV_X1Y0      MMCME2_ADV (Prop_mmcme2_adv_CLKIN1_CLKOUT1)
                                                     -3.129    20.352 r  astep24_3l_top_I/clocking_reset_I/intern_or_ext_to_internal/inst/mmcm_adv_inst/CLKOUT1
                         net (fo=1, routed)           1.581    21.933    astep24_3l_top_I/clocking_reset_I/intern_or_ext_to_internal/inst/clk_80_clk_core_extorint_40
    BUFGCTRL_X0Y6        BUFG (Prop_bufg_I_O)         0.091    22.024 r  astep24_3l_top_I/clocking_reset_I/intern_or_ext_to_internal/inst/clkout2_buf/O
                         net (fo=5282, routed)        1.445    23.469    astep24_3l_top_I/main_rfg_I/clk_80
    SLICE_X36Y46         FDRE (Prop_fdre_C_Q)         0.367    23.836 r  astep24_3l_top_I/main_rfg_I/spi_hk_ckdivider_divided_clk_reg/Q
                         clock pessimism              0.483    24.319    
                         clock uncertainty           -0.110    24.209    
                         output delay                -5.000    19.209    
  -------------------------------------------------------------------
                         required time                         19.209    
                         arrival time                         -18.440    
  -------------------------------------------------------------------
                         slack                                  0.768    





Min Delay Paths
--------------------------------------------------------------------------------------
Slack (MET) :             0.095ns  (arrival time - required time)
  Source:                 astep24_3l_top_I/main_rfg_I/hk_ctrl_reg_reg[4]/C
                            (rising edge-triggered cell FDSE clocked by clk_80_clk_core_extorint_40  {rise@0.000ns fall@6.250ns period=12.500ns})
  Destination:            astep24_3l_top_I/housekeeping/ext_adcdac_driver/spi_io/mosi_byte_reg[7]/D
                            (rising edge-triggered cell FDRE clocked by hk_spi_divided  {rise@0.000ns fall@12.500ns period=25.000ns})
  Path Group:             hk_spi_divided
  Path Type:              Hold (Min at Fast Process Corner)
  Requirement:            0.000ns  (hk_spi_divided rise@0.000ns - clk_80_clk_core_extorint_40 rise@0.000ns)
  Data Path Delay:        2.008ns  (logic 0.186ns (9.261%)  route 1.822ns (90.739%))
  Logic Levels:           1  (LUT4=1)
  Clock Path Skew:        1.793ns (DCD - SCD - CPR)
    Destination Clock Delay (DCD):    0.787ns
    Source Clock Delay      (SCD):    -0.498ns
    Clock Pessimism Removal (CPR):    -0.507ns

    Location             Delay type                Incr(ns)  Path(ns)    Netlist Resource(s)
  -------------------------------------------------------------------    -------------------
                         (clock clk_80_clk_core_extorint_40 rise edge)
                                                      0.000     0.000 r  
    L17                                               0.000     0.000 r  sysclk (IN)
                         net (fo=0)                   0.000     0.000    astep24_3l_top_I/clocking_reset_I/sys_to_40/inst/clk_in1
    L17                  IBUF (Prop_ibuf_I_O)         0.244     0.244 r  astep24_3l_top_I/clocking_reset_I/sys_to_40/inst/clkin1_ibufg/O
                         net (fo=1, routed)           0.440     0.684    astep24_3l_top_I/clocking_reset_I/sys_to_40/inst/clk_in1_clk_sys_to_40
    MMCME2_ADV_X0Y0      MMCME2_ADV (Prop_mmcme2_adv_CLKIN1_CLKOUT0)
                                                     -2.362    -1.678 r  astep24_3l_top_I/clocking_reset_I/sys_to_40/inst/mmcm_adv_inst/CLKOUT0
                         net (fo=1, routed)           0.489    -1.189    astep24_3l_top_I/clocking_reset_I/sys_to_40/inst/clk_out1_clk_sys_to_40
    BUFGCTRL_X0Y10       BUFG (Prop_bufg_I_O)         0.026    -1.163 r  astep24_3l_top_I/clocking_reset_I/sys_to_40/inst/clkout1_buf/O
                         net (fo=34, routed)          0.549    -0.615    astep24_3l_top_I/clocking_reset_I/intern_or_ext_to_internal/inst/clk_in1
    MMCME2_ADV_X1Y0      MMCME2_ADV (Prop_mmcme2_adv_CLKIN1_CLKOUT1)
                                                     -1.061    -1.675 r  astep24_3l_top_I/clocking_reset_I/intern_or_ext_to_internal/inst/mmcm_adv_inst/CLKOUT1
                         net (fo=1, routed)           0.486    -1.189    astep24_3l_top_I/clocking_reset_I/intern_or_ext_to_internal/inst/clk_80_clk_core_extorint_40
    BUFGCTRL_X0Y6        BUFG (Prop_bufg_I_O)         0.026    -1.163 r  astep24_3l_top_I/clocking_reset_I/intern_or_ext_to_internal/inst/clkout2_buf/O
                         net (fo=5282, routed)        0.665    -0.498    astep24_3l_top_I/main_rfg_I/clk_80
    SLICE_X3Y122         FDSE                                         r  astep24_3l_top_I/main_rfg_I/hk_ctrl_reg_reg[4]/C
  -------------------------------------------------------------------    -------------------
    SLICE_X3Y122         FDSE (Prop_fdse_C_Q)         0.141    -0.357 r  astep24_3l_top_I/main_rfg_I/hk_ctrl_reg_reg[4]/Q
                         net (fo=18, routed)          1.822     1.465    astep24_3l_top_I/housekeeping/ext_adcdac_driver/spi_io/mosi_byte_reg[0]_0[3]
    SLICE_X8Y76          LUT4 (Prop_lut4_I3_O)        0.045     1.510 r  astep24_3l_top_I/housekeeping/ext_adcdac_driver/spi_io/mosi_byte[7]_i_2__2/O
                         net (fo=1, routed)           0.000     1.510    astep24_3l_top_I/housekeeping/ext_adcdac_driver/spi_io/mosi_byte[7]_i_2__2_n_0
    SLICE_X8Y76          FDRE                                         r  astep24_3l_top_I/housekeeping/ext_adcdac_driver/spi_io/mosi_byte_reg[7]/D
  -------------------------------------------------------------------    -------------------

                         (clock hk_spi_divided rise edge)
                                                      0.000     0.000 r  
    L17                                               0.000     0.000 r  sysclk (IN)
                         net (fo=0)                   0.000     0.000    astep24_3l_top_I/clocking_reset_I/sys_to_40/inst/clk_in1
    L17                  IBUF (Prop_ibuf_I_O)         0.432     0.432 r  astep24_3l_top_I/clocking_reset_I/sys_to_40/inst/clkin1_ibufg/O
                         net (fo=1, routed)           0.480     0.912    astep24_3l_top_I/clocking_reset_I/sys_to_40/inst/clk_in1_clk_sys_to_40
    MMCME2_ADV_X0Y0      MMCME2_ADV (Prop_mmcme2_adv_CLKIN1_CLKOUT0)
                                                     -3.145    -2.233 r  astep24_3l_top_I/clocking_reset_I/sys_to_40/inst/mmcm_adv_inst/CLKOUT0
                         net (fo=1, routed)           0.534    -1.700    astep24_3l_top_I/clocking_reset_I/sys_to_40/inst/clk_out1_clk_sys_to_40
    BUFGCTRL_X0Y10       BUFG (Prop_bufg_I_O)         0.029    -1.671 r  astep24_3l_top_I/clocking_reset_I/sys_to_40/inst/clkout1_buf/O
                         net (fo=34, routed)          0.817    -0.854    astep24_3l_top_I/clocking_reset_I/intern_or_ext_to_internal/inst/clk_in1
    MMCME2_ADV_X1Y0      MMCME2_ADV (Prop_mmcme2_adv_CLKIN1_CLKOUT1)
                                                     -1.375    -2.229 r  astep24_3l_top_I/clocking_reset_I/intern_or_ext_to_internal/inst/mmcm_adv_inst/CLKOUT1
                         net (fo=1, routed)           0.530    -1.700    astep24_3l_top_I/clocking_reset_I/intern_or_ext_to_internal/inst/clk_80_clk_core_extorint_40
    BUFGCTRL_X0Y6        BUFG (Prop_bufg_I_O)         0.029    -1.671 r  astep24_3l_top_I/clocking_reset_I/intern_or_ext_to_internal/inst/clkout2_buf/O
                         net (fo=5282, routed)        0.832    -0.839    astep24_3l_top_I/main_rfg_I/clk_80
    SLICE_X36Y46         FDRE (Prop_fdre_C_Q)         0.175    -0.664 r  astep24_3l_top_I/main_rfg_I/spi_hk_ckdivider_divided_clk_reg/Q
                         net (fo=2, routed)           0.604    -0.061    astep24_3l_top_I_n_28
    BUFGCTRL_X0Y8        BUFG (Prop_bufg_I_O)         0.029    -0.032 r  spi_hk_ckdivider_divided_resn_delay_reg[7]_i_1/O
                         net (fo=257, routed)         0.818     0.787    astep24_3l_top_I/housekeeping/ext_adcdac_driver/spi_io/mosi_byte_reg[7]_0
    SLICE_X8Y76          FDRE                                         r  astep24_3l_top_I/housekeeping/ext_adcdac_driver/spi_io/mosi_byte_reg[7]/C
                         clock pessimism              0.507     1.294    
    SLICE_X8Y76          FDRE (Hold_fdre_C_D)         0.121     1.415    astep24_3l_top_I/housekeeping/ext_adcdac_driver/spi_io/mosi_byte_reg[7]
  -------------------------------------------------------------------
                         required time                         -1.415    
                         arrival time                           1.510    
  -------------------------------------------------------------------
                         slack                                  0.095    





---------------------------------------------------------------------------------------------------
From Clock:  hk_spi_divided_clock_internal
  To Clock:  hk_spi_divided

Setup :            0  Failing Endpoints,  Worst Slack       22.453ns,  Total Violation        0.000ns
Hold  :            0  Failing Endpoints,  Worst Slack        0.494ns,  Total Violation        0.000ns
---------------------------------------------------------------------------------------------------


Max Delay Paths
--------------------------------------------------------------------------------------
Slack (MET) :             22.453ns  (required time - arrival time)
  Source:                 astep24_3l_top_I/housekeeping/ext_adcdac_driver/spi_io/spi_clk_reg_reg/Q
                            (clock source 'hk_spi_divided_clock_internal'  {rise@0.000ns fall@25.000ns period=50.000ns})
  Destination:            astep24_3l_top_I/housekeeping/ext_adcdac_driver/spi_io/spi_clk_reg_reg/D
                            (rising edge-triggered cell FDRE clocked by hk_spi_divided  {rise@0.000ns fall@12.500ns period=25.000ns})
  Path Group:             hk_spi_divided
  Path Type:              Setup (Max at Slow Process Corner)
  Requirement:            25.000ns  (hk_spi_divided rise@25.000ns - hk_spi_divided_clock_internal rise@0.000ns)
  Data Path Delay:        1.897ns  (logic 0.124ns (6.537%)  route 1.773ns (93.463%))
  Logic Levels:           1  (LUT6=1)
  Clock Path Skew:        -0.570ns (DCD - SCD + CPR)
    Destination Clock Delay (DCD):    1.575ns = ( 26.575 - 25.000 ) 
    Source Clock Delay      (SCD):    3.034ns
    Clock Pessimism Removal (CPR):    0.889ns
  Clock Uncertainty:      0.110ns  ((TSJ^2 + DJ^2)^1/2) / 2 + PE
    Total System Jitter     (TSJ):    0.071ns
    Discrete Jitter          (DJ):    0.209ns
    Phase Error              (PE):    0.000ns

    Location             Delay type                Incr(ns)  Path(ns)    Netlist Resource(s)
  -------------------------------------------------------------------    -------------------
                         (clock hk_spi_divided_clock_internal rise edge)
                                                      0.000     0.000 r  
    L17                                               0.000     0.000 r  sysclk (IN)
                         net (fo=0)                   0.000     0.000    astep24_3l_top_I/clocking_reset_I/sys_to_40/inst/clk_in1
    L17                  IBUF (Prop_ibuf_I_O)         1.476     1.476 r  astep24_3l_top_I/clocking_reset_I/sys_to_40/inst/clkin1_ibufg/O
                         net (fo=1, routed)           1.233     2.709    astep24_3l_top_I/clocking_reset_I/sys_to_40/inst/clk_in1_clk_sys_to_40
    MMCME2_ADV_X0Y0      MMCME2_ADV (Prop_mmcme2_adv_CLKIN1_CLKOUT0)
                                                     -6.965    -4.256 r  astep24_3l_top_I/clocking_reset_I/sys_to_40/inst/mmcm_adv_inst/CLKOUT0
                         net (fo=1, routed)           1.666    -2.589    astep24_3l_top_I/clocking_reset_I/sys_to_40/inst/clk_out1_clk_sys_to_40
    BUFGCTRL_X0Y10       BUFG (Prop_bufg_I_O)         0.096    -2.493 r  astep24_3l_top_I/clocking_reset_I/sys_to_40/inst/clkout1_buf/O
                         net (fo=34, routed)          1.575    -0.918    astep24_3l_top_I/clocking_reset_I/intern_or_ext_to_internal/inst/clk_in1
    MMCME2_ADV_X1Y0      MMCME2_ADV (Prop_mmcme2_adv_CLKIN1_CLKOUT1)
                                                     -3.333    -4.251 r  astep24_3l_top_I/clocking_reset_I/intern_or_ext_to_internal/inst/mmcm_adv_inst/CLKOUT1
                         net (fo=1, routed)           1.661    -2.589    astep24_3l_top_I/clocking_reset_I/intern_or_ext_to_internal/inst/clk_80_clk_core_extorint_40
    BUFGCTRL_X0Y6        BUFG (Prop_bufg_I_O)         0.096    -2.493 r  astep24_3l_top_I/clocking_reset_I/intern_or_ext_to_internal/inst/clkout2_buf/O
                         net (fo=5282, routed)        1.565    -0.928    astep24_3l_top_I/main_rfg_I/clk_80
    SLICE_X36Y46         FDRE (Prop_fdre_C_Q)         0.456    -0.472 r  astep24_3l_top_I/main_rfg_I/spi_hk_ckdivider_divided_clk_reg/Q
                         net (fo=2, routed)           1.417     0.945    astep24_3l_top_I_n_28
    BUFGCTRL_X0Y8        BUFG (Prop_bufg_I_O)         0.096     1.041 r  spi_hk_ckdivider_divided_resn_delay_reg[7]_i_1/O
                         net (fo=257, routed)         1.537     2.578    astep24_3l_top_I/housekeeping/ext_adcdac_driver/spi_io/mosi_byte_reg[7]_0
  -------------------------------------------------------------------    -------------------
    SLICE_X13Y75         FDRE (Prop_fdre_C_Q)         0.456     3.034 r  astep24_3l_top_I/housekeeping/ext_adcdac_driver/spi_io/spi_clk_reg_reg/Q
                         net (fo=2, routed)           1.773     4.807    astep24_3l_top_I/housekeeping/ext_adcdac_driver/spi_io/ext_spi_clk_OBUF
    SLICE_X13Y75         LUT6 (Prop_lut6_I5_O)        0.124     4.931 r  astep24_3l_top_I/housekeeping/ext_adcdac_driver/spi_io/spi_clk_reg_i_1__2/O
                         net (fo=1, routed)           0.000     4.931    astep24_3l_top_I/housekeeping/ext_adcdac_driver/spi_io/spi_clk_reg_i_1__2_n_0
    SLICE_X13Y75         FDRE                                         r  astep24_3l_top_I/housekeeping/ext_adcdac_driver/spi_io/spi_clk_reg_reg/D
  -------------------------------------------------------------------    -------------------

                         (clock hk_spi_divided rise edge)
                                                     25.000    25.000 r  
    L17                                               0.000    25.000 r  sysclk (IN)
                         net (fo=0)                   0.000    25.000    astep24_3l_top_I/clocking_reset_I/sys_to_40/inst/clk_in1
    L17                  IBUF (Prop_ibuf_I_O)         1.406    26.405 r  astep24_3l_top_I/clocking_reset_I/sys_to_40/inst/clkin1_ibufg/O
                         net (fo=1, routed)           1.162    27.567    astep24_3l_top_I/clocking_reset_I/sys_to_40/inst/clk_in1_clk_sys_to_40
    MMCME2_ADV_X0Y0      MMCME2_ADV (Prop_mmcme2_adv_CLKIN1_CLKOUT0)
                                                     -7.221    20.346 r  astep24_3l_top_I/clocking_reset_I/sys_to_40/inst/mmcm_adv_inst/CLKOUT0
                         net (fo=1, routed)           1.587    21.933    astep24_3l_top_I/clocking_reset_I/sys_to_40/inst/clk_out1_clk_sys_to_40
    BUFGCTRL_X0Y10       BUFG (Prop_bufg_I_O)         0.091    22.024 r  astep24_3l_top_I/clocking_reset_I/sys_to_40/inst/clkout1_buf/O
                         net (fo=34, routed)          1.457    23.481    astep24_3l_top_I/clocking_reset_I/intern_or_ext_to_internal/inst/clk_in1
    MMCME2_ADV_X1Y0      MMCME2_ADV (Prop_mmcme2_adv_CLKIN1_CLKOUT1)
                                                     -3.129    20.352 r  astep24_3l_top_I/clocking_reset_I/intern_or_ext_to_internal/inst/mmcm_adv_inst/CLKOUT1
                         net (fo=1, routed)           1.581    21.933    astep24_3l_top_I/clocking_reset_I/intern_or_ext_to_internal/inst/clk_80_clk_core_extorint_40
    BUFGCTRL_X0Y6        BUFG (Prop_bufg_I_O)         0.091    22.024 r  astep24_3l_top_I/clocking_reset_I/intern_or_ext_to_internal/inst/clkout2_buf/O
                         net (fo=5282, routed)        1.445    23.469    astep24_3l_top_I/main_rfg_I/clk_80
    SLICE_X36Y46         FDRE (Prop_fdre_C_Q)         0.367    23.836 r  astep24_3l_top_I/main_rfg_I/spi_hk_ckdivider_divided_clk_reg/Q
                         net (fo=2, routed)           1.225    25.061    astep24_3l_top_I_n_28
    BUFGCTRL_X0Y8        BUFG (Prop_bufg_I_O)         0.091    25.152 r  spi_hk_ckdivider_divided_resn_delay_reg[7]_i_1/O
                         net (fo=257, routed)         1.423    26.575    astep24_3l_top_I/housekeeping/ext_adcdac_driver/spi_io/mosi_byte_reg[7]_0
    SLICE_X13Y75         FDRE                                         r  astep24_3l_top_I/housekeeping/ext_adcdac_driver/spi_io/spi_clk_reg_reg/C
                         clock pessimism              0.889    27.463    
                         clock uncertainty           -0.110    27.353    
    SLICE_X13Y75         FDRE (Setup_fdre_C_D)        0.031    27.384    astep24_3l_top_I/housekeeping/ext_adcdac_driver/spi_io/spi_clk_reg_reg
  -------------------------------------------------------------------
                         required time                         27.384    
                         arrival time                          -4.931    
  -------------------------------------------------------------------
                         slack                                 22.453    





Min Delay Paths
--------------------------------------------------------------------------------------
Slack (MET) :             0.494ns  (arrival time - required time)
  Source:                 astep24_3l_top_I/housekeeping/ext_adcdac_driver/spi_io/spi_clk_reg_reg/Q
                            (clock source 'hk_spi_divided_clock_internal'  {rise@0.000ns fall@25.000ns period=50.000ns})
  Destination:            astep24_3l_top_I/housekeeping/ext_adcdac_driver/spi_io/spi_clk_reg_reg/D
                            (rising edge-triggered cell FDRE clocked by hk_spi_divided  {rise@0.000ns fall@12.500ns period=25.000ns})
  Path Group:             hk_spi_divided
  Path Type:              Hold (Min at Fast Process Corner)
  Requirement:            0.000ns  (hk_spi_divided rise@0.000ns - hk_spi_divided_clock_internal rise@0.000ns)
  Data Path Delay:        0.712ns  (logic 0.045ns (6.322%)  route 0.667ns (93.678%))
  Logic Levels:           1  (LUT6=1)
  Clock Path Skew:        0.126ns (DCD - SCD - CPR)
    Destination Clock Delay (DCD):    0.786ns
    Source Clock Delay      (SCD):    0.784ns
    Clock Pessimism Removal (CPR):    -0.124ns

    Location             Delay type                Incr(ns)  Path(ns)    Netlist Resource(s)
  -------------------------------------------------------------------    -------------------
                         (clock hk_spi_divided_clock_internal rise edge)
                                                      0.000     0.000 r  
    L17                                               0.000     0.000 r  sysclk (IN)
                         net (fo=0)                   0.000     0.000    astep24_3l_top_I/clocking_reset_I/sys_to_40/inst/clk_in1
    L17                  IBUF (Prop_ibuf_I_O)         0.244     0.244 r  astep24_3l_top_I/clocking_reset_I/sys_to_40/inst/clkin1_ibufg/O
                         net (fo=1, routed)           0.440     0.684    astep24_3l_top_I/clocking_reset_I/sys_to_40/inst/clk_in1_clk_sys_to_40
    MMCME2_ADV_X0Y0      MMCME2_ADV (Prop_mmcme2_adv_CLKIN1_CLKOUT0)
                                                     -2.362    -1.678 r  astep24_3l_top_I/clocking_reset_I/sys_to_40/inst/mmcm_adv_inst/CLKOUT0
                         net (fo=1, routed)           0.489    -1.189    astep24_3l_top_I/clocking_reset_I/sys_to_40/inst/clk_out1_clk_sys_to_40
    BUFGCTRL_X0Y10       BUFG (Prop_bufg_I_O)         0.026    -1.163 r  astep24_3l_top_I/clocking_reset_I/sys_to_40/inst/clkout1_buf/O
                         net (fo=34, routed)          0.549    -0.615    astep24_3l_top_I/clocking_reset_I/intern_or_ext_to_internal/inst/clk_in1
    MMCME2_ADV_X1Y0      MMCME2_ADV (Prop_mmcme2_adv_CLKIN1_CLKOUT1)
                                                     -1.061    -1.675 r  astep24_3l_top_I/clocking_reset_I/intern_or_ext_to_internal/inst/mmcm_adv_inst/CLKOUT1
                         net (fo=1, routed)           0.486    -1.189    astep24_3l_top_I/clocking_reset_I/intern_or_ext_to_internal/inst/clk_80_clk_core_extorint_40
    BUFGCTRL_X0Y6        BUFG (Prop_bufg_I_O)         0.026    -1.163 r  astep24_3l_top_I/clocking_reset_I/intern_or_ext_to_internal/inst/clkout2_buf/O
                         net (fo=5282, routed)        0.563    -0.601    astep24_3l_top_I/main_rfg_I/clk_80
    SLICE_X36Y46         FDRE (Prop_fdre_C_Q)         0.141    -0.460 r  astep24_3l_top_I/main_rfg_I/spi_hk_ckdivider_divided_clk_reg/Q
                         net (fo=2, routed)           0.527     0.067    astep24_3l_top_I_n_28
    BUFGCTRL_X0Y8        BUFG (Prop_bufg_I_O)         0.026     0.093 r  spi_hk_ckdivider_divided_resn_delay_reg[7]_i_1/O
                         net (fo=257, routed)         0.551     0.643    astep24_3l_top_I/housekeeping/ext_adcdac_driver/spi_io/mosi_byte_reg[7]_0
  -------------------------------------------------------------------    -------------------
    SLICE_X13Y75         FDRE (Prop_fdre_C_Q)         0.141     0.784 r  astep24_3l_top_I/housekeeping/ext_adcdac_driver/spi_io/spi_clk_reg_reg/Q
                         net (fo=2, routed)           0.667     1.451    astep24_3l_top_I/housekeeping/ext_adcdac_driver/spi_io/ext_spi_clk_OBUF
    SLICE_X13Y75         LUT6 (Prop_lut6_I5_O)        0.045     1.496 r  astep24_3l_top_I/housekeeping/ext_adcdac_driver/spi_io/spi_clk_reg_i_1__2/O
                         net (fo=1, routed)           0.000     1.496    astep24_3l_top_I/housekeeping/ext_adcdac_driver/spi_io/spi_clk_reg_i_1__2_n_0
    SLICE_X13Y75         FDRE                                         r  astep24_3l_top_I/housekeeping/ext_adcdac_driver/spi_io/spi_clk_reg_reg/D
  -------------------------------------------------------------------    -------------------

                         (clock hk_spi_divided rise edge)
                                                      0.000     0.000 r  
    L17                                               0.000     0.000 r  sysclk (IN)
                         net (fo=0)                   0.000     0.000    astep24_3l_top_I/clocking_reset_I/sys_to_40/inst/clk_in1
    L17                  IBUF (Prop_ibuf_I_O)         0.432     0.432 r  astep24_3l_top_I/clocking_reset_I/sys_to_40/inst/clkin1_ibufg/O
                         net (fo=1, routed)           0.480     0.912    astep24_3l_top_I/clocking_reset_I/sys_to_40/inst/clk_in1_clk_sys_to_40
    MMCME2_ADV_X0Y0      MMCME2_ADV (Prop_mmcme2_adv_CLKIN1_CLKOUT0)
                                                     -3.145    -2.233 r  astep24_3l_top_I/clocking_reset_I/sys_to_40/inst/mmcm_adv_inst/CLKOUT0
                         net (fo=1, routed)           0.534    -1.700    astep24_3l_top_I/clocking_reset_I/sys_to_40/inst/clk_out1_clk_sys_to_40
    BUFGCTRL_X0Y10       BUFG (Prop_bufg_I_O)         0.029    -1.671 r  astep24_3l_top_I/clocking_reset_I/sys_to_40/inst/clkout1_buf/O
                         net (fo=34, routed)          0.817    -0.854    astep24_3l_top_I/clocking_reset_I/intern_or_ext_to_internal/inst/clk_in1
    MMCME2_ADV_X1Y0      MMCME2_ADV (Prop_mmcme2_adv_CLKIN1_CLKOUT1)
                                                     -1.375    -2.229 r  astep24_3l_top_I/clocking_reset_I/intern_or_ext_to_internal/inst/mmcm_adv_inst/CLKOUT1
                         net (fo=1, routed)           0.530    -1.700    astep24_3l_top_I/clocking_reset_I/intern_or_ext_to_internal/inst/clk_80_clk_core_extorint_40
    BUFGCTRL_X0Y6        BUFG (Prop_bufg_I_O)         0.029    -1.671 r  astep24_3l_top_I/clocking_reset_I/intern_or_ext_to_internal/inst/clkout2_buf/O
                         net (fo=5282, routed)        0.832    -0.839    astep24_3l_top_I/main_rfg_I/clk_80
    SLICE_X36Y46         FDRE (Prop_fdre_C_Q)         0.175    -0.664 r  astep24_3l_top_I/main_rfg_I/spi_hk_ckdivider_divided_clk_reg/Q
                         net (fo=2, routed)           0.604    -0.061    astep24_3l_top_I_n_28
    BUFGCTRL_X0Y8        BUFG (Prop_bufg_I_O)         0.029    -0.032 r  spi_hk_ckdivider_divided_resn_delay_reg[7]_i_1/O
                         net (fo=257, routed)         0.817     0.786    astep24_3l_top_I/housekeeping/ext_adcdac_driver/spi_io/mosi_byte_reg[7]_0
    SLICE_X13Y75         FDRE                                         r  astep24_3l_top_I/housekeeping/ext_adcdac_driver/spi_io/spi_clk_reg_reg/C
                         clock pessimism              0.124     0.910    
    SLICE_X13Y75         FDRE (Hold_fdre_C_D)         0.092     1.002    astep24_3l_top_I/housekeeping/ext_adcdac_driver/spi_io/spi_clk_reg_reg
  -------------------------------------------------------------------
                         required time                         -1.002    
                         arrival time                           1.496    
  -------------------------------------------------------------------
                         slack                                  0.494    





---------------------------------------------------------------------------------------------------
From Clock:  clk_80_clk_core_extorint_40
  To Clock:  layers_spi_divided

Setup :            0  Failing Endpoints,  Worst Slack        5.661ns,  Total Violation        0.000ns
Hold  :            0  Failing Endpoints,  Worst Slack        0.119ns,  Total Violation        0.000ns
---------------------------------------------------------------------------------------------------


Max Delay Paths
--------------------------------------------------------------------------------------
Slack (MET) :             5.661ns  (required time - arrival time)
  Source:                 astep24_3l_top_I/main_rfg_I/layer_2_cfg_ctrl_reg_reg[4]/C
                            (rising edge-triggered cell FDRE clocked by clk_80_clk_core_extorint_40  {rise@0.000ns fall@6.250ns period=12.500ns})
  Destination:            astep24_3l_top_I/switched_readout/genblk1[2].layer_if_I/miso_fifo/inst/gen_fifo.xpm_fifo_axis_inst/xpm_fifo_base_inst/wrpp1_inst/count_value_i_reg[7]/D
                            (rising edge-triggered cell FDRE clocked by layers_spi_divided  {rise@0.000ns fall@12.500ns period=25.000ns})
  Path Group:             layers_spi_divided
  Path Type:              Setup (Max at Slow Process Corner)
  Requirement:            12.500ns  (layers_spi_divided rise@25.000ns - clk_80_clk_core_extorint_40 rise@12.500ns)
  Data Path Delay:        9.589ns  (logic 1.188ns (12.389%)  route 8.401ns (87.611%))
  Logic Levels:           4  (LUT2=1 LUT4=2 LUT6=1)
  Clock Path Skew:        2.780ns (DCD - SCD + CPR)
    Destination Clock Delay (DCD):    1.357ns = ( 26.357 - 25.000 ) 
    Source Clock Delay      (SCD):    -0.940ns = ( 11.560 - 12.500 ) 
    Clock Pessimism Removal (CPR):    0.483ns
  Clock Uncertainty:      0.110ns  ((TSJ^2 + DJ^2)^1/2) / 2 + PE
    Total System Jitter     (TSJ):    0.071ns
    Discrete Jitter          (DJ):    0.209ns
    Phase Error              (PE):    0.000ns

    Location             Delay type                Incr(ns)  Path(ns)    Netlist Resource(s)
  -------------------------------------------------------------------    -------------------
                         (clock clk_80_clk_core_extorint_40 rise edge)
                                                     12.500    12.500 r  
    L17                                               0.000    12.500 r  sysclk (IN)
                         net (fo=0)                   0.000    12.500    astep24_3l_top_I/clocking_reset_I/sys_to_40/inst/clk_in1
    L17                  IBUF (Prop_ibuf_I_O)         1.476    13.976 r  astep24_3l_top_I/clocking_reset_I/sys_to_40/inst/clkin1_ibufg/O
                         net (fo=1, routed)           1.233    15.209    astep24_3l_top_I/clocking_reset_I/sys_to_40/inst/clk_in1_clk_sys_to_40
    MMCME2_ADV_X0Y0      MMCME2_ADV (Prop_mmcme2_adv_CLKIN1_CLKOUT0)
                                                     -6.965     8.244 r  astep24_3l_top_I/clocking_reset_I/sys_to_40/inst/mmcm_adv_inst/CLKOUT0
                         net (fo=1, routed)           1.666     9.911    astep24_3l_top_I/clocking_reset_I/sys_to_40/inst/clk_out1_clk_sys_to_40
    BUFGCTRL_X0Y10       BUFG (Prop_bufg_I_O)         0.096    10.007 r  astep24_3l_top_I/clocking_reset_I/sys_to_40/inst/clkout1_buf/O
                         net (fo=34, routed)          1.575    11.582    astep24_3l_top_I/clocking_reset_I/intern_or_ext_to_internal/inst/clk_in1
    MMCME2_ADV_X1Y0      MMCME2_ADV (Prop_mmcme2_adv_CLKIN1_CLKOUT1)
                                                     -3.333     8.249 r  astep24_3l_top_I/clocking_reset_I/intern_or_ext_to_internal/inst/mmcm_adv_inst/CLKOUT1
                         net (fo=1, routed)           1.661     9.911    astep24_3l_top_I/clocking_reset_I/intern_or_ext_to_internal/inst/clk_80_clk_core_extorint_40
    BUFGCTRL_X0Y6        BUFG (Prop_bufg_I_O)         0.096    10.007 r  astep24_3l_top_I/clocking_reset_I/intern_or_ext_to_internal/inst/clkout2_buf/O
                         net (fo=5282, routed)        1.553    11.560    astep24_3l_top_I/main_rfg_I/clk_80
    SLICE_X43Y57         FDRE                                         r  astep24_3l_top_I/main_rfg_I/layer_2_cfg_ctrl_reg_reg[4]/C
  -------------------------------------------------------------------    -------------------
    SLICE_X43Y57         FDRE (Prop_fdre_C_Q)         0.456    12.016 f  astep24_3l_top_I/main_rfg_I/layer_2_cfg_ctrl_reg_reg[4]/Q
                         net (fo=13, routed)          3.669    15.684    astep24_3l_top_I/switched_readout/genblk1[2].layer_if_I/spi_io/miso_bit_counter_reg[2]_0[1]
    SLICE_X52Y46         LUT2 (Prop_lut2_I1_O)        0.124    15.808 r  astep24_3l_top_I/switched_readout/genblk1[2].layer_if_I/spi_io/miso_fifo_i_2__2/O
                         net (fo=7, routed)           2.059    17.867    astep24_3l_top_I/switched_readout/genblk1[2].layer_if_I/miso_fifo/inst/gen_fifo.xpm_fifo_axis_inst/xpm_fifo_base_inst/xpm_fifo_rst_inst/wr_en
    SLICE_X55Y36         LUT4 (Prop_lut4_I0_O)        0.152    18.019 r  astep24_3l_top_I/switched_readout/genblk1[2].layer_if_I/miso_fifo/inst/gen_fifo.xpm_fifo_axis_inst/xpm_fifo_base_inst/xpm_fifo_rst_inst/gen_sdpram.xpm_memory_base_inst_i_1/O
                         net (fo=48, routed)          1.734    19.753    astep24_3l_top_I/switched_readout/genblk1[2].layer_if_I/miso_fifo/inst/gen_fifo.xpm_fifo_axis_inst/xpm_fifo_base_inst/wrpp1_inst/ram_wr_en_i
    SLICE_X52Y33         LUT6 (Prop_lut6_I3_O)        0.332    20.085 r  astep24_3l_top_I/switched_readout/genblk1[2].layer_if_I/miso_fifo/inst/gen_fifo.xpm_fifo_axis_inst/xpm_fifo_base_inst/wrpp1_inst/count_value_i[9]_i_2__0/O
                         net (fo=3, routed)           0.940    21.025    astep24_3l_top_I/switched_readout/genblk1[2].layer_if_I/miso_fifo/inst/gen_fifo.xpm_fifo_axis_inst/xpm_fifo_base_inst/wrpp1_inst/count_value_i[9]_i_2__0_n_0
    SLICE_X52Y33         LUT4 (Prop_lut4_I1_O)        0.124    21.149 r  astep24_3l_top_I/switched_readout/genblk1[2].layer_if_I/miso_fifo/inst/gen_fifo.xpm_fifo_axis_inst/xpm_fifo_base_inst/wrpp1_inst/count_value_i[7]_i_1__0/O
                         net (fo=1, routed)           0.000    21.149    astep24_3l_top_I/switched_readout/genblk1[2].layer_if_I/miso_fifo/inst/gen_fifo.xpm_fifo_axis_inst/xpm_fifo_base_inst/wrpp1_inst/count_value_i[7]_i_1__0_n_0
    SLICE_X52Y33         FDRE                                         r  astep24_3l_top_I/switched_readout/genblk1[2].layer_if_I/miso_fifo/inst/gen_fifo.xpm_fifo_axis_inst/xpm_fifo_base_inst/wrpp1_inst/count_value_i_reg[7]/D
  -------------------------------------------------------------------    -------------------

                         (clock layers_spi_divided rise edge)
                                                     25.000    25.000 r  
    L17                                               0.000    25.000 r  sysclk (IN)
                         net (fo=0)                   0.000    25.000    astep24_3l_top_I/clocking_reset_I/sys_to_40/inst/clk_in1
    L17                  IBUF (Prop_ibuf_I_O)         1.406    26.405 r  astep24_3l_top_I/clocking_reset_I/sys_to_40/inst/clkin1_ibufg/O
                         net (fo=1, routed)           1.162    27.567    astep24_3l_top_I/clocking_reset_I/sys_to_40/inst/clk_in1_clk_sys_to_40
    MMCME2_ADV_X0Y0      MMCME2_ADV (Prop_mmcme2_adv_CLKIN1_CLKOUT0)
                                                     -7.221    20.346 r  astep24_3l_top_I/clocking_reset_I/sys_to_40/inst/mmcm_adv_inst/CLKOUT0
                         net (fo=1, routed)           1.587    21.933    astep24_3l_top_I/clocking_reset_I/sys_to_40/inst/clk_out1_clk_sys_to_40
    BUFGCTRL_X0Y10       BUFG (Prop_bufg_I_O)         0.091    22.024 r  astep24_3l_top_I/clocking_reset_I/sys_to_40/inst/clkout1_buf/O
                         net (fo=34, routed)          1.457    23.481    astep24_3l_top_I/clocking_reset_I/intern_or_ext_to_internal/inst/clk_in1
    MMCME2_ADV_X1Y0      MMCME2_ADV (Prop_mmcme2_adv_CLKIN1_CLKOUT1)
                                                     -3.129    20.352 r  astep24_3l_top_I/clocking_reset_I/intern_or_ext_to_internal/inst/mmcm_adv_inst/CLKOUT1
                         net (fo=1, routed)           1.581    21.933    astep24_3l_top_I/clocking_reset_I/intern_or_ext_to_internal/inst/clk_80_clk_core_extorint_40
    BUFGCTRL_X0Y6        BUFG (Prop_bufg_I_O)         0.091    22.024 r  astep24_3l_top_I/clocking_reset_I/intern_or_ext_to_internal/inst/clkout2_buf/O
                         net (fo=5282, routed)        1.448    23.472    astep24_3l_top_I/main_rfg_I/clk_80
    SLICE_X28Y47         FDRE (Prop_fdre_C_Q)         0.367    23.839 r  astep24_3l_top_I/main_rfg_I/spi_layers_ckdivider_divided_clk_reg/Q
                         net (fo=2, routed)           0.981    24.820    astep24_3l_top_I_n_27
    BUFGCTRL_X0Y7        BUFG (Prop_bufg_I_O)         0.091    24.911 r  spi_layers_ckdivider_divided_resn_delay_reg[7]_i_1/O
                         net (fo=992, routed)         1.445    26.357    astep24_3l_top_I/switched_readout/genblk1[2].layer_if_I/miso_fifo/inst/gen_fifo.xpm_fifo_axis_inst/xpm_fifo_base_inst/wrpp1_inst/wr_clk
    SLICE_X52Y33         FDRE                                         r  astep24_3l_top_I/switched_readout/genblk1[2].layer_if_I/miso_fifo/inst/gen_fifo.xpm_fifo_axis_inst/xpm_fifo_base_inst/wrpp1_inst/count_value_i_reg[7]/C
                         clock pessimism              0.483    26.839    
                         clock uncertainty           -0.110    26.729    
    SLICE_X52Y33         FDRE (Setup_fdre_C_D)        0.081    26.810    astep24_3l_top_I/switched_readout/genblk1[2].layer_if_I/miso_fifo/inst/gen_fifo.xpm_fifo_axis_inst/xpm_fifo_base_inst/wrpp1_inst/count_value_i_reg[7]
  -------------------------------------------------------------------
                         required time                         26.810    
                         arrival time                         -21.149    
  -------------------------------------------------------------------
                         slack                                  5.661    





Min Delay Paths
--------------------------------------------------------------------------------------
Slack (MET) :             0.119ns  (arrival time - required time)
  Source:                 astep24_3l_top_I/switched_readout/genblk1[2].layer_if_I/protocol/readout_active_reg/C
                            (rising edge-triggered cell FDRE clocked by clk_80_clk_core_extorint_40  {rise@0.000ns fall@6.250ns period=12.500ns})
  Destination:            astep24_3l_top_I/switched_readout/genblk1[2].layer_if_I/spi_io/enable_synced_reg/D
                            (rising edge-triggered cell FDRE clocked by layers_spi_divided  {rise@0.000ns fall@12.500ns period=25.000ns})
  Path Group:             layers_spi_divided
  Path Type:              Hold (Min at Fast Process Corner)
  Requirement:            0.000ns  (layers_spi_divided rise@0.000ns - clk_80_clk_core_extorint_40 rise@0.000ns)
  Data Path Delay:        2.023ns  (logic 0.186ns (9.192%)  route 1.837ns (90.808%))
  Logic Levels:           1  (LUT5=1)
  Clock Path Skew:        1.812ns (DCD - SCD - CPR)
    Destination Clock Delay (DCD):    0.704ns
    Source Clock Delay      (SCD):    -0.601ns
    Clock Pessimism Removal (CPR):    -0.507ns

    Location             Delay type                Incr(ns)  Path(ns)    Netlist Resource(s)
  -------------------------------------------------------------------    -------------------
                         (clock clk_80_clk_core_extorint_40 rise edge)
                                                      0.000     0.000 r  
    L17                                               0.000     0.000 r  sysclk (IN)
                         net (fo=0)                   0.000     0.000    astep24_3l_top_I/clocking_reset_I/sys_to_40/inst/clk_in1
    L17                  IBUF (Prop_ibuf_I_O)         0.244     0.244 r  astep24_3l_top_I/clocking_reset_I/sys_to_40/inst/clkin1_ibufg/O
                         net (fo=1, routed)           0.440     0.684    astep24_3l_top_I/clocking_reset_I/sys_to_40/inst/clk_in1_clk_sys_to_40
    MMCME2_ADV_X0Y0      MMCME2_ADV (Prop_mmcme2_adv_CLKIN1_CLKOUT0)
                                                     -2.362    -1.678 r  astep24_3l_top_I/clocking_reset_I/sys_to_40/inst/mmcm_adv_inst/CLKOUT0
                         net (fo=1, routed)           0.489    -1.189    astep24_3l_top_I/clocking_reset_I/sys_to_40/inst/clk_out1_clk_sys_to_40
    BUFGCTRL_X0Y10       BUFG (Prop_bufg_I_O)         0.026    -1.163 r  astep24_3l_top_I/clocking_reset_I/sys_to_40/inst/clkout1_buf/O
                         net (fo=34, routed)          0.549    -0.615    astep24_3l_top_I/clocking_reset_I/intern_or_ext_to_internal/inst/clk_in1
    MMCME2_ADV_X1Y0      MMCME2_ADV (Prop_mmcme2_adv_CLKIN1_CLKOUT1)
                                                     -1.061    -1.675 r  astep24_3l_top_I/clocking_reset_I/intern_or_ext_to_internal/inst/mmcm_adv_inst/CLKOUT1
                         net (fo=1, routed)           0.486    -1.189    astep24_3l_top_I/clocking_reset_I/intern_or_ext_to_internal/inst/clk_80_clk_core_extorint_40
    BUFGCTRL_X0Y6        BUFG (Prop_bufg_I_O)         0.026    -1.163 r  astep24_3l_top_I/clocking_reset_I/intern_or_ext_to_internal/inst/clkout2_buf/O
                         net (fo=5282, routed)        0.563    -0.601    astep24_3l_top_I/switched_readout/genblk1[2].layer_if_I/protocol/clk_80
    SLICE_X45Y52         FDRE                                         r  astep24_3l_top_I/switched_readout/genblk1[2].layer_if_I/protocol/readout_active_reg/C
  -------------------------------------------------------------------    -------------------
    SLICE_X45Y52         FDRE (Prop_fdre_C_Q)         0.141    -0.460 r  astep24_3l_top_I/switched_readout/genblk1[2].layer_if_I/protocol/readout_active_reg/Q
                         net (fo=2, routed)           1.837     1.378    astep24_3l_top_I/switched_readout/genblk1[2].layer_if_I/spi_io/readout_active
    SLICE_X51Y49         LUT5 (Prop_lut5_I2_O)        0.045     1.423 r  astep24_3l_top_I/switched_readout/genblk1[2].layer_if_I/spi_io/enable_synced_i_1__1/O
                         net (fo=1, routed)           0.000     1.423    astep24_3l_top_I/switched_readout/genblk1[2].layer_if_I/spi_io/enable_synced_i_1__1_n_0
    SLICE_X51Y49         FDRE                                         r  astep24_3l_top_I/switched_readout/genblk1[2].layer_if_I/spi_io/enable_synced_reg/D
  -------------------------------------------------------------------    -------------------

                         (clock layers_spi_divided rise edge)
                                                      0.000     0.000 r  
    L17                                               0.000     0.000 r  sysclk (IN)
                         net (fo=0)                   0.000     0.000    astep24_3l_top_I/clocking_reset_I/sys_to_40/inst/clk_in1
    L17                  IBUF (Prop_ibuf_I_O)         0.432     0.432 r  astep24_3l_top_I/clocking_reset_I/sys_to_40/inst/clkin1_ibufg/O
                         net (fo=1, routed)           0.480     0.912    astep24_3l_top_I/clocking_reset_I/sys_to_40/inst/clk_in1_clk_sys_to_40
    MMCME2_ADV_X0Y0      MMCME2_ADV (Prop_mmcme2_adv_CLKIN1_CLKOUT0)
                                                     -3.145    -2.233 r  astep24_3l_top_I/clocking_reset_I/sys_to_40/inst/mmcm_adv_inst/CLKOUT0
                         net (fo=1, routed)           0.534    -1.700    astep24_3l_top_I/clocking_reset_I/sys_to_40/inst/clk_out1_clk_sys_to_40
    BUFGCTRL_X0Y10       BUFG (Prop_bufg_I_O)         0.029    -1.671 r  astep24_3l_top_I/clocking_reset_I/sys_to_40/inst/clkout1_buf/O
                         net (fo=34, routed)          0.817    -0.854    astep24_3l_top_I/clocking_reset_I/intern_or_ext_to_internal/inst/clk_in1
    MMCME2_ADV_X1Y0      MMCME2_ADV (Prop_mmcme2_adv_CLKIN1_CLKOUT1)
                                                     -1.375    -2.229 r  astep24_3l_top_I/clocking_reset_I/intern_or_ext_to_internal/inst/mmcm_adv_inst/CLKOUT1
                         net (fo=1, routed)           0.530    -1.700    astep24_3l_top_I/clocking_reset_I/intern_or_ext_to_internal/inst/clk_80_clk_core_extorint_40
    BUFGCTRL_X0Y6        BUFG (Prop_bufg_I_O)         0.029    -1.671 r  astep24_3l_top_I/clocking_reset_I/intern_or_ext_to_internal/inst/clkout2_buf/O
                         net (fo=5282, routed)        0.834    -0.837    astep24_3l_top_I/main_rfg_I/clk_80
    SLICE_X28Y47         FDRE (Prop_fdre_C_Q)         0.175    -0.662 r  astep24_3l_top_I/main_rfg_I/spi_layers_ckdivider_divided_clk_reg/Q
                         net (fo=2, routed)           0.500    -0.162    astep24_3l_top_I_n_27
    BUFGCTRL_X0Y7        BUFG (Prop_bufg_I_O)         0.029    -0.133 r  spi_layers_ckdivider_divided_resn_delay_reg[7]_i_1/O
                         net (fo=992, routed)         0.838     0.704    astep24_3l_top_I/switched_readout/genblk1[2].layer_if_I/spi_io/CLK
    SLICE_X51Y49         FDRE                                         r  astep24_3l_top_I/switched_readout/genblk1[2].layer_if_I/spi_io/enable_synced_reg/C
                         clock pessimism              0.507     1.212    
    SLICE_X51Y49         FDRE (Hold_fdre_C_D)         0.092     1.304    astep24_3l_top_I/switched_readout/genblk1[2].layer_if_I/spi_io/enable_synced_reg
  -------------------------------------------------------------------
                         required time                         -1.304    
                         arrival time                           1.423    
  -------------------------------------------------------------------
                         slack                                  0.119    





---------------------------------------------------------------------------------------------------
From Clock:  spi_layer0_clock_internal
  To Clock:  layers_spi_divided

Setup :            0  Failing Endpoints,  Worst Slack       19.363ns,  Total Violation        0.000ns
Hold  :            0  Failing Endpoints,  Worst Slack        0.170ns,  Total Violation        0.000ns
---------------------------------------------------------------------------------------------------


Max Delay Paths
--------------------------------------------------------------------------------------
Slack (MET) :             19.363ns  (required time - arrival time)
  Source:                 astep24_3l_top_I/loopback_spi_layer_0/spi_egress/egress_byte_reg[0]/C
                            (rising edge-triggered cell FDPE clocked by spi_layer0_clock_internal  {rise@0.000ns fall@25.000ns period=50.000ns})
  Destination:            astep24_3l_top_I/switched_readout/genblk1[0].layer_if_I/spi_io/miso_byte_reg[6]/D
                            (rising edge-triggered cell FDRE clocked by layers_spi_divided  {rise@0.000ns fall@12.500ns period=25.000ns})
  Path Group:             layers_spi_divided
  Path Type:              Setup (Max at Slow Process Corner)
  Requirement:            25.000ns  (layers_spi_divided rise@25.000ns - spi_layer0_clock_internal rise@0.000ns)
  Data Path Delay:        1.673ns  (logic 0.580ns (34.660%)  route 1.093ns (65.340%))
  Logic Levels:           1  (LUT3=1)
  Clock Path Skew:        -3.884ns (DCD - SCD + CPR)
    Destination Clock Delay (DCD):    1.355ns = ( 26.355 - 25.000 ) 
    Source Clock Delay      (SCD):    6.077ns
    Clock Pessimism Removal (CPR):    0.838ns
  Clock Uncertainty:      0.110ns  ((TSJ^2 + DJ^2)^1/2) / 2 + PE
    Total System Jitter     (TSJ):    0.071ns
    Discrete Jitter          (DJ):    0.209ns
    Phase Error              (PE):    0.000ns

    Location             Delay type                Incr(ns)  Path(ns)    Netlist Resource(s)
  -------------------------------------------------------------------    -------------------
                         (clock spi_layer0_clock_internal rise edge)
                                                      0.000     0.000 r  
    L17                                               0.000     0.000 r  sysclk (IN)
                         net (fo=0)                   0.000     0.000    astep24_3l_top_I/clocking_reset_I/sys_to_40/inst/clk_in1
    L17                  IBUF (Prop_ibuf_I_O)         1.476     1.476 r  astep24_3l_top_I/clocking_reset_I/sys_to_40/inst/clkin1_ibufg/O
                         net (fo=1, routed)           1.233     2.709    astep24_3l_top_I/clocking_reset_I/sys_to_40/inst/clk_in1_clk_sys_to_40
    MMCME2_ADV_X0Y0      MMCME2_ADV (Prop_mmcme2_adv_CLKIN1_CLKOUT0)
                                                     -6.965    -4.256 r  astep24_3l_top_I/clocking_reset_I/sys_to_40/inst/mmcm_adv_inst/CLKOUT0
                         net (fo=1, routed)           1.666    -2.589    astep24_3l_top_I/clocking_reset_I/sys_to_40/inst/clk_out1_clk_sys_to_40
    BUFGCTRL_X0Y10       BUFG (Prop_bufg_I_O)         0.096    -2.493 r  astep24_3l_top_I/clocking_reset_I/sys_to_40/inst/clkout1_buf/O
                         net (fo=34, routed)          1.575    -0.918    astep24_3l_top_I/clocking_reset_I/intern_or_ext_to_internal/inst/clk_in1
    MMCME2_ADV_X1Y0      MMCME2_ADV (Prop_mmcme2_adv_CLKIN1_CLKOUT1)
                                                     -3.333    -4.251 r  astep24_3l_top_I/clocking_reset_I/intern_or_ext_to_internal/inst/mmcm_adv_inst/CLKOUT1
                         net (fo=1, routed)           1.661    -2.589    astep24_3l_top_I/clocking_reset_I/intern_or_ext_to_internal/inst/clk_80_clk_core_extorint_40
    BUFGCTRL_X0Y6        BUFG (Prop_bufg_I_O)         0.096    -2.493 r  astep24_3l_top_I/clocking_reset_I/intern_or_ext_to_internal/inst/clkout2_buf/O
                         net (fo=5282, routed)        1.567    -0.926    astep24_3l_top_I/main_rfg_I/clk_80
    SLICE_X28Y47         FDRE (Prop_fdre_C_Q)         0.456    -0.470 r  astep24_3l_top_I/main_rfg_I/spi_layers_ckdivider_divided_clk_reg/Q
                         net (fo=2, routed)           1.123     0.653    astep24_3l_top_I_n_27
    BUFGCTRL_X0Y7        BUFG (Prop_bufg_I_O)         0.096     0.749 r  spi_layers_ckdivider_divided_resn_delay_reg[7]_i_1/O
                         net (fo=992, routed)         1.554     2.303    astep24_3l_top_I/switched_readout/genblk1[0].layer_if_I/spi_io/CLK
    SLICE_X43Y55         FDRE (Prop_fdre_C_Q)         0.456     2.759 r  astep24_3l_top_I/switched_readout/genblk1[0].layer_if_I/spi_io/spi_clk_reg_reg/Q
                         net (fo=2, routed)           1.597     4.356    layer_0_spi_clk_OBUF
    BUFGCTRL_X0Y2        BUFG (Prop_bufg_I_O)         0.096     4.452 r  layer_0_spi_clk_OBUF_BUFG_inst/O
                         net (fo=232, routed)         1.625     6.077    astep24_3l_top_I/loopback_spi_layer_0/spi_egress/egress_byte_next_reg[7]_0
    SLICE_X58Y56         FDPE                                         r  astep24_3l_top_I/loopback_spi_layer_0/spi_egress/egress_byte_reg[0]/C
  -------------------------------------------------------------------    -------------------
    SLICE_X58Y56         FDPE (Prop_fdpe_C_Q)         0.456     6.533 r  astep24_3l_top_I/loopback_spi_layer_0/spi_egress/egress_byte_reg[0]/Q
                         net (fo=1, routed)           1.093     7.626    astep24_3l_top_I/loopback_spi_layer_0/spi_egress/egress_byte_reg_n_0_[0]
    SLICE_X57Y51         LUT3 (Prop_lut3_I0_O)        0.124     7.750 r  astep24_3l_top_I/loopback_spi_layer_0/spi_egress/miso_byte[6]_i_1__0/O
                         net (fo=1, routed)           0.000     7.750    astep24_3l_top_I/switched_readout/genblk1[0].layer_if_I/spi_io/p_3_out[0]
    SLICE_X57Y51         FDRE                                         r  astep24_3l_top_I/switched_readout/genblk1[0].layer_if_I/spi_io/miso_byte_reg[6]/D
  -------------------------------------------------------------------    -------------------

                         (clock layers_spi_divided rise edge)
                                                     25.000    25.000 r  
    L17                                               0.000    25.000 r  sysclk (IN)
                         net (fo=0)                   0.000    25.000    astep24_3l_top_I/clocking_reset_I/sys_to_40/inst/clk_in1
    L17                  IBUF (Prop_ibuf_I_O)         1.406    26.405 r  astep24_3l_top_I/clocking_reset_I/sys_to_40/inst/clkin1_ibufg/O
                         net (fo=1, routed)           1.162    27.567    astep24_3l_top_I/clocking_reset_I/sys_to_40/inst/clk_in1_clk_sys_to_40
    MMCME2_ADV_X0Y0      MMCME2_ADV (Prop_mmcme2_adv_CLKIN1_CLKOUT0)
                                                     -7.221    20.346 r  astep24_3l_top_I/clocking_reset_I/sys_to_40/inst/mmcm_adv_inst/CLKOUT0
                         net (fo=1, routed)           1.587    21.933    astep24_3l_top_I/clocking_reset_I/sys_to_40/inst/clk_out1_clk_sys_to_40
    BUFGCTRL_X0Y10       BUFG (Prop_bufg_I_O)         0.091    22.024 r  astep24_3l_top_I/clocking_reset_I/sys_to_40/inst/clkout1_buf/O
                         net (fo=34, routed)          1.457    23.481    astep24_3l_top_I/clocking_reset_I/intern_or_ext_to_internal/inst/clk_in1
    MMCME2_ADV_X1Y0      MMCME2_ADV (Prop_mmcme2_adv_CLKIN1_CLKOUT1)
                                                     -3.129    20.352 r  astep24_3l_top_I/clocking_reset_I/intern_or_ext_to_internal/inst/mmcm_adv_inst/CLKOUT1
                         net (fo=1, routed)           1.581    21.933    astep24_3l_top_I/clocking_reset_I/intern_or_ext_to_internal/inst/clk_80_clk_core_extorint_40
    BUFGCTRL_X0Y6        BUFG (Prop_bufg_I_O)         0.091    22.024 r  astep24_3l_top_I/clocking_reset_I/intern_or_ext_to_internal/inst/clkout2_buf/O
                         net (fo=5282, routed)        1.448    23.472    astep24_3l_top_I/main_rfg_I/clk_80
    SLICE_X28Y47         FDRE (Prop_fdre_C_Q)         0.367    23.839 r  astep24_3l_top_I/main_rfg_I/spi_layers_ckdivider_divided_clk_reg/Q
                         net (fo=2, routed)           0.981    24.820    astep24_3l_top_I_n_27
    BUFGCTRL_X0Y7        BUFG (Prop_bufg_I_O)         0.091    24.911 r  spi_layers_ckdivider_divided_resn_delay_reg[7]_i_1/O
                         net (fo=992, routed)         1.444    26.355    astep24_3l_top_I/switched_readout/genblk1[0].layer_if_I/spi_io/CLK
    SLICE_X57Y51         FDRE                                         r  astep24_3l_top_I/switched_readout/genblk1[0].layer_if_I/spi_io/miso_byte_reg[6]/C
                         clock pessimism              0.838    27.193    
                         clock uncertainty           -0.110    27.082    
    SLICE_X57Y51         FDRE (Setup_fdre_C_D)        0.031    27.113    astep24_3l_top_I/switched_readout/genblk1[0].layer_if_I/spi_io/miso_byte_reg[6]
  -------------------------------------------------------------------
                         required time                         27.113    
                         arrival time                          -7.750    
  -------------------------------------------------------------------
                         slack                                 19.363    





Min Delay Paths
--------------------------------------------------------------------------------------
Slack (MET) :             0.170ns  (arrival time - required time)
  Source:                 astep24_3l_top_I/switched_readout/genblk1[0].layer_if_I/spi_io/spi_clk_reg_reg/Q
                            (clock source 'spi_layer0_clock_internal'  {rise@0.000ns fall@25.000ns period=50.000ns})
  Destination:            astep24_3l_top_I/switched_readout/genblk1[0].layer_if_I/spi_io/spi_clk_reg_reg/D
                            (rising edge-triggered cell FDRE clocked by layers_spi_divided  {rise@0.000ns fall@12.500ns period=25.000ns})
  Path Group:             layers_spi_divided
  Path Type:              Hold (Min at Fast Process Corner)
  Requirement:            0.000ns  (layers_spi_divided rise@0.000ns - spi_layer0_clock_internal rise@0.000ns)
  Data Path Delay:        0.391ns  (logic 0.045ns (11.520%)  route 0.346ns (88.480%))
  Logic Levels:           1  (LUT6=1)
  Clock Path Skew:        0.129ns (DCD - SCD - CPR)
    Destination Clock Delay (DCD):    0.697ns
    Source Clock Delay      (SCD):    0.709ns
    Clock Pessimism Removal (CPR):    -0.140ns

    Location             Delay type                Incr(ns)  Path(ns)    Netlist Resource(s)
  -------------------------------------------------------------------    -------------------
                         (clock spi_layer0_clock_internal rise edge)
                                                      0.000     0.000 r  
    L17                                               0.000     0.000 r  sysclk (IN)
                         net (fo=0)                   0.000     0.000    astep24_3l_top_I/clocking_reset_I/sys_to_40/inst/clk_in1
    L17                  IBUF (Prop_ibuf_I_O)         0.244     0.244 r  astep24_3l_top_I/clocking_reset_I/sys_to_40/inst/clkin1_ibufg/O
                         net (fo=1, routed)           0.440     0.684    astep24_3l_top_I/clocking_reset_I/sys_to_40/inst/clk_in1_clk_sys_to_40
    MMCME2_ADV_X0Y0      MMCME2_ADV (Prop_mmcme2_adv_CLKIN1_CLKOUT0)
                                                     -2.362    -1.678 r  astep24_3l_top_I/clocking_reset_I/sys_to_40/inst/mmcm_adv_inst/CLKOUT0
                         net (fo=1, routed)           0.489    -1.189    astep24_3l_top_I/clocking_reset_I/sys_to_40/inst/clk_out1_clk_sys_to_40
    BUFGCTRL_X0Y10       BUFG (Prop_bufg_I_O)         0.026    -1.163 r  astep24_3l_top_I/clocking_reset_I/sys_to_40/inst/clkout1_buf/O
                         net (fo=34, routed)          0.549    -0.615    astep24_3l_top_I/clocking_reset_I/intern_or_ext_to_internal/inst/clk_in1
    MMCME2_ADV_X1Y0      MMCME2_ADV (Prop_mmcme2_adv_CLKIN1_CLKOUT1)
                                                     -1.061    -1.675 r  astep24_3l_top_I/clocking_reset_I/intern_or_ext_to_internal/inst/mmcm_adv_inst/CLKOUT1
                         net (fo=1, routed)           0.486    -1.189    astep24_3l_top_I/clocking_reset_I/intern_or_ext_to_internal/inst/clk_80_clk_core_extorint_40
    BUFGCTRL_X0Y6        BUFG (Prop_bufg_I_O)         0.026    -1.163 r  astep24_3l_top_I/clocking_reset_I/intern_or_ext_to_internal/inst/clkout2_buf/O
                         net (fo=5282, routed)        0.564    -0.600    astep24_3l_top_I/main_rfg_I/clk_80
    SLICE_X28Y47         FDRE (Prop_fdre_C_Q)         0.141    -0.459 r  astep24_3l_top_I/main_rfg_I/spi_layers_ckdivider_divided_clk_reg/Q
                         net (fo=2, routed)           0.440    -0.019    astep24_3l_top_I_n_27
    BUFGCTRL_X0Y7        BUFG (Prop_bufg_I_O)         0.026     0.007 r  spi_layers_ckdivider_divided_resn_delay_reg[7]_i_1/O
                         net (fo=992, routed)         0.561     0.568    astep24_3l_top_I/switched_readout/genblk1[0].layer_if_I/spi_io/CLK
  -------------------------------------------------------------------    -------------------
    SLICE_X43Y55         FDRE (Prop_fdre_C_Q)         0.141     0.709 r  astep24_3l_top_I/switched_readout/genblk1[0].layer_if_I/spi_io/spi_clk_reg_reg/Q
                         net (fo=2, routed)           0.346     1.054    astep24_3l_top_I/switched_readout/genblk1[0].layer_if_I/spi_io/layer_0_spi_clk_OBUF
    SLICE_X43Y55         LUT6 (Prop_lut6_I5_O)        0.045     1.099 r  astep24_3l_top_I/switched_readout/genblk1[0].layer_if_I/spi_io/spi_clk_reg_i_1/O
                         net (fo=1, routed)           0.000     1.099    astep24_3l_top_I/switched_readout/genblk1[0].layer_if_I/spi_io/spi_clk_reg_i_1_n_0
    SLICE_X43Y55         FDRE                                         r  astep24_3l_top_I/switched_readout/genblk1[0].layer_if_I/spi_io/spi_clk_reg_reg/D
  -------------------------------------------------------------------    -------------------

                         (clock layers_spi_divided rise edge)
                                                      0.000     0.000 r  
    L17                                               0.000     0.000 r  sysclk (IN)
                         net (fo=0)                   0.000     0.000    astep24_3l_top_I/clocking_reset_I/sys_to_40/inst/clk_in1
    L17                  IBUF (Prop_ibuf_I_O)         0.432     0.432 r  astep24_3l_top_I/clocking_reset_I/sys_to_40/inst/clkin1_ibufg/O
                         net (fo=1, routed)           0.480     0.912    astep24_3l_top_I/clocking_reset_I/sys_to_40/inst/clk_in1_clk_sys_to_40
    MMCME2_ADV_X0Y0      MMCME2_ADV (Prop_mmcme2_adv_CLKIN1_CLKOUT0)
                                                     -3.145    -2.233 r  astep24_3l_top_I/clocking_reset_I/sys_to_40/inst/mmcm_adv_inst/CLKOUT0
                         net (fo=1, routed)           0.534    -1.700    astep24_3l_top_I/clocking_reset_I/sys_to_40/inst/clk_out1_clk_sys_to_40
    BUFGCTRL_X0Y10       BUFG (Prop_bufg_I_O)         0.029    -1.671 r  astep24_3l_top_I/clocking_reset_I/sys_to_40/inst/clkout1_buf/O
                         net (fo=34, routed)          0.817    -0.854    astep24_3l_top_I/clocking_reset_I/intern_or_ext_to_internal/inst/clk_in1
    MMCME2_ADV_X1Y0      MMCME2_ADV (Prop_mmcme2_adv_CLKIN1_CLKOUT1)
                                                     -1.375    -2.229 r  astep24_3l_top_I/clocking_reset_I/intern_or_ext_to_internal/inst/mmcm_adv_inst/CLKOUT1
                         net (fo=1, routed)           0.530    -1.700    astep24_3l_top_I/clocking_reset_I/intern_or_ext_to_internal/inst/clk_80_clk_core_extorint_40
    BUFGCTRL_X0Y6        BUFG (Prop_bufg_I_O)         0.029    -1.671 r  astep24_3l_top_I/clocking_reset_I/intern_or_ext_to_internal/inst/clkout2_buf/O
                         net (fo=5282, routed)        0.834    -0.837    astep24_3l_top_I/main_rfg_I/clk_80
    SLICE_X28Y47         FDRE (Prop_fdre_C_Q)         0.175    -0.662 r  astep24_3l_top_I/main_rfg_I/spi_layers_ckdivider_divided_clk_reg/Q
                         net (fo=2, routed)           0.500    -0.162    astep24_3l_top_I_n_27
    BUFGCTRL_X0Y7        BUFG (Prop_bufg_I_O)         0.029    -0.133 r  spi_layers_ckdivider_divided_resn_delay_reg[7]_i_1/O
                         net (fo=992, routed)         0.831     0.697    astep24_3l_top_I/switched_readout/genblk1[0].layer_if_I/spi_io/CLK
    SLICE_X43Y55         FDRE                                         r  astep24_3l_top_I/switched_readout/genblk1[0].layer_if_I/spi_io/spi_clk_reg_reg/C
                         clock pessimism              0.140     0.837    
    SLICE_X43Y55         FDRE (Hold_fdre_C_D)         0.092     0.929    astep24_3l_top_I/switched_readout/genblk1[0].layer_if_I/spi_io/spi_clk_reg_reg
  -------------------------------------------------------------------
                         required time                         -0.929    
                         arrival time                           1.099    
  -------------------------------------------------------------------
                         slack                                  0.170    





---------------------------------------------------------------------------------------------------
From Clock:  spi_layer1_clock_internal
  To Clock:  layers_spi_divided

Setup :            0  Failing Endpoints,  Worst Slack       19.242ns,  Total Violation        0.000ns
Hold  :            0  Failing Endpoints,  Worst Slack        0.187ns,  Total Violation        0.000ns
---------------------------------------------------------------------------------------------------


Max Delay Paths
--------------------------------------------------------------------------------------
Slack (MET) :             19.242ns  (required time - arrival time)
  Source:                 astep24_3l_top_I/loopback_spi_layer_1/spi_egress/egress_byte_reg[1]/C
                            (rising edge-triggered cell FDCE clocked by spi_layer1_clock_internal  {rise@0.000ns fall@25.000ns period=50.000ns})
  Destination:            astep24_3l_top_I/switched_readout/genblk1[1].layer_if_I/spi_io/miso_byte_reg[7]/D
                            (rising edge-triggered cell FDRE clocked by layers_spi_divided  {rise@0.000ns fall@12.500ns period=25.000ns})
  Path Group:             layers_spi_divided
  Path Type:              Setup (Max at Slow Process Corner)
  Requirement:            25.000ns  (layers_spi_divided rise@25.000ns - spi_layer1_clock_internal rise@0.000ns)
  Data Path Delay:        2.333ns  (logic 0.580ns (24.864%)  route 1.753ns (75.136%))
  Logic Levels:           1  (LUT3=1)
  Clock Path Skew:        -3.344ns (DCD - SCD + CPR)
    Destination Clock Delay (DCD):    1.359ns = ( 26.359 - 25.000 ) 
    Source Clock Delay      (SCD):    5.541ns
    Clock Pessimism Removal (CPR):    0.838ns
  Clock Uncertainty:      0.110ns  ((TSJ^2 + DJ^2)^1/2) / 2 + PE
    Total System Jitter     (TSJ):    0.071ns
    Discrete Jitter          (DJ):    0.209ns
    Phase Error              (PE):    0.000ns

    Location             Delay type                Incr(ns)  Path(ns)    Netlist Resource(s)
  -------------------------------------------------------------------    -------------------
                         (clock spi_layer1_clock_internal rise edge)
                                                      0.000     0.000 r  
    L17                                               0.000     0.000 r  sysclk (IN)
                         net (fo=0)                   0.000     0.000    astep24_3l_top_I/clocking_reset_I/sys_to_40/inst/clk_in1
    L17                  IBUF (Prop_ibuf_I_O)         1.476     1.476 r  astep24_3l_top_I/clocking_reset_I/sys_to_40/inst/clkin1_ibufg/O
                         net (fo=1, routed)           1.233     2.709    astep24_3l_top_I/clocking_reset_I/sys_to_40/inst/clk_in1_clk_sys_to_40
    MMCME2_ADV_X0Y0      MMCME2_ADV (Prop_mmcme2_adv_CLKIN1_CLKOUT0)
                                                     -6.965    -4.256 r  astep24_3l_top_I/clocking_reset_I/sys_to_40/inst/mmcm_adv_inst/CLKOUT0
                         net (fo=1, routed)           1.666    -2.589    astep24_3l_top_I/clocking_reset_I/sys_to_40/inst/clk_out1_clk_sys_to_40
    BUFGCTRL_X0Y10       BUFG (Prop_bufg_I_O)         0.096    -2.493 r  astep24_3l_top_I/clocking_reset_I/sys_to_40/inst/clkout1_buf/O
                         net (fo=34, routed)          1.575    -0.918    astep24_3l_top_I/clocking_reset_I/intern_or_ext_to_internal/inst/clk_in1
    MMCME2_ADV_X1Y0      MMCME2_ADV (Prop_mmcme2_adv_CLKIN1_CLKOUT1)
                                                     -3.333    -4.251 r  astep24_3l_top_I/clocking_reset_I/intern_or_ext_to_internal/inst/mmcm_adv_inst/CLKOUT1
                         net (fo=1, routed)           1.661    -2.589    astep24_3l_top_I/clocking_reset_I/intern_or_ext_to_internal/inst/clk_80_clk_core_extorint_40
    BUFGCTRL_X0Y6        BUFG (Prop_bufg_I_O)         0.096    -2.493 r  astep24_3l_top_I/clocking_reset_I/intern_or_ext_to_internal/inst/clkout2_buf/O
                         net (fo=5282, routed)        1.567    -0.926    astep24_3l_top_I/main_rfg_I/clk_80
    SLICE_X28Y47         FDRE (Prop_fdre_C_Q)         0.456    -0.470 r  astep24_3l_top_I/main_rfg_I/spi_layers_ckdivider_divided_clk_reg/Q
                         net (fo=2, routed)           1.123     0.653    astep24_3l_top_I_n_27
    BUFGCTRL_X0Y7        BUFG (Prop_bufg_I_O)         0.096     0.749 r  spi_layers_ckdivider_divided_resn_delay_reg[7]_i_1/O
                         net (fo=992, routed)         1.555     2.304    astep24_3l_top_I/switched_readout/genblk1[1].layer_if_I/spi_io/CLK
    SLICE_X44Y53         FDRE (Prop_fdre_C_Q)         0.456     2.760 r  astep24_3l_top_I/switched_readout/genblk1[1].layer_if_I/spi_io/spi_clk_reg_reg/Q
                         net (fo=2, routed)           1.133     3.893    layer_1_spi_clk_OBUF
    BUFGCTRL_X0Y3        BUFG (Prop_bufg_I_O)         0.096     3.989 r  layer_1_spi_clk_OBUF_BUFG_inst/O
                         net (fo=232, routed)         1.552     5.541    astep24_3l_top_I/loopback_spi_layer_1/spi_egress/egress_byte_next_reg[7]_0
    SLICE_X51Y65         FDCE                                         r  astep24_3l_top_I/loopback_spi_layer_1/spi_egress/egress_byte_reg[1]/C
  -------------------------------------------------------------------    -------------------
    SLICE_X51Y65         FDCE (Prop_fdce_C_Q)         0.456     5.997 r  astep24_3l_top_I/loopback_spi_layer_1/spi_egress/egress_byte_reg[1]/Q
                         net (fo=1, routed)           1.753     7.749    astep24_3l_top_I/loopback_spi_layer_1/spi_egress/egress_byte_reg_n_0_[1]
    SLICE_X49Y37         LUT3 (Prop_lut3_I0_O)        0.124     7.873 r  astep24_3l_top_I/loopback_spi_layer_1/spi_egress/miso_byte[7]_i_2__1/O
                         net (fo=1, routed)           0.000     7.873    astep24_3l_top_I/switched_readout/genblk1[1].layer_if_I/spi_io/p_3_out[1]
    SLICE_X49Y37         FDRE                                         r  astep24_3l_top_I/switched_readout/genblk1[1].layer_if_I/spi_io/miso_byte_reg[7]/D
  -------------------------------------------------------------------    -------------------

                         (clock layers_spi_divided rise edge)
                                                     25.000    25.000 r  
    L17                                               0.000    25.000 r  sysclk (IN)
                         net (fo=0)                   0.000    25.000    astep24_3l_top_I/clocking_reset_I/sys_to_40/inst/clk_in1
    L17                  IBUF (Prop_ibuf_I_O)         1.406    26.405 r  astep24_3l_top_I/clocking_reset_I/sys_to_40/inst/clkin1_ibufg/O
                         net (fo=1, routed)           1.162    27.567    astep24_3l_top_I/clocking_reset_I/sys_to_40/inst/clk_in1_clk_sys_to_40
    MMCME2_ADV_X0Y0      MMCME2_ADV (Prop_mmcme2_adv_CLKIN1_CLKOUT0)
                                                     -7.221    20.346 r  astep24_3l_top_I/clocking_reset_I/sys_to_40/inst/mmcm_adv_inst/CLKOUT0
                         net (fo=1, routed)           1.587    21.933    astep24_3l_top_I/clocking_reset_I/sys_to_40/inst/clk_out1_clk_sys_to_40
    BUFGCTRL_X0Y10       BUFG (Prop_bufg_I_O)         0.091    22.024 r  astep24_3l_top_I/clocking_reset_I/sys_to_40/inst/clkout1_buf/O
                         net (fo=34, routed)          1.457    23.481    astep24_3l_top_I/clocking_reset_I/intern_or_ext_to_internal/inst/clk_in1
    MMCME2_ADV_X1Y0      MMCME2_ADV (Prop_mmcme2_adv_CLKIN1_CLKOUT1)
                                                     -3.129    20.352 r  astep24_3l_top_I/clocking_reset_I/intern_or_ext_to_internal/inst/mmcm_adv_inst/CLKOUT1
                         net (fo=1, routed)           1.581    21.933    astep24_3l_top_I/clocking_reset_I/intern_or_ext_to_internal/inst/clk_80_clk_core_extorint_40
    BUFGCTRL_X0Y6        BUFG (Prop_bufg_I_O)         0.091    22.024 r  astep24_3l_top_I/clocking_reset_I/intern_or_ext_to_internal/inst/clkout2_buf/O
                         net (fo=5282, routed)        1.448    23.472    astep24_3l_top_I/main_rfg_I/clk_80
    SLICE_X28Y47         FDRE (Prop_fdre_C_Q)         0.367    23.839 r  astep24_3l_top_I/main_rfg_I/spi_layers_ckdivider_divided_clk_reg/Q
                         net (fo=2, routed)           0.981    24.820    astep24_3l_top_I_n_27
    BUFGCTRL_X0Y7        BUFG (Prop_bufg_I_O)         0.091    24.911 r  spi_layers_ckdivider_divided_resn_delay_reg[7]_i_1/O
                         net (fo=992, routed)         1.447    26.359    astep24_3l_top_I/switched_readout/genblk1[1].layer_if_I/spi_io/CLK
    SLICE_X49Y37         FDRE                                         r  astep24_3l_top_I/switched_readout/genblk1[1].layer_if_I/spi_io/miso_byte_reg[7]/C
                         clock pessimism              0.838    27.196    
                         clock uncertainty           -0.110    27.086    
    SLICE_X49Y37         FDRE (Setup_fdre_C_D)        0.029    27.115    astep24_3l_top_I/switched_readout/genblk1[1].layer_if_I/spi_io/miso_byte_reg[7]
  -------------------------------------------------------------------
                         required time                         27.115    
                         arrival time                          -7.873    
  -------------------------------------------------------------------
                         slack                                 19.242    





Min Delay Paths
--------------------------------------------------------------------------------------
Slack (MET) :             0.187ns  (arrival time - required time)
  Source:                 astep24_3l_top_I/switched_readout/genblk1[1].layer_if_I/spi_io/spi_clk_reg_reg/Q
                            (clock source 'spi_layer1_clock_internal'  {rise@0.000ns fall@25.000ns period=50.000ns})
  Destination:            astep24_3l_top_I/switched_readout/genblk1[1].layer_if_I/spi_io/spi_clk_reg_reg/D
                            (rising edge-triggered cell FDRE clocked by layers_spi_divided  {rise@0.000ns fall@12.500ns period=25.000ns})
  Path Group:             layers_spi_divided
  Path Type:              Hold (Min at Fast Process Corner)
  Requirement:            0.000ns  (layers_spi_divided rise@0.000ns - spi_layer1_clock_internal rise@0.000ns)
  Data Path Delay:        0.407ns  (logic 0.045ns (11.049%)  route 0.362ns (88.951%))
  Logic Levels:           1  (LUT6=1)
  Clock Path Skew:        0.129ns (DCD - SCD - CPR)
    Destination Clock Delay (DCD):    0.698ns
    Source Clock Delay      (SCD):    0.710ns
    Clock Pessimism Removal (CPR):    -0.140ns

    Location             Delay type                Incr(ns)  Path(ns)    Netlist Resource(s)
  -------------------------------------------------------------------    -------------------
                         (clock spi_layer1_clock_internal rise edge)
                                                      0.000     0.000 r  
    L17                                               0.000     0.000 r  sysclk (IN)
                         net (fo=0)                   0.000     0.000    astep24_3l_top_I/clocking_reset_I/sys_to_40/inst/clk_in1
    L17                  IBUF (Prop_ibuf_I_O)         0.244     0.244 r  astep24_3l_top_I/clocking_reset_I/sys_to_40/inst/clkin1_ibufg/O
                         net (fo=1, routed)           0.440     0.684    astep24_3l_top_I/clocking_reset_I/sys_to_40/inst/clk_in1_clk_sys_to_40
    MMCME2_ADV_X0Y0      MMCME2_ADV (Prop_mmcme2_adv_CLKIN1_CLKOUT0)
                                                     -2.362    -1.678 r  astep24_3l_top_I/clocking_reset_I/sys_to_40/inst/mmcm_adv_inst/CLKOUT0
                         net (fo=1, routed)           0.489    -1.189    astep24_3l_top_I/clocking_reset_I/sys_to_40/inst/clk_out1_clk_sys_to_40
    BUFGCTRL_X0Y10       BUFG (Prop_bufg_I_O)         0.026    -1.163 r  astep24_3l_top_I/clocking_reset_I/sys_to_40/inst/clkout1_buf/O
                         net (fo=34, routed)          0.549    -0.615    astep24_3l_top_I/clocking_reset_I/intern_or_ext_to_internal/inst/clk_in1
    MMCME2_ADV_X1Y0      MMCME2_ADV (Prop_mmcme2_adv_CLKIN1_CLKOUT1)
                                                     -1.061    -1.675 r  astep24_3l_top_I/clocking_reset_I/intern_or_ext_to_internal/inst/mmcm_adv_inst/CLKOUT1
                         net (fo=1, routed)           0.486    -1.189    astep24_3l_top_I/clocking_reset_I/intern_or_ext_to_internal/inst/clk_80_clk_core_extorint_40
    BUFGCTRL_X0Y6        BUFG (Prop_bufg_I_O)         0.026    -1.163 r  astep24_3l_top_I/clocking_reset_I/intern_or_ext_to_internal/inst/clkout2_buf/O
                         net (fo=5282, routed)        0.564    -0.600    astep24_3l_top_I/main_rfg_I/clk_80
    SLICE_X28Y47         FDRE (Prop_fdre_C_Q)         0.141    -0.459 r  astep24_3l_top_I/main_rfg_I/spi_layers_ckdivider_divided_clk_reg/Q
                         net (fo=2, routed)           0.440    -0.019    astep24_3l_top_I_n_27
    BUFGCTRL_X0Y7        BUFG (Prop_bufg_I_O)         0.026     0.007 r  spi_layers_ckdivider_divided_resn_delay_reg[7]_i_1/O
                         net (fo=992, routed)         0.562     0.569    astep24_3l_top_I/switched_readout/genblk1[1].layer_if_I/spi_io/CLK
  -------------------------------------------------------------------    -------------------
    SLICE_X44Y53         FDRE (Prop_fdre_C_Q)         0.141     0.710 r  astep24_3l_top_I/switched_readout/genblk1[1].layer_if_I/spi_io/spi_clk_reg_reg/Q
                         net (fo=2, routed)           0.362     1.072    astep24_3l_top_I/switched_readout/genblk1[1].layer_if_I/spi_io/layer_1_spi_clk_OBUF
    SLICE_X44Y53         LUT6 (Prop_lut6_I5_O)        0.045     1.117 r  astep24_3l_top_I/switched_readout/genblk1[1].layer_if_I/spi_io/spi_clk_reg_i_1__0/O
                         net (fo=1, routed)           0.000     1.117    astep24_3l_top_I/switched_readout/genblk1[1].layer_if_I/spi_io/spi_clk_reg_i_1__0_n_0
    SLICE_X44Y53         FDRE                                         r  astep24_3l_top_I/switched_readout/genblk1[1].layer_if_I/spi_io/spi_clk_reg_reg/D
  -------------------------------------------------------------------    -------------------

                         (clock layers_spi_divided rise edge)
                                                      0.000     0.000 r  
    L17                                               0.000     0.000 r  sysclk (IN)
                         net (fo=0)                   0.000     0.000    astep24_3l_top_I/clocking_reset_I/sys_to_40/inst/clk_in1
    L17                  IBUF (Prop_ibuf_I_O)         0.432     0.432 r  astep24_3l_top_I/clocking_reset_I/sys_to_40/inst/clkin1_ibufg/O
                         net (fo=1, routed)           0.480     0.912    astep24_3l_top_I/clocking_reset_I/sys_to_40/inst/clk_in1_clk_sys_to_40
    MMCME2_ADV_X0Y0      MMCME2_ADV (Prop_mmcme2_adv_CLKIN1_CLKOUT0)
                                                     -3.145    -2.233 r  astep24_3l_top_I/clocking_reset_I/sys_to_40/inst/mmcm_adv_inst/CLKOUT0
                         net (fo=1, routed)           0.534    -1.700    astep24_3l_top_I/clocking_reset_I/sys_to_40/inst/clk_out1_clk_sys_to_40
    BUFGCTRL_X0Y10       BUFG (Prop_bufg_I_O)         0.029    -1.671 r  astep24_3l_top_I/clocking_reset_I/sys_to_40/inst/clkout1_buf/O
                         net (fo=34, routed)          0.817    -0.854    astep24_3l_top_I/clocking_reset_I/intern_or_ext_to_internal/inst/clk_in1
    MMCME2_ADV_X1Y0      MMCME2_ADV (Prop_mmcme2_adv_CLKIN1_CLKOUT1)
                                                     -1.375    -2.229 r  astep24_3l_top_I/clocking_reset_I/intern_or_ext_to_internal/inst/mmcm_adv_inst/CLKOUT1
                         net (fo=1, routed)           0.530    -1.700    astep24_3l_top_I/clocking_reset_I/intern_or_ext_to_internal/inst/clk_80_clk_core_extorint_40
    BUFGCTRL_X0Y6        BUFG (Prop_bufg_I_O)         0.029    -1.671 r  astep24_3l_top_I/clocking_reset_I/intern_or_ext_to_internal/inst/clkout2_buf/O
                         net (fo=5282, routed)        0.834    -0.837    astep24_3l_top_I/main_rfg_I/clk_80
    SLICE_X28Y47         FDRE (Prop_fdre_C_Q)         0.175    -0.662 r  astep24_3l_top_I/main_rfg_I/spi_layers_ckdivider_divided_clk_reg/Q
                         net (fo=2, routed)           0.500    -0.162    astep24_3l_top_I_n_27
    BUFGCTRL_X0Y7        BUFG (Prop_bufg_I_O)         0.029    -0.133 r  spi_layers_ckdivider_divided_resn_delay_reg[7]_i_1/O
                         net (fo=992, routed)         0.831     0.698    astep24_3l_top_I/switched_readout/genblk1[1].layer_if_I/spi_io/CLK
    SLICE_X44Y53         FDRE                                         r  astep24_3l_top_I/switched_readout/genblk1[1].layer_if_I/spi_io/spi_clk_reg_reg/C
                         clock pessimism              0.140     0.838    
    SLICE_X44Y53         FDRE (Hold_fdre_C_D)         0.091     0.929    astep24_3l_top_I/switched_readout/genblk1[1].layer_if_I/spi_io/spi_clk_reg_reg
  -------------------------------------------------------------------
                         required time                         -0.929    
                         arrival time                           1.117    
  -------------------------------------------------------------------
                         slack                                  0.187    





---------------------------------------------------------------------------------------------------
From Clock:  spi_layer2_clock_internal
  To Clock:  layers_spi_divided

Setup :            0  Failing Endpoints,  Worst Slack       18.780ns,  Total Violation        0.000ns
Hold  :            0  Failing Endpoints,  Worst Slack        0.232ns,  Total Violation        0.000ns
---------------------------------------------------------------------------------------------------


Max Delay Paths
--------------------------------------------------------------------------------------
Slack (MET) :             18.780ns  (required time - arrival time)
  Source:                 astep24_3l_top_I/loopback_spi_layer_2/spi_egress/egress_byte_reg[1]/C
                            (rising edge-triggered cell FDCE clocked by spi_layer2_clock_internal  {rise@0.000ns fall@25.000ns period=50.000ns})
  Destination:            astep24_3l_top_I/switched_readout/genblk1[2].layer_if_I/spi_io/miso_byte_reg[7]/D
                            (rising edge-triggered cell FDRE clocked by layers_spi_divided  {rise@0.000ns fall@12.500ns period=25.000ns})
  Path Group:             layers_spi_divided
  Path Type:              Setup (Max at Slow Process Corner)
  Requirement:            25.000ns  (layers_spi_divided rise@25.000ns - spi_layer2_clock_internal rise@0.000ns)
  Data Path Delay:        2.635ns  (logic 0.580ns (22.011%)  route 2.055ns (77.989%))
  Logic Levels:           1  (LUT3=1)
  Clock Path Skew:        -3.504ns (DCD - SCD + CPR)
    Destination Clock Delay (DCD):    1.363ns = ( 26.363 - 25.000 ) 
    Source Clock Delay      (SCD):    5.704ns
    Clock Pessimism Removal (CPR):    0.838ns
  Clock Uncertainty:      0.110ns  ((TSJ^2 + DJ^2)^1/2) / 2 + PE
    Total System Jitter     (TSJ):    0.071ns
    Discrete Jitter          (DJ):    0.209ns
    Phase Error              (PE):    0.000ns

    Location             Delay type                Incr(ns)  Path(ns)    Netlist Resource(s)
  -------------------------------------------------------------------    -------------------
                         (clock spi_layer2_clock_internal rise edge)
                                                      0.000     0.000 r  
    L17                                               0.000     0.000 r  sysclk (IN)
                         net (fo=0)                   0.000     0.000    astep24_3l_top_I/clocking_reset_I/sys_to_40/inst/clk_in1
    L17                  IBUF (Prop_ibuf_I_O)         1.476     1.476 r  astep24_3l_top_I/clocking_reset_I/sys_to_40/inst/clkin1_ibufg/O
                         net (fo=1, routed)           1.233     2.709    astep24_3l_top_I/clocking_reset_I/sys_to_40/inst/clk_in1_clk_sys_to_40
    MMCME2_ADV_X0Y0      MMCME2_ADV (Prop_mmcme2_adv_CLKIN1_CLKOUT0)
                                                     -6.965    -4.256 r  astep24_3l_top_I/clocking_reset_I/sys_to_40/inst/mmcm_adv_inst/CLKOUT0
                         net (fo=1, routed)           1.666    -2.589    astep24_3l_top_I/clocking_reset_I/sys_to_40/inst/clk_out1_clk_sys_to_40
    BUFGCTRL_X0Y10       BUFG (Prop_bufg_I_O)         0.096    -2.493 r  astep24_3l_top_I/clocking_reset_I/sys_to_40/inst/clkout1_buf/O
                         net (fo=34, routed)          1.575    -0.918    astep24_3l_top_I/clocking_reset_I/intern_or_ext_to_internal/inst/clk_in1
    MMCME2_ADV_X1Y0      MMCME2_ADV (Prop_mmcme2_adv_CLKIN1_CLKOUT1)
                                                     -3.333    -4.251 r  astep24_3l_top_I/clocking_reset_I/intern_or_ext_to_internal/inst/mmcm_adv_inst/CLKOUT1
                         net (fo=1, routed)           1.661    -2.589    astep24_3l_top_I/clocking_reset_I/intern_or_ext_to_internal/inst/clk_80_clk_core_extorint_40
    BUFGCTRL_X0Y6        BUFG (Prop_bufg_I_O)         0.096    -2.493 r  astep24_3l_top_I/clocking_reset_I/intern_or_ext_to_internal/inst/clkout2_buf/O
                         net (fo=5282, routed)        1.567    -0.926    astep24_3l_top_I/main_rfg_I/clk_80
    SLICE_X28Y47         FDRE (Prop_fdre_C_Q)         0.456    -0.470 r  astep24_3l_top_I/main_rfg_I/spi_layers_ckdivider_divided_clk_reg/Q
                         net (fo=2, routed)           1.123     0.653    astep24_3l_top_I_n_27
    BUFGCTRL_X0Y7        BUFG (Prop_bufg_I_O)         0.096     0.749 r  spi_layers_ckdivider_divided_resn_delay_reg[7]_i_1/O
                         net (fo=992, routed)         1.572     2.321    astep24_3l_top_I/switched_readout/genblk1[2].layer_if_I/spi_io/CLK
    SLICE_X51Y47         FDRE (Prop_fdre_C_Q)         0.456     2.777 r  astep24_3l_top_I/switched_readout/genblk1[2].layer_if_I/spi_io/spi_clk_reg_reg/Q
                         net (fo=2, routed)           1.277     4.054    layer_2_spi_clk_OBUF
    BUFGCTRL_X0Y4        BUFG (Prop_bufg_I_O)         0.096     4.150 r  layer_2_spi_clk_OBUF_BUFG_inst/O
                         net (fo=232, routed)         1.554     5.704    astep24_3l_top_I/loopback_spi_layer_2/spi_egress/egress_byte_next_reg[7]_0
    SLICE_X48Y87         FDCE                                         r  astep24_3l_top_I/loopback_spi_layer_2/spi_egress/egress_byte_reg[1]/C
  -------------------------------------------------------------------    -------------------
    SLICE_X48Y87         FDCE (Prop_fdce_C_Q)         0.456     6.160 r  astep24_3l_top_I/loopback_spi_layer_2/spi_egress/egress_byte_reg[1]/Q
                         net (fo=1, routed)           2.055     8.215    astep24_3l_top_I/loopback_spi_layer_2/spi_egress/egress_byte_reg_n_0_[1]
    SLICE_X48Y43         LUT3 (Prop_lut3_I0_O)        0.124     8.339 r  astep24_3l_top_I/loopback_spi_layer_2/spi_egress/miso_byte[7]_i_2__2/O
                         net (fo=1, routed)           0.000     8.339    astep24_3l_top_I/switched_readout/genblk1[2].layer_if_I/spi_io/p_3_out[1]
    SLICE_X48Y43         FDRE                                         r  astep24_3l_top_I/switched_readout/genblk1[2].layer_if_I/spi_io/miso_byte_reg[7]/D
  -------------------------------------------------------------------    -------------------

                         (clock layers_spi_divided rise edge)
                                                     25.000    25.000 r  
    L17                                               0.000    25.000 r  sysclk (IN)
                         net (fo=0)                   0.000    25.000    astep24_3l_top_I/clocking_reset_I/sys_to_40/inst/clk_in1
    L17                  IBUF (Prop_ibuf_I_O)         1.406    26.405 r  astep24_3l_top_I/clocking_reset_I/sys_to_40/inst/clkin1_ibufg/O
                         net (fo=1, routed)           1.162    27.567    astep24_3l_top_I/clocking_reset_I/sys_to_40/inst/clk_in1_clk_sys_to_40
    MMCME2_ADV_X0Y0      MMCME2_ADV (Prop_mmcme2_adv_CLKIN1_CLKOUT0)
                                                     -7.221    20.346 r  astep24_3l_top_I/clocking_reset_I/sys_to_40/inst/mmcm_adv_inst/CLKOUT0
                         net (fo=1, routed)           1.587    21.933    astep24_3l_top_I/clocking_reset_I/sys_to_40/inst/clk_out1_clk_sys_to_40
    BUFGCTRL_X0Y10       BUFG (Prop_bufg_I_O)         0.091    22.024 r  astep24_3l_top_I/clocking_reset_I/sys_to_40/inst/clkout1_buf/O
                         net (fo=34, routed)          1.457    23.481    astep24_3l_top_I/clocking_reset_I/intern_or_ext_to_internal/inst/clk_in1
    MMCME2_ADV_X1Y0      MMCME2_ADV (Prop_mmcme2_adv_CLKIN1_CLKOUT1)
                                                     -3.129    20.352 r  astep24_3l_top_I/clocking_reset_I/intern_or_ext_to_internal/inst/mmcm_adv_inst/CLKOUT1
                         net (fo=1, routed)           1.581    21.933    astep24_3l_top_I/clocking_reset_I/intern_or_ext_to_internal/inst/clk_80_clk_core_extorint_40
    BUFGCTRL_X0Y6        BUFG (Prop_bufg_I_O)         0.091    22.024 r  astep24_3l_top_I/clocking_reset_I/intern_or_ext_to_internal/inst/clkout2_buf/O
                         net (fo=5282, routed)        1.448    23.472    astep24_3l_top_I/main_rfg_I/clk_80
    SLICE_X28Y47         FDRE (Prop_fdre_C_Q)         0.367    23.839 r  astep24_3l_top_I/main_rfg_I/spi_layers_ckdivider_divided_clk_reg/Q
                         net (fo=2, routed)           0.981    24.820    astep24_3l_top_I_n_27
    BUFGCTRL_X0Y7        BUFG (Prop_bufg_I_O)         0.091    24.911 r  spi_layers_ckdivider_divided_resn_delay_reg[7]_i_1/O
                         net (fo=992, routed)         1.451    26.363    astep24_3l_top_I/switched_readout/genblk1[2].layer_if_I/spi_io/CLK
    SLICE_X48Y43         FDRE                                         r  astep24_3l_top_I/switched_readout/genblk1[2].layer_if_I/spi_io/miso_byte_reg[7]/C
                         clock pessimism              0.838    27.200    
                         clock uncertainty           -0.110    27.090    
    SLICE_X48Y43         FDRE (Setup_fdre_C_D)        0.029    27.119    astep24_3l_top_I/switched_readout/genblk1[2].layer_if_I/spi_io/miso_byte_reg[7]
  -------------------------------------------------------------------
                         required time                         27.119    
                         arrival time                          -8.339    
  -------------------------------------------------------------------
                         slack                                 18.780    





Min Delay Paths
--------------------------------------------------------------------------------------
Slack (MET) :             0.232ns  (arrival time - required time)
  Source:                 astep24_3l_top_I/switched_readout/genblk1[2].layer_if_I/spi_io/spi_clk_reg_reg/Q
                            (clock source 'spi_layer2_clock_internal'  {rise@0.000ns fall@25.000ns period=50.000ns})
  Destination:            astep24_3l_top_I/switched_readout/genblk1[2].layer_if_I/spi_io/spi_clk_reg_reg/D
                            (rising edge-triggered cell FDRE clocked by layers_spi_divided  {rise@0.000ns fall@12.500ns period=25.000ns})
  Path Group:             layers_spi_divided
  Path Type:              Hold (Min at Fast Process Corner)
  Requirement:            0.000ns  (layers_spi_divided rise@0.000ns - spi_layer2_clock_internal rise@0.000ns)
  Data Path Delay:        0.453ns  (logic 0.045ns (9.944%)  route 0.408ns (90.056%))
  Logic Levels:           1  (LUT6=1)
  Clock Path Skew:        0.130ns (DCD - SCD - CPR)
    Destination Clock Delay (DCD):    0.704ns
    Source Clock Delay      (SCD):    0.715ns
    Clock Pessimism Removal (CPR):    -0.140ns

    Location             Delay type                Incr(ns)  Path(ns)    Netlist Resource(s)
  -------------------------------------------------------------------    -------------------
                         (clock spi_layer2_clock_internal rise edge)
                                                      0.000     0.000 r  
    L17                                               0.000     0.000 r  sysclk (IN)
                         net (fo=0)                   0.000     0.000    astep24_3l_top_I/clocking_reset_I/sys_to_40/inst/clk_in1
    L17                  IBUF (Prop_ibuf_I_O)         0.244     0.244 r  astep24_3l_top_I/clocking_reset_I/sys_to_40/inst/clkin1_ibufg/O
                         net (fo=1, routed)           0.440     0.684    astep24_3l_top_I/clocking_reset_I/sys_to_40/inst/clk_in1_clk_sys_to_40
    MMCME2_ADV_X0Y0      MMCME2_ADV (Prop_mmcme2_adv_CLKIN1_CLKOUT0)
                                                     -2.362    -1.678 r  astep24_3l_top_I/clocking_reset_I/sys_to_40/inst/mmcm_adv_inst/CLKOUT0
                         net (fo=1, routed)           0.489    -1.189    astep24_3l_top_I/clocking_reset_I/sys_to_40/inst/clk_out1_clk_sys_to_40
    BUFGCTRL_X0Y10       BUFG (Prop_bufg_I_O)         0.026    -1.163 r  astep24_3l_top_I/clocking_reset_I/sys_to_40/inst/clkout1_buf/O
                         net (fo=34, routed)          0.549    -0.615    astep24_3l_top_I/clocking_reset_I/intern_or_ext_to_internal/inst/clk_in1
    MMCME2_ADV_X1Y0      MMCME2_ADV (Prop_mmcme2_adv_CLKIN1_CLKOUT1)
                                                     -1.061    -1.675 r  astep24_3l_top_I/clocking_reset_I/intern_or_ext_to_internal/inst/mmcm_adv_inst/CLKOUT1
                         net (fo=1, routed)           0.486    -1.189    astep24_3l_top_I/clocking_reset_I/intern_or_ext_to_internal/inst/clk_80_clk_core_extorint_40
    BUFGCTRL_X0Y6        BUFG (Prop_bufg_I_O)         0.026    -1.163 r  astep24_3l_top_I/clocking_reset_I/intern_or_ext_to_internal/inst/clkout2_buf/O
                         net (fo=5282, routed)        0.564    -0.600    astep24_3l_top_I/main_rfg_I/clk_80
    SLICE_X28Y47         FDRE (Prop_fdre_C_Q)         0.141    -0.459 r  astep24_3l_top_I/main_rfg_I/spi_layers_ckdivider_divided_clk_reg/Q
                         net (fo=2, routed)           0.440    -0.019    astep24_3l_top_I_n_27
    BUFGCTRL_X0Y7        BUFG (Prop_bufg_I_O)         0.026     0.007 r  spi_layers_ckdivider_divided_resn_delay_reg[7]_i_1/O
                         net (fo=992, routed)         0.567     0.574    astep24_3l_top_I/switched_readout/genblk1[2].layer_if_I/spi_io/CLK
  -------------------------------------------------------------------    -------------------
    SLICE_X51Y47         FDRE (Prop_fdre_C_Q)         0.141     0.715 r  astep24_3l_top_I/switched_readout/genblk1[2].layer_if_I/spi_io/spi_clk_reg_reg/Q
                         net (fo=2, routed)           0.408     1.122    astep24_3l_top_I/switched_readout/genblk1[2].layer_if_I/spi_io/layer_2_spi_clk_OBUF
    SLICE_X51Y47         LUT6 (Prop_lut6_I5_O)        0.045     1.167 r  astep24_3l_top_I/switched_readout/genblk1[2].layer_if_I/spi_io/spi_clk_reg_i_1__1/O
                         net (fo=1, routed)           0.000     1.167    astep24_3l_top_I/switched_readout/genblk1[2].layer_if_I/spi_io/spi_clk_reg_i_1__1_n_0
    SLICE_X51Y47         FDRE                                         r  astep24_3l_top_I/switched_readout/genblk1[2].layer_if_I/spi_io/spi_clk_reg_reg/D
  -------------------------------------------------------------------    -------------------

                         (clock layers_spi_divided rise edge)
                                                      0.000     0.000 r  
    L17                                               0.000     0.000 r  sysclk (IN)
                         net (fo=0)                   0.000     0.000    astep24_3l_top_I/clocking_reset_I/sys_to_40/inst/clk_in1
    L17                  IBUF (Prop_ibuf_I_O)         0.432     0.432 r  astep24_3l_top_I/clocking_reset_I/sys_to_40/inst/clkin1_ibufg/O
                         net (fo=1, routed)           0.480     0.912    astep24_3l_top_I/clocking_reset_I/sys_to_40/inst/clk_in1_clk_sys_to_40
    MMCME2_ADV_X0Y0      MMCME2_ADV (Prop_mmcme2_adv_CLKIN1_CLKOUT0)
                                                     -3.145    -2.233 r  astep24_3l_top_I/clocking_reset_I/sys_to_40/inst/mmcm_adv_inst/CLKOUT0
                         net (fo=1, routed)           0.534    -1.700    astep24_3l_top_I/clocking_reset_I/sys_to_40/inst/clk_out1_clk_sys_to_40
    BUFGCTRL_X0Y10       BUFG (Prop_bufg_I_O)         0.029    -1.671 r  astep24_3l_top_I/clocking_reset_I/sys_to_40/inst/clkout1_buf/O
                         net (fo=34, routed)          0.817    -0.854    astep24_3l_top_I/clocking_reset_I/intern_or_ext_to_internal/inst/clk_in1
    MMCME2_ADV_X1Y0      MMCME2_ADV (Prop_mmcme2_adv_CLKIN1_CLKOUT1)
                                                     -1.375    -2.229 r  astep24_3l_top_I/clocking_reset_I/intern_or_ext_to_internal/inst/mmcm_adv_inst/CLKOUT1
                         net (fo=1, routed)           0.530    -1.700    astep24_3l_top_I/clocking_reset_I/intern_or_ext_to_internal/inst/clk_80_clk_core_extorint_40
    BUFGCTRL_X0Y6        BUFG (Prop_bufg_I_O)         0.029    -1.671 r  astep24_3l_top_I/clocking_reset_I/intern_or_ext_to_internal/inst/clkout2_buf/O
                         net (fo=5282, routed)        0.834    -0.837    astep24_3l_top_I/main_rfg_I/clk_80
    SLICE_X28Y47         FDRE (Prop_fdre_C_Q)         0.175    -0.662 r  astep24_3l_top_I/main_rfg_I/spi_layers_ckdivider_divided_clk_reg/Q
                         net (fo=2, routed)           0.500    -0.162    astep24_3l_top_I_n_27
    BUFGCTRL_X0Y7        BUFG (Prop_bufg_I_O)         0.029    -0.133 r  spi_layers_ckdivider_divided_resn_delay_reg[7]_i_1/O
                         net (fo=992, routed)         0.838     0.704    astep24_3l_top_I/switched_readout/genblk1[2].layer_if_I/spi_io/CLK
    SLICE_X51Y47         FDRE                                         r  astep24_3l_top_I/switched_readout/genblk1[2].layer_if_I/spi_io/spi_clk_reg_reg/C
                         clock pessimism              0.140     0.845    
    SLICE_X51Y47         FDRE (Hold_fdre_C_D)         0.091     0.936    astep24_3l_top_I/switched_readout/genblk1[2].layer_if_I/spi_io/spi_clk_reg_reg
  -------------------------------------------------------------------
                         required time                         -0.936    
                         arrival time                           1.167    
  -------------------------------------------------------------------
                         slack                                  0.232    





---------------------------------------------------------------------------------------------------
From Clock:  clk_80_clk_core_extorint_40
  To Clock:  spi_layer0_clock_internal

Setup :            0  Failing Endpoints,  Worst Slack       11.169ns,  Total Violation        0.000ns
Hold  :           NA  Failing Endpoints,  Worst Slack           NA  ,  Total Violation           NA
---------------------------------------------------------------------------------------------------


Max Delay Paths
--------------------------------------------------------------------------------------
Slack (MET) :             11.169ns  (required time - arrival time)
  Source:                 astep24_3l_top_I/loopback_spi_layer_0/spi_igress_fifo/inst/gen_fifo.xpm_fifo_axis_inst/xpm_fifo_base_inst/gen_cdc_pntr.rd_pntr_cdc_inst/src_gray_ff_reg[5]/C
                            (rising edge-triggered cell FDRE clocked by clk_80_clk_core_extorint_40  {rise@0.000ns fall@6.250ns period=12.500ns})
  Destination:            astep24_3l_top_I/loopback_spi_layer_0/spi_igress_fifo/inst/gen_fifo.xpm_fifo_axis_inst/xpm_fifo_base_inst/gen_cdc_pntr.rd_pntr_cdc_inst/dest_graysync_ff_reg[0][5]/D
                            (rising edge-triggered cell FDRE clocked by spi_layer0_clock_internal  {rise@0.000ns fall@25.000ns period=50.000ns})
  Path Group:             spi_layer0_clock_internal
  Path Type:              Setup (Max at Slow Process Corner)
  Requirement:            12.500ns  (MaxDelay Path 12.500ns)
  Data Path Delay:        1.109ns  (logic 0.419ns (37.797%)  route 0.690ns (62.203%))
  Logic Levels:           0  
  Timing Exception:       MaxDelay Path 12.500ns -datapath_only

    Location             Delay type                Incr(ns)  Path(ns)    Netlist Resource(s)
  -------------------------------------------------------------------    -------------------
    SLICE_X58Y74                                      0.000     0.000 r  astep24_3l_top_I/loopback_spi_layer_0/spi_igress_fifo/inst/gen_fifo.xpm_fifo_axis_inst/xpm_fifo_base_inst/gen_cdc_pntr.rd_pntr_cdc_inst/src_gray_ff_reg[5]/C
    SLICE_X58Y74         FDRE (Prop_fdre_C_Q)         0.419     0.419 r  astep24_3l_top_I/loopback_spi_layer_0/spi_igress_fifo/inst/gen_fifo.xpm_fifo_axis_inst/xpm_fifo_base_inst/gen_cdc_pntr.rd_pntr_cdc_inst/src_gray_ff_reg[5]/Q
                         net (fo=1, routed)           0.690     1.109    astep24_3l_top_I/loopback_spi_layer_0/spi_igress_fifo/inst/gen_fifo.xpm_fifo_axis_inst/xpm_fifo_base_inst/gen_cdc_pntr.rd_pntr_cdc_inst/async_path[5]
    SLICE_X60Y74         FDRE                                         r  astep24_3l_top_I/loopback_spi_layer_0/spi_igress_fifo/inst/gen_fifo.xpm_fifo_axis_inst/xpm_fifo_base_inst/gen_cdc_pntr.rd_pntr_cdc_inst/dest_graysync_ff_reg[0][5]/D
  -------------------------------------------------------------------    -------------------

                         max delay                   12.500    12.500    
    SLICE_X60Y74         FDRE (Setup_fdre_C_D)       -0.222    12.278    astep24_3l_top_I/loopback_spi_layer_0/spi_igress_fifo/inst/gen_fifo.xpm_fifo_axis_inst/xpm_fifo_base_inst/gen_cdc_pntr.rd_pntr_cdc_inst/dest_graysync_ff_reg[0][5]
  -------------------------------------------------------------------
                         required time                         12.278    
                         arrival time                          -1.109    
  -------------------------------------------------------------------
                         slack                                 11.169    





---------------------------------------------------------------------------------------------------
From Clock:  layers_spi_divided
  To Clock:  spi_layer0_clock_internal

Setup :            0  Failing Endpoints,  Worst Slack       22.325ns,  Total Violation        0.000ns
Hold  :            0  Failing Endpoints,  Worst Slack        0.137ns,  Total Violation        0.000ns
---------------------------------------------------------------------------------------------------


Max Delay Paths
--------------------------------------------------------------------------------------
Slack (MET) :             22.325ns  (required time - arrival time)
  Source:                 astep24_3l_top_I/switched_readout/genblk1[0].layer_if_I/spi_io/mosi_byte_reg[0]/C
                            (rising edge-triggered cell FDRE clocked by layers_spi_divided  {rise@0.000ns fall@12.500ns period=25.000ns})
  Destination:            astep24_3l_top_I/loopback_spi_layer_0/spi_igress/rcv_byte_reg[7]/D
                            (falling edge-triggered cell FDRE clocked by spi_layer0_clock_internal  {rise@0.000ns fall@25.000ns period=50.000ns})
  Path Group:             spi_layer0_clock_internal
  Path Type:              Setup (Max at Slow Process Corner)
  Requirement:            25.000ns  (spi_layer0_clock_internal fall@25.000ns - layers_spi_divided rise@0.000ns)
  Data Path Delay:        5.661ns  (logic 0.456ns (8.055%)  route 5.205ns (91.945%))
  Logic Levels:           0  
  Clock Path Skew:        3.161ns (DCD - SCD + CPR)
    Destination Clock Delay (DCD):    4.613ns = ( 29.613 - 25.000 ) 
    Source Clock Delay      (SCD):    2.290ns
    Clock Pessimism Removal (CPR):    0.838ns
  Clock Uncertainty:      0.110ns  ((TSJ^2 + DJ^2)^1/2) / 2 + PE
    Total System Jitter     (TSJ):    0.071ns
    Discrete Jitter          (DJ):    0.209ns
    Phase Error              (PE):    0.000ns

    Location             Delay type                Incr(ns)  Path(ns)    Netlist Resource(s)
  -------------------------------------------------------------------    -------------------
                         (clock layers_spi_divided rise edge)
                                                      0.000     0.000 r  
    L17                                               0.000     0.000 r  sysclk (IN)
                         net (fo=0)                   0.000     0.000    astep24_3l_top_I/clocking_reset_I/sys_to_40/inst/clk_in1
    L17                  IBUF (Prop_ibuf_I_O)         1.476     1.476 r  astep24_3l_top_I/clocking_reset_I/sys_to_40/inst/clkin1_ibufg/O
                         net (fo=1, routed)           1.233     2.709    astep24_3l_top_I/clocking_reset_I/sys_to_40/inst/clk_in1_clk_sys_to_40
    MMCME2_ADV_X0Y0      MMCME2_ADV (Prop_mmcme2_adv_CLKIN1_CLKOUT0)
                                                     -6.965    -4.256 r  astep24_3l_top_I/clocking_reset_I/sys_to_40/inst/mmcm_adv_inst/CLKOUT0
                         net (fo=1, routed)           1.666    -2.589    astep24_3l_top_I/clocking_reset_I/sys_to_40/inst/clk_out1_clk_sys_to_40
    BUFGCTRL_X0Y10       BUFG (Prop_bufg_I_O)         0.096    -2.493 r  astep24_3l_top_I/clocking_reset_I/sys_to_40/inst/clkout1_buf/O
                         net (fo=34, routed)          1.575    -0.918    astep24_3l_top_I/clocking_reset_I/intern_or_ext_to_internal/inst/clk_in1
    MMCME2_ADV_X1Y0      MMCME2_ADV (Prop_mmcme2_adv_CLKIN1_CLKOUT1)
                                                     -3.333    -4.251 r  astep24_3l_top_I/clocking_reset_I/intern_or_ext_to_internal/inst/mmcm_adv_inst/CLKOUT1
                         net (fo=1, routed)           1.661    -2.589    astep24_3l_top_I/clocking_reset_I/intern_or_ext_to_internal/inst/clk_80_clk_core_extorint_40
    BUFGCTRL_X0Y6        BUFG (Prop_bufg_I_O)         0.096    -2.493 r  astep24_3l_top_I/clocking_reset_I/intern_or_ext_to_internal/inst/clkout2_buf/O
                         net (fo=5282, routed)        1.567    -0.926    astep24_3l_top_I/main_rfg_I/clk_80
    SLICE_X28Y47         FDRE (Prop_fdre_C_Q)         0.456    -0.470 r  astep24_3l_top_I/main_rfg_I/spi_layers_ckdivider_divided_clk_reg/Q
                         net (fo=2, routed)           1.123     0.653    astep24_3l_top_I_n_27
    BUFGCTRL_X0Y7        BUFG (Prop_bufg_I_O)         0.096     0.749 r  spi_layers_ckdivider_divided_resn_delay_reg[7]_i_1/O
                         net (fo=992, routed)         1.541     2.290    astep24_3l_top_I/switched_readout/genblk1[0].layer_if_I/spi_io/CLK
    SLICE_X43Y70         FDRE                                         r  astep24_3l_top_I/switched_readout/genblk1[0].layer_if_I/spi_io/mosi_byte_reg[0]/C
  -------------------------------------------------------------------    -------------------
    SLICE_X43Y70         FDRE (Prop_fdre_C_Q)         0.456     2.746 r  astep24_3l_top_I/switched_readout/genblk1[0].layer_if_I/spi_io/mosi_byte_reg[0]/Q
                         net (fo=1, routed)           5.205     7.951    astep24_3l_top_I/loopback_spi_layer_0/spi_igress/layer_0_spi_mosi
    SLICE_X48Y76         FDRE                                         r  astep24_3l_top_I/loopback_spi_layer_0/spi_igress/rcv_byte_reg[7]/D
  -------------------------------------------------------------------    -------------------

                         (clock spi_layer0_clock_internal fall edge)
                                                     25.000    25.000 r  
    L17                                               0.000    25.000 r  sysclk (IN)
                         net (fo=0)                   0.000    25.000    astep24_3l_top_I/clocking_reset_I/sys_to_40/inst/clk_in1
    L17                  IBUF (Prop_ibuf_I_O)         1.406    26.405 r  astep24_3l_top_I/clocking_reset_I/sys_to_40/inst/clkin1_ibufg/O
                         net (fo=1, routed)           1.162    27.567    astep24_3l_top_I/clocking_reset_I/sys_to_40/inst/clk_in1_clk_sys_to_40
    MMCME2_ADV_X0Y0      MMCME2_ADV (Prop_mmcme2_adv_CLKIN1_CLKOUT0)
                                                     -7.221    20.346 r  astep24_3l_top_I/clocking_reset_I/sys_to_40/inst/mmcm_adv_inst/CLKOUT0
                         net (fo=1, routed)           1.587    21.933    astep24_3l_top_I/clocking_reset_I/sys_to_40/inst/clk_out1_clk_sys_to_40
    BUFGCTRL_X0Y10       BUFG (Prop_bufg_I_O)         0.091    22.024 r  astep24_3l_top_I/clocking_reset_I/sys_to_40/inst/clkout1_buf/O
                         net (fo=34, routed)          1.457    23.481    astep24_3l_top_I/clocking_reset_I/intern_or_ext_to_internal/inst/clk_in1
    MMCME2_ADV_X1Y0      MMCME2_ADV (Prop_mmcme2_adv_CLKIN1_CLKOUT1)
                                                     -3.129    20.352 r  astep24_3l_top_I/clocking_reset_I/intern_or_ext_to_internal/inst/mmcm_adv_inst/CLKOUT1
                         net (fo=1, routed)           1.581    21.933    astep24_3l_top_I/clocking_reset_I/intern_or_ext_to_internal/inst/clk_80_clk_core_extorint_40
    BUFGCTRL_X0Y6        BUFG (Prop_bufg_I_O)         0.091    22.024 r  astep24_3l_top_I/clocking_reset_I/intern_or_ext_to_internal/inst/clkout2_buf/O
                         net (fo=5282, routed)        1.448    23.472    astep24_3l_top_I/main_rfg_I/clk_80
    SLICE_X28Y47         FDRE (Prop_fdre_C_Q)         0.367    23.839 r  astep24_3l_top_I/main_rfg_I/spi_layers_ckdivider_divided_clk_reg/Q
                         net (fo=2, routed)           0.981    24.820    astep24_3l_top_I_n_27
    BUFGCTRL_X0Y7        BUFG (Prop_bufg_I_O)         0.091    24.911 r  spi_layers_ckdivider_divided_resn_delay_reg[7]_i_1/O
                         net (fo=992, routed)         1.437    26.348    astep24_3l_top_I/switched_readout/genblk1[0].layer_if_I/spi_io/CLK
    SLICE_X43Y55         FDRE (Prop_fdre_C_Q)         0.367    26.715 f  astep24_3l_top_I/switched_readout/genblk1[0].layer_if_I/spi_io/spi_clk_reg_reg/Q
                         net (fo=2, routed)           1.382    28.097    layer_0_spi_clk_OBUF
    BUFGCTRL_X0Y2        BUFG (Prop_bufg_I_O)         0.091    28.188 f  layer_0_spi_clk_OBUF_BUFG_inst/O
                         net (fo=232, routed)         1.426    29.613    astep24_3l_top_I/loopback_spi_layer_0/spi_igress/m_axis_tvalid_reg_0
    SLICE_X48Y76         FDRE                                         r  astep24_3l_top_I/loopback_spi_layer_0/spi_igress/rcv_byte_reg[7]/C  (IS_INVERTED)
                         clock pessimism              0.838    30.451    
                         clock uncertainty           -0.110    30.341    
    SLICE_X48Y76         FDRE (Setup_fdre_C_D)       -0.064    30.277    astep24_3l_top_I/loopback_spi_layer_0/spi_igress/rcv_byte_reg[7]
  -------------------------------------------------------------------
                         required time                         30.277    
                         arrival time                          -7.951    
  -------------------------------------------------------------------
                         slack                                 22.325    





Min Delay Paths
--------------------------------------------------------------------------------------
Slack (MET) :             0.137ns  (arrival time - required time)
  Source:                 astep24_3l_top_I/switched_readout/genblk1[0].layer_if_I/spi_io/mosi_byte_reg[0]/C
                            (rising edge-triggered cell FDRE clocked by layers_spi_divided  {rise@0.000ns fall@12.500ns period=25.000ns})
  Destination:            astep24_3l_top_I/loopback_spi_layer_0/spi_igress/rcv_byte_reg[7]/D
                            (falling edge-triggered cell FDRE clocked by spi_layer0_clock_internal  {rise@0.000ns fall@25.000ns period=50.000ns})
  Path Group:             spi_layer0_clock_internal
  Path Type:              Hold (Min at Fast Process Corner)
  Requirement:            0.000ns  (spi_layer0_clock_internal fall@25.000ns - layers_spi_divided rise@25.000ns)
  Data Path Delay:        2.244ns  (logic 0.141ns (6.282%)  route 2.103ns (93.718%))
  Logic Levels:           0  
  Clock Path Skew:        2.030ns (DCD - SCD - CPR)
    Destination Clock Delay (DCD):    2.448ns = ( 27.448 - 25.000 ) 
    Source Clock Delay      (SCD):    0.559ns = ( 25.559 - 25.000 ) 
    Clock Pessimism Removal (CPR):    -0.140ns

    Location             Delay type                Incr(ns)  Path(ns)    Netlist Resource(s)
  -------------------------------------------------------------------    -------------------
                         (clock layers_spi_divided rise edge)
                                                     25.000    25.000 r  
    L17                                               0.000    25.000 r  sysclk (IN)
                         net (fo=0)                   0.000    25.000    astep24_3l_top_I/clocking_reset_I/sys_to_40/inst/clk_in1
    L17                  IBUF (Prop_ibuf_I_O)         0.244    25.244 r  astep24_3l_top_I/clocking_reset_I/sys_to_40/inst/clkin1_ibufg/O
                         net (fo=1, routed)           0.440    25.684    astep24_3l_top_I/clocking_reset_I/sys_to_40/inst/clk_in1_clk_sys_to_40
    MMCME2_ADV_X0Y0      MMCME2_ADV (Prop_mmcme2_adv_CLKIN1_CLKOUT0)
                                                     -2.362    23.322 r  astep24_3l_top_I/clocking_reset_I/sys_to_40/inst/mmcm_adv_inst/CLKOUT0
                         net (fo=1, routed)           0.489    23.810    astep24_3l_top_I/clocking_reset_I/sys_to_40/inst/clk_out1_clk_sys_to_40
    BUFGCTRL_X0Y10       BUFG (Prop_bufg_I_O)         0.026    23.836 r  astep24_3l_top_I/clocking_reset_I/sys_to_40/inst/clkout1_buf/O
                         net (fo=34, routed)          0.549    24.385    astep24_3l_top_I/clocking_reset_I/intern_or_ext_to_internal/inst/clk_in1
    MMCME2_ADV_X1Y0      MMCME2_ADV (Prop_mmcme2_adv_CLKIN1_CLKOUT1)
                                                     -1.061    23.325 r  astep24_3l_top_I/clocking_reset_I/intern_or_ext_to_internal/inst/mmcm_adv_inst/CLKOUT1
                         net (fo=1, routed)           0.486    23.810    astep24_3l_top_I/clocking_reset_I/intern_or_ext_to_internal/inst/clk_80_clk_core_extorint_40
    BUFGCTRL_X0Y6        BUFG (Prop_bufg_I_O)         0.026    23.836 r  astep24_3l_top_I/clocking_reset_I/intern_or_ext_to_internal/inst/clkout2_buf/O
                         net (fo=5282, routed)        0.564    24.400    astep24_3l_top_I/main_rfg_I/clk_80
    SLICE_X28Y47         FDRE (Prop_fdre_C_Q)         0.141    24.541 r  astep24_3l_top_I/main_rfg_I/spi_layers_ckdivider_divided_clk_reg/Q
                         net (fo=2, routed)           0.440    24.981    astep24_3l_top_I_n_27
    BUFGCTRL_X0Y7        BUFG (Prop_bufg_I_O)         0.026    25.007 r  spi_layers_ckdivider_divided_resn_delay_reg[7]_i_1/O
                         net (fo=992, routed)         0.552    25.559    astep24_3l_top_I/switched_readout/genblk1[0].layer_if_I/spi_io/CLK
    SLICE_X43Y70         FDRE                                         r  astep24_3l_top_I/switched_readout/genblk1[0].layer_if_I/spi_io/mosi_byte_reg[0]/C
  -------------------------------------------------------------------    -------------------
    SLICE_X43Y70         FDRE (Prop_fdre_C_Q)         0.141    25.700 r  astep24_3l_top_I/switched_readout/genblk1[0].layer_if_I/spi_io/mosi_byte_reg[0]/Q
                         net (fo=1, routed)           2.103    27.803    astep24_3l_top_I/loopback_spi_layer_0/spi_igress/layer_0_spi_mosi
    SLICE_X48Y76         FDRE                                         r  astep24_3l_top_I/loopback_spi_layer_0/spi_igress/rcv_byte_reg[7]/D
  -------------------------------------------------------------------    -------------------

                         (clock spi_layer0_clock_internal fall edge)
                                                     25.000    25.000 r  
    L17                                               0.000    25.000 r  sysclk (IN)
                         net (fo=0)                   0.000    25.000    astep24_3l_top_I/clocking_reset_I/sys_to_40/inst/clk_in1
    L17                  IBUF (Prop_ibuf_I_O)         0.432    25.432 r  astep24_3l_top_I/clocking_reset_I/sys_to_40/inst/clkin1_ibufg/O
                         net (fo=1, routed)           0.480    25.912    astep24_3l_top_I/clocking_reset_I/sys_to_40/inst/clk_in1_clk_sys_to_40
    MMCME2_ADV_X0Y0      MMCME2_ADV (Prop_mmcme2_adv_CLKIN1_CLKOUT0)
                                                     -3.145    22.767 r  astep24_3l_top_I/clocking_reset_I/sys_to_40/inst/mmcm_adv_inst/CLKOUT0
                         net (fo=1, routed)           0.534    23.300    astep24_3l_top_I/clocking_reset_I/sys_to_40/inst/clk_out1_clk_sys_to_40
    BUFGCTRL_X0Y10       BUFG (Prop_bufg_I_O)         0.029    23.329 r  astep24_3l_top_I/clocking_reset_I/sys_to_40/inst/clkout1_buf/O
                         net (fo=34, routed)          0.817    24.146    astep24_3l_top_I/clocking_reset_I/intern_or_ext_to_internal/inst/clk_in1
    MMCME2_ADV_X1Y0      MMCME2_ADV (Prop_mmcme2_adv_CLKIN1_CLKOUT1)
                                                     -1.375    22.771 r  astep24_3l_top_I/clocking_reset_I/intern_or_ext_to_internal/inst/mmcm_adv_inst/CLKOUT1
                         net (fo=1, routed)           0.530    23.300    astep24_3l_top_I/clocking_reset_I/intern_or_ext_to_internal/inst/clk_80_clk_core_extorint_40
    BUFGCTRL_X0Y6        BUFG (Prop_bufg_I_O)         0.029    23.329 r  astep24_3l_top_I/clocking_reset_I/intern_or_ext_to_internal/inst/clkout2_buf/O
                         net (fo=5282, routed)        0.834    24.163    astep24_3l_top_I/main_rfg_I/clk_80
    SLICE_X28Y47         FDRE (Prop_fdre_C_Q)         0.175    24.338 r  astep24_3l_top_I/main_rfg_I/spi_layers_ckdivider_divided_clk_reg/Q
                         net (fo=2, routed)           0.500    24.838    astep24_3l_top_I_n_27
    BUFGCTRL_X0Y7        BUFG (Prop_bufg_I_O)         0.029    24.867 r  spi_layers_ckdivider_divided_resn_delay_reg[7]_i_1/O
                         net (fo=992, routed)         0.831    25.697    astep24_3l_top_I/switched_readout/genblk1[0].layer_if_I/spi_io/CLK
    SLICE_X43Y55         FDRE (Prop_fdre_C_Q)         0.175    25.872 f  astep24_3l_top_I/switched_readout/genblk1[0].layer_if_I/spi_io/spi_clk_reg_reg/Q
                         net (fo=2, routed)           0.729    26.601    layer_0_spi_clk_OBUF
    BUFGCTRL_X0Y2        BUFG (Prop_bufg_I_O)         0.029    26.630 f  layer_0_spi_clk_OBUF_BUFG_inst/O
                         net (fo=232, routed)         0.818    27.448    astep24_3l_top_I/loopback_spi_layer_0/spi_igress/m_axis_tvalid_reg_0
    SLICE_X48Y76         FDRE                                         r  astep24_3l_top_I/loopback_spi_layer_0/spi_igress/rcv_byte_reg[7]/C  (IS_INVERTED)
                         clock pessimism              0.140    27.589    
    SLICE_X48Y76         FDRE (Hold_fdre_C_D)         0.077    27.666    astep24_3l_top_I/loopback_spi_layer_0/spi_igress/rcv_byte_reg[7]
  -------------------------------------------------------------------
                         required time                        -27.666    
                         arrival time                          27.803    
  -------------------------------------------------------------------
                         slack                                  0.137    





---------------------------------------------------------------------------------------------------
From Clock:  clk_80_clk_core_extorint_40
  To Clock:  spi_layer1_clock_internal

Setup :            0  Failing Endpoints,  Worst Slack       11.047ns,  Total Violation        0.000ns
Hold  :           NA  Failing Endpoints,  Worst Slack           NA  ,  Total Violation           NA
---------------------------------------------------------------------------------------------------


Max Delay Paths
--------------------------------------------------------------------------------------
Slack (MET) :             11.047ns  (required time - arrival time)
  Source:                 astep24_3l_top_I/loopback_spi_layer_1/spi_igress_fifo/inst/gen_fifo.xpm_fifo_axis_inst/xpm_fifo_base_inst/gen_cdc_pntr.rd_pntr_cdc_inst/src_gray_ff_reg[5]/C
                            (rising edge-triggered cell FDRE clocked by clk_80_clk_core_extorint_40  {rise@0.000ns fall@6.250ns period=12.500ns})
  Destination:            astep24_3l_top_I/loopback_spi_layer_1/spi_igress_fifo/inst/gen_fifo.xpm_fifo_axis_inst/xpm_fifo_base_inst/gen_cdc_pntr.rd_pntr_cdc_inst/dest_graysync_ff_reg[0][5]/D
                            (rising edge-triggered cell FDRE clocked by spi_layer1_clock_internal  {rise@0.000ns fall@25.000ns period=50.000ns})
  Path Group:             spi_layer1_clock_internal
  Path Type:              Setup (Max at Slow Process Corner)
  Requirement:            12.500ns  (MaxDelay Path 12.500ns)
  Data Path Delay:        1.183ns  (logic 0.478ns (40.412%)  route 0.705ns (59.588%))
  Logic Levels:           0  
  Timing Exception:       MaxDelay Path 12.500ns -datapath_only

    Location             Delay type                Incr(ns)  Path(ns)    Netlist Resource(s)
  -------------------------------------------------------------------    -------------------
    SLICE_X52Y55                                      0.000     0.000 r  astep24_3l_top_I/loopback_spi_layer_1/spi_igress_fifo/inst/gen_fifo.xpm_fifo_axis_inst/xpm_fifo_base_inst/gen_cdc_pntr.rd_pntr_cdc_inst/src_gray_ff_reg[5]/C
    SLICE_X52Y55         FDRE (Prop_fdre_C_Q)         0.478     0.478 r  astep24_3l_top_I/loopback_spi_layer_1/spi_igress_fifo/inst/gen_fifo.xpm_fifo_axis_inst/xpm_fifo_base_inst/gen_cdc_pntr.rd_pntr_cdc_inst/src_gray_ff_reg[5]/Q
                         net (fo=1, routed)           0.705     1.183    astep24_3l_top_I/loopback_spi_layer_1/spi_igress_fifo/inst/gen_fifo.xpm_fifo_axis_inst/xpm_fifo_base_inst/gen_cdc_pntr.rd_pntr_cdc_inst/async_path[5]
    SLICE_X53Y55         FDRE                                         r  astep24_3l_top_I/loopback_spi_layer_1/spi_igress_fifo/inst/gen_fifo.xpm_fifo_axis_inst/xpm_fifo_base_inst/gen_cdc_pntr.rd_pntr_cdc_inst/dest_graysync_ff_reg[0][5]/D
  -------------------------------------------------------------------    -------------------

                         max delay                   12.500    12.500    
    SLICE_X53Y55         FDRE (Setup_fdre_C_D)       -0.270    12.230    astep24_3l_top_I/loopback_spi_layer_1/spi_igress_fifo/inst/gen_fifo.xpm_fifo_axis_inst/xpm_fifo_base_inst/gen_cdc_pntr.rd_pntr_cdc_inst/dest_graysync_ff_reg[0][5]
  -------------------------------------------------------------------
                         required time                         12.230    
                         arrival time                          -1.183    
  -------------------------------------------------------------------
                         slack                                 11.047    





---------------------------------------------------------------------------------------------------
From Clock:  layers_spi_divided
  To Clock:  spi_layer1_clock_internal

Setup :            0  Failing Endpoints,  Worst Slack       22.356ns,  Total Violation        0.000ns
Hold  :            0  Failing Endpoints,  Worst Slack        0.428ns,  Total Violation        0.000ns
---------------------------------------------------------------------------------------------------


Max Delay Paths
--------------------------------------------------------------------------------------
Slack (MET) :             22.356ns  (required time - arrival time)
  Source:                 astep24_3l_top_I/switched_readout/genblk1[1].layer_if_I/spi_io/mosi_byte_reg[0]/C
                            (rising edge-triggered cell FDRE clocked by layers_spi_divided  {rise@0.000ns fall@12.500ns period=25.000ns})
  Destination:            astep24_3l_top_I/loopback_spi_layer_1/spi_igress/rcv_byte_reg[7]/D
                            (falling edge-triggered cell FDRE clocked by spi_layer1_clock_internal  {rise@0.000ns fall@25.000ns period=50.000ns})
  Path Group:             spi_layer1_clock_internal
  Path Type:              Setup (Max at Slow Process Corner)
  Requirement:            25.000ns  (spi_layer1_clock_internal fall@25.000ns - layers_spi_divided rise@0.000ns)
  Data Path Delay:        5.242ns  (logic 0.456ns (8.699%)  route 4.786ns (91.301%))
  Logic Levels:           0  
  Clock Path Skew:        2.772ns (DCD - SCD + CPR)
    Destination Clock Delay (DCD):    4.236ns = ( 29.236 - 25.000 ) 
    Source Clock Delay      (SCD):    2.302ns
    Clock Pessimism Removal (CPR):    0.838ns
  Clock Uncertainty:      0.110ns  ((TSJ^2 + DJ^2)^1/2) / 2 + PE
    Total System Jitter     (TSJ):    0.071ns
    Discrete Jitter          (DJ):    0.209ns
    Phase Error              (PE):    0.000ns

    Location             Delay type                Incr(ns)  Path(ns)    Netlist Resource(s)
  -------------------------------------------------------------------    -------------------
                         (clock layers_spi_divided rise edge)
                                                      0.000     0.000 r  
    L17                                               0.000     0.000 r  sysclk (IN)
                         net (fo=0)                   0.000     0.000    astep24_3l_top_I/clocking_reset_I/sys_to_40/inst/clk_in1
    L17                  IBUF (Prop_ibuf_I_O)         1.476     1.476 r  astep24_3l_top_I/clocking_reset_I/sys_to_40/inst/clkin1_ibufg/O
                         net (fo=1, routed)           1.233     2.709    astep24_3l_top_I/clocking_reset_I/sys_to_40/inst/clk_in1_clk_sys_to_40
    MMCME2_ADV_X0Y0      MMCME2_ADV (Prop_mmcme2_adv_CLKIN1_CLKOUT0)
                                                     -6.965    -4.256 r  astep24_3l_top_I/clocking_reset_I/sys_to_40/inst/mmcm_adv_inst/CLKOUT0
                         net (fo=1, routed)           1.666    -2.589    astep24_3l_top_I/clocking_reset_I/sys_to_40/inst/clk_out1_clk_sys_to_40
    BUFGCTRL_X0Y10       BUFG (Prop_bufg_I_O)         0.096    -2.493 r  astep24_3l_top_I/clocking_reset_I/sys_to_40/inst/clkout1_buf/O
                         net (fo=34, routed)          1.575    -0.918    astep24_3l_top_I/clocking_reset_I/intern_or_ext_to_internal/inst/clk_in1
    MMCME2_ADV_X1Y0      MMCME2_ADV (Prop_mmcme2_adv_CLKIN1_CLKOUT1)
                                                     -3.333    -4.251 r  astep24_3l_top_I/clocking_reset_I/intern_or_ext_to_internal/inst/mmcm_adv_inst/CLKOUT1
                         net (fo=1, routed)           1.661    -2.589    astep24_3l_top_I/clocking_reset_I/intern_or_ext_to_internal/inst/clk_80_clk_core_extorint_40
    BUFGCTRL_X0Y6        BUFG (Prop_bufg_I_O)         0.096    -2.493 r  astep24_3l_top_I/clocking_reset_I/intern_or_ext_to_internal/inst/clkout2_buf/O
                         net (fo=5282, routed)        1.567    -0.926    astep24_3l_top_I/main_rfg_I/clk_80
    SLICE_X28Y47         FDRE (Prop_fdre_C_Q)         0.456    -0.470 r  astep24_3l_top_I/main_rfg_I/spi_layers_ckdivider_divided_clk_reg/Q
                         net (fo=2, routed)           1.123     0.653    astep24_3l_top_I_n_27
    BUFGCTRL_X0Y7        BUFG (Prop_bufg_I_O)         0.096     0.749 r  spi_layers_ckdivider_divided_resn_delay_reg[7]_i_1/O
                         net (fo=992, routed)         1.553     2.302    astep24_3l_top_I/switched_readout/genblk1[1].layer_if_I/spi_io/CLK
    SLICE_X49Y64         FDRE                                         r  astep24_3l_top_I/switched_readout/genblk1[1].layer_if_I/spi_io/mosi_byte_reg[0]/C
  -------------------------------------------------------------------    -------------------
    SLICE_X49Y64         FDRE (Prop_fdre_C_Q)         0.456     2.758 r  astep24_3l_top_I/switched_readout/genblk1[1].layer_if_I/spi_io/mosi_byte_reg[0]/Q
                         net (fo=1, routed)           4.786     7.544    astep24_3l_top_I/loopback_spi_layer_1/spi_igress/layer_1_spi_mosi
    SLICE_X51Y58         FDRE                                         r  astep24_3l_top_I/loopback_spi_layer_1/spi_igress/rcv_byte_reg[7]/D
  -------------------------------------------------------------------    -------------------

                         (clock spi_layer1_clock_internal fall edge)
                                                     25.000    25.000 r  
    L17                                               0.000    25.000 r  sysclk (IN)
                         net (fo=0)                   0.000    25.000    astep24_3l_top_I/clocking_reset_I/sys_to_40/inst/clk_in1
    L17                  IBUF (Prop_ibuf_I_O)         1.406    26.405 r  astep24_3l_top_I/clocking_reset_I/sys_to_40/inst/clkin1_ibufg/O
                         net (fo=1, routed)           1.162    27.567    astep24_3l_top_I/clocking_reset_I/sys_to_40/inst/clk_in1_clk_sys_to_40
    MMCME2_ADV_X0Y0      MMCME2_ADV (Prop_mmcme2_adv_CLKIN1_CLKOUT0)
                                                     -7.221    20.346 r  astep24_3l_top_I/clocking_reset_I/sys_to_40/inst/mmcm_adv_inst/CLKOUT0
                         net (fo=1, routed)           1.587    21.933    astep24_3l_top_I/clocking_reset_I/sys_to_40/inst/clk_out1_clk_sys_to_40
    BUFGCTRL_X0Y10       BUFG (Prop_bufg_I_O)         0.091    22.024 r  astep24_3l_top_I/clocking_reset_I/sys_to_40/inst/clkout1_buf/O
                         net (fo=34, routed)          1.457    23.481    astep24_3l_top_I/clocking_reset_I/intern_or_ext_to_internal/inst/clk_in1
    MMCME2_ADV_X1Y0      MMCME2_ADV (Prop_mmcme2_adv_CLKIN1_CLKOUT1)
                                                     -3.129    20.352 r  astep24_3l_top_I/clocking_reset_I/intern_or_ext_to_internal/inst/mmcm_adv_inst/CLKOUT1
                         net (fo=1, routed)           1.581    21.933    astep24_3l_top_I/clocking_reset_I/intern_or_ext_to_internal/inst/clk_80_clk_core_extorint_40
    BUFGCTRL_X0Y6        BUFG (Prop_bufg_I_O)         0.091    22.024 r  astep24_3l_top_I/clocking_reset_I/intern_or_ext_to_internal/inst/clkout2_buf/O
                         net (fo=5282, routed)        1.448    23.472    astep24_3l_top_I/main_rfg_I/clk_80
    SLICE_X28Y47         FDRE (Prop_fdre_C_Q)         0.367    23.839 r  astep24_3l_top_I/main_rfg_I/spi_layers_ckdivider_divided_clk_reg/Q
                         net (fo=2, routed)           0.981    24.820    astep24_3l_top_I_n_27
    BUFGCTRL_X0Y7        BUFG (Prop_bufg_I_O)         0.091    24.911 r  spi_layers_ckdivider_divided_resn_delay_reg[7]_i_1/O
                         net (fo=992, routed)         1.438    26.349    astep24_3l_top_I/switched_readout/genblk1[1].layer_if_I/spi_io/CLK
    SLICE_X44Y53         FDRE (Prop_fdre_C_Q)         0.367    26.716 f  astep24_3l_top_I/switched_readout/genblk1[1].layer_if_I/spi_io/spi_clk_reg_reg/Q
                         net (fo=2, routed)           0.989    27.705    layer_1_spi_clk_OBUF
    BUFGCTRL_X0Y3        BUFG (Prop_bufg_I_O)         0.091    27.796 f  layer_1_spi_clk_OBUF_BUFG_inst/O
                         net (fo=232, routed)         1.441    29.236    astep24_3l_top_I/loopback_spi_layer_1/spi_igress/m_axis_tvalid_reg_0
    SLICE_X51Y58         FDRE                                         r  astep24_3l_top_I/loopback_spi_layer_1/spi_igress/rcv_byte_reg[7]/C  (IS_INVERTED)
                         clock pessimism              0.838    30.074    
                         clock uncertainty           -0.110    29.964    
    SLICE_X51Y58         FDRE (Setup_fdre_C_D)       -0.064    29.900    astep24_3l_top_I/loopback_spi_layer_1/spi_igress/rcv_byte_reg[7]
  -------------------------------------------------------------------
                         required time                         29.900    
                         arrival time                          -7.544    
  -------------------------------------------------------------------
                         slack                                 22.356    





Min Delay Paths
--------------------------------------------------------------------------------------
Slack (MET) :             0.428ns  (arrival time - required time)
  Source:                 astep24_3l_top_I/switched_readout/genblk1[1].layer_if_I/spi_io/mosi_byte_reg[0]/C
                            (rising edge-triggered cell FDRE clocked by layers_spi_divided  {rise@0.000ns fall@12.500ns period=25.000ns})
  Destination:            astep24_3l_top_I/loopback_spi_layer_1/spi_igress/rcv_byte_reg[7]/D
                            (falling edge-triggered cell FDRE clocked by spi_layer1_clock_internal  {rise@0.000ns fall@25.000ns period=50.000ns})
  Path Group:             spi_layer1_clock_internal
  Path Type:              Hold (Min at Fast Process Corner)
  Requirement:            0.000ns  (spi_layer1_clock_internal fall@25.000ns - layers_spi_divided rise@25.000ns)
  Data Path Delay:        2.327ns  (logic 0.141ns (6.059%)  route 2.186ns (93.941%))
  Logic Levels:           0  
  Clock Path Skew:        1.822ns (DCD - SCD - CPR)
    Destination Clock Delay (DCD):    2.248ns = ( 27.248 - 25.000 ) 
    Source Clock Delay      (SCD):    0.567ns = ( 25.567 - 25.000 ) 
    Clock Pessimism Removal (CPR):    -0.140ns

    Location             Delay type                Incr(ns)  Path(ns)    Netlist Resource(s)
  -------------------------------------------------------------------    -------------------
                         (clock layers_spi_divided rise edge)
                                                     25.000    25.000 r  
    L17                                               0.000    25.000 r  sysclk (IN)
                         net (fo=0)                   0.000    25.000    astep24_3l_top_I/clocking_reset_I/sys_to_40/inst/clk_in1
    L17                  IBUF (Prop_ibuf_I_O)         0.244    25.244 r  astep24_3l_top_I/clocking_reset_I/sys_to_40/inst/clkin1_ibufg/O
                         net (fo=1, routed)           0.440    25.684    astep24_3l_top_I/clocking_reset_I/sys_to_40/inst/clk_in1_clk_sys_to_40
    MMCME2_ADV_X0Y0      MMCME2_ADV (Prop_mmcme2_adv_CLKIN1_CLKOUT0)
                                                     -2.362    23.322 r  astep24_3l_top_I/clocking_reset_I/sys_to_40/inst/mmcm_adv_inst/CLKOUT0
                         net (fo=1, routed)           0.489    23.810    astep24_3l_top_I/clocking_reset_I/sys_to_40/inst/clk_out1_clk_sys_to_40
    BUFGCTRL_X0Y10       BUFG (Prop_bufg_I_O)         0.026    23.836 r  astep24_3l_top_I/clocking_reset_I/sys_to_40/inst/clkout1_buf/O
                         net (fo=34, routed)          0.549    24.385    astep24_3l_top_I/clocking_reset_I/intern_or_ext_to_internal/inst/clk_in1
    MMCME2_ADV_X1Y0      MMCME2_ADV (Prop_mmcme2_adv_CLKIN1_CLKOUT1)
                                                     -1.061    23.325 r  astep24_3l_top_I/clocking_reset_I/intern_or_ext_to_internal/inst/mmcm_adv_inst/CLKOUT1
                         net (fo=1, routed)           0.486    23.810    astep24_3l_top_I/clocking_reset_I/intern_or_ext_to_internal/inst/clk_80_clk_core_extorint_40
    BUFGCTRL_X0Y6        BUFG (Prop_bufg_I_O)         0.026    23.836 r  astep24_3l_top_I/clocking_reset_I/intern_or_ext_to_internal/inst/clkout2_buf/O
                         net (fo=5282, routed)        0.564    24.400    astep24_3l_top_I/main_rfg_I/clk_80
    SLICE_X28Y47         FDRE (Prop_fdre_C_Q)         0.141    24.541 r  astep24_3l_top_I/main_rfg_I/spi_layers_ckdivider_divided_clk_reg/Q
                         net (fo=2, routed)           0.440    24.981    astep24_3l_top_I_n_27
    BUFGCTRL_X0Y7        BUFG (Prop_bufg_I_O)         0.026    25.007 r  spi_layers_ckdivider_divided_resn_delay_reg[7]_i_1/O
                         net (fo=992, routed)         0.560    25.567    astep24_3l_top_I/switched_readout/genblk1[1].layer_if_I/spi_io/CLK
    SLICE_X49Y64         FDRE                                         r  astep24_3l_top_I/switched_readout/genblk1[1].layer_if_I/spi_io/mosi_byte_reg[0]/C
  -------------------------------------------------------------------    -------------------
    SLICE_X49Y64         FDRE (Prop_fdre_C_Q)         0.141    25.708 r  astep24_3l_top_I/switched_readout/genblk1[1].layer_if_I/spi_io/mosi_byte_reg[0]/Q
                         net (fo=1, routed)           2.186    27.893    astep24_3l_top_I/loopback_spi_layer_1/spi_igress/layer_1_spi_mosi
    SLICE_X51Y58         FDRE                                         r  astep24_3l_top_I/loopback_spi_layer_1/spi_igress/rcv_byte_reg[7]/D
  -------------------------------------------------------------------    -------------------

                         (clock spi_layer1_clock_internal fall edge)
                                                     25.000    25.000 r  
    L17                                               0.000    25.000 r  sysclk (IN)
                         net (fo=0)                   0.000    25.000    astep24_3l_top_I/clocking_reset_I/sys_to_40/inst/clk_in1
    L17                  IBUF (Prop_ibuf_I_O)         0.432    25.432 r  astep24_3l_top_I/clocking_reset_I/sys_to_40/inst/clkin1_ibufg/O
                         net (fo=1, routed)           0.480    25.912    astep24_3l_top_I/clocking_reset_I/sys_to_40/inst/clk_in1_clk_sys_to_40
    MMCME2_ADV_X0Y0      MMCME2_ADV (Prop_mmcme2_adv_CLKIN1_CLKOUT0)
                                                     -3.145    22.767 r  astep24_3l_top_I/clocking_reset_I/sys_to_40/inst/mmcm_adv_inst/CLKOUT0
                         net (fo=1, routed)           0.534    23.300    astep24_3l_top_I/clocking_reset_I/sys_to_40/inst/clk_out1_clk_sys_to_40
    BUFGCTRL_X0Y10       BUFG (Prop_bufg_I_O)         0.029    23.329 r  astep24_3l_top_I/clocking_reset_I/sys_to_40/inst/clkout1_buf/O
                         net (fo=34, routed)          0.817    24.146    astep24_3l_top_I/clocking_reset_I/intern_or_ext_to_internal/inst/clk_in1
    MMCME2_ADV_X1Y0      MMCME2_ADV (Prop_mmcme2_adv_CLKIN1_CLKOUT1)
                                                     -1.375    22.771 r  astep24_3l_top_I/clocking_reset_I/intern_or_ext_to_internal/inst/mmcm_adv_inst/CLKOUT1
                         net (fo=1, routed)           0.530    23.300    astep24_3l_top_I/clocking_reset_I/intern_or_ext_to_internal/inst/clk_80_clk_core_extorint_40
    BUFGCTRL_X0Y6        BUFG (Prop_bufg_I_O)         0.029    23.329 r  astep24_3l_top_I/clocking_reset_I/intern_or_ext_to_internal/inst/clkout2_buf/O
                         net (fo=5282, routed)        0.834    24.163    astep24_3l_top_I/main_rfg_I/clk_80
    SLICE_X28Y47         FDRE (Prop_fdre_C_Q)         0.175    24.338 r  astep24_3l_top_I/main_rfg_I/spi_layers_ckdivider_divided_clk_reg/Q
                         net (fo=2, routed)           0.500    24.838    astep24_3l_top_I_n_27
    BUFGCTRL_X0Y7        BUFG (Prop_bufg_I_O)         0.029    24.867 r  spi_layers_ckdivider_divided_resn_delay_reg[7]_i_1/O
                         net (fo=992, routed)         0.831    25.698    astep24_3l_top_I/switched_readout/genblk1[1].layer_if_I/spi_io/CLK
    SLICE_X44Y53         FDRE (Prop_fdre_C_Q)         0.175    25.873 f  astep24_3l_top_I/switched_readout/genblk1[1].layer_if_I/spi_io/spi_clk_reg_reg/Q
                         net (fo=2, routed)           0.513    26.386    layer_1_spi_clk_OBUF
    BUFGCTRL_X0Y3        BUFG (Prop_bufg_I_O)         0.029    26.415 f  layer_1_spi_clk_OBUF_BUFG_inst/O
                         net (fo=232, routed)         0.833    27.248    astep24_3l_top_I/loopback_spi_layer_1/spi_igress/m_axis_tvalid_reg_0
    SLICE_X51Y58         FDRE                                         r  astep24_3l_top_I/loopback_spi_layer_1/spi_igress/rcv_byte_reg[7]/C  (IS_INVERTED)
                         clock pessimism              0.140    27.389    
    SLICE_X51Y58         FDRE (Hold_fdre_C_D)         0.077    27.466    astep24_3l_top_I/loopback_spi_layer_1/spi_igress/rcv_byte_reg[7]
  -------------------------------------------------------------------
                         required time                        -27.466    
                         arrival time                          27.893    
  -------------------------------------------------------------------
                         slack                                  0.428    





---------------------------------------------------------------------------------------------------
From Clock:  clk_80_clk_core_extorint_40
  To Clock:  spi_layer2_clock_internal

Setup :            0  Failing Endpoints,  Worst Slack       11.155ns,  Total Violation        0.000ns
Hold  :           NA  Failing Endpoints,  Worst Slack           NA  ,  Total Violation           NA
---------------------------------------------------------------------------------------------------


Max Delay Paths
--------------------------------------------------------------------------------------
Slack (MET) :             11.155ns  (required time - arrival time)
  Source:                 astep24_3l_top_I/loopback_spi_layer_2/miso_fifo/inst/gen_fifo.xpm_fifo_axis_inst/xpm_fifo_base_inst/gen_cdc_pntr.wr_pntr_cdc_inst/src_gray_ff_reg[3]/C
                            (rising edge-triggered cell FDRE clocked by clk_80_clk_core_extorint_40  {rise@0.000ns fall@6.250ns period=12.500ns})
  Destination:            astep24_3l_top_I/loopback_spi_layer_2/miso_fifo/inst/gen_fifo.xpm_fifo_axis_inst/xpm_fifo_base_inst/gen_cdc_pntr.wr_pntr_cdc_inst/dest_graysync_ff_reg[0][3]/D
                            (rising edge-triggered cell FDRE clocked by spi_layer2_clock_internal  {rise@0.000ns fall@25.000ns period=50.000ns})
  Path Group:             spi_layer2_clock_internal
  Path Type:              Setup (Max at Slow Process Corner)
  Requirement:            12.500ns  (MaxDelay Path 12.500ns)
  Data Path Delay:        1.075ns  (logic 0.478ns (44.457%)  route 0.597ns (55.543%))
  Logic Levels:           0  
  Timing Exception:       MaxDelay Path 12.500ns -datapath_only

    Location             Delay type                Incr(ns)  Path(ns)    Netlist Resource(s)
  -------------------------------------------------------------------    -------------------
    SLICE_X52Y79                                      0.000     0.000 r  astep24_3l_top_I/loopback_spi_layer_2/miso_fifo/inst/gen_fifo.xpm_fifo_axis_inst/xpm_fifo_base_inst/gen_cdc_pntr.wr_pntr_cdc_inst/src_gray_ff_reg[3]/C
    SLICE_X52Y79         FDRE (Prop_fdre_C_Q)         0.478     0.478 r  astep24_3l_top_I/loopback_spi_layer_2/miso_fifo/inst/gen_fifo.xpm_fifo_axis_inst/xpm_fifo_base_inst/gen_cdc_pntr.wr_pntr_cdc_inst/src_gray_ff_reg[3]/Q
                         net (fo=1, routed)           0.597     1.075    astep24_3l_top_I/loopback_spi_layer_2/miso_fifo/inst/gen_fifo.xpm_fifo_axis_inst/xpm_fifo_base_inst/gen_cdc_pntr.wr_pntr_cdc_inst/async_path[3]
    SLICE_X51Y80         FDRE                                         r  astep24_3l_top_I/loopback_spi_layer_2/miso_fifo/inst/gen_fifo.xpm_fifo_axis_inst/xpm_fifo_base_inst/gen_cdc_pntr.wr_pntr_cdc_inst/dest_graysync_ff_reg[0][3]/D
  -------------------------------------------------------------------    -------------------

                         max delay                   12.500    12.500    
    SLICE_X51Y80         FDRE (Setup_fdre_C_D)       -0.270    12.230    astep24_3l_top_I/loopback_spi_layer_2/miso_fifo/inst/gen_fifo.xpm_fifo_axis_inst/xpm_fifo_base_inst/gen_cdc_pntr.wr_pntr_cdc_inst/dest_graysync_ff_reg[0][3]
  -------------------------------------------------------------------
                         required time                         12.230    
                         arrival time                          -1.075    
  -------------------------------------------------------------------
                         slack                                 11.155    





---------------------------------------------------------------------------------------------------
From Clock:  layers_spi_divided
  To Clock:  spi_layer2_clock_internal

Setup :            0  Failing Endpoints,  Worst Slack       22.292ns,  Total Violation        0.000ns
Hold  :            0  Failing Endpoints,  Worst Slack        0.192ns,  Total Violation        0.000ns
---------------------------------------------------------------------------------------------------


Max Delay Paths
--------------------------------------------------------------------------------------
Slack (MET) :             22.292ns  (required time - arrival time)
  Source:                 astep24_3l_top_I/switched_readout/genblk1[2].layer_if_I/spi_io/mosi_byte_reg[0]/C
                            (rising edge-triggered cell FDRE clocked by layers_spi_divided  {rise@0.000ns fall@12.500ns period=25.000ns})
  Destination:            astep24_3l_top_I/loopback_spi_layer_2/spi_igress/rcv_byte_reg[7]/D
                            (falling edge-triggered cell FDRE clocked by spi_layer2_clock_internal  {rise@0.000ns fall@25.000ns period=50.000ns})
  Path Group:             spi_layer2_clock_internal
  Path Type:              Setup (Max at Slow Process Corner)
  Requirement:            25.000ns  (spi_layer2_clock_internal fall@25.000ns - layers_spi_divided rise@0.000ns)
  Data Path Delay:        5.319ns  (logic 0.419ns (7.878%)  route 4.900ns (92.122%))
  Logic Levels:           0  
  Clock Path Skew:        2.904ns (DCD - SCD + CPR)
    Destination Clock Delay (DCD):    4.387ns = ( 29.387 - 25.000 ) 
    Source Clock Delay      (SCD):    2.320ns
    Clock Pessimism Removal (CPR):    0.838ns
  Clock Uncertainty:      0.110ns  ((TSJ^2 + DJ^2)^1/2) / 2 + PE
    Total System Jitter     (TSJ):    0.071ns
    Discrete Jitter          (DJ):    0.209ns
    Phase Error              (PE):    0.000ns

    Location             Delay type                Incr(ns)  Path(ns)    Netlist Resource(s)
  -------------------------------------------------------------------    -------------------
                         (clock layers_spi_divided rise edge)
                                                      0.000     0.000 r  
    L17                                               0.000     0.000 r  sysclk (IN)
                         net (fo=0)                   0.000     0.000    astep24_3l_top_I/clocking_reset_I/sys_to_40/inst/clk_in1
    L17                  IBUF (Prop_ibuf_I_O)         1.476     1.476 r  astep24_3l_top_I/clocking_reset_I/sys_to_40/inst/clkin1_ibufg/O
                         net (fo=1, routed)           1.233     2.709    astep24_3l_top_I/clocking_reset_I/sys_to_40/inst/clk_in1_clk_sys_to_40
    MMCME2_ADV_X0Y0      MMCME2_ADV (Prop_mmcme2_adv_CLKIN1_CLKOUT0)
                                                     -6.965    -4.256 r  astep24_3l_top_I/clocking_reset_I/sys_to_40/inst/mmcm_adv_inst/CLKOUT0
                         net (fo=1, routed)           1.666    -2.589    astep24_3l_top_I/clocking_reset_I/sys_to_40/inst/clk_out1_clk_sys_to_40
    BUFGCTRL_X0Y10       BUFG (Prop_bufg_I_O)         0.096    -2.493 r  astep24_3l_top_I/clocking_reset_I/sys_to_40/inst/clkout1_buf/O
                         net (fo=34, routed)          1.575    -0.918    astep24_3l_top_I/clocking_reset_I/intern_or_ext_to_internal/inst/clk_in1
    MMCME2_ADV_X1Y0      MMCME2_ADV (Prop_mmcme2_adv_CLKIN1_CLKOUT1)
                                                     -3.333    -4.251 r  astep24_3l_top_I/clocking_reset_I/intern_or_ext_to_internal/inst/mmcm_adv_inst/CLKOUT1
                         net (fo=1, routed)           1.661    -2.589    astep24_3l_top_I/clocking_reset_I/intern_or_ext_to_internal/inst/clk_80_clk_core_extorint_40
    BUFGCTRL_X0Y6        BUFG (Prop_bufg_I_O)         0.096    -2.493 r  astep24_3l_top_I/clocking_reset_I/intern_or_ext_to_internal/inst/clkout2_buf/O
                         net (fo=5282, routed)        1.567    -0.926    astep24_3l_top_I/main_rfg_I/clk_80
    SLICE_X28Y47         FDRE (Prop_fdre_C_Q)         0.456    -0.470 r  astep24_3l_top_I/main_rfg_I/spi_layers_ckdivider_divided_clk_reg/Q
                         net (fo=2, routed)           1.123     0.653    astep24_3l_top_I_n_27
    BUFGCTRL_X0Y7        BUFG (Prop_bufg_I_O)         0.096     0.749 r  spi_layers_ckdivider_divided_resn_delay_reg[7]_i_1/O
                         net (fo=992, routed)         1.571     2.320    astep24_3l_top_I/switched_readout/genblk1[2].layer_if_I/spi_io/CLK
    SLICE_X51Y45         FDRE                                         r  astep24_3l_top_I/switched_readout/genblk1[2].layer_if_I/spi_io/mosi_byte_reg[0]/C
  -------------------------------------------------------------------    -------------------
    SLICE_X51Y45         FDRE (Prop_fdre_C_Q)         0.419     2.739 r  astep24_3l_top_I/switched_readout/genblk1[2].layer_if_I/spi_io/mosi_byte_reg[0]/Q
                         net (fo=1, routed)           4.900     7.639    astep24_3l_top_I/loopback_spi_layer_2/spi_igress/layer_2_spi_mosi
    SLICE_X38Y34         FDRE                                         r  astep24_3l_top_I/loopback_spi_layer_2/spi_igress/rcv_byte_reg[7]/D
  -------------------------------------------------------------------    -------------------

                         (clock spi_layer2_clock_internal fall edge)
                                                     25.000    25.000 r  
    L17                                               0.000    25.000 r  sysclk (IN)
                         net (fo=0)                   0.000    25.000    astep24_3l_top_I/clocking_reset_I/sys_to_40/inst/clk_in1
    L17                  IBUF (Prop_ibuf_I_O)         1.406    26.405 r  astep24_3l_top_I/clocking_reset_I/sys_to_40/inst/clkin1_ibufg/O
                         net (fo=1, routed)           1.162    27.567    astep24_3l_top_I/clocking_reset_I/sys_to_40/inst/clk_in1_clk_sys_to_40
    MMCME2_ADV_X0Y0      MMCME2_ADV (Prop_mmcme2_adv_CLKIN1_CLKOUT0)
                                                     -7.221    20.346 r  astep24_3l_top_I/clocking_reset_I/sys_to_40/inst/mmcm_adv_inst/CLKOUT0
                         net (fo=1, routed)           1.587    21.933    astep24_3l_top_I/clocking_reset_I/sys_to_40/inst/clk_out1_clk_sys_to_40
    BUFGCTRL_X0Y10       BUFG (Prop_bufg_I_O)         0.091    22.024 r  astep24_3l_top_I/clocking_reset_I/sys_to_40/inst/clkout1_buf/O
                         net (fo=34, routed)          1.457    23.481    astep24_3l_top_I/clocking_reset_I/intern_or_ext_to_internal/inst/clk_in1
    MMCME2_ADV_X1Y0      MMCME2_ADV (Prop_mmcme2_adv_CLKIN1_CLKOUT1)
                                                     -3.129    20.352 r  astep24_3l_top_I/clocking_reset_I/intern_or_ext_to_internal/inst/mmcm_adv_inst/CLKOUT1
                         net (fo=1, routed)           1.581    21.933    astep24_3l_top_I/clocking_reset_I/intern_or_ext_to_internal/inst/clk_80_clk_core_extorint_40
    BUFGCTRL_X0Y6        BUFG (Prop_bufg_I_O)         0.091    22.024 r  astep24_3l_top_I/clocking_reset_I/intern_or_ext_to_internal/inst/clkout2_buf/O
                         net (fo=5282, routed)        1.448    23.472    astep24_3l_top_I/main_rfg_I/clk_80
    SLICE_X28Y47         FDRE (Prop_fdre_C_Q)         0.367    23.839 r  astep24_3l_top_I/main_rfg_I/spi_layers_ckdivider_divided_clk_reg/Q
                         net (fo=2, routed)           0.981    24.820    astep24_3l_top_I_n_27
    BUFGCTRL_X0Y7        BUFG (Prop_bufg_I_O)         0.091    24.911 r  spi_layers_ckdivider_divided_resn_delay_reg[7]_i_1/O
                         net (fo=992, routed)         1.453    26.365    astep24_3l_top_I/switched_readout/genblk1[2].layer_if_I/spi_io/CLK
    SLICE_X51Y47         FDRE (Prop_fdre_C_Q)         0.367    26.732 f  astep24_3l_top_I/switched_readout/genblk1[2].layer_if_I/spi_io/spi_clk_reg_reg/Q
                         net (fo=2, routed)           1.125    27.856    layer_2_spi_clk_OBUF
    BUFGCTRL_X0Y4        BUFG (Prop_bufg_I_O)         0.091    27.947 f  layer_2_spi_clk_OBUF_BUFG_inst/O
                         net (fo=232, routed)         1.439    29.387    astep24_3l_top_I/loopback_spi_layer_2/spi_igress/m_axis_tvalid_reg_0
    SLICE_X38Y34         FDRE                                         r  astep24_3l_top_I/loopback_spi_layer_2/spi_igress/rcv_byte_reg[7]/C  (IS_INVERTED)
                         clock pessimism              0.838    30.224    
                         clock uncertainty           -0.110    30.114    
    SLICE_X38Y34         FDRE (Setup_fdre_C_D)       -0.183    29.931    astep24_3l_top_I/loopback_spi_layer_2/spi_igress/rcv_byte_reg[7]
  -------------------------------------------------------------------
                         required time                         29.931    
                         arrival time                          -7.639    
  -------------------------------------------------------------------
                         slack                                 22.292    





Min Delay Paths
--------------------------------------------------------------------------------------
Slack (MET) :             0.192ns  (arrival time - required time)
  Source:                 astep24_3l_top_I/switched_readout/genblk1[2].layer_if_I/spi_io/mosi_byte_reg[0]/C
                            (rising edge-triggered cell FDRE clocked by layers_spi_divided  {rise@0.000ns fall@12.500ns period=25.000ns})
  Destination:            astep24_3l_top_I/loopback_spi_layer_2/spi_igress/rcv_byte_reg[7]/D
                            (falling edge-triggered cell FDRE clocked by spi_layer2_clock_internal  {rise@0.000ns fall@25.000ns period=50.000ns})
  Path Group:             spi_layer2_clock_internal
  Path Type:              Hold (Min at Fast Process Corner)
  Requirement:            0.000ns  (spi_layer2_clock_internal fall@25.000ns - layers_spi_divided rise@25.000ns)
  Data Path Delay:        2.119ns  (logic 0.128ns (6.041%)  route 1.991ns (93.959%))
  Logic Levels:           0  
  Clock Path Skew:        1.913ns (DCD - SCD - CPR)
    Destination Clock Delay (DCD):    2.345ns = ( 27.345 - 25.000 ) 
    Source Clock Delay      (SCD):    0.573ns = ( 25.572 - 25.000 ) 
    Clock Pessimism Removal (CPR):    -0.140ns

    Location             Delay type                Incr(ns)  Path(ns)    Netlist Resource(s)
  -------------------------------------------------------------------    -------------------
                         (clock layers_spi_divided rise edge)
                                                     25.000    25.000 r  
    L17                                               0.000    25.000 r  sysclk (IN)
                         net (fo=0)                   0.000    25.000    astep24_3l_top_I/clocking_reset_I/sys_to_40/inst/clk_in1
    L17                  IBUF (Prop_ibuf_I_O)         0.244    25.244 r  astep24_3l_top_I/clocking_reset_I/sys_to_40/inst/clkin1_ibufg/O
                         net (fo=1, routed)           0.440    25.684    astep24_3l_top_I/clocking_reset_I/sys_to_40/inst/clk_in1_clk_sys_to_40
    MMCME2_ADV_X0Y0      MMCME2_ADV (Prop_mmcme2_adv_CLKIN1_CLKOUT0)
                                                     -2.362    23.322 r  astep24_3l_top_I/clocking_reset_I/sys_to_40/inst/mmcm_adv_inst/CLKOUT0
                         net (fo=1, routed)           0.489    23.810    astep24_3l_top_I/clocking_reset_I/sys_to_40/inst/clk_out1_clk_sys_to_40
    BUFGCTRL_X0Y10       BUFG (Prop_bufg_I_O)         0.026    23.836 r  astep24_3l_top_I/clocking_reset_I/sys_to_40/inst/clkout1_buf/O
                         net (fo=34, routed)          0.549    24.385    astep24_3l_top_I/clocking_reset_I/intern_or_ext_to_internal/inst/clk_in1
    MMCME2_ADV_X1Y0      MMCME2_ADV (Prop_mmcme2_adv_CLKIN1_CLKOUT1)
                                                     -1.061    23.325 r  astep24_3l_top_I/clocking_reset_I/intern_or_ext_to_internal/inst/mmcm_adv_inst/CLKOUT1
                         net (fo=1, routed)           0.486    23.810    astep24_3l_top_I/clocking_reset_I/intern_or_ext_to_internal/inst/clk_80_clk_core_extorint_40
    BUFGCTRL_X0Y6        BUFG (Prop_bufg_I_O)         0.026    23.836 r  astep24_3l_top_I/clocking_reset_I/intern_or_ext_to_internal/inst/clkout2_buf/O
                         net (fo=5282, routed)        0.564    24.400    astep24_3l_top_I/main_rfg_I/clk_80
    SLICE_X28Y47         FDRE (Prop_fdre_C_Q)         0.141    24.541 r  astep24_3l_top_I/main_rfg_I/spi_layers_ckdivider_divided_clk_reg/Q
                         net (fo=2, routed)           0.440    24.981    astep24_3l_top_I_n_27
    BUFGCTRL_X0Y7        BUFG (Prop_bufg_I_O)         0.026    25.007 r  spi_layers_ckdivider_divided_resn_delay_reg[7]_i_1/O
                         net (fo=992, routed)         0.566    25.572    astep24_3l_top_I/switched_readout/genblk1[2].layer_if_I/spi_io/CLK
    SLICE_X51Y45         FDRE                                         r  astep24_3l_top_I/switched_readout/genblk1[2].layer_if_I/spi_io/mosi_byte_reg[0]/C
  -------------------------------------------------------------------    -------------------
    SLICE_X51Y45         FDRE (Prop_fdre_C_Q)         0.128    25.700 r  astep24_3l_top_I/switched_readout/genblk1[2].layer_if_I/spi_io/mosi_byte_reg[0]/Q
                         net (fo=1, routed)           1.991    27.691    astep24_3l_top_I/loopback_spi_layer_2/spi_igress/layer_2_spi_mosi
    SLICE_X38Y34         FDRE                                         r  astep24_3l_top_I/loopback_spi_layer_2/spi_igress/rcv_byte_reg[7]/D
  -------------------------------------------------------------------    -------------------

                         (clock spi_layer2_clock_internal fall edge)
                                                     25.000    25.000 r  
    L17                                               0.000    25.000 r  sysclk (IN)
                         net (fo=0)                   0.000    25.000    astep24_3l_top_I/clocking_reset_I/sys_to_40/inst/clk_in1
    L17                  IBUF (Prop_ibuf_I_O)         0.432    25.432 r  astep24_3l_top_I/clocking_reset_I/sys_to_40/inst/clkin1_ibufg/O
                         net (fo=1, routed)           0.480    25.912    astep24_3l_top_I/clocking_reset_I/sys_to_40/inst/clk_in1_clk_sys_to_40
    MMCME2_ADV_X0Y0      MMCME2_ADV (Prop_mmcme2_adv_CLKIN1_CLKOUT0)
                                                     -3.145    22.767 r  astep24_3l_top_I/clocking_reset_I/sys_to_40/inst/mmcm_adv_inst/CLKOUT0
                         net (fo=1, routed)           0.534    23.300    astep24_3l_top_I/clocking_reset_I/sys_to_40/inst/clk_out1_clk_sys_to_40
    BUFGCTRL_X0Y10       BUFG (Prop_bufg_I_O)         0.029    23.329 r  astep24_3l_top_I/clocking_reset_I/sys_to_40/inst/clkout1_buf/O
                         net (fo=34, routed)          0.817    24.146    astep24_3l_top_I/clocking_reset_I/intern_or_ext_to_internal/inst/clk_in1
    MMCME2_ADV_X1Y0      MMCME2_ADV (Prop_mmcme2_adv_CLKIN1_CLKOUT1)
                                                     -1.375    22.771 r  astep24_3l_top_I/clocking_reset_I/intern_or_ext_to_internal/inst/mmcm_adv_inst/CLKOUT1
                         net (fo=1, routed)           0.530    23.300    astep24_3l_top_I/clocking_reset_I/intern_or_ext_to_internal/inst/clk_80_clk_core_extorint_40
    BUFGCTRL_X0Y6        BUFG (Prop_bufg_I_O)         0.029    23.329 r  astep24_3l_top_I/clocking_reset_I/intern_or_ext_to_internal/inst/clkout2_buf/O
                         net (fo=5282, routed)        0.834    24.163    astep24_3l_top_I/main_rfg_I/clk_80
    SLICE_X28Y47         FDRE (Prop_fdre_C_Q)         0.175    24.338 r  astep24_3l_top_I/main_rfg_I/spi_layers_ckdivider_divided_clk_reg/Q
                         net (fo=2, routed)           0.500    24.838    astep24_3l_top_I_n_27
    BUFGCTRL_X0Y7        BUFG (Prop_bufg_I_O)         0.029    24.867 r  spi_layers_ckdivider_divided_resn_delay_reg[7]_i_1/O
                         net (fo=992, routed)         0.838    25.704    astep24_3l_top_I/switched_readout/genblk1[2].layer_if_I/spi_io/CLK
    SLICE_X51Y47         FDRE (Prop_fdre_C_Q)         0.175    25.879 f  astep24_3l_top_I/switched_readout/genblk1[2].layer_if_I/spi_io/spi_clk_reg_reg/Q
                         net (fo=2, routed)           0.612    26.491    layer_2_spi_clk_OBUF
    BUFGCTRL_X0Y4        BUFG (Prop_bufg_I_O)         0.029    26.520 f  layer_2_spi_clk_OBUF_BUFG_inst/O
                         net (fo=232, routed)         0.826    27.345    astep24_3l_top_I/loopback_spi_layer_2/spi_igress/m_axis_tvalid_reg_0
    SLICE_X38Y34         FDRE                                         r  astep24_3l_top_I/loopback_spi_layer_2/spi_igress/rcv_byte_reg[7]/C  (IS_INVERTED)
                         clock pessimism              0.140    27.486    
    SLICE_X38Y34         FDRE (Hold_fdre_C_D)         0.014    27.500    astep24_3l_top_I/loopback_spi_layer_2/spi_igress/rcv_byte_reg[7]
  -------------------------------------------------------------------
                         required time                        -27.500    
                         arrival time                          27.691    
  -------------------------------------------------------------------
                         slack                                  0.192    





---------------------------------------------------------------------------------------------------
Path Group:  **async_default**
From Clock:  clk_80_clk_core_extorint_40
  To Clock:  clk_80_clk_core_extorint_40

Setup :            0  Failing Endpoints,  Worst Slack        2.883ns,  Total Violation        0.000ns
Hold  :            0  Failing Endpoints,  Worst Slack        1.219ns,  Total Violation        0.000ns
---------------------------------------------------------------------------------------------------


Max Delay Paths
--------------------------------------------------------------------------------------
Slack (MET) :             2.883ns  (required time - arrival time)
  Source:                 astep24_3l_top_I/clocking_reset_I/resets/genblk1[3].reset_generator/resn_main_reg_reg[14]/C
                            (rising edge-triggered cell FDCE clocked by clk_80_clk_core_extorint_40  {rise@0.000ns fall@6.250ns period=12.500ns})
  Destination:            astep24_3l_top_I/sw_if/neo_uart_axis/rx_engine_reg[sreg][0]/CLR
                            (recovery check against rising-edge clock clk_80_clk_core_extorint_40  {rise@0.000ns fall@6.250ns period=12.500ns})
  Path Group:             **async_default**
  Path Type:              Recovery (Max at Slow Process Corner)
  Requirement:            12.500ns  (clk_80_clk_core_extorint_40 rise@12.500ns - clk_80_clk_core_extorint_40 rise@0.000ns)
  Data Path Delay:        8.922ns  (logic 0.716ns (8.025%)  route 8.206ns (91.975%))
  Logic Levels:           1  (LUT1=1)
  Clock Path Skew:        -0.175ns (DCD - SCD + CPR)
    Destination Clock Delay (DCD):    -1.533ns = ( 10.967 - 12.500 ) 
    Source Clock Delay      (SCD):    -0.875ns
    Clock Pessimism Removal (CPR):    0.483ns
  Clock Uncertainty:      0.115ns  ((TSJ^2 + DJ^2)^1/2) / 2 + PE
    Total System Jitter     (TSJ):    0.071ns
    Discrete Jitter          (DJ):    0.220ns
    Phase Error              (PE):    0.000ns

    Location             Delay type                Incr(ns)  Path(ns)    Netlist Resource(s)
  -------------------------------------------------------------------    -------------------
                         (clock clk_80_clk_core_extorint_40 rise edge)
                                                      0.000     0.000 r  
    L17                                               0.000     0.000 r  sysclk (IN)
                         net (fo=0)                   0.000     0.000    astep24_3l_top_I/clocking_reset_I/sys_to_40/inst/clk_in1
    L17                  IBUF (Prop_ibuf_I_O)         1.476     1.476 r  astep24_3l_top_I/clocking_reset_I/sys_to_40/inst/clkin1_ibufg/O
                         net (fo=1, routed)           1.233     2.709    astep24_3l_top_I/clocking_reset_I/sys_to_40/inst/clk_in1_clk_sys_to_40
    MMCME2_ADV_X0Y0      MMCME2_ADV (Prop_mmcme2_adv_CLKIN1_CLKOUT0)
                                                     -6.965    -4.256 r  astep24_3l_top_I/clocking_reset_I/sys_to_40/inst/mmcm_adv_inst/CLKOUT0
                         net (fo=1, routed)           1.666    -2.589    astep24_3l_top_I/clocking_reset_I/sys_to_40/inst/clk_out1_clk_sys_to_40
    BUFGCTRL_X0Y10       BUFG (Prop_bufg_I_O)         0.096    -2.493 r  astep24_3l_top_I/clocking_reset_I/sys_to_40/inst/clkout1_buf/O
                         net (fo=34, routed)          1.575    -0.918    astep24_3l_top_I/clocking_reset_I/intern_or_ext_to_internal/inst/clk_in1
    MMCME2_ADV_X1Y0      MMCME2_ADV (Prop_mmcme2_adv_CLKIN1_CLKOUT1)
                                                     -3.333    -4.251 r  astep24_3l_top_I/clocking_reset_I/intern_or_ext_to_internal/inst/mmcm_adv_inst/CLKOUT1
                         net (fo=1, routed)           1.661    -2.589    astep24_3l_top_I/clocking_reset_I/intern_or_ext_to_internal/inst/clk_80_clk_core_extorint_40
    BUFGCTRL_X0Y6        BUFG (Prop_bufg_I_O)         0.096    -2.493 r  astep24_3l_top_I/clocking_reset_I/intern_or_ext_to_internal/inst/clkout2_buf/O
                         net (fo=5282, routed)        1.618    -0.875    astep24_3l_top_I/clocking_reset_I/resets/genblk1[3].reset_generator/clk_80
    SLICE_X5Y63          FDCE                                         r  astep24_3l_top_I/clocking_reset_I/resets/genblk1[3].reset_generator/resn_main_reg_reg[14]/C
  -------------------------------------------------------------------    -------------------
    SLICE_X5Y63          FDCE (Prop_fdce_C_Q)         0.419    -0.456 r  astep24_3l_top_I/clocking_reset_I/resets/genblk1[3].reset_generator/resn_main_reg_reg[14]/Q
                         net (fo=74, routed)          2.490     2.034    astep24_3l_top_I/clocking_reset_I/resets/genblk1[3].reset_generator/resn_main_reg[14]
    SLICE_X14Y90         LUT1 (Prop_lut1_I0_O)        0.297     2.331 f  astep24_3l_top_I/clocking_reset_I/resets/genblk1[3].reset_generator/resn_main_reg[14]_i_1__3/O
                         net (fo=1069, routed)        5.716     8.047    astep24_3l_top_I/sw_if/neo_uart_axis/SS[0]
    SLICE_X45Y13         FDCE                                         f  astep24_3l_top_I/sw_if/neo_uart_axis/rx_engine_reg[sreg][0]/CLR
  -------------------------------------------------------------------    -------------------

                         (clock clk_80_clk_core_extorint_40 rise edge)
                                                     12.500    12.500 r  
    L17                                               0.000    12.500 r  sysclk (IN)
                         net (fo=0)                   0.000    12.500    astep24_3l_top_I/clocking_reset_I/sys_to_40/inst/clk_in1
    L17                  IBUF (Prop_ibuf_I_O)         1.406    13.905 r  astep24_3l_top_I/clocking_reset_I/sys_to_40/inst/clkin1_ibufg/O
                         net (fo=1, routed)           1.162    15.067    astep24_3l_top_I/clocking_reset_I/sys_to_40/inst/clk_in1_clk_sys_to_40
    MMCME2_ADV_X0Y0      MMCME2_ADV (Prop_mmcme2_adv_CLKIN1_CLKOUT0)
                                                     -7.221     7.846 r  astep24_3l_top_I/clocking_reset_I/sys_to_40/inst/mmcm_adv_inst/CLKOUT0
                         net (fo=1, routed)           1.587     9.433    astep24_3l_top_I/clocking_reset_I/sys_to_40/inst/clk_out1_clk_sys_to_40
    BUFGCTRL_X0Y10       BUFG (Prop_bufg_I_O)         0.091     9.524 r  astep24_3l_top_I/clocking_reset_I/sys_to_40/inst/clkout1_buf/O
                         net (fo=34, routed)          1.457    10.981    astep24_3l_top_I/clocking_reset_I/intern_or_ext_to_internal/inst/clk_in1
    MMCME2_ADV_X1Y0      MMCME2_ADV (Prop_mmcme2_adv_CLKIN1_CLKOUT1)
                                                     -3.129     7.852 r  astep24_3l_top_I/clocking_reset_I/intern_or_ext_to_internal/inst/mmcm_adv_inst/CLKOUT1
                         net (fo=1, routed)           1.581     9.433    astep24_3l_top_I/clocking_reset_I/intern_or_ext_to_internal/inst/clk_80_clk_core_extorint_40
    BUFGCTRL_X0Y6        BUFG (Prop_bufg_I_O)         0.091     9.524 r  astep24_3l_top_I/clocking_reset_I/intern_or_ext_to_internal/inst/clkout2_buf/O
                         net (fo=5282, routed)        1.443    10.967    astep24_3l_top_I/sw_if/neo_uart_axis/clk_80
    SLICE_X45Y13         FDCE                                         r  astep24_3l_top_I/sw_if/neo_uart_axis/rx_engine_reg[sreg][0]/C
                         clock pessimism              0.483    11.450    
                         clock uncertainty           -0.115    11.335    
    SLICE_X45Y13         FDCE (Recov_fdce_C_CLR)     -0.405    10.930    astep24_3l_top_I/sw_if/neo_uart_axis/rx_engine_reg[sreg][0]
  -------------------------------------------------------------------
                         required time                         10.930    
                         arrival time                          -8.047    
  -------------------------------------------------------------------
                         slack                                  2.883    





Min Delay Paths
--------------------------------------------------------------------------------------
Slack (MET) :             1.219ns  (arrival time - required time)
  Source:                 astep24_3l_top_I/clocking_reset_I/resets/genblk1[3].reset_generator/resn_main_reg_reg[14]/C
                            (rising edge-triggered cell FDCE clocked by clk_80_clk_core_extorint_40  {rise@0.000ns fall@6.250ns period=12.500ns})
  Destination:            astep24_3l_top_I/housekeeping/xadc_hk_driver_I/xadc/inst/AXI_XADC_CORE_I/drp_to_axi4stream_inst/den_o_reg/CLR
                            (removal check against rising-edge clock clk_80_clk_core_extorint_40  {rise@0.000ns fall@6.250ns period=12.500ns})
  Path Group:             **async_default**
  Path Type:              Removal (Min at Fast Process Corner)
  Requirement:            0.000ns  (clk_80_clk_core_extorint_40 rise@0.000ns - clk_80_clk_core_extorint_40 rise@0.000ns)
  Data Path Delay:        1.121ns  (logic 0.226ns (20.159%)  route 0.895ns (79.841%))
  Logic Levels:           1  (LUT1=1)
  Clock Path Skew:        -0.006ns (DCD - SCD - CPR)
    Destination Clock Delay (DCD):    -0.856ns
    Source Clock Delay      (SCD):    -0.577ns
    Clock Pessimism Removal (CPR):    -0.273ns

    Location             Delay type                Incr(ns)  Path(ns)    Netlist Resource(s)
  -------------------------------------------------------------------    -------------------
                         (clock clk_80_clk_core_extorint_40 rise edge)
                                                      0.000     0.000 r  
    L17                                               0.000     0.000 r  sysclk (IN)
                         net (fo=0)                   0.000     0.000    astep24_3l_top_I/clocking_reset_I/sys_to_40/inst/clk_in1
    L17                  IBUF (Prop_ibuf_I_O)         0.244     0.244 r  astep24_3l_top_I/clocking_reset_I/sys_to_40/inst/clkin1_ibufg/O
                         net (fo=1, routed)           0.440     0.684    astep24_3l_top_I/clocking_reset_I/sys_to_40/inst/clk_in1_clk_sys_to_40
    MMCME2_ADV_X0Y0      MMCME2_ADV (Prop_mmcme2_adv_CLKIN1_CLKOUT0)
                                                     -2.362    -1.678 r  astep24_3l_top_I/clocking_reset_I/sys_to_40/inst/mmcm_adv_inst/CLKOUT0
                         net (fo=1, routed)           0.489    -1.189    astep24_3l_top_I/clocking_reset_I/sys_to_40/inst/clk_out1_clk_sys_to_40
    BUFGCTRL_X0Y10       BUFG (Prop_bufg_I_O)         0.026    -1.163 r  astep24_3l_top_I/clocking_reset_I/sys_to_40/inst/clkout1_buf/O
                         net (fo=34, routed)          0.549    -0.615    astep24_3l_top_I/clocking_reset_I/intern_or_ext_to_internal/inst/clk_in1
    MMCME2_ADV_X1Y0      MMCME2_ADV (Prop_mmcme2_adv_CLKIN1_CLKOUT1)
                                                     -1.061    -1.675 r  astep24_3l_top_I/clocking_reset_I/intern_or_ext_to_internal/inst/mmcm_adv_inst/CLKOUT1
                         net (fo=1, routed)           0.486    -1.189    astep24_3l_top_I/clocking_reset_I/intern_or_ext_to_internal/inst/clk_80_clk_core_extorint_40
    BUFGCTRL_X0Y6        BUFG (Prop_bufg_I_O)         0.026    -1.163 r  astep24_3l_top_I/clocking_reset_I/intern_or_ext_to_internal/inst/clkout2_buf/O
                         net (fo=5282, routed)        0.587    -0.577    astep24_3l_top_I/clocking_reset_I/resets/genblk1[3].reset_generator/clk_80
    SLICE_X5Y63          FDCE                                         r  astep24_3l_top_I/clocking_reset_I/resets/genblk1[3].reset_generator/resn_main_reg_reg[14]/C
  -------------------------------------------------------------------    -------------------
    SLICE_X5Y63          FDCE (Prop_fdce_C_Q)         0.128    -0.449 r  astep24_3l_top_I/clocking_reset_I/resets/genblk1[3].reset_generator/resn_main_reg_reg[14]/Q
                         net (fo=74, routed)          0.658     0.209    astep24_3l_top_I/housekeeping/xadc_hk_driver_I/xadc/inst/AXI_XADC_CORE_I/drp_to_axi4stream_inst/m_axis_resetn
    SLICE_X14Y69         LUT1 (Prop_lut1_I0_O)        0.098     0.307 f  astep24_3l_top_I/housekeeping/xadc_hk_driver_I/xadc/inst/AXI_XADC_CORE_I/drp_to_axi4stream_inst/FIFO18E1_inst_data_i_2/O
                         net (fo=15, routed)          0.237     0.544    astep24_3l_top_I/housekeeping/xadc_hk_driver_I/xadc/inst/AXI_XADC_CORE_I/drp_to_axi4stream_inst/AR[0]
    SLICE_X28Y74         FDCE                                         f  astep24_3l_top_I/housekeeping/xadc_hk_driver_I/xadc/inst/AXI_XADC_CORE_I/drp_to_axi4stream_inst/den_o_reg/CLR
  -------------------------------------------------------------------    -------------------

                         (clock clk_80_clk_core_extorint_40 rise edge)
                                                      0.000     0.000 r  
    L17                                               0.000     0.000 r  sysclk (IN)
                         net (fo=0)                   0.000     0.000    astep24_3l_top_I/clocking_reset_I/sys_to_40/inst/clk_in1
    L17                  IBUF (Prop_ibuf_I_O)         0.432     0.432 r  astep24_3l_top_I/clocking_reset_I/sys_to_40/inst/clkin1_ibufg/O
                         net (fo=1, routed)           0.480     0.912    astep24_3l_top_I/clocking_reset_I/sys_to_40/inst/clk_in1_clk_sys_to_40
    MMCME2_ADV_X0Y0      MMCME2_ADV (Prop_mmcme2_adv_CLKIN1_CLKOUT0)
                                                     -3.145    -2.233 r  astep24_3l_top_I/clocking_reset_I/sys_to_40/inst/mmcm_adv_inst/CLKOUT0
                         net (fo=1, routed)           0.534    -1.700    astep24_3l_top_I/clocking_reset_I/sys_to_40/inst/clk_out1_clk_sys_to_40
    BUFGCTRL_X0Y10       BUFG (Prop_bufg_I_O)         0.029    -1.671 r  astep24_3l_top_I/clocking_reset_I/sys_to_40/inst/clkout1_buf/O
                         net (fo=34, routed)          0.817    -0.854    astep24_3l_top_I/clocking_reset_I/intern_or_ext_to_internal/inst/clk_in1
    MMCME2_ADV_X1Y0      MMCME2_ADV (Prop_mmcme2_adv_CLKIN1_CLKOUT1)
                                                     -1.375    -2.229 r  astep24_3l_top_I/clocking_reset_I/intern_or_ext_to_internal/inst/mmcm_adv_inst/CLKOUT1
                         net (fo=1, routed)           0.530    -1.700    astep24_3l_top_I/clocking_reset_I/intern_or_ext_to_internal/inst/clk_80_clk_core_extorint_40
    BUFGCTRL_X0Y6        BUFG (Prop_bufg_I_O)         0.029    -1.671 r  astep24_3l_top_I/clocking_reset_I/intern_or_ext_to_internal/inst/clkout2_buf/O
                         net (fo=5282, routed)        0.815    -0.856    astep24_3l_top_I/housekeeping/xadc_hk_driver_I/xadc/inst/AXI_XADC_CORE_I/drp_to_axi4stream_inst/m_axis_aclk
    SLICE_X28Y74         FDCE                                         r  astep24_3l_top_I/housekeeping/xadc_hk_driver_I/xadc/inst/AXI_XADC_CORE_I/drp_to_axi4stream_inst/den_o_reg/C
                         clock pessimism              0.273    -0.583    
    SLICE_X28Y74         FDCE (Remov_fdce_C_CLR)     -0.092    -0.675    astep24_3l_top_I/housekeeping/xadc_hk_driver_I/xadc/inst/AXI_XADC_CORE_I/drp_to_axi4stream_inst/den_o_reg
  -------------------------------------------------------------------
                         required time                          0.675    
                         arrival time                           0.544    
  -------------------------------------------------------------------
                         slack                                  1.219    





---------------------------------------------------------------------------------------------------
Path Group:  **async_default**
From Clock:  clk_80_clk_core_extorint_40_1
  To Clock:  clk_80_clk_core_extorint_40_1

Setup :            0  Failing Endpoints,  Worst Slack        2.890ns,  Total Violation        0.000ns
Hold  :            0  Failing Endpoints,  Worst Slack        1.219ns,  Total Violation        0.000ns
---------------------------------------------------------------------------------------------------


Max Delay Paths
--------------------------------------------------------------------------------------
Slack (MET) :             2.890ns  (required time - arrival time)
  Source:                 astep24_3l_top_I/clocking_reset_I/resets/genblk1[3].reset_generator/resn_main_reg_reg[14]/C
                            (rising edge-triggered cell FDCE clocked by clk_80_clk_core_extorint_40_1  {rise@0.000ns fall@6.250ns period=12.500ns})
  Destination:            astep24_3l_top_I/sw_if/neo_uart_axis/rx_engine_reg[sreg][0]/CLR
                            (recovery check against rising-edge clock clk_80_clk_core_extorint_40_1  {rise@0.000ns fall@6.250ns period=12.500ns})
  Path Group:             **async_default**
  Path Type:              Recovery (Max at Slow Process Corner)
  Requirement:            12.500ns  (clk_80_clk_core_extorint_40_1 rise@12.500ns - clk_80_clk_core_extorint_40_1 rise@0.000ns)
  Data Path Delay:        8.922ns  (logic 0.716ns (8.025%)  route 8.206ns (91.975%))
  Logic Levels:           1  (LUT1=1)
  Clock Path Skew:        -0.175ns (DCD - SCD + CPR)
    Destination Clock Delay (DCD):    4.740ns = ( 17.240 - 12.500 ) 
    Source Clock Delay      (SCD):    5.257ns
    Clock Pessimism Removal (CPR):    0.343ns
  Clock Uncertainty:      0.109ns  ((TSJ^2 + DJ^2)^1/2) / 2 + PE
    Total System Jitter     (TSJ):    0.071ns
    Discrete Jitter          (DJ):    0.206ns
    Phase Error              (PE):    0.000ns

    Location             Delay type                Incr(ns)  Path(ns)    Netlist Resource(s)
  -------------------------------------------------------------------    -------------------
                         (clock clk_80_clk_core_extorint_40_1 rise edge)
                                                      0.000     0.000 r  
    G17                                               0.000     0.000 r  clk_ext (IN)
                         net (fo=0)                   0.000     0.000    clk_ext
    G17                  IBUF (Prop_ibuf_I_O)         1.474     1.474 r  clk_ext_IBUF_inst/O
                         net (fo=1, routed)           2.069     3.543    clk_ext_IBUF
    BUFGCTRL_X0Y11       BUFG (Prop_bufg_I_O)         0.096     3.639 r  clk_ext_IBUF_BUFG_inst/O
                         net (fo=16, routed)          1.575     5.214    astep24_3l_top_I/clocking_reset_I/intern_or_ext_to_internal/inst/clk_in2
    MMCME2_ADV_X1Y0      MMCME2_ADV (Prop_mmcme2_adv_CLKIN2_CLKOUT1)
                                                     -3.333     1.881 r  astep24_3l_top_I/clocking_reset_I/intern_or_ext_to_internal/inst/mmcm_adv_inst/CLKOUT1
                         net (fo=1, routed)           1.661     3.543    astep24_3l_top_I/clocking_reset_I/intern_or_ext_to_internal/inst/clk_80_clk_core_extorint_40
    BUFGCTRL_X0Y6        BUFG (Prop_bufg_I_O)         0.096     3.639 r  astep24_3l_top_I/clocking_reset_I/intern_or_ext_to_internal/inst/clkout2_buf/O
                         net (fo=5282, routed)        1.618     5.257    astep24_3l_top_I/clocking_reset_I/resets/genblk1[3].reset_generator/clk_80
    SLICE_X5Y63          FDCE                                         r  astep24_3l_top_I/clocking_reset_I/resets/genblk1[3].reset_generator/resn_main_reg_reg[14]/C
  -------------------------------------------------------------------    -------------------
    SLICE_X5Y63          FDCE (Prop_fdce_C_Q)         0.419     5.676 r  astep24_3l_top_I/clocking_reset_I/resets/genblk1[3].reset_generator/resn_main_reg_reg[14]/Q
                         net (fo=74, routed)          2.490     8.166    astep24_3l_top_I/clocking_reset_I/resets/genblk1[3].reset_generator/resn_main_reg[14]
    SLICE_X14Y90         LUT1 (Prop_lut1_I0_O)        0.297     8.463 f  astep24_3l_top_I/clocking_reset_I/resets/genblk1[3].reset_generator/resn_main_reg[14]_i_1__3/O
                         net (fo=1069, routed)        5.716    14.179    astep24_3l_top_I/sw_if/neo_uart_axis/SS[0]
    SLICE_X45Y13         FDCE                                         f  astep24_3l_top_I/sw_if/neo_uart_axis/rx_engine_reg[sreg][0]/CLR
  -------------------------------------------------------------------    -------------------

                         (clock clk_80_clk_core_extorint_40_1 rise edge)
                                                     12.500    12.500 r  
    G17                                               0.000    12.500 r  clk_ext (IN)
                         net (fo=0)                   0.000    12.500    clk_ext
    G17                  IBUF (Prop_ibuf_I_O)         1.404    13.904 r  clk_ext_IBUF_inst/O
                         net (fo=1, routed)           1.802    15.705    clk_ext_IBUF
    BUFGCTRL_X0Y11       BUFG (Prop_bufg_I_O)         0.091    15.796 r  clk_ext_IBUF_BUFG_inst/O
                         net (fo=16, routed)          1.457    17.254    astep24_3l_top_I/clocking_reset_I/intern_or_ext_to_internal/inst/clk_in2
    MMCME2_ADV_X1Y0      MMCME2_ADV (Prop_mmcme2_adv_CLKIN2_CLKOUT1)
                                                     -3.129    14.124 r  astep24_3l_top_I/clocking_reset_I/intern_or_ext_to_internal/inst/mmcm_adv_inst/CLKOUT1
                         net (fo=1, routed)           1.581    15.705    astep24_3l_top_I/clocking_reset_I/intern_or_ext_to_internal/inst/clk_80_clk_core_extorint_40
    BUFGCTRL_X0Y6        BUFG (Prop_bufg_I_O)         0.091    15.796 r  astep24_3l_top_I/clocking_reset_I/intern_or_ext_to_internal/inst/clkout2_buf/O
                         net (fo=5282, routed)        1.443    17.240    astep24_3l_top_I/sw_if/neo_uart_axis/clk_80
    SLICE_X45Y13         FDCE                                         r  astep24_3l_top_I/sw_if/neo_uart_axis/rx_engine_reg[sreg][0]/C
                         clock pessimism              0.343    17.582    
                         clock uncertainty           -0.109    17.473    
    SLICE_X45Y13         FDCE (Recov_fdce_C_CLR)     -0.405    17.068    astep24_3l_top_I/sw_if/neo_uart_axis/rx_engine_reg[sreg][0]
  -------------------------------------------------------------------
                         required time                         17.068    
                         arrival time                         -14.179    
  -------------------------------------------------------------------
                         slack                                  2.890    





Min Delay Paths
--------------------------------------------------------------------------------------
Slack (MET) :             1.219ns  (arrival time - required time)
  Source:                 astep24_3l_top_I/clocking_reset_I/resets/genblk1[3].reset_generator/resn_main_reg_reg[14]/C
                            (rising edge-triggered cell FDCE clocked by clk_80_clk_core_extorint_40_1  {rise@0.000ns fall@6.250ns period=12.500ns})
  Destination:            astep24_3l_top_I/housekeeping/xadc_hk_driver_I/xadc/inst/AXI_XADC_CORE_I/drp_to_axi4stream_inst/den_o_reg/CLR
                            (removal check against rising-edge clock clk_80_clk_core_extorint_40_1  {rise@0.000ns fall@6.250ns period=12.500ns})
  Path Group:             **async_default**
  Path Type:              Removal (Min at Fast Process Corner)
  Requirement:            0.000ns  (clk_80_clk_core_extorint_40_1 rise@0.000ns - clk_80_clk_core_extorint_40_1 rise@0.000ns)
  Data Path Delay:        1.121ns  (logic 0.226ns (20.159%)  route 0.895ns (79.841%))
  Logic Levels:           1  (LUT1=1)
  Clock Path Skew:        -0.006ns (DCD - SCD - CPR)
    Destination Clock Delay (DCD):    2.282ns
    Source Clock Delay      (SCD):    1.738ns
    Clock Pessimism Removal (CPR):    0.550ns

    Location             Delay type                Incr(ns)  Path(ns)    Netlist Resource(s)
  -------------------------------------------------------------------    -------------------
                         (clock clk_80_clk_core_extorint_40_1 rise edge)
                                                      0.000     0.000 r  
    G17                                               0.000     0.000 r  clk_ext (IN)
                         net (fo=0)                   0.000     0.000    clk_ext
    G17                  IBUF (Prop_ibuf_I_O)         0.242     0.242 r  clk_ext_IBUF_inst/O
                         net (fo=1, routed)           0.884     1.126    clk_ext_IBUF
    BUFGCTRL_X0Y11       BUFG (Prop_bufg_I_O)         0.026     1.152 r  clk_ext_IBUF_BUFG_inst/O
                         net (fo=16, routed)          0.549     1.700    astep24_3l_top_I/clocking_reset_I/intern_or_ext_to_internal/inst/clk_in2
    MMCME2_ADV_X1Y0      MMCME2_ADV (Prop_mmcme2_adv_CLKIN2_CLKOUT1)
                                                     -1.061     0.640 r  astep24_3l_top_I/clocking_reset_I/intern_or_ext_to_internal/inst/mmcm_adv_inst/CLKOUT1
                         net (fo=1, routed)           0.486     1.126    astep24_3l_top_I/clocking_reset_I/intern_or_ext_to_internal/inst/clk_80_clk_core_extorint_40
    BUFGCTRL_X0Y6        BUFG (Prop_bufg_I_O)         0.026     1.152 r  astep24_3l_top_I/clocking_reset_I/intern_or_ext_to_internal/inst/clkout2_buf/O
                         net (fo=5282, routed)        0.587     1.738    astep24_3l_top_I/clocking_reset_I/resets/genblk1[3].reset_generator/clk_80
    SLICE_X5Y63          FDCE                                         r  astep24_3l_top_I/clocking_reset_I/resets/genblk1[3].reset_generator/resn_main_reg_reg[14]/C
  -------------------------------------------------------------------    -------------------
    SLICE_X5Y63          FDCE (Prop_fdce_C_Q)         0.128     1.866 r  astep24_3l_top_I/clocking_reset_I/resets/genblk1[3].reset_generator/resn_main_reg_reg[14]/Q
                         net (fo=74, routed)          0.658     2.525    astep24_3l_top_I/housekeeping/xadc_hk_driver_I/xadc/inst/AXI_XADC_CORE_I/drp_to_axi4stream_inst/m_axis_resetn
    SLICE_X14Y69         LUT1 (Prop_lut1_I0_O)        0.098     2.623 f  astep24_3l_top_I/housekeeping/xadc_hk_driver_I/xadc/inst/AXI_XADC_CORE_I/drp_to_axi4stream_inst/FIFO18E1_inst_data_i_2/O
                         net (fo=15, routed)          0.237     2.860    astep24_3l_top_I/housekeeping/xadc_hk_driver_I/xadc/inst/AXI_XADC_CORE_I/drp_to_axi4stream_inst/AR[0]
    SLICE_X28Y74         FDCE                                         f  astep24_3l_top_I/housekeeping/xadc_hk_driver_I/xadc/inst/AXI_XADC_CORE_I/drp_to_axi4stream_inst/den_o_reg/CLR
  -------------------------------------------------------------------    -------------------

                         (clock clk_80_clk_core_extorint_40_1 rise edge)
                                                      0.000     0.000 r  
    G17                                               0.000     0.000 r  clk_ext (IN)
                         net (fo=0)                   0.000     0.000    clk_ext
    G17                  IBUF (Prop_ibuf_I_O)         0.430     0.430 r  clk_ext_IBUF_inst/O
                         net (fo=1, routed)           1.009     1.439    clk_ext_IBUF
    BUFGCTRL_X0Y11       BUFG (Prop_bufg_I_O)         0.029     1.468 r  clk_ext_IBUF_BUFG_inst/O
                         net (fo=16, routed)          0.817     2.284    astep24_3l_top_I/clocking_reset_I/intern_or_ext_to_internal/inst/clk_in2
    MMCME2_ADV_X1Y0      MMCME2_ADV (Prop_mmcme2_adv_CLKIN2_CLKOUT1)
                                                     -1.375     0.909 r  astep24_3l_top_I/clocking_reset_I/intern_or_ext_to_internal/inst/mmcm_adv_inst/CLKOUT1
                         net (fo=1, routed)           0.530     1.439    astep24_3l_top_I/clocking_reset_I/intern_or_ext_to_internal/inst/clk_80_clk_core_extorint_40
    BUFGCTRL_X0Y6        BUFG (Prop_bufg_I_O)         0.029     1.468 r  astep24_3l_top_I/clocking_reset_I/intern_or_ext_to_internal/inst/clkout2_buf/O
                         net (fo=5282, routed)        0.815     2.282    astep24_3l_top_I/housekeeping/xadc_hk_driver_I/xadc/inst/AXI_XADC_CORE_I/drp_to_axi4stream_inst/m_axis_aclk
    SLICE_X28Y74         FDCE                                         r  astep24_3l_top_I/housekeeping/xadc_hk_driver_I/xadc/inst/AXI_XADC_CORE_I/drp_to_axi4stream_inst/den_o_reg/C
                         clock pessimism             -0.550     1.732    
    SLICE_X28Y74         FDCE (Remov_fdce_C_CLR)     -0.092     1.640    astep24_3l_top_I/housekeeping/xadc_hk_driver_I/xadc/inst/AXI_XADC_CORE_I/drp_to_axi4stream_inst/den_o_reg
  -------------------------------------------------------------------
                         required time                         -1.640    
                         arrival time                           2.860    
  -------------------------------------------------------------------
                         slack                                  1.219    





---------------------------------------------------------------------------------------------------
Path Group:  **async_default**
From Clock:  clk_out1_clk_sys_to_40
  To Clock:  clk_out1_clk_sys_to_40

Setup :            0  Failing Endpoints,  Worst Slack       22.344ns,  Total Violation        0.000ns
Hold  :            0  Failing Endpoints,  Worst Slack        0.713ns,  Total Violation        0.000ns
---------------------------------------------------------------------------------------------------


Max Delay Paths
--------------------------------------------------------------------------------------
Slack (MET) :             22.344ns  (required time - arrival time)
  Source:                 astep24_3l_top_I/clocking_reset_I/ext_clk_allowed_synced_reg/C
                            (rising edge-triggered cell FDCE clocked by clk_out1_clk_sys_to_40  {rise@0.000ns fall@12.500ns period=25.000ns})
  Destination:            astep24_3l_top_I/clocking_reset_I/clk_ext_locked_reg/CLR
                            (recovery check against rising-edge clock clk_out1_clk_sys_to_40  {rise@0.000ns fall@12.500ns period=25.000ns})
  Path Group:             **async_default**
  Path Type:              Recovery (Max at Slow Process Corner)
  Requirement:            25.000ns  (clk_out1_clk_sys_to_40 rise@25.000ns - clk_out1_clk_sys_to_40 rise@0.000ns)
  Data Path Delay:        1.756ns  (logic 0.609ns (34.687%)  route 1.147ns (65.313%))
  Logic Levels:           1  (LUT2=1)
  Clock Path Skew:        -0.041ns (DCD - SCD + CPR)
    Destination Clock Delay (DCD):    -1.471ns = ( 23.529 - 25.000 ) 
    Source Clock Delay      (SCD):    -0.869ns
    Clock Pessimism Removal (CPR):    0.561ns
  Clock Uncertainty:      0.251ns  ((TSJ^2 + DJ^2)^1/2) / 2 + PE
    Total System Jitter     (TSJ):    0.071ns
    Discrete Jitter          (DJ):    0.497ns
    Phase Error              (PE):    0.000ns

    Location             Delay type                Incr(ns)  Path(ns)    Netlist Resource(s)
  -------------------------------------------------------------------    -------------------
                         (clock clk_out1_clk_sys_to_40 rise edge)
                                                      0.000     0.000 r  
    L17                                               0.000     0.000 r  sysclk (IN)
                         net (fo=0)                   0.000     0.000    astep24_3l_top_I/clocking_reset_I/sys_to_40/inst/clk_in1
    L17                  IBUF (Prop_ibuf_I_O)         1.476     1.476 r  astep24_3l_top_I/clocking_reset_I/sys_to_40/inst/clkin1_ibufg/O
                         net (fo=1, routed)           1.233     2.709    astep24_3l_top_I/clocking_reset_I/sys_to_40/inst/clk_in1_clk_sys_to_40
    MMCME2_ADV_X0Y0      MMCME2_ADV (Prop_mmcme2_adv_CLKIN1_CLKOUT0)
                                                     -6.965    -4.256 r  astep24_3l_top_I/clocking_reset_I/sys_to_40/inst/mmcm_adv_inst/CLKOUT0
                         net (fo=1, routed)           1.666    -2.589    astep24_3l_top_I/clocking_reset_I/sys_to_40/inst/clk_out1_clk_sys_to_40
    BUFGCTRL_X0Y10       BUFG (Prop_bufg_I_O)         0.096    -2.493 r  astep24_3l_top_I/clocking_reset_I/sys_to_40/inst/clkout1_buf/O
                         net (fo=34, routed)          1.624    -0.869    astep24_3l_top_I/clocking_reset_I/sysclk_40M
    SLICE_X3Y59          FDCE                                         r  astep24_3l_top_I/clocking_reset_I/ext_clk_allowed_synced_reg/C
  -------------------------------------------------------------------    -------------------
    SLICE_X3Y59          FDCE (Prop_fdce_C_Q)         0.456    -0.413 r  astep24_3l_top_I/clocking_reset_I/ext_clk_allowed_synced_reg/Q
                         net (fo=3, routed)           0.593     0.180    astep24_3l_top_I/clocking_reset_I/ext_clk_allowed_synced
    SLICE_X3Y59          LUT2 (Prop_lut2_I1_O)        0.153     0.333 f  astep24_3l_top_I/clocking_reset_I/clk_ext_switch[2]_i_2/O
                         net (fo=6, routed)           0.553     0.886    astep24_3l_top_I/clocking_reset_I/clk_ext_switch0
    SLICE_X4Y59          FDCE                                         f  astep24_3l_top_I/clocking_reset_I/clk_ext_locked_reg/CLR
  -------------------------------------------------------------------    -------------------

                         (clock clk_out1_clk_sys_to_40 rise edge)
                                                     25.000    25.000 r  
    L17                                               0.000    25.000 r  sysclk (IN)
                         net (fo=0)                   0.000    25.000    astep24_3l_top_I/clocking_reset_I/sys_to_40/inst/clk_in1
    L17                  IBUF (Prop_ibuf_I_O)         1.406    26.405 r  astep24_3l_top_I/clocking_reset_I/sys_to_40/inst/clkin1_ibufg/O
                         net (fo=1, routed)           1.162    27.567    astep24_3l_top_I/clocking_reset_I/sys_to_40/inst/clk_in1_clk_sys_to_40
    MMCME2_ADV_X0Y0      MMCME2_ADV (Prop_mmcme2_adv_CLKIN1_CLKOUT0)
                                                     -7.221    20.346 r  astep24_3l_top_I/clocking_reset_I/sys_to_40/inst/mmcm_adv_inst/CLKOUT0
                         net (fo=1, routed)           1.587    21.933    astep24_3l_top_I/clocking_reset_I/sys_to_40/inst/clk_out1_clk_sys_to_40
    BUFGCTRL_X0Y10       BUFG (Prop_bufg_I_O)         0.091    22.024 r  astep24_3l_top_I/clocking_reset_I/sys_to_40/inst/clkout1_buf/O
                         net (fo=34, routed)          1.505    23.529    astep24_3l_top_I/clocking_reset_I/sysclk_40M
    SLICE_X4Y59          FDCE                                         r  astep24_3l_top_I/clocking_reset_I/clk_ext_locked_reg/C
                         clock pessimism              0.561    24.090    
                         clock uncertainty           -0.251    23.839    
    SLICE_X4Y59          FDCE (Recov_fdce_C_CLR)     -0.608    23.231    astep24_3l_top_I/clocking_reset_I/clk_ext_locked_reg
  -------------------------------------------------------------------
                         required time                         23.231    
                         arrival time                          -0.886    
  -------------------------------------------------------------------
                         slack                                 22.344    





Min Delay Paths
--------------------------------------------------------------------------------------
Slack (MET) :             0.713ns  (arrival time - required time)
  Source:                 astep24_3l_top_I/clocking_reset_I/ext_clk_allowed_synced_reg/C
                            (rising edge-triggered cell FDCE clocked by clk_out1_clk_sys_to_40  {rise@0.000ns fall@12.500ns period=25.000ns})
  Destination:            astep24_3l_top_I/clocking_reset_I/clk_ext_selected_reg/CLR
                            (removal check against rising-edge clock clk_out1_clk_sys_to_40  {rise@0.000ns fall@12.500ns period=25.000ns})
  Path Group:             **async_default**
  Path Type:              Removal (Min at Fast Process Corner)
  Requirement:            0.000ns  (clk_out1_clk_sys_to_40 rise@0.000ns - clk_out1_clk_sys_to_40 rise@0.000ns)
  Data Path Delay:        0.591ns  (logic 0.186ns (31.454%)  route 0.405ns (68.546%))
  Logic Levels:           1  (LUT2=1)
  Clock Path Skew:        0.035ns (DCD - SCD - CPR)
    Destination Clock Delay (DCD):    -0.810ns
    Source Clock Delay      (SCD):    -0.572ns
    Clock Pessimism Removal (CPR):    -0.273ns

    Location             Delay type                Incr(ns)  Path(ns)    Netlist Resource(s)
  -------------------------------------------------------------------    -------------------
                         (clock clk_out1_clk_sys_to_40 rise edge)
                                                      0.000     0.000 r  
    L17                                               0.000     0.000 r  sysclk (IN)
                         net (fo=0)                   0.000     0.000    astep24_3l_top_I/clocking_reset_I/sys_to_40/inst/clk_in1
    L17                  IBUF (Prop_ibuf_I_O)         0.244     0.244 r  astep24_3l_top_I/clocking_reset_I/sys_to_40/inst/clkin1_ibufg/O
                         net (fo=1, routed)           0.440     0.684    astep24_3l_top_I/clocking_reset_I/sys_to_40/inst/clk_in1_clk_sys_to_40
    MMCME2_ADV_X0Y0      MMCME2_ADV (Prop_mmcme2_adv_CLKIN1_CLKOUT0)
                                                     -2.362    -1.678 r  astep24_3l_top_I/clocking_reset_I/sys_to_40/inst/mmcm_adv_inst/CLKOUT0
                         net (fo=1, routed)           0.489    -1.189    astep24_3l_top_I/clocking_reset_I/sys_to_40/inst/clk_out1_clk_sys_to_40
    BUFGCTRL_X0Y10       BUFG (Prop_bufg_I_O)         0.026    -1.163 r  astep24_3l_top_I/clocking_reset_I/sys_to_40/inst/clkout1_buf/O
                         net (fo=34, routed)          0.592    -0.572    astep24_3l_top_I/clocking_reset_I/sysclk_40M
    SLICE_X3Y59          FDCE                                         r  astep24_3l_top_I/clocking_reset_I/ext_clk_allowed_synced_reg/C
  -------------------------------------------------------------------    -------------------
    SLICE_X3Y59          FDCE (Prop_fdce_C_Q)         0.141    -0.431 r  astep24_3l_top_I/clocking_reset_I/ext_clk_allowed_synced_reg/Q
                         net (fo=3, routed)           0.212    -0.218    astep24_3l_top_I/clocking_reset_I/ext_clk_allowed_synced
    SLICE_X3Y59          LUT2 (Prop_lut2_I1_O)        0.045    -0.173 f  astep24_3l_top_I/clocking_reset_I/clk_ext_switch[2]_i_2/O
                         net (fo=6, routed)           0.193     0.020    astep24_3l_top_I/clocking_reset_I/clk_ext_switch0
    SLICE_X5Y59          FDCE                                         f  astep24_3l_top_I/clocking_reset_I/clk_ext_selected_reg/CLR
  -------------------------------------------------------------------    -------------------

                         (clock clk_out1_clk_sys_to_40 rise edge)
                                                      0.000     0.000 r  
    L17                                               0.000     0.000 r  sysclk (IN)
                         net (fo=0)                   0.000     0.000    astep24_3l_top_I/clocking_reset_I/sys_to_40/inst/clk_in1
    L17                  IBUF (Prop_ibuf_I_O)         0.432     0.432 r  astep24_3l_top_I/clocking_reset_I/sys_to_40/inst/clkin1_ibufg/O
                         net (fo=1, routed)           0.480     0.912    astep24_3l_top_I/clocking_reset_I/sys_to_40/inst/clk_in1_clk_sys_to_40
    MMCME2_ADV_X0Y0      MMCME2_ADV (Prop_mmcme2_adv_CLKIN1_CLKOUT0)
                                                     -3.145    -2.233 r  astep24_3l_top_I/clocking_reset_I/sys_to_40/inst/mmcm_adv_inst/CLKOUT0
                         net (fo=1, routed)           0.534    -1.700    astep24_3l_top_I/clocking_reset_I/sys_to_40/inst/clk_out1_clk_sys_to_40
    BUFGCTRL_X0Y10       BUFG (Prop_bufg_I_O)         0.029    -1.671 r  astep24_3l_top_I/clocking_reset_I/sys_to_40/inst/clkout1_buf/O
                         net (fo=34, routed)          0.860    -0.810    astep24_3l_top_I/clocking_reset_I/sysclk_40M
    SLICE_X5Y59          FDCE                                         r  astep24_3l_top_I/clocking_reset_I/clk_ext_selected_reg/C
                         clock pessimism              0.273    -0.537    
    SLICE_X5Y59          FDCE (Remov_fdce_C_CLR)     -0.157    -0.694    astep24_3l_top_I/clocking_reset_I/clk_ext_selected_reg
  -------------------------------------------------------------------
                         required time                          0.694    
                         arrival time                           0.020    
  -------------------------------------------------------------------
                         slack                                  0.713    





---------------------------------------------------------------------------------------------------
Path Group:  **async_default**
From Clock:  clk_80_clk_core_extorint_40
  To Clock:  hk_spi_divided

Setup :            0  Failing Endpoints,  Worst Slack        9.112ns,  Total Violation        0.000ns
Hold  :            0  Failing Endpoints,  Worst Slack        0.780ns,  Total Violation        0.000ns
---------------------------------------------------------------------------------------------------


Max Delay Paths
--------------------------------------------------------------------------------------
Slack (MET) :             9.112ns  (required time - arrival time)
  Source:                 astep24_3l_top_I/clocking_reset_I/resets/genblk1[3].reset_generator/resn_main_reg_reg[14]/C
                            (rising edge-triggered cell FDCE clocked by clk_80_clk_core_extorint_40  {rise@0.000ns fall@6.250ns period=12.500ns})
  Destination:            astep24_3l_top_I/main_rfg_I/spi_hk_ckdivider_divided_resn_delay_reg[0]/CLR
                            (recovery check against rising-edge clock hk_spi_divided  {rise@0.000ns fall@12.500ns period=25.000ns})
  Path Group:             **async_default**
  Path Type:              Recovery (Max at Slow Process Corner)
  Requirement:            12.500ns  (hk_spi_divided rise@25.000ns - clk_80_clk_core_extorint_40 rise@12.500ns)
  Data Path Delay:        5.898ns  (logic 0.716ns (12.140%)  route 5.182ns (87.860%))
  Logic Levels:           1  (LUT1=1)
  Clock Path Skew:        2.940ns (DCD - SCD + CPR)
    Destination Clock Delay (DCD):    1.582ns = ( 26.582 - 25.000 ) 
    Source Clock Delay      (SCD):    -0.875ns = ( 11.625 - 12.500 ) 
    Clock Pessimism Removal (CPR):    0.483ns
  Clock Uncertainty:      0.110ns  ((TSJ^2 + DJ^2)^1/2) / 2 + PE
    Total System Jitter     (TSJ):    0.071ns
    Discrete Jitter          (DJ):    0.209ns
    Phase Error              (PE):    0.000ns

    Location             Delay type                Incr(ns)  Path(ns)    Netlist Resource(s)
  -------------------------------------------------------------------    -------------------
                         (clock clk_80_clk_core_extorint_40 rise edge)
                                                     12.500    12.500 r  
    L17                                               0.000    12.500 r  sysclk (IN)
                         net (fo=0)                   0.000    12.500    astep24_3l_top_I/clocking_reset_I/sys_to_40/inst/clk_in1
    L17                  IBUF (Prop_ibuf_I_O)         1.476    13.976 r  astep24_3l_top_I/clocking_reset_I/sys_to_40/inst/clkin1_ibufg/O
                         net (fo=1, routed)           1.233    15.209    astep24_3l_top_I/clocking_reset_I/sys_to_40/inst/clk_in1_clk_sys_to_40
    MMCME2_ADV_X0Y0      MMCME2_ADV (Prop_mmcme2_adv_CLKIN1_CLKOUT0)
                                                     -6.965     8.244 r  astep24_3l_top_I/clocking_reset_I/sys_to_40/inst/mmcm_adv_inst/CLKOUT0
                         net (fo=1, routed)           1.666     9.911    astep24_3l_top_I/clocking_reset_I/sys_to_40/inst/clk_out1_clk_sys_to_40
    BUFGCTRL_X0Y10       BUFG (Prop_bufg_I_O)         0.096    10.007 r  astep24_3l_top_I/clocking_reset_I/sys_to_40/inst/clkout1_buf/O
                         net (fo=34, routed)          1.575    11.582    astep24_3l_top_I/clocking_reset_I/intern_or_ext_to_internal/inst/clk_in1
    MMCME2_ADV_X1Y0      MMCME2_ADV (Prop_mmcme2_adv_CLKIN1_CLKOUT1)
                                                     -3.333     8.249 r  astep24_3l_top_I/clocking_reset_I/intern_or_ext_to_internal/inst/mmcm_adv_inst/CLKOUT1
                         net (fo=1, routed)           1.661     9.911    astep24_3l_top_I/clocking_reset_I/intern_or_ext_to_internal/inst/clk_80_clk_core_extorint_40
    BUFGCTRL_X0Y6        BUFG (Prop_bufg_I_O)         0.096    10.007 r  astep24_3l_top_I/clocking_reset_I/intern_or_ext_to_internal/inst/clkout2_buf/O
                         net (fo=5282, routed)        1.618    11.625    astep24_3l_top_I/clocking_reset_I/resets/genblk1[3].reset_generator/clk_80
    SLICE_X5Y63          FDCE                                         r  astep24_3l_top_I/clocking_reset_I/resets/genblk1[3].reset_generator/resn_main_reg_reg[14]/C
  -------------------------------------------------------------------    -------------------
    SLICE_X5Y63          FDCE (Prop_fdce_C_Q)         0.419    12.044 r  astep24_3l_top_I/clocking_reset_I/resets/genblk1[3].reset_generator/resn_main_reg_reg[14]/Q
                         net (fo=74, routed)          2.490    14.534    astep24_3l_top_I/clocking_reset_I/resets/genblk1[3].reset_generator/resn_main_reg[14]
    SLICE_X14Y90         LUT1 (Prop_lut1_I0_O)        0.297    14.831 f  astep24_3l_top_I/clocking_reset_I/resets/genblk1[3].reset_generator/resn_main_reg[14]_i_1__3/O
                         net (fo=1069, routed)        2.692    17.522    astep24_3l_top_I/main_rfg_I/SS[0]
    SLICE_X10Y80         FDCE                                         f  astep24_3l_top_I/main_rfg_I/spi_hk_ckdivider_divided_resn_delay_reg[0]/CLR
  -------------------------------------------------------------------    -------------------

                         (clock hk_spi_divided rise edge)
                                                     25.000    25.000 r  
    L17                                               0.000    25.000 r  sysclk (IN)
                         net (fo=0)                   0.000    25.000    astep24_3l_top_I/clocking_reset_I/sys_to_40/inst/clk_in1
    L17                  IBUF (Prop_ibuf_I_O)         1.406    26.405 r  astep24_3l_top_I/clocking_reset_I/sys_to_40/inst/clkin1_ibufg/O
                         net (fo=1, routed)           1.162    27.567    astep24_3l_top_I/clocking_reset_I/sys_to_40/inst/clk_in1_clk_sys_to_40
    MMCME2_ADV_X0Y0      MMCME2_ADV (Prop_mmcme2_adv_CLKIN1_CLKOUT0)
                                                     -7.221    20.346 r  astep24_3l_top_I/clocking_reset_I/sys_to_40/inst/mmcm_adv_inst/CLKOUT0
                         net (fo=1, routed)           1.587    21.933    astep24_3l_top_I/clocking_reset_I/sys_to_40/inst/clk_out1_clk_sys_to_40
    BUFGCTRL_X0Y10       BUFG (Prop_bufg_I_O)         0.091    22.024 r  astep24_3l_top_I/clocking_reset_I/sys_to_40/inst/clkout1_buf/O
                         net (fo=34, routed)          1.457    23.481    astep24_3l_top_I/clocking_reset_I/intern_or_ext_to_internal/inst/clk_in1
    MMCME2_ADV_X1Y0      MMCME2_ADV (Prop_mmcme2_adv_CLKIN1_CLKOUT1)
                                                     -3.129    20.352 r  astep24_3l_top_I/clocking_reset_I/intern_or_ext_to_internal/inst/mmcm_adv_inst/CLKOUT1
                         net (fo=1, routed)           1.581    21.933    astep24_3l_top_I/clocking_reset_I/intern_or_ext_to_internal/inst/clk_80_clk_core_extorint_40
    BUFGCTRL_X0Y6        BUFG (Prop_bufg_I_O)         0.091    22.024 r  astep24_3l_top_I/clocking_reset_I/intern_or_ext_to_internal/inst/clkout2_buf/O
                         net (fo=5282, routed)        1.445    23.469    astep24_3l_top_I/main_rfg_I/clk_80
    SLICE_X36Y46         FDRE (Prop_fdre_C_Q)         0.367    23.836 r  astep24_3l_top_I/main_rfg_I/spi_hk_ckdivider_divided_clk_reg/Q
                         net (fo=2, routed)           1.225    25.061    astep24_3l_top_I_n_28
    BUFGCTRL_X0Y8        BUFG (Prop_bufg_I_O)         0.091    25.152 r  spi_hk_ckdivider_divided_resn_delay_reg[7]_i_1/O
                         net (fo=257, routed)         1.430    26.582    astep24_3l_top_I/main_rfg_I/spi_hk_ckdivider_divided_resn_delay_reg[7]_1
    SLICE_X10Y80         FDCE                                         r  astep24_3l_top_I/main_rfg_I/spi_hk_ckdivider_divided_resn_delay_reg[0]/C
                         clock pessimism              0.483    27.064    
                         clock uncertainty           -0.110    26.954    
    SLICE_X10Y80         FDCE (Recov_fdce_C_CLR)     -0.319    26.635    astep24_3l_top_I/main_rfg_I/spi_hk_ckdivider_divided_resn_delay_reg[0]
  -------------------------------------------------------------------
                         required time                         26.635    
                         arrival time                         -17.522    
  -------------------------------------------------------------------
                         slack                                  9.112    





Min Delay Paths
--------------------------------------------------------------------------------------
Slack (MET) :             0.780ns  (arrival time - required time)
  Source:                 astep24_3l_top_I/clocking_reset_I/resets/genblk1[3].reset_generator/resn_main_reg_reg[14]/C
                            (rising edge-triggered cell FDCE clocked by clk_80_clk_core_extorint_40  {rise@0.000ns fall@6.250ns period=12.500ns})
  Destination:            astep24_3l_top_I/main_rfg_I/spi_hk_ckdivider_divided_resn_delay_reg[4]/CLR
                            (removal check against rising-edge clock hk_spi_divided  {rise@0.000ns fall@12.500ns period=25.000ns})
  Path Group:             **async_default**
  Path Type:              Removal (Min at Fast Process Corner)
  Requirement:            0.000ns  (hk_spi_divided rise@0.000ns - clk_80_clk_core_extorint_40 rise@0.000ns)
  Data Path Delay:        2.583ns  (logic 0.226ns (8.750%)  route 2.357ns (91.250%))
  Logic Levels:           1  (LUT1=1)
  Clock Path Skew:        1.870ns (DCD - SCD - CPR)
    Destination Clock Delay (DCD):    0.786ns
    Source Clock Delay      (SCD):    -0.577ns
    Clock Pessimism Removal (CPR):    -0.507ns

    Location             Delay type                Incr(ns)  Path(ns)    Netlist Resource(s)
  -------------------------------------------------------------------    -------------------
                         (clock clk_80_clk_core_extorint_40 rise edge)
                                                      0.000     0.000 r  
    L17                                               0.000     0.000 r  sysclk (IN)
                         net (fo=0)                   0.000     0.000    astep24_3l_top_I/clocking_reset_I/sys_to_40/inst/clk_in1
    L17                  IBUF (Prop_ibuf_I_O)         0.244     0.244 r  astep24_3l_top_I/clocking_reset_I/sys_to_40/inst/clkin1_ibufg/O
                         net (fo=1, routed)           0.440     0.684    astep24_3l_top_I/clocking_reset_I/sys_to_40/inst/clk_in1_clk_sys_to_40
    MMCME2_ADV_X0Y0      MMCME2_ADV (Prop_mmcme2_adv_CLKIN1_CLKOUT0)
                                                     -2.362    -1.678 r  astep24_3l_top_I/clocking_reset_I/sys_to_40/inst/mmcm_adv_inst/CLKOUT0
                         net (fo=1, routed)           0.489    -1.189    astep24_3l_top_I/clocking_reset_I/sys_to_40/inst/clk_out1_clk_sys_to_40
    BUFGCTRL_X0Y10       BUFG (Prop_bufg_I_O)         0.026    -1.163 r  astep24_3l_top_I/clocking_reset_I/sys_to_40/inst/clkout1_buf/O
                         net (fo=34, routed)          0.549    -0.615    astep24_3l_top_I/clocking_reset_I/intern_or_ext_to_internal/inst/clk_in1
    MMCME2_ADV_X1Y0      MMCME2_ADV (Prop_mmcme2_adv_CLKIN1_CLKOUT1)
                                                     -1.061    -1.675 r  astep24_3l_top_I/clocking_reset_I/intern_or_ext_to_internal/inst/mmcm_adv_inst/CLKOUT1
                         net (fo=1, routed)           0.486    -1.189    astep24_3l_top_I/clocking_reset_I/intern_or_ext_to_internal/inst/clk_80_clk_core_extorint_40
    BUFGCTRL_X0Y6        BUFG (Prop_bufg_I_O)         0.026    -1.163 r  astep24_3l_top_I/clocking_reset_I/intern_or_ext_to_internal/inst/clkout2_buf/O
                         net (fo=5282, routed)        0.587    -0.577    astep24_3l_top_I/clocking_reset_I/resets/genblk1[3].reset_generator/clk_80
    SLICE_X5Y63          FDCE                                         r  astep24_3l_top_I/clocking_reset_I/resets/genblk1[3].reset_generator/resn_main_reg_reg[14]/C
  -------------------------------------------------------------------    -------------------
    SLICE_X5Y63          FDCE (Prop_fdce_C_Q)         0.128    -0.449 r  astep24_3l_top_I/clocking_reset_I/resets/genblk1[3].reset_generator/resn_main_reg_reg[14]/Q
                         net (fo=74, routed)          1.174     0.725    astep24_3l_top_I/clocking_reset_I/resets/genblk1[3].reset_generator/resn_main_reg[14]
    SLICE_X14Y90         LUT1 (Prop_lut1_I0_O)        0.098     0.823 f  astep24_3l_top_I/clocking_reset_I/resets/genblk1[3].reset_generator/resn_main_reg[14]_i_1__3/O
                         net (fo=1069, routed)        1.183     2.006    astep24_3l_top_I/main_rfg_I/SS[0]
    SLICE_X10Y75         FDCE                                         f  astep24_3l_top_I/main_rfg_I/spi_hk_ckdivider_divided_resn_delay_reg[4]/CLR
  -------------------------------------------------------------------    -------------------

                         (clock hk_spi_divided rise edge)
                                                      0.000     0.000 r  
    L17                                               0.000     0.000 r  sysclk (IN)
                         net (fo=0)                   0.000     0.000    astep24_3l_top_I/clocking_reset_I/sys_to_40/inst/clk_in1
    L17                  IBUF (Prop_ibuf_I_O)         0.432     0.432 r  astep24_3l_top_I/clocking_reset_I/sys_to_40/inst/clkin1_ibufg/O
                         net (fo=1, routed)           0.480     0.912    astep24_3l_top_I/clocking_reset_I/sys_to_40/inst/clk_in1_clk_sys_to_40
    MMCME2_ADV_X0Y0      MMCME2_ADV (Prop_mmcme2_adv_CLKIN1_CLKOUT0)
                                                     -3.145    -2.233 r  astep24_3l_top_I/clocking_reset_I/sys_to_40/inst/mmcm_adv_inst/CLKOUT0
                         net (fo=1, routed)           0.534    -1.700    astep24_3l_top_I/clocking_reset_I/sys_to_40/inst/clk_out1_clk_sys_to_40
    BUFGCTRL_X0Y10       BUFG (Prop_bufg_I_O)         0.029    -1.671 r  astep24_3l_top_I/clocking_reset_I/sys_to_40/inst/clkout1_buf/O
                         net (fo=34, routed)          0.817    -0.854    astep24_3l_top_I/clocking_reset_I/intern_or_ext_to_internal/inst/clk_in1
    MMCME2_ADV_X1Y0      MMCME2_ADV (Prop_mmcme2_adv_CLKIN1_CLKOUT1)
                                                     -1.375    -2.229 r  astep24_3l_top_I/clocking_reset_I/intern_or_ext_to_internal/inst/mmcm_adv_inst/CLKOUT1
                         net (fo=1, routed)           0.530    -1.700    astep24_3l_top_I/clocking_reset_I/intern_or_ext_to_internal/inst/clk_80_clk_core_extorint_40
    BUFGCTRL_X0Y6        BUFG (Prop_bufg_I_O)         0.029    -1.671 r  astep24_3l_top_I/clocking_reset_I/intern_or_ext_to_internal/inst/clkout2_buf/O
                         net (fo=5282, routed)        0.832    -0.839    astep24_3l_top_I/main_rfg_I/clk_80
    SLICE_X36Y46         FDRE (Prop_fdre_C_Q)         0.175    -0.664 r  astep24_3l_top_I/main_rfg_I/spi_hk_ckdivider_divided_clk_reg/Q
                         net (fo=2, routed)           0.604    -0.061    astep24_3l_top_I_n_28
    BUFGCTRL_X0Y8        BUFG (Prop_bufg_I_O)         0.029    -0.032 r  spi_hk_ckdivider_divided_resn_delay_reg[7]_i_1/O
                         net (fo=257, routed)         0.817     0.786    astep24_3l_top_I/main_rfg_I/spi_hk_ckdivider_divided_resn_delay_reg[7]_1
    SLICE_X10Y75         FDCE                                         r  astep24_3l_top_I/main_rfg_I/spi_hk_ckdivider_divided_resn_delay_reg[4]/C
                         clock pessimism              0.507     1.293    
    SLICE_X10Y75         FDCE (Remov_fdce_C_CLR)     -0.067     1.226    astep24_3l_top_I/main_rfg_I/spi_hk_ckdivider_divided_resn_delay_reg[4]
  -------------------------------------------------------------------
                         required time                         -1.226    
                         arrival time                           2.006    
  -------------------------------------------------------------------
                         slack                                  0.780    





---------------------------------------------------------------------------------------------------
Path Group:  **async_default**
From Clock:  clk_80_clk_core_extorint_40
  To Clock:  layers_spi_divided

Setup :            0  Failing Endpoints,  Worst Slack        7.490ns,  Total Violation        0.000ns
Hold  :            0  Failing Endpoints,  Worst Slack        1.450ns,  Total Violation        0.000ns
---------------------------------------------------------------------------------------------------


Max Delay Paths
--------------------------------------------------------------------------------------
Slack (MET) :             7.490ns  (required time - arrival time)
  Source:                 astep24_3l_top_I/clocking_reset_I/resets/genblk1[3].reset_generator/resn_main_reg_reg[14]/C
                            (rising edge-triggered cell FDCE clocked by clk_80_clk_core_extorint_40  {rise@0.000ns fall@6.250ns period=12.500ns})
  Destination:            astep24_3l_top_I/main_rfg_I/spi_layers_ckdivider_divided_resn_delay_reg[0]/CLR
                            (recovery check against rising-edge clock layers_spi_divided  {rise@0.000ns fall@12.500ns period=25.000ns})
  Path Group:             **async_default**
  Path Type:              Recovery (Max at Slow Process Corner)
  Requirement:            12.500ns  (layers_spi_divided rise@25.000ns - clk_80_clk_core_extorint_40 rise@12.500ns)
  Data Path Delay:        7.207ns  (logic 0.716ns (9.935%)  route 6.491ns (90.065%))
  Logic Levels:           1  (LUT1=1)
  Clock Path Skew:        2.712ns (DCD - SCD + CPR)
    Destination Clock Delay (DCD):    1.354ns = ( 26.354 - 25.000 ) 
    Source Clock Delay      (SCD):    -0.875ns = ( 11.625 - 12.500 ) 
    Clock Pessimism Removal (CPR):    0.483ns
  Clock Uncertainty:      0.110ns  ((TSJ^2 + DJ^2)^1/2) / 2 + PE
    Total System Jitter     (TSJ):    0.071ns
    Discrete Jitter          (DJ):    0.209ns
    Phase Error              (PE):    0.000ns

    Location             Delay type                Incr(ns)  Path(ns)    Netlist Resource(s)
  -------------------------------------------------------------------    -------------------
                         (clock clk_80_clk_core_extorint_40 rise edge)
                                                     12.500    12.500 r  
    L17                                               0.000    12.500 r  sysclk (IN)
                         net (fo=0)                   0.000    12.500    astep24_3l_top_I/clocking_reset_I/sys_to_40/inst/clk_in1
    L17                  IBUF (Prop_ibuf_I_O)         1.476    13.976 r  astep24_3l_top_I/clocking_reset_I/sys_to_40/inst/clkin1_ibufg/O
                         net (fo=1, routed)           1.233    15.209    astep24_3l_top_I/clocking_reset_I/sys_to_40/inst/clk_in1_clk_sys_to_40
    MMCME2_ADV_X0Y0      MMCME2_ADV (Prop_mmcme2_adv_CLKIN1_CLKOUT0)
                                                     -6.965     8.244 r  astep24_3l_top_I/clocking_reset_I/sys_to_40/inst/mmcm_adv_inst/CLKOUT0
                         net (fo=1, routed)           1.666     9.911    astep24_3l_top_I/clocking_reset_I/sys_to_40/inst/clk_out1_clk_sys_to_40
    BUFGCTRL_X0Y10       BUFG (Prop_bufg_I_O)         0.096    10.007 r  astep24_3l_top_I/clocking_reset_I/sys_to_40/inst/clkout1_buf/O
                         net (fo=34, routed)          1.575    11.582    astep24_3l_top_I/clocking_reset_I/intern_or_ext_to_internal/inst/clk_in1
    MMCME2_ADV_X1Y0      MMCME2_ADV (Prop_mmcme2_adv_CLKIN1_CLKOUT1)
                                                     -3.333     8.249 r  astep24_3l_top_I/clocking_reset_I/intern_or_ext_to_internal/inst/mmcm_adv_inst/CLKOUT1
                         net (fo=1, routed)           1.661     9.911    astep24_3l_top_I/clocking_reset_I/intern_or_ext_to_internal/inst/clk_80_clk_core_extorint_40
    BUFGCTRL_X0Y6        BUFG (Prop_bufg_I_O)         0.096    10.007 r  astep24_3l_top_I/clocking_reset_I/intern_or_ext_to_internal/inst/clkout2_buf/O
                         net (fo=5282, routed)        1.618    11.625    astep24_3l_top_I/clocking_reset_I/resets/genblk1[3].reset_generator/clk_80
    SLICE_X5Y63          FDCE                                         r  astep24_3l_top_I/clocking_reset_I/resets/genblk1[3].reset_generator/resn_main_reg_reg[14]/C
  -------------------------------------------------------------------    -------------------
    SLICE_X5Y63          FDCE (Prop_fdce_C_Q)         0.419    12.044 r  astep24_3l_top_I/clocking_reset_I/resets/genblk1[3].reset_generator/resn_main_reg_reg[14]/Q
                         net (fo=74, routed)          2.490    14.534    astep24_3l_top_I/clocking_reset_I/resets/genblk1[3].reset_generator/resn_main_reg[14]
    SLICE_X14Y90         LUT1 (Prop_lut1_I0_O)        0.297    14.831 f  astep24_3l_top_I/clocking_reset_I/resets/genblk1[3].reset_generator/resn_main_reg[14]_i_1__3/O
                         net (fo=1069, routed)        4.001    18.831    astep24_3l_top_I/main_rfg_I/SS[0]
    SLICE_X53Y52         FDCE                                         f  astep24_3l_top_I/main_rfg_I/spi_layers_ckdivider_divided_resn_delay_reg[0]/CLR
  -------------------------------------------------------------------    -------------------

                         (clock layers_spi_divided rise edge)
                                                     25.000    25.000 r  
    L17                                               0.000    25.000 r  sysclk (IN)
                         net (fo=0)                   0.000    25.000    astep24_3l_top_I/clocking_reset_I/sys_to_40/inst/clk_in1
    L17                  IBUF (Prop_ibuf_I_O)         1.406    26.405 r  astep24_3l_top_I/clocking_reset_I/sys_to_40/inst/clkin1_ibufg/O
                         net (fo=1, routed)           1.162    27.567    astep24_3l_top_I/clocking_reset_I/sys_to_40/inst/clk_in1_clk_sys_to_40
    MMCME2_ADV_X0Y0      MMCME2_ADV (Prop_mmcme2_adv_CLKIN1_CLKOUT0)
                                                     -7.221    20.346 r  astep24_3l_top_I/clocking_reset_I/sys_to_40/inst/mmcm_adv_inst/CLKOUT0
                         net (fo=1, routed)           1.587    21.933    astep24_3l_top_I/clocking_reset_I/sys_to_40/inst/clk_out1_clk_sys_to_40
    BUFGCTRL_X0Y10       BUFG (Prop_bufg_I_O)         0.091    22.024 r  astep24_3l_top_I/clocking_reset_I/sys_to_40/inst/clkout1_buf/O
                         net (fo=34, routed)          1.457    23.481    astep24_3l_top_I/clocking_reset_I/intern_or_ext_to_internal/inst/clk_in1
    MMCME2_ADV_X1Y0      MMCME2_ADV (Prop_mmcme2_adv_CLKIN1_CLKOUT1)
                                                     -3.129    20.352 r  astep24_3l_top_I/clocking_reset_I/intern_or_ext_to_internal/inst/mmcm_adv_inst/CLKOUT1
                         net (fo=1, routed)           1.581    21.933    astep24_3l_top_I/clocking_reset_I/intern_or_ext_to_internal/inst/clk_80_clk_core_extorint_40
    BUFGCTRL_X0Y6        BUFG (Prop_bufg_I_O)         0.091    22.024 r  astep24_3l_top_I/clocking_reset_I/intern_or_ext_to_internal/inst/clkout2_buf/O
                         net (fo=5282, routed)        1.448    23.472    astep24_3l_top_I/main_rfg_I/clk_80
    SLICE_X28Y47         FDRE (Prop_fdre_C_Q)         0.367    23.839 r  astep24_3l_top_I/main_rfg_I/spi_layers_ckdivider_divided_clk_reg/Q
                         net (fo=2, routed)           0.981    24.820    astep24_3l_top_I_n_27
    BUFGCTRL_X0Y7        BUFG (Prop_bufg_I_O)         0.091    24.911 r  spi_layers_ckdivider_divided_resn_delay_reg[7]_i_1/O
                         net (fo=992, routed)         1.443    26.354    astep24_3l_top_I/main_rfg_I/CLK
    SLICE_X53Y52         FDCE                                         r  astep24_3l_top_I/main_rfg_I/spi_layers_ckdivider_divided_resn_delay_reg[0]/C
                         clock pessimism              0.483    26.837    
                         clock uncertainty           -0.110    26.726    
    SLICE_X53Y52         FDCE (Recov_fdce_C_CLR)     -0.405    26.321    astep24_3l_top_I/main_rfg_I/spi_layers_ckdivider_divided_resn_delay_reg[0]
  -------------------------------------------------------------------
                         required time                         26.321    
                         arrival time                         -18.831    
  -------------------------------------------------------------------
                         slack                                  7.490    





Min Delay Paths
--------------------------------------------------------------------------------------
Slack (MET) :             1.450ns  (arrival time - required time)
  Source:                 astep24_3l_top_I/clocking_reset_I/resets/genblk1[3].reset_generator/resn_main_reg_reg[14]/C
                            (rising edge-triggered cell FDCE clocked by clk_80_clk_core_extorint_40  {rise@0.000ns fall@6.250ns period=12.500ns})
  Destination:            astep24_3l_top_I/main_rfg_I/spi_layers_ckdivider_divided_resn_delay_reg[7]/CLR
                            (removal check against rising-edge clock layers_spi_divided  {rise@0.000ns fall@12.500ns period=25.000ns})
  Path Group:             **async_default**
  Path Type:              Removal (Min at Fast Process Corner)
  Requirement:            0.000ns  (layers_spi_divided rise@0.000ns - clk_80_clk_core_extorint_40 rise@0.000ns)
  Data Path Delay:        3.143ns  (logic 0.226ns (7.190%)  route 2.917ns (92.810%))
  Logic Levels:           1  (LUT1=1)
  Clock Path Skew:        1.785ns (DCD - SCD - CPR)
    Destination Clock Delay (DCD):    0.701ns
    Source Clock Delay      (SCD):    -0.577ns
    Clock Pessimism Removal (CPR):    -0.507ns

    Location             Delay type                Incr(ns)  Path(ns)    Netlist Resource(s)
  -------------------------------------------------------------------    -------------------
                         (clock clk_80_clk_core_extorint_40 rise edge)
                                                      0.000     0.000 r  
    L17                                               0.000     0.000 r  sysclk (IN)
                         net (fo=0)                   0.000     0.000    astep24_3l_top_I/clocking_reset_I/sys_to_40/inst/clk_in1
    L17                  IBUF (Prop_ibuf_I_O)         0.244     0.244 r  astep24_3l_top_I/clocking_reset_I/sys_to_40/inst/clkin1_ibufg/O
                         net (fo=1, routed)           0.440     0.684    astep24_3l_top_I/clocking_reset_I/sys_to_40/inst/clk_in1_clk_sys_to_40
    MMCME2_ADV_X0Y0      MMCME2_ADV (Prop_mmcme2_adv_CLKIN1_CLKOUT0)
                                                     -2.362    -1.678 r  astep24_3l_top_I/clocking_reset_I/sys_to_40/inst/mmcm_adv_inst/CLKOUT0
                         net (fo=1, routed)           0.489    -1.189    astep24_3l_top_I/clocking_reset_I/sys_to_40/inst/clk_out1_clk_sys_to_40
    BUFGCTRL_X0Y10       BUFG (Prop_bufg_I_O)         0.026    -1.163 r  astep24_3l_top_I/clocking_reset_I/sys_to_40/inst/clkout1_buf/O
                         net (fo=34, routed)          0.549    -0.615    astep24_3l_top_I/clocking_reset_I/intern_or_ext_to_internal/inst/clk_in1
    MMCME2_ADV_X1Y0      MMCME2_ADV (Prop_mmcme2_adv_CLKIN1_CLKOUT1)
                                                     -1.061    -1.675 r  astep24_3l_top_I/clocking_reset_I/intern_or_ext_to_internal/inst/mmcm_adv_inst/CLKOUT1
                         net (fo=1, routed)           0.486    -1.189    astep24_3l_top_I/clocking_reset_I/intern_or_ext_to_internal/inst/clk_80_clk_core_extorint_40
    BUFGCTRL_X0Y6        BUFG (Prop_bufg_I_O)         0.026    -1.163 r  astep24_3l_top_I/clocking_reset_I/intern_or_ext_to_internal/inst/clkout2_buf/O
                         net (fo=5282, routed)        0.587    -0.577    astep24_3l_top_I/clocking_reset_I/resets/genblk1[3].reset_generator/clk_80
    SLICE_X5Y63          FDCE                                         r  astep24_3l_top_I/clocking_reset_I/resets/genblk1[3].reset_generator/resn_main_reg_reg[14]/C
  -------------------------------------------------------------------    -------------------
    SLICE_X5Y63          FDCE (Prop_fdce_C_Q)         0.128    -0.449 r  astep24_3l_top_I/clocking_reset_I/resets/genblk1[3].reset_generator/resn_main_reg_reg[14]/Q
                         net (fo=74, routed)          1.174     0.725    astep24_3l_top_I/clocking_reset_I/resets/genblk1[3].reset_generator/resn_main_reg[14]
    SLICE_X14Y90         LUT1 (Prop_lut1_I0_O)        0.098     0.823 f  astep24_3l_top_I/clocking_reset_I/resets/genblk1[3].reset_generator/resn_main_reg[14]_i_1__3/O
                         net (fo=1069, routed)        1.743     2.567    astep24_3l_top_I/main_rfg_I/SS[0]
    SLICE_X48Y52         FDCE                                         f  astep24_3l_top_I/main_rfg_I/spi_layers_ckdivider_divided_resn_delay_reg[7]/CLR
  -------------------------------------------------------------------    -------------------

                         (clock layers_spi_divided rise edge)
                                                      0.000     0.000 r  
    L17                                               0.000     0.000 r  sysclk (IN)
                         net (fo=0)                   0.000     0.000    astep24_3l_top_I/clocking_reset_I/sys_to_40/inst/clk_in1
    L17                  IBUF (Prop_ibuf_I_O)         0.432     0.432 r  astep24_3l_top_I/clocking_reset_I/sys_to_40/inst/clkin1_ibufg/O
                         net (fo=1, routed)           0.480     0.912    astep24_3l_top_I/clocking_reset_I/sys_to_40/inst/clk_in1_clk_sys_to_40
    MMCME2_ADV_X0Y0      MMCME2_ADV (Prop_mmcme2_adv_CLKIN1_CLKOUT0)
                                                     -3.145    -2.233 r  astep24_3l_top_I/clocking_reset_I/sys_to_40/inst/mmcm_adv_inst/CLKOUT0
                         net (fo=1, routed)           0.534    -1.700    astep24_3l_top_I/clocking_reset_I/sys_to_40/inst/clk_out1_clk_sys_to_40
    BUFGCTRL_X0Y10       BUFG (Prop_bufg_I_O)         0.029    -1.671 r  astep24_3l_top_I/clocking_reset_I/sys_to_40/inst/clkout1_buf/O
                         net (fo=34, routed)          0.817    -0.854    astep24_3l_top_I/clocking_reset_I/intern_or_ext_to_internal/inst/clk_in1
    MMCME2_ADV_X1Y0      MMCME2_ADV (Prop_mmcme2_adv_CLKIN1_CLKOUT1)
                                                     -1.375    -2.229 r  astep24_3l_top_I/clocking_reset_I/intern_or_ext_to_internal/inst/mmcm_adv_inst/CLKOUT1
                         net (fo=1, routed)           0.530    -1.700    astep24_3l_top_I/clocking_reset_I/intern_or_ext_to_internal/inst/clk_80_clk_core_extorint_40
    BUFGCTRL_X0Y6        BUFG (Prop_bufg_I_O)         0.029    -1.671 r  astep24_3l_top_I/clocking_reset_I/intern_or_ext_to_internal/inst/clkout2_buf/O
                         net (fo=5282, routed)        0.834    -0.837    astep24_3l_top_I/main_rfg_I/clk_80
    SLICE_X28Y47         FDRE (Prop_fdre_C_Q)         0.175    -0.662 r  astep24_3l_top_I/main_rfg_I/spi_layers_ckdivider_divided_clk_reg/Q
                         net (fo=2, routed)           0.500    -0.162    astep24_3l_top_I_n_27
    BUFGCTRL_X0Y7        BUFG (Prop_bufg_I_O)         0.029    -0.133 r  spi_layers_ckdivider_divided_resn_delay_reg[7]_i_1/O
                         net (fo=992, routed)         0.834     0.701    astep24_3l_top_I/main_rfg_I/CLK
    SLICE_X48Y52         FDCE                                         r  astep24_3l_top_I/main_rfg_I/spi_layers_ckdivider_divided_resn_delay_reg[7]/C
                         clock pessimism              0.507     1.208    
    SLICE_X48Y52         FDCE (Remov_fdce_C_CLR)     -0.092     1.116    astep24_3l_top_I/main_rfg_I/spi_layers_ckdivider_divided_resn_delay_reg[7]
  -------------------------------------------------------------------
                         required time                         -1.116    
                         arrival time                           2.567    
  -------------------------------------------------------------------
                         slack                                  1.450    





---------------------------------------------------------------------------------------------------
Path Group:  **async_default**
From Clock:  sw_spi_clk
  To Clock:  sw_spi_clk

Setup :            0  Failing Endpoints,  Worst Slack        5.694ns,  Total Violation        0.000ns
Hold  :            0  Failing Endpoints,  Worst Slack        0.281ns,  Total Violation        0.000ns
---------------------------------------------------------------------------------------------------


Max Delay Paths
--------------------------------------------------------------------------------------
Slack (MET) :             5.694ns  (required time - arrival time)
  Source:                 spi_csn
                            (input port clocked by sw_spi_clk  {rise@0.000ns fall@15.000ns period=30.000ns})
  Destination:            astep24_3l_top_I/sw_if/spi_igress/counter_reg[0]/CLR
                            (recovery check against rising-edge clock sw_spi_clk  {rise@0.000ns fall@15.000ns period=30.000ns})
  Path Group:             **async_default**
  Path Type:              Recovery (Max at Slow Process Corner)
  Requirement:            15.000ns  (sw_spi_clk fall@15.000ns - sw_spi_clk rise@0.000ns)
  Data Path Delay:        11.788ns  (logic 1.457ns (12.357%)  route 10.331ns (87.643%))
  Logic Levels:           1  (IBUF=1)
  Input Delay:            2.000ns
  Clock Path Skew:        4.920ns (DCD - SCD + CPR)
    Destination Clock Delay (DCD):    4.920ns = ( 19.920 - 15.000 ) 
    Source Clock Delay      (SCD):    0.000ns
    Clock Pessimism Removal (CPR):    0.000ns
  Clock Uncertainty:      0.035ns  ((TSJ^2 + TIJ^2)^1/2 + DJ) / 2 + PE
    Total System Jitter     (TSJ):    0.071ns
    Total Input Jitter      (TIJ):    0.000ns
    Discrete Jitter          (DJ):    0.000ns
    Phase Error              (PE):    0.000ns

    Location             Delay type                Incr(ns)  Path(ns)    Netlist Resource(s)
  -------------------------------------------------------------------    -------------------
                         (clock sw_spi_clk rise edge)
                                                      0.000     0.000 r  
                         input delay                  2.000     2.000    
    M2                                                0.000     2.000 f  spi_csn (IN)
                         net (fo=0)                   0.000     2.000    spi_csn
    M2                   IBUF (Prop_ibuf_I_O)         1.457     3.457 f  spi_csn_IBUF_inst/O
                         net (fo=38, routed)         10.331    13.788    astep24_3l_top_I/sw_if/spi_igress/spi_miso_TRI
    SLICE_X53Y14         FDCE                                         f  astep24_3l_top_I/sw_if/spi_igress/counter_reg[0]/CLR
  -------------------------------------------------------------------    -------------------

                         (clock sw_spi_clk fall edge)
                                                     15.000    15.000 f  
    P3                                                0.000    15.000 f  spi_clk (IN)
                         net (fo=0)                   0.000    15.000    spi_clk
    P3                   IBUF (Prop_ibuf_I_O)         1.393    16.393 f  spi_clk_IBUF_inst/O
                         net (fo=1, routed)           1.988    18.381    spi_clk_IBUF
    BUFGCTRL_X0Y9        BUFG (Prop_bufg_I_O)         0.091    18.472 f  spi_clk_IBUF_BUFG_inst/O
                         net (fo=185, routed)         1.447    19.920    astep24_3l_top_I/sw_if/spi_igress/spi_clk
    SLICE_X53Y14         FDCE                                         r  astep24_3l_top_I/sw_if/spi_igress/counter_reg[0]/C  (IS_INVERTED)
                         clock pessimism              0.000    19.920    
                         clock uncertainty           -0.035    19.884    
    SLICE_X53Y14         FDCE (Recov_fdce_C_CLR)     -0.402    19.482    astep24_3l_top_I/sw_if/spi_igress/counter_reg[0]
  -------------------------------------------------------------------
                         required time                         19.482    
                         arrival time                         -13.788    
  -------------------------------------------------------------------
                         slack                                  5.694    





Min Delay Paths
--------------------------------------------------------------------------------------
Slack (MET) :             0.281ns  (arrival time - required time)
  Source:                 spi_csn
                            (input port clocked by sw_spi_clk  {rise@0.000ns fall@15.000ns period=30.000ns})
  Destination:            astep24_3l_top_I/sw_if/spi_egress/egress_byte_reg[7]/PRE
                            (removal check against rising-edge clock sw_spi_clk  {rise@0.000ns fall@15.000ns period=30.000ns})
  Path Group:             **async_default**
  Path Type:              Removal (Min at Fast Process Corner)
  Requirement:            0.000ns  (sw_spi_clk rise@0.000ns - sw_spi_clk rise@0.000ns)
  Data Path Delay:        3.623ns  (logic 0.225ns (6.201%)  route 3.398ns (93.799%))
  Logic Levels:           1  (IBUF=1)
  Input Delay:            -1.000ns
  Clock Path Skew:        2.402ns (DCD - SCD - CPR)
    Destination Clock Delay (DCD):    2.402ns
    Source Clock Delay      (SCD):    0.000ns
    Clock Pessimism Removal (CPR):    -0.000ns
  Clock Uncertainty:      0.035ns  ((TSJ^2 + TIJ^2)^1/2 + DJ) / 2 + PE
    Total System Jitter     (TSJ):    0.071ns
    Total Input Jitter      (TIJ):    0.000ns
    Discrete Jitter          (DJ):    0.000ns
    Phase Error              (PE):    0.000ns

    Location             Delay type                Incr(ns)  Path(ns)    Netlist Resource(s)
  -------------------------------------------------------------------    -------------------
                         (clock sw_spi_clk rise edge)
                                                      0.000     0.000 r  
                         input delay                 -1.000    -1.000    
    M2                                                0.000    -1.000 f  spi_csn (IN)
                         net (fo=0)                   0.000    -1.000    spi_csn
    M2                   IBUF (Prop_ibuf_I_O)         0.225    -0.775 f  spi_csn_IBUF_inst/O
                         net (fo=38, routed)          3.398     2.623    astep24_3l_top_I/sw_if/spi_egress/spi_miso_TRI
    SLICE_X65Y73         FDPE                                         f  astep24_3l_top_I/sw_if/spi_egress/egress_byte_reg[7]/PRE
  -------------------------------------------------------------------    -------------------

                         (clock sw_spi_clk rise edge)
                                                      0.000     0.000 r  
    P3                                                0.000     0.000 r  spi_clk (IN)
                         net (fo=0)                   0.000     0.000    spi_clk
    P3                   IBUF (Prop_ibuf_I_O)         0.419     0.419 r  spi_clk_IBUF_inst/O
                         net (fo=1, routed)           1.105     1.524    spi_clk_IBUF
    BUFGCTRL_X0Y9        BUFG (Prop_bufg_I_O)         0.029     1.553 r  spi_clk_IBUF_BUFG_inst/O
                         net (fo=185, routed)         0.848     2.402    astep24_3l_top_I/sw_if/spi_egress/spi_clk
    SLICE_X65Y73         FDPE                                         r  astep24_3l_top_I/sw_if/spi_egress/egress_byte_reg[7]/C
                         clock pessimism              0.000     2.402    
                         clock uncertainty            0.035     2.437    
    SLICE_X65Y73         FDPE (Remov_fdpe_C_PRE)     -0.095     2.342    astep24_3l_top_I/sw_if/spi_egress/egress_byte_reg[7]
  -------------------------------------------------------------------
                         required time                         -2.342    
                         arrival time                           2.623    
  -------------------------------------------------------------------
                         slack                                  0.281    





