#-----------------------------------------------------------
# Vivado v2023.2 (64-bit)
# SW Build 4029153 on Fri Oct 13 20:13:54 MDT 2023
# IP Build 4028589 on Sat Oct 14 00:45:43 MDT 2023
# SharedData Build 4025554 on Tue Oct 10 17:18:54 MDT 2023
# Start of session at: Wed Feb 25 12:01:57 2026
# Process ID: 3820267
# Current directory: /home/daq/AstroPix/260225_dev_richard/astep-fw/fw/astep24-3l/target-multiboard/vivado-run
# Command line: vivado -mode batch -source ../cmodr2-astep.tcl
# Log file: /home/daq/AstroPix/260225_dev_richard/astep-fw/fw/astep24-3l/target-multiboard/vivado-run/vivado.log
# Journal file: /home/daq/AstroPix/260225_dev_richard/astep-fw/fw/astep24-3l/target-multiboard/vivado-run/vivado.jou
# Running On: argon, OS: Linux, CPU Frequency: 3866.657 MHz, CPU Physical cores: 4, Host memory: 16650 MB
#-----------------------------------------------------------
source ../cmodr2-astep.tcl
# source ../flow.tcl
## set ::buildIteration 01
## if {[llength [array get ::env BUILD_ITERATION]] > 0} {
##     set ::buildIteration $::env(BUILD_ITERATION)
## }
## proc getDateVersion args {
##     set date [clock seconds]
##     return   [clock format $date -format "%y%m%d"]${::buildIteration}
## }
## variable myLocation [file normalize [info script]]
## proc getResourceDirectory {} {
##     variable myLocation
##     return [file dirname $myLocation]
## }
## global firmware_dir
## set firmware_dir [getResourceDirectory]
## puts "Firware directory: $firmware_dir"
Firware directory: /home/daq/AstroPix/260225_dev_richard/astep-fw/fw/astep24-3l/target-multiboard
## set commonSrcDir [file normalize $firmware_dir/../../common]
## set astep3lSrcDir [file normalize $firmware_dir/../]
## set include_dirs [list $firmware_dir/src $commonSrcDir/includes]
## file mkdir reports
## file mkdir bitstreams
## set ciMode [expr [catch {set ::env(CI)}] == 1 ? 0 : 1]
## proc add_files_no_simulation path {
##     if {[file isdirectory $path]} {
##         set addedFiles  [add_files -norecurse $path]
##     } else {
##         read_verilog    $path
##         set addedFiles  [list $path]
##     }
##     if {[llength [get_files $addedFiles]]>0} {
##         #puts "Setting usage property on files: $addedFiles"
##         #set_property -dict {used_in_synthesis true used_in_simulation true used_in_implementation true} [get_files $addedFiles]
##     }
## 
## 
## }
## proc read_design_files {} {
## 
##     global firmware_dir
##     global commonSrcDir
##     global astep3lSrcDir
## 
##     add_files_no_simulation $firmware_dir/astep24_3l_multitarget_top.sv
## 
##     add_files_no_simulation $astep3lSrcDir/common
## 
##     add_files_no_simulation $commonSrcDir/rtl/host/sw_ftdi245_spi_uart
##     add_files_no_simulation $commonSrcDir/rtl/rfg/protocol
##     add_files_no_simulation $commonSrcDir/rtl/rfg/spi
##     add_files_no_simulation $commonSrcDir/rtl/rfg/ftdi
##     add_files_no_simulation $commonSrcDir/rtl/rfg/uart
## 
##     add_files_no_simulation $commonSrcDir/rtl/housekeeping/
##     add_files_no_simulation $commonSrcDir/rtl/layers/
##     add_files_no_simulation $commonSrcDir/rtl/spi/
##     add_files_no_simulation $commonSrcDir/rtl/asic_model/
## 
##     add_files_no_simulation $commonSrcDir/rtl/fifo
## 
##     add_files_no_simulation $commonSrcDir/rtl/utilities/
## 
##     add_files_no_simulation $commonSrcDir/rtl/trigger/
##     
##     add_files_no_simulation $commonSrcDir/rtl/config/
## }
## proc read_syn_ip {} {
## 
##     puts "Read and Synth IP"
##     global firmware_dir
##     global commonSrcDir
##     global astep3lSrcDir
##     global target_board
## 
##     set projectFiles [get_files]
##     ## Go through IP directories from IP project and load all the XCI files found
##     foreach ipDir [glob -nocomplain -type d $commonSrcDir/xilinx-ip/*] {
##         set sourceIPFile $ipDir/[file tail $ipDir].xci
##         if {[file exists $sourceIPFile]} {
##             #set ip [import_ip  $ipPath]
## 
##             ##  Try to find IP in existing file set, and if source is newer, overwrite
##             ##  If not newer, don't do anything
##             set ipInProject [lsearch -glob -inline $projectFiles */[file tail $ipDir].xci]
##             if {$ipInProject=="" || ([file mtime $sourceIPFile]>[file mtime $ipInProject])} {
##                 ## IF is not in project, just import
##                 ## First delete local srcs if present to ensure proper import
##                 ## If not and a local xci files exists, the source IP will be added and not imported :(
##                 puts "INFO: (Re)Importing, will delete: vivado-project/[get_projects].srcs/sources_1/ip/[file tail $ipDir]"
##                 if {$ipInProject!=""} {
##                     catch {remove_files [get_files $ipInProject]}
##                 }
##                 catch {file delete -force vivado-project/[get_projects].srcs/sources_1/ip/[file tail $ipDir]}
##                 catch {import_ip $sourceIPFile}
##             }
## 
## 
##         }
##     }
## 
##     ## Upgrade IP for vivado version or target board, this should unlock the ips
##     upgrade_ip [get_ips]
## 
##     ## Set Synthesis checkpoint request to true so that that ips are build with main synthesis command
##     foreach srcFile [get_files] {
##         if {[string match *.xci $srcFile]} {
##             set_property generate_synth_checkpoint true $srcFile
##         }
##     }
## 
##     ## Update Buffer sizes
##     ########
## 
##     # Readout buffer -> 4kB
##     set_property -dict [list CONFIG.FIFO_DEPTH 16384] [get_ips fifo_axis_1clk_1kB]
## 
##     # Layers SPI Fifo -> 1kB
##     set_property -dict [list CONFIG.FIFO_DEPTH 1024] [get_ips fifo_axis_2clk_spi_layer]
## 
## 
## 
## }
## proc run_bit {board version defines constraints_file} {
## 
##     global defines_list
##     global chipversion
##     global include_dirs
##     global firmware_dir
##     global commonSrcDir
##     global astep3lSrcDir
##     global target_board
## 
## 
## 
## 
##     ## Test if in open mode, if env(OPEN) is NOT set, catch returns 1
##     set openMode [expr [catch {set ::env(OPEN)}] == 1 ? 0 : 1]
##     set supported_chipversions [list 2 3 4]
##     set supported_defines [list SCLOCK_SE_DIFF CONFIG_SE TELESCOPE SINGLE_LAYER REVERSEADAPTER]
## 
##     ## Check chip version
##     if {$version in $supported_chipversions} {
##         set chipversion $version
##         puts "INFO: Valid chipversion $chipversion specified!"
##     } else {
##         puts "ERROR: Invalid chipversion $version specified!"
##         return -level 1 -code error
##     }
## 
## 
##     set target_board $board
##     array set supported_boards [list \
##         astropix-nexys  [list xc7a200tsbg484-1 digilentinc.com:nexys_video:part0:1.2 [list RFG_FW_ID=32'h0000AB0${chipversion} TARGET_NEXYS] ] \
##         astropix-cmod   [list xc7a35tcpg236-1  digilentinc.com:cmod_a7-35t:part0:1.2 [list RFG_FW_ID=32'h0000AC0${chipversion} TARGET_CMOD] ] \
##         astropix-cmodr2   [list xc7a35tcpg236-1  digilentinc.com:cmod_a7-35t:part0:1.2 [list RFG_FW_ID=32'h0000AC1${chipversion} TARGET_CMOD] ] \
##     ]
## 
## 
##     if {[info exists supported_boards($board)]} {
##         set part           [lindex $supported_boards($board)  0]
##         set board_name     [lindex $supported_boards($board)  1]
##         ## Board defines are added to project after main project defines
##         set board_defines  [lindex $supported_boards($board)  2]
## 
##     } else {
##         puts "ERROR: Unsupported board $board specified!"
##         return -level 1 -code error
##     }
## 
##     set ::IC_BOARD $board
## 
## 
##     foreach item $defines {
##         if {$item ni $supported_defines} {
##             puts "ERROR: Invalid define $item specified! Valid defines are: $supported_defines"
##             return -level 1 -code error
##         }
##     }
## 
##     if {("CLOCK_SE_SE" in $defines) && ("CLOCK_SE_DIFF" in $defines)} {
##         puts "ERROR: CLOCK_SE cannot be both single-ended and differential"
##         return -level 1 -code error
##     } else {
##         puts "INFO: CLOCK_SE config valid!"
##     }
## 
##     if {"TELESCOPE" in $defines} {
##         puts "INFO: Configured for telescope setup!"
##     } else {
##         puts "INFO: Not configured for telescope setup!"
##     }
## 
##     set defines_list $defines
##     puts "INFO: Set verilog defines $defines_list"
## 
##     set defines_string [join $defines _]
##     append design_name "$board\_$chipversion\_$defines_string"
## 
##     ## Project Creation
##     ############
## 
##     # Close project if opened, helps resourcing the script from active vivado
##     catch {close_project}
## 
##     # Set board file
##     set_param board.repoPaths $firmware_dir/../../../vendor/digilent-vivado-boards/board_files
##     set REPOPATH [get_param board.repoPaths]
##     puts $REPOPATH
## 
##     # Start Flow
##     ## Create Project: in Open mode, try to reopen existing project
##     if {$openMode && [file exists ${design_name}.xpr]} {
##         puts "INFO: Reopening project, to recreate delete this file: vivado-run/${design_name}.xpr"
##         open_project ${design_name}.xpr
##     } else {
##         create_project -force -part $part $design_name .
##         set_property board_part $board_name [current_project]
##     }
## 
## 
##     read_design_files
##     read_syn_ip
## 
##     ## TCL constraints
##     ###############
## 
##     # Read constraints
##     read_xdc -unmanaged $constraints_file
## 
##     ## If we are in OPEN mode, Vivado GUI will start various steps in new processes, which causes Configurations used in constraints to be not available
##     ## In OPEN mode, we are then writing the important configs to a new constraints file that will be loaded first
##     if {$openMode} {
##         set   openConstraintsFile   ".openMode.xdc.tcl"
##         set   out                   [open $openConstraintsFile w+]
## 
##         puts  $out "global chipversion"
##         puts  $out "global defines_list"
##         puts  $out "global IC_BOARD"
##         puts  $out "set ::IC_BOARD ${::IC_BOARD}"
##         puts  $out [subst {set chipversion $chipversion}]
##         puts  $out [subst -nocommand {set defines_list [list $defines_list]}]
##         close $out
## 
##         read_xdc -unmanaged [file normalize $openConstraintsFile]
##         reorder_files -fileset constrs_1 -before [lindex $constraints_file 0] [file normalize $openConstraintsFile]
## 
##     }
## 
## 
##     # If a TCL file ends with "_impl.tcl", it is used only in implementation
##     foreach constraintFile $constraints_file {
##         if {[string match "*_impl.tcl" $constraintFile]} {
##                 set_property -dict {used_in_synthesis false used_in_simulation false used_in_implementation true} [get_files  $constraintFile]
##         }
##     }
## 
##     # Set Defines and inc dirs: Config defines + Board specific static defines + Dynamically created build version
##     #########
##     set buildVersion  [getDateVersion]
##     set final_defines [lsort [concat $board_defines $defines_list RFG_FW_BUILD=32'd$buildVersion SYNTHESIS=1 ASTROPIX${chipversion}]]
##     puts "Final Defines: $final_defines"
## 
##     foreach fileSet [list [current_fileset] [get_fileset sim_1]] {
##         set_property verilog_define $final_defines $fileSet
##         set_property include_dirs   $include_dirs  $fileSet
##     }
## 
## 
##     ## Only Run Implementatino if no project opening is requested
##     if {!$openMode} {
##         #generate_target -verbose -force all [get_ips]
##         synth_ip [get_ips]
##         synth_design -top astep24_3l_multitarget_top
##         opt_design
##         place_design
##         phys_opt_design
##         route_design
##         report_utilization -file "reports/report_utilization.$design_name.log"
##         report_timing      -file "reports/report_timing.$design_name.log"
##         report_timing_summary -file "reports/report_timing_summary.$design_name.log"
## 
##         set_property BITSTREAM.GENERAL.COMPRESS TRUE [current_design]
##         write_bitstream -force -bin_file bitstreams/${design_name}_${buildVersion}
##         if {[string match *cmod* $board]} {
##              write_cfgmem  -force -format mcs -size 32 -interface SPIx1 -loadbit [list up 0x00000000 bitstreams/${design_name}_${buildVersion}.bit  ] -file bitstreams/${design_name}_${buildVersion}.mcs
##         } else {
##              write_cfgmem  -force -format mcs -size 32 -interface SPIx4 -loadbit [list up 0x00000000 bitstreams/${design_name}_${buildVersion}.bit  ] -file bitstreams/${design_name}_${buildVersion}.mcs
##         }
##        close_project
##     }
## 
## 
## }
# run_bit     astropix-cmodr2      3          {CONFIG_SE}          [list $firmware_dir/../common/astep24_3layers_constraints.xdc.tcl $firmware_dir/constraints.cmodr2.tcl $firmware_dir/constraints_impl.tcl ]
INFO: Valid chipversion 3 specified!
INFO: CLOCK_SE config valid!
INFO: Not configured for telescope setup!
INFO: Set verilog defines CONFIG_SE
/home/daq/AstroPix/260225_dev_richard/astep-fw/fw/astep24-3l/target-multiboard/../../../vendor/digilent-vivado-boards/board_files
create_project: Time (s): cpu = 00:00:12 ; elapsed = 00:00:12 . Memory (MB): peak = 1385.125 ; gain = 65.836 ; free physical = 743 ; free virtual = 51296
Read and Synth IP
INFO: (Re)Importing, will delete: vivado-project/astropix-cmodr2_3_CONFIG_SE.srcs/sources_1/ip/axis_switch_layer_frame
INFO: [IP_Flow 19-234] Refreshing IP repositories
INFO: [IP_Flow 19-1704] No user IP repositories specified
INFO: [IP_Flow 19-2313] Loaded Vivado IP repository '/cache/Vivado/2023.2/data/ip'.
WARNING: [IP_Flow 19-2162] IP 'axis_switch_layer_frame' is locked:
* IP definition 'AXI4-Stream Switch (1.1)' for IP 'axis_switch_layer_frame' (customized with software release 2024.2) has a different revision in the IP Catalog. * Current project part 'xc7a35tcpg236-1' and the part 'xc7a200tsbg484-1' used to customize the IP 'axis_switch_layer_frame' do not match.
INFO: (Re)Importing, will delete: vivado-project/astropix-cmodr2_3_CONFIG_SE.srcs/sources_1/ip/axis_switch_swifs
WARNING: [IP_Flow 19-2162] IP 'axis_switch_swifs' is locked:
* IP definition 'AXI4-Stream Switch (1.1)' for IP 'axis_switch_swifs' (customized with software release 2024.2) has a different revision in the IP Catalog. * Current project part 'xc7a35tcpg236-1' and the part 'xc7a200tsbg484-1' used to customize the IP 'axis_switch_swifs' do not match.
INFO: (Re)Importing, will delete: vivado-project/astropix-cmodr2_3_CONFIG_SE.srcs/sources_1/ip/clk_core_extorint_40
WARNING: [IP_Flow 19-2162] IP 'clk_core_extorint_40' is locked:
* IP definition 'Clocking Wizard (6.0)' for IP 'clk_core_extorint_40' (customized with software release 2024.2) has a different revision in the IP Catalog. * This IP has board specific outputs. Current project board 'digilentinc.com:cmod_a7-35t:part0:1.2' and the board 'digilentinc.com:nexys_video:part0:1.2' used to customize the IP 'clk_core_extorint_40' do not match. * Current project part 'xc7a35tcpg236-1' and the part 'xc7a200tsbg484-1' used to customize the IP 'clk_core_extorint_40' do not match.
INFO: (Re)Importing, will delete: vivado-project/astropix-cmodr2_3_CONFIG_SE.srcs/sources_1/ip/clk_sys_to_40
WARNING: [IP_Flow 19-2162] IP 'clk_sys_to_40' is locked:
* IP definition 'Clocking Wizard (6.0)' for IP 'clk_sys_to_40' (customized with software release 2024.2) has a different revision in the IP Catalog. * This IP has board specific outputs. Current project board 'digilentinc.com:cmod_a7-35t:part0:1.2' and the board 'digilentinc.com:nexys_video:part0:1.2' used to customize the IP 'clk_sys_to_40' do not match. * Current project part 'xc7a35tcpg236-1' and the part 'xc7a200tsbg484-1' used to customize the IP 'clk_sys_to_40' do not match.
INFO: (Re)Importing, will delete: vivado-project/astropix-cmodr2_3_CONFIG_SE.srcs/sources_1/ip/fifo_axis_1clk_1kB
WARNING: [IP_Flow 19-2162] IP 'fifo_axis_1clk_1kB' is locked:
* IP definition 'AXI4-Stream Data FIFO (2.0)' for IP 'fifo_axis_1clk_1kB' (customized with software release 2024.2) has a different revision in the IP Catalog. * Current project part 'xc7a35tcpg236-1' and the part 'xc7a200tsbg484-1' used to customize the IP 'fifo_axis_1clk_1kB' do not match.
INFO: (Re)Importing, will delete: vivado-project/astropix-cmodr2_3_CONFIG_SE.srcs/sources_1/ip/fifo_axis_1clk_8x64
WARNING: [IP_Flow 19-2162] IP 'fifo_axis_1clk_8x64' is locked:
* IP definition 'AXI4-Stream Data FIFO (2.0)' for IP 'fifo_axis_1clk_8x64' (customized with software release 2024.2) has a different revision in the IP Catalog. * Current project part 'xc7a35tcpg236-1' and the part 'xc7a200tsbg484-1' used to customize the IP 'fifo_axis_1clk_8x64' do not match.
INFO: (Re)Importing, will delete: vivado-project/astropix-cmodr2_3_CONFIG_SE.srcs/sources_1/ip/fifo_axis_2clk_spi_hk
WARNING: [IP_Flow 19-2162] IP 'fifo_axis_2clk_spi_hk' is locked:
* IP definition 'AXI4-Stream Data FIFO (2.0)' for IP 'fifo_axis_2clk_spi_hk' (customized with software release 2024.2) has a different revision in the IP Catalog. * Current project part 'xc7a35tcpg236-1' and the part 'xc7a200tsbg484-1' used to customize the IP 'fifo_axis_2clk_spi_hk' do not match.
INFO: (Re)Importing, will delete: vivado-project/astropix-cmodr2_3_CONFIG_SE.srcs/sources_1/ip/fifo_axis_2clk_spi_layer
WARNING: [IP_Flow 19-2162] IP 'fifo_axis_2clk_spi_layer' is locked:
* IP definition 'AXI4-Stream Data FIFO (2.0)' for IP 'fifo_axis_2clk_spi_layer' (customized with software release 2024.2) has a different revision in the IP Catalog. * Current project part 'xc7a35tcpg236-1' and the part 'xc7a200tsbg484-1' used to customize the IP 'fifo_axis_2clk_spi_layer' do not match.
INFO: (Re)Importing, will delete: vivado-project/astropix-cmodr2_3_CONFIG_SE.srcs/sources_1/ip/fifo_axis_2clk_spi_loopback
WARNING: [IP_Flow 19-2162] IP 'fifo_axis_2clk_spi_loopback' is locked:
* IP definition 'AXI4-Stream Data FIFO (2.0)' for IP 'fifo_axis_2clk_spi_loopback' (customized with software release 2024.2) has a different revision in the IP Catalog. * Current project part 'xc7a35tcpg236-1' and the part 'xc7a200tsbg484-1' used to customize the IP 'fifo_axis_2clk_spi_loopback' do not match.
INFO: (Re)Importing, will delete: vivado-project/astropix-cmodr2_3_CONFIG_SE.srcs/sources_1/ip/fifo_axis_2clk_sw_io_16e
WARNING: [IP_Flow 19-2162] IP 'fifo_axis_2clk_sw_io_16e' is locked:
* IP definition 'AXI4-Stream Data FIFO (2.0)' for IP 'fifo_axis_2clk_sw_io_16e' (customized with software release 2024.2) has a different revision in the IP Catalog. * Current project part 'xc7a35tcpg236-1' and the part 'xc7a200tsbg484-1' used to customize the IP 'fifo_axis_2clk_sw_io_16e' do not match.
INFO: (Re)Importing, will delete: vivado-project/astropix-cmodr2_3_CONFIG_SE.srcs/sources_1/ip/xadc_astep
WARNING: [IP_Flow 19-2162] IP 'xadc_astep' is locked:
* IP definition 'XADC Wizard (3.3)' for IP 'xadc_astep' (customized with software release 2024.2) has a different revision in the IP Catalog. * Current project part 'xc7a35tcpg236-1' and the part 'xc7a200tsbg484-1' used to customize the IP 'xadc_astep' do not match.
Upgrading 'axis_switch_layer_frame'
INFO: [IP_Flow 19-3422] Upgraded axis_switch_layer_frame (AXI4-Stream Switch 1.1) from revision 33 to revision 29
INFO: [IP_Flow 19-1686] Generating 'Instantiation Template' target for IP 'axis_switch_layer_frame'...
Upgrading 'axis_switch_swifs'
INFO: [IP_Flow 19-3422] Upgraded axis_switch_swifs (AXI4-Stream Switch 1.1) from revision 33 to revision 29
INFO: [IP_Flow 19-1686] Generating 'Instantiation Template' target for IP 'axis_switch_swifs'...
Upgrading 'clk_core_extorint_40'
INFO: [Device 21-403] Loading part xc7a35tcpg236-1
INFO: [IP_Flow 19-3422] Upgraded clk_core_extorint_40 (Clocking Wizard 6.0) from revision 15 to revision 13
INFO: [IP_Flow 19-1686] Generating 'Instantiation Template' target for IP 'clk_core_extorint_40'...
Upgrading 'clk_sys_to_40'
WARNING: [IP_Flow 19-3374] An attempt to modify the value of disabled parameter 'PRIM_IN_FREQ' from '12.000' to '100.000' has been ignored for IP 'clk_sys_to_40'
WARNING: [IP_Flow 19-3374] An attempt to modify the value of disabled parameter 'MMCM_CLKFBOUT_MULT_F' from '63.750' to '10.000' has been ignored for IP 'clk_sys_to_40'
WARNING: [IP_Flow 19-3374] An attempt to modify the value of disabled parameter 'MMCM_CLKIN1_PERIOD' from '83.333' to '10.000' has been ignored for IP 'clk_sys_to_40'
WARNING: [IP_Flow 19-3374] An attempt to modify the value of disabled parameter 'MMCM_CLKIN2_PERIOD' from '10.0' to '10.000' has been ignored for IP 'clk_sys_to_40'
WARNING: [IP_Flow 19-3374] An attempt to modify the value of disabled parameter 'MMCM_CLKOUT0_DIVIDE_F' from '19.125' to '25.000' has been ignored for IP 'clk_sys_to_40'
INFO: [IP_Flow 19-3422] Upgraded clk_sys_to_40 (Clocking Wizard 6.0) from revision 15 to revision 13
INFO: [IP_Flow 19-1686] Generating 'Instantiation Template' target for IP 'clk_sys_to_40'...
CRITICAL WARNING: [Coretcl 2-1280] The upgrade of 'clk_sys_to_40' has identified issues that may require user intervention. Please verify that the instance is correctly configured, and review any upgrade messages.
Upgrading 'fifo_axis_1clk_1kB'
INFO: [IP_Flow 19-3422] Upgraded fifo_axis_1clk_1kB (AXI4-Stream Data FIFO 2.0) from revision 15 to revision 11
INFO: [IP_Flow 19-1686] Generating 'Instantiation Template' target for IP 'fifo_axis_1clk_1kB'...
Upgrading 'fifo_axis_1clk_8x64'
INFO: [IP_Flow 19-3422] Upgraded fifo_axis_1clk_8x64 (AXI4-Stream Data FIFO 2.0) from revision 15 to revision 11
INFO: [IP_Flow 19-1686] Generating 'Instantiation Template' target for IP 'fifo_axis_1clk_8x64'...
Upgrading 'fifo_axis_2clk_spi_hk'
INFO: [IP_Flow 19-3422] Upgraded fifo_axis_2clk_spi_hk (AXI4-Stream Data FIFO 2.0) from revision 15 to revision 11
INFO: [IP_Flow 19-1686] Generating 'Instantiation Template' target for IP 'fifo_axis_2clk_spi_hk'...
Upgrading 'fifo_axis_2clk_spi_layer'
INFO: [IP_Flow 19-3422] Upgraded fifo_axis_2clk_spi_layer (AXI4-Stream Data FIFO 2.0) from revision 15 to revision 11
INFO: [IP_Flow 19-1686] Generating 'Instantiation Template' target for IP 'fifo_axis_2clk_spi_layer'...
Upgrading 'fifo_axis_2clk_spi_loopback'
INFO: [IP_Flow 19-3422] Upgraded fifo_axis_2clk_spi_loopback (AXI4-Stream Data FIFO 2.0) from revision 15 to revision 11
INFO: [IP_Flow 19-1686] Generating 'Instantiation Template' target for IP 'fifo_axis_2clk_spi_loopback'...
Upgrading 'fifo_axis_2clk_sw_io_16e'
INFO: [IP_Flow 19-3422] Upgraded fifo_axis_2clk_sw_io_16e (AXI4-Stream Data FIFO 2.0) from revision 15 to revision 11
INFO: [IP_Flow 19-1686] Generating 'Instantiation Template' target for IP 'fifo_axis_2clk_sw_io_16e'...
Upgrading 'xadc_astep'
INFO: [IP_Flow 19-3422] Upgraded xadc_astep (XADC Wizard 3.3) from revision 11 to revision 9
INFO: [IP_Flow 19-1686] Generating 'Instantiation Template' target for IP 'xadc_astep'...
upgrade_ip: Time (s): cpu = 00:00:07 ; elapsed = 00:00:07 . Memory (MB): peak = 1839.848 ; gain = 436.910 ; free physical = 277 ; free virtual = 50867
Final Defines: ASTROPIX3 CONFIG_SE RFG_FW_BUILD=32'd26022501 RFG_FW_ID=32'h0000AC13 SYNTHESIS=1 TARGET_CMOD
CRITICAL WARNING: [Vivado 12-5447] synth_ip is not supported in project mode, please use non-project mode.
INFO: [IP_Flow 19-1686] Generating 'Synthesis' target for IP 'axis_switch_layer_frame'...
WARNING: [IP_Flow 19-4994] Overwriting existing constraint file '/home/daq/AstroPix/260225_dev_richard/astep-fw/fw/astep24-3l/target-multiboard/vivado-run/astropix-cmodr2_3_CONFIG_SE.gen/sources_1/ip/axis_switch_layer_frame/axis_switch_layer_frame_ooc.xdc'
INFO: [IP_Flow 19-1686] Generating 'Simulation' target for IP 'axis_switch_layer_frame'...
WARNING: [IP_Flow 19-5378] Port width mismatch for bus parameter 'S00_AXIS.TDATA_NUM_BYTES'. Logical port width '1' and physical port width '3' do not match.
WARNING: [IP_Flow 19-5378] Port width mismatch for bus parameter 'S00_AXIS.TDEST_WIDTH'. Logical port width '8' and physical port width '24' do not match.
INFO: [IP_Flow 19-5611] Unable to find an associated reset port for the interface 'S00_AXIS'. A default connection has been created.
INFO: [IP_Flow 19-5611] Unable to find an associated reset port for the interface 'M00_AXIS'. A default connection has been created.
WARNING: [IP_Flow 19-5378] Port width mismatch for bus parameter 'S01_AXIS.TDATA_NUM_BYTES'. Logical port width '1' and physical port width '3' do not match.
WARNING: [IP_Flow 19-5378] Port width mismatch for bus parameter 'S01_AXIS.TDEST_WIDTH'. Logical port width '8' and physical port width '24' do not match.
INFO: [IP_Flow 19-5611] Unable to find an associated reset port for the interface 'S01_AXIS'. A default connection has been created.
WARNING: [IP_Flow 19-5378] Port width mismatch for bus parameter 'S02_AXIS.TDATA_NUM_BYTES'. Logical port width '1' and physical port width '3' do not match.
WARNING: [IP_Flow 19-5378] Port width mismatch for bus parameter 'S02_AXIS.TDEST_WIDTH'. Logical port width '8' and physical port width '24' do not match.
INFO: [IP_Flow 19-5611] Unable to find an associated reset port for the interface 'S02_AXIS'. A default connection has been created.
INFO: [IP_Flow 19-1686] Generating 'Change Log' target for IP 'axis_switch_layer_frame'...
INFO: [IP_Flow 19-234] Refreshing IP repositories
INFO: [IP_Flow 19-1704] No user IP repositories specified
INFO: [IP_Flow 19-2313] Loaded Vivado IP repository '/cache/Vivado/2023.2/data/ip'.
WARNING: [Vivado 12-13650] The IP file '/home/daq/AstroPix/260225_dev_richard/astep-fw/fw/astep24-3l/target-multiboard/vivado-run/astropix-cmodr2_3_CONFIG_SE.srcs/sources_1/ip/axis_switch_layer_frame/axis_switch_layer_frame.xci' has been moved from its original location, as a result the outputs for this IP will now be generated in '/home/daq/AstroPix/260225_dev_richard/astep-fw/fw/astep24-3l/target-multiboard/vivado-run/astropix-cmodr2_3_CONFIG_SE.gen/sources_1/ip/axis_switch_layer_frame'. Alternatively a copy of the IP can be imported into the project using one of the 'import_ip' or 'import_files' commands.
Command: synth_design -top axis_switch_layer_frame -part xc7a35tcpg236-1 -mode out_of_context
Starting synth_design
Attempting to get a license for feature 'Synthesis' and/or device 'xc7a35t'
INFO: [Common 17-349] Got license for feature 'Synthesis' and/or device 'xc7a35t'
INFO: [Synth 8-7079] Multithreading enabled for synth_design using a maximum of 4 processes.
INFO: [Synth 8-7078] Launching helper process for spawning children vivado processes
INFO: [Synth 8-7075] Helper process launched with PID 3820676
---------------------------------------------------------------------------------
Starting RTL Elaboration : Time (s): cpu = 00:00:05 ; elapsed = 00:00:05 . Memory (MB): peak = 2301.156 ; gain = 420.621 ; free physical = 163 ; free virtual = 50261
---------------------------------------------------------------------------------
INFO: [Synth 8-6157] synthesizing module 'axis_switch_layer_frame' [/home/daq/AstroPix/260225_dev_richard/astep-fw/fw/astep24-3l/target-multiboard/vivado-run/astropix-cmodr2_3_CONFIG_SE.gen/sources_1/ip/axis_switch_layer_frame/synth/axis_switch_layer_frame.v:53]
INFO: [Synth 8-6157] synthesizing module 'axis_switch_v1_1_29_axis_switch' [/home/daq/AstroPix/260225_dev_richard/astep-fw/fw/astep24-3l/target-multiboard/vivado-run/astropix-cmodr2_3_CONFIG_SE.gen/sources_1/ip/axis_switch_layer_frame/hdl/axis_switch_v1_1_vl_rfs.v:3078]
INFO: [Synth 8-6157] synthesizing module 'axis_infrastructure_v1_1_1_util_axis2vector' [/home/daq/AstroPix/260225_dev_richard/astep-fw/fw/astep24-3l/target-multiboard/vivado-run/astropix-cmodr2_3_CONFIG_SE.gen/sources_1/ip/axis_switch_layer_frame/hdl/axis_infrastructure_v1_1_vl_rfs.v:805]
INFO: [Synth 8-6155] done synthesizing module 'axis_infrastructure_v1_1_1_util_axis2vector' (0#1) [/home/daq/AstroPix/260225_dev_richard/astep-fw/fw/astep24-3l/target-multiboard/vivado-run/astropix-cmodr2_3_CONFIG_SE.gen/sources_1/ip/axis_switch_layer_frame/hdl/axis_infrastructure_v1_1_vl_rfs.v:805]
INFO: [Synth 8-6157] synthesizing module 'axis_switch_v1_1_29_axisc_decoder' [/home/daq/AstroPix/260225_dev_richard/astep-fw/fw/astep24-3l/target-multiboard/vivado-run/astropix-cmodr2_3_CONFIG_SE.gen/sources_1/ip/axis_switch_layer_frame/hdl/axis_switch_v1_1_vl_rfs.v:475]
INFO: [Synth 8-6157] synthesizing module 'axis_register_slice_v1_1_29_axisc_register_slice' [/home/daq/AstroPix/260225_dev_richard/astep-fw/fw/astep24-3l/target-multiboard/vivado-run/astropix-cmodr2_3_CONFIG_SE.gen/sources_1/ip/axis_switch_layer_frame/hdl/axis_register_slice_v1_1_vl_rfs.v:1929]
INFO: [Synth 8-6155] done synthesizing module 'axis_register_slice_v1_1_29_axisc_register_slice' (0#1) [/home/daq/AstroPix/260225_dev_richard/astep-fw/fw/astep24-3l/target-multiboard/vivado-run/astropix-cmodr2_3_CONFIG_SE.gen/sources_1/ip/axis_switch_layer_frame/hdl/axis_register_slice_v1_1_vl_rfs.v:1929]
INFO: [Synth 8-6157] synthesizing module 'axis_register_slice_v1_1_29_axisc_register_slice__parameterized0' [/home/daq/AstroPix/260225_dev_richard/astep-fw/fw/astep24-3l/target-multiboard/vivado-run/astropix-cmodr2_3_CONFIG_SE.gen/sources_1/ip/axis_switch_layer_frame/hdl/axis_register_slice_v1_1_vl_rfs.v:1929]
INFO: [Synth 8-6155] done synthesizing module 'axis_register_slice_v1_1_29_axisc_register_slice__parameterized0' (0#1) [/home/daq/AstroPix/260225_dev_richard/astep-fw/fw/astep24-3l/target-multiboard/vivado-run/astropix-cmodr2_3_CONFIG_SE.gen/sources_1/ip/axis_switch_layer_frame/hdl/axis_register_slice_v1_1_vl_rfs.v:1929]
INFO: [Synth 8-6157] synthesizing module 'axis_infrastructure_v1_1_1_util_vector2axis' [/home/daq/AstroPix/260225_dev_richard/astep-fw/fw/astep24-3l/target-multiboard/vivado-run/astropix-cmodr2_3_CONFIG_SE.gen/sources_1/ip/axis_switch_layer_frame/hdl/axis_infrastructure_v1_1_vl_rfs.v:986]
INFO: [Synth 8-6155] done synthesizing module 'axis_infrastructure_v1_1_1_util_vector2axis' (0#1) [/home/daq/AstroPix/260225_dev_richard/astep-fw/fw/astep24-3l/target-multiboard/vivado-run/astropix-cmodr2_3_CONFIG_SE.gen/sources_1/ip/axis_switch_layer_frame/hdl/axis_infrastructure_v1_1_vl_rfs.v:986]
INFO: [Synth 8-6155] done synthesizing module 'axis_switch_v1_1_29_axisc_decoder' (0#1) [/home/daq/AstroPix/260225_dev_richard/astep-fw/fw/astep24-3l/target-multiboard/vivado-run/astropix-cmodr2_3_CONFIG_SE.gen/sources_1/ip/axis_switch_layer_frame/hdl/axis_switch_v1_1_vl_rfs.v:475]
INFO: [Synth 8-6157] synthesizing module 'axis_switch_v1_1_29_axisc_transfer_mux' [/home/daq/AstroPix/260225_dev_richard/astep-fw/fw/astep24-3l/target-multiboard/vivado-run/astropix-cmodr2_3_CONFIG_SE.gen/sources_1/ip/axis_switch_layer_frame/hdl/axis_switch_v1_1_vl_rfs.v:814]
INFO: [Synth 8-6157] synthesizing module 'axis_switch_v1_1_29_axisc_arb_responder' [/home/daq/AstroPix/260225_dev_richard/astep-fw/fw/astep24-3l/target-multiboard/vivado-run/astropix-cmodr2_3_CONFIG_SE.gen/sources_1/ip/axis_switch_layer_frame/hdl/axis_switch_v1_1_vl_rfs.v:1117]
INFO: [Synth 8-6155] done synthesizing module 'axis_switch_v1_1_29_axisc_arb_responder' (0#1) [/home/daq/AstroPix/260225_dev_richard/astep-fw/fw/astep24-3l/target-multiboard/vivado-run/astropix-cmodr2_3_CONFIG_SE.gen/sources_1/ip/axis_switch_layer_frame/hdl/axis_switch_v1_1_vl_rfs.v:1117]
INFO: [Synth 8-6157] synthesizing module 'axis_infrastructure_v1_1_1_mux_enc' [/home/daq/AstroPix/260225_dev_richard/astep-fw/fw/astep24-3l/target-multiboard/vivado-run/astropix-cmodr2_3_CONFIG_SE.gen/sources_1/ip/axis_switch_layer_frame/hdl/axis_infrastructure_v1_1_vl_rfs.v:64]
INFO: [Synth 8-6155] done synthesizing module 'axis_infrastructure_v1_1_1_mux_enc' (0#1) [/home/daq/AstroPix/260225_dev_richard/astep-fw/fw/astep24-3l/target-multiboard/vivado-run/astropix-cmodr2_3_CONFIG_SE.gen/sources_1/ip/axis_switch_layer_frame/hdl/axis_infrastructure_v1_1_vl_rfs.v:64]
INFO: [Synth 8-6157] synthesizing module 'axis_infrastructure_v1_1_1_mux_enc__parameterized0' [/home/daq/AstroPix/260225_dev_richard/astep-fw/fw/astep24-3l/target-multiboard/vivado-run/astropix-cmodr2_3_CONFIG_SE.gen/sources_1/ip/axis_switch_layer_frame/hdl/axis_infrastructure_v1_1_vl_rfs.v:64]
INFO: [Synth 8-6155] done synthesizing module 'axis_infrastructure_v1_1_1_mux_enc__parameterized0' (0#1) [/home/daq/AstroPix/260225_dev_richard/astep-fw/fw/astep24-3l/target-multiboard/vivado-run/astropix-cmodr2_3_CONFIG_SE.gen/sources_1/ip/axis_switch_layer_frame/hdl/axis_infrastructure_v1_1_vl_rfs.v:64]
INFO: [Synth 8-6155] done synthesizing module 'axis_switch_v1_1_29_axisc_transfer_mux' (0#1) [/home/daq/AstroPix/260225_dev_richard/astep-fw/fw/astep24-3l/target-multiboard/vivado-run/astropix-cmodr2_3_CONFIG_SE.gen/sources_1/ip/axis_switch_layer_frame/hdl/axis_switch_v1_1_vl_rfs.v:814]
INFO: [Synth 8-6157] synthesizing module 'axis_switch_v1_1_29_axis_switch_arbiter' [/home/daq/AstroPix/260225_dev_richard/astep-fw/fw/astep24-3l/target-multiboard/vivado-run/astropix-cmodr2_3_CONFIG_SE.gen/sources_1/ip/axis_switch_layer_frame/hdl/axis_switch_v1_1_vl_rfs.v:1352]
INFO: [Synth 8-6157] synthesizing module 'axis_switch_v1_1_29_arb_rr' [/home/daq/AstroPix/260225_dev_richard/astep-fw/fw/astep24-3l/target-multiboard/vivado-run/astropix-cmodr2_3_CONFIG_SE.gen/sources_1/ip/axis_switch_layer_frame/hdl/axis_switch_v1_1_vl_rfs.v:59]
INFO: [Synth 8-6157] synthesizing module 'axis_switch_v1_1_29_dynamic_priority_encoder' [/home/daq/AstroPix/260225_dev_richard/astep-fw/fw/astep24-3l/target-multiboard/vivado-run/astropix-cmodr2_3_CONFIG_SE.gen/sources_1/ip/axis_switch_layer_frame/hdl/axis_switch_v1_1_vl_rfs.v:1528]
INFO: [Synth 8-6157] synthesizing module 'axis_switch_v1_1_29_dynamic_priority_encoder__parameterized0' [/home/daq/AstroPix/260225_dev_richard/astep-fw/fw/astep24-3l/target-multiboard/vivado-run/astropix-cmodr2_3_CONFIG_SE.gen/sources_1/ip/axis_switch_layer_frame/hdl/axis_switch_v1_1_vl_rfs.v:1528]
INFO: [Synth 8-6155] done synthesizing module 'axis_switch_v1_1_29_dynamic_priority_encoder__parameterized0' (0#1) [/home/daq/AstroPix/260225_dev_richard/astep-fw/fw/astep24-3l/target-multiboard/vivado-run/astropix-cmodr2_3_CONFIG_SE.gen/sources_1/ip/axis_switch_layer_frame/hdl/axis_switch_v1_1_vl_rfs.v:1528]
INFO: [Synth 8-6155] done synthesizing module 'axis_switch_v1_1_29_dynamic_priority_encoder' (0#1) [/home/daq/AstroPix/260225_dev_richard/astep-fw/fw/astep24-3l/target-multiboard/vivado-run/astropix-cmodr2_3_CONFIG_SE.gen/sources_1/ip/axis_switch_layer_frame/hdl/axis_switch_v1_1_vl_rfs.v:1528]
INFO: [Synth 8-6155] done synthesizing module 'axis_switch_v1_1_29_arb_rr' (0#1) [/home/daq/AstroPix/260225_dev_richard/astep-fw/fw/astep24-3l/target-multiboard/vivado-run/astropix-cmodr2_3_CONFIG_SE.gen/sources_1/ip/axis_switch_layer_frame/hdl/axis_switch_v1_1_vl_rfs.v:59]
INFO: [Synth 8-6155] done synthesizing module 'axis_switch_v1_1_29_axis_switch_arbiter' (0#1) [/home/daq/AstroPix/260225_dev_richard/astep-fw/fw/astep24-3l/target-multiboard/vivado-run/astropix-cmodr2_3_CONFIG_SE.gen/sources_1/ip/axis_switch_layer_frame/hdl/axis_switch_v1_1_vl_rfs.v:1352]
INFO: [Synth 8-6155] done synthesizing module 'axis_switch_v1_1_29_axis_switch' (0#1) [/home/daq/AstroPix/260225_dev_richard/astep-fw/fw/astep24-3l/target-multiboard/vivado-run/astropix-cmodr2_3_CONFIG_SE.gen/sources_1/ip/axis_switch_layer_frame/hdl/axis_switch_v1_1_vl_rfs.v:3078]
INFO: [Synth 8-6155] done synthesizing module 'axis_switch_layer_frame' (0#1) [/home/daq/AstroPix/260225_dev_richard/astep-fw/fw/astep24-3l/target-multiboard/vivado-run/astropix-cmodr2_3_CONFIG_SE.gen/sources_1/ip/axis_switch_layer_frame/synth/axis_switch_layer_frame.v:53]
WARNING: [Synth 8-7129] Port ACLK in module axis_register_slice_v1_1_29_axisc_register_slice is either unconnected or has no load
WARNING: [Synth 8-7129] Port ACLK2X in module axis_register_slice_v1_1_29_axisc_register_slice is either unconnected or has no load
WARNING: [Synth 8-7129] Port ARESET in module axis_register_slice_v1_1_29_axisc_register_slice is either unconnected or has no load
WARNING: [Synth 8-7129] Port ACLKEN in module axis_register_slice_v1_1_29_axisc_register_slice is either unconnected or has no load
WARNING: [Synth 8-7129] Port mi_enable in module axis_switch_v1_1_29_axisc_transfer_mux is either unconnected or has no load
WARNING: [Synth 8-7129] Port mi_mux[3] in module axis_switch_v1_1_29_axisc_transfer_mux is either unconnected or has no load
WARNING: [Synth 8-7129] Port mi_mux[2] in module axis_switch_v1_1_29_axisc_transfer_mux is either unconnected or has no load
WARNING: [Synth 8-7129] Port mi_mux[1] in module axis_switch_v1_1_29_axisc_transfer_mux is either unconnected or has no load
WARNING: [Synth 8-7129] Port mi_mux[0] in module axis_switch_v1_1_29_axisc_transfer_mux is either unconnected or has no load
WARNING: [Synth 8-7129] Port ACLK in module axis_register_slice_v1_1_29_axisc_register_slice__parameterized0 is either unconnected or has no load
WARNING: [Synth 8-7129] Port ACLK2X in module axis_register_slice_v1_1_29_axisc_register_slice__parameterized0 is either unconnected or has no load
WARNING: [Synth 8-7129] Port ARESET in module axis_register_slice_v1_1_29_axisc_register_slice__parameterized0 is either unconnected or has no load
WARNING: [Synth 8-7129] Port ACLKEN in module axis_register_slice_v1_1_29_axisc_register_slice__parameterized0 is either unconnected or has no load
WARNING: [Synth 8-7129] Port si_mux[3] in module axis_switch_v1_1_29_axisc_decoder is either unconnected or has no load
WARNING: [Synth 8-7129] Port si_mux[2] in module axis_switch_v1_1_29_axisc_decoder is either unconnected or has no load
WARNING: [Synth 8-7129] Port si_mux[1] in module axis_switch_v1_1_29_axisc_decoder is either unconnected or has no load
WARNING: [Synth 8-7129] Port si_mux[0] in module axis_switch_v1_1_29_axisc_decoder is either unconnected or has no load
WARNING: [Synth 8-7129] Port si_enable[0] in module axis_switch_v1_1_29_axisc_decoder is either unconnected or has no load
WARNING: [Synth 8-7129] Port TSTRB[0] in module axis_infrastructure_v1_1_1_util_axis2vector is either unconnected or has no load
WARNING: [Synth 8-7129] Port TKEEP[0] in module axis_infrastructure_v1_1_1_util_axis2vector is either unconnected or has no load
WARNING: [Synth 8-7129] Port TID[0] in module axis_infrastructure_v1_1_1_util_axis2vector is either unconnected or has no load
WARNING: [Synth 8-7129] Port TUSER[0] in module axis_infrastructure_v1_1_1_util_axis2vector is either unconnected or has no load
WARNING: [Synth 8-7129] Port arb_gnt[2] in module axis_switch_v1_1_29_axis_switch is either unconnected or has no load
WARNING: [Synth 8-7129] Port arb_gnt[1] in module axis_switch_v1_1_29_axis_switch is either unconnected or has no load
WARNING: [Synth 8-7129] Port arb_gnt[0] in module axis_switch_v1_1_29_axis_switch is either unconnected or has no load
WARNING: [Synth 8-7129] Port arb_sel[1] in module axis_switch_v1_1_29_axis_switch is either unconnected or has no load
WARNING: [Synth 8-7129] Port arb_sel[0] in module axis_switch_v1_1_29_axis_switch is either unconnected or has no load
WARNING: [Synth 8-7129] Port s_axi_ctrl_aclk in module axis_switch_v1_1_29_axis_switch is either unconnected or has no load
WARNING: [Synth 8-7129] Port s_axi_ctrl_aresetn in module axis_switch_v1_1_29_axis_switch is either unconnected or has no load
WARNING: [Synth 8-7129] Port s_axi_ctrl_awvalid in module axis_switch_v1_1_29_axis_switch is either unconnected or has no load
WARNING: [Synth 8-7129] Port s_axi_ctrl_awaddr[6] in module axis_switch_v1_1_29_axis_switch is either unconnected or has no load
WARNING: [Synth 8-7129] Port s_axi_ctrl_awaddr[5] in module axis_switch_v1_1_29_axis_switch is either unconnected or has no load
WARNING: [Synth 8-7129] Port s_axi_ctrl_awaddr[4] in module axis_switch_v1_1_29_axis_switch is either unconnected or has no load
WARNING: [Synth 8-7129] Port s_axi_ctrl_awaddr[3] in module axis_switch_v1_1_29_axis_switch is either unconnected or has no load
WARNING: [Synth 8-7129] Port s_axi_ctrl_awaddr[2] in module axis_switch_v1_1_29_axis_switch is either unconnected or has no load
WARNING: [Synth 8-7129] Port s_axi_ctrl_awaddr[1] in module axis_switch_v1_1_29_axis_switch is either unconnected or has no load
WARNING: [Synth 8-7129] Port s_axi_ctrl_awaddr[0] in module axis_switch_v1_1_29_axis_switch is either unconnected or has no load
WARNING: [Synth 8-7129] Port s_axi_ctrl_wvalid in module axis_switch_v1_1_29_axis_switch is either unconnected or has no load
WARNING: [Synth 8-7129] Port s_axi_ctrl_wdata[31] in module axis_switch_v1_1_29_axis_switch is either unconnected or has no load
WARNING: [Synth 8-7129] Port s_axi_ctrl_wdata[30] in module axis_switch_v1_1_29_axis_switch is either unconnected or has no load
WARNING: [Synth 8-7129] Port s_axi_ctrl_wdata[29] in module axis_switch_v1_1_29_axis_switch is either unconnected or has no load
WARNING: [Synth 8-7129] Port s_axi_ctrl_wdata[28] in module axis_switch_v1_1_29_axis_switch is either unconnected or has no load
WARNING: [Synth 8-7129] Port s_axi_ctrl_wdata[27] in module axis_switch_v1_1_29_axis_switch is either unconnected or has no load
WARNING: [Synth 8-7129] Port s_axi_ctrl_wdata[26] in module axis_switch_v1_1_29_axis_switch is either unconnected or has no load
WARNING: [Synth 8-7129] Port s_axi_ctrl_wdata[25] in module axis_switch_v1_1_29_axis_switch is either unconnected or has no load
WARNING: [Synth 8-7129] Port s_axi_ctrl_wdata[24] in module axis_switch_v1_1_29_axis_switch is either unconnected or has no load
WARNING: [Synth 8-7129] Port s_axi_ctrl_wdata[23] in module axis_switch_v1_1_29_axis_switch is either unconnected or has no load
WARNING: [Synth 8-7129] Port s_axi_ctrl_wdata[22] in module axis_switch_v1_1_29_axis_switch is either unconnected or has no load
WARNING: [Synth 8-7129] Port s_axi_ctrl_wdata[21] in module axis_switch_v1_1_29_axis_switch is either unconnected or has no load
WARNING: [Synth 8-7129] Port s_axi_ctrl_wdata[20] in module axis_switch_v1_1_29_axis_switch is either unconnected or has no load
WARNING: [Synth 8-7129] Port s_axi_ctrl_wdata[19] in module axis_switch_v1_1_29_axis_switch is either unconnected or has no load
WARNING: [Synth 8-7129] Port s_axi_ctrl_wdata[18] in module axis_switch_v1_1_29_axis_switch is either unconnected or has no load
WARNING: [Synth 8-7129] Port s_axi_ctrl_wdata[17] in module axis_switch_v1_1_29_axis_switch is either unconnected or has no load
WARNING: [Synth 8-7129] Port s_axi_ctrl_wdata[16] in module axis_switch_v1_1_29_axis_switch is either unconnected or has no load
WARNING: [Synth 8-7129] Port s_axi_ctrl_wdata[15] in module axis_switch_v1_1_29_axis_switch is either unconnected or has no load
WARNING: [Synth 8-7129] Port s_axi_ctrl_wdata[14] in module axis_switch_v1_1_29_axis_switch is either unconnected or has no load
WARNING: [Synth 8-7129] Port s_axi_ctrl_wdata[13] in module axis_switch_v1_1_29_axis_switch is either unconnected or has no load
WARNING: [Synth 8-7129] Port s_axi_ctrl_wdata[12] in module axis_switch_v1_1_29_axis_switch is either unconnected or has no load
WARNING: [Synth 8-7129] Port s_axi_ctrl_wdata[11] in module axis_switch_v1_1_29_axis_switch is either unconnected or has no load
WARNING: [Synth 8-7129] Port s_axi_ctrl_wdata[10] in module axis_switch_v1_1_29_axis_switch is either unconnected or has no load
WARNING: [Synth 8-7129] Port s_axi_ctrl_wdata[9] in module axis_switch_v1_1_29_axis_switch is either unconnected or has no load
WARNING: [Synth 8-7129] Port s_axi_ctrl_wdata[8] in module axis_switch_v1_1_29_axis_switch is either unconnected or has no load
WARNING: [Synth 8-7129] Port s_axi_ctrl_wdata[7] in module axis_switch_v1_1_29_axis_switch is either unconnected or has no load
WARNING: [Synth 8-7129] Port s_axi_ctrl_wdata[6] in module axis_switch_v1_1_29_axis_switch is either unconnected or has no load
WARNING: [Synth 8-7129] Port s_axi_ctrl_wdata[5] in module axis_switch_v1_1_29_axis_switch is either unconnected or has no load
WARNING: [Synth 8-7129] Port s_axi_ctrl_wdata[4] in module axis_switch_v1_1_29_axis_switch is either unconnected or has no load
WARNING: [Synth 8-7129] Port s_axi_ctrl_wdata[3] in module axis_switch_v1_1_29_axis_switch is either unconnected or has no load
WARNING: [Synth 8-7129] Port s_axi_ctrl_wdata[2] in module axis_switch_v1_1_29_axis_switch is either unconnected or has no load
WARNING: [Synth 8-7129] Port s_axi_ctrl_wdata[1] in module axis_switch_v1_1_29_axis_switch is either unconnected or has no load
WARNING: [Synth 8-7129] Port s_axi_ctrl_wdata[0] in module axis_switch_v1_1_29_axis_switch is either unconnected or has no load
WARNING: [Synth 8-7129] Port s_axi_ctrl_bready in module axis_switch_v1_1_29_axis_switch is either unconnected or has no load
WARNING: [Synth 8-7129] Port s_axi_ctrl_arvalid in module axis_switch_v1_1_29_axis_switch is either unconnected or has no load
WARNING: [Synth 8-7129] Port s_axi_ctrl_araddr[6] in module axis_switch_v1_1_29_axis_switch is either unconnected or has no load
WARNING: [Synth 8-7129] Port s_axi_ctrl_araddr[5] in module axis_switch_v1_1_29_axis_switch is either unconnected or has no load
WARNING: [Synth 8-7129] Port s_axi_ctrl_araddr[4] in module axis_switch_v1_1_29_axis_switch is either unconnected or has no load
WARNING: [Synth 8-7129] Port s_axi_ctrl_araddr[3] in module axis_switch_v1_1_29_axis_switch is either unconnected or has no load
WARNING: [Synth 8-7129] Port s_axi_ctrl_araddr[2] in module axis_switch_v1_1_29_axis_switch is either unconnected or has no load
WARNING: [Synth 8-7129] Port s_axi_ctrl_araddr[1] in module axis_switch_v1_1_29_axis_switch is either unconnected or has no load
WARNING: [Synth 8-7129] Port s_axi_ctrl_araddr[0] in module axis_switch_v1_1_29_axis_switch is either unconnected or has no load
WARNING: [Synth 8-7129] Port s_axi_ctrl_rready in module axis_switch_v1_1_29_axis_switch is either unconnected or has no load
---------------------------------------------------------------------------------
Finished RTL Elaboration : Time (s): cpu = 00:00:06 ; elapsed = 00:00:07 . Memory (MB): peak = 2385.094 ; gain = 504.559 ; free physical = 192 ; free virtual = 50154
---------------------------------------------------------------------------------
---------------------------------------------------------------------------------
Start Handling Custom Attributes
---------------------------------------------------------------------------------
---------------------------------------------------------------------------------
Finished Handling Custom Attributes : Time (s): cpu = 00:00:07 ; elapsed = 00:00:07 . Memory (MB): peak = 2399.938 ; gain = 519.402 ; free physical = 175 ; free virtual = 50137
---------------------------------------------------------------------------------
---------------------------------------------------------------------------------
Finished RTL Optimization Phase 1 : Time (s): cpu = 00:00:07 ; elapsed = 00:00:07 . Memory (MB): peak = 2399.938 ; gain = 519.402 ; free physical = 175 ; free virtual = 50137
---------------------------------------------------------------------------------
Netlist sorting complete. Time (s): cpu = 00:00:00 ; elapsed = 00:00:00 . Memory (MB): peak = 2399.938 ; gain = 0.000 ; free physical = 175 ; free virtual = 50137
INFO: [Project 1-570] Preparing netlist for logic optimization

Processing XDC Constraints
Initializing timing engine
Parsing XDC File [/home/daq/AstroPix/260225_dev_richard/astep-fw/fw/astep24-3l/target-multiboard/vivado-run/astropix-cmodr2_3_CONFIG_SE.gen/sources_1/ip/axis_switch_layer_frame/axis_switch_layer_frame_ooc.xdc] for cell 'inst'
Finished Parsing XDC File [/home/daq/AstroPix/260225_dev_richard/astep-fw/fw/astep24-3l/target-multiboard/vivado-run/astropix-cmodr2_3_CONFIG_SE.gen/sources_1/ip/axis_switch_layer_frame/axis_switch_layer_frame_ooc.xdc] for cell 'inst'
Completed Processing XDC Constraints

Netlist sorting complete. Time (s): cpu = 00:00:00 ; elapsed = 00:00:00 . Memory (MB): peak = 2525.688 ; gain = 0.000 ; free physical = 151 ; free virtual = 50126
INFO: [Project 1-111] Unisim Transformation Summary:
No Unisim elements were transformed.

Constraint Validation Runtime : Time (s): cpu = 00:00:00.02 ; elapsed = 00:00:00.01 . Memory (MB): peak = 2525.723 ; gain = 0.000 ; free physical = 151 ; free virtual = 50125
---------------------------------------------------------------------------------
Finished Constraint Validation : Time (s): cpu = 00:00:12 ; elapsed = 00:00:13 . Memory (MB): peak = 2525.723 ; gain = 645.188 ; free physical = 225 ; free virtual = 50088
---------------------------------------------------------------------------------
---------------------------------------------------------------------------------
Start Loading Part and Timing Information
---------------------------------------------------------------------------------
Loading part: xc7a35tcpg236-1
---------------------------------------------------------------------------------
Finished Loading Part and Timing Information : Time (s): cpu = 00:00:12 ; elapsed = 00:00:13 . Memory (MB): peak = 2525.723 ; gain = 645.188 ; free physical = 225 ; free virtual = 50089
---------------------------------------------------------------------------------
---------------------------------------------------------------------------------
Start Applying 'set_property' XDC Constraints
---------------------------------------------------------------------------------
Applied set_property KEEP_HIERARCHY = SOFT for inst. (constraint file  auto generated constraint).
---------------------------------------------------------------------------------
Finished applying 'set_property' XDC Constraints : Time (s): cpu = 00:00:12 ; elapsed = 00:00:13 . Memory (MB): peak = 2525.723 ; gain = 645.188 ; free physical = 225 ; free virtual = 50089
---------------------------------------------------------------------------------
---------------------------------------------------------------------------------
Finished RTL Optimization Phase 2 : Time (s): cpu = 00:00:13 ; elapsed = 00:00:13 . Memory (MB): peak = 2525.723 ; gain = 645.188 ; free physical = 222 ; free virtual = 50087
---------------------------------------------------------------------------------
---------------------------------------------------------------------------------
Start RTL Component Statistics 
---------------------------------------------------------------------------------
Detailed RTL Component Info : 
+---Adders : 
	   2 Input    2 Bit       Adders := 1     
+---Registers : 
	                6 Bit    Registers := 1     
	                3 Bit    Registers := 2     
	                2 Bit    Registers := 2     
	                1 Bit    Registers := 9     
+---Muxes : 
	   2 Input    3 Bit        Muxes := 2     
	   2 Input    2 Bit        Muxes := 4     
	   2 Input    1 Bit        Muxes := 8     
---------------------------------------------------------------------------------
Finished RTL Component Statistics 
---------------------------------------------------------------------------------
---------------------------------------------------------------------------------
Start Part Resource Summary
---------------------------------------------------------------------------------
Part Resources:
DSPs: 90 (col length:60)
BRAMs: 100 (col length: RAMB18 60 RAMB36 30)
---------------------------------------------------------------------------------
Finished Part Resource Summary
---------------------------------------------------------------------------------
---------------------------------------------------------------------------------
Start Cross Boundary and Area Optimization
---------------------------------------------------------------------------------
WARNING: [Synth 8-7080] Parallel synthesis criteria is not met
WARNING: [Synth 8-7129] Port s_axis_tstrb[2] in module axis_switch_v1_1_29_axis_switch is either unconnected or has no load
WARNING: [Synth 8-7129] Port s_axis_tstrb[1] in module axis_switch_v1_1_29_axis_switch is either unconnected or has no load
WARNING: [Synth 8-7129] Port s_axis_tstrb[0] in module axis_switch_v1_1_29_axis_switch is either unconnected or has no load
WARNING: [Synth 8-7129] Port s_axis_tkeep[2] in module axis_switch_v1_1_29_axis_switch is either unconnected or has no load
WARNING: [Synth 8-7129] Port s_axis_tkeep[1] in module axis_switch_v1_1_29_axis_switch is either unconnected or has no load
WARNING: [Synth 8-7129] Port s_axis_tkeep[0] in module axis_switch_v1_1_29_axis_switch is either unconnected or has no load
WARNING: [Synth 8-7129] Port s_axis_tid[2] in module axis_switch_v1_1_29_axis_switch is either unconnected or has no load
WARNING: [Synth 8-7129] Port s_axis_tid[1] in module axis_switch_v1_1_29_axis_switch is either unconnected or has no load
WARNING: [Synth 8-7129] Port s_axis_tid[0] in module axis_switch_v1_1_29_axis_switch is either unconnected or has no load
WARNING: [Synth 8-7129] Port s_axis_tuser[2] in module axis_switch_v1_1_29_axis_switch is either unconnected or has no load
WARNING: [Synth 8-7129] Port s_axis_tuser[1] in module axis_switch_v1_1_29_axis_switch is either unconnected or has no load
WARNING: [Synth 8-7129] Port s_axis_tuser[0] in module axis_switch_v1_1_29_axis_switch is either unconnected or has no load
WARNING: [Synth 8-7129] Port arb_gnt[2] in module axis_switch_v1_1_29_axis_switch is either unconnected or has no load
WARNING: [Synth 8-7129] Port arb_gnt[1] in module axis_switch_v1_1_29_axis_switch is either unconnected or has no load
WARNING: [Synth 8-7129] Port arb_gnt[0] in module axis_switch_v1_1_29_axis_switch is either unconnected or has no load
WARNING: [Synth 8-7129] Port arb_sel[1] in module axis_switch_v1_1_29_axis_switch is either unconnected or has no load
WARNING: [Synth 8-7129] Port arb_sel[0] in module axis_switch_v1_1_29_axis_switch is either unconnected or has no load
WARNING: [Synth 8-7129] Port s_axi_ctrl_aclk in module axis_switch_v1_1_29_axis_switch is either unconnected or has no load
WARNING: [Synth 8-7129] Port s_axi_ctrl_aresetn in module axis_switch_v1_1_29_axis_switch is either unconnected or has no load
WARNING: [Synth 8-7129] Port s_axi_ctrl_awvalid in module axis_switch_v1_1_29_axis_switch is either unconnected or has no load
INFO: [Common 17-14] Message 'Synth 8-7129' appears 100 times and further instances of the messages will be disabled. Use the Tcl command set_msg_config to change the current settings.
---------------------------------------------------------------------------------
Finished Cross Boundary and Area Optimization : Time (s): cpu = 00:00:14 ; elapsed = 00:00:14 . Memory (MB): peak = 2525.723 ; gain = 645.188 ; free physical = 215 ; free virtual = 50081
---------------------------------------------------------------------------------
---------------------------------------------------------------------------------
Start Applying XDC Timing Constraints
---------------------------------------------------------------------------------
---------------------------------------------------------------------------------
Finished Applying XDC Timing Constraints : Time (s): cpu = 00:00:18 ; elapsed = 00:00:19 . Memory (MB): peak = 2525.723 ; gain = 645.188 ; free physical = 202 ; free virtual = 50076
---------------------------------------------------------------------------------
---------------------------------------------------------------------------------
Start Timing Optimization
---------------------------------------------------------------------------------
---------------------------------------------------------------------------------
Finished Timing Optimization : Time (s): cpu = 00:00:19 ; elapsed = 00:00:19 . Memory (MB): peak = 2525.723 ; gain = 645.188 ; free physical = 202 ; free virtual = 50076
---------------------------------------------------------------------------------
---------------------------------------------------------------------------------
Start Technology Mapping
---------------------------------------------------------------------------------
---------------------------------------------------------------------------------
Finished Technology Mapping : Time (s): cpu = 00:00:19 ; elapsed = 00:00:19 . Memory (MB): peak = 2525.723 ; gain = 645.188 ; free physical = 205 ; free virtual = 50078
---------------------------------------------------------------------------------
---------------------------------------------------------------------------------
Start IO Insertion
---------------------------------------------------------------------------------
---------------------------------------------------------------------------------
Start Flattening Before IO Insertion
---------------------------------------------------------------------------------
---------------------------------------------------------------------------------
Finished Flattening Before IO Insertion
---------------------------------------------------------------------------------
---------------------------------------------------------------------------------
Start Final Netlist Cleanup
---------------------------------------------------------------------------------
---------------------------------------------------------------------------------
Finished Final Netlist Cleanup
---------------------------------------------------------------------------------
---------------------------------------------------------------------------------
Finished IO Insertion : Time (s): cpu = 00:00:23 ; elapsed = 00:00:23 . Memory (MB): peak = 2525.723 ; gain = 645.188 ; free physical = 200 ; free virtual = 50074
---------------------------------------------------------------------------------
---------------------------------------------------------------------------------
Start Renaming Generated Instances
---------------------------------------------------------------------------------
---------------------------------------------------------------------------------
Finished Renaming Generated Instances : Time (s): cpu = 00:00:23 ; elapsed = 00:00:23 . Memory (MB): peak = 2525.723 ; gain = 645.188 ; free physical = 200 ; free virtual = 50074
---------------------------------------------------------------------------------
---------------------------------------------------------------------------------
Start Rebuilding User Hierarchy
---------------------------------------------------------------------------------
---------------------------------------------------------------------------------
Finished Rebuilding User Hierarchy : Time (s): cpu = 00:00:23 ; elapsed = 00:00:23 . Memory (MB): peak = 2525.723 ; gain = 645.188 ; free physical = 200 ; free virtual = 50074
---------------------------------------------------------------------------------
---------------------------------------------------------------------------------
Start Renaming Generated Ports
---------------------------------------------------------------------------------
---------------------------------------------------------------------------------
Finished Renaming Generated Ports : Time (s): cpu = 00:00:23 ; elapsed = 00:00:23 . Memory (MB): peak = 2525.723 ; gain = 645.188 ; free physical = 200 ; free virtual = 50074
---------------------------------------------------------------------------------
---------------------------------------------------------------------------------
Start Handling Custom Attributes
---------------------------------------------------------------------------------
---------------------------------------------------------------------------------
Finished Handling Custom Attributes : Time (s): cpu = 00:00:23 ; elapsed = 00:00:23 . Memory (MB): peak = 2525.723 ; gain = 645.188 ; free physical = 200 ; free virtual = 50074
---------------------------------------------------------------------------------
---------------------------------------------------------------------------------
Start Renaming Generated Nets
---------------------------------------------------------------------------------
---------------------------------------------------------------------------------
Finished Renaming Generated Nets : Time (s): cpu = 00:00:23 ; elapsed = 00:00:23 . Memory (MB): peak = 2525.723 ; gain = 645.188 ; free physical = 200 ; free virtual = 50074
---------------------------------------------------------------------------------
---------------------------------------------------------------------------------
Start Writing Synthesis Report
---------------------------------------------------------------------------------

Report BlackBoxes: 
+-+--------------+----------+
| |BlackBox name |Instances |
+-+--------------+----------+
+-+--------------+----------+

Report Cell Usage: 
+------+-----+------+
|      |Cell |Count |
+------+-----+------+
|1     |LUT1 |     1|
|2     |LUT2 |     6|
|3     |LUT3 |     9|
|4     |LUT4 |     7|
|5     |LUT5 |    26|
|6     |LUT6 |    14|
|7     |FDRE |    22|
|8     |FDSE |     2|
+------+-----+------+
---------------------------------------------------------------------------------
Finished Writing Synthesis Report : Time (s): cpu = 00:00:23 ; elapsed = 00:00:23 . Memory (MB): peak = 2525.723 ; gain = 645.188 ; free physical = 200 ; free virtual = 50074
---------------------------------------------------------------------------------
Synthesis finished with 0 errors, 0 critical warnings and 71 warnings.
Synthesis Optimization Runtime : Time (s): cpu = 00:00:22 ; elapsed = 00:00:22 . Memory (MB): peak = 2525.723 ; gain = 519.402 ; free physical = 200 ; free virtual = 50074
Synthesis Optimization Complete : Time (s): cpu = 00:00:23 ; elapsed = 00:00:23 . Memory (MB): peak = 2525.723 ; gain = 645.188 ; free physical = 200 ; free virtual = 50074
INFO: [Project 1-571] Translating synthesized netlist
Netlist sorting complete. Time (s): cpu = 00:00:00.01 ; elapsed = 00:00:00.01 . Memory (MB): peak = 2525.723 ; gain = 0.000 ; free physical = 201 ; free virtual = 50074
INFO: [Project 1-570] Preparing netlist for logic optimization
Parsing XDC File [/home/daq/AstroPix/260225_dev_richard/astep-fw/fw/astep24-3l/target-multiboard/vivado-run/astropix-cmodr2_3_CONFIG_SE.gen/sources_1/ip/axis_switch_layer_frame/axis_switch_layer_frame_ooc.xdc] for cell 'inst'
Finished Parsing XDC File [/home/daq/AstroPix/260225_dev_richard/astep-fw/fw/astep24-3l/target-multiboard/vivado-run/astropix-cmodr2_3_CONFIG_SE.gen/sources_1/ip/axis_switch_layer_frame/axis_switch_layer_frame_ooc.xdc] for cell 'inst'
INFO: [Opt 31-138] Pushed 0 inverter(s) to 0 load pin(s).
Netlist sorting complete. Time (s): cpu = 00:00:00 ; elapsed = 00:00:00 . Memory (MB): peak = 2525.723 ; gain = 0.000 ; free physical = 450 ; free virtual = 50324
INFO: [Project 1-111] Unisim Transformation Summary:
No Unisim elements were transformed.

Synth Design complete | Checksum: a6361173
INFO: [Common 17-83] Releasing license: Synthesis
45 Infos, 102 Warnings, 0 Critical Warnings and 0 Errors encountered.
synth_design completed successfully
synth_design: Time (s): cpu = 00:00:27 ; elapsed = 00:00:24 . Memory (MB): peak = 2525.723 ; gain = 670.969 ; free physical = 450 ; free virtual = 50324
INFO: [Common 17-2834] synth_design peak Physical Memory [PSS] (MB): overall = 2057.218; main = 1727.928; forked = 380.544
INFO: [Common 17-2834] synth_design peak Virtual Memory [VSS] (MB): overall = 3482.883; main = 2525.691; forked = 989.207
INFO: [Coretcl 2-1174] Renamed 8 cell refs.
INFO: [Timing 38-480] Writing timing data to binary archive.
Write ShapeDB Complete: Time (s): cpu = 00:00:00 ; elapsed = 00:00:00 . Memory (MB): peak = 2557.703 ; gain = 0.000 ; free physical = 449 ; free virtual = 50323
INFO: [Common 17-1381] The checkpoint '/home/daq/AstroPix/260225_dev_richard/astep-fw/fw/astep24-3l/target-multiboard/vivado-run/astropix-cmodr2_3_CONFIG_SE.gen/sources_1/ip/axis_switch_layer_frame/axis_switch_layer_frame.dcp' has been generated.
CRITICAL WARNING: [Vivado 12-5447] synth_ip is not supported in project mode, please use non-project mode.
INFO: [IP_Flow 19-1686] Generating 'Synthesis' target for IP 'axis_switch_swifs'...
WARNING: [IP_Flow 19-4994] Overwriting existing constraint file '/home/daq/AstroPix/260225_dev_richard/astep-fw/fw/astep24-3l/target-multiboard/vivado-run/astropix-cmodr2_3_CONFIG_SE.gen/sources_1/ip/axis_switch_swifs/axis_switch_swifs_ooc.xdc'
INFO: [IP_Flow 19-1686] Generating 'Simulation' target for IP 'axis_switch_swifs'...
WARNING: [IP_Flow 19-5378] Port width mismatch for bus parameter 'S00_AXIS.TDATA_NUM_BYTES'. Logical port width '1' and physical port width '4' do not match.
WARNING: [IP_Flow 19-5378] Port width mismatch for bus parameter 'S00_AXIS.TUSER_WIDTH'. Logical port width '1' and physical port width '4' do not match.
WARNING: [IP_Flow 19-5378] Port width mismatch for bus parameter 'S00_AXIS.TID_WIDTH'. Logical port width '8' and physical port width '32' do not match.
WARNING: [IP_Flow 19-5378] Port width mismatch for bus parameter 'S00_AXIS.TDEST_WIDTH'. Logical port width '8' and physical port width '32' do not match.
INFO: [IP_Flow 19-5611] Unable to find an associated reset port for the interface 'S00_AXIS'. A default connection has been created.
WARNING: [IP_Flow 19-5378] Port width mismatch for bus parameter 'M00_AXIS.TDATA_NUM_BYTES'. Logical port width '1' and physical port width '4' do not match.
WARNING: [IP_Flow 19-5378] Port width mismatch for bus parameter 'M00_AXIS.TUSER_WIDTH'. Logical port width '1' and physical port width '4' do not match.
WARNING: [IP_Flow 19-5378] Port width mismatch for bus parameter 'M00_AXIS.TID_WIDTH'. Logical port width '8' and physical port width '32' do not match.
WARNING: [IP_Flow 19-5378] Port width mismatch for bus parameter 'M00_AXIS.TDEST_WIDTH'. Logical port width '8' and physical port width '32' do not match.
INFO: [IP_Flow 19-5611] Unable to find an associated reset port for the interface 'M00_AXIS'. A default connection has been created.
WARNING: [IP_Flow 19-5378] Port width mismatch for bus parameter 'S01_AXIS.TDATA_NUM_BYTES'. Logical port width '1' and physical port width '4' do not match.
WARNING: [IP_Flow 19-5378] Port width mismatch for bus parameter 'S01_AXIS.TUSER_WIDTH'. Logical port width '1' and physical port width '4' do not match.
WARNING: [IP_Flow 19-5378] Port width mismatch for bus parameter 'S01_AXIS.TID_WIDTH'. Logical port width '8' and physical port width '32' do not match.
WARNING: [IP_Flow 19-5378] Port width mismatch for bus parameter 'S01_AXIS.TDEST_WIDTH'. Logical port width '8' and physical port width '32' do not match.
INFO: [IP_Flow 19-5611] Unable to find an associated reset port for the interface 'S01_AXIS'. A default connection has been created.
WARNING: [IP_Flow 19-5378] Port width mismatch for bus parameter 'M01_AXIS.TDATA_NUM_BYTES'. Logical port width '1' and physical port width '4' do not match.
WARNING: [IP_Flow 19-5378] Port width mismatch for bus parameter 'M01_AXIS.TUSER_WIDTH'. Logical port width '1' and physical port width '4' do not match.
WARNING: [IP_Flow 19-5378] Port width mismatch for bus parameter 'M01_AXIS.TID_WIDTH'. Logical port width '8' and physical port width '32' do not match.
WARNING: [IP_Flow 19-5378] Port width mismatch for bus parameter 'M01_AXIS.TDEST_WIDTH'. Logical port width '8' and physical port width '32' do not match.
INFO: [IP_Flow 19-5611] Unable to find an associated reset port for the interface 'M01_AXIS'. A default connection has been created.
WARNING: [IP_Flow 19-5378] Port width mismatch for bus parameter 'S02_AXIS.TDATA_NUM_BYTES'. Logical port width '1' and physical port width '4' do not match.
WARNING: [IP_Flow 19-5378] Port width mismatch for bus parameter 'S02_AXIS.TUSER_WIDTH'. Logical port width '1' and physical port width '4' do not match.
WARNING: [IP_Flow 19-5378] Port width mismatch for bus parameter 'S02_AXIS.TID_WIDTH'. Logical port width '8' and physical port width '32' do not match.
WARNING: [IP_Flow 19-5378] Port width mismatch for bus parameter 'S02_AXIS.TDEST_WIDTH'. Logical port width '8' and physical port width '32' do not match.
INFO: [IP_Flow 19-5611] Unable to find an associated reset port for the interface 'S02_AXIS'. A default connection has been created.
WARNING: [IP_Flow 19-5378] Port width mismatch for bus parameter 'M02_AXIS.TDATA_NUM_BYTES'. Logical port width '1' and physical port width '4' do not match.
WARNING: [IP_Flow 19-5378] Port width mismatch for bus parameter 'M02_AXIS.TUSER_WIDTH'. Logical port width '1' and physical port width '4' do not match.
WARNING: [IP_Flow 19-5378] Port width mismatch for bus parameter 'M02_AXIS.TID_WIDTH'. Logical port width '8' and physical port width '32' do not match.
WARNING: [IP_Flow 19-5378] Port width mismatch for bus parameter 'M02_AXIS.TDEST_WIDTH'. Logical port width '8' and physical port width '32' do not match.
INFO: [IP_Flow 19-5611] Unable to find an associated reset port for the interface 'M02_AXIS'. A default connection has been created.
WARNING: [IP_Flow 19-5378] Port width mismatch for bus parameter 'S03_AXIS.TDATA_NUM_BYTES'. Logical port width '1' and physical port width '4' do not match.
WARNING: [IP_Flow 19-5378] Port width mismatch for bus parameter 'S03_AXIS.TUSER_WIDTH'. Logical port width '1' and physical port width '4' do not match.
WARNING: [IP_Flow 19-5378] Port width mismatch for bus parameter 'S03_AXIS.TID_WIDTH'. Logical port width '8' and physical port width '32' do not match.
WARNING: [IP_Flow 19-5378] Port width mismatch for bus parameter 'S03_AXIS.TDEST_WIDTH'. Logical port width '8' and physical port width '32' do not match.
INFO: [IP_Flow 19-5611] Unable to find an associated reset port for the interface 'S03_AXIS'. A default connection has been created.
WARNING: [IP_Flow 19-5378] Port width mismatch for bus parameter 'M03_AXIS.TDATA_NUM_BYTES'. Logical port width '1' and physical port width '4' do not match.
WARNING: [IP_Flow 19-5378] Port width mismatch for bus parameter 'M03_AXIS.TUSER_WIDTH'. Logical port width '1' and physical port width '4' do not match.
WARNING: [IP_Flow 19-5378] Port width mismatch for bus parameter 'M03_AXIS.TID_WIDTH'. Logical port width '8' and physical port width '32' do not match.
WARNING: [IP_Flow 19-5378] Port width mismatch for bus parameter 'M03_AXIS.TDEST_WIDTH'. Logical port width '8' and physical port width '32' do not match.
INFO: [IP_Flow 19-5611] Unable to find an associated reset port for the interface 'M03_AXIS'. A default connection has been created.
INFO: [IP_Flow 19-1686] Generating 'Change Log' target for IP 'axis_switch_swifs'...
INFO: [IP_Flow 19-234] Refreshing IP repositories
INFO: [IP_Flow 19-1704] No user IP repositories specified
INFO: [IP_Flow 19-2313] Loaded Vivado IP repository '/cache/Vivado/2023.2/data/ip'.
WARNING: [Vivado 12-13650] The IP file '/home/daq/AstroPix/260225_dev_richard/astep-fw/fw/astep24-3l/target-multiboard/vivado-run/astropix-cmodr2_3_CONFIG_SE.srcs/sources_1/ip/axis_switch_swifs/axis_switch_swifs.xci' has been moved from its original location, as a result the outputs for this IP will now be generated in '/home/daq/AstroPix/260225_dev_richard/astep-fw/fw/astep24-3l/target-multiboard/vivado-run/astropix-cmodr2_3_CONFIG_SE.gen/sources_1/ip/axis_switch_swifs'. Alternatively a copy of the IP can be imported into the project using one of the 'import_ip' or 'import_files' commands.
Command: synth_design -top axis_switch_swifs -part xc7a35tcpg236-1 -mode out_of_context
Starting synth_design
Attempting to get a license for feature 'Synthesis' and/or device 'xc7a35t'
INFO: [Common 17-349] Got license for feature 'Synthesis' and/or device 'xc7a35t'
INFO: [Synth 8-7079] Multithreading enabled for synth_design using a maximum of 4 processes.
---------------------------------------------------------------------------------
Starting RTL Elaboration : Time (s): cpu = 00:00:04 ; elapsed = 00:00:04 . Memory (MB): peak = 2557.703 ; gain = 0.000 ; free physical = 190 ; free virtual = 50084
---------------------------------------------------------------------------------
INFO: [Synth 8-6157] synthesizing module 'axis_switch_swifs' [/home/daq/AstroPix/260225_dev_richard/astep-fw/fw/astep24-3l/target-multiboard/vivado-run/astropix-cmodr2_3_CONFIG_SE.gen/sources_1/ip/axis_switch_swifs/synth/axis_switch_swifs.v:53]
INFO: [Synth 8-6157] synthesizing module 'axis_switch_v1_1_29_axis_switch' [/home/daq/AstroPix/260225_dev_richard/astep-fw/fw/astep24-3l/target-multiboard/vivado-run/astropix-cmodr2_3_CONFIG_SE.gen/sources_1/ip/axis_switch_swifs/hdl/axis_switch_v1_1_vl_rfs.v:3078]
INFO: [Synth 8-6157] synthesizing module 'axis_infrastructure_v1_1_1_util_axis2vector' [/home/daq/AstroPix/260225_dev_richard/astep-fw/fw/astep24-3l/target-multiboard/vivado-run/astropix-cmodr2_3_CONFIG_SE.gen/sources_1/ip/axis_switch_swifs/hdl/axis_infrastructure_v1_1_vl_rfs.v:805]
INFO: [Synth 8-6155] done synthesizing module 'axis_infrastructure_v1_1_1_util_axis2vector' (0#1) [/home/daq/AstroPix/260225_dev_richard/astep-fw/fw/astep24-3l/target-multiboard/vivado-run/astropix-cmodr2_3_CONFIG_SE.gen/sources_1/ip/axis_switch_swifs/hdl/axis_infrastructure_v1_1_vl_rfs.v:805]
INFO: [Synth 8-6157] synthesizing module 'axis_switch_v1_1_29_axisc_decoder' [/home/daq/AstroPix/260225_dev_richard/astep-fw/fw/astep24-3l/target-multiboard/vivado-run/astropix-cmodr2_3_CONFIG_SE.gen/sources_1/ip/axis_switch_swifs/hdl/axis_switch_v1_1_vl_rfs.v:475]
INFO: [Synth 8-6157] synthesizing module 'axis_register_slice_v1_1_29_axisc_register_slice' [/home/daq/AstroPix/260225_dev_richard/astep-fw/fw/astep24-3l/target-multiboard/vivado-run/astropix-cmodr2_3_CONFIG_SE.gen/sources_1/ip/axis_switch_swifs/hdl/axis_register_slice_v1_1_vl_rfs.v:1929]
INFO: [Synth 8-6155] done synthesizing module 'axis_register_slice_v1_1_29_axisc_register_slice' (0#1) [/home/daq/AstroPix/260225_dev_richard/astep-fw/fw/astep24-3l/target-multiboard/vivado-run/astropix-cmodr2_3_CONFIG_SE.gen/sources_1/ip/axis_switch_swifs/hdl/axis_register_slice_v1_1_vl_rfs.v:1929]
INFO: [Synth 8-6157] synthesizing module 'axis_register_slice_v1_1_29_axisc_register_slice__parameterized0' [/home/daq/AstroPix/260225_dev_richard/astep-fw/fw/astep24-3l/target-multiboard/vivado-run/astropix-cmodr2_3_CONFIG_SE.gen/sources_1/ip/axis_switch_swifs/hdl/axis_register_slice_v1_1_vl_rfs.v:1929]
INFO: [Synth 8-6155] done synthesizing module 'axis_register_slice_v1_1_29_axisc_register_slice__parameterized0' (0#1) [/home/daq/AstroPix/260225_dev_richard/astep-fw/fw/astep24-3l/target-multiboard/vivado-run/astropix-cmodr2_3_CONFIG_SE.gen/sources_1/ip/axis_switch_swifs/hdl/axis_register_slice_v1_1_vl_rfs.v:1929]
INFO: [Synth 8-6157] synthesizing module 'axis_infrastructure_v1_1_1_util_vector2axis' [/home/daq/AstroPix/260225_dev_richard/astep-fw/fw/astep24-3l/target-multiboard/vivado-run/astropix-cmodr2_3_CONFIG_SE.gen/sources_1/ip/axis_switch_swifs/hdl/axis_infrastructure_v1_1_vl_rfs.v:986]
INFO: [Synth 8-6155] done synthesizing module 'axis_infrastructure_v1_1_1_util_vector2axis' (0#1) [/home/daq/AstroPix/260225_dev_richard/astep-fw/fw/astep24-3l/target-multiboard/vivado-run/astropix-cmodr2_3_CONFIG_SE.gen/sources_1/ip/axis_switch_swifs/hdl/axis_infrastructure_v1_1_vl_rfs.v:986]
INFO: [Synth 8-6155] done synthesizing module 'axis_switch_v1_1_29_axisc_decoder' (0#1) [/home/daq/AstroPix/260225_dev_richard/astep-fw/fw/astep24-3l/target-multiboard/vivado-run/astropix-cmodr2_3_CONFIG_SE.gen/sources_1/ip/axis_switch_swifs/hdl/axis_switch_v1_1_vl_rfs.v:475]
INFO: [Synth 8-6157] synthesizing module 'axis_switch_v1_1_29_axisc_decoder__parameterized0' [/home/daq/AstroPix/260225_dev_richard/astep-fw/fw/astep24-3l/target-multiboard/vivado-run/astropix-cmodr2_3_CONFIG_SE.gen/sources_1/ip/axis_switch_swifs/hdl/axis_switch_v1_1_vl_rfs.v:475]
INFO: [Synth 8-6155] done synthesizing module 'axis_switch_v1_1_29_axisc_decoder__parameterized0' (0#1) [/home/daq/AstroPix/260225_dev_richard/astep-fw/fw/astep24-3l/target-multiboard/vivado-run/astropix-cmodr2_3_CONFIG_SE.gen/sources_1/ip/axis_switch_swifs/hdl/axis_switch_v1_1_vl_rfs.v:475]
INFO: [Synth 8-6157] synthesizing module 'axis_switch_v1_1_29_axisc_decoder__parameterized1' [/home/daq/AstroPix/260225_dev_richard/astep-fw/fw/astep24-3l/target-multiboard/vivado-run/astropix-cmodr2_3_CONFIG_SE.gen/sources_1/ip/axis_switch_swifs/hdl/axis_switch_v1_1_vl_rfs.v:475]
INFO: [Synth 8-6155] done synthesizing module 'axis_switch_v1_1_29_axisc_decoder__parameterized1' (0#1) [/home/daq/AstroPix/260225_dev_richard/astep-fw/fw/astep24-3l/target-multiboard/vivado-run/astropix-cmodr2_3_CONFIG_SE.gen/sources_1/ip/axis_switch_swifs/hdl/axis_switch_v1_1_vl_rfs.v:475]
INFO: [Synth 8-6157] synthesizing module 'axis_switch_v1_1_29_axisc_transfer_mux' [/home/daq/AstroPix/260225_dev_richard/astep-fw/fw/astep24-3l/target-multiboard/vivado-run/astropix-cmodr2_3_CONFIG_SE.gen/sources_1/ip/axis_switch_swifs/hdl/axis_switch_v1_1_vl_rfs.v:814]
INFO: [Synth 8-6157] synthesizing module 'axis_switch_v1_1_29_axisc_arb_responder' [/home/daq/AstroPix/260225_dev_richard/astep-fw/fw/astep24-3l/target-multiboard/vivado-run/astropix-cmodr2_3_CONFIG_SE.gen/sources_1/ip/axis_switch_swifs/hdl/axis_switch_v1_1_vl_rfs.v:1117]
INFO: [Synth 8-6155] done synthesizing module 'axis_switch_v1_1_29_axisc_arb_responder' (0#1) [/home/daq/AstroPix/260225_dev_richard/astep-fw/fw/astep24-3l/target-multiboard/vivado-run/astropix-cmodr2_3_CONFIG_SE.gen/sources_1/ip/axis_switch_swifs/hdl/axis_switch_v1_1_vl_rfs.v:1117]
INFO: [Synth 8-6157] synthesizing module 'axis_infrastructure_v1_1_1_mux_enc' [/home/daq/AstroPix/260225_dev_richard/astep-fw/fw/astep24-3l/target-multiboard/vivado-run/astropix-cmodr2_3_CONFIG_SE.gen/sources_1/ip/axis_switch_swifs/hdl/axis_infrastructure_v1_1_vl_rfs.v:64]
INFO: [Synth 8-6155] done synthesizing module 'axis_infrastructure_v1_1_1_mux_enc' (0#1) [/home/daq/AstroPix/260225_dev_richard/astep-fw/fw/astep24-3l/target-multiboard/vivado-run/astropix-cmodr2_3_CONFIG_SE.gen/sources_1/ip/axis_switch_swifs/hdl/axis_infrastructure_v1_1_vl_rfs.v:64]
INFO: [Synth 8-6157] synthesizing module 'axis_infrastructure_v1_1_1_mux_enc__parameterized0' [/home/daq/AstroPix/260225_dev_richard/astep-fw/fw/astep24-3l/target-multiboard/vivado-run/astropix-cmodr2_3_CONFIG_SE.gen/sources_1/ip/axis_switch_swifs/hdl/axis_infrastructure_v1_1_vl_rfs.v:64]
INFO: [Synth 8-6155] done synthesizing module 'axis_infrastructure_v1_1_1_mux_enc__parameterized0' (0#1) [/home/daq/AstroPix/260225_dev_richard/astep-fw/fw/astep24-3l/target-multiboard/vivado-run/astropix-cmodr2_3_CONFIG_SE.gen/sources_1/ip/axis_switch_swifs/hdl/axis_infrastructure_v1_1_vl_rfs.v:64]
INFO: [Synth 8-6157] synthesizing module 'axis_register_slice_v1_1_29_axisc_register_slice__parameterized1' [/home/daq/AstroPix/260225_dev_richard/astep-fw/fw/astep24-3l/target-multiboard/vivado-run/astropix-cmodr2_3_CONFIG_SE.gen/sources_1/ip/axis_switch_swifs/hdl/axis_register_slice_v1_1_vl_rfs.v:1929]
INFO: [Synth 8-6155] done synthesizing module 'axis_register_slice_v1_1_29_axisc_register_slice__parameterized1' (0#1) [/home/daq/AstroPix/260225_dev_richard/astep-fw/fw/astep24-3l/target-multiboard/vivado-run/astropix-cmodr2_3_CONFIG_SE.gen/sources_1/ip/axis_switch_swifs/hdl/axis_register_slice_v1_1_vl_rfs.v:1929]
INFO: [Synth 8-6155] done synthesizing module 'axis_switch_v1_1_29_axisc_transfer_mux' (0#1) [/home/daq/AstroPix/260225_dev_richard/astep-fw/fw/astep24-3l/target-multiboard/vivado-run/astropix-cmodr2_3_CONFIG_SE.gen/sources_1/ip/axis_switch_swifs/hdl/axis_switch_v1_1_vl_rfs.v:814]
INFO: [Synth 8-6157] synthesizing module 'axis_switch_v1_1_29_axisc_transfer_mux__parameterized0' [/home/daq/AstroPix/260225_dev_richard/astep-fw/fw/astep24-3l/target-multiboard/vivado-run/astropix-cmodr2_3_CONFIG_SE.gen/sources_1/ip/axis_switch_swifs/hdl/axis_switch_v1_1_vl_rfs.v:814]
INFO: [Synth 8-6155] done synthesizing module 'axis_switch_v1_1_29_axisc_transfer_mux__parameterized0' (0#1) [/home/daq/AstroPix/260225_dev_richard/astep-fw/fw/astep24-3l/target-multiboard/vivado-run/astropix-cmodr2_3_CONFIG_SE.gen/sources_1/ip/axis_switch_swifs/hdl/axis_switch_v1_1_vl_rfs.v:814]
INFO: [Synth 8-6157] synthesizing module 'axis_switch_v1_1_29_axisc_transfer_mux__parameterized1' [/home/daq/AstroPix/260225_dev_richard/astep-fw/fw/astep24-3l/target-multiboard/vivado-run/astropix-cmodr2_3_CONFIG_SE.gen/sources_1/ip/axis_switch_swifs/hdl/axis_switch_v1_1_vl_rfs.v:814]
INFO: [Synth 8-6155] done synthesizing module 'axis_switch_v1_1_29_axisc_transfer_mux__parameterized1' (0#1) [/home/daq/AstroPix/260225_dev_richard/astep-fw/fw/astep24-3l/target-multiboard/vivado-run/astropix-cmodr2_3_CONFIG_SE.gen/sources_1/ip/axis_switch_swifs/hdl/axis_switch_v1_1_vl_rfs.v:814]
INFO: [Synth 8-6157] synthesizing module 'axis_switch_v1_1_29_axis_switch_arbiter' [/home/daq/AstroPix/260225_dev_richard/astep-fw/fw/astep24-3l/target-multiboard/vivado-run/astropix-cmodr2_3_CONFIG_SE.gen/sources_1/ip/axis_switch_swifs/hdl/axis_switch_v1_1_vl_rfs.v:1352]
INFO: [Synth 8-6157] synthesizing module 'axis_switch_v1_1_29_arb_rr' [/home/daq/AstroPix/260225_dev_richard/astep-fw/fw/astep24-3l/target-multiboard/vivado-run/astropix-cmodr2_3_CONFIG_SE.gen/sources_1/ip/axis_switch_swifs/hdl/axis_switch_v1_1_vl_rfs.v:59]
INFO: [Synth 8-6157] synthesizing module 'axis_switch_v1_1_29_dynamic_priority_encoder' [/home/daq/AstroPix/260225_dev_richard/astep-fw/fw/astep24-3l/target-multiboard/vivado-run/astropix-cmodr2_3_CONFIG_SE.gen/sources_1/ip/axis_switch_swifs/hdl/axis_switch_v1_1_vl_rfs.v:1528]
INFO: [Synth 8-6155] done synthesizing module 'axis_switch_v1_1_29_dynamic_priority_encoder' (0#1) [/home/daq/AstroPix/260225_dev_richard/astep-fw/fw/astep24-3l/target-multiboard/vivado-run/astropix-cmodr2_3_CONFIG_SE.gen/sources_1/ip/axis_switch_swifs/hdl/axis_switch_v1_1_vl_rfs.v:1528]
INFO: [Synth 8-6155] done synthesizing module 'axis_switch_v1_1_29_arb_rr' (0#1) [/home/daq/AstroPix/260225_dev_richard/astep-fw/fw/astep24-3l/target-multiboard/vivado-run/astropix-cmodr2_3_CONFIG_SE.gen/sources_1/ip/axis_switch_swifs/hdl/axis_switch_v1_1_vl_rfs.v:59]
INFO: [Synth 8-6155] done synthesizing module 'axis_switch_v1_1_29_axis_switch_arbiter' (0#1) [/home/daq/AstroPix/260225_dev_richard/astep-fw/fw/astep24-3l/target-multiboard/vivado-run/astropix-cmodr2_3_CONFIG_SE.gen/sources_1/ip/axis_switch_swifs/hdl/axis_switch_v1_1_vl_rfs.v:1352]
INFO: [Synth 8-6155] done synthesizing module 'axis_switch_v1_1_29_axis_switch' (0#1) [/home/daq/AstroPix/260225_dev_richard/astep-fw/fw/astep24-3l/target-multiboard/vivado-run/astropix-cmodr2_3_CONFIG_SE.gen/sources_1/ip/axis_switch_swifs/hdl/axis_switch_v1_1_vl_rfs.v:3078]
INFO: [Synth 8-6155] done synthesizing module 'axis_switch_swifs' (0#1) [/home/daq/AstroPix/260225_dev_richard/astep-fw/fw/astep24-3l/target-multiboard/vivado-run/astropix-cmodr2_3_CONFIG_SE.gen/sources_1/ip/axis_switch_swifs/synth/axis_switch_swifs.v:53]
WARNING: [Synth 8-7129] Port ACLK in module axis_register_slice_v1_1_29_axisc_register_slice__parameterized1 is either unconnected or has no load
WARNING: [Synth 8-7129] Port ACLK2X in module axis_register_slice_v1_1_29_axisc_register_slice__parameterized1 is either unconnected or has no load
WARNING: [Synth 8-7129] Port ARESET in module axis_register_slice_v1_1_29_axisc_register_slice__parameterized1 is either unconnected or has no load
WARNING: [Synth 8-7129] Port ACLKEN in module axis_register_slice_v1_1_29_axisc_register_slice__parameterized1 is either unconnected or has no load
WARNING: [Synth 8-7129] Port AXIS_TLAST in module axis_switch_v1_1_29_axisc_arb_responder is either unconnected or has no load
WARNING: [Synth 8-7129] Port mi_enable in module axis_switch_v1_1_29_axisc_transfer_mux__parameterized1 is either unconnected or has no load
WARNING: [Synth 8-7129] Port mi_mux[3] in module axis_switch_v1_1_29_axisc_transfer_mux__parameterized1 is either unconnected or has no load
WARNING: [Synth 8-7129] Port mi_mux[2] in module axis_switch_v1_1_29_axisc_transfer_mux__parameterized1 is either unconnected or has no load
WARNING: [Synth 8-7129] Port mi_mux[1] in module axis_switch_v1_1_29_axisc_transfer_mux__parameterized1 is either unconnected or has no load
WARNING: [Synth 8-7129] Port mi_mux[0] in module axis_switch_v1_1_29_axisc_transfer_mux__parameterized1 is either unconnected or has no load
WARNING: [Synth 8-7129] Port mi_enable in module axis_switch_v1_1_29_axisc_transfer_mux__parameterized0 is either unconnected or has no load
WARNING: [Synth 8-7129] Port mi_mux[3] in module axis_switch_v1_1_29_axisc_transfer_mux__parameterized0 is either unconnected or has no load
WARNING: [Synth 8-7129] Port mi_mux[2] in module axis_switch_v1_1_29_axisc_transfer_mux__parameterized0 is either unconnected or has no load
WARNING: [Synth 8-7129] Port mi_mux[1] in module axis_switch_v1_1_29_axisc_transfer_mux__parameterized0 is either unconnected or has no load
WARNING: [Synth 8-7129] Port mi_mux[0] in module axis_switch_v1_1_29_axisc_transfer_mux__parameterized0 is either unconnected or has no load
WARNING: [Synth 8-7129] Port mi_enable in module axis_switch_v1_1_29_axisc_transfer_mux is either unconnected or has no load
WARNING: [Synth 8-7129] Port mi_mux[3] in module axis_switch_v1_1_29_axisc_transfer_mux is either unconnected or has no load
WARNING: [Synth 8-7129] Port mi_mux[2] in module axis_switch_v1_1_29_axisc_transfer_mux is either unconnected or has no load
WARNING: [Synth 8-7129] Port mi_mux[1] in module axis_switch_v1_1_29_axisc_transfer_mux is either unconnected or has no load
WARNING: [Synth 8-7129] Port mi_mux[0] in module axis_switch_v1_1_29_axisc_transfer_mux is either unconnected or has no load
WARNING: [Synth 8-7129] Port ACLK2X in module axis_register_slice_v1_1_29_axisc_register_slice__parameterized0 is either unconnected or has no load
WARNING: [Synth 8-7129] Port ACLK2X in module axis_register_slice_v1_1_29_axisc_register_slice is either unconnected or has no load
WARNING: [Synth 8-7129] Port si_mux[3] in module axis_switch_v1_1_29_axisc_decoder__parameterized1 is either unconnected or has no load
WARNING: [Synth 8-7129] Port si_mux[2] in module axis_switch_v1_1_29_axisc_decoder__parameterized1 is either unconnected or has no load
WARNING: [Synth 8-7129] Port si_mux[1] in module axis_switch_v1_1_29_axisc_decoder__parameterized1 is either unconnected or has no load
WARNING: [Synth 8-7129] Port si_mux[0] in module axis_switch_v1_1_29_axisc_decoder__parameterized1 is either unconnected or has no load
WARNING: [Synth 8-7129] Port si_enable[0] in module axis_switch_v1_1_29_axisc_decoder__parameterized1 is either unconnected or has no load
WARNING: [Synth 8-7129] Port TSTRB[0] in module axis_infrastructure_v1_1_1_util_axis2vector is either unconnected or has no load
WARNING: [Synth 8-7129] Port TKEEP[0] in module axis_infrastructure_v1_1_1_util_axis2vector is either unconnected or has no load
WARNING: [Synth 8-7129] Port si_mux[3] in module axis_switch_v1_1_29_axisc_decoder__parameterized0 is either unconnected or has no load
WARNING: [Synth 8-7129] Port si_mux[2] in module axis_switch_v1_1_29_axisc_decoder__parameterized0 is either unconnected or has no load
WARNING: [Synth 8-7129] Port si_mux[1] in module axis_switch_v1_1_29_axisc_decoder__parameterized0 is either unconnected or has no load
WARNING: [Synth 8-7129] Port si_mux[0] in module axis_switch_v1_1_29_axisc_decoder__parameterized0 is either unconnected or has no load
WARNING: [Synth 8-7129] Port si_enable[0] in module axis_switch_v1_1_29_axisc_decoder__parameterized0 is either unconnected or has no load
WARNING: [Synth 8-7129] Port si_mux[3] in module axis_switch_v1_1_29_axisc_decoder is either unconnected or has no load
WARNING: [Synth 8-7129] Port si_mux[2] in module axis_switch_v1_1_29_axisc_decoder is either unconnected or has no load
WARNING: [Synth 8-7129] Port si_mux[1] in module axis_switch_v1_1_29_axisc_decoder is either unconnected or has no load
WARNING: [Synth 8-7129] Port si_mux[0] in module axis_switch_v1_1_29_axisc_decoder is either unconnected or has no load
WARNING: [Synth 8-7129] Port si_enable[0] in module axis_switch_v1_1_29_axisc_decoder is either unconnected or has no load
WARNING: [Synth 8-7129] Port arb_gnt[15] in module axis_switch_v1_1_29_axis_switch is either unconnected or has no load
WARNING: [Synth 8-7129] Port arb_gnt[14] in module axis_switch_v1_1_29_axis_switch is either unconnected or has no load
WARNING: [Synth 8-7129] Port arb_gnt[13] in module axis_switch_v1_1_29_axis_switch is either unconnected or has no load
WARNING: [Synth 8-7129] Port arb_gnt[12] in module axis_switch_v1_1_29_axis_switch is either unconnected or has no load
WARNING: [Synth 8-7129] Port arb_gnt[11] in module axis_switch_v1_1_29_axis_switch is either unconnected or has no load
WARNING: [Synth 8-7129] Port arb_gnt[10] in module axis_switch_v1_1_29_axis_switch is either unconnected or has no load
WARNING: [Synth 8-7129] Port arb_gnt[9] in module axis_switch_v1_1_29_axis_switch is either unconnected or has no load
WARNING: [Synth 8-7129] Port arb_gnt[8] in module axis_switch_v1_1_29_axis_switch is either unconnected or has no load
WARNING: [Synth 8-7129] Port arb_gnt[7] in module axis_switch_v1_1_29_axis_switch is either unconnected or has no load
WARNING: [Synth 8-7129] Port arb_gnt[6] in module axis_switch_v1_1_29_axis_switch is either unconnected or has no load
WARNING: [Synth 8-7129] Port arb_gnt[5] in module axis_switch_v1_1_29_axis_switch is either unconnected or has no load
WARNING: [Synth 8-7129] Port arb_gnt[4] in module axis_switch_v1_1_29_axis_switch is either unconnected or has no load
WARNING: [Synth 8-7129] Port arb_gnt[3] in module axis_switch_v1_1_29_axis_switch is either unconnected or has no load
WARNING: [Synth 8-7129] Port arb_gnt[2] in module axis_switch_v1_1_29_axis_switch is either unconnected or has no load
WARNING: [Synth 8-7129] Port arb_gnt[1] in module axis_switch_v1_1_29_axis_switch is either unconnected or has no load
WARNING: [Synth 8-7129] Port arb_gnt[0] in module axis_switch_v1_1_29_axis_switch is either unconnected or has no load
WARNING: [Synth 8-7129] Port arb_sel[7] in module axis_switch_v1_1_29_axis_switch is either unconnected or has no load
WARNING: [Synth 8-7129] Port arb_sel[6] in module axis_switch_v1_1_29_axis_switch is either unconnected or has no load
WARNING: [Synth 8-7129] Port arb_sel[5] in module axis_switch_v1_1_29_axis_switch is either unconnected or has no load
WARNING: [Synth 8-7129] Port arb_sel[4] in module axis_switch_v1_1_29_axis_switch is either unconnected or has no load
WARNING: [Synth 8-7129] Port arb_sel[3] in module axis_switch_v1_1_29_axis_switch is either unconnected or has no load
WARNING: [Synth 8-7129] Port arb_sel[2] in module axis_switch_v1_1_29_axis_switch is either unconnected or has no load
WARNING: [Synth 8-7129] Port arb_sel[1] in module axis_switch_v1_1_29_axis_switch is either unconnected or has no load
WARNING: [Synth 8-7129] Port arb_sel[0] in module axis_switch_v1_1_29_axis_switch is either unconnected or has no load
WARNING: [Synth 8-7129] Port s_axi_ctrl_aclk in module axis_switch_v1_1_29_axis_switch is either unconnected or has no load
WARNING: [Synth 8-7129] Port s_axi_ctrl_aresetn in module axis_switch_v1_1_29_axis_switch is either unconnected or has no load
WARNING: [Synth 8-7129] Port s_axi_ctrl_awvalid in module axis_switch_v1_1_29_axis_switch is either unconnected or has no load
WARNING: [Synth 8-7129] Port s_axi_ctrl_awaddr[6] in module axis_switch_v1_1_29_axis_switch is either unconnected or has no load
WARNING: [Synth 8-7129] Port s_axi_ctrl_awaddr[5] in module axis_switch_v1_1_29_axis_switch is either unconnected or has no load
WARNING: [Synth 8-7129] Port s_axi_ctrl_awaddr[4] in module axis_switch_v1_1_29_axis_switch is either unconnected or has no load
WARNING: [Synth 8-7129] Port s_axi_ctrl_awaddr[3] in module axis_switch_v1_1_29_axis_switch is either unconnected or has no load
WARNING: [Synth 8-7129] Port s_axi_ctrl_awaddr[2] in module axis_switch_v1_1_29_axis_switch is either unconnected or has no load
WARNING: [Synth 8-7129] Port s_axi_ctrl_awaddr[1] in module axis_switch_v1_1_29_axis_switch is either unconnected or has no load
WARNING: [Synth 8-7129] Port s_axi_ctrl_awaddr[0] in module axis_switch_v1_1_29_axis_switch is either unconnected or has no load
WARNING: [Synth 8-7129] Port s_axi_ctrl_wvalid in module axis_switch_v1_1_29_axis_switch is either unconnected or has no load
WARNING: [Synth 8-7129] Port s_axi_ctrl_wdata[31] in module axis_switch_v1_1_29_axis_switch is either unconnected or has no load
WARNING: [Synth 8-7129] Port s_axi_ctrl_wdata[30] in module axis_switch_v1_1_29_axis_switch is either unconnected or has no load
WARNING: [Synth 8-7129] Port s_axi_ctrl_wdata[29] in module axis_switch_v1_1_29_axis_switch is either unconnected or has no load
WARNING: [Synth 8-7129] Port s_axi_ctrl_wdata[28] in module axis_switch_v1_1_29_axis_switch is either unconnected or has no load
WARNING: [Synth 8-7129] Port s_axi_ctrl_wdata[27] in module axis_switch_v1_1_29_axis_switch is either unconnected or has no load
WARNING: [Synth 8-7129] Port s_axi_ctrl_wdata[26] in module axis_switch_v1_1_29_axis_switch is either unconnected or has no load
WARNING: [Synth 8-7129] Port s_axi_ctrl_wdata[25] in module axis_switch_v1_1_29_axis_switch is either unconnected or has no load
WARNING: [Synth 8-7129] Port s_axi_ctrl_wdata[24] in module axis_switch_v1_1_29_axis_switch is either unconnected or has no load
WARNING: [Synth 8-7129] Port s_axi_ctrl_wdata[23] in module axis_switch_v1_1_29_axis_switch is either unconnected or has no load
WARNING: [Synth 8-7129] Port s_axi_ctrl_wdata[22] in module axis_switch_v1_1_29_axis_switch is either unconnected or has no load
WARNING: [Synth 8-7129] Port s_axi_ctrl_wdata[21] in module axis_switch_v1_1_29_axis_switch is either unconnected or has no load
WARNING: [Synth 8-7129] Port s_axi_ctrl_wdata[20] in module axis_switch_v1_1_29_axis_switch is either unconnected or has no load
WARNING: [Synth 8-7129] Port s_axi_ctrl_wdata[19] in module axis_switch_v1_1_29_axis_switch is either unconnected or has no load
WARNING: [Synth 8-7129] Port s_axi_ctrl_wdata[18] in module axis_switch_v1_1_29_axis_switch is either unconnected or has no load
WARNING: [Synth 8-7129] Port s_axi_ctrl_wdata[17] in module axis_switch_v1_1_29_axis_switch is either unconnected or has no load
WARNING: [Synth 8-7129] Port s_axi_ctrl_wdata[16] in module axis_switch_v1_1_29_axis_switch is either unconnected or has no load
WARNING: [Synth 8-7129] Port s_axi_ctrl_wdata[15] in module axis_switch_v1_1_29_axis_switch is either unconnected or has no load
WARNING: [Synth 8-7129] Port s_axi_ctrl_wdata[14] in module axis_switch_v1_1_29_axis_switch is either unconnected or has no load
WARNING: [Synth 8-7129] Port s_axi_ctrl_wdata[13] in module axis_switch_v1_1_29_axis_switch is either unconnected or has no load
WARNING: [Synth 8-7129] Port s_axi_ctrl_wdata[12] in module axis_switch_v1_1_29_axis_switch is either unconnected or has no load
WARNING: [Synth 8-7129] Port s_axi_ctrl_wdata[11] in module axis_switch_v1_1_29_axis_switch is either unconnected or has no load
WARNING: [Synth 8-7129] Port s_axi_ctrl_wdata[10] in module axis_switch_v1_1_29_axis_switch is either unconnected or has no load
WARNING: [Synth 8-7129] Port s_axi_ctrl_wdata[9] in module axis_switch_v1_1_29_axis_switch is either unconnected or has no load
WARNING: [Synth 8-7129] Port s_axi_ctrl_wdata[8] in module axis_switch_v1_1_29_axis_switch is either unconnected or has no load
WARNING: [Synth 8-7129] Port s_axi_ctrl_wdata[7] in module axis_switch_v1_1_29_axis_switch is either unconnected or has no load
WARNING: [Synth 8-7129] Port s_axi_ctrl_wdata[6] in module axis_switch_v1_1_29_axis_switch is either unconnected or has no load
INFO: [Common 17-14] Message 'Synth 8-7129' appears 100 times and further instances of the messages will be disabled. Use the Tcl command set_msg_config to change the current settings.
---------------------------------------------------------------------------------
Finished RTL Elaboration : Time (s): cpu = 00:00:06 ; elapsed = 00:00:07 . Memory (MB): peak = 2602.703 ; gain = 45.000 ; free physical = 211 ; free virtual = 50013
---------------------------------------------------------------------------------
---------------------------------------------------------------------------------
Start Handling Custom Attributes
---------------------------------------------------------------------------------
---------------------------------------------------------------------------------
Finished Handling Custom Attributes : Time (s): cpu = 00:00:07 ; elapsed = 00:00:07 . Memory (MB): peak = 2617.547 ; gain = 59.844 ; free physical = 208 ; free virtual = 50010
---------------------------------------------------------------------------------
---------------------------------------------------------------------------------
Finished RTL Optimization Phase 1 : Time (s): cpu = 00:00:07 ; elapsed = 00:00:07 . Memory (MB): peak = 2617.547 ; gain = 59.844 ; free physical = 208 ; free virtual = 50010
---------------------------------------------------------------------------------
Netlist sorting complete. Time (s): cpu = 00:00:00.02 ; elapsed = 00:00:00.02 . Memory (MB): peak = 2617.547 ; gain = 0.000 ; free physical = 216 ; free virtual = 50017
INFO: [Project 1-570] Preparing netlist for logic optimization

Processing XDC Constraints
Initializing timing engine
Parsing XDC File [/home/daq/AstroPix/260225_dev_richard/astep-fw/fw/astep24-3l/target-multiboard/vivado-run/astropix-cmodr2_3_CONFIG_SE.gen/sources_1/ip/axis_switch_swifs/axis_switch_swifs_ooc.xdc] for cell 'inst'
Finished Parsing XDC File [/home/daq/AstroPix/260225_dev_richard/astep-fw/fw/astep24-3l/target-multiboard/vivado-run/astropix-cmodr2_3_CONFIG_SE.gen/sources_1/ip/axis_switch_swifs/axis_switch_swifs_ooc.xdc] for cell 'inst'
Completed Processing XDC Constraints

Netlist sorting complete. Time (s): cpu = 00:00:00 ; elapsed = 00:00:00 . Memory (MB): peak = 2728.281 ; gain = 0.000 ; free physical = 208 ; free virtual = 50009
INFO: [Project 1-111] Unisim Transformation Summary:
No Unisim elements were transformed.

Constraint Validation Runtime : Time (s): cpu = 00:00:00.04 ; elapsed = 00:00:00.02 . Memory (MB): peak = 2728.316 ; gain = 0.000 ; free physical = 208 ; free virtual = 50010
---------------------------------------------------------------------------------
Finished Constraint Validation : Time (s): cpu = 00:00:12 ; elapsed = 00:00:12 . Memory (MB): peak = 2728.316 ; gain = 170.613 ; free physical = 184 ; free virtual = 50018
---------------------------------------------------------------------------------
---------------------------------------------------------------------------------
Start Loading Part and Timing Information
---------------------------------------------------------------------------------
Loading part: xc7a35tcpg236-1
---------------------------------------------------------------------------------
Finished Loading Part and Timing Information : Time (s): cpu = 00:00:12 ; elapsed = 00:00:12 . Memory (MB): peak = 2728.316 ; gain = 170.613 ; free physical = 185 ; free virtual = 50018
---------------------------------------------------------------------------------
---------------------------------------------------------------------------------
Start Applying 'set_property' XDC Constraints
---------------------------------------------------------------------------------
Applied set_property KEEP_HIERARCHY = SOFT for inst. (constraint file  auto generated constraint).
---------------------------------------------------------------------------------
Finished applying 'set_property' XDC Constraints : Time (s): cpu = 00:00:12 ; elapsed = 00:00:12 . Memory (MB): peak = 2728.316 ; gain = 170.613 ; free physical = 185 ; free virtual = 50018
---------------------------------------------------------------------------------
INFO: [Synth 8-4490] FSM extraction disabled for register 'gen_AB_reg_slice.state_reg' through user attribute
INFO: [Synth 8-4490] FSM extraction disabled for register 'gen_AB_reg_slice.state_reg' through user attribute
---------------------------------------------------------------------------------
Finished RTL Optimization Phase 2 : Time (s): cpu = 00:00:12 ; elapsed = 00:00:13 . Memory (MB): peak = 2728.316 ; gain = 170.613 ; free physical = 182 ; free virtual = 50016
---------------------------------------------------------------------------------
---------------------------------------------------------------------------------
Start RTL Component Statistics 
---------------------------------------------------------------------------------
Detailed RTL Component Info : 
+---Adders : 
	   2 Input   11 Bit       Adders := 4     
	   2 Input    3 Bit       Adders := 4     
	   2 Input    2 Bit       Adders := 4     
+---Registers : 
	               26 Bit    Registers := 8     
	               11 Bit    Registers := 4     
	                8 Bit    Registers := 4     
	                4 Bit    Registers := 20    
	                3 Bit    Registers := 4     
	                2 Bit    Registers := 16    
	                1 Bit    Registers := 34    
+---Muxes : 
	   2 Input   26 Bit        Muxes := 4     
	   2 Input    4 Bit        Muxes := 12    
	   5 Input    2 Bit        Muxes := 8     
	   2 Input    2 Bit        Muxes := 16    
	   2 Input    1 Bit        Muxes := 60    
	   4 Input    1 Bit        Muxes := 8     
---------------------------------------------------------------------------------
Finished RTL Component Statistics 
---------------------------------------------------------------------------------
---------------------------------------------------------------------------------
Start Part Resource Summary
---------------------------------------------------------------------------------
Part Resources:
DSPs: 90 (col length:60)
BRAMs: 100 (col length: RAMB18 60 RAMB36 30)
---------------------------------------------------------------------------------
Finished Part Resource Summary
---------------------------------------------------------------------------------
---------------------------------------------------------------------------------
Start Cross Boundary and Area Optimization
---------------------------------------------------------------------------------
WARNING: [Synth 8-7080] Parallel synthesis criteria is not met
---------------------------------------------------------------------------------
Finished Cross Boundary and Area Optimization : Time (s): cpu = 00:00:15 ; elapsed = 00:00:16 . Memory (MB): peak = 2728.316 ; gain = 170.613 ; free physical = 157 ; free virtual = 49991
---------------------------------------------------------------------------------
---------------------------------------------------------------------------------
Start Applying XDC Timing Constraints
---------------------------------------------------------------------------------
---------------------------------------------------------------------------------
Finished Applying XDC Timing Constraints : Time (s): cpu = 00:00:16 ; elapsed = 00:00:16 . Memory (MB): peak = 2728.316 ; gain = 170.613 ; free physical = 162 ; free virtual = 49997
---------------------------------------------------------------------------------
---------------------------------------------------------------------------------
Start Timing Optimization
---------------------------------------------------------------------------------
---------------------------------------------------------------------------------
Finished Timing Optimization : Time (s): cpu = 00:00:19 ; elapsed = 00:00:19 . Memory (MB): peak = 2728.316 ; gain = 170.613 ; free physical = 168 ; free virtual = 50002
---------------------------------------------------------------------------------
---------------------------------------------------------------------------------
Start Technology Mapping
---------------------------------------------------------------------------------
---------------------------------------------------------------------------------
Finished Technology Mapping : Time (s): cpu = 00:00:19 ; elapsed = 00:00:19 . Memory (MB): peak = 2728.316 ; gain = 170.613 ; free physical = 170 ; free virtual = 50004
---------------------------------------------------------------------------------
---------------------------------------------------------------------------------
Start IO Insertion
---------------------------------------------------------------------------------
---------------------------------------------------------------------------------
Start Flattening Before IO Insertion
---------------------------------------------------------------------------------
---------------------------------------------------------------------------------
Finished Flattening Before IO Insertion
---------------------------------------------------------------------------------
---------------------------------------------------------------------------------
Start Final Netlist Cleanup
---------------------------------------------------------------------------------
---------------------------------------------------------------------------------
Finished Final Netlist Cleanup
---------------------------------------------------------------------------------
---------------------------------------------------------------------------------
Finished IO Insertion : Time (s): cpu = 00:00:23 ; elapsed = 00:00:23 . Memory (MB): peak = 2728.316 ; gain = 170.613 ; free physical = 171 ; free virtual = 50005
---------------------------------------------------------------------------------
---------------------------------------------------------------------------------
Start Renaming Generated Instances
---------------------------------------------------------------------------------
---------------------------------------------------------------------------------
Finished Renaming Generated Instances : Time (s): cpu = 00:00:23 ; elapsed = 00:00:23 . Memory (MB): peak = 2728.316 ; gain = 170.613 ; free physical = 171 ; free virtual = 50005
---------------------------------------------------------------------------------
---------------------------------------------------------------------------------
Start Rebuilding User Hierarchy
---------------------------------------------------------------------------------
---------------------------------------------------------------------------------
Finished Rebuilding User Hierarchy : Time (s): cpu = 00:00:23 ; elapsed = 00:00:23 . Memory (MB): peak = 2728.316 ; gain = 170.613 ; free physical = 171 ; free virtual = 50005
---------------------------------------------------------------------------------
---------------------------------------------------------------------------------
Start Renaming Generated Ports
---------------------------------------------------------------------------------
---------------------------------------------------------------------------------
Finished Renaming Generated Ports : Time (s): cpu = 00:00:23 ; elapsed = 00:00:23 . Memory (MB): peak = 2728.316 ; gain = 170.613 ; free physical = 171 ; free virtual = 50005
---------------------------------------------------------------------------------
---------------------------------------------------------------------------------
Start Handling Custom Attributes
---------------------------------------------------------------------------------
---------------------------------------------------------------------------------
Finished Handling Custom Attributes : Time (s): cpu = 00:00:23 ; elapsed = 00:00:23 . Memory (MB): peak = 2728.316 ; gain = 170.613 ; free physical = 171 ; free virtual = 50005
---------------------------------------------------------------------------------
---------------------------------------------------------------------------------
Start Renaming Generated Nets
---------------------------------------------------------------------------------
---------------------------------------------------------------------------------
Finished Renaming Generated Nets : Time (s): cpu = 00:00:23 ; elapsed = 00:00:23 . Memory (MB): peak = 2728.316 ; gain = 170.613 ; free physical = 171 ; free virtual = 50005
---------------------------------------------------------------------------------
---------------------------------------------------------------------------------
Start Writing Synthesis Report
---------------------------------------------------------------------------------

Report BlackBoxes: 
+-+--------------+----------+
| |BlackBox name |Instances |
+-+--------------+----------+
+-+--------------+----------+

Report Cell Usage: 
+------+-----+------+
|      |Cell |Count |
+------+-----+------+
|1     |LUT1 |     9|
|2     |LUT2 |    43|
|3     |LUT3 |   164|
|4     |LUT4 |    77|
|5     |LUT5 |    50|
|6     |LUT6 |   199|
|7     |FDRE |   410|
|8     |FDSE |    16|
+------+-----+------+
---------------------------------------------------------------------------------
Finished Writing Synthesis Report : Time (s): cpu = 00:00:23 ; elapsed = 00:00:23 . Memory (MB): peak = 2728.316 ; gain = 170.613 ; free physical = 171 ; free virtual = 50005
---------------------------------------------------------------------------------
Synthesis finished with 0 errors, 0 critical warnings and 86 warnings.
Synthesis Optimization Runtime : Time (s): cpu = 00:00:22 ; elapsed = 00:00:23 . Memory (MB): peak = 2728.316 ; gain = 59.844 ; free physical = 171 ; free virtual = 50005
Synthesis Optimization Complete : Time (s): cpu = 00:00:23 ; elapsed = 00:00:23 . Memory (MB): peak = 2728.316 ; gain = 170.613 ; free physical = 171 ; free virtual = 50005
INFO: [Project 1-571] Translating synthesized netlist
Netlist sorting complete. Time (s): cpu = 00:00:00.01 ; elapsed = 00:00:00.01 . Memory (MB): peak = 2728.316 ; gain = 0.000 ; free physical = 455 ; free virtual = 50289
INFO: [Project 1-570] Preparing netlist for logic optimization
Parsing XDC File [/home/daq/AstroPix/260225_dev_richard/astep-fw/fw/astep24-3l/target-multiboard/vivado-run/astropix-cmodr2_3_CONFIG_SE.gen/sources_1/ip/axis_switch_swifs/axis_switch_swifs_ooc.xdc] for cell 'inst'
Finished Parsing XDC File [/home/daq/AstroPix/260225_dev_richard/astep-fw/fw/astep24-3l/target-multiboard/vivado-run/astropix-cmodr2_3_CONFIG_SE.gen/sources_1/ip/axis_switch_swifs/axis_switch_swifs_ooc.xdc] for cell 'inst'
INFO: [Opt 31-138] Pushed 0 inverter(s) to 0 load pin(s).
Netlist sorting complete. Time (s): cpu = 00:00:00 ; elapsed = 00:00:00 . Memory (MB): peak = 2728.316 ; gain = 0.000 ; free physical = 460 ; free virtual = 50294
INFO: [Project 1-111] Unisim Transformation Summary:
No Unisim elements were transformed.

Synth Design complete | Checksum: da189071
INFO: [Common 17-83] Releasing license: Synthesis
53 Infos, 102 Warnings, 0 Critical Warnings and 0 Errors encountered.
synth_design completed successfully
synth_design: Time (s): cpu = 00:00:27 ; elapsed = 00:00:25 . Memory (MB): peak = 2728.316 ; gain = 170.613 ; free physical = 469 ; free virtual = 50303
INFO: [Common 17-2834] synth_design peak Physical Memory [PSS] (MB): overall = 2197.048; main = 1863.639; forked = 380.708
INFO: [Common 17-2834] synth_design peak Virtual Memory [VSS] (MB): overall = 3685.477; main = 2696.270; forked = 989.207
INFO: [Coretcl 2-1174] Renamed 26 cell refs.
INFO: [Timing 38-480] Writing timing data to binary archive.
Write ShapeDB Complete: Time (s): cpu = 00:00:00 ; elapsed = 00:00:00 . Memory (MB): peak = 2728.316 ; gain = 0.000 ; free physical = 469 ; free virtual = 50303
INFO: [Common 17-1381] The checkpoint '/home/daq/AstroPix/260225_dev_richard/astep-fw/fw/astep24-3l/target-multiboard/vivado-run/astropix-cmodr2_3_CONFIG_SE.gen/sources_1/ip/axis_switch_swifs/axis_switch_swifs.dcp' has been generated.
CRITICAL WARNING: [Vivado 12-5447] synth_ip is not supported in project mode, please use non-project mode.
INFO: [IP_Flow 19-1686] Generating 'Synthesis' target for IP 'clk_core_extorint_40'...
INFO: [IP_Flow 19-1686] Generating 'Simulation' target for IP 'clk_core_extorint_40'...
INFO: [IP_Flow 19-1686] Generating 'Implementation' target for IP 'clk_core_extorint_40'...
INFO: [IP_Flow 19-1686] Generating 'Change Log' target for IP 'clk_core_extorint_40'...
INFO: [IP_Flow 19-234] Refreshing IP repositories
INFO: [IP_Flow 19-1704] No user IP repositories specified
INFO: [IP_Flow 19-2313] Loaded Vivado IP repository '/cache/Vivado/2023.2/data/ip'.
WARNING: [Vivado 12-13650] The IP file '/home/daq/AstroPix/260225_dev_richard/astep-fw/fw/astep24-3l/target-multiboard/vivado-run/astropix-cmodr2_3_CONFIG_SE.srcs/sources_1/ip/clk_core_extorint_40/clk_core_extorint_40.xci' has been moved from its original location, as a result the outputs for this IP will now be generated in '/home/daq/AstroPix/260225_dev_richard/astep-fw/fw/astep24-3l/target-multiboard/vivado-run/astropix-cmodr2_3_CONFIG_SE.gen/sources_1/ip/clk_core_extorint_40'. Alternatively a copy of the IP can be imported into the project using one of the 'import_ip' or 'import_files' commands.
Command: synth_design -top clk_core_extorint_40 -part xc7a35tcpg236-1 -mode out_of_context
Starting synth_design
Attempting to get a license for feature 'Synthesis' and/or device 'xc7a35t'
INFO: [Common 17-349] Got license for feature 'Synthesis' and/or device 'xc7a35t'
INFO: [Synth 8-7079] Multithreading enabled for synth_design using a maximum of 4 processes.
---------------------------------------------------------------------------------
Starting RTL Elaboration : Time (s): cpu = 00:00:04 ; elapsed = 00:00:05 . Memory (MB): peak = 2728.316 ; gain = 0.000 ; free physical = 247 ; free virtual = 49971
---------------------------------------------------------------------------------
INFO: [Synth 8-6157] synthesizing module 'clk_core_extorint_40' [/home/daq/AstroPix/260225_dev_richard/astep-fw/fw/astep24-3l/target-multiboard/vivado-run/astropix-cmodr2_3_CONFIG_SE.gen/sources_1/ip/clk_core_extorint_40/clk_core_extorint_40.v:69]
INFO: [Synth 8-6157] synthesizing module 'clk_core_extorint_40_clk_wiz' [/home/daq/AstroPix/260225_dev_richard/astep-fw/fw/astep24-3l/target-multiboard/vivado-run/astropix-cmodr2_3_CONFIG_SE.gen/sources_1/ip/clk_core_extorint_40/clk_core_extorint_40_clk_wiz.v:69]
INFO: [Synth 8-6157] synthesizing module 'BUFG' [/cache/Vivado/2023.2/scripts/rt/data/unisim_comp.v:1951]
INFO: [Synth 8-6155] done synthesizing module 'BUFG' (0#1) [/cache/Vivado/2023.2/scripts/rt/data/unisim_comp.v:1951]
INFO: [Synth 8-6157] synthesizing module 'MMCME2_ADV' [/cache/Vivado/2023.2/scripts/rt/data/unisim_comp.v:82174]
	Parameter BANDWIDTH bound to: OPTIMIZED - type: string 
	Parameter CLKFBOUT_MULT_F bound to: 20.000000 - type: double 
	Parameter CLKFBOUT_PHASE bound to: 0.000000 - type: double 
	Parameter CLKFBOUT_USE_FINE_PS bound to: FALSE - type: string 
	Parameter CLKIN1_PERIOD bound to: 25.000000 - type: double 
	Parameter CLKIN2_PERIOD bound to: 25.000000 - type: double 
	Parameter CLKOUT0_DIVIDE_F bound to: 8.000000 - type: double 
	Parameter CLKOUT0_DUTY_CYCLE bound to: 0.500000 - type: double 
	Parameter CLKOUT0_PHASE bound to: 0.000000 - type: double 
	Parameter CLKOUT0_USE_FINE_PS bound to: FALSE - type: string 
	Parameter CLKOUT1_DIVIDE bound to: 10 - type: integer 
	Parameter CLKOUT1_DUTY_CYCLE bound to: 0.500000 - type: double 
	Parameter CLKOUT1_PHASE bound to: 0.000000 - type: double 
	Parameter CLKOUT1_USE_FINE_PS bound to: FALSE - type: string 
	Parameter CLKOUT2_DIVIDE bound to: 80 - type: integer 
	Parameter CLKOUT2_DUTY_CYCLE bound to: 0.500000 - type: double 
	Parameter CLKOUT2_PHASE bound to: 0.000000 - type: double 
	Parameter CLKOUT2_USE_FINE_PS bound to: FALSE - type: string 
	Parameter CLKOUT3_DIVIDE bound to: 40 - type: integer 
	Parameter CLKOUT3_DUTY_CYCLE bound to: 0.500000 - type: double 
	Parameter CLKOUT3_PHASE bound to: 0.000000 - type: double 
	Parameter CLKOUT3_USE_FINE_PS bound to: FALSE - type: string 
	Parameter CLKOUT4_CASCADE bound to: FALSE - type: string 
	Parameter COMPENSATION bound to: ZHOLD - type: string 
	Parameter DIVCLK_DIVIDE bound to: 1 - type: integer 
	Parameter STARTUP_WAIT bound to: FALSE - type: string 
INFO: [Synth 8-6155] done synthesizing module 'MMCME2_ADV' (0#1) [/cache/Vivado/2023.2/scripts/rt/data/unisim_comp.v:82174]
INFO: [Synth 8-6155] done synthesizing module 'clk_core_extorint_40_clk_wiz' (0#1) [/home/daq/AstroPix/260225_dev_richard/astep-fw/fw/astep24-3l/target-multiboard/vivado-run/astropix-cmodr2_3_CONFIG_SE.gen/sources_1/ip/clk_core_extorint_40/clk_core_extorint_40_clk_wiz.v:69]
INFO: [Synth 8-6155] done synthesizing module 'clk_core_extorint_40' (0#1) [/home/daq/AstroPix/260225_dev_richard/astep-fw/fw/astep24-3l/target-multiboard/vivado-run/astropix-cmodr2_3_CONFIG_SE.gen/sources_1/ip/clk_core_extorint_40/clk_core_extorint_40.v:69]
---------------------------------------------------------------------------------
Finished RTL Elaboration : Time (s): cpu = 00:00:06 ; elapsed = 00:00:06 . Memory (MB): peak = 2728.316 ; gain = 0.000 ; free physical = 252 ; free virtual = 49975
---------------------------------------------------------------------------------
---------------------------------------------------------------------------------
Start Handling Custom Attributes
---------------------------------------------------------------------------------
---------------------------------------------------------------------------------
Finished Handling Custom Attributes : Time (s): cpu = 00:00:06 ; elapsed = 00:00:06 . Memory (MB): peak = 2728.316 ; gain = 0.000 ; free physical = 252 ; free virtual = 49975
---------------------------------------------------------------------------------
---------------------------------------------------------------------------------
Finished RTL Optimization Phase 1 : Time (s): cpu = 00:00:06 ; elapsed = 00:00:06 . Memory (MB): peak = 2728.316 ; gain = 0.000 ; free physical = 252 ; free virtual = 49975
---------------------------------------------------------------------------------
Netlist sorting complete. Time (s): cpu = 00:00:00 ; elapsed = 00:00:00 . Memory (MB): peak = 2728.316 ; gain = 0.000 ; free physical = 252 ; free virtual = 49975
INFO: [Netlist 29-17] Analyzing 1 Unisim elements for replacement
INFO: [Netlist 29-28] Unisim Transformation completed in 0 CPU seconds
INFO: [Project 1-570] Preparing netlist for logic optimization

Processing XDC Constraints
Initializing timing engine
Parsing XDC File [/home/daq/AstroPix/260225_dev_richard/astep-fw/fw/astep24-3l/target-multiboard/vivado-run/astropix-cmodr2_3_CONFIG_SE.gen/sources_1/ip/clk_core_extorint_40/clk_core_extorint_40_ooc.xdc] for cell 'inst'
Finished Parsing XDC File [/home/daq/AstroPix/260225_dev_richard/astep-fw/fw/astep24-3l/target-multiboard/vivado-run/astropix-cmodr2_3_CONFIG_SE.gen/sources_1/ip/clk_core_extorint_40/clk_core_extorint_40_ooc.xdc] for cell 'inst'
Parsing XDC File [/home/daq/AstroPix/260225_dev_richard/astep-fw/fw/astep24-3l/target-multiboard/vivado-run/astropix-cmodr2_3_CONFIG_SE.gen/sources_1/ip/clk_core_extorint_40/clk_core_extorint_40_board.xdc] for cell 'inst'
Finished Parsing XDC File [/home/daq/AstroPix/260225_dev_richard/astep-fw/fw/astep24-3l/target-multiboard/vivado-run/astropix-cmodr2_3_CONFIG_SE.gen/sources_1/ip/clk_core_extorint_40/clk_core_extorint_40_board.xdc] for cell 'inst'
Parsing XDC File [/home/daq/AstroPix/260225_dev_richard/astep-fw/fw/astep24-3l/target-multiboard/vivado-run/astropix-cmodr2_3_CONFIG_SE.gen/sources_1/ip/clk_core_extorint_40/clk_core_extorint_40.xdc] for cell 'inst'
Finished Parsing XDC File [/home/daq/AstroPix/260225_dev_richard/astep-fw/fw/astep24-3l/target-multiboard/vivado-run/astropix-cmodr2_3_CONFIG_SE.gen/sources_1/ip/clk_core_extorint_40/clk_core_extorint_40.xdc] for cell 'inst'
Completed Processing XDC Constraints

Netlist sorting complete. Time (s): cpu = 00:00:00 ; elapsed = 00:00:00 . Memory (MB): peak = 2736.285 ; gain = 0.000 ; free physical = 235 ; free virtual = 49958
INFO: [Project 1-111] Unisim Transformation Summary:
No Unisim elements were transformed.

INFO: [Timing 38-2] Deriving generated clocks
Constraint Validation Runtime : Time (s): cpu = 00:00:00.02 ; elapsed = 00:00:00.01 . Memory (MB): peak = 2736.320 ; gain = 0.000 ; free physical = 235 ; free virtual = 49958
---------------------------------------------------------------------------------
Finished Constraint Validation : Time (s): cpu = 00:00:11 ; elapsed = 00:00:12 . Memory (MB): peak = 2736.320 ; gain = 8.004 ; free physical = 242 ; free virtual = 49965
---------------------------------------------------------------------------------
---------------------------------------------------------------------------------
Start Loading Part and Timing Information
---------------------------------------------------------------------------------
Loading part: xc7a35tcpg236-1
---------------------------------------------------------------------------------
Finished Loading Part and Timing Information : Time (s): cpu = 00:00:11 ; elapsed = 00:00:12 . Memory (MB): peak = 2736.320 ; gain = 8.004 ; free physical = 242 ; free virtual = 49965
---------------------------------------------------------------------------------
---------------------------------------------------------------------------------
Start Applying 'set_property' XDC Constraints
---------------------------------------------------------------------------------
Applied set_property KEEP_HIERARCHY = SOFT for inst. (constraint file  auto generated constraint).
---------------------------------------------------------------------------------
Finished applying 'set_property' XDC Constraints : Time (s): cpu = 00:00:11 ; elapsed = 00:00:12 . Memory (MB): peak = 2736.320 ; gain = 8.004 ; free physical = 242 ; free virtual = 49965
---------------------------------------------------------------------------------
---------------------------------------------------------------------------------
Finished RTL Optimization Phase 2 : Time (s): cpu = 00:00:12 ; elapsed = 00:00:12 . Memory (MB): peak = 2736.320 ; gain = 8.004 ; free physical = 234 ; free virtual = 49958
---------------------------------------------------------------------------------
---------------------------------------------------------------------------------
Start RTL Component Statistics 
---------------------------------------------------------------------------------
Detailed RTL Component Info : 
---------------------------------------------------------------------------------
Finished RTL Component Statistics 
---------------------------------------------------------------------------------
---------------------------------------------------------------------------------
Start Part Resource Summary
---------------------------------------------------------------------------------
Part Resources:
DSPs: 90 (col length:60)
BRAMs: 100 (col length: RAMB18 60 RAMB36 30)
---------------------------------------------------------------------------------
Finished Part Resource Summary
---------------------------------------------------------------------------------
---------------------------------------------------------------------------------
Start Cross Boundary and Area Optimization
---------------------------------------------------------------------------------
WARNING: [Synth 8-7080] Parallel synthesis criteria is not met
---------------------------------------------------------------------------------
Finished Cross Boundary and Area Optimization : Time (s): cpu = 00:00:13 ; elapsed = 00:00:13 . Memory (MB): peak = 2736.320 ; gain = 8.004 ; free physical = 227 ; free virtual = 49951
---------------------------------------------------------------------------------
---------------------------------------------------------------------------------
Start Applying XDC Timing Constraints
---------------------------------------------------------------------------------
---------------------------------------------------------------------------------
Finished Applying XDC Timing Constraints : Time (s): cpu = 00:00:13 ; elapsed = 00:00:13 . Memory (MB): peak = 2736.320 ; gain = 8.004 ; free physical = 241 ; free virtual = 49965
---------------------------------------------------------------------------------
---------------------------------------------------------------------------------
Start Timing Optimization
---------------------------------------------------------------------------------
---------------------------------------------------------------------------------
Finished Timing Optimization : Time (s): cpu = 00:00:13 ; elapsed = 00:00:13 . Memory (MB): peak = 2736.320 ; gain = 8.004 ; free physical = 241 ; free virtual = 49965
---------------------------------------------------------------------------------
---------------------------------------------------------------------------------
Start Technology Mapping
---------------------------------------------------------------------------------
---------------------------------------------------------------------------------
Finished Technology Mapping : Time (s): cpu = 00:00:13 ; elapsed = 00:00:13 . Memory (MB): peak = 2736.320 ; gain = 8.004 ; free physical = 241 ; free virtual = 49965
---------------------------------------------------------------------------------
---------------------------------------------------------------------------------
Start IO Insertion
---------------------------------------------------------------------------------
---------------------------------------------------------------------------------
Start Flattening Before IO Insertion
---------------------------------------------------------------------------------
---------------------------------------------------------------------------------
Finished Flattening Before IO Insertion
---------------------------------------------------------------------------------
---------------------------------------------------------------------------------
Start Final Netlist Cleanup
---------------------------------------------------------------------------------
---------------------------------------------------------------------------------
Finished Final Netlist Cleanup
---------------------------------------------------------------------------------
---------------------------------------------------------------------------------
Finished IO Insertion : Time (s): cpu = 00:00:17 ; elapsed = 00:00:17 . Memory (MB): peak = 2736.320 ; gain = 8.004 ; free physical = 252 ; free virtual = 49976
---------------------------------------------------------------------------------
---------------------------------------------------------------------------------
Start Renaming Generated Instances
---------------------------------------------------------------------------------
---------------------------------------------------------------------------------
Finished Renaming Generated Instances : Time (s): cpu = 00:00:17 ; elapsed = 00:00:17 . Memory (MB): peak = 2736.320 ; gain = 8.004 ; free physical = 252 ; free virtual = 49976
---------------------------------------------------------------------------------
---------------------------------------------------------------------------------
Start Rebuilding User Hierarchy
---------------------------------------------------------------------------------
---------------------------------------------------------------------------------
Finished Rebuilding User Hierarchy : Time (s): cpu = 00:00:17 ; elapsed = 00:00:17 . Memory (MB): peak = 2736.320 ; gain = 8.004 ; free physical = 252 ; free virtual = 49976
---------------------------------------------------------------------------------
---------------------------------------------------------------------------------
Start Renaming Generated Ports
---------------------------------------------------------------------------------
---------------------------------------------------------------------------------
Finished Renaming Generated Ports : Time (s): cpu = 00:00:17 ; elapsed = 00:00:17 . Memory (MB): peak = 2736.320 ; gain = 8.004 ; free physical = 252 ; free virtual = 49976
---------------------------------------------------------------------------------
---------------------------------------------------------------------------------
Start Handling Custom Attributes
---------------------------------------------------------------------------------
---------------------------------------------------------------------------------
Finished Handling Custom Attributes : Time (s): cpu = 00:00:17 ; elapsed = 00:00:17 . Memory (MB): peak = 2736.320 ; gain = 8.004 ; free physical = 252 ; free virtual = 49976
---------------------------------------------------------------------------------
---------------------------------------------------------------------------------
Start Renaming Generated Nets
---------------------------------------------------------------------------------
---------------------------------------------------------------------------------
Finished Renaming Generated Nets : Time (s): cpu = 00:00:17 ; elapsed = 00:00:17 . Memory (MB): peak = 2736.320 ; gain = 8.004 ; free physical = 252 ; free virtual = 49976
---------------------------------------------------------------------------------
---------------------------------------------------------------------------------
Start Writing Synthesis Report
---------------------------------------------------------------------------------

Report BlackBoxes: 
+-+--------------+----------+
| |BlackBox name |Instances |
+-+--------------+----------+
+-+--------------+----------+

Report Cell Usage: 
+------+-----------+------+
|      |Cell       |Count |
+------+-----------+------+
|1     |BUFG       |     7|
|2     |LUT1       |     1|
|3     |MMCME2_ADV |     1|
+------+-----------+------+
---------------------------------------------------------------------------------
Finished Writing Synthesis Report : Time (s): cpu = 00:00:17 ; elapsed = 00:00:17 . Memory (MB): peak = 2736.320 ; gain = 8.004 ; free physical = 252 ; free virtual = 49976
---------------------------------------------------------------------------------
Synthesis finished with 0 errors, 0 critical warnings and 1 warnings.
Synthesis Optimization Runtime : Time (s): cpu = 00:00:17 ; elapsed = 00:00:17 . Memory (MB): peak = 2736.320 ; gain = 0.000 ; free physical = 252 ; free virtual = 49976
Synthesis Optimization Complete : Time (s): cpu = 00:00:17 ; elapsed = 00:00:17 . Memory (MB): peak = 2736.320 ; gain = 8.004 ; free physical = 252 ; free virtual = 49976
INFO: [Project 1-571] Translating synthesized netlist
Netlist sorting complete. Time (s): cpu = 00:00:00.01 ; elapsed = 00:00:00 . Memory (MB): peak = 2736.320 ; gain = 0.000 ; free physical = 252 ; free virtual = 49976
INFO: [Netlist 29-17] Analyzing 1 Unisim elements for replacement
INFO: [Netlist 29-28] Unisim Transformation completed in 0 CPU seconds
INFO: [Project 1-570] Preparing netlist for logic optimization
Parsing XDC File [/home/daq/AstroPix/260225_dev_richard/astep-fw/fw/astep24-3l/target-multiboard/vivado-run/astropix-cmodr2_3_CONFIG_SE.gen/sources_1/ip/clk_core_extorint_40/clk_core_extorint_40_ooc.xdc] for cell 'inst'
Finished Parsing XDC File [/home/daq/AstroPix/260225_dev_richard/astep-fw/fw/astep24-3l/target-multiboard/vivado-run/astropix-cmodr2_3_CONFIG_SE.gen/sources_1/ip/clk_core_extorint_40/clk_core_extorint_40_ooc.xdc] for cell 'inst'
Parsing XDC File [/home/daq/AstroPix/260225_dev_richard/astep-fw/fw/astep24-3l/target-multiboard/vivado-run/astropix-cmodr2_3_CONFIG_SE.gen/sources_1/ip/clk_core_extorint_40/clk_core_extorint_40_board.xdc] for cell 'inst'
Finished Parsing XDC File [/home/daq/AstroPix/260225_dev_richard/astep-fw/fw/astep24-3l/target-multiboard/vivado-run/astropix-cmodr2_3_CONFIG_SE.gen/sources_1/ip/clk_core_extorint_40/clk_core_extorint_40_board.xdc] for cell 'inst'
Parsing XDC File [/home/daq/AstroPix/260225_dev_richard/astep-fw/fw/astep24-3l/target-multiboard/vivado-run/astropix-cmodr2_3_CONFIG_SE.gen/sources_1/ip/clk_core_extorint_40/clk_core_extorint_40.xdc] for cell 'inst'
Finished Parsing XDC File [/home/daq/AstroPix/260225_dev_richard/astep-fw/fw/astep24-3l/target-multiboard/vivado-run/astropix-cmodr2_3_CONFIG_SE.gen/sources_1/ip/clk_core_extorint_40/clk_core_extorint_40.xdc] for cell 'inst'
INFO: [Opt 31-138] Pushed 0 inverter(s) to 0 load pin(s).
Netlist sorting complete. Time (s): cpu = 00:00:00 ; elapsed = 00:00:00 . Memory (MB): peak = 2736.320 ; gain = 0.000 ; free physical = 509 ; free virtual = 50233
INFO: [Project 1-111] Unisim Transformation Summary:
No Unisim elements were transformed.

Synth Design complete | Checksum: 92cc99f1
INFO: [Common 17-83] Releasing license: Synthesis
25 Infos, 2 Warnings, 0 Critical Warnings and 0 Errors encountered.
synth_design completed successfully
synth_design: Time (s): cpu = 00:00:21 ; elapsed = 00:00:18 . Memory (MB): peak = 2736.320 ; gain = 8.004 ; free physical = 511 ; free virtual = 50235
INFO: [Common 17-2834] synth_design peak Physical Memory [PSS] (MB): overall = 2185.035; main = 1865.291; forked = 367.755
INFO: [Common 17-2834] synth_design peak Virtual Memory [VSS] (MB): overall = 3680.602; main = 2704.273; forked = 976.328
INFO: [Timing 38-480] Writing timing data to binary archive.
INFO: [Common 17-1381] The checkpoint '/home/daq/AstroPix/260225_dev_richard/astep-fw/fw/astep24-3l/target-multiboard/vivado-run/astropix-cmodr2_3_CONFIG_SE.gen/sources_1/ip/clk_core_extorint_40/clk_core_extorint_40.dcp' has been generated.
CRITICAL WARNING: [Vivado 12-5447] synth_ip is not supported in project mode, please use non-project mode.
INFO: [IP_Flow 19-1686] Generating 'Synthesis' target for IP 'clk_sys_to_40'...
INFO: [IP_Flow 19-1686] Generating 'Simulation' target for IP 'clk_sys_to_40'...
INFO: [IP_Flow 19-1686] Generating 'Implementation' target for IP 'clk_sys_to_40'...
INFO: [IP_Flow 19-1686] Generating 'Change Log' target for IP 'clk_sys_to_40'...
INFO: [IP_Flow 19-234] Refreshing IP repositories
INFO: [IP_Flow 19-1704] No user IP repositories specified
INFO: [IP_Flow 19-2313] Loaded Vivado IP repository '/cache/Vivado/2023.2/data/ip'.
WARNING: [Vivado 12-13650] The IP file '/home/daq/AstroPix/260225_dev_richard/astep-fw/fw/astep24-3l/target-multiboard/vivado-run/astropix-cmodr2_3_CONFIG_SE.srcs/sources_1/ip/clk_sys_to_40/clk_sys_to_40.xci' has been moved from its original location, as a result the outputs for this IP will now be generated in '/home/daq/AstroPix/260225_dev_richard/astep-fw/fw/astep24-3l/target-multiboard/vivado-run/astropix-cmodr2_3_CONFIG_SE.gen/sources_1/ip/clk_sys_to_40'. Alternatively a copy of the IP can be imported into the project using one of the 'import_ip' or 'import_files' commands.
Command: synth_design -top clk_sys_to_40 -part xc7a35tcpg236-1 -mode out_of_context
Starting synth_design
Attempting to get a license for feature 'Synthesis' and/or device 'xc7a35t'
INFO: [Common 17-349] Got license for feature 'Synthesis' and/or device 'xc7a35t'
INFO: [Synth 8-7079] Multithreading enabled for synth_design using a maximum of 4 processes.
---------------------------------------------------------------------------------
Starting RTL Elaboration : Time (s): cpu = 00:00:04 ; elapsed = 00:00:05 . Memory (MB): peak = 2736.320 ; gain = 0.000 ; free physical = 253 ; free virtual = 49993
---------------------------------------------------------------------------------
INFO: [Synth 8-6157] synthesizing module 'clk_sys_to_40' [/home/daq/AstroPix/260225_dev_richard/astep-fw/fw/astep24-3l/target-multiboard/vivado-run/astropix-cmodr2_3_CONFIG_SE.gen/sources_1/ip/clk_sys_to_40/clk_sys_to_40.v:65]
INFO: [Synth 8-6157] synthesizing module 'clk_sys_to_40_clk_wiz' [/home/daq/AstroPix/260225_dev_richard/astep-fw/fw/astep24-3l/target-multiboard/vivado-run/astropix-cmodr2_3_CONFIG_SE.gen/sources_1/ip/clk_sys_to_40/clk_sys_to_40_clk_wiz.v:65]
INFO: [Synth 8-6157] synthesizing module 'IBUF' [/cache/Vivado/2023.2/scripts/rt/data/unisim_comp.v:73631]
INFO: [Synth 8-6155] done synthesizing module 'IBUF' (0#1) [/cache/Vivado/2023.2/scripts/rt/data/unisim_comp.v:73631]
INFO: [Synth 8-6157] synthesizing module 'MMCME2_ADV' [/cache/Vivado/2023.2/scripts/rt/data/unisim_comp.v:82174]
	Parameter BANDWIDTH bound to: OPTIMIZED - type: string 
	Parameter CLKFBOUT_MULT_F bound to: 63.750000 - type: double 
	Parameter CLKFBOUT_PHASE bound to: 0.000000 - type: double 
	Parameter CLKFBOUT_USE_FINE_PS bound to: FALSE - type: string 
	Parameter CLKIN1_PERIOD bound to: 83.333000 - type: double 
	Parameter CLKOUT0_DIVIDE_F bound to: 19.125000 - type: double 
	Parameter CLKOUT0_DUTY_CYCLE bound to: 0.500000 - type: double 
	Parameter CLKOUT0_PHASE bound to: 0.000000 - type: double 
	Parameter CLKOUT0_USE_FINE_PS bound to: FALSE - type: string 
	Parameter CLKOUT4_CASCADE bound to: FALSE - type: string 
	Parameter COMPENSATION bound to: ZHOLD - type: string 
	Parameter DIVCLK_DIVIDE bound to: 1 - type: integer 
	Parameter STARTUP_WAIT bound to: FALSE - type: string 
INFO: [Synth 8-6155] done synthesizing module 'MMCME2_ADV' (0#1) [/cache/Vivado/2023.2/scripts/rt/data/unisim_comp.v:82174]
INFO: [Synth 8-6157] synthesizing module 'BUFG' [/cache/Vivado/2023.2/scripts/rt/data/unisim_comp.v:1951]
INFO: [Synth 8-6155] done synthesizing module 'BUFG' (0#1) [/cache/Vivado/2023.2/scripts/rt/data/unisim_comp.v:1951]
INFO: [Synth 8-6155] done synthesizing module 'clk_sys_to_40_clk_wiz' (0#1) [/home/daq/AstroPix/260225_dev_richard/astep-fw/fw/astep24-3l/target-multiboard/vivado-run/astropix-cmodr2_3_CONFIG_SE.gen/sources_1/ip/clk_sys_to_40/clk_sys_to_40_clk_wiz.v:65]
INFO: [Synth 8-6155] done synthesizing module 'clk_sys_to_40' (0#1) [/home/daq/AstroPix/260225_dev_richard/astep-fw/fw/astep24-3l/target-multiboard/vivado-run/astropix-cmodr2_3_CONFIG_SE.gen/sources_1/ip/clk_sys_to_40/clk_sys_to_40.v:65]
---------------------------------------------------------------------------------
Finished RTL Elaboration : Time (s): cpu = 00:00:06 ; elapsed = 00:00:06 . Memory (MB): peak = 2736.320 ; gain = 0.000 ; free physical = 257 ; free virtual = 49997
---------------------------------------------------------------------------------
---------------------------------------------------------------------------------
Start Handling Custom Attributes
---------------------------------------------------------------------------------
---------------------------------------------------------------------------------
Finished Handling Custom Attributes : Time (s): cpu = 00:00:06 ; elapsed = 00:00:06 . Memory (MB): peak = 2736.320 ; gain = 0.000 ; free physical = 257 ; free virtual = 49997
---------------------------------------------------------------------------------
---------------------------------------------------------------------------------
Finished RTL Optimization Phase 1 : Time (s): cpu = 00:00:06 ; elapsed = 00:00:06 . Memory (MB): peak = 2736.320 ; gain = 0.000 ; free physical = 257 ; free virtual = 49997
---------------------------------------------------------------------------------
Netlist sorting complete. Time (s): cpu = 00:00:00 ; elapsed = 00:00:00 . Memory (MB): peak = 2736.320 ; gain = 0.000 ; free physical = 257 ; free virtual = 49997
INFO: [Netlist 29-17] Analyzing 1 Unisim elements for replacement
INFO: [Netlist 29-28] Unisim Transformation completed in 0 CPU seconds
INFO: [Project 1-570] Preparing netlist for logic optimization

Processing XDC Constraints
Initializing timing engine
Parsing XDC File [/home/daq/AstroPix/260225_dev_richard/astep-fw/fw/astep24-3l/target-multiboard/vivado-run/astropix-cmodr2_3_CONFIG_SE.gen/sources_1/ip/clk_sys_to_40/clk_sys_to_40_ooc.xdc] for cell 'inst'
Finished Parsing XDC File [/home/daq/AstroPix/260225_dev_richard/astep-fw/fw/astep24-3l/target-multiboard/vivado-run/astropix-cmodr2_3_CONFIG_SE.gen/sources_1/ip/clk_sys_to_40/clk_sys_to_40_ooc.xdc] for cell 'inst'
Parsing XDC File [/home/daq/AstroPix/260225_dev_richard/astep-fw/fw/astep24-3l/target-multiboard/vivado-run/astropix-cmodr2_3_CONFIG_SE.gen/sources_1/ip/clk_sys_to_40/clk_sys_to_40_board.xdc] for cell 'inst'
Finished Parsing XDC File [/home/daq/AstroPix/260225_dev_richard/astep-fw/fw/astep24-3l/target-multiboard/vivado-run/astropix-cmodr2_3_CONFIG_SE.gen/sources_1/ip/clk_sys_to_40/clk_sys_to_40_board.xdc] for cell 'inst'
Parsing XDC File [/home/daq/AstroPix/260225_dev_richard/astep-fw/fw/astep24-3l/target-multiboard/vivado-run/astropix-cmodr2_3_CONFIG_SE.gen/sources_1/ip/clk_sys_to_40/clk_sys_to_40.xdc] for cell 'inst'
Finished Parsing XDC File [/home/daq/AstroPix/260225_dev_richard/astep-fw/fw/astep24-3l/target-multiboard/vivado-run/astropix-cmodr2_3_CONFIG_SE.gen/sources_1/ip/clk_sys_to_40/clk_sys_to_40.xdc] for cell 'inst'
INFO: [Project 1-236] Implementation specific constraints were found while reading constraint file [/home/daq/AstroPix/260225_dev_richard/astep-fw/fw/astep24-3l/target-multiboard/vivado-run/astropix-cmodr2_3_CONFIG_SE.gen/sources_1/ip/clk_sys_to_40/clk_sys_to_40.xdc]. These constraints will be ignored for synthesis but will be used in implementation. Impacted constraints are listed in the file [.Xil/clk_sys_to_40_propImpl.xdc].
Resolution: To avoid this warning, move constraints listed in [.Xil/clk_sys_to_40_propImpl.xdc] to another XDC file and exclude this new file from synthesis with the used_in_synthesis property (File Properties dialog in GUI) and re-run elaboration/synthesis.
INFO: [Timing 38-2] Deriving generated clocks
Completed Processing XDC Constraints

Netlist sorting complete. Time (s): cpu = 00:00:00 ; elapsed = 00:00:00 . Memory (MB): peak = 2744.289 ; gain = 0.000 ; free physical = 244 ; free virtual = 49984
INFO: [Project 1-111] Unisim Transformation Summary:
No Unisim elements were transformed.

Constraint Validation Runtime : Time (s): cpu = 00:00:00 ; elapsed = 00:00:00 . Memory (MB): peak = 2744.324 ; gain = 0.000 ; free physical = 245 ; free virtual = 49985
---------------------------------------------------------------------------------
Finished Constraint Validation : Time (s): cpu = 00:00:11 ; elapsed = 00:00:12 . Memory (MB): peak = 2744.324 ; gain = 8.004 ; free physical = 262 ; free virtual = 50002
---------------------------------------------------------------------------------
---------------------------------------------------------------------------------
Start Loading Part and Timing Information
---------------------------------------------------------------------------------
Loading part: xc7a35tcpg236-1
---------------------------------------------------------------------------------
Finished Loading Part and Timing Information : Time (s): cpu = 00:00:11 ; elapsed = 00:00:12 . Memory (MB): peak = 2744.324 ; gain = 8.004 ; free physical = 262 ; free virtual = 50002
---------------------------------------------------------------------------------
---------------------------------------------------------------------------------
Start Applying 'set_property' XDC Constraints
---------------------------------------------------------------------------------
Applied set_property KEEP_HIERARCHY = SOFT for inst. (constraint file  auto generated constraint).
Applied set_property KEEP = true for clk_in1. (constraint file  auto generated constraint).
---------------------------------------------------------------------------------
Finished applying 'set_property' XDC Constraints : Time (s): cpu = 00:00:11 ; elapsed = 00:00:12 . Memory (MB): peak = 2744.324 ; gain = 8.004 ; free physical = 262 ; free virtual = 50002
---------------------------------------------------------------------------------
---------------------------------------------------------------------------------
Finished RTL Optimization Phase 2 : Time (s): cpu = 00:00:12 ; elapsed = 00:00:12 . Memory (MB): peak = 2744.324 ; gain = 8.004 ; free physical = 252 ; free virtual = 49993
---------------------------------------------------------------------------------
---------------------------------------------------------------------------------
Start RTL Component Statistics 
---------------------------------------------------------------------------------
Detailed RTL Component Info : 
---------------------------------------------------------------------------------
Finished RTL Component Statistics 
---------------------------------------------------------------------------------
---------------------------------------------------------------------------------
Start Part Resource Summary
---------------------------------------------------------------------------------
Part Resources:
DSPs: 90 (col length:60)
BRAMs: 100 (col length: RAMB18 60 RAMB36 30)
---------------------------------------------------------------------------------
Finished Part Resource Summary
---------------------------------------------------------------------------------
---------------------------------------------------------------------------------
Start Cross Boundary and Area Optimization
---------------------------------------------------------------------------------
WARNING: [Synth 8-7080] Parallel synthesis criteria is not met
---------------------------------------------------------------------------------
Finished Cross Boundary and Area Optimization : Time (s): cpu = 00:00:13 ; elapsed = 00:00:13 . Memory (MB): peak = 2744.324 ; gain = 8.004 ; free physical = 245 ; free virtual = 49986
---------------------------------------------------------------------------------
---------------------------------------------------------------------------------
Start Applying XDC Timing Constraints
---------------------------------------------------------------------------------
---------------------------------------------------------------------------------
Finished Applying XDC Timing Constraints : Time (s): cpu = 00:00:13 ; elapsed = 00:00:13 . Memory (MB): peak = 2744.324 ; gain = 8.004 ; free physical = 247 ; free virtual = 49988
---------------------------------------------------------------------------------
---------------------------------------------------------------------------------
Start Timing Optimization
---------------------------------------------------------------------------------
---------------------------------------------------------------------------------
Finished Timing Optimization : Time (s): cpu = 00:00:13 ; elapsed = 00:00:13 . Memory (MB): peak = 2744.324 ; gain = 8.004 ; free physical = 246 ; free virtual = 49987
---------------------------------------------------------------------------------
---------------------------------------------------------------------------------
Start Technology Mapping
---------------------------------------------------------------------------------
---------------------------------------------------------------------------------
Finished Technology Mapping : Time (s): cpu = 00:00:13 ; elapsed = 00:00:13 . Memory (MB): peak = 2744.324 ; gain = 8.004 ; free physical = 241 ; free virtual = 49982
---------------------------------------------------------------------------------
---------------------------------------------------------------------------------
Start IO Insertion
---------------------------------------------------------------------------------
---------------------------------------------------------------------------------
Start Flattening Before IO Insertion
---------------------------------------------------------------------------------
---------------------------------------------------------------------------------
Finished Flattening Before IO Insertion
---------------------------------------------------------------------------------
---------------------------------------------------------------------------------
Start Final Netlist Cleanup
---------------------------------------------------------------------------------
---------------------------------------------------------------------------------
Finished Final Netlist Cleanup
---------------------------------------------------------------------------------
---------------------------------------------------------------------------------
Finished IO Insertion : Time (s): cpu = 00:00:17 ; elapsed = 00:00:17 . Memory (MB): peak = 2744.324 ; gain = 8.004 ; free physical = 260 ; free virtual = 50001
---------------------------------------------------------------------------------
---------------------------------------------------------------------------------
Start Renaming Generated Instances
---------------------------------------------------------------------------------
---------------------------------------------------------------------------------
Finished Renaming Generated Instances : Time (s): cpu = 00:00:17 ; elapsed = 00:00:17 . Memory (MB): peak = 2744.324 ; gain = 8.004 ; free physical = 260 ; free virtual = 50001
---------------------------------------------------------------------------------
---------------------------------------------------------------------------------
Start Rebuilding User Hierarchy
---------------------------------------------------------------------------------
---------------------------------------------------------------------------------
Finished Rebuilding User Hierarchy : Time (s): cpu = 00:00:17 ; elapsed = 00:00:17 . Memory (MB): peak = 2744.324 ; gain = 8.004 ; free physical = 260 ; free virtual = 50001
---------------------------------------------------------------------------------
---------------------------------------------------------------------------------
Start Renaming Generated Ports
---------------------------------------------------------------------------------
---------------------------------------------------------------------------------
Finished Renaming Generated Ports : Time (s): cpu = 00:00:17 ; elapsed = 00:00:17 . Memory (MB): peak = 2744.324 ; gain = 8.004 ; free physical = 260 ; free virtual = 50001
---------------------------------------------------------------------------------
---------------------------------------------------------------------------------
Start Handling Custom Attributes
---------------------------------------------------------------------------------
---------------------------------------------------------------------------------
Finished Handling Custom Attributes : Time (s): cpu = 00:00:17 ; elapsed = 00:00:17 . Memory (MB): peak = 2744.324 ; gain = 8.004 ; free physical = 260 ; free virtual = 50001
---------------------------------------------------------------------------------
---------------------------------------------------------------------------------
Start Renaming Generated Nets
---------------------------------------------------------------------------------
---------------------------------------------------------------------------------
Finished Renaming Generated Nets : Time (s): cpu = 00:00:17 ; elapsed = 00:00:17 . Memory (MB): peak = 2744.324 ; gain = 8.004 ; free physical = 260 ; free virtual = 50001
---------------------------------------------------------------------------------
---------------------------------------------------------------------------------
Start Writing Synthesis Report
---------------------------------------------------------------------------------

Report BlackBoxes: 
+-+--------------+----------+
| |BlackBox name |Instances |
+-+--------------+----------+
+-+--------------+----------+

Report Cell Usage: 
+------+-----------+------+
|      |Cell       |Count |
+------+-----------+------+
|1     |BUFG       |     2|
|2     |LUT1       |     1|
|3     |MMCME2_ADV |     1|
|4     |IBUF       |     1|
+------+-----------+------+
---------------------------------------------------------------------------------
Finished Writing Synthesis Report : Time (s): cpu = 00:00:17 ; elapsed = 00:00:17 . Memory (MB): peak = 2744.324 ; gain = 8.004 ; free physical = 260 ; free virtual = 50001
---------------------------------------------------------------------------------
Synthesis finished with 0 errors, 0 critical warnings and 1 warnings.
Synthesis Optimization Runtime : Time (s): cpu = 00:00:17 ; elapsed = 00:00:17 . Memory (MB): peak = 2744.324 ; gain = 0.000 ; free physical = 260 ; free virtual = 50001
Synthesis Optimization Complete : Time (s): cpu = 00:00:17 ; elapsed = 00:00:17 . Memory (MB): peak = 2744.324 ; gain = 8.004 ; free physical = 260 ; free virtual = 50001
INFO: [Project 1-571] Translating synthesized netlist
Netlist sorting complete. Time (s): cpu = 00:00:00 ; elapsed = 00:00:00 . Memory (MB): peak = 2744.324 ; gain = 0.000 ; free physical = 260 ; free virtual = 50001
INFO: [Netlist 29-17] Analyzing 1 Unisim elements for replacement
INFO: [Netlist 29-28] Unisim Transformation completed in 0 CPU seconds
INFO: [Project 1-570] Preparing netlist for logic optimization
Parsing XDC File [/home/daq/AstroPix/260225_dev_richard/astep-fw/fw/astep24-3l/target-multiboard/vivado-run/astropix-cmodr2_3_CONFIG_SE.gen/sources_1/ip/clk_sys_to_40/clk_sys_to_40_ooc.xdc] for cell 'inst'
Finished Parsing XDC File [/home/daq/AstroPix/260225_dev_richard/astep-fw/fw/astep24-3l/target-multiboard/vivado-run/astropix-cmodr2_3_CONFIG_SE.gen/sources_1/ip/clk_sys_to_40/clk_sys_to_40_ooc.xdc] for cell 'inst'
Parsing XDC File [/home/daq/AstroPix/260225_dev_richard/astep-fw/fw/astep24-3l/target-multiboard/vivado-run/astropix-cmodr2_3_CONFIG_SE.gen/sources_1/ip/clk_sys_to_40/clk_sys_to_40_board.xdc] for cell 'inst'
Finished Parsing XDC File [/home/daq/AstroPix/260225_dev_richard/astep-fw/fw/astep24-3l/target-multiboard/vivado-run/astropix-cmodr2_3_CONFIG_SE.gen/sources_1/ip/clk_sys_to_40/clk_sys_to_40_board.xdc] for cell 'inst'
Parsing XDC File [/home/daq/AstroPix/260225_dev_richard/astep-fw/fw/astep24-3l/target-multiboard/vivado-run/astropix-cmodr2_3_CONFIG_SE.gen/sources_1/ip/clk_sys_to_40/clk_sys_to_40.xdc] for cell 'inst'
INFO: [Timing 38-35] Done setting XDC timing constraints. [/home/daq/AstroPix/260225_dev_richard/astep-fw/fw/astep24-3l/target-multiboard/vivado-run/astropix-cmodr2_3_CONFIG_SE.gen/sources_1/ip/clk_sys_to_40/clk_sys_to_40.xdc:54]
INFO: [Timing 38-2] Deriving generated clocks [/home/daq/AstroPix/260225_dev_richard/astep-fw/fw/astep24-3l/target-multiboard/vivado-run/astropix-cmodr2_3_CONFIG_SE.gen/sources_1/ip/clk_sys_to_40/clk_sys_to_40.xdc:54]
Finished Parsing XDC File [/home/daq/AstroPix/260225_dev_richard/astep-fw/fw/astep24-3l/target-multiboard/vivado-run/astropix-cmodr2_3_CONFIG_SE.gen/sources_1/ip/clk_sys_to_40/clk_sys_to_40.xdc] for cell 'inst'
INFO: [Opt 31-138] Pushed 0 inverter(s) to 0 load pin(s).
Netlist sorting complete. Time (s): cpu = 00:00:00 ; elapsed = 00:00:00 . Memory (MB): peak = 3003.309 ; gain = 0.000 ; free physical = 270 ; free virtual = 50027
INFO: [Project 1-111] Unisim Transformation Summary:
No Unisim elements were transformed.

Synth Design complete | Checksum: 376a123a
INFO: [Common 17-83] Releasing license: Synthesis
30 Infos, 2 Warnings, 0 Critical Warnings and 0 Errors encountered.
synth_design completed successfully
synth_design: Time (s): cpu = 00:00:23 ; elapsed = 00:00:20 . Memory (MB): peak = 3003.344 ; gain = 267.023 ; free physical = 265 ; free virtual = 50022
INFO: [Common 17-2834] synth_design peak Physical Memory [PSS] (MB): overall = 2202.813; main = 2099.061; forked = 380.685
INFO: [Common 17-2834] synth_design peak Virtual Memory [VSS] (MB): overall = 3701.480; main = 3003.312; forked = 989.203
INFO: [Timing 38-480] Writing timing data to binary archive.
Write ShapeDB Complete: Time (s): cpu = 00:00:00 ; elapsed = 00:00:00 . Memory (MB): peak = 3035.324 ; gain = 0.000 ; free physical = 263 ; free virtual = 50020
Wrote PlaceDB: Time (s): cpu = 00:00:00 ; elapsed = 00:00:00 . Memory (MB): peak = 3035.324 ; gain = 0.000 ; free physical = 263 ; free virtual = 50020
Wrote PulsedLatchDB: Time (s): cpu = 00:00:00 ; elapsed = 00:00:00 . Memory (MB): peak = 3035.324 ; gain = 0.000 ; free physical = 263 ; free virtual = 50020
Writing XDEF routing.
Writing XDEF routing logical nets.
Writing XDEF routing special nets.
Wrote RouteStorage: Time (s): cpu = 00:00:00.03 ; elapsed = 00:00:00.02 . Memory (MB): peak = 3035.324 ; gain = 0.000 ; free physical = 263 ; free virtual = 50020
Wrote Netlist Cache: Time (s): cpu = 00:00:00 ; elapsed = 00:00:00 . Memory (MB): peak = 3035.324 ; gain = 0.000 ; free physical = 263 ; free virtual = 50020
Wrote Device Cache: Time (s): cpu = 00:00:00.02 ; elapsed = 00:00:00.01 . Memory (MB): peak = 3035.324 ; gain = 0.000 ; free physical = 263 ; free virtual = 50020
Write Physdb Complete: Time (s): cpu = 00:00:00.05 ; elapsed = 00:00:00.03 . Memory (MB): peak = 3035.324 ; gain = 0.000 ; free physical = 263 ; free virtual = 50020
INFO: [Common 17-1381] The checkpoint '/home/daq/AstroPix/260225_dev_richard/astep-fw/fw/astep24-3l/target-multiboard/vivado-run/astropix-cmodr2_3_CONFIG_SE.gen/sources_1/ip/clk_sys_to_40/clk_sys_to_40.dcp' has been generated.
CRITICAL WARNING: [Vivado 12-5447] synth_ip is not supported in project mode, please use non-project mode.
INFO: [IP_Flow 19-1686] Generating 'Instantiation Template' target for IP 'fifo_axis_1clk_1kB'...
INFO: [IP_Flow 19-1686] Generating 'Synthesis' target for IP 'fifo_axis_1clk_1kB'...
INFO: [IP_Flow 19-1686] Generating 'Simulation' target for IP 'fifo_axis_1clk_1kB'...
INFO: [IP_Flow 19-1686] Generating 'Change Log' target for IP 'fifo_axis_1clk_1kB'...
INFO: [IP_Flow 19-234] Refreshing IP repositories
INFO: [IP_Flow 19-1704] No user IP repositories specified
INFO: [IP_Flow 19-2313] Loaded Vivado IP repository '/cache/Vivado/2023.2/data/ip'.
WARNING: [Vivado 12-13650] The IP file '/home/daq/AstroPix/260225_dev_richard/astep-fw/fw/astep24-3l/target-multiboard/vivado-run/astropix-cmodr2_3_CONFIG_SE.srcs/sources_1/ip/fifo_axis_1clk_1kB/fifo_axis_1clk_1kB.xci' has been moved from its original location, as a result the outputs for this IP will now be generated in '/home/daq/AstroPix/260225_dev_richard/astep-fw/fw/astep24-3l/target-multiboard/vivado-run/astropix-cmodr2_3_CONFIG_SE.gen/sources_1/ip/fifo_axis_1clk_1kB'. Alternatively a copy of the IP can be imported into the project using one of the 'import_ip' or 'import_files' commands.
Command: synth_design -top fifo_axis_1clk_1kB -part xc7a35tcpg236-1 -mode out_of_context
Starting synth_design
Attempting to get a license for feature 'Synthesis' and/or device 'xc7a35t'
INFO: [Common 17-349] Got license for feature 'Synthesis' and/or device 'xc7a35t'
INFO: [Synth 8-7079] Multithreading enabled for synth_design using a maximum of 4 processes.
---------------------------------------------------------------------------------
Starting RTL Elaboration : Time (s): cpu = 00:00:04 ; elapsed = 00:00:05 . Memory (MB): peak = 3035.324 ; gain = 0.000 ; free physical = 220 ; free virtual = 49813
---------------------------------------------------------------------------------
INFO: [Synth 8-6157] synthesizing module 'fifo_axis_1clk_1kB' [/home/daq/AstroPix/260225_dev_richard/astep-fw/fw/astep24-3l/target-multiboard/vivado-run/astropix-cmodr2_3_CONFIG_SE.gen/sources_1/ip/fifo_axis_1clk_1kB/synth/fifo_axis_1clk_1kB.v:53]
INFO: [Synth 8-6157] synthesizing module 'axis_data_fifo_v2_0_11_top' [/home/daq/AstroPix/260225_dev_richard/astep-fw/fw/astep24-3l/target-multiboard/vivado-run/astropix-cmodr2_3_CONFIG_SE.gen/sources_1/ip/fifo_axis_1clk_1kB/hdl/axis_data_fifo_v2_0_vl_rfs.v:53]
INFO: [Synth 8-6157] synthesizing module 'axis_infrastructure_v1_1_1_util_aclken_converter_wrapper' [/home/daq/AstroPix/260225_dev_richard/astep-fw/fw/astep24-3l/target-multiboard/vivado-run/astropix-cmodr2_3_CONFIG_SE.gen/sources_1/ip/fifo_axis_1clk_1kB/hdl/axis_infrastructure_v1_1_vl_rfs.v:596]
INFO: [Synth 8-6157] synthesizing module 'axis_infrastructure_v1_1_1_util_axis2vector' [/home/daq/AstroPix/260225_dev_richard/astep-fw/fw/astep24-3l/target-multiboard/vivado-run/astropix-cmodr2_3_CONFIG_SE.gen/sources_1/ip/fifo_axis_1clk_1kB/hdl/axis_infrastructure_v1_1_vl_rfs.v:805]
INFO: [Synth 8-6155] done synthesizing module 'axis_infrastructure_v1_1_1_util_axis2vector' (0#1) [/home/daq/AstroPix/260225_dev_richard/astep-fw/fw/astep24-3l/target-multiboard/vivado-run/astropix-cmodr2_3_CONFIG_SE.gen/sources_1/ip/fifo_axis_1clk_1kB/hdl/axis_infrastructure_v1_1_vl_rfs.v:805]
INFO: [Synth 8-6157] synthesizing module 'axis_infrastructure_v1_1_1_util_vector2axis' [/home/daq/AstroPix/260225_dev_richard/astep-fw/fw/astep24-3l/target-multiboard/vivado-run/astropix-cmodr2_3_CONFIG_SE.gen/sources_1/ip/fifo_axis_1clk_1kB/hdl/axis_infrastructure_v1_1_vl_rfs.v:986]
INFO: [Synth 8-6155] done synthesizing module 'axis_infrastructure_v1_1_1_util_vector2axis' (0#1) [/home/daq/AstroPix/260225_dev_richard/astep-fw/fw/astep24-3l/target-multiboard/vivado-run/astropix-cmodr2_3_CONFIG_SE.gen/sources_1/ip/fifo_axis_1clk_1kB/hdl/axis_infrastructure_v1_1_vl_rfs.v:986]
INFO: [Synth 8-6155] done synthesizing module 'axis_infrastructure_v1_1_1_util_aclken_converter_wrapper' (0#1) [/home/daq/AstroPix/260225_dev_richard/astep-fw/fw/astep24-3l/target-multiboard/vivado-run/astropix-cmodr2_3_CONFIG_SE.gen/sources_1/ip/fifo_axis_1clk_1kB/hdl/axis_infrastructure_v1_1_vl_rfs.v:596]
INFO: [Synth 8-6157] synthesizing module 'xpm_fifo_axis' [/cache/Vivado/2023.2/data/ip/xpm/xpm_fifo/hdl/xpm_fifo.sv:2356]
INFO: [Synth 8-6157] synthesizing module 'xpm_cdc_sync_rst' [/cache/Vivado/2023.2/data/ip/xpm/xpm_cdc/hdl/xpm_cdc.sv:1059]
INFO: [Synth 8-6155] done synthesizing module 'xpm_cdc_sync_rst' (0#1) [/cache/Vivado/2023.2/data/ip/xpm/xpm_cdc/hdl/xpm_cdc.sv:1059]
INFO: [Synth 8-6157] synthesizing module 'xpm_fifo_base' [/cache/Vivado/2023.2/data/ip/xpm/xpm_fifo/hdl/xpm_fifo.sv:53]
INFO: [Synth 8-6157] synthesizing module 'xpm_counter_updn' [/cache/Vivado/2023.2/data/ip/xpm/xpm_fifo/hdl/xpm_fifo.sv:1866]
INFO: [Synth 8-6155] done synthesizing module 'xpm_counter_updn' (0#1) [/cache/Vivado/2023.2/data/ip/xpm/xpm_fifo/hdl/xpm_fifo.sv:1866]
INFO: [Synth 8-6157] synthesizing module 'xpm_counter_updn__parameterized0' [/cache/Vivado/2023.2/data/ip/xpm/xpm_fifo/hdl/xpm_fifo.sv:1866]
INFO: [Synth 8-6155] done synthesizing module 'xpm_counter_updn__parameterized0' (0#1) [/cache/Vivado/2023.2/data/ip/xpm/xpm_fifo/hdl/xpm_fifo.sv:1866]
INFO: [Synth 8-6157] synthesizing module 'xpm_memory_base' [/cache/Vivado/2023.2/data/ip/xpm/xpm_memory/hdl/xpm_memory.sv:54]
INFO: [Synth 8-6059] Synth Info: [XPM_MEMORY 20-1] MEMORY_PRIMITIVE (0) instructs Vivado Synthesis to choose the memory primitive type. Depending on their values, other XPM_MEMORY parameters may preclude the choice of certain memory primitive types. Review XPM_MEMORY documentation and parameter values to understand any limitations, or set MEMORY_PRIMITIVE to a different value.   [/cache/Vivado/2023.2/data/ip/xpm/xpm_memory/hdl/xpm_memory.sv:506]
INFO: [Synth 8-6155] done synthesizing module 'xpm_memory_base' (0#1) [/cache/Vivado/2023.2/data/ip/xpm/xpm_memory/hdl/xpm_memory.sv:54]
INFO: [Synth 8-226] default block is never used [/cache/Vivado/2023.2/data/ip/xpm/xpm_fifo/hdl/xpm_fifo.sv:1214]
INFO: [Synth 8-226] default block is never used [/cache/Vivado/2023.2/data/ip/xpm/xpm_fifo/hdl/xpm_fifo.sv:1281]
INFO: [Synth 8-226] default block is never used [/cache/Vivado/2023.2/data/ip/xpm/xpm_fifo/hdl/xpm_fifo.sv:1303]
INFO: [Synth 8-6157] synthesizing module 'xpm_fifo_reg_bit' [/cache/Vivado/2023.2/data/ip/xpm/xpm_fifo/hdl/xpm_fifo.sv:1914]
INFO: [Synth 8-6155] done synthesizing module 'xpm_fifo_reg_bit' (0#1) [/cache/Vivado/2023.2/data/ip/xpm/xpm_fifo/hdl/xpm_fifo.sv:1914]
INFO: [Synth 8-6157] synthesizing module 'xpm_counter_updn__parameterized1' [/cache/Vivado/2023.2/data/ip/xpm/xpm_fifo/hdl/xpm_fifo.sv:1866]
INFO: [Synth 8-6155] done synthesizing module 'xpm_counter_updn__parameterized1' (0#1) [/cache/Vivado/2023.2/data/ip/xpm/xpm_fifo/hdl/xpm_fifo.sv:1866]
INFO: [Synth 8-6157] synthesizing module 'xpm_fifo_rst' [/cache/Vivado/2023.2/data/ip/xpm/xpm_fifo/hdl/xpm_fifo.sv:1626]
INFO: [Synth 8-6155] done synthesizing module 'xpm_fifo_rst' (0#1) [/cache/Vivado/2023.2/data/ip/xpm/xpm_fifo/hdl/xpm_fifo.sv:1626]
INFO: [Synth 8-6157] synthesizing module 'xpm_counter_updn__parameterized2' [/cache/Vivado/2023.2/data/ip/xpm/xpm_fifo/hdl/xpm_fifo.sv:1866]
INFO: [Synth 8-6155] done synthesizing module 'xpm_counter_updn__parameterized2' (0#1) [/cache/Vivado/2023.2/data/ip/xpm/xpm_fifo/hdl/xpm_fifo.sv:1866]
INFO: [Synth 8-6157] synthesizing module 'xpm_counter_updn__parameterized3' [/cache/Vivado/2023.2/data/ip/xpm/xpm_fifo/hdl/xpm_fifo.sv:1866]
INFO: [Synth 8-6155] done synthesizing module 'xpm_counter_updn__parameterized3' (0#1) [/cache/Vivado/2023.2/data/ip/xpm/xpm_fifo/hdl/xpm_fifo.sv:1866]
INFO: [Synth 8-6155] done synthesizing module 'xpm_fifo_base' (0#1) [/cache/Vivado/2023.2/data/ip/xpm/xpm_fifo/hdl/xpm_fifo.sv:53]
INFO: [Synth 8-6155] done synthesizing module 'xpm_fifo_axis' (0#1) [/cache/Vivado/2023.2/data/ip/xpm/xpm_fifo/hdl/xpm_fifo.sv:2356]
INFO: [Synth 8-6155] done synthesizing module 'axis_data_fifo_v2_0_11_top' (0#1) [/home/daq/AstroPix/260225_dev_richard/astep-fw/fw/astep24-3l/target-multiboard/vivado-run/astropix-cmodr2_3_CONFIG_SE.gen/sources_1/ip/fifo_axis_1clk_1kB/hdl/axis_data_fifo_v2_0_vl_rfs.v:53]
INFO: [Synth 8-6155] done synthesizing module 'fifo_axis_1clk_1kB' (0#1) [/home/daq/AstroPix/260225_dev_richard/astep-fw/fw/astep24-3l/target-multiboard/vivado-run/astropix-cmodr2_3_CONFIG_SE.gen/sources_1/ip/fifo_axis_1clk_1kB/synth/fifo_axis_1clk_1kB.v:53]
WARNING: [Synth 8-6014] Unused sequential element gen_rd_b.gen_doutb_pipe.enb_pipe_reg[0] was removed.  [/cache/Vivado/2023.2/data/ip/xpm/xpm_memory/hdl/xpm_memory.sv:3069]
WARNING: [Synth 8-6014] Unused sequential element gdvld.data_valid_std_reg was removed.  [/cache/Vivado/2023.2/data/ip/xpm/xpm_fifo/hdl/xpm_fifo.sv:544]
WARNING: [Synth 8-6014] Unused sequential element gen_pntr_flags_cc.gae_cc_std.ram_aempty_i_reg was removed.  [/cache/Vivado/2023.2/data/ip/xpm/xpm_fifo/hdl/xpm_fifo.sv:976]
WARNING: [Synth 8-6014] Unused sequential element gen_fwft.empty_fwft_fb_reg was removed.  [/cache/Vivado/2023.2/data/ip/xpm/xpm_fifo/hdl/xpm_fifo.sv:1398]
WARNING: [Synth 8-7129] Port ACLK in module axis_infrastructure_v1_1_1_util_aclken_converter_wrapper is either unconnected or has no load
WARNING: [Synth 8-7129] Port ARESETN in module axis_infrastructure_v1_1_1_util_aclken_converter_wrapper is either unconnected or has no load
WARNING: [Synth 8-7129] Port S_ACLKEN in module axis_infrastructure_v1_1_1_util_aclken_converter_wrapper is either unconnected or has no load
WARNING: [Synth 8-7129] Port M_ACLKEN in module axis_infrastructure_v1_1_1_util_aclken_converter_wrapper is either unconnected or has no load
WARNING: [Synth 8-7129] Port rd_clk in module xpm_fifo_rst is either unconnected or has no load
WARNING: [Synth 8-7129] Port sleep in module xpm_memory_base is either unconnected or has no load
WARNING: [Synth 8-7129] Port rsta in module xpm_memory_base is either unconnected or has no load
WARNING: [Synth 8-7129] Port regcea in module xpm_memory_base is either unconnected or has no load
WARNING: [Synth 8-7129] Port injectsbiterra in module xpm_memory_base is either unconnected or has no load
WARNING: [Synth 8-7129] Port injectdbiterra in module xpm_memory_base is either unconnected or has no load
WARNING: [Synth 8-7129] Port clkb in module xpm_memory_base is either unconnected or has no load
WARNING: [Synth 8-7129] Port dinb[13] in module xpm_memory_base is either unconnected or has no load
WARNING: [Synth 8-7129] Port dinb[12] in module xpm_memory_base is either unconnected or has no load
WARNING: [Synth 8-7129] Port dinb[11] in module xpm_memory_base is either unconnected or has no load
WARNING: [Synth 8-7129] Port dinb[10] in module xpm_memory_base is either unconnected or has no load
WARNING: [Synth 8-7129] Port dinb[9] in module xpm_memory_base is either unconnected or has no load
WARNING: [Synth 8-7129] Port dinb[8] in module xpm_memory_base is either unconnected or has no load
WARNING: [Synth 8-7129] Port dinb[7] in module xpm_memory_base is either unconnected or has no load
WARNING: [Synth 8-7129] Port dinb[6] in module xpm_memory_base is either unconnected or has no load
WARNING: [Synth 8-7129] Port dinb[5] in module xpm_memory_base is either unconnected or has no load
WARNING: [Synth 8-7129] Port dinb[4] in module xpm_memory_base is either unconnected or has no load
WARNING: [Synth 8-7129] Port dinb[3] in module xpm_memory_base is either unconnected or has no load
WARNING: [Synth 8-7129] Port dinb[2] in module xpm_memory_base is either unconnected or has no load
WARNING: [Synth 8-7129] Port dinb[1] in module xpm_memory_base is either unconnected or has no load
WARNING: [Synth 8-7129] Port dinb[0] in module xpm_memory_base is either unconnected or has no load
WARNING: [Synth 8-7129] Port injectsbiterrb in module xpm_memory_base is either unconnected or has no load
WARNING: [Synth 8-7129] Port injectdbiterrb in module xpm_memory_base is either unconnected or has no load
WARNING: [Synth 8-7129] Port m_aclk in module xpm_fifo_axis is either unconnected or has no load
WARNING: [Synth 8-7129] Port m_axis_aclk in module axis_data_fifo_v2_0_11_top is either unconnected or has no load
---------------------------------------------------------------------------------
Finished RTL Elaboration : Time (s): cpu = 00:00:07 ; elapsed = 00:00:08 . Memory (MB): peak = 3085.137 ; gain = 49.812 ; free physical = 224 ; free virtual = 49715
---------------------------------------------------------------------------------
---------------------------------------------------------------------------------
Start Handling Custom Attributes
---------------------------------------------------------------------------------
---------------------------------------------------------------------------------
Finished Handling Custom Attributes : Time (s): cpu = 00:00:08 ; elapsed = 00:00:08 . Memory (MB): peak = 3094.043 ; gain = 58.719 ; free physical = 215 ; free virtual = 49704
---------------------------------------------------------------------------------
---------------------------------------------------------------------------------
Finished RTL Optimization Phase 1 : Time (s): cpu = 00:00:08 ; elapsed = 00:00:08 . Memory (MB): peak = 3094.043 ; gain = 58.719 ; free physical = 216 ; free virtual = 49705
---------------------------------------------------------------------------------
Netlist sorting complete. Time (s): cpu = 00:00:00 ; elapsed = 00:00:00.01 . Memory (MB): peak = 3094.043 ; gain = 0.000 ; free physical = 216 ; free virtual = 49705
INFO: [Project 1-570] Preparing netlist for logic optimization

Processing XDC Constraints
Initializing timing engine
Parsing XDC File [/home/daq/AstroPix/260225_dev_richard/astep-fw/fw/astep24-3l/target-multiboard/vivado-run/astropix-cmodr2_3_CONFIG_SE.gen/sources_1/ip/fifo_axis_1clk_1kB/fifo_axis_1clk_1kB_ooc.xdc] for cell 'inst'
Finished Parsing XDC File [/home/daq/AstroPix/260225_dev_richard/astep-fw/fw/astep24-3l/target-multiboard/vivado-run/astropix-cmodr2_3_CONFIG_SE.gen/sources_1/ip/fifo_axis_1clk_1kB/fifo_axis_1clk_1kB_ooc.xdc] for cell 'inst'
INFO: [Project 1-236] Implementation specific constraints were found while reading constraint file [/cache/Vivado/2023.2/data/ip/xpm/xpm_fifo/tcl/xpm_fifo_rst_axis.tcl]. These constraints will be ignored for synthesis but will be used in implementation. Impacted constraints are listed in the file [.Xil/fifo_axis_1clk_1kB_propImpl.xdc].
Resolution: To avoid this warning, move constraints listed in [.Xil/fifo_axis_1clk_1kB_propImpl.xdc] to another XDC file and exclude this new file from synthesis with the used_in_synthesis property (File Properties dialog in GUI) and re-run elaboration/synthesis.
INFO: [Project 1-1714] 2 XPM XDC files have been applied to the design.
Completed Processing XDC Constraints

Netlist sorting complete. Time (s): cpu = 00:00:00 ; elapsed = 00:00:00 . Memory (MB): peak = 3209.777 ; gain = 0.000 ; free physical = 206 ; free virtual = 49696
INFO: [Project 1-111] Unisim Transformation Summary:
No Unisim elements were transformed.

Constraint Validation Runtime : Time (s): cpu = 00:00:00.02 ; elapsed = 00:00:00.01 . Memory (MB): peak = 3209.812 ; gain = 0.000 ; free physical = 206 ; free virtual = 49696
---------------------------------------------------------------------------------
Finished Constraint Validation : Time (s): cpu = 00:00:13 ; elapsed = 00:00:13 . Memory (MB): peak = 3209.812 ; gain = 174.488 ; free physical = 182 ; free virtual = 49671
---------------------------------------------------------------------------------
---------------------------------------------------------------------------------
Start Loading Part and Timing Information
---------------------------------------------------------------------------------
Loading part: xc7a35tcpg236-1
---------------------------------------------------------------------------------
Finished Loading Part and Timing Information : Time (s): cpu = 00:00:13 ; elapsed = 00:00:13 . Memory (MB): peak = 3209.812 ; gain = 174.488 ; free physical = 182 ; free virtual = 49671
---------------------------------------------------------------------------------
---------------------------------------------------------------------------------
Start Applying 'set_property' XDC Constraints
---------------------------------------------------------------------------------
Applied set_property KEEP_HIERARCHY = SOFT for inst. (constraint file  auto generated constraint).
Applied set_property KEEP_HIERARCHY = SOFT for inst/\gen_fifo.xpm_fifo_axis_inst /\gaxis_rst_sync.xpm_cdc_sync_rst_inst . (constraint file  auto generated constraint).
Applied set_property KEEP_HIERARCHY = SOFT for inst/\gen_fifo.xpm_fifo_axis_inst . (constraint file  auto generated constraint).
---------------------------------------------------------------------------------
Finished applying 'set_property' XDC Constraints : Time (s): cpu = 00:00:13 ; elapsed = 00:00:13 . Memory (MB): peak = 3209.812 ; gain = 174.488 ; free physical = 182 ; free virtual = 49671
---------------------------------------------------------------------------------
INFO: [Synth 8-802] inferred FSM for state register 'gen_fwft.curr_fwft_state_reg' in module 'xpm_fifo_base'
---------------------------------------------------------------------------------------------------
                   State |                     New Encoding |                Previous Encoding 
---------------------------------------------------------------------------------------------------
                 invalid |                               00 |                               00
            stage1_valid |                               01 |                               10
       both_stages_valid |                               10 |                               11
            stage2_valid |                               11 |                               01
---------------------------------------------------------------------------------------------------
INFO: [Synth 8-3354] encoded FSM with state register 'gen_fwft.curr_fwft_state_reg' using encoding 'sequential' in module 'xpm_fifo_base'
---------------------------------------------------------------------------------
Finished RTL Optimization Phase 2 : Time (s): cpu = 00:00:13 ; elapsed = 00:00:14 . Memory (MB): peak = 3209.812 ; gain = 174.488 ; free physical = 180 ; free virtual = 49671
---------------------------------------------------------------------------------
---------------------------------------------------------------------------------
Start RTL Component Statistics 
---------------------------------------------------------------------------------
Detailed RTL Component Info : 
+---Adders : 
	   4 Input   15 Bit       Adders := 3     
	   4 Input   14 Bit       Adders := 5     
	   4 Input    2 Bit       Adders := 1     
+---Registers : 
	               15 Bit    Registers := 3     
	               14 Bit    Registers := 7     
	                4 Bit    Registers := 1     
	                3 Bit    Registers := 1     
	                2 Bit    Registers := 2     
	                1 Bit    Registers := 14    
+---RAMs : 
	             224K Bit	(16384 X 14 bit)          RAMs := 1     
+---Muxes : 
	   2 Input    2 Bit        Muxes := 31    
	   4 Input    2 Bit        Muxes := 7     
	   4 Input    1 Bit        Muxes := 2     
	   2 Input    1 Bit        Muxes := 7     
	   3 Input    1 Bit        Muxes := 1     
---------------------------------------------------------------------------------
Finished RTL Component Statistics 
---------------------------------------------------------------------------------
---------------------------------------------------------------------------------
Start Part Resource Summary
---------------------------------------------------------------------------------
Part Resources:
DSPs: 90 (col length:60)
BRAMs: 100 (col length: RAMB18 60 RAMB36 30)
---------------------------------------------------------------------------------
Finished Part Resource Summary
---------------------------------------------------------------------------------
---------------------------------------------------------------------------------
Start Cross Boundary and Area Optimization
---------------------------------------------------------------------------------
WARNING: [Synth 8-7080] Parallel synthesis criteria is not met
WARNING: [Synth 8-7129] Port rsta in module xpm_memory_base is either unconnected or has no load
WARNING: [Synth 8-7129] Port regcea in module xpm_memory_base is either unconnected or has no load
WARNING: [Synth 8-7129] Port injectsbiterra in module xpm_memory_base is either unconnected or has no load
WARNING: [Synth 8-7129] Port injectdbiterra in module xpm_memory_base is either unconnected or has no load
WARNING: [Synth 8-7129] Port clkb in module xpm_memory_base is either unconnected or has no load
WARNING: [Synth 8-7129] Port dinb[13] in module xpm_memory_base is either unconnected or has no load
WARNING: [Synth 8-7129] Port dinb[12] in module xpm_memory_base is either unconnected or has no load
WARNING: [Synth 8-7129] Port dinb[11] in module xpm_memory_base is either unconnected or has no load
WARNING: [Synth 8-7129] Port dinb[10] in module xpm_memory_base is either unconnected or has no load
WARNING: [Synth 8-7129] Port dinb[9] in module xpm_memory_base is either unconnected or has no load
WARNING: [Synth 8-7129] Port dinb[8] in module xpm_memory_base is either unconnected or has no load
WARNING: [Synth 8-7129] Port dinb[7] in module xpm_memory_base is either unconnected or has no load
WARNING: [Synth 8-7129] Port dinb[6] in module xpm_memory_base is either unconnected or has no load
WARNING: [Synth 8-7129] Port dinb[5] in module xpm_memory_base is either unconnected or has no load
WARNING: [Synth 8-7129] Port dinb[4] in module xpm_memory_base is either unconnected or has no load
WARNING: [Synth 8-7129] Port dinb[3] in module xpm_memory_base is either unconnected or has no load
WARNING: [Synth 8-7129] Port dinb[2] in module xpm_memory_base is either unconnected or has no load
WARNING: [Synth 8-7129] Port dinb[1] in module xpm_memory_base is either unconnected or has no load
WARNING: [Synth 8-7129] Port dinb[0] in module xpm_memory_base is either unconnected or has no load
WARNING: [Synth 8-7129] Port injectsbiterrb in module xpm_memory_base is either unconnected or has no load
WARNING: [Synth 8-7129] Port injectdbiterrb in module xpm_memory_base is either unconnected or has no load
WARNING: [Synth 8-7129] Port m_aclk in module xpm_fifo_axis is either unconnected or has no load
WARNING: [Synth 8-7129] Port s_axis_aclken in module axis_data_fifo_v2_0_11_top is either unconnected or has no load
WARNING: [Synth 8-7129] Port s_axis_tstrb[0] in module axis_data_fifo_v2_0_11_top is either unconnected or has no load
WARNING: [Synth 8-7129] Port s_axis_tkeep[0] in module axis_data_fifo_v2_0_11_top is either unconnected or has no load
WARNING: [Synth 8-7129] Port s_axis_tid[0] in module axis_data_fifo_v2_0_11_top is either unconnected or has no load
WARNING: [Synth 8-7129] Port s_axis_tdest[0] in module axis_data_fifo_v2_0_11_top is either unconnected or has no load
WARNING: [Synth 8-7129] Port s_axis_tuser[0] in module axis_data_fifo_v2_0_11_top is either unconnected or has no load
WARNING: [Synth 8-7129] Port m_axis_aclk in module axis_data_fifo_v2_0_11_top is either unconnected or has no load
WARNING: [Synth 8-7129] Port m_axis_aclken in module axis_data_fifo_v2_0_11_top is either unconnected or has no load
INFO: [Synth 8-5784] Optimized 5 bits of RAM "gen_wr_a.gen_word_narrow.mem_reg" due to constant propagation. Old ram width 14 bits, new ram width 9 bits.
---------------------------------------------------------------------------------
Finished Cross Boundary and Area Optimization : Time (s): cpu = 00:00:15 ; elapsed = 00:00:15 . Memory (MB): peak = 3209.812 ; gain = 174.488 ; free physical = 157 ; free virtual = 49647
---------------------------------------------------------------------------------
---------------------------------------------------------------------------------
Start ROM, RAM, DSP, Shift Register and Retiming Reporting
---------------------------------------------------------------------------------

Block RAM: Preliminary Mapping Report (see note below)
+----------------------------------------------------------------------------------------+----------------------------------+------------------------+---+---+------------------------+---+---+------------------+--------+--------+
|Module Name                                                                             | RTL Object                       | PORT A (Depth x Width) | W | R | PORT B (Depth x Width) | W | R | Ports driving FF | RAMB18 | RAMB36 | 
+----------------------------------------------------------------------------------------+----------------------------------+------------------------+---+---+------------------------+---+---+------------------+--------+--------+
|inst/\gen_fifo.xpm_fifo_axis_inst /xpm_fifo_base_inst/\gen_sdpram.xpm_memory_base_inst  | gen_wr_a.gen_word_narrow.mem_reg | 16 K x 14(READ_FIRST)  | W |   | 16 K x 14(WRITE_FIRST) |   | R | Port A and B     | 1      | 4      | 
+----------------------------------------------------------------------------------------+----------------------------------+------------------------+---+---+------------------------+---+---+------------------+--------+--------+

Note: The table above is a preliminary report that shows the Block RAMs at the current stage of the synthesis flow. Some Block RAMs may be reimplemented as non Block RAM primitives later in the synthesis flow. Multiple instantiated Block RAMs are reported only once. 
---------------------------------------------------------------------------------
Finished ROM, RAM, DSP, Shift Register and Retiming Reporting
---------------------------------------------------------------------------------
---------------------------------------------------------------------------------
Start Applying XDC Timing Constraints
---------------------------------------------------------------------------------
---------------------------------------------------------------------------------
Finished Applying XDC Timing Constraints : Time (s): cpu = 00:00:15 ; elapsed = 00:00:16 . Memory (MB): peak = 3209.812 ; gain = 174.488 ; free physical = 152 ; free virtual = 49643
---------------------------------------------------------------------------------
---------------------------------------------------------------------------------
Start Timing Optimization
---------------------------------------------------------------------------------
---------------------------------------------------------------------------------
Finished Timing Optimization : Time (s): cpu = 00:00:16 ; elapsed = 00:00:16 . Memory (MB): peak = 3209.812 ; gain = 174.488 ; free physical = 253 ; free virtual = 49655
---------------------------------------------------------------------------------
---------------------------------------------------------------------------------
Start ROM, RAM, DSP, Shift Register and Retiming Reporting
---------------------------------------------------------------------------------

Block RAM: Final Mapping Report
+----------------------------------------------------------------------------------------+----------------------------------+------------------------+---+---+------------------------+---+---+------------------+--------+--------+
|Module Name                                                                             | RTL Object                       | PORT A (Depth x Width) | W | R | PORT B (Depth x Width) | W | R | Ports driving FF | RAMB18 | RAMB36 | 
+----------------------------------------------------------------------------------------+----------------------------------+------------------------+---+---+------------------------+---+---+------------------+--------+--------+
|inst/\gen_fifo.xpm_fifo_axis_inst /xpm_fifo_base_inst/\gen_sdpram.xpm_memory_base_inst  | gen_wr_a.gen_word_narrow.mem_reg | 16 K x 14(READ_FIRST)  | W |   | 16 K x 14(WRITE_FIRST) |   | R | Port A and B     | 1      | 4      | 
+----------------------------------------------------------------------------------------+----------------------------------+------------------------+---+---+------------------------+---+---+------------------+--------+--------+

---------------------------------------------------------------------------------
Finished ROM, RAM, DSP, Shift Register and Retiming Reporting
---------------------------------------------------------------------------------
---------------------------------------------------------------------------------
Start Technology Mapping
---------------------------------------------------------------------------------
---------------------------------------------------------------------------------
Finished Technology Mapping : Time (s): cpu = 00:00:16 ; elapsed = 00:00:16 . Memory (MB): peak = 3209.812 ; gain = 174.488 ; free physical = 267 ; free virtual = 49670
---------------------------------------------------------------------------------
---------------------------------------------------------------------------------
Start IO Insertion
---------------------------------------------------------------------------------
---------------------------------------------------------------------------------
Start Flattening Before IO Insertion
---------------------------------------------------------------------------------
---------------------------------------------------------------------------------
Finished Flattening Before IO Insertion
---------------------------------------------------------------------------------
---------------------------------------------------------------------------------
Start Final Netlist Cleanup
---------------------------------------------------------------------------------
---------------------------------------------------------------------------------
Finished Final Netlist Cleanup
---------------------------------------------------------------------------------
---------------------------------------------------------------------------------
Finished IO Insertion : Time (s): cpu = 00:00:20 ; elapsed = 00:00:20 . Memory (MB): peak = 3209.812 ; gain = 174.488 ; free physical = 261 ; free virtual = 49663
---------------------------------------------------------------------------------
---------------------------------------------------------------------------------
Start Renaming Generated Instances
---------------------------------------------------------------------------------
---------------------------------------------------------------------------------
Finished Renaming Generated Instances : Time (s): cpu = 00:00:20 ; elapsed = 00:00:20 . Memory (MB): peak = 3209.812 ; gain = 174.488 ; free physical = 261 ; free virtual = 49663
---------------------------------------------------------------------------------
---------------------------------------------------------------------------------
Start Rebuilding User Hierarchy
---------------------------------------------------------------------------------
---------------------------------------------------------------------------------
Finished Rebuilding User Hierarchy : Time (s): cpu = 00:00:20 ; elapsed = 00:00:20 . Memory (MB): peak = 3209.812 ; gain = 174.488 ; free physical = 261 ; free virtual = 49664
---------------------------------------------------------------------------------
---------------------------------------------------------------------------------
Start Renaming Generated Ports
---------------------------------------------------------------------------------
---------------------------------------------------------------------------------
Finished Renaming Generated Ports : Time (s): cpu = 00:00:20 ; elapsed = 00:00:20 . Memory (MB): peak = 3209.812 ; gain = 174.488 ; free physical = 261 ; free virtual = 49664
---------------------------------------------------------------------------------
---------------------------------------------------------------------------------
Start Handling Custom Attributes
---------------------------------------------------------------------------------
---------------------------------------------------------------------------------
Finished Handling Custom Attributes : Time (s): cpu = 00:00:20 ; elapsed = 00:00:20 . Memory (MB): peak = 3209.812 ; gain = 174.488 ; free physical = 261 ; free virtual = 49664
---------------------------------------------------------------------------------
---------------------------------------------------------------------------------
Start Renaming Generated Nets
---------------------------------------------------------------------------------
---------------------------------------------------------------------------------
Finished Renaming Generated Nets : Time (s): cpu = 00:00:20 ; elapsed = 00:00:20 . Memory (MB): peak = 3209.812 ; gain = 174.488 ; free physical = 261 ; free virtual = 49664
---------------------------------------------------------------------------------
---------------------------------------------------------------------------------
Start Writing Synthesis Report
---------------------------------------------------------------------------------

Report BlackBoxes: 
+-+--------------+----------+
| |BlackBox name |Instances |
+-+--------------+----------+
+-+--------------+----------+

Report Cell Usage: 
+------+---------+------+
|      |Cell     |Count |
+------+---------+------+
|1     |CARRY4   |    44|
|2     |LUT1     |     1|
|3     |LUT2     |    46|
|4     |LUT3     |     6|
|5     |LUT4     |    26|
|6     |LUT5     |    13|
|7     |LUT6     |    59|
|8     |RAMB18E1 |     1|
|9     |RAMB36E1 |     4|
|10    |FDRE     |   131|
|11    |FDSE     |    11|
+------+---------+------+
---------------------------------------------------------------------------------
Finished Writing Synthesis Report : Time (s): cpu = 00:00:20 ; elapsed = 00:00:20 . Memory (MB): peak = 3209.812 ; gain = 174.488 ; free physical = 261 ; free virtual = 49664
---------------------------------------------------------------------------------
Synthesis finished with 0 errors, 0 critical warnings and 31 warnings.
Synthesis Optimization Runtime : Time (s): cpu = 00:00:19 ; elapsed = 00:00:19 . Memory (MB): peak = 3209.812 ; gain = 58.719 ; free physical = 261 ; free virtual = 49664
Synthesis Optimization Complete : Time (s): cpu = 00:00:20 ; elapsed = 00:00:20 . Memory (MB): peak = 3209.812 ; gain = 174.488 ; free physical = 261 ; free virtual = 49664
INFO: [Project 1-571] Translating synthesized netlist
Netlist sorting complete. Time (s): cpu = 00:00:00 ; elapsed = 00:00:00.01 . Memory (MB): peak = 3209.812 ; gain = 0.000 ; free physical = 261 ; free virtual = 49664
INFO: [Netlist 29-17] Analyzing 49 Unisim elements for replacement
INFO: [Netlist 29-28] Unisim Transformation completed in 0 CPU seconds
INFO: [Project 1-570] Preparing netlist for logic optimization
Parsing XDC File [/home/daq/AstroPix/260225_dev_richard/astep-fw/fw/astep24-3l/target-multiboard/vivado-run/astropix-cmodr2_3_CONFIG_SE.gen/sources_1/ip/fifo_axis_1clk_1kB/fifo_axis_1clk_1kB_ooc.xdc] for cell 'inst'
Finished Parsing XDC File [/home/daq/AstroPix/260225_dev_richard/astep-fw/fw/astep24-3l/target-multiboard/vivado-run/astropix-cmodr2_3_CONFIG_SE.gen/sources_1/ip/fifo_axis_1clk_1kB/fifo_axis_1clk_1kB_ooc.xdc] for cell 'inst'
INFO: [Opt 31-138] Pushed 0 inverter(s) to 0 load pin(s).
Netlist sorting complete. Time (s): cpu = 00:00:00 ; elapsed = 00:00:00 . Memory (MB): peak = 3209.812 ; gain = 0.000 ; free physical = 529 ; free virtual = 49931
INFO: [Project 1-111] Unisim Transformation Summary:
No Unisim elements were transformed.

Synth Design complete | Checksum: 46bd54df
INFO: [Common 17-83] Releasing license: Synthesis
55 Infos, 65 Warnings, 0 Critical Warnings and 0 Errors encountered.
synth_design completed successfully
synth_design: Time (s): cpu = 00:00:24 ; elapsed = 00:00:21 . Memory (MB): peak = 3209.812 ; gain = 174.488 ; free physical = 533 ; free virtual = 49935
INFO: [Common 17-2834] synth_design peak Physical Memory [PSS] (MB): overall = 2594.356; main = 2261.011; forked = 380.657
INFO: [Common 17-2834] synth_design peak Virtual Memory [VSS] (MB): overall = 4166.969; main = 3177.766; forked = 989.203
INFO: [Coretcl 2-1174] Renamed 13 cell refs.
INFO: [Timing 38-480] Writing timing data to binary archive.
Write ShapeDB Complete: Time (s): cpu = 00:00:00 ; elapsed = 00:00:00.01 . Memory (MB): peak = 3209.812 ; gain = 0.000 ; free physical = 533 ; free virtual = 49935
INFO: [Common 17-1381] The checkpoint '/home/daq/AstroPix/260225_dev_richard/astep-fw/fw/astep24-3l/target-multiboard/vivado-run/astropix-cmodr2_3_CONFIG_SE.gen/sources_1/ip/fifo_axis_1clk_1kB/fifo_axis_1clk_1kB.dcp' has been generated.
CRITICAL WARNING: [Vivado 12-5447] synth_ip is not supported in project mode, please use non-project mode.
INFO: [IP_Flow 19-1686] Generating 'Synthesis' target for IP 'fifo_axis_1clk_8x64'...
INFO: [IP_Flow 19-1686] Generating 'Simulation' target for IP 'fifo_axis_1clk_8x64'...
INFO: [IP_Flow 19-1686] Generating 'Change Log' target for IP 'fifo_axis_1clk_8x64'...
INFO: [IP_Flow 19-234] Refreshing IP repositories
INFO: [IP_Flow 19-1704] No user IP repositories specified
INFO: [IP_Flow 19-2313] Loaded Vivado IP repository '/cache/Vivado/2023.2/data/ip'.
WARNING: [Vivado 12-13650] The IP file '/home/daq/AstroPix/260225_dev_richard/astep-fw/fw/astep24-3l/target-multiboard/vivado-run/astropix-cmodr2_3_CONFIG_SE.srcs/sources_1/ip/fifo_axis_1clk_8x64/fifo_axis_1clk_8x64.xci' has been moved from its original location, as a result the outputs for this IP will now be generated in '/home/daq/AstroPix/260225_dev_richard/astep-fw/fw/astep24-3l/target-multiboard/vivado-run/astropix-cmodr2_3_CONFIG_SE.gen/sources_1/ip/fifo_axis_1clk_8x64'. Alternatively a copy of the IP can be imported into the project using one of the 'import_ip' or 'import_files' commands.
Command: synth_design -top fifo_axis_1clk_8x64 -part xc7a35tcpg236-1 -mode out_of_context
Starting synth_design
Attempting to get a license for feature 'Synthesis' and/or device 'xc7a35t'
INFO: [Common 17-349] Got license for feature 'Synthesis' and/or device 'xc7a35t'
INFO: [Synth 8-7079] Multithreading enabled for synth_design using a maximum of 4 processes.
---------------------------------------------------------------------------------
Starting RTL Elaboration : Time (s): cpu = 00:00:04 ; elapsed = 00:00:05 . Memory (MB): peak = 3209.812 ; gain = 0.000 ; free physical = 237 ; free virtual = 49657
---------------------------------------------------------------------------------
INFO: [Synth 8-6157] synthesizing module 'fifo_axis_1clk_8x64' [/home/daq/AstroPix/260225_dev_richard/astep-fw/fw/astep24-3l/target-multiboard/vivado-run/astropix-cmodr2_3_CONFIG_SE.gen/sources_1/ip/fifo_axis_1clk_8x64/synth/fifo_axis_1clk_8x64.v:53]
INFO: [Synth 8-6157] synthesizing module 'axis_data_fifo_v2_0_11_top' [/home/daq/AstroPix/260225_dev_richard/astep-fw/fw/astep24-3l/target-multiboard/vivado-run/astropix-cmodr2_3_CONFIG_SE.gen/sources_1/ip/fifo_axis_1clk_8x64/hdl/axis_data_fifo_v2_0_vl_rfs.v:53]
INFO: [Synth 8-6157] synthesizing module 'axis_infrastructure_v1_1_1_util_aclken_converter_wrapper' [/home/daq/AstroPix/260225_dev_richard/astep-fw/fw/astep24-3l/target-multiboard/vivado-run/astropix-cmodr2_3_CONFIG_SE.gen/sources_1/ip/fifo_axis_1clk_8x64/hdl/axis_infrastructure_v1_1_vl_rfs.v:596]
INFO: [Synth 8-6157] synthesizing module 'axis_infrastructure_v1_1_1_util_axis2vector' [/home/daq/AstroPix/260225_dev_richard/astep-fw/fw/astep24-3l/target-multiboard/vivado-run/astropix-cmodr2_3_CONFIG_SE.gen/sources_1/ip/fifo_axis_1clk_8x64/hdl/axis_infrastructure_v1_1_vl_rfs.v:805]
INFO: [Synth 8-6155] done synthesizing module 'axis_infrastructure_v1_1_1_util_axis2vector' (0#1) [/home/daq/AstroPix/260225_dev_richard/astep-fw/fw/astep24-3l/target-multiboard/vivado-run/astropix-cmodr2_3_CONFIG_SE.gen/sources_1/ip/fifo_axis_1clk_8x64/hdl/axis_infrastructure_v1_1_vl_rfs.v:805]
INFO: [Synth 8-6157] synthesizing module 'axis_infrastructure_v1_1_1_util_vector2axis' [/home/daq/AstroPix/260225_dev_richard/astep-fw/fw/astep24-3l/target-multiboard/vivado-run/astropix-cmodr2_3_CONFIG_SE.gen/sources_1/ip/fifo_axis_1clk_8x64/hdl/axis_infrastructure_v1_1_vl_rfs.v:986]
INFO: [Synth 8-6155] done synthesizing module 'axis_infrastructure_v1_1_1_util_vector2axis' (0#1) [/home/daq/AstroPix/260225_dev_richard/astep-fw/fw/astep24-3l/target-multiboard/vivado-run/astropix-cmodr2_3_CONFIG_SE.gen/sources_1/ip/fifo_axis_1clk_8x64/hdl/axis_infrastructure_v1_1_vl_rfs.v:986]
INFO: [Synth 8-6155] done synthesizing module 'axis_infrastructure_v1_1_1_util_aclken_converter_wrapper' (0#1) [/home/daq/AstroPix/260225_dev_richard/astep-fw/fw/astep24-3l/target-multiboard/vivado-run/astropix-cmodr2_3_CONFIG_SE.gen/sources_1/ip/fifo_axis_1clk_8x64/hdl/axis_infrastructure_v1_1_vl_rfs.v:596]
INFO: [Synth 8-6157] synthesizing module 'xpm_fifo_axis' [/cache/Vivado/2023.2/data/ip/xpm/xpm_fifo/hdl/xpm_fifo.sv:2356]
INFO: [Synth 8-6157] synthesizing module 'xpm_cdc_sync_rst' [/cache/Vivado/2023.2/data/ip/xpm/xpm_cdc/hdl/xpm_cdc.sv:1059]
INFO: [Synth 8-6155] done synthesizing module 'xpm_cdc_sync_rst' (0#1) [/cache/Vivado/2023.2/data/ip/xpm/xpm_cdc/hdl/xpm_cdc.sv:1059]
INFO: [Synth 8-6157] synthesizing module 'xpm_fifo_base' [/cache/Vivado/2023.2/data/ip/xpm/xpm_fifo/hdl/xpm_fifo.sv:53]
INFO: [Synth 8-6157] synthesizing module 'xpm_counter_updn' [/cache/Vivado/2023.2/data/ip/xpm/xpm_fifo/hdl/xpm_fifo.sv:1866]
INFO: [Synth 8-6155] done synthesizing module 'xpm_counter_updn' (0#1) [/cache/Vivado/2023.2/data/ip/xpm/xpm_fifo/hdl/xpm_fifo.sv:1866]
INFO: [Synth 8-6157] synthesizing module 'xpm_counter_updn__parameterized0' [/cache/Vivado/2023.2/data/ip/xpm/xpm_fifo/hdl/xpm_fifo.sv:1866]
INFO: [Synth 8-6155] done synthesizing module 'xpm_counter_updn__parameterized0' (0#1) [/cache/Vivado/2023.2/data/ip/xpm/xpm_fifo/hdl/xpm_fifo.sv:1866]
INFO: [Synth 8-6157] synthesizing module 'xpm_memory_base' [/cache/Vivado/2023.2/data/ip/xpm/xpm_memory/hdl/xpm_memory.sv:54]
INFO: [Synth 8-6059] Synth Info: [XPM_MEMORY 20-1] MEMORY_PRIMITIVE (0) instructs Vivado Synthesis to choose the memory primitive type. Depending on their values, other XPM_MEMORY parameters may preclude the choice of certain memory primitive types. Review XPM_MEMORY documentation and parameter values to understand any limitations, or set MEMORY_PRIMITIVE to a different value.   [/cache/Vivado/2023.2/data/ip/xpm/xpm_memory/hdl/xpm_memory.sv:506]
INFO: [Synth 8-6155] done synthesizing module 'xpm_memory_base' (0#1) [/cache/Vivado/2023.2/data/ip/xpm/xpm_memory/hdl/xpm_memory.sv:54]
INFO: [Synth 8-226] default block is never used [/cache/Vivado/2023.2/data/ip/xpm/xpm_fifo/hdl/xpm_fifo.sv:1214]
INFO: [Synth 8-226] default block is never used [/cache/Vivado/2023.2/data/ip/xpm/xpm_fifo/hdl/xpm_fifo.sv:1281]
INFO: [Synth 8-226] default block is never used [/cache/Vivado/2023.2/data/ip/xpm/xpm_fifo/hdl/xpm_fifo.sv:1303]
INFO: [Synth 8-6157] synthesizing module 'xpm_fifo_reg_bit' [/cache/Vivado/2023.2/data/ip/xpm/xpm_fifo/hdl/xpm_fifo.sv:1914]
INFO: [Synth 8-6155] done synthesizing module 'xpm_fifo_reg_bit' (0#1) [/cache/Vivado/2023.2/data/ip/xpm/xpm_fifo/hdl/xpm_fifo.sv:1914]
INFO: [Synth 8-6157] synthesizing module 'xpm_counter_updn__parameterized1' [/cache/Vivado/2023.2/data/ip/xpm/xpm_fifo/hdl/xpm_fifo.sv:1866]
INFO: [Synth 8-6155] done synthesizing module 'xpm_counter_updn__parameterized1' (0#1) [/cache/Vivado/2023.2/data/ip/xpm/xpm_fifo/hdl/xpm_fifo.sv:1866]
INFO: [Synth 8-6157] synthesizing module 'xpm_fifo_rst' [/cache/Vivado/2023.2/data/ip/xpm/xpm_fifo/hdl/xpm_fifo.sv:1626]
INFO: [Synth 8-6155] done synthesizing module 'xpm_fifo_rst' (0#1) [/cache/Vivado/2023.2/data/ip/xpm/xpm_fifo/hdl/xpm_fifo.sv:1626]
INFO: [Synth 8-6157] synthesizing module 'xpm_counter_updn__parameterized2' [/cache/Vivado/2023.2/data/ip/xpm/xpm_fifo/hdl/xpm_fifo.sv:1866]
INFO: [Synth 8-6155] done synthesizing module 'xpm_counter_updn__parameterized2' (0#1) [/cache/Vivado/2023.2/data/ip/xpm/xpm_fifo/hdl/xpm_fifo.sv:1866]
INFO: [Synth 8-6157] synthesizing module 'xpm_counter_updn__parameterized3' [/cache/Vivado/2023.2/data/ip/xpm/xpm_fifo/hdl/xpm_fifo.sv:1866]
INFO: [Synth 8-6155] done synthesizing module 'xpm_counter_updn__parameterized3' (0#1) [/cache/Vivado/2023.2/data/ip/xpm/xpm_fifo/hdl/xpm_fifo.sv:1866]
INFO: [Synth 8-6155] done synthesizing module 'xpm_fifo_base' (0#1) [/cache/Vivado/2023.2/data/ip/xpm/xpm_fifo/hdl/xpm_fifo.sv:53]
INFO: [Synth 8-6155] done synthesizing module 'xpm_fifo_axis' (0#1) [/cache/Vivado/2023.2/data/ip/xpm/xpm_fifo/hdl/xpm_fifo.sv:2356]
INFO: [Synth 8-6155] done synthesizing module 'axis_data_fifo_v2_0_11_top' (0#1) [/home/daq/AstroPix/260225_dev_richard/astep-fw/fw/astep24-3l/target-multiboard/vivado-run/astropix-cmodr2_3_CONFIG_SE.gen/sources_1/ip/fifo_axis_1clk_8x64/hdl/axis_data_fifo_v2_0_vl_rfs.v:53]
INFO: [Synth 8-6155] done synthesizing module 'fifo_axis_1clk_8x64' (0#1) [/home/daq/AstroPix/260225_dev_richard/astep-fw/fw/astep24-3l/target-multiboard/vivado-run/astropix-cmodr2_3_CONFIG_SE.gen/sources_1/ip/fifo_axis_1clk_8x64/synth/fifo_axis_1clk_8x64.v:53]
WARNING: [Synth 8-6014] Unused sequential element gen_rd_b.gen_doutb_pipe.enb_pipe_reg[0] was removed.  [/cache/Vivado/2023.2/data/ip/xpm/xpm_memory/hdl/xpm_memory.sv:3069]
WARNING: [Synth 8-6014] Unused sequential element gdvld.data_valid_std_reg was removed.  [/cache/Vivado/2023.2/data/ip/xpm/xpm_fifo/hdl/xpm_fifo.sv:544]
WARNING: [Synth 8-6014] Unused sequential element gen_pntr_flags_cc.gae_cc_std.ram_aempty_i_reg was removed.  [/cache/Vivado/2023.2/data/ip/xpm/xpm_fifo/hdl/xpm_fifo.sv:976]
WARNING: [Synth 8-6014] Unused sequential element gen_fwft.empty_fwft_fb_reg was removed.  [/cache/Vivado/2023.2/data/ip/xpm/xpm_fifo/hdl/xpm_fifo.sv:1398]
WARNING: [Synth 8-7129] Port ACLK in module axis_infrastructure_v1_1_1_util_aclken_converter_wrapper is either unconnected or has no load
WARNING: [Synth 8-7129] Port ARESETN in module axis_infrastructure_v1_1_1_util_aclken_converter_wrapper is either unconnected or has no load
WARNING: [Synth 8-7129] Port S_ACLKEN in module axis_infrastructure_v1_1_1_util_aclken_converter_wrapper is either unconnected or has no load
WARNING: [Synth 8-7129] Port M_ACLKEN in module axis_infrastructure_v1_1_1_util_aclken_converter_wrapper is either unconnected or has no load
WARNING: [Synth 8-7129] Port rd_clk in module xpm_fifo_rst is either unconnected or has no load
WARNING: [Synth 8-7129] Port sleep in module xpm_memory_base is either unconnected or has no load
WARNING: [Synth 8-7129] Port rsta in module xpm_memory_base is either unconnected or has no load
WARNING: [Synth 8-7129] Port regcea in module xpm_memory_base is either unconnected or has no load
WARNING: [Synth 8-7129] Port injectsbiterra in module xpm_memory_base is either unconnected or has no load
WARNING: [Synth 8-7129] Port injectdbiterra in module xpm_memory_base is either unconnected or has no load
WARNING: [Synth 8-7129] Port clkb in module xpm_memory_base is either unconnected or has no load
WARNING: [Synth 8-7129] Port dinb[27] in module xpm_memory_base is either unconnected or has no load
WARNING: [Synth 8-7129] Port dinb[26] in module xpm_memory_base is either unconnected or has no load
WARNING: [Synth 8-7129] Port dinb[25] in module xpm_memory_base is either unconnected or has no load
WARNING: [Synth 8-7129] Port dinb[24] in module xpm_memory_base is either unconnected or has no load
WARNING: [Synth 8-7129] Port dinb[23] in module xpm_memory_base is either unconnected or has no load
WARNING: [Synth 8-7129] Port dinb[22] in module xpm_memory_base is either unconnected or has no load
WARNING: [Synth 8-7129] Port dinb[21] in module xpm_memory_base is either unconnected or has no load
WARNING: [Synth 8-7129] Port dinb[20] in module xpm_memory_base is either unconnected or has no load
WARNING: [Synth 8-7129] Port dinb[19] in module xpm_memory_base is either unconnected or has no load
WARNING: [Synth 8-7129] Port dinb[18] in module xpm_memory_base is either unconnected or has no load
WARNING: [Synth 8-7129] Port dinb[17] in module xpm_memory_base is either unconnected or has no load
WARNING: [Synth 8-7129] Port dinb[16] in module xpm_memory_base is either unconnected or has no load
WARNING: [Synth 8-7129] Port dinb[15] in module xpm_memory_base is either unconnected or has no load
WARNING: [Synth 8-7129] Port dinb[14] in module xpm_memory_base is either unconnected or has no load
WARNING: [Synth 8-7129] Port dinb[13] in module xpm_memory_base is either unconnected or has no load
WARNING: [Synth 8-7129] Port dinb[12] in module xpm_memory_base is either unconnected or has no load
WARNING: [Synth 8-7129] Port dinb[11] in module xpm_memory_base is either unconnected or has no load
WARNING: [Synth 8-7129] Port dinb[10] in module xpm_memory_base is either unconnected or has no load
WARNING: [Synth 8-7129] Port dinb[9] in module xpm_memory_base is either unconnected or has no load
WARNING: [Synth 8-7129] Port dinb[8] in module xpm_memory_base is either unconnected or has no load
WARNING: [Synth 8-7129] Port dinb[7] in module xpm_memory_base is either unconnected or has no load
WARNING: [Synth 8-7129] Port dinb[6] in module xpm_memory_base is either unconnected or has no load
WARNING: [Synth 8-7129] Port dinb[5] in module xpm_memory_base is either unconnected or has no load
WARNING: [Synth 8-7129] Port dinb[4] in module xpm_memory_base is either unconnected or has no load
WARNING: [Synth 8-7129] Port dinb[3] in module xpm_memory_base is either unconnected or has no load
WARNING: [Synth 8-7129] Port dinb[2] in module xpm_memory_base is either unconnected or has no load
WARNING: [Synth 8-7129] Port dinb[1] in module xpm_memory_base is either unconnected or has no load
WARNING: [Synth 8-7129] Port dinb[0] in module xpm_memory_base is either unconnected or has no load
WARNING: [Synth 8-7129] Port injectsbiterrb in module xpm_memory_base is either unconnected or has no load
WARNING: [Synth 8-7129] Port injectdbiterrb in module xpm_memory_base is either unconnected or has no load
WARNING: [Synth 8-7129] Port m_aclk in module xpm_fifo_axis is either unconnected or has no load
WARNING: [Synth 8-7129] Port m_axis_aclk in module axis_data_fifo_v2_0_11_top is either unconnected or has no load
---------------------------------------------------------------------------------
Finished RTL Elaboration : Time (s): cpu = 00:00:06 ; elapsed = 00:00:07 . Memory (MB): peak = 3209.812 ; gain = 0.000 ; free physical = 226 ; free virtual = 49646
---------------------------------------------------------------------------------
---------------------------------------------------------------------------------
Start Handling Custom Attributes
---------------------------------------------------------------------------------
---------------------------------------------------------------------------------
Finished Handling Custom Attributes : Time (s): cpu = 00:00:06 ; elapsed = 00:00:07 . Memory (MB): peak = 3209.812 ; gain = 0.000 ; free physical = 226 ; free virtual = 49646
---------------------------------------------------------------------------------
---------------------------------------------------------------------------------
Finished RTL Optimization Phase 1 : Time (s): cpu = 00:00:06 ; elapsed = 00:00:07 . Memory (MB): peak = 3209.812 ; gain = 0.000 ; free physical = 226 ; free virtual = 49646
---------------------------------------------------------------------------------
Netlist sorting complete. Time (s): cpu = 00:00:00.01 ; elapsed = 00:00:00 . Memory (MB): peak = 3209.812 ; gain = 0.000 ; free physical = 226 ; free virtual = 49646
INFO: [Project 1-570] Preparing netlist for logic optimization

Processing XDC Constraints
Initializing timing engine
Parsing XDC File [/home/daq/AstroPix/260225_dev_richard/astep-fw/fw/astep24-3l/target-multiboard/vivado-run/astropix-cmodr2_3_CONFIG_SE.gen/sources_1/ip/fifo_axis_1clk_8x64/fifo_axis_1clk_8x64_ooc.xdc] for cell 'inst'
Finished Parsing XDC File [/home/daq/AstroPix/260225_dev_richard/astep-fw/fw/astep24-3l/target-multiboard/vivado-run/astropix-cmodr2_3_CONFIG_SE.gen/sources_1/ip/fifo_axis_1clk_8x64/fifo_axis_1clk_8x64_ooc.xdc] for cell 'inst'
INFO: [Project 1-236] Implementation specific constraints were found while reading constraint file [/cache/Vivado/2023.2/data/ip/xpm/xpm_fifo/tcl/xpm_fifo_rst_axis.tcl]. These constraints will be ignored for synthesis but will be used in implementation. Impacted constraints are listed in the file [.Xil/fifo_axis_1clk_8x64_propImpl.xdc].
Resolution: To avoid this warning, move constraints listed in [.Xil/fifo_axis_1clk_8x64_propImpl.xdc] to another XDC file and exclude this new file from synthesis with the used_in_synthesis property (File Properties dialog in GUI) and re-run elaboration/synthesis.
INFO: [Project 1-1714] 2 XPM XDC files have been applied to the design.
Completed Processing XDC Constraints

Netlist sorting complete. Time (s): cpu = 00:00:00 ; elapsed = 00:00:00 . Memory (MB): peak = 3257.594 ; gain = 0.000 ; free physical = 231 ; free virtual = 49652
INFO: [Project 1-111] Unisim Transformation Summary:
No Unisim elements were transformed.

Constraint Validation Runtime : Time (s): cpu = 00:00:00.01 ; elapsed = 00:00:00.01 . Memory (MB): peak = 3257.629 ; gain = 0.000 ; free physical = 228 ; free virtual = 49649
---------------------------------------------------------------------------------
Finished Constraint Validation : Time (s): cpu = 00:00:12 ; elapsed = 00:00:12 . Memory (MB): peak = 3257.629 ; gain = 47.816 ; free physical = 239 ; free virtual = 49660
---------------------------------------------------------------------------------
---------------------------------------------------------------------------------
Start Loading Part and Timing Information
---------------------------------------------------------------------------------
Loading part: xc7a35tcpg236-1
---------------------------------------------------------------------------------
Finished Loading Part and Timing Information : Time (s): cpu = 00:00:12 ; elapsed = 00:00:12 . Memory (MB): peak = 3257.629 ; gain = 47.816 ; free physical = 239 ; free virtual = 49660
---------------------------------------------------------------------------------
---------------------------------------------------------------------------------
Start Applying 'set_property' XDC Constraints
---------------------------------------------------------------------------------
Applied set_property KEEP_HIERARCHY = SOFT for inst. (constraint file  auto generated constraint).
Applied set_property KEEP_HIERARCHY = SOFT for inst/\gen_fifo.xpm_fifo_axis_inst /\gaxis_rst_sync.xpm_cdc_sync_rst_inst . (constraint file  auto generated constraint).
Applied set_property KEEP_HIERARCHY = SOFT for inst/\gen_fifo.xpm_fifo_axis_inst . (constraint file  auto generated constraint).
---------------------------------------------------------------------------------
Finished applying 'set_property' XDC Constraints : Time (s): cpu = 00:00:12 ; elapsed = 00:00:12 . Memory (MB): peak = 3257.629 ; gain = 47.816 ; free physical = 239 ; free virtual = 49660
---------------------------------------------------------------------------------
INFO: [Synth 8-802] inferred FSM for state register 'gen_fwft.curr_fwft_state_reg' in module 'xpm_fifo_base'
---------------------------------------------------------------------------------------------------
                   State |                     New Encoding |                Previous Encoding 
---------------------------------------------------------------------------------------------------
                 invalid |                               00 |                               00
            stage1_valid |                               01 |                               10
       both_stages_valid |                               10 |                               11
            stage2_valid |                               11 |                               01
---------------------------------------------------------------------------------------------------
INFO: [Synth 8-3354] encoded FSM with state register 'gen_fwft.curr_fwft_state_reg' using encoding 'sequential' in module 'xpm_fifo_base'
---------------------------------------------------------------------------------
Finished RTL Optimization Phase 2 : Time (s): cpu = 00:00:12 ; elapsed = 00:00:12 . Memory (MB): peak = 3257.629 ; gain = 47.816 ; free physical = 235 ; free virtual = 49656
---------------------------------------------------------------------------------
---------------------------------------------------------------------------------
Start RTL Component Statistics 
---------------------------------------------------------------------------------
Detailed RTL Component Info : 
+---Adders : 
	   4 Input    7 Bit       Adders := 2     
	   4 Input    6 Bit       Adders := 5     
	   4 Input    2 Bit       Adders := 1     
+---Registers : 
	               28 Bit    Registers := 2     
	                7 Bit    Registers := 2     
	                6 Bit    Registers := 5     
	                4 Bit    Registers := 1     
	                3 Bit    Registers := 1     
	                2 Bit    Registers := 2     
	                1 Bit    Registers := 12    
+---RAMs : 
	               1K Bit	(64 X 28 bit)          RAMs := 1     
+---Muxes : 
	   2 Input    2 Bit        Muxes := 31    
	   4 Input    2 Bit        Muxes := 7     
	   4 Input    1 Bit        Muxes := 2     
	   2 Input    1 Bit        Muxes := 5     
	   3 Input    1 Bit        Muxes := 1     
---------------------------------------------------------------------------------
Finished RTL Component Statistics 
---------------------------------------------------------------------------------
---------------------------------------------------------------------------------
Start Part Resource Summary
---------------------------------------------------------------------------------
Part Resources:
DSPs: 90 (col length:60)
BRAMs: 100 (col length: RAMB18 60 RAMB36 30)
---------------------------------------------------------------------------------
Finished Part Resource Summary
---------------------------------------------------------------------------------
---------------------------------------------------------------------------------
Start Cross Boundary and Area Optimization
---------------------------------------------------------------------------------
WARNING: [Synth 8-7080] Parallel synthesis criteria is not met
WARNING: [Synth 8-7129] Port rsta in module xpm_memory_base is either unconnected or has no load
WARNING: [Synth 8-7129] Port regcea in module xpm_memory_base is either unconnected or has no load
WARNING: [Synth 8-7129] Port injectsbiterra in module xpm_memory_base is either unconnected or has no load
WARNING: [Synth 8-7129] Port injectdbiterra in module xpm_memory_base is either unconnected or has no load
WARNING: [Synth 8-7129] Port clkb in module xpm_memory_base is either unconnected or has no load
WARNING: [Synth 8-7129] Port dinb[27] in module xpm_memory_base is either unconnected or has no load
WARNING: [Synth 8-7129] Port dinb[26] in module xpm_memory_base is either unconnected or has no load
WARNING: [Synth 8-7129] Port dinb[25] in module xpm_memory_base is either unconnected or has no load
WARNING: [Synth 8-7129] Port dinb[24] in module xpm_memory_base is either unconnected or has no load
WARNING: [Synth 8-7129] Port dinb[23] in module xpm_memory_base is either unconnected or has no load
WARNING: [Synth 8-7129] Port dinb[22] in module xpm_memory_base is either unconnected or has no load
WARNING: [Synth 8-7129] Port dinb[21] in module xpm_memory_base is either unconnected or has no load
WARNING: [Synth 8-7129] Port dinb[20] in module xpm_memory_base is either unconnected or has no load
WARNING: [Synth 8-7129] Port dinb[19] in module xpm_memory_base is either unconnected or has no load
WARNING: [Synth 8-7129] Port dinb[18] in module xpm_memory_base is either unconnected or has no load
WARNING: [Synth 8-7129] Port dinb[17] in module xpm_memory_base is either unconnected or has no load
WARNING: [Synth 8-7129] Port dinb[16] in module xpm_memory_base is either unconnected or has no load
WARNING: [Synth 8-7129] Port dinb[15] in module xpm_memory_base is either unconnected or has no load
WARNING: [Synth 8-7129] Port dinb[14] in module xpm_memory_base is either unconnected or has no load
WARNING: [Synth 8-7129] Port dinb[13] in module xpm_memory_base is either unconnected or has no load
WARNING: [Synth 8-7129] Port dinb[12] in module xpm_memory_base is either unconnected or has no load
WARNING: [Synth 8-7129] Port dinb[11] in module xpm_memory_base is either unconnected or has no load
WARNING: [Synth 8-7129] Port dinb[10] in module xpm_memory_base is either unconnected or has no load
WARNING: [Synth 8-7129] Port dinb[9] in module xpm_memory_base is either unconnected or has no load
WARNING: [Synth 8-7129] Port dinb[8] in module xpm_memory_base is either unconnected or has no load
WARNING: [Synth 8-7129] Port dinb[7] in module xpm_memory_base is either unconnected or has no load
WARNING: [Synth 8-7129] Port dinb[6] in module xpm_memory_base is either unconnected or has no load
WARNING: [Synth 8-7129] Port dinb[5] in module xpm_memory_base is either unconnected or has no load
WARNING: [Synth 8-7129] Port dinb[4] in module xpm_memory_base is either unconnected or has no load
WARNING: [Synth 8-7129] Port dinb[3] in module xpm_memory_base is either unconnected or has no load
WARNING: [Synth 8-7129] Port dinb[2] in module xpm_memory_base is either unconnected or has no load
WARNING: [Synth 8-7129] Port dinb[1] in module xpm_memory_base is either unconnected or has no load
WARNING: [Synth 8-7129] Port dinb[0] in module xpm_memory_base is either unconnected or has no load
WARNING: [Synth 8-7129] Port injectsbiterrb in module xpm_memory_base is either unconnected or has no load
WARNING: [Synth 8-7129] Port injectdbiterrb in module xpm_memory_base is either unconnected or has no load
WARNING: [Synth 8-7129] Port m_aclk in module xpm_fifo_axis is either unconnected or has no load
WARNING: [Synth 8-7129] Port s_axis_aclken in module axis_data_fifo_v2_0_11_top is either unconnected or has no load
WARNING: [Synth 8-7129] Port s_axis_tstrb[0] in module axis_data_fifo_v2_0_11_top is either unconnected or has no load
WARNING: [Synth 8-7129] Port s_axis_tkeep[0] in module axis_data_fifo_v2_0_11_top is either unconnected or has no load
WARNING: [Synth 8-7129] Port s_axis_tuser[0] in module axis_data_fifo_v2_0_11_top is either unconnected or has no load
WARNING: [Synth 8-7129] Port m_axis_aclk in module axis_data_fifo_v2_0_11_top is either unconnected or has no load
WARNING: [Synth 8-7129] Port m_axis_aclken in module axis_data_fifo_v2_0_11_top is either unconnected or has no load
---------------------------------------------------------------------------------
Finished Cross Boundary and Area Optimization : Time (s): cpu = 00:00:13 ; elapsed = 00:00:14 . Memory (MB): peak = 3257.629 ; gain = 47.816 ; free physical = 235 ; free virtual = 49656
---------------------------------------------------------------------------------
---------------------------------------------------------------------------------
Start ROM, RAM, DSP, Shift Register and Retiming Reporting
---------------------------------------------------------------------------------

Block RAM: Preliminary Mapping Report (see note below)
+----------------------------------------------------------------------------------------+----------------------------------+------------------------+---+---+------------------------+---+---+------------------+--------+--------+
|Module Name                                                                             | RTL Object                       | PORT A (Depth x Width) | W | R | PORT B (Depth x Width) | W | R | Ports driving FF | RAMB18 | RAMB36 | 
+----------------------------------------------------------------------------------------+----------------------------------+------------------------+---+---+------------------------+---+---+------------------+--------+--------+
|inst/\gen_fifo.xpm_fifo_axis_inst /xpm_fifo_base_inst/\gen_sdpram.xpm_memory_base_inst  | gen_wr_a.gen_word_narrow.mem_reg | 64 x 28(READ_FIRST)    | W |   | 64 x 28(WRITE_FIRST)   |   | R | Port A and B     | 1      | 0      | 
+----------------------------------------------------------------------------------------+----------------------------------+------------------------+---+---+------------------------+---+---+------------------+--------+--------+

Note: The table above is a preliminary report that shows the Block RAMs at the current stage of the synthesis flow. Some Block RAMs may be reimplemented as non Block RAM primitives later in the synthesis flow. Multiple instantiated Block RAMs are reported only once. 
---------------------------------------------------------------------------------
Finished ROM, RAM, DSP, Shift Register and Retiming Reporting
---------------------------------------------------------------------------------
---------------------------------------------------------------------------------
Start Applying XDC Timing Constraints
---------------------------------------------------------------------------------
---------------------------------------------------------------------------------
Finished Applying XDC Timing Constraints : Time (s): cpu = 00:00:14 ; elapsed = 00:00:14 . Memory (MB): peak = 3257.629 ; gain = 47.816 ; free physical = 240 ; free virtual = 49661
---------------------------------------------------------------------------------
---------------------------------------------------------------------------------
Start Timing Optimization
---------------------------------------------------------------------------------
---------------------------------------------------------------------------------
Finished Timing Optimization : Time (s): cpu = 00:00:14 ; elapsed = 00:00:14 . Memory (MB): peak = 3257.629 ; gain = 47.816 ; free physical = 232 ; free virtual = 49653
---------------------------------------------------------------------------------
---------------------------------------------------------------------------------
Start ROM, RAM, DSP, Shift Register and Retiming Reporting
---------------------------------------------------------------------------------

Block RAM: Final Mapping Report
+----------------------------------------------------------------------------------------+----------------------------------+------------------------+---+---+------------------------+---+---+------------------+--------+--------+
|Module Name                                                                             | RTL Object                       | PORT A (Depth x Width) | W | R | PORT B (Depth x Width) | W | R | Ports driving FF | RAMB18 | RAMB36 | 
+----------------------------------------------------------------------------------------+----------------------------------+------------------------+---+---+------------------------+---+---+------------------+--------+--------+
|inst/\gen_fifo.xpm_fifo_axis_inst /xpm_fifo_base_inst/\gen_sdpram.xpm_memory_base_inst  | gen_wr_a.gen_word_narrow.mem_reg | 64 x 28(READ_FIRST)    | W |   | 64 x 28(WRITE_FIRST)   |   | R | Port A and B     | 1      | 0      | 
+----------------------------------------------------------------------------------------+----------------------------------+------------------------+---+---+------------------------+---+---+------------------+--------+--------+

---------------------------------------------------------------------------------
Finished ROM, RAM, DSP, Shift Register and Retiming Reporting
---------------------------------------------------------------------------------
---------------------------------------------------------------------------------
Start Technology Mapping
---------------------------------------------------------------------------------
---------------------------------------------------------------------------------
Finished Technology Mapping : Time (s): cpu = 00:00:14 ; elapsed = 00:00:14 . Memory (MB): peak = 3257.629 ; gain = 47.816 ; free physical = 232 ; free virtual = 49653
---------------------------------------------------------------------------------
---------------------------------------------------------------------------------
Start IO Insertion
---------------------------------------------------------------------------------
---------------------------------------------------------------------------------
Start Flattening Before IO Insertion
---------------------------------------------------------------------------------
---------------------------------------------------------------------------------
Finished Flattening Before IO Insertion
---------------------------------------------------------------------------------
---------------------------------------------------------------------------------
Start Final Netlist Cleanup
---------------------------------------------------------------------------------
---------------------------------------------------------------------------------
Finished Final Netlist Cleanup
---------------------------------------------------------------------------------
---------------------------------------------------------------------------------
Finished IO Insertion : Time (s): cpu = 00:00:18 ; elapsed = 00:00:18 . Memory (MB): peak = 3257.629 ; gain = 47.816 ; free physical = 222 ; free virtual = 49643
---------------------------------------------------------------------------------
---------------------------------------------------------------------------------
Start Renaming Generated Instances
---------------------------------------------------------------------------------
---------------------------------------------------------------------------------
Finished Renaming Generated Instances : Time (s): cpu = 00:00:18 ; elapsed = 00:00:18 . Memory (MB): peak = 3257.629 ; gain = 47.816 ; free physical = 222 ; free virtual = 49643
---------------------------------------------------------------------------------
---------------------------------------------------------------------------------
Start Rebuilding User Hierarchy
---------------------------------------------------------------------------------
---------------------------------------------------------------------------------
Finished Rebuilding User Hierarchy : Time (s): cpu = 00:00:18 ; elapsed = 00:00:18 . Memory (MB): peak = 3257.629 ; gain = 47.816 ; free physical = 222 ; free virtual = 49643
---------------------------------------------------------------------------------
---------------------------------------------------------------------------------
Start Renaming Generated Ports
---------------------------------------------------------------------------------
---------------------------------------------------------------------------------
Finished Renaming Generated Ports : Time (s): cpu = 00:00:18 ; elapsed = 00:00:18 . Memory (MB): peak = 3257.629 ; gain = 47.816 ; free physical = 222 ; free virtual = 49643
---------------------------------------------------------------------------------
---------------------------------------------------------------------------------
Start Handling Custom Attributes
---------------------------------------------------------------------------------
---------------------------------------------------------------------------------
Finished Handling Custom Attributes : Time (s): cpu = 00:00:18 ; elapsed = 00:00:18 . Memory (MB): peak = 3257.629 ; gain = 47.816 ; free physical = 222 ; free virtual = 49643
---------------------------------------------------------------------------------
---------------------------------------------------------------------------------
Start Renaming Generated Nets
---------------------------------------------------------------------------------
---------------------------------------------------------------------------------
Finished Renaming Generated Nets : Time (s): cpu = 00:00:18 ; elapsed = 00:00:18 . Memory (MB): peak = 3257.629 ; gain = 47.816 ; free physical = 222 ; free virtual = 49643
---------------------------------------------------------------------------------
---------------------------------------------------------------------------------
Start Writing Synthesis Report
---------------------------------------------------------------------------------

Report BlackBoxes: 
+-+--------------+----------+
| |BlackBox name |Instances |
+-+--------------+----------+
+-+--------------+----------+

Report Cell Usage: 
+------+---------+------+
|      |Cell     |Count |
+------+---------+------+
|1     |LUT1     |     4|
|2     |LUT2     |     7|
|3     |LUT3     |     8|
|4     |LUT4     |    14|
|5     |LUT5     |    14|
|6     |LUT6     |    17|
|7     |RAMB18E1 |     1|
|8     |FDRE     |    38|
|9     |FDSE     |    11|
+------+---------+------+
---------------------------------------------------------------------------------
Finished Writing Synthesis Report : Time (s): cpu = 00:00:18 ; elapsed = 00:00:18 . Memory (MB): peak = 3257.629 ; gain = 47.816 ; free physical = 222 ; free virtual = 49643
---------------------------------------------------------------------------------
Synthesis finished with 0 errors, 0 critical warnings and 43 warnings.
Synthesis Optimization Runtime : Time (s): cpu = 00:00:17 ; elapsed = 00:00:18 . Memory (MB): peak = 3257.629 ; gain = 0.000 ; free physical = 222 ; free virtual = 49643
Synthesis Optimization Complete : Time (s): cpu = 00:00:18 ; elapsed = 00:00:18 . Memory (MB): peak = 3257.629 ; gain = 47.816 ; free physical = 222 ; free virtual = 49643
INFO: [Project 1-571] Translating synthesized netlist
Netlist sorting complete. Time (s): cpu = 00:00:00 ; elapsed = 00:00:00.01 . Memory (MB): peak = 3257.629 ; gain = 0.000 ; free physical = 222 ; free virtual = 49643
INFO: [Netlist 29-17] Analyzing 1 Unisim elements for replacement
INFO: [Netlist 29-28] Unisim Transformation completed in 0 CPU seconds
INFO: [Project 1-570] Preparing netlist for logic optimization
Parsing XDC File [/home/daq/AstroPix/260225_dev_richard/astep-fw/fw/astep24-3l/target-multiboard/vivado-run/astropix-cmodr2_3_CONFIG_SE.gen/sources_1/ip/fifo_axis_1clk_8x64/fifo_axis_1clk_8x64_ooc.xdc] for cell 'inst'
Finished Parsing XDC File [/home/daq/AstroPix/260225_dev_richard/astep-fw/fw/astep24-3l/target-multiboard/vivado-run/astropix-cmodr2_3_CONFIG_SE.gen/sources_1/ip/fifo_axis_1clk_8x64/fifo_axis_1clk_8x64_ooc.xdc] for cell 'inst'
INFO: [Opt 31-138] Pushed 0 inverter(s) to 0 load pin(s).
Netlist sorting complete. Time (s): cpu = 00:00:00 ; elapsed = 00:00:00 . Memory (MB): peak = 3257.629 ; gain = 0.000 ; free physical = 510 ; free virtual = 49931
INFO: [Project 1-111] Unisim Transformation Summary:
No Unisim elements were transformed.

Synth Design complete | Checksum: 4a329669
INFO: [Common 17-83] Releasing license: Synthesis
54 Infos, 91 Warnings, 0 Critical Warnings and 0 Errors encountered.
synth_design completed successfully
synth_design: Time (s): cpu = 00:00:22 ; elapsed = 00:00:19 . Memory (MB): peak = 3257.629 ; gain = 47.816 ; free physical = 518 ; free virtual = 49940
INFO: [Common 17-2834] synth_design peak Physical Memory [PSS] (MB): overall = 2596.615; main = 2271.491; forked = 380.722
INFO: [Common 17-2834] synth_design peak Virtual Memory [VSS] (MB): overall = 4214.789; main = 3225.582; forked = 989.207
INFO: [Coretcl 2-1174] Renamed 12 cell refs.
INFO: [Timing 38-480] Writing timing data to binary archive.
Write ShapeDB Complete: Time (s): cpu = 00:00:00 ; elapsed = 00:00:00 . Memory (MB): peak = 3257.629 ; gain = 0.000 ; free physical = 518 ; free virtual = 49940
INFO: [Common 17-1381] The checkpoint '/home/daq/AstroPix/260225_dev_richard/astep-fw/fw/astep24-3l/target-multiboard/vivado-run/astropix-cmodr2_3_CONFIG_SE.gen/sources_1/ip/fifo_axis_1clk_8x64/fifo_axis_1clk_8x64.dcp' has been generated.
CRITICAL WARNING: [Vivado 12-5447] synth_ip is not supported in project mode, please use non-project mode.
INFO: [IP_Flow 19-1686] Generating 'Synthesis' target for IP 'fifo_axis_2clk_spi_hk'...
INFO: [IP_Flow 19-1686] Generating 'Simulation' target for IP 'fifo_axis_2clk_spi_hk'...
INFO: [IP_Flow 19-1686] Generating 'Change Log' target for IP 'fifo_axis_2clk_spi_hk'...
INFO: [IP_Flow 19-234] Refreshing IP repositories
INFO: [IP_Flow 19-1704] No user IP repositories specified
INFO: [IP_Flow 19-2313] Loaded Vivado IP repository '/cache/Vivado/2023.2/data/ip'.
WARNING: [Vivado 12-13650] The IP file '/home/daq/AstroPix/260225_dev_richard/astep-fw/fw/astep24-3l/target-multiboard/vivado-run/astropix-cmodr2_3_CONFIG_SE.srcs/sources_1/ip/fifo_axis_2clk_spi_hk/fifo_axis_2clk_spi_hk.xci' has been moved from its original location, as a result the outputs for this IP will now be generated in '/home/daq/AstroPix/260225_dev_richard/astep-fw/fw/astep24-3l/target-multiboard/vivado-run/astropix-cmodr2_3_CONFIG_SE.gen/sources_1/ip/fifo_axis_2clk_spi_hk'. Alternatively a copy of the IP can be imported into the project using one of the 'import_ip' or 'import_files' commands.
Command: synth_design -top fifo_axis_2clk_spi_hk -part xc7a35tcpg236-1 -mode out_of_context
Starting synth_design
Attempting to get a license for feature 'Synthesis' and/or device 'xc7a35t'
INFO: [Common 17-349] Got license for feature 'Synthesis' and/or device 'xc7a35t'
INFO: [Synth 8-7079] Multithreading enabled for synth_design using a maximum of 4 processes.
---------------------------------------------------------------------------------
Starting RTL Elaboration : Time (s): cpu = 00:00:04 ; elapsed = 00:00:05 . Memory (MB): peak = 3257.629 ; gain = 0.000 ; free physical = 230 ; free virtual = 49651
---------------------------------------------------------------------------------
INFO: [Synth 8-6157] synthesizing module 'fifo_axis_2clk_spi_hk' [/home/daq/AstroPix/260225_dev_richard/astep-fw/fw/astep24-3l/target-multiboard/vivado-run/astropix-cmodr2_3_CONFIG_SE.gen/sources_1/ip/fifo_axis_2clk_spi_hk/synth/fifo_axis_2clk_spi_hk.v:53]
INFO: [Synth 8-6157] synthesizing module 'axis_data_fifo_v2_0_11_top' [/home/daq/AstroPix/260225_dev_richard/astep-fw/fw/astep24-3l/target-multiboard/vivado-run/astropix-cmodr2_3_CONFIG_SE.gen/sources_1/ip/fifo_axis_2clk_spi_hk/hdl/axis_data_fifo_v2_0_vl_rfs.v:53]
INFO: [Synth 8-6157] synthesizing module 'axis_infrastructure_v1_1_1_util_aclken_converter_wrapper' [/home/daq/AstroPix/260225_dev_richard/astep-fw/fw/astep24-3l/target-multiboard/vivado-run/astropix-cmodr2_3_CONFIG_SE.gen/sources_1/ip/fifo_axis_2clk_spi_hk/hdl/axis_infrastructure_v1_1_vl_rfs.v:596]
INFO: [Synth 8-6157] synthesizing module 'axis_infrastructure_v1_1_1_util_axis2vector' [/home/daq/AstroPix/260225_dev_richard/astep-fw/fw/astep24-3l/target-multiboard/vivado-run/astropix-cmodr2_3_CONFIG_SE.gen/sources_1/ip/fifo_axis_2clk_spi_hk/hdl/axis_infrastructure_v1_1_vl_rfs.v:805]
INFO: [Synth 8-6155] done synthesizing module 'axis_infrastructure_v1_1_1_util_axis2vector' (0#1) [/home/daq/AstroPix/260225_dev_richard/astep-fw/fw/astep24-3l/target-multiboard/vivado-run/astropix-cmodr2_3_CONFIG_SE.gen/sources_1/ip/fifo_axis_2clk_spi_hk/hdl/axis_infrastructure_v1_1_vl_rfs.v:805]
INFO: [Synth 8-6157] synthesizing module 'axis_infrastructure_v1_1_1_util_vector2axis' [/home/daq/AstroPix/260225_dev_richard/astep-fw/fw/astep24-3l/target-multiboard/vivado-run/astropix-cmodr2_3_CONFIG_SE.gen/sources_1/ip/fifo_axis_2clk_spi_hk/hdl/axis_infrastructure_v1_1_vl_rfs.v:986]
INFO: [Synth 8-6155] done synthesizing module 'axis_infrastructure_v1_1_1_util_vector2axis' (0#1) [/home/daq/AstroPix/260225_dev_richard/astep-fw/fw/astep24-3l/target-multiboard/vivado-run/astropix-cmodr2_3_CONFIG_SE.gen/sources_1/ip/fifo_axis_2clk_spi_hk/hdl/axis_infrastructure_v1_1_vl_rfs.v:986]
INFO: [Synth 8-6155] done synthesizing module 'axis_infrastructure_v1_1_1_util_aclken_converter_wrapper' (0#1) [/home/daq/AstroPix/260225_dev_richard/astep-fw/fw/astep24-3l/target-multiboard/vivado-run/astropix-cmodr2_3_CONFIG_SE.gen/sources_1/ip/fifo_axis_2clk_spi_hk/hdl/axis_infrastructure_v1_1_vl_rfs.v:596]
INFO: [Synth 8-6157] synthesizing module 'xpm_fifo_axis' [/cache/Vivado/2023.2/data/ip/xpm/xpm_fifo/hdl/xpm_fifo.sv:2356]
INFO: [Synth 8-6157] synthesizing module 'xpm_cdc_sync_rst' [/cache/Vivado/2023.2/data/ip/xpm/xpm_cdc/hdl/xpm_cdc.sv:1059]
INFO: [Synth 8-6155] done synthesizing module 'xpm_cdc_sync_rst' (0#1) [/cache/Vivado/2023.2/data/ip/xpm/xpm_cdc/hdl/xpm_cdc.sv:1059]
INFO: [Synth 8-6157] synthesizing module 'xpm_cdc_gray' [/cache/Vivado/2023.2/data/ip/xpm/xpm_cdc/hdl/xpm_cdc.sv:283]
INFO: [Synth 8-6155] done synthesizing module 'xpm_cdc_gray' (0#1) [/cache/Vivado/2023.2/data/ip/xpm/xpm_cdc/hdl/xpm_cdc.sv:283]
INFO: [Synth 8-6157] synthesizing module 'xpm_cdc_single' [/cache/Vivado/2023.2/data/ip/xpm/xpm_cdc/hdl/xpm_cdc.sv:152]
INFO: [Synth 8-6155] done synthesizing module 'xpm_cdc_single' (0#1) [/cache/Vivado/2023.2/data/ip/xpm/xpm_cdc/hdl/xpm_cdc.sv:152]
INFO: [Synth 8-6157] synthesizing module 'xpm_fifo_base' [/cache/Vivado/2023.2/data/ip/xpm/xpm_fifo/hdl/xpm_fifo.sv:53]
INFO: [Synth 8-6157] synthesizing module 'xpm_counter_updn' [/cache/Vivado/2023.2/data/ip/xpm/xpm_fifo/hdl/xpm_fifo.sv:1866]
INFO: [Synth 8-6155] done synthesizing module 'xpm_counter_updn' (0#1) [/cache/Vivado/2023.2/data/ip/xpm/xpm_fifo/hdl/xpm_fifo.sv:1866]
INFO: [Synth 8-6157] synthesizing module 'xpm_counter_updn__parameterized0' [/cache/Vivado/2023.2/data/ip/xpm/xpm_fifo/hdl/xpm_fifo.sv:1866]
INFO: [Synth 8-6155] done synthesizing module 'xpm_counter_updn__parameterized0' (0#1) [/cache/Vivado/2023.2/data/ip/xpm/xpm_fifo/hdl/xpm_fifo.sv:1866]
INFO: [Synth 8-6157] synthesizing module 'xpm_memory_base' [/cache/Vivado/2023.2/data/ip/xpm/xpm_memory/hdl/xpm_memory.sv:54]
INFO: [Synth 8-6059] Synth Info: [XPM_MEMORY 20-1] MEMORY_PRIMITIVE (0) instructs Vivado Synthesis to choose the memory primitive type. Depending on their values, other XPM_MEMORY parameters may preclude the choice of certain memory primitive types. Review XPM_MEMORY documentation and parameter values to understand any limitations, or set MEMORY_PRIMITIVE to a different value.   [/cache/Vivado/2023.2/data/ip/xpm/xpm_memory/hdl/xpm_memory.sv:506]
INFO: [Synth 8-6155] done synthesizing module 'xpm_memory_base' (0#1) [/cache/Vivado/2023.2/data/ip/xpm/xpm_memory/hdl/xpm_memory.sv:54]
INFO: [Synth 8-6157] synthesizing module 'xpm_cdc_gray__parameterized0' [/cache/Vivado/2023.2/data/ip/xpm/xpm_cdc/hdl/xpm_cdc.sv:283]
INFO: [Synth 8-6155] done synthesizing module 'xpm_cdc_gray__parameterized0' (0#1) [/cache/Vivado/2023.2/data/ip/xpm/xpm_cdc/hdl/xpm_cdc.sv:283]
INFO: [Synth 8-6157] synthesizing module 'xpm_fifo_reg_vec' [/cache/Vivado/2023.2/data/ip/xpm/xpm_fifo/hdl/xpm_fifo.sv:1892]
INFO: [Synth 8-6155] done synthesizing module 'xpm_fifo_reg_vec' (0#1) [/cache/Vivado/2023.2/data/ip/xpm/xpm_fifo/hdl/xpm_fifo.sv:1892]
INFO: [Synth 8-6157] synthesizing module 'xpm_cdc_gray__parameterized1' [/cache/Vivado/2023.2/data/ip/xpm/xpm_cdc/hdl/xpm_cdc.sv:283]
INFO: [Synth 8-6155] done synthesizing module 'xpm_cdc_gray__parameterized1' (0#1) [/cache/Vivado/2023.2/data/ip/xpm/xpm_cdc/hdl/xpm_cdc.sv:283]
INFO: [Synth 8-6157] synthesizing module 'xpm_fifo_reg_vec__parameterized0' [/cache/Vivado/2023.2/data/ip/xpm/xpm_fifo/hdl/xpm_fifo.sv:1892]
INFO: [Synth 8-6155] done synthesizing module 'xpm_fifo_reg_vec__parameterized0' (0#1) [/cache/Vivado/2023.2/data/ip/xpm/xpm_fifo/hdl/xpm_fifo.sv:1892]
INFO: [Synth 8-6157] synthesizing module 'xpm_cdc_gray__parameterized2' [/cache/Vivado/2023.2/data/ip/xpm/xpm_cdc/hdl/xpm_cdc.sv:283]
INFO: [Synth 8-6155] done synthesizing module 'xpm_cdc_gray__parameterized2' (0#1) [/cache/Vivado/2023.2/data/ip/xpm/xpm_cdc/hdl/xpm_cdc.sv:283]
INFO: [Synth 8-226] default block is never used [/cache/Vivado/2023.2/data/ip/xpm/xpm_fifo/hdl/xpm_fifo.sv:1214]
INFO: [Synth 8-226] default block is never used [/cache/Vivado/2023.2/data/ip/xpm/xpm_fifo/hdl/xpm_fifo.sv:1281]
INFO: [Synth 8-226] default block is never used [/cache/Vivado/2023.2/data/ip/xpm/xpm_fifo/hdl/xpm_fifo.sv:1303]
INFO: [Synth 8-6157] synthesizing module 'xpm_fifo_reg_bit' [/cache/Vivado/2023.2/data/ip/xpm/xpm_fifo/hdl/xpm_fifo.sv:1914]
INFO: [Synth 8-6155] done synthesizing module 'xpm_fifo_reg_bit' (0#1) [/cache/Vivado/2023.2/data/ip/xpm/xpm_fifo/hdl/xpm_fifo.sv:1914]
INFO: [Synth 8-6157] synthesizing module 'xpm_counter_updn__parameterized1' [/cache/Vivado/2023.2/data/ip/xpm/xpm_fifo/hdl/xpm_fifo.sv:1866]
INFO: [Synth 8-6155] done synthesizing module 'xpm_counter_updn__parameterized1' (0#1) [/cache/Vivado/2023.2/data/ip/xpm/xpm_fifo/hdl/xpm_fifo.sv:1866]
INFO: [Synth 8-6157] synthesizing module 'xpm_fifo_rst' [/cache/Vivado/2023.2/data/ip/xpm/xpm_fifo/hdl/xpm_fifo.sv:1626]
INFO: [Synth 8-6155] done synthesizing module 'xpm_fifo_rst' (0#1) [/cache/Vivado/2023.2/data/ip/xpm/xpm_fifo/hdl/xpm_fifo.sv:1626]
INFO: [Synth 8-6157] synthesizing module 'xpm_counter_updn__parameterized2' [/cache/Vivado/2023.2/data/ip/xpm/xpm_fifo/hdl/xpm_fifo.sv:1866]
INFO: [Synth 8-6155] done synthesizing module 'xpm_counter_updn__parameterized2' (0#1) [/cache/Vivado/2023.2/data/ip/xpm/xpm_fifo/hdl/xpm_fifo.sv:1866]
INFO: [Synth 8-6157] synthesizing module 'xpm_counter_updn__parameterized3' [/cache/Vivado/2023.2/data/ip/xpm/xpm_fifo/hdl/xpm_fifo.sv:1866]
INFO: [Synth 8-6155] done synthesizing module 'xpm_counter_updn__parameterized3' (0#1) [/cache/Vivado/2023.2/data/ip/xpm/xpm_fifo/hdl/xpm_fifo.sv:1866]
INFO: [Synth 8-6155] done synthesizing module 'xpm_fifo_base' (0#1) [/cache/Vivado/2023.2/data/ip/xpm/xpm_fifo/hdl/xpm_fifo.sv:53]
INFO: [Synth 8-6155] done synthesizing module 'xpm_fifo_axis' (0#1) [/cache/Vivado/2023.2/data/ip/xpm/xpm_fifo/hdl/xpm_fifo.sv:2356]
INFO: [Synth 8-6155] done synthesizing module 'axis_data_fifo_v2_0_11_top' (0#1) [/home/daq/AstroPix/260225_dev_richard/astep-fw/fw/astep24-3l/target-multiboard/vivado-run/astropix-cmodr2_3_CONFIG_SE.gen/sources_1/ip/fifo_axis_2clk_spi_hk/hdl/axis_data_fifo_v2_0_vl_rfs.v:53]
INFO: [Synth 8-6155] done synthesizing module 'fifo_axis_2clk_spi_hk' (0#1) [/home/daq/AstroPix/260225_dev_richard/astep-fw/fw/astep24-3l/target-multiboard/vivado-run/astropix-cmodr2_3_CONFIG_SE.gen/sources_1/ip/fifo_axis_2clk_spi_hk/synth/fifo_axis_2clk_spi_hk.v:53]
WARNING: [Synth 8-6014] Unused sequential element gen_rd_b.gen_doutb_pipe.enb_pipe_reg[0] was removed.  [/cache/Vivado/2023.2/data/ip/xpm/xpm_memory/hdl/xpm_memory.sv:3069]
WARNING: [Synth 8-6014] Unused sequential element dest_out_bin_ff_reg was removed.  [/cache/Vivado/2023.2/data/ip/xpm/xpm_cdc/hdl/xpm_cdc.sv:417]
WARNING: [Synth 8-6014] Unused sequential element dest_out_bin_ff_reg was removed.  [/cache/Vivado/2023.2/data/ip/xpm/xpm_cdc/hdl/xpm_cdc.sv:417]
WARNING: [Synth 8-6014] Unused sequential element dest_out_bin_ff_reg was removed.  [/cache/Vivado/2023.2/data/ip/xpm/xpm_cdc/hdl/xpm_cdc.sv:417]
WARNING: [Synth 8-6014] Unused sequential element gdvld.data_valid_std_reg was removed.  [/cache/Vivado/2023.2/data/ip/xpm/xpm_fifo/hdl/xpm_fifo.sv:544]
WARNING: [Synth 8-6014] Unused sequential element gen_pf_ic_rc.gae_ic_std.ram_aempty_i_reg was removed.  [/cache/Vivado/2023.2/data/ip/xpm/xpm_fifo/hdl/xpm_fifo.sv:765]
WARNING: [Synth 8-6014] Unused sequential element gen_fwft.empty_fwft_fb_reg was removed.  [/cache/Vivado/2023.2/data/ip/xpm/xpm_fifo/hdl/xpm_fifo.sv:1398]
WARNING: [Synth 8-7129] Port ACLK in module axis_infrastructure_v1_1_1_util_aclken_converter_wrapper is either unconnected or has no load
WARNING: [Synth 8-7129] Port ARESETN in module axis_infrastructure_v1_1_1_util_aclken_converter_wrapper is either unconnected or has no load
WARNING: [Synth 8-7129] Port S_ACLKEN in module axis_infrastructure_v1_1_1_util_aclken_converter_wrapper is either unconnected or has no load
WARNING: [Synth 8-7129] Port M_ACLKEN in module axis_infrastructure_v1_1_1_util_aclken_converter_wrapper is either unconnected or has no load
WARNING: [Synth 8-7129] Port sleep in module xpm_memory_base is either unconnected or has no load
WARNING: [Synth 8-7129] Port rsta in module xpm_memory_base is either unconnected or has no load
WARNING: [Synth 8-7129] Port regcea in module xpm_memory_base is either unconnected or has no load
WARNING: [Synth 8-7129] Port injectsbiterra in module xpm_memory_base is either unconnected or has no load
WARNING: [Synth 8-7129] Port injectdbiterra in module xpm_memory_base is either unconnected or has no load
WARNING: [Synth 8-7129] Port dinb[13] in module xpm_memory_base is either unconnected or has no load
WARNING: [Synth 8-7129] Port dinb[12] in module xpm_memory_base is either unconnected or has no load
WARNING: [Synth 8-7129] Port dinb[11] in module xpm_memory_base is either unconnected or has no load
WARNING: [Synth 8-7129] Port dinb[10] in module xpm_memory_base is either unconnected or has no load
WARNING: [Synth 8-7129] Port dinb[9] in module xpm_memory_base is either unconnected or has no load
WARNING: [Synth 8-7129] Port dinb[8] in module xpm_memory_base is either unconnected or has no load
WARNING: [Synth 8-7129] Port dinb[7] in module xpm_memory_base is either unconnected or has no load
WARNING: [Synth 8-7129] Port dinb[6] in module xpm_memory_base is either unconnected or has no load
WARNING: [Synth 8-7129] Port dinb[5] in module xpm_memory_base is either unconnected or has no load
WARNING: [Synth 8-7129] Port dinb[4] in module xpm_memory_base is either unconnected or has no load
WARNING: [Synth 8-7129] Port dinb[3] in module xpm_memory_base is either unconnected or has no load
WARNING: [Synth 8-7129] Port dinb[2] in module xpm_memory_base is either unconnected or has no load
WARNING: [Synth 8-7129] Port dinb[1] in module xpm_memory_base is either unconnected or has no load
WARNING: [Synth 8-7129] Port dinb[0] in module xpm_memory_base is either unconnected or has no load
WARNING: [Synth 8-7129] Port injectsbiterrb in module xpm_memory_base is either unconnected or has no load
WARNING: [Synth 8-7129] Port injectdbiterrb in module xpm_memory_base is either unconnected or has no load
WARNING: [Synth 8-7129] Port src_clk in module xpm_cdc_single is either unconnected or has no load
---------------------------------------------------------------------------------
Finished RTL Elaboration : Time (s): cpu = 00:00:06 ; elapsed = 00:00:07 . Memory (MB): peak = 3257.629 ; gain = 0.000 ; free physical = 238 ; free virtual = 49659
---------------------------------------------------------------------------------
---------------------------------------------------------------------------------
Start Handling Custom Attributes
---------------------------------------------------------------------------------
---------------------------------------------------------------------------------
Finished Handling Custom Attributes : Time (s): cpu = 00:00:06 ; elapsed = 00:00:07 . Memory (MB): peak = 3257.629 ; gain = 0.000 ; free physical = 238 ; free virtual = 49659
---------------------------------------------------------------------------------
---------------------------------------------------------------------------------
Finished RTL Optimization Phase 1 : Time (s): cpu = 00:00:06 ; elapsed = 00:00:07 . Memory (MB): peak = 3257.629 ; gain = 0.000 ; free physical = 238 ; free virtual = 49659
---------------------------------------------------------------------------------
Netlist sorting complete. Time (s): cpu = 00:00:00.01 ; elapsed = 00:00:00 . Memory (MB): peak = 3257.629 ; gain = 0.000 ; free physical = 238 ; free virtual = 49659
INFO: [Project 1-570] Preparing netlist for logic optimization

Processing XDC Constraints
Initializing timing engine
Parsing XDC File [/home/daq/AstroPix/260225_dev_richard/astep-fw/fw/astep24-3l/target-multiboard/vivado-run/astropix-cmodr2_3_CONFIG_SE.gen/sources_1/ip/fifo_axis_2clk_spi_hk/fifo_axis_2clk_spi_hk_ooc.xdc] for cell 'inst'
Finished Parsing XDC File [/home/daq/AstroPix/260225_dev_richard/astep-fw/fw/astep24-3l/target-multiboard/vivado-run/astropix-cmodr2_3_CONFIG_SE.gen/sources_1/ip/fifo_axis_2clk_spi_hk/fifo_axis_2clk_spi_hk_ooc.xdc] for cell 'inst'
INFO: [Project 1-236] Implementation specific constraints were found while reading constraint file [/cache/Vivado/2023.2/data/ip/xpm/xpm_cdc/tcl/xpm_cdc_gray.tcl]. These constraints will be ignored for synthesis but will be used in implementation. Impacted constraints are listed in the file [.Xil/fifo_axis_2clk_spi_hk_propImpl.xdc].
Resolution: To avoid this warning, move constraints listed in [.Xil/fifo_axis_2clk_spi_hk_propImpl.xdc] to another XDC file and exclude this new file from synthesis with the used_in_synthesis property (File Properties dialog in GUI) and re-run elaboration/synthesis.
INFO: [Project 1-236] Implementation specific constraints were found while reading constraint file [/cache/Vivado/2023.2/data/ip/xpm/xpm_cdc/tcl/xpm_cdc_single.tcl]. These constraints will be ignored for synthesis but will be used in implementation. Impacted constraints are listed in the file [.Xil/fifo_axis_2clk_spi_hk_propImpl.xdc].
Resolution: To avoid this warning, move constraints listed in [.Xil/fifo_axis_2clk_spi_hk_propImpl.xdc] to another XDC file and exclude this new file from synthesis with the used_in_synthesis property (File Properties dialog in GUI) and re-run elaboration/synthesis.
INFO: [Project 1-236] Implementation specific constraints were found while reading constraint file [/cache/Vivado/2023.2/data/ip/xpm/xpm_fifo/tcl/xpm_fifo_rst_axis.tcl]. These constraints will be ignored for synthesis but will be used in implementation. Impacted constraints are listed in the file [.Xil/fifo_axis_2clk_spi_hk_propImpl.xdc].
Resolution: To avoid this warning, move constraints listed in [.Xil/fifo_axis_2clk_spi_hk_propImpl.xdc] to another XDC file and exclude this new file from synthesis with the used_in_synthesis property (File Properties dialog in GUI) and re-run elaboration/synthesis.
INFO: [Project 1-1714] 10 XPM XDC files have been applied to the design.
Completed Processing XDC Constraints

Netlist sorting complete. Time (s): cpu = 00:00:00 ; elapsed = 00:00:00 . Memory (MB): peak = 3287.410 ; gain = 0.000 ; free physical = 232 ; free virtual = 49653
INFO: [Project 1-111] Unisim Transformation Summary:
No Unisim elements were transformed.

Constraint Validation Runtime : Time (s): cpu = 00:00:00.01 ; elapsed = 00:00:00.01 . Memory (MB): peak = 3287.445 ; gain = 0.000 ; free physical = 220 ; free virtual = 49641
---------------------------------------------------------------------------------
Finished Constraint Validation : Time (s): cpu = 00:00:12 ; elapsed = 00:00:12 . Memory (MB): peak = 3287.445 ; gain = 29.816 ; free physical = 234 ; free virtual = 49655
---------------------------------------------------------------------------------
---------------------------------------------------------------------------------
Start Loading Part and Timing Information
---------------------------------------------------------------------------------
Loading part: xc7a35tcpg236-1
---------------------------------------------------------------------------------
Finished Loading Part and Timing Information : Time (s): cpu = 00:00:12 ; elapsed = 00:00:12 . Memory (MB): peak = 3287.445 ; gain = 29.816 ; free physical = 234 ; free virtual = 49655
---------------------------------------------------------------------------------
---------------------------------------------------------------------------------
Start Applying 'set_property' XDC Constraints
---------------------------------------------------------------------------------
Applied set_property KEEP_HIERARCHY = SOFT for inst. (constraint file  auto generated constraint).
Applied set_property KEEP_HIERARCHY = SOFT for inst/\gen_fifo.xpm_fifo_axis_inst /\gaxis_pkt_fifo_ic.wpkt_cnt_cdc_inst . (constraint file  auto generated constraint).
Applied set_property KEEP_HIERARCHY = SOFT for inst/\gen_fifo.xpm_fifo_axis_inst /xpm_fifo_base_inst/\gen_cdc_pntr.rd_pntr_cdc_dc_inst . (constraint file  auto generated constraint).
Applied set_property KEEP_HIERARCHY = SOFT for inst/\gen_fifo.xpm_fifo_axis_inst /xpm_fifo_base_inst/\gen_cdc_pntr.wr_pntr_cdc_dc_inst . (constraint file  auto generated constraint).
Applied set_property KEEP_HIERARCHY = SOFT for inst/\gen_fifo.xpm_fifo_axis_inst /xpm_fifo_base_inst/\gen_cdc_pntr.rd_pntr_cdc_inst . (constraint file  auto generated constraint).
Applied set_property KEEP_HIERARCHY = SOFT for inst/\gen_fifo.xpm_fifo_axis_inst /xpm_fifo_base_inst/\gen_cdc_pntr.wr_pntr_cdc_inst . (constraint file  auto generated constraint).
Applied set_property KEEP_HIERARCHY = SOFT for inst/\gen_fifo.xpm_fifo_axis_inst /\gaxis_pkt_fifo_ic.af_axis_cdc_inst . (constraint file  auto generated constraint).
Applied set_property KEEP_HIERARCHY = SOFT for inst/\gen_fifo.xpm_fifo_axis_inst /\gaxis_rst_sync.xpm_cdc_sync_rst_inst . (constraint file  auto generated constraint).
Applied set_property KEEP_HIERARCHY = SOFT for inst/\gen_fifo.xpm_fifo_axis_inst /xpm_fifo_base_inst/xpm_fifo_rst_inst/\gen_rst_ic.rrst_wr_inst . (constraint file  auto generated constraint).
Applied set_property KEEP_HIERARCHY = SOFT for inst/\gen_fifo.xpm_fifo_axis_inst /xpm_fifo_base_inst/xpm_fifo_rst_inst/\gen_rst_ic.wrst_rd_inst . (constraint file  auto generated constraint).
Applied set_property KEEP_HIERARCHY = SOFT for inst/\gen_fifo.xpm_fifo_axis_inst . (constraint file  auto generated constraint).
---------------------------------------------------------------------------------
Finished applying 'set_property' XDC Constraints : Time (s): cpu = 00:00:12 ; elapsed = 00:00:12 . Memory (MB): peak = 3287.445 ; gain = 29.816 ; free physical = 234 ; free virtual = 49656
---------------------------------------------------------------------------------
INFO: [Synth 8-802] inferred FSM for state register 'gen_rst_ic.curr_wrst_state_reg' in module 'xpm_fifo_rst'
INFO: [Synth 8-802] inferred FSM for state register 'gen_rst_ic.curr_rrst_state_reg' in module 'xpm_fifo_rst'
INFO: [Synth 8-802] inferred FSM for state register 'gen_fwft.curr_fwft_state_reg' in module 'xpm_fifo_base'
INFO: [Synth 8-5552] Implemented safe state 'default_state' for state register 'gen_rst_ic.curr_wrst_state_reg' in module 'xpm_fifo_rst'
---------------------------------------------------------------------------------------------------
                   State |                     New Encoding |                Previous Encoding 
---------------------------------------------------------------------------------------------------
*
               WRST_IDLE |                            00001 |                              000
                 WRST_IN |                            00010 |                              010
                WRST_OUT |                            00100 |                              111
               WRST_EXIT |                            01000 |                              110
            WRST_GO2IDLE |                            10000 |                              100
---------------------------------------------------------------------------------------------------
INFO: [Synth 8-3354] encoded FSM with state register 'gen_rst_ic.curr_wrst_state_reg' using encoding 'one-hot' in module 'xpm_fifo_rst'
INFO: [Synth 8-5552] Implemented safe state 'default_state' for state register 'gen_rst_ic.curr_rrst_state_reg' in module 'xpm_fifo_rst'
---------------------------------------------------------------------------------------------------
                   State |                     New Encoding |                Previous Encoding 
---------------------------------------------------------------------------------------------------
*
               RRST_IDLE |                               00 |                               00
                 RRST_IN |                               01 |                               10
                RRST_OUT |                               10 |                               11
               RRST_EXIT |                               11 |                               01
---------------------------------------------------------------------------------------------------
INFO: [Synth 8-3354] encoded FSM with state register 'gen_rst_ic.curr_rrst_state_reg' using encoding 'sequential' in module 'xpm_fifo_rst'
---------------------------------------------------------------------------------------------------
                   State |                     New Encoding |                Previous Encoding 
---------------------------------------------------------------------------------------------------
                 invalid |                               00 |                               00
            stage1_valid |                               01 |                               10
       both_stages_valid |                               10 |                               11
            stage2_valid |                               11 |                               01
---------------------------------------------------------------------------------------------------
INFO: [Synth 8-3354] encoded FSM with state register 'gen_fwft.curr_fwft_state_reg' using encoding 'sequential' in module 'xpm_fifo_base'
---------------------------------------------------------------------------------
Finished RTL Optimization Phase 2 : Time (s): cpu = 00:00:13 ; elapsed = 00:00:13 . Memory (MB): peak = 3287.445 ; gain = 29.816 ; free physical = 230 ; free virtual = 49652
---------------------------------------------------------------------------------
---------------------------------------------------------------------------------
Start RTL Component Statistics 
---------------------------------------------------------------------------------
Detailed RTL Component Info : 
+---Adders : 
	   4 Input    8 Bit       Adders := 3     
	   3 Input    8 Bit       Adders := 2     
	   2 Input    8 Bit       Adders := 1     
	   4 Input    7 Bit       Adders := 5     
	   2 Input    7 Bit       Adders := 2     
	   4 Input    2 Bit       Adders := 1     
+---XORs : 
	   2 Input      8 Bit         XORs := 2     
	   2 Input      7 Bit         XORs := 3     
	   2 Input      1 Bit         XORs := 32    
+---Registers : 
	               14 Bit    Registers := 2     
	                8 Bit    Registers := 17    
	                7 Bit    Registers := 22    
	                3 Bit    Registers := 4     
	                2 Bit    Registers := 2     
	                1 Bit    Registers := 17    
+---RAMs : 
	               1K Bit	(128 X 14 bit)          RAMs := 1     
+---Muxes : 
	   6 Input    5 Bit        Muxes := 1     
	   2 Input    5 Bit        Muxes := 8     
	   5 Input    2 Bit        Muxes := 1     
	   2 Input    2 Bit        Muxes := 33    
	   4 Input    2 Bit        Muxes := 7     
	   2 Input    1 Bit        Muxes := 7     
	   6 Input    1 Bit        Muxes := 2     
	   5 Input    1 Bit        Muxes := 3     
	   4 Input    1 Bit        Muxes := 2     
	   3 Input    1 Bit        Muxes := 1     
---------------------------------------------------------------------------------
Finished RTL Component Statistics 
---------------------------------------------------------------------------------
---------------------------------------------------------------------------------
Start Part Resource Summary
---------------------------------------------------------------------------------
Part Resources:
DSPs: 90 (col length:60)
BRAMs: 100 (col length: RAMB18 60 RAMB36 30)
---------------------------------------------------------------------------------
Finished Part Resource Summary
---------------------------------------------------------------------------------
---------------------------------------------------------------------------------
Start Cross Boundary and Area Optimization
---------------------------------------------------------------------------------
WARNING: [Synth 8-7080] Parallel synthesis criteria is not met
WARNING: [Synth 8-7129] Port rsta in module xpm_memory_base is either unconnected or has no load
WARNING: [Synth 8-7129] Port regcea in module xpm_memory_base is either unconnected or has no load
WARNING: [Synth 8-7129] Port injectsbiterra in module xpm_memory_base is either unconnected or has no load
WARNING: [Synth 8-7129] Port injectdbiterra in module xpm_memory_base is either unconnected or has no load
WARNING: [Synth 8-7129] Port dinb[13] in module xpm_memory_base is either unconnected or has no load
WARNING: [Synth 8-7129] Port dinb[12] in module xpm_memory_base is either unconnected or has no load
WARNING: [Synth 8-7129] Port dinb[11] in module xpm_memory_base is either unconnected or has no load
WARNING: [Synth 8-7129] Port dinb[10] in module xpm_memory_base is either unconnected or has no load
WARNING: [Synth 8-7129] Port dinb[9] in module xpm_memory_base is either unconnected or has no load
WARNING: [Synth 8-7129] Port dinb[8] in module xpm_memory_base is either unconnected or has no load
WARNING: [Synth 8-7129] Port dinb[7] in module xpm_memory_base is either unconnected or has no load
WARNING: [Synth 8-7129] Port dinb[6] in module xpm_memory_base is either unconnected or has no load
WARNING: [Synth 8-7129] Port dinb[5] in module xpm_memory_base is either unconnected or has no load
WARNING: [Synth 8-7129] Port dinb[4] in module xpm_memory_base is either unconnected or has no load
WARNING: [Synth 8-7129] Port dinb[3] in module xpm_memory_base is either unconnected or has no load
WARNING: [Synth 8-7129] Port dinb[2] in module xpm_memory_base is either unconnected or has no load
WARNING: [Synth 8-7129] Port dinb[1] in module xpm_memory_base is either unconnected or has no load
WARNING: [Synth 8-7129] Port dinb[0] in module xpm_memory_base is either unconnected or has no load
WARNING: [Synth 8-7129] Port injectsbiterrb in module xpm_memory_base is either unconnected or has no load
WARNING: [Synth 8-7129] Port injectdbiterrb in module xpm_memory_base is either unconnected or has no load
WARNING: [Synth 8-7129] Port src_clk in module xpm_cdc_single is either unconnected or has no load
WARNING: [Synth 8-7129] Port s_axis_aclken in module axis_data_fifo_v2_0_11_top is either unconnected or has no load
WARNING: [Synth 8-7129] Port s_axis_tstrb[0] in module axis_data_fifo_v2_0_11_top is either unconnected or has no load
WARNING: [Synth 8-7129] Port s_axis_tkeep[0] in module axis_data_fifo_v2_0_11_top is either unconnected or has no load
WARNING: [Synth 8-7129] Port s_axis_tid[0] in module axis_data_fifo_v2_0_11_top is either unconnected or has no load
WARNING: [Synth 8-7129] Port s_axis_tdest[0] in module axis_data_fifo_v2_0_11_top is either unconnected or has no load
WARNING: [Synth 8-7129] Port s_axis_tuser[0] in module axis_data_fifo_v2_0_11_top is either unconnected or has no load
WARNING: [Synth 8-7129] Port m_axis_aclken in module axis_data_fifo_v2_0_11_top is either unconnected or has no load
---------------------------------------------------------------------------------
Finished Cross Boundary and Area Optimization : Time (s): cpu = 00:00:15 ; elapsed = 00:00:15 . Memory (MB): peak = 3287.445 ; gain = 29.816 ; free physical = 199 ; free virtual = 49621
---------------------------------------------------------------------------------
---------------------------------------------------------------------------------
Start ROM, RAM, DSP, Shift Register and Retiming Reporting
---------------------------------------------------------------------------------

Block RAM: Preliminary Mapping Report (see note below)
+----------------------------------------------------------------------------------------+----------------------------------+------------------------+---+---+------------------------+---+---+------------------+--------+--------+
|Module Name                                                                             | RTL Object                       | PORT A (Depth x Width) | W | R | PORT B (Depth x Width) | W | R | Ports driving FF | RAMB18 | RAMB36 | 
+----------------------------------------------------------------------------------------+----------------------------------+------------------------+---+---+------------------------+---+---+------------------+--------+--------+
|inst/\gen_fifo.xpm_fifo_axis_inst /xpm_fifo_base_inst/\gen_sdpram.xpm_memory_base_inst  | gen_wr_a.gen_word_narrow.mem_reg | 128 x 14(NO_CHANGE)    | W |   | 128 x 14(WRITE_FIRST)  |   | R | Port A and B     | 1      | 0      | 
+----------------------------------------------------------------------------------------+----------------------------------+------------------------+---+---+------------------------+---+---+------------------+--------+--------+

Note: The table above is a preliminary report that shows the Block RAMs at the current stage of the synthesis flow. Some Block RAMs may be reimplemented as non Block RAM primitives later in the synthesis flow. Multiple instantiated Block RAMs are reported only once. 
---------------------------------------------------------------------------------
Finished ROM, RAM, DSP, Shift Register and Retiming Reporting
---------------------------------------------------------------------------------
---------------------------------------------------------------------------------
Start Applying XDC Timing Constraints
---------------------------------------------------------------------------------
---------------------------------------------------------------------------------
Finished Applying XDC Timing Constraints : Time (s): cpu = 00:00:15 ; elapsed = 00:00:15 . Memory (MB): peak = 3287.445 ; gain = 29.816 ; free physical = 199 ; free virtual = 49621
---------------------------------------------------------------------------------
---------------------------------------------------------------------------------
Start Timing Optimization
---------------------------------------------------------------------------------
---------------------------------------------------------------------------------
Finished Timing Optimization : Time (s): cpu = 00:00:15 ; elapsed = 00:00:15 . Memory (MB): peak = 3287.445 ; gain = 29.816 ; free physical = 193 ; free virtual = 49615
---------------------------------------------------------------------------------
---------------------------------------------------------------------------------
Start ROM, RAM, DSP, Shift Register and Retiming Reporting
---------------------------------------------------------------------------------

Block RAM: Final Mapping Report
+----------------------------------------------------------------------------------------+----------------------------------+------------------------+---+---+------------------------+---+---+------------------+--------+--------+
|Module Name                                                                             | RTL Object                       | PORT A (Depth x Width) | W | R | PORT B (Depth x Width) | W | R | Ports driving FF | RAMB18 | RAMB36 | 
+----------------------------------------------------------------------------------------+----------------------------------+------------------------+---+---+------------------------+---+---+------------------+--------+--------+
|inst/\gen_fifo.xpm_fifo_axis_inst /xpm_fifo_base_inst/\gen_sdpram.xpm_memory_base_inst  | gen_wr_a.gen_word_narrow.mem_reg | 128 x 14(NO_CHANGE)    | W |   | 128 x 14(WRITE_FIRST)  |   | R | Port A and B     | 1      | 0      | 
+----------------------------------------------------------------------------------------+----------------------------------+------------------------+---+---+------------------------+---+---+------------------+--------+--------+

---------------------------------------------------------------------------------
Finished ROM, RAM, DSP, Shift Register and Retiming Reporting
---------------------------------------------------------------------------------
---------------------------------------------------------------------------------
Start Technology Mapping
---------------------------------------------------------------------------------
---------------------------------------------------------------------------------
Finished Technology Mapping : Time (s): cpu = 00:00:15 ; elapsed = 00:00:16 . Memory (MB): peak = 3287.445 ; gain = 29.816 ; free physical = 197 ; free virtual = 49619
---------------------------------------------------------------------------------
---------------------------------------------------------------------------------
Start IO Insertion
---------------------------------------------------------------------------------
---------------------------------------------------------------------------------
Start Flattening Before IO Insertion
---------------------------------------------------------------------------------
---------------------------------------------------------------------------------
Finished Flattening Before IO Insertion
---------------------------------------------------------------------------------
---------------------------------------------------------------------------------
Start Final Netlist Cleanup
---------------------------------------------------------------------------------
---------------------------------------------------------------------------------
Finished Final Netlist Cleanup
---------------------------------------------------------------------------------
---------------------------------------------------------------------------------
Finished IO Insertion : Time (s): cpu = 00:00:19 ; elapsed = 00:00:20 . Memory (MB): peak = 3287.445 ; gain = 29.816 ; free physical = 199 ; free virtual = 49622
---------------------------------------------------------------------------------
---------------------------------------------------------------------------------
Start Renaming Generated Instances
---------------------------------------------------------------------------------
---------------------------------------------------------------------------------
Finished Renaming Generated Instances : Time (s): cpu = 00:00:19 ; elapsed = 00:00:20 . Memory (MB): peak = 3287.445 ; gain = 29.816 ; free physical = 199 ; free virtual = 49622
---------------------------------------------------------------------------------
---------------------------------------------------------------------------------
Start Rebuilding User Hierarchy
---------------------------------------------------------------------------------
---------------------------------------------------------------------------------
Finished Rebuilding User Hierarchy : Time (s): cpu = 00:00:19 ; elapsed = 00:00:20 . Memory (MB): peak = 3287.445 ; gain = 29.816 ; free physical = 199 ; free virtual = 49622
---------------------------------------------------------------------------------
---------------------------------------------------------------------------------
Start Renaming Generated Ports
---------------------------------------------------------------------------------
---------------------------------------------------------------------------------
Finished Renaming Generated Ports : Time (s): cpu = 00:00:19 ; elapsed = 00:00:20 . Memory (MB): peak = 3287.445 ; gain = 29.816 ; free physical = 199 ; free virtual = 49622
---------------------------------------------------------------------------------
---------------------------------------------------------------------------------
Start Handling Custom Attributes
---------------------------------------------------------------------------------
---------------------------------------------------------------------------------
Finished Handling Custom Attributes : Time (s): cpu = 00:00:20 ; elapsed = 00:00:20 . Memory (MB): peak = 3287.445 ; gain = 29.816 ; free physical = 199 ; free virtual = 49622
---------------------------------------------------------------------------------
---------------------------------------------------------------------------------
Start Renaming Generated Nets
---------------------------------------------------------------------------------
---------------------------------------------------------------------------------
Finished Renaming Generated Nets : Time (s): cpu = 00:00:20 ; elapsed = 00:00:20 . Memory (MB): peak = 3287.445 ; gain = 29.816 ; free physical = 199 ; free virtual = 49622
---------------------------------------------------------------------------------
---------------------------------------------------------------------------------
Start Writing Synthesis Report
---------------------------------------------------------------------------------

Report BlackBoxes: 
+-+--------------+----------+
| |BlackBox name |Instances |
+-+--------------+----------+
+-+--------------+----------+

Report Cell Usage: 
+------+---------+------+
|      |Cell     |Count |
+------+---------+------+
|1     |CARRY4   |     6|
|2     |LUT1     |     8|
|3     |LUT2     |    74|
|4     |LUT3     |    27|
|5     |LUT4     |    37|
|6     |LUT5     |    37|
|7     |LUT6     |    46|
|8     |RAMB18E1 |     1|
|9     |FDRE     |   310|
|10    |FDSE     |    10|
+------+---------+------+
---------------------------------------------------------------------------------
Finished Writing Synthesis Report : Time (s): cpu = 00:00:20 ; elapsed = 00:00:20 . Memory (MB): peak = 3287.445 ; gain = 29.816 ; free physical = 199 ; free virtual = 49622
---------------------------------------------------------------------------------
Synthesis finished with 0 errors, 0 critical warnings and 29 warnings.
Synthesis Optimization Runtime : Time (s): cpu = 00:00:19 ; elapsed = 00:00:19 . Memory (MB): peak = 3287.445 ; gain = 0.000 ; free physical = 199 ; free virtual = 49622
Synthesis Optimization Complete : Time (s): cpu = 00:00:20 ; elapsed = 00:00:20 . Memory (MB): peak = 3287.445 ; gain = 29.816 ; free physical = 199 ; free virtual = 49622
INFO: [Project 1-571] Translating synthesized netlist
Netlist sorting complete. Time (s): cpu = 00:00:00.01 ; elapsed = 00:00:00 . Memory (MB): peak = 3287.445 ; gain = 0.000 ; free physical = 204 ; free virtual = 49626
INFO: [Netlist 29-17] Analyzing 7 Unisim elements for replacement
INFO: [Netlist 29-28] Unisim Transformation completed in 0 CPU seconds
INFO: [Project 1-570] Preparing netlist for logic optimization
Parsing XDC File [/home/daq/AstroPix/260225_dev_richard/astep-fw/fw/astep24-3l/target-multiboard/vivado-run/astropix-cmodr2_3_CONFIG_SE.gen/sources_1/ip/fifo_axis_2clk_spi_hk/fifo_axis_2clk_spi_hk_ooc.xdc] for cell 'inst'
Finished Parsing XDC File [/home/daq/AstroPix/260225_dev_richard/astep-fw/fw/astep24-3l/target-multiboard/vivado-run/astropix-cmodr2_3_CONFIG_SE.gen/sources_1/ip/fifo_axis_2clk_spi_hk/fifo_axis_2clk_spi_hk_ooc.xdc] for cell 'inst'
INFO: [Opt 31-138] Pushed 0 inverter(s) to 0 load pin(s).
Netlist sorting complete. Time (s): cpu = 00:00:00 ; elapsed = 00:00:00 . Memory (MB): peak = 3287.445 ; gain = 0.000 ; free physical = 464 ; free virtual = 49886
INFO: [Project 1-111] Unisim Transformation Summary:
No Unisim elements were transformed.

Synth Design complete | Checksum: 4200f612
INFO: [Common 17-83] Releasing license: Synthesis
76 Infos, 63 Warnings, 0 Critical Warnings and 0 Errors encountered.
synth_design completed successfully
synth_design: Time (s): cpu = 00:00:23 ; elapsed = 00:00:21 . Memory (MB): peak = 3287.445 ; gain = 29.816 ; free physical = 464 ; free virtual = 49886
INFO: [Common 17-2834] synth_design peak Physical Memory [PSS] (MB): overall = 2609.481; main = 2297.733; forked = 380.695
INFO: [Common 17-2834] synth_design peak Virtual Memory [VSS] (MB): overall = 4244.605; main = 3255.398; forked = 989.207
INFO: [Coretcl 2-1174] Renamed 26 cell refs.
INFO: [Timing 38-480] Writing timing data to binary archive.
Write ShapeDB Complete: Time (s): cpu = 00:00:00.01 ; elapsed = 00:00:00 . Memory (MB): peak = 3287.445 ; gain = 0.000 ; free physical = 464 ; free virtual = 49886
INFO: [Common 17-1381] The checkpoint '/home/daq/AstroPix/260225_dev_richard/astep-fw/fw/astep24-3l/target-multiboard/vivado-run/astropix-cmodr2_3_CONFIG_SE.gen/sources_1/ip/fifo_axis_2clk_spi_hk/fifo_axis_2clk_spi_hk.dcp' has been generated.
CRITICAL WARNING: [Vivado 12-5447] synth_ip is not supported in project mode, please use non-project mode.
INFO: [IP_Flow 19-1686] Generating 'Instantiation Template' target for IP 'fifo_axis_2clk_spi_layer'...
INFO: [IP_Flow 19-1686] Generating 'Synthesis' target for IP 'fifo_axis_2clk_spi_layer'...
INFO: [IP_Flow 19-1686] Generating 'Simulation' target for IP 'fifo_axis_2clk_spi_layer'...
INFO: [IP_Flow 19-1686] Generating 'Change Log' target for IP 'fifo_axis_2clk_spi_layer'...
INFO: [IP_Flow 19-234] Refreshing IP repositories
INFO: [IP_Flow 19-1704] No user IP repositories specified
INFO: [IP_Flow 19-2313] Loaded Vivado IP repository '/cache/Vivado/2023.2/data/ip'.
WARNING: [Vivado 12-13650] The IP file '/home/daq/AstroPix/260225_dev_richard/astep-fw/fw/astep24-3l/target-multiboard/vivado-run/astropix-cmodr2_3_CONFIG_SE.srcs/sources_1/ip/fifo_axis_2clk_spi_layer/fifo_axis_2clk_spi_layer.xci' has been moved from its original location, as a result the outputs for this IP will now be generated in '/home/daq/AstroPix/260225_dev_richard/astep-fw/fw/astep24-3l/target-multiboard/vivado-run/astropix-cmodr2_3_CONFIG_SE.gen/sources_1/ip/fifo_axis_2clk_spi_layer'. Alternatively a copy of the IP can be imported into the project using one of the 'import_ip' or 'import_files' commands.
Command: synth_design -top fifo_axis_2clk_spi_layer -part xc7a35tcpg236-1 -mode out_of_context
Starting synth_design
Attempting to get a license for feature 'Synthesis' and/or device 'xc7a35t'
INFO: [Common 17-349] Got license for feature 'Synthesis' and/or device 'xc7a35t'
INFO: [Synth 8-7079] Multithreading enabled for synth_design using a maximum of 4 processes.
---------------------------------------------------------------------------------
Starting RTL Elaboration : Time (s): cpu = 00:00:04 ; elapsed = 00:00:05 . Memory (MB): peak = 3287.445 ; gain = 0.000 ; free physical = 188 ; free virtual = 49610
---------------------------------------------------------------------------------
INFO: [Synth 8-6157] synthesizing module 'fifo_axis_2clk_spi_layer' [/home/daq/AstroPix/260225_dev_richard/astep-fw/fw/astep24-3l/target-multiboard/vivado-run/astropix-cmodr2_3_CONFIG_SE.gen/sources_1/ip/fifo_axis_2clk_spi_layer/synth/fifo_axis_2clk_spi_layer.v:53]
INFO: [Synth 8-6157] synthesizing module 'axis_data_fifo_v2_0_11_top' [/home/daq/AstroPix/260225_dev_richard/astep-fw/fw/astep24-3l/target-multiboard/vivado-run/astropix-cmodr2_3_CONFIG_SE.gen/sources_1/ip/fifo_axis_2clk_spi_layer/hdl/axis_data_fifo_v2_0_vl_rfs.v:53]
INFO: [Synth 8-6157] synthesizing module 'axis_infrastructure_v1_1_1_util_aclken_converter_wrapper' [/home/daq/AstroPix/260225_dev_richard/astep-fw/fw/astep24-3l/target-multiboard/vivado-run/astropix-cmodr2_3_CONFIG_SE.gen/sources_1/ip/fifo_axis_2clk_spi_layer/hdl/axis_infrastructure_v1_1_vl_rfs.v:596]
INFO: [Synth 8-6157] synthesizing module 'axis_infrastructure_v1_1_1_util_axis2vector' [/home/daq/AstroPix/260225_dev_richard/astep-fw/fw/astep24-3l/target-multiboard/vivado-run/astropix-cmodr2_3_CONFIG_SE.gen/sources_1/ip/fifo_axis_2clk_spi_layer/hdl/axis_infrastructure_v1_1_vl_rfs.v:805]
INFO: [Synth 8-6155] done synthesizing module 'axis_infrastructure_v1_1_1_util_axis2vector' (0#1) [/home/daq/AstroPix/260225_dev_richard/astep-fw/fw/astep24-3l/target-multiboard/vivado-run/astropix-cmodr2_3_CONFIG_SE.gen/sources_1/ip/fifo_axis_2clk_spi_layer/hdl/axis_infrastructure_v1_1_vl_rfs.v:805]
INFO: [Synth 8-6157] synthesizing module 'axis_infrastructure_v1_1_1_util_vector2axis' [/home/daq/AstroPix/260225_dev_richard/astep-fw/fw/astep24-3l/target-multiboard/vivado-run/astropix-cmodr2_3_CONFIG_SE.gen/sources_1/ip/fifo_axis_2clk_spi_layer/hdl/axis_infrastructure_v1_1_vl_rfs.v:986]
INFO: [Synth 8-6155] done synthesizing module 'axis_infrastructure_v1_1_1_util_vector2axis' (0#1) [/home/daq/AstroPix/260225_dev_richard/astep-fw/fw/astep24-3l/target-multiboard/vivado-run/astropix-cmodr2_3_CONFIG_SE.gen/sources_1/ip/fifo_axis_2clk_spi_layer/hdl/axis_infrastructure_v1_1_vl_rfs.v:986]
INFO: [Synth 8-6155] done synthesizing module 'axis_infrastructure_v1_1_1_util_aclken_converter_wrapper' (0#1) [/home/daq/AstroPix/260225_dev_richard/astep-fw/fw/astep24-3l/target-multiboard/vivado-run/astropix-cmodr2_3_CONFIG_SE.gen/sources_1/ip/fifo_axis_2clk_spi_layer/hdl/axis_infrastructure_v1_1_vl_rfs.v:596]
INFO: [Synth 8-6157] synthesizing module 'xpm_fifo_axis' [/cache/Vivado/2023.2/data/ip/xpm/xpm_fifo/hdl/xpm_fifo.sv:2356]
INFO: [Synth 8-6157] synthesizing module 'xpm_cdc_sync_rst' [/cache/Vivado/2023.2/data/ip/xpm/xpm_cdc/hdl/xpm_cdc.sv:1059]
INFO: [Synth 8-6155] done synthesizing module 'xpm_cdc_sync_rst' (0#1) [/cache/Vivado/2023.2/data/ip/xpm/xpm_cdc/hdl/xpm_cdc.sv:1059]
INFO: [Synth 8-6157] synthesizing module 'xpm_cdc_gray' [/cache/Vivado/2023.2/data/ip/xpm/xpm_cdc/hdl/xpm_cdc.sv:283]
INFO: [Synth 8-6155] done synthesizing module 'xpm_cdc_gray' (0#1) [/cache/Vivado/2023.2/data/ip/xpm/xpm_cdc/hdl/xpm_cdc.sv:283]
INFO: [Synth 8-6157] synthesizing module 'xpm_cdc_single' [/cache/Vivado/2023.2/data/ip/xpm/xpm_cdc/hdl/xpm_cdc.sv:152]
INFO: [Synth 8-6155] done synthesizing module 'xpm_cdc_single' (0#1) [/cache/Vivado/2023.2/data/ip/xpm/xpm_cdc/hdl/xpm_cdc.sv:152]
INFO: [Synth 8-6157] synthesizing module 'xpm_fifo_base' [/cache/Vivado/2023.2/data/ip/xpm/xpm_fifo/hdl/xpm_fifo.sv:53]
INFO: [Synth 8-6157] synthesizing module 'xpm_counter_updn' [/cache/Vivado/2023.2/data/ip/xpm/xpm_fifo/hdl/xpm_fifo.sv:1866]
INFO: [Synth 8-6155] done synthesizing module 'xpm_counter_updn' (0#1) [/cache/Vivado/2023.2/data/ip/xpm/xpm_fifo/hdl/xpm_fifo.sv:1866]
INFO: [Synth 8-6157] synthesizing module 'xpm_counter_updn__parameterized0' [/cache/Vivado/2023.2/data/ip/xpm/xpm_fifo/hdl/xpm_fifo.sv:1866]
INFO: [Synth 8-6155] done synthesizing module 'xpm_counter_updn__parameterized0' (0#1) [/cache/Vivado/2023.2/data/ip/xpm/xpm_fifo/hdl/xpm_fifo.sv:1866]
INFO: [Synth 8-6157] synthesizing module 'xpm_memory_base' [/cache/Vivado/2023.2/data/ip/xpm/xpm_memory/hdl/xpm_memory.sv:54]
INFO: [Synth 8-6059] Synth Info: [XPM_MEMORY 20-1] MEMORY_PRIMITIVE (0) instructs Vivado Synthesis to choose the memory primitive type. Depending on their values, other XPM_MEMORY parameters may preclude the choice of certain memory primitive types. Review XPM_MEMORY documentation and parameter values to understand any limitations, or set MEMORY_PRIMITIVE to a different value.   [/cache/Vivado/2023.2/data/ip/xpm/xpm_memory/hdl/xpm_memory.sv:506]
INFO: [Synth 8-6155] done synthesizing module 'xpm_memory_base' (0#1) [/cache/Vivado/2023.2/data/ip/xpm/xpm_memory/hdl/xpm_memory.sv:54]
INFO: [Synth 8-6157] synthesizing module 'xpm_cdc_gray__parameterized0' [/cache/Vivado/2023.2/data/ip/xpm/xpm_cdc/hdl/xpm_cdc.sv:283]
INFO: [Synth 8-6155] done synthesizing module 'xpm_cdc_gray__parameterized0' (0#1) [/cache/Vivado/2023.2/data/ip/xpm/xpm_cdc/hdl/xpm_cdc.sv:283]
INFO: [Synth 8-6157] synthesizing module 'xpm_fifo_reg_vec' [/cache/Vivado/2023.2/data/ip/xpm/xpm_fifo/hdl/xpm_fifo.sv:1892]
INFO: [Synth 8-6155] done synthesizing module 'xpm_fifo_reg_vec' (0#1) [/cache/Vivado/2023.2/data/ip/xpm/xpm_fifo/hdl/xpm_fifo.sv:1892]
INFO: [Synth 8-6157] synthesizing module 'xpm_cdc_gray__parameterized1' [/cache/Vivado/2023.2/data/ip/xpm/xpm_cdc/hdl/xpm_cdc.sv:283]
INFO: [Synth 8-6155] done synthesizing module 'xpm_cdc_gray__parameterized1' (0#1) [/cache/Vivado/2023.2/data/ip/xpm/xpm_cdc/hdl/xpm_cdc.sv:283]
INFO: [Synth 8-6157] synthesizing module 'xpm_fifo_reg_vec__parameterized0' [/cache/Vivado/2023.2/data/ip/xpm/xpm_fifo/hdl/xpm_fifo.sv:1892]
INFO: [Synth 8-6155] done synthesizing module 'xpm_fifo_reg_vec__parameterized0' (0#1) [/cache/Vivado/2023.2/data/ip/xpm/xpm_fifo/hdl/xpm_fifo.sv:1892]
INFO: [Synth 8-6157] synthesizing module 'xpm_cdc_gray__parameterized2' [/cache/Vivado/2023.2/data/ip/xpm/xpm_cdc/hdl/xpm_cdc.sv:283]
INFO: [Synth 8-6155] done synthesizing module 'xpm_cdc_gray__parameterized2' (0#1) [/cache/Vivado/2023.2/data/ip/xpm/xpm_cdc/hdl/xpm_cdc.sv:283]
INFO: [Synth 8-226] default block is never used [/cache/Vivado/2023.2/data/ip/xpm/xpm_fifo/hdl/xpm_fifo.sv:1214]
INFO: [Synth 8-226] default block is never used [/cache/Vivado/2023.2/data/ip/xpm/xpm_fifo/hdl/xpm_fifo.sv:1281]
INFO: [Synth 8-226] default block is never used [/cache/Vivado/2023.2/data/ip/xpm/xpm_fifo/hdl/xpm_fifo.sv:1303]
INFO: [Synth 8-6157] synthesizing module 'xpm_fifo_reg_bit' [/cache/Vivado/2023.2/data/ip/xpm/xpm_fifo/hdl/xpm_fifo.sv:1914]
INFO: [Synth 8-6155] done synthesizing module 'xpm_fifo_reg_bit' (0#1) [/cache/Vivado/2023.2/data/ip/xpm/xpm_fifo/hdl/xpm_fifo.sv:1914]
INFO: [Synth 8-6157] synthesizing module 'xpm_counter_updn__parameterized1' [/cache/Vivado/2023.2/data/ip/xpm/xpm_fifo/hdl/xpm_fifo.sv:1866]
INFO: [Synth 8-6155] done synthesizing module 'xpm_counter_updn__parameterized1' (0#1) [/cache/Vivado/2023.2/data/ip/xpm/xpm_fifo/hdl/xpm_fifo.sv:1866]
INFO: [Synth 8-6157] synthesizing module 'xpm_fifo_rst' [/cache/Vivado/2023.2/data/ip/xpm/xpm_fifo/hdl/xpm_fifo.sv:1626]
INFO: [Synth 8-6155] done synthesizing module 'xpm_fifo_rst' (0#1) [/cache/Vivado/2023.2/data/ip/xpm/xpm_fifo/hdl/xpm_fifo.sv:1626]
INFO: [Synth 8-6157] synthesizing module 'xpm_counter_updn__parameterized2' [/cache/Vivado/2023.2/data/ip/xpm/xpm_fifo/hdl/xpm_fifo.sv:1866]
INFO: [Synth 8-6155] done synthesizing module 'xpm_counter_updn__parameterized2' (0#1) [/cache/Vivado/2023.2/data/ip/xpm/xpm_fifo/hdl/xpm_fifo.sv:1866]
INFO: [Synth 8-6157] synthesizing module 'xpm_counter_updn__parameterized3' [/cache/Vivado/2023.2/data/ip/xpm/xpm_fifo/hdl/xpm_fifo.sv:1866]
INFO: [Synth 8-6155] done synthesizing module 'xpm_counter_updn__parameterized3' (0#1) [/cache/Vivado/2023.2/data/ip/xpm/xpm_fifo/hdl/xpm_fifo.sv:1866]
INFO: [Synth 8-6155] done synthesizing module 'xpm_fifo_base' (0#1) [/cache/Vivado/2023.2/data/ip/xpm/xpm_fifo/hdl/xpm_fifo.sv:53]
INFO: [Synth 8-6155] done synthesizing module 'xpm_fifo_axis' (0#1) [/cache/Vivado/2023.2/data/ip/xpm/xpm_fifo/hdl/xpm_fifo.sv:2356]
INFO: [Synth 8-6155] done synthesizing module 'axis_data_fifo_v2_0_11_top' (0#1) [/home/daq/AstroPix/260225_dev_richard/astep-fw/fw/astep24-3l/target-multiboard/vivado-run/astropix-cmodr2_3_CONFIG_SE.gen/sources_1/ip/fifo_axis_2clk_spi_layer/hdl/axis_data_fifo_v2_0_vl_rfs.v:53]
INFO: [Synth 8-6155] done synthesizing module 'fifo_axis_2clk_spi_layer' (0#1) [/home/daq/AstroPix/260225_dev_richard/astep-fw/fw/astep24-3l/target-multiboard/vivado-run/astropix-cmodr2_3_CONFIG_SE.gen/sources_1/ip/fifo_axis_2clk_spi_layer/synth/fifo_axis_2clk_spi_layer.v:53]
WARNING: [Synth 8-6014] Unused sequential element gen_rd_b.gen_doutb_pipe.enb_pipe_reg[0] was removed.  [/cache/Vivado/2023.2/data/ip/xpm/xpm_memory/hdl/xpm_memory.sv:3069]
WARNING: [Synth 8-6014] Unused sequential element dest_out_bin_ff_reg was removed.  [/cache/Vivado/2023.2/data/ip/xpm/xpm_cdc/hdl/xpm_cdc.sv:417]
WARNING: [Synth 8-6014] Unused sequential element dest_out_bin_ff_reg was removed.  [/cache/Vivado/2023.2/data/ip/xpm/xpm_cdc/hdl/xpm_cdc.sv:417]
WARNING: [Synth 8-6014] Unused sequential element dest_out_bin_ff_reg was removed.  [/cache/Vivado/2023.2/data/ip/xpm/xpm_cdc/hdl/xpm_cdc.sv:417]
WARNING: [Synth 8-6014] Unused sequential element gdvld.data_valid_std_reg was removed.  [/cache/Vivado/2023.2/data/ip/xpm/xpm_fifo/hdl/xpm_fifo.sv:544]
WARNING: [Synth 8-6014] Unused sequential element gen_pf_ic_rc.gae_ic_std.ram_aempty_i_reg was removed.  [/cache/Vivado/2023.2/data/ip/xpm/xpm_fifo/hdl/xpm_fifo.sv:765]
WARNING: [Synth 8-6014] Unused sequential element gen_fwft.empty_fwft_fb_reg was removed.  [/cache/Vivado/2023.2/data/ip/xpm/xpm_fifo/hdl/xpm_fifo.sv:1398]
WARNING: [Synth 8-7129] Port ACLK in module axis_infrastructure_v1_1_1_util_aclken_converter_wrapper is either unconnected or has no load
WARNING: [Synth 8-7129] Port ARESETN in module axis_infrastructure_v1_1_1_util_aclken_converter_wrapper is either unconnected or has no load
WARNING: [Synth 8-7129] Port S_ACLKEN in module axis_infrastructure_v1_1_1_util_aclken_converter_wrapper is either unconnected or has no load
WARNING: [Synth 8-7129] Port M_ACLKEN in module axis_infrastructure_v1_1_1_util_aclken_converter_wrapper is either unconnected or has no load
WARNING: [Synth 8-7129] Port sleep in module xpm_memory_base is either unconnected or has no load
WARNING: [Synth 8-7129] Port rsta in module xpm_memory_base is either unconnected or has no load
WARNING: [Synth 8-7129] Port regcea in module xpm_memory_base is either unconnected or has no load
WARNING: [Synth 8-7129] Port injectsbiterra in module xpm_memory_base is either unconnected or has no load
WARNING: [Synth 8-7129] Port injectdbiterra in module xpm_memory_base is either unconnected or has no load
WARNING: [Synth 8-7129] Port dinb[13] in module xpm_memory_base is either unconnected or has no load
WARNING: [Synth 8-7129] Port dinb[12] in module xpm_memory_base is either unconnected or has no load
WARNING: [Synth 8-7129] Port dinb[11] in module xpm_memory_base is either unconnected or has no load
WARNING: [Synth 8-7129] Port dinb[10] in module xpm_memory_base is either unconnected or has no load
WARNING: [Synth 8-7129] Port dinb[9] in module xpm_memory_base is either unconnected or has no load
WARNING: [Synth 8-7129] Port dinb[8] in module xpm_memory_base is either unconnected or has no load
WARNING: [Synth 8-7129] Port dinb[7] in module xpm_memory_base is either unconnected or has no load
WARNING: [Synth 8-7129] Port dinb[6] in module xpm_memory_base is either unconnected or has no load
WARNING: [Synth 8-7129] Port dinb[5] in module xpm_memory_base is either unconnected or has no load
WARNING: [Synth 8-7129] Port dinb[4] in module xpm_memory_base is either unconnected or has no load
WARNING: [Synth 8-7129] Port dinb[3] in module xpm_memory_base is either unconnected or has no load
WARNING: [Synth 8-7129] Port dinb[2] in module xpm_memory_base is either unconnected or has no load
WARNING: [Synth 8-7129] Port dinb[1] in module xpm_memory_base is either unconnected or has no load
WARNING: [Synth 8-7129] Port dinb[0] in module xpm_memory_base is either unconnected or has no load
WARNING: [Synth 8-7129] Port injectsbiterrb in module xpm_memory_base is either unconnected or has no load
WARNING: [Synth 8-7129] Port injectdbiterrb in module xpm_memory_base is either unconnected or has no load
WARNING: [Synth 8-7129] Port src_clk in module xpm_cdc_single is either unconnected or has no load
---------------------------------------------------------------------------------
Finished RTL Elaboration : Time (s): cpu = 00:00:07 ; elapsed = 00:00:07 . Memory (MB): peak = 3287.445 ; gain = 0.000 ; free physical = 191 ; free virtual = 49613
---------------------------------------------------------------------------------
---------------------------------------------------------------------------------
Start Handling Custom Attributes
---------------------------------------------------------------------------------
---------------------------------------------------------------------------------
Finished Handling Custom Attributes : Time (s): cpu = 00:00:07 ; elapsed = 00:00:07 . Memory (MB): peak = 3287.445 ; gain = 0.000 ; free physical = 191 ; free virtual = 49613
---------------------------------------------------------------------------------
---------------------------------------------------------------------------------
Finished RTL Optimization Phase 1 : Time (s): cpu = 00:00:07 ; elapsed = 00:00:07 . Memory (MB): peak = 3287.445 ; gain = 0.000 ; free physical = 191 ; free virtual = 49613
---------------------------------------------------------------------------------
Netlist sorting complete. Time (s): cpu = 00:00:00 ; elapsed = 00:00:00.01 . Memory (MB): peak = 3287.445 ; gain = 0.000 ; free physical = 191 ; free virtual = 49613
INFO: [Project 1-570] Preparing netlist for logic optimization

Processing XDC Constraints
Initializing timing engine
Parsing XDC File [/home/daq/AstroPix/260225_dev_richard/astep-fw/fw/astep24-3l/target-multiboard/vivado-run/astropix-cmodr2_3_CONFIG_SE.gen/sources_1/ip/fifo_axis_2clk_spi_layer/fifo_axis_2clk_spi_layer_ooc.xdc] for cell 'inst'
Finished Parsing XDC File [/home/daq/AstroPix/260225_dev_richard/astep-fw/fw/astep24-3l/target-multiboard/vivado-run/astropix-cmodr2_3_CONFIG_SE.gen/sources_1/ip/fifo_axis_2clk_spi_layer/fifo_axis_2clk_spi_layer_ooc.xdc] for cell 'inst'
INFO: [Project 1-236] Implementation specific constraints were found while reading constraint file [/cache/Vivado/2023.2/data/ip/xpm/xpm_cdc/tcl/xpm_cdc_gray.tcl]. These constraints will be ignored for synthesis but will be used in implementation. Impacted constraints are listed in the file [.Xil/fifo_axis_2clk_spi_layer_propImpl.xdc].
Resolution: To avoid this warning, move constraints listed in [.Xil/fifo_axis_2clk_spi_layer_propImpl.xdc] to another XDC file and exclude this new file from synthesis with the used_in_synthesis property (File Properties dialog in GUI) and re-run elaboration/synthesis.
INFO: [Project 1-236] Implementation specific constraints were found while reading constraint file [/cache/Vivado/2023.2/data/ip/xpm/xpm_cdc/tcl/xpm_cdc_single.tcl]. These constraints will be ignored for synthesis but will be used in implementation. Impacted constraints are listed in the file [.Xil/fifo_axis_2clk_spi_layer_propImpl.xdc].
Resolution: To avoid this warning, move constraints listed in [.Xil/fifo_axis_2clk_spi_layer_propImpl.xdc] to another XDC file and exclude this new file from synthesis with the used_in_synthesis property (File Properties dialog in GUI) and re-run elaboration/synthesis.
INFO: [Project 1-236] Implementation specific constraints were found while reading constraint file [/cache/Vivado/2023.2/data/ip/xpm/xpm_fifo/tcl/xpm_fifo_rst_axis.tcl]. These constraints will be ignored for synthesis but will be used in implementation. Impacted constraints are listed in the file [.Xil/fifo_axis_2clk_spi_layer_propImpl.xdc].
Resolution: To avoid this warning, move constraints listed in [.Xil/fifo_axis_2clk_spi_layer_propImpl.xdc] to another XDC file and exclude this new file from synthesis with the used_in_synthesis property (File Properties dialog in GUI) and re-run elaboration/synthesis.
INFO: [Project 1-1714] 10 XPM XDC files have been applied to the design.
Completed Processing XDC Constraints

Netlist sorting complete. Time (s): cpu = 00:00:00 ; elapsed = 00:00:00 . Memory (MB): peak = 3318.227 ; gain = 0.000 ; free physical = 193 ; free virtual = 49615
INFO: [Project 1-111] Unisim Transformation Summary:
No Unisim elements were transformed.

Constraint Validation Runtime : Time (s): cpu = 00:00:00.01 ; elapsed = 00:00:00.02 . Memory (MB): peak = 3318.262 ; gain = 0.000 ; free physical = 193 ; free virtual = 49615
---------------------------------------------------------------------------------
Finished Constraint Validation : Time (s): cpu = 00:00:12 ; elapsed = 00:00:12 . Memory (MB): peak = 3318.262 ; gain = 30.816 ; free physical = 202 ; free virtual = 49624
---------------------------------------------------------------------------------
---------------------------------------------------------------------------------
Start Loading Part and Timing Information
---------------------------------------------------------------------------------
Loading part: xc7a35tcpg236-1
---------------------------------------------------------------------------------
Finished Loading Part and Timing Information : Time (s): cpu = 00:00:12 ; elapsed = 00:00:12 . Memory (MB): peak = 3318.262 ; gain = 30.816 ; free physical = 202 ; free virtual = 49624
---------------------------------------------------------------------------------
---------------------------------------------------------------------------------
Start Applying 'set_property' XDC Constraints
---------------------------------------------------------------------------------
Applied set_property KEEP_HIERARCHY = SOFT for inst. (constraint file  auto generated constraint).
Applied set_property KEEP_HIERARCHY = SOFT for inst/\gen_fifo.xpm_fifo_axis_inst /\gaxis_pkt_fifo_ic.wpkt_cnt_cdc_inst . (constraint file  auto generated constraint).
Applied set_property KEEP_HIERARCHY = SOFT for inst/\gen_fifo.xpm_fifo_axis_inst /xpm_fifo_base_inst/\gen_cdc_pntr.rd_pntr_cdc_dc_inst . (constraint file  auto generated constraint).
Applied set_property KEEP_HIERARCHY = SOFT for inst/\gen_fifo.xpm_fifo_axis_inst /xpm_fifo_base_inst/\gen_cdc_pntr.wr_pntr_cdc_dc_inst . (constraint file  auto generated constraint).
Applied set_property KEEP_HIERARCHY = SOFT for inst/\gen_fifo.xpm_fifo_axis_inst /xpm_fifo_base_inst/\gen_cdc_pntr.rd_pntr_cdc_inst . (constraint file  auto generated constraint).
Applied set_property KEEP_HIERARCHY = SOFT for inst/\gen_fifo.xpm_fifo_axis_inst /xpm_fifo_base_inst/\gen_cdc_pntr.wr_pntr_cdc_inst . (constraint file  auto generated constraint).
Applied set_property KEEP_HIERARCHY = SOFT for inst/\gen_fifo.xpm_fifo_axis_inst /\gaxis_pkt_fifo_ic.af_axis_cdc_inst . (constraint file  auto generated constraint).
Applied set_property KEEP_HIERARCHY = SOFT for inst/\gen_fifo.xpm_fifo_axis_inst /\gaxis_rst_sync.xpm_cdc_sync_rst_inst . (constraint file  auto generated constraint).
Applied set_property KEEP_HIERARCHY = SOFT for inst/\gen_fifo.xpm_fifo_axis_inst /xpm_fifo_base_inst/xpm_fifo_rst_inst/\gen_rst_ic.rrst_wr_inst . (constraint file  auto generated constraint).
Applied set_property KEEP_HIERARCHY = SOFT for inst/\gen_fifo.xpm_fifo_axis_inst /xpm_fifo_base_inst/xpm_fifo_rst_inst/\gen_rst_ic.wrst_rd_inst . (constraint file  auto generated constraint).
Applied set_property KEEP_HIERARCHY = SOFT for inst/\gen_fifo.xpm_fifo_axis_inst . (constraint file  auto generated constraint).
---------------------------------------------------------------------------------
Finished applying 'set_property' XDC Constraints : Time (s): cpu = 00:00:12 ; elapsed = 00:00:12 . Memory (MB): peak = 3318.262 ; gain = 30.816 ; free physical = 210 ; free virtual = 49632
---------------------------------------------------------------------------------
INFO: [Synth 8-802] inferred FSM for state register 'gen_rst_ic.curr_wrst_state_reg' in module 'xpm_fifo_rst'
INFO: [Synth 8-802] inferred FSM for state register 'gen_rst_ic.curr_rrst_state_reg' in module 'xpm_fifo_rst'
INFO: [Synth 8-802] inferred FSM for state register 'gen_fwft.curr_fwft_state_reg' in module 'xpm_fifo_base'
INFO: [Synth 8-5552] Implemented safe state 'default_state' for state register 'gen_rst_ic.curr_wrst_state_reg' in module 'xpm_fifo_rst'
---------------------------------------------------------------------------------------------------
                   State |                     New Encoding |                Previous Encoding 
---------------------------------------------------------------------------------------------------
*
               WRST_IDLE |                            00001 |                              000
                 WRST_IN |                            00010 |                              010
                WRST_OUT |                            00100 |                              111
               WRST_EXIT |                            01000 |                              110
            WRST_GO2IDLE |                            10000 |                              100
---------------------------------------------------------------------------------------------------
INFO: [Synth 8-3354] encoded FSM with state register 'gen_rst_ic.curr_wrst_state_reg' using encoding 'one-hot' in module 'xpm_fifo_rst'
INFO: [Synth 8-5552] Implemented safe state 'default_state' for state register 'gen_rst_ic.curr_rrst_state_reg' in module 'xpm_fifo_rst'
---------------------------------------------------------------------------------------------------
                   State |                     New Encoding |                Previous Encoding 
---------------------------------------------------------------------------------------------------
*
               RRST_IDLE |                               00 |                               00
                 RRST_IN |                               01 |                               10
                RRST_OUT |                               10 |                               11
               RRST_EXIT |                               11 |                               01
---------------------------------------------------------------------------------------------------
INFO: [Synth 8-3354] encoded FSM with state register 'gen_rst_ic.curr_rrst_state_reg' using encoding 'sequential' in module 'xpm_fifo_rst'
---------------------------------------------------------------------------------------------------
                   State |                     New Encoding |                Previous Encoding 
---------------------------------------------------------------------------------------------------
                 invalid |                               00 |                               00
            stage1_valid |                               01 |                               10
       both_stages_valid |                               10 |                               11
            stage2_valid |                               11 |                               01
---------------------------------------------------------------------------------------------------
INFO: [Synth 8-3354] encoded FSM with state register 'gen_fwft.curr_fwft_state_reg' using encoding 'sequential' in module 'xpm_fifo_base'
---------------------------------------------------------------------------------
Finished RTL Optimization Phase 2 : Time (s): cpu = 00:00:13 ; elapsed = 00:00:13 . Memory (MB): peak = 3318.262 ; gain = 30.816 ; free physical = 208 ; free virtual = 49631
---------------------------------------------------------------------------------
---------------------------------------------------------------------------------
Start RTL Component Statistics 
---------------------------------------------------------------------------------
Detailed RTL Component Info : 
+---Adders : 
	   4 Input   11 Bit       Adders := 3     
	   3 Input   11 Bit       Adders := 2     
	   2 Input   11 Bit       Adders := 1     
	   4 Input   10 Bit       Adders := 5     
	   2 Input   10 Bit       Adders := 2     
	   4 Input    2 Bit       Adders := 1     
+---XORs : 
	   2 Input     11 Bit         XORs := 2     
	   2 Input     10 Bit         XORs := 3     
	   2 Input      1 Bit         XORs := 47    
+---Registers : 
	               14 Bit    Registers := 2     
	               11 Bit    Registers := 17    
	               10 Bit    Registers := 22    
	                3 Bit    Registers := 4     
	                2 Bit    Registers := 2     
	                1 Bit    Registers := 17    
+---RAMs : 
	              14K Bit	(1024 X 14 bit)          RAMs := 1     
+---Muxes : 
	   6 Input    5 Bit        Muxes := 1     
	   2 Input    5 Bit        Muxes := 8     
	   5 Input    2 Bit        Muxes := 1     
	   2 Input    2 Bit        Muxes := 33    
	   4 Input    2 Bit        Muxes := 7     
	   2 Input    1 Bit        Muxes := 7     
	   6 Input    1 Bit        Muxes := 2     
	   5 Input    1 Bit        Muxes := 3     
	   4 Input    1 Bit        Muxes := 2     
	   3 Input    1 Bit        Muxes := 1     
---------------------------------------------------------------------------------
Finished RTL Component Statistics 
---------------------------------------------------------------------------------
---------------------------------------------------------------------------------
Start Part Resource Summary
---------------------------------------------------------------------------------
Part Resources:
DSPs: 90 (col length:60)
BRAMs: 100 (col length: RAMB18 60 RAMB36 30)
---------------------------------------------------------------------------------
Finished Part Resource Summary
---------------------------------------------------------------------------------
---------------------------------------------------------------------------------
Start Cross Boundary and Area Optimization
---------------------------------------------------------------------------------
WARNING: [Synth 8-7080] Parallel synthesis criteria is not met
WARNING: [Synth 8-7129] Port rsta in module xpm_memory_base is either unconnected or has no load
WARNING: [Synth 8-7129] Port regcea in module xpm_memory_base is either unconnected or has no load
WARNING: [Synth 8-7129] Port injectsbiterra in module xpm_memory_base is either unconnected or has no load
WARNING: [Synth 8-7129] Port injectdbiterra in module xpm_memory_base is either unconnected or has no load
WARNING: [Synth 8-7129] Port dinb[13] in module xpm_memory_base is either unconnected or has no load
WARNING: [Synth 8-7129] Port dinb[12] in module xpm_memory_base is either unconnected or has no load
WARNING: [Synth 8-7129] Port dinb[11] in module xpm_memory_base is either unconnected or has no load
WARNING: [Synth 8-7129] Port dinb[10] in module xpm_memory_base is either unconnected or has no load
WARNING: [Synth 8-7129] Port dinb[9] in module xpm_memory_base is either unconnected or has no load
WARNING: [Synth 8-7129] Port dinb[8] in module xpm_memory_base is either unconnected or has no load
WARNING: [Synth 8-7129] Port dinb[7] in module xpm_memory_base is either unconnected or has no load
WARNING: [Synth 8-7129] Port dinb[6] in module xpm_memory_base is either unconnected or has no load
WARNING: [Synth 8-7129] Port dinb[5] in module xpm_memory_base is either unconnected or has no load
WARNING: [Synth 8-7129] Port dinb[4] in module xpm_memory_base is either unconnected or has no load
WARNING: [Synth 8-7129] Port dinb[3] in module xpm_memory_base is either unconnected or has no load
WARNING: [Synth 8-7129] Port dinb[2] in module xpm_memory_base is either unconnected or has no load
WARNING: [Synth 8-7129] Port dinb[1] in module xpm_memory_base is either unconnected or has no load
WARNING: [Synth 8-7129] Port dinb[0] in module xpm_memory_base is either unconnected or has no load
WARNING: [Synth 8-7129] Port injectsbiterrb in module xpm_memory_base is either unconnected or has no load
WARNING: [Synth 8-7129] Port injectdbiterrb in module xpm_memory_base is either unconnected or has no load
WARNING: [Synth 8-7129] Port src_clk in module xpm_cdc_single is either unconnected or has no load
WARNING: [Synth 8-7129] Port s_axis_aclken in module axis_data_fifo_v2_0_11_top is either unconnected or has no load
WARNING: [Synth 8-7129] Port s_axis_tstrb[0] in module axis_data_fifo_v2_0_11_top is either unconnected or has no load
WARNING: [Synth 8-7129] Port s_axis_tkeep[0] in module axis_data_fifo_v2_0_11_top is either unconnected or has no load
WARNING: [Synth 8-7129] Port s_axis_tid[0] in module axis_data_fifo_v2_0_11_top is either unconnected or has no load
WARNING: [Synth 8-7129] Port s_axis_tdest[0] in module axis_data_fifo_v2_0_11_top is either unconnected or has no load
WARNING: [Synth 8-7129] Port s_axis_tuser[0] in module axis_data_fifo_v2_0_11_top is either unconnected or has no load
WARNING: [Synth 8-7129] Port m_axis_aclken in module axis_data_fifo_v2_0_11_top is either unconnected or has no load
INFO: [Synth 8-5784] Optimized 5 bits of RAM "gen_wr_a.gen_word_narrow.mem_reg" due to constant propagation. Old ram width 14 bits, new ram width 9 bits.
---------------------------------------------------------------------------------
Finished Cross Boundary and Area Optimization : Time (s): cpu = 00:00:15 ; elapsed = 00:00:15 . Memory (MB): peak = 3318.262 ; gain = 30.816 ; free physical = 204 ; free virtual = 49627
---------------------------------------------------------------------------------
---------------------------------------------------------------------------------
Start ROM, RAM, DSP, Shift Register and Retiming Reporting
---------------------------------------------------------------------------------

Block RAM: Preliminary Mapping Report (see note below)
+----------------------------------------------------------------------------------------+----------------------------------+------------------------+---+---+------------------------+---+---+------------------+--------+--------+
|Module Name                                                                             | RTL Object                       | PORT A (Depth x Width) | W | R | PORT B (Depth x Width) | W | R | Ports driving FF | RAMB18 | RAMB36 | 
+----------------------------------------------------------------------------------------+----------------------------------+------------------------+---+---+------------------------+---+---+------------------+--------+--------+
|inst/\gen_fifo.xpm_fifo_axis_inst /xpm_fifo_base_inst/\gen_sdpram.xpm_memory_base_inst  | gen_wr_a.gen_word_narrow.mem_reg | 1 K x 14(NO_CHANGE)    | W |   | 1 K x 14(WRITE_FIRST)  |   | R | Port A and B     | 1      | 0      | 
+----------------------------------------------------------------------------------------+----------------------------------+------------------------+---+---+------------------------+---+---+------------------+--------+--------+

Note: The table above is a preliminary report that shows the Block RAMs at the current stage of the synthesis flow. Some Block RAMs may be reimplemented as non Block RAM primitives later in the synthesis flow. Multiple instantiated Block RAMs are reported only once. 
---------------------------------------------------------------------------------
Finished ROM, RAM, DSP, Shift Register and Retiming Reporting
---------------------------------------------------------------------------------
---------------------------------------------------------------------------------
Start Applying XDC Timing Constraints
---------------------------------------------------------------------------------
---------------------------------------------------------------------------------
Finished Applying XDC Timing Constraints : Time (s): cpu = 00:00:15 ; elapsed = 00:00:16 . Memory (MB): peak = 3318.262 ; gain = 30.816 ; free physical = 203 ; free virtual = 49627
---------------------------------------------------------------------------------
---------------------------------------------------------------------------------
Start Timing Optimization
---------------------------------------------------------------------------------
---------------------------------------------------------------------------------
Finished Timing Optimization : Time (s): cpu = 00:00:16 ; elapsed = 00:00:16 . Memory (MB): peak = 3318.262 ; gain = 30.816 ; free physical = 196 ; free virtual = 49619
---------------------------------------------------------------------------------
---------------------------------------------------------------------------------
Start ROM, RAM, DSP, Shift Register and Retiming Reporting
---------------------------------------------------------------------------------

Block RAM: Final Mapping Report
+----------------------------------------------------------------------------------------+----------------------------------+------------------------+---+---+------------------------+---+---+------------------+--------+--------+
|Module Name                                                                             | RTL Object                       | PORT A (Depth x Width) | W | R | PORT B (Depth x Width) | W | R | Ports driving FF | RAMB18 | RAMB36 | 
+----------------------------------------------------------------------------------------+----------------------------------+------------------------+---+---+------------------------+---+---+------------------+--------+--------+
|inst/\gen_fifo.xpm_fifo_axis_inst /xpm_fifo_base_inst/\gen_sdpram.xpm_memory_base_inst  | gen_wr_a.gen_word_narrow.mem_reg | 1 K x 14(NO_CHANGE)    | W |   | 1 K x 14(WRITE_FIRST)  |   | R | Port A and B     | 1      | 0      | 
+----------------------------------------------------------------------------------------+----------------------------------+------------------------+---+---+------------------------+---+---+------------------+--------+--------+

---------------------------------------------------------------------------------
Finished ROM, RAM, DSP, Shift Register and Retiming Reporting
---------------------------------------------------------------------------------
---------------------------------------------------------------------------------
Start Technology Mapping
---------------------------------------------------------------------------------
---------------------------------------------------------------------------------
Finished Technology Mapping : Time (s): cpu = 00:00:16 ; elapsed = 00:00:16 . Memory (MB): peak = 3318.262 ; gain = 30.816 ; free physical = 199 ; free virtual = 49623
---------------------------------------------------------------------------------
---------------------------------------------------------------------------------
Start IO Insertion
---------------------------------------------------------------------------------
---------------------------------------------------------------------------------
Start Flattening Before IO Insertion
---------------------------------------------------------------------------------
---------------------------------------------------------------------------------
Finished Flattening Before IO Insertion
---------------------------------------------------------------------------------
---------------------------------------------------------------------------------
Start Final Netlist Cleanup
---------------------------------------------------------------------------------
---------------------------------------------------------------------------------
Finished Final Netlist Cleanup
---------------------------------------------------------------------------------
---------------------------------------------------------------------------------
Finished IO Insertion : Time (s): cpu = 00:00:20 ; elapsed = 00:00:20 . Memory (MB): peak = 3318.262 ; gain = 30.816 ; free physical = 195 ; free virtual = 49619
---------------------------------------------------------------------------------
---------------------------------------------------------------------------------
Start Renaming Generated Instances
---------------------------------------------------------------------------------
---------------------------------------------------------------------------------
Finished Renaming Generated Instances : Time (s): cpu = 00:00:20 ; elapsed = 00:00:20 . Memory (MB): peak = 3318.262 ; gain = 30.816 ; free physical = 195 ; free virtual = 49619
---------------------------------------------------------------------------------
---------------------------------------------------------------------------------
Start Rebuilding User Hierarchy
---------------------------------------------------------------------------------
---------------------------------------------------------------------------------
Finished Rebuilding User Hierarchy : Time (s): cpu = 00:00:20 ; elapsed = 00:00:20 . Memory (MB): peak = 3318.262 ; gain = 30.816 ; free physical = 191 ; free virtual = 49614
---------------------------------------------------------------------------------
---------------------------------------------------------------------------------
Start Renaming Generated Ports
---------------------------------------------------------------------------------
---------------------------------------------------------------------------------
Finished Renaming Generated Ports : Time (s): cpu = 00:00:20 ; elapsed = 00:00:20 . Memory (MB): peak = 3318.262 ; gain = 30.816 ; free physical = 191 ; free virtual = 49614
---------------------------------------------------------------------------------
---------------------------------------------------------------------------------
Start Handling Custom Attributes
---------------------------------------------------------------------------------
---------------------------------------------------------------------------------
Finished Handling Custom Attributes : Time (s): cpu = 00:00:20 ; elapsed = 00:00:20 . Memory (MB): peak = 3318.262 ; gain = 30.816 ; free physical = 191 ; free virtual = 49614
---------------------------------------------------------------------------------
---------------------------------------------------------------------------------
Start Renaming Generated Nets
---------------------------------------------------------------------------------
---------------------------------------------------------------------------------
Finished Renaming Generated Nets : Time (s): cpu = 00:00:20 ; elapsed = 00:00:20 . Memory (MB): peak = 3318.262 ; gain = 30.816 ; free physical = 191 ; free virtual = 49614
---------------------------------------------------------------------------------
---------------------------------------------------------------------------------
Start Writing Synthesis Report
---------------------------------------------------------------------------------

Report BlackBoxes: 
+-+--------------+----------+
| |BlackBox name |Instances |
+-+--------------+----------+
+-+--------------+----------+

Report Cell Usage: 
+------+---------+------+
|      |Cell     |Count |
+------+---------+------+
|1     |CARRY4   |    23|
|2     |LUT1     |    16|
|3     |LUT2     |   104|
|4     |LUT3     |    28|
|5     |LUT4     |    44|
|6     |LUT5     |    41|
|7     |LUT6     |    53|
|8     |RAMB18E1 |     1|
|9     |FDRE     |   424|
|10    |FDSE     |    10|
+------+---------+------+
---------------------------------------------------------------------------------
Finished Writing Synthesis Report : Time (s): cpu = 00:00:20 ; elapsed = 00:00:20 . Memory (MB): peak = 3318.262 ; gain = 30.816 ; free physical = 191 ; free virtual = 49614
---------------------------------------------------------------------------------
Synthesis finished with 0 errors, 0 critical warnings and 29 warnings.
Synthesis Optimization Runtime : Time (s): cpu = 00:00:19 ; elapsed = 00:00:20 . Memory (MB): peak = 3318.262 ; gain = 0.000 ; free physical = 195 ; free virtual = 49618
Synthesis Optimization Complete : Time (s): cpu = 00:00:20 ; elapsed = 00:00:21 . Memory (MB): peak = 3318.262 ; gain = 30.816 ; free physical = 195 ; free virtual = 49618
INFO: [Project 1-571] Translating synthesized netlist
Netlist sorting complete. Time (s): cpu = 00:00:00.01 ; elapsed = 00:00:00.01 . Memory (MB): peak = 3318.262 ; gain = 0.000 ; free physical = 399 ; free virtual = 49823
INFO: [Netlist 29-17] Analyzing 24 Unisim elements for replacement
INFO: [Netlist 29-28] Unisim Transformation completed in 0 CPU seconds
INFO: [Project 1-570] Preparing netlist for logic optimization
Parsing XDC File [/home/daq/AstroPix/260225_dev_richard/astep-fw/fw/astep24-3l/target-multiboard/vivado-run/astropix-cmodr2_3_CONFIG_SE.gen/sources_1/ip/fifo_axis_2clk_spi_layer/fifo_axis_2clk_spi_layer_ooc.xdc] for cell 'inst'
Finished Parsing XDC File [/home/daq/AstroPix/260225_dev_richard/astep-fw/fw/astep24-3l/target-multiboard/vivado-run/astropix-cmodr2_3_CONFIG_SE.gen/sources_1/ip/fifo_axis_2clk_spi_layer/fifo_axis_2clk_spi_layer_ooc.xdc] for cell 'inst'
INFO: [Opt 31-138] Pushed 0 inverter(s) to 0 load pin(s).
Netlist sorting complete. Time (s): cpu = 00:00:00 ; elapsed = 00:00:00 . Memory (MB): peak = 3318.262 ; gain = 0.000 ; free physical = 482 ; free virtual = 49905
INFO: [Project 1-111] Unisim Transformation Summary:
No Unisim elements were transformed.

Synth Design complete | Checksum: dabe2b2e
INFO: [Common 17-83] Releasing license: Synthesis
77 Infos, 63 Warnings, 0 Critical Warnings and 0 Errors encountered.
synth_design completed successfully
synth_design: Time (s): cpu = 00:00:24 ; elapsed = 00:00:21 . Memory (MB): peak = 3318.262 ; gain = 30.816 ; free physical = 482 ; free virtual = 49905
INFO: [Common 17-2834] synth_design peak Physical Memory [PSS] (MB): overall = 2647.852; main = 2315.542; forked = 380.652
INFO: [Common 17-2834] synth_design peak Virtual Memory [VSS] (MB): overall = 4275.422; main = 3286.215; forked = 989.207
INFO: [Coretcl 2-1174] Renamed 26 cell refs.
INFO: [Timing 38-480] Writing timing data to binary archive.
Write ShapeDB Complete: Time (s): cpu = 00:00:00.01 ; elapsed = 00:00:00 . Memory (MB): peak = 3318.262 ; gain = 0.000 ; free physical = 482 ; free virtual = 49905
INFO: [Common 17-1381] The checkpoint '/home/daq/AstroPix/260225_dev_richard/astep-fw/fw/astep24-3l/target-multiboard/vivado-run/astropix-cmodr2_3_CONFIG_SE.gen/sources_1/ip/fifo_axis_2clk_spi_layer/fifo_axis_2clk_spi_layer.dcp' has been generated.
CRITICAL WARNING: [Vivado 12-5447] synth_ip is not supported in project mode, please use non-project mode.
INFO: [IP_Flow 19-1686] Generating 'Synthesis' target for IP 'fifo_axis_2clk_spi_loopback'...
INFO: [IP_Flow 19-1686] Generating 'Simulation' target for IP 'fifo_axis_2clk_spi_loopback'...
INFO: [IP_Flow 19-1686] Generating 'Change Log' target for IP 'fifo_axis_2clk_spi_loopback'...
INFO: [IP_Flow 19-234] Refreshing IP repositories
INFO: [IP_Flow 19-1704] No user IP repositories specified
INFO: [IP_Flow 19-2313] Loaded Vivado IP repository '/cache/Vivado/2023.2/data/ip'.
WARNING: [Vivado 12-13650] The IP file '/home/daq/AstroPix/260225_dev_richard/astep-fw/fw/astep24-3l/target-multiboard/vivado-run/astropix-cmodr2_3_CONFIG_SE.srcs/sources_1/ip/fifo_axis_2clk_spi_loopback/fifo_axis_2clk_spi_loopback.xci' has been moved from its original location, as a result the outputs for this IP will now be generated in '/home/daq/AstroPix/260225_dev_richard/astep-fw/fw/astep24-3l/target-multiboard/vivado-run/astropix-cmodr2_3_CONFIG_SE.gen/sources_1/ip/fifo_axis_2clk_spi_loopback'. Alternatively a copy of the IP can be imported into the project using one of the 'import_ip' or 'import_files' commands.
Command: synth_design -top fifo_axis_2clk_spi_loopback -part xc7a35tcpg236-1 -mode out_of_context
Starting synth_design
Attempting to get a license for feature 'Synthesis' and/or device 'xc7a35t'
INFO: [Common 17-349] Got license for feature 'Synthesis' and/or device 'xc7a35t'
INFO: [Synth 8-7079] Multithreading enabled for synth_design using a maximum of 4 processes.
---------------------------------------------------------------------------------
Starting RTL Elaboration : Time (s): cpu = 00:00:04 ; elapsed = 00:00:05 . Memory (MB): peak = 3318.262 ; gain = 0.000 ; free physical = 172 ; free virtual = 49595
---------------------------------------------------------------------------------
INFO: [Synth 8-6157] synthesizing module 'fifo_axis_2clk_spi_loopback' [/home/daq/AstroPix/260225_dev_richard/astep-fw/fw/astep24-3l/target-multiboard/vivado-run/astropix-cmodr2_3_CONFIG_SE.gen/sources_1/ip/fifo_axis_2clk_spi_loopback/synth/fifo_axis_2clk_spi_loopback.v:53]
INFO: [Synth 8-6157] synthesizing module 'axis_data_fifo_v2_0_11_top' [/home/daq/AstroPix/260225_dev_richard/astep-fw/fw/astep24-3l/target-multiboard/vivado-run/astropix-cmodr2_3_CONFIG_SE.gen/sources_1/ip/fifo_axis_2clk_spi_loopback/hdl/axis_data_fifo_v2_0_vl_rfs.v:53]
INFO: [Synth 8-6157] synthesizing module 'axis_infrastructure_v1_1_1_util_aclken_converter_wrapper' [/home/daq/AstroPix/260225_dev_richard/astep-fw/fw/astep24-3l/target-multiboard/vivado-run/astropix-cmodr2_3_CONFIG_SE.gen/sources_1/ip/fifo_axis_2clk_spi_loopback/hdl/axis_infrastructure_v1_1_vl_rfs.v:596]
INFO: [Synth 8-6157] synthesizing module 'axis_infrastructure_v1_1_1_util_axis2vector' [/home/daq/AstroPix/260225_dev_richard/astep-fw/fw/astep24-3l/target-multiboard/vivado-run/astropix-cmodr2_3_CONFIG_SE.gen/sources_1/ip/fifo_axis_2clk_spi_loopback/hdl/axis_infrastructure_v1_1_vl_rfs.v:805]
INFO: [Synth 8-6155] done synthesizing module 'axis_infrastructure_v1_1_1_util_axis2vector' (0#1) [/home/daq/AstroPix/260225_dev_richard/astep-fw/fw/astep24-3l/target-multiboard/vivado-run/astropix-cmodr2_3_CONFIG_SE.gen/sources_1/ip/fifo_axis_2clk_spi_loopback/hdl/axis_infrastructure_v1_1_vl_rfs.v:805]
INFO: [Synth 8-6157] synthesizing module 'axis_infrastructure_v1_1_1_util_vector2axis' [/home/daq/AstroPix/260225_dev_richard/astep-fw/fw/astep24-3l/target-multiboard/vivado-run/astropix-cmodr2_3_CONFIG_SE.gen/sources_1/ip/fifo_axis_2clk_spi_loopback/hdl/axis_infrastructure_v1_1_vl_rfs.v:986]
INFO: [Synth 8-6155] done synthesizing module 'axis_infrastructure_v1_1_1_util_vector2axis' (0#1) [/home/daq/AstroPix/260225_dev_richard/astep-fw/fw/astep24-3l/target-multiboard/vivado-run/astropix-cmodr2_3_CONFIG_SE.gen/sources_1/ip/fifo_axis_2clk_spi_loopback/hdl/axis_infrastructure_v1_1_vl_rfs.v:986]
INFO: [Synth 8-6155] done synthesizing module 'axis_infrastructure_v1_1_1_util_aclken_converter_wrapper' (0#1) [/home/daq/AstroPix/260225_dev_richard/astep-fw/fw/astep24-3l/target-multiboard/vivado-run/astropix-cmodr2_3_CONFIG_SE.gen/sources_1/ip/fifo_axis_2clk_spi_loopback/hdl/axis_infrastructure_v1_1_vl_rfs.v:596]
INFO: [Synth 8-6157] synthesizing module 'xpm_fifo_axis' [/cache/Vivado/2023.2/data/ip/xpm/xpm_fifo/hdl/xpm_fifo.sv:2356]
INFO: [Synth 8-6157] synthesizing module 'xpm_cdc_sync_rst' [/cache/Vivado/2023.2/data/ip/xpm/xpm_cdc/hdl/xpm_cdc.sv:1059]
INFO: [Synth 8-6155] done synthesizing module 'xpm_cdc_sync_rst' (0#1) [/cache/Vivado/2023.2/data/ip/xpm/xpm_cdc/hdl/xpm_cdc.sv:1059]
INFO: [Synth 8-6157] synthesizing module 'xpm_fifo_base' [/cache/Vivado/2023.2/data/ip/xpm/xpm_fifo/hdl/xpm_fifo.sv:53]
INFO: [Synth 8-6157] synthesizing module 'xpm_memory_base' [/cache/Vivado/2023.2/data/ip/xpm/xpm_memory/hdl/xpm_memory.sv:54]
INFO: [Synth 8-6059] Synth Info: [XPM_MEMORY 20-1] MEMORY_PRIMITIVE (0) instructs Vivado Synthesis to choose the memory primitive type. Depending on their values, other XPM_MEMORY parameters may preclude the choice of certain memory primitive types. Review XPM_MEMORY documentation and parameter values to understand any limitations, or set MEMORY_PRIMITIVE to a different value.   [/cache/Vivado/2023.2/data/ip/xpm/xpm_memory/hdl/xpm_memory.sv:506]
INFO: [Synth 8-6155] done synthesizing module 'xpm_memory_base' (0#1) [/cache/Vivado/2023.2/data/ip/xpm/xpm_memory/hdl/xpm_memory.sv:54]
INFO: [Synth 8-6157] synthesizing module 'xpm_cdc_gray' [/cache/Vivado/2023.2/data/ip/xpm/xpm_cdc/hdl/xpm_cdc.sv:283]
INFO: [Synth 8-6155] done synthesizing module 'xpm_cdc_gray' (0#1) [/cache/Vivado/2023.2/data/ip/xpm/xpm_cdc/hdl/xpm_cdc.sv:283]
INFO: [Synth 8-6157] synthesizing module 'xpm_fifo_reg_vec' [/cache/Vivado/2023.2/data/ip/xpm/xpm_fifo/hdl/xpm_fifo.sv:1892]
INFO: [Synth 8-6155] done synthesizing module 'xpm_fifo_reg_vec' (0#1) [/cache/Vivado/2023.2/data/ip/xpm/xpm_fifo/hdl/xpm_fifo.sv:1892]
INFO: [Synth 8-6157] synthesizing module 'xpm_cdc_gray__parameterized0' [/cache/Vivado/2023.2/data/ip/xpm/xpm_cdc/hdl/xpm_cdc.sv:283]
INFO: [Synth 8-6155] done synthesizing module 'xpm_cdc_gray__parameterized0' (0#1) [/cache/Vivado/2023.2/data/ip/xpm/xpm_cdc/hdl/xpm_cdc.sv:283]
INFO: [Synth 8-6157] synthesizing module 'xpm_fifo_reg_vec__parameterized0' [/cache/Vivado/2023.2/data/ip/xpm/xpm_fifo/hdl/xpm_fifo.sv:1892]
INFO: [Synth 8-6155] done synthesizing module 'xpm_fifo_reg_vec__parameterized0' (0#1) [/cache/Vivado/2023.2/data/ip/xpm/xpm_fifo/hdl/xpm_fifo.sv:1892]
INFO: [Synth 8-6157] synthesizing module 'xpm_cdc_gray__parameterized1' [/cache/Vivado/2023.2/data/ip/xpm/xpm_cdc/hdl/xpm_cdc.sv:283]
INFO: [Synth 8-6155] done synthesizing module 'xpm_cdc_gray__parameterized1' (0#1) [/cache/Vivado/2023.2/data/ip/xpm/xpm_cdc/hdl/xpm_cdc.sv:283]
INFO: [Synth 8-226] default block is never used [/cache/Vivado/2023.2/data/ip/xpm/xpm_fifo/hdl/xpm_fifo.sv:1214]
INFO: [Synth 8-226] default block is never used [/cache/Vivado/2023.2/data/ip/xpm/xpm_fifo/hdl/xpm_fifo.sv:1281]
INFO: [Synth 8-226] default block is never used [/cache/Vivado/2023.2/data/ip/xpm/xpm_fifo/hdl/xpm_fifo.sv:1303]
INFO: [Synth 8-6157] synthesizing module 'xpm_fifo_reg_bit' [/cache/Vivado/2023.2/data/ip/xpm/xpm_fifo/hdl/xpm_fifo.sv:1914]
INFO: [Synth 8-6155] done synthesizing module 'xpm_fifo_reg_bit' (0#1) [/cache/Vivado/2023.2/data/ip/xpm/xpm_fifo/hdl/xpm_fifo.sv:1914]
INFO: [Synth 8-6157] synthesizing module 'xpm_counter_updn' [/cache/Vivado/2023.2/data/ip/xpm/xpm_fifo/hdl/xpm_fifo.sv:1866]
INFO: [Synth 8-6155] done synthesizing module 'xpm_counter_updn' (0#1) [/cache/Vivado/2023.2/data/ip/xpm/xpm_fifo/hdl/xpm_fifo.sv:1866]
INFO: [Synth 8-6157] synthesizing module 'xpm_fifo_rst' [/cache/Vivado/2023.2/data/ip/xpm/xpm_fifo/hdl/xpm_fifo.sv:1626]
INFO: [Synth 8-6155] done synthesizing module 'xpm_fifo_rst' (0#1) [/cache/Vivado/2023.2/data/ip/xpm/xpm_fifo/hdl/xpm_fifo.sv:1626]
INFO: [Synth 8-6157] synthesizing module 'xpm_counter_updn__parameterized0' [/cache/Vivado/2023.2/data/ip/xpm/xpm_fifo/hdl/xpm_fifo.sv:1866]
INFO: [Synth 8-6155] done synthesizing module 'xpm_counter_updn__parameterized0' (0#1) [/cache/Vivado/2023.2/data/ip/xpm/xpm_fifo/hdl/xpm_fifo.sv:1866]
INFO: [Synth 8-6157] synthesizing module 'xpm_counter_updn__parameterized1' [/cache/Vivado/2023.2/data/ip/xpm/xpm_fifo/hdl/xpm_fifo.sv:1866]
INFO: [Synth 8-6155] done synthesizing module 'xpm_counter_updn__parameterized1' (0#1) [/cache/Vivado/2023.2/data/ip/xpm/xpm_fifo/hdl/xpm_fifo.sv:1866]
INFO: [Synth 8-6157] synthesizing module 'xpm_counter_updn__parameterized2' [/cache/Vivado/2023.2/data/ip/xpm/xpm_fifo/hdl/xpm_fifo.sv:1866]
INFO: [Synth 8-6155] done synthesizing module 'xpm_counter_updn__parameterized2' (0#1) [/cache/Vivado/2023.2/data/ip/xpm/xpm_fifo/hdl/xpm_fifo.sv:1866]
INFO: [Synth 8-6155] done synthesizing module 'xpm_fifo_base' (0#1) [/cache/Vivado/2023.2/data/ip/xpm/xpm_fifo/hdl/xpm_fifo.sv:53]
INFO: [Synth 8-6155] done synthesizing module 'xpm_fifo_axis' (0#1) [/cache/Vivado/2023.2/data/ip/xpm/xpm_fifo/hdl/xpm_fifo.sv:2356]
INFO: [Synth 8-6155] done synthesizing module 'axis_data_fifo_v2_0_11_top' (0#1) [/home/daq/AstroPix/260225_dev_richard/astep-fw/fw/astep24-3l/target-multiboard/vivado-run/astropix-cmodr2_3_CONFIG_SE.gen/sources_1/ip/fifo_axis_2clk_spi_loopback/hdl/axis_data_fifo_v2_0_vl_rfs.v:53]
INFO: [Synth 8-6155] done synthesizing module 'fifo_axis_2clk_spi_loopback' (0#1) [/home/daq/AstroPix/260225_dev_richard/astep-fw/fw/astep24-3l/target-multiboard/vivado-run/astropix-cmodr2_3_CONFIG_SE.gen/sources_1/ip/fifo_axis_2clk_spi_loopback/synth/fifo_axis_2clk_spi_loopback.v:53]
WARNING: [Synth 8-6014] Unused sequential element gen_rd_b.gen_doutb_pipe.enb_pipe_reg[0] was removed.  [/cache/Vivado/2023.2/data/ip/xpm/xpm_memory/hdl/xpm_memory.sv:3069]
WARNING: [Synth 8-6014] Unused sequential element dest_out_bin_ff_reg was removed.  [/cache/Vivado/2023.2/data/ip/xpm/xpm_cdc/hdl/xpm_cdc.sv:417]
WARNING: [Synth 8-6014] Unused sequential element dest_out_bin_ff_reg was removed.  [/cache/Vivado/2023.2/data/ip/xpm/xpm_cdc/hdl/xpm_cdc.sv:417]
WARNING: [Synth 8-6014] Unused sequential element dest_out_bin_ff_reg was removed.  [/cache/Vivado/2023.2/data/ip/xpm/xpm_cdc/hdl/xpm_cdc.sv:417]
WARNING: [Synth 8-6014] Unused sequential element gdvld.data_valid_std_reg was removed.  [/cache/Vivado/2023.2/data/ip/xpm/xpm_fifo/hdl/xpm_fifo.sv:544]
WARNING: [Synth 8-6014] Unused sequential element gen_fwft.empty_fwft_fb_reg was removed.  [/cache/Vivado/2023.2/data/ip/xpm/xpm_fifo/hdl/xpm_fifo.sv:1398]
WARNING: [Synth 8-7129] Port ACLK in module axis_infrastructure_v1_1_1_util_aclken_converter_wrapper is either unconnected or has no load
WARNING: [Synth 8-7129] Port ARESETN in module axis_infrastructure_v1_1_1_util_aclken_converter_wrapper is either unconnected or has no load
WARNING: [Synth 8-7129] Port S_ACLKEN in module axis_infrastructure_v1_1_1_util_aclken_converter_wrapper is either unconnected or has no load
WARNING: [Synth 8-7129] Port M_ACLKEN in module axis_infrastructure_v1_1_1_util_aclken_converter_wrapper is either unconnected or has no load
WARNING: [Synth 8-7129] Port sleep in module xpm_memory_base is either unconnected or has no load
WARNING: [Synth 8-7129] Port rsta in module xpm_memory_base is either unconnected or has no load
WARNING: [Synth 8-7129] Port regcea in module xpm_memory_base is either unconnected or has no load
WARNING: [Synth 8-7129] Port injectsbiterra in module xpm_memory_base is either unconnected or has no load
WARNING: [Synth 8-7129] Port injectdbiterra in module xpm_memory_base is either unconnected or has no load
WARNING: [Synth 8-7129] Port dinb[13] in module xpm_memory_base is either unconnected or has no load
WARNING: [Synth 8-7129] Port dinb[12] in module xpm_memory_base is either unconnected or has no load
WARNING: [Synth 8-7129] Port dinb[11] in module xpm_memory_base is either unconnected or has no load
WARNING: [Synth 8-7129] Port dinb[10] in module xpm_memory_base is either unconnected or has no load
WARNING: [Synth 8-7129] Port dinb[9] in module xpm_memory_base is either unconnected or has no load
WARNING: [Synth 8-7129] Port dinb[8] in module xpm_memory_base is either unconnected or has no load
WARNING: [Synth 8-7129] Port dinb[7] in module xpm_memory_base is either unconnected or has no load
WARNING: [Synth 8-7129] Port dinb[6] in module xpm_memory_base is either unconnected or has no load
WARNING: [Synth 8-7129] Port dinb[5] in module xpm_memory_base is either unconnected or has no load
WARNING: [Synth 8-7129] Port dinb[4] in module xpm_memory_base is either unconnected or has no load
WARNING: [Synth 8-7129] Port dinb[3] in module xpm_memory_base is either unconnected or has no load
WARNING: [Synth 8-7129] Port dinb[2] in module xpm_memory_base is either unconnected or has no load
WARNING: [Synth 8-7129] Port dinb[1] in module xpm_memory_base is either unconnected or has no load
WARNING: [Synth 8-7129] Port dinb[0] in module xpm_memory_base is either unconnected or has no load
WARNING: [Synth 8-7129] Port injectsbiterrb in module xpm_memory_base is either unconnected or has no load
WARNING: [Synth 8-7129] Port injectdbiterrb in module xpm_memory_base is either unconnected or has no load
---------------------------------------------------------------------------------
Finished RTL Elaboration : Time (s): cpu = 00:00:06 ; elapsed = 00:00:07 . Memory (MB): peak = 3318.262 ; gain = 0.000 ; free physical = 160 ; free virtual = 49583
---------------------------------------------------------------------------------
---------------------------------------------------------------------------------
Start Handling Custom Attributes
---------------------------------------------------------------------------------
---------------------------------------------------------------------------------
Finished Handling Custom Attributes : Time (s): cpu = 00:00:07 ; elapsed = 00:00:07 . Memory (MB): peak = 3318.262 ; gain = 0.000 ; free physical = 163 ; free virtual = 49587
---------------------------------------------------------------------------------
---------------------------------------------------------------------------------
Finished RTL Optimization Phase 1 : Time (s): cpu = 00:00:07 ; elapsed = 00:00:07 . Memory (MB): peak = 3318.262 ; gain = 0.000 ; free physical = 163 ; free virtual = 49587
---------------------------------------------------------------------------------
Netlist sorting complete. Time (s): cpu = 00:00:00 ; elapsed = 00:00:00.01 . Memory (MB): peak = 3318.262 ; gain = 0.000 ; free physical = 153 ; free virtual = 49576
INFO: [Project 1-570] Preparing netlist for logic optimization

Processing XDC Constraints
Initializing timing engine
Parsing XDC File [/home/daq/AstroPix/260225_dev_richard/astep-fw/fw/astep24-3l/target-multiboard/vivado-run/astropix-cmodr2_3_CONFIG_SE.gen/sources_1/ip/fifo_axis_2clk_spi_loopback/fifo_axis_2clk_spi_loopback_ooc.xdc] for cell 'inst'
Finished Parsing XDC File [/home/daq/AstroPix/260225_dev_richard/astep-fw/fw/astep24-3l/target-multiboard/vivado-run/astropix-cmodr2_3_CONFIG_SE.gen/sources_1/ip/fifo_axis_2clk_spi_loopback/fifo_axis_2clk_spi_loopback_ooc.xdc] for cell 'inst'
INFO: [Project 1-236] Implementation specific constraints were found while reading constraint file [/cache/Vivado/2023.2/data/ip/xpm/xpm_cdc/tcl/xpm_cdc_gray.tcl]. These constraints will be ignored for synthesis but will be used in implementation. Impacted constraints are listed in the file [.Xil/fifo_axis_2clk_spi_loopback_propImpl.xdc].
Resolution: To avoid this warning, move constraints listed in [.Xil/fifo_axis_2clk_spi_loopback_propImpl.xdc] to another XDC file and exclude this new file from synthesis with the used_in_synthesis property (File Properties dialog in GUI) and re-run elaboration/synthesis.
INFO: [Project 1-236] Implementation specific constraints were found while reading constraint file [/cache/Vivado/2023.2/data/ip/xpm/xpm_fifo/tcl/xpm_fifo_rst_axis.tcl]. These constraints will be ignored for synthesis but will be used in implementation. Impacted constraints are listed in the file [.Xil/fifo_axis_2clk_spi_loopback_propImpl.xdc].
Resolution: To avoid this warning, move constraints listed in [.Xil/fifo_axis_2clk_spi_loopback_propImpl.xdc] to another XDC file and exclude this new file from synthesis with the used_in_synthesis property (File Properties dialog in GUI) and re-run elaboration/synthesis.
INFO: [Project 1-1714] 8 XPM XDC files have been applied to the design.
Completed Processing XDC Constraints

Netlist sorting complete. Time (s): cpu = 00:00:00 ; elapsed = 00:00:00 . Memory (MB): peak = 3342.105 ; gain = 0.000 ; free physical = 165 ; free virtual = 49588
INFO: [Project 1-111] Unisim Transformation Summary:
No Unisim elements were transformed.

Constraint Validation Runtime : Time (s): cpu = 00:00:00.01 ; elapsed = 00:00:00.01 . Memory (MB): peak = 3342.141 ; gain = 0.000 ; free physical = 165 ; free virtual = 49588
---------------------------------------------------------------------------------
Finished Constraint Validation : Time (s): cpu = 00:00:12 ; elapsed = 00:00:12 . Memory (MB): peak = 3342.141 ; gain = 23.879 ; free physical = 176 ; free virtual = 49599
---------------------------------------------------------------------------------
---------------------------------------------------------------------------------
Start Loading Part and Timing Information
---------------------------------------------------------------------------------
Loading part: xc7a35tcpg236-1
---------------------------------------------------------------------------------
Finished Loading Part and Timing Information : Time (s): cpu = 00:00:12 ; elapsed = 00:00:12 . Memory (MB): peak = 3342.141 ; gain = 23.879 ; free physical = 176 ; free virtual = 49599
---------------------------------------------------------------------------------
---------------------------------------------------------------------------------
Start Applying 'set_property' XDC Constraints
---------------------------------------------------------------------------------
Applied set_property KEEP_HIERARCHY = SOFT for inst. (constraint file  auto generated constraint).
Applied set_property KEEP_HIERARCHY = SOFT for inst/\gen_fifo.xpm_fifo_axis_inst /xpm_fifo_base_inst/\gen_cdc_pntr.rd_pntr_cdc_inst . (constraint file  auto generated constraint).
Applied set_property KEEP_HIERARCHY = SOFT for inst/\gen_fifo.xpm_fifo_axis_inst /xpm_fifo_base_inst/\gen_cdc_pntr.wr_pntr_cdc_inst . (constraint file  auto generated constraint).
Applied set_property KEEP_HIERARCHY = SOFT for inst/\gen_fifo.xpm_fifo_axis_inst /xpm_fifo_base_inst/\gen_cdc_pntr.rd_pntr_cdc_dc_inst . (constraint file  auto generated constraint).
Applied set_property KEEP_HIERARCHY = SOFT for inst/\gen_fifo.xpm_fifo_axis_inst /xpm_fifo_base_inst/\gen_cdc_pntr.wr_pntr_cdc_dc_inst . (constraint file  auto generated constraint).
Applied set_property KEEP_HIERARCHY = SOFT for inst/\gen_fifo.xpm_fifo_axis_inst /\gaxis_rst_sync.xpm_cdc_sync_rst_inst . (constraint file  auto generated constraint).
Applied set_property KEEP_HIERARCHY = SOFT for inst/\gen_fifo.xpm_fifo_axis_inst /xpm_fifo_base_inst/xpm_fifo_rst_inst/\gen_rst_ic.rrst_wr_inst . (constraint file  auto generated constraint).
Applied set_property KEEP_HIERARCHY = SOFT for inst/\gen_fifo.xpm_fifo_axis_inst /xpm_fifo_base_inst/xpm_fifo_rst_inst/\gen_rst_ic.wrst_rd_inst . (constraint file  auto generated constraint).
Applied set_property KEEP_HIERARCHY = SOFT for inst/\gen_fifo.xpm_fifo_axis_inst . (constraint file  auto generated constraint).
---------------------------------------------------------------------------------
Finished applying 'set_property' XDC Constraints : Time (s): cpu = 00:00:12 ; elapsed = 00:00:12 . Memory (MB): peak = 3342.141 ; gain = 23.879 ; free physical = 176 ; free virtual = 49599
---------------------------------------------------------------------------------
INFO: [Synth 8-802] inferred FSM for state register 'gen_rst_ic.curr_wrst_state_reg' in module 'xpm_fifo_rst'
INFO: [Synth 8-802] inferred FSM for state register 'gen_rst_ic.curr_rrst_state_reg' in module 'xpm_fifo_rst'
INFO: [Synth 8-802] inferred FSM for state register 'gen_fwft.curr_fwft_state_reg' in module 'xpm_fifo_base'
INFO: [Synth 8-5552] Implemented safe state 'default_state' for state register 'gen_rst_ic.curr_wrst_state_reg' in module 'xpm_fifo_rst'
---------------------------------------------------------------------------------------------------
                   State |                     New Encoding |                Previous Encoding 
---------------------------------------------------------------------------------------------------
*
               WRST_IDLE |                            00001 |                              000
                 WRST_IN |                            00010 |                              010
                WRST_OUT |                            00100 |                              111
               WRST_EXIT |                            01000 |                              110
            WRST_GO2IDLE |                            10000 |                              100
---------------------------------------------------------------------------------------------------
INFO: [Synth 8-3354] encoded FSM with state register 'gen_rst_ic.curr_wrst_state_reg' using encoding 'one-hot' in module 'xpm_fifo_rst'
INFO: [Synth 8-5552] Implemented safe state 'default_state' for state register 'gen_rst_ic.curr_rrst_state_reg' in module 'xpm_fifo_rst'
---------------------------------------------------------------------------------------------------
                   State |                     New Encoding |                Previous Encoding 
---------------------------------------------------------------------------------------------------
*
               RRST_IDLE |                               00 |                               00
                 RRST_IN |                               01 |                               10
                RRST_OUT |                               10 |                               11
               RRST_EXIT |                               11 |                               01
---------------------------------------------------------------------------------------------------
INFO: [Synth 8-3354] encoded FSM with state register 'gen_rst_ic.curr_rrst_state_reg' using encoding 'sequential' in module 'xpm_fifo_rst'
---------------------------------------------------------------------------------------------------
                   State |                     New Encoding |                Previous Encoding 
---------------------------------------------------------------------------------------------------
                 invalid |                               00 |                               00
            stage1_valid |                               01 |                               10
       both_stages_valid |                               10 |                               11
            stage2_valid |                               11 |                               01
---------------------------------------------------------------------------------------------------
INFO: [Synth 8-3354] encoded FSM with state register 'gen_fwft.curr_fwft_state_reg' using encoding 'sequential' in module 'xpm_fifo_base'
---------------------------------------------------------------------------------
Finished RTL Optimization Phase 2 : Time (s): cpu = 00:00:12 ; elapsed = 00:00:13 . Memory (MB): peak = 3342.141 ; gain = 23.879 ; free physical = 167 ; free virtual = 49592
---------------------------------------------------------------------------------
---------------------------------------------------------------------------------
Start RTL Component Statistics 
---------------------------------------------------------------------------------
Detailed RTL Component Info : 
+---Adders : 
	   4 Input   10 Bit       Adders := 3     
	   3 Input   10 Bit       Adders := 2     
	   4 Input    9 Bit       Adders := 3     
	   4 Input    2 Bit       Adders := 1     
+---XORs : 
	   2 Input     10 Bit         XORs := 2     
	   2 Input      9 Bit         XORs := 2     
	   2 Input      1 Bit         XORs := 34    
+---Registers : 
	               14 Bit    Registers := 2     
	               10 Bit    Registers := 16    
	                9 Bit    Registers := 13    
	                3 Bit    Registers := 3     
	                2 Bit    Registers := 2     
	                1 Bit    Registers := 14    
+---RAMs : 
	               7K Bit	(512 X 14 bit)          RAMs := 1     
+---Muxes : 
	   6 Input    5 Bit        Muxes := 1     
	   2 Input    5 Bit        Muxes := 8     
	   5 Input    2 Bit        Muxes := 1     
	   2 Input    2 Bit        Muxes := 33    
	   4 Input    2 Bit        Muxes := 7     
	   2 Input    1 Bit        Muxes := 5     
	   6 Input    1 Bit        Muxes := 2     
	   5 Input    1 Bit        Muxes := 3     
	   4 Input    1 Bit        Muxes := 2     
---------------------------------------------------------------------------------
Finished RTL Component Statistics 
---------------------------------------------------------------------------------
---------------------------------------------------------------------------------
Start Part Resource Summary
---------------------------------------------------------------------------------
Part Resources:
DSPs: 90 (col length:60)
BRAMs: 100 (col length: RAMB18 60 RAMB36 30)
---------------------------------------------------------------------------------
Finished Part Resource Summary
---------------------------------------------------------------------------------
---------------------------------------------------------------------------------
Start Cross Boundary and Area Optimization
---------------------------------------------------------------------------------
WARNING: [Synth 8-7080] Parallel synthesis criteria is not met
WARNING: [Synth 8-7129] Port rsta in module xpm_memory_base is either unconnected or has no load
WARNING: [Synth 8-7129] Port regcea in module xpm_memory_base is either unconnected or has no load
WARNING: [Synth 8-7129] Port injectsbiterra in module xpm_memory_base is either unconnected or has no load
WARNING: [Synth 8-7129] Port injectdbiterra in module xpm_memory_base is either unconnected or has no load
WARNING: [Synth 8-7129] Port dinb[13] in module xpm_memory_base is either unconnected or has no load
WARNING: [Synth 8-7129] Port dinb[12] in module xpm_memory_base is either unconnected or has no load
WARNING: [Synth 8-7129] Port dinb[11] in module xpm_memory_base is either unconnected or has no load
WARNING: [Synth 8-7129] Port dinb[10] in module xpm_memory_base is either unconnected or has no load
WARNING: [Synth 8-7129] Port dinb[9] in module xpm_memory_base is either unconnected or has no load
WARNING: [Synth 8-7129] Port dinb[8] in module xpm_memory_base is either unconnected or has no load
WARNING: [Synth 8-7129] Port dinb[7] in module xpm_memory_base is either unconnected or has no load
WARNING: [Synth 8-7129] Port dinb[6] in module xpm_memory_base is either unconnected or has no load
WARNING: [Synth 8-7129] Port dinb[5] in module xpm_memory_base is either unconnected or has no load
WARNING: [Synth 8-7129] Port dinb[4] in module xpm_memory_base is either unconnected or has no load
WARNING: [Synth 8-7129] Port dinb[3] in module xpm_memory_base is either unconnected or has no load
WARNING: [Synth 8-7129] Port dinb[2] in module xpm_memory_base is either unconnected or has no load
WARNING: [Synth 8-7129] Port dinb[1] in module xpm_memory_base is either unconnected or has no load
WARNING: [Synth 8-7129] Port dinb[0] in module xpm_memory_base is either unconnected or has no load
WARNING: [Synth 8-7129] Port injectsbiterrb in module xpm_memory_base is either unconnected or has no load
WARNING: [Synth 8-7129] Port injectdbiterrb in module xpm_memory_base is either unconnected or has no load
WARNING: [Synth 8-7129] Port s_axis_aclken in module axis_data_fifo_v2_0_11_top is either unconnected or has no load
WARNING: [Synth 8-7129] Port s_axis_tstrb[0] in module axis_data_fifo_v2_0_11_top is either unconnected or has no load
WARNING: [Synth 8-7129] Port s_axis_tkeep[0] in module axis_data_fifo_v2_0_11_top is either unconnected or has no load
WARNING: [Synth 8-7129] Port s_axis_tlast in module axis_data_fifo_v2_0_11_top is either unconnected or has no load
WARNING: [Synth 8-7129] Port s_axis_tid[0] in module axis_data_fifo_v2_0_11_top is either unconnected or has no load
WARNING: [Synth 8-7129] Port s_axis_tdest[0] in module axis_data_fifo_v2_0_11_top is either unconnected or has no load
WARNING: [Synth 8-7129] Port s_axis_tuser[0] in module axis_data_fifo_v2_0_11_top is either unconnected or has no load
WARNING: [Synth 8-7129] Port m_axis_aclken in module axis_data_fifo_v2_0_11_top is either unconnected or has no load
INFO: [Synth 8-5784] Optimized 6 bits of RAM "gen_wr_a.gen_word_narrow.mem_reg" due to constant propagation. Old ram width 14 bits, new ram width 8 bits.
---------------------------------------------------------------------------------
Finished Cross Boundary and Area Optimization : Time (s): cpu = 00:00:14 ; elapsed = 00:00:15 . Memory (MB): peak = 3342.141 ; gain = 23.879 ; free physical = 151 ; free virtual = 49575
---------------------------------------------------------------------------------
---------------------------------------------------------------------------------
Start ROM, RAM, DSP, Shift Register and Retiming Reporting
---------------------------------------------------------------------------------

Block RAM: Preliminary Mapping Report (see note below)
+----------------------------------------------------------------------------------------+----------------------------------+------------------------+---+---+------------------------+---+---+------------------+--------+--------+
|Module Name                                                                             | RTL Object                       | PORT A (Depth x Width) | W | R | PORT B (Depth x Width) | W | R | Ports driving FF | RAMB18 | RAMB36 | 
+----------------------------------------------------------------------------------------+----------------------------------+------------------------+---+---+------------------------+---+---+------------------+--------+--------+
|inst/\gen_fifo.xpm_fifo_axis_inst /xpm_fifo_base_inst/\gen_sdpram.xpm_memory_base_inst  | gen_wr_a.gen_word_narrow.mem_reg | 512 x 14(NO_CHANGE)    | W |   | 512 x 14(WRITE_FIRST)  |   | R | Port A and B     | 1      | 0      | 
+----------------------------------------------------------------------------------------+----------------------------------+------------------------+---+---+------------------------+---+---+------------------+--------+--------+

Note: The table above is a preliminary report that shows the Block RAMs at the current stage of the synthesis flow. Some Block RAMs may be reimplemented as non Block RAM primitives later in the synthesis flow. Multiple instantiated Block RAMs are reported only once. 
---------------------------------------------------------------------------------
Finished ROM, RAM, DSP, Shift Register and Retiming Reporting
---------------------------------------------------------------------------------
---------------------------------------------------------------------------------
Start Applying XDC Timing Constraints
---------------------------------------------------------------------------------
---------------------------------------------------------------------------------
Finished Applying XDC Timing Constraints : Time (s): cpu = 00:00:15 ; elapsed = 00:00:15 . Memory (MB): peak = 3342.141 ; gain = 23.879 ; free physical = 160 ; free virtual = 49584
---------------------------------------------------------------------------------
---------------------------------------------------------------------------------
Start Timing Optimization
---------------------------------------------------------------------------------
---------------------------------------------------------------------------------
Finished Timing Optimization : Time (s): cpu = 00:00:15 ; elapsed = 00:00:15 . Memory (MB): peak = 3342.141 ; gain = 23.879 ; free physical = 160 ; free virtual = 49584
---------------------------------------------------------------------------------
---------------------------------------------------------------------------------
Start ROM, RAM, DSP, Shift Register and Retiming Reporting
---------------------------------------------------------------------------------

Block RAM: Final Mapping Report
+----------------------------------------------------------------------------------------+----------------------------------+------------------------+---+---+------------------------+---+---+------------------+--------+--------+
|Module Name                                                                             | RTL Object                       | PORT A (Depth x Width) | W | R | PORT B (Depth x Width) | W | R | Ports driving FF | RAMB18 | RAMB36 | 
+----------------------------------------------------------------------------------------+----------------------------------+------------------------+---+---+------------------------+---+---+------------------+--------+--------+
|inst/\gen_fifo.xpm_fifo_axis_inst /xpm_fifo_base_inst/\gen_sdpram.xpm_memory_base_inst  | gen_wr_a.gen_word_narrow.mem_reg | 512 x 14(NO_CHANGE)    | W |   | 512 x 14(WRITE_FIRST)  |   | R | Port A and B     | 1      | 0      | 
+----------------------------------------------------------------------------------------+----------------------------------+------------------------+---+---+------------------------+---+---+------------------+--------+--------+

---------------------------------------------------------------------------------
Finished ROM, RAM, DSP, Shift Register and Retiming Reporting
---------------------------------------------------------------------------------
---------------------------------------------------------------------------------
Start Technology Mapping
---------------------------------------------------------------------------------
---------------------------------------------------------------------------------
Finished Technology Mapping : Time (s): cpu = 00:00:15 ; elapsed = 00:00:16 . Memory (MB): peak = 3342.141 ; gain = 23.879 ; free physical = 160 ; free virtual = 49584
---------------------------------------------------------------------------------
---------------------------------------------------------------------------------
Start IO Insertion
---------------------------------------------------------------------------------
---------------------------------------------------------------------------------
Start Flattening Before IO Insertion
---------------------------------------------------------------------------------
---------------------------------------------------------------------------------
Finished Flattening Before IO Insertion
---------------------------------------------------------------------------------
---------------------------------------------------------------------------------
Start Final Netlist Cleanup
---------------------------------------------------------------------------------
---------------------------------------------------------------------------------
Finished Final Netlist Cleanup
---------------------------------------------------------------------------------
---------------------------------------------------------------------------------
Finished IO Insertion : Time (s): cpu = 00:00:19 ; elapsed = 00:00:20 . Memory (MB): peak = 3342.141 ; gain = 23.879 ; free physical = 269 ; free virtual = 49616
---------------------------------------------------------------------------------
---------------------------------------------------------------------------------
Start Renaming Generated Instances
---------------------------------------------------------------------------------
---------------------------------------------------------------------------------
Finished Renaming Generated Instances : Time (s): cpu = 00:00:19 ; elapsed = 00:00:20 . Memory (MB): peak = 3342.141 ; gain = 23.879 ; free physical = 269 ; free virtual = 49616
---------------------------------------------------------------------------------
---------------------------------------------------------------------------------
Start Rebuilding User Hierarchy
---------------------------------------------------------------------------------
---------------------------------------------------------------------------------
Finished Rebuilding User Hierarchy : Time (s): cpu = 00:00:19 ; elapsed = 00:00:20 . Memory (MB): peak = 3342.141 ; gain = 23.879 ; free physical = 253 ; free virtual = 49601
---------------------------------------------------------------------------------
---------------------------------------------------------------------------------
Start Renaming Generated Ports
---------------------------------------------------------------------------------
---------------------------------------------------------------------------------
Finished Renaming Generated Ports : Time (s): cpu = 00:00:19 ; elapsed = 00:00:20 . Memory (MB): peak = 3342.141 ; gain = 23.879 ; free physical = 253 ; free virtual = 49601
---------------------------------------------------------------------------------
---------------------------------------------------------------------------------
Start Handling Custom Attributes
---------------------------------------------------------------------------------
---------------------------------------------------------------------------------
Finished Handling Custom Attributes : Time (s): cpu = 00:00:19 ; elapsed = 00:00:20 . Memory (MB): peak = 3342.141 ; gain = 23.879 ; free physical = 253 ; free virtual = 49601
---------------------------------------------------------------------------------
---------------------------------------------------------------------------------
Start Renaming Generated Nets
---------------------------------------------------------------------------------
---------------------------------------------------------------------------------
Finished Renaming Generated Nets : Time (s): cpu = 00:00:19 ; elapsed = 00:00:20 . Memory (MB): peak = 3342.141 ; gain = 23.879 ; free physical = 253 ; free virtual = 49601
---------------------------------------------------------------------------------
---------------------------------------------------------------------------------
Start Writing Synthesis Report
---------------------------------------------------------------------------------

Report BlackBoxes: 
+-+--------------+----------+
| |BlackBox name |Instances |
+-+--------------+----------+
+-+--------------+----------+

Report Cell Usage: 
+------+---------+------+
|      |Cell     |Count |
+------+---------+------+
|1     |CARRY4   |    13|
|2     |LUT1     |    12|
|3     |LUT2     |    72|
|4     |LUT3     |    22|
|5     |LUT4     |    35|
|6     |LUT5     |    32|
|7     |LUT6     |    33|
|8     |RAMB18E1 |     1|
|9     |FDRE     |   303|
|10    |FDSE     |     6|
+------+---------+------+
---------------------------------------------------------------------------------
Finished Writing Synthesis Report : Time (s): cpu = 00:00:19 ; elapsed = 00:00:20 . Memory (MB): peak = 3342.141 ; gain = 23.879 ; free physical = 262 ; free virtual = 49610
---------------------------------------------------------------------------------
Synthesis finished with 0 errors, 0 critical warnings and 29 warnings.
Synthesis Optimization Runtime : Time (s): cpu = 00:00:19 ; elapsed = 00:00:19 . Memory (MB): peak = 3342.141 ; gain = 0.000 ; free physical = 262 ; free virtual = 49609
Synthesis Optimization Complete : Time (s): cpu = 00:00:20 ; elapsed = 00:00:20 . Memory (MB): peak = 3342.141 ; gain = 23.879 ; free physical = 262 ; free virtual = 49609
INFO: [Project 1-571] Translating synthesized netlist
Netlist sorting complete. Time (s): cpu = 00:00:00.01 ; elapsed = 00:00:00 . Memory (MB): peak = 3342.141 ; gain = 0.000 ; free physical = 265 ; free virtual = 49613
INFO: [Netlist 29-17] Analyzing 14 Unisim elements for replacement
INFO: [Netlist 29-28] Unisim Transformation completed in 0 CPU seconds
INFO: [Project 1-570] Preparing netlist for logic optimization
Parsing XDC File [/home/daq/AstroPix/260225_dev_richard/astep-fw/fw/astep24-3l/target-multiboard/vivado-run/astropix-cmodr2_3_CONFIG_SE.gen/sources_1/ip/fifo_axis_2clk_spi_loopback/fifo_axis_2clk_spi_loopback_ooc.xdc] for cell 'inst'
Finished Parsing XDC File [/home/daq/AstroPix/260225_dev_richard/astep-fw/fw/astep24-3l/target-multiboard/vivado-run/astropix-cmodr2_3_CONFIG_SE.gen/sources_1/ip/fifo_axis_2clk_spi_loopback/fifo_axis_2clk_spi_loopback_ooc.xdc] for cell 'inst'
INFO: [Opt 31-138] Pushed 0 inverter(s) to 0 load pin(s).
Netlist sorting complete. Time (s): cpu = 00:00:00 ; elapsed = 00:00:00 . Memory (MB): peak = 3342.141 ; gain = 0.000 ; free physical = 556 ; free virtual = 49903
INFO: [Project 1-111] Unisim Transformation Summary:
No Unisim elements were transformed.

Synth Design complete | Checksum: 6a93e862
INFO: [Common 17-83] Releasing license: Synthesis
70 Infos, 61 Warnings, 0 Critical Warnings and 0 Errors encountered.
synth_design completed successfully
synth_design: Time (s): cpu = 00:00:23 ; elapsed = 00:00:21 . Memory (MB): peak = 3342.141 ; gain = 23.879 ; free physical = 556 ; free virtual = 49903
INFO: [Common 17-2834] synth_design peak Physical Memory [PSS] (MB): overall = 2657.576; main = 2336.913; forked = 380.675
INFO: [Common 17-2834] synth_design peak Virtual Memory [VSS] (MB): overall = 4299.297; main = 3310.094; forked = 989.203
INFO: [Coretcl 2-1174] Renamed 23 cell refs.
INFO: [Timing 38-480] Writing timing data to binary archive.
Write ShapeDB Complete: Time (s): cpu = 00:00:00 ; elapsed = 00:00:00 . Memory (MB): peak = 3342.141 ; gain = 0.000 ; free physical = 556 ; free virtual = 49903
INFO: [Common 17-1381] The checkpoint '/home/daq/AstroPix/260225_dev_richard/astep-fw/fw/astep24-3l/target-multiboard/vivado-run/astropix-cmodr2_3_CONFIG_SE.gen/sources_1/ip/fifo_axis_2clk_spi_loopback/fifo_axis_2clk_spi_loopback.dcp' has been generated.
CRITICAL WARNING: [Vivado 12-5447] synth_ip is not supported in project mode, please use non-project mode.
INFO: [IP_Flow 19-1686] Generating 'Synthesis' target for IP 'fifo_axis_2clk_sw_io_16e'...
INFO: [IP_Flow 19-1686] Generating 'Simulation' target for IP 'fifo_axis_2clk_sw_io_16e'...
INFO: [IP_Flow 19-1686] Generating 'Change Log' target for IP 'fifo_axis_2clk_sw_io_16e'...
INFO: [IP_Flow 19-234] Refreshing IP repositories
INFO: [IP_Flow 19-1704] No user IP repositories specified
INFO: [IP_Flow 19-2313] Loaded Vivado IP repository '/cache/Vivado/2023.2/data/ip'.
WARNING: [Vivado 12-13650] The IP file '/home/daq/AstroPix/260225_dev_richard/astep-fw/fw/astep24-3l/target-multiboard/vivado-run/astropix-cmodr2_3_CONFIG_SE.srcs/sources_1/ip/fifo_axis_2clk_sw_io_16e/fifo_axis_2clk_sw_io_16e.xci' has been moved from its original location, as a result the outputs for this IP will now be generated in '/home/daq/AstroPix/260225_dev_richard/astep-fw/fw/astep24-3l/target-multiboard/vivado-run/astropix-cmodr2_3_CONFIG_SE.gen/sources_1/ip/fifo_axis_2clk_sw_io_16e'. Alternatively a copy of the IP can be imported into the project using one of the 'import_ip' or 'import_files' commands.
Command: synth_design -top fifo_axis_2clk_sw_io_16e -part xc7a35tcpg236-1 -mode out_of_context
Starting synth_design
Attempting to get a license for feature 'Synthesis' and/or device 'xc7a35t'
INFO: [Common 17-349] Got license for feature 'Synthesis' and/or device 'xc7a35t'
INFO: [Synth 8-7079] Multithreading enabled for synth_design using a maximum of 4 processes.
---------------------------------------------------------------------------------
Starting RTL Elaboration : Time (s): cpu = 00:00:04 ; elapsed = 00:00:05 . Memory (MB): peak = 3342.141 ; gain = 0.000 ; free physical = 253 ; free virtual = 49601
---------------------------------------------------------------------------------
INFO: [Synth 8-6157] synthesizing module 'fifo_axis_2clk_sw_io_16e' [/home/daq/AstroPix/260225_dev_richard/astep-fw/fw/astep24-3l/target-multiboard/vivado-run/astropix-cmodr2_3_CONFIG_SE.gen/sources_1/ip/fifo_axis_2clk_sw_io_16e/synth/fifo_axis_2clk_sw_io_16e.v:53]
INFO: [Synth 8-6157] synthesizing module 'axis_data_fifo_v2_0_11_top' [/home/daq/AstroPix/260225_dev_richard/astep-fw/fw/astep24-3l/target-multiboard/vivado-run/astropix-cmodr2_3_CONFIG_SE.gen/sources_1/ip/fifo_axis_2clk_sw_io_16e/hdl/axis_data_fifo_v2_0_vl_rfs.v:53]
INFO: [Synth 8-6157] synthesizing module 'axis_infrastructure_v1_1_1_util_aclken_converter_wrapper' [/home/daq/AstroPix/260225_dev_richard/astep-fw/fw/astep24-3l/target-multiboard/vivado-run/astropix-cmodr2_3_CONFIG_SE.gen/sources_1/ip/fifo_axis_2clk_sw_io_16e/hdl/axis_infrastructure_v1_1_vl_rfs.v:596]
INFO: [Synth 8-6157] synthesizing module 'axis_infrastructure_v1_1_1_util_axis2vector' [/home/daq/AstroPix/260225_dev_richard/astep-fw/fw/astep24-3l/target-multiboard/vivado-run/astropix-cmodr2_3_CONFIG_SE.gen/sources_1/ip/fifo_axis_2clk_sw_io_16e/hdl/axis_infrastructure_v1_1_vl_rfs.v:805]
INFO: [Synth 8-6155] done synthesizing module 'axis_infrastructure_v1_1_1_util_axis2vector' (0#1) [/home/daq/AstroPix/260225_dev_richard/astep-fw/fw/astep24-3l/target-multiboard/vivado-run/astropix-cmodr2_3_CONFIG_SE.gen/sources_1/ip/fifo_axis_2clk_sw_io_16e/hdl/axis_infrastructure_v1_1_vl_rfs.v:805]
INFO: [Synth 8-6157] synthesizing module 'axis_infrastructure_v1_1_1_util_vector2axis' [/home/daq/AstroPix/260225_dev_richard/astep-fw/fw/astep24-3l/target-multiboard/vivado-run/astropix-cmodr2_3_CONFIG_SE.gen/sources_1/ip/fifo_axis_2clk_sw_io_16e/hdl/axis_infrastructure_v1_1_vl_rfs.v:986]
INFO: [Synth 8-6155] done synthesizing module 'axis_infrastructure_v1_1_1_util_vector2axis' (0#1) [/home/daq/AstroPix/260225_dev_richard/astep-fw/fw/astep24-3l/target-multiboard/vivado-run/astropix-cmodr2_3_CONFIG_SE.gen/sources_1/ip/fifo_axis_2clk_sw_io_16e/hdl/axis_infrastructure_v1_1_vl_rfs.v:986]
INFO: [Synth 8-6155] done synthesizing module 'axis_infrastructure_v1_1_1_util_aclken_converter_wrapper' (0#1) [/home/daq/AstroPix/260225_dev_richard/astep-fw/fw/astep24-3l/target-multiboard/vivado-run/astropix-cmodr2_3_CONFIG_SE.gen/sources_1/ip/fifo_axis_2clk_sw_io_16e/hdl/axis_infrastructure_v1_1_vl_rfs.v:596]
INFO: [Synth 8-6157] synthesizing module 'xpm_fifo_axis' [/cache/Vivado/2023.2/data/ip/xpm/xpm_fifo/hdl/xpm_fifo.sv:2356]
INFO: [Synth 8-6157] synthesizing module 'xpm_cdc_sync_rst' [/cache/Vivado/2023.2/data/ip/xpm/xpm_cdc/hdl/xpm_cdc.sv:1059]
INFO: [Synth 8-6155] done synthesizing module 'xpm_cdc_sync_rst' (0#1) [/cache/Vivado/2023.2/data/ip/xpm/xpm_cdc/hdl/xpm_cdc.sv:1059]
INFO: [Synth 8-6157] synthesizing module 'xpm_fifo_base' [/cache/Vivado/2023.2/data/ip/xpm/xpm_fifo/hdl/xpm_fifo.sv:53]
INFO: [Synth 8-6157] synthesizing module 'xpm_counter_updn' [/cache/Vivado/2023.2/data/ip/xpm/xpm_fifo/hdl/xpm_fifo.sv:1866]
INFO: [Synth 8-6155] done synthesizing module 'xpm_counter_updn' (0#1) [/cache/Vivado/2023.2/data/ip/xpm/xpm_fifo/hdl/xpm_fifo.sv:1866]
INFO: [Synth 8-6157] synthesizing module 'xpm_counter_updn__parameterized0' [/cache/Vivado/2023.2/data/ip/xpm/xpm_fifo/hdl/xpm_fifo.sv:1866]
INFO: [Synth 8-6155] done synthesizing module 'xpm_counter_updn__parameterized0' (0#1) [/cache/Vivado/2023.2/data/ip/xpm/xpm_fifo/hdl/xpm_fifo.sv:1866]
INFO: [Synth 8-6157] synthesizing module 'xpm_memory_base' [/cache/Vivado/2023.2/data/ip/xpm/xpm_memory/hdl/xpm_memory.sv:54]
INFO: [Synth 8-6059] Synth Info: [XPM_MEMORY 20-1] MEMORY_PRIMITIVE (0) instructs Vivado Synthesis to choose the memory primitive type. Depending on their values, other XPM_MEMORY parameters may preclude the choice of certain memory primitive types. Review XPM_MEMORY documentation and parameter values to understand any limitations, or set MEMORY_PRIMITIVE to a different value.   [/cache/Vivado/2023.2/data/ip/xpm/xpm_memory/hdl/xpm_memory.sv:506]
INFO: [Synth 8-6155] done synthesizing module 'xpm_memory_base' (0#1) [/cache/Vivado/2023.2/data/ip/xpm/xpm_memory/hdl/xpm_memory.sv:54]
INFO: [Synth 8-6157] synthesizing module 'xpm_cdc_gray' [/cache/Vivado/2023.2/data/ip/xpm/xpm_cdc/hdl/xpm_cdc.sv:283]
INFO: [Synth 8-6155] done synthesizing module 'xpm_cdc_gray' (0#1) [/cache/Vivado/2023.2/data/ip/xpm/xpm_cdc/hdl/xpm_cdc.sv:283]
INFO: [Synth 8-6157] synthesizing module 'xpm_fifo_reg_vec' [/cache/Vivado/2023.2/data/ip/xpm/xpm_fifo/hdl/xpm_fifo.sv:1892]
INFO: [Synth 8-6155] done synthesizing module 'xpm_fifo_reg_vec' (0#1) [/cache/Vivado/2023.2/data/ip/xpm/xpm_fifo/hdl/xpm_fifo.sv:1892]
INFO: [Synth 8-6157] synthesizing module 'xpm_cdc_gray__parameterized0' [/cache/Vivado/2023.2/data/ip/xpm/xpm_cdc/hdl/xpm_cdc.sv:283]
INFO: [Synth 8-6155] done synthesizing module 'xpm_cdc_gray__parameterized0' (0#1) [/cache/Vivado/2023.2/data/ip/xpm/xpm_cdc/hdl/xpm_cdc.sv:283]
INFO: [Synth 8-6157] synthesizing module 'xpm_fifo_reg_vec__parameterized0' [/cache/Vivado/2023.2/data/ip/xpm/xpm_fifo/hdl/xpm_fifo.sv:1892]
INFO: [Synth 8-6155] done synthesizing module 'xpm_fifo_reg_vec__parameterized0' (0#1) [/cache/Vivado/2023.2/data/ip/xpm/xpm_fifo/hdl/xpm_fifo.sv:1892]
INFO: [Synth 8-6157] synthesizing module 'xpm_cdc_gray__parameterized1' [/cache/Vivado/2023.2/data/ip/xpm/xpm_cdc/hdl/xpm_cdc.sv:283]
INFO: [Synth 8-6155] done synthesizing module 'xpm_cdc_gray__parameterized1' (0#1) [/cache/Vivado/2023.2/data/ip/xpm/xpm_cdc/hdl/xpm_cdc.sv:283]
INFO: [Synth 8-226] default block is never used [/cache/Vivado/2023.2/data/ip/xpm/xpm_fifo/hdl/xpm_fifo.sv:1214]
INFO: [Synth 8-226] default block is never used [/cache/Vivado/2023.2/data/ip/xpm/xpm_fifo/hdl/xpm_fifo.sv:1281]
INFO: [Synth 8-226] default block is never used [/cache/Vivado/2023.2/data/ip/xpm/xpm_fifo/hdl/xpm_fifo.sv:1303]
INFO: [Synth 8-6157] synthesizing module 'xpm_fifo_reg_bit' [/cache/Vivado/2023.2/data/ip/xpm/xpm_fifo/hdl/xpm_fifo.sv:1914]
INFO: [Synth 8-6155] done synthesizing module 'xpm_fifo_reg_bit' (0#1) [/cache/Vivado/2023.2/data/ip/xpm/xpm_fifo/hdl/xpm_fifo.sv:1914]
INFO: [Synth 8-6157] synthesizing module 'xpm_counter_updn__parameterized1' [/cache/Vivado/2023.2/data/ip/xpm/xpm_fifo/hdl/xpm_fifo.sv:1866]
INFO: [Synth 8-6155] done synthesizing module 'xpm_counter_updn__parameterized1' (0#1) [/cache/Vivado/2023.2/data/ip/xpm/xpm_fifo/hdl/xpm_fifo.sv:1866]
INFO: [Synth 8-6157] synthesizing module 'xpm_fifo_rst' [/cache/Vivado/2023.2/data/ip/xpm/xpm_fifo/hdl/xpm_fifo.sv:1626]
INFO: [Synth 8-6155] done synthesizing module 'xpm_fifo_rst' (0#1) [/cache/Vivado/2023.2/data/ip/xpm/xpm_fifo/hdl/xpm_fifo.sv:1626]
INFO: [Synth 8-6157] synthesizing module 'xpm_counter_updn__parameterized2' [/cache/Vivado/2023.2/data/ip/xpm/xpm_fifo/hdl/xpm_fifo.sv:1866]
INFO: [Synth 8-6155] done synthesizing module 'xpm_counter_updn__parameterized2' (0#1) [/cache/Vivado/2023.2/data/ip/xpm/xpm_fifo/hdl/xpm_fifo.sv:1866]
INFO: [Synth 8-6157] synthesizing module 'xpm_counter_updn__parameterized3' [/cache/Vivado/2023.2/data/ip/xpm/xpm_fifo/hdl/xpm_fifo.sv:1866]
INFO: [Synth 8-6155] done synthesizing module 'xpm_counter_updn__parameterized3' (0#1) [/cache/Vivado/2023.2/data/ip/xpm/xpm_fifo/hdl/xpm_fifo.sv:1866]
INFO: [Synth 8-6155] done synthesizing module 'xpm_fifo_base' (0#1) [/cache/Vivado/2023.2/data/ip/xpm/xpm_fifo/hdl/xpm_fifo.sv:53]
INFO: [Synth 8-6155] done synthesizing module 'xpm_fifo_axis' (0#1) [/cache/Vivado/2023.2/data/ip/xpm/xpm_fifo/hdl/xpm_fifo.sv:2356]
INFO: [Synth 8-6155] done synthesizing module 'axis_data_fifo_v2_0_11_top' (0#1) [/home/daq/AstroPix/260225_dev_richard/astep-fw/fw/astep24-3l/target-multiboard/vivado-run/astropix-cmodr2_3_CONFIG_SE.gen/sources_1/ip/fifo_axis_2clk_sw_io_16e/hdl/axis_data_fifo_v2_0_vl_rfs.v:53]
INFO: [Synth 8-6155] done synthesizing module 'fifo_axis_2clk_sw_io_16e' (0#1) [/home/daq/AstroPix/260225_dev_richard/astep-fw/fw/astep24-3l/target-multiboard/vivado-run/astropix-cmodr2_3_CONFIG_SE.gen/sources_1/ip/fifo_axis_2clk_sw_io_16e/synth/fifo_axis_2clk_sw_io_16e.v:53]
WARNING: [Synth 8-6014] Unused sequential element gen_rd_b.gen_doutb_pipe.enb_pipe_reg[0] was removed.  [/cache/Vivado/2023.2/data/ip/xpm/xpm_memory/hdl/xpm_memory.sv:3069]
WARNING: [Synth 8-6014] Unused sequential element dest_out_bin_ff_reg was removed.  [/cache/Vivado/2023.2/data/ip/xpm/xpm_cdc/hdl/xpm_cdc.sv:417]
WARNING: [Synth 8-6014] Unused sequential element dest_out_bin_ff_reg was removed.  [/cache/Vivado/2023.2/data/ip/xpm/xpm_cdc/hdl/xpm_cdc.sv:417]
WARNING: [Synth 8-6014] Unused sequential element dest_out_bin_ff_reg was removed.  [/cache/Vivado/2023.2/data/ip/xpm/xpm_cdc/hdl/xpm_cdc.sv:417]
WARNING: [Synth 8-6014] Unused sequential element gdvld.data_valid_std_reg was removed.  [/cache/Vivado/2023.2/data/ip/xpm/xpm_fifo/hdl/xpm_fifo.sv:544]
WARNING: [Synth 8-6014] Unused sequential element gen_pf_ic_rc.gae_ic_std.ram_aempty_i_reg was removed.  [/cache/Vivado/2023.2/data/ip/xpm/xpm_fifo/hdl/xpm_fifo.sv:765]
WARNING: [Synth 8-6014] Unused sequential element gen_fwft.empty_fwft_fb_reg was removed.  [/cache/Vivado/2023.2/data/ip/xpm/xpm_fifo/hdl/xpm_fifo.sv:1398]
WARNING: [Synth 8-7129] Port ACLK in module axis_infrastructure_v1_1_1_util_aclken_converter_wrapper is either unconnected or has no load
WARNING: [Synth 8-7129] Port ARESETN in module axis_infrastructure_v1_1_1_util_aclken_converter_wrapper is either unconnected or has no load
WARNING: [Synth 8-7129] Port S_ACLKEN in module axis_infrastructure_v1_1_1_util_aclken_converter_wrapper is either unconnected or has no load
WARNING: [Synth 8-7129] Port M_ACLKEN in module axis_infrastructure_v1_1_1_util_aclken_converter_wrapper is either unconnected or has no load
WARNING: [Synth 8-7129] Port sleep in module xpm_memory_base is either unconnected or has no load
WARNING: [Synth 8-7129] Port rsta in module xpm_memory_base is either unconnected or has no load
WARNING: [Synth 8-7129] Port regcea in module xpm_memory_base is either unconnected or has no load
WARNING: [Synth 8-7129] Port injectsbiterra in module xpm_memory_base is either unconnected or has no load
WARNING: [Synth 8-7129] Port injectdbiterra in module xpm_memory_base is either unconnected or has no load
WARNING: [Synth 8-7129] Port dinb[27] in module xpm_memory_base is either unconnected or has no load
WARNING: [Synth 8-7129] Port dinb[26] in module xpm_memory_base is either unconnected or has no load
WARNING: [Synth 8-7129] Port dinb[25] in module xpm_memory_base is either unconnected or has no load
WARNING: [Synth 8-7129] Port dinb[24] in module xpm_memory_base is either unconnected or has no load
WARNING: [Synth 8-7129] Port dinb[23] in module xpm_memory_base is either unconnected or has no load
WARNING: [Synth 8-7129] Port dinb[22] in module xpm_memory_base is either unconnected or has no load
WARNING: [Synth 8-7129] Port dinb[21] in module xpm_memory_base is either unconnected or has no load
WARNING: [Synth 8-7129] Port dinb[20] in module xpm_memory_base is either unconnected or has no load
WARNING: [Synth 8-7129] Port dinb[19] in module xpm_memory_base is either unconnected or has no load
WARNING: [Synth 8-7129] Port dinb[18] in module xpm_memory_base is either unconnected or has no load
WARNING: [Synth 8-7129] Port dinb[17] in module xpm_memory_base is either unconnected or has no load
WARNING: [Synth 8-7129] Port dinb[16] in module xpm_memory_base is either unconnected or has no load
WARNING: [Synth 8-7129] Port dinb[15] in module xpm_memory_base is either unconnected or has no load
WARNING: [Synth 8-7129] Port dinb[14] in module xpm_memory_base is either unconnected or has no load
WARNING: [Synth 8-7129] Port dinb[13] in module xpm_memory_base is either unconnected or has no load
WARNING: [Synth 8-7129] Port dinb[12] in module xpm_memory_base is either unconnected or has no load
WARNING: [Synth 8-7129] Port dinb[11] in module xpm_memory_base is either unconnected or has no load
WARNING: [Synth 8-7129] Port dinb[10] in module xpm_memory_base is either unconnected or has no load
WARNING: [Synth 8-7129] Port dinb[9] in module xpm_memory_base is either unconnected or has no load
WARNING: [Synth 8-7129] Port dinb[8] in module xpm_memory_base is either unconnected or has no load
WARNING: [Synth 8-7129] Port dinb[7] in module xpm_memory_base is either unconnected or has no load
WARNING: [Synth 8-7129] Port dinb[6] in module xpm_memory_base is either unconnected or has no load
WARNING: [Synth 8-7129] Port dinb[5] in module xpm_memory_base is either unconnected or has no load
WARNING: [Synth 8-7129] Port dinb[4] in module xpm_memory_base is either unconnected or has no load
WARNING: [Synth 8-7129] Port dinb[3] in module xpm_memory_base is either unconnected or has no load
WARNING: [Synth 8-7129] Port dinb[2] in module xpm_memory_base is either unconnected or has no load
WARNING: [Synth 8-7129] Port dinb[1] in module xpm_memory_base is either unconnected or has no load
WARNING: [Synth 8-7129] Port dinb[0] in module xpm_memory_base is either unconnected or has no load
WARNING: [Synth 8-7129] Port injectsbiterrb in module xpm_memory_base is either unconnected or has no load
WARNING: [Synth 8-7129] Port injectdbiterrb in module xpm_memory_base is either unconnected or has no load
---------------------------------------------------------------------------------
Finished RTL Elaboration : Time (s): cpu = 00:00:06 ; elapsed = 00:00:07 . Memory (MB): peak = 3342.141 ; gain = 0.000 ; free physical = 250 ; free virtual = 49598
---------------------------------------------------------------------------------
---------------------------------------------------------------------------------
Start Handling Custom Attributes
---------------------------------------------------------------------------------
---------------------------------------------------------------------------------
Finished Handling Custom Attributes : Time (s): cpu = 00:00:06 ; elapsed = 00:00:07 . Memory (MB): peak = 3342.141 ; gain = 0.000 ; free physical = 244 ; free virtual = 49592
---------------------------------------------------------------------------------
---------------------------------------------------------------------------------
Finished RTL Optimization Phase 1 : Time (s): cpu = 00:00:06 ; elapsed = 00:00:07 . Memory (MB): peak = 3342.141 ; gain = 0.000 ; free physical = 245 ; free virtual = 49593
---------------------------------------------------------------------------------
Netlist sorting complete. Time (s): cpu = 00:00:00.01 ; elapsed = 00:00:00 . Memory (MB): peak = 3342.141 ; gain = 0.000 ; free physical = 252 ; free virtual = 49600
INFO: [Project 1-570] Preparing netlist for logic optimization

Processing XDC Constraints
Initializing timing engine
Parsing XDC File [/home/daq/AstroPix/260225_dev_richard/astep-fw/fw/astep24-3l/target-multiboard/vivado-run/astropix-cmodr2_3_CONFIG_SE.gen/sources_1/ip/fifo_axis_2clk_sw_io_16e/fifo_axis_2clk_sw_io_16e_ooc.xdc] for cell 'inst'
Finished Parsing XDC File [/home/daq/AstroPix/260225_dev_richard/astep-fw/fw/astep24-3l/target-multiboard/vivado-run/astropix-cmodr2_3_CONFIG_SE.gen/sources_1/ip/fifo_axis_2clk_sw_io_16e/fifo_axis_2clk_sw_io_16e_ooc.xdc] for cell 'inst'
INFO: [Project 1-236] Implementation specific constraints were found while reading constraint file [/cache/Vivado/2023.2/data/ip/xpm/xpm_cdc/tcl/xpm_cdc_gray.tcl]. These constraints will be ignored for synthesis but will be used in implementation. Impacted constraints are listed in the file [.Xil/fifo_axis_2clk_sw_io_16e_propImpl.xdc].
Resolution: To avoid this warning, move constraints listed in [.Xil/fifo_axis_2clk_sw_io_16e_propImpl.xdc] to another XDC file and exclude this new file from synthesis with the used_in_synthesis property (File Properties dialog in GUI) and re-run elaboration/synthesis.
INFO: [Project 1-236] Implementation specific constraints were found while reading constraint file [/cache/Vivado/2023.2/data/ip/xpm/xpm_fifo/tcl/xpm_fifo_rst_axis.tcl]. These constraints will be ignored for synthesis but will be used in implementation. Impacted constraints are listed in the file [.Xil/fifo_axis_2clk_sw_io_16e_propImpl.xdc].
Resolution: To avoid this warning, move constraints listed in [.Xil/fifo_axis_2clk_sw_io_16e_propImpl.xdc] to another XDC file and exclude this new file from synthesis with the used_in_synthesis property (File Properties dialog in GUI) and re-run elaboration/synthesis.
INFO: [Project 1-1714] 8 XPM XDC files have been applied to the design.
Completed Processing XDC Constraints

Netlist sorting complete. Time (s): cpu = 00:00:00 ; elapsed = 00:00:00 . Memory (MB): peak = 3369.953 ; gain = 0.000 ; free physical = 266 ; free virtual = 49614
INFO: [Project 1-111] Unisim Transformation Summary:
No Unisim elements were transformed.

Constraint Validation Runtime : Time (s): cpu = 00:00:00.01 ; elapsed = 00:00:00.01 . Memory (MB): peak = 3369.988 ; gain = 0.000 ; free physical = 265 ; free virtual = 49613
---------------------------------------------------------------------------------
Finished Constraint Validation : Time (s): cpu = 00:00:12 ; elapsed = 00:00:12 . Memory (MB): peak = 3369.988 ; gain = 27.848 ; free physical = 261 ; free virtual = 49609
---------------------------------------------------------------------------------
---------------------------------------------------------------------------------
Start Loading Part and Timing Information
---------------------------------------------------------------------------------
Loading part: xc7a35tcpg236-1
---------------------------------------------------------------------------------
Finished Loading Part and Timing Information : Time (s): cpu = 00:00:12 ; elapsed = 00:00:12 . Memory (MB): peak = 3369.988 ; gain = 27.848 ; free physical = 261 ; free virtual = 49609
---------------------------------------------------------------------------------
---------------------------------------------------------------------------------
Start Applying 'set_property' XDC Constraints
---------------------------------------------------------------------------------
Applied set_property KEEP_HIERARCHY = SOFT for inst. (constraint file  auto generated constraint).
Applied set_property KEEP_HIERARCHY = SOFT for inst/\gen_fifo.xpm_fifo_axis_inst /xpm_fifo_base_inst/\gen_cdc_pntr.rd_pntr_cdc_inst . (constraint file  auto generated constraint).
Applied set_property KEEP_HIERARCHY = SOFT for inst/\gen_fifo.xpm_fifo_axis_inst /xpm_fifo_base_inst/\gen_cdc_pntr.wr_pntr_cdc_inst . (constraint file  auto generated constraint).
Applied set_property KEEP_HIERARCHY = SOFT for inst/\gen_fifo.xpm_fifo_axis_inst /xpm_fifo_base_inst/\gen_cdc_pntr.rd_pntr_cdc_dc_inst . (constraint file  auto generated constraint).
Applied set_property KEEP_HIERARCHY = SOFT for inst/\gen_fifo.xpm_fifo_axis_inst /xpm_fifo_base_inst/\gen_cdc_pntr.wr_pntr_cdc_dc_inst . (constraint file  auto generated constraint).
Applied set_property KEEP_HIERARCHY = SOFT for inst/\gen_fifo.xpm_fifo_axis_inst /\gaxis_rst_sync.xpm_cdc_sync_rst_inst . (constraint file  auto generated constraint).
Applied set_property KEEP_HIERARCHY = SOFT for inst/\gen_fifo.xpm_fifo_axis_inst /xpm_fifo_base_inst/xpm_fifo_rst_inst/\gen_rst_ic.rrst_wr_inst . (constraint file  auto generated constraint).
Applied set_property KEEP_HIERARCHY = SOFT for inst/\gen_fifo.xpm_fifo_axis_inst /xpm_fifo_base_inst/xpm_fifo_rst_inst/\gen_rst_ic.wrst_rd_inst . (constraint file  auto generated constraint).
Applied set_property KEEP_HIERARCHY = SOFT for inst/\gen_fifo.xpm_fifo_axis_inst . (constraint file  auto generated constraint).
---------------------------------------------------------------------------------
Finished applying 'set_property' XDC Constraints : Time (s): cpu = 00:00:12 ; elapsed = 00:00:12 . Memory (MB): peak = 3369.988 ; gain = 27.848 ; free physical = 261 ; free virtual = 49609
---------------------------------------------------------------------------------
INFO: [Synth 8-802] inferred FSM for state register 'gen_rst_ic.curr_wrst_state_reg' in module 'xpm_fifo_rst'
INFO: [Synth 8-802] inferred FSM for state register 'gen_rst_ic.curr_rrst_state_reg' in module 'xpm_fifo_rst'
INFO: [Synth 8-802] inferred FSM for state register 'gen_fwft.curr_fwft_state_reg' in module 'xpm_fifo_base'
INFO: [Synth 8-5552] Implemented safe state 'default_state' for state register 'gen_rst_ic.curr_wrst_state_reg' in module 'xpm_fifo_rst'
---------------------------------------------------------------------------------------------------
                   State |                     New Encoding |                Previous Encoding 
---------------------------------------------------------------------------------------------------
*
               WRST_IDLE |                            00001 |                              000
                 WRST_IN |                            00010 |                              010
                WRST_OUT |                            00100 |                              111
               WRST_EXIT |                            01000 |                              110
            WRST_GO2IDLE |                            10000 |                              100
---------------------------------------------------------------------------------------------------
INFO: [Synth 8-3354] encoded FSM with state register 'gen_rst_ic.curr_wrst_state_reg' using encoding 'one-hot' in module 'xpm_fifo_rst'
INFO: [Synth 8-5552] Implemented safe state 'default_state' for state register 'gen_rst_ic.curr_rrst_state_reg' in module 'xpm_fifo_rst'
---------------------------------------------------------------------------------------------------
                   State |                     New Encoding |                Previous Encoding 
---------------------------------------------------------------------------------------------------
*
               RRST_IDLE |                               00 |                               00
                 RRST_IN |                               01 |                               10
                RRST_OUT |                               10 |                               11
               RRST_EXIT |                               11 |                               01
---------------------------------------------------------------------------------------------------
INFO: [Synth 8-3354] encoded FSM with state register 'gen_rst_ic.curr_rrst_state_reg' using encoding 'sequential' in module 'xpm_fifo_rst'
---------------------------------------------------------------------------------------------------
                   State |                     New Encoding |                Previous Encoding 
---------------------------------------------------------------------------------------------------
                 invalid |                               00 |                               00
            stage1_valid |                               01 |                               10
       both_stages_valid |                               10 |                               11
            stage2_valid |                               11 |                               01
---------------------------------------------------------------------------------------------------
INFO: [Synth 8-3354] encoded FSM with state register 'gen_fwft.curr_fwft_state_reg' using encoding 'sequential' in module 'xpm_fifo_base'
---------------------------------------------------------------------------------
Finished RTL Optimization Phase 2 : Time (s): cpu = 00:00:12 ; elapsed = 00:00:13 . Memory (MB): peak = 3369.988 ; gain = 27.848 ; free physical = 261 ; free virtual = 49609
---------------------------------------------------------------------------------
---------------------------------------------------------------------------------
Start RTL Component Statistics 
---------------------------------------------------------------------------------
Detailed RTL Component Info : 
+---Adders : 
	   4 Input    7 Bit       Adders := 2     
	   2 Input    7 Bit       Adders := 2     
	   4 Input    6 Bit       Adders := 5     
	   4 Input    2 Bit       Adders := 1     
+---XORs : 
	   2 Input      7 Bit         XORs := 2     
	   2 Input      6 Bit         XORs := 2     
	   2 Input      1 Bit         XORs := 22    
+---Registers : 
	               28 Bit    Registers := 2     
	                7 Bit    Registers := 14    
	                6 Bit    Registers := 15    
	                3 Bit    Registers := 3     
	                2 Bit    Registers := 2     
	                1 Bit    Registers := 16    
+---RAMs : 
	               1K Bit	(64 X 28 bit)          RAMs := 1     
+---Muxes : 
	   6 Input    5 Bit        Muxes := 1     
	   2 Input    5 Bit        Muxes := 8     
	   5 Input    2 Bit        Muxes := 1     
	   2 Input    2 Bit        Muxes := 33    
	   4 Input    2 Bit        Muxes := 7     
	   2 Input    1 Bit        Muxes := 6     
	   6 Input    1 Bit        Muxes := 2     
	   5 Input    1 Bit        Muxes := 3     
	   4 Input    1 Bit        Muxes := 2     
	   3 Input    1 Bit        Muxes := 1     
---------------------------------------------------------------------------------
Finished RTL Component Statistics 
---------------------------------------------------------------------------------
---------------------------------------------------------------------------------
Start Part Resource Summary
---------------------------------------------------------------------------------
Part Resources:
DSPs: 90 (col length:60)
BRAMs: 100 (col length: RAMB18 60 RAMB36 30)
---------------------------------------------------------------------------------
Finished Part Resource Summary
---------------------------------------------------------------------------------
---------------------------------------------------------------------------------
Start Cross Boundary and Area Optimization
---------------------------------------------------------------------------------
WARNING: [Synth 8-7080] Parallel synthesis criteria is not met
WARNING: [Synth 8-7129] Port rsta in module xpm_memory_base is either unconnected or has no load
WARNING: [Synth 8-7129] Port regcea in module xpm_memory_base is either unconnected or has no load
WARNING: [Synth 8-7129] Port injectsbiterra in module xpm_memory_base is either unconnected or has no load
WARNING: [Synth 8-7129] Port injectdbiterra in module xpm_memory_base is either unconnected or has no load
WARNING: [Synth 8-7129] Port dinb[27] in module xpm_memory_base is either unconnected or has no load
WARNING: [Synth 8-7129] Port dinb[26] in module xpm_memory_base is either unconnected or has no load
WARNING: [Synth 8-7129] Port dinb[25] in module xpm_memory_base is either unconnected or has no load
WARNING: [Synth 8-7129] Port dinb[24] in module xpm_memory_base is either unconnected or has no load
WARNING: [Synth 8-7129] Port dinb[23] in module xpm_memory_base is either unconnected or has no load
WARNING: [Synth 8-7129] Port dinb[22] in module xpm_memory_base is either unconnected or has no load
WARNING: [Synth 8-7129] Port dinb[21] in module xpm_memory_base is either unconnected or has no load
WARNING: [Synth 8-7129] Port dinb[20] in module xpm_memory_base is either unconnected or has no load
WARNING: [Synth 8-7129] Port dinb[19] in module xpm_memory_base is either unconnected or has no load
WARNING: [Synth 8-7129] Port dinb[18] in module xpm_memory_base is either unconnected or has no load
WARNING: [Synth 8-7129] Port dinb[17] in module xpm_memory_base is either unconnected or has no load
WARNING: [Synth 8-7129] Port dinb[16] in module xpm_memory_base is either unconnected or has no load
WARNING: [Synth 8-7129] Port dinb[15] in module xpm_memory_base is either unconnected or has no load
WARNING: [Synth 8-7129] Port dinb[14] in module xpm_memory_base is either unconnected or has no load
WARNING: [Synth 8-7129] Port dinb[13] in module xpm_memory_base is either unconnected or has no load
WARNING: [Synth 8-7129] Port dinb[12] in module xpm_memory_base is either unconnected or has no load
WARNING: [Synth 8-7129] Port dinb[11] in module xpm_memory_base is either unconnected or has no load
WARNING: [Synth 8-7129] Port dinb[10] in module xpm_memory_base is either unconnected or has no load
WARNING: [Synth 8-7129] Port dinb[9] in module xpm_memory_base is either unconnected or has no load
WARNING: [Synth 8-7129] Port dinb[8] in module xpm_memory_base is either unconnected or has no load
WARNING: [Synth 8-7129] Port dinb[7] in module xpm_memory_base is either unconnected or has no load
WARNING: [Synth 8-7129] Port dinb[6] in module xpm_memory_base is either unconnected or has no load
WARNING: [Synth 8-7129] Port dinb[5] in module xpm_memory_base is either unconnected or has no load
WARNING: [Synth 8-7129] Port dinb[4] in module xpm_memory_base is either unconnected or has no load
WARNING: [Synth 8-7129] Port dinb[3] in module xpm_memory_base is either unconnected or has no load
WARNING: [Synth 8-7129] Port dinb[2] in module xpm_memory_base is either unconnected or has no load
WARNING: [Synth 8-7129] Port dinb[1] in module xpm_memory_base is either unconnected or has no load
WARNING: [Synth 8-7129] Port dinb[0] in module xpm_memory_base is either unconnected or has no load
WARNING: [Synth 8-7129] Port injectsbiterrb in module xpm_memory_base is either unconnected or has no load
WARNING: [Synth 8-7129] Port injectdbiterrb in module xpm_memory_base is either unconnected or has no load
WARNING: [Synth 8-7129] Port s_axis_aclken in module axis_data_fifo_v2_0_11_top is either unconnected or has no load
WARNING: [Synth 8-7129] Port s_axis_tstrb[0] in module axis_data_fifo_v2_0_11_top is either unconnected or has no load
WARNING: [Synth 8-7129] Port s_axis_tkeep[0] in module axis_data_fifo_v2_0_11_top is either unconnected or has no load
WARNING: [Synth 8-7129] Port s_axis_tuser[0] in module axis_data_fifo_v2_0_11_top is either unconnected or has no load
WARNING: [Synth 8-7129] Port m_axis_aclken in module axis_data_fifo_v2_0_11_top is either unconnected or has no load
---------------------------------------------------------------------------------
Finished Cross Boundary and Area Optimization : Time (s): cpu = 00:00:14 ; elapsed = 00:00:14 . Memory (MB): peak = 3369.988 ; gain = 27.848 ; free physical = 219 ; free virtual = 49567
---------------------------------------------------------------------------------
---------------------------------------------------------------------------------
Start ROM, RAM, DSP, Shift Register and Retiming Reporting
---------------------------------------------------------------------------------

Block RAM: Preliminary Mapping Report (see note below)
+----------------------------------------------------------------------------------------+----------------------------------+------------------------+---+---+------------------------+---+---+------------------+--------+--------+
|Module Name                                                                             | RTL Object                       | PORT A (Depth x Width) | W | R | PORT B (Depth x Width) | W | R | Ports driving FF | RAMB18 | RAMB36 | 
+----------------------------------------------------------------------------------------+----------------------------------+------------------------+---+---+------------------------+---+---+------------------+--------+--------+
|inst/\gen_fifo.xpm_fifo_axis_inst /xpm_fifo_base_inst/\gen_sdpram.xpm_memory_base_inst  | gen_wr_a.gen_word_narrow.mem_reg | 64 x 28(NO_CHANGE)     | W |   | 64 x 28(WRITE_FIRST)   |   | R | Port A and B     | 1      | 0      | 
+----------------------------------------------------------------------------------------+----------------------------------+------------------------+---+---+------------------------+---+---+------------------+--------+--------+

Note: The table above is a preliminary report that shows the Block RAMs at the current stage of the synthesis flow. Some Block RAMs may be reimplemented as non Block RAM primitives later in the synthesis flow. Multiple instantiated Block RAMs are reported only once. 
---------------------------------------------------------------------------------
Finished ROM, RAM, DSP, Shift Register and Retiming Reporting
---------------------------------------------------------------------------------
---------------------------------------------------------------------------------
Start Applying XDC Timing Constraints
---------------------------------------------------------------------------------
---------------------------------------------------------------------------------
Finished Applying XDC Timing Constraints : Time (s): cpu = 00:00:15 ; elapsed = 00:00:15 . Memory (MB): peak = 3369.988 ; gain = 27.848 ; free physical = 219 ; free virtual = 49568
---------------------------------------------------------------------------------
---------------------------------------------------------------------------------
Start Timing Optimization
---------------------------------------------------------------------------------
---------------------------------------------------------------------------------
Finished Timing Optimization : Time (s): cpu = 00:00:15 ; elapsed = 00:00:15 . Memory (MB): peak = 3369.988 ; gain = 27.848 ; free physical = 219 ; free virtual = 49568
---------------------------------------------------------------------------------
---------------------------------------------------------------------------------
Start ROM, RAM, DSP, Shift Register and Retiming Reporting
---------------------------------------------------------------------------------

Block RAM: Final Mapping Report
+----------------------------------------------------------------------------------------+----------------------------------+------------------------+---+---+------------------------+---+---+------------------+--------+--------+
|Module Name                                                                             | RTL Object                       | PORT A (Depth x Width) | W | R | PORT B (Depth x Width) | W | R | Ports driving FF | RAMB18 | RAMB36 | 
+----------------------------------------------------------------------------------------+----------------------------------+------------------------+---+---+------------------------+---+---+------------------+--------+--------+
|inst/\gen_fifo.xpm_fifo_axis_inst /xpm_fifo_base_inst/\gen_sdpram.xpm_memory_base_inst  | gen_wr_a.gen_word_narrow.mem_reg | 64 x 28(NO_CHANGE)     | W |   | 64 x 28(WRITE_FIRST)   |   | R | Port A and B     | 1      | 0      | 
+----------------------------------------------------------------------------------------+----------------------------------+------------------------+---+---+------------------------+---+---+------------------+--------+--------+

---------------------------------------------------------------------------------
Finished ROM, RAM, DSP, Shift Register and Retiming Reporting
---------------------------------------------------------------------------------
---------------------------------------------------------------------------------
Start Technology Mapping
---------------------------------------------------------------------------------
---------------------------------------------------------------------------------
Finished Technology Mapping : Time (s): cpu = 00:00:15 ; elapsed = 00:00:15 . Memory (MB): peak = 3369.988 ; gain = 27.848 ; free physical = 215 ; free virtual = 49564
---------------------------------------------------------------------------------
---------------------------------------------------------------------------------
Start IO Insertion
---------------------------------------------------------------------------------
---------------------------------------------------------------------------------
Start Flattening Before IO Insertion
---------------------------------------------------------------------------------
---------------------------------------------------------------------------------
Finished Flattening Before IO Insertion
---------------------------------------------------------------------------------
---------------------------------------------------------------------------------
Start Final Netlist Cleanup
---------------------------------------------------------------------------------
---------------------------------------------------------------------------------
Finished Final Netlist Cleanup
---------------------------------------------------------------------------------
---------------------------------------------------------------------------------
Finished IO Insertion : Time (s): cpu = 00:00:19 ; elapsed = 00:00:19 . Memory (MB): peak = 3369.988 ; gain = 27.848 ; free physical = 212 ; free virtual = 49561
---------------------------------------------------------------------------------
---------------------------------------------------------------------------------
Start Renaming Generated Instances
---------------------------------------------------------------------------------
---------------------------------------------------------------------------------
Finished Renaming Generated Instances : Time (s): cpu = 00:00:19 ; elapsed = 00:00:19 . Memory (MB): peak = 3369.988 ; gain = 27.848 ; free physical = 212 ; free virtual = 49561
---------------------------------------------------------------------------------
---------------------------------------------------------------------------------
Start Rebuilding User Hierarchy
---------------------------------------------------------------------------------
---------------------------------------------------------------------------------
Finished Rebuilding User Hierarchy : Time (s): cpu = 00:00:19 ; elapsed = 00:00:19 . Memory (MB): peak = 3369.988 ; gain = 27.848 ; free physical = 212 ; free virtual = 49561
---------------------------------------------------------------------------------
---------------------------------------------------------------------------------
Start Renaming Generated Ports
---------------------------------------------------------------------------------
---------------------------------------------------------------------------------
Finished Renaming Generated Ports : Time (s): cpu = 00:00:19 ; elapsed = 00:00:19 . Memory (MB): peak = 3369.988 ; gain = 27.848 ; free physical = 212 ; free virtual = 49561
---------------------------------------------------------------------------------
---------------------------------------------------------------------------------
Start Handling Custom Attributes
---------------------------------------------------------------------------------
---------------------------------------------------------------------------------
Finished Handling Custom Attributes : Time (s): cpu = 00:00:19 ; elapsed = 00:00:19 . Memory (MB): peak = 3369.988 ; gain = 27.848 ; free physical = 212 ; free virtual = 49561
---------------------------------------------------------------------------------
---------------------------------------------------------------------------------
Start Renaming Generated Nets
---------------------------------------------------------------------------------
---------------------------------------------------------------------------------
Finished Renaming Generated Nets : Time (s): cpu = 00:00:19 ; elapsed = 00:00:19 . Memory (MB): peak = 3369.988 ; gain = 27.848 ; free physical = 212 ; free virtual = 49561
---------------------------------------------------------------------------------
---------------------------------------------------------------------------------
Start Writing Synthesis Report
---------------------------------------------------------------------------------

Report BlackBoxes: 
+-+--------------+----------+
| |BlackBox name |Instances |
+-+--------------+----------+
+-+--------------+----------+

Report Cell Usage: 
+------+---------+------+
|      |Cell     |Count |
+------+---------+------+
|1     |CARRY4   |     2|
|2     |LUT1     |     6|
|3     |LUT2     |    37|
|4     |LUT3     |    22|
|5     |LUT4     |    19|
|6     |LUT5     |    28|
|7     |LUT6     |    32|
|8     |RAMB18E1 |     1|
|9     |FDRE     |   192|
|10    |FDSE     |    10|
+------+---------+------+
---------------------------------------------------------------------------------
Finished Writing Synthesis Report : Time (s): cpu = 00:00:19 ; elapsed = 00:00:19 . Memory (MB): peak = 3369.988 ; gain = 27.848 ; free physical = 212 ; free virtual = 49561
---------------------------------------------------------------------------------
Synthesis finished with 0 errors, 0 critical warnings and 40 warnings.
Synthesis Optimization Runtime : Time (s): cpu = 00:00:18 ; elapsed = 00:00:18 . Memory (MB): peak = 3369.988 ; gain = 0.000 ; free physical = 212 ; free virtual = 49561
Synthesis Optimization Complete : Time (s): cpu = 00:00:19 ; elapsed = 00:00:19 . Memory (MB): peak = 3369.988 ; gain = 27.848 ; free physical = 212 ; free virtual = 49561
INFO: [Project 1-571] Translating synthesized netlist
Netlist sorting complete. Time (s): cpu = 00:00:00 ; elapsed = 00:00:00 . Memory (MB): peak = 3369.988 ; gain = 0.000 ; free physical = 208 ; free virtual = 49557
INFO: [Netlist 29-17] Analyzing 3 Unisim elements for replacement
INFO: [Netlist 29-28] Unisim Transformation completed in 0 CPU seconds
INFO: [Project 1-570] Preparing netlist for logic optimization
Parsing XDC File [/home/daq/AstroPix/260225_dev_richard/astep-fw/fw/astep24-3l/target-multiboard/vivado-run/astropix-cmodr2_3_CONFIG_SE.gen/sources_1/ip/fifo_axis_2clk_sw_io_16e/fifo_axis_2clk_sw_io_16e_ooc.xdc] for cell 'inst'
Finished Parsing XDC File [/home/daq/AstroPix/260225_dev_richard/astep-fw/fw/astep24-3l/target-multiboard/vivado-run/astropix-cmodr2_3_CONFIG_SE.gen/sources_1/ip/fifo_axis_2clk_sw_io_16e/fifo_axis_2clk_sw_io_16e_ooc.xdc] for cell 'inst'
INFO: [Opt 31-138] Pushed 0 inverter(s) to 0 load pin(s).
Netlist sorting complete. Time (s): cpu = 00:00:00 ; elapsed = 00:00:00 . Memory (MB): peak = 3369.988 ; gain = 0.000 ; free physical = 492 ; free virtual = 49841
INFO: [Project 1-111] Unisim Transformation Summary:
No Unisim elements were transformed.

Synth Design complete | Checksum: b2249571
INFO: [Common 17-83] Releasing license: Synthesis
71 Infos, 87 Warnings, 0 Critical Warnings and 0 Errors encountered.
synth_design completed successfully
synth_design: Time (s): cpu = 00:00:23 ; elapsed = 00:00:20 . Memory (MB): peak = 3369.988 ; gain = 27.848 ; free physical = 492 ; free virtual = 49840
INFO: [Common 17-2834] synth_design peak Physical Memory [PSS] (MB): overall = 2674.897; main = 2361.265; forked = 380.667
INFO: [Common 17-2834] synth_design peak Virtual Memory [VSS] (MB): overall = 4327.148; main = 3337.941; forked = 989.207
INFO: [Coretcl 2-1174] Renamed 22 cell refs.
INFO: [Timing 38-480] Writing timing data to binary archive.
Write ShapeDB Complete: Time (s): cpu = 00:00:00 ; elapsed = 00:00:00 . Memory (MB): peak = 3369.988 ; gain = 0.000 ; free physical = 492 ; free virtual = 49840
INFO: [Common 17-1381] The checkpoint '/home/daq/AstroPix/260225_dev_richard/astep-fw/fw/astep24-3l/target-multiboard/vivado-run/astropix-cmodr2_3_CONFIG_SE.gen/sources_1/ip/fifo_axis_2clk_sw_io_16e/fifo_axis_2clk_sw_io_16e.dcp' has been generated.
CRITICAL WARNING: [Vivado 12-5447] synth_ip is not supported in project mode, please use non-project mode.
INFO: [IP_Flow 19-1686] Generating 'Synthesis' target for IP 'xadc_astep'...
INFO: [IP_Flow 19-1686] Generating 'Simulation' target for IP 'xadc_astep'...
INFO: [IP_Flow 19-1686] Generating 'Miscellaneous' target for IP 'xadc_astep'...
INFO: [IP_Flow 19-1686] Generating 'Change Log' target for IP 'xadc_astep'...
INFO: [IP_Flow 19-234] Refreshing IP repositories
INFO: [IP_Flow 19-1704] No user IP repositories specified
INFO: [IP_Flow 19-2313] Loaded Vivado IP repository '/cache/Vivado/2023.2/data/ip'.
WARNING: [Vivado 12-13650] The IP file '/home/daq/AstroPix/260225_dev_richard/astep-fw/fw/astep24-3l/target-multiboard/vivado-run/astropix-cmodr2_3_CONFIG_SE.srcs/sources_1/ip/xadc_astep/xadc_astep.xci' has been moved from its original location, as a result the outputs for this IP will now be generated in '/home/daq/AstroPix/260225_dev_richard/astep-fw/fw/astep24-3l/target-multiboard/vivado-run/astropix-cmodr2_3_CONFIG_SE.gen/sources_1/ip/xadc_astep'. Alternatively a copy of the IP can be imported into the project using one of the 'import_ip' or 'import_files' commands.
Command: synth_design -top xadc_astep -part xc7a35tcpg236-1 -mode out_of_context
Starting synth_design
Attempting to get a license for feature 'Synthesis' and/or device 'xc7a35t'
INFO: [Common 17-349] Got license for feature 'Synthesis' and/or device 'xc7a35t'
INFO: [Synth 8-7079] Multithreading enabled for synth_design using a maximum of 4 processes.
---------------------------------------------------------------------------------
Starting RTL Elaboration : Time (s): cpu = 00:00:04 ; elapsed = 00:00:05 . Memory (MB): peak = 3369.988 ; gain = 0.000 ; free physical = 213 ; free virtual = 49563
---------------------------------------------------------------------------------
INFO: [Synth 8-6157] synthesizing module 'xadc_astep' [/home/daq/AstroPix/260225_dev_richard/astep-fw/fw/astep24-3l/target-multiboard/vivado-run/astropix-cmodr2_3_CONFIG_SE.gen/sources_1/ip/xadc_astep/xadc_astep.v:51]
INFO: [Synth 8-638] synthesizing module 'xadc_astep_axi_xadc' [/home/daq/AstroPix/260225_dev_richard/astep-fw/fw/astep24-3l/target-multiboard/vivado-run/astropix-cmodr2_3_CONFIG_SE.gen/sources_1/ip/xadc_astep/xadc_astep_axi_xadc.vhd:123]
INFO: [Synth 8-3491] module 'xadc_astep_xadc_core_drp' declared at '/home/daq/AstroPix/260225_dev_richard/astep-fw/fw/astep24-3l/target-multiboard/vivado-run/astropix-cmodr2_3_CONFIG_SE.gen/sources_1/ip/xadc_astep/xadc_astep_xadc_core_drp.vhd:115' bound to instance 'AXI_XADC_CORE_I' of component 'xadc_astep_xadc_core_drp' [/home/daq/AstroPix/260225_dev_richard/astep-fw/fw/astep24-3l/target-multiboard/vivado-run/astropix-cmodr2_3_CONFIG_SE.gen/sources_1/ip/xadc_astep/xadc_astep_axi_xadc.vhd:159]
INFO: [Synth 8-638] synthesizing module 'xadc_astep_xadc_core_drp' [/home/daq/AstroPix/260225_dev_richard/astep-fw/fw/astep24-3l/target-multiboard/vivado-run/astropix-cmodr2_3_CONFIG_SE.gen/sources_1/ip/xadc_astep/xadc_astep_xadc_core_drp.vhd:141]
INFO: [Synth 8-3491] module 'drp_to_axi4stream' declared at '/home/daq/AstroPix/260225_dev_richard/astep-fw/fw/astep24-3l/target-multiboard/vivado-run/astropix-cmodr2_3_CONFIG_SE.gen/sources_1/ip/xadc_astep/xadc_astep_drp_to_axi_stream.vhd:57' bound to instance 'drp_to_axi4stream_inst' of component 'drp_to_axi4stream' [/home/daq/AstroPix/260225_dev_richard/astep-fw/fw/astep24-3l/target-multiboard/vivado-run/astropix-cmodr2_3_CONFIG_SE.gen/sources_1/ip/xadc_astep/xadc_astep_xadc_core_drp.vhd:270]
INFO: [Synth 8-638] synthesizing module 'drp_to_axi4stream' [/home/daq/AstroPix/260225_dev_richard/astep-fw/fw/astep24-3l/target-multiboard/vivado-run/astropix-cmodr2_3_CONFIG_SE.gen/sources_1/ip/xadc_astep/xadc_astep_drp_to_axi_stream.vhd:84]
	Parameter ALMOST_EMPTY_OFFSET bound to: 16'b0000000000000110 
	Parameter ALMOST_FULL_OFFSET bound to: 16'b0000001111111001 
	Parameter DATA_WIDTH bound to: 18 - type: integer 
	Parameter DO_REG bound to: 1 - type: integer 
	Parameter EN_SYN bound to: 0 - type: bool 
	Parameter FIFO_MODE bound to: FIFO18 - type: string 
	Parameter FIRST_WORD_FALL_THROUGH bound to: 1 - type: bool 
	Parameter INIT bound to: 36'b000000000000000000000000000000000000 
	Parameter SIM_DEVICE bound to: 7SERIES - type: string 
	Parameter SRVAL bound to: 36'b000000000000000000000000000000000000 
INFO: [Synth 8-113] binding component instance 'FIFO18E1_inst_data' to cell 'FIFO18E1' [/home/daq/AstroPix/260225_dev_richard/astep-fw/fw/astep24-3l/target-multiboard/vivado-run/astropix-cmodr2_3_CONFIG_SE.gen/sources_1/ip/xadc_astep/xadc_astep_drp_to_axi_stream.vhd:231]
	Parameter ALMOST_EMPTY_OFFSET bound to: 16'b0000000000000110 
	Parameter ALMOST_FULL_OFFSET bound to: 16'b0000001111111001 
	Parameter DATA_WIDTH bound to: 18 - type: integer 
	Parameter DO_REG bound to: 1 - type: integer 
	Parameter EN_SYN bound to: 0 - type: bool 
	Parameter FIFO_MODE bound to: FIFO18 - type: string 
	Parameter FIRST_WORD_FALL_THROUGH bound to: 1 - type: bool 
	Parameter INIT bound to: 36'b000000000000000000000000000000000000 
	Parameter SIM_DEVICE bound to: 7SERIES - type: string 
	Parameter SRVAL bound to: 36'b000000000000000000000000000000000000 
INFO: [Synth 8-113] binding component instance 'FIFO18E1_inst_tid' to cell 'FIFO18E1' [/home/daq/AstroPix/260225_dev_richard/astep-fw/fw/astep24-3l/target-multiboard/vivado-run/astropix-cmodr2_3_CONFIG_SE.gen/sources_1/ip/xadc_astep/xadc_astep_drp_to_axi_stream.vhd:272]
INFO: [Synth 8-256] done synthesizing module 'drp_to_axi4stream' (0#1) [/home/daq/AstroPix/260225_dev_richard/astep-fw/fw/astep24-3l/target-multiboard/vivado-run/astropix-cmodr2_3_CONFIG_SE.gen/sources_1/ip/xadc_astep/xadc_astep_drp_to_axi_stream.vhd:84]
	Parameter INIT_40 bound to: 16'b1000001000000000 
	Parameter INIT_41 bound to: 16'b0010000100001111 
	Parameter INIT_42 bound to: 16'b0000010000000000 
	Parameter INIT_48 bound to: 16'b0000001100000000 
	Parameter INIT_49 bound to: 16'b0000000000000000 
	Parameter INIT_4A bound to: 16'b0000000000000000 
	Parameter INIT_4B bound to: 16'b0000000000000000 
	Parameter INIT_4C bound to: 16'b0000000000000000 
	Parameter INIT_4D bound to: 16'b0000000000000000 
	Parameter INIT_4E bound to: 16'b0000000000000000 
	Parameter INIT_4F bound to: 16'b0000000000000000 
	Parameter INIT_50 bound to: 16'b1011010111101101 
	Parameter INIT_51 bound to: 16'b0101011111100100 
	Parameter INIT_52 bound to: 16'b1010000101000111 
	Parameter INIT_53 bound to: 16'b1100101000110011 
	Parameter INIT_54 bound to: 16'b1010100100111010 
	Parameter INIT_55 bound to: 16'b0101001011000110 
	Parameter INIT_56 bound to: 16'b1001010101010101 
	Parameter INIT_57 bound to: 16'b1010111001001110 
	Parameter INIT_58 bound to: 16'b0101100110011001 
	Parameter INIT_5C bound to: 16'b0101000100010001 
	Parameter SIM_DEVICE bound to: 7SERIES - type: string 
	Parameter SIM_MONITOR_FILE bound to: design.txt - type: string 
INFO: [Synth 8-113] binding component instance 'XADC_INST' to cell 'XADC' [/home/daq/AstroPix/260225_dev_richard/astep-fw/fw/astep24-3l/target-multiboard/vivado-run/astropix-cmodr2_3_CONFIG_SE.gen/sources_1/ip/xadc_astep/xadc_astep_xadc_core_drp.vhd:381]
INFO: [Synth 8-256] done synthesizing module 'xadc_astep_xadc_core_drp' (0#1) [/home/daq/AstroPix/260225_dev_richard/astep-fw/fw/astep24-3l/target-multiboard/vivado-run/astropix-cmodr2_3_CONFIG_SE.gen/sources_1/ip/xadc_astep/xadc_astep_xadc_core_drp.vhd:141]
INFO: [Synth 8-256] done synthesizing module 'xadc_astep_axi_xadc' (0#1) [/home/daq/AstroPix/260225_dev_richard/astep-fw/fw/astep24-3l/target-multiboard/vivado-run/astropix-cmodr2_3_CONFIG_SE.gen/sources_1/ip/xadc_astep/xadc_astep_axi_xadc.vhd:123]
INFO: [Synth 8-6155] done synthesizing module 'xadc_astep' (0#1) [/home/daq/AstroPix/260225_dev_richard/astep-fw/fw/astep24-3l/target-multiboard/vivado-run/astropix-cmodr2_3_CONFIG_SE.gen/sources_1/ip/xadc_astep/xadc_astep.v:51]
WARNING: [Synth 8-6014] Unused sequential element drp_rdwr_status_reg was removed.  [/home/daq/AstroPix/260225_dev_richard/astep-fw/fw/astep24-3l/target-multiboard/vivado-run/astropix-cmodr2_3_CONFIG_SE.gen/sources_1/ip/xadc_astep/xadc_astep_drp_to_axi_stream.vhd:135]
WARNING: [Synth 8-7129] Port eos_in in module drp_to_axi4stream is either unconnected or has no load
---------------------------------------------------------------------------------
Finished RTL Elaboration : Time (s): cpu = 00:00:06 ; elapsed = 00:00:06 . Memory (MB): peak = 3369.988 ; gain = 0.000 ; free physical = 217 ; free virtual = 49567
---------------------------------------------------------------------------------
---------------------------------------------------------------------------------
Start Handling Custom Attributes
---------------------------------------------------------------------------------
---------------------------------------------------------------------------------
Finished Handling Custom Attributes : Time (s): cpu = 00:00:06 ; elapsed = 00:00:06 . Memory (MB): peak = 3369.988 ; gain = 0.000 ; free physical = 213 ; free virtual = 49563
---------------------------------------------------------------------------------
---------------------------------------------------------------------------------
Finished RTL Optimization Phase 1 : Time (s): cpu = 00:00:06 ; elapsed = 00:00:06 . Memory (MB): peak = 3369.988 ; gain = 0.000 ; free physical = 213 ; free virtual = 49563
---------------------------------------------------------------------------------
Netlist sorting complete. Time (s): cpu = 00:00:00 ; elapsed = 00:00:00 . Memory (MB): peak = 3369.988 ; gain = 0.000 ; free physical = 208 ; free virtual = 49558
INFO: [Netlist 29-17] Analyzing 3 Unisim elements for replacement
INFO: [Netlist 29-28] Unisim Transformation completed in 0 CPU seconds
INFO: [Project 1-570] Preparing netlist for logic optimization

Processing XDC Constraints
Initializing timing engine
Parsing XDC File [/home/daq/AstroPix/260225_dev_richard/astep-fw/fw/astep24-3l/target-multiboard/vivado-run/astropix-cmodr2_3_CONFIG_SE.gen/sources_1/ip/xadc_astep/xadc_astep_ooc.xdc] for cell 'inst'
Finished Parsing XDC File [/home/daq/AstroPix/260225_dev_richard/astep-fw/fw/astep24-3l/target-multiboard/vivado-run/astropix-cmodr2_3_CONFIG_SE.gen/sources_1/ip/xadc_astep/xadc_astep_ooc.xdc] for cell 'inst'
Parsing XDC File [/home/daq/AstroPix/260225_dev_richard/astep-fw/fw/astep24-3l/target-multiboard/vivado-run/astropix-cmodr2_3_CONFIG_SE.gen/sources_1/ip/xadc_astep/xadc_astep.xdc] for cell 'inst'
Finished Parsing XDC File [/home/daq/AstroPix/260225_dev_richard/astep-fw/fw/astep24-3l/target-multiboard/vivado-run/astropix-cmodr2_3_CONFIG_SE.gen/sources_1/ip/xadc_astep/xadc_astep.xdc] for cell 'inst'
Completed Processing XDC Constraints

Netlist sorting complete. Time (s): cpu = 00:00:00 ; elapsed = 00:00:00 . Memory (MB): peak = 3377.957 ; gain = 0.000 ; free physical = 195 ; free virtual = 49545
INFO: [Project 1-111] Unisim Transformation Summary:
No Unisim elements were transformed.

Constraint Validation Runtime : Time (s): cpu = 00:00:00.01 ; elapsed = 00:00:00 . Memory (MB): peak = 3377.992 ; gain = 0.000 ; free physical = 194 ; free virtual = 49544
---------------------------------------------------------------------------------
Finished Constraint Validation : Time (s): cpu = 00:00:12 ; elapsed = 00:00:12 . Memory (MB): peak = 3377.992 ; gain = 8.004 ; free physical = 220 ; free virtual = 49570
---------------------------------------------------------------------------------
---------------------------------------------------------------------------------
Start Loading Part and Timing Information
---------------------------------------------------------------------------------
Loading part: xc7a35tcpg236-1
---------------------------------------------------------------------------------
Finished Loading Part and Timing Information : Time (s): cpu = 00:00:12 ; elapsed = 00:00:12 . Memory (MB): peak = 3377.992 ; gain = 8.004 ; free physical = 220 ; free virtual = 49570
---------------------------------------------------------------------------------
---------------------------------------------------------------------------------
Start Applying 'set_property' XDC Constraints
---------------------------------------------------------------------------------
Applied set_property KEEP_HIERARCHY = SOFT for inst. (constraint file  auto generated constraint).
---------------------------------------------------------------------------------
Finished applying 'set_property' XDC Constraints : Time (s): cpu = 00:00:12 ; elapsed = 00:00:12 . Memory (MB): peak = 3377.992 ; gain = 8.004 ; free physical = 225 ; free virtual = 49575
---------------------------------------------------------------------------------
INFO: [Synth 8-802] inferred FSM for state register 'state_reg' in module 'drp_to_axi4stream'
---------------------------------------------------------------------------------------------------
                   State |                     New Encoding |                Previous Encoding 
---------------------------------------------------------------------------------------------------
        wait_mode_change |                             0000 |                             0100
       rd_en_ctrl_reg_41 |                             0001 |                             0000
          rd_ctrl_reg_41 |                             0010 |                             0001
           wait_sim_samp |                             0011 |                             0101
                rd_a_reg |                             0100 |                             0110
            rd_b_reg_cmd |                             0101 |                             0111
                rd_b_reg |                             0110 |                             1000
            wait_ind_adc |                             0111 |                             0011
           wait_seq_s_ch |                             1000 |                             0010
---------------------------------------------------------------------------------------------------
INFO: [Synth 8-3354] encoded FSM with state register 'state_reg' using encoding 'sequential' in module 'drp_to_axi4stream'
---------------------------------------------------------------------------------
Finished RTL Optimization Phase 2 : Time (s): cpu = 00:00:12 ; elapsed = 00:00:12 . Memory (MB): peak = 3377.992 ; gain = 8.004 ; free physical = 207 ; free virtual = 49558
---------------------------------------------------------------------------------
---------------------------------------------------------------------------------
Start RTL Component Statistics 
---------------------------------------------------------------------------------
Detailed RTL Component Info : 
+---Adders : 
	   2 Input    5 Bit       Adders := 1     
+---Registers : 
	                8 Bit    Registers := 1     
	                1 Bit    Registers := 5     
+---Muxes : 
	   9 Input    8 Bit        Muxes := 1     
	   9 Input    4 Bit        Muxes := 1     
	   2 Input    4 Bit        Muxes := 4     
	   2 Input    1 Bit        Muxes := 1     
	   9 Input    1 Bit        Muxes := 10    
---------------------------------------------------------------------------------
Finished RTL Component Statistics 
---------------------------------------------------------------------------------
---------------------------------------------------------------------------------
Start Part Resource Summary
---------------------------------------------------------------------------------
Part Resources:
DSPs: 90 (col length:60)
BRAMs: 100 (col length: RAMB18 60 RAMB36 30)
---------------------------------------------------------------------------------
Finished Part Resource Summary
---------------------------------------------------------------------------------
---------------------------------------------------------------------------------
Start Cross Boundary and Area Optimization
---------------------------------------------------------------------------------
WARNING: [Synth 8-7080] Parallel synthesis criteria is not met
---------------------------------------------------------------------------------
Finished Cross Boundary and Area Optimization : Time (s): cpu = 00:00:13 ; elapsed = 00:00:13 . Memory (MB): peak = 3377.992 ; gain = 8.004 ; free physical = 205 ; free virtual = 49556
---------------------------------------------------------------------------------
---------------------------------------------------------------------------------
Start Applying XDC Timing Constraints
---------------------------------------------------------------------------------
---------------------------------------------------------------------------------
Finished Applying XDC Timing Constraints : Time (s): cpu = 00:00:14 ; elapsed = 00:00:14 . Memory (MB): peak = 3377.992 ; gain = 8.004 ; free physical = 211 ; free virtual = 49562
---------------------------------------------------------------------------------
---------------------------------------------------------------------------------
Start Timing Optimization
---------------------------------------------------------------------------------
---------------------------------------------------------------------------------
Finished Timing Optimization : Time (s): cpu = 00:00:14 ; elapsed = 00:00:14 . Memory (MB): peak = 3377.992 ; gain = 8.004 ; free physical = 211 ; free virtual = 49562
---------------------------------------------------------------------------------
---------------------------------------------------------------------------------
Start Technology Mapping
---------------------------------------------------------------------------------
---------------------------------------------------------------------------------
Finished Technology Mapping : Time (s): cpu = 00:00:14 ; elapsed = 00:00:14 . Memory (MB): peak = 3377.992 ; gain = 8.004 ; free physical = 211 ; free virtual = 49562
---------------------------------------------------------------------------------
---------------------------------------------------------------------------------
Start IO Insertion
---------------------------------------------------------------------------------
---------------------------------------------------------------------------------
Start Flattening Before IO Insertion
---------------------------------------------------------------------------------
---------------------------------------------------------------------------------
Finished Flattening Before IO Insertion
---------------------------------------------------------------------------------
---------------------------------------------------------------------------------
Start Final Netlist Cleanup
---------------------------------------------------------------------------------
---------------------------------------------------------------------------------
Finished Final Netlist Cleanup
---------------------------------------------------------------------------------
---------------------------------------------------------------------------------
Finished IO Insertion : Time (s): cpu = 00:00:18 ; elapsed = 00:00:18 . Memory (MB): peak = 3377.992 ; gain = 8.004 ; free physical = 182 ; free virtual = 49533
---------------------------------------------------------------------------------
---------------------------------------------------------------------------------
Start Renaming Generated Instances
---------------------------------------------------------------------------------
---------------------------------------------------------------------------------
Finished Renaming Generated Instances : Time (s): cpu = 00:00:18 ; elapsed = 00:00:18 . Memory (MB): peak = 3377.992 ; gain = 8.004 ; free physical = 182 ; free virtual = 49533
---------------------------------------------------------------------------------
---------------------------------------------------------------------------------
Start Rebuilding User Hierarchy
---------------------------------------------------------------------------------
---------------------------------------------------------------------------------
Finished Rebuilding User Hierarchy : Time (s): cpu = 00:00:18 ; elapsed = 00:00:18 . Memory (MB): peak = 3377.992 ; gain = 8.004 ; free physical = 182 ; free virtual = 49533
---------------------------------------------------------------------------------
---------------------------------------------------------------------------------
Start Renaming Generated Ports
---------------------------------------------------------------------------------
---------------------------------------------------------------------------------
Finished Renaming Generated Ports : Time (s): cpu = 00:00:18 ; elapsed = 00:00:18 . Memory (MB): peak = 3377.992 ; gain = 8.004 ; free physical = 182 ; free virtual = 49533
---------------------------------------------------------------------------------
---------------------------------------------------------------------------------
Start Handling Custom Attributes
---------------------------------------------------------------------------------
---------------------------------------------------------------------------------
Finished Handling Custom Attributes : Time (s): cpu = 00:00:18 ; elapsed = 00:00:18 . Memory (MB): peak = 3377.992 ; gain = 8.004 ; free physical = 182 ; free virtual = 49533
---------------------------------------------------------------------------------
---------------------------------------------------------------------------------
Start Renaming Generated Nets
---------------------------------------------------------------------------------
---------------------------------------------------------------------------------
Finished Renaming Generated Nets : Time (s): cpu = 00:00:18 ; elapsed = 00:00:18 . Memory (MB): peak = 3377.992 ; gain = 8.004 ; free physical = 182 ; free virtual = 49533
---------------------------------------------------------------------------------
---------------------------------------------------------------------------------
Start Writing Synthesis Report
---------------------------------------------------------------------------------

Report BlackBoxes: 
+-+--------------+----------+
| |BlackBox name |Instances |
+-+--------------+----------+
+-+--------------+----------+

Report Cell Usage: 
+------+---------+------+
|      |Cell     |Count |
+------+---------+------+
|1     |FIFO18E1 |     2|
|2     |LUT1     |     2|
|3     |LUT2     |     4|
|4     |LUT3     |     2|
|5     |LUT4     |     1|
|6     |LUT5     |     7|
|7     |LUT6     |     5|
|8     |XADC     |     1|
|9     |FDCE     |    12|
+------+---------+------+
---------------------------------------------------------------------------------
Finished Writing Synthesis Report : Time (s): cpu = 00:00:18 ; elapsed = 00:00:18 . Memory (MB): peak = 3377.992 ; gain = 8.004 ; free physical = 182 ; free virtual = 49533
---------------------------------------------------------------------------------
Synthesis finished with 0 errors, 0 critical warnings and 1 warnings.
Synthesis Optimization Runtime : Time (s): cpu = 00:00:17 ; elapsed = 00:00:17 . Memory (MB): peak = 3377.992 ; gain = 0.000 ; free physical = 182 ; free virtual = 49533
Synthesis Optimization Complete : Time (s): cpu = 00:00:18 ; elapsed = 00:00:18 . Memory (MB): peak = 3377.992 ; gain = 8.004 ; free physical = 188 ; free virtual = 49539
INFO: [Project 1-571] Translating synthesized netlist
Netlist sorting complete. Time (s): cpu = 00:00:00 ; elapsed = 00:00:00 . Memory (MB): peak = 3377.992 ; gain = 0.000 ; free physical = 187 ; free virtual = 49538
INFO: [Netlist 29-17] Analyzing 3 Unisim elements for replacement
INFO: [Netlist 29-28] Unisim Transformation completed in 0 CPU seconds
INFO: [Project 1-570] Preparing netlist for logic optimization
Parsing XDC File [/home/daq/AstroPix/260225_dev_richard/astep-fw/fw/astep24-3l/target-multiboard/vivado-run/astropix-cmodr2_3_CONFIG_SE.gen/sources_1/ip/xadc_astep/xadc_astep_ooc.xdc] for cell 'inst'
Finished Parsing XDC File [/home/daq/AstroPix/260225_dev_richard/astep-fw/fw/astep24-3l/target-multiboard/vivado-run/astropix-cmodr2_3_CONFIG_SE.gen/sources_1/ip/xadc_astep/xadc_astep_ooc.xdc] for cell 'inst'
Parsing XDC File [/home/daq/AstroPix/260225_dev_richard/astep-fw/fw/astep24-3l/target-multiboard/vivado-run/astropix-cmodr2_3_CONFIG_SE.gen/sources_1/ip/xadc_astep/xadc_astep.xdc] for cell 'inst'
Finished Parsing XDC File [/home/daq/AstroPix/260225_dev_richard/astep-fw/fw/astep24-3l/target-multiboard/vivado-run/astropix-cmodr2_3_CONFIG_SE.gen/sources_1/ip/xadc_astep/xadc_astep.xdc] for cell 'inst'
INFO: [Opt 31-138] Pushed 0 inverter(s) to 0 load pin(s).
Netlist sorting complete. Time (s): cpu = 00:00:00 ; elapsed = 00:00:00 . Memory (MB): peak = 3377.992 ; gain = 0.000 ; free physical = 476 ; free virtual = 49827
INFO: [Project 1-111] Unisim Transformation Summary:
No Unisim elements were transformed.

Synth Design complete | Checksum: 5fa2b52e
INFO: [Common 17-83] Releasing license: Synthesis
31 Infos, 4 Warnings, 0 Critical Warnings and 0 Errors encountered.
synth_design completed successfully
synth_design: Time (s): cpu = 00:00:22 ; elapsed = 00:00:19 . Memory (MB): peak = 3377.992 ; gain = 8.004 ; free physical = 448 ; free virtual = 49799
INFO: [Common 17-2834] synth_design peak Physical Memory [PSS] (MB): overall = 2695.129; main = 2363.757; forked = 380.693
INFO: [Common 17-2834] synth_design peak Virtual Memory [VSS] (MB): overall = 4335.152; main = 3345.945; forked = 989.207
INFO: [Timing 38-35] Done setting XDC timing constraints.
INFO: [Timing 38-480] Writing timing data to binary archive.
Write ShapeDB Complete: Time (s): cpu = 00:00:00 ; elapsed = 00:00:00 . Memory (MB): peak = 3417.977 ; gain = 0.000 ; free physical = 449 ; free virtual = 49800
INFO: [Common 17-1381] The checkpoint '/home/daq/AstroPix/260225_dev_richard/astep-fw/fw/astep24-3l/target-multiboard/vivado-run/astropix-cmodr2_3_CONFIG_SE.gen/sources_1/ip/xadc_astep/xadc_astep.dcp' has been generated.
INFO: [Vivado 12-3441] generate_netlist_ip - operation complete
synth_ip: Time (s): cpu = 00:04:57 ; elapsed = 00:04:32 . Memory (MB): peak = 3417.977 ; gain = 1578.129 ; free physical = 422 ; free virtual = 49772
INFO: [Common 17-2834] synth_ip peak Physical Memory [PSS] (MB): overall = 2695.129; main = 2366.390; forked = 380.693
INFO: [Common 17-2834] synth_ip peak Virtual Memory [VSS] (MB): overall = 4335.152; main = 3353.949; forked = 989.207
Command: synth_design -top astep24_3l_multitarget_top
Starting synth_design
Using part: xc7a35tcpg236-1
Attempting to get a license for feature 'Synthesis' and/or device 'xc7a35t'
INFO: [Common 17-349] Got license for feature 'Synthesis' and/or device 'xc7a35t'
INFO: [Synth 8-7079] Multithreading enabled for synth_design using a maximum of 4 processes.
---------------------------------------------------------------------------------
Starting RTL Elaboration : Time (s): cpu = 00:00:05 ; elapsed = 00:00:05 . Memory (MB): peak = 3417.977 ; gain = 0.000 ; free physical = 176 ; free virtual = 49537
---------------------------------------------------------------------------------
INFO: [Synth 8-11241] undeclared symbol 'sample_clk_internal_ap3', assumed default net type 'wire' [/home/daq/AstroPix/260225_dev_richard/astep-fw/fw/astep24-3l/target-multiboard/astep24_3l_multitarget_top.sv:583]
INFO: [Synth 8-11241] undeclared symbol 'sample_clk_internal_ap4', assumed default net type 'wire' [/home/daq/AstroPix/260225_dev_richard/astep-fw/fw/astep24-3l/target-multiboard/astep24_3l_multitarget_top.sv:585]
INFO: [Synth 8-11241] undeclared symbol 'layers_sr_ldtdac0', assumed default net type 'wire' [/home/daq/AstroPix/260225_dev_richard/astep-fw/fw/astep24-3l/target-multiboard/astep24_3l_multitarget_top.sv:665]
INFO: [Synth 8-11241] undeclared symbol 'layers_sr_ldtdac1', assumed default net type 'wire' [/home/daq/AstroPix/260225_dev_richard/astep-fw/fw/astep24-3l/target-multiboard/astep24_3l_multitarget_top.sv:666]
INFO: [Synth 8-11241] undeclared symbol 'layers_sr_ldtdac2', assumed default net type 'wire' [/home/daq/AstroPix/260225_dev_richard/astep-fw/fw/astep24-3l/target-multiboard/astep24_3l_multitarget_top.sv:667]
INFO: [Synth 8-11241] undeclared symbol 'gecco_sr_ctrl_ck', assumed default net type 'wire' [/home/daq/AstroPix/260225_dev_richard/astep-fw/fw/astep24-3l/target-multiboard/astep24_3l_multitarget_top.sv:695]
INFO: [Synth 8-11241] undeclared symbol 'gecco_sr_ctrl_sin', assumed default net type 'wire' [/home/daq/AstroPix/260225_dev_richard/astep-fw/fw/astep24-3l/target-multiboard/astep24_3l_multitarget_top.sv:696]
INFO: [Synth 8-11241] undeclared symbol 'gecco_sr_ctrl_ld', assumed default net type 'wire' [/home/daq/AstroPix/260225_dev_richard/astep-fw/fw/astep24-3l/target-multiboard/astep24_3l_multitarget_top.sv:697]
INFO: [Synth 8-11241] undeclared symbol 'tlu_trigger_synced', assumed default net type 'wire' [/home/daq/AstroPix/260225_dev_richard/astep-fw/fw/astep24-3l/target-multiboard/astep24_3l_multitarget_top.sv:708]
INFO: [Synth 8-11241] undeclared symbol 'hk_ctrl_spi_cpol', assumed default net type 'wire' [/home/daq/AstroPix/260225_dev_richard/astep-fw/fw/astep24-3l/common/astep24_3l_top.sv:369]
INFO: [Synth 8-11241] undeclared symbol 'hk_ctrl_spi_cpha', assumed default net type 'wire' [/home/daq/AstroPix/260225_dev_richard/astep-fw/fw/astep24-3l/common/astep24_3l_top.sv:370]
INFO: [Synth 8-11241] undeclared symbol 'hk_ctrl_spi_msbFirst', assumed default net type 'wire' [/home/daq/AstroPix/260225_dev_richard/astep-fw/fw/astep24-3l/common/astep24_3l_top.sv:371]
INFO: [Synth 8-11241] undeclared symbol 'hk_xadc_temperature_write', assumed default net type 'wire' [/home/daq/AstroPix/260225_dev_richard/astep-fw/fw/astep24-3l/common/astep24_3l_top.sv:373]
INFO: [Synth 8-11241] undeclared symbol 'hk_xadc_vccint_write', assumed default net type 'wire' [/home/daq/AstroPix/260225_dev_richard/astep-fw/fw/astep24-3l/common/astep24_3l_top.sv:375]
INFO: [Synth 8-11241] undeclared symbol 'hk_adcdac_mosi_fifo_m_axis_tvalid', assumed default net type 'wire' [/home/daq/AstroPix/260225_dev_richard/astep-fw/fw/astep24-3l/common/astep24_3l_top.sv:383]
INFO: [Synth 8-11241] undeclared symbol 'hk_adcdac_mosi_fifo_m_axis_tready', assumed default net type 'wire' [/home/daq/AstroPix/260225_dev_richard/astep-fw/fw/astep24-3l/common/astep24_3l_top.sv:384]
INFO: [Synth 8-11241] undeclared symbol 'hk_adcdac_mosi_fifo_m_axis_tlast', assumed default net type 'wire' [/home/daq/AstroPix/260225_dev_richard/astep-fw/fw/astep24-3l/common/astep24_3l_top.sv:385]
INFO: [Synth 8-11241] undeclared symbol 'hk_adc_miso_fifo_s_axis_tvalid', assumed default net type 'wire' [/home/daq/AstroPix/260225_dev_richard/astep-fw/fw/astep24-3l/common/astep24_3l_top.sv:389]
INFO: [Synth 8-11241] undeclared symbol 'hk_adc_miso_fifo_s_axis_tready', assumed default net type 'wire' [/home/daq/AstroPix/260225_dev_richard/astep-fw/fw/astep24-3l/common/astep24_3l_top.sv:390]
INFO: [Synth 8-11241] undeclared symbol 'spi_layers_ckdivider_divided_clk', assumed default net type 'wire' [/home/daq/AstroPix/260225_dev_richard/astep-fw/fw/astep24-3l/common/astep24_3l_top.sv:397]
INFO: [Synth 8-11241] undeclared symbol 'spi_layers_ckdivider_divided_resn', assumed default net type 'wire' [/home/daq/AstroPix/260225_dev_richard/astep-fw/fw/astep24-3l/common/astep24_3l_top.sv:398]
INFO: [Synth 8-11241] undeclared symbol 'spi_hk_ckdivider_divided_clk', assumed default net type 'wire' [/home/daq/AstroPix/260225_dev_richard/astep-fw/fw/astep24-3l/common/astep24_3l_top.sv:402]
INFO: [Synth 8-11241] undeclared symbol 'spi_hk_ckdivider_divided_resn', assumed default net type 'wire' [/home/daq/AstroPix/260225_dev_richard/astep-fw/fw/astep24-3l/common/astep24_3l_top.sv:403]
INFO: [Synth 8-11241] undeclared symbol 'layer_0_cfg_ctrl_disable_autoread', assumed default net type 'wire' [/home/daq/AstroPix/260225_dev_richard/astep-fw/fw/astep24-3l/common/astep24_3l_top.sv:407]
INFO: [Synth 8-11241] undeclared symbol 'layer_0_cfg_ctrl_cs', assumed default net type 'wire' [/home/daq/AstroPix/260225_dev_richard/astep-fw/fw/astep24-3l/common/astep24_3l_top.sv:410]
INFO: [Synth 8-11241] undeclared symbol 'layer_0_cfg_ctrl_disable_miso', assumed default net type 'wire' [/home/daq/AstroPix/260225_dev_richard/astep-fw/fw/astep24-3l/common/astep24_3l_top.sv:411]
INFO: [Synth 8-11241] undeclared symbol 'layer_1_cfg_ctrl_disable_autoread', assumed default net type 'wire' [/home/daq/AstroPix/260225_dev_richard/astep-fw/fw/astep24-3l/common/astep24_3l_top.sv:415]
INFO: [Synth 8-11241] undeclared symbol 'layer_1_cfg_ctrl_cs', assumed default net type 'wire' [/home/daq/AstroPix/260225_dev_richard/astep-fw/fw/astep24-3l/common/astep24_3l_top.sv:418]
INFO: [Synth 8-11241] undeclared symbol 'layer_1_cfg_ctrl_disable_miso', assumed default net type 'wire' [/home/daq/AstroPix/260225_dev_richard/astep-fw/fw/astep24-3l/common/astep24_3l_top.sv:419]
INFO: [Synth 8-11241] undeclared symbol 'layer_2_cfg_ctrl_disable_autoread', assumed default net type 'wire' [/home/daq/AstroPix/260225_dev_richard/astep-fw/fw/astep24-3l/common/astep24_3l_top.sv:424]
INFO: [Synth 8-11241] undeclared symbol 'layer_2_cfg_ctrl_cs', assumed default net type 'wire' [/home/daq/AstroPix/260225_dev_richard/astep-fw/fw/astep24-3l/common/astep24_3l_top.sv:427]
INFO: [Synth 8-11241] undeclared symbol 'layer_2_cfg_ctrl_disable_miso', assumed default net type 'wire' [/home/daq/AstroPix/260225_dev_richard/astep-fw/fw/astep24-3l/common/astep24_3l_top.sv:428]
INFO: [Synth 8-11241] undeclared symbol 'layer_0_status_frame_decoding', assumed default net type 'wire' [/home/daq/AstroPix/260225_dev_richard/astep-fw/fw/astep24-3l/common/astep24_3l_top.sv:433]
INFO: [Synth 8-11241] undeclared symbol 'layer_1_status_frame_decoding', assumed default net type 'wire' [/home/daq/AstroPix/260225_dev_richard/astep-fw/fw/astep24-3l/common/astep24_3l_top.sv:437]
INFO: [Synth 8-11241] undeclared symbol 'layer_2_status_frame_decoding', assumed default net type 'wire' [/home/daq/AstroPix/260225_dev_richard/astep-fw/fw/astep24-3l/common/astep24_3l_top.sv:441]
INFO: [Synth 8-11241] undeclared symbol 'layer_0_stat_frame_counter_enable', assumed default net type 'wire' [/home/daq/AstroPix/260225_dev_richard/astep-fw/fw/astep24-3l/common/astep24_3l_top.sv:443]
INFO: [Synth 8-11241] undeclared symbol 'layer_1_stat_frame_counter_enable', assumed default net type 'wire' [/home/daq/AstroPix/260225_dev_richard/astep-fw/fw/astep24-3l/common/astep24_3l_top.sv:444]
INFO: [Synth 8-11241] undeclared symbol 'layer_2_stat_frame_counter_enable', assumed default net type 'wire' [/home/daq/AstroPix/260225_dev_richard/astep-fw/fw/astep24-3l/common/astep24_3l_top.sv:445]
INFO: [Synth 8-11241] undeclared symbol 'layer_0_stat_idle_counter_enable', assumed default net type 'wire' [/home/daq/AstroPix/260225_dev_richard/astep-fw/fw/astep24-3l/common/astep24_3l_top.sv:447]
INFO: [Synth 8-11241] undeclared symbol 'layer_1_stat_idle_counter_enable', assumed default net type 'wire' [/home/daq/AstroPix/260225_dev_richard/astep-fw/fw/astep24-3l/common/astep24_3l_top.sv:448]
INFO: [Synth 8-11241] undeclared symbol 'layer_2_stat_idle_counter_enable', assumed default net type 'wire' [/home/daq/AstroPix/260225_dev_richard/astep-fw/fw/astep24-3l/common/astep24_3l_top.sv:449]
INFO: [Synth 8-11241] undeclared symbol 'layer_0_mosi_tvalid', assumed default net type 'wire' [/home/daq/AstroPix/260225_dev_richard/astep-fw/fw/astep24-3l/common/astep24_3l_top.sv:456]
INFO: [Synth 8-11241] undeclared symbol 'layer_0_mosi_tready', assumed default net type 'wire' [/home/daq/AstroPix/260225_dev_richard/astep-fw/fw/astep24-3l/common/astep24_3l_top.sv:457]
INFO: [Synth 8-11241] undeclared symbol 'layer_0_mosi_tlast', assumed default net type 'wire' [/home/daq/AstroPix/260225_dev_richard/astep-fw/fw/astep24-3l/common/astep24_3l_top.sv:458]
INFO: [Synth 8-11241] undeclared symbol 'layer_1_mosi_tvalid', assumed default net type 'wire' [/home/daq/AstroPix/260225_dev_richard/astep-fw/fw/astep24-3l/common/astep24_3l_top.sv:463]
INFO: [Synth 8-11241] undeclared symbol 'layer_1_mosi_tready', assumed default net type 'wire' [/home/daq/AstroPix/260225_dev_richard/astep-fw/fw/astep24-3l/common/astep24_3l_top.sv:464]
INFO: [Synth 8-11241] undeclared symbol 'layer_1_mosi_tlast', assumed default net type 'wire' [/home/daq/AstroPix/260225_dev_richard/astep-fw/fw/astep24-3l/common/astep24_3l_top.sv:465]
INFO: [Synth 8-11241] undeclared symbol 'layer_2_mosi_tvalid', assumed default net type 'wire' [/home/daq/AstroPix/260225_dev_richard/astep-fw/fw/astep24-3l/common/astep24_3l_top.sv:470]
INFO: [Synth 8-11241] undeclared symbol 'layer_2_mosi_tready', assumed default net type 'wire' [/home/daq/AstroPix/260225_dev_richard/astep-fw/fw/astep24-3l/common/astep24_3l_top.sv:471]
INFO: [Synth 8-11241] undeclared symbol 'layer_2_mosi_tlast', assumed default net type 'wire' [/home/daq/AstroPix/260225_dev_richard/astep-fw/fw/astep24-3l/common/astep24_3l_top.sv:472]
INFO: [Synth 8-11241] undeclared symbol 'layer_0_loopback_miso_m_axis_tvalid', assumed default net type 'wire' [/home/daq/AstroPix/260225_dev_richard/astep-fw/fw/astep24-3l/common/astep24_3l_top.sv:480]
INFO: [Synth 8-11241] undeclared symbol 'layer_0_loopback_miso_m_axis_tready', assumed default net type 'wire' [/home/daq/AstroPix/260225_dev_richard/astep-fw/fw/astep24-3l/common/astep24_3l_top.sv:481]
INFO: [Synth 8-11241] undeclared symbol 'layer_0_loopback_mosi_s_axis_tvalid', assumed default net type 'wire' [/home/daq/AstroPix/260225_dev_richard/astep-fw/fw/astep24-3l/common/astep24_3l_top.sv:486]
INFO: [Synth 8-11241] undeclared symbol 'layer_0_loopback_mosi_s_axis_tready', assumed default net type 'wire' [/home/daq/AstroPix/260225_dev_richard/astep-fw/fw/astep24-3l/common/astep24_3l_top.sv:487]
INFO: [Synth 8-11241] undeclared symbol 'layer_1_loopback_miso_m_axis_tvalid', assumed default net type 'wire' [/home/daq/AstroPix/260225_dev_richard/astep-fw/fw/astep24-3l/common/astep24_3l_top.sv:492]
INFO: [Synth 8-11241] undeclared symbol 'layer_1_loopback_miso_m_axis_tready', assumed default net type 'wire' [/home/daq/AstroPix/260225_dev_richard/astep-fw/fw/astep24-3l/common/astep24_3l_top.sv:493]
INFO: [Synth 8-11241] undeclared symbol 'layer_1_loopback_mosi_s_axis_tvalid', assumed default net type 'wire' [/home/daq/AstroPix/260225_dev_richard/astep-fw/fw/astep24-3l/common/astep24_3l_top.sv:498]
INFO: [Synth 8-11241] undeclared symbol 'layer_1_loopback_mosi_s_axis_tready', assumed default net type 'wire' [/home/daq/AstroPix/260225_dev_richard/astep-fw/fw/astep24-3l/common/astep24_3l_top.sv:499]
INFO: [Synth 8-11241] undeclared symbol 'layer_2_loopback_miso_m_axis_tvalid', assumed default net type 'wire' [/home/daq/AstroPix/260225_dev_richard/astep-fw/fw/astep24-3l/common/astep24_3l_top.sv:505]
INFO: [Synth 8-11241] undeclared symbol 'layer_2_loopback_miso_m_axis_tready', assumed default net type 'wire' [/home/daq/AstroPix/260225_dev_richard/astep-fw/fw/astep24-3l/common/astep24_3l_top.sv:506]
INFO: [Synth 8-11241] undeclared symbol 'layer_2_loopback_mosi_s_axis_tvalid', assumed default net type 'wire' [/home/daq/AstroPix/260225_dev_richard/astep-fw/fw/astep24-3l/common/astep24_3l_top.sv:511]
INFO: [Synth 8-11241] undeclared symbol 'layer_2_loopback_mosi_s_axis_tready', assumed default net type 'wire' [/home/daq/AstroPix/260225_dev_richard/astep-fw/fw/astep24-3l/common/astep24_3l_top.sv:512]
INFO: [Synth 8-11241] undeclared symbol 'layers_fpga_timestamp_ctrl_tlu_busy_on_t0', assumed default net type 'wire' [/home/daq/AstroPix/260225_dev_richard/astep-fw/fw/astep24-3l/common/astep24_3l_top.sv:525]
INFO: [Synth 8-11241] undeclared symbol 'layers_fpga_timestamp_ctrl_force_value', assumed default net type 'wire' [/home/daq/AstroPix/260225_dev_richard/astep-fw/fw/astep24-3l/common/astep24_3l_top.sv:527]
INFO: [Synth 8-11241] undeclared symbol 'layers_fpga_timestamp_ctrl_force_lsb_0', assumed default net type 'wire' [/home/daq/AstroPix/260225_dev_richard/astep-fw/fw/astep24-3l/common/astep24_3l_top.sv:528]
INFO: [Synth 8-11241] undeclared symbol 'layers_sr_rb_ctrl_crc_enable', assumed default net type 'wire' [/home/daq/AstroPix/260225_dev_richard/astep-fw/fw/astep24-3l/common/astep24_3l_top.sv:565]
INFO: [Synth 8-11241] undeclared symbol 'layers_sr_bytes_s_axis_tvalid', assumed default net type 'wire' [/home/daq/AstroPix/260225_dev_richard/astep-fw/fw/astep24-3l/common/astep24_3l_top.sv:574]
INFO: [Synth 8-11241] undeclared symbol 'layers_sr_bytes_s_axis_tready', assumed default net type 'wire' [/home/daq/AstroPix/260225_dev_richard/astep-fw/fw/astep24-3l/common/astep24_3l_top.sv:575]
INFO: [Synth 8-11241] undeclared symbol 'injection_generator_inj_ctrl_reset', assumed default net type 'wire' [/home/daq/AstroPix/260225_dev_richard/astep-fw/fw/astep24-3l/common/astep24_3l_top.sv:580]
INFO: [Synth 8-11241] undeclared symbol 'injection_generator_inj_ctrl_suspend', assumed default net type 'wire' [/home/daq/AstroPix/260225_dev_richard/astep-fw/fw/astep24-3l/common/astep24_3l_top.sv:581]
INFO: [Synth 8-11241] undeclared symbol 'injection_generator_inj_ctrl_synced', assumed default net type 'wire' [/home/daq/AstroPix/260225_dev_richard/astep-fw/fw/astep24-3l/common/astep24_3l_top.sv:582]
INFO: [Synth 8-11241] undeclared symbol 'injection_generator_inj_ctrl_trigger', assumed default net type 'wire' [/home/daq/AstroPix/260225_dev_richard/astep-fw/fw/astep24-3l/common/astep24_3l_top.sv:583]
INFO: [Synth 8-11241] undeclared symbol 'injection_generator_inj_ctrl_write', assumed default net type 'wire' [/home/daq/AstroPix/260225_dev_richard/astep-fw/fw/astep24-3l/common/astep24_3l_top.sv:584]
INFO: [Synth 8-11241] undeclared symbol 'injection_generator_inj_ctrl_done', assumed default net type 'wire' [/home/daq/AstroPix/260225_dev_richard/astep-fw/fw/astep24-3l/common/astep24_3l_top.sv:585]
INFO: [Synth 8-11241] undeclared symbol 'injection_generator_inj_ctrl_running', assumed default net type 'wire' [/home/daq/AstroPix/260225_dev_richard/astep-fw/fw/astep24-3l/common/astep24_3l_top.sv:586]
INFO: [Synth 8-11241] undeclared symbol 'layers_readout_ctrl_packet_mode', assumed default net type 'wire' [/home/daq/AstroPix/260225_dev_richard/astep-fw/fw/astep24-3l/common/astep24_3l_top.sv:593]
INFO: [Synth 8-11241] undeclared symbol 'layers_readout_s_axis_tvalid', assumed default net type 'wire' [/home/daq/AstroPix/260225_dev_richard/astep-fw/fw/astep24-3l/common/astep24_3l_top.sv:595]
INFO: [Synth 8-11241] undeclared symbol 'layers_readout_s_axis_tready', assumed default net type 'wire' [/home/daq/AstroPix/260225_dev_richard/astep-fw/fw/astep24-3l/common/astep24_3l_top.sv:596]
INFO: [Synth 8-11241] undeclared symbol 'uart_driver_m_axis_tready', assumed default net type 'wire' [/home/daq/AstroPix/260225_dev_richard/astep-fw/fw/common/rtl/host/sw_ftdi245_spi_uart/sw_ftdi245_spi_uart.sv:146]
INFO: [Synth 8-11241] undeclared symbol 'uart_driver_m_axis_tvalid', assumed default net type 'wire' [/home/daq/AstroPix/260225_dev_richard/astep-fw/fw/common/rtl/host/sw_ftdi245_spi_uart/sw_ftdi245_spi_uart.sv:147]
INFO: [Synth 8-11241] undeclared symbol 'uart_egress_fifo_m_axis_tready', assumed default net type 'wire' [/home/daq/AstroPix/260225_dev_richard/astep-fw/fw/common/rtl/host/sw_ftdi245_spi_uart/sw_ftdi245_spi_uart.sv:150]
INFO: [Synth 8-11241] undeclared symbol 'uart_egress_fifo_m_axis_tvalid', assumed default net type 'wire' [/home/daq/AstroPix/260225_dev_richard/astep-fw/fw/common/rtl/host/sw_ftdi245_spi_uart/sw_ftdi245_spi_uart.sv:151]
INFO: [Synth 8-11241] undeclared symbol 'spi_igress_m_axis_tready', assumed default net type 'wire' [/home/daq/AstroPix/260225_dev_richard/astep-fw/fw/common/rtl/host/sw_ftdi245_spi_uart/sw_ftdi245_spi_uart.sv:229]
INFO: [Synth 8-11241] undeclared symbol 'spi_igress_m_axis_tvalid', assumed default net type 'wire' [/home/daq/AstroPix/260225_dev_richard/astep-fw/fw/common/rtl/host/sw_ftdi245_spi_uart/sw_ftdi245_spi_uart.sv:230]
INFO: [Synth 8-11241] undeclared symbol 'spi_egress_fifo_m_axis_tready', assumed default net type 'wire' [/home/daq/AstroPix/260225_dev_richard/astep-fw/fw/common/rtl/host/sw_ftdi245_spi_uart/sw_ftdi245_spi_uart.sv:272]
INFO: [Synth 8-11241] undeclared symbol 'spi_egress_fifo_m_axis_tvalid', assumed default net type 'wire' [/home/daq/AstroPix/260225_dev_richard/astep-fw/fw/common/rtl/host/sw_ftdi245_spi_uart/sw_ftdi245_spi_uart.sv:273]
INFO: [Synth 8-11241] undeclared symbol 'spi_egress_fifo_m_axis_tlast', assumed default net type 'wire' [/home/daq/AstroPix/260225_dev_richard/astep-fw/fw/common/rtl/host/sw_ftdi245_spi_uart/sw_ftdi245_spi_uart.sv:274]
INFO: [Synth 8-11241] undeclared symbol 'readout_framing_m_axis_tready', assumed default net type 'wire' [/home/daq/AstroPix/260225_dev_richard/astep-fw/fw/common/rtl/host/sw_ftdi245_spi_uart/sw_ftdi245_spi_uart.sv:296]
INFO: [Synth 8-11241] undeclared symbol 'readout_framing_m_axis_tvalid', assumed default net type 'wire' [/home/daq/AstroPix/260225_dev_richard/astep-fw/fw/common/rtl/host/sw_ftdi245_spi_uart/sw_ftdi245_spi_uart.sv:298]
INFO: [Synth 8-11241] undeclared symbol 'ftdi_igress_m_axis_tvalid', assumed default net type 'wire' [/home/daq/AstroPix/260225_dev_richard/astep-fw/fw/common/rtl/host/sw_ftdi245_spi_uart/sw_ftdi245_spi_uart.sv:336]
INFO: [Synth 8-11241] undeclared symbol 'ftdi_igress_m_axis_tready', assumed default net type 'wire' [/home/daq/AstroPix/260225_dev_richard/astep-fw/fw/common/rtl/host/sw_ftdi245_spi_uart/sw_ftdi245_spi_uart.sv:337]
INFO: [Synth 8-11241] undeclared symbol 'ftdi_igress_m_axis_almost_full', assumed default net type 'wire' [/home/daq/AstroPix/260225_dev_richard/astep-fw/fw/common/rtl/host/sw_ftdi245_spi_uart/sw_ftdi245_spi_uart.sv:340]
INFO: [Synth 8-11241] undeclared symbol 'ftdi_egress_s_axis_tvalid', assumed default net type 'wire' [/home/daq/AstroPix/260225_dev_richard/astep-fw/fw/common/rtl/host/sw_ftdi245_spi_uart/sw_ftdi245_spi_uart.sv:343]
INFO: [Synth 8-11241] undeclared symbol 'ftdi_egress_s_axis_tready', assumed default net type 'wire' [/home/daq/AstroPix/260225_dev_richard/astep-fw/fw/common/rtl/host/sw_ftdi245_spi_uart/sw_ftdi245_spi_uart.sv:344]
INFO: [Synth 8-11241] undeclared symbol 'ftdi_egress_s_axis_almost_empty', assumed default net type 'wire' [/home/daq/AstroPix/260225_dev_richard/astep-fw/fw/common/rtl/host/sw_ftdi245_spi_uart/sw_ftdi245_spi_uart.sv:345]
INFO: [Synth 8-11241] undeclared symbol 'switch_m_axis_tready', assumed default net type 'wire' [/home/daq/AstroPix/260225_dev_richard/astep-fw/fw/common/rtl/layers/layers_readout_switched.sv:140]
INFO: [Synth 8-11241] undeclared symbol 'switch_m_axis_tvalid', assumed default net type 'wire' [/home/daq/AstroPix/260225_dev_richard/astep-fw/fw/common/rtl/layers/layers_readout_switched.sv:141]
INFO: [Synth 8-11241] undeclared symbol 'spi_csn', assumed default net type 'wire' [/home/daq/AstroPix/260225_dev_richard/astep-fw/fw/common/rtl/spi/spi_axis_if_v2.sv:56]
INFO: [Synth 8-11241] undeclared symbol 'm_axis_tid', assumed default net type 'wire' [/home/daq/AstroPix/260225_dev_richard/astep-fw/fw/common/rtl/spi/spi_axis_if_v2.sv:59]
INFO: [Synth 8-11241] undeclared symbol 'm_axis_tdest', assumed default net type 'wire' [/home/daq/AstroPix/260225_dev_richard/astep-fw/fw/common/rtl/spi/spi_axis_if_v2.sv:60]
INFO: [Common 17-14] Message 'Synth 8-11241' appears 100 times and further instances of the messages will be disabled. Use the Tcl command set_msg_config to change the current settings.
INFO: [Synth 8-6157] synthesizing module 'astep24_3l_multitarget_top' [/home/daq/AstroPix/260225_dev_richard/astep-fw/fw/astep24-3l/target-multiboard/astep24_3l_multitarget_top.sv:7]
INFO: [Synth 8-6157] synthesizing module 'BUFGCTRL' [/cache/Vivado/2023.2/scripts/rt/data/unisim_comp.v:2012]
INFO: [Synth 8-6155] done synthesizing module 'BUFGCTRL' (0#1) [/cache/Vivado/2023.2/scripts/rt/data/unisim_comp.v:2012]
WARNING: [Synth 8-7071] port 'IGNORE0' of module 'BUFGCTRL' is unconnected for instance 'timestamp_clk_mux' [/home/daq/AstroPix/260225_dev_richard/astep-fw/fw/astep24-3l/target-multiboard/astep24_3l_multitarget_top.sv:264]
WARNING: [Synth 8-7071] port 'IGNORE1' of module 'BUFGCTRL' is unconnected for instance 'timestamp_clk_mux' [/home/daq/AstroPix/260225_dev_richard/astep-fw/fw/astep24-3l/target-multiboard/astep24_3l_multitarget_top.sv:264]
WARNING: [Synth 8-7023] instance 'timestamp_clk_mux' of module 'BUFGCTRL' has 9 connections declared, but only 7 given [/home/daq/AstroPix/260225_dev_richard/astep-fw/fw/astep24-3l/target-multiboard/astep24_3l_multitarget_top.sv:264]
INFO: [Synth 8-6157] synthesizing module 'BUFGCE' [/cache/Vivado/2023.2/scripts/rt/data/unisim_comp.v:1961]
INFO: [Synth 8-6155] done synthesizing module 'BUFGCE' (0#1) [/cache/Vivado/2023.2/scripts/rt/data/unisim_comp.v:1961]
INFO: [Synth 8-6157] synthesizing module 'astep24_3l_top' [/home/daq/AstroPix/260225_dev_richard/astep-fw/fw/astep24-3l/common/astep24_3l_top.sv:7]
INFO: [Synth 8-6157] synthesizing module 'async_input_sync' [/home/daq/AstroPix/260225_dev_richard/astep-fw/fw/common/rtl/utilities/async_input_sync.sv:4]
	Parameter RESET_VALUE bound to: 1'b1 
	Parameter DEBOUNCE_DELAY bound to: 2 - type: integer 
INFO: [Synth 8-6155] done synthesizing module 'async_input_sync' (0#1) [/home/daq/AstroPix/260225_dev_richard/astep-fw/fw/common/rtl/utilities/async_input_sync.sv:4]
INFO: [Synth 8-6157] synthesizing module 'astep24_3l_top_clocking' [/home/daq/AstroPix/260225_dev_richard/astep-fw/fw/astep24-3l/common/astep24_3l_top_clocking.sv:9]
INFO: [Synth 8-6157] synthesizing module 'clk_sys_to_40' [/home/daq/AstroPix/260225_dev_richard/astep-fw/fw/astep24-3l/target-multiboard/vivado-run/.Xil/Vivado-3820267-argon/realtime/clk_sys_to_40_stub.v:6]
INFO: [Synth 8-6155] done synthesizing module 'clk_sys_to_40' (0#1) [/home/daq/AstroPix/260225_dev_richard/astep-fw/fw/astep24-3l/target-multiboard/vivado-run/.Xil/Vivado-3820267-argon/realtime/clk_sys_to_40_stub.v:6]
INFO: [Synth 8-6157] synthesizing module 'reset_sync' [/home/daq/AstroPix/260225_dev_richard/astep-fw/fw/common/rtl/utilities/reset_sync.sv:1]
	Parameter RESET_DELAY bound to: 15 - type: integer 
INFO: [Synth 8-6155] done synthesizing module 'reset_sync' (0#1) [/home/daq/AstroPix/260225_dev_richard/astep-fw/fw/common/rtl/utilities/reset_sync.sv:1]
INFO: [Synth 8-6157] synthesizing module 'clk_core_extorint_40' [/home/daq/AstroPix/260225_dev_richard/astep-fw/fw/astep24-3l/target-multiboard/vivado-run/.Xil/Vivado-3820267-argon/realtime/clk_core_extorint_40_stub.v:6]
INFO: [Synth 8-6155] done synthesizing module 'clk_core_extorint_40' (0#1) [/home/daq/AstroPix/260225_dev_richard/astep-fw/fw/astep24-3l/target-multiboard/vivado-run/.Xil/Vivado-3820267-argon/realtime/clk_core_extorint_40_stub.v:6]
INFO: [Synth 8-6157] synthesizing module 'BUFR' [/cache/Vivado/2023.2/scripts/rt/data/unisim_comp.v:2289]
	Parameter BUFR_DIVIDE bound to: 8 - type: string 
	Parameter SIM_DEVICE bound to: 7SERIES - type: string 
INFO: [Synth 8-6155] done synthesizing module 'BUFR' (0#1) [/cache/Vivado/2023.2/scripts/rt/data/unisim_comp.v:2289]
INFO: [Synth 8-6157] synthesizing module 'resets_synchronizer' [/home/daq/AstroPix/260225_dev_richard/astep-fw/fw/common/rtl/utilities/resets_synchronizer.sv:10]
	Parameter CLOCKS bound to: 5 - type: integer 
	Parameter RESET_DELAY bound to: 15 - type: integer 
INFO: [Synth 8-6155] done synthesizing module 'resets_synchronizer' (0#1) [/home/daq/AstroPix/260225_dev_richard/astep-fw/fw/common/rtl/utilities/resets_synchronizer.sv:10]
INFO: [Synth 8-6155] done synthesizing module 'astep24_3l_top_clocking' (0#1) [/home/daq/AstroPix/260225_dev_richard/astep-fw/fw/astep24-3l/common/astep24_3l_top_clocking.sv:9]
INFO: [Synth 8-6157] synthesizing module 'resets_synchronizer__parameterized0' [/home/daq/AstroPix/260225_dev_richard/astep-fw/fw/common/rtl/utilities/resets_synchronizer.sv:10]
	Parameter CLOCKS bound to: 1 - type: integer 
	Parameter RESET_DELAY bound to: 15 - type: integer 
INFO: [Synth 8-6155] done synthesizing module 'resets_synchronizer__parameterized0' (0#1) [/home/daq/AstroPix/260225_dev_richard/astep-fw/fw/common/rtl/utilities/resets_synchronizer.sv:10]
INFO: [Synth 8-6157] synthesizing module 'sw_ftdi245_spi_uart' [/home/daq/AstroPix/260225_dev_richard/astep-fw/fw/common/rtl/host/sw_ftdi245_spi_uart/sw_ftdi245_spi_uart.sv:8]
INFO: [Synth 8-638] synthesizing module 'neorv32_uart_axis' [/home/daq/AstroPix/260225_dev_richard/astep-fw/fw/common/rtl/rfg/uart/neorv32_uart_axis.vhd:45]
WARNING: [Synth 8-614] signal 'rstn_i' is read in the process but is not in the sensitivity list [/home/daq/AstroPix/260225_dev_richard/astep-fw/fw/common/rtl/rfg/uart/neorv32_uart_axis.vhd:142]
WARNING: [Synth 8-614] signal 'rstn_i' is read in the process but is not in the sensitivity list [/home/daq/AstroPix/260225_dev_richard/astep-fw/fw/common/rtl/rfg/uart/neorv32_uart_axis.vhd:191]
INFO: [Synth 8-256] done synthesizing module 'neorv32_uart_axis' (0#1) [/home/daq/AstroPix/260225_dev_richard/astep-fw/fw/common/rtl/rfg/uart/neorv32_uart_axis.vhd:45]
INFO: [Synth 8-6157] synthesizing module 'fifo_axis_1clk_8x64' [/home/daq/AstroPix/260225_dev_richard/astep-fw/fw/astep24-3l/target-multiboard/vivado-run/.Xil/Vivado-3820267-argon/realtime/fifo_axis_1clk_8x64_stub.v:6]
INFO: [Synth 8-6155] done synthesizing module 'fifo_axis_1clk_8x64' (0#1) [/home/daq/AstroPix/260225_dev_richard/astep-fw/fw/astep24-3l/target-multiboard/vivado-run/.Xil/Vivado-3820267-argon/realtime/fifo_axis_1clk_8x64_stub.v:6]
INFO: [Synth 8-6157] synthesizing module 'spi_slave_axis_igress' [/home/daq/AstroPix/260225_dev_richard/astep-fw/fw/common/rtl/rfg/spi/spi_slave_axis_igress.sv:6]
	Parameter AXIS_DEST bound to: 0 - type: integer 
	Parameter AXIS_SOURCE bound to: 2 - type: integer 
	Parameter MSB_FIRST bound to: 1 - type: integer 
INFO: [Synth 8-6155] done synthesizing module 'spi_slave_axis_igress' (0#1) [/home/daq/AstroPix/260225_dev_richard/astep-fw/fw/common/rtl/rfg/spi/spi_slave_axis_igress.sv:6]
INFO: [Synth 8-6157] synthesizing module 'fifo_axis_2clk_sw_io_16e' [/home/daq/AstroPix/260225_dev_richard/astep-fw/fw/astep24-3l/target-multiboard/vivado-run/.Xil/Vivado-3820267-argon/realtime/fifo_axis_2clk_sw_io_16e_stub.v:6]
INFO: [Synth 8-6155] done synthesizing module 'fifo_axis_2clk_sw_io_16e' (0#1) [/home/daq/AstroPix/260225_dev_richard/astep-fw/fw/astep24-3l/target-multiboard/vivado-run/.Xil/Vivado-3820267-argon/realtime/fifo_axis_2clk_sw_io_16e_stub.v:6]
INFO: [Synth 8-6157] synthesizing module 'rfg_axis_readout_framing' [/home/daq/AstroPix/260225_dev_richard/astep-fw/fw/common/rtl/rfg/protocol/rfg_axis_readout_framing.sv:1]
	Parameter MTU_SIZE bound to: 16 - type: integer 
	Parameter IDLE_BYTE bound to: 8'b10111100 
	Parameter START_BYTE bound to: 8'b11101111 
INFO: [Synth 8-155] case statement is not full and has no default [/home/daq/AstroPix/260225_dev_richard/astep-fw/fw/common/rtl/rfg/protocol/rfg_axis_readout_framing.sv:47]
INFO: [Synth 8-6155] done synthesizing module 'rfg_axis_readout_framing' (0#1) [/home/daq/AstroPix/260225_dev_richard/astep-fw/fw/common/rtl/rfg/protocol/rfg_axis_readout_framing.sv:1]
INFO: [Synth 8-6157] synthesizing module 'spi_slave_axis_egress' [/home/daq/AstroPix/260225_dev_richard/astep-fw/fw/common/rtl/rfg/spi/spi_slave_axis_egress.sv:11]
	Parameter ASYNC_RES bound to: 1 - type: integer 
	Parameter MSB_FIRST bound to: 1 - type: integer 
	Parameter MISO_SIZE bound to: 1 - type: integer 
INFO: [Synth 8-6155] done synthesizing module 'spi_slave_axis_egress' (0#1) [/home/daq/AstroPix/260225_dev_richard/astep-fw/fw/common/rtl/rfg/spi/spi_slave_axis_egress.sv:11]
INFO: [Synth 8-6157] synthesizing module 'ftdi_sync_fifo_axis' [/home/daq/AstroPix/260225_dev_richard/astep-fw/fw/common/rtl/rfg/ftdi/ftdi_sync_fifo_axis.sv:19]
	Parameter AXIS_DEST bound to: 0 - type: integer 
	Parameter AXIS_SOURCE bound to: 3 - type: integer 
INFO: [Synth 8-6157] synthesizing module 'ftdi_interface_control_fsm' [/home/daq/AstroPix/260225_dev_richard/astep-fw/fw/common/rtl/rfg/ftdi/ftdi_interface_control_fsm.sv:18]
INFO: [Synth 8-6155] done synthesizing module 'ftdi_interface_control_fsm' (0#1) [/home/daq/AstroPix/260225_dev_richard/astep-fw/fw/common/rtl/rfg/ftdi/ftdi_interface_control_fsm.sv:18]
INFO: [Synth 8-6155] done synthesizing module 'ftdi_sync_fifo_axis' (0#1) [/home/daq/AstroPix/260225_dev_richard/astep-fw/fw/common/rtl/rfg/ftdi/ftdi_sync_fifo_axis.sv:19]
INFO: [Synth 8-6157] synthesizing module 'rfg_axis_protocol' [/home/daq/AstroPix/260225_dev_richard/astep-fw/fw/common/rtl/rfg/protocol/rfg_axis_protocol.sv:8]
INFO: [Synth 8-6157] synthesizing module 'mini_fwft_fifo' [/home/daq/AstroPix/260225_dev_richard/astep-fw/fw/common/rtl/fifo/mini_fwft_fifo.sv:1]
	Parameter AWIDTH bound to: 4 - type: integer 
	Parameter DWIDTH bound to: 9 - type: integer 
INFO: [Synth 8-6157] synthesizing module 'fifo_ptr_logic' [/home/daq/AstroPix/260225_dev_richard/astep-fw/fw/common/rtl/fifo/fifo_ptr_logic.sv:1]
	Parameter AWIDTH bound to: 4 - type: integer 
INFO: [Synth 8-6155] done synthesizing module 'fifo_ptr_logic' (0#1) [/home/daq/AstroPix/260225_dev_richard/astep-fw/fw/common/rtl/fifo/fifo_ptr_logic.sv:1]
INFO: [Synth 8-6155] done synthesizing module 'mini_fwft_fifo' (0#1) [/home/daq/AstroPix/260225_dev_richard/astep-fw/fw/common/rtl/fifo/mini_fwft_fifo.sv:1]
INFO: [Synth 8-155] case statement is not full and has no default [/home/daq/AstroPix/260225_dev_richard/astep-fw/fw/common/rtl/rfg/protocol/rfg_axis_protocol.sv:150]
INFO: [Synth 8-6155] done synthesizing module 'rfg_axis_protocol' (0#1) [/home/daq/AstroPix/260225_dev_richard/astep-fw/fw/common/rtl/rfg/protocol/rfg_axis_protocol.sv:8]
INFO: [Synth 8-6157] synthesizing module 'axis_switch_swifs' [/home/daq/AstroPix/260225_dev_richard/astep-fw/fw/astep24-3l/target-multiboard/vivado-run/.Xil/Vivado-3820267-argon/realtime/axis_switch_swifs_stub.v:6]
INFO: [Synth 8-6155] done synthesizing module 'axis_switch_swifs' (0#1) [/home/daq/AstroPix/260225_dev_richard/astep-fw/fw/astep24-3l/target-multiboard/vivado-run/.Xil/Vivado-3820267-argon/realtime/axis_switch_swifs_stub.v:6]
INFO: [Synth 8-6155] done synthesizing module 'sw_ftdi245_spi_uart' (0#1) [/home/daq/AstroPix/260225_dev_richard/astep-fw/fw/common/rtl/host/sw_ftdi245_spi_uart/sw_ftdi245_spi_uart.sv:8]
INFO: [Synth 8-6157] synthesizing module 'main_rfg' [/home/daq/AstroPix/260225_dev_richard/astep-fw/fw/astep24-3l/common/main_rfg.sv:1]
WARNING: [Synth 8-324] index 8 out of range [/home/daq/AstroPix/260225_dev_richard/astep-fw/fw/astep24-3l/common/main_rfg.sv:423]
INFO: [Synth 8-294] found qualifier unique on case statement: implementing as parallel_case [/home/daq/AstroPix/260225_dev_richard/astep-fw/fw/astep24-3l/common/main_rfg.sv:556]
INFO: [Synth 8-294] found qualifier unique on case statement: implementing as parallel_case [/home/daq/AstroPix/260225_dev_richard/astep-fw/fw/astep24-3l/common/main_rfg.sv:1071]
INFO: [Synth 8-6155] done synthesizing module 'main_rfg' (0#1) [/home/daq/AstroPix/260225_dev_richard/astep-fw/fw/astep24-3l/common/main_rfg.sv:1]
WARNING: [Synth 8-7071] port 'rfg_address_valid' of module 'main_rfg' is unconnected for instance 'main_rfg_I' [/home/daq/AstroPix/260225_dev_richard/astep-fw/fw/astep24-3l/common/astep24_3l_top.sv:342]
WARNING: [Synth 8-7071] port 'rfg_write_valid' of module 'main_rfg' is unconnected for instance 'main_rfg_I' [/home/daq/AstroPix/260225_dev_richard/astep-fw/fw/astep24-3l/common/astep24_3l_top.sv:342]
WARNING: [Synth 8-7023] instance 'main_rfg_I' of module 'main_rfg' has 207 connections declared, but only 205 given [/home/daq/AstroPix/260225_dev_richard/astep-fw/fw/astep24-3l/common/astep24_3l_top.sv:342]
INFO: [Synth 8-6157] synthesizing module 'layers_readout_switched' [/home/daq/AstroPix/260225_dev_richard/astep-fw/fw/common/rtl/layers/layers_readout_switched.sv:8]
	Parameter LAYER_COUNT bound to: 3 - type: integer 
INFO: [Synth 8-6157] synthesizing module 'layer_if_a' [/home/daq/AstroPix/260225_dev_richard/astep-fw/fw/common/rtl/layers/layer_if_a.sv:3]
	Parameter LAYER_ID bound to: 1 - type: integer 
INFO: [Synth 8-6157] synthesizing module 'fifo_axis_2clk_spi_layer' [/home/daq/AstroPix/260225_dev_richard/astep-fw/fw/astep24-3l/target-multiboard/vivado-run/.Xil/Vivado-3820267-argon/realtime/fifo_axis_2clk_spi_layer_stub.v:6]
INFO: [Synth 8-6155] done synthesizing module 'fifo_axis_2clk_spi_layer' (0#1) [/home/daq/AstroPix/260225_dev_richard/astep-fw/fw/astep24-3l/target-multiboard/vivado-run/.Xil/Vivado-3820267-argon/realtime/fifo_axis_2clk_spi_layer_stub.v:6]
INFO: [Synth 8-6157] synthesizing module 'spi_axis_if_v2' [/home/daq/AstroPix/260225_dev_richard/astep-fw/fw/common/rtl/spi/spi_axis_if_v2.sv:3]
	Parameter QSPI bound to: 1 - type: integer 
INFO: [Synth 8-6155] done synthesizing module 'spi_axis_if_v2' (0#1) [/home/daq/AstroPix/260225_dev_richard/astep-fw/fw/common/rtl/spi/spi_axis_if_v2.sv:3]
INFO: [Synth 8-6157] synthesizing module 'astropix_spi_protocol_av1' [/home/daq/AstroPix/260225_dev_richard/astep-fw/fw/common/rtl/layers/astropix_spi_protocol_av1.sv:7]
	Parameter LAYER_ID bound to: 1 - type: integer 
INFO: [Synth 8-6155] done synthesizing module 'astropix_spi_protocol_av1' (0#1) [/home/daq/AstroPix/260225_dev_richard/astep-fw/fw/common/rtl/layers/astropix_spi_protocol_av1.sv:7]
INFO: [Synth 8-6155] done synthesizing module 'layer_if_a' (0#1) [/home/daq/AstroPix/260225_dev_richard/astep-fw/fw/common/rtl/layers/layer_if_a.sv:3]
INFO: [Synth 8-6157] synthesizing module 'layer_if_a__parameterized0' [/home/daq/AstroPix/260225_dev_richard/astep-fw/fw/common/rtl/layers/layer_if_a.sv:3]
	Parameter LAYER_ID bound to: 2 - type: integer 
INFO: [Synth 8-6157] synthesizing module 'astropix_spi_protocol_av1__parameterized0' [/home/daq/AstroPix/260225_dev_richard/astep-fw/fw/common/rtl/layers/astropix_spi_protocol_av1.sv:7]
	Parameter LAYER_ID bound to: 2 - type: integer 
INFO: [Synth 8-6155] done synthesizing module 'astropix_spi_protocol_av1__parameterized0' (0#1) [/home/daq/AstroPix/260225_dev_richard/astep-fw/fw/common/rtl/layers/astropix_spi_protocol_av1.sv:7]
INFO: [Synth 8-6155] done synthesizing module 'layer_if_a__parameterized0' (0#1) [/home/daq/AstroPix/260225_dev_richard/astep-fw/fw/common/rtl/layers/layer_if_a.sv:3]
INFO: [Synth 8-6157] synthesizing module 'layer_if_a__parameterized1' [/home/daq/AstroPix/260225_dev_richard/astep-fw/fw/common/rtl/layers/layer_if_a.sv:3]
	Parameter LAYER_ID bound to: 3 - type: integer 
INFO: [Synth 8-6157] synthesizing module 'astropix_spi_protocol_av1__parameterized1' [/home/daq/AstroPix/260225_dev_richard/astep-fw/fw/common/rtl/layers/astropix_spi_protocol_av1.sv:7]
	Parameter LAYER_ID bound to: 3 - type: integer 
INFO: [Synth 8-6155] done synthesizing module 'astropix_spi_protocol_av1__parameterized1' (0#1) [/home/daq/AstroPix/260225_dev_richard/astep-fw/fw/common/rtl/layers/astropix_spi_protocol_av1.sv:7]
INFO: [Synth 8-6155] done synthesizing module 'layer_if_a__parameterized1' (0#1) [/home/daq/AstroPix/260225_dev_richard/astep-fw/fw/common/rtl/layers/layer_if_a.sv:3]
INFO: [Synth 8-6157] synthesizing module 'axis_switch_layer_frame' [/home/daq/AstroPix/260225_dev_richard/astep-fw/fw/astep24-3l/target-multiboard/vivado-run/.Xil/Vivado-3820267-argon/realtime/axis_switch_layer_frame_stub.v:6]
INFO: [Synth 8-6155] done synthesizing module 'axis_switch_layer_frame' (0#1) [/home/daq/AstroPix/260225_dev_richard/astep-fw/fw/astep24-3l/target-multiboard/vivado-run/.Xil/Vivado-3820267-argon/realtime/axis_switch_layer_frame_stub.v:6]
INFO: [Synth 8-6157] synthesizing module 'fifo_axis_1clk_1kB' [/home/daq/AstroPix/260225_dev_richard/astep-fw/fw/astep24-3l/target-multiboard/vivado-run/.Xil/Vivado-3820267-argon/realtime/fifo_axis_1clk_1kB_stub.v:6]
INFO: [Synth 8-6155] done synthesizing module 'fifo_axis_1clk_1kB' (0#1) [/home/daq/AstroPix/260225_dev_richard/astep-fw/fw/astep24-3l/target-multiboard/vivado-run/.Xil/Vivado-3820267-argon/realtime/fifo_axis_1clk_1kB_stub.v:6]
INFO: [Synth 8-6155] done synthesizing module 'layers_readout_switched' (0#1) [/home/daq/AstroPix/260225_dev_richard/astep-fw/fw/common/rtl/layers/layers_readout_switched.sv:8]
INFO: [Synth 8-6157] synthesizing module 'sync_async_patgen' [/home/daq/AstroPix/260225_dev_richard/astep-fw/fw/common/rtl/layers/sync_async_patgen.sv:74]
INFO: [Synth 8-155] case statement is not full and has no default [/home/daq/AstroPix/260225_dev_richard/astep-fw/fw/common/rtl/layers/sync_async_patgen.sv:109]
INFO: [Synth 8-6155] done synthesizing module 'sync_async_patgen' (0#1) [/home/daq/AstroPix/260225_dev_richard/astep-fw/fw/common/rtl/layers/sync_async_patgen.sv:74]
INFO: [Synth 8-6157] synthesizing module 'housekeeping_main' [/home/daq/AstroPix/260225_dev_richard/astep-fw/fw/common/rtl/housekeeping/housekeeping_main.sv:7]
INFO: [Synth 8-6157] synthesizing module 'xadc_hk_driver' [/home/daq/AstroPix/260225_dev_richard/astep-fw/fw/common/rtl/housekeeping/xadc_hk_driver.sv:7]
INFO: [Synth 8-6157] synthesizing module 'xadc_astep' [/home/daq/AstroPix/260225_dev_richard/astep-fw/fw/astep24-3l/target-multiboard/vivado-run/.Xil/Vivado-3820267-argon/realtime/xadc_astep_stub.v:6]
INFO: [Synth 8-6155] done synthesizing module 'xadc_astep' (0#1) [/home/daq/AstroPix/260225_dev_richard/astep-fw/fw/astep24-3l/target-multiboard/vivado-run/.Xil/Vivado-3820267-argon/realtime/xadc_astep_stub.v:6]
INFO: [Synth 8-6157] synthesizing module 'xadc_driver_internal' [/home/daq/AstroPix/260225_dev_richard/astep-fw/fw/common/rtl/housekeeping/xadc_driver_internal.sv:7]
INFO: [Synth 8-6155] done synthesizing module 'xadc_driver_internal' (0#1) [/home/daq/AstroPix/260225_dev_richard/astep-fw/fw/common/rtl/housekeeping/xadc_driver_internal.sv:7]
INFO: [Synth 8-6155] done synthesizing module 'xadc_hk_driver' (0#1) [/home/daq/AstroPix/260225_dev_richard/astep-fw/fw/common/rtl/housekeeping/xadc_hk_driver.sv:7]
INFO: [Synth 8-6157] synthesizing module 'ext_adcdac_driver' [/home/daq/AstroPix/260225_dev_richard/astep-fw/fw/common/rtl/housekeeping/ext_adcdac_driver.sv:7]
INFO: [Synth 8-6157] synthesizing module 'fifo_axis_2clk_spi_hk' [/home/daq/AstroPix/260225_dev_richard/astep-fw/fw/astep24-3l/target-multiboard/vivado-run/.Xil/Vivado-3820267-argon/realtime/fifo_axis_2clk_spi_hk_stub.v:6]
INFO: [Synth 8-6155] done synthesizing module 'fifo_axis_2clk_spi_hk' (0#1) [/home/daq/AstroPix/260225_dev_richard/astep-fw/fw/astep24-3l/target-multiboard/vivado-run/.Xil/Vivado-3820267-argon/realtime/fifo_axis_2clk_spi_hk_stub.v:6]
INFO: [Synth 8-6157] synthesizing module 'spi_axis_if_v2__parameterized0' [/home/daq/AstroPix/260225_dev_richard/astep-fw/fw/common/rtl/spi/spi_axis_if_v2.sv:3]
	Parameter QSPI bound to: 0 - type: integer 
INFO: [Synth 8-6155] done synthesizing module 'spi_axis_if_v2__parameterized0' (0#1) [/home/daq/AstroPix/260225_dev_richard/astep-fw/fw/common/rtl/spi/spi_axis_if_v2.sv:3]
INFO: [Synth 8-6155] done synthesizing module 'ext_adcdac_driver' (0#1) [/home/daq/AstroPix/260225_dev_richard/astep-fw/fw/common/rtl/housekeeping/ext_adcdac_driver.sv:7]
INFO: [Synth 8-6155] done synthesizing module 'housekeeping_main' (0#1) [/home/daq/AstroPix/260225_dev_richard/astep-fw/fw/common/rtl/housekeeping/housekeeping_main.sv:7]
WARNING: [Synth 8-7071] port 'ext_spi_csn' of module 'housekeeping_main' is unconnected for instance 'housekeeping' [/home/daq/AstroPix/260225_dev_richard/astep-fw/fw/astep24-3l/common/astep24_3l_top.sv:756]
WARNING: [Synth 8-7023] instance 'housekeeping' of module 'housekeeping_main' has 25 connections declared, but only 24 given [/home/daq/AstroPix/260225_dev_richard/astep-fw/fw/astep24-3l/common/astep24_3l_top.sv:756]
INFO: [Synth 8-6157] synthesizing module 'loopback_spi_if' [/home/daq/AstroPix/260225_dev_richard/astep-fw/fw/common/rtl/asic_model/loopback_spi_if.sv:1]
INFO: [Synth 8-6157] synthesizing module 'spi_slave_axis_igress__parameterized0' [/home/daq/AstroPix/260225_dev_richard/astep-fw/fw/common/rtl/rfg/spi/spi_slave_axis_igress.sv:6]
	Parameter MSB_FIRST bound to: 0 - type: integer 
INFO: [Synth 8-6155] done synthesizing module 'spi_slave_axis_igress__parameterized0' (0#1) [/home/daq/AstroPix/260225_dev_richard/astep-fw/fw/common/rtl/rfg/spi/spi_slave_axis_igress.sv:6]
INFO: [Synth 8-6157] synthesizing module 'fifo_axis_2clk_spi_loopback' [/home/daq/AstroPix/260225_dev_richard/astep-fw/fw/astep24-3l/target-multiboard/vivado-run/.Xil/Vivado-3820267-argon/realtime/fifo_axis_2clk_spi_loopback_stub.v:6]
INFO: [Synth 8-6155] done synthesizing module 'fifo_axis_2clk_spi_loopback' (0#1) [/home/daq/AstroPix/260225_dev_richard/astep-fw/fw/astep24-3l/target-multiboard/vivado-run/.Xil/Vivado-3820267-argon/realtime/fifo_axis_2clk_spi_loopback_stub.v:6]
INFO: [Synth 8-6157] synthesizing module 'spi_slave_axis_egress__parameterized0' [/home/daq/AstroPix/260225_dev_richard/astep-fw/fw/common/rtl/rfg/spi/spi_slave_axis_egress.sv:11]
	Parameter ASYNC_RES bound to: 1 - type: integer 
	Parameter MSB_FIRST bound to: 0 - type: integer 
	Parameter MISO_SIZE bound to: 2 - type: integer 
INFO: [Synth 8-6155] done synthesizing module 'spi_slave_axis_egress__parameterized0' (0#1) [/home/daq/AstroPix/260225_dev_richard/astep-fw/fw/common/rtl/rfg/spi/spi_slave_axis_egress.sv:11]
INFO: [Synth 8-6155] done synthesizing module 'loopback_spi_if' (0#1) [/home/daq/AstroPix/260225_dev_richard/astep-fw/fw/common/rtl/asic_model/loopback_spi_if.sv:1]
INFO: [Synth 8-6157] synthesizing module 'tlu_client' [/home/daq/AstroPix/260225_dev_richard/astep-fw/fw/common/rtl/trigger/tlu_client.sv:1]
	Parameter TRIG_TS_WIDTH bound to: 64 - type: integer 
	Parameter TRIG_ID_WIDTH bound to: 32 - type: integer 
	Parameter BUSY_DURATION_WIDTH bound to: 16 - type: integer 
	Parameter TRIGGER_DELAY_WIDTH bound to: 16 - type: integer 
	Parameter USE_CHIPSCOPE_TLU bound to: 0 - type: integer 
INFO: [Synth 8-6155] done synthesizing module 'tlu_client' (0#1) [/home/daq/AstroPix/260225_dev_richard/astep-fw/fw/common/rtl/trigger/tlu_client.sv:1]
INFO: [Synth 8-6157] synthesizing module 'sr_readback_crc' [/home/daq/AstroPix/260225_dev_richard/astep-fw/fw/common/rtl/config/sr_readback_crc.sv:9]
INFO: [Synth 8-6157] synthesizing module 'crc_calc' [/home/daq/AstroPix/260225_dev_richard/astep-fw/fw/common/rtl/config/crc_calc.sv:6]
	Parameter POLY bound to: 64'b0000000000000000000000000000000000000100110000010001110110110111 
	Parameter CRC_SIZE bound to: 32'sb00000000000000000000000000100000 
	Parameter DATA_WIDTH bound to: 32'sb00000000000000000000000000001000 
	Parameter INIT bound to: 64'b0000000000000000000000000000000011111111111111111111111111111111 
	Parameter XOR_OUT bound to: 64'b0000000000000000000000000000000011111111111111111111111111111111 
INFO: [Synth 8-6155] done synthesizing module 'crc_calc' (0#1) [/home/daq/AstroPix/260225_dev_richard/astep-fw/fw/common/rtl/config/crc_calc.sv:6]
INFO: [Synth 8-6155] done synthesizing module 'sr_readback_crc' (0#1) [/home/daq/AstroPix/260225_dev_richard/astep-fw/fw/common/rtl/config/sr_readback_crc.sv:9]
INFO: [Synth 8-6155] done synthesizing module 'astep24_3l_top' (0#1) [/home/daq/AstroPix/260225_dev_richard/astep-fw/fw/astep24-3l/common/astep24_3l_top.sv:7]
WARNING: [Synth 8-7071] port 'io_aresn' of module 'astep24_3l_top' is unconnected for instance 'astep24_3l_top_I' [/home/daq/AstroPix/260225_dev_richard/astep-fw/fw/astep24-3l/target-multiboard/astep24_3l_multitarget_top.sv:580]
WARNING: [Synth 8-7071] port 'ext_timestamp_clk' of module 'astep24_3l_top' is unconnected for instance 'astep24_3l_top_I' [/home/daq/AstroPix/260225_dev_richard/astep-fw/fw/astep24-3l/target-multiboard/astep24_3l_multitarget_top.sv:580]
WARNING: [Synth 8-7023] instance 'astep24_3l_top_I' of module 'astep24_3l_top' has 81 connections declared, but only 79 given [/home/daq/AstroPix/260225_dev_richard/astep-fw/fw/astep24-3l/target-multiboard/astep24_3l_multitarget_top.sv:580]
INFO: [Synth 8-6155] done synthesizing module 'astep24_3l_multitarget_top' (0#1) [/home/daq/AstroPix/260225_dev_richard/astep-fw/fw/astep24-3l/target-multiboard/astep24_3l_multitarget_top.sv:7]
WARNING: [Synth 8-3848] Net master_synced_resn_out in module/entity resets_synchronizer does not have driver. [/home/daq/AstroPix/260225_dev_richard/astep-fw/fw/common/rtl/utilities/resets_synchronizer.sv:26]
WARNING: [Synth 8-6014] Unused sequential element core_locked_temp_reg was removed.  [/home/daq/AstroPix/260225_dev_richard/astep-fw/fw/astep24-3l/common/astep24_3l_top_clocking.sv:82]
WARNING: [Synth 8-3848] Net master_synced_resn_out in module/entity resets_synchronizer__parameterized0 does not have driver. [/home/daq/AstroPix/260225_dev_richard/astep-fw/fw/common/rtl/utilities/resets_synchronizer.sv:26]
WARNING: [Synth 8-6014] Unused sequential element ctrl_reg[sim_mode] was removed.  [/home/daq/AstroPix/260225_dev_richard/astep-fw/fw/common/rtl/rfg/uart/neorv32_uart_axis.vhd:146]
WARNING: [Synth 8-6014] Unused sequential element ctrl_reg[prsc] was removed.  [/home/daq/AstroPix/260225_dev_richard/astep-fw/fw/common/rtl/rfg/uart/neorv32_uart_axis.vhd:146]
WARNING: [Synth 8-6014] Unused sequential element ctrl_reg[irq_rx_nempty] was removed.  [/home/daq/AstroPix/260225_dev_richard/astep-fw/fw/common/rtl/rfg/uart/neorv32_uart_axis.vhd:146]
WARNING: [Synth 8-6014] Unused sequential element ctrl_reg[irq_rx_half] was removed.  [/home/daq/AstroPix/260225_dev_richard/astep-fw/fw/common/rtl/rfg/uart/neorv32_uart_axis.vhd:146]
WARNING: [Synth 8-6014] Unused sequential element ctrl_reg[irq_rx_full] was removed.  [/home/daq/AstroPix/260225_dev_richard/astep-fw/fw/common/rtl/rfg/uart/neorv32_uart_axis.vhd:146]
WARNING: [Synth 8-6014] Unused sequential element ctrl_reg[irq_tx_empty] was removed.  [/home/daq/AstroPix/260225_dev_richard/astep-fw/fw/common/rtl/rfg/uart/neorv32_uart_axis.vhd:146]
WARNING: [Synth 8-6014] Unused sequential element ctrl_reg[irq_tx_nhalf] was removed.  [/home/daq/AstroPix/260225_dev_richard/astep-fw/fw/common/rtl/rfg/uart/neorv32_uart_axis.vhd:146]
WARNING: [Synth 8-6014] Unused sequential element ctrl_reg[irq_tx_nfull] was removed.  [/home/daq/AstroPix/260225_dev_richard/astep-fw/fw/common/rtl/rfg/uart/neorv32_uart_axis.vhd:146]
WARNING: [Synth 8-6014] Unused sequential element ctrl_reg[clr_rx] was removed.  [/home/daq/AstroPix/260225_dev_richard/astep-fw/fw/common/rtl/rfg/uart/neorv32_uart_axis.vhd:146]
WARNING: [Synth 8-6014] Unused sequential element ctrl_reg[clr_tx] was removed.  [/home/daq/AstroPix/260225_dev_richard/astep-fw/fw/common/rtl/rfg/uart/neorv32_uart_axis.vhd:146]
WARNING: [Synth 8-6014] Unused sequential element tx_engine_reg[done] was removed.  [/home/daq/AstroPix/260225_dev_richard/astep-fw/fw/common/rtl/rfg/uart/neorv32_uart_axis.vhd:241]
WARNING: [Synth 8-6014] Unused sequential element rx_engine_reg[over] was removed.  [/home/daq/AstroPix/260225_dev_richard/astep-fw/fw/common/rtl/rfg/uart/neorv32_uart_axis.vhd:398]
WARNING: [Synth 8-7137] Register rcv_byte_reg in module spi_slave_axis_igress has both Set and reset with same priority. This may cause simulation mismatches. Consider rewriting code  [/home/daq/AstroPix/260225_dev_richard/astep-fw/fw/common/rtl/rfg/spi/spi_slave_axis_igress.sv:55]
WARNING: [Synth 8-7137] Register m_axis_tdata_reg in module spi_slave_axis_igress has both Set and reset with same priority. This may cause simulation mismatches. Consider rewriting code  [/home/daq/AstroPix/260225_dev_richard/astep-fw/fw/common/rtl/rfg/spi/spi_slave_axis_igress.sv:75]
WARNING: [Synth 8-7137] Register m_axis_tdata_reg in module rfg_axis_readout_framing has both Set and reset with same priority. This may cause simulation mismatches. Consider rewriting code  [/home/daq/AstroPix/260225_dev_richard/astep-fw/fw/common/rtl/rfg/protocol/rfg_axis_readout_framing.sv:54]
WARNING: [Synth 8-7137] Register buffer_reg in module rfg_axis_readout_framing has both Set and reset with same priority. This may cause simulation mismatches. Consider rewriting code  [/home/daq/AstroPix/260225_dev_richard/astep-fw/fw/common/rtl/rfg/protocol/rfg_axis_readout_framing.sv:55]
WARNING: [Synth 8-7137] Register egress_byte_reg in module spi_slave_axis_egress has both Set and reset with same priority. This may cause simulation mismatches. Consider rewriting code  [/home/daq/AstroPix/260225_dev_richard/astep-fw/fw/common/rtl/rfg/spi/spi_slave_axis_egress.sv:61]
WARNING: [Synth 8-7137] Register egress_byte_next_reg in module spi_slave_axis_egress has both Set and reset with same priority. This may cause simulation mismatches. Consider rewriting code  [/home/daq/AstroPix/260225_dev_richard/astep-fw/fw/common/rtl/rfg/spi/spi_slave_axis_egress.sv:96]
WARNING: [Synth 8-3848] Net spi_csn in module/entity layer_if_a does not have driver. [/home/daq/AstroPix/260225_dev_richard/astep-fw/fw/common/rtl/layers/layer_if_a.sv:24]
WARNING: [Synth 8-3848] Net spi_csn in module/entity layer_if_a__parameterized0 does not have driver. [/home/daq/AstroPix/260225_dev_richard/astep-fw/fw/common/rtl/layers/layer_if_a.sv:24]
WARNING: [Synth 8-3848] Net spi_csn in module/entity layer_if_a__parameterized1 does not have driver. [/home/daq/AstroPix/260225_dev_richard/astep-fw/fw/common/rtl/layers/layer_if_a.sv:24]
WARNING: [Synth 8-3848] Net ext_spi_csn in module/entity ext_adcdac_driver does not have driver. [/home/daq/AstroPix/260225_dev_richard/astep-fw/fw/common/rtl/housekeeping/ext_adcdac_driver.sv:22]
WARNING: [Synth 8-7137] Register rcv_byte_reg in module spi_slave_axis_igress__parameterized0 has both Set and reset with same priority. This may cause simulation mismatches. Consider rewriting code  [/home/daq/AstroPix/260225_dev_richard/astep-fw/fw/common/rtl/rfg/spi/spi_slave_axis_igress.sv:57]
WARNING: [Synth 8-7137] Register m_axis_tdata_reg in module spi_slave_axis_igress__parameterized0 has both Set and reset with same priority. This may cause simulation mismatches. Consider rewriting code  [/home/daq/AstroPix/260225_dev_richard/astep-fw/fw/common/rtl/rfg/spi/spi_slave_axis_igress.sv:75]
WARNING: [Synth 8-7137] Register egress_byte_reg in module spi_slave_axis_egress__parameterized0 has both Set and reset with same priority. This may cause simulation mismatches. Consider rewriting code  [/home/daq/AstroPix/260225_dev_richard/astep-fw/fw/common/rtl/rfg/spi/spi_slave_axis_egress.sv:73]
WARNING: [Synth 8-7137] Register egress_byte_next_reg in module spi_slave_axis_egress__parameterized0 has both Set and reset with same priority. This may cause simulation mismatches. Consider rewriting code  [/home/daq/AstroPix/260225_dev_richard/astep-fw/fw/common/rtl/rfg/spi/spi_slave_axis_egress.sv:96]
WARNING: [Synth 8-3848] Net io_aresn in module/entity astep24_3l_top does not have driver. [/home/daq/AstroPix/260225_dev_richard/astep-fw/fw/astep24-3l/common/astep24_3l_top.sv:30]
WARNING: [Synth 8-3848] Net led_internal in module/entity astep24_3l_multitarget_top does not have driver. [/home/daq/AstroPix/260225_dev_richard/astep-fw/fw/astep24-3l/target-multiboard/astep24_3l_multitarget_top.sv:359]
WARNING: [Synth 8-7129] Port clk2 in module sr_readback_crc is either unconnected or has no load
WARNING: [Synth 8-7129] Port ext_spi_csn in module ext_adcdac_driver is either unconnected or has no load
WARNING: [Synth 8-7129] Port adc_alarm_out in module xadc_driver_internal is either unconnected or has no load
WARNING: [Synth 8-7129] Port adc_busy_out in module xadc_driver_internal is either unconnected or has no load
WARNING: [Synth 8-7129] Port adc_channel_out[4] in module xadc_driver_internal is either unconnected or has no load
WARNING: [Synth 8-7129] Port adc_channel_out[3] in module xadc_driver_internal is either unconnected or has no load
WARNING: [Synth 8-7129] Port adc_channel_out[2] in module xadc_driver_internal is either unconnected or has no load
WARNING: [Synth 8-7129] Port adc_channel_out[1] in module xadc_driver_internal is either unconnected or has no load
WARNING: [Synth 8-7129] Port adc_channel_out[0] in module xadc_driver_internal is either unconnected or has no load
WARNING: [Synth 8-7129] Port adc_eoc_out in module xadc_driver_internal is either unconnected or has no load
WARNING: [Synth 8-7129] Port adc_eos_out in module xadc_driver_internal is either unconnected or has no load
WARNING: [Synth 8-7129] Port enable in module astropix_spi_protocol_av1__parameterized1 is either unconnected or has no load
WARNING: [Synth 8-7129] Port spi_csn in module layer_if_a__parameterized1 is either unconnected or has no load
WARNING: [Synth 8-7129] Port enable in module astropix_spi_protocol_av1__parameterized0 is either unconnected or has no load
WARNING: [Synth 8-7129] Port spi_csn in module layer_if_a__parameterized0 is either unconnected or has no load
WARNING: [Synth 8-7129] Port enable in module astropix_spi_protocol_av1 is either unconnected or has no load
WARNING: [Synth 8-7129] Port spi_csn in module layer_if_a is either unconnected or has no load
WARNING: [Synth 8-7129] Port hk_adcdac_mosi_fifo_m_axis_tready in module main_rfg is either unconnected or has no load
WARNING: [Synth 8-7129] Port layer_0_mosi_m_axis_tready in module main_rfg is either unconnected or has no load
WARNING: [Synth 8-7129] Port layer_1_mosi_m_axis_tready in module main_rfg is either unconnected or has no load
WARNING: [Synth 8-7129] Port layer_2_mosi_m_axis_tready in module main_rfg is either unconnected or has no load
WARNING: [Synth 8-7129] Port layer_0_loopback_miso_m_axis_tready in module main_rfg is either unconnected or has no load
WARNING: [Synth 8-7129] Port layer_1_loopback_miso_m_axis_tready in module main_rfg is either unconnected or has no load
WARNING: [Synth 8-7129] Port layer_2_loopback_miso_m_axis_tready in module main_rfg is either unconnected or has no load
WARNING: [Synth 8-7129] Port m_axis_tready in module ftdi_sync_fifo_axis is either unconnected or has no load
WARNING: [Synth 8-7129] Port clkgen_i[7] in module neorv32_uart_axis is either unconnected or has no load
WARNING: [Synth 8-7129] Port clkgen_i[6] in module neorv32_uart_axis is either unconnected or has no load
WARNING: [Synth 8-7129] Port clkgen_i[5] in module neorv32_uart_axis is either unconnected or has no load
WARNING: [Synth 8-7129] Port clkgen_i[4] in module neorv32_uart_axis is either unconnected or has no load
WARNING: [Synth 8-7129] Port clkgen_i[3] in module neorv32_uart_axis is either unconnected or has no load
WARNING: [Synth 8-7129] Port clkgen_i[2] in module neorv32_uart_axis is either unconnected or has no load
WARNING: [Synth 8-7129] Port clkgen_i[1] in module neorv32_uart_axis is either unconnected or has no load
WARNING: [Synth 8-7129] Port clkgen_i[0] in module neorv32_uart_axis is either unconnected or has no load
WARNING: [Synth 8-7129] Port clk_uart in module sw_ftdi245_spi_uart is either unconnected or has no load
WARNING: [Synth 8-7129] Port clk_uart_resn in module sw_ftdi245_spi_uart is either unconnected or has no load
WARNING: [Synth 8-7129] Port io_aresn in module astep24_3l_top is either unconnected or has no load
WARNING: [Synth 8-7129] Port ext_timestamp_clk in module astep24_3l_top is either unconnected or has no load
---------------------------------------------------------------------------------
Finished RTL Elaboration : Time (s): cpu = 00:00:08 ; elapsed = 00:00:08 . Memory (MB): peak = 3417.977 ; gain = 0.000 ; free physical = 150 ; free virtual = 49513
---------------------------------------------------------------------------------
---------------------------------------------------------------------------------
Start Handling Custom Attributes
---------------------------------------------------------------------------------
---------------------------------------------------------------------------------
Finished Handling Custom Attributes : Time (s): cpu = 00:00:08 ; elapsed = 00:00:08 . Memory (MB): peak = 3417.977 ; gain = 0.000 ; free physical = 153 ; free virtual = 49516
---------------------------------------------------------------------------------
---------------------------------------------------------------------------------
Finished RTL Optimization Phase 1 : Time (s): cpu = 00:00:08 ; elapsed = 00:00:08 . Memory (MB): peak = 3417.977 ; gain = 0.000 ; free physical = 153 ; free virtual = 49516
---------------------------------------------------------------------------------
Netlist sorting complete. Time (s): cpu = 00:00:00.07 ; elapsed = 00:00:00.06 . Memory (MB): peak = 3417.977 ; gain = 0.000 ; free physical = 158 ; free virtual = 49521
WARNING: [Netlist 29-345] The value of SIM_DEVICE on instance 'sample_clock_gate' of type 'BUFGCE' is 'ULTRASCALE'; it is being changed to match the current FPGA architecture, '7SERIES'. For functional simulation to match hardware behavior, the value of SIM_DEVICE should be changed in the source netlist. 
WARNING: [Netlist 29-345] The value of SIM_DEVICE on instance 'sample_clock_se_gate' of type 'BUFGCE' is 'ULTRASCALE'; it is being changed to match the current FPGA architecture, '7SERIES'. For functional simulation to match hardware behavior, the value of SIM_DEVICE should be changed in the source netlist. 
WARNING: [Netlist 29-345] The value of SIM_DEVICE on instance 'timestamp_clk_mux' of type 'BUFGCTRL' is 'ULTRASCALE'; it is being changed to match the current FPGA architecture, '7SERIES'. For functional simulation to match hardware behavior, the value of SIM_DEVICE should be changed in the source netlist. 
INFO: [Netlist 29-17] Analyzing 3 Unisim elements for replacement
INFO: [Netlist 29-28] Unisim Transformation completed in 0 CPU seconds
INFO: [Project 1-570] Preparing netlist for logic optimization

Processing XDC Constraints
Initializing timing engine
Parsing XDC File [/home/daq/AstroPix/260225_dev_richard/astep-fw/fw/astep24-3l/target-multiboard/vivado-run/astropix-cmodr2_3_CONFIG_SE.gen/sources_1/ip/axis_switch_layer_frame/axis_switch_layer_frame/axis_switch_layer_frame_in_context.xdc] for cell 'astep24_3l_top_I/switched_readout/axis_switch_layer_frame_I'
Finished Parsing XDC File [/home/daq/AstroPix/260225_dev_richard/astep-fw/fw/astep24-3l/target-multiboard/vivado-run/astropix-cmodr2_3_CONFIG_SE.gen/sources_1/ip/axis_switch_layer_frame/axis_switch_layer_frame/axis_switch_layer_frame_in_context.xdc] for cell 'astep24_3l_top_I/switched_readout/axis_switch_layer_frame_I'
Parsing XDC File [/home/daq/AstroPix/260225_dev_richard/astep-fw/fw/astep24-3l/target-multiboard/vivado-run/astropix-cmodr2_3_CONFIG_SE.gen/sources_1/ip/axis_switch_swifs/axis_switch_swifs/axis_switch_swifs_in_context.xdc] for cell 'astep24_3l_top_I/sw_if/axis_switch_swifs_I'
Finished Parsing XDC File [/home/daq/AstroPix/260225_dev_richard/astep-fw/fw/astep24-3l/target-multiboard/vivado-run/astropix-cmodr2_3_CONFIG_SE.gen/sources_1/ip/axis_switch_swifs/axis_switch_swifs/axis_switch_swifs_in_context.xdc] for cell 'astep24_3l_top_I/sw_if/axis_switch_swifs_I'
Parsing XDC File [/home/daq/AstroPix/260225_dev_richard/astep-fw/fw/astep24-3l/target-multiboard/vivado-run/astropix-cmodr2_3_CONFIG_SE.gen/sources_1/ip/clk_core_extorint_40/clk_core_extorint_40/clk_core_extorint_40_in_context.xdc] for cell 'astep24_3l_top_I/clocking_reset_I/intern_or_ext_to_internal'
Finished Parsing XDC File [/home/daq/AstroPix/260225_dev_richard/astep-fw/fw/astep24-3l/target-multiboard/vivado-run/astropix-cmodr2_3_CONFIG_SE.gen/sources_1/ip/clk_core_extorint_40/clk_core_extorint_40/clk_core_extorint_40_in_context.xdc] for cell 'astep24_3l_top_I/clocking_reset_I/intern_or_ext_to_internal'
Parsing XDC File [/home/daq/AstroPix/260225_dev_richard/astep-fw/fw/astep24-3l/target-multiboard/vivado-run/astropix-cmodr2_3_CONFIG_SE.gen/sources_1/ip/clk_sys_to_40/clk_sys_to_40/clk_sys_to_40_in_context.xdc] for cell 'astep24_3l_top_I/clocking_reset_I/sys_to_40'
Finished Parsing XDC File [/home/daq/AstroPix/260225_dev_richard/astep-fw/fw/astep24-3l/target-multiboard/vivado-run/astropix-cmodr2_3_CONFIG_SE.gen/sources_1/ip/clk_sys_to_40/clk_sys_to_40/clk_sys_to_40_in_context.xdc] for cell 'astep24_3l_top_I/clocking_reset_I/sys_to_40'
Parsing XDC File [/home/daq/AstroPix/260225_dev_richard/astep-fw/fw/astep24-3l/target-multiboard/vivado-run/astropix-cmodr2_3_CONFIG_SE.gen/sources_1/ip/fifo_axis_1clk_1kB/fifo_axis_1clk_1kB/fifo_axis_1clk_1kB_in_context.xdc] for cell 'astep24_3l_top_I/switched_readout/frames_buffer'
Finished Parsing XDC File [/home/daq/AstroPix/260225_dev_richard/astep-fw/fw/astep24-3l/target-multiboard/vivado-run/astropix-cmodr2_3_CONFIG_SE.gen/sources_1/ip/fifo_axis_1clk_1kB/fifo_axis_1clk_1kB/fifo_axis_1clk_1kB_in_context.xdc] for cell 'astep24_3l_top_I/switched_readout/frames_buffer'
Parsing XDC File [/home/daq/AstroPix/260225_dev_richard/astep-fw/fw/astep24-3l/target-multiboard/vivado-run/astropix-cmodr2_3_CONFIG_SE.gen/sources_1/ip/fifo_axis_1clk_1kB/fifo_axis_1clk_1kB/fifo_axis_1clk_1kB_in_context.xdc] for cell 'astep24_3l_top_I/sr_readback_bytes_fifo'
Finished Parsing XDC File [/home/daq/AstroPix/260225_dev_richard/astep-fw/fw/astep24-3l/target-multiboard/vivado-run/astropix-cmodr2_3_CONFIG_SE.gen/sources_1/ip/fifo_axis_1clk_1kB/fifo_axis_1clk_1kB/fifo_axis_1clk_1kB_in_context.xdc] for cell 'astep24_3l_top_I/sr_readback_bytes_fifo'
Parsing XDC File [/home/daq/AstroPix/260225_dev_richard/astep-fw/fw/astep24-3l/target-multiboard/vivado-run/astropix-cmodr2_3_CONFIG_SE.gen/sources_1/ip/fifo_axis_1clk_8x64/fifo_axis_1clk_8x64/fifo_axis_1clk_8x64_in_context.xdc] for cell 'astep24_3l_top_I/sw_if/uart_igress_fifo'
Finished Parsing XDC File [/home/daq/AstroPix/260225_dev_richard/astep-fw/fw/astep24-3l/target-multiboard/vivado-run/astropix-cmodr2_3_CONFIG_SE.gen/sources_1/ip/fifo_axis_1clk_8x64/fifo_axis_1clk_8x64/fifo_axis_1clk_8x64_in_context.xdc] for cell 'astep24_3l_top_I/sw_if/uart_igress_fifo'
Parsing XDC File [/home/daq/AstroPix/260225_dev_richard/astep-fw/fw/astep24-3l/target-multiboard/vivado-run/astropix-cmodr2_3_CONFIG_SE.gen/sources_1/ip/fifo_axis_1clk_8x64/fifo_axis_1clk_8x64/fifo_axis_1clk_8x64_in_context.xdc] for cell 'astep24_3l_top_I/sw_if/uart_egress_fifo'
Finished Parsing XDC File [/home/daq/AstroPix/260225_dev_richard/astep-fw/fw/astep24-3l/target-multiboard/vivado-run/astropix-cmodr2_3_CONFIG_SE.gen/sources_1/ip/fifo_axis_1clk_8x64/fifo_axis_1clk_8x64/fifo_axis_1clk_8x64_in_context.xdc] for cell 'astep24_3l_top_I/sw_if/uart_egress_fifo'
Parsing XDC File [/home/daq/AstroPix/260225_dev_richard/astep-fw/fw/astep24-3l/target-multiboard/vivado-run/astropix-cmodr2_3_CONFIG_SE.gen/sources_1/ip/fifo_axis_2clk_spi_hk/fifo_axis_2clk_spi_hk/fifo_axis_2clk_spi_hk_in_context.xdc] for cell 'astep24_3l_top_I/housekeeping/ext_adcdac_driver/mosi_fifo'
Finished Parsing XDC File [/home/daq/AstroPix/260225_dev_richard/astep-fw/fw/astep24-3l/target-multiboard/vivado-run/astropix-cmodr2_3_CONFIG_SE.gen/sources_1/ip/fifo_axis_2clk_spi_hk/fifo_axis_2clk_spi_hk/fifo_axis_2clk_spi_hk_in_context.xdc] for cell 'astep24_3l_top_I/housekeeping/ext_adcdac_driver/mosi_fifo'
Parsing XDC File [/home/daq/AstroPix/260225_dev_richard/astep-fw/fw/astep24-3l/target-multiboard/vivado-run/astropix-cmodr2_3_CONFIG_SE.gen/sources_1/ip/fifo_axis_2clk_spi_hk/fifo_axis_2clk_spi_hk/fifo_axis_2clk_spi_hk_in_context.xdc] for cell 'astep24_3l_top_I/housekeeping/ext_adcdac_driver/miso_fifo'
Finished Parsing XDC File [/home/daq/AstroPix/260225_dev_richard/astep-fw/fw/astep24-3l/target-multiboard/vivado-run/astropix-cmodr2_3_CONFIG_SE.gen/sources_1/ip/fifo_axis_2clk_spi_hk/fifo_axis_2clk_spi_hk/fifo_axis_2clk_spi_hk_in_context.xdc] for cell 'astep24_3l_top_I/housekeeping/ext_adcdac_driver/miso_fifo'
Parsing XDC File [/home/daq/AstroPix/260225_dev_richard/astep-fw/fw/astep24-3l/target-multiboard/vivado-run/astropix-cmodr2_3_CONFIG_SE.gen/sources_1/ip/fifo_axis_2clk_spi_layer/fifo_axis_2clk_spi_layer/fifo_axis_2clk_spi_layer_in_context.xdc] for cell 'astep24_3l_top_I/switched_readout/genblk1[0].layer_if_I/mosi_fifo'
Finished Parsing XDC File [/home/daq/AstroPix/260225_dev_richard/astep-fw/fw/astep24-3l/target-multiboard/vivado-run/astropix-cmodr2_3_CONFIG_SE.gen/sources_1/ip/fifo_axis_2clk_spi_layer/fifo_axis_2clk_spi_layer/fifo_axis_2clk_spi_layer_in_context.xdc] for cell 'astep24_3l_top_I/switched_readout/genblk1[0].layer_if_I/mosi_fifo'
Parsing XDC File [/home/daq/AstroPix/260225_dev_richard/astep-fw/fw/astep24-3l/target-multiboard/vivado-run/astropix-cmodr2_3_CONFIG_SE.gen/sources_1/ip/fifo_axis_2clk_spi_layer/fifo_axis_2clk_spi_layer/fifo_axis_2clk_spi_layer_in_context.xdc] for cell 'astep24_3l_top_I/switched_readout/genblk1[0].layer_if_I/miso_fifo'
Finished Parsing XDC File [/home/daq/AstroPix/260225_dev_richard/astep-fw/fw/astep24-3l/target-multiboard/vivado-run/astropix-cmodr2_3_CONFIG_SE.gen/sources_1/ip/fifo_axis_2clk_spi_layer/fifo_axis_2clk_spi_layer/fifo_axis_2clk_spi_layer_in_context.xdc] for cell 'astep24_3l_top_I/switched_readout/genblk1[0].layer_if_I/miso_fifo'
Parsing XDC File [/home/daq/AstroPix/260225_dev_richard/astep-fw/fw/astep24-3l/target-multiboard/vivado-run/astropix-cmodr2_3_CONFIG_SE.gen/sources_1/ip/fifo_axis_2clk_spi_layer/fifo_axis_2clk_spi_layer/fifo_axis_2clk_spi_layer_in_context.xdc] for cell 'astep24_3l_top_I/switched_readout/genblk1[1].layer_if_I/mosi_fifo'
Finished Parsing XDC File [/home/daq/AstroPix/260225_dev_richard/astep-fw/fw/astep24-3l/target-multiboard/vivado-run/astropix-cmodr2_3_CONFIG_SE.gen/sources_1/ip/fifo_axis_2clk_spi_layer/fifo_axis_2clk_spi_layer/fifo_axis_2clk_spi_layer_in_context.xdc] for cell 'astep24_3l_top_I/switched_readout/genblk1[1].layer_if_I/mosi_fifo'
Parsing XDC File [/home/daq/AstroPix/260225_dev_richard/astep-fw/fw/astep24-3l/target-multiboard/vivado-run/astropix-cmodr2_3_CONFIG_SE.gen/sources_1/ip/fifo_axis_2clk_spi_layer/fifo_axis_2clk_spi_layer/fifo_axis_2clk_spi_layer_in_context.xdc] for cell 'astep24_3l_top_I/switched_readout/genblk1[1].layer_if_I/miso_fifo'
Finished Parsing XDC File [/home/daq/AstroPix/260225_dev_richard/astep-fw/fw/astep24-3l/target-multiboard/vivado-run/astropix-cmodr2_3_CONFIG_SE.gen/sources_1/ip/fifo_axis_2clk_spi_layer/fifo_axis_2clk_spi_layer/fifo_axis_2clk_spi_layer_in_context.xdc] for cell 'astep24_3l_top_I/switched_readout/genblk1[1].layer_if_I/miso_fifo'
Parsing XDC File [/home/daq/AstroPix/260225_dev_richard/astep-fw/fw/astep24-3l/target-multiboard/vivado-run/astropix-cmodr2_3_CONFIG_SE.gen/sources_1/ip/fifo_axis_2clk_spi_layer/fifo_axis_2clk_spi_layer/fifo_axis_2clk_spi_layer_in_context.xdc] for cell 'astep24_3l_top_I/switched_readout/genblk1[2].layer_if_I/mosi_fifo'
Finished Parsing XDC File [/home/daq/AstroPix/260225_dev_richard/astep-fw/fw/astep24-3l/target-multiboard/vivado-run/astropix-cmodr2_3_CONFIG_SE.gen/sources_1/ip/fifo_axis_2clk_spi_layer/fifo_axis_2clk_spi_layer/fifo_axis_2clk_spi_layer_in_context.xdc] for cell 'astep24_3l_top_I/switched_readout/genblk1[2].layer_if_I/mosi_fifo'
Parsing XDC File [/home/daq/AstroPix/260225_dev_richard/astep-fw/fw/astep24-3l/target-multiboard/vivado-run/astropix-cmodr2_3_CONFIG_SE.gen/sources_1/ip/fifo_axis_2clk_spi_layer/fifo_axis_2clk_spi_layer/fifo_axis_2clk_spi_layer_in_context.xdc] for cell 'astep24_3l_top_I/switched_readout/genblk1[2].layer_if_I/miso_fifo'
Finished Parsing XDC File [/home/daq/AstroPix/260225_dev_richard/astep-fw/fw/astep24-3l/target-multiboard/vivado-run/astropix-cmodr2_3_CONFIG_SE.gen/sources_1/ip/fifo_axis_2clk_spi_layer/fifo_axis_2clk_spi_layer/fifo_axis_2clk_spi_layer_in_context.xdc] for cell 'astep24_3l_top_I/switched_readout/genblk1[2].layer_if_I/miso_fifo'
Parsing XDC File [/home/daq/AstroPix/260225_dev_richard/astep-fw/fw/astep24-3l/target-multiboard/vivado-run/astropix-cmodr2_3_CONFIG_SE.gen/sources_1/ip/fifo_axis_2clk_spi_loopback/fifo_axis_2clk_spi_loopback/fifo_axis_2clk_spi_loopback_in_context.xdc] for cell 'astep24_3l_top_I/loopback_spi_layer_0/spi_igress_fifo'
Finished Parsing XDC File [/home/daq/AstroPix/260225_dev_richard/astep-fw/fw/astep24-3l/target-multiboard/vivado-run/astropix-cmodr2_3_CONFIG_SE.gen/sources_1/ip/fifo_axis_2clk_spi_loopback/fifo_axis_2clk_spi_loopback/fifo_axis_2clk_spi_loopback_in_context.xdc] for cell 'astep24_3l_top_I/loopback_spi_layer_0/spi_igress_fifo'
Parsing XDC File [/home/daq/AstroPix/260225_dev_richard/astep-fw/fw/astep24-3l/target-multiboard/vivado-run/astropix-cmodr2_3_CONFIG_SE.gen/sources_1/ip/fifo_axis_2clk_spi_loopback/fifo_axis_2clk_spi_loopback/fifo_axis_2clk_spi_loopback_in_context.xdc] for cell 'astep24_3l_top_I/loopback_spi_layer_0/miso_fifo'
Finished Parsing XDC File [/home/daq/AstroPix/260225_dev_richard/astep-fw/fw/astep24-3l/target-multiboard/vivado-run/astropix-cmodr2_3_CONFIG_SE.gen/sources_1/ip/fifo_axis_2clk_spi_loopback/fifo_axis_2clk_spi_loopback/fifo_axis_2clk_spi_loopback_in_context.xdc] for cell 'astep24_3l_top_I/loopback_spi_layer_0/miso_fifo'
Parsing XDC File [/home/daq/AstroPix/260225_dev_richard/astep-fw/fw/astep24-3l/target-multiboard/vivado-run/astropix-cmodr2_3_CONFIG_SE.gen/sources_1/ip/fifo_axis_2clk_spi_loopback/fifo_axis_2clk_spi_loopback/fifo_axis_2clk_spi_loopback_in_context.xdc] for cell 'astep24_3l_top_I/loopback_spi_layer_1/spi_igress_fifo'
Finished Parsing XDC File [/home/daq/AstroPix/260225_dev_richard/astep-fw/fw/astep24-3l/target-multiboard/vivado-run/astropix-cmodr2_3_CONFIG_SE.gen/sources_1/ip/fifo_axis_2clk_spi_loopback/fifo_axis_2clk_spi_loopback/fifo_axis_2clk_spi_loopback_in_context.xdc] for cell 'astep24_3l_top_I/loopback_spi_layer_1/spi_igress_fifo'
Parsing XDC File [/home/daq/AstroPix/260225_dev_richard/astep-fw/fw/astep24-3l/target-multiboard/vivado-run/astropix-cmodr2_3_CONFIG_SE.gen/sources_1/ip/fifo_axis_2clk_spi_loopback/fifo_axis_2clk_spi_loopback/fifo_axis_2clk_spi_loopback_in_context.xdc] for cell 'astep24_3l_top_I/loopback_spi_layer_1/miso_fifo'
Finished Parsing XDC File [/home/daq/AstroPix/260225_dev_richard/astep-fw/fw/astep24-3l/target-multiboard/vivado-run/astropix-cmodr2_3_CONFIG_SE.gen/sources_1/ip/fifo_axis_2clk_spi_loopback/fifo_axis_2clk_spi_loopback/fifo_axis_2clk_spi_loopback_in_context.xdc] for cell 'astep24_3l_top_I/loopback_spi_layer_1/miso_fifo'
Parsing XDC File [/home/daq/AstroPix/260225_dev_richard/astep-fw/fw/astep24-3l/target-multiboard/vivado-run/astropix-cmodr2_3_CONFIG_SE.gen/sources_1/ip/fifo_axis_2clk_spi_loopback/fifo_axis_2clk_spi_loopback/fifo_axis_2clk_spi_loopback_in_context.xdc] for cell 'astep24_3l_top_I/loopback_spi_layer_2/spi_igress_fifo'
Finished Parsing XDC File [/home/daq/AstroPix/260225_dev_richard/astep-fw/fw/astep24-3l/target-multiboard/vivado-run/astropix-cmodr2_3_CONFIG_SE.gen/sources_1/ip/fifo_axis_2clk_spi_loopback/fifo_axis_2clk_spi_loopback/fifo_axis_2clk_spi_loopback_in_context.xdc] for cell 'astep24_3l_top_I/loopback_spi_layer_2/spi_igress_fifo'
Parsing XDC File [/home/daq/AstroPix/260225_dev_richard/astep-fw/fw/astep24-3l/target-multiboard/vivado-run/astropix-cmodr2_3_CONFIG_SE.gen/sources_1/ip/fifo_axis_2clk_spi_loopback/fifo_axis_2clk_spi_loopback/fifo_axis_2clk_spi_loopback_in_context.xdc] for cell 'astep24_3l_top_I/loopback_spi_layer_2/miso_fifo'
Finished Parsing XDC File [/home/daq/AstroPix/260225_dev_richard/astep-fw/fw/astep24-3l/target-multiboard/vivado-run/astropix-cmodr2_3_CONFIG_SE.gen/sources_1/ip/fifo_axis_2clk_spi_loopback/fifo_axis_2clk_spi_loopback/fifo_axis_2clk_spi_loopback_in_context.xdc] for cell 'astep24_3l_top_I/loopback_spi_layer_2/miso_fifo'
Parsing XDC File [/home/daq/AstroPix/260225_dev_richard/astep-fw/fw/astep24-3l/target-multiboard/vivado-run/astropix-cmodr2_3_CONFIG_SE.gen/sources_1/ip/fifo_axis_2clk_sw_io_16e/fifo_axis_2clk_sw_io_16e/fifo_axis_2clk_sw_io_16e_in_context.xdc] for cell 'astep24_3l_top_I/sw_if/spi_igress_fifo'
Finished Parsing XDC File [/home/daq/AstroPix/260225_dev_richard/astep-fw/fw/astep24-3l/target-multiboard/vivado-run/astropix-cmodr2_3_CONFIG_SE.gen/sources_1/ip/fifo_axis_2clk_sw_io_16e/fifo_axis_2clk_sw_io_16e/fifo_axis_2clk_sw_io_16e_in_context.xdc] for cell 'astep24_3l_top_I/sw_if/spi_igress_fifo'
Parsing XDC File [/home/daq/AstroPix/260225_dev_richard/astep-fw/fw/astep24-3l/target-multiboard/vivado-run/astropix-cmodr2_3_CONFIG_SE.gen/sources_1/ip/fifo_axis_2clk_sw_io_16e/fifo_axis_2clk_sw_io_16e/fifo_axis_2clk_sw_io_16e_in_context.xdc] for cell 'astep24_3l_top_I/sw_if/spi_egress_fifo'
Finished Parsing XDC File [/home/daq/AstroPix/260225_dev_richard/astep-fw/fw/astep24-3l/target-multiboard/vivado-run/astropix-cmodr2_3_CONFIG_SE.gen/sources_1/ip/fifo_axis_2clk_sw_io_16e/fifo_axis_2clk_sw_io_16e/fifo_axis_2clk_sw_io_16e_in_context.xdc] for cell 'astep24_3l_top_I/sw_if/spi_egress_fifo'
Parsing XDC File [/home/daq/AstroPix/260225_dev_richard/astep-fw/fw/astep24-3l/target-multiboard/vivado-run/astropix-cmodr2_3_CONFIG_SE.gen/sources_1/ip/fifo_axis_2clk_sw_io_16e/fifo_axis_2clk_sw_io_16e/fifo_axis_2clk_sw_io_16e_in_context.xdc] for cell 'astep24_3l_top_I/sw_if/ftdi_igress_fifo'
Finished Parsing XDC File [/home/daq/AstroPix/260225_dev_richard/astep-fw/fw/astep24-3l/target-multiboard/vivado-run/astropix-cmodr2_3_CONFIG_SE.gen/sources_1/ip/fifo_axis_2clk_sw_io_16e/fifo_axis_2clk_sw_io_16e/fifo_axis_2clk_sw_io_16e_in_context.xdc] for cell 'astep24_3l_top_I/sw_if/ftdi_igress_fifo'
Parsing XDC File [/home/daq/AstroPix/260225_dev_richard/astep-fw/fw/astep24-3l/target-multiboard/vivado-run/astropix-cmodr2_3_CONFIG_SE.gen/sources_1/ip/fifo_axis_2clk_sw_io_16e/fifo_axis_2clk_sw_io_16e/fifo_axis_2clk_sw_io_16e_in_context.xdc] for cell 'astep24_3l_top_I/sw_if/ftdi_egress_fifo'
Finished Parsing XDC File [/home/daq/AstroPix/260225_dev_richard/astep-fw/fw/astep24-3l/target-multiboard/vivado-run/astropix-cmodr2_3_CONFIG_SE.gen/sources_1/ip/fifo_axis_2clk_sw_io_16e/fifo_axis_2clk_sw_io_16e/fifo_axis_2clk_sw_io_16e_in_context.xdc] for cell 'astep24_3l_top_I/sw_if/ftdi_egress_fifo'
Parsing XDC File [/home/daq/AstroPix/260225_dev_richard/astep-fw/fw/astep24-3l/target-multiboard/vivado-run/astropix-cmodr2_3_CONFIG_SE.gen/sources_1/ip/xadc_astep/xadc_astep/xadc_astep_in_context.xdc] for cell 'astep24_3l_top_I/housekeeping/xadc_hk_driver_I/xadc'
Finished Parsing XDC File [/home/daq/AstroPix/260225_dev_richard/astep-fw/fw/astep24-3l/target-multiboard/vivado-run/astropix-cmodr2_3_CONFIG_SE.gen/sources_1/ip/xadc_astep/xadc_astep/xadc_astep_in_context.xdc] for cell 'astep24_3l_top_I/housekeeping/xadc_hk_driver_I/xadc'
Sourcing Tcl File [/home/daq/AstroPix/260225_dev_richard/astep-fw/fw/astep24-3l/common/astep24_3layers_constraints.xdc.tcl]
INFO: [Constraints 18-483] create_clock: no pin(s)/port(s)/net(s) specified as objects, only virtual clock 'async_io_dummy_clk' will be created. If you don't want this, please specify pin(s)/ports(s)/net(s) as objects to the command. [/home/daq/AstroPix/260225_dev_richard/astep-fw/fw/astep24-3l/common/astep24_3layers_constraints.xdc.tcl:9]
WARNING: [Vivado 12-584] No ports matched 'gecco_inj*'. [/home/daq/AstroPix/260225_dev_richard/astep-fw/fw/astep24-3l/common/astep24_3layers_constraints.xdc.tcl:16]
WARNING: [Vivado 12-584] No ports matched 'gecco_sr*'. [/home/daq/AstroPix/260225_dev_richard/astep-fw/fw/astep24-3l/common/astep24_3layers_constraints.xdc.tcl:16]
WARNING: [Vivado 12-584] No ports matched 'gecco_inj*'. [/home/daq/AstroPix/260225_dev_richard/astep-fw/fw/astep24-3l/common/astep24_3layers_constraints.xdc.tcl:17]
WARNING: [Vivado 12-584] No ports matched 'gecco_sr*'. [/home/daq/AstroPix/260225_dev_richard/astep-fw/fw/astep24-3l/common/astep24_3layers_constraints.xdc.tcl:17]
WARNING: [Vivado 12-584] No ports matched 'sw*'. [/home/daq/AstroPix/260225_dev_richard/astep-fw/fw/astep24-3l/common/astep24_3layers_constraints.xdc.tcl:19]
WARNING: [Vivado 12-584] No ports matched 'btn*'. [/home/daq/AstroPix/260225_dev_richard/astep-fw/fw/astep24-3l/common/astep24_3layers_constraints.xdc.tcl:19]
WARNING: [Vivado 12-584] No ports matched 'sw*'. [/home/daq/AstroPix/260225_dev_richard/astep-fw/fw/astep24-3l/common/astep24_3layers_constraints.xdc.tcl:20]
WARNING: [Vivado 12-584] No ports matched 'btn*'. [/home/daq/AstroPix/260225_dev_richard/astep-fw/fw/astep24-3l/common/astep24_3layers_constraints.xdc.tcl:20]
WARNING: [Vivado 12-584] No ports matched 'sw*'. [/home/daq/AstroPix/260225_dev_richard/astep-fw/fw/astep24-3l/common/astep24_3layers_constraints.xdc.tcl:22]
WARNING: [Vivado 12-584] No ports matched 'btn*'. [/home/daq/AstroPix/260225_dev_richard/astep-fw/fw/astep24-3l/common/astep24_3layers_constraints.xdc.tcl:22]
WARNING: [Vivado 12-584] No ports matched 'gecco_inj*'. [/home/daq/AstroPix/260225_dev_richard/astep-fw/fw/astep24-3l/common/astep24_3layers_constraints.xdc.tcl:23]
WARNING: [Vivado 12-584] No ports matched 'gecco_sr*'. [/home/daq/AstroPix/260225_dev_richard/astep-fw/fw/astep24-3l/common/astep24_3layers_constraints.xdc.tcl:23]
Finished Sourcing Tcl File [/home/daq/AstroPix/260225_dev_richard/astep-fw/fw/astep24-3l/common/astep24_3layers_constraints.xdc.tcl]
INFO: [Project 1-236] Implementation specific constraints were found while reading constraint file [/home/daq/AstroPix/260225_dev_richard/astep-fw/fw/astep24-3l/common/astep24_3layers_constraints.xdc.tcl]. These constraints will be ignored for synthesis but will be used in implementation. Impacted constraints are listed in the file [.Xil/astep24_3l_multitarget_top_propImpl.xdc].
Resolution: To avoid this warning, move constraints listed in [.Xil/astep24_3l_multitarget_top_propImpl.xdc] to another XDC file and exclude this new file from synthesis with the used_in_synthesis property (File Properties dialog in GUI) and re-run elaboration/synthesis.
Sourcing Tcl File [/home/daq/AstroPix/260225_dev_richard/astep-fw/fw/astep24-3l/target-multiboard/constraints.cmodr2.tcl]
Finished Sourcing Tcl File [/home/daq/AstroPix/260225_dev_richard/astep-fw/fw/astep24-3l/target-multiboard/constraints.cmodr2.tcl]
INFO: [Project 1-236] Implementation specific constraints were found while reading constraint file [/home/daq/AstroPix/260225_dev_richard/astep-fw/fw/astep24-3l/target-multiboard/constraints.cmodr2.tcl]. These constraints will be ignored for synthesis but will be used in implementation. Impacted constraints are listed in the file [.Xil/astep24_3l_multitarget_top_propImpl.xdc].
Resolution: To avoid this warning, move constraints listed in [.Xil/astep24_3l_multitarget_top_propImpl.xdc] to another XDC file and exclude this new file from synthesis with the used_in_synthesis property (File Properties dialog in GUI) and re-run elaboration/synthesis.
INFO: [Timing 38-2] Deriving generated clocks
Completed Processing XDC Constraints

Netlist sorting complete. Time (s): cpu = 00:00:00 ; elapsed = 00:00:00 . Memory (MB): peak = 3451.773 ; gain = 0.000 ; free physical = 205 ; free virtual = 49525
INFO: [Project 1-111] Unisim Transformation Summary:
  A total of 2 instances were transformed.
  BUFGCE => BUFGCTRL: 2 instances

Constraint Validation Runtime : Time (s): cpu = 00:00:00.03 ; elapsed = 00:00:00.02 . Memory (MB): peak = 3451.809 ; gain = 0.000 ; free physical = 205 ; free virtual = 49525
WARNING: [Timing 38-316] Clock period '50.000' specified during out-of-context synthesis of instance 'astep24_3l_top_I/housekeeping/xadc_hk_driver_I/xadc' at clock pin 'm_axis_aclk' is different from the actual clock period '12.500', this can lead to different synthesis results.
WARNING: [Timing 38-316] Clock period '100.000' specified during out-of-context synthesis of instance 'astep24_3l_top_I/sw_if/axis_switch_swifs_I' at clock pin 'aclk' is different from the actual clock period '12.500', this can lead to different synthesis results.
WARNING: [Timing 38-316] Clock period '100.000' specified during out-of-context synthesis of instance 'astep24_3l_top_I/switched_readout/axis_switch_layer_frame_I' at clock pin 'aclk' is different from the actual clock period '12.500', this can lead to different synthesis results.
---------------------------------------------------------------------------------
Finished Constraint Validation : Time (s): cpu = 00:00:15 ; elapsed = 00:00:15 . Memory (MB): peak = 3451.809 ; gain = 33.832 ; free physical = 224 ; free virtual = 49544
---------------------------------------------------------------------------------
---------------------------------------------------------------------------------
Start Loading Part and Timing Information
---------------------------------------------------------------------------------
Loading part: xc7a35tcpg236-1
---------------------------------------------------------------------------------
Finished Loading Part and Timing Information : Time (s): cpu = 00:00:15 ; elapsed = 00:00:15 . Memory (MB): peak = 3451.809 ; gain = 33.832 ; free physical = 224 ; free virtual = 49544
---------------------------------------------------------------------------------
---------------------------------------------------------------------------------
Start Applying 'set_property' XDC Constraints
---------------------------------------------------------------------------------
Applied set_property IO_BUFFER_TYPE = NONE for sysclk. (constraint file  /home/daq/AstroPix/260225_dev_richard/astep-fw/fw/astep24-3l/target-multiboard/vivado-run/astropix-cmodr2_3_CONFIG_SE.gen/sources_1/ip/clk_sys_to_40/clk_sys_to_40/clk_sys_to_40_in_context.xdc, line 3).
Applied set_property CLOCK_BUFFER_TYPE = NONE for sysclk. (constraint file  /home/daq/AstroPix/260225_dev_richard/astep-fw/fw/astep24-3l/target-multiboard/vivado-run/astropix-cmodr2_3_CONFIG_SE.gen/sources_1/ip/clk_sys_to_40/clk_sys_to_40/clk_sys_to_40_in_context.xdc, line 4).
Applied set_property KEEP_HIERARCHY = SOFT for astep24_3l_top_I/switched_readout/axis_switch_layer_frame_I. (constraint file  auto generated constraint).
Applied set_property KEEP_HIERARCHY = SOFT for astep24_3l_top_I/sw_if/axis_switch_swifs_I. (constraint file  auto generated constraint).
Applied set_property KEEP_HIERARCHY = SOFT for astep24_3l_top_I/clocking_reset_I/intern_or_ext_to_internal. (constraint file  auto generated constraint).
Applied set_property KEEP_HIERARCHY = SOFT for astep24_3l_top_I/clocking_reset_I/sys_to_40. (constraint file  auto generated constraint).
Applied set_property KEEP_HIERARCHY = SOFT for astep24_3l_top_I/switched_readout/frames_buffer. (constraint file  auto generated constraint).
Applied set_property KEEP_HIERARCHY = SOFT for astep24_3l_top_I/sr_readback_bytes_fifo. (constraint file  auto generated constraint).
Applied set_property KEEP_HIERARCHY = SOFT for astep24_3l_top_I/sw_if/uart_egress_fifo. (constraint file  auto generated constraint).
Applied set_property KEEP_HIERARCHY = SOFT for astep24_3l_top_I/sw_if/uart_igress_fifo. (constraint file  auto generated constraint).
Applied set_property KEEP_HIERARCHY = SOFT for astep24_3l_top_I/housekeeping/ext_adcdac_driver/miso_fifo. (constraint file  auto generated constraint).
Applied set_property KEEP_HIERARCHY = SOFT for astep24_3l_top_I/housekeeping/ext_adcdac_driver/mosi_fifo. (constraint file  auto generated constraint).
Applied set_property KEEP_HIERARCHY = SOFT for astep24_3l_top_I/switched_readout/\genblk1[0].layer_if_I /miso_fifo. (constraint file  auto generated constraint).
Applied set_property KEEP_HIERARCHY = SOFT for astep24_3l_top_I/switched_readout/\genblk1[1].layer_if_I /miso_fifo. (constraint file  auto generated constraint).
Applied set_property KEEP_HIERARCHY = SOFT for astep24_3l_top_I/switched_readout/\genblk1[2].layer_if_I /miso_fifo. (constraint file  auto generated constraint).
Applied set_property KEEP_HIERARCHY = SOFT for astep24_3l_top_I/switched_readout/\genblk1[0].layer_if_I /mosi_fifo. (constraint file  auto generated constraint).
Applied set_property KEEP_HIERARCHY = SOFT for astep24_3l_top_I/switched_readout/\genblk1[1].layer_if_I /mosi_fifo. (constraint file  auto generated constraint).
Applied set_property KEEP_HIERARCHY = SOFT for astep24_3l_top_I/switched_readout/\genblk1[2].layer_if_I /mosi_fifo. (constraint file  auto generated constraint).
Applied set_property KEEP_HIERARCHY = SOFT for astep24_3l_top_I/loopback_spi_layer_0/miso_fifo. (constraint file  auto generated constraint).
Applied set_property KEEP_HIERARCHY = SOFT for astep24_3l_top_I/loopback_spi_layer_1/miso_fifo. (constraint file  auto generated constraint).
Applied set_property KEEP_HIERARCHY = SOFT for astep24_3l_top_I/loopback_spi_layer_2/miso_fifo. (constraint file  auto generated constraint).
Applied set_property KEEP_HIERARCHY = SOFT for astep24_3l_top_I/loopback_spi_layer_0/spi_igress_fifo. (constraint file  auto generated constraint).
Applied set_property KEEP_HIERARCHY = SOFT for astep24_3l_top_I/loopback_spi_layer_1/spi_igress_fifo. (constraint file  auto generated constraint).
Applied set_property KEEP_HIERARCHY = SOFT for astep24_3l_top_I/loopback_spi_layer_2/spi_igress_fifo. (constraint file  auto generated constraint).
Applied set_property KEEP_HIERARCHY = SOFT for astep24_3l_top_I/sw_if/ftdi_egress_fifo. (constraint file  auto generated constraint).
Applied set_property KEEP_HIERARCHY = SOFT for astep24_3l_top_I/sw_if/ftdi_igress_fifo. (constraint file  auto generated constraint).
Applied set_property KEEP_HIERARCHY = SOFT for astep24_3l_top_I/sw_if/spi_egress_fifo. (constraint file  auto generated constraint).
Applied set_property KEEP_HIERARCHY = SOFT for astep24_3l_top_I/sw_if/spi_igress_fifo. (constraint file  auto generated constraint).
Applied set_property KEEP_HIERARCHY = SOFT for astep24_3l_top_I/housekeeping/xadc_hk_driver_I/xadc. (constraint file  auto generated constraint).
---------------------------------------------------------------------------------
Finished applying 'set_property' XDC Constraints : Time (s): cpu = 00:00:16 ; elapsed = 00:00:16 . Memory (MB): peak = 3451.809 ; gain = 33.832 ; free physical = 228 ; free virtual = 49547
---------------------------------------------------------------------------------
INFO: [Synth 8-802] inferred FSM for state register 'state_reg' in module 'rfg_axis_readout_framing'
INFO: [Synth 8-802] inferred FSM for state register 'rfg_state_reg' in module 'rfg_axis_protocol'
---------------------------------------------------------------------------------------------------
                   State |                     New Encoding |                Previous Encoding 
---------------------------------------------------------------------------------------------------
                    IDLE |                              001 | 00000000000000000000000000000000
                   START |                              010 | 00000000000000000000000000000001
                    DATA |                              100 | 00000000000000000000000000000010
---------------------------------------------------------------------------------------------------
INFO: [Synth 8-3354] encoded FSM with state register 'state_reg' using encoding 'one-hot' in module 'rfg_axis_readout_framing'
---------------------------------------------------------------------------------------------------
                   State |                     New Encoding |                Previous Encoding 
---------------------------------------------------------------------------------------------------
                  HEADER |                              000 |                             0000
                 ADDRESS |                              001 |                             0001
                ADDRESSB |                              010 |                             0010
                 LENGTHA |                              011 |                             0011
                 LENGTHB |                              100 |                             0100
             WRITE_VALUE |                              101 |                             0101
                    READ |                              110 |                             0111
             READ_FINISH |                              111 |                             1001
---------------------------------------------------------------------------------------------------
INFO: [Synth 8-3354] encoded FSM with state register 'rfg_state_reg' using encoding 'sequential' in module 'rfg_axis_protocol'
---------------------------------------------------------------------------------
Finished RTL Optimization Phase 2 : Time (s): cpu = 00:00:19 ; elapsed = 00:00:19 . Memory (MB): peak = 3451.809 ; gain = 33.832 ; free physical = 212 ; free virtual = 49534
---------------------------------------------------------------------------------
---------------------------------------------------------------------------------
Start RTL Component Statistics 
---------------------------------------------------------------------------------
Detailed RTL Component Info : 
+---Adders : 
	   2 Input   64 Bit       Adders := 1     
	   2 Input   32 Bit       Adders := 15    
	   3 Input   32 Bit       Adders := 1     
	   2 Input   16 Bit       Adders := 6     
	   2 Input   10 Bit       Adders := 2     
	   3 Input    9 Bit       Adders := 1     
	   2 Input    9 Bit       Adders := 1     
	   2 Input    8 Bit       Adders := 10    
	   2 Input    4 Bit       Adders := 9     
	   2 Input    3 Bit       Adders := 17    
+---XORs : 
	   2 Input     32 Bit         XORs := 1     
	   2 Input      1 Bit         XORs := 112   
+---Registers : 
	               64 Bit    Registers := 6     
	               48 Bit    Registers := 1     
	               32 Bit    Registers := 39    
	               16 Bit    Registers := 17    
	               15 Bit    Registers := 7     
	               10 Bit    Registers := 3     
	                9 Bit    Registers := 6     
	                8 Bit    Registers := 82    
	                4 Bit    Registers := 7     
	                3 Bit    Registers := 24    
	                2 Bit    Registers := 7     
	                1 Bit    Registers := 129   
+---RAMs : 
	              144 Bit	(16 X 9 bit)          RAMs := 1     
+---Muxes : 
	  94 Input   64 Bit        Muxes := 1     
	   2 Input   64 Bit        Muxes := 3     
	  94 Input   32 Bit        Muxes := 3     
	   2 Input   32 Bit        Muxes := 29    
	  95 Input   32 Bit        Muxes := 10    
	   4 Input   32 Bit        Muxes := 4     
	   2 Input   16 Bit        Muxes := 11    
	   8 Input   16 Bit        Muxes := 5     
	  94 Input   16 Bit        Muxes := 3     
	  10 Input   16 Bit        Muxes := 3     
	   2 Input   10 Bit        Muxes := 5     
	   4 Input   10 Bit        Muxes := 1     
	   2 Input    9 Bit        Muxes := 4     
	   4 Input    9 Bit        Muxes := 1     
	   3 Input    8 Bit        Muxes := 7     
	   2 Input    8 Bit        Muxes := 56    
	  94 Input    8 Bit        Muxes := 3     
	  93 Input    8 Bit        Muxes := 3     
	  14 Input    8 Bit        Muxes := 3     
	   4 Input    8 Bit        Muxes := 6     
	   2 Input    6 Bit        Muxes := 3     
	   2 Input    5 Bit        Muxes := 9     
	   2 Input    4 Bit        Muxes := 10    
	   4 Input    4 Bit        Muxes := 1     
	   2 Input    3 Bit        Muxes := 9     
	  24 Input    3 Bit        Muxes := 1     
	   8 Input    3 Bit        Muxes := 1     
	  14 Input    3 Bit        Muxes := 3     
	   3 Input    3 Bit        Muxes := 1     
	   2 Input    2 Bit        Muxes := 11    
	   4 Input    2 Bit        Muxes := 2     
	  14 Input    2 Bit        Muxes := 3     
	   2 Input    1 Bit        Muxes := 191   
	   4 Input    1 Bit        Muxes := 18    
	   3 Input    1 Bit        Muxes := 9     
	   8 Input    1 Bit        Muxes := 13    
	  93 Input    1 Bit        Muxes := 23    
	   5 Input    1 Bit        Muxes := 5     
	  14 Input    1 Bit        Muxes := 39    
	   6 Input    1 Bit        Muxes := 4     
	   9 Input    1 Bit        Muxes := 2     
---------------------------------------------------------------------------------
Finished RTL Component Statistics 
---------------------------------------------------------------------------------
---------------------------------------------------------------------------------
Start Part Resource Summary
---------------------------------------------------------------------------------
Part Resources:
DSPs: 90 (col length:60)
BRAMs: 100 (col length: RAMB18 60 RAMB36 30)
---------------------------------------------------------------------------------
Finished Part Resource Summary
---------------------------------------------------------------------------------
---------------------------------------------------------------------------------
Start Cross Boundary and Area Optimization
---------------------------------------------------------------------------------
WARNING: [Synth 8-7080] Parallel synthesis criteria is not met
WARNING: [Synth 8-7129] Port ext_spi_csn in module housekeeping_main is either unconnected or has no load
WARNING: [Synth 8-7129] Port spi_csn in module layer_if_a__parameterized1 is either unconnected or has no load
WARNING: [Synth 8-7129] Port spi_csn in module layer_if_a__parameterized0 is either unconnected or has no load
WARNING: [Synth 8-7129] Port spi_csn in module layer_if_a is either unconnected or has no load
WARNING: [Synth 8-7129] Port hk_adcdac_mosi_fifo_m_axis_tready in module main_rfg is either unconnected or has no load
WARNING: [Synth 8-7129] Port layer_0_mosi_m_axis_tready in module main_rfg is either unconnected or has no load
WARNING: [Synth 8-7129] Port layer_1_mosi_m_axis_tready in module main_rfg is either unconnected or has no load
WARNING: [Synth 8-7129] Port layer_2_mosi_m_axis_tready in module main_rfg is either unconnected or has no load
WARNING: [Synth 8-7129] Port layer_0_loopback_miso_m_axis_tready in module main_rfg is either unconnected or has no load
WARNING: [Synth 8-7129] Port layer_1_loopback_miso_m_axis_tready in module main_rfg is either unconnected or has no load
WARNING: [Synth 8-7129] Port layer_2_loopback_miso_m_axis_tready in module main_rfg is either unconnected or has no load
WARNING: [Synth 8-7129] Port clk_uart in module sw_ftdi245_spi_uart is either unconnected or has no load
WARNING: [Synth 8-7129] Port clk_uart_resn in module sw_ftdi245_spi_uart is either unconnected or has no load
WARNING: [Synth 8-7129] Port io_aresn in module astep24_3l_top is either unconnected or has no load
WARNING: [Synth 8-7129] Port ext_timestamp_clk in module astep24_3l_top is either unconnected or has no load
---------------------------------------------------------------------------------
Finished Cross Boundary and Area Optimization : Time (s): cpu = 00:00:35 ; elapsed = 00:00:35 . Memory (MB): peak = 3451.809 ; gain = 33.832 ; free physical = 215 ; free virtual = 49529
---------------------------------------------------------------------------------
---------------------------------------------------------------------------------
Start ROM, RAM, DSP, Shift Register and Retiming Reporting
---------------------------------------------------------------------------------

Distributed RAM: Preliminary Mapping Report (see note below)
+-----------------------+------------------------------------------+-----------+----------------------+-------------+
|Module Name            | RTL Object                               | Inference | Size (Depth x Width) | Primitives  | 
+-----------------------+------------------------------------------+-----------+----------------------+-------------+
|astep24_3l_top_I/sw_if | rfg_protocol/mini_fwft_fifo_inst/mem_reg | Implied   | 16 x 9               | RAM32M x 2  | 
+-----------------------+------------------------------------------+-----------+----------------------+-------------+

Note: The table above is a preliminary report that shows the Distributed RAMs at the current stage of the synthesis flow. Some Distributed RAMs may be reimplemented as non Distributed RAM primitives later in the synthesis flow. Multiple instantiated RAMs are reported only once.
---------------------------------------------------------------------------------
Finished ROM, RAM, DSP, Shift Register and Retiming Reporting
---------------------------------------------------------------------------------
---------------------------------------------------------------------------------
Start Applying XDC Timing Constraints
---------------------------------------------------------------------------------
---------------------------------------------------------------------------------
Finished Applying XDC Timing Constraints : Time (s): cpu = 00:00:36 ; elapsed = 00:00:36 . Memory (MB): peak = 3451.809 ; gain = 33.832 ; free physical = 214 ; free virtual = 49528
---------------------------------------------------------------------------------
---------------------------------------------------------------------------------
Start Timing Optimization
---------------------------------------------------------------------------------
---------------------------------------------------------------------------------
Finished Timing Optimization : Time (s): cpu = 00:00:37 ; elapsed = 00:00:38 . Memory (MB): peak = 3451.809 ; gain = 33.832 ; free physical = 197 ; free virtual = 49511
---------------------------------------------------------------------------------
---------------------------------------------------------------------------------
Start ROM, RAM, DSP, Shift Register and Retiming Reporting
---------------------------------------------------------------------------------

Distributed RAM: Final Mapping Report
+-----------------------+------------------------------------------+-----------+----------------------+-------------+
|Module Name            | RTL Object                               | Inference | Size (Depth x Width) | Primitives  | 
+-----------------------+------------------------------------------+-----------+----------------------+-------------+
|astep24_3l_top_I/sw_if | rfg_protocol/mini_fwft_fifo_inst/mem_reg | Implied   | 16 x 9               | RAM32M x 2  | 
+-----------------------+------------------------------------------+-----------+----------------------+-------------+

---------------------------------------------------------------------------------
Finished ROM, RAM, DSP, Shift Register and Retiming Reporting
---------------------------------------------------------------------------------
---------------------------------------------------------------------------------
Start Technology Mapping
---------------------------------------------------------------------------------
---------------------------------------------------------------------------------
Finished Technology Mapping : Time (s): cpu = 00:00:39 ; elapsed = 00:00:40 . Memory (MB): peak = 3451.809 ; gain = 33.832 ; free physical = 206 ; free virtual = 49520
---------------------------------------------------------------------------------
---------------------------------------------------------------------------------
Start IO Insertion
---------------------------------------------------------------------------------
---------------------------------------------------------------------------------
Start Flattening Before IO Insertion
---------------------------------------------------------------------------------
---------------------------------------------------------------------------------
Finished Flattening Before IO Insertion
---------------------------------------------------------------------------------
---------------------------------------------------------------------------------
Start Final Netlist Cleanup
---------------------------------------------------------------------------------
---------------------------------------------------------------------------------
Finished Final Netlist Cleanup
---------------------------------------------------------------------------------
---------------------------------------------------------------------------------
Finished IO Insertion : Time (s): cpu = 00:00:44 ; elapsed = 00:00:45 . Memory (MB): peak = 3451.809 ; gain = 33.832 ; free physical = 215 ; free virtual = 49529
---------------------------------------------------------------------------------
---------------------------------------------------------------------------------
Start Renaming Generated Instances
---------------------------------------------------------------------------------
---------------------------------------------------------------------------------
Finished Renaming Generated Instances : Time (s): cpu = 00:00:44 ; elapsed = 00:00:45 . Memory (MB): peak = 3451.809 ; gain = 33.832 ; free physical = 215 ; free virtual = 49529
---------------------------------------------------------------------------------
---------------------------------------------------------------------------------
Start Rebuilding User Hierarchy
---------------------------------------------------------------------------------
---------------------------------------------------------------------------------
Finished Rebuilding User Hierarchy : Time (s): cpu = 00:00:44 ; elapsed = 00:00:45 . Memory (MB): peak = 3451.809 ; gain = 33.832 ; free physical = 215 ; free virtual = 49530
---------------------------------------------------------------------------------
---------------------------------------------------------------------------------
Start Renaming Generated Ports
---------------------------------------------------------------------------------
---------------------------------------------------------------------------------
Finished Renaming Generated Ports : Time (s): cpu = 00:00:44 ; elapsed = 00:00:45 . Memory (MB): peak = 3451.809 ; gain = 33.832 ; free physical = 215 ; free virtual = 49530
---------------------------------------------------------------------------------
---------------------------------------------------------------------------------
Start Handling Custom Attributes
---------------------------------------------------------------------------------
---------------------------------------------------------------------------------
Finished Handling Custom Attributes : Time (s): cpu = 00:00:45 ; elapsed = 00:00:45 . Memory (MB): peak = 3451.809 ; gain = 33.832 ; free physical = 215 ; free virtual = 49530
---------------------------------------------------------------------------------
---------------------------------------------------------------------------------
Start Renaming Generated Nets
---------------------------------------------------------------------------------
---------------------------------------------------------------------------------
Finished Renaming Generated Nets : Time (s): cpu = 00:00:45 ; elapsed = 00:00:45 . Memory (MB): peak = 3451.809 ; gain = 33.832 ; free physical = 216 ; free virtual = 49530
---------------------------------------------------------------------------------
---------------------------------------------------------------------------------
Start Writing Synthesis Report
---------------------------------------------------------------------------------

Report BlackBoxes: 
+------+----------------------------+----------+
|      |BlackBox name               |Instances |
+------+----------------------------+----------+
|1     |fifo_axis_1clk_1kB          |         2|
|2     |clk_sys_to_40               |         1|
|3     |clk_core_extorint_40        |         1|
|4     |fifo_axis_2clk_spi_hk       |         2|
|5     |xadc_astep                  |         1|
|6     |fifo_axis_2clk_spi_loopback |         6|
|7     |fifo_axis_1clk_8x64         |         2|
|8     |fifo_axis_2clk_sw_io_16e    |         4|
|9     |axis_switch_swifs           |         1|
|10    |axis_switch_layer_frame     |         1|
|11    |fifo_axis_2clk_spi_layer    |         6|
+------+----------------------------+----------+

Report Cell Usage: 
+------+----------------------------+------+
|      |Cell                        |Count |
+------+----------------------------+------+
|1     |axis_switch_layer_frame     |     1|
|2     |axis_switch_swifs           |     1|
|3     |clk_core_extorint           |     1|
|4     |clk_sys_to                  |     1|
|5     |fifo_axis_1clk_1kB          |     2|
|7     |fifo_axis_1clk_8x64         |     2|
|9     |fifo_axis_2clk_spi_hk       |     2|
|11    |fifo_axis_2clk_spi_layer    |     6|
|17    |fifo_axis_2clk_spi_loopback |     6|
|23    |fifo_axis_2clk_sw_io_16e    |     4|
|27    |xadc_astep                  |     1|
|28    |BUFG                        |     7|
|29    |BUFGCE                      |     2|
|30    |BUFGCTRL                    |     1|
|31    |BUFR                        |     1|
|32    |CARRY4                      |   205|
|33    |LUT1                        |   235|
|34    |LUT2                        |   274|
|35    |LUT3                        |   522|
|36    |LUT4                        |   313|
|37    |LUT5                        |   396|
|38    |LUT6                        |   955|
|39    |MUXF7                       |    91|
|40    |MUXF8                       |    21|
|41    |RAM32M                      |     2|
|42    |FDCE                        |   243|
|43    |FDPE                        |    43|
|44    |FDRE                        |  2406|
|45    |FDSE                        |    66|
|46    |IBUF                        |    22|
|47    |OBUF                        |    30|
|48    |OBUFT                       |     1|
+------+----------------------------+------+
---------------------------------------------------------------------------------
Finished Writing Synthesis Report : Time (s): cpu = 00:00:45 ; elapsed = 00:00:45 . Memory (MB): peak = 3451.809 ; gain = 33.832 ; free physical = 208 ; free virtual = 49522
---------------------------------------------------------------------------------
Synthesis finished with 0 errors, 0 critical warnings and 16 warnings.
Synthesis Optimization Runtime : Time (s): cpu = 00:00:42 ; elapsed = 00:00:43 . Memory (MB): peak = 3451.809 ; gain = 0.000 ; free physical = 205 ; free virtual = 49519
Synthesis Optimization Complete : Time (s): cpu = 00:00:45 ; elapsed = 00:00:45 . Memory (MB): peak = 3451.809 ; gain = 33.832 ; free physical = 205 ; free virtual = 49519
INFO: [Project 1-571] Translating synthesized netlist
INFO: [Project 1-454] Reading design checkpoint '/home/daq/AstroPix/260225_dev_richard/astep-fw/fw/astep24-3l/target-multiboard/vivado-run/astropix-cmodr2_3_CONFIG_SE.gen/sources_1/ip/fifo_axis_1clk_1kB/fifo_axis_1clk_1kB.dcp' for cell 'astep24_3l_top_I/sr_readback_bytes_fifo'
INFO: [Project 1-454] Reading design checkpoint '/home/daq/AstroPix/260225_dev_richard/astep-fw/fw/astep24-3l/target-multiboard/vivado-run/astropix-cmodr2_3_CONFIG_SE.gen/sources_1/ip/clk_sys_to_40/clk_sys_to_40.dcp' for cell 'astep24_3l_top_I/clocking_reset_I/sys_to_40'
INFO: [Project 1-454] Reading design checkpoint '/home/daq/AstroPix/260225_dev_richard/astep-fw/fw/astep24-3l/target-multiboard/vivado-run/astropix-cmodr2_3_CONFIG_SE.gen/sources_1/ip/clk_core_extorint_40/clk_core_extorint_40.dcp' for cell 'astep24_3l_top_I/clocking_reset_I/intern_or_ext_to_internal'
INFO: [Project 1-454] Reading design checkpoint '/home/daq/AstroPix/260225_dev_richard/astep-fw/fw/astep24-3l/target-multiboard/vivado-run/astropix-cmodr2_3_CONFIG_SE.gen/sources_1/ip/fifo_axis_2clk_spi_hk/fifo_axis_2clk_spi_hk.dcp' for cell 'astep24_3l_top_I/housekeeping/ext_adcdac_driver/mosi_fifo'
INFO: [Project 1-454] Reading design checkpoint '/home/daq/AstroPix/260225_dev_richard/astep-fw/fw/astep24-3l/target-multiboard/vivado-run/astropix-cmodr2_3_CONFIG_SE.gen/sources_1/ip/xadc_astep/xadc_astep.dcp' for cell 'astep24_3l_top_I/housekeeping/xadc_hk_driver_I/xadc'
INFO: [Project 1-454] Reading design checkpoint '/home/daq/AstroPix/260225_dev_richard/astep-fw/fw/astep24-3l/target-multiboard/vivado-run/astropix-cmodr2_3_CONFIG_SE.gen/sources_1/ip/fifo_axis_2clk_spi_loopback/fifo_axis_2clk_spi_loopback.dcp' for cell 'astep24_3l_top_I/loopback_spi_layer_0/spi_igress_fifo'
INFO: [Project 1-454] Reading design checkpoint '/home/daq/AstroPix/260225_dev_richard/astep-fw/fw/astep24-3l/target-multiboard/vivado-run/astropix-cmodr2_3_CONFIG_SE.gen/sources_1/ip/fifo_axis_1clk_8x64/fifo_axis_1clk_8x64.dcp' for cell 'astep24_3l_top_I/sw_if/uart_igress_fifo'
INFO: [Project 1-454] Reading design checkpoint '/home/daq/AstroPix/260225_dev_richard/astep-fw/fw/astep24-3l/target-multiboard/vivado-run/astropix-cmodr2_3_CONFIG_SE.gen/sources_1/ip/fifo_axis_2clk_sw_io_16e/fifo_axis_2clk_sw_io_16e.dcp' for cell 'astep24_3l_top_I/sw_if/spi_igress_fifo'
INFO: [Project 1-454] Reading design checkpoint '/home/daq/AstroPix/260225_dev_richard/astep-fw/fw/astep24-3l/target-multiboard/vivado-run/astropix-cmodr2_3_CONFIG_SE.gen/sources_1/ip/axis_switch_swifs/axis_switch_swifs.dcp' for cell 'astep24_3l_top_I/sw_if/axis_switch_swifs_I'
INFO: [Project 1-454] Reading design checkpoint '/home/daq/AstroPix/260225_dev_richard/astep-fw/fw/astep24-3l/target-multiboard/vivado-run/astropix-cmodr2_3_CONFIG_SE.gen/sources_1/ip/axis_switch_layer_frame/axis_switch_layer_frame.dcp' for cell 'astep24_3l_top_I/switched_readout/axis_switch_layer_frame_I'
INFO: [Project 1-454] Reading design checkpoint '/home/daq/AstroPix/260225_dev_richard/astep-fw/fw/astep24-3l/target-multiboard/vivado-run/astropix-cmodr2_3_CONFIG_SE.gen/sources_1/ip/fifo_axis_2clk_spi_layer/fifo_axis_2clk_spi_layer.dcp' for cell 'astep24_3l_top_I/switched_readout/genblk1[0].layer_if_I/mosi_fifo'
Netlist sorting complete. Time (s): cpu = 00:00:00.14 ; elapsed = 00:00:00.13 . Memory (MB): peak = 3451.809 ; gain = 0.000 ; free physical = 490 ; free virtual = 49804
WARNING: [Netlist 29-345] The value of SIM_DEVICE on instance 'sample_clock_gate' of type 'BUFGCE' is 'ULTRASCALE'; it is being changed to match the current FPGA architecture, '7SERIES'. For functional simulation to match hardware behavior, the value of SIM_DEVICE should be changed in the source netlist. 
WARNING: [Netlist 29-345] The value of SIM_DEVICE on instance 'sample_clock_se_gate' of type 'BUFGCE' is 'ULTRASCALE'; it is being changed to match the current FPGA architecture, '7SERIES'. For functional simulation to match hardware behavior, the value of SIM_DEVICE should be changed in the source netlist. 
WARNING: [Netlist 29-345] The value of SIM_DEVICE on instance 'timestamp_clk_mux' of type 'BUFGCTRL' is 'ULTRASCALE'; it is being changed to match the current FPGA architecture, '7SERIES'. For functional simulation to match hardware behavior, the value of SIM_DEVICE should be changed in the source netlist. 
INFO: [Netlist 29-17] Analyzing 681 Unisim elements for replacement
INFO: [Netlist 29-28] Unisim Transformation completed in 0 CPU seconds
INFO: [Project 1-479] Netlist was created with Vivado 2023.2
INFO: [Project 1-570] Preparing netlist for logic optimization
Parsing XDC File [/home/daq/AstroPix/260225_dev_richard/astep-fw/fw/astep24-3l/target-multiboard/vivado-run/astropix-cmodr2_3_CONFIG_SE.gen/sources_1/ip/clk_core_extorint_40/clk_core_extorint_40_board.xdc] for cell 'astep24_3l_top_I/clocking_reset_I/intern_or_ext_to_internal/inst'
Finished Parsing XDC File [/home/daq/AstroPix/260225_dev_richard/astep-fw/fw/astep24-3l/target-multiboard/vivado-run/astropix-cmodr2_3_CONFIG_SE.gen/sources_1/ip/clk_core_extorint_40/clk_core_extorint_40_board.xdc] for cell 'astep24_3l_top_I/clocking_reset_I/intern_or_ext_to_internal/inst'
Parsing XDC File [/home/daq/AstroPix/260225_dev_richard/astep-fw/fw/astep24-3l/target-multiboard/vivado-run/astropix-cmodr2_3_CONFIG_SE.gen/sources_1/ip/clk_core_extorint_40/clk_core_extorint_40.xdc] for cell 'astep24_3l_top_I/clocking_reset_I/intern_or_ext_to_internal/inst'
Finished Parsing XDC File [/home/daq/AstroPix/260225_dev_richard/astep-fw/fw/astep24-3l/target-multiboard/vivado-run/astropix-cmodr2_3_CONFIG_SE.gen/sources_1/ip/clk_core_extorint_40/clk_core_extorint_40.xdc] for cell 'astep24_3l_top_I/clocking_reset_I/intern_or_ext_to_internal/inst'
Parsing XDC File [/home/daq/AstroPix/260225_dev_richard/astep-fw/fw/astep24-3l/target-multiboard/vivado-run/astropix-cmodr2_3_CONFIG_SE.gen/sources_1/ip/clk_sys_to_40/clk_sys_to_40_board.xdc] for cell 'astep24_3l_top_I/clocking_reset_I/sys_to_40/inst'
Finished Parsing XDC File [/home/daq/AstroPix/260225_dev_richard/astep-fw/fw/astep24-3l/target-multiboard/vivado-run/astropix-cmodr2_3_CONFIG_SE.gen/sources_1/ip/clk_sys_to_40/clk_sys_to_40_board.xdc] for cell 'astep24_3l_top_I/clocking_reset_I/sys_to_40/inst'
Parsing XDC File [/home/daq/AstroPix/260225_dev_richard/astep-fw/fw/astep24-3l/target-multiboard/vivado-run/astropix-cmodr2_3_CONFIG_SE.gen/sources_1/ip/clk_sys_to_40/clk_sys_to_40.xdc] for cell 'astep24_3l_top_I/clocking_reset_I/sys_to_40/inst'
INFO: [Timing 38-35] Done setting XDC timing constraints. [/home/daq/AstroPix/260225_dev_richard/astep-fw/fw/astep24-3l/target-multiboard/vivado-run/astropix-cmodr2_3_CONFIG_SE.gen/sources_1/ip/clk_sys_to_40/clk_sys_to_40.xdc:54]
INFO: [Timing 38-2] Deriving generated clocks [/home/daq/AstroPix/260225_dev_richard/astep-fw/fw/astep24-3l/target-multiboard/vivado-run/astropix-cmodr2_3_CONFIG_SE.gen/sources_1/ip/clk_sys_to_40/clk_sys_to_40.xdc:54]
Finished Parsing XDC File [/home/daq/AstroPix/260225_dev_richard/astep-fw/fw/astep24-3l/target-multiboard/vivado-run/astropix-cmodr2_3_CONFIG_SE.gen/sources_1/ip/clk_sys_to_40/clk_sys_to_40.xdc] for cell 'astep24_3l_top_I/clocking_reset_I/sys_to_40/inst'
Parsing XDC File [/home/daq/AstroPix/260225_dev_richard/astep-fw/fw/astep24-3l/target-multiboard/vivado-run/astropix-cmodr2_3_CONFIG_SE.gen/sources_1/ip/xadc_astep/xadc_astep.xdc] for cell 'astep24_3l_top_I/housekeeping/xadc_hk_driver_I/xadc/inst'
Finished Parsing XDC File [/home/daq/AstroPix/260225_dev_richard/astep-fw/fw/astep24-3l/target-multiboard/vivado-run/astropix-cmodr2_3_CONFIG_SE.gen/sources_1/ip/xadc_astep/xadc_astep.xdc] for cell 'astep24_3l_top_I/housekeeping/xadc_hk_driver_I/xadc/inst'
Sourcing Tcl File [/home/daq/AstroPix/260225_dev_richard/astep-fw/fw/astep24-3l/common/astep24_3layers_constraints.xdc.tcl]
WARNING: [Common 17-1361] You have specified a new message control rule that is equivalent to an existing rule with attributes ' -string {{vadj_en}}  -suppress '. The existing rule will be replaced. [/home/daq/AstroPix/260225_dev_richard/astep-fw/fw/astep24-3l/common/astep24_3layers_constraints.xdc.tcl:5]
WARNING: [Common 17-1361] You have specified a new message control rule that is equivalent to an existing rule with attributes ' -string {{set_vadj}}  -suppress '. The existing rule will be replaced. [/home/daq/AstroPix/260225_dev_richard/astep-fw/fw/astep24-3l/common/astep24_3layers_constraints.xdc.tcl:6]
INFO: [Constraints 18-483] create_clock: no pin(s)/port(s)/net(s) specified as objects, only virtual clock 'async_io_dummy_clk' will be created. If you don't want this, please specify pin(s)/ports(s)/net(s) as objects to the command. [/home/daq/AstroPix/260225_dev_richard/astep-fw/fw/astep24-3l/common/astep24_3layers_constraints.xdc.tcl:9]
WARNING: [Vivado 12-584] No ports matched 'gecco_inj*'. [/home/daq/AstroPix/260225_dev_richard/astep-fw/fw/astep24-3l/common/astep24_3layers_constraints.xdc.tcl:16]
WARNING: [Vivado 12-584] No ports matched 'gecco_sr*'. [/home/daq/AstroPix/260225_dev_richard/astep-fw/fw/astep24-3l/common/astep24_3layers_constraints.xdc.tcl:16]
WARNING: [Vivado 12-584] No ports matched 'gecco_inj*'. [/home/daq/AstroPix/260225_dev_richard/astep-fw/fw/astep24-3l/common/astep24_3layers_constraints.xdc.tcl:17]
WARNING: [Vivado 12-584] No ports matched 'gecco_sr*'. [/home/daq/AstroPix/260225_dev_richard/astep-fw/fw/astep24-3l/common/astep24_3layers_constraints.xdc.tcl:17]
WARNING: [Vivado 12-584] No ports matched 'sw*'. [/home/daq/AstroPix/260225_dev_richard/astep-fw/fw/astep24-3l/common/astep24_3layers_constraints.xdc.tcl:19]
WARNING: [Vivado 12-584] No ports matched 'btn*'. [/home/daq/AstroPix/260225_dev_richard/astep-fw/fw/astep24-3l/common/astep24_3layers_constraints.xdc.tcl:19]
WARNING: [Vivado 12-584] No ports matched 'sw*'. [/home/daq/AstroPix/260225_dev_richard/astep-fw/fw/astep24-3l/common/astep24_3layers_constraints.xdc.tcl:20]
WARNING: [Vivado 12-584] No ports matched 'btn*'. [/home/daq/AstroPix/260225_dev_richard/astep-fw/fw/astep24-3l/common/astep24_3layers_constraints.xdc.tcl:20]
WARNING: [Vivado 12-584] No ports matched 'sw*'. [/home/daq/AstroPix/260225_dev_richard/astep-fw/fw/astep24-3l/common/astep24_3layers_constraints.xdc.tcl:22]
WARNING: [Vivado 12-584] No ports matched 'btn*'. [/home/daq/AstroPix/260225_dev_richard/astep-fw/fw/astep24-3l/common/astep24_3layers_constraints.xdc.tcl:22]
WARNING: [Vivado 12-584] No ports matched 'gecco_inj*'. [/home/daq/AstroPix/260225_dev_richard/astep-fw/fw/astep24-3l/common/astep24_3layers_constraints.xdc.tcl:23]
WARNING: [Vivado 12-584] No ports matched 'gecco_sr*'. [/home/daq/AstroPix/260225_dev_richard/astep-fw/fw/astep24-3l/common/astep24_3layers_constraints.xdc.tcl:23]
Finished Sourcing Tcl File [/home/daq/AstroPix/260225_dev_richard/astep-fw/fw/astep24-3l/common/astep24_3layers_constraints.xdc.tcl]
Sourcing Tcl File [/home/daq/AstroPix/260225_dev_richard/astep-fw/fw/astep24-3l/target-multiboard/constraints.cmodr2.tcl]
Finished Sourcing Tcl File [/home/daq/AstroPix/260225_dev_richard/astep-fw/fw/astep24-3l/target-multiboard/constraints.cmodr2.tcl]
Sourcing Tcl File [/home/daq/AstroPix/260225_dev_richard/astep-fw/fw/astep24-3l/target-multiboard/constraints_impl.tcl]
INFO: [Timing 38-2] Deriving generated clocks [/home/daq/AstroPix/260225_dev_richard/astep-fw/fw/astep24-3l/target-multiboard/constraints_impl.tcl:21]
Finished Sourcing Tcl File [/home/daq/AstroPix/260225_dev_richard/astep-fw/fw/astep24-3l/target-multiboard/constraints_impl.tcl]
INFO: [Project 1-538] Using original IP XDC constraints instead of the XDC constraints in dcp '/home/daq/AstroPix/260225_dev_richard/astep-fw/fw/astep24-3l/target-multiboard/vivado-run/astropix-cmodr2_3_CONFIG_SE.gen/sources_1/ip/axis_switch_layer_frame/axis_switch_layer_frame.dcp'
INFO: [Project 1-538] Using original IP XDC constraints instead of the XDC constraints in dcp '/home/daq/AstroPix/260225_dev_richard/astep-fw/fw/astep24-3l/target-multiboard/vivado-run/astropix-cmodr2_3_CONFIG_SE.gen/sources_1/ip/axis_switch_swifs/axis_switch_swifs.dcp'
INFO: [Project 1-538] Using original IP XDC constraints instead of the XDC constraints in dcp '/home/daq/AstroPix/260225_dev_richard/astep-fw/fw/astep24-3l/target-multiboard/vivado-run/astropix-cmodr2_3_CONFIG_SE.gen/sources_1/ip/clk_core_extorint_40/clk_core_extorint_40.dcp'
INFO: [Project 1-538] Using original IP XDC constraints instead of the XDC constraints in dcp '/home/daq/AstroPix/260225_dev_richard/astep-fw/fw/astep24-3l/target-multiboard/vivado-run/astropix-cmodr2_3_CONFIG_SE.gen/sources_1/ip/clk_sys_to_40/clk_sys_to_40.dcp'
INFO: [Project 1-538] Using original IP XDC constraints instead of the XDC constraints in dcp '/home/daq/AstroPix/260225_dev_richard/astep-fw/fw/astep24-3l/target-multiboard/vivado-run/astropix-cmodr2_3_CONFIG_SE.gen/sources_1/ip/fifo_axis_1clk_1kB/fifo_axis_1clk_1kB.dcp'
INFO: [Project 1-538] Using original IP XDC constraints instead of the XDC constraints in dcp '/home/daq/AstroPix/260225_dev_richard/astep-fw/fw/astep24-3l/target-multiboard/vivado-run/astropix-cmodr2_3_CONFIG_SE.gen/sources_1/ip/fifo_axis_1clk_1kB/fifo_axis_1clk_1kB.dcp'
INFO: [Project 1-538] Using original IP XDC constraints instead of the XDC constraints in dcp '/home/daq/AstroPix/260225_dev_richard/astep-fw/fw/astep24-3l/target-multiboard/vivado-run/astropix-cmodr2_3_CONFIG_SE.gen/sources_1/ip/fifo_axis_1clk_8x64/fifo_axis_1clk_8x64.dcp'
INFO: [Project 1-538] Using original IP XDC constraints instead of the XDC constraints in dcp '/home/daq/AstroPix/260225_dev_richard/astep-fw/fw/astep24-3l/target-multiboard/vivado-run/astropix-cmodr2_3_CONFIG_SE.gen/sources_1/ip/fifo_axis_1clk_8x64/fifo_axis_1clk_8x64.dcp'
INFO: [Project 1-538] Using original IP XDC constraints instead of the XDC constraints in dcp '/home/daq/AstroPix/260225_dev_richard/astep-fw/fw/astep24-3l/target-multiboard/vivado-run/astropix-cmodr2_3_CONFIG_SE.gen/sources_1/ip/fifo_axis_2clk_spi_hk/fifo_axis_2clk_spi_hk.dcp'
INFO: [Project 1-538] Using original IP XDC constraints instead of the XDC constraints in dcp '/home/daq/AstroPix/260225_dev_richard/astep-fw/fw/astep24-3l/target-multiboard/vivado-run/astropix-cmodr2_3_CONFIG_SE.gen/sources_1/ip/fifo_axis_2clk_spi_hk/fifo_axis_2clk_spi_hk.dcp'
INFO: [Project 1-538] Using original IP XDC constraints instead of the XDC constraints in dcp '/home/daq/AstroPix/260225_dev_richard/astep-fw/fw/astep24-3l/target-multiboard/vivado-run/astropix-cmodr2_3_CONFIG_SE.gen/sources_1/ip/fifo_axis_2clk_spi_layer/fifo_axis_2clk_spi_layer.dcp'
INFO: [Project 1-538] Using original IP XDC constraints instead of the XDC constraints in dcp '/home/daq/AstroPix/260225_dev_richard/astep-fw/fw/astep24-3l/target-multiboard/vivado-run/astropix-cmodr2_3_CONFIG_SE.gen/sources_1/ip/fifo_axis_2clk_spi_layer/fifo_axis_2clk_spi_layer.dcp'
INFO: [Project 1-538] Using original IP XDC constraints instead of the XDC constraints in dcp '/home/daq/AstroPix/260225_dev_richard/astep-fw/fw/astep24-3l/target-multiboard/vivado-run/astropix-cmodr2_3_CONFIG_SE.gen/sources_1/ip/fifo_axis_2clk_spi_layer/fifo_axis_2clk_spi_layer.dcp'
INFO: [Project 1-538] Using original IP XDC constraints instead of the XDC constraints in dcp '/home/daq/AstroPix/260225_dev_richard/astep-fw/fw/astep24-3l/target-multiboard/vivado-run/astropix-cmodr2_3_CONFIG_SE.gen/sources_1/ip/fifo_axis_2clk_spi_layer/fifo_axis_2clk_spi_layer.dcp'
INFO: [Project 1-538] Using original IP XDC constraints instead of the XDC constraints in dcp '/home/daq/AstroPix/260225_dev_richard/astep-fw/fw/astep24-3l/target-multiboard/vivado-run/astropix-cmodr2_3_CONFIG_SE.gen/sources_1/ip/fifo_axis_2clk_spi_layer/fifo_axis_2clk_spi_layer.dcp'
INFO: [Project 1-538] Using original IP XDC constraints instead of the XDC constraints in dcp '/home/daq/AstroPix/260225_dev_richard/astep-fw/fw/astep24-3l/target-multiboard/vivado-run/astropix-cmodr2_3_CONFIG_SE.gen/sources_1/ip/fifo_axis_2clk_spi_layer/fifo_axis_2clk_spi_layer.dcp'
INFO: [Project 1-538] Using original IP XDC constraints instead of the XDC constraints in dcp '/home/daq/AstroPix/260225_dev_richard/astep-fw/fw/astep24-3l/target-multiboard/vivado-run/astropix-cmodr2_3_CONFIG_SE.gen/sources_1/ip/fifo_axis_2clk_spi_loopback/fifo_axis_2clk_spi_loopback.dcp'
INFO: [Project 1-538] Using original IP XDC constraints instead of the XDC constraints in dcp '/home/daq/AstroPix/260225_dev_richard/astep-fw/fw/astep24-3l/target-multiboard/vivado-run/astropix-cmodr2_3_CONFIG_SE.gen/sources_1/ip/fifo_axis_2clk_spi_loopback/fifo_axis_2clk_spi_loopback.dcp'
INFO: [Project 1-538] Using original IP XDC constraints instead of the XDC constraints in dcp '/home/daq/AstroPix/260225_dev_richard/astep-fw/fw/astep24-3l/target-multiboard/vivado-run/astropix-cmodr2_3_CONFIG_SE.gen/sources_1/ip/fifo_axis_2clk_spi_loopback/fifo_axis_2clk_spi_loopback.dcp'
INFO: [Project 1-538] Using original IP XDC constraints instead of the XDC constraints in dcp '/home/daq/AstroPix/260225_dev_richard/astep-fw/fw/astep24-3l/target-multiboard/vivado-run/astropix-cmodr2_3_CONFIG_SE.gen/sources_1/ip/fifo_axis_2clk_spi_loopback/fifo_axis_2clk_spi_loopback.dcp'
INFO: [Project 1-538] Using original IP XDC constraints instead of the XDC constraints in dcp '/home/daq/AstroPix/260225_dev_richard/astep-fw/fw/astep24-3l/target-multiboard/vivado-run/astropix-cmodr2_3_CONFIG_SE.gen/sources_1/ip/fifo_axis_2clk_spi_loopback/fifo_axis_2clk_spi_loopback.dcp'
INFO: [Project 1-538] Using original IP XDC constraints instead of the XDC constraints in dcp '/home/daq/AstroPix/260225_dev_richard/astep-fw/fw/astep24-3l/target-multiboard/vivado-run/astropix-cmodr2_3_CONFIG_SE.gen/sources_1/ip/fifo_axis_2clk_spi_loopback/fifo_axis_2clk_spi_loopback.dcp'
INFO: [Project 1-538] Using original IP XDC constraints instead of the XDC constraints in dcp '/home/daq/AstroPix/260225_dev_richard/astep-fw/fw/astep24-3l/target-multiboard/vivado-run/astropix-cmodr2_3_CONFIG_SE.gen/sources_1/ip/fifo_axis_2clk_sw_io_16e/fifo_axis_2clk_sw_io_16e.dcp'
INFO: [Project 1-538] Using original IP XDC constraints instead of the XDC constraints in dcp '/home/daq/AstroPix/260225_dev_richard/astep-fw/fw/astep24-3l/target-multiboard/vivado-run/astropix-cmodr2_3_CONFIG_SE.gen/sources_1/ip/fifo_axis_2clk_sw_io_16e/fifo_axis_2clk_sw_io_16e.dcp'
INFO: [Project 1-538] Using original IP XDC constraints instead of the XDC constraints in dcp '/home/daq/AstroPix/260225_dev_richard/astep-fw/fw/astep24-3l/target-multiboard/vivado-run/astropix-cmodr2_3_CONFIG_SE.gen/sources_1/ip/fifo_axis_2clk_sw_io_16e/fifo_axis_2clk_sw_io_16e.dcp'
INFO: [Project 1-538] Using original IP XDC constraints instead of the XDC constraints in dcp '/home/daq/AstroPix/260225_dev_richard/astep-fw/fw/astep24-3l/target-multiboard/vivado-run/astropix-cmodr2_3_CONFIG_SE.gen/sources_1/ip/fifo_axis_2clk_sw_io_16e/fifo_axis_2clk_sw_io_16e.dcp'
INFO: [Project 1-538] Using original IP XDC constraints instead of the XDC constraints in dcp '/home/daq/AstroPix/260225_dev_richard/astep-fw/fw/astep24-3l/target-multiboard/vivado-run/astropix-cmodr2_3_CONFIG_SE.gen/sources_1/ip/xadc_astep/xadc_astep.dcp'
INFO: [Project 1-1714] 168 XPM XDC files have been applied to the design.
INFO: [Opt 31-138] Pushed 0 inverter(s) to 0 load pin(s).
Netlist sorting complete. Time (s): cpu = 00:00:00.01 ; elapsed = 00:00:00 . Memory (MB): peak = 3478.621 ; gain = 0.000 ; free physical = 475 ; free virtual = 49789
INFO: [Project 1-111] Unisim Transformation Summary:
  A total of 4 instances were transformed.
  BUFGCE => BUFGCTRL: 2 instances
  RAM32M => RAM32M (RAMD32(x6), RAMS32(x2)): 2 instances

Synth Design complete | Checksum: 65dc5ee3
INFO: [Common 17-83] Releasing license: Synthesis
314 Infos, 137 Warnings, 0 Critical Warnings and 0 Errors encountered.
synth_design completed successfully
synth_design: Time (s): cpu = 00:00:57 ; elapsed = 00:00:53 . Memory (MB): peak = 3478.656 ; gain = 60.680 ; free physical = 475 ; free virtual = 49790
INFO: [Common 17-2834] synth_design peak Physical Memory [PSS] (MB): overall = 2781.315; main = 2455.476; forked = 380.735
INFO: [Common 17-2834] synth_design peak Virtual Memory [VSS] (MB): overall = 4440.980; main = 3478.625; forked = 989.203
Command: opt_design
Attempting to get a license for feature 'Implementation' and/or device 'xc7a35t'
INFO: [Common 17-349] Got license for feature 'Implementation' and/or device 'xc7a35t'
Running DRC as a precondition to command opt_design

Starting DRC Task
INFO: [DRC 23-27] Running DRC with 8 threads
INFO: [Project 1-461] DRC finished with 0 Errors
INFO: [Project 1-462] Please refer to the DRC report (report_drc) for more information.

Time (s): cpu = 00:00:02 ; elapsed = 00:00:00.9 . Memory (MB): peak = 3542.652 ; gain = 63.996 ; free physical = 488 ; free virtual = 49803

Starting Cache Timing Information Task
INFO: [Constraints 18-483] create_clock: no pin(s)/port(s)/net(s) specified as objects, only virtual clock 'async_io_dummy_clk' will be created. If you don't want this, please specify pin(s)/ports(s)/net(s) as objects to the command. [/home/daq/AstroPix/260225_dev_richard/astep-fw/fw/astep24-3l/common/astep24_3layers_constraints.xdc.tcl:9]
INFO: [Timing 38-35] Done setting XDC timing constraints.
Ending Cache Timing Information Task | Checksum: f4703c21

Time (s): cpu = 00:00:02 ; elapsed = 00:00:00.58 . Memory (MB): peak = 3542.652 ; gain = 0.000 ; free physical = 490 ; free virtual = 49804

Starting Logic Optimization Task

Phase 1 Initialization

Phase 1.1 Core Generation And Design Setup
Phase 1.1 Core Generation And Design Setup | Checksum: f4703c21

Time (s): cpu = 00:00:00.01 ; elapsed = 00:00:00.01 . Memory (MB): peak = 3542.652 ; gain = 0.000 ; free physical = 496 ; free virtual = 49811

Phase 1.2 Setup Constraints And Sort Netlist
Phase 1.2 Setup Constraints And Sort Netlist | Checksum: f4703c21

Time (s): cpu = 00:00:00.02 ; elapsed = 00:00:00.02 . Memory (MB): peak = 3542.652 ; gain = 0.000 ; free physical = 496 ; free virtual = 49811
Phase 1 Initialization | Checksum: f4703c21

Time (s): cpu = 00:00:00.02 ; elapsed = 00:00:00.02 . Memory (MB): peak = 3542.652 ; gain = 0.000 ; free physical = 496 ; free virtual = 49811

Phase 2 Timer Update And Timing Data Collection

Phase 2.1 Timer Update
Phase 2.1 Timer Update | Checksum: f4703c21

Time (s): cpu = 00:00:02 ; elapsed = 00:00:00.37 . Memory (MB): peak = 3542.652 ; gain = 0.000 ; free physical = 488 ; free virtual = 49803

Phase 2.2 Timing Data Collection
Phase 2.2 Timing Data Collection | Checksum: f4703c21

Time (s): cpu = 00:00:02 ; elapsed = 00:00:00.41 . Memory (MB): peak = 3542.652 ; gain = 0.000 ; free physical = 488 ; free virtual = 49803
Phase 2 Timer Update And Timing Data Collection | Checksum: f4703c21

Time (s): cpu = 00:00:02 ; elapsed = 00:00:00.41 . Memory (MB): peak = 3542.652 ; gain = 0.000 ; free physical = 488 ; free virtual = 49803

Phase 3 Retarget
INFO: [Opt 31-1566] Pulled 19 inverters resulting in an inversion of 51 pins
INFO: [Opt 31-138] Pushed 6 inverter(s) to 22 load pin(s).
INFO: [Opt 31-49] Retargeted 0 cell(s).
Phase 3 Retarget | Checksum: 1bc2dd79a

Time (s): cpu = 00:00:02 ; elapsed = 00:00:00.82 . Memory (MB): peak = 3542.652 ; gain = 0.000 ; free physical = 471 ; free virtual = 49785
Retarget | Checksum: 1bc2dd79a
INFO: [Opt 31-389] Phase Retarget created 72 cells and removed 103 cells
INFO: [Opt 31-1021] In phase Retarget, 4 netlist objects are constrained preventing optimization. Please run opt_design with -debug_log to get more detail. 

Phase 4 Constant propagation
INFO: [Opt 31-138] Pushed 0 inverter(s) to 0 load pin(s).
Phase 4 Constant propagation | Checksum: 12d90a1f2

Time (s): cpu = 00:00:03 ; elapsed = 00:00:01 . Memory (MB): peak = 3542.652 ; gain = 0.000 ; free physical = 470 ; free virtual = 49785
Constant propagation | Checksum: 12d90a1f2
INFO: [Opt 31-389] Phase Constant propagation created 157 cells and removed 653 cells
INFO: [Opt 31-1021] In phase Constant propagation, 26 netlist objects are constrained preventing optimization. Please run opt_design with -debug_log to get more detail. 

Phase 5 Sweep
Phase 5 Sweep | Checksum: 1095e6e0b

Time (s): cpu = 00:00:03 ; elapsed = 00:00:02 . Memory (MB): peak = 3542.652 ; gain = 0.000 ; free physical = 470 ; free virtual = 49785
Sweep | Checksum: 1095e6e0b
INFO: [Opt 31-389] Phase Sweep created 11 cells and removed 2901 cells
INFO: [Opt 31-1021] In phase Sweep, 4 netlist objects are constrained preventing optimization. Please run opt_design with -debug_log to get more detail. 

Phase 6 BUFG optimization
INFO: [Opt 31-274] Optimized connectivity to 2 cascaded buffer cells
Phase 6 BUFG optimization | Checksum: 194cf51e1

Time (s): cpu = 00:00:04 ; elapsed = 00:00:02 . Memory (MB): peak = 3542.652 ; gain = 0.000 ; free physical = 476 ; free virtual = 49790
BUFG optimization | Checksum: 194cf51e1
INFO: [Opt 31-662] Phase BUFG optimization created 0 cells of which 0 are BUFGs and removed 2 cells.

Phase 7 Shift Register Optimization
INFO: [Opt 31-1064] SRL Remap converted 0 SRLs to 0 registers and converted 0 registers of register chains to 0 SRLs
Phase 7 Shift Register Optimization | Checksum: 194cf51e1

Time (s): cpu = 00:00:04 ; elapsed = 00:00:02 . Memory (MB): peak = 3542.652 ; gain = 0.000 ; free physical = 476 ; free virtual = 49790
Shift Register Optimization | Checksum: 194cf51e1
INFO: [Opt 31-389] Phase Shift Register Optimization created 0 cells and removed 0 cells

Phase 8 Post Processing Netlist
Phase 8 Post Processing Netlist | Checksum: f746ac00

Time (s): cpu = 00:00:04 ; elapsed = 00:00:02 . Memory (MB): peak = 3542.652 ; gain = 0.000 ; free physical = 468 ; free virtual = 49783
Post Processing Netlist | Checksum: f746ac00
INFO: [Opt 31-389] Phase Post Processing Netlist created 0 cells and removed 0 cells
INFO: [Opt 31-1021] In phase Post Processing Netlist, 1 netlist objects are constrained preventing optimization. Please run opt_design with -debug_log to get more detail. 

Phase 9 Finalization

Phase 9.1 Finalizing Design Cores and Updating Shapes
Phase 9.1 Finalizing Design Cores and Updating Shapes | Checksum: 1028238cc

Time (s): cpu = 00:00:04 ; elapsed = 00:00:03 . Memory (MB): peak = 3542.652 ; gain = 0.000 ; free physical = 476 ; free virtual = 49791

Phase 9.2 Verifying Netlist Connectivity

Starting Connectivity Check Task

Time (s): cpu = 00:00:00.03 ; elapsed = 00:00:00.03 . Memory (MB): peak = 3542.652 ; gain = 0.000 ; free physical = 476 ; free virtual = 49791
Phase 9.2 Verifying Netlist Connectivity | Checksum: 1028238cc

Time (s): cpu = 00:00:04 ; elapsed = 00:00:03 . Memory (MB): peak = 3542.652 ; gain = 0.000 ; free physical = 476 ; free virtual = 49791
Phase 9 Finalization | Checksum: 1028238cc

Time (s): cpu = 00:00:04 ; elapsed = 00:00:03 . Memory (MB): peak = 3542.652 ; gain = 0.000 ; free physical = 476 ; free virtual = 49791
Opt_design Change Summary
=========================


-------------------------------------------------------------------------------------------------------------------------
|  Phase                        |  #Cells created  |  #Cells Removed  |  #Constrained objects preventing optimizations  |
-------------------------------------------------------------------------------------------------------------------------
|  Retarget                     |              72  |             103  |                                              4  |
|  Constant propagation         |             157  |             653  |                                             26  |
|  Sweep                        |              11  |            2901  |                                              4  |
|  BUFG optimization            |               0  |               2  |                                              0  |
|  Shift Register Optimization  |               0  |               0  |                                              0  |
|  Post Processing Netlist      |               0  |               0  |                                              1  |
-------------------------------------------------------------------------------------------------------------------------


Ending Logic Optimization Task | Checksum: 1028238cc

Time (s): cpu = 00:00:04 ; elapsed = 00:00:03 . Memory (MB): peak = 3542.652 ; gain = 0.000 ; free physical = 476 ; free virtual = 49791
INFO: [Constraints 18-11670] Building netlist checker database with flags, 0x8
Done building netlist checker database: Time (s): cpu = 00:00:00 ; elapsed = 00:00:00 . Memory (MB): peak = 3542.652 ; gain = 0.000 ; free physical = 476 ; free virtual = 49791

Starting Power Optimization Task
INFO: [Pwropt 34-132] Skipping clock gating for clocks with a period < 2.00 ns.
INFO: [Constraints 18-483] create_clock: no pin(s)/port(s)/net(s) specified as objects, only virtual clock 'async_io_dummy_clk' will be created. If you don't want this, please specify pin(s)/ports(s)/net(s) as objects to the command. [/home/daq/AstroPix/260225_dev_richard/astep-fw/fw/astep24-3l/common/astep24_3layers_constraints.xdc.tcl:9]
INFO: [Timing 38-35] Done setting XDC timing constraints.
Running Vector-less Activity Propagation...
INFO: [Pwropt 34-9] Applying IDT optimizations ...
INFO: [Pwropt 34-10] Applying ODC optimizations ...

Finished Running Vector-less Activity Propagation


Starting PowerOpt Patch Enables Task
INFO: [Pwropt 34-162] WRITE_MODE attribute of 0 BRAM(s) out of a total of 30 has been updated to save power. Run report_power_opt to get a complete listing of the BRAMs updated.
INFO: [Pwropt 34-201] Structural ODC has moved 2 WE to EN ports
Number of BRAM Ports augmented: 28 newly gated: 5 Total Ports: 60
Ending PowerOpt Patch Enables Task | Checksum: 14b00ed3f

Time (s): cpu = 00:00:00.19 ; elapsed = 00:00:00.15 . Memory (MB): peak = 3782.699 ; gain = 0.000 ; free physical = 329 ; free virtual = 49649
Ending Power Optimization Task | Checksum: 14b00ed3f

Time (s): cpu = 00:00:09 ; elapsed = 00:00:05 . Memory (MB): peak = 3782.699 ; gain = 240.047 ; free physical = 329 ; free virtual = 49649

Starting Final Cleanup Task
Ending Final Cleanup Task | Checksum: 14b00ed3f

Time (s): cpu = 00:00:00 ; elapsed = 00:00:00 . Memory (MB): peak = 3782.699 ; gain = 0.000 ; free physical = 329 ; free virtual = 49649

Starting Netlist Obfuscation Task
Netlist sorting complete. Time (s): cpu = 00:00:00.04 ; elapsed = 00:00:00.03 . Memory (MB): peak = 3782.699 ; gain = 0.000 ; free physical = 329 ; free virtual = 49649
Ending Netlist Obfuscation Task | Checksum: df053913

Time (s): cpu = 00:00:00.04 ; elapsed = 00:00:00.04 . Memory (MB): peak = 3782.699 ; gain = 0.000 ; free physical = 329 ; free virtual = 49649
INFO: [Common 17-83] Releasing license: Implementation
347 Infos, 137 Warnings, 0 Critical Warnings and 0 Errors encountered.
opt_design completed successfully
opt_design: Time (s): cpu = 00:00:19 ; elapsed = 00:00:11 . Memory (MB): peak = 3782.699 ; gain = 304.043 ; free physical = 329 ; free virtual = 49649
Command: place_design
Attempting to get a license for feature 'Implementation' and/or device 'xc7a35t'
INFO: [Common 17-349] Got license for feature 'Implementation' and/or device 'xc7a35t'
INFO: [Common 17-83] Releasing license: Implementation
INFO: [DRC 23-27] Running DRC with 8 threads
INFO: [Vivado_Tcl 4-198] DRC finished with 0 Errors
INFO: [Vivado_Tcl 4-199] Please refer to the DRC report (report_drc) for more information.
Running DRC as a precondition to command place_design
INFO: [DRC 23-27] Running DRC with 8 threads
INFO: [Vivado_Tcl 4-198] DRC finished with 0 Errors, 21 Warnings
INFO: [Vivado_Tcl 4-199] Please refer to the DRC report (report_drc) for more information.
INFO: [Place 30-611] Multithreading enabled for place_design using a maximum of 8 CPUs

Starting Placer Task

Phase 1 Placer Initialization

Phase 1.1 Placer Initialization Netlist Sorting
Netlist sorting complete. Time (s): cpu = 00:00:00.01 ; elapsed = 00:00:00 . Memory (MB): peak = 3782.699 ; gain = 0.000 ; free physical = 325 ; free virtual = 49646
Phase 1.1 Placer Initialization Netlist Sorting | Checksum: 78c043f1

Time (s): cpu = 00:00:00.01 ; elapsed = 00:00:00.01 . Memory (MB): peak = 3782.699 ; gain = 0.000 ; free physical = 325 ; free virtual = 49646
Netlist sorting complete. Time (s): cpu = 00:00:00.01 ; elapsed = 00:00:00 . Memory (MB): peak = 3782.699 ; gain = 0.000 ; free physical = 325 ; free virtual = 49646

Phase 1.2 IO Placement/ Clock Placement/ Build Placer Device
INFO: [Constraints 18-483] create_clock: no pin(s)/port(s)/net(s) specified as objects, only virtual clock 'async_io_dummy_clk' will be created. If you don't want this, please specify pin(s)/ports(s)/net(s) as objects to the command. [/home/daq/AstroPix/260225_dev_richard/astep-fw/fw/astep24-3l/common/astep24_3layers_constraints.xdc.tcl:9]
INFO: [Timing 38-35] Done setting XDC timing constraints.
WARNING: [Place 30-574] Poor placement for routing between an IO pin and BUFG. This is normally an ERROR but the CLOCK_DEDICATED_ROUTE constraint is set to FALSE allowing your design to continue. The use of this override is highly discouraged as it may lead to very poor timing results. It is recommended that this error condition be corrected in the design.

	clk_ext_IBUF_inst (IBUF.O) is locked to IOB_X0Y39
	clk_ext_IBUF_BUFG_inst (BUFG.I) is provisionally placed by clockplacer on BUFGCTRL_X0Y11
Resolution: Poor placement of an IO pin and a BUFG has resulted in the router using a non-dedicated path between the two.  There are several things that could trigger this DRC, each of which can cause unpredictable clock insertion delays that result in poor timing.  This DRC could be caused by any of the following: (a) a clock port was placed on a pin that is not a CCIO-pin (b)the BUFG has not been placed in the same half of the device or SLR as the CCIO-pin (c) a single ended clock has been placed on the N-Side of a differential pair CCIO-pin.
WARNING: [Place 30-574] Poor placement for routing between an IO pin and BUFG. This is normally an ERROR but the CLOCK_DEDICATED_ROUTE constraint is set to FALSE allowing your design to continue. The use of this override is highly discouraged as it may lead to very poor timing results. It is recommended that this error condition be corrected in the design.

	spi_clk_IBUF_inst (IBUF.O) is locked to IOB_X1Y75
	spi_clk_IBUF_BUFG_inst (BUFG.I) is provisionally placed by clockplacer on BUFGCTRL_X0Y9
Resolution: Poor placement of an IO pin and a BUFG has resulted in the router using a non-dedicated path between the two.  There are several things that could trigger this DRC, each of which can cause unpredictable clock insertion delays that result in poor timing.  This DRC could be caused by any of the following: (a) a clock port was placed on a pin that is not a CCIO-pin (b)the BUFG has not been placed in the same half of the device or SLR as the CCIO-pin (c) a single ended clock has been placed on the N-Side of a differential pair CCIO-pin.
Phase 1.2 IO Placement/ Clock Placement/ Build Placer Device | Checksum: ac259905

Time (s): cpu = 00:00:05 ; elapsed = 00:00:02 . Memory (MB): peak = 3782.699 ; gain = 0.000 ; free physical = 312 ; free virtual = 49638

Phase 1.3 Build Placer Netlist Model
Phase 1.3 Build Placer Netlist Model | Checksum: 10eae0570

Time (s): cpu = 00:00:12 ; elapsed = 00:00:05 . Memory (MB): peak = 3782.699 ; gain = 0.000 ; free physical = 322 ; free virtual = 49650

Phase 1.4 Constrain Clocks/Macros
Phase 1.4 Constrain Clocks/Macros | Checksum: 10eae0570

Time (s): cpu = 00:00:12 ; elapsed = 00:00:05 . Memory (MB): peak = 3782.699 ; gain = 0.000 ; free physical = 322 ; free virtual = 49650
Phase 1 Placer Initialization | Checksum: 10eae0570

Time (s): cpu = 00:00:12 ; elapsed = 00:00:05 . Memory (MB): peak = 3782.699 ; gain = 0.000 ; free physical = 322 ; free virtual = 49650

Phase 2 Global Placement

Phase 2.1 Floorplanning
Phase 2.1 Floorplanning | Checksum: 189795584

Time (s): cpu = 00:00:15 ; elapsed = 00:00:06 . Memory (MB): peak = 3782.699 ; gain = 0.000 ; free physical = 331 ; free virtual = 49660

Phase 2.2 Update Timing before SLR Path Opt
Phase 2.2 Update Timing before SLR Path Opt | Checksum: 144ee7f9a

Time (s): cpu = 00:00:17 ; elapsed = 00:00:06 . Memory (MB): peak = 3782.699 ; gain = 0.000 ; free physical = 328 ; free virtual = 49657

Phase 2.3 Post-Processing in Floorplanning
Phase 2.3 Post-Processing in Floorplanning | Checksum: aff30423

Time (s): cpu = 00:00:17 ; elapsed = 00:00:06 . Memory (MB): peak = 3782.699 ; gain = 0.000 ; free physical = 328 ; free virtual = 49657

Phase 2.4 Global Placement Core

Phase 2.4.1 UpdateTiming Before Physical Synthesis
Phase 2.4.1 UpdateTiming Before Physical Synthesis | Checksum: 19afdd296

Time (s): cpu = 00:00:38 ; elapsed = 00:00:13 . Memory (MB): peak = 3782.699 ; gain = 0.000 ; free physical = 324 ; free virtual = 49654

Phase 2.4.2 Physical Synthesis In Placer
INFO: [Physopt 32-1035] Found 0 LUTNM shape to break, 410 LUT instances to create LUTNM shape
INFO: [Physopt 32-1044] Break lutnm for timing: one critical 0, two critical 0, total 0, new lutff created 0
INFO: [Physopt 32-1138] End 1 Pass. Optimized 162 nets or LUTs. Breaked 0 LUT, combined 162 existing LUTs and moved 0 existing LUT
INFO: [Physopt 32-65] No nets found for high-fanout optimization.
INFO: [Physopt 32-232] Optimized 0 net. Created 0 new instance.
INFO: [Physopt 32-775] End 1 Pass. Optimized 0 net or cell. Created 0 new cell, deleted 0 existing cell and moved 0 existing cell
INFO: [Physopt 32-670] No setup violation found.  DSP Register Optimization was not performed.
INFO: [Physopt 32-670] No setup violation found.  Shift Register to Pipeline Optimization was not performed.
INFO: [Physopt 32-670] No setup violation found.  Shift Register Optimization was not performed.
INFO: [Physopt 32-670] No setup violation found.  BRAM Register Optimization was not performed.
INFO: [Physopt 32-670] No setup violation found.  URAM Register Optimization was not performed.
INFO: [Physopt 32-949] No candidate nets found for dynamic/static region interface net replication
INFO: [Physopt 32-775] End 1 Pass. Optimized 0 net or cell. Created 0 new cell, deleted 0 existing cell and moved 0 existing cell
Netlist sorting complete. Time (s): cpu = 00:00:00.01 ; elapsed = 00:00:00.01 . Memory (MB): peak = 3782.699 ; gain = 0.000 ; free physical = 327 ; free virtual = 49658

Summary of Physical Synthesis Optimizations
============================================


-----------------------------------------------------------------------------------------------------------------------------------------------------------
|  Optimization                                     |  Added Cells  |  Removed Cells  |  Optimized Cells/Nets  |  Dont Touch  |  Iterations  |  Elapsed   |
-----------------------------------------------------------------------------------------------------------------------------------------------------------
|  LUT Combining                                    |            0  |            162  |                   162  |           0  |           1  |  00:00:00  |
|  Retime                                           |            0  |              0  |                     0  |           0  |           1  |  00:00:00  |
|  Very High Fanout                                 |            0  |              0  |                     0  |           0  |           1  |  00:00:00  |
|  DSP Register                                     |            0  |              0  |                     0  |           0  |           0  |  00:00:00  |
|  Shift Register to Pipeline                       |            0  |              0  |                     0  |           0  |           0  |  00:00:00  |
|  Shift Register                                   |            0  |              0  |                     0  |           0  |           0  |  00:00:00  |
|  BRAM Register                                    |            0  |              0  |                     0  |           0  |           0  |  00:00:00  |
|  URAM Register                                    |            0  |              0  |                     0  |           0  |           0  |  00:00:00  |
|  Dynamic/Static Region Interface Net Replication  |            0  |              0  |                     0  |           0  |           1  |  00:00:00  |
|  Total                                            |            0  |            162  |                   162  |           0  |           4  |  00:00:00  |
-----------------------------------------------------------------------------------------------------------------------------------------------------------


Phase 2.4.2 Physical Synthesis In Placer | Checksum: ebe7eb4b

Time (s): cpu = 00:00:41 ; elapsed = 00:00:14 . Memory (MB): peak = 3782.699 ; gain = 0.000 ; free physical = 307 ; free virtual = 49639
Phase 2.4 Global Placement Core | Checksum: 102b67015

Time (s): cpu = 00:00:43 ; elapsed = 00:00:15 . Memory (MB): peak = 3782.699 ; gain = 0.000 ; free physical = 304 ; free virtual = 49636
Phase 2 Global Placement | Checksum: 102b67015

Time (s): cpu = 00:00:43 ; elapsed = 00:00:15 . Memory (MB): peak = 3782.699 ; gain = 0.000 ; free physical = 304 ; free virtual = 49636

Phase 3 Detail Placement

Phase 3.1 Commit Multi Column Macros
Phase 3.1 Commit Multi Column Macros | Checksum: 14d74fce8

Time (s): cpu = 00:00:45 ; elapsed = 00:00:15 . Memory (MB): peak = 3782.699 ; gain = 0.000 ; free physical = 305 ; free virtual = 49637

Phase 3.2 Commit Most Macros & LUTRAMs
Phase 3.2 Commit Most Macros & LUTRAMs | Checksum: 1cb3072a3

Time (s): cpu = 00:00:49 ; elapsed = 00:00:16 . Memory (MB): peak = 3782.699 ; gain = 0.000 ; free physical = 302 ; free virtual = 49634

Phase 3.3 Area Swap Optimization
Phase 3.3 Area Swap Optimization | Checksum: f10b1741

Time (s): cpu = 00:00:49 ; elapsed = 00:00:16 . Memory (MB): peak = 3782.699 ; gain = 0.000 ; free physical = 302 ; free virtual = 49634

Phase 3.4 Pipeline Register Optimization
Phase 3.4 Pipeline Register Optimization | Checksum: 14d12638e

Time (s): cpu = 00:00:49 ; elapsed = 00:00:16 . Memory (MB): peak = 3782.699 ; gain = 0.000 ; free physical = 302 ; free virtual = 49634

Phase 3.5 Small Shape Detail Placement
Phase 3.5 Small Shape Detail Placement | Checksum: 1f22692b4

Time (s): cpu = 00:00:52 ; elapsed = 00:00:19 . Memory (MB): peak = 3782.699 ; gain = 0.000 ; free physical = 276 ; free virtual = 49608

Phase 3.6 Re-assign LUT pins
Phase 3.6 Re-assign LUT pins | Checksum: 190730cd7

Time (s): cpu = 00:00:53 ; elapsed = 00:00:20 . Memory (MB): peak = 3782.699 ; gain = 0.000 ; free physical = 276 ; free virtual = 49608

Phase 3.7 Pipeline Register Optimization
Phase 3.7 Pipeline Register Optimization | Checksum: 16eab98ac

Time (s): cpu = 00:00:53 ; elapsed = 00:00:20 . Memory (MB): peak = 3782.699 ; gain = 0.000 ; free physical = 278 ; free virtual = 49610
Phase 3 Detail Placement | Checksum: 16eab98ac

Time (s): cpu = 00:00:53 ; elapsed = 00:00:20 . Memory (MB): peak = 3782.699 ; gain = 0.000 ; free physical = 278 ; free virtual = 49610

Phase 4 Post Placement Optimization and Clean-Up

Phase 4.1 Post Commit Optimization
INFO: [Constraints 18-483] create_clock: no pin(s)/port(s)/net(s) specified as objects, only virtual clock 'async_io_dummy_clk' will be created. If you don't want this, please specify pin(s)/ports(s)/net(s) as objects to the command. [/home/daq/AstroPix/260225_dev_richard/astep-fw/fw/astep24-3l/common/astep24_3layers_constraints.xdc.tcl:9]
INFO: [Timing 38-35] Done setting XDC timing constraints.

Phase 4.1.1 Post Placement Optimization
Post Placement Optimization Initialization | Checksum: 25a82f763

Phase 4.1.1.1 BUFG Insertion

Starting Physical Synthesis Task

Phase 1 Physical Synthesis Initialization
INFO: [Physopt 32-721] Multithreading enabled for phys_opt_design using a maximum of 8 CPUs
INFO: [Physopt 32-619] Estimated Timing Summary | WNS=0.237 | TNS=0.000 |
Phase 1 Physical Synthesis Initialization | Checksum: 1d9413856

Time (s): cpu = 00:00:04 ; elapsed = 00:00:01 . Memory (MB): peak = 3782.699 ; gain = 0.000 ; free physical = 244 ; free virtual = 49577
INFO: [Place 46-33] Processed net astep24_3l_top_I/clocking_reset_I/resets/genblk1[3].reset_generator/E[0], BUFG insertion was skipped due to placement/routing conflicts.
INFO: [Place 46-56] BUFG insertion identified 1 candidate nets. Inserted BUFG: 0, Replicated BUFG Driver: 0, Skipped due to Placement/Routing Conflicts: 1, Skipped due to Timing Degradation: 0, Skipped due to netlist editing failed: 0.
Ending Physical Synthesis Task | Checksum: 1d9413856

Time (s): cpu = 00:00:04 ; elapsed = 00:00:01 . Memory (MB): peak = 3782.699 ; gain = 0.000 ; free physical = 243 ; free virtual = 49575
Phase 4.1.1.1 BUFG Insertion | Checksum: 25a82f763

Time (s): cpu = 00:01:07 ; elapsed = 00:00:24 . Memory (MB): peak = 3782.699 ; gain = 0.000 ; free physical = 236 ; free virtual = 49568

Phase 4.1.1.2 Post Placement Timing Optimization
INFO: [Place 30-746] Post Placement Timing Summary WNS=0.677. For the most accurate timing information please run report_timing.
Phase 4.1.1.2 Post Placement Timing Optimization | Checksum: 13684d390

Time (s): cpu = 00:01:08 ; elapsed = 00:00:25 . Memory (MB): peak = 3782.699 ; gain = 0.000 ; free physical = 249 ; free virtual = 49581

Time (s): cpu = 00:01:08 ; elapsed = 00:00:25 . Memory (MB): peak = 3782.699 ; gain = 0.000 ; free physical = 249 ; free virtual = 49581
Phase 4.1 Post Commit Optimization | Checksum: 13684d390

Time (s): cpu = 00:01:08 ; elapsed = 00:00:25 . Memory (MB): peak = 3782.699 ; gain = 0.000 ; free physical = 249 ; free virtual = 49581

Phase 4.2 Post Placement Cleanup
Phase 4.2 Post Placement Cleanup | Checksum: 13684d390

Time (s): cpu = 00:01:08 ; elapsed = 00:00:25 . Memory (MB): peak = 3782.699 ; gain = 0.000 ; free physical = 249 ; free virtual = 49581

Phase 4.3 Placer Reporting

Phase 4.3.1 Print Estimated Congestion
INFO: [Place 30-612] Post-Placement Estimated Congestion 
 ____________________________________________________
|           | Global Congestion | Short Congestion  |
| Direction | Region Size       | Region Size       |
|___________|___________________|___________________|
|      North|                1x1|                1x1|
|___________|___________________|___________________|
|      South|                1x1|                1x1|
|___________|___________________|___________________|
|       East|                1x1|                1x1|
|___________|___________________|___________________|
|       West|                1x1|                1x1|
|___________|___________________|___________________|

Phase 4.3.1 Print Estimated Congestion | Checksum: 13684d390

Time (s): cpu = 00:01:08 ; elapsed = 00:00:25 . Memory (MB): peak = 3782.699 ; gain = 0.000 ; free physical = 249 ; free virtual = 49581
Phase 4.3 Placer Reporting | Checksum: 13684d390

Time (s): cpu = 00:01:08 ; elapsed = 00:00:25 . Memory (MB): peak = 3782.699 ; gain = 0.000 ; free physical = 245 ; free virtual = 49577

Phase 4.4 Final Placement Cleanup
Netlist sorting complete. Time (s): cpu = 00:00:00.01 ; elapsed = 00:00:00.01 . Memory (MB): peak = 3782.699 ; gain = 0.000 ; free physical = 241 ; free virtual = 49573

Time (s): cpu = 00:01:08 ; elapsed = 00:00:25 . Memory (MB): peak = 3782.699 ; gain = 0.000 ; free physical = 241 ; free virtual = 49573
Phase 4 Post Placement Optimization and Clean-Up | Checksum: 963ca25d

Time (s): cpu = 00:01:08 ; elapsed = 00:00:25 . Memory (MB): peak = 3782.699 ; gain = 0.000 ; free physical = 253 ; free virtual = 49585
Ending Placer Task | Checksum: 7b9b57cc

Time (s): cpu = 00:01:08 ; elapsed = 00:00:26 . Memory (MB): peak = 3782.699 ; gain = 0.000 ; free physical = 246 ; free virtual = 49579
379 Infos, 139 Warnings, 0 Critical Warnings and 0 Errors encountered.
place_design completed successfully
place_design: Time (s): cpu = 00:01:10 ; elapsed = 00:00:26 . Memory (MB): peak = 3782.699 ; gain = 0.000 ; free physical = 254 ; free virtual = 49587
Command: phys_opt_design
Attempting to get a license for feature 'Implementation' and/or device 'xc7a35t'
INFO: [Common 17-349] Got license for feature 'Implementation' and/or device 'xc7a35t'

Starting Initial Update Timing Task

Time (s): cpu = 00:00:09 ; elapsed = 00:00:02 . Memory (MB): peak = 3782.699 ; gain = 0.000 ; free physical = 259 ; free virtual = 49591
INFO: [Vivado_Tcl 4-383] Design worst setup slack (WNS) is greater than or equal to 0.000 ns. Skipping all physical synthesis optimizations.
INFO: [Vivado_Tcl 4-232] No setup violation found. The netlist was not modified.
INFO: [Common 17-83] Releasing license: Implementation
383 Infos, 139 Warnings, 0 Critical Warnings and 0 Errors encountered.
phys_opt_design completed successfully
Command: route_design
Attempting to get a license for feature 'Implementation' and/or device 'xc7a35t'
INFO: [Common 17-349] Got license for feature 'Implementation' and/or device 'xc7a35t'
Running DRC as a precondition to command route_design
INFO: [DRC 23-27] Running DRC with 8 threads
INFO: [Vivado_Tcl 4-198] DRC finished with 0 Errors, 2 Warnings
INFO: [Vivado_Tcl 4-199] Please refer to the DRC report (report_drc) for more information.


Starting Routing Task
INFO: [Route 35-254] Multithreading enabled for route_design using a maximum of 8 CPUs

Phase 1 Build RT Design
Checksum: PlaceDB: 6b79f78e ConstDB: 0 ShapeSum: 1021603e RouteDB: 0
Post Restoration Checksum: NetGraph: df9b6517 | NumContArr: de82967d | Constraints: c2a8fa9d | Timing: c2a8fa9d
Phase 1 Build RT Design | Checksum: 3436ff0ce

Time (s): cpu = 00:00:25 ; elapsed = 00:00:16 . Memory (MB): peak = 3782.699 ; gain = 0.000 ; free physical = 261 ; free virtual = 49596

Phase 2 Router Initialization

Phase 2.1 Fix Topology Constraints
Phase 2.1 Fix Topology Constraints | Checksum: 3436ff0ce

Time (s): cpu = 00:00:25 ; elapsed = 00:00:17 . Memory (MB): peak = 3782.699 ; gain = 0.000 ; free physical = 254 ; free virtual = 49589

Phase 2.2 Pre Route Cleanup
Phase 2.2 Pre Route Cleanup | Checksum: 3436ff0ce

Time (s): cpu = 00:00:25 ; elapsed = 00:00:17 . Memory (MB): peak = 3782.699 ; gain = 0.000 ; free physical = 253 ; free virtual = 49589

Phase 2.3 Update Timing
Phase 2.3 Update Timing | Checksum: 19a92bf88

Time (s): cpu = 00:00:39 ; elapsed = 00:00:21 . Memory (MB): peak = 3782.699 ; gain = 0.000 ; free physical = 251 ; free virtual = 49587
INFO: [Route 35-416] Intermediate Timing Summary | WNS=0.729  | TNS=0.000  | WHS=-2.654 | THS=-621.441|


Phase 2.4 Update Timing for Bus Skew

Phase 2.4.1 Update Timing
Phase 2.4.1 Update Timing | Checksum: 21c45e488

Time (s): cpu = 00:00:49 ; elapsed = 00:00:24 . Memory (MB): peak = 3782.699 ; gain = 0.000 ; free physical = 246 ; free virtual = 49582
INFO: [Route 35-416] Intermediate Timing Summary | WNS=0.729  | TNS=0.000  | WHS=N/A    | THS=N/A    |

Phase 2.4 Update Timing for Bus Skew | Checksum: 20b22e427

Time (s): cpu = 00:00:50 ; elapsed = 00:00:25 . Memory (MB): peak = 3782.699 ; gain = 0.000 ; free physical = 257 ; free virtual = 49597

Router Utilization Summary
  Global Vertical Routing Utilization    = 0.00446464 %
  Global Horizontal Routing Utilization  = 0.00806871 %
  Routable Net Status*
  *Does not include unroutable nets such as driverless and loadless.
  Run report_route_status for detailed report.
  Number of Failed Nets               = 11136
    (Failed Nets is the sum of unrouted and partially routed nets)
  Number of Unrouted Nets             = 11134
  Number of Partially Routed Nets     = 2
  Number of Node Overlaps             = 1

Phase 2 Router Initialization | Checksum: 255883c6c

Time (s): cpu = 00:00:51 ; elapsed = 00:00:25 . Memory (MB): peak = 3782.699 ; gain = 0.000 ; free physical = 256 ; free virtual = 49596

Phase 3 Initial Routing

Phase 3.1 Global Routing
Phase 3.1 Global Routing | Checksum: 255883c6c

Time (s): cpu = 00:00:51 ; elapsed = 00:00:25 . Memory (MB): peak = 3782.699 ; gain = 0.000 ; free physical = 256 ; free virtual = 49596

Phase 3.2 Initial Net Routing
Phase 3.2 Initial Net Routing | Checksum: 2725a771c

Time (s): cpu = 00:00:57 ; elapsed = 00:00:26 . Memory (MB): peak = 3782.699 ; gain = 0.000 ; free physical = 245 ; free virtual = 49586
Phase 3 Initial Routing | Checksum: 2725a771c

Time (s): cpu = 00:00:57 ; elapsed = 00:00:26 . Memory (MB): peak = 3782.699 ; gain = 0.000 ; free physical = 245 ; free virtual = 49586

Phase 4 Rip-up And Reroute

Phase 4.1 Global Iteration 0
 Number of Nodes with overlaps = 734
 Number of Nodes with overlaps = 26
 Number of Nodes with overlaps = 1
 Number of Nodes with overlaps = 0
INFO: [Route 35-416] Intermediate Timing Summary | WNS=0.769  | TNS=0.000  | WHS=N/A    | THS=N/A    |

Phase 4.1 Global Iteration 0 | Checksum: 1b91113c5

Time (s): cpu = 00:01:06 ; elapsed = 00:00:30 . Memory (MB): peak = 3782.699 ; gain = 0.000 ; free physical = 246 ; free virtual = 49586

Phase 4.2 Global Iteration 1
 Number of Nodes with overlaps = 3
 Number of Nodes with overlaps = 0
INFO: [Route 35-416] Intermediate Timing Summary | WNS=0.769  | TNS=0.000  | WHS=N/A    | THS=N/A    |

Phase 4.2 Global Iteration 1 | Checksum: 191d88c2b

Time (s): cpu = 00:01:07 ; elapsed = 00:00:30 . Memory (MB): peak = 3782.699 ; gain = 0.000 ; free physical = 248 ; free virtual = 49588

Phase 4.3 Global Iteration 2
 Number of Nodes with overlaps = 0
INFO: [Route 35-416] Intermediate Timing Summary | WNS=0.769  | TNS=0.000  | WHS=N/A    | THS=N/A    |

Phase 4.3 Global Iteration 2 | Checksum: 1b21a9309

Time (s): cpu = 00:01:07 ; elapsed = 00:00:30 . Memory (MB): peak = 3782.699 ; gain = 0.000 ; free physical = 248 ; free virtual = 49588
Phase 4 Rip-up And Reroute | Checksum: 1b21a9309

Time (s): cpu = 00:01:07 ; elapsed = 00:00:30 . Memory (MB): peak = 3782.699 ; gain = 0.000 ; free physical = 248 ; free virtual = 49588

Phase 5 Delay and Skew Optimization

Phase 5.1 Delay CleanUp
Phase 5.1 Delay CleanUp | Checksum: 1b21a9309

Time (s): cpu = 00:01:07 ; elapsed = 00:00:30 . Memory (MB): peak = 3782.699 ; gain = 0.000 ; free physical = 248 ; free virtual = 49588

Phase 5.2 Clock Skew Optimization
Phase 5.2 Clock Skew Optimization | Checksum: 1b21a9309

Time (s): cpu = 00:01:07 ; elapsed = 00:00:30 . Memory (MB): peak = 3782.699 ; gain = 0.000 ; free physical = 248 ; free virtual = 49588
Phase 5 Delay and Skew Optimization | Checksum: 1b21a9309

Time (s): cpu = 00:01:07 ; elapsed = 00:00:30 . Memory (MB): peak = 3782.699 ; gain = 0.000 ; free physical = 248 ; free virtual = 49588

Phase 6 Post Hold Fix

Phase 6.1 Hold Fix Iter

Phase 6.1.1 Update Timing
Phase 6.1.1 Update Timing | Checksum: 216b3c814

Time (s): cpu = 00:01:11 ; elapsed = 00:00:31 . Memory (MB): peak = 3782.699 ; gain = 0.000 ; free physical = 251 ; free virtual = 49591
INFO: [Route 35-416] Intermediate Timing Summary | WNS=0.769  | TNS=0.000  | WHS=-0.062 | THS=-0.104 |

Phase 6.1 Hold Fix Iter | Checksum: 17496738d

Time (s): cpu = 00:01:11 ; elapsed = 00:00:31 . Memory (MB): peak = 3782.699 ; gain = 0.000 ; free physical = 251 ; free virtual = 49591

Phase 6.2 Non Free Resource Hold Fix Iter
Phase 6.2 Non Free Resource Hold Fix Iter | Checksum: 1599c7537

Time (s): cpu = 00:01:11 ; elapsed = 00:00:31 . Memory (MB): peak = 3782.699 ; gain = 0.000 ; free physical = 251 ; free virtual = 49591
Phase 6 Post Hold Fix | Checksum: 1599c7537

Time (s): cpu = 00:01:11 ; elapsed = 00:00:31 . Memory (MB): peak = 3782.699 ; gain = 0.000 ; free physical = 251 ; free virtual = 49591

Phase 7 Route finalize

Router Utilization Summary
  Global Vertical Routing Utilization    = 2.92346 %
  Global Horizontal Routing Utilization  = 3.29347 %
  Routable Net Status*
  *Does not include unroutable nets such as driverless and loadless.
  Run report_route_status for detailed report.
  Number of Failed Nets               = 0
    (Failed Nets is the sum of unrouted and partially routed nets)
  Number of Unrouted Nets             = 0
  Number of Partially Routed Nets     = 0
  Number of Node Overlaps             = 0

Phase 7 Route finalize | Checksum: 1599c7537

Time (s): cpu = 00:01:12 ; elapsed = 00:00:31 . Memory (MB): peak = 3782.699 ; gain = 0.000 ; free physical = 251 ; free virtual = 49591

Phase 8 Verifying routed nets

 Verification completed successfully
Phase 8 Verifying routed nets | Checksum: 1599c7537

Time (s): cpu = 00:01:12 ; elapsed = 00:00:31 . Memory (MB): peak = 3782.699 ; gain = 0.000 ; free physical = 252 ; free virtual = 49592

Phase 9 Depositing Routes
Phase 9 Depositing Routes | Checksum: 1550e2ea3

Time (s): cpu = 00:01:13 ; elapsed = 00:00:32 . Memory (MB): peak = 3782.699 ; gain = 0.000 ; free physical = 254 ; free virtual = 49595

Phase 10 Post Router Timing

Phase 10.1 Update Timing
Phase 10.1 Update Timing | Checksum: 1876abab7

Time (s): cpu = 00:01:18 ; elapsed = 00:00:34 . Memory (MB): peak = 3782.699 ; gain = 0.000 ; free physical = 242 ; free virtual = 49582
INFO: [Route 35-57] Estimated Timing Summary | WNS=0.769  | TNS=0.000  | WHS=0.050  | THS=0.000  |

INFO: [Route 35-327] The final timing numbers are based on the router estimated timing analysis. For a complete and accurate timing signoff, please run report_timing_summary.
Phase 10 Post Router Timing | Checksum: 1876abab7

Time (s): cpu = 00:01:18 ; elapsed = 00:00:34 . Memory (MB): peak = 3782.699 ; gain = 0.000 ; free physical = 242 ; free virtual = 49582
INFO: [Route 35-16] Router Completed Successfully

Phase 11 Post-Route Event Processing
Phase 11 Post-Route Event Processing | Checksum: 19818d255

Time (s): cpu = 00:01:19 ; elapsed = 00:00:34 . Memory (MB): peak = 3782.699 ; gain = 0.000 ; free physical = 246 ; free virtual = 49586
Ending Routing Task | Checksum: 19818d255

Time (s): cpu = 00:01:19 ; elapsed = 00:00:34 . Memory (MB): peak = 3782.699 ; gain = 0.000 ; free physical = 246 ; free virtual = 49586

Routing Is Done.
INFO: [Common 17-83] Releasing license: Implementation
398 Infos, 139 Warnings, 0 Critical Warnings and 0 Errors encountered.
route_design completed successfully
route_design: Time (s): cpu = 00:01:22 ; elapsed = 00:00:36 . Memory (MB): peak = 3782.699 ; gain = 0.000 ; free physical = 246 ; free virtual = 49586
INFO: [Timing 38-91] UpdateTimingParams: Speed grade: -1, Delay Type: max.
INFO: [Timing 38-191] Multithreading enabled for timing update using a maximum of 8 CPUs
INFO: [Timing 38-78] ReportTimingParams: -max_paths 1 -nworst 1 -delay_type max -sort_by slack.
INFO: [Timing 38-91] UpdateTimingParams: Speed grade: -1, Delay Type: min_max.
INFO: [Timing 38-191] Multithreading enabled for timing update using a maximum of 8 CPUs
WARNING: [Timing 38-436] There are set_bus_skew constraint(s) in this design. Please run report_bus_skew to ensure that bus skew requirements are met.
Command: write_bitstream -force -bin_file bitstreams/astropix-cmodr2_3_CONFIG_SE_26022501
Attempting to get a license for feature 'Implementation' and/or device 'xc7a35t'
INFO: [Common 17-349] Got license for feature 'Implementation' and/or device 'xc7a35t'
Running DRC as a precondition to command write_bitstream
INFO: [IP_Flow 19-1839] IP Catalog is up to date.
INFO: [DRC 23-27] Running DRC with 8 threads
WARNING: [DRC CHECK-3] Report rule limit reached: REQP-1840 rule limit reached: 20 violations have been found.
WARNING: [DRC REQP-1840] RAMB18 async control check: The RAMB18E1 astep24_3l_top_I/loopback_spi_layer_0/miso_fifo/inst/gen_fifo.xpm_fifo_axis_inst/xpm_fifo_base_inst/gen_sdpram.xpm_memory_base_inst/gen_wr_a.gen_word_narrow.mem_reg has an input control pin astep24_3l_top_I/loopback_spi_layer_0/miso_fifo/inst/gen_fifo.xpm_fifo_axis_inst/xpm_fifo_base_inst/gen_sdpram.xpm_memory_base_inst/gen_wr_a.gen_word_narrow.mem_reg/ENBWREN (net: astep24_3l_top_I/loopback_spi_layer_0/miso_fifo/inst/gen_fifo.xpm_fifo_axis_inst/xpm_fifo_base_inst/gen_sdpram.xpm_memory_base_inst/enb) which is driven by a register (astep24_3l_top_I/loopback_spi_layer_0/spi_egress/egress_bit_counter_reg[1]) that has an active asychronous set or reset. This may cause corruption of the memory contents and/or read values when the set/reset is asserted and is not analyzed by the default static timing analysis. It is suggested to eliminate the use of a set/reset to registers driving this RAMB pin or else use a synchronous reset in which the assertion of the reset is timed by default.
WARNING: [DRC REQP-1840] RAMB18 async control check: The RAMB18E1 astep24_3l_top_I/loopback_spi_layer_0/miso_fifo/inst/gen_fifo.xpm_fifo_axis_inst/xpm_fifo_base_inst/gen_sdpram.xpm_memory_base_inst/gen_wr_a.gen_word_narrow.mem_reg has an input control pin astep24_3l_top_I/loopback_spi_layer_0/miso_fifo/inst/gen_fifo.xpm_fifo_axis_inst/xpm_fifo_base_inst/gen_sdpram.xpm_memory_base_inst/gen_wr_a.gen_word_narrow.mem_reg/ENBWREN (net: astep24_3l_top_I/loopback_spi_layer_0/miso_fifo/inst/gen_fifo.xpm_fifo_axis_inst/xpm_fifo_base_inst/gen_sdpram.xpm_memory_base_inst/enb) which is driven by a register (astep24_3l_top_I/loopback_spi_layer_0/spi_egress/egress_bit_counter_reg[2]) that has an active asychronous set or reset. This may cause corruption of the memory contents and/or read values when the set/reset is asserted and is not analyzed by the default static timing analysis. It is suggested to eliminate the use of a set/reset to registers driving this RAMB pin or else use a synchronous reset in which the assertion of the reset is timed by default.
WARNING: [DRC REQP-1840] RAMB18 async control check: The RAMB18E1 astep24_3l_top_I/loopback_spi_layer_0/spi_igress_fifo/inst/gen_fifo.xpm_fifo_axis_inst/xpm_fifo_base_inst/gen_sdpram.xpm_memory_base_inst/gen_wr_a.gen_word_narrow.mem_reg has an input control pin astep24_3l_top_I/loopback_spi_layer_0/spi_igress_fifo/inst/gen_fifo.xpm_fifo_axis_inst/xpm_fifo_base_inst/gen_sdpram.xpm_memory_base_inst/gen_wr_a.gen_word_narrow.mem_reg/ENARDEN (net: astep24_3l_top_I/loopback_spi_layer_0/spi_igress_fifo/inst/gen_fifo.xpm_fifo_axis_inst/xpm_fifo_base_inst/gen_sdpram.xpm_memory_base_inst/wea[0]) which is driven by a register (astep24_3l_top_I/loopback_spi_layer_0/spi_igress/m_axis_tvalid_reg) that has an active asychronous set or reset. This may cause corruption of the memory contents and/or read values when the set/reset is asserted and is not analyzed by the default static timing analysis. It is suggested to eliminate the use of a set/reset to registers driving this RAMB pin or else use a synchronous reset in which the assertion of the reset is timed by default.
WARNING: [DRC REQP-1840] RAMB18 async control check: The RAMB18E1 astep24_3l_top_I/loopback_spi_layer_1/miso_fifo/inst/gen_fifo.xpm_fifo_axis_inst/xpm_fifo_base_inst/gen_sdpram.xpm_memory_base_inst/gen_wr_a.gen_word_narrow.mem_reg has an input control pin astep24_3l_top_I/loopback_spi_layer_1/miso_fifo/inst/gen_fifo.xpm_fifo_axis_inst/xpm_fifo_base_inst/gen_sdpram.xpm_memory_base_inst/gen_wr_a.gen_word_narrow.mem_reg/ENBWREN (net: astep24_3l_top_I/loopback_spi_layer_1/miso_fifo/inst/gen_fifo.xpm_fifo_axis_inst/xpm_fifo_base_inst/gen_sdpram.xpm_memory_base_inst/enb) which is driven by a register (astep24_3l_top_I/loopback_spi_layer_1/spi_egress/egress_bit_counter_reg[1]) that has an active asychronous set or reset. This may cause corruption of the memory contents and/or read values when the set/reset is asserted and is not analyzed by the default static timing analysis. It is suggested to eliminate the use of a set/reset to registers driving this RAMB pin or else use a synchronous reset in which the assertion of the reset is timed by default.
WARNING: [DRC REQP-1840] RAMB18 async control check: The RAMB18E1 astep24_3l_top_I/loopback_spi_layer_1/miso_fifo/inst/gen_fifo.xpm_fifo_axis_inst/xpm_fifo_base_inst/gen_sdpram.xpm_memory_base_inst/gen_wr_a.gen_word_narrow.mem_reg has an input control pin astep24_3l_top_I/loopback_spi_layer_1/miso_fifo/inst/gen_fifo.xpm_fifo_axis_inst/xpm_fifo_base_inst/gen_sdpram.xpm_memory_base_inst/gen_wr_a.gen_word_narrow.mem_reg/ENBWREN (net: astep24_3l_top_I/loopback_spi_layer_1/miso_fifo/inst/gen_fifo.xpm_fifo_axis_inst/xpm_fifo_base_inst/gen_sdpram.xpm_memory_base_inst/enb) which is driven by a register (astep24_3l_top_I/loopback_spi_layer_1/spi_egress/egress_bit_counter_reg[2]) that has an active asychronous set or reset. This may cause corruption of the memory contents and/or read values when the set/reset is asserted and is not analyzed by the default static timing analysis. It is suggested to eliminate the use of a set/reset to registers driving this RAMB pin or else use a synchronous reset in which the assertion of the reset is timed by default.
WARNING: [DRC REQP-1840] RAMB18 async control check: The RAMB18E1 astep24_3l_top_I/loopback_spi_layer_1/spi_igress_fifo/inst/gen_fifo.xpm_fifo_axis_inst/xpm_fifo_base_inst/gen_sdpram.xpm_memory_base_inst/gen_wr_a.gen_word_narrow.mem_reg has an input control pin astep24_3l_top_I/loopback_spi_layer_1/spi_igress_fifo/inst/gen_fifo.xpm_fifo_axis_inst/xpm_fifo_base_inst/gen_sdpram.xpm_memory_base_inst/gen_wr_a.gen_word_narrow.mem_reg/ENARDEN (net: astep24_3l_top_I/loopback_spi_layer_1/spi_igress_fifo/inst/gen_fifo.xpm_fifo_axis_inst/xpm_fifo_base_inst/gen_sdpram.xpm_memory_base_inst/wea[0]) which is driven by a register (astep24_3l_top_I/loopback_spi_layer_1/spi_igress/m_axis_tvalid_reg) that has an active asychronous set or reset. This may cause corruption of the memory contents and/or read values when the set/reset is asserted and is not analyzed by the default static timing analysis. It is suggested to eliminate the use of a set/reset to registers driving this RAMB pin or else use a synchronous reset in which the assertion of the reset is timed by default.
WARNING: [DRC REQP-1840] RAMB18 async control check: The RAMB18E1 astep24_3l_top_I/loopback_spi_layer_2/miso_fifo/inst/gen_fifo.xpm_fifo_axis_inst/xpm_fifo_base_inst/gen_sdpram.xpm_memory_base_inst/gen_wr_a.gen_word_narrow.mem_reg has an input control pin astep24_3l_top_I/loopback_spi_layer_2/miso_fifo/inst/gen_fifo.xpm_fifo_axis_inst/xpm_fifo_base_inst/gen_sdpram.xpm_memory_base_inst/gen_wr_a.gen_word_narrow.mem_reg/ENBWREN (net: astep24_3l_top_I/loopback_spi_layer_2/miso_fifo/inst/gen_fifo.xpm_fifo_axis_inst/xpm_fifo_base_inst/gen_sdpram.xpm_memory_base_inst/enb) which is driven by a register (astep24_3l_top_I/loopback_spi_layer_2/spi_egress/egress_bit_counter_reg[1]) that has an active asychronous set or reset. This may cause corruption of the memory contents and/or read values when the set/reset is asserted and is not analyzed by the default static timing analysis. It is suggested to eliminate the use of a set/reset to registers driving this RAMB pin or else use a synchronous reset in which the assertion of the reset is timed by default.
WARNING: [DRC REQP-1840] RAMB18 async control check: The RAMB18E1 astep24_3l_top_I/loopback_spi_layer_2/miso_fifo/inst/gen_fifo.xpm_fifo_axis_inst/xpm_fifo_base_inst/gen_sdpram.xpm_memory_base_inst/gen_wr_a.gen_word_narrow.mem_reg has an input control pin astep24_3l_top_I/loopback_spi_layer_2/miso_fifo/inst/gen_fifo.xpm_fifo_axis_inst/xpm_fifo_base_inst/gen_sdpram.xpm_memory_base_inst/gen_wr_a.gen_word_narrow.mem_reg/ENBWREN (net: astep24_3l_top_I/loopback_spi_layer_2/miso_fifo/inst/gen_fifo.xpm_fifo_axis_inst/xpm_fifo_base_inst/gen_sdpram.xpm_memory_base_inst/enb) which is driven by a register (astep24_3l_top_I/loopback_spi_layer_2/spi_egress/egress_bit_counter_reg[2]) that has an active asychronous set or reset. This may cause corruption of the memory contents and/or read values when the set/reset is asserted and is not analyzed by the default static timing analysis. It is suggested to eliminate the use of a set/reset to registers driving this RAMB pin or else use a synchronous reset in which the assertion of the reset is timed by default.
WARNING: [DRC REQP-1840] RAMB18 async control check: The RAMB18E1 astep24_3l_top_I/loopback_spi_layer_2/spi_igress_fifo/inst/gen_fifo.xpm_fifo_axis_inst/xpm_fifo_base_inst/gen_sdpram.xpm_memory_base_inst/gen_wr_a.gen_word_narrow.mem_reg has an input control pin astep24_3l_top_I/loopback_spi_layer_2/spi_igress_fifo/inst/gen_fifo.xpm_fifo_axis_inst/xpm_fifo_base_inst/gen_sdpram.xpm_memory_base_inst/gen_wr_a.gen_word_narrow.mem_reg/ENARDEN (net: astep24_3l_top_I/loopback_spi_layer_2/spi_igress_fifo/inst/gen_fifo.xpm_fifo_axis_inst/xpm_fifo_base_inst/gen_sdpram.xpm_memory_base_inst/wea[0]) which is driven by a register (astep24_3l_top_I/loopback_spi_layer_2/spi_igress/m_axis_tvalid_reg) that has an active asychronous set or reset. This may cause corruption of the memory contents and/or read values when the set/reset is asserted and is not analyzed by the default static timing analysis. It is suggested to eliminate the use of a set/reset to registers driving this RAMB pin or else use a synchronous reset in which the assertion of the reset is timed by default.
WARNING: [DRC REQP-1840] RAMB18 async control check: The RAMB18E1 astep24_3l_top_I/sw_if/spi_egress_fifo/inst/gen_fifo.xpm_fifo_axis_inst/xpm_fifo_base_inst/gen_sdpram.xpm_memory_base_inst/gen_wr_a.gen_word_narrow.mem_reg has an input control pin astep24_3l_top_I/sw_if/spi_egress_fifo/inst/gen_fifo.xpm_fifo_axis_inst/xpm_fifo_base_inst/gen_sdpram.xpm_memory_base_inst/gen_wr_a.gen_word_narrow.mem_reg/ENARDEN (net: astep24_3l_top_I/sw_if/spi_egress_fifo/inst/gen_fifo.xpm_fifo_axis_inst/xpm_fifo_base_inst/gen_sdpram.xpm_memory_base_inst/enb) which is driven by a register (astep24_3l_top_I/sw_if/readout_framing/s_axis_tready_reg) that has an active asychronous set or reset. This may cause corruption of the memory contents and/or read values when the set/reset is asserted and is not analyzed by the default static timing analysis. It is suggested to eliminate the use of a set/reset to registers driving this RAMB pin or else use a synchronous reset in which the assertion of the reset is timed by default.
WARNING: [DRC REQP-1840] RAMB18 async control check: The RAMB18E1 astep24_3l_top_I/sw_if/spi_igress_fifo/inst/gen_fifo.xpm_fifo_axis_inst/xpm_fifo_base_inst/gen_sdpram.xpm_memory_base_inst/gen_wr_a.gen_word_narrow.mem_reg has an input control pin astep24_3l_top_I/sw_if/spi_igress_fifo/inst/gen_fifo.xpm_fifo_axis_inst/xpm_fifo_base_inst/gen_sdpram.xpm_memory_base_inst/gen_wr_a.gen_word_narrow.mem_reg/ENBWREN (net: astep24_3l_top_I/sw_if/spi_igress_fifo/inst/gen_fifo.xpm_fifo_axis_inst/xpm_fifo_base_inst/gen_sdpram.xpm_memory_base_inst/wea[0]) which is driven by a register (astep24_3l_top_I/sw_if/spi_igress/m_axis_tvalid_reg) that has an active asychronous set or reset. This may cause corruption of the memory contents and/or read values when the set/reset is asserted and is not analyzed by the default static timing analysis. It is suggested to eliminate the use of a set/reset to registers driving this RAMB pin or else use a synchronous reset in which the assertion of the reset is timed by default.
WARNING: [DRC REQP-1840] RAMB18 async control check: The RAMB18E1 astep24_3l_top_I/sw_if/spi_igress_fifo/inst/gen_fifo.xpm_fifo_axis_inst/xpm_fifo_base_inst/gen_sdpram.xpm_memory_base_inst/gen_wr_a.gen_word_narrow.mem_reg has an input control pin astep24_3l_top_I/sw_if/spi_igress_fifo/inst/gen_fifo.xpm_fifo_axis_inst/xpm_fifo_base_inst/gen_sdpram.xpm_memory_base_inst/gen_wr_a.gen_word_narrow.mem_reg/WEBWE[0] (net: astep24_3l_top_I/sw_if/spi_igress_fifo/inst/gen_fifo.xpm_fifo_axis_inst/xpm_fifo_base_inst/gen_sdpram.xpm_memory_base_inst/wea[0]) which is driven by a register (astep24_3l_top_I/sw_if/spi_igress/m_axis_tvalid_reg) that has an active asychronous set or reset. This may cause corruption of the memory contents and/or read values when the set/reset is asserted and is not analyzed by the default static timing analysis. It is suggested to eliminate the use of a set/reset to registers driving this RAMB pin or else use a synchronous reset in which the assertion of the reset is timed by default.
WARNING: [DRC REQP-1840] RAMB18 async control check: The RAMB18E1 astep24_3l_top_I/sw_if/spi_igress_fifo/inst/gen_fifo.xpm_fifo_axis_inst/xpm_fifo_base_inst/gen_sdpram.xpm_memory_base_inst/gen_wr_a.gen_word_narrow.mem_reg has an input control pin astep24_3l_top_I/sw_if/spi_igress_fifo/inst/gen_fifo.xpm_fifo_axis_inst/xpm_fifo_base_inst/gen_sdpram.xpm_memory_base_inst/gen_wr_a.gen_word_narrow.mem_reg/WEBWE[1] (net: astep24_3l_top_I/sw_if/spi_igress_fifo/inst/gen_fifo.xpm_fifo_axis_inst/xpm_fifo_base_inst/gen_sdpram.xpm_memory_base_inst/wea[0]) which is driven by a register (astep24_3l_top_I/sw_if/spi_igress/m_axis_tvalid_reg) that has an active asychronous set or reset. This may cause corruption of the memory contents and/or read values when the set/reset is asserted and is not analyzed by the default static timing analysis. It is suggested to eliminate the use of a set/reset to registers driving this RAMB pin or else use a synchronous reset in which the assertion of the reset is timed by default.
WARNING: [DRC REQP-1840] RAMB18 async control check: The RAMB18E1 astep24_3l_top_I/sw_if/spi_igress_fifo/inst/gen_fifo.xpm_fifo_axis_inst/xpm_fifo_base_inst/gen_sdpram.xpm_memory_base_inst/gen_wr_a.gen_word_narrow.mem_reg has an input control pin astep24_3l_top_I/sw_if/spi_igress_fifo/inst/gen_fifo.xpm_fifo_axis_inst/xpm_fifo_base_inst/gen_sdpram.xpm_memory_base_inst/gen_wr_a.gen_word_narrow.mem_reg/WEBWE[2] (net: astep24_3l_top_I/sw_if/spi_igress_fifo/inst/gen_fifo.xpm_fifo_axis_inst/xpm_fifo_base_inst/gen_sdpram.xpm_memory_base_inst/wea[0]) which is driven by a register (astep24_3l_top_I/sw_if/spi_igress/m_axis_tvalid_reg) that has an active asychronous set or reset. This may cause corruption of the memory contents and/or read values when the set/reset is asserted and is not analyzed by the default static timing analysis. It is suggested to eliminate the use of a set/reset to registers driving this RAMB pin or else use a synchronous reset in which the assertion of the reset is timed by default.
WARNING: [DRC REQP-1840] RAMB18 async control check: The RAMB18E1 astep24_3l_top_I/sw_if/spi_igress_fifo/inst/gen_fifo.xpm_fifo_axis_inst/xpm_fifo_base_inst/gen_sdpram.xpm_memory_base_inst/gen_wr_a.gen_word_narrow.mem_reg has an input control pin astep24_3l_top_I/sw_if/spi_igress_fifo/inst/gen_fifo.xpm_fifo_axis_inst/xpm_fifo_base_inst/gen_sdpram.xpm_memory_base_inst/gen_wr_a.gen_word_narrow.mem_reg/WEBWE[3] (net: astep24_3l_top_I/sw_if/spi_igress_fifo/inst/gen_fifo.xpm_fifo_axis_inst/xpm_fifo_base_inst/gen_sdpram.xpm_memory_base_inst/wea[0]) which is driven by a register (astep24_3l_top_I/sw_if/spi_igress/m_axis_tvalid_reg) that has an active asychronous set or reset. This may cause corruption of the memory contents and/or read values when the set/reset is asserted and is not analyzed by the default static timing analysis. It is suggested to eliminate the use of a set/reset to registers driving this RAMB pin or else use a synchronous reset in which the assertion of the reset is timed by default.
WARNING: [DRC REQP-1840] RAMB18 async control check: The RAMB18E1 astep24_3l_top_I/sw_if/uart_egress_fifo/inst/gen_fifo.xpm_fifo_axis_inst/xpm_fifo_base_inst/gen_sdpram.xpm_memory_base_inst/gen_wr_a.gen_word_narrow.mem_reg has an input control pin astep24_3l_top_I/sw_if/uart_egress_fifo/inst/gen_fifo.xpm_fifo_axis_inst/xpm_fifo_base_inst/gen_sdpram.xpm_memory_base_inst/gen_wr_a.gen_word_narrow.mem_reg/ENARDEN (net: astep24_3l_top_I/sw_if/uart_egress_fifo/inst/gen_fifo.xpm_fifo_axis_inst/xpm_fifo_base_inst/gen_sdpram.xpm_memory_base_inst/enb) which is driven by a register (astep24_3l_top_I/sw_if/neo_uart_axis/s_axis_tready_int_reg) that has an active asychronous set or reset. This may cause corruption of the memory contents and/or read values when the set/reset is asserted and is not analyzed by the default static timing analysis. It is suggested to eliminate the use of a set/reset to registers driving this RAMB pin or else use a synchronous reset in which the assertion of the reset is timed by default.
WARNING: [DRC REQP-1840] RAMB18 async control check: The RAMB18E1 astep24_3l_top_I/sw_if/uart_igress_fifo/inst/gen_fifo.xpm_fifo_axis_inst/xpm_fifo_base_inst/gen_sdpram.xpm_memory_base_inst/gen_wr_a.gen_word_narrow.mem_reg has an input control pin astep24_3l_top_I/sw_if/uart_igress_fifo/inst/gen_fifo.xpm_fifo_axis_inst/xpm_fifo_base_inst/gen_sdpram.xpm_memory_base_inst/gen_wr_a.gen_word_narrow.mem_reg/ENBWREN (net: astep24_3l_top_I/sw_if/uart_igress_fifo/inst/gen_fifo.xpm_fifo_axis_inst/xpm_fifo_base_inst/gen_sdpram.xpm_memory_base_inst/wea[0]) which is driven by a register (astep24_3l_top_I/sw_if/neo_uart_axis/m_axis_tvalid_int_reg) that has an active asychronous set or reset. This may cause corruption of the memory contents and/or read values when the set/reset is asserted and is not analyzed by the default static timing analysis. It is suggested to eliminate the use of a set/reset to registers driving this RAMB pin or else use a synchronous reset in which the assertion of the reset is timed by default.
WARNING: [DRC REQP-1840] RAMB18 async control check: The RAMB18E1 astep24_3l_top_I/sw_if/uart_igress_fifo/inst/gen_fifo.xpm_fifo_axis_inst/xpm_fifo_base_inst/gen_sdpram.xpm_memory_base_inst/gen_wr_a.gen_word_narrow.mem_reg has an input control pin astep24_3l_top_I/sw_if/uart_igress_fifo/inst/gen_fifo.xpm_fifo_axis_inst/xpm_fifo_base_inst/gen_sdpram.xpm_memory_base_inst/gen_wr_a.gen_word_narrow.mem_reg/WEBWE[1] (net: astep24_3l_top_I/sw_if/uart_igress_fifo/inst/gen_fifo.xpm_fifo_axis_inst/xpm_fifo_base_inst/gen_sdpram.xpm_memory_base_inst/wea[0]) which is driven by a register (astep24_3l_top_I/sw_if/neo_uart_axis/m_axis_tvalid_int_reg) that has an active asychronous set or reset. This may cause corruption of the memory contents and/or read values when the set/reset is asserted and is not analyzed by the default static timing analysis. It is suggested to eliminate the use of a set/reset to registers driving this RAMB pin or else use a synchronous reset in which the assertion of the reset is timed by default.
WARNING: [DRC REQP-1840] RAMB18 async control check: The RAMB18E1 astep24_3l_top_I/sw_if/uart_igress_fifo/inst/gen_fifo.xpm_fifo_axis_inst/xpm_fifo_base_inst/gen_sdpram.xpm_memory_base_inst/gen_wr_a.gen_word_narrow.mem_reg has an input control pin astep24_3l_top_I/sw_if/uart_igress_fifo/inst/gen_fifo.xpm_fifo_axis_inst/xpm_fifo_base_inst/gen_sdpram.xpm_memory_base_inst/gen_wr_a.gen_word_narrow.mem_reg/WEBWE[2] (net: astep24_3l_top_I/sw_if/uart_igress_fifo/inst/gen_fifo.xpm_fifo_axis_inst/xpm_fifo_base_inst/gen_sdpram.xpm_memory_base_inst/wea[0]) which is driven by a register (astep24_3l_top_I/sw_if/neo_uart_axis/m_axis_tvalid_int_reg) that has an active asychronous set or reset. This may cause corruption of the memory contents and/or read values when the set/reset is asserted and is not analyzed by the default static timing analysis. It is suggested to eliminate the use of a set/reset to registers driving this RAMB pin or else use a synchronous reset in which the assertion of the reset is timed by default.
WARNING: [DRC REQP-1840] RAMB18 async control check: The RAMB18E1 astep24_3l_top_I/sw_if/uart_igress_fifo/inst/gen_fifo.xpm_fifo_axis_inst/xpm_fifo_base_inst/gen_sdpram.xpm_memory_base_inst/gen_wr_a.gen_word_narrow.mem_reg has an input control pin astep24_3l_top_I/sw_if/uart_igress_fifo/inst/gen_fifo.xpm_fifo_axis_inst/xpm_fifo_base_inst/gen_sdpram.xpm_memory_base_inst/gen_wr_a.gen_word_narrow.mem_reg/WEBWE[3] (net: astep24_3l_top_I/sw_if/uart_igress_fifo/inst/gen_fifo.xpm_fifo_axis_inst/xpm_fifo_base_inst/gen_sdpram.xpm_memory_base_inst/wea[0]) which is driven by a register (astep24_3l_top_I/sw_if/neo_uart_axis/m_axis_tvalid_int_reg) that has an active asychronous set or reset. This may cause corruption of the memory contents and/or read values when the set/reset is asserted and is not analyzed by the default static timing analysis. It is suggested to eliminate the use of a set/reset to registers driving this RAMB pin or else use a synchronous reset in which the assertion of the reset is timed by default.
INFO: [Vivado 12-3199] DRC finished with 0 Errors, 21 Warnings
INFO: [Vivado 12-3200] Please refer to the DRC report (report_drc) for more information.
INFO: [Designutils 20-2272] Running write_bitstream with 8 threads.
Loading data files...
Loading site data...
Loading route data...
Processing options...
Creating bitmap...
Creating bitstream...
Bitstream compression saved 8030112 bits.
Writing bitstream bitstreams/astropix-cmodr2_3_CONFIG_SE_26022501.bit...
Writing bitstream bitstreams/astropix-cmodr2_3_CONFIG_SE_26022501.bin...
INFO: [Vivado 12-1842] Bitgen Completed Successfully.
INFO: [Project 1-1876] WebTalk data collection is mandatory when using a ULT device. To see the specific WebTalk data collected for your design, open the usage_statistics_webtalk.html or usage_statistics_webtalk.xml file in the implementation directory.
INFO: [Common 17-83] Releasing license: Implementation
412 Infos, 161 Warnings, 0 Critical Warnings and 0 Errors encountered.
write_bitstream completed successfully
write_bitstream: Time (s): cpu = 00:00:29 ; elapsed = 00:00:22 . Memory (MB): peak = 3782.699 ; gain = 0.000 ; free physical = 165 ; free virtual = 49513
Command: write_cfgmem -force -format mcs -size 32 -interface SPIx1 -loadbit {up 0x00000000 bitstreams/astropix-cmodr2_3_CONFIG_SE_26022501.bit} -file bitstreams/astropix-cmodr2_3_CONFIG_SE_26022501.mcs
Creating config memory files...
Creating bitstream load up from address 0x00000000
Loading bitfile bitstreams/astropix-cmodr2_3_CONFIG_SE_26022501.bit
Writing file bitstreams/astropix-cmodr2_3_CONFIG_SE_26022501.mcs
Writing log file bitstreams/astropix-cmodr2_3_CONFIG_SE_26022501.prm
===================================
Configuration Memory information
===================================
File Format        MCS
Interface          SPIX1
Size               32M
Start Address      0x00000000
End Address        0x01FFFFFF

Addr1         Addr2         Date                    File(s)
0x00000000    0x00122193    Feb 25 12:09:25 2026    bitstreams/astropix-cmodr2_3_CONFIG_SE_26022501.bit
412 Infos, 161 Warnings, 0 Critical Warnings and 0 Errors encountered.
write_cfgmem completed successfully
INFO: [Common 17-206] Exiting Vivado at Wed Feb 25 12:09:27 2026...
