,readout,layer,chipID,payload,location,isCol,timestamp,tot_msb,tot_lsb,tot_total,tot_us,fpga_ts
0,0,1,0,4,14,False,78,5,46,1326,13.26,0
1,0,1,0,4,0,False,211,5,203,1483,14.83,0
2,0,1,0,4,15,False,76,3,200,968,9.68,0
3,0,1,0,4,16,False,184,7,57,1849,18.49,0
4,0,1,0,4,5,True,78,5,41,1321,13.21,0
5,0,1,0,4,7,False,183,14,238,3822,38.22,0
6,0,1,0,4,6,True,76,3,178,946,9.46,0
7,0,1,0,4,8,False,183,13,193,3521,35.21,0
8,0,1,0,4,7,True,168,15,222,4062,40.62,0
9,0,1,0,4,9,False,163,6,157,1693,16.93,0
10,0,1,0,4,10,False,183,3,195,963,9.63,0
11,0,1,0,4,5,True,183,10,213,2773,27.73,0
12,0,1,0,4,11,False,183,15,135,3975,39.75,0
13,0,1,0,4,32,True,210,13,230,3558,35.58,0
14,0,1,0,4,12,False,183,3,64,832,8.32,0
15,0,1,0,4,13,False,184,8,186,2234,22.34,0
16,0,1,0,4,15,False,185,10,222,2782,27.82,0
17,0,1,0,4,19,False,210,5,96,1376,13.76,0
18,0,1,0,4,23,False,183,9,10,2314,23.14,1694630913
19,0,0,0,0,0,False,0,0,10,10,0.1,459777
20,0,47,0,0,0,False,0,0,13,13,0.13,2198122241
21,0,-1,-1,-1,-1,True,-1,-1,-1,-1,-1.0,-1
22,0,-1,-1,-1,-1,True,-1,-1,-1,-1,-1.0,-1
23,0,-1,-1,-1,-1,True,-1,-1,-1,-1,-1.0,-1
24,0,-1,-1,-1,-1,True,-1,-1,-1,-1,-1.0,-1
25,0,1,0,4,19,False,114,3,137,905,9.05,0
26,0,1,0,4,6,True,114,3,119,887,8.87,0
27,0,1,0,4,18,False,113,5,136,1416,14.16,0
28,0,1,0,4,5,True,113,5,116,1396,13.96,0
29,0,1,0,4,27,False,35,2,142,654,6.54,0
30,0,1,0,4,15,True,35,2,120,632,6.32,0
31,0,1,0,4,33,False,18,15,169,4009,40.09,0
32,0,1,0,4,13,True,18,15,150,3990,39.9,0
33,0,1,0,4,3,False,146,9,66,2370,23.7,0
34,0,1,0,4,16,True,146,9,44,2348,23.48,0
35,0,1,0,4,5,False,186,4,240,1264,12.64,0
36,0,1,0,4,5,True,186,4,224,1248,12.48,0
37,0,1,0,4,17,False,119,4,4,1028,10.28,0
38,0,1,1,2,50,True,3,0,0,0,0.0,0
39,0,1,31,0,0,False,0,0,0,0,0.0,0
40,0,1,2,4,4,False,134,7,3,1795,17.95,0
41,0,1,0,4,3,False,125,10,74,2634,26.34,0
42,0,1,31,7,61,False,61,13,61,3389,33.89,4013373
43,0,1,0,4,23,False,118,2,175,687,6.87,0
44,0,1,0,4,13,True,117,2,156,668,6.68,0
45,0,-1,-1,-1,-1,True,-1,-1,-1,-1,-1.0,-1
46,0,1,0,4,13,False,179,9,86,2390,23.9,0
47,0,1,0,4,15,False,53,10,32,2592,25.92,0
48,0,1,0,4,4,True,108,10,79,2639,26.39,0
49,0,1,0,4,5,True,107,11,12,2828,28.28,0
50,0,1,0,4,7,True,124,8,225,2273,22.73,0
51,0,1,0,4,9,True,53,15,243,4083,40.83,0
52,0,1,0,4,13,True,179,10,8,2568,25.68,0
53,0,1,0,4,14,True,104,13,163,3491,34.91,0
54,0,1,0,4,15,True,178,6,118,1654,16.54,0
55,0,1,0,4,16,True,178,11,188,3004,30.04,0
56,0,1,0,4,17,True,178,1,188,444,4.44,0
57,0,1,0,4,18,True,178,4,111,1135,11.35,0
58,0,1,0,4,19,True,125,12,245,3317,33.17,0
59,0,1,0,4,20,True,178,2,153,665,6.65,0
60,0,1,0,4,21,True,178,2,10,522,5.22,0
61,0,1,0,4,22,True,178,15,180,4020,40.2,0
62,0,1,0,4,23,True,178,0,94,94,0.94,0
63,0,1,0,4,24,True,178,13,229,3557,35.57,0
64,0,1,0,4,25,True,178,3,83,851,8.51,0
65,0,1,0,4,26,True,178,4,101,1125,11.25,0
66,0,1,0,4,27,True,178,5,202,1482,14.82,0
67,0,1,0,4,28,True,178,3,107,875,8.75,0
68,0,1,0,4,29,True,178,14,134,3718,37.18,0
69,0,1,0,4,30,True,178,15,28,3868,38.68,0
70,0,1,0,4,31,True,178,0,4,4,0.04,0
71,0,1,0,4,32,True,178,10,1,2561,25.61,38569732
72,0,-1,-1,-1,-1,True,-1,-1,-1,-1,-1.0,-1
73,0,-1,-1,-1,-1,True,-1,-1,-1,-1,-1.0,-1
74,0,-1,-1,-1,-1,True,-1,-1,-1,-1,-1.0,-1
75,0,-1,-1,-1,-1,True,-1,-1,-1,-1,-1.0,-1
76,0,1,0,4,8,False,72,9,83,2387,23.87,0
77,0,1,0,4,6,True,71,9,62,2366,23.66,0
78,0,1,0,4,6,False,253,0,108,108,1.08,0
79,0,1,0,4,3,True,253,0,90,90,0.9,0
80,0,1,0,4,10,False,99,1,29,285,2.85,0
81,0,1,0,4,27,True,98,1,9,265,2.65,0
82,0,-1,-1,-1,-1,True,-1,-1,-1,-1,-1.0,-1
83,0,1,27,7,6,False,101,4,8,1032,10.32,14618077
84,0,1,0,4,17,False,223,4,208,1232,12.32,0
85,0,1,0,4,10,False,221,3,201,969,9.69,0
86,0,1,0,4,4,False,132,15,6,3846,38.46,0
87,0,1,0,4,7,False,221,14,86,3670,36.7,0
88,0,1,9,7,4,False,144,15,4,3844,38.44,4013499
89,0,1,0,4,3,False,215,7,190,1982,19.82,0
90,0,1,0,4,13,True,215,7,170,1962,19.62,0
91,0,1,0,4,15,False,125,9,17,2321,23.21,0
92,0,1,0,4,12,True,125,8,252,2300,23.0,0
93,0,1,0,4,27,False,130,5,153,1433,14.33,0
94,0,1,0,4,10,True,130,5,131,1411,14.11,0
95,0,1,0,4,2,False,16,5,169,1449,14.49,0
96,0,1,0,4,3,True,16,5,148,1428,14.28,0
97,0,1,0,4,4,False,94,3,1,769,7.69,0
98,0,1,0,4,11,True,94,2,235,747,7.47,0
99,0,113,0,0,0,False,0,0,10,10,0.1,3399549953
100,0,-1,-1,-1,-1,True,-1,-1,-1,-1,-1.0,-1
101,0,-1,-1,-1,-1,True,-1,-1,-1,-1,-1.0,-1
102,0,-1,-1,-1,-1,True,-1,-1,-1,-1,-1.0,-1
103,0,-1,-1,-1,-1,True,-1,-1,-1,-1,-1.0,-1
104,0,1,0,4,34,True,221,14,91,3675,36.75,0
105,0,1,0,4,0,False,33,7,217,2009,20.09,0
106,0,1,0,4,16,False,34,3,73,841,8.41,0
107,0,1,0,4,13,False,32,7,139,1931,19.31,0
108,0,1,0,4,17,False,32,4,200,1224,12.24,0
109,0,1,0,4,8,False,30,13,151,3479,34.79,0
110,0,1,0,1,18,False,0,0,0,0,0.0,0
111,0,1,0,4,7,False,30,14,248,3832,38.32,0
112,0,1,3,7,3,False,93,4,144,1168,11.68,4013344
113,0,1,0,4,13,False,116,4,129,1153,11.53,0
114,0,1,0,4,15,True,116,4,109,1133,11.33,0
115,0,1,0,4,11,False,116,10,120,2680,26.8,0
116,0,1,0,4,16,True,116,10,100,2660,26.6,0
117,0,1,0,4,19,False,71,3,56,824,8.24,0
118,0,1,0,4,12,True,71,3,38,806,8.06,0
119,0,1,0,4,23,False,2,8,155,2203,22.03,0
120,0,1,0,4,24,True,2,8,135,2183,21.83,0
121,0,1,0,4,15,False,139,0,8,8,0.08,0
122,0,1,0,4,6,True,139,15,243,4083,40.83,0
123,0,-1,-1,-1,-1,True,-1,-1,-1,-1,-1.0,-1
124,0,-1,-1,-1,-1,True,-1,-1,-1,-1,-1.0,-1
125,0,-1,-1,-1,-1,True,-1,-1,-1,-1,-1.0,-1
126,0,-1,-1,-1,-1,True,-1,-1,-1,-1,-1.0,-1
127,0,1,0,4,18,False,163,12,175,3247,32.47,0
128,0,1,0,4,24,True,163,12,155,3227,32.27,0
129,0,1,0,4,28,False,31,13,131,3459,34.59,0
130,0,1,0,4,4,True,31,13,112,3440,34.4,0
131,0,1,0,4,13,True,87,9,134,2438,24.38,0
132,0,1,0,4,7,False,87,5,204,1484,14.84,0
133,0,1,0,4,12,True,87,5,185,1465,14.65,0
134,0,1,0,4,31,False,153,10,108,2668,26.68,0
135,0,1,0,4,19,True,153,10,87,2647,26.47,0
136,0,1,0,4,8,False,71,10,8,2568,25.68,0
137,0,1,0,4,32,True,71,9,246,2550,25.5,0
138,0,1,0,4,7,False,166,6,103,1639,16.39,0
139,0,1,0,4,3,True,166,6,82,1618,16.18,0
140,0,1,0,4,13,False,242,13,161,3489,34.89,0
141,0,1,0,4,22,True,241,13,142,3470,34.7,0
142,0,1,0,4,10,False,130,5,254,1534,15.34,0
143,0,1,0,4,23,True,130,5,236,1516,15.16,0
144,0,1,0,4,4,False,179,1,174,430,4.3,0
145,0,1,0,4,34,True,179,1,155,411,4.11,0
146,0,1,0,4,22,False,132,13,243,3571,35.71,0
147,0,1,0,4,16,True,132,13,225,3553,35.53,0
148,0,1,0,4,17,False,1,15,100,3940,39.4,0
149,0,1,0,4,3,True,1,15,84,3924,39.24,0
150,0,1,0,4,32,False,114,4,73,1097,10.97,0
151,0,1,0,4,13,True,114,4,54,1078,10.78,0
152,0,1,0,4,26,True,179,13,22,3350,33.5,0
153,0,1,0,4,20,False,179,0,228,228,2.28,0
154,0,1,0,4,27,True,179,0,208,208,2.08,0
155,0,1,0,4,1,False,142,11,208,3024,30.24,0
156,0,1,0,4,4,False,1,12,2,3074,30.74,0
157,0,1,16,6,10,True,142,11,4,2820,28.2,13058
158,0,1,23,6,57,True,61,13,61,3389,33.89,15677
159,0,1,0,4,25,False,11,9,233,2537,25.37,0
160,0,1,0,4,10,True,11,9,214,2518,25.18,0
161,0,1,0,4,23,False,6,0,114,114,1.14,0
162,0,1,0,4,7,True,6,0,95,95,0.95,0
163,0,1,0,4,14,False,214,11,128,2944,29.44,0
164,0,1,0,4,3,True,214,11,109,2925,29.25,0
165,0,1,0,4,26,False,83,9,31,2335,23.35,0
166,0,1,0,4,24,False,83,15,129,3969,39.69,0
167,0,1,0,4,25,False,83,1,103,359,3.59,0
168,0,1,0,4,15,True,83,15,111,3951,39.51,0
169,0,1,0,4,16,True,83,1,84,340,3.4,0
170,0,1,0,4,13,False,9,10,74,2634,26.34,0
171,0,1,0,4,14,False,7,6,188,1724,17.24,0
172,0,1,0,4,6,True,7,6,167,1703,17.03,0
173,0,1,0,4,10,False,100,7,222,2014,20.14,0
174,0,1,0,4,12,True,100,7,203,1995,19.95,0
175,0,1,0,4,11,False,11,8,9,2057,20.57,0
176,0,1,0,4,6,True,11,7,245,2037,20.37,0
177,0,1,0,4,3,False,185,10,4,2564,25.64,0
178,0,1,1,3,42,False,15,14,0,3584,35.84,0
179,0,1,17,1,4,False,0,0,0,0,0.0,0
180,0,1,0,4,0,False,5,4,242,1266,12.66,0
181,0,1,17,4,57,True,10,3,61,829,8.29,0
182,0,1,0,4,5,False,145,6,247,1783,17.83,0
183,0,1,0,4,24,True,145,6,228,1764,17.64,0
184,0,-1,-1,-1,-1,True,-1,-1,-1,-1,-1.0,-1
185,0,-1,-1,-1,-1,True,-1,-1,-1,-1,-1.0,-1
186,0,-1,-1,-1,-1,True,-1,-1,-1,-1,-1.0,-1
187,0,-1,-1,-1,-1,True,-1,-1,-1,-1,-1.0,-1
188,0,-1,-1,-1,-1,True,-1,-1,-1,-1,-1.0,-1
189,0,1,0,4,30,True,239,8,185,2233,22.33,0
190,0,1,0,4,31,True,106,0,27,27,0.27,0
191,0,1,0,4,32,True,106,11,59,2875,28.75,0
192,0,1,0,4,33,True,106,15,170,4010,40.1,0
193,0,1,0,4,6,False,232,5,24,1304,13.04,0
194,0,1,0,4,34,True,106,14,51,3635,36.35,0
195,0,1,0,4,6,True,232,5,6,1286,12.86,0
196,0,1,0,4,16,False,247,3,252,1020,10.2,0
197,0,1,0,4,9,False,107,4,17,1041,10.41,0
198,0,1,30,7,5,False,41,4,8,1032,10.32,10096118
199,0,1,0,4,18,False,246,11,15,2831,28.31,0
200,0,1,0,4,10,False,246,3,117,885,8.85,0
201,0,1,0,4,3,False,133,4,132,1156,11.56,0
202,0,1,0,4,7,False,245,14,17,3601,36.01,0
203,0,1,30,7,10,False,251,4,144,1168,11.68,4013559
204,0,1,0,4,19,False,127,2,94,606,6.06,0
205,0,1,0,4,6,True,127,2,75,587,5.87,0
206,0,1,0,4,4,False,141,8,9,2057,20.57,0
207,0,1,15,0,0,False,0,0,0,0,0.0,0
208,0,1,0,1,39,False,0,0,0,0,0.0,0
209,0,1,0,4,7,False,38,1,235,491,4.91,0
210,0,1,0,3,56,True,4,8,0,2048,20.48,0
211,0,1,0,4,15,True,38,8,38,2086,20.86,0
212,0,1,12,7,3,False,61,13,61,3389,33.89,4013373
213,0,1,0,4,28,False,197,6,55,1591,15.91,0
214,0,1,0,4,4,True,197,6,36,1572,15.72,0
215,0,1,0,4,33,True,65,10,162,2722,27.22,0
216,0,1,0,4,8,False,65,11,236,3052,30.52,0
217,0,1,0,4,32,True,66,11,196,3012,30.12,0
218,0,1,0,4,23,False,3,14,184,3768,37.68,0
219,0,1,0,4,11,True,3,14,162,3746,37.46,0
220,0,1,0,4,2,False,81,5,138,1418,14.18,0
221,0,1,0,4,5,True,81,5,118,1398,13.98,0
222,0,1,0,4,17,False,80,12,215,3287,32.87,0
223,0,1,0,4,5,True,80,12,197,3269,32.69,0
224,0,1,0,4,14,False,128,7,215,2007,20.07,0
225,0,1,0,4,10,True,127,7,196,1988,19.88,0
226,0,1,0,4,2,False,148,7,134,1926,19.26,0
227,0,1,0,4,24,True,148,7,114,1906,19.06,0
228,0,1,0,4,1,False,189,10,176,2736,27.36,0
229,0,1,0,4,5,True,189,10,154,2714,27.14,0
230,0,1,0,4,2,False,187,4,81,1105,11.05,0
231,0,1,0,4,3,True,187,4,58,1082,10.82,0
232,0,1,0,4,22,True,207,2,247,759,7.59,0
233,0,1,0,4,14,False,207,9,51,2355,23.55,0
234,0,1,0,4,23,True,207,9,32,2336,23.36,0
235,0,1,0,4,16,True,152,0,237,237,2.37,0
236,0,1,0,4,12,False,152,4,127,1151,11.51,0
237,0,1,0,4,15,True,152,4,104,1128,11.28,0
238,0,1,0,4,33,True,185,8,215,2263,22.63,0
239,0,1,0,4,9,False,184,4,131,1155,11.55,0
240,0,1,0,4,34,True,184,4,111,1135,11.35,0
241,0,1,0,4,17,False,203,3,125,893,8.93,0
242,0,1,0,4,3,True,203,3,109,877,8.77,0
243,0,1,0,4,27,False,100,9,128,2432,24.32,0
244,0,1,0,4,10,True,100,9,107,2411,24.11,0
245,0,1,0,4,2,False,92,4,174,1198,11.98,0
246,0,1,0,4,13,True,92,4,154,1178,11.78,0
247,0,1,0,4,1,False,99,0,92,92,0.92,0
248,0,1,0,4,12,False,86,6,234,1770,17.7,0
249,0,1,0,4,9,True,99,0,69,69,0.69,0
250,0,1,0,4,0,False,203,8,168,2216,22.16,0
251,0,1,0,4,1,False,190,9,67,2371,23.71,0
252,0,1,0,4,2,False,255,12,23,3095,30.95,0
253,0,1,0,4,4,False,105,7,1,1793,17.93,0
254,0,1,0,4,5,False,104,10,165,2725,27.25,0
255,0,1,0,4,6,False,125,11,61,2877,28.77,0
256,0,1,0,4,13,False,121,11,250,3066,30.66,0
257,0,1,0,4,15,False,221,8,49,2097,20.97,0
258,0,1,0,4,18,False,189,6,59,1595,15.95,0
259,0,1,0,4,30,False,38,9,47,2351,23.51,0
260,0,1,0,4,8,True,38,9,28,2332,23.32,0
261,0,1,0,4,12,True,86,6,218,1754,17.54,0
262,0,1,0,4,13,True,221,8,30,2078,20.78,0
263,0,1,0,4,14,True,255,0,37,37,0.37,0
264,0,1,0,4,15,True,170,8,141,2189,21.89,0
265,0,1,0,4,16,True,219,11,182,2998,29.98,0
266,0,1,0,4,17,True,219,1,34,290,2.9,0
267,0,1,0,4,18,True,219,4,214,1238,12.38,0
268,0,1,0,4,19,True,219,0,123,123,1.23,0
269,0,1,0,4,20,True,190,7,81,1873,18.73,0
270,0,1,0,4,21,True,219,1,224,480,4.8,0
271,0,1,0,4,22,True,23,11,178,2994,29.94,0
272,0,1,0,4,23,True,156,2,143,655,6.55,0
273,0,1,0,4,24,True,189,14,66,3650,36.5,0
274,0,1,0,4,25,True,125,5,62,1342,13.42,0
275,0,1,0,4,26,True,126,7,188,1980,19.8,0
276,0,1,0,4,27,True,219,5,166,1446,14.46,0
277,0,1,0,4,28,True,219,2,180,692,6.92,0
278,0,1,0,4,29,True,178,6,90,1626,16.26,0
279,0,1,0,4,30,True,203,1,30,286,2.86,0
280,0,1,0,4,31,True,170,7,33,1825,18.25,0
281,0,1,0,4,32,True,219,11,94,2910,29.1,0
282,0,1,0,4,33,True,219,15,140,3980,39.8,0
283,0,1,0,4,34,True,219,13,207,3535,35.35,0
284,0,1,0,4,4,False,237,6,113,1649,16.49,0
285,0,1,0,4,3,True,15,2,169,681,6.81,0
286,0,1,0,4,13,False,13,6,176,1712,17.12,0
287,0,1,0,4,16,False,13,5,71,1351,13.51,0
288,0,1,0,4,8,False,12,13,137,3465,34.65,0
289,0,1,0,4,4,False,18,12,9,3081,30.81,0
290,0,1,0,4,7,False,12,14,36,3620,36.2,0
291,0,1,23,0,0,False,0,0,0,0,0.0,0
292,0,1,0,4,10,False,12,3,120,888,8.88,0
293,0,1,0,4,5,True,12,9,164,2468,24.68,0
294,0,1,0,4,11,False,12,15,136,3976,39.76,0
295,0,1,0,4,12,False,12,2,233,745,7.45,0
296,0,1,0,4,15,False,14,10,22,2582,25.82,0
297,0,1,0,4,13,True,14,10,4,2564,25.64,0
298,0,1,0,4,15,True,11,6,11,1547,15.47,0
299,0,1,0,4,16,True,12,11,227,3043,30.43,0
300,0,1,0,4,17,True,12,1,62,318,3.18,0
301,0,1,0,4,18,True,12,4,154,1178,11.78,0
302,0,1,0,4,19,True,12,0,153,153,1.53,0
303,0,1,0,4,20,True,12,2,54,566,5.66,0
304,0,1,0,4,21,True,12,2,25,537,5.37,0
305,0,1,0,4,22,True,12,0,2,2,0.02,0
306,0,1,0,4,23,True,12,0,93,93,0.93,0
307,0,1,0,4,24,True,12,14,85,3669,36.69,0
308,0,1,0,4,25,True,12,9,71,2375,23.75,0
309,0,1,0,4,26,True,12,4,131,1155,11.55,0
310,0,1,0,4,27,True,12,5,238,1518,15.18,0
311,0,1,0,4,28,True,12,2,164,676,6.76,0
312,0,1,0,4,29,True,12,14,16,3600,36.0,0
313,0,1,0,4,30,True,12,15,78,3918,39.18,0
314,0,1,0,4,31,True,12,0,19,19,0.19,0
315,0,1,0,4,32,True,12,10,1,2561,25.61,161680900
316,0,-1,-1,-1,-1,True,-1,-1,-1,-1,-1.0,-1
317,0,-1,-1,-1,-1,True,-1,-1,-1,-1,-1.0,-1
318,0,-1,-1,-1,-1,True,-1,-1,-1,-1,-1.0,-1
319,0,-1,-1,-1,-1,True,-1,-1,-1,-1,-1.0,-1
320,0,1,0,4,12,False,161,12,92,3164,31.64,0
321,0,1,0,4,5,True,161,12,70,3142,31.42,0
322,0,1,0,4,9,True,163,9,82,2386,23.86,0
323,0,1,0,4,26,False,81,6,70,1606,16.06,0
324,0,1,0,4,6,True,81,6,51,1587,15.87,0
325,0,1,0,4,8,False,57,1,57,313,3.13,0
326,0,1,0,4,3,True,57,1,37,293,2.93,0
327,0,1,0,4,2,False,8,10,129,2689,26.89,0
328,0,1,0,4,3,True,8,10,108,2668,26.68,0
329,0,-1,-1,-1,-1,True,-1,-1,-1,-1,-1.0,-1
330,0,-1,-1,-1,-1,True,-1,-1,-1,-1,-1.0,-1
331,0,1,0,4,21,True,18,1,231,487,4.87,0
332,0,1,0,4,22,True,18,0,62,62,0.62,0
333,0,1,0,4,23,True,18,0,96,96,0.96,0
334,0,1,0,4,24,True,194,8,177,2225,22.25,0
335,0,1,0,4,25,True,225,4,31,1055,10.55,0
336,0,1,0,4,26,True,18,4,167,1191,11.91,0
337,0,1,0,4,27,True,248,0,245,245,2.45,0
338,0,1,0,4,28,True,246,13,186,3514,35.14,0
339,0,1,0,4,29,True,44,14,225,3809,38.09,0
340,0,1,0,4,30,True,60,13,6,3334,33.34,0
341,0,1,0,4,31,True,18,0,15,15,0.15,0
342,0,1,0,4,32,True,100,12,162,3234,32.34,0
343,0,1,0,4,33,True,18,15,222,4062,40.62,0
344,0,1,0,4,34,True,227,15,30,3870,38.7,0
345,0,1,0,4,6,False,107,9,9,2313,23.13,0
346,0,1,0,4,3,True,227,2,56,568,5.68,0
347,0,1,0,4,13,False,225,13,184,3512,35.12,0
348,0,1,0,4,16,False,226,4,222,1246,12.46,0
349,0,1,0,4,5,False,103,10,189,2749,27.49,0
350,0,1,0,4,22,True,4,4,226,1250,12.5,0
351,0,1,0,4,8,False,224,10,27,2587,25.87,0
352,0,1,0,4,9,True,4,5,224,1504,15.04,0
353,0,1,0,4,10,False,224,11,128,2944,29.44,0
354,0,1,0,4,7,False,224,9,251,2555,25.55,0
355,0,1,21,2,61,False,61,0,0,0,0.0,0
356,0,1,0,4,12,False,224,10,52,2612,26.12,0
357,0,1,14,2,61,False,61,0,0,0,0.0,0
358,0,1,0,4,12,False,111,11,18,2834,28.34,0
359,0,1,0,4,6,True,111,10,251,2811,28.11,0
360,0,1,0,4,13,False,107,7,180,1972,19.72,0
361,0,1,0,4,7,True,107,7,162,1954,19.54,0
362,0,1,0,4,25,False,132,15,117,3957,39.57,0
363,0,1,0,4,11,True,132,15,96,3936,39.36,0
364,0,1,0,4,11,False,6,15,161,4001,40.01,0
365,0,1,0,4,4,True,6,15,143,3983,39.83,0
366,0,1,0,4,19,False,193,15,45,3885,38.85,0
367,0,1,0,4,30,True,193,15,28,3868,38.68,0
368,0,1,0,4,3,False,55,6,4,1540,15.4,0
369,0,1,0,4,5,True,55,5,237,1517,15.17,0
370,0,1,0,4,14,False,185,0,154,154,1.54,0
371,0,1,0,4,3,True,185,0,135,135,1.35,0
372,0,1,0,4,8,False,150,6,252,1788,17.88,0
373,0,1,0,4,16,True,150,6,232,1768,17.68,0
374,0,1,0,4,13,False,102,15,217,4057,40.57,0
375,0,1,0,4,7,True,102,15,198,4038,40.38,0
376,0,1,0,4,15,False,162,15,253,4093,40.93,0
377,0,1,0,4,10,True,162,15,233,4073,40.73,0
378,0,1,0,4,0,False,140,6,133,1669,16.69,0
379,0,1,0,4,5,True,140,6,114,1650,16.5,0
380,0,1,0,4,3,False,4,12,224,3296,32.96,0
381,0,1,1,5,7,True,142,7,38,1830,18.3,4
382,0,1,17,3,14,True,7,4,0,1024,10.24,0
383,0,1,0,4,4,True,4,11,16,2832,28.32,0
384,0,1,0,4,22,False,100,15,215,4055,40.55,0
385,0,1,0,4,11,True,100,15,196,4036,40.36,0
386,0,1,0,4,13,True,225,15,109,3949,39.49,0
387,0,1,0,4,15,True,224,4,82,1106,11.06,0
388,0,1,0,4,16,True,224,5,89,1369,13.69,0
389,0,1,0,4,17,True,224,13,7,3335,33.35,0
390,0,1,0,4,18,True,224,15,159,3999,39.99,0
391,0,1,0,4,19,True,224,11,129,2945,29.45,0
392,0,1,0,4,20,True,224,12,137,3209,32.09,0
393,0,1,0,4,21,True,224,12,101,3173,31.73,0
394,0,1,0,4,22,True,224,10,119,2679,26.79,0
395,0,1,0,4,23,True,224,10,100,2660,26.6,0
396,0,1,0,4,24,True,224,8,195,2243,22.43,0
397,0,1,0,4,25,True,224,14,6,3590,35.9,0
398,0,1,0,4,26,True,224,14,232,3816,38.16,0
399,0,1,0,4,27,True,224,1,14,270,2.7,0
400,0,1,0,4,28,True,132,7,189,1981,19.81,0
401,0,1,0,4,29,True,224,13,16,3344,33.44,0
402,0,1,0,4,30,True,224,9,118,2422,24.22,0
403,0,1,0,4,31,True,224,11,100,2916,29.16,0
404,0,1,0,4,32,True,28,14,7,3591,35.91,13
405,0,-1,-1,-1,-1,True,-1,-1,-1,-1,-1.0,-1
406,0,1,0,4,23,True,62,6,249,1785,17.85,0
407,0,1,0,4,6,False,174,2,110,622,6.22,0
408,0,1,0,4,11,True,174,2,90,602,6.02,0
409,0,1,0,4,18,True,39,14,6,3590,35.9,0
410,0,1,0,4,10,False,39,9,129,2433,24.33,0
411,0,1,0,4,16,True,39,9,109,2413,24.13,0
412,0,1,0,4,17,False,209,0,152,152,1.52,0
413,0,1,0,4,4,True,209,0,137,137,1.37,0
414,0,1,0,4,22,False,108,11,73,2889,28.89,0
415,0,1,0,4,4,True,108,11,57,2873,28.73,0
416,0,1,0,4,4,False,12,9,3,2307,23.07,0
417,0,1,5,0,0,False,0,0,0,0,0.0,0
418,0,1,0,1,52,False,0,0,0,0,0.0,0
419,0,1,0,4,2,False,148,6,143,1679,16.79,0
420,0,1,0,4,12,False,4,8,52,2100,21.0,0
421,0,1,0,4,3,False,28,7,21,1813,18.13,0
422,0,1,0,4,61,False,61,13,61,3389,33.89,0
423,0,1,0,4,30,False,166,7,55,1847,18.47,0
424,0,1,0,4,27,True,166,7,36,1828,18.28,0
425,0,1,0,4,12,True,19,14,10,3594,35.94,0
426,0,1,0,4,2,False,19,2,55,567,5.67,0
427,0,1,0,4,13,True,19,2,34,546,5.46,0
428,0,1,0,4,6,False,19,6,4,1540,15.4,0
429,0,1,0,5,2,False,4,15,38,3878,38.78,4
430,0,1,19,4,19,False,6,2,61,573,5.73,0
431,0,1,0,4,21,False,236,14,201,3785,37.85,0
432,0,1,0,4,16,True,236,14,182,3766,37.66,0
433,0,1,0,4,22,False,234,3,183,951,9.51,0
434,0,1,0,4,9,True,234,3,165,933,9.33,0
435,0,1,0,4,4,False,183,12,214,3286,32.86,0
436,0,1,0,4,19,True,183,12,194,3266,32.66,0
437,0,1,0,4,15,False,38,9,32,2336,23.36,0
438,0,1,0,4,23,True,38,9,12,2316,23.16,0
439,0,1,0,4,6,False,54,14,218,3802,38.02,0
440,0,1,0,4,3,True,54,14,199,3783,37.83,0
441,0,1,0,4,21,False,59,10,229,2789,27.89,0
442,0,1,0,4,10,True,59,10,208,2768,27.68,0
443,0,1,0,4,21,False,50,3,95,863,8.63,0
444,0,1,0,4,3,True,50,3,76,844,8.44,0
445,0,1,0,4,25,False,182,12,44,3116,31.16,0
446,0,1,0,4,7,True,182,12,25,3097,30.97,0
447,0,1,0,4,27,False,100,13,229,3557,35.57,0
448,0,1,0,4,20,True,100,13,207,3535,35.35,0
449,0,1,0,4,9,False,117,12,13,3085,30.85,0
450,0,1,0,4,3,True,117,11,248,3064,30.64,0
451,0,1,0,4,11,False,89,4,188,1212,12.12,0
452,0,1,0,4,4,True,89,4,170,1194,11.94,0
453,0,1,0,4,14,True,114,9,237,2541,25.41,0
454,0,1,0,4,0,False,109,6,221,1757,17.57,0
455,0,1,0,4,13,True,109,6,203,1739,17.39,0
456,0,1,0,4,8,False,198,2,13,525,5.25,0
457,0,1,0,4,6,True,198,1,248,504,5.04,0
458,0,1,0,4,29,False,93,11,73,2889,28.89,0
459,0,1,0,4,9,True,92,11,54,2870,28.7,0
460,0,1,0,4,18,False,42,13,158,3486,34.86,0
461,0,1,0,4,4,True,42,13,141,3469,34.69,0
462,0,1,0,4,11,True,226,12,80,3152,31.52,0
463,0,1,0,4,33,False,226,0,194,194,1.94,0
464,0,1,0,4,12,True,226,0,172,172,1.72,0
465,0,1,0,4,15,False,113,3,147,915,9.15,0
466,0,1,0,4,4,True,113,3,128,896,8.96,0
467,0,-1,-1,-1,-1,True,-1,-1,-1,-1,-1.0,-1
468,0,-1,-1,-1,-1,True,-1,-1,-1,-1,-1.0,-1
469,0,220,0,0,0,False,0,0,13,13,0.13,11437825
470,0,199,7,5,61,False,61,13,0,3328,33.28,167772160
471,0,-1,-1,-1,-1,True,-1,-1,-1,-1,-1.0,-1
472,0,-1,-1,-1,-1,True,-1,-1,-1,-1,-1.0,-1
473,0,-1,-1,-1,-1,True,-1,-1,-1,-1,-1.0,-1
474,0,-1,-1,-1,-1,True,-1,-1,-1,-1,-1.0,-1
475,0,-1,-1,-1,-1,True,-1,-1,-1,-1,-1.0,-1
476,0,1,0,4,6,False,50,6,247,1783,17.83,0
477,0,1,0,4,12,True,50,6,228,1764,17.64,0
478,0,1,0,4,3,False,49,6,167,1703,17.03,0
479,0,1,0,4,13,True,49,6,147,1683,16.83,0
480,0,1,0,4,21,False,79,5,152,1432,14.32,0
481,0,1,0,4,4,True,79,5,134,1414,14.14,0
482,0,1,0,4,8,True,252,14,197,3781,37.81,0
483,0,1,0,4,19,False,250,11,215,3031,30.31,0
484,0,1,0,4,7,True,250,11,198,3014,30.14,0
485,0,1,0,4,6,False,15,15,54,3894,38.94,0
486,0,1,0,4,3,True,15,15,36,3876,38.76,0
487,0,-1,-1,-1,-1,True,-1,-1,-1,-1,-1.0,-1
488,0,-1,-1,-1,-1,True,-1,-1,-1,-1,-1.0,-1
489,0,1,0,4,16,True,57,9,131,2435,24.35,0
490,0,1,0,4,7,False,53,15,215,4055,40.55,0
491,0,1,0,4,17,True,53,15,195,4035,40.35,0
492,0,1,0,4,16,False,82,7,118,1910,19.1,0
493,0,1,0,4,4,True,82,7,101,1893,18.93,0
494,0,1,0,4,0,False,112,3,136,904,9.04,0
495,0,1,0,4,6,True,112,3,116,884,8.84,0
496,0,1,0,4,33,False,190,8,228,2276,22.76,0
497,0,1,0,4,31,True,190,8,207,2255,22.55,0
498,0,1,0,4,12,False,163,9,142,2446,24.46,0
499,0,1,0,4,11,False,159,9,118,2422,24.22,0
500,0,1,0,4,7,True,159,9,98,2402,24.02,0
501,0,1,0,4,24,False,60,7,131,1923,19.23,0
502,0,1,0,4,16,True,60,7,113,1905,19.05,0
503,0,1,0,4,11,False,59,4,130,1154,11.54,0
504,0,1,0,4,15,True,59,4,110,1134,11.34,0
505,0,1,0,4,8,False,9,4,243,1267,12.67,0
506,0,1,0,4,8,True,9,4,228,1252,12.52,0
507,0,1,0,4,4,False,11,2,15,527,5.27,0
508,0,1,18,7,4,False,16,12,134,3206,32.06,787460
509,0,1,20,2,3,False,59,0,0,0,0.0,0
510,0,1,0,3,16,False,13,6,0,1536,15.36,0
511,0,1,0,4,13,False,163,10,4,2564,25.64,0
512,0,1,0,4,15,True,174,4,144,1168,11.68,0
513,0,1,0,4,15,False,163,10,115,2675,26.75,0
514,0,1,2,0,0,False,0,0,0,0,0.0,0
515,0,1,0,4,13,True,163,10,97,2657,26.57,0
516,0,1,0,4,15,True,162,6,13,1549,15.49,0
517,0,1,0,4,16,True,162,11,210,3026,30.26,0
518,0,1,0,4,17,True,162,1,133,389,3.89,0
519,0,1,0,4,18,True,162,4,104,1128,11.28,0
520,0,1,0,4,19,True,162,0,112,112,1.12,0
521,0,1,0,4,20,True,162,2,135,647,6.47,0
522,0,1,0,4,21,True,162,1,237,493,4.93,0
523,0,1,0,4,22,True,162,0,8,8,0.08,0
524,0,1,0,4,23,True,162,0,143,143,1.43,0
525,0,1,0,4,24,True,162,14,60,3644,36.44,0
526,0,1,0,4,25,True,162,3,68,836,8.36,0
527,0,1,0,4,26,True,162,4,205,1229,12.29,0
528,0,1,0,4,27,True,162,5,172,1452,14.52,0
529,0,1,0,4,28,True,162,2,236,748,7.48,0
530,0,1,0,4,29,True,162,14,42,3626,36.26,0
531,0,1,0,4,30,True,162,15,141,3981,39.81,0
532,0,1,0,4,31,True,162,0,37,37,0.37,0
533,0,1,0,4,32,True,162,11,31,2847,28.47,0
534,0,1,0,4,33,True,162,15,159,3999,39.99,0
535,0,1,0,4,0,False,63,3,93,861,8.61,0
536,0,1,0,4,34,True,162,14,40,3624,36.24,0
537,0,1,0,4,31,True,63,3,74,842,8.42,0
538,0,1,0,4,15,False,215,1,73,329,3.29,0
539,0,1,0,4,9,False,166,4,16,1040,10.4,0
540,0,1,26,3,3,False,100,4,0,1024,10.24,0
541,0,1,1,0,0,False,0,0,0,0,0.0,0
542,0,1,26,0,0,False,0,0,0,0,0.0,0
543,0,1,1,5,16,True,4,1,210,466,4.66,3
544,0,1,14,6,4,False,10,0,3,3,0.03,1179
545,0,1,16,3,19,True,3,2,0,512,5.12,0
546,0,1,0,4,7,False,208,14,183,3767,37.67,0
547,0,1,0,4,5,True,209,9,249,2553,25.53,0
548,0,1,0,4,11,False,208,15,158,3998,39.98,0
549,0,1,0,4,61,False,61,13,61,3389,33.89,0
550,0,1,0,4,20,False,141,0,199,199,1.99,0
551,0,1,0,4,4,True,141,0,182,182,1.82,0
552,0,1,0,4,11,False,233,4,4,1028,10.28,0
553,0,1,1,4,16,True,3,7,194,1986,19.86,0
554,0,1,0,4,31,True,4,4,133,1157,11.57,0
555,0,1,0,1,12,False,0,0,0,0,0.0,0
556,0,1,29,1,4,False,0,0,0,0,0.0,0
557,0,1,0,4,6,False,15,6,14,1550,15.5,0
558,0,1,21,5,61,False,61,13,61,3389,33.89,61
559,0,1,0,4,2,False,184,13,233,3561,35.61,0
560,0,1,0,4,14,True,184,13,213,3541,35.41,0
561,0,1,0,4,14,False,252,8,241,2289,22.89,0
562,0,1,0,4,23,True,252,8,222,2270,22.7,0
563,0,1,0,4,0,False,87,12,176,3248,32.48,0
564,0,1,0,4,4,True,87,12,157,3229,32.29,0
565,0,1,0,4,21,False,177,11,62,2878,28.78,0
566,0,1,0,4,3,True,177,11,43,2859,28.59,0
567,0,1,0,4,0,False,157,10,94,2654,26.54,0
568,0,1,0,4,7,True,157,10,75,2635,26.35,0
569,0,1,0,4,9,False,242,0,131,131,1.31,0
570,0,1,0,4,3,True,242,0,111,111,1.11,0
571,0,1,0,4,4,True,242,1,53,309,3.09,0
572,0,1,0,4,10,False,242,9,42,2346,23.46,0
573,0,1,0,4,5,True,243,9,13,2317,23.17,0
574,0,1,0,4,15,False,177,12,8,3080,30.8,0
575,0,1,0,4,7,True,177,11,245,3061,30.61,0
576,0,-1,-1,-1,-1,True,-1,-1,-1,-1,-1.0,-1
577,0,-1,-1,-1,-1,True,-1,-1,-1,-1,-1.0,-1
578,0,-1,-1,-1,-1,True,-1,-1,-1,-1,-1.0,-1
579,0,-1,-1,-1,-1,True,-1,-1,-1,-1,-1.0,-1
580,0,1,0,4,25,True,208,3,147,915,9.15,0
581,0,1,0,4,26,True,208,4,173,1197,11.97,0
582,0,1,0,4,27,True,208,5,241,1521,15.21,0
583,0,1,0,4,28,True,208,2,201,713,7.13,0
584,0,1,0,4,29,True,208,14,161,3745,37.45,0
585,0,1,0,4,30,True,208,15,104,3944,39.44,0
586,0,1,0,4,31,True,208,0,55,55,0.55,0
587,0,1,0,4,32,True,208,11,151,2967,29.67,0
588,0,1,0,4,33,True,208,15,236,4076,40.76,0
589,0,1,0,4,9,False,186,6,83,1619,16.19,0
590,0,1,0,4,34,True,208,14,58,3642,36.42,0
591,0,1,0,4,10,True,186,6,62,1598,15.98,0
592,0,1,0,4,3,True,220,1,56,312,3.12,0
593,0,1,0,4,7,False,137,4,16,1040,10.4,0
594,0,1,27,2,3,False,136,0,0,0,0.0,0
595,0,1,0,4,8,False,215,13,161,3489,34.89,0
596,0,1,0,4,25,True,4,1,4,260,2.6,0
597,0,1,0,4,10,False,215,3,117,885,8.85,0
598,0,1,2,2,26,True,3,0,0,0,0.0,0
599,0,1,0,4,7,False,215,14,111,3695,36.95,0
600,0,1,14,2,4,False,133,0,0,0,0.0,0
601,0,1,0,4,11,False,215,15,142,3982,39.82,0
602,0,1,27,1,4,False,0,0,0,0,0.0,0
603,0,1,0,4,12,False,215,3,71,839,8.39,0
604,0,1,27,4,61,False,61,13,61,3389,33.89,0
605,0,1,0,4,27,False,46,1,48,304,3.04,0
606,0,1,0,4,28,False,45,13,70,3398,33.98,0
607,0,1,0,4,17,True,45,13,50,3378,33.78,0
608,0,1,0,4,2,False,62,15,180,4020,40.2,0
609,0,1,0,4,12,True,62,15,159,3999,39.99,0
610,0,1,0,4,29,False,253,15,187,4027,40.27,0
611,0,1,0,4,3,True,253,15,167,4007,40.07,0
612,0,1,0,4,2,False,226,10,149,2709,27.09,0
613,0,1,0,4,14,True,226,10,128,2688,26.88,0
614,0,1,0,4,26,False,45,12,109,3181,31.81,0
615,0,1,0,4,17,True,45,12,91,3163,31.63,0
616,0,1,0,4,27,False,44,6,190,1726,17.26,0
617,0,1,0,4,18,True,44,6,170,1706,17.06,0
618,0,1,0,4,6,True,29,13,50,3378,33.78,0
619,0,1,0,4,4,False,29,5,165,1445,14.45,0
620,0,1,0,4,7,True,28,5,144,1424,14.24,0
621,0,1,0,4,7,False,72,3,98,866,8.66,0
622,0,1,0,4,8,False,71,2,124,636,6.36,0
623,0,1,0,4,4,True,71,2,106,618,6.18,0
624,0,1,0,4,5,False,159,8,172,2220,22.2,0
625,0,1,0,4,8,True,159,8,155,2203,22.03,0
626,0,1,0,4,13,False,253,13,131,3459,34.59,0
627,0,1,0,4,7,True,253,13,112,3440,34.4,0
628,0,1,0,4,26,False,204,4,63,1087,10.87,0
629,0,1,0,4,19,True,204,4,44,1068,10.68,0
630,0,1,0,4,27,False,204,11,232,3048,30.48,0
631,0,1,0,4,20,True,204,11,211,3027,30.27,0
632,0,1,0,4,4,False,0,5,3,1283,12.83,0
633,0,1,1,1,24,False,0,0,0,0,0.0,0
634,0,1,0,4,0,False,169,1,67,323,3.23,0
635,0,1,11,1,4,False,0,0,0,0,0.0,0
636,0,1,0,4,1,False,67,1,46,302,3.02,0
637,0,1,20,5,4,False,134,9,61,2365,23.65,61
638,0,1,0,4,12,False,143,2,123,635,6.35,0
639,0,1,0,4,12,True,143,2,104,616,6.16,0
640,0,1,0,4,9,True,108,1,163,419,4.19,0
641,0,1,0,4,10,True,108,5,31,1311,13.11,0
642,0,1,0,4,25,False,110,7,160,1952,19.52,0
643,0,1,0,4,24,False,107,14,189,3773,37.73,0
644,0,1,0,4,11,True,107,14,171,3755,37.55,0
645,0,1,0,4,6,False,217,2,76,588,5.88,0
646,0,1,0,4,3,True,217,2,58,570,5.7,0
647,0,1,0,4,23,False,130,0,228,228,2.28,0
648,0,1,0,4,4,True,130,0,210,210,2.1,0
649,0,1,0,4,20,False,221,14,68,3652,36.52,0
650,0,1,0,4,6,True,221,14,48,3632,36.32,0
651,0,1,0,4,31,False,4,2,185,697,6.97,0
652,0,1,0,7,45,False,85,3,147,915,9.15,5538820
653,0,1,0,4,0,False,120,9,6,2310,23.1,0
654,0,1,0,3,0,True,61,13,0,3328,33.28,0
655,0,1,0,4,28,True,59,15,13,3853,38.53,0
656,0,1,0,4,0,False,55,1,145,401,4.01,0
657,0,1,0,4,27,True,55,1,127,383,3.83,0
658,0,1,0,4,1,False,54,2,111,623,6.23,0
659,0,1,0,4,29,True,54,2,92,604,6.04,0
660,0,1,0,4,9,False,178,14,96,3680,36.8,0
661,0,1,0,4,3,True,178,14,76,3660,36.6,0
662,0,1,0,4,31,False,30,9,74,2378,23.78,0
663,0,1,0,4,13,True,30,9,55,2359,23.59,0
664,0,1,0,4,4,False,215,4,123,1147,11.47,0
665,0,1,0,4,10,True,215,4,102,1126,11.26,0
666,0,1,0,4,15,True,66,11,147,2963,29.63,0
667,0,1,0,4,29,False,66,7,125,1917,19.17,0
668,0,1,0,4,16,True,66,7,105,1897,18.97,0
669,0,1,0,4,3,False,45,3,251,1019,10.19,0
670,0,1,0,4,5,True,45,3,229,997,9.97,0
671,0,1,0,4,18,False,231,4,142,1166,11.66,0
672,0,1,0,4,15,True,231,4,122,1146,11.46,0
673,0,1,0,4,15,False,121,1,197,453,4.53,0
674,0,1,0,4,11,True,121,1,175,431,4.31,0
675,0,1,0,4,14,False,120,6,121,1657,16.57,0
676,0,1,0,4,10,True,120,6,102,1638,16.38,0
677,0,1,0,4,12,True,194,1,212,468,4.68,0
678,0,1,0,4,24,False,192,1,0,256,2.56,0
679,0,1,0,4,13,True,192,0,242,242,2.42,0
680,0,-1,-1,-1,-1,True,-1,-1,-1,-1,-1.0,-1
681,0,-1,-1,-1,-1,True,-1,-1,-1,-1,-1.0,-1
682,0,-1,-1,-1,-1,True,-1,-1,-1,-1,-1.0,-1
683,0,-1,-1,-1,-1,True,-1,-1,-1,-1,-1.0,-1
684,0,-1,-1,-1,-1,True,-1,-1,-1,-1,-1.0,-1
685,0,1,0,4,32,True,240,13,122,3450,34.5,0
686,0,1,0,4,33,True,240,13,217,3545,35.45,0
687,0,1,0,4,34,True,240,15,63,3903,39.03,0
688,0,1,0,4,7,False,0,6,5,1541,15.41,0
689,0,1,0,4,3,True,37,3,141,909,9.09,0
690,0,1,0,4,6,False,255,10,53,2613,26.13,0
691,0,1,0,4,3,True,71,6,163,1699,16.99,0
692,0,1,0,4,13,False,3,12,209,3281,32.81,0
693,0,1,0,4,3,False,10,13,4,3332,33.32,0
694,0,1,0,4,8,False,1,7,135,1927,19.27,0
695,0,1,2,1,2,False,0,0,0,0,0.0,0
696,0,1,0,4,10,False,1,11,254,3070,30.7,0
697,0,1,0,1,6,True,0,0,0,0,0.0,0
698,0,1,0,4,7,False,0,12,43,3115,31.15,0
699,0,1,0,4,3,True,3,10,115,2675,26.75,0
700,0,1,0,4,11,False,1,7,252,2044,20.44,0
701,0,1,0,4,61,False,61,13,61,3389,33.89,0
702,0,1,0,4,4,True,227,2,171,683,6.83,0
703,0,1,0,4,10,False,227,5,79,1359,13.59,0
704,0,1,0,4,5,True,228,5,40,1320,13.2,0
705,0,1,0,4,1,False,218,15,127,3967,39.67,0
706,0,1,0,4,5,True,218,15,105,3945,39.45,0
707,0,1,0,4,2,False,216,9,136,2440,24.4,0
708,0,1,0,4,6,True,216,9,115,2419,24.19,0
709,0,-1,-1,-1,-1,True,-1,-1,-1,-1,-1.0,-1
710,0,-1,-1,-1,-1,True,-1,-1,-1,-1,-1.0,-1
711,0,-1,-1,-1,-1,True,-1,-1,-1,-1,-1.0,-1
712,0,-1,-1,-1,-1,True,-1,-1,-1,-1,-1.0,-1
713,0,-1,-1,-1,-1,True,-1,-1,-1,-1,-1.0,-1
714,0,1,0,4,13,True,3,14,135,3719,37.19,0
715,0,1,0,4,15,True,1,15,206,4046,40.46,0
716,0,1,0,4,16,True,1,2,154,666,6.66,0
717,0,1,0,4,17,True,1,10,26,2586,25.86,0
718,0,1,0,4,18,True,1,13,42,3370,33.7,0
719,0,1,0,4,19,True,1,9,72,2376,23.76,0
720,0,1,0,4,20,True,124,11,83,2899,28.99,0
721,0,1,0,4,21,True,123,4,67,1091,10.91,0
722,0,1,0,4,22,True,1,8,75,2123,21.23,0
723,0,1,0,4,23,True,1,8,191,2239,22.39,0
724,0,1,0,4,24,True,1,6,4,1540,15.4,0
725,0,1,0,4,25,True,1,11,106,2922,29.22,0
726,0,1,0,4,26,True,1,12,214,3286,32.86,0
727,0,1,0,4,27,True,1,15,153,3993,39.93,0
728,0,1,0,4,28,True,1,12,116,3188,31.88,0
729,0,1,0,4,29,True,1,8,2,2050,20.5,0
730,0,1,0,4,30,True,1,7,238,2030,20.3,0
731,0,1,0,4,31,True,1,8,198,2246,22.46,0
732,0,1,0,4,32,True,1,4,27,1051,10.51,0
733,0,1,0,4,33,True,1,7,218,2010,20.1,0
734,0,1,0,4,34,True,1,7,39,1831,18.31,0
735,0,1,0,4,9,False,87,0,242,242,2.42,0
736,0,1,0,4,13,False,49,7,245,2037,20.37,0
737,0,1,0,4,16,True,50,4,141,1165,11.65,0
738,0,1,0,5,49,False,7,5,4,1284,12.84,8
739,0,1,0,4,50,False,4,0,4,4,0.04,0
740,0,1,2,1,11,False,0,0,0,0,0.0,0
741,0,1,0,6,36,True,4,7,48,1840,18.4,41230
742,0,1,6,0,0,False,0,0,0,0,0.0,0
743,0,1,0,4,10,False,48,3,198,966,9.66,0
744,0,1,0,4,3,True,51,11,4,2820,28.2,0
745,0,1,0,4,11,False,48,15,147,3987,39.87,0
746,0,1,1,3,61,False,61,13,0,3328,33.28,0
747,0,1,0,4,19,False,53,4,12,1036,10.36,0
748,0,1,6,0,0,False,0,0,0,0,0.0,0
749,0,1,0,3,29,False,1,0,0,0,0.0,0
750,0,1,0,4,4,False,149,0,217,217,2.17,0
751,0,1,0,4,30,True,53,1,109,365,3.65,0
752,0,1,0,4,5,False,150,3,7,775,7.75,0
753,0,1,0,4,6,False,149,8,215,2263,22.63,0
754,0,1,0,4,5,True,217,12,159,3231,32.31,0
755,0,1,0,4,6,True,172,13,195,3523,35.23,0
756,0,1,0,4,8,True,149,8,117,2165,21.65,0
757,0,1,0,4,9,True,149,8,193,2241,22.41,0
758,0,1,0,4,13,True,49,11,97,2913,29.13,0
759,0,1,0,4,15,True,48,7,67,1859,18.59,0
760,0,1,0,4,16,True,48,14,75,3659,36.59,0
761,0,1,0,4,17,True,48,1,80,336,3.36,0
762,0,1,0,4,18,True,48,5,29,1309,13.09,0
763,0,1,0,4,19,True,48,0,195,195,1.95,0
764,0,1,0,4,20,True,48,3,111,879,8.79,0
765,0,1,0,4,21,True,48,1,225,481,4.81,0
766,0,1,0,4,22,True,48,1,53,309,3.09,0
767,0,1,0,4,23,True,48,0,132,132,1.32,0
768,0,1,0,4,24,True,48,14,84,3668,36.68,0
769,0,1,0,4,25,True,48,3,95,863,8.63,0
770,0,1,0,4,26,True,48,4,232,1256,12.56,0
771,0,1,0,4,27,True,48,5,140,1420,14.2,0
772,0,1,0,4,28,True,48,3,230,998,9.98,0
773,0,1,0,4,29,True,48,14,141,3725,37.25,0
774,0,1,0,4,30,True,48,1,49,305,3.05,0
775,0,1,0,4,31,True,48,1,181,437,4.37,0
776,0,1,0,4,32,True,48,12,113,3185,31.85,0
777,0,1,0,4,33,True,48,1,54,310,3.1,0
778,0,1,0,4,30,False,15,1,13,269,2.69,0
779,0,1,0,4,34,True,48,14,94,3678,36.78,0
780,0,1,0,4,15,True,15,0,249,249,2.49,0
781,0,1,0,4,3,True,236,2,71,583,5.83,0
782,0,1,0,4,8,False,115,4,16,1040,10.4,0
783,0,1,29,3,5,False,57,4,0,1024,10.24,0
784,0,1,1,0,0,False,0,0,0,0,0.0,0
785,0,1,29,1,13,False,0,0,0,0,0.0,0
786,0,1,19,1,4,False,0,0,0,0,0.0,0
787,0,1,2,1,42,True,0,0,0,0,0.0,0
788,0,1,0,4,59,True,4,10,233,2793,27.93,0
789,0,1,0,3,58,True,4,4,0,1024,10.24,0
790,0,1,29,3,5,False,35,4,0,1024,10.24,0
791,0,1,0,7,41,True,14,1,4,260,2.6,322192
792,0,1,28,7,4,False,11,9,15,2319,23.19,787621
793,0,1,29,1,3,False,0,0,0,0,0.0,0
794,0,1,6,3,4,False,15,11,0,2816,28.16,0
795,0,1,1,2,47,True,4,0,0,0,0.0,0
796,0,1,17,5,43,True,10,14,4,3588,35.88,143
797,0,1,29,1,6,False,0,0,0,0,0.0,0
798,0,1,13,2,4,False,144,0,0,0,0.0,0
799,0,1,29,1,11,False,0,0,0,0,0.0,0
800,0,1,22,6,4,False,145,9,1,2305,23.05,1201
801,0,1,18,2,41,True,4,0,0,0,0.0,0
802,0,1,19,0,0,False,0,0,0,0,0.0,0
803,0,1,0,4,19,True,233,0,123,123,1.23,0
804,0,1,0,4,20,True,233,2,164,676,6.76,0
805,0,1,0,4,21,True,233,2,70,582,5.82,0
806,0,1,0,4,22,True,233,0,69,69,0.69,0
807,0,1,0,4,23,True,233,0,142,142,1.42,0
808,0,1,0,4,24,True,233,13,220,3548,35.48,0
809,0,1,0,4,25,True,233,3,104,872,8.72,0
810,0,1,0,4,26,True,233,4,221,1245,12.45,0
811,0,1,0,4,27,True,233,5,198,1478,14.78,0
812,0,1,0,4,28,True,233,2,233,745,7.45,0
813,0,1,0,4,29,True,233,14,28,3612,36.12,0
814,0,1,0,4,30,True,233,15,45,3885,38.85,0
815,0,1,0,4,31,True,10,1,4,260,2.6,84091413
816,0,-1,-1,-1,-1,True,-1,-1,-1,-1,-1.0,-1
817,0,-1,-1,-1,-1,True,-1,-1,-1,-1,-1.0,-1
818,0,-1,-1,-1,-1,True,-1,-1,-1,-1,-1.0,-1
819,0,-1,-1,-1,-1,True,-1,-1,-1,-1,-1.0,-1
820,0,1,0,4,3,True,34,2,242,754,7.54,0
821,0,1,0,4,9,False,11,6,174,1710,17.1,0
822,0,1,0,4,24,True,11,6,156,1692,16.92,0
823,0,1,0,4,10,False,213,11,81,2897,28.97,0
824,0,1,0,4,6,True,213,11,60,2876,28.76,0
825,0,1,0,4,21,False,194,3,93,861,8.61,0
826,0,1,0,4,5,True,194,3,73,841,8.41,0
827,0,1,0,4,8,False,16,10,132,2692,26.92,0
828,0,1,0,4,3,True,16,10,111,2671,26.71,0
829,0,1,0,4,11,False,184,0,122,122,1.22,0
830,0,1,0,4,17,True,184,0,102,102,1.02,0
831,0,1,0,4,8,False,202,2,66,578,5.78,0
832,0,1,0,4,15,True,202,2,45,557,5.57,0
833,0,64,0,0,0,False,0,0,10,10,0.1,882967553
834,0,-1,-1,-1,-1,True,-1,-1,-1,-1,-1.0,-1
835,0,-1,-1,-1,-1,True,-1,-1,-1,-1,-1.0,-1
836,0,-1,-1,-1,-1,True,-1,-1,-1,-1,-1.0,-1
837,0,-1,-1,-1,-1,True,-1,-1,-1,-1,-1.0,-1
838,0,1,0,4,34,True,52,14,100,3684,36.84,0
839,0,1,0,4,3,False,106,6,236,1772,17.72,0
840,0,1,0,4,17,False,147,1,199,455,4.55,0
841,0,1,0,4,13,False,144,7,126,1918,19.18,0
842,0,1,0,4,3,True,147,1,210,466,4.66,0
843,0,1,0,4,8,False,143,13,145,3473,34.73,0
844,0,1,0,4,4,False,18,15,10,3850,38.5,0
845,0,1,0,4,7,False,143,14,120,3704,37.04,0
846,0,1,22,6,4,False,133,15,10,3850,38.5,15778
847,0,1,0,4,3,False,234,8,12,2060,20.6,0
848,0,1,0,4,14,True,234,7,246,2038,20.38,0
849,0,1,0,4,5,False,234,15,58,3898,38.98,0
850,0,1,0,4,11,True,234,15,39,3879,38.79,0
851,0,1,0,4,4,False,252,10,135,2695,26.95,0
852,0,1,0,4,12,True,252,10,114,2674,26.74,0
853,0,1,0,4,25,False,18,0,136,136,1.36,0
854,0,1,0,4,10,True,18,0,117,117,1.17,0
855,0,1,0,4,11,True,14,5,173,1453,14.53,0
856,0,1,0,4,26,False,14,13,84,3412,34.12,0
857,0,1,0,4,12,True,14,13,63,3391,33.91,0
858,0,1,0,4,2,False,247,10,48,2608,26.08,0
859,0,1,0,4,20,True,247,10,28,2588,25.88,0
860,0,1,0,4,21,False,59,13,194,3522,35.22,0
861,0,1,0,4,9,True,59,13,174,3502,35.02,0
862,0,1,0,4,5,False,98,8,224,2272,22.72,0
863,0,1,0,4,22,True,98,8,206,2254,22.54,0
864,0,1,0,4,9,True,71,5,152,1432,14.32,0
865,0,1,0,4,5,False,70,14,38,3622,36.22,0
866,0,1,0,4,8,True,70,14,20,3604,36.04,0
867,0,1,0,4,11,False,101,5,23,1303,13.03,0
868,0,1,0,4,19,True,101,5,4,1284,12.84,0
869,0,1,0,4,5,True,226,12,197,3269,32.69,0
870,0,1,0,4,32,False,226,2,65,577,5.77,0
871,0,1,0,4,6,True,226,2,38,550,5.5,0
872,0,1,0,4,17,True,212,1,228,484,4.84,0
873,0,1,0,4,25,False,212,2,218,730,7.3,0
874,0,1,0,4,16,True,213,2,186,698,6.98,0
875,0,1,0,4,10,False,204,3,117,885,8.85,0
876,0,1,0,4,5,True,204,3,99,867,8.67,0
877,0,1,0,4,12,False,174,10,54,2614,26.14,0
878,0,1,0,4,9,True,173,10,32,2592,25.92,0
879,0,1,0,4,31,False,137,2,15,527,5.27,0
880,0,1,0,4,3,True,137,1,251,507,5.07,0
881,0,1,0,4,5,False,60,4,230,1254,12.54,0
882,0,1,0,4,3,True,60,4,210,1234,12.34,0
883,0,1,0,4,9,False,19,14,238,3822,38.22,0
884,0,1,0,4,12,True,19,14,218,3802,38.02,0
885,0,1,0,4,9,False,68,12,214,3286,32.86,0
886,0,1,0,4,31,True,68,12,195,3267,32.67,0
887,0,1,0,4,25,False,38,10,242,2802,28.02,0
888,0,1,0,4,19,True,38,10,223,2783,27.83,0
889,0,1,0,4,2,False,214,8,117,2165,21.65,0
890,0,1,0,4,18,True,214,8,99,2147,21.47,0
891,0,1,0,4,18,False,218,10,206,2766,27.66,0
892,0,1,0,4,19,True,218,10,185,2745,27.45,0
893,0,1,0,4,22,False,212,11,211,3027,30.27,0
894,0,1,0,4,8,True,212,11,193,3009,30.09,0
895,0,1,0,4,2,False,60,12,125,3197,31.97,0
896,0,1,0,4,6,True,6,12,103,3175,31.75,0
897,0,1,0,4,5,False,58,13,33,3361,33.61,0
898,0,1,0,4,8,True,58,13,15,3343,33.43,0
899,0,1,0,4,5,False,106,9,219,2523,25.23,0
900,0,1,0,4,25,True,106,9,201,2505,25.05,0
901,0,1,0,4,22,False,99,2,231,743,7.43,0
902,0,1,0,4,7,True,99,2,214,726,7.26,0
903,0,1,0,4,5,False,102,14,57,3641,36.41,0
904,0,1,0,4,6,False,101,5,56,1336,13.36,0
905,0,1,0,4,4,False,101,6,90,1626,16.26,0
906,0,1,0,4,4,True,101,5,40,1320,13.2,0
907,0,1,0,4,5,True,101,6,69,1605,16.05,0
908,0,1,0,4,23,False,195,1,202,458,4.58,0
909,0,1,0,4,7,True,195,1,182,438,4.38,0
910,0,-1,-1,-1,-1,True,-1,-1,-1,-1,-1.0,-1
911,0,-1,-1,-1,-1,True,-1,-1,-1,-1,-1.0,-1
912,0,-1,-1,-1,-1,True,-1,-1,-1,-1,-1.0,-1
913,0,-1,-1,-1,-1,True,-1,-1,-1,-1,-1.0,-1
914,0,-1,-1,-1,-1,True,-1,-1,-1,-1,-1.0,-1
915,0,1,0,4,30,False,2,10,135,2695,26.95,0
916,0,1,0,4,31,False,1,11,197,3013,30.13,0
917,0,1,0,4,3,True,1,11,177,2993,29.93,0
918,0,1,0,4,14,True,224,6,155,1691,16.91,0
919,0,1,0,4,28,False,224,9,35,2339,23.39,0
920,0,1,0,4,15,True,224,9,16,2320,23.2,0
921,0,1,0,4,7,False,48,12,170,3242,32.42,0
922,0,1,0,4,16,True,48,12,151,3223,32.23,0
923,0,1,0,4,5,False,48,3,232,1000,10.0,0
924,0,1,0,4,14,True,48,3,213,981,9.81,0
925,0,1,0,4,28,False,20,9,232,2536,25.36,0
926,0,1,0,4,19,True,20,9,213,2517,25.17,0
927,0,1,0,4,1,False,131,3,248,1016,10.16,0
928,0,1,0,4,3,True,131,3,226,994,9.94,0
929,0,1,0,4,14,False,22,14,81,3665,36.65,0
930,0,1,0,4,4,True,22,14,65,3649,36.49,0
931,0,1,0,4,10,True,41,3,108,876,8.76,0
932,0,1,0,4,5,False,41,2,238,750,7.5,0
933,0,1,0,4,11,True,40,2,219,731,7.31,0
934,0,1,0,4,33,False,107,11,156,2972,29.72,0
935,0,1,0,4,18,True,107,11,136,2952,29.52,0
936,0,1,0,4,29,False,85,5,33,1313,13.13,0
937,0,1,0,4,13,True,85,5,14,1294,12.94,0
938,0,1,0,4,6,False,231,11,65,2881,28.81,0
939,0,1,0,4,18,True,231,11,48,2864,28.64,0
940,0,1,0,4,13,False,109,8,151,2199,21.99,0
941,0,1,0,4,12,True,109,8,130,2178,21.78,0
942,0,1,0,4,31,True,175,8,18,2066,20.66,0
943,0,1,0,4,2,False,174,6,12,1548,15.48,0
944,0,1,0,4,32,True,174,5,249,1529,15.29,0
945,0,1,0,4,26,False,124,4,2,1026,10.26,0
946,0,1,1,3,8,False,205,2,0,512,5.12,0
947,0,1,8,1,4,False,0,0,0,0,0.0,0
948,0,1,0,4,3,False,157,15,94,3934,39.34,0
949,0,1,20,0,0,False,0,0,0,0,0.0,0
950,0,1,0,4,13,False,87,8,176,2224,22.24,0
951,0,1,15,4,2,False,46,13,61,3389,33.89,0
952,0,1,0,4,3,False,4,14,139,3723,37.23,0
953,0,1,0,1,42,False,0,0,0,0,0.0,0
954,0,1,23,5,6,False,176,4,143,1167,11.67,189
955,0,1,0,4,15,False,12,2,47,559,5.59,0
956,0,1,0,6,25,True,61,13,61,3389,33.89,15677
957,0,1,0,4,12,True,183,4,40,1064,10.64,0
958,0,1,0,4,10,False,180,4,59,1083,10.83,0
959,0,1,0,4,11,True,180,4,39,1063,10.63,0
960,0,1,0,4,5,False,225,14,153,3737,37.37,0
961,0,1,0,4,18,True,224,14,137,3721,37.21,0
962,0,1,0,4,2,False,4,12,5,3077,30.77,0
963,0,1,26,4,1,False,57,4,146,1170,11.7,0
964,0,1,26,4,1,False,38,13,61,3389,33.89,0
965,0,1,0,4,17,False,204,0,47,47,0.47,0
966,0,1,0,4,4,True,204,0,32,32,0.32,0
967,0,1,0,4,29,False,232,6,24,1560,15.6,0
968,0,1,0,4,15,True,232,6,3,1539,15.39,0
969,0,1,0,4,28,False,228,3,239,1007,10.07,0
970,0,1,0,4,16,True,228,3,219,987,9.87,0
971,0,1,0,4,16,False,224,9,51,2355,23.55,0
972,0,1,0,4,23,True,224,9,31,2335,23.35,0
973,0,1,0,4,9,False,101,12,54,3126,31.26,0
974,0,1,0,4,9,True,101,12,36,3108,31.08,0
975,0,1,0,4,4,False,253,7,63,1855,18.55,0
976,0,1,0,4,8,True,253,7,44,1836,18.36,0
977,0,1,0,4,19,False,51,15,229,4069,40.69,0
978,0,1,0,4,3,True,51,15,212,4052,40.52,0
979,0,1,0,4,21,False,212,9,78,2382,23.82,0
980,0,1,0,4,4,True,212,9,60,2364,23.64,0
981,0,1,0,4,19,False,87,6,11,1547,15.47,0
982,0,1,0,4,14,True,86,5,248,1528,15.28,0
983,0,1,0,4,4,True,11,3,93,861,8.61,0
984,0,1,0,4,19,False,11,1,173,429,4.29,0
985,0,1,0,4,3,True,10,1,156,412,4.12,0
986,0,1,0,4,2,False,138,3,85,853,8.53,0
987,0,1,0,4,4,True,138,3,65,833,8.33,0
988,0,1,0,4,13,False,18,13,115,3443,34.43,0
989,0,1,0,4,5,True,18,13,97,3425,34.25,0
990,0,-1,-1,-1,-1,True,-1,-1,-1,-1,-1.0,-1
991,0,-1,-1,-1,-1,True,-1,-1,-1,-1,-1.0,-1
992,0,-1,-1,-1,-1,True,-1,-1,-1,-1,-1.0,-1
993,0,-1,-1,-1,-1,True,-1,-1,-1,-1,-1.0,-1
994,0,-1,-1,-1,-1,True,-1,-1,-1,-1,-1.0,-1
995,0,1,0,4,13,False,244,8,120,2168,21.68,0
996,0,1,0,4,15,False,246,8,131,2179,21.79,0
997,0,1,0,4,13,True,246,8,111,2159,21.59,0
998,0,1,0,4,15,True,242,6,145,1681,16.81,0
999,0,1,0,4,16,True,242,11,191,3007,30.07,0
1000,0,1,0,4,17,True,242,1,19,275,2.75,0
1001,0,1,0,4,18,True,93,4,186,1210,12.1,0
1002,0,1,0,4,19,True,242,0,164,164,1.64,0
1003,0,1,0,4,20,True,243,2,179,691,6.91,0
1004,0,1,0,4,21,True,243,1,123,379,3.79,0
1005,0,1,0,4,22,True,243,0,22,22,0.22,0
1006,0,1,0,4,23,True,243,0,159,159,1.59,0
1007,0,1,0,4,24,True,243,13,216,3544,35.44,0
1008,0,1,0,4,25,True,243,3,138,906,9.06,0
1009,0,1,0,4,26,True,242,4,149,1173,11.73,0
1010,0,1,0,4,27,True,242,5,104,1384,13.84,0
1011,0,1,0,4,28,True,157,8,254,2302,23.02,0
1012,0,1,0,4,29,True,93,14,154,3738,37.38,0
1013,0,1,0,4,30,True,243,15,104,3944,39.44,0
1014,0,1,0,4,31,True,243,0,4,4,0.04,0
1015,0,1,0,4,32,True,242,11,111,2927,29.27,0
1016,0,1,0,4,29,True,75,15,49,3889,38.89,0
1017,0,1,0,4,33,True,243,15,158,3998,39.98,0
1018,0,1,0,4,19,False,74,2,234,746,7.46,0
1019,0,1,0,4,4,False,17,12,7,3079,30.79,0
1020,0,1,0,4,28,True,74,2,217,729,7.29,0
1021,0,1,18,5,13,False,221,10,75,2635,26.35,4
1022,0,1,1,7,30,True,11,3,4,772,7.72,1039378
1023,0,1,14,4,4,False,8,11,7,2823,28.23,0
1024,0,1,9,0,0,False,0,0,0,0,0.0,0
1025,0,1,0,4,7,False,28,4,132,1156,11.56,0
1026,0,1,0,4,7,False,219,5,240,1520,15.2,0
1027,0,1,27,5,15,False,96,4,144,1168,11.68,220
1028,0,1,0,4,10,False,219,9,136,2440,24.4,0
1029,0,1,0,4,11,False,219,7,42,1834,18.34,0
1030,0,1,0,4,12,False,219,8,127,2175,21.75,0
1031,0,1,0,4,13,True,222,11,49,2865,28.65,0
1032,0,1,0,4,15,True,219,14,223,3807,38.07,0
1033,0,1,0,4,16,True,219,0,137,137,1.37,0
1034,0,1,0,4,17,True,219,8,220,2268,22.68,0
1035,0,1,0,4,18,True,219,10,26,2586,25.86,0
1036,0,1,0,4,19,True,219,7,92,1884,18.84,0
1037,0,1,0,4,20,True,219,8,151,2199,21.99,0
1038,0,1,0,4,21,True,219,9,30,2334,23.34,0
1039,0,1,0,4,22,True,219,6,117,1653,16.53,0
1040,0,1,0,4,23,True,219,6,77,1613,16.13,0
1041,0,1,0,4,24,True,219,3,225,993,9.93,0
1042,0,1,0,4,25,True,219,9,158,2462,24.62,0
1043,0,1,0,4,26,True,219,10,151,2711,27.11,0
1044,0,1,0,4,27,True,219,13,101,3429,34.29,0
1045,0,1,0,4,28,True,219,11,204,3020,30.2,0
1046,0,1,0,4,29,True,219,5,220,1500,15.0,0
1047,0,1,0,4,30,True,219,5,105,1385,13.85,0
1048,0,1,0,4,31,True,219,7,52,1844,18.44,0
1049,0,1,0,4,32,True,219,2,233,745,7.45,0
1050,0,1,0,4,33,True,219,5,135,1415,14.15,0
1051,0,1,0,4,34,True,219,5,254,1534,15.34,0
1052,0,1,0,4,0,False,191,4,18,1042,10.42,0
1053,0,1,0,4,17,False,193,2,151,663,6.63,0
1054,0,1,0,4,15,True,191,10,199,2759,27.59,0
1055,0,1,0,4,16,True,193,2,130,642,6.42,0
1056,0,1,0,4,15,False,64,0,245,245,2.45,0
1057,0,1,0,4,3,False,1,8,4,2052,20.52,0
1058,0,1,0,4,13,False,64,8,245,2293,22.93,0
1059,0,1,1,7,0,False,6,14,4,3588,35.88,376849
1060,0,1,0,4,8,False,191,1,100,356,3.56,0
1061,0,1,9,6,4,False,131,1,6,262,2.62,1234
1062,0,1,0,4,7,False,191,2,60,572,5.72,0
1063,0,1,16,5,0,True,5,10,4,2564,25.64,144
1064,0,1,0,4,10,False,191,0,103,103,1.03,0
1065,0,1,0,4,11,False,191,14,246,3830,38.3,0
1066,0,1,0,4,12,False,191,0,68,68,0.68,0
1067,0,1,0,4,13,True,64,0,208,208,2.08,0
1068,0,1,0,4,15,True,191,13,245,3573,35.73,0
1069,0,1,0,4,16,True,191,7,71,1863,18.63,0
1070,0,1,0,4,17,True,191,2,187,699,6.99,0
1071,0,1,0,4,18,True,191,1,63,319,3.19,0
1072,0,1,0,4,19,True,191,0,104,104,1.04,0
1073,0,1,0,4,20,True,191,15,84,3924,39.24,0
1074,0,1,0,4,21,True,191,0,157,157,1.57,0
1075,0,1,0,4,22,True,191,13,236,3564,35.64,0
1076,0,1,0,4,23,True,191,13,203,3531,35.31,0
1077,0,1,0,4,24,True,191,12,145,3217,32.17,0
1078,0,1,0,4,25,True,191,0,131,131,1.31,0
1079,0,1,0,4,26,True,191,1,170,426,4.26,0
1080,0,1,0,4,27,True,191,4,195,1219,12.19,0
1081,0,1,0,4,28,True,191,9,94,2398,23.98,0
1082,0,1,0,4,29,True,191,2,40,552,5.52,0
1083,0,1,0,4,30,True,191,11,47,2863,28.63,0
1084,0,1,0,4,31,True,191,14,111,3695,36.95,0
1085,0,1,0,4,32,True,191,12,128,3200,32.0,0
1086,0,1,0,4,33,True,191,12,197,3269,32.69,0
1087,0,1,0,4,34,True,191,12,149,3221,32.21,0
1088,0,1,0,4,33,False,34,1,29,285,2.85,0
1089,0,1,0,4,3,True,1,2,82,594,5.94,0
1090,0,1,0,4,32,False,33,10,179,2739,27.39,0
1091,0,1,0,4,17,False,255,6,100,1636,16.36,0
1092,0,1,0,4,13,False,255,14,135,3719,37.19,0
1093,0,1,0,4,63,True,11,10,4,2564,25.64,0
1094,0,1,0,4,8,False,253,8,105,2153,21.53,0
1095,0,1,1,7,62,True,1,10,4,2564,25.64,786307
1096,0,1,0,4,10,False,253,12,220,3292,32.92,0
1097,0,1,26,4,4,False,133,14,1,3585,35.85,0
1098,0,1,0,4,7,False,253,9,53,2357,23.57,0
1099,0,1,28,6,61,False,61,13,61,3389,33.89,15677
1100,0,1,0,4,19,False,209,11,76,2892,28.92,0
1101,0,1,0,4,5,True,209,11,59,2875,28.75,0
1102,0,1,0,4,4,True,246,6,177,1713,17.13,0
1103,0,1,0,4,23,False,246,10,161,2721,27.21,0
1104,0,1,0,4,6,True,246,10,139,2699,26.99,0
1105,0,1,0,4,22,False,246,5,134,1414,14.14,0
1106,0,1,0,4,5,True,246,5,117,1397,13.97,0
1107,0,1,0,4,16,False,80,12,50,3122,31.22,0
1108,0,1,0,4,25,True,80,12,31,3103,31.03,0
1109,0,1,0,4,24,False,202,3,36,804,8.04,0
1110,0,1,0,4,7,True,202,3,20,788,7.88,0
1111,0,1,0,4,33,False,254,6,52,1588,15.88,0
1112,0,1,0,4,13,True,254,6,33,1569,15.69,0
1113,0,1,0,4,22,False,214,3,8,776,7.76,0
1114,0,1,0,4,10,True,214,2,246,758,7.58,0
1115,0,1,0,4,23,False,214,8,10,2058,20.58,0
1116,0,1,0,4,11,True,214,7,246,2038,20.38,0
1117,0,1,0,4,1,False,191,11,199,3015,30.15,0
1118,0,1,0,4,4,True,191,11,179,2995,29.95,0
1119,0,1,0,4,3,False,10,9,153,2457,24.57,0
1120,0,1,0,4,6,True,10,9,131,2435,24.35,0
1121,0,1,0,4,19,False,85,11,136,2952,29.52,0
1122,0,1,0,4,8,True,85,11,120,2936,29.36,0
1123,0,1,0,4,32,False,50,11,197,3013,30.13,0
1124,0,1,0,4,3,True,50,11,178,2994,29.94,0
1125,0,1,0,4,7,False,177,1,69,325,3.25,0
1126,0,1,0,4,4,True,177,1,50,306,3.06,0
1127,0,1,0,4,16,False,150,3,56,824,8.24,0
1128,0,1,0,4,7,True,150,3,36,804,8.04,0
1129,0,1,0,4,2,False,229,14,72,3656,36.56,0
1130,0,1,0,4,23,True,229,14,53,3637,36.37,0
1131,0,1,0,4,26,False,38,9,123,2427,24.27,0
1132,0,1,0,4,3,True,38,9,105,2409,24.09,0
1133,0,1,0,4,31,False,64,8,100,2148,21.48,0
1134,0,1,0,4,12,True,64,8,80,2128,21.28,0
1135,0,1,0,4,0,False,209,13,1,3329,33.29,0
1136,0,1,0,4,15,True,209,12,237,3309,33.09,0
1137,0,17,0,0,0,False,0,0,10,10,0.1,0
1138,0,-1,-1,-1,-1,True,-1,-1,-1,-1,-1.0,-1
1139,0,6,0,0,0,False,0,0,10,10,0.1,1377281
1140,0,50,0,0,0,False,0,0,10,10,0.1,1973552129
1141,0,-1,-1,-1,-1,True,-1,-1,-1,-1,-1.0,-1
1142,0,-1,-1,-1,-1,True,-1,-1,-1,-1,-1.0,-1
1143,0,-1,-1,-1,-1,True,-1,-1,-1,-1,-1.0,-1
1144,0,1,0,4,7,True,93,13,31,3359,33.59,0
1145,0,1,0,4,16,False,12,1,173,429,4.29,0
1146,0,1,0,4,7,False,181,4,17,1041,10.41,0
1147,0,1,0,4,22,False,92,6,65,1601,16.01,0
1148,0,1,1,1,3,False,0,0,0,0,0.0,0
1149,0,1,0,4,6,True,92,6,46,1582,15.82,0
1150,0,1,19,4,4,False,8,6,10,1546,15.46,0
1151,0,1,0,6,18,False,4,7,6,1798,17.98,19214
1152,0,1,0,6,10,False,135,13,61,3389,33.89,15677
1153,0,1,0,4,27,False,198,5,50,1330,13.3,0
1154,0,1,0,4,21,True,198,5,29,1309,13.09,0
1155,0,1,0,4,28,False,200,11,13,2829,28.29,0
1156,0,1,0,4,22,True,200,10,249,2809,28.09,0
1157,0,1,0,4,12,False,176,8,116,2164,21.64,0
1158,0,1,0,4,11,False,175,3,182,950,9.5,0
1159,0,1,0,4,17,True,175,3,162,930,9.3,0
1160,0,1,0,4,14,False,247,6,31,1567,15.67,0
1161,0,1,0,4,3,True,247,6,12,1548,15.48,0
1162,0,1,0,4,5,False,204,8,35,2083,20.83,0
1163,0,1,0,4,15,True,204,8,16,2064,20.64,0
1164,0,1,0,4,6,False,123,8,25,2073,20.73,0
1165,0,1,0,4,18,True,123,8,8,2056,20.56,0
1166,0,1,0,4,33,False,14,5,36,1316,13.16,0
1167,0,1,0,4,31,True,14,5,15,1295,12.95,0
1168,0,1,0,4,5,False,196,5,185,1465,14.65,0
1169,0,1,0,4,6,False,195,8,152,2200,22.0,0
1170,0,1,0,4,7,True,195,8,114,2162,21.62,0
1171,0,1,0,4,8,True,195,5,105,1385,13.85,0
1172,0,1,0,4,9,True,195,6,33,1569,15.69,0
1173,0,1,0,4,31,False,18,13,45,3373,33.73,0
1174,0,1,0,4,5,True,18,13,25,3353,33.53,0
1175,0,1,0,4,14,False,240,6,119,1655,16.55,0
1176,0,1,0,4,15,True,240,6,99,1635,16.35,0
1177,0,1,0,4,14,False,68,8,234,2282,22.82,0
1178,0,1,0,4,6,True,68,8,214,2262,22.62,0
1179,0,-1,-1,-1,-1,True,-1,-1,-1,-1,-1.0,-1
1180,0,-1,-1,-1,-1,True,-1,-1,-1,-1,-1.0,-1
1181,0,-1,-1,-1,-1,True,-1,-1,-1,-1,-1.0,-1
1182,0,-1,-1,-1,-1,True,-1,-1,-1,-1,-1.0,-1
1183,0,-1,-1,-1,-1,True,-1,-1,-1,-1,-1.0,-1
1184,0,1,0,4,33,True,26,15,195,4035,40.35,0
1185,0,1,0,4,11,False,125,7,91,1883,18.83,0
1186,0,1,0,4,34,True,26,14,30,3614,36.14,0
1187,0,1,0,4,7,True,125,7,72,1864,18.64,0
1188,0,1,0,4,4,True,170,2,20,532,5.32,0
1189,0,1,0,4,7,False,31,4,17,1041,10.41,0
1190,0,1,21,1,4,False,0,0,0,0,0.0,0
1191,0,1,6,3,4,False,8,7,0,1792,17.92,0
1192,0,1,1,5,33,True,4,0,169,169,1.69,4
1193,0,1,3,6,4,False,10,7,3,1795,17.95,1146
1194,0,1,16,5,40,True,10,13,4,3332,33.32,7
1195,0,1,20,7,14,False,127,4,11,1035,10.35,11472807
1196,0,1,0,4,12,False,167,2,251,763,7.63,0
1197,0,1,0,4,15,False,169,9,27,2331,23.31,0
1198,0,1,0,4,13,True,169,9,9,2313,23.13,0
1199,0,1,0,4,15,True,167,6,195,1731,17.31,0
1200,0,1,0,4,16,True,167,11,206,3022,30.22,0
1201,0,1,0,4,17,True,167,1,43,299,2.99,0
1202,0,1,0,4,18,True,167,4,110,1134,11.34,0
1203,0,1,0,4,19,True,167,0,141,141,1.41,0
1204,0,1,0,4,20,True,167,2,180,692,6.92,0
1205,0,1,0,4,21,True,167,1,72,328,3.28,0
1206,0,1,0,4,22,True,167,0,19,19,0.19,0
1207,0,1,0,4,23,True,167,0,123,123,1.23,0
1208,0,1,0,4,24,True,167,13,251,3579,35.79,0
1209,0,1,0,4,25,True,167,3,36,804,8.04,0
1210,0,1,0,4,26,True,167,4,108,1132,11.32,0
1211,0,1,0,4,27,True,167,5,150,1430,14.3,0
1212,0,1,0,4,28,True,167,2,135,647,6.47,0
1213,0,1,0,4,29,True,167,14,107,3691,36.91,0
1214,0,1,0,4,30,True,167,15,46,3886,38.86,0
1215,0,1,0,4,31,True,167,10,1,2561,25.61,163616772
1216,0,-1,-1,-1,-1,True,-1,-1,-1,-1,-1.0,-1
1217,0,-1,-1,-1,-1,True,-1,-1,-1,-1,-1.0,-1
1218,0,-1,-1,-1,-1,True,-1,-1,-1,-1,-1.0,-1
1219,0,-1,-1,-1,-1,True,-1,-1,-1,-1,-1.0,-1
1220,0,1,0,4,0,False,191,0,53,53,0.53,0
1221,0,1,0,4,23,True,191,0,34,34,0.34,0
1222,0,1,0,4,10,False,189,2,207,719,7.19,0
1223,0,1,0,4,18,True,189,2,188,700,7.0,0
1224,0,1,0,4,6,False,114,8,220,2268,22.68,0
1225,0,1,0,4,11,True,114,8,200,2248,22.48,0
1226,0,1,0,4,4,False,12,14,12,3596,35.96,0
1227,0,1,4,5,16,False,4,1,228,484,4.84,6
1228,0,1,8,3,62,False,13,4,0,1024,10.24,0
1229,0,1,0,4,25,True,133,13,61,3389,33.89,0
1230,0,1,0,4,11,True,2,14,130,3714,37.14,0
1231,0,1,0,4,10,True,2,14,77,3661,36.61,0
1232,0,1,0,4,17,False,2,10,187,2747,27.47,0
1233,0,1,0,4,9,True,2,10,170,2730,27.3,0
1234,0,1,0,4,22,False,61,10,94,2654,26.54,0
1235,0,1,0,4,33,True,61,10,78,2638,26.38,0
1236,0,1,0,4,17,False,145,4,217,1241,12.41,0
1237,0,1,0,4,5,True,145,4,200,1224,12.24,0
1238,0,1,0,4,8,False,101,10,178,2738,27.38,0
1239,0,1,0,4,10,True,101,10,156,2716,27.16,0
1240,0,1,0,4,10,False,64,4,18,1042,10.42,0
1241,0,1,0,4,9,True,64,3,255,1023,10.23,0
1242,0,1,0,4,14,False,198,13,5,3333,33.33,0
1243,0,1,0,4,15,True,198,12,241,3313,33.13,0
1244,0,1,0,4,11,False,5,6,210,1746,17.46,0
1245,0,1,0,4,12,False,4,4,43,1067,10.67,0
1246,0,1,0,4,7,True,4,4,22,1046,10.46,0
1247,0,1,0,4,13,False,196,6,4,1540,15.4,0
1248,0,1,0,4,50,True,5,15,130,3970,39.7,0
1249,0,1,0,4,30,True,4,5,242,1522,15.22,0
1250,0,1,1,5,16,True,196,6,110,1646,16.46,61
1251,0,1,0,4,4,False,223,8,90,2138,21.38,0
1252,0,1,0,4,9,True,223,8,70,2118,21.18,0
1253,0,1,0,4,11,False,36,8,90,2138,21.38,0
1254,0,1,0,4,12,True,36,8,69,2117,21.17,0
1255,0,1,0,4,14,False,26,11,21,2837,28.37,0
1256,0,1,0,4,9,True,26,11,2,2818,28.18,0
1257,0,1,0,4,16,False,85,13,209,3537,35.37,0
1258,0,1,0,4,24,True,85,13,189,3517,35.17,0
1259,0,1,0,4,3,False,150,8,97,2145,21.45,0
1260,0,1,0,4,25,True,150,8,75,2123,21.23,0
1261,0,1,0,4,26,False,6,1,146,402,4.02,0
1262,0,1,0,4,10,True,6,1,127,383,3.83,0
1263,0,-1,-1,-1,-1,True,-1,-1,-1,-1,-1.0,-1
1264,0,-1,-1,-1,-1,True,-1,-1,-1,-1,-1.0,-1
1265,0,-1,-1,-1,-1,True,-1,-1,-1,-1,-1.0,-1
1266,0,-1,-1,-1,-1,True,-1,-1,-1,-1,-1.0,-1
1267,0,-1,-1,-1,-1,True,-1,-1,-1,-1,-1.0,-1
1268,0,1,0,4,33,True,160,5,2,1282,12.82,0
1269,0,1,0,4,22,False,245,8,129,2177,21.77,0
1270,0,1,0,4,34,True,160,3,131,899,8.99,0
1271,0,1,0,4,5,True,245,8,111,2159,21.59,0
1272,0,1,0,4,4,True,49,1,79,335,3.35,0
1273,0,1,0,4,6,False,53,4,17,1041,10.41,0
1274,0,1,6,0,0,False,0,0,0,0,0.0,0
1275,0,1,0,4,36,True,4,8,47,2095,20.95,0
1276,0,1,1,6,30,True,4,0,48,48,0.48,36868
1277,0,1,0,4,10,False,47,3,246,1014,10.14,0
1278,0,1,0,4,5,True,47,10,112,2672,26.72,0
1279,0,1,0,4,7,False,47,14,180,3764,37.64,0
1280,0,1,0,4,11,False,47,15,202,4042,40.42,0
1281,0,1,0,4,12,False,47,3,44,812,8.12,0
1282,0,1,0,4,15,False,48,9,159,2463,24.63,0
1283,0,1,0,4,13,True,48,9,141,2445,24.45,0
1284,0,1,0,4,15,True,47,9,50,2354,23.54,0
1285,0,1,0,4,16,True,47,0,184,184,1.84,0
1286,0,1,0,4,17,True,47,1,89,345,3.45,0
1287,0,1,0,4,18,True,47,4,101,1125,11.25,0
1288,0,1,0,4,19,True,47,0,116,116,1.16,0
1289,0,1,0,4,20,True,47,2,133,645,6.45,0
1290,0,1,0,4,21,True,47,1,215,471,4.71,0
1291,0,1,0,4,22,True,47,0,86,86,0.86,0
1292,0,1,0,4,23,True,47,0,121,121,1.21,0
1293,0,1,0,4,24,True,47,14,6,3590,35.9,0
1294,0,1,0,4,25,True,47,3,106,874,8.74,0
1295,0,1,0,4,26,True,47,4,82,1106,11.06,0
1296,0,1,0,4,27,True,47,5,145,1425,14.25,0
1297,0,1,0,4,28,True,47,3,67,835,8.35,0
1298,0,1,0,4,29,True,47,14,160,3744,37.44,0
1299,0,1,0,4,30,True,47,15,174,4014,40.14,0
1300,0,1,0,4,31,True,10,1,4,260,2.6,3842910216
1301,0,-1,-1,-1,-1,True,-1,-1,-1,-1,-1.0,-1
1302,0,-1,-1,-1,-1,True,-1,-1,-1,-1,-1.0,-1
1303,0,-1,-1,-1,-1,True,-1,-1,-1,-1,-1.0,-1
1304,0,-1,-1,-1,-1,True,-1,-1,-1,-1,-1.0,-1
1305,0,1,0,4,10,True,39,14,208,3792,37.92,0
1306,0,1,0,4,10,False,237,1,27,283,2.83,0
1307,0,1,0,4,5,True,237,1,8,264,2.64,0
1308,0,1,0,4,21,False,75,8,87,2135,21.35,0
1309,0,1,0,4,11,True,75,8,66,2114,21.14,0
1310,0,1,0,4,25,True,107,12,95,3167,31.67,0
1311,0,1,0,4,26,True,52,15,71,3911,39.11,0
1312,0,1,0,4,27,True,107,0,21,21,0.21,0
1313,0,1,0,4,28,True,178,0,250,250,2.5,0
1314,0,1,0,4,29,True,107,8,48,2096,20.96,0
1315,0,1,0,4,30,True,177,9,30,2334,23.34,0
1316,0,1,0,4,31,True,107,9,222,2526,25.26,0
1317,0,1,0,4,32,True,107,5,80,1360,13.6,0
1318,0,1,0,4,33,True,107,8,188,2236,22.36,0
1319,0,1,0,4,3,False,35,1,254,510,5.1,0
1320,0,1,0,4,34,True,107,7,21,1813,18.13,0
1321,0,1,0,4,9,True,35,1,232,488,4.88,0
1322,0,1,0,4,3,True,11,3,30,798,7.98,0
1323,0,1,0,4,6,False,67,4,16,1040,10.4,0
1324,0,1,1,2,4,False,52,0,0,0,0.0,0
1325,0,1,0,4,8,False,9,13,151,3479,34.79,0
1326,0,1,0,4,17,False,10,5,228,1508,15.08,0
1327,0,1,0,4,10,False,9,3,105,873,8.73,0
1328,0,1,0,4,4,False,132,10,4,2564,25.64,0
1329,0,1,0,4,7,False,9,15,12,3852,38.52,0
1330,0,1,3,6,4,False,144,10,5,2565,25.65,15824
1331,0,1,0,4,33,False,3,7,245,2037,20.37,0
1332,0,1,0,4,27,True,3,7,224,2016,20.16,0
1333,0,1,0,4,15,False,7,7,93,1885,18.85,0
1334,0,1,0,4,11,True,7,7,71,1863,18.63,0
1335,0,1,0,4,0,False,184,11,142,2958,29.58,0
1336,0,1,0,4,11,True,184,11,121,2937,29.37,0
1337,0,1,0,4,33,False,24,7,166,1958,19.58,0
1338,0,1,0,4,3,True,24,7,145,1937,19.37,0
1339,0,1,0,4,15,False,174,8,160,2208,22.08,0
1340,0,1,0,4,4,True,174,8,142,2190,21.9,0
1341,0,1,0,4,14,False,171,8,184,2232,22.32,0
1342,0,1,0,4,3,True,171,8,165,2213,22.13,0
1343,0,1,0,4,30,True,167,14,59,3643,36.43,0
1344,0,1,0,4,29,True,168,10,99,2659,26.59,0
1345,0,1,0,4,18,False,167,12,18,3090,30.9,0
1346,0,1,0,4,28,True,167,12,0,3072,30.72,0
1347,0,1,0,4,9,False,254,10,236,2796,27.96,0
1348,0,1,0,4,3,True,254,10,216,2776,27.76,0
1349,0,1,0,4,8,False,115,0,188,188,1.88,0
1350,0,1,0,4,6,True,115,0,168,168,1.68,0
1351,0,1,0,4,5,True,38,4,218,1242,12.42,0
1352,0,1,0,4,26,False,37,9,3,2307,23.07,0
1353,0,1,0,4,6,True,37,8,240,2288,22.88,0
1354,0,1,0,4,29,False,230,14,166,3750,37.5,0
1355,0,1,0,4,10,True,230,14,146,3730,37.3,0
1356,0,1,0,4,17,False,233,11,215,3031,30.31,0
1357,0,1,0,4,7,True,233,11,198,3014,30.14,0
1358,0,1,0,4,9,False,47,14,153,3737,37.37,0
1359,0,1,0,4,8,True,47,14,134,3718,37.18,0
1360,0,-1,-1,-1,-1,True,-1,-1,-1,-1,-1.0,-1
1361,0,-1,-1,-1,-1,True,-1,-1,-1,-1,-1.0,-1
1362,0,-1,-1,-1,-1,True,-1,-1,-1,-1,-1.0,-1
1363,0,-1,-1,-1,-1,True,-1,-1,-1,-1,-1.0,-1
1364,0,-1,-1,-1,-1,True,-1,-1,-1,-1,-1.0,-1
1365,0,1,0,4,32,True,35,11,70,2886,28.86,0
1366,0,1,0,4,10,False,33,9,3,2307,23.07,0
1367,0,1,0,4,33,True,35,15,241,4081,40.81,0
1368,0,1,0,4,9,True,33,8,238,2286,22.86,0
1369,0,1,0,4,4,False,16,3,4,772,7.72,0
1370,0,1,6,0,0,False,0,0,0,0,0.0,0
1371,0,1,20,5,4,False,17,2,5,517,5.17,30
1372,0,1,0,4,8,False,97,13,180,3508,35.08,0
1373,0,1,0,4,18,False,97,12,51,3123,31.23,0
1374,0,1,0,4,10,False,97,3,252,1020,10.2,0
1375,0,1,0,4,3,False,180,4,132,1156,11.56,0
1376,0,1,0,4,7,False,96,14,154,3738,37.38,0
1377,0,1,12,3,12,False,31,4,0,1024,10.24,0
1378,0,1,0,4,11,False,97,15,242,4082,40.82,0
1379,0,1,18,0,0,False,0,0,0,0,0.0,0
1380,0,1,0,4,12,False,97,3,58,826,8.26,0
1381,0,1,12,2,61,False,61,0,0,0,0.0,0
1382,0,1,0,4,21,False,130,1,194,450,4.5,0
1383,0,1,0,4,4,True,130,1,176,432,4.32,0
1384,0,1,0,4,13,False,176,10,171,2731,27.31,0
1385,0,1,0,4,9,True,176,10,152,2712,27.12,0
1386,0,1,0,4,7,False,23,6,198,1734,17.34,0
1387,0,1,0,4,14,True,23,6,178,1714,17.14,0
1388,0,1,0,4,15,True,120,0,65,65,0.65,0
1389,0,1,0,4,2,False,120,2,38,550,5.5,0
1390,0,1,0,4,14,True,120,2,17,529,5.29,0
1391,0,1,0,4,17,False,14,2,3,515,5.15,0
1392,0,1,0,4,22,True,14,1,241,497,4.97,0
1393,0,1,0,4,18,False,157,15,114,3954,39.54,0
1394,0,1,0,4,3,True,157,15,93,3933,39.33,0
1395,0,1,0,4,16,False,191,13,91,3419,34.19,0
1396,0,1,0,4,5,True,191,13,71,3399,33.99,0
1397,0,1,0,4,25,False,143,7,173,1965,19.65,0
1398,0,1,0,4,20,True,143,7,152,1944,19.44,0
1399,0,1,0,4,5,True,208,10,5,2565,25.65,0
1400,0,1,0,4,23,False,207,1,6,262,2.62,0
1401,0,1,0,4,6,True,207,0,242,242,2.42,0
1402,0,1,0,4,29,False,106,1,237,493,4.93,0
1403,0,1,0,4,7,True,106,1,217,473,4.73,0
1404,0,1,0,4,3,False,63,14,42,3626,36.26,0
1405,0,1,0,4,5,True,62,14,19,3603,36.03,0
1406,0,1,0,4,4,False,62,7,132,1924,19.24,0
1407,0,1,0,4,4,True,62,7,115,1907,19.07,0
1408,0,176,0,4,0,False,0,0,0,0,0.0,10
1409,0,-1,-1,-1,-1,True,-1,-1,-1,-1,-1.0,-1
1410,0,149,0,4,0,False,0,0,0,0,0.0,9240843
1411,0,-1,-1,-1,-1,True,-1,-1,-1,-1,-1.0,-1
1412,0,235,0,4,15,True,0,0,0,0,0.0,4261481472
1413,0,-1,-1,-1,-1,True,-1,-1,-1,-1,-1.0,-1
1414,0,-1,-1,-1,-1,True,-1,-1,-1,-1,-1.0,-1
1415,0,-1,-1,-1,-1,True,-1,-1,-1,-1,-1.0,-1
1416,0,-1,-1,-1,-1,True,-1,-1,-1,-1,-1.0,-1
1417,0,1,17,3,4,False,145,15,0,3840,38.4,0
1418,0,1,1,1,9,True,0,0,0,0,0.0,0
1419,0,1,0,4,18,True,255,11,137,2953,29.53,0
1420,0,1,0,4,19,True,255,7,171,1963,19.63,0
1421,0,1,0,4,20,True,255,9,79,2383,23.83,0
1422,0,1,0,4,21,True,255,9,88,2392,23.92,0
1423,0,1,0,4,22,True,255,7,44,1836,18.36,0
1424,0,1,0,4,23,True,255,7,113,1905,19.05,0
1425,0,1,0,4,24,True,255,4,126,1150,11.5,0
1426,0,1,0,4,25,True,255,10,180,2740,27.4,0
1427,0,1,0,4,26,True,255,11,147,2963,29.63,0
1428,0,1,0,4,27,True,255,14,58,3642,36.42,0
1429,0,1,0,4,28,True,255,11,102,2918,29.18,0
1430,0,1,0,4,29,True,255,6,126,1662,16.62,0
1431,0,1,0,4,30,True,255,5,235,1515,15.15,0
1432,0,1,0,4,31,True,255,7,135,1927,19.27,0
1433,0,1,0,4,32,True,255,3,32,800,8.0,0
1434,0,1,0,4,7,False,10,5,141,1421,14.21,0
1435,0,1,0,4,33,True,255,6,146,1682,16.82,0
1436,0,1,0,4,5,True,10,5,122,1402,14.02,0
1437,0,1,0,4,4,False,132,2,1,513,5.13,0
1438,0,1,23,1,4,False,0,0,0,0,0.0,0
1439,0,1,2,0,0,False,0,0,0,0,0.0,0
1440,0,1,4,2,2,False,224,0,0,0,0.0,0
1441,0,1,0,4,15,False,31,9,201,2505,25.05,0
1442,0,1,0,4,17,False,32,4,32,1056,10.56,0
1443,0,1,0,4,8,False,30,13,168,3496,34.96,0
1444,0,1,0,4,10,False,187,4,131,1155,11.55,0
1445,0,1,0,4,7,False,30,14,83,3667,36.67,0
1446,0,1,4,2,10,False,167,0,0,0,0.0,0
1447,0,1,0,4,10,False,30,3,235,1003,10.03,0
1448,0,1,0,4,16,True,32,13,61,3389,33.89,0
1449,0,1,0,4,13,False,14,11,19,2835,28.35,0
1450,0,1,0,4,30,True,14,11,1,2817,28.17,0
1451,0,71,0,0,0,False,0,0,10,10,0.1,513868801
1452,0,-1,-1,-1,-1,True,-1,-1,-1,-1,-1.0,-1
1453,0,-1,-1,-1,-1,True,-1,-1,-1,-1,-1.0,-1
1454,0,-1,-1,-1,-1,True,-1,-1,-1,-1,-1.0,-1
1455,0,-1,-1,-1,-1,True,-1,-1,-1,-1,-1.0,-1
1456,0,1,0,4,26,False,22,1,207,463,4.63,0
1457,0,1,0,4,34,True,30,14,96,3680,36.8,0
1458,0,1,0,4,22,True,22,1,188,444,4.44,0
1459,0,1,0,4,4,True,252,3,14,782,7.82,0
1460,0,1,0,4,9,False,68,4,17,1041,10.41,0
1461,0,1,31,3,4,False,8,4,0,1024,10.24,0
1462,0,1,1,0,0,False,0,0,0,0,0.0,0
1463,0,1,31,2,13,False,105,0,0,0,0.0,0
1464,0,1,0,4,18,False,250,11,29,2845,28.45,0
1465,0,1,0,4,10,False,250,3,143,911,9.11,0
1466,0,1,0,4,9,False,4,0,251,251,2.51,0
1467,0,1,0,4,7,False,250,14,16,3600,36.0,0
1468,0,1,0,3,61,False,61,13,0,3328,33.28,0
1469,0,1,0,4,23,False,29,10,3,2563,25.63,0
1470,0,1,0,4,5,True,29,2,32,544,5.44,0
1471,0,1,0,4,23,False,238,14,228,3812,38.12,0
1472,0,1,0,4,7,True,238,14,208,3792,37.92,0
1473,0,1,0,4,25,False,47,6,128,1664,16.64,0
1474,0,1,0,4,24,False,48,13,50,3378,33.78,0
1475,0,1,0,4,15,True,47,13,48,3376,33.76,0
1476,0,1,0,4,6,False,155,11,250,3066,30.66,0
1477,0,1,0,4,5,True,155,11,231,3047,30.47,0
1478,0,1,0,4,18,False,106,2,32,544,5.44,0
1479,0,1,0,4,9,True,106,2,12,524,5.24,0
1480,0,1,0,4,9,False,3,4,240,1264,12.64,0
1481,0,1,0,4,10,False,1,13,65,3393,33.93,0
1482,0,1,0,4,9,True,1,13,45,3373,33.73,0
1483,0,1,0,4,1,False,57,7,49,1841,18.41,0
1484,0,1,0,4,23,True,56,7,29,1821,18.21,0
1485,0,1,0,4,19,False,108,5,239,1519,15.19,0
1486,0,1,0,4,8,True,108,5,223,1503,15.03,0
1487,0,1,0,4,10,False,112,1,75,331,3.31,0
1488,0,1,0,4,15,True,112,1,55,311,3.11,0
1489,0,1,0,4,15,False,36,10,137,2697,26.97,0
1490,0,1,0,4,31,True,36,10,119,2679,26.79,0
1491,0,1,0,4,1,False,4,12,242,3314,33.14,0
1492,0,1,0,2,36,True,146,0,0,0,0.0,0
1493,0,1,1,1,57,True,0,0,0,0,0.0,0
1494,0,1,0,4,0,False,12,5,175,1455,14.55,0
1495,0,1,0,4,7,True,146,9,226,2530,25.3,0
1496,0,1,0,4,1,False,78,12,135,3207,32.07,0
1497,0,1,0,4,2,False,146,10,64,2624,26.24,0
1498,0,1,0,4,3,False,224,6,203,1739,17.39,0
1499,0,1,0,4,12,False,87,6,183,1719,17.19,0
1500,0,1,0,4,15,False,244,8,186,2234,22.34,0
1501,0,1,0,4,10,True,224,6,181,1717,17.17,0
1502,0,1,0,4,11,True,12,5,154,1434,14.34,0
1503,0,1,0,4,13,True,244,8,168,2216,22.16,0
1504,0,1,0,4,15,True,242,6,17,1553,15.53,0
1505,0,1,0,4,16,True,242,11,170,2986,29.86,0
1506,0,1,0,4,17,True,242,1,115,371,3.71,0
1507,0,1,0,4,18,True,242,4,161,1185,11.85,0
1508,0,1,0,4,19,True,146,10,184,2744,27.44,0
1509,0,1,0,4,20,True,242,2,199,711,7.11,0
1510,0,1,0,4,21,True,242,1,225,481,4.81,0
1511,0,1,0,4,22,True,242,0,31,31,0.31,0
1512,0,1,0,4,23,True,242,0,136,136,1.36,0
1513,0,1,0,4,24,True,242,13,196,3524,35.24,0
1514,0,1,0,4,25,True,78,15,207,4047,40.47,0
1515,0,1,0,4,26,True,242,4,115,1139,11.39,0
1516,0,1,0,4,27,True,242,5,199,1479,14.79,0
1517,0,1,0,4,28,True,242,2,216,728,7.28,0
1518,0,1,0,4,29,True,87,4,202,1226,12.26,0
1519,0,1,0,4,30,True,89,9,187,2491,24.91,0
1520,0,1,0,4,31,True,242,0,44,44,0.44,0
1521,0,1,0,4,32,True,242,11,102,2918,29.18,0
1522,0,1,0,4,33,True,242,15,199,4039,40.39,0
1523,0,1,0,4,1,False,26,5,209,1489,14.89,0
1524,0,1,0,4,34,True,242,14,23,3607,36.07,0
1525,0,1,0,4,10,True,26,5,185,1465,14.65,0
1526,0,1,0,4,3,True,3,1,112,368,3.68,0
1527,0,1,0,4,7,False,245,4,16,1040,10.4,0
1528,0,1,0,1,3,False,0,0,0,0,0.0,0
1529,0,1,11,0,0,False,0,0,0,0,0.0,0
1530,0,1,0,4,8,False,253,13,113,3441,34.41,0
1531,0,1,0,4,17,False,255,5,165,1445,14.45,0
1532,0,1,0,4,10,False,253,3,172,940,9.4,0
1533,0,1,0,4,4,True,1,3,66,834,8.34,0
1534,0,1,0,4,7,False,253,15,55,3895,38.95,0
1535,0,1,0,4,16,True,255,5,144,1424,14.24,0
1536,0,1,0,4,11,False,253,15,140,3980,39.8,0
1537,0,1,0,4,12,False,253,3,78,846,8.46,0
1538,0,1,0,4,15,True,253,6,32,1568,15.68,0
1539,0,1,0,4,16,True,253,11,148,2964,29.64,0
1540,0,1,0,4,17,True,253,1,85,341,3.41,0
1541,0,1,0,4,18,True,253,4,63,1087,10.87,0
1542,0,1,0,4,19,True,253,0,233,233,2.33,0
1543,0,1,0,4,20,True,253,2,56,568,5.68,0
1544,0,1,0,4,21,True,253,1,217,473,4.73,0
1545,0,1,0,4,22,True,253,0,90,90,0.9,0
1546,0,1,0,4,23,True,253,0,100,100,1.0,0
1547,0,1,0,4,24,True,253,13,220,3548,35.48,0
1548,0,1,0,4,25,True,253,10,1,2561,25.61,187765252
1549,0,-1,-1,-1,-1,True,-1,-1,-1,-1,-1.0,-1
1550,0,-1,-1,-1,-1,True,-1,-1,-1,-1,-1.0,-1
1551,0,-1,-1,-1,-1,True,-1,-1,-1,-1,-1.0,-1
1552,0,-1,-1,-1,-1,True,-1,-1,-1,-1,-1.0,-1
1553,0,1,0,4,3,True,49,11,94,2910,29.1,0
1554,0,1,0,4,11,False,208,12,66,3138,31.38,0
1555,0,1,0,4,12,True,208,12,46,3118,31.18,0
1556,0,1,0,4,4,False,144,1,11,267,2.67,0
1557,0,1,20,1,0,False,0,0,0,0,0.0,0
1558,0,1,0,4,1,False,117,0,62,62,0.62,0
1559,0,1,2,4,4,False,64,4,162,1186,11.86,0
1560,0,1,0,4,2,False,190,10,187,2747,27.47,0
1561,0,1,2,4,61,False,61,13,61,3389,33.89,0
1562,0,-1,-1,-1,-1,True,-1,-1,-1,-1,-1.0,-1
1563,0,-1,-1,-1,-1,True,-1,-1,-1,-1,-1.0,-1
1564,0,1,0,4,25,True,8,5,2,1282,12.82,0
1565,0,1,0,4,4,False,17,7,29,1821,18.21,0
1566,0,1,0,4,13,True,17,7,10,1802,18.02,0
1567,0,1,0,4,10,False,166,12,55,3127,31.27,0
1568,0,1,0,4,11,False,164,5,54,1334,13.34,0
1569,0,1,0,4,10,True,164,5,34,1314,13.14,0
1570,0,1,0,4,26,False,253,8,21,2069,20.69,0
1571,0,1,0,4,7,True,253,8,3,2051,20.51,0
1572,0,1,0,4,9,False,94,5,241,1521,15.21,0
1573,0,1,0,4,6,True,94,5,220,1500,15.0,0
1574,0,1,0,4,21,False,205,14,187,3771,37.71,0
1575,0,1,0,4,3,True,205,14,168,3752,37.52,0
1576,0,1,0,4,3,True,69,6,157,1693,16.93,0
1577,0,1,0,4,15,False,66,11,51,2867,28.67,0
1578,0,1,0,4,4,True,66,11,32,2848,28.48,0
1579,0,-1,-1,-1,-1,True,-1,-1,-1,-1,-1.0,-1
1580,0,-1,-1,-1,-1,True,-1,-1,-1,-1,-1.0,-1
1581,0,-1,-1,-1,-1,True,-1,-1,-1,-1,-1.0,-1
1582,0,-1,-1,-1,-1,True,-1,-1,-1,-1,-1.0,-1
1583,0,-1,-1,-1,-1,True,-1,-1,-1,-1,-1.0,-1
1584,0,1,0,4,4,False,253,7,59,1851,18.51,0
1585,0,1,0,4,5,True,253,7,39,1831,18.31,0
1586,0,1,0,4,0,False,235,1,38,294,2.94,0
1587,0,1,0,4,28,False,65,11,105,2921,29.21,0
1588,0,1,0,4,32,True,235,1,19,275,2.75,0
1589,0,1,0,4,1,False,22,8,135,2183,21.83,0
1590,0,1,0,4,2,False,168,2,113,625,6.25,0
1591,0,1,0,4,3,False,78,11,73,2889,28.89,0
1592,0,1,0,4,4,False,109,1,76,332,3.32,0
1593,0,1,0,4,5,False,115,4,28,1052,10.52,0
1594,0,1,0,4,7,False,136,3,240,1008,10.08,0
1595,0,1,0,4,9,False,202,11,99,2915,29.15,0
1596,0,1,0,4,10,False,162,14,49,3633,36.33,0
1597,0,1,0,4,33,False,232,15,37,3877,38.77,0
1598,0,1,0,4,5,True,210,5,164,1444,14.44,0
1599,0,1,0,4,7,True,185,5,189,1469,14.69,0
1600,0,1,0,4,11,True,7,12,194,3266,32.66,0
1601,0,1,0,4,12,True,207,10,107,2667,26.67,0
1602,0,1,0,4,13,True,204,9,16,2320,23.2,0
1603,0,1,0,4,14,True,202,0,169,169,1.69,0
1604,0,1,0,4,17,True,108,2,232,744,7.44,0
1605,0,1,0,4,18,True,163,14,216,3800,38.0,0
1606,0,1,0,4,19,True,22,9,77,2381,23.81,0
1607,0,1,0,4,20,True,129,2,160,672,6.72,0
1608,0,1,0,4,21,True,129,1,225,481,4.81,0
1609,0,1,0,4,22,True,129,0,102,102,1.02,0
1610,0,1,0,4,23,True,129,0,134,134,1.34,0
1611,0,1,0,4,24,True,162,12,3,3075,30.75,0
1612,0,1,0,4,25,True,129,3,78,846,8.46,0
1613,0,1,0,4,26,True,129,4,158,1182,11.82,0
1614,0,1,0,4,27,True,117,5,156,1436,14.36,0
1615,0,1,0,4,28,True,78,9,145,2449,24.49,0
1616,0,1,0,4,29,True,129,14,170,3754,37.54,0
1617,0,1,0,4,30,True,136,14,211,3795,37.95,0
1618,0,1,0,4,31,True,129,0,20,20,0.2,0
1619,0,1,0,4,32,True,10,1,4,260,2.6,403054336
1620,0,-1,-1,-1,-1,True,-1,-1,-1,-1,-1.0,-1
1621,0,-1,-1,-1,-1,True,-1,-1,-1,-1,-1.0,-1
1622,0,-1,-1,-1,-1,True,-1,-1,-1,-1,-1.0,-1
1623,0,-1,-1,-1,-1,True,-1,-1,-1,-1,-1.0,-1
1624,0,1,0,4,8,True,31,6,5,1541,15.41,0
1625,0,1,0,4,29,False,146,12,102,3174,31.74,0
1626,0,1,0,4,6,True,146,12,82,3154,31.54,0
1627,0,1,0,4,2,False,85,7,224,2016,20.16,0
1628,0,1,0,4,17,True,85,7,203,1995,19.95,0
1629,0,1,0,4,5,False,236,0,188,188,1.88,0
1630,0,1,0,4,11,True,235,0,168,168,1.68,0
1631,0,1,0,4,0,False,214,6,225,1761,17.61,0
1632,0,1,0,4,3,True,214,6,204,1740,17.4,0
1633,0,1,0,4,31,False,97,13,30,3358,33.58,0
1634,0,1,0,4,32,False,98,4,35,1059,10.59,0
1635,0,1,0,4,6,True,97,4,34,1058,10.58,0
1636,0,1,0,4,1,False,46,4,123,1147,11.47,0
1637,0,1,0,4,3,True,46,4,100,1124,11.24,0
1638,0,1,0,4,11,False,186,0,23,23,0.23,0
1639,0,1,0,4,12,False,186,15,219,4059,40.59,0
1640,0,1,0,4,14,True,186,0,3,3,0.03,0
1641,0,1,0,4,1,False,242,5,244,1524,15.24,0
1642,0,1,0,4,4,True,242,5,223,1503,15.03,0
1643,0,1,0,4,10,False,242,7,223,2015,20.15,0
1644,0,1,0,4,9,False,242,10,92,2652,26.52,0
1645,0,1,0,4,15,True,242,7,202,1994,19.94,0
1646,0,1,0,4,16,True,242,10,71,2631,26.31,0
1647,0,1,0,4,7,False,164,13,71,3399,33.99,0
1648,0,1,0,4,3,True,164,13,51,3379,33.79,0
1649,0,1,0,4,23,False,135,4,209,1233,12.33,0
1650,0,1,0,4,26,True,135,4,188,1212,12.12,0
1651,0,1,0,4,12,False,131,9,224,2528,25.28,0
1652,0,1,0,4,3,True,102,9,201,2505,25.05,0
1653,0,1,0,4,9,False,98,6,40,1576,15.76,0
1654,0,1,0,4,27,True,98,6,22,1558,15.58,0
1655,0,1,0,4,8,False,113,10,3,2563,25.63,0
1656,0,1,0,4,3,True,113,9,240,2544,25.44,0
1657,0,1,0,4,3,False,17,5,8,1288,12.88,0
1658,0,1,0,4,14,True,17,4,243,1267,12.67,0
1659,0,1,0,4,0,False,84,13,112,3440,34.4,0
1660,0,1,0,4,7,True,84,13,94,3422,34.22,0
1661,0,1,0,4,3,True,178,6,214,1750,17.5,0
1662,0,1,0,4,12,False,177,14,54,3638,36.38,0
1663,0,1,0,4,5,True,177,14,33,3617,36.17,0
1664,0,1,0,4,10,False,166,15,68,3908,39.08,0
1665,0,1,0,4,5,True,166,15,50,3890,38.9,0
1666,0,-1,-1,-1,-1,True,-1,-1,-1,-1,-1.0,-1
1667,0,-1,-1,-1,-1,True,-1,-1,-1,-1,-1.0,-1
1668,0,1,0,4,6,False,154,0,122,122,1.22,0
1669,0,1,0,4,13,True,154,0,105,105,1.05,0
1670,0,1,0,4,7,False,52,7,123,1915,19.15,0
1671,0,1,0,4,15,True,52,7,103,1895,18.95,0
1672,0,1,0,4,10,False,229,3,6,774,7.74,0
1673,0,1,0,4,23,True,228,2,244,756,7.56,0
1674,0,1,0,4,5,False,44,11,233,3049,30.49,0
1675,0,1,0,4,3,True,44,11,212,3028,30.28,0
1676,0,1,0,4,4,False,43,6,92,1628,16.28,0
1677,0,1,0,4,5,True,43,6,71,1607,16.07,0
1678,0,1,0,4,5,False,38,7,108,1900,19.0,0
1679,0,1,0,4,5,True,38,7,91,1883,18.83,0
1680,0,1,0,4,20,False,121,8,47,2095,20.95,0
1681,0,1,0,4,5,True,121,8,29,2077,20.77,0
1682,0,1,0,4,19,False,251,7,168,1960,19.6,0
1683,0,1,0,4,9,True,251,7,150,1942,19.42,0
1684,0,1,0,4,4,False,43,0,159,159,1.59,0
1685,0,1,0,4,33,True,43,0,140,140,1.4,0
1686,0,1,0,4,13,True,85,11,131,2947,29.47,0
1687,0,1,0,4,12,False,81,5,64,1344,13.44,0
1688,0,1,0,4,12,True,81,5,45,1325,13.25,0
1689,0,1,0,4,28,False,87,10,243,2803,28.03,0
1690,0,1,0,4,10,True,87,10,220,2780,27.8,0
1691,0,1,0,4,7,False,247,15,227,4067,40.67,0
1692,0,1,0,4,12,True,247,15,207,4047,40.47,0
1693,0,1,0,4,23,False,78,13,59,3387,33.87,0
1694,0,1,0,4,3,True,78,13,39,3367,33.67,0
1695,0,1,0,4,10,False,207,5,66,1346,13.46,0
1696,0,1,0,4,29,True,207,5,49,1329,13.29,0
1697,0,1,0,4,30,True,209,4,188,1212,12.12,0
1698,0,1,0,4,12,False,170,11,128,2944,29.44,0
1699,0,1,0,4,16,True,170,11,107,2923,29.23,0
1700,0,1,0,4,13,False,47,13,74,3402,34.02,0
1701,0,1,0,4,4,True,47,13,57,3385,33.85,0
1702,0,1,0,4,15,False,171,9,140,2444,24.44,0
1703,0,1,0,4,22,True,171,9,120,2424,24.24,0
1704,0,1,0,4,6,False,11,8,56,2104,21.04,0
1705,0,1,0,4,11,True,11,8,37,2085,20.85,0
1706,0,1,0,4,0,False,138,3,49,817,8.17,0
1707,0,1,0,4,22,True,138,3,31,799,7.99,0
1708,0,1,0,4,23,True,30,12,100,3172,31.72,0
1709,0,1,0,4,24,True,33,12,223,3295,32.95,0
1710,0,1,0,4,11,False,30,2,96,608,6.08,0
1711,0,1,0,4,22,True,31,2,61,573,5.73,0
1712,0,1,0,4,18,False,67,10,230,2790,27.9,0
1713,0,1,0,4,14,True,67,10,210,2770,27.7,0
1714,0,1,0,4,19,False,116,5,4,1284,12.84,0
1715,0,1,1,3,4,False,16,11,0,2816,28.16,0
1716,0,1,21,3,13,False,15,14,0,3584,35.84,0
1717,0,1,27,3,4,False,131,4,0,1024,10.24,0
1718,0,1,1,2,2,False,216,0,0,0,0.0,0
1719,0,1,14,4,4,False,0,1,3,259,2.59,0
1720,0,1,0,4,9,False,93,13,92,3420,34.2,0
1721,0,1,26,3,61,False,61,13,0,3328,33.28,0
1722,0,1,0,4,12,False,89,15,91,3931,39.31,0
1723,0,252,0,0,0,False,0,0,10,10,0.1,3131114497
1724,0,242,0,0,0,False,0,0,10,10,0.1,581043201
1725,0,-1,-1,-1,-1,True,-1,-1,-1,-1,-1.0,-1
1726,0,1,0,4,32,True,71,0,162,162,1.62,0
1727,0,1,0,4,4,False,49,8,236,2284,22.84,0
1728,0,1,0,4,3,True,68,3,45,813,8.13,0
1729,0,1,0,4,5,False,49,5,69,1349,13.49,0
1730,0,1,0,4,16,False,67,4,199,1223,12.23,0
1731,0,1,0,4,8,False,65,13,213,3541,35.41,0
1732,0,1,0,4,18,False,66,9,237,2541,25.41,0
1733,0,1,0,4,7,False,65,14,188,3772,37.72,0
1734,0,1,0,4,5,True,66,9,217,2521,25.21,0
1735,0,1,0,4,10,False,65,3,100,868,8.68,0
1736,0,1,0,4,61,False,61,13,61,3389,33.89,0
1737,0,1,0,4,5,False,196,8,2,2050,20.5,0
1738,0,1,0,4,21,True,196,7,242,2034,20.34,0
1739,0,1,0,4,14,False,235,7,196,1988,19.88,0
1740,0,1,0,4,10,True,235,7,177,1969,19.69,0
1741,0,1,0,4,14,False,205,12,4,3076,30.76,0
1742,0,1,1,4,62,True,3,6,226,1762,17.62,0
1743,0,1,0,4,22,True,4,0,36,36,0.36,0
1744,0,1,0,3,44,False,205,12,0,3072,30.72,0
1745,0,1,25,0,0,False,0,0,0,0,0.0,0
1746,0,1,0,4,13,False,93,15,2,3842,38.42,0
1747,0,1,0,4,14,False,94,14,228,3812,38.12,0
1748,0,1,0,4,20,True,93,14,240,3824,38.24,0
1749,0,1,0,4,22,False,230,3,205,973,9.73,0
1750,0,1,0,4,6,True,230,3,187,955,9.55,0
1751,0,1,0,4,9,False,61,7,203,1995,19.95,0
1752,0,1,0,4,4,True,61,7,184,1976,19.76,0
1753,0,1,0,4,8,False,204,6,94,1630,16.3,0
1754,0,1,0,4,11,True,204,6,73,1609,16.09,0
1755,0,1,0,4,11,True,98,12,59,3131,31.31,0
1756,0,1,0,4,9,False,96,13,159,3487,34.87,0
1757,0,1,0,4,12,True,96,13,139,3467,34.67,0
1758,0,1,0,4,2,False,179,8,255,2303,23.03,0
1759,0,1,0,4,7,True,179,8,234,2282,22.82,0
1760,0,1,0,4,23,False,159,14,163,3747,37.47,0
1761,0,1,0,4,26,True,159,14,143,3727,37.27,0
1762,0,7,0,0,0,False,0,0,10,10,0.1,2678129665
1763,0,-1,-1,-1,-1,True,-1,-1,-1,-1,-1.0,-1
1764,0,-1,-1,-1,-1,True,-1,-1,-1,-1,-1.0,-1
1765,0,-1,-1,-1,-1,True,-1,-1,-1,-1,-1.0,-1
1766,0,-1,-1,-1,-1,True,-1,-1,-1,-1,-1.0,-1
1767,0,1,0,4,1,False,21,3,137,905,9.05,0
1768,0,1,0,4,34,True,159,14,56,3640,36.4,0
1769,0,1,0,4,14,True,67,3,115,883,8.83,0
1770,0,1,0,5,39,False,4,7,4,1796,17.96,16
1771,0,1,7,6,8,False,59,7,5,1797,17.97,1106
1772,0,1,2,1,63,False,0,0,0,0,0.0,0
1773,0,1,0,6,35,False,4,8,61,2109,21.09,43021
1774,0,1,0,4,18,False,62,11,29,2845,28.45,0
1775,0,1,0,4,10,False,61,3,204,972,9.72,0
1776,0,1,0,4,5,False,41,4,133,1157,11.57,0
1777,0,1,0,4,7,False,61,14,133,3717,37.17,0
1778,0,1,7,6,6,False,14,13,61,3389,33.89,15677
1779,0,1,0,4,4,False,86,13,43,3371,33.71,0
1780,0,1,0,4,21,True,86,13,23,3351,33.51,0
1781,0,1,0,4,20,False,145,5,243,1523,15.23,0
1782,0,1,0,4,3,True,144,5,225,1505,15.05,0
1783,0,1,0,4,18,False,75,6,83,1619,16.19,0
1784,0,1,0,4,9,True,75,6,64,1600,16.0,0
1785,0,1,0,4,0,False,137,12,4,3076,30.76,0
1786,0,1,1,3,61,False,15,9,0,2304,23.04,0
1787,0,1,12,3,4,False,135,9,0,2304,23.04,0
1788,0,1,0,4,12,False,61,3,133,901,9.01,0
1789,0,1,1,4,11,False,61,13,61,3389,33.89,0
1790,0,1,0,4,4,False,38,5,191,1471,14.71,0
1791,0,1,0,4,6,True,38,5,169,1449,14.49,0
1792,0,1,0,4,2,False,127,10,64,2624,26.24,0
1793,0,1,0,4,17,True,127,10,43,2603,26.03,0
1794,0,1,0,4,4,False,39,6,148,1684,16.84,0
1795,0,1,0,4,7,True,39,6,128,1664,16.64,0
1796,0,1,0,4,27,False,153,10,196,2756,27.56,0
1797,0,1,0,4,28,False,153,3,113,881,8.81,0
1798,0,1,0,4,4,True,153,3,94,862,8.62,0
1799,0,1,0,4,4,False,159,14,42,3626,36.26,0
1800,0,1,0,4,26,True,159,14,22,3606,36.06,0
1801,0,1,0,4,15,False,71,6,62,1598,15.98,0
1802,0,1,0,4,19,True,71,6,42,1578,15.78,0
1803,0,1,0,4,23,False,210,3,75,843,8.43,0
1804,0,1,0,4,17,True,210,3,55,823,8.23,0
1805,0,1,0,4,12,False,54,10,55,2615,26.15,0
1806,0,1,0,4,9,True,54,10,33,2593,25.93,0
1807,0,1,0,4,4,False,2,8,3,2051,20.51,0
1808,0,1,1,6,3,False,138,1,161,417,4.17,4
1809,0,1,3,4,11,False,225,4,148,1172,11.72,0
1810,0,1,17,2,1,False,137,0,0,0,0.0,0
1811,0,1,0,4,1,False,252,5,183,1463,14.63,0
1812,0,1,0,4,6,False,244,4,147,1171,11.71,0
1813,0,1,0,4,2,False,238,2,198,710,7.1,0
1814,0,1,17,2,61,False,61,0,0,0,0.0,0
1815,0,1,0,4,0,False,111,7,255,2047,20.47,0
1816,0,1,0,4,3,True,111,7,234,2026,20.26,0
1817,0,1,0,4,21,False,255,15,105,3945,39.45,0
1818,0,1,0,4,5,True,255,15,85,3925,39.25,0
1819,0,1,0,4,8,False,16,3,214,982,9.82,0
1820,0,1,0,4,7,True,16,3,193,961,9.61,0
1821,0,1,0,4,14,True,189,15,158,3998,39.98,0
1822,0,1,0,4,20,False,189,3,220,988,9.88,0
1823,0,1,0,4,15,True,189,3,192,960,9.6,0
1824,0,1,0,4,2,False,58,15,138,3978,39.78,0
1825,0,1,0,4,3,True,58,15,116,3956,39.56,0
1826,0,1,0,4,26,False,204,8,132,2180,21.8,0
1827,0,1,0,4,8,True,204,8,116,2164,21.64,0
1828,0,1,0,4,27,False,202,12,190,3262,32.62,0
1829,0,1,0,4,9,True,202,12,168,3240,32.4,0
1830,0,1,0,4,3,False,42,6,248,1784,17.84,0
1831,0,1,0,4,8,True,42,6,228,1764,17.64,0
1832,0,1,0,4,25,False,221,4,34,1058,10.58,0
1833,0,1,0,4,26,True,221,4,13,1037,10.37,0
1834,0,1,0,4,12,False,194,1,56,312,3.12,0
1835,0,1,0,4,11,True,194,1,32,288,2.88,0
1836,0,1,0,4,6,False,4,5,126,1406,14.06,0
1837,0,1,0,4,11,True,4,5,105,1385,13.85,0
1838,0,1,0,4,11,False,66,12,168,3240,32.4,0
1839,0,1,0,4,10,True,66,12,148,3220,32.2,0
1840,0,1,0,4,2,False,25,4,218,1242,12.42,0
1841,0,1,0,4,7,True,25,4,197,1221,12.21,0
1842,0,1,0,4,11,False,135,8,234,2282,22.82,0
1843,0,1,0,4,5,True,135,8,214,2262,22.62,0
1844,0,1,0,4,29,False,208,4,127,1151,11.51,0
1845,0,1,0,4,5,True,208,4,108,1132,11.32,0
1846,0,1,0,4,11,False,226,15,105,3945,39.45,0
1847,0,1,0,4,6,True,226,15,84,3924,39.24,0
1848,0,1,0,4,30,False,23,2,23,535,5.35,0
1849,0,1,0,4,8,True,23,2,6,518,5.18,0
1850,0,1,0,4,4,True,84,7,191,1983,19.83,0
1851,0,1,0,4,10,False,84,9,142,2446,24.46,0
1852,0,1,0,4,3,True,84,9,116,2420,24.2,0
1853,0,1,0,4,7,False,79,2,127,639,6.39,0
1854,0,1,0,4,3,True,79,2,105,617,6.17,0
1855,0,1,0,4,27,False,74,9,134,2438,24.38,0
1856,0,1,0,4,17,True,74,9,112,2416,24.16,0
1857,0,1,0,4,31,False,218,12,69,3141,31.41,0
1858,0,1,0,4,11,True,218,12,47,3119,31.19,0
1859,0,1,0,4,0,False,1,12,5,3077,30.77,0
1860,0,1,0,4,29,True,41,12,76,3148,31.48,0
1861,0,1,0,4,18,False,53,0,248,248,2.48,0
1862,0,1,0,4,10,True,53,0,226,226,2.26,0
1863,0,1,0,4,30,False,162,7,181,1973,19.73,0
1864,0,1,0,4,5,True,162,7,163,1955,19.55,0
1865,0,1,0,4,17,False,97,13,139,3467,34.67,0
1866,0,1,0,4,7,True,96,13,121,3449,34.49,0
1867,0,1,0,4,1,False,70,6,169,1705,17.05,0
1868,0,1,0,4,12,True,70,6,147,1683,16.83,0
1869,0,1,0,4,13,False,122,5,26,1306,13.06,0
1870,0,1,0,4,8,True,122,5,8,1288,12.88,0
1871,0,1,0,4,11,False,82,12,162,3234,32.34,0
1872,0,1,0,4,14,True,82,12,142,3214,32.14,0
1873,0,1,0,4,1,False,164,8,39,2087,20.87,0
1874,0,1,0,4,13,True,164,8,18,2066,20.66,0
1875,0,1,0,4,8,False,181,3,66,834,8.34,0
1876,0,1,0,4,27,True,181,3,46,814,8.14,0
1877,0,1,0,4,15,False,200,15,155,3995,39.95,0
1878,0,1,0,4,10,True,200,15,134,3974,39.74,0
1879,0,1,0,4,4,False,166,11,20,2836,28.36,0
1880,0,1,0,4,4,True,166,11,3,2819,28.19,0
1881,0,1,0,4,29,False,190,10,184,2744,27.44,0
1882,0,1,0,4,8,True,190,10,167,2727,27.27,0
1883,0,1,0,4,12,False,55,9,7,2311,23.11,0
1884,0,1,0,4,10,True,55,8,241,2289,22.89,0
1885,0,1,0,4,7,False,46,9,172,2476,24.76,0
1886,0,1,0,4,13,True,46,9,154,2458,24.58,0
1887,0,1,0,4,3,False,52,15,238,4078,40.78,0
1888,0,1,0,4,4,True,52,15,217,4057,40.57,0
1889,0,1,0,4,16,False,193,11,117,2933,29.33,0
1890,0,1,0,4,5,True,192,11,98,2914,29.14,0
1891,0,1,0,4,17,False,174,4,201,1225,12.25,0
1892,0,1,0,4,3,True,174,4,184,1208,12.08,0
1893,0,1,0,4,25,False,102,0,31,31,0.31,0
1894,0,1,0,4,4,True,102,0,14,14,0.14,0
1895,0,1,0,4,6,False,231,13,83,3411,34.11,0
1896,0,1,0,4,6,True,231,13,67,3395,33.95,0
1897,0,1,0,4,4,False,232,7,163,1955,19.55,0
1898,0,1,0,4,8,True,232,7,143,1935,19.35,0
1899,0,1,0,4,18,True,50,11,68,2884,28.84,0
1900,0,1,0,4,29,False,51,0,135,135,1.35,0
1901,0,1,0,4,17,True,51,0,107,107,1.07,0
1902,0,1,0,4,8,False,251,3,204,972,9.72,0
1903,0,1,0,4,4,True,251,3,186,954,9.54,0
1904,0,104,0,0,0,False,0,0,10,10,0.1,1772160001
1905,0,-1,-1,-1,-1,True,-1,-1,-1,-1,-1.0,-1
1906,0,-1,-1,-1,-1,True,-1,-1,-1,-1,-1.0,-1
1907,0,-1,-1,-1,-1,True,-1,-1,-1,-1,-1.0,-1
1908,0,-1,-1,-1,-1,True,-1,-1,-1,-1,-1.0,-1
1909,0,1,0,4,0,False,90,3,120,888,8.88,0
1910,0,1,0,4,34,True,105,13,238,3566,35.66,0
1911,0,1,0,4,3,True,90,3,99,867,8.67,0
1912,0,1,0,4,3,True,90,1,89,345,3.45,0
1913,0,1,0,4,8,False,198,4,16,1040,10.4,0
1914,0,1,10,6,3,False,234,4,8,1032,10.32,3411
1915,0,1,18,0,0,False,0,0,0,0,0.0,0
1916,0,1,0,4,17,False,85,5,184,1464,14.64,0
1917,0,1,0,4,10,False,83,4,8,1032,10.32,0
1918,0,1,0,4,4,False,132,6,3,1539,15.39,0
1919,0,1,0,4,7,False,83,14,131,3715,37.15,0
1920,0,1,28,1,4,False,0,0,0,0,0.0,0
1921,0,1,0,4,11,False,83,15,193,4033,40.33,0
1922,0,1,18,0,0,False,0,0,0,0,0.0,0
1923,0,1,0,4,12,False,83,3,41,809,8.09,0
1924,0,1,10,5,5,False,164,13,61,3389,33.89,61
1925,0,1,0,4,11,True,104,10,98,2658,26.58,0
1926,0,1,0,4,33,False,103,10,10,2570,25.7,0
1927,0,1,0,4,12,True,103,9,244,2548,25.48,0
1928,0,1,0,4,29,False,7,8,240,2288,22.88,0
1929,0,1,0,4,7,True,6,8,221,2269,22.69,0
1930,0,1,0,4,7,True,197,6,19,1555,15.55,0
1931,0,1,0,4,1,False,197,11,68,2884,28.84,0
1932,0,1,0,4,9,True,197,11,46,2862,28.62,0
1933,0,1,0,4,27,False,246,3,191,959,9.59,0
1934,0,1,0,4,23,True,4,7,242,2034,20.34,0
1935,0,1,1,1,40,False,0,0,0,0,0.0,0
1936,0,1,30,6,3,False,166,13,61,3389,33.89,15677
1937,0,1,0,4,28,False,116,0,93,93,0.93,0
1938,0,1,0,4,29,False,117,15,242,4082,40.82,0
1939,0,1,0,4,27,True,116,0,73,73,0.73,0
1940,0,1,0,4,29,True,117,15,224,4064,40.64,0
1941,0,1,0,4,23,False,83,4,254,1278,12.78,0
1942,0,1,0,4,5,True,83,4,234,1258,12.58,0
1943,0,1,3,6,4,False,1,8,13,2061,20.61,3877
1944,0,1,11,6,61,False,61,13,61,3389,33.89,15677
1945,0,1,0,4,2,False,72,8,188,2236,22.36,0
1946,0,1,0,4,28,True,72,8,168,2216,22.16,0
1947,0,1,0,4,1,False,74,12,56,3128,31.28,0
1948,0,1,0,4,29,True,74,12,36,3108,31.08,0
1949,0,1,0,4,11,True,96,14,119,3703,37.03,0
1950,0,1,0,4,19,False,96,1,254,510,5.1,0
1951,0,1,0,4,12,True,96,1,236,492,4.92,0
1952,0,1,0,4,33,False,13,4,42,1066,10.66,0
1953,0,1,0,4,3,True,13,4,21,1045,10.45,0
1954,0,1,0,4,4,False,1,11,2,2818,28.18,0
1955,0,1,13,2,8,False,4,0,0,0,0.0,0
1956,0,1,0,2,46,True,14,0,0,0,0.0,0
1957,0,1,9,3,0,True,4,10,0,2560,25.6,0
1958,0,1,24,2,8,False,103,0,0,0,0.0,0
1959,0,1,1,4,34,True,4,0,192,192,1.92,0
1960,0,1,0,4,18,False,245,14,95,3679,36.79,0
1961,0,1,0,4,61,False,61,13,61,3389,33.89,0
1962,0,1,0,4,18,False,91,4,58,1082,10.82,0
1963,0,1,0,4,11,True,91,4,37,1061,10.61,0
1964,0,1,0,4,17,False,90,3,241,1009,10.09,0
1965,0,1,0,4,12,True,90,3,224,992,9.92,0
1966,0,1,0,4,11,False,251,14,6,3590,35.9,0
1967,0,1,0,4,3,True,251,13,242,3570,35.7,0
1968,0,1,0,4,27,False,254,3,67,835,8.35,0
1969,0,1,0,4,8,True,254,3,47,815,8.15,0
1970,0,1,0,4,32,False,213,15,72,3912,39.12,0
1971,0,1,0,4,28,True,213,15,53,3893,38.93,0
1972,0,1,0,4,10,False,66,13,243,3571,35.71,0
1973,0,1,0,4,4,True,66,13,225,3553,35.53,0
1974,0,1,0,4,7,False,13,0,211,211,2.11,0
1975,0,1,0,4,23,True,12,0,192,192,1.92,0
1976,0,1,0,4,16,False,243,7,152,1944,19.44,0
1977,0,1,0,4,23,True,243,7,131,1923,19.23,0
1978,0,1,0,4,17,False,243,5,233,1513,15.13,0
1979,0,1,0,4,22,True,243,5,215,1495,14.95,0
1980,0,1,0,4,17,False,75,3,170,938,9.38,0
1981,0,1,0,4,3,True,75,3,153,921,9.21,0
1982,0,1,0,4,16,False,7,14,13,3597,35.97,0
1983,0,1,0,4,10,True,7,13,248,3576,35.76,0
1984,0,1,0,4,19,False,101,13,220,3548,35.48,0
1985,0,1,0,4,24,True,101,13,203,3531,35.31,0
1986,0,1,0,4,8,False,127,11,186,3002,30.02,0
1987,0,1,0,4,13,True,127,11,168,2984,29.84,0
1988,0,1,0,4,2,False,139,10,37,2597,25.97,0
1989,0,1,0,4,5,True,139,10,16,2576,25.76,0
1990,0,1,0,4,30,False,135,0,22,22,0.22,0
1991,0,1,0,4,33,False,134,0,191,191,1.91,0
1992,0,1,0,4,3,True,135,0,5,5,0.05,0
1993,0,1,0,4,32,False,135,11,5,2821,28.21,0
1994,0,1,0,4,4,True,135,10,242,2802,28.02,0
1995,0,1,0,4,5,True,134,0,170,170,1.7,0
1996,0,1,0,4,2,False,178,6,98,1634,16.34,0
1997,0,1,0,4,22,True,178,6,77,1613,16.13,0
1998,0,1,0,4,0,False,180,6,78,1614,16.14,0
1999,0,1,0,4,3,True,180,6,58,1594,15.94,0
2000,0,1,0,4,20,False,182,8,126,2174,21.74,0
2001,0,1,0,4,30,True,182,8,108,2156,21.56,0
2002,0,1,0,4,2,False,164,5,218,1498,14.98,0
2003,0,1,0,4,21,True,164,5,197,1477,14.77,0
2004,0,1,0,4,2,False,209,8,80,2128,21.28,0
2005,0,1,0,4,1,False,119,3,192,960,9.6,0
2006,0,1,0,4,14,True,209,8,57,2105,21.05,0
2007,0,1,0,4,1,False,117,13,177,3505,35.05,0
2008,0,1,0,4,2,False,132,14,58,3642,36.42,0
2009,0,1,0,4,3,False,147,0,199,199,1.99,0
2010,0,1,0,4,4,False,153,10,132,2692,26.92,0
2011,0,1,0,4,5,False,15,5,36,1316,13.16,0
2012,0,1,0,4,6,False,99,9,167,2471,24.71,0
2013,0,1,0,4,12,False,201,15,119,3959,39.59,0
2014,0,1,0,4,15,False,105,10,175,2735,27.35,0
2015,0,1,0,4,25,False,69,4,252,1276,12.76,0
2016,0,1,0,4,4,True,201,0,216,216,2.16,0
2017,0,1,0,4,5,True,191,10,143,2703,27.03,0
2018,0,1,0,4,7,True,99,3,233,1001,10.01,0
2019,0,1,0,4,8,True,62,0,24,24,0.24,0
2020,0,1,0,4,9,True,118,15,56,3896,38.96,0
2021,0,1,0,4,10,True,119,15,193,4033,40.33,0
2022,0,1,0,4,13,True,105,10,157,2717,27.17,0
2023,0,1,0,4,15,True,191,4,171,1195,11.95,0
2024,0,1,0,4,16,True,69,10,2,2562,25.62,0
2025,0,1,0,4,17,True,117,5,63,1343,13.43,0
2026,0,1,0,4,18,True,156,8,201,2249,22.49,0
2027,0,1,0,4,19,True,103,0,136,136,1.36,0
2028,0,1,0,4,20,True,51,0,216,216,2.16,0
2029,0,1,0,4,21,True,103,1,153,409,4.09,0
2030,0,1,0,4,22,True,103,0,37,37,0.37,0
2031,0,1,0,4,23,True,103,0,22,22,0.22,0
2032,0,1,0,4,24,True,234,9,223,2527,25.27,0
2033,0,1,0,4,25,True,103,3,105,873,8.73,0
2034,0,1,0,4,26,True,103,4,179,1203,12.03,0
2035,0,1,0,4,27,True,103,5,212,1492,14.92,0
2036,0,1,0,4,28,True,14,3,247,1015,10.15,0
2037,0,1,0,4,11,False,79,0,0,0,0.0,17432576
2038,0,-1,-1,-1,-1,True,-1,-1,-1,-1,-1.0,-1
2039,0,-1,-1,-1,-1,True,-1,-1,-1,-1,-1.0,-1
2040,0,-1,-1,-1,-1,True,-1,-1,-1,-1,-1.0,-1
2041,0,-1,-1,-1,-1,True,-1,-1,-1,-1,-1.0,-1
2042,0,-1,-1,-1,-1,True,-1,-1,-1,-1,-1.0,-1
2043,0,1,0,4,13,False,27,10,182,2742,27.42,0
2044,0,1,0,4,34,True,116,2,131,643,6.43,0
2045,0,1,0,4,4,True,26,10,164,2724,27.24,0
2046,0,1,0,4,17,False,114,3,26,794,7.94,0
2047,0,1,0,4,9,False,15,1,114,370,3.7,0
2048,0,1,0,4,8,False,112,13,184,3512,35.12,0
2049,0,1,0,3,26,False,4,0,0,0,0.0,0
2050,0,1,0,4,10,False,112,3,246,1014,10.14,0
2051,0,1,0,2,6,False,113,0,0,0,0.0,0
2052,0,1,0,4,7,False,112,14,85,3669,36.69,0
2053,0,1,1,2,30,True,4,0,0,0,0.0,0
2054,0,1,0,4,11,False,112,15,126,3966,39.66,0
2055,0,1,16,5,49,False,10,6,61,1597,15.97,61
2056,0,1,0,4,7,False,243,4,65,1089,10.89,0
2057,0,1,0,4,20,True,242,4,47,1071,10.71,0
2058,0,1,0,4,19,False,69,7,81,1873,18.73,0
2059,0,1,0,4,9,True,69,7,63,1855,18.55,0
2060,0,1,0,4,5,True,4,12,112,3184,31.84,0
2061,0,1,0,2,28,True,252,0,0,0,0.0,0
2062,0,1,0,3,24,False,4,1,0,256,2.56,0
2063,0,1,0,4,0,False,154,8,25,2073,20.73,0
2064,0,1,31,4,9,False,248,4,134,1158,11.58,0
2065,0,1,0,4,1,False,240,7,45,1837,18.37,0
2066,0,1,31,4,31,True,61,13,61,3389,33.89,0
2067,0,100,0,0,0,False,0,0,10,10,0.1,1889600513
2068,0,-1,-1,-1,-1,True,-1,-1,-1,-1,-1.0,-1
2069,0,-1,-1,-1,-1,True,-1,-1,-1,-1,-1.0,-1
2070,0,-1,-1,-1,-1,True,-1,-1,-1,-1,-1.0,-1
2071,0,-1,-1,-1,-1,True,-1,-1,-1,-1,-1.0,-1
2072,0,1,0,4,34,True,112,14,31,3615,36.15,0
2073,0,1,0,4,0,False,158,4,181,1205,12.05,0
2074,0,1,0,4,17,False,168,6,57,1593,15.93,0
2075,0,1,0,4,13,False,168,7,81,1873,18.73,0
2076,0,1,0,4,16,True,168,6,36,1572,15.72,0
2077,0,1,0,4,8,False,167,13,160,3488,34.88,0
2078,0,1,0,4,40,True,11,11,4,2820,28.2,0
2079,0,1,0,4,7,False,167,14,62,3646,36.46,0
2080,0,1,16,5,61,False,61,13,61,3389,33.89,61
2081,0,1,0,4,6,False,225,1,166,422,4.22,0
2082,0,1,0,4,4,True,225,1,150,406,4.06,0
2083,0,1,0,4,10,False,1,11,47,2863,28.63,0
2084,0,1,0,4,3,True,1,11,27,2843,28.43,0
2085,0,1,0,4,26,False,158,2,57,569,5.69,0
2086,0,1,0,4,20,True,158,2,38,550,5.5,0
2087,0,1,0,4,21,False,19,2,120,632,6.32,0
2088,0,1,0,4,7,True,19,2,101,613,6.13,0
2089,0,1,0,4,12,False,41,3,135,903,9.03,0
2090,0,1,0,4,13,False,40,4,134,1158,11.58,0
2091,0,1,0,4,5,True,40,3,114,882,8.82,0
2092,0,1,0,4,7,True,40,4,116,1140,11.4,0
2093,0,1,0,4,0,False,104,15,65,3905,39.05,0
2094,0,1,0,4,15,True,104,15,45,3885,38.85,0
2095,0,1,0,4,22,False,46,12,19,3091,30.91,0
2096,0,1,0,4,6,True,45,12,0,3072,30.72,0
2097,0,1,0,4,6,False,155,3,4,772,7.72,0
2098,0,1,0,1,31,True,0,0,0,0,0.0,0
2099,0,1,0,2,45,True,20,0,0,0,0.0,0
2100,0,1,0,4,3,True,155,2,4,516,5.16,0
2101,0,1,0,2,21,True,7,0,0,0,0.0,0
2102,0,1,8,3,62,True,61,13,0,3328,33.28,0
2103,0,1,0,4,12,False,84,7,10,1802,18.02,0
2104,0,1,0,4,4,True,84,6,246,1782,17.82,0
2105,0,1,0,4,5,False,50,12,136,3208,32.08,0
2106,0,1,0,4,3,True,50,12,116,3188,31.88,0
2107,0,1,0,4,22,False,108,4,248,1272,12.72,0
2108,0,1,0,4,21,False,108,11,103,2919,29.19,0
2109,0,1,0,4,12,True,108,11,88,2904,29.04,0
2110,0,1,0,4,9,False,115,4,59,1083,10.83,0
2111,0,1,0,4,11,True,115,4,38,1062,10.62,0
2112,0,1,0,4,11,True,38,15,160,4000,40.0,0
2113,0,1,0,4,10,True,39,13,39,3367,33.67,0
2114,0,1,0,4,11,False,38,2,157,669,6.69,0
2115,0,1,0,4,9,True,38,2,137,649,6.49,0
2116,0,1,0,4,4,False,20,0,79,79,0.79,0
2117,0,1,0,4,27,True,20,0,60,60,0.6,0
2118,0,1,0,4,7,True,232,9,73,2377,23.77,0
2119,0,1,0,4,12,False,231,15,43,3883,38.83,0
2120,0,1,0,4,8,True,231,15,23,3863,38.63,0
2121,0,1,0,4,29,False,164,1,30,286,2.86,0
2122,0,1,0,4,30,False,163,3,18,786,7.86,0
2123,0,1,0,4,3,True,163,3,0,768,7.68,0
2124,0,1,0,4,33,False,14,15,138,3978,39.78,0
2125,0,1,0,4,4,True,14,15,120,3960,39.6,0
2126,0,1,0,4,12,False,106,11,172,2988,29.88,0
2127,0,1,0,4,11,False,106,14,176,3760,37.6,0
2128,0,1,0,4,3,True,106,14,155,3739,37.39,0
2129,0,1,0,4,4,False,40,10,53,2613,26.13,0
2130,0,1,0,4,16,True,40,10,34,2594,25.94,0
2131,0,1,0,4,4,False,2,10,5,2565,25.65,0
2132,0,1,11,5,5,False,176,9,90,2394,23.94,4
2133,0,1,18,3,4,False,3,14,0,3584,35.84,0
2134,0,1,0,6,35,False,176,4,4,1028,10.28,3481
2135,0,1,16,0,0,False,0,0,0,0,0.0,0
2136,0,1,1,1,7,False,0,0,0,0,0.0,0
2137,0,1,0,4,5,False,154,7,128,1920,19.2,0
2138,0,1,0,4,4,False,175,8,175,2223,22.23,0
2139,0,1,0,4,6,False,224,10,176,2736,27.36,0
2140,0,1,0,7,61,False,61,13,61,3389,33.89,4013373
2141,0,-1,-1,-1,-1,True,-1,-1,-1,-1,-1.0,-1
2142,0,-1,-1,-1,-1,True,-1,-1,-1,-1,-1.0,-1
2143,0,-1,-1,-1,-1,True,-1,-1,-1,-1,-1.0,-1
2144,0,-1,-1,-1,-1,True,-1,-1,-1,-1,-1.0,-1
2145,0,-1,-1,-1,-1,True,-1,-1,-1,-1,-1.0,-1
2146,0,1,0,4,33,True,26,7,87,1879,18.79,0
2147,0,1,0,4,26,False,19,12,124,3196,31.96,0
2148,0,1,0,4,34,True,26,9,74,2378,23.78,0
2149,0,1,0,4,9,True,19,12,106,3178,31.78,0
2150,0,1,0,4,16,False,181,4,166,1190,11.9,0
2151,0,1,0,4,7,False,130,4,17,1041,10.41,0
2152,0,1,22,5,4,False,172,4,8,1032,10.32,179
2153,0,1,1,5,47,False,4,2,179,691,6.91,11
2154,0,1,21,6,4,False,10,3,3,771,7.71,1250
2155,0,1,2,6,4,False,132,5,4,1284,12.84,45831
2156,0,1,1,6,13,False,4,11,4,2820,28.2,46480
2157,0,1,0,4,11,False,179,15,173,4013,40.13,0
2158,0,1,0,4,61,False,61,13,61,3389,33.89,0
2159,0,1,0,4,6,False,235,14,81,3665,36.65,0
2160,0,1,0,4,15,True,235,14,61,3645,36.45,0
2161,0,1,0,4,18,False,218,11,17,2833,28.33,0
2162,0,1,0,4,5,True,218,10,254,2814,28.14,0
2163,0,1,0,4,12,False,23,6,194,1730,17.3,0
2164,0,1,0,4,6,True,23,6,171,1707,17.07,0
2165,0,1,0,4,29,False,212,15,4,3844,38.44,0
2166,0,1,1,4,51,True,2,5,106,1386,13.86,0
2167,0,1,0,4,13,True,4,1,76,332,3.32,0
2168,0,1,0,7,45,False,212,15,84,3924,39.24,4013373
2169,0,1,0,4,17,False,253,7,17,1809,18.09,0
2170,0,1,0,4,7,True,253,7,0,1792,17.92,0
2171,0,1,0,4,8,False,155,3,88,856,8.56,0
2172,0,1,0,4,30,True,155,3,68,836,8.36,0
2173,0,1,0,4,6,True,112,12,83,3155,31.55,0
2174,0,1,0,4,19,False,112,15,153,3993,39.93,0
2175,0,1,0,4,7,True,113,15,122,3962,39.62,0
2176,0,1,0,4,5,False,151,4,92,1116,11.16,0
2177,0,1,0,4,17,True,151,4,73,1097,10.97,0
2178,0,1,0,4,17,True,169,0,202,202,2.02,0
2179,0,1,0,4,5,False,169,9,38,2342,23.42,0
2180,0,1,0,4,13,True,169,9,17,2321,23.21,0
2181,0,1,0,4,3,False,237,6,4,1540,15.4,0
2182,0,1,4,0,0,False,0,0,0,0,0.0,0
2183,0,1,17,6,4,False,171,0,4,4,0.04,6400
2184,0,1,1,4,34,True,4,5,237,1517,15.17,0
2185,0,1,0,6,57,True,4,2,78,590,5.9,14858
2186,0,1,0,4,10,True,76,7,87,1879,18.79,0
2187,0,1,0,4,11,True,77,2,107,619,6.19,0
2188,0,1,0,4,13,True,182,6,220,1756,17.56,0
2189,0,1,0,4,15,True,179,6,172,1708,17.08,0
2190,0,1,0,4,16,True,179,11,176,2992,29.92,0
2191,0,1,0,4,17,True,179,1,167,423,4.23,0
2192,0,1,0,4,18,True,77,14,205,3789,37.89,0
2193,0,1,0,4,19,True,142,1,15,271,2.71,0
2194,0,1,0,4,20,True,179,2,82,594,5.94,0
2195,0,1,0,4,21,True,179,1,192,448,4.48,0
2196,0,1,0,4,22,True,179,0,76,76,0.76,0
2197,0,1,0,4,23,True,179,0,112,112,1.12,0
2198,0,1,0,4,24,True,179,13,219,3547,35.47,0
2199,0,1,0,4,25,True,25,3,206,974,9.74,0
2200,0,1,0,4,26,True,179,5,38,1318,13.18,0
2201,0,1,0,4,27,True,179,5,130,1410,14.1,0
2202,0,1,0,4,28,True,179,3,168,936,9.36,0
2203,0,1,0,4,29,True,54,15,217,4057,40.57,0
2204,0,1,0,4,30,True,179,15,36,3876,38.76,0
2205,0,1,0,4,31,True,179,0,30,30,0.3,0
2206,0,1,0,4,32,True,224,5,78,1358,13.58,0
2207,0,1,0,4,12,True,224,5,60,1340,13.4,0
2208,0,1,0,4,5,False,117,7,240,2032,20.32,0
2209,0,1,0,4,4,True,117,7,221,2013,20.13,0
2210,0,1,0,4,22,False,187,15,109,3949,39.49,0
2211,0,1,0,4,9,True,187,15,90,3930,39.3,0
2212,0,1,0,4,10,False,132,2,109,621,6.21,0
2213,0,1,0,4,5,True,132,2,90,602,6.02,0
2214,0,1,0,4,1,False,157,13,4,3332,33.32,0
2215,0,1,1,4,53,False,3,12,153,3225,32.25,0
2216,0,1,0,4,4,False,0,9,2,2306,23.06,0
2217,0,1,30,3,15,True,157,13,0,3328,33.28,0
2218,0,1,16,1,61,False,0,0,0,0,0.0,0
2219,0,1,0,4,4,False,132,8,5,2053,20.53,0
2220,0,1,29,4,8,False,4,10,214,2774,27.74,0
2221,0,1,1,4,42,True,231,10,41,2601,26.01,0
2222,0,1,0,4,23,True,231,13,61,3389,33.89,0
2223,0,1,0,4,20,True,4,13,55,3383,33.83,0
2224,0,1,1,2,38,True,11,0,0,0,0.0,0
2225,0,1,1,2,5,False,4,0,0,0,0.0,0
2226,0,1,0,4,4,False,70,0,41,41,0.41,0
2227,0,1,0,7,10,False,15,8,4,2052,20.52,308371
2228,0,1,0,4,5,False,69,13,192,3520,35.2,0
2229,0,1,0,6,10,False,9,13,4,3332,33.32,15762
2230,0,1,0,4,9,False,203,5,101,1381,13.81,0
2231,0,1,0,4,28,True,203,5,83,1363,13.63,0
2232,0,1,0,4,27,False,219,7,66,1858,18.58,0
2233,0,1,0,4,3,True,219,7,45,1837,18.37,0
2234,0,1,0,4,11,True,212,5,185,1465,14.65,0
2235,0,1,0,4,33,False,211,2,222,734,7.34,0
2236,0,1,0,4,12,True,211,2,201,713,7.13,0
2237,0,1,0,4,15,False,94,13,213,3541,35.41,0
2238,0,1,0,4,19,True,94,13,194,3522,35.22,0
2239,0,1,0,4,18,False,166,0,201,201,2.01,0
2240,0,1,0,4,27,True,166,0,179,179,1.79,0
2241,0,1,0,4,17,False,249,6,251,1787,17.87,0
2242,0,1,0,4,18,True,249,6,233,1769,17.69,0
2243,0,1,0,4,18,False,15,4,193,1217,12.17,0
2244,0,1,0,4,11,True,15,4,172,1196,11.96,0
2245,0,1,0,4,8,False,249,14,63,3647,36.47,0
2246,0,1,0,4,3,True,249,14,42,3626,36.26,0
2247,0,1,0,4,15,False,153,6,46,1582,15.82,0
2248,0,1,0,4,14,True,154,6,12,1548,15.48,0
2249,0,1,0,4,15,True,153,5,203,1483,14.83,0
2250,0,1,0,4,19,False,10,11,158,2974,29.74,0
2251,0,1,0,4,34,True,10,11,140,2956,29.56,0
2252,0,1,0,4,30,False,66,10,141,2701,27.01,0
2253,0,1,0,4,31,False,64,6,47,1583,15.83,0
2254,0,1,0,4,9,True,64,6,29,1565,15.65,0
2255,0,1,0,4,10,False,11,8,175,2223,22.23,0
2256,0,1,0,4,11,False,12,11,9,2825,28.25,0
2257,0,1,0,4,12,True,11,10,252,2812,28.12,0
2258,0,1,0,4,16,True,98,9,64,2368,23.68,0
2259,0,1,0,4,20,False,94,7,177,1969,19.69,0
2260,0,1,0,4,17,True,94,7,159,1951,19.51,0
2261,0,1,0,4,14,False,187,3,165,933,9.33,0
2262,0,1,0,4,4,True,187,3,148,916,9.16,0
2263,0,1,0,4,3,True,47,8,219,2267,22.67,0
2264,0,1,0,4,30,False,44,0,215,215,2.15,0
2265,0,1,0,4,31,False,43,3,244,1012,10.12,0
2266,0,1,0,4,4,True,43,3,225,993,9.93,0
2267,0,1,0,4,3,False,39,2,145,657,6.57,0
2268,0,1,0,4,16,True,39,2,124,636,6.36,0
2269,0,84,0,0,0,False,0,0,10,10,0.1,3751871489
2270,0,-1,-1,-1,-1,True,-1,-1,-1,-1,-1.0,-1
2271,0,-1,-1,-1,-1,True,-1,-1,-1,-1,-1.0,-1
2272,0,-1,-1,-1,-1,True,-1,-1,-1,-1,-1.0,-1
2273,0,-1,-1,-1,-1,True,-1,-1,-1,-1,-1.0,-1
2274,0,1,0,4,34,True,49,11,98,2914,29.14,0
2275,0,1,0,4,3,False,102,1,55,311,3.11,0
2276,0,1,0,4,4,True,102,1,34,290,2.9,0
2277,0,1,0,4,13,False,68,12,243,3315,33.15,0
2278,0,1,0,4,17,False,138,8,11,2059,20.59,0
2279,0,1,0,4,15,False,68,15,90,3930,39.3,0
2280,0,1,0,4,7,False,123,4,16,1040,10.4,0
2281,0,1,0,4,8,False,66,11,167,2983,29.83,0
2282,0,1,17,0,0,False,0,0,0,0,0.0,0
2283,0,1,0,4,7,False,66,10,80,2640,26.4,0
2284,0,1,0,4,10,False,66,11,203,3019,30.19,0
2285,0,1,17,6,4,False,131,9,6,2310,23.1,1146
2286,0,1,0,4,11,False,67,7,209,2001,20.01,0
2287,0,1,20,0,0,False,0,0,0,0,0.0,0
2288,0,1,0,4,12,False,67,11,92,2908,29.08,0
2289,0,1,17,3,2,False,199,13,0,3328,33.28,0
2290,0,1,0,4,13,False,22,10,20,2580,25.8,0
2291,0,1,0,4,17,True,22,10,1,2561,25.61,0
2292,0,1,0,4,2,False,167,15,137,3977,39.77,0
2293,0,1,0,4,5,True,164,15,115,3955,39.55,0
2294,0,1,0,4,17,False,52,10,155,2715,27.15,0
2295,0,1,0,4,8,True,52,10,140,2700,27.0,0
2296,0,1,0,4,28,True,88,1,133,389,3.89,0
2297,0,1,0,4,14,False,87,11,217,3033,30.33,0
2298,0,1,0,4,30,True,87,11,199,3015,30.15,0
2299,0,1,0,4,6,False,248,7,76,1868,18.68,0
2300,0,1,0,4,6,True,248,7,59,1851,18.51,0
2301,0,1,0,4,29,False,200,15,196,4036,40.36,0
2302,0,1,0,4,28,False,198,4,175,1199,11.99,0
2303,0,1,0,4,17,True,198,4,155,1179,11.79,0
2304,0,1,0,4,0,False,215,6,160,1696,16.96,0
2305,0,1,0,4,4,True,215,6,142,1678,16.78,0
2306,0,1,0,4,10,False,116,0,153,153,1.53,0
2307,0,1,0,4,5,True,116,0,134,134,1.34,0
2308,0,1,0,4,22,False,229,1,63,319,3.19,0
2309,0,1,0,4,24,True,229,1,45,301,3.01,0
2310,0,1,0,4,20,False,67,4,154,1178,11.78,0
2311,0,1,0,4,32,True,67,4,136,1160,11.6,0
2312,0,1,0,4,10,False,186,1,177,433,4.33,0
2313,0,1,0,4,5,True,186,1,159,415,4.15,0
2314,0,1,0,4,18,True,71,4,43,1067,10.67,0
2315,0,1,0,4,8,False,70,7,104,1896,18.96,0
2316,0,1,0,4,17,True,70,7,85,1877,18.77,0
2317,0,1,0,4,10,False,208,0,96,96,0.96,0
2318,0,1,0,4,3,True,208,0,77,77,0.77,0
2319,0,1,0,4,16,False,237,12,90,3162,31.62,0
2320,0,1,0,4,3,True,237,12,72,3144,31.44,0
2321,0,1,0,4,11,False,135,6,41,1577,15.77,0
2322,0,1,0,4,11,True,135,6,23,1559,15.59,0
2323,0,1,0,4,10,False,130,8,6,2054,20.54,0
2324,0,1,0,4,12,True,130,7,244,2036,20.36,0
2325,0,1,0,4,22,False,10,14,184,3768,37.68,0
2326,0,1,0,4,6,True,10,14,169,3753,37.53,0
2327,0,1,0,4,18,False,150,10,70,2630,26.3,0
2328,0,1,0,4,6,True,150,10,49,2609,26.09,0
2329,0,1,0,4,22,False,198,14,203,3787,37.87,0
2330,0,1,0,4,7,True,198,14,186,3770,37.7,0
2331,0,1,0,4,32,False,15,3,78,846,8.46,0
2332,0,1,0,4,12,True,15,3,58,826,8.26,0
2333,0,1,0,4,30,False,15,7,148,1940,19.4,0
2334,0,1,0,4,9,True,15,7,130,1922,19.22,0
2335,0,1,0,4,30,False,131,5,64,1344,13.44,0
2336,0,1,0,4,16,True,131,5,46,1326,13.26,0
2337,0,1,0,4,18,False,174,13,35,3363,33.63,0
2338,0,1,0,4,4,True,174,13,17,3345,33.45,0
2339,0,1,0,4,19,False,173,11,60,2876,28.76,0
2340,0,1,0,4,3,True,172,11,42,2858,28.58,0
2341,0,1,0,4,27,False,167,5,21,1301,13.01,0
2342,0,1,0,4,8,True,125,5,1,1281,12.81,0
2343,0,1,0,4,18,False,40,8,243,2291,22.91,0
2344,0,1,0,4,7,True,40,8,224,2272,22.72,0
2345,0,1,0,4,19,False,39,14,48,3632,36.32,0
2346,0,1,0,4,8,True,39,14,31,3615,36.15,0
2347,0,-1,-1,-1,-1,True,-1,-1,-1,-1,-1.0,-1
2348,0,1,0,4,10,False,16,3,178,946,9.46,0
2349,0,1,6,0,0,False,0,0,0,0,0.0,0
2350,0,1,0,4,11,False,16,15,97,3937,39.37,0
2351,0,1,0,4,5,True,17,5,208,1488,14.88,0
2352,0,1,0,4,12,False,16,2,233,745,7.45,0
2353,0,1,0,4,15,False,19,9,77,2381,23.81,0
2354,0,1,0,4,7,True,87,14,102,3686,36.86,0
2355,0,1,0,4,13,True,19,9,58,2362,23.62,0
2356,0,1,0,4,15,True,16,6,50,1586,15.86,0
2357,0,1,0,4,16,True,16,11,247,3063,30.63,0
2358,0,1,0,4,17,True,16,1,125,381,3.81,0
2359,0,1,0,4,18,True,16,4,188,1212,12.12,0
2360,0,1,0,4,19,True,16,0,93,93,0.93,0
2361,0,1,0,4,20,True,16,2,80,592,5.92,0
2362,0,1,0,4,21,True,16,1,247,503,5.03,0
2363,0,1,0,4,22,True,16,15,233,4073,40.73,0
2364,0,1,0,4,23,True,16,0,145,145,1.45,0
2365,0,1,0,4,24,True,16,13,138,3466,34.66,0
2366,0,1,0,4,25,True,16,3,135,903,9.03,0
2367,0,1,0,4,26,True,16,4,159,1183,11.83,0
2368,0,1,0,4,27,True,16,5,165,1445,14.45,0
2369,0,1,0,4,28,True,16,3,100,868,8.68,0
2370,0,1,0,4,29,True,16,14,77,3661,36.61,0
2371,0,1,0,4,30,True,16,15,127,3967,39.67,0
2372,0,1,0,4,31,True,16,0,55,55,0.55,0
2373,0,1,0,4,32,True,16,11,70,2886,28.86,0
2374,0,1,0,4,33,True,16,15,136,3976,39.76,0
2375,0,1,0,4,19,False,150,5,207,1487,14.87,0
2376,0,1,0,4,34,True,16,14,47,3631,36.31,0
2377,0,1,0,4,24,True,150,5,189,1469,14.69,0
2378,0,1,0,4,16,False,126,2,98,610,6.1,0
2379,0,1,0,4,0,False,180,4,17,1041,10.41,0
2380,0,1,15,4,4,False,20,4,8,1032,10.32,0
2381,0,1,15,1,13,False,0,0,0,0,0.0,0
2382,0,1,20,1,4,False,0,0,0,0,0.0,0
2383,0,1,16,4,62,False,2,12,4,3076,30.76,0
2384,0,1,1,2,57,False,3,0,0,0,0.0,0
2385,0,1,29,2,4,False,133,0,0,0,0.0,0
2386,0,1,15,2,10,False,133,0,0,0,0.0,0
2387,0,1,0,4,7,False,121,14,122,3706,37.06,0
2388,0,1,0,4,61,False,61,13,61,3389,33.89,0
2389,0,1,0,4,8,False,188,11,182,2998,29.98,0
2390,0,1,0,4,20,True,188,11,164,2980,29.8,0
2391,0,1,0,4,9,False,36,4,155,1179,11.79,0
2392,0,1,0,4,29,True,36,4,137,1161,11.61,0
2393,0,1,0,4,0,False,123,10,145,2705,27.05,0
2394,0,1,0,4,31,True,123,10,127,2687,26.87,0
2395,0,1,0,4,26,False,57,8,120,2168,21.68,0
2396,0,1,0,4,6,True,57,8,101,2149,21.49,0
2397,0,1,0,4,0,False,232,10,4,2564,25.64,0
2398,0,1,1,3,58,False,15,1,0,256,2.56,0
2399,0,1,13,2,4,False,146,0,0,0,0.0,0
2400,0,1,0,4,0,False,195,3,140,908,9.08,0
2401,0,1,29,0,0,False,0,0,0,0,0.0,0
2402,0,1,0,4,5,False,85,0,193,193,1.93,0
2403,0,1,1,2,19,False,61,0,0,0,0.0,0
2404,0,1,0,4,19,False,72,8,217,2265,22.65,0
2405,0,1,0,4,20,True,72,8,200,2248,22.48,0
2406,0,1,0,4,28,False,18,6,10,1546,15.46,0
2407,0,1,0,4,17,True,18,5,247,1527,15.27,0
2408,0,1,0,4,33,False,140,15,90,3930,39.3,0
2409,0,1,0,4,26,True,140,15,69,3909,39.09,0
2410,0,1,0,4,13,False,4,15,198,4038,40.38,0
2411,0,1,0,4,7,True,4,15,180,4020,40.2,0
2412,0,1,0,4,13,False,35,7,246,2038,20.38,0
2413,0,1,0,4,7,True,4,7,228,2020,20.2,0
2414,0,1,0,4,14,False,167,14,159,3743,37.43,0
2415,0,1,0,4,3,True,167,14,140,3724,37.24,0
2416,0,1,0,4,18,False,24,0,168,168,1.68,0
2417,0,1,0,4,23,True,24,0,148,148,1.48,0
2418,0,1,0,4,21,False,86,1,91,347,3.47,0
2419,0,1,0,4,20,True,86,1,71,327,3.27,0
2420,0,1,0,4,1,False,234,10,224,2784,27.84,0
2421,0,1,0,4,4,True,234,10,204,2764,27.64,0
2422,0,1,0,4,17,True,177,0,11,11,0.11,0
2423,0,1,0,4,5,False,177,2,188,700,7.0,0
2424,0,1,0,4,18,True,178,2,160,672,6.72,0
2425,0,1,0,4,5,False,4,10,195,2755,27.55,0
2426,0,1,0,3,50,False,22,1,0,256,2.56,0
2427,0,1,31,1,4,False,0,0,0,0,0.0,0
2428,0,1,16,7,22,False,1,4,0,1024,10.24,4720433
2429,0,1,28,6,61,False,61,13,61,3389,33.89,15677
2430,0,1,0,4,1,False,59,11,185,3001,30.01,0
2431,0,1,0,4,4,False,1,7,4,1796,17.96,0
2432,0,1,22,3,5,True,59,11,0,2816,28.16,0
2433,0,1,20,1,61,False,0,0,0,0,0.0,0
2434,0,1,0,4,3,False,48,4,86,1110,11.1,0
2435,0,1,0,4,13,True,48,4,67,1091,10.91,0
2436,0,1,0,4,20,True,46,12,65,3137,31.37,0
2437,0,1,0,4,1,False,44,13,194,3522,35.22,0
2438,0,1,0,4,0,False,44,15,218,4058,40.58,0
2439,0,1,0,4,19,True,44,13,173,3501,35.01,0
2440,0,1,0,4,21,True,44,15,199,4039,40.39,0
2441,0,1,0,4,18,False,208,2,128,640,6.4,0
2442,0,1,0,4,16,False,207,8,81,2129,21.29,0
2443,0,1,0,4,3,True,207,8,61,2109,21.09,0
2444,0,1,0,4,4,False,27,6,113,1649,16.49,0
2445,0,1,0,4,34,True,27,6,93,1629,16.29,0
2446,0,1,0,4,9,False,235,6,239,1775,17.75,0
2447,0,1,0,4,5,True,235,6,219,1755,17.55,0
2448,0,1,0,4,11,True,60,4,116,1140,11.4,0
2449,0,1,0,4,13,True,56,1,143,399,3.99,0
2450,0,1,0,4,1,False,54,8,21,2069,20.69,0
2451,0,1,0,4,12,True,54,7,255,2047,20.47,0
2452,0,1,0,4,2,False,54,0,46,46,0.46,0
2453,0,1,0,4,10,True,54,0,24,24,0.24,0
2454,0,1,0,4,2,False,114,11,64,2880,28.8,0
2455,0,1,0,4,7,True,113,11,43,2859,28.59,0
2456,0,1,0,4,16,False,173,3,96,864,8.64,0
2457,0,1,0,4,4,True,173,3,78,846,8.46,0
2458,0,1,0,4,10,False,62,10,159,2719,27.19,0
2459,0,1,0,4,3,True,62,10,140,2700,27.0,0
2460,0,1,0,4,4,False,0,6,6,1542,15.42,0
2461,0,1,12,2,0,False,4,0,0,0,0.0,0
2462,0,1,8,0,0,False,0,0,0,0,0.0,0
2463,0,1,1,6,53,False,124,6,112,1648,16.48,34308
2464,0,1,0,4,2,False,190,12,31,3103,31.03,0
2465,0,1,15,4,61,False,61,13,61,3389,33.89,0
2466,0,1,0,4,13,False,249,5,148,1428,14.28,0
2467,0,1,0,4,6,True,249,5,128,1408,14.08,0
2468,0,1,0,4,11,False,137,1,57,313,3.13,0
2469,0,1,0,4,13,True,137,1,38,294,2.94,0
2470,0,1,0,4,2,False,111,1,151,407,4.07,0
2471,0,1,0,4,33,True,111,1,134,390,3.9,0
2472,0,90,0,0,0,False,0,0,10,10,0.1,2812347393
2473,0,-1,-1,-1,-1,True,-1,-1,-1,-1,-1.0,-1
2474,0,-1,-1,-1,-1,True,-1,-1,-1,-1,-1.0,-1
2475,0,-1,-1,-1,-1,True,-1,-1,-1,-1,-1.0,-1
2476,0,-1,-1,-1,-1,True,-1,-1,-1,-1,-1.0,-1
2477,0,1,0,4,5,False,85,0,208,208,2.08,0
2478,0,1,0,4,34,True,167,14,72,3656,36.56,0
2479,0,1,0,4,6,False,83,6,53,1589,15.89,0
2480,0,1,0,4,3,True,51,0,226,226,2.26,0
2481,0,1,0,4,8,True,85,0,190,190,1.9,0
2482,0,1,0,4,4,False,228,4,16,1040,10.4,0
2483,0,1,0,4,9,True,83,6,34,1570,15.7,0
2484,0,1,5,6,13,False,196,4,17,1041,10.41,813
2485,0,1,16,3,4,False,132,14,0,3584,35.84,0
2486,0,1,0,3,53,True,4,7,0,1792,17.92,0
2487,0,1,5,4,14,False,47,4,144,1168,11.68,0
2488,0,1,5,5,5,False,101,4,11,1035,10.35,44
2489,0,1,1,7,27,True,4,12,44,3116,31.16,275203
2490,0,1,1,7,47,False,5,7,4,1796,17.96,339853
2491,0,1,18,5,4,False,143,12,6,3078,30.78,130
2492,0,1,0,4,16,True,44,11,143,2959,29.59,0
2493,0,1,0,4,17,True,44,1,89,345,3.45,0
2494,0,1,0,4,18,True,44,4,153,1177,11.77,0
2495,0,1,0,4,19,True,44,0,181,181,1.81,0
2496,0,1,0,4,20,True,44,2,154,666,6.66,0
2497,0,1,0,4,21,True,44,1,169,425,4.25,0
2498,0,1,0,4,22,True,44,0,41,41,0.41,0
2499,0,1,0,4,23,True,44,0,183,183,1.83,0
2500,0,1,0,4,24,True,44,14,53,3637,36.37,0
2501,0,1,0,4,25,True,44,3,76,844,8.44,0
2502,0,1,0,4,26,True,44,4,170,1194,11.94,0
2503,0,1,0,4,27,True,44,5,72,1352,13.52,0
2504,0,1,0,4,28,True,44,2,159,671,6.71,0
2505,0,1,0,4,29,True,44,14,27,3611,36.11,0
2506,0,1,0,4,30,True,44,15,130,3970,39.7,0
2507,0,1,0,4,31,True,44,0,19,19,0.19,0
2508,0,1,0,4,32,True,44,11,98,2914,29.14,0
2509,0,1,0,4,33,True,44,15,142,3982,39.82,0
2510,0,1,0,4,34,True,44,14,46,3630,36.3,0
2511,0,1,0,4,1,False,160,2,180,692,6.92,0
2512,0,1,0,4,16,False,147,1,15,271,2.71,0
2513,0,1,0,4,2,False,160,2,179,691,6.91,0
2514,0,1,0,4,4,True,145,2,20,532,5.32,0
2515,0,1,0,4,8,False,143,13,151,3479,34.79,0
2516,0,1,0,4,6,False,116,4,18,1042,10.42,0
2517,0,1,0,4,10,False,143,3,174,942,9.42,0
2518,0,1,17,7,10,False,74,4,144,1168,11.68,4013456
2519,0,1,0,4,2,False,4,11,76,2892,28.92,0
2520,0,1,1,7,37,True,121,1,4,260,2.6,644355
2521,0,1,4,0,0,False,0,0,0,0,0.0,0
2522,0,1,28,7,4,False,3,9,2,2306,23.06,96521
2523,0,1,0,4,12,False,76,3,37,805,8.05,0
2524,0,1,25,6,4,False,144,9,1,2305,23.05,15859
2525,0,1,0,4,4,False,24,9,180,2484,24.84,0
2526,0,1,0,4,6,True,24,9,158,2462,24.62,0
2527,0,1,0,4,15,False,84,4,19,1043,10.43,0
2528,0,1,0,4,24,True,84,4,0,1024,10.24,0
2529,0,1,0,4,18,False,166,7,71,1863,18.63,0
2530,0,1,0,4,14,True,166,7,52,1844,18.44,0
2531,0,1,0,4,23,False,25,14,10,3594,35.94,0
2532,0,1,0,4,3,True,25,13,246,3574,35.74,0
2533,0,1,0,4,8,False,179,13,46,3374,33.74,0
2534,0,1,0,4,9,False,142,10,53,2613,26.13,0
2535,0,1,0,4,3,True,141,10,33,2593,25.93,0
2536,0,1,0,4,5,True,179,13,26,3354,33.54,0
2537,0,1,0,4,1,False,75,9,124,2428,24.28,0
2538,0,1,0,4,4,True,75,9,104,2408,24.08,0
2539,0,1,0,4,31,False,112,11,243,3059,30.59,0
2540,0,1,0,4,7,True,112,11,224,3040,30.4,0
2541,0,1,0,4,2,False,116,14,37,3621,36.21,0
2542,0,1,0,4,23,True,116,14,17,3601,36.01,0
2543,0,1,0,4,4,False,1,4,8,1032,10.32,0
2544,0,1,8,4,11,False,98,4,66,1090,10.9,0
2545,0,1,0,4,0,False,35,3,166,934,9.34,0
2546,0,1,0,4,11,True,98,4,45,1069,10.69,0
2547,0,1,0,4,1,False,124,12,128,3200,32.0,0
2548,0,1,0,4,3,False,238,1,244,500,5.0,0
2549,0,1,0,4,4,False,238,2,178,690,6.9,0
2550,0,1,0,4,5,False,96,5,190,1470,14.7,0
2551,0,1,0,4,6,False,72,1,43,299,2.99,0
2552,0,1,0,4,7,False,72,7,110,1902,19.02,0
2553,0,1,0,4,8,False,71,8,98,2146,21.46,0
2554,0,1,0,4,9,False,167,9,207,2511,25.11,0
2555,0,1,0,4,7,True,20,14,57,3641,36.41,0
2556,0,1,0,4,9,True,236,6,155,1691,16.91,0
2557,0,1,0,4,11,True,164,6,175,1711,17.11,0
2558,0,1,0,4,13,True,77,9,105,2409,24.09,0
2559,0,1,0,4,14,True,35,2,107,619,6.19,0
2560,0,1,0,4,15,True,72,8,69,2117,21.17,0
2561,0,1,0,4,16,True,71,3,213,981,9.81,0
2562,0,1,0,4,17,True,95,4,171,1195,11.95,0
2563,0,1,0,4,18,True,58,7,15,1807,18.07,0
2564,0,1,0,4,19,True,57,1,26,282,2.82,0
2565,0,1,0,4,20,True,36,11,99,2915,29.15,0
2566,0,1,0,4,21,True,35,15,211,4051,40.51,0
2567,0,1,0,4,22,True,76,0,53,53,0.53,0
2568,0,1,0,4,23,True,148,12,106,3178,31.78,0
2569,0,1,0,4,24,True,125,14,105,3689,36.89,0
2570,0,1,0,4,25,True,124,3,228,996,9.96,0
2571,0,1,0,4,26,True,238,1,118,374,3.74,0
2572,0,1,0,4,27,True,76,5,84,1364,13.64,0
2573,0,1,0,4,28,True,76,2,200,712,7.12,0
2574,0,1,0,4,29,True,238,2,69,581,5.81,0
2575,0,1,0,4,30,True,200,6,71,1607,16.07,0
2576,0,1,0,4,31,True,76,15,250,4090,40.9,0
2577,0,1,0,4,32,True,76,10,1,2561,25.61,162201604
2578,0,-1,-1,-1,-1,True,-1,-1,-1,-1,-1.0,-1
2579,0,-1,-1,-1,-1,True,-1,-1,-1,-1,-1.0,-1
2580,0,-1,-1,-1,-1,True,-1,-1,-1,-1,-1.0,-1
2581,0,-1,-1,-1,-1,True,-1,-1,-1,-1,-1.0,-1
2582,0,1,0,4,12,True,171,9,117,2421,24.21,0
2583,0,1,0,4,22,False,154,4,81,1105,11.05,0
2584,0,1,0,4,27,True,154,4,62,1086,10.86,0
2585,0,1,0,4,4,False,32,8,13,2061,20.61,0
2586,0,1,19,3,8,False,4,0,0,0,0.0,0
2587,0,1,17,2,14,False,192,0,0,0,0.0,0
2588,0,1,15,6,15,False,12,4,145,1169,11.69,15742
2589,0,1,0,4,24,False,124,11,118,2934,29.34,0
2590,0,1,0,4,25,False,124,5,171,1451,14.51,0
2591,0,1,0,4,4,True,124,5,154,1434,14.34,0
2592,0,1,0,4,1,False,195,3,157,925,9.25,0
2593,0,1,0,4,17,True,195,3,135,903,9.03,0
2594,0,99,0,0,0,False,0,0,10,10,0.1,1503724545
2595,0,-1,-1,-1,-1,True,-1,-1,-1,-1,-1.0,-1
2596,0,-1,-1,-1,-1,True,-1,-1,-1,-1,-1.0,-1
2597,0,-1,-1,-1,-1,True,-1,-1,-1,-1,-1.0,-1
2598,0,-1,-1,-1,-1,True,-1,-1,-1,-1,-1.0,-1
2599,0,1,0,4,23,False,177,5,143,1423,14.23,0
2600,0,1,0,4,34,True,89,14,134,3718,37.18,0
2601,0,1,0,4,21,True,177,5,123,1403,14.03,0
2602,0,1,0,4,17,False,202,2,192,704,7.04,0
2603,0,1,0,2,4,False,16,0,0,0,0.0,0
2604,0,1,24,7,5,False,121,6,162,1698,16.98,8785497
2605,0,1,0,4,8,False,4,2,198,710,7.1,0
2606,0,1,1,2,42,True,5,0,0,0,0.0,0
2607,0,1,1,5,40,True,4,7,197,1989,19.89,4
2608,0,1,12,5,4,False,132,7,6,1798,17.98,54
2609,0,1,0,4,10,False,197,3,181,949,9.49,0
2610,0,1,0,5,4,False,144,9,2,2306,23.06,174
2611,0,1,0,4,11,False,197,15,176,4016,40.16,0
2612,0,1,0,4,12,False,197,3,61,829,8.29,0
2613,0,1,0,4,13,True,199,7,134,1926,19.26,0
2614,0,1,0,4,15,True,197,6,111,1647,16.47,0
2615,0,1,0,4,16,True,197,11,188,3004,30.04,0
2616,0,1,0,4,17,True,197,1,82,338,3.38,0
2617,0,1,0,4,18,True,197,4,161,1185,11.85,0
2618,0,1,0,4,19,True,197,0,201,201,2.01,0
2619,0,1,0,4,20,True,197,2,178,690,6.9,0
2620,0,1,0,4,21,True,197,2,28,540,5.4,0
2621,0,1,0,4,22,True,197,0,42,42,0.42,0
2622,0,1,0,4,23,True,197,0,131,131,1.31,0
2623,0,1,0,4,24,True,197,13,205,3533,35.33,0
2624,0,1,0,4,25,True,197,3,153,921,9.21,0
2625,0,1,0,4,26,True,197,4,134,1158,11.58,0
2626,0,1,0,4,27,True,197,5,186,1466,14.66,0
2627,0,1,0,4,28,True,197,3,6,774,7.74,0
2628,0,1,0,4,29,True,197,14,34,3618,36.18,0
2629,0,1,0,4,30,True,197,15,31,3871,38.71,0
2630,0,1,0,4,31,True,10,1,4,260,2.6,117697039
2631,0,-1,-1,-1,-1,True,-1,-1,-1,-1,-1.0,-1
2632,0,-1,-1,-1,-1,True,-1,-1,-1,-1,-1.0,-1
2633,0,-1,-1,-1,-1,True,-1,-1,-1,-1,-1.0,-1
2634,0,-1,-1,-1,-1,True,-1,-1,-1,-1,-1.0,-1
2635,0,1,0,4,25,True,234,2,244,756,7.56,0
2636,0,1,0,4,2,False,30,3,241,1009,10.09,0
2637,0,1,0,4,4,True,30,3,222,990,9.9,0
2638,0,1,0,4,20,False,84,3,178,946,9.46,0
2639,0,1,0,4,3,True,84,3,160,928,9.28,0
2640,0,1,0,4,32,False,252,9,29,2333,23.33,0
2641,0,1,0,4,6,True,252,9,9,2313,23.13,0
2642,0,1,0,4,12,True,99,10,237,2797,27.97,0
2643,0,1,0,4,9,False,99,4,68,1092,10.92,0
2644,0,1,0,4,13,True,99,4,49,1073,10.73,0
2645,0,1,0,4,15,False,172,8,194,2242,22.42,0
2646,0,1,0,4,3,True,172,8,173,2221,22.21,0
2647,0,1,0,4,19,False,191,7,8,1800,18.0,0
2648,0,1,0,4,8,True,191,6,249,1785,17.85,0
2649,0,1,0,4,21,False,238,10,116,2676,26.76,0
2650,0,1,0,4,4,True,238,10,97,2657,26.57,0
2651,0,1,0,4,1,False,56,7,195,1987,19.87,0
2652,0,1,0,4,9,True,56,7,173,1965,19.65,0
2653,0,1,0,4,13,False,159,11,91,2907,29.07,0
2654,0,1,0,4,6,True,159,11,70,2886,28.86,0
2655,0,1,0,4,12,False,80,5,65,1345,13.45,0
2656,0,1,0,4,4,True,80,5,46,1326,13.26,0
2657,0,1,0,4,0,False,4,3,220,988,9.88,0
2658,0,1,1,6,39,False,0,4,0,1024,10.24,2164
2659,0,1,9,2,0,False,4,0,0,0,0.0,0
2660,0,1,0,1,22,True,0,0,0,0,0.0,0
2661,0,1,1,4,29,False,0,4,2,1026,10.26,0
2662,0,1,4,5,13,False,93,4,151,1175,11.75,224
2663,0,1,0,4,21,False,21,13,158,3486,34.86,0
2664,0,1,0,4,12,True,21,13,138,3466,34.66,0
2665,0,1,0,4,30,False,235,0,229,229,2.29,0
2666,0,1,0,4,4,True,234,0,213,213,2.13,0
2667,0,1,0,4,31,False,189,15,231,4071,40.71,0
2668,0,1,0,4,32,False,189,8,205,2253,22.53,0
2669,0,1,0,4,13,True,189,8,186,2234,22.34,0
2670,0,1,0,4,1,False,49,13,100,3428,34.28,0
2671,0,1,0,4,11,True,49,13,77,3405,34.05,0
2672,0,1,0,4,29,False,95,5,116,1396,13.96,0
2673,0,1,0,4,16,True,94,5,107,1387,13.87,0
2674,0,1,0,4,26,False,94,14,57,3641,36.41,0
2675,0,1,0,4,15,True,94,14,38,3622,36.22,0
2676,0,1,0,4,0,False,139,11,59,2875,28.75,0
2677,0,1,0,4,3,True,139,11,38,2854,28.54,0
2678,0,1,0,4,5,False,67,6,99,1635,16.35,0
2679,0,1,0,4,29,True,67,6,82,1618,16.18,0
2680,0,1,0,4,8,False,105,1,179,435,4.35,0
2681,0,1,0,4,9,False,102,4,50,1074,10.74,0
2682,0,1,0,4,4,True,102,4,32,1056,10.56,0
2683,0,1,0,4,5,True,105,1,159,415,4.15,0
2684,0,1,0,4,23,False,32,9,80,2384,23.84,0
2685,0,1,0,4,7,True,32,9,61,2365,23.65,0
2686,0,1,0,4,14,False,125,11,41,2857,28.57,0
2687,0,1,0,4,15,True,125,11,20,2836,28.36,0
2688,0,1,0,4,11,False,102,0,174,174,1.74,0
2689,0,1,0,4,5,True,102,0,154,154,1.54,0
2690,0,1,0,4,32,False,135,12,223,3295,32.95,0
2691,0,1,0,4,16,True,135,12,203,3275,32.75,0
2692,0,1,0,4,4,False,97,10,245,2805,28.05,0
2693,0,1,0,4,9,True,97,10,225,2785,27.85,0
2694,0,1,0,4,16,False,127,3,21,789,7.89,0
2695,0,1,0,4,13,True,127,3,1,769,7.69,0
2696,0,1,0,4,1,False,116,10,10,2570,25.7,0
2697,0,1,0,4,29,True,116,9,248,2552,25.52,0
2698,0,1,0,4,13,False,164,5,133,1413,14.13,0
2699,0,1,0,4,13,True,164,5,118,1398,13.98,0
2700,0,1,0,4,26,False,37,15,14,3854,38.54,0
2701,0,1,0,4,5,True,37,14,252,3836,38.36,0
2702,0,1,0,4,10,False,118,12,92,3164,31.64,0
2703,0,1,0,4,3,True,117,12,72,3144,31.44,0
2704,0,1,0,4,6,False,4,12,41,3113,31.13,0
2705,0,1,0,3,25,False,33,5,0,1280,12.8,0
2706,0,1,0,4,2,False,192,12,145,3217,32.17,0
2707,0,1,28,0,0,False,0,0,0,0,0.0,0
2708,0,1,0,4,8,False,198,14,134,3718,37.18,0
2709,0,1,0,4,7,True,33,5,201,1481,14.81,0
2710,0,1,0,4,9,False,13,11,211,3027,30.27,0
2711,0,1,0,4,7,False,31,1,218,474,4.74,0
2712,0,1,0,4,15,False,42,10,208,2768,27.68,0
2713,0,1,0,4,8,True,31,1,196,452,4.52,0
2714,0,1,0,4,16,False,189,3,64,832,8.32,0
2715,0,1,0,4,3,True,192,12,125,3197,31.97,0
2716,0,1,0,4,10,True,13,11,189,3005,30.05,0
2717,0,1,0,4,11,True,198,14,114,3698,36.98,0
2718,0,1,0,4,13,True,42,10,191,2751,27.51,0
2719,0,1,0,4,15,True,40,6,250,1786,17.86,0
2720,0,1,0,4,16,True,40,11,216,3032,30.32,0
2721,0,1,0,4,17,True,40,1,85,341,3.41,0
2722,0,1,0,4,18,True,40,4,208,1232,12.32,0
2723,0,1,0,4,19,True,40,0,164,164,1.64,0
2724,0,1,0,4,20,True,40,2,21,533,5.33,0
2725,0,1,0,4,21,True,41,2,49,561,5.61,0
2726,0,1,0,4,22,True,40,0,58,58,0.58,0
2727,0,1,0,4,23,True,41,0,133,133,1.33,0
2728,0,1,0,4,24,True,41,14,19,3603,36.03,0
2729,0,1,0,4,25,True,41,3,58,826,8.26,0
2730,0,1,0,4,26,True,40,4,159,1183,11.83,0
2731,0,1,0,4,27,True,40,5,192,1472,14.72,0
2732,0,1,0,4,28,True,40,4,18,1042,10.42,0
2733,0,1,0,4,29,True,84,14,200,3784,37.84,0
2734,0,1,0,4,30,True,41,15,143,3983,39.83,0
2735,0,1,0,4,31,True,41,0,110,110,1.1,0
2736,0,1,0,4,32,True,40,11,111,2927,29.27,0
2737,0,1,0,4,33,True,40,0,13,13,0.13,0
2738,0,1,0,4,12,True,185,3,105,873,8.73,0
2739,0,1,0,4,34,True,189,1,135,391,3.91,0
2740,0,1,0,4,12,False,185,11,121,2937,29.37,0
2741,0,1,0,4,3,True,184,1,41,297,2.97,0
2742,0,1,0,4,11,True,185,11,98,2914,29.14,0
2743,0,1,0,4,5,False,50,4,13,1037,10.37,0
2744,0,1,22,4,7,False,49,4,15,1039,10.39,0
2745,0,1,22,5,12,False,166,4,15,1039,10.39,236
2746,0,1,0,5,13,True,4,8,179,2227,22.27,9
2747,0,1,0,7,4,False,18,3,15,783,7.83,459781
2748,0,1,22,2,8,False,74,0,0,0,0.0,0
2749,0,1,0,4,4,True,234,9,216,2520,25.2,0
2750,0,1,0,4,10,False,179,10,79,2639,26.39,0
2751,0,1,0,4,16,True,180,7,29,1821,18.21,0
2752,0,1,0,4,11,False,179,7,28,1820,18.2,0
2753,0,1,0,4,12,False,179,9,253,2557,25.57,0
2754,0,1,0,4,13,True,181,12,147,3219,32.19,0
2755,0,1,0,4,15,True,178,2,74,586,5.86,0
2756,0,1,0,4,16,True,179,1,34,290,2.9,0
2757,0,1,0,4,17,True,179,9,253,2557,25.57,0
2758,0,1,0,4,18,True,178,10,244,2804,28.04,0
2759,0,1,0,4,19,True,179,9,67,2371,23.71,0
2760,0,1,0,4,20,True,179,8,237,2285,22.85,0
2761,0,1,0,4,21,True,179,11,11,2827,28.27,0
2762,0,1,0,4,22,True,179,8,21,2069,20.69,0
2763,0,1,0,4,23,True,179,7,106,1898,18.98,0
2764,0,1,0,4,24,True,179,5,108,1388,13.88,0
2765,0,1,0,4,25,True,179,10,57,2617,26.17,0
2766,0,1,0,4,26,True,179,11,134,2950,29.5,0
2767,0,1,0,4,27,True,179,14,65,3649,36.49,0
2768,0,1,0,4,28,True,179,13,137,3465,34.65,0
2769,0,1,0,4,29,True,179,8,54,2102,21.02,0
2770,0,1,0,4,30,True,179,5,242,1522,15.22,0
2771,0,1,0,4,31,True,179,10,1,2561,25.61,201588740
2772,0,-1,-1,-1,-1,True,-1,-1,-1,-1,-1.0,-1
2773,0,-1,-1,-1,-1,True,-1,-1,-1,-1,-1.0,-1
2774,0,-1,-1,-1,-1,True,-1,-1,-1,-1,-1.0,-1
2775,0,-1,-1,-1,-1,True,-1,-1,-1,-1,-1.0,-1
2776,0,1,0,2,29,True,94,0,0,0,0.0,0
2777,0,1,21,3,4,False,148,14,0,3584,35.84,0
2778,0,1,0,4,0,False,21,13,5,3333,33.33,0
2779,0,1,18,4,61,False,61,13,61,3389,33.89,0
2780,0,1,0,4,33,False,126,5,149,1429,14.29,0
2781,0,1,0,4,3,True,126,5,128,1408,14.08,0
2782,0,142,0,0,0,False,0,0,10,10,0.1,312542209
2783,0,-1,-1,-1,-1,True,-1,-1,-1,-1,-1.0,-1
2784,0,-1,-1,-1,-1,True,-1,-1,-1,-1,-1.0,-1
2785,0,-1,-1,-1,-1,True,-1,-1,-1,-1,-1.0,-1
2786,0,-1,-1,-1,-1,True,-1,-1,-1,-1,-1.0,-1
2787,0,1,0,4,4,False,72,8,53,2101,21.01,0
2788,0,1,0,4,34,True,18,14,119,3703,37.03,0
2789,0,1,0,4,7,True,72,8,31,2079,20.79,0
2790,0,1,0,4,3,True,129,1,164,420,4.2,0
2791,0,1,0,4,6,False,61,4,16,1040,10.4,0
2792,0,1,15,7,3,False,184,4,8,1032,10.32,7998845
2793,0,1,0,4,17,False,127,4,110,1134,11.34,0
2794,0,1,0,4,10,False,125,4,47,1071,10.71,0
2795,0,1,0,4,4,False,132,15,3,3843,38.43,0
2796,0,1,0,4,7,False,125,14,96,3680,36.8,0
2797,0,1,20,2,4,False,144,0,0,0,0.0,0
2798,0,1,0,4,11,False,125,15,174,4014,40.14,0
2799,0,1,15,6,4,False,90,13,61,3389,33.89,15677
2800,0,1,0,4,5,False,161,15,226,4066,40.66,0
2801,0,1,0,4,23,True,161,15,209,4049,40.49,0
2802,0,1,0,4,11,False,195,11,129,2945,29.45,0
2803,0,1,0,4,6,True,195,11,108,2924,29.24,0
2804,0,-1,-1,-1,-1,True,-1,-1,-1,-1,-1.0,-1
2805,0,-1,-1,-1,-1,True,-1,-1,-1,-1,-1.0,-1
2806,0,1,0,4,3,True,228,0,35,35,0.35,0
2807,0,1,0,4,3,False,250,7,121,1913,19.13,0
2808,0,1,0,4,2,False,250,9,68,2372,23.72,0
2809,0,1,0,4,19,True,250,7,99,1891,18.91,0
2810,0,1,0,4,20,True,250,9,48,2352,23.52,0
2811,0,1,0,4,4,False,10,3,15,783,7.83,0
2812,0,1,27,4,14,False,191,13,188,3516,35.16,0
2813,0,1,0,4,10,True,191,4,1,1025,10.25,0
2814,0,1,15,5,2,False,152,13,164,3492,34.92,61
2815,0,1,0,4,13,True,19,10,57,2617,26.17,0
2816,0,1,0,4,14,True,22,11,57,2873,28.73,0
2817,0,1,0,4,11,False,18,0,141,141,1.41,0
2818,0,1,0,4,15,True,18,0,120,120,1.2,0
2819,0,1,0,4,2,False,36,14,4,3588,35.88,0
2820,0,1,0,2,59,False,9,0,0,0,0.0,0
2821,0,1,17,0,0,False,0,0,0,0,0.0,0
2822,0,1,0,4,4,False,28,14,81,3665,36.65,0
2823,0,1,0,4,5,True,36,13,232,3560,35.6,0
2824,0,1,0,4,6,False,27,1,157,413,4.13,0
2825,0,1,0,4,7,False,24,7,146,1938,19.38,0
2826,0,1,0,4,11,False,195,10,219,2779,27.79,0
2827,0,1,0,4,12,False,195,15,59,3899,38.99,0
2828,0,1,0,4,14,False,119,4,161,1185,11.85,0
2829,0,1,0,4,18,False,136,11,127,2943,29.43,0
2830,0,1,0,4,10,True,123,14,136,3720,37.2,0
2831,0,1,0,4,13,True,196,0,244,244,2.44,0
2832,0,1,0,4,15,True,195,3,173,941,9.41,0
2833,0,1,0,4,16,True,195,6,191,1727,17.27,0
2834,0,1,0,4,17,True,195,12,162,3234,32.34,0
2835,0,1,0,4,18,True,119,6,241,1777,17.77,0
2836,0,1,0,4,19,True,28,10,221,2781,27.81,0
2837,0,1,0,4,20,True,195,14,45,3629,36.29,0
2838,0,1,0,4,21,True,195,13,149,3477,34.77,0
2839,0,1,0,4,22,True,195,11,99,2915,29.15,0
2840,0,1,0,4,23,True,195,11,80,2896,28.96,0
2841,0,1,0,4,24,True,195,9,58,2362,23.62,0
2842,0,1,0,4,25,True,136,1,219,475,4.75,0
2843,0,1,0,4,26,True,24,15,220,4060,40.6,0
2844,0,1,0,4,27,True,149,12,225,3297,32.97,0
2845,0,1,0,4,28,True,195,15,64,3904,39.04,0
2846,0,1,0,4,29,True,195,11,19,2835,28.35,0
2847,0,1,0,4,30,True,195,11,184,3000,30.0,0
2848,0,1,0,4,31,True,195,12,83,3155,31.55,0
2849,0,1,0,4,32,True,195,10,1,2561,25.61,209946116
2850,0,-1,-1,-1,-1,True,-1,-1,-1,-1,-1.0,-1
2851,0,-1,-1,-1,-1,True,-1,-1,-1,-1,-1.0,-1
2852,0,-1,-1,-1,-1,True,-1,-1,-1,-1,-1.0,-1
2853,0,-1,-1,-1,-1,True,-1,-1,-1,-1,-1.0,-1
2854,0,1,0,4,6,False,131,14,248,3832,38.32,0
2855,0,1,0,4,5,True,131,14,229,3813,38.13,0
2856,0,1,0,4,8,False,144,0,6,6,0.06,0
2857,0,1,0,4,6,True,144,15,242,4082,40.82,0
2858,0,1,0,4,9,False,144,14,90,3674,36.74,0
2859,0,1,0,4,7,True,144,14,71,3655,36.55,0
2860,0,81,0,0,0,False,0,0,10,10,0.1,2543911937
2861,0,-1,-1,-1,-1,True,-1,-1,-1,-1,-1.0,-1
2862,0,-1,-1,-1,-1,True,-1,-1,-1,-1,-1.0,-1
2863,0,-1,-1,-1,-1,True,-1,-1,-1,-1,-1.0,-1
2864,0,-1,-1,-1,-1,True,-1,-1,-1,-1,-1.0,-1
2865,0,1,0,4,4,False,225,3,98,866,8.66,0
2866,0,1,0,4,34,True,151,14,96,3680,36.8,0
2867,0,1,0,4,14,True,225,3,78,846,8.46,0
2868,0,1,0,4,16,False,222,1,128,384,3.84,0
2869,0,1,0,4,6,False,225,4,132,1156,11.56,0
2870,0,1,27,3,2,False,115,4,0,1024,10.24,0
2871,0,1,1,0,0,False,0,0,0,0,0.0,0
2872,0,1,27,1,13,False,0,0,0,0,0.0,0
2873,0,1,18,4,4,False,17,11,5,2821,28.21,0
2874,0,1,8,0,0,False,0,0,0,0,0.0,0
2875,0,1,0,4,10,False,217,3,207,975,9.75,0
2876,0,1,0,4,5,True,217,10,250,2810,28.1,0
2877,0,1,0,4,7,False,217,14,167,3751,37.51,0
2878,0,1,0,4,61,False,61,13,61,3389,33.89,0
2879,0,1,0,4,11,False,80,4,82,1106,11.06,0
2880,0,1,0,4,4,True,80,4,64,1088,10.88,0
2881,0,1,0,4,6,False,163,14,209,3793,37.93,0
2882,0,1,0,4,7,True,163,14,190,3774,37.74,0
2883,0,1,0,4,9,False,52,1,213,469,4.69,0
2884,0,1,0,4,5,True,52,1,194,450,4.5,0
2885,0,1,0,4,6,True,221,4,140,1164,11.64,0
2886,0,1,0,4,10,False,221,15,137,3977,39.77,0
2887,0,1,0,4,7,True,221,15,117,3957,39.57,0
2888,0,1,0,4,3,False,175,10,105,2665,26.65,0
2889,0,1,0,4,3,True,175,10,86,2646,26.46,0
2890,0,1,0,4,20,False,255,12,128,3200,32.0,0
2891,0,1,0,4,21,False,255,4,110,1134,11.34,0
2892,0,1,0,4,16,True,255,4,91,1115,11.15,0
2893,0,1,0,4,22,False,222,3,166,934,9.34,0
2894,0,1,0,4,13,True,222,3,149,917,9.17,0
2895,0,1,0,4,24,False,4,2,40,552,5.52,0
2896,0,1,1,4,56,True,82,0,220,220,2.2,0
2897,0,1,0,4,4,False,40,3,115,883,8.83,0
2898,0,1,0,4,25,False,82,2,139,651,6.51,0
2899,0,1,0,4,5,False,18,10,252,2812,28.12,0
2900,0,1,0,4,2,False,121,13,61,3389,33.89,0
2901,0,1,0,4,10,False,3,1,120,376,3.76,0
2902,0,1,0,4,6,False,243,1,100,356,3.56,0
2903,0,1,0,4,2,False,11,7,101,1893,18.93,0
2904,0,1,0,4,6,True,11,7,80,1872,18.72,0
2905,0,1,0,4,0,False,4,6,82,1618,16.18,0
2906,0,1,1,2,28,True,15,0,0,0,0.0,0
2907,0,1,1,3,44,False,4,10,0,2560,25.6,0
2908,0,1,1,7,11,False,84,4,1,1025,10.25,4851414
2909,0,1,0,4,2,False,200,5,9,1289,12.89,0
2910,0,1,0,4,3,False,218,13,157,3485,34.85,0
2911,0,1,0,4,4,False,190,9,245,2549,25.49,0
2912,0,1,0,4,5,False,190,8,9,2057,20.57,0
2913,0,1,0,4,8,False,69,0,165,165,1.65,0
2914,0,1,0,4,10,False,48,8,251,2299,22.99,0
2915,0,1,0,4,11,False,48,3,69,837,8.37,0
2916,0,1,0,4,12,False,217,2,241,753,7.53,0
2917,0,1,0,4,14,False,15,1,205,461,4.61,0
2918,0,1,0,4,15,False,170,12,93,3165,31.65,0
2919,0,1,0,4,3,True,249,7,200,1992,19.92,0
2920,0,1,0,4,4,True,218,10,208,2768,27.68,0
2921,0,1,0,4,5,True,48,1,143,399,3.99,0
2922,0,1,0,4,6,True,48,3,159,927,9.27,0
2923,0,1,0,4,9,True,190,9,84,2388,23.88,0
2924,0,1,0,4,12,True,200,4,138,1162,11.62,0
2925,0,1,0,4,13,True,219,8,237,2285,22.85,0
2926,0,1,0,4,15,True,65,6,252,1788,17.88,0
2927,0,1,0,4,16,True,217,11,155,2971,29.71,0
2928,0,1,0,4,17,True,95,10,237,2797,27.97,0
2929,0,1,0,4,18,True,217,4,167,1191,11.91,0
2930,0,1,0,4,19,True,217,0,171,171,1.71,0
2931,0,1,0,4,20,True,69,3,116,884,8.84,0
2932,0,1,0,4,21,True,39,3,219,987,9.87,0
2933,0,1,0,4,22,True,40,3,82,850,8.5,0
2934,0,1,0,4,23,True,15,2,52,564,5.64,0
2935,0,1,0,4,24,True,217,14,46,3630,36.3,0
2936,0,1,0,4,25,True,181,11,191,3007,30.07,0
2937,0,1,0,4,26,True,217,4,85,1109,11.09,0
2938,0,1,0,4,27,True,217,5,210,1490,14.9,0
2939,0,1,0,4,28,True,217,2,235,747,7.47,0
2940,0,1,0,4,29,True,74,9,241,2545,25.45,0
2941,0,1,0,4,30,True,18,10,138,2698,26.98,0
2942,0,1,0,4,31,True,217,15,254,4094,40.94,0
2943,0,1,0,4,32,True,138,10,1,2561,25.61,183699716
2944,0,-1,-1,-1,-1,True,-1,-1,-1,-1,-1.0,-1
2945,0,-1,-1,-1,-1,True,-1,-1,-1,-1,-1.0,-1
2946,0,-1,-1,-1,-1,True,-1,-1,-1,-1,-1.0,-1
2947,0,-1,-1,-1,-1,True,-1,-1,-1,-1,-1.0,-1
2948,0,1,0,4,16,True,243,10,64,2624,26.24,0
2949,0,1,0,4,12,False,210,6,53,1589,15.89,0
2950,0,1,0,4,7,True,210,6,32,1568,15.68,0
2951,0,1,0,4,3,False,116,5,113,1393,13.93,0
2952,0,1,0,4,6,True,171,5,91,1371,13.71,0
2953,0,1,0,4,27,False,188,10,78,2638,26.38,0
2954,0,1,0,4,3,True,188,10,57,2617,26.17,0
2955,0,1,0,4,0,False,176,0,238,238,2.38,0
2956,0,1,0,4,5,True,176,0,219,219,2.19,0
2957,0,1,0,4,15,False,83,0,117,117,1.17,0
2958,0,1,0,4,26,True,83,0,97,97,0.97,0
2959,0,1,0,4,18,False,45,0,96,96,0.96,0
2960,0,1,0,4,7,True,45,0,77,77,0.77,0
2961,0,1,0,4,4,False,4,11,7,2823,28.23,0
2962,0,1,29,4,2,False,155,15,4,3844,38.44,0
2963,0,1,2,0,0,False,0,0,0,0,0.0,0
2964,0,1,0,2,50,True,12,0,0,0,0.0,0
2965,0,1,0,4,17,True,155,14,4,3588,35.88,0
2966,0,1,0,1,10,False,0,0,0,0,0.0,0
2967,0,1,0,3,27,True,244,13,0,3328,33.28,0
2968,0,1,0,4,6,False,94,9,181,2485,24.85,0
2969,0,1,0,4,7,False,93,10,147,2707,27.07,0
2970,0,1,0,4,24,True,93,10,128,2688,26.88,0
2971,0,1,0,4,25,True,93,9,163,2467,24.67,0
2972,0,1,0,4,3,False,50,7,116,1908,19.08,0
2973,0,1,0,4,10,True,50,7,93,1885,18.85,0
2974,0,1,0,4,5,True,158,11,185,3001,30.01,0
2975,0,1,0,4,13,False,158,15,46,3886,38.86,0
2976,0,1,0,4,6,True,158,15,25,3865,38.65,0
2977,0,1,0,4,21,False,88,4,168,1192,11.92,0
2978,0,1,0,4,7,True,88,4,150,1174,11.74,0
2979,0,1,0,4,1,False,1,3,185,953,9.53,0
2980,0,1,0,4,5,True,1,3,163,931,9.31,0
2981,0,1,0,4,24,False,220,0,41,41,0.41,0
2982,0,1,0,4,17,True,220,0,23,23,0.23,0
2983,0,1,0,4,2,False,207,10,235,2795,27.95,0
2984,0,1,0,4,14,True,206,10,215,2775,27.75,0
2985,0,1,0,4,14,False,245,0,20,20,0.2,0
2986,0,1,0,4,11,True,245,15,255,4095,40.95,0
2987,0,-1,-1,-1,-1,True,-1,-1,-1,-1,-1.0,-1
2988,0,-1,-1,-1,-1,True,-1,-1,-1,-1,-1.0,-1
2989,0,-1,-1,-1,-1,True,-1,-1,-1,-1,-1.0,-1
2990,0,1,0,4,21,True,166,7,25,1817,18.17,0
2991,0,1,0,4,22,True,166,5,152,1432,14.32,0
2992,0,1,0,4,23,True,166,5,8,1288,12.88,0
2993,0,1,0,4,24,True,166,2,196,708,7.08,0
2994,0,1,0,4,25,True,128,0,186,186,1.86,0
2995,0,1,0,4,26,True,166,9,218,2522,25.22,0
2996,0,1,0,4,27,True,166,12,138,3210,32.1,0
2997,0,1,0,4,28,True,166,10,86,2646,26.46,0
2998,0,1,0,4,29,True,166,4,117,1141,11.41,0
2999,0,1,0,4,30,True,166,4,181,1205,12.05,0
3000,0,1,0,4,31,True,166,6,0,1536,15.36,0
3001,0,1,0,4,32,True,166,1,118,374,3.74,0
3002,0,1,0,4,33,True,166,4,226,1250,12.5,0
3003,0,1,0,4,7,True,86,4,133,1157,11.57,0
3004,0,1,0,4,34,True,166,4,19,1043,10.43,0
3005,0,1,0,4,7,False,85,14,57,3641,36.41,0
3006,0,1,0,4,4,True,145,5,73,1353,13.53,0
3007,0,1,0,4,6,True,85,14,37,3621,36.21,0
3008,0,1,0,4,1,False,243,4,132,1156,11.56,0
3009,0,1,26,7,2,False,115,4,15,1039,10.39,12453084
3010,0,1,0,4,15,False,95,2,197,709,7.09,0
3011,0,1,0,4,16,False,95,13,31,3359,33.59,0
3012,0,1,0,4,8,False,93,11,49,2865,28.65,0
3013,0,1,0,4,26,True,4,2,94,606,6.06,0
3014,0,1,0,4,7,False,93,12,153,3225,32.25,0
3015,0,1,0,5,35,False,4,5,94,1374,13.74,5
3016,0,1,0,4,10,False,93,0,122,122,1.22,0
3017,0,1,24,4,61,False,61,13,61,3389,33.89,0
3018,0,1,0,4,4,False,5,1,3,259,2.59,0
3019,0,1,16,1,3,False,0,0,0,0,0.0,0
3020,0,1,7,3,5,False,216,4,0,1024,10.24,0
3021,0,1,0,2,46,True,7,0,0,0,0.0,0
3022,0,1,30,5,4,False,148,11,5,2821,28.21,192
3023,0,1,0,4,3,False,174,5,20,1300,13.0,0
3024,0,1,0,4,4,False,65,2,20,532,5.32,0
3025,0,1,0,4,5,False,175,7,158,1950,19.5,0
3026,0,1,0,4,6,False,201,5,7,1287,12.87,0
3027,0,1,0,4,8,False,189,15,135,3975,39.75,0
3028,0,1,0,4,12,False,93,15,177,4017,40.17,0
3029,0,1,0,4,15,False,60,1,163,419,4.19,0
3030,0,1,0,4,23,False,181,2,15,527,5.27,0
3031,0,1,0,4,7,True,174,4,254,1278,12.78,0
3032,0,1,0,4,8,True,174,7,222,2014,20.14,0
3033,0,1,0,4,10,True,181,1,252,508,5.08,0
3034,0,1,0,4,12,True,60,1,143,399,3.99,0
3035,0,1,0,4,13,True,177,6,34,1570,15.7,0
3036,0,1,0,4,15,True,93,4,215,1239,12.39,0
3037,0,1,0,4,16,True,93,7,58,1850,18.5,0
3038,0,1,0,4,17,True,93,14,135,3719,37.19,0
3039,0,1,0,4,18,True,93,1,229,485,4.85,0
3040,0,1,0,4,19,True,189,13,135,3463,34.63,0
3041,0,1,0,4,20,True,93,15,13,3853,38.53,0
3042,0,1,0,4,21,True,93,14,169,3753,37.53,0
3043,0,1,0,4,22,True,65,3,167,935,9.35,0
3044,0,1,0,4,23,True,201,7,9,1801,18.01,0
3045,0,1,0,4,24,True,93,10,153,2713,27.13,0
3046,0,1,0,4,25,True,93,15,192,4032,40.32,0
3047,0,1,0,4,26,True,93,1,123,379,3.79,0
3048,0,1,0,4,27,True,93,3,119,887,8.87,0
3049,0,1,0,4,28,True,93,1,70,326,3.26,0
3050,0,1,0,4,29,True,93,12,134,3206,32.06,0
3051,0,1,0,4,30,True,93,11,232,3048,30.48,0
3052,0,1,0,4,31,True,93,12,224,3296,32.96,0
3053,0,-1,-1,-1,-1,True,-1,-1,-1,-1,-1.0,-1
