,readout,layer,chipID,payload,location,isCol,timestamp,tot_msb,tot_lsb,tot_total,tot_us,fpga_ts
0,0,1,3,4,11,False,231,1,93,349,3.49,0
1,0,1,3,4,12,False,226,4,65,1089,10.89,0
2,0,1,3,4,13,False,226,6,236,1772,17.72,0
3,0,1,3,4,15,True,233,0,241,241,2.41,0
4,0,1,3,4,16,True,226,4,43,1067,10.67,0
5,0,1,3,4,17,True,230,1,72,328,3.28,0
6,0,1,3,4,31,True,226,4,186,1210,12.1,0
7,0,1,3,4,32,True,226,6,215,1751,17.51,0
8,0,1,2,4,18,False,48,2,165,677,6.77,0
9,0,1,2,4,15,True,48,2,146,658,6.58,0
10,0,1,3,4,19,False,4,0,162,162,1.62,0
11,0,1,3,4,3,True,4,0,141,141,1.41,0
12,0,1,2,4,32,False,116,3,171,939,9.39,0
13,0,1,2,4,29,True,116,3,149,917,9.17,0
14,0,1,1,4,6,False,102,3,44,812,8.12,0
15,0,1,1,4,31,True,102,3,26,794,7.94,0
16,0,1,2,4,21,False,128,4,45,1069,10.69,0
17,0,1,2,4,20,True,128,4,26,1050,10.5,0
18,0,1,2,4,14,False,137,2,84,596,5.96,0
19,0,1,2,4,12,True,137,2,62,574,5.74,0
20,0,1,2,4,27,False,175,1,243,499,4.99,0
21,0,1,2,4,18,True,175,1,224,480,4.8,0
22,0,1,2,4,13,False,233,4,107,1131,11.31,0
23,0,1,2,4,9,True,233,4,86,1110,11.1,0
24,0,1,0,4,22,True,39,4,55,1079,10.79,0
25,0,1,0,4,29,False,38,8,217,2265,22.65,0
26,0,1,0,4,23,True,38,8,199,2247,22.47,0
27,0,1,0,4,13,False,111,5,138,1418,14.18,0
28,0,1,0,4,12,True,111,5,119,1399,13.99,0
29,0,1,2,4,4,False,139,1,72,328,3.28,0
30,0,1,2,4,30,True,139,1,55,311,3.11,0
31,0,1,2,4,25,False,35,3,0,768,7.68,0
32,0,1,2,4,9,True,35,2,238,750,7.5,0
33,0,1,2,4,24,False,31,3,24,792,7.92,0
34,0,1,2,4,21,True,31,3,3,771,7.71,0
35,0,1,2,4,31,False,44,2,114,626,6.26,0
36,0,1,2,4,21,True,44,2,95,607,6.07,0
37,0,1,0,4,24,False,162,3,180,948,9.48,0
38,0,1,0,4,17,True,162,3,162,930,9.3,0
39,0,1,2,4,25,False,223,2,192,704,7.04,0
40,0,1,2,4,21,True,223,2,172,684,6.84,0
41,0,1,2,4,20,False,219,0,242,242,2.42,0
42,0,1,2,4,11,True,219,0,220,220,2.2,0
43,0,1,2,4,27,False,59,2,127,639,6.39,0
44,0,1,2,4,28,False,58,1,107,363,3.63,0
45,0,1,2,4,25,True,58,2,113,625,6.25,0
46,0,1,2,4,19,False,97,2,181,693,6.93,0
47,0,1,2,4,25,True,97,2,163,675,6.75,0
48,0,1,2,4,3,False,48,1,241,497,4.97,0
49,0,1,2,4,18,True,48,1,219,475,4.75,0
50,0,1,2,4,24,False,40,3,5,773,7.73,0
51,0,1,2,4,25,True,40,2,241,753,7.53,0
52,0,1,2,4,19,False,192,4,56,1080,10.8,0
53,0,1,2,4,7,True,192,4,38,1062,10.62,0
54,0,1,2,4,14,False,251,4,28,1052,10.52,0
55,0,1,2,4,21,True,251,4,5,1029,10.29,0
56,0,1,2,4,27,False,240,3,99,867,8.67,0
57,0,1,2,4,29,False,236,2,178,690,6.9,0
58,0,1,2,4,7,True,240,3,81,849,8.49,0
59,0,1,2,4,9,True,236,2,161,673,6.73,0
60,0,1,2,4,28,False,180,1,143,399,3.99,0
61,0,1,2,4,8,True,180,1,127,383,3.83,0
62,0,1,2,4,4,False,103,2,160,672,6.72,0
63,0,1,2,4,18,True,103,2,140,652,6.52,0
64,0,1,2,4,16,False,188,2,75,587,5.87,0
65,0,1,2,4,17,False,189,2,83,595,5.95,0
66,0,1,2,4,32,True,188,2,72,584,5.84,0
67,0,1,2,4,17,False,198,2,225,737,7.37,0
68,0,1,2,4,18,False,197,6,46,1582,15.82,0
69,0,1,2,4,10,True,197,6,27,1563,15.63,0
70,0,1,2,4,11,True,197,2,203,715,7.15,0
71,0,1,2,4,31,False,224,3,138,906,9.06,0
72,0,1,2,4,5,True,224,3,120,888,8.88,0
73,0,1,2,4,26,False,209,3,198,966,9.66,0
74,0,1,2,4,16,True,209,3,177,945,9.45,0
75,0,1,2,4,21,False,147,3,54,822,8.22,0
76,0,1,2,4,22,True,147,3,36,804,8.04,0
77,0,1,2,4,4,False,80,1,205,461,4.61,0
78,0,1,2,4,29,True,80,1,187,443,4.43,0
79,0,1,0,4,33,False,180,4,109,1133,11.33,0
80,0,1,0,4,29,True,179,4,91,1115,11.15,0
81,0,1,3,4,0,False,243,4,201,1225,12.25,0
82,0,1,3,4,6,True,243,4,175,1199,11.99,0
83,0,1,2,4,16,False,31,3,16,784,7.84,0
84,0,1,2,4,21,True,31,2,253,765,7.65,0
85,0,1,3,4,22,False,133,2,180,692,6.92,0
86,0,1,3,4,3,True,133,2,161,673,6.73,0
87,0,1,2,4,23,False,178,2,169,681,6.81,0
88,0,1,2,4,13,True,178,2,150,662,6.62,0
89,0,1,3,4,32,False,129,4,4,1028,10.28,0
90,0,1,3,4,11,True,128,3,239,1007,10.07,0
91,0,1,2,4,21,False,243,3,166,934,9.34,0
92,0,1,2,4,3,True,243,3,149,917,9.17,0
93,0,1,2,4,26,False,255,4,18,1042,10.42,0
94,0,1,2,4,16,True,255,3,253,1021,10.21,0
95,0,1,2,4,24,False,179,1,210,466,4.66,0
96,0,1,2,4,29,True,179,1,189,445,4.45,0
97,0,1,2,4,23,False,44,1,65,321,3.21,0
98,0,1,2,4,24,False,42,5,33,1313,13.13,0
99,0,1,2,4,15,True,42,5,13,1293,12.93,0
100,0,1,2,4,3,False,148,3,45,813,8.13,0
101,0,1,2,4,27,True,148,3,23,791,7.91,0
102,0,1,2,4,16,False,186,3,202,970,9.7,0
103,0,1,2,4,33,True,186,3,184,952,9.52,0
104,0,1,2,4,0,False,99,2,82,594,5.94,0
105,0,1,2,4,32,True,99,2,63,575,5.75,0
106,0,1,2,4,15,False,224,3,237,1005,10.05,0
107,0,1,2,4,30,True,224,3,215,983,9.83,0
108,0,1,2,4,23,False,9,1,47,303,3.03,0
109,0,1,2,4,32,True,9,1,28,284,2.84,0
110,0,1,2,4,29,False,111,3,125,893,8.93,0
111,0,1,2,4,32,True,111,3,107,875,8.75,0
112,0,1,3,4,10,False,145,2,28,540,5.4,0
113,0,1,3,4,18,True,145,2,10,522,5.22,0
114,0,1,2,4,7,False,30,2,161,673,6.73,0
115,0,1,2,4,5,True,30,2,143,655,6.55,0
116,0,1,0,4,32,False,2,4,148,1172,11.72,0
117,0,1,0,4,30,True,2,4,129,1153,11.53,0
118,0,1,2,4,24,False,72,2,234,746,7.46,0
119,0,1,2,4,11,True,72,2,214,726,7.26,0
120,0,1,2,4,1,False,48,1,183,439,4.39,0
121,0,1,2,4,0,False,98,4,71,1095,10.95,0
122,0,1,2,4,23,True,97,1,158,414,4.14,0
123,0,1,2,4,24,True,98,4,50,1074,10.74,0
124,0,1,2,4,3,False,48,3,62,830,8.3,0
125,0,1,2,4,24,True,48,3,40,808,8.08,0
126,0,1,2,4,20,False,253,3,226,994,9.94,0
127,0,1,2,4,28,True,253,3,206,974,9.74,0
128,0,1,2,4,17,False,186,3,132,900,9.0,0
129,0,1,2,4,10,True,186,3,111,879,8.79,0
130,0,1,3,4,1,False,165,4,121,1145,11.45,0
131,0,1,3,4,20,True,165,4,98,1122,11.22,0
132,0,1,2,4,27,False,86,1,96,352,3.52,0
133,0,1,2,4,32,True,86,1,78,334,3.34,0
134,0,1,2,4,29,False,246,0,172,172,1.72,0
135,0,1,2,4,30,False,247,2,213,725,7.25,0
136,0,1,2,4,17,True,246,2,197,709,7.09,0
137,0,1,2,4,18,False,19,3,195,963,9.63,0
138,0,1,2,4,28,True,19,3,175,943,9.43,0
139,0,1,2,4,21,False,229,5,114,1394,13.94,0
140,0,1,2,4,22,False,230,5,84,1364,13.64,0
141,0,1,2,4,26,True,229,5,97,1377,13.77,0
142,0,1,2,2,37,True,5,0,0,0,0.0,0
143,0,1,2,1,4,False,0,0,0,0,0.0,0
144,0,1,2,4,34,True,3,3,4,772,7.72,0
145,0,1,2,1,34,True,0,0,0,0,0.0,0
146,0,1,2,3,50,False,61,13,0,3328,33.28,0
147,0,1,0,4,28,False,19,3,18,786,7.86,0
148,0,1,0,4,17,False,163,3,2,770,7.7,0
149,0,1,0,4,30,False,23,4,81,1105,11.05,0
150,0,1,0,4,15,True,199,4,64,1088,10.88,0
151,0,1,0,4,32,False,166,4,67,1091,10.91,0
152,0,1,0,4,20,True,166,4,50,1074,10.74,0
153,0,1,3,4,21,False,229,0,118,118,1.18,0
154,0,1,3,4,27,True,229,0,97,97,0.97,0
155,0,1,2,4,15,False,122,2,7,519,5.19,0
156,0,1,2,4,25,True,122,1,243,499,4.99,0
157,0,1,2,4,21,False,194,3,226,994,9.94,0
158,0,1,2,4,24,True,194,3,209,977,9.77,0
159,0,1,2,4,0,False,157,4,9,1033,10.33,0
160,0,1,2,4,26,True,157,3,246,1014,10.14,0
161,0,1,2,4,23,False,241,1,252,508,5.08,0
162,0,1,2,4,33,True,241,1,233,489,4.89,0
163,0,1,2,4,18,False,81,2,224,736,7.36,0
164,0,1,2,4,11,True,81,2,204,716,7.16,0
165,0,1,0,4,11,False,28,2,243,755,7.55,0
166,0,1,0,4,10,True,28,2,227,739,7.39,0
167,0,1,2,4,19,False,78,4,90,1114,11.14,0
168,0,1,2,4,27,True,78,4,70,1094,10.94,0
169,0,1,2,4,25,False,15,2,238,750,7.5,0
170,0,1,2,4,13,True,15,2,218,730,7.3,0
171,0,1,2,4,23,False,51,1,14,270,2.7,0
172,0,1,2,4,22,False,48,3,230,998,9.98,0
173,0,1,2,4,24,False,47,4,116,1140,11.4,0
174,0,1,2,4,14,True,47,4,96,1120,11.2,0
175,0,1,2,4,15,True,48,3,208,976,9.76,0
176,0,1,1,4,31,False,40,3,112,880,8.8,0
177,0,1,1,4,5,True,40,3,94,862,8.62,0
178,0,1,2,4,20,False,34,3,163,931,9.31,0
179,0,1,2,4,25,True,34,3,142,910,9.1,0
180,0,1,2,4,19,False,130,2,154,666,6.66,0
181,0,1,2,4,22,True,130,2,134,646,6.46,0
182,0,1,2,4,31,False,192,1,12,268,2.68,0
183,0,1,2,4,18,True,192,0,247,247,2.47,0
184,0,1,2,4,16,False,201,2,238,750,7.5,0
185,0,1,2,4,21,True,201,2,219,731,7.31,0
186,0,1,2,4,16,False,99,2,56,568,5.68,0
187,0,1,2,4,30,True,99,2,38,550,5.5,0
188,0,1,2,4,17,False,52,1,78,334,3.34,0
189,0,1,2,4,22,True,52,1,56,312,3.12,0
190,0,1,2,4,5,False,87,1,209,465,4.65,0
191,0,1,2,4,30,True,86,1,190,446,4.46,0
192,0,1,2,4,27,True,56,1,102,358,3.58,0
193,0,1,2,4,31,False,53,3,251,1019,10.19,0
194,0,1,2,4,26,True,53,3,232,1000,10.0,0
195,0,1,2,4,20,False,132,3,162,930,9.3,0
196,0,1,2,4,27,True,132,3,140,908,9.08,0
197,0,1,2,4,29,False,169,3,112,880,8.8,0
198,0,1,2,4,22,True,169,3,93,861,8.61,0
199,0,1,2,4,31,False,130,5,14,1294,12.94,0
200,0,1,2,4,13,True,130,4,251,1275,12.75,0
201,0,1,2,4,16,False,211,3,43,811,8.11,0
202,0,1,2,4,20,True,211,3,24,792,7.92,0
203,0,1,2,4,5,False,239,1,115,371,3.71,0
204,0,1,2,4,18,True,239,1,96,352,3.52,0
205,0,1,2,4,24,False,140,5,7,1287,12.87,0
206,0,1,2,4,21,True,140,4,243,1267,12.67,0
207,0,1,2,4,20,False,186,2,176,688,6.88,0
208,0,1,2,4,27,True,186,2,154,666,6.66,0
209,0,1,2,4,28,False,89,0,198,198,1.98,0
210,0,1,2,4,29,False,84,2,164,676,6.76,0
211,0,1,2,4,30,True,84,2,146,658,6.58,0
212,0,1,3,4,0,False,82,6,199,1735,17.35,0
213,0,1,3,4,3,True,82,6,174,1710,17.1,0
214,0,1,3,4,12,False,154,1,183,439,4.39,0
215,0,1,3,4,17,True,154,1,163,419,4.19,0
216,0,1,2,4,5,False,136,1,152,408,4.08,0
217,0,1,2,4,18,True,136,1,133,389,3.89,0
218,0,1,3,4,1,False,14,4,12,1036,10.36,0
219,0,1,3,4,7,True,14,3,244,1012,10.12,0
220,0,1,3,4,29,False,108,5,130,1410,14.1,0
221,0,1,3,4,8,True,108,5,110,1390,13.9,0
222,0,1,2,4,5,False,159,4,16,1040,10.4,0
223,0,1,2,4,33,True,159,3,254,1022,10.22,0
224,0,1,2,4,27,False,227,5,147,1427,14.27,0
225,0,1,2,4,31,True,227,5,128,1408,14.08,0
226,0,1,3,4,26,False,96,4,21,1045,10.45,0
227,0,1,3,4,25,False,96,6,179,1715,17.15,0
228,0,1,3,4,7,True,97,3,93,861,8.61,0
229,0,1,3,4,8,True,96,6,160,1696,16.96,0
230,0,1,2,4,14,False,139,2,31,543,5.43,0
231,0,1,2,4,15,True,139,2,8,520,5.2,0
232,0,1,2,4,25,False,215,3,238,1006,10.06,0
233,0,1,2,4,26,True,215,3,219,987,9.87,0
234,0,1,2,4,14,False,249,3,240,1008,10.08,0
235,0,1,2,4,21,True,249,3,218,986,9.86,0
236,0,1,2,4,22,False,212,2,219,731,7.31,0
237,0,1,2,4,23,False,214,2,56,568,5.68,0
238,0,1,2,4,17,True,214,2,36,548,5.48,0
239,0,1,2,4,19,True,212,2,199,711,7.11,0
240,0,1,0,4,28,False,96,4,251,1275,12.75,0
241,0,1,0,4,10,True,96,4,235,1259,12.59,0
242,0,1,2,4,15,False,111,2,35,547,5.47,0
243,0,1,2,4,12,True,111,2,14,526,5.26,0
244,0,1,2,4,17,False,208,2,7,519,5.19,0
245,0,1,2,4,6,True,208,1,241,497,4.97,0
246,0,1,2,4,29,False,89,0,237,237,2.37,0
247,0,1,2,4,6,True,89,0,220,220,2.2,0
248,0,1,2,4,2,False,47,2,146,658,6.58,0
249,0,1,2,4,21,True,47,2,126,638,6.38,0
250,0,1,2,4,2,False,37,1,228,484,4.84,0
251,0,1,2,4,30,True,37,1,206,462,4.62,0
252,0,1,2,4,29,False,15,2,231,743,7.43,0
253,0,1,2,4,29,True,15,2,214,726,7.26,0
254,0,1,2,4,31,False,191,1,166,422,4.22,0
255,0,1,2,4,32,False,192,2,103,615,6.15,0
256,0,1,2,4,19,True,192,2,83,595,5.95,0
257,0,1,2,4,20,True,191,1,145,401,4.01,0
258,0,1,2,4,23,False,242,2,240,752,7.52,0
259,0,1,2,4,16,True,242,2,220,732,7.32,0
260,0,1,2,4,5,False,86,2,198,710,7.1,0
261,0,1,2,4,26,True,86,2,180,692,6.92,0
262,0,1,2,4,22,False,95,3,174,942,9.42,0
263,0,1,2,4,23,False,94,4,118,1142,11.42,0
264,0,1,2,4,26,True,94,4,99,1123,11.23,0
265,0,1,2,4,16,False,4,1,139,395,3.95,0
266,0,1,2,4,22,True,4,1,121,377,3.77,0
267,0,1,2,4,4,False,48,0,109,109,1.09,0
268,0,1,2,4,30,True,48,0,93,93,0.93,0
269,0,1,2,4,32,False,247,3,101,869,8.69,0
270,0,1,2,4,22,True,247,3,80,848,8.48,0
271,0,1,2,4,25,False,251,2,141,653,6.53,0
272,0,1,2,4,26,True,251,2,121,633,6.33,0
273,0,1,2,4,23,False,22,2,23,535,5.35,0
274,0,1,2,4,14,True,22,2,4,516,5.16,0
275,0,1,2,4,29,False,42,1,183,439,4.39,0
276,0,1,2,4,30,True,42,1,164,420,4.2,0
277,0,1,2,4,21,False,227,3,242,1010,10.1,0
278,0,1,2,4,30,True,226,3,225,993,9.93,0
279,0,1,2,4,4,False,251,1,238,494,4.94,0
280,0,1,2,4,24,True,251,1,220,476,4.76,0
281,0,1,2,4,20,False,10,2,57,569,5.69,0
282,0,1,2,4,31,True,10,2,36,548,5.48,0
283,0,1,2,4,19,False,238,5,139,1419,14.19,0
284,0,1,2,4,24,True,237,5,121,1401,14.01,0
285,0,1,2,4,12,False,111,2,166,678,6.78,0
286,0,1,2,4,12,True,111,2,149,661,6.61,0
287,0,1,2,4,7,False,93,2,136,648,6.48,0
288,0,1,2,4,8,False,93,3,104,872,8.72,0
289,0,1,2,4,12,True,93,3,79,847,8.47,0
290,0,1,2,4,23,False,52,3,157,925,9.25,0
291,0,1,2,4,32,True,52,3,138,906,9.06,0
292,0,1,0,4,31,False,185,3,86,854,8.54,0
293,0,1,0,4,19,True,185,3,68,836,8.36,0
294,0,1,2,4,13,False,39,2,152,664,6.64,0
295,0,1,2,4,8,True,39,2,131,643,6.43,0
296,0,1,2,4,13,False,163,3,251,1019,10.19,0
297,0,1,2,4,12,True,163,3,229,997,9.97,0
298,0,1,1,4,32,False,21,2,106,618,6.18,0
299,0,1,1,4,9,True,21,2,91,603,6.03,0
300,0,1,2,4,4,False,20,4,28,1052,10.52,0
301,0,1,2,4,5,True,20,4,10,1034,10.34,0
302,0,1,2,4,22,False,189,4,108,1132,11.32,0
303,0,1,2,4,30,True,189,4,88,1112,11.12,0
304,0,1,0,4,21,False,0,4,41,1065,10.65,0
305,0,1,0,4,22,False,1,3,65,833,8.33,0
306,0,1,0,4,17,True,0,4,23,1047,10.47,0
307,0,1,2,4,13,False,167,2,162,674,6.74,0
308,0,1,2,4,6,True,167,2,140,652,6.52,0
309,0,1,3,4,26,False,154,4,138,1162,11.62,0
310,0,1,3,4,7,True,154,4,115,1139,11.39,0
311,0,1,2,4,5,False,184,2,184,696,6.96,0
312,0,1,2,4,6,False,183,2,146,658,6.58,0
313,0,1,2,4,14,True,183,2,173,685,6.85,0
314,0,1,2,4,20,False,112,2,236,748,7.48,0
315,0,1,2,4,4,True,112,2,216,728,7.28,0
316,0,1,2,4,20,False,108,3,157,925,9.25,0
317,0,1,2,4,10,True,108,3,135,903,9.03,0
318,0,1,2,4,32,False,96,3,144,912,9.12,0
319,0,1,2,4,33,False,96,2,253,765,7.65,0
320,0,1,2,4,27,True,96,3,122,890,8.9,0
321,0,1,2,4,28,True,96,2,232,744,7.44,0
322,0,1,2,4,32,False,148,2,177,689,6.89,0
323,0,1,2,4,33,False,151,3,22,790,7.9,0
324,0,1,2,4,11,True,148,3,24,792,7.92,0
325,0,1,2,4,17,False,253,4,64,1088,10.88,0
326,0,1,2,4,7,True,253,4,43,1067,10.67,0
327,0,1,2,4,19,False,233,3,58,826,8.26,0
328,0,1,2,4,4,True,233,3,40,808,8.08,0
329,0,1,2,4,3,False,151,4,21,1045,10.45,0
330,0,1,2,4,30,True,151,4,0,1024,10.24,0
331,0,1,1,4,29,False,192,0,223,223,2.23,0
332,0,1,1,4,16,True,192,0,204,204,2.04,0
333,0,1,2,4,8,False,217,0,168,168,1.68,0
334,0,1,2,4,14,True,217,0,145,145,1.45,0
335,0,1,2,4,4,False,191,3,177,945,9.45,0
336,0,1,2,4,31,True,191,3,160,928,9.28,0
337,0,1,2,4,18,False,152,2,50,562,5.62,0
338,0,1,2,4,14,True,152,2,31,543,5.43,0
339,0,1,2,4,16,False,161,5,108,1388,13.88,0
340,0,1,2,4,21,True,161,5,90,1370,13.7,0
341,0,1,2,4,17,False,182,1,195,451,4.51,0
342,0,1,2,4,16,True,182,1,171,427,4.27,0
343,0,1,2,4,23,False,161,3,99,867,8.67,0
344,0,1,2,4,16,True,161,3,79,847,8.47,0
345,0,1,2,4,15,False,212,2,11,523,5.23,0
346,0,1,2,4,11,True,212,1,245,501,5.01,0
347,0,1,2,4,30,False,125,1,194,450,4.5,0
348,0,1,2,4,14,True,125,1,176,432,4.32,0
349,0,1,2,4,14,False,249,4,92,1116,11.16,0
350,0,1,2,4,15,True,190,4,69,1093,10.93,0
351,0,1,2,4,22,False,15,3,104,872,8.72,0
352,0,1,2,4,26,True,15,3,84,852,8.52,0
353,0,1,2,4,30,False,23,4,57,1081,10.81,0
354,0,1,2,4,32,True,23,4,39,1063,10.63,0
355,0,1,2,4,28,False,35,3,110,878,8.78,0
356,0,1,2,4,30,True,35,3,91,859,8.59,0
357,0,1,1,4,12,False,70,3,134,902,9.02,0
358,0,1,1,4,9,True,70,3,116,884,8.84,0
359,0,1,2,4,26,False,120,4,67,1091,10.91,0
360,0,1,2,4,27,True,120,4,46,1070,10.7,0
361,0,1,2,4,12,False,168,4,42,1066,10.66,0
362,0,1,2,4,11,True,168,4,22,1046,10.46,0
363,0,1,2,4,33,False,77,2,60,572,5.72,0
364,0,1,2,4,26,True,77,2,39,551,5.51,0
365,0,1,2,4,33,False,110,1,146,402,4.02,0
366,0,1,2,4,26,True,110,1,124,380,3.8,0
367,0,1,2,4,27,False,99,5,106,1386,13.86,0
368,0,1,2,4,20,True,99,5,85,1365,13.65,0
369,0,1,0,4,33,False,235,2,121,633,6.33,0
370,0,1,0,4,10,True,235,2,104,616,6.16,0
371,0,1,0,4,30,False,51,4,135,1159,11.59,0
372,0,1,0,4,21,True,51,4,117,1141,11.41,0
373,0,-1,-1,-1,-1,True,-1,-1,-1,-1,-1.0,-1
0,1,-1,-1,-1,-1,True,-1,-1,-1,-1,-1.0,-1
1,1,-1,-1,-1,-1,True,-1,-1,-1,-1,-1.0,-1
2,1,-1,-1,-1,-1,True,-1,-1,-1,-1,-1.0,-1
3,1,-1,-1,-1,-1,True,-1,-1,-1,-1,-1.0,-1
4,1,1,2,4,25,False,28,1,178,434,4.34,0
5,1,1,2,4,26,False,26,3,53,821,8.21,0
6,1,1,2,4,27,False,29,2,225,737,7.37,0
7,1,1,2,4,32,True,29,2,206,718,7.18,0
8,1,1,2,4,33,True,26,3,33,801,8.01,0
9,1,1,2,4,22,False,94,2,190,702,7.02,0
10,1,1,2,4,7,True,94,2,170,682,6.82,0
11,1,1,2,4,17,False,200,4,76,1100,11.0,0
12,1,1,2,4,14,True,200,4,0,1024,10.24,0
13,1,1,2,4,15,True,200,4,54,1078,10.78,0
14,1,1,2,4,14,False,232,2,241,753,7.53,0
15,1,1,2,4,15,False,231,4,145,1169,11.69,0
16,1,1,2,4,22,True,231,4,124,1148,11.48,0
17,1,1,2,4,29,False,114,3,103,871,8.71,0
18,1,1,2,4,21,True,114,3,85,853,8.53,0
19,1,1,2,4,30,False,30,2,5,517,5.17,0
20,1,1,2,4,26,True,30,1,242,498,4.98,0
21,1,1,1,4,18,False,139,1,223,479,4.79,0
22,1,1,1,4,18,True,139,1,208,464,4.64,0
23,1,1,2,4,1,False,162,3,140,908,9.08,0
24,1,1,2,4,15,True,162,3,118,886,8.86,0
25,1,1,2,4,31,False,55,1,146,402,4.02,0
26,1,1,2,4,9,True,55,1,128,384,3.84,0
27,1,1,2,4,20,False,184,5,113,1393,13.93,0
28,1,1,2,4,20,True,184,5,95,1375,13.75,0
29,1,1,2,4,14,True,152,4,7,1031,10.31,0
30,1,1,2,4,29,False,152,6,34,1570,15.7,0
31,1,1,2,4,15,True,152,6,15,1551,15.51,0
32,1,1,2,4,27,False,71,3,27,795,7.95,0
33,1,1,2,4,25,True,71,3,8,776,7.76,0
34,1,1,2,4,19,False,176,2,70,582,5.82,0
35,1,1,2,4,27,True,176,2,52,564,5.64,0
36,1,1,2,4,14,False,115,2,72,584,5.84,0
37,1,1,2,4,32,True,115,2,51,563,5.63,0
38,1,1,2,4,22,False,21,2,48,560,5.6,0
39,1,1,2,4,17,True,25,1,116,372,3.72,0
40,1,1,2,4,18,True,21,2,27,539,5.39,0
41,1,1,2,4,20,False,238,1,253,509,5.09,0
42,1,1,2,4,32,True,238,1,232,488,4.88,0
43,1,1,2,4,16,False,184,3,109,877,8.77,0
44,1,1,2,4,25,True,183,3,93,861,8.61,0
45,1,1,2,4,17,False,30,1,20,276,2.76,0
46,1,1,2,4,29,True,30,0,254,254,2.54,0
47,1,1,2,4,15,False,44,2,213,725,7.25,0
48,1,1,2,4,27,True,44,2,191,703,7.03,0
49,1,1,3,4,1,False,225,5,48,1328,13.28,0
50,1,1,3,4,0,False,225,6,224,1760,17.6,0
51,1,1,3,4,8,True,225,5,26,1306,13.06,0
52,1,1,3,4,9,True,225,6,200,1736,17.36,0
53,1,1,2,4,22,False,226,1,166,422,4.22,0
54,1,1,2,4,24,False,220,2,231,743,7.43,0
55,1,1,2,4,33,True,220,2,211,723,7.23,0
56,1,1,2,4,16,False,31,3,85,853,8.53,0
57,1,1,2,4,30,True,31,3,66,834,8.34,0
58,1,1,2,4,16,False,159,2,231,743,7.43,0
59,1,1,2,4,3,True,159,2,213,725,7.25,0
60,1,1,2,4,18,False,198,1,173,429,4.29,0
61,1,1,2,4,8,True,198,1,154,410,4.1,0
62,1,1,2,4,3,False,172,3,28,796,7.96,0
63,1,1,2,4,32,True,172,3,8,776,7.76,0
64,1,1,2,4,16,False,195,3,117,885,8.85,0
65,1,1,2,4,25,True,195,3,101,869,8.69,0
66,1,1,3,4,21,False,146,3,174,942,9.42,0
67,1,1,3,4,3,True,146,3,153,921,9.21,0
68,1,1,0,4,30,False,198,3,112,880,8.8,0
69,1,1,0,4,24,True,198,3,95,863,8.63,0
70,1,1,2,4,20,False,82,6,140,1676,16.76,0
71,1,1,2,4,18,True,82,6,119,1655,16.55,0
72,1,1,2,4,15,True,230,1,247,503,5.03,0
73,1,1,2,4,18,False,227,5,109,1389,13.89,0
74,1,1,2,4,14,True,226,5,89,1369,13.69,0
75,1,1,2,4,11,False,227,4,212,1236,12.36,0
76,1,1,2,4,4,True,227,4,191,1215,12.15,0
77,1,1,2,4,1,False,180,2,130,642,6.42,0
78,1,1,2,4,27,True,179,2,107,619,6.19,0
79,1,1,2,4,31,False,231,3,155,923,9.23,0
80,1,1,2,4,11,True,230,3,136,904,9.04,0
81,1,1,2,4,0,False,176,5,211,1491,14.91,0
82,1,1,2,4,15,True,176,5,191,1471,14.71,0
83,1,1,2,4,33,False,32,2,130,642,6.42,0
84,1,1,2,4,24,True,32,2,108,620,6.2,0
85,1,1,2,4,0,False,74,4,214,1238,12.38,0
86,1,1,2,4,30,True,74,4,196,1220,12.2,0
87,1,1,3,4,5,False,73,1,31,287,2.87,0
88,1,1,3,4,6,False,71,3,128,896,8.96,0
89,1,1,3,4,3,True,71,3,107,875,8.75,0
90,1,1,2,4,10,False,230,3,61,829,8.29,0
91,1,1,2,4,12,True,230,3,39,807,8.07,0
92,1,1,2,4,14,False,119,4,109,1133,11.33,0
93,1,1,2,4,28,True,119,4,88,1112,11.12,0
94,1,1,0,4,33,False,253,2,82,594,5.94,0
95,1,1,0,4,10,True,253,2,64,576,5.76,0
96,1,1,2,4,25,False,252,1,217,473,4.73,0
97,1,1,2,4,18,True,252,1,197,453,4.53,0
98,1,1,2,4,14,False,140,2,139,651,6.51,0
99,1,1,2,4,28,True,140,2,117,629,6.29,0
100,1,1,2,4,23,False,128,2,231,743,7.43,0
101,1,1,2,4,15,True,128,2,212,724,7.24,0
102,1,1,2,4,33,False,233,7,145,1937,19.37,0
103,1,1,2,4,20,True,233,7,123,1915,19.15,0
104,1,1,2,4,17,False,180,2,81,593,5.93,0
105,1,1,2,4,14,True,180,2,59,571,5.71,0
106,1,1,0,4,33,False,175,4,103,1127,11.27,0
107,1,1,0,4,9,True,175,4,86,1110,11.1,0
108,1,1,2,4,2,False,240,2,119,631,6.31,0
109,1,1,2,4,21,True,240,2,98,610,6.1,0
110,1,1,2,4,0,False,237,6,0,1536,15.36,0
111,1,1,2,4,8,True,237,5,237,1517,15.17,0
112,1,1,2,4,16,False,76,3,116,884,8.84,0
113,1,1,2,4,21,True,76,3,96,864,8.64,0
114,1,1,2,4,0,False,180,3,244,1012,10.12,0
115,1,1,2,4,24,True,180,3,224,992,9.92,0
116,1,1,2,4,30,False,243,2,154,666,6.66,0
117,1,1,2,4,25,True,242,2,136,648,6.48,0
118,1,1,3,4,7,False,85,2,67,579,5.79,0
119,1,1,3,4,9,True,85,2,44,556,5.56,0
120,1,1,3,4,7,False,210,3,49,817,8.17,0
121,1,1,3,4,10,True,210,3,24,792,7.92,0
122,1,1,2,4,2,False,197,2,208,720,7.2,0
123,1,1,2,4,22,True,196,2,187,699,6.99,0
124,1,1,2,4,33,False,139,2,250,762,7.62,0
125,1,1,2,4,15,True,139,2,229,741,7.41,0
126,1,1,2,4,18,False,71,1,171,427,4.27,0
127,1,1,2,4,4,True,71,1,153,409,4.09,0
128,1,1,2,4,22,False,127,3,159,927,9.27,0
129,1,1,2,4,22,True,127,3,141,909,9.09,0
130,1,1,2,4,26,False,110,2,33,545,5.45,0
131,1,1,2,4,18,True,110,2,12,524,5.24,0
132,1,1,2,4,15,False,108,1,245,501,5.01,0
133,1,1,2,4,19,True,108,1,223,479,4.79,0
134,1,1,2,4,6,False,44,1,202,458,4.58,0
135,1,1,2,4,31,True,44,1,182,438,4.38,0
136,1,1,0,4,24,False,234,3,144,912,9.12,0
137,1,1,0,4,27,True,234,3,126,894,8.94,0
138,1,1,2,4,15,False,33,2,175,687,6.87,0
139,1,1,2,4,16,True,33,2,153,665,6.65,0
140,1,1,2,4,19,False,128,3,82,850,8.5,0
141,1,1,2,4,19,True,128,3,65,833,8.33,0
142,1,1,1,4,21,False,119,5,163,1443,14.43,0
143,1,1,1,4,20,True,119,5,144,1424,14.24,0
144,1,1,2,4,29,False,84,2,74,586,5.86,0
145,1,1,2,4,22,True,84,2,55,567,5.67,0
146,1,1,2,4,17,False,208,1,189,445,4.45,0
147,1,1,2,4,3,True,208,1,167,423,4.23,0
148,1,1,2,4,4,False,131,3,109,877,8.77,0
149,1,1,2,4,5,False,131,4,38,1062,10.62,0
150,1,1,2,4,23,True,131,4,19,1043,10.43,0
151,1,1,2,4,11,False,240,2,52,564,5.64,0
152,1,1,2,4,5,True,240,2,33,545,5.45,0
153,1,1,2,4,26,False,143,4,168,1192,11.92,0
154,1,1,2,4,31,True,143,4,147,1171,11.71,0
155,1,1,2,4,8,False,99,0,160,160,1.6,0
156,1,1,3,4,11,False,30,2,145,657,6.57,0
157,1,1,2,4,14,True,99,0,137,137,1.37,0
158,1,1,3,4,32,True,30,2,125,637,6.37,0
159,1,1,2,4,19,False,180,2,78,590,5.9,0
160,1,1,2,4,33,False,180,2,67,579,5.79,0
161,1,1,2,4,20,False,178,5,246,1526,15.26,0
162,1,1,2,4,3,True,179,2,47,559,5.59,0
163,1,1,2,4,32,True,180,2,60,572,5.72,0
164,1,1,2,4,33,True,178,5,225,1505,15.05,0
165,1,1,2,4,26,False,104,3,66,834,8.34,0
166,1,1,2,4,18,True,104,3,45,813,8.13,0
167,1,1,2,4,25,False,18,3,79,847,8.47,0
168,1,1,2,4,25,True,18,3,61,829,8.29,0
169,1,1,3,4,0,False,244,6,128,1664,16.64,0
170,1,1,3,4,30,True,243,6,105,1641,16.41,0
171,1,1,0,4,24,False,211,6,92,1628,16.28,0
172,1,1,0,4,15,True,210,6,76,1612,16.12,0
173,1,1,2,4,30,False,53,1,41,297,2.97,0
174,1,1,2,4,31,False,51,3,62,830,8.3,0
175,1,1,2,4,8,True,53,1,25,281,2.81,0
176,1,1,2,4,9,True,50,3,44,812,8.12,0
177,1,1,2,4,12,False,143,3,9,777,7.77,0
178,1,1,2,4,10,True,143,2,246,758,7.58,0
179,1,1,2,4,20,False,182,2,50,562,5.62,0
180,1,1,2,4,22,True,182,2,29,541,5.41,0
181,1,1,3,4,0,False,103,6,235,1771,17.71,0
182,1,1,3,4,18,True,103,6,211,1747,17.47,0
183,1,1,2,4,31,False,28,3,218,986,9.86,0
184,1,1,2,4,25,True,28,3,199,967,9.67,0
185,1,1,2,4,14,False,78,1,102,358,3.58,0
186,1,1,2,4,17,True,77,1,79,335,3.35,0
187,1,1,2,4,24,False,34,1,117,373,3.73,0
188,1,1,2,4,24,True,34,1,99,355,3.55,0
189,1,1,2,4,18,False,61,2,198,710,7.1,0
190,1,1,2,4,26,True,61,2,180,692,6.92,0
191,1,1,2,4,28,False,78,3,251,1019,10.19,0
192,1,1,2,4,29,True,78,3,233,1001,10.01,0
193,1,1,2,4,28,False,109,1,241,497,4.97,0
194,1,1,2,4,21,True,109,1,223,479,4.79,0
195,1,1,2,4,27,False,107,7,173,1965,19.65,0
196,1,1,2,4,22,True,107,7,154,1946,19.46,0
197,1,1,2,4,6,False,186,4,97,1121,11.21,0
198,1,1,2,4,18,True,186,4,77,1101,11.01,0
199,1,1,0,4,26,False,10,2,165,677,6.77,0
200,1,1,0,4,26,True,10,2,149,661,6.61,0
201,1,1,2,4,17,False,55,3,202,970,9.7,0
202,1,1,2,4,25,True,55,3,181,949,9.49,0
203,1,1,0,4,23,False,197,2,169,681,6.81,0
204,1,1,0,4,13,True,196,2,155,667,6.67,0
205,1,1,2,4,15,False,47,3,31,799,7.99,0
206,1,1,2,4,14,False,46,4,186,1210,12.1,0
207,1,1,2,4,21,True,46,4,164,1188,11.88,0
208,1,1,2,4,21,False,15,4,63,1087,10.87,0
209,1,1,2,4,4,True,15,4,47,1071,10.71,0
210,1,1,0,4,25,False,28,2,90,602,6.02,0
211,1,1,0,4,32,True,28,2,71,583,5.83,0
212,1,1,2,4,9,False,254,2,214,726,7.26,0
213,1,1,2,4,11,True,253,2,193,705,7.05,0
214,1,1,2,4,19,False,226,5,47,1327,13.27,0
215,1,1,2,4,24,True,226,5,29,1309,13.09,0
216,1,1,2,4,17,False,151,1,149,405,4.05,0
217,1,1,2,4,12,True,151,1,128,384,3.84,0
218,1,1,1,4,21,False,70,3,211,979,9.79,0
219,1,1,1,4,27,True,70,3,194,962,9.62,0
220,1,1,2,4,32,False,221,1,105,361,3.61,0
221,1,1,2,4,20,True,221,1,85,341,3.41,0
222,1,1,2,4,16,False,148,3,147,915,9.15,0
223,1,1,2,4,18,True,148,3,128,896,8.96,0
224,1,1,2,4,25,False,182,1,98,354,3.54,0
225,1,1,2,4,19,True,182,1,78,334,3.34,0
226,1,1,2,4,28,False,6,3,233,1001,10.01,0
227,1,1,2,4,28,True,6,3,218,986,9.86,0
228,1,1,2,4,27,False,235,2,225,737,7.37,0
229,1,1,2,4,24,True,235,2,205,717,7.17,0
230,1,1,0,4,31,False,57,4,235,1259,12.59,0
231,1,1,0,4,31,True,57,4,221,1245,12.45,0
232,1,1,3,4,10,True,98,3,157,925,9.25,0
233,1,1,3,4,31,False,96,6,34,1570,15.7,0
234,1,1,3,4,9,True,96,6,13,1549,15.49,0
235,1,1,2,4,25,False,133,2,8,520,5.2,0
236,1,1,2,4,20,True,133,1,244,500,5.0,0
237,1,1,1,4,13,False,142,5,150,1430,14.3,0
238,1,1,1,4,22,True,142,5,131,1411,14.11,0
239,1,1,2,4,24,False,122,2,73,585,5.85,0
240,1,1,2,4,10,True,122,2,53,565,5.65,0
241,1,1,2,4,1,False,193,1,106,362,3.62,0
242,1,1,2,4,24,True,193,1,83,339,3.39,0
243,1,1,2,4,18,False,60,1,68,324,3.24,0
244,1,1,2,4,19,False,55,4,63,1087,10.87,0
245,1,1,2,4,21,True,55,4,44,1068,10.68,0
246,1,1,2,4,31,False,255,2,33,545,5.45,0
247,1,1,2,4,24,True,255,2,14,526,5.26,0
248,1,1,2,4,0,False,218,4,189,1213,12.13,0
249,1,1,2,4,3,True,218,4,169,1193,11.93,0
250,1,1,2,4,24,False,152,3,138,906,9.06,0
251,1,1,2,4,26,False,151,3,5,773,7.73,0
252,1,1,2,4,9,True,151,2,243,755,7.55,0
253,1,1,2,4,11,True,152,3,118,886,8.86,0
254,1,1,2,4,15,False,57,1,118,374,3.74,0
255,1,1,2,4,8,True,57,1,98,354,3.54,0
256,1,1,2,4,15,False,32,2,158,670,6.7,0
257,1,1,2,4,17,True,32,2,136,648,6.48,0
258,1,1,2,4,24,False,206,6,14,1550,15.5,0
259,1,1,2,4,24,True,206,5,251,1531,15.31,0
260,1,1,0,4,20,False,146,4,141,1165,11.65,0
261,1,1,0,4,24,True,146,4,123,1147,11.47,0
262,1,1,2,4,26,False,50,2,176,688,6.88,0
263,1,1,2,4,18,True,50,2,155,667,6.67,0
264,1,1,3,4,18,False,90,5,59,1339,13.39,0
265,1,1,3,4,4,True,90,5,37,1317,13.17,0
266,1,1,2,4,29,True,190,1,44,300,3.0,0
267,1,1,2,4,19,False,190,3,56,824,8.24,0
268,1,1,2,4,30,True,191,3,25,793,7.93,0
269,1,1,0,0,0,False,0,0,0,0,0.0,0
270,1,1,0,2,4,False,123,0,0,0,0.0,0
271,1,1,0,4,30,False,76,4,114,1138,11.38,0
272,1,1,0,4,25,True,76,4,97,1121,11.21,0
273,1,1,2,4,29,False,122,2,87,599,5.99,0
274,1,1,2,4,21,True,122,2,67,579,5.79,0
275,1,1,2,4,32,False,227,1,179,435,4.35,0
276,1,1,2,4,17,True,227,1,159,415,4.15,0
277,1,1,2,4,14,False,156,2,162,674,6.74,0
278,1,1,2,4,30,True,156,2,140,652,6.52,0
279,1,1,2,4,24,False,151,2,234,746,7.46,0
280,1,1,2,4,23,True,151,2,212,724,7.24,0
281,1,1,2,4,18,False,223,3,23,791,7.91,0
282,1,1,2,4,31,True,223,3,4,772,7.72,0
283,1,1,2,4,28,False,167,5,54,1334,13.34,0
284,1,1,2,4,16,True,166,5,35,1315,13.15,0
285,1,1,3,4,3,False,47,4,100,1124,11.24,0
286,1,1,3,4,7,True,47,4,78,1102,11.02,0
287,1,1,2,4,23,False,209,5,54,1334,13.34,0
288,1,1,2,4,16,True,209,5,34,1314,13.14,0
289,1,1,2,4,6,False,227,5,52,1332,13.32,0
290,1,1,2,4,15,True,227,5,33,1313,13.13,0
291,1,1,2,4,31,False,8,2,170,682,6.82,0
292,1,1,2,4,5,True,8,2,152,664,6.64,0
293,1,1,2,4,20,False,42,2,94,606,6.06,0
294,1,1,2,4,25,True,41,2,73,585,5.85,0
295,1,1,2,4,30,False,0,3,58,826,8.26,0
296,1,1,2,4,29,True,0,3,40,808,8.08,0
297,1,1,2,4,17,False,139,1,176,432,4.32,0
298,1,1,2,4,18,False,138,5,90,1370,13.7,0
299,1,1,2,4,19,False,138,4,227,1251,12.51,0
300,1,1,2,4,23,True,138,4,206,1230,12.3,0
301,1,1,2,4,24,True,138,5,70,1350,13.5,0
302,1,1,2,4,27,False,99,3,234,1002,10.02,0
303,1,1,2,4,26,True,99,3,214,982,9.82,0
304,1,1,2,4,2,False,12,2,111,623,6.23,0
305,1,1,2,4,27,True,12,2,90,602,6.02,0
306,1,1,0,4,19,False,89,2,208,720,7.2,0
307,1,1,0,4,20,True,89,2,191,703,7.03,0
308,1,1,2,4,15,False,66,1,147,403,4.03,0
309,1,1,2,4,27,True,66,1,125,381,3.81,0
310,1,1,2,4,15,True,132,1,84,340,3.4,0
311,1,1,2,4,0,False,128,4,155,1179,11.79,0
312,1,1,2,4,14,True,128,4,135,1159,11.59,0
313,1,1,2,4,4,False,200,3,154,922,9.22,0
314,1,1,2,4,13,True,200,3,135,903,9.03,0
315,1,1,2,4,20,False,93,8,240,2288,22.88,0
316,1,1,2,4,18,True,92,8,218,2266,22.66,0
317,1,1,1,4,25,False,82,3,116,884,8.84,0
318,1,1,1,4,23,True,82,3,96,864,8.64,0
319,1,1,1,4,33,False,249,3,118,886,8.86,0
320,1,1,1,4,27,True,249,3,85,853,8.53,0
321,1,1,1,4,28,True,250,3,88,856,8.56,0
322,1,1,2,4,23,False,246,3,87,855,8.55,0
323,1,1,2,4,26,True,246,3,68,836,8.36,0
324,1,1,2,4,5,False,214,1,26,282,2.82,0
325,1,1,2,5,22,True,1,10,4,2564,25.64,4
326,1,1,2,2,4,False,170,0,0,0,0.0,0
327,1,1,2,4,25,True,210,4,153,1177,11.77,0
328,1,1,2,4,9,False,174,2,155,667,6.67,0
329,1,1,2,4,11,True,174,2,134,646,6.46,0
330,1,1,2,4,29,False,106,3,234,1002,10.02,0
331,1,1,2,4,30,False,107,3,134,902,9.02,0
332,1,1,2,4,29,True,106,3,217,985,9.85,0
333,1,1,2,4,3,False,114,5,179,1459,14.59,0
334,1,1,2,4,29,True,114,5,158,1438,14.38,0
335,1,1,2,4,22,False,10,3,77,845,8.45,0
336,1,1,2,4,11,True,10,3,57,825,8.25,0
337,1,1,2,4,26,False,126,4,69,1093,10.93,0
338,1,1,2,4,17,True,126,4,49,1073,10.73,0
339,1,1,2,4,15,False,99,3,51,819,8.19,0
340,1,1,2,4,19,True,99,3,29,797,7.97,0
341,1,1,2,4,30,False,240,3,145,913,9.13,0
342,1,1,2,4,24,True,240,3,127,895,8.95,0
343,1,1,2,4,28,False,79,1,168,424,4.24,0
344,1,1,2,4,10,True,79,1,151,407,4.07,0
345,1,1,1,4,21,False,82,4,183,1207,12.07,0
346,1,1,1,4,8,True,81,4,166,1190,11.9,0
347,1,1,0,4,30,False,254,3,241,1009,10.09,0
348,1,1,0,4,31,True,254,3,222,990,9.9,0
349,1,1,2,4,27,False,228,4,81,1105,11.05,0
350,1,1,2,4,28,False,227,5,121,1401,14.01,0
351,1,1,2,4,31,True,228,4,61,1085,10.85,0
352,1,1,2,4,32,True,227,5,102,1382,13.82,0
353,1,1,2,4,18,False,164,1,79,335,3.35,0
354,1,1,2,4,16,True,164,1,58,314,3.14,0
355,1,1,3,4,33,False,73,3,241,1009,10.09,0
356,1,1,3,4,22,True,72,3,219,987,9.87,0
357,1,1,2,4,26,True,41,0,218,218,2.18,0
358,1,1,2,4,15,False,36,3,153,921,9.21,0
359,1,1,2,4,27,True,36,3,131,899,8.99,0
360,1,1,2,4,24,False,108,1,88,344,3.44,0
361,1,1,2,4,9,True,108,1,69,325,3.25,0
362,1,1,2,4,24,False,31,1,154,410,4.1,0
363,1,1,2,4,15,True,31,1,135,391,3.91,0
364,1,1,0,4,32,False,15,4,140,1164,11.64,0
365,1,1,0,4,21,True,15,4,122,1146,11.46,0
366,1,1,2,4,18,False,211,3,30,798,7.98,0
367,1,1,2,4,16,True,211,3,8,776,7.76,0
368,1,1,2,4,22,True,212,1,160,416,4.16,0
369,1,1,2,4,14,False,210,4,166,1190,11.9,0
370,1,1,2,4,21,True,210,4,143,1167,11.67,0
371,1,1,2,4,18,False,138,2,190,702,7.02,0
372,1,1,2,4,15,True,138,2,170,682,6.82,0
373,1,1,2,4,18,False,82,1,228,484,4.84,0
374,1,1,2,4,23,True,82,1,207,463,4.63,0
375,1,1,2,4,16,False,131,1,250,506,5.06,0
376,1,-1,-1,-1,-1,True,-1,-1,-1,-1,-1.0,-1
0,2,-1,-1,-1,-1,True,-1,-1,-1,-1,-1.0,-1
1,2,-1,-1,-1,-1,True,-1,-1,-1,-1,-1.0,-1
2,2,-1,-1,-1,-1,True,-1,-1,-1,-1,-1.0,-1
3,2,-1,-1,-1,-1,True,-1,-1,-1,-1,-1.0,-1
4,2,-1,-1,-1,-1,True,-1,-1,-1,-1,-1.0,-1
5,2,1,2,4,14,False,41,1,60,316,3.16,0
6,2,1,2,4,13,False,33,4,169,1193,11.93,0
7,2,1,2,4,16,False,35,2,134,646,6.46,0
8,2,1,2,4,12,True,33,4,147,1171,11.71,0
9,2,1,2,4,8,False,242,2,71,583,5.83,0
10,2,1,2,4,12,True,242,2,47,559,5.59,0
11,2,1,2,4,16,False,222,3,235,1003,10.03,0
12,2,1,2,4,32,True,221,3,217,985,9.85,0
13,2,1,3,4,29,False,159,3,84,852,8.52,0
14,2,1,3,4,6,True,159,3,63,831,8.31,0
15,2,1,0,4,20,False,89,4,8,1032,10.32,0
16,2,1,0,4,21,False,89,2,171,683,6.83,0
17,2,1,0,4,26,True,89,3,250,1018,10.18,0
18,2,1,2,4,17,False,21,3,33,801,8.01,0
19,2,1,2,4,6,True,21,3,10,778,7.78,0
20,2,1,2,4,4,False,23,2,74,586,5.86,0
21,2,1,2,4,32,True,23,2,56,568,5.68,0
22,2,1,2,4,6,False,192,5,108,1388,13.88,0
23,2,1,2,4,24,True,192,5,89,1369,13.69,0
24,2,1,0,4,20,False,84,2,188,700,7.0,0
25,2,1,0,4,18,True,84,2,169,681,6.81,0
26,2,1,2,4,26,False,29,3,70,838,8.38,0
27,2,1,2,4,15,True,29,3,51,819,8.19,0
28,2,1,2,4,1,False,110,5,56,1336,13.36,0
29,2,1,2,4,5,True,110,5,33,1313,13.13,0
30,2,1,2,4,19,False,87,3,47,815,8.15,0
31,2,1,2,4,5,True,87,3,28,796,7.96,0
32,2,1,3,4,6,False,45,6,98,1634,16.34,0
33,2,1,3,4,3,True,45,6,77,1613,16.13,0
34,2,1,2,4,22,False,182,0,246,246,2.46,0
35,2,1,2,4,21,False,178,4,89,1113,11.13,0
36,2,1,2,4,11,True,178,4,72,1096,10.96,0
37,2,1,2,4,12,True,181,1,80,336,3.36,0
38,2,1,2,4,27,False,42,1,246,502,5.02,0
39,2,1,2,4,28,True,42,1,226,482,4.82,0
40,2,1,2,4,31,False,85,2,31,543,5.43,0
41,2,1,2,4,18,True,85,2,11,523,5.23,0
42,2,1,2,4,19,False,221,2,235,747,7.47,0
43,2,1,2,4,32,True,221,2,217,729,7.29,0
44,2,1,2,4,16,False,202,5,63,1343,13.43,0
45,2,1,2,4,21,True,202,5,43,1323,13.23,0
46,2,1,1,4,18,False,218,3,200,968,9.68,0
47,2,1,1,4,17,True,218,3,183,951,9.51,0
48,2,1,2,5,10,True,5,11,4,2820,28.2,19
49,2,1,2,4,4,False,170,4,152,1176,11.76,0
50,2,1,2,4,4,False,145,13,61,3389,33.89,0
51,2,1,0,4,24,False,16,2,138,650,6.5,0
52,2,1,0,4,21,False,192,2,118,630,6.3,0
53,2,1,0,4,14,False,17,1,16,272,2.72,0
54,2,1,2,4,27,True,1,1,73,329,3.29,0
55,2,1,2,4,28,True,7,0,148,148,1.48,0
56,2,1,2,4,31,False,224,4,124,1148,11.48,0
57,2,1,2,4,29,True,224,4,102,1126,11.26,0
58,2,1,0,4,0,False,8,6,30,1566,15.66,0
59,2,1,0,4,11,True,8,6,12,1548,15.48,0
60,2,1,2,4,5,False,88,3,9,777,7.77,0
61,2,1,2,4,23,True,88,2,244,756,7.56,0
62,2,1,2,4,28,False,182,1,191,447,4.47,0
63,2,1,2,4,33,True,182,1,174,430,4.3,0
64,2,1,2,4,14,False,126,1,73,329,3.29,0
65,2,1,2,4,26,True,125,1,52,308,3.08,0
66,2,1,0,4,29,False,85,3,203,971,9.71,0
67,2,1,0,4,25,True,85,3,186,954,9.54,0
68,2,1,2,4,17,False,117,2,223,735,7.35,0
69,2,1,2,4,21,True,117,2,201,713,7.13,0
70,2,1,2,4,17,False,245,4,200,1224,12.24,0
71,2,1,2,4,12,True,245,4,179,1203,12.03,0
72,2,1,2,4,16,False,186,1,101,357,3.57,0
73,2,1,2,4,20,True,186,1,82,338,3.38,0
74,2,1,2,4,16,False,150,2,146,658,6.58,0
75,2,1,2,4,26,True,150,2,128,640,6.4,0
76,2,1,2,4,15,False,26,0,238,238,2.38,0
77,2,1,2,4,16,False,21,2,190,702,7.02,0
78,2,1,2,4,12,True,21,2,172,684,6.84,0
79,2,1,2,4,5,False,108,3,93,861,8.61,0
80,2,1,2,4,31,True,108,3,74,842,8.42,0
81,2,1,2,4,19,False,59,1,128,384,3.84,0
82,2,1,2,4,23,True,59,1,108,364,3.64,0
83,2,1,2,4,23,False,13,3,152,920,9.2,0
84,2,1,2,4,17,True,13,3,133,901,9.01,0
85,2,1,2,4,20,False,55,2,200,712,7.12,0
86,2,1,2,4,22,True,55,2,178,690,6.9,0
87,2,1,2,4,15,False,244,1,190,446,4.46,0
88,2,1,2,4,33,True,244,1,169,425,4.25,0
89,2,1,1,4,1,False,138,3,121,889,8.89,0
90,2,1,1,4,2,False,138,3,58,826,8.26,0
91,2,1,1,4,30,True,138,3,110,878,8.78,0
92,2,1,2,4,24,False,64,2,22,534,5.34,0
93,2,1,2,4,22,True,64,2,1,513,5.13,0
94,2,1,2,4,26,False,4,2,163,675,6.75,0
95,2,1,2,4,33,True,4,2,143,655,6.55,0
96,2,1,2,4,21,False,154,1,196,452,4.52,0
97,2,1,2,4,11,True,154,1,178,434,4.34,0
98,2,1,2,4,20,False,227,4,36,1060,10.6,0
99,2,1,2,4,21,True,227,4,15,1039,10.39,0
100,2,1,2,4,14,False,185,4,84,1108,11.08,0
101,2,1,2,4,26,True,185,4,62,1086,10.86,0
102,2,1,2,4,11,False,247,3,218,986,9.86,0
103,2,1,2,4,14,True,247,3,198,966,9.66,0
104,2,1,2,4,21,False,8,3,9,777,7.77,0
105,2,1,2,4,9,True,8,2,249,761,7.61,0
106,2,1,2,4,25,False,247,0,187,187,1.87,0
107,2,1,2,4,26,True,247,0,168,168,1.68,0
108,2,1,2,2,55,True,0,0,0,0,0.0,0
109,2,1,2,0,0,False,0,0,0,0,0.0,0
110,2,1,2,4,21,False,199,4,46,1070,10.7,0
111,2,1,2,4,8,True,199,4,30,1054,10.54,0
112,2,1,2,4,18,False,145,3,109,877,8.77,0
113,2,1,2,4,19,False,151,2,52,564,5.64,0
114,2,1,2,4,20,False,147,2,112,624,6.24,0
115,2,1,2,4,23,True,145,3,88,856,8.56,0
116,2,1,2,4,24,True,151,2,33,545,5.45,0
117,2,1,2,4,27,True,147,2,89,601,6.01,0
118,2,1,2,4,32,True,188,0,206,206,2.06,0
119,2,1,2,4,24,False,183,4,138,1162,11.62,0
120,2,1,2,4,31,True,183,4,118,1142,11.42,0
121,2,1,2,4,19,False,160,3,123,891,8.91,0
122,2,1,2,4,23,True,160,3,102,870,8.7,0
123,2,1,0,4,33,False,3,5,58,1338,13.38,0
124,2,1,0,4,31,True,3,5,40,1320,13.2,0
125,2,1,2,4,15,False,178,3,43,811,8.11,0
126,2,1,2,4,16,True,178,3,20,788,7.88,0
127,2,1,2,4,23,False,38,3,50,818,8.18,0
128,2,1,2,4,30,True,38,3,31,799,7.99,0
129,2,1,2,4,21,False,255,1,69,325,3.25,0
130,2,1,2,4,25,True,255,1,52,308,3.08,0
131,2,1,2,4,22,False,167,2,8,520,5.2,0
132,2,1,2,4,7,True,167,1,245,501,5.01,0
133,2,1,0,4,0,False,251,8,55,2103,21.03,0
134,2,1,0,4,8,True,251,8,36,2084,20.84,0
135,2,1,2,4,20,False,220,3,108,876,8.76,0
136,2,1,2,4,24,True,220,3,87,855,8.55,0
137,2,1,2,4,19,True,153,3,207,975,9.75,0
138,2,1,2,4,0,False,153,5,200,1480,14.8,0
139,2,1,2,4,20,True,153,5,181,1461,14.61,0
140,2,1,2,4,19,False,109,2,131,643,6.43,0
141,2,1,2,4,27,True,108,2,112,624,6.24,0
142,2,1,2,4,24,False,98,1,52,308,3.08,0
143,2,1,2,4,22,True,98,1,31,287,2.87,0
144,2,1,0,4,30,False,35,3,65,833,8.33,0
145,2,1,0,4,16,True,35,3,47,815,8.15,0
146,2,1,2,4,18,False,190,4,100,1124,11.24,0
147,2,1,2,4,23,True,190,4,79,1103,11.03,0
148,2,1,2,4,20,False,163,2,87,599,5.99,0
149,2,1,2,4,25,True,162,2,66,578,5.78,0
150,2,1,2,4,29,False,149,3,132,900,9.0,0
151,2,1,2,4,8,True,149,3,114,882,8.82,0
152,2,1,2,4,20,False,155,2,217,729,7.29,0
153,2,1,2,4,21,True,155,2,196,708,7.08,0
154,2,1,2,4,17,False,43,0,238,238,2.38,0
155,2,1,2,4,24,True,43,0,216,216,2.16,0
156,2,1,2,4,19,False,83,1,130,386,3.86,0
157,2,1,2,4,22,False,77,4,1,1025,10.25,0
158,2,1,2,4,27,True,83,1,110,366,3.66,0
159,2,1,2,4,28,True,77,3,237,1005,10.05,0
160,2,1,2,4,7,False,13,1,79,335,3.35,0
161,2,1,2,4,13,True,13,1,60,316,3.16,0
162,2,1,2,4,27,False,119,2,49,561,5.61,0
163,2,1,2,4,26,True,119,2,30,542,5.42,0
164,2,1,0,4,33,False,204,3,0,768,7.68,0
165,2,1,0,4,12,True,204,2,238,750,7.5,0
166,2,1,2,4,29,False,212,0,100,100,1.0,0
167,2,1,2,4,3,True,211,0,83,83,0.83,0
168,2,1,2,4,17,False,98,1,140,396,3.96,0
169,2,1,2,4,29,True,98,1,116,372,3.72,0
170,2,1,2,4,28,False,247,4,197,1221,12.21,0
171,2,1,2,4,12,True,247,4,178,1202,12.02,0
172,2,1,2,4,18,False,245,3,221,989,9.89,0
173,2,1,2,4,24,True,245,3,202,970,9.7,0
174,2,1,0,4,33,False,208,7,19,1811,18.11,0
175,2,1,0,4,20,True,207,7,1,1793,17.93,0
176,2,1,2,4,30,True,143,3,6,774,7.74,0
177,2,1,2,4,2,False,143,6,154,1690,16.9,0
178,2,1,2,4,31,True,143,6,131,1667,16.67,0
179,2,1,2,4,4,False,208,2,47,559,5.59,0
180,2,1,2,4,5,False,208,2,3,515,5.15,0
181,2,1,2,4,33,True,207,2,34,546,5.46,0
182,2,1,2,4,27,False,66,1,138,394,3.94,0
183,2,1,2,4,3,True,66,1,120,376,3.76,0
184,2,1,2,4,18,False,207,3,229,997,9.97,0
185,2,1,2,4,16,True,207,3,207,975,9.75,0
186,2,1,0,4,1,False,136,1,27,283,2.83,0
187,2,1,0,4,3,True,136,1,7,263,2.63,0
188,2,1,2,4,14,False,32,1,159,415,4.15,0
189,2,1,2,4,17,True,32,1,136,392,3.92,0
190,2,1,2,4,1,False,32,4,43,1067,10.67,0
191,2,1,2,4,20,True,32,4,20,1044,10.44,0
192,2,1,3,4,19,False,38,3,105,873,8.73,0
193,2,1,3,4,31,True,226,3,86,854,8.54,0
194,2,1,2,4,21,False,205,2,98,610,6.1,0
195,2,1,2,4,21,True,205,2,83,595,5.95,0
196,2,1,2,4,2,False,13,3,98,866,8.66,0
197,2,1,2,4,22,True,13,3,77,845,8.45,0
198,2,1,2,4,19,False,113,2,87,599,5.99,0
199,2,1,2,4,28,True,113,2,68,580,5.8,0
200,2,1,2,4,4,False,246,5,179,1459,14.59,0
201,2,1,2,4,28,True,246,5,161,1441,14.41,0
202,2,1,0,4,24,False,72,3,141,909,9.09,0
203,2,1,0,4,32,True,72,3,125,893,8.93,0
204,2,1,2,4,6,False,56,3,113,881,8.81,0
205,2,1,2,4,33,True,55,3,94,862,8.62,0
206,2,1,2,4,19,False,234,3,4,772,7.72,0
207,2,1,2,4,20,False,234,4,59,1083,10.83,0
208,2,1,2,4,21,False,234,2,196,708,7.08,0
209,2,1,2,4,22,False,235,2,177,689,6.89,0
210,2,1,2,4,10,True,234,2,240,752,7.52,0
211,2,1,2,4,12,True,234,4,37,1061,10.61,0
212,2,1,2,4,13,True,235,2,157,669,6.69,0
213,2,1,2,4,17,False,130,3,115,883,8.83,0
214,2,1,2,4,16,True,130,3,92,860,8.6,0
215,2,1,0,4,31,False,253,5,158,1438,14.38,0
216,2,1,0,4,11,True,253,5,142,1422,14.22,0
217,2,1,3,4,19,False,49,1,182,438,4.38,0
218,2,1,3,4,19,True,49,1,162,418,4.18,0
219,2,1,2,4,16,False,249,1,168,424,4.24,0
220,2,1,2,4,22,True,249,1,150,406,4.06,0
221,2,1,2,4,18,False,0,0,209,209,2.09,0
222,2,1,2,4,33,True,0,0,190,190,1.9,0
223,2,1,1,4,3,False,227,3,174,942,9.42,0
224,2,1,1,4,7,True,227,3,155,923,9.23,0
225,2,1,2,4,29,False,181,2,116,628,6.28,0
226,2,1,2,4,13,True,181,2,97,609,6.09,0
227,2,1,0,4,27,False,68,3,115,883,8.83,0
228,2,1,0,4,20,True,68,3,97,865,8.65,0
229,2,1,1,4,18,False,111,5,208,1488,14.88,0
230,2,1,1,4,30,True,111,5,191,1471,14.71,0
231,2,1,0,4,23,False,228,3,124,892,8.92,0
232,2,1,0,4,19,True,228,3,107,875,8.75,0
233,2,1,2,4,17,False,35,4,62,1086,10.86,0
234,2,1,2,4,10,True,35,4,40,1064,10.64,0
235,2,1,2,4,25,False,6,1,83,339,3.39,0
236,2,1,2,4,30,True,6,1,63,319,3.19,0
237,2,1,0,4,26,False,170,3,245,1013,10.13,0
238,2,1,0,4,23,True,169,3,225,993,9.93,0
239,2,1,2,4,29,False,140,4,13,1037,10.37,0
240,2,1,2,4,27,True,140,3,249,1017,10.17,0
241,2,1,0,4,32,False,109,2,86,598,5.98,0
242,2,1,0,4,33,True,109,2,67,579,5.79,0
243,2,1,3,4,30,False,254,1,3,259,2.59,0
244,2,1,3,4,3,True,254,0,240,240,2.4,0
245,2,1,2,4,28,False,44,1,196,452,4.52,0
246,2,1,2,4,4,True,44,1,179,435,4.35,0
247,2,1,2,4,33,False,88,3,148,916,9.16,0
248,2,1,2,4,32,False,86,6,0,1536,15.36,0
249,2,1,2,4,13,True,86,5,235,1515,15.15,0
250,2,1,2,4,14,True,88,3,127,895,8.95,0
251,2,1,2,4,23,False,28,2,181,693,6.93,0
252,2,1,2,4,23,True,28,2,163,675,6.75,0
253,2,1,2,4,17,False,176,0,120,120,1.2,0
254,2,1,2,4,18,False,173,2,223,735,7.35,0
255,2,1,2,4,3,True,173,2,204,716,7.16,0
256,2,1,2,4,17,False,88,3,85,853,8.53,0
257,2,1,2,4,18,False,91,2,165,677,6.77,0
258,2,1,2,4,19,True,88,3,63,831,8.31,0
259,2,1,2,4,2,False,244,2,51,563,5.63,0
260,2,1,2,4,24,True,244,2,31,543,5.43,0
261,2,1,2,4,4,False,8,2,157,669,6.69,0
262,2,1,2,4,21,True,8,2,139,651,6.51,0
263,2,1,2,4,22,False,73,2,74,586,5.86,0
264,2,1,2,4,31,True,73,2,53,565,5.65,0
265,2,1,1,4,25,False,127,5,77,1357,13.57,0
266,2,1,1,4,3,True,127,5,58,1338,13.38,0
267,2,1,2,4,16,False,252,2,242,754,7.54,0
268,2,1,2,4,26,True,252,2,224,736,7.36,0
269,2,1,2,4,14,False,51,3,137,905,9.05,0
270,2,1,2,4,29,True,51,3,114,882,8.82,0
271,2,1,2,4,30,False,217,3,119,887,8.87,0
272,2,1,2,4,30,True,217,3,102,870,8.7,0
273,2,1,3,4,1,False,73,2,212,724,7.24,0
274,2,1,3,4,7,True,73,2,187,699,6.99,0
275,2,1,2,4,0,False,141,4,223,1247,12.47,0
276,2,1,2,4,19,True,141,4,202,1226,12.26,0
277,2,1,2,4,6,False,80,3,231,999,9.99,0
278,2,1,2,4,31,True,80,3,211,979,9.79,0
279,2,1,2,4,3,False,215,1,207,463,4.63,0
280,2,1,2,4,5,True,215,1,186,442,4.42,0
281,2,1,2,4,25,False,188,2,130,642,6.42,0
282,2,1,2,4,26,True,188,2,110,622,6.22,0
283,2,1,2,4,24,False,188,5,158,1438,14.38,0
284,2,1,2,4,27,True,192,1,141,397,3.97,0
285,2,1,2,4,28,True,188,5,138,1418,14.18,0
286,2,1,2,4,18,False,79,2,97,609,6.09,0
287,2,1,2,4,33,True,79,2,78,590,5.9,0
288,2,1,2,4,5,False,178,2,187,699,6.99,0
289,2,1,2,4,4,False,178,6,50,1586,15.86,0
290,2,1,2,4,20,True,177,6,32,1568,15.68,0
291,2,1,3,4,29,False,58,4,129,1153,11.53,0
292,2,1,3,4,30,False,58,6,0,1536,15.36,0
293,2,1,3,4,18,True,58,5,236,1516,15.16,0
294,2,1,3,4,20,True,58,4,108,1132,11.32,0
295,2,1,2,4,29,False,57,3,124,892,8.92,0
296,2,1,2,4,33,True,57,3,104,872,8.72,0
297,2,1,2,4,30,True,8,0,70,70,0.7,0
298,2,1,2,4,6,False,4,3,91,859,8.59,0
299,2,1,2,4,31,True,4,3,71,839,8.39,0
300,2,1,0,4,33,False,103,4,132,1156,11.56,0
301,2,1,0,4,24,True,103,4,115,1139,11.39,0
302,2,1,2,4,30,False,162,2,176,688,6.88,0
303,2,1,2,4,27,True,162,2,157,669,6.69,0
304,2,1,2,4,25,False,150,3,151,919,9.19,0
305,2,1,2,4,18,True,150,3,131,899,8.99,0
306,2,1,2,4,21,False,187,5,210,1490,14.9,0
307,2,1,2,4,18,True,186,5,192,1472,14.72,0
308,2,1,2,4,29,False,92,3,209,977,9.77,0
309,2,1,2,4,22,True,92,3,190,958,9.58,0
310,2,1,2,4,15,False,105,2,56,568,5.68,0
311,2,1,2,4,5,True,105,2,36,548,5.48,0
312,2,1,2,4,14,False,36,3,81,849,8.49,0
313,2,1,2,4,32,True,36,3,60,828,8.28,0
314,2,1,2,4,16,False,42,2,158,670,6.7,0
315,2,1,2,4,20,True,42,2,138,650,6.5,0
316,2,1,0,0,0,False,0,0,0,0,0.0,0
317,2,1,0,7,4,False,115,4,33,1057,10.57,8127231
318,2,1,0,4,16,True,255,2,105,617,6.17,0
319,2,1,2,4,32,False,163,3,124,892,8.92,0
320,2,1,2,4,13,True,163,3,103,871,8.71,0
321,2,1,2,4,32,False,0,5,83,1363,13.63,0
322,2,1,2,4,30,True,255,5,61,1341,13.41,0
323,2,1,2,4,3,False,9,5,227,1507,15.07,0
324,2,1,2,4,29,True,8,5,206,1486,14.86,0
325,2,1,2,4,6,False,227,1,199,455,4.55,0
326,2,1,2,4,30,True,227,1,180,436,4.36,0
327,2,1,2,4,19,False,64,5,68,1348,13.48,0
328,2,1,2,4,9,True,64,5,50,1330,13.3,0
329,2,1,2,4,10,False,79,2,108,620,6.2,0
330,2,1,2,4,6,True,78,2,87,599,5.99,0
331,2,1,2,4,17,False,70,6,8,1544,15.44,0
332,2,1,2,4,32,True,70,5,244,1524,15.24,0
333,2,1,2,4,29,False,160,5,46,1326,13.26,0
334,2,1,2,4,12,True,160,5,27,1307,13.07,0
335,2,1,2,4,3,False,9,2,85,597,5.97,0
336,2,1,2,4,23,True,172,2,62,574,5.74,0
337,2,1,1,3,63,False,5,10,0,2560,25.6,0
338,2,1,1,4,26,False,243,2,185,697,6.97,0
339,2,1,1,4,14,True,243,2,167,679,6.79,0
340,2,1,2,4,20,False,56,2,54,566,5.66,0
341,2,1,2,4,14,True,56,2,33,545,5.45,0
342,2,1,2,4,12,False,180,2,195,707,7.07,0
343,2,1,2,4,9,True,180,2,177,689,6.89,0
344,2,1,2,4,8,False,144,2,131,643,6.43,0
345,2,1,2,4,14,True,144,2,108,620,6.2,0
346,2,1,2,4,33,False,38,2,120,632,6.32,0
347,2,1,2,4,10,True,38,2,99,611,6.11,0
348,2,1,3,4,30,False,185,8,203,2251,22.51,0
349,2,1,3,4,9,True,185,8,184,2232,22.32,0
350,2,1,2,4,25,False,69,3,104,872,8.72,0
351,2,1,2,4,13,True,69,3,84,852,8.52,0
352,2,1,2,4,22,False,66,2,122,634,6.34,0
353,2,1,2,4,16,True,66,2,100,612,6.12,0
354,2,1,2,4,5,False,36,4,139,1163,11.63,0
355,2,1,2,4,26,True,36,4,122,1146,11.46,0
356,2,1,2,4,17,False,48,1,10,266,2.66,0
357,2,1,2,4,23,True,48,0,242,242,2.42,0
358,2,1,3,4,2,False,110,3,87,855,8.55,0
359,2,1,3,4,32,True,110,3,67,835,8.35,0
360,2,1,2,4,9,False,199,2,204,716,7.16,0
361,2,1,2,4,9,True,199,2,187,699,6.99,0
362,2,1,3,4,29,False,30,5,53,1333,13.33,0
363,2,1,3,4,11,True,30,5,31,1311,13.11,0
364,2,1,2,4,22,False,40,2,41,553,5.53,0
365,2,1,2,4,29,True,40,2,20,532,5.32,0
366,2,1,2,4,2,False,104,1,99,355,3.55,0
367,2,1,2,4,24,True,104,1,78,334,3.34,0
368,2,1,2,4,18,False,120,3,208,976,9.76,0
369,2,1,2,4,19,False,119,3,228,996,9.96,0
370,2,1,2,4,25,True,120,3,189,957,9.57,0
371,2,1,2,4,26,True,119,3,209,977,9.77,0
372,2,1,0,4,19,False,176,3,206,974,9.74,0
373,2,1,0,4,20,False,176,5,238,1518,15.18,0
374,2,1,0,4,33,True,176,5,220,1500,15.0,0
375,2,1,2,4,18,False,237,3,166,934,9.34,0
376,2,1,2,4,31,True,237,3,115,883,8.83,0
377,2,-1,-1,-1,-1,True,-1,-1,-1,-1,-1.0,-1
0,3,-1,-1,-1,-1,True,-1,-1,-1,-1,-1.0,-1
1,3,-1,-1,-1,-1,True,-1,-1,-1,-1,-1.0,-1
2,3,-1,-1,-1,-1,True,-1,-1,-1,-1,-1.0,-1
3,3,1,2,4,17,False,91,3,18,786,7.86,0
4,3,1,2,4,30,True,91,2,252,764,7.64,0
5,3,1,2,4,16,False,230,3,9,777,7.77,0
6,3,1,2,4,18,False,230,2,122,634,6.34,0
7,3,1,2,4,17,True,230,2,246,758,7.58,0
8,3,1,2,4,18,True,230,2,105,617,6.17,0
9,3,1,1,4,26,False,255,2,23,535,5.35,0
10,3,1,1,4,11,True,255,2,6,518,5.18,0
11,3,1,2,4,5,False,132,3,49,817,8.17,0
12,3,1,2,4,33,True,132,3,30,798,7.98,0
13,3,1,2,4,21,False,128,4,63,1087,10.87,0
14,3,1,2,4,31,True,128,4,45,1069,10.69,0
15,3,1,2,4,9,False,255,2,77,589,5.89,0
16,3,1,2,4,9,True,255,2,60,572,5.72,0
17,3,1,2,4,17,False,89,1,99,355,3.55,0
18,3,1,2,4,15,True,89,1,78,334,3.34,0
19,3,1,2,4,22,False,163,3,41,809,8.09,0
20,3,1,2,4,8,True,163,3,22,790,7.9,0
21,3,1,1,4,27,False,50,1,58,314,3.14,0
22,3,1,1,4,28,False,45,8,95,2143,21.43,0
23,3,1,1,4,6,True,45,8,76,2124,21.24,0
24,3,1,2,4,18,False,238,4,208,1232,12.32,0
25,3,1,2,4,9,True,238,4,191,1215,12.15,0
26,3,1,2,4,8,False,212,2,244,756,7.56,0
27,3,1,2,4,14,True,212,2,221,733,7.33,0
28,3,1,0,4,24,False,53,3,102,870,8.7,0
29,3,1,0,4,28,True,53,3,85,853,8.53,0
30,3,1,0,4,9,False,99,3,253,1021,10.21,0
31,3,1,0,4,33,False,98,3,183,951,9.51,0
32,3,1,0,4,7,True,99,3,235,1003,10.03,0
33,3,1,0,4,11,True,98,3,165,933,9.33,0
34,3,1,2,4,23,False,17,3,122,890,8.9,0
35,3,1,2,4,29,True,17,3,103,871,8.71,0
36,3,1,2,4,27,False,2,2,160,672,6.72,0
37,3,1,2,4,22,True,2,2,141,653,6.53,0
38,3,1,2,4,28,False,171,3,18,786,7.86,0
39,3,1,2,4,15,True,171,3,1,769,7.69,0
40,3,1,0,4,25,False,209,3,153,921,9.21,0
41,3,1,0,4,26,False,207,4,212,1236,12.36,0
42,3,1,0,4,23,True,207,4,193,1217,12.17,0
43,3,1,0,4,24,True,209,3,135,903,9.03,0
44,3,1,0,4,33,False,218,2,225,737,7.37,0
45,3,1,0,4,32,True,218,2,206,718,7.18,0
46,3,1,2,4,31,False,109,4,53,1077,10.77,0
47,3,1,2,4,33,True,109,4,33,1057,10.57,0
48,3,1,2,4,24,False,15,3,17,785,7.85,0
49,3,1,2,4,30,True,15,2,253,765,7.65,0
50,3,1,2,4,14,False,62,3,62,830,8.3,0
51,3,1,2,4,15,False,62,2,134,646,6.46,0
52,3,1,2,4,18,True,61,3,47,815,8.15,0
53,3,1,2,4,4,False,229,1,195,451,4.51,0
54,3,1,2,4,19,True,228,1,177,433,4.33,0
55,3,1,2,4,5,False,9,2,97,609,6.09,0
56,3,1,2,4,26,True,9,2,78,590,5.9,0
57,3,1,2,4,17,False,99,2,38,550,5.5,0
58,3,1,2,4,13,True,99,2,16,528,5.28,0
59,3,1,1,4,27,False,94,2,115,627,6.27,0
60,3,1,1,4,18,True,93,2,96,608,6.08,0
61,3,1,2,4,28,False,204,1,246,502,5.02,0
62,3,1,2,4,6,True,204,1,228,484,4.84,0
63,3,1,2,4,31,False,133,1,174,430,4.3,0
64,3,1,2,4,32,False,131,3,39,807,8.07,0
65,3,1,2,4,7,True,132,1,155,411,4.11,0
66,3,1,2,4,8,True,131,3,20,788,7.88,0
67,3,1,2,4,18,False,54,2,139,651,6.51,0
68,3,1,2,4,3,True,54,2,121,633,6.33,0
69,3,1,2,4,32,False,47,2,220,732,7.32,0
70,3,1,2,4,25,True,47,2,200,712,7.12,0
71,3,1,2,4,25,False,215,1,249,505,5.05,0
72,3,1,2,4,25,True,215,1,232,488,4.88,0
73,3,1,2,4,14,False,136,1,224,480,4.8,0
74,3,1,2,4,17,True,136,1,200,456,4.56,0
75,3,1,3,4,10,False,1,1,143,399,3.99,0
76,3,1,3,4,9,False,253,4,209,1233,12.33,0
77,3,1,3,4,8,True,253,4,188,1212,12.12,0
78,3,1,2,4,22,False,217,2,44,556,5.56,0
79,3,1,2,4,24,True,217,2,23,535,5.35,0
80,3,1,2,4,31,False,101,3,101,869,8.69,0
81,3,1,2,4,16,True,100,3,80,848,8.48,0
82,3,1,2,4,5,False,224,2,102,614,6.14,0
83,3,1,2,4,9,True,224,2,83,595,5.95,0
84,3,1,2,4,29,False,234,2,3,515,5.15,0
85,3,1,2,4,6,True,233,1,240,496,4.96,0
86,3,1,3,4,13,False,94,1,132,388,3.88,0
87,3,1,3,4,4,True,94,1,111,367,3.67,0
88,3,1,2,4,1,False,246,3,13,781,7.81,0
89,3,1,2,4,26,True,246,2,248,760,7.6,0
90,3,1,2,4,23,False,35,4,224,1248,12.48,0
91,3,1,2,4,7,True,35,4,205,1229,12.29,0
92,3,1,2,4,32,False,158,7,120,1912,19.12,0
93,3,1,2,4,15,True,158,7,100,1892,18.92,0
94,3,1,2,4,14,False,75,1,253,509,5.09,0
95,3,1,2,4,15,False,76,2,80,592,5.92,0
96,3,1,2,4,18,True,75,1,230,486,4.86,0
97,3,1,2,4,20,True,76,2,58,570,5.7,0
98,3,1,2,4,19,False,62,3,59,827,8.27,0
99,3,1,2,4,27,True,61,3,39,807,8.07,0
100,3,1,2,4,15,False,103,2,196,708,7.08,0
101,3,1,2,4,30,True,103,2,175,687,6.87,0
102,3,1,2,4,28,True,110,0,199,199,1.99,0
103,3,1,2,4,14,False,107,3,7,775,7.75,0
104,3,1,2,4,27,True,107,2,241,753,7.53,0
105,3,1,0,4,24,False,121,4,1,1025,10.25,0
106,3,1,0,4,25,False,121,2,244,756,7.56,0
107,3,1,0,4,32,True,121,2,225,737,7.37,0
108,3,1,0,4,33,True,121,3,240,1008,10.08,0
109,3,1,2,4,15,False,134,4,64,1088,10.88,0
110,3,1,2,4,26,True,134,4,44,1068,10.68,0
111,3,1,2,4,27,False,31,4,10,1034,10.34,0
112,3,1,2,4,32,True,31,3,248,1016,10.16,0
113,3,1,3,4,4,False,152,4,119,1143,11.43,0
114,3,1,3,4,12,True,152,4,94,1118,11.18,0
115,3,1,2,4,3,False,237,2,73,585,5.85,0
116,3,1,2,4,18,True,237,2,51,563,5.63,0
117,3,1,3,4,4,False,166,6,24,1560,15.6,0
118,3,1,3,4,3,True,166,5,255,1535,15.35,0
119,3,1,2,4,14,False,97,3,236,1004,10.04,0
120,3,1,2,4,31,True,97,3,214,982,9.82,0
121,3,1,2,4,14,False,206,2,83,595,5.95,0
122,3,1,2,4,15,False,202,3,4,772,7.72,0
123,3,1,2,4,5,True,206,2,61,573,5.73,0
124,3,1,2,4,6,True,201,2,239,751,7.51,0
125,3,1,2,4,25,False,84,3,116,884,8.84,0
126,3,1,2,4,19,True,84,3,96,864,8.64,0
127,3,1,3,4,0,False,74,3,127,895,8.95,0
128,3,1,3,4,6,True,74,3,102,870,8.7,0
129,3,1,2,4,14,False,145,2,80,592,5.92,0
130,3,1,2,4,11,True,145,2,57,569,5.69,0
131,3,1,3,4,22,False,82,3,156,924,9.24,0
132,3,1,3,4,4,True,82,3,137,905,9.05,0
133,3,1,2,4,18,False,171,2,62,574,5.74,0
134,3,1,2,4,14,True,171,2,43,555,5.55,0
135,3,1,1,4,13,False,177,2,76,588,5.88,0
136,3,1,2,4,8,False,240,0,118,118,1.18,0
137,3,1,1,4,6,True,177,2,58,570,5.7,0
138,3,1,2,4,14,True,240,0,95,95,0.95,0
139,3,1,2,4,28,False,214,4,71,1095,10.95,0
140,3,1,2,4,24,True,214,4,54,1078,10.78,0
141,3,1,3,4,20,False,97,4,91,1115,11.15,0
142,3,1,3,4,4,True,97,4,74,1098,10.98,0
143,3,1,2,4,23,False,56,1,120,376,3.76,0
144,3,1,2,4,16,True,56,1,100,356,3.56,0
145,3,1,2,4,0,False,23,5,207,1487,14.87,0
146,3,1,2,4,12,True,23,5,186,1466,14.66,0
147,3,1,2,4,13,True,23,5,81,1361,13.61,0
148,3,1,3,4,20,False,105,4,97,1121,11.21,0
149,3,1,3,4,3,True,105,4,79,1103,11.03,0
150,3,1,2,4,17,False,0,3,60,828,8.28,0
151,3,1,2,4,20,True,0,3,36,804,8.04,0
152,3,1,2,4,14,False,58,2,237,749,7.49,0
153,3,1,2,4,22,True,60,2,196,708,7.08,0
154,3,1,2,4,23,True,58,2,174,686,6.86,0
155,3,1,2,4,5,False,137,1,48,304,3.04,0
156,3,1,2,4,23,True,137,1,27,283,2.83,0
157,3,1,2,4,6,False,156,2,201,713,7.13,0
158,3,1,2,4,20,True,156,2,182,694,6.94,0
159,3,1,2,4,8,False,146,2,235,747,7.47,0
160,3,1,2,4,7,True,146,2,210,722,7.22,0
161,3,1,2,4,11,False,139,3,100,868,8.68,0
162,3,1,2,4,12,True,139,3,80,848,8.48,0
163,3,1,2,4,24,False,147,2,39,551,5.51,0
164,3,1,2,4,25,True,147,2,18,530,5.3,0
165,3,1,2,4,11,False,0,2,206,718,7.18,0
166,3,1,2,4,8,True,0,2,187,699,6.99,0
167,3,1,2,4,29,False,192,1,172,428,4.28,0
168,3,1,2,4,17,True,192,1,154,410,4.1,0
169,3,1,2,4,32,False,212,4,172,1196,11.96,0
170,3,1,2,4,20,True,212,4,151,1175,11.75,0
171,3,1,2,4,15,False,157,1,239,495,4.95,0
172,3,1,2,4,25,True,157,1,219,475,4.75,0
173,3,1,2,4,15,False,236,4,6,1030,10.3,0
174,3,1,2,4,32,True,236,3,242,1010,10.1,0
175,3,1,2,4,21,False,163,1,120,376,3.76,0
176,3,1,2,4,26,True,163,1,104,360,3.6,0
177,3,1,2,4,32,False,85,3,83,851,8.51,0
178,3,1,2,4,31,True,85,3,61,829,8.29,0
179,3,1,2,4,3,False,100,4,58,1082,10.82,0
180,3,1,2,4,27,True,100,4,37,1061,10.61,0
181,3,1,2,4,3,False,15,3,252,1020,10.2,0
182,3,1,2,4,23,True,15,3,229,997,9.97,0
183,3,1,2,4,30,False,8,3,45,813,8.13,0
184,3,1,2,4,20,True,8,3,24,792,7.92,0
185,3,1,2,4,11,False,238,2,202,714,7.14,0
186,3,1,2,4,6,True,238,2,182,694,6.94,0
187,3,1,2,4,2,False,174,2,157,669,6.69,0
188,3,1,2,4,32,True,174,2,136,648,6.48,0
189,3,1,2,4,17,False,178,1,128,384,3.84,0
190,3,1,2,4,14,True,178,1,105,361,3.61,0
191,3,1,2,4,18,False,249,3,50,818,8.18,0
192,3,1,2,4,31,True,249,3,31,799,7.99,0
193,3,1,2,4,26,False,160,2,202,714,7.14,0
194,3,1,2,4,31,True,160,2,182,694,6.94,0
195,3,1,2,4,18,False,106,2,36,548,5.48,0
196,3,1,2,4,31,True,106,2,17,529,5.29,0
197,3,1,1,4,13,False,205,5,76,1356,13.56,0
198,3,1,1,4,24,True,205,5,57,1337,13.37,0
199,3,1,2,4,16,False,79,2,21,533,5.33,0
200,3,1,2,4,29,True,79,2,2,514,5.14,0
201,3,1,0,4,23,False,230,2,250,762,7.62,0
202,3,1,0,4,17,True,230,2,233,745,7.45,0
203,3,1,1,4,27,False,229,5,15,1295,12.95,0
204,3,1,1,4,21,True,229,4,252,1276,12.76,0
205,3,1,2,4,14,False,168,2,135,647,6.47,0
206,3,1,2,4,7,True,168,2,113,625,6.25,0
207,3,1,2,4,16,False,106,1,32,288,2.88,0
208,3,1,2,4,20,True,106,1,12,268,2.68,0
209,3,1,2,4,30,False,253,2,215,727,7.27,0
210,3,1,2,4,26,True,253,2,195,707,7.07,0
211,3,1,2,4,28,False,196,1,131,387,3.87,0
212,3,1,2,4,21,True,196,1,112,368,3.68,0
213,3,1,2,4,31,False,65,3,32,800,8.0,0
214,3,1,2,4,32,False,65,3,217,985,9.85,0
215,3,1,2,4,12,True,65,3,197,965,9.65,0
216,3,1,2,4,14,True,65,3,13,781,7.81,0
217,3,1,2,4,2,False,232,5,91,1371,13.71,0
218,3,1,2,4,31,True,231,5,70,1350,13.5,0
219,3,1,2,4,21,False,53,2,28,540,5.4,0
220,3,1,2,4,13,True,53,2,10,522,5.22,0
221,3,1,2,4,24,False,22,5,176,1456,14.56,0
222,3,1,2,4,24,True,22,5,157,1437,14.37,0
223,3,1,2,4,26,True,207,1,11,267,2.67,0
224,3,1,2,4,31,False,199,3,46,814,8.14,0
225,3,1,2,4,25,True,199,3,27,795,7.95,0
226,3,1,1,4,28,False,73,1,137,393,3.93,0
227,3,1,1,4,29,False,71,3,170,938,9.38,0
228,3,1,1,4,5,True,71,3,154,922,9.22,0
229,3,1,2,4,17,False,117,4,93,1117,11.17,0
230,3,1,2,4,18,False,117,3,198,966,9.66,0
231,3,1,2,4,16,True,117,3,178,946,9.46,0
232,3,1,2,4,17,True,117,4,73,1097,10.97,0
233,3,1,2,4,18,True,117,3,152,920,9.2,0
234,3,1,2,4,19,True,117,3,135,903,9.03,0
235,3,1,2,4,33,False,7,3,21,789,7.89,0
236,3,1,2,4,11,True,7,3,0,768,7.68,0
237,3,1,2,4,8,False,15,0,184,184,1.84,0
238,3,1,2,4,18,False,148,4,178,1202,12.02,0
239,3,1,2,4,14,True,15,0,161,161,1.61,0
240,3,1,2,4,18,True,148,4,161,1185,11.85,0
241,3,1,2,4,15,False,172,2,143,655,6.55,0
242,3,1,2,4,24,True,172,2,121,633,6.33,0
243,3,1,2,4,11,False,206,1,210,466,4.66,0
244,3,1,2,4,9,True,206,1,191,447,4.47,0
245,3,1,2,4,17,False,136,2,42,554,5.54,0
246,3,1,2,4,19,True,136,2,19,531,5.31,0
247,3,1,0,4,22,False,164,5,141,1421,14.21,0
248,3,1,0,4,23,True,164,5,122,1402,14.02,0
249,3,1,0,4,29,False,85,2,118,630,6.3,0
250,3,1,0,4,23,True,231,2,99,611,6.11,0
251,3,1,3,4,16,False,56,2,117,629,6.29,0
252,3,1,3,4,15,False,55,4,149,1173,11.73,0
253,3,1,3,4,6,True,56,2,95,607,6.07,0
254,3,1,3,4,7,True,55,4,127,1151,11.51,0
255,3,1,3,4,8,True,55,3,87,855,8.55,0
256,3,1,3,4,9,True,60,1,151,407,4.07,0
257,3,1,2,4,21,False,255,3,241,1009,10.09,0
258,3,1,2,4,13,True,255,3,223,991,9.91,0
259,3,1,2,4,11,False,15,3,52,820,8.2,0
260,3,1,2,4,12,True,15,3,32,800,8.0,0
261,3,1,2,4,18,False,52,3,36,804,8.04,0
262,3,1,2,4,25,True,52,3,17,785,7.85,0
263,3,1,2,4,22,False,91,2,224,736,7.36,0
264,3,1,2,4,12,True,91,2,203,715,7.15,0
265,3,1,2,4,23,False,196,3,151,919,9.19,0
266,3,1,2,4,21,True,196,3,132,900,9.0,0
267,3,1,2,4,3,False,147,3,35,803,8.03,0
268,3,1,2,4,25,True,147,3,14,782,7.82,0
269,3,1,2,4,23,True,205,1,203,459,4.59,0
270,3,1,2,4,29,False,204,3,189,957,9.57,0
271,3,1,2,4,24,True,204,3,170,938,9.38,0
272,3,1,2,4,4,False,104,4,49,1073,10.73,0
273,3,1,2,4,3,True,104,4,31,1055,10.55,0
274,3,1,2,4,4,False,247,3,58,826,8.26,0
275,3,1,2,4,4,True,247,3,42,810,8.1,0
276,3,1,2,4,28,False,122,3,36,804,8.04,0
277,3,1,2,4,23,True,122,3,17,785,7.85,0
278,3,1,3,4,5,False,49,3,71,839,8.39,0
279,3,1,3,4,22,True,49,3,52,820,8.2,0
280,3,1,2,4,31,False,136,4,198,1222,12.22,0
281,3,1,2,4,29,True,136,4,178,1202,12.02,0
282,3,1,0,4,21,False,251,5,59,1339,13.39,0
283,3,1,0,4,16,True,251,5,42,1322,13.22,0
284,3,1,2,4,30,False,40,3,126,894,8.94,0
285,3,1,2,4,31,True,40,3,107,875,8.75,0
286,3,1,2,4,24,False,101,5,6,1286,12.86,0
287,3,1,2,4,19,True,101,4,242,1266,12.66,0
288,3,1,2,4,0,False,188,2,28,540,5.4,0
289,3,1,2,4,19,True,188,2,7,519,5.19,0
290,3,1,0,4,25,False,247,4,41,1065,10.65,0
291,3,1,0,4,16,True,247,4,21,1045,10.45,0
292,3,1,0,4,30,False,55,1,158,414,4.14,0
293,3,1,0,4,16,True,55,1,140,396,3.96,0
294,3,1,0,4,29,False,50,6,42,1578,15.78,0
295,3,1,0,4,17,True,50,6,23,1559,15.59,0
296,3,1,2,4,16,False,232,1,70,326,3.26,0
297,3,1,2,4,17,True,232,1,51,307,3.07,0
298,3,1,2,4,24,False,161,2,48,560,5.6,0
299,3,1,2,4,25,False,161,2,230,742,7.42,0
300,3,1,2,4,26,False,161,3,104,872,8.72,0
301,3,1,2,4,21,True,161,3,84,852,8.52,0
302,3,1,2,4,22,True,161,2,27,539,5.39,0
303,3,1,2,4,29,False,220,3,141,909,9.09,0
304,3,1,2,4,14,True,220,3,123,891,8.91,0
305,3,1,2,4,25,False,111,1,178,434,4.34,0
306,3,1,2,4,4,True,111,1,159,415,4.15,0
307,3,1,2,4,22,False,41,4,215,1239,12.39,0
308,3,1,2,4,11,True,41,4,196,1220,12.2,0
309,3,1,2,4,7,False,219,6,155,1691,16.91,0
310,3,1,2,4,13,True,219,6,135,1671,16.71,0
311,3,1,2,4,25,False,176,4,32,1056,10.56,0
312,3,1,2,4,6,True,176,4,12,1036,10.36,0
313,3,1,2,4,17,False,204,2,6,518,5.18,0
314,3,1,2,4,25,True,204,1,240,496,4.96,0
315,3,1,2,4,25,False,193,3,171,939,9.39,0
316,3,1,2,4,6,True,192,3,151,919,9.19,0
317,3,1,2,4,21,False,122,3,60,828,8.28,0
318,3,1,2,4,26,True,122,3,44,812,8.12,0
319,3,1,1,4,23,False,95,4,91,1115,11.15,0
320,3,1,1,4,10,True,95,4,75,1099,10.99,0
321,3,1,2,4,14,False,115,2,100,612,6.12,0
322,3,1,2,4,27,True,115,2,77,589,5.89,0
323,3,1,2,4,9,False,32,2,231,743,7.43,0
324,3,1,2,4,11,True,32,2,210,722,7.22,0
325,3,1,2,4,17,False,239,3,232,1000,10.0,0
326,3,1,2,4,16,True,239,3,209,977,9.77,0
327,3,1,2,4,14,False,130,2,55,567,5.67,0
328,3,1,2,4,18,True,132,1,173,429,4.29,0
329,3,1,2,4,19,True,130,2,32,544,5.44,0
330,3,1,2,4,2,False,8,2,213,725,7.25,0
331,3,1,2,4,17,True,8,2,191,703,7.03,0
332,3,1,2,4,20,False,85,1,86,342,3.42,0
333,3,1,2,4,22,True,85,1,65,321,3.21,0
334,3,1,2,4,33,False,241,2,78,590,5.9,0
335,3,1,2,4,30,True,241,2,56,568,5.68,0
336,3,1,2,4,2,False,238,1,160,416,4.16,0
337,3,1,2,4,17,True,237,1,139,395,3.95,0
338,3,1,1,4,30,False,246,2,86,598,5.98,0
339,3,1,1,4,9,True,245,2,69,581,5.81,0
340,3,1,2,4,18,False,102,1,241,497,4.97,0
341,3,1,2,4,18,True,102,1,224,480,4.8,0
342,3,1,2,4,27,True,13,2,68,580,5.8,0
343,3,1,2,4,5,False,13,3,97,865,8.65,0
344,3,1,2,4,31,True,13,3,78,846,8.46,0
345,3,1,2,4,0,False,70,4,102,1126,11.26,0
346,3,1,2,4,29,True,70,4,82,1106,11.06,0
347,3,1,2,4,1,False,80,1,197,453,4.53,0
348,3,1,2,4,16,True,80,1,174,430,4.3,0
349,3,1,2,4,22,False,212,4,135,1159,11.59,0
350,3,1,2,4,11,True,212,4,115,1139,11.39,0
351,3,1,2,4,29,False,43,1,173,429,4.29,0
352,3,1,2,4,26,True,43,1,155,411,4.11,0
353,3,1,2,4,26,False,162,3,255,1023,10.23,0
354,3,1,2,4,24,True,162,3,234,1002,10.02,0
355,3,1,2,4,16,False,29,1,167,423,4.23,0
356,3,1,2,4,31,True,29,1,149,405,4.05,0
357,3,1,2,4,5,False,240,3,114,882,8.82,0
358,3,1,2,4,10,True,240,3,95,863,8.63,0
359,3,1,3,4,21,False,245,6,96,1632,16.32,0
360,3,1,3,4,7,True,245,6,73,1609,16.09,0
361,3,1,2,4,27,False,107,2,219,731,7.31,0
362,3,1,2,4,9,True,107,2,201,713,7.13,0
363,3,1,2,4,20,False,28,3,62,830,8.3,0
364,3,1,2,4,21,False,27,2,164,676,6.76,0
365,3,1,2,4,9,True,28,3,42,810,8.1,0
366,3,1,2,4,10,True,27,2,147,659,6.59,0
367,3,1,2,4,14,False,4,3,39,807,8.07,0
368,3,1,2,4,19,True,4,3,16,784,7.84,0
369,3,1,3,4,5,False,172,4,250,1274,12.74,0
370,3,1,3,4,5,True,172,4,232,1256,12.56,0
371,3,1,2,4,22,False,181,1,166,422,4.22,0
372,3,1,2,4,28,True,181,1,146,402,4.02,0
373,3,1,3,4,5,True,85,1,246,502,5.02,0
374,3,-1,-1,-1,-1,True,-1,-1,-1,-1,-1.0,-1
0,4,-1,-1,-1,-1,True,-1,-1,-1,-1,-1.0,-1
1,4,1,3,4,4,True,82,3,237,1005,10.05,0
2,4,1,2,4,17,False,196,3,77,845,8.45,0
3,4,1,2,4,8,True,196,3,56,824,8.24,0
4,4,1,2,4,24,False,233,4,110,1134,11.34,0
5,4,1,2,4,14,True,233,4,89,1113,11.13,0
6,4,1,3,4,8,False,58,1,135,391,3.91,0
7,4,1,3,4,9,True,58,1,117,373,3.73,0
8,4,1,2,4,20,False,83,1,158,414,4.14,0
9,4,1,2,4,21,True,82,1,137,393,3.93,0
10,4,1,2,4,27,False,68,3,144,912,9.12,0
11,4,1,2,4,26,False,67,5,117,1397,13.97,0
12,4,1,2,4,12,True,67,5,97,1377,13.77,0
13,4,1,2,4,18,False,124,4,127,1151,11.51,0
14,4,1,2,4,29,True,124,4,108,1132,11.32,0
15,4,1,2,4,29,False,213,1,251,507,5.07,0
16,4,1,2,4,22,True,213,1,232,488,4.88,0
17,4,1,2,4,17,False,168,1,2,258,2.58,0
18,4,1,2,4,21,True,168,0,237,237,2.37,0
19,4,1,3,4,9,False,158,4,67,1091,10.91,0
20,4,1,3,4,22,True,158,4,46,1070,10.7,0
21,4,1,1,4,26,False,201,2,159,671,6.71,0
22,4,1,1,4,6,True,200,2,143,655,6.55,0
23,4,1,2,4,5,False,205,1,99,355,3.55,0
24,4,1,2,4,17,True,205,1,80,336,3.36,0
25,4,1,2,4,19,False,38,3,49,817,8.17,0
26,4,1,2,4,32,True,38,3,31,799,7.99,0
27,4,1,2,4,18,False,133,2,57,569,5.69,0
28,4,1,2,4,18,True,132,2,41,553,5.53,0
29,4,1,3,4,31,False,197,5,40,1320,13.2,0
30,4,1,3,4,24,True,197,5,16,1296,12.96,0
31,4,1,0,4,27,False,140,4,40,1064,10.64,0
32,4,1,0,4,11,True,140,4,24,1048,10.48,0
33,4,1,2,4,2,False,250,2,222,734,7.34,0
34,4,1,2,4,19,True,249,2,201,713,7.13,0
35,4,1,3,4,30,False,68,4,17,1041,10.41,0
36,4,1,3,4,6,True,68,2,224,736,7.36,0
37,4,1,3,4,7,True,68,3,252,1020,10.2,0
38,4,1,2,4,2,False,24,2,91,603,6.03,0
39,4,1,2,4,32,True,24,2,70,582,5.82,0
40,4,1,2,4,23,False,225,3,13,781,7.81,0
41,4,1,2,4,24,True,224,2,249,761,7.61,0
42,4,1,2,4,20,False,2,1,250,506,5.06,0
43,4,1,2,4,11,True,2,1,229,485,4.85,0
44,4,1,2,4,17,False,224,4,130,1154,11.54,0
45,4,1,2,4,23,True,224,4,107,1131,11.31,0
46,4,1,2,4,28,False,233,2,84,596,5.96,0
47,4,1,2,4,17,True,233,2,66,578,5.78,0
48,4,1,0,4,28,False,147,2,117,629,6.29,0
49,4,1,0,4,27,True,147,2,98,610,6.1,0
50,4,1,2,4,23,False,22,3,189,957,9.57,0
51,4,1,2,4,26,True,22,3,169,937,9.37,0
52,4,1,2,4,7,False,228,2,103,615,6.15,0
53,4,1,2,4,12,True,228,2,84,596,5.96,0
54,4,1,2,4,18,False,104,3,198,966,9.66,0
55,4,1,2,4,19,False,106,2,116,628,6.28,0
56,4,1,2,4,13,True,104,3,179,947,9.47,0
57,4,1,2,4,33,False,82,1,192,448,4.48,0
58,4,1,2,4,22,True,82,1,171,427,4.27,0
59,4,1,2,4,21,False,129,3,253,1021,10.21,0
60,4,1,2,4,25,True,128,3,236,1004,10.04,0
61,4,1,1,4,17,False,215,3,166,934,9.34,0
62,4,1,1,4,15,True,215,3,149,917,9.17,0
63,4,1,1,4,20,False,227,2,249,761,7.61,0
64,4,1,1,4,11,True,227,2,229,741,7.41,0
65,4,1,2,4,31,False,217,3,148,916,9.16,0
66,4,1,2,4,27,True,217,3,126,894,8.94,0
67,4,1,2,4,6,False,147,2,52,564,5.64,0
68,4,1,2,4,23,True,147,2,31,543,5.43,0
69,4,1,2,4,9,False,1,4,83,1107,11.07,0
70,4,1,2,4,12,True,1,4,62,1086,10.86,0
71,4,1,2,4,29,False,65,2,235,747,7.47,0
72,4,1,2,4,3,True,65,2,218,730,7.3,0
73,4,1,2,4,29,False,32,1,211,467,4.67,0
74,4,1,2,4,3,True,32,1,194,450,4.5,0
75,4,1,2,4,17,False,64,1,252,508,5.08,0
76,4,1,2,4,19,True,64,1,229,485,4.85,0
77,4,1,2,4,14,False,181,3,81,849,8.49,0
78,4,1,2,4,11,True,181,3,59,827,8.27,0
79,4,1,2,4,21,False,161,1,239,495,4.95,0
80,4,1,2,4,15,True,161,1,223,479,4.79,0
81,4,1,2,4,28,False,107,2,181,693,6.93,0
82,4,1,2,4,32,True,107,2,162,674,6.74,0
83,4,1,2,4,27,False,106,4,159,1183,11.83,0
84,4,1,2,4,19,True,106,4,138,1162,11.62,0
85,4,1,2,4,18,False,52,3,165,933,9.33,0
86,4,1,2,4,21,True,52,3,145,913,9.13,0
87,4,1,3,4,15,False,255,6,37,1573,15.73,0
88,4,1,3,4,11,True,255,6,14,1550,15.5,0
89,4,1,2,4,15,False,19,3,69,837,8.37,0
90,4,1,2,4,21,True,19,3,48,816,8.16,0
91,4,1,2,4,20,False,241,2,184,696,6.96,0
92,4,1,2,4,29,True,241,2,163,675,6.75,0
93,4,1,2,4,29,False,8,1,38,294,2.94,0
94,4,1,2,4,17,True,8,1,20,276,2.76,0
95,4,1,2,4,24,False,209,3,37,805,8.05,0
96,4,1,2,4,31,True,209,3,17,785,7.85,0
97,4,1,3,4,24,False,130,2,230,742,7.42,0
98,4,1,3,4,22,True,130,2,210,722,7.22,0
99,4,1,2,4,21,False,145,5,48,1328,13.28,0
100,4,1,2,4,11,True,145,5,31,1311,13.11,0
101,4,1,2,4,0,False,27,3,220,988,9.88,0
102,4,1,2,4,29,True,27,3,200,968,9.68,0
103,4,1,2,4,4,False,82,3,86,854,8.54,0
104,4,1,2,4,32,True,82,3,69,837,8.37,0
105,4,1,1,4,32,False,219,3,166,934,9.34,0
106,4,1,1,4,33,False,219,2,241,753,7.53,0
107,4,1,1,4,4,True,219,3,151,919,9.19,0
108,4,1,2,4,22,False,78,3,34,802,8.02,0
109,4,1,2,4,14,True,77,3,14,782,7.82,0
110,4,1,3,4,1,False,111,4,226,1250,12.5,0
111,4,1,3,4,9,True,111,4,203,1227,12.27,0
112,4,1,2,4,32,False,142,1,10,266,2.66,0
113,4,1,2,4,10,True,142,0,246,246,2.46,0
114,4,1,2,4,15,False,223,0,188,188,1.88,0
115,4,1,2,4,33,True,223,0,168,168,1.68,0
116,4,1,2,4,29,False,167,1,73,329,3.29,0
117,4,1,2,4,22,True,167,1,54,310,3.1,0
118,4,1,0,4,31,False,165,2,180,692,6.92,0
119,4,1,0,4,29,True,165,2,163,675,6.75,0
120,4,1,2,4,29,False,76,2,209,721,7.21,0
121,4,1,2,4,18,True,76,2,190,702,7.02,0
122,4,1,1,4,30,False,92,4,44,1068,10.68,0
123,4,1,1,4,13,True,91,4,27,1051,10.51,0
124,4,1,2,4,15,False,31,2,69,581,5.81,0
125,4,1,2,4,28,True,30,2,49,561,5.61,0
126,4,1,2,4,27,False,63,3,174,942,9.42,0
127,4,1,2,4,8,True,63,3,156,924,9.24,0
128,4,1,2,4,27,False,156,2,246,758,7.58,0
129,4,1,2,4,19,True,156,2,226,738,7.38,0
130,4,1,2,4,7,True,255,0,165,165,1.65,0
131,4,1,2,4,8,True,249,2,148,660,6.6,0
132,4,1,2,4,24,False,249,5,46,1326,13.26,0
133,4,1,2,4,9,True,248,5,28,1308,13.08,0
134,4,1,2,4,11,False,100,2,217,729,7.29,0
135,4,1,2,4,7,True,100,2,198,710,7.1,0
136,4,1,2,4,22,False,218,3,226,994,9.94,0
137,4,1,2,4,29,True,218,3,206,974,9.74,0
138,4,1,2,4,26,False,19,1,120,376,3.76,0
139,4,1,2,4,23,True,19,1,99,355,3.55,0
140,4,1,0,4,32,False,45,3,13,781,7.81,0
141,4,1,0,4,25,True,45,2,251,763,7.63,0
142,4,1,2,4,28,False,141,2,162,674,6.74,0
143,4,1,2,4,25,True,141,2,144,656,6.56,0
144,4,1,2,4,22,True,144,2,114,626,6.26,0
145,4,1,2,4,24,False,143,4,17,1041,10.41,0
146,4,1,2,4,23,True,143,3,250,1018,10.18,0
147,4,1,3,4,17,False,68,3,122,890,8.9,0
148,4,1,3,4,8,True,68,3,101,869,8.69,0
149,4,1,2,4,8,False,9,2,142,654,6.54,0
150,4,1,2,4,7,True,9,2,118,630,6.3,0
151,4,1,3,4,14,False,137,3,50,818,8.18,0
152,4,1,3,4,22,True,137,3,27,795,7.95,0
153,4,1,2,4,27,False,6,0,209,209,2.09,0
154,4,1,2,4,27,True,6,0,192,192,1.92,0
155,4,1,2,3,6,False,0,0,0,0,0.0,0
156,4,1,2,4,25,False,29,2,129,641,6.41,0
157,4,1,2,4,21,True,29,2,110,622,6.22,0
158,4,1,2,4,22,True,34,0,255,255,2.55,0
159,4,1,3,4,10,False,50,2,45,557,5.57,0
160,4,1,3,4,6,True,50,2,27,539,5.39,0
161,4,1,2,4,33,False,230,1,98,354,3.54,0
162,4,1,2,4,18,True,230,1,77,333,3.33,0
163,4,1,2,4,24,False,144,2,227,739,7.39,0
164,4,1,2,4,33,True,143,2,207,719,7.19,0
165,4,1,1,4,17,False,124,4,46,1070,10.7,0
166,4,1,1,4,20,False,123,5,41,1321,13.21,0
167,4,1,1,4,13,True,124,4,30,1054,10.54,0
168,4,1,1,4,14,True,123,5,20,1300,13.0,0
169,4,1,2,4,20,False,118,5,111,1391,13.91,0
170,4,1,2,4,33,True,118,5,91,1371,13.71,0
171,4,1,2,4,3,False,253,3,28,796,7.96,0
172,4,1,2,4,12,True,253,3,5,773,7.73,0
173,4,1,2,4,4,False,156,4,101,1125,11.25,0
174,4,1,2,4,28,True,156,4,84,1108,11.08,0
175,4,1,2,4,19,False,100,3,35,803,8.03,0
176,4,1,2,4,9,True,100,3,11,779,7.79,0
177,4,1,2,4,10,True,100,2,181,693,6.93,0
178,4,1,2,4,15,False,246,4,52,1076,10.76,0
179,4,1,2,4,16,False,248,2,221,733,7.33,0
180,4,1,2,4,18,True,248,2,202,714,7.14,0
181,4,1,2,4,19,True,246,4,31,1055,10.55,0
182,4,1,1,4,24,False,255,2,125,637,6.37,0
183,4,1,1,4,9,True,254,2,109,621,6.21,0
184,4,1,2,4,22,False,82,3,113,881,8.81,0
185,4,1,2,4,22,True,82,3,95,863,8.63,0
186,4,1,2,4,19,False,71,4,147,1171,11.71,0
187,4,1,2,4,32,True,71,4,129,1153,11.53,0
188,4,1,3,4,10,False,38,2,188,700,7.0,0
189,4,1,3,4,7,True,38,2,169,681,6.81,0
190,4,1,1,4,29,False,204,5,11,1291,12.91,0
191,4,1,1,4,4,True,204,4,248,1272,12.72,0
192,4,1,2,4,32,True,107,2,19,531,5.31,0
193,4,1,2,4,0,False,107,3,180,948,9.48,0
194,4,1,2,4,33,True,109,3,142,910,9.1,0
195,4,1,3,4,0,False,122,8,45,2093,20.93,0
196,4,1,3,4,3,True,122,8,21,2069,20.69,0
197,4,1,2,4,21,False,46,2,255,767,7.67,0
198,4,1,2,4,21,True,46,2,239,751,7.51,0
199,4,1,2,4,21,False,229,3,123,891,8.91,0
200,4,1,2,4,25,True,229,3,107,875,8.75,0
201,4,1,2,4,29,False,198,4,9,1033,10.33,0
202,4,1,2,4,26,True,199,3,220,988,9.88,0
203,4,1,2,4,27,True,198,3,246,1014,10.14,0
204,4,1,2,4,16,False,121,1,203,459,4.59,0
205,4,1,2,4,29,True,121,1,184,440,4.4,0
206,4,1,2,4,31,False,101,4,212,1236,12.36,0
207,4,1,2,4,10,True,101,4,194,1218,12.18,0
208,4,1,2,4,23,False,203,2,254,766,7.66,0
209,4,1,2,4,13,True,202,2,235,747,7.47,0
210,4,1,2,4,21,False,26,3,176,944,9.44,0
211,4,1,2,4,24,True,26,3,159,927,9.27,0
212,4,1,2,4,24,False,45,2,157,669,6.69,0
213,4,1,2,4,5,True,45,2,138,650,6.5,0
214,4,1,0,4,10,True,34,0,242,242,2.42,0
215,4,1,0,4,6,False,32,3,178,946,9.46,0
216,4,1,0,4,9,True,32,3,161,929,9.29,0
217,4,1,2,4,21,False,98,2,44,556,5.56,0
218,4,1,2,4,15,True,98,2,26,538,5.38,0
219,4,1,2,4,18,False,78,4,28,1052,10.52,0
220,4,1,2,4,20,True,78,4,9,1033,10.33,0
221,4,1,2,4,15,False,236,2,72,584,5.84,0
222,4,1,2,4,16,False,236,3,214,982,9.82,0
223,4,1,2,4,29,True,235,3,195,963,9.63,0
224,4,1,2,4,33,True,236,2,52,564,5.64,0
225,4,1,2,4,4,False,153,2,119,631,6.31,0
226,4,1,2,4,21,True,153,2,101,613,6.13,0
227,4,1,2,4,14,False,203,3,79,847,8.47,0
228,4,1,2,4,20,True,203,3,56,824,8.24,0
229,4,1,2,4,2,False,171,1,195,451,4.51,0
230,4,1,2,4,13,True,171,1,173,429,4.29,0
231,4,1,0,4,26,False,252,3,189,957,9.57,0
232,4,1,0,4,17,True,252,3,169,937,9.37,0
233,4,1,2,4,20,False,129,3,74,842,8.42,0
234,4,1,2,4,21,False,129,2,142,654,6.54,0
235,4,1,2,4,15,True,128,3,55,823,8.23,0
236,4,1,2,4,24,False,177,1,88,344,3.44,0
237,4,1,2,4,23,False,173,3,92,860,8.6,0
238,4,1,2,4,8,True,173,3,75,843,8.43,0
239,4,1,2,4,23,False,184,4,19,1043,10.43,0
240,4,1,2,4,29,True,183,3,255,1023,10.23,0
241,4,1,2,4,24,False,87,0,240,240,2.4,0
242,4,1,2,4,8,True,87,0,220,220,2.2,0
243,4,1,2,0,0,False,0,0,0,0,0.0,0
244,4,1,2,7,0,False,220,4,18,1042,10.42,14746484
245,4,1,2,4,20,False,117,2,244,756,7.56,0
246,4,1,2,4,29,True,115,3,206,974,9.74,0
247,4,1,2,4,30,True,117,2,136,648,6.48,0
248,4,1,2,4,31,True,117,2,223,735,7.35,0
249,4,1,2,4,25,False,226,1,190,446,4.46,0
250,4,1,2,4,20,True,226,1,170,426,4.26,0
251,4,1,3,4,28,False,58,2,36,548,5.48,0
252,4,1,3,4,12,True,58,2,11,523,5.23,0
253,4,1,2,4,23,False,49,5,142,1422,14.22,0
254,4,1,2,4,6,True,49,5,122,1402,14.02,0
255,4,1,3,4,23,False,118,5,220,1500,15.0,0
256,4,1,3,4,11,True,118,5,198,1478,14.78,0
257,4,1,3,4,25,False,52,4,109,1133,11.33,0
258,4,1,3,4,9,True,52,4,90,1114,11.14,0
259,4,1,2,4,32,False,176,4,55,1079,10.79,0
260,4,1,2,4,33,False,178,3,219,987,9.87,0
261,4,1,2,4,20,True,176,4,33,1057,10.57,0
262,4,1,2,4,21,True,177,3,176,944,9.44,0
263,4,1,2,4,14,False,131,3,173,941,9.41,0
264,4,1,2,4,31,True,131,3,150,918,9.18,0
265,4,1,2,4,26,False,112,0,224,224,2.24,0
266,4,1,2,4,15,True,111,0,205,205,2.05,0
267,4,1,2,4,24,False,227,3,5,773,7.73,0
268,4,1,2,4,13,True,227,2,241,753,7.53,0
269,4,1,0,4,32,False,77,0,168,168,1.68,0
270,4,1,0,4,31,False,74,3,191,959,9.59,0
271,4,1,0,4,23,True,74,3,173,941,9.41,0
272,4,1,2,4,9,False,149,2,87,599,5.99,0
273,4,1,2,4,11,True,149,2,65,577,5.77,0
274,4,1,2,4,0,False,91,1,73,329,3.29,0
275,4,1,2,4,26,True,91,1,54,310,3.1,0
276,4,1,0,4,12,False,224,1,38,294,2.94,0
277,4,1,0,4,5,True,224,1,20,276,2.76,0
278,4,1,0,4,31,False,109,6,2,1538,15.38,0
279,4,1,0,4,26,True,109,5,241,1521,15.21,0
280,4,1,2,4,32,False,149,0,136,136,1.36,0
281,4,1,2,4,23,True,149,0,114,114,1.14,0
282,4,1,2,4,30,False,145,2,238,750,7.5,0
283,4,1,2,4,25,True,145,2,220,732,7.32,0
284,4,1,2,4,21,False,44,3,201,969,9.69,0
285,4,1,2,4,23,False,44,4,171,1195,11.95,0
286,4,1,2,4,15,True,44,3,183,951,9.51,0
287,4,1,2,4,16,True,44,4,153,1177,11.77,0
288,4,1,2,4,26,False,249,5,249,1529,15.29,0
289,4,1,2,4,19,True,249,5,228,1508,15.08,0
290,4,1,2,4,6,False,18,3,190,958,9.58,0
291,4,1,2,4,12,True,18,3,169,937,9.37,0
292,4,1,2,4,13,True,18,2,186,698,6.98,0
293,4,1,2,5,18,False,2,10,4,2564,25.64,29
294,4,1,2,1,3,False,0,0,0,0,0.0,0
295,4,1,2,2,4,False,138,0,0,0,0.0,0
296,4,1,2,1,3,False,0,0,0,0,0.0,0
297,4,1,2,1,61,False,0,0,0,0,0.0,0
298,4,1,0,4,16,False,19,2,206,718,7.18,0
299,4,1,0,4,23,False,26,5,5,1285,12.85,0
300,4,1,0,4,30,True,26,4,16,1040,10.4,0
301,4,1,2,4,31,True,27,4,50,1074,10.74,0
302,4,1,1,4,6,False,102,5,167,1447,14.47,0
303,4,1,1,4,11,True,33,5,149,1429,14.29,0
304,4,1,2,4,15,False,133,1,176,432,4.32,0
305,4,1,2,4,16,False,130,4,193,1217,12.17,0
306,4,1,2,4,23,True,133,1,152,408,4.08,0
307,4,1,2,4,24,True,130,4,174,1198,11.98,0
308,4,1,2,4,6,False,150,2,40,552,5.52,0
309,4,1,2,4,4,False,150,4,181,1205,12.05,0
310,4,1,2,4,24,True,150,4,162,1186,11.86,0
311,4,1,2,4,25,True,150,2,21,533,5.33,0
312,4,1,2,4,18,False,92,4,138,1162,11.62,0
313,4,1,2,4,18,True,92,4,120,1144,11.44,0
314,4,1,2,4,2,False,183,3,39,807,8.07,0
315,4,1,2,4,17,True,183,3,18,786,7.86,0
316,4,1,3,4,3,False,122,4,76,1100,11.0,0
317,4,1,3,4,31,False,123,5,43,1323,13.23,0
318,4,1,3,4,15,True,122,4,53,1077,10.77,0
319,4,1,3,4,16,True,123,5,21,1301,13.01,0
320,4,1,2,4,15,False,17,4,43,1067,10.67,0
321,4,1,2,4,27,True,17,3,51,819,8.19,0
322,4,1,2,4,28,True,18,4,20,1044,10.44,0
323,4,1,2,4,7,False,13,6,137,1673,16.73,0
324,4,1,2,4,8,False,13,5,239,1519,15.19,0
325,4,1,2,4,13,True,13,6,118,1654,16.54,0
326,4,1,2,4,14,True,13,5,216,1496,14.96,0
327,4,1,2,4,14,False,120,2,11,523,5.23,0
328,4,1,2,4,19,True,120,1,244,500,5.0,0
329,4,1,0,4,27,False,110,3,135,903,9.03,0
330,4,1,0,4,34,True,110,3,117,885,8.85,0
331,4,1,2,4,24,False,206,4,242,1266,12.66,0
332,4,1,2,4,19,True,206,4,222,1246,12.46,0
333,4,1,2,4,26,False,224,2,79,591,5.91,0
334,4,1,2,4,5,True,223,2,60,572,5.72,0
335,4,1,0,4,29,False,221,2,132,644,6.44,0
336,4,1,0,4,11,True,221,2,116,628,6.28,0
337,4,1,0,4,33,False,84,4,23,1047,10.47,0
338,4,1,0,4,15,True,84,4,5,1029,10.29,0
339,4,1,2,4,18,False,182,2,52,564,5.64,0
340,4,1,2,4,25,True,182,2,33,545,5.45,0
341,4,1,2,4,19,False,181,3,255,1023,10.23,0
342,4,1,2,4,19,True,181,3,239,1007,10.07,0
343,4,1,2,4,22,False,247,5,79,1359,13.59,0
344,4,1,2,4,22,True,247,5,61,1341,13.41,0
345,4,1,2,4,2,False,197,2,161,673,6.73,0
346,4,1,2,4,3,False,194,2,104,616,6.16,0
347,4,1,2,4,20,True,197,2,139,651,6.51,0
348,4,1,2,4,21,True,194,2,83,595,5.95,0
349,4,1,2,4,18,False,139,5,68,1348,13.48,0
350,4,1,2,4,25,True,138,5,49,1329,13.29,0
351,4,1,2,4,14,False,85,3,54,822,8.22,0
352,4,1,2,4,28,True,85,3,32,800,8.0,0
353,4,1,2,4,21,False,149,1,143,399,3.99,0
354,4,1,2,4,27,True,148,1,125,381,3.81,0
355,4,1,3,4,22,False,116,3,218,986,9.86,0
356,4,1,3,4,23,False,118,2,114,626,6.26,0
357,4,1,3,4,8,True,116,3,199,967,9.67,0
358,4,1,2,4,25,False,36,6,75,1611,16.11,0
359,4,1,2,4,23,True,36,6,52,1588,15.88,0
360,4,1,3,4,17,False,58,2,251,763,7.63,0
361,4,1,3,4,16,False,59,4,215,1239,12.39,0
362,4,1,3,4,9,True,59,4,195,1219,12.19,0
363,4,1,3,4,11,True,58,2,229,741,7.41,0
364,4,1,2,4,22,False,85,2,180,692,6.92,0
365,4,1,2,4,8,True,85,2,162,674,6.74,0
366,4,1,2,4,7,False,218,1,214,470,4.7,0
367,4,1,2,4,14,True,218,1,196,452,4.52,0
368,4,1,2,4,9,False,25,3,252,1020,10.2,0
369,4,1,2,4,12,True,25,3,230,998,9.98,0
370,4,1,2,4,6,False,97,3,178,946,9.46,0
371,4,1,2,4,31,True,97,3,158,926,9.26,0
372,4,1,2,4,20,False,172,1,210,466,4.66,0
373,4,1,2,4,4,True,172,1,190,446,4.46,0
0,5,1,3,4,18,False,34,7,132,1924,19.24,0
1,5,1,3,4,4,True,34,7,109,1901,19.01,0
2,5,1,2,4,25,False,130,4,26,1050,10.5,0
3,5,1,2,4,14,True,130,4,7,1031,10.31,0
4,5,1,2,4,2,False,247,4,38,1062,10.62,0
5,5,1,2,4,7,True,247,4,16,1040,10.4,0
6,5,1,1,4,20,False,139,4,236,1260,12.6,0
7,5,1,1,4,10,True,138,4,216,1240,12.4,0
8,5,1,2,4,18,False,222,2,197,709,7.09,0
9,5,1,2,4,12,True,222,2,177,689,6.89,0
10,5,1,2,4,6,False,105,3,50,818,8.18,0
11,5,1,2,4,18,True,104,3,30,798,7.98,0
12,5,1,2,4,20,False,252,6,214,1750,17.5,0
13,5,1,2,4,17,True,252,6,193,1729,17.29,0
14,5,1,2,4,25,False,188,2,126,638,6.38,0
15,5,1,2,4,23,True,187,2,103,615,6.15,0
16,5,1,3,4,8,True,137,2,31,543,5.43,0
17,5,1,3,4,11,False,134,5,3,1283,12.83,0
18,5,1,3,4,12,False,135,4,43,1067,10.67,0
19,5,1,3,4,6,True,135,4,22,1046,10.46,0
20,5,1,3,4,9,True,134,4,239,1263,12.63,0
21,5,1,2,4,16,False,208,2,171,683,6.83,0
22,5,1,2,4,30,True,208,2,154,666,6.66,0
23,5,1,2,4,7,True,182,1,144,400,4.0,0
24,5,1,2,4,30,False,179,3,141,909,9.09,0
25,5,1,2,4,8,True,179,3,124,892,8.92,0
26,5,1,3,4,21,False,142,3,208,976,9.76,0
27,5,1,3,4,4,True,142,3,187,955,9.55,0
28,5,1,2,4,16,False,212,1,21,277,2.77,0
29,5,1,2,4,19,True,212,1,2,258,2.58,0
30,5,1,2,4,19,False,160,2,73,585,5.85,0
31,5,1,2,4,29,True,160,2,54,566,5.66,0
32,5,1,2,4,5,False,85,3,20,788,7.88,0
33,5,1,2,4,23,True,84,2,255,767,7.67,0
34,5,1,2,4,19,False,132,1,192,448,4.48,0
35,5,1,2,4,25,True,132,1,174,430,4.3,0
36,5,1,2,4,31,False,93,1,46,302,3.02,0
37,5,1,2,4,30,False,85,4,222,1246,12.46,0
38,5,1,2,4,21,True,85,4,204,1228,12.28,0
39,5,1,2,4,31,False,73,2,224,736,7.36,0
40,5,1,2,4,15,True,73,2,205,717,7.17,0
41,5,1,2,4,22,False,28,2,193,705,7.05,0
42,5,1,2,4,25,True,28,2,173,685,6.85,0
43,5,1,2,4,16,False,98,4,116,1140,11.4,0
44,5,1,2,4,26,True,98,4,98,1122,11.22,0
45,5,1,2,4,27,True,100,3,134,902,9.02,0
46,5,1,2,4,10,False,254,3,248,1016,10.16,0
47,5,1,2,4,9,True,254,3,229,997,9.97,0
48,5,1,2,4,17,False,182,4,34,1058,10.58,0
49,5,1,2,4,32,True,182,4,13,1037,10.37,0
50,5,1,0,4,30,False,40,3,113,881,8.81,0
51,5,1,0,4,31,False,39,3,209,977,9.77,0
52,5,1,0,4,21,True,39,3,191,959,9.59,0
53,5,1,2,4,19,False,177,3,75,843,8.43,0
54,5,1,2,4,20,False,176,4,186,1210,12.1,0
55,5,1,2,4,24,True,179,2,205,717,7.17,0
56,5,1,2,4,25,True,176,4,164,1188,11.88,0
57,5,1,2,4,24,False,58,2,118,630,6.3,0
58,5,1,2,4,8,True,58,2,98,610,6.1,0
59,5,1,2,4,23,False,20,3,255,1023,10.23,0
60,5,1,2,4,26,True,20,3,236,1004,10.04,0
61,5,1,0,4,21,False,159,2,133,645,6.45,0
62,5,1,0,4,17,True,159,2,115,627,6.27,0
63,5,1,2,4,0,False,91,2,224,736,7.36,0
64,5,1,2,4,26,True,150,2,205,717,7.17,0
65,5,1,2,4,14,False,233,3,84,852,8.52,0
66,5,1,2,4,27,True,233,3,62,830,8.3,0
67,5,1,2,4,22,False,58,2,179,691,6.91,0
68,5,1,2,4,20,False,57,4,180,1204,12.04,0
69,5,1,2,4,23,True,57,4,156,1180,11.8,0
70,5,1,3,4,8,False,204,3,40,808,8.08,0
71,5,1,3,4,10,True,204,3,21,789,7.89,0
72,5,1,2,4,17,True,202,1,2,258,2.58,0
73,5,1,2,4,16,False,199,3,31,799,7.99,0
74,5,1,2,4,14,True,200,3,10,778,7.78,0
75,5,1,2,4,15,True,199,2,211,723,7.23,0
76,5,1,2,4,20,False,244,2,147,659,6.59,0
77,5,1,2,4,24,True,244,2,124,636,6.36,0
78,5,1,2,4,18,False,82,4,121,1145,11.45,0
79,5,1,2,4,19,True,82,4,100,1124,11.24,0
80,5,1,2,4,22,False,136,2,24,536,5.36,0
81,5,1,2,4,19,True,136,2,3,515,5.15,0
82,5,1,2,4,5,False,17,3,104,872,8.72,0
83,5,1,2,4,6,False,17,4,255,1279,12.79,0
84,5,1,2,4,18,True,17,4,235,1259,12.59,0
85,5,1,2,4,3,False,239,7,93,1885,18.85,0
86,5,1,2,4,26,True,238,7,73,1865,18.65,0
87,5,1,2,4,25,False,196,3,103,871,8.71,0
88,5,1,2,4,25,True,196,3,85,853,8.53,0
89,5,1,2,4,28,False,204,1,130,386,3.86,0
90,5,1,2,4,29,True,204,1,112,368,3.68,0
91,5,1,2,4,8,True,141,1,61,317,3.17,0
92,5,1,2,4,0,False,139,5,2,1282,12.82,0
93,5,1,2,4,1,False,138,4,103,1127,11.27,0
94,5,1,2,4,7,True,138,4,250,1274,12.74,0
95,5,1,2,4,24,False,237,5,169,1449,14.49,0
96,5,1,2,4,24,True,237,5,151,1431,14.31,0
97,5,1,2,4,16,False,156,3,126,894,8.94,0
98,5,1,2,4,4,True,156,3,108,876,8.76,0
99,5,1,2,4,6,False,190,2,201,713,7.13,0
100,5,1,2,4,15,True,189,2,181,693,6.93,0
101,5,1,2,4,17,False,149,3,118,886,8.86,0
102,5,1,2,4,27,True,149,3,94,862,8.62,0
103,5,1,2,4,16,False,162,2,117,629,6.29,0
104,5,1,2,4,18,False,160,6,26,1562,15.62,0
105,5,1,2,4,27,True,160,6,6,1542,15.42,0
106,5,1,2,4,18,False,254,3,59,827,8.27,0
107,5,1,2,4,24,True,254,3,40,808,8.08,0
108,5,1,2,4,6,False,80,4,28,1052,10.52,0
109,5,1,2,4,16,True,80,4,8,1032,10.32,0
110,5,1,3,4,28,False,111,2,188,700,7.0,0
111,5,1,3,4,9,True,111,2,165,677,6.77,0
112,5,1,3,4,31,False,40,3,137,905,9.05,0
113,5,1,3,4,7,True,39,3,114,882,8.82,0
114,5,1,2,4,15,False,48,5,83,1363,13.63,0
115,5,1,2,4,32,True,48,5,63,1343,13.43,0
116,5,1,2,4,19,False,80,2,202,714,7.14,0
117,5,1,2,4,14,True,80,2,182,694,6.94,0
118,5,1,2,4,18,False,175,3,4,772,7.72,0
119,5,1,2,4,29,True,174,2,241,753,7.53,0
120,5,1,0,4,28,False,81,7,79,1871,18.71,0
121,5,1,0,4,28,True,81,7,63,1855,18.55,0
122,5,1,2,4,1,False,108,2,170,682,6.82,0
123,5,1,2,4,16,True,107,2,147,659,6.59,0
124,5,1,2,4,3,False,31,2,142,654,6.54,0
125,5,1,2,4,5,False,26,1,203,459,4.59,0
126,5,1,2,4,19,True,31,2,120,632,6.32,0
127,5,1,2,4,21,True,26,1,185,441,4.41,0
128,5,1,2,4,32,False,109,1,255,511,5.11,0
129,5,1,2,4,21,True,109,1,235,491,4.91,0
130,5,1,2,4,28,False,31,4,137,1161,11.61,0
131,5,1,2,4,12,True,31,4,119,1143,11.43,0
132,5,1,2,4,0,False,71,3,32,800,8.0,0
133,5,1,2,4,1,False,71,3,182,950,9.5,0
134,5,1,2,4,32,True,71,3,161,929,9.29,0
135,5,1,2,4,20,False,231,1,228,484,4.84,0
136,5,1,2,4,32,True,231,1,208,464,4.64,0
137,5,1,2,4,21,False,252,1,240,496,4.96,0
138,5,1,2,4,18,True,252,1,222,478,4.78,0
139,5,1,2,4,16,False,81,1,243,499,4.99,0
140,5,1,2,4,28,True,81,1,225,481,4.81,0
141,5,1,2,4,26,False,35,3,144,912,9.12,0
142,5,1,2,4,27,False,34,4,109,1133,11.33,0
143,5,1,2,4,30,True,34,4,90,1114,11.14,0
144,5,1,2,4,33,False,202,2,56,568,5.68,0
145,5,1,2,4,7,True,202,2,36,548,5.48,0
146,5,1,2,4,0,False,37,5,49,1329,13.29,0
147,5,1,2,4,29,True,37,5,30,1310,13.1,0
148,5,1,2,4,23,False,136,3,140,908,9.08,0
149,5,1,2,4,23,True,136,3,121,889,8.89,0
150,5,1,2,4,3,False,31,1,208,464,4.64,0
151,5,1,2,4,18,True,119,1,187,443,4.43,0
152,5,1,2,4,23,False,250,3,170,938,9.38,0
153,5,1,2,4,27,True,250,3,150,918,9.18,0
154,5,1,2,4,8,False,250,4,0,1024,10.24,0
155,5,1,2,4,5,True,250,3,232,1000,10.0,0
156,5,1,2,4,4,False,112,5,166,1446,14.46,0
157,5,1,2,4,20,True,112,5,147,1427,14.27,0
158,5,1,1,4,12,False,235,2,128,640,6.4,0
159,5,1,1,4,3,True,235,2,110,622,6.22,0
160,5,1,2,4,19,False,245,2,120,632,6.32,0
161,5,1,2,4,30,True,245,2,101,613,6.13,0
162,5,1,2,4,25,False,237,3,66,834,8.34,0
163,5,1,2,4,27,True,237,3,43,811,8.11,0
164,5,1,2,4,26,False,237,9,176,2480,24.8,0
165,5,1,2,4,26,True,237,9,158,2462,24.62,0
166,5,1,2,4,6,False,133,2,52,564,5.64,0
167,5,1,2,4,21,True,133,2,33,545,5.45,0
168,5,1,2,4,22,False,131,3,130,898,8.98,0
169,5,1,2,4,28,True,131,3,111,879,8.79,0
170,5,1,2,4,22,False,232,3,103,871,8.71,0
171,5,1,2,4,23,False,231,5,59,1339,13.39,0
172,5,1,2,4,25,True,232,3,84,852,8.52,0
173,5,1,2,4,26,True,231,5,40,1320,13.2,0
174,5,1,2,4,25,False,181,2,85,597,5.97,0
175,5,1,2,4,26,False,181,3,243,1011,10.11,0
176,5,1,2,4,15,True,181,3,224,992,9.92,0
177,5,1,2,4,17,True,181,2,65,577,5.77,0
178,5,1,2,4,30,False,108,3,182,950,9.5,0
179,5,1,2,4,10,True,108,3,165,933,9.33,0
180,5,1,2,4,22,False,150,4,83,1107,11.07,0
181,5,1,2,4,23,False,151,6,140,1676,16.76,0
182,5,1,2,4,29,True,150,6,124,1660,16.6,0
183,5,1,0,4,23,False,137,3,192,960,9.6,0
184,5,1,0,4,22,True,137,3,174,942,9.42,0
185,5,1,2,4,0,False,79,7,84,1876,18.76,0
186,5,1,2,4,33,True,79,7,66,1858,18.58,0
187,5,1,2,4,21,False,143,3,228,996,9.96,0
188,5,1,2,4,26,True,143,3,211,979,9.79,0
189,5,1,1,4,30,False,114,3,106,874,8.74,0
190,5,1,2,4,17,False,116,2,246,758,7.58,0
191,5,1,1,4,7,True,114,3,89,857,8.57,0
192,5,1,2,4,33,True,116,2,225,737,7.37,0
193,5,1,2,4,32,False,3,1,220,476,4.76,0
194,5,1,2,4,14,True,2,1,200,456,4.56,0
195,5,1,2,4,6,False,106,2,91,603,6.03,0
196,5,1,2,4,19,True,106,2,71,583,5.83,0
197,5,1,2,4,28,True,131,2,162,674,6.74,0
198,5,1,2,4,6,False,131,3,195,963,9.63,0
199,5,1,2,4,27,True,133,3,155,923,9.23,0
200,5,1,2,4,19,False,112,3,9,777,7.77,0
201,5,1,2,4,25,True,111,2,246,758,7.58,0
202,5,1,2,4,22,False,217,6,24,1560,15.6,0
203,5,1,2,4,22,True,217,6,5,1541,15.41,0
204,5,1,2,6,25,True,6,5,4,1284,12.84,46618
205,5,1,2,5,57,False,4,0,182,182,1.82,5
206,5,1,2,5,61,False,61,13,61,3389,33.89,61
207,5,1,0,4,33,False,43,7,156,1948,19.48,0
208,5,1,0,4,26,True,43,7,138,1930,19.3,0
209,5,1,0,4,20,False,107,1,241,497,4.97,0
210,5,1,2,4,26,True,107,1,221,477,4.77,0
211,5,1,2,4,22,False,135,2,172,684,6.84,0
212,5,1,2,4,12,True,135,2,152,664,6.64,0
213,5,1,2,4,1,False,210,1,21,277,2.77,0
214,5,1,2,4,14,True,210,0,254,254,2.54,0
215,5,1,2,4,20,False,235,2,18,530,5.3,0
216,5,1,2,4,25,True,235,1,252,508,5.08,0
217,5,1,2,4,16,False,113,3,175,943,9.43,0
218,5,1,2,4,25,True,113,3,158,926,9.26,0
219,5,1,2,4,24,False,82,4,93,1117,11.17,0
220,5,1,2,4,23,True,82,4,70,1094,10.94,0
221,5,1,2,4,26,True,235,1,49,305,3.05,0
222,5,1,2,4,3,False,231,3,246,1014,10.14,0
223,5,1,2,4,27,True,231,3,225,993,9.93,0
224,5,1,2,4,4,False,228,4,75,1099,10.99,0
225,5,1,2,4,24,True,228,4,56,1080,10.8,0
226,5,1,2,4,2,False,246,1,238,494,4.94,0
227,5,1,2,4,17,True,246,1,216,472,4.72,0
228,5,1,2,4,27,False,193,3,46,814,8.14,0
229,5,1,2,4,24,True,193,3,26,794,7.94,0
230,5,1,2,4,17,False,207,4,96,1120,11.2,0
231,5,1,2,4,22,True,207,4,73,1097,10.97,0
232,5,1,2,4,30,False,67,6,205,1741,17.41,0
233,5,1,2,4,21,True,66,6,187,1723,17.23,0
234,5,1,2,4,29,False,250,4,197,1221,12.21,0
235,5,1,2,4,11,True,250,4,179,1203,12.03,0
236,5,1,2,4,22,False,61,3,188,956,9.56,0
237,5,1,2,4,29,True,150,3,167,935,9.35,0
238,5,1,2,4,13,False,64,2,16,528,5.28,0
239,5,1,2,4,6,True,64,1,249,505,5.05,0
240,5,1,0,4,24,False,6,1,23,279,2.79,0
241,5,1,0,4,9,True,6,1,7,263,2.63,0
242,5,1,2,4,15,False,57,2,7,519,5.19,0
243,5,1,2,4,25,True,57,1,242,498,4.98,0
244,5,1,2,4,14,False,231,2,252,764,7.64,0
245,5,1,2,4,31,True,231,2,230,742,7.42,0
246,5,1,0,4,31,False,52,4,108,1132,11.32,0
247,5,1,0,4,30,True,52,4,90,1114,11.14,0
248,5,1,2,4,22,False,31,3,33,801,8.01,0
249,5,1,2,4,24,True,31,3,12,780,7.8,0
250,5,1,2,4,20,False,220,1,182,438,4.38,0
251,5,1,2,4,13,True,220,1,161,417,4.17,0
252,5,1,1,4,5,False,32,5,253,1533,15.33,0
253,5,1,1,4,3,True,32,5,234,1514,15.14,0
254,5,1,2,4,17,False,153,2,39,551,5.51,0
255,5,1,2,4,33,True,153,2,17,529,5.29,0
256,5,1,2,4,20,False,104,2,151,663,6.63,0
257,5,1,2,4,23,True,104,2,129,641,6.41,0
258,5,1,3,4,2,False,194,3,50,818,8.18,0
259,5,1,3,4,17,True,194,3,30,798,7.98,0
260,5,1,2,4,8,False,216,3,217,985,9.85,0
261,5,1,2,4,9,True,216,3,194,962,9.62,0
262,5,1,2,4,6,False,166,1,79,335,3.35,0
263,5,1,2,4,5,False,165,4,181,1205,12.05,0
264,5,1,2,4,25,True,165,4,164,1188,11.88,0
265,5,1,2,4,26,True,166,1,169,425,4.25,0
266,5,1,2,4,21,False,246,4,172,1196,11.96,0
267,5,1,2,4,3,True,246,4,155,1179,11.79,0
268,5,1,2,4,25,False,213,1,228,484,4.84,0
269,5,1,2,4,25,True,213,1,211,467,4.67,0
270,5,1,2,4,6,False,139,4,92,1116,11.16,0
271,5,1,2,4,33,True,139,4,73,1097,10.97,0
272,5,1,2,4,15,False,6,2,48,560,5.6,0
273,5,1,2,4,16,True,6,2,26,538,5.38,0
274,5,1,2,4,15,False,86,1,240,496,4.96,0
275,5,1,2,4,17,True,85,1,218,474,4.74,0
276,5,1,2,4,16,False,129,2,149,661,6.61,0
277,5,1,2,4,30,True,129,2,131,643,6.43,0
278,5,1,2,4,31,True,129,2,103,615,6.15,0
279,5,1,2,4,23,False,29,1,15,271,2.71,0
280,5,1,2,4,25,True,28,0,252,252,2.52,0
281,5,1,2,4,0,False,87,4,54,1078,10.78,0
282,5,1,2,4,18,True,87,4,33,1057,10.57,0
283,5,1,2,4,22,False,110,2,214,726,7.26,0
284,5,1,2,4,32,True,110,2,194,706,7.06,0
285,5,1,2,4,33,False,114,2,123,635,6.35,0
286,5,1,2,4,19,True,114,2,102,614,6.14,0
287,5,1,2,4,26,False,205,4,24,1048,10.48,0
288,5,1,2,4,19,True,205,4,4,1028,10.28,0
289,5,1,1,4,28,False,205,3,174,942,9.42,0
290,5,1,1,4,29,False,205,4,1,1025,10.25,0
291,5,1,1,4,15,True,205,3,238,1006,10.06,0
292,5,1,1,4,16,True,205,3,154,922,9.22,0
293,5,1,3,4,25,False,167,4,154,1178,11.78,0
294,5,1,3,4,22,True,167,4,131,1155,11.55,0
295,5,1,3,4,29,False,223,4,190,1214,12.14,0
296,5,1,3,4,3,True,222,4,169,1193,11.93,0
297,5,1,2,4,5,False,14,3,221,989,9.89,0
298,5,1,2,4,5,True,14,3,205,973,9.73,0
299,5,1,2,4,9,False,179,1,188,444,4.44,0
300,5,1,2,4,9,True,179,1,171,427,4.27,0
301,5,1,2,4,6,False,187,1,155,411,4.11,0
302,5,1,2,4,19,True,187,1,136,392,3.92,0
303,5,1,2,4,17,False,64,2,14,526,5.26,0
304,5,1,2,4,23,True,63,1,247,503,5.03,0
305,5,1,2,4,21,False,230,1,230,486,4.86,0
306,5,1,2,4,22,True,230,1,212,468,4.68,0
307,5,1,2,4,23,False,190,2,122,634,6.34,0
308,5,1,2,4,8,True,190,2,104,616,6.16,0
309,5,1,2,4,32,False,171,1,121,377,3.77,0
310,5,1,2,4,23,True,171,1,99,355,3.55,0
311,5,1,3,4,17,False,173,3,25,793,7.93,0
312,5,1,3,4,8,True,173,3,5,773,7.73,0
313,5,1,2,4,16,False,134,3,240,1008,10.08,0
314,5,1,2,4,23,True,134,3,220,988,9.88,0
315,5,1,2,4,28,False,204,2,118,630,6.3,0
316,5,1,2,4,31,True,203,2,100,612,6.12,0
317,5,1,2,4,28,False,61,2,209,721,7.21,0
318,5,1,2,4,24,True,60,2,190,702,7.02,0
319,5,1,3,4,22,False,83,4,155,1179,11.79,0
320,5,1,3,4,4,True,83,4,136,1160,11.6,0
321,5,1,2,4,15,False,26,2,250,762,7.62,0
322,5,1,2,4,26,True,26,2,230,742,7.42,0
323,5,1,2,4,30,False,98,4,95,1119,11.19,0
324,5,1,2,4,29,True,98,4,77,1101,11.01,0
325,5,1,3,4,21,False,251,4,13,1037,10.37,0
326,5,1,3,4,4,True,250,3,248,1016,10.16,0
327,5,1,2,4,4,False,212,1,13,269,2.69,0
328,5,1,2,4,30,True,212,0,252,252,2.52,0
329,5,1,2,4,20,False,47,1,145,401,4.01,0
330,5,1,2,4,13,True,47,1,124,380,3.8,0
331,5,1,2,4,29,True,101,1,16,272,2.72,0
332,5,1,2,4,1,False,98,4,40,1064,10.64,0
333,5,1,2,4,30,True,98,4,18,1042,10.42,0
334,5,1,2,4,31,True,99,2,83,595,5.95,0
335,5,1,3,4,15,False,124,2,23,535,5.35,0
336,5,1,3,4,5,True,124,2,0,512,5.12,0
337,5,1,2,4,16,False,101,2,96,608,6.08,0
338,5,1,2,4,23,True,101,2,75,587,5.87,0
339,5,1,2,4,11,False,237,2,48,560,5.6,0
340,5,1,2,4,14,True,237,2,28,540,5.4,0
341,5,1,2,4,30,False,165,7,121,1913,19.13,0
342,5,1,2,4,13,True,165,7,102,1894,18.94,0
343,5,1,3,4,0,False,107,9,143,2447,24.47,0
344,5,1,3,4,6,True,135,9,117,2421,24.21,0
345,5,1,0,4,32,False,129,5,137,1417,14.17,0
346,5,1,0,4,34,True,129,5,118,1398,13.98,0
347,5,1,0,4,15,False,183,6,12,1548,15.48,0
348,5,1,0,4,22,True,182,5,248,1528,15.28,0
349,5,1,2,4,23,False,59,4,227,1251,12.51,0
350,5,1,2,4,7,True,59,4,208,1232,12.32,0
351,5,1,2,4,6,False,225,2,102,614,6.14,0
352,5,1,2,4,33,True,225,2,84,596,5.96,0
353,5,1,2,4,5,False,105,1,230,486,4.86,0
354,5,1,2,4,26,True,105,1,211,467,4.67,0
355,5,1,0,4,0,False,154,1,127,383,3.83,0
356,5,1,0,4,8,True,154,1,109,365,3.65,0
357,5,1,2,4,20,False,196,3,95,863,8.63,0
358,5,1,2,4,29,True,196,3,74,842,8.42,0
359,5,1,2,4,5,False,148,3,86,854,8.54,0
360,5,1,2,4,20,True,148,3,66,834,8.34,0
361,5,1,3,4,22,False,52,1,182,438,4.38,0
362,5,1,3,4,16,True,52,1,163,419,4.19,0
363,5,1,2,4,3,False,43,3,82,850,8.5,0
364,5,1,2,4,12,True,43,3,60,828,8.28,0
365,5,1,2,4,22,False,238,2,19,531,5.31,0
366,5,1,2,4,6,True,249,0,211,211,2.11,0
367,5,1,2,4,7,True,238,1,255,511,5.11,0
368,5,1,3,4,25,False,89,3,62,830,8.3,0
369,5,1,3,4,12,True,89,3,41,809,8.09,0
370,5,1,2,4,0,False,245,4,55,1079,10.79,0
371,5,1,2,4,23,True,245,4,34,1058,10.58,0
0,6,1,2,4,22,False,143,2,193,705,7.05,0
1,6,1,2,4,13,True,143,2,173,685,6.85,0
2,6,1,3,4,1,False,8,1,135,391,3.91,0
3,6,1,3,4,14,True,8,1,112,368,3.68,0
4,6,1,2,4,24,False,34,5,197,1477,14.77,0
5,6,1,2,4,24,True,34,5,178,1458,14.58,0
6,6,1,2,4,30,False,144,3,60,828,8.28,0
7,6,1,2,4,27,True,144,3,40,808,8.08,0
8,6,1,2,4,25,False,97,3,204,972,9.72,0
9,6,1,2,4,23,True,97,3,182,950,9.5,0
10,6,1,2,4,29,False,42,2,196,708,7.08,0
11,6,1,2,4,27,True,42,2,177,689,6.89,0
12,6,1,2,4,7,True,194,1,140,396,3.96,0
13,6,1,2,4,22,False,192,3,40,808,8.08,0
14,6,1,2,4,8,True,192,3,22,790,7.9,0
15,6,1,2,4,22,False,251,5,186,1466,14.66,0
16,6,1,2,4,26,True,251,5,166,1446,14.46,0
17,6,1,2,4,8,False,255,2,48,560,5.6,0
18,6,1,2,4,5,True,255,2,25,537,5.37,0
19,6,1,2,4,31,False,156,2,196,708,7.08,0
20,6,1,2,4,23,True,156,2,174,686,6.86,0
21,6,1,2,4,12,False,70,4,165,1189,11.89,0
22,6,1,2,4,11,True,69,4,146,1170,11.7,0
23,6,1,2,4,16,False,168,2,67,579,5.79,0
24,6,1,2,4,18,True,168,2,48,560,5.6,0
25,6,1,2,4,32,False,96,2,156,668,6.68,0
26,6,1,2,4,27,True,96,2,134,646,6.46,0
27,6,1,2,4,12,False,26,2,147,659,6.59,0
28,6,1,2,4,10,True,26,2,129,641,6.41,0
29,6,1,2,4,1,False,19,3,152,920,9.2,0
30,6,1,2,4,2,False,19,3,23,791,7.91,0
31,6,1,2,4,30,True,19,3,134,902,9.02,0
32,6,1,2,4,32,True,156,2,54,566,5.66,0
33,6,1,2,4,21,False,156,5,34,1314,13.14,0
34,6,1,2,4,22,False,156,6,84,1620,16.2,0
35,6,1,2,4,31,True,155,6,64,1600,16.0,0
36,6,1,3,4,0,False,37,4,240,1264,12.64,0
37,6,1,3,4,23,True,37,4,216,1240,12.4,0
38,6,1,2,4,22,False,9,4,55,1079,10.79,0
39,6,1,2,4,27,True,9,4,34,1058,10.58,0
40,6,1,2,4,1,False,100,2,242,754,7.54,0
41,6,1,2,4,30,True,100,2,220,732,7.32,0
42,6,1,2,4,23,False,178,2,116,628,6.28,0
43,6,1,2,4,13,True,178,2,97,609,6.09,0
44,6,1,2,4,16,False,61,2,209,721,7.21,0
45,6,1,2,4,26,True,61,2,191,703,7.03,0
46,6,1,2,4,17,False,36,3,23,791,7.91,0
47,6,1,2,4,18,True,36,2,255,767,7.67,0
48,6,1,2,4,20,False,54,2,247,759,7.59,0
49,6,1,2,4,27,True,54,2,225,737,7.37,0
50,6,1,2,4,32,False,144,3,39,807,8.07,0
51,6,1,2,4,13,True,144,3,18,786,7.86,0
52,6,1,2,4,17,False,165,1,243,499,4.99,0
53,6,1,2,4,19,True,165,1,221,477,4.77,0
54,6,1,1,4,32,False,54,4,181,1205,12.05,0
55,6,1,1,4,11,True,54,4,165,1189,11.89,0
56,6,1,2,4,16,False,44,1,72,328,3.28,0
57,6,1,2,4,29,True,44,1,53,309,3.09,0
58,6,1,2,4,16,False,39,4,182,1206,12.06,0
59,6,1,2,4,21,True,39,4,162,1186,11.86,0
60,6,1,2,4,24,False,80,3,73,841,8.41,0
61,6,1,2,4,32,True,80,3,53,821,8.21,0
62,6,1,2,4,19,False,118,3,52,820,8.2,0
63,6,1,2,4,19,True,118,3,34,802,8.02,0
64,6,1,2,4,23,False,223,1,155,411,4.11,0
65,6,1,2,4,22,False,216,4,118,1142,11.42,0
66,6,1,2,4,3,True,215,4,99,1123,11.23,0
67,6,1,2,4,30,False,6,3,211,979,9.79,0
68,6,1,3,4,21,False,7,3,178,946,9.46,0
69,6,1,2,4,17,True,6,3,193,961,9.61,0
70,6,1,3,4,10,True,7,3,156,924,9.24,0
71,6,1,2,4,3,False,17,1,78,334,3.34,0
72,6,1,2,4,31,True,17,1,57,313,3.13,0
73,6,1,2,4,3,False,41,2,68,580,5.8,0
74,6,1,2,4,31,True,41,2,46,558,5.58,0
75,6,1,2,4,14,False,242,2,13,525,5.25,0
76,6,1,2,4,27,True,241,1,247,503,5.03,0
77,6,1,2,4,22,False,14,1,191,447,4.47,0
78,6,1,2,4,25,True,14,1,171,427,4.27,0
79,6,1,2,4,28,False,102,2,104,616,6.16,0
80,6,1,2,4,29,False,101,2,53,565,5.65,0
81,6,1,2,4,16,True,101,2,35,547,5.47,0
82,6,1,2,4,17,True,102,2,86,598,5.98,0
83,6,1,2,4,26,False,4,3,141,909,9.09,0
84,6,1,2,4,21,True,4,3,121,889,8.89,0
85,6,1,2,4,22,True,4,3,79,847,8.47,0
86,6,1,2,4,24,False,77,1,53,309,3.09,0
87,6,1,2,4,26,False,74,2,125,637,6.37,0
88,6,1,2,4,21,True,74,2,105,617,6.17,0
89,6,1,2,4,22,True,77,1,33,289,2.89,0
90,6,1,2,4,16,False,30,2,142,654,6.54,0
91,6,1,2,4,26,True,30,2,124,636,6.36,0
92,6,1,2,4,13,False,53,2,247,759,7.59,0
93,6,1,2,4,9,True,55,2,207,719,7.19,0
94,6,1,2,4,10,True,53,2,225,737,7.37,0
95,6,1,2,4,4,False,82,4,71,1095,10.95,0
96,6,1,2,4,7,True,82,4,53,1077,10.77,0
97,6,1,2,4,16,False,234,1,171,427,4.27,0
98,6,1,2,4,19,True,234,1,152,408,4.08,0
99,6,1,2,4,22,False,42,2,166,678,6.78,0
100,6,1,2,4,24,True,42,2,146,658,6.58,0
101,6,1,2,4,16,False,39,2,211,723,7.23,0
102,6,1,2,4,18,True,39,2,192,704,7.04,0
103,6,1,0,4,12,True,187,0,76,76,0.76,0
104,6,1,0,4,31,False,179,4,156,1180,11.8,0
105,6,1,0,4,32,False,179,4,232,1256,12.56,0
106,6,1,0,4,11,True,179,4,140,1164,11.64,0
107,6,1,0,4,13,True,178,4,216,1240,12.4,0
108,6,1,2,4,23,False,26,5,153,1433,14.33,0
109,6,1,2,4,31,True,26,5,134,1414,14.14,0
110,6,1,2,4,2,False,76,1,96,352,3.52,0
111,6,1,2,4,19,True,76,1,74,330,3.3,0
112,6,1,2,4,14,False,208,2,89,601,6.01,0
113,6,1,2,4,6,True,207,2,65,577,5.77,0
114,6,1,2,4,25,False,138,4,251,1275,12.75,0
115,6,1,2,4,16,True,137,4,230,1254,12.54,0
116,6,1,0,4,20,False,199,2,189,701,7.01,0
117,6,1,0,4,14,True,199,2,169,681,6.81,0
118,6,1,2,4,9,False,72,1,243,499,4.99,0
119,6,1,2,4,11,False,72,1,159,415,4.15,0
120,6,1,2,4,3,True,72,1,223,479,4.79,0
121,6,1,2,4,4,True,72,1,140,396,3.96,0
122,6,1,2,4,25,False,71,2,193,705,7.05,0
123,6,1,2,4,33,True,71,2,173,685,6.85,0
124,6,1,2,4,27,False,109,3,99,867,8.67,0
125,6,1,2,4,13,True,109,3,80,848,8.48,0
126,6,1,2,4,28,False,27,3,30,798,7.98,0
127,6,1,2,4,15,True,27,3,13,781,7.81,0
128,6,1,2,4,3,False,235,1,105,361,3.61,0
129,6,1,2,4,24,True,235,1,85,341,3.41,0
130,6,1,2,4,18,False,208,2,192,704,7.04,0
131,6,1,2,4,17,False,208,4,44,1068,10.68,0
132,6,1,2,4,32,True,208,2,174,686,6.86,0
133,6,1,2,4,33,True,208,4,21,1045,10.45,0
134,6,1,0,4,28,False,69,2,86,598,5.98,0
135,6,1,0,4,34,True,69,2,68,580,5.8,0
136,6,1,3,4,6,False,20,4,215,1239,12.39,0
137,6,1,3,4,7,True,20,4,193,1217,12.17,0
138,6,1,3,4,7,False,19,9,227,2531,25.31,0
139,6,1,3,4,8,True,19,9,205,2509,25.09,0
140,6,1,3,4,9,True,20,5,97,1377,13.77,0
141,6,1,2,4,11,False,227,1,183,439,4.39,0
142,6,1,2,4,13,True,227,1,163,419,4.19,0
143,6,1,0,4,24,False,93,3,21,789,7.89,0
144,6,1,0,4,34,True,93,3,4,772,7.72,0
145,6,1,3,4,2,False,197,6,9,1545,15.45,0
146,6,1,3,4,19,True,197,5,71,1351,13.51,0
147,6,1,3,4,20,True,197,5,246,1526,15.26,0
148,6,1,0,4,28,False,118,3,137,905,9.05,0
149,6,1,0,4,22,True,118,3,118,886,8.86,0
150,6,1,2,4,27,False,222,1,213,469,4.69,0
151,6,1,2,4,15,True,222,1,194,450,4.5,0
152,6,1,0,4,22,False,252,3,159,927,9.27,0
153,6,1,0,4,23,False,252,4,125,1149,11.49,0
154,6,1,0,4,17,True,253,3,106,874,8.74,0
155,6,1,0,4,18,True,252,4,111,1135,11.35,0
156,6,1,1,4,32,False,118,1,88,344,3.44,0
157,6,1,1,4,5,True,118,1,75,331,3.31,0
158,6,1,1,4,22,False,152,0,242,242,2.42,0
159,6,1,1,4,15,True,152,0,222,222,2.22,0
160,6,1,0,4,26,False,181,2,105,617,6.17,0
161,6,1,0,4,25,True,181,2,85,597,5.97,0
162,6,1,2,4,30,False,238,4,125,1149,11.49,0
163,6,1,2,4,13,True,238,4,107,1131,11.31,0
164,6,1,3,4,7,False,212,3,144,912,9.12,0
165,6,1,3,4,14,True,212,3,121,889,8.89,0
166,6,1,2,4,29,False,210,4,206,1230,12.3,0
167,6,1,2,4,9,True,210,4,189,1213,12.13,0
168,6,1,2,4,13,False,218,0,205,205,2.05,0
169,6,1,2,4,12,False,213,2,133,645,6.45,0
170,6,1,2,4,10,True,212,2,115,627,6.27,0
171,6,1,2,4,11,True,224,0,48,48,0.48,0
172,6,1,2,4,21,False,146,2,161,673,6.73,0
173,6,1,2,4,6,True,145,2,143,655,6.55,0
174,6,1,1,4,29,False,153,0,159,159,1.59,0
175,6,1,1,4,16,True,153,0,142,142,1.42,0
176,6,1,2,4,26,False,166,2,179,691,6.91,0
177,6,1,2,4,27,True,166,2,158,670,6.7,0
178,6,1,3,4,21,False,119,4,178,1202,12.02,0
179,6,1,3,4,11,True,119,4,154,1178,11.78,0
180,6,1,3,4,1,False,224,3,254,1022,10.22,0
181,6,1,3,4,6,True,224,3,230,998,9.98,0
182,6,1,2,4,27,False,222,0,162,162,1.62,0
183,6,1,2,4,28,False,152,3,89,857,8.57,0
184,6,1,2,4,14,True,152,3,71,839,8.39,0
185,6,1,2,4,6,False,7,7,64,1856,18.56,0
186,6,1,2,4,27,True,7,7,44,1836,18.36,0
187,6,1,2,4,3,False,163,2,215,727,7.27,0
188,6,1,2,4,5,True,163,2,193,705,7.05,0
189,6,1,2,4,19,False,207,1,27,283,2.83,0
190,6,1,2,4,33,True,207,1,9,265,2.65,0
191,6,1,3,4,31,False,44,2,127,639,6.39,0
192,6,1,3,4,7,True,44,2,103,615,6.15,0
193,6,1,0,4,6,False,228,1,158,414,4.14,0
194,6,1,0,4,12,True,228,1,141,397,3.97,0
195,6,1,2,4,16,False,111,4,30,1054,10.54,0
196,6,1,2,4,15,True,111,4,10,1034,10.34,0
197,6,1,1,4,16,False,65,3,110,878,8.78,0
198,6,1,1,4,12,True,65,3,92,860,8.6,0
199,6,1,2,4,28,False,0,3,188,956,9.56,0
200,6,1,2,4,30,False,0,2,249,761,7.61,0
201,6,1,2,4,32,True,0,3,170,938,9.38,0
202,6,1,2,4,24,False,213,5,213,1493,14.93,0
203,6,1,2,4,19,True,213,5,193,1473,14.73,0
204,6,1,2,4,19,False,151,2,165,677,6.77,0
205,6,1,2,4,12,True,151,2,145,657,6.57,0
206,6,1,2,4,21,False,199,1,142,398,3.98,0
207,6,1,2,4,15,True,199,1,124,380,3.8,0
208,6,1,2,4,19,False,66,1,230,486,4.86,0
209,6,1,2,4,19,True,66,1,213,469,4.69,0
210,6,1,2,4,32,False,167,3,106,874,8.74,0
211,6,1,2,4,10,True,167,3,87,855,8.55,0
212,6,1,2,4,6,False,117,5,3,1283,12.83,0
213,6,1,2,4,17,True,117,4,239,1263,12.63,0
214,6,1,3,4,30,False,156,6,47,1583,15.83,0
215,6,1,3,4,30,True,156,6,30,1566,15.66,0
216,6,1,3,4,21,False,60,3,28,796,7.96,0
217,6,1,3,4,17,True,60,3,6,774,7.74,0
218,6,1,2,4,17,False,200,2,127,639,6.39,0
219,6,1,2,4,19,True,200,2,104,616,6.16,0
220,6,1,2,4,17,False,94,2,242,754,7.54,0
221,6,1,2,4,15,True,94,2,220,732,7.32,0
222,6,1,2,4,16,False,78,2,204,716,7.16,0
223,6,1,2,4,25,True,78,2,186,698,6.98,0
224,6,1,2,4,32,False,100,2,55,567,5.67,0
225,6,1,2,4,33,False,98,5,150,1430,14.3,0
226,6,1,2,4,21,True,98,5,129,1409,14.09,0
227,6,1,2,4,3,False,127,2,215,727,7.27,0
228,6,1,2,4,31,True,127,2,195,707,7.07,0
229,6,1,2,4,21,False,183,2,186,698,6.98,0
230,6,1,2,4,28,True,182,2,169,681,6.81,0
231,6,1,2,4,26,False,51,1,113,369,3.69,0
232,6,1,2,4,25,True,51,1,93,349,3.49,0
233,6,1,2,4,0,False,89,2,234,746,7.46,0
234,6,1,2,4,18,True,89,2,214,726,7.26,0
235,6,1,3,4,19,False,193,4,49,1073,10.73,0
236,6,1,3,4,3,True,193,4,29,1053,10.53,0
237,6,1,3,4,11,False,217,3,195,963,9.63,0
238,6,1,3,4,4,True,217,3,175,943,9.43,0
239,6,1,2,4,6,False,150,1,119,375,3.75,0
240,6,1,2,4,28,True,150,1,101,357,3.57,0
241,6,1,2,4,18,False,53,3,100,868,8.68,0
242,6,1,2,4,24,True,53,3,80,848,8.48,0
243,6,1,2,4,26,False,47,1,166,422,4.22,0
244,6,1,2,4,15,True,47,1,146,402,4.02,0
245,6,1,2,7,47,False,1,2,4,516,5.16,292885
246,6,1,2,3,4,False,145,8,0,2048,20.48,0
247,6,1,2,3,25,False,4,2,0,512,5.12,0
248,6,1,2,7,4,False,225,13,61,3389,33.89,4013373
249,6,1,0,4,21,False,137,1,139,395,3.95,0
250,6,1,2,4,26,True,137,1,122,378,3.78,0
251,6,1,2,4,31,False,17,3,85,853,8.53,0
252,6,1,2,4,30,True,17,3,66,834,8.34,0
253,6,1,2,4,15,False,98,2,179,691,6.91,0
254,6,1,2,4,17,True,98,2,157,669,6.69,0
255,6,1,2,4,6,False,88,2,89,601,6.01,0
256,6,1,2,4,22,True,88,2,69,581,5.81,0
257,6,1,0,4,28,False,208,4,50,1074,10.74,0
258,6,1,0,4,3,True,208,4,34,1058,10.58,0
259,6,1,2,4,8,True,31,1,27,283,2.83,0
260,6,1,2,4,11,False,28,6,64,1600,16.0,0
261,6,1,2,4,7,True,28,6,44,1580,15.8,0
262,6,1,2,4,32,False,23,3,200,968,9.68,0
263,6,1,2,4,4,True,23,3,182,950,9.5,0
264,6,1,2,4,12,False,171,1,107,363,3.63,0
265,6,1,2,4,13,False,162,1,207,463,4.63,0
266,6,1,2,4,4,True,162,1,185,441,4.41,0
267,6,1,2,4,5,True,171,1,90,346,3.46,0
268,6,1,2,4,18,False,230,2,88,600,6.0,0
269,6,1,2,4,18,True,230,2,71,583,5.83,0
270,6,1,2,4,31,False,108,4,211,1235,12.35,0
271,6,1,2,4,29,True,108,4,190,1214,12.14,0
272,6,1,0,4,27,False,33,1,77,333,3.33,0
273,6,1,0,4,21,True,33,1,60,316,3.16,0
274,6,1,0,4,25,False,0,5,204,1484,14.84,0
275,6,1,0,4,13,True,0,5,187,1467,14.67,0
276,6,1,1,4,32,False,21,3,194,962,9.62,0
277,6,1,1,4,19,True,21,3,176,944,9.44,0
278,6,1,2,4,27,False,10,5,115,1395,13.95,0
279,6,1,2,4,31,True,10,5,96,1376,13.76,0
280,6,1,2,4,25,False,12,4,93,1117,11.17,0
281,6,1,2,4,14,True,12,4,74,1098,10.98,0
282,6,1,0,4,33,False,32,3,237,1005,10.05,0
283,6,1,0,4,3,True,32,3,219,987,9.87,0
284,6,1,2,4,24,False,171,4,1,1025,10.25,0
285,6,1,2,4,28,True,171,3,237,1005,10.05,0
286,6,1,2,4,21,False,176,2,98,610,6.1,0
287,6,1,2,4,22,False,178,2,212,724,7.24,0
288,6,1,2,4,20,True,176,2,206,718,7.18,0
289,6,1,2,4,14,False,9,4,118,1142,11.42,0
290,6,1,2,4,9,True,9,4,97,1121,11.21,0
291,6,1,2,4,10,True,10,3,77,845,8.45,0
292,6,1,2,4,20,False,133,3,231,999,9.99,0
293,6,1,2,4,25,True,133,3,210,978,9.78,0
294,6,1,1,4,9,False,172,3,50,818,8.18,0
295,6,1,1,4,3,True,172,3,30,798,7.98,0
296,6,1,2,4,1,False,125,1,5,261,2.61,0
297,6,1,2,4,15,True,125,0,239,239,2.39,0
298,6,1,2,4,2,False,79,5,18,1298,12.98,0
299,6,1,2,4,9,True,79,4,253,1277,12.77,0
300,6,1,2,4,20,False,64,1,113,369,3.69,0
301,6,1,2,4,22,True,64,1,91,347,3.47,0
302,6,1,2,4,32,False,212,3,57,825,8.25,0
303,6,1,2,4,18,True,211,3,38,806,8.06,0
304,6,1,0,4,33,False,250,2,243,755,7.55,0
305,6,1,0,4,23,True,250,2,223,735,7.35,0
306,6,1,2,4,27,False,179,3,34,802,8.02,0
307,6,1,2,4,23,True,179,3,13,781,7.81,0
308,6,1,2,4,26,False,206,3,238,1006,10.06,0
309,6,1,2,4,5,True,206,3,219,987,9.87,0
310,6,1,1,4,31,False,103,3,38,806,8.06,0
311,6,1,1,4,16,True,102,3,20,788,7.88,0
312,6,1,0,4,21,False,95,2,185,697,6.97,0
313,6,1,0,4,21,True,95,2,171,683,6.83,0
314,6,1,0,4,27,False,140,4,120,1144,11.44,0
315,6,1,0,4,25,True,140,4,103,1127,11.27,0
316,6,1,1,4,8,False,46,3,175,943,9.43,0
317,6,1,1,4,4,True,47,3,70,838,8.38,0
318,6,1,1,4,5,True,46,3,157,925,9.25,0
319,6,1,2,4,14,False,59,2,55,567,5.67,0
320,6,1,2,4,33,True,58,2,33,545,5.45,0
321,6,1,2,4,27,False,165,4,65,1089,10.89,0
322,6,1,2,4,17,True,165,4,46,1070,10.7,0
323,6,1,2,4,32,False,114,3,41,809,8.09,0
324,6,1,2,4,29,True,114,3,20,788,7.88,0
325,6,1,2,4,32,False,68,1,201,457,4.57,0
326,6,1,2,4,21,True,68,1,181,437,4.37,0
327,6,1,0,4,33,False,215,5,203,1483,14.83,0
328,6,1,0,4,14,True,215,5,184,1464,14.64,0
329,6,1,2,4,14,False,107,0,194,194,1.94,0
330,6,1,2,4,15,False,99,2,176,688,6.88,0
331,6,1,2,4,17,True,99,2,154,666,6.66,0
332,6,1,2,4,18,True,107,0,172,172,1.72,0
333,6,1,2,4,32,False,20,1,215,471,4.71,0
334,6,1,2,4,29,True,20,1,194,450,4.5,0
335,6,1,2,4,21,False,170,3,61,829,8.29,0
336,6,1,2,4,21,True,170,3,45,813,8.13,0
337,6,1,2,4,24,False,104,2,149,661,6.61,0
338,6,1,2,4,20,True,104,2,129,641,6.41,0
339,6,1,2,4,15,False,62,1,195,451,4.51,0
340,6,1,2,4,24,True,62,1,174,430,4.3,0
341,6,1,2,4,17,False,87,2,215,727,7.27,0
342,6,1,2,4,33,True,87,2,194,706,7.06,0
343,6,1,2,1,23,False,0,0,0,0,0.0,0
344,6,1,2,2,2,True,4,0,0,0,0.0,0
345,6,1,2,4,49,False,1,8,4,2052,20.52,0
346,6,1,2,2,49,False,1,0,0,0,0.0,0
347,6,1,2,4,61,False,61,13,61,3389,33.89,0
348,6,1,0,4,25,False,190,3,20,788,7.88,0
349,6,1,0,4,14,True,190,3,17,785,7.85,0
350,6,1,0,4,22,False,54,3,146,914,9.14,0
351,6,1,0,4,19,True,54,3,128,896,8.96,0
352,6,1,0,4,24,False,28,0,80,80,0.8,0
353,6,1,0,3,35,False,23,0,0,0,0.0,0
354,6,1,31,4,4,False,148,7,0,1792,17.92,0
355,6,1,29,0,0,False,0,0,0,0,0.0,0
356,6,1,3,4,61,False,61,13,61,3389,33.89,0
357,6,1,0,4,27,False,41,2,82,594,5.94,0
358,6,1,0,4,26,False,40,5,70,1350,13.5,0
359,6,1,0,4,26,True,40,5,55,1335,13.35,0
360,6,1,3,4,22,False,235,1,20,276,2.76,0
361,6,1,1,2,30,False,2,0,0,0,0.0,0
362,6,1,28,5,36,False,28,10,235,2795,27.95,1
363,6,1,2,4,2,False,47,4,108,1132,11.32,0
364,6,1,9,6,61,False,61,13,61,3389,33.89,15677
365,6,1,0,4,26,False,34,1,208,464,4.64,0
366,6,1,0,4,27,False,33,1,22,278,2.78,0
367,6,1,0,4,24,True,33,1,207,463,4.63,0
368,6,1,3,4,13,False,172,1,158,414,4.14,0
369,6,1,3,4,20,False,3,14,2,3586,35.86,0
370,6,1,21,4,6,True,172,1,137,393,3.93,0
371,6,1,3,4,24,False,96,4,1,1025,10.25,0
372,6,1,29,4,2,False,254,6,5,1541,15.41,0
0,7,1,3,4,4,True,96,5,243,1523,15.23,0
1,7,1,2,4,2,False,236,4,156,1180,11.8,0
2,7,1,2,4,3,False,2,4,160,1184,11.84,0
3,7,1,2,4,5,False,2,4,235,1259,12.59,0
4,7,1,2,4,14,False,167,2,233,745,7.45,0
5,7,1,2,4,17,False,245,3,186,954,9.54,0
6,7,1,2,4,21,False,39,1,121,377,3.77,0
7,7,1,2,4,26,False,179,2,92,604,6.04,0
8,7,1,2,4,27,False,6,3,195,963,9.63,0
9,7,1,2,4,28,False,78,3,232,1000,10.0,0
10,7,1,2,4,29,False,78,3,36,804,8.04,0
11,7,1,2,4,30,False,170,4,101,1125,11.25,0
12,7,1,2,4,33,False,134,4,76,1100,11.0,0
13,7,1,2,4,4,True,169,4,84,1108,11.08,0
14,7,1,2,4,12,True,30,2,208,720,7.2,0
15,7,1,2,4,13,True,2,4,139,1163,11.63,0
16,7,1,2,4,15,True,179,2,73,585,5.85,0
17,7,1,2,4,16,True,2,4,216,1240,12.4,0
18,7,1,2,4,17,True,78,3,214,982,9.82,0
19,7,1,2,4,18,True,78,5,228,1508,15.08,0
20,7,1,2,4,22,True,39,5,23,1303,13.03,0
21,7,1,2,4,26,True,245,3,165,933,9.33,0
22,7,1,2,4,29,True,134,4,54,1078,10.78,0
23,7,1,2,4,30,True,241,1,23,279,2.79,0
24,7,1,2,4,31,True,235,8,238,2286,22.86,0
25,7,1,2,4,32,True,47,2,81,593,5.93,0
26,7,1,3,4,2,False,68,8,92,2140,21.4,0
27,7,1,3,4,3,False,68,8,29,2077,20.77,0
28,7,1,3,4,5,True,68,8,6,2054,20.54,0
29,7,1,3,4,6,True,68,8,69,2117,21.17,0
30,7,1,2,4,25,False,231,2,133,645,6.45,0
31,7,1,2,4,20,True,231,2,113,625,6.25,0
32,7,1,2,4,4,False,59,3,182,950,9.5,0
33,7,1,2,4,23,True,59,3,162,930,9.3,0
34,7,1,0,4,33,False,82,4,91,1115,11.15,0
35,7,1,0,4,24,True,82,4,74,1098,10.98,0
36,7,1,2,4,29,False,68,2,134,646,6.46,0
37,7,1,2,4,28,True,68,2,115,627,6.27,0
38,7,1,2,4,29,False,188,2,211,723,7.23,0
39,7,1,2,4,9,True,188,2,196,708,7.08,0
40,7,1,2,4,17,False,199,2,230,742,7.42,0
41,7,1,2,4,19,True,199,2,207,719,7.19,0
42,7,1,2,3,7,True,2,15,0,3840,38.4,0
43,7,1,2,4,14,False,225,3,148,916,9.16,0
44,7,1,2,4,15,True,225,3,124,892,8.92,0
45,7,1,2,4,28,False,137,4,83,1107,11.07,0
46,7,1,2,4,15,True,137,4,66,1090,10.9,0
47,7,1,2,4,18,False,222,2,207,719,7.19,0
48,7,1,2,4,21,True,222,2,188,700,7.0,0
49,7,1,2,4,31,False,50,2,219,731,7.31,0
50,7,1,2,4,32,False,49,3,137,905,9.05,0
51,7,1,2,4,17,True,49,3,117,885,8.85,0
52,7,1,2,4,32,False,242,2,132,644,6.44,0
53,7,1,2,4,30,True,242,2,111,623,6.23,0
54,7,1,1,4,15,False,92,2,224,736,7.36,0
55,7,1,1,4,5,True,92,2,207,719,7.19,0
56,7,1,3,4,2,False,129,4,226,1250,12.5,0
57,7,1,3,4,14,True,129,4,205,1229,12.29,0
58,7,1,0,4,32,False,29,5,27,1307,13.07,0
59,7,1,0,4,18,True,29,5,10,1290,12.9,0
60,7,1,2,4,29,False,37,1,207,463,4.63,0
61,7,1,2,4,6,True,37,1,188,444,4.44,0
62,7,1,2,4,1,False,42,3,30,798,7.98,0
63,7,1,2,4,18,True,42,3,7,775,7.75,0
64,7,1,2,4,14,False,111,4,233,1257,12.57,0
65,7,1,2,4,4,True,111,4,212,1236,12.36,0
66,7,1,2,4,29,False,180,2,249,761,7.61,0
67,7,1,2,4,8,True,179,2,232,744,7.44,0
68,7,1,3,4,20,False,189,1,105,361,3.61,0
69,7,1,3,4,6,True,189,1,87,343,3.43,0
70,7,1,2,4,32,False,49,0,154,154,1.54,0
71,7,1,2,4,31,False,44,2,100,612,6.12,0
72,7,1,2,4,33,False,41,3,232,1000,10.0,0
73,7,1,2,4,32,True,41,3,210,978,9.78,0
74,7,1,2,4,21,False,7,1,138,394,3.94,0
75,7,1,2,4,20,False,4,3,223,991,9.91,0
76,7,1,2,4,27,True,7,1,120,376,3.76,0
77,7,1,2,4,29,True,3,3,201,969,9.69,0
78,7,1,2,4,14,False,190,2,244,756,7.56,0
79,7,1,2,4,19,True,190,2,220,732,7.32,0
80,7,1,2,4,14,False,6,3,115,883,8.83,0
81,7,1,2,4,27,True,6,3,92,860,8.6,0
82,7,1,2,4,8,False,138,4,79,1103,11.03,0
83,7,1,2,4,14,True,138,4,56,1080,10.8,0
84,7,1,2,4,15,False,235,3,161,929,9.29,0
85,7,1,2,4,30,True,235,3,140,908,9.08,0
86,7,1,2,4,30,False,35,7,30,1822,18.22,0
87,7,1,2,4,21,True,35,7,12,1804,18.04,0
88,7,1,2,4,16,False,145,2,40,552,5.52,0
89,7,1,2,4,7,True,145,2,22,534,5.34,0
90,7,1,2,4,30,False,178,3,163,931,9.31,0
91,7,1,2,4,24,True,178,3,145,913,9.13,0
92,7,1,2,4,8,False,38,3,101,869,8.69,0
93,7,1,2,4,9,False,39,2,131,643,6.43,0
94,7,1,2,4,5,True,38,3,78,846,8.46,0
95,7,1,2,4,29,False,87,1,207,463,4.63,0
96,7,1,2,4,26,True,87,1,188,444,4.44,0
97,7,1,2,4,16,False,131,4,134,1158,11.58,0
98,7,1,2,4,33,True,131,4,116,1140,11.4,0
99,7,1,2,4,2,False,243,2,213,725,7.25,0
100,7,1,2,4,27,True,243,2,190,702,7.02,0
101,7,1,2,4,3,False,19,1,85,341,3.41,0
102,7,1,2,4,32,True,19,1,65,321,3.21,0
103,7,1,3,4,12,False,47,4,25,1049,10.49,0
104,7,1,3,4,4,True,47,4,5,1029,10.29,0
105,7,1,2,4,6,False,162,5,217,1497,14.97,0
106,7,1,2,4,32,True,162,5,199,1479,14.79,0
107,7,1,3,4,32,False,115,4,56,1080,10.8,0
108,7,1,3,4,9,True,115,4,37,1061,10.61,0
109,7,1,3,4,1,False,187,1,182,438,4.38,0
110,7,1,3,4,19,True,187,1,158,414,4.14,0
111,7,1,2,4,14,False,252,1,246,502,5.02,0
112,7,1,2,4,16,True,252,1,223,479,4.79,0
113,7,1,2,4,14,False,245,2,62,574,5.74,0
114,7,1,2,4,28,True,245,2,40,552,5.52,0
115,7,1,2,4,33,False,192,1,222,478,4.78,0
116,7,1,2,4,25,True,192,1,201,457,4.57,0
117,7,1,2,4,16,False,83,2,100,612,6.12,0
118,7,1,2,4,17,True,83,2,81,593,5.93,0
119,7,1,2,4,3,False,73,5,15,1295,12.95,0
120,7,1,2,4,6,True,73,4,59,1083,10.83,0
121,7,1,2,4,7,True,75,4,231,1255,12.55,0
122,7,1,0,4,29,False,221,5,181,1461,14.61,0
123,7,1,0,4,12,True,102,5,163,1443,14.43,0
124,7,1,2,4,21,False,31,3,80,848,8.48,0
125,7,1,2,4,31,True,31,3,63,831,8.31,0
126,7,1,3,4,2,False,34,2,218,730,7.3,0
127,7,1,3,4,3,False,36,2,229,741,7.41,0
128,7,1,3,4,8,True,34,2,198,710,7.1,0
129,7,1,3,4,9,True,36,2,209,721,7.21,0
130,7,1,2,4,4,False,104,3,211,979,9.79,0
131,7,1,2,4,16,True,104,3,192,960,9.6,0
132,7,1,2,4,27,False,71,3,172,940,9.4,0
133,7,1,2,4,25,True,71,3,153,921,9.21,0
134,7,1,2,4,31,False,28,1,222,478,4.78,0
135,7,1,2,4,22,True,28,1,202,458,4.58,0
136,7,1,2,4,24,False,113,1,12,268,2.68,0
137,7,1,2,4,5,True,113,0,250,250,2.5,0
138,7,1,2,4,6,False,77,2,188,700,7.0,0
139,7,1,2,4,27,True,77,2,168,680,6.8,0
140,7,1,0,4,31,False,140,3,95,863,8.63,0
141,7,1,0,4,23,True,140,3,78,846,8.46,0
142,7,1,2,4,20,False,241,2,50,562,5.62,0
143,7,1,2,4,27,True,241,2,28,540,5.4,0
144,7,1,2,4,18,False,240,1,138,394,3.94,0
145,7,1,2,4,18,True,240,1,120,376,3.76,0
146,7,1,2,4,14,False,101,3,9,777,7.77,0
147,7,1,2,4,3,True,101,2,244,756,7.56,0
148,7,1,2,4,23,False,122,1,1,257,2.57,0
149,7,1,2,4,30,True,122,0,238,238,2.38,0
150,7,1,2,4,20,False,229,4,106,1130,11.3,0
151,7,1,2,4,19,True,228,4,85,1109,11.09,0
152,7,1,2,4,18,False,12,5,130,1410,14.1,0
153,7,1,2,4,19,False,12,4,198,1222,12.22,0
154,7,1,2,4,27,True,12,4,179,1203,12.03,0
155,7,1,2,4,28,True,12,5,111,1391,13.91,0
156,7,1,2,4,20,False,254,1,175,431,4.31,0
157,7,1,2,4,23,True,254,1,153,409,4.09,0
158,7,1,3,4,19,False,192,4,152,1176,11.76,0
159,7,1,3,4,5,True,192,4,131,1155,11.55,0
160,7,1,2,4,4,False,160,2,86,598,5.98,0
161,7,1,2,4,29,True,160,2,68,580,5.8,0
162,7,1,2,4,32,False,169,3,12,780,7.8,0
163,7,1,2,4,4,True,169,2,249,761,7.61,0
164,7,1,2,4,41,True,2,9,4,2308,23.08,0
165,7,1,2,1,42,False,0,0,0,0,0.0,0
166,7,1,2,4,10,False,4,3,42,810,8.1,0
167,7,1,2,3,51,True,4,4,0,1024,10.24,0
168,7,1,2,3,2,False,125,13,0,3328,33.28,0
169,7,1,0,4,21,False,46,1,89,345,3.45,0
170,7,1,0,4,8,True,22,1,72,328,3.28,0
171,7,1,0,4,15,False,74,1,21,277,2.77,0
172,7,1,0,4,14,False,73,4,182,1206,12.06,0
173,7,1,2,4,29,True,73,4,160,1184,11.84,0
174,7,1,2,4,32,False,183,3,54,822,8.22,0
175,7,1,2,4,5,True,182,3,35,803,8.03,0
176,7,1,2,4,15,False,87,4,120,1144,11.44,0
177,7,1,2,4,5,True,87,4,100,1124,11.24,0
178,7,1,2,4,21,False,165,3,224,992,9.92,0
179,7,1,2,4,31,True,165,3,206,974,9.74,0
180,7,1,2,4,27,False,75,4,206,1230,12.3,0
181,7,1,2,4,32,True,75,4,188,1212,12.12,0
182,7,1,2,4,25,False,170,2,253,765,7.65,0
183,7,1,2,4,30,True,170,2,234,746,7.46,0
184,7,1,2,4,19,False,34,5,137,1417,14.17,0
185,7,1,2,4,23,True,33,5,116,1396,13.96,0
186,7,1,2,4,14,False,99,2,71,583,5.83,0
187,7,1,2,4,27,True,99,2,49,561,5.61,0
188,7,1,2,4,22,False,56,0,247,247,2.47,0
189,7,1,2,4,25,True,56,0,227,227,2.27,0
190,7,1,2,4,15,False,7,3,90,858,8.58,0
191,7,1,2,4,23,True,7,3,67,835,8.35,0
192,7,1,2,4,33,False,104,3,27,795,7.95,0
193,7,1,2,4,25,True,104,3,6,774,7.74,0
194,7,1,3,4,24,False,7,4,124,1148,11.48,0
195,7,1,3,4,28,True,7,4,105,1129,11.29,0
196,7,1,2,4,27,False,5,3,86,854,8.54,0
197,7,1,2,4,19,True,5,3,67,835,8.35,0
198,7,1,2,4,29,False,26,3,83,851,8.51,0
199,7,1,2,4,24,True,26,3,64,832,8.32,0
200,7,1,2,4,2,False,208,1,249,505,5.05,0
201,7,1,2,4,23,True,208,1,227,483,4.83,0
202,7,1,2,4,17,False,71,4,22,1046,10.46,0
203,7,1,2,4,33,True,71,4,0,1024,10.24,0
204,7,1,2,4,21,False,168,2,52,564,5.64,0
205,7,1,2,4,22,True,168,2,33,545,5.45,0
206,7,1,3,4,12,False,44,6,152,1688,16.88,0
207,7,1,3,4,12,True,44,6,132,1668,16.68,0
208,7,1,1,4,30,False,58,5,4,1284,12.84,0
209,7,1,1,4,6,True,58,4,243,1267,12.67,0
210,7,1,0,4,32,False,151,2,251,763,7.63,0
211,7,1,0,4,16,True,151,2,233,745,7.45,0
212,7,1,2,4,12,False,146,2,85,597,5.97,0
213,7,1,2,4,9,True,146,2,67,579,5.79,0
214,7,1,3,4,8,False,218,4,122,1146,11.46,0
215,7,1,3,4,11,True,218,4,102,1126,11.26,0
216,7,1,2,4,23,False,223,2,194,706,7.06,0
217,7,1,2,4,23,True,223,2,175,687,6.87,0
218,7,1,2,4,25,True,202,2,105,617,6.17,0
219,7,1,2,4,22,False,200,4,162,1186,11.86,0
220,7,1,2,4,26,True,200,4,142,1166,11.66,0
221,7,1,2,4,14,False,218,1,234,490,4.9,0
222,7,1,2,4,30,True,218,1,212,468,4.68,0
223,7,1,0,4,23,False,5,0,240,240,2.4,0
224,7,1,0,4,24,False,0,2,207,719,7.19,0
225,7,1,0,4,27,True,0,2,189,701,7.01,0
226,7,1,1,4,15,False,125,2,221,733,7.33,0
227,7,1,1,4,4,True,125,2,204,716,7.16,0
228,7,1,2,4,18,False,156,3,45,813,8.13,0
229,7,1,2,4,31,True,157,2,60,572,5.72,0
230,7,1,2,4,32,True,156,3,27,795,7.95,0
231,7,1,2,4,16,False,254,3,162,930,9.3,0
232,7,1,2,4,4,True,253,3,144,912,9.12,0
233,7,1,2,4,4,False,236,2,19,531,5.31,0
234,7,1,2,4,21,True,235,2,1,513,5.13,0
235,7,1,2,4,17,False,104,3,198,966,9.66,0
236,7,1,2,4,12,True,104,3,176,944,9.44,0
237,7,1,2,4,2,False,99,2,159,671,6.71,0
238,7,1,2,4,28,True,99,2,138,650,6.5,0
239,7,1,0,4,31,False,95,2,64,576,5.76,0
240,7,1,0,4,29,True,95,2,47,559,5.59,0
241,7,1,2,4,28,False,253,4,143,1167,11.67,0
242,7,1,2,4,14,True,253,4,126,1150,11.5,0
243,7,1,2,4,14,False,126,1,93,349,3.49,0
244,7,1,2,4,18,True,126,1,71,327,3.27,0
245,7,1,2,4,21,False,223,2,194,706,7.06,0
246,7,1,2,4,21,True,223,2,179,691,6.91,0
247,7,1,2,4,18,False,82,3,57,825,8.25,0
248,7,1,2,4,9,True,82,3,39,807,8.07,0
249,7,1,2,4,15,False,155,3,78,846,8.46,0
250,7,1,2,4,28,True,155,3,58,826,8.26,0
251,7,1,2,4,26,False,42,1,75,331,3.31,0
252,7,1,2,4,18,True,42,1,55,311,3.11,0
253,7,1,3,4,6,False,79,5,38,1318,13.18,0
254,7,1,3,4,3,True,79,5,17,1297,12.97,0
255,7,1,2,4,25,False,65,3,135,903,9.03,0
256,7,1,2,4,11,True,65,3,115,883,8.83,0
257,7,1,2,4,26,False,64,9,144,2448,24.48,0
258,7,1,2,4,10,True,64,9,125,2429,24.29,0
259,7,1,2,4,16,False,164,2,130,642,6.42,0
260,7,1,2,4,17,True,164,2,111,623,6.23,0
261,7,1,2,4,31,False,73,2,110,622,6.22,0
262,7,1,2,4,27,True,73,2,89,601,6.01,0
263,7,1,2,4,4,False,160,4,22,1046,10.46,0
264,7,1,2,4,5,False,161,3,213,981,9.81,0
265,7,1,2,4,14,True,160,4,3,1027,10.27,0
266,7,1,3,4,14,False,33,3,53,821,8.21,0
267,7,1,3,4,15,True,33,3,29,797,7.97,0
268,7,1,2,4,15,False,239,2,151,663,6.63,0
269,7,1,2,4,29,True,239,2,130,642,6.42,0
270,7,1,2,4,18,False,142,2,74,586,5.86,0
271,7,1,2,4,19,True,142,2,54,566,5.66,0
272,7,1,2,4,22,True,68,2,255,767,7.67,0
273,7,1,2,4,14,False,67,4,250,1274,12.74,0
274,7,1,2,4,23,True,67,4,226,1250,12.5,0
275,7,1,0,4,26,False,51,3,5,773,7.73,0
276,7,1,0,4,18,True,51,2,244,756,7.56,0
277,7,1,2,4,1,False,235,2,2,514,5.14,0
278,7,1,2,4,21,True,237,1,217,473,4.73,0
279,7,1,2,4,22,True,235,1,236,492,4.92,0
280,7,1,2,4,17,False,24,2,121,633,6.33,0
281,7,1,2,4,16,True,24,2,99,611,6.11,0
282,7,1,2,4,30,False,96,2,2,514,5.14,0
283,7,1,2,4,9,True,96,1,241,497,4.97,0
284,7,1,2,4,29,False,235,1,118,374,3.74,0
285,7,1,2,4,30,False,234,4,55,1079,10.79,0
286,7,1,2,4,18,True,234,4,36,1060,10.6,0
287,7,1,2,4,2,False,115,5,165,1445,14.45,0
288,7,1,2,4,8,True,114,5,144,1424,14.24,0
289,7,1,2,4,1,False,66,3,71,839,8.39,0
290,7,1,2,4,16,True,66,3,48,816,8.16,0
291,7,1,2,4,26,False,156,1,130,386,3.86,0
292,7,1,2,4,25,False,152,5,193,1473,14.73,0
293,7,1,2,4,23,True,152,5,170,1450,14.5,0
294,7,1,2,4,6,False,240,3,105,873,8.73,0
295,7,1,2,4,22,True,240,3,86,854,8.54,0
296,7,1,2,6,48,True,3,6,4,1540,15.4,14096
297,7,1,2,3,11,True,4,11,0,2816,28.16,0
298,7,1,2,7,3,False,183,4,156,1180,11.8,5243448
299,7,1,2,4,31,False,162,4,208,1232,12.32,0
300,7,1,2,4,29,True,162,4,188,1212,12.12,0
301,7,1,3,4,1,False,235,2,59,571,5.71,0
302,7,1,3,4,10,True,235,2,35,547,5.47,0
303,7,1,2,4,20,False,150,1,200,456,4.56,0
304,7,1,2,4,22,True,150,1,179,435,4.35,0
305,7,1,0,4,1,False,148,1,191,447,4.47,0
306,7,1,0,4,2,False,146,4,120,1144,11.44,0
307,7,1,0,4,23,True,146,4,102,1126,11.26,0
308,7,1,2,4,23,False,66,4,223,1247,12.47,0
309,7,1,2,4,25,False,65,3,220,988,9.88,0
310,7,1,2,4,11,True,65,3,201,969,9.69,0
311,7,1,2,4,12,True,65,4,203,1227,12.27,0
312,7,1,2,4,19,False,207,1,134,390,3.9,0
313,7,1,2,4,31,True,206,1,114,370,3.7,0
314,7,1,2,4,21,False,11,2,163,675,6.75,0
315,7,1,2,4,19,True,11,2,145,657,6.57,0
316,7,1,0,4,25,False,154,1,133,389,3.89,0
317,7,1,0,4,24,False,153,3,120,888,8.88,0
318,7,1,0,4,27,False,152,1,146,402,4.02,0
319,7,1,0,4,18,True,152,1,138,394,3.94,0
320,7,1,0,4,19,True,153,3,103,871,8.71,0
321,7,1,2,4,17,False,32,1,219,475,4.75,0
322,7,1,2,4,18,False,32,5,88,1368,13.68,0
323,7,1,2,4,19,False,31,8,127,2175,21.75,0
324,7,1,2,4,24,True,31,8,108,2156,21.56,0
325,7,1,2,4,18,False,215,4,141,1165,11.65,0
326,7,1,2,4,26,True,215,4,123,1147,11.47,0
327,7,1,2,4,6,False,255,2,178,690,6.9,0
328,7,1,2,4,5,False,255,5,53,1333,13.33,0
329,7,1,2,4,23,True,255,5,32,1312,13.12,0
330,7,1,2,4,18,False,251,2,69,581,5.81,0
331,7,1,2,4,6,True,251,2,50,562,5.62,0
332,7,1,2,4,17,False,19,2,252,764,7.64,0
333,7,1,2,4,19,True,18,2,230,742,7.42,0
334,7,1,3,4,25,False,144,2,65,577,5.77,0
335,7,1,3,4,24,False,142,6,217,1753,17.53,0
336,7,1,3,4,4,True,142,6,198,1734,17.34,0
337,7,1,2,4,23,False,153,3,136,904,9.04,0
338,7,1,2,4,5,True,153,3,118,886,8.86,0
339,7,1,2,4,31,False,220,2,215,727,7.27,0
340,7,1,2,4,14,True,220,2,197,709,7.09,0
341,7,1,0,4,30,False,138,4,25,1049,10.49,0
342,7,1,0,4,30,True,138,4,10,1034,10.34,0
343,7,1,2,4,24,False,230,3,144,912,9.12,0
344,7,1,2,4,9,True,230,3,125,893,8.93,0
345,7,1,2,4,18,False,24,1,154,410,4.1,0
346,7,1,2,4,17,False,19,2,227,739,7.39,0
347,7,1,2,4,13,True,19,2,206,718,7.18,0
348,7,1,2,4,15,True,22,1,39,295,2.95,0
349,7,1,2,4,18,True,24,1,136,392,3.92,0
350,7,1,2,4,17,False,194,2,187,699,6.99,0
351,7,1,2,4,16,True,194,2,164,676,6.76,0
352,7,1,2,4,19,False,240,3,23,791,7.91,0
353,7,1,2,4,27,True,239,3,4,772,7.72,0
354,7,1,2,4,19,False,207,1,204,460,4.6,0
355,7,1,2,4,12,True,206,1,185,441,4.41,0
356,7,1,1,4,29,False,103,2,100,612,6.12,0
357,7,1,1,4,8,True,103,2,82,594,5.94,0
358,7,1,1,4,25,False,67,4,150,1174,11.74,0
359,7,1,1,4,6,True,67,4,133,1157,11.57,0
360,7,1,3,4,19,False,185,3,148,916,9.16,0
361,7,1,3,4,17,True,185,3,128,896,8.96,0
362,7,1,1,4,33,False,132,2,217,729,7.29,0
363,7,1,1,4,17,True,132,2,199,711,7.11,0
364,7,1,2,4,28,False,96,1,202,458,4.58,0
365,7,1,2,4,20,True,96,1,183,439,4.39,0
366,7,1,2,4,23,False,72,3,115,883,8.83,0
367,7,1,2,4,28,True,72,3,96,864,8.64,0
368,7,1,2,4,17,False,18,2,9,521,5.21,0
369,7,1,2,4,25,True,18,1,243,499,4.99,0
370,7,1,2,4,24,False,44,2,174,686,6.86,0
371,7,1,2,4,3,True,44,2,155,667,6.67,0
372,7,-1,-1,-1,-1,True,-1,-1,-1,-1,-1.0,-1
0,8,-1,-1,-1,-1,True,-1,-1,-1,-1,-1.0,-1
1,8,-1,-1,-1,-1,True,-1,-1,-1,-1,-1.0,-1
2,8,-1,-1,-1,-1,True,-1,-1,-1,-1,-1.0,-1
3,8,-1,-1,-1,-1,True,-1,-1,-1,-1,-1.0,-1
4,8,1,2,4,5,True,215,3,237,1005,10.05,0
5,8,1,2,4,6,True,215,4,107,1131,11.31,0
6,8,1,2,4,4,False,150,2,201,713,7.13,0
7,8,1,2,4,5,False,146,3,0,768,7.68,0
8,8,1,2,4,3,True,146,2,237,749,7.49,0
9,8,1,2,4,22,False,63,3,234,1002,10.02,0
10,8,1,2,4,31,True,63,3,213,981,9.81,0
11,8,1,2,4,2,False,204,4,155,1179,11.79,0
12,8,1,2,4,26,True,204,4,135,1159,11.59,0
13,8,1,2,4,29,False,80,4,161,1185,11.85,0
14,8,1,2,4,31,True,63,4,140,1164,11.64,0
15,8,1,2,4,30,False,65,2,130,642,6.42,0
16,8,1,2,4,28,True,65,2,111,623,6.23,0
17,8,1,2,4,22,False,240,3,9,777,7.77,0
18,8,1,2,4,19,True,239,2,245,757,7.57,0
19,8,1,2,4,5,False,140,3,107,875,8.75,0
20,8,1,2,4,12,True,140,3,87,855,8.55,0
21,8,1,0,4,22,False,229,3,154,922,9.22,0
22,8,1,0,4,24,True,229,3,139,907,9.07,0
23,8,1,2,4,23,False,194,5,63,1343,13.43,0
24,8,1,2,4,28,True,194,5,44,1324,13.24,0
25,8,1,0,0,0,False,0,0,0,0,0.0,0
26,8,1,0,5,3,False,139,4,30,1054,10.54,13
27,8,1,1,4,8,False,14,5,198,1478,14.78,0
28,8,1,0,3,50,True,4,8,0,2048,20.48,0
29,8,1,1,4,7,True,14,5,178,1458,14.58,0
30,8,1,0,5,3,False,161,13,61,3389,33.89,61
31,8,1,0,4,31,False,187,4,4,1028,10.28,0
32,8,1,29,2,1,False,104,0,0,0,0.0,0
33,8,1,0,4,56,True,4,5,187,1467,14.67,0
34,8,1,2,4,61,False,61,13,61,3389,33.89,0
35,8,1,2,4,23,False,44,4,4,1028,10.28,0
36,8,1,20,7,61,False,61,13,61,3389,33.89,4013373
37,8,1,0,4,26,False,92,13,20,3348,33.48,0
38,8,1,19,7,44,False,4,9,1,2305,23.05,11404483
39,8,1,2,4,16,False,251,4,154,1178,11.78,0
40,8,1,11,4,1,False,179,2,163,675,6.75,0
41,8,1,2,4,30,True,251,2,145,657,6.57,0
42,8,1,2,4,20,False,4,2,1,513,5.13,0
43,8,1,2,4,22,True,4,1,235,491,4.91,0
44,8,1,2,4,16,False,60,1,148,404,4.04,0
45,8,1,2,4,28,True,60,1,78,334,3.34,0
46,8,1,2,4,29,True,65,1,77,333,3.33,0
47,8,1,2,4,29,False,212,2,50,562,5.62,0
48,8,1,2,4,17,True,212,2,32,544,5.44,0
49,8,1,2,4,14,False,64,2,224,736,7.36,0
50,8,1,2,4,15,False,64,3,212,980,9.8,0
51,8,1,2,4,16,True,64,2,201,713,7.13,0
52,8,1,2,4,17,True,64,3,191,959,9.59,0
53,8,1,2,4,30,False,38,4,21,1045,10.45,0
54,8,1,2,4,11,True,38,4,3,1027,10.27,0
55,8,1,2,4,2,False,23,2,92,604,6.04,0
56,8,1,2,4,32,True,23,2,71,583,5.83,0
57,8,1,2,4,22,False,1,3,54,822,8.22,0
58,8,1,2,4,27,True,1,3,33,801,8.01,0
59,8,1,2,4,31,False,37,6,40,1576,15.76,0
60,8,1,2,4,26,True,36,6,21,1557,15.57,0
61,8,1,2,4,25,False,152,2,230,742,7.42,0
62,8,1,2,4,23,True,152,2,208,720,7.2,0
63,8,1,3,4,10,False,247,8,45,2093,20.93,0
64,8,1,3,4,24,True,247,8,28,2076,20.76,0
65,8,1,2,7,24,True,2,0,4,4,0.04,207905
66,8,1,2,6,4,False,142,12,3,3075,30.75,15745
67,8,1,0,4,16,False,19,3,231,999,9.99,0
68,8,1,0,4,20,False,243,3,212,980,9.8,0
69,8,1,0,4,16,False,19,4,161,1185,11.85,0
70,8,1,0,4,21,False,115,4,141,1165,11.65,0
71,8,1,0,4,32,False,21,3,226,994,9.94,0
72,8,1,0,4,14,True,100,3,206,974,9.74,0
73,8,1,0,4,29,False,28,11,83,2899,28.99,0
74,8,1,0,3,45,False,23,5,0,1280,12.8,0
75,8,1,1,0,0,False,0,0,0,0,0.0,0
76,8,1,0,4,11,True,255,4,246,1270,12.7,0
77,8,1,3,4,61,False,61,13,61,3389,33.89,0
78,8,1,3,4,31,False,126,3,238,1006,10.06,0
79,8,1,3,4,24,True,125,3,214,982,9.82,0
80,8,1,3,4,20,False,17,12,2,3074,30.74,0
81,8,1,19,7,13,False,194,6,244,1780,17.8,1350940
82,8,1,1,7,45,True,2,6,194,1730,17.3,1368070
83,8,1,18,1,60,False,0,0,0,0,0.0,0
84,8,1,0,2,11,True,20,0,0,0,0.0,0
85,8,1,19,1,45,True,0,0,0,0,0.0,0
86,8,1,0,2,2,True,61,0,0,0,0.0,0
87,8,1,2,4,17,False,162,3,22,790,7.9,0
88,8,1,2,4,24,True,165,2,23,535,5.35,0
89,8,1,2,4,25,True,162,3,1,769,7.69,0
90,8,1,2,4,4,False,46,1,232,488,4.88,0
91,8,1,2,4,19,True,46,1,214,470,4.7,0
92,8,1,2,4,21,False,137,5,46,1326,13.26,0
93,8,1,2,4,24,True,137,5,28,1308,13.08,0
94,8,1,2,4,20,False,120,3,95,863,8.63,0
95,8,1,2,4,22,False,120,4,221,1245,12.45,0
96,8,1,2,4,29,True,120,4,200,1224,12.24,0
97,8,1,3,4,32,False,206,4,119,1143,11.43,0
98,8,1,3,4,10,True,206,4,98,1122,11.22,0
99,8,1,2,4,21,False,121,2,120,632,6.32,0
100,8,1,2,4,20,False,120,4,246,1270,12.7,0
101,8,1,2,4,28,True,120,4,226,1250,12.5,0
102,8,1,2,4,29,True,121,2,102,614,6.14,0
103,8,1,3,4,0,False,115,5,225,1505,15.05,0
104,8,1,3,4,24,True,115,5,201,1481,14.81,0
105,8,1,3,4,30,False,137,2,150,662,6.62,0
106,8,1,3,4,4,True,137,2,130,642,6.42,0
107,8,1,0,4,28,False,201,0,186,186,1.86,0
108,8,1,0,4,29,False,188,5,118,1398,13.98,0
109,8,1,0,4,18,True,188,5,102,1382,13.82,0
110,8,1,2,4,18,False,53,1,184,440,4.4,0
111,8,1,2,4,18,True,53,1,167,423,4.23,0
112,8,1,2,4,32,False,38,2,244,756,7.56,0
113,8,1,2,4,23,True,38,2,221,733,7.33,0
114,8,1,2,4,27,False,65,2,67,579,5.79,0
115,8,1,2,4,13,True,65,2,48,560,5.6,0
116,8,1,2,4,19,False,158,5,118,1398,13.98,0
117,8,1,2,4,30,True,157,5,99,1379,13.79,0
118,8,1,1,4,32,False,105,2,46,558,5.58,0
119,8,1,1,4,5,True,105,2,31,543,5.43,0
120,8,1,3,4,30,False,110,4,140,1164,11.64,0
121,8,1,3,4,14,True,110,4,120,1144,11.44,0
122,8,1,2,4,31,False,220,6,171,1707,17.07,0
123,8,1,2,4,23,True,220,6,149,1685,16.85,0
124,8,1,2,4,16,False,172,3,30,798,7.98,0
125,8,1,2,4,17,False,171,3,11,779,7.79,0
126,8,1,2,4,9,True,171,2,246,758,7.58,0
127,8,1,2,4,10,True,172,3,12,780,7.8,0
128,8,1,3,4,5,False,118,5,201,1481,14.81,0
129,8,1,3,4,7,True,118,5,180,1460,14.6,0
130,8,1,2,4,25,False,57,2,9,521,5.21,0
131,8,1,2,4,7,True,57,1,246,502,5.02,0
132,8,1,0,4,21,False,215,2,141,653,6.53,0
133,8,1,0,4,19,True,214,2,124,636,6.36,0
134,8,1,2,4,20,False,46,2,184,696,6.96,0
135,8,1,2,4,21,False,44,3,165,933,9.33,0
136,8,1,2,4,27,True,46,2,162,674,6.74,0
137,8,1,2,4,28,True,44,3,148,916,9.16,0
138,8,1,2,4,7,False,27,2,192,704,7.04,0
139,8,1,2,4,10,True,27,2,173,685,6.85,0
140,8,1,1,4,12,False,140,5,1,1281,12.81,0
141,8,1,1,4,7,True,139,4,240,1264,12.64,0
142,8,1,2,4,4,False,158,2,79,591,5.91,0
143,8,1,2,4,5,False,158,3,90,858,8.58,0
144,8,1,2,4,28,True,158,3,71,839,8.39,0
145,8,1,2,4,29,True,158,2,60,572,5.72,0
146,8,1,3,4,8,False,175,4,70,1094,10.94,0
147,8,1,3,4,28,True,175,4,52,1076,10.76,0
148,8,1,3,4,29,False,197,6,193,1729,17.29,0
149,8,1,3,4,21,True,197,6,173,1709,17.09,0
150,8,1,2,4,15,False,2,4,7,1031,10.31,0
151,8,1,2,4,17,True,2,3,241,1009,10.09,0
152,8,1,2,4,32,False,92,2,30,542,5.42,0
153,8,1,2,4,25,True,92,2,10,522,5.22,0
154,8,1,2,4,30,False,96,1,135,391,3.91,0
155,8,1,2,4,27,True,96,1,115,371,3.71,0
156,8,1,2,4,14,False,187,3,247,1015,10.15,0
157,8,1,2,4,22,True,187,3,224,992,9.92,0
158,8,1,2,4,29,False,255,3,119,887,8.87,0
159,8,1,2,4,12,True,104,3,100,868,8.68,0
160,8,1,2,4,26,False,133,1,93,349,3.49,0
161,8,1,2,4,28,True,133,1,73,329,3.29,0
162,8,1,0,4,32,False,5,4,174,1198,11.98,0
163,8,1,0,4,28,True,5,4,156,1180,11.8,0
164,8,1,2,4,22,False,116,4,172,1196,11.96,0
165,8,1,2,4,3,True,116,4,153,1177,11.77,0
166,8,1,2,4,5,False,245,1,37,293,2.93,0
167,8,1,2,4,21,True,244,1,19,275,2.75,0
168,8,1,2,4,1,False,79,6,20,1556,15.56,0
169,8,1,2,4,9,True,79,5,255,1535,15.35,0
170,8,1,2,4,29,False,141,2,96,608,6.08,0
171,8,1,2,4,26,True,141,2,77,589,5.89,0
172,8,1,2,4,17,False,222,3,27,795,7.95,0
173,8,1,2,4,14,True,222,3,4,772,7.72,0
174,8,1,2,4,17,False,187,3,11,779,7.79,0
175,8,1,2,4,28,True,187,2,246,758,7.58,0
176,8,1,2,4,16,False,56,2,117,629,6.29,0
177,8,1,2,4,26,True,56,2,99,611,6.11,0
178,8,1,2,4,30,False,229,4,75,1099,10.99,0
179,8,1,2,4,28,True,229,4,56,1080,10.8,0
180,8,1,2,4,20,False,143,5,2,1282,12.82,0
181,8,1,2,4,29,True,143,4,236,1260,12.6,0
182,8,1,2,4,24,False,133,3,40,808,8.08,0
183,8,1,2,4,25,True,133,3,20,788,7.88,0
184,8,1,2,4,15,False,195,3,68,836,8.36,0
185,8,1,2,4,21,True,195,3,47,815,8.15,0
186,8,1,2,4,32,False,103,1,91,347,3.47,0
187,8,1,2,4,27,True,103,1,70,326,3.26,0
188,8,1,2,4,22,False,168,3,207,975,9.75,0
189,8,1,2,4,32,True,168,3,187,955,9.55,0
190,8,1,2,4,22,False,15,4,228,1252,12.52,0
191,8,1,2,4,30,True,14,4,208,1232,12.32,0
192,8,1,2,4,13,False,177,5,161,1441,14.41,0
193,8,1,2,4,9,True,177,5,141,1421,14.21,0
194,8,1,0,4,20,False,135,3,231,999,9.99,0
195,8,1,0,4,33,True,134,3,212,980,9.8,0
196,8,1,2,4,16,False,65,2,58,570,5.7,0
197,8,1,2,4,25,True,65,2,41,553,5.53,0
198,8,1,2,4,16,False,69,1,18,274,2.74,0
199,8,1,2,4,17,False,65,4,209,1233,12.33,0
200,8,1,2,4,8,False,193,0,239,239,2.39,0
201,8,1,2,4,14,True,193,0,216,216,2.16,0
202,8,1,2,4,17,True,65,4,190,1214,12.14,0
203,8,1,3,4,15,False,149,1,155,411,4.11,0
204,8,1,3,4,7,True,149,1,134,390,3.9,0
205,8,1,3,4,14,False,205,3,223,991,9.91,0
206,8,1,3,4,6,True,205,3,200,968,9.68,0
207,8,1,2,4,4,False,131,2,100,612,6.12,0
208,8,1,2,4,23,True,131,2,80,592,5.92,0
209,8,1,2,4,20,False,12,1,114,370,3.7,0
210,8,1,2,4,32,True,12,1,94,350,3.5,0
211,8,1,2,4,32,False,231,1,173,429,4.29,0
212,8,1,2,4,18,True,231,1,152,408,4.08,0
213,8,1,2,4,24,False,173,2,112,624,6.24,0
214,8,1,2,4,22,True,173,2,91,603,6.03,0
215,8,1,3,4,15,False,86,3,27,795,7.95,0
216,8,1,3,4,4,True,86,3,6,774,7.74,0
217,8,1,2,4,18,False,233,3,47,815,8.15,0
218,8,1,2,4,24,True,233,3,27,795,7.95,0
219,8,1,2,4,4,False,80,1,116,372,3.72,0
220,8,1,2,4,23,True,80,1,96,352,3.52,0
221,8,1,2,4,3,False,66,4,16,1040,10.4,0
222,8,1,2,4,17,True,66,3,251,1019,10.19,0
223,8,1,3,4,8,False,132,4,103,1127,11.27,0
224,8,1,3,4,9,False,133,4,21,1045,10.45,0
225,8,1,3,4,5,True,132,4,83,1107,11.07,0
226,8,1,2,4,4,False,53,3,32,800,8.0,0
227,8,1,2,4,24,True,53,3,14,782,7.82,0
228,8,1,2,4,27,False,137,2,14,526,5.26,0
229,8,1,2,4,29,True,137,1,250,506,5.06,0
230,8,1,2,4,29,False,243,2,174,686,6.86,0
231,8,1,2,4,20,True,243,2,155,667,6.67,0
232,8,1,0,4,15,False,5,3,30,798,7.98,0
233,8,1,0,4,32,True,5,3,11,779,7.79,0
234,8,1,2,4,29,False,170,4,117,1141,11.41,0
235,8,1,2,4,27,True,170,4,98,1122,11.22,0
236,8,1,2,4,3,False,213,2,150,662,6.62,0
237,8,1,2,4,20,True,213,2,128,640,6.4,0
238,8,1,3,4,29,False,192,2,215,727,7.27,0
239,8,1,3,4,3,True,192,2,194,706,7.06,0
240,8,1,2,4,4,False,228,4,56,1080,10.8,0
241,8,1,2,4,18,True,228,4,38,1062,10.62,0
242,8,1,3,4,10,False,100,4,158,1182,11.82,0
243,8,1,3,4,7,True,100,4,139,1163,11.63,0
244,8,1,2,4,14,False,191,2,222,734,7.34,0
245,8,1,2,4,22,True,191,2,198,710,7.1,0
246,8,1,2,4,27,False,122,3,116,884,8.84,0
247,8,1,2,4,11,True,122,3,97,865,8.65,0
248,8,1,2,4,11,False,205,2,170,682,6.82,0
249,8,1,2,4,9,True,205,2,151,663,6.63,0
250,8,1,2,4,33,False,227,1,144,400,4.0,0
251,8,1,2,4,25,True,227,1,124,380,3.8,0
252,8,1,3,4,6,False,62,2,162,674,6.74,0
253,8,1,3,4,21,True,62,2,143,655,6.55,0
254,8,1,2,4,6,False,13,2,95,607,6.07,0
255,8,1,2,4,21,True,13,2,77,589,5.89,0
256,8,1,2,4,29,False,94,2,0,512,5.12,0
257,8,1,2,4,10,True,94,1,238,494,4.94,0
258,8,1,2,4,24,False,10,3,115,883,8.83,0
259,8,1,2,4,25,True,10,3,96,864,8.64,0
260,8,1,0,4,24,True,194,3,128,896,8.96,0
261,8,1,0,4,29,False,194,6,52,1588,15.88,0
262,8,1,0,4,23,True,195,6,26,1562,15.62,0
263,8,1,0,4,15,False,186,5,188,1468,14.68,0
264,8,1,0,4,12,True,186,5,167,1447,14.47,0
265,8,1,2,4,18,False,237,3,228,996,9.96,0
266,8,1,2,4,24,True,237,3,209,977,9.77,0
267,8,1,2,4,20,False,56,4,152,1176,11.76,0
268,8,1,2,4,28,True,56,4,132,1156,11.56,0
269,8,1,2,4,15,False,192,3,198,966,9.66,0
270,8,1,2,4,17,True,192,3,177,945,9.45,0
271,8,1,0,4,28,False,194,3,47,815,8.15,0
272,8,1,0,4,8,True,194,3,31,799,7.99,0
273,8,1,2,4,17,False,96,2,233,745,7.45,0
274,8,1,2,4,31,True,96,2,210,722,7.22,0
275,8,1,0,4,33,False,176,5,4,1284,12.84,0
276,8,1,0,4,16,True,176,4,243,1267,12.67,0
277,8,1,2,4,22,False,163,4,18,1042,10.42,0
278,8,1,2,4,30,True,163,3,254,1022,10.22,0
279,8,1,2,4,32,True,164,2,206,718,7.18,0
280,8,1,2,4,29,False,193,1,100,356,3.56,0
281,8,1,2,4,24,True,193,1,81,337,3.37,0
282,8,1,2,4,9,False,107,2,208,720,7.2,0
283,8,1,2,4,8,True,107,2,188,700,7.0,0
284,8,1,2,4,0,False,98,3,78,846,8.46,0
285,8,1,2,4,28,True,98,3,61,829,8.29,0
286,8,1,2,4,4,False,47,1,255,511,5.11,0
287,8,1,2,4,25,True,47,1,237,493,4.93,0
288,8,1,1,4,13,False,48,2,61,573,5.73,0
289,8,1,1,4,5,True,48,2,43,555,5.55,0
290,8,1,3,4,6,False,194,4,67,1091,10.91,0
291,8,1,3,4,4,True,194,4,46,1070,10.7,0
292,8,1,2,4,16,False,186,3,207,975,9.75,0
293,8,1,2,4,32,True,186,3,189,957,9.57,0
294,8,1,2,4,13,False,1,5,50,1330,13.3,0
295,8,1,2,4,7,True,1,5,28,1308,13.08,0
296,8,1,2,4,11,True,172,0,239,239,2.39,0
297,8,1,2,4,15,False,167,3,59,827,8.27,0
298,8,1,2,4,12,True,167,3,36,804,8.04,0
299,8,1,2,4,25,False,38,4,195,1219,12.19,0
300,8,1,2,4,23,True,38,4,172,1196,11.96,0
301,8,1,0,4,4,False,217,1,220,476,4.76,0
302,8,1,0,4,13,True,217,1,202,458,4.58,0
303,8,1,3,4,23,False,109,3,224,992,9.92,0
304,8,1,3,4,23,True,109,3,204,972,9.72,0
305,8,1,2,4,16,False,107,1,188,444,4.44,0
306,8,1,2,4,30,True,107,1,170,426,4.26,0
307,8,1,0,4,31,False,244,3,91,859,8.59,0
308,8,1,0,4,9,True,244,3,74,842,8.42,0
309,8,1,2,4,20,False,167,4,238,1262,12.62,0
310,8,1,2,4,21,False,168,4,6,1030,10.3,0
311,8,1,2,4,24,True,167,4,216,1240,12.4,0
312,8,1,2,4,18,False,116,5,188,1468,14.68,0
313,8,1,2,4,28,True,116,5,169,1449,14.49,0
314,8,1,2,4,16,False,158,2,237,749,7.49,0
315,8,1,2,4,23,True,158,2,217,729,7.29,0
316,8,1,2,4,19,False,157,1,172,428,4.28,0
317,8,1,2,4,23,True,157,1,153,409,4.09,0
318,8,1,2,4,3,False,58,3,201,969,9.69,0
319,8,1,2,4,27,True,58,3,180,948,9.48,0
320,8,1,2,4,0,False,161,1,8,264,2.64,0
321,8,1,2,4,18,True,161,0,243,243,2.43,0
322,8,1,1,4,8,False,11,5,246,1526,15.26,0
323,8,1,1,4,10,True,11,5,227,1507,15.07,0
324,8,1,2,4,22,False,184,2,102,614,6.14,0
325,8,1,2,4,12,True,184,2,82,594,5.94,0
326,8,1,2,4,15,False,80,3,10,778,7.78,0
327,8,1,2,4,21,True,80,2,245,757,7.57,0
328,8,1,2,4,25,False,161,5,33,1313,13.13,0
329,8,1,2,4,28,True,161,5,13,1293,12.93,0
330,8,1,2,4,29,True,162,3,178,946,9.46,0
331,8,1,1,4,28,False,148,5,182,1462,14.62,0
332,8,1,1,4,23,True,148,5,161,1441,14.41,0
333,8,1,2,4,16,False,210,2,50,562,5.62,0
334,8,1,2,4,4,True,210,2,32,544,5.44,0
335,8,1,2,4,33,False,143,2,23,535,5.35,0
336,8,1,2,4,25,True,143,2,2,514,5.14,0
337,8,1,2,4,0,False,252,4,21,1045,10.45,0
338,8,1,2,4,16,True,252,4,0,1024,10.24,0
339,8,1,2,4,29,False,82,3,208,976,9.76,0
340,8,1,2,4,24,True,82,3,189,957,9.57,0
341,8,1,1,4,25,False,9,3,160,928,9.28,0
342,8,1,1,4,6,True,9,3,143,911,9.11,0
343,8,1,3,4,22,False,124,1,110,366,3.66,0
344,8,1,3,4,7,True,124,1,90,346,3.46,0
345,8,1,2,4,14,False,122,3,97,865,8.65,0
346,8,1,2,4,21,True,122,3,75,843,8.43,0
347,8,1,0,4,30,False,80,0,214,214,2.14,0
348,8,1,0,4,29,False,77,4,174,1198,11.98,0
349,8,1,0,4,20,True,77,4,157,1181,11.81,0
350,8,1,2,4,14,False,107,1,56,312,3.12,0
351,8,1,2,4,28,True,107,1,34,290,2.9,0
352,8,1,2,4,25,False,192,1,192,448,4.48,0
353,8,1,2,4,10,True,192,1,173,429,4.29,0
354,8,1,2,4,24,False,4,3,77,845,8.45,0
355,8,1,2,4,30,True,4,3,55,823,8.23,0
356,8,1,1,4,7,False,231,5,43,1323,13.23,0
357,8,1,1,4,6,False,230,10,211,2771,27.71,0
358,8,1,1,4,24,True,230,10,192,2752,27.52,0
359,8,1,2,4,30,False,207,2,223,735,7.35,0
360,8,1,2,4,24,True,207,2,205,717,7.17,0
361,8,1,0,4,32,False,244,4,110,1134,11.34,0
362,8,1,0,4,19,True,244,4,92,1116,11.16,0
363,8,1,2,4,17,False,221,2,50,562,5.62,0
364,8,1,2,4,23,True,221,2,26,538,5.38,0
365,8,1,2,4,5,False,116,1,201,457,4.57,0
366,8,1,2,4,33,True,116,1,182,438,4.38,0
367,8,1,2,4,16,False,133,4,63,1087,10.87,0
368,8,1,2,4,10,True,133,4,44,1068,10.68,0
369,8,1,2,4,1,False,58,4,78,1102,11.02,0
370,8,1,2,4,28,True,58,4,57,1081,10.81,0
371,8,1,2,4,24,False,126,1,44,300,3.0,0
372,8,1,2,4,29,True,126,1,24,280,2.8,0
373,8,1,2,4,16,False,66,2,149,661,6.61,0
374,8,1,2,4,22,True,66,2,131,643,6.43,0
375,8,1,2,4,18,False,157,2,164,676,6.76,0
376,8,-1,-1,-1,-1,True,-1,-1,-1,-1,-1.0,-1
0,9,-1,-1,-1,-1,True,-1,-1,-1,-1,-1.0,-1
1,9,-1,-1,-1,-1,True,-1,-1,-1,-1,-1.0,-1
2,9,-1,-1,-1,-1,True,-1,-1,-1,-1,-1.0,-1
3,9,-1,-1,-1,-1,True,-1,-1,-1,-1,-1.0,-1
4,9,1,2,4,27,False,13,4,231,1255,12.55,0
5,9,1,2,4,19,True,13,4,211,1235,12.35,0
6,9,1,2,4,30,False,227,1,226,482,4.82,0
7,9,1,2,4,30,True,227,1,209,465,4.65,0
8,9,1,2,4,29,False,210,1,145,401,4.01,0
9,9,1,2,4,27,True,210,1,125,381,3.81,0
10,9,1,2,4,20,False,80,5,231,1511,15.11,0
11,9,1,2,4,18,True,80,5,210,1490,14.9,0
12,9,1,2,4,29,False,77,2,24,536,5.36,0
13,9,1,2,4,11,True,77,2,6,518,5.18,0
14,9,1,0,4,15,False,88,5,168,1448,14.48,0
15,9,1,0,4,28,True,88,5,149,1429,14.29,0
16,9,1,2,4,27,True,72,3,185,953,9.53,0
17,9,1,2,4,29,False,72,5,115,1395,13.95,0
18,9,1,2,4,26,True,72,5,96,1376,13.76,0
19,9,1,2,4,17,False,40,3,70,838,8.38,0
20,9,1,2,4,17,True,39,3,51,819,8.19,0
21,9,1,2,4,24,False,233,3,53,821,8.21,0
22,9,1,2,4,25,False,229,3,10,778,7.78,0
23,9,1,2,4,19,True,229,3,68,836,8.36,0
24,9,1,3,4,13,False,121,3,10,778,7.78,0
25,9,1,3,4,9,True,121,2,246,758,7.58,0
26,9,1,0,4,32,False,145,4,250,1274,12.74,0
27,9,1,0,4,33,False,145,3,164,932,9.32,0
28,9,1,0,4,3,True,145,4,233,1257,12.57,0
29,9,1,2,4,14,False,215,2,118,630,6.3,0
30,9,1,2,4,20,True,214,2,95,607,6.07,0
31,9,1,3,4,28,False,26,4,59,1083,10.83,0
32,9,1,3,4,6,True,26,4,36,1060,10.6,0
33,9,1,2,4,17,False,4,2,157,669,6.69,0
34,9,1,2,4,18,False,5,2,219,731,7.31,0
35,9,1,2,4,25,True,4,2,137,649,6.49,0
36,9,1,2,4,26,True,5,2,200,712,7.12,0
37,9,1,2,4,30,False,61,3,131,899,8.99,0
38,9,1,2,4,8,True,61,3,115,883,8.83,0
39,9,1,2,4,28,False,141,3,143,911,9.11,0
40,9,1,2,4,12,True,141,3,125,893,8.93,0
41,9,1,2,4,33,False,174,2,23,535,5.35,0
42,9,1,2,4,22,True,174,2,1,513,5.13,0
43,9,1,2,4,32,False,78,3,16,784,7.84,0
44,9,1,2,4,33,True,78,2,250,762,7.62,0
45,9,1,0,4,29,False,126,1,159,415,4.15,0
46,9,1,0,4,11,True,126,1,143,399,3.99,0
47,9,1,3,4,9,False,75,4,251,1275,12.75,0
48,9,1,3,4,8,True,75,4,231,1255,12.55,0
49,9,1,2,4,16,False,85,3,86,854,8.54,0
50,9,1,2,4,20,True,85,3,67,835,8.35,0
51,9,1,2,4,5,False,53,3,52,820,8.2,0
52,9,1,2,4,6,False,13,2,144,656,6.56,0
53,9,1,2,4,7,True,53,3,32,800,8.0,0
54,9,1,2,4,9,True,55,2,127,639,6.39,0
55,9,1,2,4,5,False,3,3,94,862,8.62,0
56,9,1,2,4,8,True,61,3,75,843,8.43,0
57,9,1,0,4,25,True,21,0,151,151,1.51,0
58,9,1,0,4,33,False,14,2,140,652,6.52,0
59,9,1,0,4,24,True,14,2,121,633,6.33,0
60,9,1,2,4,16,False,159,2,167,679,6.79,0
61,9,1,2,4,4,True,159,2,149,661,6.61,0
62,9,1,2,4,5,False,118,4,165,1189,11.89,0
63,9,1,2,4,23,True,118,4,144,1168,11.68,0
64,9,1,3,4,17,False,109,3,218,986,9.86,0
65,9,1,3,4,17,True,109,3,199,967,9.67,0
66,9,1,2,4,16,False,88,3,231,999,9.99,0
67,9,1,2,4,24,True,88,3,213,981,9.81,0
68,9,1,2,4,28,False,105,3,159,927,9.27,0
69,9,1,2,4,32,True,105,3,142,910,9.1,0
70,9,1,2,4,23,False,80,1,144,400,4.0,0
71,9,1,2,4,25,True,79,1,125,381,3.81,0
72,9,1,2,4,27,False,209,1,176,432,4.32,0
73,9,1,2,4,31,True,209,1,157,413,4.13,0
74,9,1,2,4,21,False,219,2,219,731,7.31,0
75,9,1,2,4,21,True,219,2,203,715,7.15,0
76,9,1,2,4,21,False,5,3,186,954,9.54,0
77,9,1,2,4,17,True,5,3,168,936,9.36,0
78,9,1,1,4,19,False,202,2,217,729,7.29,0
79,9,1,1,4,15,True,201,2,200,712,7.12,0
80,9,1,1,4,17,False,3,3,165,933,9.33,0
81,9,1,1,4,18,True,3,3,148,916,9.16,0
82,9,1,2,4,25,False,46,1,128,384,3.84,0
83,9,1,2,4,21,True,46,1,107,363,3.63,0
84,9,1,2,4,24,False,127,6,206,1742,17.42,0
85,9,1,2,4,19,True,127,6,186,1722,17.22,0
86,9,1,2,4,15,False,85,3,37,805,8.05,0
87,9,1,2,4,18,True,85,3,15,783,7.83,0
88,9,1,2,4,0,False,32,5,168,1448,14.48,0
89,9,1,2,4,16,True,32,5,147,1427,14.27,0
90,9,1,2,4,30,False,252,2,27,539,5.39,0
91,9,1,2,4,26,True,252,2,8,520,5.2,0
92,9,1,2,4,21,False,223,3,230,998,9.98,0
93,9,1,2,4,13,True,222,3,212,980,9.8,0
94,9,1,2,4,16,False,2,1,42,298,2.98,0
95,9,1,2,4,17,True,2,1,23,279,2.79,0
96,9,1,2,4,6,True,14,0,58,58,0.58,0
97,9,1,2,4,31,False,7,2,26,538,5.38,0
98,9,1,2,4,32,False,5,5,49,1329,13.29,0
99,9,1,2,4,7,True,5,5,29,1309,13.09,0
100,9,1,2,4,20,False,237,3,130,898,8.98,0
101,9,1,2,4,27,True,237,3,108,876,8.76,0
102,9,1,2,4,16,False,236,2,88,600,6.0,0
103,9,1,2,4,33,True,236,2,69,581,5.81,0
104,9,1,2,4,15,False,174,3,96,864,8.64,0
105,9,1,2,4,27,True,174,3,74,842,8.42,0
106,9,1,2,4,29,False,28,0,163,163,1.63,0
107,9,1,2,4,28,False,23,3,191,959,9.59,0
108,9,1,2,4,24,True,28,0,143,143,1.43,0
109,9,1,2,4,26,True,22,3,174,942,9.42,0
110,9,1,2,4,21,False,185,4,195,1219,12.19,0
111,9,1,2,4,18,True,185,4,177,1201,12.01,0
112,9,1,2,4,3,False,181,3,89,857,8.57,0
113,9,1,2,4,15,True,180,3,68,836,8.36,0
114,9,1,2,4,22,False,130,1,102,358,3.58,0
115,9,1,2,4,23,False,132,1,252,508,5.08,0
116,9,1,2,4,17,True,131,1,233,489,4.89,0
117,9,1,2,4,19,True,130,1,82,338,3.38,0
118,9,1,2,4,20,False,66,1,79,335,3.35,0
119,9,1,2,4,27,True,66,1,56,312,3.12,0
120,9,1,2,4,14,False,242,2,0,512,5.12,0
121,9,1,2,4,28,True,242,1,235,491,4.91,0
122,9,1,0,4,25,False,20,5,75,1355,13.55,0
123,9,1,0,4,28,True,20,5,55,1335,13.35,0
124,9,1,2,4,32,False,68,2,54,566,5.66,0
125,9,1,2,4,33,False,66,4,229,1253,12.53,0
126,9,1,2,4,14,True,66,4,208,1232,12.32,0
127,9,1,2,4,15,False,98,3,170,938,9.38,0
128,9,1,2,4,30,True,98,3,150,918,9.18,0
129,9,1,2,4,19,False,127,2,25,537,5.37,0
130,9,1,2,4,27,True,127,2,5,517,5.17,0
131,9,1,2,4,15,False,72,5,218,1498,14.98,0
132,9,1,2,4,16,True,72,5,195,1475,14.75,0
133,9,1,2,4,30,True,240,1,130,386,3.86,0
134,9,1,2,4,22,False,237,4,217,1241,12.41,0
135,9,1,2,4,29,True,237,4,197,1221,12.21,0
136,9,1,2,4,31,False,60,5,138,1418,14.18,0
137,9,1,2,4,23,True,60,5,115,1395,13.95,0
138,9,1,2,4,31,False,206,3,185,953,9.53,0
139,9,1,2,4,13,True,205,3,166,934,9.34,0
140,9,1,1,4,33,False,50,3,235,1003,10.03,0
141,9,1,1,4,17,True,50,3,218,986,9.86,0
142,9,1,2,4,26,False,90,3,49,817,8.17,0
143,9,1,2,4,29,True,90,3,28,796,7.96,0
144,9,1,2,5,26,False,3,12,4,3076,30.76,31
145,9,1,2,5,3,False,10,4,30,1054,10.54,76
146,9,1,2,5,14,False,4,5,76,1356,13.56,5
147,9,1,2,6,61,False,61,13,61,3389,33.89,15677
148,9,1,0,4,16,False,108,2,164,676,6.76,0
149,9,1,0,4,18,False,108,2,17,529,5.29,0
150,9,1,0,4,20,False,96,4,43,1067,10.67,0
151,9,1,0,4,11,True,96,4,24,1048,10.48,0
152,9,1,0,4,17,False,0,3,118,886,8.86,0
153,9,1,0,4,7,True,16,3,97,865,8.65,0
154,9,1,0,4,16,False,16,1,250,506,5.06,0
155,9,1,2,4,19,True,72,1,230,486,4.86,0
156,9,1,3,4,0,False,171,6,124,1660,16.6,0
157,9,1,3,4,4,True,171,6,99,1635,16.35,0
158,9,1,2,4,3,False,227,1,224,480,4.8,0
159,9,1,2,4,16,True,227,1,202,458,4.58,0
160,9,1,2,4,17,False,71,2,162,674,6.74,0
161,9,1,2,4,25,True,71,2,141,653,6.53,0
162,9,1,2,4,30,False,77,4,139,1163,11.63,0
163,9,1,2,4,28,True,77,4,121,1145,11.45,0
164,9,1,2,4,9,False,9,3,60,828,8.28,0
165,9,1,2,4,10,False,8,5,76,1356,13.56,0
166,9,1,2,4,6,True,9,2,145,657,6.57,0
167,9,1,2,4,7,True,8,5,56,1336,13.36,0
168,9,1,2,4,29,True,205,2,23,535,5.35,0
169,9,1,2,4,18,False,204,8,63,2111,21.11,0
170,9,1,2,4,28,True,204,8,45,2093,20.93,0
171,9,1,2,4,24,False,111,3,218,986,9.86,0
172,9,1,2,4,25,False,111,3,79,847,8.47,0
173,9,1,2,4,8,True,111,3,59,827,8.27,0
174,9,1,2,4,9,True,111,3,108,876,8.76,0
175,9,1,2,4,10,True,111,3,194,962,9.62,0
176,9,1,2,4,22,False,207,3,34,802,8.02,0
177,9,1,2,4,21,True,207,3,12,780,7.8,0
178,9,1,2,4,16,False,76,2,169,681,6.81,0
179,9,1,2,4,32,True,76,2,151,663,6.63,0
180,9,1,2,4,17,False,29,1,104,360,3.6,0
181,9,1,2,4,24,True,29,1,81,337,3.37,0
182,9,1,1,4,12,False,110,1,178,434,4.34,0
183,9,1,1,4,13,False,104,3,193,961,9.61,0
184,9,1,2,4,8,False,160,0,241,241,2.41,0
185,9,1,1,4,4,True,104,3,174,942,9.42,0
186,9,1,2,4,14,True,160,0,218,218,2.18,0
187,9,1,2,4,10,False,4,1,118,374,3.74,0
188,9,1,2,4,6,True,4,1,97,353,3.53,0
189,9,1,2,4,32,False,152,3,93,861,8.61,0
190,9,1,2,4,33,False,152,2,203,715,7.15,0
191,9,1,2,4,13,True,152,2,182,694,6.94,0
192,9,1,2,4,14,True,152,3,73,841,8.41,0
193,9,1,2,4,17,False,35,2,180,692,6.92,0
194,9,1,2,4,28,True,35,2,158,670,6.7,0
195,9,1,2,4,19,False,82,4,112,1136,11.36,0
196,9,1,2,4,23,True,82,4,92,1116,11.16,0
197,9,1,2,4,24,False,48,2,61,573,5.73,0
198,9,1,2,4,23,True,48,2,39,551,5.51,0
199,9,1,2,4,3,False,170,2,183,695,6.95,0
200,9,1,2,4,16,True,170,2,160,672,6.72,0
201,9,1,2,4,17,False,118,3,201,969,9.69,0
202,9,1,2,4,31,True,118,3,179,947,9.47,0
203,9,1,3,4,29,False,24,4,29,1053,10.53,0
204,9,1,3,4,15,True,24,4,7,1031,10.31,0
205,9,1,3,4,15,True,97,0,228,228,2.28,0
206,9,1,3,4,10,False,86,3,132,900,9.0,0
207,9,1,3,4,13,False,85,3,244,1012,10.12,0
208,9,1,3,4,14,True,86,3,114,882,8.82,0
209,9,1,3,4,16,True,85,3,223,991,9.91,0
210,9,1,2,4,3,False,89,2,87,599,5.99,0
211,9,1,2,4,14,True,89,2,66,578,5.78,0
212,9,1,2,4,4,False,111,4,137,1161,11.61,0
213,9,1,2,4,29,True,111,4,119,1143,11.43,0
214,9,1,2,4,20,False,169,2,210,722,7.22,0
215,9,1,2,4,23,True,169,2,187,699,6.99,0
216,9,1,2,4,29,False,103,3,91,859,8.59,0
217,9,1,2,4,21,True,103,3,72,840,8.4,0
218,9,1,2,4,31,False,130,1,241,497,4.97,0
219,9,1,2,4,16,True,130,1,220,476,4.76,0
220,9,1,2,4,29,False,230,3,52,820,8.2,0
221,9,1,2,4,12,True,229,3,33,801,8.01,0
222,9,1,2,4,15,False,202,3,109,877,8.77,0
223,9,1,2,4,31,True,201,3,88,856,8.56,0
224,9,1,1,4,21,False,94,5,53,1333,13.33,0
225,9,1,1,4,3,True,94,5,35,1315,13.15,0
226,9,1,3,4,10,True,251,1,30,286,2.86,0
227,9,1,3,4,11,False,246,4,253,1277,12.77,0
228,9,1,3,4,9,True,246,4,233,1257,12.57,0
229,9,1,2,4,22,False,146,2,65,577,5.77,0
230,9,1,2,4,10,True,146,2,46,558,5.58,0
231,9,1,2,4,28,False,74,2,78,590,5.9,0
232,9,1,2,4,25,True,74,2,60,572,5.72,0
233,9,1,1,4,32,False,7,2,102,614,6.14,0
234,9,1,1,4,5,True,7,2,87,599,5.99,0
235,9,1,2,4,21,False,197,2,167,679,6.79,0
236,9,1,2,4,29,True,197,2,150,662,6.62,0
237,9,1,2,4,18,False,169,1,201,457,4.57,0
238,9,1,2,4,21,True,168,1,182,438,4.38,0
239,9,1,2,4,30,False,103,3,179,947,9.47,0
240,9,1,2,4,20,True,103,3,160,928,9.28,0
241,9,1,2,4,26,False,136,4,233,1257,12.57,0
242,9,1,2,4,20,True,136,4,212,1236,12.36,0
243,9,1,2,4,19,False,158,0,191,191,1.91,0
244,9,1,2,4,21,False,153,3,239,1007,10.07,0
245,9,1,2,4,20,False,153,5,32,1312,13.12,0
246,9,1,2,4,28,True,153,5,12,1292,12.92,0
247,9,1,2,4,10,False,207,3,211,979,9.79,0
248,9,1,2,4,4,True,207,3,190,958,9.58,0
249,9,1,0,4,27,False,118,1,239,495,4.95,0
250,9,1,0,4,11,True,117,1,222,478,4.78,0
251,9,1,2,4,3,False,72,3,46,814,8.14,0
252,9,1,2,4,18,True,72,3,24,792,7.92,0
253,9,1,2,2,8,False,3,0,0,0,0.0,0
254,9,1,2,0,0,False,0,0,0,0,0.0,0
255,9,1,2,4,21,False,154,2,97,609,6.09,0
256,9,1,2,4,23,False,154,1,162,418,4.18,0
257,9,1,2,4,19,True,154,2,79,591,5.91,0
258,9,1,2,4,24,False,183,2,162,674,6.74,0
259,9,1,2,4,14,True,183,2,142,654,6.54,0
260,9,1,3,4,10,False,4,4,66,1090,10.9,0
261,9,1,3,4,3,True,4,4,48,1072,10.72,0
262,9,1,2,4,1,False,112,3,2,770,7.7,0
263,9,1,2,4,26,True,112,2,237,749,7.49,0
264,9,1,2,4,15,False,90,3,68,836,8.36,0
265,9,1,2,4,32,True,90,3,48,816,8.16,0
266,9,1,2,4,22,False,48,1,159,415,4.15,0
267,9,1,2,4,12,True,48,1,139,395,3.95,0
268,9,1,2,4,27,False,168,1,236,492,4.92,0
269,9,1,2,4,9,True,168,1,217,473,4.73,0
270,9,1,2,4,11,True,219,0,250,250,2.5,0
271,9,1,2,4,29,False,214,2,216,728,7.28,0
272,9,1,2,4,30,False,213,4,7,1031,10.31,0
273,9,1,2,4,10,True,213,3,245,1013,10.13,0
274,9,1,3,4,20,False,158,3,233,1001,10.01,0
275,9,1,3,4,26,True,158,3,215,983,9.83,0
276,9,1,2,4,17,False,91,2,20,532,5.32,0
277,9,1,2,4,21,True,91,1,255,511,5.11,0
278,9,1,2,4,5,False,190,1,201,457,4.57,0
279,9,1,2,4,19,True,190,1,181,437,4.37,0
280,9,1,2,4,0,False,214,4,53,1077,10.77,0
281,9,1,2,4,28,True,214,4,35,1059,10.59,0
282,9,1,2,4,22,False,253,3,235,1003,10.03,0
283,9,1,2,4,23,False,254,2,245,757,7.57,0
284,9,1,2,4,17,True,253,3,215,983,9.83,0
285,9,1,2,4,29,False,150,4,122,1146,11.46,0
286,9,1,2,4,20,True,150,4,102,1126,11.26,0
287,9,1,2,4,22,True,4,6,4,1540,15.4,0
288,9,1,2,3,41,False,3,9,0,2304,23.04,0
289,9,1,2,4,25,True,105,3,22,790,7.9,0
290,9,1,2,4,26,True,106,1,209,465,4.65,0
291,9,1,2,4,9,False,252,2,21,533,5.33,0
292,9,1,2,4,8,True,252,2,0,512,5.12,0
293,9,1,2,4,23,False,6,1,201,457,4.57,0
294,9,1,2,4,25,True,6,1,181,437,4.37,0
295,9,1,2,4,33,False,233,4,57,1081,10.81,0
296,9,1,2,4,17,True,232,4,35,1059,10.59,0
297,9,1,2,4,32,False,40,6,56,1592,15.92,0
298,9,1,2,4,13,True,40,6,35,1571,15.71,0
299,9,1,3,4,16,False,220,3,100,868,8.68,0
300,9,1,3,4,5,True,219,3,79,847,8.47,0
301,9,1,2,4,27,False,252,2,246,758,7.58,0
302,9,1,2,4,20,True,252,2,227,739,7.39,0
303,9,1,2,4,27,False,10,2,212,724,7.24,0
304,9,1,2,4,29,True,10,2,193,705,7.05,0
305,9,1,2,4,26,False,11,2,80,592,5.92,0
306,9,1,2,4,33,True,11,2,59,571,5.71,0
307,9,1,2,4,25,False,5,2,199,711,7.11,0
308,9,1,2,4,27,True,5,2,177,689,6.89,0
309,9,1,2,4,25,False,58,2,139,651,6.51,0
310,9,1,2,4,10,True,58,2,120,632,6.32,0
311,9,1,2,4,32,False,124,2,183,695,6.95,0
312,9,1,2,4,5,True,124,2,164,676,6.76,0
313,9,1,2,4,21,False,30,3,21,789,7.89,0
314,9,1,2,4,26,True,30,3,4,772,7.72,0
315,9,1,2,4,20,False,181,3,103,871,8.71,0
316,9,1,2,4,28,True,181,3,83,851,8.51,0
317,9,1,1,4,10,False,176,1,187,443,4.43,0
318,9,1,1,4,16,True,176,1,169,425,4.25,0
319,9,1,2,4,20,False,90,3,82,850,8.5,0
320,9,1,2,4,11,True,90,3,60,828,8.28,0
321,9,1,2,4,27,False,229,3,95,863,8.63,0
322,9,1,2,4,24,True,229,2,155,667,6.67,0
323,9,1,2,4,25,True,231,3,60,828,8.28,0
324,9,1,2,4,17,False,19,1,186,442,4.42,0
325,9,1,2,4,23,True,19,1,162,418,4.18,0
326,9,1,2,4,25,False,222,4,29,1053,10.53,0
327,9,1,2,4,26,False,222,4,12,1036,10.36,0
328,9,1,2,4,23,True,222,4,8,1032,10.32,0
329,9,1,2,4,21,False,61,1,193,449,4.49,0
330,9,1,2,4,25,True,61,1,176,432,4.32,0
331,9,1,3,4,14,False,140,3,203,971,9.71,0
332,9,1,3,4,19,True,140,3,180,948,9.48,0
333,9,1,2,4,14,False,76,1,249,505,5.05,0
334,9,1,2,4,23,True,76,1,225,481,4.81,0
335,9,1,2,4,15,False,166,3,93,861,8.61,0
336,9,1,2,4,31,True,166,3,72,840,8.4,0
337,9,1,0,4,10,False,201,6,226,1762,17.62,0
338,9,1,0,4,5,True,201,6,207,1743,17.43,0
339,9,1,2,4,27,False,204,1,246,502,5.02,0
340,9,1,2,4,33,True,204,1,227,483,4.83,0
341,9,1,0,4,19,False,6,2,60,572,5.72,0
342,9,1,0,4,21,True,6,2,43,555,5.55,0
343,9,1,2,4,16,False,194,3,50,818,8.18,0
344,9,1,2,4,14,True,194,3,31,799,7.99,0
345,9,1,2,4,23,False,233,3,58,826,8.26,0
346,9,1,2,4,24,False,233,3,128,896,8.96,0
347,9,1,2,4,13,True,233,3,107,875,8.75,0
348,9,1,2,4,14,False,87,3,230,998,9.98,0
349,9,1,2,4,15,False,87,3,80,848,8.48,0
350,9,1,2,4,7,True,87,3,59,827,8.27,0
351,9,1,2,4,8,True,93,2,11,523,5.23,0
352,9,1,2,4,9,True,87,3,209,977,9.77,0
353,9,1,2,4,25,False,18,1,101,357,3.57,0
354,9,1,2,4,26,True,18,1,81,337,3.37,0
355,9,1,1,4,23,False,216,4,1,1025,10.25,0
356,9,1,1,4,24,False,214,4,121,1145,11.45,0
357,9,1,1,4,25,False,214,6,71,1607,16.07,0
358,9,1,1,4,8,True,214,6,54,1590,15.9,0
359,9,1,1,4,9,True,214,4,105,1129,11.29,0
360,9,1,1,4,10,True,216,3,241,1009,10.09,0
361,9,1,2,4,33,True,168,0,189,189,1.89,0
362,9,1,2,4,16,False,156,3,223,991,9.91,0
363,9,1,2,4,32,True,156,3,205,973,9.73,0
364,9,1,2,4,18,False,60,2,149,661,6.61,0
365,9,1,2,4,19,True,60,2,129,641,6.41,0
366,9,1,2,4,26,False,192,2,75,587,5.87,0
367,9,1,2,4,24,True,192,2,54,566,5.66,0
368,9,1,2,4,5,False,33,3,247,1015,10.15,0
369,9,1,2,4,20,True,33,3,227,995,9.95,0
370,9,1,2,4,24,False,61,2,54,566,5.66,0
371,9,1,2,4,25,True,61,2,34,546,5.46,0
372,9,1,2,4,25,False,109,2,1,513,5.13,0
373,9,1,2,4,25,True,109,1,240,496,4.96,0
374,9,1,2,4,32,False,160,2,144,656,6.56,0
375,9,1,2,4,6,True,160,2,125,637,6.37,0
0,10,-1,-1,-1,-1,True,-1,-1,-1,-1,-1.0,-1
1,10,-1,-1,-1,-1,True,-1,-1,-1,-1,-1.0,-1
2,10,-1,-1,-1,-1,True,-1,-1,-1,-1,-1.0,-1
3,10,1,2,4,25,False,25,3,189,957,9.57,0
4,10,1,2,4,24,False,24,7,53,1845,18.45,0
5,10,1,2,4,24,True,24,7,34,1826,18.26,0
6,10,1,2,4,24,False,192,2,94,606,6.06,0
7,10,1,2,4,31,True,192,2,74,586,5.86,0
8,10,1,2,4,27,False,197,1,254,510,5.1,0
9,10,1,2,4,30,False,194,4,47,1071,10.71,0
10,10,1,2,4,18,True,196,1,235,491,4.91,0
11,10,1,2,4,20,True,194,4,28,1052,10.52,0
12,10,1,2,4,14,False,196,3,107,875,8.75,0
13,10,1,2,4,20,True,196,3,84,852,8.52,0
14,10,1,2,4,14,False,192,2,179,691,6.91,0
15,10,1,2,4,28,True,192,2,157,669,6.69,0
16,10,1,2,4,20,False,25,6,80,1616,16.16,0
17,10,1,2,4,20,True,25,6,60,1596,15.96,0
18,10,1,2,4,1,False,215,1,38,294,2.94,0
19,10,1,2,4,11,True,214,1,14,270,2.7,0
20,10,1,3,4,8,False,98,4,3,1027,10.27,0
21,10,1,3,4,28,True,97,3,241,1009,10.09,0
22,10,1,0,4,23,False,53,1,224,480,4.8,0
23,10,1,0,4,31,True,53,1,209,465,4.65,0
24,10,1,2,4,2,False,220,1,54,310,3.1,0
25,10,1,2,4,3,False,215,2,207,719,7.19,0
26,10,1,2,4,13,True,220,1,33,289,2.89,0
27,10,1,2,4,14,True,215,2,186,698,6.98,0
28,10,1,2,4,28,False,227,0,223,223,2.23,0
29,10,1,2,4,19,True,227,0,205,205,2.05,0
30,10,1,1,4,25,False,13,1,196,452,4.52,0
31,10,1,1,4,12,True,13,1,178,434,4.34,0
32,10,1,2,4,6,False,154,2,165,677,6.77,0
33,10,1,2,4,16,True,154,2,144,656,6.56,0
34,10,1,0,4,25,False,29,6,50,1586,15.86,0
35,10,1,0,4,13,True,29,6,32,1568,15.68,0
36,10,1,2,4,0,False,227,3,209,977,9.77,0
37,10,1,2,4,23,True,227,3,187,955,9.55,0
38,10,1,2,4,27,False,193,4,32,1056,10.56,0
39,10,1,2,4,26,True,193,4,13,1037,10.37,0
40,10,1,0,4,26,False,88,3,12,780,7.8,0
41,10,1,0,4,25,True,88,2,249,761,7.61,0
42,10,1,3,4,25,False,142,5,247,1527,15.27,0
43,10,1,3,4,3,True,142,5,227,1507,15.07,0
44,10,1,2,4,14,False,204,2,166,678,6.78,0
45,10,1,2,4,19,True,204,2,142,654,6.54,0
46,10,1,3,4,32,False,210,3,191,959,9.59,0
47,10,1,3,4,9,True,210,3,171,939,9.39,0
48,10,1,2,4,18,False,139,3,84,852,8.52,0
49,10,1,2,4,9,True,139,3,67,835,8.35,0
50,10,1,2,4,1,False,165,3,18,786,7.86,0
51,10,1,2,4,18,True,165,2,251,763,7.63,0
52,10,1,2,4,3,False,132,5,206,1486,14.86,0
53,10,1,2,4,20,True,132,5,184,1464,14.64,0
54,10,1,2,4,16,False,13,2,102,614,6.14,0
55,10,1,2,4,13,True,13,2,84,596,5.96,0
56,10,1,3,4,6,False,143,3,111,879,8.79,0
57,10,1,3,4,10,True,143,3,89,857,8.57,0
58,10,1,2,4,23,False,33,3,50,818,8.18,0
59,10,1,2,4,31,True,33,3,30,798,7.98,0
60,10,1,2,4,29,True,9,3,176,944,9.44,0
61,10,1,2,4,30,True,9,2,223,735,7.35,0
62,10,1,2,4,2,False,8,7,95,1887,18.87,0
63,10,1,2,4,31,True,8,7,73,1865,18.65,0
64,10,1,2,4,19,False,16,3,137,905,9.05,0
65,10,1,2,4,33,True,16,3,119,887,8.87,0
66,10,1,0,4,28,False,136,1,195,451,4.51,0
67,10,1,0,4,22,True,136,1,177,433,4.33,0
68,10,1,2,4,4,False,134,5,54,1334,13.34,0
69,10,1,2,4,24,True,134,5,36,1316,13.16,0
70,10,1,2,4,21,False,155,6,93,1629,16.29,0
71,10,1,2,4,18,True,155,6,75,1611,16.11,0
72,10,1,2,4,22,False,199,4,90,1114,11.14,0
73,10,1,2,4,27,True,199,4,69,1093,10.93,0
74,10,1,2,4,32,False,126,3,243,1011,10.11,0
75,10,1,2,4,27,True,126,3,220,988,9.88,0
76,10,1,2,4,16,False,99,3,160,928,9.28,0
77,10,1,2,4,21,True,99,3,141,909,9.09,0
78,10,1,2,4,2,False,204,2,169,681,6.81,0
79,10,1,2,4,16,True,204,2,147,659,6.59,0
80,10,1,2,4,33,False,233,2,176,688,6.88,0
81,10,1,2,4,22,True,221,2,155,667,6.67,0
82,10,1,2,4,21,False,107,3,32,800,8.0,0
83,10,1,2,4,22,False,108,2,163,675,6.75,0
84,10,1,2,4,25,True,107,3,15,783,7.83,0
85,10,1,2,4,27,False,33,4,87,1111,11.11,0
86,10,1,2,4,18,True,33,4,67,1091,10.91,0
87,10,1,2,4,17,False,234,2,135,647,6.47,0
88,10,1,2,4,18,False,233,2,9,521,5.21,0
89,10,1,2,4,12,True,233,2,115,627,6.27,0
90,10,1,2,4,27,False,146,3,236,1004,10.04,0
91,10,1,2,4,32,True,146,3,218,986,9.86,0
92,10,1,3,4,8,False,121,2,126,638,6.38,0
93,10,1,3,4,9,False,120,3,209,977,9.77,0
94,10,1,3,4,3,True,120,3,188,956,9.56,0
95,10,1,3,4,5,True,121,2,105,617,6.17,0
96,10,1,2,0,0,False,0,0,0,0,0.0,0
97,10,1,2,2,3,False,218,0,0,0,0.0,0
98,10,1,2,4,29,False,6,3,163,931,9.31,0
99,10,1,2,4,12,True,9,2,11,523,5.23,0
100,10,1,2,4,13,True,6,3,145,913,9.13,0
101,10,1,2,4,29,False,174,1,48,304,3.04,0
102,10,1,2,4,24,True,174,1,29,285,2.85,0
103,10,1,3,4,7,False,77,5,210,1490,14.9,0
104,10,1,3,4,7,True,77,5,187,1467,14.67,0
105,10,1,2,4,29,False,113,2,128,640,6.4,0
106,10,1,2,4,11,True,113,2,110,622,6.22,0
107,10,1,3,4,27,False,179,5,83,1363,13.63,0
108,10,1,3,4,7,True,54,5,64,1344,13.44,0
109,10,1,2,4,15,False,209,5,216,1496,14.96,0
110,10,1,2,4,16,True,209,5,193,1473,14.73,0
111,10,1,3,4,11,False,103,2,228,740,7.4,0
112,10,1,3,4,3,True,103,2,208,720,7.2,0
113,10,1,0,4,23,False,241,4,3,1027,10.27,0
114,10,1,0,4,14,True,241,3,242,1010,10.1,0
115,10,1,2,4,0,False,69,4,80,1104,11.04,0
116,10,1,2,4,32,True,69,4,62,1086,10.86,0
117,10,1,2,4,15,False,201,2,202,714,7.14,0
118,10,1,2,4,30,True,201,2,181,693,6.93,0
119,10,1,2,4,33,False,40,4,49,1073,10.73,0
120,10,1,2,4,14,True,40,4,28,1052,10.52,0
121,10,1,2,4,6,False,11,3,171,939,9.39,0
122,10,1,2,4,13,True,11,3,151,919,9.19,0
123,10,1,2,4,25,False,186,1,92,348,3.48,0
124,10,1,2,4,17,True,186,1,73,329,3.29,0
125,10,1,0,4,22,False,89,3,142,910,9.1,0
126,10,1,0,4,22,True,89,3,127,895,8.95,0
127,10,1,2,1,58,True,0,0,0,0,0.0,0
128,10,1,2,1,9,False,0,0,0,0,0.0,0
129,10,1,2,4,28,False,103,4,128,1152,11.52,0
130,10,1,2,4,27,True,103,4,108,1132,11.32,0
131,10,1,2,4,29,False,239,0,222,222,2.22,0
132,10,1,2,4,22,True,239,0,203,203,2.03,0
133,10,1,2,4,20,False,130,2,162,674,6.74,0
134,10,1,2,4,31,True,130,2,141,653,6.53,0
135,10,1,2,4,2,False,98,4,47,1071,10.71,0
136,10,1,2,4,31,True,97,4,25,1049,10.49,0
137,10,1,2,4,1,False,30,1,255,511,5.11,0
138,10,1,2,4,8,True,30,1,234,490,4.9,0
139,10,1,2,4,15,False,185,3,128,896,8.96,0
140,10,1,2,4,16,False,185,3,13,781,7.81,0
141,10,1,2,4,28,True,185,2,251,763,7.63,0
142,10,1,2,4,29,True,185,3,107,875,8.75,0
143,10,1,2,4,31,False,187,1,87,343,3.43,0
144,10,1,2,7,59,True,1,7,4,1796,17.96,375073
145,10,1,2,3,4,False,134,9,0,2304,23.04,0
146,10,1,2,5,14,False,61,13,61,3389,33.89,61
147,10,1,0,4,3,False,68,3,17,785,7.85,0
148,10,1,0,4,20,False,67,3,20,788,7.88,0
149,10,1,0,4,17,False,218,2,90,602,6.02,0
150,10,1,0,4,23,False,218,2,70,582,5.82,0
151,10,1,0,4,23,False,159,5,16,1296,12.96,0
152,10,1,2,4,30,True,159,5,149,1429,14.29,0
153,10,1,3,4,27,False,1,4,188,1212,12.12,0
154,10,1,3,4,13,True,1,4,170,1194,11.94,0
155,10,1,2,4,25,True,223,2,122,634,6.34,0
156,10,1,2,4,25,False,222,5,85,1365,13.65,0
157,10,1,2,4,26,True,222,5,65,1345,13.45,0
158,10,1,2,4,9,False,100,3,62,830,8.3,0
159,10,1,2,4,8,True,102,2,8,520,5.2,0
160,10,1,2,4,9,True,100,3,45,813,8.13,0
161,10,1,3,4,18,False,157,5,140,1420,14.2,0
162,10,1,3,4,7,True,157,5,116,1396,13.96,0
163,10,1,3,4,14,False,86,4,157,1181,11.81,0
164,10,1,3,4,7,True,86,4,134,1158,11.58,0
165,10,1,2,4,1,False,29,2,206,718,7.18,0
166,10,1,2,4,2,False,27,4,232,1256,12.56,0
167,10,1,2,4,29,True,27,4,211,1235,12.35,0
168,10,1,2,4,24,False,20,8,25,2073,20.73,0
169,10,1,2,4,19,True,19,8,5,2053,20.53,0
170,10,1,2,4,4,False,87,2,64,576,5.76,0
171,10,1,2,4,32,True,87,2,47,559,5.59,0
172,10,1,2,4,17,False,121,2,8,520,5.2,0
173,10,1,2,4,11,True,121,1,243,499,4.99,0
174,10,1,2,4,4,False,199,1,238,494,4.94,0
175,10,1,2,4,3,False,194,4,81,1105,11.05,0
176,10,1,2,4,24,True,194,4,60,1084,10.84,0
177,10,1,3,4,13,False,106,3,170,938,9.38,0
178,10,1,3,4,15,False,107,2,224,736,7.36,0
179,10,1,3,4,8,True,106,3,150,918,9.18,0
180,10,1,3,4,9,True,107,2,204,716,7.16,0
181,10,1,3,4,7,False,149,1,173,429,4.29,0
182,10,1,3,4,5,True,149,1,149,405,4.05,0
183,10,1,2,4,17,False,84,4,82,1106,11.06,0
184,10,1,2,4,29,True,84,4,59,1083,10.83,0
185,10,1,2,4,21,False,224,2,122,634,6.34,0
186,10,1,2,4,19,False,223,4,74,1098,10.98,0
187,10,1,2,4,20,False,222,4,145,1169,11.69,0
188,10,1,2,4,27,True,222,4,123,1147,11.47,0
189,10,1,2,4,23,False,70,1,39,295,2.95,0
190,10,1,2,4,8,True,70,1,21,277,2.77,0
191,10,1,0,4,33,False,145,2,75,587,5.87,0
192,10,1,0,4,12,True,145,2,57,569,5.69,0
193,10,1,2,4,7,False,120,2,116,628,6.28,0
194,10,1,2,4,9,True,120,2,98,610,6.1,0
195,10,1,2,4,24,False,7,3,118,886,8.86,0
196,10,1,2,4,15,True,7,3,98,866,8.66,0
197,10,1,2,4,21,False,235,4,77,1101,11.01,0
198,10,1,2,4,28,True,235,4,59,1083,10.83,0
199,10,1,2,4,6,False,12,1,187,443,4.43,0
200,10,1,2,4,6,True,12,1,170,426,4.26,0
201,10,1,2,4,27,False,172,1,78,334,3.34,0
202,10,1,2,4,32,True,172,1,61,317,3.17,0
203,10,1,0,4,29,False,61,3,164,932,9.32,0
204,10,1,0,4,22,True,61,3,145,913,9.13,0
205,10,1,2,4,23,False,229,3,42,810,8.1,0
206,10,1,2,4,24,True,229,3,22,790,7.9,0
207,10,1,2,4,17,False,189,2,1,513,5.13,0
208,10,1,2,4,20,True,189,1,234,490,4.9,0
209,10,1,2,4,17,False,8,3,119,887,8.87,0
210,10,1,2,4,22,True,8,3,96,864,8.64,0
211,10,1,0,4,30,False,133,2,28,540,5.4,0
212,10,1,0,4,31,True,133,2,11,523,5.23,0
213,10,1,2,4,19,False,134,3,185,953,9.53,0
214,10,1,2,4,28,True,134,3,167,935,9.35,0
215,10,1,2,4,15,False,169,2,218,730,7.3,0
216,10,1,2,4,17,True,169,2,196,708,7.08,0
217,10,1,1,4,20,False,216,6,49,1585,15.85,0
218,10,1,1,4,32,True,216,6,28,1564,15.64,0
219,10,1,2,4,1,False,97,2,250,762,7.62,0
220,10,1,2,4,23,True,97,2,226,738,7.38,0
221,10,1,2,4,0,False,107,6,131,1667,16.67,0
222,10,1,2,4,21,True,107,6,111,1647,16.47,0
223,10,1,2,4,18,False,95,1,213,469,4.69,0
224,10,1,2,4,8,True,95,1,195,451,4.51,0
225,10,1,2,4,1,False,183,2,96,608,6.08,0
226,10,1,2,4,27,True,183,2,73,585,5.85,0
227,10,1,0,4,33,False,255,2,157,669,6.69,0
228,10,1,0,4,22,True,255,2,138,650,6.5,0
229,10,1,2,4,28,False,161,2,162,674,6.74,0
230,10,1,2,4,19,True,161,2,144,656,6.56,0
231,10,1,2,4,7,False,120,2,117,629,6.29,0
232,10,1,2,4,9,True,120,2,100,612,6.12,0
233,10,1,2,4,24,False,61,1,76,332,3.32,0
234,10,1,2,4,22,True,61,1,55,311,3.11,0
235,10,1,2,4,17,False,110,1,177,433,4.33,0
236,10,1,2,4,29,True,110,1,154,410,4.1,0
237,10,1,2,4,23,False,208,3,211,979,9.79,0
238,10,1,2,4,18,True,208,3,192,960,9.6,0
239,10,1,2,4,13,False,47,5,20,1300,13.0,0
240,10,1,2,4,11,True,47,4,254,1278,12.78,0
241,10,1,0,4,27,True,162,2,35,547,5.47,0
242,10,1,0,4,19,False,161,3,224,992,9.92,0
243,10,1,0,4,28,True,161,3,209,977,9.77,0
244,10,1,3,4,11,False,88,4,4,1028,10.28,0
245,10,1,3,4,3,True,88,3,240,1008,10.08,0
246,10,1,2,4,23,False,164,3,30,798,7.98,0
247,10,1,2,4,10,True,164,3,12,780,7.8,0
248,10,1,2,4,32,False,232,1,113,369,3.69,0
249,10,1,2,4,20,True,232,1,93,349,3.49,0
250,10,1,2,4,5,False,146,1,178,434,4.34,0
251,10,1,2,4,25,True,145,1,160,416,4.16,0
252,10,1,2,4,5,False,191,1,17,273,2.73,0
253,10,1,2,4,26,True,190,1,0,256,2.56,0
254,10,1,2,4,4,False,244,2,160,672,6.72,0
255,10,1,2,4,5,False,243,3,114,882,8.82,0
256,10,1,2,4,17,True,243,3,94,862,8.62,0
257,10,1,2,4,31,False,162,1,59,315,3.15,0
258,10,1,2,4,22,True,162,1,39,295,2.95,0
259,10,1,2,4,7,False,43,3,229,997,9.97,0
260,10,1,2,4,5,True,43,3,210,978,9.78,0
261,10,1,2,4,4,False,66,3,86,854,8.54,0
262,10,1,2,4,3,True,66,3,68,836,8.36,0
263,10,1,2,4,17,False,78,2,96,608,6.08,0
264,10,1,2,4,30,True,78,2,74,586,5.86,0
265,10,1,2,4,21,False,75,2,36,548,5.48,0
266,10,1,2,4,10,True,75,2,19,531,5.31,0
267,10,1,2,4,0,False,73,5,254,1534,15.34,0
268,10,1,2,4,30,True,73,5,235,1515,15.15,0
269,10,1,3,4,10,False,135,3,55,823,8.23,0
270,10,1,3,4,8,True,135,3,39,807,8.07,0
271,10,1,2,4,19,False,40,4,34,1058,10.58,0
272,10,1,2,4,33,True,40,4,15,1039,10.39,0
273,10,1,2,4,21,False,194,2,41,553,5.53,0
274,10,1,2,4,26,True,194,2,24,536,5.36,0
275,10,1,2,4,26,False,185,3,147,915,9.15,0
276,10,1,2,4,30,True,185,3,128,896,8.96,0
277,10,1,2,4,3,False,121,1,191,447,4.47,0
278,10,1,2,4,14,True,121,1,170,426,4.26,0
279,10,1,2,4,23,False,216,2,130,642,6.42,0
280,10,1,2,4,3,True,216,2,111,623,6.23,0
281,10,1,2,4,6,False,25,2,95,607,6.07,0
282,10,1,2,4,26,True,24,2,77,589,5.89,0
283,10,1,3,4,23,False,203,4,52,1076,10.76,0
284,10,1,3,4,4,True,203,4,31,1055,10.55,0
285,10,1,2,4,29,False,132,2,120,632,6.32,0
286,10,1,2,4,8,True,132,2,104,616,6.16,0
287,10,1,0,4,33,True,3,1,4,260,2.6,0
288,10,1,0,3,53,True,5,14,0,3584,35.84,0
289,10,1,0,4,14,True,181,5,59,1339,13.39,0
290,10,1,2,4,29,False,152,3,144,912,9.12,0
291,10,1,2,4,12,True,152,3,125,893,8.93,0
292,10,1,2,4,31,False,175,0,228,228,2.28,0
293,10,1,2,4,5,True,174,0,210,210,2.1,0
294,10,1,2,4,23,False,248,2,107,619,6.19,0
295,10,1,2,4,19,True,248,2,87,599,5.99,0
296,10,1,2,4,21,False,133,4,2,1026,10.26,0
297,10,1,2,4,13,True,133,3,240,1008,10.08,0
298,10,1,2,4,4,False,212,2,204,716,7.16,0
299,10,1,2,4,19,True,212,2,187,699,6.99,0
300,10,1,2,4,8,False,135,1,3,259,2.59,0
301,10,1,2,4,27,False,37,3,199,967,9.67,0
302,10,1,2,4,14,True,135,0,235,235,2.35,0
303,10,1,2,4,29,True,37,3,180,948,9.48,0
304,10,1,2,4,27,False,114,3,250,1018,10.18,0
305,10,1,2,4,9,True,114,3,232,1000,10.0,0
306,10,1,3,4,31,False,173,3,7,775,7.75,0
307,10,1,3,4,11,True,173,2,239,751,7.51,0
308,10,1,2,4,18,False,106,3,92,860,8.6,0
309,10,1,2,4,16,False,105,5,63,1343,13.43,0
310,10,1,2,4,9,True,106,3,75,843,8.43,0
311,10,1,2,4,10,True,105,5,44,1324,13.24,0
312,10,1,3,4,7,False,192,5,194,1474,14.74,0
313,10,1,3,4,19,True,192,5,169,1449,14.49,0
314,10,1,2,4,24,False,239,3,223,991,9.91,0
315,10,1,2,4,28,True,239,3,203,971,9.71,0
316,10,1,2,4,29,False,17,2,224,736,7.36,0
317,10,1,2,4,13,True,17,2,205,717,7.17,0
318,10,1,2,4,33,False,63,3,119,887,8.87,0
319,10,1,2,4,17,True,63,3,97,865,8.65,0
320,10,1,2,4,3,False,156,3,210,978,9.78,0
321,10,1,2,4,4,False,156,3,252,1020,10.2,0
322,10,1,2,4,20,True,156,3,185,953,9.53,0
323,10,1,2,4,21,True,156,3,65,833,8.33,0
324,10,1,2,4,22,True,156,3,234,1002,10.02,0
325,10,1,2,4,15,True,108,2,9,521,5.21,0
326,10,1,2,4,25,False,107,4,130,1154,11.54,0
327,10,1,2,4,26,False,108,3,178,946,9.46,0
328,10,1,2,4,16,True,107,4,109,1133,11.33,0
329,10,1,2,4,17,True,108,3,158,926,9.26,0
330,10,1,2,4,15,False,223,1,176,432,4.32,0
331,10,1,2,4,12,True,223,1,154,410,4.1,0
332,10,1,1,4,33,False,215,4,134,1158,11.58,0
333,10,1,1,4,13,True,215,4,117,1141,11.41,0
334,10,1,2,4,21,False,197,3,107,875,8.75,0
335,10,1,2,4,20,False,198,5,35,1315,13.15,0
336,10,1,2,4,18,True,198,5,13,1293,12.93,0
337,10,1,2,4,19,True,197,3,88,856,8.56,0
338,10,1,2,4,24,False,230,4,73,1097,10.97,0
339,10,1,2,4,21,True,230,4,52,1076,10.76,0
340,10,1,2,4,8,False,102,2,18,530,5.3,0
341,10,1,2,4,11,True,102,1,251,507,5.07,0
342,10,1,2,4,13,False,186,3,175,943,9.43,0
343,10,1,2,4,15,False,186,4,108,1132,11.32,0
344,10,1,2,4,5,True,186,3,154,922,9.22,0
345,10,1,2,4,6,True,186,4,87,1111,11.11,0
346,10,1,1,4,28,False,115,3,121,889,8.89,0
347,10,1,1,4,29,True,115,3,101,869,8.69,0
348,10,1,3,4,0,False,144,8,246,2294,22.94,0
349,10,1,3,4,22,True,144,8,222,2270,22.7,0
350,10,1,2,4,18,False,200,4,232,1256,12.56,0
351,10,1,2,4,20,True,200,4,211,1235,12.35,0
352,10,1,2,4,21,True,200,3,172,940,9.4,0
353,10,1,2,4,24,False,52,6,81,1617,16.17,0
354,10,1,2,4,21,True,52,6,61,1597,15.97,0
355,10,1,2,4,27,False,113,1,22,278,2.78,0
356,10,1,2,4,21,True,113,1,4,260,2.6,0
357,10,1,2,4,19,False,245,0,195,195,1.95,0
358,10,1,2,4,31,True,245,0,176,176,1.76,0
359,10,1,2,4,27,False,21,2,48,560,5.6,0
360,10,1,2,4,21,True,21,2,30,542,5.42,0
361,10,1,2,4,4,False,144,2,122,634,6.34,0
362,10,1,2,4,25,True,144,2,104,616,6.16,0
363,10,1,2,4,19,False,97,1,238,494,4.94,0
364,10,1,2,4,23,True,97,1,218,474,4.74,0
365,10,1,2,4,32,False,79,3,67,835,8.35,0
366,10,1,2,4,27,True,79,3,45,813,8.13,0
367,10,1,3,4,29,False,2,2,189,701,7.01,0
368,10,1,3,4,6,True,2,2,169,681,6.81,0
369,10,1,2,4,18,False,100,1,97,353,3.53,0
370,10,1,2,4,21,True,100,1,78,334,3.34,0
371,10,1,2,4,5,False,96,2,1,513,5.13,0
372,10,1,2,4,30,True,95,1,239,495,4.95,0
373,10,1,2,4,25,False,253,3,218,986,9.86,0
374,10,1,2,4,26,False,254,5,101,1381,13.81,0
375,10,1,2,4,10,True,254,5,82,1362,13.62,0
0,11,1,2,4,11,True,253,3,198,966,9.66,0
1,11,1,2,4,17,False,65,4,35,1059,10.59,0
2,11,1,2,4,29,True,65,4,13,1037,10.37,0
3,11,1,1,4,16,False,47,1,22,278,2.78,0
4,11,1,1,4,33,True,46,1,5,261,2.61,0
5,11,1,2,4,16,False,28,3,87,855,8.55,0
6,11,1,2,4,13,True,28,3,67,835,8.35,0
7,11,1,3,4,27,False,120,4,156,1180,11.8,0
8,11,1,3,4,7,True,120,4,138,1162,11.62,0
9,11,1,2,5,28,False,3,3,4,772,7.72,14
10,11,1,2,2,4,False,57,0,0,0,0.0,0
11,11,1,2,4,20,True,74,4,34,1058,10.58,0
12,11,1,2,4,22,False,247,4,27,1051,10.51,0
13,11,1,2,4,22,True,247,4,10,1034,10.34,0
14,11,1,2,4,20,False,51,3,239,1007,10.07,0
15,11,1,2,4,27,True,51,3,217,985,9.85,0
16,11,1,2,4,30,False,77,3,78,846,8.46,0
17,11,1,2,4,14,True,77,3,60,828,8.28,0
18,11,1,0,4,31,False,41,4,204,1228,12.28,0
19,11,1,0,4,17,True,41,4,185,1209,12.09,0
20,11,1,2,4,22,False,31,3,203,971,9.71,0
21,11,1,2,4,16,True,31,3,182,950,9.5,0
22,11,1,2,4,6,False,86,2,12,524,5.24,0
23,11,1,2,4,21,True,85,1,250,506,5.06,0
24,11,1,2,4,18,False,194,3,46,814,8.14,0
25,11,1,2,4,18,True,194,3,29,797,7.97,0
26,11,1,2,4,15,False,149,4,254,1278,12.78,0
27,11,1,2,4,20,True,149,4,231,1255,12.55,0
28,11,1,2,4,18,False,180,3,188,956,9.56,0
29,11,1,2,4,31,True,180,3,169,937,9.37,0
30,11,1,2,4,0,False,190,4,199,1223,12.23,0
31,11,1,2,4,23,True,190,4,177,1201,12.01,0
32,11,1,2,4,20,False,88,5,103,1383,13.83,0
33,11,1,2,4,30,True,88,5,82,1362,13.62,0
34,11,1,2,4,33,False,21,3,6,774,7.74,0
35,11,1,2,4,29,True,65,2,240,752,7.52,0
36,11,1,2,4,2,False,198,3,84,852,8.52,0
37,11,1,2,4,24,True,198,3,63,831,8.31,0
38,11,1,2,4,11,False,123,1,13,269,2.69,0
39,11,1,2,4,13,True,123,0,249,249,2.49,0
40,11,1,3,7,56,False,4,10,4,2564,25.64,342804
41,11,1,3,2,4,False,157,0,0,0,0.0,0
42,11,1,3,3,5,False,121,13,0,3328,33.28,0
43,11,1,0,4,25,False,139,14,8,3592,35.92,0
44,11,1,0,4,8,True,139,5,244,1524,15.24,0
45,11,1,2,4,22,False,51,2,176,688,6.88,0
46,11,1,2,4,23,False,51,3,34,802,8.02,0
47,11,1,2,4,23,True,51,2,155,667,6.67,0
48,11,1,2,4,25,True,51,2,205,717,7.17,0
49,11,1,2,4,26,True,52,3,10,778,7.78,0
50,11,1,2,4,24,False,156,4,204,1228,12.28,0
51,11,1,2,4,27,True,156,4,182,1206,12.06,0
52,11,1,2,4,24,False,7,4,202,1226,12.26,0
53,11,1,2,4,27,True,7,4,181,1205,12.05,0
54,11,1,2,4,19,False,115,2,49,561,5.61,0
55,11,1,2,4,12,True,115,2,30,542,5.42,0
56,11,1,3,4,31,False,247,2,224,736,7.36,0
57,11,1,3,4,4,True,247,2,203,715,7.15,0
58,11,1,2,4,12,False,192,3,161,929,9.29,0
59,11,1,2,4,7,True,192,3,143,911,9.11,0
60,11,1,2,4,10,False,132,3,46,814,8.14,0
61,11,1,2,4,7,True,131,3,26,794,7.94,0
62,11,1,2,4,2,False,217,2,133,645,6.45,0
63,11,1,2,4,6,True,217,2,110,622,6.22,0
64,11,1,0,4,33,False,123,4,244,1268,12.68,0
65,11,1,0,4,12,True,123,4,226,1250,12.5,0
66,11,1,3,4,1,False,87,5,66,1346,13.46,0
67,11,1,3,4,8,True,87,5,44,1324,13.24,0
68,11,1,2,4,15,False,240,2,61,573,5.73,0
69,11,1,2,4,19,True,240,2,40,552,5.52,0
70,11,1,2,4,19,False,203,4,101,1125,11.25,0
71,11,1,2,4,28,True,239,4,83,1107,11.07,0
72,11,1,0,4,28,False,188,3,173,941,9.41,0
73,11,1,0,4,27,True,188,3,155,923,9.23,0
74,11,1,2,4,1,False,40,2,181,693,6.93,0
75,11,1,2,4,21,True,40,2,159,671,6.71,0
76,11,1,2,4,5,False,82,2,3,515,5.15,0
77,11,1,2,4,32,True,82,1,241,497,4.97,0
78,11,1,2,4,25,False,146,1,72,328,3.28,0
79,11,1,2,4,31,True,146,1,51,307,3.07,0
80,11,1,2,4,28,False,195,3,7,775,7.75,0
81,11,1,2,4,29,False,196,2,136,648,6.48,0
82,11,1,2,4,25,True,195,2,246,758,7.58,0
83,11,1,1,4,27,False,115,3,154,922,9.22,0
84,11,1,1,4,20,True,115,3,134,902,9.02,0
85,11,1,2,4,8,False,225,2,95,607,6.07,0
86,11,1,2,4,11,True,225,2,71,583,5.83,0
87,11,1,3,4,14,False,105,3,9,777,7.77,0
88,11,1,3,4,6,True,105,2,241,753,7.53,0
89,11,1,2,4,2,False,142,3,4,772,7.72,0
90,11,1,2,4,22,True,142,2,238,750,7.5,0
91,11,1,2,4,19,False,240,0,231,231,2.31,0
92,11,1,2,4,23,True,240,0,211,211,2.11,0
93,11,1,2,4,33,False,137,5,208,1488,14.88,0
94,11,1,2,4,29,True,137,5,186,1466,14.66,0
95,11,1,2,4,25,False,248,2,191,703,7.03,0
96,11,1,2,4,19,True,248,2,170,682,6.82,0
97,11,1,2,4,5,True,45,0,219,219,2.19,0
98,11,1,2,4,32,False,42,2,165,677,6.77,0
99,11,1,2,4,33,False,41,4,226,1250,12.5,0
100,11,1,2,4,6,True,41,4,206,1230,12.3,0
101,11,1,2,4,7,True,47,0,177,177,1.77,0
102,11,1,2,4,8,True,42,2,145,657,6.57,0
103,11,1,0,4,23,False,72,6,227,1763,17.63,0
104,11,1,0,4,30,True,72,6,212,1748,17.48,0
105,11,1,2,4,23,False,158,3,31,799,7.99,0
106,11,1,2,4,6,True,158,3,11,779,7.79,0
107,11,1,2,4,25,False,91,2,203,715,7.15,0
108,11,1,2,4,17,True,91,2,182,694,6.94,0
109,11,1,2,4,19,True,92,2,20,532,5.32,0
110,11,1,2,4,16,False,169,4,92,1116,11.16,0
111,11,1,2,4,24,True,169,4,73,1097,10.97,0
112,11,1,3,4,22,False,135,1,5,261,2.61,0
113,11,1,3,4,9,True,135,0,244,244,2.44,0
114,11,1,2,4,21,False,176,2,49,561,5.61,0
115,11,1,2,4,10,True,176,2,32,544,5.44,0
116,11,1,3,4,27,False,1,3,79,847,8.47,0
117,11,1,3,4,5,True,1,3,61,829,8.29,0
118,11,1,2,4,16,False,241,1,118,374,3.74,0
119,11,1,2,4,17,False,239,4,64,1088,10.88,0
120,11,1,2,4,17,True,239,4,44,1068,10.68,0
121,11,1,1,4,29,False,155,5,130,1410,14.1,0
122,11,1,1,4,11,True,155,5,112,1392,13.92,0
123,11,1,1,4,19,False,55,1,123,379,3.79,0
124,11,1,1,4,24,True,55,1,106,362,3.62,0
125,11,1,2,4,18,False,195,4,86,1110,11.1,0
126,11,1,2,4,27,True,7,4,65,1089,10.89,0
127,11,1,2,4,24,False,99,3,196,964,9.64,0
128,11,1,2,4,17,True,99,3,176,944,9.44,0
129,11,1,2,4,1,False,50,3,94,862,8.62,0
130,11,1,2,4,16,True,50,3,71,839,8.39,0
131,11,1,2,4,25,False,121,1,209,465,4.65,0
132,11,1,2,4,27,True,121,1,186,442,4.42,0
133,11,1,2,4,27,False,103,3,30,798,7.98,0
134,11,1,2,4,26,True,103,3,10,778,7.78,0
135,11,1,2,4,6,False,180,2,7,519,5.19,0
136,11,1,2,4,26,True,179,1,245,501,5.01,0
137,11,1,1,4,0,False,101,3,16,784,7.84,0
138,11,1,1,4,18,True,101,2,254,766,7.66,0
139,11,1,2,4,26,False,165,4,149,1173,11.73,0
140,11,1,2,4,24,True,165,4,128,1152,11.52,0
141,11,1,2,4,29,False,149,3,25,793,7.93,0
142,11,1,2,4,30,False,149,7,26,1818,18.18,0
143,11,1,2,4,21,True,149,7,8,1800,18.0,0
144,11,1,1,4,22,False,171,2,231,743,7.43,0
145,11,1,1,4,23,False,170,5,202,1482,14.82,0
146,11,1,1,4,5,True,170,5,188,1468,14.68,0
147,11,1,2,4,14,False,14,2,217,729,7.29,0
148,11,1,2,4,28,True,14,2,196,708,7.08,0
149,11,1,0,4,27,False,44,3,38,806,8.06,0
150,11,1,0,4,15,True,44,3,21,789,7.89,0
151,11,1,2,4,29,False,226,2,253,765,7.65,0
152,11,1,2,4,27,True,226,2,233,745,7.45,0
153,11,1,2,4,29,False,93,3,237,1005,10.05,0
154,11,1,2,4,28,True,93,3,219,987,9.87,0
155,11,1,2,4,15,False,98,0,209,209,2.09,0
156,11,1,2,4,24,True,97,0,188,188,1.88,0
157,11,1,2,4,2,False,159,3,228,996,9.96,0
158,11,1,2,4,23,True,159,3,205,973,9.73,0
159,11,1,2,4,25,False,157,3,114,882,8.82,0
160,11,1,2,4,23,True,156,3,91,859,8.59,0
161,11,1,2,4,5,False,90,3,69,837,8.37,0
162,11,1,2,4,21,True,90,3,51,819,8.19,0
163,11,1,2,4,14,False,20,3,211,979,9.79,0
164,11,1,2,4,5,True,20,3,189,957,9.57,0
165,11,1,2,4,14,False,193,2,65,577,5.77,0
166,11,1,2,4,21,True,193,2,42,554,5.54,0
167,11,1,2,4,13,False,187,1,1,257,2.57,0
168,11,1,2,4,14,False,184,3,246,1014,10.14,0
169,11,1,2,4,5,True,184,3,225,993,9.93,0
170,11,1,2,4,24,False,55,2,246,758,7.58,0
171,11,1,2,4,3,True,55,2,227,739,7.39,0
172,11,1,2,4,4,False,219,3,214,982,9.82,0
173,11,1,2,4,20,True,219,3,195,963,9.63,0
174,11,1,2,4,16,False,195,3,133,901,9.01,0
175,11,1,2,4,27,True,195,3,113,881,8.81,0
176,11,1,2,4,22,False,150,4,192,1216,12.16,0
177,11,1,2,4,26,True,150,4,56,1080,10.8,0
178,11,1,2,4,27,True,150,4,170,1194,11.94,0
179,11,1,2,4,26,False,255,4,143,1167,11.67,0
180,11,1,2,4,23,True,255,4,120,1144,11.44,0
181,11,1,2,4,17,False,33,0,253,253,2.53,0
182,11,1,2,4,25,True,33,0,232,232,2.32,0
183,11,1,3,4,7,False,97,2,37,549,5.49,0
184,11,1,3,4,16,True,97,2,13,525,5.25,0
185,11,1,2,4,30,False,77,2,106,618,6.18,0
186,11,1,2,4,28,True,77,2,87,599,5.99,0
187,11,1,2,4,24,False,104,3,234,1002,10.02,0
188,11,1,2,4,9,True,104,3,215,983,9.83,0
189,11,1,2,4,19,False,107,3,7,775,7.75,0
190,11,1,2,4,13,True,107,2,244,756,7.56,0
191,11,1,2,4,19,False,211,3,75,843,8.43,0
192,11,1,2,4,12,True,211,3,56,824,8.24,0
193,11,1,2,4,21,False,32,2,110,622,6.22,0
194,11,1,2,4,27,True,32,2,91,603,6.03,0
195,11,1,2,4,27,False,20,2,130,642,6.42,0
196,11,1,2,4,29,False,17,1,223,479,4.79,0
197,11,1,2,4,23,True,17,2,141,653,6.53,0
198,11,1,2,4,33,False,123,2,223,735,7.35,0
199,11,1,2,4,32,True,123,2,202,714,7.14,0
200,11,1,3,4,30,False,80,1,96,352,3.52,0
201,11,1,3,4,31,False,71,2,131,643,6.43,0
202,11,1,3,4,4,True,71,2,109,621,6.21,0
203,11,1,2,4,18,False,249,1,198,454,4.54,0
204,11,1,2,4,15,True,249,1,179,435,4.35,0
205,11,1,2,4,6,False,102,3,143,911,9.11,0
206,11,1,2,4,7,True,102,3,123,891,8.91,0
207,11,1,3,4,28,False,69,5,162,1442,14.42,0
208,11,1,3,4,22,True,69,5,137,1417,14.17,0
209,11,1,2,4,17,False,223,2,135,647,6.47,0
210,11,1,2,4,22,True,222,2,112,624,6.24,0
211,11,1,2,4,21,True,133,0,255,255,2.55,0
212,11,1,2,4,5,False,131,3,137,905,9.05,0
213,11,1,2,4,20,True,131,3,117,885,8.85,0
214,11,1,2,4,5,False,153,3,25,793,7.93,0
215,11,1,2,4,29,True,137,3,5,773,7.73,0
216,11,1,2,4,31,False,144,2,179,691,6.91,0
217,11,1,2,4,30,True,144,2,159,671,6.71,0
218,11,1,2,4,21,False,223,2,219,731,7.31,0
219,11,1,2,4,21,True,223,2,204,716,7.16,0
220,11,1,2,4,6,False,124,2,10,522,5.22,0
221,11,1,2,4,21,True,124,1,248,504,5.04,0
222,11,1,2,4,4,False,237,2,127,639,6.39,0
223,11,1,2,4,33,True,237,2,110,622,6.22,0
224,11,1,2,4,1,False,184,3,81,849,8.49,0
225,11,1,2,4,13,True,184,3,58,826,8.26,0
226,11,1,1,4,25,False,135,2,141,653,6.53,0
227,11,1,1,4,7,True,135,2,123,635,6.35,0
228,11,1,2,4,3,False,195,2,200,712,7.12,0
229,11,1,2,4,14,True,195,2,179,691,6.91,0
230,11,1,2,4,5,False,152,1,158,414,4.14,0
231,11,1,2,4,2,False,150,3,35,803,8.03,0
232,11,1,2,4,20,True,152,1,139,395,3.95,0
233,11,1,2,4,21,True,150,3,14,782,7.82,0
234,11,1,2,4,30,False,165,4,124,1148,11.48,0
235,11,1,2,4,32,True,165,4,105,1129,11.29,0
236,11,1,2,4,29,False,209,1,210,466,4.66,0
237,11,1,2,4,10,True,208,1,192,448,4.48,0
238,11,1,2,4,23,False,216,2,165,677,6.77,0
239,11,1,2,4,28,True,216,2,146,658,6.58,0
240,11,1,2,4,24,True,2,2,4,516,5.16,0
241,11,1,2,7,29,True,4,9,4,2308,23.08,188050
242,11,1,2,6,4,False,148,13,4,3332,33.32,15651
243,11,1,1,4,2,False,165,4,56,1080,10.8,0
244,11,1,1,4,4,True,165,4,38,1062,10.62,0
245,11,1,0,4,17,False,153,1,7,263,2.63,0
246,11,1,2,4,21,True,153,0,241,241,2.41,0
247,11,1,2,4,18,False,225,3,118,886,8.86,0
248,11,1,2,4,32,True,225,3,100,868,8.68,0
249,11,1,2,4,12,False,234,3,17,785,7.85,0
250,11,1,2,4,11,True,234,2,253,765,7.65,0
251,11,1,0,4,30,False,97,1,155,411,4.11,0
252,11,1,0,4,31,False,100,1,41,297,2.97,0
253,11,1,0,4,31,True,97,1,137,393,3.93,0
254,11,1,0,4,32,True,100,1,24,280,2.8,0
255,11,1,1,4,21,False,13,3,17,785,7.85,0
256,11,1,1,4,22,False,12,4,38,1062,10.62,0
257,11,1,1,4,30,True,12,4,19,1043,10.43,0
258,11,1,2,4,17,False,89,3,193,961,9.61,0
259,11,1,2,4,10,True,89,3,171,939,9.39,0
260,11,1,2,4,22,False,44,2,242,754,7.54,0
261,11,1,2,4,6,True,44,2,221,733,7.33,0
262,11,1,2,4,18,False,77,2,100,612,6.12,0
263,11,1,2,4,31,True,77,2,81,593,5.93,0
264,11,1,1,4,27,False,161,4,207,1231,12.31,0
265,11,1,1,4,23,True,161,4,187,1211,12.11,0
266,11,1,2,4,6,False,232,2,169,681,6.81,0
267,11,1,2,4,19,True,232,2,149,661,6.61,0
268,11,1,2,4,33,False,0,3,163,931,9.31,0
269,11,1,2,4,10,True,0,3,143,911,9.11,0
270,11,1,2,4,26,False,150,3,103,871,8.71,0
271,11,1,2,4,33,True,150,3,84,852,8.52,0
272,11,1,2,4,27,False,106,2,239,751,7.51,0
273,11,1,2,4,9,True,106,2,222,734,7.34,0
274,11,1,2,4,3,False,190,2,47,559,5.59,0
275,11,1,2,4,14,True,190,2,26,538,5.38,0
276,11,1,2,4,1,False,33,2,119,631,6.31,0
277,11,1,2,4,15,True,33,2,96,608,6.08,0
278,11,1,2,4,30,False,118,3,216,984,9.84,0
279,11,1,2,4,22,True,118,3,197,965,9.65,0
280,11,1,2,4,16,False,50,2,167,679,6.79,0
281,11,1,2,4,30,True,50,2,149,661,6.61,0
282,11,1,0,4,29,False,38,2,110,622,6.22,0
283,11,1,0,4,24,True,38,2,93,605,6.05,0
284,11,1,2,4,5,False,121,1,159,415,4.15,0
285,11,1,2,4,28,True,121,1,140,396,3.96,0
286,11,1,2,4,16,False,144,1,222,478,4.78,0
287,11,1,2,4,18,True,144,1,203,459,4.59,0
288,11,1,2,4,29,False,143,5,78,1358,13.58,0
289,11,1,2,4,29,True,143,5,62,1342,13.42,0
290,11,1,2,4,19,False,245,5,78,1358,13.58,0
291,11,1,2,4,31,True,245,5,58,1338,13.38,0
292,11,1,3,4,9,True,241,1,89,345,3.45,0
293,11,1,3,4,14,False,232,3,186,954,9.54,0
294,11,1,3,4,7,True,232,3,162,930,9.3,0
295,11,1,2,4,18,False,184,2,68,580,5.8,0
296,11,1,2,4,19,False,183,5,140,1420,14.2,0
297,11,1,2,4,22,True,183,3,42,810,8.1,0
298,11,1,2,4,23,True,183,5,120,1400,14.0,0
299,11,1,2,4,14,False,223,2,18,530,5.3,0
300,11,1,2,4,15,False,220,4,177,1201,12.01,0
301,11,1,2,4,22,True,220,4,156,1180,11.8,0
302,11,1,2,4,9,True,253,1,190,446,4.46,0
303,11,1,2,4,5,False,251,3,78,846,8.46,0
304,11,1,2,4,10,True,251,3,59,827,8.27,0
305,11,1,3,4,29,False,191,3,92,860,8.6,0
306,11,1,3,4,13,True,191,3,70,838,8.38,0
307,11,1,2,4,28,False,132,3,29,797,7.97,0
308,11,1,2,4,26,True,132,3,12,780,7.8,0
309,11,1,2,4,20,False,124,1,245,501,5.01,0
310,11,1,2,4,17,True,124,1,224,480,4.8,0
311,11,1,2,4,23,False,90,3,49,817,8.17,0
312,11,1,2,4,5,True,89,3,31,799,7.99,0
313,11,1,2,4,2,False,154,4,80,1104,11.04,0
314,11,1,2,4,28,True,154,4,59,1083,10.83,0
315,11,1,2,4,21,False,58,3,0,768,7.68,0
316,11,1,2,4,31,True,58,2,238,750,7.5,0
317,11,1,3,4,7,False,11,3,234,1002,10.02,0
318,11,1,3,4,19,True,11,3,209,977,9.77,0
319,11,1,2,4,29,False,17,1,87,343,3.43,0
320,11,1,2,4,31,False,14,6,213,1749,17.49,0
321,11,1,2,4,26,True,14,6,194,1730,17.3,0
322,11,1,0,4,32,False,0,3,135,903,9.03,0
323,11,1,0,4,4,True,0,3,119,887,8.87,0
324,11,1,2,4,0,False,32,4,184,1208,12.08,0
325,11,1,2,4,12,True,32,4,162,1186,11.86,0
326,11,1,2,4,14,False,198,2,9,521,5.21,0
327,11,1,2,4,27,True,198,1,242,498,4.98,0
328,11,1,2,4,19,False,33,2,189,701,7.01,0
329,11,1,2,4,7,True,33,2,170,682,6.82,0
330,11,1,2,4,19,False,160,3,246,1014,10.14,0
331,11,1,2,4,28,True,160,3,228,996,9.96,0
332,11,1,2,4,23,False,165,2,0,512,5.12,0
333,11,1,2,4,25,False,165,2,19,531,5.31,0
334,11,1,2,4,17,True,165,1,255,511,5.11,0
335,11,1,2,4,18,True,165,1,237,493,4.93,0
336,11,1,2,4,1,False,82,3,117,885,8.85,0
337,11,1,2,4,2,False,82,3,46,814,8.14,0
338,11,1,2,4,13,True,82,3,94,862,8.62,0
339,11,1,2,4,23,False,67,3,14,782,7.82,0
340,11,1,2,4,28,True,67,2,251,763,7.63,0
341,11,1,1,4,19,False,139,2,181,693,6.93,0
342,11,1,1,4,34,True,139,2,164,676,6.76,0
343,11,1,3,4,0,False,164,8,163,2211,22.11,0
344,11,1,3,4,10,True,164,8,137,2185,21.85,0
345,11,1,2,4,6,False,62,2,246,758,7.58,0
346,11,1,2,4,29,True,62,2,228,740,7.4,0
347,11,1,2,4,4,False,241,3,183,951,9.51,0
348,11,1,2,4,31,True,241,3,166,934,9.34,0
349,11,1,2,4,20,False,76,2,124,636,6.36,0
350,11,1,2,4,32,True,76,2,104,616,6.16,0
351,11,1,2,4,8,False,153,3,93,861,8.61,0
352,11,1,2,4,14,True,153,3,69,837,8.37,0
353,11,1,2,4,30,False,157,2,86,598,5.98,0
354,11,1,2,4,30,True,157,2,70,582,5.82,0
355,11,1,2,4,22,False,64,4,31,1055,10.55,0
356,11,1,2,4,22,True,64,4,12,1036,10.36,0
357,11,1,3,4,32,False,37,3,84,852,8.52,0
358,11,1,3,4,5,True,37,3,65,833,8.33,0
359,11,1,2,4,4,False,121,2,208,720,7.2,0
360,11,1,2,4,11,True,121,2,190,702,7.02,0
361,11,1,2,4,6,False,102,3,28,796,7.96,0
362,11,1,2,4,28,True,102,3,10,778,7.78,0
363,11,1,2,4,14,False,200,4,20,1044,10.44,0
364,11,1,2,4,33,True,200,3,254,1022,10.22,0
365,11,1,3,4,18,False,18,7,129,1921,19.21,0
366,11,1,3,4,22,True,18,7,106,1898,18.98,0
367,11,1,2,4,21,False,113,4,47,1071,10.71,0
368,11,1,2,4,27,True,112,4,28,1052,10.52,0
369,11,1,2,4,16,False,86,2,225,737,7.37,0
370,11,1,2,4,23,True,86,2,204,716,7.16,0
371,11,1,2,4,5,False,54,1,18,274,2.74,0
0,12,1,2,4,4,False,49,5,165,1445,14.45,0
1,12,1,2,4,28,True,49,5,149,1429,14.29,0
2,12,1,0,4,19,False,12,2,170,682,6.82,0
3,12,1,0,4,17,True,12,2,153,665,6.65,0
4,12,1,2,4,23,False,46,2,19,531,5.31,0
5,12,1,2,4,8,True,46,2,1,513,5.13,0
6,12,1,0,4,24,False,171,2,18,530,5.3,0
7,12,1,0,4,16,True,171,2,1,513,5.13,0
8,12,1,2,4,32,False,52,4,34,1058,10.58,0
9,12,1,2,4,33,False,53,3,103,871,8.71,0
10,12,1,2,4,30,True,52,4,12,1036,10.36,0
11,12,1,2,4,27,False,54,3,42,810,8.1,0
12,12,1,2,4,23,True,54,3,21,789,7.89,0
13,12,1,2,4,10,False,200,1,103,359,3.59,0
14,12,1,2,4,11,True,200,1,82,338,3.38,0
15,12,1,2,4,6,False,153,2,160,672,6.72,0
16,12,1,2,4,8,True,153,2,141,653,6.53,0
17,12,1,2,4,6,False,60,1,209,465,4.65,0
18,12,1,2,4,26,True,60,1,192,448,4.48,0
19,12,1,3,4,31,False,129,1,249,505,5.05,0
20,12,1,3,4,4,True,129,1,228,484,4.84,0
21,12,1,3,4,4,False,103,4,83,1107,11.07,0
22,12,1,3,4,14,True,103,4,59,1083,10.83,0
23,12,1,2,4,24,False,161,3,79,847,8.47,0
24,12,1,2,4,27,True,161,3,58,826,8.26,0
25,12,1,3,4,5,True,204,0,96,96,0.96,0
26,12,1,3,4,27,False,199,5,9,1289,12.89,0
27,12,1,3,4,28,False,199,5,186,1466,14.66,0
28,12,1,3,4,6,True,199,5,162,1442,14.42,0
29,12,1,3,6,7,True,5,2,4,516,5.16,31234
30,12,1,3,5,42,False,4,5,122,1402,14.02,5
31,12,1,3,7,61,False,61,13,61,3389,33.89,4013373
32,12,1,0,4,18,False,253,3,240,1008,10.08,0
33,12,1,0,4,4,True,29,3,218,986,9.86,0
34,12,1,2,4,27,False,54,1,134,390,3.9,0
35,12,1,2,4,26,False,126,3,155,923,9.23,0
36,12,1,2,4,24,True,130,1,115,371,3.71,0
37,12,1,2,4,25,True,126,3,136,904,9.04,0
38,12,1,2,4,20,False,1,3,134,902,9.02,0
39,12,1,2,4,11,True,1,3,112,880,8.8,0
40,12,1,2,4,16,False,74,4,72,1096,10.96,0
41,12,1,2,4,33,True,74,4,53,1077,10.77,0
42,12,1,0,4,26,False,249,10,157,2717,27.17,0
43,12,1,0,4,28,False,253,1,202,458,4.58,0
44,12,1,0,4,24,False,29,1,177,433,4.33,0
45,12,1,0,4,17,True,249,10,134,2694,26.94,0
46,12,1,2,4,6,False,84,5,95,1375,13.75,0
47,12,1,2,4,20,True,84,5,75,1355,13.55,0
48,12,1,2,4,17,False,192,2,255,767,7.67,0
49,12,1,2,4,11,True,192,2,234,746,7.46,0
50,12,1,2,4,16,False,149,2,229,741,7.41,0
51,12,1,2,4,17,False,148,3,232,1000,10.0,0
52,12,1,2,4,12,True,148,3,210,978,9.78,0
53,12,1,2,4,14,True,149,2,209,721,7.21,0
54,12,1,2,4,1,False,222,3,83,851,8.51,0
55,12,1,2,4,16,True,222,3,60,828,8.28,0
56,12,1,2,4,18,False,181,0,195,195,1.95,0
57,12,1,2,4,32,True,181,0,176,176,1.76,0
58,12,1,1,4,13,False,39,7,68,1860,18.6,0
59,12,1,1,4,14,True,38,7,49,1841,18.41,0
60,12,1,2,4,20,False,94,4,148,1172,11.72,0
61,12,1,2,4,33,True,94,4,127,1151,11.51,0
62,12,1,2,4,6,False,134,3,37,805,8.05,0
63,12,1,2,4,19,True,133,3,17,785,7.85,0
64,12,1,2,4,14,False,222,5,8,1288,12.88,0
65,12,1,2,4,3,True,222,4,243,1267,12.67,0
66,12,1,2,4,32,False,52,5,27,1307,13.07,0
67,12,1,2,4,22,True,180,5,6,1286,12.86,0
68,12,1,0,4,31,False,169,2,122,634,6.34,0
69,12,1,0,4,12,False,168,4,25,1049,10.49,0
70,12,1,0,4,25,False,168,12,46,3118,31.18,0
71,12,1,0,4,10,True,169,10,100,2660,26.6,0
72,12,1,2,4,11,False,79,2,121,633,6.33,0
73,12,1,2,4,13,True,79,2,101,613,6.13,0
74,12,1,2,4,3,False,5,2,152,664,6.64,0
75,12,1,2,3,5,False,2,8,0,2048,20.48,0
76,12,1,2,4,0,False,5,6,90,1626,16.26,0
77,12,1,2,4,30,True,5,6,70,1606,16.06,0
78,12,1,2,4,23,False,60,4,202,1226,12.26,0
79,12,1,2,4,21,True,60,4,183,1207,12.07,0
80,12,1,0,4,23,False,215,2,124,636,6.36,0
81,12,1,0,4,9,True,215,2,107,619,6.19,0
82,12,1,2,4,14,False,151,5,71,1351,13.51,0
83,12,1,2,4,21,True,151,5,49,1329,13.29,0
84,12,1,0,4,19,False,107,4,60,1084,10.84,0
85,12,1,0,4,29,True,107,4,44,1068,10.68,0
86,12,1,2,4,0,False,129,3,156,924,9.24,0
87,12,1,2,4,29,True,129,3,137,905,9.05,0
88,12,1,2,4,3,False,52,5,108,1388,13.88,0
89,12,1,2,4,23,True,52,5,85,1365,13.65,0
90,12,1,2,4,5,False,190,4,36,1060,10.6,0
91,12,1,2,4,27,True,190,4,16,1040,10.4,0
92,12,1,2,4,18,False,168,1,156,412,4.12,0
93,12,1,2,4,32,True,168,1,138,394,3.94,0
94,12,1,2,4,33,False,116,2,27,539,5.39,0
95,12,1,2,4,29,True,116,2,6,518,5.18,0
96,12,1,2,4,20,False,195,4,33,1057,10.57,0
97,12,1,2,4,30,True,195,4,12,1036,10.36,0
98,12,1,2,4,18,False,114,3,110,878,8.78,0
99,12,1,2,4,33,True,114,3,91,859,8.59,0
100,12,1,2,4,17,False,102,1,190,446,4.46,0
101,12,1,2,4,19,True,102,1,168,424,4.24,0
102,12,1,2,4,23,False,163,2,191,703,7.03,0
103,12,1,2,4,18,True,162,2,172,684,6.84,0
104,12,1,2,4,17,False,241,3,111,879,8.79,0
105,12,1,2,4,31,True,241,3,88,856,8.56,0
106,12,1,2,4,17,False,224,2,182,694,6.94,0
107,12,1,2,4,19,False,223,3,70,838,8.38,0
108,12,1,2,4,21,True,222,3,50,818,8.18,0
109,12,1,2,4,22,True,224,2,160,672,6.72,0
110,12,1,2,4,17,False,197,2,194,706,7.06,0
111,12,1,2,4,17,True,197,2,174,686,6.86,0
112,12,1,2,4,3,False,104,4,216,1240,12.4,0
113,12,1,2,4,23,True,104,4,193,1217,12.17,0
114,12,1,2,4,15,False,188,3,12,780,7.8,0
115,12,1,2,4,17,True,188,2,247,759,7.59,0
116,12,1,1,4,1,False,95,3,95,863,8.63,0
117,12,1,1,4,11,True,95,3,77,845,8.45,0
118,12,1,2,4,19,False,79,3,176,944,9.44,0
119,12,1,2,4,20,False,78,4,153,1177,11.77,0
120,12,1,2,4,19,True,78,4,132,1156,11.56,0
121,12,1,0,4,25,False,237,12,132,3204,32.04,0
122,12,1,0,4,4,True,237,12,109,3181,31.81,0
123,12,1,2,4,29,False,107,2,24,536,5.36,0
124,12,1,2,4,32,True,107,2,6,518,5.18,0
125,12,1,0,4,29,False,100,12,162,3234,32.34,0
126,12,1,0,4,13,True,100,12,141,3213,32.13,0
127,12,1,1,4,15,False,28,3,164,932,9.32,0
128,12,1,1,4,16,True,28,3,146,914,9.14,0
129,12,1,2,4,28,False,82,3,22,790,7.9,0
130,12,1,2,4,8,True,82,3,5,773,7.73,0
131,12,1,2,4,15,False,131,3,149,917,9.17,0
132,12,1,2,4,28,True,132,2,189,701,7.01,0
133,12,1,2,4,29,True,131,3,128,896,8.96,0
134,12,1,2,4,30,True,132,2,137,649,6.49,0
135,12,1,2,4,29,False,143,3,159,927,9.27,0
136,12,1,2,4,9,True,143,3,143,911,9.11,0
137,12,1,0,4,7,False,32,12,116,3188,31.88,0
138,12,1,0,4,3,True,32,12,92,3164,31.64,0
139,12,1,2,4,24,False,151,3,92,860,8.6,0
140,12,1,2,4,30,True,151,3,72,840,8.4,0
141,12,1,2,4,17,False,4,1,114,370,3.7,0
142,12,1,2,4,31,True,4,1,90,346,3.46,0
143,12,1,2,4,19,False,158,3,146,914,9.14,0
144,12,1,2,4,19,True,158,3,129,897,8.97,0
145,12,1,2,4,16,False,221,0,25,25,0.25,0
146,12,1,2,4,17,False,209,1,151,407,4.07,0
147,12,1,2,4,17,True,221,0,31,31,0.31,0
148,12,1,2,4,20,True,209,1,128,384,3.84,0
149,12,1,2,4,9,False,20,4,31,1055,10.55,0
150,12,1,2,4,10,True,20,4,10,1034,10.34,0
151,12,1,0,4,13,False,165,11,4,2820,28.2,0
152,12,1,0,4,3,True,29,2,240,752,7.52,0
153,12,1,2,4,21,False,225,2,8,520,5.2,0
154,12,1,2,4,27,True,225,1,247,503,5.03,0
155,12,1,2,4,14,True,159,0,104,104,1.04,0
156,12,1,2,4,26,False,155,3,87,855,8.55,0
157,12,1,2,4,13,True,155,3,68,836,8.36,0
158,12,1,0,4,18,False,169,14,38,3622,36.22,0
159,12,1,0,4,3,True,169,6,16,1552,15.52,0
160,12,1,2,4,30,True,211,0,111,111,1.11,0
161,12,1,2,4,16,False,208,2,205,717,7.17,0
162,12,1,2,4,17,False,207,4,12,1036,10.36,0
163,12,1,2,4,31,True,207,3,246,1014,10.14,0
164,12,1,2,4,4,False,223,2,127,639,6.39,0
165,12,1,2,4,27,True,223,2,108,620,6.2,0
166,12,1,2,4,25,False,74,2,178,690,6.9,0
167,12,1,2,4,20,True,74,2,158,670,6.7,0
168,12,1,3,4,26,False,7,6,128,1664,16.64,0
169,12,1,3,4,3,True,7,6,106,1642,16.42,0
170,12,1,3,4,12,False,42,2,229,741,7.41,0
171,12,1,3,4,11,True,42,2,207,719,7.19,0
172,12,1,3,4,3,False,50,4,225,1249,12.49,0
173,12,1,3,4,10,True,50,4,202,1226,12.26,0
174,12,1,2,4,31,False,80,2,65,577,5.77,0
175,12,1,2,4,18,True,80,2,44,556,5.56,0
176,12,1,3,4,1,False,77,2,37,549,5.49,0
177,12,1,3,4,5,True,77,2,13,525,5.25,0
178,12,1,2,4,25,False,119,3,122,890,8.9,0
179,12,1,2,4,14,True,119,3,102,870,8.7,0
180,12,1,2,4,8,False,143,2,91,603,6.03,0
181,12,1,2,4,11,True,143,2,67,579,5.79,0
182,12,1,2,4,22,False,208,2,181,693,6.93,0
183,12,1,2,4,24,False,208,3,234,1002,10.02,0
184,12,1,2,4,6,True,208,3,213,981,9.81,0
185,12,1,2,4,7,True,208,2,161,673,6.73,0
186,12,1,2,4,30,False,164,4,244,1268,12.68,0
187,12,1,2,4,16,True,164,4,225,1249,12.49,0
188,12,1,2,4,16,False,208,1,172,428,4.28,0
189,12,1,2,4,17,True,234,1,153,409,4.09,0
190,12,1,2,4,23,False,0,3,248,1016,10.16,0
191,12,1,2,4,12,True,0,3,229,997,9.97,0
192,12,1,2,4,25,False,219,3,226,994,9.94,0
193,12,1,2,4,21,True,219,3,206,974,9.74,0
194,12,1,2,4,21,False,54,3,198,966,9.66,0
195,12,1,2,4,18,True,54,3,181,949,9.49,0
196,12,1,3,4,1,False,51,4,15,1039,10.39,0
197,12,1,3,4,14,True,50,3,248,1016,10.16,0
198,12,1,2,4,23,False,179,2,175,687,6.87,0
199,12,1,2,4,24,False,177,5,248,1528,15.28,0
200,12,1,2,4,16,True,177,5,227,1507,15.07,0
201,12,1,2,4,24,False,94,3,78,846,8.46,0
202,12,1,2,4,30,True,94,3,57,825,8.25,0
203,12,1,2,4,30,False,87,2,251,763,7.63,0
204,12,1,2,4,13,True,87,2,232,744,7.44,0
205,12,1,2,4,17,False,42,4,77,1101,11.01,0
206,12,1,2,4,18,False,43,4,252,1276,12.76,0
207,12,1,2,4,27,True,42,4,55,1079,10.79,0
208,12,1,2,4,28,True,42,4,233,1257,12.57,0
209,12,1,0,4,29,False,237,4,119,1143,11.43,0
210,12,1,0,4,5,True,237,4,102,1126,11.26,0
211,12,1,2,4,33,False,20,2,51,563,5.63,0
212,12,1,2,4,10,True,20,2,30,542,5.42,0
213,12,1,2,4,30,False,121,4,61,1085,10.85,0
214,12,1,2,4,31,True,121,4,41,1065,10.65,0
215,12,1,1,4,21,False,206,4,192,1216,12.16,0
216,12,1,1,4,7,True,206,4,175,1199,11.99,0
217,12,1,2,4,7,False,28,2,166,678,6.78,0
218,12,1,2,4,11,True,28,2,147,659,6.59,0
219,12,1,2,4,12,True,29,1,110,366,3.66,0
220,12,1,2,4,0,False,155,5,64,1344,13.44,0
221,12,1,2,4,15,True,155,5,44,1324,13.24,0
222,12,1,2,4,19,True,202,1,120,376,3.76,0
223,12,1,2,3,10,True,1,8,0,2048,20.48,0
224,12,1,2,4,28,False,201,6,44,1580,15.8,0
225,12,1,2,4,16,True,201,6,24,1560,15.6,0
226,12,1,2,4,13,False,151,2,111,623,6.23,0
227,12,1,2,4,9,True,151,2,91,603,6.03,0
228,12,1,2,4,2,False,179,2,225,737,7.37,0
229,12,1,2,4,30,True,179,2,205,717,7.17,0
230,12,1,2,4,18,False,175,1,159,415,4.15,0
231,12,1,2,4,17,False,169,5,162,1442,14.42,0
232,12,1,2,4,7,True,169,5,140,1420,14.2,0
233,12,1,2,4,18,False,4,4,9,1033,10.33,0
234,12,1,2,4,18,True,4,2,230,742,7.42,0
235,12,1,2,4,19,True,3,3,246,1014,10.14,0
236,12,1,0,4,24,True,238,0,224,224,2.24,0
237,12,1,0,4,23,False,235,6,171,1707,17.07,0
238,12,1,0,4,25,True,235,6,155,1691,16.91,0
239,12,1,2,4,6,False,249,2,113,625,6.25,0
240,12,1,2,4,25,True,249,2,94,606,6.06,0
241,12,1,2,4,10,False,211,3,60,828,8.28,0
242,12,1,2,4,12,True,211,3,39,807,8.07,0
243,12,1,2,4,14,False,13,1,159,415,4.15,0
244,12,1,2,4,5,True,13,1,137,393,3.93,0
245,12,1,2,4,24,False,126,4,67,1091,10.91,0
246,12,1,2,4,11,True,126,4,47,1071,10.71,0
247,12,1,2,4,28,False,130,4,248,1272,12.72,0
248,12,1,2,4,14,True,130,4,230,1254,12.54,0
249,12,1,2,4,21,False,237,4,166,1190,11.9,0
250,12,1,2,4,21,True,237,4,151,1175,11.75,0
251,12,1,2,4,20,False,111,3,10,778,7.78,0
252,12,1,2,4,32,True,111,2,246,758,7.58,0
253,12,1,2,4,33,False,162,2,153,665,6.65,0
254,12,1,2,4,21,True,162,2,132,644,6.44,0
255,12,1,2,4,21,False,249,4,205,1229,12.29,0
256,12,1,2,4,33,True,249,4,188,1212,12.12,0
257,12,1,2,4,32,False,86,1,243,499,4.99,0
258,12,1,2,4,33,False,87,2,203,715,7.15,0
259,12,1,2,4,25,True,86,2,192,704,7.04,0
260,12,1,2,4,4,False,121,0,191,191,1.91,0
261,12,1,2,4,13,True,121,0,172,172,1.72,0
262,12,1,2,4,15,False,43,2,46,558,5.58,0
263,12,1,2,4,19,True,43,2,24,536,5.36,0
264,12,1,2,4,3,False,148,3,216,984,9.84,0
265,12,1,2,4,20,True,148,3,194,962,9.62,0
266,12,1,1,4,6,False,91,2,193,705,7.05,0
267,12,1,1,4,6,True,91,2,177,689,6.89,0
268,12,1,0,4,23,False,210,2,166,678,6.78,0
269,12,1,0,4,22,True,209,2,148,660,6.6,0
270,12,1,1,4,33,False,1,3,158,926,9.26,0
271,12,1,1,4,7,True,1,3,142,910,9.1,0
272,12,1,2,4,27,False,253,0,162,162,1.62,0
273,12,1,2,4,21,True,253,0,143,143,1.43,0
274,12,1,2,4,26,False,195,3,44,812,8.12,0
275,12,1,2,4,27,False,194,3,145,913,9.13,0
276,12,1,2,4,28,True,194,3,125,893,8.93,0
277,12,1,2,4,20,False,144,3,224,992,9.92,0
278,12,1,2,4,13,True,144,3,203,971,9.71,0
279,12,1,2,4,23,False,177,1,102,358,3.58,0
280,12,1,2,4,29,True,177,1,83,339,3.39,0
281,12,1,2,4,15,False,154,2,239,751,7.51,0
282,12,1,2,4,12,True,154,2,218,730,7.3,0
283,12,1,2,4,21,False,223,2,139,651,6.51,0
284,12,1,2,4,27,True,223,2,121,633,6.33,0
285,12,1,2,4,14,False,148,0,238,238,2.38,0
286,12,1,2,4,23,True,148,0,214,214,2.14,0
287,12,1,2,4,30,False,82,1,118,374,3.74,0
288,12,1,2,4,28,True,82,1,99,355,3.55,0
289,12,1,0,4,26,False,91,3,87,855,8.55,0
290,12,1,0,4,24,True,91,3,69,837,8.37,0
291,12,1,2,4,4,False,91,4,235,1259,12.59,0
292,12,1,2,4,31,True,91,4,218,1242,12.42,0
293,12,1,2,4,6,False,73,1,26,282,2.82,0
294,12,1,2,6,9,False,1,10,4,2564,25.64,17669
295,12,1,2,4,57,True,4,7,70,1862,18.62,0
296,12,1,2,5,6,False,4,12,69,3141,31.41,4
297,12,1,2,5,4,False,141,6,4,1540,15.4,242
298,12,1,2,4,22,False,135,7,183,1975,19.75,0
299,12,1,2,4,22,True,135,7,165,1957,19.57,0
300,12,1,3,4,16,False,99,2,68,580,5.8,0
301,12,1,3,4,12,True,99,2,45,557,5.57,0
302,12,1,2,4,17,False,138,5,182,1462,14.62,0
303,12,1,2,4,18,True,138,5,159,1439,14.39,0
304,12,1,2,4,27,False,47,2,124,636,6.36,0
305,12,1,2,4,14,True,47,2,105,617,6.17,0
306,12,1,2,4,6,False,42,1,3,259,2.59,0
307,12,1,2,4,26,True,42,0,240,240,2.4,0
308,12,1,2,4,5,False,137,4,39,1063,10.63,0
309,12,1,2,4,10,True,137,4,20,1044,10.44,0
310,12,1,2,4,29,False,208,2,185,697,6.97,0
311,12,1,2,4,8,True,208,2,168,680,6.8,0
312,12,1,2,4,23,False,218,4,194,1218,12.18,0
313,12,1,2,4,27,True,218,4,174,1198,11.98,0
314,12,1,2,4,3,False,69,4,175,1199,11.99,0
315,12,1,2,4,32,True,69,4,155,1179,11.79,0
316,12,1,1,4,27,False,200,3,201,969,9.69,0
317,12,1,1,4,7,True,200,3,183,951,9.51,0
318,12,1,3,4,29,False,192,2,189,701,7.01,0
319,12,1,3,4,5,True,192,2,168,680,6.8,0
320,12,1,2,4,5,False,170,3,198,966,9.66,0
321,12,1,2,4,21,True,170,3,179,947,9.47,0
322,12,1,2,4,11,False,6,3,80,848,8.48,0
323,12,1,2,4,14,True,6,3,59,827,8.27,0
324,12,1,0,4,25,False,63,4,214,1238,12.38,0
325,12,1,0,4,3,True,63,4,196,1220,12.2,0
326,12,1,2,4,19,False,253,2,75,587,5.87,0
327,12,1,2,4,29,True,253,2,56,568,5.68,0
328,12,1,2,4,25,False,110,2,224,736,7.36,0
329,12,1,2,4,21,True,110,2,204,716,7.16,0
330,12,1,2,4,33,False,26,3,209,977,9.77,0
331,12,1,2,4,23,True,26,3,184,952,9.52,0
332,12,1,2,4,17,False,233,4,40,1064,10.64,0
333,12,1,2,4,15,True,233,4,19,1043,10.43,0
334,12,1,2,4,28,False,74,2,70,582,5.82,0
335,12,1,2,4,29,True,74,2,51,563,5.63,0
336,12,1,2,4,3,False,93,3,25,793,7.93,0
337,12,1,2,4,24,True,93,3,4,772,7.72,0
338,12,1,0,4,29,False,238,2,225,737,7.37,0
339,12,1,0,4,7,True,238,2,209,721,7.21,0
340,12,1,2,4,1,False,1,1,142,398,3.98,0
341,12,1,2,4,30,True,1,1,121,377,3.77,0
342,12,1,3,4,6,False,242,2,118,630,6.3,0
343,12,1,3,4,13,True,242,2,98,610,6.1,0
344,12,1,1,4,18,False,231,4,31,1055,10.55,0
345,12,1,1,4,18,True,231,4,15,1039,10.39,0
346,12,1,2,4,19,False,140,2,6,518,5.18,0
347,12,1,2,4,26,True,140,1,243,499,4.99,0
348,12,1,2,4,19,False,106,2,100,612,6.12,0
349,12,1,2,4,13,True,106,2,81,593,5.93,0
350,12,1,0,4,22,False,83,5,221,1501,15.01,0
351,12,1,0,4,20,True,83,5,204,1484,14.84,0
352,12,1,2,4,0,False,10,7,160,1952,19.52,0
353,12,1,2,4,20,True,10,7,140,1932,19.32,0
354,12,1,2,4,17,False,37,2,65,577,5.77,0
355,12,1,2,4,18,True,37,2,43,555,5.55,0
356,12,1,3,4,2,False,203,2,217,729,7.29,0
357,12,1,3,4,3,True,203,2,195,707,7.07,0
358,12,1,3,4,23,False,213,3,45,813,8.13,0
359,12,1,3,4,10,True,213,3,22,790,7.9,0
360,12,1,2,4,0,False,46,6,232,1768,17.68,0
361,12,1,2,4,31,True,46,6,213,1749,17.49,0
362,12,1,0,4,32,False,65,4,140,1164,11.64,0
363,12,1,0,4,8,True,65,4,125,1149,11.49,0
364,12,1,2,4,5,False,180,1,239,495,4.95,0
365,12,1,2,4,32,True,180,1,221,477,4.77,0
366,12,1,2,4,22,False,57,2,172,684,6.84,0
367,12,1,2,4,28,True,56,2,153,665,6.65,0
368,12,1,2,4,2,False,27,4,113,1137,11.37,0
369,12,1,2,4,7,True,27,4,91,1115,11.15,0
370,12,1,2,4,16,False,221,2,9,521,5.21,0
371,12,1,2,4,17,False,218,4,74,1098,10.98,0
0,13,-1,-1,-1,-1,True,-1,-1,-1,-1,-1.0,-1
1,13,-1,-1,-1,-1,True,-1,-1,-1,-1,-1.0,-1
2,13,-1,-1,-1,-1,True,-1,-1,-1,-1,-1.0,-1
3,13,-1,-1,-1,-1,True,-1,-1,-1,-1,-1.0,-1
4,13,1,2,4,32,True,219,1,172,428,4.28,0
5,13,1,2,4,33,True,218,4,53,1077,10.77,0
6,13,1,0,4,26,False,179,4,102,1126,11.26,0
7,13,1,0,4,30,True,72,4,83,1107,11.07,0
8,13,1,3,4,18,False,250,3,241,1009,10.09,0
9,13,1,3,4,10,True,250,3,216,984,9.84,0
10,13,1,1,4,26,False,38,3,55,823,8.23,0
11,13,1,1,4,17,True,38,3,36,804,8.04,0
12,13,1,2,4,23,False,118,4,66,1090,10.9,0
13,13,1,2,4,5,True,118,4,50,1074,10.74,0
14,13,1,2,4,18,False,211,4,34,1058,10.58,0
15,13,1,2,4,28,True,211,4,15,1039,10.39,0
16,13,1,0,4,30,False,15,6,187,1723,17.23,0
17,13,1,0,4,15,True,15,6,169,1705,17.05,0
18,13,1,1,4,7,False,208,3,233,1001,10.01,0
19,13,1,1,4,16,True,208,3,215,983,9.83,0
20,13,1,2,4,28,False,84,2,179,691,6.91,0
21,13,1,2,4,29,True,83,2,160,672,6.72,0
22,13,1,3,4,33,False,210,4,158,1182,11.82,0
23,13,1,3,4,20,True,210,4,137,1161,11.61,0
24,13,1,3,4,29,False,250,3,146,914,9.14,0
25,13,1,3,4,30,False,254,2,190,702,7.02,0
26,13,1,3,4,15,True,250,3,124,892,8.92,0
27,13,1,3,4,16,True,251,3,105,873,8.73,0
28,13,1,2,4,4,False,57,2,220,732,7.32,0
29,13,1,2,4,12,True,57,2,201,713,7.13,0
30,13,1,0,4,31,False,244,5,186,1466,14.66,0
31,13,1,0,4,31,True,244,5,172,1452,14.52,0
32,13,1,2,4,32,False,249,1,179,435,4.35,0
33,13,1,2,4,31,False,245,3,136,904,9.04,0
34,13,1,2,4,10,True,249,1,159,415,4.15,0
35,13,1,2,4,11,True,244,3,117,885,8.85,0
36,13,1,2,4,18,False,129,3,221,989,9.89,0
37,13,1,2,4,27,True,129,3,201,969,9.69,0
38,13,1,2,4,18,False,67,3,91,859,8.59,0
39,13,1,2,4,29,True,67,3,72,840,8.4,0
40,13,1,2,4,18,False,78,1,157,413,4.13,0
41,13,1,2,4,16,True,78,1,137,393,3.93,0
42,13,1,2,4,16,False,161,2,9,521,5.21,0
43,13,1,2,4,14,True,161,1,245,501,5.01,0
44,13,1,2,4,19,False,132,2,176,688,6.88,0
45,13,1,2,4,26,True,132,2,157,669,6.69,0
46,13,1,2,4,11,False,247,2,94,606,6.06,0
47,13,1,2,4,5,True,247,2,76,588,5.88,0
48,13,1,2,4,31,False,151,3,144,912,9.12,0
49,13,1,2,4,11,True,151,3,125,893,8.93,0
50,13,1,2,4,16,False,5,1,173,429,4.29,0
51,13,1,2,4,17,True,5,1,154,410,4.1,0
52,13,1,3,4,12,False,198,5,17,1297,12.97,0
53,13,1,3,4,6,True,197,4,252,1276,12.76,0
54,13,1,2,4,32,False,134,2,248,760,7.6,0
55,13,1,2,4,33,False,139,1,202,458,4.58,0
56,13,1,2,4,31,True,134,2,226,738,7.38,0
57,13,1,2,4,32,True,139,1,181,437,4.37,0
58,13,1,2,4,18,False,165,0,224,224,2.24,0
59,13,1,2,4,18,True,165,0,206,206,2.06,0
60,13,1,2,4,21,False,71,3,215,983,9.83,0
61,13,1,2,4,30,True,71,3,49,817,8.17,0
62,13,1,2,4,31,True,71,3,197,965,9.65,0
63,13,1,1,4,22,False,72,4,114,1138,11.38,0
64,13,1,1,4,30,True,72,4,95,1119,11.19,0
65,13,1,2,4,1,False,152,2,48,560,5.6,0
66,13,1,2,4,15,True,152,2,25,537,5.37,0
67,13,1,0,4,32,False,0,1,54,310,3.1,0
68,13,1,0,4,25,True,0,1,37,293,2.93,0
69,13,1,2,4,20,False,91,2,181,693,6.93,0
70,13,1,2,4,24,True,91,2,160,672,6.72,0
71,13,1,2,4,4,False,254,2,91,603,6.03,0
72,13,1,2,4,6,True,254,2,72,584,5.84,0
73,13,1,2,4,7,False,114,1,210,466,4.66,0
74,13,1,2,4,7,True,114,1,193,449,4.49,0
75,13,1,2,4,28,False,202,2,69,581,5.81,0
76,13,1,2,4,24,True,202,2,50,562,5.62,0
77,13,1,2,4,25,False,94,0,255,255,2.55,0
78,13,1,2,4,17,True,94,0,235,235,2.35,0
79,13,1,2,4,17,False,2,4,14,1038,10.38,0
80,13,1,2,4,15,True,2,3,248,1016,10.16,0
81,13,1,2,4,6,False,155,1,95,351,3.51,0
82,13,1,2,4,21,True,155,1,76,332,3.32,0
83,13,1,2,4,29,False,206,1,246,502,5.02,0
84,13,1,2,4,24,True,206,1,227,483,4.83,0
85,13,1,2,4,1,False,251,3,75,843,8.43,0
86,13,1,2,4,16,True,251,3,51,819,8.19,0
87,13,1,2,4,19,False,54,4,114,1138,11.38,0
88,13,1,2,4,12,True,54,4,95,1119,11.19,0
89,13,1,2,4,29,False,100,2,142,654,6.54,0
90,13,1,2,4,18,True,100,2,123,635,6.35,0
91,13,1,2,4,9,False,214,2,246,758,7.58,0
92,13,1,2,4,13,True,214,2,225,737,7.37,0
93,13,1,2,4,33,False,162,2,73,585,5.85,0
94,13,1,2,4,16,True,162,2,51,563,5.63,0
95,13,1,2,4,13,False,33,3,102,870,8.7,0
96,13,1,2,4,11,True,33,3,79,847,8.47,0
97,13,1,2,4,16,False,234,2,63,575,5.75,0
98,13,1,2,4,4,True,234,2,45,557,5.57,0
99,13,1,2,4,14,False,164,2,206,718,7.18,0
100,13,1,2,4,11,True,164,2,183,695,6.95,0
101,13,1,2,4,15,False,160,1,69,325,3.25,0
102,13,1,2,4,15,True,160,1,51,307,3.07,0
103,13,1,0,4,10,False,29,4,5,1029,10.29,0
104,13,1,0,4,11,True,29,3,242,1010,10.1,0
105,13,1,2,4,21,False,124,2,1,513,5.13,0
106,13,1,2,4,13,True,124,1,240,496,4.96,0
107,13,1,2,4,26,False,3,3,27,795,7.95,0
108,13,1,2,4,24,True,3,3,7,775,7.75,0
109,13,1,2,4,3,False,248,3,92,860,8.6,0
110,13,1,2,4,23,True,248,3,69,837,8.37,0
111,13,1,2,4,14,False,119,2,40,552,5.52,0
112,13,1,2,4,11,True,119,2,18,530,5.3,0
113,13,1,0,4,31,False,194,1,234,490,4.9,0
114,13,1,0,4,13,True,194,1,218,474,4.74,0
115,13,1,3,4,0,False,127,6,70,1606,16.06,0
116,13,1,3,4,12,True,127,6,46,1582,15.82,0
117,13,1,2,4,23,False,54,3,234,1002,10.02,0
118,13,1,2,4,29,True,54,3,214,982,9.82,0
119,13,1,2,4,32,False,177,1,241,497,4.97,0
120,13,1,2,4,31,True,177,1,219,475,4.75,0
121,13,1,2,4,0,False,113,4,33,1057,10.57,0
122,13,1,2,4,16,True,113,4,12,1036,10.36,0
123,13,1,3,4,30,False,217,1,104,360,3.6,0
124,13,1,3,4,4,True,217,1,84,340,3.4,0
125,13,1,2,4,0,False,22,3,103,871,8.71,0
126,13,1,2,4,20,True,22,3,83,851,8.51,0
127,13,1,2,4,32,False,1,2,212,724,7.24,0
128,13,1,2,4,4,True,1,2,193,705,7.05,0
129,13,1,2,4,33,False,91,3,42,810,8.1,0
130,13,1,2,4,26,True,132,3,20,788,7.88,0
131,13,1,3,4,9,False,172,1,140,396,3.96,0
132,13,1,3,4,28,True,172,1,121,377,3.77,0
133,13,1,2,4,33,False,92,2,104,616,6.16,0
134,13,1,2,4,27,True,92,2,82,594,5.94,0
135,13,1,1,4,10,False,174,4,226,1250,12.5,0
136,13,1,1,4,27,True,174,4,208,1232,12.32,0
137,13,1,2,4,6,False,6,2,92,604,6.04,0
138,13,1,2,4,27,True,6,2,73,585,5.85,0
139,13,1,2,4,16,False,214,5,49,1329,13.29,0
140,13,1,2,4,20,True,213,5,30,1310,13.1,0
141,13,1,2,4,13,False,70,1,252,508,5.08,0
142,13,1,2,4,9,True,69,1,232,488,4.88,0
143,13,1,2,4,1,False,42,2,103,615,6.15,0
144,13,1,2,4,11,True,41,2,80,592,5.92,0
145,13,1,3,4,21,False,115,3,111,879,8.79,0
146,13,1,3,4,8,True,115,3,91,859,8.59,0
147,13,1,2,4,15,False,166,1,7,263,2.63,0
148,13,1,2,4,23,True,166,0,239,239,2.39,0
149,13,1,2,4,8,False,97,2,198,710,7.1,0
150,13,1,2,4,8,True,97,2,178,690,6.9,0
151,13,1,2,4,16,False,100,3,9,777,7.77,0
152,13,1,2,4,17,True,100,2,245,757,7.57,0
153,13,1,2,4,33,False,188,3,33,801,8.01,0
154,13,1,2,4,27,True,188,3,10,778,7.78,0
155,13,1,1,4,31,False,60,2,107,619,6.19,0
156,13,1,1,4,23,True,60,2,88,600,6.0,0
157,13,1,2,4,0,False,60,1,88,344,3.44,0
158,13,1,2,4,19,True,60,1,67,323,3.23,0
159,13,1,2,4,3,False,133,2,252,764,7.64,0
160,13,1,2,4,29,True,132,2,231,743,7.43,0
161,13,1,3,4,27,False,209,7,133,1925,19.25,0
162,13,1,3,4,8,True,209,7,116,1908,19.08,0
163,13,1,2,4,20,False,232,2,155,667,6.67,0
164,13,1,2,4,25,True,232,2,134,646,6.46,0
165,13,1,2,4,22,False,126,1,7,263,2.63,0
166,13,1,2,4,21,True,126,0,242,242,2.42,0
167,13,1,2,4,5,False,150,2,146,658,6.58,0
168,13,1,2,4,17,True,150,2,126,638,6.38,0
169,13,1,2,4,20,False,6,5,199,1479,14.79,0
170,13,1,2,4,20,True,6,5,180,1460,14.6,0
171,13,1,2,4,2,False,105,5,41,1321,13.21,0
172,13,1,2,4,31,True,105,5,19,1299,12.99,0
173,13,1,2,4,0,False,185,3,240,1008,10.08,0
174,13,1,2,4,15,True,185,3,221,989,9.89,0
175,13,1,2,4,16,False,49,4,179,1203,12.03,0
176,13,1,2,4,21,True,49,4,160,1184,11.84,0
177,13,1,2,4,5,False,229,2,38,550,5.5,0
178,13,1,2,4,27,True,229,2,17,529,5.29,0
179,13,1,1,4,31,False,244,3,252,1020,10.2,0
180,13,1,1,4,30,True,244,3,233,1001,10.01,0
181,13,1,2,4,7,True,6,1,237,493,4.93,0
182,13,1,2,4,17,False,4,4,158,1182,11.82,0
183,13,1,2,4,6,True,4,4,136,1160,11.6,0
184,13,1,2,4,16,False,147,4,74,1098,10.98,0
185,13,1,2,4,10,True,147,4,56,1080,10.8,0
186,13,1,2,4,11,False,133,4,132,1156,11.56,0
187,13,1,2,4,10,True,132,4,113,1137,11.37,0
188,13,1,2,4,20,False,87,4,243,1267,12.67,0
189,13,1,2,4,15,True,86,4,222,1246,12.46,0
190,13,1,2,4,18,False,190,2,90,602,6.02,0
191,13,1,2,4,18,True,190,2,74,586,5.86,0
192,13,1,1,4,31,False,103,2,197,709,7.09,0
193,13,1,1,4,9,True,103,2,179,691,6.91,0
194,13,1,2,4,8,False,233,2,162,674,6.74,0
195,13,1,2,4,7,False,233,5,87,1367,13.67,0
196,13,1,2,4,4,True,233,5,69,1349,13.49,0
197,13,1,2,4,1,False,140,1,82,338,3.38,0
198,13,1,2,4,25,True,139,1,61,317,3.17,0
199,13,1,3,4,2,False,21,4,106,1130,11.3,0
200,13,1,3,4,7,True,21,4,85,1109,11.09,0
201,13,1,1,4,26,False,27,2,111,623,6.23,0
202,13,1,1,4,19,True,27,2,93,605,6.05,0
203,13,1,2,4,26,False,4,2,243,755,7.55,0
204,13,1,2,4,5,True,4,2,225,737,7.37,0
205,13,1,3,4,24,False,170,1,199,455,4.55,0
206,13,1,3,4,3,True,170,1,180,436,4.36,0
207,13,1,0,4,28,False,89,5,63,1343,13.43,0
208,13,1,0,4,32,True,89,5,47,1327,13.27,0
209,13,1,2,4,13,False,9,4,79,1103,11.03,0
210,13,1,2,4,7,True,9,4,58,1082,10.82,0
211,13,1,2,4,19,False,6,4,107,1131,11.31,0
212,13,1,2,4,24,True,5,4,88,1112,11.12,0
213,13,1,2,4,3,False,229,3,47,815,8.15,0
214,13,1,2,4,9,True,229,3,27,795,7.95,0
215,13,1,2,4,26,True,9,1,172,428,4.28,0
216,13,1,2,4,16,False,8,3,240,1008,10.08,0
217,13,1,2,4,27,True,8,3,220,988,9.88,0
218,13,1,2,4,18,False,109,2,163,675,6.75,0
219,13,1,2,4,16,True,109,2,141,653,6.53,0
220,13,1,2,4,31,False,137,2,253,765,7.65,0
221,13,1,2,4,17,True,137,2,234,746,7.46,0
222,13,1,2,4,13,False,166,3,11,779,7.79,0
223,13,1,2,4,6,True,166,2,245,757,7.57,0
224,13,1,2,4,9,False,201,2,162,674,6.74,0
225,13,1,2,4,10,True,201,2,140,652,6.52,0
226,13,1,2,4,18,False,124,3,99,867,8.67,0
227,13,1,2,4,13,True,124,3,80,848,8.48,0
228,13,1,1,4,26,False,168,1,144,400,4.0,0
229,13,1,1,4,6,True,168,1,128,384,3.84,0
230,13,1,2,4,28,False,18,2,86,598,5.98,0
231,13,1,2,4,14,True,17,2,68,580,5.8,0
232,13,1,2,4,1,False,208,1,157,413,4.13,0
233,13,1,2,4,4,False,207,2,2,514,5.14,0
234,13,1,2,4,23,True,208,1,133,389,3.89,0
235,13,1,2,4,26,True,207,1,241,497,4.97,0
236,13,1,0,4,31,False,246,6,85,1621,16.21,0
237,13,1,0,4,24,True,246,6,69,1605,16.05,0
238,13,1,3,4,8,True,92,0,197,197,1.97,0
239,13,1,3,4,18,False,87,6,39,1575,15.75,0
240,13,1,3,4,7,True,87,6,16,1552,15.52,0
241,13,1,2,4,6,False,6,3,38,806,8.06,0
242,13,1,2,4,30,True,33,3,19,787,7.87,0
243,13,1,2,4,2,False,84,2,138,650,6.5,0
244,13,1,2,4,23,True,84,2,115,627,6.27,0
245,13,1,2,4,22,False,205,2,95,607,6.07,0
246,13,1,2,4,6,True,205,2,74,586,5.86,0
247,13,1,2,4,29,False,9,1,193,449,4.49,0
248,13,1,2,4,19,True,9,1,174,430,4.3,0
249,13,1,2,4,31,False,242,0,198,198,1.98,0
250,13,1,2,4,19,True,242,0,179,179,1.79,0
251,13,1,0,4,33,False,164,1,200,456,4.56,0
252,13,1,0,4,22,True,164,1,181,437,4.37,0
253,13,1,2,4,20,False,125,3,175,943,9.43,0
254,13,1,2,4,23,True,125,3,152,920,9.2,0
255,13,1,2,4,15,False,9,3,126,894,8.94,0
256,13,1,2,4,21,True,9,3,105,873,8.73,0
257,13,1,3,4,25,True,39,2,191,703,7.03,0
258,13,1,3,4,4,False,39,4,126,1150,11.5,0
259,13,1,3,4,5,False,38,4,113,1137,11.37,0
260,13,1,3,4,26,True,38,4,108,1132,11.32,0
261,13,1,2,4,24,False,253,7,121,1913,19.13,0
262,13,1,2,4,19,True,253,7,101,1893,18.93,0
263,13,1,2,4,19,False,204,2,247,759,7.59,0
264,13,1,2,4,7,True,203,2,229,741,7.41,0
265,13,1,2,4,14,False,61,2,24,536,5.36,0
266,13,1,2,4,32,True,61,2,3,515,5.15,0
267,13,1,0,4,31,False,9,5,71,1351,13.51,0
268,13,1,0,4,6,True,9,5,55,1335,13.35,0
269,13,1,3,4,31,False,199,5,246,1526,15.26,0
270,13,1,3,4,9,True,199,5,225,1505,15.05,0
271,13,1,2,4,20,False,220,3,198,966,9.66,0
272,13,1,2,4,25,True,220,3,177,945,9.45,0
273,13,1,2,4,0,False,152,5,208,1488,14.88,0
274,13,1,2,4,10,True,152,5,189,1469,14.69,0
275,13,1,0,4,33,False,18,4,59,1083,10.83,0
276,13,1,0,4,16,True,18,4,41,1065,10.65,0
277,13,1,2,4,20,False,18,3,10,778,7.78,0
278,13,1,2,4,22,False,19,3,64,832,8.32,0
279,13,1,2,4,25,True,18,3,48,816,8.16,0
280,13,1,0,4,25,False,83,5,192,1472,14.72,0
281,13,1,0,4,21,True,83,5,171,1451,14.51,0
282,13,1,0,4,33,False,74,2,129,641,6.41,0
283,13,1,0,4,31,False,9,4,12,1036,10.36,0
284,13,1,0,4,11,True,72,3,252,1020,10.2,0
285,13,1,0,4,13,True,194,2,112,624,6.24,0
286,13,1,2,4,14,False,73,2,228,740,7.4,0
287,13,1,2,4,26,True,73,2,207,719,7.19,0
288,13,1,2,4,3,False,56,2,89,601,6.01,0
289,13,1,2,4,6,True,56,2,66,578,5.78,0
290,13,1,2,4,14,False,16,3,46,814,8.14,0
291,13,1,2,4,28,True,16,3,24,792,7.92,0
292,13,1,2,4,16,False,76,1,44,300,3.0,0
293,13,1,2,4,22,True,76,1,24,280,2.8,0
294,13,1,2,4,15,False,11,2,123,635,6.35,0
295,13,1,2,4,28,True,11,2,103,615,6.15,0
296,13,1,2,4,18,False,62,2,115,627,6.27,0
297,13,1,2,4,9,True,62,2,97,609,6.09,0
298,13,1,2,4,29,False,158,3,146,914,9.14,0
299,13,1,2,4,5,True,158,3,130,898,8.98,0
300,13,1,1,4,33,False,234,5,59,1339,13.39,0
301,13,1,1,4,17,True,234,5,42,1322,13.22,0
302,13,1,2,4,29,False,184,2,173,685,6.85,0
303,13,1,2,4,31,False,183,5,66,1346,13.46,0
304,13,1,2,4,27,True,189,1,175,431,4.31,0
305,13,1,2,4,28,True,183,4,10,1034,10.34,0
306,13,1,2,4,29,True,183,5,44,1324,13.24,0
307,13,1,2,4,30,True,184,2,154,666,6.66,0
308,13,1,2,4,6,False,240,4,214,1238,12.38,0
309,13,1,2,4,24,True,240,4,196,1220,12.2,0
310,13,1,0,4,28,True,16,3,2,770,7.7,0
311,13,1,0,4,33,False,15,5,214,1494,14.94,0
312,13,1,0,4,30,True,15,5,194,1474,14.74,0
313,13,1,2,4,20,False,229,2,220,732,7.32,0
314,13,1,2,4,9,True,229,2,200,712,7.12,0
315,13,1,2,4,25,False,187,3,132,900,9.0,0
316,13,1,2,4,26,False,186,2,225,737,7.37,0
317,13,1,2,4,14,True,186,2,204,716,7.16,0
318,13,1,2,4,15,True,187,3,112,880,8.8,0
319,13,1,3,4,7,False,70,5,86,1366,13.66,0
320,13,1,3,4,20,True,70,5,63,1343,13.43,0
321,13,1,2,4,22,True,32,1,39,295,2.95,0
322,13,1,2,4,5,False,30,3,226,994,9.94,0
323,13,1,2,4,23,True,30,3,205,973,9.73,0
324,13,1,3,4,0,False,239,6,241,1777,17.77,0
325,13,1,3,4,13,True,239,6,218,1754,17.54,0
326,13,1,3,4,31,False,199,4,92,1116,11.16,0
327,13,1,3,4,29,False,250,5,250,1530,15.3,0
328,13,1,3,4,3,True,36,5,230,1510,15.1,0
329,13,1,1,4,14,False,250,3,214,982,9.82,0
330,13,1,1,4,22,True,250,3,194,962,9.62,0
331,13,1,3,4,18,False,97,5,82,1362,13.62,0
332,13,1,3,4,4,True,97,5,60,1340,13.4,0
333,13,1,0,4,4,False,88,5,102,1382,13.82,0
334,13,1,0,4,4,True,88,5,85,1365,13.65,0
335,13,1,2,4,22,False,222,3,95,863,8.63,0
336,13,1,2,4,17,True,222,3,75,843,8.43,0
337,13,1,0,4,33,False,151,3,96,864,8.64,0
338,13,1,0,4,13,True,151,3,80,848,8.48,0
339,13,1,2,4,30,True,33,1,97,353,3.53,0
340,13,1,2,4,6,False,31,3,179,947,9.47,0
341,13,1,2,4,29,True,31,3,161,929,9.29,0
342,13,1,2,4,16,False,4,2,116,628,6.28,0
343,13,1,2,4,17,False,4,2,153,665,6.65,0
344,13,1,2,4,18,True,4,2,132,644,6.44,0
345,13,1,2,4,26,False,114,3,100,868,8.68,0
346,13,1,2,4,27,True,114,3,80,848,8.48,0
347,13,1,2,4,29,False,92,2,194,706,7.06,0
348,13,1,2,4,8,True,92,2,154,666,6.66,0
349,13,1,2,4,9,True,92,2,175,687,6.87,0
350,13,1,2,4,15,False,218,3,218,986,9.86,0
351,13,1,2,4,24,True,218,3,196,964,9.64,0
352,13,1,2,4,30,False,151,2,49,561,5.61,0
353,13,1,2,4,15,True,151,2,31,543,5.43,0
354,13,1,2,4,10,False,226,2,24,536,5.36,0
355,13,1,2,4,7,True,226,2,4,516,5.16,0
356,13,1,2,4,21,False,53,3,218,986,9.86,0
357,13,1,2,4,19,True,53,3,199,967,9.67,0
358,13,1,0,4,19,False,207,2,8,520,5.2,0
359,13,1,0,4,22,True,207,1,248,504,5.04,0
360,13,1,2,4,18,False,250,3,238,1006,10.06,0
361,13,1,2,4,25,True,250,3,220,988,9.88,0
362,13,1,2,4,19,False,72,3,34,802,8.02,0
363,13,1,2,4,4,True,72,3,16,784,7.84,0
364,13,1,2,4,17,False,80,3,214,982,9.82,0
365,13,1,2,4,18,False,80,3,222,990,9.9,0
366,13,1,2,4,19,True,80,3,206,974,9.74,0
367,13,1,1,4,29,False,237,0,130,130,1.3,0
368,13,1,1,4,16,True,237,0,112,112,1.12,0
369,13,1,2,4,30,False,8,6,177,1713,17.13,0
370,13,1,2,4,13,True,8,6,159,1695,16.95,0
371,13,1,0,4,28,False,51,2,81,593,5.93,0
372,13,1,0,4,10,True,51,2,65,577,5.77,0
373,13,1,0,4,32,False,70,4,31,1055,10.55,0
374,13,1,0,4,30,True,70,4,12,1036,10.36,0
375,13,1,2,4,16,False,4,1,94,350,3.5,0
0,14,1,2,4,17,True,194,1,75,331,3.31,0
1,14,1,3,4,6,False,35,3,72,840,8.4,0
2,14,1,3,4,10,True,35,3,50,818,8.18,0
3,14,1,2,4,30,False,42,2,65,577,5.77,0
4,14,1,2,4,26,True,41,2,46,558,5.58,0
5,14,1,2,4,15,False,128,4,164,1188,11.88,0
6,14,1,2,4,16,False,128,3,222,990,9.9,0
7,14,1,2,4,19,True,128,4,142,1166,11.66,0
8,14,1,2,4,19,False,115,2,67,579,5.79,0
9,14,1,2,4,32,True,115,2,50,562,5.62,0
10,14,1,2,4,1,False,96,3,174,942,9.42,0
11,14,1,2,4,10,True,96,3,151,919,9.19,0
12,14,1,3,4,15,False,27,1,194,450,4.5,0
13,14,1,3,4,29,True,27,1,175,431,4.31,0
14,14,1,2,4,17,False,216,2,147,659,6.59,0
15,14,1,2,4,17,True,216,2,127,639,6.39,0
16,14,1,2,4,13,False,105,4,22,1046,10.46,0
17,14,1,2,4,9,True,105,4,2,1026,10.26,0
18,14,1,0,4,31,False,120,3,53,821,8.21,0
19,14,1,0,4,15,True,120,3,36,804,8.04,0
20,14,1,2,4,17,False,29,1,85,341,3.41,0
21,14,1,2,4,22,True,29,1,63,319,3.19,0
22,14,1,1,4,16,False,140,3,243,1011,10.11,0
23,14,1,1,4,20,True,140,3,223,991,9.91,0
24,14,1,3,4,21,False,206,2,120,632,6.32,0
25,14,1,3,4,4,True,206,2,99,611,6.11,0
26,14,1,0,4,27,False,93,1,117,373,3.73,0
27,14,1,0,4,27,True,93,1,102,358,3.58,0
28,14,1,2,4,31,False,47,2,153,665,6.65,0
29,14,1,2,4,31,True,47,2,135,647,6.47,0
30,14,1,3,4,0,False,133,4,164,1188,11.88,0
31,14,1,3,4,2,False,133,4,125,1149,11.49,0
32,14,1,3,4,4,True,132,4,143,1167,11.67,0
33,14,1,2,4,25,False,97,4,155,1179,11.79,0
34,14,1,2,4,14,True,97,4,135,1159,11.59,0
35,14,1,0,4,22,False,40,3,124,892,8.92,0
36,14,1,0,4,25,False,41,2,65,577,5.77,0
37,14,1,0,4,5,True,40,3,109,877,8.77,0
38,14,1,0,4,6,True,40,2,45,557,5.57,0
39,14,1,2,4,3,False,250,3,122,890,8.9,0
40,14,1,2,4,12,True,250,3,100,868,8.68,0
41,14,1,2,4,14,False,162,1,232,488,4.88,0
42,14,1,2,4,17,True,162,1,209,465,4.65,0
43,14,1,0,4,25,False,80,2,216,728,7.28,0
44,14,1,0,4,32,True,80,2,198,710,7.1,0
45,14,1,2,4,5,False,20,1,163,419,4.19,0
46,14,1,2,4,19,True,20,1,144,400,4.0,0
47,14,1,2,4,16,False,62,1,247,503,5.03,0
48,14,1,2,4,23,True,62,1,227,483,4.83,0
49,14,1,0,4,8,False,45,1,194,450,4.5,0
50,14,1,0,4,4,True,45,1,178,434,4.34,0
51,14,1,2,4,3,False,41,3,111,879,8.79,0
52,14,1,2,4,14,True,43,3,48,816,8.16,0
53,14,1,2,4,15,True,41,3,89,857,8.57,0
54,14,1,2,4,4,False,146,2,36,548,5.48,0
55,14,1,2,4,18,True,146,2,17,529,5.29,0
56,14,1,2,4,3,False,105,2,229,741,7.41,0
57,14,1,2,4,2,False,103,5,43,1323,13.23,0
58,14,1,2,4,4,False,103,3,42,810,8.1,0
59,14,1,2,4,16,True,103,3,23,791,7.91,0
60,14,1,2,4,17,True,103,4,144,1168,11.68,0
61,14,1,2,4,18,True,103,5,19,1299,12.99,0
62,14,1,2,4,27,False,169,3,204,972,9.72,0
63,14,1,2,4,28,False,168,4,47,1071,10.71,0
64,14,1,2,4,18,True,168,4,29,1053,10.53,0
65,14,1,2,4,22,False,52,4,41,1065,10.65,0
66,14,1,2,4,18,True,52,4,21,1045,10.45,0
67,14,1,2,4,23,False,23,2,20,532,5.32,0
68,14,1,2,4,21,True,23,2,1,513,5.13,0
69,14,1,2,4,11,True,246,0,152,152,1.52,0
70,14,1,2,4,12,False,242,5,88,1368,13.68,0
71,14,1,2,4,12,True,242,5,72,1352,13.52,0
72,14,1,2,4,25,False,32,5,1,1281,12.81,0
73,14,1,2,4,25,True,32,4,239,1263,12.63,0
74,14,1,2,4,29,True,139,2,90,602,6.02,0
75,14,1,2,4,24,False,139,3,251,1019,10.19,0
76,14,1,2,4,28,True,141,3,218,986,9.86,0
77,14,1,0,4,14,True,129,3,76,844,8.44,0
78,14,1,0,4,25,False,128,5,124,1404,14.04,0
79,14,1,0,4,13,True,128,5,107,1387,13.87,0
80,14,1,2,4,24,False,11,3,255,1023,10.23,0
81,14,1,2,4,17,True,11,3,235,1003,10.03,0
82,14,1,2,4,6,False,184,4,152,1176,11.76,0
83,14,1,2,4,29,True,184,4,133,1157,11.57,0
84,14,1,3,4,4,False,56,2,48,560,5.6,0
85,14,1,3,4,3,True,56,2,23,535,5.35,0
86,14,1,2,4,6,False,215,5,119,1399,13.99,0
87,14,1,2,4,20,True,215,5,98,1378,13.78,0
88,14,1,2,4,31,False,91,3,225,993,9.93,0
89,14,1,2,4,13,True,91,3,206,974,9.74,0
90,14,1,2,4,24,False,93,3,119,887,8.87,0
91,14,1,2,4,33,True,93,3,100,868,8.68,0
92,14,1,2,4,9,False,194,3,89,857,8.57,0
93,14,1,2,4,13,True,194,3,68,836,8.36,0
94,14,1,2,4,1,False,56,2,73,585,5.85,0
95,14,1,2,4,29,True,56,2,51,563,5.63,0
96,14,1,2,4,17,False,199,1,253,509,5.09,0
97,14,1,2,4,20,True,199,1,230,486,4.86,0
98,14,1,2,4,16,False,222,2,13,525,5.25,0
99,14,1,2,4,10,True,228,1,186,442,4.42,0
100,14,1,2,4,13,True,222,1,217,473,4.73,0
101,14,1,2,4,17,False,45,5,221,1501,15.01,0
102,14,1,2,4,18,True,45,5,199,1479,14.79,0
103,14,1,2,4,27,False,186,2,111,623,6.23,0
104,14,1,2,4,11,True,186,2,93,605,6.05,0
105,14,1,2,4,5,False,227,3,224,992,9.92,0
106,14,1,2,4,29,True,227,3,205,973,9.73,0
107,14,1,2,4,3,False,142,2,182,694,6.94,0
108,14,1,2,4,33,True,142,2,161,673,6.73,0
109,14,1,3,4,32,False,209,6,11,1547,15.47,0
110,14,1,3,4,17,True,209,5,118,1398,13.98,0
111,14,1,3,4,18,True,209,5,246,1526,15.26,0
112,14,1,2,4,1,False,124,3,35,803,8.03,0
113,14,1,2,4,20,True,124,3,13,781,7.81,0
114,14,1,2,4,21,False,16,2,111,623,6.23,0
115,14,1,2,4,28,True,16,2,94,606,6.06,0
116,14,1,2,4,15,False,52,2,68,580,5.8,0
117,14,1,2,4,21,True,52,2,47,559,5.59,0
118,14,1,3,4,22,False,193,2,173,685,6.85,0
119,14,1,3,4,3,True,193,2,154,666,6.66,0
120,14,1,2,4,20,False,136,1,161,417,4.17,0
121,14,1,2,4,16,True,135,1,139,395,3.95,0
122,14,1,3,4,10,False,106,3,136,904,9.04,0
123,14,1,3,4,11,True,106,3,117,885,8.85,0
124,14,1,2,4,30,False,71,3,149,917,9.17,0
125,14,1,2,4,23,True,71,3,128,896,8.96,0
126,14,1,2,4,21,False,129,2,6,518,5.18,0
127,14,1,2,4,25,True,129,1,245,501,5.01,0
128,14,1,2,4,16,False,124,2,81,593,5.93,0
129,14,1,2,4,31,True,124,2,63,575,5.75,0
130,14,1,2,4,24,False,208,3,193,961,9.61,0
131,14,1,2,4,21,True,208,3,173,941,9.41,0
132,14,1,2,4,19,False,70,2,135,647,6.47,0
133,14,1,2,4,6,True,70,2,116,628,6.28,0
134,14,1,2,4,26,False,29,3,128,896,8.96,0
135,14,1,2,4,25,True,28,2,228,740,7.4,0
136,14,1,2,4,26,True,30,3,96,864,8.64,0
137,14,1,2,4,16,False,97,1,221,477,4.77,0
138,14,1,2,4,17,True,97,1,201,457,4.57,0
139,14,1,2,4,29,False,35,1,17,273,2.73,0
140,14,1,2,4,6,True,35,0,255,255,2.55,0
141,14,1,2,4,26,False,242,1,183,439,4.39,0
142,14,1,2,4,29,True,242,1,162,418,4.18,0
143,14,1,2,4,29,False,79,3,223,991,9.91,0
144,14,1,2,4,8,True,79,3,206,974,9.74,0
145,14,1,2,4,23,False,28,1,35,291,2.91,0
146,14,1,2,4,18,True,28,1,16,272,2.72,0
147,14,1,2,4,22,False,57,3,122,890,8.9,0
148,14,1,2,4,11,True,57,3,102,870,8.7,0
149,14,1,2,4,11,False,85,4,171,1195,11.95,0
150,14,1,2,4,12,True,85,4,151,1175,11.75,0
151,14,1,2,4,16,False,77,3,246,1014,10.14,0
152,14,1,2,4,29,True,77,3,227,995,9.95,0
153,14,1,2,4,29,False,162,3,191,959,9.59,0
154,14,1,2,4,7,True,162,3,173,941,9.41,0
155,14,1,0,4,29,True,253,0,243,243,2.43,0
156,14,1,0,4,23,False,244,5,54,1334,13.34,0
157,14,1,0,4,30,True,244,5,39,1319,13.19,0
158,14,1,2,4,18,False,132,6,6,1542,15.42,0
159,14,1,2,4,24,True,132,5,242,1522,15.22,0
160,14,1,0,4,30,False,177,3,167,935,9.35,0
161,14,1,0,4,31,False,177,3,223,991,9.91,0
162,14,1,0,4,30,True,177,3,208,976,9.76,0
163,14,1,2,4,27,True,94,3,65,833,8.33,0
164,14,1,2,4,26,False,92,4,230,1254,12.54,0
165,14,1,2,4,28,True,92,4,210,1234,12.34,0
166,14,1,2,4,20,False,48,3,129,897,8.97,0
167,14,1,2,4,24,True,48,3,108,876,8.76,0
168,14,1,2,4,16,False,64,2,102,614,6.14,0
169,14,1,2,4,17,True,64,2,82,594,5.94,0
170,14,1,2,4,21,False,46,1,148,404,4.04,0
171,14,1,2,4,17,True,46,1,131,387,3.87,0
172,14,1,3,4,4,False,75,3,65,833,8.33,0
173,14,1,3,4,4,True,75,3,43,811,8.11,0
174,14,1,2,4,28,False,138,4,204,1228,12.28,0
175,14,1,2,4,28,True,138,4,188,1212,12.12,0
176,14,1,2,4,17,False,181,0,234,234,2.34,0
177,14,1,2,4,9,True,181,0,213,213,2.13,0
178,14,1,2,4,22,False,1,3,84,852,8.52,0
179,14,1,2,4,24,True,1,3,63,831,8.31,0
180,14,1,2,4,4,False,58,2,76,588,5.88,0
181,14,1,2,4,11,True,58,2,58,570,5.7,0
182,14,1,2,4,6,False,242,5,44,1324,13.24,0
183,14,1,2,4,27,True,242,5,24,1304,13.04,0
184,14,1,3,4,25,False,88,4,27,1051,10.51,0
185,14,1,3,4,26,False,86,5,52,1332,13.32,0
186,14,1,3,4,10,True,86,5,29,1309,13.09,0
187,14,1,3,4,21,False,48,1,108,364,3.64,0
188,14,1,3,4,3,True,48,1,86,342,3.42,0
189,14,1,2,4,14,False,137,4,65,1089,10.89,0
190,14,1,2,4,28,True,136,4,43,1067,10.67,0
191,14,1,1,4,29,False,239,4,91,1115,11.15,0
192,14,1,1,4,25,True,239,4,71,1095,10.95,0
193,14,1,2,4,9,False,247,2,207,719,7.19,0
194,14,1,2,4,10,True,247,2,186,698,6.98,0
195,14,1,0,4,33,False,95,3,221,989,9.89,0
196,14,1,0,4,33,True,95,3,204,972,9.72,0
197,14,1,2,4,17,False,180,3,168,936,9.36,0
198,14,1,2,4,15,True,180,3,146,914,9.14,0
199,14,1,2,4,6,False,202,2,6,518,5.18,0
200,14,1,2,4,31,True,202,1,242,498,4.98,0
201,14,1,2,4,19,False,145,3,231,999,9.99,0
202,14,1,2,4,20,False,146,3,45,813,8.13,0
203,14,1,2,4,13,True,145,3,212,980,9.8,0
204,14,1,2,4,14,True,146,3,24,792,7.92,0
205,14,1,2,4,2,False,175,0,234,234,2.34,0
206,14,1,2,4,19,True,175,0,212,212,2.12,0
207,14,1,2,4,28,False,94,1,168,424,4.24,0
208,14,1,2,4,29,True,94,1,149,405,4.05,0
209,14,1,2,4,15,False,151,3,80,848,8.48,0
210,14,1,2,4,29,True,151,3,59,827,8.27,0
211,14,1,2,4,19,False,195,1,231,487,4.87,0
212,14,1,2,4,23,True,195,1,211,467,4.67,0
213,14,1,2,4,9,False,130,1,209,465,4.65,0
214,14,1,2,4,10,True,130,1,188,444,4.44,0
215,14,1,2,4,17,False,25,1,213,469,4.69,0
216,14,1,2,4,19,True,25,1,191,447,4.47,0
217,14,1,2,4,16,False,117,3,67,835,8.35,0
218,14,1,2,4,17,True,116,3,48,816,8.16,0
219,14,1,2,4,4,False,5,2,141,653,6.53,0
220,14,1,2,4,19,True,5,2,123,635,6.35,0
221,14,1,2,4,14,False,18,1,152,408,4.08,0
222,14,1,2,4,20,True,18,1,129,385,3.85,0
223,14,1,2,4,0,False,85,2,209,721,7.21,0
224,14,1,2,4,8,True,85,2,189,701,7.01,0
225,14,1,2,4,1,False,21,4,54,1078,10.78,0
226,14,1,2,4,9,True,21,4,32,1056,10.56,0
227,14,1,2,4,25,False,51,4,91,1115,11.15,0
228,14,1,2,4,28,True,51,4,71,1095,10.95,0
229,14,1,3,4,9,False,212,4,115,1139,11.39,0
230,14,1,3,4,10,False,213,5,220,1500,15.0,0
231,14,1,3,4,22,True,212,4,94,1118,11.18,0
232,14,1,3,4,23,True,212,3,228,996,9.96,0
233,14,1,3,4,24,True,213,5,202,1482,14.82,0
234,14,1,2,4,20,False,2,2,147,659,6.59,0
235,14,1,2,4,21,False,252,2,23,535,5.35,0
236,14,1,2,4,20,True,252,2,183,695,6.95,0
237,14,1,3,4,12,False,129,2,158,670,6.7,0
238,14,1,3,4,30,True,129,2,139,651,6.51,0
239,14,1,2,4,23,False,108,4,1,1025,10.25,0
240,14,1,2,4,21,False,108,5,45,1325,13.25,0
241,14,1,2,4,6,True,108,3,238,1006,10.06,0
242,14,1,2,4,7,True,108,5,28,1308,13.08,0
243,14,1,2,4,8,True,108,3,28,796,7.96,0
244,14,1,2,4,21,False,236,3,65,833,8.33,0
245,14,1,2,4,15,True,236,3,48,816,8.16,0
246,14,1,2,4,27,False,203,1,234,490,4.9,0
247,14,1,2,4,29,True,203,1,215,471,4.71,0
248,14,1,2,4,22,False,165,3,85,853,8.53,0
249,14,1,2,4,16,True,165,3,64,832,8.32,0
250,14,1,3,4,26,False,184,6,109,1645,16.45,0
251,14,1,3,4,20,True,184,6,86,1622,16.22,0
252,14,1,2,4,16,True,122,1,132,388,3.88,0
253,14,1,2,4,14,False,120,4,5,1029,10.29,0
254,14,1,2,4,17,True,120,3,238,1006,10.06,0
255,14,1,2,4,26,False,146,4,111,1135,11.35,0
256,14,1,2,4,30,True,146,4,91,1115,11.15,0
257,14,1,0,4,33,False,175,3,206,974,9.74,0
258,14,1,0,4,31,True,175,3,188,956,9.56,0
259,14,1,2,4,4,False,92,2,88,600,6.0,0
260,14,1,2,4,22,True,99,1,41,297,2.97,0
261,14,1,2,4,23,True,91,2,68,580,5.8,0
262,14,1,2,4,4,False,187,1,96,352,3.52,0
263,14,1,2,4,21,True,187,1,78,334,3.34,0
264,14,1,3,4,6,False,31,2,148,660,6.6,0
265,14,1,3,4,5,False,31,4,200,1224,12.24,0
266,14,1,3,4,4,False,31,7,136,1928,19.28,0
267,14,1,3,4,12,True,31,4,179,1203,12.03,0
268,14,1,3,4,13,True,31,7,113,1905,19.05,0
269,14,1,2,4,23,True,79,2,129,641,6.41,0
270,14,1,2,4,14,False,78,4,150,1174,11.74,0
271,14,1,2,4,21,True,78,4,127,1151,11.51,0
272,14,1,2,4,1,False,83,2,95,607,6.07,0
273,14,1,2,4,33,True,83,2,73,585,5.85,0
274,14,1,2,4,17,False,61,2,104,616,6.16,0
275,14,1,2,4,23,True,61,2,80,592,5.92,0
276,14,1,2,4,5,False,227,2,242,754,7.54,0
277,14,1,2,4,20,True,227,2,222,734,7.34,0
278,14,1,2,4,33,False,88,4,18,1042,10.42,0
279,14,1,2,4,21,True,88,3,253,1021,10.21,0
280,14,1,2,4,17,False,150,2,20,532,5.32,0
281,14,1,2,4,18,False,150,2,238,750,7.5,0
282,14,1,2,4,21,True,149,2,219,731,7.31,0
283,14,1,2,4,14,False,228,2,96,608,6.08,0
284,14,1,2,4,9,True,227,2,74,586,5.86,0
285,14,1,0,4,20,False,90,5,66,1346,13.46,0
286,14,1,0,4,9,True,90,5,47,1327,13.27,0
287,14,1,2,4,30,False,133,1,229,485,4.85,0
288,14,1,2,4,19,True,133,1,210,466,4.66,0
289,14,1,2,4,22,True,99,2,114,626,6.26,0
290,14,1,2,4,16,False,99,5,38,1318,13.18,0
291,14,1,2,4,23,True,99,5,17,1297,12.97,0
292,14,1,2,4,20,False,169,3,187,955,9.55,0
293,14,1,2,4,21,True,169,3,166,934,9.34,0
294,14,1,2,4,6,False,238,7,64,1856,18.56,0
295,14,1,2,4,6,True,238,7,46,1838,18.38,0
296,14,1,2,4,30,False,81,3,69,837,8.37,0
297,14,1,2,4,32,True,81,3,51,819,8.19,0
298,14,1,2,4,23,False,179,2,123,635,6.35,0
299,14,1,2,4,18,True,179,2,105,617,6.17,0
300,14,1,2,4,15,False,144,2,237,749,7.49,0
301,14,1,2,4,18,True,144,2,215,727,7.27,0
302,14,1,2,4,17,False,89,1,244,500,5.0,0
303,14,1,2,4,18,False,89,3,132,900,9.0,0
304,14,1,2,4,24,True,89,3,112,880,8.8,0
305,14,1,2,4,26,True,89,1,222,478,4.78,0
306,14,1,2,4,16,False,21,2,180,692,6.92,0
307,14,1,2,4,15,True,21,2,161,673,6.73,0
308,14,1,2,4,24,False,246,1,211,467,4.67,0
309,14,1,2,4,22,True,246,1,190,446,4.46,0
310,14,1,3,4,15,False,200,8,34,2082,20.82,0
311,14,1,3,4,17,True,200,8,13,2061,20.61,0
312,14,1,3,4,11,False,137,2,54,566,5.66,0
313,14,1,3,4,3,True,137,2,34,546,5.46,0
314,14,1,3,4,30,False,158,3,167,935,9.35,0
315,14,1,3,4,19,True,158,3,145,913,9.13,0
316,14,1,2,4,18,False,255,4,13,1037,10.37,0
317,14,1,2,4,25,True,255,3,251,1019,10.19,0
318,14,1,3,4,32,False,89,4,88,1112,11.12,0
319,14,1,3,4,6,True,89,4,67,1091,10.91,0
320,14,1,0,4,29,False,236,2,222,734,7.34,0
321,14,1,0,4,20,True,236,2,205,717,7.17,0
322,14,1,0,4,22,False,82,4,129,1153,11.53,0
323,14,1,0,4,32,True,82,4,114,1138,11.38,0
324,14,1,2,4,22,False,194,2,130,642,6.42,0
325,14,1,2,4,27,True,194,2,109,621,6.21,0
326,14,1,2,4,15,False,163,2,151,663,6.63,0
327,14,1,2,4,33,True,163,2,130,642,6.42,0
328,14,1,2,4,21,False,216,3,216,984,9.84,0
329,14,1,2,4,22,True,216,3,198,966,9.66,0
330,14,1,2,4,4,False,51,3,31,799,7.99,0
331,14,1,2,4,25,True,51,3,14,782,7.82,0
332,14,1,2,4,25,False,7,4,56,1080,10.8,0
333,14,1,2,4,14,True,7,4,37,1061,10.61,0
334,14,1,2,4,22,False,150,3,89,857,8.57,0
335,14,1,2,4,27,True,150,3,68,836,8.36,0
336,14,1,0,4,31,False,177,4,142,1166,11.66,0
337,14,1,0,4,20,True,177,4,125,1149,11.49,0
338,14,1,2,4,30,False,77,3,12,780,7.8,0
339,14,1,2,4,11,True,77,2,250,762,7.62,0
340,14,1,3,4,23,False,89,2,76,588,5.88,0
341,14,1,3,4,20,False,87,4,14,1038,10.38,0
342,14,1,3,4,11,True,87,3,252,1020,10.2,0
343,14,1,3,4,12,True,89,2,53,565,5.65,0
344,14,1,2,4,19,False,73,3,192,960,9.6,0
345,14,1,2,4,20,False,73,4,141,1165,11.65,0
346,14,1,2,4,13,True,73,3,173,941,9.41,0
347,14,1,2,4,14,True,73,4,119,1143,11.43,0
348,14,1,0,4,15,False,85,4,122,1146,11.46,0
349,14,1,0,4,19,True,85,4,102,1126,11.26,0
350,14,1,2,4,20,False,162,3,214,982,9.82,0
351,14,1,2,4,21,False,163,3,65,833,8.33,0
352,14,1,2,4,22,True,162,3,193,961,9.61,0
353,14,1,2,4,18,False,103,4,20,1044,10.44,0
354,14,1,2,4,8,True,103,4,1,1025,10.25,0
355,14,1,2,4,17,False,220,3,138,906,9.06,0
356,14,1,2,4,18,True,220,3,115,883,8.83,0
357,14,1,3,4,16,False,48,4,218,1242,12.42,0
358,14,1,3,4,10,True,48,4,196,1220,12.2,0
359,14,1,3,4,4,True,90,1,195,451,4.51,0
360,14,1,3,4,12,False,89,5,28,1308,13.08,0
361,14,1,3,4,3,True,89,5,7,1287,12.87,0
362,14,1,2,4,29,False,198,3,127,895,8.95,0
363,14,1,2,4,30,True,198,3,108,876,8.76,0
364,14,1,2,4,25,False,179,1,244,500,5.0,0
365,14,1,2,4,33,True,179,1,224,480,4.8,0
366,14,1,2,4,31,False,69,2,108,620,6.2,0
367,14,1,2,4,3,True,69,2,90,602,6.02,0
368,14,1,2,4,25,False,1,2,53,565,5.65,0
369,14,1,2,4,20,True,1,2,34,546,5.46,0
370,14,1,2,4,1,False,183,3,61,829,8.29,0
371,14,1,2,4,28,True,183,3,39,807,8.07,0
372,14,-1,-1,-1,-1,True,-1,-1,-1,-1,-1.0,-1
0,15,-1,-1,-1,-1,True,-1,-1,-1,-1,-1.0,-1
1,15,-1,-1,-1,-1,True,-1,-1,-1,-1,-1.0,-1
2,15,-1,-1,-1,-1,True,-1,-1,-1,-1,-1.0,-1
3,15,-1,-1,-1,-1,True,-1,-1,-1,-1,-1.0,-1
4,15,1,2,4,3,False,132,4,212,1236,12.36,0
5,15,1,2,4,4,False,129,2,130,642,6.42,0
6,15,1,2,4,26,True,129,4,218,1242,12.42,0
7,15,1,2,4,28,False,216,4,192,1216,12.16,0
8,15,1,2,4,11,True,216,4,175,1199,11.99,0
9,15,1,2,4,31,False,246,5,42,1322,13.22,0
10,15,1,2,4,26,True,246,5,22,1302,13.02,0
11,15,1,3,4,27,False,169,3,101,869,8.69,0
12,15,1,3,4,7,True,169,3,83,851,8.51,0
13,15,1,2,4,18,False,88,3,129,897,8.97,0
14,15,1,2,4,19,True,88,3,109,877,8.77,0
15,15,1,1,4,29,False,32,2,54,566,5.66,0
16,15,1,1,4,16,True,32,2,36,548,5.48,0
17,15,1,0,4,20,False,81,2,84,596,5.96,0
18,15,1,0,4,7,True,81,2,67,579,5.79,0
19,15,1,2,4,14,False,190,3,250,1018,10.18,0
20,15,1,2,4,17,True,190,3,227,995,9.95,0
21,15,1,2,4,7,True,171,1,96,352,3.52,0
22,15,1,2,4,2,False,166,3,179,947,9.47,0
23,15,1,2,4,6,True,166,3,156,924,9.24,0
24,15,1,2,4,23,False,166,2,13,525,5.25,0
25,15,1,2,4,22,False,164,5,147,1427,14.27,0
26,15,1,2,4,22,True,164,5,128,1408,14.08,0
27,15,1,2,4,3,False,2,2,217,729,7.29,0
28,15,1,2,4,15,True,2,2,196,708,7.08,0
29,15,1,2,4,18,False,11,6,82,1618,16.18,0
30,15,1,2,4,28,True,11,6,63,1599,15.99,0
31,15,1,2,4,11,False,6,15,4,3844,38.44,0
32,15,1,2,6,61,True,3,6,4,1540,15.4,64924
33,15,1,2,3,16,True,61,13,0,3328,33.28,0
34,15,1,0,4,17,False,18,3,31,799,7.99,0
35,15,1,2,4,29,True,26,3,9,777,7.77,0
36,15,1,2,4,1,False,44,1,214,470,4.7,0
37,15,1,2,4,2,False,37,3,231,999,9.99,0
38,15,1,2,4,28,True,37,3,211,979,9.79,0
39,15,1,2,4,29,True,44,1,191,447,4.47,0
40,15,1,2,4,1,False,20,2,147,659,6.59,0
41,15,1,2,4,32,True,20,2,125,637,6.37,0
42,15,1,2,4,21,False,34,3,192,960,9.6,0
43,15,1,2,4,24,True,33,3,174,942,9.42,0
44,15,1,2,4,26,False,207,2,58,570,5.7,0
45,15,1,2,4,9,True,207,2,39,551,5.51,0
46,15,1,2,4,10,True,210,1,70,326,3.26,0
47,15,1,1,4,30,False,75,4,124,1148,11.48,0
48,15,1,1,4,10,True,75,4,108,1132,11.32,0
49,15,1,2,4,7,False,154,7,233,2025,20.25,0
50,15,1,2,4,13,True,154,7,214,2006,20.06,0
51,15,1,2,4,20,False,41,3,18,786,7.86,0
52,15,1,2,4,14,True,41,2,253,765,7.65,0
53,15,1,3,4,8,False,19,5,15,1295,12.95,0
54,15,1,3,4,5,True,19,4,252,1276,12.76,0
55,15,1,2,4,24,False,120,3,166,934,9.34,0
56,15,1,2,4,31,True,120,3,146,914,9.14,0
57,15,1,1,4,22,False,229,3,22,790,7.9,0
58,15,1,1,4,5,True,229,3,4,772,7.72,0
59,15,1,0,4,15,False,136,3,165,933,9.33,0
60,15,1,0,4,24,True,136,3,146,914,9.14,0
61,15,1,0,4,27,False,92,3,68,836,8.36,0
62,15,1,0,4,12,True,92,3,51,819,8.19,0
63,15,1,2,4,17,False,189,1,211,467,4.67,0
64,15,1,2,4,26,True,189,1,189,445,4.45,0
65,15,1,2,4,14,False,67,3,58,826,8.26,0
66,15,1,2,4,22,True,67,3,36,804,8.04,0
67,15,1,1,4,9,False,4,3,16,784,7.84,0
68,15,1,1,4,16,True,4,2,252,764,7.64,0
69,15,1,2,4,26,False,73,4,42,1066,10.66,0
70,15,1,2,4,31,True,73,4,21,1045,10.45,0
71,15,1,2,4,9,True,68,1,54,310,3.1,0
72,15,1,2,4,28,False,62,3,188,956,9.56,0
73,15,1,2,4,8,True,62,3,171,939,9.39,0
74,15,1,2,4,33,False,38,2,104,616,6.16,0
75,15,1,2,4,4,True,38,2,84,596,5.96,0
76,15,1,3,4,32,False,217,5,19,1299,12.99,0
77,15,1,3,4,8,True,217,5,1,1281,12.81,0
78,15,1,2,4,23,False,159,1,193,449,4.49,0
79,15,1,2,4,22,True,159,1,173,429,4.29,0
80,15,1,2,4,14,False,76,3,36,804,8.04,0
81,15,1,2,4,31,True,75,3,13,781,7.81,0
82,15,1,2,4,6,False,137,0,117,117,1.17,0
83,15,1,2,4,30,True,198,0,98,98,0.98,0
84,15,1,2,4,21,False,211,1,143,399,3.99,0
85,15,1,2,4,6,True,211,1,126,382,3.82,0
86,15,1,2,4,16,False,207,3,12,780,7.8,0
87,15,1,2,4,13,True,207,2,249,761,7.61,0
88,15,1,2,4,29,False,99,1,12,268,2.68,0
89,15,1,2,4,21,True,99,0,250,250,2.5,0
90,15,1,2,4,21,False,255,3,166,934,9.34,0
91,15,1,2,4,30,True,255,3,148,916,9.16,0
92,15,1,3,4,24,False,2,4,89,1113,11.13,0
93,15,1,3,4,4,True,2,4,70,1094,10.94,0
94,15,1,2,4,14,False,202,3,108,876,8.76,0
95,15,1,2,4,23,True,202,3,84,852,8.52,0
96,15,1,2,4,26,False,161,2,214,726,7.26,0
97,15,1,2,4,5,True,161,2,196,708,7.08,0
98,15,1,2,4,20,False,132,2,64,576,5.76,0
99,15,1,2,4,14,True,132,2,43,555,5.55,0
100,15,1,2,4,6,False,245,4,208,1232,12.32,0
101,15,1,2,4,19,True,245,4,189,1213,12.13,0
102,15,1,2,4,6,False,51,1,100,356,3.56,0
103,15,1,2,4,9,True,51,1,82,338,3.38,0
104,15,1,2,4,20,False,95,1,178,434,4.34,0
105,15,1,2,4,26,True,95,1,158,414,4.14,0
106,15,1,2,4,23,False,179,4,63,1087,10.87,0
107,15,1,2,4,28,True,179,4,44,1068,10.68,0
108,15,1,2,4,28,False,190,2,236,748,7.48,0
109,15,1,2,4,21,True,190,2,218,730,7.3,0
110,15,1,2,5,62,True,2,10,4,2564,25.64,4
111,15,1,2,4,3,False,40,4,5,1029,10.29,0
112,15,1,2,4,2,False,201,4,143,1167,11.67,0
113,15,1,2,4,3,False,23,13,61,3389,33.89,0
114,15,1,0,4,22,False,18,1,121,377,3.77,0
115,15,1,2,4,17,True,98,1,101,357,3.57,0
116,15,1,2,4,28,True,110,0,167,167,1.67,0
117,15,1,2,4,27,False,102,2,252,764,7.64,0
118,15,1,2,4,27,True,150,2,233,745,7.45,0
119,15,1,2,4,26,False,100,1,2,258,2.58,0
120,15,1,2,4,25,False,90,3,222,990,9.9,0
121,15,1,2,4,24,True,90,3,201,969,9.69,0
122,15,1,3,4,0,False,254,9,131,2435,24.35,0
123,15,1,3,4,9,True,254,9,108,2412,24.12,0
124,15,1,2,4,18,False,145,3,22,790,7.9,0
125,15,1,2,4,20,True,145,3,1,769,7.69,0
126,15,1,3,4,19,True,250,2,113,625,6.25,0
127,15,1,3,4,3,False,249,4,241,1265,12.65,0
128,15,1,3,4,20,True,249,4,220,1244,12.44,0
129,15,1,2,4,26,False,84,6,9,1545,15.45,0
130,15,1,2,4,31,True,84,5,244,1524,15.24,0
131,15,1,2,4,8,False,222,2,246,758,7.58,0
132,15,1,2,4,7,True,222,2,222,734,7.34,0
133,15,1,2,4,24,False,240,3,53,821,8.21,0
134,15,1,2,4,28,True,240,3,32,800,8.0,0
135,15,1,2,4,2,False,77,2,115,627,6.27,0
136,15,1,2,4,25,True,77,2,95,607,6.07,0
137,15,1,2,4,4,False,208,2,212,724,7.24,0
138,15,1,2,4,27,True,208,2,194,706,7.06,0
139,15,1,2,4,16,False,72,2,254,766,7.66,0
140,15,1,2,4,21,True,72,2,236,748,7.48,0
141,15,1,2,4,8,False,245,3,128,896,8.96,0
142,15,1,2,4,11,True,245,3,104,872,8.72,0
143,15,1,2,4,5,False,183,2,249,761,7.61,0
144,15,1,2,4,26,True,183,2,232,744,7.44,0
145,15,1,3,4,27,False,189,4,98,1122,11.22,0
146,15,1,3,4,19,True,189,4,79,1103,11.03,0
147,15,1,2,4,14,False,65,4,157,1181,11.81,0
148,15,1,2,4,6,True,65,3,213,981,9.81,0
149,15,1,2,4,7,True,65,4,131,1155,11.55,0
150,15,1,2,4,23,False,128,3,253,1021,10.21,0
151,15,1,2,4,31,True,128,3,232,1000,10.0,0
152,15,1,2,4,28,False,194,2,203,715,7.15,0
153,15,1,2,4,29,False,195,4,150,1174,11.74,0
154,15,1,2,4,20,True,195,4,131,1155,11.55,0
155,15,1,2,4,21,True,194,2,185,697,6.97,0
156,15,1,2,5,2,True,2,9,4,2308,23.08,2
157,15,1,2,7,3,False,122,4,143,1167,11.67,6554559
158,15,1,2,4,18,False,235,4,104,1128,11.28,0
159,15,1,2,4,29,True,235,4,84,1108,11.08,0
160,15,1,1,4,29,False,43,0,80,80,0.8,0
161,15,1,1,4,16,True,43,0,62,62,0.62,0
162,15,1,2,4,4,False,185,0,163,163,1.63,0
163,15,1,2,4,30,True,185,0,146,146,1.46,0
164,15,1,2,4,0,False,181,5,118,1398,13.98,0
165,15,1,2,4,8,True,181,5,99,1379,13.79,0
166,15,1,2,4,24,False,242,3,130,898,8.98,0
167,15,1,2,4,31,True,242,3,110,878,8.78,0
168,15,1,2,4,2,False,180,2,25,537,5.37,0
169,15,1,2,4,21,True,179,2,4,516,5.16,0
170,15,1,2,4,31,False,151,2,129,641,6.41,0
171,15,1,2,4,33,True,151,2,108,620,6.2,0
172,15,1,1,4,3,False,207,2,249,761,7.61,0
173,15,1,1,4,25,True,207,2,231,743,7.43,0
174,15,1,2,4,27,False,86,3,163,931,9.31,0
175,15,1,2,4,26,True,86,3,143,911,9.11,0
176,15,1,2,4,17,False,234,2,17,529,5.29,0
177,15,1,2,4,19,True,234,1,250,506,5.06,0
178,15,1,2,4,0,False,114,4,24,1048,10.48,0
179,15,1,2,4,18,True,113,4,4,1028,10.28,0
180,15,1,2,4,3,False,184,2,252,764,7.64,0
181,15,1,2,4,32,True,184,2,231,743,7.43,0
182,15,1,2,4,23,False,252,1,119,375,3.75,0
183,15,1,2,4,24,True,252,1,99,355,3.55,0
184,15,1,2,4,15,False,247,2,154,666,6.66,0
185,15,1,2,4,20,True,247,2,131,643,6.43,0
186,15,1,2,4,28,False,80,3,142,910,9.1,0
187,15,1,2,4,27,True,80,3,122,890,8.9,0
188,15,1,2,4,11,False,22,2,54,566,5.66,0
189,15,1,2,4,12,True,22,2,34,546,5.46,0
190,15,1,2,4,32,False,92,5,63,1343,13.43,0
191,15,1,2,4,33,True,92,5,42,1322,13.22,0
192,15,1,0,4,33,False,163,4,124,1148,11.48,0
193,15,1,0,4,24,True,163,4,107,1131,11.31,0
194,15,1,2,4,14,False,153,2,128,640,6.4,0
195,15,1,2,4,15,False,152,3,210,978,9.78,0
196,15,1,2,4,29,True,152,3,189,957,9.57,0
197,15,1,2,4,30,True,153,2,106,618,6.18,0
198,15,1,2,4,29,False,144,1,209,465,4.65,0
199,15,1,2,4,20,True,144,1,190,446,4.46,0
200,15,1,2,4,19,False,63,3,254,1022,10.22,0
201,15,1,2,4,22,True,63,3,234,1002,10.02,0
202,15,1,2,4,32,False,207,3,72,840,8.4,0
203,15,1,2,4,24,True,206,3,50,818,8.18,0
204,15,1,2,4,3,False,10,1,180,436,4.36,0
205,15,1,2,4,33,True,10,1,159,415,4.15,0
206,15,1,2,4,10,False,24,0,92,92,0.92,0
207,15,1,2,4,11,False,15,4,198,1222,12.22,0
208,15,1,2,4,8,True,15,4,179,1203,12.03,0
209,15,1,2,4,26,False,178,4,30,1054,10.54,0
210,15,1,2,4,31,True,178,4,10,1034,10.34,0
211,15,1,2,4,28,False,35,3,32,800,8.0,0
212,15,1,2,4,18,True,35,3,15,783,7.83,0
213,15,1,2,4,26,False,186,4,15,1039,10.39,0
214,15,1,2,4,19,True,186,3,250,1018,10.18,0
215,15,1,2,4,18,False,108,3,244,1012,10.12,0
216,15,1,2,4,19,False,110,3,110,878,8.78,0
217,15,1,2,4,3,True,108,3,225,993,9.93,0
218,15,1,2,4,27,False,249,4,162,1186,11.86,0
219,15,1,2,4,32,True,249,4,141,1165,11.65,0
220,15,1,2,4,33,True,249,4,0,1024,10.24,0
221,15,1,2,4,25,False,156,6,3,1539,15.39,0
222,15,1,2,4,32,True,156,5,240,1520,15.2,0
223,15,1,2,4,15,False,239,4,190,1214,12.14,0
224,15,1,2,4,16,True,239,4,168,1192,11.92,0
225,15,1,2,4,15,False,124,2,97,609,6.09,0
226,15,1,2,4,32,True,124,2,77,589,5.89,0
227,15,1,3,4,14,False,161,2,231,743,7.43,0
228,15,1,3,4,22,True,161,2,208,720,7.2,0
229,15,1,2,4,15,False,119,2,245,757,7.57,0
230,15,1,2,4,32,True,119,2,225,737,7.37,0
231,15,1,2,4,0,False,121,3,214,982,9.82,0
232,15,1,2,4,9,True,121,3,195,963,9.63,0
233,15,1,2,4,1,False,63,2,151,663,6.63,0
234,15,1,2,4,27,True,63,2,128,640,6.4,0
235,15,1,2,4,17,False,162,2,128,640,6.4,0
236,15,1,2,4,23,True,162,2,104,616,6.16,0
237,15,1,3,4,8,False,214,2,140,652,6.52,0
238,15,1,3,4,3,True,214,2,120,632,6.32,0
239,15,1,2,4,16,False,13,3,176,944,9.44,0
240,15,1,2,4,25,True,13,3,159,927,9.27,0
241,15,1,2,4,15,False,9,3,53,821,8.21,0
242,15,1,2,4,33,True,9,3,32,800,8.0,0
243,15,1,2,4,14,False,50,2,35,547,5.47,0
244,15,1,2,4,19,True,50,2,13,525,5.25,0
245,15,1,2,4,12,False,176,1,223,479,4.79,0
246,15,1,2,4,11,True,176,1,203,459,4.59,0
247,15,1,2,4,3,False,125,2,64,576,5.76,0
248,15,1,2,4,27,True,125,2,42,554,5.54,0
249,15,1,2,4,25,False,244,3,118,886,8.86,0
250,15,1,2,4,20,True,244,3,98,866,8.66,0
251,15,1,2,4,22,False,65,2,42,554,5.54,0
252,15,1,2,4,23,True,65,2,20,532,5.32,0
253,15,1,2,4,9,False,239,1,64,320,3.2,0
254,15,1,2,4,10,False,249,0,196,196,1.96,0
255,15,1,3,4,12,False,233,4,97,1121,11.21,0
256,15,1,2,4,12,True,239,1,42,298,2.98,0
257,15,1,3,4,11,False,232,6,161,1697,16.97,0
258,15,1,3,4,4,False,78,12,137,3209,32.09,0
259,15,1,29,0,0,False,0,0,0,0,0.0,0
260,15,1,0,6,13,True,61,13,61,3389,33.89,15677
261,15,1,0,4,25,False,179,4,159,1183,11.83,0
262,15,1,0,4,25,True,179,4,143,1167,11.67,0
263,15,1,3,4,16,False,110,3,122,890,8.9,0
264,15,1,2,4,6,False,41,0,145,145,1.45,0
265,15,1,3,4,5,True,110,3,101,869,8.69,0
266,15,1,2,4,0,False,173,4,248,1272,12.72,0
267,15,1,2,4,14,False,111,6,247,1783,17.83,0
268,15,1,2,4,15,False,114,1,152,408,4.08,0
269,15,1,2,4,16,False,112,5,195,1475,14.75,0
270,15,1,2,4,17,False,232,7,113,1905,19.05,0
271,15,1,2,4,21,False,17,4,61,1085,10.85,0
272,15,1,2,4,22,False,191,4,114,1138,11.38,0
273,15,1,2,4,23,False,194,0,141,141,1.41,0
274,15,1,2,4,28,False,230,2,103,615,6.15,0
275,15,1,2,4,29,False,240,0,75,75,0.75,0
276,15,1,2,4,30,False,241,1,220,476,4.76,0
277,15,1,2,4,12,True,111,4,166,1190,11.9,0
278,15,1,2,4,16,True,41,0,124,124,1.24,0
279,15,1,2,4,17,True,86,2,36,548,5.48,0
280,15,1,2,4,21,True,172,7,58,1850,18.5,0
281,15,1,2,4,22,True,39,1,247,503,5.03,0
282,15,1,2,4,25,True,25,0,93,93,0.93,0
283,15,1,2,4,26,True,21,3,231,999,9.99,0
284,15,1,2,4,27,True,23,2,61,573,5.73,0
285,15,1,2,4,29,True,17,7,137,1929,19.29,0
286,15,1,2,4,32,True,240,4,150,1174,11.74,0
287,15,1,2,4,33,True,241,1,202,458,4.58,0
288,15,1,2,4,25,False,95,4,199,1223,12.23,0
289,15,1,2,4,21,True,95,4,179,1203,12.03,0
290,15,1,3,4,22,False,6,2,236,748,7.48,0
291,15,1,3,4,5,True,6,2,217,729,7.29,0
292,15,1,0,4,27,False,209,4,192,1216,12.16,0
293,15,1,0,4,13,True,209,4,177,1201,12.01,0
294,15,1,0,4,2,False,25,5,230,1510,15.1,0
295,15,1,0,4,27,True,25,5,213,1493,14.93,0
296,15,1,2,4,30,False,97,3,183,951,9.51,0
297,15,1,2,4,17,True,97,3,165,933,9.33,0
298,15,1,2,4,2,False,159,4,179,1203,12.03,0
299,15,1,2,4,18,True,159,4,157,1181,11.81,0
300,15,1,2,4,32,False,51,2,197,709,7.09,0
301,15,1,2,4,9,True,51,2,178,690,6.9,0
302,15,1,1,4,24,False,51,4,171,1195,11.95,0
303,15,1,1,4,11,True,51,4,155,1179,11.79,0
304,15,1,2,4,8,True,10,0,158,158,1.58,0
305,15,1,2,4,23,False,6,3,144,912,9.12,0
306,15,1,2,4,9,True,6,3,126,894,8.94,0
307,15,1,3,4,6,False,116,2,66,578,5.78,0
308,15,1,3,4,9,True,116,2,48,560,5.6,0
309,15,1,2,4,6,False,220,1,72,328,3.28,0
310,15,1,2,4,23,True,220,1,51,307,3.07,0
311,15,1,3,4,3,False,154,2,167,679,6.79,0
312,15,1,3,4,3,True,154,2,147,659,6.59,0
313,15,1,2,4,29,False,143,2,221,733,7.33,0
314,15,1,2,4,5,True,143,2,204,716,7.16,0
315,15,1,2,4,8,True,144,2,145,657,6.57,0
316,15,1,2,4,31,False,196,2,97,609,6.09,0
317,15,1,2,4,16,True,196,2,77,589,5.89,0
318,15,1,0,4,14,False,251,5,135,1415,14.15,0
319,15,1,0,4,12,True,251,5,117,1397,13.97,0
320,15,1,2,4,4,False,119,3,227,995,9.95,0
321,15,1,2,4,5,False,118,4,7,1031,10.31,0
322,15,1,2,4,23,True,118,3,241,1009,10.09,0
323,15,1,2,4,24,True,119,3,208,976,9.76,0
324,15,1,2,4,12,True,82,1,246,502,5.02,0
325,15,1,2,4,28,False,80,5,82,1362,13.62,0
326,15,1,2,4,14,True,80,5,65,1345,13.45,0
327,15,1,2,4,26,False,197,1,121,377,3.77,0
328,15,1,2,4,27,False,249,4,239,1263,12.63,0
329,15,1,2,4,7,True,195,4,221,1245,12.45,0
330,15,1,2,4,9,True,196,1,102,358,3.58,0
331,15,1,2,4,28,True,31,1,79,335,3.35,0
332,15,1,2,4,25,False,26,4,54,1078,10.78,0
333,15,1,2,4,26,False,26,5,134,1414,14.14,0
334,15,1,2,4,27,True,26,5,113,1393,13.93,0
335,15,1,2,4,0,False,85,0,213,213,2.13,0
336,15,1,2,4,1,False,78,1,186,442,4.42,0
337,15,1,2,4,15,True,78,1,163,419,4.19,0
338,15,1,2,4,21,False,197,4,16,1040,10.4,0
339,15,1,2,4,23,True,197,3,253,1021,10.21,0
340,15,1,2,4,29,False,112,1,14,270,2.7,0
341,15,1,2,4,9,True,112,0,253,253,2.53,0
342,15,1,2,4,23,False,49,6,8,1544,15.44,0
343,15,1,2,4,29,True,49,5,244,1524,15.24,0
344,15,1,2,4,3,False,218,3,139,907,9.07,0
345,15,1,2,4,25,True,218,3,119,887,8.87,0
346,15,1,3,4,29,False,14,3,51,819,8.19,0
347,15,1,3,4,4,True,14,3,30,798,7.98,0
348,15,1,2,4,7,True,111,2,105,617,6.17,0
349,15,1,2,4,5,False,111,4,136,1160,11.6,0
350,15,1,2,4,6,True,111,4,116,1140,11.4,0
351,15,1,3,4,13,False,80,3,205,973,9.73,0
352,15,1,3,4,3,True,80,3,185,953,9.53,0
353,15,1,2,4,21,False,72,2,244,756,7.56,0
354,15,1,2,4,27,True,72,2,226,738,7.38,0
355,15,1,0,4,25,False,57,1,249,505,5.05,0
356,15,1,0,4,24,False,55,4,107,1131,11.31,0
357,15,1,0,4,26,False,56,3,50,818,8.18,0
358,15,1,0,4,19,True,56,3,31,799,7.99,0
359,15,1,0,4,20,True,55,4,91,1115,11.15,0
360,15,1,2,4,23,False,48,1,88,344,3.44,0
361,15,1,2,4,18,True,47,1,69,325,3.25,0
362,15,1,2,4,29,False,96,3,40,808,8.08,0
363,15,1,2,4,10,True,96,3,22,790,7.9,0
364,15,1,2,4,15,False,67,1,226,482,4.82,0
365,15,1,2,4,18,True,67,1,204,460,4.6,0
366,15,1,3,4,22,False,249,4,189,1213,12.13,0
367,15,1,3,4,8,True,249,4,170,1194,11.94,0
368,15,1,3,4,9,True,250,3,128,896,8.96,0
369,15,1,2,4,22,False,76,3,8,776,7.76,0
370,15,1,2,4,11,True,76,2,244,756,7.56,0
371,15,1,0,4,22,False,71,3,199,967,9.67,0
372,15,1,0,4,29,True,71,3,183,951,9.51,0
373,15,1,2,4,27,False,48,0,242,242,2.42,0
374,15,1,2,4,15,True,48,0,223,223,2.23,0
375,15,-1,-1,-1,-1,True,-1,-1,-1,-1,-1.0,-1
0,16,-1,-1,-1,-1,True,-1,-1,-1,-1,-1.0,-1
1,16,-1,-1,-1,-1,True,-1,-1,-1,-1,-1.0,-1
2,16,-1,-1,-1,-1,True,-1,-1,-1,-1,-1.0,-1
3,16,-1,-1,-1,-1,True,-1,-1,-1,-1,-1.0,-1
4,16,-1,-1,-1,-1,True,-1,-1,-1,-1,-1.0,-1
5,16,1,2,4,21,False,252,2,136,648,6.48,0
6,16,1,2,4,23,True,252,0,189,189,1.89,0
7,16,1,2,4,24,True,252,2,118,630,6.3,0
8,16,1,2,4,19,False,93,6,16,1552,15.52,0
9,16,1,2,4,33,True,93,5,253,1533,15.33,0
10,16,1,2,4,28,False,148,5,105,1385,13.85,0
11,16,1,2,4,22,True,148,5,88,1368,13.68,0
12,16,1,2,4,27,False,201,2,6,518,5.18,0
13,16,1,2,4,28,True,201,1,244,500,5.0,0
14,16,1,1,4,22,False,146,1,128,384,3.84,0
15,16,1,1,4,5,True,145,1,111,367,3.67,0
16,16,1,2,4,15,False,169,2,191,703,7.03,0
17,16,1,2,4,20,True,169,2,169,681,6.81,0
18,16,1,2,4,20,False,221,1,208,464,4.64,0
19,16,1,2,4,25,True,221,1,187,443,4.43,0
20,16,1,3,4,22,False,7,1,205,461,4.61,0
21,16,1,3,4,20,False,5,4,17,1041,10.41,0
22,16,1,3,4,7,True,7,1,185,441,4.41,0
23,16,1,3,4,8,True,5,4,1,1025,10.25,0
24,16,1,2,4,17,False,223,2,161,673,6.73,0
25,16,1,2,4,16,False,222,5,15,1295,12.95,0
26,16,1,2,4,23,True,222,4,250,1274,12.74,0
27,16,1,2,4,24,False,129,2,126,638,6.38,0
28,16,1,2,4,20,True,129,2,105,617,6.17,0
29,16,1,2,4,15,False,188,1,1,257,2.57,0
30,16,1,2,4,25,True,188,0,237,237,2.37,0
31,16,1,2,4,29,False,31,3,137,905,9.05,0
32,16,1,2,4,20,True,31,3,117,885,8.85,0
33,16,1,2,4,21,True,31,3,46,814,8.14,0
34,16,1,3,4,11,False,244,5,143,1423,14.23,0
35,16,1,3,4,12,False,244,4,99,1123,11.23,0
36,16,1,3,4,11,True,244,4,77,1101,11.01,0
37,16,1,3,4,12,True,244,5,120,1400,14.0,0
38,16,1,3,4,7,False,37,3,167,935,9.35,0
39,16,1,3,4,4,True,14,3,143,911,9.11,0
40,16,1,2,4,14,False,26,1,225,481,4.81,0
41,16,1,2,4,11,True,26,1,202,458,4.58,0
42,16,1,3,4,28,False,104,2,144,656,6.56,0
43,16,1,3,4,4,True,104,2,121,633,6.33,0
44,16,1,2,4,14,False,149,2,176,688,6.88,0
45,16,1,2,4,28,True,149,2,154,666,6.66,0
46,16,1,2,4,32,False,155,1,61,317,3.17,0
47,16,1,2,4,32,True,155,1,43,299,2.99,0
48,16,1,2,4,31,False,22,2,139,651,6.51,0
49,16,1,2,4,32,False,22,2,121,633,6.33,0
50,16,1,2,4,31,True,22,2,121,633,6.33,0
51,16,1,2,4,19,False,196,4,120,1144,11.44,0
52,16,1,2,4,12,True,196,4,100,1124,11.24,0
53,16,1,2,4,15,False,232,1,211,467,4.67,0
54,16,1,2,4,11,True,232,1,189,445,4.45,0
55,16,1,2,4,32,False,200,1,248,504,5.04,0
56,16,1,2,4,11,True,200,1,228,484,4.84,0
57,16,1,2,4,17,True,182,0,83,83,0.83,0
58,16,1,2,4,27,False,178,2,159,671,6.71,0
59,16,1,2,4,16,True,178,2,139,651,6.51,0
60,16,1,0,4,22,False,42,2,245,757,7.57,0
61,16,1,0,4,26,True,42,2,229,741,7.41,0
62,16,1,2,4,2,False,148,2,40,552,5.52,0
63,16,1,2,4,15,True,148,2,18,530,5.3,0
64,16,1,0,4,31,False,137,2,238,750,7.5,0
65,16,1,0,4,11,True,137,2,222,734,7.34,0
66,16,1,2,4,23,False,17,3,134,902,9.02,0
67,16,1,2,4,32,True,17,3,116,884,8.84,0
68,16,1,0,4,26,False,56,4,241,1265,12.65,0
69,16,1,0,4,22,True,56,4,222,1246,12.46,0
70,16,1,2,4,17,False,244,1,216,472,4.72,0
71,16,1,2,4,25,True,244,1,195,451,4.51,0
72,16,1,3,4,32,False,140,5,64,1344,13.44,0
73,16,1,3,4,33,False,139,6,7,1543,15.43,0
74,16,1,3,4,20,True,140,5,43,1323,13.23,0
75,16,1,3,4,21,True,139,5,243,1523,15.23,0
76,16,1,3,4,33,False,123,3,55,823,8.23,0
77,16,1,3,4,5,True,123,3,34,802,8.02,0
78,16,1,3,4,13,False,100,5,225,1505,15.05,0
79,16,1,3,4,9,True,100,5,205,1485,14.85,0
80,16,1,2,4,25,False,37,3,41,809,8.09,0
81,16,1,2,4,9,True,37,3,22,790,7.9,0
82,16,1,1,4,22,False,188,1,90,346,3.46,0
83,16,1,1,4,5,True,188,1,72,328,3.28,0
84,16,1,2,4,30,False,146,3,148,916,9.16,0
85,16,1,2,4,25,True,147,3,125,893,8.93,0
86,16,1,2,4,26,True,146,2,176,688,6.88,0
87,16,1,2,4,0,False,58,3,215,983,9.83,0
88,16,1,2,4,30,True,58,3,197,965,9.65,0
89,16,1,2,4,30,False,28,2,73,585,5.85,0
90,16,1,2,4,19,True,28,2,55,567,5.67,0
91,16,1,2,4,18,False,63,1,93,349,3.49,0
92,16,1,2,4,21,True,63,1,75,331,3.31,0
93,16,1,2,4,16,False,117,1,185,441,4.41,0
94,16,1,2,4,19,True,117,1,165,421,4.21,0
95,16,1,2,4,32,False,148,2,131,643,6.43,0
96,16,1,2,4,18,True,147,2,111,623,6.23,0
97,16,1,2,4,14,False,137,2,165,677,6.77,0
98,16,1,2,4,16,True,137,2,140,652,6.52,0
99,16,1,3,4,27,False,254,4,249,1273,12.73,0
100,16,1,3,4,15,True,254,4,229,1253,12.53,0
101,16,1,2,4,31,False,214,3,27,795,7.95,0
102,16,1,2,4,7,True,214,3,9,777,7.77,0
103,16,1,2,4,25,False,100,1,181,437,4.37,0
104,16,1,2,4,26,True,100,1,162,418,4.18,0
105,16,1,2,4,15,True,220,2,54,566,5.66,0
106,16,1,2,4,20,False,219,7,55,1847,18.47,0
107,16,1,2,4,17,True,219,7,34,1826,18.26,0
108,16,1,2,4,24,False,121,2,226,738,7.38,0
109,16,1,2,4,23,False,118,4,191,1215,12.15,0
110,16,1,2,4,28,True,118,4,84,1108,11.08,0
111,16,1,2,4,29,True,119,4,161,1185,11.85,0
112,16,1,2,4,17,False,66,1,148,404,4.04,0
113,16,1,2,4,29,True,66,1,126,382,3.82,0
114,16,1,2,4,14,False,188,1,64,320,3.2,0
115,16,1,2,4,28,True,188,1,43,299,2.99,0
116,16,1,2,4,16,False,113,3,225,993,9.93,0
117,16,1,2,4,7,True,113,3,206,974,9.74,0
118,16,1,2,4,15,False,146,2,26,538,5.38,0
119,16,1,2,4,23,True,146,2,3,515,5.15,0
120,16,1,2,4,6,False,38,3,138,906,9.06,0
121,16,1,2,4,7,False,39,3,129,897,8.97,0
122,16,1,2,4,11,True,38,3,121,889,8.89,0
123,16,1,2,4,30,False,210,2,32,544,5.44,0
124,16,1,2,4,30,True,210,2,14,526,5.26,0
125,16,1,2,4,28,False,78,2,236,748,7.48,0
126,16,1,2,4,30,False,77,2,253,765,7.65,0
127,16,1,2,4,29,True,78,2,218,730,7.3,0
128,16,1,2,4,30,True,77,2,236,748,7.48,0
129,16,1,3,4,7,True,86,1,235,491,4.91,0
130,16,1,3,4,6,False,84,4,212,1236,12.36,0
131,16,1,3,4,8,True,84,4,194,1218,12.18,0
132,16,1,2,4,15,False,28,3,75,843,8.43,0
133,16,1,2,4,19,True,28,3,52,820,8.2,0
134,16,1,3,4,5,False,149,4,123,1147,11.47,0
135,16,1,3,4,11,True,149,4,102,1126,11.26,0
136,16,1,2,4,29,False,192,4,164,1188,11.88,0
137,16,1,2,4,13,True,192,4,145,1169,11.69,0
138,16,1,2,4,15,False,45,1,170,426,4.26,0
139,16,1,2,4,23,True,45,1,146,402,4.02,0
140,16,1,0,4,24,False,5,2,154,666,6.66,0
141,16,1,0,0,0,False,0,0,0,0,0.0,0
142,16,1,0,5,2,False,154,4,25,1049,10.49,255
143,16,1,0,6,31,False,4,9,254,2558,25.58,19462
144,16,1,0,4,29,False,171,1,206,462,4.62,0
145,16,1,0,4,3,True,171,1,191,447,4.47,0
146,16,1,3,4,20,False,252,5,146,1426,14.26,0
147,16,1,3,4,4,True,252,5,129,1409,14.09,0
148,16,1,3,4,28,False,244,3,193,961,9.61,0
149,16,1,3,4,12,True,244,3,169,937,9.37,0
150,16,1,2,4,26,False,207,1,46,302,3.02,0
151,16,1,2,4,25,True,207,1,27,283,2.83,0
152,16,1,0,4,1,False,21,2,60,572,5.72,0
153,16,1,0,4,16,True,21,2,41,553,5.53,0
154,16,1,2,4,3,False,48,0,227,227,2.27,0
155,16,1,2,4,20,True,48,0,206,206,2.06,0
156,16,1,2,4,30,False,90,3,93,861,8.61,0
157,16,1,2,4,7,True,90,3,75,843,8.43,0
158,16,1,0,4,24,False,140,2,218,730,7.3,0
159,16,1,0,4,31,True,140,2,202,714,7.14,0
160,16,1,2,4,20,False,152,2,154,666,6.66,0
161,16,1,2,4,25,True,152,2,133,645,6.45,0
162,16,1,2,4,24,False,55,3,123,891,8.91,0
163,16,1,2,4,21,True,55,3,102,870,8.7,0
164,16,1,2,4,21,False,104,2,239,751,7.51,0
165,16,1,2,4,31,True,104,2,221,733,7.33,0
166,16,1,2,4,17,False,201,3,169,937,9.37,0
167,16,1,2,4,33,True,201,3,147,915,9.15,0
168,16,1,2,4,17,False,254,2,26,538,5.38,0
169,16,1,2,4,22,True,254,2,3,515,5.15,0
170,16,1,1,4,15,False,224,2,220,732,7.32,0
171,16,1,1,4,18,True,224,2,201,713,7.13,0
172,16,1,2,4,17,False,221,3,152,920,9.2,0
173,16,1,2,4,25,True,221,3,131,899,8.99,0
174,16,1,2,4,28,False,101,1,153,409,4.09,0
175,16,1,2,4,27,True,101,1,134,390,3.9,0
176,16,1,2,4,31,False,204,3,160,928,9.28,0
177,16,1,2,4,29,True,204,3,140,908,9.08,0
178,16,1,2,4,32,False,98,5,74,1354,13.54,0
179,16,1,2,4,22,True,98,5,54,1334,13.34,0
180,16,1,2,4,19,False,144,2,192,704,7.04,0
181,16,1,2,4,11,True,144,2,173,685,6.85,0
182,16,1,3,4,5,False,134,2,176,688,6.88,0
183,16,1,3,4,24,True,134,2,157,669,6.69,0
184,16,1,2,4,16,False,107,7,155,1947,19.47,0
185,16,1,2,4,11,True,107,7,136,1928,19.28,0
186,16,1,0,4,32,False,190,3,138,906,9.06,0
187,16,1,0,4,4,True,190,3,122,890,8.9,0
188,16,1,2,4,22,False,135,2,171,683,6.83,0
189,16,1,2,4,29,True,135,2,151,663,6.63,0
190,16,1,2,4,20,False,56,2,226,738,7.38,0
191,16,1,2,4,21,False,54,2,211,723,7.23,0
192,16,1,2,4,12,True,54,2,227,739,7.39,0
193,16,1,2,4,20,False,180,3,17,785,7.85,0
194,16,1,2,4,21,True,180,2,251,763,7.63,0
195,16,1,2,4,16,False,187,2,160,672,6.72,0
196,16,1,2,4,21,True,187,2,141,653,6.53,0
197,16,1,0,4,28,False,148,4,194,1218,12.18,0
198,16,1,0,4,31,True,148,4,178,1202,12.02,0
199,16,1,2,4,12,False,89,2,215,727,7.27,0
200,16,1,2,4,13,False,89,3,115,883,8.83,0
201,16,1,2,4,10,True,89,3,93,861,8.61,0
202,16,1,2,4,11,True,89,2,195,707,7.07,0
203,16,1,1,4,17,False,255,4,144,1168,11.68,0
204,16,1,1,4,9,True,255,4,129,1153,11.53,0
205,16,1,2,4,7,False,62,3,21,789,7.89,0
206,16,1,2,4,6,False,61,6,4,1540,15.4,0
207,16,1,2,4,5,True,62,2,14,526,5.26,0
208,16,1,2,4,6,True,61,5,242,1522,15.22,0
209,16,1,2,4,20,False,47,5,72,1352,13.52,0
210,16,1,2,4,18,True,47,5,51,1331,13.31,0
211,16,1,2,4,7,False,214,4,39,1063,10.63,0
212,16,1,2,4,13,True,214,4,20,1044,10.44,0
213,16,1,1,4,16,False,217,5,55,1335,13.35,0
214,16,1,1,4,10,True,217,5,37,1317,13.17,0
215,16,1,2,4,19,False,17,3,90,858,8.58,0
216,16,1,2,4,6,True,17,3,71,839,8.39,0
217,16,1,2,4,17,False,244,3,107,875,8.75,0
218,16,1,2,4,17,True,244,3,88,856,8.56,0
219,16,1,2,4,2,False,9,2,135,647,6.47,0
220,16,1,2,4,28,True,9,2,114,626,6.26,0
221,16,1,0,4,28,False,253,5,176,1456,14.56,0
222,16,1,0,4,11,True,253,5,160,1440,14.4,0
223,16,1,3,4,20,False,200,1,68,324,3.24,0
224,16,1,3,4,19,True,200,1,50,306,3.06,0
225,16,1,2,4,26,False,54,1,197,453,4.53,0
226,16,1,2,4,19,True,54,1,177,433,4.33,0
227,16,1,2,4,23,False,13,2,22,534,5.34,0
228,16,1,2,4,24,False,13,2,21,533,5.33,0
229,16,1,2,4,22,True,13,1,255,511,5.11,0
230,16,1,2,4,23,True,13,2,4,516,5.16,0
231,16,1,3,4,3,False,254,7,11,1803,18.03,0
232,16,1,3,4,5,True,254,6,245,1781,17.81,0
233,16,1,2,4,26,False,205,2,252,764,7.64,0
234,16,1,2,4,28,True,205,2,232,744,7.44,0
235,16,1,2,4,15,False,99,1,250,506,5.06,0
236,16,1,2,4,15,True,99,1,231,487,4.87,0
237,16,1,0,4,28,False,198,5,35,1315,13.15,0
238,16,1,0,4,17,True,198,5,17,1297,12.97,0
239,16,1,2,4,15,False,20,3,174,942,9.42,0
240,16,1,2,4,22,True,20,3,153,921,9.21,0
241,16,1,2,4,20,False,196,4,225,1249,12.49,0
242,16,1,2,4,27,True,196,4,203,1227,12.27,0
243,16,1,2,4,16,True,192,1,14,270,2.7,0
244,16,1,2,4,6,False,190,3,57,825,8.25,0
245,16,1,2,4,15,True,190,3,38,806,8.06,0
246,16,1,3,4,31,False,72,4,126,1150,11.5,0
247,16,1,3,4,32,False,72,4,145,1169,11.69,0
248,16,1,3,4,9,True,72,4,125,1149,11.49,0
249,16,1,3,4,18,False,54,1,235,491,4.91,0
250,16,1,3,4,10,True,54,1,210,466,4.66,0
251,16,1,2,4,19,False,205,2,252,764,7.64,0
252,16,1,2,4,21,False,205,4,128,1152,11.52,0
253,16,1,2,4,7,True,205,4,111,1135,11.35,0
254,16,1,2,4,15,False,90,2,130,642,6.42,0
255,16,1,2,4,10,True,90,2,108,620,6.2,0
256,16,1,2,4,0,False,217,2,51,563,5.63,0
257,16,1,2,4,19,True,217,2,30,542,5.42,0
258,16,1,2,4,24,False,85,4,23,1047,10.47,0
259,16,1,2,4,18,True,84,4,2,1026,10.26,0
260,16,1,0,4,29,False,213,3,68,836,8.36,0
261,16,1,0,4,28,False,212,5,188,1468,14.68,0
262,16,1,0,4,14,True,212,5,170,1450,14.5,0
263,16,1,2,4,20,False,15,1,28,284,2.84,0
264,16,1,2,4,32,True,15,1,8,264,2.64,0
265,16,1,2,4,0,False,173,4,161,1185,11.85,0
266,16,1,2,4,18,True,173,4,140,1164,11.64,0
267,16,1,2,4,30,False,91,2,186,698,6.98,0
268,16,1,2,4,26,True,91,2,167,679,6.79,0
269,16,1,0,4,23,False,164,4,38,1062,10.62,0
270,16,1,0,4,4,True,164,4,23,1047,10.47,0
271,16,1,2,4,24,False,185,4,209,1233,12.33,0
272,16,1,2,4,21,True,185,4,189,1213,12.13,0
273,16,1,2,4,14,False,113,3,108,876,8.76,0
274,16,1,2,4,11,True,113,3,85,853,8.53,0
275,16,1,2,4,29,False,195,2,2,514,5.14,0
276,16,1,2,4,9,True,195,1,242,498,4.98,0
277,16,1,2,4,2,False,222,2,54,566,5.66,0
278,16,1,2,4,15,True,222,2,32,544,5.44,0
279,16,1,2,4,20,False,235,2,38,550,5.5,0
280,16,1,2,4,27,True,235,2,16,528,5.28,0
281,16,1,2,4,2,False,56,2,106,618,6.18,0
282,16,1,2,4,27,True,56,2,84,596,5.96,0
283,16,1,2,4,0,False,243,7,90,1882,18.82,0
284,16,1,2,4,12,True,243,7,70,1862,18.62,0
285,16,1,0,4,27,False,75,2,97,609,6.09,0
286,16,1,0,4,24,True,75,2,81,593,5.93,0
287,16,1,2,4,18,False,178,4,246,1270,12.7,0
288,16,1,2,4,25,True,178,4,228,1252,12.52,0
289,16,1,2,4,25,False,160,4,104,1128,11.28,0
290,16,1,2,4,26,False,159,3,166,934,9.34,0
291,16,1,2,4,14,True,159,4,91,1115,11.15,0
292,16,1,0,4,25,False,142,3,105,873,8.73,0
293,16,1,0,4,26,False,141,6,138,1674,16.74,0
294,16,1,0,4,28,True,16,6,118,1654,16.54,0
295,16,1,2,4,15,False,60,4,43,1067,10.67,0
296,16,1,2,4,16,True,60,4,21,1045,10.45,0
297,16,1,2,4,22,False,112,1,39,295,2.95,0
298,16,1,2,4,30,True,112,1,19,275,2.75,0
299,16,1,2,4,19,False,221,1,245,501,5.01,0
300,16,1,2,4,25,True,220,1,226,482,4.82,0
301,16,1,2,4,31,False,243,1,250,506,5.06,0
302,16,1,2,4,11,True,243,1,231,487,4.87,0
303,16,1,2,4,22,False,67,2,241,753,7.53,0
304,16,1,2,4,14,True,67,2,221,733,7.33,0
305,16,1,2,4,29,False,223,2,93,605,6.05,0
306,16,1,2,4,15,True,223,2,76,588,5.88,0
307,16,1,2,4,12,False,94,2,139,651,6.51,0
308,16,1,2,4,10,True,94,2,121,633,6.33,0
309,16,1,2,4,6,False,47,3,250,1018,10.18,0
310,16,1,2,4,17,True,47,3,230,998,9.98,0
311,16,1,2,4,17,False,53,2,168,680,6.8,0
312,16,1,2,4,10,True,53,2,147,659,6.59,0
313,16,1,3,4,30,False,39,3,84,852,8.52,0
314,16,1,3,4,21,True,39,3,62,830,8.3,0
315,16,1,2,4,14,False,109,2,107,619,6.19,0
316,16,1,2,4,26,True,109,2,86,598,5.98,0
317,16,1,2,4,22,False,57,4,209,1233,12.33,0
318,16,1,2,4,27,True,57,4,188,1212,12.12,0
319,16,1,0,4,23,False,186,3,39,807,8.07,0
320,16,1,0,4,15,True,188,2,98,610,6.1,0
321,16,1,0,4,16,True,186,3,22,790,7.9,0
322,16,1,2,4,27,False,111,5,139,1419,14.19,0
323,16,1,2,4,32,True,111,5,120,1400,14.0,0
324,16,1,2,4,0,False,243,4,151,1175,11.75,0
325,16,1,2,4,25,True,89,4,131,1155,11.55,0
326,16,1,2,4,21,False,23,2,45,557,5.57,0
327,16,1,2,4,16,True,23,2,26,538,5.38,0
328,16,1,2,4,21,False,245,3,88,856,8.56,0
329,16,1,2,4,27,True,245,3,70,838,8.38,0
330,16,1,2,4,20,False,152,5,104,1384,13.84,0
331,16,1,2,4,22,False,151,4,80,1104,11.04,0
332,16,1,2,4,16,True,151,4,58,1082,10.82,0
333,16,1,2,4,18,True,152,5,82,1362,13.62,0
334,16,1,1,4,16,False,74,1,215,471,4.71,0
335,16,1,1,4,3,True,74,1,196,452,4.52,0
336,16,1,2,4,30,False,114,1,94,350,3.5,0
337,16,1,2,4,4,True,114,1,76,332,3.32,0
338,16,1,2,4,25,False,74,3,190,958,9.58,0
339,16,1,2,4,31,True,74,3,168,936,9.36,0
340,16,1,2,4,17,False,162,1,134,390,3.9,0
341,16,1,2,4,19,True,162,1,111,367,3.67,0
342,16,1,2,3,34,True,1,15,0,3840,38.4,0
343,16,1,2,4,24,False,228,4,57,1081,10.81,0
344,16,1,2,4,20,True,228,2,200,712,7.12,0
345,16,1,2,4,21,True,228,4,37,1061,10.61,0
346,16,1,3,4,13,False,177,2,154,666,6.66,0
347,16,1,3,4,4,True,177,2,134,646,6.46,0
348,16,1,3,4,12,False,176,6,126,1662,16.62,0
349,16,1,3,4,5,True,176,6,106,1642,16.42,0
350,16,1,2,4,9,False,191,4,46,1070,10.7,0
351,16,1,2,4,12,True,191,4,25,1049,10.49,0
352,16,1,2,4,7,False,58,3,167,935,9.35,0
353,16,1,2,4,4,True,58,3,149,917,9.17,0
354,16,1,2,4,23,False,70,3,26,794,7.94,0
355,16,1,2,4,26,True,70,3,7,775,7.75,0
356,16,1,2,4,6,False,195,5,177,1457,14.57,0
357,16,1,2,4,17,True,195,5,157,1437,14.37,0
358,16,1,2,4,19,False,227,2,188,700,7.0,0
359,16,1,2,4,28,True,227,2,171,683,6.83,0
360,16,1,0,4,23,False,163,5,26,1306,13.06,0
361,16,1,0,4,29,True,163,5,11,1291,12.91,0
362,16,1,2,4,28,False,69,3,157,925,9.25,0
363,16,1,2,4,11,True,69,3,140,908,9.08,0
364,16,1,2,4,16,False,10,3,205,973,9.73,0
365,16,1,2,4,14,True,10,3,186,954,9.54,0
366,16,1,2,4,15,True,10,3,32,800,8.0,0
367,16,1,2,4,20,False,185,3,15,783,7.83,0
368,16,1,2,4,9,True,185,2,251,763,7.63,0
369,16,1,2,4,16,False,233,4,116,1140,11.4,0
370,16,1,2,4,26,True,233,4,98,1122,11.22,0
371,16,1,2,4,14,False,162,2,169,681,6.81,0
372,16,1,2,4,16,True,162,2,146,658,6.58,0
373,16,1,2,4,6,False,121,3,208,976,9.76,0
374,16,1,2,4,29,True,121,3,189,957,9.57,0
375,16,1,2,4,20,False,245,2,209,721,7.21,0
376,16,1,2,4,25,True,245,2,187,699,6.99,0
0,17,-1,-1,-1,-1,True,-1,-1,-1,-1,-1.0,-1
1,17,1,2,4,21,False,228,1,19,275,2.75,0
2,17,1,2,4,21,True,228,1,3,259,2.59,0
3,17,1,2,4,17,False,58,4,168,1192,11.92,0
4,17,1,2,4,32,True,58,4,147,1171,11.71,0
5,17,1,2,4,33,True,59,4,97,1121,11.21,0
6,17,1,2,4,1,False,46,1,162,418,4.18,0
7,17,1,2,4,12,True,46,1,138,394,3.94,0
8,17,1,2,4,32,False,74,2,69,581,5.81,0
9,17,1,2,4,8,True,73,2,50,562,5.62,0
10,17,1,3,4,32,False,171,3,206,974,9.74,0
11,17,1,3,4,33,True,171,3,187,955,9.55,0
12,17,1,2,4,20,False,97,2,213,725,7.25,0
13,17,1,2,4,27,True,97,2,191,703,7.03,0
14,17,1,3,4,31,False,121,1,49,305,3.05,0
15,17,1,3,4,25,True,121,1,25,281,2.81,0
16,17,1,2,4,19,False,55,1,140,396,3.96,0
17,17,1,2,4,22,True,55,1,120,376,3.76,0
18,17,1,2,4,21,False,208,2,166,678,6.78,0
19,17,1,2,4,21,True,208,2,151,663,6.63,0
20,17,1,2,4,15,False,190,3,252,1020,10.2,0
21,17,1,2,4,26,True,189,3,233,1001,10.01,0
22,17,1,2,4,19,False,238,3,184,952,9.52,0
23,17,1,2,4,19,True,238,3,167,935,9.35,0
24,17,1,2,4,11,False,118,3,218,986,9.86,0
25,17,1,2,4,12,True,118,3,198,966,9.66,0
26,17,1,3,4,18,False,172,3,174,942,9.42,0
27,17,1,3,4,17,True,172,3,151,919,9.19,0
28,17,1,2,4,16,False,37,2,109,621,6.21,0
29,17,1,2,4,32,True,37,2,91,603,6.03,0
30,17,1,2,4,23,False,186,4,73,1097,10.97,0
31,17,1,2,4,24,True,185,4,53,1077,10.77,0
32,17,1,2,4,18,False,20,3,135,903,9.03,0
33,17,1,2,4,13,True,20,3,116,884,8.84,0
34,17,1,2,4,23,False,37,3,252,1020,10.2,0
35,17,1,2,4,28,True,37,3,233,1001,10.01,0
36,17,1,2,4,31,False,211,1,246,502,5.02,0
37,17,1,2,4,31,True,211,1,228,484,4.84,0
38,17,1,2,4,25,False,187,3,80,848,8.48,0
39,17,1,2,4,26,False,188,5,30,1310,13.1,0
40,17,1,2,4,26,True,187,5,22,1302,13.02,0
41,17,1,2,4,18,False,37,1,223,479,4.79,0
42,17,1,2,4,21,True,37,1,204,460,4.6,0
43,17,1,2,4,21,False,236,2,46,558,5.58,0
44,17,1,2,4,22,True,236,2,27,539,5.39,0
45,17,1,2,4,26,False,33,6,9,1545,15.45,0
46,17,1,2,4,11,True,33,5,245,1525,15.25,0
47,17,1,2,4,32,False,244,4,97,1121,11.21,0
48,17,1,2,4,28,True,244,4,77,1101,11.01,0
49,17,1,2,4,17,False,151,2,99,611,6.11,0
50,17,1,2,4,12,True,151,2,76,588,5.88,0
51,17,1,2,4,22,False,248,1,150,406,4.06,0
52,17,1,2,4,24,False,246,1,171,427,4.27,0
53,17,1,2,4,15,True,246,1,151,407,4.07,0
54,17,1,2,4,27,False,132,3,33,801,8.01,0
55,17,1,2,4,29,True,132,3,13,781,7.81,0
56,17,1,3,4,33,False,199,5,20,1300,13.0,0
57,17,1,3,4,17,True,199,5,0,1280,12.8,0
58,17,1,2,4,18,True,244,3,50,818,8.18,0
59,17,1,2,4,22,False,244,4,206,1230,12.3,0
60,17,1,2,4,17,True,244,4,186,1210,12.1,0
61,17,1,2,4,22,False,156,2,64,576,5.76,0
62,17,1,2,4,17,True,156,2,44,556,5.56,0
63,17,1,2,4,29,False,76,0,230,230,2.3,0
64,17,1,2,4,18,True,76,0,211,211,2.11,0
65,17,1,2,4,3,False,20,4,9,1033,10.33,0
66,17,1,2,4,21,True,20,3,245,1013,10.13,0
67,17,1,2,4,32,False,79,0,110,110,1.1,0
68,17,1,2,4,31,False,71,3,32,800,8.0,0
69,17,1,2,4,10,True,71,3,14,782,7.82,0
70,17,1,1,4,18,False,135,1,185,441,4.41,0
71,17,1,1,4,19,False,133,3,99,867,8.67,0
72,17,1,1,4,20,False,134,2,145,657,6.57,0
73,17,1,1,4,24,True,134,2,123,635,6.35,0
74,17,1,1,4,25,True,133,3,81,849,8.49,0
75,17,1,2,4,20,False,104,3,31,799,7.99,0
76,17,1,2,4,32,True,104,3,11,779,7.79,0
77,17,1,2,4,20,False,110,2,160,672,6.72,0
78,17,1,2,4,33,True,110,2,139,651,6.51,0
79,17,1,2,4,23,False,43,2,41,553,5.53,0
80,17,1,2,4,27,True,43,2,21,533,5.33,0
81,17,1,2,4,23,False,57,4,109,1133,11.33,0
82,17,1,2,4,30,True,57,4,90,1114,11.14,0
83,17,1,1,4,29,False,225,4,40,1064,10.64,0
84,17,1,1,4,7,True,225,4,22,1046,10.46,0
85,17,1,3,4,6,True,139,2,215,727,7.27,0
86,17,1,3,6,11,True,2,7,4,1796,17.96,35348
87,17,1,3,6,10,False,4,7,138,1930,19.3,63493
88,17,1,2,4,22,False,158,2,202,714,7.14,0
89,17,1,2,4,21,False,159,4,106,1130,11.3,0
90,17,1,2,4,18,True,159,4,88,1112,11.12,0
91,17,1,2,4,19,True,158,2,181,693,6.93,0
92,17,1,2,4,5,False,221,2,175,687,6.87,0
93,17,1,2,4,3,False,219,4,216,1240,12.4,0
94,17,1,2,4,14,True,219,4,195,1219,12.19,0
95,17,1,2,4,17,True,221,2,155,667,6.67,0
96,17,1,3,4,13,False,224,5,44,1324,13.24,0
97,17,1,3,4,14,False,225,3,218,986,9.86,0
98,17,1,3,4,22,True,224,5,22,1302,13.02,0
99,17,1,2,4,30,False,225,1,148,404,4.04,0
100,17,1,2,4,19,True,225,1,129,385,3.85,0
101,17,1,0,4,28,False,88,2,2,514,5.14,0
102,17,1,0,4,27,False,87,5,11,1291,12.91,0
103,17,1,0,4,26,False,87,7,41,1833,18.33,0
104,17,1,0,4,28,True,87,7,21,1813,18.13,0
105,17,1,0,4,29,True,87,4,250,1274,12.74,0
106,17,1,0,4,30,True,88,1,240,496,4.96,0
107,17,1,0,4,33,False,237,1,21,277,2.77,0
108,17,1,0,4,11,True,237,1,3,259,2.59,0
109,17,1,2,3,33,True,1,1,0,256,2.56,0
110,17,1,2,4,18,False,118,4,95,1119,11.19,0
111,17,1,2,4,7,True,118,4,77,1101,11.01,0
112,17,1,2,4,17,False,254,2,1,513,5.13,0
113,17,1,2,4,14,True,254,1,234,490,4.9,0
114,17,1,3,4,1,False,167,4,254,1278,12.78,0
115,17,1,3,4,16,True,167,4,232,1256,12.56,0
116,17,1,1,4,15,False,198,3,158,926,9.26,0
117,17,1,1,4,9,True,198,3,140,908,9.08,0
118,17,1,0,4,2,False,116,2,98,610,6.1,0
119,17,1,0,4,10,True,116,2,81,593,5.93,0
120,17,1,2,4,5,False,239,3,117,885,8.85,0
121,17,1,2,4,33,True,239,3,100,868,8.68,0
122,17,1,3,4,15,False,171,2,20,532,5.32,0
123,17,1,3,4,9,True,171,2,0,512,5.12,0
124,17,1,2,4,24,False,87,1,248,504,5.04,0
125,17,1,2,4,33,True,87,1,228,484,4.84,0
126,17,1,3,4,32,False,34,3,206,974,9.74,0
127,17,1,3,4,8,True,34,3,188,956,9.56,0
128,17,1,2,4,6,False,31,2,102,614,6.14,0
129,17,1,2,4,32,True,31,2,85,597,5.97,0
130,17,1,2,4,4,False,96,1,138,394,3.94,0
131,17,1,2,4,23,True,96,1,118,374,3.74,0
132,17,1,3,4,2,False,10,5,10,1290,12.9,0
133,17,1,3,4,5,True,10,4,243,1267,12.67,0
134,17,1,2,4,19,False,44,4,4,1028,10.28,0
135,17,1,2,4,18,False,44,8,20,2068,20.68,0
136,17,1,2,4,28,True,43,8,0,2048,20.48,0
137,17,1,2,4,27,False,219,4,191,1215,12.15,0
138,17,1,2,4,7,True,219,4,173,1197,11.97,0
139,17,1,2,4,17,False,7,3,137,905,9.05,0
140,17,1,2,4,11,True,7,3,116,884,8.84,0
141,17,1,2,4,5,False,213,1,99,355,3.55,0
142,17,1,2,4,24,True,213,1,79,335,3.35,0
143,17,1,2,4,23,False,156,2,19,531,5.31,0
144,17,1,2,4,25,True,156,2,0,512,5.12,0
145,17,1,2,4,20,False,173,0,176,176,1.76,0
146,17,1,2,4,6,True,173,0,155,155,1.55,0
147,17,1,2,4,18,False,30,1,102,358,3.58,0
148,17,1,2,4,19,False,28,3,250,1018,10.18,0
149,17,1,2,4,21,True,28,3,231,999,9.99,0
150,17,1,2,4,8,False,87,0,180,180,1.8,0
151,17,1,2,4,19,False,4,3,29,797,7.97,0
152,17,1,2,4,14,True,87,0,157,157,1.57,0
153,17,1,2,4,33,True,4,3,11,779,7.79,0
154,17,1,2,4,25,False,194,5,57,1337,13.37,0
155,17,1,2,4,31,True,194,5,36,1316,13.16,0
156,17,1,2,4,23,False,252,2,187,699,6.99,0
157,17,1,2,4,24,False,251,4,193,1217,12.17,0
158,17,1,2,4,25,True,251,4,173,1197,11.97,0
159,17,1,2,4,31,False,199,1,114,370,3.7,0
160,17,1,2,4,12,True,199,1,94,350,3.5,0
161,17,1,2,4,18,False,167,4,64,1088,10.88,0
162,17,1,2,4,21,False,166,6,129,1665,16.65,0
163,17,1,2,4,24,True,166,6,112,1648,16.48,0
164,17,1,0,4,25,False,196,5,237,1517,15.17,0
165,17,1,0,4,24,True,196,5,219,1499,14.99,0
166,17,1,2,4,20,False,83,2,16,528,5.28,0
167,17,1,2,4,26,True,83,1,251,507,5.07,0
168,17,1,2,4,25,True,10,2,32,544,5.44,0
169,17,1,2,4,32,False,8,6,21,1557,15.57,0
170,17,1,2,4,26,True,8,6,1,1537,15.37,0
171,17,1,2,4,21,False,217,4,194,1218,12.18,0
172,17,1,2,4,30,True,217,4,176,1200,12.0,0
173,17,1,2,4,24,False,228,2,104,616,6.16,0
174,17,1,2,4,32,True,228,2,85,597,5.97,0
175,17,1,2,4,27,False,118,4,203,1227,12.27,0
176,17,1,2,4,33,True,118,4,184,1208,12.08,0
177,17,1,2,4,5,False,75,3,193,961,9.61,0
178,17,1,2,4,33,True,74,3,174,942,9.42,0
179,17,1,3,4,10,False,70,3,221,989,9.89,0
180,17,1,3,4,30,True,70,3,204,972,9.72,0
181,17,1,1,4,18,False,169,5,251,1531,15.31,0
182,17,1,1,4,22,True,169,5,234,1514,15.14,0
183,17,1,2,4,5,False,96,3,165,933,9.33,0
184,17,1,2,4,27,True,96,3,144,912,9.12,0
185,17,1,2,4,14,False,74,2,141,653,6.53,0
186,17,1,2,4,9,True,73,2,119,631,6.31,0
187,17,1,2,4,17,False,138,1,100,356,3.56,0
188,17,1,2,4,21,True,138,1,79,335,3.35,0
189,17,1,2,4,33,False,35,2,243,755,7.55,0
190,17,1,2,4,24,True,35,2,219,731,7.31,0
191,17,1,2,4,11,False,67,3,188,956,9.56,0
192,17,1,2,4,12,False,68,2,197,709,7.09,0
193,17,1,2,4,12,True,67,3,167,935,9.35,0
194,17,1,2,4,26,False,186,1,20,276,2.76,0
195,17,1,2,4,8,True,186,1,2,258,2.58,0
196,17,1,0,4,33,False,51,3,143,911,9.11,0
197,17,1,0,4,31,True,51,3,124,892,8.92,0
198,17,1,3,4,21,False,15,3,86,854,8.54,0
199,17,1,3,4,11,True,15,3,63,831,8.31,0
200,17,1,2,4,21,False,62,4,176,1200,12.0,0
201,17,1,2,4,14,True,62,4,157,1181,11.81,0
202,17,1,3,4,14,False,134,6,70,1606,16.06,0
203,17,1,3,4,5,True,134,6,47,1583,15.83,0
204,17,1,2,4,21,False,217,1,127,383,3.83,0
205,17,1,2,4,16,True,217,1,108,364,3.64,0
206,17,1,2,4,22,False,77,4,100,1124,11.24,0
207,17,1,2,4,24,True,77,4,79,1103,11.03,0
208,17,1,2,4,21,False,45,4,222,1246,12.46,0
209,17,1,2,4,18,True,45,4,205,1229,12.29,0
210,17,1,3,4,32,False,234,5,27,1307,13.07,0
211,17,1,3,4,29,True,234,5,6,1286,12.86,0
212,17,1,2,4,15,False,177,5,8,1288,12.88,0
213,17,1,2,4,30,True,177,4,243,1267,12.67,0
214,17,1,2,4,15,False,85,3,169,937,9.37,0
215,17,1,2,4,30,True,85,3,149,917,9.17,0
216,17,1,2,4,27,False,47,3,219,987,9.87,0
217,17,1,2,4,30,True,47,3,200,968,9.68,0
218,17,1,2,4,7,False,3,8,4,2052,20.52,0
219,17,1,2,4,13,True,3,7,241,2033,20.33,0
220,17,1,2,4,18,False,54,0,243,243,2.43,0
221,17,1,2,4,21,True,54,0,224,224,2.24,0
222,17,1,0,4,25,False,189,6,9,1545,15.45,0
223,17,1,0,4,28,True,189,5,245,1525,15.25,0
224,17,1,2,4,33,False,43,2,137,649,6.49,0
225,17,1,2,4,25,True,43,2,117,629,6.29,0
226,17,1,3,4,10,False,134,3,228,996,9.96,0
227,17,1,3,4,4,True,134,3,211,979,9.79,0
228,17,1,2,4,32,False,84,5,103,1383,13.83,0
229,17,1,2,4,23,True,84,5,81,1361,13.61,0
230,17,1,1,4,31,False,23,1,85,341,3.41,0
231,17,1,1,4,6,True,23,1,67,323,3.23,0
232,17,1,2,4,26,False,111,1,156,412,4.12,0
233,17,1,2,4,18,True,110,1,136,392,3.92,0
234,17,1,2,4,21,False,239,1,121,377,3.77,0
235,17,1,2,4,12,True,239,1,104,360,3.6,0
236,17,1,2,4,31,False,109,4,60,1084,10.84,0
237,17,1,2,4,32,False,109,3,98,866,8.66,0
238,17,1,2,4,12,True,109,3,78,846,8.46,0
239,17,1,2,4,13,True,109,4,41,1065,10.65,0
240,17,1,2,4,18,False,194,4,71,1095,10.95,0
241,17,1,2,4,19,False,193,4,222,1246,12.46,0
242,17,1,2,4,20,False,194,3,16,784,7.84,0
243,17,1,2,4,24,True,194,2,251,763,7.63,0
244,17,1,2,4,25,True,193,4,203,1227,12.27,0
245,17,1,2,4,26,True,193,4,53,1077,10.77,0
246,17,1,2,4,27,True,195,3,122,890,8.9,0
247,17,1,3,4,20,False,39,2,242,754,7.54,0
248,17,1,3,4,19,False,37,4,217,1241,12.41,0
249,17,1,3,4,14,True,37,4,197,1221,12.21,0
250,17,1,2,4,19,False,175,1,15,271,2.71,0
251,17,1,2,4,20,True,175,0,251,251,2.51,0
252,17,1,2,4,26,False,64,6,35,1571,15.71,0
253,17,1,2,4,19,True,64,6,15,1551,15.51,0
254,17,1,2,4,17,False,120,0,253,253,2.53,0
255,17,1,2,4,33,True,120,0,230,230,2.3,0
256,17,1,0,4,28,False,203,6,148,1684,16.84,0
257,17,1,0,4,4,True,203,6,132,1668,16.68,0
258,17,1,2,4,27,False,135,3,151,919,9.19,0
259,17,1,2,4,30,True,135,3,132,900,9.0,0
260,17,1,3,4,12,False,181,6,191,1727,17.27,0
261,17,1,3,4,5,True,181,6,171,1707,17.07,0
262,17,1,2,4,6,False,23,3,85,853,8.53,0
263,17,1,2,4,15,True,23,3,66,834,8.34,0
264,17,1,2,4,17,False,100,3,171,939,9.39,0
265,17,1,2,4,16,True,100,3,147,915,9.15,0
266,17,1,2,4,4,False,75,4,144,1168,11.68,0
267,17,1,2,4,12,True,75,4,125,1149,11.49,0
268,17,1,2,4,33,False,52,3,33,801,8.01,0
269,17,1,2,4,32,False,51,6,238,1774,17.74,0
270,17,1,2,4,16,True,51,6,217,1753,17.53,0
271,17,1,0,4,5,False,209,6,182,1718,17.18,0
272,17,1,0,4,20,True,209,6,165,1701,17.01,0
273,17,1,2,4,17,False,100,2,59,571,5.71,0
274,17,1,2,4,19,True,100,2,37,549,5.49,0
275,17,1,0,4,5,False,62,5,21,1301,13.01,0
276,17,1,0,4,22,True,62,5,4,1284,12.84,0
277,17,1,2,4,2,False,4,1,152,408,4.08,0
278,17,1,2,4,19,True,4,1,130,386,3.86,0
279,17,1,1,4,27,False,82,3,17,785,7.85,0
280,17,1,1,4,3,True,82,2,254,766,7.66,0
281,17,1,2,4,0,False,171,4,179,1203,12.03,0
282,17,1,2,4,32,True,171,4,160,1184,11.84,0
283,17,1,0,4,33,False,17,3,114,882,8.82,0
284,17,1,0,4,21,True,17,3,95,863,8.63,0
285,17,1,2,4,22,False,37,3,240,1008,10.08,0
286,17,1,2,4,24,True,37,3,219,987,9.87,0
287,17,1,2,4,17,False,108,1,66,322,3.22,0
288,17,1,2,4,26,True,108,1,45,301,3.01,0
289,17,1,2,4,24,False,110,3,128,896,8.96,0
290,17,1,2,4,33,True,110,3,108,876,8.76,0
291,17,1,2,4,29,False,76,1,162,418,4.18,0
292,17,1,2,4,27,True,76,1,142,398,3.98,0
293,17,1,2,4,19,False,140,3,230,998,9.98,0
294,17,1,2,4,30,True,140,3,211,979,9.79,0
295,17,1,2,4,27,False,108,3,243,1011,10.11,0
296,17,1,2,4,30,False,108,3,167,935,9.35,0
297,17,1,2,4,17,True,107,3,224,992,9.92,0
298,17,1,3,4,31,False,147,3,224,992,9.92,0
299,17,1,3,4,27,True,147,3,201,969,9.69,0
300,17,1,2,4,6,False,184,2,250,762,7.62,0
301,17,1,2,4,25,True,184,2,232,744,7.44,0
302,17,1,2,4,17,False,203,2,23,535,5.35,0
303,17,1,2,4,20,False,207,1,141,397,3.97,0
304,17,1,2,4,27,True,203,2,0,512,5.12,0
305,17,1,2,4,28,True,206,1,121,377,3.77,0
306,17,1,2,4,21,False,198,2,22,534,5.34,0
307,17,1,2,4,21,True,198,2,7,519,5.19,0
308,17,1,2,4,22,False,211,3,48,816,8.16,0
309,17,1,2,4,15,True,211,3,28,796,7.96,0
310,17,1,2,4,19,False,116,4,10,1034,10.34,0
311,17,1,2,4,31,True,116,3,246,1014,10.14,0
312,17,1,2,4,17,False,214,2,40,552,5.52,0
313,17,1,2,4,33,True,214,2,17,529,5.29,0
314,17,1,2,4,32,False,176,4,102,1126,11.26,0
315,17,1,2,4,16,True,176,4,80,1104,11.04,0
316,17,1,2,4,5,False,91,2,205,717,7.17,0
317,17,1,2,4,6,False,91,3,221,989,9.89,0
318,17,1,2,4,22,True,91,3,207,975,9.75,0
319,17,1,2,4,26,False,99,4,180,1204,12.04,0
320,17,1,2,4,19,True,99,4,160,1184,11.84,0
321,17,1,0,4,33,False,157,4,86,1110,11.1,0
322,17,1,0,4,14,True,157,4,67,1091,10.91,0
323,17,1,2,4,19,False,92,2,170,682,6.82,0
324,17,1,2,4,32,True,92,2,152,664,6.64,0
325,17,1,2,4,22,False,235,2,76,588,5.88,0
326,17,1,2,4,9,True,235,2,57,569,5.69,0
327,17,1,2,4,29,False,71,2,192,704,7.04,0
328,17,1,2,4,30,True,71,2,173,685,6.85,0
329,17,1,3,4,6,False,65,2,17,529,5.29,0
330,17,1,3,4,3,True,65,1,253,509,5.09,0
331,17,1,2,4,26,False,59,2,193,705,7.05,0
332,17,1,2,4,17,True,58,2,174,686,6.86,0
333,17,1,3,4,0,False,114,4,70,1094,10.94,0
334,17,1,3,4,11,True,113,4,45,1069,10.69,0
335,17,1,2,4,14,False,235,4,100,1124,11.24,0
336,17,1,2,4,28,True,235,4,79,1103,11.03,0
337,17,1,2,4,25,False,62,3,252,1020,10.2,0
338,17,1,2,4,11,True,62,3,232,1000,10.0,0
339,17,1,2,4,15,False,167,3,85,853,8.53,0
340,17,1,2,4,16,True,167,3,63,831,8.31,0
341,17,1,2,4,16,False,46,3,117,885,8.85,0
342,17,1,2,4,29,True,46,3,98,866,8.66,0
343,17,1,2,4,26,False,160,2,231,743,7.43,0
344,17,1,2,4,4,True,160,2,212,724,7.24,0
345,17,1,2,4,21,False,188,1,108,364,3.64,0
346,17,1,2,4,21,True,188,1,93,349,3.49,0
347,17,1,2,4,20,False,140,5,20,1300,13.0,0
348,17,1,2,4,20,True,139,5,0,1280,12.8,0
349,17,1,0,4,30,False,177,5,119,1399,13.99,0
350,17,1,0,4,4,True,177,5,102,1382,13.82,0
351,17,1,2,4,20,False,198,1,213,469,4.69,0
352,17,1,2,4,26,True,198,1,192,448,4.48,0
353,17,1,2,4,19,False,140,5,153,1433,14.33,0
354,17,1,2,4,5,True,62,5,135,1415,14.15,0
355,17,1,2,4,22,False,69,2,33,545,5.45,0
356,17,1,2,4,23,False,71,2,91,603,6.03,0
357,17,1,2,4,19,True,68,2,12,524,5.24,0
358,17,1,2,4,21,True,71,2,72,584,5.84,0
359,17,1,2,4,8,False,140,3,145,913,9.13,0
360,17,1,2,4,11,True,139,3,122,890,8.9,0
361,17,1,2,4,3,False,165,4,25,1049,10.49,0
362,17,1,2,4,17,True,165,4,3,1027,10.27,0
363,17,1,2,4,30,False,211,5,26,1306,13.06,0
364,17,1,2,4,21,True,211,5,8,1288,12.88,0
365,17,1,2,4,18,False,208,2,188,700,7.0,0
366,17,1,2,4,26,True,208,2,169,681,6.81,0
367,17,1,2,4,0,False,181,2,235,747,7.47,0
368,17,1,2,4,16,True,181,2,214,726,7.26,0
369,17,1,3,4,5,False,226,3,78,846,8.46,0
370,17,1,3,4,23,True,226,3,58,826,8.26,0
371,17,1,2,4,28,False,209,1,221,477,4.77,0
372,17,1,2,4,8,True,209,1,204,460,4.6,0
0,18,1,2,4,10,False,138,3,140,908,9.08,0
1,18,1,2,4,9,True,138,3,120,888,8.88,0
2,18,1,2,4,24,False,15,3,176,944,9.44,0
3,18,1,2,4,25,False,15,3,138,906,9.06,0
4,18,1,2,4,17,True,15,3,155,923,9.23,0
5,18,1,2,4,18,True,15,3,117,885,8.85,0
6,18,1,2,4,1,False,173,2,243,755,7.55,0
7,18,1,2,4,3,False,173,2,143,655,6.55,0
8,18,1,2,4,18,True,173,2,221,733,7.33,0
9,18,1,2,4,25,False,15,2,58,570,5.7,0
10,18,1,2,4,32,True,207,2,38,550,5.5,0
11,18,1,2,4,5,False,221,2,181,693,6.93,0
12,18,1,2,4,25,True,220,2,162,674,6.74,0
13,18,1,0,4,30,False,195,2,223,735,7.35,0
14,18,1,0,4,12,True,195,2,205,717,7.17,0
15,18,1,2,4,30,False,148,1,181,437,4.37,0
16,18,1,2,4,24,True,148,1,163,419,4.19,0
17,18,1,3,4,22,False,145,1,116,372,3.72,0
18,18,1,3,4,23,False,141,4,153,1177,11.77,0
19,18,1,3,4,22,True,141,4,130,1154,11.54,0
20,18,1,0,4,0,False,27,1,104,360,3.6,0
21,18,1,0,4,4,True,27,1,84,340,3.4,0
22,18,1,2,4,31,False,164,2,129,641,6.41,0
23,18,1,2,4,18,True,164,2,108,620,6.2,0
24,18,1,2,4,10,False,174,3,59,827,8.27,0
25,18,1,2,4,4,True,173,3,39,807,8.07,0
26,18,1,2,4,25,False,205,3,229,997,9.97,0
27,18,1,2,4,24,True,205,3,208,976,9.76,0
28,18,1,2,4,22,False,112,2,112,624,6.24,0
29,18,1,2,4,12,True,112,2,91,603,6.03,0
30,18,1,0,4,29,False,168,1,105,361,3.61,0
31,18,1,0,4,11,True,167,1,88,344,3.44,0
32,18,1,2,4,32,False,184,3,62,830,8.3,0
33,18,1,2,4,11,True,184,2,127,639,6.39,0
34,18,1,2,4,12,True,184,3,41,809,8.09,0
35,18,1,2,4,24,False,20,5,104,1384,13.84,0
36,18,1,2,4,4,True,173,5,85,1365,13.65,0
37,18,1,2,4,18,False,73,4,65,1089,10.89,0
38,18,1,2,4,5,True,73,4,48,1072,10.72,0
39,18,1,2,4,15,False,114,3,4,772,7.72,0
40,18,1,2,4,20,True,114,2,238,750,7.5,0
41,18,1,2,4,0,False,240,4,19,1043,10.43,0
42,18,1,2,4,28,True,240,4,0,1024,10.24,0
43,18,1,2,4,24,False,109,3,199,967,9.67,0
44,18,1,2,4,21,True,108,3,179,947,9.47,0
45,18,1,2,4,0,False,194,3,19,787,7.87,0
46,18,1,2,4,21,True,194,3,0,768,7.68,0
47,18,1,2,4,23,False,29,3,138,906,9.06,0
48,18,1,2,4,21,True,29,3,119,887,8.87,0
49,18,1,2,4,16,False,0,1,99,355,3.55,0
50,18,1,2,4,23,True,0,1,78,334,3.34,0
51,18,1,2,4,12,False,82,4,205,1229,12.29,0
52,18,1,2,4,12,True,82,4,188,1212,12.12,0
53,18,1,2,4,18,False,4,12,4,3076,30.76,0
54,18,1,2,2,50,True,3,0,0,0,0.0,0
55,18,1,2,4,4,False,161,2,3,515,5.15,0
56,18,1,2,0,0,False,0,0,0,0,0.0,0
57,18,1,2,4,26,False,70,3,49,817,8.17,0
58,18,1,2,4,21,True,69,3,29,797,7.97,0
59,18,1,1,4,30,False,89,1,129,385,3.85,0
60,18,1,1,4,8,True,89,1,112,368,3.68,0
61,18,1,2,4,17,False,30,2,47,559,5.59,0
62,18,1,2,4,12,True,30,2,24,536,5.36,0
63,18,1,2,4,13,True,31,1,145,401,4.01,0
64,18,1,2,4,16,False,110,6,56,1592,15.92,0
65,18,1,2,4,23,True,110,6,35,1571,15.71,0
66,18,1,2,4,28,False,61,2,50,562,5.62,0
67,18,1,2,4,20,True,61,2,32,544,5.44,0
68,18,1,3,4,30,False,142,3,107,875,8.75,0
69,18,1,3,4,6,True,139,3,87,855,8.55,0
70,18,1,2,4,26,False,97,4,161,1185,11.85,0
71,18,1,2,4,11,True,97,4,141,1165,11.65,0
72,18,1,2,4,18,False,212,3,79,847,8.47,0
73,18,1,2,4,27,True,212,3,60,828,8.28,0
74,18,1,2,4,33,False,67,6,251,1787,17.87,0
75,18,1,2,4,20,True,67,6,229,1765,17.65,0
76,18,1,2,4,32,False,184,5,40,1320,13.2,0
77,18,1,2,4,26,True,117,5,20,1300,13.0,0
78,18,1,2,4,21,False,99,2,160,672,6.72,0
79,18,1,2,4,19,True,99,2,142,654,6.54,0
80,18,1,2,4,3,False,223,8,66,2114,21.14,0
81,18,1,2,4,26,True,117,8,45,2093,20.93,0
82,18,1,3,4,4,False,241,3,184,952,9.52,0
83,18,1,3,4,18,True,241,3,160,928,9.28,0
84,18,1,2,4,18,False,217,2,194,706,7.06,0
85,18,1,2,4,12,True,217,2,175,687,6.87,0
86,18,1,2,4,14,False,48,4,0,1024,10.24,0
87,18,1,2,4,15,False,49,3,79,847,8.47,0
88,18,1,2,4,5,True,48,3,234,1002,10.02,0
89,18,1,2,4,6,True,49,3,57,825,8.25,0
90,18,1,2,4,24,False,75,3,248,1016,10.16,0
91,18,1,2,4,21,True,75,3,227,995,9.95,0
92,18,1,2,4,2,False,129,2,254,766,7.66,0
93,18,1,2,4,30,True,129,2,232,744,7.44,0
94,18,1,2,4,30,False,229,1,190,446,4.46,0
95,18,1,2,4,16,True,229,1,171,427,4.27,0
96,18,1,1,4,15,False,95,3,99,867,8.67,0
97,18,1,1,4,22,True,95,3,80,848,8.48,0
98,18,1,2,4,23,False,127,2,159,671,6.71,0
99,18,1,2,4,14,True,127,2,140,652,6.52,0
100,18,1,2,4,5,False,194,1,81,337,3.37,0
101,18,1,2,4,22,True,194,1,61,317,3.17,0
102,18,1,2,4,27,False,189,2,200,712,7.12,0
103,18,1,2,4,10,True,189,2,182,694,6.94,0
104,18,1,2,4,0,False,229,2,59,571,5.71,0
105,18,1,2,4,18,True,229,2,38,550,5.5,0
106,18,1,2,4,6,False,254,1,5,261,2.61,0
107,18,1,2,4,29,True,254,0,243,243,2.43,0
108,18,1,2,4,2,False,68,2,10,522,5.22,0
109,18,1,2,4,27,True,68,1,244,500,5.0,0
110,18,1,2,4,8,False,235,0,251,251,2.51,0
111,18,1,2,4,22,False,184,1,228,484,4.84,0
112,18,1,2,4,24,False,183,2,191,703,7.03,0
113,18,1,2,4,14,True,235,0,228,228,2.28,0
114,18,1,2,4,22,True,183,2,169,681,6.81,0
115,18,1,2,4,23,True,184,1,205,461,4.61,0
116,18,1,2,4,2,False,148,3,112,880,8.8,0
117,18,1,2,4,3,False,148,2,199,711,7.11,0
118,18,1,2,4,4,False,148,2,242,754,7.54,0
119,18,1,2,4,16,True,148,3,90,858,8.58,0
120,18,1,2,4,23,False,36,2,56,568,5.68,0
121,18,1,2,4,24,True,36,2,37,549,5.49,0
122,18,1,2,4,15,False,26,4,66,1090,10.9,0
123,18,1,2,4,17,True,26,4,44,1068,10.68,0
124,18,1,0,4,24,False,130,3,66,834,8.34,0
125,18,1,0,4,9,True,130,3,49,817,8.17,0
126,18,1,2,4,29,False,70,0,255,255,2.55,0
127,18,1,2,4,31,False,66,3,33,801,8.01,0
128,18,1,2,4,17,True,66,3,14,782,7.82,0
129,18,1,2,4,19,True,69,0,236,236,2.36,0
130,18,1,2,4,6,False,113,2,47,559,5.59,0
131,18,1,2,4,5,False,109,3,145,913,9.13,0
132,18,1,2,4,18,True,109,3,125,893,8.93,0
133,18,1,2,4,19,True,116,0,230,230,2.3,0
134,18,1,3,4,14,False,153,2,242,754,7.54,0
135,18,1,3,4,10,True,153,2,217,729,7.29,0
136,18,1,3,4,33,False,52,4,11,1035,10.35,0
137,18,1,3,4,11,True,52,3,245,1013,10.13,0
138,18,1,2,4,24,False,108,2,89,601,6.01,0
139,18,1,2,4,32,True,108,2,69,581,5.81,0
140,18,1,2,4,3,False,197,3,206,974,9.74,0
141,18,1,2,4,14,True,197,3,185,953,9.53,0
142,18,1,2,4,21,False,83,2,97,609,6.09,0
143,18,1,2,4,5,True,83,2,81,593,5.93,0
144,18,1,2,4,22,False,186,3,54,822,8.22,0
145,18,1,2,4,32,True,186,3,35,803,8.03,0
146,18,1,2,4,28,False,216,4,127,1151,11.51,0
147,18,1,2,4,31,True,216,4,107,1131,11.31,0
148,18,1,3,4,6,False,136,1,208,464,4.64,0
149,18,1,3,4,15,True,135,1,187,443,4.43,0
150,18,1,0,4,28,False,181,5,66,1346,13.46,0
151,18,1,0,4,29,False,181,6,125,1661,16.61,0
152,18,1,0,4,32,True,181,6,112,1648,16.48,0
153,18,1,2,4,5,False,19,1,71,327,3.27,0
154,18,1,2,4,23,True,19,1,50,306,3.06,0
155,18,1,3,4,10,False,118,2,159,671,6.71,0
156,18,1,3,4,14,True,118,2,142,654,6.54,0
157,18,1,2,4,1,False,156,3,74,842,8.42,0
158,18,1,2,4,9,True,156,3,51,819,8.19,0
159,18,1,2,4,31,True,142,0,77,77,0.77,0
160,18,1,2,4,25,False,136,4,26,1050,10.5,0
161,18,1,2,4,29,True,138,3,239,1007,10.07,0
162,18,1,2,4,30,True,136,3,184,952,9.52,0
163,18,1,2,4,25,False,51,4,120,1144,11.44,0
164,18,1,2,4,24,True,51,4,99,1123,11.23,0
165,18,1,2,0,0,False,0,0,0,0,0.0,0
166,18,1,2,3,4,False,99,4,0,1024,10.24,0
167,18,1,2,3,2,True,3,15,0,3840,38.4,0
168,18,1,2,4,14,True,130,3,124,892,8.92,0
169,18,1,2,4,32,False,247,3,78,846,8.46,0
170,18,1,2,4,12,True,247,3,58,826,8.26,0
171,18,1,2,4,20,False,254,5,153,1433,14.33,0
172,18,1,2,4,33,True,254,5,132,1412,14.12,0
173,18,1,2,4,14,False,87,4,98,1122,11.22,0
174,18,1,2,4,12,True,87,4,76,1100,11.0,0
175,18,1,2,4,21,False,180,3,154,922,9.22,0
176,18,1,2,4,22,True,180,3,136,904,9.04,0
177,18,1,2,4,2,False,0,2,244,756,7.56,0
178,18,1,2,4,19,True,0,2,222,734,7.34,0
179,18,1,2,4,15,False,133,1,126,382,3.82,0
180,18,1,2,4,16,False,131,3,239,1007,10.07,0
181,18,1,2,4,31,True,133,1,105,361,3.61,0
182,18,1,2,4,32,True,131,3,221,989,9.89,0
183,18,1,2,4,26,False,119,2,29,541,5.41,0
184,18,1,2,4,17,True,119,2,9,521,5.21,0
185,18,1,2,4,17,False,10,3,3,771,7.71,0
186,18,1,2,4,24,True,10,2,236,748,7.48,0
187,18,1,2,4,24,False,92,2,50,562,5.62,0
188,18,1,2,4,25,False,95,2,31,543,5.43,0
189,18,1,2,4,22,True,92,2,29,541,5.41,0
190,18,1,2,4,23,True,95,2,10,522,5.22,0
191,18,1,2,4,4,False,89,2,177,689,6.89,0
192,18,1,2,4,12,True,88,2,159,671,6.71,0
193,18,1,1,4,31,False,199,3,142,910,9.1,0
194,18,1,1,4,8,True,199,3,124,892,8.92,0
195,18,1,3,4,18,False,246,7,119,1911,19.11,0
196,18,1,3,4,4,True,246,7,97,1889,18.89,0
197,18,1,2,4,32,True,116,1,181,437,4.37,0
198,18,1,2,4,0,False,113,6,161,1697,16.97,0
199,18,1,2,4,33,True,113,6,142,1678,16.78,0
200,18,1,2,4,22,False,36,3,101,869,8.69,0
201,18,1,2,4,13,True,36,3,81,849,8.49,0
202,18,1,2,4,26,False,177,2,114,626,6.26,0
203,18,1,2,4,21,True,177,2,94,606,6.06,0
204,18,1,2,4,4,False,241,2,26,538,5.38,0
205,18,1,2,4,13,True,241,2,7,519,5.19,0
206,18,1,2,4,23,False,96,2,110,622,6.22,0
207,18,1,2,4,17,True,96,2,91,603,6.03,0
208,18,1,2,4,17,False,244,1,73,329,3.29,0
209,18,1,2,4,16,False,235,3,180,948,9.48,0
210,18,1,2,4,28,True,244,1,51,307,3.07,0
211,18,1,2,4,29,True,235,3,161,929,9.29,0
212,18,1,2,4,29,False,149,3,201,969,9.69,0
213,18,1,2,4,29,True,235,3,185,953,9.53,0
214,18,1,1,4,21,False,246,0,166,166,1.66,0
215,18,1,1,5,54,True,0,6,4,1540,15.4,20
216,18,1,1,4,4,False,92,4,153,1177,11.77,0
217,18,1,1,4,4,False,71,13,61,3389,33.89,0
218,18,1,0,4,32,False,106,6,34,1570,15.7,0
219,18,1,0,4,22,True,106,6,14,1550,15.5,0
220,18,1,0,4,15,False,182,4,191,1215,12.15,0
221,18,1,0,4,6,True,182,4,171,1195,11.95,0
222,18,1,0,4,30,False,27,2,211,723,7.23,0
223,18,1,0,4,4,True,36,1,42,298,2.98,0
224,18,1,0,4,5,True,27,2,194,706,7.06,0
225,18,1,0,4,30,False,15,4,80,1104,11.04,0
226,18,1,0,4,9,True,15,4,63,1087,10.87,0
227,18,1,0,4,28,False,20,8,200,2248,22.48,0
228,18,1,0,3,60,True,14,4,0,1024,10.24,0
229,18,1,9,6,4,False,151,14,4,3588,35.88,15636
230,18,1,2,4,23,False,103,1,8,264,2.64,0
231,18,1,24,3,20,False,142,7,0,1792,17.92,0
232,18,1,0,1,48,True,0,0,0,0,0.0,0
233,18,1,0,4,33,False,67,2,61,573,5.73,0
234,18,1,0,4,16,True,66,2,43,555,5.55,0
235,18,1,2,4,16,False,175,2,105,617,6.17,0
236,18,1,2,4,24,True,175,2,87,599,5.99,0
237,18,1,2,4,29,False,112,5,55,1335,13.35,0
238,18,1,2,4,25,True,112,5,37,1317,13.17,0
239,18,1,3,4,3,False,223,2,83,595,5.95,0
240,18,1,3,4,10,True,223,2,61,573,5.73,0
241,18,1,3,4,32,False,234,4,84,1108,11.08,0
242,18,1,3,4,7,True,234,4,62,1086,10.86,0
243,18,1,2,4,32,False,213,2,180,692,6.92,0
244,18,1,2,4,25,True,213,2,160,672,6.72,0
245,18,1,2,4,16,False,171,3,93,861,8.61,0
246,18,1,2,4,17,False,168,3,191,959,9.59,0
247,18,1,2,4,23,True,168,3,167,935,9.35,0
248,18,1,2,4,24,True,171,3,73,841,8.41,0
249,18,1,2,4,12,False,209,2,107,619,6.19,0
250,18,1,2,4,14,False,207,3,229,997,9.97,0
251,18,1,2,4,7,True,209,2,89,601,6.01,0
252,18,1,2,4,8,True,207,3,208,976,9.76,0
253,18,1,2,4,17,False,251,3,89,857,8.57,0
254,18,1,2,4,11,True,251,3,68,836,8.36,0
255,18,1,2,4,14,False,234,1,186,442,4.42,0
256,18,1,2,4,32,True,234,1,165,421,4.21,0
257,18,1,2,4,27,False,191,2,43,555,5.55,0
258,18,1,2,4,6,True,191,2,25,537,5.37,0
259,18,1,2,4,20,True,227,0,207,207,2.07,0
260,18,1,2,4,20,False,222,3,135,903,9.03,0
261,18,1,2,4,21,True,222,3,115,883,8.83,0
262,18,1,2,4,15,False,27,2,77,589,5.89,0
263,18,1,2,4,24,True,27,2,55,567,5.67,0
264,18,1,2,4,30,False,219,3,145,913,9.13,0
265,18,1,2,4,33,True,219,3,126,894,8.94,0
266,18,1,2,4,21,False,235,3,152,920,9.2,0
267,18,1,2,4,8,True,235,3,137,905,9.05,0
268,18,1,2,4,15,False,92,1,74,330,3.3,0
269,18,1,2,4,14,False,84,4,62,1086,10.86,0
270,18,1,2,4,21,True,96,0,159,159,1.59,0
271,18,1,2,4,22,True,84,4,39,1063,10.63,0
272,18,1,2,4,0,False,206,4,217,1241,12.41,0
273,18,1,2,4,23,True,206,4,196,1220,12.2,0
274,18,1,2,4,5,False,202,0,255,255,2.55,0
275,18,1,2,4,19,True,202,0,235,235,2.35,0
276,18,1,2,4,20,False,37,4,13,1037,10.37,0
277,18,1,2,4,15,True,37,3,247,1015,10.15,0
278,18,1,2,4,16,True,38,2,240,752,7.52,0
279,18,1,2,4,0,False,167,3,133,901,9.01,0
280,18,1,2,4,31,True,167,3,113,881,8.81,0
281,18,1,2,4,10,False,47,2,43,555,5.55,0
282,18,1,2,4,5,True,47,2,24,536,5.36,0
283,18,1,2,4,29,False,230,1,157,413,4.13,0
284,18,1,2,4,31,True,230,1,137,393,3.93,0
285,18,1,2,4,5,False,11,1,164,420,4.2,0
286,18,1,2,4,22,True,11,1,145,401,4.01,0
287,18,1,2,4,16,False,190,3,148,916,9.16,0
288,18,1,2,4,15,True,190,3,129,897,8.97,0
289,18,1,2,4,18,False,101,3,203,971,9.71,0
290,18,1,2,4,18,True,101,3,186,954,9.54,0
291,18,1,2,4,1,False,21,3,33,801,8.01,0
292,18,1,2,4,8,False,103,0,164,164,1.64,0
293,18,1,2,4,14,True,102,0,141,141,1.41,0
294,18,1,2,4,17,True,20,3,10,778,7.78,0
295,18,1,2,4,18,False,132,2,108,620,6.2,0
296,18,1,2,4,33,True,132,2,89,601,6.01,0
297,18,1,2,4,3,False,44,2,182,694,6.94,0
298,18,1,2,4,5,True,43,2,162,674,6.74,0
299,18,1,2,4,18,False,223,2,99,611,6.11,0
300,18,1,2,4,19,False,227,1,38,294,2.94,0
301,18,1,2,4,12,True,223,2,80,592,5.92,0
302,18,1,2,4,6,False,121,4,113,1137,11.37,0
303,18,1,2,4,20,True,121,4,94,1118,11.18,0
304,18,1,2,4,6,False,34,2,31,543,5.43,0
305,18,1,2,4,25,True,34,2,12,524,5.24,0
306,18,1,2,4,14,False,81,1,130,386,3.86,0
307,18,1,2,4,27,True,207,1,108,364,3.64,0
308,18,1,2,4,5,False,197,2,193,705,7.05,0
309,18,1,2,4,28,True,197,2,174,686,6.86,0
310,18,1,2,4,29,False,110,2,113,625,6.25,0
311,18,1,2,4,16,True,110,2,94,606,6.06,0
312,18,1,2,4,16,False,60,2,14,526,5.26,0
313,18,1,2,4,17,False,61,1,198,454,4.54,0
314,18,1,2,4,13,True,60,1,175,431,4.31,0
315,18,1,2,4,15,True,60,1,250,506,5.06,0
316,18,1,3,4,21,False,87,5,140,1420,14.2,0
317,18,1,3,4,8,True,87,5,120,1400,14.0,0
318,18,1,2,4,14,False,235,1,150,406,4.06,0
319,18,1,2,4,33,True,235,1,128,384,3.84,0
320,18,1,2,4,25,False,203,2,105,617,6.17,0
321,18,1,2,4,23,True,203,2,83,595,5.95,0
322,18,1,2,4,2,False,242,3,156,924,9.24,0
323,18,1,2,4,31,True,242,3,134,902,9.02,0
324,18,1,2,4,6,False,152,1,149,405,4.05,0
325,18,1,2,4,11,True,152,1,129,385,3.85,0
326,18,1,3,4,6,True,139,2,76,588,5.88,0
327,18,1,3,4,13,False,82,5,250,1530,15.3,0
328,18,1,3,4,7,True,82,5,228,1508,15.08,0
329,18,1,3,4,2,False,164,3,110,878,8.78,0
330,18,1,3,4,3,True,164,3,88,856,8.56,0
331,18,1,0,4,27,False,197,0,150,150,1.5,0
332,18,1,0,4,30,False,193,6,71,1607,16.07,0
333,18,1,0,4,28,True,193,6,54,1590,15.9,0
334,18,1,3,4,8,False,243,2,226,738,7.38,0
335,18,1,3,4,6,True,243,2,206,718,7.18,0
336,18,1,2,4,3,False,117,3,207,975,9.75,0
337,18,1,2,4,19,True,117,3,186,954,9.54,0
338,18,1,2,4,25,False,163,3,249,1017,10.17,0
339,18,1,2,4,27,True,163,3,228,996,9.96,0
340,18,1,3,4,0,False,204,4,211,1235,12.35,0
341,18,1,3,4,7,True,204,4,186,1210,12.1,0
342,18,1,2,4,20,False,204,4,126,1150,11.5,0
343,18,1,2,4,20,True,204,4,106,1130,11.3,0
344,18,1,2,4,6,False,137,1,100,356,3.56,0
345,18,1,2,4,14,True,137,1,79,335,3.35,0
346,18,1,2,4,5,False,39,3,177,945,9.45,0
347,18,1,2,4,21,True,39,3,158,926,9.26,0
348,18,1,2,4,22,True,39,2,107,619,6.19,0
349,18,1,2,4,29,False,186,4,166,1190,11.9,0
350,18,1,2,4,20,True,186,4,147,1171,11.71,0
351,18,1,3,4,15,False,135,3,19,787,7.87,0
352,18,1,3,4,8,True,135,2,255,767,7.67,0
353,18,1,2,4,4,False,98,2,147,659,6.59,0
354,18,1,2,4,14,True,98,2,128,640,6.4,0
355,18,1,2,4,22,False,39,2,158,670,6.7,0
356,18,1,2,4,31,True,39,2,138,650,6.5,0
357,18,1,2,4,17,False,54,2,240,752,7.52,0
358,18,1,2,4,16,False,52,4,177,1201,12.01,0
359,18,1,2,4,28,True,52,4,159,1183,11.83,0
360,18,1,2,4,19,False,65,4,183,1207,12.07,0
361,18,1,2,4,24,True,65,4,164,1188,11.88,0
362,18,1,3,4,32,False,140,0,210,210,2.1,0
363,18,1,3,4,31,False,134,4,108,1132,11.32,0
364,18,1,3,4,7,True,133,4,85,1109,11.09,0
365,18,1,1,4,14,False,25,3,10,778,7.78,0
366,18,1,1,4,29,True,25,2,249,761,7.61,0
367,18,1,1,4,31,False,54,3,80,848,8.48,0
368,18,1,1,4,7,True,54,3,63,831,8.31,0
369,18,1,2,4,32,False,52,4,213,1237,12.37,0
370,18,1,2,4,31,True,52,4,191,1215,12.15,0
371,18,1,0,4,29,False,215,1,37,293,2.93,0
372,18,1,0,4,31,False,137,2,251,763,7.63,0
373,18,1,0,4,14,True,215,1,18,274,2.74,0
0,19,-1,-1,-1,-1,True,-1,-1,-1,-1,-1.0,-1
1,19,-1,-1,-1,-1,True,-1,-1,-1,-1,-1.0,-1
2,19,-1,-1,-1,-1,True,-1,-1,-1,-1,-1.0,-1
3,19,-1,-1,-1,-1,True,-1,-1,-1,-1,-1.0,-1
4,19,1,0,4,15,True,211,2,235,747,7.47,0
5,19,1,2,4,22,False,93,3,94,862,8.62,0
6,19,1,2,4,25,True,93,3,75,843,8.43,0
7,19,1,2,4,3,False,45,4,196,1220,12.2,0
8,19,1,2,4,27,True,45,4,175,1199,11.99,0
9,19,1,2,4,23,False,2,1,146,402,4.02,0
10,19,1,2,4,19,True,2,1,126,382,3.82,0
11,19,1,2,4,17,False,53,3,184,952,9.52,0
12,19,1,2,4,18,False,55,4,165,1189,11.89,0
13,19,1,2,4,27,True,55,4,145,1169,11.69,0
14,19,1,2,4,29,True,53,3,161,929,9.29,0
15,19,1,0,4,15,False,82,2,73,585,5.85,0
16,19,1,0,4,8,True,82,2,55,567,5.67,0
17,19,1,2,4,16,False,230,1,245,501,5.01,0
18,19,1,2,4,17,True,230,1,226,482,4.82,0
19,19,1,2,4,3,False,222,2,183,695,6.95,0
20,19,1,2,4,21,True,222,2,162,674,6.74,0
21,19,1,2,4,1,False,122,2,165,677,6.77,0
22,19,1,2,4,4,False,121,3,190,958,9.58,0
23,19,1,2,4,23,True,121,3,170,938,9.38,0
24,19,1,2,4,24,True,122,2,143,655,6.55,0
25,19,1,1,4,30,False,122,4,168,1192,11.92,0
26,19,1,1,4,6,True,122,4,152,1176,11.76,0
27,19,1,2,4,10,False,3,1,97,353,3.53,0
28,19,1,2,4,12,True,3,1,76,332,3.32,0
29,19,1,2,4,14,False,226,5,104,1384,13.84,0
30,19,1,2,4,20,True,226,5,81,1361,13.61,0
31,19,1,2,4,21,True,184,1,207,463,4.63,0
32,19,1,2,4,19,False,183,6,22,1558,15.58,0
33,19,1,2,4,23,True,182,6,1,1537,15.37,0
34,19,1,2,4,2,False,74,3,209,977,9.77,0
35,19,1,2,4,20,True,74,3,187,955,9.55,0
36,19,1,2,4,17,False,37,5,35,1315,13.15,0
37,19,1,2,4,7,True,37,5,13,1293,12.93,0
38,19,1,2,4,32,False,24,5,61,1341,13.41,0
39,19,1,2,4,13,True,24,5,41,1321,13.21,0
40,19,1,2,4,20,False,23,3,65,833,8.33,0
41,19,1,2,4,9,True,22,3,46,814,8.14,0
42,19,1,0,4,30,False,175,1,17,273,2.73,0
43,19,1,0,4,7,True,174,1,2,258,2.58,0
44,19,1,0,4,32,False,184,3,128,896,8.96,0
45,19,1,0,4,31,True,184,3,110,878,8.78,0
46,19,1,2,4,23,False,131,5,99,1379,13.79,0
47,19,1,2,4,26,True,131,5,80,1360,13.6,0
48,19,1,2,4,32,False,199,2,163,675,6.75,0
49,19,1,2,4,16,True,199,2,142,654,6.54,0
50,19,1,2,4,3,False,193,2,56,568,5.68,0
51,19,1,2,4,16,True,192,2,33,545,5.45,0
52,19,1,2,4,21,False,4,2,110,622,6.22,0
53,19,1,2,4,24,True,4,2,92,604,6.04,0
54,19,1,2,4,31,False,182,2,111,623,6.23,0
55,19,1,2,4,32,True,182,2,91,603,6.03,0
56,19,1,2,4,3,False,96,1,190,446,4.46,0
57,19,1,2,4,28,True,96,1,169,425,4.25,0
58,19,1,2,4,32,False,42,2,162,674,6.74,0
59,19,1,2,4,21,True,42,2,142,654,6.54,0
60,19,1,2,4,22,False,90,3,85,853,8.53,0
61,19,1,2,4,17,True,90,3,64,832,8.32,0
62,19,1,0,4,32,False,187,1,250,506,5.06,0
63,19,1,0,4,25,True,187,1,233,489,4.89,0
64,19,1,2,4,18,False,214,2,24,536,5.36,0
65,19,1,2,4,23,True,214,2,3,515,5.15,0
66,19,1,2,4,28,False,3,2,172,684,6.84,0
67,19,1,2,4,13,True,3,2,155,667,6.67,0
68,19,1,2,4,2,False,24,0,248,248,2.48,0
69,19,1,2,4,10,True,24,0,227,227,2.27,0
70,19,1,2,4,29,False,165,0,155,155,1.55,0
71,19,1,2,4,23,True,165,0,135,135,1.35,0
72,19,1,2,4,24,False,113,1,190,446,4.46,0
73,19,1,2,4,13,True,112,1,170,426,4.26,0
74,19,1,2,4,16,False,110,2,182,694,6.94,0
75,19,1,2,4,26,True,110,2,164,676,6.76,0
76,19,1,3,4,27,False,98,6,143,1679,16.79,0
77,19,1,3,4,18,True,98,6,124,1660,16.6,0
78,19,1,2,4,21,False,63,2,105,617,6.17,0
79,19,1,2,4,30,True,63,2,88,600,6.0,0
80,19,1,2,4,20,False,62,6,90,1626,16.26,0
81,19,1,2,4,28,True,62,6,70,1606,16.06,0
82,19,1,2,4,17,False,26,2,106,618,6.18,0
83,19,1,2,4,28,True,26,2,85,597,5.97,0
84,19,1,1,4,26,True,60,0,237,237,2.37,0
85,19,1,1,4,23,False,58,4,201,1225,12.25,0
86,19,1,1,4,27,True,58,4,184,1208,12.08,0
87,19,1,2,4,31,False,210,1,34,290,2.9,0
88,19,1,2,4,19,True,210,1,14,270,2.7,0
89,19,1,2,4,18,False,187,2,27,539,5.39,0
90,19,1,2,4,13,True,187,2,8,520,5.2,0
91,19,1,2,4,14,False,69,5,49,1329,13.29,0
92,19,1,2,4,15,True,69,5,26,1306,13.06,0
93,19,1,2,4,15,False,13,3,178,946,9.46,0
94,19,1,2,4,26,True,13,3,158,926,9.26,0
95,19,1,0,4,19,False,104,1,35,291,2.91,0
96,19,1,0,4,20,True,104,1,19,275,2.75,0
97,19,1,2,4,30,False,128,3,70,838,8.38,0
98,19,1,2,4,19,True,128,3,53,821,8.21,0
99,19,1,2,4,5,False,254,0,211,211,2.11,0
100,19,1,2,4,10,False,250,2,142,654,6.54,0
101,19,1,2,4,4,True,250,2,122,634,6.34,0
102,19,1,2,4,21,False,198,1,197,453,4.53,0
103,19,1,2,4,19,True,198,1,178,434,4.34,0
104,19,1,2,4,11,False,67,1,158,414,4.14,0
105,19,1,2,4,3,True,66,1,139,395,3.95,0
106,19,1,3,4,4,False,193,2,41,553,5.53,0
107,19,1,3,4,20,True,193,2,18,530,5.3,0
108,19,1,0,4,23,False,210,5,19,1299,12.99,0
109,19,1,0,4,29,True,209,5,4,1284,12.84,0
110,19,1,2,4,16,False,115,4,46,1070,10.7,0
111,19,1,2,4,21,True,115,4,28,1052,10.52,0
112,19,1,2,4,31,False,70,2,75,587,5.87,0
113,19,1,2,4,16,True,70,2,54,566,5.66,0
114,19,1,2,4,30,False,114,1,172,428,4.28,0
115,19,1,2,4,19,True,114,1,153,409,4.09,0
116,19,1,2,4,6,False,129,4,131,1155,11.55,0
117,19,1,2,4,27,True,129,4,111,1135,11.35,0
118,19,1,1,4,33,False,37,5,213,1493,14.93,0
119,19,1,1,4,13,True,36,5,196,1476,14.76,0
120,19,1,2,4,29,False,26,2,155,667,6.67,0
121,19,1,2,4,32,True,26,2,136,648,6.48,0
122,19,1,2,4,23,False,84,3,7,775,7.75,0
123,19,1,2,4,17,True,84,2,244,756,7.56,0
124,19,1,2,4,33,False,70,1,172,428,4.28,0
125,19,1,2,4,32,False,64,3,79,847,8.47,0
126,19,1,2,4,31,True,64,3,58,826,8.26,0
127,19,1,2,4,32,True,65,1,195,451,4.51,0
128,19,1,2,4,19,False,110,1,5,261,2.61,0
129,19,1,2,4,5,True,110,0,243,243,2.43,0
130,19,1,2,4,24,False,1,2,136,648,6.48,0
131,19,1,2,4,8,True,1,2,117,629,6.29,0
132,19,1,2,4,23,False,124,2,101,613,6.13,0
133,19,1,2,4,32,True,124,2,82,594,5.94,0
134,19,1,2,4,14,False,133,2,9,521,5.21,0
135,19,1,2,4,27,True,133,1,243,499,4.99,0
136,19,1,2,4,17,False,148,4,95,1119,11.19,0
137,19,1,2,4,6,True,148,4,73,1097,10.97,0
138,19,1,2,4,16,False,49,5,27,1307,13.07,0
139,19,1,2,4,10,True,49,5,9,1289,12.89,0
140,19,1,2,4,3,False,151,5,156,1436,14.36,0
141,19,1,2,4,7,True,151,5,135,1415,14.15,0
142,19,1,2,4,25,False,37,2,245,757,7.57,0
143,19,1,2,4,25,True,37,2,227,739,7.39,0
144,19,1,2,4,25,False,148,2,160,672,6.72,0
145,19,1,2,4,25,True,148,2,143,655,6.55,0
146,19,1,2,4,6,False,223,2,187,699,6.99,0
147,19,1,2,4,32,True,124,2,169,681,6.81,0
148,19,1,2,4,19,False,45,3,212,980,9.8,0
149,19,1,2,4,31,True,45,3,192,960,9.6,0
150,19,1,2,4,29,True,50,1,155,411,4.11,0
151,19,1,2,4,15,False,49,4,117,1141,11.41,0
152,19,1,2,4,30,True,49,4,96,1120,11.2,0
153,19,1,2,4,16,False,68,2,229,741,7.41,0
154,19,1,2,4,10,True,68,2,211,723,7.23,0
155,19,1,2,2,4,False,2,0,0,0,0.0,0
156,19,1,2,3,4,False,12,4,0,1024,10.24,0
157,19,1,2,3,53,False,4,13,0,3328,33.28,0
158,19,1,2,3,5,False,131,4,0,1024,10.24,0
159,19,1,2,3,51,False,5,14,0,3584,35.84,0
160,19,1,2,4,21,False,139,4,1,1025,10.25,0
161,19,1,2,4,31,True,139,3,239,1007,10.07,0
162,19,1,2,4,1,False,2,2,152,664,6.64,0
163,19,1,2,4,32,True,2,2,130,642,6.42,0
164,19,1,2,4,8,False,132,0,93,93,0.93,0
165,19,1,2,4,14,False,65,2,125,637,6.37,0
166,19,1,2,4,14,True,132,0,70,70,0.7,0
167,19,1,2,4,27,True,65,2,103,615,6.15,0
168,19,1,2,4,27,False,139,4,40,1064,10.64,0
169,19,1,2,4,9,True,140,4,9,1033,10.33,0
170,19,1,2,4,10,True,139,2,202,714,7.14,0
171,19,1,0,4,32,False,218,3,200,968,9.68,0
172,19,1,0,4,27,True,218,3,180,948,9.48,0
173,19,1,2,4,20,False,49,2,238,750,7.5,0
174,19,1,2,4,22,True,49,2,216,728,7.28,0
175,19,1,3,4,10,False,17,4,3,1027,10.27,0
176,19,1,3,4,7,True,17,3,240,1008,10.08,0
177,19,1,2,4,18,False,243,3,152,920,9.2,0
178,19,1,2,4,21,True,243,3,134,902,9.02,0
179,19,1,2,4,28,False,89,3,193,961,9.61,0
180,19,1,2,4,24,True,88,3,174,942,9.42,0
181,19,1,2,4,17,False,115,2,98,610,6.1,0
182,19,1,2,4,25,True,115,2,77,589,5.89,0
183,19,1,2,4,4,False,101,2,27,539,5.39,0
184,19,1,2,4,27,True,101,2,8,520,5.2,0
185,19,1,2,4,16,False,106,4,94,1118,11.18,0
186,19,1,2,4,27,True,106,4,75,1099,10.99,0
187,19,1,2,4,28,False,153,1,218,474,4.74,0
188,19,1,2,4,27,False,152,3,213,981,9.81,0
189,19,1,2,4,17,True,153,1,200,456,4.56,0
190,19,1,2,4,18,True,152,3,194,962,9.62,0
191,19,1,2,4,0,False,67,2,54,566,5.66,0
192,19,1,2,4,26,True,67,2,35,547,5.47,0
193,19,1,2,4,19,False,162,2,220,732,7.32,0
194,19,1,2,4,26,True,162,2,201,713,7.13,0
195,19,1,2,4,14,False,90,5,96,1376,13.76,0
196,19,1,2,4,12,True,90,5,74,1354,13.54,0
197,19,1,2,4,2,False,83,1,134,390,3.9,0
198,19,1,2,4,6,True,83,1,111,367,3.67,0
199,19,1,3,4,21,False,1,4,107,1131,11.31,0
200,19,1,3,4,10,True,1,4,85,1109,11.09,0
201,19,1,2,4,27,False,94,1,117,373,3.73,0
202,19,1,2,4,28,False,89,2,169,681,6.81,0
203,19,1,2,4,32,True,89,2,151,663,6.63,0
204,19,1,2,4,16,False,61,3,67,835,8.35,0
205,19,1,2,4,20,True,61,3,48,816,8.16,0
206,19,1,2,4,25,False,99,2,141,653,6.53,0
207,19,1,2,4,21,True,99,2,122,634,6.34,0
208,19,1,2,4,32,False,45,1,246,502,5.02,0
209,19,1,2,4,25,True,45,1,226,482,4.82,0
210,19,1,2,4,20,False,33,1,205,461,4.61,0
211,19,1,2,4,16,True,33,1,181,437,4.37,0
212,19,1,2,4,22,False,120,5,22,1302,13.02,0
213,19,1,2,4,30,True,120,5,2,1282,12.82,0
214,19,1,1,4,32,False,184,4,177,1201,12.01,0
215,19,1,1,4,13,True,184,4,161,1185,11.85,0
216,19,1,2,4,29,False,195,4,116,1140,11.4,0
217,19,1,2,4,13,True,194,4,98,1122,11.22,0
218,19,1,2,4,32,False,209,2,9,521,5.21,0
219,19,1,2,4,13,True,209,1,244,500,5.0,0
220,19,1,2,4,19,False,140,2,6,518,5.18,0
221,19,1,2,4,26,True,140,1,243,499,4.99,0
222,19,1,2,4,14,False,221,3,90,858,8.58,0
223,19,1,2,4,15,False,221,4,63,1087,10.87,0
224,19,1,2,4,27,True,221,3,68,836,8.36,0
225,19,1,2,4,28,True,221,4,43,1067,10.67,0
226,19,1,2,4,30,False,154,1,76,332,3.32,0
227,19,1,2,4,8,True,153,1,59,315,3.15,0
228,19,1,0,4,33,False,144,3,45,813,8.13,0
229,19,1,0,4,32,True,144,3,27,795,7.95,0
230,19,1,0,4,24,False,11,4,134,1158,11.58,0
231,19,1,0,4,25,False,11,7,34,1826,18.26,0
232,19,1,0,4,14,True,11,7,14,1806,18.06,0
233,19,1,2,4,25,False,108,1,161,417,4.17,0
234,19,1,2,4,27,True,108,1,139,395,3.95,0
235,19,1,2,4,23,False,169,4,47,1071,10.71,0
236,19,1,2,4,28,True,169,4,28,1052,10.52,0
237,19,1,3,4,12,False,185,2,202,714,7.14,0
238,19,1,3,4,4,True,185,2,182,694,6.94,0
239,19,1,2,4,33,False,206,2,44,556,5.56,0
240,19,1,2,4,23,True,206,2,20,532,5.32,0
241,19,1,3,4,29,False,39,6,68,1604,16.04,0
242,19,1,3,4,11,True,39,6,47,1583,15.83,0
243,19,1,2,4,25,False,225,4,226,1250,12.5,0
244,19,1,2,4,28,True,225,4,206,1230,12.3,0
245,19,1,2,4,4,False,57,5,218,1498,14.98,0
246,19,1,2,4,20,True,57,5,199,1479,14.79,0
247,19,1,2,4,20,False,238,3,115,883,8.83,0
248,19,1,2,4,28,True,238,3,94,862,8.62,0
249,19,1,2,4,28,False,81,3,143,911,9.11,0
250,19,1,2,4,29,False,82,2,248,760,7.6,0
251,19,1,2,4,29,True,82,2,231,743,7.43,0
252,19,1,2,4,30,True,81,3,125,893,8.93,0
253,19,1,2,4,22,False,205,2,218,730,7.3,0
254,19,1,2,4,6,True,205,2,101,613,6.13,0
255,19,1,2,4,7,True,205,2,199,711,7.11,0
256,19,1,2,4,3,False,63,3,122,890,8.9,0
257,19,1,2,4,33,True,63,3,102,870,8.7,0
258,19,1,2,4,32,True,64,2,113,625,6.25,0
259,19,1,2,4,26,False,63,4,22,1046,10.46,0
260,19,1,2,4,33,True,63,4,2,1026,10.26,0
261,19,1,2,4,7,False,76,1,63,319,3.19,0
262,19,1,2,4,8,True,75,1,45,301,3.01,0
263,19,1,2,0,0,False,0,0,0,0,0.0,0
264,19,1,2,3,1,False,45,4,0,1024,10.24,0
265,19,1,2,0,0,False,0,0,0,0,0.0,0
266,19,1,2,1,3,False,0,0,0,0,0.0,0
267,19,1,2,1,4,False,0,0,0,0,0.0,0
268,19,1,2,7,56,False,3,3,61,829,8.29,4013373
269,19,1,0,4,3,False,164,3,23,791,7.91,0
270,19,1,0,4,4,False,163,5,29,1309,13.09,0
271,19,1,0,4,32,True,20,3,164,932,9.32,0
272,19,1,0,4,33,True,19,5,12,1292,12.92,0
273,19,1,0,4,19,False,75,4,109,1133,11.33,0
274,19,1,2,4,27,True,75,4,87,1111,11.11,0
275,19,1,2,4,27,False,128,2,173,685,6.85,0
276,19,1,2,4,8,True,128,2,156,668,6.68,0
277,19,1,2,4,5,False,136,3,38,806,8.06,0
278,19,1,2,4,26,True,136,3,20,788,7.88,0
279,19,1,3,4,31,False,116,4,180,1204,12.04,0
280,19,1,3,4,11,True,116,4,157,1181,11.81,0
281,19,1,2,4,21,False,140,2,185,697,6.97,0
282,19,1,2,4,31,True,140,2,168,680,6.8,0
283,19,1,1,5,56,True,4,1,4,260,2.6,22
284,19,1,1,3,5,False,170,4,0,1024,10.24,0
285,19,1,1,4,35,False,5,3,4,772,7.72,0
286,19,1,1,5,35,False,3,10,4,2564,25.64,135
287,19,1,1,1,1,False,0,0,0,0,0.0,0
288,19,1,1,6,61,False,61,13,61,3389,33.89,15677
289,19,1,0,4,23,False,42,3,200,968,9.68,0
290,19,1,0,4,4,True,42,3,186,954,9.54,0
291,19,1,0,4,33,False,106,2,95,607,6.07,0
292,19,1,0,4,20,False,22,7,1,1793,17.93,0
293,19,1,12,2,10,False,106,0,0,0,0.0,0
294,19,1,0,2,20,False,61,0,0,0,0.0,0
295,19,1,2,4,5,False,95,3,13,781,7.81,0
296,19,1,0,4,14,False,163,3,115,883,8.83,0
297,19,1,30,3,20,False,159,15,0,3840,38.4,0
298,19,1,1,4,6,True,163,3,97,865,8.65,0
299,19,1,0,3,32,True,61,13,0,3328,33.28,0
300,19,1,2,4,19,False,55,5,43,1323,13.23,0
301,19,1,2,4,24,True,54,5,23,1303,13.03,0
302,19,1,2,4,4,False,50,2,227,739,7.39,0
303,19,1,2,4,15,True,50,2,209,721,7.21,0
304,19,1,2,4,26,False,10,2,111,623,6.23,0
305,19,1,2,4,14,True,10,2,92,604,6.04,0
306,19,1,2,4,23,False,60,3,30,798,7.98,0
307,19,1,2,4,13,True,60,3,11,779,7.79,0
308,19,1,2,4,14,False,106,2,157,669,6.69,0
309,19,1,2,4,32,True,106,2,136,648,6.48,0
310,19,1,2,4,21,False,170,5,151,1431,14.31,0
311,19,1,2,4,24,True,170,5,133,1413,14.13,0
312,19,1,2,4,22,False,237,1,239,495,4.95,0
313,19,1,2,4,19,True,237,1,219,475,4.75,0
314,19,1,2,4,1,False,6,5,55,1335,13.35,0
315,19,1,2,4,9,True,5,5,33,1313,13.13,0
316,19,1,0,4,30,False,248,4,245,1269,12.69,0
317,19,1,0,4,22,True,248,4,226,1250,12.5,0
318,19,1,2,4,4,False,64,1,2,258,2.58,0
319,19,1,2,4,0,False,1,2,4,516,5.16,0
320,19,1,2,2,60,False,4,0,0,0,0.0,0
321,19,1,2,3,4,False,152,12,0,3072,30.72,0
322,19,1,2,4,63,False,61,13,61,3389,33.89,0
323,19,1,0,4,23,False,43,3,218,986,9.86,0
324,19,1,0,4,21,True,19,3,198,966,9.66,0
325,19,1,0,4,22,False,28,3,10,778,7.78,0
326,19,1,0,4,16,False,29,3,100,868,8.68,0
327,19,1,0,4,19,True,20,3,87,855,8.55,0
328,19,1,0,4,31,False,17,2,21,533,5.33,0
329,19,1,0,4,33,False,200,4,201,1225,12.25,0
330,19,1,2,4,16,False,163,2,79,591,5.91,0
331,19,1,2,4,14,True,163,2,60,572,5.72,0
332,19,1,2,4,15,True,200,4,181,1205,12.05,0
333,19,1,2,4,17,True,201,2,225,737,7.37,0
334,19,1,2,4,22,False,232,2,122,634,6.34,0
335,19,1,2,4,23,False,232,4,195,1219,12.19,0
336,19,1,2,4,4,True,232,4,176,1200,12.0,0
337,19,1,2,4,16,False,71,1,203,459,4.59,0
338,19,1,2,4,20,True,71,1,184,440,4.4,0
339,19,1,0,4,30,False,167,4,22,1046,10.46,0
340,19,1,0,4,14,True,167,4,3,1027,10.27,0
341,19,1,2,4,6,False,239,3,143,911,9.11,0
342,19,1,2,4,8,True,239,3,125,893,8.93,0
343,19,1,2,4,29,False,150,0,199,199,1.99,0
344,19,1,2,4,32,True,150,0,181,181,1.81,0
345,19,1,2,4,27,False,175,2,56,568,5.68,0
346,19,1,2,4,26,False,173,3,207,975,9.75,0
347,19,1,2,4,13,True,172,3,187,955,9.55,0
348,19,1,2,4,30,False,127,3,126,894,8.94,0
349,19,1,2,4,4,True,127,3,109,877,8.77,0
350,19,1,2,4,27,False,222,3,200,968,9.68,0
351,19,1,2,4,28,False,222,5,118,1398,13.98,0
352,19,1,2,4,28,True,222,5,103,1383,13.83,0
353,19,1,2,4,29,True,222,3,180,948,9.48,0
354,19,1,2,4,14,False,229,3,199,967,9.67,0
355,19,1,2,4,26,True,228,3,177,945,9.45,0
356,19,1,1,4,20,False,4,5,72,1352,13.52,0
357,19,1,1,4,26,True,4,5,51,1331,13.31,0
358,19,1,2,4,28,False,145,4,234,1258,12.58,0
359,19,1,2,4,16,True,145,4,215,1239,12.39,0
360,19,1,2,4,23,False,185,5,243,1523,15.23,0
361,19,1,2,4,26,True,185,5,224,1504,15.04,0
362,19,1,2,4,29,False,113,4,138,1162,11.62,0
363,19,1,2,4,28,True,113,4,120,1144,11.44,0
364,19,1,2,4,8,False,136,2,57,569,5.69,0
365,19,1,2,4,14,True,136,2,33,545,5.45,0
366,19,1,2,4,15,False,140,1,138,394,3.94,0
367,19,1,2,4,29,True,140,1,117,373,3.73,0
368,19,1,0,4,15,False,212,5,116,1396,13.96,0
369,19,1,0,4,22,True,212,5,96,1376,13.76,0
370,19,1,2,4,5,False,34,1,74,330,3.3,0
371,19,1,2,4,26,True,34,1,57,313,3.13,0
372,19,1,2,4,16,False,143,4,117,1141,11.41,0
373,19,1,2,4,26,True,34,4,98,1122,11.22,0
374,19,1,2,4,14,False,204,2,3,515,5.15,0
375,19,1,2,4,27,True,203,1,236,492,4.92,0
376,19,1,1,4,32,False,62,4,207,1231,12.31,0
377,19,1,1,4,3,True,62,4,190,1214,12.14,0
378,19,-1,-1,-1,-1,True,-1,-1,-1,-1,-1.0,-1
0,20,-1,-1,-1,-1,True,-1,-1,-1,-1,-1.0,-1
1,20,-1,-1,-1,-1,True,-1,-1,-1,-1,-1.0,-1
2,20,-1,-1,-1,-1,True,-1,-1,-1,-1,-1.0,-1
3,20,-1,-1,-1,-1,True,-1,-1,-1,-1,-1.0,-1
4,20,1,2,4,12,True,212,2,219,731,7.31,0
5,20,1,2,4,5,False,220,4,11,1035,10.35,0
6,20,1,2,4,12,True,220,3,248,1016,10.16,0
7,20,1,2,4,16,False,45,2,201,713,7.13,0
8,20,1,2,4,29,True,44,2,183,695,6.95,0
9,20,1,2,4,16,False,114,1,94,350,3.5,0
10,20,1,2,4,17,False,116,1,95,351,3.51,0
11,20,1,2,4,13,True,116,1,73,329,3.29,0
12,20,1,2,4,14,True,114,1,75,331,3.31,0
13,20,1,2,4,14,False,157,5,217,1497,14.97,0
14,20,1,2,4,26,True,34,5,196,1476,14.76,0
15,20,1,2,4,5,False,191,2,97,609,6.09,0
16,20,1,2,4,28,True,191,2,78,590,5.9,0
17,20,1,2,4,26,False,205,1,197,453,4.53,0
18,20,1,2,4,27,False,204,4,142,1166,11.66,0
19,20,1,2,4,25,True,204,4,123,1147,11.47,0
20,20,1,3,4,6,False,156,4,126,1150,11.5,0
21,20,1,3,4,3,True,156,4,105,1129,11.29,0
22,20,1,2,4,30,False,46,1,33,289,2.89,0
23,20,1,2,4,29,True,46,1,13,269,2.69,0
24,20,1,2,4,24,False,217,5,225,1505,15.05,0
25,20,1,2,4,5,True,217,5,206,1486,14.86,0
26,20,1,2,4,33,False,22,1,98,354,3.54,0
27,20,1,2,4,22,True,22,1,77,333,3.33,0
28,20,1,2,4,29,False,154,4,237,1261,12.61,0
29,20,1,2,4,20,True,154,4,218,1242,12.42,0
30,20,1,3,4,31,False,138,3,227,995,9.95,0
31,20,1,3,4,7,True,138,3,204,972,9.72,0
32,20,1,2,4,1,False,223,2,199,711,7.11,0
33,20,1,2,4,3,False,224,1,241,497,4.97,0
34,20,1,2,4,25,True,223,2,177,689,6.89,0
35,20,1,2,4,2,False,212,1,215,471,4.71,0
36,20,1,2,4,22,True,212,1,194,450,4.5,0
37,20,1,2,4,25,False,1,1,125,381,3.81,0
38,20,1,2,4,27,True,1,1,104,360,3.6,0
39,20,1,2,4,17,False,21,3,47,815,8.15,0
40,20,1,2,4,26,True,21,3,26,794,7.94,0
41,20,1,2,4,3,False,234,1,83,339,3.39,0
42,20,1,2,4,16,True,234,1,60,316,3.16,0
43,20,1,0,4,30,False,90,2,186,698,6.98,0
44,20,1,0,4,6,True,90,2,171,683,6.83,0
45,20,1,2,4,17,False,55,2,126,638,6.38,0
46,20,1,2,4,21,True,55,2,105,617,6.17,0
47,20,1,2,4,24,False,192,1,120,376,3.76,0
48,20,1,2,4,29,True,192,1,99,355,3.55,0
49,20,1,2,4,19,False,20,1,197,453,4.53,0
50,20,1,2,4,29,True,19,1,179,435,4.35,0
51,20,1,2,4,20,False,113,3,28,796,7.96,0
52,20,1,2,4,24,True,113,3,6,774,7.74,0
53,20,1,2,4,5,False,186,2,101,613,6.13,0
54,20,1,2,4,22,True,186,2,82,594,5.94,0
55,20,1,2,4,7,False,124,4,76,1100,11.0,0
56,20,1,2,4,8,False,122,4,30,1054,10.54,0
57,20,1,2,4,10,True,122,4,81,1105,11.05,0
58,20,1,0,4,5,False,211,1,22,278,2.78,0
59,20,1,0,4,20,True,211,1,6,262,2.62,0
60,20,1,2,4,5,False,35,5,69,1349,13.49,0
61,20,1,2,4,8,True,35,5,50,1330,13.3,0
62,20,1,2,4,15,False,199,2,152,664,6.64,0
63,20,1,2,4,16,False,199,4,102,1126,11.26,0
64,20,1,2,4,23,True,199,4,82,1106,11.06,0
65,20,1,2,7,7,True,4,2,151,663,6.63,5375175
66,20,1,2,4,25,False,111,5,185,1465,14.65,0
67,20,1,2,4,31,True,114,3,106,874,8.74,0
68,20,1,2,4,32,True,111,5,166,1446,14.46,0
69,20,1,2,4,23,False,90,3,6,774,7.74,0
70,20,1,2,4,28,True,90,2,243,755,7.55,0
71,20,1,2,4,21,False,174,2,45,557,5.57,0
72,20,1,2,4,26,True,174,2,28,540,5.4,0
73,20,1,2,4,3,False,60,3,60,828,8.28,0
74,20,1,2,4,28,True,60,3,39,807,8.07,0
75,20,1,2,4,25,False,130,1,138,394,3.94,0
76,20,1,2,4,20,True,130,1,117,373,3.73,0
77,20,1,2,4,21,False,148,1,52,308,3.08,0
78,20,1,2,4,17,True,148,1,35,291,2.91,0
79,20,1,0,4,30,False,147,3,2,770,7.7,0
80,20,1,0,4,25,True,147,2,240,752,7.52,0
81,20,1,2,4,23,False,246,2,254,766,7.66,0
82,20,1,2,4,31,True,246,2,233,745,7.45,0
83,20,1,2,4,28,False,147,2,79,591,5.91,0
84,20,1,2,4,10,True,147,2,62,574,5.74,0
85,20,1,2,4,25,False,130,2,30,542,5.42,0
86,20,1,2,4,10,True,129,2,11,523,5.23,0
87,20,1,2,4,24,False,67,2,200,712,7.12,0
88,20,1,2,4,32,True,67,2,181,693,6.93,0
89,20,1,0,4,27,False,233,3,131,899,8.99,0
90,20,1,0,4,28,False,230,3,195,963,9.63,0
91,20,1,0,4,20,True,233,3,113,881,8.81,0
92,20,1,0,4,21,True,230,3,177,945,9.45,0
93,20,1,2,4,17,False,184,4,159,1183,11.83,0
94,20,1,2,4,30,True,183,4,138,1162,11.62,0
95,20,1,2,4,17,False,87,2,82,594,5.94,0
96,20,1,2,4,12,True,87,2,59,571,5.71,0
97,20,1,2,4,23,False,54,4,28,1052,10.52,0
98,20,1,2,4,27,True,54,4,8,1032,10.32,0
99,20,1,2,4,6,False,248,1,127,383,3.83,0
100,20,1,2,4,12,True,248,1,107,363,3.63,0
101,20,1,3,4,12,False,94,7,22,1814,18.14,0
102,20,1,3,4,15,True,94,7,1,1793,17.93,0
103,20,1,2,4,15,False,173,4,171,1195,11.95,0
104,20,1,2,4,22,True,173,4,150,1174,11.74,0
105,20,1,2,4,21,False,121,2,45,557,5.57,0
106,20,1,2,4,28,True,121,2,27,539,5.39,0
107,20,1,2,4,25,False,212,2,174,686,6.86,0
108,20,1,2,4,24,False,212,7,189,1981,19.81,0
109,20,1,2,4,19,True,212,7,169,1961,19.61,0
110,20,1,2,4,30,False,95,2,199,711,7.11,0
111,20,1,2,4,13,True,95,2,182,694,6.94,0
112,20,1,2,4,15,False,249,2,83,595,5.95,0
113,20,1,2,4,11,True,249,2,61,573,5.73,0
114,20,1,2,4,14,False,2,4,62,1086,10.86,0
115,20,1,2,4,16,True,2,4,39,1063,10.63,0
116,20,1,2,4,16,False,250,1,79,335,3.35,0
117,20,1,2,4,17,False,248,3,32,800,8.0,0
118,20,1,2,4,22,True,250,1,60,316,3.16,0
119,20,1,2,4,23,True,248,3,8,776,7.76,0
120,20,1,3,4,0,False,211,8,188,2236,22.36,0
121,20,1,3,4,9,True,211,8,165,2213,22.13,0
122,20,1,2,4,14,False,72,3,97,865,8.65,0
123,20,1,2,4,23,True,72,3,72,840,8.4,0
124,20,1,2,4,26,False,74,1,68,324,3.24,0
125,20,1,2,4,19,True,74,1,47,303,3.03,0
126,20,1,3,1,19,True,0,0,0,0,0.0,0
127,20,1,3,0,0,False,0,0,0,0,0.0,0
128,20,1,3,5,4,False,24,2,3,515,5.15,201
129,20,1,3,4,25,False,130,5,57,1337,13.37,0
130,20,1,3,4,6,True,130,5,37,1317,13.17,0
131,20,1,0,4,5,False,46,3,180,948,9.48,0
132,20,1,0,4,22,True,46,3,163,931,9.31,0
133,20,1,3,4,32,False,218,1,96,352,3.52,0
134,20,1,3,4,6,True,218,1,75,331,3.31,0
135,20,1,2,4,4,False,214,2,118,630,6.3,0
136,20,1,2,4,27,True,214,2,100,612,6.12,0
137,20,1,3,4,21,False,90,5,59,1339,13.39,0
138,20,1,3,4,7,True,90,5,37,1317,13.17,0
139,20,1,2,4,20,False,3,0,183,183,1.83,0
140,20,1,2,4,22,True,3,0,161,161,1.61,0
141,20,1,2,4,6,False,70,2,175,687,6.87,0
142,20,1,2,4,5,True,70,2,156,668,6.68,0
143,20,1,2,4,2,False,59,5,96,1376,13.76,0
144,20,1,2,4,12,True,59,5,73,1353,13.53,0
145,20,1,2,4,20,False,59,0,208,208,2.08,0
146,20,1,2,4,21,False,50,2,149,661,6.61,0
147,20,1,2,4,6,True,50,2,131,643,6.43,0
148,20,1,2,4,17,False,106,2,203,715,7.15,0
149,20,1,2,4,16,True,106,2,180,692,6.92,0
150,20,1,2,4,19,False,34,5,29,1309,13.09,0
151,20,1,2,4,24,True,34,5,10,1290,12.9,0
152,20,1,3,4,13,False,10,4,69,1093,10.93,0
153,20,1,3,4,26,True,10,4,46,1070,10.7,0
154,20,1,2,4,23,False,9,3,31,799,7.99,0
155,20,1,2,4,28,True,9,3,12,780,7.8,0
156,20,1,2,4,17,False,96,2,1,513,5.13,0
157,20,1,2,4,14,True,96,1,235,491,4.91,0
158,20,1,2,4,22,False,6,2,17,529,5.29,0
159,20,1,2,4,30,True,5,1,254,510,5.1,0
160,20,1,2,4,5,False,72,4,46,1070,10.7,0
161,20,1,2,4,29,True,72,4,28,1052,10.52,0
162,20,1,2,4,1,False,200,2,72,584,5.84,0
163,20,1,2,4,22,True,199,2,50,562,5.62,0
164,20,1,2,4,14,False,64,5,140,1420,14.2,0
165,20,1,2,4,21,True,64,5,117,1397,13.97,0
166,20,1,2,4,5,False,19,2,116,628,6.28,0
167,20,1,2,4,13,True,19,2,97,609,6.09,0
168,20,1,3,4,24,False,62,5,80,1360,13.6,0
169,20,1,3,4,25,False,62,4,94,1118,11.18,0
170,20,1,3,4,11,True,62,5,60,1340,13.4,0
171,20,1,3,4,12,True,62,4,73,1097,10.97,0
172,20,1,2,4,1,False,226,2,18,530,5.3,0
173,20,1,2,4,26,True,225,1,252,508,5.08,0
174,20,1,2,4,6,False,161,2,76,588,5.88,0
175,20,1,2,4,22,True,161,2,58,570,5.7,0
176,20,1,0,4,23,False,13,4,62,1086,10.86,0
177,20,1,0,4,32,True,13,4,47,1071,10.71,0
178,20,1,2,4,14,False,247,1,115,371,3.71,0
179,20,1,2,4,9,True,247,1,94,350,3.5,0
180,20,1,2,4,6,False,74,5,168,1448,14.48,0
181,20,1,2,4,18,True,73,5,148,1428,14.28,0
182,20,1,2,4,32,False,155,3,17,785,7.85,0
183,20,1,2,4,25,True,155,2,254,766,7.66,0
184,20,1,2,4,23,False,243,3,192,960,9.6,0
185,20,1,2,4,16,True,243,3,172,940,9.4,0
186,20,1,2,4,4,False,178,2,209,721,7.21,0
187,20,1,2,4,28,True,178,2,191,703,7.03,0
188,20,1,2,4,25,False,255,3,13,781,7.81,0
189,20,1,2,4,28,True,255,2,249,761,7.61,0
190,20,1,1,4,27,False,154,2,212,724,7.24,0
191,20,1,1,4,28,False,153,3,31,799,7.99,0
192,20,1,1,4,11,True,153,3,12,780,7.8,0
193,20,1,2,4,19,False,165,1,65,321,3.21,0
194,20,1,2,4,13,True,165,1,46,302,3.02,0
195,20,1,2,4,25,False,190,2,135,647,6.47,0
196,20,1,2,4,20,True,190,2,114,626,6.26,0
197,20,1,2,4,29,False,150,3,130,898,8.98,0
198,20,1,2,4,31,True,150,3,111,879,8.79,0
199,20,1,2,4,12,False,224,2,138,650,6.5,0
200,20,1,2,4,11,True,223,2,119,631,6.31,0
201,20,1,2,4,1,False,134,2,195,707,7.07,0
202,20,1,2,4,3,False,135,4,201,1225,12.25,0
203,20,1,2,4,11,True,134,2,171,683,6.83,0
204,20,1,2,4,20,True,135,4,180,1204,12.04,0
205,20,1,2,4,31,False,212,3,86,854,8.54,0
206,20,1,2,4,7,True,212,3,67,835,8.35,0
207,20,1,2,4,16,False,107,1,231,487,4.87,0
208,20,1,2,4,26,True,107,1,213,469,4.69,0
209,20,1,2,4,25,False,20,2,124,636,6.36,0
210,20,1,2,4,20,True,20,2,104,616,6.16,0
211,20,1,2,4,23,False,70,2,168,680,6.8,0
212,20,1,2,4,24,False,69,2,226,738,7.38,0
213,20,1,2,4,22,True,69,2,204,716,7.16,0
214,20,1,2,4,19,False,248,3,126,894,8.94,0
215,20,1,2,4,13,True,247,3,107,875,8.75,0
216,20,1,2,4,2,False,208,2,126,638,6.38,0
217,20,1,2,4,24,True,208,2,104,616,6.16,0
218,20,1,2,4,17,False,207,5,159,1439,14.39,0
219,20,1,2,4,30,True,207,5,137,1417,14.17,0
220,20,1,2,4,19,False,156,2,236,748,7.48,0
221,20,1,2,4,19,True,156,2,220,732,7.32,0
222,20,1,2,4,22,False,15,3,212,980,9.8,0
223,20,1,2,4,22,True,15,3,194,962,9.62,0
224,20,1,2,4,1,False,80,2,64,576,5.76,0
225,20,1,2,4,21,True,80,2,42,554,5.54,0
226,20,1,2,4,20,False,78,3,75,843,8.43,0
227,20,1,2,4,10,True,78,3,53,821,8.21,0
228,20,1,2,4,6,False,2,3,56,824,8.24,0
229,20,1,2,4,27,True,2,3,36,804,8.04,0
230,20,1,1,4,19,False,253,6,58,1594,15.94,0
231,20,1,1,4,30,True,253,6,42,1578,15.78,0
232,20,1,2,4,21,False,109,2,56,568,5.68,0
233,20,1,2,4,9,True,109,2,40,552,5.52,0
234,20,1,2,4,4,False,5,2,186,698,6.98,0
235,20,1,2,4,17,True,4,2,167,679,6.79,0
236,20,1,0,4,31,False,36,0,224,224,2.24,0
237,20,1,0,4,15,True,35,0,207,207,2.07,0
238,20,1,2,4,1,False,66,1,67,323,3.23,0
239,20,1,2,4,22,True,66,1,45,301,3.01,0
240,20,1,2,4,29,False,179,4,212,1236,12.36,0
241,20,1,2,4,27,True,179,4,193,1217,12.17,0
242,20,1,2,4,22,False,241,1,44,300,3.0,0
243,20,1,2,4,19,True,241,1,24,280,2.8,0
244,20,1,2,4,32,False,166,4,155,1179,11.79,0
245,20,1,2,4,23,True,166,4,131,1155,11.55,0
246,20,1,2,4,4,False,235,4,21,1045,10.45,0
247,20,1,2,4,29,True,235,4,2,1026,10.26,0
248,20,1,2,4,25,False,82,1,241,497,4.97,0
249,20,1,2,4,17,True,82,1,221,477,4.77,0
250,20,1,2,4,19,False,245,2,215,727,7.27,0
251,20,1,2,4,8,True,245,2,197,709,7.09,0
252,20,1,2,4,14,False,103,3,129,897,8.97,0
253,20,1,2,4,33,True,103,3,107,875,8.75,0
254,20,1,2,4,14,False,99,1,100,356,3.56,0
255,20,1,2,4,27,True,99,1,78,334,3.34,0
256,20,1,2,4,22,False,223,1,187,443,4.43,0
257,20,1,2,4,6,True,223,1,166,422,4.22,0
258,20,1,2,4,24,False,105,4,21,1045,10.45,0
259,20,1,2,4,21,True,105,4,1,1025,10.25,0
260,20,1,2,4,21,False,121,2,207,719,7.19,0
261,20,1,2,4,21,True,121,2,192,704,7.04,0
262,20,1,2,4,16,False,135,2,100,612,6.12,0
263,20,1,2,4,26,True,135,2,82,594,5.94,0
264,20,1,2,4,0,False,1,2,148,660,6.6,0
265,20,1,2,4,14,True,1,2,128,640,6.4,0
266,20,1,2,4,30,True,68,0,97,97,0.97,0
267,20,1,2,4,14,False,57,4,146,1170,11.7,0
268,20,1,2,4,29,True,57,4,124,1148,11.48,0
269,20,1,2,4,31,False,116,3,40,808,8.08,0
270,20,1,2,4,12,True,115,3,20,788,7.88,0
271,20,1,2,4,23,True,202,1,240,496,4.96,0
272,20,1,2,4,21,False,200,6,92,1628,16.28,0
273,20,1,2,4,24,True,200,6,74,1610,16.1,0
274,20,1,2,4,11,False,120,2,5,517,5.17,0
275,20,1,2,4,13,True,120,1,241,497,4.97,0
276,20,1,2,4,26,False,118,3,91,859,8.59,0
277,20,1,2,4,22,True,118,3,70,838,8.38,0
278,20,1,2,4,3,False,38,2,152,664,6.64,0
279,20,1,2,4,15,True,38,2,130,642,6.42,0
280,20,1,2,4,3,False,0,2,47,559,5.59,0
281,20,1,2,4,30,True,0,2,26,538,5.38,0
282,20,1,2,4,26,False,86,4,255,1279,12.79,0
283,20,1,2,4,21,True,86,4,235,1259,12.59,0
284,20,1,2,4,23,False,86,7,78,1870,18.7,0
285,20,1,2,4,29,True,86,7,57,1849,18.49,0
286,20,1,2,4,23,False,196,2,80,592,5.92,0
287,20,1,2,4,33,True,196,2,62,574,5.74,0
288,20,1,2,4,31,False,95,1,73,329,3.29,0
289,20,1,2,4,9,True,95,1,55,311,3.11,0
290,20,1,2,4,1,False,251,1,244,500,5.0,0
291,20,1,2,4,25,True,251,1,222,478,4.78,0
292,20,1,2,4,1,False,223,1,98,354,3.54,0
293,20,1,2,4,16,True,223,1,75,331,3.31,0
294,20,1,2,4,32,False,136,3,165,933,9.33,0
295,20,1,2,4,27,True,136,3,143,911,9.11,0
296,20,1,3,4,8,False,19,5,179,1459,14.59,0
297,20,1,3,4,8,True,19,5,163,1443,14.43,0
298,20,1,2,4,5,False,234,2,208,720,7.2,0
299,20,1,2,4,28,True,234,2,190,702,7.02,0
300,20,1,2,4,1,False,154,1,191,447,4.47,0
301,20,1,2,4,16,True,154,1,167,423,4.23,0
302,20,1,2,4,21,False,90,4,132,1156,11.56,0
303,20,1,2,4,25,True,90,4,115,1139,11.39,0
304,20,1,2,4,33,False,229,2,237,749,7.49,0
305,20,1,2,4,19,True,229,2,216,728,7.28,0
306,20,1,2,4,22,False,54,1,152,408,4.08,0
307,20,1,2,4,3,True,54,1,133,389,3.89,0
308,20,1,2,4,28,False,78,2,208,720,7.2,0
309,20,1,2,4,18,True,78,2,191,703,7.03,0
310,20,1,2,4,25,False,211,2,54,566,5.66,0
311,20,1,2,4,16,True,211,2,32,544,5.44,0
312,20,1,2,4,4,False,219,3,114,882,8.82,0
313,20,1,2,4,12,True,219,3,95,863,8.63,0
314,20,1,2,4,6,False,214,2,114,626,6.26,0
315,20,1,2,4,26,True,214,2,96,608,6.08,0
316,20,1,3,4,3,False,96,6,48,1584,15.84,0
317,20,1,3,4,14,True,96,6,27,1563,15.63,0
318,20,1,3,4,13,False,87,4,132,1156,11.56,0
319,20,1,3,4,7,True,87,4,110,1134,11.34,0
320,20,1,2,4,20,False,150,4,235,1259,12.59,0
321,20,1,2,4,18,True,150,4,214,1238,12.38,0
322,20,1,2,4,28,True,196,0,185,185,1.85,0
323,20,1,2,4,3,False,192,2,198,710,7.1,0
324,20,1,2,4,26,False,189,3,38,806,8.06,0
325,20,1,2,4,14,True,189,3,19,787,7.87,0
326,20,1,2,4,29,True,192,2,177,689,6.89,0
327,20,1,2,4,25,False,23,2,111,623,6.23,0
328,20,1,2,4,11,True,23,2,92,604,6.04,0
329,20,1,0,4,32,False,75,2,123,635,6.35,0
330,20,1,0,4,34,True,75,2,104,616,6.16,0
331,20,1,2,4,21,False,29,1,135,391,3.91,0
332,20,1,2,4,28,True,29,1,118,374,3.74,0
333,20,1,2,4,20,False,94,3,132,900,9.0,0
334,20,1,2,4,5,True,94,3,112,880,8.8,0
335,20,1,2,4,26,False,29,3,60,828,8.28,0
336,20,1,2,4,27,True,29,3,39,807,8.07,0
337,20,1,2,4,22,False,211,1,177,433,4.33,0
338,20,1,2,4,28,True,211,1,158,414,4.14,0
339,20,1,2,4,20,False,254,1,199,455,4.55,0
340,20,1,2,4,29,True,253,1,177,433,4.33,0
341,20,1,2,4,3,False,13,3,20,788,7.88,0
342,20,1,2,4,19,True,13,2,255,767,7.67,0
343,20,1,2,4,24,False,240,2,87,599,5.99,0
344,20,1,2,4,20,True,240,2,65,577,5.77,0
345,20,1,2,4,14,False,62,3,88,856,8.56,0
346,20,1,2,4,28,True,62,3,66,834,8.34,0
347,20,1,2,4,12,False,211,2,203,715,7.15,0
348,20,1,2,4,8,True,211,2,186,698,6.98,0
349,20,1,2,4,1,False,98,3,255,1023,10.23,0
350,20,1,2,4,32,True,98,3,233,1001,10.01,0
351,20,1,2,4,23,True,67,0,250,250,2.5,0
352,20,1,2,7,3,False,0,10,4,2564,25.64,278295
353,20,1,2,5,4,False,152,15,4,3844,38.44,193
354,20,1,0,4,32,False,75,3,168,936,9.36,0
355,20,1,0,4,18,True,30,3,151,919,9.19,0
356,20,1,2,4,31,False,130,1,161,417,4.17,0
357,20,1,2,4,18,True,130,1,141,397,3.97,0
358,20,1,2,4,14,False,197,1,7,263,2.63,0
359,20,1,2,4,28,True,197,0,242,242,2.42,0
360,20,1,3,4,7,False,238,2,103,615,6.15,0
361,20,1,3,4,13,True,238,2,80,592,5.92,0
362,20,1,2,4,18,False,84,2,188,700,7.0,0
363,20,1,2,4,18,True,84,2,170,682,6.82,0
364,20,1,3,4,4,False,200,4,194,1218,12.18,0
365,20,1,3,4,9,True,200,4,171,1195,11.95,0
366,20,1,2,4,20,True,121,2,196,708,7.08,0
367,20,1,2,4,24,False,121,6,178,1714,17.14,0
368,20,1,2,4,19,True,121,6,152,1688,16.88,0
369,20,1,2,4,30,False,115,3,108,876,8.76,0
370,20,1,2,4,28,True,115,3,90,858,8.58,0
371,20,1,2,4,14,False,201,3,118,886,8.86,0
372,20,1,2,4,15,False,204,2,235,747,7.47,0
373,20,1,2,4,16,False,202,2,113,625,6.25,0
374,20,1,2,4,20,True,201,3,96,864,8.64,0
375,20,1,0,4,31,False,159,2,246,758,7.58,0
0,21,-1,-1,-1,-1,True,-1,-1,-1,-1,-1.0,-1
1,21,-1,-1,-1,-1,True,-1,-1,-1,-1,-1.0,-1
2,21,-1,-1,-1,-1,True,-1,-1,-1,-1,-1.0,-1
3,21,1,0,4,16,True,159,2,229,741,7.41,0
4,21,1,2,4,2,False,181,1,234,490,4.9,0
5,21,1,2,4,16,True,181,1,213,469,4.69,0
6,21,1,2,4,2,False,187,2,9,521,5.21,0
7,21,1,2,4,21,True,187,1,245,501,5.01,0
8,21,1,2,4,23,False,212,2,227,739,7.39,0
9,21,1,2,4,33,True,212,2,208,720,7.2,0
10,21,1,2,4,29,False,67,3,148,916,9.16,0
11,21,1,2,4,18,True,67,3,130,898,8.98,0
12,21,1,2,4,25,False,241,1,89,345,3.45,0
13,21,1,2,4,10,True,241,1,69,325,3.25,0
14,21,1,2,4,24,False,77,1,189,445,4.45,0
15,21,1,2,4,17,True,77,1,169,425,4.25,0
16,21,1,2,4,31,False,111,4,134,1158,11.58,0
17,21,1,2,4,33,True,111,4,114,1138,11.38,0
18,21,1,2,4,18,False,77,1,5,261,2.61,0
19,21,1,2,4,12,True,77,0,242,242,2.42,0
20,21,1,2,4,22,False,254,2,122,634,6.34,0
21,21,1,2,4,22,True,254,2,104,616,6.16,0
22,21,1,3,4,14,False,136,2,7,519,5.19,0
23,21,1,3,4,3,True,136,1,239,495,4.95,0
24,21,1,2,4,3,False,140,1,235,491,4.91,0
25,21,1,2,4,26,True,140,1,214,470,4.7,0
26,21,1,2,4,1,False,194,2,253,765,7.65,0
27,21,1,2,4,16,True,194,2,229,741,7.41,0
28,21,1,2,4,31,False,224,1,176,432,4.32,0
29,21,1,2,4,30,True,224,1,156,412,4.12,0
30,21,1,3,4,33,False,128,6,107,1643,16.43,0
31,21,1,3,4,31,True,127,6,85,1621,16.21,0
32,21,1,2,4,9,False,224,1,14,270,2.7,0
33,21,1,2,4,8,True,224,0,249,249,2.49,0
34,21,1,3,4,21,False,79,3,29,797,7.97,0
35,21,1,3,4,16,True,79,3,7,775,7.75,0
36,21,1,0,4,20,False,38,4,27,1051,10.51,0
37,21,1,0,4,33,True,38,4,7,1031,10.31,0
38,21,1,2,4,26,False,228,2,183,695,6.95,0
39,21,1,2,4,22,True,228,2,163,675,6.75,0
40,21,1,2,4,15,False,167,4,81,1105,11.05,0
41,21,1,2,4,16,True,167,4,59,1083,10.83,0
42,21,1,2,4,7,False,83,3,75,843,8.43,0
43,21,1,2,4,6,True,83,3,55,823,8.23,0
44,21,1,2,4,23,False,187,1,86,342,3.42,0
45,21,1,2,4,25,True,187,1,67,323,3.23,0
46,21,1,2,4,0,False,9,3,199,967,9.67,0
47,21,1,2,4,7,True,9,3,179,947,9.47,0
48,21,1,3,4,15,False,171,6,212,1748,17.48,0
49,21,1,3,4,16,True,170,6,192,1728,17.28,0
50,21,1,2,4,16,False,92,2,77,589,5.89,0
51,21,1,2,4,7,True,92,2,59,571,5.71,0
52,21,1,2,4,14,True,4,1,14,270,2.7,0
53,21,1,2,4,3,False,253,3,196,964,9.64,0
54,21,1,2,4,15,True,253,3,175,943,9.43,0
55,21,1,2,4,14,False,203,4,91,1115,11.15,0
56,21,1,2,4,11,True,203,4,69,1093,10.93,0
57,21,1,2,4,3,False,12,3,199,967,9.67,0
58,21,1,2,4,31,True,12,3,177,945,9.45,0
59,21,1,0,4,29,False,58,6,200,1736,17.36,0
60,21,1,0,4,7,True,58,6,184,1720,17.2,0
61,21,1,3,4,6,False,3,3,156,924,9.24,0
62,21,1,3,4,16,True,3,3,137,905,9.05,0
63,21,1,2,4,20,False,125,2,2,514,5.14,0
64,21,1,2,4,8,True,125,1,238,494,4.94,0
65,21,1,2,4,19,False,193,1,163,419,4.19,0
66,21,1,2,4,20,True,193,1,143,399,3.99,0
67,21,1,2,4,16,False,5,4,8,1032,10.32,0
68,21,1,2,4,17,False,4,3,187,955,9.55,0
69,21,1,2,4,24,True,4,3,245,1013,10.13,0
70,21,1,2,4,26,True,4,3,166,934,9.34,0
71,21,1,2,4,15,False,135,3,51,819,8.19,0
72,21,1,2,4,21,True,135,3,29,797,7.97,0
73,21,1,2,4,23,False,246,3,154,922,9.22,0
74,21,1,2,4,17,True,246,3,135,903,9.03,0
75,21,1,1,4,29,False,224,1,183,439,4.39,0
76,21,1,1,4,18,True,224,1,164,420,4.2,0
77,21,1,2,4,30,False,134,3,61,829,8.29,0
78,21,1,2,4,26,True,134,3,41,809,8.09,0
79,21,1,2,4,23,False,102,3,247,1015,10.15,0
80,21,1,2,4,21,True,102,3,229,997,9.97,0
81,21,1,3,4,14,False,175,4,55,1079,10.79,0
82,21,1,3,4,13,True,175,4,32,1056,10.56,0
83,21,1,2,4,11,False,189,4,52,1076,10.76,0
84,21,1,2,4,11,True,189,4,34,1058,10.58,0
85,21,1,2,4,18,False,30,3,8,776,7.76,0
86,21,1,2,4,32,True,30,2,246,758,7.58,0
87,21,1,0,4,24,False,145,7,5,1797,17.97,0
88,21,1,0,4,15,True,144,6,245,1781,17.81,0
89,21,1,2,4,25,False,152,2,161,673,6.73,0
90,21,1,2,4,26,True,152,2,141,653,6.53,0
91,21,1,2,4,16,False,246,3,11,779,7.79,0
92,21,1,2,4,20,True,246,2,248,760,7.6,0
93,21,1,2,4,0,False,188,7,10,1802,18.02,0
94,21,1,2,4,21,True,188,6,247,1783,17.83,0
95,21,1,2,4,23,False,139,2,100,612,6.12,0
96,21,1,2,4,19,True,139,2,80,592,5.92,0
97,21,1,2,4,8,False,188,3,41,809,8.09,0
98,21,1,2,4,9,False,187,3,186,954,9.54,0
99,21,1,2,4,10,False,189,3,149,917,9.17,0
100,21,1,2,4,8,True,187,3,165,933,9.33,0
101,21,1,2,4,21,False,33,3,138,906,9.06,0
102,21,1,2,4,19,True,33,3,121,889,8.89,0
103,21,1,2,4,27,False,115,4,50,1074,10.74,0
104,21,1,2,4,5,True,114,4,33,1057,10.57,0
105,21,1,2,4,21,False,149,3,55,823,8.23,0
106,21,1,2,4,14,True,149,3,38,806,8.06,0
107,21,1,1,4,28,False,35,3,92,860,8.6,0
108,21,1,1,4,3,True,35,3,71,839,8.39,0
109,21,1,0,4,15,False,159,4,114,1138,11.38,0
110,21,1,0,4,17,True,159,4,93,1117,11.17,0
111,21,1,2,4,29,False,108,1,196,452,4.52,0
112,21,1,2,4,32,True,108,1,177,433,4.33,0
113,21,1,3,4,27,False,169,7,188,1980,19.8,0
114,21,1,3,4,6,True,169,7,169,1961,19.61,0
115,21,1,3,4,33,False,76,4,14,1038,10.38,0
116,21,1,3,4,22,True,76,3,250,1018,10.18,0
117,21,1,2,4,5,False,90,2,138,650,6.5,0
118,21,1,2,4,25,True,90,2,120,632,6.32,0
119,21,1,3,4,3,False,251,2,154,666,6.66,0
120,21,1,3,4,21,True,251,2,133,645,6.45,0
121,21,1,0,4,31,False,121,0,250,250,2.5,0
122,21,1,0,4,6,True,120,0,234,234,2.34,0
123,21,1,2,4,25,False,117,4,175,1199,11.99,0
124,21,1,2,4,14,True,117,4,155,1179,11.79,0
125,21,1,3,4,6,False,184,1,117,373,3.73,0
126,21,1,3,4,14,True,184,1,97,353,3.53,0
127,21,1,3,4,1,False,173,3,213,981,9.81,0
128,21,1,3,4,3,True,173,3,189,957,9.57,0
129,21,1,2,4,15,False,69,3,7,775,7.75,0
130,21,1,2,4,26,True,69,2,243,755,7.55,0
131,21,1,2,4,15,False,193,6,27,1563,15.63,0
132,21,1,2,4,16,True,193,6,5,1541,15.41,0
133,21,1,2,4,30,False,32,4,109,1133,11.33,0
134,21,1,2,4,6,True,32,4,90,1114,11.14,0
135,21,1,2,4,4,False,212,3,10,778,7.78,0
136,21,1,2,4,9,True,212,2,249,761,7.61,0
137,21,1,2,4,32,False,233,1,80,336,3.36,0
138,21,1,2,4,26,True,233,1,59,315,3.15,0
139,21,1,2,4,25,False,179,1,221,477,4.77,0
140,21,1,2,4,20,True,179,1,201,457,4.57,0
141,21,1,2,4,0,False,17,4,115,1139,11.39,0
142,21,1,2,4,29,True,17,4,94,1118,11.18,0
143,21,1,3,4,19,False,63,4,109,1133,11.33,0
144,21,1,3,4,16,True,63,4,89,1113,11.13,0
145,21,1,2,4,19,False,18,2,21,533,5.33,0
146,21,1,2,4,27,True,17,2,2,514,5.14,0
147,21,1,2,4,21,False,145,4,218,1242,12.42,0
148,21,1,2,4,24,True,145,4,200,1224,12.24,0
149,21,1,2,4,16,False,188,4,74,1098,10.98,0
150,21,1,2,4,17,False,188,3,179,947,9.47,0
151,21,1,2,4,21,True,188,4,56,1080,10.8,0
152,21,1,2,4,22,True,188,3,156,924,9.24,0
153,21,1,3,0,0,False,0,0,0,0,0.0,0
154,21,1,3,7,4,False,89,4,2,1026,10.26,12649516
155,21,1,3,4,12,True,44,4,171,1195,11.95,0
156,21,1,2,4,4,False,79,3,15,783,7.83,0
157,21,1,2,4,8,False,163,0,200,200,2.0,0
158,21,1,2,4,14,True,163,0,177,177,1.77,0
159,21,1,2,4,18,True,79,2,252,764,7.64,0
160,21,1,2,4,15,False,205,2,123,635,6.35,0
161,21,1,2,4,16,False,204,3,186,954,9.54,0
162,21,1,2,4,18,True,205,2,101,613,6.13,0
163,21,1,2,4,19,True,204,3,166,934,9.34,0
164,21,1,2,4,20,False,59,3,45,813,8.13,0
165,21,1,2,4,6,True,59,3,24,792,7.92,0
166,21,1,2,4,21,False,5,2,59,571,5.71,0
167,21,1,2,4,22,False,2,3,66,834,8.34,0
168,21,1,2,4,23,True,2,3,44,812,8.12,0
169,21,1,2,4,24,True,5,2,41,553,5.53,0
170,21,1,2,4,0,False,50,2,188,700,7.0,0
171,21,1,2,4,19,True,50,2,167,679,6.79,0
172,21,1,2,4,19,False,100,1,130,386,3.86,0
173,21,1,2,4,13,True,100,1,111,367,3.67,0
174,21,1,2,4,28,False,247,3,133,901,9.01,0
175,21,1,2,4,26,False,247,5,136,1416,14.16,0
176,21,1,2,4,26,True,247,5,123,1403,14.03,0
177,21,1,2,4,16,False,60,1,205,461,4.61,0
178,21,1,2,4,10,True,59,1,188,444,4.44,0
179,21,1,1,4,30,False,177,3,117,885,8.85,0
180,21,1,1,4,7,True,177,3,100,868,8.68,0
181,21,1,2,4,31,False,112,3,39,807,8.07,0
182,21,1,2,4,26,True,112,3,20,788,7.88,0
183,21,1,3,4,21,False,164,6,9,1545,15.45,0
184,21,1,3,4,6,True,164,5,16,1296,12.96,0
185,21,1,3,4,7,True,164,5,243,1523,15.23,0
186,21,1,2,4,30,False,88,3,163,931,9.31,0
187,21,1,2,4,23,True,88,3,143,911,9.11,0
188,21,1,2,4,18,False,95,3,52,820,8.2,0
189,21,1,2,4,18,True,95,3,35,803,8.03,0
190,21,1,2,4,25,False,18,2,45,557,5.57,0
191,21,1,2,4,24,False,17,4,159,1183,11.83,0
192,21,1,2,4,21,True,17,4,137,1161,11.61,0
193,21,1,2,4,4,False,122,3,84,852,8.52,0
194,21,1,2,4,8,True,122,3,66,834,8.34,0
195,21,1,0,4,31,False,222,2,127,639,6.39,0
196,21,1,0,4,33,True,222,2,108,620,6.2,0
197,21,1,3,4,12,False,182,2,131,643,6.43,0
198,21,1,3,4,16,True,182,2,111,623,6.23,0
199,21,1,2,4,15,False,192,2,100,612,6.12,0
200,21,1,2,4,27,True,192,2,78,590,5.9,0
201,21,1,0,4,27,False,212,4,124,1148,11.48,0
202,21,1,0,4,10,True,212,4,107,1131,11.31,0
203,21,1,3,4,4,False,153,4,166,1190,11.9,0
204,21,1,3,4,14,True,153,4,142,1166,11.66,0
205,21,1,2,4,11,False,4,2,34,546,5.46,0
206,21,1,2,4,14,True,4,2,14,526,5.26,0
207,21,1,2,4,4,False,181,2,50,562,5.62,0
208,21,1,2,4,26,True,180,2,32,544,5.44,0
209,21,1,2,4,14,False,206,1,32,288,2.88,0
210,21,1,2,4,15,False,195,4,60,1084,10.84,0
211,21,1,2,4,5,True,195,4,40,1064,10.64,0
212,21,1,2,4,18,False,105,2,183,695,6.95,0
213,21,1,2,4,12,True,105,2,163,675,6.75,0
214,21,1,3,4,14,False,139,3,43,811,8.11,0
215,21,1,3,4,11,True,139,3,18,786,7.86,0
216,21,1,2,4,21,False,126,1,90,346,3.46,0
217,21,1,2,4,28,True,126,1,73,329,3.29,0
218,21,1,2,4,6,False,153,3,12,780,7.8,0
219,21,1,2,4,31,True,152,2,249,761,7.61,0
220,21,1,2,4,21,False,22,2,106,618,6.18,0
221,21,1,2,4,10,True,22,2,89,601,6.01,0
222,21,1,0,4,30,False,156,3,28,796,7.96,0
223,21,1,0,4,26,True,156,3,10,778,7.78,0
224,21,1,2,4,22,False,72,3,170,938,9.38,0
225,21,1,2,4,20,True,71,3,150,918,9.18,0
226,21,1,2,4,21,True,72,2,238,750,7.5,0
227,21,1,2,4,21,False,102,3,221,989,9.89,0
228,21,1,2,4,30,True,102,3,203,971,9.71,0
229,21,1,2,4,25,False,198,3,77,845,8.45,0
230,21,1,2,4,18,True,197,3,57,825,8.25,0
231,21,1,2,4,15,False,160,2,64,576,5.76,0
232,21,1,2,4,24,True,160,2,43,555,5.55,0
233,21,1,0,4,30,False,58,3,7,775,7.75,0
234,21,1,0,4,31,False,57,5,14,1294,12.94,0
235,21,1,0,4,31,True,57,4,255,1279,12.79,0
236,21,1,2,4,6,False,173,1,220,476,4.76,0
237,21,1,2,4,7,True,173,1,201,457,4.57,0
238,21,1,0,4,30,False,55,6,23,1559,15.59,0
239,21,1,0,4,11,True,55,6,7,1543,15.43,0
240,21,1,2,4,23,False,117,2,161,673,6.73,0
241,21,1,2,4,28,True,117,2,141,653,6.53,0
242,21,1,2,4,18,False,110,2,125,637,6.37,0
243,21,1,2,4,23,True,110,2,103,615,6.15,0
244,21,1,2,4,18,False,194,2,39,551,5.51,0
245,21,1,2,4,16,True,194,2,17,529,5.29,0
246,21,1,2,4,19,False,152,3,1,769,7.69,0
247,21,1,2,4,13,True,152,2,238,750,7.5,0
248,21,1,2,4,16,False,211,2,19,531,5.31,0
249,21,1,2,4,22,True,211,1,255,511,5.11,0
250,21,1,1,4,20,False,220,3,9,777,7.77,0
251,21,1,1,4,26,True,220,2,245,757,7.57,0
252,21,1,2,4,18,False,53,2,12,524,5.24,0
253,21,1,2,4,16,True,53,1,247,503,5.03,0
254,21,1,2,4,18,False,186,2,126,638,6.38,0
255,21,1,2,4,15,True,186,2,107,619,6.19,0
256,21,1,0,4,24,False,206,2,107,619,6.19,0
257,21,1,0,4,16,True,206,2,90,602,6.02,0
258,21,1,2,4,23,False,255,4,104,1128,11.28,0
259,21,1,2,4,26,True,255,4,85,1109,11.09,0
260,21,1,2,4,18,False,152,2,230,742,7.42,0
261,21,1,2,4,23,True,152,2,209,721,7.21,0
262,21,1,1,4,22,False,73,4,243,1267,12.67,0
263,21,1,1,4,29,True,73,4,224,1248,12.48,0
264,21,1,2,4,20,False,0,2,176,688,6.88,0
265,21,1,2,4,21,False,0,3,73,841,8.41,0
266,21,1,2,4,31,True,0,3,56,824,8.24,0
267,21,1,2,4,32,True,0,2,155,667,6.67,0
268,21,1,2,4,20,False,6,3,130,898,8.98,0
269,21,1,2,4,13,True,6,3,109,877,8.77,0
270,21,1,2,4,28,False,150,2,42,554,5.54,0
271,21,1,2,4,29,False,152,1,117,373,3.73,0
272,21,1,2,4,20,True,150,2,23,535,5.35,0
273,21,1,2,4,5,False,144,4,139,1163,11.63,0
274,21,1,2,4,23,True,144,4,118,1142,11.42,0
275,21,1,2,4,1,False,140,3,36,804,8.04,0
276,21,1,2,4,23,True,140,3,11,779,7.79,0
277,21,1,2,4,1,False,64,2,212,724,7.24,0
278,21,1,2,4,13,True,64,2,189,701,7.01,0
279,21,1,2,4,18,False,192,3,41,809,8.09,0
280,21,1,2,4,32,True,192,3,23,791,7.91,0
281,21,1,2,4,7,False,31,2,252,764,7.64,0
282,21,1,2,4,9,True,31,2,235,747,7.47,0
283,21,1,2,4,28,False,83,3,39,807,8.07,0
284,21,1,2,4,10,True,83,3,22,790,7.9,0
285,21,1,2,4,13,False,16,5,197,1477,14.77,0
286,21,1,2,4,8,True,16,5,176,1456,14.56,0
287,21,1,2,4,19,False,145,4,166,1190,11.9,0
288,21,1,2,4,33,True,145,4,148,1172,11.72,0
289,21,1,0,4,28,False,5,5,23,1303,13.03,0
290,21,1,0,4,14,True,5,5,5,1285,12.85,0
291,21,1,0,4,15,True,5,4,62,1086,10.86,0
292,21,1,3,4,16,False,236,4,88,1112,11.12,0
293,21,1,3,4,18,False,235,6,92,1628,16.28,0
294,21,1,3,4,7,True,235,6,69,1605,16.05,0
295,21,1,3,4,9,True,236,4,67,1091,10.91,0
296,21,1,2,4,17,False,252,1,115,371,3.71,0
297,21,1,2,4,31,True,252,1,91,347,3.47,0
298,21,1,3,4,32,False,168,6,138,1674,16.74,0
299,21,1,3,4,28,True,168,6,117,1653,16.53,0
300,21,1,2,4,29,False,232,0,165,165,1.65,0
301,21,1,2,4,32,True,232,0,146,146,1.46,0
302,21,1,2,4,3,False,11,1,113,369,3.69,0
303,21,1,2,4,28,True,11,1,93,349,3.49,0
304,21,1,2,4,16,False,77,4,116,1140,11.4,0
305,21,1,2,4,20,True,77,3,232,1000,10.0,0
306,21,1,2,4,21,True,77,4,96,1120,11.2,0
307,21,1,2,4,17,False,39,4,14,1038,10.38,0
308,21,1,2,4,13,True,39,3,249,1017,10.17,0
309,21,1,2,4,14,False,189,2,26,538,5.38,0
310,21,1,2,4,32,True,189,2,5,517,5.17,0
311,21,1,2,4,16,False,124,2,199,711,7.11,0
312,21,1,2,4,25,True,124,2,182,694,6.94,0
313,21,1,3,4,5,False,107,3,144,912,9.12,0
314,21,1,3,4,27,True,107,3,125,893,8.93,0
315,21,1,2,4,16,False,234,4,17,1041,10.41,0
316,21,1,2,4,29,True,234,3,255,1023,10.23,0
317,21,1,2,4,23,True,226,0,116,116,1.16,0
318,21,1,2,4,2,False,220,4,144,1168,11.68,0
319,21,1,2,4,22,True,220,4,122,1146,11.46,0
320,21,1,2,4,2,False,220,4,6,1030,10.3,0
321,21,1,2,4,12,True,157,3,240,1008,10.08,0
322,21,1,2,4,20,False,154,3,155,923,9.23,0
323,21,1,2,4,9,True,153,3,136,904,9.04,0
324,21,1,2,4,10,False,46,2,166,678,6.78,0
325,21,1,2,4,11,True,46,2,145,657,6.57,0
326,21,1,2,4,24,False,155,1,147,403,4.03,0
327,21,1,2,4,23,False,150,6,88,1624,16.24,0
328,21,1,2,4,30,True,150,6,69,1605,16.05,0
329,21,1,2,4,26,False,185,2,221,733,7.33,0
330,21,1,2,4,27,False,184,3,5,773,7.73,0
331,21,1,2,4,30,True,184,2,241,753,7.53,0
332,21,1,3,4,4,False,83,2,205,717,7.17,0
333,21,1,3,4,14,True,82,2,182,694,6.94,0
334,21,1,3,4,28,False,179,3,113,881,8.81,0
335,21,1,3,4,3,True,179,3,90,858,8.58,0
336,21,1,2,4,32,False,229,2,8,520,5.2,0
337,21,1,2,4,9,True,229,1,245,501,5.01,0
338,21,1,2,4,15,False,52,4,21,1045,10.45,0
339,21,1,2,4,28,True,52,4,1,1025,10.25,0
340,21,1,3,4,29,False,82,7,18,1810,18.1,0
341,21,1,3,4,18,True,82,6,252,1788,17.88,0
342,21,1,2,4,18,False,83,3,45,813,8.13,0
343,21,1,2,4,12,True,83,3,26,794,7.94,0
344,21,1,3,4,18,True,110,2,97,609,6.09,0
345,21,1,3,4,28,False,109,6,1,1537,15.37,0
346,21,1,3,4,19,True,109,5,232,1512,15.12,0
347,21,1,2,4,31,False,13,5,72,1352,13.52,0
348,21,1,2,4,32,False,13,4,70,1094,10.94,0
349,21,1,2,4,26,True,13,5,53,1333,13.33,0
350,21,1,3,4,15,False,8,2,54,566,5.66,0
351,21,1,3,4,7,True,8,2,33,545,5.45,0
352,21,1,2,4,16,False,239,3,21,789,7.89,0
353,21,1,2,4,21,True,243,2,173,685,6.85,0
354,21,1,2,4,22,True,239,3,2,770,7.7,0
355,21,1,2,4,15,False,37,1,200,456,4.56,0
356,21,1,2,4,18,True,37,1,178,434,4.34,0
357,21,1,3,4,12,False,183,3,183,951,9.51,0
358,21,1,3,4,5,True,182,3,162,930,9.3,0
359,21,1,2,4,16,False,25,2,147,659,6.59,0
360,21,1,2,4,30,True,25,2,129,641,6.41,0
361,21,1,2,4,19,False,204,3,148,916,9.16,0
362,21,1,2,4,22,True,203,3,128,896,8.96,0
363,21,1,3,4,10,False,49,3,156,924,9.24,0
364,21,1,3,4,7,True,49,3,137,905,9.05,0
365,21,1,2,4,17,False,25,1,227,483,4.83,0
366,21,1,2,4,23,True,25,1,204,460,4.6,0
367,21,1,2,4,29,False,22,3,106,874,8.74,0
368,21,1,2,4,3,True,22,3,89,857,8.57,0
369,21,1,2,4,27,False,204,6,30,1566,15.66,0
370,21,1,2,4,22,True,204,6,11,1547,15.47,0
371,21,1,2,4,29,False,169,1,34,290,2.9,0
372,21,1,2,4,14,True,169,1,16,272,2.72,0
373,21,1,3,4,27,False,15,2,75,587,5.87,0
374,21,1,3,4,9,True,15,2,59,571,5.71,0
375,21,-1,-1,-1,-1,True,-1,-1,-1,-1,-1.0,-1
0,22,-1,-1,-1,-1,True,-1,-1,-1,-1,-1.0,-1
1,22,-1,-1,-1,-1,True,-1,-1,-1,-1,-1.0,-1
2,22,-1,-1,-1,-1,True,-1,-1,-1,-1,-1.0,-1
3,22,-1,-1,-1,-1,True,-1,-1,-1,-1,-1.0,-1
4,22,-1,-1,-1,-1,True,-1,-1,-1,-1,-1.0,-1
5,22,1,3,4,5,True,209,1,92,348,3.48,0
6,22,1,2,4,26,False,33,3,210,978,9.78,0
7,22,1,2,4,24,True,33,3,189,957,9.57,0
8,22,1,2,4,24,False,205,3,35,803,8.03,0
9,22,1,2,4,32,True,205,3,15,783,7.83,0
10,22,1,2,4,16,False,199,3,127,895,8.95,0
11,22,1,2,4,32,True,199,3,109,877,8.77,0
12,22,1,2,4,25,False,144,3,34,802,8.02,0
13,22,1,2,4,12,True,144,2,183,695,6.95,0
14,22,1,2,4,13,True,144,3,14,782,7.82,0
15,22,1,2,4,16,False,230,4,95,1119,11.19,0
16,22,1,2,4,19,True,230,4,76,1100,11.0,0
17,22,1,0,4,27,False,145,2,113,625,6.25,0
18,22,1,0,4,19,True,145,2,96,608,6.08,0
19,22,1,2,4,23,False,143,3,94,862,8.62,0
20,22,1,2,4,32,True,199,3,75,843,8.43,0
21,22,1,0,4,24,False,4,2,65,577,5.77,0
22,22,1,0,4,29,True,4,2,49,561,5.61,0
23,22,1,2,4,22,False,140,2,211,723,7.23,0
24,22,1,2,4,10,True,140,2,192,704,7.04,0
25,22,1,3,4,20,False,157,3,164,932,9.32,0
26,22,1,3,4,5,True,156,3,147,915,9.15,0
27,22,1,0,4,26,False,87,2,209,721,7.21,0
28,22,1,0,4,22,True,65,2,190,702,7.02,0
29,22,1,2,4,27,False,111,2,188,700,7.0,0
30,22,1,2,4,31,True,111,2,168,680,6.8,0
31,22,1,2,4,25,False,184,2,208,720,7.2,0
32,22,1,2,4,20,True,184,2,188,700,7.0,0
33,22,1,2,4,22,False,183,2,186,698,6.98,0
34,22,1,2,4,23,False,184,1,222,478,4.78,0
35,22,1,2,4,15,True,183,2,166,678,6.78,0
36,22,1,3,4,15,False,21,3,19,787,7.87,0
37,22,1,3,4,4,True,21,2,254,766,7.66,0
38,22,1,2,4,16,False,77,3,63,831,8.31,0
39,22,1,2,4,29,True,77,3,43,811,8.11,0
40,22,1,2,5,13,False,3,11,4,2820,28.2,18
41,22,1,2,4,3,False,82,4,147,1171,11.71,0
42,22,1,2,5,1,False,240,4,148,1172,11.72,212
43,22,1,2,3,61,False,61,13,0,3328,33.28,0
44,22,1,0,4,21,False,22,5,1,1281,12.81,0
45,22,1,0,4,11,True,205,4,16,1040,10.4,0
46,22,1,2,4,24,False,255,0,109,109,1.09,0
47,22,1,2,4,25,False,251,3,134,902,9.02,0
48,22,1,2,4,27,True,251,3,112,880,8.8,0
49,22,1,2,4,25,False,142,3,219,987,9.87,0
50,22,1,2,4,26,False,33,2,238,750,7.5,0
51,22,1,2,4,31,True,111,3,197,965,9.65,0
52,22,1,2,4,33,True,143,2,218,730,7.3,0
53,22,1,2,4,25,False,70,3,117,885,8.85,0
54,22,1,2,4,20,True,70,3,97,865,8.65,0
55,22,1,0,4,0,False,180,6,13,1549,15.49,0
56,22,1,0,4,6,True,180,5,250,1530,15.3,0
57,22,1,0,4,32,False,255,4,244,1268,12.68,0
58,22,1,0,4,3,True,255,4,229,1253,12.53,0
59,22,1,2,4,23,False,18,2,154,666,6.66,0
60,22,1,2,4,8,True,18,2,137,649,6.49,0
61,22,1,2,4,4,False,11,2,86,598,5.98,0
62,22,1,2,4,22,True,10,2,69,581,5.81,0
63,22,1,3,4,6,False,0,4,242,1266,12.66,0
64,22,1,3,4,3,True,0,4,222,1246,12.46,0
65,22,1,0,4,31,False,9,2,49,561,5.61,0
66,22,1,0,4,10,True,9,2,32,544,5.44,0
67,22,1,2,4,28,False,125,3,134,902,9.02,0
68,22,1,2,4,27,True,125,3,115,883,8.83,0
69,22,1,2,4,22,False,22,5,204,1484,14.84,0
70,22,1,2,4,11,True,22,5,184,1464,14.64,0
71,22,1,3,4,15,False,7,4,59,1083,10.83,0
72,22,1,3,4,7,True,7,4,38,1062,10.62,0
73,22,1,2,4,29,False,163,2,165,677,6.77,0
74,22,1,2,4,30,True,163,2,147,659,6.59,0
75,22,1,2,4,25,False,155,4,120,1144,11.44,0
76,22,1,2,4,12,True,155,4,100,1124,11.24,0
77,22,1,2,4,21,False,194,1,225,481,4.81,0
78,22,1,2,4,16,True,194,1,206,462,4.62,0
79,22,1,2,4,20,False,164,5,249,1529,15.29,0
80,22,1,2,4,30,True,164,5,228,1508,15.08,0
81,22,1,0,4,19,False,82,4,136,1160,11.6,0
82,22,1,0,4,20,True,82,4,121,1145,11.45,0
83,22,1,2,4,20,False,254,0,211,211,2.11,0
84,22,1,2,4,33,True,254,0,190,190,1.9,0
85,22,1,3,4,12,False,36,5,26,1306,13.06,0
86,22,1,3,4,10,True,36,5,5,1285,12.85,0
87,22,1,2,4,28,False,125,1,134,390,3.9,0
88,22,1,2,4,20,True,73,1,116,372,3.72,0
89,22,1,2,4,32,False,72,4,160,1184,11.84,0
90,22,1,2,4,15,True,72,4,140,1164,11.64,0
91,22,1,0,4,31,False,9,2,143,655,6.55,0
92,22,1,0,4,28,True,9,2,125,637,6.37,0
93,22,1,2,4,29,False,132,1,108,364,3.64,0
94,22,1,2,4,23,True,132,1,86,342,3.42,0
95,22,1,2,4,17,False,120,1,190,446,4.46,0
96,22,1,2,4,7,True,120,1,169,425,4.25,0
97,22,1,2,4,15,False,193,5,35,1315,13.15,0
98,22,1,2,4,30,True,193,5,14,1294,12.94,0
99,22,1,3,4,8,False,26,3,220,988,9.88,0
100,22,1,3,4,4,True,26,3,201,969,9.69,0
101,22,1,3,4,8,False,75,1,127,383,3.83,0
102,22,1,3,4,6,False,71,4,203,1227,12.27,0
103,22,1,3,4,7,False,72,4,19,1043,10.43,0
104,22,1,3,4,5,True,71,4,182,1206,12.06,0
105,22,1,3,4,6,True,72,3,251,1019,10.19,0
106,22,1,0,4,27,False,0,3,132,900,9.0,0
107,22,1,0,4,11,True,0,3,116,884,8.84,0
108,22,1,0,4,28,False,62,3,115,883,8.83,0
109,22,1,0,4,11,True,61,3,99,867,8.67,0
110,22,1,2,4,9,True,5,0,105,105,1.05,0
111,22,1,2,4,17,False,255,4,37,1061,10.61,0
112,22,1,2,4,10,True,255,4,15,1039,10.39,0
113,22,1,2,4,20,False,199,2,46,558,5.58,0
114,22,1,2,4,25,True,199,2,24,536,5.36,0
115,22,1,0,4,32,False,176,2,153,665,6.65,0
116,22,1,0,4,31,True,176,2,134,646,6.46,0
117,22,1,2,4,16,False,211,3,223,991,9.91,0
118,22,1,2,4,18,True,211,3,204,972,9.72,0
119,22,1,3,4,13,False,28,4,8,1032,10.32,0
120,22,1,3,4,10,True,28,3,243,1011,10.11,0
121,22,1,2,4,27,False,78,6,73,1609,16.09,0
122,22,1,2,4,17,True,78,6,54,1590,15.9,0
123,22,1,2,4,22,False,125,1,223,479,4.79,0
124,22,1,2,4,26,True,125,1,204,460,4.6,0
125,22,1,2,4,21,False,54,1,45,301,3.01,0
126,22,1,2,4,16,True,54,1,26,282,2.82,0
127,22,1,2,4,17,False,75,2,165,677,6.77,0
128,22,1,2,4,28,True,75,2,143,655,6.55,0
129,22,1,2,4,26,False,140,1,3,259,2.59,0
130,22,1,2,4,22,True,140,0,238,238,2.38,0
131,22,1,2,4,27,False,85,5,27,1307,13.07,0
132,22,1,2,4,16,True,84,5,7,1287,12.87,0
133,22,1,3,4,25,False,184,5,58,1338,13.38,0
134,22,1,3,4,6,True,184,5,37,1317,13.17,0
135,22,1,2,4,20,False,142,1,189,445,4.45,0
136,22,1,2,4,21,False,135,3,37,805,8.05,0
137,22,1,2,4,9,True,142,1,169,425,4.25,0
138,22,1,2,4,10,True,135,3,20,788,7.88,0
139,22,1,3,4,33,False,155,4,77,1101,11.01,0
140,22,1,3,4,15,True,155,4,54,1078,10.78,0
141,22,1,3,4,3,False,120,3,21,789,7.89,0
142,22,1,3,4,4,False,119,4,176,1200,12.0,0
143,22,1,3,4,19,True,118,4,151,1175,11.75,0
144,22,1,2,4,6,False,161,5,155,1435,14.35,0
145,22,1,2,4,8,True,161,5,137,1417,14.17,0
146,22,1,2,4,25,False,64,2,174,686,6.86,0
147,22,1,2,4,20,True,64,2,154,666,6.66,0
148,22,1,0,4,30,False,198,4,223,1247,12.47,0
149,22,1,0,4,31,False,198,4,88,1112,11.12,0
150,22,1,0,4,18,True,198,4,207,1231,12.31,0
151,22,1,2,4,6,False,30,3,205,973,9.73,0
152,22,1,2,4,9,True,30,3,187,955,9.55,0
153,22,1,2,4,33,False,231,2,84,596,5.96,0
154,22,1,2,4,28,True,231,2,63,575,5.75,0
155,22,1,2,4,31,False,35,2,138,650,6.5,0
156,22,1,2,4,21,True,35,2,118,630,6.3,0
157,22,1,2,4,30,False,187,3,167,935,9.35,0
158,22,1,2,4,32,False,186,3,146,914,9.14,0
159,22,1,2,4,33,True,186,3,152,920,9.2,0
160,22,1,2,4,24,False,154,2,212,724,7.24,0
161,22,1,2,4,16,True,154,2,190,702,7.02,0
162,22,1,2,4,22,False,243,3,231,999,9.99,0
163,22,1,2,4,20,True,243,3,211,979,9.79,0
164,22,1,2,4,24,False,216,2,8,520,5.2,0
165,22,1,2,4,20,True,216,1,242,498,4.98,0
166,22,1,2,4,22,False,245,1,46,302,3.02,0
167,22,1,2,4,30,True,245,1,26,282,2.82,0
168,22,1,2,4,7,False,47,1,82,338,3.38,0
169,22,1,2,4,9,True,47,1,64,320,3.2,0
170,22,1,2,4,7,True,35,1,150,406,4.06,0
171,22,1,2,4,24,False,29,3,235,1003,10.03,0
172,22,1,2,4,6,True,29,3,214,982,9.82,0
173,22,1,2,4,8,True,29,2,75,587,5.87,0
174,22,1,2,4,24,False,145,2,115,627,6.27,0
175,22,1,2,4,22,True,145,2,94,606,6.06,0
176,22,1,2,4,20,False,220,2,43,555,5.55,0
177,22,1,2,4,26,True,220,2,23,535,5.35,0
178,22,1,2,4,22,False,27,3,121,889,8.89,0
179,22,1,2,4,33,True,26,3,102,870,8.7,0
180,22,1,2,4,14,False,146,2,78,590,5.9,0
181,22,1,2,4,19,True,146,2,55,567,5.67,0
182,22,1,3,4,17,False,111,4,78,1102,11.02,0
183,22,1,3,4,22,True,111,4,54,1078,10.78,0
184,22,1,2,4,30,False,70,3,233,1001,10.01,0
185,22,1,2,4,10,True,70,3,215,983,9.83,0
186,22,1,2,4,30,False,73,2,66,578,5.78,0
187,22,1,2,4,14,True,73,2,49,561,5.61,0
188,22,1,0,4,20,False,201,5,115,1395,13.95,0
189,22,1,0,4,14,True,201,5,94,1374,13.74,0
190,22,1,0,4,32,False,92,1,106,362,3.62,0
191,22,1,0,4,31,False,88,5,191,1471,14.71,0
192,22,1,0,4,28,True,88,5,174,1454,14.54,0
193,22,1,2,4,26,True,97,0,158,158,1.58,0
194,22,1,2,4,23,False,93,3,14,782,7.82,0
195,22,1,2,4,25,False,93,4,207,1231,12.31,0
196,22,1,2,4,25,True,92,4,189,1213,12.13,0
197,22,1,2,4,20,False,241,4,83,1107,11.07,0
198,22,1,2,4,21,True,241,4,62,1086,10.86,0
199,22,1,2,4,8,False,112,2,123,635,6.35,0
200,22,1,2,4,4,True,112,2,100,612,6.12,0
201,22,1,2,4,23,False,13,4,166,1190,11.9,0
202,22,1,2,4,11,True,13,4,147,1171,11.71,0
203,22,1,2,4,20,False,194,2,90,602,6.02,0
204,22,1,2,4,9,True,194,2,70,582,5.82,0
205,22,1,2,4,20,False,16,4,137,1161,11.61,0
206,22,1,2,4,21,False,16,3,234,1002,10.02,0
207,22,1,2,4,29,True,16,4,115,1139,11.39,0
208,22,1,2,4,30,True,16,3,216,984,9.84,0
209,22,1,2,4,0,False,53,3,117,885,8.85,0
210,22,1,2,4,13,True,53,3,97,865,8.65,0
211,22,1,1,4,22,False,19,3,88,856,8.56,0
212,22,1,1,4,21,True,19,3,67,835,8.35,0
213,22,1,2,4,31,False,118,2,40,552,5.52,0
214,22,1,2,4,20,True,118,2,20,532,5.32,0
215,22,1,3,4,21,False,211,1,103,359,3.59,0
216,22,1,3,4,4,True,211,1,82,338,3.38,0
217,22,1,2,4,30,False,56,2,222,734,7.34,0
218,22,1,2,4,28,True,56,2,204,716,7.16,0
219,22,1,3,4,21,False,17,2,211,723,7.23,0
220,22,1,3,4,20,False,17,4,192,1216,12.16,0
221,22,1,3,4,7,True,17,4,176,1200,12.0,0
222,22,1,2,4,14,False,251,1,21,277,2.77,0
223,22,1,2,4,15,False,244,3,12,780,7.8,0
224,22,1,2,4,27,True,244,2,247,759,7.59,0
225,22,1,2,4,28,True,251,1,0,256,2.56,0
226,22,1,2,4,2,False,71,3,93,861,8.61,0
227,22,1,2,4,28,True,71,3,73,841,8.41,0
228,22,1,2,4,14,False,245,2,252,764,7.64,0
229,22,1,2,4,33,True,245,2,231,743,7.43,0
230,22,1,2,4,7,False,147,1,103,359,3.59,0
231,22,1,2,4,6,False,142,4,65,1089,10.89,0
232,22,1,2,4,7,True,147,1,88,344,3.44,0
233,22,1,2,4,9,True,142,4,48,1072,10.72,0
234,22,1,3,4,4,False,202,4,153,1177,11.77,0
235,22,1,3,4,18,True,202,4,130,1154,11.54,0
236,22,1,2,4,20,False,116,4,28,1052,10.52,0
237,22,1,2,4,19,True,116,4,7,1031,10.31,0
238,22,1,2,4,17,False,118,1,222,478,4.78,0
239,22,1,2,4,21,True,118,1,200,456,4.56,0
240,22,1,2,4,19,False,214,2,192,704,7.04,0
241,22,1,2,4,30,True,214,2,173,685,6.85,0
242,22,1,3,4,31,False,86,5,5,1285,12.85,0
243,22,1,3,4,21,True,86,4,238,1262,12.62,0
244,22,1,2,4,29,False,218,1,77,333,3.33,0
245,22,1,2,4,16,True,218,1,57,313,3.13,0
246,22,1,2,4,3,False,184,3,27,795,7.95,0
247,22,1,2,4,31,True,184,3,6,774,7.74,0
248,22,1,0,4,10,False,38,4,31,1055,10.55,0
249,22,1,0,4,11,False,37,3,7,775,7.75,0
250,22,1,0,4,12,True,37,4,25,1049,10.49,0
251,22,1,2,4,33,False,231,3,49,817,8.17,0
252,22,1,2,4,22,True,229,3,26,794,7.94,0
253,22,1,0,4,24,False,146,3,30,798,7.98,0
254,22,1,0,4,25,False,145,4,204,1228,12.28,0
255,22,1,0,4,27,True,145,4,184,1208,12.08,0
256,22,1,2,4,22,False,117,4,84,1108,11.08,0
257,22,1,2,4,24,True,117,4,63,1087,10.87,0
258,22,1,2,4,18,False,168,3,26,794,7.94,0
259,22,1,2,4,3,True,168,3,8,776,7.76,0
260,22,1,2,4,20,False,245,3,39,807,8.07,0
261,22,1,2,4,29,True,245,3,17,785,7.85,0
262,22,1,2,4,14,False,124,3,80,848,8.48,0
263,22,1,2,4,23,True,124,3,55,823,8.23,0
264,22,1,2,4,17,False,138,4,113,1137,11.37,0
265,22,1,2,4,8,True,138,4,92,1116,11.16,0
266,22,1,2,4,21,False,66,3,185,953,9.53,0
267,22,1,2,4,23,True,65,3,166,934,9.34,0
268,22,1,2,4,18,False,66,6,19,1555,15.55,0
269,22,1,2,4,24,True,66,5,255,1535,15.35,0
270,22,1,2,4,18,False,94,7,26,1818,18.18,0
271,22,1,2,4,28,True,94,7,7,1799,17.99,0
272,22,1,2,4,15,False,65,2,216,728,7.28,0
273,22,1,2,4,23,True,65,2,193,705,7.05,0
274,22,1,2,4,3,False,152,2,59,571,5.71,0
275,22,1,2,4,30,True,151,2,39,551,5.51,0
276,22,1,2,4,18,False,24,3,188,956,9.56,0
277,22,1,2,4,19,True,23,3,168,936,9.36,0
278,22,1,0,4,30,False,174,2,96,608,6.08,0
279,22,1,0,4,9,True,174,2,79,591,5.91,0
280,22,1,2,4,19,False,170,4,94,1118,11.18,0
281,22,1,2,4,31,True,170,4,74,1098,10.98,0
282,22,1,2,4,31,False,49,1,79,335,3.35,0
283,22,1,2,4,18,True,48,1,59,315,3.15,0
284,22,1,2,4,21,False,138,1,122,378,3.78,0
285,22,1,2,4,23,True,138,1,103,359,3.59,0
286,22,1,0,4,23,False,37,4,98,1122,11.22,0
287,22,1,0,4,9,True,37,4,81,1105,11.05,0
288,22,1,2,4,19,False,129,1,198,454,4.54,0
289,22,1,2,4,30,True,129,1,179,435,4.35,0
290,22,1,3,4,23,False,103,6,94,1630,16.3,0
291,22,1,3,4,4,True,103,6,73,1609,16.09,0
292,22,1,2,4,21,False,206,2,195,707,7.07,0
293,22,1,2,4,30,True,206,2,178,690,6.9,0
294,22,1,2,4,22,False,232,4,132,1156,11.56,0
295,22,1,2,4,25,True,232,4,112,1136,11.36,0
296,22,1,2,4,31,False,46,2,219,731,7.31,0
297,22,1,2,4,9,True,45,2,201,713,7.13,0
298,22,1,2,4,3,False,116,2,211,723,7.23,0
299,22,1,2,4,30,True,116,2,190,702,7.02,0
300,22,1,2,4,3,False,152,4,128,1152,11.52,0
301,22,1,2,4,23,True,152,4,105,1129,11.29,0
302,22,1,2,7,24,True,4,9,4,2308,23.08,206367
303,22,1,2,5,4,False,146,6,3,1539,15.39,105
304,22,1,2,2,38,False,3,0,0,0,0.0,0
305,22,1,2,1,4,False,0,0,0,0,0.0,0
306,22,1,2,4,23,False,4,7,4,1796,17.96,0
307,22,1,2,5,26,False,3,4,4,1028,10.28,161
308,22,1,2,7,4,False,2,13,61,3389,33.89,4013373
309,22,1,0,4,25,False,100,2,243,755,7.55,0
310,22,1,2,4,23,True,100,2,221,733,7.33,0
311,22,1,3,4,1,False,240,5,31,1311,13.11,0
312,22,1,3,4,32,True,240,5,9,1289,12.89,0
313,22,1,3,4,25,False,68,2,97,609,6.09,0
314,22,1,3,4,3,True,68,2,77,589,5.89,0
315,22,1,2,4,4,False,160,1,149,405,4.05,0
316,22,1,2,4,29,True,159,1,131,387,3.87,0
317,22,1,2,4,17,False,23,0,233,233,2.33,0
318,22,1,2,4,24,True,23,0,211,211,2.11,0
319,22,1,3,4,0,False,94,7,81,1873,18.73,0
320,22,1,3,4,10,True,94,7,54,1846,18.46,0
321,22,1,2,4,23,False,98,2,40,552,5.52,0
322,22,1,2,4,19,True,97,2,20,532,5.32,0
323,22,1,2,4,2,False,164,1,238,494,4.94,0
324,22,1,2,4,31,True,164,1,216,472,4.72,0
325,22,1,2,4,1,False,157,3,115,883,8.83,0
326,22,1,2,4,10,True,157,3,92,860,8.6,0
327,22,1,2,4,23,True,110,1,22,278,2.78,0
328,22,1,2,4,4,False,106,3,36,804,8.04,0
329,22,1,2,4,22,True,106,3,18,786,7.86,0
330,22,1,2,4,21,False,249,2,91,603,6.03,0
331,22,1,2,4,27,True,249,2,73,585,5.85,0
332,22,1,2,4,21,False,145,3,103,871,8.71,0
333,22,1,2,4,14,True,144,3,85,853,8.53,0
334,22,1,3,4,31,False,235,1,200,456,4.56,0
335,22,1,3,4,7,True,235,1,177,433,4.33,0
336,22,1,2,4,16,False,85,3,236,1004,10.04,0
337,22,1,2,4,20,True,85,3,218,986,9.86,0
338,22,1,2,4,33,False,134,5,75,1355,13.55,0
339,22,1,2,4,27,True,134,5,52,1332,13.32,0
340,22,1,2,4,20,False,189,1,195,451,4.51,0
341,22,1,2,4,21,False,187,5,137,1417,14.17,0
342,22,1,2,4,24,True,187,5,120,1400,14.0,0
343,22,1,2,4,21,False,139,2,75,587,5.87,0
344,22,1,2,4,17,True,139,2,57,569,5.69,0
345,22,1,2,4,22,False,154,6,40,1576,15.76,0
346,22,1,2,4,22,True,154,6,22,1558,15.58,0
347,22,1,2,4,33,False,56,3,19,787,7.87,0
348,22,1,2,4,22,True,56,2,253,765,7.65,0
349,22,1,2,4,7,False,9,3,162,930,9.3,0
350,22,1,2,4,8,False,8,2,148,660,6.6,0
351,22,1,2,4,12,True,8,2,123,635,6.35,0
352,22,1,2,4,13,True,9,3,143,911,9.11,0
353,22,1,2,4,18,False,176,5,129,1409,14.09,0
354,22,1,2,4,4,True,176,5,111,1391,13.91,0
355,22,1,2,4,3,False,188,4,106,1130,11.3,0
356,22,1,2,4,29,True,188,4,84,1108,11.08,0
357,22,1,2,4,6,False,120,2,182,694,6.94,0
358,22,1,2,4,28,True,120,2,164,676,6.76,0
359,22,1,2,4,27,False,243,2,184,696,6.96,0
360,22,1,2,4,14,True,243,2,165,677,6.77,0
361,22,1,2,4,21,False,221,2,251,763,7.63,0
362,22,1,2,4,22,False,220,6,98,1634,16.34,0
363,22,1,2,4,32,True,220,6,79,1615,16.15,0
364,22,1,2,4,29,False,192,1,126,382,3.82,0
365,22,1,2,4,30,False,189,4,201,1225,12.25,0
366,22,1,2,4,24,True,192,1,106,362,3.62,0
367,22,1,2,4,25,True,189,4,184,1208,12.08,0
368,22,1,2,4,14,False,189,3,64,832,8.32,0
369,22,1,2,4,21,True,189,3,41,809,8.09,0
370,22,1,2,4,19,False,208,3,131,899,8.99,0
371,22,1,2,4,21,True,208,3,112,880,8.8,0
372,22,1,3,4,17,False,128,6,40,1576,15.76,0
373,22,1,3,4,10,True,128,6,16,1552,15.52,0
374,22,1,3,4,30,False,18,2,168,680,6.8,0
375,22,1,3,4,6,True,18,2,148,660,6.6,0
376,22,-1,-1,-1,-1,True,-1,-1,-1,-1,-1.0,-1
0,23,-1,-1,-1,-1,True,-1,-1,-1,-1,-1.0,-1
1,23,0,0,0,0,False,0,10,1,2561,25.61,20
2,23,-1,-1,-1,-1,True,-1,-1,-1,-1,-1.0,-1
3,23,-1,-1,-1,-1,True,-1,-1,-1,-1,-1.0,-1
4,23,-1,-1,-1,-1,True,-1,-1,-1,-1,-1.0,-1
5,23,-1,-1,-1,-1,True,-1,-1,-1,-1,-1.0,-1
6,23,-1,-1,-1,-1,True,-1,-1,-1,-1,-1.0,-1
7,23,1,2,4,33,False,230,2,247,759,7.59,0
8,23,1,2,4,13,True,230,2,226,738,7.38,0
9,23,1,3,4,2,False,148,3,235,1003,10.03,0
10,23,1,3,4,12,True,148,3,214,982,9.82,0
11,23,1,2,4,17,False,81,3,22,790,7.9,0
12,23,1,2,4,16,True,81,3,0,768,7.68,0
13,23,1,2,4,22,False,147,2,126,638,6.38,0
14,23,1,2,4,26,True,97,2,105,617,6.17,0
15,23,1,2,4,6,False,208,3,191,959,9.59,0
16,23,1,2,4,8,True,208,3,172,940,9.4,0
17,23,1,2,4,9,False,118,2,168,680,6.8,0
18,23,1,2,4,11,True,118,2,147,659,6.59,0
19,23,1,2,4,15,False,232,1,31,287,2.87,0
20,23,1,2,4,5,True,232,1,11,267,2.67,0
21,23,1,0,4,33,False,18,3,114,882,8.82,0
22,23,1,0,4,4,True,18,3,97,865,8.65,0
23,23,1,2,4,5,False,155,2,74,586,5.86,0
24,23,1,2,4,24,True,155,2,56,568,5.68,0
25,23,1,2,4,5,False,238,4,194,1218,12.18,0
26,23,1,2,4,10,True,238,4,174,1198,11.98,0
27,23,1,1,4,29,False,173,4,148,1172,11.72,0
28,23,1,1,4,30,False,172,5,9,1289,12.89,0
29,23,1,1,4,3,True,172,4,247,1271,12.71,0
30,23,1,3,4,1,False,109,1,111,367,3.67,0
31,23,1,3,4,3,True,109,1,87,343,3.43,0
32,23,1,2,4,17,False,213,5,155,1435,14.35,0
33,23,1,2,4,17,True,213,5,135,1415,14.15,0
34,23,1,2,4,5,False,17,3,39,807,8.07,0
35,23,1,2,4,32,True,16,3,22,790,7.9,0
36,23,1,2,4,16,False,163,3,44,812,8.12,0
37,23,1,2,4,30,True,163,3,26,794,7.94,0
38,23,1,2,4,29,False,165,2,78,590,5.9,0
39,23,1,2,4,30,True,165,2,60,572,5.72,0
40,23,1,3,4,11,False,21,5,15,1295,12.95,0
41,23,1,3,4,7,True,21,4,249,1273,12.73,0
42,23,1,0,4,30,False,154,6,66,1602,16.02,0
43,23,1,0,4,15,True,154,6,48,1584,15.84,0
44,23,1,2,4,23,False,21,2,47,559,5.59,0
45,23,1,2,4,18,True,20,2,28,540,5.4,0
46,23,1,2,4,29,False,252,2,153,665,6.65,0
47,23,1,2,4,31,True,252,2,133,645,6.45,0
48,23,1,2,4,29,False,29,2,93,605,6.05,0
49,23,1,2,4,30,False,27,4,6,1030,10.3,0
50,23,1,2,4,9,True,27,3,242,1010,10.1,0
51,23,1,2,4,10,True,27,3,173,941,9.41,0
52,23,1,2,4,11,True,27,3,130,898,8.98,0
53,23,1,2,4,13,True,29,2,74,586,5.86,0
54,23,1,2,4,15,False,220,3,118,886,8.86,0
55,23,1,2,4,22,True,220,3,98,866,8.66,0
56,23,1,2,4,22,True,12,1,239,495,4.95,0
57,23,1,2,4,28,False,12,4,200,1224,12.24,0
58,23,1,2,4,23,True,13,4,174,1198,11.98,0
59,23,1,2,4,22,False,229,5,106,1386,13.86,0
60,23,1,2,4,24,True,229,5,85,1365,13.65,0
61,23,1,2,4,20,False,211,4,234,1258,12.58,0
62,23,1,2,4,29,True,211,4,211,1235,12.35,0
63,23,1,2,4,32,False,0,3,182,950,9.5,0
64,23,1,2,4,28,True,0,3,161,929,9.29,0
65,23,1,2,4,23,False,20,4,197,1221,12.21,0
66,23,1,2,4,25,False,20,3,170,938,9.38,0
67,23,1,2,4,26,False,20,3,166,934,9.34,0
68,23,1,2,4,25,True,20,3,144,912,9.12,0
69,23,1,2,4,26,True,20,4,178,1202,12.02,0
70,23,1,3,4,10,False,85,5,61,1341,13.41,0
71,23,1,3,4,21,True,85,5,44,1324,13.24,0
72,23,1,2,4,22,False,161,1,229,485,4.85,0
73,23,1,2,4,12,True,161,1,208,464,4.64,0
74,23,1,0,4,26,False,113,4,175,1199,11.99,0
75,23,1,0,4,14,True,112,4,156,1180,11.8,0
76,23,1,2,4,19,False,162,2,79,591,5.91,0
77,23,1,2,4,19,True,162,2,62,574,5.74,0
78,23,1,2,4,3,False,68,2,68,580,5.8,0
79,23,1,2,4,10,True,68,2,47,559,5.59,0
80,23,1,3,4,1,False,70,4,65,1089,10.89,0
81,23,1,3,4,3,True,70,4,41,1065,10.65,0
82,23,1,2,4,8,False,135,3,47,815,8.15,0
83,23,1,2,4,8,True,137,2,55,567,5.67,0
84,23,1,2,4,9,True,135,3,24,792,7.92,0
85,23,1,2,4,21,False,99,2,86,598,5.98,0
86,23,1,2,4,23,False,98,4,145,1169,11.69,0
87,23,1,2,4,21,True,98,4,126,1150,11.5,0
88,23,1,2,4,22,True,99,2,67,579,5.79,0
89,23,1,0,4,28,True,108,1,148,404,4.04,0
90,23,1,0,4,30,False,104,3,234,1002,10.02,0
91,23,1,0,4,27,True,104,3,216,984,9.84,0
92,23,1,2,4,10,False,160,2,113,625,6.25,0
93,23,1,2,4,9,True,161,1,188,444,4.44,0
94,23,1,2,4,12,True,160,2,92,604,6.04,0
95,23,1,2,4,28,False,184,3,137,905,9.05,0
96,23,1,2,4,29,False,184,3,9,777,7.77,0
97,23,1,2,4,11,True,184,3,123,891,8.91,0
98,23,1,3,4,20,False,232,2,147,659,6.59,0
99,23,1,3,4,9,True,232,2,131,643,6.43,0
100,23,1,2,4,0,False,186,1,100,356,3.56,0
101,23,1,2,4,9,True,186,1,81,337,3.37,0
102,23,1,2,4,30,False,90,3,11,779,7.79,0
103,23,1,2,4,16,True,90,2,249,761,7.61,0
104,23,1,2,4,5,False,125,1,62,318,3.18,0
105,23,1,2,4,6,False,123,4,189,1213,12.13,0
106,23,1,2,4,20,True,123,4,170,1194,11.94,0
107,23,1,2,4,5,False,41,2,203,715,7.15,0
108,23,1,2,4,17,True,41,2,183,695,6.95,0
109,23,1,2,4,18,False,248,3,5,773,7.73,0
110,23,1,2,4,24,True,248,2,241,753,7.53,0
111,23,1,0,4,33,False,102,3,95,863,8.63,0
112,23,1,0,4,14,True,101,3,76,844,8.44,0
113,23,1,3,4,23,False,177,3,141,909,9.09,0
114,23,1,3,4,6,True,177,3,120,888,8.88,0
115,23,1,3,4,4,False,144,7,137,1929,19.29,0
116,23,1,3,4,3,True,144,7,112,1904,19.04,0
117,23,1,2,4,25,False,48,4,204,1228,12.28,0
118,23,1,2,4,23,True,48,4,182,1206,12.06,0
119,23,1,2,4,23,False,124,2,224,736,7.36,0
120,23,1,2,4,32,True,124,2,205,717,7.17,0
121,23,1,2,4,16,False,34,2,53,565,5.65,0
122,23,1,2,4,29,True,34,2,34,546,5.46,0
123,23,1,2,4,25,False,145,3,96,864,8.64,0
124,23,1,2,4,16,True,145,3,74,842,8.42,0
125,23,1,0,4,33,False,114,5,129,1409,14.09,0
126,23,1,0,4,29,True,114,5,110,1390,13.9,0
127,23,1,2,4,4,False,24,2,98,610,6.1,0
128,23,1,2,4,32,True,24,2,81,593,5.93,0
129,23,1,2,4,8,False,135,1,168,424,4.24,0
130,23,1,2,4,12,True,43,1,143,399,3.99,0
131,23,1,3,4,28,True,243,1,178,434,4.34,0
132,23,1,3,4,32,False,241,4,224,1248,12.48,0
133,23,1,3,4,29,True,241,4,204,1228,12.28,0
134,23,1,2,4,14,True,224,2,139,651,6.51,0
135,23,1,2,4,29,False,224,5,93,1373,13.73,0
136,23,1,2,4,15,True,224,5,73,1353,13.53,0
137,23,1,2,4,22,False,25,3,68,836,8.36,0
138,23,1,2,4,16,True,25,3,47,815,8.15,0
139,23,1,2,4,33,False,16,2,108,620,6.2,0
140,23,1,2,4,6,True,16,2,88,600,6.0,0
141,23,1,2,4,5,False,161,1,23,279,2.79,0
142,23,1,2,4,28,True,160,1,4,260,2.6,0
143,23,1,2,4,33,False,183,2,99,611,6.11,0
144,23,1,2,4,19,True,183,2,78,590,5.9,0
145,23,1,2,4,31,False,15,3,106,874,8.74,0
146,23,1,2,4,13,True,14,3,88,856,8.56,0
147,23,1,2,4,0,False,191,3,67,835,8.35,0
148,23,1,2,4,27,True,191,3,47,815,8.15,0
149,23,1,2,4,18,False,216,3,8,776,7.76,0
150,23,1,2,4,23,True,216,2,242,754,7.54,0
151,23,1,0,4,26,False,243,8,226,2274,22.74,0
152,23,1,0,4,21,True,243,8,207,2255,22.55,0
153,23,1,3,4,8,False,26,5,55,1335,13.35,0
154,23,1,3,4,5,True,26,5,35,1315,13.15,0
155,23,1,2,4,20,False,206,3,37,805,8.05,0
156,23,1,2,4,21,False,208,2,18,530,5.3,0
157,23,1,2,4,30,True,208,2,0,512,5.12,0
158,23,1,2,4,32,True,206,3,17,785,7.85,0
159,23,1,2,4,14,False,222,2,76,588,5.88,0
160,23,1,2,4,23,True,222,2,51,563,5.63,0
161,23,1,2,4,6,False,67,2,54,566,5.66,0
162,23,1,2,4,16,True,67,2,34,546,5.46,0
163,23,1,3,4,7,False,17,3,120,888,8.88,0
164,23,1,3,4,19,True,17,3,96,864,8.64,0
165,23,1,2,0,0,False,0,0,0,0,0.0,0
166,23,1,2,3,2,False,34,4,0,1024,10.24,0
167,23,1,2,7,2,False,3,13,4,3332,33.32,197256
168,23,1,2,3,61,False,61,13,0,3328,33.28,0
169,23,1,0,4,6,False,3,12,16,3088,30.88,0
170,23,1,4,2,2,False,86,0,0,0,0.0,0
171,23,1,2,1,2,True,0,0,0,0,0.0,0
172,23,1,3,4,61,False,61,13,61,3389,33.89,0
173,23,1,3,4,31,False,46,1,20,276,2.76,0
174,23,1,18,2,3,False,1,0,0,0,0.0,0
175,23,1,13,6,37,False,28,6,46,1582,15.82,19969
176,23,1,0,4,19,False,49,3,82,850,8.5,0
177,23,1,0,4,33,True,49,3,67,835,8.35,0
178,23,1,0,4,34,True,55,1,182,438,4.38,0
179,23,1,2,4,26,False,74,4,134,1158,11.58,0
180,23,1,2,4,20,True,75,4,97,1121,11.21,0
181,23,1,2,4,21,True,74,4,14,1038,10.38,0
182,23,1,2,4,15,False,245,2,254,766,7.66,0
183,23,1,2,4,15,True,245,2,235,747,7.47,0
184,23,1,2,4,26,False,234,2,154,666,6.66,0
185,23,1,2,4,25,True,234,2,135,647,6.47,0
186,23,1,3,4,11,False,81,4,96,1120,11.2,0
187,23,1,3,4,18,True,81,4,75,1099,10.99,0
188,23,1,2,4,29,False,144,3,214,982,9.82,0
189,23,1,2,4,30,True,144,3,195,963,9.63,0
190,23,1,2,6,16,True,3,3,4,772,7.72,54026
191,23,1,2,2,16,False,4,0,0,0,0.0,0
192,23,1,2,4,19,True,1,10,61,2621,26.21,0
193,23,1,0,4,20,False,180,2,251,763,7.63,0
194,23,1,0,4,21,False,180,2,230,742,7.42,0
195,23,1,0,4,32,False,18,1,175,431,4.31,0
196,23,1,2,4,19,True,138,1,154,410,4.1,0
197,23,1,3,4,11,False,127,1,57,313,3.13,0
198,23,1,3,4,10,True,127,1,34,290,2.9,0
199,23,1,2,4,16,False,59,1,200,456,4.56,0
200,23,1,2,4,13,True,59,1,181,437,4.37,0
201,23,1,2,4,29,False,110,1,226,482,4.82,0
202,23,1,2,4,19,True,109,1,207,463,4.63,0
203,23,1,0,4,1,False,26,2,47,559,5.59,0
204,23,1,0,4,17,True,26,2,28,540,5.4,0
205,23,1,3,4,11,False,124,1,78,334,3.34,0
206,23,1,3,4,4,True,124,1,58,314,3.14,0
207,23,1,2,4,14,False,174,2,209,721,7.21,0
208,23,1,2,4,26,True,174,2,188,700,7.0,0
209,23,1,0,4,31,False,80,3,20,788,7.88,0
210,23,1,0,4,11,True,80,3,4,772,7.72,0
211,23,1,2,4,16,False,198,4,35,1059,10.59,0
212,23,1,2,4,11,True,198,4,16,1040,10.4,0
213,23,1,2,4,16,False,89,1,237,493,4.93,0
214,23,1,2,4,27,True,89,1,218,474,4.74,0
215,23,1,2,4,17,False,17,1,142,398,3.98,0
216,23,1,2,4,15,True,17,1,121,377,3.77,0
217,23,1,3,4,15,False,172,1,216,472,4.72,0
218,23,1,3,4,7,True,172,1,194,450,4.5,0
219,23,1,2,4,26,False,170,3,89,857,8.57,0
220,23,1,2,4,8,True,170,3,71,839,8.39,0
221,23,1,2,4,30,False,240,2,91,603,6.03,0
222,23,1,2,4,30,True,240,2,74,586,5.86,0
223,23,1,2,4,21,True,21,1,43,299,2.99,0
224,23,1,2,4,0,False,17,3,226,994,9.94,0
225,23,1,2,4,19,True,17,3,165,933,9.33,0
226,23,1,2,4,20,True,21,3,168,936,9.36,0
227,23,1,2,4,5,False,126,4,254,1278,12.78,0
228,23,1,2,4,19,True,126,4,235,1259,12.59,0
229,23,1,2,4,0,False,52,8,61,2109,21.09,0
230,23,1,2,4,11,True,52,8,41,2089,20.89,0
231,23,1,2,4,17,False,198,3,148,916,9.16,0
232,23,1,2,4,25,True,198,3,127,895,8.95,0
233,23,1,2,4,31,False,82,4,80,1104,11.04,0
234,23,1,2,4,26,True,82,4,61,1085,10.85,0
235,23,1,2,4,1,False,124,5,97,1377,13.77,0
236,23,1,2,4,20,True,124,5,74,1354,13.54,0
237,23,1,1,4,3,False,253,4,169,1193,11.93,0
238,23,1,1,4,18,True,253,4,149,1173,11.73,0
239,23,1,2,4,1,False,149,0,211,211,2.11,0
240,23,1,2,4,5,True,149,0,189,189,1.89,0
241,23,1,2,4,33,False,232,3,139,907,9.07,0
242,23,1,2,4,26,True,232,3,118,886,8.86,0
243,23,1,2,4,27,False,200,2,51,563,5.63,0
244,23,1,2,4,10,True,200,2,33,545,5.45,0
245,23,1,3,4,1,False,70,3,106,874,8.74,0
246,23,1,3,4,6,True,65,3,82,850,8.5,0
247,23,1,0,4,29,False,183,4,234,1258,12.58,0
248,23,1,0,4,15,True,183,4,217,1241,12.41,0
249,23,1,2,4,23,False,121,2,160,672,6.72,0
250,23,1,2,4,23,True,121,2,141,653,6.53,0
251,23,1,1,4,32,False,247,4,14,1038,10.38,0
252,23,1,2,4,6,True,248,1,224,480,4.8,0
253,23,1,1,4,23,True,247,3,253,1021,10.21,0
254,23,1,2,4,11,False,247,5,129,1409,14.09,0
255,23,1,2,4,5,False,109,13,61,3389,33.89,0
256,23,1,2,4,14,False,12,14,19,3603,36.03,0
257,23,1,0,2,18,False,59,0,0,0,0.0,0
258,23,1,0,2,35,False,20,0,0,0,0.0,0
259,23,1,1,4,24,True,19,2,0,512,5.12,0
260,23,1,18,4,59,False,2,13,61,3389,33.89,0
261,23,1,2,4,24,False,245,2,195,707,7.07,0
262,23,1,2,4,17,True,245,2,175,687,6.87,0
263,23,1,3,4,12,False,207,4,0,1024,10.24,0
264,23,1,3,4,13,False,207,3,170,938,9.38,0
265,23,1,3,4,28,True,206,3,237,1005,10.05,0
266,23,1,2,4,1,False,128,1,87,343,3.43,0
267,23,1,2,4,8,False,166,0,179,179,1.79,0
268,23,1,2,4,14,True,166,0,156,156,1.56,0
269,23,1,2,4,18,True,128,1,64,320,3.2,0
270,23,1,2,4,26,False,71,2,125,637,6.37,0
271,23,1,2,4,25,False,70,5,139,1419,14.19,0
272,23,1,2,4,23,True,69,5,117,1397,13.97,0
273,23,1,2,4,6,False,123,5,41,1321,13.21,0
274,23,1,2,4,24,True,122,5,22,1302,13.02,0
275,23,1,2,4,14,False,219,3,105,873,8.73,0
276,23,1,2,4,21,True,218,3,83,851,8.51,0
277,23,1,2,4,8,False,0,3,80,848,8.48,0
278,23,1,2,4,14,True,0,3,56,824,8.24,0
279,23,1,2,4,2,False,94,2,219,731,7.31,0
280,23,1,2,4,24,True,94,2,197,709,7.09,0
281,23,1,3,4,10,True,244,3,90,858,8.58,0
282,23,1,3,4,9,False,243,8,210,2258,22.58,0
283,23,1,3,4,9,True,243,8,192,2240,22.4,0
284,23,1,2,4,6,False,154,4,117,1141,11.41,0
285,23,1,2,4,10,True,154,4,97,1121,11.21,0
286,23,1,2,4,17,False,179,2,249,761,7.61,0
287,23,1,2,4,12,True,179,2,226,738,7.38,0
288,23,1,2,4,33,False,185,1,167,423,4.23,0
289,23,1,2,4,18,True,185,1,145,401,4.01,0
290,23,1,2,4,2,False,68,2,119,631,6.31,0
291,23,1,2,4,3,False,67,3,45,813,8.13,0
292,23,1,2,4,15,True,68,2,97,609,6.09,0
293,23,1,2,4,17,True,67,3,23,791,7.91,0
294,23,1,2,4,31,False,130,1,22,278,2.78,0
295,23,1,2,4,19,True,130,1,2,258,2.58,0
296,23,1,2,4,30,False,254,3,154,922,9.22,0
297,23,1,2,4,16,True,254,3,136,904,9.04,0
298,23,1,2,4,20,False,0,4,140,1164,11.64,0
299,23,1,2,4,25,True,0,4,120,1144,11.44,0
300,23,1,2,4,19,False,135,2,138,650,6.5,0
301,23,1,2,4,22,True,135,2,118,630,6.3,0
302,23,1,1,4,2,False,243,3,62,830,8.3,0
303,23,1,1,4,32,True,243,3,45,813,8.13,0
304,23,1,2,4,16,False,99,5,71,1351,13.51,0
305,23,1,2,4,27,True,99,5,51,1331,13.31,0
306,23,1,2,4,22,False,125,2,35,547,5.47,0
307,23,1,2,4,32,True,125,2,15,527,5.27,0
308,23,1,3,4,9,False,198,3,236,1004,10.04,0
309,23,1,3,4,20,True,198,3,216,984,9.84,0
310,23,1,2,4,26,False,95,1,121,377,3.77,0
311,23,1,2,4,22,True,95,1,100,356,3.56,0
312,23,1,2,4,29,False,0,2,242,754,7.54,0
313,23,1,2,4,20,True,0,2,224,736,7.36,0
314,23,1,2,4,6,False,40,3,70,838,8.38,0
315,23,1,2,4,10,True,40,3,50,818,8.18,0
316,23,1,0,4,24,False,89,1,249,505,5.05,0
317,23,1,0,4,23,False,86,3,221,989,9.89,0
318,23,1,0,4,25,False,86,3,170,938,9.38,0
319,23,1,0,4,17,True,86,3,208,976,9.76,0
320,23,1,3,4,19,False,73,5,95,1375,13.75,0
321,23,1,3,4,5,True,73,5,74,1354,13.54,0
322,23,1,2,4,13,False,115,3,158,926,9.26,0
323,23,1,2,4,8,True,114,3,137,905,9.05,0
324,23,1,2,4,24,False,104,2,52,564,5.64,0
325,23,1,2,4,8,True,104,2,33,545,5.45,0
326,23,1,3,4,13,False,122,5,216,1496,14.96,0
327,23,1,3,4,7,True,122,5,194,1474,14.74,0
328,23,1,2,4,28,False,50,3,206,974,9.74,0
329,23,1,2,4,5,True,50,3,190,958,9.58,0
330,23,1,3,4,8,False,208,2,7,519,5.19,0
331,23,1,3,4,16,True,208,1,244,500,5.0,0
332,23,1,0,4,26,False,40,5,233,1513,15.13,0
333,23,1,0,4,28,True,40,5,214,1494,14.94,0
334,23,1,2,4,27,False,240,4,119,1143,11.43,0
335,23,1,2,4,28,False,242,3,113,881,8.81,0
336,23,1,2,4,26,True,240,4,100,1124,11.24,0
337,23,1,2,4,29,False,181,3,122,890,8.9,0
338,23,1,2,4,28,True,181,3,104,872,8.72,0
339,23,1,2,4,21,False,65,2,9,521,5.21,0
340,23,1,2,4,5,True,65,1,249,505,5.05,0
341,23,1,2,4,17,False,22,1,130,386,3.86,0
342,23,1,2,4,18,True,22,1,108,364,3.64,0
343,23,1,2,4,22,False,124,2,171,683,6.83,0
344,23,1,2,4,21,True,124,2,150,662,6.62,0
345,23,1,2,4,14,False,232,1,179,435,4.35,0
346,23,1,2,4,28,True,232,1,157,413,4.13,0
347,23,1,0,4,21,False,211,6,54,1590,15.9,0
348,23,1,0,4,18,True,210,6,39,1575,15.75,0
349,23,1,2,4,19,False,235,2,178,690,6.9,0
350,23,1,2,4,31,True,235,2,159,671,6.71,0
351,23,1,2,4,23,False,53,4,196,1220,12.2,0
352,23,1,2,4,30,True,53,4,177,1201,12.01,0
353,23,1,2,4,18,False,46,3,148,916,9.16,0
354,23,1,2,4,29,True,46,3,129,897,8.97,0
355,23,1,0,4,19,False,205,3,62,830,8.3,0
356,23,1,0,4,22,True,205,3,46,814,8.14,0
357,23,1,3,4,17,False,226,5,49,1329,13.29,0
358,23,1,3,4,8,True,226,5,29,1309,13.09,0
359,23,1,0,4,27,False,77,2,243,755,7.55,0
360,23,1,0,4,19,True,77,2,226,738,7.38,0
361,23,1,0,4,21,False,5,1,225,481,4.81,0
362,23,1,0,4,23,True,5,1,209,465,4.65,0
363,23,1,0,4,24,True,6,1,108,364,3.64,0
364,23,1,2,4,14,False,28,2,115,627,6.27,0
365,23,1,2,4,20,True,28,2,92,604,6.04,0
366,23,1,0,4,29,False,17,4,40,1064,10.64,0
367,23,1,0,4,8,True,17,4,24,1048,10.48,0
368,23,1,2,4,14,True,169,1,165,421,4.21,0
369,23,1,2,4,26,False,169,3,149,917,9.17,0
370,23,1,2,4,12,True,170,3,119,887,8.87,0
371,23,1,2,4,4,False,102,3,191,959,9.59,0
372,23,1,2,4,6,False,102,3,122,890,8.9,0
373,23,1,2,4,22,True,103,3,87,855,8.55,0
374,23,1,2,4,23,True,102,3,173,941,9.41,0
375,23,1,0,4,25,False,175,4,242,1266,12.66,0
376,23,1,0,4,26,False,175,4,31,1055,10.55,0
377,23,1,0,4,16,True,175,4,223,1247,12.47,0
378,23,1,0,4,17,True,174,4,12,1036,10.36,0
0,24,-1,-1,-1,-1,True,-1,-1,-1,-1,-1.0,-1
1,24,-1,-1,-1,-1,True,-1,-1,-1,-1,-1.0,-1
2,24,-1,-1,-1,-1,True,-1,-1,-1,-1,-1.0,-1
3,24,-1,-1,-1,-1,True,-1,-1,-1,-1,-1.0,-1
4,24,1,2,4,16,False,8,2,244,756,7.56,0
5,24,1,2,4,24,True,8,2,226,738,7.38,0
6,24,1,1,4,30,False,134,1,122,378,3.78,0
7,24,1,1,4,7,True,134,1,105,361,3.61,0
8,24,1,3,4,21,False,115,7,42,1834,18.34,0
9,24,1,3,4,12,True,115,7,19,1811,18.11,0
10,24,1,0,4,25,False,214,3,102,870,8.7,0
11,24,1,0,4,26,False,213,6,106,1642,16.42,0
12,24,1,0,4,27,True,213,6,85,1621,16.21,0
13,24,1,3,4,13,False,238,4,249,1273,12.73,0
14,24,1,3,4,5,True,238,4,227,1251,12.51,0
15,24,1,2,4,15,False,220,2,113,625,6.25,0
16,24,1,2,4,33,True,219,2,93,605,6.05,0
17,24,1,3,4,32,False,192,5,144,1424,14.24,0
18,24,1,3,4,17,True,192,5,124,1404,14.04,0
19,24,1,3,4,2,False,205,2,55,567,5.67,0
20,24,1,3,4,1,False,203,4,100,1124,11.24,0
21,24,1,3,4,5,True,203,2,208,720,7.2,0
22,24,1,3,4,6,True,203,4,76,1100,11.0,0
23,24,1,2,4,16,False,245,2,163,675,6.75,0
24,24,1,2,4,26,True,245,2,145,657,6.57,0
25,24,1,3,4,4,False,168,5,50,1330,13.3,0
26,24,1,3,4,12,True,168,5,25,1305,13.05,0
27,24,1,2,4,22,False,66,1,214,470,4.7,0
28,24,1,2,4,14,True,66,1,193,449,4.49,0
29,24,1,2,4,22,False,76,3,137,905,9.05,0
30,24,1,2,4,13,True,76,3,117,885,8.85,0
31,24,1,2,4,18,False,209,2,249,761,7.61,0
32,24,1,2,4,19,True,208,2,228,740,7.4,0
33,24,1,1,4,26,False,7,3,42,810,8.1,0
34,24,1,1,4,5,True,7,3,26,794,7.94,0
35,24,1,3,4,4,False,91,2,60,572,5.72,0
36,24,1,3,4,4,True,91,2,38,550,5.5,0
37,24,1,2,4,15,False,112,1,36,292,2.92,0
38,24,1,2,4,25,True,112,1,16,272,2.72,0
39,24,1,2,4,16,False,110,4,250,1274,12.74,0
40,24,1,2,4,17,False,110,5,0,1280,12.8,0
41,24,1,2,4,27,True,110,4,234,1258,12.58,0
42,24,1,2,4,1,False,166,3,7,775,7.75,0
43,24,1,2,4,21,True,166,2,242,754,7.54,0
44,24,1,2,4,23,False,116,1,49,305,3.05,0
45,24,1,2,4,23,True,116,1,30,286,2.86,0
46,24,1,2,4,20,False,251,4,162,1186,11.86,0
47,24,1,2,4,21,False,250,5,134,1414,14.14,0
48,24,1,2,4,30,True,250,5,116,1396,13.96,0
49,24,1,2,4,31,True,252,3,164,932,9.32,0
50,24,1,2,4,3,False,233,1,180,436,4.36,0
51,24,1,2,4,25,True,232,1,160,416,4.16,0
52,24,1,2,4,9,True,135,1,187,443,4.43,0
53,24,1,2,4,17,False,135,3,112,880,8.8,0
54,24,1,2,4,8,True,135,3,91,859,8.59,0
55,24,1,2,4,6,False,108,2,101,613,6.13,0
56,24,1,2,4,16,True,108,2,81,593,5.93,0
57,24,1,2,4,17,False,218,4,190,1214,12.14,0
58,24,1,2,4,30,True,218,4,167,1191,11.91,0
59,24,1,2,4,33,False,75,3,35,803,8.03,0
60,24,1,2,4,16,True,75,3,13,781,7.81,0
61,24,1,2,4,16,False,223,2,129,641,6.41,0
62,24,1,2,4,27,True,223,2,108,620,6.2,0
63,24,1,3,4,3,False,134,5,105,1385,13.85,0
64,24,1,3,4,3,True,144,5,85,1365,13.65,0
65,24,1,2,4,17,False,220,2,198,710,7.1,0
66,24,1,2,4,33,True,220,2,176,688,6.88,0
67,24,1,2,4,5,True,83,3,17,785,7.85,0
68,24,1,2,4,0,False,81,5,17,1297,12.97,0
69,24,1,2,4,6,True,81,4,252,1276,12.76,0
70,24,1,2,4,7,True,82,3,66,834,8.34,0
71,24,1,3,4,14,False,109,2,44,556,5.56,0
72,24,1,3,4,7,True,109,2,21,533,5.33,0
73,24,1,2,4,19,False,35,3,194,962,9.62,0
74,24,1,2,4,20,False,33,4,94,1118,11.18,0
75,24,1,2,4,29,True,33,4,72,1096,10.96,0
76,24,1,2,4,30,True,35,3,175,943,9.43,0
77,24,1,2,4,18,False,215,2,53,565,5.65,0
78,24,1,2,4,23,True,215,2,31,543,5.43,0
79,24,1,2,4,29,False,228,2,235,747,7.47,0
80,24,1,2,4,11,True,228,2,217,729,7.29,0
81,24,1,2,4,17,False,226,2,236,748,7.48,0
82,24,1,2,4,22,True,226,2,213,725,7.25,0
83,24,1,2,4,2,False,75,3,212,980,9.8,0
84,24,1,2,4,26,True,75,3,192,960,9.6,0
85,24,1,2,4,5,False,156,1,201,457,4.57,0
86,24,1,2,4,25,True,156,1,182,438,4.38,0
87,24,1,2,4,22,False,120,3,92,860,8.6,0
88,24,1,2,4,9,True,120,3,73,841,8.41,0
89,24,1,3,4,25,False,249,2,236,748,7.48,0
90,24,1,3,4,32,True,249,2,214,726,7.26,0
91,24,1,2,4,28,False,189,2,163,675,6.75,0
92,24,1,2,4,24,True,189,2,145,657,6.57,0
93,24,1,3,4,19,False,5,4,222,1246,12.46,0
94,24,1,3,4,5,True,5,4,202,1226,12.26,0
95,24,1,2,4,6,False,29,1,90,346,3.46,0
96,24,1,2,4,19,True,29,1,71,327,3.27,0
97,24,1,2,4,22,False,242,3,236,1004,10.04,0
98,24,1,2,4,28,True,242,3,216,984,9.84,0
99,24,1,2,4,16,False,247,3,159,927,9.27,0
100,24,1,2,4,10,True,247,3,142,910,9.1,0
101,24,1,2,4,28,False,16,4,149,1173,11.73,0
102,24,1,2,4,32,True,125,4,130,1154,11.54,0
103,24,1,3,4,13,False,89,4,15,1039,10.39,0
104,24,1,3,4,22,True,89,3,250,1018,10.18,0
105,24,1,2,4,5,False,137,1,158,414,4.14,0
106,24,1,2,4,30,True,137,1,139,395,3.95,0
107,24,1,2,4,32,False,44,2,238,750,7.5,0
108,24,1,2,4,20,True,44,2,217,729,7.29,0
109,24,1,2,4,18,False,177,2,163,675,6.75,0
110,24,1,2,4,31,True,177,2,144,656,6.56,0
111,24,1,2,4,15,False,116,3,41,809,8.09,0
112,24,1,2,4,3,True,116,3,21,789,7.89,0
113,24,1,2,4,1,False,93,1,2,258,2.58,0
114,24,1,2,4,31,True,93,0,237,237,2.37,0
115,24,1,2,4,21,False,203,2,61,573,5.73,0
116,24,1,2,4,27,True,203,2,43,555,5.55,0
117,24,1,2,4,24,False,128,6,54,1590,15.9,0
118,24,1,2,4,24,True,128,6,35,1571,15.71,0
119,24,1,2,4,30,False,219,3,217,985,9.85,0
120,24,1,2,4,16,True,219,3,199,967,9.67,0
121,24,1,2,4,17,False,245,3,108,876,8.76,0
122,24,1,2,4,17,True,245,3,88,856,8.56,0
123,24,1,2,4,24,False,248,2,7,519,5.19,0
124,24,1,2,4,22,True,248,1,243,499,4.99,0
125,24,1,1,4,27,False,21,3,6,774,7.74,0
126,24,1,1,4,3,True,21,2,243,755,7.55,0
127,24,1,2,4,22,False,28,3,162,930,9.3,0
128,24,1,2,4,31,True,28,3,142,910,9.1,0
129,24,1,2,4,21,False,102,1,99,355,3.55,0
130,24,1,2,4,24,False,101,3,166,934,9.34,0
131,24,1,2,4,6,True,101,3,145,913,9.13,0
132,24,1,2,4,7,True,105,2,95,607,6.07,0
133,24,1,2,4,10,True,102,1,83,339,3.39,0
134,24,1,3,4,22,False,146,4,210,1234,12.34,0
135,24,1,3,4,4,True,146,4,191,1215,12.15,0
136,24,1,2,4,14,False,218,3,57,825,8.25,0
137,24,1,2,4,21,True,217,3,35,803,8.03,0
138,24,1,2,4,25,True,170,1,130,386,3.86,0
139,24,1,2,4,26,False,168,7,154,1946,19.46,0
140,24,1,2,4,26,True,168,7,136,1928,19.28,0
141,24,1,2,4,22,False,242,3,249,1017,10.17,0
142,24,1,2,4,18,True,242,3,228,996,9.96,0
143,24,1,2,4,2,False,234,2,55,567,5.67,0
144,24,1,2,4,25,True,234,2,35,547,5.47,0
145,24,1,2,4,20,False,38,8,187,2235,22.35,0
146,24,1,2,4,18,True,38,8,166,2214,22.14,0
147,24,1,2,4,14,False,145,1,249,505,5.05,0
148,24,1,2,4,21,True,145,1,226,482,4.82,0
149,24,1,2,4,0,False,250,5,8,1288,12.88,0
150,24,1,2,4,20,True,250,4,245,1269,12.69,0
151,24,1,2,4,24,False,237,2,137,649,6.49,0
152,24,1,2,4,17,True,237,2,116,628,6.28,0
153,24,1,3,4,5,False,82,2,0,512,5.12,0
154,24,1,3,4,3,True,82,1,235,491,4.91,0
155,24,1,3,4,14,False,65,5,14,1294,12.94,0
156,24,1,3,4,4,True,65,4,248,1272,12.72,0
157,24,1,1,4,0,False,37,7,38,1830,18.3,0
158,24,1,1,4,23,True,37,7,20,1812,18.12,0
159,24,1,2,4,5,False,134,1,162,418,4.18,0
160,24,1,2,4,16,True,134,1,142,398,3.98,0
161,24,1,2,4,14,False,128,2,98,610,6.1,0
162,24,1,2,4,27,True,128,2,75,587,5.87,0
163,24,1,2,4,18,False,231,3,23,791,7.91,0
164,24,1,2,4,25,True,231,3,5,773,7.73,0
165,24,1,3,4,7,False,241,2,146,658,6.58,0
166,24,1,3,4,17,True,241,2,122,634,6.34,0
167,24,1,3,4,19,True,248,1,75,331,3.31,0
168,24,1,2,4,17,False,188,5,67,1347,13.47,0
169,24,1,2,4,27,True,188,5,45,1325,13.25,0
170,24,1,2,4,27,False,82,2,142,654,6.54,0
171,24,1,2,4,21,True,82,2,122,634,6.34,0
172,24,1,2,4,32,False,143,6,120,1656,16.56,0
173,24,1,2,4,13,True,143,6,99,1635,16.35,0
174,24,1,2,4,17,False,123,5,186,1466,14.66,0
175,24,1,2,4,30,True,123,5,164,1444,14.44,0
176,24,1,2,4,7,False,229,3,141,909,9.09,0
177,24,1,2,4,3,True,229,3,122,890,8.9,0
178,24,1,2,4,23,False,48,1,245,501,5.01,0
179,24,1,2,4,19,True,47,1,226,482,4.82,0
180,24,1,2,4,31,False,56,3,169,937,9.37,0
181,24,1,2,4,21,True,56,3,150,918,9.18,0
182,24,1,2,4,20,False,165,7,9,1801,18.01,0
183,24,1,2,4,14,True,164,6,242,1778,17.78,0
184,24,1,2,4,15,False,161,4,21,1045,10.45,0
185,24,1,2,4,29,True,161,4,0,1024,10.24,0
186,24,1,2,4,17,False,128,3,10,778,7.78,0
187,24,1,2,4,26,True,128,2,244,756,7.56,0
188,24,1,2,4,23,False,57,2,213,725,7.25,0
189,24,1,2,4,22,True,57,2,192,704,7.04,0
190,24,1,2,4,4,False,38,4,205,1229,12.29,0
191,24,1,2,4,13,True,38,4,186,1210,12.1,0
192,24,1,3,4,4,False,110,1,146,402,4.02,0
193,24,1,3,4,3,False,107,3,68,836,8.36,0
194,24,1,3,4,18,True,107,3,46,814,8.14,0
195,24,1,2,4,27,False,145,1,232,488,4.88,0
196,24,1,2,4,32,True,145,1,213,469,4.69,0
197,24,1,2,4,27,False,237,2,134,646,6.46,0
198,24,1,2,4,29,True,237,2,115,627,6.27,0
199,24,1,2,4,17,False,19,1,109,365,3.65,0
200,24,1,2,4,13,True,19,1,87,343,3.43,0
201,24,1,2,4,5,False,40,1,210,466,4.66,0
202,24,1,2,4,6,False,39,2,83,595,5.95,0
203,24,1,2,4,33,True,39,2,64,576,5.76,0
204,24,1,2,4,15,False,151,3,130,898,8.98,0
205,24,1,2,4,16,True,151,3,108,876,8.76,0
206,24,1,2,4,11,False,233,2,178,690,6.9,0
207,24,1,2,4,10,True,233,2,159,671,6.71,0
208,24,1,2,4,23,False,235,4,82,1106,11.06,0
209,24,1,2,4,12,True,235,4,63,1087,10.87,0
210,24,1,0,4,27,False,0,4,146,1170,11.7,0
211,24,1,0,4,17,True,0,4,128,1152,11.52,0
212,24,1,2,4,14,False,148,4,4,1028,10.28,0
213,24,1,2,4,16,False,149,4,9,1033,10.33,0
214,24,1,2,4,27,True,149,3,245,1013,10.13,0
215,24,1,2,4,28,True,148,3,238,1006,10.06,0
216,24,1,2,4,9,False,66,4,86,1110,11.1,0
217,24,1,2,4,10,False,67,4,119,1143,11.43,0
218,24,1,2,4,12,True,66,4,110,1134,11.34,0
219,24,1,2,4,13,False,236,2,111,623,6.23,0
220,24,1,2,4,14,False,244,1,63,319,3.19,0
221,24,1,2,4,15,False,234,1,179,435,4.35,0
222,24,1,2,4,6,True,236,2,89,601,6.01,0
223,24,1,2,4,7,True,244,1,42,298,2.98,0
224,24,1,2,4,9,True,234,1,160,416,4.16,0
225,24,1,2,4,33,False,132,6,84,1620,16.2,0
226,24,1,2,4,20,True,132,6,63,1599,15.99,0
227,24,1,2,4,28,False,99,0,228,228,2.28,0
228,24,1,2,4,29,False,94,4,1,1025,10.25,0
229,24,1,2,4,10,True,94,3,240,1008,10.08,0
230,24,1,2,4,11,True,99,0,211,211,2.11,0
231,24,1,3,4,28,False,6,2,66,578,5.78,0
232,24,1,3,4,29,False,2,4,225,1249,12.49,0
233,24,1,3,4,3,True,2,4,204,1228,12.28,0
234,24,1,2,4,27,False,88,1,108,364,3.64,0
235,24,1,2,4,24,True,88,1,88,344,3.44,0
236,24,1,2,4,23,False,130,2,84,596,5.96,0
237,24,1,2,4,10,True,130,2,66,578,5.78,0
238,24,1,2,4,15,False,139,3,145,913,9.13,0
239,24,1,2,4,31,True,139,3,124,892,8.92,0
240,24,1,0,4,28,False,126,2,136,648,6.48,0
241,24,1,0,4,27,False,125,4,170,1194,11.94,0
242,24,1,0,4,22,True,125,4,152,1176,11.76,0
243,24,1,0,4,23,True,126,2,118,630,6.3,0
244,24,1,2,4,24,False,150,3,18,786,7.86,0
245,24,1,2,4,8,True,135,2,254,766,7.66,0
246,24,1,2,4,27,False,58,2,114,626,6.26,0
247,24,1,2,4,28,False,53,2,99,611,6.11,0
248,24,1,2,4,13,True,53,2,81,593,5.93,0
249,24,1,2,4,14,True,58,2,95,607,6.07,0
250,24,1,2,4,15,False,20,4,34,1058,10.58,0
251,24,1,2,4,16,False,21,4,137,1161,11.61,0
252,24,1,2,4,27,True,21,4,118,1142,11.42,0
253,24,1,2,4,28,True,20,4,15,1039,10.39,0
254,24,1,2,4,19,True,61,2,78,590,5.9,0
255,24,1,2,4,21,False,59,4,6,1030,10.3,0
256,24,1,2,4,18,True,59,3,244,1012,10.12,0
257,24,1,2,4,22,False,168,1,57,313,3.13,0
258,24,1,2,4,11,True,168,1,37,293,2.93,0
259,24,1,2,4,21,False,44,3,28,796,7.96,0
260,24,1,2,4,24,True,44,3,11,779,7.79,0
261,24,1,0,4,22,False,95,4,77,1101,11.01,0
262,24,1,0,4,34,True,95,4,60,1084,10.84,0
263,24,1,2,4,7,False,223,1,176,432,4.32,0
264,24,1,2,4,12,True,222,1,157,413,4.13,0
265,24,1,0,4,31,False,114,4,174,1198,11.98,0
266,24,1,0,4,20,True,114,4,157,1181,11.81,0
267,24,1,0,4,21,False,238,2,245,757,7.57,0
268,24,1,0,4,13,True,238,2,230,742,7.42,0
269,24,1,2,4,22,False,106,4,223,1247,12.47,0
270,24,1,2,4,26,True,106,4,202,1226,12.26,0
271,24,1,0,4,15,False,81,3,59,827,8.27,0
272,24,1,0,4,31,True,81,3,41,809,8.09,0
273,24,1,2,4,14,False,231,2,187,699,6.99,0
274,24,1,2,4,23,True,231,2,162,674,6.74,0
275,24,1,2,4,31,False,219,2,109,621,6.21,0
276,24,1,2,4,30,False,218,3,238,1006,10.06,0
277,24,1,2,4,16,True,218,3,219,987,9.87,0
278,24,1,3,4,8,True,138,2,40,552,5.52,0
279,24,1,3,4,14,False,135,4,24,1048,10.48,0
280,24,1,3,4,7,True,135,4,0,1024,10.24,0
281,24,1,2,4,25,False,191,2,19,531,5.31,0
282,24,1,2,4,18,True,191,1,254,510,5.1,0
283,24,1,2,4,18,False,114,1,228,484,4.84,0
284,24,1,2,4,16,True,114,1,207,463,4.63,0
285,24,1,2,4,1,False,207,2,180,692,6.92,0
286,24,1,2,4,11,True,207,2,157,669,6.69,0
287,24,1,2,4,22,False,4,1,39,295,2.95,0
288,24,1,2,4,23,True,4,1,17,273,2.73,0
289,24,1,2,4,20,False,227,6,24,1560,15.6,0
290,24,1,2,4,17,True,227,6,4,1540,15.4,0
291,24,1,2,4,24,False,123,1,153,409,4.09,0
292,24,1,2,4,27,True,123,1,131,387,3.87,0
293,24,1,3,4,32,False,196,2,200,712,7.12,0
294,24,1,3,4,15,True,196,2,178,690,6.9,0
295,24,1,2,4,17,False,88,4,123,1147,11.47,0
296,24,1,2,4,22,True,88,4,100,1124,11.24,0
297,24,1,3,4,24,False,24,4,28,1052,10.52,0
298,24,1,3,4,3,True,24,4,9,1033,10.33,0
299,24,1,2,4,6,False,116,3,193,961,9.61,0
300,24,1,2,4,18,True,116,3,173,941,9.41,0
301,24,1,2,4,18,False,54,1,230,486,4.86,0
302,24,1,2,4,33,True,54,1,211,467,4.67,0
303,24,1,3,4,4,False,254,3,98,866,8.66,0
304,24,1,3,4,4,True,254,3,76,844,8.44,0
305,24,1,3,4,5,False,63,4,198,1222,12.22,0
306,24,1,3,4,10,True,63,4,177,1201,12.01,0
307,24,1,3,4,22,False,59,1,76,332,3.32,0
308,24,1,3,4,3,True,59,1,58,314,3.14,0
309,24,1,1,4,27,False,146,3,69,837,8.37,0
310,24,1,1,4,23,True,146,3,50,818,8.18,0
311,24,1,1,4,25,False,28,2,169,681,6.81,0
312,24,1,1,4,10,True,28,2,152,664,6.64,0
313,24,1,2,4,15,False,150,5,56,1336,13.36,0
314,24,1,2,4,22,True,150,5,35,1315,13.15,0
315,24,1,2,4,18,False,108,1,63,319,3.19,0
316,24,1,2,4,21,True,108,1,44,300,3.0,0
317,24,1,3,4,5,False,169,4,51,1075,10.75,0
318,24,1,3,4,26,True,169,4,30,1054,10.54,0
319,24,1,2,4,15,False,122,2,53,565,5.65,0
320,24,1,2,4,12,True,122,2,31,543,5.43,0
321,24,1,3,4,29,False,151,3,130,898,8.98,0
322,24,1,3,4,10,True,151,3,109,877,8.77,0
323,24,1,2,4,16,False,204,4,77,1101,11.01,0
324,24,1,2,4,18,True,204,4,58,1082,10.82,0
325,24,1,2,4,5,False,213,3,215,983,9.83,0
326,24,1,2,4,32,True,213,3,198,966,9.66,0
327,24,1,2,4,24,False,186,1,182,438,4.38,0
328,24,1,2,4,33,True,186,1,162,418,4.18,0
329,24,1,2,4,27,False,213,2,157,669,6.69,0
330,24,1,2,4,30,True,213,2,137,649,6.49,0
331,24,1,2,4,4,False,229,4,122,1146,11.46,0
332,24,1,2,4,27,True,229,4,102,1126,11.26,0
333,24,1,2,4,25,False,76,3,43,811,8.11,0
334,24,1,2,4,15,True,75,3,23,791,7.91,0
335,24,1,2,4,12,False,200,2,157,669,6.69,0
336,24,1,2,4,12,True,200,2,142,654,6.54,0
337,24,1,3,4,27,False,146,3,197,965,9.65,0
338,24,1,3,4,22,True,146,3,178,946,9.46,0
339,24,1,2,4,18,False,81,2,198,710,7.1,0
340,24,1,2,4,18,True,81,2,182,694,6.94,0
341,24,1,2,4,31,False,189,2,164,676,6.76,0
342,24,1,2,4,6,True,189,2,145,657,6.57,0
343,24,1,3,4,13,False,222,3,61,829,8.29,0
344,24,1,3,4,4,True,222,3,41,809,8.09,0
345,24,1,3,4,14,False,189,1,226,482,4.82,0
346,24,1,3,4,12,True,189,1,201,457,4.57,0
347,24,1,2,4,18,False,150,3,186,954,9.54,0
348,24,1,2,4,16,True,150,3,165,933,9.33,0
349,24,1,2,4,9,False,64,3,71,839,8.39,0
350,24,1,2,4,10,False,64,2,111,623,6.23,0
351,24,1,2,4,11,True,64,3,52,820,8.2,0
352,24,1,2,4,13,False,199,3,195,963,9.63,0
353,24,1,2,4,6,True,199,3,172,940,9.4,0
354,24,1,2,4,18,False,57,3,248,1016,10.16,0
355,24,1,2,4,24,True,56,3,229,997,9.97,0
356,24,1,2,4,22,False,116,4,61,1085,10.85,0
357,24,1,2,4,32,True,116,4,41,1065,10.65,0
358,24,1,2,4,29,False,221,4,128,1152,11.52,0
359,24,1,2,4,29,True,221,4,112,1136,11.36,0
360,24,1,2,4,31,False,108,4,232,1256,12.56,0
361,24,1,2,4,32,True,108,4,212,1236,12.36,0
362,24,1,2,4,6,False,216,4,57,1081,10.81,0
363,24,1,2,4,24,True,216,4,38,1062,10.62,0
364,24,1,0,4,14,False,23,2,96,608,6.08,0
365,24,1,0,4,6,True,23,2,79,591,5.91,0
366,24,1,3,4,23,False,21,1,198,454,4.54,0
367,24,1,3,4,6,True,21,1,176,432,4.32,0
368,24,1,2,4,4,False,38,3,61,829,8.29,0
369,24,1,2,4,16,True,38,3,42,810,8.1,0
370,24,1,2,4,2,False,179,1,192,448,4.48,0
371,24,1,2,4,26,True,179,1,172,428,4.28,0
372,24,1,2,4,1,False,86,2,86,598,5.98,0
373,24,1,2,4,32,True,86,2,64,576,5.76,0
374,24,1,2,4,5,False,41,3,154,922,9.22,0
375,24,1,2,4,33,True,41,3,135,903,9.03,0
0,25,1,2,4,22,False,62,3,18,786,7.86,0
1,25,1,2,4,27,True,62,2,253,765,7.65,0
2,25,1,2,4,24,False,227,4,112,1136,11.36,0
3,25,1,2,4,24,True,227,4,93,1117,11.17,0
4,25,1,2,4,14,False,236,3,115,883,8.83,0
5,25,1,2,4,26,True,236,3,93,861,8.61,0
6,25,1,2,4,16,False,130,3,37,805,8.05,0
7,25,1,2,4,15,True,130,3,18,786,7.86,0
8,25,1,2,4,14,False,132,2,30,542,5.42,0
9,25,1,2,4,20,True,132,2,6,518,5.18,0
10,25,1,2,4,20,False,132,1,154,410,4.1,0
11,25,1,2,4,28,True,132,1,134,390,3.9,0
12,25,1,2,4,19,False,12,0,248,248,2.48,0
13,25,1,2,4,28,True,12,0,229,229,2.29,0
14,25,1,2,4,29,False,166,3,34,802,8.02,0
15,25,1,2,4,12,True,166,3,15,783,7.83,0
16,25,1,2,4,1,False,18,3,124,892,8.92,0
17,25,1,2,4,33,True,18,3,103,871,8.71,0
18,25,1,2,4,24,False,95,5,144,1424,14.24,0
19,25,1,2,4,24,True,95,5,125,1405,14.05,0
20,25,1,2,4,22,False,37,3,178,946,9.46,0
21,25,1,2,4,5,True,38,3,145,913,9.13,0
22,25,1,2,4,6,True,37,2,241,753,7.53,0
23,25,1,2,4,23,False,168,1,16,272,2.72,0
24,25,1,2,4,11,True,168,0,253,253,2.53,0
25,25,1,2,4,21,False,202,3,26,794,7.94,0
26,25,1,2,4,29,True,202,3,9,777,7.77,0
27,25,1,2,4,15,False,199,2,148,660,6.6,0
28,25,1,2,4,18,True,199,2,126,638,6.38,0
29,25,1,2,4,3,False,40,1,135,391,3.91,0
30,25,1,2,4,25,True,40,1,114,370,3.7,0
31,25,1,2,4,30,False,52,3,105,873,8.73,0
32,25,1,2,4,28,True,52,3,86,854,8.54,0
33,25,1,2,4,21,False,129,2,146,658,6.58,0
34,25,1,2,4,18,True,129,2,129,641,6.41,0
35,25,1,2,4,18,False,136,4,246,1270,12.7,0
36,25,1,2,4,28,True,135,4,227,1251,12.51,0
37,25,1,2,4,17,False,138,3,191,959,9.59,0
38,25,1,2,4,15,True,137,3,170,938,9.38,0
39,25,1,2,4,9,False,211,1,65,321,3.21,0
40,25,1,2,4,10,True,211,1,45,301,3.01,0
41,25,1,2,4,23,False,23,2,131,643,6.43,0
42,25,1,2,4,16,True,23,2,112,624,6.24,0
43,25,1,2,4,30,False,83,3,108,876,8.76,0
44,25,1,2,4,10,True,83,3,90,858,8.58,0
45,25,1,2,4,9,False,130,3,138,906,9.06,0
46,25,1,2,4,13,True,130,3,117,885,8.85,0
47,25,1,2,4,5,False,223,2,204,716,7.16,0
48,25,1,2,4,8,True,223,2,185,697,6.97,0
49,25,1,3,6,21,False,1,0,4,4,0.04,39176
50,25,1,3,4,5,False,4,5,152,1432,14.32,0
51,25,1,3,3,50,True,61,13,0,3328,33.28,0
52,25,1,2,4,17,False,110,1,77,333,3.33,0
53,25,1,2,4,14,True,110,1,55,311,3.11,0
54,25,1,2,4,4,False,168,2,120,632,6.32,0
55,25,1,2,4,11,True,168,2,102,614,6.14,0
56,25,1,0,4,31,False,36,3,239,1007,10.07,0
57,25,1,0,4,32,True,36,3,223,991,9.91,0
58,25,1,0,4,20,False,184,3,9,777,7.77,0
59,25,1,0,4,18,True,184,2,247,759,7.59,0
60,25,1,2,4,3,False,36,2,110,622,6.22,0
61,25,1,2,4,5,False,37,1,246,502,5.02,0
62,25,1,2,4,15,True,37,1,226,482,4.82,0
63,25,1,2,4,17,True,36,2,89,601,6.01,0
64,25,1,2,4,7,False,224,2,22,534,5.34,0
65,25,1,2,4,8,True,224,2,4,516,5.16,0
66,25,1,2,4,25,False,179,3,231,999,9.99,0
67,25,1,2,4,27,True,179,3,209,977,9.77,0
68,25,1,2,4,2,False,117,2,32,544,5.44,0
69,25,1,2,4,18,True,117,2,10,522,5.22,0
70,25,1,2,4,24,False,108,2,255,767,7.67,0
71,25,1,2,4,32,True,108,2,234,746,7.46,0
72,25,1,0,4,8,False,29,4,133,1157,11.57,0
73,25,1,0,4,7,True,109,12,113,3185,31.85,0
74,25,1,0,4,7,False,108,8,25,2073,20.73,0
75,25,1,0,4,24,False,28,8,123,2171,21.71,0
76,25,1,2,4,20,False,223,2,175,687,6.87,0
77,25,1,2,4,23,True,223,2,153,665,6.65,0
78,25,1,2,4,15,False,136,4,9,1033,10.33,0
79,25,1,2,4,21,True,136,3,243,1011,10.11,0
80,25,1,1,4,4,False,172,5,73,1353,13.53,0
81,25,1,1,4,32,True,172,5,57,1337,13.37,0
82,25,1,0,4,30,False,142,4,193,1217,12.17,0
83,25,1,0,4,18,True,142,4,176,1200,12.0,0
84,25,1,2,4,23,False,142,3,218,986,9.86,0
85,25,1,2,4,33,True,142,3,199,967,9.67,0
86,25,1,2,4,15,False,20,2,246,758,7.58,0
87,25,1,2,4,12,True,20,2,225,737,7.37,0
88,25,1,0,4,21,False,26,4,250,1274,12.74,0
89,25,1,3,4,3,True,90,4,228,1252,12.52,0
90,25,1,2,4,3,False,4,2,245,757,7.57,0
91,25,1,2,4,13,True,4,2,224,736,7.36,0
92,25,1,2,4,0,False,197,2,142,654,6.54,0
93,25,1,2,4,18,True,197,2,122,634,6.34,0
94,25,1,2,4,16,True,242,2,14,526,5.26,0
95,25,1,2,4,3,False,240,5,201,1481,14.81,0
96,25,1,2,4,13,True,240,5,180,1460,14.6,0
97,25,1,2,4,19,False,205,2,203,715,7.15,0
98,25,1,2,4,29,True,205,2,184,696,6.96,0
99,25,1,2,4,16,False,237,4,36,1060,10.6,0
100,25,1,2,4,24,True,237,4,16,1040,10.4,0
101,25,1,2,4,21,False,121,0,112,112,1.12,0
102,25,1,2,4,19,False,112,4,71,1095,10.95,0
103,25,1,2,4,31,True,112,4,51,1075,10.75,0
104,25,1,2,4,29,False,166,1,187,443,4.43,0
105,25,1,2,4,21,True,166,1,169,425,4.25,0
106,25,1,2,4,16,False,128,6,196,1732,17.32,0
107,25,1,2,4,11,True,128,6,177,1713,17.13,0
108,25,1,2,4,29,False,197,3,107,875,8.75,0
109,25,1,2,4,8,True,196,3,90,858,8.58,0
110,25,1,2,4,6,False,76,4,57,1081,10.81,0
111,25,1,2,4,27,True,76,4,36,1060,10.6,0
112,25,1,0,4,33,False,165,5,79,1359,13.59,0
113,25,1,0,4,34,True,165,5,60,1340,13.4,0
114,25,1,2,4,31,False,18,3,78,846,8.46,0
115,25,1,2,4,21,True,18,3,59,827,8.27,0
116,25,1,2,4,31,False,79,2,237,749,7.49,0
117,25,1,2,4,9,True,79,2,219,731,7.31,0
118,25,1,2,4,3,False,168,3,183,951,9.51,0
119,25,1,2,4,15,True,168,3,162,930,9.3,0
120,25,1,2,4,27,False,151,2,169,681,6.81,0
121,25,1,2,4,24,True,151,2,149,661,6.61,0
122,25,1,2,4,10,False,20,4,121,1145,11.45,0
123,25,1,2,4,7,True,20,4,101,1125,11.25,0
124,25,1,2,4,18,False,239,4,26,1050,10.5,0
125,25,1,2,4,11,True,238,4,7,1031,10.31,0
126,25,1,3,4,7,False,153,2,120,632,6.32,0
127,25,1,3,4,14,True,153,2,97,609,6.09,0
128,25,1,2,4,23,False,6,4,104,1128,11.28,0
129,25,1,2,4,24,True,6,4,85,1109,11.09,0
130,25,1,3,4,31,False,62,2,19,531,5.31,0
131,25,1,3,4,3,True,62,1,253,509,5.09,0
132,25,1,2,4,17,False,114,3,181,949,9.49,0
133,25,1,2,4,27,True,113,3,158,926,9.26,0
134,25,1,2,4,18,False,203,3,56,824,8.24,0
135,25,1,2,4,29,True,202,3,36,804,8.04,0
136,25,1,2,4,0,False,80,7,23,1815,18.15,0
137,25,1,2,4,24,True,80,7,4,1796,17.96,0
138,25,1,2,4,5,False,209,3,24,792,7.92,0
139,25,1,2,4,13,True,209,3,4,772,7.72,0
140,25,1,2,4,31,False,199,2,152,664,6.64,0
141,25,1,2,4,19,True,199,2,132,644,6.44,0
142,25,1,2,4,22,False,110,4,137,1161,11.61,0
143,25,1,2,4,21,True,110,4,116,1140,11.4,0
144,25,1,0,4,29,False,80,3,90,858,8.58,0
145,25,1,0,4,9,True,80,3,73,841,8.41,0
146,25,1,2,4,11,False,45,4,106,1130,11.3,0
147,25,1,2,4,14,True,45,4,87,1111,11.11,0
148,25,1,2,4,32,False,37,5,231,1511,15.11,0
149,25,1,2,4,30,True,37,5,210,1490,14.9,0
150,25,1,1,4,18,False,42,3,101,869,8.69,0
151,25,1,1,4,14,True,42,3,83,851,8.51,0
152,25,1,2,4,20,False,164,4,18,1042,10.42,0
153,25,1,2,4,28,True,164,3,254,1022,10.22,0
154,25,1,2,4,15,False,170,3,110,878,8.78,0
155,25,1,2,4,18,True,170,3,88,856,8.56,0
156,25,1,2,4,19,True,171,2,24,536,5.36,0
157,25,1,2,4,1,False,208,1,128,384,3.84,0
158,25,1,2,4,16,True,208,1,105,361,3.61,0
159,25,1,2,4,21,True,130,2,128,640,6.4,0
160,25,1,2,4,4,False,129,5,65,1345,13.45,0
161,25,1,2,4,22,True,129,5,47,1327,13.27,0
162,25,1,2,4,14,False,226,1,216,472,4.72,0
163,25,1,2,4,30,True,226,1,193,449,4.49,0
164,25,1,2,4,15,False,86,4,185,1209,12.09,0
165,25,1,2,4,26,True,86,4,163,1187,11.87,0
166,25,1,2,4,27,True,85,4,1,1025,10.25,0
167,25,1,2,4,3,False,171,2,160,672,6.72,0
168,25,1,2,4,33,True,171,2,140,652,6.52,0
169,25,1,2,4,28,False,2,4,33,1057,10.57,0
170,25,1,2,4,27,True,2,4,13,1037,10.37,0
171,25,1,2,4,25,False,197,2,129,641,6.41,0
172,25,1,2,4,26,True,197,2,109,621,6.21,0
173,25,1,2,4,33,False,4,4,165,1189,11.89,0
174,25,1,2,4,21,True,4,4,144,1168,11.68,0
175,25,1,0,4,24,False,35,5,71,1351,13.51,0
176,25,1,0,4,26,True,35,5,56,1336,13.36,0
177,25,1,2,4,24,False,13,2,221,733,7.33,0
178,25,1,2,4,3,True,13,2,202,714,7.14,0
179,25,1,2,4,18,False,149,2,54,566,5.66,0
180,25,1,2,4,16,True,149,2,34,546,5.46,0
181,25,1,2,4,30,False,38,5,63,1343,13.43,0
182,25,1,2,4,25,True,38,5,45,1325,13.25,0
183,25,1,2,4,23,False,12,2,9,521,5.21,0
184,25,1,2,4,15,True,12,1,246,502,5.02,0
185,25,1,3,4,23,False,211,1,185,441,4.41,0
186,25,1,3,4,17,True,211,1,163,419,4.19,0
187,25,1,2,4,20,False,148,2,88,600,6.0,0
188,25,1,2,4,31,True,147,2,67,579,5.79,0
189,25,1,2,4,27,False,195,3,219,987,9.87,0
190,25,1,2,4,30,True,194,3,199,967,9.67,0
191,25,1,2,4,21,False,152,1,101,357,3.57,0
192,25,1,2,4,22,False,155,2,203,715,7.15,0
193,25,1,2,4,32,True,152,2,211,723,7.23,0
194,25,1,2,4,16,False,242,2,98,610,6.1,0
195,25,1,2,4,31,True,242,2,80,592,5.92,0
196,25,1,2,4,19,False,62,5,169,1449,14.49,0
197,25,1,2,4,14,True,62,5,150,1430,14.3,0
198,25,1,1,4,29,False,156,2,99,611,6.11,0
199,25,1,1,4,30,True,156,2,81,593,5.93,0
200,25,1,2,4,21,False,144,2,222,734,7.34,0
201,25,1,2,4,20,True,144,2,203,715,7.15,0
202,25,1,2,4,9,False,34,2,67,579,5.79,0
203,25,1,2,4,13,True,34,2,46,558,5.58,0
204,25,1,3,4,7,False,62,0,184,184,1.84,0
205,25,1,3,4,8,False,58,2,127,639,6.39,0
206,25,1,3,4,9,True,58,2,109,621,6.21,0
207,25,1,3,4,10,True,63,1,132,388,3.88,0
208,25,1,3,4,11,True,66,0,152,152,1.52,0
209,25,1,3,4,12,True,62,0,158,158,1.58,0
210,25,1,2,4,32,False,187,4,172,1196,11.96,0
211,25,1,2,4,26,True,187,4,151,1175,11.75,0
212,25,1,2,4,26,False,128,4,216,1240,12.4,0
213,25,1,2,4,33,True,128,4,197,1221,12.21,0
214,25,1,3,4,8,False,84,3,232,1000,10.0,0
215,25,1,3,4,3,True,84,3,213,981,9.81,0
216,25,1,2,4,14,False,127,2,98,610,6.1,0
217,25,1,2,4,23,True,127,2,73,585,5.85,0
218,25,1,2,4,22,False,68,1,124,380,3.8,0
219,25,1,2,4,23,False,55,3,102,870,8.7,0
220,25,1,2,4,16,True,55,3,82,850,8.5,0
221,25,1,2,4,17,True,68,1,104,360,3.6,0
222,25,1,3,4,7,False,162,5,196,1476,14.76,0
223,25,1,3,4,3,True,162,5,171,1451,14.51,0
224,25,1,0,4,31,False,45,3,1,769,7.69,0
225,25,1,0,4,15,True,45,2,240,752,7.52,0
226,25,1,2,4,20,False,52,1,49,305,3.05,0
227,25,1,2,4,30,True,52,1,29,285,2.85,0
228,25,1,2,4,20,False,106,3,35,803,8.03,0
229,25,1,2,4,24,True,106,3,13,781,7.81,0
230,25,1,2,4,18,False,34,3,3,771,7.71,0
231,25,1,2,4,16,True,34,2,238,750,7.5,0
232,25,1,2,4,20,False,169,3,36,804,8.04,0
233,25,1,2,4,23,True,169,3,14,782,7.82,0
234,25,1,2,4,19,False,38,1,95,351,3.51,0
235,25,1,2,4,20,False,30,2,174,686,6.86,0
236,25,1,2,4,26,True,30,2,154,666,6.66,0
237,25,1,3,4,23,False,38,5,146,1426,14.26,0
238,25,1,3,4,21,True,38,5,125,1405,14.05,0
239,25,1,2,4,33,False,4,3,40,808,8.08,0
240,25,1,2,4,20,True,60,3,18,786,7.86,0
241,25,1,2,4,21,False,237,3,194,962,9.62,0
242,25,1,2,4,17,True,237,3,177,945,9.45,0
243,25,1,2,4,18,False,244,1,168,424,4.24,0
244,25,1,2,4,12,True,244,1,149,405,4.05,0
245,25,1,2,4,30,False,99,4,228,1252,12.52,0
246,25,1,2,4,29,True,99,4,210,1234,12.34,0
247,25,1,2,4,20,False,143,4,52,1076,10.76,0
248,25,1,2,4,16,True,143,4,30,1054,10.54,0
249,25,1,2,4,22,False,85,3,182,950,9.5,0
250,25,1,2,4,24,True,85,3,161,929,9.29,0
251,25,1,2,4,28,False,165,3,14,782,7.82,0
252,25,1,2,4,26,True,165,2,252,764,7.64,0
253,25,1,2,4,5,False,85,1,76,332,3.32,0
254,25,1,2,4,16,True,85,1,55,311,3.11,0
255,25,1,2,4,27,False,216,3,0,768,7.68,0
256,25,1,2,4,29,True,216,2,236,748,7.48,0
257,25,1,2,4,16,False,192,3,132,900,9.0,0
258,25,1,2,4,7,True,192,3,113,881,8.81,0
259,25,1,3,4,15,False,47,3,3,771,7.71,0
260,25,1,3,4,10,True,47,2,236,748,7.48,0
261,25,1,2,4,16,False,1,2,229,741,7.41,0
262,25,1,2,4,17,False,255,3,231,999,9.99,0
263,25,1,2,4,14,True,255,3,208,976,9.76,0
264,25,1,3,4,20,False,174,4,210,1234,12.34,0
265,25,1,3,4,10,True,174,4,190,1214,12.14,0
266,25,1,2,4,23,False,125,2,9,521,5.21,0
267,25,1,2,4,28,True,125,1,246,502,5.02,0
268,25,1,2,4,14,False,116,2,7,519,5.19,0
269,25,1,2,4,28,True,116,1,242,498,4.98,0
270,25,1,2,4,1,False,77,2,19,531,5.31,0
271,25,1,2,4,11,True,77,1,252,508,5.08,0
272,25,1,2,4,0,False,75,9,213,2517,25.17,0
273,25,1,2,4,10,True,75,9,193,2497,24.97,0
274,25,1,0,4,30,False,123,2,90,602,6.02,0
275,25,1,0,4,9,True,123,2,73,585,5.85,0
276,25,1,3,4,13,False,231,6,164,1700,17.0,0
277,25,1,3,4,11,True,231,6,142,1678,16.78,0
278,25,1,2,4,15,False,216,3,88,856,8.56,0
279,25,1,2,4,10,True,216,3,66,834,8.34,0
280,25,1,2,4,17,False,87,3,87,855,8.55,0
281,25,1,2,4,22,True,87,3,64,832,8.32,0
282,25,1,2,4,15,False,161,2,189,701,7.01,0
283,25,1,2,4,26,True,161,2,169,681,6.81,0
284,25,1,3,4,10,False,72,4,118,1142,11.42,0
285,25,1,3,4,9,True,72,4,102,1126,11.26,0
286,25,1,1,4,23,False,204,4,60,1084,10.84,0
287,25,1,1,4,31,True,204,4,43,1067,10.67,0
288,25,1,2,4,18,False,39,2,121,633,6.33,0
289,25,1,2,4,20,True,39,2,101,613,6.13,0
290,25,1,2,4,32,False,2,3,217,985,9.85,0
291,25,1,2,4,29,True,2,3,196,964,9.64,0
292,25,1,2,4,23,False,203,3,195,963,9.63,0
293,25,1,2,4,23,True,203,3,176,944,9.44,0
294,25,1,3,4,30,False,0,1,92,348,3.48,0
295,25,1,3,4,20,True,0,1,71,327,3.27,0
296,25,1,2,4,27,False,83,1,50,306,3.06,0
297,25,1,2,4,26,False,76,3,215,983,9.83,0
298,25,1,2,4,20,True,76,3,193,961,9.61,0
299,25,1,2,4,10,False,252,3,118,886,8.86,0
300,25,1,2,4,7,False,253,5,80,1360,13.6,0
301,25,1,2,4,10,True,253,5,61,1341,13.41,0
302,25,1,2,4,11,True,252,3,97,865,8.65,0
303,25,1,2,4,19,False,127,3,218,986,9.86,0
304,25,1,2,4,20,False,128,4,13,1037,10.37,0
305,25,1,2,4,32,True,127,3,200,968,9.68,0
306,25,1,2,4,33,True,127,3,249,1017,10.17,0
307,25,1,2,4,26,False,182,2,246,758,7.58,0
308,25,1,2,4,25,True,182,2,227,739,7.39,0
309,25,1,2,4,1,False,3,4,32,1056,10.56,0
310,25,1,2,4,10,True,3,4,9,1033,10.33,0
311,25,1,2,4,15,False,166,2,243,755,7.55,0
312,25,1,2,4,15,True,166,2,225,737,7.37,0
313,25,1,1,4,27,False,81,3,189,957,9.57,0
314,25,1,1,4,3,True,81,3,170,938,9.38,0
315,25,1,2,4,21,False,57,3,193,961,9.61,0
316,25,1,2,4,22,True,57,3,175,943,9.43,0
317,25,1,2,4,6,False,110,2,26,538,5.38,0
318,25,1,2,4,14,True,110,2,7,519,5.19,0
319,25,1,2,4,28,False,58,2,168,680,6.8,0
320,25,1,2,4,19,True,58,2,149,661,6.61,0
321,25,1,0,4,27,False,83,4,49,1073,10.73,0
322,25,1,0,4,20,True,83,4,32,1056,10.56,0
323,25,1,2,4,19,False,138,2,27,539,5.39,0
324,25,1,2,4,20,False,140,2,82,594,5.94,0
325,25,1,2,4,17,True,140,2,61,573,5.73,0
326,25,1,2,4,19,True,139,1,74,330,3.3,0
327,25,1,2,4,20,True,137,2,8,520,5.2,0
328,25,1,2,4,5,False,179,3,137,905,9.05,0
329,25,1,2,4,6,False,179,4,38,1062,10.62,0
330,25,1,2,4,4,True,179,4,19,1043,10.43,0
331,25,1,2,4,5,True,179,3,65,833,8.33,0
332,25,1,2,4,5,False,199,2,98,610,6.1,0
333,25,1,2,4,15,True,199,2,78,590,5.9,0
334,25,1,2,4,25,False,167,2,134,646,6.46,0
335,25,1,2,4,17,True,167,2,114,626,6.26,0
336,25,1,2,4,22,False,121,4,88,1112,11.12,0
337,25,1,2,4,30,True,121,4,69,1093,10.93,0
338,25,1,1,4,25,False,5,4,192,1216,12.16,0
339,25,1,1,4,18,True,5,4,174,1198,11.98,0
340,25,1,0,4,26,False,142,1,220,476,4.76,0
341,25,1,0,4,3,True,142,1,204,460,4.6,0
342,25,1,3,4,26,False,100,4,153,1177,11.77,0
343,25,1,3,4,19,True,100,4,130,1154,11.54,0
344,25,1,2,4,23,False,87,1,184,440,4.4,0
345,25,1,2,4,33,True,87,1,165,421,4.21,0
346,25,1,2,4,23,False,125,0,211,211,2.11,0
347,25,1,2,4,33,True,125,0,192,192,1.92,0
348,25,1,2,4,22,False,172,4,158,1182,11.82,0
349,25,1,2,4,22,True,172,4,139,1163,11.63,0
350,25,1,2,4,26,False,157,3,35,803,8.03,0
351,25,1,2,4,25,True,157,3,15,783,7.83,0
352,25,1,2,4,29,False,107,5,151,1431,14.31,0
353,25,1,2,4,13,True,107,5,132,1412,14.12,0
354,25,1,2,4,33,False,236,3,255,1023,10.23,0
355,25,1,2,4,25,True,236,3,235,1003,10.03,0
356,25,1,3,4,29,False,13,3,192,960,9.6,0
357,25,1,3,4,30,False,12,6,210,1746,17.46,0
358,25,1,3,4,9,True,13,3,172,940,9.4,0
359,25,1,3,4,11,True,12,6,189,1725,17.25,0
360,25,1,1,4,24,False,164,1,72,328,3.28,0
361,25,1,1,4,20,True,164,1,55,311,3.11,0
362,25,1,2,4,19,False,46,2,129,641,6.41,0
363,25,1,2,4,25,True,46,2,110,622,6.22,0
364,25,1,2,4,2,False,57,4,125,1149,11.49,0
365,25,1,2,4,15,True,57,4,104,1128,11.28,0
366,25,1,2,4,30,False,99,4,208,1232,12.32,0
367,25,1,2,4,28,True,18,4,188,1212,12.12,0
368,25,1,2,4,18,False,123,2,10,522,5.22,0
369,25,1,2,4,6,True,123,1,247,503,5.03,0
370,25,1,2,4,21,False,90,3,61,829,8.29,0
371,25,1,2,4,25,True,90,3,44,812,8.12,0
372,25,-1,-1,-1,-1,True,-1,-1,-1,-1,-1.0,-1
0,26,-1,-1,-1,-1,True,-1,-1,-1,-1,-1.0,-1
1,26,-1,-1,-1,-1,True,-1,-1,-1,-1,-1.0,-1
2,26,-1,-1,-1,-1,True,-1,-1,-1,-1,-1.0,-1
3,26,1,2,4,21,True,107,3,19,787,7.87,0
4,26,1,2,4,6,False,88,1,243,499,4.99,0
5,26,1,2,4,25,True,88,1,224,480,4.8,0
6,26,1,2,4,4,False,151,2,239,751,7.51,0
7,26,1,2,4,32,True,151,2,222,734,7.34,0
8,26,1,3,4,10,False,35,2,66,578,5.78,0
9,26,1,3,4,19,True,35,2,47,559,5.59,0
10,26,1,3,4,2,False,217,1,186,442,4.42,0
11,26,1,3,4,8,True,216,1,166,422,4.22,0
12,26,1,0,4,21,False,23,1,50,306,3.06,0
13,26,1,0,4,7,True,20,3,9,777,7.77,0
14,26,1,0,4,20,False,19,6,172,1708,17.08,0
15,26,1,0,4,8,True,19,4,129,1153,11.53,0
16,26,1,0,4,9,True,19,6,153,1689,16.89,0
17,26,1,2,4,29,False,124,2,125,637,6.37,0
18,26,1,2,4,32,True,124,2,106,618,6.18,0
19,26,1,2,4,17,False,57,2,38,550,5.5,0
20,26,1,2,4,18,True,56,2,15,527,5.27,0
21,26,1,2,4,22,False,138,3,87,855,8.55,0
22,26,1,2,4,31,True,138,3,65,833,8.33,0
23,26,1,0,4,23,False,33,4,12,1036,10.36,0
24,26,1,0,4,30,True,32,3,252,1020,10.2,0
25,26,1,2,4,23,False,223,1,200,456,4.56,0
26,26,1,2,4,8,True,223,1,182,438,4.38,0
27,26,1,2,4,22,False,128,3,193,961,9.61,0
28,26,1,2,4,32,True,128,3,174,942,9.42,0
29,26,1,2,4,28,False,57,3,210,978,9.78,0
30,26,1,2,4,14,True,57,3,192,960,9.6,0
31,26,1,2,4,19,False,120,3,18,786,7.86,0
32,26,1,2,4,21,True,120,2,255,767,7.67,0
33,26,1,2,4,6,False,8,5,221,1501,15.01,0
34,26,1,2,4,15,True,8,5,202,1482,14.82,0
35,26,1,2,4,31,False,194,3,161,929,9.29,0
36,26,1,2,4,20,True,194,3,140,908,9.08,0
37,26,1,2,4,28,False,159,1,233,489,4.89,0
38,26,1,2,4,3,True,158,1,216,472,4.72,0
39,26,1,3,4,32,False,27,4,35,1059,10.59,0
40,26,1,3,4,20,True,27,4,15,1039,10.39,0
41,26,1,2,4,23,False,190,3,141,909,9.09,0
42,26,1,2,4,17,True,190,3,122,890,8.9,0
43,26,1,2,4,15,False,95,4,142,1166,11.66,0
44,26,1,2,4,26,True,95,4,123,1147,11.47,0
45,26,1,2,4,22,False,28,2,222,734,7.34,0
46,26,1,2,4,5,True,27,2,205,717,7.17,0
47,26,1,2,4,33,False,141,2,91,603,6.03,0
48,26,1,2,4,17,True,140,2,69,581,5.81,0
49,26,1,3,4,32,False,40,3,249,1017,10.17,0
50,26,1,3,4,25,True,40,3,227,995,9.95,0
51,26,1,2,4,17,False,43,2,196,708,7.08,0
52,26,1,2,4,21,True,43,2,175,687,6.87,0
53,26,1,2,4,21,False,252,3,126,894,8.94,0
54,26,1,2,4,13,True,252,3,108,876,8.76,0
55,26,1,2,4,18,True,253,2,191,703,7.03,0
56,26,1,2,4,26,False,187,3,1,769,7.69,0
57,26,1,2,4,27,True,186,2,236,748,7.48,0
58,26,1,3,4,2,False,152,2,205,717,7.17,0
59,26,1,3,4,11,True,152,2,184,696,6.96,0
60,26,1,0,4,32,False,20,2,150,662,6.62,0
61,26,1,0,4,7,True,20,2,134,646,6.46,0
62,26,1,2,4,19,False,76,3,110,878,8.78,0
63,26,1,2,4,20,False,76,3,178,946,9.46,0
64,26,1,2,4,29,True,76,3,157,925,9.25,0
65,26,1,2,4,30,True,76,3,91,859,8.59,0
66,26,1,2,4,27,False,182,5,52,1332,13.32,0
67,26,1,2,4,30,True,182,5,32,1312,13.12,0
68,26,1,2,4,25,False,104,4,170,1194,11.94,0
69,26,1,2,4,14,True,104,4,151,1175,11.75,0
70,26,1,2,4,0,False,214,6,205,1741,17.41,0
71,26,1,2,4,11,True,214,6,185,1721,17.21,0
72,26,1,2,4,19,False,215,5,212,1492,14.92,0
73,26,1,2,4,33,True,215,5,194,1474,14.74,0
74,26,1,2,4,6,False,143,4,216,1240,12.4,0
75,26,1,2,4,20,True,143,4,195,1219,12.19,0
76,26,1,0,4,28,False,17,1,89,345,3.45,0
77,26,1,0,4,16,True,17,1,71,327,3.27,0
78,26,1,2,4,25,False,211,1,68,324,3.24,0
79,26,1,2,4,28,True,211,1,47,303,3.03,0
80,26,1,1,4,9,False,99,3,100,868,8.68,0
81,26,1,1,4,10,False,98,6,178,1714,17.14,0
82,26,1,1,4,25,True,98,6,160,1696,16.96,0
83,26,1,2,4,29,False,147,3,238,1006,10.06,0
84,26,1,2,4,23,True,147,3,217,985,9.85,0
85,26,1,0,4,27,False,154,3,200,968,9.68,0
86,26,1,0,4,33,True,153,3,183,951,9.51,0
87,26,1,2,4,26,False,121,2,233,745,7.45,0
88,26,1,2,4,25,True,121,2,213,725,7.25,0
89,26,1,2,4,15,False,109,3,5,773,7.73,0
90,26,1,2,4,16,False,110,4,39,1063,10.63,0
91,26,1,2,4,10,True,109,4,31,1055,10.55,0
92,26,1,2,4,19,False,156,2,168,680,6.8,0
93,26,1,2,4,10,True,156,2,149,661,6.61,0
94,26,1,2,4,31,False,236,2,239,751,7.51,0
95,26,1,2,4,32,True,236,2,219,731,7.31,0
96,26,1,3,4,8,False,64,3,207,975,9.75,0
97,26,1,3,4,29,True,64,3,190,958,9.58,0
98,26,1,2,4,33,False,22,2,144,656,6.56,0
99,26,1,2,4,19,True,22,2,122,634,6.34,0
100,26,1,2,3,22,False,2,10,0,2560,25.6,0
101,26,1,2,4,12,False,162,3,242,1010,10.1,0
102,26,1,2,4,5,True,162,3,225,993,9.93,0
103,26,1,2,4,28,False,218,1,116,372,3.72,0
104,26,1,2,4,32,True,218,1,97,353,3.53,0
105,26,1,2,4,19,False,119,4,63,1087,10.87,0
106,26,1,2,4,9,True,119,4,45,1069,10.69,0
107,26,1,2,4,9,False,107,3,12,780,7.8,0
108,26,1,2,4,13,True,107,2,246,758,7.58,0
109,26,1,2,4,26,False,87,4,92,1116,11.16,0
110,26,1,2,4,19,True,87,4,72,1096,10.96,0
111,26,1,2,4,1,False,8,2,225,737,7.37,0
112,26,1,2,4,26,True,8,2,204,716,7.16,0
113,26,1,2,4,14,False,239,4,4,1028,10.28,0
114,26,1,2,4,15,False,238,4,71,1095,10.95,0
115,26,1,2,4,29,True,239,3,238,1006,10.06,0
116,26,1,2,4,30,True,239,3,185,953,9.53,0
117,26,1,2,4,31,True,238,4,50,1074,10.74,0
118,26,1,2,4,17,False,185,1,132,388,3.88,0
119,26,1,2,4,33,True,185,1,109,365,3.65,0
120,26,1,2,4,21,False,20,2,49,561,5.61,0
121,26,1,2,4,32,True,20,2,32,544,5.44,0
122,26,1,2,4,4,False,146,4,223,1247,12.47,0
123,26,1,2,4,28,True,146,4,205,1229,12.29,0
124,26,1,2,4,16,False,50,0,191,191,1.91,0
125,26,1,2,4,17,True,47,1,87,343,3.43,0
126,26,1,2,4,15,False,44,5,29,1309,13.09,0
127,26,1,2,4,16,True,44,5,7,1287,12.87,0
128,26,1,1,4,30,False,84,3,185,953,9.53,0
129,26,1,1,4,8,True,84,3,169,937,9.37,0
130,26,1,0,4,9,False,64,4,161,1185,11.85,0
131,26,1,0,4,3,True,64,4,145,1169,11.69,0
132,26,1,2,4,1,False,17,3,160,928,9.28,0
133,26,1,2,4,21,True,17,3,137,905,9.05,0
134,26,1,2,4,29,False,123,1,213,469,4.69,0
135,26,1,2,4,33,True,123,1,194,450,4.5,0
136,26,1,2,4,0,False,39,4,43,1067,10.67,0
137,26,1,2,4,24,True,39,4,23,1047,10.47,0
138,26,1,2,4,19,False,79,3,221,989,9.89,0
139,26,1,2,4,4,True,79,3,203,971,9.71,0
140,26,1,2,4,5,True,80,2,144,656,6.56,0
141,26,1,1,4,1,False,53,3,158,926,9.26,0
142,26,1,1,4,14,True,53,3,139,907,9.07,0
143,26,1,2,4,16,False,58,2,35,547,5.47,0
144,26,1,2,4,27,True,186,2,16,528,5.28,0
145,26,1,2,4,16,False,122,2,155,667,6.67,0
146,26,1,2,4,22,True,122,2,137,649,6.49,0
147,26,1,3,4,32,False,139,3,18,786,7.86,0
148,26,1,3,4,6,True,139,2,255,767,7.67,0
149,26,1,2,4,6,False,41,2,47,559,5.59,0
150,26,1,2,4,23,True,41,2,26,538,5.38,0
151,26,1,2,4,19,False,10,4,156,1180,11.8,0
152,26,1,2,4,24,True,10,4,137,1161,11.61,0
153,26,1,2,4,25,False,119,2,198,710,7.1,0
154,26,1,2,4,31,True,119,2,176,688,6.88,0
155,26,1,2,4,20,False,196,1,227,483,4.83,0
156,26,1,2,4,21,True,196,1,205,461,4.61,0
157,26,1,2,4,23,False,68,1,42,298,2.98,0
158,26,1,2,4,13,True,68,1,23,279,2.79,0
159,26,1,2,4,1,False,26,2,101,613,6.13,0
160,26,1,2,4,8,True,26,2,79,591,5.91,0
161,26,1,2,4,21,False,248,0,183,183,1.83,0
162,26,1,2,4,19,True,248,0,165,165,1.65,0
163,26,1,3,4,2,False,145,5,149,1429,14.29,0
164,26,1,3,4,3,True,145,5,127,1407,14.07,0
165,26,1,2,4,0,False,65,5,65,1345,13.45,0
166,26,1,2,4,14,True,65,5,45,1325,13.25,0
167,26,1,2,4,17,False,116,1,6,262,2.62,0
168,26,1,2,4,20,True,116,0,239,239,2.39,0
169,26,1,1,4,16,False,62,4,30,1054,10.54,0
170,26,1,1,4,18,True,62,4,11,1035,10.35,0
171,26,1,2,4,31,False,50,2,227,739,7.39,0
172,26,1,2,4,10,True,50,2,209,721,7.21,0
173,26,1,2,4,16,False,162,5,149,1429,14.29,0
174,26,1,2,4,29,True,162,5,130,1410,14.1,0
175,26,1,2,4,16,False,38,2,28,540,5.4,0
176,26,1,2,4,22,True,38,2,9,521,5.21,0
177,26,1,0,4,33,False,41,6,103,1639,16.39,0
178,26,1,0,4,34,True,41,6,84,1620,16.2,0
179,26,1,2,4,30,False,40,3,103,871,8.71,0
180,26,1,2,4,4,True,40,3,86,854,8.54,0
181,26,1,2,4,14,False,174,4,208,1232,12.32,0
182,26,1,2,4,15,True,174,4,184,1208,12.08,0
183,26,1,2,4,14,False,127,1,36,292,2.92,0
184,26,1,2,4,20,True,127,1,15,271,2.71,0
185,26,1,2,4,21,False,93,2,223,735,7.35,0
186,26,1,2,4,28,True,93,2,205,717,7.17,0
187,26,1,2,4,4,False,212,3,1,769,7.69,0
188,26,1,2,4,32,True,212,2,239,751,7.51,0
189,26,1,2,4,23,False,180,4,180,1204,12.04,0
190,26,1,2,4,27,True,180,4,160,1184,11.84,0
191,26,1,2,4,24,False,249,2,170,682,6.82,0
192,26,1,2,4,32,True,249,2,151,663,6.63,0
193,26,1,2,4,18,False,157,1,210,466,4.66,0
194,26,1,2,4,19,False,157,2,36,548,5.48,0
195,26,1,2,4,18,True,157,1,192,448,4.48,0
196,26,1,2,4,19,True,157,2,19,531,5.31,0
197,26,1,2,4,31,False,16,4,8,1032,10.32,0
198,26,1,2,4,9,True,16,3,247,1015,10.15,0
199,26,1,2,4,17,False,184,0,197,197,1.97,0
200,26,1,2,4,18,False,175,4,63,1087,10.87,0
201,26,1,2,4,13,True,175,3,153,921,9.21,0
202,26,1,2,4,14,True,175,4,43,1067,10.67,0
203,26,1,2,4,15,True,177,1,134,390,3.9,0
204,26,1,2,4,9,False,99,2,63,575,5.75,0
205,26,1,2,4,9,True,99,2,47,559,5.59,0
206,26,1,2,4,14,False,143,2,120,632,6.32,0
207,26,1,2,4,23,True,143,2,96,608,6.08,0
208,26,1,2,4,0,False,168,3,202,970,9.7,0
209,26,1,2,4,21,True,168,3,183,951,9.51,0
210,26,1,2,4,21,False,75,5,110,1390,13.9,0
211,26,1,2,4,18,True,75,5,92,1372,13.72,0
212,26,1,1,4,4,False,239,5,165,1445,14.45,0
213,26,1,1,4,22,True,239,5,147,1427,14.27,0
214,26,1,1,4,31,False,181,2,71,583,5.83,0
215,26,1,1,4,31,True,181,2,54,566,5.66,0
216,26,1,2,4,17,False,51,3,155,923,9.23,0
217,26,1,2,4,32,True,51,3,134,902,9.02,0
218,26,1,2,4,9,False,102,3,44,812,8.12,0
219,26,1,2,4,6,True,102,3,23,791,7.91,0
220,26,1,2,4,20,False,43,3,244,1012,10.12,0
221,26,1,2,4,9,True,43,3,224,992,9.92,0
222,26,1,2,4,20,False,20,0,248,248,2.48,0
223,26,1,2,4,33,True,20,0,227,227,2.27,0
224,26,1,2,4,20,False,97,2,192,704,7.04,0
225,26,1,2,4,22,True,97,2,171,683,6.83,0
226,26,1,2,4,17,False,132,1,24,280,2.8,0
227,26,1,2,4,3,True,132,1,4,260,2.6,0
228,26,1,0,4,2,False,163,7,134,1926,19.26,0
229,26,1,0,4,29,True,163,7,117,1909,19.09,0
230,26,1,2,4,24,False,83,2,46,558,5.58,0
231,26,1,2,4,25,False,81,2,208,720,7.2,0
232,26,1,2,4,25,True,83,2,26,538,5.38,0
233,26,1,2,4,26,True,81,2,187,699,6.99,0
234,26,1,2,4,29,False,2,4,19,1043,10.43,0
235,26,1,2,4,25,True,1,4,1,1025,10.25,0
236,26,1,2,4,27,False,109,1,211,467,4.67,0
237,26,1,2,4,28,False,104,4,207,1231,12.31,0
238,26,1,2,4,23,True,104,4,188,1212,12.12,0
239,26,1,2,4,24,True,108,1,199,455,4.55,0
240,26,1,2,4,6,False,251,0,12,12,0.12,0
241,26,1,2,4,4,True,251,0,29,29,0.29,0
242,26,1,3,4,29,False,128,5,35,1315,13.15,0
243,26,1,3,4,30,False,128,5,190,1470,14.7,0
244,26,1,3,4,17,True,128,5,169,1449,14.49,0
245,26,1,3,4,27,False,228,4,0,1024,10.24,0
246,26,1,3,4,16,True,228,3,237,1005,10.05,0
247,26,1,2,4,16,False,36,3,224,992,9.92,0
248,26,1,2,4,12,True,36,3,205,973,9.73,0
249,26,1,2,4,19,False,119,2,173,685,6.85,0
250,26,1,2,4,20,False,118,3,154,922,9.22,0
251,26,1,2,4,22,True,118,3,133,901,9.01,0
252,26,1,2,4,16,False,14,3,249,1017,10.17,0
253,26,1,2,4,27,True,14,3,230,998,9.98,0
254,26,1,3,4,14,False,180,2,186,698,6.98,0
255,26,1,3,4,29,True,180,2,164,676,6.76,0
256,26,1,3,4,7,False,162,2,100,612,6.12,0
257,26,1,3,4,5,True,162,2,76,588,5.88,0
258,26,1,2,4,6,False,239,1,123,379,3.79,0
259,26,1,2,4,18,True,239,1,103,359,3.59,0
260,26,1,2,4,14,False,197,2,152,664,6.64,0
261,26,1,2,4,28,True,197,2,130,642,6.42,0
262,26,1,2,4,19,False,60,2,239,751,7.51,0
263,26,1,2,4,25,True,60,2,220,732,7.32,0
264,26,1,0,4,31,False,182,5,115,1395,13.95,0
265,26,1,0,4,18,True,182,5,100,1380,13.8,0
266,26,1,2,4,4,False,205,2,104,616,6.16,0
267,26,1,2,4,18,True,204,2,85,597,5.97,0
268,26,1,2,4,6,False,136,1,200,456,4.56,0
269,26,1,2,4,26,True,136,1,182,438,4.38,0
270,26,1,3,4,2,False,140,6,51,1587,15.87,0
271,26,1,3,4,10,True,140,6,28,1564,15.64,0
272,26,1,2,4,21,False,102,1,119,375,3.75,0
273,26,1,2,4,12,True,102,1,102,358,3.58,0
274,26,1,0,4,27,True,245,4,28,1052,10.52,0
275,26,1,0,4,30,False,246,6,144,1680,16.8,0
276,26,1,0,4,28,True,246,6,120,1656,16.56,0
277,26,1,0,4,29,True,246,5,97,1377,13.77,0
278,26,1,2,4,21,False,220,1,135,391,3.91,0
279,26,1,2,4,26,True,220,1,118,374,3.74,0
280,26,1,2,4,11,False,181,5,132,1412,14.12,0
281,26,1,2,4,7,True,181,5,113,1393,13.93,0
282,26,1,2,4,4,False,37,3,56,824,8.24,0
283,26,1,2,4,13,True,36,3,38,806,8.06,0
284,26,1,0,4,30,False,184,4,172,1196,11.96,0
285,26,1,0,4,31,False,185,3,130,898,8.98,0
286,26,1,0,4,8,True,184,4,156,1180,11.8,0
287,26,1,2,4,21,False,94,2,139,651,6.51,0
288,26,1,2,4,29,True,94,2,121,633,6.33,0
289,26,1,1,4,23,False,106,3,198,966,9.66,0
290,26,1,1,4,9,True,106,3,183,951,9.51,0
291,26,1,2,4,23,False,105,2,173,685,6.85,0
292,26,1,2,4,16,True,105,2,153,665,6.65,0
293,26,1,2,4,6,False,139,4,159,1183,11.83,0
294,26,1,2,4,18,True,138,4,139,1163,11.63,0
295,26,1,2,4,20,False,64,4,239,1263,12.63,0
296,26,1,2,4,13,True,64,4,218,1242,12.42,0
297,26,1,2,4,19,True,236,0,117,117,1.17,0
298,26,1,2,4,31,False,230,3,53,821,8.21,0
299,26,1,2,4,21,True,230,3,33,801,8.01,0
300,26,1,2,4,17,False,117,2,85,597,5.97,0
301,26,1,2,4,28,True,117,2,64,576,5.76,0
302,26,1,3,4,31,False,17,3,141,909,9.09,0
303,26,1,3,4,3,True,17,3,119,887,8.87,0
304,26,1,2,4,10,False,70,2,65,577,5.77,0
305,26,1,2,4,9,False,69,4,232,1256,12.56,0
306,26,1,2,4,6,True,69,4,209,1233,12.33,0
307,26,1,3,4,15,False,246,3,217,985,9.85,0
308,26,1,3,4,10,True,246,3,195,963,9.63,0
309,26,1,2,4,15,False,154,2,78,590,5.9,0
310,26,1,2,4,14,False,152,5,15,1295,12.95,0
311,26,1,2,4,22,True,154,2,57,569,5.69,0
312,26,1,2,4,23,True,152,4,247,1271,12.71,0
313,26,1,2,4,21,False,79,3,227,995,9.95,0
314,26,1,2,4,10,True,79,2,191,703,7.03,0
315,26,1,2,4,11,True,79,3,206,974,9.74,0
316,26,1,2,4,6,False,228,2,46,558,5.58,0
317,26,1,2,4,22,True,228,2,27,539,5.39,0
318,26,1,1,4,16,False,102,4,203,1227,12.27,0
319,26,1,1,4,6,True,102,4,28,1052,10.52,0
320,26,1,1,4,7,True,106,4,141,1165,11.65,0
321,26,1,2,4,21,False,239,2,107,619,6.19,0
322,26,1,2,4,4,True,239,2,91,603,6.03,0
323,26,1,2,4,3,False,8,3,173,941,9.41,0
324,26,1,2,4,13,True,8,3,151,919,9.19,0
325,26,1,2,4,23,False,212,4,154,1178,11.78,0
326,26,1,2,4,29,True,212,4,134,1158,11.58,0
327,26,1,3,4,33,False,39,3,13,781,7.81,0
328,26,1,3,4,30,True,39,2,248,760,7.6,0
329,26,1,2,4,25,False,137,4,137,1161,11.61,0
330,26,1,2,4,27,True,137,4,115,1139,11.39,0
331,26,1,1,4,29,False,186,5,141,1421,14.21,0
332,26,1,1,4,7,True,186,5,123,1403,14.03,0
333,26,1,2,4,28,False,126,1,113,369,3.69,0
334,26,1,2,4,29,True,126,1,94,350,3.5,0
335,26,1,1,4,20,False,221,4,245,1269,12.69,0
336,26,1,1,4,7,True,221,4,224,1248,12.48,0
337,26,1,2,4,23,False,99,2,172,684,6.84,0
338,26,1,2,4,21,True,99,2,152,664,6.64,0
339,26,1,2,4,18,False,229,4,157,1181,11.81,0
340,26,1,2,4,11,True,229,4,138,1162,11.62,0
341,26,1,0,4,21,False,106,1,246,502,5.02,0
342,26,1,0,4,9,True,106,1,230,486,4.86,0
343,26,1,0,4,3,False,93,4,6,1030,10.3,0
344,26,1,0,4,3,True,93,3,245,1013,10.13,0
345,26,1,0,4,5,False,28,2,200,712,7.12,0
346,26,1,0,4,18,True,28,2,183,695,6.95,0
347,26,1,2,4,27,False,63,6,40,1576,15.76,0
348,26,1,2,4,22,True,63,6,21,1557,15.57,0
349,26,1,2,4,21,False,240,3,140,908,9.08,0
350,26,1,2,4,7,True,240,3,122,890,8.9,0
351,26,1,2,4,30,False,169,2,165,677,6.77,0
352,26,1,2,4,31,True,169,2,144,656,6.56,0
353,26,1,2,4,27,False,111,4,165,1189,11.89,0
354,26,1,2,4,20,True,111,4,146,1170,11.7,0
355,26,1,2,4,25,False,169,2,23,535,5.35,0
356,26,1,2,4,20,True,169,2,2,514,5.14,0
357,26,1,2,4,16,False,111,1,218,474,4.74,0
358,26,1,2,4,17,True,111,1,198,454,4.54,0
359,26,1,2,4,17,False,235,2,135,647,6.47,0
360,26,1,2,4,19,True,235,2,112,624,6.24,0
361,26,1,2,4,22,False,49,2,106,618,6.18,0
362,26,1,2,4,29,True,49,2,86,598,5.98,0
363,26,1,2,4,16,False,28,1,250,506,5.06,0
364,26,1,2,4,17,True,28,1,215,471,4.71,0
365,26,1,2,4,19,True,29,1,223,479,4.79,0
366,26,1,2,4,15,False,103,2,67,579,5.79,0
367,26,1,2,4,24,True,103,2,45,557,5.57,0
368,26,1,0,4,27,False,229,0,227,227,2.27,0
369,26,1,0,4,28,False,221,1,175,431,4.31,0
370,26,1,0,4,30,True,221,1,156,412,4.12,0
371,26,1,0,4,31,True,229,0,210,210,2.1,0
372,26,1,2,4,19,False,169,2,9,521,5.21,0
373,26,1,2,4,20,True,169,1,245,501,5.01,0
374,26,1,2,4,20,False,132,5,12,1292,12.92,0
0,27,-1,-1,-1,-1,True,-1,-1,-1,-1,-1.0,-1
1,27,-1,-1,-1,-1,True,-1,-1,-1,-1,-1.0,-1
2,27,-1,-1,-1,-1,True,-1,-1,-1,-1,-1.0,-1
3,27,1,2,4,27,True,132,4,246,1270,12.7,0
4,27,1,2,4,4,False,37,2,245,757,7.57,0
5,27,1,2,4,25,True,127,2,228,740,7.4,0
6,27,1,2,4,15,False,112,4,218,1242,12.42,0
7,27,1,2,4,30,True,112,4,197,1221,12.21,0
8,27,1,2,4,15,False,146,3,18,786,7.86,0
9,27,1,2,4,24,True,146,2,252,764,7.64,0
10,27,1,2,4,5,False,200,4,60,1084,10.84,0
11,27,1,2,4,15,True,200,4,40,1064,10.64,0
12,27,1,2,4,33,True,60,1,92,348,3.48,0
13,27,1,2,4,24,False,57,3,173,941,9.41,0
14,27,1,2,4,25,False,57,5,203,1483,14.83,0
15,27,1,2,4,32,True,56,5,189,1469,14.69,0
16,27,1,2,4,24,False,99,2,255,767,7.67,0
17,27,1,2,4,12,True,99,2,233,745,7.45,0
18,27,1,2,4,17,True,244,5,30,1310,13.1,0
19,27,1,2,4,20,False,244,7,249,2041,20.41,0
20,27,1,2,4,18,True,244,7,228,2020,20.2,0
21,27,1,2,4,30,False,239,3,182,950,9.5,0
22,27,1,2,4,16,True,239,3,164,932,9.32,0
23,27,1,2,4,21,False,98,1,42,298,2.98,0
24,27,1,2,4,17,True,98,1,25,281,2.81,0
25,27,1,3,4,27,False,225,4,81,1105,11.05,0
26,27,1,3,4,19,True,225,4,62,1086,10.86,0
27,27,1,2,4,17,False,216,1,9,265,2.65,0
28,27,1,2,4,28,True,216,0,244,244,2.44,0
29,27,1,2,4,23,False,101,2,57,569,5.69,0
30,27,1,2,4,10,True,101,2,39,551,5.51,0
31,27,1,2,4,14,False,228,1,180,436,4.36,0
32,27,1,2,4,18,True,228,1,158,414,4.14,0
33,27,1,2,4,16,False,243,5,16,1296,12.96,0
34,27,1,2,4,17,False,243,5,140,1420,14.2,0
35,27,1,2,4,33,True,243,5,119,1399,13.99,0
36,27,1,2,4,30,False,224,3,58,826,8.26,0
37,27,1,2,4,28,True,224,3,39,807,8.07,0
38,27,1,2,4,2,False,224,4,16,1040,10.4,0
39,27,1,2,4,5,True,224,3,250,1018,10.18,0
40,27,1,2,4,5,False,209,3,173,941,9.41,0
41,27,1,2,4,14,True,209,3,154,922,9.22,0
42,27,1,2,6,17,True,3,10,4,2564,25.64,47118
43,27,1,2,4,38,True,4,4,184,1208,12.08,0
44,27,1,2,4,15,True,61,13,61,3389,33.89,0
45,27,1,0,4,23,False,198,12,29,3101,31.01,0
46,27,1,10,5,5,False,167,3,205,973,9.73,4
47,27,1,3,0,0,False,0,0,0,0,0.0,0
48,27,1,3,4,61,False,61,13,61,3389,33.89,0
49,27,1,0,4,19,False,42,1,75,331,3.31,0
50,27,1,0,4,22,True,42,1,59,315,3.15,0
51,27,1,0,4,22,False,236,3,48,816,8.16,0
52,27,1,0,4,32,True,236,3,31,799,7.99,0
53,27,1,0,4,33,False,53,2,5,517,5.17,0
54,27,1,0,4,32,False,51,4,211,1235,12.35,0
55,27,1,0,4,20,True,51,4,194,1218,12.18,0
56,27,1,0,4,28,False,194,6,87,1623,16.23,0
57,27,1,0,4,13,True,194,6,70,1606,16.06,0
58,27,1,0,4,32,False,250,1,178,434,4.34,0
59,27,1,0,4,19,True,250,1,160,416,4.16,0
60,27,1,3,4,15,False,15,4,22,1046,10.46,0
61,27,1,0,3,53,False,4,3,0,768,7.68,0
62,27,1,2,7,1,False,12,12,135,3207,32.07,1377039
63,27,1,0,4,6,False,219,4,99,1123,11.23,0
64,27,1,30,6,61,False,61,13,61,3389,33.89,15677
65,27,1,3,4,11,False,83,3,244,1012,10.12,0
66,27,1,3,4,20,False,7,15,1,3841,38.41,0
67,27,1,17,4,8,True,20,9,116,2420,24.2,0
68,27,1,0,1,49,True,0,0,0,0,0.0,0
69,27,1,27,0,0,False,0,0,0,0,0.0,0
70,27,1,2,4,10,False,7,3,214,982,9.82,0
71,27,1,0,3,33,True,61,13,0,3328,33.28,0
72,27,1,0,4,23,False,230,3,107,875,8.75,0
73,27,1,0,4,10,True,230,3,92,860,8.6,0
74,27,1,3,4,12,False,20,11,30,2846,28.46,0
75,27,1,0,4,19,True,171,2,253,765,7.65,0
76,27,1,3,4,20,False,5,15,2,3842,38.42,0
77,27,1,11,1,11,True,0,0,0,0,0.0,0
78,27,1,21,3,2,False,232,4,0,1024,10.24,0
79,27,1,1,4,58,True,1,1,20,276,2.76,0
80,27,1,1,5,39,False,2,10,20,2580,25.8,14
81,27,1,16,4,5,False,47,4,15,1039,10.39,0
82,27,1,28,4,10,False,220,4,16,1040,10.4,0
83,27,1,28,4,11,False,158,4,17,1041,10.41,0
84,27,1,23,2,5,False,48,0,0,0,0.0,0
85,27,1,2,4,18,False,135,5,6,1286,12.86,0
86,27,1,2,4,20,False,134,6,44,1580,15.8,0
87,27,1,2,4,22,False,162,6,78,1614,16.14,0
88,27,1,2,4,23,False,86,9,222,2526,25.26,0
89,27,1,2,4,25,False,148,10,152,2712,27.12,0
90,27,1,2,4,26,False,7,7,146,1938,19.38,0
91,27,1,2,4,27,False,15,9,220,2524,25.24,0
92,27,1,0,4,24,False,216,5,70,1350,13.5,0
93,27,1,2,4,31,False,251,5,136,1416,14.16,0
94,27,1,0,4,23,False,216,7,196,1988,19.88,0
95,27,1,2,4,33,False,96,5,45,1325,13.25,0
96,27,1,0,4,15,True,216,7,179,1971,19.71,0
97,27,1,2,4,3,False,194,4,132,1156,11.56,0
98,27,1,23,2,4,False,163,0,0,0,0.0,0
99,27,1,2,4,6,True,39,1,243,499,4.99,0
100,27,1,2,4,7,True,106,2,67,579,5.79,0
101,27,1,2,4,9,True,93,5,23,1303,13.03,0
102,27,1,2,4,10,True,93,3,62,830,8.3,0
103,27,1,2,4,11,True,228,2,77,589,5.89,0
104,27,1,2,4,12,True,228,2,193,705,7.05,0
105,27,1,2,4,15,True,135,4,179,1203,12.03,0
106,27,1,2,4,16,True,133,6,138,1674,16.74,0
107,27,1,2,4,19,True,132,5,204,1484,14.84,0
108,27,1,2,4,20,True,209,5,249,1529,15.29,0
109,27,1,2,4,21,True,95,1,197,453,4.53,0
110,27,1,2,4,23,True,148,7,132,1924,19.24,0
111,27,1,2,4,24,True,31,8,66,2114,21.14,0
112,27,1,2,4,25,True,87,0,178,178,1.78,0
113,27,1,2,4,26,True,186,4,84,1108,11.08,0
114,27,1,2,4,29,True,118,3,253,1021,10.21,0
115,27,1,2,4,30,True,86,7,63,1855,18.55,0
116,27,1,2,4,31,True,7,8,104,2152,21.52,0
117,27,1,2,4,32,True,15,0,40,40,0.4,0
118,27,1,2,4,33,True,29,10,215,2775,27.75,0
119,27,1,1,4,33,False,114,3,201,969,9.69,0
120,27,1,1,4,5,True,114,3,186,954,9.54,0
121,27,1,3,4,29,False,195,3,183,951,9.51,0
122,27,1,3,4,4,True,195,3,162,930,9.3,0
123,27,1,2,4,20,False,116,2,246,758,7.58,0
124,27,1,2,4,21,True,116,2,225,737,7.37,0
125,27,1,2,4,22,True,116,2,143,655,6.55,0
126,27,1,2,4,20,False,146,4,133,1157,11.57,0
127,27,1,2,4,25,True,146,4,112,1136,11.36,0
128,27,1,2,4,30,False,139,3,218,986,9.86,0
129,27,1,2,4,18,True,139,3,199,967,9.67,0
130,27,1,0,4,31,False,156,2,72,584,5.84,0
131,27,1,0,4,32,False,155,2,230,742,7.42,0
132,27,1,0,4,23,True,155,2,212,724,7.24,0
133,27,1,2,4,16,False,217,5,23,1303,13.03,0
134,27,1,2,4,20,True,217,5,3,1283,12.83,0
135,27,1,2,4,0,False,109,5,154,1434,14.34,0
136,27,1,2,4,14,True,109,5,134,1414,14.14,0
137,27,1,2,4,5,False,89,4,141,1165,11.65,0
138,27,1,2,4,5,True,89,4,84,1108,11.08,0
139,27,1,2,4,6,True,39,4,122,1146,11.46,0
140,27,1,2,4,26,False,89,3,243,1011,10.11,0
141,27,1,2,4,8,True,89,3,225,993,9.93,0
142,27,1,2,4,3,False,58,2,254,766,7.66,0
143,27,1,2,4,21,True,58,2,234,746,7.46,0
144,27,1,3,4,29,False,75,4,70,1094,10.94,0
145,27,1,3,4,5,True,75,4,49,1073,10.73,0
146,27,1,2,4,25,False,91,4,180,1204,12.04,0
147,27,1,2,4,28,True,91,4,160,1184,11.84,0
148,27,1,2,4,11,False,10,2,131,643,6.43,0
149,27,1,2,4,9,True,10,2,112,624,6.24,0
150,27,1,2,4,16,False,124,3,241,1009,10.09,0
151,27,1,2,4,26,True,124,3,223,991,9.91,0
152,27,1,2,4,27,True,124,3,102,870,8.7,0
153,27,1,3,4,24,False,158,3,248,1016,10.16,0
154,27,1,3,4,25,True,158,3,227,995,9.95,0
155,27,1,2,4,19,False,89,4,8,1032,10.32,0
156,27,1,2,4,25,True,89,3,245,1013,10.13,0
157,27,1,2,4,0,False,53,3,154,922,9.22,0
158,27,1,2,4,22,True,53,3,134,902,9.02,0
159,27,1,2,4,17,False,126,2,19,531,5.31,0
160,27,1,2,4,18,False,118,4,150,1174,11.74,0
161,27,1,2,4,28,True,118,4,132,1156,11.56,0
162,27,1,2,4,30,True,126,1,253,509,5.09,0
163,27,1,2,4,26,False,226,3,220,988,9.88,0
164,27,1,2,4,8,True,226,3,201,969,9.69,0
165,27,1,3,4,5,True,58,2,222,734,7.34,0
166,27,1,3,4,11,False,57,5,97,1377,13.77,0
167,27,1,3,4,4,True,57,5,77,1357,13.57,0
168,27,1,2,4,15,False,65,3,12,780,7.8,0
169,27,1,2,4,30,True,65,2,247,759,7.59,0
170,27,1,3,4,20,False,98,1,249,505,5.05,0
171,27,1,3,4,12,True,98,1,231,487,4.87,0
172,27,1,3,4,30,False,87,1,111,367,3.67,0
173,27,1,3,4,13,True,87,1,92,348,3.48,0
174,27,1,2,4,19,False,198,3,175,943,9.43,0
175,27,1,2,4,30,True,198,3,156,924,9.24,0
176,27,1,2,4,1,False,133,2,234,746,7.46,0
177,27,1,2,4,32,True,133,2,213,725,7.25,0
178,27,1,2,4,17,False,142,3,76,844,8.44,0
179,27,1,2,4,25,True,142,3,55,823,8.23,0
180,27,1,2,4,27,False,223,1,140,396,3.96,0
181,27,1,2,4,3,True,223,1,122,378,3.78,0
182,27,1,3,4,11,False,184,5,126,1406,14.06,0
183,27,1,3,4,9,True,184,5,106,1386,13.86,0
184,27,1,2,4,1,False,51,5,33,1313,13.13,0
185,27,1,2,4,15,True,51,5,11,1291,12.91,0
186,27,1,2,4,19,False,73,2,82,594,5.94,0
187,27,1,2,4,21,True,73,2,63,575,5.75,0
188,27,1,2,4,22,False,242,0,220,220,2.2,0
189,27,1,2,4,14,True,242,0,200,200,2.0,0
190,27,1,2,4,26,False,242,2,139,651,6.51,0
191,27,1,2,4,9,True,242,2,121,633,6.33,0
192,27,1,2,4,26,False,22,2,111,623,6.23,0
193,27,1,2,4,27,False,19,4,58,1082,10.82,0
194,27,1,2,4,25,True,19,4,39,1063,10.63,0
195,27,1,2,4,26,True,22,2,93,605,6.05,0
196,27,1,0,4,19,False,193,5,2,1282,12.82,0
197,27,1,0,4,27,True,193,4,242,1266,12.66,0
198,27,1,2,4,22,False,85,4,105,1129,11.29,0
199,27,1,2,4,16,True,85,4,84,1108,11.08,0
200,27,1,2,4,16,False,139,3,222,990,9.9,0
201,27,1,2,4,24,True,139,3,204,972,9.72,0
202,27,1,2,4,14,False,24,2,29,541,5.41,0
203,27,1,2,4,10,True,24,2,6,518,5.18,0
204,27,1,2,4,2,False,90,1,127,383,3.83,0
205,27,1,2,2,26,False,1,0,0,0,0.0,0
206,27,1,2,7,4,False,3,8,5,2053,20.53,10159116
207,27,1,2,0,0,False,0,0,0,0,0.0,0
208,27,1,2,4,54,True,61,13,61,3389,33.89,0
209,27,1,0,4,19,False,89,2,162,674,6.74,0
210,27,1,0,4,20,False,89,2,144,656,6.56,0
211,27,1,0,4,28,False,22,3,3,771,7.71,0
212,27,1,24,7,20,False,240,3,89,857,8.57,4004868
213,27,1,3,4,21,False,94,1,19,275,2.75,0
214,27,1,30,0,0,False,0,0,0,0,0.0,0
215,27,1,0,3,6,False,171,12,0,3072,30.72,0
216,27,1,17,6,30,False,20,6,217,1753,17.53,61698
217,27,1,0,1,21,True,0,0,0,0,0.0,0
218,27,1,2,4,23,False,218,7,73,1865,18.65,0
219,27,1,2,4,24,False,190,5,8,1288,12.88,0
220,27,1,2,4,5,True,217,2,223,735,7.35,0
221,27,1,2,4,6,True,218,1,193,449,4.49,0
222,27,1,2,4,16,True,190,5,99,1379,13.79,0
223,27,1,2,4,23,False,65,1,81,337,3.37,0
224,27,1,2,4,20,True,65,1,60,316,3.16,0
225,27,1,2,4,5,False,169,3,142,910,9.1,0
226,27,1,2,4,6,False,174,3,0,768,7.68,0
227,27,1,2,4,17,True,169,3,122,890,8.9,0
228,27,1,2,4,5,False,215,4,62,1086,10.86,0
229,27,1,2,4,9,True,214,4,45,1069,10.69,0
230,27,1,0,4,30,False,64,4,181,1205,12.05,0
231,27,1,0,4,29,True,64,4,164,1188,11.88,0
232,27,1,2,4,15,False,161,1,21,277,2.77,0
233,27,1,2,4,19,True,161,0,255,255,2.55,0
234,27,1,2,4,14,False,157,5,58,1338,13.38,0
235,27,1,2,4,18,True,157,5,36,1316,13.16,0
236,27,1,2,4,17,False,0,1,160,416,4.16,0
237,27,1,2,4,16,False,252,3,99,867,8.67,0
238,27,1,2,4,13,True,252,3,80,848,8.48,0
239,27,1,2,4,17,False,20,3,118,886,8.86,0
240,27,1,2,4,15,True,20,3,96,864,8.64,0
241,27,1,2,4,22,False,151,2,156,668,6.68,0
242,27,1,2,4,11,True,151,2,136,648,6.48,0
243,27,1,2,4,24,False,193,2,183,695,6.95,0
244,27,1,2,4,19,True,193,2,163,675,6.75,0
245,27,1,2,4,16,False,90,3,74,842,8.42,0
246,27,1,2,4,27,True,90,3,54,822,8.22,0
247,27,1,2,4,3,False,148,1,230,486,4.86,0
248,27,1,2,4,11,True,148,1,208,464,4.64,0
249,27,1,2,4,22,False,215,3,182,950,9.5,0
250,27,1,2,4,14,True,215,3,162,930,9.3,0
251,27,1,2,4,17,False,216,2,158,670,6.7,0
252,27,1,2,4,19,True,216,2,136,648,6.48,0
253,27,1,2,4,18,False,244,2,231,743,7.43,0
254,27,1,2,4,32,True,244,2,213,725,7.25,0
255,27,1,0,4,26,True,247,3,204,972,9.72,0
256,27,1,0,4,27,False,247,5,177,1457,14.57,0
257,27,1,0,4,25,True,247,5,160,1440,14.4,0
258,27,1,2,4,4,False,216,3,136,904,9.04,0
259,27,1,2,4,10,True,216,3,117,885,8.85,0
260,27,1,3,4,2,False,112,4,130,1154,11.54,0
261,27,1,3,4,18,True,112,4,108,1132,11.32,0
262,27,1,2,4,0,False,147,1,181,437,4.37,0
263,27,1,2,4,14,True,147,1,161,417,4.17,0
264,27,1,2,4,30,False,23,2,224,736,7.36,0
265,27,1,2,4,26,True,23,2,205,717,7.17,0
266,27,1,2,4,2,False,100,2,66,578,5.78,0
267,27,1,2,4,20,True,100,2,45,557,5.57,0
268,27,1,2,4,15,False,65,3,108,876,8.76,0
269,27,1,2,4,22,True,65,3,88,856,8.56,0
270,27,1,2,4,31,False,126,2,98,610,6.1,0
271,27,1,2,4,30,True,198,2,78,590,5.9,0
272,27,1,2,4,32,False,199,4,17,1041,10.41,0
273,27,1,2,4,12,True,199,3,253,1021,10.21,0
274,27,1,3,4,30,False,32,2,204,716,7.16,0
275,27,1,3,4,7,True,32,2,183,695,6.95,0
276,27,1,2,4,7,True,3,13,4,3332,33.32,0
277,27,1,2,4,4,True,2,12,4,3076,30.76,0
278,27,1,2,5,4,True,2,11,4,2820,28.2,142
279,27,1,2,3,1,False,13,13,0,3328,33.28,0
280,27,1,0,4,32,False,47,1,231,487,4.87,0
281,27,1,0,4,6,True,47,1,214,470,4.7,0
282,27,1,0,4,31,False,40,3,152,920,9.2,0
283,27,1,0,4,32,False,48,2,24,536,5.36,0
284,27,1,0,4,27,True,40,3,133,901,9.01,0
285,27,1,0,4,23,False,167,2,81,593,5.93,0
286,27,1,0,4,31,True,167,2,23,535,5.35,0
287,27,1,0,4,22,False,255,2,160,672,6.72,0
288,27,1,0,4,15,True,23,2,140,652,6.52,0
289,27,1,0,4,25,False,28,1,133,389,3.89,0
290,27,1,2,4,27,True,28,1,112,368,3.68,0
291,27,1,2,4,22,False,41,3,123,891,8.91,0
292,27,1,2,4,3,True,41,3,104,872,8.72,0
293,27,1,2,4,32,True,111,2,110,622,6.22,0
294,27,1,2,4,24,False,110,5,111,1391,13.91,0
295,27,1,2,4,31,True,109,5,91,1371,13.71,0
296,27,1,2,4,23,False,126,2,134,646,6.46,0
297,27,1,2,4,13,True,126,2,115,627,6.27,0
298,27,1,2,4,25,False,45,5,234,1514,15.14,0
299,27,1,2,4,6,True,45,5,214,1494,14.94,0
300,27,1,0,4,29,False,67,3,53,821,8.21,0
301,27,1,0,4,17,True,67,3,35,803,8.03,0
302,27,1,2,4,17,False,84,2,4,516,5.16,0
303,27,1,2,4,33,True,84,1,238,494,4.94,0
304,27,1,2,4,17,False,197,3,192,960,9.6,0
305,27,1,2,4,13,True,197,3,169,937,9.37,0
306,27,1,0,4,33,False,254,5,107,1387,13.87,0
307,27,1,0,4,31,True,254,5,89,1369,13.69,0
308,27,1,2,4,31,False,96,3,116,884,8.84,0
309,27,1,2,4,15,True,96,3,97,865,8.65,0
310,27,1,2,4,10,False,23,3,180,948,9.48,0
311,27,1,2,4,12,True,23,3,159,927,9.27,0
312,27,1,2,4,29,False,93,4,41,1065,10.65,0
313,27,1,2,4,25,True,93,4,22,1046,10.46,0
314,27,1,2,4,13,False,241,2,237,749,7.49,0
315,27,1,2,4,12,True,241,2,215,727,7.27,0
316,27,1,2,4,21,True,171,2,48,560,5.6,0
317,27,1,2,4,6,False,171,4,103,1127,11.27,0
318,27,1,2,4,22,True,171,4,84,1108,11.08,0
319,27,1,3,4,14,False,69,3,100,868,8.68,0
320,27,1,3,4,7,True,69,3,77,845,8.45,0
321,27,1,2,4,14,False,147,2,44,556,5.56,0
322,27,1,2,4,30,True,147,2,21,533,5.33,0
323,27,1,2,4,21,False,224,2,74,586,5.86,0
324,27,1,2,4,10,True,224,2,57,569,5.69,0
325,27,1,2,4,15,False,211,3,80,848,8.48,0
326,27,1,2,4,17,False,211,2,84,596,5.96,0
327,27,1,2,4,16,False,210,6,253,1789,17.89,0
328,27,1,2,4,20,True,211,2,61,573,5.73,0
329,27,1,2,4,21,True,210,6,233,1769,17.69,0
330,27,1,2,4,22,True,211,3,59,827,8.27,0
331,27,1,2,4,16,False,36,0,255,255,2.55,0
332,27,1,2,4,7,True,36,0,236,236,2.36,0
333,27,1,2,4,24,False,175,3,14,782,7.82,0
334,27,1,2,4,27,True,175,2,248,760,7.6,0
335,27,1,2,4,18,False,253,4,7,1031,10.31,0
336,27,1,2,4,27,True,253,3,243,1011,10.11,0
337,27,1,1,4,2,False,182,2,117,629,6.29,0
338,27,1,1,4,3,False,173,4,124,1148,11.48,0
339,27,1,1,4,13,True,173,4,106,1130,11.3,0
340,27,1,2,4,0,False,19,4,102,1126,11.26,0
341,27,1,2,4,19,True,19,4,82,1106,11.06,0
342,27,1,3,4,14,False,77,1,13,269,2.69,0
343,27,1,3,4,10,True,77,0,244,244,2.44,0
344,27,1,2,4,29,False,154,3,210,978,9.78,0
345,27,1,2,4,10,True,154,3,193,961,9.61,0
346,27,1,2,4,27,False,6,4,31,1055,10.55,0
347,27,1,2,4,14,True,6,4,13,1037,10.37,0
348,27,1,2,4,14,False,147,0,177,177,1.77,0
349,27,1,2,4,15,False,137,4,106,1130,11.3,0
350,27,1,2,4,32,True,137,4,86,1110,11.1,0
351,27,1,2,4,6,False,143,4,41,1065,10.65,0
352,27,1,2,4,18,True,143,4,21,1045,10.45,0
353,27,1,2,4,2,False,204,4,82,1106,11.06,0
354,27,1,2,4,31,True,204,4,61,1085,10.85,0
355,27,1,2,4,13,True,29,1,57,313,3.13,0
356,27,1,2,4,3,False,23,6,53,1589,15.89,0
357,27,1,2,4,12,True,23,6,32,1568,15.68,0
358,27,1,3,4,23,False,1,5,58,1338,13.38,0
359,27,1,3,4,11,True,1,5,35,1315,13.15,0
360,27,1,3,4,5,False,126,5,81,1361,13.61,0
361,27,1,3,4,10,True,126,5,60,1340,13.4,0
362,27,1,2,4,33,False,235,2,14,526,5.26,0
363,27,1,2,4,24,True,235,1,247,503,5.03,0
364,27,1,2,4,6,False,178,1,110,366,3.66,0
365,27,1,2,4,26,True,177,1,92,348,3.48,0
366,27,1,2,4,30,False,27,2,52,564,5.64,0
367,27,1,2,4,12,True,27,2,34,546,5.46,0
368,27,1,2,4,22,False,230,1,81,337,3.37,0
369,27,1,2,4,15,True,229,1,61,317,3.17,0
370,27,1,2,4,22,False,68,1,43,299,2.99,0
371,27,1,2,4,19,True,68,1,23,279,2.79,0
372,27,1,2,4,15,False,84,1,161,417,4.17,0
373,27,1,2,4,33,True,84,1,140,396,3.96,0
374,27,1,2,4,18,False,98,2,72,584,5.84,0
375,27,1,2,4,27,True,98,2,52,564,5.64,0
376,27,1,2,4,28,True,116,1,9,265,2.65,0
0,28,-1,-1,-1,-1,True,-1,-1,-1,-1,-1.0,-1
1,28,-1,-1,-1,-1,True,-1,-1,-1,-1,-1.0,-1
2,28,-1,-1,-1,-1,True,-1,-1,-1,-1,-1.0,-1
3,28,1,2,4,5,False,111,3,133,901,9.01,0
4,28,1,2,4,6,False,111,3,80,848,8.48,0
5,28,1,2,4,27,True,111,3,112,880,8.8,0
6,28,1,2,4,5,False,84,2,204,716,7.16,0
7,28,1,2,4,12,True,84,2,185,697,6.97,0
8,28,1,2,4,22,False,209,0,235,235,2.35,0
9,28,1,2,4,12,True,208,0,215,215,2.15,0
10,28,1,1,4,33,False,137,5,186,1466,14.66,0
11,28,1,1,4,25,True,137,5,168,1448,14.48,0
12,28,1,2,4,6,False,146,2,231,743,7.43,0
13,28,1,2,4,21,True,146,2,59,571,5.71,0
14,28,1,2,4,22,True,147,2,204,716,7.16,0
15,28,1,2,4,6,False,115,3,26,794,7.94,0
16,28,1,2,4,23,True,115,3,5,773,7.73,0
17,28,1,2,4,32,False,67,2,88,600,6.0,0
18,28,1,2,4,14,True,67,2,68,580,5.8,0
19,28,1,2,4,3,False,100,1,246,502,5.02,0
20,28,1,2,4,32,True,100,1,227,483,4.83,0
21,28,1,2,4,19,False,118,2,22,534,5.34,0
22,28,1,2,4,26,True,118,2,4,516,5.16,0
23,28,1,2,4,17,False,164,2,95,607,6.07,0
24,28,1,2,4,20,True,164,2,72,584,5.84,0
25,28,1,2,4,11,False,232,2,143,655,6.55,0
26,28,1,2,4,6,True,232,2,122,634,6.34,0
27,28,1,2,4,22,False,77,1,246,502,5.02,0
28,28,1,2,4,23,False,77,1,2,258,2.58,0
29,28,1,2,4,18,True,77,1,232,488,4.88,0
30,28,1,0,4,20,False,143,3,107,875,8.75,0
31,28,1,0,4,5,True,143,3,88,856,8.56,0
32,28,1,2,4,1,False,219,2,69,581,5.81,0
33,28,1,2,4,30,True,219,2,49,561,5.61,0
34,28,1,3,4,10,False,253,2,215,727,7.27,0
35,28,1,3,4,3,True,253,2,197,709,7.09,0
36,28,1,2,4,18,False,68,4,52,1076,10.76,0
37,28,1,2,4,4,True,68,4,33,1057,10.57,0
38,28,1,2,4,25,False,182,3,194,962,9.62,0
39,28,1,2,4,32,True,181,3,175,943,9.43,0
40,28,1,2,4,33,True,183,2,111,623,6.23,0
41,28,1,2,4,2,False,162,3,62,830,8.3,0
42,28,1,2,4,28,True,162,3,41,809,8.09,0
43,28,1,3,4,14,True,78,0,215,215,2.15,0
44,28,1,3,4,10,False,72,3,243,1011,10.11,0
45,28,1,3,4,12,True,72,3,224,992,9.92,0
46,28,1,3,4,13,True,76,2,198,710,7.1,0
47,28,1,3,4,12,False,97,0,116,116,1.16,0
48,28,1,3,4,20,True,97,0,96,96,0.96,0
49,28,1,3,4,11,False,91,5,51,1331,13.31,0
50,28,1,3,4,18,True,91,5,30,1310,13.1,0
51,28,1,2,4,3,False,73,2,203,715,7.15,0
52,28,1,2,4,32,True,73,2,184,696,6.96,0
53,28,1,2,4,3,False,189,3,66,834,8.34,0
54,28,1,2,4,28,True,189,3,45,813,8.13,0
55,28,1,2,4,0,False,170,3,80,848,8.48,0
56,28,1,2,4,15,True,170,3,60,828,8.28,0
57,28,1,3,4,5,False,135,3,41,809,8.09,0
58,28,1,3,4,3,True,135,3,20,788,7.88,0
59,28,1,2,4,1,False,93,3,151,919,9.19,0
60,28,1,2,4,10,True,92,3,128,896,8.96,0
61,28,1,2,4,16,False,61,1,162,418,4.18,0
62,28,1,2,4,15,False,58,3,132,900,9.0,0
63,28,1,2,4,8,True,58,3,112,880,8.8,0
64,28,1,2,4,5,False,233,1,41,297,2.97,0
65,28,1,2,4,8,True,233,1,22,278,2.78,0
66,28,1,2,4,2,False,99,1,232,488,4.88,0
67,28,1,2,4,27,True,99,1,209,465,4.65,0
68,28,1,2,4,18,False,144,3,130,898,8.98,0
69,28,1,2,4,9,True,144,3,113,881,8.81,0
70,28,1,2,4,8,False,146,2,66,578,5.78,0
71,28,1,2,4,11,True,145,2,42,554,5.54,0
72,28,1,2,4,27,False,196,5,189,1469,14.69,0
73,28,1,2,4,22,True,196,5,169,1449,14.49,0
74,28,1,2,4,0,False,89,9,125,2429,24.29,0
75,28,1,2,4,10,True,89,9,106,2410,24.1,0
76,28,1,2,4,20,False,214,2,196,708,7.08,0
77,28,1,2,4,20,True,214,2,177,689,6.89,0
78,28,1,2,4,17,False,45,2,54,566,5.66,0
79,28,1,2,4,21,True,45,2,33,545,5.45,0
80,28,1,2,4,18,False,126,2,123,635,6.35,0
81,28,1,2,4,29,True,126,2,104,616,6.16,0
82,28,1,2,4,32,False,220,1,122,378,3.78,0
83,28,1,2,4,24,True,219,1,101,357,3.57,0
84,28,1,2,4,30,False,30,4,47,1071,10.71,0
85,28,1,2,4,15,True,30,4,29,1053,10.53,0
86,28,1,3,4,12,False,28,3,20,788,7.88,0
87,28,1,3,4,10,True,28,2,254,766,7.66,0
88,28,1,2,4,22,True,155,1,232,488,4.88,0
89,28,1,2,4,33,False,153,5,149,1429,14.29,0
90,28,1,2,4,21,True,153,5,128,1408,14.08,0
91,28,1,1,4,32,False,72,4,147,1171,11.71,0
92,28,1,2,4,8,False,197,0,57,57,0.57,0
93,28,1,1,4,6,True,72,4,132,1156,11.56,0
94,28,1,2,4,14,True,197,0,37,37,0.37,0
95,28,1,2,4,10,False,182,5,87,1367,13.67,0
96,28,1,2,4,12,True,182,5,66,1346,13.46,0
97,28,1,2,4,18,False,176,0,140,140,1.4,0
98,28,1,2,4,17,False,169,2,167,679,6.79,0
99,28,1,2,4,31,True,169,2,143,655,6.55,0
100,28,1,2,4,32,True,176,0,122,122,1.22,0
101,28,1,2,4,20,False,5,8,43,2091,20.91,0
102,28,1,2,4,18,True,5,8,22,2070,20.7,0
103,28,1,2,4,20,False,65,3,237,1005,10.05,0
104,28,1,2,4,24,True,65,3,215,983,9.83,0
105,28,1,2,4,26,False,166,2,229,741,7.41,0
106,28,1,2,4,24,True,166,2,208,720,7.2,0
107,28,1,2,4,32,False,162,4,122,1146,11.46,0
108,28,1,2,4,14,True,162,4,102,1126,11.26,0
109,28,1,2,4,31,False,115,2,87,599,5.99,0
110,28,1,2,4,28,True,115,2,68,580,5.8,0
111,28,1,3,4,6,True,103,1,77,333,3.33,0
112,28,1,3,4,13,False,101,5,48,1328,13.28,0
113,28,1,3,4,7,True,101,5,26,1306,13.06,0
114,28,1,2,4,19,False,152,6,76,1612,16.12,0
115,28,1,2,4,24,True,152,6,57,1593,15.93,0
116,28,1,2,4,32,False,20,5,13,1293,12.93,0
117,28,1,2,4,28,True,20,4,248,1272,12.72,0
118,28,1,2,4,16,False,167,2,46,558,5.58,0
119,28,1,2,4,26,True,167,2,28,540,5.4,0
120,28,1,2,4,33,False,215,2,104,616,6.16,0
121,28,1,2,4,30,True,215,2,83,595,5.95,0
122,28,1,2,4,31,True,219,1,213,469,4.69,0
123,28,1,2,4,26,False,98,3,107,875,8.75,0
124,28,1,2,4,9,True,98,3,88,856,8.56,0
125,28,1,2,4,2,False,136,2,252,764,7.64,0
126,28,1,2,4,11,True,136,2,230,742,7.42,0
127,28,1,2,4,20,False,167,5,50,1330,13.3,0
128,28,1,2,4,30,True,167,5,29,1309,13.09,0
129,28,1,2,4,17,False,22,2,150,662,6.62,0
130,28,1,2,4,29,True,22,2,127,639,6.39,0
131,28,1,2,4,18,False,80,3,212,980,9.8,0
132,28,1,2,4,16,True,80,3,190,958,9.58,0
133,28,1,2,4,26,False,13,4,133,1157,11.57,0
134,28,1,2,4,4,True,13,4,115,1139,11.39,0
135,28,1,2,4,28,False,24,2,227,739,7.39,0
136,28,1,2,4,7,True,24,2,211,723,7.23,0
137,28,1,2,4,17,False,140,3,244,1012,10.12,0
138,28,1,2,4,33,True,140,3,223,991,9.91,0
139,28,1,2,4,18,False,40,2,14,526,5.26,0
140,28,1,2,4,32,True,39,1,252,508,5.08,0
141,28,1,2,4,28,False,212,2,170,682,6.82,0
142,28,1,2,4,26,True,211,2,152,664,6.64,0
143,28,1,3,4,6,True,78,3,55,823,8.23,0
144,28,1,3,4,12,False,78,6,89,1625,16.25,0
145,28,1,3,4,7,True,78,6,61,1597,15.97,0
146,28,1,0,4,33,False,153,2,242,754,7.54,0
147,28,1,0,4,21,True,152,2,224,736,7.36,0
148,28,1,3,4,25,False,224,6,7,1543,15.43,0
149,28,1,3,4,3,True,224,5,243,1523,15.23,0
150,28,1,2,4,15,False,230,1,226,482,4.82,0
151,28,1,2,4,26,True,230,1,206,462,4.62,0
152,28,1,2,4,25,False,147,3,7,775,7.75,0
153,28,1,2,4,26,False,147,5,219,1499,14.99,0
154,28,1,2,4,19,True,147,2,243,755,7.55,0
155,28,1,2,4,21,True,147,5,198,1478,14.78,0
156,28,1,2,4,0,False,116,4,20,1044,10.44,0
157,28,1,2,4,22,True,116,4,0,1024,10.24,0
158,28,1,2,4,17,False,18,2,56,568,5.68,0
159,28,1,2,4,28,True,18,2,34,546,5.46,0
160,28,1,3,4,9,False,172,6,198,1734,17.34,0
161,28,1,3,4,9,True,172,6,180,1716,17.16,0
162,28,1,3,4,30,False,242,3,35,803,8.03,0
163,28,1,3,4,31,False,241,5,77,1357,13.57,0
164,28,1,3,4,20,True,242,3,15,783,7.83,0
165,28,1,3,4,21,True,241,5,55,1335,13.35,0
166,28,1,2,4,17,False,138,3,101,869,8.69,0
167,28,1,2,4,12,True,138,3,78,846,8.46,0
168,28,1,2,4,27,False,139,4,209,1233,12.33,0
169,28,1,2,4,33,True,139,4,189,1213,12.13,0
170,28,1,3,4,29,False,22,4,150,1174,11.74,0
171,28,1,3,4,10,True,22,4,128,1152,11.52,0
172,28,1,0,4,19,False,116,1,243,499,4.99,0
173,28,1,0,4,30,True,116,1,228,484,4.84,0
174,28,1,0,4,28,False,187,4,133,1157,11.57,0
175,28,1,0,4,12,True,187,4,116,1140,11.4,0
176,28,1,2,4,27,False,90,3,208,976,9.76,0
177,28,1,2,4,26,True,90,3,189,957,9.57,0
178,28,1,0,4,29,False,167,2,63,575,5.75,0
179,28,1,0,4,28,True,167,2,46,558,5.58,0
180,28,1,2,4,18,False,57,2,1,513,5.13,0
181,28,1,2,4,29,True,57,1,238,494,4.94,0
182,28,1,1,4,23,False,202,2,75,587,5.87,0
183,28,1,1,4,25,True,202,2,59,571,5.71,0
184,28,1,0,4,30,False,41,3,236,1004,10.04,0
185,28,1,0,4,29,False,40,5,174,1454,14.54,0
186,28,1,0,4,15,True,40,5,157,1437,14.37,0
187,28,1,3,4,7,False,185,3,246,1014,10.14,0
188,28,1,3,4,4,True,185,3,222,990,9.9,0
189,28,1,3,4,15,False,132,3,97,865,8.65,0
190,28,1,3,4,11,True,132,3,76,844,8.44,0
191,28,1,3,4,21,False,224,3,168,936,9.36,0
192,28,1,3,4,5,True,224,3,146,914,9.14,0
193,28,1,0,4,30,False,41,4,24,1048,10.48,0
194,28,1,0,4,15,True,159,4,6,1030,10.3,0
195,28,1,3,4,7,False,83,2,89,601,6.01,0
196,28,1,3,4,5,True,83,2,65,577,5.77,0
197,28,1,2,4,33,False,113,3,192,960,9.6,0
198,28,1,2,4,16,True,113,3,170,938,9.38,0
199,28,1,2,4,3,False,125,4,114,1138,11.38,0
200,28,1,2,4,23,True,125,4,91,1115,11.15,0
201,28,1,2,4,14,False,130,2,125,637,6.37,0
202,28,1,2,4,20,True,130,2,103,615,6.15,0
203,28,1,0,4,23,False,82,3,30,798,7.98,0
204,28,1,0,4,4,True,82,3,15,783,7.83,0
205,28,1,2,4,22,False,87,4,54,1078,10.78,0
206,28,1,2,4,31,True,87,4,33,1057,10.57,0
207,28,1,2,4,24,False,58,3,113,881,8.81,0
208,28,1,2,4,25,True,58,3,92,860,8.6,0
209,28,1,2,4,3,False,129,2,115,627,6.27,0
210,28,1,2,4,27,True,129,2,94,606,6.06,0
211,28,1,1,4,9,False,183,3,192,960,9.6,0
212,28,1,1,4,17,True,183,3,173,941,9.41,0
213,28,1,0,4,31,False,115,3,231,999,9.99,0
214,28,1,0,4,24,True,115,3,214,982,9.82,0
215,28,1,0,4,23,False,212,5,21,1301,13.01,0
216,28,1,0,4,21,True,212,5,4,1284,12.84,0
217,28,1,2,4,21,False,79,2,62,574,5.74,0
218,28,1,2,4,26,True,79,2,45,557,5.57,0
219,28,1,2,4,2,False,140,2,76,588,5.88,0
220,28,1,2,4,22,True,140,2,56,568,5.68,0
221,28,1,3,4,29,False,45,2,168,680,6.8,0
222,28,1,3,4,10,True,45,2,147,659,6.59,0
223,28,1,0,4,26,False,21,2,198,710,7.1,0
224,28,1,0,4,27,False,20,4,136,1160,11.6,0
225,28,1,0,4,9,True,21,2,179,691,6.91,0
226,28,1,0,4,10,True,20,4,120,1144,11.44,0
227,28,1,2,4,33,False,132,1,156,412,4.12,0
228,28,1,2,4,22,True,132,1,134,390,3.9,0
229,28,1,0,4,32,False,202,2,87,599,5.99,0
230,28,1,0,4,14,True,202,2,69,581,5.81,0
231,28,1,2,4,14,False,2,2,96,608,6.08,0
232,28,1,2,4,19,True,2,2,73,585,5.85,0
233,28,1,2,4,2,False,20,3,151,919,9.19,0
234,28,1,2,4,12,True,20,3,128,896,8.96,0
235,28,1,2,4,25,False,179,2,58,570,5.7,0
236,28,1,2,4,33,True,179,2,39,551,5.51,0
237,28,1,3,4,21,False,253,1,87,343,3.43,0
238,28,1,3,4,3,True,253,1,65,321,3.21,0
239,28,1,3,4,33,False,144,4,156,1180,11.8,0
240,28,1,3,4,29,True,144,4,136,1160,11.6,0
241,28,1,2,4,24,False,25,1,245,501,5.01,0
242,28,1,2,4,14,True,25,1,225,481,4.81,0
243,28,1,2,4,23,False,155,2,126,638,6.38,0
244,28,1,2,4,26,True,155,2,107,619,6.19,0
245,28,1,3,4,0,False,54,8,175,2223,22.23,0
246,28,1,3,4,9,True,54,8,152,2200,22.0,0
247,28,1,0,4,30,False,39,4,226,1250,12.5,0
248,28,1,0,4,7,True,38,4,210,1234,12.34,0
249,28,1,2,4,14,False,163,1,158,414,4.14,0
250,28,1,2,4,12,True,163,1,135,391,3.91,0
251,28,1,2,4,3,False,78,1,84,340,3.4,0
252,28,1,2,4,16,True,78,1,62,318,3.18,0
253,28,1,2,4,27,False,70,4,245,1269,12.69,0
254,28,1,2,4,11,True,70,4,226,1250,12.5,0
255,28,1,0,4,30,False,12,3,143,911,9.11,0
256,28,1,0,4,14,True,12,3,125,893,8.93,0
257,28,1,2,4,4,False,219,2,196,708,7.08,0
258,28,1,2,4,22,True,219,2,178,690,6.9,0
259,28,1,3,4,5,False,13,3,140,908,9.08,0
260,28,1,3,4,16,True,12,3,120,888,8.88,0
261,28,1,1,4,13,False,100,1,67,323,3.23,0
262,28,1,1,4,23,True,100,1,48,304,3.04,0
263,28,1,0,4,31,False,217,4,56,1080,10.8,0
264,28,1,0,4,32,False,218,4,154,1178,11.78,0
265,28,1,0,4,27,True,217,4,143,1167,11.67,0
266,28,1,2,4,15,False,37,2,213,725,7.25,0
267,28,1,2,4,24,True,37,2,192,704,7.04,0
268,28,1,2,4,21,False,61,3,129,897,8.97,0
269,28,1,2,4,15,True,61,3,112,880,8.8,0
270,28,1,2,4,16,True,62,3,101,869,8.69,0
271,28,1,2,4,31,False,242,2,214,726,7.26,0
272,28,1,2,4,18,True,242,2,194,706,7.06,0
273,28,1,2,4,18,False,221,1,148,404,4.04,0
274,28,1,2,4,26,True,221,1,130,386,3.86,0
275,28,1,3,4,14,False,98,2,216,728,7.28,0
276,28,1,3,4,10,True,98,2,191,703,7.03,0
277,28,1,2,4,12,False,235,0,213,213,2.13,0
278,28,1,2,4,13,True,235,0,194,194,1.94,0
279,28,1,2,4,33,False,95,4,78,1102,11.02,0
280,28,1,2,4,25,True,95,4,56,1080,10.8,0
281,28,1,2,4,15,False,78,3,176,944,9.44,0
282,28,1,2,4,11,True,78,3,154,922,9.22,0
283,28,1,3,4,7,False,27,4,156,1180,11.8,0
284,28,1,3,4,6,True,27,4,132,1156,11.56,0
285,28,1,2,4,30,False,174,2,24,536,5.36,0
286,28,1,2,4,17,True,174,2,6,518,5.18,0
287,28,1,0,4,23,False,240,0,89,89,0.89,0
288,28,1,0,4,24,True,240,0,73,73,0.73,0
289,28,1,2,4,26,False,187,2,40,552,5.52,0
290,28,1,2,4,29,True,187,2,19,531,5.31,0
291,28,1,2,4,24,False,107,6,138,1674,16.74,0
292,28,1,2,4,19,True,107,6,118,1654,16.54,0
293,28,1,3,4,11,False,203,1,115,371,3.71,0
294,28,1,3,4,4,True,203,1,95,351,3.51,0
295,28,1,2,4,30,False,187,1,220,476,4.76,0
296,28,1,2,4,31,False,187,2,38,550,5.5,0
297,28,1,2,4,27,True,187,2,22,534,5.34,0
298,28,1,2,4,25,False,247,2,47,559,5.59,0
299,28,1,2,4,17,True,247,2,27,539,5.39,0
300,28,1,2,4,15,False,167,3,56,824,8.24,0
301,28,1,2,4,15,True,167,3,38,806,8.06,0
302,28,1,2,4,25,False,181,2,114,626,6.26,0
303,28,1,2,4,15,True,181,2,95,607,6.07,0
304,28,1,1,4,33,False,218,3,94,862,8.62,0
305,28,1,1,4,25,True,218,3,77,845,8.45,0
306,28,1,1,4,24,False,106,5,7,1287,12.87,0
307,28,1,1,4,8,True,106,4,51,1075,10.75,0
308,28,1,1,4,9,True,106,4,247,1271,12.71,0
309,28,1,2,4,20,False,204,4,1,1025,10.25,0
310,28,1,2,4,21,True,204,3,235,1003,10.03,0
311,28,1,2,4,28,False,26,2,178,690,6.9,0
312,28,1,2,4,22,True,26,2,160,672,6.72,0
313,28,1,1,4,29,False,194,0,180,180,1.8,0
314,28,1,1,4,16,True,194,0,162,162,1.62,0
315,28,1,2,4,25,False,238,0,182,182,1.82,0
316,28,1,2,4,26,False,233,3,20,788,7.88,0
317,28,1,2,4,21,True,233,3,1,769,7.69,0
318,28,1,3,4,14,False,63,2,59,571,5.71,0
319,28,1,3,4,9,True,63,2,37,549,5.49,0
320,28,1,1,4,32,False,39,4,73,1097,10.97,0
321,28,1,1,4,12,True,39,4,57,1081,10.81,0
322,28,1,2,4,3,False,165,1,94,350,3.5,0
323,28,1,2,4,5,True,217,1,73,329,3.29,0
324,28,1,2,5,25,True,1,9,4,2308,23.08,2
325,28,1,2,7,5,False,41,4,133,1157,11.57,1312103
326,28,1,2,4,27,True,137,1,60,316,3.16,0
327,28,1,2,4,6,False,126,4,98,1122,11.22,0
328,28,1,2,4,28,True,126,4,80,1104,11.04,0
329,28,1,3,4,7,True,195,4,187,1211,12.11,0
330,28,1,3,4,4,False,195,6,78,1614,16.14,0
331,28,1,3,4,8,True,195,6,54,1590,15.9,0
332,28,1,2,4,1,False,184,1,170,426,4.26,0
333,28,1,2,4,14,True,184,1,147,403,4.03,0
334,28,1,0,4,33,False,191,3,67,835,8.35,0
335,28,1,0,4,22,True,191,3,48,816,8.16,0
336,28,1,1,4,30,False,212,3,101,869,8.69,0
337,28,1,1,4,24,True,212,3,83,851,8.51,0
338,28,1,2,4,1,False,138,1,24,280,2.8,0
339,28,1,2,4,27,True,137,1,2,258,2.58,0
340,28,1,2,4,2,False,161,2,58,570,5.7,0
341,28,1,2,4,18,True,160,2,36,548,5.48,0
342,28,1,2,4,32,False,207,4,66,1090,10.9,0
343,28,1,2,4,20,True,207,4,46,1070,10.7,0
344,28,1,2,4,19,False,48,4,175,1199,11.99,0
345,28,1,2,4,25,True,48,4,156,1180,11.8,0
346,28,1,2,4,22,False,189,3,129,897,8.97,0
347,28,1,2,4,16,True,189,3,108,876,8.76,0
348,28,1,0,4,29,False,116,8,35,2083,20.83,0
349,28,1,0,4,32,True,116,8,19,2067,20.67,0
350,28,1,2,4,14,False,136,3,41,809,8.09,0
351,28,1,2,4,15,False,139,2,96,608,6.08,0
352,28,1,2,4,33,True,136,3,19,787,7.87,0
353,28,1,2,4,13,False,112,4,40,1064,10.64,0
354,28,1,2,4,9,True,111,4,18,1042,10.42,0
355,28,1,2,4,10,True,112,2,222,734,7.34,0
356,28,1,0,4,30,False,123,1,51,307,3.07,0
357,28,1,0,4,21,True,123,1,33,289,2.89,0
358,28,1,2,4,3,False,13,2,73,585,5.85,0
359,28,1,2,4,13,True,13,2,51,563,5.63,0
360,28,1,2,4,23,True,38,1,83,339,3.39,0
361,28,1,2,4,18,False,36,5,160,1440,14.4,0
362,28,1,2,4,24,True,36,5,141,1421,14.21,0
363,28,1,2,4,31,False,181,1,19,275,2.75,0
364,28,1,2,4,19,True,181,0,255,255,2.55,0
365,28,1,2,4,21,False,120,0,198,198,1.98,0
366,28,1,2,4,29,True,120,0,180,180,1.8,0
367,28,1,2,4,24,False,149,4,6,1030,10.3,0
368,28,1,2,4,25,True,149,3,242,1010,10.1,0
369,28,1,2,4,25,False,40,3,67,835,8.35,0
370,28,1,2,4,16,True,40,3,46,814,8.14,0
371,28,1,2,4,22,False,93,2,245,757,7.57,0
372,28,1,2,4,21,False,92,6,12,1548,15.48,0
373,28,1,2,4,23,True,92,4,220,1244,12.44,0
374,28,1,2,4,24,True,92,5,247,1527,15.27,0
0,29,-1,-1,-1,-1,True,-1,-1,-1,-1,-1.0,-1
1,29,-1,-1,-1,-1,True,-1,-1,-1,-1,-1.0,-1
2,29,-1,-1,-1,-1,True,-1,-1,-1,-1,-1.0,-1
3,29,1,3,4,5,False,86,5,10,1290,12.9,0
4,29,1,3,4,9,True,86,4,247,1271,12.71,0
5,29,1,0,4,31,False,51,6,116,1652,16.52,0
6,29,1,0,4,34,True,51,6,97,1633,16.33,0
7,29,1,3,4,6,False,237,1,215,471,4.71,0
8,29,1,3,4,12,True,237,1,194,450,4.5,0
9,29,1,3,4,32,False,38,6,98,1634,16.34,0
10,29,1,3,4,4,True,38,6,78,1614,16.14,0
11,29,1,2,4,31,False,28,2,75,587,5.87,0
12,29,1,2,4,31,True,28,2,58,570,5.7,0
13,29,1,2,4,1,False,54,2,194,706,7.06,0
14,29,1,2,4,12,True,54,2,172,684,6.84,0
15,29,1,2,4,15,False,130,3,43,811,8.11,0
16,29,1,2,4,17,True,130,3,22,790,7.9,0
17,29,1,2,4,31,False,160,5,144,1424,14.24,0
18,29,1,2,4,32,False,159,5,227,1507,15.07,0
19,29,1,2,4,29,True,160,5,123,1403,14.03,0
20,29,1,2,4,30,True,159,5,206,1486,14.86,0
21,29,1,2,4,21,False,102,4,167,1191,11.91,0
22,29,1,2,4,31,True,102,4,149,1173,11.73,0
23,29,1,2,4,4,False,194,4,37,1061,10.61,0
24,29,1,2,4,12,True,194,4,18,1042,10.42,0
25,29,1,2,4,3,False,46,3,72,840,8.4,0
26,29,1,2,4,19,True,46,3,51,819,8.19,0
27,29,1,3,4,15,False,217,3,225,993,9.93,0
28,29,1,3,4,16,False,217,4,97,1121,11.21,0
29,29,1,3,4,10,True,217,3,202,970,9.7,0
30,29,1,3,4,11,True,217,4,74,1098,10.98,0
31,29,1,2,4,14,False,194,3,153,921,9.21,0
32,29,1,2,4,19,True,194,3,130,898,8.98,0
33,29,1,2,4,2,False,146,3,214,982,9.82,0
34,29,1,2,4,27,True,146,3,192,960,9.6,0
35,29,1,3,4,6,False,146,4,64,1088,10.88,0
36,29,1,3,4,13,True,146,4,44,1068,10.68,0
37,29,1,2,4,18,False,202,3,205,973,9.73,0
38,29,1,2,4,21,True,202,3,185,953,9.53,0
39,29,1,2,4,11,False,157,4,14,1038,10.38,0
40,29,1,2,4,6,True,157,3,249,1017,10.17,0
41,29,1,2,4,17,False,238,3,241,1009,10.09,0
42,29,1,2,4,33,True,238,3,220,988,9.88,0
43,29,1,2,4,5,False,91,3,152,920,9.2,0
44,29,1,2,4,18,True,91,3,132,900,9.0,0
45,29,1,2,4,15,False,114,3,122,890,8.9,0
46,29,1,2,4,3,True,114,3,102,870,8.7,0
47,29,1,2,4,24,False,206,2,93,605,6.05,0
48,29,1,2,4,23,True,206,2,71,583,5.83,0
49,29,1,2,4,1,False,214,2,88,600,6.0,0
50,29,1,2,4,28,True,214,2,67,579,5.79,0
51,29,1,2,4,23,False,76,3,134,902,9.02,0
52,29,1,2,4,10,True,76,3,115,883,8.83,0
53,29,1,2,4,24,False,98,2,128,640,6.4,0
54,29,1,2,4,15,True,98,2,108,620,6.2,0
55,29,1,2,4,28,False,57,1,82,338,3.38,0
56,29,1,2,4,26,True,57,1,64,320,3.2,0
57,29,1,3,4,23,False,66,4,122,1146,11.46,0
58,29,1,3,4,4,True,66,4,101,1125,11.25,0
59,29,1,2,4,14,False,182,2,64,576,5.76,0
60,29,1,2,4,18,True,182,2,42,554,5.54,0
61,29,1,2,4,20,False,12,3,192,960,9.6,0
62,29,1,2,4,31,True,12,3,169,937,9.37,0
63,29,1,0,4,33,False,68,3,117,885,8.85,0
64,29,1,0,4,28,True,68,3,98,866,8.66,0
65,29,1,3,4,13,True,72,3,36,804,8.04,0
66,29,1,3,4,23,False,72,5,24,1304,13.04,0
67,29,1,3,4,14,True,73,4,246,1270,12.7,0
68,29,1,2,4,25,False,225,2,191,703,7.03,0
69,29,1,2,4,17,True,225,2,171,683,6.83,0
70,29,1,2,4,33,False,161,1,82,338,3.38,0
71,29,1,2,4,26,True,161,1,59,315,3.15,0
72,29,1,3,4,6,False,8,6,213,1749,17.49,0
73,29,1,3,4,8,True,8,6,194,1730,17.3,0
74,29,1,2,4,31,False,129,2,101,613,6.13,0
75,29,1,2,4,6,True,129,2,82,594,5.94,0
76,29,1,2,4,19,False,82,4,74,1098,10.98,0
77,29,1,2,4,19,True,82,4,57,1081,10.81,0
78,29,1,1,0,0,False,0,0,0,0,0.0,0
79,29,1,1,4,3,False,83,4,23,1047,10.47,0
80,29,1,1,2,3,False,72,0,0,0,0.0,0
81,29,1,1,4,4,True,162,3,56,824,8.24,0
82,29,1,2,4,8,True,212,2,18,530,5.3,0
83,29,1,2,4,18,False,212,4,3,1027,10.27,0
84,29,1,2,4,9,True,211,3,242,1010,10.1,0
85,29,1,2,4,16,False,1,3,91,859,8.59,0
86,29,1,2,4,23,True,1,3,70,838,8.38,0
87,29,1,2,4,20,False,111,4,96,1120,11.2,0
88,29,1,2,4,10,True,110,4,75,1099,10.99,0
89,29,1,2,4,20,False,224,2,246,758,7.58,0
90,29,1,2,4,20,True,224,2,227,739,7.39,0
91,29,1,3,4,25,False,198,1,74,330,3.3,0
92,29,1,3,4,32,True,198,1,54,310,3.1,0
93,29,1,2,4,20,False,2,3,41,809,8.09,0
94,29,1,2,4,32,True,2,3,21,789,7.89,0
95,29,1,2,4,22,False,27,2,225,737,7.37,0
96,29,1,2,4,28,True,27,2,205,717,7.17,0
97,29,1,2,4,5,False,152,2,238,750,7.5,0
98,29,1,2,4,3,True,152,2,219,731,7.31,0
99,29,1,2,4,32,False,73,3,16,784,7.84,0
100,29,1,2,4,5,True,73,2,255,767,7.67,0
101,29,1,2,4,17,False,247,1,24,280,2.8,0
102,29,1,2,4,29,True,247,1,2,258,2.58,0
103,29,1,0,4,28,False,227,4,116,1140,11.4,0
104,29,1,0,4,23,True,227,4,97,1121,11.21,0
105,29,1,2,4,24,False,200,4,246,1270,12.7,0
106,29,1,2,4,21,True,200,4,225,1249,12.49,0
107,29,1,2,4,1,False,152,4,198,1222,12.22,0
108,29,1,2,4,28,True,152,4,176,1200,12.0,0
109,29,1,2,4,15,False,188,3,225,993,9.93,0
110,29,1,2,4,16,False,189,4,109,1133,11.33,0
111,29,1,2,4,24,True,189,4,90,1114,11.14,0
112,29,1,2,4,25,True,188,3,205,973,9.73,0
113,29,1,0,4,29,False,113,0,236,236,2.36,0
114,29,1,0,4,19,True,113,0,219,219,2.19,0
115,29,1,2,4,20,False,121,3,75,843,8.43,0
116,29,1,2,4,23,True,121,3,52,820,8.2,0
117,29,1,2,4,6,False,45,3,220,988,9.88,0
118,29,1,2,4,31,True,45,3,202,970,9.7,0
119,29,1,2,4,21,False,40,3,75,843,8.43,0
120,29,1,2,4,21,True,40,3,59,827,8.27,0
121,29,1,2,4,1,False,55,3,78,846,8.46,0
122,29,1,2,4,7,True,55,3,55,823,8.23,0
123,29,1,2,4,29,False,10,3,4,772,7.72,0
124,29,1,2,4,19,True,10,2,241,753,7.53,0
125,29,1,2,4,21,False,50,4,172,1196,11.96,0
126,29,1,2,4,23,True,50,4,153,1177,11.77,0
127,29,1,2,4,29,False,150,1,112,368,3.68,0
128,29,1,2,4,12,True,149,1,93,349,3.49,0
129,29,1,2,4,26,False,231,1,229,485,4.85,0
130,29,1,2,4,24,True,231,1,208,464,4.64,0
131,29,1,2,4,32,False,158,3,123,891,8.91,0
132,29,1,2,4,22,True,158,3,102,870,8.7,0
133,29,1,2,4,8,False,104,3,220,988,9.88,0
134,29,1,2,4,6,True,104,3,196,964,9.64,0
135,29,1,2,4,27,False,182,1,221,477,4.77,0
136,29,1,2,4,27,True,182,1,202,458,4.58,0
137,29,1,2,4,33,False,32,2,165,677,6.77,0
138,29,1,2,4,32,True,32,2,144,656,6.56,0
139,29,1,1,4,26,False,119,3,205,973,9.73,0
140,29,1,1,4,9,True,119,3,189,957,9.57,0
141,29,1,2,4,14,False,173,4,31,1055,10.55,0
142,29,1,2,4,17,True,173,4,8,1032,10.32,0
143,29,1,2,4,23,False,124,2,140,652,6.52,0
144,29,1,2,4,20,True,123,2,119,631,6.31,0
145,29,1,2,4,29,False,201,3,17,785,7.85,0
146,29,1,2,4,5,True,201,3,0,768,7.68,0
147,29,1,2,4,15,False,23,4,10,1034,10.34,0
148,29,1,2,4,22,True,23,3,245,1013,10.13,0
149,29,1,2,4,13,True,203,0,200,200,2.0,0
150,29,1,2,4,11,False,198,4,88,1112,11.12,0
151,29,1,2,4,14,True,198,4,69,1093,10.93,0
152,29,1,2,4,14,False,243,3,114,882,8.82,0
153,29,1,2,4,16,True,243,3,90,858,8.58,0
154,29,1,2,4,15,False,212,3,97,865,8.65,0
155,29,1,2,4,21,True,212,3,75,843,8.43,0
156,29,1,2,4,20,False,65,3,30,798,7.98,0
157,29,1,2,4,28,True,65,3,10,778,7.78,0
158,29,1,2,4,20,False,163,2,3,515,5.15,0
159,29,1,2,4,11,True,163,1,238,494,4.94,0
160,29,1,2,4,25,False,4,5,189,1469,14.69,0
161,29,1,2,4,32,True,4,5,170,1450,14.5,0
162,29,1,2,4,29,False,24,3,15,783,7.83,0
163,29,1,2,4,29,True,24,2,254,766,7.66,0
164,29,1,2,4,30,False,54,2,169,681,6.81,0
165,29,1,2,4,30,True,54,2,153,665,6.65,0
166,29,1,3,4,12,False,155,3,65,833,8.33,0
167,29,1,3,4,9,True,155,3,47,815,8.15,0
168,29,1,2,4,13,True,128,0,192,192,1.92,0
169,29,1,2,4,12,False,122,4,188,1212,12.12,0
170,29,1,2,4,12,True,121,4,172,1196,11.96,0
171,29,1,2,4,16,False,142,4,25,1049,10.49,0
172,29,1,2,4,33,True,142,4,6,1030,10.3,0
173,29,1,3,4,5,False,32,3,243,1011,10.11,0
174,29,1,3,4,11,True,32,3,222,990,9.9,0
175,29,1,2,4,22,False,211,2,219,731,7.31,0
176,29,1,2,4,10,True,210,2,199,711,7.11,0
177,29,1,2,4,23,False,64,3,175,943,9.43,0
178,29,1,2,4,12,True,64,3,155,923,9.23,0
179,29,1,2,4,1,False,97,4,182,1206,12.06,0
180,29,1,2,4,30,True,97,4,161,1185,11.85,0
181,29,1,2,4,3,False,22,2,223,735,7.35,0
182,29,1,2,4,33,True,22,2,202,714,7.14,0
183,29,1,2,4,27,False,186,5,26,1306,13.06,0
184,29,1,2,4,25,True,186,5,7,1287,12.87,0
185,29,1,3,4,14,False,43,4,153,1177,11.77,0
186,29,1,3,4,19,True,43,4,130,1154,11.54,0
187,29,1,2,4,20,False,137,1,30,286,2.86,0
188,29,1,2,4,22,False,135,3,26,794,7.94,0
189,29,1,2,4,25,True,135,3,6,774,7.74,0
190,29,1,2,4,5,False,85,2,25,537,5.37,0
191,29,1,2,4,22,True,85,2,6,518,5.18,0
192,29,1,2,4,27,False,59,0,218,218,2.18,0
193,29,1,2,4,24,True,59,0,199,199,1.99,0
194,29,1,2,4,17,False,239,1,126,382,3.82,0
195,29,1,2,4,26,True,239,1,105,361,3.61,0
196,29,1,3,4,11,False,181,1,155,411,4.11,0
197,29,1,3,4,7,True,195,1,134,390,3.9,0
198,29,1,2,4,16,False,96,2,205,717,7.17,0
199,29,1,2,4,17,False,92,2,58,570,5.7,0
200,29,1,2,4,23,True,95,2,184,696,6.96,0
201,29,1,2,4,24,True,92,2,36,548,5.48,0
202,29,1,2,4,4,False,66,3,136,904,9.04,0
203,29,1,2,4,29,True,66,3,117,885,8.85,0
204,29,1,2,4,22,False,182,1,119,375,3.75,0
205,29,1,2,4,23,True,182,1,97,353,3.53,0
206,29,1,2,4,26,False,134,3,157,925,9.25,0
207,29,1,2,4,32,True,134,3,138,906,9.06,0
208,29,1,3,4,33,False,143,1,61,317,3.17,0
209,29,1,3,4,17,True,143,1,40,296,2.96,0
210,29,1,3,4,16,False,217,5,146,1426,14.26,0
211,29,1,3,4,12,True,217,5,123,1403,14.03,0
212,29,1,2,4,18,False,94,2,160,672,6.72,0
213,29,1,2,4,16,True,94,2,139,651,6.51,0
214,29,1,2,4,24,False,177,6,169,1705,17.05,0
215,29,1,2,4,19,True,177,6,149,1685,16.85,0
216,29,1,0,4,30,False,192,3,158,926,9.26,0
217,29,1,0,4,32,True,116,3,140,908,9.08,0
218,29,1,2,4,15,False,13,1,191,447,4.47,0
219,29,1,2,4,16,False,11,2,186,698,6.98,0
220,29,1,2,4,18,True,11,2,167,679,6.79,0
221,29,1,2,4,19,True,13,1,170,426,4.26,0
222,29,1,2,4,31,False,158,3,84,852,8.52,0
223,29,1,2,4,21,True,158,3,64,832,8.32,0
224,29,1,2,4,20,False,3,4,38,1062,10.62,0
225,29,1,2,4,29,True,3,4,15,1039,10.39,0
226,29,1,2,4,17,False,200,2,236,748,7.48,0
227,29,1,2,4,19,True,200,2,214,726,7.26,0
228,29,1,2,4,6,False,253,1,210,466,4.66,0
229,29,1,2,4,22,True,253,1,191,447,4.47,0
230,29,1,2,4,33,False,33,2,232,744,7.44,0
231,29,1,2,4,22,True,33,2,210,722,7.22,0
232,29,1,2,4,16,False,157,1,230,486,4.86,0
233,29,1,2,4,31,True,157,1,211,467,4.67,0
234,29,1,2,4,30,False,41,1,104,360,3.6,0
235,29,1,2,4,19,True,41,1,86,342,3.42,0
236,29,1,2,4,20,False,40,1,81,337,3.37,0
237,29,1,2,4,3,True,40,1,61,317,3.17,0
238,29,1,2,4,33,False,83,2,109,621,6.21,0
239,29,1,2,4,28,True,83,2,88,600,6.0,0
240,29,1,2,4,30,False,66,2,188,700,7.0,0
241,29,1,2,4,27,True,66,2,168,680,6.8,0
242,29,1,0,4,21,False,247,4,217,1241,12.41,0
243,29,1,0,4,29,True,247,4,201,1225,12.25,0
244,29,1,2,4,22,False,243,2,249,761,7.61,0
245,29,1,2,4,26,True,243,2,229,741,7.41,0
246,29,1,2,4,19,False,32,3,152,920,9.2,0
247,29,1,2,4,22,True,32,3,133,901,9.01,0
248,29,1,2,4,18,False,135,3,248,1016,10.16,0
249,29,1,2,4,15,True,135,3,229,997,9.97,0
250,29,1,2,4,26,False,204,3,29,797,7.97,0
251,29,1,2,4,30,True,204,3,9,777,7.77,0
252,29,1,2,4,11,False,1,3,152,920,9.2,0
253,29,1,2,4,11,True,1,3,134,902,9.02,0
254,29,1,2,4,8,False,16,1,249,505,5.05,0
255,29,1,2,4,9,True,16,1,227,483,4.83,0
256,29,1,2,4,19,False,254,4,158,1182,11.82,0
257,29,1,2,4,24,True,254,4,138,1162,11.62,0
258,29,1,2,4,4,False,162,3,29,797,7.97,0
259,29,1,2,4,5,False,162,2,169,681,6.81,0
260,29,1,2,4,6,False,162,2,197,709,7.09,0
261,29,1,2,4,10,True,162,3,11,779,7.79,0
262,29,1,2,4,11,True,162,2,179,691,6.91,0
263,29,1,1,4,27,False,222,1,239,495,4.95,0
264,29,1,1,4,7,True,222,1,221,477,4.77,0
265,29,1,2,4,25,False,14,1,158,414,4.14,0
266,29,1,2,4,20,True,14,1,138,394,3.94,0
267,29,1,2,4,23,True,194,2,25,537,5.37,0
268,29,1,2,4,21,False,193,3,217,985,9.85,0
269,29,1,2,4,22,True,193,3,198,966,9.66,0
270,29,1,2,4,31,False,50,2,72,584,5.84,0
271,29,1,2,4,16,True,50,2,51,563,5.63,0
272,29,1,2,4,22,False,31,3,121,889,8.89,0
273,29,1,2,4,24,True,31,3,101,869,8.69,0
274,29,1,0,4,31,False,179,2,130,642,6.42,0
275,29,1,0,4,6,True,179,2,114,626,6.26,0
276,29,1,2,4,8,False,178,3,248,1016,10.16,0
277,29,1,2,4,3,True,177,3,226,994,9.94,0
278,29,1,0,4,21,False,232,3,190,958,9.58,0
279,29,1,0,4,22,True,232,3,173,941,9.41,0
280,29,1,2,4,16,False,78,3,15,783,7.83,0
281,29,1,2,4,22,True,78,2,253,765,7.65,0
282,29,1,2,4,15,False,178,2,62,574,5.74,0
283,29,1,2,4,16,False,176,5,236,1516,15.16,0
284,29,1,2,4,29,True,176,5,218,1498,14.98,0
285,29,1,2,4,29,False,121,3,135,903,9.03,0
286,29,1,2,4,33,True,121,3,116,884,8.84,0
287,29,1,2,4,23,False,8,2,238,750,7.5,0
288,29,1,2,4,18,True,8,2,218,730,7.3,0
289,29,1,2,4,30,False,176,4,8,1032,10.32,0
290,29,1,2,4,9,True,175,3,247,1015,10.15,0
291,29,1,2,4,15,False,28,3,179,947,9.47,0
292,29,1,2,4,22,True,28,3,158,926,9.26,0
293,29,1,2,6,28,False,3,14,4,3588,35.88,39683
294,29,1,2,5,52,False,4,9,153,2457,24.57,4
295,29,1,2,6,4,False,154,11,5,2821,28.21,15711
296,29,1,0,4,23,False,0,3,183,951,9.51,0
297,29,1,0,4,18,True,0,3,19,787,7.87,0
298,29,1,0,4,23,False,109,3,253,1021,10.21,0
299,29,1,0,4,17,True,21,3,234,1002,10.02,0
300,29,1,0,4,16,False,117,1,96,352,3.52,0
301,29,1,2,4,25,True,123,0,137,137,1.37,0
302,29,1,2,4,26,True,117,1,78,334,3.34,0
303,29,1,2,4,15,False,40,2,22,534,5.34,0
304,29,1,2,4,4,True,40,2,2,514,5.14,0
305,29,1,2,4,5,False,17,1,221,477,4.77,0
306,29,1,2,4,22,True,17,1,202,458,4.58,0
307,29,1,2,4,27,False,210,3,221,989,9.89,0
308,29,1,2,4,19,True,209,3,201,969,9.69,0
309,29,1,2,4,4,False,87,2,53,565,5.65,0
310,29,1,2,4,26,True,87,2,35,547,5.47,0
311,29,1,2,4,26,False,153,3,196,964,9.64,0
312,29,1,2,4,14,True,153,3,176,944,9.44,0
313,29,1,3,4,30,False,82,4,199,1223,12.23,0
314,29,1,3,4,31,False,81,4,212,1236,12.36,0
315,29,1,3,4,17,True,81,4,189,1213,12.13,0
316,29,1,3,4,18,True,82,4,179,1203,12.03,0
317,29,1,2,4,27,False,146,3,43,811,8.11,0
318,29,1,2,4,32,True,146,3,24,792,7.92,0
319,29,1,0,4,31,False,58,1,127,383,3.83,0
320,29,1,0,4,30,False,52,4,96,1120,11.2,0
321,29,1,0,4,7,True,52,4,80,1104,11.04,0
322,29,1,0,4,8,True,58,1,112,368,3.68,0
323,29,1,2,4,14,False,29,2,180,692,6.92,0
324,29,1,2,4,15,False,34,1,197,453,4.53,0
325,29,1,2,4,16,True,29,2,156,668,6.68,0
326,29,1,2,4,18,True,34,1,176,432,4.32,0
327,29,1,2,4,24,False,132,4,218,1242,12.42,0
328,29,1,2,4,13,True,132,4,198,1222,12.22,0
329,29,1,0,4,31,False,79,2,126,638,6.38,0
330,29,1,0,4,24,True,79,2,110,622,6.22,0
331,29,1,3,4,28,False,16,2,252,764,7.64,0
332,29,1,3,4,29,True,16,2,228,740,7.4,0
333,29,1,2,4,23,False,120,2,205,717,7.17,0
334,29,1,2,4,27,True,120,2,185,697,6.97,0
335,29,1,2,4,17,False,126,2,108,620,6.2,0
336,29,1,2,4,18,False,125,4,133,1157,11.57,0
337,29,1,2,4,19,False,126,2,15,527,5.27,0
338,29,1,2,4,29,True,125,4,114,1138,11.38,0
339,29,1,2,4,25,False,33,1,155,411,4.11,0
340,29,1,2,4,27,False,32,5,8,1288,12.88,0
341,29,1,2,4,10,True,32,4,246,1270,12.7,0
342,29,1,2,4,30,False,38,2,231,743,7.43,0
343,29,1,2,4,20,True,38,2,211,723,7.23,0
344,29,1,2,4,21,False,77,3,18,786,7.86,0
345,29,1,2,4,19,True,76,3,0,768,7.68,0
346,29,1,2,4,30,False,252,3,210,978,9.78,0
347,29,1,2,4,5,True,252,3,193,961,9.61,0
348,29,1,2,4,3,False,235,3,38,806,8.06,0
349,29,1,2,4,4,True,235,3,17,785,7.85,0
350,29,1,2,4,20,False,205,4,70,1094,10.94,0
351,29,1,2,4,27,True,205,4,47,1071,10.71,0
352,29,1,2,4,21,False,75,3,15,783,7.83,0
353,29,1,2,4,16,True,75,2,252,764,7.64,0
354,29,1,2,4,0,False,30,4,101,1125,11.25,0
355,29,1,2,4,18,True,30,4,81,1105,11.05,0
356,29,1,2,4,25,False,208,4,28,1052,10.52,0
357,29,1,2,4,28,True,207,4,8,1032,10.32,0
358,29,1,2,4,19,False,59,3,189,957,9.57,0
359,29,1,2,4,20,False,58,3,107,875,8.75,0
360,29,1,2,4,6,True,58,3,86,854,8.54,0
361,29,1,2,4,7,True,59,3,171,939,9.39,0
362,29,1,2,4,17,False,53,2,40,552,5.52,0
363,29,1,2,4,12,True,53,2,17,529,5.29,0
364,29,1,2,4,12,False,89,1,71,327,3.27,0
365,29,1,2,4,4,True,88,1,53,309,3.09,0
366,29,1,2,4,8,False,63,0,154,154,1.54,0
367,29,1,2,4,21,False,193,4,178,1202,12.02,0
368,29,1,2,4,14,True,62,0,131,131,1.31,0
369,29,1,2,4,31,True,193,4,160,1184,11.84,0
370,29,1,3,4,29,False,100,0,138,138,1.38,0
371,29,1,3,4,30,False,92,3,12,780,7.8,0
372,29,1,3,4,25,True,92,2,246,758,7.58,0
373,29,1,2,4,4,False,8,3,72,840,8.4,0
374,29,1,2,4,27,True,8,3,52,820,8.2,0
375,29,-1,-1,-1,-1,True,-1,-1,-1,-1,-1.0,-1
0,30,-1,-1,-1,-1,True,-1,-1,-1,-1,-1.0,-1
1,30,-1,-1,-1,-1,True,-1,-1,-1,-1,-1.0,-1
2,30,-1,-1,-1,-1,True,-1,-1,-1,-1,-1.0,-1
3,30,1,3,4,3,True,138,3,79,847,8.47,0
4,30,1,2,4,3,False,235,2,201,713,7.13,0
5,30,1,2,4,17,True,234,2,179,691,6.91,0
6,30,1,2,4,24,False,71,3,165,933,9.33,0
7,30,1,2,4,15,True,71,3,145,913,9.13,0
8,30,1,2,4,30,False,212,3,30,798,7.98,0
9,30,1,2,4,31,False,213,3,40,808,8.08,0
10,30,1,2,4,22,True,212,3,27,795,7.95,0
11,30,1,2,4,8,False,204,4,5,1029,10.29,0
12,30,1,2,4,8,True,204,3,242,1010,10.1,0
13,30,1,2,4,17,True,131,1,37,293,2.93,0
14,30,1,2,4,21,False,129,3,124,892,8.92,0
15,30,1,2,4,16,True,129,3,105,873,8.73,0
16,30,1,2,4,8,False,174,0,139,139,1.39,0
17,30,1,2,4,29,False,106,2,136,648,6.48,0
18,30,1,2,4,14,True,174,0,116,116,1.16,0
19,30,1,2,4,22,True,106,2,117,629,6.29,0
20,30,1,2,4,26,False,72,1,237,493,4.93,0
21,30,1,2,4,24,True,72,1,215,471,4.71,0
22,30,1,2,4,25,False,233,2,108,620,6.2,0
23,30,1,2,4,17,True,233,2,88,600,6.0,0
24,30,1,2,4,6,False,200,2,167,679,6.79,0
25,30,1,2,4,13,True,200,2,148,660,6.6,0
26,30,1,2,4,0,False,186,2,130,642,6.42,0
27,30,1,2,4,23,True,186,2,109,621,6.21,0
28,30,1,2,4,28,False,199,2,253,765,7.65,0
29,30,1,2,4,9,True,199,2,236,748,7.48,0
30,30,1,2,4,12,True,200,2,82,594,5.94,0
31,30,1,2,4,30,False,98,2,135,647,6.47,0
32,30,1,2,4,30,True,98,2,117,629,6.29,0
33,30,1,2,4,33,False,74,3,48,816,8.16,0
34,30,1,2,4,15,True,74,3,27,795,7.95,0
35,30,1,2,4,8,False,196,1,93,349,3.49,0
36,30,1,2,4,12,True,196,1,69,325,3.25,0
37,30,1,2,4,27,False,171,2,205,717,7.17,0
38,30,1,2,4,28,True,207,2,186,698,6.98,0
39,30,1,2,4,1,False,141,1,173,429,4.29,0
40,30,1,2,4,21,True,141,1,151,407,4.07,0
41,30,1,2,4,5,False,175,2,215,727,7.27,0
42,30,1,2,4,25,True,175,2,197,709,7.09,0
43,30,1,3,4,30,False,174,4,34,1058,10.58,0
44,30,1,3,4,8,True,174,4,15,1039,10.39,0
45,30,1,3,4,11,True,174,3,64,832,8.32,0
46,30,1,3,4,3,False,192,6,38,1574,15.74,0
47,30,1,3,4,26,True,192,6,15,1551,15.51,0
48,30,1,2,4,31,False,58,2,39,551,5.51,0
49,30,1,2,4,30,False,55,4,142,1166,11.66,0
50,30,1,2,4,17,True,55,4,124,1148,11.48,0
51,30,1,2,4,14,False,9,3,133,901,9.01,0
52,30,1,2,4,28,True,9,3,112,880,8.8,0
53,30,1,3,4,21,False,133,0,148,148,1.48,0
54,30,1,3,4,27,True,133,0,127,127,1.27,0
55,30,1,2,4,22,False,92,3,80,848,8.48,0
56,30,1,2,4,21,True,92,3,58,826,8.26,0
57,30,1,2,4,26,False,195,1,187,443,4.43,0
58,30,1,2,4,15,True,195,1,168,424,4.24,0
59,30,1,2,4,6,False,137,3,156,924,9.24,0
60,30,1,2,4,22,True,137,3,138,906,9.06,0
61,30,1,2,4,17,False,6,1,112,368,3.68,0
62,30,1,2,4,24,True,6,1,90,346,3.46,0
63,30,1,2,4,28,False,148,0,134,134,1.34,0
64,30,1,2,4,18,True,148,0,116,116,1.16,0
65,30,1,2,4,12,True,240,2,25,537,5.37,0
66,30,1,2,4,3,False,238,5,33,1313,13.13,0
67,30,1,2,4,13,True,238,5,12,1292,12.92,0
68,30,1,2,4,3,True,158,1,18,274,2.74,0
69,30,1,2,4,22,False,151,3,18,786,7.86,0
70,30,1,2,4,4,True,151,2,255,767,7.67,0
71,30,1,2,4,1,False,141,1,150,406,4.06,0
72,30,1,2,4,14,True,129,1,127,383,3.83,0
73,30,1,3,4,23,False,38,2,254,766,7.66,0
74,30,1,3,4,10,True,38,2,231,743,7.43,0
75,30,1,2,4,14,False,196,5,19,1299,12.99,0
76,30,1,2,4,17,True,196,4,252,1276,12.76,0
77,30,1,3,4,10,False,138,3,112,880,8.8,0
78,30,1,3,4,6,True,138,3,94,862,8.62,0
79,30,1,2,4,28,False,84,2,16,528,5.28,0
80,30,1,2,4,24,True,84,1,254,510,5.1,0
81,30,1,1,4,32,False,69,1,85,341,3.41,0
82,30,1,1,4,18,True,69,1,69,325,3.25,0
83,30,1,2,4,23,False,77,3,153,921,9.21,0
84,30,1,2,4,5,True,77,3,135,903,9.03,0
85,30,1,2,4,23,False,244,4,117,1141,11.41,0
86,30,1,2,4,31,True,244,4,97,1121,11.21,0
87,30,1,3,4,2,False,21,6,195,1731,17.31,0
88,30,1,3,4,6,True,21,6,174,1710,17.1,0
89,30,1,2,4,16,False,241,2,123,635,6.35,0
90,30,1,2,4,8,True,241,2,105,617,6.17,0
91,30,1,2,4,23,False,81,4,178,1202,12.02,0
92,30,1,2,4,27,True,81,4,158,1182,11.82,0
93,30,1,2,4,16,False,247,1,251,507,5.07,0
94,30,1,2,4,17,True,247,1,232,488,4.88,0
95,30,1,3,4,21,True,32,3,134,902,9.02,0
96,30,1,3,4,1,False,32,5,141,1421,14.21,0
97,30,1,3,4,22,True,32,5,118,1398,13.98,0
98,30,1,2,4,21,False,67,1,232,488,4.88,0
99,30,1,2,4,29,True,67,1,214,470,4.7,0
100,30,1,3,4,29,False,254,2,139,651,6.51,0
101,30,1,3,4,4,True,254,2,119,631,6.31,0
102,30,1,2,4,2,False,63,1,15,271,2.71,0
103,30,1,2,4,16,True,63,0,249,249,2.49,0
104,30,1,2,4,30,False,126,5,31,1311,13.11,0
105,30,1,2,4,13,True,126,5,13,1293,12.93,0
106,30,1,2,4,24,False,116,3,109,877,8.77,0
107,30,1,2,4,27,True,116,3,88,856,8.56,0
108,30,1,2,4,22,False,90,4,112,1136,11.36,0
109,30,1,2,4,26,True,90,4,92,1116,11.16,0
110,30,1,2,4,11,False,192,2,60,572,5.72,0
111,30,1,2,4,10,True,192,2,40,552,5.52,0
112,30,1,2,4,19,False,147,2,170,682,6.82,0
113,30,1,2,4,3,True,147,2,152,664,6.64,0
114,30,1,2,4,5,False,197,1,123,379,3.79,0
115,30,1,2,4,25,True,196,1,105,361,3.61,0
116,30,1,2,4,27,False,31,1,230,486,4.86,0
117,30,1,2,4,21,True,31,1,211,467,4.67,0
118,30,1,2,4,15,False,23,1,181,437,4.37,0
119,30,1,2,4,33,True,23,1,160,416,4.16,0
120,30,1,2,4,15,False,230,4,63,1087,10.87,0
121,30,1,2,4,31,True,230,4,42,1066,10.66,0
122,30,1,3,4,6,False,166,3,186,954,9.54,0
123,30,1,3,4,25,True,166,3,166,934,9.34,0
124,30,1,2,4,3,False,38,2,16,528,5.28,0
125,30,1,2,4,19,True,38,1,250,506,5.06,0
126,30,1,2,4,27,False,170,1,219,475,4.75,0
127,30,1,2,4,33,True,170,1,200,456,4.56,0
128,30,1,2,4,22,False,162,1,164,420,4.2,0
129,30,1,2,4,33,True,162,1,144,400,4.0,0
130,30,1,2,4,26,False,145,2,56,568,5.68,0
131,30,1,2,4,18,True,145,2,36,548,5.48,0
132,30,1,2,4,15,False,244,2,27,539,5.39,0
133,30,1,2,4,25,True,244,2,7,519,5.19,0
134,30,1,2,4,22,False,60,1,186,442,4.42,0
135,30,1,2,4,19,True,60,1,166,422,4.22,0
136,30,1,3,4,6,False,84,4,153,1177,11.77,0
137,30,1,3,4,9,True,84,4,134,1158,11.58,0
138,30,1,2,4,6,False,145,2,158,670,6.7,0
139,30,1,2,4,21,True,145,2,139,651,6.51,0
140,30,1,2,4,29,False,56,2,35,547,5.47,0
141,30,1,2,4,16,True,56,2,15,527,5.27,0
142,30,1,2,4,20,False,85,3,248,1016,10.16,0
143,30,1,2,4,23,False,188,2,131,643,6.43,0
144,30,1,2,4,10,True,188,2,112,624,6.24,0
145,30,1,2,4,21,True,85,3,228,996,9.96,0
146,30,1,2,4,27,True,63,3,92,860,8.6,0
147,30,1,2,4,17,False,60,4,113,1137,11.37,0
148,30,1,2,4,26,True,60,4,92,1116,11.16,0
149,30,1,2,4,28,True,62,2,149,661,6.61,0
150,30,1,2,4,0,False,74,2,96,608,6.08,0
151,30,1,2,4,24,True,73,2,75,587,5.87,0
152,30,1,2,4,22,False,178,2,86,598,5.98,0
153,30,1,2,4,23,True,178,2,63,575,5.75,0
154,30,1,0,4,28,False,117,2,29,541,5.41,0
155,30,1,0,4,19,True,117,2,11,523,5.23,0
156,30,1,0,4,28,False,225,4,65,1089,10.89,0
157,30,1,0,4,20,True,225,4,48,1072,10.72,0
158,30,1,2,4,15,False,7,1,124,380,3.8,0
159,30,1,2,4,29,True,7,1,103,359,3.59,0
160,30,1,2,4,3,False,6,2,128,640,6.4,0
161,30,1,2,4,30,True,98,2,108,620,6.2,0
162,30,1,2,4,20,False,8,2,115,627,6.27,0
163,30,1,2,4,21,True,8,2,94,606,6.06,0
164,30,1,2,4,31,False,10,1,157,413,4.13,0
165,30,1,2,4,15,True,9,1,138,394,3.94,0
166,30,1,2,4,28,True,224,2,174,686,6.86,0
167,30,1,2,4,6,False,224,4,232,1256,12.56,0
168,30,1,2,4,29,True,224,4,213,1237,12.37,0
169,30,1,2,4,15,False,239,0,231,231,2.31,0
170,30,1,2,4,25,True,239,0,211,211,2.11,0
171,30,1,2,4,22,False,68,3,136,904,9.04,0
172,30,1,2,4,18,True,68,3,116,884,8.84,0
173,30,1,2,4,3,False,18,3,209,977,9.77,0
174,30,1,2,4,32,True,18,3,189,957,9.57,0
175,30,1,2,4,21,False,133,4,4,1028,10.28,0
176,30,1,2,4,33,True,133,3,243,1011,10.11,0
177,30,1,2,4,30,False,104,1,6,262,2.62,0
178,30,1,2,4,14,True,104,0,245,245,2.45,0
179,30,1,2,4,17,False,127,3,113,881,8.81,0
180,30,1,2,4,12,True,127,3,91,859,8.59,0
181,30,1,2,4,16,False,8,2,104,616,6.16,0
182,30,1,2,4,23,True,7,2,84,596,5.96,0
183,30,1,2,4,15,False,152,2,110,622,6.22,0
184,30,1,2,4,22,True,152,2,90,602,6.02,0
185,30,1,2,4,16,False,97,3,235,1003,10.03,0
186,30,1,2,4,19,True,97,3,216,984,9.84,0
187,30,1,2,4,30,False,158,0,103,103,1.03,0
188,30,1,2,4,29,False,149,3,198,966,9.66,0
189,30,1,2,4,8,True,149,3,181,949,9.49,0
190,30,1,2,4,16,False,62,4,140,1164,11.64,0
191,30,1,2,4,11,True,62,4,122,1146,11.46,0
192,30,1,2,4,17,False,98,2,101,613,6.13,0
193,30,1,2,4,25,True,98,2,80,592,5.92,0
194,30,1,2,4,22,False,108,3,24,792,7.92,0
195,30,1,2,4,24,True,108,3,4,772,7.72,0
196,30,1,2,4,32,False,97,2,243,755,7.55,0
197,30,1,2,4,22,True,97,2,223,735,7.35,0
198,30,1,3,4,4,True,162,2,242,754,7.54,0
199,30,1,3,4,1,False,160,7,175,1967,19.67,0
200,30,1,3,4,3,True,160,7,151,1943,19.43,0
201,30,1,2,4,20,False,83,3,133,901,9.01,0
202,30,1,2,4,19,False,82,5,68,1348,13.48,0
203,30,1,2,4,5,True,82,5,51,1331,13.31,0
204,30,1,2,4,8,True,83,3,113,881,8.81,0
205,30,1,2,4,6,False,146,1,168,424,4.24,0
206,30,1,2,4,29,True,146,1,149,405,4.05,0
207,30,1,2,4,17,False,255,4,4,1028,10.28,0
208,30,1,2,4,31,True,255,3,238,1006,10.06,0
209,30,1,2,4,19,False,253,2,97,609,6.09,0
210,30,1,2,4,21,True,253,2,78,590,5.9,0
211,30,1,0,4,33,True,4,0,4,4,0.04,0
212,30,1,0,6,26,False,3,3,4,772,7.72,22924
213,30,1,0,3,15,True,61,13,0,3328,33.28,0
214,30,1,0,4,25,False,20,9,1,2305,23.05,0
215,30,1,0,2,50,True,6,0,0,0,0.0,0
216,30,1,0,5,58,True,4,10,181,2741,27.41,9
217,30,1,2,4,61,False,61,13,61,3389,33.89,0
218,30,1,1,4,5,True,90,0,0,0,0.0,0
219,30,1,0,4,28,True,181,9,69,2373,23.73,0
220,30,1,11,2,12,False,32,0,0,0,0.0,0
221,30,1,10,6,4,False,188,12,132,3204,32.04,1110
222,30,1,21,4,61,False,61,13,61,3389,33.89,0
223,30,1,2,4,15,False,156,2,4,516,5.16,0
224,30,1,3,6,12,False,2,13,250,3578,35.78,4116
225,30,1,0,4,31,False,11,2,171,683,6.83,0
226,30,1,19,4,3,False,106,4,142,1166,11.66,0
227,30,1,0,4,3,True,14,1,238,494,4.94,0
228,30,1,19,4,20,False,143,12,2,3074,30.74,0
229,30,1,0,4,4,True,11,2,156,668,6.68,0
230,30,1,28,7,61,False,61,13,61,3389,33.89,4013373
231,30,1,3,4,29,False,231,4,115,1139,11.39,0
232,30,1,3,4,28,False,231,7,177,1969,19.69,0
233,30,1,3,4,31,True,231,7,154,1946,19.46,0
234,30,1,3,4,6,False,241,2,152,664,6.64,0
235,30,1,3,4,4,True,240,2,132,644,6.44,0
236,30,1,2,4,4,False,5,1,44,300,3.0,0
237,30,1,2,4,5,False,255,3,181,949,9.49,0
238,30,1,2,4,16,True,255,3,160,928,9.28,0
239,30,1,2,4,17,False,105,5,99,1379,13.79,0
240,30,1,2,4,22,True,104,5,77,1357,13.57,0
241,30,1,2,4,6,False,186,1,136,392,3.92,0
242,30,1,2,4,16,True,186,1,115,371,3.71,0
243,30,1,0,4,29,False,229,1,73,329,3.29,0
244,30,1,0,4,30,False,222,4,96,1120,11.2,0
245,30,1,0,4,20,True,229,1,56,312,3.12,0
246,30,1,0,4,21,True,222,4,78,1102,11.02,0
247,30,1,2,4,20,False,83,6,92,1628,16.28,0
248,30,1,2,4,17,True,83,6,71,1607,16.07,0
249,30,1,2,4,29,False,206,4,12,1036,10.36,0
250,30,1,2,4,17,True,206,3,249,1017,10.17,0
251,30,1,2,4,19,False,123,2,170,682,6.82,0
252,30,1,2,4,20,False,126,2,19,531,5.31,0
253,30,1,2,4,4,True,123,2,152,664,6.64,0
254,30,1,2,4,5,True,126,1,255,511,5.11,0
255,30,1,2,4,13,False,144,3,22,790,7.9,0
256,30,1,2,4,11,True,144,3,0,768,7.68,0
257,30,1,2,4,18,False,73,5,39,1319,13.19,0
258,30,1,2,4,27,True,73,5,19,1299,12.99,0
259,30,1,2,4,19,False,178,2,246,758,7.58,0
260,30,1,2,4,22,True,178,2,226,738,7.38,0
261,30,1,2,4,31,False,27,2,123,635,6.35,0
262,30,1,2,4,20,True,27,2,103,615,6.15,0
263,30,1,2,4,30,False,238,2,207,719,7.19,0
264,30,1,2,4,11,True,238,2,189,701,7.01,0
265,30,1,2,4,2,False,74,2,54,566,5.66,0
266,30,1,2,4,13,True,74,2,33,545,5.45,0
267,30,1,2,4,22,False,96,3,68,836,8.36,0
268,30,1,2,4,27,True,96,3,47,815,8.15,0
269,30,1,2,4,15,False,24,4,73,1097,10.97,0
270,30,1,2,4,30,True,24,4,52,1076,10.76,0
271,30,1,2,4,31,True,25,3,123,891,8.91,0
272,30,1,3,4,10,False,240,3,8,776,7.76,0
273,30,1,3,4,5,True,240,2,246,758,7.58,0
274,30,1,2,4,24,False,140,1,147,403,4.03,0
275,30,1,2,4,33,True,140,1,127,383,3.83,0
276,30,1,0,4,21,False,184,2,213,725,7.25,0
277,30,1,0,4,9,True,184,2,197,709,7.09,0
278,30,1,2,4,27,False,49,2,115,627,6.27,0
279,30,1,2,4,33,True,49,2,95,607,6.07,0
280,30,1,0,4,29,False,40,0,197,197,1.97,0
281,30,1,0,4,30,True,40,0,180,180,1.8,0
282,30,1,1,4,30,False,107,6,154,1690,16.9,0
283,30,1,1,4,20,True,107,6,136,1672,16.72,0
284,30,1,2,1,49,False,0,0,0,0,0.0,0
285,30,1,2,2,31,False,4,0,0,0,0.0,0
286,30,1,2,0,0,False,0,0,0,0,0.0,0
287,30,1,2,0,0,False,0,0,0,0,0.0,0
288,30,1,2,2,43,False,4,0,0,0,0.0,0
289,30,1,2,1,40,True,0,0,0,0,0.0,0
290,30,1,2,2,24,False,61,0,0,0,0.0,0
291,30,1,0,4,28,False,2,6,4,1540,15.4,0
292,30,1,28,3,16,False,28,13,0,3328,33.28,0
293,30,1,1,4,32,False,196,4,10,1034,10.34,0
294,30,1,1,4,5,True,196,3,252,1020,10.2,0
295,30,1,1,4,29,False,196,2,241,753,7.53,0
296,30,1,1,4,17,True,196,2,223,735,7.35,0
297,30,1,0,4,24,False,119,3,249,1017,10.17,0
298,30,1,0,4,10,True,119,3,234,1002,10.02,0
299,30,1,3,4,8,False,68,2,18,530,5.3,0
300,30,1,0,5,1,True,190,12,131,3203,32.03,68
301,30,1,0,2,44,True,61,0,0,0,0.0,0
302,30,1,0,4,31,False,168,4,183,1207,12.07,0
303,30,1,0,4,27,True,168,4,165,1189,11.89,0
304,30,1,3,4,20,False,0,14,5,3589,35.89,0
305,30,1,26,3,10,False,249,2,0,512,5.12,0
306,30,1,2,4,1,False,238,3,151,919,9.19,0
307,30,1,24,2,28,False,131,0,0,0,0.0,0
308,30,1,2,4,2,False,9,3,82,850,8.5,0
309,30,1,31,1,2,False,0,0,0,0,0.0,0
310,30,1,2,4,5,False,104,3,234,1002,10.02,0
311,30,1,22,1,61,False,0,0,0,0,0.0,0
312,30,1,3,4,20,False,6,12,3,3075,30.75,0
313,30,1,17,0,0,False,0,0,0,0,0.0,0
314,30,1,1,7,25,True,1,7,28,1820,18.2,121225
315,30,1,2,4,6,False,177,10,46,2606,26.06,0
316,30,1,24,3,61,False,61,13,0,3328,33.28,0
317,30,1,1,1,4,True,0,0,0,0,0.0,0
318,30,1,1,2,31,True,4,0,0,0,0.0,0
319,30,1,1,3,54,True,3,2,0,512,5.12,0
320,30,1,1,4,10,True,182,3,50,818,8.18,0
321,30,1,3,4,14,False,131,4,11,1035,10.35,0
322,30,1,15,6,2,False,18,4,102,1126,11.26,33820
323,30,1,30,0,0,False,0,0,0,0,0.0,0
324,30,1,2,4,0,False,46,4,158,1182,11.82,0
325,30,1,0,4,16,False,61,13,61,3389,33.89,0
326,30,1,0,4,22,False,34,3,33,801,8.01,0
327,30,1,0,4,25,True,34,3,17,785,7.85,0
328,30,1,3,4,3,False,90,4,4,1028,10.28,0
329,30,1,14,6,2,False,41,8,20,2068,20.68,47879
330,30,1,0,3,5,True,50,12,0,3072,30.72,0
331,30,1,17,6,20,False,12,9,1,2305,23.05,23146
332,30,1,1,0,0,False,0,0,0,0,0.0,0
333,30,1,3,5,20,False,14,14,10,3594,35.94,127
334,30,1,2,4,15,False,10,3,164,932,9.32,0
335,30,1,2,4,16,False,28,7,208,2000,20.0,0
336,30,1,2,4,17,False,157,4,162,1186,11.86,0
337,30,1,2,4,18,False,123,3,103,871,8.71,0
338,30,1,2,4,19,False,19,12,16,3088,30.88,0
339,30,1,2,4,20,False,250,3,149,917,9.17,0
340,30,1,2,4,21,False,242,7,77,1869,18.69,0
341,30,1,2,4,22,False,136,2,202,714,7.14,0
342,30,1,2,4,23,False,113,7,72,1864,18.64,0
343,30,1,2,4,24,False,120,4,76,1100,11.0,0
344,30,1,2,4,25,False,141,2,219,731,7.31,0
345,30,1,2,4,26,False,206,14,125,3709,37.09,0
346,30,1,2,4,28,False,44,5,83,1363,13.63,0
347,30,1,2,4,29,False,186,9,24,2328,23.28,0
348,30,1,2,4,30,False,96,9,167,2471,24.71,0
349,30,1,2,4,31,False,235,4,115,1139,11.39,0
350,30,1,2,4,32,False,242,3,161,929,9.29,0
351,30,1,2,4,33,False,156,2,245,757,7.57,0
352,30,1,2,4,5,True,126,1,255,511,5.11,0
353,30,1,2,4,7,True,136,1,88,344,3.44,0
354,30,1,2,4,8,True,120,10,97,2657,26.57,0
355,30,1,2,4,11,True,187,8,30,2078,20.78,0
356,30,1,2,4,12,True,105,2,166,678,6.78,0
357,30,1,2,4,13,True,194,8,253,2301,23.01,0
358,30,1,2,4,14,True,113,9,149,2453,24.53,0
359,30,1,2,4,15,True,53,5,151,1431,14.31,0
360,30,1,2,4,16,True,140,8,7,2055,20.55,0
361,30,1,2,4,17,True,250,2,5,517,5.17,0
362,30,1,2,4,18,True,242,14,13,3597,35.97,0
363,30,1,2,4,19,True,157,5,244,1524,15.24,0
364,30,1,2,4,20,True,186,3,192,960,9.6,0
365,30,1,2,4,21,True,244,0,70,70,0.7,0
366,30,1,2,4,22,True,10,11,98,2914,29.14,0
367,30,1,2,4,23,True,35,2,8,520,5.2,0
368,30,1,2,4,24,True,108,11,151,2967,29.67,0
369,30,1,2,4,25,True,96,9,93,2397,23.97,0
370,30,1,2,4,26,True,28,3,169,937,9.37,0
371,30,1,2,4,27,True,14,1,63,319,3.19,0
372,30,1,2,4,28,True,87,8,18,2066,20.66,0
373,30,1,2,4,29,True,255,9,226,2530,25.3,0
374,30,1,2,4,30,True,235,4,95,1119,11.19,0
375,30,1,2,4,31,True,237,6,187,1723,17.23,0
376,30,1,2,4,32,True,241,5,243,1523,15.23,0
377,30,1,2,4,33,True,242,6,199,1735,17.35,0
0,31,-1,-1,-1,-1,True,-1,-1,-1,-1,-1.0,-1
1,31,-1,-1,-1,-1,True,-1,-1,-1,-1,-1.0,-1
2,31,1,2,4,14,False,226,2,218,730,7.3,0
3,31,1,2,4,5,True,226,2,196,708,7.08,0
4,31,1,1,4,17,False,187,3,189,957,9.57,0
5,31,1,1,4,18,True,187,3,105,873,8.73,0
6,31,1,1,4,19,True,187,3,173,941,9.41,0
7,31,1,2,4,1,False,249,3,117,885,8.85,0
8,31,1,2,4,7,True,249,3,95,863,8.63,0
9,31,1,1,4,16,False,60,1,186,442,4.42,0
10,31,1,1,4,3,True,60,1,167,423,4.23,0
11,31,1,3,4,24,False,255,4,207,1231,12.31,0
12,31,1,3,4,9,True,255,4,189,1213,12.13,0
13,31,1,2,4,24,True,38,1,7,263,2.63,0
14,31,1,2,4,2,False,36,2,188,700,7.0,0
15,31,1,2,4,25,True,36,2,167,679,6.79,0
16,31,1,2,4,26,False,57,5,132,1412,14.12,0
17,31,1,2,4,12,True,57,5,112,1392,13.92,0
18,31,1,0,4,33,False,203,6,12,1548,15.48,0
19,31,1,0,4,34,True,203,5,248,1528,15.28,0
20,31,1,2,4,31,False,192,1,87,343,3.43,0
21,31,1,2,4,20,True,192,1,67,323,3.23,0
22,31,1,3,4,3,False,159,3,87,855,8.55,0
23,31,1,3,4,25,True,159,3,64,832,8.32,0
24,31,1,3,4,4,False,159,7,164,1956,19.56,0
25,31,1,3,4,26,True,159,7,141,1933,19.33,0
26,31,1,2,4,20,False,111,2,125,637,6.37,0
27,31,1,2,4,16,True,111,2,103,615,6.15,0
28,31,1,0,4,33,False,228,5,73,1353,13.53,0
29,31,1,0,4,26,True,228,5,55,1335,13.35,0
30,31,1,2,4,19,False,142,1,165,421,4.21,0
31,31,1,2,4,26,True,142,1,146,402,4.02,0
32,31,1,2,4,20,False,49,4,33,1057,10.57,0
33,31,1,2,4,22,True,49,4,12,1036,10.36,0
34,31,1,2,4,30,False,161,2,190,702,7.02,0
35,31,1,2,4,29,True,161,2,171,683,6.83,0
36,31,1,2,4,1,False,172,4,149,1173,11.73,0
37,31,1,2,4,23,True,172,4,125,1149,11.49,0
38,31,1,2,4,32,False,11,3,42,810,8.1,0
39,31,1,2,4,29,True,11,3,20,788,7.88,0
40,31,1,2,4,20,False,35,3,46,814,8.14,0
41,31,1,2,4,22,True,35,3,24,792,7.92,0
42,31,1,2,4,30,False,215,3,82,850,8.5,0
43,31,1,2,4,14,True,215,3,64,832,8.32,0
44,31,1,2,4,24,False,14,3,50,818,8.18,0
45,31,1,2,4,25,True,14,3,30,798,7.98,0
46,31,1,2,4,23,False,178,2,100,612,6.12,0
47,31,1,2,4,24,False,179,2,34,546,5.46,0
48,31,1,2,4,26,True,179,2,69,581,5.81,0
49,31,1,2,4,27,True,178,1,161,417,4.17,0
50,31,1,2,4,28,True,179,2,13,525,5.25,0
51,31,1,2,4,15,False,63,5,131,1411,14.11,0
52,31,1,2,4,32,True,63,5,111,1391,13.91,0
53,31,1,2,4,16,False,243,3,50,818,8.18,0
54,31,1,2,4,19,True,243,3,30,798,7.98,0
55,31,1,2,4,20,False,183,2,71,583,5.83,0
56,31,1,2,4,21,False,182,3,1,769,7.69,0
57,31,1,2,4,22,True,182,2,238,750,7.5,0
58,31,1,2,4,23,False,219,5,47,1327,13.27,0
59,31,1,2,4,26,True,219,5,28,1308,13.08,0
60,31,1,3,4,11,False,108,2,22,534,5.34,0
61,31,1,3,4,3,True,108,2,2,514,5.14,0
62,31,1,2,4,27,False,176,1,76,332,3.32,0
63,31,1,2,4,27,True,176,1,59,315,3.15,0
64,31,1,0,4,23,False,239,1,120,376,3.76,0
65,31,1,0,4,22,True,239,1,104,360,3.6,0
66,31,1,2,4,30,False,48,2,88,600,6.0,0
67,31,1,2,4,33,True,48,2,69,581,5.81,0
68,31,1,2,4,25,False,160,2,117,629,6.29,0
69,31,1,2,4,26,True,160,2,97,609,6.09,0
70,31,1,2,4,16,False,185,1,83,339,3.39,0
71,31,1,2,4,12,True,185,1,65,321,3.21,0
72,31,1,0,4,22,False,174,6,129,1665,16.65,0
73,31,1,0,4,3,True,173,6,114,1650,16.5,0
74,31,1,3,4,8,False,23,4,108,1132,11.32,0
75,31,1,3,4,24,True,22,4,89,1113,11.13,0
76,31,1,2,4,32,False,68,1,209,465,4.65,0
77,31,1,2,4,18,True,68,1,189,445,4.45,0
78,31,1,2,4,17,False,216,1,194,450,4.5,0
79,31,1,2,4,29,True,216,1,171,427,4.27,0
80,31,1,2,4,27,False,195,2,231,743,7.43,0
81,31,1,2,4,24,True,195,2,211,723,7.23,0
82,31,1,2,4,0,False,18,3,198,966,9.66,0
83,31,1,2,4,8,True,18,3,178,946,9.46,0
84,31,1,3,4,1,False,125,3,204,972,9.72,0
85,31,1,3,4,7,True,125,3,180,948,9.48,0
86,31,1,2,4,29,False,42,3,184,952,9.52,0
87,31,1,2,4,29,True,42,3,167,935,9.35,0
88,31,1,0,4,33,False,114,6,14,1550,15.5,0
89,31,1,0,4,27,True,114,5,251,1531,15.31,0
90,31,1,2,4,18,False,115,2,105,617,6.17,0
91,31,1,2,4,24,True,115,2,86,598,5.98,0
92,31,1,2,4,3,False,183,3,49,817,8.17,0
93,31,1,2,4,12,True,183,3,26,794,7.94,0
94,31,1,2,4,11,False,220,2,153,665,6.65,0
95,31,1,2,4,11,True,220,2,136,648,6.48,0
96,31,1,2,4,17,False,180,3,64,832,8.32,0
97,31,1,2,4,29,True,180,3,42,810,8.1,0
98,31,1,2,4,19,False,207,3,164,932,9.32,0
99,31,1,2,4,23,True,207,3,144,912,9.12,0
100,31,1,2,4,16,False,124,1,184,440,4.4,0
101,31,1,2,4,17,True,124,1,164,420,4.2,0
102,31,1,2,4,0,False,120,2,30,542,5.42,0
103,31,1,2,4,31,True,120,2,10,522,5.22,0
104,31,1,2,4,23,False,149,2,105,617,6.17,0
105,31,1,2,4,32,True,149,2,86,598,5.98,0
106,31,1,2,4,5,False,229,1,76,332,3.32,0
107,31,1,2,4,22,True,229,1,56,312,3.12,0
108,31,1,3,4,11,False,149,1,143,399,3.99,0
109,31,1,3,4,5,True,148,1,122,378,3.78,0
110,31,1,3,4,12,False,142,5,135,1415,14.15,0
111,31,1,3,4,4,True,142,5,115,1395,13.95,0
112,31,1,2,4,23,False,15,3,10,778,7.78,0
113,31,1,2,4,25,True,15,2,247,759,7.59,0
114,31,1,2,4,14,False,91,2,12,524,5.24,0
115,31,1,2,4,15,False,90,3,123,891,8.91,0
116,31,1,2,4,30,True,90,3,103,871,8.71,0
117,31,1,3,4,3,False,198,5,185,1465,14.65,0
118,31,1,3,4,28,True,198,5,166,1446,14.46,0
119,31,1,2,4,1,False,148,1,65,321,3.21,0
120,31,1,2,4,17,True,148,1,43,299,2.99,0
121,31,1,2,4,24,False,127,3,69,837,8.37,0
122,31,1,2,4,28,True,127,3,49,817,8.17,0
123,31,1,2,4,32,False,120,0,206,206,2.06,0
124,31,1,2,4,33,False,114,2,80,592,5.92,0
125,31,1,2,4,30,True,114,2,57,569,5.69,0
126,31,1,2,4,24,False,62,2,255,767,7.67,0
127,31,1,2,4,21,True,66,1,215,471,4.71,0
128,31,1,2,4,22,True,62,2,234,746,7.46,0
129,31,1,0,4,19,False,18,3,136,904,9.04,0
130,31,1,0,4,20,True,18,3,120,888,8.88,0
131,31,1,2,4,16,False,207,3,27,795,7.95,0
132,31,1,2,4,17,False,207,4,58,1082,10.82,0
133,31,1,2,4,15,True,207,3,7,775,7.75,0
134,31,1,2,4,16,True,207,4,35,1059,10.59,0
135,31,1,2,4,5,False,151,1,21,277,2.77,0
136,31,1,2,4,22,True,151,1,1,257,2.57,0
137,31,1,2,4,12,False,18,2,254,766,7.66,0
138,31,1,2,4,7,True,17,2,236,748,7.48,0
139,31,1,0,4,10,True,106,2,103,615,6.15,0
140,31,1,0,4,33,False,103,4,59,1083,10.83,0
141,31,1,0,4,9,True,103,4,40,1064,10.64,0
142,31,1,2,4,21,False,167,3,86,854,8.54,0
143,31,1,2,4,15,True,166,3,69,837,8.37,0
144,31,1,2,4,15,False,73,1,113,369,3.69,0
145,31,1,2,4,27,True,73,1,92,348,3.48,0
146,31,1,2,4,21,False,164,2,229,741,7.41,0
147,31,1,2,4,19,True,164,2,211,723,7.23,0
148,31,1,2,4,18,False,226,1,190,446,4.46,0
149,31,1,2,4,25,True,226,1,172,428,4.28,0
150,31,1,2,4,31,False,183,3,2,770,7.7,0
151,31,1,2,4,32,False,181,5,59,1339,13.39,0
152,31,1,2,4,12,True,181,5,38,1318,13.18,0
153,31,1,2,4,13,True,183,2,240,752,7.52,0
154,31,1,2,4,2,False,207,2,34,546,5.46,0
155,31,1,2,4,8,False,7,1,58,314,3.14,0
156,31,1,2,4,14,True,7,1,33,289,2.89,0
157,31,1,2,4,26,True,207,2,13,525,5.25,0
158,31,1,2,4,17,False,89,4,150,1174,11.74,0
159,31,1,2,4,32,True,89,4,129,1153,11.53,0
160,31,1,2,4,33,False,0,3,253,1021,10.21,0
161,31,1,2,4,27,True,0,3,230,998,9.98,0
162,31,1,2,4,2,False,74,2,175,687,6.87,0
163,31,1,2,4,30,True,73,2,153,665,6.65,0
164,31,1,1,4,10,False,26,2,30,542,5.42,0
165,31,1,1,4,24,True,26,2,11,523,5.23,0
166,31,1,2,4,15,False,232,3,47,815,8.15,0
167,31,1,2,4,18,True,232,3,24,792,7.92,0
168,31,1,2,4,18,False,146,2,48,560,5.6,0
169,31,1,2,4,19,False,147,3,138,906,9.06,0
170,31,1,2,4,26,True,146,3,123,891,8.91,0
171,31,1,2,4,9,False,127,2,9,521,5.21,0
172,31,1,2,4,13,True,127,1,244,500,5.0,0
173,31,1,2,4,17,False,20,1,121,377,3.77,0
174,31,1,2,4,24,True,20,1,99,355,3.55,0
175,31,1,2,4,20,False,31,1,184,440,4.4,0
176,31,1,2,4,12,True,31,1,162,418,4.18,0
177,31,1,2,4,19,False,213,4,107,1131,11.31,0
178,31,1,2,4,25,True,213,4,88,1112,11.12,0
179,31,1,2,4,23,False,233,4,52,1076,10.76,0
180,31,1,2,4,6,True,233,4,33,1057,10.57,0
181,31,1,2,4,1,False,80,3,71,839,8.39,0
182,31,1,2,4,26,True,80,3,49,817,8.17,0
183,31,1,2,4,21,False,51,4,78,1102,11.02,0
184,31,1,2,4,33,True,51,4,61,1085,10.85,0
185,31,1,2,4,13,False,78,1,237,493,4.93,0
186,31,1,2,4,12,True,78,1,215,471,4.71,0
187,31,1,1,4,30,False,14,4,201,1225,12.25,0
188,31,1,1,4,32,True,14,4,184,1208,12.08,0
189,31,1,2,4,3,False,10,2,187,699,6.99,0
190,31,1,2,4,14,True,10,2,166,678,6.78,0
191,31,1,2,4,24,False,221,2,130,642,6.42,0
192,31,1,2,4,23,False,220,4,40,1064,10.64,0
193,31,1,2,4,20,True,220,4,19,1043,10.43,0
194,31,1,3,4,23,False,160,3,220,988,9.88,0
195,31,1,3,4,13,True,160,3,199,967,9.67,0
196,31,1,2,4,28,False,178,0,236,236,2.36,0
197,31,1,2,4,14,True,178,0,218,218,2.18,0
198,31,1,2,4,32,False,225,2,185,697,6.97,0
199,31,1,2,4,32,True,225,2,167,679,6.79,0
200,31,1,2,4,15,False,195,1,126,382,3.82,0
201,31,1,2,4,24,True,195,1,104,360,3.6,0
202,31,1,2,4,27,False,252,2,182,694,6.94,0
203,31,1,2,4,3,True,251,2,164,676,6.76,0
204,31,1,2,4,21,False,240,2,211,723,7.23,0
205,31,1,2,4,13,True,240,2,193,705,7.05,0
206,31,1,2,4,33,False,95,3,128,896,8.96,0
207,31,1,2,4,10,True,95,3,50,818,8.18,0
208,31,1,2,4,11,True,95,3,107,875,8.75,0
209,31,1,2,4,24,False,176,3,245,1013,10.13,0
210,31,1,2,4,24,True,175,3,227,995,9.95,0
211,31,1,2,4,29,False,55,2,113,625,6.25,0
212,31,1,2,4,19,True,55,2,93,605,6.05,0
213,31,1,2,4,27,False,11,2,217,729,7.29,0
214,31,1,2,4,24,True,10,2,198,710,7.1,0
215,31,1,2,4,10,False,200,2,42,554,5.54,0
216,31,1,2,4,4,True,200,2,21,533,5.33,0
217,31,1,2,4,27,False,242,3,61,829,8.29,0
218,31,1,2,4,9,True,242,3,43,811,8.11,0
219,31,1,2,4,30,False,40,3,239,1007,10.07,0
220,31,1,2,4,18,True,40,3,222,990,9.9,0
221,31,1,2,4,33,False,4,3,54,822,8.22,0
222,31,1,2,4,32,True,4,3,33,801,8.01,0
223,31,1,0,4,30,False,193,2,66,578,5.78,0
224,31,1,0,4,20,True,193,2,49,561,5.61,0
225,31,1,3,4,15,False,145,2,16,528,5.28,0
226,31,1,3,4,8,True,144,1,253,509,5.09,0
227,31,1,2,4,23,False,103,3,29,797,7.97,0
228,31,1,2,4,18,True,103,3,11,779,7.79,0
229,31,1,2,4,29,False,173,2,173,685,6.85,0
230,31,1,2,4,10,True,173,2,156,668,6.68,0
231,31,1,3,4,24,False,155,3,214,982,9.82,0
232,31,1,3,4,19,True,154,3,192,960,9.6,0
233,31,1,3,4,18,False,69,8,107,2155,21.55,0
234,31,1,3,4,7,True,69,8,84,2132,21.32,0
235,31,1,0,4,5,False,23,3,101,869,8.69,0
236,31,1,0,4,6,False,23,4,72,1096,10.96,0
237,31,1,0,4,9,True,23,4,54,1078,10.78,0
238,31,1,0,4,10,True,23,3,85,853,8.53,0
239,31,1,2,4,19,False,226,3,13,781,7.81,0
240,31,1,2,4,26,True,226,2,251,763,7.63,0
241,31,1,2,4,10,False,125,4,142,1166,11.66,0
242,31,1,2,4,11,True,125,3,219,987,9.87,0
243,31,1,2,4,12,True,126,4,118,1142,11.42,0
244,31,1,2,4,0,False,129,1,125,381,3.81,0
245,31,1,2,4,19,True,128,1,105,361,3.61,0
246,31,1,3,4,0,False,97,7,137,1929,19.29,0
247,31,1,3,4,11,True,97,7,112,1904,19.04,0
248,31,1,2,4,17,False,215,2,94,606,6.06,0
249,31,1,2,4,17,True,215,2,74,586,5.86,0
250,31,1,2,4,15,False,117,2,243,755,7.55,0
251,31,1,2,4,21,True,117,2,222,734,7.34,0
252,31,1,2,4,19,False,167,3,121,889,8.89,0
253,31,1,2,4,33,True,167,3,103,871,8.71,0
254,31,1,2,4,17,False,20,4,118,1142,11.42,0
255,31,1,2,4,18,False,22,4,125,1149,11.49,0
256,31,1,2,4,24,True,21,4,105,1129,11.29,0
257,31,1,2,4,26,True,20,4,97,1121,11.21,0
258,31,1,0,4,29,False,24,9,85,2389,23.89,0
259,31,1,0,4,23,True,24,9,67,2371,23.71,0
260,31,1,2,4,24,False,57,5,229,1509,15.09,0
261,31,1,2,4,15,True,57,5,208,1488,14.88,0
262,31,1,2,4,17,True,57,4,176,1200,12.0,0
263,31,1,2,4,13,False,25,2,109,621,6.21,0
264,31,1,2,4,14,False,23,4,68,1092,10.92,0
265,31,1,2,4,12,True,23,4,46,1070,10.7,0
266,31,1,2,4,21,False,90,5,55,1335,13.35,0
267,31,1,2,4,25,True,213,5,38,1318,13.18,0
268,31,1,2,4,16,False,201,4,169,1193,11.93,0
269,31,1,2,4,4,True,201,4,151,1175,11.75,0
270,31,1,2,4,10,False,239,1,186,442,4.42,0
271,31,1,2,4,5,True,239,1,166,422,4.22,0
272,31,1,2,4,9,False,86,3,122,890,8.9,0
273,31,1,2,4,8,True,85,3,101,869,8.69,0
274,31,1,0,4,24,False,4,6,65,1601,16.01,0
275,31,1,0,4,4,True,4,6,50,1586,15.86,0
276,31,1,2,4,26,False,218,3,254,1022,10.22,0
277,31,1,2,4,21,True,218,3,235,1003,10.03,0
278,31,1,2,4,15,False,39,3,192,960,9.6,0
279,31,1,2,4,30,True,39,3,171,939,9.39,0
280,31,1,2,4,5,False,244,2,64,576,5.76,0
281,31,1,2,4,31,True,244,2,45,557,5.57,0
282,31,1,2,4,15,False,118,2,126,638,6.38,0
283,31,1,2,4,28,True,118,2,106,618,6.18,0
284,31,1,2,4,15,False,219,1,251,507,5.07,0
285,31,1,2,4,26,True,219,1,232,488,4.88,0
286,31,1,2,4,19,False,181,1,153,409,4.09,0
287,31,1,2,4,28,True,180,1,135,391,3.91,0
288,31,1,3,4,15,False,208,6,82,1618,16.18,0
289,31,1,3,4,17,True,208,6,62,1598,15.98,0
290,31,1,2,4,29,False,237,5,11,1291,12.91,0
291,31,1,2,4,20,True,237,4,247,1271,12.71,0
292,31,1,2,4,0,False,135,6,109,1645,16.45,0
293,31,1,2,4,4,True,135,6,90,1626,16.26,0
294,31,1,2,4,0,False,154,5,92,1372,13.72,0
295,31,1,2,4,20,True,154,5,72,1352,13.52,0
296,31,1,2,4,15,False,3,2,61,573,5.73,0
297,31,1,2,4,19,True,3,2,39,551,5.51,0
298,31,1,2,4,33,False,62,3,178,946,9.46,0
299,31,1,2,4,32,True,62,3,156,924,9.24,0
300,31,1,2,4,14,False,54,2,67,579,5.79,0
301,31,1,2,4,15,True,54,2,44,556,5.56,0
302,31,1,3,4,14,True,174,7,29,1821,18.21,0
303,31,1,3,4,0,False,174,8,77,2125,21.25,0
304,31,1,2,4,32,False,27,4,73,1097,10.97,0
305,31,1,3,4,15,True,175,8,42,2090,20.9,0
306,31,1,2,4,30,True,27,4,53,1077,10.77,0
307,31,1,3,4,16,True,175,6,44,1580,15.8,0
308,31,1,2,4,16,False,237,2,71,583,5.83,0
309,31,1,2,4,13,True,237,2,52,564,5.64,0
310,31,1,3,4,2,False,226,4,2,1026,10.26,0
311,31,1,3,4,8,True,226,3,239,1007,10.07,0
312,31,1,2,4,31,False,74,1,200,456,4.56,0
313,31,1,2,4,22,True,74,1,181,437,4.37,0
314,31,1,2,4,25,False,33,2,36,548,5.48,0
315,31,1,2,4,10,True,33,2,17,529,5.29,0
316,31,1,2,4,30,False,138,2,92,604,6.04,0
317,31,1,2,4,9,True,138,2,75,587,5.87,0
318,31,1,2,4,15,False,203,4,101,1125,11.25,0
319,31,1,2,4,10,True,203,4,80,1104,11.04,0
320,31,1,2,4,14,False,33,1,186,442,4.42,0
321,31,1,2,4,15,False,30,5,123,1403,14.03,0
322,31,1,2,4,28,True,30,5,103,1383,13.83,0
323,31,1,3,4,31,False,220,2,221,733,7.33,0
324,31,1,3,4,30,False,217,6,177,1713,17.13,0
325,31,1,3,4,15,True,217,6,154,1690,16.9,0
326,31,1,2,4,30,False,163,2,139,651,6.51,0
327,31,1,2,4,23,True,163,2,119,631,6.31,0
328,31,1,2,4,8,False,114,3,159,927,9.27,0
329,31,1,2,4,6,True,114,3,135,903,9.03,0
330,31,1,2,4,26,False,107,3,185,953,9.53,0
331,31,1,2,4,27,True,107,3,163,931,9.31,0
332,31,1,0,4,22,False,175,3,138,906,9.06,0
333,31,1,0,4,6,True,175,3,122,890,8.9,0
334,31,1,2,4,23,False,60,3,24,792,7.92,0
335,31,1,2,4,10,True,60,3,5,773,7.73,0
336,31,1,3,4,21,False,57,2,68,580,5.8,0
337,31,1,3,4,16,True,56,2,46,558,5.58,0
338,31,1,2,4,11,False,31,0,186,186,1.86,0
339,31,1,2,4,15,False,252,1,58,314,3.14,0
340,31,1,2,4,14,True,30,0,167,167,1.67,0
341,31,1,2,4,18,True,252,1,37,293,2.93,0
342,31,1,0,4,33,False,133,6,117,1653,16.53,0
343,31,1,0,4,34,True,133,6,97,1633,16.33,0
344,31,1,2,4,32,False,205,2,72,584,5.84,0
345,31,1,2,4,18,True,205,2,51,563,5.63,0
346,31,1,3,0,0,False,0,0,0,0,0.0,0
347,31,1,3,0,0,False,0,0,0,0,0.0,0
348,31,1,3,2,46,False,4,0,0,0,0.0,0
349,31,1,3,4,2,False,4,1,4,260,2.6,0
350,31,1,3,6,3,False,4,2,61,573,5.73,15677
351,31,1,0,4,26,False,103,2,13,525,5.25,0
352,31,1,0,4,25,True,103,1,250,506,5.06,0
353,31,1,0,4,25,False,222,6,10,1546,15.46,0
354,31,1,0,4,30,True,221,5,247,1527,15.27,0
355,31,1,2,4,14,False,186,1,216,472,4.72,0
356,31,1,2,4,17,True,186,1,193,449,4.49,0
357,31,1,2,4,31,False,95,3,225,993,9.93,0
358,31,1,2,4,32,False,96,2,220,732,7.32,0
359,31,1,2,4,25,True,95,3,174,942,9.42,0
360,31,1,2,4,26,True,96,3,195,963,9.63,0
361,31,1,0,4,13,False,46,9,226,2530,25.3,0
362,31,1,3,4,15,True,45,1,204,460,4.6,0
363,31,1,1,4,25,False,185,5,92,1372,13.72,0
364,31,1,1,4,15,True,185,5,74,1354,13.54,0
365,31,1,2,4,1,False,84,3,96,864,8.64,0
366,31,1,2,4,27,True,84,3,74,842,8.42,0
367,31,1,2,4,10,False,182,1,225,481,4.81,0
368,31,1,2,4,11,True,182,1,204,460,4.6,0
369,31,1,3,4,7,True,171,1,244,500,5.0,0
370,31,1,3,4,20,False,164,5,244,1524,15.24,0
371,31,1,3,4,6,True,164,5,227,1507,15.07,0
372,31,1,2,4,22,False,234,3,66,834,8.34,0
373,31,1,2,4,5,True,233,3,47,815,8.15,0
374,31,1,2,4,23,False,163,4,31,1055,10.55,0
0,32,-1,-1,-1,-1,True,-1,-1,-1,-1,-1.0,-1
1,32,1,2,4,31,True,244,4,11,1035,10.35,0
2,32,1,2,4,20,False,21,2,70,582,5.82,0
3,32,1,2,4,27,True,21,2,48,560,5.6,0
4,32,1,2,4,18,False,103,3,249,1017,10.17,0
5,32,1,2,4,14,True,103,3,230,998,9.98,0
6,32,1,2,4,4,False,133,3,56,824,8.24,0
7,32,1,2,4,19,True,133,3,38,806,8.06,0
8,32,1,2,4,29,False,2,3,208,976,9.76,0
9,32,1,2,4,27,True,2,3,187,955,9.55,0
10,32,1,2,4,31,False,102,2,101,613,6.13,0
11,32,1,2,4,21,True,101,2,82,594,5.94,0
12,32,1,2,4,33,False,60,3,81,849,8.49,0
13,32,1,2,4,20,True,60,3,60,828,8.28,0
14,32,1,2,4,14,False,47,2,72,584,5.84,0
15,32,1,2,4,18,True,47,2,50,562,5.62,0
16,32,1,0,4,20,False,224,1,217,473,4.73,0
17,32,1,0,4,34,True,224,1,198,454,4.54,0
18,32,1,0,4,15,False,149,1,213,469,4.69,0
19,32,1,0,4,23,True,149,1,193,449,4.49,0
20,32,1,2,4,25,False,149,2,30,542,5.42,0
21,32,1,2,4,19,True,148,2,10,522,5.22,0
22,32,1,2,4,27,False,162,2,95,607,6.07,0
23,32,1,2,4,5,True,162,2,77,589,5.89,0
24,32,1,2,4,18,False,93,2,208,720,7.2,0
25,32,1,2,4,19,False,93,5,158,1438,14.38,0
26,32,1,2,4,13,True,93,5,139,1419,14.19,0
27,32,1,2,4,0,False,132,8,188,2236,22.36,0
28,32,1,2,4,10,True,132,8,168,2216,22.16,0
29,32,1,2,4,28,False,149,2,247,759,7.59,0
30,32,1,2,4,21,True,149,2,229,741,7.41,0
31,32,1,2,4,15,False,21,2,210,722,7.22,0
32,32,1,2,4,21,True,21,2,189,701,7.01,0
33,32,1,2,4,5,False,113,2,164,676,6.76,0
34,32,1,2,4,5,True,113,2,149,661,6.61,0
35,32,1,2,4,28,False,218,3,5,773,7.73,0
36,32,1,2,4,8,True,218,2,245,757,7.57,0
37,32,1,2,4,24,False,210,1,43,299,2.99,0
38,32,1,2,4,23,False,204,5,53,1333,13.33,0
39,32,1,2,4,12,True,204,5,34,1314,13.14,0
40,32,1,0,4,22,False,143,3,152,920,9.2,0
41,32,1,0,4,24,False,143,5,168,1448,14.48,0
42,32,1,0,4,17,True,143,3,134,902,9.02,0
43,32,1,0,4,18,True,142,5,154,1434,14.34,0
44,32,1,0,4,33,False,103,6,37,1573,15.73,0
45,32,1,0,4,27,True,103,6,18,1554,15.54,0
46,32,1,2,4,29,False,20,2,24,536,5.36,0
47,32,1,2,4,16,True,20,2,6,518,5.18,0
48,32,1,1,4,22,False,201,3,17,785,7.85,0
49,32,1,1,4,3,True,201,2,253,765,7.65,0
50,32,1,2,4,6,False,14,3,12,780,7.8,0
51,32,1,2,4,22,True,14,2,249,761,7.61,0
52,32,1,2,4,26,False,73,3,163,931,9.31,0
53,32,1,2,4,27,False,74,3,38,806,8.06,0
54,32,1,2,4,17,True,73,3,143,911,9.11,0
55,32,1,1,4,26,False,18,4,205,1229,12.29,0
56,32,1,1,4,3,True,18,4,187,1211,12.11,0
57,32,1,0,4,15,False,174,4,241,1265,12.65,0
58,32,1,0,4,17,True,177,4,82,1106,11.06,0
59,32,1,0,4,18,True,174,4,221,1245,12.45,0
60,32,1,2,4,17,False,56,3,18,786,7.86,0
61,32,1,2,4,32,True,56,2,253,765,7.65,0
62,32,1,0,4,19,False,179,3,28,796,7.96,0
63,32,1,0,4,33,True,179,3,13,781,7.81,0
64,32,1,2,4,4,False,180,2,154,666,6.66,0
65,32,1,2,4,5,False,180,2,207,719,7.19,0
66,32,1,2,4,26,True,180,2,191,703,7.03,0
67,32,1,2,4,25,False,106,2,233,745,7.45,0
68,32,1,2,4,32,True,106,2,214,726,7.26,0
69,32,1,2,4,27,False,40,5,51,1331,13.31,0
70,32,1,2,4,20,True,40,5,32,1312,13.12,0
71,32,1,2,4,11,False,16,2,55,567,5.67,0
72,32,1,2,4,12,True,16,2,34,546,5.46,0
73,32,1,2,4,20,False,146,2,46,558,5.58,0
74,32,1,2,4,28,True,146,2,25,537,5.37,0
75,32,1,2,4,7,False,15,3,171,939,9.39,0
76,32,1,2,4,11,True,15,3,151,919,9.19,0
77,32,1,2,4,28,False,170,3,48,816,8.16,0
78,32,1,2,4,33,False,170,3,46,814,8.14,0
79,32,1,2,4,4,True,170,3,26,794,7.94,0
80,32,1,2,4,9,True,170,3,32,800,8.0,0
81,32,1,2,4,21,False,127,5,93,1373,13.73,0
82,32,1,2,4,18,True,127,5,74,1354,13.54,0
83,32,1,3,4,0,False,62,4,251,1275,12.75,0
84,32,1,3,4,22,True,62,4,227,1251,12.51,0
85,32,1,2,4,20,False,231,3,113,881,8.81,0
86,32,1,2,4,14,True,231,3,92,860,8.6,0
87,32,1,2,4,15,False,214,2,24,536,5.36,0
88,32,1,2,4,12,True,214,2,3,515,5.15,0
89,32,1,2,4,25,False,151,4,114,1138,11.38,0
90,32,1,2,4,26,False,151,4,219,1243,12.43,0
91,32,1,2,4,27,True,151,4,197,1221,12.21,0
92,32,1,2,4,20,False,195,3,80,848,8.48,0
93,32,1,2,4,19,True,195,3,58,826,8.26,0
94,32,1,1,4,13,False,48,4,131,1155,11.55,0
95,32,1,1,4,18,True,48,4,114,1138,11.38,0
96,32,1,2,4,1,False,219,4,156,1180,11.8,0
97,32,1,2,4,8,True,219,4,134,1158,11.58,0
98,32,1,2,4,25,False,65,2,104,616,6.16,0
99,32,1,2,4,12,True,65,2,85,597,5.97,0
100,32,1,2,4,33,False,90,3,170,938,9.38,0
101,32,1,2,4,13,True,90,3,149,917,9.17,0
102,32,1,2,4,16,False,190,1,87,343,3.43,0
103,32,1,2,4,17,False,190,2,178,690,6.9,0
104,32,1,2,4,15,True,190,2,156,668,6.68,0
105,32,1,2,4,22,False,198,2,142,654,6.54,0
106,32,1,2,4,32,True,198,2,122,634,6.34,0
107,32,1,2,4,33,False,4,3,196,964,9.64,0
108,32,1,2,4,29,True,4,3,174,942,9.42,0
109,32,1,2,4,14,False,5,4,168,1192,11.92,0
110,32,1,2,4,15,False,5,5,247,1527,15.27,0
111,32,1,2,4,16,True,5,5,224,1504,15.04,0
112,32,1,2,4,17,True,5,4,145,1169,11.69,0
113,32,1,2,4,7,False,122,4,54,1078,10.78,0
114,32,1,2,4,13,True,122,4,34,1058,10.58,0
115,32,1,2,4,15,False,115,2,148,660,6.6,0
116,32,1,2,4,16,False,188,2,128,640,6.4,0
117,32,1,2,4,28,True,115,2,128,640,6.4,0
118,32,1,2,4,30,True,188,2,110,622,6.22,0
119,32,1,3,4,8,False,255,4,242,1266,12.66,0
120,32,1,3,4,8,True,255,4,226,1250,12.5,0
121,32,1,2,4,31,False,254,1,172,428,4.28,0
122,32,1,2,4,26,True,254,1,152,408,4.08,0
123,32,1,3,4,1,False,83,3,48,816,8.16,0
124,32,1,3,4,19,True,83,3,24,792,7.92,0
125,32,1,0,4,32,False,248,4,92,1116,11.16,0
126,32,1,0,4,20,True,248,4,75,1099,10.99,0
127,32,1,1,4,31,False,246,5,141,1421,14.21,0
128,32,1,1,4,14,True,246,5,123,1403,14.03,0
129,32,1,2,4,17,False,128,1,209,465,4.65,0
130,32,1,2,4,19,True,128,1,187,443,4.43,0
131,32,1,2,4,26,False,165,4,234,1258,12.58,0
132,32,1,2,4,27,False,166,3,165,933,9.33,0
133,32,1,2,4,16,True,165,4,213,1237,12.37,0
134,32,1,2,4,2,False,48,4,225,1249,12.49,0
135,32,1,2,4,31,True,48,4,203,1227,12.27,0
136,32,1,2,4,24,False,175,3,31,799,7.99,0
137,32,1,2,4,25,False,172,2,158,670,6.7,0
138,32,1,2,4,4,True,172,3,37,805,8.05,0
139,32,1,2,4,29,False,176,3,45,813,8.13,0
140,32,1,2,4,29,True,176,3,27,795,7.95,0
141,32,1,2,4,1,False,240,3,17,785,7.85,0
142,32,1,2,4,16,True,240,2,250,762,7.62,0
143,32,1,3,4,22,False,202,3,169,937,9.37,0
144,32,1,3,4,21,False,202,5,93,1373,13.73,0
145,32,1,3,4,4,True,202,3,150,918,9.18,0
146,32,1,3,4,5,True,202,5,71,1351,13.51,0
147,32,1,0,4,21,False,187,4,48,1072,10.72,0
148,32,1,0,4,22,False,188,3,90,858,8.58,0
149,32,1,0,4,19,True,187,4,30,1054,10.54,0
150,32,1,2,4,5,False,82,2,239,751,7.51,0
151,32,1,2,4,31,True,82,2,221,733,7.33,0
152,32,1,2,4,1,False,54,3,133,901,9.01,0
153,32,1,2,4,20,True,54,3,110,878,8.78,0
154,32,1,2,4,1,False,177,4,214,1238,12.38,0
155,32,1,2,4,14,True,177,4,191,1215,12.15,0
156,32,1,3,4,4,False,77,3,110,878,8.78,0
157,32,1,3,4,10,True,77,3,85,853,8.53,0
158,32,1,2,4,24,False,184,3,252,1020,10.2,0
159,32,1,2,4,28,True,184,3,232,1000,10.0,0
160,32,1,2,4,14,False,50,2,207,719,7.19,0
161,32,1,2,4,22,True,50,2,185,697,6.97,0
162,32,1,2,4,2,False,41,3,144,912,9.12,0
163,32,1,2,4,28,True,41,3,123,891,8.91,0
164,32,1,1,4,23,False,18,3,61,829,8.29,0
165,32,1,1,4,9,True,20,2,182,694,6.94,0
166,32,1,1,4,10,True,18,3,46,814,8.14,0
167,32,1,2,4,17,False,193,5,13,1293,12.93,0
168,32,1,2,4,30,True,193,4,247,1271,12.71,0
169,32,1,2,4,27,False,229,2,169,681,6.81,0
170,32,1,2,4,28,False,232,1,234,490,4.9,0
171,32,1,2,4,27,True,229,2,150,662,6.62,0
172,32,1,2,4,28,True,232,1,218,474,4.74,0
173,32,1,2,4,4,False,216,4,63,1087,10.87,0
174,32,1,2,4,15,True,216,4,45,1069,10.69,0
175,32,1,2,4,10,False,135,1,118,374,3.74,0
176,32,1,2,4,8,True,135,1,99,355,3.55,0
177,32,1,2,4,5,False,249,1,230,486,4.86,0
178,32,1,2,4,32,True,249,1,213,469,4.69,0
179,32,1,2,4,19,False,244,3,78,846,8.46,0
180,32,1,2,4,20,True,244,3,57,825,8.25,0
181,32,1,3,4,3,False,152,4,118,1142,11.42,0
182,32,1,3,4,16,True,152,4,96,1120,11.2,0
183,32,1,2,4,22,False,108,4,9,1033,10.33,0
184,32,1,2,4,33,True,108,3,246,1014,10.14,0
185,32,1,2,4,26,False,249,5,101,1381,13.81,0
186,32,1,2,4,31,True,249,5,81,1361,13.61,0
187,32,1,2,4,31,False,206,5,97,1377,13.77,0
188,32,1,2,4,13,True,206,5,78,1358,13.58,0
189,32,1,2,4,3,False,97,3,170,938,9.38,0
190,32,1,2,4,32,True,97,3,150,918,9.18,0
191,32,1,3,4,11,False,190,3,220,988,9.88,0
192,32,1,3,4,4,True,202,3,200,968,9.68,0
193,32,1,2,4,14,False,74,2,32,544,5.44,0
194,32,1,2,4,29,True,74,2,9,521,5.21,0
195,32,1,2,4,14,False,249,4,46,1070,10.7,0
196,32,1,2,4,31,True,249,4,23,1047,10.47,0
197,32,1,2,4,17,False,112,4,58,1082,10.82,0
198,32,1,2,4,16,True,112,4,35,1059,10.59,0
199,32,1,2,4,30,False,21,3,43,811,8.11,0
200,32,1,2,4,28,True,21,3,25,793,7.93,0
201,32,1,3,4,11,False,103,2,167,679,6.79,0
202,32,1,3,4,30,True,103,2,147,659,6.59,0
203,32,1,2,4,18,False,253,1,241,497,4.97,0
204,32,1,2,4,26,True,253,1,222,478,4.78,0
205,32,1,2,4,6,False,168,4,51,1075,10.75,0
206,32,1,2,4,20,True,168,4,32,1056,10.56,0
207,32,1,1,4,13,False,51,3,220,988,9.88,0
208,32,1,1,4,7,True,51,3,146,914,9.14,0
209,32,1,1,4,8,True,53,3,183,951,9.51,0
210,32,1,0,4,31,False,93,3,131,899,8.99,0
211,32,1,0,4,25,True,93,3,115,883,8.83,0
212,32,1,2,4,21,False,36,3,151,919,9.19,0
213,32,1,2,4,5,True,36,3,134,902,9.02,0
214,32,1,2,4,8,False,107,1,3,259,2.59,0
215,32,1,2,4,27,False,28,4,248,1272,12.72,0
216,32,1,2,4,14,True,107,0,235,235,2.35,0
217,32,1,2,4,15,True,28,4,229,1253,12.53,0
218,32,1,2,4,16,True,29,2,207,719,7.19,0
219,32,1,2,4,23,False,41,2,124,636,6.36,0
220,32,1,2,4,23,True,41,2,106,618,6.18,0
221,32,1,3,4,4,False,143,3,207,975,9.75,0
222,32,1,3,4,4,True,143,3,185,953,9.53,0
223,32,1,2,4,5,False,164,3,228,996,9.96,0
224,32,1,2,4,6,False,164,7,23,1815,18.15,0
225,32,1,2,4,16,True,164,3,208,976,9.76,0
226,32,1,2,4,17,True,164,7,3,1795,17.95,0
227,32,1,2,4,25,False,57,2,201,713,7.13,0
228,32,1,2,4,26,False,60,3,120,888,8.88,0
229,32,1,2,4,17,True,57,3,134,902,9.02,0
230,32,1,2,4,21,True,126,1,18,274,2.74,0
231,32,1,2,4,14,False,126,2,171,683,6.83,0
232,32,1,2,4,20,True,126,2,147,659,6.59,0
233,32,1,0,4,6,False,57,5,75,1355,13.55,0
234,32,1,0,4,28,True,57,5,58,1338,13.38,0
235,32,1,2,4,21,False,99,3,11,779,7.79,0
236,32,1,2,4,22,False,101,3,4,772,7.72,0
237,32,1,2,4,20,True,99,2,252,764,7.64,0
238,32,1,2,4,21,True,101,2,239,751,7.51,0
239,32,1,2,4,29,False,194,0,213,213,2.13,0
240,32,1,2,4,26,True,193,0,193,193,1.93,0
241,32,1,2,4,29,False,66,5,38,1318,13.18,0
242,32,1,2,4,21,True,66,5,19,1299,12.99,0
243,32,1,2,4,21,False,58,3,1,769,7.69,0
244,32,1,2,4,19,True,58,2,239,751,7.51,0
245,32,1,2,4,4,False,188,1,70,326,3.26,0
246,32,1,2,4,5,False,189,1,70,326,3.26,0
247,32,1,2,4,16,True,188,1,52,308,3.08,0
248,32,1,2,4,17,True,189,1,50,306,3.06,0
249,32,1,2,4,17,False,187,1,82,338,3.38,0
250,32,1,2,4,28,True,187,1,61,317,3.17,0
251,32,1,2,4,30,False,29,3,251,1019,10.19,0
252,32,1,2,4,19,True,28,3,233,1001,10.01,0
253,32,1,2,4,4,False,113,3,143,911,9.11,0
254,32,1,2,4,16,True,113,3,123,891,8.91,0
255,32,1,0,4,33,False,107,4,215,1239,12.39,0
256,32,1,0,4,20,True,107,4,197,1221,12.21,0
257,32,1,3,4,11,False,41,6,80,1616,16.16,0
258,32,1,3,4,3,True,41,6,60,1596,15.96,0
259,32,1,0,4,24,False,220,3,89,857,8.57,0
260,32,1,0,4,31,True,220,3,73,841,8.41,0
261,32,1,2,4,27,False,66,5,34,1314,13.14,0
262,32,1,2,4,31,True,66,5,15,1295,12.95,0
263,32,1,2,4,2,False,92,3,240,1008,10.08,0
264,32,1,2,4,19,True,92,3,218,986,9.86,0
265,32,1,2,4,20,False,21,3,197,965,9.65,0
266,32,1,2,4,21,True,21,3,175,943,9.43,0
267,32,1,2,4,0,False,250,3,155,923,9.23,0
268,32,1,2,4,13,True,250,3,135,903,9.03,0
269,32,1,1,4,31,False,223,2,242,754,7.54,0
270,32,1,1,4,32,False,218,2,154,666,6.66,0
271,32,1,1,4,11,True,218,3,11,779,7.79,0
272,32,1,0,4,33,False,183,1,141,397,3.97,0
273,32,1,0,4,32,False,183,3,6,774,7.74,0
274,32,1,0,4,18,True,183,1,124,380,3.8,0
275,32,1,0,4,19,True,183,2,245,757,7.57,0
276,32,1,2,4,29,False,66,3,107,875,8.75,0
277,32,1,2,4,19,True,66,3,88,856,8.56,0
278,32,1,2,4,21,False,90,3,207,975,9.75,0
279,32,1,2,4,25,True,89,3,190,958,9.58,0
280,32,1,2,4,14,False,128,3,176,944,9.44,0
281,32,1,2,4,28,True,128,3,154,922,9.22,0
282,32,1,0,4,2,False,135,2,79,591,5.91,0
283,32,1,0,4,19,True,135,2,61,573,5.73,0
284,32,1,2,4,26,False,35,4,22,1046,10.46,0
285,32,1,2,4,24,True,35,4,1,1025,10.25,0
286,32,1,0,4,31,False,60,3,106,874,8.74,0
287,32,1,0,4,32,False,60,3,235,1003,10.03,0
288,32,1,0,4,30,True,60,3,217,985,9.85,0
289,32,1,0,4,20,False,136,3,71,839,8.39,0
290,32,1,0,4,28,True,136,3,52,820,8.2,0
291,32,1,2,4,2,False,61,1,48,304,3.04,0
292,32,1,2,4,26,True,61,1,27,283,2.83,0
293,32,1,1,4,13,False,97,5,52,1332,13.32,0
294,32,1,1,4,9,True,97,5,33,1313,13.13,0
295,32,1,2,4,5,False,174,2,183,695,6.95,0
296,32,1,2,4,28,True,174,2,165,677,6.77,0
297,32,1,2,4,20,False,146,1,185,441,4.41,0
298,32,1,2,4,33,True,146,1,164,420,4.2,0
299,32,1,2,4,21,False,6,4,98,1122,11.22,0
300,32,1,2,4,21,True,6,3,80,848,8.48,0
301,32,1,2,4,22,True,6,4,80,1104,11.04,0
302,32,1,2,6,6,False,4,0,4,4,0.04,20232
303,32,1,2,1,60,False,0,0,0,0,0.0,0
304,32,1,2,4,19,False,51,2,95,607,6.07,0
305,32,1,2,4,14,True,79,1,36,292,2.92,0
306,32,1,2,4,29,True,51,2,76,588,5.88,0
307,32,1,1,4,29,False,128,0,136,136,1.36,0
308,32,1,1,4,16,True,128,0,118,118,1.18,0
309,32,1,2,4,14,False,235,1,136,392,3.92,0
310,32,1,2,4,15,True,235,1,113,369,3.69,0
311,32,1,2,4,19,False,238,2,38,550,5.5,0
312,32,1,2,4,26,True,238,2,19,531,5.31,0
313,32,1,2,4,15,False,105,1,251,507,5.07,0
314,32,1,2,4,17,True,105,1,230,486,4.86,0
315,32,1,2,4,25,False,24,2,111,623,6.23,0
316,32,1,2,4,27,True,24,2,89,601,6.01,0
317,32,1,2,4,1,False,48,2,208,720,7.2,0
318,32,1,2,4,23,True,48,2,184,696,6.96,0
319,32,1,1,4,29,False,104,2,159,671,6.71,0
320,32,1,1,4,5,True,104,2,142,654,6.54,0
321,32,1,2,4,14,False,234,1,192,448,4.48,0
322,32,1,2,4,32,True,233,1,171,427,4.27,0
323,32,1,2,4,27,False,188,4,52,1076,10.76,0
324,32,1,2,4,30,True,188,4,33,1057,10.57,0
325,32,1,3,4,32,False,22,3,221,989,9.89,0
326,32,1,3,4,22,True,22,3,199,967,9.67,0
327,32,1,3,4,3,False,70,2,213,725,7.25,0
328,32,1,3,4,12,True,70,2,191,703,7.03,0
329,32,1,2,4,21,False,208,4,89,1113,11.13,0
330,32,1,2,4,23,True,208,4,70,1094,10.94,0
331,32,1,2,4,25,False,98,1,194,450,4.5,0
332,32,1,2,4,27,True,98,1,172,428,4.28,0
333,32,1,2,4,31,False,98,3,246,1014,10.14,0
334,32,1,2,4,25,True,98,3,227,995,9.95,0
335,32,1,2,4,25,False,144,2,96,608,6.08,0
336,32,1,2,4,26,False,144,3,5,773,7.73,0
337,32,1,2,4,5,True,144,2,244,756,7.56,0
338,32,1,2,4,21,False,24,2,9,521,5.21,0
339,32,1,2,4,25,True,24,1,248,504,5.04,0
340,32,1,0,4,32,False,149,4,81,1105,11.05,0
341,32,1,0,4,21,True,149,4,63,1087,10.87,0
342,32,1,2,4,25,False,157,5,224,1504,15.04,0
343,32,1,2,4,15,True,157,5,203,1483,14.83,0
344,32,1,2,4,19,False,18,2,198,710,7.1,0
345,32,1,2,4,10,True,18,2,180,692,6.92,0
346,32,1,1,4,17,False,140,3,204,972,9.72,0
347,32,1,1,4,27,True,140,3,188,956,9.56,0
348,32,1,2,4,12,False,111,2,238,750,7.5,0
349,32,1,2,4,6,True,111,2,218,730,7.3,0
350,32,1,2,4,21,False,37,2,87,599,5.99,0
351,32,1,2,4,22,False,36,2,81,593,5.93,0
352,32,1,2,4,28,True,36,2,75,587,5.87,0
353,32,1,2,4,21,False,136,4,46,1070,10.7,0
354,32,1,2,4,20,True,136,4,27,1051,10.51,0
355,32,1,2,4,23,False,226,3,68,836,8.36,0
356,32,1,2,4,18,True,226,3,49,817,8.17,0
357,32,1,2,4,22,False,36,5,143,1423,14.23,0
358,32,1,2,4,30,True,36,5,123,1403,14.03,0
359,32,1,2,4,31,False,41,1,29,285,2.85,0
360,32,1,2,4,32,True,41,1,9,265,2.65,0
361,32,1,2,4,1,False,152,2,97,609,6.09,0
362,32,1,2,4,3,False,150,2,181,693,6.93,0
363,32,1,2,4,30,True,150,2,160,672,6.72,0
364,32,1,2,4,31,True,152,2,74,586,5.86,0
365,32,1,0,4,27,False,232,4,190,1214,12.14,0
366,32,1,0,4,33,True,231,4,173,1197,11.97,0
367,32,1,2,4,14,False,4,3,39,807,8.07,0
368,32,1,2,4,21,True,4,3,16,784,7.84,0
369,32,1,2,4,23,False,205,2,148,660,6.6,0
370,32,1,2,4,17,True,205,2,130,642,6.42,0
371,32,1,2,4,23,False,2,3,121,889,8.89,0
372,32,1,2,4,23,True,2,3,102,870,8.7,0
373,32,-1,-1,-1,-1,True,-1,-1,-1,-1,-1.0,-1
0,33,-1,-1,-1,-1,True,-1,-1,-1,-1,-1.0,-1
1,33,-1,-1,-1,-1,True,-1,-1,-1,-1,-1.0,-1
2,33,-1,-1,-1,-1,True,-1,-1,-1,-1,-1.0,-1
3,33,-1,-1,-1,-1,True,-1,-1,-1,-1,-1.0,-1
4,33,1,2,4,28,True,224,2,223,735,7.35,0
5,33,1,2,4,11,False,95,2,141,653,6.53,0
6,33,1,2,4,6,True,95,2,120,632,6.32,0
7,33,1,2,4,20,False,36,4,111,1135,11.35,0
8,33,1,2,4,30,True,36,4,90,1114,11.14,0
9,33,1,2,4,0,False,165,3,104,872,8.72,0
10,33,1,2,4,19,True,165,3,83,851,8.51,0
11,33,1,2,4,29,False,226,2,73,585,5.85,0
12,33,1,2,4,30,True,226,2,54,566,5.66,0
13,33,1,0,4,31,False,150,6,139,1675,16.75,0
14,33,1,0,4,31,True,150,6,124,1660,16.6,0
15,33,1,2,4,3,False,135,1,181,437,4.37,0
16,33,1,2,4,30,True,135,1,160,416,4.16,0
17,33,1,2,4,21,False,198,1,78,334,3.34,0
18,33,1,2,4,14,True,198,1,61,317,3.17,0
19,33,1,2,4,23,False,70,3,75,843,8.43,0
20,33,1,2,4,12,True,70,3,55,823,8.23,0
21,33,1,2,4,16,False,134,6,74,1610,16.1,0
22,33,1,2,4,27,True,134,6,55,1591,15.91,0
23,33,1,2,4,5,False,134,3,128,896,8.96,0
24,33,1,2,4,25,True,134,3,110,878,8.78,0
25,33,1,1,4,31,True,24,3,35,803,8.03,0
26,33,1,1,4,33,False,23,5,0,1280,12.8,0
27,33,1,1,4,30,True,23,4,239,1263,12.63,0
28,33,1,2,4,25,False,237,2,110,622,6.22,0
29,33,1,2,4,16,True,239,2,12,524,5.24,0
30,33,1,2,4,17,True,236,2,90,602,6.02,0
31,33,1,2,4,3,False,12,4,93,1117,11.17,0
32,33,1,2,4,29,True,12,4,72,1096,10.96,0
33,33,1,2,4,4,False,25,2,248,760,7.6,0
34,33,1,2,4,22,True,25,2,231,743,7.43,0
35,33,1,2,4,33,False,93,5,92,1372,13.72,0
36,33,1,2,4,26,True,93,5,71,1351,13.51,0
37,33,1,2,4,15,False,84,3,193,961,9.61,0
38,33,1,2,4,32,True,83,3,173,941,9.41,0
39,33,1,2,4,33,False,215,4,190,1214,12.14,0
40,33,1,2,4,19,True,215,4,169,1193,11.93,0
41,33,1,2,4,14,False,111,1,125,381,3.81,0
42,33,1,2,4,15,False,111,1,55,311,3.11,0
43,33,1,2,4,16,False,110,1,138,394,3.94,0
44,33,1,2,4,17,True,110,1,119,375,3.75,0
45,33,1,2,4,18,True,111,1,34,290,2.9,0
46,33,1,2,4,19,True,111,1,102,358,3.58,0
47,33,1,2,4,23,False,105,2,77,589,5.89,0
48,33,1,2,4,23,True,105,2,59,571,5.71,0
49,33,1,2,4,14,False,157,2,215,727,7.27,0
50,33,1,2,4,17,False,158,3,25,793,7.93,0
51,33,1,2,4,30,True,158,3,4,772,7.72,0
52,33,1,2,4,32,True,157,2,194,706,7.06,0
53,33,1,2,4,22,False,186,2,18,530,5.3,0
54,33,1,2,4,19,True,186,1,253,509,5.09,0
55,33,1,2,4,19,False,69,2,142,654,6.54,0
56,33,1,2,4,11,True,69,2,124,636,6.36,0
57,33,1,3,4,29,False,247,5,124,1404,14.04,0
58,33,1,3,4,9,True,247,5,104,1384,13.84,0
59,33,1,2,4,24,False,206,4,210,1234,12.34,0
60,33,1,2,4,25,True,206,4,189,1213,12.13,0
61,33,1,1,4,31,False,97,5,46,1326,13.26,0
62,33,1,1,4,17,True,97,5,27,1307,13.07,0
63,33,1,2,4,14,False,252,2,81,593,5.93,0
64,33,1,2,4,27,True,251,2,58,570,5.7,0
65,33,1,2,4,14,False,140,4,144,1168,11.68,0
66,33,1,2,4,18,True,140,4,121,1145,11.45,0
67,33,1,2,4,1,False,174,2,145,657,6.57,0
68,33,1,2,4,25,True,174,2,123,635,6.35,0
69,33,1,2,4,14,False,195,1,68,324,3.24,0
70,33,1,2,4,15,False,188,5,174,1454,14.54,0
71,33,1,2,4,30,True,188,5,154,1434,14.34,0
72,33,1,2,4,29,False,129,2,165,677,6.77,0
73,33,1,2,4,31,False,130,2,38,550,5.5,0
74,33,1,2,4,14,True,130,2,19,531,5.31,0
75,33,1,2,4,17,True,128,2,146,658,6.58,0
76,33,1,1,4,22,False,241,1,29,285,2.85,0
77,33,1,1,4,11,True,241,1,10,266,2.66,0
78,33,1,2,4,9,False,187,0,91,91,0.91,0
79,33,1,2,4,8,True,187,0,70,70,0.7,0
80,33,1,2,4,31,False,99,2,116,628,6.28,0
81,33,1,2,4,12,True,99,2,96,608,6.08,0
82,33,1,2,4,14,False,108,3,229,997,9.97,0
83,33,1,2,4,29,True,107,3,207,975,9.75,0
84,33,1,0,4,33,False,185,2,32,544,5.44,0
85,33,1,0,4,5,True,185,2,15,527,5.27,0
86,33,1,2,4,14,False,208,3,136,904,9.04,0
87,33,1,2,4,20,True,208,3,112,880,8.8,0
88,33,1,2,4,22,False,138,3,251,1019,10.19,0
89,33,1,2,4,24,True,138,3,231,999,9.99,0
90,33,1,2,4,16,False,39,2,22,534,5.34,0
91,33,1,2,4,23,True,39,2,2,514,5.14,0
92,33,1,3,4,13,False,134,2,153,665,6.65,0
93,33,1,3,4,13,True,134,2,134,646,6.46,0
94,33,1,3,4,23,False,135,3,167,935,9.35,0
95,33,1,3,4,10,True,135,3,145,913,9.13,0
96,33,1,2,4,21,False,115,2,243,755,7.55,0
97,33,1,2,4,29,True,115,2,225,737,7.37,0
98,33,1,2,4,19,False,231,3,54,822,8.22,0
99,33,1,2,4,23,True,231,3,34,802,8.02,0
100,33,1,2,4,16,False,90,2,193,705,7.05,0
101,33,1,2,4,18,False,93,1,166,422,4.22,0
102,33,1,2,4,30,True,89,2,175,687,6.87,0
103,33,1,2,4,33,True,93,1,147,403,4.03,0
104,33,1,0,4,31,False,246,4,55,1079,10.79,0
105,33,1,0,4,32,False,247,2,221,733,7.33,0
106,33,1,0,4,16,True,246,4,37,1061,10.61,0
107,33,1,3,4,0,False,224,8,139,2187,21.87,0
108,33,1,3,4,6,True,224,8,113,2161,21.61,0
109,33,1,2,4,27,False,220,1,229,485,4.85,0
110,33,1,2,4,8,True,220,1,212,468,4.68,0
111,33,1,2,4,2,False,126,3,167,935,9.35,0
112,33,1,2,4,8,True,126,3,146,914,9.14,0
113,33,1,0,4,27,False,172,4,138,1162,11.62,0
114,33,1,0,4,27,True,172,4,121,1145,11.45,0
115,33,1,2,4,21,False,157,4,25,1049,10.49,0
116,33,1,2,4,8,True,157,4,9,1033,10.33,0
117,33,1,2,4,3,False,89,1,203,459,4.59,0
118,33,1,2,4,18,True,89,1,181,437,4.37,0
119,33,1,2,4,23,False,216,2,251,763,7.63,0
120,33,1,2,4,3,True,216,2,233,745,7.45,0
121,33,1,2,4,30,False,25,2,44,556,5.56,0
122,33,1,2,4,24,True,25,2,26,538,5.38,0
123,33,1,2,4,17,False,140,2,196,708,7.08,0
124,33,1,2,4,21,True,140,2,27,539,5.39,0
125,33,1,2,4,23,True,140,2,167,679,6.79,0
126,33,1,0,4,26,False,153,5,231,1511,15.11,0
127,33,1,0,4,7,True,152,5,214,1494,14.94,0
128,33,1,0,4,29,False,222,1,87,343,3.43,0
129,33,1,0,4,34,True,221,1,69,325,3.25,0
130,33,1,3,4,3,False,160,1,235,491,4.91,0
131,33,1,3,4,4,False,153,3,207,975,9.75,0
132,33,1,3,4,18,True,153,3,182,950,9.5,0
133,33,1,2,4,6,False,15,4,115,1139,11.39,0
134,33,1,2,4,33,True,15,4,96,1120,11.2,0
135,33,1,3,4,25,False,109,5,124,1404,14.04,0
136,33,1,3,4,26,False,110,5,191,1471,14.71,0
137,33,1,3,4,22,True,109,5,171,1451,14.51,0
138,33,1,0,4,24,False,154,1,200,456,4.56,0
139,33,1,0,4,23,False,151,4,64,1088,10.88,0
140,33,1,0,4,17,True,150,4,48,1072,10.72,0
141,33,1,3,4,30,False,178,3,113,881,8.81,0
142,33,1,3,4,10,True,178,3,92,860,8.6,0
143,33,1,2,4,18,False,245,3,101,869,8.69,0
144,33,1,2,4,15,True,245,3,81,849,8.49,0
145,33,1,1,4,23,False,142,1,154,410,4.1,0
146,33,1,1,4,16,True,142,1,138,394,3.94,0
147,33,1,2,4,20,False,55,2,161,673,6.73,0
148,33,1,2,4,24,True,55,2,139,651,6.51,0
149,33,1,2,4,25,False,53,1,247,503,5.03,0
150,33,1,2,4,31,True,53,1,227,483,4.83,0
151,33,1,3,4,10,False,124,3,224,992,9.92,0
152,33,1,3,4,12,True,124,3,205,973,9.73,0
153,33,1,2,4,8,False,236,3,232,1000,10.0,0
154,33,1,2,4,14,True,236,3,209,977,9.77,0
155,33,1,2,4,24,False,44,4,24,1048,10.48,0
156,33,1,2,4,25,True,44,4,5,1029,10.29,0
157,33,1,2,4,20,False,102,4,151,1175,11.75,0
158,33,1,2,4,10,True,102,4,130,1154,11.54,0
159,33,1,2,4,25,False,235,3,200,968,9.68,0
160,33,1,2,4,24,True,235,3,179,947,9.47,0
161,33,1,2,4,14,False,199,1,203,459,4.59,0
162,33,1,2,4,20,True,199,1,180,436,4.36,0
163,33,1,2,4,24,False,189,3,26,794,7.94,0
164,33,1,2,4,15,True,189,3,6,774,7.74,0
165,33,1,2,4,30,False,121,3,153,921,9.21,0
166,33,1,2,4,24,True,120,3,135,903,9.03,0
167,33,1,2,4,27,False,68,5,30,1310,13.1,0
168,33,1,2,4,9,True,68,5,12,1292,12.92,0
169,33,1,2,4,26,False,153,3,248,1016,10.16,0
170,33,1,2,4,16,True,153,3,227,995,9.95,0
171,33,1,2,4,3,False,54,2,60,572,5.72,0
172,33,1,2,4,5,True,54,2,39,551,5.51,0
173,33,1,2,4,27,False,112,3,147,915,9.15,0
174,33,1,2,4,14,True,112,3,129,897,8.97,0
175,33,1,2,4,4,False,14,2,3,515,5.15,0
176,33,1,2,4,21,True,14,1,241,497,4.97,0
177,33,1,2,4,15,False,209,1,83,339,3.39,0
178,33,1,2,4,23,True,209,1,60,316,3.16,0
179,33,1,3,4,9,False,252,2,167,679,6.79,0
180,33,1,3,4,16,True,252,2,147,659,6.59,0
181,33,1,2,4,24,False,235,2,108,620,6.2,0
182,33,1,2,4,25,True,235,2,88,600,6.0,0
183,33,1,2,4,1,False,61,3,61,829,8.29,0
184,33,1,2,4,15,False,86,2,21,533,5.33,0
185,33,1,2,4,16,False,85,3,20,788,7.88,0
186,33,1,2,4,8,True,85,2,1,513,5.13,0
187,33,1,2,4,9,True,68,3,3,771,7.71,0
188,33,1,2,4,32,True,61,3,40,808,8.08,0
189,33,1,2,4,3,False,194,1,233,489,4.89,0
190,33,1,2,4,18,True,194,1,211,467,4.67,0
191,33,1,2,4,31,False,151,4,74,1098,10.98,0
192,33,1,2,4,33,True,151,4,54,1078,10.78,0
193,33,1,2,4,23,False,133,3,127,895,8.95,0
194,33,1,2,4,19,True,134,3,16,784,7.84,0
195,33,1,2,4,20,True,133,3,106,874,8.74,0
196,33,1,2,4,22,False,86,3,1,769,7.69,0
197,33,1,2,4,25,True,86,2,237,749,7.49,0
198,33,1,2,4,16,False,242,4,30,1054,10.54,0
199,33,1,2,4,23,True,242,4,10,1034,10.34,0
200,33,1,2,4,17,False,118,2,241,753,7.53,0
201,33,1,2,4,24,True,118,2,219,731,7.31,0
202,33,1,0,4,27,False,172,5,76,1356,13.56,0
203,33,1,0,4,25,True,172,5,58,1338,13.38,0
204,33,1,3,4,1,False,127,3,172,940,9.4,0
205,33,1,3,4,8,True,127,3,150,918,9.18,0
206,33,1,0,4,28,False,109,4,73,1097,10.97,0
207,33,1,0,4,21,True,108,4,54,1078,10.78,0
208,33,1,0,4,22,True,109,3,90,858,8.58,0
209,33,1,2,4,14,False,151,3,40,808,8.08,0
210,33,1,2,4,22,True,151,3,18,786,7.86,0
211,33,1,2,4,30,False,63,1,207,463,4.63,0
212,33,1,2,4,4,True,63,1,189,445,4.45,0
213,33,1,2,4,17,False,207,1,170,426,4.26,0
214,33,1,2,4,17,True,207,1,150,406,4.06,0
215,33,1,1,4,26,False,193,2,205,717,7.17,0
216,33,1,1,4,4,True,192,2,188,700,7.0,0
217,33,1,3,4,30,False,101,2,255,767,7.67,0
218,33,1,3,4,8,True,101,2,237,749,7.49,0
219,33,1,2,4,6,False,175,2,125,637,6.37,0
220,33,1,2,4,25,True,174,1,255,511,5.11,0
221,33,1,2,4,27,True,176,2,88,600,6.0,0
222,33,1,0,4,33,False,86,2,155,667,6.67,0
223,33,1,0,4,34,True,86,2,136,648,6.48,0
224,33,1,2,4,6,False,225,4,178,1202,12.02,0
225,33,1,2,4,32,True,225,4,161,1185,11.85,0
226,33,1,1,4,0,True,2,12,4,3076,30.76,0
227,33,1,1,0,0,False,0,0,0,0,0.0,0
228,33,1,1,1,2,False,0,0,0,0,0.0,0
229,33,1,1,1,4,False,0,0,0,0,0.0,0
230,33,1,1,1,11,True,0,0,0,0,0.0,0
231,33,1,1,6,34,True,4,8,139,2187,21.87,37382
232,33,1,2,4,3,False,173,1,91,347,3.47,0
233,33,1,2,4,4,False,169,3,66,834,8.34,0
234,33,1,2,4,16,True,169,3,48,816,8.16,0
235,33,1,2,4,23,False,30,3,102,870,8.7,0
236,33,1,2,4,23,True,30,3,83,851,8.51,0
237,33,1,2,4,32,False,109,2,167,679,6.79,0
238,33,1,2,4,29,True,109,2,146,658,6.58,0
239,33,1,2,4,20,False,10,2,251,763,7.63,0
240,33,1,2,4,22,False,13,2,94,606,6.06,0
241,33,1,2,4,23,False,9,5,107,1387,13.87,0
242,33,1,2,4,32,True,9,5,89,1369,13.69,0
243,33,1,2,4,33,True,10,2,230,742,7.42,0
244,33,1,2,4,23,False,166,2,24,536,5.36,0
245,33,1,2,4,31,True,166,2,4,516,5.16,0
246,33,1,2,4,24,False,132,3,42,810,8.1,0
247,33,1,2,4,13,True,132,3,21,789,7.89,0
248,33,1,0,4,24,False,62,0,98,98,0.98,0
249,33,1,0,4,25,False,55,4,67,1091,10.91,0
250,33,1,0,4,20,True,55,4,47,1071,10.71,0
251,33,1,2,4,33,False,244,2,98,610,6.1,0
252,33,1,2,4,28,True,244,2,77,589,5.89,0
253,33,1,2,4,15,False,214,4,97,1121,11.21,0
254,33,1,2,4,7,True,214,4,75,1099,10.99,0
255,33,1,2,4,21,False,58,1,208,464,4.64,0
256,33,1,2,4,4,True,58,1,192,448,4.48,0
257,33,1,0,4,31,False,246,5,111,1391,13.91,0
258,33,1,0,4,3,True,184,5,96,1376,13.76,0
259,33,1,2,4,23,False,173,2,210,722,7.22,0
260,33,1,2,4,24,True,173,2,190,702,7.02,0
261,33,1,2,4,30,False,66,4,49,1073,10.73,0
262,33,1,2,4,13,True,66,4,30,1054,10.54,0
263,33,1,2,4,17,False,58,2,198,710,7.1,0
264,33,1,2,4,12,True,58,2,176,688,6.88,0
265,33,1,2,4,14,False,108,2,9,521,5.21,0
266,33,1,2,4,30,True,108,1,242,498,4.98,0
267,33,1,2,4,23,False,168,2,243,755,7.55,0
268,33,1,2,4,24,False,166,6,127,1663,16.63,0
269,33,1,2,4,19,True,166,6,107,1643,16.43,0
270,33,1,2,4,21,True,168,2,223,735,7.35,0
271,33,1,2,4,2,False,116,3,34,802,8.02,0
272,33,1,2,4,24,True,116,3,13,781,7.81,0
273,33,1,2,4,18,False,163,2,191,703,7.03,0
274,33,1,2,4,3,True,163,2,173,685,6.85,0
275,33,1,0,4,27,False,64,5,164,1444,14.44,0
276,33,1,0,4,19,True,64,5,147,1427,14.27,0
277,33,1,3,4,17,False,35,2,28,540,5.4,0
278,33,1,3,4,12,True,35,2,6,518,5.18,0
279,33,1,2,4,25,False,243,5,132,1412,14.12,0
280,33,1,2,4,16,True,243,5,110,1390,13.9,0
281,33,1,2,4,28,False,65,4,131,1155,11.55,0
282,33,1,2,4,6,True,65,4,112,1136,11.36,0
283,33,1,2,4,5,False,105,3,98,866,8.66,0
284,33,1,2,4,24,True,105,3,79,847,8.47,0
285,33,1,2,4,9,False,141,1,194,450,4.5,0
286,33,1,2,4,11,True,141,1,173,429,4.29,0
287,33,1,2,4,5,False,85,2,232,744,7.44,0
288,33,1,2,4,10,True,85,2,213,725,7.25,0
289,33,1,2,4,32,False,164,4,198,1222,12.22,0
290,33,1,2,4,33,True,164,4,178,1202,12.02,0
291,33,1,2,4,22,False,165,4,40,1064,10.64,0
292,33,1,2,4,21,True,165,4,19,1043,10.43,0
293,33,1,2,4,16,False,203,2,158,670,6.7,0
294,33,1,2,4,31,True,203,2,139,651,6.51,0
295,33,1,1,4,18,False,139,4,84,1108,11.08,0
296,33,1,1,4,6,True,139,4,68,1092,10.92,0
297,33,1,3,4,0,False,33,5,231,1511,15.11,0
298,33,1,3,4,3,True,33,5,207,1487,14.87,0
299,33,1,2,4,15,True,150,3,5,773,7.73,0
300,33,1,2,4,1,False,149,5,173,1453,14.53,0
301,33,1,2,4,14,True,149,5,150,1430,14.3,0
302,33,1,2,4,19,False,192,3,235,1003,10.03,0
303,33,1,2,4,19,True,192,3,219,987,9.87,0
304,33,1,0,4,20,False,210,2,229,741,7.41,0
305,33,1,0,4,7,True,210,2,212,724,7.24,0
306,33,1,2,4,26,False,110,1,162,418,4.18,0
307,33,1,2,4,33,True,110,1,142,398,3.98,0
308,33,1,2,4,5,False,66,3,122,890,8.9,0
309,33,1,2,4,21,True,66,3,104,872,8.72,0
310,33,1,2,4,32,False,23,3,160,928,9.28,0
311,33,1,2,4,18,True,23,3,141,909,9.09,0
312,33,1,2,2,23,False,3,0,0,0,0.0,0
313,33,1,2,5,4,False,8,1,3,259,2.59,205
314,33,1,2,4,9,True,114,2,84,596,5.96,0
315,33,1,2,4,10,True,113,3,182,950,9.5,0
316,33,1,2,4,22,False,111,0,246,246,2.46,0
317,33,1,2,4,11,True,111,0,225,225,2.25,0
318,33,1,2,4,5,False,8,2,137,649,6.49,0
319,33,1,2,4,21,True,7,2,120,632,6.32,0
320,33,1,2,5,7,False,2,8,4,2052,20.52,26
321,33,1,2,5,5,False,115,4,151,1175,11.75,197
322,33,1,2,5,29,False,61,13,61,3389,33.89,61
323,33,1,0,4,21,False,240,4,19,1043,10.43,0
324,33,1,0,4,18,True,240,4,9,1033,10.33,0
325,33,1,0,4,6,True,81,2,88,600,6.0,0
326,33,1,0,4,22,False,79,4,243,1267,12.67,0
327,33,1,0,4,5,True,79,4,224,1248,12.48,0
328,33,1,0,4,30,False,14,12,7,3079,30.79,0
329,33,1,20,1,3,False,0,0,0,0,0.0,0
330,33,1,6,7,17,False,184,12,61,3133,31.33,4013373
331,33,1,0,4,30,False,38,3,86,854,8.54,0
332,33,1,0,4,6,True,38,3,69,837,8.37,0
333,33,1,3,4,26,False,193,2,20,532,5.32,0
334,33,1,3,7,17,False,0,14,249,3833,38.33,1905692
335,33,1,29,0,0,False,0,0,0,0,0.0,0
336,33,1,0,3,12,True,27,14,0,3584,35.84,0
337,33,1,0,4,31,True,20,3,14,782,7.82,0
338,33,1,0,1,40,True,0,0,0,0,0.0,0
339,33,1,3,4,3,True,227,12,132,3204,32.04,0
340,33,1,2,4,4,True,232,3,188,956,9.56,0
341,33,1,23,6,61,False,61,13,61,3389,33.89,15677
342,33,1,3,4,25,False,251,4,28,1052,10.52,0
343,33,1,3,4,20,False,27,10,2,2562,25.62,0
344,33,1,6,1,4,True,0,0,0,0,0.0,0
345,33,1,31,3,4,False,9,12,0,3072,30.72,0
346,33,1,2,4,0,False,181,2,177,689,6.89,0
347,33,1,16,5,60,True,3,1,61,317,3.17,61
348,33,1,1,4,21,False,189,3,157,925,9.25,0
349,33,1,1,4,15,True,188,3,139,907,9.07,0
350,33,1,0,4,30,False,56,2,201,713,7.13,0
351,33,1,0,4,33,True,56,2,183,695,6.95,0
352,33,1,0,4,28,False,96,2,83,595,5.95,0
353,33,1,0,4,29,False,89,5,97,1377,13.77,0
354,33,1,0,4,26,True,96,2,67,579,5.79,0
355,33,1,0,4,27,True,89,5,79,1359,13.59,0
356,33,1,3,4,7,False,20,2,246,758,7.58,0
357,33,1,0,3,23,True,51,4,0,1024,10.24,0
358,33,1,28,7,28,False,20,1,115,371,3.71,8795652
359,33,1,6,3,4,False,207,13,0,3328,33.28,0
360,33,1,3,4,25,False,235,4,2,1026,10.26,0
361,33,1,16,0,0,False,0,0,0,0,0.0,0
362,33,1,9,7,2,False,224,12,20,3092,30.92,269059
363,33,1,23,5,6,True,234,2,203,715,7.15,61
364,33,1,1,4,17,False,185,2,208,720,7.2,0
365,33,1,1,4,14,True,185,2,191,703,7.03,0
366,33,1,0,4,31,False,214,3,231,999,9.99,0
367,33,1,0,4,30,True,214,3,213,981,9.81,0
368,33,1,3,4,7,True,69,4,5,1029,10.29,0
369,33,1,3,4,1,False,126,2,28,540,5.4,0
370,33,1,3,4,20,False,4,14,2,3586,35.86,0
371,33,1,16,4,30,False,66,3,106,874,8.74,0
372,33,1,3,4,31,False,235,4,5,1029,10.29,0
373,33,1,0,2,26,False,28,0,0,0,0.0,0
374,33,1,16,6,2,False,3,6,20,1556,15.56,50441
375,33,1,0,3,13,True,28,13,0,3328,33.28,0
376,33,1,3,4,3,False,82,4,20,1044,10.44,0
377,33,-1,-1,-1,-1,True,-1,-1,-1,-1,-1.0,-1
0,34,-1,-1,-1,-1,True,-1,-1,-1,-1,-1.0,-1
1,34,-1,-1,-1,-1,True,-1,-1,-1,-1,-1.0,-1
2,34,-1,-1,-1,-1,True,-1,-1,-1,-1,-1.0,-1
3,34,-1,-1,-1,-1,True,-1,-1,-1,-1,-1.0,-1
4,34,1,3,4,20,True,82,4,13,1037,10.37,0
5,34,1,25,6,5,False,143,4,38,1062,10.62,15677
6,34,1,3,4,33,False,241,4,14,1038,10.38,0
7,34,1,30,6,5,False,178,5,0,1280,12.8,34076
8,34,1,30,1,4,False,0,0,0,0,0.0,0
9,34,1,2,4,15,False,108,13,66,3394,33.94,0
10,34,1,29,3,61,False,61,13,0,3328,33.28,0
11,34,1,0,4,25,False,251,5,244,1524,15.24,0
12,34,1,0,4,14,True,251,5,222,1502,15.02,0
13,34,1,0,4,15,True,251,5,181,1461,14.61,0
14,34,1,3,4,5,False,79,4,17,1041,10.41,0
15,34,1,26,2,8,False,236,0,0,0,0.0,0
16,34,1,0,3,31,True,28,10,0,2560,25.6,0
17,34,1,2,4,18,False,115,5,251,1531,15.31,0
18,34,1,9,7,3,False,137,13,61,3389,33.89,4013373
19,34,1,0,4,25,False,113,3,46,814,8.14,0
20,34,1,0,4,26,False,113,4,204,1228,12.28,0
21,34,1,0,4,18,True,113,2,185,697,6.97,0
22,34,1,0,4,19,True,113,4,186,1210,12.1,0
23,34,1,1,4,10,False,250,3,129,897,8.97,0
24,34,1,1,4,12,True,250,3,111,879,8.79,0
25,34,1,0,4,28,False,182,4,17,1041,10.41,0
26,34,1,0,4,34,True,182,4,0,1024,10.24,0
27,34,1,3,4,3,False,215,4,107,1131,11.31,0
28,34,1,2,4,19,False,43,7,64,1856,18.56,0
29,34,1,3,4,4,True,215,4,86,1110,11.1,0
30,34,1,2,4,5,False,186,3,30,798,7.98,0
31,34,1,2,4,9,False,111,2,99,611,6.11,0
32,34,1,2,4,14,False,151,4,91,1115,11.15,0
33,34,1,2,4,15,False,140,6,113,1649,16.49,0
34,34,1,2,4,16,False,68,4,253,1277,12.77,0
35,34,1,2,4,17,False,237,1,227,483,4.83,0
36,34,1,2,4,19,False,186,2,117,629,6.29,0
37,34,1,2,4,20,False,237,8,141,2189,21.89,0
38,34,1,2,4,21,False,32,14,117,3701,37.01,0
39,34,1,2,4,22,False,222,6,246,1782,17.82,0
40,34,1,2,4,23,False,169,4,176,1200,12.0,0
41,34,1,2,4,24,False,92,2,5,517,5.17,0
42,34,1,2,4,26,False,231,7,60,1852,18.52,0
43,34,1,2,4,27,False,39,7,175,1967,19.67,0
44,34,1,2,4,28,False,146,7,161,1953,19.53,0
45,34,1,2,4,29,False,236,10,227,2787,27.87,0
46,34,1,2,4,30,False,160,2,187,699,6.99,0
47,34,1,2,4,32,False,23,3,191,959,9.59,0
48,34,1,2,4,33,False,81,12,86,3158,31.58,0
49,34,1,2,4,7,True,115,4,31,1055,10.55,0
50,34,1,2,4,8,True,111,7,201,1993,19.93,0
51,34,1,2,4,10,True,186,11,229,3045,30.45,0
52,34,1,2,4,11,True,81,9,130,2434,24.34,0
53,34,1,2,4,12,True,42,7,186,1978,19.78,0
54,34,1,2,4,13,True,236,9,249,2553,25.53,0
55,34,1,2,4,14,True,146,3,244,1012,10.12,0
56,34,1,2,4,15,True,221,5,185,1465,14.65,0
57,34,1,2,4,16,True,108,14,225,3809,38.09,0
58,34,1,2,4,17,True,154,4,199,1223,12.23,0
59,34,1,2,4,18,True,92,7,42,1834,18.34,0
60,34,1,2,4,19,True,151,7,44,1836,18.36,0
61,34,1,2,4,20,True,59,3,60,828,8.28,0
62,34,1,2,4,21,True,246,9,232,2536,25.36,0
63,34,1,2,4,22,True,231,8,206,2254,22.54,0
64,34,1,2,4,23,True,209,9,69,2373,23.73,0
65,34,1,2,4,24,True,237,13,251,3579,35.79,0
66,34,1,2,4,25,True,41,8,220,2268,22.68,0
67,34,1,2,4,26,True,237,1,206,462,4.62,0
68,34,1,2,4,27,True,186,4,117,1141,11.41,0
69,34,1,2,4,29,True,232,3,137,905,9.05,0
70,34,1,2,4,30,True,228,3,234,1002,10.02,0
71,34,1,2,4,31,True,169,5,199,1479,14.79,0
72,34,1,2,4,32,True,4,4,172,1196,11.96,0
73,34,1,2,4,33,True,138,1,189,445,4.45,0
74,34,1,2,4,21,False,209,2,71,583,5.83,0
75,34,1,2,4,23,False,209,3,2,770,7.7,0
76,34,1,2,4,18,True,209,2,54,566,5.66,0
77,34,1,2,4,19,True,209,2,238,750,7.5,0
78,34,1,2,4,23,False,248,2,209,721,7.21,0
79,34,1,2,4,24,False,249,2,79,591,5.91,0
80,34,1,2,4,14,True,248,2,190,702,7.02,0
81,34,1,0,4,22,False,35,5,59,1339,13.39,0
82,34,1,0,4,31,True,35,5,43,1323,13.23,0
83,34,1,2,4,1,False,152,2,234,746,7.46,0
84,34,1,2,4,4,True,152,2,211,723,7.23,0
85,34,1,2,4,1,False,58,3,26,794,7.94,0
86,34,1,2,4,5,True,58,3,4,772,7.72,0
87,34,1,2,4,3,False,57,7,145,1937,19.37,0
88,34,1,2,4,7,True,56,7,124,1916,19.16,0
89,34,1,0,4,23,False,195,3,72,840,8.4,0
90,34,1,0,4,25,True,195,3,56,824,8.24,0
91,34,1,2,4,9,False,71,3,139,907,9.07,0
92,34,1,2,4,12,True,71,3,117,885,8.85,0
93,34,1,2,4,32,False,52,2,209,721,7.21,0
94,34,1,2,4,32,True,52,2,191,703,7.03,0
95,34,1,2,4,15,False,159,4,63,1087,10.87,0
96,34,1,2,4,22,True,159,4,41,1065,10.65,0
97,34,1,2,4,15,False,58,1,168,424,4.24,0
98,34,1,2,4,23,True,57,1,145,401,4.01,0
99,34,1,2,4,3,False,159,3,227,995,9.95,0
100,34,1,2,4,23,True,159,3,204,972,9.72,0
101,34,1,2,4,9,True,137,1,85,341,3.41,0
102,34,1,2,4,8,False,134,4,163,1187,11.87,0
103,34,1,2,4,8,True,134,4,143,1167,11.67,0
104,34,1,2,4,21,False,140,3,145,913,9.13,0
105,34,1,2,4,19,True,140,3,127,895,8.95,0
106,34,1,2,4,30,False,4,2,40,552,5.52,0
107,34,1,2,4,19,True,4,2,23,535,5.35,0
108,34,1,2,4,13,False,164,3,143,911,9.11,0
109,34,1,2,4,11,True,164,3,121,889,8.89,0
110,34,1,2,3,36,True,3,9,0,2304,23.04,0
111,34,1,2,4,15,False,212,3,108,876,8.76,0
112,34,1,2,4,5,True,212,2,26,538,5.38,0
113,34,1,2,4,6,True,212,3,87,855,8.55,0
114,34,1,2,4,2,False,229,3,170,938,9.38,0
115,34,1,2,4,17,True,229,3,149,917,9.17,0
116,34,1,1,4,22,False,218,4,192,1216,12.16,0
117,34,1,1,4,24,True,218,4,171,1195,11.95,0
118,34,1,1,4,25,True,218,3,114,882,8.82,0
119,34,1,2,4,25,False,185,4,18,1042,10.42,0
120,34,1,2,4,25,True,185,4,2,1026,10.26,0
121,34,1,2,4,7,False,173,4,110,1134,11.34,0
122,34,1,2,4,13,True,173,4,91,1115,11.15,0
123,34,1,2,4,29,False,196,2,127,639,6.39,0
124,34,1,2,4,28,True,196,2,107,619,6.19,0
125,34,1,3,4,23,True,4,6,4,1540,15.4,0
126,34,1,3,1,23,False,0,0,0,0,0.0,0
127,34,1,3,3,61,True,4,3,0,768,7.68,0
128,34,1,3,7,2,False,174,4,133,1157,11.57,15270678
129,34,1,2,4,27,False,103,3,23,791,7.91,0
130,34,1,2,4,31,True,103,3,3,771,7.71,0
131,34,1,0,4,21,False,220,4,164,1188,11.88,0
132,34,1,0,4,23,False,219,7,36,1828,18.28,0
133,34,1,0,4,22,True,220,4,64,1088,10.88,0
134,34,1,0,4,23,True,219,7,20,1812,18.12,0
135,34,1,2,4,20,False,109,3,189,957,9.57,0
136,34,1,2,4,25,True,109,3,168,936,9.36,0
137,34,1,2,4,22,False,4,3,16,784,7.84,0
138,34,1,2,4,9,True,4,2,253,765,7.65,0
139,34,1,2,4,30,False,130,2,252,764,7.64,0
140,34,1,2,4,20,True,130,2,232,744,7.44,0
141,34,1,2,4,24,False,247,2,126,638,6.38,0
142,34,1,2,4,11,True,247,2,106,618,6.18,0
143,34,1,2,4,17,False,133,3,232,1000,10.0,0
144,34,1,2,4,8,True,133,3,211,979,9.79,0
145,34,1,2,4,23,False,40,3,89,857,8.57,0
146,34,1,2,4,19,True,40,3,69,837,8.37,0
147,34,1,2,3,40,False,3,5,0,1280,12.8,0
148,34,1,2,4,17,False,58,3,58,826,8.26,0
149,34,1,2,4,17,True,58,3,38,806,8.06,0
150,34,1,2,4,17,False,6,1,141,397,3.97,0
151,34,1,2,4,15,False,4,4,62,1086,10.86,0
152,34,1,2,4,19,True,6,1,118,374,3.74,0
153,34,1,2,4,21,True,4,4,41,1065,10.65,0
154,34,1,1,4,28,False,172,3,185,953,9.53,0
155,34,1,1,4,33,True,172,3,166,934,9.34,0
156,34,1,2,4,17,False,86,2,14,526,5.26,0
157,34,1,2,4,23,True,86,1,246,502,5.02,0
158,34,1,2,4,19,False,86,3,125,893,8.93,0
159,34,1,2,4,3,True,86,3,107,875,8.75,0
160,34,1,2,4,30,False,173,4,36,1060,10.6,0
161,34,1,2,4,10,True,173,4,18,1042,10.42,0
162,34,1,2,4,23,False,24,3,227,995,9.95,0
163,34,1,2,4,24,False,25,2,247,759,7.59,0
164,34,1,2,4,24,True,24,3,208,976,9.76,0
165,34,1,2,4,25,True,25,2,227,739,7.39,0
166,34,1,2,4,28,False,114,3,142,910,9.1,0
167,34,1,2,4,16,True,114,3,123,891,8.91,0
168,34,1,2,4,5,False,40,3,68,836,8.36,0
169,34,1,2,4,23,True,40,3,46,814,8.14,0
170,34,1,2,4,15,False,155,1,232,488,4.88,0
171,34,1,2,4,18,True,155,1,210,466,4.66,0
172,34,1,2,4,0,False,218,5,235,1515,15.15,0
173,34,1,2,4,20,True,218,5,215,1495,14.95,0
174,34,1,3,4,13,False,234,1,231,487,4.87,0
175,34,1,3,4,4,True,234,1,210,466,4.66,0
176,34,1,2,4,25,False,42,2,70,582,5.82,0
177,34,1,2,4,18,True,42,2,50,562,5.62,0
178,34,1,3,4,8,False,8,2,90,602,6.02,0
179,34,1,3,4,5,True,8,2,70,582,5.82,0
180,34,1,2,4,2,False,193,2,67,579,5.79,0
181,34,1,2,4,21,True,193,2,46,558,5.58,0
182,34,1,2,4,26,False,253,3,166,934,9.34,0
183,34,1,2,4,32,True,253,3,147,915,9.15,0
184,34,1,2,4,21,False,86,1,154,410,4.1,0
185,34,1,2,4,22,True,86,1,136,392,3.92,0
186,34,1,2,4,19,False,234,4,7,1031,10.31,0
187,34,1,2,4,7,True,234,3,245,1013,10.13,0
188,34,1,2,4,22,False,179,2,182,694,6.94,0
189,34,1,2,4,15,True,179,2,162,674,6.74,0
190,34,1,2,4,26,False,13,4,172,1196,11.96,0
191,34,1,2,4,19,True,13,4,152,1176,11.76,0
192,34,1,2,4,16,False,118,3,0,768,7.68,0
193,34,1,2,4,18,True,118,2,237,749,7.49,0
194,34,1,2,4,11,False,243,2,251,763,7.63,0
195,34,1,2,4,14,True,243,2,231,743,7.43,0
196,34,1,2,4,33,False,242,6,27,1563,15.63,0
197,34,1,2,4,20,True,242,6,5,1541,15.41,0
198,34,1,2,4,22,False,227,1,25,281,2.81,0
199,34,1,2,4,4,True,227,1,6,262,2.62,0
200,34,1,2,4,6,False,50,4,125,1149,11.49,0
201,34,1,2,4,20,True,50,4,104,1128,11.28,0
202,34,1,2,4,18,False,109,2,12,524,5.24,0
203,34,1,2,4,21,True,108,1,249,505,5.05,0
204,34,1,2,4,9,False,57,1,181,437,4.37,0
205,34,1,2,4,9,True,57,1,165,421,4.21,0
206,34,1,2,4,16,False,57,3,39,807,8.07,0
207,34,1,2,4,25,True,57,3,22,790,7.9,0
208,34,1,2,4,27,False,34,2,121,633,6.33,0
209,34,1,2,4,14,True,34,2,103,615,6.15,0
210,34,1,3,4,0,False,233,6,27,1563,15.63,0
211,34,1,3,4,3,True,233,6,2,1538,15.38,0
212,34,1,2,4,16,False,226,3,31,799,7.99,0
213,34,1,2,4,12,True,226,3,12,780,7.8,0
214,34,1,3,4,20,False,8,4,184,1208,12.08,0
215,34,1,3,4,5,True,8,4,166,1190,11.9,0
216,34,1,2,4,14,False,65,1,115,371,3.71,0
217,34,1,2,4,20,True,65,1,91,347,3.47,0
218,34,1,2,4,6,False,176,4,132,1156,11.56,0
219,34,1,2,4,27,True,176,4,113,1137,11.37,0
220,34,1,2,4,30,False,142,2,146,658,6.58,0
221,34,1,2,4,31,False,141,3,78,846,8.46,0
222,34,1,2,4,32,False,140,7,4,1796,17.96,0
223,34,1,2,4,24,True,142,2,127,639,6.39,0
224,34,1,2,4,25,True,57,3,58,826,8.26,0
225,34,1,2,4,26,True,140,6,240,1776,17.76,0
226,34,1,3,4,19,False,74,4,53,1077,10.77,0
227,34,1,3,4,14,True,74,4,33,1057,10.57,0
228,34,1,2,4,9,False,118,2,51,563,5.63,0
229,34,1,2,4,12,True,117,2,30,542,5.42,0
230,34,1,2,4,4,True,44,2,54,566,5.66,0
231,34,1,2,4,5,False,43,4,23,1047,10.47,0
232,34,1,2,4,3,True,43,4,5,1029,10.29,0
233,34,1,2,4,8,False,114,4,109,1133,11.33,0
234,34,1,2,4,14,True,114,4,85,1109,11.09,0
235,34,1,2,4,5,False,114,3,215,983,9.83,0
236,34,1,2,4,29,True,113,3,196,964,9.64,0
237,34,1,3,4,1,False,173,5,115,1395,13.95,0
238,34,1,3,4,13,True,173,5,92,1372,13.72,0
239,34,1,2,4,26,False,201,1,183,439,4.39,0
240,34,1,2,4,23,True,200,1,160,416,4.16,0
241,34,1,2,4,11,False,4,1,231,487,4.87,0
242,34,1,2,4,13,True,4,1,211,467,4.67,0
243,34,1,2,4,23,False,49,1,135,391,3.91,0
244,34,1,2,4,33,True,49,1,116,372,3.72,0
245,34,1,3,4,1,False,173,3,187,955,9.55,0
246,34,1,3,4,6,True,249,3,162,930,9.3,0
247,34,1,2,4,16,False,142,5,133,1413,14.13,0
248,34,1,2,4,11,True,142,5,114,1394,13.94,0
249,34,1,2,4,13,False,119,3,215,983,9.83,0
250,34,1,2,4,8,True,119,3,194,962,9.62,0
251,34,1,2,4,5,False,148,3,157,925,9.25,0
252,34,1,2,4,20,True,148,3,137,905,9.05,0
253,34,1,2,4,16,False,226,3,49,817,8.17,0
254,34,1,2,4,24,True,226,3,30,798,7.98,0
255,34,1,0,4,33,False,65,6,98,1634,16.34,0
256,34,1,0,4,15,True,65,6,80,1616,16.16,0
257,34,1,2,4,23,False,43,3,139,907,9.07,0
258,34,1,2,4,31,True,43,3,119,887,8.87,0
259,34,1,2,4,19,False,183,2,81,593,5.93,0
260,34,1,2,4,21,True,183,2,62,574,5.74,0
261,34,1,2,4,20,True,44,2,218,730,7.3,0
262,34,1,2,4,22,False,43,5,88,1368,13.68,0
263,34,1,2,4,21,True,44,3,59,827,8.27,0
264,34,1,2,4,22,True,43,5,71,1351,13.51,0
265,34,1,2,4,15,False,101,3,52,820,8.2,0
266,34,1,2,4,24,True,101,3,30,798,7.98,0
267,34,1,0,4,33,False,234,3,61,829,8.29,0
268,34,1,0,4,11,True,234,3,43,811,8.11,0
269,34,1,2,4,19,False,108,3,253,1021,10.21,0
270,34,1,2,4,11,True,108,3,234,1002,10.02,0
271,34,1,2,4,31,False,12,5,100,1380,13.8,0
272,34,1,2,4,23,True,12,5,79,1359,13.59,0
273,34,1,2,4,30,False,142,2,88,600,6.0,0
274,34,1,2,4,20,True,142,2,69,581,5.81,0
275,34,1,2,4,7,False,177,3,154,922,9.22,0
276,34,1,2,4,5,True,177,3,136,904,9.04,0
277,34,1,3,4,17,False,57,1,128,384,3.84,0
278,34,1,3,4,24,True,57,1,104,360,3.6,0
279,34,1,2,4,0,False,78,2,164,676,6.76,0
280,34,1,2,4,22,True,78,2,144,656,6.56,0
281,34,1,3,4,2,False,104,1,77,333,3.33,0
282,34,1,3,4,11,True,104,1,55,311,3.11,0
283,34,1,2,4,26,False,101,3,169,937,9.37,0
284,34,1,2,4,30,True,101,3,149,917,9.17,0
285,34,1,0,4,32,False,112,5,59,1339,13.39,0
286,34,1,0,4,8,True,112,5,44,1324,13.24,0
287,34,1,2,4,32,False,248,3,32,800,8.0,0
288,34,1,2,4,18,True,248,3,11,779,7.79,0
289,34,1,2,4,4,False,225,2,236,748,7.48,0
290,34,1,2,4,24,True,225,2,218,730,7.3,0
291,34,1,2,4,15,False,223,2,114,626,6.26,0
292,34,1,2,4,14,False,220,4,28,1052,10.52,0
293,34,1,2,4,26,True,220,4,6,1030,10.3,0
294,34,1,2,4,27,True,223,1,104,360,3.6,0
295,34,1,2,4,28,True,223,2,93,605,6.05,0
296,34,1,2,4,18,False,231,1,50,306,3.06,0
297,34,1,2,4,8,True,231,1,32,288,2.88,0
298,34,1,2,4,5,False,185,2,232,744,7.44,0
299,34,1,2,4,21,True,184,2,213,725,7.25,0
300,34,1,2,4,22,False,44,2,98,610,6.1,0
301,34,1,2,4,32,True,44,2,78,590,5.9,0
302,34,1,2,4,31,False,227,2,221,733,7.33,0
303,34,1,2,4,22,True,227,2,202,714,7.14,0
304,34,1,2,4,16,False,32,2,65,577,5.77,0
305,34,1,2,4,23,True,32,2,44,556,5.56,0
306,34,1,2,4,28,False,147,1,90,346,3.46,0
307,34,1,2,4,4,True,147,1,73,329,3.29,0
308,34,1,2,4,21,False,195,2,221,733,7.33,0
309,34,1,2,4,20,False,194,5,90,1370,13.7,0
310,34,1,2,4,26,True,195,2,204,716,7.16,0
311,34,1,2,4,29,True,194,5,68,1348,13.48,0
312,34,1,3,4,15,False,69,4,147,1171,11.71,0
313,34,1,3,4,16,False,69,4,158,1182,11.82,0
314,34,1,3,4,5,True,69,4,138,1162,11.62,0
315,34,1,1,4,30,False,208,3,68,836,8.36,0
316,34,1,1,4,11,True,207,3,52,820,8.2,0
317,34,1,2,4,23,False,122,2,205,717,7.17,0
318,34,1,2,4,23,True,122,2,186,698,6.98,0
319,34,1,2,4,2,False,75,2,106,618,6.18,0
320,34,1,2,4,13,True,75,2,84,596,5.96,0
321,34,1,2,4,15,False,71,2,129,641,6.41,0
322,34,1,2,4,23,True,71,2,105,617,6.17,0
323,34,1,2,4,23,False,111,4,22,1046,10.46,0
324,34,1,2,4,17,True,111,4,3,1027,10.27,0
325,34,1,2,4,21,False,35,2,193,705,7.05,0
326,34,1,2,4,6,True,35,2,174,686,6.86,0
327,34,1,2,4,7,True,37,2,149,661,6.61,0
328,34,1,2,4,15,False,131,3,32,800,8.0,0
329,34,1,2,4,19,True,131,3,11,779,7.79,0
330,34,1,2,4,21,False,70,3,137,905,9.05,0
331,34,1,2,4,22,True,70,3,119,887,8.87,0
332,34,1,2,4,26,False,145,3,123,891,8.91,0
333,34,1,2,4,30,True,145,3,102,870,8.7,0
334,34,1,2,4,20,False,72,2,47,559,5.59,0
335,34,1,2,4,26,True,72,2,27,539,5.39,0
336,34,1,2,4,27,True,74,1,39,295,2.95,0
337,34,1,2,4,29,False,27,3,98,866,8.66,0
338,34,1,2,4,3,True,27,3,82,850,8.5,0
339,34,1,2,4,17,False,168,3,105,873,8.73,0
340,34,1,2,4,11,True,168,3,82,850,8.5,0
341,34,1,2,4,29,False,104,2,14,526,5.26,0
342,34,1,2,4,30,False,106,1,162,418,4.18,0
343,34,1,2,4,4,True,106,1,145,401,4.01,0
344,34,1,2,4,5,True,104,1,254,510,5.1,0
345,34,1,2,4,27,False,56,3,19,787,7.87,0
346,34,1,2,4,30,True,56,2,254,766,7.66,0
347,34,1,2,4,24,False,208,2,11,523,5.23,0
348,34,1,2,4,14,True,208,1,245,501,5.01,0
349,34,1,2,4,33,False,242,6,11,1547,15.47,0
350,34,1,2,4,29,True,25,5,245,1525,15.25,0
351,34,1,2,4,24,True,95,0,103,103,1.03,0
352,34,1,2,4,14,False,88,3,22,790,7.9,0
353,34,1,2,4,15,False,88,2,135,647,6.47,0
354,34,1,2,4,25,True,88,2,115,627,6.27,0
355,34,1,2,4,26,True,88,3,1,769,7.69,0
356,34,1,2,4,17,False,65,1,143,399,3.99,0
357,34,1,2,4,25,True,64,1,122,378,3.78,0
358,34,1,2,4,15,False,102,2,254,766,7.66,0
359,34,1,2,4,16,True,102,2,231,743,7.43,0
360,34,1,2,4,14,False,188,1,221,477,4.77,0
361,34,1,2,4,28,True,188,1,199,455,4.55,0
362,34,1,2,4,6,False,129,2,6,518,5.18,0
363,34,1,2,4,25,True,129,1,243,499,4.99,0
364,34,1,1,4,17,False,31,7,135,1927,19.27,0
365,34,1,1,4,22,True,31,7,117,1909,19.09,0
366,34,1,2,4,25,False,154,1,28,284,2.84,0
367,34,1,2,4,18,True,154,1,7,263,2.63,0
368,34,1,0,4,14,False,96,4,166,1190,11.9,0
369,34,1,0,4,7,True,96,4,150,1174,11.74,0
370,34,1,2,4,31,False,106,3,213,981,9.81,0
371,34,1,2,4,29,True,106,3,193,961,9.61,0
372,34,1,0,4,33,False,255,3,151,919,9.19,0
373,34,1,0,4,20,True,255,3,133,901,9.01,0
374,34,1,2,4,22,False,26,3,12,780,7.8,0
375,34,1,2,4,23,False,26,4,105,1129,11.29,0
0,35,-1,-1,-1,-1,True,-1,-1,-1,-1,-1.0,-1
1,35,-1,-1,-1,-1,True,-1,-1,-1,-1,-1.0,-1
2,35,-1,-1,-1,-1,True,-1,-1,-1,-1,-1.0,-1
3,35,1,2,4,27,True,26,4,85,1109,11.09,0
4,35,1,2,4,28,True,26,2,247,759,7.59,0
5,35,1,1,4,10,False,184,1,228,484,4.84,0
6,35,1,1,4,4,True,184,1,209,465,4.65,0
7,35,1,2,4,21,False,165,3,90,858,8.58,0
8,35,1,2,4,18,True,165,3,71,839,8.39,0
9,35,1,2,4,16,False,210,3,80,848,8.48,0
10,35,1,2,4,24,True,210,3,61,829,8.29,0
11,35,1,2,4,14,False,40,2,155,667,6.67,0
12,35,1,2,4,26,True,40,2,133,645,6.45,0
13,35,1,2,4,1,False,11,2,30,542,5.42,0
14,35,1,2,4,26,True,11,2,9,521,5.21,0
15,35,1,3,4,16,False,57,2,184,696,6.96,0
16,35,1,3,4,9,True,57,2,164,676,6.76,0
17,35,1,2,4,18,False,244,3,156,924,9.24,0
18,35,1,2,4,19,False,247,2,93,605,6.05,0
19,35,1,2,4,24,True,247,2,74,586,5.86,0
20,35,1,2,4,26,True,244,3,137,905,9.05,0
21,35,1,2,4,4,False,106,3,125,893,8.93,0
22,35,1,2,4,22,True,105,3,107,875,8.75,0
23,35,1,2,4,30,False,30,4,98,1122,11.22,0
24,35,1,2,4,6,True,30,4,80,1104,11.04,0
25,35,1,2,4,19,False,158,1,193,449,4.49,0
26,35,1,2,4,18,False,153,4,109,1133,11.33,0
27,35,1,2,4,11,True,153,4,90,1114,11.14,0
28,35,1,2,4,24,False,26,3,78,846,8.46,0
29,35,1,2,4,23,True,26,3,55,823,8.23,0
30,35,1,2,4,33,False,146,4,100,1124,11.24,0
31,35,1,2,4,26,True,146,4,78,1102,11.02,0
32,35,1,2,4,14,False,224,2,55,567,5.67,0
33,35,1,2,4,18,True,224,2,32,544,5.44,0
34,35,1,2,4,13,False,164,4,161,1185,11.85,0
35,35,1,2,4,8,True,164,4,140,1164,11.64,0
36,35,1,2,4,20,False,141,4,0,1024,10.24,0
37,35,1,2,4,27,True,140,3,234,1002,10.02,0
38,35,1,2,4,23,False,226,2,111,623,6.23,0
39,35,1,2,4,25,False,220,2,140,652,6.52,0
40,35,1,2,4,12,True,226,2,92,604,6.04,0
41,35,1,2,4,13,True,219,2,121,633,6.33,0
42,35,1,2,4,20,False,216,2,231,743,7.43,0
43,35,1,2,4,23,True,216,2,209,721,7.21,0
44,35,1,2,4,1,False,36,2,18,530,5.3,0
45,35,1,2,4,16,True,36,1,251,507,5.07,0
46,35,1,3,4,30,False,225,4,86,1110,11.1,0
47,35,1,3,4,31,False,227,3,132,900,9.0,0
48,35,1,3,4,29,True,225,4,66,1090,10.9,0
49,35,1,2,4,17,False,63,3,19,787,7.87,0
50,35,1,2,4,19,False,63,2,60,572,5.72,0
51,35,1,2,4,22,True,63,2,255,767,7.67,0
52,35,1,2,4,33,False,139,5,3,1283,12.83,0
53,35,1,2,4,6,True,139,4,238,1262,12.62,0
54,35,1,2,4,16,False,252,2,77,589,5.89,0
55,35,1,2,4,24,True,252,2,59,571,5.71,0
56,35,1,2,4,16,False,214,2,73,585,5.85,0
57,35,1,2,4,18,True,214,2,54,566,5.66,0
58,35,1,2,4,17,False,89,2,56,568,5.68,0
59,35,1,2,4,23,True,88,2,33,545,5.45,0
60,35,1,2,4,15,False,133,3,136,904,9.04,0
61,35,1,2,4,24,True,133,3,115,883,8.83,0
62,35,1,2,4,20,False,235,2,197,709,7.09,0
63,35,1,2,4,16,True,235,2,175,687,6.87,0
64,35,1,2,4,20,True,73,0,231,231,2.31,0
65,35,1,2,4,24,False,69,4,178,1202,12.02,0
66,35,1,2,4,19,True,69,4,158,1182,11.82,0
67,35,1,2,4,22,False,25,3,121,889,8.89,0
68,35,1,2,4,8,True,25,3,102,870,8.7,0
69,35,1,2,4,14,False,139,3,239,1007,10.07,0
70,35,1,2,4,23,True,139,3,215,983,9.83,0
71,35,1,0,4,33,False,183,3,23,791,7.91,0
72,35,1,0,4,28,True,183,3,4,772,7.72,0
73,35,1,1,4,11,False,183,5,146,1426,14.26,0
74,35,1,1,4,17,True,183,5,129,1409,14.09,0
75,35,1,2,4,25,False,56,3,151,919,9.19,0
76,35,1,2,4,30,True,56,3,131,899,8.99,0
77,35,1,2,4,22,False,49,3,40,808,8.08,0
78,35,1,2,4,23,False,47,2,230,742,7.42,0
79,35,1,2,4,17,True,49,3,20,788,7.88,0
80,35,1,2,4,18,True,47,2,212,724,7.24,0
81,35,1,3,4,10,False,141,2,43,555,5.55,0
82,35,1,3,4,8,True,141,2,27,539,5.39,0
83,35,1,2,4,22,False,118,2,244,756,7.56,0
84,35,1,2,4,24,True,118,2,224,736,7.36,0
85,35,1,2,4,12,False,143,1,75,331,3.31,0
86,35,1,2,4,13,True,143,1,55,311,3.11,0
87,35,1,2,4,27,False,170,1,153,409,4.09,0
88,35,1,2,4,27,True,170,1,135,391,3.91,0
89,35,1,2,4,14,False,224,1,153,409,4.09,0
90,35,1,2,4,15,False,217,5,4,1284,12.84,0
91,35,1,2,4,22,True,217,4,240,1264,12.64,0
92,35,1,3,4,12,False,61,3,182,950,9.5,0
93,35,1,3,4,13,True,61,3,162,930,9.3,0
94,35,1,2,4,30,False,110,3,96,864,8.64,0
95,35,1,2,4,9,True,110,3,79,847,8.47,0
96,35,1,1,4,16,False,228,3,245,1013,10.13,0
97,35,1,1,4,16,True,228,3,229,997,9.97,0
98,35,1,0,4,24,False,106,3,32,800,8.0,0
99,35,1,0,4,32,True,105,3,17,785,7.85,0
100,35,1,2,4,18,False,64,5,38,1318,13.18,0
101,35,1,2,4,8,True,25,4,50,1074,10.74,0
102,35,1,2,4,9,True,64,5,16,1296,12.96,0
103,35,1,0,4,30,False,226,2,162,674,6.74,0
104,35,1,0,4,21,True,226,2,144,656,6.56,0
105,35,1,2,4,6,False,98,2,213,725,7.25,0
106,35,1,2,4,24,True,98,2,194,706,7.06,0
107,35,1,1,4,17,False,4,7,156,1948,19.48,0
108,35,1,1,4,26,True,4,7,140,1932,19.32,0
109,35,1,2,4,19,False,170,2,161,673,6.73,0
110,35,1,2,4,11,True,170,2,143,655,6.55,0
111,35,1,2,4,0,False,56,4,163,1187,11.87,0
112,35,1,2,4,25,True,56,4,143,1167,11.67,0
113,35,1,2,4,26,False,172,5,191,1471,14.71,0
114,35,1,2,4,31,True,172,5,171,1451,14.51,0
115,35,1,2,4,15,False,240,3,153,921,9.21,0
116,35,1,2,4,15,True,240,3,134,902,9.02,0
117,35,1,2,4,23,False,172,4,125,1149,11.49,0
118,35,1,2,4,26,True,172,4,103,1127,11.27,0
119,35,1,2,4,27,True,172,3,211,979,9.79,0
120,35,1,2,4,4,False,6,1,211,467,4.67,0
121,35,1,2,4,3,False,5,3,250,1018,10.18,0
122,35,1,2,4,8,True,5,3,229,997,9.97,0
123,35,1,2,4,15,False,62,3,103,871,8.71,0
124,35,1,2,4,30,True,62,3,82,850,8.5,0
125,35,1,2,4,0,False,120,5,49,1329,13.29,0
126,35,1,2,4,21,True,119,5,30,1310,13.1,0
127,35,1,2,4,17,False,17,3,186,954,9.54,0
128,35,1,2,4,18,False,16,2,161,673,6.73,0
129,35,1,2,4,31,True,16,2,142,654,6.54,0
130,35,1,2,4,32,True,44,3,165,933,9.33,0
131,35,1,2,4,20,False,51,4,132,1156,11.56,0
132,35,1,2,4,18,True,51,4,110,1134,11.34,0
133,35,1,2,4,25,False,123,5,19,1299,12.99,0
134,35,1,2,4,14,True,123,5,0,1280,12.8,0
135,35,1,0,4,23,False,70,3,181,949,9.49,0
136,35,1,0,4,29,True,70,3,166,934,9.34,0
137,35,1,2,4,14,False,173,2,138,650,6.5,0
138,35,1,2,4,26,True,173,2,116,628,6.28,0
139,35,1,2,4,17,False,84,1,210,466,4.66,0
140,35,1,2,4,14,True,84,1,187,443,4.43,0
141,35,1,1,4,0,False,159,6,233,1769,17.69,0
142,35,1,1,4,9,True,159,6,216,1752,17.52,0
143,35,1,2,4,33,False,13,4,121,1145,11.45,0
144,35,1,2,4,11,True,13,4,100,1124,11.24,0
145,35,1,2,4,31,False,80,3,193,961,9.61,0
146,35,1,2,4,23,True,80,3,171,939,9.39,0
147,35,1,2,4,33,False,156,3,154,922,9.22,0
148,35,1,2,4,28,True,26,3,133,901,9.01,0
149,35,1,2,4,32,False,74,1,215,471,4.71,0
150,35,1,2,4,9,True,74,1,196,452,4.52,0
151,35,1,2,4,19,False,20,4,62,1086,10.86,0
152,35,1,2,4,9,True,20,4,44,1068,10.68,0
153,35,1,2,4,5,False,77,2,89,601,6.01,0
154,35,1,2,4,3,True,77,2,70,582,5.82,0
155,35,1,1,4,21,False,229,1,98,354,3.54,0
156,35,1,1,4,22,False,223,3,239,1007,10.07,0
157,35,1,3,4,33,False,222,3,129,897,8.97,0
158,35,1,1,4,17,True,223,3,219,987,9.87,0
159,35,1,3,4,16,True,222,3,108,876,8.76,0
160,35,1,1,4,18,True,229,1,81,337,3.37,0
161,35,1,2,4,5,False,164,1,162,418,4.18,0
162,35,1,2,4,23,True,164,1,142,398,3.98,0
163,35,1,2,4,28,False,79,3,84,852,8.52,0
164,35,1,2,4,21,True,79,3,66,834,8.34,0
165,35,1,3,4,23,False,37,4,196,1220,12.2,0
166,35,1,3,4,4,True,37,4,175,1199,11.99,0
167,35,1,2,4,18,False,24,3,95,863,8.63,0
168,35,1,2,4,23,True,24,3,74,842,8.42,0
169,35,1,2,4,21,False,140,1,228,484,4.84,0
170,35,1,2,4,22,False,139,2,90,602,6.02,0
171,35,1,2,4,6,True,139,2,70,582,5.82,0
172,35,1,2,4,8,True,140,1,211,467,4.67,0
173,35,1,2,4,20,False,105,4,42,1066,10.66,0
174,35,1,2,4,21,True,105,4,21,1045,10.45,0
175,35,1,2,4,32,False,163,2,209,721,7.21,0
176,35,1,2,4,8,True,163,2,190,702,7.02,0
177,35,1,2,4,1,False,214,1,227,483,4.83,0
178,35,1,2,4,31,True,214,1,205,461,4.61,0
179,35,1,2,4,17,False,28,2,144,656,6.56,0
180,35,1,2,4,19,True,28,2,121,633,6.33,0
181,35,1,2,4,27,False,194,2,51,563,5.63,0
182,35,1,2,4,28,False,193,4,116,1140,11.4,0
183,35,1,2,4,29,False,192,3,156,924,9.24,0
184,35,1,2,4,24,True,192,4,104,1128,11.28,0
185,35,1,2,4,9,False,58,2,30,542,5.42,0
186,35,1,2,4,4,True,58,2,10,522,5.22,0
187,35,1,2,4,28,False,122,4,118,1142,11.42,0
188,35,1,2,4,32,True,122,4,101,1125,11.25,0
189,35,1,2,4,26,False,248,1,41,297,2.97,0
190,35,1,2,4,14,True,247,1,21,277,2.77,0
191,35,1,2,4,25,False,245,5,121,1401,14.01,0
192,35,1,2,4,15,True,245,5,101,1381,13.81,0
193,35,1,2,4,20,False,213,1,184,440,4.4,0
194,35,1,2,4,15,True,212,1,163,419,4.19,0
195,35,1,1,4,25,False,219,3,233,1001,10.01,0
196,35,1,1,4,24,True,219,3,214,982,9.82,0
197,35,1,2,4,2,False,145,4,143,1167,11.67,0
198,35,1,2,4,31,True,145,4,122,1146,11.46,0
199,35,1,2,4,17,False,248,4,3,1027,10.27,0
200,35,1,2,4,26,True,248,3,238,1006,10.06,0
201,35,1,2,4,16,False,218,2,108,620,6.2,0
202,35,1,2,4,25,True,218,2,91,603,6.03,0
203,35,1,3,4,30,False,182,3,50,818,8.18,0
204,35,1,3,4,6,True,182,3,30,798,7.98,0
205,35,1,2,4,23,False,142,1,245,501,5.01,0
206,35,1,2,4,18,True,142,1,226,482,4.82,0
207,35,1,2,4,30,False,105,2,146,658,6.58,0
208,35,1,2,4,10,True,105,2,128,640,6.4,0
209,35,1,2,4,33,False,104,6,124,1660,16.6,0
210,35,1,2,4,8,True,104,6,104,1640,16.4,0
211,35,1,2,4,17,False,38,3,97,865,8.65,0
212,35,1,2,4,12,True,38,3,75,843,8.43,0
213,35,1,2,4,5,False,74,3,73,841,8.41,0
214,35,1,2,4,9,True,74,3,55,823,8.23,0
215,35,1,2,4,23,False,183,2,89,601,6.01,0
216,35,1,2,4,25,True,183,2,69,581,5.81,0
217,35,1,2,4,28,True,3,0,177,177,1.77,0
218,35,1,2,4,21,False,253,3,189,957,9.57,0
219,35,1,2,4,27,True,252,3,170,938,9.38,0
220,35,1,1,4,31,False,157,2,175,687,6.87,0
221,35,1,1,4,32,False,152,4,0,1024,10.24,0
222,35,1,1,4,9,True,152,3,240,1008,10.08,0
223,35,1,1,4,11,True,157,2,157,669,6.69,0
224,35,1,2,4,32,False,44,3,252,1020,10.2,0
225,35,1,2,4,29,True,44,3,231,999,9.99,0
226,35,1,2,4,5,False,77,4,202,1226,12.26,0
227,35,1,2,4,29,True,77,4,183,1207,12.07,0
228,35,1,2,4,14,False,98,4,10,1034,10.34,0
229,35,1,2,4,11,True,98,3,244,1012,10.12,0
230,35,1,2,4,17,False,32,2,191,703,7.03,0
231,35,1,2,4,24,True,32,2,169,681,6.81,0
232,35,1,2,4,20,False,162,2,131,643,6.43,0
233,35,1,2,4,23,True,162,2,107,619,6.19,0
234,35,1,2,7,34,True,2,11,4,2820,28.2,161286
235,35,1,2,5,4,False,143,6,2,1538,15.38,130
236,35,1,2,4,21,False,52,1,92,348,3.48,0
237,35,1,2,4,12,True,52,1,74,330,3.3,0
238,35,1,2,4,18,False,160,1,62,318,3.18,0
239,35,1,2,4,19,False,158,3,85,853,8.53,0
240,35,1,2,4,6,True,158,3,66,834,8.34,0
241,35,1,2,4,16,False,43,4,251,1275,12.75,0
242,35,1,2,4,26,True,42,4,233,1257,12.57,0
243,35,1,2,4,6,False,30,2,215,727,7.27,0
244,35,1,2,4,18,True,30,2,195,707,7.07,0
245,35,1,1,4,29,False,76,4,42,1066,10.66,0
246,35,1,1,4,8,True,76,4,24,1048,10.48,0
247,35,1,2,4,8,False,153,1,1,257,2.57,0
248,35,1,2,4,14,True,153,0,233,233,2.33,0
249,35,1,3,4,32,False,32,3,70,838,8.38,0
250,35,1,3,4,14,True,32,3,49,817,8.17,0
251,35,1,3,4,15,True,34,3,26,794,7.94,0
252,35,1,2,4,16,False,166,2,242,754,7.54,0
253,35,1,2,4,30,True,166,2,224,736,7.36,0
254,35,1,2,4,5,False,214,2,236,748,7.48,0
255,35,1,2,4,28,True,214,2,217,729,7.29,0
256,35,1,2,4,14,True,184,1,21,277,2.77,0
257,35,1,2,4,31,False,181,4,141,1165,11.65,0
258,35,1,2,4,13,True,181,4,123,1147,11.47,0
259,35,1,2,4,27,False,150,2,238,750,7.5,0
260,35,1,2,4,30,True,150,2,219,731,7.31,0
261,35,1,2,4,23,False,184,2,201,713,7.13,0
262,35,1,2,4,17,True,184,2,182,694,6.94,0
263,35,1,2,4,1,False,41,2,155,667,6.67,0
264,35,1,2,4,33,True,41,2,133,645,6.45,0
265,35,1,2,4,21,False,65,0,185,185,1.85,0
266,35,1,2,4,29,True,65,0,168,168,1.68,0
267,35,1,3,4,22,False,21,1,157,413,4.13,0
268,35,1,3,4,8,True,21,1,139,395,3.95,0
269,35,1,2,4,22,False,164,5,122,1402,14.02,0
270,35,1,2,4,15,True,164,5,102,1382,13.82,0
271,35,1,2,4,7,True,34,0,166,166,1.66,0
272,35,1,2,4,0,False,15,4,168,1192,11.92,0
273,35,1,2,4,8,True,15,4,148,1172,11.72,0
274,35,1,2,4,18,False,148,1,158,414,4.14,0
275,35,1,2,4,19,False,146,3,156,924,9.24,0
276,35,1,2,4,4,True,146,3,139,907,9.07,0
277,35,1,2,4,6,True,148,1,139,395,3.95,0
278,35,1,2,4,13,False,154,2,21,533,5.33,0
279,35,1,2,4,7,True,154,2,0,512,5.12,0
280,35,1,2,4,28,False,73,4,40,1064,10.64,0
281,35,1,2,4,6,True,73,4,22,1046,10.46,0
282,35,1,2,4,20,False,76,2,203,715,7.15,0
283,35,1,2,4,21,False,75,5,44,1324,13.24,0
284,35,1,2,4,7,True,75,5,27,1307,13.07,0
285,35,1,2,4,6,False,57,2,210,722,7.22,0
286,35,1,2,4,14,True,57,2,191,703,7.03,0
