,readout,layer,chipID,payload,location,isCol,timestamp,tot_msb,tot_lsb,tot_total,tot_us,fpga_ts
0,0,1,3,4,16,False,178,5,183,1463,14.63,0
1,0,1,3,4,17,False,178,6,83,1619,16.19,0
2,0,1,3,4,11,False,216,6,206,1742,17.42,0
3,0,1,3,4,13,False,214,13,100,3428,34.28,0
4,0,1,2,4,19,False,214,5,152,1432,14.32,0
5,0,1,3,4,33,False,99,7,125,1917,19.17,0
6,0,1,2,4,17,True,214,5,132,1412,14.12,0
7,0,1,3,4,3,True,179,4,107,1131,11.31,0
8,0,1,3,4,4,True,188,5,82,1362,13.62,0
9,0,1,3,4,16,True,187,5,212,1492,14.92,0
10,0,1,3,4,32,True,190,1,17,273,2.73,0
11,0,1,3,4,34,True,193,3,92,860,8.6,0
12,0,1,3,4,33,False,145,0,70,70,0.7,0
13,0,1,3,4,16,False,98,5,83,1363,13.63,0
14,0,1,3,4,17,False,98,5,72,1352,13.52,0
15,0,1,3,4,3,True,99,2,120,632,6.32,0
16,0,1,3,4,4,True,98,5,66,1346,13.46,0
17,0,1,3,4,16,True,98,5,50,1330,13.3,0
18,0,1,3,4,34,True,3,5,0,1280,12.8,167772160
19,0,-1,-1,-1,-1,True,-1,-1,-1,-1,-1.0,-1
20,0,-1,-1,-1,-1,True,-1,-1,-1,-1,-1.0,-1
21,0,-1,-1,-1,-1,True,-1,-1,-1,-1,-1.0,-1
22,0,-1,-1,-1,-1,True,-1,-1,-1,-1,-1.0,-1
23,0,1,3,4,4,True,76,1,79,335,3.35,0
24,0,1,3,4,16,True,74,3,64,832,8.32,0
25,0,1,3,4,34,True,74,0,8,8,0.08,101
26,0,-1,-1,-1,-1,True,-1,-1,-1,-1,-1.0,-1
27,0,1,3,4,3,True,61,4,161,1185,11.85,0
28,0,1,3,4,4,True,60,4,234,1258,12.58,0
29,0,1,3,4,16,True,61,3,21,789,7.89,0
30,0,1,3,4,34,True,208,8,77,2125,21.25,0
31,0,1,3,4,33,False,95,0,143,143,1.43,0
32,0,1,3,4,16,False,52,4,234,1258,12.58,0
33,0,1,3,4,17,False,52,5,80,1360,13.6,0
34,0,1,3,4,3,True,53,3,167,935,9.35,0
35,0,1,3,4,4,True,52,4,210,1234,12.34,0
36,0,1,3,4,16,True,52,5,58,1338,13.38,0
37,0,1,3,4,34,True,95,0,120,120,1.2,0
38,0,1,3,4,15,False,205,2,42,554,5.54,0
39,0,1,3,4,16,False,199,3,251,1019,10.19,0
40,0,1,3,4,17,False,198,4,14,1038,10.38,0
41,0,1,3,4,33,False,78,2,115,627,6.27,0
42,0,1,3,4,4,True,37,3,95,863,8.63,0
43,0,1,3,4,16,True,37,5,189,1469,14.69,0
44,0,1,3,4,33,False,182,9,48,2352,23.52,0
45,0,1,3,4,34,True,181,9,2,2306,23.06,0
46,0,1,3,2,53,True,9,0,0,0,0.0,0
47,0,1,3,2,4,False,16,0,0,0,0.0,0
48,0,1,3,7,5,False,82,4,17,1041,10.41,11535184
49,0,1,3,4,3,True,81,3,130,898,8.98,0
50,0,1,3,4,4,True,79,5,60,1340,13.4,0
51,0,1,3,4,16,True,80,3,155,923,9.23,0
52,0,1,3,4,34,True,204,10,39,2599,25.99,0
53,0,1,3,4,33,False,51,13,106,3434,34.34,0
54,0,1,3,4,34,True,51,13,83,3411,34.11,0
55,0,1,3,4,15,False,230,5,146,1426,14.26,0
56,0,1,3,4,16,False,225,5,179,1459,14.59,0
57,0,1,3,4,17,False,85,7,74,1866,18.66,0
58,0,1,3,4,4,True,86,5,171,1451,14.51,0
59,0,1,3,4,16,True,85,7,54,1846,18.46,0
60,0,1,3,4,34,True,74,4,193,1217,12.17,0
61,0,1,3,4,33,False,234,8,64,2112,21.12,0
62,0,1,3,4,16,False,85,6,18,1554,15.54,0
63,0,1,3,4,17,False,84,3,226,994,9.94,0
64,0,1,3,4,3,True,86,3,82,850,8.5,0
65,0,1,3,4,4,True,85,5,252,1532,15.32,0
66,0,1,3,4,16,True,84,3,205,973,9.73,0
67,0,1,3,4,34,True,234,8,41,2089,20.89,0
68,0,1,3,4,33,False,94,13,39,3367,33.67,0
69,0,1,3,4,16,False,7,5,60,1340,13.4,0
70,0,1,3,4,17,False,6,6,235,1771,17.71,0
71,0,1,3,4,3,True,7,4,196,1220,12.2,0
72,0,1,3,4,4,True,7,5,38,1318,13.18,0
73,0,1,3,4,5,True,9,0,155,155,1.55,0
74,0,1,3,4,16,True,6,6,214,1750,17.5,0
75,0,1,3,4,34,True,94,13,17,3345,33.45,0
76,0,1,3,2,30,False,13,0,0,0,0.0,0
77,0,1,3,1,4,False,0,0,0,0,0.0,0
78,0,1,3,0,0,False,0,0,0,0,0.0,0
79,0,1,3,5,5,False,70,4,33,1057,10.57,26
80,0,1,3,1,19,False,0,0,0,0,0.0,0
81,0,1,3,4,3,True,247,3,219,987,9.87,0
82,0,1,3,4,4,True,245,5,48,1328,13.28,0
83,0,1,3,4,16,True,245,4,153,1177,11.77,0
84,0,1,3,4,34,True,26,0,252,252,2.52,0
85,0,1,3,4,33,False,136,14,123,3707,37.07,0
86,0,1,3,4,16,False,67,4,152,1176,11.76,0
87,0,1,3,4,17,False,67,5,196,1476,14.76,0
88,0,1,3,4,3,True,46,4,92,1116,11.16,0
89,0,1,3,4,4,True,45,5,136,1416,14.16,0
90,0,1,3,4,16,True,44,5,173,1453,14.53,0
91,0,1,3,4,34,True,88,0,114,114,1.14,0
92,0,1,3,4,33,False,233,0,147,147,1.47,0
93,0,1,3,4,16,False,190,4,226,1250,12.5,0
94,0,1,3,4,17,False,190,6,44,1580,15.8,0
95,0,1,3,4,3,True,191,3,107,875,8.75,0
96,0,1,3,4,4,True,190,4,204,1228,12.28,0
97,0,1,3,4,16,True,190,6,23,1559,15.59,0
98,0,1,3,4,34,True,233,0,123,123,1.23,0
99,0,1,3,4,33,False,254,1,7,263,2.63,0
100,0,1,3,4,16,False,217,6,146,1682,16.82,0
101,0,1,3,4,17,False,217,5,162,1442,14.42,0
102,0,1,3,4,3,True,217,4,105,1129,11.29,0
103,0,1,3,4,4,True,217,6,124,1660,16.6,0
104,0,1,3,4,16,True,217,5,141,1421,14.21,0
105,0,1,3,4,34,True,254,0,240,240,2.4,0
106,0,1,3,4,33,False,182,11,211,3027,30.27,0
107,0,1,3,4,16,False,78,4,166,1190,11.9,0
108,0,1,3,4,17,False,80,4,246,1270,12.7,0
109,0,1,3,4,3,True,80,3,95,863,8.63,0
110,0,1,3,4,4,True,78,4,143,1167,11.67,0
111,0,1,3,4,16,True,79,4,224,1248,12.48,0
112,0,1,3,4,34,True,182,11,188,3004,30.04,0
113,0,1,3,4,16,False,234,4,114,1138,11.38,0
114,0,1,3,4,17,False,233,6,172,1708,17.08,0
115,0,1,3,4,33,False,87,10,1,2561,25.61,67866652
116,0,-1,-1,-1,-1,True,-1,-1,-1,-1,-1.0,-1
117,0,-1,-1,-1,-1,True,-1,-1,-1,-1,-1.0,-1
118,0,-1,-1,-1,-1,True,-1,-1,-1,-1,-1.0,-1
119,0,-1,-1,-1,-1,True,-1,-1,-1,-1,-1.0,-1
120,0,1,3,4,34,True,95,13,70,3398,33.98,0
121,0,1,3,4,33,False,224,3,182,950,9.5,0
122,0,1,3,4,16,False,12,5,27,1307,13.07,0
123,0,1,3,4,3,True,223,2,206,718,7.18,0
124,0,1,3,4,4,True,221,5,4,1284,12.84,0
125,0,1,3,4,34,True,224,3,160,928,9.28,0
126,0,1,3,4,33,False,62,15,38,3878,38.78,0
127,0,1,3,4,16,False,1,5,83,1363,13.63,0
128,0,1,3,4,17,False,1,5,33,1313,13.13,0
129,0,1,3,4,3,True,3,3,51,819,8.19,0
130,0,1,3,4,4,True,1,5,61,1341,13.41,0
131,0,1,3,4,16,True,1,5,13,1293,12.93,0
132,0,1,3,4,34,True,62,15,16,3856,38.56,0
133,0,1,3,4,16,False,209,4,178,1202,12.02,0
134,0,1,3,4,17,False,208,5,4,1284,12.84,0
135,0,1,3,4,33,False,45,12,175,3247,32.47,0
136,0,1,3,4,3,True,5,10,0,2560,25.6,167772160
137,0,-1,-1,-1,-1,True,-1,-1,-1,-1,-1.0,-1
138,0,58,0,0,0,False,0,0,10,10,0.1,0
139,0,-1,-1,-1,-1,True,-1,-1,-1,-1,-1.0,-1
140,0,-1,-1,-1,-1,True,-1,-1,-1,-1,-1.0,-1
141,0,-1,-1,-1,-1,True,-1,-1,-1,-1,-1.0,-1
142,0,-1,-1,-1,-1,True,-1,-1,-1,-1,-1.0,-1
143,0,1,3,4,16,True,29,5,38,1318,13.18,0
144,0,1,3,4,34,True,108,13,164,3492,34.92,0
145,0,1,3,4,33,False,227,7,185,1977,19.77,0
146,0,1,3,4,16,False,70,4,220,1244,12.44,0
147,0,1,3,4,17,False,9,13,0,3328,33.28,167772160
148,0,-1,-1,-1,-1,True,-1,-1,-1,-1,-1.0,-1
149,0,-1,-1,-1,-1,True,-1,-1,-1,-1,-1.0,-1
150,0,-1,-1,-1,-1,True,-1,-1,-1,-1,-1.0,-1
151,0,-1,-1,-1,-1,True,-1,-1,-1,-1,-1.0,-1
152,0,-1,-1,-1,-1,True,-1,-1,-1,-1,-1.0,-1
153,0,1,3,4,4,True,223,6,55,1591,15.91,0
154,0,1,3,4,16,True,223,6,3,1539,15.39,0
155,0,1,3,4,34,True,100,9,119,2423,24.23,0
156,0,1,3,2,36,False,9,0,0,0,0.0,0
157,0,1,3,7,4,False,16,15,3,3843,38.43,1115366
158,0,1,3,0,0,False,0,0,0,0,0.0,0
159,0,1,3,5,4,False,4,3,225,993,9.93,3
160,0,1,3,7,4,False,132,15,3,3843,38.43,9438415
161,0,1,3,0,0,False,0,0,0,0,0.0,0
162,0,1,3,4,48,True,4,2,99,611,6.11,0
163,0,1,3,1,5,True,0,0,0,0,0.0,0
164,0,1,3,4,33,False,242,0,236,236,2.36,0
165,0,1,3,4,16,False,204,6,89,1625,16.25,0
166,0,1,3,4,17,False,203,6,135,1671,16.71,0
167,0,1,3,4,3,True,205,3,164,932,9.32,0
168,0,1,3,4,4,True,204,6,67,1603,16.03,0
169,0,1,3,4,16,True,203,6,113,1649,16.49,0
170,0,1,3,4,34,True,242,0,213,213,2.13,0
171,0,1,3,4,33,False,221,5,234,1514,15.14,0
172,0,1,3,4,16,False,42,6,8,1544,15.44,0
173,0,1,3,4,17,False,41,5,6,1286,12.86,15
174,0,-1,-1,-1,-1,True,-1,-1,-1,-1,-1.0,-1
175,0,1,3,4,4,True,212,4,31,1055,10.55,0
176,0,1,3,4,16,True,212,4,57,1081,10.81,0
177,0,1,3,4,32,True,215,0,204,204,2.04,0
178,0,1,3,4,34,True,31,13,242,3570,35.7,0
179,0,1,3,2,31,False,13,0,0,0,0.0,0
180,0,1,3,2,4,False,16,0,0,0,0.0,0
181,0,1,3,2,6,False,163,0,0,0,0.0,0
182,0,1,3,4,17,False,123,4,191,1215,12.15,0
183,0,1,3,4,3,True,123,4,217,1241,12.41,0
184,0,1,3,4,4,True,122,6,141,1677,16.77,0
185,0,1,3,4,5,True,125,2,124,636,6.36,0
186,0,1,3,4,16,True,123,4,171,1195,11.95,0
187,0,1,3,4,34,True,121,3,241,1009,10.09,0
188,0,1,3,4,33,False,17,2,70,582,5.82,0
189,0,1,3,4,16,False,252,5,183,1463,14.63,0
190,0,1,3,4,17,False,252,5,153,1433,14.33,0
191,0,1,3,4,3,True,253,5,154,1434,14.34,0
192,0,1,3,4,4,True,252,4,131,1155,11.55,0
193,0,1,3,4,5,True,254,1,123,379,3.79,0
194,0,1,3,4,16,True,252,5,132,1412,14.12,0
195,0,1,3,4,34,True,17,2,47,559,5.59,0
196,0,1,3,4,33,False,138,0,161,161,1.61,0
197,0,1,3,4,16,False,97,4,16,1040,10.4,0
198,0,1,3,4,17,False,96,5,0,1280,12.8,0
199,0,1,3,4,3,True,101,1,116,372,3.72,0
200,0,1,3,4,4,True,97,3,250,1018,10.18,0
201,0,1,3,4,16,True,96,4,235,1259,12.59,0
202,0,1,3,4,34,True,138,0,137,137,1.37,0
203,0,1,3,4,16,False,255,3,137,905,9.05,0
204,0,1,3,4,17,False,254,4,201,1225,12.25,0
205,0,1,3,4,33,False,96,8,4,2052,20.52,216
206,0,-1,-1,-1,-1,True,-1,-1,-1,-1,-1.0,-1
207,0,1,3,4,3,True,201,3,161,929,9.29,0
208,0,1,3,4,4,True,199,4,162,1186,11.86,0
209,0,1,3,4,16,True,200,4,193,1217,12.17,0
210,0,1,3,4,34,True,236,0,236,236,2.36,0
211,0,1,3,4,16,False,241,4,196,1220,12.2,0
212,0,1,3,4,17,False,242,4,2,1026,10.26,0
213,0,1,3,4,33,False,241,3,217,985,9.85,0
214,0,1,3,4,3,True,241,4,173,1197,11.97,0
215,0,1,3,4,4,True,242,4,60,1084,10.84,0
216,0,1,3,4,16,True,242,3,237,1005,10.05,0
217,0,1,3,4,34,True,241,3,195,963,9.63,0
218,0,1,3,4,33,False,83,9,1,2305,23.05,0
219,0,1,3,4,16,False,199,4,129,1153,11.53,0
220,0,1,3,4,17,False,199,4,253,1277,12.77,0
221,0,1,3,4,3,True,201,4,78,1102,11.02,0
222,0,1,3,4,4,True,199,3,104,872,8.72,0
223,0,1,3,4,16,True,199,4,231,1255,12.55,0
224,0,1,3,4,34,True,83,8,235,2283,22.83,0
225,0,1,3,4,33,False,73,12,147,3219,32.19,0
226,0,1,3,4,16,False,236,5,4,1284,12.84,0
227,0,1,3,4,17,False,235,10,4,2564,25.64,43
228,0,-1,-1,-1,-1,True,-1,-1,-1,-1,-1.0,-1
229,0,1,3,4,3,True,124,3,179,947,9.47,0
230,0,1,3,4,4,True,122,6,72,1608,16.08,0
231,0,1,3,4,16,True,122,4,23,1047,10.47,0
232,0,1,3,4,34,True,249,9,235,2539,25.39,0
233,0,1,3,4,33,False,201,0,239,239,2.39,0
234,0,1,3,4,16,False,164,5,24,1304,13.04,0
235,0,1,3,4,17,False,163,5,157,1437,14.37,0
236,0,1,3,4,3,True,165,2,204,716,7.16,0
237,0,1,3,4,4,True,164,5,17,1297,12.97,0
238,0,1,3,4,16,True,163,5,136,1416,14.16,0
239,0,1,3,4,34,True,201,0,215,215,2.15,0
240,0,1,3,4,16,False,87,3,162,930,9.3,0
241,0,1,3,4,17,False,87,3,59,827,8.27,0
242,0,1,3,4,33,False,20,0,139,139,1.39,0
243,0,1,3,4,3,True,236,3,56,824,8.24,0
244,0,1,3,4,4,True,234,2,155,667,6.67,0
245,0,1,3,4,16,True,233,6,36,1572,15.72,0
246,0,1,3,4,34,True,20,0,115,115,1.15,0
247,0,1,3,4,15,False,96,2,211,723,7.23,0
248,0,1,3,4,16,False,93,5,10,1290,12.9,0
249,0,1,3,4,17,False,93,5,2,1282,12.82,0
250,0,1,3,4,33,False,202,11,100,2916,29.16,0
251,0,1,3,4,3,True,94,4,87,1111,11.11,0
252,0,1,3,4,4,True,93,4,249,1273,12.73,0
253,0,1,3,4,16,True,93,4,236,1260,12.6,0
254,0,1,3,4,34,True,202,11,77,2893,28.93,0
255,0,1,3,4,33,False,65,0,153,153,1.53,0
256,0,1,3,4,16,False,22,6,201,1737,17.37,0
257,0,1,3,4,17,False,23,8,27,2075,20.75,0
258,0,1,3,4,3,True,246,2,215,727,7.27,0
259,0,1,3,4,4,True,244,4,255,1279,12.79,0
260,0,1,3,4,16,True,243,5,178,1458,14.58,0
261,0,1,3,4,34,True,139,8,5,2053,20.53,0
262,0,1,3,4,33,False,76,15,220,4060,40.6,0
263,0,1,3,4,16,False,24,5,24,1304,13.04,0
264,0,1,3,4,17,False,23,4,227,1251,12.51,0
265,0,1,3,4,3,True,25,2,95,607,6.07,0
266,0,1,3,4,4,True,24,5,2,1282,12.82,0
267,0,1,3,4,16,True,23,4,207,1231,12.31,0
268,0,1,3,4,34,True,76,15,197,4037,40.37,0
269,0,1,3,2,12,False,15,0,0,0,0.0,0
270,0,1,3,5,4,False,16,3,6,774,7.74,235
271,0,1,3,4,17,False,164,4,190,1214,12.14,0
272,0,1,3,4,3,True,164,5,71,1351,13.51,0
273,0,1,3,4,4,True,163,6,213,1749,17.49,0
274,0,1,3,4,16,True,164,4,169,1193,11.93,0
275,0,1,3,4,34,True,183,2,64,576,5.76,0
276,0,1,3,2,55,True,2,0,0,0,0.0,0
277,0,1,3,0,0,False,0,0,0,0,0.0,0
278,0,1,3,4,16,False,4,5,239,1519,15.19,0
279,0,1,3,4,17,False,106,5,21,1301,13.01,0
280,0,1,3,4,3,True,107,6,30,1566,15.66,0
281,0,1,3,4,4,True,106,7,112,1904,19.04,0
282,0,1,3,4,16,True,106,5,1,1281,12.81,0
283,0,1,3,4,34,True,197,12,189,3261,32.61,0
284,0,1,3,4,17,False,86,3,225,993,9.93,0
285,0,1,3,4,16,False,85,5,113,1393,13.93,0
286,0,1,3,4,33,False,69,5,61,1341,13.41,0
287,0,1,3,4,3,True,86,3,24,792,7.92,0
288,0,1,3,4,4,True,85,5,91,1371,13.71,0
289,0,1,3,4,16,True,86,3,204,972,9.72,0
290,0,1,3,4,34,True,69,5,37,1317,13.17,0
291,0,1,3,4,33,False,41,8,87,2135,21.35,0
292,0,1,3,4,16,False,150,4,158,1182,11.82,0
293,0,1,3,4,17,False,10,0,0,0,0.0,167772160
294,0,-1,-1,-1,-1,True,-1,-1,-1,-1,-1.0,-1
295,0,-1,-1,-1,-1,True,-1,-1,-1,-1,-1.0,-1
296,0,-1,-1,-1,-1,True,-1,-1,-1,-1,-1.0,-1
297,0,-1,-1,-1,-1,True,-1,-1,-1,-1,-1.0,-1
298,0,-1,-1,-1,-1,True,-1,-1,-1,-1,-1.0,-1
299,0,-1,-1,-1,-1,True,-1,-1,-1,-1,-1.0,-1
300,0,1,3,4,4,True,209,5,159,1439,14.39,0
301,0,1,3,4,16,True,209,3,255,1023,10.23,0
302,0,1,3,4,34,True,71,10,170,2730,27.3,0
303,0,1,3,4,33,False,135,4,128,1152,11.52,0
304,0,1,3,4,16,False,143,4,233,1257,12.57,0
305,0,1,3,4,17,False,234,14,38,3622,36.22,0
306,0,1,3,4,3,True,166,0,234,234,2.34,0
307,0,1,3,4,4,True,163,4,93,1117,11.17,0
308,0,1,3,4,16,True,162,2,138,650,6.5,0
309,0,1,3,4,34,True,234,14,15,3599,35.99,0
310,0,1,3,4,33,False,33,13,111,3439,34.39,0
311,0,1,3,4,15,False,208,5,118,1398,13.98,0
312,0,1,3,4,16,False,205,6,255,1791,17.91,0
313,0,1,3,4,17,False,206,5,241,1521,15.21,0
314,0,1,3,4,3,True,206,5,211,1491,14.91,0
315,0,1,3,4,4,True,205,6,233,1769,17.69,0
316,0,1,3,4,16,True,206,5,221,1501,15.01,0
317,0,1,3,4,34,True,33,13,89,3417,34.17,0
318,0,1,3,4,16,False,220,4,27,1051,10.51,0
319,0,1,3,4,17,False,220,5,99,1379,13.79,0
320,0,1,3,4,33,False,234,7,107,1899,18.99,0
321,0,1,3,4,3,True,216,3,58,826,8.26,0
322,0,1,3,4,4,True,214,7,85,1877,18.77,0
323,0,1,3,4,16,True,214,5,94,1374,13.74,0
324,0,1,3,4,34,True,2,0,110,110,1.1,0
325,0,1,3,4,33,False,134,10,178,2738,27.38,0
326,0,1,3,4,16,False,17,4,158,1182,11.82,0
327,0,1,3,4,17,False,15,5,56,1336,13.36,0
328,0,1,3,4,3,True,18,4,31,1055,10.55,0
329,0,1,3,4,4,True,17,4,136,1160,11.6,0
330,0,1,3,4,5,True,18,1,80,336,3.36,0
331,0,1,3,4,16,True,15,5,35,1315,13.15,0
332,0,1,3,4,34,True,134,10,155,2715,27.15,0
333,0,1,3,4,15,False,127,2,30,542,5.42,0
334,0,1,3,4,16,False,120,5,221,1501,15.01,0
335,0,1,3,4,17,False,120,5,133,1413,14.13,0
336,0,1,3,4,33,False,160,5,1,1281,12.81,149
337,0,-1,-1,-1,-1,True,-1,-1,-1,-1,-1.0,-1
338,0,1,3,4,4,True,131,5,197,1477,14.77,0
339,0,1,3,4,16,True,133,3,35,803,8.03,0
340,0,1,3,4,32,True,133,0,215,215,2.15,0
341,0,1,3,4,34,True,231,12,17,3089,30.89,0
342,0,1,3,4,16,False,178,5,42,1322,13.22,0
343,0,1,3,4,17,False,177,4,142,1166,11.66,0
344,0,1,3,4,33,False,11,12,237,3309,33.09,0
345,0,1,3,4,3,True,179,4,27,1051,10.51,0
346,0,1,3,4,4,True,178,5,19,1299,12.99,0
347,0,1,3,4,16,True,177,4,120,1144,11.44,0
348,0,1,3,4,34,True,11,12,215,3287,32.87,0
349,0,1,3,4,16,False,18,3,44,812,8.12,0
350,0,1,3,4,17,False,15,5,42,1322,13.22,0
351,0,1,3,4,33,False,114,12,60,3132,31.32,0
352,0,1,3,4,3,True,18,6,166,1702,17.02,0
353,0,1,3,4,3,True,117,3,76,844,8.44,0
354,0,1,3,4,4,True,116,5,111,1391,13.91,0
355,0,1,3,4,16,True,116,6,145,1681,16.81,0
356,0,1,3,4,34,True,229,11,5,2821,28.21,0
357,0,1,3,4,33,False,243,0,203,203,2.03,0
358,0,1,3,4,15,False,205,5,249,1529,15.29,0
359,0,1,3,4,16,False,205,3,246,1014,10.14,0
360,0,1,3,4,17,False,203,4,61,1085,10.85,0
361,0,1,3,4,3,True,205,5,229,1509,15.09,0
362,0,1,3,4,4,True,205,3,225,993,9.93,0
363,0,1,3,4,16,True,203,4,38,1062,10.62,0
364,0,1,3,4,34,True,243,0,180,180,1.8,0
365,0,1,3,4,15,False,69,3,54,822,8.22,0
366,0,1,3,4,16,False,65,6,205,1741,17.41,0
367,0,1,3,4,17,False,65,4,211,1235,12.35,0
368,0,1,3,4,33,False,73,3,74,842,8.42,0
369,0,1,3,4,3,True,66,4,121,1145,11.45,0
370,0,1,3,4,4,True,64,6,182,1718,17.18,0
371,0,1,3,4,16,True,65,4,190,1214,12.14,0
372,0,1,3,4,32,True,68,0,226,226,2.26,0
373,0,1,3,4,34,True,73,3,51,819,8.19,0
374,0,1,3,4,33,False,153,1,236,492,4.92,0
375,0,1,3,4,16,False,128,5,178,1458,14.58,0
376,0,1,3,4,17,False,127,6,157,1693,16.93,0
377,0,1,3,4,3,True,130,4,72,1096,10.96,0
378,0,1,3,4,4,True,127,5,175,1455,14.55,0
379,0,1,3,4,16,True,127,6,136,1672,16.72,0
380,0,1,3,4,34,True,153,1,214,470,4.7,0
381,0,1,3,4,33,False,197,0,8,8,0.08,0
382,0,1,3,4,16,False,148,5,150,1430,14.3,0
383,0,1,3,4,3,True,148,5,128,1408,14.08,0
384,0,1,3,4,4,True,149,4,69,1093,10.93,0
385,0,1,3,4,34,True,197,15,241,4081,40.81,0
386,0,1,3,4,17,False,89,4,188,1212,12.12,0
387,0,1,3,4,16,False,88,7,98,1890,18.9,0
388,0,1,3,4,33,False,173,13,82,3410,34.1,0
389,0,1,3,4,3,True,91,2,6,518,5.18,0
390,0,1,3,4,4,True,88,7,74,1866,18.66,0
391,0,1,3,4,5,True,91,0,204,204,2.04,0
392,0,1,3,4,16,True,89,4,166,1190,11.9,0
393,0,1,3,4,34,True,173,13,59,3387,33.87,0
394,0,1,3,4,16,False,220,5,3,1283,12.83,0
395,0,1,3,4,17,False,220,4,120,1144,11.44,0
396,0,1,3,4,33,False,51,2,123,635,6.35,0
397,0,1,3,4,4,True,163,4,220,1244,12.44,0
398,0,1,3,4,16,True,163,4,16,1040,10.4,0
399,0,1,3,4,32,True,167,1,24,280,2.8,0
400,0,1,3,4,34,True,81,6,55,1591,15.91,0
401,0,1,3,4,16,False,187,1,158,414,4.14,0
402,0,1,3,4,17,False,185,5,113,1393,13.93,0
403,0,1,3,4,33,False,134,7,222,2014,20.14,0
404,0,1,3,4,4,True,187,1,140,396,3.96,0
405,0,1,3,4,16,True,185,5,93,1373,13.73,0
406,0,1,3,4,34,True,134,7,199,1991,19.91,0
407,0,1,3,2,6,True,7,0,0,0,0.0,0
408,0,1,3,7,4,False,16,1,4,260,2.6,2163726
409,0,1,3,7,2,False,198,0,51,51,0.51,0
410,0,-1,-1,-1,-1,True,-1,-1,-1,-1,-1.0,-1
411,0,1,3,4,4,True,24,7,35,1827,18.27,0
412,0,1,3,4,16,True,26,3,12,780,7.8,0
413,0,1,3,4,34,True,72,0,29,29,0.29,0
414,0,1,3,4,33,False,63,9,156,2460,24.6,0
415,0,1,3,4,16,False,187,4,128,1152,11.52,0
416,0,1,3,4,17,False,187,5,64,1344,13.44,0
417,0,1,3,4,3,True,189,3,84,852,8.52,0
418,0,1,3,4,4,True,187,4,106,1130,11.3,0
419,0,1,3,4,16,True,187,5,44,1324,13.24,0
420,0,1,3,4,32,True,191,0,142,142,1.42,0
421,0,1,3,4,34,True,63,9,134,2438,24.38,0
422,0,1,3,4,16,False,165,2,218,730,7.3,0
423,0,1,3,4,17,False,167,0,254,254,2.54,0
424,0,1,3,4,33,False,123,3,10,778,7.78,0
425,0,1,3,4,3,True,166,2,162,674,6.74,0
426,0,1,3,4,4,True,165,1,206,462,4.62,0
427,0,1,3,4,16,True,167,0,236,236,2.36,0
428,0,1,3,4,34,True,123,2,244,756,7.56,0
429,0,1,3,2,59,False,2,0,0,0,0.0,0
430,0,1,3,4,4,False,16,6,4,1540,15.4,0
431,0,1,3,1,4,False,0,0,0,0,0.0,0
432,0,1,3,1,21,False,0,0,0,0,0.0,0
433,0,1,3,5,30,False,4,3,22,790,7.9,4
434,0,1,3,2,4,False,132,0,0,0,0.0,0
435,0,1,3,5,2,False,142,4,144,1168,11.68,21
436,0,1,3,5,10,False,4,2,103,615,6.15,13
437,0,1,3,4,4,False,33,14,1,3585,35.85,0
438,0,1,3,7,4,False,17,12,3,3075,30.75,9438382
439,0,1,3,4,3,False,154,4,162,1186,11.86,0
440,0,1,3,6,1,False,39,4,33,1057,10.57,3228
441,0,1,3,3,4,False,16,12,0,3072,30.72,0
442,0,1,3,4,24,False,4,1,60,316,3.16,0
443,0,1,3,4,51,True,4,3,61,829,8.29,0
444,0,1,3,3,53,True,4,4,0,1024,10.24,0
445,0,1,3,4,4,False,65,4,144,1168,11.68,0
446,0,1,3,4,4,False,157,4,162,1186,11.86,0
447,0,1,3,4,12,False,92,4,33,1057,10.57,0
448,0,1,3,5,3,False,72,4,15,1039,10.39,255
449,0,1,3,5,16,False,4,0,253,253,2.53,6
450,0,1,3,6,4,False,17,13,5,3333,33.33,1129
451,0,1,3,3,62,True,5,2,0,512,5.12,0
452,0,1,3,4,4,True,252,6,87,1623,16.23,0
453,0,1,3,4,16,True,253,5,84,1364,13.64,0
454,0,1,3,4,34,True,5,3,49,817,8.17,0
455,0,1,3,4,33,False,94,11,25,2841,28.41,0
456,0,1,3,1,30,False,0,0,0,0,0.0,0
457,0,1,3,3,25,False,4,0,0,0,0.0,0
458,0,1,3,5,5,False,179,2,243,755,7.55,0
459,0,-1,-1,-1,-1,True,-1,-1,-1,-1,-1.0,-1
460,0,38,0,0,0,False,0,0,10,10,0.1,0
461,0,-1,-1,-1,-1,True,-1,-1,-1,-1,-1.0,-1
462,0,-1,-1,-1,-1,True,-1,-1,-1,-1,-1.0,-1
463,0,1,3,4,32,True,243,0,165,165,1.65,0
464,0,1,3,4,34,True,196,7,48,1840,18.4,0
465,0,1,3,2,4,True,7,0,0,0,0.0,0
466,0,1,3,0,0,False,0,0,0,0,0.0,0
467,0,1,3,4,16,False,186,3,131,899,8.99,0
468,0,1,3,4,17,False,184,5,20,1300,13.0,0
469,0,1,3,4,3,True,186,3,108,876,8.76,0
470,0,1,3,4,4,True,186,2,187,699,6.99,0
471,0,1,3,4,16,True,184,4,255,1279,12.79,0
472,0,1,3,4,34,True,255,14,74,3658,36.58,0
473,0,1,3,4,33,False,25,7,47,1839,18.39,0
474,0,1,3,4,16,False,69,4,25,1049,10.49,0
475,0,1,3,4,17,False,67,5,252,1532,15.32,0
476,0,1,3,4,4,True,68,4,12,1036,10.36,0
477,0,1,3,4,16,True,67,5,232,1512,15.12,0
478,0,1,3,4,34,True,25,7,24,1816,18.16,0
479,0,1,3,2,25,False,7,0,0,0,0.0,0
480,0,1,3,0,0,False,0,0,0,0,0.0,0
481,0,1,3,4,16,False,80,3,122,890,8.9,0
482,0,1,3,4,17,False,80,5,128,1408,14.08,0
483,0,1,3,4,3,True,82,2,205,717,7.17,0
484,0,1,3,4,4,True,80,3,99,867,8.67,0
485,0,1,3,4,16,True,80,5,107,1387,13.87,0
486,0,1,3,4,34,True,148,14,124,3708,37.08,0
487,0,1,3,4,33,False,155,3,250,1018,10.18,0
488,0,1,3,4,16,False,157,4,198,1222,12.22,0
489,0,1,3,4,17,False,5,14,0,3584,35.84,167772160
490,0,-1,-1,-1,-1,True,-1,-1,-1,-1,-1.0,-1
491,0,-1,-1,-1,-1,True,-1,-1,-1,-1,-1.0,-1
492,0,-1,-1,-1,-1,True,-1,-1,-1,-1,-1.0,-1
493,0,-1,-1,-1,-1,True,-1,-1,-1,-1,-1.0,-1
494,0,1,3,4,4,True,73,4,190,1214,12.14,0
495,0,1,3,4,16,True,72,5,24,1304,13.04,0
496,0,1,3,4,34,True,185,11,19,2835,28.35,0
497,0,1,3,4,33,False,255,1,92,348,3.48,0
498,0,1,3,4,16,False,222,5,210,1490,14.9,0
499,0,1,3,4,17,False,223,4,114,1138,11.38,0
500,0,1,3,4,3,True,223,4,31,1055,10.55,0
501,0,1,3,4,4,True,222,5,188,1468,14.68,0
502,0,1,3,4,16,True,223,4,94,1118,11.18,0
503,0,1,3,4,34,True,255,1,69,325,3.25,0
504,0,1,3,4,16,False,10,3,100,868,8.68,0
505,0,1,3,4,17,False,9,5,7,1287,12.87,0
506,0,1,3,4,33,False,58,0,16,16,0.16,0
507,0,1,3,4,3,True,12,2,221,733,7.33,0
508,0,1,3,4,4,True,10,3,78,846,8.46,0
509,0,1,3,4,16,True,9,4,241,1265,12.65,0
510,0,1,3,4,34,True,58,15,249,4089,40.89,0
511,0,1,3,4,33,False,200,15,206,4046,40.46,0
512,0,1,3,4,16,False,147,5,105,1385,13.85,0
513,0,1,3,4,17,False,147,4,235,1259,12.59,0
514,0,1,3,4,3,True,148,4,190,1214,12.14,0
515,0,1,3,4,4,True,147,5,82,1362,13.62,0
516,0,1,3,4,16,True,147,4,215,1239,12.39,0
517,0,1,3,4,34,True,200,15,183,4023,40.23,0
518,0,1,3,4,17,False,174,2,146,658,6.58,0
519,0,1,3,4,16,False,172,5,101,1381,13.81,0
520,0,1,3,4,33,False,239,14,179,3763,37.63,0
521,0,1,3,4,3,True,174,3,122,890,8.9,0
522,0,1,3,4,4,True,172,5,79,1359,13.59,0
523,0,1,3,4,16,True,174,2,125,637,6.37,0
524,0,1,3,4,34,True,239,14,157,3741,37.41,0
525,0,1,3,4,33,False,69,0,100,100,1.0,0
526,0,1,3,4,16,False,24,5,102,1382,13.82,0
527,0,1,3,4,17,False,25,4,248,1272,12.72,0
528,0,1,3,4,3,True,25,10,1,2561,25.61,190
529,0,-1,-1,-1,-1,True,-1,-1,-1,-1,-1.0,-1
530,0,1,3,4,17,False,110,6,143,1679,16.79,0
531,0,1,3,4,4,True,113,0,77,77,0.77,0
532,0,1,3,4,16,True,110,6,123,1659,16.59,0
533,0,1,3,4,34,True,138,1,168,424,4.24,0
534,0,1,3,4,33,False,77,8,71,2119,21.19,0
535,0,1,3,4,16,False,186,5,142,1422,14.22,0
536,0,1,3,4,17,False,185,4,186,1210,12.1,0
537,0,1,3,4,3,True,217,5,67,1347,13.47,0
538,0,1,3,4,4,True,214,6,220,1756,17.56,0
539,0,1,3,4,16,True,215,4,165,1189,11.89,0
540,0,1,3,4,34,True,218,3,144,912,9.12,0
541,0,1,3,4,33,False,25,8,145,2193,21.93,0
542,0,1,3,4,16,False,136,5,252,1532,15.32,0
543,0,1,3,4,17,False,135,6,63,1599,15.99,0
544,0,1,3,4,3,True,138,2,125,637,6.37,0
545,0,1,3,4,4,True,136,5,229,1509,15.09,0
546,0,1,3,4,16,True,135,6,41,1577,15.77,0
547,0,1,3,4,32,True,139,1,133,389,3.89,0
548,0,1,3,4,34,True,25,8,122,2170,21.7,0
549,0,1,3,4,33,False,144,11,149,2965,29.65,0
550,0,1,3,4,16,False,37,5,10,1290,12.9,0
551,0,1,3,4,17,False,151,5,212,1492,14.92,0
552,0,1,3,4,4,True,149,6,162,1698,16.98,0
553,0,1,3,4,16,True,151,4,3,1027,10.27,0
554,0,1,3,4,32,True,154,0,106,106,1.06,0
555,0,1,3,4,34,True,222,14,49,3633,36.33,0
556,0,1,3,4,16,False,4,4,162,1186,11.86,0
557,0,1,3,4,17,False,3,5,238,1518,15.18,0
558,0,1,3,4,33,False,251,1,6,262,2.62,149
559,0,-1,-1,-1,-1,True,-1,-1,-1,-1,-1.0,-1
560,0,1,3,4,3,True,134,3,13,781,7.81,0
561,0,1,3,4,4,True,131,4,179,1203,12.03,0
562,0,1,3,4,16,True,131,4,197,1221,12.21,0
563,0,1,3,4,34,True,97,6,125,1661,16.61,0
564,0,1,3,4,16,False,53,3,38,806,8.06,0
565,0,1,3,4,17,False,51,5,109,1389,13.89,0
566,0,1,3,4,33,False,39,4,218,1242,12.42,0
567,0,1,3,4,4,True,52,3,33,801,8.01,0
568,0,1,3,4,16,True,51,5,88,1368,13.68,0
569,0,1,3,4,34,True,39,4,195,1219,12.19,0
570,0,1,3,4,16,False,124,4,73,1097,10.97,0
571,0,1,3,4,17,False,125,5,114,1394,13.94,0
572,0,1,3,4,33,False,84,7,25,1817,18.17,0
573,0,1,3,4,3,True,125,3,211,979,9.79,0
574,0,1,3,4,4,True,124,4,51,1075,10.75,0
575,0,1,3,4,16,True,125,5,94,1374,13.74,0
576,0,1,3,4,34,True,84,7,1,1793,17.93,0
577,0,1,3,4,16,False,76,2,220,732,7.32,0
578,0,1,3,4,17,False,72,5,178,1458,14.58,0
579,0,1,3,4,33,False,138,14,209,3793,37.93,0
580,0,1,3,4,4,True,73,3,0,768,7.68,0
581,0,1,3,4,16,True,72,5,156,1436,14.36,0
582,0,1,3,4,34,True,138,14,187,3771,37.71,0
583,0,1,3,4,33,False,126,2,107,619,6.19,0
584,0,1,3,4,16,False,107,5,100,1380,13.8,0
585,0,1,3,4,17,False,42,6,85,1621,16.21,0
586,0,1,3,4,5,True,43,1,251,507,5.07,0
587,0,1,3,4,16,True,41,5,172,1452,14.52,0
588,0,1,3,4,32,True,45,0,172,172,1.72,0
589,0,1,3,4,34,True,70,1,162,418,4.18,0
590,0,1,3,4,17,False,240,3,135,903,9.03,0
591,0,1,3,4,16,False,238,7,47,1839,18.39,0
592,0,1,3,4,33,False,35,15,212,4052,40.52,0
593,0,1,3,4,3,True,239,4,174,1198,11.98,0
594,0,1,3,4,4,True,238,7,25,1817,18.17,0
595,0,1,3,4,16,True,240,3,115,883,8.83,0
596,0,1,3,4,34,True,35,15,189,4029,40.29,0
597,0,1,3,4,17,False,217,3,17,785,7.85,0
598,0,1,3,4,16,False,217,4,216,1240,12.4,0
599,0,1,3,4,33,False,120,7,113,1905,19.05,0
600,0,1,3,4,3,True,217,4,1,1025,10.25,0
601,0,1,3,4,4,True,217,4,194,1218,12.18,0
602,0,1,3,4,5,True,218,1,27,283,2.83,0
603,0,1,3,4,16,True,217,2,253,765,7.65,0
604,0,1,3,4,34,True,120,7,91,1883,18.83,0
605,0,1,3,4,33,False,254,6,62,1598,15.98,0
606,0,1,3,4,16,False,28,5,165,1445,14.45,0
607,0,1,3,4,17,False,27,6,87,1623,16.23,0
608,0,1,3,4,3,True,28,5,142,1422,14.22,0
609,0,1,3,4,4,True,29,3,17,785,7.85,0
610,0,1,3,4,16,True,27,6,67,1603,16.03,0
611,0,1,3,4,34,True,254,6,39,1575,15.75,0
612,0,1,3,4,33,False,228,8,127,2175,21.75,0
613,0,1,3,4,16,False,82,6,201,1737,17.37,0
614,0,1,3,4,17,False,82,6,34,1570,15.7,0
615,0,1,3,4,3,True,83,2,236,748,7.48,0
616,0,1,3,4,4,True,82,6,178,1714,17.14,0
617,0,1,3,4,16,True,82,6,14,1550,15.5,0
618,0,-1,-1,-1,-1,True,-1,-1,-1,-1,-1.0,-1
619,0,-1,-1,-1,-1,True,-1,-1,-1,-1,-1.0,-1
620,0,-1,-1,-1,-1,True,-1,-1,-1,-1,-1.0,-1
621,0,-1,-1,-1,-1,True,-1,-1,-1,-1,-1.0,-1
622,0,-1,-1,-1,-1,True,-1,-1,-1,-1,-1.0,-1
623,0,1,3,4,3,True,201,1,116,372,3.72,0
624,0,1,3,4,4,True,198,3,6,774,7.74,0
625,0,1,3,4,16,True,197,5,97,1377,13.77,0
626,0,1,3,4,34,True,223,1,212,468,4.68,0
627,0,1,3,4,17,False,216,3,140,908,9.08,0
628,0,1,3,4,16,False,216,7,164,1956,19.56,0
629,0,1,3,4,33,False,16,4,197,1221,12.21,0
630,0,1,3,4,3,True,77,3,62,830,8.3,0
631,0,1,3,4,4,True,75,2,124,636,6.36,0
632,0,1,3,4,16,True,74,4,175,1199,11.99,0
633,0,1,3,4,34,True,217,8,150,2198,21.98,0
634,0,1,3,4,33,False,98,4,4,1028,10.28,0
635,0,1,3,4,16,False,99,6,226,1762,17.62,0
636,0,1,3,4,17,False,99,5,132,1412,14.12,0
637,0,1,3,4,3,True,100,4,123,1147,11.47,0
638,0,1,3,4,4,True,99,6,203,1739,17.39,0
639,0,1,3,4,16,True,99,5,112,1392,13.92,0
640,0,1,3,4,32,True,101,0,246,246,2.46,0
641,0,1,3,4,34,True,98,3,237,1005,10.05,0
642,0,1,3,4,33,False,139,13,202,3530,35.3,0
643,0,1,3,4,16,False,60,6,234,1770,17.7,0
644,0,1,3,4,17,False,60,6,200,1736,17.36,0
645,0,1,3,4,3,True,61,5,127,1407,14.07,0
646,0,1,3,4,4,True,60,6,213,1749,17.49,0
647,0,1,3,4,16,True,60,6,179,1715,17.15,0
648,0,1,3,4,34,True,139,13,179,3507,35.07,0
649,0,1,3,4,16,False,203,4,217,1241,12.41,0
650,0,1,3,4,17,False,202,4,66,1090,10.9,0
651,0,1,3,4,33,False,200,12,150,3222,32.22,0
652,0,1,3,4,3,True,123,4,93,1117,11.17,0
653,0,1,3,4,4,True,121,6,239,1775,17.75,0
654,0,1,3,4,16,True,122,4,10,1034,10.34,0
655,0,1,3,4,34,True,215,12,126,3198,31.98,0
656,0,1,3,4,33,False,156,1,249,505,5.05,0
657,0,1,3,4,15,False,135,4,27,1051,10.51,0
658,0,1,3,4,16,False,131,6,15,1551,15.51,0
659,0,1,3,4,17,False,131,5,173,1453,14.53,0
660,0,1,3,4,3,True,132,4,167,1191,11.91,0
661,0,1,3,4,4,True,131,5,249,1529,15.29,0
662,0,1,3,4,16,True,131,5,153,1433,14.33,0
663,0,1,3,4,34,True,156,1,225,481,4.81,0
664,0,1,3,4,16,False,184,3,98,866,8.66,0
665,0,1,3,4,17,False,182,5,37,1317,13.17,0
666,0,1,3,4,33,False,250,14,165,3749,37.49,0
667,0,1,3,4,4,True,184,3,75,843,8.43,0
668,0,1,3,4,16,True,182,5,17,1297,12.97,0
669,0,1,3,4,34,True,250,14,142,3726,37.26,0
670,0,1,3,4,33,False,180,10,16,2576,25.76,0
671,0,1,3,4,16,False,54,5,10,1290,12.9,0
672,0,1,3,4,17,False,54,5,98,1378,13.78,0
673,0,1,3,4,3,True,56,2,163,675,6.75,0
674,0,1,3,4,4,True,54,4,243,1267,12.67,0
675,0,1,3,4,16,True,54,5,77,1357,13.57,0
676,0,1,3,4,34,True,180,9,249,2553,25.53,0
677,0,1,3,4,15,False,245,2,16,528,5.28,0
678,0,1,3,4,16,False,239,4,236,1260,12.6,0
679,0,1,3,4,17,False,239,5,152,1432,14.32,0
680,0,1,3,4,33,False,59,14,13,3597,35.97,0
681,0,1,3,4,3,True,241,6,36,1572,15.72,0
682,0,1,3,4,3,True,28,5,189,1469,14.69,0
683,0,1,3,4,4,True,27,4,77,1101,11.01,0
684,0,1,3,4,16,True,26,6,16,1552,15.52,0
685,0,1,3,4,34,True,169,8,173,2221,22.21,0
686,0,1,3,4,33,False,39,6,141,1677,16.77,0
687,0,1,3,4,16,False,73,5,93,1373,13.73,0
688,0,1,3,4,17,False,73,6,0,1536,15.36,0
689,0,1,3,4,3,True,74,4,96,1120,11.2,0
690,0,1,3,4,4,True,73,5,71,1351,13.51,0
691,0,1,3,4,16,True,73,5,234,1514,15.14,0
692,0,1,3,4,34,True,39,6,118,1654,16.54,0
693,0,1,3,4,16,False,80,1,66,322,3.22,0
694,0,1,3,4,17,False,77,2,177,689,6.89,0
695,0,1,3,4,33,False,149,14,61,3645,36.45,0
696,0,1,3,4,4,True,80,1,44,300,3.0,0
697,0,1,3,4,16,True,77,2,155,667,6.67,0
698,0,1,3,4,34,True,148,14,38,3622,36.22,0
699,0,1,3,4,15,False,57,4,76,1100,11.0,0
700,0,1,3,4,16,False,54,6,246,1782,17.82,0
701,0,1,3,4,17,False,55,6,101,1637,16.37,0
702,0,1,3,4,33,False,166,11,54,2870,28.7,0
703,0,1,3,4,3,True,54,6,212,1748,17.48,0
704,0,1,3,4,4,True,54,6,108,1644,16.44,0
705,0,1,3,4,16,True,55,6,80,1616,16.16,0
706,0,1,3,4,34,True,166,11,32,2848,28.48,0
707,0,1,3,4,33,False,24,13,196,3524,35.24,0
708,0,1,3,4,15,False,204,7,2,1794,17.94,0
709,0,1,3,4,16,False,201,5,91,1371,13.71,0
710,0,1,3,4,17,False,62,14,245,3829,38.29,0
711,0,1,3,4,3,True,255,5,93,1373,13.73,0
712,0,1,3,4,4,True,0,4,7,1031,10.31,0
713,0,1,3,4,16,True,1,2,185,697,6.97,0
714,0,1,3,4,34,True,62,14,222,3806,38.06,0
715,0,1,3,2,62,False,14,0,0,0,0.0,0
716,0,1,3,6,4,False,16,12,4,3076,30.76,1160
717,0,1,3,1,27,True,0,0,0,0,0.0,0
718,0,1,3,5,60,False,4,3,160,928,9.28,1
719,0,1,3,4,4,False,132,12,4,3076,30.76,0
720,0,1,3,2,4,False,144,0,0,0,0.0,0
721,0,1,3,3,5,False,102,4,0,1024,10.24,0
722,0,1,3,2,54,False,6,0,0,0,0.0,0
723,0,1,3,2,4,False,33,0,0,0,0.0,0
724,0,1,3,3,9,False,110,4,0,1024,10.24,0
725,0,1,3,0,0,False,0,0,0,0,0.0,0
726,0,1,3,2,4,False,225,0,0,0,0.0,0
727,0,1,3,4,17,False,41,4,221,1245,12.45,0
728,0,1,3,4,3,True,46,1,53,309,3.09,0
729,0,1,3,4,4,True,43,3,147,915,9.15,0
730,0,1,3,4,16,True,42,4,201,1225,12.25,0
731,0,1,3,4,34,True,104,14,252,3836,38.36,0
732,0,1,3,4,33,False,156,5,124,1404,14.04,0
733,0,1,3,4,15,False,232,4,38,1062,10.62,0
734,0,1,3,4,16,False,228,3,227,995,9.95,0
735,0,1,3,4,17,False,227,5,14,1294,12.94,0
736,0,1,3,4,3,True,28,3,10,778,7.78,51200
737,0,-1,-1,-1,-1,True,-1,-1,-1,-1,-1.0,-1
738,0,-1,-1,-1,-1,True,-1,-1,-1,-1,-1.0,-1
739,0,1,3,4,4,True,5,4,173,1197,11.97,0
740,0,1,3,4,16,True,5,5,187,1467,14.67,0
741,0,1,3,4,34,True,104,12,26,3098,30.98,0
742,0,1,3,4,16,False,84,4,45,1069,10.69,0
743,0,1,3,4,15,False,87,6,212,1748,17.48,0
744,0,1,3,4,17,False,84,3,172,940,9.4,0
745,0,1,3,4,33,False,161,13,227,3555,35.55,0
746,0,1,3,4,3,True,86,6,224,1760,17.6,0
747,0,1,3,4,4,True,84,4,23,1047,10.47,0
748,0,1,3,4,16,True,84,3,152,920,9.2,0
749,0,1,3,4,34,True,161,13,205,3533,35.33,0
750,0,1,3,4,15,False,13,4,16,1040,10.4,0
751,0,1,3,4,16,False,9,4,19,1043,10.43,0
752,0,1,3,4,17,False,9,5,63,1343,13.43,0
753,0,1,3,4,33,False,10,9,0,2304,23.04,167772160
754,0,-1,-1,-1,-1,True,-1,-1,-1,-1,-1.0,-1
755,0,-1,-1,-1,-1,True,-1,-1,-1,-1,-1.0,-1
756,0,-1,-1,-1,-1,True,-1,-1,-1,-1,-1.0,-1
757,0,1,3,4,4,True,198,4,223,1247,12.47,0
758,0,1,3,4,16,True,198,3,1,769,7.69,0
759,0,1,3,4,34,True,66,10,19,2579,25.79,0
760,0,1,3,4,33,False,66,7,160,1952,19.52,0
761,0,1,3,4,16,False,182,5,11,1291,12.91,0
762,0,1,3,4,17,False,181,5,9,1289,12.89,0
763,0,1,3,4,3,True,183,4,153,1177,11.77,0
764,0,1,3,4,4,True,182,4,249,1273,12.73,0
765,0,1,3,4,16,True,181,4,244,1268,12.68,0
766,0,1,3,4,34,True,83,7,138,1930,19.3,0
767,0,1,3,2,19,False,7,0,0,0,0.0,0
768,0,1,3,2,4,False,16,0,0,0,0.0,0
769,0,1,3,0,0,False,0,0,0,0,0.0,0
770,0,1,3,4,32,True,4,1,185,441,4.41,0
771,0,1,3,4,21,True,4,3,186,954,9.54,0
772,0,1,3,2,62,False,165,4,144,1168,11.68,0
773,0,-1,-1,-1,-1,True,-1,-1,-1,-1,-1.0,-1
774,0,-1,-1,-1,-1,True,-1,-1,-1,-1,-1.0,-1
775,0,1,3,4,3,True,166,2,231,743,7.43,0
776,0,1,3,4,4,True,165,5,155,1435,14.35,0
777,0,1,3,4,16,True,165,4,124,1148,11.48,0
778,0,1,3,4,34,True,178,2,209,721,7.21,0
779,0,1,3,4,17,False,24,2,167,679,6.79,0
780,0,1,3,4,16,False,22,5,127,1407,14.07,0
781,0,1,3,4,33,False,58,7,15,1807,18.07,23
782,0,-1,-1,-1,-1,True,-1,-1,-1,-1,-1.0,-1
783,0,1,3,4,4,True,74,1,97,353,3.53,0
784,0,1,3,4,5,True,76,1,22,278,2.78,0
785,0,1,3,4,16,True,73,4,8,1032,10.32,0
786,0,1,3,4,34,True,135,14,255,3839,38.39,0
787,0,1,3,4,16,False,84,2,30,542,5.42,0
788,0,1,3,4,17,False,83,3,53,821,8.21,0
789,0,1,3,4,33,False,185,6,86,1622,16.22,0
790,0,1,3,4,3,True,119,2,153,665,6.65,0
791,0,1,3,4,4,True,117,5,123,1403,14.03,0
792,0,1,3,4,16,True,117,6,65,1601,16.01,0
793,0,1,3,4,34,True,145,1,168,424,4.24,0
794,0,1,3,4,33,False,92,6,213,1749,17.49,0
795,0,1,3,4,16,False,131,5,28,1308,13.08,0
796,0,1,3,4,17,False,129,4,13,1037,10.37,0
797,0,1,3,4,3,True,133,1,99,355,3.55,0
798,0,1,3,4,4,True,131,5,6,1286,12.86,0
799,0,1,3,4,16,True,129,3,248,1016,10.16,0
800,0,1,3,4,34,True,92,6,189,1725,17.25,0
801,0,1,3,4,15,False,3,3,145,913,9.13,0
802,0,1,3,4,16,False,255,5,149,1429,14.29,0
803,0,1,3,4,17,False,255,5,3,1283,12.83,0
804,0,1,3,4,33,False,67,14,158,3742,37.42,0
805,0,1,3,4,3,True,255,4,238,1262,12.62,0
806,0,1,3,4,4,True,255,5,127,1407,14.07,0
807,0,1,3,4,16,True,255,4,239,1263,12.63,0
808,0,1,3,4,34,True,67,14,136,3720,37.2,0
809,0,1,3,4,33,False,215,2,141,653,6.53,0
810,0,1,3,4,16,False,198,6,8,1544,15.44,0
811,0,1,3,4,17,False,197,14,124,3708,37.08,0
812,0,1,3,4,3,True,203,3,35,803,8.03,0
813,0,1,3,4,4,True,202,6,59,1595,15.95,0
814,0,1,3,4,16,True,203,3,97,865,8.65,0
815,0,1,3,4,34,True,16,14,102,3686,36.86,0
816,0,1,3,4,33,False,227,15,163,4003,40.03,0
817,0,1,3,4,15,False,177,5,153,1433,14.33,0
818,0,1,3,4,16,False,172,5,182,1462,14.62,0
819,0,1,3,4,17,False,173,2,2,514,5.14,0
820,0,1,3,4,4,True,124,4,176,1200,12.0,0
821,0,1,3,4,16,True,123,6,128,1664,16.64,0
822,0,1,3,4,32,True,127,0,178,178,1.78,0
823,0,1,3,4,34,True,14,8,97,2145,21.45,0
824,0,1,3,4,33,False,253,15,32,3872,38.72,0
825,0,1,3,4,16,False,192,5,92,1372,13.72,0
826,0,1,3,4,17,False,193,3,235,1003,10.03,0
827,0,1,3,4,3,True,192,4,201,1225,12.25,0
828,0,1,3,4,4,True,192,5,69,1349,13.49,0
829,0,1,3,4,16,True,193,3,215,983,9.83,0
830,0,1,3,4,34,True,253,15,9,3849,38.49,0
831,0,1,3,4,33,False,88,14,230,3814,38.14,0
832,0,1,3,4,16,False,23,6,47,1583,15.83,0
833,0,1,3,4,17,False,23,2,1,513,5.13,58
834,0,-1,-1,-1,-1,True,-1,-1,-1,-1,-1.0,-1
835,0,1,3,4,3,True,132,1,58,314,3.14,0
836,0,1,3,4,4,True,129,2,102,614,6.14,0
837,0,1,3,4,16,True,128,4,41,1065,10.65,0
838,0,1,3,4,34,True,162,1,35,291,2.91,0
839,0,1,3,4,15,False,68,3,23,791,7.91,0
840,0,1,3,4,16,False,62,7,7,1799,17.99,0
841,0,1,3,4,17,False,62,5,193,1473,14.73,0
842,0,1,3,4,33,False,183,10,145,2705,27.05,0
843,0,1,3,4,3,True,64,3,135,903,9.03,0
844,0,1,3,4,4,True,62,6,240,1776,17.76,0
845,0,1,3,4,16,True,62,5,173,1453,14.53,0
846,0,1,3,4,34,True,183,10,122,2682,26.82,0
847,0,1,3,4,15,False,60,3,197,965,9.65,0
848,0,1,3,4,16,False,56,6,119,1655,16.55,0
849,0,1,3,4,17,False,55,6,161,1697,16.97,0
850,0,1,3,4,33,False,164,11,117,2933,29.33,0
851,0,1,3,4,3,True,56,0,0,0,0.0,17432576
852,0,139,0,5,47,True,0,0,0,0,0.0,469830144
853,0,-1,-1,-1,-1,True,-1,-1,-1,-1,-1.0,-1
854,0,-1,-1,-1,-1,True,-1,-1,-1,-1,-1.0,-1
855,0,1,3,4,4,True,139,5,218,1498,14.98,0
856,0,1,3,4,16,True,138,4,149,1173,11.73,0
857,0,1,3,4,34,True,236,12,55,3127,31.27,0
858,0,1,3,4,15,False,159,1,255,511,5.11,0
859,0,1,3,4,16,False,154,4,190,1214,12.14,0
860,0,1,3,4,17,False,154,4,110,1134,11.34,0
861,0,1,3,4,33,False,11,11,13,2829,28.29,0
862,0,1,3,4,3,True,155,2,153,665,6.65,0
863,0,1,3,4,4,True,154,4,168,1192,11.92,0
864,0,1,3,4,16,True,154,4,89,1113,11.13,0
865,0,1,3,4,34,True,11,10,245,2805,28.05,0
866,0,1,3,4,6,False,47,0,0,0,0.0,17432576
867,0,-1,-1,-1,-1,True,-1,-1,-1,-1,-1.0,-1
868,0,-1,-1,-1,-1,True,-1,-1,-1,-1,-1.0,-1
869,0,1,3,4,4,True,4,4,2,1026,10.26,0
870,0,1,3,4,16,True,3,5,48,1328,13.28,0
871,0,1,3,4,34,True,179,6,24,1560,15.6,0
872,0,1,3,4,33,False,179,3,77,845,8.45,0
873,0,1,3,4,16,False,172,6,42,1578,15.78,0
874,0,1,3,4,3,True,173,2,111,623,6.23,0
875,0,1,3,4,4,True,172,6,20,1556,15.56,0
876,0,1,3,4,34,True,179,3,54,822,8.22,0
877,0,1,3,4,33,False,124,11,8,2824,28.24,0
878,0,1,3,4,16,False,79,3,225,993,9.93,0
879,0,1,3,4,3,True,82,1,102,358,3.58,0
880,0,1,3,4,4,True,79,4,149,1173,11.73,0
881,0,1,3,4,16,True,79,3,204,972,9.72,0
882,0,1,3,4,34,True,94,2,164,676,6.76,0
883,0,1,3,2,30,False,2,0,0,0,0.0,0
884,0,1,3,4,4,False,16,9,6,2310,23.1,0
885,0,1,3,5,4,False,17,9,4,2308,23.08,218
886,0,1,3,4,3,True,106,5,62,1342,13.42,0
887,0,1,3,4,4,True,105,6,174,1710,17.1,0
888,0,1,3,4,16,True,105,4,198,1222,12.22,0
889,0,1,3,4,28,False,117,10,178,2738,27.38,0
890,0,1,3,4,34,True,117,2,100,612,6.12,0
891,0,1,3,4,33,False,185,15,221,4061,40.61,0
892,0,1,3,4,15,False,137,5,177,1457,14.57,0
893,0,1,3,4,16,False,133,5,229,1509,15.09,0
894,0,1,3,4,17,False,132,0,10,10,0.1,2215713793
895,0,61,0,0,0,False,0,0,10,10,0.1,0
896,0,-1,-1,-1,-1,True,-1,-1,-1,-1,-1.0,-1
897,0,-1,-1,-1,-1,True,-1,-1,-1,-1,-1.0,-1
898,0,1,3,4,4,True,131,5,108,1388,13.88,0
899,0,1,3,4,16,True,132,6,39,1575,15.75,0
900,0,1,3,4,32,True,135,1,95,351,3.51,0
901,0,1,3,4,34,True,151,2,89,601,6.01,0
902,0,1,3,4,33,False,37,14,164,3748,37.48,0
903,0,1,3,4,16,False,226,5,69,1349,13.49,0
904,0,1,3,4,17,False,226,7,96,1888,18.88,0
905,0,1,3,4,3,True,227,4,29,1053,10.53,0
906,0,1,3,4,4,True,226,5,46,1326,13.26,0
907,0,1,3,4,16,True,226,7,65,1857,18.57,0
908,0,1,3,4,32,True,229,2,2,514,5.14,0
909,0,1,3,4,34,True,37,14,142,3726,37.26,0
910,0,1,3,2,37,False,14,0,0,0,0.0,0
911,0,1,3,6,4,False,16,12,4,3076,30.76,1251
912,0,1,3,1,59,True,0,0,0,0,0.0,0
913,0,1,3,5,5,False,93,0,0,0,0.0,17432576
914,0,-1,-1,-1,-1,True,-1,-1,-1,-1,-1.0,-1
915,0,-1,-1,-1,-1,True,-1,-1,-1,-1,-1.0,-1
916,0,1,3,4,4,True,249,4,231,1255,12.55,0
917,0,1,3,4,16,True,249,5,71,1351,13.51,0
918,0,1,3,4,34,True,45,15,194,4034,40.34,0
919,0,1,3,2,45,False,15,0,0,0,0.0,0
920,0,1,3,2,4,False,16,0,0,0,0.0,0
921,0,1,3,4,5,False,250,4,17,1041,10.41,0
922,0,1,3,5,3,False,190,2,201,713,7.13,0
923,0,-1,-1,-1,-1,True,-1,-1,-1,-1,-1.0,-1
924,0,-1,-1,-1,-1,True,-1,-1,-1,-1,-1.0,-1
925,0,-1,-1,-1,-1,True,-1,-1,-1,-1,-1.0,-1
926,0,-1,-1,-1,-1,True,-1,-1,-1,-1,-1.0,-1
927,0,1,3,4,4,True,183,5,68,1348,13.48,0
928,0,1,3,4,16,True,185,2,54,566,5.66,0
929,0,1,3,4,34,True,198,2,178,690,6.9,0
930,0,1,3,4,33,False,136,11,0,2816,28.16,0
931,0,1,3,4,16,False,22,5,100,1380,13.8,0
932,0,1,3,4,17,False,22,6,250,1786,17.86,0
933,0,1,3,4,3,True,23,4,198,1222,12.22,0
934,0,1,3,4,4,True,22,5,78,1358,13.58,0
935,0,1,3,4,16,True,22,6,228,1764,17.64,0
936,0,1,3,4,34,True,136,10,233,2793,27.93,0
937,0,1,3,4,15,False,29,4,18,1042,10.42,0
938,0,1,3,4,16,False,24,6,190,1726,17.26,0
939,0,1,3,4,17,False,24,6,3,1539,15.39,0
940,0,1,3,4,33,False,133,11,103,2919,29.19,0
941,0,1,3,4,3,True,25,5,199,1479,14.79,0
942,0,1,3,4,3,True,0,3,58,826,8.26,0
943,0,1,3,4,4,True,254,5,202,1482,14.82,0
944,0,1,3,4,16,True,255,3,207,975,9.75,0
945,0,1,3,4,34,True,231,5,176,1456,14.56,0
946,0,1,3,4,33,False,230,3,233,1001,10.01,0
947,0,1,3,4,16,False,230,5,53,1333,13.33,0
948,0,1,3,4,17,False,1,4,0,1024,10.24,167772160
949,0,-1,-1,-1,-1,True,-1,-1,-1,-1,-1.0,-1
950,0,-1,-1,-1,-1,True,-1,-1,-1,-1,-1.0,-1
951,0,-1,-1,-1,-1,True,-1,-1,-1,-1,-1.0,-1
952,0,1,3,4,4,True,51,3,229,997,9.97,0
953,0,1,3,4,16,True,50,6,239,1775,17.75,0
954,0,1,3,4,34,True,84,1,46,302,3.02,0
955,0,1,3,4,33,False,193,6,192,1728,17.28,0
956,0,1,3,4,16,False,24,6,58,1594,15.94,0
957,0,1,3,4,17,False,24,5,229,1509,15.09,0
958,0,1,3,4,3,True,26,4,250,1274,12.74,0
959,0,1,3,4,4,True,24,6,36,1572,15.72,0
960,0,1,3,4,5,True,29,0,134,134,1.34,0
961,0,1,3,4,16,True,24,5,209,1489,14.89,0
962,0,1,3,4,34,True,193,6,170,1706,17.06,0
963,0,1,3,2,1,True,6,0,0,0,0.0,0
964,0,1,3,2,4,False,16,0,0,0,0.0,0
965,0,1,3,3,3,False,174,4,0,1024,10.24,0
966,0,1,3,1,58,True,0,0,0,0,0.0,0
967,0,1,3,5,2,False,4,4,187,1211,12.11,3
968,0,1,3,7,4,False,144,9,4,2308,23.08,10618094
969,0,1,3,6,13,False,229,4,33,1057,10.57,3719
970,0,1,3,7,4,False,15,8,4,2052,20.52,1049855
971,0,1,3,3,6,False,183,4,0,1024,10.24,0
972,0,1,3,1,58,True,0,0,0,0,0.0,0
973,0,1,3,5,45,True,4,3,68,836,8.36,5
974,0,1,3,1,4,False,0,0,0,0,0.0,0
975,0,1,3,4,3,False,6,1,4,260,2.6,0
976,0,1,3,0,0,False,0,0,0,0,0.0,0
977,0,1,3,3,5,False,151,4,0,1024,10.24,0
978,0,1,3,2,7,True,14,0,0,0,0.0,0
979,0,1,3,1,4,False,0,0,0,0,0.0,0
980,0,1,3,1,28,True,0,0,0,0,0.0,0
981,0,1,3,1,25,True,0,0,0,0,0.0,0
982,0,1,3,4,15,False,193,4,222,1246,12.46,0
983,0,1,3,4,16,False,190,6,183,1719,17.19,0
984,0,1,3,4,17,False,191,4,172,1196,11.96,0
985,0,1,3,4,3,True,191,4,242,1266,12.66,0
986,0,1,3,4,4,True,190,6,159,1695,16.95,0
987,0,1,3,4,16,True,191,4,151,1175,11.75,0
988,0,1,3,4,32,True,193,1,84,340,3.4,0
989,0,1,3,4,34,True,220,1,130,386,3.86,0
990,0,1,3,4,33,False,5,4,180,1204,12.04,0
991,0,1,3,4,16,False,15,6,110,1646,16.46,0
992,0,1,3,4,17,False,15,6,5,1541,15.41,0
993,0,1,3,4,3,True,16,7,173,1965,19.65,0
994,0,1,3,4,4,True,164,8,117,2165,21.65,0
995,0,1,3,4,6,True,232,8,100,2148,21.48,0
996,0,1,3,4,16,True,230,8,162,2210,22.1,0
997,0,1,3,4,33,False,126,2,95,607,6.07,0
998,0,1,3,4,3,True,107,4,60,1084,10.84,0
999,0,1,3,4,16,False,106,6,166,1702,17.02,0
1000,0,1,3,4,17,False,106,5,201,1481,14.81,0
1001,0,1,3,4,4,True,106,6,143,1679,16.79,0
1002,0,1,3,4,16,True,106,5,181,1461,14.61,0
1003,0,1,3,4,34,True,126,2,73,585,5.85,0
1004,0,1,3,4,33,False,14,13,8,3336,33.36,0
1005,0,1,3,4,15,False,187,3,2,770,7.7,0
1006,0,1,3,4,16,False,182,5,121,1401,14.01,0
1007,0,1,3,4,17,False,182,3,98,866,8.66,0
1008,0,1,3,4,3,True,183,5,82,1362,13.62,0
1009,0,1,3,4,4,True,182,3,190,958,9.58,0
1010,0,1,3,4,16,True,183,3,57,825,8.25,0
1011,0,1,3,4,34,True,14,12,240,3312,33.12,0
1012,0,1,3,4,33,False,24,12,55,3127,31.27,0
1013,0,1,3,4,16,False,182,3,149,917,9.17,0
1014,0,1,3,4,17,False,181,5,162,1442,14.42,0
1015,0,1,3,4,3,True,185,1,129,385,3.85,0
1016,0,1,3,4,4,True,182,3,127,895,8.95,0
1017,0,1,3,4,16,True,181,5,142,1422,14.22,0
1018,0,1,3,4,34,True,24,12,32,3104,31.04,0
1019,0,1,3,4,33,False,185,14,207,3791,37.91,0
1020,0,1,3,4,3,True,122,1,204,460,4.6,0
1021,0,1,3,4,16,False,119,5,173,1453,14.53,0
1022,0,1,3,4,17,False,5,2,0,512,5.12,167772160
1023,0,-1,-1,-1,-1,True,-1,-1,-1,-1,-1.0,-1
1024,0,-1,-1,-1,-1,True,-1,-1,-1,-1,-1.0,-1
1025,0,1,3,4,4,True,168,5,59,1339,13.39,0
1026,0,1,3,4,16,True,169,5,203,1483,14.83,0
1027,0,1,3,4,33,False,141,11,1,2817,28.17,0
1028,0,1,3,4,16,False,28,3,55,823,8.23,0
1029,0,1,3,4,17,False,26,5,86,1366,13.66,0
1030,0,1,3,4,3,True,3,3,0,768,7.68,167772160
1031,0,-1,-1,-1,-1,True,-1,-1,-1,-1,-1.0,-1
1032,0,-1,-1,-1,-1,True,-1,-1,-1,-1,-1.0,-1
1033,0,1,3,4,16,True,168,4,155,1179,11.79,0
1034,0,1,3,4,34,True,172,3,128,896,8.96,0
1035,0,1,3,4,33,False,114,8,122,2170,21.7,0
1036,0,1,3,4,34,True,114,8,100,2148,21.48,0
1037,0,1,3,4,16,False,224,7,243,2035,20.35,0
1038,0,1,3,4,17,False,223,5,235,1515,15.15,0
1039,0,1,3,4,3,True,225,4,245,1269,12.69,0
1040,0,1,3,4,4,True,224,7,220,2012,20.12,0
1041,0,1,3,4,16,True,223,5,215,1495,14.95,0
1042,0,1,3,4,33,False,123,9,9,2313,23.13,0
1043,0,1,3,4,16,False,240,3,214,982,9.82,0
1044,0,1,3,4,17,False,239,5,150,1430,14.3,0
1045,0,1,3,4,3,True,242,3,150,918,9.18,0
1046,0,1,3,4,4,True,240,3,191,959,9.59,0
1047,0,1,3,4,16,True,239,5,130,1410,14.1,0
1048,0,1,3,4,32,True,244,0,127,127,1.27,0
1049,0,1,3,4,34,True,123,8,242,2290,22.9,0
1050,0,1,3,4,33,False,154,1,62,318,3.18,0
1051,0,1,3,4,16,False,120,5,11,1291,12.91,0
1052,0,1,3,4,17,False,121,3,138,906,9.06,0
1053,0,1,3,4,3,True,121,3,147,915,9.15,0
1054,0,1,3,4,4,True,120,4,245,1269,12.69,0
1055,0,1,3,4,16,True,121,3,116,884,8.84,0
1056,0,1,3,4,34,True,154,1,39,295,2.95,0
1057,0,1,3,4,33,False,231,11,35,2851,28.51,0
1058,0,1,3,4,17,False,122,3,27,795,7.95,0
1059,0,1,3,4,16,False,119,6,65,1601,16.01,0
1060,0,1,3,4,3,True,5,11,0,2816,28.16,167772160
1061,0,-1,-1,-1,-1,True,-1,-1,-1,-1,-1.0,-1
1062,0,-1,-1,-1,-1,True,-1,-1,-1,-1,-1.0,-1
1063,0,1,3,4,32,True,42,0,190,190,1.9,0
1064,0,1,3,4,34,True,156,10,182,2742,27.42,0
1065,0,1,3,4,33,False,156,0,208,208,2.08,0
1066,0,1,3,4,16,False,11,4,147,1171,11.71,0
1067,0,1,3,4,17,False,10,10,6,2566,25.66,103
1068,0,-1,-1,-1,-1,True,-1,-1,-1,-1,-1.0,-1
1069,0,1,3,4,16,True,29,3,111,879,8.79,0
1070,0,1,3,4,32,True,30,0,135,135,1.35,0
1071,0,1,3,4,34,True,51,1,231,487,4.87,0
1072,0,1,3,4,33,False,9,2,92,604,6.04,0
1073,0,1,3,4,17,False,247,2,128,640,6.4,0
1074,0,1,3,4,16,True,247,2,108,620,6.2,0
1075,0,1,3,4,34,True,9,2,69,581,5.81,0
1076,0,1,3,4,33,False,177,8,129,2177,21.77,0
1077,0,1,3,4,16,False,32,6,1,1537,15.37,0
1078,0,1,3,4,17,False,31,5,182,1462,14.62,0
1079,0,1,3,4,3,True,34,1,2,258,2.58,242
1080,0,-1,-1,-1,-1,True,-1,-1,-1,-1,-1.0,-1
1081,0,1,3,4,4,True,32,3,94,862,8.62,0
1082,0,1,3,4,16,True,31,6,88,1624,16.24,0
1083,0,1,3,4,34,True,89,15,86,3926,39.26,0
1084,0,1,3,4,33,False,10,15,184,4024,40.24,0
1085,0,1,3,4,15,False,220,0,204,204,2.04,0
1086,0,1,3,4,16,False,213,5,44,1324,13.24,0
1087,0,1,3,4,17,False,212,4,122,1146,11.46,0
1088,0,1,3,4,3,True,5,12,0,3072,30.72,167772160
1089,0,-1,-1,-1,-1,True,-1,-1,-1,-1,-1.0,-1
1090,0,-1,-1,-1,-1,True,-1,-1,-1,-1,-1.0,-1
1091,0,-1,-1,-1,-1,True,-1,-1,-1,-1,-1.0,-1
1092,0,1,3,4,4,True,17,5,231,1511,15.11,0
1093,0,1,3,4,16,True,16,5,216,1496,14.96,0
1094,0,1,3,4,33,False,134,15,126,3966,39.66,0
1095,0,1,3,4,16,False,78,3,97,865,8.65,0
1096,0,1,3,4,17,False,76,6,82,1618,16.18,0
1097,0,1,3,4,3,True,3,13,0,3328,33.28,167772160
1098,0,-1,-1,-1,-1,True,-1,-1,-1,-1,-1.0,-1
1099,0,-1,-1,-1,-1,True,-1,-1,-1,-1,-1.0,-1
1100,0,1,3,4,16,True,252,5,97,1377,13.77,0
1101,0,1,3,4,34,True,45,0,10,10,0.1,0
1102,0,1,3,4,33,False,180,9,238,2542,25.42,0
1103,0,1,3,4,15,False,55,5,3,1283,12.83,0
1104,0,1,3,4,16,False,53,4,131,1155,11.55,0
1105,0,1,3,4,17,False,52,5,6,1286,12.86,0
1106,0,1,3,4,3,True,53,5,34,1314,13.14,0
1107,0,1,3,4,4,True,52,3,61,829,8.29,0
1108,0,1,3,4,16,True,52,4,240,1264,12.64,0
1109,0,1,3,4,34,True,180,9,215,2519,25.19,0
1110,0,1,3,4,33,False,24,0,84,84,0.84,0
1111,0,1,3,4,16,False,237,2,231,743,7.43,0
1112,0,1,3,4,17,False,236,2,49,561,5.61,0
1113,0,1,3,4,3,True,17,3,102,870,8.7,0
1114,0,1,3,4,4,True,19,2,120,632,6.32,0
1115,0,1,3,4,16,True,15,5,78,1358,13.58,0
1116,0,1,3,4,34,True,42,1,180,436,4.36,0
1117,0,1,3,4,28,False,226,9,134,2438,24.38,0
1118,0,1,3,4,34,True,9,6,4,1540,15.4,0
1119,0,1,3,0,0,False,0,0,0,0,0.0,0
1120,0,1,3,5,5,False,197,4,131,1155,11.55,94
1121,0,1,3,3,57,True,4,4,0,1024,10.24,0
1122,0,1,3,5,5,False,175,4,144,1168,11.68,93
1123,0,1,3,4,50,True,4,0,97,97,0.97,0
1124,0,1,3,0,0,False,0,0,0,0,0.0,0
1125,0,1,3,6,4,False,162,2,9,521,5.21,1133
1126,0,1,3,1,60,True,0,0,0,0,0.0,0
1127,0,1,3,5,33,False,4,0,101,101,1.01,4
1128,0,1,3,2,4,False,126,3,175,943,9.43,0
1129,0,-1,-1,-1,-1,True,-1,-1,-1,-1,-1.0,-1
1130,0,-1,-1,-1,-1,True,-1,-1,-1,-1,-1.0,-1
1131,0,1,3,4,4,True,128,2,118,630,6.3,0
1132,0,1,3,4,16,True,126,3,81,849,8.49,0
1133,0,1,3,4,34,True,246,10,107,2667,26.67,0
1134,0,1,3,4,33,False,86,14,6,3590,35.9,0
1135,0,1,3,4,17,False,11,4,74,1098,10.98,0
1136,0,1,3,4,16,False,10,6,255,1791,17.91,0
1137,0,1,3,4,3,True,11,4,238,1262,12.62,0
1138,0,1,3,4,4,True,10,6,233,1769,17.69,0
1139,0,1,3,4,5,True,13,0,195,195,1.95,0
1140,0,1,3,4,16,True,11,4,54,1078,10.78,0
1141,0,1,3,4,32,True,13,0,171,171,1.71,0
1142,0,1,3,4,34,True,86,13,240,3568,35.68,0
1143,0,1,3,4,33,False,218,8,190,2238,22.38,0
1144,0,1,3,4,15,False,81,1,176,432,4.32,0
1145,0,1,3,4,16,False,75,5,147,1427,14.27,0
1146,0,1,3,4,17,False,74,6,150,1686,16.86,0
1147,0,1,3,4,3,True,76,4,119,1143,11.43,0
1148,0,1,3,4,4,True,75,5,125,1405,14.05,0
1149,0,1,3,4,16,True,74,6,129,1665,16.65,0
1150,0,1,3,4,34,True,218,8,168,2216,22.16,0
1151,0,1,3,4,33,False,7,5,197,1477,14.77,0
1152,0,1,3,4,15,False,37,3,166,934,9.34,0
1153,0,1,3,4,16,False,31,4,217,1241,12.41,0
1154,0,1,3,4,17,False,32,3,112,880,8.8,0
1155,0,1,3,4,3,True,32,3,237,1005,10.05,0
1156,0,1,3,4,4,True,36,3,230,998,9.98,0
1157,0,1,3,4,17,False,35,5,147,1427,14.27,0
1158,0,1,3,4,3,True,38,1,234,490,4.9,0
1159,0,1,3,4,4,True,36,3,207,975,9.75,0
1160,0,1,3,4,16,True,35,5,126,1406,14.06,0
1161,0,1,3,4,34,True,63,1,182,438,4.38,0
1162,0,1,3,4,33,False,11,12,95,3167,31.67,0
1163,0,1,3,4,16,False,170,5,123,1403,14.03,0
1164,0,1,3,4,17,False,170,6,65,1601,16.01,0
1165,0,1,3,4,3,True,171,4,61,1085,10.85,0
1166,0,1,3,4,4,True,170,5,100,1380,13.8,0
1167,0,1,3,4,16,True,170,6,45,1581,15.81,0
1168,0,1,3,4,34,True,11,12,71,3143,31.43,0
1169,0,1,3,4,33,False,82,2,24,536,5.36,0
1170,0,1,3,4,16,False,58,6,91,1627,16.27,0
1171,0,1,3,4,17,False,59,5,26,1306,13.06,0
1172,0,1,3,4,3,True,59,4,56,1080,10.8,0
1173,0,1,3,4,4,True,58,6,68,1604,16.04,0
1174,0,1,3,4,16,True,170,5,6,1286,12.86,0
1175,0,1,3,4,34,True,82,2,0,512,5.12,0
1176,0,1,3,4,33,False,96,12,14,3086,30.86,0
1177,0,1,3,4,16,False,254,4,70,1094,10.94,0
1178,0,1,3,4,17,False,0,0,0,0,0.0,469830144
1179,0,-1,-1,-1,-1,True,-1,-1,-1,-1,-1.0,-1
1180,0,1,3,4,16,True,155,5,143,1423,14.23,0
1181,0,1,3,4,34,True,81,5,172,1452,14.52,0
1182,0,1,3,4,33,False,150,14,42,3626,36.26,0
1183,0,1,3,4,17,False,76,5,68,1348,13.48,0
1184,0,1,3,4,4,True,77,2,141,653,6.53,0
1185,0,1,3,4,16,True,76,5,47,1327,13.27,0
1186,0,1,3,4,34,True,150,14,18,3602,36.02,0
1187,0,1,3,4,33,False,50,14,178,3762,37.62,0
1188,0,1,3,4,16,False,239,4,220,1244,12.44,0
1189,0,1,3,4,17,False,239,5,34,1314,13.14,0
1190,0,1,3,4,3,True,240,4,142,1166,11.66,0
1191,0,1,3,4,4,True,239,4,198,1222,12.22,0
1192,0,1,3,4,16,True,239,5,12,1292,12.92,0
1193,0,1,3,4,34,True,50,14,156,3740,37.4,0
1194,0,1,3,4,33,False,132,13,108,3436,34.36,0
1195,0,1,3,4,16,False,49,5,148,1428,14.28,0
1196,0,1,3,4,17,False,49,6,138,1674,16.74,0
1197,0,1,3,4,3,True,50,4,45,1069,10.69,0
1198,0,1,3,4,4,True,49,5,126,1406,14.06,0
1199,0,1,3,4,16,True,49,6,117,1653,16.53,0
1200,0,1,3,4,34,True,132,13,84,3412,34.12,0
1201,0,1,3,4,33,False,78,10,93,2653,26.53,0
1202,0,1,3,4,15,False,214,4,169,1193,11.93,0
1203,0,1,3,4,16,False,16,13,4,3332,33.32,49
1204,0,-1,-1,-1,-1,True,-1,-1,-1,-1,-1.0,-1
1205,0,1,3,4,17,False,108,6,185,1721,17.21,0
1206,0,1,3,4,3,True,110,7,59,1851,18.51,0
1207,0,1,3,4,4,True,109,3,235,1003,10.03,0
1208,0,1,3,4,16,True,108,6,164,1700,17.0,0
1209,0,1,3,4,34,True,136,1,167,423,4.23,0
1210,0,1,3,4,33,False,87,14,138,3722,37.22,0
1211,0,1,3,4,16,False,18,6,212,1748,17.48,0
1212,0,1,3,4,17,False,19,4,102,1126,11.26,0
1213,0,1,3,4,3,True,18,6,85,1621,16.21,0
1214,0,1,3,4,4,True,18,6,190,1726,17.26,0
1215,0,1,3,4,16,True,19,4,81,1105,11.05,0
1216,0,1,3,4,32,True,20,2,189,701,7.01,0
1217,0,1,3,4,34,True,87,14,116,3700,37.0,0
1218,0,1,3,4,33,False,212,15,131,3971,39.71,0
1219,0,1,3,4,16,False,155,7,6,1798,17.98,28
1220,0,-1,-1,-1,-1,True,-1,-1,-1,-1,-1.0,-1
1221,0,1,3,4,17,False,103,5,119,1399,13.99,0
1222,0,1,3,4,3,True,104,5,84,1364,13.64,0
1223,0,1,3,4,4,True,103,6,6,1542,15.42,0
1224,0,1,3,4,16,True,103,5,99,1379,13.79,0
1225,0,1,3,4,34,True,201,12,52,3124,31.24,0
1226,0,1,3,4,33,False,68,15,177,4017,40.17,0
1227,0,1,3,4,16,False,13,13,3,3331,33.31,200
1228,0,-1,-1,-1,-1,True,-1,-1,-1,-1,-1.0,-1
1229,0,1,3,4,17,False,188,5,3,1283,12.83,0
1230,0,1,3,4,3,True,190,3,155,923,9.23,0
1231,0,1,3,4,4,True,189,2,160,672,6.72,0
1232,0,1,3,4,16,True,188,4,237,1261,12.61,0
1233,0,1,3,4,34,True,19,13,0,3328,33.28,0
1234,0,1,3,4,33,False,135,0,253,253,2.53,0
1235,0,1,3,4,16,False,97,3,224,992,9.92,0
1236,0,1,3,4,17,False,97,4,243,1267,12.67,0
1237,0,1,3,4,3,True,99,3,129,897,8.97,0
1238,0,1,3,4,4,True,97,3,201,969,9.69,0
1239,0,1,3,4,16,True,97,4,222,1246,12.46,0
1240,0,1,3,4,34,True,135,0,230,230,2.3,0
1241,0,1,3,4,33,False,203,1,85,341,3.41,0
1242,0,1,3,4,16,False,5,0,0,0,0.0,167772160
1243,0,-1,-1,-1,-1,True,-1,-1,-1,-1,-1.0,-1
1244,0,-1,-1,-1,-1,True,-1,-1,-1,-1,-1.0,-1
1245,0,-1,-1,-1,-1,True,-1,-1,-1,-1,-1.0,-1
1246,0,1,3,4,3,True,147,1,199,455,4.55,0
1247,0,1,3,4,4,True,145,4,255,1279,12.79,0
1248,0,1,3,4,16,True,144,4,169,1193,11.93,0
1249,0,1,3,4,34,True,223,13,173,3501,35.01,0
1250,0,1,3,4,33,False,210,8,44,2092,20.92,0
1251,0,1,3,4,16,False,60,5,116,1396,13.96,0
1252,0,1,3,4,17,False,60,4,229,1253,12.53,0
1253,0,1,3,4,3,True,61,2,249,761,7.61,0
1254,0,1,3,4,4,True,60,5,94,1374,13.74,0
1255,0,1,3,4,16,True,60,4,207,1231,12.31,0
1256,0,1,3,4,34,True,210,8,22,2070,20.7,0
1257,0,1,3,4,33,False,65,9,69,2373,23.73,0
1258,0,1,3,4,16,False,185,5,175,1455,14.55,0
1259,0,1,3,4,17,False,185,4,245,1269,12.69,0
1260,0,1,3,4,3,True,187,2,248,760,7.6,0
1261,0,1,3,4,4,True,185,5,152,1432,14.32,0
1262,0,1,3,4,16,True,185,4,224,1248,12.48,0
1263,0,1,3,4,34,True,65,9,48,2352,23.52,0
1264,0,1,3,4,33,False,21,3,205,973,9.73,0
1265,0,1,3,4,16,False,5,3,0,768,7.68,167772160
1266,0,-1,-1,-1,-1,True,-1,-1,-1,-1,-1.0,-1
1267,0,-1,-1,-1,-1,True,-1,-1,-1,-1,-1.0,-1
1268,0,-1,-1,-1,-1,True,-1,-1,-1,-1,-1.0,-1
1269,0,1,3,4,4,True,18,6,163,1699,16.99,0
1270,0,1,3,4,16,True,19,5,94,1374,13.74,0
1271,0,1,3,4,32,True,22,0,223,223,2.23,0
1272,0,1,3,4,34,True,28,3,123,891,8.91,0
1273,0,1,3,4,33,False,178,15,72,3912,39.12,0
1274,0,1,3,4,16,False,119,4,96,1120,11.2,0
1275,0,1,3,4,17,False,118,4,56,1080,10.8,0
1276,0,1,3,4,17,False,234,6,241,1777,17.77,0
1277,0,1,3,4,3,True,236,4,33,1057,10.57,0
1278,0,1,3,4,4,True,235,4,236,1260,12.6,0
1279,0,1,3,4,16,True,234,6,221,1757,17.57,0
1280,0,1,3,4,34,True,85,11,126,2942,29.42,0
1281,0,1,3,4,33,False,154,14,38,3622,36.22,0
1282,0,1,3,4,16,False,79,5,124,1404,14.04,0
1283,0,1,3,4,17,False,79,6,210,1746,17.46,0
1284,0,1,3,4,3,True,81,4,89,1113,11.13,0
1285,0,1,3,4,4,True,79,5,101,1381,13.81,0
1286,0,1,3,4,16,True,79,6,190,1726,17.26,0
1287,0,1,3,4,34,True,154,14,15,3599,35.99,0
1288,0,1,3,2,26,True,14,0,0,0,0.0,0
1289,0,1,3,7,4,False,15,0,1,1,0.01,1049808
1290,0,1,3,0,0,False,0,0,0,0,0.0,0
1291,0,1,3,4,38,True,4,1,56,312,3.12,0
1292,0,1,3,4,56,False,4,3,57,825,8.25,0
1293,0,1,3,4,58,False,4,4,56,1080,10.8,0
1294,0,1,3,4,41,False,4,0,56,56,0.56,0
1295,0,1,3,4,35,False,4,2,105,617,6.17,0
1296,0,1,3,0,0,False,0,0,0,0,0.0,0
1297,0,1,3,7,4,False,33,0,0,0,0.0,9445852
1298,0,1,3,0,0,False,0,0,0,0,0.0,0
1299,0,1,3,4,4,False,16,9,7,2311,23.11,0
1300,0,1,3,5,4,False,17,10,4,2564,25.64,188
1301,0,1,3,4,3,True,105,6,211,1747,17.47,0
1302,0,1,3,4,4,True,105,7,55,1847,18.47,0
1303,0,1,3,4,16,True,106,4,168,1192,11.92,0
1304,0,1,3,4,33,False,67,2,159,671,6.71,0
1305,0,1,3,4,15,False,54,4,125,1149,11.49,0
1306,0,1,3,4,16,False,50,5,127,1407,14.07,0
1307,0,1,3,4,17,False,30,4,15,1039,10.39,71368965
1308,0,-1,-1,-1,-1,True,-1,-1,-1,-1,-1.0,-1
1309,0,-1,-1,-1,-1,True,-1,-1,-1,-1,-1.0,-1
1310,0,-1,-1,-1,-1,True,-1,-1,-1,-1,-1.0,-1
1311,0,-1,-1,-1,-1,True,-1,-1,-1,-1,-1.0,-1
1312,0,1,3,0,0,False,0,0,0,0,0.0,0
1313,0,1,3,0,0,False,0,0,0,0,0.0,0
1314,0,1,3,5,21,True,4,1,1,257,2.57,4
1315,0,1,3,4,4,False,131,1,4,260,2.6,0
1316,0,1,3,3,4,False,132,0,0,0,0.0,0
1317,0,1,3,5,63,False,4,0,1,1,0.01,4
1318,0,1,3,7,4,False,162,15,5,3845,38.45,2163766
1319,0,1,3,2,2,False,25,0,0,0,0.0,0
1320,0,1,3,4,15,False,185,1,183,439,4.39,0
1321,0,1,3,4,16,False,179,5,171,1451,14.51,0
1322,0,1,3,4,17,False,178,5,68,1348,13.48,0
1323,0,1,3,4,3,True,182,2,26,538,5.38,0
1324,0,1,3,4,4,True,179,5,149,1429,14.29,0
1325,0,1,3,4,16,True,178,5,47,1327,13.27,0
1326,0,1,3,4,34,True,202,2,3,515,5.15,0
1327,0,1,3,4,33,False,78,2,226,738,7.38,0
1328,0,1,3,4,16,False,67,3,53,821,8.21,0
1329,0,1,3,4,17,False,65,5,24,1304,13.04,0
1330,0,1,3,4,3,True,69,1,138,394,3.94,0
1331,0,1,3,4,4,True,66,3,56,824,8.24,0
1332,0,1,3,4,16,True,65,5,2,1282,12.82,0
1333,0,1,3,4,34,True,78,2,204,716,7.16,0
1334,0,1,3,4,33,False,234,1,224,480,4.8,0
1335,0,1,3,4,16,False,208,5,88,1368,13.68,0
1336,0,1,3,4,17,False,208,3,123,891,8.91,0
1337,0,1,3,4,3,True,209,5,45,1325,13.25,0
1338,0,1,3,4,4,True,208,4,192,1216,12.16,0
1339,0,1,3,4,16,True,208,3,102,870,8.7,0
1340,0,1,3,4,34,True,234,1,202,458,4.58,0
1341,0,1,3,4,33,False,239,2,70,582,5.82,0
1342,0,1,3,4,16,False,220,3,28,796,7.96,0
1343,0,1,3,4,17,False,219,3,201,969,9.69,0
1344,0,1,3,4,4,True,220,3,8,776,7.76,0
1345,0,1,3,4,16,True,219,3,179,947,9.47,0
1346,0,1,3,4,34,True,239,2,47,559,5.59,0
1347,0,1,3,4,33,False,243,15,227,4067,40.67,0
1348,0,1,3,4,16,False,192,10,1,2561,25.61,73273372
1349,0,-1,-1,-1,-1,True,-1,-1,-1,-1,-1.0,-1
1350,0,-1,-1,-1,-1,True,-1,-1,-1,-1,-1.0,-1
1351,0,-1,-1,-1,-1,True,-1,-1,-1,-1,-1.0,-1
1352,0,-1,-1,-1,-1,True,-1,-1,-1,-1,-1.0,-1
1353,0,1,3,4,17,False,93,4,59,1083,10.83,0
1354,0,1,3,4,3,True,94,1,251,507,5.07,0
1355,0,1,3,4,4,True,94,4,53,1077,10.77,0
1356,0,1,3,4,16,True,93,4,39,1063,10.63,0
1357,0,1,3,4,34,True,104,2,252,764,7.64,0
1358,0,1,3,4,33,False,133,1,215,471,4.71,0
1359,0,1,3,4,16,False,108,4,173,1197,11.97,0
1360,0,1,3,4,17,False,106,5,23,1303,13.03,0
1361,0,1,3,4,4,True,107,4,169,1193,11.93,0
1362,0,1,3,4,16,True,106,5,0,1280,12.8,0
1363,0,1,3,4,34,True,133,1,192,448,4.48,0
1364,0,1,3,4,33,False,58,9,0,2304,23.04,0
1365,0,1,3,4,16,False,176,1,4,260,2.6,69
1366,0,-1,-1,-1,-1,True,-1,-1,-1,-1,-1.0,-1
1367,0,1,3,4,17,False,193,5,59,1339,13.39,0
1368,0,1,3,4,3,True,194,4,23,1047,10.47,0
1369,0,1,3,4,4,True,193,4,45,1069,10.69,0
1370,0,1,3,4,16,True,193,5,39,1319,13.19,0
1371,0,1,3,4,34,True,195,3,174,942,9.42,0
1372,0,1,3,4,33,False,252,15,31,3871,38.71,0
1373,0,1,3,4,16,False,191,5,37,1317,13.17,0
1374,0,1,3,4,17,False,190,5,32,1312,13.12,0
1375,0,1,3,4,3,True,191,4,68,1092,10.92,0
1376,0,1,3,4,4,True,190,5,18,1298,12.98,0
1377,0,1,3,4,16,True,190,5,11,1291,12.91,0
1378,0,1,3,4,34,True,252,15,8,3848,38.48,0
1379,0,1,3,4,33,False,69,14,149,3733,37.33,0
1380,0,1,3,4,16,False,231,5,97,1377,13.77,0
1381,0,1,3,4,17,False,230,5,145,1425,14.25,0
1382,0,1,3,4,3,True,231,3,182,950,9.5,0
1383,0,1,3,4,4,True,231,5,75,1355,13.55,0
1384,0,1,3,4,16,True,230,5,122,1402,14.02,0
1385,0,1,3,4,34,True,73,12,36,3108,31.08,0
1386,0,1,3,2,9,False,12,0,0,0,0.0,0
1387,0,1,3,4,4,False,15,0,2,2,0.02,0
1388,0,1,3,1,4,False,0,0,0,0,0.0,0
1389,0,1,3,0,0,False,0,0,0,0,0.0,0
1390,0,1,3,3,5,False,152,4,0,1024,10.24,0
1391,0,1,3,1,58,True,0,0,0,0,0.0,0
1392,0,1,3,4,57,True,4,3,188,956,9.56,0
1393,0,1,3,3,53,False,4,4,0,1024,10.24,0
1394,0,1,3,3,5,False,129,4,0,1024,10.24,0
1395,0,1,3,0,0,False,0,0,0,0,0.0,0
1396,0,1,3,2,4,False,164,0,0,0,0.0,0
1397,0,1,3,4,34,True,71,8,216,2264,22.64,0
1398,0,1,3,4,33,False,43,3,248,1016,10.16,0
1399,0,1,3,4,16,False,44,4,85,1109,11.09,0
1400,0,1,3,4,17,False,43,5,195,1475,14.75,0
1401,0,1,3,4,3,True,45,3,50,818,8.18,0
1402,0,1,3,4,4,True,44,4,62,1086,10.86,0
1403,0,1,3,4,5,True,47,1,52,308,3.08,0
1404,0,1,3,4,16,True,43,5,174,1454,14.54,0
1405,0,1,3,4,34,True,43,3,225,993,9.93,0
1406,0,1,3,4,33,False,146,12,204,3276,32.76,0
1407,0,1,3,4,16,False,54,6,42,1578,15.78,0
1408,0,1,3,4,17,False,54,5,134,1414,14.14,0
1409,0,1,3,4,3,True,55,5,251,1531,15.31,0
1410,0,1,3,4,4,True,54,5,169,1449,14.49,0
1411,0,1,3,4,16,True,54,5,113,1393,13.93,0
1412,0,1,3,4,34,True,146,12,181,3253,32.53,0
1413,0,1,3,4,33,False,38,1,142,398,3.98,0
1414,0,1,3,4,16,False,9,6,227,1763,17.63,0
1415,0,1,3,4,3,True,11,4,22,1046,10.46,0
1416,0,1,3,4,4,True,10,6,51,1587,15.87,0
1417,0,1,3,4,16,True,10,6,207,1743,17.43,0
1418,0,1,3,4,32,True,11,2,120,632,6.32,0
1419,0,1,3,4,34,True,42,1,90,346,3.46,0
1420,0,1,3,4,33,False,176,6,110,1646,16.46,0
1421,0,1,3,4,15,False,11,3,78,846,8.46,0
1422,0,1,3,4,16,False,4,5,128,1408,14.08,0
1423,0,1,3,4,17,False,3,6,86,1622,16.22,0
1424,0,1,3,4,3,True,5,5,94,1374,13.74,0
1425,0,1,3,4,4,True,4,4,71,1095,10.95,0
1426,0,1,3,4,5,True,5,1,125,381,3.81,0
1427,0,1,3,4,16,True,3,6,65,1601,16.01,0
1428,0,1,3,4,34,True,176,6,89,1625,16.25,0
1429,0,1,3,4,33,False,74,15,233,4073,40.73,0
1430,0,1,3,4,15,False,28,2,204,716,7.16,0
1431,0,1,3,4,16,False,22,6,175,1711,17.11,0
1432,0,1,3,4,17,False,22,5,197,1477,14.77,0
1433,0,1,3,4,3,True,23,5,23,1303,13.03,0
1434,0,1,3,4,4,True,22,6,153,1689,16.89,0
1435,0,1,3,4,16,True,22,5,177,1457,14.57,0
1436,0,1,3,4,34,True,74,15,209,4049,40.49,0
1437,0,1,3,4,33,False,143,8,115,2163,21.63,0
1438,0,1,3,4,16,False,252,4,53,1077,10.77,0
1439,0,1,3,4,17,False,158,4,120,1144,11.44,0
1440,0,1,3,4,3,True,160,4,6,1030,10.3,0
1441,0,1,3,4,4,True,159,3,231,999,9.99,0
1442,0,1,3,4,16,True,158,4,98,1122,11.22,0
1443,0,1,3,4,34,True,218,15,47,3887,38.87,0
1444,0,1,3,4,33,False,192,13,26,3354,33.54,0
1445,0,1,3,4,16,False,107,4,13,1037,10.37,0
1446,0,1,3,4,17,False,104,6,160,1696,16.96,0
1447,0,1,3,4,3,True,108,3,187,955,9.55,0
1448,0,1,3,4,4,True,105,4,23,1047,10.47,0
1449,0,1,3,4,16,True,104,6,140,1676,16.76,0
1450,0,1,3,4,34,True,192,13,2,3330,33.3,0
1451,0,1,3,4,33,False,192,14,174,3758,37.58,0
1452,0,1,3,4,16,False,66,5,5,1285,12.85,252
1453,0,-1,-1,-1,-1,True,-1,-1,-1,-1,-1.0,-1
1454,0,1,3,4,17,False,134,4,127,1151,11.51,0
1455,0,1,3,4,3,True,134,5,213,1493,14.93,0
1456,0,1,3,4,4,True,133,4,137,1161,11.61,0
1457,0,1,3,4,16,True,134,4,107,1131,11.31,0
1458,0,1,3,4,34,True,186,15,171,4011,40.11,0
1459,0,1,3,4,33,False,25,9,117,2421,24.21,0
1460,0,1,3,4,16,False,147,9,8,2312,23.12,57
1461,0,-1,-1,-1,-1,True,-1,-1,-1,-1,-1.0,-1
1462,0,1,3,4,3,True,186,4,37,1061,10.61,0
1463,0,1,3,4,4,True,185,8,35,2083,20.83,0
1464,0,1,3,4,5,True,188,0,227,227,2.27,0
1465,0,1,3,4,16,True,186,6,103,1639,16.39,0
1466,0,1,3,4,34,True,39,11,72,2888,28.88,0
1467,0,1,3,4,33,False,253,15,201,4041,40.41,0
1468,0,1,3,4,16,False,200,5,175,1455,14.55,0
1469,0,1,3,4,17,False,200,4,196,1220,12.2,0
1470,0,1,3,4,3,True,201,5,136,1416,14.16,0
1471,0,1,3,4,4,True,200,4,216,1240,12.4,0
1472,0,1,3,4,16,True,200,4,175,1199,11.99,0
1473,0,1,3,4,34,True,253,15,179,4019,40.19,0
1474,0,1,3,4,33,False,43,4,37,1061,10.61,0
1475,0,1,3,4,17,False,5,11,0,2816,28.16,167772160
1476,0,-1,-1,-1,-1,True,-1,-1,-1,-1,-1.0,-1
1477,0,-1,-1,-1,-1,True,-1,-1,-1,-1,-1.0,-1
1478,0,1,3,4,3,True,171,4,247,1271,12.71,0
1479,0,1,3,4,4,True,170,4,17,1041,10.41,0
1480,0,1,3,4,16,True,170,5,3,1283,12.83,0
1481,0,1,3,4,34,True,245,13,242,3570,35.7,0
1482,0,1,3,4,33,False,79,0,123,123,1.23,0
1483,0,1,3,4,15,False,38,4,146,1170,11.7,0
1484,0,1,3,4,16,False,35,5,0,1280,12.8,167772160
1485,0,-1,-1,-1,-1,True,-1,-1,-1,-1,-1.0,-1
1486,0,94,0,0,0,False,0,0,10,10,0.1,0
1487,0,-1,-1,-1,-1,True,-1,-1,-1,-1,-1.0,-1
1488,0,-1,-1,-1,-1,True,-1,-1,-1,-1,-1.0,-1
1489,0,-1,-1,-1,-1,True,-1,-1,-1,-1,-1.0,-1
1490,0,1,3,4,34,True,181,12,240,3312,33.12,0
1491,0,1,3,4,33,False,127,9,245,2549,25.49,0
1492,0,1,3,4,15,False,4,3,14,782,7.82,0
1493,0,1,3,4,16,False,0,4,129,1153,11.53,0
1494,0,1,3,4,17,False,255,5,90,1370,13.7,0
1495,0,1,3,4,3,True,0,4,106,1130,11.3,0
1496,0,1,3,4,4,True,1,3,226,994,9.94,0
1497,0,1,3,4,16,True,255,5,69,1349,13.49,0
1498,0,1,3,4,34,True,127,9,222,2526,25.26,0
1499,0,1,3,4,33,False,105,12,63,3135,31.35,0
1500,0,1,3,4,16,False,7,6,154,1690,16.9,0
1501,0,1,3,4,17,False,7,6,114,1650,16.5,0
1502,0,1,3,4,3,True,8,3,109,877,8.77,0
1503,0,1,3,4,4,True,7,6,134,1670,16.7,0
1504,0,1,3,4,16,True,7,6,94,1630,16.3,0
1505,0,1,3,4,34,True,105,12,40,3112,31.12,0
1506,0,1,3,4,33,False,175,11,168,2984,29.84,0
1507,0,1,3,4,16,False,73,3,204,972,9.72,0
1508,0,1,3,4,17,False,71,2,160,672,6.72,0
1509,0,1,3,4,3,True,73,3,183,951,9.51,0
1510,0,1,3,4,16,True,71,2,140,652,6.52,0
1511,0,1,3,4,34,True,175,11,146,2962,29.62,0
1512,0,1,3,4,33,False,64,11,126,2942,29.42,0
1513,0,1,3,4,16,False,255,6,137,1673,16.73,0
1514,0,1,3,4,17,False,254,5,185,1465,14.65,0
1515,0,1,3,4,3,True,0,2,235,747,7.47,0
1516,0,1,3,4,4,True,254,6,115,1651,16.51,0
1517,0,1,3,4,16,True,254,5,164,1444,14.44,0
1518,0,1,3,4,34,True,77,13,174,3502,35.02,0
1519,0,1,3,4,33,False,75,12,67,3139,31.39,0
1520,0,1,3,4,16,False,233,2,163,675,6.75,0
1521,0,1,3,4,17,False,233,4,237,1261,12.61,0
1522,0,1,3,4,3,True,237,0,246,246,2.46,0
1523,0,1,3,4,4,True,233,2,140,652,6.52,0
1524,0,1,3,4,16,True,233,4,215,1239,12.39,0
1525,0,1,3,4,34,True,75,12,43,3115,31.15,0
1526,0,1,3,4,33,False,149,13,175,3503,35.03,0
1527,0,1,3,4,16,False,24,5,171,1451,14.51,0
1528,0,1,3,4,17,False,25,3,218,986,9.86,0
1529,0,1,3,4,3,True,25,3,105,873,8.73,0
1530,0,1,3,4,4,True,24,5,149,1429,14.29,0
1531,0,1,3,4,16,True,25,3,196,964,9.64,0
1532,0,1,3,4,34,True,122,12,52,3124,31.24,0
1533,0,1,3,4,33,False,20,14,138,3722,37.22,0
1534,0,1,3,4,16,False,208,5,224,1504,15.04,0
1535,0,1,3,4,17,False,2,2,0,512,5.12,167772160
1536,0,-1,-1,-1,-1,True,-1,-1,-1,-1,-1.0,-1
1537,0,-1,-1,-1,-1,True,-1,-1,-1,-1,-1.0,-1
1538,0,-1,-1,-1,-1,True,-1,-1,-1,-1,-1.0,-1
1539,0,-1,-1,-1,-1,True,-1,-1,-1,-1,-1.0,-1
1540,0,-1,-1,-1,-1,True,-1,-1,-1,-1,-1.0,-1
1541,0,-1,-1,-1,-1,True,-1,-1,-1,-1,-1.0,-1
1542,0,1,3,4,16,False,233,3,226,994,9.94,0
1543,0,1,3,4,3,True,234,3,5,773,7.73,0
1544,0,1,3,4,4,True,232,3,204,972,9.72,0
1545,0,1,3,4,34,True,20,0,82,82,0.82,0
1546,0,1,3,4,33,False,67,8,32,2080,20.8,0
1547,0,1,3,4,16,False,173,5,213,1493,14.93,0
1548,0,1,3,4,17,False,172,4,194,1218,12.18,0
1549,0,1,3,4,3,True,174,3,76,844,8.44,0
1550,0,1,3,4,4,True,173,5,191,1471,14.71,0
1551,0,1,3,4,5,True,175,1,112,368,3.68,0
1552,0,1,3,4,16,True,172,4,174,1198,11.98,0
1553,0,1,3,4,34,True,67,8,10,2058,20.58,0
1554,0,1,3,4,33,False,55,15,30,3870,38.7,0
1555,0,1,3,4,16,False,250,5,207,1487,14.87,0
1556,0,1,3,4,17,False,250,5,67,1347,13.47,0
1557,0,1,3,4,3,True,251,3,200,968,9.68,0
1558,0,1,3,4,4,True,250,5,184,1464,14.64,0
1559,0,1,3,4,16,True,91,5,148,1428,14.28,0
1560,0,1,3,4,17,False,92,5,150,1430,14.3,0
1561,0,1,3,4,3,True,93,4,198,1222,12.22,0
1562,0,1,3,4,4,True,91,5,130,1410,14.1,0
1563,0,1,3,4,16,True,92,5,128,1408,14.08,0
1564,0,1,3,4,34,True,151,15,52,3892,38.92,0
1565,0,1,3,4,33,False,193,2,96,608,6.08,0
1566,0,1,3,4,16,False,175,5,29,1309,13.09,0
1567,0,1,3,4,17,False,173,5,210,1490,14.9,0
1568,0,1,3,4,3,True,176,2,159,671,6.71,0
1569,0,1,3,4,4,True,175,5,7,1287,12.87,0
1570,0,1,3,4,16,True,173,5,189,1469,14.69,0
1571,0,1,3,4,34,True,193,2,73,585,5.85,0
1572,0,1,3,4,33,False,86,1,153,409,4.09,0
1573,0,1,3,4,16,False,57,3,193,961,9.61,0
1574,0,1,3,4,17,False,57,5,60,1340,13.4,0
1575,0,1,3,4,3,True,59,2,159,671,6.71,0
1576,0,1,3,4,4,True,57,3,171,939,9.39,0
1577,0,1,3,4,5,True,60,1,163,419,4.19,0
1578,0,1,3,4,16,True,57,5,40,1320,13.2,0
1579,0,1,3,4,34,True,86,1,130,386,3.86,0
1580,0,1,3,4,33,False,97,7,166,1958,19.58,0
1581,0,1,3,4,16,False,10,1,28,284,2.84,1980040464
1582,0,-1,-1,-1,-1,True,-1,-1,-1,-1,-1.0,-1
1583,0,-1,-1,-1,-1,True,-1,-1,-1,-1,-1.0,-1
1584,0,-1,-1,-1,-1,True,-1,-1,-1,-1,-1.0,-1
1585,0,-1,-1,-1,-1,True,-1,-1,-1,-1,-1.0,-1
1586,0,1,3,4,17,False,6,4,94,1118,11.18,0
1587,0,1,3,4,3,True,6,4,31,1055,10.55,0
1588,0,1,3,4,4,True,5,5,96,1376,13.76,0
1589,0,1,3,4,16,True,6,4,74,1098,10.98,0
1590,0,1,3,4,32,True,7,1,89,345,3.45,0
1591,0,1,3,4,34,True,76,14,83,3667,36.67,0
1592,0,1,3,4,33,False,67,4,18,1042,10.42,0
1593,0,1,3,4,16,False,69,4,13,1037,10.37,0
1594,0,1,3,4,17,False,69,5,23,1303,13.03,0
1595,0,1,3,4,3,True,71,3,30,798,7.98,0
1596,0,1,3,4,4,True,69,3,247,1015,10.15,0
1597,0,1,3,4,16,True,69,5,2,1282,12.82,0
1598,0,1,3,4,34,True,67,3,252,1020,10.2,0
1599,0,1,3,4,33,False,138,12,25,3097,30.97,0
1600,0,1,3,4,16,False,39,3,72,840,8.4,0
1601,0,1,3,4,17,False,37,3,209,977,9.77,0
1602,0,1,3,4,4,True,39,3,50,818,8.18,0
1603,0,1,3,4,16,True,37,3,188,956,9.56,0
1604,0,1,3,4,34,True,138,12,3,3075,30.75,0
1605,0,1,3,4,33,False,203,11,202,3018,30.18,0
1606,0,1,3,4,16,False,99,12,0,3072,30.72,79
1607,0,-1,-1,-1,-1,True,-1,-1,-1,-1,-1.0,-1
1608,0,1,3,4,16,False,110,4,251,1275,12.75,0
1609,0,1,3,4,17,False,110,5,71,1351,13.51,0
1610,0,1,3,4,4,True,110,4,229,1253,12.53,0
1611,0,1,3,4,16,True,110,5,50,1330,13.3,0
1612,0,1,3,4,34,True,155,0,55,55,0.55,0
1613,0,1,3,4,33,False,92,15,252,4092,40.92,0
1614,0,1,3,4,16,False,110,6,79,1615,16.15,0
1615,0,1,3,4,17,False,41,6,56,1592,15.92,0
1616,0,1,3,4,3,True,43,4,1,1025,10.25,0
1617,0,1,3,4,4,True,41,6,58,1594,15.94,0
1618,0,1,3,4,16,True,41,6,36,1572,15.72,0
1619,0,1,3,4,34,True,92,15,228,4068,40.68,0
1620,0,1,3,4,33,False,95,3,6,774,7.74,0
1621,0,1,3,4,16,False,4,13,0,3328,33.28,167772160
1622,0,-1,-1,-1,-1,True,-1,-1,-1,-1,-1.0,-1
1623,0,-1,-1,-1,-1,True,-1,-1,-1,-1,-1.0,-1
1624,0,-1,-1,-1,-1,True,-1,-1,-1,-1,-1.0,-1
1625,0,1,3,4,3,True,44,3,48,816,8.16,0
1626,0,1,3,4,4,True,43,4,103,1127,11.27,0
1627,0,1,3,4,16,True,42,4,206,1230,12.3,0
1628,0,1,3,4,34,True,249,7,161,1953,19.53,0
1629,0,1,3,4,33,False,151,1,60,316,3.16,0
1630,0,1,3,4,16,False,8,9,0,2304,23.04,167772160
1631,0,-1,-1,-1,-1,True,-1,-1,-1,-1,-1.0,-1
1632,0,136,0,2,56,True,0,0,0,0,0.0,469830144
1633,0,-1,-1,-1,-1,True,-1,-1,-1,-1,-1.0,-1
1634,0,-1,-1,-1,-1,True,-1,-1,-1,-1,-1.0,-1
1635,0,1,3,4,4,True,136,2,226,738,7.38,0
1636,0,1,3,4,16,True,133,4,150,1174,11.74,0
1637,0,1,3,4,34,True,29,8,3,2051,20.51,0
1638,0,1,3,4,33,False,61,13,113,3441,34.41,0
1639,0,1,3,4,17,False,234,4,167,1191,11.91,0
1640,0,1,3,4,16,False,136,8,5,2053,20.53,0
1641,0,1,3,4,3,True,235,4,228,1252,12.52,0
1642,0,1,3,4,4,True,233,7,238,2030,20.3,0
1643,0,1,3,4,16,True,234,4,142,1166,11.66,0
1644,0,1,3,4,34,True,61,13,91,3419,34.19,0
1645,0,1,3,4,33,False,205,3,137,905,9.05,0
1646,0,1,3,4,17,False,200,5,74,1354,13.54,0
1647,0,1,3,4,16,True,200,5,53,1333,13.33,0
1648,0,1,3,4,34,True,205,3,113,881,8.81,0
1649,0,1,3,4,33,False,119,12,79,3151,31.51,0
1650,0,1,3,4,16,False,21,5,68,1348,13.48,0
1651,0,1,3,4,17,False,21,3,231,999,9.99,0
1652,0,1,3,4,3,True,24,1,242,498,4.98,0
1653,0,1,3,4,4,True,21,5,46,1326,13.26,0
1654,0,1,3,4,16,True,21,3,210,978,9.78,0
1655,0,1,3,4,34,True,119,12,57,3129,31.29,0
1656,0,1,3,4,33,False,226,9,182,2486,24.86,0
1657,0,1,3,4,16,False,96,4,100,1124,11.24,0
1658,0,1,3,4,17,False,94,6,37,1573,15.73,0
1659,0,1,3,4,3,True,97,3,88,856,8.56,0
1660,0,1,3,4,4,True,96,4,77,1101,11.01,0
1661,0,1,3,4,16,True,94,6,17,1553,15.53,0
1662,0,1,3,4,34,True,226,9,159,2463,24.63,0
1663,0,1,3,4,33,False,29,13,71,3399,33.99,0
1664,0,1,3,4,16,False,201,4,194,1218,12.18,0
1665,0,1,3,4,17,False,200,6,39,1575,15.75,0
1666,0,1,3,4,3,True,206,0,80,80,0.8,0
1667,0,1,3,4,4,True,201,4,183,1207,12.07,0
1668,0,1,3,4,5,True,202,1,240,496,4.96,0
1669,0,1,3,4,16,True,200,6,19,1555,15.55,0
1670,0,1,3,4,34,True,29,13,48,3376,33.76,0
1671,0,1,3,4,16,False,59,0,148,148,1.48,0
1672,0,1,3,4,17,False,54,6,98,1634,16.34,0
1673,0,1,3,4,33,False,155,12,13,3085,30.85,0
1674,0,1,3,4,4,True,56,0,194,194,1.94,0
1675,0,1,3,4,16,True,54,6,77,1613,16.13,0
1676,0,1,3,4,34,True,146,15,115,3955,39.55,0
1677,0,1,3,4,33,False,146,0,72,72,0.72,0
1678,0,1,3,4,15,False,104,2,253,765,7.65,0
1679,0,1,3,4,16,False,99,6,148,1684,16.84,0
1680,0,1,3,4,17,False,99,5,114,1394,13.94,0
1681,0,1,3,4,3,True,100,4,109,1133,11.33,0
1682,0,1,3,4,4,True,99,6,126,1662,16.62,0
1683,0,1,3,4,5,True,102,1,72,328,3.28,0
1684,0,1,3,4,16,True,99,5,93,1373,13.73,0
1685,0,1,3,4,32,True,101,1,147,403,4.03,0
1686,0,1,3,4,34,True,146,12,39,3111,31.11,0
1687,0,1,3,4,33,False,136,0,167,167,1.67,0
1688,0,1,3,4,16,False,94,3,194,962,9.62,0
1689,0,1,3,4,17,False,94,5,15,1295,12.95,0
1690,0,1,3,4,3,True,96,3,36,804,8.04,0
1691,0,1,3,4,4,True,94,3,172,940,9.4,0
1692,0,1,3,4,16,True,94,4,249,1273,12.73,0
1693,0,1,3,4,34,True,136,0,143,143,1.43,0
1694,0,1,3,4,33,False,36,1,90,346,3.46,0
1695,0,1,3,4,16,False,4,4,213,1237,12.37,0
1696,0,1,3,4,17,False,3,3,197,965,9.65,0
1697,0,1,3,4,3,True,5,4,160,1184,11.84,0
1698,0,1,3,4,4,True,4,4,14,1038,10.38,0
1699,0,1,3,4,16,True,3,3,175,943,9.43,0
1700,0,1,3,4,34,True,36,1,68,324,3.24,0
1701,0,1,3,4,33,False,177,12,153,3225,32.25,0
1702,0,1,3,4,16,False,84,7,178,1970,19.7,0
1703,0,1,3,4,17,False,23,5,93,1373,13.73,0
1704,0,1,3,4,3,True,24,7,134,1926,19.26,0
1705,0,1,3,4,4,True,23,6,43,1579,15.79,0
1706,0,1,3,4,16,True,23,5,73,1353,13.53,0
1707,0,1,3,4,34,True,126,11,201,3017,30.17,0
1708,0,1,3,4,33,False,233,12,217,3289,32.89,0
1709,0,1,3,4,16,False,143,4,142,1166,11.66,0
1710,0,1,3,4,17,False,143,4,246,1270,12.7,0
1711,0,1,3,4,3,True,144,3,147,915,9.15,0
1712,0,1,3,4,4,True,143,4,119,1143,11.43,0
1713,0,1,3,4,16,True,143,4,225,1249,12.49,0
1714,0,1,3,4,32,True,145,1,6,262,2.62,0
1715,0,1,3,4,34,True,233,12,194,3266,32.66,0
1716,0,1,3,4,33,False,182,15,236,4076,40.76,0
1717,0,1,3,4,16,False,131,4,98,1122,11.22,0
1718,0,1,3,4,17,False,131,5,10,1290,12.9,0
1719,0,1,3,4,3,True,132,3,239,1007,10.07,0
1720,0,1,3,4,4,True,131,4,74,1098,10.98,0
1721,0,1,3,4,16,True,131,4,244,1268,12.68,0
1722,0,1,3,4,34,True,182,15,214,4054,40.54,0
1723,0,1,3,4,33,False,77,4,118,1142,11.42,0
1724,0,1,3,4,16,False,84,6,148,1684,16.84,0
1725,0,1,3,4,17,False,5,14,0,3584,35.84,167772160
1726,0,-1,-1,-1,-1,True,-1,-1,-1,-1,-1.0,-1
1727,0,-1,-1,-1,-1,True,-1,-1,-1,-1,-1.0,-1
1728,0,-1,-1,-1,-1,True,-1,-1,-1,-1,-1.0,-1
1729,0,1,3,4,3,True,214,4,59,1083,10.83,0
1730,0,1,3,4,4,True,214,5,72,1352,13.52,0
1731,0,1,3,4,16,True,214,4,190,1214,12.14,0
1732,0,1,3,4,34,True,228,2,177,689,6.89,0
1733,0,1,3,4,33,False,202,14,84,3668,36.68,0
1734,0,1,3,4,16,False,134,1,138,394,3.94,0
1735,0,1,3,4,17,False,130,5,3,1283,12.83,0
1736,0,1,3,4,3,True,137,1,55,311,3.11,0
1737,0,1,3,4,4,True,131,3,28,796,7.96,0
1738,0,1,3,4,5,True,133,0,208,208,2.08,0
1739,0,1,3,4,16,True,130,4,239,1263,12.63,0
1740,0,1,3,4,34,True,202,14,62,3646,36.46,0
1741,0,1,3,4,33,False,196,13,245,3573,35.73,0
1742,0,1,3,4,16,False,130,9,95,2399,23.99,0
1743,0,1,3,4,33,False,181,12,42,3114,31.14,0
1744,0,1,3,4,17,False,81,5,193,1473,14.73,0
1745,0,1,3,4,4,True,83,1,3,259,2.59,0
1746,0,1,3,4,16,True,81,5,171,1451,14.51,0
1747,0,1,3,4,34,True,181,12,20,3092,30.92,0
1748,0,1,3,2,53,True,12,0,0,0,0.0,0
1749,0,1,3,4,4,False,16,11,2,2818,28.18,0
1750,0,1,3,3,4,False,17,10,0,2560,25.6,0
1751,0,1,3,5,39,False,4,4,235,1259,12.59,2
1752,0,1,3,4,4,False,144,10,5,2565,25.65,0
1753,0,1,3,1,4,False,0,0,0,0,0.0,0
1754,0,1,3,2,63,True,2,0,0,0,0.0,0
1755,0,1,3,7,4,False,33,2,0,512,5.12,1049808
1756,0,1,3,2,6,False,71,0,0,0,0.0,0
1757,0,1,3,4,17,False,202,0,10,10,0.1,1494227969
1758,0,-1,-1,-1,-1,True,-1,-1,-1,-1,-1.0,-1
1759,0,-1,-1,-1,-1,True,-1,-1,-1,-1,-1.0,-1
1760,0,-1,-1,-1,-1,True,-1,-1,-1,-1,-1.0,-1
1761,0,-1,-1,-1,-1,True,-1,-1,-1,-1,-1.0,-1
1762,0,1,3,4,33,False,185,15,4,3844,38.44,0
1763,0,1,3,4,15,False,128,4,161,1185,11.85,0
1764,0,1,3,4,16,False,123,4,250,1274,12.74,0
1765,0,1,3,4,17,False,123,5,222,1502,15.02,0
1766,0,1,3,4,3,True,124,4,232,1256,12.56,0
1767,0,1,3,4,4,True,123,4,228,1252,12.52,0
1768,0,1,3,4,16,True,123,4,158,1182,11.82,0
1769,0,1,3,4,17,False,135,4,205,1229,12.29,0
1770,0,1,3,4,3,True,137,2,241,753,7.53,0
1771,0,1,3,4,4,True,136,4,137,1161,11.61,0
1772,0,1,3,4,16,True,135,4,183,1207,12.07,0
1773,0,1,3,4,34,True,216,13,134,3462,34.62,0
1774,0,1,3,4,33,False,243,0,28,28,0.28,0
1775,0,1,3,4,16,False,195,4,126,1150,11.5,0
1776,0,1,3,4,17,False,193,4,146,1170,11.7,0
1777,0,1,3,4,4,True,195,4,110,1134,11.34,0
1778,0,1,3,4,16,True,193,4,125,1149,11.49,0
1779,0,1,3,4,34,True,242,0,6,6,0.06,0
1780,0,1,3,4,33,False,174,12,156,3228,32.28,0
1781,0,1,3,4,16,False,43,4,153,1177,11.77,0
1782,0,1,3,4,17,False,43,4,24,1048,10.48,0
1783,0,1,3,4,3,True,44,4,109,1133,11.33,0
1784,0,1,3,4,4,True,43,4,2,1026,10.26,0
1785,0,1,3,4,16,True,43,4,3,1027,10.27,0
1786,0,1,3,4,34,True,172,9,183,2487,24.87,0
1787,0,1,3,4,33,False,150,15,54,3894,38.94,0
1788,0,1,3,4,16,False,90,2,0,512,5.12,167772160
1789,0,-1,-1,-1,-1,True,-1,-1,-1,-1,-1.0,-1
1790,0,-1,-1,-1,-1,True,-1,-1,-1,-1,-1.0,-1
1791,0,-1,-1,-1,-1,True,-1,-1,-1,-1,-1.0,-1
1792,0,-1,-1,-1,-1,True,-1,-1,-1,-1,-1.0,-1
1793,0,1,3,4,16,False,4,4,85,1109,11.09,0
1794,0,1,3,4,17,False,3,5,13,1293,12.93,0
1795,0,1,3,4,3,True,4,4,62,1086,10.86,0
1796,0,1,3,4,4,True,5,2,154,666,6.66,0
1797,0,1,3,4,16,True,3,4,249,1273,12.73,0
1798,0,1,3,4,34,True,4,3,187,955,9.55,0
1799,0,1,3,4,33,False,164,0,204,204,2.04,0
1800,0,1,3,4,16,False,28,1,99,355,3.55,33283
1801,0,-1,-1,-1,-1,True,-1,-1,-1,-1,-1.0,-1
1802,0,-1,-1,-1,-1,True,-1,-1,-1,-1,-1.0,-1
1803,0,1,3,4,3,True,100,5,34,1314,13.14,0
1804,0,1,3,4,4,True,99,4,60,1084,10.84,0
1805,0,1,3,4,16,True,99,3,109,877,8.77,0
1806,0,1,3,4,34,True,173,14,7,3591,35.91,0
1807,0,1,3,4,33,False,39,0,219,219,2.19,0
1808,0,1,3,4,16,False,1,3,209,977,9.77,0
1809,0,1,3,4,17,False,1,4,0,1024,10.24,0
1810,0,1,3,4,3,True,3,3,152,920,9.2,0
1811,0,1,3,4,4,True,1,3,53,821,8.21,0
1812,0,1,3,4,16,True,1,3,235,1003,10.03,0
1813,0,1,3,4,34,True,39,0,197,197,1.97,0
1814,0,1,3,4,33,False,3,9,139,2443,24.43,0
1815,0,1,3,4,15,False,131,2,184,696,6.96,0
1816,0,1,3,4,16,False,126,6,5,1541,15.41,185
1817,0,-1,-1,-1,-1,True,-1,-1,-1,-1,-1.0,-1
1818,0,1,3,4,17,False,70,4,11,1035,10.35,0
1819,0,1,3,4,3,True,72,2,127,639,6.39,0
1820,0,1,3,4,4,True,70,5,162,1442,14.42,0
1821,0,1,3,4,16,True,70,3,246,1014,10.14,0
1822,0,1,3,4,34,True,176,11,147,2963,29.63,0
1823,0,1,3,4,33,False,229,15,168,4008,40.08,0
1824,0,1,3,4,16,False,175,4,64,1088,10.88,0
1825,0,1,3,4,17,False,174,6,123,1659,16.59,0
1826,0,1,3,4,3,True,177,2,148,660,6.6,0
1827,0,1,3,4,4,True,175,4,41,1065,10.65,0
1828,0,1,3,4,16,True,174,6,102,1638,16.38,0
1829,0,1,3,4,34,True,229,15,145,3985,39.85,0
1830,0,1,3,4,33,False,218,2,124,636,6.36,0
1831,0,1,3,4,16,False,12,11,0,2816,28.16,167772160
1832,0,-1,-1,-1,-1,True,-1,-1,-1,-1,-1.0,-1
1833,0,37,0,1,54,True,0,0,0,0,0.0,469830144
1834,0,-1,-1,-1,-1,True,-1,-1,-1,-1,-1.0,-1
1835,0,-1,-1,-1,-1,True,-1,-1,-1,-1,-1.0,-1
1836,0,1,3,4,4,True,35,2,246,758,7.58,0
1837,0,1,3,4,16,True,34,6,22,1558,15.58,0
1838,0,1,3,4,34,True,127,12,132,3204,32.04,0
1839,0,1,3,4,33,False,93,2,156,668,6.68,0
1840,0,1,3,4,15,False,80,5,13,1293,12.93,0
1841,0,1,3,4,16,False,78,7,26,1818,18.18,0
1842,0,1,3,4,17,False,80,4,244,1268,12.68,0
1843,0,1,3,4,3,True,81,4,208,1232,12.32,0
1844,0,1,3,4,4,True,80,7,4,1796,17.96,0
1845,0,1,3,4,16,True,80,4,223,1247,12.47,0
1846,0,1,3,4,34,True,91,3,0,768,7.68,0
1847,0,1,3,4,33,False,242,0,222,222,2.22,0
1848,0,1,3,4,16,False,203,5,246,1526,15.26,0
1849,0,1,3,4,17,False,203,4,2,1026,10.26,0
1850,0,1,3,4,3,True,204,5,144,1424,14.24,0
1851,0,1,3,4,4,True,203,5,223,1503,15.03,0
1852,0,1,3,4,16,True,203,3,238,1006,10.06,0
1853,0,1,3,4,34,True,242,0,199,199,1.99,0
1854,0,1,3,4,33,False,158,12,230,3302,33.02,0
1855,0,1,3,4,16,False,68,6,141,1677,16.77,0
1856,0,1,3,4,17,False,52,4,94,1118,11.18,0
1857,0,1,3,4,3,True,52,4,10,1034,10.34,0
1858,0,1,3,4,4,True,51,6,119,1655,16.55,0
1859,0,1,3,4,16,True,52,4,74,1098,10.98,0
1860,0,1,3,4,34,True,39,4,194,1218,12.18,0
1861,0,1,3,4,33,False,167,3,80,848,8.48,0
1862,0,1,3,4,16,False,28,4,209,1233,12.33,0
1863,0,1,3,4,17,False,27,4,236,1260,12.6,0
1864,0,1,3,4,3,True,30,2,100,612,6.12,0
1865,0,1,3,4,4,True,28,4,193,1217,12.17,0
1866,0,1,3,4,16,True,27,4,213,1237,12.37,0
1867,0,1,3,4,34,True,147,10,117,2677,26.77,0
1868,0,1,3,4,33,False,70,2,36,548,5.48,0
1869,0,1,3,4,16,False,47,8,4,2052,20.52,68
1870,0,-1,-1,-1,-1,True,-1,-1,-1,-1,-1.0,-1
1871,0,1,3,4,17,False,166,5,66,1346,13.46,0
1872,0,1,3,4,3,True,169,6,40,1576,15.76,0
1873,0,1,3,4,4,True,167,4,63,1087,10.87,0
1874,0,1,3,4,16,True,166,5,46,1326,13.26,0
1875,0,1,3,4,34,True,40,9,169,2473,24.73,0
1876,0,1,3,4,33,False,75,14,153,3737,37.37,0
1877,0,1,3,4,16,False,7,5,240,1520,15.2,0
1878,0,1,3,4,17,False,7,4,225,1249,12.49,0
1879,0,1,3,4,3,True,9,3,59,827,8.27,0
1880,0,1,3,4,4,True,7,5,218,1498,14.98,0
1881,0,1,3,4,16,True,7,4,204,1228,12.28,0
1882,0,1,3,4,34,True,75,14,129,3713,37.13,0
1883,0,1,3,4,33,False,41,15,91,3931,39.31,0
1884,0,1,3,4,16,False,127,15,253,4093,40.93,0
1885,0,1,3,4,16,False,79,3,51,819,8.19,0
1886,0,1,3,4,17,False,77,5,114,1394,13.94,0
1887,0,1,3,4,4,True,78,3,53,821,8.21,0
1888,0,1,3,4,16,True,76,5,92,1372,13.72,0
1889,0,1,3,4,34,True,127,15,230,4070,40.7,0
1890,0,1,3,4,33,False,79,2,197,709,7.09,0
1891,0,1,3,4,16,False,64,3,17,785,7.85,0
1892,0,1,3,4,17,False,36,5,172,1452,14.52,0
1893,0,1,3,4,3,True,37,2,244,756,7.56,0
1894,0,1,3,4,4,True,37,3,3,771,7.71,0
1895,0,1,3,4,16,True,36,5,151,1431,14.31,0
1896,0,1,3,4,34,True,79,0,127,127,1.27,0
1897,0,1,3,4,33,False,130,14,232,3816,38.16,0
1898,0,1,3,4,16,False,5,14,0,3584,35.84,167772160
1899,0,-1,-1,-1,-1,True,-1,-1,-1,-1,-1.0,-1
1900,0,-1,-1,-1,-1,True,-1,-1,-1,-1,-1.0,-1
1901,0,-1,-1,-1,-1,True,-1,-1,-1,-1,-1.0,-1
1902,0,1,3,4,4,True,228,5,24,1304,13.04,0
1903,0,1,3,4,16,True,229,5,153,1433,14.33,0
1904,0,1,3,4,32,True,232,0,145,145,1.45,0
1905,0,1,3,4,34,True,124,7,251,2043,20.43,0
1906,0,1,3,4,33,False,7,3,7,775,7.75,0
1907,0,1,3,4,16,False,253,3,231,999,9.99,0
1908,0,1,3,4,17,False,251,7,0,1792,17.92,0
1909,0,1,3,4,3,True,254,3,187,955,9.55,0
1910,0,1,3,4,4,True,252,3,85,853,8.53,0
1911,0,1,3,4,16,True,251,6,236,1772,17.72,0
1912,0,1,3,4,34,True,7,2,241,753,7.53,0
1913,0,1,3,4,33,False,26,5,160,1440,14.4,0
1914,0,1,3,4,16,False,49,4,8,1032,10.32,0
1915,0,1,3,4,17,False,47,6,84,1620,16.2,0
1916,0,1,3,4,3,True,51,2,27,539,5.39,0
1917,0,1,3,4,4,True,48,4,132,1156,11.56,0
1918,0,1,3,4,16,True,47,6,64,1600,16.0,0
1919,0,1,3,4,34,True,26,5,136,1416,14.16,0
1920,0,1,3,4,33,False,72,12,103,3175,31.75,0
1921,0,1,3,4,16,False,233,4,67,1091,10.91,0
1922,0,1,3,4,17,False,231,5,221,1501,15.01,0
1923,0,1,3,4,3,True,236,3,67,835,8.35,0
1924,0,1,3,4,4,True,233,4,45,1069,10.69,0
1925,0,1,3,4,16,True,231,5,201,1481,14.81,0
1926,0,1,3,4,34,True,72,12,80,3152,31.52,0
1927,0,1,3,4,33,False,224,10,192,2752,27.52,0
1928,0,1,3,4,16,False,107,4,54,1078,10.78,0
1929,0,1,3,4,17,False,108,3,221,989,9.89,0
1930,0,1,3,4,3,True,109,1,227,483,4.83,0
1931,0,1,3,4,4,True,107,4,32,1056,10.56,0
1932,0,1,3,4,16,True,108,3,201,969,9.69,0
1933,0,1,3,4,34,True,224,10,170,2730,27.3,0
1934,0,1,3,4,33,False,135,2,198,710,7.1,0
1935,0,1,3,4,16,False,120,5,166,1446,14.46,0
1936,0,1,3,4,17,False,120,6,150,1686,16.86,0
1937,0,1,3,4,3,True,121,4,161,1185,11.85,0
1938,0,1,3,4,4,True,120,5,143,1423,14.23,0
1939,0,1,3,4,16,True,120,6,128,1664,16.64,0
1940,0,1,3,4,34,True,135,2,175,687,6.87,0
1941,0,1,3,4,33,False,111,12,64,3136,31.36,0
1942,0,1,3,4,16,False,13,6,4,1540,15.4,0
1943,0,1,3,4,17,False,27,5,68,1348,13.48,0
1944,0,1,3,4,3,True,28,4,113,1137,11.37,0
1945,0,1,3,4,4,True,27,5,237,1517,15.17,0
1946,0,1,3,4,16,True,27,5,48,1328,13.28,0
1947,0,1,3,4,34,True,16,4,171,1195,11.95,0
1948,0,1,3,4,33,False,205,3,217,985,9.85,0
1949,0,1,3,4,16,False,204,6,51,1587,15.87,0
1950,0,1,3,4,17,False,204,5,155,1435,14.35,0
1951,0,1,3,4,3,True,205,3,247,1015,10.15,0
1952,0,1,3,4,4,True,204,6,29,1565,15.65,0
1953,0,1,3,4,16,True,204,5,134,1414,14.14,0
1954,0,1,3,4,34,True,205,3,195,963,9.63,0
1955,0,1,3,4,16,False,47,2,5,517,5.17,0
1956,0,1,3,4,17,False,44,13,5,3333,33.33,134
1957,0,-1,-1,-1,-1,True,-1,-1,-1,-1,-1.0,-1
1958,0,1,3,4,17,False,92,6,55,1591,15.91,0
1959,0,1,3,4,3,True,94,5,98,1378,13.78,0
1960,0,1,3,4,4,True,92,5,124,1404,14.04,0
1961,0,1,3,4,16,True,92,6,34,1570,15.7,0
1962,0,1,3,4,34,True,143,15,211,4051,40.51,0
1963,0,1,3,4,33,False,5,10,220,2780,27.8,0
1964,0,1,3,4,16,False,147,3,217,985,9.85,0
1965,0,1,3,4,17,False,145,3,221,989,9.89,0
1966,0,1,3,4,3,True,151,0,213,213,2.13,0
1967,0,1,3,4,4,True,145,3,233,1001,10.01,0
1968,0,1,3,4,16,True,145,3,201,969,9.69,0
1969,0,1,3,4,34,True,5,10,198,2758,27.58,0
1970,0,1,3,4,33,False,56,8,76,2124,21.24,0
1971,0,1,3,4,16,False,5,9,0,2304,23.04,167772160
1972,0,-1,-1,-1,-1,True,-1,-1,-1,-1,-1.0,-1
1973,0,-1,-1,-1,-1,True,-1,-1,-1,-1,-1.0,-1
1974,0,1,3,4,3,True,92,5,163,1443,14.43,0
1975,0,1,3,4,4,True,92,5,66,1346,13.46,0
1976,0,1,3,4,16,True,91,5,59,1339,13.39,0
1977,0,1,3,4,34,True,202,11,55,2871,28.71,0
1978,0,1,3,4,33,False,112,9,192,2496,24.96,0
1979,0,1,3,4,15,False,242,5,103,1383,13.83,0
1980,0,1,3,4,16,False,239,4,121,1145,11.45,0
1981,0,1,3,4,3,True,240,5,107,1387,13.87,0
1982,0,1,3,4,4,True,239,4,99,1123,11.23,0
1983,0,1,3,4,34,True,112,9,169,2473,24.73,0
1984,0,1,3,4,33,False,101,15,154,3994,39.94,0
1985,0,1,3,4,16,False,45,4,231,1255,12.55,0
1986,0,1,3,4,17,False,45,6,163,1699,16.99,0
1987,0,1,3,4,3,True,46,3,203,971,9.71,0
1988,0,1,3,4,4,True,45,4,209,1233,12.33,0
1989,0,1,3,4,16,True,45,6,142,1678,16.78,0
1990,0,1,3,4,34,True,101,15,132,3972,39.72,0
1991,0,1,3,4,33,False,3,14,204,3788,37.88,0
1992,0,1,3,4,16,False,194,10,5,2565,25.65,226
1993,0,-1,-1,-1,-1,True,-1,-1,-1,-1,-1.0,-1
1994,0,1,3,4,17,False,187,4,49,1073,10.73,0
1995,0,1,3,4,3,True,187,5,191,1471,14.71,0
1996,0,1,3,4,4,True,186,5,167,1447,14.47,0
1997,0,1,3,4,16,True,187,4,27,1051,10.51,0
1998,0,1,3,4,34,True,200,2,192,704,7.04,0
1999,0,1,3,4,33,False,99,2,170,682,6.82,0
2000,0,1,3,4,16,False,84,3,15,783,7.83,0
2001,0,1,3,4,3,True,86,1,251,507,5.07,0
2002,0,1,3,4,4,True,84,2,249,761,7.61,0
2003,0,1,3,4,34,True,99,2,146,658,6.58,0
2004,0,1,3,4,33,False,1,1,41,297,2.97,0
2005,0,1,3,4,16,False,223,5,148,1428,14.28,0
2006,0,1,3,4,17,False,222,4,246,1270,12.7,0
2007,0,1,3,4,3,True,223,5,125,1405,14.05,0
2008,0,1,3,4,4,True,224,2,171,683,6.83,0
2009,0,1,3,4,16,True,222,4,224,1248,12.48,0
2010,0,1,3,4,34,True,1,1,18,274,2.74,0
2011,0,1,3,4,33,False,123,14,10,3594,35.94,0
2012,0,1,3,4,16,False,49,4,2,1026,10.26,0
2013,0,1,3,4,17,False,48,5,205,1485,14.85,0
2014,0,1,3,4,3,True,50,3,217,985,9.85,0
2015,0,1,3,4,4,True,48,5,164,1444,14.44,0
2016,0,1,3,4,16,True,48,5,185,1465,14.65,0
2017,0,1,3,4,34,True,123,13,242,3570,35.7,0
2018,0,1,3,4,33,False,43,0,14,14,0.14,0
2019,0,1,3,4,16,False,249,6,20,1556,15.56,0
2020,0,1,3,4,17,False,249,5,84,1364,13.64,0
2021,0,1,3,4,3,True,251,3,103,871,8.71,0
2022,0,1,3,4,4,True,249,5,254,1534,15.34,0
2023,0,1,3,4,16,True,249,5,64,1344,13.44,0
2024,0,1,3,4,34,True,43,15,247,4087,40.87,0
2025,0,1,3,4,33,False,76,0,205,205,2.05,0
2026,0,1,3,4,16,False,36,6,3,1539,15.39,0
2027,0,1,3,4,17,False,36,4,190,1214,12.14,0
2028,0,1,3,4,3,True,37,4,11,1035,10.35,0
2029,0,1,3,4,4,True,36,5,237,1517,15.17,0
2030,0,1,3,4,16,True,36,4,170,1194,11.94,0
2031,0,1,3,4,34,True,76,0,183,183,1.83,0
2032,0,1,3,4,33,False,236,2,139,651,6.51,0
2033,0,1,3,4,16,False,218,5,135,1415,14.15,0
2034,0,1,3,4,17,False,218,13,2,3330,33.3,18
2035,0,-1,-1,-1,-1,True,-1,-1,-1,-1,-1.0,-1
2036,0,1,3,4,33,False,39,13,127,3455,34.55,0
2037,0,1,3,4,16,False,214,4,57,1081,10.81,0
2038,0,1,3,4,3,True,214,2,195,707,7.07,0
2039,0,1,3,4,4,True,214,4,35,1059,10.59,0
2040,0,1,3,4,34,True,39,13,104,3432,34.32,0
2041,0,1,3,4,33,False,7,0,123,123,1.23,0
2042,0,1,3,4,15,False,223,3,211,979,9.79,0
2043,0,1,3,4,16,False,219,8,233,2281,22.81,0
2044,0,1,3,4,17,False,219,1,28,284,2.84,1225101328
2045,0,-1,-1,-1,-1,True,-1,-1,-1,-1,-1.0,-1
2046,0,-1,-1,-1,-1,True,-1,-1,-1,-1,-1.0,-1
2047,0,-1,-1,-1,-1,True,-1,-1,-1,-1,-1.0,-1
2048,0,-1,-1,-1,-1,True,-1,-1,-1,-1,-1.0,-1
2049,0,1,3,4,17,False,145,3,161,929,9.29,0
2050,0,1,3,4,3,True,146,3,105,873,8.73,0
2051,0,1,3,4,4,True,144,5,49,1329,13.29,0
2052,0,1,3,4,16,True,145,3,140,908,9.08,0
2053,0,1,3,4,34,True,205,15,24,3864,38.64,0
2054,0,1,3,4,33,False,176,3,30,798,7.98,0
2055,0,1,3,4,16,False,166,4,20,1044,10.44,0
2056,0,1,3,4,17,False,165,5,9,1289,12.89,0
2057,0,1,3,4,3,True,167,3,175,943,9.43,0
2058,0,1,3,4,4,True,166,3,252,1020,10.2,0
2059,0,1,3,4,16,True,165,4,245,1269,12.69,0
2060,0,1,3,4,34,True,176,3,7,775,7.75,0
2061,0,1,3,4,33,False,155,14,67,3651,36.51,0
2062,0,1,3,4,16,False,86,6,75,1611,16.11,0
2063,0,1,3,4,3,True,20,5,234,1514,15.14,0
2064,0,1,3,4,4,True,20,5,154,1434,14.34,0
2065,0,1,3,4,5,True,22,1,222,478,4.78,0
2066,0,1,3,4,16,True,19,6,53,1589,15.89,0
2067,0,1,3,4,34,True,68,0,17,17,0.17,0
2068,0,1,3,4,33,False,187,5,120,1400,14.0,0
2069,0,1,3,4,15,False,210,4,143,1167,11.67,0
2070,0,1,3,4,16,False,206,5,118,1398,13.98,0
2071,0,1,3,4,17,False,207,5,131,1411,14.11,0
2072,0,1,3,4,3,True,208,4,175,1199,11.99,0
2073,0,1,3,4,4,True,206,5,100,1380,13.8,0
2074,0,1,3,4,16,True,207,5,108,1388,13.88,0
2075,0,1,3,4,34,True,187,5,97,1377,13.77,0
2076,0,1,3,4,33,False,243,1,188,444,4.44,0
2077,0,1,3,4,16,False,217,3,252,1020,10.2,0
2078,0,1,3,4,17,False,216,4,36,1060,10.6,0
2079,0,1,3,4,4,True,217,3,234,1002,10.02,0
2080,0,1,3,4,16,True,216,4,14,1038,10.38,0
2081,0,1,3,4,34,True,243,1,166,422,4.22,0
2082,0,1,3,4,33,False,227,11,59,2875,28.75,0
2083,0,1,3,4,15,False,123,1,167,423,4.23,0
2084,0,1,3,4,16,False,115,5,220,1500,15.0,0
2085,0,1,3,4,17,False,116,4,125,1149,11.49,0
2086,0,1,3,4,3,True,117,4,83,1107,11.07,0
2087,0,1,3,4,4,True,115,5,197,1477,14.77,0
2088,0,1,3,4,5,True,120,1,52,308,3.08,0
2089,0,1,3,4,16,True,116,4,105,1129,11.29,0
2090,0,1,3,4,34,True,227,11,35,2851,28.51,0
2091,0,1,3,4,33,False,105,13,232,3560,35.6,0
2092,0,1,3,4,15,False,32,4,113,1137,11.37,0
2093,0,1,3,4,16,False,28,4,212,1236,12.36,0
2094,0,1,3,4,17,False,29,3,124,892,8.92,0
2095,0,1,3,4,3,True,29,4,143,1167,11.67,0
2096,0,1,3,4,4,True,28,4,190,1214,12.14,0
2097,0,1,3,4,16,True,29,3,103,871,8.71,0
2098,0,1,3,4,34,True,105,13,210,3538,35.38,0
2099,0,1,3,4,33,False,58,12,103,3175,31.75,0
2100,0,1,3,4,16,False,217,5,85,1365,13.65,0
2101,0,1,3,4,17,False,217,5,82,1362,13.62,0
2102,0,1,3,4,3,True,218,3,150,918,9.18,0
2103,0,1,3,4,4,True,217,5,68,1348,13.48,0
2104,0,1,3,4,16,True,217,5,59,1339,13.39,0
2105,0,1,3,4,34,True,58,12,80,3152,31.52,0
2106,0,1,3,4,33,False,1,9,113,2417,24.17,0
2107,0,1,3,4,16,False,0,4,146,1170,11.7,0
2108,0,1,3,4,3,True,2,3,47,815,8.15,0
2109,0,1,3,4,4,True,0,4,36,1060,10.6,0
2110,0,1,3,4,5,True,2,0,197,197,1.97,0
2111,0,1,3,4,16,True,0,4,125,1149,11.49,0
2112,0,1,3,4,34,True,71,14,78,3662,36.62,0
2113,0,1,3,4,33,False,203,1,100,356,3.56,0
2114,0,1,3,4,16,False,171,6,111,1647,16.47,0
2115,0,1,3,4,17,False,171,5,7,1287,12.87,0
2116,0,1,3,4,3,True,173,3,82,850,8.5,0
2117,0,1,3,4,4,True,171,6,89,1625,16.25,0
2118,0,1,3,4,5,True,175,0,133,133,1.33,0
2119,0,1,3,4,16,True,171,4,242,1266,12.66,0
2120,0,1,3,4,34,True,203,1,76,332,3.32,0
2121,0,1,3,4,33,False,238,13,64,3392,33.92,0
2122,0,1,3,4,15,False,157,3,199,967,9.67,0
2123,0,1,3,4,16,False,153,4,249,1273,12.73,0
2124,0,1,3,4,17,False,153,5,52,1332,13.32,0
2125,0,1,3,4,3,True,154,4,16,1040,10.4,0
2126,0,1,3,4,4,True,153,4,227,1251,12.51,0
2127,0,1,3,4,16,True,153,5,30,1310,13.1,0
2128,0,1,3,4,34,True,238,13,40,3368,33.68,0
2129,0,1,3,4,33,False,169,8,111,2159,21.59,0
2130,0,1,3,4,16,False,22,5,119,1399,13.99,0
2131,0,1,3,4,17,False,23,5,138,1418,14.18,0
2132,0,1,3,4,3,True,23,6,238,1774,17.74,0
2133,0,1,3,4,17,False,121,3,191,959,9.59,0
2134,0,1,3,4,3,True,121,3,111,879,8.79,0
2135,0,1,3,4,4,True,120,6,216,1752,17.52,0
2136,0,1,3,4,16,True,121,3,169,937,9.37,0
2137,0,1,3,4,34,True,247,9,233,2537,25.37,0
2138,0,1,3,2,55,True,9,0,0,0,0.0,0
2139,0,1,3,1,4,False,0,0,0,0,0.0,0
2140,0,1,3,0,0,False,0,0,0,0,0.0,0
2141,0,1,3,1,4,False,0,0,0,0,0.0,0
2142,0,1,3,5,4,False,17,4,1,1025,10.25,54
2143,0,1,3,4,3,True,178,4,155,1179,11.79,0
2144,0,1,3,4,4,True,177,4,199,1223,12.23,0
2145,0,1,3,4,16,True,180,1,34,290,2.9,0
2146,0,1,3,4,34,True,175,3,255,1023,10.23,0
2147,0,1,3,4,33,False,187,11,217,3033,30.33,0
2148,0,1,3,4,16,False,84,5,169,1449,14.49,0
2149,0,1,3,4,17,False,83,5,50,1330,13.3,0
2150,0,1,3,4,3,True,84,5,145,1425,14.25,0
2151,0,1,3,4,4,True,84,5,75,1355,13.55,0
2152,0,1,3,4,16,True,83,5,30,1310,13.1,0
2153,0,1,3,4,32,True,86,1,156,412,4.12,0
2154,0,1,3,4,34,True,186,11,193,3009,30.09,0
2155,0,1,3,4,33,False,220,6,34,1570,15.7,0
2156,0,1,3,4,16,False,0,10,1,2561,25.61,92049436
2157,0,-1,-1,-1,-1,True,-1,-1,-1,-1,-1.0,-1
2158,0,-1,-1,-1,-1,True,-1,-1,-1,-1,-1.0,-1
2159,0,-1,-1,-1,-1,True,-1,-1,-1,-1,-1.0,-1
2160,0,-1,-1,-1,-1,True,-1,-1,-1,-1,-1.0,-1
2161,0,1,3,4,34,True,100,5,199,1479,14.79,0
2162,0,1,3,4,33,False,244,1,178,434,4.34,0
2163,0,1,3,4,15,False,217,7,4,1796,17.96,0
2164,0,1,3,4,16,False,4,12,0,3072,30.72,167772160
2165,0,-1,-1,-1,-1,True,-1,-1,-1,-1,-1.0,-1
2166,0,-1,-1,-1,-1,True,-1,-1,-1,-1,-1.0,-1
2167,0,-1,-1,-1,-1,True,-1,-1,-1,-1,-1.0,-1
2168,0,-1,-1,-1,-1,True,-1,-1,-1,-1,-1.0,-1
2169,0,1,3,4,3,True,36,3,94,862,8.62,0
2170,0,1,3,4,4,True,35,4,166,1190,11.9,0
2171,0,1,3,4,16,True,35,3,230,998,9.98,0
2172,0,1,3,4,34,True,45,3,18,786,7.86,0
2173,0,1,3,4,33,False,146,4,6,1030,10.3,0
2174,0,1,3,4,16,False,147,6,181,1717,17.17,0
2175,0,1,3,4,17,False,146,6,171,1707,17.07,0
2176,0,1,3,4,3,True,148,2,139,651,6.51,0
2177,0,1,3,4,4,True,147,6,162,1698,16.98,0
2178,0,1,3,4,5,True,148,1,182,438,4.38,0
2179,0,1,3,4,16,True,146,6,149,1685,16.85,0
2180,0,1,3,4,34,True,146,3,239,1007,10.07,0
2181,0,1,3,4,33,False,23,2,127,639,6.39,0
2182,0,1,3,4,15,False,10,2,206,718,7.18,0
2183,0,1,3,4,16,False,4,7,234,2026,20.26,0
2184,0,1,3,4,17,False,5,4,60,1084,10.84,0
2185,0,1,3,4,3,True,6,4,15,1039,10.39,0
2186,0,1,3,4,4,True,4,7,212,2004,20.04,0
2187,0,1,3,4,16,True,5,4,40,1064,10.64,0
2188,0,1,3,4,32,True,8,1,86,342,3.42,0
2189,0,1,3,4,34,True,23,2,104,616,6.16,0
2190,0,1,3,4,33,False,155,9,8,2312,23.12,0
2191,0,1,3,4,16,False,15,6,198,1734,17.34,0
2192,0,1,3,4,17,False,16,4,243,1267,12.67,0
2193,0,1,3,4,3,True,17,3,31,799,7.99,0
2194,0,1,3,4,4,True,15,6,176,1712,17.12,0
2195,0,1,3,4,16,True,16,4,223,1247,12.47,0
2196,0,1,3,4,34,True,155,8,240,2288,22.88,0
2197,0,1,3,4,33,False,199,2,152,664,6.64,0
2198,0,1,3,4,16,False,184,3,187,955,9.55,0
2199,0,1,3,4,17,False,182,5,58,1338,13.38,0
2200,0,1,3,4,3,True,186,1,145,401,4.01,0
2201,0,1,3,4,4,True,184,3,165,933,9.33,0
2202,0,1,3,4,16,True,182,5,36,1316,13.16,0
2203,0,1,3,4,34,True,199,2,129,641,6.41,0
2204,0,1,3,4,33,False,176,11,222,3038,30.38,0
2205,0,1,3,4,16,False,73,3,156,924,9.24,0
2206,0,1,3,4,17,False,12,5,56,1336,13.36,0
2207,0,1,3,4,3,True,15,2,54,566,5.66,0
2208,0,1,3,4,4,True,13,3,134,902,9.02,0
2209,0,1,3,4,16,True,12,5,35,1315,13.15,0
2210,0,1,3,4,34,True,41,1,151,407,4.07,0
2211,0,1,3,4,33,False,119,7,204,1996,19.96,0
2212,0,1,3,1,55,False,0,0,0,0,0.0,0
2213,0,1,3,7,12,True,4,0,13,13,0.13,263943
2214,0,1,3,3,42,True,3,6,0,1536,15.36,0
2215,0,1,3,4,4,True,168,6,240,1776,17.76,0
2216,0,1,3,4,16,True,169,4,111,1135,11.35,0
2217,0,1,3,4,34,True,119,7,181,1973,19.73,0
2218,0,1,3,4,33,False,22,14,207,3791,37.91,0
2219,0,1,3,4,16,False,214,2,57,569,5.69,0
2220,0,1,3,4,17,False,212,5,160,1440,14.4,0
2221,0,1,3,4,3,True,215,1,193,449,4.49,0
2222,0,1,3,4,4,True,214,2,35,547,5.47,0
2223,0,1,3,4,16,True,212,5,139,1419,14.19,0
2224,0,1,3,4,34,True,22,14,183,3767,37.67,0
2225,0,1,3,4,33,False,20,10,132,2692,26.92,0
2226,0,1,3,4,16,False,156,10,4,2564,25.64,172
2227,0,-1,-1,-1,-1,True,-1,-1,-1,-1,-1.0,-1
2228,0,1,3,4,17,False,123,4,144,1168,11.68,0
2229,0,1,3,4,3,True,122,4,45,1069,10.69,0
2230,0,1,3,4,4,True,123,4,143,1167,11.67,0
2231,0,1,3,4,16,True,122,4,123,1147,11.47,0
2232,0,1,3,4,34,True,191,14,109,3693,36.93,0
2233,0,1,3,4,33,False,119,6,116,1652,16.52,0
2234,0,1,3,4,16,False,152,6,0,1536,15.36,0
2235,0,1,3,4,17,False,152,4,122,1146,11.46,0
2236,0,1,3,4,3,True,153,3,238,1006,10.06,0
2237,0,1,3,4,4,True,151,5,233,1513,15.13,0
2238,0,1,3,4,5,True,156,0,44,44,0.44,0
2239,0,1,3,4,16,True,152,4,101,1125,11.25,0
2240,0,1,3,4,34,True,119,6,94,1630,16.3,0
2241,0,1,3,4,33,False,18,12,234,3306,33.06,0
2242,0,1,3,4,17,False,184,5,86,1366,13.66,0
2243,0,1,3,4,16,True,5,0,0,0,0.0,167772160
2244,0,-1,-1,-1,-1,True,-1,-1,-1,-1,-1.0,-1
2245,0,-1,-1,-1,-1,True,-1,-1,-1,-1,-1.0,-1
2246,0,-1,-1,-1,-1,True,-1,-1,-1,-1,-1.0,-1
2247,0,-1,-1,-1,-1,True,-1,-1,-1,-1,-1.0,-1
2248,0,1,3,4,3,True,57,2,169,681,6.81,0
2249,0,1,3,4,4,True,55,5,57,1337,13.37,0
2250,0,1,3,4,16,True,56,3,154,922,9.22,0
2251,0,1,3,4,34,True,33,5,141,1421,14.21,0
2252,0,1,3,4,33,False,231,9,17,2321,23.21,0
2253,0,1,3,4,16,False,40,4,85,1109,11.09,0
2254,0,1,3,4,17,False,40,6,30,1566,15.66,0
2255,0,1,3,4,3,True,41,4,48,1072,10.72,0
2256,0,1,3,4,4,True,40,4,57,1081,10.81,0
2257,0,1,3,4,16,True,40,6,8,1544,15.44,0
2258,0,1,3,4,34,True,231,8,250,2298,22.98,0
2259,0,1,3,4,33,False,108,1,11,267,2.67,0
2260,0,1,3,4,16,False,72,4,231,1255,12.55,0
2261,0,1,3,4,17,False,71,6,3,1539,15.39,0
2262,0,1,3,4,3,True,74,4,47,1071,10.71,0
2263,0,1,3,4,4,True,72,4,209,1233,12.33,0
2264,0,1,3,4,16,True,71,5,239,1519,15.19,0
2265,0,1,3,4,32,True,74,0,224,224,2.24,0
2266,0,1,3,4,34,True,108,0,244,244,2.44,0
2267,0,1,3,4,15,False,54,1,250,506,5.06,0
2268,0,1,3,4,16,False,50,6,137,1673,16.73,0
2269,0,1,3,4,17,False,109,6,49,1585,15.85,0
2270,0,1,3,4,17,False,108,5,117,1397,13.97,0
2271,0,1,3,4,3,True,122,2,191,703,7.03,0
2272,0,1,3,4,4,True,109,6,27,1563,15.63,0
2273,0,1,3,4,16,True,108,5,96,1376,13.76,0
2274,0,1,3,4,34,True,143,1,37,293,2.93,0
2275,0,1,3,4,33,False,139,4,199,1223,12.23,0
2276,0,1,3,4,16,False,151,6,18,1554,15.54,0
2277,0,1,3,4,34,True,60,11,26,2842,28.42,0
2278,0,1,3,4,33,False,151,14,151,3735,37.35,0
2279,0,1,3,4,17,False,83,5,106,1386,13.86,0
2280,0,1,3,4,16,True,82,5,86,1366,13.66,0
2281,0,1,3,4,34,True,151,14,128,3712,37.12,0
2282,0,1,3,4,33,False,70,3,167,935,9.35,0
2283,0,1,3,4,16,False,140,3,168,936,9.36,0
2284,0,1,3,4,3,True,140,5,129,1409,14.09,0
2285,0,1,3,4,4,True,139,6,141,1677,16.77,0
2286,0,1,3,4,16,True,140,3,146,914,9.14,0
2287,0,1,3,4,32,True,142,0,247,247,2.47,0
2288,0,1,3,4,34,True,225,13,43,3371,33.71,0
2289,0,1,3,4,33,False,252,12,251,3323,33.23,0
2290,0,1,3,4,16,False,164,4,240,1264,12.64,0
2291,0,1,3,4,17,False,176,6,80,1616,16.16,0
2292,0,1,3,4,3,True,179,4,131,1155,11.55,0
2293,0,1,3,4,4,True,177,4,217,1241,12.41,0
2294,0,1,3,4,16,True,176,6,59,1595,15.95,0
2295,0,1,3,4,34,True,201,1,226,482,4.82,0
2296,0,1,3,4,33,False,218,2,62,574,5.74,0
2297,0,1,3,4,16,False,199,5,157,1437,14.37,0
2298,0,1,3,4,17,False,197,5,131,1411,14.11,0
2299,0,1,3,4,3,True,201,3,29,797,7.97,0
2300,0,1,3,4,4,True,198,5,143,1423,14.23,0
2301,0,1,3,4,16,True,197,5,111,1391,13.91,0
2302,0,1,3,4,34,True,218,2,38,550,5.5,0
2303,0,1,3,4,16,False,201,1,225,481,4.81,0
2304,0,1,3,4,17,False,195,4,184,1208,12.08,0
2305,0,1,3,4,33,False,3,14,242,3826,38.26,0
2306,0,1,3,4,4,True,196,2,34,546,5.46,0
2307,0,1,3,4,16,True,195,4,164,1188,11.88,0
2308,0,1,3,4,34,True,3,14,219,3803,38.03,0
2309,0,1,3,4,33,False,185,13,52,3380,33.8,0
2310,0,1,3,4,16,False,99,0,0,0,0.0,17432576
2311,0,199,0,4,1,True,0,0,0,0,0.0,469830144
2312,0,-1,-1,-1,-1,True,-1,-1,-1,-1,-1.0,-1
2313,0,-1,-1,-1,-1,True,-1,-1,-1,-1,-1.0,-1
2314,0,1,3,4,3,True,200,4,108,1132,11.32,0
2315,0,1,3,4,4,True,198,4,171,1195,11.95,0
2316,0,1,3,4,16,True,198,5,84,1364,13.64,0
2317,0,1,3,4,34,True,236,0,218,218,2.18,0
2318,0,1,3,4,33,False,210,10,140,2700,27.0,0
2319,0,1,3,4,16,False,90,4,202,1226,12.26,0
2320,0,1,3,4,17,False,90,6,42,1578,15.78,0
2321,0,1,3,4,3,True,92,4,49,1073,10.73,0
2322,0,1,3,4,4,True,90,4,211,1235,12.35,0
2323,0,1,3,4,16,True,90,6,21,1557,15.57,0
2324,0,1,3,4,34,True,210,10,117,2677,26.77,0
2325,0,1,3,4,33,False,244,13,180,3508,35.08,0
2326,0,1,3,4,17,False,165,5,37,1317,13.17,0
2327,0,1,3,4,16,False,164,8,99,2147,21.47,0
2328,0,1,3,4,3,True,166,4,124,1148,11.48,0
2329,0,1,3,4,4,True,164,8,76,2124,21.24,0
2330,0,1,3,4,16,True,165,5,16,1296,12.96,0
2331,0,1,3,4,34,True,249,5,234,1514,15.14,0
2332,0,1,3,4,33,False,249,11,96,2912,29.12,0
2333,0,1,3,4,15,False,143,7,155,1947,19.47,0
2334,0,1,3,4,16,False,140,6,223,1759,17.59,0
2335,0,1,3,4,17,False,139,4,227,1251,12.51,0
2336,0,1,3,4,17,False,150,5,39,1319,13.19,0
2337,0,1,3,4,3,True,151,4,193,1217,12.17,0
2338,0,1,3,4,4,True,149,4,204,1228,12.28,0
2339,0,1,3,4,16,True,150,5,17,1297,12.97,0
2340,0,1,3,4,34,True,184,1,35,291,2.91,0
2341,0,1,3,4,33,False,213,1,85,341,3.41,0
2342,0,1,3,4,15,False,183,6,27,1563,15.63,0
2343,0,1,3,4,16,False,180,5,55,1335,13.35,0
2344,0,1,3,4,17,False,180,5,213,1493,14.93,0
2345,0,1,3,4,3,True,182,6,22,1558,15.58,0
2346,0,1,3,4,4,True,180,5,33,1313,13.13,0
2347,0,1,3,4,16,True,180,5,192,1472,14.72,0
2348,0,1,3,4,34,True,213,1,62,318,3.18,0
2349,0,1,3,4,33,False,191,2,244,756,7.56,0
2350,0,1,3,4,15,False,183,2,96,608,6.08,0
2351,0,1,3,4,16,False,179,3,171,939,9.39,0
2352,0,1,3,4,17,False,179,5,152,1432,14.32,0
2353,0,1,3,4,3,True,180,2,124,636,6.36,0
2354,0,1,3,4,4,True,179,3,148,916,9.16,0
2355,0,1,3,4,16,True,179,5,131,1411,14.11,0
2356,0,1,3,4,34,True,191,2,221,733,7.33,0
2357,0,1,3,4,33,False,199,0,241,241,2.41,0
2358,0,1,3,4,16,False,162,3,177,945,9.45,0
2359,0,1,3,4,17,False,163,2,49,561,5.61,0
2360,0,1,3,4,3,True,163,1,100,356,3.56,0
2361,0,1,3,4,4,True,161,3,154,922,9.22,0
2362,0,1,3,4,16,True,163,2,28,540,5.4,0
2363,0,1,3,4,34,True,199,6,27,1563,15.63,0
2364,0,1,3,4,3,True,221,2,119,631,6.31,0
2365,0,1,3,4,4,True,220,4,225,1249,12.49,0
2366,0,1,3,4,5,True,220,2,190,702,7.02,0
2367,0,1,3,4,16,True,219,6,6,1542,15.42,0
2368,0,1,3,4,34,True,200,5,65,1345,13.45,0
2369,0,1,3,4,33,False,130,13,152,3480,34.8,0
2370,0,1,3,4,15,False,54,2,187,699,6.99,0
2371,0,1,3,4,16,False,49,5,2,1282,12.82,0
2372,0,1,3,4,17,False,49,5,137,1417,14.17,0
2373,0,1,3,4,3,True,51,4,209,1233,12.33,0
2374,0,1,3,4,4,True,49,4,202,1226,12.26,0
2375,0,1,3,4,16,True,49,5,116,1396,13.96,0
2376,0,1,3,4,34,True,130,13,130,3458,34.58,0
2377,0,1,3,4,33,False,229,14,42,3626,36.26,0
2378,0,1,3,4,15,False,160,4,1,1025,10.25,0
2379,0,1,3,4,16,False,155,6,189,1725,17.25,0
2380,0,1,3,4,17,False,80,6,0,1536,15.36,0
2381,0,1,3,4,3,True,82,3,230,998,9.98,0
2382,0,1,3,4,4,True,81,6,167,1703,17.03,0
2383,0,1,3,4,16,True,80,5,235,1515,15.15,0
2384,0,1,3,4,34,True,180,12,12,3084,30.84,0
2385,0,1,3,4,33,False,252,2,235,747,7.47,0
2386,0,1,3,4,16,False,241,3,253,1021,10.21,0
2387,0,1,3,4,17,False,240,3,192,960,9.6,0
2388,0,1,3,4,3,True,242,3,117,885,8.85,0
2389,0,1,3,4,4,True,240,3,231,999,9.99,0
2390,0,1,3,4,16,True,240,3,172,940,9.4,0
2391,0,1,3,4,34,True,252,2,211,723,7.23,0
2392,0,1,3,4,33,False,59,13,252,3580,35.8,0
2393,0,1,3,4,16,False,239,9,4,2308,23.08,94
2394,0,-1,-1,-1,-1,True,-1,-1,-1,-1,-1.0,-1
2395,0,1,3,4,17,False,90,3,179,947,9.47,0
2396,0,1,3,4,3,True,92,2,48,560,5.6,0
2397,0,1,3,4,4,True,89,4,72,1096,10.96,0
2398,0,1,3,4,16,True,90,3,159,927,9.27,0
2399,0,1,3,4,34,True,140,15,216,4056,40.56,0
2400,0,1,3,4,33,False,152,15,201,4041,40.41,0
2401,0,1,3,4,16,False,99,5,198,1478,14.78,0
2402,0,1,3,4,17,False,100,3,250,1018,10.18,0
2403,0,1,3,4,3,True,100,3,89,857,8.57,0
2404,0,1,3,4,4,True,99,5,176,1456,14.56,0
2405,0,1,3,4,16,True,100,3,229,997,9.97,0
2406,0,1,3,4,32,True,102,1,111,367,3.67,0
2407,0,1,3,4,34,True,152,15,178,4018,40.18,0
2408,0,1,3,4,33,False,176,8,204,2252,22.52,0
2409,0,1,3,4,16,False,34,5,76,1356,13.56,0
2410,0,1,3,4,17,False,33,6,188,1724,17.24,0
2411,0,1,3,4,3,True,35,2,199,711,7.11,0
2412,0,1,3,4,4,True,34,5,54,1334,13.34,0
2413,0,1,3,4,16,True,33,6,167,1703,17.03,0
2414,0,1,3,4,34,True,176,8,181,2229,22.29,0
2415,0,1,3,4,33,False,64,2,64,576,5.76,0
2416,0,1,3,4,16,False,44,3,114,882,8.82,0
2417,0,1,3,4,17,False,42,5,147,1427,14.27,0
2418,0,1,3,4,3,True,45,2,187,699,6.99,0
2419,0,1,3,4,4,True,43,3,98,866,8.66,0
2420,0,1,3,4,16,True,42,5,127,1407,14.07,0
2421,0,1,3,4,34,True,64,2,41,553,5.53,0
2422,0,1,3,4,33,False,235,2,127,639,6.39,0
2423,0,1,3,4,15,False,219,6,210,1746,17.46,0
2424,0,1,3,4,16,False,217,6,73,1609,16.09,0
2425,0,1,3,4,17,False,217,4,228,1252,12.52,0
2426,0,1,3,4,3,True,218,6,207,1743,17.43,0
2427,0,1,3,4,4,True,217,6,50,1586,15.86,0
2428,0,1,3,4,16,True,217,4,208,1232,12.32,0
2429,0,1,3,4,32,True,222,0,155,155,1.55,0
2430,0,1,3,4,34,True,235,2,104,616,6.16,0
2431,0,1,3,4,33,False,144,15,68,3908,39.08,0
2432,0,1,3,4,15,False,86,4,127,1151,11.51,0
2433,0,1,3,4,16,False,85,6,72,1608,16.08,0
2434,0,1,3,4,17,False,85,3,227,995,9.95,0
2435,0,1,3,4,3,True,85,6,41,1577,15.77,0
2436,0,1,3,4,4,True,84,5,238,1518,15.18,0
2437,0,1,3,4,16,True,85,3,195,963,9.63,0
2438,0,1,3,4,34,True,144,15,46,3886,38.86,0
2439,0,1,3,4,33,False,23,2,172,684,6.84,0
2440,0,1,3,1,23,False,0,0,0,0,0.0,0
2441,0,1,3,2,44,True,4,0,0,0,0.0,0
2442,0,1,3,0,0,False,0,0,0,0,0.0,0
2443,0,1,3,7,6,False,247,4,131,1155,11.55,16712200
2444,0,1,3,4,4,True,7,6,225,1761,17.61,0
2445,0,1,3,4,16,True,9,4,176,1200,12.0,0
2446,0,1,3,4,34,True,23,2,148,660,6.6,0
2447,0,1,3,4,33,False,84,9,92,2396,23.96,0
2448,0,1,3,4,16,False,194,0,96,96,0.96,0
2449,0,1,3,4,33,False,53,10,176,2736,27.36,0
2450,0,1,3,4,17,False,191,4,90,1114,11.14,0
2451,0,1,3,4,4,True,192,2,87,599,5.99,0
2452,0,1,3,4,16,True,191,4,70,1094,10.94,0
2453,0,1,3,4,34,True,53,10,154,2714,27.14,0
2454,0,1,3,4,33,False,118,2,136,648,6.48,0
2455,0,1,3,4,16,False,100,6,172,1708,17.08,0
2456,0,1,3,4,17,False,100,6,102,1638,16.38,0
2457,0,1,3,4,3,True,101,6,130,1666,16.66,0
2458,0,1,3,4,4,True,100,4,167,1191,11.91,0
2459,0,1,3,4,16,True,100,6,82,1618,16.18,0
2460,0,1,3,4,34,True,118,2,113,625,6.25,0
2461,0,1,3,4,33,False,29,14,244,3828,38.28,0
2462,0,1,3,4,15,False,225,2,251,763,7.63,0
2463,0,1,3,4,16,False,222,6,137,1673,16.73,0
2464,0,1,3,4,17,False,221,4,207,1231,12.31,0
2465,0,1,3,4,3,True,223,4,190,1214,12.14,0
2466,0,1,3,4,4,True,222,6,115,1651,16.51,0
2467,0,1,3,4,16,True,221,4,187,1211,12.11,0
2468,0,1,3,4,34,True,29,14,222,3806,38.06,0
2469,0,1,3,4,33,False,96,13,72,3400,34.0,0
2470,0,1,3,4,16,False,11,6,23,1559,15.59,0
2471,0,1,3,4,17,False,10,5,151,1431,14.31,0
2472,0,1,3,4,3,True,12,4,12,1036,10.36,0
2473,0,1,3,4,4,True,11,6,1,1537,15.37,0
2474,0,1,3,4,16,True,10,5,131,1411,14.11,0
2475,0,1,3,4,34,True,96,13,50,3378,33.78,0
2476,0,1,3,4,33,False,246,15,164,4004,40.04,0
2477,0,1,3,4,16,False,192,5,17,1297,12.97,0
2478,0,1,3,4,17,False,191,5,83,1363,13.63,0
2479,0,1,3,4,3,True,193,3,29,797,7.97,0
2480,0,1,3,4,4,True,192,4,251,1275,12.75,0
2481,0,1,3,4,16,True,191,5,61,1341,13.41,0
2482,0,1,3,4,32,True,195,0,212,212,2.12,0
2483,0,1,3,4,34,True,246,15,140,3980,39.8,0
2484,0,1,3,4,33,False,187,2,1,513,5.13,0
2485,0,1,3,4,16,False,163,4,233,1257,12.57,0
2486,0,1,3,4,17,False,162,5,154,1434,14.34,0
2487,0,1,3,4,3,True,166,1,234,490,4.9,0
2488,0,1,3,4,4,True,163,4,209,1233,12.33,0
2489,0,1,3,4,16,True,162,5,133,1413,14.13,0
2490,0,1,3,4,34,True,187,1,234,490,4.9,0
2491,0,1,3,4,33,False,3,15,195,4035,40.35,0
2492,0,1,3,4,16,False,205,6,118,1654,16.54,0
2493,0,1,3,4,17,False,205,5,251,1531,15.31,0
2494,0,1,3,4,3,True,206,2,243,755,7.55,0
2495,0,1,3,4,4,True,205,6,95,1631,16.31,0
2496,0,1,3,4,16,True,205,5,231,1511,15.11,0
2497,0,1,3,4,32,True,209,0,70,70,0.7,0
2498,0,1,3,4,34,True,2,15,172,4012,40.12,0
2499,0,1,3,4,33,False,179,3,127,895,8.95,0
2500,0,1,3,4,16,False,206,5,163,1443,14.43,0
2501,0,1,3,4,17,False,207,5,114,1394,13.94,0
2502,0,1,3,4,3,True,207,4,246,1270,12.7,0
2503,0,1,3,4,4,True,206,5,144,1424,14.24,0
2504,0,1,3,4,16,True,207,5,93,1373,13.73,0
2505,0,1,3,4,34,True,29,13,186,3514,35.14,0
2506,0,1,3,4,33,False,79,2,226,738,7.38,0
2507,0,1,3,4,16,False,66,4,137,1161,11.61,0
2508,0,1,3,4,17,False,66,6,52,1588,15.88,0
2509,0,1,3,4,3,True,67,3,222,990,9.9,0
2510,0,1,3,4,4,True,66,4,114,1138,11.38,0
2511,0,1,3,4,16,True,66,6,31,1567,15.67,0
2512,0,1,3,4,34,True,79,2,203,715,7.15,0
2513,0,1,3,4,33,False,77,1,179,435,4.35,0
2514,0,1,3,4,15,False,51,4,202,1226,12.26,0
2515,0,1,3,4,16,False,48,7,65,1857,18.57,0
2516,0,1,3,4,17,False,49,4,36,1060,10.6,0
2517,0,1,3,4,3,True,49,4,235,1259,12.59,0
2518,0,1,3,4,4,True,48,7,42,1834,18.34,0
2519,0,1,3,4,16,True,49,4,14,1038,10.38,0
2520,0,1,3,4,34,True,77,1,156,412,4.12,0
2521,0,1,3,4,33,False,96,11,86,2902,29.02,0
2522,0,1,3,4,16,False,242,5,84,1364,13.64,0
2523,0,1,3,4,17,False,243,4,65,1089,10.89,0
2524,0,1,3,4,3,True,243,3,236,1004,10.04,0
2525,0,1,3,4,4,True,242,5,61,1341,13.41,0
2526,0,1,3,4,16,True,243,4,44,1068,10.68,0
2527,0,1,3,4,34,True,96,11,63,2879,28.79,0
2528,0,1,3,4,33,False,44,12,201,3273,32.73,0
2529,0,1,3,4,16,False,208,5,211,1491,14.91,0
2530,0,1,3,4,17,False,208,4,190,1214,12.14,0
2531,0,1,3,4,3,True,210,3,73,841,8.41,0
2532,0,1,3,4,4,True,208,5,189,1469,14.69,0
2533,0,1,3,4,16,True,208,4,154,1178,11.78,0
2534,0,1,3,4,34,True,44,12,177,3249,32.49,0
2535,0,1,3,4,33,False,232,1,102,358,3.58,0
2536,0,1,3,4,16,False,200,6,18,1554,15.54,0
2537,0,1,3,4,17,False,200,11,4,2820,28.2,217
2538,0,-1,-1,-1,-1,True,-1,-1,-1,-1,-1.0,-1
2539,0,1,3,4,3,True,60,3,125,893,8.93,0
2540,0,1,3,4,4,True,59,5,174,1454,14.54,0
2541,0,1,3,4,16,True,59,4,197,1221,12.21,0
2542,0,1,3,4,32,True,63,0,171,171,1.71,0
2543,0,1,3,4,34,True,79,2,70,582,5.82,0
2544,0,1,3,4,33,False,141,2,130,642,6.42,0
2545,0,1,3,4,15,False,176,6,93,1629,16.29,0
2546,0,1,3,4,16,False,174,6,30,1566,15.66,0
2547,0,1,3,4,17,False,174,4,208,1232,12.32,0
2548,0,1,3,4,3,True,175,6,98,1634,16.34,0
2549,0,1,3,4,4,True,173,6,8,1544,15.44,0
2550,0,1,3,4,16,True,174,4,187,1211,12.11,0
2551,0,1,3,4,32,True,175,1,81,337,3.37,0
2552,0,1,3,4,34,True,141,2,108,620,6.2,0
2553,0,1,3,2,13,True,2,0,0,0,0.0,0
2554,0,1,3,4,4,False,15,8,1,2049,20.49,0
2555,0,1,3,0,0,False,0,0,0,0,0.0,0
2556,0,1,3,4,16,False,177,0,0,0,0.0,17432576
2557,0,-1,-1,-1,-1,True,-1,-1,-1,-1,-1.0,-1
2558,0,-1,-1,-1,-1,True,-1,-1,-1,-1,-1.0,-1
2559,0,-1,-1,-1,-1,True,-1,-1,-1,-1,-1.0,-1
2560,0,-1,-1,-1,-1,True,-1,-1,-1,-1,-1.0,-1
2561,0,-1,-1,-1,-1,True,-1,-1,-1,-1,-1.0,-1
2562,0,1,3,4,16,False,146,4,172,1196,11.96,0
2563,0,1,3,4,17,False,146,4,238,1262,12.62,0
2564,0,1,3,4,3,True,147,2,160,672,6.72,0
2565,0,1,3,4,4,True,146,4,149,1173,11.73,0
2566,0,1,3,4,16,True,145,4,216,1240,12.4,0
2567,0,1,3,4,32,True,149,1,92,348,3.48,0
2568,0,1,3,4,34,True,195,0,1,1,0.01,0
2569,0,1,3,4,33,False,162,4,209,1233,12.33,0
2570,0,1,3,4,34,True,162,4,187,1211,12.11,0
2571,0,1,3,4,33,False,127,5,250,1530,15.3,0
2572,0,1,3,4,16,False,205,5,62,1342,13.42,0
2573,0,1,3,4,17,False,204,5,135,1415,14.15,0
2574,0,1,3,4,3,True,207,2,79,591,5.91,0
2575,0,1,3,4,4,True,204,5,48,1328,13.28,0
2576,0,1,3,4,5,True,206,1,122,378,3.78,0
2577,0,1,3,4,16,True,204,5,113,1393,13.93,0
2578,0,1,3,4,34,True,127,5,228,1508,15.08,0
2579,0,1,3,4,33,False,196,13,99,3427,34.27,0
2580,0,1,3,4,16,False,112,4,103,1127,11.27,0
2581,0,1,3,4,17,False,113,4,57,1081,10.81,0
2582,0,1,3,4,3,True,114,4,24,1048,10.48,0
2583,0,1,3,4,4,True,112,4,85,1109,11.09,0
2584,0,1,3,4,16,True,113,4,37,1061,10.61,0
2585,0,1,3,4,34,True,196,13,75,3403,34.03,0
2586,0,1,3,4,33,False,198,15,205,4045,40.45,0
2587,0,1,3,4,17,False,145,5,167,1447,14.47,0
2588,0,1,3,4,16,False,145,4,4,1028,10.28,121
2589,0,-1,-1,-1,-1,True,-1,-1,-1,-1,-1.0,-1
2590,0,1,3,4,3,True,165,3,72,840,8.4,0
2591,0,1,3,4,4,True,163,3,211,979,9.79,0
2592,0,1,3,4,16,True,164,4,100,1124,11.24,0
2593,0,1,3,4,32,True,167,0,171,171,1.71,0
2594,0,1,3,4,34,True,110,7,252,2044,20.44,0
2595,0,1,3,4,28,False,232,11,86,2902,29.02,0
2596,0,1,3,4,16,False,123,5,38,1318,13.18,0
2597,0,1,3,4,17,False,122,3,168,936,9.36,0
2598,0,1,3,4,3,True,125,1,176,432,4.32,0
2599,0,1,3,4,4,True,123,5,16,1296,12.96,0
2600,0,1,3,4,16,True,122,3,148,916,9.16,0
2601,0,1,3,4,34,True,232,11,62,2878,28.78,0
2602,0,1,3,4,33,False,99,5,149,1429,14.29,0
2603,0,1,3,4,15,False,123,5,16,1296,12.96,0
2604,0,1,3,4,16,False,121,5,110,1390,13.9,0
2605,0,1,3,4,17,False,121,4,236,1260,12.6,0
2606,0,1,3,4,3,True,122,5,29,1309,13.09,0
2607,0,1,3,4,4,True,121,5,88,1368,13.68,0
2608,0,1,3,4,5,True,123,1,182,438,4.38,0
2609,0,1,3,4,16,True,120,4,216,1240,12.4,0
2610,0,1,3,4,34,True,99,5,126,1406,14.06,0
2611,0,1,3,4,33,False,71,14,64,3648,36.48,0
2612,0,1,3,4,15,False,2,4,16,1040,10.4,0
2613,0,1,3,4,16,False,21,4,98,1122,11.22,0
2614,0,1,3,4,16,False,20,7,100,1892,18.92,0
2615,0,1,3,4,3,True,21,5,170,1450,14.5,0
2616,0,1,3,4,4,True,20,7,78,1870,18.7,0
2617,0,1,3,4,16,True,21,4,77,1101,11.01,0
2618,0,1,3,4,34,True,112,12,179,3251,32.51,0
2619,0,1,3,4,33,False,125,14,68,3652,36.52,0
2620,0,1,3,4,16,False,53,5,24,1304,13.04,0
2621,0,1,3,4,17,False,53,5,159,1439,14.39,0
2622,0,1,3,4,3,True,55,2,250,762,7.62,0
2623,0,1,3,4,4,True,53,5,2,1282,12.82,0
2624,0,1,3,4,16,True,53,5,139,1419,14.19,0
2625,0,1,3,4,34,True,125,14,45,3629,36.29,0
2626,0,1,3,4,33,False,153,14,97,3681,36.81,0
2627,0,1,3,4,16,False,77,5,60,1340,13.4,0
2628,0,1,3,4,17,False,77,4,167,1191,11.91,0
2629,0,1,3,4,3,True,78,5,20,1300,13.0,0
2630,0,1,3,4,4,True,77,4,113,1137,11.37,0
2631,0,1,3,4,16,True,77,4,146,1170,11.7,0
2632,0,1,3,4,34,True,144,14,146,3730,37.3,0
2633,0,1,3,4,33,False,217,2,112,624,6.24,0
2634,0,1,3,4,16,False,197,6,105,1641,16.41,0
2635,0,1,3,4,17,False,198,5,104,1384,13.84,0
2636,0,1,3,4,3,True,199,3,59,827,8.27,0
2637,0,1,3,4,4,True,197,6,83,1619,16.19,0
2638,0,1,3,4,5,True,200,1,163,419,4.19,0
2639,0,1,3,4,16,True,198,5,83,1363,13.63,0
2640,0,1,3,4,34,True,217,2,90,602,6.02,0
2641,0,1,3,4,33,False,78,10,33,2593,25.93,0
2642,0,1,3,4,16,False,209,6,45,1581,15.81,0
2643,0,1,3,4,17,False,101,4,182,1206,12.06,4
2644,0,-1,-1,-1,-1,True,-1,-1,-1,-1,-1.0,-1
2645,0,1,3,1,36,False,0,0,0,0,0.0,0
2646,0,1,3,6,14,False,4,3,102,870,8.7,38402
2647,0,1,3,4,4,True,101,4,160,1184,11.84,0
2648,0,1,3,4,16,True,100,5,249,1529,15.29,0
2649,0,1,3,4,34,True,125,1,230,486,4.86,0
2650,0,1,3,4,33,False,23,5,67,1347,13.47,0
2651,0,1,3,4,16,False,41,4,166,1190,11.9,0
2652,0,1,3,4,17,False,41,3,212,980,9.8,0
2653,0,1,3,4,3,True,42,4,0,1024,10.24,0
2654,0,1,3,4,4,True,41,4,142,1166,11.66,0
2655,0,1,3,4,16,True,41,3,191,959,9.59,0
2656,0,1,3,4,34,True,23,5,45,1325,13.25,0
2657,0,1,3,4,33,False,115,5,117,1397,13.97,0
2658,0,1,3,4,15,False,138,4,203,1227,12.27,0
2659,0,1,3,4,16,False,135,4,130,1154,11.54,0
2660,0,1,3,4,17,False,134,5,227,1507,15.07,0
2661,0,1,3,4,3,True,137,4,197,1221,12.21,0
2662,0,1,3,4,4,True,135,4,108,1132,11.32,0
2663,0,1,3,4,16,True,134,5,206,1486,14.86,0
2664,0,1,3,4,34,True,115,5,95,1375,13.75,0
2665,0,1,3,4,33,False,77,13,127,3455,34.55,0
2666,0,1,3,4,16,False,4,3,0,768,7.68,167772160
2667,0,-1,-1,-1,-1,True,-1,-1,-1,-1,-1.0,-1
2668,0,-1,-1,-1,-1,True,-1,-1,-1,-1,-1.0,-1
2669,0,1,3,4,3,True,188,2,57,569,5.69,0
2670,0,1,3,4,4,True,185,4,205,1229,12.29,0
2671,0,1,3,4,16,True,184,5,155,1435,14.35,0
2672,0,1,3,4,34,True,229,0,86,86,0.86,0
2673,0,1,3,4,33,False,8,10,240,2800,28.0,0
2674,0,1,3,4,16,False,151,3,42,810,8.1,0
2675,0,1,3,4,17,False,149,5,87,1367,13.67,0
2676,0,1,3,4,4,True,151,3,19,787,7.87,0
2677,0,1,3,4,16,True,149,5,66,1346,13.46,0
2678,0,1,3,4,34,True,8,10,218,2778,27.78,0
2679,0,1,3,4,33,False,197,10,196,2756,27.56,0
2680,0,1,3,4,16,False,80,5,13,1293,12.93,0
2681,0,1,3,4,17,False,80,4,153,1177,11.77,0
2682,0,1,3,4,3,True,80,4,245,1269,12.69,0
2683,0,1,3,4,4,True,82,3,115,883,8.83,0
2684,0,1,3,4,16,True,80,4,133,1157,11.57,0
2685,0,1,3,4,34,True,196,10,174,2734,27.34,0
2686,0,1,3,4,33,False,161,11,11,2827,28.27,0
2687,0,1,3,4,16,False,47,9,5,2309,23.09,127
2688,0,-1,-1,-1,-1,True,-1,-1,-1,-1,-1.0,-1
2689,0,1,3,4,17,False,73,4,254,1278,12.78,0
2690,0,1,3,4,3,True,74,5,81,1361,13.61,0
2691,0,1,3,4,4,True,73,4,178,1202,12.02,0
2692,0,1,3,4,16,True,73,4,234,1258,12.58,0
2693,0,1,3,4,34,True,169,12,79,3151,31.51,0
2694,0,1,3,4,33,False,139,3,23,791,7.91,0
2695,0,1,3,4,16,False,180,6,32,1568,15.68,0
2696,0,1,3,4,17,False,179,6,31,1567,15.67,0
2697,0,1,3,4,3,True,181,5,72,1352,13.52,0
2698,0,1,3,4,4,True,180,6,14,1550,15.5,0
2699,0,1,3,4,16,True,179,6,10,1546,15.46,0
2700,0,1,3,4,34,True,139,3,0,768,7.68,0
2701,0,1,3,4,33,False,50,10,101,2661,26.61,0
2702,0,1,3,4,16,False,5,6,0,1536,15.36,167772160
2703,0,-1,-1,-1,-1,True,-1,-1,-1,-1,-1.0,-1
2704,0,-1,-1,-1,-1,True,-1,-1,-1,-1,-1.0,-1
2705,0,-1,-1,-1,-1,True,-1,-1,-1,-1,-1.0,-1
2706,0,-1,-1,-1,-1,True,-1,-1,-1,-1,-1.0,-1
2707,0,1,3,4,3,True,161,3,53,821,8.21,0
2708,0,1,3,4,4,True,158,5,112,1392,13.92,0
2709,0,1,3,4,16,True,159,3,64,832,8.32,0
2710,0,1,3,4,34,True,241,13,75,3403,34.03,0
2711,0,1,3,4,33,False,166,10,254,2814,28.14,0
2712,0,1,3,4,17,False,51,5,60,1340,13.4,0
2713,0,1,3,4,4,True,53,0,168,168,1.68,0
2714,0,1,3,4,16,True,51,5,39,1319,13.19,0
2715,0,1,3,4,34,True,166,10,232,2792,27.92,0
2716,0,1,3,4,33,False,129,13,40,3368,33.68,0
2717,0,1,3,4,16,False,44,4,72,1096,10.96,0
2718,0,1,3,4,17,False,42,5,144,1424,14.24,0
2719,0,1,3,4,4,True,44,4,52,1076,10.76,0
2720,0,1,3,4,16,True,42,5,123,1403,14.03,0
2721,0,1,3,4,34,True,129,13,17,3345,33.45,0
2722,0,1,3,4,33,False,158,0,207,207,2.07,0
2723,0,1,3,4,16,False,118,2,179,691,6.91,0
2724,0,1,3,4,3,True,50,1,2,258,2.58,0
2725,0,1,3,4,4,True,47,4,0,1024,10.24,0
2726,0,1,3,4,5,True,49,0,202,202,2.02,0
2727,0,1,3,4,16,True,47,2,159,671,6.71,0
2728,0,1,3,4,34,True,149,11,198,3014,30.14,0
2729,0,1,3,4,33,False,77,10,153,2713,27.13,0
2730,0,1,3,4,16,False,216,2,39,551,5.51,0
2731,0,1,3,4,17,False,213,4,131,1155,11.55,0
2732,0,1,3,4,4,True,214,2,40,552,5.52,0
2733,0,1,3,4,5,True,217,0,60,60,0.6,0
2734,0,1,3,4,16,True,213,4,110,1134,11.34,0
2735,0,1,3,4,34,True,77,10,131,2691,26.91,0
2736,0,1,3,4,33,False,214,5,3,1283,12.83,0
2737,0,1,3,4,16,False,24,5,139,1419,14.19,0
2738,0,1,3,4,17,False,23,6,247,1783,17.83,0
2739,0,1,3,4,3,True,24,5,65,1345,13.45,0
2740,0,1,3,4,4,True,23,5,117,1397,13.97,0
2741,0,1,3,4,16,True,23,6,225,1761,17.61,0
2742,0,1,3,4,34,True,214,4,237,1261,12.61,0
2743,0,1,3,4,33,False,30,8,116,2164,21.64,0
2744,0,1,3,4,16,False,140,4,163,1187,11.87,0
2745,0,1,3,4,17,False,139,4,69,1093,10.93,0
2746,0,1,3,4,3,True,141,4,111,1135,11.35,0
2747,0,1,3,4,4,True,140,3,186,954,9.54,0
2748,0,1,3,4,16,True,139,4,48,1072,10.72,0
2749,0,1,3,4,34,True,30,8,93,2141,21.41,0
2750,0,1,3,4,33,False,144,8,38,2086,20.86,0
2751,0,1,3,4,15,False,255,2,239,751,7.51,0
2752,0,1,3,4,16,False,249,4,128,1152,11.52,0
2753,0,1,3,4,17,False,250,3,33,801,8.01,0
2754,0,1,3,4,3,True,249,4,105,1129,11.29,0
2755,0,1,3,4,4,True,250,3,180,948,9.48,0
2756,0,1,3,4,16,True,250,3,13,781,7.81,0
2757,0,1,3,4,32,True,254,0,222,222,2.22,0
2758,0,1,3,4,34,True,144,8,16,2064,20.64,0
2759,0,1,3,4,10,False,63,3,211,979,9.79,0
2760,0,1,3,4,17,False,42,5,64,1344,13.44,0
2761,0,1,3,4,3,True,44,3,171,939,9.39,0
2762,0,1,3,4,4,True,43,3,181,949,9.49,0
2763,0,1,3,4,16,True,42,1,25,281,2.81,0
2764,0,1,3,4,17,False,50,4,41,1065,10.65,0
2765,0,1,3,4,33,False,93,0,156,156,1.56,0
2766,0,1,3,4,4,True,54,1,3,259,2.59,0
2767,0,1,3,4,16,True,50,4,21,1045,10.45,0
2768,0,1,3,4,34,True,93,0,133,133,1.33,0
2769,0,1,3,4,33,False,203,0,84,84,0.84,0
2770,0,1,3,4,15,False,158,3,159,927,9.27,0
2771,0,1,3,4,16,False,157,4,251,1275,12.75,0
2772,0,1,3,4,17,False,113,5,183,1463,14.63,0
2773,0,1,3,4,3,True,115,4,199,1223,12.23,0
2774,0,1,3,4,4,True,114,4,144,1168,11.68,0
2775,0,1,3,4,16,True,113,5,163,1443,14.43,0
2776,0,1,3,4,34,True,149,1,10,266,2.66,0
2777,0,1,3,4,33,False,125,12,100,3172,31.72,0
2778,0,1,3,4,16,False,5,1,0,256,2.56,167772160
2779,0,-1,-1,-1,-1,True,-1,-1,-1,-1,-1.0,-1
2780,0,139,0,0,0,False,0,0,10,10,0.1,1055745
2781,0,-1,-1,-1,-1,True,-1,-1,-1,-1,-1.0,-1
2782,0,-1,-1,-1,-1,True,-1,-1,-1,-1,-1.0,-1
2783,0,1,3,4,3,True,1,4,114,1138,11.38,0
2784,0,1,3,4,4,True,255,3,93,861,8.61,0
2785,0,1,3,4,34,True,132,9,117,2421,24.21,0
2786,0,1,3,4,33,False,175,7,185,1977,19.77,0
2787,0,1,3,4,15,False,228,3,16,784,7.84,0
2788,0,1,3,4,16,False,224,4,215,1239,12.39,0
2789,0,1,3,4,17,False,223,4,88,1112,11.12,0
2790,0,1,3,4,3,True,224,4,185,1209,12.09,0
2791,0,1,3,4,4,True,224,2,245,757,7.57,0
2792,0,1,3,4,16,True,223,4,67,1091,10.91,0
2793,0,1,3,4,34,True,174,7,163,1955,19.55,0
2794,0,1,3,4,33,False,82,11,23,2839,28.39,0
2795,0,1,3,4,16,False,226,4,30,1054,10.54,0
2796,0,1,3,4,17,False,225,3,185,953,9.53,0
2797,0,1,3,4,3,True,227,3,250,1018,10.18,0
2798,0,1,3,4,4,True,226,3,129,897,8.97,0
2799,0,1,3,4,16,True,225,3,164,932,9.32,0
2800,0,1,3,4,34,True,82,11,1,2817,28.17,0
2801,0,1,3,4,33,False,135,15,21,3861,38.61,0
2802,0,1,3,4,16,False,73,4,48,1072,10.72,0
2803,0,1,3,4,17,False,73,5,199,1479,14.79,0
2804,0,1,3,4,3,True,76,2,24,536,5.36,0
2805,0,1,3,4,4,True,73,4,26,1050,10.5,0
2806,0,1,3,4,16,True,72,5,178,1458,14.58,0
2807,0,1,3,4,34,True,135,14,254,3838,38.38,0
2808,0,1,3,4,33,False,202,7,55,1847,18.47,0
2809,0,1,3,4,16,False,192,5,130,1410,14.1,0
2810,0,1,3,4,3,True,195,4,101,1125,11.25,0
2811,0,1,3,4,4,True,193,4,15,1039,10.39,0
2812,0,1,3,4,5,True,196,0,87,87,0.87,0
2813,0,1,3,4,16,True,192,5,109,1389,13.89,0
2814,0,1,3,4,34,True,54,10,174,2734,27.34,0
2815,0,1,3,4,33,False,82,6,225,1761,17.61,0
2816,0,1,3,4,16,False,172,4,100,1124,11.24,0
2817,0,1,3,4,17,False,171,5,190,1470,14.7,0
2818,0,1,3,4,3,True,174,1,141,397,3.97,0
2819,0,1,3,4,4,True,172,4,92,1116,11.16,0
2820,0,1,3,4,16,True,171,5,170,1450,14.5,0
2821,0,1,3,4,34,True,82,6,202,1738,17.38,0
2822,0,1,3,4,33,False,19,4,5,1029,10.29,0
2823,0,1,3,4,16,False,21,3,197,965,9.65,0
2824,0,1,3,4,17,False,20,4,236,1260,12.6,0
2825,0,1,3,4,3,True,22,3,140,908,9.08,0
2826,0,1,3,4,4,True,21,3,165,933,9.33,0
2827,0,1,3,4,16,True,20,4,216,1240,12.4,0
2828,0,1,3,4,34,True,19,3,238,1006,10.06,0
2829,0,1,3,4,16,False,7,2,49,561,5.61,0
2830,0,1,3,4,17,False,6,7,5,1797,17.97,175
2831,0,-1,-1,-1,-1,True,-1,-1,-1,-1,-1.0,-1
2832,0,1,3,4,17,False,7,4,125,1149,11.49,0
2833,0,1,3,4,3,True,9,2,186,698,6.98,0
2834,0,1,3,4,4,True,7,5,152,1432,14.32,0
2835,0,1,3,4,16,True,7,4,105,1129,11.29,0
2836,0,1,3,4,34,True,204,8,111,2159,21.59,0
2837,0,1,3,4,33,False,35,1,78,334,3.34,0
2838,0,1,3,4,16,False,1,6,31,1567,15.67,0
2839,0,1,3,4,17,False,2,5,9,1289,12.89,0
2840,0,1,3,4,3,True,2,5,250,1530,15.3,0
2841,0,1,3,4,4,True,1,5,141,1421,14.21,0
2842,0,1,3,4,16,True,2,4,244,1268,12.68,0
2843,0,1,3,4,33,False,0,10,79,2639,26.39,0
2844,0,1,3,4,34,True,0,11,113,2929,29.29,0
2845,0,1,3,4,33,False,126,2,152,664,6.64,0
2846,0,1,3,4,16,False,109,6,240,1776,17.76,0
2847,0,1,3,4,17,False,110,4,250,1274,12.74,0
2848,0,1,3,4,3,True,109,5,134,1414,14.14,0
2849,0,1,3,4,4,True,109,6,217,1753,17.53,0
2850,0,1,3,4,16,True,110,4,228,1252,12.52,0
2851,0,1,3,4,34,True,126,2,130,642,6.42,0
2852,0,1,3,4,33,False,121,13,154,3482,34.82,0
2853,0,1,3,4,16,False,40,5,166,1446,14.46,0
2854,0,1,3,4,17,False,40,4,53,1077,10.77,0
2855,0,1,3,4,3,True,41,4,39,1063,10.63,0
2856,0,1,3,4,4,True,40,5,144,1424,14.24,0
2857,0,1,3,4,16,True,40,4,33,1057,10.57,0
2858,0,1,3,4,34,True,121,13,131,3459,34.59,0
2859,0,1,3,4,33,False,0,4,46,1070,10.7,0
2860,0,1,3,4,16,False,3,7,42,1834,18.34,0
2861,0,1,3,4,17,False,3,4,199,1223,12.23,0
2862,0,1,3,4,3,True,4,4,166,1190,11.9,0
2863,0,1,3,4,4,True,3,7,19,1811,18.11,0
2864,0,1,3,4,16,True,3,4,178,1202,12.02,0
2865,0,1,3,4,34,True,0,4,24,1048,10.48,0
2866,0,1,3,4,33,False,179,2,31,543,5.43,0
2867,0,1,3,4,16,False,157,5,156,1436,14.36,0
2868,0,1,3,4,17,False,157,4,227,1251,12.51,0
2869,0,1,3,4,3,True,158,3,23,791,7.91,0
2870,0,1,3,4,4,True,157,5,134,1414,14.14,0
2871,0,1,3,4,16,True,157,4,207,1231,12.31,0
2872,0,1,3,4,32,True,160,0,211,211,2.11,0
2873,0,1,3,4,34,True,179,2,8,520,5.2,0
2874,0,1,3,4,33,False,5,11,113,2929,29.29,0
2875,0,1,3,4,16,False,152,6,252,1788,17.88,0
2876,0,1,3,4,17,False,152,6,51,1587,15.87,0
2877,0,1,3,4,3,True,201,3,254,1022,10.22,0
2878,0,1,3,4,4,True,200,5,57,1337,13.37,0
2879,0,1,3,4,5,True,202,1,5,261,2.61,0
2880,0,1,3,4,16,True,200,6,31,1567,15.67,0
2881,0,1,3,4,34,True,204,3,137,905,9.05,0
2882,0,1,3,4,33,False,142,0,195,195,1.95,0
2883,0,1,3,4,16,False,105,2,24,536,5.36,0
2884,0,1,3,4,17,False,102,4,197,1221,12.21,0
2885,0,1,3,4,3,True,111,0,58,58,0.58,0
2886,0,1,3,4,4,True,105,2,2,514,5.14,0
2887,0,1,3,4,16,True,102,4,176,1200,12.0,0
2888,0,1,3,4,34,True,142,0,173,173,1.73,0
2889,0,1,3,4,33,False,83,15,136,3976,39.76,0
2890,0,1,3,4,16,False,27,5,90,1370,13.7,0
2891,0,1,3,4,17,False,27,4,22,1046,10.46,0
2892,0,1,3,4,3,True,29,5,43,1323,13.23,0
2893,0,1,3,4,4,True,27,4,1,1025,10.25,0
2894,0,1,3,4,16,True,27,4,2,1026,10.26,0
2895,0,1,3,4,34,True,212,5,44,1324,13.24,0
2896,0,1,3,4,33,False,212,9,134,2438,24.38,0
2897,0,1,3,4,15,False,32,5,152,1432,14.32,0
2898,0,1,3,4,16,False,27,8,122,2170,21.7,0
2899,0,1,3,4,17,False,27,6,96,1632,16.32,0
2900,0,1,3,4,3,True,28,8,84,2132,21.32,0
2901,0,1,3,4,4,True,27,6,203,1739,17.39,0
2902,0,1,3,4,16,True,27,6,76,1612,16.12,0
2903,0,1,3,4,32,True,31,2,116,628,6.28,0
2904,0,1,3,4,34,True,212,8,222,2270,22.7,0
2905,0,1,3,4,16,False,150,0,177,177,1.77,0
2906,0,1,3,4,17,False,146,6,69,1605,16.05,0
2907,0,1,3,4,33,False,250,11,228,3044,30.44,0
2908,0,1,3,4,4,True,147,2,10,522,5.22,0
2909,0,1,3,4,16,True,146,6,47,1583,15.83,0
2910,0,1,3,4,34,True,250,11,204,3020,30.2,0
2911,0,1,3,4,33,False,48,1,184,440,4.4,0
2912,0,1,3,4,16,False,21,3,199,967,9.67,0
2913,0,1,3,4,17,False,20,4,142,1166,11.66,0
2914,0,1,3,4,3,True,23,2,44,556,5.56,0
2915,0,1,3,4,4,True,21,3,177,945,9.45,0
2916,0,1,3,4,16,True,20,4,121,1145,11.45,0
2917,0,1,3,4,34,True,48,1,160,416,4.16,0
2918,0,1,3,4,33,False,136,15,105,3945,39.45,0
2919,0,1,3,4,16,False,80,3,237,1005,10.05,0
2920,0,1,3,4,17,False,79,6,108,1644,16.44,0
2921,0,1,3,4,3,True,81,3,39,807,8.07,0
2922,0,1,3,4,4,True,80,3,213,981,9.81,0
2923,0,1,3,4,16,True,79,6,87,1623,16.23,0
2924,0,1,3,4,34,True,136,15,81,3921,39.21,0
2925,0,1,3,4,33,False,81,12,53,3125,31.25,0
2926,0,1,3,4,16,False,239,4,178,1202,12.02,0
2927,0,1,3,4,17,False,238,6,4,1540,15.4,0
2928,0,1,3,4,3,True,240,4,135,1159,11.59,0
2929,0,1,3,4,4,True,239,4,110,1134,11.34,0
2930,0,1,3,4,16,True,238,5,240,1520,15.2,0
2931,0,1,3,4,34,True,81,12,31,3103,31.03,0
2932,0,1,3,4,33,False,250,3,81,849,8.49,0
2933,0,1,3,4,16,False,243,5,16,1296,12.96,6882797
2934,0,-1,-1,-1,-1,True,-1,-1,-1,-1,-1.0,-1
2935,0,-1,-1,-1,-1,True,-1,-1,-1,-1,-1.0,-1
2936,0,-1,-1,-1,-1,True,-1,-1,-1,-1,-1.0,-1
2937,0,1,3,4,17,False,237,5,86,1366,13.66,0
2938,0,1,3,4,3,True,238,4,181,1205,12.05,0
2939,0,1,3,4,4,True,237,5,86,1366,13.66,0
2940,0,1,3,4,16,True,237,5,66,1346,13.46,0
2941,0,1,3,4,34,True,137,7,156,1948,19.48,0
2942,0,1,3,4,33,False,79,8,87,2135,21.35,0
2943,0,1,3,4,16,False,135,6,102,1638,16.38,0
2944,0,1,3,4,17,False,135,5,172,1452,14.52,0
2945,0,1,3,4,3,True,136,4,186,1210,12.1,0
2946,0,1,3,4,4,True,135,6,79,1615,16.15,0
2947,0,1,3,4,16,True,135,5,151,1431,14.31,0
2948,0,1,3,4,34,True,79,8,63,2111,21.11,0
2949,0,1,3,4,33,False,63,14,53,3637,36.37,0
2950,0,1,3,4,16,False,247,5,107,1387,13.87,0
2951,0,1,3,4,17,False,246,5,179,1459,14.59,0
2952,0,1,3,4,3,True,248,3,130,898,8.98,0
2953,0,1,3,4,4,True,135,5,85,1365,13.65,0
2954,0,1,3,4,16,True,246,5,157,1437,14.37,0
2955,0,1,3,4,34,True,63,14,30,3614,36.14,0
2956,0,1,3,4,33,False,251,13,79,3407,34.07,0
2957,0,1,3,4,16,False,167,4,79,1103,11.03,0
2958,0,1,3,4,17,False,166,5,55,1335,13.35,0
2959,0,1,3,4,3,True,169,2,63,575,5.75,0
2960,0,1,3,4,4,True,167,4,56,1080,10.8,0
2961,0,1,3,4,16,True,166,5,33,1313,13.13,0
2962,0,1,3,4,34,True,251,13,57,3385,33.85,0
2963,0,1,3,4,33,False,82,11,235,3051,30.51,0
2964,0,1,3,4,16,False,235,5,216,1496,14.96,0
2965,0,1,3,4,3,True,237,5,67,1347,13.47,0
2966,0,1,3,4,4,True,235,5,194,1474,14.74,0
2967,0,1,3,4,34,True,82,11,212,3028,30.28,0
2968,0,1,3,4,33,False,15,11,25,2841,28.41,0
2969,0,1,3,4,15,False,161,3,204,972,9.72,0
2970,0,1,3,4,16,False,157,6,10,1546,15.46,0
2971,0,1,3,4,17,False,158,5,101,1381,13.81,0
2972,0,1,3,4,3,True,159,5,118,1398,13.98,0
2973,0,1,3,4,4,True,157,5,244,1524,15.24,0
2974,0,1,3,4,5,True,160,2,77,589,5.89,0
2975,0,1,3,4,16,True,158,5,81,1361,13.61,0
2976,0,1,3,4,32,True,161,0,243,243,2.43,0
2977,0,1,3,4,34,True,15,11,3,2819,28.19,0
2978,0,1,3,4,33,False,183,15,36,3876,38.76,0
2979,0,1,3,4,16,False,122,6,70,1606,16.06,0
2980,0,1,3,4,17,False,122,5,225,1505,15.05,0
2981,0,1,3,4,3,True,123,3,180,948,9.48,0
2982,0,1,3,4,4,True,122,6,48,1584,15.84,0
2983,0,1,3,4,16,True,122,5,205,1485,14.85,0
2984,0,1,3,4,34,True,183,15,14,3854,38.54,0
2985,0,1,3,4,33,False,226,4,83,1107,11.07,0
2986,0,1,3,4,16,False,255,4,205,1229,12.29,0
2987,0,1,3,4,17,False,254,6,40,1576,15.76,0
2988,0,1,3,4,3,True,1,3,48,816,8.16,0
2989,0,1,3,4,4,True,255,4,183,1207,12.07,0
2990,0,1,3,4,16,True,254,6,19,1555,15.55,0
2991,0,1,3,4,34,True,131,9,130,2434,24.34,0
2992,0,1,3,4,33,False,228,3,88,856,8.56,0
2993,0,1,3,4,16,False,220,6,138,1674,16.74,0
2994,0,1,3,4,17,False,221,4,207,1231,12.31,0
2995,0,1,3,4,3,True,221,4,121,1145,11.45,0
2996,0,1,3,4,4,True,220,6,116,1652,16.52,0
2997,0,1,3,4,16,True,221,4,187,1211,12.11,0
2998,0,1,3,4,34,True,228,3,65,833,8.33,0
2999,0,1,3,4,33,False,162,8,172,2220,22.2,0
3000,0,1,3,4,16,False,18,5,180,1460,14.6,0
3001,0,1,3,4,17,False,18,4,153,1177,11.77,0
3002,0,1,3,4,3,True,20,3,221,989,9.89,0
3003,0,1,3,4,4,True,18,5,157,1437,14.37,0
3004,0,1,3,4,16,True,18,4,132,1156,11.56,0
3005,0,1,3,4,34,True,162,8,149,2197,21.97,0
3006,0,1,3,4,28,False,232,9,24,2328,23.28,0
3007,0,1,3,4,16,False,93,4,94,1118,11.18,0
3008,0,1,3,4,17,False,94,4,146,1170,11.7,0
3009,0,1,3,4,3,True,94,3,19,787,7.87,0
3010,0,1,3,4,4,True,93,4,72,1096,10.96,0
3011,0,1,3,4,16,True,94,4,125,1149,11.49,0
3012,0,1,3,4,34,True,232,9,0,2304,23.04,0
3013,0,1,3,4,33,False,92,0,248,248,2.48,0
3014,0,1,3,4,15,False,58,4,246,1270,12.7,0
3015,0,1,3,4,16,False,54,5,198,1478,14.78,0
3016,0,1,3,4,17,False,54,5,73,1353,13.53,0
3017,0,1,3,4,3,True,55,5,36,1316,13.16,0
3018,0,1,3,4,4,True,54,5,176,1456,14.56,0
3019,0,1,3,4,16,True,54,5,52,1332,13.32,0
3020,0,1,3,4,34,True,92,0,224,224,2.24,0
3021,0,1,3,4,33,False,225,0,43,43,0.43,0
3022,0,1,3,4,15,False,184,3,106,874,8.74,0
3023,0,1,3,4,16,False,178,5,104,1384,13.84,0
3024,0,1,3,4,17,False,4,15,0,3840,38.4,167772160
3025,0,-1,-1,-1,-1,True,-1,-1,-1,-1,-1.0,-1
3026,0,-1,-1,-1,-1,True,-1,-1,-1,-1,-1.0,-1
3027,0,1,3,4,3,True,236,3,46,814,8.14,0
3028,0,1,3,4,4,True,234,4,232,1256,12.56,0
3029,0,1,3,4,16,True,234,5,67,1347,13.47,0
3030,0,1,3,4,34,True,20,0,141,141,1.41,0
3031,0,1,3,4,33,False,137,11,43,2859,28.59,0
3032,0,1,3,4,16,False,27,3,8,776,7.76,0
3033,0,1,3,4,17,False,25,5,241,1521,15.21,0
3034,0,1,3,4,3,True,29,1,53,309,3.09,0
3035,0,1,3,4,4,True,27,2,242,754,7.54,0
3036,0,1,3,4,16,True,25,5,220,1500,15.0,0
3037,0,1,3,4,34,True,137,11,20,2836,28.36,0
3038,0,1,3,4,33,False,168,13,179,3507,35.07,0
3039,0,1,3,4,15,False,92,4,156,1180,11.8,0
3040,0,1,3,4,16,False,88,6,136,1672,16.72,0
3041,0,1,3,4,17,False,88,3,39,807,8.07,0
3042,0,1,3,4,17,False,171,6,99,1635,16.35,0
3043,0,1,3,4,3,True,175,2,193,705,7.05,0
3044,0,1,3,4,4,True,172,4,196,1220,12.2,0
3045,0,1,3,4,16,True,171,6,78,1614,16.14,0
3046,0,1,3,4,34,True,232,15,37,3877,38.77,0
3047,0,1,3,4,33,False,64,14,70,3654,36.54,0
3048,0,1,3,4,16,False,5,2,0,512,5.12,167772160
3049,0,-1,-1,-1,-1,True,-1,-1,-1,-1,-1.0,-1
3050,0,-1,-1,-1,-1,True,-1,-1,-1,-1,-1.0,-1
3051,0,-1,-1,-1,-1,True,-1,-1,-1,-1,-1.0,-1
3052,0,1,3,4,3,True,134,5,240,1520,15.2,0
3053,0,1,3,4,4,True,133,5,11,1291,12.91,0
3054,0,1,3,4,16,True,132,4,68,1092,10.92,0
3055,0,1,3,4,34,True,174,0,143,143,1.43,0
3056,0,1,3,4,33,False,39,1,251,507,5.07,0
3057,0,1,3,4,16,False,16,2,124,636,6.36,0
3058,0,1,3,4,17,False,14,3,188,956,9.56,0
3059,0,1,3,4,3,True,20,1,25,281,2.81,0
3060,0,1,3,4,4,True,16,2,106,618,6.18,0
3061,0,1,3,4,5,True,16,2,101,613,6.13,0
3062,0,1,3,4,16,True,14,3,168,936,9.36,0
3063,0,1,3,4,34,True,39,1,229,485,4.85,0
3064,0,1,3,4,33,False,26,9,147,2451,24.51,0
3065,0,1,3,4,16,False,60,5,221,1501,15.01,0
3066,0,1,3,4,17,False,60,4,45,1069,10.69,0
3067,0,1,3,4,3,True,60,5,135,1415,14.15,0
3068,0,1,3,4,4,True,60,5,199,1479,14.79,0
3069,0,1,3,4,16,True,60,4,24,1048,10.48,0
3070,0,1,3,4,34,True,175,10,205,2765,27.65,0
3071,0,1,3,4,33,False,12,0,100,100,1.0,0
3072,0,1,3,4,15,False,229,3,81,849,8.49,0
3073,0,1,3,4,16,False,226,3,70,838,8.38,0
3074,0,1,3,4,17,False,225,6,218,1754,17.54,0
3075,0,1,3,4,3,True,229,2,25,537,5.37,0
3076,0,1,3,4,4,True,226,3,225,993,9.93,0
3077,0,1,3,4,16,True,225,6,197,1733,17.33,0
3078,0,1,3,4,34,True,28,15,73,3913,39.13,0
3079,0,1,3,4,33,False,102,10,169,2729,27.29,0
3080,0,1,3,4,16,False,240,5,152,1432,14.32,0
3081,0,1,3,4,17,False,71,4,170,1194,11.94,0
3082,0,1,3,4,3,True,73,3,94,862,8.62,0
3083,0,1,3,4,4,True,71,5,135,1415,14.15,0
3084,0,1,3,4,16,True,71,4,148,1172,11.72,0
3085,0,1,3,4,34,True,13,8,81,2129,21.29,0
3086,0,1,3,4,33,False,181,13,79,3407,34.07,0
3087,0,1,3,4,16,False,243,3,186,954,9.54,0
3088,0,1,3,4,17,False,242,4,163,1187,11.87,0
3089,0,1,3,4,3,True,245,2,53,565,5.65,0
3090,0,1,3,4,4,True,243,3,163,931,9.31,0
3091,0,1,3,4,16,True,242,4,141,1165,11.65,0
3092,0,1,3,4,34,True,59,14,37,3621,36.21,0
3093,0,1,3,4,33,False,30,13,189,3517,35.17,0
3094,0,1,3,4,16,False,208,7,4,1796,17.96,148
3095,0,-1,-1,-1,-1,True,-1,-1,-1,-1,-1.0,-1
3096,0,1,3,4,17,False,71,5,80,1360,13.6,0
3097,0,1,3,4,3,True,71,4,8,1032,10.32,0
3098,0,1,3,4,4,True,72,4,114,1138,11.38,0
3099,0,1,3,4,16,True,71,5,59,1339,13.39,0
3100,0,1,3,4,34,True,86,2,173,685,6.85,0
3101,0,1,3,4,33,False,129,4,211,1235,12.35,0
3102,0,1,3,4,16,False,141,6,82,1618,16.18,0
3103,0,1,3,4,17,False,141,5,78,1358,13.58,0
3104,0,1,3,4,3,True,143,3,116,884,8.84,0
3105,0,1,3,4,4,True,141,6,59,1595,15.95,0
3106,0,1,3,4,16,True,141,5,58,1338,13.38,0
3107,0,1,3,4,34,True,129,4,188,1212,12.12,0
3108,0,1,3,4,33,False,27,10,51,2611,26.11,0
3109,0,1,3,4,16,False,160,4,157,1181,11.81,0
3110,0,1,3,4,17,False,158,5,120,1400,14.0,0
3111,0,1,3,4,3,True,163,1,84,340,3.4,0
3112,0,1,3,4,4,True,160,4,135,1159,11.59,0
3113,0,1,3,4,16,True,158,5,100,1380,13.8,0
3114,0,1,3,4,34,True,27,10,29,2589,25.89,0
3115,0,1,3,4,33,False,55,13,0,3328,33.28,0
3116,0,1,3,4,16,False,223,9,6,2310,23.1,32
3117,0,-1,-1,-1,-1,True,-1,-1,-1,-1,-1.0,-1
3118,0,1,3,4,17,False,26,5,142,1422,14.22,0
3119,0,1,3,4,3,True,27,5,242,1522,15.22,0
3120,0,1,3,4,4,True,25,4,164,1188,11.88,0
3121,0,1,3,4,16,True,26,5,122,1402,14.02,0
3122,0,1,3,4,34,True,158,9,121,2425,24.25,0
3123,0,1,3,4,33,False,208,9,107,2411,24.11,0
3124,0,1,3,4,16,False,73,6,214,1750,17.5,0
3125,0,1,3,4,15,False,74,8,143,2191,21.91,0
3126,0,1,3,4,17,False,73,7,3,1795,17.95,0
3127,0,1,3,4,3,True,123,4,23,1047,10.47,0
3128,0,1,3,4,4,True,123,4,29,1053,10.53,0
3129,0,1,3,4,5,True,126,0,194,194,1.94,0
3130,0,1,3,4,16,True,123,6,238,1774,17.74,0
3131,0,1,3,4,34,True,187,14,205,3789,37.89,0
3132,0,1,3,4,33,False,11,9,228,2532,25.32,0
3133,0,1,3,4,17,False,138,4,183,1207,12.07,0
3134,0,1,3,4,16,True,138,4,163,1187,11.87,0
3135,0,1,3,4,34,True,11,9,205,2509,25.09,0
3136,0,1,3,4,33,False,80,1,13,269,2.69,0
3137,0,1,3,4,16,False,0,10,1,2561,25.61,89362460
3138,0,-1,-1,-1,-1,True,-1,-1,-1,-1,-1.0,-1
3139,0,-1,-1,-1,-1,True,-1,-1,-1,-1,-1.0,-1
3140,0,-1,-1,-1,-1,True,-1,-1,-1,-1,-1.0,-1
3141,0,-1,-1,-1,-1,True,-1,-1,-1,-1,-1.0,-1
3142,0,1,3,4,34,True,189,11,155,2971,29.71,0
3143,0,1,3,4,33,False,32,15,59,3899,38.99,0
3144,0,1,3,4,16,False,228,5,200,1480,14.8,0
3145,0,1,3,4,17,False,228,5,83,1363,13.63,0
3146,0,1,3,4,3,True,229,3,246,1014,10.14,0
3147,0,1,3,4,4,True,228,5,178,1458,14.58,0
3148,0,1,3,4,16,True,228,5,63,1343,13.43,0
3149,0,1,3,4,34,True,32,15,37,3877,38.77,0
3150,0,1,3,4,33,False,32,14,67,3651,36.51,0
3151,0,1,3,4,16,False,17,4,211,1235,12.35,0
3152,0,1,3,4,17,False,17,6,116,1652,16.52,0
3153,0,1,3,4,3,True,18,4,115,1139,11.39,0
3154,0,1,3,4,4,True,17,4,188,1212,12.12,0
3155,0,1,3,4,16,True,17,6,95,1631,16.31,0
3156,0,1,3,4,34,True,89,14,44,3628,36.28,0
3157,0,1,3,4,33,False,107,15,251,4091,40.91,0
3158,0,1,3,4,16,False,57,6,150,1686,16.86,0
3159,0,1,3,4,17,False,57,4,179,1203,12.03,0
3160,0,1,3,4,3,True,60,2,98,610,6.1,0
3161,0,1,3,4,4,True,57,6,128,1664,16.64,0
3162,0,1,3,4,16,True,57,4,157,1181,11.81,0
3163,0,1,3,4,34,True,107,15,229,4069,40.69,0
3164,0,1,3,4,33,False,118,1,169,425,4.25,0
3165,0,1,3,4,16,False,91,3,191,959,9.59,0
3166,0,1,3,4,17,False,89,6,47,1583,15.83,0
3167,0,1,3,4,4,True,90,3,199,967,9.67,0
3168,0,1,3,4,16,True,89,6,26,1562,15.62,0
3169,0,1,3,4,34,True,118,1,146,402,4.02,0
3170,0,1,3,4,33,False,133,7,253,2045,20.45,0
3171,0,1,3,4,16,False,186,4,255,1279,12.79,0
3172,0,1,3,4,17,False,185,6,241,1777,17.77,0
3173,0,1,3,4,3,True,187,4,203,1227,12.27,0
3174,0,1,3,4,4,True,186,3,127,895,8.95,0
3175,0,1,3,4,16,True,185,6,220,1756,17.56,0
3176,0,1,3,4,34,True,133,7,231,2023,20.23,0
3177,0,1,3,4,33,False,189,14,212,3796,37.96,0
3178,0,1,3,4,16,False,123,6,4,1540,15.4,225
3179,0,-1,-1,-1,-1,True,-1,-1,-1,-1,-1.0,-1
3180,0,1,3,4,17,False,84,3,229,997,9.97,0
3181,0,1,3,4,3,True,88,0,237,237,2.37,0
3182,0,1,3,4,4,True,84,4,230,1254,12.54,0
3183,0,1,3,4,16,True,85,3,188,956,9.56,0
3184,0,1,3,4,34,True,123,0,187,187,1.87,0
3185,0,1,3,4,33,False,41,7,16,1808,18.08,0
3186,0,1,3,4,16,False,132,6,40,1576,15.76,0
3187,0,1,3,4,3,True,23,5,64,1344,13.44,0
3188,0,1,3,4,4,True,21,4,148,1172,11.72,0
3189,0,1,3,4,16,True,21,6,19,1555,15.55,0
3190,0,1,3,4,32,True,23,1,143,399,3.99,0
3191,0,1,3,4,34,True,33,2,240,752,7.52,0
3192,0,1,3,4,33,False,115,15,212,4052,40.52,0
3193,0,1,3,4,16,False,66,2,135,647,6.47,0
3194,0,1,3,4,17,False,63,3,127,895,8.95,0
3195,0,1,3,4,3,True,69,0,202,202,2.02,0
3196,0,1,3,4,4,True,66,2,113,625,6.25,0
3197,0,1,3,4,16,True,63,3,106,874,8.74,0
3198,0,1,3,4,34,True,115,15,190,4030,40.3,0
3199,0,1,3,4,33,False,142,10,130,2690,26.9,0
3200,0,1,3,4,17,False,22,3,31,799,7.99,0
3201,0,1,3,4,16,True,22,3,10,778,7.78,0
3202,0,1,3,4,34,True,142,10,108,2668,26.68,0
3203,0,1,3,4,33,False,98,0,65,65,0.65,0
3204,0,1,3,4,16,False,51,7,123,1915,19.15,0
3205,0,1,3,4,17,False,51,5,164,1444,14.44,0
3206,0,1,3,4,3,True,52,5,106,1386,13.86,0
3207,0,1,3,4,4,True,51,7,100,1892,18.92,0
3208,0,1,3,4,33,False,207,1,22,278,2.78,0
3209,0,1,3,4,16,True,51,5,143,1423,14.23,0
3210,0,1,3,4,34,True,207,1,40,296,2.96,0
3211,0,1,3,4,33,False,186,7,230,2022,20.22,0
3212,0,1,3,4,16,False,33,4,81,1105,11.05,0
3213,0,1,3,4,17,False,32,4,168,1192,11.92,0
3214,0,1,3,4,4,True,33,4,59,1083,10.83,0
3215,0,1,3,4,16,True,32,4,146,1170,11.7,0
3216,0,1,3,4,34,True,186,7,210,2002,20.02,0
3217,0,1,3,4,33,False,246,0,192,192,1.92,0
3218,0,1,3,4,15,False,209,4,145,1169,11.69,0
3219,0,1,3,4,16,False,205,3,197,965,9.65,0
3220,0,1,3,4,17,False,205,14,128,3712,37.12,0
3221,0,1,3,4,16,False,211,4,108,1132,11.32,0
3222,0,1,3,4,3,True,211,4,52,1076,10.76,0
3223,0,1,3,4,4,True,211,4,86,1110,11.1,0
3224,0,1,3,4,32,True,215,1,38,294,2.94,0
3225,0,1,3,4,34,True,24,14,105,3689,36.89,0
3226,0,1,3,4,33,False,250,14,43,3627,36.27,0
3227,0,1,3,4,16,False,177,4,42,1066,10.66,0
3228,0,1,3,4,3,True,177,4,20,1044,10.44,0
3229,0,1,3,4,4,True,178,3,124,892,8.92,0
3230,0,1,3,4,34,True,250,14,20,3604,36.04,0
3231,0,1,3,4,33,False,194,10,52,2612,26.12,0
3232,0,1,3,4,16,False,70,5,8,1288,12.88,0
3233,0,1,3,4,17,False,6,1,0,256,2.56,167772160
3234,0,-1,-1,-1,-1,True,-1,-1,-1,-1,-1.0,-1
3235,0,-1,-1,-1,-1,True,-1,-1,-1,-1,-1.0,-1
3236,0,1,3,4,3,True,66,3,69,837,8.37,0
3237,0,1,3,4,4,True,64,6,203,1739,17.39,0
3238,0,1,3,4,16,True,65,5,207,1487,14.87,0
3239,0,1,3,4,34,True,105,0,165,165,1.65,0
3240,0,1,3,4,33,False,164,4,20,1044,10.44,0
3241,0,1,3,4,16,False,167,6,3,1539,15.39,0
3242,0,1,3,4,17,False,166,4,106,1130,11.3,0
3243,0,1,3,4,19,False,6,2,0,512,5.12,167772160
3244,0,-1,-1,-1,-1,True,-1,-1,-1,-1,-1.0,-1
3245,0,-1,-1,-1,-1,True,-1,-1,-1,-1,-1.0,-1
3246,0,1,3,4,3,True,208,4,213,1237,12.37,0
3247,0,1,3,4,4,True,207,5,251,1531,15.31,0
3248,0,1,3,4,16,True,208,5,0,1280,12.8,0
3249,0,1,3,4,34,True,17,14,182,3766,37.66,0
3250,0,1,3,4,33,False,86,0,7,7,0.07,0
3251,0,1,3,4,16,False,39,2,92,604,6.04,0
3252,0,1,3,4,17,False,37,4,50,1074,10.74,0
3253,0,1,3,4,3,True,41,2,25,537,5.37,0
3254,0,1,3,4,4,True,39,2,58,570,5.7,0
3255,0,1,3,4,16,True,37,4,28,1052,10.52,0
3256,0,1,3,4,34,True,86,15,240,4080,40.8,0
3257,0,1,3,4,33,False,18,2,220,732,7.32,0
3258,0,1,3,4,15,False,8,4,125,1149,11.49,0
3259,0,1,3,4,16,False,138,4,210,1234,12.34,0
3260,0,1,3,4,17,False,137,4,45,1069,10.69,0
3261,0,1,3,4,3,True,138,4,188,1212,12.12,0
3262,0,1,3,4,4,True,139,2,75,587,5.87,0
3263,0,1,3,4,16,True,137,4,24,1048,10.48,0
3264,0,1,3,4,34,True,180,0,120,120,1.2,0
3265,0,1,3,4,33,False,190,11,170,2986,29.86,0
3266,0,1,3,4,16,False,85,5,78,1358,13.58,0
3267,0,1,3,4,17,False,84,6,63,1599,15.99,0
3268,0,1,3,4,3,True,87,2,158,670,6.7,0
3269,0,1,3,4,4,True,85,5,56,1336,13.36,0
3270,0,1,3,4,5,True,88,1,0,256,2.56,0
3271,0,1,3,4,16,True,84,6,43,1579,15.79,0
3272,0,1,3,4,34,True,190,11,148,2964,29.64,0
3273,0,1,3,4,33,False,67,2,38,550,5.5,0
3274,0,1,3,4,15,False,48,4,10,1034,10.34,0
3275,0,1,3,4,16,False,170,4,102,1126,11.26,0
3276,0,1,3,4,17,False,170,6,111,1647,16.47,0
3277,0,1,3,4,3,True,171,4,63,1087,10.87,0
3278,0,1,3,4,4,True,170,3,222,990,9.9,0
3279,0,1,3,4,16,True,170,6,90,1626,16.26,0
3280,0,1,3,4,34,True,177,3,63,831,8.31,0
3281,0,1,3,4,33,False,29,2,29,541,5.41,0
3282,0,1,3,4,15,False,11,4,93,1117,11.17,0
3283,0,1,3,4,16,False,24,4,181,1205,12.05,0
3284,0,1,3,4,17,False,24,3,148,916,9.16,0
3285,0,1,3,4,3,True,26,1,211,467,4.67,0
3286,0,1,3,4,4,True,23,4,165,1189,11.89,0
3287,0,1,3,4,16,True,24,3,109,877,8.77,0
3288,0,1,3,4,34,True,92,14,124,3708,37.08,0
3289,0,1,3,4,33,False,139,11,5,2821,28.21,0
3290,0,1,3,4,15,False,29,6,179,1715,17.15,0
3291,0,1,3,4,16,False,25,4,254,1278,12.78,0
3292,0,1,3,4,17,False,25,4,228,1252,12.52,0
3293,0,1,3,4,3,True,26,6,221,1757,17.57,0
3294,0,1,3,4,4,True,25,4,47,1071,10.71,0
3295,0,1,3,4,16,True,25,4,207,1231,12.31,0
3296,0,1,3,4,32,True,28,0,234,234,2.34,0
3297,0,1,3,4,34,True,139,10,238,2798,27.98,0
3298,0,1,3,4,33,False,6,11,97,2913,29.13,0
3299,0,1,3,4,16,False,152,3,146,914,9.14,0
3300,0,1,3,4,17,False,153,5,29,1309,13.09,0
3301,0,1,3,4,3,True,153,3,101,869,8.69,0
3302,0,1,3,4,4,True,152,3,124,892,8.92,0
3303,0,1,3,4,16,True,153,5,9,1289,12.89,0
3304,0,1,3,4,34,True,6,11,74,2890,28.9,0
3305,0,1,3,4,33,False,123,15,96,3936,39.36,0
3306,0,1,3,4,15,False,68,3,238,1006,10.06,0
3307,0,1,3,4,16,False,65,5,10,1290,12.9,0
3308,0,1,3,4,17,False,64,6,5,1541,15.41,202
3309,0,-1,-1,-1,-1,True,-1,-1,-1,-1,-1.0,-1
3310,0,1,3,4,3,True,153,4,158,1182,11.82,0
3311,0,1,3,4,4,True,151,4,20,1044,10.44,0
3312,0,1,3,4,16,True,150,5,181,1461,14.61,0
3313,0,1,3,4,32,True,155,0,179,179,1.79,0
3314,0,1,3,4,34,True,22,9,228,2532,25.32,0
3315,0,1,3,4,33,False,48,2,208,720,7.2,0
3316,0,1,3,4,15,False,38,3,92,860,8.6,0
3317,0,1,3,4,16,False,193,5,136,1416,14.16,0
3318,0,1,3,4,17,False,192,4,243,1267,12.67,0
3319,0,1,3,4,3,True,194,3,189,957,9.57,0
3320,0,1,3,4,4,True,193,5,115,1395,13.95,0
3321,0,1,3,4,16,True,192,4,223,1247,12.47,0
3322,0,1,3,4,34,True,42,11,150,2966,29.66,0
3323,0,1,3,4,33,False,230,3,235,1003,10.03,0
3324,0,1,3,4,16,False,232,4,97,1121,11.21,0
3325,0,1,3,4,17,False,230,4,147,1171,11.71,0
3326,0,1,3,4,3,True,233,4,59,1083,10.83,0
3327,0,1,3,4,4,True,232,3,45,813,8.13,0
3328,0,1,3,4,16,True,230,4,125,1149,11.49,0
3329,0,1,3,4,34,True,230,3,213,981,9.81,0
3330,0,1,3,4,33,False,51,13,51,3379,33.79,0
3331,0,1,3,4,16,False,4,5,0,1280,12.8,167772160
3332,0,-1,-1,-1,-1,True,-1,-1,-1,-1,-1.0,-1
3333,0,-1,-1,-1,-1,True,-1,-1,-1,-1,-1.0,-1
3334,0,1,3,4,3,True,73,3,78,846,8.46,0
3335,0,1,3,4,4,True,72,4,191,1215,12.15,0
3336,0,1,3,4,16,True,71,5,134,1414,14.14,0
3337,0,1,3,4,34,True,173,11,236,3052,30.52,0
3338,0,1,3,4,33,False,184,1,25,281,2.81,0
3339,0,1,3,4,16,False,147,5,250,1530,15.3,0
3340,0,1,3,4,17,False,148,5,54,1334,13.34,0
3341,0,1,3,4,3,True,149,2,196,708,7.08,0
3342,0,1,3,4,4,True,147,5,228,1508,15.08,0
3343,0,1,3,4,16,True,148,5,34,1314,13.14,0
3344,0,1,3,4,34,True,184,1,2,258,2.58,0
3345,0,1,3,4,33,False,61,1,241,497,4.97,0
3346,0,1,3,4,16,False,35,5,62,1342,13.42,0
3347,0,1,3,4,17,False,36,4,33,1057,10.57,0
3348,0,1,3,4,3,True,149,4,211,1235,12.35,0
3349,0,1,3,4,4,True,35,5,40,1320,13.2,0
3350,0,1,3,4,5,True,38,0,228,228,2.28,0
3351,0,1,3,4,16,True,36,4,12,1036,10.36,0
3352,0,1,3,4,34,True,61,1,217,473,4.73,0
3353,0,1,3,4,33,False,119,4,220,1244,12.44,0
3354,0,1,3,4,16,False,131,3,223,991,9.91,0
3355,0,1,3,4,17,False,131,5,198,1478,14.78,0
3356,0,1,3,4,3,True,133,2,208,720,7.2,0
3357,0,1,3,4,4,True,131,3,201,969,9.69,0
3358,0,1,3,4,16,True,131,5,177,1457,14.57,0
3359,0,1,3,4,34,True,119,4,197,1221,12.21,0
3360,0,1,3,4,33,False,223,9,50,2354,23.54,0
3361,0,1,3,4,16,False,87,2,237,749,7.49,0
3362,0,1,3,4,17,False,85,5,240,1520,15.2,0
3363,0,1,3,4,3,True,87,2,30,542,5.42,0
3364,0,1,3,4,4,True,88,2,213,725,7.25,0
3365,0,1,3,4,16,True,85,5,219,1499,14.99,0
3366,0,1,3,4,34,True,223,9,27,2331,23.31,0
3367,0,1,3,4,33,False,248,15,164,4004,40.04,0
3368,0,1,3,4,16,False,193,3,224,992,9.92,0
3369,0,1,3,4,17,False,193,5,134,1414,14.14,0
3370,0,1,3,4,3,True,196,2,187,699,6.99,0
3371,0,1,3,4,4,True,193,3,201,969,9.69,0
3372,0,1,3,4,16,True,193,5,113,1393,13.93,0
3373,0,1,3,4,34,True,248,15,141,3981,39.81,0
3374,0,1,3,4,33,False,29,5,163,1443,14.43,0
3375,0,1,3,4,3,True,157,3,110,878,8.78,0
3376,0,1,3,4,4,True,155,6,44,1580,15.8,0
3377,0,1,3,4,16,True,155,5,141,1421,14.21,0
3378,0,1,3,4,32,True,158,1,146,402,4.02,0
3379,0,1,3,4,34,True,189,1,58,314,3.14,0
3380,0,1,3,4,33,False,108,14,126,3710,37.1,0
3381,0,1,3,4,15,False,42,4,79,1103,11.03,0
3382,0,1,3,4,16,False,39,6,51,1587,15.87,0
3383,0,1,3,4,17,False,39,4,236,1260,12.6,0
3384,0,1,3,4,3,True,40,4,91,1115,11.15,0
3385,0,1,3,4,4,True,39,6,28,1564,15.64,0
3386,0,1,3,4,16,True,39,4,216,1240,12.4,0
3387,0,1,3,4,34,True,108,14,103,3687,36.87,0
3388,0,1,3,4,33,False,251,13,83,3411,34.11,0
3389,0,1,3,4,16,False,168,6,38,1574,15.74,0
3390,0,1,3,4,17,False,168,6,63,1599,15.99,0
3391,0,1,3,4,3,True,169,4,128,1152,11.52,0
3392,0,1,3,4,4,True,168,6,20,1556,15.56,0
3393,0,1,3,4,16,True,168,6,41,1577,15.77,0
3394,0,1,3,4,34,True,35,10,74,2634,26.34,0
3395,0,1,3,4,33,False,177,0,95,95,0.95,0
3396,0,1,3,4,15,False,134,5,238,1518,15.18,0
3397,0,1,3,4,16,False,132,4,21,1045,10.45,0
3398,0,1,3,4,17,False,132,4,197,1221,12.21,0
3399,0,1,3,4,3,True,133,5,237,1517,15.17,0
3400,0,1,3,4,4,True,132,3,208,976,9.76,0
3401,0,1,3,4,16,True,132,4,177,1201,12.01,0
3402,0,1,3,4,34,True,177,0,71,71,0.71,0
3403,0,1,3,4,16,False,127,5,58,1338,13.38,0
3404,0,1,3,4,17,False,125,6,174,1710,17.1,0
3405,0,1,3,4,3,True,128,5,28,1308,13.08,0
3406,0,1,3,4,4,True,126,2,217,729,7.29,0
3407,0,1,3,4,16,True,125,6,154,1690,16.9,0
3408,0,1,3,4,34,True,110,5,10,1290,12.9,0
3409,0,1,3,4,33,False,82,15,233,4073,40.73,0
3410,0,1,3,4,16,False,31,5,231,1511,15.11,0
3411,0,1,3,4,17,False,7,11,0,2816,28.16,167772160
3412,0,-1,-1,-1,-1,True,-1,-1,-1,-1,-1.0,-1
3413,0,-1,-1,-1,-1,True,-1,-1,-1,-1,-1.0,-1
3414,0,1,3,4,3,True,236,4,41,1065,10.65,0
3415,0,1,3,4,4,True,235,7,69,1861,18.61,0
3416,0,1,3,4,16,True,235,5,145,1425,14.25,0
3417,0,1,3,4,34,True,96,10,158,2718,27.18,0
3418,0,1,3,4,33,False,145,6,6,1542,15.42,0
3419,0,1,3,4,16,False,235,3,208,976,9.76,0
3420,0,1,3,4,17,False,171,5,251,1531,15.31,0
3421,0,1,3,4,3,True,174,1,175,431,4.31,0
3422,0,1,3,4,4,True,171,3,205,973,9.73,0
3423,0,1,3,4,5,True,173,1,82,338,3.38,0
3424,0,1,3,4,16,True,171,5,229,1509,15.09,0
3425,0,1,3,4,34,True,145,5,239,1519,15.19,0
3426,0,1,3,4,33,False,6,11,69,2885,28.85,0
3427,0,1,3,4,16,False,55,3,245,1013,10.13,0
3428,0,1,3,4,17,False,54,6,102,1638,16.38,0
3429,0,1,3,4,3,True,60,1,76,332,3.32,0
3430,0,1,3,4,4,True,55,3,223,991,9.91,0
3431,0,1,3,4,16,True,54,6,81,1617,16.17,0
3432,0,1,3,4,34,True,103,0,3,3,0.03,0
3433,0,1,3,4,33,False,188,12,154,3226,32.26,0
3434,0,1,3,4,16,False,94,6,58,1594,15.94,0
3435,0,1,3,4,17,False,95,5,100,1380,13.8,0
3436,0,1,3,4,3,True,96,4,183,1207,12.07,0
3437,0,1,3,4,4,True,94,6,36,1572,15.72,0
3438,0,1,3,4,16,True,95,5,79,1359,13.59,0
3439,0,1,3,4,34,True,188,12,130,3202,32.02,0
3440,0,1,3,4,33,False,196,3,89,857,8.57,0
3441,0,1,3,4,17,False,189,4,88,1112,11.12,0
3442,0,1,3,4,16,False,188,0,5,5,0.05,79
3443,0,-1,-1,-1,-1,True,-1,-1,-1,-1,-1.0,-1
3444,0,1,3,4,3,True,49,3,94,862,8.62,0
3445,0,1,3,4,4,True,47,5,240,1520,15.2,0
3446,0,1,3,4,5,True,51,3,92,860,8.6,0
3447,0,1,3,4,16,True,48,5,58,1338,13.38,0
3448,0,1,3,4,34,True,140,12,153,3225,32.25,0
3449,0,1,3,4,33,False,219,10,169,2729,27.29,0
3450,0,1,3,4,16,False,101,5,84,1364,13.64,0
3451,0,1,3,4,17,False,101,4,233,1257,12.57,0
3452,0,1,3,4,3,True,102,3,67,835,8.35,0
3453,0,1,3,4,4,True,101,5,62,1342,13.42,0
3454,0,1,3,4,16,True,101,4,213,1237,12.37,0
3455,0,1,3,4,34,True,219,10,147,2707,27.07,0
3456,0,1,3,4,33,False,177,13,228,3556,35.56,0
3457,0,1,3,4,16,False,74,4,96,1120,11.2,0
3458,0,1,3,4,17,False,74,4,247,1271,12.71,0
3459,0,1,3,4,3,True,75,4,58,1082,10.82,0
3460,0,1,3,4,4,True,74,4,55,1079,10.79,0
3461,0,1,3,4,16,True,74,4,225,1249,12.49,0
3462,0,1,3,4,34,True,6,5,34,1314,13.14,0
3463,0,1,3,4,16,False,53,2,7,519,5.19,0
3464,0,1,3,4,17,False,50,4,30,1054,10.54,0
3465,0,1,3,4,33,False,93,0,156,156,1.56,0
3466,0,1,3,4,3,True,53,1,242,498,4.98,0
3467,0,1,3,4,5,True,52,1,245,501,5.01,0
3468,0,1,3,4,16,True,50,3,4,772,7.72,237
3469,0,-1,-1,-1,-1,True,-1,-1,-1,-1,-1.0,-1
3470,0,1,3,4,16,False,34,7,187,1979,19.79,0
3471,0,1,3,4,3,True,35,3,229,997,9.97,0
3472,0,1,3,4,4,True,34,7,165,1957,19.57,0
3473,0,1,3,4,16,True,35,4,217,1241,12.41,0
3474,0,1,3,4,34,True,86,15,208,4048,40.48,0
3475,0,1,3,4,33,False,15,14,70,3654,36.54,0
3476,0,1,3,4,16,False,198,6,31,1567,15.67,0
3477,0,1,3,4,17,False,199,5,54,1334,13.34,0
3478,0,1,3,4,3,True,199,4,98,1122,11.22,0
3479,0,1,3,4,4,True,198,6,9,1545,15.45,0
3480,0,1,3,4,16,True,199,5,33,1313,13.13,0
3481,0,1,3,4,34,True,15,14,47,3631,36.31,0
3482,0,1,3,4,33,False,54,0,10,10,0.1,0
3483,0,1,3,4,15,False,7,3,201,969,9.69,0
3484,0,1,3,4,16,False,3,7,47,1839,18.39,0
3485,0,1,3,4,17,False,3,5,17,1297,12.97,0
3486,0,1,3,4,3,True,4,4,17,1041,10.41,71370185
3487,0,-1,-1,-1,-1,True,-1,-1,-1,-1,-1.0,-1
3488,0,-1,-1,-1,-1,True,-1,-1,-1,-1,-1.0,-1
3489,0,-1,-1,-1,-1,True,-1,-1,-1,-1,-1.0,-1
3490,0,-1,-1,-1,-1,True,-1,-1,-1,-1,-1.0,-1
3491,0,1,3,1,5,False,0,0,0,0,0.0,0
3492,0,1,3,1,4,False,0,0,0,0,0.0,0
3493,0,1,3,4,9,True,6,1,4,260,2.6,0
3494,0,1,3,0,0,False,0,0,0,0,0.0,0
3495,0,1,3,1,5,False,0,0,0,0,0.0,0
3496,0,1,3,4,4,False,162,0,15,15,0.15,0
3497,0,1,3,3,4,False,33,9,0,2304,23.04,0
3498,0,1,3,1,48,True,0,0,0,0,0.0,0
3499,0,1,3,4,32,True,129,0,176,176,1.76,0
3500,0,1,3,4,16,False,124,6,59,1595,15.95,0
3501,0,1,3,4,17,False,124,5,163,1443,14.43,0
3502,0,1,3,4,3,True,126,5,33,1313,13.13,0
3503,0,1,3,4,4,True,124,6,36,1572,15.72,0
3504,0,1,3,4,16,True,124,5,142,1422,14.22,0
3505,0,1,3,4,34,True,153,1,154,410,4.1,0
3506,0,1,3,4,33,False,96,2,233,745,7.45,0
3507,0,1,3,1,32,False,0,0,0,0,0.0,0
3508,0,1,3,2,41,True,5,5,0,1280,12.8,0
3509,0,-1,-1,-1,-1,True,-1,-1,-1,-1,-1.0,-1
3510,0,1,3,4,17,False,94,5,59,1339,13.39,0
3511,0,1,3,4,3,True,95,4,235,1259,12.59,0
3512,0,1,3,4,4,True,95,5,180,1460,14.6,0
3513,0,1,3,4,16,True,94,5,38,1318,13.18,0
3514,0,1,3,4,34,True,234,8,219,2267,22.67,0
3515,0,1,3,4,33,False,117,12,13,3085,30.85,0
3516,0,1,3,4,16,False,17,4,165,1189,11.89,0
3517,0,1,3,4,17,False,16,6,88,1624,16.24,0
3518,0,1,3,4,3,True,18,4,123,1147,11.47,0
3519,0,1,3,4,4,True,17,3,153,921,9.21,0
3520,0,1,3,4,5,True,18,2,185,697,6.97,0
3521,0,1,3,4,16,True,16,6,68,1604,16.04,0
3522,0,1,3,4,32,True,19,0,226,226,2.26,0
3523,0,1,3,4,34,True,117,11,247,3063,30.63,0
3524,0,1,3,4,33,False,153,11,135,2951,29.51,0
3525,0,1,3,4,16,False,45,4,182,1206,12.06,0
3526,0,1,3,4,17,False,45,5,49,1329,13.29,0
3527,0,1,3,4,3,True,47,3,165,933,9.33,0
3528,0,1,3,4,4,True,45,4,160,1184,11.84,0
3529,0,1,3,4,16,True,45,5,29,1309,13.09,0
3530,0,1,3,4,34,True,153,11,113,2929,29.29,0
3531,0,1,3,4,33,False,240,12,109,3181,31.81,0
3532,0,1,3,4,16,False,144,5,244,1524,15.24,0
3533,0,1,3,4,17,False,144,5,138,1418,14.18,0
3534,0,1,3,4,3,True,77,5,40,1320,13.2,0
3535,0,1,3,4,17,False,77,5,148,1428,14.28,0
3536,0,1,3,4,3,True,79,4,250,1274,12.74,0
3537,0,1,3,4,4,True,77,4,9,1033,10.33,0
3538,0,1,3,4,16,True,77,5,127,1407,14.07,0
3539,0,1,3,4,34,True,177,12,7,3079,30.79,0
3540,0,1,3,4,33,False,6,10,0,2560,25.6,167772160
3541,0,-1,-1,-1,-1,True,-1,-1,-1,-1,-1.0,-1
3542,0,-1,-1,-1,-1,True,-1,-1,-1,-1,-1.0,-1
3543,0,-1,-1,-1,-1,True,-1,-1,-1,-1,-1.0,-1
3544,0,1,3,4,3,True,81,6,47,1583,15.83,0
3545,0,1,3,4,4,True,81,5,178,1458,14.58,0
3546,0,1,3,4,16,True,81,4,227,1251,12.51,0
3547,0,1,3,4,34,True,139,15,71,3911,39.11,0
3548,0,1,3,4,33,False,121,3,190,958,9.58,0
3549,0,1,3,4,15,False,121,4,145,1169,11.69,0
3550,0,1,3,4,16,False,120,3,3,771,7.71,171
3551,0,-1,-1,-1,-1,True,-1,-1,-1,-1,-1.0,-1
3552,0,1,3,4,3,True,180,5,90,1370,13.7,0
3553,0,1,3,4,4,True,179,5,160,1440,14.4,0
3554,0,1,3,4,16,True,179,3,151,919,9.19,0
3555,0,1,3,4,33,False,21,8,47,2095,20.95,0
3556,0,1,3,4,34,True,21,11,151,2967,29.67,0
3557,0,1,3,4,33,False,120,11,10,2826,28.26,0
3558,0,1,3,4,16,False,6,4,79,1103,11.03,0
3559,0,1,3,4,17,False,6,5,171,1451,14.51,0
3560,0,1,3,4,3,True,8,3,51,819,8.19,0
3561,0,1,3,4,4,True,6,4,58,1082,10.82,0
3562,0,1,3,4,16,True,6,5,149,1429,14.29,0
3563,0,1,3,4,34,True,120,10,243,2803,28.03,0
3564,0,1,3,4,33,False,105,3,116,884,8.84,0
3565,0,1,3,4,16,False,99,5,190,1470,14.7,0
3566,0,1,3,4,17,False,99,5,105,1385,13.85,0
3567,0,1,3,4,3,True,100,4,138,1162,11.62,0
3568,0,1,3,4,4,True,99,5,167,1447,14.47,0
3569,0,1,3,4,16,True,98,5,85,1365,13.65,0
3570,0,1,3,4,34,True,105,3,93,861,8.61,0
3571,0,1,3,4,33,False,207,15,235,4075,40.75,0
3572,0,1,3,4,16,False,155,5,55,1335,13.35,0
3573,0,1,3,4,17,False,155,5,140,1420,14.2,0
3574,0,1,3,4,3,True,158,3,31,799,7.99,0
3575,0,1,3,4,4,True,155,5,33,1313,13.13,0
3576,0,1,3,4,16,True,155,5,118,1398,13.98,0
3577,0,1,3,4,34,True,207,15,212,4052,40.52,0
3578,0,1,3,4,33,False,193,0,253,253,2.53,0
3579,0,1,3,4,16,False,156,2,245,757,7.57,0
3580,0,1,3,4,17,False,145,3,128,896,8.96,0
3581,0,1,3,4,3,True,149,2,200,712,7.12,0
3582,0,1,3,4,4,True,146,2,40,552,5.52,0
3583,0,1,3,4,16,True,145,3,106,874,8.74,0
3584,0,1,3,4,34,True,237,12,161,3233,32.33,0
3585,0,1,3,4,33,False,210,14,1,3585,35.85,194
3586,0,-1,-1,-1,-1,True,-1,-1,-1,-1,-1.0,-1
3587,0,1,3,4,17,False,220,5,77,1357,13.57,0
3588,0,1,3,4,3,True,224,1,133,389,3.89,0
3589,0,1,3,4,4,True,220,5,58,1338,13.38,0
3590,0,1,3,4,16,True,220,5,13,1293,12.93,0
3591,0,1,3,4,34,True,237,2,121,633,6.33,0
3592,0,1,3,4,16,False,162,1,36,292,2.92,0
3593,0,1,3,4,17,False,158,5,9,1289,12.89,0
3594,0,1,3,4,33,False,35,9,145,2449,24.49,0
3595,0,1,3,4,4,True,160,2,2,514,5.14,0
3596,0,1,3,4,16,True,158,4,243,1267,12.67,0
3597,0,1,3,4,34,True,35,9,121,2425,24.25,0
3598,0,1,3,4,33,False,57,1,175,431,4.31,0
3599,0,1,3,4,16,False,28,0,10,10,0.1,277879809
3600,0,19,0,0,0,False,0,0,10,10,0.1,0
3601,0,-1,-1,-1,-1,True,-1,-1,-1,-1,-1.0,-1
3602,0,118,0,0,0,False,0,0,8,8,0.08,1
3603,0,0,0,0,0,False,0,12,1,3073,30.73,30
3604,0,-1,-1,-1,-1,True,-1,-1,-1,-1,-1.0,-1
3605,0,-1,-1,-1,-1,True,-1,-1,-1,-1,-1.0,-1
3606,0,1,3,0,0,False,0,0,0,0,0.0,0
3607,0,1,3,0,0,False,0,0,0,0,0.0,0
3608,0,1,3,6,34,False,4,1,176,432,4.32,30980
3609,0,1,3,4,3,True,177,4,109,1133,11.33,0
3610,0,1,3,4,4,True,176,6,76,1612,16.12,0
3611,0,1,3,4,16,True,176,4,100,1124,11.24,0
3612,0,1,3,4,34,True,11,12,183,3255,32.55,0
3613,0,1,3,4,33,False,245,2,178,690,6.9,0
3614,0,1,3,4,16,False,229,6,137,1673,16.73,0
3615,0,1,3,4,17,False,229,5,126,1406,14.06,0
3616,0,1,3,4,3,True,230,3,157,925,9.25,0
3617,0,1,3,4,4,True,229,6,114,1650,16.5,0
3618,0,1,3,4,16,True,229,5,104,1384,13.84,0
3619,0,1,3,4,32,True,231,1,68,324,3.24,0
3620,0,1,3,4,34,True,245,2,156,668,6.68,0
3621,0,1,3,4,33,False,138,2,168,680,6.8,0
3622,0,1,3,4,16,False,123,4,137,1161,11.61,0
3623,0,1,3,4,17,False,123,5,83,1363,13.63,0
3624,0,1,3,4,3,True,123,4,103,1127,11.27,0
3625,0,1,3,4,4,True,123,4,85,1109,11.09,0
3626,0,1,3,4,16,True,123,5,62,1342,13.42,0
3627,0,1,3,4,32,True,125,1,51,307,3.07,0
3628,0,1,3,4,34,True,138,2,145,657,6.57,0
3629,0,1,3,4,33,False,123,0,70,70,0.7,0
3630,0,1,3,4,16,False,4,5,0,1280,12.8,167772160
3631,0,-1,-1,-1,-1,True,-1,-1,-1,-1,-1.0,-1
3632,0,-1,-1,-1,-1,True,-1,-1,-1,-1,-1.0,-1
3633,0,-1,-1,-1,-1,True,-1,-1,-1,-1,-1.0,-1
3634,0,-1,-1,-1,-1,True,-1,-1,-1,-1,-1.0,-1
3635,0,1,3,4,4,True,178,5,37,1317,13.17,0
3636,0,1,3,4,16,True,179,4,33,1057,10.57,0
3637,0,1,3,4,32,True,181,1,29,285,2.85,0
3638,0,1,3,4,34,True,27,11,166,2982,29.82,0
3639,0,1,3,4,33,False,171,2,99,611,6.11,0
3640,0,1,3,4,15,False,155,3,94,862,8.62,0
3641,0,1,3,4,16,False,151,4,233,1257,12.57,0
3642,0,1,3,4,17,False,152,6,85,1621,16.21,0
3643,0,1,3,4,3,True,153,4,70,1094,10.94,0
3644,0,1,3,4,4,True,151,4,210,1234,12.34,0
3645,0,1,3,4,16,True,151,6,63,1599,15.99,0
3646,0,1,3,4,34,True,171,2,77,589,5.89,0
3647,0,1,3,4,33,False,43,0,27,27,0.27,0
3648,0,1,3,4,16,False,250,5,83,1363,13.63,0
3649,0,1,3,4,17,False,251,4,128,1152,11.52,0
3650,0,1,3,4,3,True,251,3,209,977,9.77,0
3651,0,1,3,4,4,True,250,5,61,1341,13.41,0
3652,0,1,3,4,16,True,251,4,102,1126,11.26,0
3653,0,1,3,4,34,True,43,0,3,3,0.03,0
3654,0,1,3,4,33,False,2,15,35,3875,38.75,0
3655,0,1,3,4,15,False,198,7,13,1805,18.05,0
3656,0,1,3,4,16,False,14,3,0,768,7.68,167772160
3657,0,-1,-1,-1,-1,True,-1,-1,-1,-1,-1.0,-1
3658,0,45,0,0,0,False,0,0,10,10,0.1,4228914177
3659,0,-1,-1,-1,-1,True,-1,-1,-1,-1,-1.0,-1
3660,0,-1,-1,-1,-1,True,-1,-1,-1,-1,-1.0,-1
3661,0,-1,-1,-1,-1,True,-1,-1,-1,-1,-1.0,-1
3662,0,1,3,4,3,True,69,5,13,1293,12.93,0
3663,0,1,3,4,4,True,70,3,132,900,9.0,0
3664,0,1,3,4,34,True,155,13,21,3349,33.49,0
3665,0,1,3,4,33,False,199,3,37,805,8.05,0
3666,0,1,3,4,16,False,189,6,76,1612,16.12,0
3667,0,1,3,4,17,False,189,6,10,1546,15.46,0
3668,0,1,3,4,3,True,191,4,236,1260,12.6,0
3669,0,1,3,4,4,True,189,6,54,1590,15.9,0
3670,0,1,3,4,16,True,189,5,245,1525,15.25,0
3671,0,1,3,4,34,True,199,3,15,783,7.83,0
3672,0,1,3,4,33,False,184,1,114,370,3.7,0
3673,0,1,3,4,16,False,153,5,246,1526,15.26,0
3674,0,1,3,4,17,False,153,4,103,1127,11.27,0
3675,0,1,3,4,3,True,154,4,58,1082,10.82,0
3676,0,1,3,4,4,True,153,5,222,1502,15.02,0
3677,0,1,3,4,16,True,153,4,81,1105,11.05,0
3678,0,1,3,4,34,True,184,1,92,348,3.48,0
3679,0,1,3,4,33,False,72,1,16,272,2.72,0
3680,0,1,3,4,16,False,6,9,0,2304,23.04,167772160
3681,0,-1,-1,-1,-1,True,-1,-1,-1,-1,-1.0,-1
3682,0,-1,-1,-1,-1,True,-1,-1,-1,-1,-1.0,-1
3683,0,-1,-1,-1,-1,True,-1,-1,-1,-1,-1.0,-1
3684,0,1,3,4,3,True,211,5,241,1521,15.21,0
3685,0,1,3,4,4,True,211,2,154,666,6.66,0
3686,0,1,3,4,16,True,211,4,37,1061,10.61,0
3687,0,1,3,4,34,True,109,7,190,1982,19.82,0
3688,0,1,3,4,33,False,99,14,14,3598,35.98,0
3689,0,1,3,4,16,False,24,5,26,1306,13.06,0
3690,0,1,3,4,17,False,24,5,128,1408,14.08,0
3691,0,1,3,4,3,True,24,5,2,1282,12.82,0
3692,0,1,3,4,4,True,24,3,71,839,8.39,0
3693,0,1,3,4,16,True,24,5,107,1387,13.87,0
3694,0,1,3,4,34,True,99,13,247,3575,35.75,0
3695,0,1,3,4,33,False,222,8,241,2289,22.89,0
3696,0,1,3,4,16,False,82,5,14,1294,12.94,0
3697,0,1,3,4,17,False,81,5,215,1495,14.95,0
3698,0,1,3,4,3,True,83,4,226,1250,12.5,0
3699,0,1,3,4,4,True,82,4,121,1145,11.45,0
3700,0,1,3,4,16,True,81,5,194,1474,14.74,0
3701,0,1,3,4,34,True,222,8,219,2267,22.67,0
3702,0,1,3,4,33,False,248,2,4,516,5.16,0
3703,0,1,3,4,15,False,232,2,236,748,7.48,0
3704,0,1,3,4,16,False,226,14,6,3590,35.9,88
3705,0,-1,-1,-1,-1,True,-1,-1,-1,-1,-1.0,-1
3706,0,1,3,4,5,True,210,0,85,85,0.85,0
3707,0,1,3,4,16,True,206,5,26,1306,13.06,0
3708,0,1,3,4,34,True,70,10,119,2679,26.79,0
3709,0,1,3,4,33,False,62,0,121,121,1.21,0
3710,0,1,3,4,34,True,62,0,99,99,0.99,0
3711,0,1,3,4,33,False,220,3,66,834,8.34,0
3712,0,1,3,4,16,False,213,3,94,862,8.62,0
3713,0,1,3,4,17,False,211,5,172,1452,14.52,0
3714,0,1,3,4,3,True,214,2,122,634,6.34,0
3715,0,1,3,4,4,True,213,3,71,839,8.39,0
3716,0,1,3,4,5,True,215,0,251,251,2.51,0
3717,0,1,3,4,16,True,211,5,150,1430,14.3,0
3718,0,1,3,4,34,True,220,3,43,811,8.11,0
3719,0,1,3,4,33,False,217,3,97,865,8.65,0
3720,0,1,3,4,16,False,210,7,158,1950,19.5,0
3721,0,1,3,4,17,False,211,4,5,1029,10.29,151
3722,0,-1,-1,-1,-1,True,-1,-1,-1,-1,-1.0,-1
3723,0,1,3,4,33,False,178,1,152,408,4.08,0
3724,0,1,3,4,3,True,148,4,184,1208,12.08,0
3725,0,1,3,4,4,True,149,4,70,1094,10.94,0
3726,0,1,3,4,16,True,148,5,130,1410,14.1,0
3727,0,1,3,4,34,True,178,1,129,385,3.85,0
3728,0,1,3,2,50,True,1,0,0,0,0.0,0
3729,0,1,3,1,4,False,0,0,0,0,0.0,0
3730,0,1,3,7,14,False,2,14,4,3588,35.88,215312
3731,0,1,3,4,4,False,17,8,5,2053,20.53,0
3732,0,1,3,0,0,False,0,0,0,0,0.0,0
3733,0,1,3,4,3,True,74,2,135,647,6.47,0
3734,0,1,3,4,4,True,73,3,229,997,9.97,0
3735,0,1,3,4,16,True,72,5,36,1316,13.16,0
3736,0,1,3,4,34,True,152,13,133,3461,34.61,0
3737,0,1,3,4,33,False,213,13,5,3333,33.33,0
3738,0,1,3,4,34,True,213,12,239,3311,33.11,0
3739,0,1,3,4,16,False,125,5,15,1295,12.95,0
3740,0,1,3,4,17,False,125,5,72,1352,13.52,0
3741,0,1,3,4,3,True,125,4,229,1253,12.53,0
3742,0,1,3,4,4,True,124,4,15,1039,10.39,0
3743,0,1,3,4,16,True,125,5,49,1329,13.29,0
3744,0,1,3,4,33,False,233,2,34,546,5.46,0
3745,0,1,3,4,15,False,212,4,139,1163,11.63,0
3746,0,1,3,4,16,False,211,5,148,1428,14.28,0
3747,0,1,3,4,17,False,210,4,12,1036,10.36,0
3748,0,1,3,4,3,True,211,5,113,1393,13.93,0
3749,0,1,3,4,4,True,210,3,11,779,7.79,0
3750,0,1,3,4,16,True,211,3,235,1003,10.03,0
3751,0,1,3,4,34,True,233,2,10,522,5.22,0
3752,0,159,0,0,0,False,0,0,10,10,0.1,1980701697
3753,0,-1,-1,-1,-1,True,-1,-1,-1,-1,-1.0,-1
3754,0,-1,-1,-1,-1,True,-1,-1,-1,-1,-1.0,-1
3755,0,-1,-1,-1,-1,True,-1,-1,-1,-1,-1.0,-1
3756,0,1,3,4,16,False,115,6,48,1584,15.84,0
3757,0,1,3,4,3,True,116,5,25,1305,13.05,0
3758,0,1,3,4,4,True,115,6,26,1562,15.62,0
3759,0,1,3,4,34,True,196,13,137,3465,34.65,0
3760,0,1,3,4,33,False,250,1,138,394,3.94,0
3761,0,1,3,4,16,False,219,6,28,1564,15.64,0
3762,0,1,3,4,17,False,219,5,123,1403,14.03,0
3763,0,1,3,4,3,True,221,4,44,1068,10.68,0
3764,0,1,3,4,4,True,219,6,6,1542,15.42,0
3765,0,1,3,4,16,True,219,5,103,1383,13.83,0
3766,0,1,3,4,34,True,250,1,115,371,3.71,0
3767,0,1,3,4,33,False,227,4,1,1025,10.25,0
3768,0,1,3,4,15,False,233,4,2,1026,10.26,0
3769,0,1,3,4,16,False,227,5,151,1431,14.31,0
3770,0,1,3,4,17,False,228,5,252,1532,15.32,0
3771,0,1,3,4,3,True,6,1,0,256,2.56,167772160
3772,0,-1,-1,-1,-1,True,-1,-1,-1,-1,-1.0,-1
3773,0,102,0,0,0,False,0,0,10,10,0.1,0
3774,0,-1,-1,-1,-1,True,-1,-1,-1,-1,-1.0,-1
3775,0,-1,-1,-1,-1,True,-1,-1,-1,-1,-1.0,-1
3776,0,-1,-1,-1,-1,True,-1,-1,-1,-1,-1.0,-1
3777,0,1,3,4,4,True,177,6,139,1675,16.75,0
3778,0,1,3,4,16,True,177,6,80,1616,16.16,0
3779,0,1,3,4,34,True,181,3,131,899,8.99,0
3780,0,1,3,4,33,False,90,0,215,215,2.15,0
3781,0,1,3,4,16,False,50,6,17,1553,15.53,0
3782,0,1,3,4,17,False,50,5,60,1340,13.4,0
3783,0,1,3,4,3,True,51,4,40,1064,10.64,0
3784,0,1,3,4,4,True,50,5,251,1531,15.31,0
3785,0,1,3,4,16,True,50,5,38,1318,13.18,0
3786,0,1,3,4,32,True,53,0,203,203,2.03,0
3787,0,1,3,4,34,True,89,0,193,193,1.93,0
3788,0,1,3,4,33,False,27,10,16,2576,25.76,0
3789,0,1,3,4,16,False,168,7,168,1960,19.6,0
3790,0,1,3,4,17,False,169,4,95,1119,11.19,0
3791,0,1,3,4,3,True,169,5,150,1430,14.3,0
3792,0,1,3,4,4,True,168,7,145,1937,19.37,0
3793,0,1,3,4,16,True,169,4,75,1099,10.99,0
3794,0,1,3,4,34,True,3,12,198,3270,32.7,0
3795,0,1,3,4,33,False,149,6,58,1594,15.94,0
3796,0,1,3,4,16,False,178,6,200,1736,17.36,0
3797,0,1,3,4,17,False,178,4,64,1088,10.88,0
3798,0,1,3,4,3,True,179,4,90,1114,11.14,0
3799,0,1,3,4,4,True,178,6,177,1713,17.13,0
3800,0,1,3,4,5,True,181,1,73,329,3.29,0
3801,0,1,3,4,16,True,178,4,43,1067,10.67,0
3802,0,1,3,4,32,True,179,2,197,709,7.09,0
3803,0,1,3,4,34,True,149,6,35,1571,15.71,0
3804,0,1,3,4,33,False,221,10,47,2607,26.07,0
3805,0,1,3,4,16,False,121,0,0,0,0.0,17432576
3806,0,-1,-1,-1,-1,True,-1,-1,-1,-1,-1.0,-1
3807,0,-1,-1,-1,-1,True,-1,-1,-1,-1,-1.0,-1
3808,0,-1,-1,-1,-1,True,-1,-1,-1,-1,-1.0,-1
3809,0,-1,-1,-1,-1,True,-1,-1,-1,-1,-1.0,-1
3810,0,-1,-1,-1,-1,True,-1,-1,-1,-1,-1.0,-1
3811,0,1,3,4,15,False,206,5,24,1304,13.04,0
3812,0,1,3,4,16,False,203,5,44,1324,13.24,0
3813,0,1,3,4,17,False,203,5,245,1525,15.25,0
3814,0,1,3,4,3,True,204,5,38,1318,13.18,0
3815,0,1,3,4,4,True,203,4,228,1252,12.52,0
3816,0,1,3,4,16,True,203,5,225,1505,15.05,0
3817,0,1,3,4,34,True,228,1,226,482,4.82,0
3818,0,1,3,4,33,False,58,7,244,2036,20.36,0
3819,0,1,3,4,16,False,110,5,191,1471,14.71,0
3820,0,1,3,4,17,False,110,6,11,1547,15.47,0
3821,0,1,3,4,3,True,111,2,181,693,6.93,0
3822,0,1,3,4,4,True,110,5,169,1449,14.49,0
3823,0,1,3,4,16,True,110,5,245,1525,15.25,0
3824,0,1,3,4,34,True,58,7,221,2013,20.13,0
3825,0,1,3,4,28,False,100,9,240,2544,25.44,0
3826,0,1,3,4,15,False,231,6,22,1558,15.58,0
3827,0,1,3,4,16,False,228,6,107,1643,16.43,0
3828,0,1,3,4,17,False,228,7,100,1892,18.92,0
3829,0,1,3,4,3,True,229,6,67,1603,16.03,0
3830,0,1,3,4,4,True,228,6,7,1543,15.43,0
3831,0,1,3,4,5,True,230,2,57,569,5.69,0
3832,0,1,3,4,16,True,228,7,79,1871,18.71,0
3833,0,1,3,4,34,True,100,9,216,2520,25.2,0
3834,0,1,3,4,33,False,253,14,162,3746,37.46,0
3835,0,1,3,4,16,False,185,10,5,2565,25.65,171
3836,0,-1,-1,-1,-1,True,-1,-1,-1,-1,-1.0,-1
3837,0,1,3,4,17,False,105,6,13,1549,15.49,0
3838,0,1,3,4,3,True,108,1,86,342,3.42,0
3839,0,1,3,4,4,True,106,5,149,1429,14.29,0
3840,0,1,3,4,16,True,105,5,248,1528,15.28,0
3841,0,1,3,4,34,True,143,0,221,221,2.21,0
3842,0,1,3,4,33,False,86,15,44,3884,38.84,0
3843,0,1,3,4,16,False,25,7,80,1872,18.72,0
3844,0,1,3,4,17,False,25,4,152,1176,11.76,0
3845,0,1,3,4,3,True,25,5,152,1432,14.32,0
3846,0,1,3,4,4,True,25,7,57,1849,18.49,0
3847,0,1,3,4,16,True,25,4,132,1156,11.56,0
3848,0,1,3,4,34,True,86,15,21,3861,38.61,0
3849,0,1,3,4,33,False,222,15,169,4009,40.09,0
3850,0,1,3,4,16,False,167,4,107,1131,11.31,0
3851,0,1,3,4,17,False,167,6,63,1599,15.99,0
3852,0,1,3,4,3,True,168,4,59,1083,10.83,0
3853,0,1,3,4,4,True,167,4,16,1040,10.4,0
3854,0,1,3,4,16,True,167,6,42,1578,15.78,0
3855,0,1,3,4,34,True,222,15,147,3987,39.87,0
3856,0,1,3,2,30,True,15,0,0,0,0.0,0
3857,0,1,3,3,4,False,15,15,0,3840,38.4,0
3858,0,1,3,2,63,False,4,0,0,0,0.0,0
3859,0,-1,-1,-1,-1,True,-1,-1,-1,-1,-1.0,-1
3860,0,-1,-1,-1,-1,True,-1,-1,-1,-1,-1.0,-1
3861,0,-1,-1,-1,-1,True,-1,-1,-1,-1,-1.0,-1
3862,0,-1,-1,-1,-1,True,-1,-1,-1,-1,-1.0,-1
3863,0,1,3,4,17,False,239,4,157,1181,11.81,0
3864,0,1,3,4,3,True,242,4,138,1162,11.62,0
3865,0,1,3,4,4,True,243,1,155,411,4.11,0
3866,0,1,3,4,16,True,239,4,135,1159,11.59,0
3867,0,1,3,4,34,True,32,15,246,4086,40.86,0
3868,0,1,3,4,33,False,91,0,235,235,2.35,0
3869,0,1,3,4,16,False,53,5,10,1290,12.9,0
3870,0,1,3,4,17,False,52,5,68,1348,13.48,0
3871,0,1,3,4,5,False,213,0,0,0,0.0,17432576
3872,0,-1,-1,-1,-1,True,-1,-1,-1,-1,-1.0,-1
3873,0,1,3,4,3,True,157,4,222,1246,12.46,0
3874,0,1,3,4,4,True,156,5,190,1470,14.7,0
3875,0,1,3,4,16,True,156,5,117,1397,13.97,0
3876,0,1,3,4,34,True,253,12,60,3132,31.32,0
3877,0,1,3,4,33,False,43,10,144,2704,27.04,0
3878,0,1,3,4,16,False,180,4,180,1204,12.04,0
3879,0,1,3,4,17,False,179,6,74,1610,16.1,0
3880,0,1,3,4,3,True,182,4,121,1145,11.45,0
3881,0,1,3,4,4,True,180,3,132,900,9.0,0
3882,0,1,3,4,16,True,179,6,53,1589,15.89,0
3883,0,1,3,4,32,True,184,0,87,87,0.87,0
3884,0,1,3,4,34,True,43,10,121,2681,26.81,0
3885,0,1,3,4,33,False,221,11,48,2864,28.64,0
3886,0,1,3,4,16,False,110,5,120,1400,14.0,0
3887,0,1,3,4,17,False,109,5,112,1392,13.92,0
3888,0,1,3,4,3,True,110,3,154,922,9.22,0
3889,0,1,3,4,4,True,110,5,101,1381,13.81,0
3890,0,1,3,4,16,True,109,5,90,1370,13.7,0
3891,0,1,3,4,34,True,221,11,25,2841,28.41,0
3892,0,1,3,4,33,False,90,0,162,162,1.62,0
3893,0,1,3,4,15,False,50,4,104,1128,11.28,0
3894,0,1,3,4,16,False,48,5,59,1339,13.39,0
3895,0,1,3,4,17,False,48,5,106,1386,13.86,0
3896,0,1,3,4,3,True,48,5,36,1316,13.16,0
3897,0,1,3,4,4,True,49,4,231,1255,12.55,0
3898,0,1,3,4,16,True,48,5,83,1363,13.63,0
3899,0,1,3,4,34,True,90,0,139,139,1.39,0
3900,0,1,3,4,33,False,67,0,116,116,1.16,0
3901,0,1,3,4,16,False,22,6,233,1769,17.69,0
3902,0,1,3,4,17,False,23,4,157,1181,11.81,0
3903,0,1,3,4,3,True,23,5,164,1444,14.44,0
3904,0,1,3,4,4,True,22,6,211,1747,17.47,0
3905,0,1,3,4,16,True,23,4,136,1160,11.6,0
3906,0,1,3,4,34,True,67,0,93,93,0.93,0
3907,0,1,3,4,33,False,230,4,83,1107,11.07,0
3908,0,1,3,4,15,False,242,2,25,537,5.37,0
3909,0,1,3,4,16,False,235,4,97,1121,11.21,0
3910,0,1,3,4,17,False,235,4,198,1222,12.22,0
3911,0,1,3,4,3,True,237,3,118,886,8.86,0
3912,0,1,3,4,4,True,235,4,74,1098,10.98,0
3913,0,1,3,4,16,True,235,4,176,1200,12.0,0
3914,0,1,3,4,34,True,230,4,60,1084,10.84,0
3915,0,1,3,4,33,False,19,0,10,10,0.1,0
3916,0,1,3,4,15,False,236,0,224,224,2.24,0
3917,0,1,3,4,16,False,225,6,236,1772,17.72,0
3918,0,1,3,4,17,False,0,0,0,0,0.0,469830144
3919,0,-1,-1,-1,-1,True,-1,-1,-1,-1,-1.0,-1
3920,0,-1,-1,-1,-1,True,-1,-1,-1,-1,-1.0,-1
3921,0,-1,-1,-1,-1,True,-1,-1,-1,-1,-1.0,-1
3922,0,1,3,4,5,True,41,0,156,156,1.56,0
3923,0,1,3,4,16,True,38,5,134,1414,14.14,0
3924,0,1,3,4,34,True,58,2,74,586,5.86,0
3925,0,1,3,4,33,False,88,9,250,2554,25.54,0
3926,0,1,3,4,15,False,219,4,55,1079,10.79,0
3927,0,1,3,4,16,False,216,6,89,1625,16.25,0
3928,0,1,3,4,17,False,216,13,14,3342,33.42,222
3929,0,-1,-1,-1,-1,True,-1,-1,-1,-1,-1.0,-1
3930,0,1,3,4,16,False,173,4,15,1039,10.39,0
3931,0,1,3,4,17,False,172,4,29,1053,10.53,0
3932,0,1,3,4,4,True,173,3,254,1022,10.22,0
3933,0,1,3,4,16,True,172,4,8,1032,10.32,0
3934,0,1,3,4,34,True,237,14,200,3784,37.84,0
3935,0,1,3,4,33,False,10,11,124,2940,29.4,0
3936,0,1,3,4,16,False,158,6,7,1543,15.43,0
3937,0,1,3,4,17,False,158,6,1,1537,15.37,0
3938,0,1,3,4,3,True,159,4,130,1154,11.54,0
3939,0,1,3,4,4,True,158,5,245,1525,15.25,0
3940,0,1,3,4,16,True,158,5,236,1516,15.16,0
3941,0,1,3,4,34,True,10,11,101,2917,29.17,0
3942,0,1,3,4,33,False,243,13,249,3577,35.77,0
3943,0,1,3,4,16,False,53,5,123,1403,14.03,0
3944,0,1,3,4,17,False,52,5,192,1472,14.72,0
3945,0,1,3,4,3,True,54,3,10,778,7.78,0
3946,0,1,3,4,4,True,53,5,101,1381,13.81,0
3947,0,1,3,4,16,True,52,5,169,1449,14.49,0
3948,0,1,3,4,34,True,79,1,195,451,4.51,0
3949,0,1,3,4,33,False,124,0,124,124,1.24,0
3950,0,1,3,4,16,False,81,4,65,1089,10.89,0
3951,0,1,3,4,17,False,80,5,106,1386,13.86,0
3952,0,1,3,4,3,True,82,3,93,861,8.61,0
3953,0,1,3,4,4,True,81,4,44,1068,10.68,0
3954,0,1,3,4,16,True,80,5,86,1366,13.66,0
3955,0,1,3,4,34,True,124,0,101,101,1.01,0
3956,0,1,3,4,33,False,68,11,181,2997,29.97,0
3957,0,1,3,4,16,False,81,2,14,526,5.26,0
3958,0,1,3,4,17,False,219,15,4,3844,38.44,91
3959,0,-1,-1,-1,-1,True,-1,-1,-1,-1,-1.0,-1
3960,0,1,3,4,17,False,110,7,105,1897,18.97,0
3961,0,1,3,4,3,True,113,4,43,1067,10.67,0
3962,0,1,3,4,4,True,111,2,215,727,7.27,0
3963,0,1,3,4,16,True,110,7,84,1876,18.76,0
3964,0,1,3,4,34,True,205,12,128,3200,32.0,0
3965,0,1,3,4,33,False,216,11,96,2912,29.12,0
3966,0,1,3,4,16,False,108,4,45,1069,10.69,0
3967,0,1,3,4,17,False,106,5,181,1461,14.61,0
3968,0,1,3,4,3,True,109,2,207,719,7.19,0
3969,0,1,3,4,4,True,108,4,22,1046,10.46,0
3970,0,1,3,4,16,True,106,5,161,1441,14.41,0
3971,0,1,3,4,34,True,216,11,74,2890,28.9,0
3972,0,1,3,4,33,False,2,13,155,3483,34.83,0
3973,0,1,3,4,16,False,138,6,137,1673,16.73,0
3974,0,1,3,4,17,False,138,5,38,1318,13.18,0
3975,0,1,3,4,3,True,140,2,21,533,5.33,0
3976,0,1,3,4,4,True,138,6,115,1651,16.51,0
3977,0,1,3,4,16,True,138,5,18,1298,12.98,0
3978,0,1,3,4,34,True,180,0,146,146,1.46,0
3979,0,1,3,4,33,False,176,10,145,2705,27.05,0
3980,0,1,3,4,16,False,58,3,23,791,7.91,0
3981,0,1,3,4,17,False,56,4,223,1247,12.47,0
3982,0,1,3,4,3,True,59,2,230,742,7.42,0
3983,0,1,3,4,4,True,56,2,210,722,7.22,0
3984,0,1,3,4,16,True,56,4,198,1222,12.22,0
3985,0,1,3,4,34,True,176,10,122,2682,26.82,0
3986,0,1,3,4,33,False,194,0,51,51,0.51,0
3987,0,1,3,4,16,False,61,6,5,1541,15.41,0
3988,0,1,3,4,17,False,61,4,114,1138,11.38,0
3989,0,1,3,4,3,True,255,4,66,1090,10.9,0
3990,0,1,3,4,4,True,61,5,239,1519,15.19,0
3991,0,1,3,4,16,True,61,4,93,1117,11.17,0
3992,0,1,3,4,34,True,235,10,59,2619,26.19,0
3993,0,1,3,4,33,False,75,15,37,3877,38.77,0
3994,0,1,3,4,16,False,14,6,87,1623,16.23,0
3995,0,1,3,4,17,False,50,4,197,1221,12.21,0
3996,0,1,3,4,3,True,51,3,200,968,9.68,0
3997,0,1,3,4,4,True,49,6,64,1600,16.0,0
3998,0,1,3,4,16,True,50,4,176,1200,12.0,0
3999,0,1,3,4,34,True,121,14,64,3648,36.48,0
4000,0,1,3,4,33,False,192,0,177,177,1.77,0
4001,0,1,3,4,16,False,152,4,74,1098,10.98,0
4002,0,1,3,4,17,False,150,5,58,1338,13.38,0
4003,0,1,3,4,17,False,183,5,1,1281,12.81,0
4004,0,1,3,4,3,True,184,5,21,1301,13.01,0
4005,0,1,3,4,4,True,183,4,12,1036,10.36,0
4006,0,1,3,4,16,True,183,4,236,1260,12.6,0
4007,0,1,3,4,34,True,243,15,39,3879,38.79,0
4008,0,1,3,4,33,False,95,0,106,106,1.06,0
4009,0,1,3,4,17,False,51,1,177,433,4.33,0
4010,0,1,3,4,16,True,51,1,157,413,4.13,0
4011,0,1,3,4,34,True,94,0,83,83,0.83,0
4012,0,1,3,4,33,False,84,0,26,26,0.26,0
4013,0,1,3,4,16,False,246,7,25,1817,18.17,0
4014,0,1,3,4,17,False,246,4,231,1255,12.55,0
4015,0,1,3,4,3,True,247,3,152,920,9.2,0
4016,0,1,3,4,4,True,246,7,2,1794,17.94,0
4017,0,1,3,4,16,True,246,4,211,1235,12.35,0
4018,0,1,3,4,34,True,75,13,48,3376,33.76,0
4019,0,1,3,4,33,False,126,13,174,3502,35.02,0
4020,0,1,3,4,15,False,50,2,165,677,6.77,0
4021,0,1,3,4,16,False,45,6,112,1648,16.48,0
4022,0,1,3,4,17,False,46,5,176,1456,14.56,0
4023,0,1,3,4,3,True,47,3,163,931,9.31,0
4024,0,1,3,4,4,True,45,6,90,1626,16.26,0
4025,0,1,3,4,16,True,46,5,156,1436,14.36,0
4026,0,1,3,4,34,True,126,13,150,3478,34.78,0
4027,0,1,3,4,33,False,126,14,120,3704,37.04,0
4028,0,1,3,4,16,False,16,6,65,1601,16.01,0
4029,0,1,3,4,17,False,250,5,231,1511,15.11,0
4030,0,1,3,4,3,True,252,3,87,855,8.55,0
4031,0,1,3,4,4,True,250,6,46,1582,15.82,0
4032,0,1,3,4,16,True,251,5,201,1481,14.81,0
4033,0,1,3,4,34,True,235,5,15,1295,12.95,0
4034,0,1,3,4,33,False,145,15,90,3930,39.3,0
4035,0,1,3,4,16,False,86,5,14,1294,12.94,0
4036,0,1,3,4,17,False,86,5,161,1441,14.41,0
4037,0,1,3,4,3,True,87,2,165,677,6.77,0
4038,0,1,3,4,4,True,86,4,248,1272,12.72,0
4039,0,1,3,4,16,True,86,5,140,1420,14.2,0
4040,0,1,3,4,32,True,89,0,182,182,1.82,0
4041,0,1,3,4,34,True,144,15,66,3906,39.06,0
4042,0,1,3,4,33,False,165,0,9,9,0.09,0
4043,0,1,3,4,17,False,116,4,213,1237,12.37,0
4044,0,1,3,4,16,False,115,7,123,1915,19.15,0
4045,0,1,3,4,3,True,116,5,153,1433,14.33,0
4046,0,1,3,4,4,True,115,7,101,1893,18.93,0
4047,0,1,3,4,16,True,116,4,191,1215,12.15,0
4048,0,1,3,4,34,True,165,15,243,4083,40.83,0
4049,0,1,3,4,33,False,37,11,254,3070,30.7,0
4050,0,1,3,4,16,False,192,3,4,772,7.72,0
4051,0,1,3,4,4,True,44,5,5,1285,12.85,0
4052,0,1,3,4,5,True,46,1,0,256,2.56,0
4053,0,1,3,4,16,True,44,5,28,1308,13.08,0
4054,0,1,3,4,32,True,49,0,204,204,2.04,0
4055,0,1,3,4,34,True,151,11,122,2938,29.38,0
4056,0,1,3,4,33,False,139,10,184,2744,27.44,0
4057,0,1,3,4,15,False,27,2,71,583,5.83,0
4058,0,1,3,4,16,False,22,5,173,1453,14.53,0
4059,0,1,3,4,17,False,22,6,6,1542,15.42,0
4060,0,1,3,4,3,True,23,3,160,928,9.28,0
4061,0,1,3,4,4,True,22,5,151,1431,14.31,0
4062,0,1,3,4,16,True,22,5,241,1521,15.21,0
4063,0,1,3,4,34,True,139,10,162,2722,27.22,0
4064,0,1,3,4,33,False,227,15,244,4084,40.84,0
4065,0,1,3,4,17,False,0,11,0,2816,28.16,167772160
4066,0,-1,-1,-1,-1,True,-1,-1,-1,-1,-1.0,-1
4067,0,129,0,4,43,False,0,0,0,0,0.0,469830144
4068,0,-1,-1,-1,-1,True,-1,-1,-1,-1,-1.0,-1
4069,0,-1,-1,-1,-1,True,-1,-1,-1,-1,-1.0,-1
4070,0,1,3,4,4,True,129,4,85,1109,11.09,0
4071,0,1,3,4,16,True,130,3,230,998,9.98,0
4072,0,1,3,4,34,True,179,15,244,4084,40.84,0
4073,0,1,3,4,33,False,42,6,72,1608,16.08,0
4074,0,1,3,4,16,False,72,5,82,1362,13.62,0
4075,0,1,3,4,17,False,75,2,42,554,5.54,0
4076,0,1,3,4,3,True,73,3,167,935,9.35,0
4077,0,1,3,4,4,True,72,5,60,1340,13.4,0
4078,0,1,3,4,16,True,75,2,21,533,5.33,0
4079,0,1,3,4,32,True,74,0,245,245,2.45,0
4080,0,1,3,4,34,True,42,6,50,1586,15.86,0
4081,0,1,3,4,33,False,117,11,202,3018,30.18,0
4082,0,1,3,4,15,False,18,1,186,442,4.42,0
4083,0,1,3,4,16,False,13,5,85,1365,13.65,0
4084,0,1,3,4,17,False,12,7,29,1821,18.21,0
4085,0,1,3,4,3,True,13,5,45,1325,13.25,0
4086,0,1,3,4,4,True,13,4,211,1235,12.35,0
4087,0,1,3,4,16,True,12,7,7,1799,17.99,0
4088,0,1,3,4,34,True,117,11,178,2994,29.94,0
4089,0,1,3,4,33,False,220,1,178,434,4.34,0
4090,0,1,3,4,16,False,193,4,98,1122,11.22,0
4091,0,1,3,4,17,False,191,6,203,1739,17.39,0
4092,0,1,3,4,3,True,193,3,77,845,8.45,0
4093,0,1,3,4,4,True,193,4,81,1105,11.05,0
4094,0,1,3,4,16,True,191,6,183,1719,17.19,0
4095,0,1,3,4,34,True,220,1,154,410,4.1,0
4096,0,1,3,4,33,False,155,15,121,3961,39.61,0
4097,0,1,3,1,27,True,0,0,0,0,0.0,0
4098,0,1,3,7,57,False,4,0,98,98,0.98,270599
4099,0,1,3,3,35,False,4,9,0,2304,23.04,0
4100,0,1,3,4,4,True,98,7,9,1801,18.01,0
4101,0,1,3,4,16,True,98,4,177,1201,12.01,0
4102,0,1,3,4,34,True,155,15,98,3938,39.38,0
4103,0,1,3,4,33,False,53,3,146,914,9.14,0
4104,0,1,3,1,53,False,0,0,0,0,0.0,0
4105,0,1,3,3,12,False,73,0,0,0,0.0,655360
4106,0,-1,-1,-1,-1,True,-1,-1,-1,-1,-1.0,-1
4107,0,102,0,2,23,True,0,0,0,0,0.0,469830144
4108,0,-1,-1,-1,-1,True,-1,-1,-1,-1,-1.0,-1
4109,0,-1,-1,-1,-1,True,-1,-1,-1,-1,-1.0,-1
4110,0,1,3,4,4,True,101,2,220,732,7.32,0
4111,0,1,3,4,16,True,99,4,216,1240,12.4,0
4112,0,1,3,4,34,True,198,12,50,3122,31.22,0
4113,0,1,3,4,33,False,36,13,163,3491,34.91,0
4114,0,1,3,4,16,False,212,4,188,1212,12.12,0
4115,0,1,3,4,17,False,212,5,99,1379,13.79,0
4116,0,1,3,4,3,True,213,4,10,1034,10.34,0
4117,0,1,3,4,4,True,212,4,165,1189,11.89,0
4118,0,1,3,4,16,True,212,5,79,1359,13.59,0
4119,0,1,3,4,34,True,36,13,140,3468,34.68,0
4120,0,1,3,4,33,False,40,1,29,285,2.85,0
4121,0,1,3,4,17,False,4,5,199,1479,14.79,0
4122,0,1,3,4,16,False,3,7,53,1845,18.45,0
4123,0,1,3,4,3,True,4,5,60,1340,13.4,0
4124,0,1,3,4,4,True,3,7,31,1823,18.23,0
4125,0,1,3,4,5,True,7,1,87,343,3.43,0
4126,0,1,3,4,16,True,4,5,178,1458,14.58,0
4127,0,1,3,4,34,True,40,1,6,262,2.62,0
4128,0,1,3,4,33,False,118,4,249,1273,12.73,0
4129,0,1,3,1,54,False,0,0,0,0,0.0,0
4130,0,1,3,4,39,False,3,0,0,0,0.0,167772160
4131,0,-1,-1,-1,-1,True,-1,-1,-1,-1,-1.0,-1
4132,0,-1,-1,-1,-1,True,-1,-1,-1,-1,-1.0,-1
4133,0,1,3,4,3,True,104,2,220,732,7.32,0
4134,0,1,3,4,4,True,103,2,120,632,6.32,0
4135,0,1,3,4,16,True,100,5,208,1488,14.88,0
4136,0,1,3,4,34,True,78,5,154,1434,14.34,0
4137,0,1,3,4,33,False,150,1,185,441,4.41,0
4138,0,1,3,4,16,False,122,5,24,1304,13.04,0
4139,0,1,3,4,17,False,122,4,225,1249,12.49,0
4140,0,1,3,4,3,True,123,4,197,1221,12.21,0
4141,0,1,3,4,4,True,122,5,4,1284,12.84,0
4142,0,1,3,4,16,True,122,4,204,1228,12.28,0
4143,0,1,3,4,34,True,150,1,163,419,4.19,0
4144,0,1,3,4,33,False,204,2,251,763,7.63,0
4145,0,1,3,4,16,False,99,4,16,1040,10.4,13436636
4146,0,-1,-1,-1,-1,True,-1,-1,-1,-1,-1.0,-1
4147,0,-1,-1,-1,-1,True,-1,-1,-1,-1,-1.0,-1
4148,0,-1,-1,-1,-1,True,-1,-1,-1,-1,-1.0,-1
4149,0,1,3,4,3,True,221,3,73,841,8.41,0
4150,0,1,3,4,4,True,220,6,181,1717,17.17,0
4151,0,1,3,4,16,True,221,4,240,1264,12.64,0
4152,0,1,3,4,34,True,189,6,76,1612,16.12,0
4153,0,1,3,4,33,False,72,1,74,330,3.3,0
4154,0,1,3,4,15,False,47,1,109,365,3.65,0
4155,0,1,3,4,16,False,141,5,146,1426,14.26,0
4156,0,1,3,4,17,False,140,6,163,1699,16.99,0
4157,0,1,3,4,3,True,142,3,202,970,9.7,0
4158,0,1,3,4,4,True,140,5,127,1407,14.07,0
4159,0,1,3,4,16,True,140,6,143,1679,16.79,0
4160,0,1,3,4,34,True,107,6,112,1648,16.48,0
4161,0,1,3,4,33,False,181,0,81,81,0.81,0
4162,0,1,3,1,53,True,0,0,0,0,0.0,0
4163,0,1,3,0,0,False,0,0,0,0,0.0,0
4164,0,1,3,1,4,False,0,0,0,0,0.0,0
4165,0,1,3,0,0,False,0,0,0,0,0.0,0
4166,0,1,3,7,7,False,27,4,132,1156,11.56,329607
4167,0,1,3,4,34,True,181,0,57,57,0.57,0
4168,0,1,3,4,33,False,5,7,0,1792,17.92,167772160
4169,0,-1,-1,-1,-1,True,-1,-1,-1,-1,-1.0,-1
4170,0,-1,-1,-1,-1,True,-1,-1,-1,-1,-1.0,-1
4171,0,1,3,4,3,True,124,4,115,1139,11.39,0
4172,0,1,3,4,4,True,123,5,32,1312,13.12,0
4173,0,1,3,4,16,True,122,5,218,1498,14.98,0
4174,0,1,3,4,34,True,156,1,56,312,3.12,0
4175,0,1,3,4,33,False,170,8,46,2094,20.94,0
4176,0,1,3,4,16,False,20,5,83,1363,13.63,0
4177,0,1,3,4,17,False,20,3,33,801,8.01,0
4178,0,1,3,4,3,True,22,2,165,677,6.77,0
4179,0,1,3,4,4,True,123,5,60,1340,13.4,0
4180,0,1,3,4,16,True,20,3,12,780,7.8,0
4181,0,1,3,4,34,True,170,8,24,2072,20.72,0
4182,0,1,3,4,33,False,89,15,92,3932,39.32,0
4183,0,1,3,4,15,False,36,2,103,615,6.15,0
4184,0,1,3,4,16,False,30,5,124,1404,14.04,0
4185,0,1,3,4,17,False,30,5,205,1485,14.85,0
4186,0,1,3,4,3,True,32,3,70,838,8.38,0
4187,0,1,3,4,4,True,30,5,101,1381,13.81,0
4188,0,1,3,4,16,True,29,5,183,1463,14.63,0
4189,0,1,3,4,34,True,88,15,69,3909,39.09,0
4190,0,1,3,4,33,False,116,1,160,416,4.16,0
4191,0,1,3,4,16,False,87,10,0,2560,25.6,167772160
4192,0,-1,-1,-1,-1,True,-1,-1,-1,-1,-1.0,-1
4193,0,-1,-1,-1,-1,True,-1,-1,-1,-1,-1.0,-1
4194,0,-1,-1,-1,-1,True,-1,-1,-1,-1,-1.0,-1
4195,0,-1,-1,-1,-1,True,-1,-1,-1,-1,-1.0,-1
4196,0,-1,-1,-1,-1,True,-1,-1,-1,-1,-1.0,-1
4197,0,1,3,4,16,True,103,5,114,1394,13.94,0
4198,0,1,3,4,34,True,186,13,89,3417,34.17,0
4199,0,1,3,4,33,False,228,15,75,3915,39.15,0
4200,0,1,3,1,36,True,0,0,0,0,0.0,0
4201,0,1,3,7,11,False,4,0,168,168,1.68,321286
4202,0,1,3,3,42,True,3,15,0,3840,38.4,0
4203,0,1,3,4,4,True,168,6,209,1745,17.45,0
4204,0,1,3,4,16,True,169,3,131,899,8.99,0
4205,0,1,3,4,34,True,228,15,53,3893,38.93,0
4206,0,1,3,4,33,False,205,5,126,1406,14.06,0
4207,0,1,3,1,13,True,0,0,0,0,0.0,0
4208,0,1,3,5,62,False,4,0,225,225,2.25,6
4209,0,1,3,6,4,False,17,1,5,261,2.61,1138
4210,0,1,3,3,35,True,4,15,0,3840,38.4,0
4211,0,1,3,4,4,True,225,6,55,1591,15.91,0
4212,0,1,3,4,16,True,225,5,93,1373,13.73,0
4213,0,1,3,4,33,False,64,12,128,3200,32.0,0
4214,0,1,3,1,0,False,0,0,0,0,0.0,0
4215,0,1,3,4,0,True,4,6,99,1635,16.35,0
4216,0,1,3,4,17,False,92,7,85,1877,18.77,0
4217,0,1,3,4,3,True,94,4,51,1075,10.75,0
4218,0,1,3,4,4,True,93,6,78,1614,16.14,0
4219,0,1,3,4,16,True,92,7,64,1856,18.56,0
4220,0,1,3,4,34,True,235,8,188,2236,22.36,0
4221,0,1,3,4,33,False,6,1,142,398,3.98,0
4222,0,1,3,4,16,False,232,4,47,1071,10.71,0
4223,0,1,3,4,17,False,231,5,67,1347,13.47,0
4224,0,1,3,4,3,True,233,3,154,922,9.22,0
4225,0,1,3,4,4,True,232,4,24,1048,10.48,0
4226,0,1,3,4,16,True,231,5,46,1326,13.26,0
4227,0,1,3,4,34,True,6,1,120,376,3.76,0
4228,0,1,3,4,33,False,193,14,191,3775,37.75,0
4229,0,1,3,4,16,False,127,4,243,1267,12.67,0
4230,0,1,3,4,17,False,126,5,119,1399,13.99,0
4231,0,1,3,4,3,True,129,3,75,843,8.43,0
4232,0,1,3,4,4,True,126,4,244,1268,12.68,0
4233,0,1,3,4,16,True,127,5,94,1374,13.74,0
4234,0,1,3,4,34,True,196,14,114,3698,36.98,0
4235,0,1,3,4,33,False,4,7,194,1986,19.86,0
4236,0,1,3,1,4,False,0,0,0,0,0.0,0
4237,0,1,3,7,2,True,4,0,104,104,1.04,318981
4238,0,1,3,3,41,False,2,14,0,3584,35.84,0
4239,0,1,3,4,4,True,104,5,200,1480,14.8,0
4240,0,1,3,4,16,True,105,3,59,827,8.27,0
4241,0,1,3,4,34,True,4,7,172,1964,19.64,0
4242,0,1,3,4,33,False,146,10,4,2564,25.64,44
4243,0,-1,-1,-1,-1,True,-1,-1,-1,-1,-1.0,-1
4244,0,1,3,4,17,False,154,4,12,1036,10.36,0
4245,0,1,3,4,3,True,156,3,6,774,7.74,0
4246,0,1,3,4,4,True,154,4,23,1047,10.47,0
4247,0,1,3,4,16,True,154,3,247,1015,10.15,0
4248,0,1,3,4,34,True,223,14,91,3675,36.75,0
4249,0,1,3,4,33,False,43,15,10,3850,38.5,0
4250,0,1,3,4,16,False,237,5,152,1432,14.32,0
4251,0,1,3,4,17,False,237,4,139,1163,11.63,0
4252,0,1,3,4,3,True,238,4,75,1099,10.99,0
4253,0,1,3,4,4,True,237,5,130,1410,14.1,0
4254,0,1,3,4,16,True,237,4,119,1143,11.43,0
4255,0,1,3,4,34,True,43,14,242,3826,38.26,0
4256,0,1,3,4,33,False,71,8,81,2129,21.29,0
4257,0,1,3,4,16,False,179,5,35,1315,13.15,0
4258,0,1,3,4,17,False,179,5,168,1448,14.48,0
4259,0,1,3,4,3,True,180,4,248,1272,12.72,0
4260,0,1,3,4,4,True,179,4,208,1232,12.32,0
4261,0,1,3,4,16,True,179,5,147,1427,14.27,0
4262,0,1,3,4,34,True,71,8,58,2106,21.06,0
4263,0,1,3,4,33,False,185,9,191,2495,24.95,0
4264,0,1,3,4,16,False,55,4,241,1265,12.65,0
4265,0,1,3,4,17,False,55,6,65,1601,16.01,0
4266,0,1,3,4,4,True,55,4,219,1243,12.43,0
4267,0,1,3,4,16,True,55,6,44,1580,15.8,0
4268,0,1,3,4,34,True,185,9,169,2473,24.73,0
4269,0,1,3,4,33,False,240,5,104,1384,13.84,0
4270,0,1,3,4,17,False,241,4,231,1255,12.55,0
4271,0,1,3,4,3,True,242,2,122,634,6.34,0
4272,0,1,3,4,4,True,240,5,82,1362,13.62,0
4273,0,1,3,4,16,True,241,4,205,1229,12.29,0
4274,0,1,3,4,34,True,40,15,117,3957,39.57,0
4275,0,1,3,4,33,False,210,15,131,3971,39.71,0
4276,0,1,3,4,16,False,154,12,33,3105,31.05,2230925
4277,0,-1,-1,-1,-1,True,-1,-1,-1,-1,-1.0,-1
4278,0,-1,-1,-1,-1,True,-1,-1,-1,-1,-1.0,-1
4279,0,-1,-1,-1,-1,True,-1,-1,-1,-1,-1.0,-1
4280,0,1,3,4,4,True,17,2,67,579,5.79,0
4281,0,1,3,4,17,False,15,6,88,1624,16.24,0
4282,0,1,3,4,16,True,15,6,68,1604,16.04,0
4283,0,1,3,4,34,True,141,10,12,2572,25.72,0
4284,0,1,3,4,33,False,32,12,199,3271,32.71,0
4285,0,1,3,4,16,False,197,5,4,1284,12.84,173
4286,0,-1,-1,-1,-1,True,-1,-1,-1,-1,-1.0,-1
4287,0,1,3,4,17,False,84,4,247,1271,12.71,0
4288,0,1,3,4,3,True,86,4,127,1151,11.51,0
4289,0,1,3,4,4,True,84,3,200,968,9.68,0
4290,0,1,3,4,16,True,84,4,222,1246,12.46,0
4291,0,1,3,4,34,True,194,11,58,2874,28.74,0
4292,0,1,3,4,33,False,83,0,53,53,0.53,0
4293,0,1,3,4,16,False,36,1,3,259,2.59,89
4294,0,-1,-1,-1,-1,True,-1,-1,-1,-1,-1.0,-1
4295,0,1,3,4,17,False,191,3,165,933,9.33,0
4296,0,1,3,4,3,True,195,3,32,800,8.0,0
4297,0,1,3,4,4,True,193,2,215,727,7.27,0
4298,0,1,3,4,16,True,191,3,141,909,9.09,0
4299,0,1,3,4,34,True,21,13,14,3342,33.42,0
4300,0,1,3,4,33,False,87,9,2,2306,23.06,0
4301,0,1,3,4,16,False,204,0,0,0,0.0,2199650570
4302,0,-1,-1,-1,-1,True,-1,-1,-1,-1,-1.0,-1
4303,0,-1,-1,-1,-1,True,-1,-1,-1,-1,-1.0,-1
4304,0,1,3,4,4,True,196,7,143,1935,19.35,0
4305,0,1,3,4,5,True,201,1,146,402,4.02,0
4306,0,1,3,4,16,True,203,3,194,962,9.62,0
4307,0,1,3,4,34,True,215,2,94,606,6.06,0
4308,0,1,3,4,33,False,130,3,211,979,9.79,0
4309,0,1,3,4,16,False,130,2,219,731,7.31,0
4310,0,1,3,4,17,False,129,4,138,1162,11.62,0
4311,0,1,3,4,3,True,131,2,174,686,6.86,0
4312,0,1,3,4,4,True,129,2,186,698,6.98,0
4313,0,1,3,4,16,True,129,4,117,1141,11.41,0
4314,0,1,3,4,34,True,130,3,189,957,9.57,0
4315,0,1,3,4,33,False,240,9,128,2432,24.32,0
4316,0,1,3,4,15,False,111,3,147,915,9.15,0
4317,0,1,3,4,16,False,70,4,109,1133,11.33,0
4318,0,1,3,4,17,False,68,4,48,1072,10.72,0
4319,0,1,3,4,3,True,70,2,16,528,5.28,0
4320,0,1,3,4,4,True,70,4,85,1109,11.09,0
4321,0,1,3,4,16,True,68,4,26,1050,10.5,0
4322,0,1,3,4,34,True,163,12,110,3182,31.82,0
4323,0,1,3,4,33,False,69,13,87,3415,34.15,0
4324,0,1,3,4,16,False,243,4,253,1277,12.77,0
4325,0,1,3,4,17,False,242,4,44,1068,10.68,0
4326,0,1,3,4,3,True,243,3,234,1002,10.02,0
4327,0,1,3,4,4,True,244,4,207,1231,12.31,0
4328,0,1,3,4,16,True,242,4,22,1046,10.46,0
4329,0,1,3,4,34,True,69,13,65,3393,33.93,0
4330,0,1,3,4,33,False,218,4,61,1085,10.85,0
4331,0,1,3,4,16,False,223,3,108,876,8.76,0
4332,0,1,3,4,17,False,223,5,86,1366,13.66,0
4333,0,1,3,4,3,True,225,3,46,814,8.14,0
4334,0,1,3,4,4,True,223,3,112,880,8.8,0
4335,0,1,3,4,16,True,223,5,65,1345,13.45,0
4336,0,1,3,4,34,True,218,4,38,1062,10.62,0
4337,0,1,3,4,33,False,167,2,206,718,7.18,0
4338,0,1,3,4,15,False,158,4,12,1036,10.36,0
4339,0,1,3,4,16,False,119,4,97,1121,11.21,0
4340,0,1,3,4,17,False,118,5,188,1468,14.68,0
4341,0,1,3,4,3,True,120,2,145,657,6.57,0
4342,0,1,3,4,4,True,119,4,77,1101,11.01,0
4343,0,1,3,4,16,True,118,5,167,1447,14.47,0
4344,0,1,3,4,34,True,207,12,235,3307,33.07,0
4345,0,1,3,4,33,False,85,3,121,889,8.89,0
4346,0,1,3,4,15,False,82,5,172,1452,14.52,0
4347,0,1,3,4,16,False,109,4,108,1132,11.32,0
4348,0,1,3,4,17,False,110,3,203,971,9.71,0
4349,0,1,3,4,3,True,110,4,61,1085,10.85,0
4350,0,1,3,4,4,True,109,3,29,797,7.97,0
4351,0,1,3,4,16,True,110,3,183,951,9.51,0
4352,0,1,3,4,34,True,151,0,126,126,1.26,0
4353,0,1,3,4,33,False,146,5,215,1495,14.95,0
4354,0,1,3,4,16,False,173,2,243,755,7.55,0
4355,0,1,3,4,17,False,172,4,70,1094,10.94,0
4356,0,1,3,4,3,True,175,1,242,498,4.98,0
4357,0,1,3,4,4,True,173,2,221,733,7.33,0
4358,0,1,3,4,16,True,172,4,50,1074,10.74,0
4359,0,1,3,4,34,True,146,5,193,1473,14.73,0
4360,0,1,3,4,33,False,13,2,21,533,5.33,0
4361,0,1,3,4,3,True,0,10,1,2561,25.61,241705244
4362,0,-1,-1,-1,-1,True,-1,-1,-1,-1,-1.0,-1
4363,0,-1,-1,-1,-1,True,-1,-1,-1,-1,-1.0,-1
4364,0,-1,-1,-1,-1,True,-1,-1,-1,-1,-1.0,-1
4365,0,-1,-1,-1,-1,True,-1,-1,-1,-1,-1.0,-1
4366,0,1,3,4,34,True,104,9,1,2305,23.05,0
4367,0,1,3,4,33,False,13,15,98,3938,39.38,0
4368,0,1,3,4,17,False,211,5,42,1322,13.22,0
4369,0,1,3,4,16,False,211,7,67,1859,18.59,0
4370,0,1,3,4,3,True,212,4,103,1127,11.27,0
4371,0,1,3,4,4,True,211,7,44,1836,18.36,0
4372,0,1,3,4,16,True,211,5,22,1302,13.02,0
4373,0,1,3,4,34,True,13,15,76,3916,39.16,0
4374,0,1,3,4,33,False,231,14,234,3818,38.18,0
4375,0,1,3,4,16,False,57,5,128,1408,14.08,0
4376,0,1,3,4,17,False,56,5,6,1286,12.86,0
4377,0,1,3,4,3,True,59,2,62,574,5.74,0
4378,0,1,3,4,4,True,57,5,106,1386,13.86,0
4379,0,1,3,4,16,True,56,4,242,1266,12.66,0
4380,0,1,3,4,34,True,174,10,178,2738,27.38,0
4381,0,1,3,4,33,False,37,11,222,3038,30.38,0
4382,0,1,3,4,16,False,191,5,35,1315,13.15,0
4383,0,1,3,4,17,False,91,4,161,1185,11.85,0
4384,0,1,3,4,3,True,90,4,198,1222,12.22,0
4385,0,1,3,4,4,True,91,4,253,1277,12.77,0
4386,0,1,3,4,16,True,91,4,141,1165,11.65,0
4387,0,1,3,4,34,True,148,15,73,3913,39.13,0
4388,0,1,3,4,33,False,86,2,98,610,6.1,0
4389,0,1,3,4,16,False,66,5,8,1288,12.88,0
4390,0,1,3,4,17,False,66,6,91,1627,16.27,0
4391,0,1,3,4,3,True,67,4,216,1240,12.4,0
4392,0,1,3,4,4,True,66,4,186,1210,12.1,0
4393,0,1,3,4,16,True,66,6,71,1607,16.07,0
4394,0,1,3,4,34,True,86,2,75,587,5.87,0
4395,0,1,3,4,33,False,74,15,55,3895,38.95,0
4396,0,1,3,4,15,False,20,4,35,1059,10.59,0
4397,0,1,3,4,16,False,5,9,0,2304,23.04,167772160
4398,0,-1,-1,-1,-1,True,-1,-1,-1,-1,-1.0,-1
4399,0,5,2,7,0,False,0,0,0,0,0.0,2199650570
4400,0,-1,-1,-1,-1,True,-1,-1,-1,-1,-1.0,-1
4401,0,-1,-1,-1,-1,True,-1,-1,-1,-1,-1.0,-1
4402,0,-1,-1,-1,-1,True,-1,-1,-1,-1,-1.0,-1
4403,0,-1,-1,-1,-1,True,-1,-1,-1,-1,-1.0,-1
4404,0,1,3,4,4,True,12,5,195,1475,14.75,0
4405,0,1,3,4,16,True,12,5,2,1282,12.82,0
4406,0,1,3,4,34,True,9,4,4,1028,10.28,0
4407,0,1,3,4,33,False,120,1,66,322,3.22,0
4408,0,1,3,4,16,False,87,3,225,993,9.93,0
4409,0,1,3,4,17,False,86,6,167,1703,17.03,0
4410,0,1,3,4,4,True,87,3,203,971,9.71,0
4411,0,1,3,4,16,True,86,6,146,1682,16.82,0
4412,0,1,3,4,34,True,120,1,43,299,2.99,0
4413,0,1,3,4,33,False,160,1,90,346,3.46,0
4414,0,1,3,4,15,False,132,3,37,805,8.05,0
4415,0,1,3,4,16,False,127,6,12,1548,15.48,0
4416,0,1,3,4,17,False,196,6,6,1542,15.42,0
4417,0,1,3,4,3,True,197,4,24,1048,10.48,0
4418,0,1,3,4,4,True,196,5,99,1379,13.79,0
4419,0,1,3,4,16,True,196,5,240,1520,15.2,0
4420,0,1,3,4,32,True,199,0,243,243,2.43,0
4421,0,1,3,4,34,True,43,11,209,3025,30.25,0
4422,0,1,3,4,33,False,4,8,0,2048,20.48,167772160
4423,0,-1,-1,-1,-1,True,-1,-1,-1,-1,-1.0,-1
4424,0,-1,-1,-1,-1,True,-1,-1,-1,-1,-1.0,-1
4425,0,1,3,4,3,True,41,3,225,993,9.93,0
4426,0,1,3,4,4,True,39,4,97,1121,11.21,0
4427,0,1,3,4,16,True,39,5,51,1331,13.31,0
4428,0,1,3,4,34,True,100,15,27,3867,38.67,0
4429,0,1,3,4,33,False,166,10,207,2767,27.67,0
4430,0,1,3,4,17,False,131,0,1,1,0.01,219
4431,0,-1,-1,-1,-1,True,-1,-1,-1,-1,-1.0,-1
4432,0,1,3,4,4,True,94,6,212,1748,17.48,0
4433,0,1,3,4,16,True,95,5,12,1292,12.92,0
4434,0,1,3,4,32,True,99,0,172,172,1.72,0
4435,0,1,3,4,34,True,153,15,73,3913,39.13,0
4436,0,1,3,4,33,False,33,3,65,833,8.33,0
4437,0,1,3,4,16,False,24,5,190,1470,14.7,0
4438,0,1,3,4,17,False,24,5,46,1326,13.26,0
4439,0,1,3,4,3,True,25,4,142,1166,11.66,0
4440,0,1,3,4,4,True,24,5,168,1448,14.48,0
4441,0,1,3,4,16,True,24,5,25,1305,13.05,0
4442,0,1,3,4,34,True,33,3,43,811,8.11,0
4443,0,1,3,4,33,False,39,15,73,3913,39.13,0
4444,0,1,3,4,16,False,237,5,38,1318,13.18,0
4445,0,1,3,4,17,False,236,4,248,1272,12.72,0
4446,0,1,3,4,3,True,238,3,72,840,8.4,0
4447,0,1,3,4,4,True,237,5,15,1295,12.95,0
4448,0,1,3,4,16,True,236,4,228,1252,12.52,0
4449,0,1,3,4,34,True,39,15,50,3890,38.9,0
4450,0,1,3,4,33,False,36,15,33,3873,38.73,0
4451,0,1,3,4,16,False,5,13,0,3328,33.28,167772160
4452,0,-1,-1,-1,-1,True,-1,-1,-1,-1,-1.0,-1
4453,0,-1,-1,-1,-1,True,-1,-1,-1,-1,-1.0,-1
4454,0,-1,-1,-1,-1,True,-1,-1,-1,-1,-1.0,-1
4455,0,1,3,4,3,True,107,3,78,846,8.46,0
4456,0,1,3,4,4,True,105,5,198,1478,14.78,0
4457,0,1,3,4,16,True,106,4,22,1046,10.46,0
4458,0,1,3,4,34,True,165,15,42,3882,38.82,0
4459,0,1,3,4,33,False,84,2,91,603,6.03,0
4460,0,1,3,4,3,True,65,4,168,1192,11.92,0
4461,0,1,3,4,16,False,64,6,126,1662,16.62,0
4462,0,1,3,4,4,True,64,6,104,1640,16.4,0
4463,0,1,3,4,34,True,84,2,68,580,5.8,0
4464,0,1,3,4,33,False,254,15,194,4034,40.34,0
4465,0,1,3,4,16,False,201,3,6,774,7.74,189
4466,0,-1,-1,-1,-1,True,-1,-1,-1,-1,-1.0,-1
4467,0,1,3,4,17,False,211,4,141,1165,11.65,0
4468,0,1,3,4,3,True,212,5,179,1459,14.59,0
4469,0,1,3,4,4,True,211,6,167,1703,17.03,0
4470,0,1,3,4,16,True,211,4,120,1144,11.44,0
4471,0,1,3,4,34,True,220,3,43,811,8.11,0
4472,0,1,3,4,33,False,170,0,210,210,2.1,0
4473,0,1,3,4,16,False,131,4,183,1207,12.07,0
4474,0,1,3,4,17,False,129,6,45,1581,15.81,0
4475,0,1,3,4,3,True,132,4,15,1039,10.39,0
4476,0,1,3,4,4,True,130,4,185,1209,12.09,0
4477,0,1,3,4,16,True,129,6,23,1559,15.59,0
4478,0,1,3,4,34,True,169,0,188,188,1.88,0
4479,0,1,3,4,33,False,163,4,149,1173,11.73,0
4480,0,1,3,4,16,False,172,4,133,1157,11.57,0
4481,0,1,3,4,17,False,172,5,144,1424,14.24,0
4482,0,1,3,4,3,True,173,4,17,1041,10.41,0
4483,0,1,3,4,4,True,172,4,111,1135,11.35,0
4484,0,1,3,4,16,True,172,5,122,1402,14.02,0
4485,0,1,3,4,34,True,163,4,127,1151,11.51,0
4486,0,1,3,4,33,False,93,14,58,3642,36.42,0
4487,0,1,3,4,16,False,20,2,89,601,6.01,0
4488,0,1,3,4,17,False,234,3,245,1013,10.13,0
4489,0,1,3,4,3,True,239,1,97,353,3.53,0
4490,0,1,3,4,4,True,235,2,116,628,6.28,0
4491,0,1,3,4,16,True,234,3,224,992,9.92,0
4492,0,1,3,4,34,True,14,1,19,275,2.75,0
4493,0,1,3,4,33,False,95,14,73,3657,36.57,0
4494,0,1,3,4,16,False,249,5,134,1414,14.14,0
4495,0,1,3,4,3,True,251,4,190,1214,12.14,0
4496,0,1,3,4,4,True,249,5,159,1439,14.39,0
4497,0,1,3,4,16,True,249,5,112,1392,13.92,0
4498,0,1,3,4,32,True,252,1,167,423,4.23,0
4499,0,1,3,4,34,True,93,11,255,3071,30.71,0
4500,0,1,3,4,28,False,187,13,118,3446,34.46,0
4501,0,1,3,4,17,False,103,6,34,1570,15.7,0
4502,0,1,3,4,16,True,103,6,13,1549,15.49,0
4503,0,1,3,4,34,True,186,13,94,3422,34.22,0
4504,0,1,3,4,33,False,172,15,163,4003,40.03,0
4505,0,1,3,4,16,False,117,11,5,2821,28.21,53
4506,0,-1,-1,-1,-1,True,-1,-1,-1,-1,-1.0,-1
4507,0,1,3,4,17,False,122,5,198,1478,14.78,0
4508,0,1,3,4,3,True,123,5,14,1294,12.94,0
4509,0,1,3,4,4,True,123,4,158,1182,11.82,0
4510,0,1,3,4,16,True,122,5,178,1458,14.58,0
4511,0,1,3,4,34,True,188,14,184,3768,37.68,0
4512,0,1,3,4,33,False,5,12,195,3267,32.67,0
4513,0,1,3,4,15,False,173,4,44,1068,10.68,0
4514,0,1,3,4,16,False,5,2,0,512,5.12,167772160
4515,0,-1,-1,-1,-1,True,-1,-1,-1,-1,-1.0,-1
4516,0,-1,-1,-1,-1,True,-1,-1,-1,-1,-1.0,-1
4517,0,1,3,4,3,True,44,3,57,825,8.25,0
4518,0,1,3,4,4,True,43,5,60,1340,13.4,0
4519,0,1,3,4,16,True,43,5,212,1492,14.92,0
4520,0,1,3,4,34,True,98,15,146,3986,39.86,0
4521,0,1,3,4,33,False,57,9,65,2369,23.69,0
4522,0,1,3,4,16,False,179,3,229,997,9.97,0
4523,0,1,3,4,17,False,176,7,112,1904,19.04,0
4524,0,1,3,4,3,True,179,3,206,974,9.74,0
4525,0,1,3,4,4,True,177,3,23,791,7.91,0
4526,0,1,3,4,5,True,180,0,133,133,1.33,0
4527,0,1,3,4,16,True,176,7,91,1883,18.83,0
4528,0,1,3,4,34,True,57,9,42,2346,23.46,0
4529,0,1,3,2,57,False,9,0,0,0,0.0,0
4530,0,1,3,2,4,False,96,5,247,1527,15.27,0
4531,0,-1,-1,-1,-1,True,-1,-1,-1,-1,-1.0,-1
4532,0,-1,-1,-1,-1,True,-1,-1,-1,-1,-1.0,-1
4533,0,1,3,4,17,False,95,5,217,1497,14.97,0
4534,0,1,3,4,3,True,96,5,222,1502,15.02,0
4535,0,1,3,4,4,True,95,4,179,1203,12.03,0
4536,0,1,3,4,16,True,95,5,197,1477,14.77,0
4537,0,1,3,4,34,True,169,14,19,3603,36.03,0
4538,0,1,3,4,33,False,4,5,0,1280,12.8,167772160
4539,0,-1,-1,-1,-1,True,-1,-1,-1,-1,-1.0,-1
4540,0,-1,-1,-1,-1,True,-1,-1,-1,-1,-1.0,-1
4541,0,1,3,4,3,True,99,3,175,943,9.43,0
4542,0,1,3,4,4,True,97,4,14,1038,10.38,0
4543,0,1,3,4,16,True,97,5,84,1364,13.64,0
4544,0,1,3,4,34,True,136,0,180,180,1.8,0
4545,0,1,3,4,33,False,139,0,247,247,2.47,0
4546,0,1,3,4,16,False,101,3,195,963,9.63,0
4547,0,1,3,4,17,False,101,4,167,1191,11.91,0
4548,0,1,3,4,3,True,163,4,206,1230,12.3,0
4549,0,1,3,4,4,True,161,5,125,1405,14.05,0
4550,0,1,3,4,5,True,162,2,84,596,5.96,0
4551,0,1,3,4,16,True,161,4,145,1169,11.69,0
4552,0,1,3,4,34,True,244,13,91,3419,34.19,0
4553,0,1,3,4,33,False,249,3,72,840,8.4,0
4554,0,1,3,4,16,False,241,5,115,1395,13.95,0
4555,0,1,3,4,17,False,241,4,61,1085,10.85,0
4556,0,1,3,4,3,True,242,5,62,1342,13.42,0
4557,0,1,3,4,4,True,240,5,22,1302,13.02,0
4558,0,1,3,4,16,True,241,4,39,1063,10.63,0
4559,0,1,3,4,34,True,249,3,49,817,8.17,0
4560,0,1,3,4,33,False,186,3,27,795,7.95,0
4561,0,1,3,4,16,False,176,0,2,2,0.02,38
4562,0,-1,-1,-1,-1,True,-1,-1,-1,-1,-1.0,-1
4563,0,1,3,4,17,False,175,5,161,1441,14.41,0
4564,0,1,3,4,3,True,178,1,233,489,4.89,0
4565,0,1,3,4,4,True,176,2,4,516,5.16,0
4566,0,1,3,4,16,True,175,5,139,1419,14.19,0
4567,0,1,3,4,34,True,15,12,71,3143,31.43,0
4568,0,1,3,4,33,False,240,14,3,3587,35.87,0
4569,0,1,3,4,16,False,164,5,187,1467,14.67,0
4570,0,1,3,4,17,False,6,11,0,2816,28.16,167772160
4571,0,-1,-1,-1,-1,True,-1,-1,-1,-1,-1.0,-1
4572,0,-1,-1,-1,-1,True,-1,-1,-1,-1,-1.0,-1
4573,0,1,3,4,3,True,82,2,32,544,5.44,0
4574,0,1,3,4,4,True,80,6,21,1557,15.57,0
4575,0,1,3,4,16,True,79,5,123,1403,14.03,0
4576,0,1,3,4,34,True,95,2,152,664,6.64,0
4577,0,1,3,4,33,False,248,9,172,2476,24.76,0
4578,0,1,3,4,16,False,117,3,244,1012,10.12,0
4579,0,1,3,4,17,False,117,5,180,1460,14.6,0
4580,0,1,3,4,3,True,118,3,197,965,9.65,0
4581,0,1,3,4,4,True,117,3,30,798,7.98,0
4582,0,1,3,4,16,True,117,5,159,1439,14.39,0
4583,0,1,3,4,34,True,248,9,150,2454,24.54,0
4584,0,1,3,4,33,False,191,13,16,3344,33.44,0
4585,0,1,3,4,16,False,103,14,5,3589,35.89,234
4586,0,-1,-1,-1,-1,True,-1,-1,-1,-1,-1.0,-1
4587,0,1,3,4,17,False,157,5,69,1349,13.49,0
4588,0,1,3,4,3,True,159,4,251,1275,12.75,0
4589,0,1,3,4,4,True,158,5,212,1492,14.92,0
4590,0,1,3,4,16,True,157,5,49,1329,13.29,0
4591,0,1,3,4,34,True,0,12,46,3118,31.18,0
4592,0,1,3,4,33,False,87,12,152,3224,32.24,0
4593,0,1,3,4,16,False,250,1,107,363,3.63,0
4594,0,1,3,4,16,False,19,4,76,1100,11.0,0
4595,0,1,3,4,17,False,20,2,44,556,5.56,0
4596,0,1,3,4,4,True,19,4,53,1077,10.77,0
4597,0,1,3,4,16,True,20,13,26,3354,33.54,0
4598,0,1,3,4,3,True,158,4,52,1076,10.76,0
4599,0,1,3,4,4,True,157,5,211,1491,14.91,0
4600,0,1,3,4,16,True,158,3,149,917,9.17,0
4601,0,1,3,4,32,True,159,3,88,856,8.56,0
4602,0,1,3,4,34,True,244,13,3,3331,33.31,0
4603,0,1,3,4,33,False,63,11,106,2922,29.22,0
4604,0,1,3,1,63,False,0,0,0,0,0.0,0
4605,0,-1,-1,-1,-1,True,-1,-1,-1,-1,-1.0,-1
4606,0,-1,-1,-1,-1,True,-1,-1,-1,-1,-1.0,-1
4607,0,1,3,4,17,False,62,6,43,1579,15.79,0
4608,0,1,3,4,3,True,64,4,122,1146,11.46,0
4609,0,1,3,4,4,True,63,4,31,1055,10.55,0
4610,0,1,3,4,16,True,62,6,22,1558,15.58,0
4611,0,1,3,4,34,True,73,3,0,768,7.68,0
4612,0,1,3,4,33,False,198,2,220,732,7.32,0
4613,0,1,3,4,17,False,185,3,231,999,9.99,0
4614,0,1,3,4,4,True,186,0,173,173,1.73,0
4615,0,1,3,4,16,True,185,3,211,979,9.79,0
4616,0,1,3,4,34,True,198,2,198,710,7.1,0
4617,0,1,3,4,33,False,253,0,46,46,0.46,0
4618,0,1,3,4,17,False,206,4,155,1179,11.79,0
4619,0,1,3,4,15,False,208,6,87,1623,16.23,0
4620,0,1,3,4,16,False,205,6,172,1708,17.08,0
4621,0,1,3,4,3,True,206,6,104,1640,16.4,0
4622,0,1,3,4,4,True,205,6,150,1686,16.86,0
4623,0,1,3,4,16,True,205,4,134,1158,11.58,0
4624,0,1,3,4,34,True,253,0,23,23,0.23,0
4625,0,1,3,4,33,False,11,10,98,2658,26.58,0
4626,0,1,3,1,11,False,0,0,0,0,0.0,0
4627,0,1,3,2,34,False,4,0,0,0,0.0,0
4628,0,1,3,0,0,False,0,0,0,0,0.0,0
4629,0,1,3,0,0,False,0,0,0,0,0.0,0
4630,0,1,3,5,3,True,4,3,146,914,9.14,5
4631,0,1,3,6,4,False,132,0,5,5,0.05,1196
4632,0,1,3,0,0,False,0,0,0,0,0.0,0
4633,0,1,3,0,0,False,0,0,0,0,0.0,0
4634,0,1,3,4,42,True,4,0,147,147,1.47,0
4635,0,1,3,0,0,False,0,0,0,0,0.0,0
4636,0,1,3,6,4,False,162,10,10,2570,25.7,1100
4637,0,1,3,1,33,False,0,0,0,0,0.0,0
4638,0,1,3,7,59,False,4,0,40,40,0.4,267270
4639,0,1,3,1,40,False,0,0,0,0,0.0,0
4640,0,1,3,4,2,False,49,0,0,0,0.0,17432576
4641,0,113,0,0,0,False,0,0,10,10,0.1,0
4642,0,-1,-1,-1,-1,True,-1,-1,-1,-1,-1.0,-1
4643,0,-1,-1,-1,-1,True,-1,-1,-1,-1,-1.0,-1
4644,0,-1,-1,-1,-1,True,-1,-1,-1,-1,-1.0,-1
4645,0,-1,-1,-1,-1,True,-1,-1,-1,-1,-1.0,-1
4646,0,-1,-1,-1,-1,True,-1,-1,-1,-1,-1.0,-1
4647,0,-1,-1,-1,-1,True,-1,-1,-1,-1,-1.0,-1
4648,0,1,3,4,4,True,73,2,132,644,6.44,0
4649,0,1,3,4,16,True,72,6,93,1629,16.29,0
4650,0,1,3,4,34,True,98,1,196,452,4.52,0
4651,0,1,3,4,33,False,98,0,88,88,0.88,0
4652,0,1,3,4,3,True,2,10,0,2560,25.6,167772160
4653,0,-1,-1,-1,-1,True,-1,-1,-1,-1,-1.0,-1
4654,0,-1,-1,-1,-1,True,-1,-1,-1,-1,-1.0,-1
4655,0,-1,-1,-1,-1,True,-1,-1,-1,-1,-1.0,-1
4656,0,1,3,4,3,True,35,1,87,343,3.43,0
4657,0,1,3,4,4,True,33,2,18,530,5.3,0
4658,0,1,3,4,16,True,32,4,22,1046,10.46,0
4659,0,1,3,4,34,True,181,8,22,2070,20.7,0
4660,0,1,3,4,33,False,20,2,95,607,6.07,0
4661,0,1,3,4,15,False,2,4,169,1193,11.93,0
4662,0,1,3,4,16,False,255,6,251,1787,17.87,0
4663,0,1,3,4,17,False,0,5,114,1394,13.94,0
4664,0,1,3,4,3,True,0,4,240,1264,12.64,0
4665,0,1,3,4,4,True,255,6,229,1765,17.65,0
4666,0,1,3,4,16,True,0,5,92,1372,13.72,0
4667,0,1,3,4,34,True,19,2,73,585,5.85,0
4668,0,1,3,4,33,False,167,12,189,3261,32.61,0
4669,0,1,3,4,16,False,4,2,0,512,5.12,167772160
4670,0,-1,-1,-1,-1,True,-1,-1,-1,-1,-1.0,-1
4671,0,-1,-1,-1,-1,True,-1,-1,-1,-1,-1.0,-1
4672,0,1,3,4,4,True,176,5,131,1411,14.11,0
4673,0,1,3,4,16,True,176,4,189,1213,12.13,0
4674,0,1,3,4,32,True,180,0,124,124,1.24,0
4675,0,1,3,4,34,True,48,9,205,2509,25.09,0
4676,0,1,3,4,33,False,102,6,60,1596,15.96,0
4677,0,1,3,4,16,False,132,5,39,1319,13.19,0
4678,0,1,3,4,17,False,132,4,147,1171,11.71,0
4679,0,1,3,4,3,True,133,4,249,1273,12.73,0
4680,0,1,3,4,4,True,132,4,98,1122,11.22,0
4681,0,1,3,4,5,True,135,0,205,205,2.05,0
4682,0,1,3,4,16,True,132,4,127,1151,11.51,0
4683,0,1,3,4,34,True,102,6,37,1573,15.73,0
4684,0,1,3,4,33,False,0,6,203,1739,17.39,0
4685,0,1,3,4,3,True,20,5,37,1317,13.17,0
4686,0,1,3,4,4,True,20,6,180,1716,17.16,0
4687,0,1,3,4,5,True,22,0,88,88,0.88,0
4688,0,1,3,4,16,True,20,5,143,1423,14.23,0
4689,0,1,3,4,34,True,152,9,134,2438,24.38,0
4690,0,1,3,4,33,False,70,15,21,3861,38.61,0
4691,0,1,3,4,16,False,187,5,0,1280,12.8,0
4692,0,1,3,4,16,False,187,7,119,1911,19.11,0
4693,0,1,3,4,3,True,188,7,89,1881,18.81,0
4694,0,1,3,4,4,True,187,4,132,1156,11.56,0
4695,0,1,3,4,16,True,187,4,235,1259,12.59,0
4696,0,1,3,4,34,True,204,2,136,648,6.48,0
4697,0,1,3,4,33,False,136,14,181,3765,37.65,0
4698,0,1,3,4,16,False,70,4,238,1262,12.62,0
4699,0,1,3,4,17,False,69,5,235,1515,15.15,0
4700,0,1,3,4,3,True,71,3,2,770,7.7,0
4701,0,1,3,4,4,True,70,4,216,1240,12.4,0
4702,0,1,3,4,16,True,69,5,214,1494,14.94,0
4703,0,1,3,4,34,True,136,14,159,3743,37.43,0
4704,0,1,3,4,33,False,209,10,212,2772,27.72,0
4705,0,1,3,4,15,False,96,5,18,1298,12.98,0
4706,0,1,3,4,16,False,92,6,32,1568,15.68,0
4707,0,1,3,4,17,False,92,6,2,1538,15.38,0
4708,0,1,3,4,3,True,94,5,36,1316,13.16,0
4709,0,1,3,4,4,True,92,6,12,1548,15.48,0
4710,0,1,3,4,16,True,92,5,237,1517,15.17,0
4711,0,1,3,4,34,True,209,10,190,2750,27.5,0
4712,0,1,3,4,33,False,141,2,248,760,7.6,0
4713,0,1,3,4,15,False,136,1,39,295,2.95,0
4714,0,1,3,4,16,False,129,5,52,1332,13.32,0
4715,0,1,3,4,17,False,129,4,229,1253,12.53,0
4716,0,1,3,4,3,True,131,2,110,622,6.22,0
4717,0,1,3,4,4,True,129,5,29,1309,13.09,0
4718,0,1,3,4,5,True,132,1,132,388,3.88,0
4719,0,1,3,4,16,True,129,4,209,1233,12.33,0
4720,0,1,3,4,32,True,132,1,41,297,2.97,0
4721,0,1,3,4,34,True,141,2,226,738,7.38,0
4722,0,1,3,4,33,False,123,11,135,2951,29.51,0
4723,0,1,3,4,15,False,20,1,179,435,4.35,0
4724,0,1,3,4,16,False,16,5,25,1305,13.05,0
4725,0,1,3,4,17,False,57,4,250,1274,12.74,0
4726,0,1,3,4,16,False,57,7,160,1952,19.52,0
4727,0,1,3,4,3,True,58,3,215,983,9.83,0
4728,0,1,3,4,4,True,57,7,137,1929,19.29,0
4729,0,1,3,4,16,True,57,4,230,1254,12.54,0
4730,0,1,3,4,34,True,199,8,195,2243,22.43,0
4731,0,1,3,4,33,False,206,11,245,3061,30.61,0
4732,0,1,3,4,16,False,104,5,127,1407,14.07,0
4733,0,1,3,4,17,False,105,4,35,1059,10.59,0
4734,0,1,3,4,3,True,108,1,14,270,2.7,0
4735,0,1,3,4,4,True,104,5,105,1385,13.85,0
4736,0,1,3,4,16,True,105,4,15,1039,10.39,0
4737,0,1,3,4,34,True,206,11,223,3039,30.39,0
4738,0,1,3,4,33,False,55,3,35,803,8.03,0
4739,0,1,3,4,16,False,3,7,0,1792,17.92,167772160
4740,0,-1,-1,-1,-1,True,-1,-1,-1,-1,-1.0,-1
4741,0,-1,-1,-1,-1,True,-1,-1,-1,-1,-1.0,-1
4742,0,-1,-1,-1,-1,True,-1,-1,-1,-1,-1.0,-1
4743,0,1,3,4,4,True,236,2,204,716,7.16,0
4744,0,1,3,4,5,True,240,0,61,61,0.61,0
4745,0,1,3,4,16,True,236,3,192,960,9.6,0
4746,0,1,3,4,34,True,245,3,27,795,7.95,0
4747,0,1,3,4,33,False,161,4,134,1158,11.58,0
4748,0,1,3,1,33,True,0,0,0,0,0.0,0
4749,0,-1,-1,-1,-1,True,-1,-1,-1,-1,-1.0,-1
4750,0,1,3,4,17,False,242,5,165,1445,14.45,0
4751,0,1,3,4,3,True,243,4,111,1135,11.35,0
4752,0,1,3,4,4,True,243,5,119,1399,13.99,0
4753,0,1,3,4,16,True,242,5,143,1423,14.23,0
4754,0,1,3,4,34,True,85,12,38,3110,31.1,0
4755,0,1,3,4,33,False,22,4,147,1171,11.71,0
4756,0,1,3,4,15,False,35,3,235,1003,10.03,0
4757,0,1,3,4,16,False,30,5,151,1431,14.31,0
4758,0,1,3,4,17,False,30,6,28,1564,15.64,0
4759,0,1,3,4,3,True,32,5,40,1320,13.2,0
4760,0,1,3,4,4,True,30,5,127,1407,14.07,0
4761,0,1,3,4,16,True,30,6,7,1543,15.43,0
4762,0,1,3,4,34,True,22,4,124,1148,11.48,0
4763,0,1,3,4,33,False,106,5,2,1282,12.82,0
4764,0,1,3,4,17,False,171,4,24,1048,10.48,0
4765,0,1,3,4,16,True,171,4,4,1028,10.28,0
4766,0,1,3,4,34,True,106,4,235,1259,12.59,0
4767,0,1,3,4,33,False,23,1,174,430,4.3,0
4768,0,1,3,4,16,False,251,3,99,867,8.67,0
4769,0,1,3,4,17,False,250,5,32,1312,13.12,0
4770,0,1,3,4,3,True,253,2,195,707,7.07,0
4771,0,1,3,4,4,True,251,3,77,845,8.45,0
4772,0,1,3,4,16,True,250,5,12,1292,12.92,0
4773,0,1,3,4,34,True,23,1,150,406,4.06,0
4774,0,1,3,4,33,False,199,14,48,3632,36.32,0
4775,0,1,3,4,16,False,107,0,0,0,0.0,17432576
4776,0,193,0,0,0,False,0,0,10,10,0.1,118496257
4777,0,-1,-1,-1,-1,True,-1,-1,-1,-1,-1.0,-1
4778,0,-1,-1,-1,-1,True,-1,-1,-1,-1,-1.0,-1
4779,0,1,3,4,17,False,7,4,14,1038,10.38,0
4780,0,1,3,4,4,True,7,4,198,1222,12.22,0
4781,0,1,3,4,16,True,7,3,248,1016,10.16,0
4782,0,1,3,4,34,True,124,10,171,2731,27.31,0
4783,0,1,3,4,33,False,128,15,220,4060,40.6,0
4784,0,1,3,4,16,False,77,4,181,1205,12.05,0
4785,0,1,3,4,17,False,76,4,218,1242,12.42,0
4786,0,1,3,4,3,True,78,4,150,1174,11.74,0
4787,0,1,3,4,4,True,77,4,130,1154,11.54,0
4788,0,1,3,4,16,True,76,4,195,1219,12.19,0
4789,0,1,3,4,34,True,128,15,197,4037,40.37,0
4790,0,1,3,4,33,False,107,12,169,3241,32.41,0
4791,0,1,3,4,16,False,17,2,125,637,6.37,0
4792,0,1,3,4,17,False,15,5,32,1312,13.12,0
4793,0,1,3,4,4,True,17,2,103,615,6.15,0
4794,0,1,3,4,16,True,14,5,12,1292,12.92,0
4795,0,1,3,4,34,True,107,12,147,3219,32.19,0
4796,0,1,3,4,33,False,223,8,168,2216,22.16,0
4797,0,1,3,4,16,False,81,3,167,935,9.35,0
4798,0,1,3,4,17,False,80,4,246,1270,12.7,0
4799,0,1,3,4,3,True,83,1,173,429,4.29,0
4800,0,1,3,4,4,True,81,3,144,912,9.12,0
4801,0,1,3,4,16,True,80,4,225,1249,12.49,0
4802,0,1,3,4,34,True,223,8,146,2194,21.94,0
4803,0,1,3,4,33,False,123,9,142,2446,24.46,0
4804,0,1,3,4,16,False,247,5,64,1344,13.44,0
4805,0,1,3,4,17,False,247,2,193,705,7.05,0
4806,0,1,3,4,3,True,249,2,235,747,7.47,0
4807,0,1,3,4,4,True,247,5,42,1322,13.22,0
4808,0,1,3,4,16,True,247,2,173,685,6.85,0
4809,0,1,3,4,34,True,123,9,120,2424,24.24,0
4810,0,1,3,4,33,False,205,15,157,3997,39.97,0
4811,0,1,3,4,16,False,92,4,94,1118,11.18,0
4812,0,1,3,4,17,False,92,4,6,1030,10.3,0
4813,0,1,3,4,3,True,92,4,71,1095,10.95,0
4814,0,1,3,4,4,True,92,3,40,808,8.08,0
4815,0,1,3,4,16,True,92,3,242,1010,10.1,0
4816,0,1,3,4,34,True,125,1,38,294,2.94,0
4817,0,1,3,4,33,False,227,10,86,2646,26.46,0
4818,0,1,3,4,16,False,105,2,106,618,6.18,0
4819,0,1,3,4,17,False,90,5,181,1461,14.61,0
4820,0,1,3,4,3,True,95,2,14,526,5.26,0
4821,0,1,3,4,4,True,92,1,250,506,5.06,0
4822,0,1,3,4,16,True,90,5,161,1441,14.41,0
4823,0,1,3,4,34,True,113,2,9,521,5.21,0
4824,0,1,3,4,33,False,89,12,22,3094,30.94,0
4825,0,1,3,4,16,False,157,6,247,1783,17.83,0
4826,0,1,3,4,16,False,153,7,108,1900,19.0,0
4827,0,1,3,4,3,True,154,7,34,1826,18.26,0
4828,0,1,3,4,4,True,153,7,84,1876,18.76,0
4829,0,1,3,4,16,True,154,4,120,1144,11.44,0
4830,0,1,3,4,34,True,211,15,87,3927,39.27,0
4831,0,1,3,4,33,False,4,14,114,3698,36.98,0
4832,0,1,3,4,16,False,191,4,192,1216,12.16,0
4833,0,1,3,4,17,False,23,4,51,1075,10.75,0
4834,0,1,3,4,3,True,23,3,180,948,9.48,0
4835,0,1,3,4,4,True,22,4,170,1194,11.94,0
4836,0,1,3,4,16,True,23,4,30,1054,10.54,0
4837,0,1,3,4,34,True,48,1,215,471,4.71,0
4838,0,1,3,4,33,False,48,14,110,3694,36.94,0
4839,0,1,3,4,15,False,239,4,105,1129,11.29,0
4840,0,1,3,4,16,False,234,7,102,1894,18.94,0
4841,0,1,3,4,17,False,235,5,17,1297,12.97,0
4842,0,1,3,4,3,True,235,4,161,1185,11.85,0
4843,0,1,3,4,4,True,234,7,79,1871,18.71,0
4844,0,1,3,4,16,True,235,4,253,1277,12.77,0
4845,0,1,3,4,33,False,82,9,40,2344,23.44,0
4846,0,1,3,4,34,True,82,7,104,1896,18.96,0
4847,0,1,3,4,33,False,114,13,251,3579,35.79,0
4848,0,1,3,4,16,False,38,4,205,1229,12.29,0
4849,0,1,3,4,17,False,38,5,145,1425,14.25,0
4850,0,1,3,4,3,True,39,4,11,1035,10.35,0
4851,0,1,3,4,4,True,38,4,183,1207,12.07,0
4852,0,1,3,4,16,True,38,5,124,1404,14.04,0
4853,0,1,3,4,34,True,114,13,229,3557,35.57,0
4854,0,1,3,4,33,False,195,8,194,2242,22.42,0
4855,0,1,3,4,16,False,1,4,171,1195,11.95,0
4856,0,1,3,4,17,False,1,5,139,1419,14.19,0
4857,0,1,3,4,3,True,3,2,27,539,5.39,0
4858,0,1,3,4,4,True,1,4,149,1173,11.73,0
4859,0,1,3,4,16,True,0,5,119,1399,13.99,0
4860,0,1,3,4,34,True,195,8,171,2219,22.19,0
4861,0,1,3,4,33,False,9,14,58,3642,36.42,0
4862,0,1,3,4,15,False,197,3,233,1001,10.01,0
4863,0,1,3,4,16,False,3,11,0,2816,28.16,167772160
4864,0,-1,-1,-1,-1,True,-1,-1,-1,-1,-1.0,-1
4865,0,-1,-1,-1,-1,True,-1,-1,-1,-1,-1.0,-1
4866,0,-1,-1,-1,-1,True,-1,-1,-1,-1,-1.0,-1
4867,0,1,3,4,3,True,160,2,102,614,6.14,0
4868,0,1,3,4,4,True,158,3,84,852,8.52,0
4869,0,1,3,4,16,True,158,4,165,1189,11.89,0
4870,0,1,3,4,34,True,180,2,30,542,5.42,0
4871,0,1,3,4,33,False,230,15,197,4037,40.37,0
4872,0,1,3,4,16,False,177,5,123,1403,14.03,0
4873,0,1,3,4,17,False,176,4,126,1150,11.5,0
4874,0,1,3,4,3,True,178,5,85,1365,13.65,0
4875,0,1,3,4,4,True,176,4,66,1090,10.9,0
4876,0,1,3,4,16,True,176,4,105,1129,11.29,0
4877,0,1,3,4,34,True,230,15,174,4014,40.14,0
4878,0,1,3,4,33,False,127,12,71,3143,31.43,0
4879,0,1,3,4,16,False,29,1,9,265,2.65,31
4880,0,-1,-1,-1,-1,True,-1,-1,-1,-1,-1.0,-1
4881,0,1,3,4,16,False,182,6,64,1600,16.0,0
4882,0,1,3,4,17,False,182,5,130,1410,14.1,0
4883,0,1,3,4,4,True,182,6,42,1578,15.78,0
4884,0,1,3,4,16,True,182,5,109,1389,13.89,0
4885,0,1,3,4,34,True,65,9,9,2313,23.13,0
4886,0,1,3,4,33,False,25,5,138,1418,14.18,0
4887,0,1,3,4,16,False,47,4,1,1025,10.25,0
4888,0,1,3,4,17,False,46,5,176,1456,14.56,0
4889,0,1,3,4,3,True,49,3,191,959,9.59,0
4890,0,1,3,4,4,True,47,3,28,796,7.96,0
4891,0,1,3,4,16,True,45,5,156,1436,14.36,0
4892,0,1,3,4,34,True,25,5,115,1395,13.95,0
4893,0,1,3,4,33,False,146,13,48,3376,33.76,0
4894,0,1,3,4,16,False,61,3,81,849,8.49,0
4895,0,1,3,4,17,False,60,15,4,3844,38.44,152
4896,0,-1,-1,-1,-1,True,-1,-1,-1,-1,-1.0,-1
4897,0,1,3,4,17,False,190,5,67,1347,13.47,0
4898,0,1,3,4,3,True,193,2,85,597,5.97,0
4899,0,1,3,4,4,True,190,5,36,1316,13.16,0
4900,0,1,3,4,16,True,190,4,130,1154,11.54,0
4901,0,1,3,4,34,True,74,8,231,2279,22.79,0
4902,0,1,3,4,33,False,98,15,169,4009,40.09,0
4903,0,1,3,4,16,False,44,5,85,1365,13.65,0
4904,0,1,3,4,17,False,43,5,41,1321,13.21,0
4905,0,1,3,4,3,True,45,3,161,929,9.29,0
4906,0,1,3,4,4,True,44,5,68,1348,13.48,0
4907,0,1,3,4,5,True,44,2,22,534,5.34,0
4908,0,1,3,4,16,True,43,5,20,1300,13.0,0
4909,0,1,3,4,34,True,98,15,146,3986,39.86,0
4910,0,1,3,4,33,False,30,13,232,3560,35.6,0
4911,0,1,3,4,16,False,209,5,156,1436,14.36,0
4912,0,1,3,4,17,False,209,5,143,1423,14.23,0
4913,0,1,3,4,3,True,209,5,137,1417,14.17,0
4914,0,1,3,4,4,True,209,3,244,1012,10.12,0
4915,0,1,3,4,16,True,209,5,122,1402,14.02,0
4916,0,1,3,4,34,True,30,13,209,3537,35.37,0
4917,0,1,3,4,33,False,246,13,118,3446,34.46,0
4918,0,1,3,4,16,False,5,0,0,0,0.0,167772160
4919,0,-1,-1,-1,-1,True,-1,-1,-1,-1,-1.0,-1
4920,0,190,0,7,56,False,0,0,0,0,0.0,469830144
4921,0,-1,-1,-1,-1,True,-1,-1,-1,-1,-1.0,-1
4922,0,-1,-1,-1,-1,True,-1,-1,-1,-1,-1.0,-1
4923,0,1,3,4,4,True,190,7,98,1890,18.9,0
4924,0,1,3,4,16,True,191,5,27,1307,13.07,0
4925,0,1,3,4,34,True,238,0,36,36,0.36,0
4926,0,1,3,4,33,False,230,11,166,2982,29.82,0
4927,0,1,3,4,15,False,128,3,195,963,9.63,0
4928,0,1,3,4,16,False,124,14,0,3584,35.84,84
4929,0,-1,-1,-1,-1,True,-1,-1,-1,-1,-1.0,-1
4930,0,1,3,4,16,False,97,4,188,1212,12.12,0
4931,0,1,3,4,17,False,96,5,10,1290,12.9,0
4932,0,1,3,4,4,True,97,4,166,1190,11.9,0
4933,0,1,3,4,16,True,96,4,244,1268,12.68,0
4934,0,1,3,4,34,True,142,0,61,61,0.61,0
4935,0,1,3,4,33,False,91,6,17,1553,15.53,0
4936,0,1,3,4,15,False,174,2,233,745,7.45,0
4937,0,1,3,4,16,False,169,7,165,1957,19.57,0
4938,0,1,3,4,17,False,170,6,83,1619,16.19,0
4939,0,1,3,4,3,True,170,4,246,1270,12.7,0
4940,0,1,3,4,4,True,169,7,142,1934,19.34,0
4941,0,1,3,4,16,True,169,6,62,1598,15.98,0
4942,0,1,3,4,34,True,91,5,251,1531,15.31,0
4943,0,1,3,4,33,False,108,13,194,3522,35.22,0
4944,0,1,3,4,15,False,31,6,142,1678,16.78,0
4945,0,1,3,4,16,False,29,5,85,1365,13.65,0
4946,0,1,3,4,17,False,29,6,64,1600,16.0,0
4947,0,1,3,4,3,True,30,6,152,1688,16.88,0
4948,0,1,3,4,4,True,29,5,63,1343,13.43,0
4949,0,1,3,4,16,True,29,6,43,1579,15.79,0
4950,0,1,3,4,34,True,108,13,170,3498,34.98,0
4951,0,1,3,4,33,False,11,0,210,210,2.1,0
4952,0,1,3,4,15,False,229,6,122,1658,16.58,0
4953,0,1,3,4,16,False,228,6,61,1597,15.97,0
4954,0,1,3,4,17,False,227,5,49,1329,13.29,0
4955,0,1,3,4,3,True,229,6,101,1637,16.37,0
4956,0,1,3,4,4,True,228,6,39,1575,15.75,0
4957,0,1,3,4,16,True,227,5,29,1309,13.09,0
4958,0,1,3,4,34,True,11,0,186,186,1.86,0
4959,0,1,3,4,33,False,115,14,3,3587,35.87,0
4960,0,1,3,4,16,False,40,5,250,1530,15.3,0
4961,0,1,3,4,17,False,5,9,0,2304,23.04,167772160
4962,0,-1,-1,-1,-1,True,-1,-1,-1,-1,-1.0,-1
4963,0,-1,-1,-1,-1,True,-1,-1,-1,-1,-1.0,-1
4964,0,-1,-1,-1,-1,True,-1,-1,-1,-1,-1.0,-1
4965,0,-1,-1,-1,-1,True,-1,-1,-1,-1,-1.0,-1
4966,0,1,3,4,3,True,113,2,175,687,6.87,0
4967,0,1,3,4,4,True,111,5,66,1346,13.46,0
4968,0,1,3,4,16,True,112,3,176,944,9.44,0
4969,0,1,3,4,34,True,151,0,199,199,1.99,0
4970,0,1,3,4,33,False,39,3,7,775,7.75,0
4971,0,1,3,4,16,False,4,8,0,2048,20.48,167772160
4972,0,-1,-1,-1,-1,True,-1,-1,-1,-1,-1.0,-1
4973,0,-1,-1,-1,-1,True,-1,-1,-1,-1,-1.0,-1
4974,0,-1,-1,-1,-1,True,-1,-1,-1,-1,-1.0,-1
4975,0,-1,-1,-1,-1,True,-1,-1,-1,-1,-1.0,-1
4976,0,1,3,4,33,False,96,15,30,3870,38.7,0
4977,0,1,3,4,17,False,34,5,63,1343,13.43,0
4978,0,1,3,4,16,True,34,5,43,1323,13.23,0
4979,0,1,3,4,34,True,96,15,8,3848,38.48,0
4980,0,1,3,4,33,False,115,13,72,3400,34.0,0
4981,0,1,3,4,15,False,36,2,0,512,5.12,0
4982,0,1,3,4,16,False,31,5,238,1518,15.18,0
4983,0,1,3,4,17,False,30,3,201,969,9.69,0
4984,0,1,3,4,3,True,31,5,214,1494,14.94,0
4985,0,1,3,4,4,True,31,4,81,1105,11.05,0
4986,0,1,3,4,16,True,30,3,180,948,9.48,0
4987,0,1,3,4,34,True,115,13,48,3376,33.76,0
4988,0,1,3,4,33,False,4,13,115,3443,34.43,0
4989,0,1,3,4,17,False,179,4,226,1250,12.5,0
4990,0,1,3,4,16,True,179,4,206,1230,12.3,0
4991,0,1,3,4,34,True,4,13,93,3421,34.21,0
4992,0,1,3,4,33,False,79,1,214,470,4.7,0
4993,0,1,3,4,16,False,7,6,101,1637,16.37,0
4994,0,1,3,4,17,False,7,4,105,1129,11.29,0
4995,0,1,3,4,3,True,7,6,79,1615,16.15,0
4996,0,1,3,4,4,True,7,5,24,1304,13.04,0
4997,0,1,3,4,16,True,7,4,71,1095,10.95,0
4998,0,1,3,4,34,True,60,3,232,1000,10.0,0
4999,0,1,3,4,17,False,47,4,157,1181,11.81,0
5000,0,1,3,4,3,True,49,2,182,694,6.94,0
5001,0,1,3,4,4,True,47,3,208,976,9.76,0
5002,0,1,3,4,16,True,47,4,136,1160,11.6,0
5003,0,1,3,4,34,True,184,8,255,2303,23.03,0
5004,0,1,3,4,33,False,174,1,58,314,3.14,0
5005,0,1,3,4,17,False,140,5,114,1394,13.94,0
5006,0,1,3,4,16,False,140,6,245,1781,17.81,0
5007,0,1,3,4,3,True,141,4,70,1094,10.94,0
5008,0,1,3,4,4,True,140,6,222,1758,17.58,0
5009,0,1,3,4,16,True,139,5,93,1373,13.73,0
5010,0,1,3,4,34,True,174,6,0,1536,15.36,167772160
5011,0,-1,-1,-1,-1,True,-1,-1,-1,-1,-1.0,-1
5012,0,-1,-1,-1,-1,True,-1,-1,-1,-1,-1.0,-1
5013,0,-1,-1,-1,-1,True,-1,-1,-1,-1,-1.0,-1
5014,0,-1,-1,-1,-1,True,-1,-1,-1,-1,-1.0,-1
5015,0,-1,-1,-1,-1,True,-1,-1,-1,-1,-1.0,-1
5016,0,-1,-1,-1,-1,True,-1,-1,-1,-1,-1.0,-1
5017,0,1,3,4,16,True,56,5,247,1527,15.27,0
5018,0,1,3,4,34,True,101,0,94,94,0.94,0
5019,0,1,3,4,33,False,177,12,28,3100,31.0,0
5020,0,1,3,4,16,False,77,4,221,1245,12.45,0
5021,0,1,3,4,17,False,76,5,155,1435,14.35,0
5022,0,1,3,4,3,True,80,2,75,587,5.87,0
5023,0,1,3,4,4,True,77,4,207,1231,12.31,0
5024,0,1,3,4,16,True,76,5,135,1415,14.15,0
5025,0,1,3,4,34,True,177,12,5,3077,30.77,0
5026,0,-1,-1,-1,-1,True,-1,-1,-1,-1,-1.0,-1
5027,0,1,3,4,17,False,244,4,248,1272,12.72,0
5028,0,1,3,4,3,True,245,2,154,666,6.66,0
5029,0,1,3,4,4,True,244,5,10,1290,12.9,0
5030,0,1,3,4,16,True,244,4,227,1251,12.51,0
5031,0,1,3,4,34,True,110,10,66,2626,26.26,0
5032,0,1,3,4,33,False,181,11,231,3047,30.47,0
5033,0,1,3,4,15,False,84,3,4,772,7.72,0
5034,0,1,3,4,16,False,7,5,183,1463,14.63,0
5035,0,1,3,4,17,False,7,5,63,1343,13.43,0
5036,0,1,3,4,3,True,8,4,33,1057,10.57,0
5037,0,1,3,4,4,True,7,5,161,1441,14.41,0
5038,0,1,3,4,16,True,7,5,42,1322,13.22,0
5039,0,1,3,4,34,True,109,11,212,3028,30.28,0
5040,0,1,3,4,33,False,129,13,21,3349,33.49,0
5041,0,1,3,4,16,False,43,0,3,3,0.03,89
5042,0,-1,-1,-1,-1,True,-1,-1,-1,-1,-1.0,-1
5043,0,1,3,4,17,False,14,5,60,1340,13.4,0
5044,0,1,3,4,3,True,18,3,35,803,8.03,0
5045,0,1,3,4,4,True,16,1,157,413,4.13,0
5046,0,1,3,4,16,True,14,5,39,1319,13.19,0
5047,0,1,3,4,34,True,117,11,217,3033,30.33,0
5048,0,1,3,4,33,False,164,4,113,1137,11.37,0
5049,0,1,3,4,15,False,174,4,231,1255,12.55,0
5050,0,1,3,4,16,False,172,4,71,1095,10.95,0
5051,0,1,3,4,3,True,172,4,247,1271,12.71,0
5052,0,1,3,4,4,True,172,3,253,1021,10.21,0
5053,0,1,3,4,34,True,164,4,91,1115,11.15,0
5054,0,1,3,4,33,False,80,4,209,1233,12.33,0
5055,0,1,3,4,16,False,144,3,72,840,8.4,0
5056,0,1,3,4,17,False,1,5,174,1454,14.54,0
5057,0,1,3,4,3,True,5,1,54,310,3.1,0
5058,0,1,3,4,4,True,2,3,49,817,8.17,0
5059,0,1,3,4,16,True,1,5,154,1434,14.34,0
5060,0,1,3,4,34,True,60,15,66,3906,39.06,0
5061,0,1,3,4,33,False,189,3,224,992,9.92,0
5062,0,1,3,4,16,False,5,14,0,3584,35.84,167772160
5063,0,-1,-1,-1,-1,True,-1,-1,-1,-1,-1.0,-1
5064,0,-1,-1,-1,-1,True,-1,-1,-1,-1,-1.0,-1
5065,0,1,3,4,3,True,102,4,239,1263,12.63,0
5066,0,1,3,4,4,True,101,5,137,1417,14.17,0
5067,0,1,3,4,16,True,101,5,77,1357,13.57,0
5068,0,1,3,4,34,True,178,13,202,3530,35.3,0
5069,0,1,3,4,33,False,197,11,89,2905,29.05,0
5070,0,1,3,4,17,False,87,4,236,1260,12.6,0
5071,0,1,3,4,5,True,91,1,66,322,3.22,0
5072,0,1,3,4,16,True,87,4,215,1239,12.39,0
5073,0,1,3,4,34,True,197,11,66,2882,28.82,0
5074,0,1,3,4,28,False,239,12,132,3204,32.04,0
5075,0,1,3,4,16,False,145,10,8,2568,25.68,39
5076,0,-1,-1,-1,-1,True,-1,-1,-1,-1,-1.0,-1
5077,0,1,3,4,3,True,102,4,34,1058,10.58,0
5078,0,1,3,4,4,True,100,3,186,954,9.54,0
5079,0,1,3,4,16,True,100,5,118,1398,13.98,0
5080,0,1,3,4,32,True,104,0,115,115,1.15,0
5081,0,1,3,4,34,True,250,8,17,2065,20.65,0
5082,0,1,3,4,33,False,127,14,48,3632,36.32,0
5083,0,1,3,4,16,False,57,2,118,630,6.3,0
5084,0,1,3,4,3,True,58,2,69,581,5.81,0
5085,0,1,3,4,4,True,57,1,4,260,2.6,0
5086,0,1,3,4,34,True,127,14,26,3610,36.1,0
5087,0,1,3,4,33,False,188,11,56,2872,28.72,0
5088,0,1,3,4,16,False,76,4,254,1278,12.78,0
5089,0,1,3,4,17,False,77,5,36,1316,13.16,0
5090,0,1,3,4,3,True,77,4,53,1077,10.77,0
5091,0,1,3,4,4,True,76,4,232,1256,12.56,0
5092,0,1,3,4,16,True,77,5,14,1294,12.94,0
5093,0,1,3,4,34,True,188,11,33,2849,28.49,0
5094,0,1,3,4,33,False,219,15,68,3908,39.08,0
5095,0,1,3,4,16,False,160,4,29,1053,10.53,0
5096,0,1,3,4,17,False,159,6,82,1618,16.18,0
5097,0,1,3,4,3,True,162,1,173,429,4.29,0
5098,0,1,3,4,4,True,160,4,6,1030,10.3,0
5099,0,1,3,4,16,True,159,9,4,2308,23.08,208
5100,0,-1,-1,-1,-1,True,-1,-1,-1,-1,-1.0,-1
5101,0,1,3,4,17,False,73,5,120,1400,14.0,0
5102,0,1,3,4,3,True,73,5,227,1507,15.07,0
5103,0,1,3,4,4,True,74,2,98,610,6.1,0
5104,0,1,3,4,16,True,73,5,99,1379,13.79,0
5105,0,1,3,4,34,True,58,5,6,1286,12.86,0
5106,0,1,3,4,33,False,214,12,81,3153,31.53,0
5107,0,1,3,4,16,False,116,5,182,1462,14.62,0
5108,0,1,3,4,17,False,5,14,0,3584,35.84,167772160
5109,0,-1,-1,-1,-1,True,-1,-1,-1,-1,-1.0,-1
5110,0,-1,-1,-1,-1,True,-1,-1,-1,-1,-1.0,-1
5111,0,-1,-1,-1,-1,True,-1,-1,-1,-1,-1.0,-1
5112,0,1,3,4,3,True,19,5,47,1327,13.27,0
5113,0,1,3,4,4,True,19,3,182,950,9.5,0
5114,0,1,3,4,16,True,19,4,211,1235,12.35,0
5115,0,1,3,4,34,True,51,1,85,341,3.41,0
5116,0,1,3,4,33,False,28,5,208,1488,14.88,0
5117,0,1,3,1,28,False,0,0,0,0,0.0,0
5118,0,1,3,5,16,True,54,3,182,950,9.5,0
5119,0,-1,-1,-1,-1,True,-1,-1,-1,-1,-1.0,-1
5120,0,-1,-1,-1,-1,True,-1,-1,-1,-1,-1.0,-1
5121,0,1,3,4,3,True,55,3,134,902,9.02,0
5122,0,1,3,4,4,True,152,2,98,610,6.1,0
5123,0,1,3,4,16,True,52,5,78,1358,13.58,0
5124,0,1,3,4,34,True,145,12,161,3233,32.33,0
5125,0,1,3,4,33,False,17,10,2,2562,25.62,223
5126,0,-1,-1,-1,-1,True,-1,-1,-1,-1,-1.0,-1
5127,0,1,3,4,3,True,218,4,21,1045,10.45,0
5128,0,1,3,4,4,True,216,5,145,1425,14.25,0
5129,0,1,3,4,16,True,218,2,202,714,7.14,0
5130,0,1,3,4,34,True,196,5,122,1402,14.02,0
5131,0,1,3,4,33,False,246,3,38,806,8.06,0
5132,0,1,3,4,15,False,241,3,88,856,8.56,0
5133,0,1,3,4,16,False,236,6,148,1684,16.84,0
5134,0,1,3,4,17,False,236,6,204,1740,17.4,0
5135,0,1,3,4,3,True,237,5,14,1294,12.94,0
5136,0,1,3,4,4,True,236,6,125,1661,16.61,0
5137,0,1,3,4,16,True,236,6,182,1718,17.18,0
5138,0,1,3,4,34,True,246,3,16,784,7.84,0
5139,0,1,3,4,33,False,233,7,87,1879,18.79,0
5140,0,1,3,4,16,False,72,5,81,1361,13.61,0
5141,0,1,3,4,17,False,71,6,90,1626,16.26,0
5142,0,1,3,4,3,True,73,5,31,1311,13.11,0
5143,0,1,3,4,4,True,72,4,199,1223,12.23,0
5144,0,1,3,4,16,True,71,6,69,1605,16.05,0
5145,0,1,3,4,34,True,233,7,64,1856,18.56,0
5146,0,1,3,4,33,False,193,13,89,3417,34.17,0
5147,0,1,3,4,16,False,110,3,5,773,7.73,169
5148,0,-1,-1,-1,-1,True,-1,-1,-1,-1,-1.0,-1
5149,0,1,3,4,17,False,243,3,130,898,8.98,0
5150,0,1,3,4,3,True,244,3,231,999,9.99,0
5151,0,1,3,4,4,True,243,5,146,1426,14.26,0
5152,0,1,3,4,16,True,243,3,110,878,8.78,0
5153,0,1,3,4,34,True,135,8,63,2111,21.11,0
5154,0,1,3,4,33,False,217,10,245,2805,28.05,0
5155,0,1,3,4,16,False,103,4,181,1205,12.05,0
5156,0,1,3,4,17,False,103,5,83,1363,13.63,0
5157,0,1,3,4,3,True,104,3,210,978,9.78,0
5158,0,1,3,4,4,True,103,4,157,1181,11.81,0
5159,0,1,3,4,16,True,103,5,62,1342,13.42,0
5160,0,1,3,4,32,True,106,0,125,125,1.25,0
5161,0,1,3,4,34,True,217,10,222,2782,27.82,0
5162,0,1,3,4,33,False,165,3,63,831,8.31,0
5163,0,1,3,4,16,False,156,6,65,1601,16.01,0
5164,0,1,3,4,17,False,5,12,0,3072,30.72,167772160
5165,0,-1,-1,-1,-1,True,-1,-1,-1,-1,-1.0,-1
5166,0,30,0,0,0,False,0,0,10,10,0.1,0
5167,0,-1,-1,-1,-1,True,-1,-1,-1,-1,-1.0,-1
5168,0,-1,-1,-1,-1,True,-1,-1,-1,-1,-1.0,-1
5169,0,-1,-1,-1,-1,True,-1,-1,-1,-1,-1.0,-1
5170,0,-1,-1,-1,-1,True,-1,-1,-1,-1,-1.0,-1
5171,0,1,3,4,4,True,65,5,118,1398,13.98,0
5172,0,1,3,4,16,True,66,6,8,1544,15.44,0
5173,0,1,3,4,34,True,166,11,238,3054,30.54,0
5174,0,1,3,4,33,False,13,15,41,3881,38.81,0
5175,0,1,3,4,16,False,210,4,160,1184,11.84,0
5176,0,1,3,4,17,False,208,5,140,1420,14.2,0
5177,0,1,3,4,3,True,212,1,190,446,4.46,0
5178,0,1,3,4,4,True,209,4,154,1178,11.78,0
5179,0,1,3,4,16,True,208,5,120,1400,14.0,0
5180,0,1,3,4,34,True,13,15,18,3858,38.58,0
5181,0,1,3,4,33,False,117,10,139,2699,26.99,0
5182,0,1,3,4,16,False,253,3,4,772,7.72,178
5183,0,-1,-1,-1,-1,True,-1,-1,-1,-1,-1.0,-1
5184,0,1,3,4,17,False,3,5,39,1319,13.19,0
5185,0,1,3,4,3,True,4,5,185,1465,14.65,0
5186,0,1,3,4,4,True,3,4,106,1130,11.3,0
5187,0,1,2,4,15,False,216,1,89,345,3.45,0
5188,0,1,3,4,16,True,3,5,18,1298,12.98,0
5189,0,1,2,4,14,True,216,1,70,326,3.26,0
5190,0,1,3,4,33,False,74,2,3,515,5.15,124
5191,0,-1,-1,-1,-1,True,-1,-1,-1,-1,-1.0,-1
5192,0,1,3,4,16,False,43,6,230,1766,17.66,0
5193,0,1,3,4,3,True,35,4,20,1044,10.44,0
5194,0,1,3,4,4,True,33,6,207,1743,17.43,0
5195,0,1,3,4,16,True,34,3,103,871,8.71,0
5196,0,1,3,4,34,True,120,13,17,3345,33.45,0
5197,0,1,3,4,33,False,253,8,64,2112,21.12,0
5198,0,1,3,4,15,False,60,1,78,334,3.34,0
5199,0,1,3,4,16,False,224,5,42,1322,13.22,0
5200,0,1,3,4,17,False,224,6,19,1555,15.55,0
5201,0,1,3,4,3,True,226,3,163,931,9.31,0
5202,0,1,3,4,4,True,224,5,20,1300,13.0,0
5203,0,1,3,4,16,True,224,5,254,1534,15.34,0
5204,0,1,3,4,34,True,17,15,254,4094,40.94,0
5205,0,1,3,4,33,False,212,10,89,2649,26.49,0
5206,0,1,3,4,16,False,91,4,174,1198,11.98,0
5207,0,1,3,4,17,False,90,5,104,1384,13.84,0
5208,0,1,3,4,3,True,92,3,190,958,9.58,0
5209,0,1,3,4,4,True,91,4,152,1176,11.76,0
5210,0,1,3,4,16,True,90,5,83,1363,13.63,0
5211,0,1,3,4,34,True,212,10,67,2627,26.27,0
5212,0,1,3,4,28,False,183,10,76,2636,26.36,0
5213,0,1,3,4,16,False,60,4,187,1211,12.11,0
5214,0,1,3,4,17,False,59,4,249,1273,12.73,0
5215,0,1,3,4,3,True,60,4,165,1189,11.89,0
5216,0,1,3,4,4,True,60,4,52,1076,10.76,0
5217,0,1,3,4,16,True,59,4,227,1251,12.51,0
5218,0,1,3,4,34,True,183,10,53,2613,26.13,0
5219,0,1,3,4,33,False,110,14,158,3742,37.42,0
5220,0,1,3,4,16,False,43,3,182,950,9.5,0
5221,0,1,3,4,17,False,213,5,51,1331,13.31,0
5222,0,1,3,4,3,True,217,2,134,646,6.46,0
5223,0,1,3,4,4,True,215,3,159,927,9.27,0
5224,0,1,3,4,16,True,213,5,30,1310,13.1,0
5225,0,1,3,4,34,True,224,3,7,775,7.75,0
5226,0,1,3,4,33,False,236,3,38,806,8.06,0
5227,0,1,3,4,16,False,226,5,144,1424,14.24,0
5228,0,1,3,4,17,False,226,4,172,1196,11.96,0
5229,0,1,3,4,3,True,227,5,42,1322,13.22,0
5230,0,1,3,4,4,True,226,5,121,1401,14.01,0
5231,0,1,3,4,16,True,226,4,151,1175,11.75,0
5232,0,1,3,4,34,True,236,3,15,783,7.83,0
5233,0,1,3,4,33,False,125,15,239,4079,40.79,0
5234,0,1,3,4,15,False,76,4,116,1140,11.4,0
5235,0,1,3,4,16,False,74,6,104,1640,16.4,0
5236,0,1,3,4,17,False,74,4,141,1165,11.65,0
5237,0,1,3,4,3,True,74,4,210,1234,12.34,0
5238,0,1,3,4,4,True,74,6,79,1615,16.15,0
5239,0,1,3,4,16,True,74,4,121,1145,11.45,0
5240,0,1,3,4,34,True,125,15,216,4056,40.56,0
5241,0,1,3,4,33,False,69,12,226,3298,32.98,0
5242,0,1,3,4,16,False,235,2,4,516,5.16,152
5243,0,-1,-1,-1,-1,True,-1,-1,-1,-1,-1.0,-1
5244,0,1,3,4,17,False,113,3,235,1003,10.03,0
5245,0,1,3,4,3,True,116,1,59,315,3.15,0
5246,0,1,3,4,4,True,113,4,150,1174,11.74,0
5247,0,1,3,4,16,True,114,3,202,970,9.7,0
5248,0,1,3,4,34,True,65,7,151,1943,19.43,0
5249,0,1,3,4,33,False,40,13,153,3481,34.81,0
5250,0,1,3,4,16,False,215,6,189,1725,17.25,0
5251,0,1,3,4,17,False,215,5,128,1408,14.08,0
5252,0,1,3,4,3,True,217,3,231,999,9.99,0
5253,0,1,3,4,4,True,215,6,167,1703,17.03,0
5254,0,1,3,4,16,True,215,5,106,1386,13.86,0
5255,0,1,3,4,34,True,40,13,129,3457,34.57,0
5256,0,1,3,4,33,False,160,9,174,2478,24.78,0
5257,0,1,3,1,32,True,0,0,0,0,0.0,0
5258,0,1,3,1,46,True,0,0,0,0,0.0,0
5259,0,71,0,0,0,False,0,0,10,10,0.1,1
5260,0,175,0,0,0,False,0,0,10,10,0.1,0
5261,0,-1,-1,-1,-1,True,-1,-1,-1,-1,-1.0,-1
5262,0,-1,-1,-1,-1,True,-1,-1,-1,-1,-1.0,-1
5263,0,1,3,4,4,True,110,7,49,1841,18.41,0
5264,0,1,3,4,16,True,111,6,155,1691,16.91,0
5265,0,1,3,4,34,True,130,2,94,606,6.06,0
5266,0,1,3,4,33,False,224,1,20,276,2.76,0
5267,0,1,3,4,17,False,188,4,68,1092,10.92,0
5268,0,1,3,4,16,False,187,7,101,1893,18.93,0
5269,0,1,3,4,3,True,189,4,8,1032,10.32,0
5270,0,1,3,4,4,True,187,7,79,1871,18.71,0
5271,0,1,3,4,16,True,188,4,48,1072,10.72,0
5272,0,1,3,4,32,True,190,1,85,341,3.41,0
5273,0,1,3,4,34,True,224,0,254,254,2.54,0
5274,0,1,3,4,33,False,227,13,248,3576,35.76,0
5275,0,1,3,4,17,False,151,3,228,996,9.96,0
5276,0,1,3,4,16,False,151,7,6,1798,17.98,0
5277,0,1,3,4,3,True,153,1,186,442,4.42,0
5278,0,1,3,4,4,True,151,6,240,1776,17.76,0
5279,0,1,3,4,16,True,151,3,208,976,9.76,0
5280,0,1,3,4,34,True,227,13,226,3554,35.54,0
5281,0,1,3,4,33,False,56,9,28,2332,23.32,0
5282,0,1,3,1,56,False,0,0,0,0,0.0,0
5283,0,1,3,1,28,False,0,0,0,0,0.0,0
5284,0,1,3,4,3,False,134,0,0,0,0.0,17432576
5285,0,-1,-1,-1,-1,True,-1,-1,-1,-1,-1.0,-1
5286,0,1,3,4,3,True,55,1,84,340,3.4,0
5287,0,1,3,4,4,True,53,3,112,880,8.8,0
5288,0,1,3,4,16,True,52,5,23,1303,13.03,0
5289,0,1,3,4,34,True,58,3,82,850,8.5,0
5290,0,1,3,4,33,False,250,14,198,3782,37.82,0
5291,0,1,3,4,16,False,4,7,0,1792,17.92,167772160
5292,0,-1,-1,-1,-1,True,-1,-1,-1,-1,-1.0,-1
5293,0,-1,-1,-1,-1,True,-1,-1,-1,-1,-1.0,-1
5294,0,-1,-1,-1,-1,True,-1,-1,-1,-1,-1.0,-1
5295,0,1,3,4,3,True,67,3,175,943,9.43,0
5296,0,1,3,4,4,True,66,4,209,1233,12.33,0
5297,0,1,3,4,16,True,65,4,75,1099,10.99,0
5298,0,1,3,4,34,True,36,6,27,1563,15.63,0
5299,0,1,3,4,33,False,101,1,57,313,3.13,0
5300,0,1,3,4,3,True,68,4,237,1261,12.61,0
5301,0,1,3,4,16,False,67,6,163,1699,16.99,0
5302,0,1,3,4,17,False,66,6,20,1556,15.56,0
5303,0,1,3,4,4,True,67,6,141,1677,16.77,0
5304,0,1,3,4,5,True,69,1,211,467,4.67,0
5305,0,1,3,4,16,True,66,6,0,1536,15.36,0
5306,0,1,3,4,34,True,101,1,35,291,2.91,0
5307,0,1,3,4,33,False,193,3,30,798,7.98,0
5308,0,1,3,4,16,False,57,4,212,1236,12.36,0
5309,0,1,3,4,17,False,56,4,74,1098,10.98,0
5310,0,1,3,4,3,True,60,1,124,380,3.8,0
5311,0,1,3,4,4,True,57,4,190,1214,12.14,0
5312,0,1,3,4,16,True,56,4,54,1078,10.78,0
5313,0,1,3,4,34,True,141,13,53,3381,33.81,0
5314,0,1,3,4,33,False,173,10,234,2794,27.94,0
5315,0,1,3,4,16,False,59,4,60,1084,10.84,0
5316,0,1,3,4,17,False,58,4,222,1246,12.46,0
5317,0,1,3,4,3,True,60,3,165,933,9.33,0
5318,0,1,3,4,4,True,58,4,37,1061,10.61,0
5319,0,1,3,4,16,True,57,4,202,1226,12.26,0
5320,0,1,3,4,34,True,173,10,211,2771,27.71,0
5321,0,1,3,4,33,False,210,7,131,1923,19.23,0
5322,0,1,3,4,3,True,5,12,0,3072,30.72,167772160
5323,0,-1,-1,-1,-1,True,-1,-1,-1,-1,-1.0,-1
5324,0,-1,-1,-1,-1,True,-1,-1,-1,-1,-1.0,-1
5325,0,1,3,4,3,True,49,3,208,976,9.76,0
5326,0,1,3,4,4,True,48,4,245,1269,12.69,0
5327,0,1,3,4,16,True,47,5,48,1328,13.28,0
5328,0,1,3,4,34,True,86,0,210,210,2.1,0
5329,0,1,3,4,33,False,12,10,119,2679,26.79,0
5330,0,1,3,4,15,False,152,3,187,955,9.55,0
5331,0,1,3,4,16,False,147,5,200,1480,14.8,0
5332,0,1,3,4,17,False,147,6,7,1543,15.43,0
5333,0,1,3,4,3,True,148,4,47,1071,10.71,0
5334,0,1,3,4,4,True,147,5,178,1458,14.58,0
5335,0,1,3,4,16,True,147,5,240,1520,15.2,0
5336,0,1,3,4,34,True,12,10,97,2657,26.57,0
5337,0,1,3,4,33,False,131,11,48,2864,28.64,0
5338,0,1,3,4,15,False,26,3,111,879,8.79,0
5339,0,1,3,4,16,False,20,4,204,1228,12.28,0
5340,0,1,3,4,17,False,19,6,252,1788,17.88,0
5341,0,1,3,4,3,True,22,3,159,927,9.27,0
5342,0,1,3,4,4,True,20,4,182,1206,12.06,0
5343,0,1,3,4,16,True,19,6,230,1766,17.66,0
5344,0,1,3,4,34,True,131,11,26,2842,28.42,0
5345,0,1,3,4,33,False,36,1,233,489,4.89,0
5346,0,1,3,4,16,False,10,4,141,1165,11.65,0
5347,0,1,3,4,17,False,10,4,163,1187,11.87,0
5348,0,1,3,4,3,True,11,4,103,1127,11.27,0
5349,0,1,3,4,4,True,10,3,91,859,8.59,0
5350,0,1,3,4,5,True,14,0,185,185,1.85,0
5351,0,1,3,4,16,True,10,4,140,1164,11.64,0
5352,0,1,3,4,34,True,36,1,209,465,4.65,0
5353,0,1,3,4,33,False,64,3,116,884,8.84,0
5354,0,1,3,4,15,False,63,2,53,565,5.65,0
5355,0,1,3,4,16,False,58,13,4,3332,33.32,123
5356,0,-1,-1,-1,-1,True,-1,-1,-1,-1,-1.0,-1
5357,0,1,3,4,17,False,236,5,155,1435,14.35,0
5358,0,1,3,4,3,True,238,4,76,1100,11.0,0
5359,0,1,3,4,4,True,237,4,81,1105,11.05,0
5360,0,1,3,4,16,True,236,5,135,1415,14.15,0
5361,0,1,3,4,34,True,1,2,71,583,5.83,0
5362,0,1,3,4,33,False,193,9,127,2431,24.31,0
5363,0,1,3,4,16,False,60,4,253,1277,12.77,0
5364,0,1,3,4,17,False,60,5,38,1318,13.18,0
5365,0,1,3,4,4,True,60,4,232,1256,12.56,0
5366,0,1,3,4,16,True,60,5,15,1295,12.95,0
5367,0,1,3,4,34,True,193,9,105,2409,24.09,0
5368,0,1,3,4,33,False,17,14,52,3636,36.36,0
5369,0,1,3,4,16,False,200,6,131,1667,16.67,0
5370,0,1,3,4,17,False,199,5,145,1425,14.25,0
5371,0,1,3,4,3,True,200,6,98,1634,16.34,0
5372,0,1,3,4,4,True,199,4,25,1049,10.49,0
5373,0,1,3,4,16,True,199,5,123,1403,14.03,0
5374,0,1,3,4,34,True,17,14,29,3613,36.13,0
5375,0,1,3,4,33,False,17,0,158,158,1.58,0
5376,0,1,3,4,16,False,4,15,0,3840,38.4,167772160
5377,0,-1,-1,-1,-1,True,-1,-1,-1,-1,-1.0,-1
5378,0,179,0,7,6,False,0,0,0,0,0.0,469830144
5379,0,-1,-1,-1,-1,True,-1,-1,-1,-1,-1.0,-1
5380,0,-1,-1,-1,-1,True,-1,-1,-1,-1,-1.0,-1
5381,0,1,3,4,4,True,178,7,48,1840,18.4,0
5382,0,1,3,4,16,True,179,4,158,1182,11.82,0
5383,0,1,3,4,17,False,60,4,207,1231,12.31,0
5384,0,1,3,4,3,True,61,4,137,1161,11.61,0
5385,0,1,3,4,4,True,61,4,21,1045,10.45,0
5386,0,1,3,4,16,True,60,4,185,1209,12.09,0
5387,0,1,3,4,34,True,138,13,201,3529,35.29,0
5388,0,1,3,4,33,False,67,12,38,3110,31.1,0
5389,0,1,3,4,16,False,148,13,178,3506,35.06,0
5390,0,1,3,4,33,False,84,15,114,3954,39.54,0
5391,0,1,3,4,16,False,27,4,24,1048,10.48,0
5392,0,1,3,4,3,True,29,2,171,683,6.83,0
5393,0,1,3,4,4,True,27,4,2,1026,10.26,0
5394,0,1,3,4,34,True,84,15,90,3930,39.3,0
5395,0,1,3,4,33,False,175,3,252,1020,10.2,0
5396,0,1,3,4,16,False,177,15,5,3845,38.45,216
5397,0,-1,-1,-1,-1,True,-1,-1,-1,-1,-1.0,-1
5398,0,1,3,4,3,True,161,4,6,1030,10.3,0
5399,0,1,3,4,4,True,159,4,178,1202,12.02,0
5400,0,1,3,4,5,True,162,0,86,86,0.86,0
5401,0,1,3,4,16,True,159,5,195,1475,14.75,0
5402,0,1,3,4,34,True,249,12,214,3286,32.86,0
5403,0,1,3,4,33,False,180,11,126,2942,29.42,0
5404,0,1,3,4,16,False,72,0,0,0,0.0,218103808
5405,0,-1,-1,-1,-1,True,-1,-1,-1,-1,-1.0,-1
5406,0,157,0,4,17,False,151,5,216,1496,14.96,0
5407,0,-1,-1,-1,-1,True,-1,-1,-1,-1,-1.0,-1
5408,0,-1,-1,-1,-1,True,-1,-1,-1,-1,-1.0,-1
5409,0,-1,-1,-1,-1,True,-1,-1,-1,-1,-1.0,-1
5410,0,-1,-1,-1,-1,True,-1,-1,-1,-1,-1.0,-1
5411,0,1,3,4,3,True,151,6,126,1662,16.62,0
5412,0,1,3,4,4,True,151,4,105,1129,11.29,0
5413,0,1,3,4,16,True,151,5,196,1476,14.76,0
5414,0,1,3,4,34,True,197,0,60,60,0.6,0
5415,0,1,3,4,17,False,107,1,203,459,4.59,0
5416,0,1,3,4,16,False,28,2,157,669,6.69,20993
5417,0,-1,-1,-1,-1,True,-1,-1,-1,-1,-1.0,-1
5418,0,-1,-1,-1,-1,True,-1,-1,-1,-1,-1.0,-1
5419,0,1,3,4,33,False,88,11,105,2921,29.21,0
5420,0,1,3,4,16,False,236,5,151,1431,14.31,0
5421,0,1,3,4,17,False,235,5,147,1427,14.27,0
5422,0,1,3,4,3,True,236,4,101,1125,11.25,0
5423,0,1,3,4,4,True,236,5,134,1414,14.14,0
5424,0,1,3,4,16,True,235,5,125,1405,14.05,0
5425,0,1,3,4,32,True,240,0,112,112,1.12,0
5426,0,1,3,4,34,True,88,11,83,2899,28.99,0
5427,0,1,3,4,33,False,52,11,168,2984,29.84,0
5428,0,1,3,4,16,False,203,12,2,3074,30.74,145
5429,0,-1,-1,-1,-1,True,-1,-1,-1,-1,-1.0,-1
5430,0,1,3,4,16,False,151,5,150,1430,14.3,0
5431,0,1,3,4,17,False,152,4,96,1120,11.2,0
5432,0,1,3,4,3,True,152,5,39,1319,13.19,0
5433,0,1,3,4,4,True,151,5,128,1408,14.08,0
5434,0,1,3,4,16,True,152,4,75,1099,10.99,0
5435,0,1,3,4,34,True,247,12,93,3165,31.65,0
5436,0,1,3,4,33,False,122,15,246,4086,40.86,0
5437,0,1,3,4,15,False,77,2,233,745,7.45,0
5438,0,1,3,4,16,False,72,5,143,1423,14.23,0
5439,0,1,3,4,17,False,71,5,42,1322,13.22,0
5440,0,1,3,4,3,True,73,5,104,1384,13.84,0
5441,0,1,3,4,4,True,72,3,201,969,9.69,0
5442,0,1,3,4,16,True,71,5,21,1301,13.01,0
5443,0,1,3,4,32,True,74,1,107,363,3.63,0
5444,0,1,3,4,34,True,122,15,223,4063,40.63,0
5445,0,1,3,4,33,False,78,13,79,3407,34.07,0
5446,0,1,3,4,16,False,249,4,51,1075,10.75,0
5447,0,1,3,4,17,False,41,5,252,1532,15.32,0
5448,0,1,3,4,3,True,41,4,22,1046,10.46,0
5449,0,1,3,4,4,True,41,4,22,1046,10.46,0
5450,0,1,3,4,16,True,41,5,232,1512,15.12,0
5451,0,1,3,4,34,True,87,0,63,63,0.63,0
5452,0,1,3,4,33,False,192,8,224,2272,22.72,0
5453,0,1,3,4,16,False,51,4,239,1263,12.63,0
5454,0,1,3,4,17,False,50,4,187,1211,12.11,0
5455,0,1,3,4,3,True,52,4,203,1227,12.27,0
5456,0,1,3,4,4,True,51,4,99,1123,11.23,0
5457,0,1,3,4,16,True,50,4,165,1189,11.89,0
5458,0,1,3,4,34,True,192,8,201,2249,22.49,0
5459,0,1,3,4,33,False,40,12,91,3163,31.63,0
5460,0,1,3,4,16,False,199,5,193,1473,14.73,0
5461,0,1,3,4,17,False,141,0,0,0,0.0,17432576
5462,0,29,0,0,0,False,0,0,10,10,0.1,0
5463,0,-1,-1,-1,-1,True,-1,-1,-1,-1,-1.0,-1
5464,0,-1,-1,-1,-1,True,-1,-1,-1,-1,-1.0,-1
5465,0,1,3,4,34,True,182,15,78,3918,39.18,0
5466,0,1,3,4,33,False,205,10,134,2694,26.94,0
5467,0,1,3,4,16,False,85,5,7,1287,12.87,0
5468,0,1,3,4,3,True,126,3,181,949,9.49,0
5469,0,1,3,4,4,True,85,4,241,1265,12.65,0
5470,0,1,3,4,34,True,205,10,113,2673,26.73,0
5471,0,1,3,4,33,False,226,13,44,3372,33.72,0
5472,0,1,3,1,34,True,0,0,0,0,0.0,0
5473,0,1,3,5,44,False,4,0,140,140,1.4,6
5474,0,1,3,7,4,False,17,11,5,2821,28.21,8586493
5475,0,1,3,5,5,False,170,4,132,1156,11.56,139
5476,0,1,3,6,16,False,4,0,139,139,1.39,59397
5477,0,1,3,4,33,False,189,9,25,2329,23.29,0
5478,0,1,3,4,16,False,5,15,0,3840,38.4,167772160
5479,0,-1,-1,-1,-1,True,-1,-1,-1,-1,-1.0,-1
5480,0,-1,-1,-1,-1,True,-1,-1,-1,-1,-1.0,-1
5481,0,1,3,4,5,True,172,1,210,466,4.66,0
5482,0,1,3,4,16,True,169,6,84,1620,16.2,0
5483,0,1,3,4,32,True,171,0,230,230,2.3,0
5484,0,1,3,4,34,True,212,0,121,121,1.21,0
5485,0,1,3,4,33,False,226,13,142,3470,34.7,0
5486,0,1,3,4,16,False,144,5,64,1344,13.44,0
5487,0,1,3,4,17,False,144,5,56,1336,13.36,0
5488,0,1,3,4,3,True,145,5,26,1306,13.06,0
5489,0,1,3,4,4,True,144,5,8,1288,12.88,0
5490,0,1,3,4,16,True,144,5,33,1313,13.13,0
5491,0,1,3,4,34,True,226,13,120,3448,34.48,0
5492,0,1,3,4,33,False,166,0,129,129,1.29,0
5493,0,1,3,4,16,False,122,7,5,1797,17.97,45
5494,0,-1,-1,-1,-1,True,-1,-1,-1,-1,-1.0,-1
5495,0,1,3,4,3,True,185,2,216,728,7.28,0
5496,0,1,3,4,4,True,184,6,71,1607,16.07,0
5497,0,1,3,4,5,True,188,0,107,107,1.07,0
5498,0,1,3,4,16,True,183,5,25,1305,13.05,0
5499,0,1,3,4,34,True,5,13,196,3524,35.24,0
5500,0,1,3,4,20,False,45,11,220,3036,30.36,0
5501,0,1,3,4,16,False,198,5,96,1376,13.76,0
5502,0,1,3,4,17,False,103,5,71,1351,13.51,0
5503,0,1,3,4,3,True,104,4,50,1074,10.74,0
5504,0,1,3,4,4,True,103,5,77,1357,13.57,0
5505,0,1,3,4,16,True,103,5,50,1330,13.3,0
5506,0,1,3,4,34,True,197,12,129,3201,32.01,0
5507,0,1,3,4,33,False,15,0,42,42,0.42,0
5508,0,1,3,4,16,False,223,5,131,1411,14.11,0
5509,0,1,3,4,17,False,223,5,88,1368,13.68,0
5510,0,1,3,4,3,True,224,4,80,1104,11.04,0
5511,0,1,3,4,4,True,223,5,111,1391,13.91,0
5512,0,1,3,4,16,True,223,5,67,1347,13.47,0
5513,0,1,3,4,34,True,15,0,20,20,0.2,0
5514,0,1,3,4,33,False,30,1,217,473,4.73,0
5515,0,1,3,4,16,False,4,5,230,1510,15.1,0
5516,0,1,3,4,17,False,19,4,41,1065,10.65,0
5517,0,1,3,4,3,True,18,5,150,1430,14.3,0
5518,0,1,3,4,4,True,17,5,208,1488,14.88,0
5519,0,1,3,4,16,True,19,4,21,1045,10.45,0
5520,0,1,3,4,34,True,55,0,215,215,2.15,0
5521,0,1,3,4,33,False,78,0,192,192,1.92,0
5522,0,1,3,4,15,False,41,2,138,650,6.5,0
5523,0,1,3,4,16,False,39,3,131,899,8.99,0
5524,0,1,3,4,17,False,37,5,138,1418,14.18,0
5525,0,1,3,4,3,True,38,3,110,878,8.78,0
5526,0,1,3,4,4,True,37,2,242,754,7.54,0
5527,0,1,3,4,16,True,37,5,117,1397,13.97,0
5528,0,1,3,4,34,True,78,0,168,168,1.68,0
5529,0,1,3,4,33,False,90,7,214,2006,20.06,0
5530,0,1,3,4,16,False,193,4,20,1044,10.44,0
5531,0,1,3,4,17,False,191,5,70,1350,13.5,0
5532,0,1,3,4,17,False,165,6,119,1655,16.55,0
5533,0,1,3,4,3,True,167,5,33,1313,13.13,0
5534,0,1,3,4,4,True,166,4,252,1276,12.76,0
5535,0,1,3,4,16,True,165,3,154,922,9.22,0
5536,0,1,3,4,17,False,170,6,86,1622,16.22,0
5537,0,1,3,4,3,True,173,3,106,874,8.74,0
5538,0,1,3,4,4,True,172,1,231,487,4.87,0
5539,0,1,3,4,16,True,170,6,65,1601,16.01,0
5540,0,1,3,4,34,True,35,10,105,2665,26.65,0
5541,0,1,3,4,33,False,204,3,79,847,8.47,0
5542,0,1,3,4,17,False,196,3,208,976,9.76,0
5543,0,1,3,4,16,False,196,6,153,1689,16.89,0
5544,0,1,3,4,3,True,197,5,214,1494,14.94,0
5545,0,1,3,4,4,True,196,6,130,1666,16.66,0
5546,0,1,3,4,16,True,196,3,188,956,9.56,0
5547,0,1,3,4,32,True,198,0,229,229,2.29,0
5548,0,1,3,4,34,True,204,3,56,824,8.24,0
5549,0,1,3,4,33,False,116,9,30,2334,23.34,0
5550,0,1,3,4,15,False,238,5,124,1404,14.04,0
5551,0,1,3,4,16,False,234,5,114,1394,13.94,0
5552,0,1,3,4,17,False,234,5,81,1361,13.61,0
5553,0,1,3,4,3,True,234,5,173,1453,14.53,0
5554,0,1,3,4,4,True,234,5,84,1364,13.64,0
5555,0,1,3,4,16,True,234,5,61,1341,13.41,0
5556,0,1,3,4,34,True,116,9,6,2310,23.1,0
5557,0,1,3,4,33,False,249,10,25,2585,25.85,0
5558,0,1,3,4,17,False,185,3,108,876,8.76,0
5559,0,1,3,4,17,False,184,6,16,1552,15.52,0
5560,0,1,3,4,3,True,188,1,119,375,3.75,0
5561,0,1,3,4,4,True,185,3,86,854,8.54,0
5562,0,1,3,4,16,True,184,5,251,1531,15.31,0
5563,0,1,3,4,34,True,47,10,137,2697,26.97,0
5564,0,1,3,4,33,False,240,3,107,875,8.75,0
5565,0,1,3,4,16,False,235,2,160,672,6.72,0
5566,0,1,3,4,17,False,233,5,99,1379,13.79,0
5567,0,1,3,4,3,True,236,2,112,624,6.24,0
5568,0,1,3,4,4,True,235,2,30,542,5.42,0
5569,0,1,3,4,16,True,233,5,78,1358,13.58,0
5570,0,1,3,4,34,True,240,3,85,853,8.53,0
5571,0,1,3,4,33,False,203,10,227,2787,27.87,0
5572,0,1,3,4,16,False,89,2,136,648,6.48,0
5573,0,1,3,4,17,False,88,5,59,1339,13.39,0
5574,0,1,3,4,3,True,90,2,34,546,5.46,0
5575,0,1,3,4,4,True,89,2,114,626,6.26,0
5576,0,1,3,4,16,True,88,5,37,1317,13.17,0
5577,0,1,3,4,34,True,203,10,205,2765,27.65,0
5578,0,1,3,4,33,False,23,14,197,3781,37.81,0
5579,0,1,3,4,16,False,215,3,216,984,9.84,0
5580,0,1,3,4,17,False,213,4,222,1246,12.46,0
5581,0,1,3,4,3,True,216,2,211,723,7.23,0
5582,0,1,3,4,4,True,214,3,208,976,9.76,0
5583,0,1,3,4,5,True,214,1,224,480,4.8,0
5584,0,1,3,4,16,True,212,4,202,1226,12.26,0
5585,0,1,3,4,34,True,23,14,174,3758,37.58,0
5586,0,1,3,4,33,False,177,15,178,4018,40.18,0
5587,0,1,3,4,16,False,123,4,120,1144,11.44,0
5588,0,1,3,4,17,False,4,14,0,3584,35.84,167772160
5589,0,-1,-1,-1,-1,True,-1,-1,-1,-1,-1.0,-1
5590,0,-1,-1,-1,-1,True,-1,-1,-1,-1,-1.0,-1
5591,0,1,3,4,3,True,226,2,137,649,6.49,0
5592,0,1,3,4,4,True,224,4,166,1190,11.9,0
5593,0,1,3,4,16,True,224,5,36,1316,13.16,0
5594,0,1,3,4,34,True,240,2,149,661,6.61,0
5595,0,1,3,4,33,False,133,4,77,1101,11.01,0
5596,0,1,3,4,34,True,133,4,55,1079,10.79,0
5597,0,1,3,4,33,False,133,14,140,3724,37.24,0
5598,0,1,3,4,16,False,180,4,250,1274,12.74,0
5599,0,1,3,4,17,False,180,4,253,1277,12.77,0
5600,0,1,3,4,3,True,180,4,141,1165,11.65,0
5601,0,1,3,4,4,True,180,4,231,1255,12.55,0
5602,0,1,3,4,16,True,180,4,231,1255,12.55,0
5603,0,1,3,4,34,True,248,14,117,3701,37.01,0
5604,0,1,3,4,33,False,198,4,69,1093,10.93,0
5605,0,1,3,4,16,False,202,3,214,982,9.82,0
5606,0,1,3,4,17,False,202,5,87,1367,13.67,0
5607,0,1,3,4,3,True,204,3,159,927,9.27,0
5608,0,1,3,4,4,True,202,3,63,831,8.31,0
5609,0,1,3,4,16,True,202,5,66,1346,13.46,0
5610,0,1,3,4,34,True,198,4,46,1070,10.7,0
5611,0,1,3,4,33,False,59,15,67,3907,39.07,0
5612,0,1,3,4,16,False,10,1,28,284,2.84,587340560
5613,0,-1,-1,-1,-1,True,-1,-1,-1,-1,-1.0,-1
5614,0,-1,-1,-1,-1,True,-1,-1,-1,-1,-1.0,-1
5615,0,-1,-1,-1,-1,True,-1,-1,-1,-1,-1.0,-1
5616,0,-1,-1,-1,-1,True,-1,-1,-1,-1,-1.0,-1
5617,0,1,3,4,17,False,24,6,43,1579,15.79,0
5618,0,1,3,4,3,True,29,1,62,318,3.18,0
5619,0,1,3,4,4,True,25,2,43,555,5.55,0
5620,0,1,3,4,16,True,24,6,22,1558,15.58,0
5621,0,1,3,4,34,True,73,0,3,3,0.03,0
5622,0,1,3,4,33,False,29,12,97,3169,31.69,0
5623,0,1,3,4,16,False,191,4,76,1100,11.0,0
5624,0,1,3,4,17,False,77,4,95,1119,11.19,0
5625,0,1,3,4,17,False,76,5,137,1417,14.17,0
5626,0,1,3,4,3,True,78,4,50,1074,10.74,0
5627,0,1,3,4,4,True,76,3,36,804,8.04,0
5628,0,1,3,4,16,True,76,5,117,1397,13.97,0
5629,0,1,3,4,34,True,100,1,238,494,4.94,0
5630,0,1,3,4,33,False,116,8,210,2258,22.58,0
5631,0,1,3,4,16,False,230,3,220,988,9.88,0
5632,0,1,3,4,17,False,68,5,137,1417,14.17,0
5633,0,1,3,4,3,True,71,1,191,447,4.47,0
5634,0,1,3,4,4,True,68,3,197,965,9.65,0
5635,0,1,3,4,16,True,68,5,117,1397,13.97,0
5636,0,1,3,4,34,True,105,0,222,222,2.22,0
5637,0,1,3,4,33,False,196,12,97,3169,31.69,0
5638,0,1,3,4,16,False,100,4,202,1226,12.26,0
5639,0,1,3,4,17,False,99,10,1,2561,25.61,3087393308
5640,0,-1,-1,-1,-1,True,-1,-1,-1,-1,-1.0,-1
5641,0,1,3,5,36,True,1,1,4,260,2.6,144
5642,0,1,3,2,4,False,217,0,0,0,0.0,0
5643,0,1,3,4,32,True,230,0,146,146,1.46,0
5644,0,1,3,4,34,True,57,13,9,3337,33.37,0
5645,0,1,3,4,33,False,226,8,233,2281,22.81,0
5646,0,1,3,4,16,False,86,4,6,1030,10.3,0
5647,0,1,3,4,17,False,85,4,139,1163,11.63,0
5648,0,1,3,4,3,True,87,3,182,950,9.5,0
5649,0,1,3,4,4,True,86,3,240,1008,10.08,0
5650,0,1,3,4,16,True,85,4,117,1141,11.41,0
5651,0,1,3,4,34,True,226,8,211,2259,22.59,0
5652,0,1,3,4,33,False,67,15,113,3953,39.53,0
5653,0,1,3,4,15,False,14,2,17,529,5.29,0
5654,0,1,3,4,16,False,10,5,23,1303,13.03,0
5655,0,1,3,4,17,False,10,5,30,1310,13.1,0
5656,0,1,3,4,3,True,11,4,90,1114,11.14,0
5657,0,1,3,4,4,True,10,5,5,1285,12.85,0
5658,0,1,3,4,16,True,10,5,7,1287,12.87,0
5659,0,1,3,4,34,True,67,15,90,3930,39.3,0
5660,0,1,3,2,3,False,15,0,0,0,0.0,0
5661,0,1,3,2,4,False,16,0,0,0,0.0,0
5662,0,-1,-1,-1,-1,True,-1,-1,-1,-1,-1.0,-1
5663,0,-1,-1,-1,-1,True,-1,-1,-1,-1,-1.0,-1
5664,0,-1,-1,-1,-1,True,-1,-1,-1,-1,-1.0,-1
5665,0,1,3,4,34,True,170,11,239,3055,30.55,0
5666,0,1,3,4,33,False,12,13,20,3348,33.48,0
5667,0,1,3,4,17,False,181,4,61,1085,10.85,0
5668,0,1,3,4,16,True,181,4,41,1065,10.65,0
5669,0,1,3,4,34,True,12,12,254,3326,33.26,0
5670,0,1,3,4,33,False,243,10,63,2623,26.23,0
5671,0,1,3,4,16,False,119,5,209,1489,14.89,0
5672,0,1,3,4,17,False,163,5,112,1392,13.92,0
5673,0,1,3,4,3,True,163,5,56,1336,13.36,0
5674,0,1,3,4,4,True,163,5,186,1466,14.66,0
5675,0,1,3,4,16,True,163,5,91,1371,13.71,0
5676,0,1,3,4,34,True,77,6,128,1664,16.64,0
5677,0,1,3,4,33,False,235,2,216,728,7.28,0
5678,0,1,3,4,3,True,222,3,164,932,9.32,0
5679,0,1,3,4,16,False,221,6,114,1650,16.5,0
5680,0,1,3,4,17,False,221,6,79,1615,16.15,0
5681,0,1,3,4,4,True,221,6,95,1631,16.31,0
5682,0,1,3,4,16,True,221,6,58,1594,15.94,0
5683,0,1,3,4,34,True,235,2,193,705,7.05,0
5684,0,1,3,4,33,False,45,0,127,127,1.27,0
5685,0,1,3,4,16,False,2,3,228,996,9.96,0
5686,0,1,3,4,17,False,1,5,179,1459,14.59,0
5687,0,1,3,4,3,True,4,3,32,800,8.0,0
5688,0,1,3,4,4,True,2,3,206,974,9.74,0
5689,0,1,3,4,16,True,1,5,159,1439,14.39,0
5690,0,1,3,4,34,True,45,0,104,104,1.04,0
5691,0,1,3,4,33,False,24,13,181,3509,35.09,0
5692,0,1,3,4,17,False,60,4,179,1203,12.03,0
5693,0,1,3,4,16,False,60,6,95,1631,16.31,0
5694,0,1,3,4,3,True,62,3,74,842,8.42,0
5695,0,1,3,4,4,True,60,6,72,1608,16.08,0
5696,0,1,3,4,16,True,60,4,159,1183,11.83,0
5697,0,1,3,4,34,True,155,12,113,3185,31.85,0
5698,0,1,3,4,33,False,102,8,183,2231,22.31,0
5699,0,1,3,4,15,False,221,2,242,754,7.54,0
5700,0,1,3,4,16,False,215,4,89,1113,11.13,0
5701,0,1,3,4,17,False,215,5,97,1377,13.77,0
5702,0,1,3,4,3,True,217,3,51,819,8.19,0
5703,0,1,3,4,4,True,215,4,67,1091,10.91,0
5704,0,1,3,4,16,True,215,5,77,1357,13.57,0
5705,0,1,3,4,34,True,102,8,160,2208,22.08,0
5706,0,1,3,4,33,False,22,5,171,1451,14.51,0
5707,0,1,3,4,16,False,47,4,14,1038,10.38,0
5708,0,1,3,4,17,False,45,4,193,1217,12.17,0
5709,0,1,3,4,4,True,46,4,7,1031,10.31,0
5710,0,1,3,4,16,True,3,2,0,512,5.12,167772160
5711,0,-1,-1,-1,-1,True,-1,-1,-1,-1,-1.0,-1
5712,0,-1,-1,-1,-1,True,-1,-1,-1,-1,-1.0,-1
5713,0,-1,-1,-1,-1,True,-1,-1,-1,-1,-1.0,-1
5714,0,-1,-1,-1,-1,True,-1,-1,-1,-1,-1.0,-1
5715,0,-1,-1,-1,-1,True,-1,-1,-1,-1,-1.0,-1
5716,0,1,3,4,3,True,163,3,200,968,9.68,0
5717,0,1,3,4,4,True,122,3,147,915,9.15,0
5718,0,1,3,4,16,True,123,2,232,744,7.44,0
5719,0,1,3,4,34,True,248,10,10,2570,25.7,0
5720,0,1,3,4,33,False,114,14,113,3697,36.97,0
5721,0,1,3,4,16,False,46,3,151,919,9.19,0
5722,0,1,3,4,17,False,45,4,221,1245,12.45,0
5723,0,1,3,4,4,True,46,3,127,895,8.95,0
5724,0,1,3,4,16,True,44,4,201,1225,12.25,0
5725,0,1,3,4,34,True,114,14,91,3675,36.75,0
5726,0,1,3,4,33,False,72,15,61,3901,39.01,0
5727,0,1,3,4,16,False,12,5,75,1355,13.55,0
5728,0,1,3,4,17,False,11,4,237,1261,12.61,0
5729,0,1,3,4,3,True,13,3,43,811,8.11,0
5730,0,1,3,4,4,True,12,5,51,1331,13.31,0
5731,0,1,3,4,5,True,16,1,139,395,3.95,0
5732,0,1,3,4,16,True,11,4,216,1240,12.4,0
5733,0,1,3,4,34,True,72,15,38,3878,38.78,0
5734,0,1,3,4,33,False,5,0,137,137,1.37,0
5735,0,1,3,4,16,False,218,5,101,1381,13.81,0
5736,0,1,3,4,17,False,217,12,5,3077,30.77,163
5737,0,-1,-1,-1,-1,True,-1,-1,-1,-1,-1.0,-1
5738,0,1,3,4,4,True,91,4,152,1176,11.76,0
5739,0,1,3,4,16,True,91,6,173,1709,17.09,0
5740,0,1,3,4,31,True,94,0,157,157,1.57,0
5741,0,1,3,4,32,True,92,2,145,657,6.57,0
5742,0,1,3,4,34,True,105,2,180,692,6.92,0
5743,0,1,3,4,28,False,43,11,180,2996,29.96,0
5744,0,1,3,4,16,False,195,3,135,903,9.03,0
5745,0,1,3,4,17,False,194,5,237,1517,15.17,0
5746,0,1,3,4,3,True,195,2,205,717,7.17,0
5747,0,1,3,4,4,True,196,3,98,866,8.66,0
5748,0,1,3,4,16,True,194,5,216,1496,14.96,0
5749,0,1,3,4,34,True,43,11,155,2971,29.71,0
5750,0,1,3,4,28,False,239,9,207,2511,25.11,0
5751,0,1,3,4,47,True,9,15,4,3844,38.44,0
5752,0,1,3,0,0,False,0,0,0,0,0.0,0
5753,0,1,3,5,6,False,12,4,131,1155,11.55,110
5754,0,1,3,4,7,True,4,4,109,1133,11.33,0
5755,0,1,3,5,53,True,4,0,109,109,1.09,5
5756,0,1,3,6,4,False,160,15,1,3841,38.41,1278
5757,0,1,3,2,47,True,9,0,0,0,0.0,0
5758,0,1,3,0,0,False,0,0,0,0,0.0,0
5759,0,1,3,4,33,False,175,0,28,28,0.28,0
5760,0,1,3,4,3,True,126,4,82,1106,11.06,0
5761,0,1,3,4,16,False,125,7,240,2032,20.32,0
5762,0,1,3,4,17,False,125,6,127,1663,16.63,0
5763,0,1,3,4,4,True,125,7,217,2009,20.09,0
5764,0,1,3,4,16,True,125,6,107,1643,16.43,0
5765,0,1,3,4,34,True,175,0,6,6,0.06,0
5766,0,1,3,4,33,False,133,5,77,1357,13.57,0
5767,0,1,3,4,16,False,5,5,0,1280,12.8,167772160
5768,0,-1,-1,-1,-1,True,-1,-1,-1,-1,-1.0,-1
5769,0,1,21,4,0,False,0,0,0,0,0.0,2216427786
5770,0,-1,-1,-1,-1,True,-1,-1,-1,-1,-1.0,-1
5771,0,-1,-1,-1,-1,True,-1,-1,-1,-1,-1.0,-1
5772,0,-1,-1,-1,-1,True,-1,-1,-1,-1,-1.0,-1
5773,0,-1,-1,-1,-1,True,-1,-1,-1,-1,-1.0,-1
5774,0,1,3,4,5,True,11,1,102,358,3.58,0
5775,0,1,3,4,16,True,8,5,33,1313,13.13,0
5776,0,1,3,4,34,True,239,5,201,1481,14.81,0
5777,0,1,3,4,33,False,33,14,8,3592,35.92,0
5778,0,1,3,4,16,False,214,4,182,1206,12.06,0
5779,0,1,3,4,17,False,214,5,192,1472,14.72,0
5780,0,1,3,4,3,True,217,3,1,769,7.69,0
5781,0,1,3,4,4,True,214,4,158,1182,11.82,0
5782,0,1,3,4,16,True,214,5,170,1450,14.5,0
5783,0,1,3,4,34,True,33,13,241,3569,35.69,0
5784,0,1,3,4,33,False,74,10,234,2794,27.94,0
5785,0,1,3,4,15,False,222,1,115,371,3.71,0
5786,0,1,3,4,16,False,216,4,235,1259,12.59,0
5787,0,1,3,4,17,False,215,3,149,917,9.17,0
5788,0,1,3,4,3,True,217,2,114,626,6.26,0
5789,0,1,3,4,4,True,215,4,234,1258,12.58,0
5790,0,1,3,4,16,True,216,3,112,880,8.8,0
5791,0,1,3,4,34,True,74,10,212,2772,27.72,0
5792,0,1,3,4,33,False,86,7,55,1847,18.47,0
5793,0,1,3,4,16,False,129,5,142,1422,14.22,0
5794,0,1,3,4,17,False,4,3,237,1005,10.05,0
5795,0,1,3,4,3,True,6,5,110,1390,13.9,0
5796,0,1,3,4,4,True,5,3,197,965,9.65,0
5797,0,1,3,4,16,True,4,3,216,984,9.84,0
5798,0,1,3,4,34,True,147,8,174,2222,22.22,0
5799,0,1,3,4,33,False,186,15,214,4054,40.54,0
5800,0,1,3,4,17,False,136,2,241,753,7.53,0
5801,0,1,3,4,16,False,133,7,155,1947,19.47,0
5802,0,1,3,4,3,True,134,4,186,1210,12.1,0
5803,0,1,3,4,4,True,133,7,133,1925,19.25,0
5804,0,1,3,4,16,True,136,2,220,732,7.32,0
5805,0,1,3,4,34,True,186,15,192,4032,40.32,0
5806,0,1,3,4,33,False,159,2,41,553,5.53,0
5807,0,1,3,4,15,False,140,4,176,1200,12.0,0
5808,0,1,3,4,16,False,137,6,22,1558,15.58,0
5809,0,1,3,4,17,False,136,7,146,1938,19.38,0
5810,0,1,3,4,3,True,3,5,0,1280,12.8,167772160
5811,0,-1,-1,-1,-1,True,-1,-1,-1,-1,-1.0,-1
5812,0,-1,-1,-1,-1,True,-1,-1,-1,-1,-1.0,-1
5813,0,1,3,4,3,True,150,2,219,731,7.31,0
5814,0,1,3,4,4,True,148,3,15,783,7.83,0
5815,0,1,3,4,16,True,147,5,47,1327,13.27,0
5816,0,1,3,4,34,True,147,3,220,988,9.88,0
5817,0,1,3,4,33,False,121,1,137,393,3.93,0
5818,0,1,3,4,3,True,92,4,48,1072,10.72,0
5819,0,1,3,4,16,False,91,6,121,1657,16.57,0
5820,0,1,3,4,17,False,90,6,14,1550,15.5,0
5821,0,1,3,4,4,True,91,6,98,1634,16.34,0
5822,0,1,3,4,16,True,90,5,250,1530,15.3,0
5823,0,1,3,4,34,True,121,1,113,369,3.69,0
5824,0,1,3,4,33,False,38,9,131,2435,24.35,0
5825,0,1,3,4,16,False,160,4,48,1072,10.72,0
5826,0,1,3,4,17,False,161,5,153,1433,14.33,0
5827,0,1,3,4,3,True,162,3,251,1019,10.19,0
5828,0,1,3,4,4,True,160,3,52,820,8.2,0
5829,0,1,3,4,16,True,160,5,132,1412,14.12,0
5830,0,1,3,4,34,True,38,9,108,2412,24.12,0
5831,0,1,3,4,33,False,167,3,59,827,8.27,0
5832,0,1,3,4,16,False,160,4,78,1102,11.02,0
5833,0,1,3,4,17,False,158,4,160,1184,11.84,0
5834,0,1,3,4,3,True,161,4,35,1059,10.59,0
5835,0,1,3,4,4,True,160,4,23,1047,10.47,0
5836,0,1,3,4,16,True,158,4,137,1161,11.61,0
5837,0,1,3,4,34,True,167,3,37,805,8.05,0
5838,0,1,3,4,33,False,1,10,152,2712,27.12,0
5839,0,1,3,4,16,False,138,13,3,3331,33.31,5
5840,0,-1,-1,-1,-1,True,-1,-1,-1,-1,-1.0,-1
5841,0,1,3,4,16,False,108,7,54,1846,18.46,0
5842,0,1,3,4,17,False,108,6,182,1718,17.18,0
5843,0,1,3,4,4,True,108,7,31,1823,18.23,0
5844,0,1,3,4,16,True,108,6,161,1697,16.97,0
5845,0,1,3,4,34,True,91,5,53,1333,13.33,0
5846,0,1,3,4,33,False,7,15,144,3984,39.84,0
5847,0,1,3,4,16,False,207,2,4,516,5.16,24
5848,0,-1,-1,-1,-1,True,-1,-1,-1,-1,-1.0,-1
5849,0,1,3,4,16,False,129,6,64,1600,16.0,0
5850,0,1,3,4,3,True,130,6,24,1560,15.6,0
5851,0,1,3,4,4,True,129,5,121,1401,14.01,0
5852,0,1,3,4,16,True,130,4,4,1028,10.28,0
5853,0,1,3,4,34,True,6,9,113,2417,24.17,0
5854,0,1,3,4,28,False,98,7,149,1941,19.41,0
5855,0,1,3,4,15,False,202,2,56,568,5.68,0
5856,0,1,3,4,16,False,196,5,117,1397,13.97,0
5857,0,1,3,4,17,False,196,4,63,1087,10.87,0
5858,0,1,3,4,3,True,196,5,94,1374,13.74,0
5859,0,1,3,4,4,True,197,3,16,784,7.84,0
5860,0,1,3,4,16,True,196,4,43,1067,10.67,0
5861,0,1,3,4,32,True,199,1,129,385,3.85,0
5862,0,1,3,4,34,True,98,7,126,1918,19.18,0
5863,0,1,3,4,33,False,6,3,91,859,8.59,0
5864,0,1,3,4,16,False,0,3,0,768,7.68,167772160
5865,0,-1,-1,-1,-1,True,-1,-1,-1,-1,-1.0,-1
5866,0,25,0,3,5,True,0,0,0,0,0.0,469830144
5867,0,-1,-1,-1,-1,True,-1,-1,-1,-1,-1.0,-1
5868,0,-1,-1,-1,-1,True,-1,-1,-1,-1,-1.0,-1
5869,0,1,3,4,4,True,25,3,175,943,9.43,0
5870,0,1,3,4,16,True,26,3,210,978,9.78,0
5871,0,1,3,4,34,True,69,0,93,93,0.93,0
5872,0,1,3,4,33,False,113,2,131,643,6.43,0
5873,0,1,3,4,17,False,95,5,121,1401,14.01,0
5874,0,1,3,4,16,False,96,7,166,1958,19.58,0
5875,0,1,3,4,3,True,97,2,220,732,7.32,0
5876,0,1,3,4,4,True,96,7,144,1936,19.36,0
5877,0,1,3,4,16,True,95,5,100,1380,13.8,0
5878,0,1,3,4,33,False,87,14,24,3608,36.08,0
5879,0,1,3,4,34,True,87,0,111,111,1.11,0
5880,0,1,3,4,33,False,234,3,165,933,9.33,0
5881,0,1,3,4,16,False,230,6,74,1610,16.1,0
5882,0,1,3,4,17,False,232,3,188,956,9.56,0
5883,0,1,3,4,3,True,233,2,57,569,5.69,0
5884,0,1,3,4,4,True,230,6,51,1587,15.87,0
5885,0,1,3,4,16,True,232,3,168,936,9.36,0
5886,0,1,3,4,34,True,234,3,143,911,9.11,0
5887,0,1,3,4,33,False,216,13,78,3406,34.06,0
5888,0,1,3,1,24,True,0,0,0,0,0.0,0
5889,0,1,3,5,14,False,4,0,131,131,1.31,5
5890,0,1,3,1,4,False,0,0,0,0,0.0,0
5891,0,1,3,1,3,True,0,0,0,0,0.0,0
5892,0,1,3,6,31,True,4,4,131,1155,11.55,49413
5893,0,1,3,4,16,True,131,6,201,1737,17.37,0
5894,0,1,3,4,34,True,216,13,55,3383,33.83,0
5895,0,1,3,4,33,False,193,0,220,220,2.2,0
5896,0,1,3,1,1,True,0,0,0,0,0.0,0
5897,0,1,3,0,0,False,0,0,0,0,0.0,0
5898,0,1,3,4,4,False,16,9,7,2311,23.11,0
5899,0,1,3,3,4,False,17,9,0,2304,23.04,0
5900,0,1,3,6,4,False,4,4,153,1177,11.77,45831
5901,0,1,3,4,16,True,153,5,238,1518,15.18,0
5902,0,1,3,4,34,True,193,0,197,197,1.97,0
5903,0,1,3,4,33,False,32,1,197,453,4.53,0
5904,0,1,3,4,16,False,6,3,11,779,7.79,0
5905,0,1,3,4,17,False,5,5,111,1391,13.91,0
5906,0,1,3,4,3,True,7,2,219,731,7.31,0
5907,0,1,3,4,4,True,6,2,124,636,6.36,0
5908,0,1,3,4,16,True,5,5,90,1370,13.7,0
5909,0,1,3,4,34,True,32,1,174,430,4.3,0
5910,0,1,3,4,33,False,4,11,166,2982,29.82,0
5911,0,1,3,4,16,False,153,4,45,1069,10.69,0
5912,0,1,3,4,17,False,153,5,53,1333,13.33,0
5913,0,1,3,4,3,True,156,1,168,424,4.24,0
5914,0,1,3,4,4,True,153,4,22,1046,10.46,0
5915,0,1,3,4,16,True,153,5,31,1311,13.11,0
5916,0,1,3,4,34,True,3,11,144,2960,29.6,0
5917,0,1,3,4,33,False,35,4,41,1065,10.65,0
5918,0,1,3,4,16,False,0,0,0,0,0.0,469830144
5919,0,-1,-1,-1,-1,True,-1,-1,-1,-1,-1.0,-1
5920,0,1,3,4,16,True,48,2,235,747,7.47,0
5921,0,1,3,4,34,True,80,1,48,304,3.04,0
5922,0,1,3,2,16,False,1,0,0,0,0.0,0
5923,0,1,3,0,0,False,0,0,0,0,0.0,0
5924,0,1,3,4,15,False,201,0,191,191,1.91,0
5925,0,1,3,4,16,False,193,5,127,1407,14.07,0
5926,0,1,3,4,17,False,193,3,233,1001,10.01,0
5927,0,1,3,4,3,True,194,3,240,1008,10.08,0
5928,0,1,3,4,4,True,193,5,105,1385,13.85,0
5929,0,1,3,4,16,True,193,3,211,979,9.79,0
5930,0,1,3,4,34,True,227,1,37,293,2.93,0
5931,0,1,3,4,33,False,210,2,12,524,5.24,0
5932,0,1,3,4,15,False,189,3,135,903,9.03,0
5933,0,1,3,4,16,False,24,5,136,1416,14.16,0
5934,0,1,3,4,17,False,24,5,156,1436,14.36,0
5935,0,1,3,4,3,True,25,3,68,836,8.36,0
5936,0,1,3,4,4,True,24,5,118,1398,13.98,0
5937,0,1,3,4,16,True,24,5,134,1414,14.14,0
5938,0,1,3,4,34,True,140,10,186,2746,27.46,0
5939,0,1,3,4,33,False,79,6,81,1617,16.17,0
5940,0,1,3,4,16,False,164,2,75,587,5.87,0
5941,0,1,3,4,17,False,161,6,34,1570,15.7,0
5942,0,1,3,4,3,True,166,1,101,357,3.57,0
5943,0,1,3,4,4,True,162,2,223,735,7.35,0
5944,0,1,3,4,16,True,161,6,12,1548,15.48,0
5945,0,1,3,4,34,True,79,6,58,1594,15.94,0
5946,0,1,3,4,33,False,28,0,249,249,2.49,0
5947,0,1,3,4,15,False,252,1,148,404,4.04,0
5948,0,1,3,4,16,False,246,10,4,2564,25.64,216
5949,0,-1,-1,-1,-1,True,-1,-1,-1,-1,-1.0,-1
5950,0,1,3,4,17,False,234,4,119,1143,11.43,0
5951,0,1,3,4,3,True,236,2,66,578,5.78,0
5952,0,1,3,4,4,True,234,4,194,1218,12.18,0
5953,0,1,3,4,16,True,234,4,98,1122,11.22,0
5954,0,1,3,4,34,True,70,12,163,3235,32.35,0
5955,0,1,3,4,33,False,105,9,148,2452,24.52,0
5956,0,1,3,4,16,False,228,5,131,1411,14.11,0
5957,0,1,3,4,3,True,229,5,95,1375,13.75,0
5958,0,1,3,4,4,True,228,4,6,1030,10.3,0
5959,0,1,3,4,34,True,105,9,126,2430,24.3,0
5960,0,1,3,4,33,False,105,5,122,1402,14.02,0
5961,0,1,3,4,15,False,29,3,182,950,9.5,0
5962,0,1,3,4,16,False,26,15,0,3840,38.4,167772160
5963,0,-1,-1,-1,-1,True,-1,-1,-1,-1,-1.0,-1
5964,0,23,0,0,0,False,0,0,10,10,0.1,2215648257
5965,0,-1,-1,-1,-1,True,-1,-1,-1,-1,-1.0,-1
5966,0,-1,-1,-1,-1,True,-1,-1,-1,-1,-1.0,-1
5967,0,-1,-1,-1,-1,True,-1,-1,-1,-1,-1.0,-1
5968,0,-1,-1,-1,-1,True,-1,-1,-1,-1,-1.0,-1
5969,0,1,3,4,17,False,131,4,162,1186,11.86,0
5970,0,1,3,4,3,True,133,3,66,834,8.34,0
5971,0,1,3,4,4,True,132,6,150,1686,16.86,0
5972,0,1,3,4,16,True,131,4,141,1165,11.65,0
5973,0,1,3,4,32,True,137,0,132,132,1.32,0
5974,0,1,3,4,34,True,245,11,1,2817,28.17,0
5975,0,1,3,4,33,False,229,10,44,2604,26.04,0
5976,0,1,3,1,37,True,0,0,0,0,0.0,0
5977,0,1,3,2,44,False,4,0,0,0,0.0,0
5978,0,1,3,0,0,False,0,0,0,0,0.0,0
5979,0,1,3,0,0,False,0,0,0,0,0.0,0
5980,0,1,3,6,41,True,4,3,106,874,8.74,40707
5981,0,1,3,4,4,True,104,6,211,1747,17.47,0
5982,0,1,3,4,16,True,104,6,44,1580,15.8,0
5983,0,1,3,4,32,True,106,11,5,2821,28.21,44
5984,0,-1,-1,-1,-1,True,-1,-1,-1,-1,-1.0,-1
5985,0,1,3,4,17,False,235,1,229,485,4.85,0
5986,0,1,3,4,3,True,237,1,153,409,4.09,0
5987,0,1,3,4,4,True,235,5,21,1301,13.01,0
5988,0,1,3,4,16,True,235,1,208,464,4.64,0
5989,0,1,3,4,34,True,34,5,92,1372,13.72,0
5990,0,1,3,4,17,False,135,5,240,1520,15.2,0
5991,0,1,3,4,3,True,136,5,28,1308,13.08,0
5992,0,1,3,4,4,True,135,5,68,1348,13.48,0
5993,0,1,3,4,16,True,135,5,219,1499,14.99,0
5994,0,1,3,4,34,True,127,4,132,1156,11.56,0
5995,0,1,3,4,33,False,250,11,129,2945,29.45,0
5996,0,1,3,4,17,False,143,2,118,630,6.3,0
5997,0,1,3,4,16,False,142,5,235,1515,15.15,0
5998,0,1,3,4,3,True,144,2,178,690,6.9,0
5999,0,1,3,4,4,True,142,5,213,1493,14.93,0
6000,0,1,3,4,16,True,143,2,96,608,6.08,0
6001,0,1,3,4,34,True,250,11,105,2921,29.21,0
6002,0,1,3,4,33,False,82,8,171,2219,22.19,0
6003,0,1,3,4,16,False,194,8,5,2053,20.53,37
6004,0,-1,-1,-1,-1,True,-1,-1,-1,-1,-1.0,-1
6005,0,1,3,4,16,False,167,7,46,1838,18.38,0
6006,0,1,3,4,3,True,168,4,162,1186,11.86,0
6007,0,1,3,4,4,True,167,7,24,1816,18.16,0
6008,0,1,3,4,16,True,168,5,17,1297,12.97,0
6009,0,1,3,4,34,True,27,10,211,2771,27.71,0
6010,0,1,3,4,33,False,132,9,179,2483,24.83,0
6011,0,1,3,4,15,False,5,3,72,840,8.4,0
6012,0,1,3,4,16,False,1,5,96,1376,13.76,0
6013,0,1,3,4,17,False,1,5,119,1399,13.99,0
6014,0,1,3,4,3,True,2,4,41,1065,10.65,0
6015,0,1,3,4,4,True,1,5,77,1357,13.57,0
6016,0,1,3,4,16,True,1,5,95,1375,13.75,0
6017,0,1,3,4,34,True,132,9,156,2460,24.6,0
6018,0,1,3,4,33,False,89,12,41,3113,31.13,0
6019,0,1,3,4,15,False,248,3,31,799,7.99,0
6020,0,1,3,4,16,False,245,8,14,2062,20.62,0
6021,0,1,3,4,17,False,245,14,5,3589,35.89,107
6022,0,-1,-1,-1,-1,True,-1,-1,-1,-1,-1.0,-1
6023,0,1,3,4,17,False,93,5,153,1433,14.33,0
6024,0,1,3,4,3,True,95,3,137,905,9.05,0
6025,0,1,3,4,4,True,94,5,87,1367,13.67,0
6026,0,1,3,4,16,True,93,5,131,1411,14.11,0
6027,0,1,3,4,34,True,99,3,99,867,8.67,0
6028,0,1,3,4,33,False,41,14,75,3659,36.59,0
6029,0,1,3,4,15,False,230,4,113,1137,11.37,0
6030,0,1,3,4,16,False,74,5,133,1413,14.13,0
6031,0,1,3,4,17,False,73,6,157,1693,16.93,0
6032,0,1,3,4,3,True,75,4,17,1041,10.41,0
6033,0,1,3,4,4,True,74,5,110,1390,13.9,0
6034,0,1,3,4,16,True,73,6,135,1671,16.71,0
6035,0,1,3,4,34,True,72,4,2,1026,10.26,0
6036,0,1,3,4,33,False,136,8,204,2252,22.52,0
6037,0,1,3,4,16,False,252,3,14,782,7.82,0
6038,0,1,3,4,17,False,250,3,211,979,9.79,0
6039,0,1,3,4,3,True,252,2,248,760,7.6,0
6040,0,1,3,4,4,True,254,1,172,428,4.28,0
6041,0,1,3,4,16,True,250,3,191,959,9.59,0
6042,0,1,3,4,34,True,136,8,181,2229,22.29,0
6043,0,1,3,4,33,False,123,14,100,3684,36.84,0
6044,0,1,3,4,16,False,53,3,171,939,9.39,0
6045,0,1,3,4,17,False,53,3,22,790,7.9,0
6046,0,1,3,4,3,True,55,3,99,867,8.67,0
6047,0,1,3,4,4,True,53,3,149,917,9.17,0
6048,0,1,3,4,16,True,53,3,1,769,7.69,0
6049,0,1,3,4,34,True,123,14,78,3662,36.62,0
6050,0,1,3,4,33,False,127,8,96,2144,21.44,0
6051,0,1,3,4,16,False,185,3,77,845,8.45,0
6052,0,1,3,4,17,False,4,2,0,512,5.12,167772160
6053,0,-1,-1,-1,-1,True,-1,-1,-1,-1,-1.0,-1
6054,0,-1,-1,-1,-1,True,-1,-1,-1,-1,-1.0,-1
6055,0,-1,-1,-1,-1,True,-1,-1,-1,-1,-1.0,-1
6056,0,-1,-1,-1,-1,True,-1,-1,-1,-1,-1.0,-1
6057,0,-1,-1,-1,-1,True,-1,-1,-1,-1,-1.0,-1
6058,0,1,3,4,33,False,226,1,160,416,4.16,0
6059,0,1,3,4,17,False,197,4,235,1259,12.59,0
6060,0,1,3,4,16,True,197,4,215,1239,12.39,0
6061,0,1,3,4,34,True,226,1,137,393,3.93,0
6062,0,1,3,4,33,False,227,11,105,2921,29.21,0
6063,0,1,3,4,16,False,6,0,0,0,0.0,167772160
6064,0,-1,-1,-1,-1,True,-1,-1,-1,-1,-1.0,-1
6065,0,-1,-1,-1,-1,True,-1,-1,-1,-1,-1.0,-1
6066,0,1,3,4,3,True,51,3,231,999,9.99,0
6067,0,1,3,4,4,True,50,6,10,1546,15.46,0
6068,0,1,3,4,16,True,50,2,221,733,7.33,0
6069,0,1,3,4,17,False,96,4,100,1124,11.24,0
6070,0,1,3,4,3,True,99,2,165,677,6.77,0
6071,0,1,3,4,4,True,97,2,157,669,6.69,0
6072,0,1,3,4,16,True,96,4,79,1103,11.03,0
6073,0,1,3,4,34,True,144,0,36,36,0.36,0
6074,0,1,3,4,33,False,51,11,64,2880,28.8,0
6075,0,1,3,1,51,False,0,0,0,0,0.0,0
6076,0,1,3,3,0,False,4,0,0,0,0.0,0
6077,0,1,3,4,6,False,56,4,17,1041,10.41,0
6078,0,1,3,3,6,False,6,4,0,1024,10.24,0
6079,0,1,3,4,4,True,6,2,4,516,5.16,0
6080,0,1,3,0,0,False,0,0,0,0,0.0,0
6081,0,1,3,3,5,False,242,4,0,1024,10.24,0
6082,0,1,3,2,51,False,11,0,0,0,0.0,0
6083,0,1,3,2,4,False,33,0,0,0,0.0,0
6084,0,1,3,6,15,False,109,6,75,1611,16.11,0
6085,0,-1,-1,-1,-1,True,-1,-1,-1,-1,-1.0,-1
6086,0,-1,-1,-1,-1,True,-1,-1,-1,-1,-1.0,-1
6087,0,-1,-1,-1,-1,True,-1,-1,-1,-1,-1.0,-1
6088,0,-1,-1,-1,-1,True,-1,-1,-1,-1,-1.0,-1
6089,0,-1,-1,-1,-1,True,-1,-1,-1,-1,-1.0,-1
6090,0,1,3,4,4,True,16,5,97,1377,13.77,0
6091,0,1,3,4,5,True,17,1,64,320,3.2,0
6092,0,1,3,4,16,True,15,6,55,1591,15.91,0
6093,0,1,3,4,34,True,96,13,133,3461,34.61,0
6094,0,1,3,4,33,False,78,4,82,1106,11.06,0
6095,0,1,3,4,16,False,83,4,184,1208,12.08,0
6096,0,1,3,4,17,False,83,5,93,1373,13.73,0
6097,0,1,3,4,3,True,85,1,233,489,4.89,0
6098,0,1,3,4,4,True,83,4,162,1186,11.86,0
6099,0,1,3,4,16,True,83,5,72,1352,13.52,0
6100,0,1,3,4,34,True,78,4,60,1084,10.84,0
6101,0,1,3,4,33,False,7,6,150,1686,16.86,0
6102,0,1,3,4,16,False,41,0,4,4,0.04,157
6103,0,-1,-1,-1,-1,True,-1,-1,-1,-1,-1.0,-1
6104,0,1,3,4,17,False,191,4,119,1143,11.43,0
6105,0,1,3,4,3,True,194,1,172,428,4.28,0
6106,0,1,3,4,4,True,191,4,156,1180,11.8,0
6107,0,1,3,4,16,True,191,4,90,1114,11.14,0
6108,0,1,3,4,34,True,236,7,24,1816,18.16,0
6109,0,1,3,4,17,False,253,6,108,1644,16.44,0
6110,0,1,3,4,3,True,254,4,100,1124,11.24,0
6111,0,1,3,4,4,True,253,7,2,1794,17.94,0
6112,0,1,3,4,16,True,253,6,87,1623,16.23,0
6113,0,1,3,4,34,True,95,12,46,3118,31.18,0
6114,0,1,3,4,33,False,107,14,74,3658,36.58,0
6115,0,1,3,4,16,False,36,3,210,978,9.78,0
6116,0,1,3,4,17,False,35,4,34,1058,10.58,0
6117,0,1,3,4,3,True,38,2,16,528,5.28,0
6118,0,1,3,4,4,True,36,3,187,955,9.55,0
6119,0,1,3,4,16,True,35,4,11,1035,10.35,0
6120,0,1,3,4,34,True,107,14,50,3634,36.34,0
6121,0,1,3,4,33,False,57,11,88,2904,29.04,0
6122,0,1,3,4,16,False,204,4,162,1186,11.86,0
6123,0,1,3,4,17,False,100,13,215,3543,35.43,0
6124,0,1,3,4,33,False,37,10,185,2745,27.45,0
6125,0,1,3,4,16,False,176,4,147,1171,11.71,0
6126,0,1,3,4,3,True,177,4,57,1081,10.81,0
6127,0,1,3,4,4,True,176,4,124,1148,11.48,0
6128,0,1,3,4,34,True,37,10,162,2722,27.22,0
6129,0,1,3,4,33,False,130,5,212,1492,14.92,0
6130,0,1,3,4,15,False,159,1,227,483,4.83,0
6131,0,1,3,4,16,False,154,7,157,1949,19.49,0
6132,0,1,3,4,17,False,154,5,93,1373,13.73,0
6133,0,1,3,4,3,True,155,4,66,1090,10.9,0
6134,0,1,3,4,4,True,154,7,134,1926,19.26,0
6135,0,1,3,4,16,True,154,5,73,1353,13.53,0
6136,0,1,3,4,34,True,130,5,190,1470,14.7,0
6137,0,1,3,4,33,False,60,14,229,3813,38.13,0
6138,0,1,3,4,16,False,254,1,230,486,4.86,0
6139,0,1,3,4,17,False,253,2,119,631,6.31,0
6140,0,1,3,4,4,True,254,1,208,464,4.64,0
6141,0,1,3,4,16,True,253,2,98,610,6.1,0
6142,0,1,3,4,34,True,60,14,205,3789,37.89,0
6143,0,1,3,4,33,False,35,14,153,3737,37.37,0
6144,0,1,3,4,16,False,223,4,202,1226,12.26,0
6145,0,1,3,4,17,False,100,4,180,1204,12.04,0
6146,0,1,3,4,16,False,98,6,174,1710,17.1,0
6147,0,1,3,4,3,True,100,4,171,1195,11.95,0
6148,0,1,3,4,4,True,98,6,151,1687,16.87,0
6149,0,1,3,4,16,True,100,4,160,1184,11.84,0
6150,0,1,3,4,34,True,6,7,12,1804,18.04,0
6151,0,1,3,4,33,False,158,5,162,1442,14.42,0
6152,0,1,3,4,16,False,179,6,26,1562,15.62,0
6153,0,1,3,4,17,False,179,5,60,1340,13.4,0
6154,0,1,3,4,3,True,180,4,177,1201,12.01,0
6155,0,1,3,4,4,True,179,6,3,1539,15.39,0
6156,0,1,3,4,16,True,179,5,40,1320,13.2,0
6157,0,1,3,4,32,True,183,0,213,213,2.13,0
6158,0,1,3,4,34,True,158,5,139,1419,14.19,0
6159,0,1,3,4,33,False,244,11,96,2912,29.12,0
6160,0,1,3,4,16,False,135,3,138,906,9.06,0
6161,0,1,3,4,33,False,219,13,109,3437,34.37,0
6162,0,1,3,4,17,False,135,4,242,1266,12.66,0
6163,0,1,3,4,4,True,136,1,221,477,4.77,0
6164,0,1,3,4,16,True,135,4,222,1246,12.46,0
6165,0,1,3,4,34,True,219,13,87,3415,34.15,0
6166,0,1,3,4,33,False,42,10,115,2675,26.75,0
6167,0,1,3,4,16,False,3,0,0,0,0.0,167772160
6168,0,-1,-1,-1,-1,True,-1,-1,-1,-1,-1.0,-1
6169,0,-1,-1,-1,-1,True,-1,-1,-1,-1,-1.0,-1
6170,0,1,3,4,3,True,147,2,205,717,7.17,0
6171,0,1,3,4,4,True,145,3,117,885,8.85,0
6172,0,1,3,4,16,True,145,5,1,1281,12.81,0
6173,0,1,3,4,34,True,255,11,46,2862,28.62,0
6174,0,1,3,4,16,False,180,4,197,1221,12.21,0
6175,0,1,3,4,3,True,82,4,9,1033,10.33,0
6176,0,1,3,4,4,True,80,5,0,1280,12.8,0
6177,0,1,3,4,5,True,83,0,108,108,1.08,0
6178,0,1,3,4,16,True,80,4,177,1201,12.01,0
6179,0,1,3,4,34,True,121,0,168,168,1.68,0
6180,0,1,3,4,33,False,151,13,36,3364,33.64,0
6181,0,1,3,4,16,False,65,5,82,1362,13.62,0
6182,0,1,3,4,17,False,64,6,67,1603,16.03,0
6183,0,1,3,4,17,False,149,6,72,1608,16.08,0
6184,0,1,3,4,3,True,151,3,25,793,7.93,0
6185,0,1,3,4,4,True,149,6,56,1592,15.92,0
6186,0,1,3,4,16,True,149,6,49,1585,15.85,0
6187,0,1,3,4,34,True,176,1,206,462,4.62,0
6188,0,1,3,4,33,False,237,14,211,3795,37.95,0
6189,0,1,3,4,16,False,172,5,110,1390,13.9,0
6190,0,1,3,4,17,False,172,4,191,1215,12.15,0
6191,0,1,3,4,3,True,173,4,83,1107,11.07,0
6192,0,1,3,4,4,True,172,5,88,1368,13.68,0
6193,0,1,3,4,16,True,172,4,170,1194,11.94,0
6194,0,1,3,4,34,True,237,14,187,3771,37.71,0
6195,0,1,3,4,33,False,59,1,37,293,2.93,0
6196,0,1,3,4,15,False,28,3,61,829,8.29,0
6197,0,1,3,4,16,False,7,5,248,1528,15.28,0
6198,0,1,3,4,33,False,114,11,149,2965,29.65,0
6199,0,1,3,4,3,True,9,4,142,1166,11.66,0
6200,0,1,3,4,4,True,7,4,195,1219,12.19,0
6201,0,1,3,4,16,True,7,5,228,1508,15.08,0
6202,0,1,3,4,34,True,114,11,126,2942,29.42,0
6203,0,1,3,4,33,False,165,1,247,503,5.03,0
6204,0,1,3,4,15,False,145,3,13,781,7.81,0
6205,0,1,3,4,16,False,140,4,137,1161,11.61,0
6206,0,1,3,4,17,False,139,5,28,1308,13.08,0
6207,0,1,3,4,3,True,142,3,226,994,9.94,0
6208,0,1,3,4,4,True,140,4,115,1139,11.39,0
6209,0,1,3,4,16,True,139,5,6,1286,12.86,0
6210,0,1,3,4,34,True,165,1,223,479,4.79,0
6211,0,1,3,4,33,False,127,13,230,3558,35.58,0
6212,0,1,3,4,16,False,50,0,10,10,0.1,3960478721
6213,0,-1,-1,-1,-1,True,-1,-1,-1,-1,-1.0,-1
6214,0,-1,-1,-1,-1,True,-1,-1,-1,-1,-1.0,-1
6215,0,1,3,4,17,False,237,4,227,1251,12.51,0
6216,0,1,3,4,3,True,237,4,57,1081,10.81,0
6217,0,1,3,4,4,True,236,4,22,1046,10.46,0
6218,0,1,3,4,16,True,237,4,206,1230,12.3,0
6219,0,1,3,4,34,True,9,1,159,415,4.15,0
6220,0,1,3,4,33,False,38,15,119,3959,39.59,0
6221,0,1,3,4,16,False,238,3,252,1020,10.2,0
6222,0,1,3,4,17,False,237,3,250,1018,10.18,0
6223,0,1,3,4,3,True,239,3,152,920,9.2,0
6224,0,1,3,4,4,True,237,3,246,1014,10.14,0
6225,0,1,3,4,16,True,236,3,230,998,9.98,0
6226,0,1,3,4,34,True,38,15,96,3936,39.36,0
6227,0,1,3,4,33,False,246,6,42,1578,15.78,0
6228,0,1,3,4,16,False,19,5,216,1496,14.96,0
6229,0,1,3,4,17,False,196,5,255,1535,15.35,0
6230,0,1,3,4,3,True,198,2,236,748,7.48,0
6231,0,1,3,4,4,True,196,5,194,1474,14.74,0
6232,0,1,3,4,16,True,196,5,232,1512,15.12,0
6233,0,1,3,4,34,True,242,0,57,57,0.57,0
6234,0,1,3,4,33,False,116,7,246,2038,20.38,0
6235,0,1,3,4,3,True,4,6,0,1536,15.36,167772160
6236,0,-1,-1,-1,-1,True,-1,-1,-1,-1,-1.0,-1
6237,0,-1,-1,-1,-1,True,-1,-1,-1,-1,-1.0,-1
6238,0,-1,-1,-1,-1,True,-1,-1,-1,-1,-1.0,-1
6239,0,1,3,4,3,True,82,3,138,906,9.06,0
6240,0,1,3,4,4,True,79,4,180,1204,12.04,0
6241,0,1,3,4,16,True,79,4,130,1154,11.54,0
6242,0,1,3,4,34,True,124,0,89,89,0.89,0
6243,0,1,3,4,33,False,232,4,116,1140,11.4,0
6244,0,1,3,4,17,False,96,3,96,864,8.64,0
6245,0,1,3,4,3,True,97,4,10,1034,10.34,0
6246,0,1,3,4,4,True,95,4,94,1118,11.18,0
6247,0,1,3,4,16,True,96,3,75,843,8.43,0
6248,0,1,3,4,34,True,135,5,125,1405,14.05,0
6249,0,1,3,4,17,False,134,5,138,1418,14.18,0
6250,0,1,3,4,3,True,137,2,225,737,7.37,0
6251,0,1,3,4,4,True,135,5,107,1387,13.87,0
6252,0,1,3,4,16,True,134,5,115,1395,13.95,0
6253,0,1,3,4,34,True,177,0,122,122,1.22,0
6254,0,1,3,4,33,False,137,11,191,3007,30.07,0
6255,0,1,3,4,17,False,33,4,246,1270,12.7,0
6256,0,1,3,4,16,False,32,7,113,1905,19.05,0
6257,0,1,3,4,3,True,33,5,80,1360,13.6,0
6258,0,1,3,4,4,True,32,7,91,1883,18.83,0
6259,0,1,3,4,16,True,33,4,225,1249,12.49,0
6260,0,1,3,4,34,True,137,11,168,2984,29.84,0
6261,0,1,3,4,33,False,125,5,239,1519,15.19,0
6262,0,1,3,4,15,False,156,2,199,711,7.11,0
6263,0,1,3,4,16,False,150,7,65,1857,18.57,0
6264,0,1,3,4,17,False,150,4,185,1209,12.09,0
6265,0,1,3,4,3,True,151,3,137,905,9.05,0
6266,0,1,3,4,4,True,150,7,42,1834,18.34,0
6267,0,1,3,4,5,True,152,1,185,441,4.41,0
6268,0,1,3,4,16,True,150,4,88,1112,11.12,0
6269,0,1,3,4,32,True,152,1,30,286,2.86,0
6270,0,1,3,4,34,True,124,5,217,1497,14.97,0
6271,0,1,3,4,33,False,4,0,77,77,0.77,0
6272,0,1,3,4,15,False,217,3,193,961,9.61,0
6273,0,1,3,4,16,False,213,5,91,1371,13.71,0
6274,0,1,3,4,3,True,104,5,107,1387,13.87,0
6275,0,1,3,4,4,True,103,4,255,1279,12.79,0
6276,0,1,3,4,16,True,103,5,71,1351,13.51,0
6277,0,1,3,4,32,True,106,1,47,303,3.03,0
6278,0,1,3,4,34,True,164,15,29,3869,38.69,0
6279,0,1,3,4,33,False,36,8,54,2102,21.02,0
6280,0,1,3,1,36,False,0,0,0,0,0.0,0
6281,0,1,3,0,0,False,0,0,0,0,0.0,0
6282,0,1,3,6,4,False,16,15,5,3845,38.45,1222
6283,0,1,3,3,16,True,4,5,0,1280,12.8,0
6284,0,1,3,4,4,True,143,5,176,1456,14.56,0
6285,0,1,3,4,16,True,143,2,245,757,7.57,0
6286,0,1,3,4,34,True,36,8,30,2078,20.78,0
6287,0,1,3,4,33,False,184,8,180,2228,22.28,0
6288,0,1,3,4,15,False,48,0,229,229,2.29,0
6289,0,1,3,4,16,False,41,6,95,1631,16.31,0
6290,0,1,3,4,17,False,42,5,2,1282,12.82,0
6291,0,1,3,4,3,True,43,2,170,682,6.82,0
6292,0,1,3,4,4,True,42,6,73,1609,16.09,0
6293,0,1,3,4,16,True,42,4,237,1261,12.61,0
6294,0,1,3,4,34,True,73,1,95,351,3.51,0
6295,0,1,3,4,33,False,71,8,223,2271,22.71,0
6296,0,1,3,4,16,False,187,5,79,1359,13.59,0
6297,0,1,3,4,17,False,186,5,89,1369,13.69,0
6298,0,1,3,4,3,True,188,3,254,1022,10.22,0
6299,0,1,3,4,4,True,187,5,62,1342,13.42,0
6300,0,1,3,4,16,True,186,5,67,1347,13.47,0
6301,0,1,3,4,34,True,71,8,201,2249,22.49,0
6302,0,1,3,4,33,False,44,0,203,203,2.03,0
6303,0,1,3,4,16,False,4,4,178,1202,12.02,0
6304,0,1,3,4,17,False,5,3,39,807,8.07,0
6305,0,1,3,4,3,True,5,3,90,858,8.58,0
6306,0,1,3,4,4,True,4,4,156,1180,11.8,0
6307,0,1,3,4,16,True,5,3,18,786,7.86,0
6308,0,1,3,4,34,True,44,0,180,180,1.8,0
6309,0,1,3,4,33,False,250,8,213,2261,22.61,0
6310,0,1,3,4,16,False,0,10,1,2561,25.61,67407900
6311,0,-1,-1,-1,-1,True,-1,-1,-1,-1,-1.0,-1
6312,0,-1,-1,-1,-1,True,-1,-1,-1,-1,-1.0,-1
6313,0,-1,-1,-1,-1,True,-1,-1,-1,-1,-1.0,-1
6314,0,-1,-1,-1,-1,True,-1,-1,-1,-1,-1.0,-1
6315,0,1,3,4,34,True,163,12,201,3273,32.73,0
6316,0,1,3,4,33,False,163,3,148,916,9.16,0
6317,0,1,3,4,15,False,161,7,26,1818,18.18,0
6318,0,1,3,4,16,False,159,8,147,2195,21.95,0
6319,0,1,3,4,17,False,158,6,51,1587,15.87,0
6320,0,1,3,4,3,True,159,7,43,1835,18.35,0
6321,0,1,3,4,4,True,4,8,125,2173,21.73,0
6322,0,1,3,4,5,True,160,2,35,547,5.47,0
6323,0,1,3,4,16,True,158,6,30,1566,15.66,0
6324,0,1,3,4,34,True,163,15,43,3883,38.83,0
6325,0,1,3,4,33,False,12,3,14,782,7.82,0
6326,0,1,3,4,16,False,3,4,112,1136,11.36,0
6327,0,1,3,4,17,False,0,6,80,1616,16.16,0
6328,0,1,3,4,3,True,3,4,89,1113,11.13,0
6329,0,1,3,4,4,True,3,3,120,888,8.88,0
6330,0,1,3,4,16,True,0,6,60,1596,15.96,0
6331,0,1,3,4,34,True,12,2,246,758,7.58,0
6332,0,1,3,4,33,False,99,13,38,3366,33.66,0
6333,0,1,3,4,16,False,13,6,237,1773,17.73,0
6334,0,1,3,4,3,True,47,4,18,1042,10.42,0
6335,0,1,3,4,4,True,46,6,215,1751,17.51,0
6336,0,1,3,4,16,True,45,5,87,1367,13.67,0
6337,0,1,3,4,32,True,49,0,149,149,1.49,0
6338,0,1,3,4,34,True,30,5,19,1299,12.99,0
6339,0,1,3,4,33,False,9,8,64,2112,21.12,0
6340,0,1,3,4,16,False,118,2,127,639,6.39,0
6341,0,1,3,4,17,False,116,4,71,1095,10.95,0
6342,0,1,3,4,3,True,120,2,71,583,5.83,0
6343,0,1,3,4,4,True,116,2,49,561,5.61,0
6344,0,1,3,4,16,True,116,4,50,1074,10.74,0
6345,0,1,3,4,34,True,9,8,41,2089,20.89,0
6346,0,1,3,4,33,False,226,0,12,12,0.12,0
6347,0,1,3,4,16,False,176,3,5,773,7.73,32
6348,0,-1,-1,-1,-1,True,-1,-1,-1,-1,-1.0,-1
6349,0,1,3,4,17,False,51,5,39,1319,13.19,0
6350,0,1,3,4,3,True,52,4,251,1275,12.75,0
6351,0,1,3,4,4,True,51,3,246,1014,10.14,0
6352,0,1,3,4,16,True,51,5,17,1297,12.97,0
6353,0,1,3,4,34,True,52,3,181,949,9.49,0
6354,0,1,3,4,33,False,66,3,11,779,7.79,0
6355,0,1,3,4,16,False,56,6,177,1713,17.13,0
6356,0,1,3,4,17,False,56,3,240,1008,10.08,0
6357,0,1,3,4,3,True,57,4,69,1093,10.93,0
6358,0,1,3,4,4,True,56,6,155,1691,16.91,0
6359,0,1,3,4,16,True,55,3,220,988,9.88,0
6360,0,1,3,4,34,True,66,2,244,756,7.56,0
6361,0,1,3,4,33,False,64,0,163,163,1.63,0
6362,0,1,3,4,16,False,5,9,0,2304,23.04,167772160
6363,0,-1,-1,-1,-1,True,-1,-1,-1,-1,-1.0,-1
6364,0,-1,-1,-1,-1,True,-1,-1,-1,-1,-1.0,-1
6365,0,-1,-1,-1,-1,True,-1,-1,-1,-1,-1.0,-1
6366,0,1,3,4,3,True,61,5,2,1282,12.82,0
6367,0,1,3,4,4,True,60,4,139,1163,11.63,0
6368,0,1,3,4,16,True,60,4,183,1207,12.07,0
6369,0,1,3,4,34,True,156,12,85,3157,31.57,0
6370,0,1,3,4,33,False,238,14,205,3789,37.89,0
6371,0,1,3,4,16,False,173,5,189,1469,14.69,0
6372,0,1,3,4,17,False,173,5,106,1386,13.86,0
6373,0,1,3,4,3,True,175,3,182,950,9.5,0
6374,0,1,3,4,4,True,173,5,166,1446,14.46,0
6375,0,1,3,4,5,True,176,1,66,322,3.22,0
6376,0,1,3,4,16,True,173,5,86,1366,13.66,0
6377,0,1,3,4,34,True,238,14,181,3765,37.65,0
6378,0,1,3,4,33,False,121,15,173,4013,40.13,0
6379,0,1,3,4,16,False,68,5,81,1361,13.61,0
6380,0,1,3,4,17,False,68,4,105,1129,11.29,0
6381,0,1,3,4,4,True,68,5,59,1339,13.39,0
6382,0,1,3,4,16,True,68,4,85,1109,11.09,0
6383,0,1,3,4,34,True,121,15,151,3991,39.91,0
6384,0,1,3,4,33,False,69,8,113,2161,21.61,0
6385,0,1,3,4,16,False,178,4,246,1270,12.7,0
6386,0,1,3,4,17,False,179,5,149,1429,14.29,0
6387,0,1,3,4,3,True,180,4,200,1224,12.24,0
6388,0,1,3,4,4,True,178,4,165,1189,11.89,0
6389,0,1,3,4,16,True,179,5,128,1408,14.08,0
6390,0,1,3,4,34,True,69,8,89,2137,21.37,0
6391,0,1,3,4,33,False,233,13,170,3498,34.98,0
6392,0,1,3,4,16,False,153,6,22,1558,15.58,0
6393,0,1,3,4,17,False,152,5,118,1398,13.98,0
6394,0,1,3,4,3,True,154,4,91,1115,11.15,0
6395,0,1,3,4,4,True,153,6,0,1536,15.36,0
6396,0,1,3,4,16,True,152,5,98,1378,13.78,0
6397,0,1,3,4,34,True,233,13,147,3475,34.75,0
6398,0,1,3,4,33,False,254,5,5,1285,12.85,0
6399,0,1,3,4,16,False,184,5,145,1425,14.25,0
6400,0,1,3,4,3,True,187,1,218,474,4.74,0
6401,0,1,3,4,4,True,184,3,200,968,9.68,0
6402,0,1,3,4,5,True,186,1,106,362,3.62,0
6403,0,1,3,4,16,True,184,5,122,1402,14.02,0
6404,0,1,3,4,34,True,242,15,76,3916,39.16,0
6405,0,1,3,4,33,False,115,12,147,3219,32.19,0
6406,0,1,3,1,51,False,0,0,0,0,0.0,0
6407,0,1,3,4,19,True,4,0,21,21,0.21,0
6408,0,1,3,7,28,False,4,1,21,277,2.77,321542
6409,0,1,3,4,21,False,7,6,4,1540,15.4,0
6410,0,1,3,0,0,False,0,0,0,0,0.0,0
6411,0,1,3,5,6,False,211,4,162,1186,11.86,115
6412,0,1,3,4,59,False,4,1,35,291,2.91,0
6413,0,1,3,5,35,True,4,15,219,4059,40.59,1
6414,0,1,3,0,0,False,0,0,0,0,0.0,0
6415,0,1,3,4,16,False,68,4,187,1211,12.11,0
6416,0,1,3,4,17,False,67,5,206,1486,14.86,0
6417,0,1,3,4,3,True,17,5,70,1350,13.5,0
6418,0,1,3,4,17,False,17,4,153,1177,11.77,0
6419,0,1,3,4,3,True,18,3,242,1010,10.1,0
6420,0,1,3,4,4,True,17,5,46,1326,13.26,0
6421,0,1,3,4,16,True,17,4,132,1156,11.56,0
6422,0,1,3,4,34,True,71,15,156,3996,39.96,0
6423,0,1,3,4,33,False,167,15,230,4070,40.7,0
6424,0,1,3,4,16,False,116,4,179,1203,12.03,0
6425,0,1,3,4,17,False,115,4,229,1253,12.53,0
6426,0,1,3,4,3,True,117,2,160,672,6.72,0
6427,0,1,3,4,4,True,116,4,158,1182,11.82,0
6428,0,1,3,4,16,True,115,4,206,1230,12.3,0
6429,0,1,3,4,34,True,167,15,207,4047,40.47,0
6430,0,1,3,4,28,False,83,11,49,2865,28.65,0
6431,0,1,3,4,16,False,13,5,48,1328,13.28,0
6432,0,1,3,4,3,True,17,2,179,691,6.91,0
6433,0,1,3,4,4,True,13,3,65,833,8.33,0
6434,0,1,3,4,5,True,15,0,134,134,1.34,0
6435,0,1,3,4,16,True,13,5,28,1308,13.08,0
6436,0,1,3,4,34,True,150,9,31,2335,23.35,0
6437,0,1,3,4,33,False,57,12,239,3311,33.11,0
6438,0,1,3,4,16,False,223,5,156,1436,14.36,0
6439,0,1,3,4,17,False,223,5,249,1529,15.29,0
6440,0,1,3,4,3,True,224,4,130,1154,11.54,0
6441,0,1,3,4,4,True,223,5,134,1414,14.14,0
6442,0,1,3,4,16,True,223,5,227,1507,15.07,0
6443,0,1,3,4,34,True,57,12,217,3289,32.89,0
6444,0,1,3,4,33,False,146,4,189,1213,12.13,0
6445,0,1,3,4,15,False,160,4,229,1253,12.53,0
6446,0,1,3,4,16,False,156,6,185,1721,17.21,0
6447,0,1,3,4,17,False,0,0,0,0,0.0,469830144
6448,0,61,0,0,0,False,0,0,10,10,0.1,3255770113
6449,0,-1,-1,-1,-1,True,-1,-1,-1,-1,-1.0,-1
6450,0,-1,-1,-1,-1,True,-1,-1,-1,-1,-1.0,-1
6451,0,-1,-1,-1,-1,True,-1,-1,-1,-1,-1.0,-1
6452,0,-1,-1,-1,-1,True,-1,-1,-1,-1,-1.0,-1
6453,0,1,3,4,16,False,187,4,16,1040,10.4,83
6454,0,-1,-1,-1,-1,True,-1,-1,-1,-1,-1.0,-1
6455,0,1,3,2,46,True,4,0,0,0,0.0,0
6456,0,1,3,1,16,False,0,0,0,0,0.0,0
6457,0,1,3,5,39,True,4,3,87,855,8.55,0
6458,0,1,3,2,4,False,132,0,0,0,0.0,0
6459,0,1,3,1,2,False,0,0,0,0,0.0,0
6460,0,1,3,0,0,False,0,0,0,0,0.0,0
6461,0,1,3,4,16,True,80,5,211,1491,14.91,0
6462,0,1,3,4,34,True,232,7,244,2036,20.36,0
6463,0,1,3,4,33,False,130,2,194,706,7.06,0
6464,0,1,3,4,16,False,115,6,49,1585,15.85,0
6465,0,1,3,4,17,False,115,6,32,1568,15.68,0
6466,0,1,3,4,3,True,117,1,214,470,4.7,0
6467,0,1,3,4,4,True,115,6,30,1566,15.66,0
6468,0,1,3,4,16,True,115,6,12,1548,15.48,0
6469,0,1,3,4,34,True,130,2,171,683,6.83,0
6470,0,1,3,4,33,False,64,5,237,1517,15.17,0
6471,0,1,3,4,16,False,142,2,255,767,7.67,0
6472,0,1,3,4,17,False,141,4,160,1184,11.84,0
6473,0,1,3,4,3,True,144,2,145,657,6.57,0
6474,0,1,3,4,4,True,142,2,233,745,7.45,0
6475,0,1,3,4,16,True,141,4,140,1164,11.64,0
6476,0,1,3,4,34,True,64,5,214,1494,14.94,0
6477,0,1,3,4,33,False,208,3,205,973,9.73,0
6478,0,1,3,4,15,False,210,1,200,456,4.56,0
6479,0,1,3,4,16,False,207,4,112,1136,11.36,0
6480,0,1,3,4,17,False,206,6,133,1669,16.69,0
6481,0,1,3,4,3,True,208,4,68,1092,10.92,0
6482,0,1,3,4,4,True,207,4,65,1089,10.89,0
6483,0,1,3,4,16,True,206,6,113,1649,16.49,0
6484,0,1,3,4,34,True,208,3,182,950,9.5,0
6485,0,1,3,4,33,False,129,4,50,1074,10.74,0
6486,0,1,3,4,16,False,133,5,242,1522,15.22,0
6487,0,1,3,4,17,False,118,5,67,1347,13.47,0
6488,0,1,3,4,3,True,119,5,193,1473,14.73,0
6489,0,1,3,4,4,True,118,4,64,1088,10.88,0
6490,0,1,3,4,16,True,118,5,47,1327,13.27,0
6491,0,1,3,4,34,True,108,4,151,1175,11.75,0
6492,0,1,3,4,33,False,182,1,50,306,3.06,0
6493,0,1,3,4,16,False,33,3,39,807,8.07,0
6494,0,1,3,4,16,False,32,6,103,1639,16.39,0
6495,0,1,3,4,3,True,34,2,141,653,6.53,0
6496,0,1,3,4,4,True,32,6,80,1616,16.16,0
6497,0,1,3,4,16,True,34,2,161,673,6.73,0
6498,0,1,3,4,34,True,138,11,148,2964,29.64,0
6499,0,1,3,4,33,False,108,10,184,2744,27.44,0
6500,0,1,3,4,16,False,246,5,231,1511,15.11,0
6501,0,1,3,4,17,False,0,10,1,2561,25.61,117313564
6502,0,-1,-1,-1,-1,True,-1,-1,-1,-1,-1.0,-1
6503,0,-1,-1,-1,-1,True,-1,-1,-1,-1,-1.0,-1
6504,0,-1,-1,-1,-1,True,-1,-1,-1,-1,-1.0,-1
6505,0,-1,-1,-1,-1,True,-1,-1,-1,-1,-1.0,-1
6506,0,1,3,4,17,False,244,5,217,1497,14.97,0
6507,0,1,3,4,3,True,245,4,200,1224,12.24,0
6508,0,1,3,4,4,True,244,6,4,1540,15.4,0
6509,0,1,3,4,16,True,243,5,196,1476,14.76,0
6510,0,1,3,4,34,True,245,3,188,956,9.56,0
6511,0,1,3,4,33,False,18,15,180,4020,40.2,0
6512,0,1,3,4,17,False,5,3,0,768,7.68,167772160
6513,0,-1,-1,-1,-1,True,-1,-1,-1,-1,-1.0,-1
6514,0,-1,-1,-1,-1,True,-1,-1,-1,-1,-1.0,-1
6515,0,-1,-1,-1,-1,True,-1,-1,-1,-1,-1.0,-1
6516,0,-1,-1,-1,-1,True,-1,-1,-1,-1,-1.0,-1
6517,0,1,3,4,4,True,227,6,42,1578,15.78,0
6518,0,1,3,4,16,True,226,5,206,1486,14.86,0
6519,0,1,3,4,31,True,231,1,12,268,2.68,0
6520,0,1,3,4,34,True,4,1,49,305,3.05,0
6521,0,1,3,4,33,False,194,11,111,2927,29.27,0
6522,0,1,3,4,15,False,88,4,53,1077,10.77,0
6523,0,1,3,4,16,False,85,6,114,1650,16.5,0
6524,0,1,3,4,3,True,87,4,139,1163,11.63,0
6525,0,1,3,4,4,True,85,6,91,1627,16.27,0
6526,0,1,3,4,34,True,194,11,87,2903,29.03,0
6527,0,1,3,4,28,False,170,14,28,3612,36.12,0
6528,0,1,3,4,17,False,6,1,24,280,2.8,0
6529,0,1,3,0,0,False,0,0,0,0,0.0,0
6530,0,1,3,4,16,False,146,6,85,1621,16.21,0
6531,0,1,3,4,17,False,145,6,74,1610,16.1,0
6532,0,1,3,4,3,True,147,5,230,1510,15.1,0
6533,0,1,3,4,4,True,146,6,66,1602,16.02,0
6534,0,1,3,4,16,True,145,6,54,1590,15.9,0
6535,0,1,3,4,33,False,160,10,79,2639,26.39,0
6536,0,1,3,1,32,True,0,0,0,0,0.0,0
6537,0,-1,-1,-1,-1,True,-1,-1,-1,-1,-1.0,-1
6538,0,-1,-1,-1,-1,True,-1,-1,-1,-1,-1.0,-1
6539,0,-1,-1,-1,-1,True,-1,-1,-1,-1,-1.0,-1
6540,0,-1,-1,-1,-1,True,-1,-1,-1,-1,-1.0,-1
6541,0,1,3,1,0,False,0,0,0,0,0.0,0
6542,0,1,3,6,58,True,4,0,90,90,0.9,49925
6543,0,1,3,4,3,True,91,3,190,958,9.58,0
6544,0,1,3,4,4,True,90,5,171,1451,14.51,0
6545,0,1,3,4,16,True,91,2,192,704,7.04,0
6546,0,1,3,4,34,True,0,6,228,1764,17.64,0
6547,0,1,3,4,33,False,231,13,133,3461,34.61,0
6548,0,1,3,4,17,False,148,5,12,1292,12.92,0
6549,0,1,3,4,15,False,151,6,234,1770,17.7,0
6550,0,1,3,4,16,False,135,5,97,1377,13.77,0
6551,0,1,3,4,17,False,136,4,78,1102,11.02,0
6552,0,1,3,4,3,True,137,2,115,627,6.27,0
6553,0,1,3,4,4,True,135,5,75,1355,13.55,0
6554,0,1,3,4,16,True,136,4,58,1082,10.82,0
6555,0,1,3,4,34,True,150,2,175,687,6.87,0
6556,0,1,3,4,33,False,105,13,124,3452,34.52,0
6557,0,1,3,4,16,False,24,4,46,1070,10.7,0
6558,0,1,3,4,17,False,107,4,241,1265,12.65,0
6559,0,1,3,4,17,False,108,3,230,998,9.98,0
6560,0,1,3,4,3,True,109,4,185,1209,12.09,0
6561,0,1,3,4,4,True,107,4,130,1154,11.54,0
6562,0,1,3,4,16,True,108,3,210,978,9.78,0
6563,0,1,3,4,34,True,133,1,205,461,4.61,0
6564,0,1,3,4,33,False,5,3,232,1000,10.0,0
6565,0,1,3,4,16,False,5,3,3,771,7.71,42
6566,0,-1,-1,-1,-1,True,-1,-1,-1,-1,-1.0,-1
6567,0,1,3,4,17,False,195,3,130,898,8.98,0
6568,0,1,3,4,3,True,197,2,240,752,7.52,0
6569,0,1,3,4,4,True,195,2,240,752,7.52,0
6570,0,1,3,4,16,True,195,3,109,877,8.77,0
6571,0,1,3,4,34,True,200,6,200,1736,17.36,0
6572,0,1,3,4,17,False,12,3,225,993,9.93,0
6573,0,1,3,4,3,True,16,0,176,176,1.76,0
6574,0,1,3,4,4,True,12,6,178,1714,17.14,0
6575,0,1,3,4,16,True,12,3,205,973,9.73,0
6576,0,1,3,4,34,True,80,14,130,3714,37.14,0
6577,0,1,3,4,33,False,86,6,230,1766,17.66,0
6578,0,1,3,4,16,False,177,4,20,1044,10.44,0
6579,0,1,3,4,17,False,176,4,138,1162,11.62,0
6580,0,1,3,4,3,True,177,3,12,780,7.8,0
6581,0,1,3,4,4,True,176,4,17,1041,10.41,0
6582,0,1,3,4,16,True,176,4,116,1140,11.4,0
6583,0,1,3,4,34,True,86,6,208,1744,17.44,0
6584,0,1,3,4,33,False,84,11,202,3018,30.18,0
6585,0,1,3,4,16,False,238,4,137,1161,11.61,0
6586,0,1,3,4,17,False,236,4,109,1133,11.33,0
6587,0,1,3,4,3,True,238,4,116,1140,11.4,0
6588,0,1,3,4,4,True,237,4,26,1050,10.5,0
6589,0,1,3,4,16,True,236,4,88,1112,11.12,0
6590,0,1,3,4,34,True,84,11,180,2996,29.96,0
6591,0,1,3,4,33,False,198,10,62,2622,26.22,0
6592,0,1,3,4,17,False,75,4,250,1274,12.74,0
6593,0,1,3,4,16,False,74,6,32,1568,15.68,0
6594,0,1,3,4,3,True,76,1,207,463,4.63,0
6595,0,1,3,4,4,True,74,6,9,1545,15.45,0
6596,0,1,3,4,16,True,75,4,230,1254,12.54,0
6597,0,1,3,4,34,True,198,10,39,2599,25.99,0
6598,0,1,3,4,33,False,7,4,114,1138,11.38,0
6599,0,1,3,4,16,False,15,4,56,1080,10.8,0
6600,0,1,3,4,17,False,13,5,21,1301,13.01,0
6601,0,1,3,4,4,True,14,4,42,1066,10.66,0
6602,0,1,3,4,5,True,15,2,93,605,6.05,0
6603,0,1,3,4,16,True,13,4,255,1279,12.79,0
6604,0,1,3,4,34,True,7,4,91,1115,11.15,0
6605,0,1,3,4,33,False,233,2,41,553,5.53,0
6606,0,1,3,4,15,False,214,5,68,1348,13.48,0
6607,0,1,3,4,16,False,211,5,197,1477,14.77,62890500
6608,0,-1,-1,-1,-1,True,-1,-1,-1,-1,-1.0,-1
6609,0,-1,-1,-1,-1,True,-1,-1,-1,-1,-1.0,-1
6610,0,-1,-1,-1,-1,True,-1,-1,-1,-1,-1.0,-1
6611,0,-1,-1,-1,-1,True,-1,-1,-1,-1,-1.0,-1
6612,0,1,3,2,4,False,33,0,0,0,0.0,0
6613,0,1,3,7,15,False,140,4,17,1041,10.41,15467576
6614,0,1,3,4,16,True,56,4,214,1238,12.38,0
6615,0,1,3,4,34,True,111,15,117,3957,39.57,0
6616,0,1,3,4,33,False,107,8,45,2093,20.93,0
6617,0,1,3,4,16,False,4,10,0,2560,25.6,167772160
6618,0,-1,-1,-1,-1,True,-1,-1,-1,-1,-1.0,-1
6619,0,-1,-1,-1,-1,True,-1,-1,-1,-1,-1.0,-1
6620,0,1,3,4,3,True,36,4,197,1221,12.21,0
6621,0,1,3,4,4,True,35,4,190,1214,12.14,0
6622,0,1,3,4,16,True,35,5,186,1466,14.66,0
6623,0,1,3,4,34,True,75,0,180,180,1.8,0
6624,0,1,3,4,33,False,37,5,33,1313,13.13,0
6625,0,1,3,4,17,False,104,4,220,1244,12.44,0
6626,0,1,3,4,15,False,107,6,242,1778,17.78,0
6627,0,1,3,4,16,False,104,6,235,1771,17.71,0
6628,0,1,3,4,3,True,105,6,255,1791,17.91,0
6629,0,1,3,4,4,True,104,6,213,1749,17.49,0
6630,0,1,3,4,16,True,104,4,200,1224,12.24,0
6631,0,1,3,4,34,True,37,5,11,1291,12.91,0
6632,0,1,3,4,33,False,37,15,139,3979,39.79,0
6633,0,1,3,4,16,False,41,4,183,1207,12.07,0
6634,0,1,3,4,17,False,42,3,123,891,8.91,0
6635,0,1,3,4,3,True,42,3,121,889,8.89,0
6636,0,1,3,4,4,True,41,4,161,1185,11.85,0
6637,0,1,3,4,16,True,42,3,102,870,8.7,0
6638,0,1,3,4,34,True,96,15,116,3956,39.56,0
6639,0,1,3,4,33,False,6,10,0,2560,25.6,167772160
6640,0,-1,-1,-1,-1,True,-1,-1,-1,-1,-1.0,-1
6641,0,-1,-1,-1,-1,True,-1,-1,-1,-1,-1.0,-1
6642,0,1,3,4,3,True,182,4,187,1211,12.11,0
6643,0,1,3,4,4,True,182,6,52,1588,15.88,0
6644,0,1,3,4,16,True,182,5,123,1403,14.03,0
6645,0,1,3,4,34,True,201,2,86,598,5.98,0
6646,0,1,3,4,33,False,9,8,63,2111,21.11,0
6647,0,1,3,4,16,False,6,11,0,2816,28.16,167772160
6648,0,-1,-1,-1,-1,True,-1,-1,-1,-1,-1.0,-1
6649,0,-1,-1,-1,-1,True,-1,-1,-1,-1,-1.0,-1
6650,0,-1,-1,-1,-1,True,-1,-1,-1,-1,-1.0,-1
6651,0,-1,-1,-1,-1,True,-1,-1,-1,-1,-1.0,-1
6652,0,1,3,4,4,True,138,4,102,1126,11.26,0
6653,0,1,3,4,5,True,140,1,80,336,3.36,0
6654,0,1,3,4,16,True,137,6,70,1606,16.06,0
6655,0,1,3,4,34,True,156,2,104,616,6.16,0
6656,0,1,3,4,33,False,118,11,137,2953,29.53,0
6657,0,1,3,4,17,False,10,4,131,1155,11.55,0
6658,0,1,3,4,16,False,11,6,88,1624,16.24,0
6659,0,1,3,4,3,True,11,4,182,1206,12.06,0
6660,0,1,3,4,4,True,11,6,64,1600,16.0,0
6661,0,1,3,4,16,True,10,4,110,1134,11.34,0
6662,0,1,3,4,34,True,118,11,115,2931,29.31,0
6663,0,1,3,4,33,False,93,10,12,2572,25.72,0
6664,0,1,3,4,16,False,223,3,188,956,9.56,0
6665,0,1,3,4,34,True,41,14,58,3642,36.42,0
6666,0,1,3,4,33,False,89,11,95,2911,29.11,0
6667,0,1,3,4,17,False,235,3,226,994,9.94,0
6668,0,1,3,4,16,True,235,3,205,973,9.73,0
6669,0,1,3,4,34,True,89,11,73,2889,28.89,0
6670,0,1,3,4,33,False,220,11,93,2909,29.09,0
6671,0,1,3,4,16,False,111,4,245,1269,12.69,0
6672,0,1,3,4,17,False,110,4,136,1160,11.6,0
6673,0,1,3,4,3,True,112,4,180,1204,12.04,0
6674,0,1,3,4,4,True,111,4,223,1247,12.47,0
6675,0,1,3,4,16,True,110,4,116,1140,11.4,0
6676,0,1,3,4,34,True,220,11,71,2887,28.87,0
6677,0,1,3,4,33,False,17,3,193,961,9.61,0
6678,0,1,3,4,15,False,19,5,27,1307,13.07,0
6679,0,1,3,4,16,False,15,4,223,1247,12.47,0
6680,0,1,3,4,17,False,14,6,11,1547,15.47,0
6681,0,1,3,4,3,True,16,5,56,1336,13.36,0
6682,0,1,3,4,4,True,15,3,179,947,9.47,0
6683,0,1,3,4,5,True,16,1,60,316,3.16,0
6684,0,1,3,4,16,True,14,5,246,1526,15.26,0
6685,0,1,3,4,34,True,17,3,169,937,9.37,0
6686,0,1,3,4,33,False,2,0,172,172,1.72,0
6687,0,1,3,4,16,False,217,5,96,1376,13.76,0
6688,0,1,3,4,17,False,216,5,87,1367,13.67,0
6689,0,1,3,4,3,True,218,4,205,1229,12.29,0
6690,0,1,3,4,4,True,217,5,77,1357,13.57,0
6691,0,1,3,4,16,True,216,5,66,1346,13.46,0
6692,0,1,3,4,34,True,2,0,149,149,1.49,0
6693,0,1,3,4,33,False,220,15,250,4090,40.9,0
6694,0,1,3,4,15,False,173,4,99,1123,11.23,0
6695,0,1,3,4,16,False,169,7,157,1949,19.49,0
6696,0,1,3,4,17,False,172,0,235,235,2.35,8
6697,0,-1,-1,-1,-1,True,-1,-1,-1,-1,-1.0,-1
6698,0,1,3,7,4,False,17,11,6,2822,28.22,8652027
6699,0,1,3,3,8,False,119,4,0,1024,10.24,0
6700,0,1,3,5,45,True,0,6,4,1540,15.4,144
6701,0,1,3,3,6,False,231,4,0,1024,10.24,0
6702,0,1,3,2,57,False,8,0,0,0,0.0,0
6703,0,1,3,5,4,False,33,9,13,2317,23.17,12
6704,0,1,3,4,15,False,36,2,172,684,6.84,0
6705,0,1,3,4,16,False,32,6,189,1725,17.25,0
6706,0,1,3,4,17,False,33,3,215,983,9.83,0
6707,0,1,3,4,3,True,33,5,103,1383,13.83,0
6708,0,1,3,4,4,True,32,6,167,1703,17.03,0
6709,0,1,3,4,16,True,33,3,194,962,9.62,0
6710,0,1,3,4,34,True,120,12,244,3316,33.16,0
6711,0,1,3,4,33,False,202,5,183,1463,14.63,0
6712,0,1,3,4,16,False,228,2,67,579,5.79,0
6713,0,1,3,4,17,False,226,3,94,862,8.62,0
6714,0,1,3,4,3,True,228,2,44,556,5.56,0
6715,0,1,3,4,16,True,226,3,73,841,8.41,0
6716,0,1,3,4,34,True,202,5,160,1440,14.4,0
6717,0,1,3,4,33,False,112,5,221,1501,15.01,0
6718,0,1,3,4,16,False,138,4,116,1140,11.4,0
6719,0,1,3,4,3,True,138,4,94,1118,11.18,0
6720,0,1,3,4,4,True,138,4,3,1027,10.27,0
6721,0,1,3,4,34,True,112,5,197,1477,14.77,0
6722,0,1,3,4,33,False,15,15,199,4039,40.39,0
6723,0,1,3,4,16,False,219,3,150,918,9.18,0
6724,0,1,3,4,17,False,230,5,69,1349,13.49,0
6725,0,1,3,4,3,True,235,0,145,145,1.45,0
6726,0,1,3,4,4,True,231,3,143,911,9.11,0
6727,0,1,3,4,16,True,229,5,48,1328,13.28,0
6728,0,1,3,4,34,True,75,11,224,3040,30.4,0
6729,0,1,3,4,33,False,18,5,184,1464,14.64,0
6730,0,1,3,4,16,False,41,4,151,1175,11.75,0
6731,0,1,3,4,17,False,41,4,235,1259,12.59,0
6732,0,1,3,4,3,True,43,3,183,951,9.51,0
6733,0,1,3,4,4,True,41,4,129,1153,11.53,0
6734,0,1,3,4,16,True,41,4,214,1238,12.38,0
6735,0,1,3,4,34,True,18,5,161,1441,14.41,0
6736,0,1,3,4,33,False,249,11,158,2974,29.74,0
6737,0,1,3,4,16,False,144,3,197,965,9.65,0
6738,0,1,3,4,17,False,143,5,87,1367,13.67,0
6739,0,1,3,4,3,True,145,3,156,924,9.24,0
6740,0,1,3,4,4,True,144,2,51,563,5.63,0
6741,0,1,3,4,16,True,142,5,65,1345,13.45,0
6742,0,1,3,4,34,True,249,11,135,2951,29.51,0
6743,0,1,3,4,33,False,84,12,34,3106,31.06,0
6744,0,1,3,4,17,False,241,5,103,1383,13.83,0
6745,0,1,3,4,16,False,240,7,84,1876,18.76,0
6746,0,1,3,4,3,True,241,4,225,1249,12.49,0
6747,0,1,3,4,4,True,240,7,61,1853,18.53,0
6748,0,1,3,4,16,True,241,5,83,1363,13.63,0
6749,0,1,3,4,34,True,84,12,10,3082,30.82,0
6750,0,1,3,4,33,False,223,7,240,2032,20.32,0
6751,0,1,3,4,16,False,71,5,133,1413,14.13,0
6752,0,1,3,4,17,False,70,5,42,1322,13.22,0
6753,0,1,3,4,3,True,71,4,112,1136,11.36,0
6754,0,1,3,4,4,True,70,5,118,1398,13.98,0
6755,0,1,3,4,16,True,70,5,21,1301,13.01,0
6756,0,1,3,4,34,True,223,7,219,2011,20.11,0
6757,0,1,3,4,33,False,141,10,181,2741,27.41,0
6758,0,1,3,4,16,False,24,4,155,1179,11.79,0
6759,0,1,3,4,17,False,22,6,175,1711,17.11,0
6760,0,1,3,4,3,True,24,3,47,815,8.15,0
6761,0,1,3,4,4,True,23,4,151,1175,11.75,0
6762,0,1,3,4,16,True,22,6,154,1690,16.9,0
6763,0,1,3,4,34,True,141,1,3,259,2.59,203
6764,0,-1,-1,-1,-1,True,-1,-1,-1,-1,-1.0,-1
6765,0,1,3,4,17,False,96,5,110,1390,13.9,0
6766,0,1,3,4,3,True,97,6,241,1777,17.77,0
6767,0,1,3,4,4,True,96,3,180,948,9.48,0
6768,0,1,3,4,16,True,95,5,89,1369,13.69,0
6769,0,1,3,4,34,True,174,13,177,3505,35.05,0
6770,0,1,3,4,33,False,1,4,139,1163,11.63,0
6771,0,1,3,4,16,False,10,5,11,1291,12.91,0
6772,0,1,3,4,17,False,10,4,83,1107,11.07,0
6773,0,1,3,4,3,True,12,1,56,312,3.12,0
6774,0,1,3,4,4,True,10,4,244,1268,12.68,0
6775,0,1,3,4,16,True,10,4,64,1088,10.88,0
6776,0,1,3,4,34,True,1,4,116,1140,11.4,0
6777,0,1,3,4,33,False,36,7,155,1947,19.47,0
6778,0,1,3,4,3,True,135,4,226,1250,12.5,0
6779,0,1,3,4,16,False,134,6,245,1781,17.81,0
6780,0,1,3,4,17,False,134,6,218,1754,17.54,0
6781,0,1,3,4,4,True,134,6,226,1762,17.62,0
6782,0,1,3,4,16,True,134,6,197,1733,17.33,0
6783,0,1,3,4,34,True,36,7,132,1924,19.24,0
6784,0,1,3,4,33,False,140,7,27,1819,18.19,0
6785,0,1,3,4,16,False,232,10,126,2686,26.86,0
6786,0,1,3,4,16,False,147,3,216,984,9.84,0
6787,0,1,3,4,17,False,145,5,188,1468,14.68,0
6788,0,1,3,4,4,True,147,3,194,962,9.62,0
6789,0,1,3,4,16,True,145,5,168,1448,14.48,0
6790,0,1,3,4,34,True,61,10,102,2662,26.62,0
6791,0,1,3,4,33,False,196,5,123,1403,14.03,0
6792,0,1,3,4,16,False,217,5,95,1375,13.75,0
6793,0,1,3,4,17,False,217,4,89,1113,11.13,0
6794,0,1,3,4,3,True,218,5,32,1312,13.12,0
6795,0,1,3,4,4,True,217,5,73,1353,13.53,0
6796,0,1,3,4,16,True,217,4,69,1093,10.93,0
6797,0,1,3,4,34,True,196,5,101,1381,13.81,0
6798,0,1,3,4,33,False,248,13,57,3385,33.85,0
6799,0,1,3,4,16,False,163,4,233,1257,12.57,0
6800,0,1,3,4,17,False,162,5,1,1281,12.81,0
6801,0,1,3,4,3,True,165,2,204,716,7.16,0
6802,0,1,3,4,4,True,162,4,216,1240,12.4,0
6803,0,1,3,4,16,True,162,4,235,1259,12.59,0
6804,0,1,3,4,34,True,248,13,35,3363,33.63,0
6805,0,1,3,4,33,False,51,14,154,3738,37.38,0
6806,0,1,3,4,16,False,242,2,35,547,5.47,0
6807,0,1,3,4,17,False,239,4,237,1261,12.61,0
6808,0,1,3,4,3,True,244,1,194,450,4.5,0
6809,0,1,3,4,4,True,242,2,13,525,5.25,0
6810,0,1,3,4,16,True,239,4,215,1239,12.39,0
6811,0,1,3,4,34,True,51,14,132,3716,37.16,0
6812,0,1,3,4,33,False,227,1,21,277,2.77,0
6813,0,1,3,4,16,False,192,14,2,3586,35.86,143
6814,0,-1,-1,-1,-1,True,-1,-1,-1,-1,-1.0,-1
6815,0,1,3,4,17,False,109,5,197,1477,14.77,0
6816,0,1,3,4,3,True,114,0,242,242,2.42,0
6817,0,1,3,4,4,True,110,2,119,631,6.31,0
6818,0,1,3,4,16,True,109,5,175,1455,14.55,0
6819,0,1,3,4,34,True,15,7,39,1831,18.31,0
6820,0,1,3,4,33,False,146,7,29,1821,18.21,0
6821,0,1,3,4,16,False,186,12,6,3078,30.78,212
6822,0,-1,-1,-1,-1,True,-1,-1,-1,-1,-1.0,-1
6823,0,1,3,4,3,True,29,4,203,1227,12.27,0
6824,0,1,3,4,4,True,28,6,30,1566,15.66,0
6825,0,1,3,4,5,True,31,0,251,251,2.51,0
6826,0,1,3,4,16,True,28,6,192,1728,17.28,0
6827,0,1,3,4,34,True,111,13,110,3438,34.38,0
6828,0,1,3,4,33,False,33,3,154,922,9.22,0
6829,0,1,3,4,16,False,29,5,16,1296,12.96,0
6830,0,1,3,4,17,False,28,4,184,1208,12.08,0
6831,0,1,3,4,3,True,31,2,165,677,6.77,0
6832,0,1,3,4,4,True,29,4,250,1274,12.74,0
6833,0,1,3,4,16,True,28,4,163,1187,11.87,0
6834,0,1,3,4,34,True,32,3,131,899,8.99,0
6835,0,1,3,4,33,False,98,15,116,3956,39.56,0
6836,0,1,3,4,16,False,96,6,179,1715,17.15,0
6837,0,1,3,4,3,True,97,4,179,1203,12.03,0
6838,0,1,3,4,4,True,96,4,86,1110,11.1,0
6839,0,1,3,4,5,True,99,0,180,180,1.8,0
6840,0,1,3,4,16,True,96,6,158,1694,16.94,0
6841,0,1,3,4,34,True,106,3,18,786,7.86,0
6842,0,1,3,4,33,False,135,15,135,3975,39.75,0
6843,0,1,3,4,16,False,79,5,242,1522,15.22,0
6844,0,1,3,4,17,False,78,4,152,1176,11.76,0
6845,0,1,3,4,3,True,80,2,252,764,7.64,0
6846,0,1,3,4,4,True,79,5,220,1500,15.0,0
6847,0,1,3,4,16,True,78,4,130,1154,11.54,0
6848,0,1,3,4,34,True,135,15,112,3952,39.52,0
6849,0,1,3,4,33,False,221,15,189,4029,40.29,0
6850,0,1,3,4,16,False,168,4,48,1072,10.72,0
6851,0,1,3,4,17,False,167,6,65,1601,16.01,0
6852,0,1,3,4,3,True,169,3,249,1017,10.17,0
6853,0,1,3,4,4,True,168,3,255,1023,10.23,0
6854,0,1,3,4,16,True,167,6,45,1581,15.81,0
6855,0,1,3,4,34,True,221,15,166,4006,40.06,0
6856,0,1,3,4,33,False,141,11,204,3020,30.2,0
6857,0,1,3,4,16,False,39,3,169,937,9.37,0
6858,0,1,3,4,17,False,37,5,86,1366,13.66,0
6859,0,1,3,4,3,True,42,1,120,376,3.76,0
6860,0,1,3,4,4,True,39,3,147,915,9.15,0
6861,0,1,3,4,16,True,37,5,66,1346,13.46,0
6862,0,1,3,4,34,True,141,11,182,2998,29.98,0
6863,0,1,3,4,33,False,163,13,130,3458,34.58,0
6864,0,1,3,4,3,True,6,5,0,1280,12.8,167772160
6865,0,-1,-1,-1,-1,True,-1,-1,-1,-1,-1.0,-1
6866,0,-1,-1,-1,-1,True,-1,-1,-1,-1,-1.0,-1
6867,0,-1,-1,-1,-1,True,-1,-1,-1,-1,-1.0,-1
6868,0,1,3,4,3,True,55,1,52,308,3.08,0
6869,0,1,3,4,4,True,52,5,238,1518,15.18,0
6870,0,1,3,4,16,True,52,4,186,1210,12.1,0
6871,0,1,3,4,34,True,160,11,99,2915,29.15,0
6872,0,1,3,4,33,False,68,11,23,2839,28.39,0
6873,0,1,3,4,16,False,211,3,118,886,8.86,0
6874,0,1,3,4,17,False,211,5,63,1343,13.43,0
6875,0,1,3,4,3,True,213,2,233,745,7.45,0
6876,0,1,3,4,4,True,211,3,94,862,8.62,0
6877,0,1,3,4,16,True,211,5,43,1323,13.23,0
6878,0,1,3,4,34,True,55,1,1,257,2.57,0
6879,0,1,3,4,15,False,110,0,38,38,0.38,0
6880,0,1,3,4,16,False,100,4,245,1269,12.69,0
6881,0,1,3,4,17,False,99,4,3,1027,10.27,0
6882,0,1,3,4,33,False,55,7,107,1899,18.99,0
6883,0,1,3,4,3,True,213,4,200,1224,12.24,0
6884,0,1,3,4,4,True,99,4,50,1074,10.74,0
6885,0,1,3,4,16,True,100,3,221,989,9.89,0
6886,0,1,3,4,34,True,55,2,85,597,5.97,0
6887,0,1,3,4,33,False,79,6,109,1645,16.45,0
6888,0,1,3,4,16,False,112,4,53,1077,10.77,0
6889,0,1,3,4,17,False,110,4,241,1265,12.65,0
6890,0,1,3,4,3,True,112,3,205,973,9.73,0
6891,0,1,3,4,4,True,113,4,14,1038,10.38,0
6892,0,1,3,4,16,True,110,4,220,1244,12.44,0
6893,0,1,3,4,34,True,79,6,86,1622,16.22,0
6894,0,1,3,4,33,False,221,0,19,19,0.19,0
6895,0,1,3,4,16,False,17,1,6,262,2.62,22
6896,0,-1,-1,-1,-1,True,-1,-1,-1,-1,-1.0,-1
6897,0,1,3,4,3,True,19,3,207,975,9.75,0
6898,0,1,3,4,4,True,18,5,255,1535,15.35,0
6899,0,1,3,4,16,True,17,6,1,1537,15.37,0
6900,0,1,3,4,34,True,71,15,157,3997,39.97,0
6901,0,1,3,4,28,False,200,14,59,3643,36.43,0
6902,0,1,3,4,16,False,127,4,114,1138,11.38,0
6903,0,1,3,4,17,False,127,5,35,1315,13.15,0
6904,0,1,3,4,3,True,130,1,241,497,4.97,0
6905,0,1,3,4,4,True,127,4,92,1116,11.16,0
6906,0,1,3,4,16,True,127,5,15,1295,12.95,0
6907,0,1,3,4,34,True,200,14,36,3620,36.2,0
6908,0,1,3,4,33,False,90,0,148,148,1.48,0
6909,0,1,3,4,16,False,47,6,217,1753,17.53,0
6910,0,1,3,4,17,False,47,5,248,1528,15.28,0
6911,0,1,3,4,3,True,49,3,29,797,7.97,0
6912,0,1,3,4,4,True,47,6,194,1730,17.3,0
6913,0,1,3,4,16,True,47,5,228,1508,15.08,0
6914,0,1,3,4,32,True,50,0,199,199,1.99,0
6915,0,1,3,4,34,True,90,0,124,124,1.24,0
6916,0,1,3,4,33,False,226,5,17,1297,12.97,0
6917,0,1,3,4,16,False,37,4,233,1257,12.57,0
6918,0,1,3,4,17,False,36,5,157,1437,14.37,0
6919,0,1,3,4,3,True,38,2,117,629,6.29,0
6920,0,1,3,4,4,True,37,4,210,1234,12.34,0
6921,0,1,3,4,16,True,36,5,135,1415,14.15,0
6922,0,1,3,4,34,True,226,4,250,1274,12.74,0
6923,0,1,3,4,33,False,198,12,26,3098,30.98,0
6924,0,1,3,4,16,False,98,5,123,1403,14.03,0
6925,0,1,3,4,17,False,98,4,167,1191,11.91,0
6926,0,1,3,4,3,True,100,3,159,927,9.27,0
6927,0,1,3,4,4,True,98,5,100,1380,13.8,0
6928,0,1,3,4,16,True,98,4,146,1170,11.7,0
6929,0,1,3,4,34,True,198,2,199,711,7.11,0
6930,0,1,3,4,17,False,234,5,191,1471,14.71,0
6931,0,1,3,4,3,True,240,1,84,340,3.4,0
6932,0,1,3,4,4,True,235,2,212,724,7.24,0
6933,0,1,3,4,16,True,234,5,171,1451,14.51,0
6934,0,1,3,4,34,True,30,15,188,4028,40.28,0
6935,0,1,3,4,33,False,205,1,194,450,4.5,0
6936,0,1,3,4,16,False,178,4,79,1103,11.03,0
6937,0,1,3,4,17,False,177,4,105,1129,11.29,0
6938,0,1,3,4,3,True,179,3,123,891,8.91,0
6939,0,1,3,4,4,True,178,4,61,1085,10.85,0
6940,0,1,3,4,16,True,177,4,82,1106,11.06,0
6941,0,1,3,4,34,True,205,1,171,427,4.27,0
6942,0,1,3,4,33,False,200,1,232,488,4.88,0
6943,0,1,3,4,16,False,174,6,209,1745,17.45,0
6944,0,1,3,4,3,True,176,2,116,628,6.28,0
6945,0,1,3,4,4,True,174,6,187,1723,17.23,0
6946,0,1,3,4,34,True,200,1,208,464,4.64,0
6947,0,1,3,4,33,False,12,13,3,3331,33.31,0
6948,0,1,3,4,15,False,182,4,172,1196,11.96,0
6949,0,1,3,4,16,False,179,7,107,1899,18.99,0
6950,0,1,3,4,17,False,180,5,190,1470,14.7,0
6951,0,1,3,4,3,True,179,4,209,1233,12.33,0
6952,0,1,3,4,4,True,179,7,85,1877,18.77,0
6953,0,1,3,4,16,True,180,5,169,1449,14.49,0
6954,0,1,3,4,32,True,181,0,234,234,2.34,0
6955,0,1,3,4,34,True,12,12,237,3309,33.09,0
6956,0,1,3,4,33,False,76,4,179,1203,12.03,0
6957,0,1,3,4,17,False,75,5,239,1519,15.19,0
6958,0,1,3,4,3,True,80,1,135,391,3.91,0
6959,0,1,3,4,4,True,76,4,156,1180,11.8,0
6960,0,1,3,4,16,True,75,5,218,1498,14.98,0
6961,0,1,3,4,34,True,81,3,79,847,8.47,0
6962,0,1,3,4,33,False,217,14,208,3792,37.92,0
6963,0,1,3,4,16,False,152,5,142,1422,14.22,0
6964,0,1,3,4,17,False,151,5,111,1391,13.91,0
6965,0,1,3,4,3,True,153,5,32,1312,13.12,0
6966,0,1,3,4,4,True,152,5,122,1402,14.02,0
6967,0,1,3,4,16,True,151,5,91,1371,13.71,0
6968,0,1,3,4,34,True,217,14,184,3768,37.68,0
6969,0,1,3,4,33,False,163,0,167,167,1.67,0
6970,0,1,3,4,16,False,122,3,89,857,8.57,0
6971,0,1,3,4,17,False,121,4,202,1226,12.26,0
6972,0,1,3,4,3,True,123,3,41,809,8.09,0
6973,0,1,3,4,4,True,122,2,55,567,5.67,0
6974,0,1,3,4,16,True,121,4,181,1205,12.05,0
6975,0,1,3,4,34,True,163,0,143,143,1.43,0
6976,0,1,3,2,35,True,0,0,0,0,0.0,0
6977,0,1,3,7,4,False,16,8,1,2049,20.49,1115220
6978,0,1,3,4,4,False,247,4,132,1156,11.56,0
6979,0,1,3,4,2,False,129,4,144,1168,11.68,0
6980,0,1,3,4,4,False,225,4,162,1186,11.86,0
6981,0,1,3,5,2,False,116,4,33,1057,10.57,101
6982,0,1,3,3,59,False,4,15,0,3840,38.4,0
6983,0,1,3,0,0,False,0,0,0,0,0.0,0
6984,0,1,3,3,43,True,4,0,0,0,0.0,0
6985,0,1,3,2,4,False,149,0,0,0,0.0,0
6986,0,-1,-1,-1,-1,True,-1,-1,-1,-1,-1.0,-1
6987,0,1,3,4,3,True,118,5,208,1488,14.88,0
6988,0,1,3,4,4,True,118,3,242,1010,10.1,0
6989,0,1,3,4,16,True,117,5,45,1325,13.25,0
6990,0,1,3,4,32,True,120,0,223,223,2.23,0
6991,0,1,3,4,34,True,172,15,149,3989,39.89,0
6992,0,1,3,4,33,False,36,14,240,3824,38.24,0
6993,0,1,3,4,16,False,229,3,220,988,9.88,0
6994,0,1,3,4,17,False,228,6,3,1539,15.39,0
6995,0,1,3,4,4,True,229,3,198,966,9.66,0
6996,0,1,3,4,16,True,228,5,239,1519,15.19,0
6997,0,1,3,4,34,True,36,14,217,3801,38.01,0
6998,0,1,3,4,33,False,81,0,88,88,0.88,0
6999,0,1,3,4,16,False,36,4,204,1228,12.28,0
7000,0,1,3,4,17,False,35,4,92,1116,11.16,0
7001,0,1,3,4,3,True,38,2,173,685,6.85,0
7002,0,1,3,4,4,True,36,4,182,1206,12.06,0
7003,0,1,3,4,16,True,35,4,72,1096,10.96,0
7004,0,1,3,4,34,True,81,0,65,65,0.65,0
7005,0,1,3,4,33,False,78,4,25,1049,10.49,0
7006,0,1,3,4,16,False,80,5,91,1371,13.71,0
7007,0,1,3,4,17,False,80,5,15,1295,12.95,0
7008,0,1,3,4,3,True,82,3,200,968,9.68,0
7009,0,1,3,4,4,True,80,5,83,1363,13.63,0
7010,0,1,3,4,16,True,80,4,243,1267,12.67,0
7011,0,1,3,4,34,True,78,4,2,1026,10.26,0
7012,0,1,3,4,33,False,9,11,180,2996,29.96,0
7013,0,1,3,4,15,False,166,1,135,391,3.91,0
7014,0,1,3,4,16,False,161,3,220,988,9.88,0
7015,0,1,3,4,17,False,160,5,91,1371,13.71,0
7016,0,1,3,4,3,True,163,2,171,683,6.83,0
7017,0,1,3,4,4,True,161,3,197,965,9.65,0
7018,0,1,3,4,16,True,160,5,70,1350,13.5,0
7019,0,1,3,4,34,True,9,11,156,2972,29.72,0
7020,0,1,3,4,33,False,102,14,21,3605,36.05,0
7021,0,1,3,4,16,False,27,14,132,3716,37.16,0
7022,0,1,3,4,5,True,196,0,186,186,1.86,0
7023,0,1,3,5,24,False,30,9,4,2308,23.08,17
7024,0,1,24,0,0,False,0,0,0,0,0.0,0
7025,0,1,0,7,32,True,28,4,192,1216,12.16,1896965
7026,0,1,18,0,0,False,0,0,0,0,0.0,0
7027,0,1,24,0,0,False,0,0,0,0,0.0,0
7028,0,1,0,7,11,True,28,1,209,465,4.65,1843460
7029,0,1,1,7,23,True,3,3,28,796,7.96,316432
7030,0,1,27,3,28,False,17,3,0,768,7.68,0
7031,0,1,0,6,25,False,28,3,213,981,9.81,20227
7032,0,1,3,4,4,True,212,4,197,1221,12.21,0
7033,0,1,3,4,16,True,211,6,4,1540,15.4,0
7034,0,1,3,4,34,True,209,4,11,1035,10.35,0
7035,0,1,3,4,33,False,63,5,184,1464,14.64,0
7036,0,1,3,4,4,True,138,3,80,848,8.48,0
7037,0,1,3,4,16,False,138,5,7,1287,12.87,0
7038,0,1,3,4,17,False,137,5,59,1339,13.39,0
7039,0,1,3,4,3,True,138,4,242,1266,12.66,0
7040,0,1,3,4,16,True,137,5,35,1315,13.15,0
7041,0,1,3,4,34,True,63,5,161,1441,14.41,0
7042,0,1,3,4,33,False,37,0,214,214,2.14,0
7043,0,1,3,4,16,False,255,4,92,1116,11.16,0
7044,0,1,3,4,17,False,254,5,55,1335,13.35,0
7045,0,1,3,4,3,True,1,3,162,930,9.3,0
7046,0,1,3,4,4,True,254,4,86,1110,11.1,0
7047,0,1,3,4,16,True,254,5,34,1314,13.14,0
7048,0,1,3,4,34,True,37,0,192,192,1.92,0
7049,0,1,3,4,33,False,56,3,61,829,8.29,0
7050,0,1,3,4,16,False,48,3,252,1020,10.2,0
7051,0,1,3,4,17,False,75,2,91,603,6.03,0
7052,0,1,3,4,17,False,71,4,47,1071,10.71,0
7053,0,1,3,4,3,True,75,2,71,583,5.83,0
7054,0,1,3,4,4,True,74,2,58,570,5.7,0
7055,0,1,3,4,16,True,71,4,26,1050,10.5,0
7056,0,1,3,4,34,True,125,15,167,4007,40.07,0
7057,0,1,3,4,33,False,44,2,87,599,5.99,0
7058,0,1,3,4,16,False,24,4,51,1075,10.75,0
7059,0,1,3,4,17,False,24,4,201,1225,12.25,0
7060,0,1,3,4,3,True,27,1,81,337,3.37,0
7061,0,1,3,4,4,True,24,4,38,1062,10.62,0
7062,0,1,3,4,16,True,25,4,150,1174,11.74,0
7063,0,1,3,4,34,True,44,2,63,575,5.75,0
7064,0,1,3,4,33,False,176,14,107,3691,36.91,0
7065,0,1,3,4,16,False,106,4,9,1033,10.33,0
7066,0,1,3,4,17,False,106,4,98,1122,11.22,0
7067,0,1,3,4,3,True,107,3,219,987,9.87,0
7068,0,1,3,4,4,True,106,3,218,986,9.86,0
7069,0,1,3,4,16,True,106,4,76,1100,11.0,0
7070,0,1,3,4,34,True,176,14,83,3667,36.67,0
7071,0,1,3,4,33,False,7,13,133,3461,34.61,0
7072,0,1,3,4,16,False,181,10,0,2560,25.6,89
7073,0,-1,-1,-1,-1,True,-1,-1,-1,-1,-1.0,-1
7074,0,1,3,4,17,False,133,4,149,1173,11.73,0
7075,0,1,3,4,33,False,138,3,130,898,8.98,0
7076,0,1,3,4,4,True,134,0,235,235,2.35,0
7077,0,1,3,4,16,True,133,4,128,1152,11.52,0
7078,0,1,3,4,34,True,138,3,107,875,8.75,0
7079,0,1,3,4,33,False,159,15,108,3948,39.48,0
7080,0,1,3,4,16,False,102,5,169,1449,14.49,0
7081,0,1,3,4,17,False,100,5,121,1401,14.01,0
7082,0,1,3,4,3,True,102,5,146,1426,14.26,0
7083,0,1,3,4,4,True,103,4,100,1124,11.24,0
7084,0,1,3,4,16,True,100,5,101,1381,13.81,0
7085,0,1,3,4,34,True,159,15,86,3926,39.26,0
7086,0,1,3,4,33,False,231,6,150,1686,16.86,0
7087,0,1,3,4,16,False,9,5,124,1404,14.04,0
7088,0,1,3,4,17,False,8,5,131,1411,14.11,0
7089,0,1,3,4,3,True,11,2,193,705,7.05,0
7090,0,1,3,4,4,True,8,5,122,1402,14.02,0
7091,0,1,3,4,5,True,10,1,123,379,3.79,0
7092,0,1,3,4,16,True,9,5,107,1387,13.87,0
7093,0,1,3,4,34,True,231,6,126,1662,16.62,0
7094,0,1,3,4,33,False,31,11,244,3060,30.6,0
7095,0,1,3,4,17,False,185,5,69,1349,13.49,0
7096,0,1,3,4,16,True,185,5,49,1329,13.29,0
7097,0,1,3,4,34,True,31,11,221,3037,30.37,0
7098,0,1,3,4,33,False,101,14,65,3649,36.49,0
7099,0,1,3,4,16,False,29,5,95,1375,13.75,0
7100,0,1,3,4,17,False,29,3,187,955,9.55,0
7101,0,1,3,4,3,True,31,3,155,923,9.23,0
7102,0,1,3,4,4,True,29,5,73,1353,13.53,0
7103,0,1,3,4,16,True,29,3,165,933,9.33,0
7104,0,1,3,4,34,True,101,14,43,3627,36.27,0
7105,0,1,3,2,37,False,14,0,0,0,0.0,0
7106,0,1,3,3,4,False,16,2,0,512,5.12,0
7107,0,1,3,1,35,False,0,0,0,0,0.0,0
7108,0,1,3,4,17,False,221,4,83,1107,11.07,0
7109,0,1,3,4,4,True,224,1,44,300,3.0,0
7110,0,1,3,4,16,True,221,4,62,1086,10.86,0
7111,0,1,3,4,34,True,12,0,24,24,0.24,0
7112,0,1,3,4,33,False,139,14,243,3827,38.27,0
7113,0,1,3,4,16,False,76,4,114,1138,11.38,0
7114,0,1,3,4,17,False,75,9,5,2309,23.09,78
7115,0,-1,-1,-1,-1,True,-1,-1,-1,-1,-1.0,-1
7116,0,1,3,4,17,False,199,6,111,1647,16.47,0
7117,0,1,3,4,3,True,203,4,55,1079,10.79,0
7118,0,1,3,4,4,True,200,5,67,1347,13.47,0
7119,0,1,3,4,16,True,199,6,90,1626,16.26,0
7120,0,1,3,4,34,True,193,4,90,1114,11.14,0
7121,0,1,3,4,33,False,99,7,130,1922,19.22,0
7122,0,1,3,1,35,False,0,0,0,0,0.0,0
7123,0,1,3,7,2,True,4,15,146,3986,39.86,317446
7124,0,1,3,1,17,True,0,0,0,0,0.0,0
7125,0,1,3,5,44,True,4,3,146,914,9.14,6
7126,0,1,3,4,4,False,132,1,4,260,2.6,0
7127,0,1,3,5,4,False,144,0,5,5,0.05,214
7128,0,1,3,4,34,True,99,7,108,1900,19.0,0
7129,0,1,3,4,33,False,24,9,26,2330,23.3,0
7130,0,1,3,4,16,False,143,3,170,938,9.38,0
7131,0,1,3,4,17,False,142,5,68,1348,13.48,0
7132,0,1,3,4,3,True,145,2,230,742,7.42,0
7133,0,1,3,4,4,True,143,3,148,916,9.16,0
7134,0,1,3,4,16,True,142,5,48,1328,13.28,0
7135,0,1,3,4,34,True,24,9,3,2307,23.07,0
7136,0,1,3,4,33,False,141,15,5,3845,38.45,0
7137,0,1,3,4,15,False,84,2,90,602,6.02,0
7138,0,1,3,4,16,False,79,5,141,1421,14.21,0
7139,0,1,3,4,17,False,79,5,144,1424,14.24,0
7140,0,1,3,4,3,True,81,3,180,948,9.48,0
7141,0,1,3,4,4,True,79,5,124,1404,14.04,0
7142,0,1,3,4,16,True,79,5,123,1403,14.03,0
7143,0,1,3,4,34,True,141,14,238,3822,38.22,0
7144,0,1,3,4,33,False,201,1,231,487,4.87,0
7145,0,1,3,4,17,False,176,4,103,1127,11.27,0
7146,0,1,3,4,16,True,176,4,82,1106,11.06,0
7147,0,1,3,4,34,True,201,1,209,465,4.65,0
7148,0,1,3,4,33,False,197,2,149,661,6.61,0
7149,0,1,3,4,16,False,180,4,231,1255,12.55,0
7150,0,1,3,4,17,False,180,5,130,1410,14.1,0
7151,0,1,3,4,3,True,180,4,208,1232,12.32,0
7152,0,1,3,4,4,True,180,3,245,1013,10.13,0
7153,0,1,3,4,16,True,180,5,97,1377,13.77,0
7154,0,1,3,4,34,True,197,2,126,638,6.38,0
7155,0,1,3,4,33,False,2,13,65,3393,33.93,0
7156,0,1,3,4,3,True,173,3,219,987,9.87,0
7157,0,1,3,4,16,False,172,6,153,1689,16.89,0
7158,0,1,3,4,17,False,172,6,145,1681,16.81,0
7159,0,1,3,4,4,True,172,6,135,1671,16.71,0
7160,0,1,3,4,5,True,174,2,79,591,5.91,0
7161,0,1,3,4,16,True,172,6,123,1659,16.59,0
7162,0,1,3,4,34,True,2,13,42,3370,33.7,0
7163,0,1,3,4,33,False,121,6,5,1541,15.41,204
7164,0,-1,-1,-1,-1,True,-1,-1,-1,-1,-1.0,-1
7165,0,1,3,4,17,False,6,4,218,1242,12.42,0
7166,0,1,3,4,3,True,7,4,202,1226,12.26,0
7167,0,1,3,4,4,True,6,5,182,1462,14.62,0
7168,0,1,3,4,16,True,6,4,198,1222,12.22,0
7169,0,1,3,4,34,True,144,9,25,2329,23.29,0
7170,0,1,3,4,33,False,0,3,241,1009,10.09,0
7171,0,1,3,4,16,False,0,4,114,1138,11.38,0
7172,0,1,3,4,17,False,0,5,195,1475,14.75,0
7173,0,1,3,4,3,True,1,4,52,1076,10.76,0
7174,0,1,3,4,4,True,0,4,91,1115,11.15,0
7175,0,1,3,4,5,True,2,1,235,491,4.91,0
7176,0,1,3,4,16,True,255,5,174,1454,14.54,0
7177,0,1,3,4,34,True,0,3,218,986,9.86,0
7178,0,1,3,4,33,False,128,13,138,3466,34.66,0
7179,0,1,3,1,0,True,0,0,0,0,0.0,0
7180,0,1,3,5,10,True,4,0,46,46,0.46,7
7181,0,1,3,6,4,False,131,0,3,3,0.03,1105
7182,0,1,3,4,46,False,7,0,4,4,0.04,0
7183,0,1,3,0,0,False,0,0,0,0,0.0,0
7184,0,1,3,6,5,False,165,4,162,1186,11.86,3456
7185,0,1,3,2,4,False,33,0,0,0,0.0,0
7186,0,1,3,3,8,False,7,1,0,256,2.56,0
7187,0,1,3,3,8,False,7,4,0,1024,10.24,0
7188,0,1,3,7,47,True,5,7,4,1796,17.96,371473
7189,0,1,3,3,4,False,131,12,0,3072,30.72,0
7190,0,1,3,5,40,False,4,4,171,1195,11.95,4
7191,0,1,3,4,4,False,133,14,0,3584,35.84,0
7192,0,1,3,6,4,False,144,11,5,2821,28.21,1198
7193,0,1,3,2,3,False,7,0,0,0,0.0,0
7194,0,1,3,0,0,False,0,0,0,0,0.0,0
7195,0,1,3,4,33,False,126,0,236,236,2.36,0
7196,0,1,3,4,34,True,126,0,213,213,2.13,0
7197,0,1,3,4,16,False,87,7,69,1861,18.61,0
7198,0,1,3,4,17,False,87,5,72,1352,13.52,0
7199,0,1,3,4,3,True,89,3,196,964,9.64,0
7200,0,1,3,4,4,True,87,7,47,1839,18.39,0
7201,0,1,3,4,16,True,87,5,52,1332,13.32,0
7202,0,1,3,4,33,False,111,10,17,2577,25.77,0
7203,0,1,3,4,16,False,132,4,242,1266,12.66,0
7204,0,1,3,4,3,True,134,3,74,842,8.42,0
7205,0,1,3,4,4,True,132,4,217,1241,12.41,0
7206,0,1,3,4,16,True,132,4,220,1244,12.44,0
7207,0,1,3,4,32,True,135,1,61,317,3.17,0
7208,0,1,3,4,34,True,25,8,54,2102,21.02,0
7209,0,1,3,4,33,False,211,10,7,2567,25.67,0
7210,0,1,3,4,16,False,84,3,186,954,9.54,0
7211,0,1,3,4,17,False,84,5,150,1430,14.3,0
7212,0,1,3,4,3,True,86,3,134,902,9.02,0
7213,0,1,3,4,4,True,84,3,114,882,8.82,0
7214,0,1,3,4,16,True,84,5,129,1409,14.09,0
7215,0,1,3,4,34,True,211,9,240,2544,25.44,0
7216,0,1,3,4,33,False,205,2,30,542,5.42,0
7217,0,1,3,4,16,False,2,4,125,1149,11.49,0
7218,0,1,3,4,3,True,5,3,6,774,7.74,0
7219,0,1,3,4,4,True,3,4,81,1105,11.05,0
7220,0,1,3,4,16,True,2,4,103,1127,11.27,0
7221,0,1,3,4,32,True,5,2,42,554,5.54,0
7222,0,1,3,4,34,True,122,10,130,2690,26.9,0
7223,0,1,3,4,33,False,187,1,34,290,2.9,0
7224,0,1,3,4,16,False,152,4,238,1262,12.62,0
7225,0,1,3,4,17,False,151,5,26,1306,13.06,0
7226,0,1,3,4,3,True,154,2,193,705,7.05,0
7227,0,1,3,4,4,True,152,4,220,1244,12.44,0
7228,0,1,3,4,16,True,151,5,3,1283,12.83,0
7229,0,1,3,4,34,True,187,1,11,267,2.67,0
7230,0,1,3,4,33,False,39,2,209,721,7.21,0
7231,0,1,3,4,15,False,27,3,192,960,9.6,0
7232,0,1,3,4,16,False,25,6,199,1735,17.35,0
7233,0,1,3,4,17,False,25,4,190,1214,12.14,0
7234,0,1,3,4,3,True,26,4,47,1071,10.71,0
7235,0,1,3,4,4,True,25,6,177,1713,17.13,0
7236,0,1,3,4,16,True,25,4,170,1194,11.94,0
7237,0,1,3,4,32,True,28,0,161,161,1.61,0
7238,0,1,3,4,34,True,39,2,187,699,6.99,0
7239,0,1,3,4,33,False,6,0,16,16,0.16,0
7240,0,1,3,4,16,False,212,6,134,1670,16.7,0
7241,0,1,3,4,17,False,213,5,78,1358,13.58,0
7242,0,1,3,4,3,True,215,1,112,368,3.68,0
7243,0,1,3,4,4,True,212,6,112,1648,16.48,0
7244,0,1,3,4,16,True,213,5,57,1337,13.37,0
7245,0,1,3,4,34,True,6,15,250,4090,40.9,0
7246,0,1,3,4,33,False,91,13,70,3398,33.98,0
7247,0,1,3,4,16,False,6,4,238,1262,12.62,0
7248,0,1,3,4,17,False,6,6,49,1585,15.85,0
7249,0,1,3,4,3,True,7,3,225,993,9.93,0
7250,0,1,3,4,4,True,6,4,215,1239,12.39,0
7251,0,1,3,4,16,True,6,6,27,1563,15.63,0
7252,0,1,3,4,34,True,91,13,48,3376,33.76,0
7253,0,1,3,4,33,False,45,0,232,232,2.32,0
7254,0,1,3,4,16,False,9,2,107,619,6.19,0
7255,0,1,3,4,17,False,6,6,19,1555,15.55,0
7256,0,1,3,4,3,True,10,2,58,570,5.7,0
7257,0,1,3,4,4,True,9,1,95,351,3.51,0
7258,0,1,3,4,16,True,6,5,253,1533,15.33,0
7259,0,1,3,4,34,True,45,0,210,210,2.1,0
7260,0,1,3,4,33,False,35,1,215,471,4.71,0
7261,0,1,3,4,16,False,6,6,0,1536,15.36,167772160
7262,0,-1,-1,-1,-1,True,-1,-1,-1,-1,-1.0,-1
7263,0,-1,-1,-1,-1,True,-1,-1,-1,-1,-1.0,-1
7264,0,-1,-1,-1,-1,True,-1,-1,-1,-1,-1.0,-1
7265,0,-1,-1,-1,-1,True,-1,-1,-1,-1,-1.0,-1
7266,0,-1,-1,-1,-1,True,-1,-1,-1,-1,-1.0,-1
7267,0,-1,-1,-1,-1,True,-1,-1,-1,-1,-1.0,-1
7268,0,1,3,4,3,True,3,4,140,1164,11.64,0
7269,0,1,3,4,4,True,2,6,46,1582,15.82,0
7270,0,1,3,4,16,True,2,5,63,1343,13.43,0
7271,0,1,3,4,34,True,95,12,135,3207,32.07,0
7272,0,1,3,4,33,False,103,2,15,527,5.27,0
7273,0,1,3,4,16,False,3,0,0,0,0.0,167772160
7274,0,-1,-1,-1,-1,True,-1,-1,-1,-1,-1.0,-1
7275,0,-1,-1,-1,-1,True,-1,-1,-1,-1,-1.0,-1
7276,0,-1,-1,-1,-1,True,-1,-1,-1,-1,-1.0,-1
7277,0,-1,-1,-1,-1,True,-1,-1,-1,-1,-1.0,-1
7278,0,-1,-1,-1,-1,True,-1,-1,-1,-1,-1.0,-1
7279,0,1,3,4,3,True,192,2,178,690,6.9,0
7280,0,1,3,4,4,True,191,3,106,874,8.74,0
7281,0,1,3,4,16,True,192,2,193,705,7.05,0
7282,0,1,3,4,34,True,218,1,167,423,4.23,0
7283,0,1,3,4,33,False,237,14,236,3820,38.2,0
7284,0,1,3,4,16,False,174,4,45,1069,10.69,0
7285,0,1,3,4,15,False,176,5,166,1446,14.46,0
7286,0,1,3,4,17,False,173,4,157,1181,11.81,0
7287,0,1,3,4,3,True,174,5,183,1463,14.63,0
7288,0,1,3,4,4,True,174,4,22,1046,10.46,0
7289,0,1,3,4,16,True,173,4,136,1160,11.6,0
7290,0,1,3,4,34,True,237,14,212,3796,37.96,0
7291,0,1,3,4,33,False,205,5,154,1434,14.34,0
7292,0,1,3,4,16,False,4,6,0,1536,15.36,167772160
7293,0,-1,-1,-1,-1,True,-1,-1,-1,-1,-1.0,-1
7294,0,-1,-1,-1,-1,True,-1,-1,-1,-1,-1.0,-1
7295,0,-1,-1,-1,-1,True,-1,-1,-1,-1,-1.0,-1
7296,0,-1,-1,-1,-1,True,-1,-1,-1,-1,-1.0,-1
7297,0,-1,-1,-1,-1,True,-1,-1,-1,-1,-1.0,-1
7298,0,-1,-1,-1,-1,True,-1,-1,-1,-1,-1.0,-1
7299,0,1,3,4,3,True,6,1,221,477,4.77,0
7300,0,1,3,4,4,True,2,4,144,1168,11.68,0
7301,0,1,3,4,16,True,1,4,97,1121,11.21,0
7302,0,1,3,4,34,True,51,15,238,4078,40.78,0
7303,0,1,3,4,33,False,129,14,116,3700,37.0,0
7304,0,1,3,4,16,False,88,4,60,1084,10.84,0
7305,0,1,3,4,16,False,87,6,208,1744,17.44,0
7306,0,1,3,4,3,True,89,2,148,660,6.6,0
7307,0,1,3,4,4,True,87,6,186,1722,17.22,0
7308,0,1,3,4,16,True,88,4,39,1063,10.63,0
7309,0,1,3,4,34,True,149,15,10,3850,38.5,0
7310,0,1,3,4,15,False,77,0,140,140,1.4,0
7311,0,1,3,4,16,False,70,5,224,1504,15.04,0
7312,0,1,3,4,17,False,70,4,60,1084,10.84,0
7313,0,1,3,4,28,False,239,7,5,1797,17.97,118
7314,0,-1,-1,-1,-1,True,-1,-1,-1,-1,-1.0,-1
7315,0,1,3,4,17,False,183,5,128,1408,14.08,0
7316,0,1,3,4,3,True,184,5,85,1365,13.65,0
7317,0,1,3,4,4,True,183,4,53,1077,10.77,0
7318,0,1,3,4,16,True,183,5,105,1385,13.85,0
7319,0,1,3,4,34,True,155,5,249,1529,15.29,0
7320,0,1,3,4,33,False,128,14,146,3730,37.3,0
7321,0,1,3,4,16,False,59,6,12,1548,15.48,0
7322,0,1,3,4,17,False,60,4,206,1230,12.3,0
7323,0,1,3,4,3,True,60,4,106,1130,11.3,0
7324,0,1,3,4,4,True,59,5,246,1526,15.26,0
7325,0,1,3,4,16,True,60,4,185,1209,12.09,0
7326,0,1,3,4,34,True,128,14,123,3707,37.07,0
7327,0,1,3,4,33,False,186,0,140,140,1.4,0
7328,0,1,3,4,17,False,144,3,169,937,9.37,0
7329,0,1,3,4,16,False,143,6,92,1628,16.28,0
7330,0,1,3,4,3,True,144,5,179,1459,14.59,0
7331,0,1,3,4,4,True,143,6,70,1606,16.06,0
7332,0,1,3,4,16,True,144,3,139,907,9.07,0
7333,0,1,3,4,34,True,186,0,116,116,1.16,0
7334,0,1,3,4,33,False,148,12,141,3213,32.13,0
7335,0,1,3,4,16,False,54,4,88,1112,11.12,0
7336,0,1,3,4,17,False,54,5,146,1426,14.26,0
7337,0,1,3,4,4,True,54,4,66,1090,10.9,0
7338,0,1,3,4,16,True,54,5,126,1406,14.06,0
7339,0,1,3,4,34,True,148,12,119,3191,31.91,0
7340,0,1,3,2,20,True,12,0,0,0,0.0,0
7341,0,1,3,7,4,False,15,11,1,2817,28.17,1049631
7342,0,1,3,4,6,False,114,4,17,1041,10.41,0
7343,0,1,3,5,3,False,68,4,131,1155,11.55,198
7344,0,1,3,2,61,True,4,0,0,0,0.0,0
7345,0,1,3,4,4,True,6,11,4,2820,28.2,0
7346,0,1,3,0,0,False,0,0,0,0,0.0,0
7347,0,1,3,5,3,False,47,4,162,1186,11.86,228
7348,0,1,3,1,26,False,0,0,0,0,0.0,0
7349,0,1,3,4,33,False,93,2,56,568,5.68,0
7350,0,1,3,1,29,False,0,0,0,0,0.0,0
7351,0,1,3,2,56,False,4,0,0,0,0.0,0
7352,0,1,3,7,13,False,3,1,4,260,2.6,411408
7353,0,1,3,1,4,False,0,0,0,0,0.0,0
7354,0,1,3,1,4,False,252,0,0,0,0.0,0
7355,0,-1,-1,-1,-1,True,-1,-1,-1,-1,-1.0,-1
7356,0,1,3,4,17,False,155,5,250,1530,15.3,0
7357,0,1,3,4,3,True,156,3,235,1003,10.03,0
7358,0,1,3,4,4,True,155,4,230,1254,12.54,0
7359,0,1,3,4,16,True,155,5,229,1509,15.09,0
7360,0,1,3,4,34,True,92,4,186,1210,12.1,0
7361,0,1,3,4,33,False,153,4,63,1087,10.87,0
7362,0,1,3,4,15,False,161,3,152,920,9.2,0
7363,0,1,3,4,16,False,157,7,14,1806,18.06,0
7364,0,1,3,4,17,False,157,4,38,1062,10.62,0
7365,0,1,3,4,3,True,158,6,55,1591,15.91,0
7366,0,1,3,4,4,True,157,6,247,1783,17.83,0
7367,0,1,3,4,16,True,157,4,17,1041,10.41,0
7368,0,1,3,4,34,True,153,4,40,1064,10.64,0
7369,0,1,3,4,33,False,89,4,152,1176,11.76,0
7370,0,1,3,4,15,False,100,6,18,1554,15.54,0
7371,0,1,3,4,16,False,98,5,212,1492,14.92,0
7372,0,1,3,4,17,False,98,6,236,1772,17.72,0
7373,0,1,3,4,3,True,98,6,27,1563,15.63,0
7374,0,1,3,4,4,True,98,4,12,1036,10.36,0
7375,0,1,3,4,16,True,98,6,215,1751,17.51,0
7376,0,1,3,4,34,True,89,4,130,1154,11.54,0
7377,0,1,3,4,33,False,212,15,105,3945,39.45,0
7378,0,1,3,4,16,False,155,5,118,1398,13.98,0
7379,0,1,3,4,17,False,155,5,14,1294,12.94,0
7380,0,1,3,4,3,True,156,3,204,972,9.72,0
7381,0,1,3,4,4,True,155,5,95,1375,13.75,0
7382,0,1,3,4,16,True,155,4,249,1273,12.73,0
7383,0,1,3,4,34,True,212,15,82,3922,39.22,0
7384,0,1,3,4,33,False,64,3,151,919,9.19,0
7385,0,1,3,4,16,False,60,6,62,1598,15.98,0
7386,0,1,3,4,17,False,60,5,179,1459,14.59,0
7387,0,1,3,4,3,True,60,6,22,1558,15.58,0
7388,0,1,3,4,4,True,60,5,58,1338,13.38,0
7389,0,1,3,4,16,True,60,5,158,1438,14.38,0
7390,0,1,3,4,34,True,64,3,128,896,8.96,0
7391,0,1,3,4,33,False,57,4,202,1226,12.26,0
7392,0,1,3,4,15,False,72,3,30,798,7.98,0
7393,0,1,3,4,16,False,69,3,148,916,9.16,0
7394,0,1,3,4,17,False,67,5,115,1395,13.95,0
7395,0,1,3,4,3,True,69,3,125,893,8.93,0
7396,0,1,3,4,4,True,68,3,141,909,9.09,0
7397,0,1,3,4,16,True,67,5,94,1374,13.74,0
7398,0,1,3,4,34,True,57,4,180,1204,12.04,0
7399,0,1,3,4,33,False,49,2,230,742,7.42,0
7400,0,1,3,4,16,False,100,6,207,1743,17.43,0
7401,0,1,3,4,17,False,101,4,190,1214,12.14,0
7402,0,1,3,4,3,True,102,4,146,1170,11.7,0
7403,0,1,3,4,4,True,100,6,184,1720,17.2,0
7404,0,1,3,4,16,True,101,4,170,1194,11.94,0
7405,0,1,3,4,34,True,88,4,212,1236,12.36,0
7406,0,1,3,4,33,False,219,13,63,3391,33.91,0
7407,0,1,3,4,16,False,135,6,95,1631,16.31,0
7408,0,1,3,4,17,False,133,6,55,1591,15.91,0
7409,0,1,3,4,3,True,137,1,224,480,4.8,0
7410,0,1,3,4,4,True,135,6,74,1610,16.1,0
7411,0,1,3,4,16,True,133,6,34,1570,15.7,0
7412,0,1,3,4,34,True,219,13,39,3367,33.67,0
7413,0,1,3,4,33,False,179,14,185,3769,37.69,0
7414,0,1,3,4,16,False,113,5,13,1293,12.93,0
7415,0,1,3,4,17,False,112,6,155,1691,16.91,0
7416,0,1,3,4,3,True,114,4,120,1144,11.44,0
7417,0,1,3,4,4,True,113,4,254,1278,12.78,0
7418,0,1,3,4,5,True,115,0,131,131,1.31,0
7419,0,1,3,4,16,True,112,6,134,1670,16.7,0
7420,0,1,3,4,34,True,179,14,162,3746,37.46,0
7421,0,1,3,4,33,False,69,12,184,3256,32.56,0
7422,0,1,3,1,5,False,0,0,0,0,0.0,0
7423,0,1,3,4,56,True,4,0,232,232,2.32,0
7424,0,1,3,7,33,False,4,3,234,1002,10.02,291076
7425,0,1,3,4,40,True,7,9,4,2308,23.08,0
7426,0,1,3,0,0,False,0,0,0,0,0.0,0
7427,0,1,3,0,0,False,0,0,0,0,0.0,0
7428,0,1,3,6,33,True,4,0,235,235,2.35,31489
7429,0,1,3,4,34,True,69,12,160,3232,32.32,0
7430,0,1,3,4,17,False,71,2,57,569,5.69,0
7431,0,1,3,4,16,False,69,5,201,1481,14.81,0
7432,0,1,3,4,33,False,117,0,44,44,0.44,0
7433,0,1,3,4,3,True,72,0,219,219,2.19,0
7434,0,1,3,4,4,True,69,5,179,1459,14.59,0
7435,0,1,3,4,16,True,71,2,37,549,5.49,0
7436,0,1,3,4,34,True,117,0,21,21,0.21,0
7437,0,1,3,4,33,False,110,8,101,2149,21.49,0
7438,0,1,3,4,16,False,218,5,117,1397,13.97,0
7439,0,1,3,4,17,False,218,6,2,1538,15.38,0
7440,0,1,3,4,3,True,219,4,112,1136,11.36,0
7441,0,1,3,4,4,True,218,5,94,1374,13.74,0
7442,0,1,3,4,16,True,218,5,237,1517,15.17,0
7443,0,1,3,4,34,True,110,8,77,2125,21.25,0
7444,0,1,3,4,33,False,73,10,204,2764,27.64,0
7445,0,1,3,4,16,False,212,5,90,1370,13.7,0
7446,0,1,3,4,17,False,212,5,160,1440,14.4,0
7447,0,1,3,4,3,True,213,4,196,1220,12.2,0
7448,0,1,3,4,4,True,212,5,68,1348,13.48,0
7449,0,1,3,4,16,True,212,5,138,1418,14.18,0
7450,0,1,3,4,34,True,73,10,181,2741,27.41,0
7451,0,1,3,4,33,False,167,15,133,3973,39.73,0
7452,0,1,3,4,15,False,119,2,201,713,7.13,0
7453,0,1,3,4,16,False,111,6,4,1540,15.4,161
7454,0,-1,-1,-1,-1,True,-1,-1,-1,-1,-1.0,-1
7455,0,1,3,4,17,False,21,4,240,1264,12.64,0
7456,0,1,3,4,3,True,24,3,57,825,8.25,0
7457,0,1,3,4,4,True,22,4,139,1163,11.63,0
7458,0,1,3,4,16,True,21,4,217,1241,12.41,0
7459,0,1,3,4,34,True,101,13,145,3473,34.73,0
7460,0,1,3,4,33,False,223,2,131,643,6.43,0
7461,0,1,3,4,16,False,205,5,6,1286,12.86,0
7462,0,1,3,4,17,False,204,5,176,1456,14.56,0
7463,0,1,3,4,3,True,207,2,99,611,6.11,0
7464,0,1,3,4,4,True,205,4,240,1264,12.64,0
7465,0,1,3,4,16,True,204,5,155,1435,14.35,0
7466,0,1,3,4,34,True,223,2,108,620,6.2,0
7467,0,1,3,4,33,False,245,5,134,1414,14.14,0
7468,0,1,3,4,15,False,17,1,122,378,3.78,0
7469,0,1,3,4,16,False,10,4,241,1265,12.65,0
7470,0,1,3,4,17,False,0,6,3,1539,15.39,0
7471,0,1,3,4,3,True,1,4,148,1172,11.72,0
7472,0,1,3,4,4,True,0,4,219,1243,12.43,0
7473,0,1,3,4,16,True,0,5,238,1518,15.18,0
7474,0,1,3,4,34,True,106,11,142,2958,29.58,0
7475,0,1,3,4,33,False,56,10,128,2688,26.88,0
7476,0,1,3,4,17,False,192,4,202,1226,12.26,0
7477,0,1,3,4,16,True,192,4,181,1205,12.05,0
7478,0,1,3,4,34,True,56,10,104,2664,26.64,0
7479,0,1,3,4,33,False,164,0,25,25,0.25,0
7480,0,1,3,4,16,False,115,5,230,1510,15.1,0
7481,0,1,3,4,17,False,115,4,54,1078,10.78,0
7482,0,1,3,4,3,True,116,5,163,1443,14.43,0
7483,0,1,3,4,4,True,115,5,207,1487,14.87,0
7484,0,1,3,4,16,True,115,4,33,1057,10.57,0
7485,0,1,3,4,34,True,164,0,2,2,0.02,0
7486,0,1,3,4,33,False,168,1,155,411,4.11,0
7487,0,1,3,4,16,False,139,5,92,1372,13.72,0
7488,0,1,3,4,17,False,138,5,23,1303,13.03,0
7489,0,1,3,4,3,True,141,3,254,1022,10.22,0
7490,0,1,3,4,4,True,139,5,70,1350,13.5,0
7491,0,1,3,4,16,True,138,5,2,1282,12.82,0
7492,0,1,3,4,34,True,168,1,132,388,3.88,0
7493,0,1,3,4,33,False,70,1,1,257,2.57,0
7494,0,1,3,4,16,False,34,3,86,854,8.54,0
7495,0,1,3,4,17,False,34,3,147,915,9.15,0
7496,0,1,3,4,3,True,35,3,37,805,8.05,0
7497,0,1,3,4,4,True,34,2,169,681,6.81,0
7498,0,1,3,4,16,True,34,3,125,893,8.93,0
7499,0,1,3,4,34,True,70,0,234,234,2.34,0
7500,0,1,3,4,33,False,40,1,6,262,2.62,0
7501,0,1,3,4,16,False,3,4,48,1072,10.72,0
7502,0,1,3,4,17,False,3,4,241,1265,12.65,0
7503,0,1,3,4,3,True,5,3,25,793,7.93,0
7504,0,1,3,4,4,True,3,4,25,1049,10.49,0
7505,0,1,3,4,16,True,3,4,221,1245,12.45,0
7506,0,1,3,4,34,True,40,0,239,239,2.39,0
7507,0,1,3,4,33,False,91,9,231,2535,25.35,0
7508,0,1,3,4,16,False,167,4,170,1194,11.94,0
7509,0,1,3,4,17,False,168,5,4,1284,12.84,0
7510,0,1,3,4,3,True,169,3,108,876,8.76,0
7511,0,1,3,4,4,True,167,4,147,1171,11.71,0
7512,0,1,3,4,16,True,168,4,239,1263,12.63,0
7513,0,1,3,4,34,True,91,9,208,2512,25.12,0
7514,0,1,3,4,33,False,206,1,162,418,4.18,0
7515,0,1,3,4,16,False,178,4,198,1222,12.22,0
7516,0,-1,-1,-1,-1,True,-1,-1,-1,-1,-1.0,-1
7517,0,1,3,4,17,False,95,5,156,1436,14.36,0
7518,0,1,3,4,3,True,97,5,106,1386,13.86,0
7519,0,1,3,4,4,True,96,4,55,1079,10.79,0
7520,0,1,3,4,16,True,95,5,134,1414,14.14,0
7521,0,1,3,4,34,True,158,14,247,3831,38.31,0
7522,0,1,3,4,33,False,152,12,53,3125,31.25,0
7523,0,1,3,4,16,False,53,5,115,1395,13.95,0
7524,0,1,3,4,17,False,53,5,73,1353,13.53,0
7525,0,1,3,4,3,True,54,4,188,1212,12.12,0
7526,0,1,3,4,4,True,53,5,94,1374,13.74,0
7527,0,1,3,4,5,True,57,0,180,180,1.8,0
7528,0,1,3,4,16,True,53,5,52,1332,13.32,0
7529,0,1,3,4,34,True,152,12,31,3103,31.03,0
7530,0,1,3,4,33,False,181,13,168,3496,34.96,0
7531,0,1,3,4,16,False,101,7,168,1960,19.6,0
7532,0,1,3,4,17,False,101,6,122,1658,16.58,0
7533,0,1,3,4,3,True,102,4,200,1224,12.24,0
7534,0,1,3,4,4,True,101,7,144,1936,19.36,0
7535,0,1,3,4,5,True,105,0,251,251,2.51,0
7536,0,1,3,4,16,True,101,6,102,1638,16.38,0
7537,0,1,3,4,34,True,181,13,146,3474,34.74,0
7538,0,1,3,4,33,False,53,1,100,356,3.56,0
7539,0,1,3,4,16,False,21,5,193,1473,14.73,0
7540,0,1,3,4,17,False,20,6,114,1650,16.5,0
7541,0,1,3,4,3,True,22,2,110,622,6.22,0
7542,0,1,3,4,4,True,20,5,170,1450,14.5,0
7543,0,1,3,4,16,True,20,6,92,1628,16.28,0
7544,0,1,3,4,34,True,53,1,76,332,3.32,0
7545,0,1,3,4,33,False,23,2,97,609,6.09,0
7546,0,1,3,4,15,False,10,3,6,774,7.74,0
7547,0,1,3,4,16,False,4,8,4,2052,20.52,28
7548,0,-1,-1,-1,-1,True,-1,-1,-1,-1,-1.0,-1
7549,0,1,3,4,17,False,87,4,214,1238,12.38,0
7550,0,1,3,4,3,True,89,3,231,999,9.99,0
7551,0,1,3,4,4,True,88,3,32,800,8.0,0
7552,0,1,3,4,16,True,87,4,193,1217,12.17,0
7553,0,1,3,4,34,True,212,10,8,2568,25.68,0
7554,0,1,3,4,33,False,219,15,113,3953,39.53,0
7555,0,1,3,4,16,False,162,4,179,1203,12.03,0
7556,0,1,3,4,17,False,164,3,28,796,7.96,0
7557,0,1,3,4,3,True,164,4,126,1150,11.5,0
7558,0,1,3,4,4,True,162,4,54,1078,10.78,0
7559,0,1,3,4,16,True,164,3,7,775,7.75,0
7560,0,1,3,4,34,True,219,15,91,3931,39.31,0
7561,0,1,3,4,33,False,58,0,239,239,2.39,0
7562,0,1,3,4,16,False,20,5,246,1526,15.26,0
7563,0,1,3,4,17,False,20,3,183,951,9.51,0
7564,0,1,3,4,3,True,21,3,227,995,9.95,0
7565,0,1,3,4,4,True,162,5,224,1504,15.04,0
7566,0,1,3,4,16,True,20,3,162,930,9.3,0
7567,0,1,3,4,34,True,58,0,216,216,2.16,0
7568,0,1,3,4,33,False,148,11,126,2942,29.42,0
7569,0,1,3,4,16,False,39,5,245,1525,15.25,0
7570,0,1,3,4,17,False,39,5,193,1473,14.73,0
7571,0,1,3,4,3,True,41,3,191,959,9.59,0
7572,0,1,3,4,4,True,39,5,223,1503,15.03,0
7573,0,1,3,4,16,True,39,5,172,1452,14.52,0
7574,0,1,3,4,32,True,42,1,19,275,2.75,0
7575,0,1,3,4,34,True,148,11,104,2920,29.2,0
7576,0,1,3,4,33,False,227,11,101,2917,29.17,0
7577,0,1,3,4,16,False,118,5,77,1357,13.57,0
7578,0,1,3,4,17,False,118,5,201,1481,14.81,0
7579,0,1,3,4,3,True,120,2,233,745,7.45,0
7580,0,1,3,4,4,True,118,5,55,1335,13.35,0
7581,0,1,3,4,5,True,124,0,246,246,2.46,0
7582,0,1,3,4,16,True,118,5,181,1461,14.61,0
7583,0,1,3,4,34,True,227,11,78,2894,28.94,0
7584,0,1,3,4,33,False,130,0,209,209,2.09,0
7585,0,1,3,4,15,False,94,4,78,1102,11.02,0
7586,0,1,3,4,16,False,91,5,4,1284,12.84,0
7587,0,1,3,4,17,False,90,6,61,1597,15.97,0
7588,0,1,3,4,3,True,92,4,98,1122,11.22,0
7589,0,1,3,4,4,True,91,4,237,1261,12.61,0
7590,0,1,3,4,16,True,90,6,41,1577,15.77,0
7591,0,1,3,4,34,True,130,0,186,186,1.86,0
7592,0,1,3,4,33,False,209,9,117,2421,24.21,0
7593,0,1,3,4,16,False,75,6,96,1632,16.32,0
7594,0,1,3,4,17,False,77,4,213,1237,12.37,0
7595,0,1,3,4,3,True,77,4,127,1151,11.51,0
7596,0,1,3,4,4,True,75,6,74,1610,16.1,0
7597,0,1,3,4,16,True,77,4,193,1217,12.17,0
7598,0,1,3,4,32,True,4,5,0,1280,12.8,167772160
7599,0,-1,-1,-1,-1,True,-1,-1,-1,-1,-1.0,-1
7600,0,-1,-1,-1,-1,True,-1,-1,-1,-1,-1.0,-1
7601,0,-1,-1,-1,-1,True,-1,-1,-1,-1,-1.0,-1
7602,0,-1,-1,-1,-1,True,-1,-1,-1,-1,-1.0,-1
7603,0,1,3,4,3,True,124,2,159,671,6.71,0
7604,0,1,3,4,4,True,122,4,191,1215,12.15,0
7605,0,1,3,4,16,True,123,3,19,787,7.87,0
7606,0,1,3,4,34,True,209,12,238,3310,33.1,0
7607,0,1,3,4,33,False,220,10,230,2790,27.9,0
7608,0,1,3,4,16,False,105,5,148,1428,14.28,0
7609,0,1,3,4,17,False,123,5,141,1421,14.21,0
7610,0,1,3,4,3,True,106,2,209,721,7.21,0
7611,0,1,3,4,4,True,105,5,130,1410,14.1,0
7612,0,1,3,4,16,True,104,5,119,1399,13.99,0
7613,0,1,3,4,34,True,220,10,207,2767,27.67,0
7614,0,1,3,4,33,False,39,4,48,1072,10.72,0
7615,0,1,3,4,16,False,45,4,150,1174,11.74,0
7616,0,1,3,4,17,False,43,4,148,1172,11.72,0
7617,0,1,3,4,3,True,45,4,128,1152,11.52,0
7618,0,1,3,4,4,True,43,4,118,1142,11.42,0
7619,0,1,3,4,16,True,43,3,248,1016,10.16,0
7620,0,1,3,4,34,True,39,4,25,1049,10.49,0
7621,0,1,3,4,33,False,149,8,121,2169,21.69,0
7622,0,1,3,4,16,False,3,6,54,1590,15.9,0
7623,0,1,3,4,17,False,2,6,102,1638,16.38,0
7624,0,1,3,4,3,True,4,5,46,1326,13.26,0
7625,0,1,3,4,4,True,3,6,32,1568,15.68,0
7626,0,1,3,4,16,True,2,6,79,1615,16.15,0
7627,0,1,3,4,34,True,149,8,100,2148,21.48,0
7628,0,1,3,4,15,False,60,1,194,450,4.5,0
7629,0,1,3,4,16,False,55,5,185,1465,14.65,0
7630,0,1,3,4,17,False,55,6,78,1614,16.14,0
7631,0,1,3,4,33,False,71,2,161,673,6.73,0
7632,0,1,3,4,3,True,56,3,177,945,9.45,0
7633,0,1,3,4,4,True,55,5,163,1443,14.43,0
7634,0,1,3,4,16,True,55,6,57,1593,15.93,0
7635,0,1,3,4,34,True,71,2,139,651,6.51,0
7636,0,1,3,4,33,False,70,1,26,282,2.82,0
7637,0,1,3,4,15,False,38,3,68,836,8.36,0
7638,0,1,3,4,16,False,34,5,74,1354,13.54,0
7639,0,1,3,4,17,False,5,12,0,3072,30.72,167772160
7640,0,-1,-1,-1,-1,True,-1,-1,-1,-1,-1.0,-1
7641,0,-1,-1,-1,-1,True,-1,-1,-1,-1,-1.0,-1
7642,0,-1,-1,-1,-1,True,-1,-1,-1,-1,-1.0,-1
7643,0,-1,-1,-1,-1,True,-1,-1,-1,-1,-1.0,-1
7644,0,1,3,4,4,True,253,4,196,1220,12.2,0
7645,0,1,3,4,16,True,253,5,88,1368,13.68,0
7646,0,1,3,4,32,True,0,1,180,436,4.36,0
7647,0,1,3,4,34,True,237,5,28,1308,13.08,0
7648,0,1,3,4,33,False,239,2,190,702,7.02,0
7649,0,1,3,4,17,False,224,4,178,1202,12.02,0
7650,0,1,3,4,16,False,224,7,103,1895,18.95,0
7651,0,1,3,4,3,True,225,2,201,713,7.13,0
7652,0,1,3,4,4,True,224,7,81,1873,18.73,0
7653,0,1,3,4,16,True,224,4,157,1181,11.81,0
7654,0,1,3,4,34,True,239,2,167,679,6.79,0
7655,0,1,3,4,33,False,244,2,45,557,5.57,0
7656,0,1,3,4,16,False,222,3,89,857,8.57,0
7657,0,1,3,4,17,False,221,4,210,1234,12.34,0
7658,0,1,3,4,3,True,224,3,34,802,8.02,0
7659,0,1,3,4,4,True,222,3,47,815,8.15,0
7660,0,1,3,4,16,True,221,4,188,1212,12.12,0
7661,0,1,3,4,34,True,244,2,21,533,5.33,0
7662,0,1,3,4,33,False,104,15,88,3928,39.28,0
7663,0,1,3,4,15,False,50,4,240,1264,12.64,0
7664,0,1,3,4,16,False,46,6,3,1539,15.39,0
7665,0,1,3,4,17,False,45,6,25,1561,15.61,0
7666,0,1,3,4,3,True,47,5,23,1303,13.03,0
7667,0,1,3,4,4,True,46,5,240,1520,15.2,0
7668,0,1,3,4,16,True,45,6,3,1539,15.39,0
7669,0,1,3,4,32,True,47,1,223,479,4.79,0
7670,0,1,3,4,34,True,104,15,65,3905,39.05,0
7671,0,1,3,4,33,False,51,14,77,3661,36.61,0
7672,0,1,3,4,16,False,235,11,5,2821,28.21,232
7673,0,-1,-1,-1,-1,True,-1,-1,-1,-1,-1.0,-1
7674,0,1,3,4,34,True,47,13,57,3385,33.85,0
7675,0,1,3,4,33,False,189,1,47,303,3.03,0
7676,0,1,3,4,17,False,154,4,167,1191,11.91,0
7677,0,1,3,4,5,True,157,0,148,148,1.48,0
7678,0,1,3,4,16,True,154,4,147,1171,11.71,0
7679,0,1,3,4,34,True,189,1,25,281,2.81,0
7680,0,1,3,4,33,False,227,1,82,338,3.38,0
7681,0,1,3,4,16,False,197,3,150,918,9.18,0
7682,0,1,3,4,17,False,194,4,219,1243,12.43,0
7683,0,1,3,4,4,True,197,3,128,896,8.96,0
7684,0,1,3,4,16,True,194,4,199,1223,12.23,0
7685,0,1,3,4,34,True,227,1,58,314,3.14,0
7686,0,1,3,4,33,False,63,11,71,2887,28.87,0
7687,0,1,3,4,17,False,209,3,132,900,9.0,0
7688,0,1,3,4,16,True,209,3,112,880,8.8,0
7689,0,1,3,4,34,True,63,11,48,2864,28.64,0
7690,0,1,3,4,15,False,108,1,109,365,3.65,0
7691,0,1,3,4,16,False,103,6,44,1580,15.8,0
7692,0,1,3,4,17,False,103,5,177,1457,14.57,0
7693,0,1,3,4,33,False,79,5,213,1493,14.93,0
7694,0,1,3,4,3,True,103,4,185,1209,12.09,0
7695,0,1,3,4,4,True,103,6,22,1558,15.58,0
7696,0,1,3,4,16,True,103,5,157,1437,14.37,0
7697,0,1,3,4,34,True,79,5,189,1469,14.69,0
7698,0,1,3,4,33,False,128,12,114,3186,31.86,0
7699,0,1,3,4,15,False,39,3,185,953,9.53,0
7700,0,1,3,4,16,False,6,13,0,3328,33.28,167772160
7701,0,-1,-1,-1,-1,True,-1,-1,-1,-1,-1.0,-1
7702,0,-1,-1,-1,-1,True,-1,-1,-1,-1,-1.0,-1
7703,0,-1,-1,-1,-1,True,-1,-1,-1,-1,-1.0,-1
7704,0,1,3,4,3,True,253,6,55,1591,15.91,0
7705,0,1,3,4,4,True,254,4,169,1193,11.93,0
7706,0,1,3,4,16,True,254,4,63,1087,10.87,0
7707,0,1,3,4,34,True,34,0,249,249,2.49,0
7708,0,1,3,4,33,False,1,14,114,3698,36.98,0
7709,0,1,3,4,16,False,187,4,108,1132,11.32,0
7710,0,1,3,4,17,False,187,5,54,1334,13.34,0
7711,0,1,3,4,3,True,188,4,68,1092,10.92,0
7712,0,1,3,4,4,True,187,3,247,1015,10.15,0
7713,0,1,3,4,16,True,187,5,33,1313,13.13,0
7714,0,1,3,4,34,True,1,14,91,3675,36.75,0
7715,0,1,3,4,33,False,95,1,169,425,4.25,0
7716,0,1,3,4,16,False,67,5,20,1300,13.0,0
7717,0,1,3,4,17,False,66,5,251,1531,15.31,0
7718,0,1,3,4,3,True,67,4,253,1277,12.77,0
7719,0,1,3,4,4,True,66,3,69,837,8.37,0
7720,0,1,3,4,16,True,66,5,230,1510,15.1,0
7721,0,1,3,4,34,True,95,1,146,402,4.02,0
7722,0,1,3,4,33,False,101,0,134,134,1.34,0
7723,0,1,3,4,16,False,59,2,212,724,7.24,0
7724,0,1,3,4,17,False,58,4,154,1178,11.78,0
7725,0,1,3,4,4,True,59,2,190,702,7.02,0
7726,0,1,3,4,16,True,58,4,134,1158,11.58,0
7727,0,1,3,4,34,True,101,0,111,111,1.11,0
7728,0,1,3,4,33,False,123,6,163,1699,16.99,0
7729,0,1,3,4,16,False,159,3,209,977,9.77,0
7730,0,1,3,4,17,False,158,5,133,1413,14.13,0
7731,0,1,3,4,3,True,160,3,144,912,9.12,0
7732,0,1,3,4,4,True,159,3,186,954,9.54,0
7733,0,1,3,4,16,True,158,5,112,1392,13.92,0
7734,0,1,3,4,34,True,123,6,140,1676,16.76,0
7735,0,1,3,4,33,False,89,14,146,3730,37.3,0
7736,0,1,3,4,16,False,20,4,180,1204,12.04,0
7737,0,1,3,4,17,False,20,4,200,1224,12.24,0
7738,0,1,3,4,3,True,23,1,246,502,5.02,0
7739,0,1,3,4,4,True,20,4,162,1186,11.86,0
7740,0,1,3,4,5,True,22,0,253,253,2.53,0
7741,0,1,3,4,16,True,20,4,178,1202,12.02,0
7742,0,1,3,4,34,True,89,14,123,3707,37.07,0
7743,0,1,3,4,33,False,216,3,49,817,8.17,0
7744,0,1,3,4,16,False,207,5,122,1402,14.02,0
7745,0,1,3,4,17,False,119,5,145,1425,14.25,0
7746,0,1,3,4,3,True,121,3,31,799,7.99,0
7747,0,1,3,4,4,True,119,5,103,1383,13.83,0
7748,0,1,3,4,16,True,119,5,122,1402,14.02,0
7749,0,1,3,4,34,True,177,15,91,3931,39.31,0
7750,0,1,3,4,33,False,116,7,159,1951,19.51,0
7751,0,1,3,4,17,False,214,5,214,1494,14.94,0
7752,0,1,3,4,16,True,214,5,194,1474,14.74,0
7753,0,1,3,4,34,True,116,7,137,1929,19.29,0
7754,0,1,3,4,33,False,106,0,166,166,1.66,0
7755,0,1,3,4,16,False,4,7,0,1792,17.92,167772160
7756,0,-1,-1,-1,-1,True,-1,-1,-1,-1,-1.0,-1
7757,0,-1,-1,-1,-1,True,-1,-1,-1,-1,-1.0,-1
7758,0,-1,-1,-1,-1,True,-1,-1,-1,-1,-1.0,-1
7759,0,1,3,4,3,True,246,4,8,1032,10.32,0
7760,0,1,3,4,4,True,244,3,173,941,9.41,0
7761,0,1,3,4,16,True,244,4,12,1036,10.36,0
7762,0,1,3,4,34,True,109,10,102,2662,26.62,0
7763,0,1,3,4,33,False,56,5,79,1359,13.59,0
7764,0,1,3,4,16,False,74,3,110,878,8.78,0
7765,0,1,3,4,17,False,73,5,30,1310,13.1,0
7766,0,1,3,4,3,True,74,3,87,855,8.55,0
7767,0,1,3,4,4,True,76,2,203,715,7.15,0
7768,0,1,3,4,16,True,73,5,10,1290,12.9,0
7769,0,1,3,4,34,True,56,5,56,1336,13.36,0
7770,0,1,3,4,33,False,41,4,11,1035,10.35,0
7771,0,1,3,4,16,False,42,5,83,1363,13.63,0
7772,0,1,3,4,17,False,42,5,4,1284,12.84,0
7773,0,1,3,4,3,True,43,4,15,1039,10.39,0
7774,0,1,3,4,4,True,42,5,61,1341,13.41,0
7775,0,1,3,4,16,True,42,4,238,1262,12.62,0
7776,0,1,3,4,34,True,41,3,244,1012,10.12,0
7777,0,1,3,4,33,False,71,3,174,942,9.42,0
7778,0,1,3,1,7,False,0,0,0,0,0.0,0
7779,0,1,3,3,46,True,4,0,0,0,0.0,0
7780,0,1,3,4,6,False,195,4,131,1155,11.55,0
7781,0,1,3,5,5,False,152,4,132,1156,11.56,68
7782,0,1,3,6,45,True,4,0,70,70,0.7,13571
7783,0,1,3,4,34,True,71,3,151,919,9.19,0
7784,0,1,3,4,33,False,205,12,227,3299,32.99,0
7785,0,1,3,4,15,False,121,1,112,368,3.68,0
7786,0,1,3,4,16,False,115,4,165,1189,11.89,0
7787,0,1,3,4,17,False,211,4,249,1273,12.73,0
7788,0,1,3,4,3,True,213,2,186,698,6.98,0
7789,0,1,3,4,4,True,211,4,143,1167,11.67,0
7790,0,1,3,4,16,True,211,4,228,1252,12.52,0
7791,0,1,3,4,34,True,79,10,38,2598,25.98,0
7792,0,1,3,4,33,False,159,13,250,3578,35.78,0
7793,0,1,3,4,16,False,83,5,94,1374,13.74,0
7794,0,1,3,4,17,False,83,4,224,1248,12.48,0
7795,0,1,3,4,3,True,84,4,76,1100,11.0,0
7796,0,1,3,4,4,True,83,5,71,1351,13.51,0
7797,0,1,3,4,16,True,83,4,202,1226,12.26,0
7798,0,1,3,4,34,True,159,13,227,3555,35.55,0
7799,0,1,3,4,33,False,86,5,229,1509,15.09,0
7800,0,1,3,4,16,False,112,13,6,3334,33.34,32
7801,0,-1,-1,-1,-1,True,-1,-1,-1,-1,-1.0,-1
7802,0,1,3,4,17,False,29,5,15,1295,12.95,0
7803,0,1,3,4,3,True,29,5,105,1385,13.85,0
7804,0,1,3,4,4,True,29,6,9,1545,15.45,0
7805,0,1,3,4,16,True,29,4,251,1275,12.75,0
7806,0,1,3,4,34,True,89,15,33,3873,38.73,0
7807,0,1,3,4,15,False,72,1,162,418,4.18,0
7808,0,1,3,4,16,False,66,7,61,1853,18.53,0
7809,0,1,3,4,17,False,66,5,23,1303,13.03,0
7810,0,1,3,4,33,False,74,3,76,844,8.44,0
7811,0,1,3,4,3,True,67,4,139,1163,11.63,0
7812,0,1,3,4,4,True,66,7,38,1830,18.3,0
7813,0,1,3,4,16,True,66,5,2,1282,12.82,0
7814,0,1,3,4,32,True,68,0,246,246,2.46,0
7815,0,1,3,4,34,True,74,3,54,822,8.22,0
7816,0,1,3,4,33,False,17,12,72,3144,31.44,0
7817,0,1,3,4,16,False,175,5,125,1405,14.05,0
7818,0,1,3,4,17,False,177,4,79,1103,11.03,0
7819,0,1,3,4,3,True,177,3,34,802,8.02,0
7820,0,1,3,4,4,True,175,5,103,1383,13.83,0
7821,0,1,3,4,16,True,177,4,55,1079,10.79,0
7822,0,1,3,4,32,True,179,0,154,154,1.54,0
7823,0,1,3,4,34,True,17,12,48,3120,31.2,0
7824,0,1,3,4,33,False,110,10,67,2627,26.27,0
7825,0,1,3,4,16,False,242,5,48,1328,13.28,0
7826,0,1,3,4,17,False,243,5,61,1341,13.41,0
7827,0,1,3,4,3,True,243,5,12,1292,12.92,0
7828,0,1,3,4,4,True,242,5,8,1288,12.88,0
7829,0,1,3,4,16,True,243,5,37,1317,13.17,0
7830,0,1,3,4,34,True,110,10,45,2605,26.05,0
7831,0,1,3,4,33,False,36,2,99,611,6.11,0
7832,0,1,3,4,16,False,16,6,207,1743,17.43,0
7833,0,1,3,4,17,False,16,5,161,1441,14.41,0
7834,0,1,3,4,3,True,17,3,222,990,9.9,0
7835,0,1,3,4,4,True,16,6,185,1721,17.21,0
7836,0,1,3,4,16,True,16,5,141,1421,14.21,0
7837,0,1,3,4,34,True,36,2,76,588,5.88,0
7838,0,1,3,4,33,False,180,1,235,491,4.91,0
7839,0,1,3,4,16,False,155,4,35,1059,10.59,0
7840,0,1,3,4,17,False,154,5,19,1299,12.99,0
7841,0,1,3,4,3,True,157,3,230,998,9.98,0
7842,0,1,3,4,4,True,155,3,217,985,9.85,0
7843,0,1,3,4,16,True,154,4,253,1277,12.77,0
7844,0,1,3,4,34,True,180,1,212,468,4.68,0
7845,0,1,3,4,33,False,111,5,80,1360,13.6,0
7846,0,1,3,4,16,False,130,3,176,944,9.44,0
7847,0,1,3,4,17,False,5,12,0,3072,30.72,167772160
7848,0,-1,-1,-1,-1,True,-1,-1,-1,-1,-1.0,-1
7849,0,-1,-1,-1,-1,True,-1,-1,-1,-1,-1.0,-1
7850,0,1,3,4,3,True,158,3,153,921,9.21,0
7851,0,1,3,4,4,True,157,5,229,1509,15.09,0
7852,0,1,3,4,16,True,157,5,19,1299,12.99,0
7853,0,1,3,4,34,True,233,13,243,3571,35.71,0
7854,0,1,3,4,33,False,246,5,30,1310,13.1,0
7855,0,1,3,4,16,False,57,5,121,1401,14.01,0
7856,0,1,3,4,17,False,57,4,245,1269,12.69,0
7857,0,1,3,4,3,True,58,2,243,755,7.55,0
7858,0,1,3,4,4,True,57,5,99,1379,13.79,0
7859,0,1,3,4,16,True,57,4,224,1248,12.48,0
7860,0,1,3,4,34,True,246,5,9,1289,12.89,0
7861,0,1,3,4,33,False,70,7,201,1993,19.93,0
7862,0,1,3,4,16,False,171,5,91,1371,13.71,0
7863,0,1,3,4,17,False,171,4,231,1255,12.55,0
7864,0,1,3,4,3,True,171,5,67,1347,13.47,0
7865,0,1,3,4,4,True,171,4,246,1270,12.7,0
7866,0,1,3,4,16,True,171,4,210,1234,12.34,0
7867,0,1,3,4,34,True,70,7,178,1970,19.7,0
7868,0,1,3,4,28,False,159,10,2,2562,25.62,0
7869,0,1,3,4,16,False,3,2,0,512,5.12,167772160
7870,0,-1,-1,-1,-1,True,-1,-1,-1,-1,-1.0,-1
7871,0,-1,-1,-1,-1,True,-1,-1,-1,-1,-1.0,-1
7872,0,1,3,4,33,False,170,12,79,3151,31.51,0
7873,0,1,3,4,17,False,75,3,145,913,9.13,0
7874,0,1,3,4,16,True,75,3,124,892,8.92,0
7875,0,1,3,4,34,True,4,6,0,1536,15.36,167772160
7876,0,-1,-1,-1,-1,True,-1,-1,-1,-1,-1.0,-1
7877,0,-1,-1,-1,-1,True,-1,-1,-1,-1,-1.0,-1
7878,0,-1,-1,-1,-1,True,-1,-1,-1,-1,-1.0,-1
7879,0,1,3,4,3,True,115,3,139,907,9.07,0
7880,0,1,3,4,4,True,114,4,20,1044,10.44,0
7881,0,1,3,4,16,True,114,4,14,1038,10.38,0
7882,0,1,3,4,34,True,89,5,191,1471,14.71,0
7883,0,1,3,4,33,False,168,14,65,3649,36.49,0
7884,0,1,3,4,16,False,96,5,11,1291,12.91,0
7885,0,1,3,4,17,False,95,7,132,1924,19.24,0
7886,0,1,3,4,3,True,97,4,74,1098,10.98,0
7887,0,1,3,4,4,True,96,4,244,1268,12.68,0
7888,0,1,3,4,16,True,95,7,112,1904,19.04,0
7889,0,1,3,4,34,True,168,14,42,3626,36.26,0
7890,0,1,3,4,16,False,168,1,147,403,4.03,0
7891,0,1,3,4,17,False,164,5,8,1288,12.88,0
7892,0,1,3,4,33,False,255,12,217,3289,32.89,0
7893,0,1,3,4,3,True,170,1,33,289,2.89,0
7894,0,1,3,4,4,True,165,2,80,592,5.92,0
7895,0,1,3,4,16,True,164,4,244,1268,12.68,0
7896,0,1,3,4,34,True,255,12,194,3266,32.66,0
7897,0,1,3,4,33,False,98,14,143,3727,37.27,0
7898,0,1,3,4,16,False,30,4,247,1271,12.71,0
7899,0,1,3,4,17,False,29,6,12,1548,15.48,0
7900,0,1,3,4,3,True,31,4,138,1162,11.62,0
7901,0,1,3,4,4,True,30,4,225,1249,12.49,0
7902,0,1,3,4,16,True,29,5,248,1528,15.28,0
7903,0,1,3,4,32,True,33,0,158,158,1.58,0
7904,0,1,3,4,34,True,98,14,119,3703,37.03,0
7905,0,1,3,4,33,False,109,13,22,3350,33.5,0
7906,0,1,3,4,15,False,28,1,250,506,5.06,0
7907,0,1,3,4,16,False,22,6,67,1603,16.03,0
7908,0,1,3,4,17,False,22,4,171,1195,11.95,0
7909,0,1,3,4,3,True,23,3,208,976,9.76,0
7910,0,1,3,4,4,True,22,6,44,1580,15.8,0
7911,0,1,3,4,16,True,23,4,149,1173,11.73,0
7912,0,1,3,4,34,True,109,13,0,3328,33.28,0
7913,0,1,3,4,33,False,170,11,5,2821,28.21,0
7914,0,1,3,4,16,False,56,4,79,1103,11.03,0
7915,0,1,3,4,17,False,57,2,179,691,6.91,0
7916,0,1,3,4,3,True,56,4,56,1080,10.8,0
7917,0,1,3,4,4,True,57,3,246,1014,10.14,0
7918,0,1,3,4,16,True,57,2,158,670,6.7,0
7919,0,1,3,4,34,True,170,10,237,2797,27.97,0
7920,0,1,3,4,33,False,144,11,62,2878,28.78,0
7921,0,1,3,4,16,False,33,5,143,1423,14.23,0
7922,0,1,3,4,17,False,32,6,21,1557,15.57,0
7923,0,1,3,4,3,True,35,1,213,469,4.69,0
7924,0,1,3,4,4,True,33,5,121,1401,14.01,0
7925,0,1,3,4,16,True,32,6,0,1536,15.36,0
7926,0,1,3,4,34,True,144,11,39,2855,28.55,0
7927,0,1,3,4,33,False,13,5,145,1425,14.25,0
7928,0,1,3,4,16,False,122,4,171,1195,11.95,0
7929,0,1,3,4,3,True,124,2,123,635,6.35,0
7930,0,1,3,4,4,True,123,6,16,1552,15.52,0
7931,0,1,3,4,5,True,125,1,99,355,3.55,0
7932,0,1,3,4,16,True,122,4,150,1174,11.74,0
7933,0,1,3,4,34,True,170,0,28,28,0.28,0
7934,0,1,3,4,33,False,160,1,163,419,4.19,0
7935,0,1,3,4,16,False,132,3,132,900,9.0,0
7936,0,1,3,4,17,False,130,6,180,1716,17.16,0
7937,0,1,3,4,3,True,134,2,90,602,6.02,0
7938,0,1,3,4,4,True,131,3,124,892,8.92,0
7939,0,1,3,4,5,True,133,0,240,240,2.4,0
7940,0,1,3,4,16,True,130,6,160,1696,16.96,0
7941,0,1,3,4,34,True,160,1,139,395,3.95,0
7942,0,1,3,4,33,False,128,10,106,2666,26.66,0
7943,0,1,3,4,16,False,6,6,94,1630,16.3,0
7944,0,1,3,4,17,False,6,6,99,1635,16.35,0
7945,0,1,3,4,3,True,7,4,38,1062,10.62,0
7946,0,1,3,4,4,True,6,6,76,1612,16.12,0
7947,0,1,3,4,16,True,6,6,77,1613,16.13,0
7948,0,1,3,4,34,True,128,10,83,2643,26.43,0
7949,0,1,3,4,33,False,246,12,25,3097,30.97,0
7950,0,1,3,4,16,False,146,6,10,1546,15.46,0
7951,0,1,3,4,17,False,146,5,57,1337,13.37,0
7952,0,1,3,4,3,True,147,3,180,948,9.48,0
7953,0,1,3,4,4,True,146,5,244,1524,15.24,0
7954,0,1,3,4,16,True,146,5,36,1316,13.16,0
7955,0,1,3,4,34,True,246,12,2,3074,30.74,0
7956,0,1,3,4,33,False,240,13,102,3430,34.3,0
7957,0,1,3,4,16,False,157,11,3,2819,28.19,254
7958,0,-1,-1,-1,-1,True,-1,-1,-1,-1,-1.0,-1
7959,0,1,3,4,17,False,154,6,80,1616,16.16,0
7960,0,1,3,4,3,True,156,3,197,965,9.65,0
7961,0,1,3,4,4,True,154,3,233,1001,10.01,0
7962,0,1,3,4,16,True,154,6,59,1595,15.95,0
7963,0,1,3,4,34,True,212,15,63,3903,39.03,0
7964,0,1,3,4,33,False,42,7,77,1869,18.69,0
7965,0,1,3,4,16,False,85,4,237,1261,12.61,0
7966,0,1,3,4,17,False,85,5,1,1281,12.81,0
7967,0,1,3,4,3,True,86,4,122,1146,11.46,0
7968,0,1,3,4,4,True,85,4,219,1243,12.43,0
7969,0,1,3,4,16,True,85,4,234,1258,12.58,0
7970,0,1,3,4,32,True,88,0,171,171,1.71,0
7971,0,1,3,4,34,True,42,7,55,1847,18.47,0
7972,0,1,3,4,33,False,160,0,156,156,1.56,0
7973,0,1,3,4,16,False,117,5,174,1454,14.54,0
7974,0,1,3,4,17,False,118,4,134,1158,11.58,0
7975,0,1,3,4,3,True,119,2,225,737,7.37,0
7976,0,1,3,4,4,True,117,5,151,1431,14.31,0
7977,0,1,3,4,16,True,118,4,114,1138,11.38,0
7978,0,1,3,4,34,True,160,0,133,133,1.33,0
7979,0,1,3,4,33,False,75,3,192,960,9.6,0
7980,0,1,3,4,16,False,74,4,107,1131,11.31,0
7981,0,1,3,4,17,False,73,6,95,1631,16.31,0
7982,0,1,3,4,3,True,75,3,63,831,8.31,0
7983,0,1,3,4,4,True,73,4,85,1109,11.09,0
7984,0,1,3,4,16,True,73,6,75,1611,16.11,0
7985,0,1,3,4,34,True,75,3,169,937,9.37,0
7986,0,1,3,4,33,False,20,13,58,3386,33.86,0
7987,0,1,3,4,16,False,190,5,251,1531,15.31,0
7988,0,1,3,4,17,False,190,7,19,1811,18.11,0
7989,0,1,3,4,3,True,191,5,147,1427,14.27,0
7990,0,1,3,4,4,True,190,5,227,1507,15.07,0
7991,0,1,3,4,16,True,190,6,254,1790,17.9,0
7992,0,1,3,4,32,True,194,0,65,65,0.65,0
7993,0,1,3,4,34,True,20,13,34,3362,33.62,0
7994,0,1,3,4,33,False,32,10,59,2619,26.19,0
7995,0,1,3,4,16,False,164,3,29,797,7.97,0
7996,0,1,3,4,4,True,99,5,83,1363,13.63,0
7997,0,1,3,4,5,True,100,1,190,446,4.46,0
7998,0,1,3,4,16,True,99,5,88,1368,13.68,0
7999,0,1,3,4,32,True,102,0,245,245,2.45,0
8000,0,1,3,4,34,True,11,6,185,1721,17.21,0
8001,0,1,3,4,33,False,221,0,80,80,0.8,0
8002,0,1,3,4,15,False,181,2,102,614,6.14,0
8003,0,1,3,4,16,False,175,5,18,1298,12.98,0
8004,0,1,3,4,17,False,175,5,39,1319,13.19,0
8005,0,1,3,4,3,True,176,4,140,1164,11.64,0
8006,0,1,3,4,4,True,175,5,0,1280,12.8,0
8007,0,1,3,4,16,True,175,5,17,1297,12.97,0
8008,0,1,3,4,34,True,221,0,57,57,0.57,0
8009,0,1,3,4,33,False,29,10,3,2563,25.63,0
8010,0,1,3,4,16,False,101,4,104,1128,11.28,0
8011,0,1,3,4,33,False,241,0,64,64,0.64,0
8012,0,1,3,4,16,False,195,4,9,1033,10.33,0
8013,0,1,3,4,3,True,195,3,223,991,9.91,0
8014,0,1,3,4,4,True,195,3,230,998,9.98,0
8015,0,1,3,4,34,True,241,0,41,41,0.41,0
8016,0,1,3,4,33,False,241,5,250,1530,15.3,0
8017,0,1,3,4,16,False,121,5,217,1497,14.97,0
8018,0,1,3,4,17,False,121,5,61,1341,13.41,0
8019,0,1,3,4,3,True,122,3,191,959,9.59,0
8020,0,1,3,4,4,True,121,5,195,1475,14.75,0
8021,0,1,3,4,16,True,121,5,40,1320,13.2,0
8022,0,1,3,4,34,True,94,5,227,1507,15.07,0
8023,0,1,3,4,33,False,17,14,54,3638,36.38,0
8024,0,1,3,4,16,False,199,5,45,1325,13.25,0
8025,0,1,3,4,17,False,200,5,62,1342,13.42,0
8026,0,1,3,4,3,True,200,4,181,1205,12.05,0
8027,0,1,3,4,4,True,199,5,25,1305,13.05,0
8028,0,1,3,4,16,True,200,5,39,1319,13.19,0
8029,0,1,3,4,34,True,17,14,32,3616,36.16,0
8030,0,1,3,4,33,False,90,3,234,1002,10.02,0
8031,0,1,3,4,16,False,90,3,187,955,9.55,0
8032,0,1,3,4,17,False,90,5,14,1294,12.94,0
8033,0,1,3,4,3,True,200,1,201,457,4.57,0
8034,0,1,3,4,4,True,90,3,164,932,9.32,0
8035,0,1,3,4,16,True,90,4,249,1273,12.73,0
8036,0,1,3,4,34,True,90,3,212,980,9.8,0
8037,0,1,3,4,33,False,242,14,231,3815,38.15,0
8038,0,1,3,4,16,False,180,3,142,910,9.1,0
8039,0,1,3,4,17,False,179,3,41,809,8.09,0
8040,0,1,3,4,3,True,182,1,96,352,3.52,0
8041,0,1,3,4,4,True,180,3,119,887,8.87,0
8042,0,1,3,4,16,True,179,3,21,789,7.89,0
8043,0,1,3,4,34,True,241,14,208,3792,37.92,0
8044,0,1,3,4,33,False,65,1,176,432,4.32,0
8045,0,1,3,4,16,False,38,3,237,1005,10.05,0
8046,0,1,3,4,17,False,37,4,27,1051,10.51,0
8047,0,1,3,4,3,True,38,3,219,987,9.87,0
8048,0,1,3,4,4,True,39,3,50,818,8.18,0
8049,0,1,3,4,5,True,41,0,70,70,0.7,0
8050,0,1,3,4,16,True,37,4,3,1027,10.27,0
8051,0,1,3,4,34,True,65,1,154,410,4.1,0
8052,0,1,3,4,33,False,227,11,2,2818,28.18,0
8053,0,1,3,4,15,False,114,6,0,1536,15.36,0
8054,0,1,3,4,16,False,113,7,103,1895,18.95,0
8055,0,1,3,4,17,False,112,6,85,1621,16.21,0
8056,0,1,3,4,3,True,113,7,72,1864,18.64,0
8057,0,1,3,4,4,True,113,3,218,986,9.86,0
8058,0,1,3,4,16,True,112,6,64,1600,16.0,0
8059,0,1,3,4,32,True,116,1,75,331,3.31,0
8060,0,1,3,4,34,True,227,10,235,2795,27.95,0
8061,0,1,3,4,33,False,155,12,69,3141,31.41,0
8062,0,1,3,4,16,False,6,12,0,3072,30.72,167772160
8063,0,-1,-1,-1,-1,True,-1,-1,-1,-1,-1.0,-1
8064,0,-1,-1,-1,-1,True,-1,-1,-1,-1,-1.0,-1
8065,0,-1,-1,-1,-1,True,-1,-1,-1,-1,-1.0,-1
8066,0,1,3,4,3,True,129,2,124,636,6.36,0
8067,0,1,3,4,4,True,127,5,245,1525,15.25,0
8068,0,1,3,4,16,True,127,4,185,1209,12.09,0
8069,0,1,3,4,34,True,220,12,139,3211,32.11,0
8070,0,1,3,4,33,False,193,4,125,1149,11.49,0
8071,0,1,3,4,16,False,200,5,193,1473,14.73,0
8072,0,1,3,4,17,False,200,5,97,1377,13.77,0
8073,0,1,3,4,3,True,201,5,155,1435,14.35,0
8074,0,1,3,4,4,True,200,4,240,1264,12.64,0
8075,0,1,3,4,16,True,200,5,75,1355,13.55,0
8076,0,1,3,4,34,True,193,4,103,1127,11.27,0
8077,0,1,3,4,33,False,255,6,3,1539,15.39,0
8078,0,1,3,4,15,False,28,5,23,1303,13.03,0
8079,0,1,3,4,16,False,25,6,105,1641,16.41,0
8080,0,1,3,4,17,False,26,5,61,1341,13.41,0
8081,0,1,3,4,3,True,26,5,32,1312,13.12,0
8082,0,1,3,4,4,True,25,6,83,1619,16.19,0
8083,0,1,3,4,16,True,26,5,41,1321,13.21,0
8084,0,1,3,4,34,True,255,5,236,1516,15.16,0
8085,0,1,3,4,33,False,222,15,215,4055,40.55,0
8086,0,1,3,4,16,False,170,7,18,1810,18.1,0
8087,0,1,3,4,17,False,170,5,188,1468,14.68,0
8088,0,1,3,4,3,True,171,5,11,1291,12.91,0
8089,0,1,3,4,4,True,170,6,251,1787,17.87,0
8090,0,1,3,4,16,True,170,5,167,1447,14.47,0
8091,0,1,3,4,34,True,222,15,192,4032,40.32,0
8092,0,1,3,4,33,False,2,4,18,1042,10.42,0
8093,0,1,3,4,16,False,4,4,19,1043,10.43,0
8094,0,1,3,4,17,False,4,4,138,1162,11.62,0
8095,0,1,3,4,3,True,6,3,214,982,9.82,0
8096,0,1,3,4,4,True,4,3,87,855,8.55,0
8097,0,1,3,4,16,True,4,4,116,1140,11.4,0
8098,0,1,3,4,34,True,2,3,251,1019,10.19,0
8099,0,1,3,4,33,False,200,13,218,3546,35.46,0
8100,0,1,3,4,16,False,123,10,5,2565,25.65,116
8101,0,-1,-1,-1,-1,True,-1,-1,-1,-1,-1.0,-1
8102,0,1,3,4,17,False,186,5,15,1295,12.95,0
8103,0,1,3,4,3,True,188,3,141,909,9.09,0
8104,0,1,3,4,4,True,186,5,93,1373,13.73,0
8105,0,1,3,4,16,True,186,4,251,1275,12.75,0
8106,0,1,3,4,34,True,57,9,231,2535,25.35,0
8107,0,1,3,4,33,False,175,13,176,3504,35.04,0
8108,0,1,3,4,15,False,97,5,32,1312,13.12,0
8109,0,1,3,4,16,False,95,6,156,1692,16.92,0
8110,0,1,3,4,17,False,95,4,182,1206,12.06,0
8111,0,1,3,4,3,True,95,5,57,1337,13.37,0
8112,0,1,3,4,4,True,95,6,134,1670,16.7,0
8113,0,1,3,4,16,True,95,4,161,1185,11.85,0
8114,0,1,3,4,34,True,175,13,154,3482,34.82,0
8115,0,1,3,4,33,False,119,8,230,2278,22.78,0
8116,0,1,3,4,16,False,235,13,5,3333,33.33,163
8117,0,-1,-1,-1,-1,True,-1,-1,-1,-1,-1.0,-1
8118,0,1,3,4,3,True,158,3,172,940,9.4,0
8119,0,1,3,4,4,True,157,6,165,1701,17.01,0
8120,0,1,3,4,16,True,157,5,143,1423,14.23,0
8121,0,1,3,4,32,True,159,1,0,256,2.56,0
8122,0,1,3,4,34,True,117,6,246,1782,17.82,0
8123,0,1,3,4,33,False,132,8,136,2184,21.84,0
8124,0,1,3,4,16,False,243,3,106,874,8.74,0
8125,0,1,3,4,17,False,242,5,14,1294,12.94,0
8126,0,1,3,4,3,True,245,2,74,586,5.86,0
8127,0,1,3,4,4,True,243,3,84,852,8.52,0
8128,0,1,3,4,16,True,242,4,250,1274,12.74,0
8129,0,1,3,4,34,True,132,8,114,2162,21.62,0
8130,0,1,3,4,33,False,183,7,231,2023,20.23,0
8131,0,1,3,4,16,False,30,3,18,786,7.86,0
8132,0,1,3,4,17,False,28,5,217,1497,14.97,0
8133,0,1,3,4,3,True,35,0,152,152,1.52,0
8134,0,1,3,4,4,True,30,2,254,766,7.66,0
8135,0,1,3,4,16,True,28,5,197,1477,14.77,0
8136,0,1,3,4,34,True,182,7,208,2000,20.0,0
8137,0,1,3,4,33,False,108,1,61,317,3.17,0
8138,0,1,3,4,16,False,74,5,5,1285,12.85,255
8139,0,-1,-1,-1,-1,True,-1,-1,-1,-1,-1.0,-1
8140,0,1,3,4,17,False,68,5,202,1482,14.82,0
8141,0,1,3,4,3,True,70,5,216,1496,14.96,0
8142,0,1,3,4,4,True,68,5,77,1357,13.57,0
8143,0,1,3,4,16,True,68,5,181,1461,14.61,0
8144,0,1,3,4,34,True,139,14,95,3679,36.79,0
8145,0,1,3,4,33,False,123,1,35,291,2.91,0
8146,0,1,3,4,15,False,95,2,175,687,6.87,0
8147,0,1,3,4,16,False,88,4,115,1139,11.39,0
8148,0,1,3,4,17,False,88,5,35,1315,13.15,0
8149,0,1,3,4,3,True,89,3,255,1023,10.23,0
8150,0,1,3,4,4,True,87,4,92,1116,11.16,0
8151,0,1,3,4,16,True,88,5,15,1295,12.95,0
8152,0,1,3,4,34,True,123,1,13,269,2.69,0
8153,0,1,3,4,33,False,152,0,205,205,2.05,0
8154,0,1,3,4,16,False,113,4,210,1234,12.34,0
8155,0,1,3,4,17,False,113,4,114,1138,11.38,0
8156,0,1,3,4,3,True,114,1,148,404,4.04,0
8157,0,1,3,4,4,True,113,4,188,1212,12.12,0
8158,0,1,3,4,16,True,113,4,94,1118,11.18,0
8159,0,1,3,4,34,True,152,0,181,181,1.81,0
8160,0,1,3,4,33,False,210,6,169,1705,17.05,0
8161,0,1,3,4,15,False,45,4,55,1079,10.79,0
8162,0,1,3,4,16,False,40,5,237,1517,15.17,0
8163,0,1,3,4,17,False,40,5,198,1478,14.78,0
8164,0,1,3,4,3,True,41,5,202,1482,14.82,0
8165,0,1,3,4,4,True,40,5,38,1318,13.18,0
8166,0,1,3,4,16,True,40,5,177,1457,14.57,0
8167,0,1,3,4,34,True,210,6,147,1683,16.83,0
8168,0,1,3,4,33,False,212,15,241,4081,40.81,0
8169,0,1,3,4,15,False,165,4,131,1155,11.55,0
8170,0,1,3,4,16,False,162,0,10,10,0.1,4186971137
8171,0,-1,-1,-1,-1,True,-1,-1,-1,-1,-1.0,-1
8172,0,1,3,4,34,True,102,11,79,2895,28.95,0
8173,0,1,3,4,33,False,30,3,24,792,7.92,0
8174,0,1,3,4,16,False,19,4,223,1247,12.47,0
8175,0,1,3,4,17,False,19,6,30,1566,15.66,0
8176,0,1,3,4,3,True,20,4,182,1206,12.06,0
8177,0,1,3,4,4,True,19,3,226,994,9.94,0
8178,0,1,3,4,5,True,21,1,174,430,4.3,0
8179,0,1,3,4,16,True,19,6,8,1544,15.44,0
8180,0,1,3,4,34,True,30,3,1,769,7.69,0
8181,0,1,3,4,33,False,34,4,112,1136,11.36,0
8182,0,1,3,4,16,False,41,4,229,1253,12.53,0
8183,0,1,3,4,17,False,16,5,12,1292,12.92,0
8184,0,1,3,4,3,True,18,3,27,795,7.95,0
8185,0,1,3,4,4,True,17,4,211,1235,12.35,0
8186,0,1,3,4,16,True,16,4,245,1269,12.69,0
8187,0,1,3,4,34,True,132,10,197,2757,27.57,0
8188,0,1,3,4,33,False,243,9,245,2549,25.49,0
8189,0,1,3,4,15,False,121,3,137,905,9.05,0
8190,0,1,3,4,16,False,117,5,64,1344,13.44,0
8191,0,1,3,4,17,False,207,5,226,1506,15.06,0
8192,0,1,3,4,3,True,208,5,22,1302,13.02,0
8193,0,1,3,4,4,True,207,4,134,1158,11.58,0
8194,0,1,3,4,16,True,206,5,205,1485,14.85,0
8195,0,1,3,4,34,True,36,13,48,3376,33.76,0
8196,0,1,3,4,33,False,154,0,73,73,0.73,0
8197,0,1,3,4,16,False,109,4,84,1108,11.08,0
8198,0,1,3,4,17,False,108,6,1,1537,15.37,0
8199,0,1,3,4,3,True,109,4,50,1074,10.74,0
8200,0,1,3,4,4,True,109,2,52,564,5.64,0
8201,0,1,3,4,16,True,107,5,237,1517,15.17,0
8202,0,1,3,4,34,True,154,0,51,51,0.51,0
8203,0,1,3,4,33,False,14,0,0,0,0.0,17235968
8204,0,-1,-1,-1,-1,True,-1,-1,-1,-1,-1.0,-1
8205,0,1,3,0,0,False,0,0,0,0,0.0,0
8206,0,1,3,2,2,False,85,0,0,0,0.0,0
8207,0,1,3,4,17,False,183,2,193,705,7.05,0
8208,0,1,3,4,4,True,184,2,90,602,6.02,0
8209,0,1,3,4,16,True,183,2,170,682,6.82,0
8210,0,1,3,4,34,True,71,8,162,2210,22.1,0
8211,0,1,3,4,33,False,7,4,8,1032,10.32,0
8212,0,1,3,4,16,False,8,4,34,1058,10.58,0
8213,0,1,3,4,17,False,12,2,75,587,5.87,0
8214,0,1,3,4,3,True,9,3,254,1022,10.22,0
8215,0,1,3,4,4,True,8,3,94,862,8.62,0
8216,0,1,3,4,16,True,12,2,54,566,5.66,0
8217,0,1,3,4,34,True,7,3,240,1008,10.08,0
8218,0,1,3,4,33,False,147,2,61,573,5.73,0
8219,0,1,3,4,15,False,129,4,206,1230,12.3,0
8220,0,1,3,4,16,False,126,7,84,1876,18.76,0
8221,0,1,3,4,17,False,125,5,156,1436,14.36,0
8222,0,1,3,4,3,True,127,4,225,1249,12.49,0
8223,0,1,3,4,4,True,125,7,65,1857,18.57,0
8224,0,1,3,4,16,True,125,5,135,1415,14.15,0
8225,0,1,3,4,32,True,129,0,202,202,2.02,0
8226,0,1,3,4,34,True,147,2,37,549,5.49,0
8227,0,1,3,4,33,False,156,14,113,3697,36.97,0
8228,0,1,3,4,16,False,115,4,227,1251,12.51,0
8229,0,1,3,4,17,False,115,4,131,1155,11.55,0
8230,0,1,3,4,3,True,117,2,22,534,5.34,0
8231,0,1,3,4,4,True,115,4,204,1228,12.28,0
8232,0,1,3,4,16,True,115,4,110,1134,11.34,0
8233,0,1,3,4,34,True,245,9,174,2478,24.78,0
8234,0,1,3,4,33,False,3,15,102,3942,39.42,0
8235,0,1,3,4,16,False,201,5,199,1479,14.79,0
8236,0,1,3,4,17,False,200,6,93,1629,16.29,0
8237,0,1,3,4,3,True,202,4,1,1025,10.25,0
8238,0,1,3,4,4,True,201,5,177,1457,14.57,0
8239,0,1,3,4,16,True,200,6,73,1609,16.09,0
8240,0,1,3,4,34,True,3,15,79,3919,39.19,0
8241,0,1,3,4,33,False,208,15,144,3984,39.84,0
8242,0,1,3,4,17,False,152,5,182,1462,14.62,0
8243,0,1,3,4,16,False,152,0,222,222,2.22,0
8244,0,1,3,4,34,True,251,2,84,596,5.96,0
8245,0,1,3,4,33,False,191,15,169,4009,40.09,0
8246,0,1,3,4,17,False,137,4,21,1045,10.45,0
8247,0,1,3,4,16,True,137,4,0,1024,10.24,0
8248,0,1,3,4,34,True,191,15,146,3986,39.86,0
8249,0,1,3,4,33,False,122,10,125,2685,26.85,0
8250,0,1,3,4,16,False,13,12,0,3072,30.72,167772160
8251,0,-1,-1,-1,-1,True,-1,-1,-1,-1,-1.0,-1
8252,0,240,0,0,0,False,0,0,10,10,0.1,0
8253,0,-1,-1,-1,-1,True,-1,-1,-1,-1,-1.0,-1
8254,0,86,0,5,28,False,0,0,0,0,0.0,469830144
8255,0,-1,-1,-1,-1,True,-1,-1,-1,-1,-1.0,-1
8256,0,-1,-1,-1,-1,True,-1,-1,-1,-1,-1.0,-1
8257,0,1,3,4,4,True,86,5,6,1286,12.86,0
8258,0,1,3,4,34,True,47,6,217,1753,17.53,0
8259,0,1,3,4,33,False,144,1,238,494,4.94,0
8260,0,1,3,4,16,False,118,5,82,1362,13.62,0
8261,0,1,3,4,17,False,119,3,127,895,8.95,0
8262,0,1,3,4,3,True,119,3,187,955,9.55,0
8263,0,1,3,4,4,True,118,5,60,1340,13.4,0
8264,0,1,3,4,16,True,119,3,107,875,8.75,0
8265,0,1,3,4,34,True,144,1,215,471,4.71,0
8266,0,1,3,4,33,False,155,14,69,3653,36.53,0
8267,0,1,3,4,16,False,82,6,58,1594,15.94,0
8268,0,1,3,4,3,True,85,2,24,536,5.36,0
8269,0,1,3,4,4,True,82,6,35,1571,15.71,0
8270,0,1,3,4,34,True,155,14,47,3631,36.31,0
8271,0,1,3,4,33,False,123,15,1,3841,38.41,0
8272,0,1,3,4,16,False,5,7,0,1792,17.92,167772160
8273,0,-1,-1,-1,-1,True,-1,-1,-1,-1,-1.0,-1
8274,0,-1,-1,-1,-1,True,-1,-1,-1,-1,-1.0,-1
8275,0,1,3,4,3,True,221,3,137,905,9.05,0
8276,0,1,3,4,4,True,220,5,85,1365,13.65,0
8277,0,1,3,4,16,True,220,5,88,1368,13.68,0
8278,0,1,3,4,34,True,40,13,242,3570,35.7,0
8279,0,1,3,4,33,False,39,14,159,3743,37.43,0
8280,0,1,3,4,16,False,228,4,174,1198,11.98,0
8281,0,1,3,4,17,False,227,5,41,1321,13.21,0
8282,0,1,3,4,3,True,229,4,135,1159,11.59,0
8283,0,1,3,4,4,True,228,3,221,989,9.89,0
8284,0,1,3,4,16,True,227,5,19,1299,12.99,0
8285,0,1,3,4,34,True,39,14,137,3721,37.21,0
8286,0,1,3,4,33,False,100,11,221,3037,30.37,0
8287,0,1,3,4,16,False,253,5,218,1498,14.98,0
8288,0,1,3,4,3,True,243,2,40,552,5.52,0
8289,0,1,3,4,4,True,240,3,240,1008,10.08,0
8290,0,1,3,4,5,True,242,1,38,294,2.94,0
8291,0,1,3,4,16,True,240,5,196,1476,14.76,0
8292,0,1,3,4,34,True,251,3,5,773,7.73,0
8293,0,1,3,4,33,False,72,15,15,3855,38.55,0
8294,0,1,3,4,16,False,5,3,0,768,7.68,167772160
8295,0,-1,-1,-1,-1,True,-1,-1,-1,-1,-1.0,-1
8296,0,-1,-1,-1,-1,True,-1,-1,-1,-1,-1.0,-1
8297,0,-1,-1,-1,-1,True,-1,-1,-1,-1,-1.0,-1
8298,0,-1,-1,-1,-1,True,-1,-1,-1,-1,-1.0,-1
8299,0,-1,-1,-1,-1,True,-1,-1,-1,-1,-1.0,-1
8300,0,1,3,4,3,True,255,5,95,1375,13.75,0
8301,0,1,3,4,4,True,254,5,205,1485,14.85,0
8302,0,1,3,4,16,True,0,3,181,949,9.49,0
8303,0,1,3,4,34,True,105,11,134,2950,29.5,0
8304,0,1,3,4,33,False,116,4,71,1095,10.95,0
8305,0,1,3,4,16,False,122,4,237,1261,12.61,0
8306,0,1,3,4,17,False,121,5,94,1374,13.74,0
8307,0,1,3,4,3,True,124,2,181,693,6.93,0
8308,0,1,3,4,4,True,122,4,215,1239,12.39,0
8309,0,1,3,4,16,True,121,5,72,1352,13.52,0
8310,0,1,3,4,34,True,116,4,48,1072,10.72,0
8311,0,1,3,4,33,False,98,9,219,2523,25.23,0
8312,0,1,3,4,16,False,224,7,100,1892,18.92,0
8313,0,1,3,4,17,False,225,5,111,1391,13.91,0
8314,0,1,3,4,3,True,226,7,48,1840,18.4,0
8315,0,1,3,4,4,True,224,6,128,1664,16.64,0
8316,0,1,3,4,16,True,225,5,91,1371,13.71,0
8317,0,1,3,4,34,True,98,9,195,2499,24.99,0
8318,0,1,3,4,33,False,253,15,153,3993,39.93,0
8319,0,1,3,4,16,False,198,4,156,1180,11.8,0
8320,0,1,3,4,17,False,197,5,90,1370,13.7,0
8321,0,1,3,4,3,True,199,3,219,987,9.87,0
8322,0,1,3,4,4,True,198,4,133,1157,11.57,0
8323,0,1,3,4,16,True,197,5,69,1349,13.49,0
8324,0,1,3,4,34,True,253,15,131,3971,39.71,0
8325,0,1,3,4,33,False,50,3,142,910,9.1,0
8326,0,1,3,4,16,False,45,6,119,1655,16.55,0
8327,0,1,3,4,17,False,45,6,6,1542,15.42,0
8328,0,1,3,4,3,True,47,3,191,959,9.59,0
8329,0,1,3,4,4,True,45,6,96,1632,16.32,0
8330,0,1,3,4,5,True,47,2,153,665,6.65,0
8331,0,1,3,4,16,True,45,5,242,1522,15.22,0
8332,0,1,3,4,34,True,50,3,119,887,8.87,0
8333,0,1,3,4,33,False,160,2,145,657,6.57,0
8334,0,1,3,4,16,False,143,6,233,1769,17.69,0
8335,0,1,3,4,17,False,143,5,201,1481,14.81,0
8336,0,1,3,4,3,True,144,4,157,1181,11.81,0
8337,0,1,3,4,4,True,143,6,210,1746,17.46,0
8338,0,1,3,4,5,True,145,1,242,498,4.98,0
8339,0,1,3,4,16,True,143,5,181,1461,14.61,0
8340,0,1,3,4,32,True,145,2,41,553,5.53,0
8341,0,1,3,4,34,True,160,2,121,633,6.33,0
8342,0,1,3,4,33,False,151,0,245,245,2.45,0
8343,0,1,3,4,16,False,114,5,221,1501,15.01,0
8344,0,1,3,4,15,False,116,11,5,2821,28.21,237
8345,0,-1,-1,-1,-1,True,-1,-1,-1,-1,-1.0,-1
8346,0,1,3,4,17,False,139,5,3,1283,12.83,0
8347,0,1,3,4,3,True,140,3,70,838,8.38,0
8348,0,1,3,4,4,True,139,5,215,1495,14.95,0
8349,0,1,3,4,16,True,139,4,238,1262,12.62,0
8350,0,1,3,4,34,True,243,11,173,2989,29.89,0
8351,0,1,3,4,33,False,226,0,39,39,0.39,0
8352,0,1,3,4,16,False,178,3,167,935,9.35,0
8353,0,1,3,4,17,False,178,3,250,1018,10.18,0
8354,0,1,3,4,3,True,179,3,3,771,7.71,0
8355,0,1,3,4,4,True,178,3,144,912,9.12,0
8356,0,1,3,4,16,True,178,3,228,996,9.96,0
8357,0,1,3,4,34,True,226,0,16,16,0.16,0
8358,0,1,3,4,33,False,44,4,116,1140,11.4,0
8359,0,1,3,4,16,False,51,6,140,1676,16.76,0
8360,0,1,3,4,17,False,51,4,242,1266,12.66,0
8361,0,1,3,4,4,True,51,6,117,1653,16.53,0
8362,0,1,3,4,16,True,51,4,222,1246,12.46,0
8363,0,1,3,4,34,True,44,4,93,1117,11.17,0
8364,0,1,3,4,33,False,250,3,35,803,8.03,0
8365,0,1,3,4,16,False,30,6,183,1719,17.19,0
8366,0,1,3,4,17,False,31,2,252,764,7.64,0
8367,0,1,3,4,3,True,31,4,11,1035,10.35,0
8368,0,1,3,4,4,True,30,6,160,1696,16.96,0
8369,0,1,3,4,16,True,31,2,232,744,7.44,0
8370,0,1,3,4,34,True,96,14,166,3750,37.5,0
8371,0,1,3,4,33,False,125,0,46,46,0.46,0
8372,0,1,3,4,15,False,81,5,206,1486,14.86,0
8373,0,1,3,4,16,False,77,5,0,1280,12.8,0
8374,0,1,3,4,17,False,77,4,147,1171,11.71,0
8375,0,1,3,4,3,True,78,5,242,1522,15.22,0
8376,0,1,3,4,4,True,77,4,160,1184,11.84,0
8377,0,1,3,4,16,True,77,4,118,1142,11.42,0
8378,0,1,3,4,34,True,125,0,23,23,0.23,0
8379,0,1,3,4,33,False,51,0,72,72,0.72,0
8380,0,1,3,4,16,False,6,6,4,1540,15.4,0
8381,0,1,3,4,17,False,5,10,0,2560,25.6,167772160
8382,0,-1,-1,-1,-1,True,-1,-1,-1,-1,-1.0,-1
8383,0,-1,-1,-1,-1,True,-1,-1,-1,-1,-1.0,-1
8384,0,-1,-1,-1,-1,True,-1,-1,-1,-1,-1.0,-1
8385,0,1,3,4,3,True,237,5,34,1314,13.14,0
8386,0,1,3,4,4,True,236,3,40,808,8.08,0
8387,0,1,3,4,16,True,235,6,237,1773,17.73,0
8388,0,1,3,4,17,False,235,5,115,1395,13.95,0
8389,0,1,3,4,3,True,236,5,109,1389,13.89,0
8390,0,1,3,4,4,True,235,6,215,1751,17.51,0
8391,0,1,3,4,16,True,235,5,95,1375,13.75,0
8392,0,1,3,4,34,True,57,13,194,3522,35.22,0
8393,0,1,3,4,33,False,11,1,66,322,3.22,0
8394,0,1,3,4,15,False,236,4,193,1217,12.17,0
8395,0,1,3,4,16,False,232,4,105,1129,11.29,0
8396,0,1,3,4,17,False,228,3,114,882,8.82,0
8397,0,1,3,4,3,True,228,4,69,1093,10.93,0
8398,0,1,3,4,4,True,227,4,61,1085,10.85,0
8399,0,1,3,4,16,True,228,3,94,862,8.62,0
8400,0,1,3,4,34,True,51,13,138,3466,34.66,0
8401,0,1,3,4,33,False,12,9,150,2454,24.54,0
8402,0,1,3,4,16,False,138,3,48,816,8.16,0
8403,0,1,3,4,17,False,136,5,203,1483,14.83,0
8404,0,1,3,4,4,True,137,3,36,804,8.04,0
8405,0,1,3,4,16,True,136,5,182,1462,14.62,0
8406,0,1,3,4,34,True,132,3,101,869,8.69,0
8407,0,1,3,4,33,False,132,8,118,2166,21.66,0
8408,0,1,3,4,16,False,192,4,36,1060,10.6,0
8409,0,1,3,4,17,False,190,6,95,1631,16.31,0
8410,0,1,3,4,3,True,193,2,253,765,7.65,0
8411,0,1,3,4,4,True,192,4,13,1037,10.37,0
8412,0,1,3,4,16,True,190,6,73,1609,16.09,0
8413,0,1,3,4,34,True,132,1,222,478,4.78,0
8414,0,1,3,2,4,True,1,0,0,0,0.0,0
8415,0,1,3,6,4,False,16,4,200,1224,12.24,0
8416,0,7,2,5,0,False,0,0,0,0,0.0,2199650570
8417,0,-1,-1,-1,-1,True,-1,-1,-1,-1,-1.0,-1
8418,0,-1,-1,-1,-1,True,-1,-1,-1,-1,-1.0,-1
8419,0,-1,-1,-1,-1,True,-1,-1,-1,-1,-1.0,-1
8420,0,-1,-1,-1,-1,True,-1,-1,-1,-1,-1.0,-1
8421,0,1,3,4,4,True,13,4,29,1053,10.53,0
8422,0,1,3,4,16,True,12,7,0,1792,17.92,0
8423,0,1,3,4,34,True,250,5,82,1362,13.62,0
8424,0,1,3,4,33,False,142,0,220,220,2.2,0
8425,0,1,3,4,16,False,78,14,254,3838,38.38,0
8426,0,1,3,4,33,False,157,2,189,701,7.01,0
8427,0,1,3,4,16,False,141,5,208,1488,14.88,0
8428,0,1,3,4,3,True,143,4,140,1164,11.64,0
8429,0,1,3,4,4,True,141,5,185,1465,14.65,0
8430,0,1,3,4,34,True,157,2,166,678,6.78,0
8431,0,1,3,4,33,False,254,15,11,3851,38.51,0
8432,0,1,3,4,16,False,191,7,117,1909,19.09,0
8433,0,1,3,4,17,False,191,6,97,1633,16.33,0
8434,0,1,3,4,3,True,192,5,18,1298,12.98,0
8435,0,1,3,4,4,True,191,7,94,1886,18.86,0
8436,0,1,3,4,16,True,191,6,76,1612,16.12,0
8437,0,1,3,4,34,True,254,14,244,3828,38.28,0
8438,0,1,3,4,33,False,186,14,185,3769,37.69,0
8439,0,1,3,4,16,False,119,4,43,1067,10.67,0
8440,0,1,3,4,17,False,119,6,209,1745,17.45,0
8441,0,1,3,4,3,True,121,3,114,882,8.82,0
8442,0,1,3,4,4,True,119,4,21,1045,10.45,0
8443,0,1,3,4,5,True,120,1,64,320,3.2,0
8444,0,1,3,4,16,True,119,6,188,1724,17.24,0
8445,0,1,3,4,34,True,186,14,162,3746,37.46,0
8446,0,1,3,4,33,False,51,6,181,1717,17.17,0
8447,0,1,3,4,17,False,2,15,0,3840,38.4,167772160
8448,0,-1,-1,-1,-1,True,-1,-1,-1,-1,-1.0,-1
8449,0,6,16,1,0,False,0,0,0,0,0.0,2199650570
8450,0,-1,-1,-1,-1,True,-1,-1,-1,-1,-1.0,-1
8451,0,-1,-1,-1,-1,True,-1,-1,-1,-1,-1.0,-1
8452,0,-1,-1,-1,-1,True,-1,-1,-1,-1,-1.0,-1
8453,0,-1,-1,-1,-1,True,-1,-1,-1,-1,-1.0,-1
8454,0,1,3,4,4,True,13,2,203,715,7.15,0
8455,0,1,3,4,16,True,12,6,109,1645,16.45,0
8456,0,1,3,4,34,True,54,0,149,149,1.49,0
8457,0,1,3,4,33,False,53,1,33,289,2.89,0
8458,0,1,3,4,15,False,24,3,72,840,8.4,0
8459,0,1,3,4,16,False,18,4,4,1028,10.28,21
8460,0,-1,-1,-1,-1,True,-1,-1,-1,-1,-1.0,-1
8461,0,1,3,4,17,False,179,6,144,1680,16.8,0
8462,0,1,3,4,3,True,182,3,57,825,8.25,0
8463,0,1,3,4,4,True,179,4,7,1031,10.31,0
8464,0,1,3,4,16,True,179,6,123,1659,16.59,0
8465,0,1,3,4,34,True,244,14,194,3778,37.78,0
8466,0,1,3,4,33,False,27,1,238,494,4.94,0
8467,0,1,3,4,16,False,1,12,17,3089,30.89,15860916
8468,0,-1,-1,-1,-1,True,-1,-1,-1,-1,-1.0,-1
8469,0,-1,-1,-1,-1,True,-1,-1,-1,-1,-1.0,-1
8470,0,-1,-1,-1,-1,True,-1,-1,-1,-1,-1.0,-1
8471,0,1,3,4,3,True,182,2,146,658,6.58,0
8472,0,1,3,4,4,True,180,4,62,1086,10.86,0
8473,0,1,3,4,16,True,180,4,220,1244,12.44,0
8474,0,1,3,4,34,True,214,1,33,289,2.89,0
8475,0,1,3,4,33,False,51,9,167,2471,24.71,0
8476,0,1,3,4,16,False,176,7,34,1826,18.26,0
8477,0,1,3,4,17,False,105,6,237,1773,17.73,0
8478,0,1,3,4,3,True,106,4,115,1139,11.39,0
8479,0,1,3,4,4,True,105,7,12,1804,18.04,0
8480,0,1,3,4,16,True,105,6,217,1753,17.53,0
8481,0,1,3,4,34,True,122,2,143,655,6.55,0
8482,0,1,3,4,33,False,0,13,44,3372,33.72,0
8483,0,1,3,4,17,False,170,6,101,1637,16.37,0
8484,0,1,3,4,16,True,169,6,81,1617,16.17,0
8485,0,1,3,4,34,True,0,13,21,3349,33.49,0
8486,0,1,3,4,33,False,218,11,159,2975,29.75,0
8487,0,1,3,4,16,False,199,4,62,1086,10.86,0
8488,0,1,3,4,17,False,199,6,14,1550,15.5,0
8489,0,1,3,4,3,True,201,3,152,920,9.2,0
8490,0,1,3,4,4,True,199,4,38,1062,10.62,0
8491,0,1,3,4,16,True,199,5,250,1530,15.3,0
8492,0,1,3,4,34,True,75,9,135,2439,24.39,0
8493,0,1,3,4,33,False,158,11,39,2855,28.55,0
8494,0,1,3,4,16,False,46,4,238,1262,12.62,0
8495,0,1,3,4,17,False,45,6,154,1690,16.9,0
8496,0,1,3,4,3,True,47,2,173,685,6.85,0
8497,0,1,3,4,4,True,45,4,215,1239,12.39,0
8498,0,1,3,4,16,True,45,6,134,1670,16.7,0
8499,0,1,3,4,32,True,51,0,46,46,0.46,0
8500,0,1,3,4,34,True,158,11,17,2833,28.33,0
8501,0,1,3,4,33,False,88,4,174,1198,11.98,0
8502,0,1,3,4,16,False,98,5,3,1283,12.83,219
8503,0,-1,-1,-1,-1,True,-1,-1,-1,-1,-1.0,-1
8504,0,1,3,4,17,False,69,3,70,838,8.38,0
8505,0,1,3,4,3,True,71,2,110,622,6.22,0
8506,0,1,3,4,4,True,69,3,197,965,9.65,0
8507,0,1,3,4,16,True,69,3,49,817,8.17,0
8508,0,1,3,4,34,True,6,4,175,1199,11.99,0
8509,0,1,3,4,16,False,117,2,23,535,5.35,0
8510,0,1,3,4,17,False,115,5,225,1505,15.05,0
8511,0,1,3,4,33,False,193,13,205,3533,35.33,0
8512,0,1,3,4,3,True,121,0,190,190,1.9,0
8513,0,1,3,4,4,True,116,2,12,524,5.24,0
8514,0,1,3,4,16,True,115,5,204,1484,14.84,0
8515,0,1,3,4,34,True,193,13,182,3510,35.1,0
8516,0,1,3,4,33,False,60,10,135,2695,26.95,0
8517,0,1,3,4,16,False,196,4,175,1199,11.99,0
8518,0,1,3,4,17,False,196,5,153,1433,14.33,0
8519,0,1,3,4,3,True,197,4,105,1129,11.29,0
8520,0,1,3,4,4,True,196,4,152,1176,11.76,0
8521,0,1,3,4,16,True,196,5,133,1413,14.13,0
8522,0,1,3,4,34,True,60,10,113,2673,26.73,0
8523,0,1,3,4,33,False,8,3,83,851,8.51,0
8524,0,1,3,4,15,False,4,3,136,904,9.04,0
8525,0,1,3,4,16,False,5,13,0,3328,33.28,167772160
8526,0,-1,-1,-1,-1,True,-1,-1,-1,-1,-1.0,-1
8527,0,-1,-1,-1,-1,True,-1,-1,-1,-1,-1.0,-1
8528,0,-1,-1,-1,-1,True,-1,-1,-1,-1,-1.0,-1
8529,0,1,3,4,3,True,175,2,200,712,7.12,0
8530,0,1,3,4,4,True,173,5,6,1286,12.86,0
8531,0,1,3,4,16,True,174,4,54,1078,10.78,0
8532,0,1,3,4,34,True,168,4,64,1088,10.88,0
8533,0,1,3,4,33,False,168,9,207,2511,25.11,0
8534,0,1,3,4,16,False,125,3,117,885,8.85,0
8535,0,1,3,4,17,False,123,4,23,1047,10.47,0
8536,0,1,3,4,3,True,126,3,70,838,8.38,0
8537,0,1,3,4,4,True,124,2,237,749,7.49,0
8538,0,1,3,4,16,True,123,4,2,1026,10.26,0
8539,0,1,3,4,34,True,252,9,183,2487,24.87,0
8540,0,1,3,4,33,False,251,14,66,3650,36.5,0
8541,0,1,3,4,16,False,179,9,5,2309,23.09,80
8542,0,-1,-1,-1,-1,True,-1,-1,-1,-1,-1.0,-1
8543,0,1,3,4,3,True,122,3,79,847,8.47,0
8544,0,1,3,4,4,True,121,4,169,1193,11.93,0
8545,0,1,3,4,5,True,124,0,167,167,1.67,0
8546,0,1,3,4,16,True,121,5,58,1338,13.38,0
8547,0,1,3,4,34,True,35,6,132,1668,16.68,0
8548,0,1,3,4,33,False,99,11,237,3053,30.53,0
8549,0,1,3,4,15,False,3,3,3,771,7.71,0
8550,0,1,3,4,16,False,253,6,193,1729,17.29,0
8551,0,1,3,4,17,False,253,4,191,1215,12.15,0
8552,0,1,3,4,3,True,253,3,243,1011,10.11,0
8553,0,1,3,4,4,True,253,6,170,1706,17.06,0
8554,0,1,3,4,16,True,253,4,170,1194,11.94,0
8555,0,1,3,4,34,True,99,11,213,3029,30.29,0
8556,0,1,3,4,33,False,109,14,32,3616,36.16,0
8557,0,1,3,4,16,False,35,6,55,1591,15.91,0
8558,0,1,3,4,17,False,35,5,71,1351,13.51,0
8559,0,1,3,4,3,True,35,6,19,1555,15.55,0
8560,0,1,3,4,4,True,35,5,3,1283,12.83,0
8561,0,1,3,4,16,True,35,5,50,1330,13.3,0
8562,0,1,3,4,34,True,109,14,9,3593,35.93,0
8563,0,1,3,4,33,False,171,10,115,2675,26.75,0
8564,0,1,3,4,16,False,0,10,1,2561,25.61,51187484
8565,0,-1,-1,-1,-1,True,-1,-1,-1,-1,-1.0,-1
8566,0,-1,-1,-1,-1,True,-1,-1,-1,-1,-1.0,-1
8567,0,-1,-1,-1,-1,True,-1,-1,-1,-1,-1.0,-1
8568,0,-1,-1,-1,-1,True,-1,-1,-1,-1,-1.0,-1
8569,0,1,3,4,16,False,6,3,191,959,9.59,0
8570,0,1,3,4,17,False,5,3,141,909,9.09,0
8571,0,1,3,4,3,True,7,4,22,1046,10.46,0
8572,0,1,3,4,4,True,6,3,169,937,9.37,0
8573,0,1,3,4,16,True,5,3,121,889,8.89,0
8574,0,1,3,4,34,True,98,12,143,3215,32.15,0
8575,0,1,3,4,33,False,179,14,255,3839,38.39,0
8576,0,1,3,4,16,False,117,3,204,972,9.72,0
8577,0,1,3,4,17,False,22,5,188,1468,14.68,0
8578,0,1,3,4,3,True,25,2,12,524,5.24,0
8579,0,1,3,4,4,True,23,4,26,1050,10.5,0
8580,0,1,3,4,16,True,22,5,168,1448,14.48,0
8581,0,1,3,4,34,True,73,15,224,4064,40.64,0
8582,0,1,3,4,33,False,82,10,136,2696,26.96,0
8583,0,1,3,4,16,False,220,3,209,977,9.77,0
8584,0,1,3,4,17,False,219,3,228,996,9.96,0
8585,0,1,3,4,4,True,220,3,192,960,9.6,0
8586,0,1,3,4,16,True,219,3,206,974,9.74,0
8587,0,1,3,4,34,True,82,10,112,2672,26.72,0
8588,0,1,3,4,33,False,15,15,124,3964,39.64,0
8589,0,1,3,4,16,False,214,5,110,1390,13.9,0
8590,0,1,3,4,17,False,214,4,18,1042,10.42,0
8591,0,1,3,4,4,True,214,5,95,1375,13.75,0
8592,0,1,3,4,16,True,215,3,226,994,9.94,0
8593,0,1,3,4,34,True,15,15,102,3942,39.42,0
8594,0,1,3,4,33,False,163,1,250,506,5.06,0
8595,0,1,3,4,16,False,138,5,223,1503,15.03,0
8596,0,1,3,4,17,False,137,5,0,1280,12.8,0
8597,0,1,3,4,3,True,139,5,194,1474,14.74,0
8598,0,1,3,4,4,True,138,3,248,1016,10.16,0
8599,0,1,3,4,16,True,137,4,236,1260,12.6,0
8600,0,1,3,4,34,True,163,1,227,483,4.83,0
8601,0,1,3,4,33,False,49,5,70,1350,13.5,0
8602,0,1,3,4,16,False,67,0,10,10,0.1,3406830593
8603,0,-1,-1,-1,-1,True,-1,-1,-1,-1,-1.0,-1
8604,0,-1,-1,-1,-1,True,-1,-1,-1,-1,-1.0,-1
8605,0,1,3,4,17,False,202,7,3,1795,17.95,0
8606,0,1,3,4,33,False,62,10,219,2779,27.79,0
8607,0,1,3,4,3,True,205,3,18,786,7.86,0
8608,0,1,3,4,4,True,203,4,210,1234,12.34,0
8609,0,1,3,4,16,True,202,6,238,1774,17.74,0
8610,0,1,3,4,34,True,62,10,196,2756,27.56,0
8611,0,1,3,4,33,False,155,1,41,297,2.97,0
8612,0,1,3,4,17,False,120,3,140,908,9.08,0
8613,0,1,3,4,16,True,120,3,119,887,8.87,0
8614,0,1,3,4,34,True,155,1,19,275,2.75,0
8615,0,1,3,4,33,False,255,14,199,3783,37.83,0
8616,0,1,3,4,17,False,190,3,95,863,8.63,0
8617,0,1,3,4,16,True,190,3,74,842,8.42,0
8618,0,1,3,4,34,True,157,0,243,243,2.43,0
8619,0,1,3,4,33,False,157,3,52,820,8.2,0
8620,0,1,3,4,16,False,148,6,91,1627,16.27,0
8621,0,1,3,4,15,False,10,1,28,284,2.84,167958432
8622,0,-1,-1,-1,-1,True,-1,-1,-1,-1,-1.0,-1
8623,0,-1,-1,-1,-1,True,-1,-1,-1,-1,-1.0,-1
8624,0,-1,-1,-1,-1,True,-1,-1,-1,-1,-1.0,-1
8625,0,-1,-1,-1,-1,True,-1,-1,-1,-1,-1.0,-1
8626,0,1,3,4,34,True,3,0,40,40,0.4,0
8627,0,1,3,4,33,False,76,2,63,575,5.75,0
8628,0,1,3,4,16,False,56,3,92,860,8.6,0
8629,0,1,3,4,17,False,54,4,229,1253,12.53,0
8630,0,1,3,4,3,True,57,2,227,739,7.39,0
8631,0,1,3,4,4,True,55,4,141,1165,11.65,0
8632,0,1,3,4,16,True,54,4,208,1232,12.32,0
8633,0,1,3,4,34,True,76,2,41,553,5.53,0
8634,0,1,3,4,33,False,162,2,179,691,6.91,0
8635,0,1,3,4,16,False,146,6,5,1541,15.41,114
8636,0,-1,-1,-1,-1,True,-1,-1,-1,-1,-1.0,-1
8637,0,1,3,4,17,False,229,6,157,1693,16.93,0
8638,0,1,3,4,3,True,230,4,116,1140,11.4,0
8639,0,1,3,4,4,True,230,5,91,1371,13.71,0
8640,0,1,3,4,16,True,229,6,136,1672,16.72,0
8641,0,1,3,4,34,True,25,3,0,768,7.68,167772160
8642,0,-1,-1,-1,-1,True,-1,-1,-1,-1,-1.0,-1
8643,0,86,0,3,30,True,0,0,0,0,0.0,469830144
8644,0,-1,-1,-1,-1,True,-1,-1,-1,-1,-1.0,-1
8645,0,-1,-1,-1,-1,True,-1,-1,-1,-1,-1.0,-1
8646,0,1,3,4,4,True,86,3,200,968,9.68,0
8647,0,1,3,4,16,True,84,4,149,1173,11.73,0
8648,0,1,3,4,34,True,95,2,252,764,7.64,0
8649,0,1,3,4,33,False,138,2,88,600,6.0,0
8650,0,1,3,4,16,False,119,4,103,1127,11.27,0
8651,0,1,3,4,17,False,119,3,93,861,8.61,0
8652,0,1,3,4,3,True,124,1,26,282,2.82,0
8653,0,1,3,4,4,True,119,4,80,1104,11.04,0
8654,0,1,3,4,16,True,119,3,72,840,8.4,0
8655,0,1,3,4,34,True,138,2,64,576,5.76,0
8656,0,1,3,4,33,False,69,14,99,3683,36.83,0
8657,0,1,3,4,15,False,3,2,160,672,6.72,0
8658,0,1,3,4,16,False,254,6,140,1676,16.76,0
8659,0,1,3,4,17,False,254,5,113,1393,13.93,0
8660,0,1,3,4,3,True,255,4,100,1124,11.24,0
8661,0,1,3,4,4,True,254,6,117,1653,16.53,0
8662,0,1,3,4,16,True,254,5,93,1373,13.73,0
8663,0,1,3,4,34,True,69,14,77,3661,36.61,0
8664,0,1,3,4,28,False,15,11,12,2828,28.28,0
8665,0,1,3,4,16,False,158,6,154,1690,16.9,0
8666,0,1,3,4,17,False,158,4,196,1220,12.2,0
8667,0,1,3,4,33,False,41,9,136,2440,24.4,0
8668,0,1,3,4,3,True,159,2,178,690,6.9,0
8669,0,1,3,4,4,True,158,6,132,1668,16.68,0
8670,0,1,3,4,16,True,158,4,175,1199,11.99,0
8671,0,1,3,4,34,True,14,11,129,2945,29.45,0
8672,0,1,3,4,33,False,235,14,200,3784,37.84,0
8673,0,1,3,4,16,False,160,5,195,1475,14.75,0
8674,0,1,3,4,16,False,161,7,34,1826,18.26,0
8675,0,1,3,4,3,True,162,4,94,1118,11.18,0
8676,0,1,3,4,4,True,161,7,12,1804,18.04,0
8677,0,1,3,4,16,True,160,5,175,1455,14.55,0
8678,0,1,3,4,34,True,247,13,16,3344,33.44,0
8679,0,1,3,4,33,False,248,15,209,4049,40.49,0
8680,0,1,3,4,16,False,196,4,142,1166,11.66,0
8681,0,1,3,4,17,False,195,4,206,1230,12.3,0
8682,0,1,3,4,3,True,198,4,6,1030,10.3,0
8683,0,1,3,4,4,True,196,4,120,1144,11.44,0
8684,0,1,3,4,16,True,195,4,184,1208,12.08,0
8685,0,1,3,4,34,True,248,15,185,4025,40.25,0
8686,0,1,3,4,33,False,205,13,165,3493,34.93,0
8687,0,1,3,4,17,False,125,5,171,1451,14.51,0
8688,0,1,3,4,16,False,124,7,45,1837,18.37,0
8689,0,1,3,4,3,True,28,2,67,579,5.79,61709
8690,0,-1,-1,-1,-1,True,-1,-1,-1,-1,-1.0,-1
8691,0,-1,-1,-1,-1,True,-1,-1,-1,-1,-1.0,-1
8692,0,1,3,4,33,False,0,12,230,3302,33.02,0
8693,0,1,3,4,17,False,167,3,193,961,9.61,0
8694,0,1,3,4,16,True,166,3,173,941,9.41,0
8695,0,1,3,4,34,True,0,12,208,3280,32.8,0
8696,0,1,3,4,33,False,203,5,102,1382,13.82,0
8697,0,1,3,4,15,False,227,2,92,604,6.04,0
8698,0,1,3,4,16,False,222,5,78,1358,13.58,0
8699,0,1,3,4,17,False,221,5,42,1322,13.22,0
8700,0,1,3,4,3,True,223,4,13,1037,10.37,0
8701,0,1,3,4,4,True,222,5,57,1337,13.37,0
8702,0,1,3,4,16,True,221,5,20,1300,13.0,0
8703,0,1,3,4,34,True,203,5,79,1359,13.59,0
8704,0,1,3,4,33,False,89,13,82,3410,34.1,0
8705,0,1,3,4,16,False,4,6,7,1543,15.43,0
8706,0,1,3,4,17,False,4,4,74,1098,10.98,0
8707,0,1,3,4,3,True,5,2,247,759,7.59,0
8708,0,1,3,4,4,True,4,5,240,1520,15.2,0
8709,0,1,3,4,16,True,4,4,54,1078,10.78,0
8710,0,1,3,4,34,True,89,13,58,3386,33.86,0
8711,0,1,3,4,33,False,81,4,35,1059,10.59,0
8712,0,1,3,4,15,False,91,1,245,501,5.01,0
8713,0,1,3,4,16,False,83,7,96,1888,18.88,0
8714,0,1,3,4,17,False,51,5,135,1415,14.15,0
8715,0,1,3,4,3,True,52,5,111,1391,13.91,0
8716,0,1,3,4,4,True,51,7,74,1866,18.66,0
8717,0,1,3,4,16,True,51,5,114,1394,13.94,0
8718,0,1,3,4,34,True,155,11,181,2997,29.97,0
8719,0,1,3,4,33,False,70,8,60,2108,21.08,0
8720,0,1,3,4,16,False,176,5,255,1535,15.35,0
8721,0,1,3,4,17,False,176,5,219,1499,14.99,0
8722,0,1,3,4,3,True,178,4,0,1024,10.24,0
8723,0,1,3,4,4,True,176,5,234,1514,15.14,0
8724,0,1,3,4,16,True,176,5,199,1479,14.79,0
8725,0,1,3,4,34,True,70,4,228,1252,12.52,0
8726,0,1,3,4,17,False,2,5,32,1312,13.12,0
8727,0,1,3,4,3,True,5,2,253,765,7.65,0
8728,0,1,3,4,4,True,3,4,207,1231,12.31,0
8729,0,1,3,4,16,True,2,5,9,1289,12.89,0
8730,0,1,3,4,34,True,18,2,154,666,6.66,0
8731,0,1,3,4,33,False,157,2,185,697,6.97,0
8732,0,1,3,4,16,False,141,6,63,1599,15.99,0
8733,0,1,3,4,17,False,141,7,77,1869,18.69,0
8734,0,1,3,4,3,True,143,3,203,971,9.71,0
8735,0,1,3,4,4,True,141,6,40,1576,15.76,0
8736,0,1,3,4,16,True,141,7,55,1847,18.47,0
8737,0,1,3,4,34,True,157,2,163,675,6.75,0
8738,0,1,3,4,15,False,35,1,220,476,4.76,0
8739,0,1,3,4,16,False,29,5,64,1344,13.44,0
8740,0,1,3,4,17,False,141,6,214,1750,17.5,0
8741,0,1,3,4,17,False,142,6,136,1672,16.72,0
8742,0,1,3,4,3,True,142,6,106,1642,16.42,0
8743,0,1,3,4,4,True,141,6,193,1729,17.29,0
8744,0,1,3,4,16,True,142,6,116,1652,16.52,0
8745,0,1,3,4,34,True,71,5,87,1367,13.67,0
8746,0,1,3,4,33,False,25,15,107,3947,39.47,0
8747,0,1,3,4,16,False,226,4,115,1139,11.39,0
8748,0,1,3,4,17,False,223,6,136,1672,16.72,0
8749,0,1,3,4,4,True,224,4,131,1155,11.55,0
8750,0,1,3,4,16,True,223,6,116,1652,16.52,0
8751,0,1,3,4,34,True,25,15,83,3923,39.23,0
8752,0,1,3,4,33,False,115,1,178,434,4.34,0
8753,0,1,3,4,15,False,89,5,20,1300,13.0,0
8754,0,1,3,4,16,False,86,7,247,2039,20.39,0
8755,0,1,3,4,17,False,86,5,81,1361,13.61,0
8756,0,1,3,4,3,True,87,5,35,1315,13.15,0
8757,0,1,3,4,4,True,86,7,225,2017,20.17,0
8758,0,1,3,4,16,True,86,4,165,1189,11.89,0
8759,0,1,3,4,34,True,115,1,155,411,4.11,0
8760,0,1,3,4,33,False,95,5,29,1309,13.09,0
8761,0,1,3,4,16,False,111,4,16,1040,10.4,0
8762,0,1,3,4,17,False,110,5,36,1316,13.16,0
8763,0,1,3,4,3,True,115,1,25,281,2.81,0
8764,0,1,3,4,4,True,111,3,250,1018,10.18,0
8765,0,1,3,4,16,True,110,5,15,1295,12.95,0
8766,0,1,3,4,34,True,95,5,6,1286,12.86,0
8767,0,1,3,4,33,False,32,7,187,1979,19.79,0
8768,0,1,3,4,16,False,23,7,118,1910,19.1,0
8769,0,1,3,4,17,False,24,5,44,1324,13.24,0
8770,0,1,3,4,3,True,25,5,104,1384,13.84,0
8771,0,1,3,4,4,True,23,7,96,1888,18.88,0
8772,0,1,3,4,16,True,24,5,24,1304,13.04,0
8773,0,1,3,4,34,True,6,5,55,1335,13.35,0
8774,0,1,3,4,33,False,141,13,168,3496,34.96,0
8775,0,1,3,4,16,False,61,4,112,1136,11.36,0
8776,0,1,3,4,17,False,61,4,73,1097,10.97,0
8777,0,1,3,4,3,True,62,4,83,1107,11.07,0
8778,0,1,3,4,4,True,61,3,143,911,9.11,0
8779,0,1,3,4,16,True,61,4,52,1076,10.76,0
8780,0,1,3,4,34,True,141,13,144,3472,34.72,0
8781,0,1,3,4,33,False,225,15,120,3960,39.6,0
8782,0,1,3,1,33,True,0,0,0,0,0.0,0
8783,0,1,3,7,56,False,4,15,170,4010,40.1,263943
8784,0,1,3,1,40,True,0,0,0,0,0.0,0
8785,0,1,3,3,6,True,4,3,0,768,7.68,0
8786,0,1,3,0,0,False,0,0,0,0,0.0,0
8787,0,1,3,7,17,False,4,4,168,1192,11.92,296965
8788,0,1,3,0,0,False,0,0,0,0,0.0,0
8789,0,1,3,0,0,False,0,0,0,0,0.0,0
8790,0,1,3,3,38,True,4,2,0,512,5.12,0
8791,0,1,3,1,15,False,0,0,0,0,0.0,0
8792,0,1,3,0,0,False,0,0,0,0,0.0,0
8793,0,1,3,4,16,False,220,3,189,957,9.57,0
8794,0,1,3,4,17,False,223,2,164,676,6.76,0
8795,0,1,3,4,33,False,63,12,23,3095,30.95,0
8796,0,1,3,4,3,True,221,3,136,904,9.04,0
8797,0,1,3,4,4,True,220,2,205,717,7.17,0
8798,0,1,3,4,16,True,223,2,145,657,6.57,0
8799,0,1,3,4,34,True,63,12,0,3072,30.72,0
8800,0,1,3,4,33,False,29,13,61,3389,33.89,0
8801,0,1,3,4,16,False,10,1,28,284,2.84,2751771664
8802,0,-1,-1,-1,-1,True,-1,-1,-1,-1,-1.0,-1
8803,0,-1,-1,-1,-1,True,-1,-1,-1,-1,-1.0,-1
8804,0,-1,-1,-1,-1,True,-1,-1,-1,-1,-1.0,-1
8805,0,-1,-1,-1,-1,True,-1,-1,-1,-1,-1.0,-1
8806,0,1,3,4,17,False,179,4,141,1165,11.65,0
8807,0,1,3,4,3,True,183,1,139,395,3.95,0
8808,0,1,3,4,4,True,180,4,142,1166,11.66,0
8809,0,1,3,4,16,True,179,4,121,1145,11.45,0
8810,0,1,3,4,34,True,166,4,211,1235,12.35,0
8811,0,1,3,4,16,False,20,2,67,579,5.79,0
8812,0,1,3,4,17,False,17,4,225,1249,12.49,0
8813,0,1,3,4,33,False,106,12,249,3321,33.21,0
8814,0,1,3,4,3,True,22,1,242,498,4.98,0
8815,0,1,3,4,4,True,18,2,86,598,5.98,0
8816,0,1,3,4,16,True,17,4,204,1228,12.28,0
8817,0,1,3,4,34,True,106,12,227,3299,32.99,0
8818,0,1,3,4,33,False,92,13,251,3579,35.79,0
8819,0,1,3,4,16,False,18,3,136,904,9.04,0
8820,0,1,3,4,17,False,16,6,56,1592,15.92,0
8821,0,1,3,4,4,True,16,3,149,917,9.17,0
8822,0,1,3,4,16,True,16,6,35,1571,15.71,0
8823,0,1,3,4,34,True,92,13,229,3557,35.57,0
8824,0,1,3,4,33,False,194,0,5,5,0.05,0
8825,0,1,3,4,16,False,4,7,0,1792,17.92,167772160
8826,0,-1,-1,-1,-1,True,-1,-1,-1,-1,-1.0,-1
8827,0,-1,-1,-1,-1,True,-1,-1,-1,-1,-1.0,-1
8828,0,-1,-1,-1,-1,True,-1,-1,-1,-1,-1.0,-1
8829,0,1,3,4,3,True,207,3,22,790,7.9,0
8830,0,1,3,4,4,True,205,4,161,1185,11.85,0
8831,0,1,3,4,16,True,204,4,88,1112,11.12,0
8832,0,1,3,4,34,True,215,2,241,753,7.53,0
8833,0,1,3,4,33,False,37,15,19,3859,38.59,0
8834,0,1,3,4,16,False,232,3,224,992,9.92,0
8835,0,1,3,4,17,False,233,4,230,1254,12.54,0
8836,0,1,3,4,3,True,233,1,189,445,4.45,0
8837,0,1,3,4,4,True,232,3,202,970,9.7,0
8838,0,1,3,4,16,True,233,4,210,1234,12.34,0
8839,0,1,3,4,34,True,37,14,252,3836,38.36,0
8840,0,1,3,4,33,False,58,10,101,2661,26.61,0
8841,0,1,3,4,16,False,192,5,103,1383,13.83,0
8842,0,1,3,4,17,False,192,6,19,1555,15.55,0
8843,0,1,3,4,3,True,194,3,212,980,9.8,0
8844,0,1,3,4,4,True,192,5,85,1365,13.65,0
8845,0,1,3,4,16,True,192,5,254,1534,15.34,0
8846,0,1,3,4,34,True,177,4,190,1214,12.14,0
8847,0,1,3,4,16,False,176,7,33,1825,18.25,0
8848,0,1,3,4,3,True,177,4,95,1119,11.19,0
8849,0,1,3,4,4,True,176,7,11,1803,18.03,0
8850,0,1,3,4,16,True,177,4,169,1193,11.93,0
8851,0,1,3,4,34,True,7,0,0,0,0.0,167772160
8852,0,-1,-1,-1,-1,True,-1,-1,-1,-1,-1.0,-1
8853,0,-1,-1,-1,-1,True,-1,-1,-1,-1,-1.0,-1
8854,0,-1,-1,-1,-1,True,-1,-1,-1,-1,-1.0,-1
8855,0,-1,-1,-1,-1,True,-1,-1,-1,-1,-1.0,-1
8856,0,1,3,4,4,True,235,6,232,1768,17.68,0
8857,0,1,3,4,16,True,235,5,26,1306,13.06,0
8858,0,1,3,4,32,True,237,1,204,460,4.6,0
8859,0,1,3,4,34,True,211,5,189,1469,14.69,0
8860,0,1,3,4,33,False,142,14,189,3773,37.73,0
8861,0,1,3,4,16,False,138,4,113,1137,11.37,0
8862,0,1,3,4,17,False,137,4,201,1225,12.25,0
8863,0,1,3,4,3,True,139,4,71,1095,10.95,0
8864,0,1,3,4,4,True,138,3,118,886,8.86,0
8865,0,1,3,4,16,True,137,4,179,1203,12.03,0
8866,0,1,3,4,34,True,167,1,150,406,4.06,0
8867,0,1,3,4,33,False,104,4,168,1192,11.92,0
8868,0,1,3,4,15,False,118,3,84,852,8.52,0
8869,0,1,3,4,16,False,10,1,28,284,2.84,805527696
8870,0,-1,-1,-1,-1,True,-1,-1,-1,-1,-1.0,-1
8871,0,-1,-1,-1,-1,True,-1,-1,-1,-1,-1.0,-1
8872,0,-1,-1,-1,-1,True,-1,-1,-1,-1,-1.0,-1
8873,0,-1,-1,-1,-1,True,-1,-1,-1,-1,-1.0,-1
8874,0,1,3,4,34,True,94,3,224,992,9.92,0
8875,0,1,3,4,33,False,187,14,74,3658,36.58,0
8876,0,1,3,4,16,False,115,2,149,661,6.61,0
8877,0,1,3,4,17,False,114,6,46,1582,15.82,0
8878,0,1,3,4,3,True,118,2,71,583,5.83,0
8879,0,1,3,4,4,True,115,4,4,1028,10.28,0
8880,0,1,3,4,5,True,116,1,142,398,3.98,0
8881,0,1,3,4,16,True,114,6,25,1561,15.61,0
8882,0,1,3,4,34,True,187,14,51,3635,36.35,0
8883,0,1,3,4,33,False,185,15,108,3948,39.48,0
8884,0,1,3,4,16,False,128,4,31,1055,10.55,0
8885,0,1,3,4,17,False,128,4,38,1062,10.62,0
8886,0,1,3,4,3,True,129,3,183,951,9.51,0
8887,0,1,3,4,4,True,128,4,14,1038,10.38,0
8888,0,1,3,4,16,True,128,4,16,1040,10.4,0
8889,0,1,3,4,34,True,185,15,84,3924,39.24,0
8890,0,1,3,4,33,False,94,14,228,3812,38.12,0
8891,0,1,3,4,15,False,34,2,52,564,5.64,0
8892,0,1,3,4,16,False,9,6,73,1609,16.09,0
8893,0,1,3,4,3,True,11,4,55,1079,10.79,0
8894,0,1,3,4,4,True,10,4,86,1110,11.1,0
8895,0,1,3,4,5,True,12,1,224,480,4.8,0
8896,0,1,3,4,16,True,9,6,52,1588,15.88,0
8897,0,1,3,4,34,True,98,12,237,3309,33.09,0
8898,0,1,3,4,33,False,144,5,237,1517,15.17,0
8899,0,1,3,4,16,False,170,4,4,1028,10.28,0
8900,0,1,3,4,17,False,169,5,63,1343,13.43,0
8901,0,1,3,4,3,True,171,3,153,921,9.21,0
8902,0,1,3,4,4,True,170,3,243,1011,10.11,0
8903,0,1,3,4,16,True,169,5,42,1322,13.22,0
8904,0,1,3,4,34,True,144,5,213,1493,14.93,0
8905,0,1,3,4,33,False,152,12,103,3175,31.75,0
8906,0,1,3,4,16,False,57,4,164,1188,11.88,0
8907,0,1,3,4,17,False,56,6,176,1712,17.12,0
8908,0,1,3,4,3,True,59,1,188,444,4.44,0
8909,0,1,3,4,4,True,56,4,141,1165,11.65,0
8910,0,1,3,4,5,True,57,2,93,605,6.05,0
8911,0,1,3,4,16,True,56,6,154,1690,16.9,0
8912,0,1,3,4,34,True,152,12,81,3153,31.53,0
8913,0,1,3,4,33,False,19,10,249,2809,28.09,0
8914,0,1,3,4,15,False,164,3,234,1002,10.02,0
8915,0,1,3,4,16,False,160,6,196,1732,17.32,0
8916,0,1,3,4,17,False,161,5,162,1442,14.42,0
8917,0,1,3,4,3,True,161,5,68,1348,13.48,0
8918,0,1,3,4,4,True,160,6,172,1708,17.08,0
8919,0,1,3,4,16,True,161,5,142,1422,14.22,0
8920,0,1,3,4,32,True,162,1,165,421,4.21,0
8921,0,1,3,4,34,True,19,10,226,2786,27.86,0
8922,0,1,3,4,33,False,89,14,126,3710,37.1,0
8923,0,1,3,4,16,False,20,4,168,1192,11.92,0
8924,0,1,3,4,17,False,244,5,10,1290,12.9,0
8925,0,1,3,4,3,True,246,4,127,1151,11.51,0
8926,0,1,3,4,4,True,245,4,31,1055,10.55,0
8927,0,1,3,4,16,True,244,4,244,1268,12.68,0
8928,0,1,3,4,34,True,115,9,254,2558,25.58,0
8929,0,1,3,4,33,False,219,15,249,4089,40.89,0
8930,0,1,3,4,16,False,169,4,79,1103,11.03,0
8931,0,1,3,4,17,False,168,4,235,1259,12.59,0
8932,0,1,3,4,3,True,171,3,72,840,8.4,0
8933,0,1,3,4,4,True,169,4,56,1080,10.8,0
8934,0,1,3,4,16,True,168,4,213,1237,12.37,0
8935,0,1,3,4,34,True,219,15,225,4065,40.65,0
8936,0,1,3,4,33,False,149,1,53,309,3.09,0
8937,0,1,3,4,15,False,121,2,54,566,5.66,0
8938,0,1,3,4,16,False,50,5,37,1317,13.17,0
8939,0,1,3,4,17,False,51,3,246,1014,10.14,0
8940,0,1,3,4,3,True,51,3,172,940,9.4,0
8941,0,1,3,4,4,True,50,5,15,1295,12.95,0
8942,0,1,3,4,16,True,51,3,224,992,9.92,0
8943,0,1,3,4,34,True,8,7,38,1830,18.3,0
8944,0,1,3,4,33,False,100,2,226,738,7.38,0
8945,0,1,3,4,16,False,87,6,79,1615,16.15,0
8946,0,1,3,4,17,False,250,4,73,1097,10.97,0
8947,0,1,3,4,3,True,252,2,206,718,7.18,0
8948,0,1,3,4,4,True,250,6,57,1593,15.93,0
8949,0,1,3,4,16,True,250,4,52,1076,10.76,0
8950,0,1,3,4,34,True,75,13,137,3465,34.65,0
8951,0,1,3,4,33,False,215,3,13,781,7.81,0
8952,0,1,3,4,16,False,204,6,36,1572,15.72,0
8953,0,1,3,4,17,False,204,5,121,1401,14.01,0
8954,0,1,3,4,3,True,205,3,84,852,8.52,0
8955,0,1,3,4,4,True,204,6,14,1550,15.5,0
8956,0,1,3,4,16,True,204,5,100,1380,13.8,0
8957,0,1,3,4,34,True,215,2,245,757,7.57,0
8958,0,1,3,4,33,False,78,4,218,1242,12.42,0
8959,0,1,3,4,16,False,90,6,47,1583,15.83,0
8960,0,1,3,4,17,False,5,4,0,1024,10.24,167772160
8961,0,-1,-1,-1,-1,True,-1,-1,-1,-1,-1.0,-1
8962,0,-1,-1,-1,-1,True,-1,-1,-1,-1,-1.0,-1
8963,0,1,3,4,3,True,91,2,156,668,6.68,0
8964,0,1,3,4,4,True,89,5,190,1470,14.7,0
8965,0,1,3,4,16,True,89,5,14,1294,12.94,0
8966,0,1,3,4,34,True,42,7,123,1915,19.15,0
8967,0,1,3,4,33,False,247,13,253,3581,35.81,0
8968,0,1,3,4,16,False,172,4,251,1275,12.75,0
8969,0,1,3,4,17,False,171,5,44,1324,13.24,0
8970,0,1,3,4,3,True,173,4,205,1229,12.29,0
8971,0,1,3,4,4,True,172,2,239,751,7.51,0
8972,0,1,3,4,16,True,171,5,20,1300,13.0,0
8973,0,1,3,4,34,True,247,13,231,3559,35.59,0
8974,0,1,3,4,33,False,79,14,31,3615,36.15,0
8975,0,1,3,4,16,False,5,5,168,1448,14.48,0
8976,0,1,3,4,17,False,28,0,92,92,0.92,7431
8977,0,-1,-1,-1,-1,True,-1,-1,-1,-1,-1.0,-1
8978,0,-1,-1,-1,-1,True,-1,-1,-1,-1,-1.0,-1
8979,0,1,3,4,3,True,94,4,112,1136,11.36,0
8980,0,1,3,4,4,True,92,7,6,1798,17.98,0
8981,0,1,3,4,16,True,93,5,97,1377,13.77,0
8982,0,1,3,4,34,True,176,13,82,3410,34.1,0
8983,0,1,3,4,33,False,169,4,225,1249,12.49,0
8984,0,1,3,4,15,False,186,1,59,315,3.15,0
8985,0,1,3,4,16,False,27,0,15,15,0.15,0
8986,0,1,3,4,33,False,216,13,112,3440,34.4,0
8987,0,1,3,4,16,False,134,5,160,1440,14.4,0
8988,0,1,3,4,3,True,135,2,255,767,7.67,0
8989,0,1,3,4,4,True,134,5,138,1418,14.18,0
8990,0,1,3,4,34,True,216,13,89,3417,34.17,0
8991,0,1,3,4,33,False,180,15,196,4036,40.36,0
8992,0,1,3,4,17,False,126,4,154,1178,11.78,0
8993,0,1,3,4,16,False,126,7,15,1807,18.07,0
8994,0,1,3,4,3,True,127,4,223,1247,12.47,0
8995,0,1,3,4,4,True,126,6,248,1784,17.84,0
8996,0,1,3,4,16,True,126,4,133,1157,11.57,0
8997,0,1,3,4,34,True,180,15,174,4014,40.14,0
8998,0,1,3,4,33,False,11,14,167,3751,37.51,0
8999,0,1,3,4,16,False,201,2,190,702,7.02,0
9000,0,1,3,4,17,False,200,4,184,1208,12.08,0
9001,0,1,3,4,3,True,202,1,232,488,4.88,0
9002,0,1,3,4,4,True,201,2,168,680,6.8,0
9003,0,1,3,4,16,True,200,4,164,1188,11.88,0
9004,0,1,3,4,34,True,11,14,143,3727,37.27,0
9005,0,1,3,4,33,False,91,12,213,3285,32.85,0
9006,0,1,3,4,17,False,0,2,5,517,5.17,93
9007,0,-1,-1,-1,-1,True,-1,-1,-1,-1,-1.0,-1
9008,0,1,3,4,3,True,163,3,56,824,8.24,0
9009,0,1,3,4,4,True,162,4,169,1193,11.93,0
9010,0,1,3,4,5,True,165,1,29,285,2.85,0
9011,0,1,3,4,16,True,162,5,72,1352,13.52,0
9012,0,1,3,4,34,True,183,2,39,551,5.51,0
9013,0,1,3,4,33,False,127,15,46,3886,38.86,0
9014,0,1,3,4,15,False,70,2,249,761,7.61,0
9015,0,1,3,4,16,False,66,5,219,1499,14.99,0
9016,0,1,3,4,17,False,66,4,243,1267,12.67,0
9017,0,1,3,4,3,True,67,3,228,996,9.96,0
9018,0,1,3,4,4,True,66,5,196,1476,14.76,0
9019,0,1,3,4,16,True,66,4,223,1247,12.47,0
9020,0,1,3,4,34,True,127,15,24,3864,38.64,0
9021,0,1,3,4,33,False,139,15,118,3958,39.58,0
9022,0,1,3,4,15,False,85,4,128,1152,11.52,0
9023,0,1,3,4,16,False,81,4,157,1181,11.81,0
9024,0,1,3,4,17,False,81,4,220,1244,12.44,0
9025,0,1,3,4,17,False,244,3,165,933,9.33,0
9026,0,1,3,4,3,True,246,2,57,569,5.69,0
9027,0,1,3,4,4,True,244,4,197,1221,12.21,0
9028,0,1,3,4,16,True,244,3,145,913,9.13,0
9029,0,1,3,4,34,True,35,0,22,22,0.22,0
9030,0,1,3,4,28,False,6,13,76,3404,34.04,0
9031,0,1,3,4,16,False,177,5,94,1374,13.74,0
9032,0,1,3,4,17,False,177,0,10,10,0.1,1209015297
9033,0,-1,-1,-1,-1,True,-1,-1,-1,-1,-1.0,-1
9034,0,-1,-1,-1,-1,True,-1,-1,-1,-1,-1.0,-1
9035,0,-1,-1,-1,-1,True,-1,-1,-1,-1,-1.0,-1
9036,0,-1,-1,-1,-1,True,-1,-1,-1,-1,-1.0,-1
9037,0,1,3,4,17,False,69,5,26,1306,13.06,0
9038,0,1,3,4,3,True,73,2,140,652,6.52,0
9039,0,1,3,4,4,True,71,2,152,664,6.64,0
9040,0,1,3,4,16,True,69,5,5,1285,12.85,0
9041,0,1,3,4,34,True,128,15,71,3911,39.11,0
9042,0,1,3,4,33,False,191,13,23,3351,33.51,0
9043,0,1,3,4,15,False,114,2,9,521,5.21,0
9044,0,1,3,4,16,False,104,5,68,1348,13.48,0
9045,0,1,3,4,17,False,103,5,250,1530,15.3,0
9046,0,1,3,4,3,True,105,3,61,829,8.29,0
9047,0,1,3,4,4,True,104,5,45,1325,13.25,0
9048,0,1,3,4,16,True,103,5,229,1509,15.09,0
9049,0,1,3,4,32,True,108,1,32,288,2.88,0
9050,0,1,3,4,34,True,191,13,1,3329,33.29,0
9051,0,1,3,4,33,False,20,11,181,2997,29.97,0
9052,0,1,3,4,15,False,174,3,143,911,9.11,0
9053,0,1,3,4,16,False,171,6,89,1625,16.25,0
9054,0,1,3,4,17,False,171,4,32,1056,10.56,0
9055,0,1,3,4,3,True,172,4,138,1162,11.62,0
9056,0,1,3,4,4,True,171,6,67,1603,16.03,0
9057,0,1,3,4,16,True,171,4,11,1035,10.35,0
9058,0,1,3,4,34,True,20,11,157,2973,29.73,0
9059,0,1,3,4,33,False,151,4,179,1203,12.03,0
9060,0,1,3,4,15,False,167,1,146,402,4.02,0
9061,0,1,3,4,16,False,162,5,172,1452,14.52,0
9062,0,1,3,4,17,False,161,4,48,1072,10.72,0
9063,0,1,3,4,3,True,161,5,150,1430,14.3,0
9064,0,1,3,4,4,True,162,5,110,1390,13.9,0
9065,0,1,3,4,16,True,161,4,27,1051,10.51,0
9066,0,1,3,4,34,True,151,4,157,1181,11.81,0
9067,0,1,3,4,33,False,55,6,39,1575,15.75,0
9068,0,1,3,4,16,False,136,4,246,1270,12.7,0
9069,0,1,3,4,17,False,135,5,20,1300,13.0,0
9070,0,1,3,4,3,True,140,2,126,638,6.38,0
9071,0,1,3,4,4,True,136,4,228,1252,12.52,0
9072,0,1,3,4,5,True,137,2,124,636,6.36,0
9073,0,1,3,4,16,True,135,4,254,1278,12.78,0
9074,0,1,3,4,34,True,55,6,17,1553,15.53,0
9075,0,1,3,4,33,False,5,0,235,235,2.35,0
9076,0,1,3,4,16,False,222,1,3,259,2.59,148
9077,0,-1,-1,-1,-1,True,-1,-1,-1,-1,-1.0,-1
9078,0,1,3,4,17,False,112,4,249,1273,12.73,0
9079,0,1,3,4,3,True,115,3,7,775,7.75,0
9080,0,1,3,4,4,True,113,3,139,907,9.07,0
9081,0,1,3,4,16,True,112,4,228,1252,12.52,0
9082,0,1,3,4,34,True,124,2,237,749,7.49,0
9083,0,1,3,4,33,False,170,0,246,246,2.46,0
9084,0,1,3,4,16,False,132,4,113,1137,11.37,0
9085,0,1,3,4,17,False,132,5,75,1355,13.55,0
9086,0,1,3,4,4,True,132,4,90,1114,11.14,0
9087,0,1,3,4,16,True,132,5,55,1335,13.35,0
9088,0,1,3,4,34,True,170,0,223,223,2.23,0
9089,0,1,3,4,33,False,212,12,124,3196,31.96,0
9090,0,1,3,4,16,False,118,5,9,1289,12.89,0
9091,0,1,3,4,17,False,117,5,138,1418,14.18,0
9092,0,1,3,4,3,True,119,2,20,532,5.32,0
9093,0,1,3,4,4,True,117,4,245,1269,12.69,0
9094,0,1,3,4,16,True,117,5,117,1397,13.97,0
9095,0,1,3,4,34,True,212,12,101,3173,31.73,0
9096,0,1,3,4,33,False,99,15,14,3854,38.54,0
9097,0,1,3,4,16,False,37,5,161,1441,14.41,0
9098,0,1,3,4,17,False,38,4,135,1159,11.59,0
9099,0,1,3,4,3,True,39,3,148,916,9.16,0
9100,0,1,3,4,4,True,37,5,139,1419,14.19,0
9101,0,1,3,4,16,True,38,4,115,1139,11.39,0
9102,0,1,3,4,34,True,99,14,246,3830,38.3,0
9103,0,1,3,4,33,False,201,4,9,1033,10.33,0
9104,0,1,3,4,16,False,203,12,2,3074,30.74,200
9105,0,-1,-1,-1,-1,True,-1,-1,-1,-1,-1.0,-1
9106,0,1,3,4,17,False,170,5,229,1509,15.09,0
9107,0,1,3,4,3,True,174,2,15,527,5.27,0
9108,0,1,3,4,4,True,172,2,179,691,6.91,0
9109,0,1,3,4,16,True,170,5,207,1487,14.87,0
9110,0,1,3,4,34,True,228,15,72,3912,39.12,0
9111,0,1,3,4,33,False,251,11,255,3071,30.71,0
9112,0,1,3,4,16,False,149,5,194,1474,14.74,0
9113,0,1,3,4,17,False,149,4,197,1221,12.21,0
9114,0,1,3,4,3,True,151,4,24,1048,10.48,0
9115,0,1,3,4,4,True,149,5,171,1451,14.51,0
9116,0,1,3,4,16,True,149,4,176,1200,12.0,0
9117,0,1,3,4,34,True,251,11,233,3049,30.49,0
9118,0,1,3,4,33,False,190,11,69,2885,28.85,0
9119,0,1,3,1,62,True,0,0,0,0,0.0,0
9120,0,1,3,3,5,False,156,4,81,1105,11.05,0
9121,0,-1,-1,-1,-1,True,-1,-1,-1,-1,-1.0,-1
9122,0,1,3,4,16,False,155,6,219,1755,17.55,0
9123,0,1,3,4,3,True,157,3,123,891,8.91,0
9124,0,1,3,4,4,True,155,6,197,1733,17.33,0
9125,0,1,3,4,16,True,156,4,60,1084,10.84,0
9126,0,1,3,4,34,True,183,1,190,446,4.46,0
9127,0,1,3,4,33,False,184,2,48,560,5.6,0
9128,0,1,3,4,16,False,163,5,14,1294,12.94,0
9129,0,1,3,4,17,False,162,3,72,840,8.4,0
9130,0,1,3,4,3,True,163,4,240,1264,12.64,0
9131,0,1,3,4,4,True,163,4,144,1168,11.68,0
9132,0,1,3,4,16,True,162,3,51,819,8.19,0
9133,0,1,3,4,34,True,184,2,26,538,5.38,0
9134,0,1,3,4,33,False,182,13,216,3544,35.44,0
9135,0,1,3,4,16,False,105,5,168,1448,14.48,0
9136,0,1,3,4,17,False,105,4,16,1040,10.4,0
9137,0,1,3,4,3,True,106,4,55,1079,10.79,0
9138,0,1,3,4,4,True,104,5,145,1425,14.25,0
9139,0,1,3,4,16,True,105,3,252,1020,10.2,0
9140,0,1,3,4,32,True,111,0,221,221,2.21,0
9141,0,1,3,4,34,True,182,13,193,3521,35.21,0
9142,0,1,3,4,33,False,36,4,40,1064,10.64,0
9143,0,1,3,4,17,False,2,10,0,2560,25.6,167772160
9144,0,-1,-1,-1,-1,True,-1,-1,-1,-1,-1.0,-1
9145,0,-1,-1,-1,-1,True,-1,-1,-1,-1,-1.0,-1
9146,0,-1,-1,-1,-1,True,-1,-1,-1,-1,-1.0,-1
9147,0,1,3,4,3,True,198,2,181,693,6.93,0
9148,0,1,3,4,4,True,197,2,89,601,6.01,0
9149,0,1,3,4,16,True,196,4,79,1103,11.03,0
9150,0,1,3,4,34,True,73,9,101,2405,24.05,0
9151,0,1,3,4,33,False,239,15,163,4003,40.03,0
9152,0,1,3,4,15,False,188,3,155,923,9.23,0
9153,0,1,3,4,16,False,185,5,116,1396,13.96,0
9154,0,1,3,4,17,False,184,5,152,1432,14.32,0
9155,0,1,3,4,3,True,186,4,57,1081,10.81,0
9156,0,1,3,4,4,True,185,5,109,1389,13.89,0
9157,0,1,3,4,16,True,184,5,130,1410,14.1,0
9158,0,1,3,4,34,True,239,15,140,3980,39.8,0
9159,0,1,3,4,33,False,12,7,33,1825,18.25,0
9160,0,1,3,1,12,False,0,0,0,0,0.0,0
9161,0,1,3,7,33,False,4,0,104,104,1.04,278022
9162,0,1,3,1,40,False,0,0,0,0,0.0,0
9163,0,1,3,6,1,False,4,4,104,1128,11.28,10502
9164,0,1,3,4,16,True,105,5,230,1510,15.1,0
9165,0,1,3,4,32,True,106,1,243,499,4.99,0
9166,0,1,3,4,34,True,12,7,12,1804,18.04,0
9167,0,1,3,4,33,False,207,5,135,1415,14.15,0
9168,0,1,3,4,16,False,228,5,64,1344,13.44,0
9169,0,1,3,4,17,False,228,4,34,1058,10.58,0
9170,0,1,3,4,3,True,230,2,252,764,7.64,0
9171,0,1,3,4,4,True,228,5,42,1322,13.22,0
9172,0,1,3,4,16,True,228,4,13,1037,10.37,0
9173,0,1,3,4,34,True,207,5,113,1393,13.93,0
9174,0,1,3,4,33,False,77,13,4,3332,33.32,0
9175,0,1,3,4,16,False,39,5,69,1349,13.49,0
9176,0,1,3,4,17,False,39,4,149,1173,11.73,0
9177,0,1,3,4,3,True,40,2,64,576,5.76,0
9178,0,1,3,4,4,True,39,5,47,1327,13.27,0
9179,0,1,3,4,16,True,39,4,128,1152,11.52,0
9180,0,1,3,4,34,True,189,8,34,2082,20.82,0
9181,0,1,3,4,15,False,6,0,184,184,1.84,0
9182,0,1,3,4,16,False,252,5,97,1377,13.77,0
9183,0,1,3,4,17,False,252,4,84,1108,11.08,0
9184,0,1,3,4,33,False,71,14,21,3605,36.05,0
9185,0,1,3,4,3,True,254,4,64,1088,10.88,0
9186,0,1,3,4,4,True,252,5,75,1355,13.55,0
9187,0,1,3,4,16,True,252,4,63,1087,10.87,0
9188,0,1,3,4,34,True,71,13,253,3581,35.81,0
9189,0,1,3,4,33,False,25,13,97,3425,34.25,0
9190,0,1,3,4,16,False,199,5,123,1403,14.03,0
9191,0,1,3,4,17,False,198,5,231,1511,15.11,0
9192,0,1,3,4,3,True,199,5,100,1380,13.8,0
9193,0,1,3,4,4,True,198,3,143,911,9.11,0
9194,0,1,3,4,16,True,198,5,209,1489,14.89,0
9195,0,1,3,4,34,True,25,13,74,3402,34.02,0
9196,0,1,3,4,33,False,89,1,253,509,5.09,0
9197,0,1,3,4,16,False,64,4,205,1229,12.29,0
9198,0,1,3,4,17,False,66,2,133,645,6.45,0
9199,0,1,3,4,3,True,65,3,165,933,9.33,0
9200,0,1,3,4,4,True,64,4,183,1207,12.07,0
9201,0,1,3,4,16,True,66,2,113,625,6.25,0
9202,0,1,3,4,34,True,89,1,230,486,4.86,0
9203,0,1,3,4,33,False,156,12,246,3318,33.18,0
9204,0,1,3,4,16,False,67,6,18,1554,15.54,0
9205,0,1,3,4,17,False,67,5,122,1402,14.02,0
9206,0,1,3,4,3,True,68,5,146,1426,14.26,0
9207,0,1,3,4,4,True,67,5,252,1532,15.32,0
9208,0,1,3,4,16,True,67,5,102,1382,13.82,0
9209,0,1,3,4,34,True,156,12,224,3296,32.96,0
9210,0,1,3,4,33,False,108,9,77,2381,23.81,0
9211,0,1,3,4,16,False,131,6,5,1541,15.41,184
9212,0,-1,-1,-1,-1,True,-1,-1,-1,-1,-1.0,-1
9213,0,1,3,4,4,True,5,6,42,1578,15.78,0
9214,0,1,3,4,5,True,7,1,125,381,3.81,0
9215,0,1,3,4,16,True,5,5,251,1531,15.31,0
9216,0,1,3,4,34,True,30,1,239,495,4.95,0
9217,0,1,3,4,33,False,213,11,220,3036,30.36,0
9218,0,1,3,4,16,False,110,4,173,1197,11.97,0
9219,0,1,3,4,17,False,112,3,6,774,7.74,0
9220,0,1,3,4,3,True,112,4,117,1141,11.41,0
9221,0,1,3,4,4,True,110,4,54,1078,10.78,0
9222,0,1,3,4,16,True,112,2,242,754,7.54,0
9223,0,1,3,4,34,True,213,11,196,3012,30.12,0
9224,0,1,3,4,33,False,132,1,45,301,3.01,0
9225,0,1,3,4,16,False,96,6,135,1671,16.71,0
9226,0,1,3,4,17,False,96,6,14,1550,15.5,0
9227,0,1,3,4,3,True,97,4,223,1247,12.47,0
9228,0,1,3,4,4,True,96,6,112,1648,16.48,0
9229,0,1,3,4,16,True,96,5,250,1530,15.3,0
9230,0,1,3,4,34,True,132,1,22,278,2.78,0
9231,0,1,3,4,33,False,234,15,57,3897,38.97,0
9232,0,1,3,4,16,False,177,3,142,910,9.1,0
9233,0,1,3,4,17,False,174,6,120,1656,16.56,0
9234,0,1,3,4,4,True,177,3,120,888,8.88,0
9235,0,1,3,4,16,True,174,6,100,1636,16.36,0
9236,0,1,3,4,34,True,234,15,34,3874,38.74,0
9237,0,1,3,4,33,False,40,10,85,2645,26.45,0
9238,0,1,3,4,17,False,173,4,216,1240,12.4,0
9239,0,1,3,4,16,False,173,6,228,1764,17.64,0
9240,0,1,3,4,3,True,174,5,94,1374,13.74,0
9241,0,1,3,4,4,True,173,6,205,1741,17.41,0
9242,0,1,3,4,16,True,173,4,196,1220,12.2,0
9243,0,1,3,4,34,True,40,10,62,2622,26.22,0
9244,0,1,3,4,33,False,74,3,24,792,7.92,0
9245,0,1,3,4,15,False,66,4,18,1042,10.42,0
9246,0,1,3,4,16,False,63,6,117,1653,16.53,0
9247,0,1,3,4,17,False,63,4,195,1219,12.19,0
9248,0,1,3,4,3,True,64,5,122,1402,14.02,0
9249,0,1,3,4,4,True,63,6,95,1631,16.31,0
9250,0,1,3,4,5,True,65,1,240,496,4.96,0
9251,0,1,3,4,16,True,63,4,174,1198,11.98,0
9252,0,1,3,4,34,True,74,3,0,768,7.68,0
9253,0,1,3,4,33,False,167,4,151,1175,11.75,0
9254,0,1,3,4,3,True,177,3,239,1007,10.07,0
9255,0,1,3,4,16,False,175,6,158,1694,16.94,0
9256,0,1,3,4,17,False,176,6,33,1569,15.69,0
9257,0,1,3,4,4,True,175,6,136,1672,16.72,0
9258,0,1,3,4,16,True,63,6,13,1549,15.49,0
9259,0,1,3,4,34,True,167,4,127,1151,11.51,0
9260,0,1,3,4,33,False,8,1,206,462,4.62,0
9261,0,1,3,4,15,False,240,3,81,849,8.49,0
9262,0,1,3,4,16,False,236,6,76,1612,16.12,0
9263,0,1,3,4,17,False,237,4,19,1043,10.43,0
9264,0,1,3,4,3,True,238,3,112,880,8.8,0
9265,0,1,3,4,4,True,236,6,53,1589,15.89,0
9266,0,1,3,4,16,True,237,3,254,1022,10.22,0
9267,0,1,3,4,32,True,239,2,0,512,5.12,0
9268,0,1,3,4,34,True,8,1,184,440,4.4,0
9269,0,1,3,4,33,False,101,10,183,2743,27.43,0
9270,0,1,3,1,37,False,0,0,0,0,0.0,0
9271,0,-1,-1,-1,-1,True,-1,-1,-1,-1,-1.0,-1
9272,0,-1,-1,-1,-1,True,-1,-1,-1,-1,-1.0,-1
9273,0,1,3,4,16,False,169,6,35,1571,15.71,0
9274,0,1,3,4,3,True,170,4,75,1099,10.99,0
9275,0,1,3,4,4,True,169,6,12,1548,15.48,0
9276,0,1,3,4,16,True,170,3,241,1009,10.09,0
9277,0,1,3,4,34,True,200,1,95,351,3.51,0
9278,0,1,3,4,33,False,2,3,57,825,8.25,0
9279,0,1,3,4,15,False,254,2,255,767,7.67,0
9280,0,1,3,4,16,False,249,5,134,1414,14.14,0
9281,0,1,3,4,17,False,249,4,143,1167,11.67,0
9282,0,1,3,4,3,True,250,5,99,1379,13.79,0
9283,0,1,3,4,4,True,249,4,228,1252,12.52,0
9284,0,1,3,4,16,True,249,4,123,1147,11.47,0
9285,0,1,3,4,34,True,2,3,34,802,8.02,0
9286,0,1,3,4,33,False,174,8,10,2058,20.58,0
9287,0,1,3,4,16,False,22,5,127,1407,14.07,0
9288,0,1,3,4,3,True,22,5,105,1385,13.85,0
9289,0,1,3,4,4,True,23,3,133,901,9.01,0
9290,0,1,3,4,34,True,174,7,242,2034,20.34,0
9291,0,1,3,4,33,False,40,3,75,843,8.43,0
9292,0,1,3,4,16,False,31,5,26,1306,13.06,0
9293,0,1,3,4,17,False,249,5,8,1288,12.88,0
9294,0,1,3,4,3,True,34,1,255,511,5.11,0
9295,0,1,3,4,4,True,31,5,7,1287,12.87,0
9296,0,1,3,4,16,True,31,4,243,1267,12.67,0
9297,0,1,3,4,34,True,40,3,52,820,8.2,0
9298,0,1,3,4,33,False,142,5,156,1436,14.36,0
9299,0,1,3,4,16,False,164,4,50,1074,10.74,0
9300,0,1,3,4,17,False,163,5,42,1322,13.22,0
9301,0,1,3,4,3,True,165,3,6,774,7.74,0
9302,0,1,3,4,4,True,164,4,27,1051,10.51,0
9303,0,1,3,4,16,True,163,5,20,1300,13.0,0
9304,0,1,3,4,34,True,142,5,134,1414,14.14,0
9305,0,1,3,4,33,False,144,14,209,3793,37.93,0
9306,0,1,3,4,15,False,84,3,161,929,9.29,0
9307,0,1,3,4,16,False,79,4,3,1027,10.27,163
9308,0,-1,-1,-1,-1,True,-1,-1,-1,-1,-1.0,-1
9309,0,1,3,4,17,False,242,5,127,1407,14.07,0
9310,0,1,3,4,3,True,245,2,179,691,6.91,0
9311,0,1,3,4,4,True,244,3,141,909,9.09,0
9312,0,1,3,4,16,True,242,5,106,1386,13.86,0
9313,0,1,3,4,34,True,242,3,228,996,9.96,0
9314,0,1,3,4,33,False,3,5,194,1474,14.74,0
9315,0,1,3,4,16,False,27,5,244,1524,15.24,0
9316,0,1,3,4,17,False,27,4,224,1248,12.48,0
9317,0,1,3,4,3,True,27,5,221,1501,15.01,0
9318,0,1,3,4,4,True,28,5,139,1419,14.19,0
9319,0,1,3,4,16,True,27,4,203,1227,12.27,0
9320,0,1,3,4,32,True,32,0,131,131,1.31,0
9321,0,1,3,4,34,True,3,5,172,1452,14.52,0
9322,0,1,3,4,33,False,90,14,231,3815,38.15,0
9323,0,1,3,4,16,False,27,5,75,1355,13.55,0
9324,0,1,3,4,17,False,26,6,61,1597,15.97,0
9325,0,1,3,4,3,True,31,0,125,125,1.25,0
9326,0,1,3,4,4,True,27,5,58,1338,13.38,0
9327,0,1,3,4,16,True,26,6,39,1575,15.75,0
9328,0,1,3,4,34,True,90,14,208,3792,37.92,0
9329,0,1,3,4,33,False,57,5,194,1474,14.74,0
9330,0,1,3,4,16,False,131,5,179,1459,14.59,0
9331,0,1,3,4,17,False,131,6,16,1552,15.52,0
9332,0,1,3,4,3,True,132,5,144,1424,14.24,0
9333,0,1,3,4,4,True,131,3,92,860,8.6,0
9334,0,1,3,4,5,True,134,1,112,368,3.68,0
9335,0,1,3,4,16,True,131,5,251,1531,15.31,0
9336,0,1,3,4,34,True,57,5,172,1452,14.52,0
9337,0,1,3,4,33,False,139,1,116,372,3.72,0
9338,0,1,3,4,16,False,109,3,219,987,9.87,0
9339,0,1,3,4,17,False,108,5,61,1341,13.41,0
9340,0,1,3,4,3,True,110,1,243,499,4.99,0
9341,0,1,3,4,4,True,109,3,197,965,9.65,0
9342,0,1,3,4,16,True,108,5,41,1321,13.21,0
9343,0,1,3,4,32,True,111,0,148,148,1.48,0
9344,0,1,3,4,34,True,139,1,93,349,3.49,0
9345,0,1,3,4,33,False,194,13,199,3527,35.27,0
9346,0,1,3,4,16,False,117,2,79,591,5.91,0
9347,0,1,3,4,17,False,116,2,150,662,6.62,0
9348,0,1,3,4,3,True,119,2,21,533,5.33,0
9349,0,1,3,4,4,True,117,2,41,553,5.53,0
9350,0,1,3,4,16,True,116,2,128,640,6.4,0
9351,0,1,3,4,34,True,194,13,176,3504,35.04,0
9352,0,1,3,4,33,False,134,4,133,1157,11.57,0
9353,0,1,3,4,15,False,145,4,8,1032,10.32,0
9354,0,1,3,4,16,False,141,6,97,1633,16.33,0
9355,0,1,3,4,17,False,142,4,242,1266,12.66,0
9356,0,1,3,4,3,True,143,4,34,1058,10.58,0
9357,0,1,3,4,4,True,141,6,75,1611,16.11,0
9358,0,1,3,4,16,True,142,4,222,1246,12.46,0
9359,0,1,3,4,34,True,134,4,111,1135,11.35,0
9360,0,1,3,4,33,False,103,6,130,1666,16.66,0
9361,0,1,3,4,16,False,138,2,253,765,7.65,0
9362,0,1,3,4,17,False,136,5,116,1396,13.96,0
9363,0,1,3,4,4,True,137,3,44,812,8.12,0
9364,0,1,3,4,16,True,136,5,96,1376,13.76,0
9365,0,1,3,4,34,True,103,6,107,1643,16.43,0
9366,0,1,3,4,33,False,80,14,119,3703,37.03,0
9367,0,1,3,4,16,False,10,4,237,1261,12.61,0
9368,0,1,3,4,17,False,11,5,74,1354,13.54,0
9369,0,1,3,4,3,True,12,2,203,715,7.15,0
9370,0,1,3,4,4,True,10,4,215,1239,12.39,0
9371,0,1,3,4,16,True,11,5,53,1333,13.33,0
9372,0,1,3,4,32,True,13,2,19,531,5.31,0
9373,0,1,3,4,34,True,80,6,1,1537,15.37,24
9374,0,-1,-1,-1,-1,True,-1,-1,-1,-1,-1.0,-1
9375,0,1,3,4,16,False,241,0,251,251,2.51,0
9376,0,1,3,4,17,False,236,5,81,1361,13.61,0
9377,0,1,3,4,4,True,241,0,231,231,2.31,0
9378,0,1,3,4,16,True,236,5,60,1340,13.4,0
9379,0,1,3,4,34,True,68,13,4,3332,33.32,0
9380,0,1,3,4,33,False,63,0,96,96,0.96,0
9381,0,1,3,1,63,False,0,0,0,0,0.0,0
9382,0,1,3,0,0,False,0,0,0,0,0.0,0
9383,0,1,3,0,0,False,0,0,0,0,0.0,0
9384,0,1,3,4,15,False,20,4,185,1209,12.09,0
9385,0,1,3,4,16,False,17,5,225,1505,15.05,0
9386,0,1,3,4,3,True,18,4,196,1220,12.2,0
9387,0,1,3,4,4,True,17,5,203,1483,14.83,0
9388,0,1,3,4,16,True,17,4,2,1026,10.26,0
9389,0,1,3,4,34,True,63,0,73,73,0.73,0
9390,0,1,3,4,33,False,166,0,242,242,2.42,0
9391,0,1,3,4,15,False,134,2,206,718,7.18,0
9392,0,1,3,4,16,False,127,6,82,1618,16.18,0
9393,0,1,3,4,17,False,128,4,192,1216,12.16,0
9394,0,1,3,4,3,True,128,5,48,1328,13.28,0
9395,0,1,3,4,4,True,127,6,60,1596,15.96,0
9396,0,1,3,4,16,True,128,4,172,1196,11.96,0
9397,0,1,3,4,34,True,166,0,219,219,2.19,0
9398,0,1,3,4,33,False,74,15,162,4002,40.02,0
9399,0,1,3,4,17,False,6,1,0,256,2.56,167772160
9400,0,-1,-1,-1,-1,True,-1,-1,-1,-1,-1.0,-1
9401,0,-1,-1,-1,-1,True,-1,-1,-1,-1,-1.0,-1
9402,0,1,3,4,3,True,200,1,252,508,5.08,0
9403,0,1,3,4,4,True,197,6,24,1560,15.6,0
9404,0,1,3,4,16,True,197,4,147,1171,11.71,0
9405,0,1,3,4,34,True,52,11,39,2855,28.55,0
9406,0,1,3,4,33,False,78,15,136,3976,39.76,0
9407,0,1,3,4,15,False,27,2,183,695,6.95,0
9408,0,1,3,4,16,False,22,5,198,1478,14.78,0
9409,0,1,3,4,17,False,22,4,154,1178,11.78,0
9410,0,1,3,4,3,True,22,5,175,1455,14.55,0
9411,0,1,3,4,4,True,22,4,242,1266,12.66,0
9412,0,1,3,4,16,True,22,4,132,1156,11.56,0
9413,0,1,3,4,34,True,78,15,114,3954,39.54,0
9414,0,1,3,4,33,False,246,15,0,3840,38.4,0
9415,0,1,3,4,16,False,198,5,143,1423,14.23,0
9416,0,1,3,4,17,False,196,5,161,1441,14.41,0
9417,0,1,3,4,3,True,199,5,63,1343,13.43,0
9418,0,1,3,4,4,True,198,5,125,1405,14.05,0
9419,0,1,3,4,16,True,196,5,140,1420,14.2,0
9420,0,1,3,4,34,True,41,8,157,2205,22.05,0
9421,0,1,3,4,33,False,202,14,199,3783,37.83,0
9422,0,1,3,4,16,False,138,4,44,1068,10.68,0
9423,0,1,3,4,17,False,136,5,112,1392,13.92,0
9424,0,1,3,4,3,True,139,3,177,945,9.45,0
9425,0,1,3,4,4,True,137,4,33,1057,10.57,0
9426,0,1,3,4,16,True,136,5,91,1371,13.71,0
9427,0,1,3,4,34,True,202,14,177,3761,37.61,0
9428,0,1,3,4,16,False,214,0,193,193,1.93,0
9429,0,1,3,4,17,False,210,5,93,1373,13.73,0
9430,0,1,3,4,33,False,30,14,19,3603,36.03,0
9431,0,1,3,4,4,True,213,0,173,173,1.73,0
9432,0,1,3,4,16,True,210,5,72,1352,13.52,0
9433,0,1,3,4,34,True,30,13,253,3581,35.81,0
9434,0,1,3,4,33,False,232,10,103,2663,26.63,0
9435,0,1,3,4,16,False,113,2,215,727,7.27,0
9436,0,1,3,4,17,False,110,5,134,1414,14.14,0
9437,0,1,3,4,4,True,111,2,233,745,7.45,0
9438,0,1,3,4,16,True,110,5,112,1392,13.92,0
9439,0,1,3,4,34,True,232,10,81,2641,26.41,0
9440,0,1,3,4,33,False,21,14,55,3639,36.39,0
9441,0,1,3,4,15,False,210,2,73,585,5.85,0
9442,0,1,3,4,16,False,204,5,0,1280,12.8,0
9443,0,1,3,4,17,False,204,5,158,1438,14.38,0
9444,0,1,3,4,3,True,205,2,138,650,6.5,0
9445,0,1,3,4,4,True,204,4,234,1258,12.58,0
9446,0,1,3,4,5,True,208,0,121,121,1.21,0
9447,0,1,3,4,16,True,204,5,137,1417,14.17,0
9448,0,1,3,4,34,True,21,14,32,3616,36.16,0
9449,0,1,3,4,33,False,46,9,179,2483,24.83,0
9450,0,1,3,1,46,False,0,0,0,0,0.0,0
9451,0,1,3,1,51,True,0,0,0,0,0.0,0
9452,0,1,3,4,16,False,171,5,213,1493,14.93,0
9453,0,1,3,4,3,True,172,5,178,1458,14.58,0
9454,0,1,3,4,4,True,171,5,168,1448,14.48,0
9455,0,1,3,4,16,True,171,4,184,1208,12.08,0
9456,0,1,3,4,34,True,46,9,157,2461,24.61,0
9457,0,1,3,4,33,False,245,10,112,2672,26.72,0
9458,0,1,3,4,16,False,124,4,208,1232,12.32,0
9459,0,1,3,4,17,False,123,5,220,1500,15.0,0
9460,0,1,3,4,3,True,125,4,158,1182,11.82,0
9461,0,1,3,4,4,True,124,3,211,979,9.79,0
9462,0,1,3,4,16,True,123,5,199,1479,14.79,0
9463,0,1,3,4,34,True,245,10,90,2650,26.5,0
9464,0,1,3,4,33,False,25,11,97,2913,29.13,0
9465,0,1,3,4,15,False,174,5,11,1291,12.91,0
9466,0,1,3,4,16,False,171,6,155,1691,16.91,0
9467,0,1,3,4,17,False,171,6,57,1593,15.93,0
9468,0,1,3,4,3,True,172,5,31,1311,13.11,0
9469,0,1,3,4,4,True,171,6,133,1669,16.69,0
9470,0,1,3,4,16,True,172,6,27,1563,15.63,0
9471,0,1,3,4,34,True,25,11,74,2890,28.9,0
9472,0,1,3,4,33,False,249,0,39,39,0.39,0
9473,0,1,3,1,57,True,0,0,0,0,0.0,0
9474,0,1,3,0,0,False,0,0,0,0,0.0,0
9475,0,1,3,7,4,False,16,9,7,2311,23.11,8586374
9476,0,1,3,3,3,False,64,3,242,1010,10.1,0
9477,0,-1,-1,-1,-1,True,-1,-1,-1,-1,-1.0,-1
9478,0,1,3,4,3,True,63,5,32,1312,13.12,0
9479,0,1,3,4,4,True,62,6,103,1639,16.39,0
9480,0,1,3,4,16,True,63,3,221,989,9.89,0
9481,0,1,3,4,32,True,67,0,186,186,1.86,0
9482,0,1,3,4,34,True,112,15,245,4085,40.85,0
9483,0,1,3,4,33,False,57,15,136,3976,39.76,0
9484,0,1,3,4,16,False,0,5,250,1530,15.3,0
9485,0,1,3,4,17,False,0,6,80,1616,16.16,0
9486,0,1,3,4,3,True,1,4,242,1266,12.66,0
9487,0,1,3,4,4,True,0,5,226,1506,15.06,0
9488,0,1,3,4,5,True,5,0,33,33,0.33,0
9489,0,1,3,4,16,True,0,6,59,1595,15.95,0
9490,0,1,3,4,34,True,57,15,113,3953,39.53,0
9491,0,1,3,4,33,False,104,9,221,2525,25.25,0
9492,0,1,3,4,15,False,238,1,192,448,4.48,0
9493,0,1,3,4,16,False,232,1,199,455,4.55,0
9494,0,1,3,4,3,True,235,1,225,481,4.81,0
9495,0,1,3,4,4,True,232,1,177,433,4.33,0
9496,0,1,3,4,34,True,104,9,198,2502,25.02,0
9497,0,1,3,4,33,False,11,4,227,1251,12.51,0
9498,0,1,3,4,16,False,23,9,13,2317,23.17,166
9499,0,-1,-1,-1,-1,True,-1,-1,-1,-1,-1.0,-1
9500,0,1,3,4,17,False,41,3,237,1005,10.05,0
9501,0,1,3,4,16,False,41,6,126,1662,16.62,0
9502,0,1,3,4,3,True,43,2,191,703,7.03,0
9503,0,1,3,4,4,True,41,6,103,1639,16.39,0
9504,0,1,3,4,16,True,41,3,217,985,9.85,0
9505,0,1,3,4,32,True,45,0,129,129,1.29,0
9506,0,1,3,4,34,True,121,13,143,3471,34.71,0
9507,0,1,3,4,33,False,190,7,110,1902,19.02,0
9508,0,1,3,4,16,False,32,6,51,1587,15.87,0
9509,0,1,3,4,17,False,30,5,176,1456,14.56,0
9510,0,1,3,4,3,True,34,1,76,332,3.32,0
9511,0,1,3,4,4,True,31,6,42,1578,15.78,0
9512,0,1,3,4,16,True,30,5,155,1435,14.35,0
9513,0,1,3,4,34,True,190,7,88,1880,18.8,0
9514,0,1,3,4,33,False,174,3,114,882,8.82,0
9515,0,1,3,4,15,False,172,3,26,794,7.94,0
9516,0,1,3,4,16,False,168,4,238,1262,12.62,0
9517,0,1,3,4,17,False,167,6,34,1570,15.7,0
9518,0,1,3,4,3,True,170,3,53,821,8.21,0
9519,0,1,3,4,4,True,167,4,232,1256,12.56,0
9520,0,1,3,4,16,True,167,6,13,1549,15.49,0
9521,0,1,3,4,34,True,174,3,92,860,8.6,0
9522,0,1,3,4,33,False,146,3,99,867,8.67,0
9523,0,1,3,4,17,False,140,4,113,1137,11.37,0
9524,0,1,3,4,16,False,139,7,38,1830,18.3,0
9525,0,1,3,4,3,True,140,3,157,925,9.25,0
9526,0,1,3,4,4,True,139,7,16,1808,18.08,0
9527,0,1,3,4,16,True,140,4,92,1116,11.16,0
9528,0,1,3,4,34,True,146,3,76,844,8.44,0
9529,0,1,3,4,33,False,46,13,137,3465,34.65,0
9530,0,1,3,4,17,False,221,5,142,1422,14.22,0
9531,0,1,3,4,16,False,220,6,219,1755,17.55,0
9532,0,1,3,4,3,True,221,6,183,1719,17.19,0
9533,0,1,3,4,4,True,220,5,63,1343,13.43,0
9534,0,1,3,4,16,True,221,5,122,1402,14.02,0
9535,0,1,3,4,34,True,46,13,115,3443,34.43,0
9536,0,1,3,4,33,False,46,9,142,2446,24.46,0
9537,0,1,3,4,16,False,25,4,107,1131,11.31,0
9538,0,1,3,4,17,False,27,2,25,537,5.37,0
9539,0,1,3,4,3,True,26,2,175,687,6.87,0
9540,0,1,3,4,4,True,25,4,85,1109,11.09,0
9541,0,1,3,4,16,True,27,2,4,516,5.16,0
9542,0,1,3,4,34,True,157,9,118,2422,24.22,0
9543,0,1,3,4,31,False,199,9,37,2341,23.41,0
9544,0,1,3,4,16,False,182,13,27,3355,33.55,0
9545,0,1,3,4,33,False,40,12,189,3261,32.61,0
9546,0,1,3,4,16,False,204,4,145,1169,11.69,0
9547,0,1,3,4,3,True,207,3,36,804,8.04,0
9548,0,1,3,4,4,True,204,4,123,1147,11.47,0
9549,0,1,3,4,34,True,40,12,166,3238,32.38,0
9550,0,1,3,4,33,False,236,0,55,55,0.55,0
9551,0,1,3,4,16,False,189,4,159,1183,11.83,0
9552,0,1,3,4,17,False,190,5,68,1348,13.48,0
9553,0,1,3,4,3,True,190,2,253,765,7.65,0
9554,0,1,3,4,4,True,189,4,137,1161,11.61,0
9555,0,1,3,4,16,True,190,5,48,1328,13.28,0
9556,0,1,3,4,34,True,236,0,33,33,0.33,0
9557,0,1,3,4,33,False,75,12,188,3260,32.6,0
9558,0,1,3,4,16,False,240,4,98,1122,11.22,0
9559,0,1,3,4,17,False,240,4,30,1054,10.54,0
9560,0,1,3,4,3,True,241,4,59,1083,10.83,0
9561,0,1,3,4,4,True,240,4,38,1062,10.62,0
9562,0,1,3,4,16,True,240,4,10,1034,10.34,0
9563,0,1,3,4,34,True,75,12,165,3237,32.37,0
9564,0,1,3,4,33,False,237,0,11,11,0.11,0
9565,0,1,3,4,16,False,188,4,97,1121,11.21,0
9566,0,1,3,4,17,False,20,4,189,1213,12.13,0
9567,0,1,3,4,3,True,24,2,51,563,5.63,0
9568,0,1,3,4,4,True,21,4,75,1099,10.99,0
9569,0,1,3,4,16,True,19,4,167,1191,11.91,0
9570,0,1,3,4,34,True,54,1,30,286,2.86,0
9571,0,1,3,4,33,False,6,12,97,3169,31.69,0
9572,0,1,3,4,15,False,168,2,213,725,7.25,0
9573,0,1,3,4,16,False,166,13,1,3329,33.29,3121005599
9574,0,-1,-1,-1,-1,True,-1,-1,-1,-1,-1.0,-1
9575,0,-1,-1,-1,-1,True,-1,-1,-1,-1,-1.0,-1
9576,0,-1,-1,-1,-1,True,-1,-1,-1,-1,-1.0,-1
9577,0,-1,-1,-1,-1,True,-1,-1,-1,-1,-1.0,-1
9578,0,1,3,6,4,False,131,2,6,518,5.18,1228
9579,0,1,3,4,1,True,6,10,4,2564,25.64,0
9580,0,1,3,0,0,False,0,0,0,0,0.0,0
9581,0,1,3,0,0,False,0,0,0,0,0.0,0
9582,0,1,3,5,58,False,4,2,207,719,7.19,2
9583,0,1,3,2,4,False,33,0,0,0,0.0,0
9584,0,1,3,2,0,False,31,0,0,0,0.0,0
9585,0,1,3,4,17,False,1,5,166,1446,14.46,0
9586,0,1,3,4,4,True,3,0,132,132,1.32,0
9587,0,1,3,4,16,True,1,5,145,1425,14.25,0
9588,0,1,3,4,34,True,50,0,8,8,0.08,0
9589,0,1,3,4,33,False,15,3,61,829,8.29,0
9590,0,1,3,4,16,False,7,7,4,1796,17.96,111
9591,0,-1,-1,-1,-1,True,-1,-1,-1,-1,-1.0,-1
9592,0,1,3,4,34,True,53,11,78,2894,28.94,0
9593,0,1,3,4,33,False,71,11,61,2877,28.77,0
9594,0,1,3,4,17,False,216,4,202,1226,12.26,0
9595,0,1,3,4,16,True,216,4,181,1205,12.05,0
9596,0,1,3,4,34,True,71,11,38,2854,28.54,0
9597,0,1,3,4,33,False,149,15,24,3864,38.64,0
9598,0,1,3,4,16,False,87,4,188,1212,12.12,0
9599,0,1,3,4,17,False,78,4,63,1087,10.87,0
9600,0,1,3,4,3,True,78,4,154,1178,11.78,0
9601,0,1,3,4,4,True,77,4,86,1110,11.1,0
9602,0,1,3,4,16,True,78,4,42,1066,10.66,0
9603,0,1,3,4,34,True,53,5,184,1464,14.64,0
9604,0,1,3,4,33,False,168,0,213,213,2.13,0
9605,0,1,3,4,16,False,129,5,180,1460,14.6,0
9606,0,1,3,4,17,False,128,6,130,1666,16.66,0
9607,0,1,3,4,3,True,129,5,156,1436,14.36,0
9608,0,1,3,4,4,True,129,4,44,1068,10.68,0
9609,0,1,3,4,16,True,128,6,109,1645,16.45,0
9610,0,1,3,4,34,True,168,0,190,190,1.9,0
9611,0,1,3,4,33,False,47,12,205,3277,32.77,0
9612,0,1,3,4,16,False,211,5,195,1475,14.75,0
9613,0,1,3,4,17,False,211,4,186,1210,12.1,0
9614,0,1,3,4,3,True,213,3,9,777,7.77,0
9615,0,1,3,4,4,True,211,5,173,1453,14.53,0
9616,0,1,3,4,16,True,211,4,166,1190,11.9,0
9617,0,1,3,4,34,True,47,12,183,3255,32.55,0
9618,0,1,3,4,33,False,241,11,22,2838,28.38,0
9619,0,1,3,4,16,False,5,13,0,3328,33.28,167772160
9620,0,-1,-1,-1,-1,True,-1,-1,-1,-1,-1.0,-1
9621,0,-1,-1,-1,-1,True,-1,-1,-1,-1,-1.0,-1
9622,0,-1,-1,-1,-1,True,-1,-1,-1,-1,-1.0,-1
9623,0,-1,-1,-1,-1,True,-1,-1,-1,-1,-1.0,-1
9624,0,-1,-1,-1,-1,True,-1,-1,-1,-1,-1.0,-1
9625,0,-1,-1,-1,-1,True,-1,-1,-1,-1,-1.0,-1
9626,0,1,3,4,3,True,93,2,179,691,6.91,0
9627,0,1,3,4,4,True,91,5,103,1383,13.83,0
9628,0,1,3,4,16,True,93,1,186,442,4.42,0
9629,0,1,3,4,34,True,109,2,93,605,6.05,0
9630,0,1,3,4,33,False,90,15,40,3880,38.8,0
9631,0,1,3,4,17,False,29,5,24,1304,13.04,0
9632,0,1,3,4,16,False,30,7,77,1869,18.69,0
9633,0,1,3,4,3,True,30,5,194,1474,14.74,0
9634,0,1,3,4,4,True,30,7,54,1846,18.46,0
9635,0,1,3,4,16,True,29,5,3,1283,12.83,0
9636,0,1,3,4,34,True,90,15,16,3856,38.56,0
9637,0,1,3,4,33,False,48,11,220,3036,30.36,0
9638,0,1,3,4,15,False,205,3,99,867,8.67,0
9639,0,1,3,4,16,False,201,4,38,1062,10.62,0
9640,0,1,3,4,17,False,202,4,144,1168,11.68,0
9641,0,1,3,4,3,True,203,3,124,892,8.92,0
9642,0,1,3,4,4,True,201,4,16,1040,10.4,0
9643,0,1,3,4,16,True,202,4,123,1147,11.47,0
9644,0,1,3,4,34,True,48,11,196,3012,30.12,0
9645,0,1,3,4,33,False,97,15,47,3887,38.87,0
9646,0,1,3,4,16,False,36,6,248,1784,17.84,0
9647,0,1,3,4,17,False,38,2,136,648,6.48,0
9648,0,1,3,4,3,True,37,4,27,1051,10.51,0
9649,0,1,3,4,4,True,36,6,226,1762,17.62,0
9650,0,1,3,4,16,True,38,2,113,625,6.25,0
9651,0,1,3,4,34,True,97,15,24,3864,38.64,0
9652,0,1,3,4,33,False,122,7,40,1832,18.32,0
9653,0,1,3,4,17,False,163,5,63,1343,13.43,0
9654,0,1,3,4,4,True,164,1,164,420,4.2,0
9655,0,1,3,4,16,True,163,5,42,1322,13.22,0
9656,0,1,3,4,34,True,122,7,16,1808,18.08,0
9657,0,1,3,4,33,False,144,15,164,4004,40.04,0
9658,0,1,3,4,16,False,89,6,90,1626,16.26,0
9659,0,1,3,4,17,False,126,15,180,4020,40.2,0
9660,0,1,3,4,33,False,79,15,40,3880,38.8,0
9661,0,1,3,4,16,False,20,3,50,818,8.18,0
9662,0,1,3,4,3,True,21,3,5,773,7.73,0
9663,0,1,3,4,4,True,20,2,88,600,6.0,0
9664,0,1,3,4,34,True,79,15,16,3856,38.56,0
9665,0,1,3,4,33,False,47,6,237,1773,17.73,0
9666,0,1,3,4,16,False,137,4,237,1261,12.61,0
9667,0,1,3,4,17,False,137,5,10,1290,12.9,0
9668,0,1,3,4,3,True,139,1,182,438,4.38,0
9669,0,1,3,4,4,True,137,4,216,1240,12.4,0
9670,0,1,3,4,16,True,137,4,232,1256,12.56,0
9671,0,1,3,4,34,True,239,13,208,3536,35.36,0
9672,0,1,3,4,33,False,239,1,97,353,3.53,0
9673,0,1,3,4,17,False,207,5,3,1283,12.83,0
9674,0,1,3,4,16,False,207,6,18,1554,15.54,0
9675,0,1,3,4,3,True,208,3,243,1011,10.11,0
9676,0,1,3,4,4,True,207,5,252,1532,15.32,0
9677,0,1,3,4,16,True,207,4,238,1262,12.62,0
9678,0,1,3,4,34,True,239,8,33,2081,20.81,0
9679,0,1,3,4,33,False,97,9,84,2388,23.88,0
9680,0,1,3,4,16,False,217,3,204,972,9.72,0
9681,0,1,3,4,17,False,217,5,140,1420,14.2,0
9682,0,1,3,4,3,True,219,2,190,702,7.02,0
9683,0,1,3,4,4,True,217,3,182,950,9.5,0
9684,0,1,3,4,16,True,217,5,120,1400,14.0,0
9685,0,1,3,4,32,True,219,2,160,672,6.72,0
9686,0,1,3,4,34,True,97,9,62,2366,23.66,0
9687,0,1,3,4,33,False,21,3,132,900,9.0,0
9688,0,1,3,1,21,False,0,0,0,0,0.0,0
9689,0,1,3,3,4,True,4,0,0,0,0.0,0
9690,0,1,3,7,7,False,22,4,131,1155,11.55,4588561
9691,0,1,3,4,4,True,15,7,0,1792,17.92,0
9692,0,1,3,4,16,True,15,4,194,1218,12.18,0
9693,0,1,3,4,34,True,21,3,108,876,8.76,0
9694,0,1,3,4,33,False,225,12,98,3170,31.7,0
9695,0,1,3,4,16,False,129,15,5,3845,38.45,48
9696,0,-1,-1,-1,-1,True,-1,-1,-1,-1,-1.0,-1
9697,0,1,3,4,17,False,223,5,88,1368,13.68,0
9698,0,1,3,4,3,True,223,4,241,1265,12.65,0
9699,0,1,3,4,4,True,223,5,27,1307,13.07,0
9700,0,1,3,4,16,True,223,5,66,1346,13.46,0
9701,0,1,3,4,34,True,49,13,108,3436,34.36,0
9702,0,1,3,4,33,False,228,5,227,1507,15.07,0
9703,0,1,3,4,16,False,254,4,147,1171,11.71,0
9704,0,1,3,4,17,False,253,5,162,1442,14.42,0
9705,0,1,3,4,3,True,0,3,67,835,8.35,0
9706,0,1,3,4,4,True,254,4,125,1149,11.49,0
9707,0,1,3,4,16,True,253,5,142,1422,14.22,0
9708,0,1,3,4,34,True,228,5,204,1484,14.84,0
9709,0,1,3,4,33,False,16,2,208,720,7.2,0
9710,0,1,3,4,3,True,3,3,230,998,9.98,0
9711,0,1,3,4,16,False,1,6,200,1736,17.36,0
9712,0,1,3,4,17,False,1,7,119,1911,19.11,0
9713,0,1,3,4,4,True,1,6,177,1713,17.13,0
9714,0,1,3,4,16,True,1,7,98,1890,18.9,0
9715,0,1,3,4,34,True,16,2,186,698,6.98,0
9716,0,1,3,4,33,False,212,1,18,274,2.74,0
9717,0,1,3,4,16,False,175,6,123,1659,16.59,0
9718,0,1,3,4,17,False,176,4,176,1200,12.0,0
9719,0,1,3,4,3,True,177,4,72,1096,10.96,0
9720,0,1,3,4,4,True,175,6,99,1635,16.35,0
9721,0,1,3,4,16,True,176,4,155,1179,11.79,0
9722,0,1,3,4,34,True,212,0,252,252,2.52,0
9723,0,1,3,4,33,False,127,14,123,3707,37.07,0
9724,0,1,3,4,16,False,58,5,6,1286,12.86,0
9725,0,1,3,4,17,False,58,4,118,1142,11.42,0
9726,0,1,3,4,3,True,60,3,127,895,8.95,0
9727,0,1,3,4,4,True,58,4,240,1264,12.64,0
9728,0,1,3,4,16,True,58,4,97,1121,11.21,0
9729,0,1,3,4,34,True,127,14,99,3683,36.83,0
9730,0,1,3,4,33,False,113,11,167,2983,29.83,0
9731,0,1,3,4,16,False,8,10,1,2561,25.61,226500892
9732,0,-1,-1,-1,-1,True,-1,-1,-1,-1,-1.0,-1
9733,0,-1,-1,-1,-1,True,-1,-1,-1,-1,-1.0,-1
9734,0,-1,-1,-1,-1,True,-1,-1,-1,-1,-1.0,-1
9735,0,-1,-1,-1,-1,True,-1,-1,-1,-1,-1.0,-1
9736,0,1,3,4,16,False,52,3,147,915,9.15,0
9737,0,1,3,4,17,False,51,4,78,1102,11.02,0
9738,0,1,3,4,3,True,53,3,29,797,7.97,0
9739,0,1,3,4,4,True,52,3,125,893,8.93,0
9740,0,1,3,4,16,True,51,4,58,1082,10.82,0
9741,0,1,3,4,34,True,128,13,204,3532,35.32,0
9742,0,1,3,4,33,False,104,5,77,1357,13.57,0
9743,0,1,3,4,16,False,173,5,73,1353,13.53,0
9744,0,1,3,4,17,False,172,3,13,781,7.81,74653441
9745,0,223,0,5,49,True,4,0,0,0,0.0,17367040
9746,0,-1,-1,-1,-1,True,-1,-1,-1,-1,-1.0,-1
9747,0,-1,-1,-1,-1,True,-1,-1,-1,-1,-1.0,-1
9748,0,1,3,4,4,True,223,5,219,1499,14.99,0
9749,0,1,3,4,16,True,223,5,10,1290,12.9,0
9750,0,1,3,4,34,True,24,15,93,3933,39.33,0
9751,0,1,3,4,33,False,111,10,180,2740,27.4,0
9752,0,1,3,4,16,False,250,4,82,1106,11.06,0
9753,0,1,3,4,17,False,249,6,149,1685,16.85,0
9754,0,1,3,4,3,True,251,3,234,1002,10.02,0
9755,0,1,3,4,4,True,250,4,65,1089,10.89,0
9756,0,1,3,4,16,True,249,6,128,1664,16.64,0
9757,0,1,3,4,34,True,111,10,158,2718,27.18,0
9758,0,1,3,4,33,False,198,0,120,120,1.2,0
9759,0,1,3,4,16,False,155,4,41,1065,10.65,0
9760,0,1,3,4,17,False,154,4,220,1244,12.44,0
9761,0,1,3,4,3,True,156,3,32,800,8.0,0
9762,0,1,3,4,4,True,155,4,20,1044,10.44,0
9763,0,1,3,4,16,True,153,6,28,1564,15.64,0
9764,0,1,3,4,17,False,205,5,94,1374,13.74,0
9765,0,1,3,4,3,True,206,3,177,945,9.45,0
9766,0,1,3,4,4,True,205,6,6,1542,15.42,0
9767,0,1,3,4,16,True,205,5,73,1353,13.53,0
9768,0,1,3,4,34,True,24,13,245,3573,35.73,0
9769,0,1,3,4,33,False,242,1,97,353,3.53,0
9770,0,1,3,4,17,False,242,4,121,1145,11.45,0
9771,0,1,3,4,16,False,240,7,77,1869,18.69,0
9772,0,1,3,4,3,True,241,5,27,1307,13.07,0
9773,0,1,3,4,4,True,240,7,55,1847,18.47,0
9774,0,1,3,4,16,True,242,4,101,1125,11.25,0
9775,0,1,3,4,34,True,163,5,236,1516,15.16,0
9776,0,1,3,4,33,False,164,8,133,2181,21.81,0
9777,0,1,3,4,16,False,18,5,248,1528,15.28,0
9778,0,1,3,4,17,False,19,7,149,1941,19.41,0
9779,0,1,3,4,3,True,19,5,195,1475,14.75,0
9780,0,1,3,4,4,True,18,5,226,1506,15.06,0
9781,0,1,3,4,16,True,19,7,128,1920,19.2,0
9782,0,1,3,4,34,True,164,8,110,2158,21.58,0
9783,0,1,3,4,33,False,164,14,168,3752,37.52,0
9784,0,1,3,4,16,False,18,4,113,1137,11.37,0
9785,0,1,3,4,17,False,158,3,218,986,9.86,0
9786,0,1,3,4,4,True,157,4,89,1113,11.13,0
9787,0,1,3,4,16,True,158,3,197,965,9.65,0
9788,0,1,3,4,34,True,224,14,145,3729,37.29,0
9789,0,1,3,4,33,False,59,12,180,3252,32.52,0
9790,0,1,3,4,16,False,210,4,149,1173,11.73,0
9791,0,1,3,4,16,False,210,6,109,1645,16.45,0
9792,0,1,3,4,3,True,211,2,254,766,7.66,0
9793,0,1,3,4,4,True,210,6,86,1622,16.22,0
9794,0,1,3,4,16,True,210,4,129,1153,11.53,0
9795,0,1,3,4,34,True,242,1,83,339,3.39,0
9796,0,1,3,4,33,False,56,12,230,3302,33.02,0
9797,0,1,3,4,17,False,223,8,5,2053,20.53,63
9798,0,-1,-1,-1,-1,True,-1,-1,-1,-1,-1.0,-1
9799,0,1,3,4,17,False,232,4,184,1208,12.08,0
9800,0,1,3,4,3,True,233,5,24,1304,13.04,0
9801,0,1,3,4,4,True,232,5,39,1319,13.19,0
9802,0,1,3,4,16,True,232,4,164,1188,11.88,0
9803,0,1,3,4,34,True,50,14,10,3594,35.94,0
9804,0,1,3,4,33,False,29,13,52,3380,33.8,0
9805,0,1,3,4,16,False,201,3,71,839,8.39,0
9806,0,1,3,4,17,False,199,4,11,1035,10.35,0
9807,0,1,3,4,3,True,201,3,49,817,8.17,0
9808,0,1,3,4,4,True,201,1,49,305,3.05,0
9809,0,1,3,4,16,True,198,3,247,1015,10.15,0
9810,0,1,3,4,34,True,29,13,28,3356,33.56,0
9811,0,1,3,4,33,False,164,8,16,2064,20.64,0
9812,0,1,3,4,16,False,12,4,92,1116,11.16,0
9813,0,1,3,4,17,False,13,4,3,1027,10.27,0
9814,0,1,3,4,3,True,13,4,45,1069,10.69,0
9815,0,1,3,4,4,True,12,3,135,903,9.03,0
9816,0,1,3,4,16,True,13,3,238,1006,10.06,0
9817,0,1,3,4,34,True,164,7,249,2041,20.41,0
9818,0,1,3,4,33,False,85,2,123,635,6.35,0
9819,0,1,3,4,16,False,66,1,107,363,3.63,51204
9820,0,-1,-1,-1,-1,True,-1,-1,-1,-1,-1.0,-1
9821,0,-1,-1,-1,-1,True,-1,-1,-1,-1,-1.0,-1
9822,0,1,3,4,3,True,108,4,31,1055,10.55,0
9823,0,1,3,4,4,True,106,6,173,1709,17.09,0
9824,0,1,3,4,16,True,107,4,180,1204,12.04,0
9825,0,1,3,4,34,True,182,14,0,3584,35.84,0
9826,0,1,3,4,33,False,186,1,232,488,4.88,0
9827,0,1,3,4,16,False,161,3,156,924,9.24,0
9828,0,1,3,4,17,False,160,5,158,1438,14.38,0
9829,0,1,3,4,3,True,162,3,106,874,8.74,0
9830,0,1,3,4,4,True,161,3,146,914,9.14,0
9831,0,1,3,4,16,True,160,5,136,1416,14.16,0
9832,0,1,3,4,34,True,186,1,208,464,4.64,0
9833,0,1,3,4,33,False,243,15,23,3863,38.63,0
9834,0,1,3,4,16,False,181,5,162,1442,14.42,0
9835,0,1,3,4,17,False,183,2,164,676,6.76,0
9836,0,1,3,4,3,True,182,4,164,1188,11.88,0
9837,0,1,3,4,4,True,181,5,140,1420,14.2,0
9838,0,1,3,4,16,True,183,2,142,654,6.54,0
9839,0,1,3,4,34,True,243,14,255,3839,38.39,0
9840,0,1,3,4,33,False,53,0,82,82,0.82,0
9841,0,1,3,4,16,False,8,4,39,1063,10.63,0
9842,0,1,3,4,17,False,7,4,29,1053,10.53,0
9843,0,1,3,4,3,True,9,3,141,909,9.09,0
9844,0,1,3,4,4,True,8,4,20,1044,10.44,0
9845,0,1,3,4,16,True,7,4,9,1033,10.33,0
9846,0,1,3,4,34,True,53,0,59,59,0.59,0
9847,0,1,3,4,33,False,205,14,146,3730,37.3,0
9848,0,1,3,4,15,False,140,4,44,1068,10.68,0
9849,0,1,3,4,16,False,5,4,0,1024,10.24,167772160
9850,0,-1,-1,-1,-1,True,-1,-1,-1,-1,-1.0,-1
9851,0,81,0,0,0,False,0,0,10,10,0.1,0
9852,0,-1,-1,-1,-1,True,-1,-1,-1,-1,-1.0,-1
9853,0,-1,-1,-1,-1,True,-1,-1,-1,-1,-1.0,-1
9854,0,-1,-1,-1,-1,True,-1,-1,-1,-1,-1.0,-1
9855,0,-1,-1,-1,-1,True,-1,-1,-1,-1,-1.0,-1
9856,0,1,3,4,4,True,199,5,77,1357,13.57,0
9857,0,1,3,4,16,True,198,6,61,1597,15.97,0
9858,0,1,3,4,34,True,207,3,52,820,8.2,0
9859,0,1,3,4,33,False,139,15,68,3908,39.08,0
9860,0,1,3,4,16,False,111,5,31,1311,13.11,0
9861,0,1,3,4,17,False,112,5,46,1326,13.26,0
9862,0,1,3,4,3,True,113,4,205,1229,12.29,0
9863,0,1,3,4,4,True,111,5,13,1293,12.93,0
9864,0,1,3,4,16,True,112,5,24,1304,13.04,0
9865,0,1,3,4,34,True,115,3,138,906,9.06,0
9866,0,1,3,4,33,False,143,5,12,1292,12.92,0
9867,0,1,3,4,16,False,159,4,42,1066,10.66,0
9868,0,1,3,4,17,False,158,4,76,1100,11.0,0
9869,0,1,3,4,3,True,161,0,173,173,1.73,0
9870,0,1,3,4,4,True,159,4,23,1047,10.47,0
9871,0,1,3,4,5,True,160,1,208,464,4.64,0
9872,0,1,3,4,33,False,33,6,61,1597,15.97,0
9873,0,1,3,4,16,True,158,4,53,1077,10.77,0
9874,0,1,3,4,34,True,4,4,0,1024,10.24,167772160
9875,0,-1,-1,-1,-1,True,-1,-1,-1,-1,-1.0,-1
9876,0,-1,-1,-1,-1,True,-1,-1,-1,-1,-1.0,-1
9877,0,1,3,4,3,True,209,2,14,526,5.26,0
9878,0,1,3,4,4,True,206,4,196,1220,12.2,0
9879,0,1,3,4,16,True,204,5,25,1305,13.05,0
9880,0,1,3,4,34,True,75,9,246,2550,25.5,0
9881,0,1,3,4,33,False,198,12,242,3314,33.14,0
9882,0,1,3,4,17,False,109,4,185,1209,12.09,0
9883,0,1,3,4,16,False,108,6,72,1608,16.08,0
9884,0,1,3,4,3,True,109,3,244,1012,10.12,0
9885,0,1,3,4,4,True,108,6,50,1586,15.86,0
9886,0,1,3,4,16,True,109,4,165,1189,11.89,0
9887,0,1,3,4,34,True,198,12,218,3290,32.9,0
9888,0,1,3,4,33,False,121,1,213,469,4.69,0
9889,0,1,3,4,15,False,97,4,77,1101,11.01,0
9890,0,1,3,4,16,False,213,5,111,1391,13.91,0
9891,0,1,3,4,17,False,212,6,163,1699,16.99,0
9892,0,1,3,4,3,True,215,3,175,943,9.43,0
9893,0,1,3,4,4,True,213,5,89,1369,13.69,0
9894,0,1,3,4,16,True,212,6,142,1678,16.78,0
9895,0,1,3,4,34,True,30,14,26,3610,36.1,0
9896,0,1,3,4,33,False,174,15,20,3860,38.6,0
9897,0,1,3,4,15,False,118,1,246,502,5.02,0
9898,0,1,3,4,16,False,112,5,73,1353,13.53,0
9899,0,1,3,4,17,False,112,4,13,1037,10.37,0
9900,0,1,3,4,3,True,113,5,39,1319,13.19,0
9901,0,1,3,4,4,True,112,4,42,1066,10.66,0
9902,0,1,3,4,16,True,112,3,248,1016,10.16,0
9903,0,1,3,4,34,True,174,14,254,3838,38.38,0
9904,0,1,3,4,33,False,72,3,195,963,9.63,0
9905,0,1,3,4,16,False,70,5,170,1450,14.5,0
9906,0,1,3,4,17,False,70,5,34,1314,13.14,0
9907,0,1,3,4,3,True,71,3,91,859,8.59,0
9908,0,1,3,4,4,True,70,5,147,1427,14.27,0
9909,0,1,3,4,16,True,70,5,13,1293,12.93,0
9910,0,1,3,4,34,True,72,3,172,940,9.4,0
9911,0,1,3,4,33,False,166,12,110,3182,31.82,0
9912,0,1,3,4,17,False,70,4,252,1276,12.76,0
9913,0,1,3,4,16,False,70,6,152,1688,16.88,0
9914,0,1,3,4,3,True,71,5,42,1322,13.22,0
9915,0,1,3,4,4,True,70,6,129,1665,16.65,0
9916,0,1,3,4,16,True,70,4,232,1256,12.56,0
9917,0,1,3,4,34,True,166,12,87,3159,31.59,0
9918,0,1,3,4,33,False,243,14,222,3806,38.06,0
9919,0,1,3,4,16,False,179,4,167,1191,11.91,0
9920,0,1,3,4,17,False,81,6,248,1784,17.84,0
9921,0,1,3,4,3,True,83,2,170,682,6.82,0
9922,0,1,3,4,4,True,81,4,144,1168,11.68,0
9923,0,1,3,4,16,True,81,6,226,1762,17.62,0
9924,0,1,3,4,34,True,202,10,100,2660,26.6,0
9925,0,1,3,4,33,False,76,4,136,1160,11.6,0
9926,0,1,3,4,16,False,84,4,157,1181,11.81,0
9927,0,1,3,4,17,False,83,6,71,1607,16.07,0
9928,0,1,3,4,3,True,84,4,34,1058,10.58,0
9929,0,1,3,4,4,True,84,4,134,1158,11.58,0
9930,0,1,3,4,16,True,83,6,49,1585,15.85,0
9931,0,1,3,4,32,True,87,0,250,250,2.5,0
9932,0,1,3,4,34,True,76,4,113,1137,11.37,0
9933,0,1,3,4,33,False,107,15,94,3934,39.34,0
9934,0,1,3,4,17,False,6,1,24,280,2.8,0
9935,0,1,3,5,4,False,16,14,5,3589,35.89,212
9936,0,1,3,4,3,True,174,4,219,1243,12.43,0
9937,0,1,3,4,4,True,174,5,179,1459,14.59,0
9938,0,1,3,4,16,True,173,5,4,1284,12.84,0
9939,0,1,3,4,34,True,213,0,191,191,1.91,0
9940,0,1,3,4,33,False,151,9,81,2385,23.85,0
9941,0,1,3,4,16,False,4,0,0,0,0.0,17629184
9942,0,-1,-1,-1,-1,True,-1,-1,-1,-1,-1.0,-1
9943,0,-1,-1,-1,-1,True,-1,-1,-1,-1,-1.0,-1
9944,0,-1,-1,-1,-1,True,-1,-1,-1,-1,-1.0,-1
9945,0,-1,-1,-1,-1,True,-1,-1,-1,-1,-1.0,-1
9946,0,-1,-1,-1,-1,True,-1,-1,-1,-1,-1.0,-1
9947,0,1,3,1,4,False,0,0,0,0,0.0,0
9948,0,1,3,3,5,True,5,12,0,3072,30.72,0
9949,0,1,3,4,4,True,195,6,83,1619,16.19,0
9950,0,1,3,4,16,True,196,3,205,973,9.73,0
9951,0,1,3,4,34,True,245,15,241,4081,40.81,0
9952,0,1,3,4,33,False,151,14,92,3676,36.76,0
9953,0,1,3,4,16,False,79,12,5,3077,30.77,220
9954,0,-1,-1,-1,-1,True,-1,-1,-1,-1,-1.0,-1
9955,0,1,3,4,17,False,45,3,107,875,8.75,0
9956,0,1,3,4,3,True,46,3,149,917,9.17,0
9957,0,1,3,4,4,True,44,5,198,1478,14.78,0
9958,0,1,3,4,16,True,45,3,86,854,8.54,0
9959,0,1,3,4,34,True,121,13,200,3528,35.28,0
9960,0,1,3,4,33,False,90,0,12,12,0.12,0
9961,0,1,3,4,16,False,40,5,16,1296,12.96,0
9962,0,1,3,4,17,False,41,5,255,1535,15.35,0
9963,0,1,3,4,3,True,43,2,77,589,5.89,0
9964,0,1,3,4,4,True,40,4,250,1274,12.74,0
9965,0,1,3,4,16,True,41,5,235,1515,15.15,0
9966,0,1,3,4,34,True,90,15,245,4085,40.85,0
9967,0,1,3,4,33,False,239,0,237,237,2.37,0
9968,0,1,3,4,16,False,249,5,138,1418,14.18,0
9969,0,1,3,4,3,True,249,3,164,932,9.32,0
9970,0,1,3,4,4,True,248,5,17,1297,12.97,0
9971,0,1,3,4,5,True,251,1,18,274,2.74,0
9972,0,1,3,4,16,True,249,5,117,1397,13.97,0
9973,0,1,3,4,34,True,120,9,222,2526,25.26,0
9974,0,1,3,4,33,False,122,0,163,163,1.63,0
9975,0,1,3,4,16,False,80,5,190,1470,14.7,0
9976,0,1,3,4,17,False,5,11,0,2816,28.16,167772160
9977,0,-1,-1,-1,-1,True,-1,-1,-1,-1,-1.0,-1
9978,0,-1,-1,-1,-1,True,-1,-1,-1,-1,-1.0,-1
9979,0,-1,-1,-1,-1,True,-1,-1,-1,-1,-1.0,-1
9980,0,1,3,4,4,True,102,3,41,809,8.09,0
9981,0,1,3,4,16,True,101,5,70,1350,13.5,0
9982,0,1,3,4,32,True,105,1,61,317,3.17,0
9983,0,1,3,4,34,True,139,0,246,246,2.46,0
9984,0,1,3,4,33,False,13,11,75,2891,28.91,0
9985,0,1,3,4,15,False,166,4,164,1188,11.88,0
9986,0,1,3,4,16,False,160,1,115,371,3.71,28422
9987,0,-1,-1,-1,-1,True,-1,-1,-1,-1,-1.0,-1
9988,0,-1,-1,-1,-1,True,-1,-1,-1,-1,-1.0,-1
9989,0,1,3,4,3,True,118,1,208,464,4.64,0
9990,0,1,3,4,4,True,116,2,127,639,6.39,0
9991,0,1,3,4,16,True,115,6,90,1626,16.26,0
9992,0,1,3,4,34,True,167,15,211,4051,40.51,0
9993,0,1,3,4,33,False,115,14,119,3703,37.03,0
9994,0,1,3,4,16,False,46,3,216,984,9.84,0
9995,0,1,3,4,17,False,45,3,151,919,9.19,0
9996,0,1,3,4,3,True,47,3,172,940,9.4,0
9997,0,1,3,4,4,True,46,3,172,940,9.4,0
9998,0,1,3,4,16,True,45,3,130,898,8.98,0
9999,0,1,3,4,34,True,115,14,96,3680,36.8,0
10000,0,1,3,4,33,False,114,9,72,2376,23.76,0
10001,0,1,3,4,16,False,234,5,55,1335,13.35,0
10002,0,1,3,4,17,False,234,5,52,1332,13.32,0
10003,0,1,3,4,3,True,236,3,219,987,9.87,0
10004,0,1,3,4,4,True,234,5,42,1322,13.22,0
10005,0,1,3,4,5,True,236,0,237,237,2.37,0
10006,0,1,3,4,16,True,234,5,31,1311,13.11,0
10007,0,1,3,4,34,True,114,9,50,2354,23.54,0
10008,0,1,3,4,33,False,12,4,217,1241,12.41,0
10009,0,1,3,4,16,False,25,3,52,820,8.2,0
10010,0,1,3,4,17,False,24,5,223,1503,15.03,0
10011,0,1,3,4,3,True,27,2,244,756,7.56,0
10012,0,1,3,4,4,True,25,3,19,787,7.87,0
10013,0,1,3,4,16,True,24,5,202,1482,14.82,0
10014,0,1,3,4,34,True,12,4,194,1218,12.18,0
10015,0,1,3,4,33,False,246,13,61,3389,33.89,0
10016,0,1,3,4,17,False,160,4,103,1127,11.27,0
10017,0,1,3,4,16,False,160,6,30,1566,15.66,0
10018,0,1,3,4,3,True,161,3,93,861,8.61,0
10019,0,1,3,4,4,True,160,6,7,1543,15.43,0
10020,0,1,3,4,16,True,160,4,83,1107,11.07,0
10021,0,1,3,4,34,True,246,13,37,3365,33.65,0
10022,0,1,3,4,33,False,75,11,58,2874,28.74,0
10023,0,1,3,4,16,False,220,5,91,1371,13.71,0
10024,0,1,3,4,17,False,220,5,158,1438,14.38,0
10025,0,1,3,4,3,True,221,3,40,808,8.08,0
10026,0,1,3,4,4,True,220,5,69,1349,13.49,0
10027,0,1,3,4,5,True,222,2,40,552,5.52,0
10028,0,1,3,4,16,True,220,5,136,1416,14.16,0
10029,0,1,3,4,34,True,41,9,129,2433,24.33,0
10030,0,1,3,4,33,False,41,15,172,4012,40.12,0
10031,0,1,3,4,16,False,243,7,3,1795,17.95,0
10032,0,1,3,4,17,False,3,10,0,2560,25.6,167772160
10033,0,-1,-1,-1,-1,True,-1,-1,-1,-1,-1.0,-1
10034,0,82,0,0,0,False,0,0,10,10,0.1,0
10035,0,-1,-1,-1,-1,True,-1,-1,-1,-1,-1.0,-1
10036,0,-1,-1,-1,-1,True,-1,-1,-1,-1,-1.0,-1
10037,0,-1,-1,-1,-1,True,-1,-1,-1,-1,-1.0,-1
10038,0,-1,-1,-1,-1,True,-1,-1,-1,-1,-1.0,-1
10039,0,1,3,4,4,True,88,3,199,967,9.67,0
10040,0,1,3,4,16,True,88,6,62,1598,15.98,0
10041,0,1,3,4,34,True,186,12,51,3123,31.23,0
10042,0,1,3,4,33,False,5,14,172,3756,37.56,0
10043,0,1,3,4,16,False,24,5,35,1315,13.15,0
10044,0,1,3,4,3,True,24,4,212,1236,12.36,0
10045,0,1,3,4,4,True,23,8,6,2054,20.54,0
10046,0,1,3,4,16,True,24,5,14,1294,12.94,0
10047,0,1,3,4,32,True,25,1,121,377,3.77,0
10048,0,1,3,4,34,True,55,1,94,350,3.5,0
10049,0,1,3,4,33,False,146,12,249,3321,33.21,0
10050,0,1,3,4,16,False,58,4,36,1060,10.6,0
10051,0,1,3,4,17,False,59,2,195,707,7.07,0
10052,0,1,3,4,3,True,58,4,13,1037,10.37,0
10053,0,1,3,4,4,True,58,3,201,969,9.69,0
10054,0,1,3,4,16,True,59,2,175,687,6.87,0
10055,0,1,3,4,34,True,146,12,227,3299,32.99,0
10056,0,1,3,4,33,False,82,8,189,2237,22.37,0
10057,0,1,3,4,15,False,201,2,109,621,6.21,0
10058,0,1,3,4,16,False,194,4,220,1244,12.44,0
10059,0,1,3,4,17,False,194,5,12,1292,12.92,0
10060,0,1,3,4,3,True,196,3,210,978,9.78,0
10061,0,1,3,4,4,True,194,4,199,1223,12.23,0
10062,0,1,3,4,16,True,194,4,245,1269,12.69,0
10063,0,1,3,4,34,True,82,8,167,2215,22.15,0
10064,0,1,3,4,33,False,190,12,167,3239,32.39,0
10065,0,1,3,4,16,False,60,2,150,662,6.62,0
10066,0,1,3,4,17,False,57,4,210,1234,12.34,0
10067,0,1,3,4,3,True,62,1,16,272,2.72,0
10068,0,1,3,4,4,True,59,2,136,648,6.48,0
10069,0,1,3,4,16,True,57,4,189,1213,12.13,0
10070,0,1,3,4,34,True,145,12,255,3327,33.27,0
10071,0,1,3,4,33,False,215,7,15,1807,18.07,0
10072,0,1,3,4,16,False,53,2,195,707,7.07,0
10073,0,1,3,4,17,False,50,4,253,1277,12.77,0
10074,0,1,3,4,3,True,56,0,193,193,1.93,0
10075,0,1,3,4,4,True,59,2,213,725,7.25,0
10076,0,1,3,4,16,True,50,4,233,1257,12.57,0
10077,0,1,3,4,34,True,215,6,247,1783,17.83,0
10078,0,1,3,4,33,False,217,1,69,325,3.25,0
10079,0,1,3,4,16,False,184,2,94,606,6.06,0
10080,0,1,3,4,17,False,182,5,125,1405,14.05,0
10081,0,1,3,4,3,True,187,0,247,247,2.47,0
10082,0,1,3,4,4,True,184,2,73,585,5.85,0
10083,0,1,3,4,16,True,182,5,103,1383,13.83,0
10084,0,1,3,4,34,True,217,1,47,303,3.03,0
10085,0,1,3,4,33,False,134,6,26,1562,15.62,0
10086,0,1,3,4,16,False,162,5,26,1306,13.06,0
10087,0,1,3,4,17,False,162,3,31,799,7.99,0
10088,0,1,3,4,3,True,162,4,249,1273,12.73,0
10089,0,1,3,4,4,True,162,3,38,806,8.06,0
10090,0,1,3,4,16,True,162,3,10,778,7.78,0
10091,0,1,3,4,34,True,134,6,4,1540,15.4,0
10092,0,1,3,4,33,False,92,3,21,789,7.89,0
10093,0,1,3,4,16,False,82,4,89,1113,11.13,0
10094,0,1,3,4,17,False,81,11,4,2820,28.2,227
10095,0,-1,-1,-1,-1,True,-1,-1,-1,-1,-1.0,-1
10096,0,1,3,4,17,False,11,5,120,1400,14.0,0
10097,0,1,3,4,3,True,13,2,101,613,6.13,0
10098,0,1,3,4,4,True,11,4,204,1228,12.28,0
10099,0,1,3,4,16,True,11,5,100,1380,13.8,0
10100,0,1,3,4,34,True,61,15,244,4084,40.84,0
10101,0,1,3,4,33,False,127,10,240,2800,28.0,0
10102,0,1,3,4,16,False,13,3,115,883,8.83,0
10103,0,1,3,4,17,False,12,5,0,1280,12.8,0
10104,0,1,3,4,3,True,13,3,93,861,8.61,0
10105,0,1,3,4,4,True,12,4,116,1140,11.4,0
10106,0,1,3,4,16,True,12,4,236,1260,12.6,0
10107,0,1,3,4,32,True,15,2,73,585,5.85,0
10108,0,1,3,4,34,True,127,10,218,2778,27.78,0
10109,0,1,3,4,33,False,40,12,159,3231,32.31,0
10110,0,1,3,1,40,False,0,0,0,0,0.0,0
10111,0,1,3,4,31,True,4,0,202,202,2.02,0
10112,0,1,3,6,51,True,4,3,204,972,9.72,48387
10113,0,1,3,4,4,True,202,6,221,1757,17.57,0
10114,0,1,3,4,16,True,203,4,177,1201,12.01,0
10115,0,1,3,4,32,True,205,1,175,431,4.31,0
10116,0,1,3,4,34,True,40,12,136,3208,32.08,0
10117,0,1,3,4,33,False,22,3,140,908,9.08,0
10118,0,1,3,4,16,False,17,4,152,1176,11.76,0
10119,0,1,3,4,17,False,16,15,2,3842,38.42,148
10120,0,-1,-1,-1,-1,True,-1,-1,-1,-1,-1.0,-1
10121,0,1,3,4,17,False,188,4,160,1184,11.84,0
10122,0,1,3,4,3,True,193,2,84,596,5.96,0
10123,0,1,3,4,4,True,189,2,230,742,7.42,0
10124,0,1,3,4,16,True,188,4,140,1164,11.64,0
10125,0,1,3,4,34,True,1,14,111,3695,36.95,0
10126,0,1,3,4,33,False,170,2,102,614,6.14,0
10127,0,1,3,4,16,False,151,4,222,1246,12.46,0
10128,0,1,3,4,17,False,98,4,86,1110,11.1,0
10129,0,1,3,4,16,False,97,6,255,1791,17.91,0
10130,0,1,3,4,3,True,98,4,196,1220,12.2,0
10131,0,1,3,4,4,True,97,6,232,1768,17.68,0
10132,0,1,3,4,16,True,98,4,65,1089,10.89,0
10133,0,1,3,4,34,True,124,1,195,451,4.51,0
10134,0,1,3,4,33,False,136,12,131,3203,32.03,0
10135,0,1,3,4,15,False,47,2,17,529,5.29,0
10136,0,1,3,4,16,False,42,3,227,995,9.95,0
10137,0,1,3,4,17,False,42,6,75,1611,16.11,0
10138,0,1,3,4,3,True,43,2,222,734,7.34,0
10139,0,1,3,4,4,True,42,3,204,972,9.72,0
10140,0,1,3,4,16,True,42,6,55,1591,15.91,0
10141,0,1,3,4,34,True,136,12,108,3180,31.8,0
10142,0,1,3,4,33,False,63,5,184,1464,14.64,0
10143,0,1,3,4,16,False,85,4,74,1098,10.98,0
10144,0,1,3,4,17,False,85,5,66,1346,13.46,0
10145,0,1,3,4,3,True,87,3,252,1020,10.2,0
10146,0,1,3,4,4,True,85,4,52,1076,10.76,0
10147,0,1,3,4,16,True,85,5,46,1326,13.26,0
10148,0,1,3,4,34,True,62,5,162,1442,14.42,0
10149,0,1,3,4,33,False,73,2,77,589,5.89,0
10150,0,1,3,4,17,False,6,0,0,0,0.0,167772160
10151,0,-1,-1,-1,-1,True,-1,-1,-1,-1,-1.0,-1
10152,0,37,0,0,0,False,0,0,10,10,0.1,0
10153,0,-1,-1,-1,-1,True,-1,-1,-1,-1,-1.0,-1
10154,0,-1,-1,-1,-1,True,-1,-1,-1,-1,-1.0,-1
10155,0,-1,-1,-1,-1,True,-1,-1,-1,-1,-1.0,-1
10156,0,1,3,4,4,True,50,5,233,1513,15.13,0
10157,0,1,3,4,16,True,50,6,14,1550,15.5,0
10158,0,1,3,4,34,True,44,4,72,1096,10.96,0
10159,0,1,3,4,33,False,8,14,56,3640,36.4,0
10160,0,1,3,4,16,False,192,5,5,1285,12.85,0
10161,0,1,3,4,17,False,191,5,192,1472,14.72,0
10162,0,1,3,4,3,True,194,4,4,1028,10.28,0
10163,0,1,3,4,4,True,191,5,3,1283,12.83,0
10164,0,1,3,4,5,True,193,1,250,506,5.06,0
10165,0,1,3,4,16,True,191,5,171,1451,14.51,0
10166,0,1,3,4,34,True,8,14,34,3618,36.18,0
10167,0,1,3,4,33,False,33,15,214,4054,40.54,0
10168,0,1,3,4,15,False,239,4,148,1172,11.72,0
10169,0,1,3,4,16,False,236,3,174,942,9.42,0
10170,0,1,3,4,17,False,18,4,220,1244,12.44,0
10171,0,1,3,4,3,True,19,3,73,841,8.41,0
10172,0,1,3,4,4,True,18,3,152,920,9.2,0
10173,0,1,3,4,16,True,18,4,199,1223,12.23,0
10174,0,1,3,4,34,True,113,12,102,3174,31.74,0
10175,0,1,3,4,33,False,152,3,91,859,8.59,0
10176,0,1,3,4,15,False,151,3,18,786,7.86,0
10177,0,1,3,4,16,False,145,5,255,1535,15.35,0
10178,0,1,3,4,17,False,145,5,166,1446,14.46,0
10179,0,1,3,4,3,True,146,4,211,1235,12.35,0
10180,0,1,3,4,4,True,145,5,233,1513,15.13,0
10181,0,1,3,4,5,True,147,2,30,542,5.42,0
10182,0,1,3,4,16,True,145,5,146,1426,14.26,0
10183,0,1,3,4,34,True,152,3,68,836,8.36,0
10184,0,1,3,4,33,False,211,9,147,2451,24.51,0
10185,0,1,3,4,16,False,79,3,183,951,9.51,0
10186,0,1,3,4,17,False,78,3,203,971,9.71,0
10187,0,1,3,4,3,True,80,2,208,720,7.2,0
10188,0,1,3,4,4,True,79,3,169,937,9.37,0
10189,0,1,3,4,16,True,78,3,181,949,9.49,0
10190,0,1,3,4,34,True,211,9,125,2429,24.29,0
10191,0,1,3,4,33,False,58,2,29,541,5.41,0
10192,0,1,3,4,17,False,20,5,134,1414,14.14,0
10193,0,1,3,4,34,True,37,14,135,3719,37.19,0
10194,0,1,3,4,33,False,176,10,241,2801,28.01,0
10195,0,1,3,4,17,False,61,5,109,1389,13.89,0
10196,0,1,3,4,16,True,61,5,87,1367,13.67,0
10197,0,1,3,4,34,True,176,10,217,2777,27.77,0
10198,0,1,3,4,28,False,6,6,177,1713,17.13,0
10199,0,1,3,4,17,False,92,6,53,1589,15.89,0
10200,0,1,3,4,4,True,225,0,8,8,0.08,0
10201,0,1,3,4,16,True,92,6,32,1568,15.68,0
10202,0,1,3,4,34,True,6,6,153,1689,16.89,0
10203,0,1,3,4,33,False,149,11,54,2870,28.7,0
10204,0,1,3,4,16,False,40,3,118,886,8.86,0
10205,0,1,3,4,17,False,38,4,79,1103,11.03,0
10206,0,1,3,4,4,True,40,3,95,863,8.63,0
10207,0,1,3,4,16,True,38,4,59,1083,10.83,0
10208,0,1,3,4,34,True,149,11,31,2847,28.47,0
10209,0,1,3,4,33,False,129,13,39,3367,33.67,0
10210,0,1,3,4,16,False,44,4,187,1211,12.11,0
10211,0,1,3,4,17,False,43,5,145,1425,14.25,0
10212,0,1,3,4,3,True,0,10,1,2561,25.61,87822364
10213,0,-1,-1,-1,-1,True,-1,-1,-1,-1,-1.0,-1
10214,0,-1,-1,-1,-1,True,-1,-1,-1,-1,-1.0,-1
10215,0,-1,-1,-1,-1,True,-1,-1,-1,-1,-1.0,-1
10216,0,-1,-1,-1,-1,True,-1,-1,-1,-1,-1.0,-1
10217,0,1,3,4,17,False,60,5,91,1371,13.71,0
10218,0,1,3,4,3,True,62,3,80,848,8.48,0
10219,0,1,3,4,4,True,60,5,164,1444,14.44,0
10220,0,1,3,4,16,True,60,5,71,1351,13.51,0
10221,0,1,3,4,34,True,153,12,137,3209,32.09,0
10222,0,1,3,4,33,False,134,14,162,3746,37.46,0
10223,0,1,3,4,16,False,67,5,127,1407,14.07,0
10224,0,1,3,4,17,False,66,5,207,1487,14.87,0
10225,0,1,3,4,3,True,67,5,88,1368,13.68,0
10226,0,1,3,4,4,True,67,5,61,1341,13.41,0
10227,0,1,3,4,16,True,66,5,185,1465,14.65,0
10228,0,1,3,4,34,True,134,14,138,3722,37.22,0
10229,0,1,3,4,33,False,87,13,65,3393,33.93,0
10230,0,1,3,4,15,False,6,3,94,862,8.62,0
10231,0,1,3,4,16,False,2,5,210,1490,14.9,0
10232,0,1,3,4,17,False,2,6,46,1582,15.82,0
10233,0,1,3,4,3,True,3,5,174,1454,14.54,0
10234,0,1,3,4,4,True,2,5,159,1439,14.39,0
10235,0,1,3,4,16,True,2,6,25,1561,15.61,0
10236,0,1,3,4,32,True,5,0,156,156,1.56,0
10237,0,1,3,4,34,True,87,13,43,3371,33.71,0
10238,0,1,3,4,33,False,217,13,207,3535,35.35,0
10239,0,1,3,1,25,True,0,0,0,0,0.0,0
10240,0,1,3,5,15,True,4,15,142,3982,39.82,5
10241,0,1,3,6,4,False,16,10,7,2567,25.67,1103
10242,0,1,3,3,12,True,5,5,0,1280,12.8,0
10243,0,1,3,4,4,True,138,7,57,1849,18.49,0
10244,0,1,3,4,16,True,139,4,127,1151,11.51,0
10245,0,1,3,4,34,True,217,13,185,3513,35.13,0
10246,0,1,3,4,33,False,3,2,52,564,5.64,0
10247,0,1,3,4,16,False,238,5,163,1443,14.43,0
10248,0,1,3,4,17,False,237,4,233,1257,12.57,0
10249,0,1,3,4,3,True,240,1,255,511,5.11,0
10250,0,1,3,4,4,True,238,5,141,1421,14.21,0
10251,0,1,3,4,16,True,237,4,211,1235,12.35,0
10252,0,1,3,4,34,True,3,2,29,541,5.41,0
10253,0,1,3,4,33,False,165,6,161,1697,16.97,0
10254,0,1,3,4,16,False,200,5,137,1417,14.17,0
10255,0,1,3,4,17,False,200,4,238,1262,12.62,0
10256,0,1,3,4,3,True,123,2,16,528,5.28,0
10257,0,1,3,4,4,True,120,3,175,943,9.43,0
10258,0,1,3,4,16,True,119,4,216,1240,12.4,0
10259,0,1,3,4,31,True,122,1,132,388,3.88,0
10260,0,1,3,4,34,True,227,11,105,2921,29.21,0
10261,0,1,3,4,33,False,11,15,29,3869,38.69,0
10262,0,1,3,4,15,False,211,2,250,762,7.62,0
10263,0,1,3,4,16,False,205,4,182,1206,12.06,0
10264,0,1,3,4,17,False,205,5,39,1319,13.19,0
10265,0,1,3,4,3,True,206,4,62,1086,10.86,0
10266,0,1,3,4,4,True,205,4,159,1183,11.83,0
10267,0,1,3,4,5,True,208,1,39,295,2.95,0
10268,0,1,3,4,16,True,205,5,18,1298,12.98,0
10269,0,1,3,4,34,True,11,15,7,3847,38.47,0
10270,0,1,3,4,33,False,1,15,64,3904,39.04,0
10271,0,1,3,4,16,False,197,6,1,1537,15.37,24
10272,0,-1,-1,-1,-1,True,-1,-1,-1,-1,-1.0,-1
10273,0,1,3,3,5,False,239,4,0,1024,10.24,0
10274,0,1,3,1,12,False,0,0,0,0,0.0,0
10275,0,1,3,4,19,True,4,3,76,844,8.44,0
10276,0,1,3,3,20,True,4,4,0,1024,10.24,0
10277,0,1,3,3,5,False,217,4,0,1024,10.24,0
10278,0,1,3,0,0,False,0,0,0,0,0.0,0
10279,0,1,3,3,4,False,190,4,0,1024,10.24,0
10280,0,1,3,2,33,True,13,0,0,0,0.0,0
10281,0,1,3,4,4,False,33,4,2,1026,10.26,0
10282,0,1,3,6,4,False,15,10,2,2562,25.62,1195
10283,0,1,3,0,0,False,0,0,0,0,0.0,0
10284,0,1,3,5,7,False,22,4,17,1041,10.41,148
10285,0,1,3,5,55,False,4,3,151,919,9.19,2
10286,0,1,3,1,4,False,0,0,0,0,0.0,0
10287,0,1,3,4,21,True,7,0,4,4,0.04,0
10288,0,1,3,0,0,False,0,0,0,0,0.0,0
10289,0,1,3,4,5,False,34,4,162,1186,11.86,0
10290,0,1,3,4,2,False,168,4,33,1057,10.57,0
10291,0,1,3,7,12,False,204,4,17,1041,10.41,16712717
10292,0,1,3,4,16,False,12,6,25,1561,15.61,0
10293,0,1,3,4,3,True,13,4,27,1051,10.51,0
10294,0,1,3,4,4,True,12,6,3,1539,15.39,0
10295,0,1,3,4,16,True,13,4,235,1259,12.59,0
10296,0,1,3,4,34,True,103,12,180,3252,32.52,0
10297,0,1,3,4,33,False,138,7,19,1811,18.11,0
10298,0,1,3,4,16,False,179,5,37,1317,13.17,0
10299,0,1,3,4,17,False,178,4,221,1245,12.45,0
10300,0,1,3,4,3,True,180,3,143,911,9.11,0
10301,0,1,3,4,4,True,178,5,30,1310,13.1,0
10302,0,1,3,4,16,True,178,4,201,1225,12.25,0
10303,0,1,3,4,34,True,138,6,252,1788,17.88,0
10304,0,1,3,4,33,False,171,14,165,3749,37.49,0
10305,0,1,3,4,16,False,103,4,185,1209,12.09,0
10306,0,1,3,4,17,False,103,5,162,1442,14.42,0
10307,0,1,3,4,3,True,104,4,138,1162,11.62,0
10308,0,1,3,4,4,True,103,4,86,1110,11.1,0
10309,0,1,3,4,16,True,103,5,142,1422,14.22,0
10310,0,1,3,4,34,True,171,14,142,3726,37.26,0
10311,0,1,3,4,33,False,129,14,139,3723,37.23,0
10312,0,1,3,4,15,False,64,3,124,892,8.92,0
10313,0,1,3,4,16,False,60,6,26,1562,15.62,0
10314,0,1,3,4,17,False,60,5,68,1348,13.48,0
10315,0,1,3,4,17,False,208,6,17,1553,15.53,0
10316,0,1,3,4,3,True,210,5,21,1301,13.01,0
10317,0,1,3,4,4,True,208,5,35,1315,13.15,0
10318,0,1,3,4,16,True,208,5,241,1521,15.21,0
10319,0,1,3,4,34,True,52,12,6,3078,30.78,0
10320,0,1,3,4,33,False,168,1,212,468,4.68,0
10321,0,1,3,4,16,False,143,4,190,1214,12.14,0
10322,0,1,3,4,17,False,141,6,22,1558,15.58,0
10323,0,1,3,4,3,True,144,3,18,786,7.86,0
10324,0,1,3,4,4,True,143,4,167,1191,11.91,0
10325,0,1,3,4,16,True,141,6,1,1537,15.37,0
10326,0,1,3,4,34,True,168,1,189,445,4.45,0
10327,0,1,3,4,33,False,168,4,117,1141,11.41,0
10328,0,1,3,4,16,False,227,6,4,1540,15.4,61
10329,0,-1,-1,-1,-1,True,-1,-1,-1,-1,-1.0,-1
10330,0,1,3,4,3,True,55,4,17,1041,10.41,0
10331,0,1,3,4,4,True,54,6,42,1578,15.78,0
10332,0,1,3,4,5,True,56,1,20,276,2.76,0
10333,0,1,3,4,16,True,54,4,41,1065,10.65,0
10334,0,1,3,4,34,True,162,11,98,2914,29.14,0
10335,0,1,3,4,33,False,82,3,91,859,8.59,0
10336,0,1,3,4,16,False,74,6,3,1539,15.39,0
10337,0,1,3,4,15,False,78,7,132,1924,19.24,0
10338,0,1,3,4,17,False,75,6,27,1563,15.63,0
10339,0,1,3,4,3,True,76,7,151,1943,19.43,0
10340,0,1,3,4,4,True,74,5,238,1518,15.18,0
10341,0,1,3,4,16,True,74,6,5,1541,15.41,0
10342,0,1,3,4,32,True,78,0,174,174,1.74,0
10343,0,1,3,4,34,True,82,3,68,836,8.36,0
10344,0,1,3,4,33,False,16,10,57,2617,26.17,0
10345,0,1,3,4,16,False,148,4,177,1201,12.01,0
10346,0,1,3,4,17,False,148,5,46,1326,13.26,0
10347,0,1,3,4,3,True,5,9,0,2304,23.04,167772160
10348,0,-1,-1,-1,-1,True,-1,-1,-1,-1,-1.0,-1
10349,0,-1,-1,-1,-1,True,-1,-1,-1,-1,-1.0,-1
10350,0,1,3,4,3,True,176,4,201,1225,12.25,0
10351,0,1,3,4,4,True,175,5,86,1366,13.66,0
10352,0,1,3,4,16,True,175,5,63,1343,13.43,0
10353,0,1,3,4,34,True,2,13,84,3412,34.12,0
10354,0,1,3,4,33,False,224,0,132,132,1.32,0
10355,0,1,3,4,15,False,184,4,161,1185,11.85,0
10356,0,1,3,4,16,False,181,5,2,1282,12.82,186
10357,0,-1,-1,-1,-1,True,-1,-1,-1,-1,-1.0,-1
10358,0,1,3,4,17,False,19,5,144,1424,14.24,0
10359,0,1,3,4,3,True,23,1,51,307,3.07,0
10360,0,1,3,4,4,True,20,2,180,692,6.92,0
10361,0,1,3,4,16,True,19,5,122,1402,14.02,0
10362,0,1,3,4,34,True,165,8,120,2168,21.68,0
10363,0,1,3,4,28,False,168,14,48,3632,36.32,0
10364,0,1,3,4,16,False,96,4,40,1064,10.64,0
10365,0,1,3,4,17,False,95,4,239,1263,12.63,0
10366,0,1,3,4,3,True,97,3,25,793,7.93,0
10367,0,1,3,4,4,True,96,4,17,1041,10.41,0
10368,0,1,3,4,5,True,98,1,12,268,2.68,0
10369,0,1,3,4,16,True,95,4,218,1242,12.42,0
10370,0,1,3,4,34,True,168,14,24,3608,36.08,0
10371,0,1,3,4,33,False,184,13,230,3558,35.58,0
10372,0,1,3,4,16,False,107,5,206,1486,14.86,0
10373,0,1,3,4,17,False,107,6,44,1580,15.8,0
10374,0,1,3,4,3,True,109,2,106,618,6.18,0
10375,0,1,3,4,4,True,107,5,184,1464,14.64,0
10376,0,1,3,4,16,True,107,6,23,1559,15.59,0
10377,0,1,3,4,34,True,184,13,206,3534,35.34,0
10378,0,1,3,4,33,False,127,6,22,1558,15.58,0
10379,0,1,3,4,16,False,156,2,241,753,7.53,0
10380,0,1,3,4,17,False,155,5,34,1314,13.14,0
10381,0,1,3,4,4,True,156,2,219,731,7.31,0
10382,0,1,3,4,16,True,155,5,13,1293,12.93,0
10383,0,1,3,4,34,True,127,5,254,1534,15.34,0
10384,0,1,3,4,33,False,39,14,131,3715,37.15,0
10385,0,1,3,4,16,False,226,5,124,1404,14.04,0
10386,0,1,3,4,17,False,226,5,117,1397,13.97,0
10387,0,1,3,4,3,True,227,4,29,1053,10.53,0
10388,0,1,3,4,4,True,226,5,105,1385,13.85,0
10389,0,1,3,4,16,True,226,5,95,1375,13.75,0
10390,0,1,3,4,34,True,39,14,107,3691,36.91,0
10391,0,1,3,4,33,False,170,11,88,2904,29.04,0
10392,0,1,3,4,16,False,60,10,1,2561,25.61,91983900
10393,0,-1,-1,-1,-1,True,-1,-1,-1,-1,-1.0,-1
10394,0,-1,-1,-1,-1,True,-1,-1,-1,-1,-1.0,-1
10395,0,-1,-1,-1,-1,True,-1,-1,-1,-1,-1.0,-1
10396,0,-1,-1,-1,-1,True,-1,-1,-1,-1,-1.0,-1
10397,0,1,3,4,34,True,112,4,183,1207,12.07,0
10398,0,1,3,4,33,False,250,13,51,3379,33.79,0
10399,0,1,3,4,16,False,164,4,238,1262,12.62,0
10400,0,1,3,4,17,False,164,4,223,1247,12.47,0
10401,0,1,3,4,3,True,166,2,147,659,6.59,0
10402,0,1,3,4,4,True,164,4,219,1243,12.43,0
10403,0,1,3,4,16,True,164,4,203,1227,12.27,0
10404,0,1,3,4,34,True,250,13,29,3357,33.57,0
10405,0,1,3,4,33,False,83,3,35,803,8.03,0
10406,0,1,3,4,15,False,80,1,230,486,4.86,0
10407,0,1,3,4,16,False,73,6,105,1641,16.41,0
10408,0,1,3,4,17,False,73,6,31,1567,15.67,0
10409,0,1,3,4,3,True,74,4,7,1031,10.31,0
10410,0,1,3,4,4,True,73,6,87,1623,16.23,0
10411,0,1,3,4,16,True,73,6,9,1545,15.45,0
10412,0,1,3,4,34,True,83,3,13,781,7.81,0
10413,0,1,3,4,33,False,160,10,207,2767,27.67,0
10414,0,1,3,4,16,False,43,4,34,1058,10.58,0
10415,0,1,3,4,17,False,44,5,74,1354,13.54,0
10416,0,1,3,4,3,True,46,1,103,359,3.59,0
10417,0,1,3,4,4,True,43,4,12,1036,10.36,0
10418,0,1,3,4,16,True,44,5,53,1333,13.33,0
10419,0,1,3,4,34,True,160,10,184,2744,27.44,0
10420,0,1,3,4,33,False,88,14,34,3618,36.18,0
10421,0,1,3,4,16,False,16,2,123,635,6.35,0
10422,0,1,3,4,17,False,13,6,170,1706,17.06,0
10423,0,1,3,4,4,True,15,2,120,632,6.32,0
10424,0,1,3,4,5,True,16,0,169,169,1.69,0
10425,0,1,3,4,16,True,13,6,150,1686,16.86,0
10426,0,1,3,4,34,True,88,14,12,3596,35.96,0
10427,0,1,3,4,33,False,61,2,53,565,5.65,0
10428,0,1,3,4,16,False,40,4,239,1263,12.63,0
10429,0,1,3,4,17,False,39,5,32,1312,13.12,0
10430,0,1,3,4,3,True,41,4,196,1220,12.2,0
10431,0,1,3,4,4,True,40,3,212,980,9.8,0
10432,0,1,3,4,16,True,39,5,9,1289,12.89,0
10433,0,1,3,4,34,True,61,2,31,543,5.43,0
10434,0,1,3,4,33,False,138,2,25,537,5.37,0
10435,0,1,3,4,16,False,116,5,141,1421,14.21,0
10436,0,1,3,4,17,False,115,4,180,1204,12.04,0
10437,0,1,3,4,3,True,117,3,141,909,9.09,0
10438,0,1,3,4,4,True,116,5,119,1399,13.99,0
10439,0,1,3,4,16,True,115,4,159,1183,11.83,0
10440,0,1,3,4,34,True,138,2,2,514,5.14,0
10441,0,1,3,4,33,False,183,0,98,98,0.98,0
10442,0,1,3,4,16,False,139,3,113,881,8.81,0
10443,0,1,3,4,17,False,137,7,26,1818,18.18,0
10444,0,1,3,4,3,True,140,1,217,473,4.73,0
10445,0,1,3,4,4,True,139,3,91,859,8.59,0
10446,0,1,3,4,16,True,137,7,5,1797,17.97,0
10447,0,1,3,4,34,True,183,0,76,76,0.76,0
10448,0,1,3,4,33,False,53,1,226,482,4.82,0
10449,0,1,3,4,17,False,27,5,26,1306,13.06,0
10450,0,1,3,4,16,False,27,6,130,1666,16.66,0
10451,0,1,3,4,3,True,29,2,198,710,7.1,0
10452,0,1,3,4,4,True,27,6,121,1657,16.57,0
10453,0,1,3,4,16,True,27,4,254,1278,12.78,0
10454,0,1,3,4,34,True,53,1,203,459,4.59,0
10455,0,1,3,4,33,False,116,15,13,3853,38.53,0
10456,0,1,3,4,15,False,57,5,219,1499,14.99,0
10457,0,1,3,4,16,False,55,5,56,1336,13.36,0
10458,0,1,3,4,17,False,54,5,177,1457,14.57,0
10459,0,1,3,4,3,True,55,5,240,1520,15.2,0
10460,0,1,3,4,4,True,56,1,22,278,2.78,0
10461,0,1,3,4,16,True,54,5,156,1436,14.36,0
10462,0,1,3,4,34,True,116,14,246,3830,38.3,0
10463,0,1,3,4,16,False,179,1,20,276,2.76,0
10464,0,1,3,4,17,False,175,4,98,1122,11.22,0
10465,0,1,3,4,33,False,195,2,75,587,5.87,0
10466,0,1,3,4,4,True,177,1,34,290,2.9,0
10467,0,1,3,4,16,True,175,4,78,1102,11.02,0
10468,0,1,3,4,34,True,195,2,51,563,5.63,0
10469,0,1,3,4,33,False,20,1,84,340,3.4,0
10470,0,1,3,4,16,False,242,6,66,1602,16.02,0
10471,0,1,3,4,17,False,242,5,58,1338,13.38,0
10472,0,1,3,4,3,True,243,4,240,1264,12.64,0
10473,0,1,3,4,4,True,242,6,43,1579,15.79,0
10474,0,1,3,4,16,True,242,5,37,1317,13.17,0
10475,0,1,3,4,34,True,20,1,61,317,3.17,0
10476,0,1,3,4,33,False,150,1,227,483,4.83,0
10477,0,1,3,4,15,False,131,1,130,386,3.86,0
10478,0,1,3,4,16,False,124,7,150,1942,19.42,0
10479,0,1,3,4,17,False,125,4,179,1203,12.03,0
10480,0,1,3,4,3,True,126,2,153,665,6.65,0
10481,0,1,3,4,4,True,124,7,128,1920,19.2,0
10482,0,1,3,4,16,True,125,4,158,1182,11.82,0
10483,0,1,3,4,34,True,150,1,204,460,4.6,0
10484,0,1,3,4,33,False,9,0,181,181,1.81,0
10485,0,1,3,4,15,False,227,4,105,1129,11.29,0
10486,0,1,3,4,16,False,224,5,131,1411,14.11,0
10487,0,1,3,4,17,False,223,5,159,1439,14.39,0
10488,0,1,3,4,3,True,225,4,118,1142,11.42,0
10489,0,1,3,4,4,True,224,5,112,1392,13.92,0
10490,0,1,3,4,16,True,223,5,137,1417,14.17,0
10491,0,1,3,4,34,True,171,5,42,1322,13.22,0
10492,0,1,3,4,17,False,171,5,68,1348,13.48,0
10493,0,1,3,4,3,True,172,3,185,953,9.53,0
10494,0,1,3,4,4,True,171,5,23,1303,13.03,0
10495,0,1,3,4,16,True,171,5,46,1326,13.26,0
10496,0,1,3,4,34,True,179,3,60,828,8.28,0
10497,0,1,3,4,33,False,166,12,214,3286,32.86,0
10498,0,1,3,4,16,False,76,3,114,882,8.82,0
10499,0,1,3,4,17,False,76,4,77,1101,11.01,0
10500,0,1,3,4,3,True,78,2,143,655,6.55,0
10501,0,1,3,4,4,True,76,3,109,877,8.77,0
10502,0,1,3,4,16,True,76,4,48,1072,10.72,0
10503,0,1,3,4,34,True,166,12,190,3262,32.62,0
10504,0,1,3,4,33,False,113,0,87,87,0.87,0
10505,0,1,3,4,16,False,68,4,72,1096,10.96,0
10506,0,1,3,4,17,False,67,4,99,1123,11.23,0
10507,0,1,3,4,3,True,69,4,17,1041,10.41,0
10508,0,1,3,4,4,True,67,4,12,1036,10.36,0
10509,0,1,3,4,16,True,67,4,77,1101,11.01,0
10510,0,1,3,4,34,True,113,0,64,64,0.64,0
10511,0,1,3,4,33,False,113,13,19,3347,33.47,0
10512,0,1,3,4,17,False,155,4,248,1272,12.72,0
10513,0,1,3,4,17,False,199,5,110,1390,13.9,0
10514,0,1,3,4,3,True,202,4,195,1219,12.19,0
10515,0,1,3,4,4,True,200,3,152,920,9.2,0
10516,0,1,3,4,16,True,199,5,89,1369,13.69,0
10517,0,1,3,4,34,True,208,3,56,824,8.24,0
10518,0,1,3,4,33,False,235,11,194,3010,30.1,0
10519,0,1,3,4,16,False,131,5,228,1508,15.08,0
10520,0,1,3,4,17,False,131,5,41,1321,13.21,0
10521,0,1,3,4,3,True,132,5,190,1470,14.7,0
10522,0,1,3,4,4,True,131,5,136,1416,14.16,0
10523,0,1,3,4,16,True,131,5,21,1301,13.01,0
10524,0,1,3,4,34,True,235,11,172,2988,29.88,0
10525,0,1,3,4,33,False,181,10,15,2575,25.75,0
10526,0,1,3,4,15,False,60,2,138,650,6.5,0
10527,0,1,3,4,16,False,55,3,182,950,9.5,0
10528,0,1,3,4,17,False,54,5,189,1469,14.69,0
10529,0,1,3,4,3,True,57,2,178,690,6.9,0
10530,0,1,3,4,4,True,55,3,159,927,9.27,0
10531,0,1,3,4,16,True,54,5,168,1448,14.48,0
10532,0,1,3,4,34,True,181,9,249,2553,25.53,0
10533,0,1,3,4,33,False,234,0,13,13,0.13,0
10534,0,1,3,4,16,False,186,4,27,1051,10.51,0
10535,0,1,3,4,17,False,184,5,44,1324,13.24,0
10536,0,1,3,4,3,True,187,3,42,810,8.1,0
10537,0,1,3,4,4,True,186,4,5,1029,10.29,0
10538,0,1,3,4,16,True,184,5,24,1304,13.04,0
10539,0,1,3,4,34,True,234,15,247,4087,40.87,0
10540,0,1,3,4,33,False,114,15,200,4040,40.4,0
10541,0,1,3,4,17,False,61,3,196,964,9.64,0
10542,0,1,3,4,16,False,61,6,192,1728,17.28,0
10543,0,1,3,4,3,True,63,3,13,781,7.81,0
10544,0,1,3,4,4,True,61,6,170,1706,17.06,0
10545,0,1,3,4,16,True,61,3,176,944,9.44,0
10546,0,1,3,4,34,True,114,15,177,4017,40.17,0
10547,0,1,3,4,33,False,13,13,241,3569,35.69,0
10548,0,1,3,4,16,False,193,14,6,3590,35.9,20
10549,0,-1,-1,-1,-1,True,-1,-1,-1,-1,-1.0,-1
10550,0,1,3,4,17,False,158,5,102,1382,13.82,0
10551,0,1,3,4,3,True,159,5,229,1509,15.09,0
10552,0,1,3,4,4,True,158,5,62,1342,13.42,0
10553,0,1,3,4,16,True,158,5,82,1362,13.62,0
10554,0,1,3,4,34,True,150,4,121,1145,11.45,0
10555,0,1,3,4,33,False,97,13,189,3517,35.17,0
10556,0,1,3,4,17,False,18,4,175,1199,11.99,0
10557,0,1,3,4,16,True,17,4,154,1178,11.78,0
10558,0,1,3,4,34,True,97,13,167,3495,34.95,0
10559,0,1,3,4,33,False,155,15,178,4018,40.18,0
10560,0,1,3,1,27,True,0,0,0,0,0.0,0
10561,0,1,3,7,50,True,4,0,100,100,1.0,272903
10562,0,1,3,3,38,False,4,12,0,3072,30.72,0
10563,0,1,3,4,4,True,100,7,20,1812,18.12,0
10564,0,1,3,4,16,True,100,4,202,1226,12.26,0
10565,0,1,3,4,34,True,155,15,154,3994,39.94,0
10566,0,1,3,4,33,False,123,0,13,13,0.13,0
10567,0,1,3,1,59,False,0,0,0,0,0.0,0
10568,0,1,3,0,0,False,0,0,0,0,0.0,0
10569,0,1,3,5,4,False,16,10,4,2564,25.64,174
10570,0,1,3,4,17,False,74,5,111,1391,13.91,0
10571,0,1,3,4,4,True,74,4,152,1176,11.76,0
10572,0,1,3,4,16,True,73,5,91,1371,13.71,0
10573,0,1,3,4,34,True,123,15,246,4086,40.86,0
10574,0,1,3,4,33,False,102,11,73,2889,28.89,0
10575,0,1,3,4,17,False,248,3,250,1018,10.18,0
10576,0,1,3,4,16,False,180,5,120,1400,14.0,0
10577,0,1,3,4,4,True,179,4,146,1170,11.7,0
10578,0,1,3,4,5,True,180,1,163,419,4.19,0
10579,0,1,3,4,16,True,179,4,53,1077,10.77,0
10580,0,1,3,4,32,True,182,0,215,215,2.15,0
10581,0,1,3,4,34,True,242,14,234,3818,38.18,0
10582,0,1,3,4,33,False,67,0,4,4,0.04,0
10583,0,1,3,4,16,False,17,5,7,1287,12.87,0
10584,0,1,3,4,17,False,17,5,32,1312,13.12,0
10585,0,1,3,4,3,True,18,3,129,897,8.97,0
10586,0,1,3,4,4,True,17,4,244,1268,12.68,0
10587,0,1,3,4,16,True,17,5,10,1290,12.9,0
10588,0,1,3,4,34,True,67,15,237,4077,40.77,0
10589,0,1,3,4,33,False,181,14,254,3838,38.38,0
10590,0,1,3,4,16,False,3,7,0,1792,17.92,167772160
10591,0,-1,-1,-1,-1,True,-1,-1,-1,-1,-1.0,-1
10592,0,-1,-1,-1,-1,True,-1,-1,-1,-1,-1.0,-1
10593,0,-1,-1,-1,-1,True,-1,-1,-1,-1,-1.0,-1
10594,0,1,3,4,3,True,166,2,113,625,6.25,0
10595,0,1,3,4,4,True,163,3,53,821,8.21,0
10596,0,1,3,4,16,True,162,4,120,1144,11.44,0
10597,0,1,3,4,34,True,224,15,4,3844,38.44,0
10598,0,1,3,4,33,False,90,11,39,2855,28.55,0
10599,0,1,3,4,16,False,234,4,106,1130,11.3,0
10600,0,1,3,4,17,False,234,4,101,1125,11.25,0
10601,0,1,3,4,3,True,236,2,119,631,6.31,0
10602,0,1,3,4,4,True,234,4,89,1113,11.13,0
10603,0,1,3,4,16,True,234,4,79,1103,11.03,0
10604,0,1,3,4,34,True,90,11,17,2833,28.33,0
10605,0,1,3,4,33,False,72,2,42,554,5.54,0
10606,0,1,3,4,15,False,54,3,164,932,9.32,0
10607,0,1,3,4,16,False,50,4,73,1097,10.97,0
10608,0,1,3,4,17,False,50,4,88,1112,11.12,0
10609,0,1,3,4,3,True,51,3,192,960,9.6,0
10610,0,1,3,4,4,True,50,4,55,1079,10.79,0
10611,0,1,3,4,16,True,50,4,65,1089,10.89,0
10612,0,1,3,4,34,True,72,2,19,531,5.31,0
10613,0,1,3,2,8,False,2,0,0,0,0.0,0
10614,0,1,3,3,4,False,15,6,0,1536,15.36,0
10615,0,1,3,1,2,False,0,0,0,0,0.0,0
10616,0,1,3,4,7,False,136,0,0,0,0.0,17432576
10617,0,-1,-1,-1,-1,True,-1,-1,-1,-1,-1.0,-1
10618,0,1,3,4,4,True,208,3,195,963,9.63,0
10619,0,1,3,4,5,True,209,1,85,341,3.41,0
10620,0,1,3,4,16,True,207,7,115,1907,19.07,0
10621,0,1,3,4,34,True,17,14,178,3762,37.62,0
10622,0,1,3,4,33,False,50,15,53,3893,38.93,0
10623,0,1,3,4,15,False,251,3,61,829,8.29,0
10624,0,1,3,4,16,False,245,6,140,1676,16.76,0
10625,0,1,3,4,17,False,245,5,36,1316,13.16,0
10626,0,1,3,4,3,True,247,3,117,885,8.85,0
10627,0,1,3,4,4,True,245,6,118,1654,16.54,0
10628,0,1,3,4,16,True,245,5,15,1295,12.95,0
10629,0,1,3,4,34,True,50,15,31,3871,38.71,0
10630,0,1,3,4,33,False,14,14,192,3776,37.76,0
10631,0,1,3,4,16,False,204,5,144,1424,14.24,0
10632,0,1,3,4,17,False,204,4,152,1176,11.76,0
10633,0,1,3,4,3,True,205,4,117,1141,11.41,0
10634,0,1,3,4,4,True,204,5,121,1401,14.01,0
10635,0,1,3,4,16,True,204,4,131,1155,11.55,0
10636,0,1,3,4,34,True,14,14,170,3754,37.54,0
10637,0,1,3,4,33,False,123,9,61,2365,23.65,0
10638,0,1,3,4,16,False,242,5,196,1476,14.76,0
10639,0,1,3,4,17,False,243,3,69,837,8.37,0
10640,0,1,3,4,3,True,244,2,98,610,6.1,0
10641,0,1,3,4,4,True,242,5,173,1453,14.53,0
10642,0,1,3,4,5,True,246,0,129,129,1.29,0
10643,0,1,3,4,16,True,243,3,49,817,8.17,0
10644,0,1,3,4,34,True,122,9,38,2342,23.42,0
10645,0,1,3,4,33,False,61,1,88,344,3.44,0
10646,0,1,3,4,16,False,29,1,5,261,2.61,61
10647,0,-1,-1,-1,-1,True,-1,-1,-1,-1,-1.0,-1
10648,0,1,3,4,3,True,100,1,194,450,4.5,0
10649,0,1,3,4,4,True,98,6,42,1578,15.78,0
10650,0,1,3,4,5,True,100,0,212,212,2.12,0
10651,0,1,3,4,16,True,97,5,40,1320,13.2,0
10652,0,1,3,4,34,True,10,6,176,1712,17.12,0
10653,0,1,3,4,33,False,18,3,185,953,9.53,0
10654,0,1,3,4,16,False,16,5,130,1410,14.1,0
10655,0,1,3,4,17,False,15,6,30,1566,15.66,0
10656,0,1,3,4,3,True,17,4,123,1147,11.47,0
10657,0,1,3,4,4,True,16,5,108,1388,13.88,0
10658,0,1,3,4,16,True,15,6,8,1544,15.44,0
10659,0,1,3,4,34,True,18,3,161,929,9.29,0
10660,0,1,3,4,33,False,174,2,209,721,7.21,0
10661,0,1,3,4,17,False,160,4,31,1055,10.55,0
10662,0,1,3,4,4,True,160,4,12,1036,10.36,0
10663,0,1,3,4,16,True,160,3,119,887,8.87,0
10664,0,1,3,4,34,True,174,2,187,699,6.99,0
10665,0,1,3,4,33,False,6,4,0,1024,10.24,167772160
10666,0,-1,-1,-1,-1,True,-1,-1,-1,-1,-1.0,-1
10667,0,28,0,0,0,False,0,0,10,10,0.1,3777043457
10668,0,-1,-1,-1,-1,True,-1,-1,-1,-1,-1.0,-1
10669,0,-1,-1,-1,-1,True,-1,-1,-1,-1,-1.0,-1
10670,0,-1,-1,-1,-1,True,-1,-1,-1,-1,-1.0,-1
10671,0,1,3,4,17,False,240,3,39,807,8.07,0
10672,0,1,3,4,16,True,240,3,18,786,7.86,0
10673,0,1,3,4,34,True,225,4,231,1255,12.55,0
10674,0,1,3,4,33,False,241,11,105,2921,29.21,0
10675,0,1,3,4,16,False,134,4,30,1054,10.54,0
10676,0,1,3,4,17,False,132,6,86,1622,16.22,0
10677,0,1,3,4,3,True,136,2,242,754,7.54,0
10678,0,1,3,4,4,True,132,4,32,1056,10.56,0
10679,0,1,3,4,16,True,132,6,64,1600,16.0,0
10680,0,1,3,4,34,True,241,11,81,2897,28.97,0
10681,0,1,3,4,33,False,150,15,166,4006,40.06,0
10682,0,1,3,4,16,False,95,5,4,1284,12.84,231
10683,0,-1,-1,-1,-1,True,-1,-1,-1,-1,-1.0,-1
10684,0,1,3,4,17,False,167,3,60,828,8.28,0
10685,0,1,3,4,3,True,166,4,183,1207,12.07,0
10686,0,1,3,4,4,True,165,3,181,949,9.49,0
10687,0,1,3,4,16,True,167,3,39,807,8.07,0
10688,0,1,3,4,34,True,158,4,102,1126,11.26,0
10689,0,1,3,4,33,False,82,13,174,3502,35.02,0
10690,0,1,3,4,15,False,6,3,136,904,9.04,0
10691,0,1,3,4,16,False,10,1,28,284,2.84,1593906209
10692,0,-1,-1,-1,-1,True,-1,-1,-1,-1,-1.0,-1
10693,0,-1,-1,-1,-1,True,-1,-1,-1,-1,-1.0,-1
10694,0,-1,-1,-1,-1,True,-1,-1,-1,-1,-1.0,-1
10695,0,-1,-1,-1,-1,True,-1,-1,-1,-1,-1.0,-1
10696,0,1,3,4,16,False,246,2,78,590,5.9,0
10697,0,1,3,4,17,False,243,6,58,1594,15.94,0
10698,0,1,3,4,3,True,249,1,248,504,5.04,0
10699,0,1,3,4,4,True,245,2,51,563,5.63,0
10700,0,1,3,4,16,True,243,6,37,1573,15.73,0
10701,0,1,3,4,34,True,20,1,72,328,3.28,0
10702,0,1,3,4,33,False,33,3,144,912,9.12,0
10703,0,1,3,4,16,False,28,5,231,1511,15.11,0
10704,0,1,3,4,17,False,28,7,5,1797,17.97,0
10705,0,1,3,4,3,True,29,5,7,1287,12.87,0
10706,0,1,3,4,4,True,28,5,209,1489,14.89,0
10707,0,1,3,4,16,True,28,6,240,1776,17.76,0
10708,0,1,3,4,32,True,31,1,178,434,4.34,0
10709,0,1,3,4,34,True,33,3,120,888,8.88,0
10710,0,1,3,4,33,False,120,8,137,2185,21.85,0
10711,0,1,3,4,16,False,230,8,4,2052,20.52,94
10712,0,-1,-1,-1,-1,True,-1,-1,-1,-1,-1.0,-1
10713,0,1,3,4,3,True,90,3,114,882,8.82,0
10714,0,1,3,4,4,True,88,5,166,1446,14.46,0
10715,0,1,3,4,5,True,90,1,208,464,4.64,0
10716,0,1,3,4,16,True,88,4,74,1098,10.98,0
10717,0,1,3,4,34,True,89,3,187,955,9.55,0
10718,0,1,3,4,33,False,21,12,128,3200,32.0,0
10719,0,1,3,4,16,False,183,4,228,1252,12.52,0
10720,0,1,3,4,17,False,183,5,39,1319,13.19,0
10721,0,1,3,4,3,True,185,4,43,1067,10.67,0
10722,0,1,3,4,4,True,183,4,205,1229,12.29,0
10723,0,1,3,4,16,True,183,5,17,1297,12.97,0
10724,0,1,3,4,34,True,21,12,105,3177,31.77,0
10725,0,1,3,4,33,False,252,1,103,359,3.59,0
10726,0,1,3,4,16,False,221,3,130,898,8.98,0
10727,0,1,3,4,17,False,220,5,129,1409,14.09,0
10728,0,1,3,4,3,True,222,2,177,689,6.89,0
10729,0,1,3,4,4,True,221,3,108,876,8.76,0
10730,0,1,3,4,16,True,220,5,108,1388,13.88,0
10731,0,1,3,4,32,True,224,0,236,236,2.36,0
10732,0,1,3,4,34,True,252,1,80,336,3.36,0
10733,0,1,3,4,33,False,15,8,210,2258,22.58,0
10734,0,1,3,4,16,False,30,4,195,1219,12.19,0
10735,0,1,3,4,4,True,29,6,188,1724,17.24,0
10736,0,1,3,4,16,True,28,5,133,1413,14.13,0
10737,0,1,3,4,34,True,62,1,54,310,3.1,0
10738,0,1,3,4,33,False,198,0,112,112,1.12,0
10739,0,1,3,4,34,True,198,0,88,88,0.88,0
10740,0,1,3,4,33,False,156,1,180,436,4.36,0
10741,0,1,3,4,16,False,129,4,197,1221,12.21,0
10742,0,1,3,4,17,False,127,7,49,1841,18.41,0
10743,0,1,3,4,3,True,129,4,159,1183,11.83,0
10744,0,1,3,4,4,True,129,4,29,1053,10.53,0
10745,0,1,3,4,16,True,127,7,28,1820,18.2,0
10746,0,1,3,4,34,True,243,11,33,2849,28.49,0
10747,0,1,3,4,33,False,243,9,154,2458,24.58,0
10748,0,1,3,4,33,False,200,15,38,3878,38.78,0
10749,0,1,3,4,16,False,139,5,156,1436,14.36,0
10750,0,1,3,4,17,False,140,4,86,1110,11.1,0
10751,0,1,3,4,3,True,140,3,182,950,9.5,0
10752,0,1,3,4,4,True,139,5,134,1414,14.14,0
10753,0,1,3,4,16,True,140,4,66,1090,10.9,0
10754,0,1,3,4,34,True,200,15,15,3855,38.55,0
10755,0,1,3,4,33,False,232,10,194,2754,27.54,0
10756,0,1,3,1,40,True,0,0,0,0,0.0,0
10757,0,1,3,2,2,True,4,0,0,0,0.0,0
10758,0,1,3,0,0,False,0,0,0,0,0.0,0
10759,0,1,3,2,5,False,197,0,0,0,0.0,0
10760,0,1,3,4,3,True,115,4,151,1175,11.75,0
10761,0,1,3,4,4,True,114,5,175,1455,14.55,0
10762,0,1,3,4,16,True,115,4,88,1112,11.12,0
10763,0,1,3,4,34,True,232,10,171,2731,27.31,0
10764,0,1,3,4,28,False,71,12,12,3084,30.84,0
10765,0,1,3,4,34,True,71,11,245,3061,30.61,0
10766,0,1,3,4,15,False,230,3,164,932,9.32,0
10767,0,1,3,4,17,False,63,7,238,2030,20.3,0
10768,0,1,3,4,16,False,2,9,171,2475,24.75,0
10769,0,1,3,4,3,True,3,8,56,2104,21.04,0
10770,0,1,3,4,4,True,2,9,148,2452,24.52,0
10771,0,1,3,4,16,True,63,7,198,1990,19.9,0
10772,0,1,3,4,33,False,154,14,161,3745,37.45,0
10773,0,1,3,4,17,False,86,4,244,1268,12.68,0
10774,0,1,3,4,16,False,85,7,156,1948,19.48,0
10775,0,1,3,4,3,True,87,5,240,1520,15.2,0
10776,0,1,3,4,4,True,85,7,133,1925,19.25,0
10777,0,1,3,4,16,True,86,4,223,1247,12.47,0
10778,0,1,3,4,34,True,154,14,137,3721,37.21,0
10779,0,1,3,4,33,False,37,3,73,841,8.41,0
10780,0,1,3,4,16,False,29,6,95,1631,16.31,0
10781,0,1,3,4,17,False,149,6,187,1723,17.23,0
10782,0,1,3,4,3,True,151,4,143,1167,11.67,0
10783,0,1,3,4,4,True,149,6,72,1608,16.08,0
10784,0,1,3,4,16,True,149,6,166,1702,17.02,0
10785,0,1,3,4,34,True,241,12,186,3258,32.58,0
10786,0,1,3,4,33,False,147,5,225,1505,15.05,0
10787,0,1,3,4,16,False,173,5,34,1314,13.14,0
10788,0,1,3,4,17,False,172,6,76,1612,16.12,0
10789,0,1,3,4,3,True,174,4,96,1120,11.2,0
10790,0,1,3,4,4,True,173,5,11,1291,12.91,0
10791,0,1,3,4,16,True,172,6,56,1592,15.92,0
10792,0,1,3,4,34,True,147,5,202,1482,14.82,0
10793,0,1,3,4,33,False,51,11,168,2984,29.84,0
10794,0,1,3,4,16,False,202,6,95,1631,16.31,0
10795,0,1,3,4,17,False,202,4,92,1116,11.16,0
10796,0,1,3,4,3,True,203,3,105,873,8.73,0
10797,0,1,3,4,4,True,202,6,73,1609,16.09,0
10798,0,1,3,4,16,True,202,4,72,1096,10.96,0
10799,0,1,3,4,32,True,205,0,149,149,1.49,0
10800,0,1,3,4,34,True,51,11,145,2961,29.61,0
10801,0,1,3,4,33,False,46,1,148,404,4.04,0
10802,0,1,3,4,16,False,17,5,166,1446,14.46,0
10803,0,1,3,4,17,False,16,6,103,1639,16.39,0
10804,0,1,3,4,3,True,18,3,96,864,8.64,0
10805,0,1,3,4,4,True,17,5,143,1423,14.23,0
10806,0,1,3,4,16,True,16,6,83,1619,16.19,0
10807,0,1,3,4,34,True,46,1,126,382,3.82,0
10808,0,1,3,4,33,False,172,0,240,240,2.4,0
10809,0,1,3,4,17,False,134,5,30,1310,13.1,0
10810,0,1,3,4,16,False,133,7,200,1992,19.92,0
10811,0,1,3,4,3,True,135,4,238,1262,12.62,0
10812,0,1,3,4,4,True,133,7,178,1970,19.7,0
10813,0,1,3,4,5,True,137,1,223,479,4.79,0
10814,0,1,3,4,16,True,134,5,9,1289,12.89,0
10815,0,1,3,4,34,True,172,0,217,217,2.17,0
10816,0,1,3,4,33,False,195,2,255,767,7.67,0
10817,0,1,3,4,15,False,187,4,31,1055,10.55,0
10818,0,1,3,4,16,False,183,5,19,1299,12.99,0
10819,0,1,3,4,17,False,183,5,192,1472,14.72,0
10820,0,1,3,4,3,True,185,4,227,1251,12.51,0
10821,0,1,3,4,4,True,183,3,241,1009,10.09,0
10822,0,1,3,4,16,True,183,5,171,1451,14.51,0
10823,0,1,3,4,34,True,195,2,232,744,7.44,0
10824,0,1,3,4,33,False,48,3,127,895,8.95,0
10825,0,1,3,4,16,False,36,0,0,0,0.0,17432576
10826,0,208,0,5,60,False,0,0,0,0,0.0,469830144
10827,0,-1,-1,-1,-1,True,-1,-1,-1,-1,-1.0,-1
10828,0,-1,-1,-1,-1,True,-1,-1,-1,-1,-1.0,-1
10829,0,1,3,4,4,True,208,5,105,1385,13.85,0
10830,0,1,3,4,16,True,208,5,96,1376,13.76,0
10831,0,1,3,4,34,True,244,1,14,270,2.7,0
10832,0,1,3,4,33,False,35,10,40,2600,26.0,0
10833,0,1,3,4,16,False,168,4,87,1111,11.11,0
10834,0,1,3,4,17,False,168,3,245,1013,10.13,0
10835,0,1,3,4,3,True,170,0,199,199,1.99,0
10836,0,1,3,4,4,True,168,4,65,1089,10.89,0
10837,0,1,3,4,16,True,168,3,224,992,9.92,0
10838,0,1,3,4,34,True,35,10,16,2576,25.76,0
10839,0,1,3,4,33,False,33,2,181,693,6.93,0
10840,0,1,3,4,16,False,18,6,0,1536,15.36,0
10841,0,1,3,4,17,False,18,5,155,1435,14.35,0
10842,0,1,3,4,3,True,19,4,12,1036,10.36,0
10843,0,1,3,4,4,True,18,5,234,1514,15.14,0
10844,0,1,3,4,16,True,18,5,134,1414,14.14,0
10845,0,1,3,4,34,True,33,2,159,671,6.71,0
10846,0,1,3,4,33,False,240,11,83,2899,28.99,0
10847,0,1,3,4,16,False,131,5,125,1405,14.05,0
10848,0,1,3,4,17,False,130,5,133,1413,14.13,0
10849,0,1,3,4,3,True,132,5,86,1366,13.66,0
10850,0,1,3,4,4,True,131,5,39,1319,13.19,0
10851,0,1,3,4,5,True,132,1,228,484,4.84,0
10852,0,1,3,4,16,True,130,5,111,1391,13.91,0
10853,0,1,3,4,34,True,240,11,60,2876,28.76,0
10854,0,1,3,4,33,False,213,1,71,327,3.27,0
10855,0,1,3,4,15,False,182,5,191,1471,14.71,0
10856,0,1,3,4,16,False,55,4,193,1217,12.17,0
10857,0,1,3,4,3,True,59,2,46,558,5.58,0
10858,0,1,3,4,4,True,56,2,159,671,6.71,0
10859,0,1,3,4,5,True,57,1,98,354,3.54,0
10860,0,1,3,4,16,True,55,4,172,1196,11.96,0
10861,0,1,3,4,34,True,141,13,25,3353,33.53,0
10862,0,1,3,4,33,False,214,11,193,3009,30.09,0
10863,0,1,3,4,16,False,110,6,115,1651,16.51,0
10864,0,1,3,4,17,False,110,5,73,1353,13.53,0
10865,0,1,3,4,3,True,111,3,186,954,9.54,0
10866,0,1,3,4,4,True,110,6,93,1629,16.29,0
10867,0,1,3,4,16,True,110,5,53,1333,13.33,0
10868,0,1,3,4,34,True,214,11,170,2986,29.86,0
10869,0,1,3,4,33,False,196,12,92,3164,31.64,0
10870,0,1,3,4,16,False,101,4,102,1126,11.26,0
10871,0,1,3,4,17,False,100,4,108,1132,11.32,0
10872,0,1,3,4,3,True,102,3,30,798,7.98,0
10873,0,1,3,4,4,True,101,4,84,1108,11.08,0
10874,0,1,3,4,16,True,100,4,87,1111,11.11,0
10875,0,1,3,4,34,True,196,12,70,3142,31.42,0
10876,0,1,3,4,33,False,252,14,146,3730,37.3,0
10877,0,1,3,4,16,False,183,5,209,1489,14.89,0
10878,0,1,3,4,17,False,183,5,46,1326,13.26,0
10879,0,1,3,4,3,True,184,3,212,980,9.8,0
10880,0,1,3,4,4,True,183,5,187,1467,14.67,0
10881,0,1,3,4,16,True,183,5,21,1301,13.01,0
10882,0,1,3,4,34,True,252,14,124,3708,37.08,0
10883,0,1,3,4,33,False,65,11,69,2885,28.85,0
10884,0,1,3,4,16,False,0,10,1,2561,25.61,99553308
10885,0,-1,-1,-1,-1,True,-1,-1,-1,-1,-1.0,-1
10886,0,-1,-1,-1,-1,True,-1,-1,-1,-1,-1.0,-1
10887,0,-1,-1,-1,-1,True,-1,-1,-1,-1,-1.0,-1
10888,0,-1,-1,-1,-1,True,-1,-1,-1,-1,-1.0,-1
10889,0,1,3,4,17,False,238,5,27,1307,13.07,0
10890,0,1,3,4,3,True,240,4,225,1249,12.49,0
10891,0,1,3,4,4,True,239,5,153,1433,14.33,0
10892,0,1,3,4,16,True,238,5,6,1286,12.86,0
10893,0,1,3,4,34,True,50,14,153,3737,37.37,0
10894,0,1,3,4,33,False,203,0,218,218,2.18,0
10895,0,1,3,4,16,False,3,7,68,1860,18.6,0
10896,0,1,3,4,3,True,5,4,227,1251,12.51,0
10897,0,1,3,4,4,True,4,6,62,1598,15.98,0
10898,0,1,3,4,5,True,7,1,51,307,3.07,0
10899,0,1,3,4,16,True,3,7,47,1839,18.39,0
10900,0,1,3,4,34,True,104,11,243,3059,30.59,0
10901,0,1,3,4,33,False,46,12,66,3138,31.38,0
10902,0,1,3,4,15,False,207,4,187,1211,12.11,0
10903,0,1,3,4,16,False,205,5,223,1503,15.03,0
10904,0,1,3,4,17,False,204,5,33,1313,13.13,0
10905,0,1,3,4,3,True,205,5,200,1480,14.8,0
10906,0,1,3,4,4,True,205,3,237,1005,10.05,0
10907,0,1,3,4,16,True,204,5,12,1292,12.92,0
10908,0,1,3,4,34,True,46,12,44,3116,31.16,0
10909,0,1,3,4,33,False,47,15,100,3940,39.4,0
10910,0,1,3,4,16,False,246,4,129,1153,11.53,0
10911,0,1,3,4,17,False,246,5,250,1530,15.3,0
10912,0,1,3,4,3,True,247,2,188,700,7.0,0
10913,0,1,3,4,4,True,246,4,106,1130,11.3,0
10914,0,1,3,4,16,True,246,5,229,1509,15.09,0
10915,0,1,3,4,34,True,47,15,76,3916,39.16,0
10916,0,1,3,4,33,False,251,1,151,407,4.07,0
10917,0,1,3,1,59,True,0,0,0,0,0.0,0
10918,0,1,3,1,23,True,0,0,0,0,0.0,0
10919,0,1,3,4,16,False,221,5,226,1506,15.06,0
10920,0,1,3,4,3,True,222,3,206,974,9.74,0
10921,0,1,3,4,4,True,221,5,204,1484,14.84,0
10922,0,1,3,4,16,True,223,4,69,1093,10.93,0
10923,0,1,3,4,34,True,251,1,128,384,3.84,0
10924,0,1,3,4,33,False,85,8,5,2053,20.53,0
10925,0,1,3,1,21,False,0,0,0,0,0.0,0
10926,0,1,3,0,0,False,0,0,0,0,0.0,0
10927,0,1,3,5,5,False,48,0,0,0,0.0,17432576
10928,0,-1,-1,-1,-1,True,-1,-1,-1,-1,-1.0,-1
10929,0,-1,-1,-1,-1,True,-1,-1,-1,-1,-1.0,-1
10930,0,-1,-1,-1,-1,True,-1,-1,-1,-1,-1.0,-1
10931,0,-1,-1,-1,-1,True,-1,-1,-1,-1,-1.0,-1
10932,0,1,3,4,4,True,47,4,143,1167,11.67,0
10933,0,1,3,4,5,True,48,2,182,694,6.94,0
10934,0,1,3,4,16,True,46,5,27,1307,13.07,0
10935,0,1,3,4,34,True,86,0,184,184,1.84,0
10936,0,1,3,4,33,False,59,0,204,204,2.04,0
10937,0,1,3,4,15,False,23,3,203,971,9.71,0
10938,0,1,3,4,16,False,19,7,44,1836,18.36,0
10939,0,1,3,4,17,False,19,6,5,1541,15.41,0
10940,0,1,3,4,3,True,20,3,237,1005,10.05,0
10941,0,1,3,4,4,True,19,7,21,1813,18.13,0
10942,0,1,3,4,16,True,19,5,241,1521,15.21,0
10943,0,1,3,4,34,True,59,0,180,180,1.8,0
10944,0,1,3,4,33,False,250,1,132,388,3.88,0
10945,0,1,3,4,15,False,222,3,106,874,8.74,0
10946,0,1,3,4,16,False,219,5,109,1389,13.89,0
10947,0,1,3,4,17,False,219,3,179,947,9.47,0
10948,0,1,3,4,3,True,220,3,245,1013,10.13,0
10949,0,1,3,4,4,True,219,5,86,1366,13.66,0
10950,0,1,3,4,16,True,219,3,158,926,9.26,0
10951,0,1,3,4,34,True,250,1,108,364,3.64,0
10952,0,1,3,4,33,False,204,6,167,1703,17.03,0
10953,0,1,3,4,17,False,197,5,251,1531,15.31,0
10954,0,1,3,4,3,True,197,5,211,1491,14.91,0
10955,0,1,3,4,4,True,196,6,145,1681,16.81,0
10956,0,1,3,4,16,True,197,5,231,1511,15.11,0
10957,0,1,3,4,34,True,185,4,172,1196,11.96,0
10958,0,1,3,4,33,False,129,15,78,3918,39.18,0
10959,0,1,3,4,16,False,6,6,0,1536,15.36,167772160
10960,0,-1,-1,-1,-1,True,-1,-1,-1,-1,-1.0,-1
10961,0,-1,-1,-1,-1,True,-1,-1,-1,-1,-1.0,-1
10962,0,-1,-1,-1,-1,True,-1,-1,-1,-1,-1.0,-1
10963,0,-1,-1,-1,-1,True,-1,-1,-1,-1,-1.0,-1
10964,0,1,3,4,3,True,242,3,229,997,9.97,0
10965,0,1,3,4,4,True,239,6,192,1728,17.28,0
10966,0,1,3,4,16,True,239,3,148,916,9.16,0
10967,0,1,3,4,34,True,73,12,206,3278,32.78,0
10968,0,1,3,2,9,False,12,0,0,0,0.0,0
10969,0,1,3,6,4,False,15,8,0,2048,20.48,1239
10970,0,1,3,0,0,False,0,0,0,0,0.0,0
10971,0,1,3,1,6,False,0,0,0,0,0.0,0
10972,0,1,3,0,0,False,0,0,0,0,0.0,0
10973,0,1,3,4,17,False,115,3,26,794,7.94,0
10974,0,1,3,4,3,True,115,2,42,554,5.54,0
10975,0,1,3,4,4,True,113,6,210,1746,17.46,0
10976,0,1,3,4,16,True,115,3,5,773,7.73,0
10977,0,1,3,4,34,True,215,11,231,3047,30.47,0
10978,0,1,3,4,33,False,76,2,41,553,5.53,0
10979,0,1,3,4,3,True,55,3,49,817,8.17,0
10980,0,1,3,4,16,False,53,5,119,1399,13.99,0
10981,0,1,3,4,17,False,53,5,247,1527,15.27,0
10982,0,1,3,4,4,True,53,5,97,1377,13.77,0
10983,0,1,3,4,16,True,53,5,225,1505,15.05,0
10984,0,1,3,4,32,True,56,1,86,342,3.42,0
10985,0,1,3,4,34,True,76,2,18,530,5.3,0
10986,0,1,3,4,33,False,88,13,95,3423,34.23,0
10987,0,1,3,4,16,False,4,2,242,754,7.54,0
10988,0,1,3,4,33,False,188,14,163,3747,37.47,0
10989,0,1,3,4,16,False,121,6,60,1596,15.96,0
10990,0,1,3,4,3,True,122,4,88,1112,11.12,0
10991,0,1,3,4,4,True,121,6,36,1572,15.72,0
10992,0,1,3,4,34,True,188,14,140,3724,37.24,0
10993,0,1,3,4,33,False,185,0,117,117,1.17,0
10994,0,1,3,4,17,False,142,4,160,1184,11.84,0
10995,0,1,3,4,16,False,141,6,99,1635,16.35,0
10996,0,1,3,4,3,True,141,6,72,1608,16.08,0
10997,0,1,3,4,4,True,141,6,9,1545,15.45,0
10998,0,1,3,4,16,True,142,4,138,1162,11.62,0
10999,0,1,3,4,34,True,185,0,93,93,0.93,0
11000,0,1,3,4,33,False,41,15,40,3880,38.8,0
11001,0,1,3,4,15,False,240,2,121,633,6.33,0
11002,0,1,3,4,16,False,152,5,61,1341,13.41,0
11003,0,1,3,4,17,False,152,5,152,1432,14.32,0
11004,0,1,3,4,3,True,154,2,36,548,5.48,0
11005,0,1,3,4,4,True,152,5,37,1317,13.17,0
11006,0,1,3,4,16,True,152,5,131,1411,14.11,0
11007,0,1,3,4,34,True,237,13,60,3388,33.88,0
11008,0,1,3,4,33,False,29,13,56,3384,33.84,0
11009,0,1,3,4,15,False,203,2,2,514,5.14,0
11010,0,1,3,4,16,False,188,4,141,1165,11.65,0
11011,0,1,3,4,17,False,187,4,85,1109,11.09,0
11012,0,1,3,4,3,True,188,3,207,975,9.75,0
11013,0,1,3,4,4,True,188,4,119,1143,11.43,0
11014,0,1,3,4,16,True,193,5,244,1524,15.24,0
11015,0,1,3,4,3,True,195,3,115,883,8.83,0
11016,0,1,3,4,4,True,194,4,160,1184,11.84,0
11017,0,1,3,4,5,True,195,1,112,368,3.68,0
11018,0,1,3,4,16,True,193,5,223,1503,15.03,0
11019,0,1,3,4,34,True,45,11,110,2926,29.26,0
11020,0,1,3,4,33,False,238,3,225,993,9.93,0
11021,0,1,3,4,17,False,237,6,173,1709,17.09,0
11022,0,1,3,4,16,False,236,7,224,2016,20.16,0
11023,0,1,3,4,3,True,238,5,144,1424,14.24,0
11024,0,1,3,4,4,True,236,7,202,1994,19.94,0
11025,0,1,3,4,16,True,237,6,151,1687,16.87,0
11026,0,1,3,4,34,True,238,3,202,970,9.7,0
11027,0,1,3,4,33,False,185,14,103,3687,36.87,0
11028,0,1,3,4,15,False,120,3,241,1009,10.09,0
11029,0,1,3,4,16,False,114,4,41,1065,10.65,0
11030,0,1,3,4,17,False,115,4,53,1077,10.77,0
11031,0,1,3,4,3,True,117,4,26,1050,10.5,0
11032,0,1,3,4,4,True,114,4,22,1046,10.46,0
11033,0,1,3,4,16,True,116,4,21,1045,10.45,0
11034,0,1,3,4,34,True,185,14,81,3665,36.65,0
11035,0,1,3,4,33,False,168,14,99,3683,36.83,0
11036,0,1,3,4,16,False,241,0,0,0,0.0,17432576
11037,0,98,0,0,0,False,0,0,10,10,0.1,0
11038,0,-1,-1,-1,-1,True,-1,-1,-1,-1,-1.0,-1
11039,0,-1,-1,-1,-1,True,-1,-1,-1,-1,-1.0,-1
11040,0,1,3,4,34,True,30,13,186,3514,35.14,0
11041,0,1,3,4,33,False,55,5,137,1417,14.17,0
11042,0,1,3,4,16,False,127,6,83,1619,16.19,0
11043,0,1,3,4,17,False,128,2,249,761,7.61,0
11044,0,1,3,4,3,True,127,5,169,1449,14.49,0
11045,0,1,3,4,4,True,127,6,60,1596,15.96,0
11046,0,1,3,4,16,True,128,2,228,740,7.4,0
11047,0,1,3,4,34,True,55,5,115,1395,13.95,0
11048,0,1,3,4,33,False,251,13,122,3450,34.5,0
11049,0,1,3,4,16,False,169,3,209,977,9.77,0
11050,0,1,3,4,17,False,168,6,52,1588,15.88,0
11051,0,1,3,4,3,True,172,1,77,333,3.33,0
11052,0,1,3,4,4,True,169,3,188,956,9.56,0
11053,0,1,3,4,16,True,168,6,31,1567,15.67,0
11054,0,1,3,4,34,True,251,13,99,3427,34.27,0
11055,0,1,3,4,33,False,177,9,174,2478,24.78,0
11056,0,1,3,4,16,False,46,0,0,0,0.0,17432576
11057,0,113,0,0,0,False,0,0,10,10,0.1,3020889089
11058,0,-1,-1,-1,-1,True,-1,-1,-1,-1,-1.0,-1
11059,0,-1,-1,-1,-1,True,-1,-1,-1,-1,-1.0,-1
11060,0,-1,-1,-1,-1,True,-1,-1,-1,-1,-1.0,-1
11061,0,-1,-1,-1,-1,True,-1,-1,-1,-1,-1.0,-1
11062,0,1,3,4,16,False,177,4,152,1176,11.76,0
11063,0,1,3,4,17,False,176,3,129,897,8.97,0
11064,0,1,3,4,3,True,177,4,187,1211,12.11,0
11065,0,1,3,4,4,True,177,3,72,840,8.4,0
11066,0,1,3,4,16,True,176,3,107,875,8.75,0
11067,0,1,3,4,32,True,180,0,185,185,1.85,0
11068,0,1,3,4,34,True,29,11,89,2905,29.05,0
11069,0,1,3,4,33,False,71,14,193,3777,37.77,0
11070,0,1,3,4,16,False,5,4,132,1156,11.56,0
11071,0,1,3,4,17,False,5,5,129,1409,14.09,0
11072,0,1,3,4,3,True,7,3,49,817,8.17,0
11073,0,1,3,4,4,True,5,4,110,1134,11.34,0
11074,0,1,3,4,16,True,5,5,108,1388,13.88,0
11075,0,1,3,4,34,True,71,14,171,3755,37.55,0
11076,0,1,3,4,33,False,146,2,73,585,5.85,0
11077,0,1,3,4,16,False,126,4,15,1039,10.39,0
11078,0,1,3,4,17,False,127,4,93,1117,11.17,0
11079,0,1,3,4,4,True,126,3,248,1016,10.16,0
11080,0,1,3,4,16,True,127,4,71,1095,10.95,0
11081,0,1,3,4,34,True,146,2,51,563,5.63,0
11082,0,1,3,4,33,False,89,14,172,3756,37.56,0
11083,0,1,3,4,15,False,29,2,219,731,7.31,0
11084,0,1,3,4,16,False,23,3,246,1014,10.14,0
11085,0,1,3,4,17,False,22,4,235,1259,12.59,0
11086,0,1,3,4,3,True,24,3,128,896,8.96,0
11087,0,1,3,4,4,True,23,3,224,992,9.92,0
11088,0,1,3,4,16,True,22,4,213,1237,12.37,0
11089,0,1,3,4,34,True,89,14,149,3733,37.33,0
11090,0,1,3,4,33,False,251,14,220,3804,38.04,0
11091,0,1,3,1,59,True,0,0,0,0,0.0,0
11092,0,1,3,6,28,True,84,4,208,1232,12.32,0
11093,0,-1,-1,-1,-1,True,-1,-1,-1,-1,-1.0,-1
11094,0,-1,-1,-1,-1,True,-1,-1,-1,-1,-1.0,-1
11095,0,1,3,4,3,True,85,2,167,679,6.79,0
11096,0,1,3,4,4,True,84,4,188,1212,12.12,0
11097,0,1,3,4,16,True,84,4,147,1171,11.71,0
11098,0,1,3,4,34,True,154,14,84,3668,36.68,0
11099,0,1,3,4,33,False,66,7,166,1958,19.58,0
11100,0,1,3,4,16,False,165,5,200,1480,14.8,0
11101,0,1,3,4,17,False,165,5,84,1364,13.64,0
11102,0,1,3,4,3,True,166,4,34,1058,10.58,0
11103,0,1,3,4,4,True,165,5,178,1458,14.58,0
11104,0,1,3,4,16,True,165,5,63,1343,13.43,0
11105,0,1,3,4,34,True,66,7,145,1937,19.37,0
11106,0,1,3,4,33,False,35,4,118,1142,11.42,0
11107,0,1,3,4,17,False,3,14,0,3584,35.84,167772160
11108,0,-1,-1,-1,-1,True,-1,-1,-1,-1,-1.0,-1
11109,0,-1,-1,-1,-1,True,-1,-1,-1,-1,-1.0,-1
11110,0,-1,-1,-1,-1,True,-1,-1,-1,-1,-1.0,-1
11111,0,1,3,4,3,True,103,2,65,577,5.77,0
11112,0,1,3,4,4,True,101,3,232,1000,10.0,0
11113,0,1,3,4,16,True,100,4,159,1183,11.83,0
11114,0,1,3,4,34,True,138,0,207,207,2.07,0
11115,0,1,3,4,33,False,74,11,123,2939,29.39,0
11116,0,1,3,4,16,False,222,4,117,1141,11.41,0
11117,0,1,3,4,17,False,222,5,158,1438,14.38,0
11118,0,1,3,4,3,True,223,3,184,952,9.52,0
11119,0,1,3,4,4,True,222,4,94,1118,11.18,0
11120,0,1,3,4,16,True,222,5,137,1417,14.17,0
11121,0,1,3,4,34,True,74,11,99,2915,29.15,0
11122,0,1,3,4,33,False,204,11,210,3026,30.26,0
11123,0,1,3,4,16,False,100,4,236,1260,12.6,0
11124,0,1,3,4,17,False,101,5,83,1363,13.63,0
11125,0,1,3,4,3,True,102,3,225,993,9.93,0
11126,0,1,3,4,4,True,100,4,214,1238,12.38,0
11127,0,1,3,4,16,True,101,5,61,1341,13.41,0
11128,0,1,3,4,34,True,204,11,187,3003,30.03,0
11129,0,1,3,4,33,False,62,9,255,2559,25.59,0
11130,0,1,3,1,62,False,0,0,0,0,0.0,0
11131,0,-1,-1,-1,-1,True,-1,-1,-1,-1,-1.0,-1
11132,0,-1,-1,-1,-1,True,-1,-1,-1,-1,-1.0,-1
11133,0,1,3,4,17,False,197,4,56,1080,10.8,0
11134,0,1,3,4,3,True,199,4,91,1115,11.15,0
11135,0,1,3,4,4,True,197,3,30,798,7.98,0
11136,0,1,3,4,16,True,197,4,36,1060,10.6,0
11137,0,1,3,4,34,True,185,4,198,1222,12.22,0
11138,0,1,3,4,33,False,193,2,62,574,5.74,0
11139,0,1,3,4,17,False,172,5,32,1312,13.12,0
11140,0,1,3,4,16,False,172,6,40,1576,15.76,0
11141,0,1,3,4,3,True,173,4,82,1106,11.06,0
11142,0,1,3,4,4,True,172,6,17,1553,15.53,0
11143,0,1,3,4,16,True,171,5,12,1292,12.92,0
11144,0,1,3,4,34,True,193,2,40,552,5.52,0
11145,0,1,3,4,33,False,200,3,178,946,9.46,0
11146,0,1,3,4,15,False,202,2,213,725,7.25,0
11147,0,1,3,4,16,False,21,4,51,1075,10.75,0
11148,0,1,3,4,17,False,21,6,136,1672,16.72,0
11149,0,1,3,4,3,True,22,5,215,1495,14.95,0
11150,0,1,3,4,4,True,21,3,169,937,9.37,0
11151,0,1,3,4,16,True,21,6,114,1650,16.5,0
11152,0,1,3,4,34,True,164,8,158,2206,22.06,0
11153,0,1,3,4,33,False,167,2,126,638,6.38,0
11154,0,1,3,4,16,False,149,6,44,1580,15.8,0
11155,0,1,3,4,17,False,149,5,244,1524,15.24,0
11156,0,1,3,4,3,True,150,4,94,1118,11.18,0
11157,0,1,3,4,4,True,149,6,23,1559,15.59,0
11158,0,1,3,4,16,True,149,5,223,1503,15.03,0
11159,0,1,3,4,34,True,167,2,103,615,6.15,0
11160,0,1,3,4,33,False,3,10,151,2711,27.11,0
11161,0,1,3,4,17,False,139,5,69,1349,13.49,0
11162,0,1,3,4,16,False,140,6,85,1621,16.21,0
11163,0,1,3,4,3,True,140,3,248,1016,10.16,0
11164,0,1,3,4,4,True,140,6,63,1599,15.99,0
11165,0,1,3,4,16,True,139,5,49,1329,13.29,0
11166,0,1,3,4,34,True,3,10,127,2687,26.87,0
11167,0,1,3,4,33,False,10,15,135,3975,39.75,0
11168,0,1,3,4,15,False,213,3,193,961,9.61,0
11169,0,1,3,4,16,False,210,6,66,1602,16.02,0
11170,0,1,3,4,17,False,210,6,219,1755,17.55,0
11171,0,1,3,4,3,True,211,3,216,984,9.84,0
11172,0,1,3,4,4,True,210,6,43,1579,15.79,0
11173,0,1,3,4,16,True,210,6,197,1733,17.33,0
11174,0,1,3,4,34,True,10,15,113,3953,39.53,0
11175,0,1,3,4,33,False,217,4,33,1057,10.57,0
11176,0,1,3,4,16,False,220,5,60,1340,13.4,0
11177,0,1,3,4,17,False,166,3,33,801,8.01,0
11178,0,1,3,4,3,True,168,2,168,680,6.8,0
11179,0,1,3,4,4,True,167,5,38,1318,13.18,0
11180,0,1,3,4,16,True,166,3,13,781,7.81,0
11181,0,1,3,4,34,True,183,2,136,648,6.48,0
11182,0,1,3,4,33,False,107,14,124,3708,37.08,0
11183,0,1,3,4,17,False,37,4,204,1228,12.28,0
11184,0,1,3,4,4,True,39,0,211,211,2.11,0
11185,0,1,3,4,5,True,41,0,95,95,0.95,0
11186,0,1,3,4,16,True,37,4,183,1207,12.07,0
11187,0,1,3,4,34,True,107,14,102,3686,36.86,0
11188,0,1,3,4,28,False,183,13,138,3466,34.66,0
11189,0,1,3,4,16,False,101,5,151,1431,14.31,0
11190,0,1,3,4,17,False,102,4,179,1203,12.03,0
11191,0,1,3,4,3,True,102,5,108,1388,13.88,0
11192,0,1,3,4,4,True,101,5,80,1360,13.6,0
11193,0,1,3,4,16,True,102,4,159,1183,11.83,0
11194,0,1,3,4,34,True,183,13,115,3443,34.43,0
11195,0,1,3,4,33,False,105,2,13,525,5.25,0
11196,0,1,3,4,16,False,82,5,4,1284,12.84,166
11197,0,-1,-1,-1,-1,True,-1,-1,-1,-1,-1.0,-1
11198,0,1,3,4,17,False,117,4,200,1224,12.24,0
11199,0,1,3,4,3,True,118,3,55,823,8.23,0
11200,0,1,3,4,4,True,117,4,145,1169,11.69,0
11201,0,1,3,4,16,True,117,4,178,1202,12.02,0
11202,0,1,3,4,34,True,131,2,195,707,7.07,0
11203,0,1,3,4,33,False,121,15,215,4055,40.55,0
11204,0,1,3,4,15,False,74,3,167,935,9.35,0
11205,0,1,3,4,16,False,69,3,155,923,9.23,0
11206,0,1,3,4,3,True,71,3,205,973,9.73,0
11207,0,1,3,4,4,True,69,3,64,832,8.32,0
11208,0,1,3,4,34,True,121,15,191,4031,40.31,0
11209,0,1,3,4,33,False,49,12,120,3192,31.92,0
11210,0,1,3,4,16,False,211,2,220,732,7.32,0
11211,0,1,3,4,17,False,209,6,70,1606,16.06,0
11212,0,1,3,4,3,True,215,0,110,110,1.1,0
11213,0,1,3,4,4,True,211,2,198,710,7.1,0
11214,0,1,3,4,16,True,209,6,48,1584,15.84,0
11215,0,1,3,4,34,True,49,12,97,3169,31.69,0
11216,0,1,3,4,33,False,203,4,237,1261,12.61,0
11217,0,1,3,4,17,False,184,6,139,1675,16.75,0
11218,0,1,3,4,3,True,187,3,167,935,9.35,0
11219,0,1,3,4,4,True,185,4,230,1254,12.54,0
11220,0,1,3,4,16,True,184,6,119,1655,16.55,0
11221,0,1,3,4,34,True,160,5,186,1466,14.66,0
11222,0,1,3,4,33,False,74,3,66,834,8.34,0
11223,0,1,3,4,16,False,66,5,82,1362,13.62,0
11224,0,1,3,4,17,False,184,5,238,1518,15.18,0
11225,0,1,3,4,3,True,68,1,178,434,4.34,0
11226,0,1,3,4,4,True,66,5,60,1340,13.4,0
11227,0,1,3,4,16,True,65,5,217,1497,14.97,0
11228,0,1,3,4,34,True,74,3,44,812,8.12,0
11229,0,1,3,4,33,False,39,6,120,1656,16.56,0
11230,0,1,3,4,16,False,72,4,93,1117,11.17,0
11231,0,1,3,4,17,False,71,5,200,1480,14.8,0
11232,0,1,3,4,3,True,73,4,19,1043,10.43,0
11233,0,1,3,4,4,True,71,4,71,1095,10.95,0
11234,0,1,3,4,16,True,71,5,180,1460,14.6,0
11235,0,1,3,4,34,True,39,6,97,1633,16.33,0
11236,0,1,3,4,33,False,205,2,157,669,6.69,0
11237,0,1,3,4,16,False,189,4,235,1259,12.59,0
11238,0,1,3,4,17,False,189,5,191,1471,14.71,0
11239,0,1,3,4,3,True,190,4,199,1223,12.23,0
11240,0,1,3,4,4,True,189,3,145,913,9.13,0
11241,0,1,3,4,16,True,188,5,170,1450,14.5,0
11242,0,1,3,4,34,True,205,2,135,647,6.47,0
11243,0,1,3,4,33,False,238,13,223,3551,35.51,0
11244,0,1,3,4,15,False,163,4,152,1176,11.76,0
11245,0,1,3,4,16,False,160,6,173,1709,17.09,0
11246,0,1,3,4,17,False,160,6,23,1559,15.59,0
11247,0,1,3,4,3,True,160,5,72,1352,13.52,0
11248,0,1,3,4,4,True,189,6,138,1674,16.74,0
11249,0,1,3,4,16,True,160,6,2,1538,15.38,0
11250,0,1,3,4,34,True,238,13,201,3529,35.29,0
11251,0,1,3,4,33,False,15,1,164,420,4.2,0
11252,0,1,3,4,16,False,242,4,244,1268,12.68,0
11253,0,1,3,4,17,False,242,5,91,1371,13.71,0
11254,0,1,3,4,3,True,243,4,202,1226,12.26,0
11255,0,1,3,4,4,True,242,4,128,1152,11.52,0
11256,0,1,3,4,5,True,245,1,240,496,4.96,0
11257,0,1,3,4,16,True,242,5,70,1350,13.5,0
11258,0,1,3,4,32,True,245,1,186,442,4.42,0
11259,0,1,3,4,34,True,15,1,142,398,3.98,0
11260,0,1,3,4,33,False,227,2,155,667,6.67,0
11261,0,1,3,4,16,False,182,5,166,1446,14.46,0
11262,0,1,3,4,17,False,183,3,252,1020,10.2,0
11263,0,1,3,4,3,True,186,0,212,212,2.12,0
11264,0,1,3,4,4,True,182,5,144,1424,14.24,0
11265,0,1,3,4,16,True,183,3,231,999,9.99,0
11266,0,1,3,4,34,True,75,8,48,2096,20.96,0
11267,0,1,3,4,33,False,56,13,204,3532,35.32,0
11268,0,1,3,4,15,False,236,5,246,1526,15.26,0
11269,0,1,3,4,16,False,234,6,40,1576,15.76,0
11270,0,1,3,4,17,False,233,6,218,1754,17.54,0
11271,0,1,3,4,3,True,235,5,253,1533,15.33,0
11272,0,1,3,4,4,True,234,6,18,1554,15.54,0
11273,0,1,3,4,16,True,233,6,197,1733,17.33,0
11274,0,1,3,4,32,True,236,2,99,611,6.11,0
11275,0,1,3,4,34,True,56,13,182,3510,35.1,0
11276,0,1,3,4,33,False,49,13,237,3565,35.65,0
11277,0,1,3,4,16,False,229,4,206,1230,12.3,0
11278,0,1,3,4,17,False,229,5,100,1380,13.8,0
11279,0,1,3,4,3,True,230,3,194,962,9.62,0
11280,0,1,3,4,4,True,229,4,183,1207,12.07,0
11281,0,1,3,4,16,True,229,5,80,1360,13.6,0
11282,0,1,3,4,34,True,49,13,215,3543,35.43,0
11283,0,1,3,4,33,False,228,3,56,824,8.24,0
11284,0,1,3,4,15,False,226,1,245,501,5.01,0
11285,0,1,3,4,16,False,220,4,227,1251,12.51,0
11286,0,1,3,4,17,False,219,6,6,1542,15.42,0
11287,0,1,3,4,3,True,221,4,182,1206,12.06,0
11288,0,1,3,4,4,True,220,4,158,1182,11.82,0
11289,0,1,3,4,16,True,219,5,241,1521,15.21,0
11290,0,1,3,4,32,True,222,1,31,287,2.87,0
11291,0,1,3,4,34,True,228,3,33,801,8.01,0
11292,0,1,3,4,33,False,202,5,255,1535,15.35,0
11293,0,1,3,4,15,False,232,4,46,1070,10.7,0
11294,0,1,3,4,16,False,228,5,244,1524,15.24,0
11295,0,1,3,4,17,False,228,5,96,1376,13.76,0
11296,0,1,3,4,3,True,229,4,164,1188,11.88,0
11297,0,1,3,4,4,True,228,5,221,1501,15.01,0
11298,0,1,3,4,16,True,228,5,76,1356,13.56,0
11299,0,1,3,4,34,True,202,5,232,1512,15.12,0
11300,0,1,3,4,33,False,102,1,39,295,2.95,0
11301,0,1,3,4,16,False,67,3,251,1019,10.19,0
11302,0,1,3,4,17,False,66,10,3,2563,25.63,91
11303,0,-1,-1,-1,-1,True,-1,-1,-1,-1,-1.0,-1
11304,0,1,3,4,17,False,186,4,201,1225,12.25,0
11305,0,1,3,4,3,True,188,3,40,808,8.08,0
11306,0,1,3,4,4,True,186,2,140,652,6.52,0
11307,0,1,3,4,16,True,186,4,181,1205,12.05,0
11308,0,1,3,4,34,True,4,14,10,3594,35.94,0
11309,0,1,3,4,33,False,223,7,113,1905,19.05,0
11310,0,1,3,4,16,False,63,4,191,1215,12.15,0
11311,0,1,3,4,17,False,63,5,81,1361,13.61,0
11312,0,1,3,4,3,True,65,3,243,1011,10.11,0
11313,0,1,3,4,4,True,63,4,169,1193,11.93,0
11314,0,1,3,4,16,True,63,5,60,1340,13.4,0
11315,0,1,3,4,34,True,223,7,90,1882,18.82,0
11316,0,1,3,4,33,False,241,7,229,2021,20.21,0
11317,0,1,3,4,16,False,86,5,81,1361,13.61,0
11318,0,1,3,4,17,False,87,2,164,676,6.76,0
11319,0,1,3,4,3,True,88,4,85,1109,11.09,0
11320,0,1,3,4,4,True,86,5,59,1339,13.39,0
11321,0,1,3,4,16,True,87,2,143,655,6.55,0
11322,0,1,3,4,34,True,241,7,205,1997,19.97,0
11323,0,1,3,4,33,False,159,1,124,380,3.8,0
11324,0,1,3,4,15,False,133,1,221,477,4.77,0
11325,0,1,3,4,16,False,128,4,135,1159,11.59,0
11326,0,1,3,4,17,False,127,5,239,1519,15.19,0
11327,0,1,3,4,3,True,130,2,206,718,7.18,0
11328,0,1,3,4,4,True,128,4,113,1137,11.37,0
11329,0,1,3,4,16,True,127,5,219,1499,14.99,0
11330,0,1,3,4,34,True,159,1,102,358,3.58,0
11331,0,1,3,4,28,False,135,10,106,2666,26.66,0
11332,0,1,3,4,16,False,16,2,117,629,6.29,0
11333,0,1,3,4,17,False,13,5,161,1441,14.41,0
11334,0,1,3,4,4,True,16,2,95,607,6.07,0
11335,0,1,3,4,16,True,13,5,140,1420,14.2,0
11336,0,1,3,4,34,True,135,10,83,2643,26.43,0
11337,0,1,3,4,33,False,174,14,122,3706,37.06,0
11338,0,1,3,4,15,False,110,1,205,461,4.61,0
11339,0,1,3,4,16,False,104,7,72,1864,18.64,0
11340,0,1,3,4,17,False,104,5,38,1318,13.18,0
11341,0,1,3,4,3,True,106,2,234,746,7.46,0
11342,0,1,3,4,4,True,104,7,48,1840,18.4,0
11343,0,1,3,4,16,True,104,5,16,1296,12.96,0
11344,0,1,3,4,34,True,174,14,99,3683,36.83,0
11345,0,1,3,4,33,False,17,5,101,1381,13.81,0
11346,0,1,3,4,16,False,87,5,64,1344,13.44,0
11347,0,1,3,4,17,False,87,5,160,1440,14.4,0
11348,0,1,3,4,3,True,89,3,194,962,9.62,0
11349,0,1,3,4,4,True,87,5,41,1321,13.21,0
11350,0,1,3,4,16,True,87,5,138,1418,14.18,0
11351,0,1,3,4,34,True,17,5,79,1359,13.59,0
11352,0,1,3,4,33,False,144,10,219,2779,27.79,0
11353,0,1,3,4,15,False,33,2,40,552,5.52,0
11354,0,1,3,4,16,False,28,6,63,1599,15.99,0
11355,0,1,3,4,17,False,29,4,121,1145,11.45,0
11356,0,1,3,4,3,True,30,4,205,1229,12.29,0
11357,0,1,3,4,4,True,28,6,41,1577,15.77,0
11358,0,1,3,4,16,True,29,4,101,1125,11.25,0
11359,0,1,3,4,34,True,144,10,196,2756,27.56,0
11360,0,1,3,4,33,False,6,4,87,1111,11.11,0
11361,0,1,3,4,16,False,10,1,28,284,2.84,1376115344
11362,0,-1,-1,-1,-1,True,-1,-1,-1,-1,-1.0,-1
11363,0,-1,-1,-1,-1,True,-1,-1,-1,-1,-1.0,-1
11364,0,-1,-1,-1,-1,True,-1,-1,-1,-1,-1.0,-1
11365,0,-1,-1,-1,-1,True,-1,-1,-1,-1,-1.0,-1
11366,0,1,3,4,34,True,222,3,133,901,9.01,0
11367,0,1,3,4,33,False,9,4,48,1072,10.72,0
11368,0,1,3,4,16,False,13,4,91,1115,11.15,0
11369,0,1,3,4,17,False,12,3,134,902,9.02,0
11370,0,1,3,4,3,True,14,2,225,737,7.37,0
11371,0,1,3,4,4,True,12,4,83,1107,11.07,0
11372,0,1,3,4,16,True,13,3,96,864,8.64,0
11373,0,1,3,4,34,True,9,4,25,1049,10.49,0
11374,0,1,3,4,33,False,194,3,209,977,9.77,0
11375,0,1,3,4,15,False,196,3,100,868,8.68,0
11376,0,1,3,4,16,False,192,5,222,1502,15.02,0
11377,0,1,3,4,17,False,193,5,170,1450,14.5,0
11378,0,1,3,4,3,True,193,4,248,1272,12.72,0
11379,0,1,3,4,4,True,192,5,203,1483,14.83,0
11380,0,1,3,4,16,True,193,5,149,1429,14.29,0
11381,0,1,3,4,34,True,194,3,185,953,9.53,0
11382,0,1,3,4,33,False,39,9,100,2404,24.04,0
11383,0,1,3,4,15,False,167,1,233,489,4.89,0
11384,0,1,3,4,16,False,160,4,225,1249,12.49,0
11385,0,1,3,4,17,False,159,6,134,1670,16.7,0
11386,0,1,3,4,3,True,162,3,171,939,9.39,0
11387,0,1,3,4,4,True,160,4,205,1229,12.29,0
11388,0,1,3,4,16,True,159,6,114,1650,16.5,0
11389,0,1,3,4,34,True,38,9,78,2382,23.82,0
11390,0,1,3,4,33,False,225,2,41,553,5.53,0
11391,0,1,3,4,16,False,203,6,26,1562,15.62,0
11392,0,1,3,4,17,False,203,4,213,1237,12.37,0
11393,0,1,3,4,3,True,204,5,238,1518,15.18,0
11394,0,1,3,4,4,True,203,5,28,1308,13.08,0
11395,0,1,3,4,16,True,203,4,193,1217,12.17,0
11396,0,1,3,4,34,True,225,2,18,530,5.3,0
11397,0,1,3,4,33,False,59,6,175,1711,17.11,0
11398,0,1,3,4,3,True,5,14,0,3584,35.84,167772160
11399,0,-1,-1,-1,-1,True,-1,-1,-1,-1,-1.0,-1
11400,0,-1,-1,-1,-1,True,-1,-1,-1,-1,-1.0,-1
11401,0,1,3,4,3,True,53,5,138,1418,14.18,0
11402,0,1,3,4,4,True,53,3,119,887,8.87,0
11403,0,1,3,4,16,True,52,5,163,1443,14.43,0
11404,0,1,3,4,34,True,89,0,233,233,2.33,0
11405,0,1,3,4,33,False,133,0,234,234,2.34,0
11406,0,1,3,1,5,True,0,0,0,0,0.0,0
11407,0,1,3,0,0,False,0,0,0,0,0.0,0
11408,0,1,3,2,4,False,16,0,0,0,0.0,0
11409,0,1,3,7,5,False,225,4,131,1155,11.55,11732320
11410,0,1,3,4,4,True,95,4,232,1256,12.56,0
11411,0,1,3,4,16,True,95,3,117,885,8.85,0
11412,0,1,3,4,34,True,133,0,212,212,2.12,0
11413,0,1,3,4,33,False,216,10,108,2668,26.68,0
11414,0,1,3,4,16,False,95,5,125,1405,14.05,0
11415,0,1,3,4,17,False,95,5,26,1306,13.06,0
11416,0,1,3,4,3,True,96,5,89,1369,13.69,0
11417,0,1,3,4,4,True,95,3,130,898,8.98,0
11418,0,1,3,4,16,True,95,5,5,1285,12.85,0
11419,0,1,3,4,34,True,216,10,85,2645,26.45,0
11420,0,1,3,4,33,False,81,12,173,3245,32.45,0
11421,0,1,3,4,16,False,244,5,236,1516,15.16,0
11422,0,1,3,4,17,False,243,6,222,1758,17.58,0
11423,0,1,3,4,3,True,245,4,83,1107,11.07,0
11424,0,1,3,4,4,True,244,5,214,1494,14.94,0
11425,0,1,3,4,16,True,243,6,202,1738,17.38,0
11426,0,1,3,4,34,True,81,12,149,3221,32.21,0
11427,0,1,3,4,33,False,79,2,114,626,6.26,0
11428,0,1,3,4,16,False,59,6,20,1556,15.56,0
11429,0,1,3,4,17,False,60,5,104,1384,13.84,0
11430,0,1,3,4,3,True,62,2,167,679,6.79,0
11431,0,1,3,4,4,True,59,5,254,1534,15.34,0
11432,0,1,3,4,16,True,60,5,84,1364,13.64,0
11433,0,1,3,4,32,True,62,1,204,460,4.6,0
11434,0,1,3,4,34,True,79,2,91,603,6.03,0
11435,0,1,3,4,33,False,2,2,9,521,5.21,0
11436,0,1,3,4,16,False,236,3,173,941,9.41,0
11437,0,1,3,4,17,False,234,14,5,3589,35.89,112
11438,0,-1,-1,-1,-1,True,-1,-1,-1,-1,-1.0,-1
11439,0,1,3,4,16,False,94,6,147,1683,16.83,0
11440,0,1,3,4,3,True,94,5,171,1451,14.51,0
11441,0,1,3,4,4,True,94,6,124,1660,16.6,0
11442,0,1,3,4,16,True,94,5,91,1371,13.71,0
11443,0,1,3,4,34,True,174,13,140,3468,34.68,0
11444,0,1,3,4,33,False,204,13,205,3533,35.33,0
11445,0,1,3,4,16,False,126,5,148,1428,14.28,0
11446,0,1,3,4,17,False,125,6,105,1641,16.41,0
11447,0,1,3,4,3,True,126,4,158,1182,11.82,0
11448,0,1,3,4,4,True,126,5,124,1404,14.04,0
11449,0,1,3,4,16,True,125,6,85,1621,16.21,0
11450,0,1,3,4,34,True,204,13,182,3510,35.1,0
11451,0,1,3,4,33,False,222,2,52,564,5.64,0
11452,0,1,3,4,17,False,200,5,144,1424,14.24,0
11453,0,1,3,4,16,False,201,6,124,1660,16.6,0
11454,0,1,3,4,3,True,201,6,88,1624,16.24,0
11455,0,1,3,4,4,True,201,5,108,1388,13.88,0
11456,0,1,3,4,5,True,203,0,139,139,1.39,0
11457,0,1,3,4,16,True,200,5,122,1402,14.02,0
11458,0,1,3,4,34,True,222,2,29,541,5.41,0
11459,0,1,3,4,33,False,200,15,153,3993,39.93,0
11460,0,1,3,1,8,True,0,0,0,0,0.0,0
11461,0,1,3,7,25,True,4,0,144,144,1.44,326918
11462,0,1,3,1,16,True,0,0,0,0,0.0,0
11463,0,1,3,5,4,True,4,4,144,1168,11.68,6
11464,0,1,3,7,4,False,144,0,5,5,0.05,10618032
11465,0,1,3,0,0,False,0,0,0,0,0.0,0
11466,0,1,3,7,1,True,4,1,162,418,4.18,298765
11467,0,1,3,0,0,False,0,0,0,0,0.0,0
11468,0,1,3,1,5,False,0,0,0,0,0.0,0
11469,0,1,3,7,4,False,17,0,5,5,0.05,8586467
11470,0,1,3,2,5,False,88,0,0,0,0.0,0
11471,0,1,3,4,4,True,81,5,105,1385,13.85,0
11472,0,1,3,4,16,True,80,5,206,1486,14.86,0
11473,0,1,3,4,34,True,162,13,121,3449,34.49,0
11474,0,1,3,4,33,False,215,13,190,3518,35.18,0
11475,0,1,3,4,17,False,136,12,0,3072,30.72,167772160
11476,0,-1,-1,-1,-1,True,-1,-1,-1,-1,-1.0,-1
11477,0,-1,-1,-1,-1,True,-1,-1,-1,-1,-1.0,-1
11478,0,-1,-1,-1,-1,True,-1,-1,-1,-1,-1.0,-1
11479,0,-1,-1,-1,-1,True,-1,-1,-1,-1,-1.0,-1
11480,0,1,3,4,32,True,101,1,43,299,2.99,0
11481,0,1,3,4,34,True,158,15,36,3876,38.76,0
11482,0,1,3,4,33,False,176,14,58,3642,36.42,0
11483,0,1,3,4,15,False,108,1,145,401,4.01,0
11484,0,1,3,4,16,False,103,5,27,1307,13.07,0
11485,0,1,3,4,17,False,103,5,15,1295,12.95,0
11486,0,1,3,4,3,True,104,3,32,800,8.0,0
11487,0,1,3,4,4,True,103,5,10,1290,12.9,0
11488,0,1,3,4,16,True,103,4,250,1274,12.74,0
11489,0,1,3,4,34,True,176,14,36,3620,36.2,0
11490,0,1,3,4,33,False,235,2,144,656,6.56,0
11491,0,1,3,4,16,False,218,4,162,1186,11.86,0
11492,0,1,3,4,17,False,218,5,64,1344,13.44,0
11493,0,1,3,4,3,True,219,4,61,1085,10.85,0
11494,0,1,3,4,4,True,218,4,140,1164,11.64,0
11495,0,1,3,4,16,True,218,5,43,1323,13.23,0
11496,0,1,3,4,32,True,222,0,190,190,1.9,0
11497,0,1,3,4,34,True,235,2,122,634,6.34,0
11498,0,1,3,4,33,False,33,3,101,869,8.69,0
11499,0,1,3,4,15,False,29,1,114,370,3.7,0
11500,0,1,3,4,16,False,26,5,120,1400,14.0,0
11501,0,1,3,4,17,False,27,4,144,1168,11.68,0
11502,0,1,3,4,3,True,27,4,241,1265,12.65,0
11503,0,1,3,4,4,True,26,5,98,1378,13.78,0
11504,0,1,3,4,16,True,27,4,124,1148,11.48,0
11505,0,1,3,4,32,True,30,0,120,120,1.2,0
11506,0,1,3,4,34,True,33,3,77,845,8.45,0
11507,0,1,3,4,33,False,104,4,28,1052,10.52,0
11508,0,1,3,4,16,False,106,5,152,1432,14.32,0
11509,0,1,3,4,17,False,106,5,222,1502,15.02,0
11510,0,1,3,4,3,True,108,4,169,1193,11.93,0
11511,0,1,3,4,4,True,106,5,130,1410,14.1,0
11512,0,1,3,4,16,True,106,5,200,1480,14.8,0
11513,0,1,3,4,34,True,104,4,6,1030,10.3,0
11514,0,1,3,4,33,False,217,4,101,1125,11.25,0
11515,0,1,3,4,16,False,224,4,104,1128,11.28,0
11516,0,1,3,4,17,False,225,3,235,1003,10.03,0
11517,0,1,3,4,3,True,224,4,77,1101,11.01,0
11518,0,1,3,4,4,True,224,3,230,998,9.98,0
11519,0,1,3,4,16,True,225,3,215,983,9.83,0
11520,0,1,3,4,34,True,217,4,77,1101,11.01,0
11521,0,1,3,4,33,False,224,0,85,85,0.85,0
11522,0,1,3,4,15,False,183,2,4,516,5.16,0
11523,0,1,3,4,16,False,178,7,78,1870,18.7,0
11524,0,1,3,4,17,False,179,4,146,1170,11.7,0
11525,0,1,3,4,3,True,179,4,109,1133,11.33,0
11526,0,1,3,4,4,True,178,7,56,1848,18.48,0
11527,0,1,3,4,16,True,179,4,126,1150,11.5,0
11528,0,1,3,4,34,True,224,0,62,62,0.62,0
11529,0,1,3,4,33,False,248,3,215,983,9.83,0
11530,0,1,3,1,56,True,0,0,0,0,0.0,0
11531,0,1,3,3,23,True,4,0,0,0,0.0,0
11532,0,1,3,7,6,False,45,4,131,1155,11.55,16122617
11533,0,1,3,4,4,True,247,6,22,1558,15.58,0
11534,0,1,3,4,16,True,247,5,108,1388,13.88,0
11535,0,1,3,4,34,True,248,3,192,960,9.6,0
11536,0,1,3,4,33,False,110,1,37,293,2.93,0
11537,0,1,3,4,17,False,5,12,0,3072,30.72,167772160
11538,0,-1,-1,-1,-1,True,-1,-1,-1,-1,-1.0,-1
11539,0,-1,-1,-1,-1,True,-1,-1,-1,-1,-1.0,-1
11540,0,-1,-1,-1,-1,True,-1,-1,-1,-1,-1.0,-1
11541,0,1,3,4,3,True,204,5,168,1448,14.48,0
11542,0,1,3,4,4,True,202,5,182,1462,14.62,0
11543,0,1,3,4,16,True,202,4,151,1175,11.75,0
11544,0,1,3,4,34,True,220,2,112,624,6.24,0
11545,0,1,3,4,33,False,198,15,98,3938,39.38,0
11546,0,1,3,4,15,False,144,4,218,1242,12.42,0
11547,0,1,3,4,16,False,140,5,68,1348,13.48,0
11548,0,1,3,4,17,False,140,4,173,1197,11.97,0
11549,0,1,3,4,3,True,141,5,2,1282,12.82,0
11550,0,1,3,4,4,True,140,5,45,1325,13.25,0
11551,0,1,3,4,16,True,140,4,153,1177,11.77,0
11552,0,1,3,4,34,True,198,15,75,3915,39.15,0
11553,0,1,3,4,33,False,158,10,40,2600,26.0,0
11554,0,1,3,4,16,False,34,3,209,977,9.77,0
11555,0,1,3,4,17,False,34,4,67,1091,10.91,0
11556,0,1,3,4,3,True,34,3,186,954,9.54,0
11557,0,1,3,4,4,True,35,2,51,563,5.63,0
11558,0,1,3,4,16,True,34,4,45,1069,10.69,0
11559,0,1,3,4,34,True,158,10,18,2578,25.78,0
11560,0,1,3,4,33,False,80,7,238,2030,20.3,0
11561,0,1,3,4,15,False,188,3,136,904,9.04,0
11562,0,1,3,4,16,False,183,5,30,1310,13.1,0
11563,0,1,3,4,17,False,183,5,41,1321,13.21,0
11564,0,1,3,4,3,True,184,4,240,1264,12.64,0
11565,0,1,3,4,4,True,183,4,183,1207,12.07,0
11566,0,1,3,4,5,True,184,1,168,424,4.24,0
11567,0,1,3,4,16,True,183,5,19,1299,12.99,0
11568,0,1,3,4,34,True,80,7,215,2007,20.07,0
11569,0,1,3,4,33,False,177,5,141,1421,14.21,0
11570,0,1,3,4,17,False,56,3,197,965,9.65,0
11571,0,1,3,4,3,True,56,2,250,762,7.62,0
11572,0,1,3,4,4,True,53,5,119,1399,13.99,0
11573,0,1,3,4,16,True,56,3,176,944,9.44,0
11574,0,1,3,4,34,True,110,15,112,3952,39.52,0
11575,0,1,3,4,33,False,43,1,109,365,3.65,0
11576,0,1,3,4,16,False,12,4,210,1234,12.34,0
11577,0,1,3,4,17,False,11,5,79,1359,13.59,0
11578,0,1,3,4,3,True,13,3,91,859,8.59,0
11579,0,1,3,4,4,True,12,4,187,1211,12.11,0
11580,0,1,3,4,16,True,11,5,58,1338,13.38,0
11581,0,1,3,4,34,True,43,1,87,343,3.43,0
11582,0,1,3,4,33,False,165,2,205,717,7.17,0
11583,0,1,3,4,16,False,151,5,122,1402,14.02,0
11584,0,1,3,4,3,True,222,3,135,903,9.03,0
11585,0,1,3,4,4,True,221,4,235,1259,12.59,0
11586,0,1,3,4,5,True,222,1,113,369,3.69,0
11587,0,1,3,4,16,True,220,5,100,1380,13.8,0
11588,0,1,3,4,34,True,3,0,204,204,2.04,0
11589,0,1,3,4,33,False,251,4,142,1166,11.66,0
11590,0,1,3,4,16,False,4,2,126,638,6.38,0
11591,0,1,3,4,17,False,4,3,4,772,7.72,0
11592,0,1,3,4,3,True,6,2,41,553,5.53,0
11593,0,1,3,4,4,True,4,2,104,616,6.16,0
11594,0,1,3,4,16,True,4,2,239,751,7.51,0
11595,0,1,3,4,34,True,250,4,120,1144,11.44,0
11596,0,1,3,4,16,False,131,0,245,245,2.45,0
11597,0,1,3,4,17,False,126,6,13,1549,15.49,0
11598,0,1,3,4,33,False,190,14,249,3833,38.33,0
11599,0,1,3,4,4,True,128,1,55,311,3.11,0
11600,0,1,3,4,5,True,128,0,254,254,2.54,0
11601,0,1,3,4,16,True,126,5,249,1529,15.29,0
11602,0,1,3,4,34,True,190,14,225,3809,38.09,0
11603,0,1,3,4,33,False,81,0,61,61,0.61,0
11604,0,1,3,4,15,False,35,5,55,1335,13.35,0
11605,0,1,3,4,16,False,34,5,214,1494,14.94,0
11606,0,1,3,4,17,False,5,1,0,256,2.56,167772160
11607,0,-1,-1,-1,-1,True,-1,-1,-1,-1,-1.0,-1
11608,0,-1,-1,-1,-1,True,-1,-1,-1,-1,-1.0,-1
11609,0,1,3,4,4,True,246,4,255,1279,12.79,0
11610,0,1,3,4,16,True,246,5,138,1418,14.18,0
11611,0,1,3,4,32,True,248,1,184,440,4.4,0
11612,0,1,3,4,34,True,13,2,8,520,5.2,0
11613,0,1,3,4,33,False,73,3,138,906,9.06,0
11614,0,1,3,4,16,False,68,4,156,1180,11.8,0
11615,0,1,3,4,17,False,68,5,88,1368,13.68,0
11616,0,1,3,4,3,True,69,4,118,1142,11.42,0
11617,0,1,3,4,4,True,68,4,95,1119,11.19,0
11618,0,1,3,4,16,True,68,5,67,1347,13.47,0
11619,0,1,3,4,34,True,73,3,116,884,8.84,0
11620,0,1,3,4,33,False,143,6,49,1585,15.85,0
11621,0,1,3,4,16,False,172,6,67,1603,16.03,0
11622,0,1,3,4,17,False,171,6,192,1728,17.28,0
11623,0,1,3,4,3,True,172,6,29,1565,15.65,0
11624,0,1,3,4,4,True,172,3,156,924,9.24,0
11625,0,1,3,4,16,True,171,6,170,1706,17.06,0
11626,0,1,3,4,34,True,143,6,26,1562,15.62,0
11627,0,1,3,4,33,False,146,3,177,945,9.45,0
11628,0,1,3,4,16,False,4,3,0,768,7.68,167772160
11629,0,-1,-1,-1,-1,True,-1,-1,-1,-1,-1.0,-1
11630,0,74,0,0,0,False,0,0,10,10,0.1,0
11631,0,-1,-1,-1,-1,True,-1,-1,-1,-1,-1.0,-1
11632,0,-1,-1,-1,-1,True,-1,-1,-1,-1,-1.0,-1
11633,0,-1,-1,-1,-1,True,-1,-1,-1,-1,-1.0,-1
11634,0,1,3,4,16,True,73,4,127,1151,11.51,0
11635,0,1,3,4,32,True,76,3,181,949,9.49,0
11636,0,1,3,4,34,True,128,15,157,3997,39.97,0
11637,0,1,3,4,33,False,82,0,49,49,0.49,0
11638,0,1,3,4,16,False,35,5,143,1423,14.23,0
11639,0,1,3,4,17,False,35,4,70,1094,10.94,0
11640,0,1,3,4,3,True,36,3,66,834,8.34,0
11641,0,1,3,4,4,True,35,5,120,1400,14.0,0
11642,0,1,3,4,5,True,37,1,29,285,2.85,0
11643,0,1,3,4,16,True,73,4,49,1073,10.73,0
11644,0,1,3,4,34,True,82,0,27,27,0.27,0
11645,0,1,3,4,33,False,194,2,183,695,6.95,0
11646,0,1,3,4,16,False,179,5,131,1411,14.11,0
11647,0,1,3,4,17,False,179,5,150,1430,14.3,0
11648,0,1,3,4,3,True,180,3,246,1014,10.14,0
11649,0,1,3,4,4,True,179,5,112,1392,13.92,0
11650,0,1,3,4,16,True,179,5,127,1407,14.07,0
11651,0,1,3,4,34,True,194,2,161,673,6.73,0
11652,0,1,3,4,33,False,135,7,26,1818,18.18,0
11653,0,1,3,4,16,False,227,10,1,2561,25.61,90116124
11654,0,-1,-1,-1,-1,True,-1,-1,-1,-1,-1.0,-1
11655,0,-1,-1,-1,-1,True,-1,-1,-1,-1,-1.0,-1
11656,0,-1,-1,-1,-1,True,-1,-1,-1,-1,-1.0,-1
11657,0,-1,-1,-1,-1,True,-1,-1,-1,-1,-1.0,-1
11658,0,1,3,4,3,True,96,4,96,1120,11.2,0
11659,0,1,3,4,4,True,95,5,220,1500,15.0,0
11660,0,1,3,4,5,True,98,1,65,321,3.21,0
11661,0,1,3,4,16,True,96,3,78,846,8.46,0
11662,0,1,3,4,34,True,138,10,1,2561,25.61,64818972
11663,0,-1,-1,-1,-1,True,-1,-1,-1,-1,-1.0,-1
11664,0,-1,-1,-1,-1,True,-1,-1,-1,-1,-1.0,-1
11665,0,-1,-1,-1,-1,True,-1,-1,-1,-1,-1.0,-1
11666,0,-1,-1,-1,-1,True,-1,-1,-1,-1,-1.0,-1
11667,0,1,3,4,16,False,219,5,140,1420,14.2,0
11668,0,1,3,4,17,False,220,5,214,1494,14.94,0
11669,0,1,3,4,3,True,219,4,102,1126,11.26,0
11670,0,1,3,4,4,True,219,5,118,1398,13.98,0
11671,0,1,3,4,16,True,220,5,191,1471,14.71,0
11672,0,1,3,4,34,True,77,10,239,2799,27.99,0
11673,0,1,3,4,33,False,124,11,186,3002,30.02,0
11674,0,1,3,4,17,False,19,5,9,1289,12.89,0
11675,0,1,3,4,4,True,21,1,189,445,4.45,0
11676,0,1,3,4,16,True,19,4,243,1267,12.67,0
11677,0,1,3,4,34,True,124,11,163,2979,29.79,0
11678,0,1,3,4,33,False,219,9,53,2357,23.57,0
11679,0,1,3,4,16,False,81,5,135,1415,14.15,0
11680,0,1,3,4,17,False,81,6,80,1616,16.16,0
11681,0,1,3,4,3,True,82,5,89,1369,13.69,0
11682,0,1,3,4,4,True,81,4,229,1253,12.53,0
11683,0,1,3,4,16,True,81,6,60,1596,15.96,0
11684,0,1,3,4,34,True,218,9,30,2334,23.34,0
11685,0,1,3,4,33,False,94,0,25,25,0.25,0
11686,0,1,3,4,16,False,45,4,32,1056,10.56,0
11687,0,1,3,4,17,False,45,3,212,980,9.8,0
11688,0,1,3,4,3,True,47,2,238,750,7.5,0
11689,0,1,3,4,4,True,45,4,10,1034,10.34,0
11690,0,1,3,4,16,True,45,3,191,959,9.59,0
11691,0,1,3,4,32,True,47,1,100,356,3.56,0
11692,0,1,3,4,34,True,94,0,3,3,0.03,0
11693,0,1,3,4,33,False,28,4,33,1057,10.57,0
11694,0,1,3,4,16,False,30,3,234,1002,10.02,0
11695,0,1,3,4,17,False,32,2,236,748,7.48,0
11696,0,1,3,4,3,True,32,3,179,947,9.47,0
11697,0,1,3,4,4,True,30,3,178,946,9.46,0
11698,0,1,3,4,16,True,32,2,215,727,7.27,0
11699,0,1,3,4,34,True,27,4,10,1034,10.34,0
11700,0,1,3,4,33,False,237,9,150,2454,24.54,0
11701,0,1,3,4,15,False,110,1,208,464,4.64,0
11702,0,1,3,4,16,False,5,9,0,2304,23.04,167772160
11703,0,-1,-1,-1,-1,True,-1,-1,-1,-1,-1.0,-1
11704,0,14,0,0,0,False,0,0,10,10,0.1,0
11705,0,-1,-1,-1,-1,True,-1,-1,-1,-1,-1.0,-1
11706,0,-1,-1,-1,-1,True,-1,-1,-1,-1,-1.0,-1
11707,0,-1,-1,-1,-1,True,-1,-1,-1,-1,-1.0,-1
11708,0,-1,-1,-1,-1,True,-1,-1,-1,-1,-1.0,-1
11709,0,1,3,4,4,True,192,5,85,1365,13.65,0
11710,0,1,3,4,16,True,191,5,249,1529,15.29,0
11711,0,1,3,4,34,True,57,10,87,2647,26.47,0
11712,0,1,3,4,33,False,97,7,149,1941,19.41,0
11713,0,1,3,1,33,False,0,0,0,0,0.0,0
11714,0,1,3,7,21,True,4,0,195,195,1.95,294918
11715,0,1,3,3,3,True,6,2,0,512,5.12,0
11716,0,1,3,4,4,True,195,6,76,1612,16.12,0
11717,0,1,3,4,16,True,195,5,135,1415,14.15,0
11718,0,1,3,4,32,True,137,1,47,303,3.03,0
11719,0,1,3,4,34,True,97,7,127,1919,19.19,0
11720,0,1,3,4,33,False,39,7,124,1916,19.16,0
11721,0,1,3,4,16,False,136,5,89,1369,13.69,0
11722,0,1,3,4,17,False,135,4,246,1270,12.7,0
11723,0,1,3,4,3,True,137,4,111,1135,11.35,0
11724,0,1,3,4,4,True,136,5,67,1347,13.47,0
11725,0,1,3,4,16,True,135,4,226,1250,12.5,0
11726,0,1,3,4,34,True,94,11,187,3003,30.03,0
11727,0,1,3,4,33,False,94,5,71,1351,13.51,0
11728,0,1,3,4,16,False,112,4,251,1275,12.75,0
11729,0,1,3,4,17,False,111,6,162,1698,16.98,0
11730,0,1,3,4,3,True,117,4,1,1025,10.25,0
11731,0,1,3,4,4,True,112,4,230,1254,12.54,0
11732,0,1,3,4,16,True,111,6,141,1677,16.77,0
11733,0,1,3,4,34,True,94,12,153,3225,32.25,0
11734,0,1,3,4,33,False,92,15,12,3852,38.52,0
11735,0,1,3,4,16,False,29,5,223,1503,15.03,0
11736,0,1,3,4,17,False,29,5,26,1306,13.06,0
11737,0,1,3,4,3,True,31,3,32,800,8.0,0
11738,0,1,3,4,4,True,29,5,201,1481,14.81,0
11739,0,1,3,4,5,True,34,0,162,162,1.62,0
11740,0,1,3,4,16,True,29,5,6,1286,12.86,0
11741,0,1,3,4,34,True,92,14,245,3829,38.29,0
11742,0,1,3,4,33,False,60,13,46,3374,33.74,0
11743,0,1,3,4,16,False,230,1,4,260,2.6,28
11744,0,-1,-1,-1,-1,True,-1,-1,-1,-1,-1.0,-1
11745,0,1,3,4,17,False,49,4,245,1269,12.69,0
11746,0,1,3,4,3,True,51,2,104,616,6.16,0
11747,0,1,3,4,4,True,49,4,6,1030,10.3,0
11748,0,1,3,4,16,True,49,4,225,1249,12.49,0
11749,0,1,3,4,34,True,93,0,94,94,0.94,0
11750,0,1,3,4,33,False,231,11,80,2896,28.96,0
11751,0,1,3,4,16,False,122,3,241,1009,10.09,0
11752,0,1,3,4,17,False,121,4,127,1151,11.51,0
11753,0,1,3,4,3,True,123,2,72,584,5.84,0
11754,0,1,3,4,4,True,122,3,218,986,9.86,0
11755,0,1,3,4,16,True,121,4,107,1131,11.31,0
11756,0,1,3,4,34,True,231,11,57,2873,28.73,0
11757,0,1,3,4,33,False,86,6,178,1714,17.14,0
11758,0,1,3,4,16,False,122,4,69,1093,10.93,0
11759,0,1,3,4,17,False,121,6,29,1565,15.65,0
11760,0,1,3,4,3,True,122,4,2,1026,10.26,0
11761,0,1,3,4,4,True,122,4,47,1071,10.71,0
11762,0,1,3,4,16,True,121,6,8,1544,15.44,0
11763,0,1,3,4,34,True,86,6,156,1692,16.92,0
11764,0,1,3,4,33,False,83,2,240,752,7.52,0
11765,0,1,3,4,17,False,70,4,219,1243,12.43,0
11766,0,1,3,4,4,True,72,1,100,356,3.56,0
11767,0,1,3,4,16,True,70,4,198,1222,12.22,0
11768,0,1,3,4,34,True,83,2,217,729,7.29,0
11769,0,1,3,4,33,False,246,4,59,1083,10.83,0
11770,0,1,3,4,16,False,252,3,19,787,7.87,0
11771,0,1,3,4,15,False,251,4,2,1026,10.26,197
11772,0,-1,-1,-1,-1,True,-1,-1,-1,-1,-1.0,-1
11773,0,1,3,4,4,True,66,6,223,1759,17.59,0
11774,0,1,3,4,5,True,69,0,118,118,1.18,0
11775,0,1,3,4,16,True,66,4,68,1092,10.92,0
11776,0,1,3,4,32,True,68,1,4,260,2.6,0
11777,0,1,3,4,34,True,145,13,182,3510,35.1,0
11778,0,1,3,4,33,False,52,2,7,519,5.19,0
11779,0,1,3,4,16,False,28,2,5,517,5.17,216
11780,0,-1,-1,-1,-1,True,-1,-1,-1,-1,-1.0,-1
11781,0,1,3,4,17,False,66,5,185,1465,14.65,0
11782,0,1,3,4,3,True,67,3,229,997,9.97,0
11783,0,1,3,4,4,True,66,5,196,1476,14.76,0
11784,0,1,3,4,16,True,66,5,165,1445,14.45,0
11785,0,1,3,4,34,True,145,13,173,3501,35.01,0
11786,0,1,3,4,33,False,168,0,224,224,2.24,0
11787,0,1,3,4,16,False,66,5,11,1291,12.91,0
11788,0,1,3,4,17,False,128,4,197,1221,12.21,0
11789,0,1,3,4,3,True,131,4,216,1240,12.4,0
11790,0,1,3,4,4,True,129,3,39,807,8.07,0
11791,0,1,3,4,16,True,128,4,176,1200,12.0,0
11792,0,1,3,4,34,True,168,0,201,201,2.01,0
11793,0,1,3,4,33,False,203,5,36,1316,13.16,0
11794,0,1,3,4,16,False,219,4,251,1275,12.75,0
11795,0,1,3,4,17,False,219,4,90,1114,11.14,0
11796,0,1,3,4,3,True,221,4,52,1076,10.76,0
11797,0,1,3,4,4,True,219,4,229,1253,12.53,0
11798,0,1,3,4,16,True,219,4,69,1093,10.93,0
11799,0,1,3,4,34,True,203,5,12,1292,12.92,0
11800,0,1,3,4,33,False,36,1,225,481,4.81,0
11801,0,1,3,4,16,False,10,3,248,1016,10.16,0
11802,0,1,3,4,17,False,166,6,174,1710,17.1,0
11803,0,1,3,4,3,True,168,2,218,730,7.3,0
11804,0,1,3,4,4,True,166,3,224,992,9.92,0
11805,0,1,3,4,16,True,166,6,154,1690,16.9,0
11806,0,1,3,4,34,True,241,13,253,3581,35.81,0
11807,0,1,3,4,33,False,125,5,106,1386,13.86,0
11808,0,1,3,4,16,False,195,5,29,1309,13.09,0
11809,0,1,3,4,17,False,195,6,63,1599,15.99,0
11810,0,1,3,4,3,True,196,4,168,1192,11.92,0
11811,0,1,3,4,4,True,195,5,6,1286,12.86,0
11812,0,1,3,4,5,True,197,1,72,328,3.28,0
11813,0,1,3,4,16,True,195,6,42,1578,15.78,0
11814,0,1,3,4,34,True,125,5,83,1363,13.63,0
11815,0,1,3,4,33,False,154,11,157,2973,29.73,0
11816,0,1,3,4,16,False,47,4,234,1258,12.58,0
11817,0,1,3,4,17,False,48,5,65,1345,13.45,0
11818,0,1,3,4,3,True,49,3,44,812,8.12,0
11819,0,1,3,4,4,True,47,4,211,1235,12.35,0
11820,0,1,3,4,16,True,48,5,44,1324,13.24,0
11821,0,1,3,4,34,True,154,11,133,2949,29.49,0
11822,0,1,3,4,33,False,193,2,212,724,7.24,0
11823,0,1,3,4,16,False,179,6,81,1617,16.17,0
11824,0,1,3,4,17,False,179,6,14,1550,15.5,0
11825,0,1,3,4,3,True,180,5,197,1477,14.77,0
11826,0,1,3,4,4,True,179,6,60,1596,15.96,0
11827,0,1,3,4,16,True,179,5,249,1529,15.29,0
11828,0,1,3,4,34,True,193,2,189,701,7.01,0
11829,0,1,3,4,33,False,227,10,63,2623,26.23,0
11830,0,1,3,4,16,False,103,3,99,867,8.67,0
11831,0,1,3,4,17,False,103,5,122,1402,14.02,0
11832,0,1,3,4,3,True,105,3,43,811,8.11,0
11833,0,1,3,4,4,True,103,3,75,843,8.43,0
11834,0,1,3,4,16,True,103,5,101,1381,13.81,0
11835,0,1,3,4,34,True,227,10,40,2600,26.0,0
11836,0,1,3,4,33,False,39,15,194,4034,40.34,0
11837,0,1,3,4,15,False,245,2,103,615,6.15,0
11838,0,1,3,4,16,False,5,0,0,0,0.0,167772160
11839,0,-1,-1,-1,-1,True,-1,-1,-1,-1,-1.0,-1
11840,0,47,0,0,0,False,0,0,10,10,0.1,0
11841,0,-1,-1,-1,-1,True,-1,-1,-1,-1,-1.0,-1
11842,0,-1,-1,-1,-1,True,-1,-1,-1,-1,-1.0,-1
11843,0,-1,-1,-1,-1,True,-1,-1,-1,-1,-1.0,-1
11844,0,1,3,4,4,True,146,5,186,1466,14.66,0
11845,0,1,3,4,16,True,146,6,25,1561,15.61,0
11846,0,1,3,4,34,True,205,15,62,3902,39.02,0
11847,0,1,3,4,28,False,201,11,96,2912,29.12,0
11848,0,1,3,4,17,False,92,4,203,1227,12.27,0
11849,0,1,3,4,4,True,95,0,80,80,0.8,0
11850,0,1,3,4,16,True,92,4,182,1206,12.06,0
11851,0,1,3,4,34,True,201,11,72,2888,28.88,0
11852,0,1,3,4,33,False,1,13,24,3352,33.52,0
11853,0,1,3,4,16,False,172,4,180,1204,12.04,0
11854,0,1,3,4,17,False,170,3,244,1012,10.12,0
11855,0,1,3,4,3,True,174,1,197,453,4.53,0
11856,0,1,3,4,4,True,172,4,157,1181,11.81,0
11857,0,1,3,4,16,True,170,3,224,992,9.92,0
11858,0,1,3,4,34,True,1,13,2,3330,33.3,0
11859,0,1,3,4,33,False,254,4,240,1264,12.64,0
11860,0,1,3,4,16,False,4,9,0,2304,23.04,167772160
11861,0,-1,-1,-1,-1,True,-1,-1,-1,-1,-1.0,-1
11862,0,-1,-1,-1,-1,True,-1,-1,-1,-1,-1.0,-1
11863,0,-1,-1,-1,-1,True,-1,-1,-1,-1,-1.0,-1
11864,0,-1,-1,-1,-1,True,-1,-1,-1,-1,-1.0,-1
11865,0,1,3,4,33,False,199,3,199,967,9.67,0
11866,0,1,3,4,17,False,197,5,195,1475,14.75,0
11867,0,1,3,4,16,True,197,5,175,1455,14.55,0
11868,0,1,3,4,34,True,199,3,177,945,9.45,0
11869,0,1,3,4,33,False,133,12,36,3108,31.08,0
11870,0,1,3,4,15,False,37,4,138,1162,11.62,0
11871,0,1,3,4,16,False,34,14,4,3588,35.88,60
11872,0,-1,-1,-1,-1,True,-1,-1,-1,-1,-1.0,-1
11873,0,1,3,4,17,False,93,5,7,1287,12.87,0
11874,0,1,3,4,3,True,94,3,186,954,9.54,0
11875,0,1,3,4,4,True,94,4,38,1062,10.62,0
11876,0,1,3,4,16,True,93,4,241,1265,12.65,0
11877,0,1,3,4,34,True,184,12,186,3258,32.58,0
11878,0,1,3,4,33,False,21,11,184,3000,30.0,0
11879,0,1,3,4,16,False,172,4,243,1267,12.67,0
11880,0,1,3,4,17,False,171,4,240,1264,12.64,0
11881,0,1,3,4,3,True,172,4,220,1244,12.44,0
11882,0,1,3,4,4,True,172,3,203,971,9.71,0
11883,0,1,3,4,16,True,171,4,219,1243,12.43,0
11884,0,1,3,4,32,True,174,1,144,400,4.0,0
11885,0,1,3,4,34,True,21,11,162,2978,29.78,0
11886,0,1,3,4,33,False,162,0,82,82,0.82,0
11887,0,1,3,4,16,False,118,1,95,351,3.51,33540
11888,0,-1,-1,-1,-1,True,-1,-1,-1,-1,-1.0,-1
11889,0,-1,-1,-1,-1,True,-1,-1,-1,-1,-1.0,-1
11890,0,1,3,4,3,True,123,3,171,939,9.39,0
11891,0,1,3,4,4,True,122,4,198,1222,12.22,0
11892,0,1,3,4,5,True,128,0,46,46,0.46,0
11893,0,1,3,4,16,True,122,4,110,1134,11.34,0
11894,0,1,3,4,34,True,180,15,74,3914,39.14,0
11895,0,1,3,4,33,False,197,0,158,158,1.58,0
11896,0,1,3,4,15,False,157,1,242,498,4.98,0
11897,0,1,3,4,16,False,154,5,150,1430,14.3,0
11898,0,1,3,4,17,False,155,2,3,515,5.15,242
11899,0,-1,-1,-1,-1,True,-1,-1,-1,-1,-1.0,-1
11900,0,1,3,4,17,False,242,4,161,1185,11.85,0
11901,0,1,3,4,3,True,245,1,132,388,3.88,0
11902,0,1,3,4,4,True,242,3,220,988,9.88,0
11903,0,1,3,4,16,True,242,4,139,1163,11.63,0
11904,0,1,3,4,34,True,69,13,80,3408,34.08,0
11905,0,1,3,4,33,False,135,2,158,670,6.7,0
11906,0,1,3,4,15,False,124,5,86,1366,13.66,0
11907,0,1,3,4,16,False,5,13,0,3328,33.28,167772160
11908,0,-1,-1,-1,-1,True,-1,-1,-1,-1,-1.0,-1
11909,0,5,24,0,0,False,0,0,0,0,0.0,2199650570
11910,0,-1,-1,-1,-1,True,-1,-1,-1,-1,-1.0,-1
11911,0,-1,-1,-1,-1,True,-1,-1,-1,-1,-1.0,-1
11912,0,-1,-1,-1,-1,True,-1,-1,-1,-1,-1.0,-1
11913,0,-1,-1,-1,-1,True,-1,-1,-1,-1,-1.0,-1
11914,0,1,3,4,4,True,13,5,135,1415,14.15,0
11915,0,1,3,4,16,True,13,5,169,1449,14.49,0
11916,0,1,3,4,34,True,16,3,149,917,9.17,0
11917,0,1,3,4,33,False,245,8,48,2096,20.96,0
11918,0,1,3,4,17,False,94,4,16,1040,10.4,0
11919,0,1,3,4,16,False,95,6,10,1546,15.46,0
11920,0,1,3,4,3,True,96,3,34,802,8.02,0
11921,0,1,3,4,4,True,95,5,243,1523,15.23,0
11922,0,1,3,4,16,True,94,3,251,1019,10.19,0
11923,0,1,3,4,34,True,245,8,26,2074,20.74,0
11924,0,1,3,4,33,False,57,10,35,2595,25.95,0
11925,0,1,3,4,16,False,188,4,254,1278,12.78,0
11926,0,1,3,4,3,True,251,3,103,871,8.71,0
11927,0,1,3,4,4,True,249,4,255,1279,12.79,0
11928,0,1,3,4,5,True,253,0,154,154,1.54,0
11929,0,1,3,4,16,True,249,4,232,1256,12.56,0
11930,0,1,3,4,34,True,15,2,44,556,5.56,0
11931,0,1,3,4,33,False,48,14,73,3657,36.57,0
11932,0,1,3,4,17,False,4,0,0,0,0.0,167772160
11933,0,-1,-1,-1,-1,True,-1,-1,-1,-1,-1.0,-1
11934,0,-1,-1,-1,-1,True,-1,-1,-1,-1,-1.0,-1
11935,0,-1,-1,-1,-1,True,-1,-1,-1,-1,-1.0,-1
11936,0,-1,-1,-1,-1,True,-1,-1,-1,-1,-1.0,-1
11937,0,1,3,4,4,True,108,4,222,1246,12.46,0
11938,0,1,3,4,16,True,108,4,139,1163,11.63,0
11939,0,1,3,4,32,True,110,1,122,378,3.78,0
11940,0,1,3,4,34,True,146,0,218,218,2.18,0
11941,0,1,3,4,33,False,53,13,168,3496,34.96,0
11942,0,1,3,4,15,False,236,4,15,1039,10.39,0
11943,0,1,3,4,16,False,228,7,157,1949,19.49,0
11944,0,1,3,4,17,False,6,8,0,2048,20.48,167772160
11945,0,-1,-1,-1,-1,True,-1,-1,-1,-1,-1.0,-1
11946,0,-1,-1,-1,-1,True,-1,-1,-1,-1,-1.0,-1
11947,0,-1,-1,-1,-1,True,-1,-1,-1,-1,-1.0,-1
11948,0,-1,-1,-1,-1,True,-1,-1,-1,-1,-1.0,-1
11949,0,1,3,4,3,True,35,6,20,1556,15.56,0
11950,0,1,3,4,4,True,34,3,159,927,9.27,0
11951,0,1,3,4,16,True,36,3,196,964,9.64,0
11952,0,1,3,4,34,True,134,12,8,3080,30.8,0
11953,0,1,3,4,33,False,203,1,241,497,4.97,0
11954,0,1,3,4,16,False,178,4,78,1102,11.02,0
11955,0,1,3,4,17,False,177,6,255,1791,17.91,0
11956,0,1,3,4,3,True,179,4,35,1059,10.59,0
11957,0,1,3,4,4,True,178,3,231,999,9.99,0
11958,0,1,3,4,5,True,178,2,22,534,5.34,0
11959,0,1,3,4,16,True,177,6,235,1771,17.71,0
11960,0,1,3,4,34,True,203,1,218,474,4.74,0
11961,0,1,3,4,33,False,138,4,148,1172,11.72,0
11962,0,1,3,4,16,False,147,5,137,1417,14.17,0
11963,0,1,3,4,17,False,147,5,66,1346,13.46,0
11964,0,1,3,4,3,True,148,4,55,1079,10.79,0
11965,0,1,3,4,4,True,147,5,115,1395,13.95,0
11966,0,1,3,4,16,True,147,5,45,1325,13.25,0
11967,0,1,3,4,34,True,138,4,126,1150,11.5,0
11968,0,1,3,4,33,False,54,9,23,2327,23.27,0
11969,0,1,3,4,16,False,172,5,85,1365,13.65,0
11970,0,1,3,4,17,False,5,9,0,2304,23.04,167772160
11971,0,-1,-1,-1,-1,True,-1,-1,-1,-1,-1.0,-1
11972,0,-1,-1,-1,-1,True,-1,-1,-1,-1,-1.0,-1
11973,0,-1,-1,-1,-1,True,-1,-1,-1,-1,-1.0,-1
11974,0,1,3,4,3,True,89,3,181,949,9.49,0
11975,0,1,3,4,4,True,88,5,195,1475,14.75,0
11976,0,1,3,4,16,True,88,4,50,1074,10.74,0
11977,0,1,3,4,34,True,145,15,95,3935,39.35,0
11978,0,1,3,4,33,False,91,9,70,2374,23.74,0
11979,0,1,3,1,27,False,0,0,0,0,0.0,0
11980,0,1,3,1,6,False,0,0,0,0,0.0,0
11981,0,-1,-1,-1,-1,True,-1,-1,-1,-1,-1.0,-1
11982,0,-1,-1,-1,-1,True,-1,-1,-1,-1,-1.0,-1
11983,0,1,3,4,17,False,90,4,97,1121,11.21,0
11984,0,1,3,4,3,True,91,3,157,925,9.25,0
11985,0,1,3,4,4,True,90,4,3,1027,10.27,0
11986,0,1,3,4,16,True,90,4,76,1100,11.0,0
11987,0,1,3,4,34,True,215,10,8,2568,25.68,0
11988,0,1,3,4,33,False,75,0,18,18,0.18,0
11989,0,1,3,4,16,False,26,4,31,1055,10.55,0
11990,0,1,3,4,17,False,26,4,181,1205,12.05,0
11991,0,1,3,4,3,True,29,2,213,725,7.25,0
11992,0,1,3,4,4,True,26,4,9,1033,10.33,0
11993,0,1,3,4,16,True,26,4,159,1183,11.83,0
11994,0,1,3,4,34,True,75,15,252,4092,40.92,0
11995,0,1,3,4,33,False,126,1,169,425,4.25,0
11996,0,1,3,4,16,False,99,12,17,3089,30.89,10749147
11997,0,-1,-1,-1,-1,True,-1,-1,-1,-1,-1.0,-1
11998,0,-1,-1,-1,-1,True,-1,-1,-1,-1,-1.0,-1
11999,0,-1,-1,-1,-1,True,-1,-1,-1,-1,-1.0,-1
12000,0,1,3,4,3,True,221,3,78,846,8.46,0
12001,0,1,3,4,4,True,219,4,172,1196,11.96,0
12002,0,1,3,4,16,True,219,4,137,1161,11.61,0
12003,0,1,3,4,34,True,18,15,127,3967,39.67,0
12004,0,1,3,4,33,False,219,15,98,3938,39.38,0
12005,0,1,3,4,16,False,161,4,155,1179,11.79,0
12006,0,1,3,4,17,False,160,5,142,1422,14.22,0
12007,0,1,3,4,3,True,163,3,129,897,8.97,0
12008,0,1,3,4,4,True,161,4,133,1157,11.57,0
12009,0,1,3,4,16,True,160,5,122,1402,14.02,0
12010,0,1,3,4,34,True,219,15,75,3915,39.15,0
12011,0,1,3,4,33,False,23,13,222,3550,35.5,0
12012,0,1,3,4,15,False,211,1,106,362,3.62,0
12013,0,1,3,4,16,False,201,7,124,1916,19.16,0
12014,0,1,3,4,17,False,201,6,216,1752,17.52,0
12015,0,1,3,4,3,True,203,4,198,1222,12.22,0
12016,0,1,3,4,4,True,201,7,101,1893,18.93,0
12017,0,1,3,4,16,True,201,6,196,1732,17.32,0
12018,0,1,3,4,34,True,23,13,200,3528,35.28,0
12019,0,1,3,4,33,False,238,14,214,3798,37.98,0
12020,0,1,3,4,15,False,176,2,157,669,6.69,0
12021,0,1,3,4,16,False,173,4,254,1278,12.78,0
12022,0,1,3,4,17,False,172,5,172,1452,14.52,0
12023,0,1,3,4,3,True,174,3,186,954,9.54,0
12024,0,1,3,4,4,True,173,4,232,1256,12.56,0
12025,0,1,3,4,16,True,172,10,1,2561,25.61,90738716
12026,0,-1,-1,-1,-1,True,-1,-1,-1,-1,-1.0,-1
12027,0,-1,-1,-1,-1,True,-1,-1,-1,-1,-1.0,-1
12028,0,-1,-1,-1,-1,True,-1,-1,-1,-1,-1.0,-1
12029,0,-1,-1,-1,-1,True,-1,-1,-1,-1,-1.0,-1
12030,0,1,3,4,34,True,194,12,218,3290,32.9,0
12031,0,1,3,4,33,False,127,0,42,42,0.42,0
12032,0,1,3,4,16,False,5,12,0,3072,30.72,167772160
12033,0,-1,-1,-1,-1,True,-1,-1,-1,-1,-1.0,-1
12034,0,155,0,0,0,False,0,0,10,10,0.1,0
12035,0,-1,-1,-1,-1,True,-1,-1,-1,-1,-1.0,-1
12036,0,-1,-1,-1,-1,True,-1,-1,-1,-1,-1.0,-1
12037,0,-1,-1,-1,-1,True,-1,-1,-1,-1,-1.0,-1
12038,0,-1,-1,-1,-1,True,-1,-1,-1,-1,-1.0,-1
12039,0,-1,-1,-1,-1,True,-1,-1,-1,-1,-1.0,-1
12040,0,-1,-1,-1,-1,True,-1,-1,-1,-1,-1.0,-1
12041,0,1,3,4,4,True,204,5,53,1333,13.33,0
12042,0,1,3,4,16,True,203,6,134,1670,16.7,0
12043,0,1,3,4,34,True,231,1,186,442,4.42,0
12044,0,1,3,4,33,False,148,2,53,565,5.65,0
12045,0,1,3,1,20,True,0,0,0,0,0.0,0
12046,0,1,3,2,53,False,4,0,0,0,0.0,0
12047,0,1,3,0,0,False,0,0,0,0,0.0,0
12048,0,1,3,5,5,False,251,4,17,1041,10.41,125
12049,0,1,3,6,42,True,4,4,125,1149,11.49,58117
12050,0,1,3,4,16,True,125,6,214,1750,17.5,0
12051,0,1,3,4,32,True,129,0,178,178,1.78,0
12052,0,1,3,4,34,True,148,2,31,543,5.43,0
12053,0,1,3,4,16,False,206,3,5,773,7.73,0
12054,0,1,3,4,17,False,203,5,176,1456,14.56,0
12055,0,1,3,4,3,True,121,1,243,499,4.99,0
12056,0,1,3,4,4,True,119,2,182,694,6.94,0
12057,0,1,3,4,5,True,121,0,90,90,0.9,0
12058,0,1,3,4,16,True,117,5,156,1436,14.36,0
12059,0,1,3,4,34,True,188,14,92,3676,36.76,0
12060,0,1,3,4,33,False,222,5,62,1342,13.42,0
12061,0,1,3,1,30,True,0,0,0,0,0.0,0
12062,0,1,3,5,62,False,4,1,239,495,4.95,6
12063,0,1,3,2,4,False,144,0,0,0,0.0,0
12064,0,1,3,7,5,False,246,4,33,1057,10.57,5967334
12065,0,1,3,1,38,True,0,0,0,0,0.0,0
12066,0,1,3,5,58,True,4,14,0,3584,35.84,167772160
12067,0,-1,-1,-1,-1,True,-1,-1,-1,-1,-1.0,-1
12068,0,-1,-1,-1,-1,True,-1,-1,-1,-1,-1.0,-1
12069,0,-1,-1,-1,-1,True,-1,-1,-1,-1,-1.0,-1
12070,0,-1,-1,-1,-1,True,-1,-1,-1,-1,-1.0,-1
12071,0,1,3,4,3,True,187,3,142,910,9.1,0
12072,0,1,3,4,4,True,186,4,120,1144,11.44,0
12073,0,1,3,4,16,True,189,2,132,644,6.44,0
12074,0,1,3,4,34,True,197,3,11,779,7.79,0
12075,0,1,3,4,33,False,254,15,135,3975,39.75,0
12076,0,1,3,4,16,False,202,1,123,379,3.79,0
12077,0,1,3,4,17,False,197,5,41,1321,13.21,0
12078,0,1,3,4,4,True,198,2,203,715,7.15,0
12079,0,1,3,4,5,True,200,0,170,170,1.7,0
12080,0,1,3,4,16,True,197,5,20,1300,13.0,0
12081,0,1,3,4,34,True,254,15,112,3952,39.52,0
12082,0,1,3,4,33,False,17,6,229,1765,17.65,0
12083,0,1,3,4,16,False,169,4,129,1153,11.53,0
12084,0,1,3,4,17,False,169,4,173,1197,11.97,0
12085,0,1,3,4,3,True,171,2,159,671,6.71,0
12086,0,1,3,4,4,True,169,4,107,1131,11.31,0
12087,0,1,3,4,16,True,169,4,151,1175,11.75,0
12088,0,1,3,4,34,True,201,1,85,341,3.41,0
12089,0,1,3,4,33,False,76,15,247,4087,40.87,0
12090,0,1,3,4,16,False,26,3,171,939,9.39,0
12091,0,1,3,4,17,False,25,5,45,1325,13.25,0
12092,0,1,3,4,3,True,27,3,124,892,8.92,0
12093,0,1,3,4,4,True,25,3,199,967,9.67,0
12094,0,1,3,4,16,True,25,5,24,1304,13.04,0
12095,0,1,3,4,34,True,76,15,223,4063,40.63,0
12096,0,1,3,4,33,False,10,2,231,743,7.43,0
12097,0,1,3,1,10,False,0,0,0,0,0.0,0
12098,0,1,3,2,39,True,4,0,0,0,0.0,0
12099,0,1,3,0,0,False,0,0,0,0,0.0,0
12100,0,1,3,5,5,False,223,4,17,1041,10.41,253
12101,0,1,3,5,60,True,4,4,253,1277,12.77,5
12102,0,1,3,1,4,False,0,0,0,0,0.0,0
12103,0,1,3,0,0,False,0,0,0,0,0.0,0
12104,0,1,3,5,5,False,168,4,162,1186,11.86,10
12105,0,1,3,2,17,True,4,0,0,0,0.0,0
12106,0,1,3,1,41,False,0,0,0,0,0.0,0
12107,0,1,3,2,37,True,4,0,0,0,0.0,0
12108,0,1,3,7,32,False,3,14,4,3588,35.88,400400
12109,0,1,3,7,4,False,17,1,105,361,3.61,0
12110,0,232,0,1,35,True,0,0,0,0,0.0,469830144
12111,0,-1,-1,-1,-1,True,-1,-1,-1,-1,-1.0,-1
12112,0,-1,-1,-1,-1,True,-1,-1,-1,-1,-1.0,-1
12113,0,1,3,4,4,True,229,1,201,457,4.57,0
12114,0,1,3,4,16,True,227,4,193,1217,12.17,0
12115,0,1,3,4,34,True,4,1,83,339,3.39,0
12116,0,1,3,4,33,False,9,12,63,3135,31.35,0
12117,0,1,3,1,9,False,0,0,0,0,0.0,0
12118,0,1,3,4,63,False,4,0,167,167,1.67,0
12119,0,1,3,5,34,True,4,3,170,938,9.38,2
12120,0,1,3,2,4,False,132,0,0,0,0.0,0
12121,0,1,3,7,5,False,204,4,144,1168,11.68,13173926
12122,0,1,3,4,34,True,9,12,41,3113,31.13,0
12123,0,1,3,4,33,False,20,4,56,1080,10.8,0
12124,0,1,3,4,15,False,33,0,180,180,1.8,0
12125,0,1,3,4,16,False,25,4,120,1144,11.44,0
12126,0,1,3,4,17,False,24,4,143,1167,11.67,0
12127,0,1,3,4,3,True,26,3,250,1018,10.18,0
12128,0,1,3,4,4,True,25,4,101,1125,11.25,0
12129,0,1,3,4,16,True,24,4,120,1144,11.44,0
12130,0,1,3,4,34,True,20,4,34,1058,10.58,0
12131,0,1,3,4,33,False,219,15,23,3863,38.63,0
12132,0,1,3,4,16,False,1,15,88,3928,39.28,0
12133,0,1,3,4,16,False,201,3,33,801,8.01,0
12134,0,1,3,4,17,False,199,5,215,1495,14.95,0
12135,0,1,3,4,4,True,200,3,28,796,7.96,0
12136,0,1,3,4,16,True,199,5,194,1474,14.74,0
12137,0,1,3,4,34,True,1,15,64,3904,39.04,0
12138,0,1,3,4,33,False,66,2,123,635,6.35,0
12139,0,1,3,4,17,False,47,4,52,1076,10.76,0
12140,0,1,3,4,4,True,49,1,93,349,3.49,0
12141,0,1,3,4,16,True,47,4,32,1056,10.56,0
12142,0,1,3,4,34,True,66,2,99,611,6.11,0
12143,0,1,3,4,33,False,34,1,86,342,3.42,0
12144,0,1,3,1,34,False,0,0,0,0,0.0,0
12145,0,1,3,1,22,False,0,0,0,0,0.0,0
12146,0,1,3,4,16,False,2,5,240,1520,15.2,0
12147,0,1,3,4,3,True,3,1,96,352,3.52,0
12148,0,1,3,4,4,True,2,5,218,1498,14.98,0
12149,0,1,3,4,16,True,1,4,155,1179,11.79,0
12150,0,1,3,4,34,True,34,1,63,319,3.19,0
12151,0,1,3,4,33,False,8,9,86,2390,23.9,0
12152,0,1,3,4,16,False,128,2,154,666,6.66,0
12153,0,1,3,4,17,False,128,5,98,1378,13.78,0
12154,0,1,3,4,3,True,131,2,5,517,5.17,0
12155,0,1,3,4,4,True,128,2,131,643,6.43,0
12156,0,1,3,4,16,True,128,5,78,1358,13.58,0
12157,0,1,3,4,34,True,190,2,67,579,5.79,0
12158,0,1,3,4,33,False,190,6,62,1598,15.98,0
12159,0,1,3,4,16,False,220,4,215,1239,12.39,0
12160,0,1,3,4,17,False,220,5,149,1429,14.29,0
12161,0,1,3,4,3,True,221,3,182,950,9.5,0
12162,0,1,3,4,4,True,220,4,192,1216,12.16,0
12163,0,1,3,4,16,True,220,5,129,1409,14.09,0
12164,0,1,3,4,34,True,190,15,101,3941,39.41,0
12165,0,1,3,4,33,False,141,12,201,3273,32.73,0
12166,0,1,3,4,15,False,52,5,15,1295,12.95,0
12167,0,1,3,4,16,False,49,6,9,1545,15.45,0
12168,0,1,3,4,17,False,14,0,0,0,0.0,167772160
12169,0,-1,-1,-1,-1,True,-1,-1,-1,-1,-1.0,-1
12170,0,116,0,2,22,True,0,0,0,0,0.0,469830144
12171,0,-1,-1,-1,-1,True,-1,-1,-1,-1,-1.0,-1
12172,0,-1,-1,-1,-1,True,-1,-1,-1,-1,-1.0,-1
12173,0,1,3,4,4,True,115,2,158,670,6.7,0
12174,0,1,3,4,16,True,114,5,37,1317,13.17,0
12175,0,1,3,4,34,True,186,14,58,3642,36.42,0
12176,0,1,3,4,33,False,50,3,5,773,7.73,0
12177,0,1,3,4,15,False,44,1,144,400,4.0,0
12178,0,1,3,4,16,False,39,4,149,1173,11.73,0
12179,0,1,3,4,17,False,215,6,31,1567,15.67,0
12180,0,1,3,4,3,True,218,2,221,733,7.33,0
12181,0,1,3,4,4,True,216,5,63,1343,13.43,0
12182,0,1,3,4,16,True,215,6,10,1546,15.46,0
12183,0,1,3,4,32,True,218,0,192,192,1.92,0
12184,0,1,3,4,34,True,248,1,66,322,3.22,0
12185,0,1,3,4,33,False,12,8,8,2056,20.56,0
12186,0,1,3,4,16,False,117,3,148,916,9.16,0
12187,0,1,3,4,17,False,116,4,230,1254,12.54,0
12188,0,1,3,4,3,True,117,3,125,893,8.93,0
12189,0,1,3,4,4,True,117,3,20,788,7.88,0
12190,0,1,3,4,16,True,116,4,209,1233,12.33,0
12191,0,1,3,4,34,True,12,7,241,2033,20.33,0
12192,0,1,3,4,33,False,76,0,165,165,1.65,0
12193,0,1,3,4,17,False,34,4,160,1184,11.84,0
12194,0,1,3,4,16,False,34,6,241,1777,17.77,0
12195,0,1,3,4,3,True,35,4,76,1100,11.0,0
12196,0,1,3,4,4,True,34,6,219,1755,17.55,0
12197,0,1,3,4,16,True,35,4,131,1155,11.55,0
12198,0,1,3,4,31,True,39,0,49,49,0.49,0
12199,0,1,3,4,34,True,76,0,143,143,1.43,0
12200,0,1,3,4,33,False,232,15,90,3930,39.3,0
12201,0,1,3,4,16,False,11,7,122,1914,19.14,0
12202,0,1,3,4,3,True,13,4,20,1044,10.44,0
12203,0,1,3,4,4,True,11,5,21,1301,13.01,0
12204,0,1,3,4,16,True,11,7,101,1893,18.93,0
12205,0,1,3,4,32,True,13,2,10,522,5.22,0
12206,0,1,3,4,34,True,55,0,101,101,1.01,0
12207,0,1,3,4,33,False,209,10,165,2725,27.25,0
12208,0,1,3,4,16,False,92,4,78,1102,11.02,0
12209,0,1,3,4,17,False,90,6,207,1743,17.43,0
12210,0,1,3,4,3,True,95,1,139,395,3.95,0
12211,0,1,3,4,4,True,91,4,87,1111,11.11,0
12212,0,1,3,4,5,True,92,1,115,371,3.71,0
12213,0,1,3,4,16,True,90,6,186,1722,17.22,0
12214,0,1,3,4,34,True,209,10,142,2702,27.02,0
12215,0,1,3,4,33,False,239,13,232,3560,35.6,0
12216,0,1,3,4,16,False,162,4,251,1275,12.75,0
12217,0,1,3,4,17,False,162,4,203,1227,12.27,0
12218,0,1,3,4,3,True,95,3,22,790,7.9,0
12219,0,1,3,4,4,True,162,4,229,1253,12.53,0
12220,0,1,3,4,16,True,162,4,182,1206,12.06,0
12221,0,1,3,4,34,True,239,13,209,3537,35.37,0
12222,0,1,3,4,33,False,139,9,120,2424,24.24,0
12223,0,1,3,4,3,True,7,3,5,773,7.73,0
12224,0,1,3,4,16,False,5,6,214,1750,17.5,0
12225,0,1,3,4,17,False,5,6,18,1554,15.54,0
12226,0,1,3,4,4,True,5,6,192,1728,17.28,0
12227,0,1,3,4,16,True,5,5,252,1532,15.32,0
12228,0,1,3,4,34,True,139,9,97,2401,24.01,0
12229,0,1,3,4,33,False,161,10,138,2698,26.98,0
12230,0,1,3,4,16,False,42,0,6,6,0.06,298758
12231,0,-1,-1,-1,-1,True,-1,-1,-1,-1,-1.0,-1
12232,0,-1,-1,-1,-1,True,-1,-1,-1,-1,-1.0,-1
12233,0,-1,-1,-1,-1,True,-1,-1,-1,-1,-1.0,-1
12234,0,1,3,3,7,False,4,9,0,2304,23.04,0
12235,0,1,3,4,4,True,6,6,121,1657,16.57,0
12236,0,1,3,4,5,True,8,1,216,472,4.72,0
12237,0,1,3,4,16,True,6,5,156,1436,14.36,0
12238,0,1,3,4,34,True,61,15,136,3976,39.76,0
12239,0,1,3,4,33,False,116,1,78,334,3.34,0
12240,0,1,3,4,17,False,83,4,107,1131,11.31,0
12241,0,1,3,4,16,True,83,4,87,1111,11.11,0
12242,0,1,3,4,34,True,116,1,56,312,3.12,0
12243,0,1,3,4,33,False,215,1,208,464,4.64,0
12244,0,1,3,4,16,False,190,4,254,1278,12.78,0
12245,0,1,3,4,3,True,194,0,201,201,2.01,0
12246,0,1,3,4,4,True,190,4,232,1256,12.56,0
12247,0,1,3,4,34,True,215,1,184,440,4.4,0
12248,0,1,3,4,33,False,11,1,74,330,3.3,0
12249,0,1,3,4,16,False,233,10,1,2561,25.61,86839324
12250,0,-1,-1,-1,-1,True,-1,-1,-1,-1,-1.0,-1
12251,0,-1,-1,-1,-1,True,-1,-1,-1,-1,-1.0,-1
12252,0,-1,-1,-1,-1,True,-1,-1,-1,-1,-1.0,-1
12253,0,-1,-1,-1,-1,True,-1,-1,-1,-1,-1.0,-1
12254,0,1,3,4,17,False,46,3,189,957,9.57,0
12255,0,1,3,4,3,True,46,5,34,1314,13.14,0
12256,0,1,3,4,4,True,45,3,249,1017,10.17,0
12257,0,1,3,4,16,True,46,3,169,937,9.37,0
12258,0,1,3,4,34,True,170,10,9,2569,25.69,0
12259,0,1,3,4,33,False,232,0,212,212,2.12,0
12260,0,1,3,4,16,False,192,6,62,1598,15.98,0
12261,0,1,3,4,17,False,192,5,233,1513,15.13,0
12262,0,1,3,4,3,True,193,2,247,759,7.59,0
12263,0,1,3,4,4,True,192,6,40,1576,15.76,0
12264,0,1,3,4,16,True,192,5,212,1492,14.92,0
12265,0,1,3,4,34,True,232,0,190,190,1.9,0
12266,0,1,3,4,33,False,2,4,221,1245,12.45,0
12267,0,1,3,4,15,False,19,3,59,827,8.27,0
12268,0,1,3,4,16,False,15,5,79,1359,13.59,0
12269,0,1,3,4,17,False,14,5,226,1506,15.06,0
12270,0,1,3,4,3,True,16,5,37,1317,13.17,0
12271,0,1,3,4,4,True,15,2,244,756,7.56,0
12272,0,1,3,4,5,True,17,1,158,414,4.14,0
12273,0,1,3,4,16,True,14,5,205,1485,14.85,0
12274,0,1,3,4,34,True,2,4,198,1222,12.22,0
12275,0,1,3,4,33,False,84,8,51,2099,20.99,0
12276,0,1,3,4,16,False,139,5,250,1530,15.3,0
12277,0,1,3,4,17,False,139,5,170,1450,14.5,0
12278,0,1,3,4,3,True,140,3,174,942,9.42,0
12279,0,1,3,4,4,True,139,5,228,1508,15.08,0
12280,0,1,3,4,16,True,139,5,150,1430,14.3,0
12281,0,1,3,4,34,True,84,8,29,2077,20.77,0
12282,0,1,3,4,33,False,192,0,77,77,0.77,0
12283,0,1,3,4,16,False,146,5,111,1391,13.91,0
12284,0,1,3,4,17,False,146,5,109,1389,13.89,0
12285,0,1,3,4,3,True,148,2,133,645,6.45,0
12286,0,1,3,4,4,True,146,5,92,1372,13.72,0
12287,0,1,3,4,16,True,146,5,88,1368,13.68,0
12288,0,1,3,4,34,True,192,0,54,54,0.54,0
12289,0,1,3,4,33,False,90,1,61,317,3.17,0
12290,0,1,3,4,17,False,55,6,48,1584,15.84,0
12291,0,1,3,4,16,True,122,6,180,1716,17.16,0
12292,0,1,3,4,3,True,124,3,212,980,9.8,0
12293,0,1,3,4,4,True,122,5,254,1534,15.34,0
12294,0,1,3,4,5,True,125,0,147,147,1.47,0
12295,0,1,3,4,16,True,122,6,159,1695,16.95,0
12296,0,1,3,4,34,True,250,9,204,2508,25.08,0
12297,0,1,3,4,33,False,235,13,118,3446,34.46,0
12298,0,1,3,4,16,False,153,4,92,1116,11.16,0
12299,0,1,3,4,17,False,152,6,135,1671,16.71,0
12300,0,1,3,4,3,True,154,4,47,1071,10.71,0
12301,0,1,3,4,4,True,153,3,30,798,7.98,0
12302,0,1,3,4,16,True,152,6,115,1651,16.51,0
12303,0,1,3,4,34,True,235,13,94,3422,34.22,0
12304,0,1,3,4,33,False,68,12,110,3182,31.82,0
12305,0,1,3,4,16,False,229,4,110,1134,11.34,0
12306,0,1,3,4,17,False,227,5,143,1423,14.23,0
12307,0,1,3,4,3,True,230,3,216,984,9.84,0
12308,0,1,3,4,4,True,229,4,87,1111,11.11,0
12309,0,1,3,4,16,True,227,5,123,1403,14.03,0
12310,0,1,3,4,34,True,68,12,87,3159,31.59,0
12311,0,1,3,4,33,False,195,2,200,712,7.12,0
12312,0,1,3,4,15,False,185,4,123,1147,11.47,0
12313,0,1,3,4,16,False,181,4,143,1167,11.67,0
12314,0,1,3,4,17,False,180,6,88,1624,16.24,0
12315,0,1,3,4,3,True,182,4,152,1176,11.76,0
12316,0,1,3,4,4,True,181,4,121,1145,11.45,0
12317,0,1,3,4,16,True,180,6,66,1602,16.02,0
12318,0,1,3,4,34,True,195,2,178,690,6.9,0
12319,0,1,3,4,33,False,100,6,108,1644,16.44,0
12320,0,1,3,4,16,False,133,12,4,3076,30.76,127
12321,0,-1,-1,-1,-1,True,-1,-1,-1,-1,-1.0,-1
12322,0,1,3,4,17,False,59,6,43,1579,15.79,0
12323,0,1,3,4,3,True,65,0,137,137,1.37,0
12324,0,1,3,4,4,True,60,4,109,1133,11.33,0
12325,0,1,3,4,16,True,59,6,22,1558,15.58,0
12326,0,1,3,4,34,True,148,12,231,3303,33.03,0
12327,0,1,3,4,33,False,60,0,137,137,1.37,0
12328,0,1,3,4,16,False,18,4,197,1221,12.21,0
12329,0,1,3,4,17,False,16,6,24,1560,15.6,0
12330,0,1,3,4,3,True,18,4,175,1199,11.99,0
12331,0,1,3,4,4,True,17,3,87,855,8.55,0
12332,0,1,3,4,16,True,16,6,4,1540,15.4,0
12333,0,1,3,4,34,True,60,0,113,113,1.13,0
12334,0,1,3,4,33,False,156,3,138,906,9.06,0
12335,0,1,3,4,16,False,4,4,0,1024,10.24,167772160
12336,0,-1,-1,-1,-1,True,-1,-1,-1,-1,-1.0,-1
12337,0,-1,-1,-1,-1,True,-1,-1,-1,-1,-1.0,-1
12338,0,1,3,4,3,True,233,3,48,816,8.16,0
12339,0,1,3,4,4,True,232,4,61,1085,10.85,0
12340,0,1,3,4,16,True,232,4,246,1270,12.7,0
12341,0,1,3,4,34,True,36,15,42,3882,38.82,0
12342,0,1,3,4,33,False,157,0,153,153,1.53,0
12343,0,1,3,4,16,False,117,3,9,777,7.77,0
12344,0,1,3,4,17,False,114,5,35,1315,13.15,0
12345,0,1,3,4,4,True,116,2,252,764,7.64,0
12346,0,1,3,4,16,True,114,5,15,1295,12.95,0
12347,0,1,3,4,34,True,157,0,129,129,1.29,0
12348,0,1,3,4,33,False,243,1,163,419,4.19,0
12349,0,1,3,4,16,False,214,4,253,1277,12.77,0
12350,0,1,3,4,17,False,213,5,241,1521,15.21,0
12351,0,1,3,4,3,True,216,4,164,1188,11.88,0
12352,0,1,3,4,4,True,214,4,229,1253,12.53,0
12353,0,1,3,4,16,True,213,5,221,1501,15.01,0
12354,0,1,3,4,34,True,243,1,139,395,3.95,0
12355,0,1,3,4,33,False,174,2,50,562,5.62,0
12356,0,1,3,4,16,False,152,6,84,1620,16.2,0
12357,0,1,3,4,17,False,152,6,40,1576,15.76,0
12358,0,1,3,4,3,True,155,1,176,432,4.32,0
12359,0,1,3,4,4,True,152,6,63,1599,15.99,0
12360,0,1,3,4,16,True,152,6,19,1555,15.55,0
12361,0,1,3,4,34,True,174,2,28,540,5.4,0
12362,0,1,3,4,28,False,107,15,86,3926,39.26,0
12363,0,1,3,4,16,False,5,3,0,768,7.68,167772160
12364,0,-1,-1,-1,-1,True,-1,-1,-1,-1,-1.0,-1
12365,0,49,0,0,0,False,0,0,10,10,0.1,0
12366,0,-1,-1,-1,-1,True,-1,-1,-1,-1,-1.0,-1
12367,0,-1,-1,-1,-1,True,-1,-1,-1,-1,-1.0,-1
12368,0,1,3,4,4,True,73,5,60,1340,13.4,0
12369,0,1,3,4,16,True,73,6,29,1565,15.65,0
12370,0,1,3,4,34,True,62,4,184,1208,12.08,0
12371,0,1,3,4,33,False,73,5,2,1282,12.82,0
12372,0,1,3,4,16,False,87,5,53,1333,13.33,0
12373,0,1,3,4,15,False,89,6,242,1778,17.78,0
12374,0,1,3,4,17,False,87,4,155,1179,11.79,0
12375,0,1,3,4,3,True,88,6,255,1791,17.91,0
12376,0,1,3,4,4,True,87,5,31,1311,13.11,0
12377,0,1,3,4,5,True,89,0,255,255,2.55,0
12378,0,1,3,4,16,True,88,4,130,1154,11.54,0
12379,0,1,3,4,34,True,73,4,235,1259,12.59,0
12380,0,1,3,4,33,False,29,3,149,917,9.17,0
12381,0,1,3,4,16,False,25,4,180,1204,12.04,0
12382,0,1,3,4,17,False,25,4,218,1242,12.42,0
12383,0,1,3,4,3,True,26,3,71,839,8.39,0
12384,0,1,3,4,4,True,25,4,160,1184,11.84,0
12385,0,1,3,4,16,True,25,4,196,1220,12.2,0
12386,0,1,3,4,34,True,29,3,126,894,8.94,0
12387,0,1,3,4,33,False,227,2,212,724,7.24,0
12388,0,1,3,4,16,False,0,10,1,2561,25.61,85594140
12389,0,-1,-1,-1,-1,True,-1,-1,-1,-1,-1.0,-1
12390,0,-1,-1,-1,-1,True,-1,-1,-1,-1,-1.0,-1
12391,0,-1,-1,-1,-1,True,-1,-1,-1,-1,-1.0,-1
12392,0,-1,-1,-1,-1,True,-1,-1,-1,-1,-1.0,-1
12393,0,1,3,4,17,False,27,6,50,1586,15.86,0
12394,0,1,3,4,3,True,27,4,174,1198,11.98,0
12395,0,1,3,4,4,True,26,4,252,1276,12.76,0
12396,0,1,3,4,16,True,27,6,29,1565,15.65,0
12397,0,1,3,4,34,True,17,4,151,1175,11.75,0
12398,0,1,3,4,33,False,9,2,16,528,5.28,0
12399,0,1,3,4,17,False,241,5,78,1358,13.58,0
12400,0,1,3,4,16,False,241,7,76,1868,18.68,0
12401,0,1,3,4,3,True,244,4,15,1039,10.39,0
12402,0,1,3,4,4,True,241,7,54,1846,18.46,0
12403,0,1,3,4,16,True,241,5,58,1338,13.38,0
12404,0,1,3,4,32,True,243,1,137,393,3.93,0
12405,0,1,3,4,34,True,9,1,250,506,5.06,0
12406,0,1,3,4,33,False,58,15,183,4023,40.23,0
12407,0,1,3,4,15,False,6,6,57,1593,15.93,0
12408,0,1,3,4,16,False,4,6,5,1541,15.41,0
12409,0,1,3,4,17,False,4,5,167,1447,14.47,0
12410,0,1,3,4,3,True,5,6,61,1597,15.97,0
12411,0,1,3,4,4,True,4,5,238,1518,15.18,0
12412,0,1,3,4,16,True,4,5,147,1427,14.27,0
12413,0,1,3,4,32,True,6,1,126,382,3.82,0
12414,0,1,3,4,34,True,58,15,160,4000,40.0,0
12415,0,1,3,4,33,False,121,4,190,1214,12.14,0
12416,0,1,3,4,16,False,133,3,164,932,9.32,0
12417,0,1,3,4,3,True,135,2,1,513,5.13,0
12418,0,1,3,4,4,True,133,3,142,910,9.1,0
12419,0,1,3,4,34,True,121,4,167,1191,11.91,0
12420,0,1,3,4,33,False,233,11,162,2978,29.78,0
12421,0,1,3,4,15,False,130,3,211,979,9.79,0
12422,0,1,3,4,16,False,127,5,122,1402,14.02,0
12423,0,1,3,4,17,False,127,5,175,1455,14.55,0
12424,0,1,3,4,3,True,127,5,100,1380,13.8,0
12425,0,1,3,4,4,True,127,3,230,998,9.98,0
12426,0,1,3,4,16,True,127,5,154,1434,14.34,0
12427,0,1,3,4,32,True,129,1,241,497,4.97,0
12428,0,1,3,4,34,True,233,11,140,2956,29.56,0
12429,0,1,3,4,33,False,91,6,122,1658,16.58,0
12430,0,1,3,4,16,False,123,4,103,1127,11.27,0
12431,0,1,3,4,17,False,123,5,250,1530,15.3,0
12432,0,1,3,4,3,True,124,4,41,1065,10.65,0
12433,0,1,3,4,4,True,123,4,80,1104,11.04,0
12434,0,1,3,4,16,True,123,5,229,1509,15.09,0
12435,0,1,3,4,32,True,126,1,151,407,4.07,0
12436,0,1,3,4,34,True,91,6,98,1634,16.34,0
12437,0,1,3,4,33,False,252,1,13,269,2.69,0
12438,0,1,3,4,16,False,216,2,4,516,5.16,248
12439,0,-1,-1,-1,-1,True,-1,-1,-1,-1,-1.0,-1
12440,0,1,3,4,3,True,35,4,83,1107,11.07,0
12441,0,1,3,4,4,True,34,5,86,1366,13.66,0
12442,0,1,3,4,16,True,34,4,227,1251,12.51,0
12443,0,1,3,4,32,True,36,1,146,402,4.02,0
12444,0,1,3,4,34,True,8,5,207,1487,14.87,0
12445,0,1,3,4,16,False,208,2,64,576,5.76,0
12446,0,1,3,4,17,False,204,5,242,1522,15.22,0
12447,0,1,3,4,33,False,227,2,51,563,5.63,0
12448,0,1,3,4,4,True,206,2,72,584,5.84,0
12449,0,1,3,4,16,True,204,5,222,1502,15.02,0
12450,0,1,3,4,34,True,227,2,28,540,5.4,0
12451,0,1,3,4,33,False,5,3,99,867,8.67,0
12452,0,1,3,4,16,False,0,4,30,1054,10.54,0
12453,0,1,3,4,17,False,254,6,97,1633,16.33,0
12454,0,1,3,4,3,True,2,3,239,1007,10.07,0
12455,0,1,3,4,4,True,255,2,247,759,7.59,0
12456,0,1,3,4,16,True,254,6,76,1612,16.12,0
12457,0,1,3,4,34,True,5,3,76,844,8.44,0
12458,0,1,3,4,33,False,71,15,156,3996,39.96,0
12459,0,1,3,4,16,False,4,5,0,1280,12.8,167772160
12460,0,-1,-1,-1,-1,True,-1,-1,-1,-1,-1.0,-1
12461,0,247,0,0,0,False,0,0,10,10,0.1,0
12462,0,-1,-1,-1,-1,True,-1,-1,-1,-1,-1.0,-1
12463,0,-1,-1,-1,-1,True,-1,-1,-1,-1,-1.0,-1
12464,0,-1,-1,-1,-1,True,-1,-1,-1,-1,-1.0,-1
12465,0,-1,-1,-1,-1,True,-1,-1,-1,-1,-1.0,-1
12466,0,1,3,4,4,True,197,4,222,1246,12.46,0
12467,0,1,3,4,16,True,197,6,226,1762,17.62,0
12468,0,1,3,4,34,True,208,2,245,757,7.57,0
12469,0,1,3,4,33,False,179,15,46,3886,38.86,0
12470,0,1,3,4,15,False,122,3,164,932,9.32,0
12471,0,1,3,4,16,False,118,7,108,1900,19.0,0
12472,0,1,3,4,17,False,119,4,117,1141,11.41,0
12473,0,1,3,4,3,True,119,5,84,1364,13.64,0
12474,0,1,3,4,4,True,118,7,86,1878,18.78,0
12475,0,1,3,4,16,True,119,4,96,1120,11.2,0
12476,0,1,3,4,34,True,179,15,24,3864,38.64,0
12477,0,1,3,4,33,False,254,4,106,1130,11.3,0
12478,0,1,3,4,16,False,7,3,50,818,8.18,0
12479,0,1,3,4,17,False,4,4,23,1047,10.47,0
12480,0,1,3,4,3,True,9,1,190,446,4.46,0
12481,0,1,3,4,4,True,7,3,28,796,7.96,0
12482,0,1,3,4,16,True,4,4,2,1026,10.26,0
12483,0,1,3,4,34,True,254,4,83,1107,11.07,0
12484,0,1,3,4,25,False,119,13,98,3426,34.26,0
12485,0,1,3,4,16,False,243,5,174,1454,14.54,0
12486,0,1,3,4,17,False,82,5,99,1379,13.79,0
12487,0,1,3,4,3,True,83,5,133,1413,14.13,0
12488,0,1,3,4,4,True,82,5,125,1405,14.05,0
12489,0,1,3,4,16,True,82,5,79,1359,13.59,0
12490,0,1,3,4,34,True,87,3,123,891,8.91,0
12491,0,1,3,4,33,False,145,1,155,411,4.11,0
12492,0,1,3,4,16,False,115,4,66,1090,10.9,0
12493,0,1,3,4,17,False,115,3,210,978,9.78,0
12494,0,1,3,4,3,True,116,4,25,1049,10.49,0
12495,0,1,3,4,4,True,115,3,200,968,9.68,0
12496,0,1,3,4,16,True,115,3,189,957,9.57,0
12497,0,1,3,4,32,True,118,1,134,390,3.9,0
12498,0,1,3,4,34,True,145,1,131,387,3.87,0
12499,0,1,3,4,33,False,128,0,187,187,1.87,0
12500,0,1,3,4,16,False,87,5,84,1364,13.64,0
12501,0,1,3,4,17,False,87,5,139,1419,14.19,0
12502,0,1,3,4,3,True,88,4,57,1081,10.81,0
12503,0,1,3,4,4,True,87,5,61,1341,13.41,0
12504,0,1,3,4,16,True,87,5,117,1397,13.97,0
12505,0,1,3,4,34,True,128,0,163,163,1.63,0
12506,0,1,3,4,16,False,97,1,253,509,5.09,0
12507,0,1,3,4,17,False,96,12,56,3128,31.28,0
12508,0,1,3,4,33,False,181,10,252,2812,28.12,0
12509,0,1,3,4,17,False,66,5,112,1392,13.92,0
12510,0,1,3,4,4,True,69,0,127,127,1.27,0
12511,0,1,3,4,16,True,66,5,90,1370,13.7,0
12512,0,1,3,4,34,True,181,10,230,2790,27.9,0
12513,0,1,3,4,33,False,48,8,174,2222,22.22,0
12514,0,1,3,4,16,False,160,5,148,1428,14.28,0
12515,0,1,3,4,17,False,161,4,168,1192,11.92,0
12516,0,1,3,4,3,True,162,3,126,894,8.94,0
12517,0,1,3,4,4,True,160,5,126,1406,14.06,0
12518,0,1,3,4,16,True,161,4,148,1172,11.72,0
12519,0,1,3,4,34,True,48,8,152,2200,22.0,0
12520,0,1,3,4,33,False,187,1,176,432,4.32,0
12521,0,1,3,4,16,False,159,5,3,1283,12.83,181
12522,0,-1,-1,-1,-1,True,-1,-1,-1,-1,-1.0,-1
12523,0,1,3,4,17,False,100,3,226,994,9.94,0
12524,0,1,3,4,3,True,102,3,159,927,9.27,0
12525,0,1,3,4,4,True,101,2,216,728,7.28,0
12526,0,1,3,4,16,True,100,3,203,971,9.71,0
12527,0,1,3,4,34,True,134,1,31,287,2.87,0
12528,0,1,3,4,33,False,4,2,171,683,6.83,0
12529,0,1,3,4,17,False,244,4,255,1279,12.79,0
12530,0,1,3,4,4,True,246,1,123,379,3.79,0
12531,0,1,3,4,16,True,244,4,234,1258,12.58,0
12532,0,1,3,4,34,True,4,2,148,660,6.6,0
12533,0,1,3,4,33,False,2,0,202,202,2.02,0
12534,0,1,3,4,16,False,111,5,149,1429,14.29,0
12535,0,1,3,4,17,False,111,4,56,1080,10.8,0
12536,0,1,3,4,3,True,112,5,112,1392,13.92,0
12537,0,1,3,4,4,True,111,4,178,1202,12.02,0
12538,0,1,3,4,16,True,111,4,36,1060,10.6,0
12539,0,1,3,4,34,True,170,15,53,3893,38.93,0
12540,0,1,3,4,33,False,166,5,186,1466,14.66,0
12541,0,1,3,4,16,False,189,5,229,1509,15.09,0
12542,0,1,3,4,17,False,98,3,60,828,8.28,0
12543,0,1,3,4,17,False,97,4,174,1198,11.98,0
12544,0,1,3,4,3,True,100,1,143,399,3.99,0
12545,0,1,3,4,4,True,98,3,47,815,8.15,0
12546,0,1,3,4,16,True,96,4,154,1178,11.78,0
12547,0,1,3,4,34,True,91,4,87,1111,11.11,0
12548,0,1,3,4,33,False,199,13,241,3569,35.69,0
12549,0,1,3,4,16,False,123,3,226,994,9.94,0
12550,0,1,3,4,17,False,122,4,55,1079,10.79,0
12551,0,1,3,4,3,True,124,3,62,830,8.3,0
12552,0,1,3,4,4,True,123,3,204,972,9.72,0
12553,0,1,3,4,16,True,122,4,34,1058,10.58,0
12554,0,1,3,4,34,True,199,13,218,3546,35.46,0
12555,0,1,3,4,33,False,15,15,63,3903,39.03,0
12556,0,1,3,4,16,False,0,10,1,2561,25.61,87461916
12557,0,-1,-1,-1,-1,True,-1,-1,-1,-1,-1.0,-1
12558,0,-1,-1,-1,-1,True,-1,-1,-1,-1,-1.0,-1
12559,0,-1,-1,-1,-1,True,-1,-1,-1,-1,-1.0,-1
12560,0,-1,-1,-1,-1,True,-1,-1,-1,-1,-1.0,-1
12561,0,1,3,4,34,True,143,12,229,3301,33.01,0
12562,0,1,3,4,33,False,79,14,10,3594,35.94,0
12563,0,1,3,4,16,False,5,4,190,1214,12.14,0
12564,0,1,3,4,17,False,4,4,210,1234,12.34,0
12565,0,1,3,4,3,True,6,3,83,851,8.51,0
12566,0,1,3,4,4,True,5,4,172,1196,11.96,0
12567,0,1,3,4,16,True,4,4,189,1213,12.13,0
12568,0,1,3,4,34,True,79,13,242,3570,35.7,0
12569,0,1,3,4,33,False,229,13,44,3372,33.72,0
12570,0,1,3,4,16,False,130,3,56,824,8.24,0
12571,0,1,3,4,17,False,129,6,73,1609,16.09,0
12572,0,1,3,4,3,True,130,3,32,800,8.0,0
12573,0,1,3,4,4,True,132,2,128,640,6.4,0
12574,0,1,3,4,16,True,129,6,52,1588,15.88,0
12575,0,1,3,4,34,True,209,13,145,3473,34.73,0
12576,0,1,3,4,33,False,93,8,125,2173,21.73,0
12577,0,1,3,4,16,False,202,4,243,1267,12.67,0
12578,0,1,3,4,17,False,202,5,137,1417,14.17,0
12579,0,1,3,4,3,True,204,2,224,736,7.36,0
12580,0,1,3,4,4,True,202,4,221,1245,12.45,0
12581,0,1,3,4,16,True,202,5,117,1397,13.97,0
12582,0,1,3,4,34,True,93,8,102,2150,21.5,0
12583,0,1,3,4,33,False,168,12,245,3317,33.17,0
12584,0,1,3,4,16,False,79,3,173,941,9.41,0
12585,0,1,3,4,17,False,79,5,8,1288,12.88,0
12586,0,1,3,4,3,True,82,2,0,512,5.12,0
12587,0,1,3,4,4,True,79,3,151,919,9.19,0
12588,0,1,3,4,16,True,79,4,244,1268,12.68,0
12589,0,1,3,4,34,True,168,12,222,3294,32.94,0
12590,0,1,3,4,33,False,103,7,201,1993,19.93,0
12591,0,1,3,4,16,False,204,6,200,1736,17.36,0
12592,0,1,3,4,17,False,69,5,10,1290,12.9,0
12593,0,1,3,4,3,True,71,4,49,1073,10.73,0
12594,0,1,3,4,4,True,70,6,178,1714,17.14,0
12595,0,1,3,4,16,True,69,4,246,1270,12.7,0
12596,0,1,3,4,34,True,92,2,13,525,5.25,0
12597,0,1,3,4,31,False,188,4,24,1048,10.48,0
12598,0,1,3,4,17,False,241,5,237,1517,15.17,0
12599,0,1,3,4,16,False,241,7,221,2013,20.13,0
12600,0,1,3,4,3,True,242,4,171,1195,11.95,0
12601,0,1,3,4,4,True,241,7,199,1991,19.91,0
12602,0,1,3,4,16,True,241,5,217,1497,14.97,0
12603,0,1,3,4,34,True,188,4,1,1025,10.25,0
12604,0,1,3,4,33,False,173,2,67,579,5.79,0
12605,0,1,3,4,16,False,151,6,80,1616,16.16,0
12606,0,1,3,4,17,False,151,6,127,1663,16.63,0
12607,0,1,3,4,3,True,153,1,245,501,5.01,0
12608,0,1,3,4,4,True,151,6,58,1594,15.94,0
12609,0,1,3,4,16,True,151,9,5,2309,23.09,29
12610,0,-1,-1,-1,-1,True,-1,-1,-1,-1,-1.0,-1
12611,0,1,3,4,17,False,105,4,6,1030,10.3,0
12612,0,1,3,4,3,True,106,3,242,1010,10.1,0
12613,0,1,3,4,4,True,105,5,6,1286,12.86,0
12614,0,1,3,4,16,True,105,3,241,1009,10.09,0
12615,0,1,3,4,34,True,174,14,98,3682,36.82,0
12616,0,1,3,4,33,False,152,11,106,2922,29.22,0
12617,0,1,3,4,16,False,43,5,71,1351,13.51,0
12618,0,1,3,4,17,False,43,3,30,798,7.98,0
12619,0,1,3,4,3,True,44,3,156,924,9.24,0
12620,0,1,3,4,4,True,43,5,49,1329,13.29,0
12621,0,1,3,4,16,True,44,1,157,413,4.13,0
12622,0,1,3,4,34,True,152,11,84,2900,29.0,0
12623,0,1,3,4,33,False,45,12,157,3229,32.29,0
12624,0,1,3,4,16,False,208,4,239,1263,12.63,0
12625,0,1,3,4,17,False,208,5,250,1530,15.3,0
12626,0,1,3,4,3,True,209,4,124,1148,11.48,0
12627,0,1,3,4,4,True,208,4,217,1241,12.41,0
12628,0,1,3,4,16,True,207,5,230,1510,15.1,0
12629,0,1,3,4,34,True,45,12,134,3206,32.06,0
12630,0,1,3,4,16,False,66,2,33,545,5.45,0
12631,0,1,3,4,17,False,64,5,66,1346,13.46,0
12632,0,1,3,4,33,False,37,6,4,1540,15.4,0
12633,0,1,3,4,3,True,70,0,247,247,2.47,0
12634,0,1,3,4,4,True,66,2,11,523,5.23,0
12635,0,1,3,4,5,True,67,0,103,103,1.03,0
12636,0,1,3,4,16,True,64,5,46,1326,13.26,0
12637,0,1,3,4,34,True,37,5,237,1517,15.17,0
12638,0,1,3,4,33,False,32,12,78,3150,31.5,0
12639,0,1,3,4,16,False,192,3,147,915,9.15,0
12640,0,1,3,4,17,False,191,5,15,1295,12.95,0
12641,0,1,3,4,3,True,194,0,195,195,1.95,0
12642,0,1,3,4,4,True,192,3,125,893,8.93,0
12643,0,1,3,4,16,True,191,4,250,1274,12.74,0
12644,0,1,3,4,34,True,32,12,56,3128,31.28,0
12645,0,1,3,4,33,False,30,6,66,1602,16.02,0
12646,0,1,3,4,16,False,13,2,147,659,6.59,0
12647,0,1,3,4,17,False,12,4,152,1176,11.76,0
12648,0,1,3,4,3,True,16,2,67,579,5.79,0
12649,0,1,3,4,4,True,13,2,87,599,5.99,0
12650,0,1,3,4,16,True,12,4,132,1156,11.56,0
12651,0,1,3,4,34,True,97,13,54,3382,33.82,0
12652,0,1,3,4,33,False,86,1,9,265,2.65,0
12653,0,1,3,4,16,False,50,10,1,2561,25.61,79663132
12654,0,-1,-1,-1,-1,True,-1,-1,-1,-1,-1.0,-1
12655,0,-1,-1,-1,-1,True,-1,-1,-1,-1,-1.0,-1
12656,0,-1,-1,-1,-1,True,-1,-1,-1,-1,-1.0,-1
12657,0,-1,-1,-1,-1,True,-1,-1,-1,-1,-1.0,-1
12658,0,1,3,4,34,True,232,0,139,139,1.39,0
12659,0,1,3,4,33,False,5,15,5,3845,38.45,0
12660,0,1,3,4,16,False,198,6,122,1658,16.58,0
12661,0,1,3,4,17,False,199,4,211,1235,12.35,0
12662,0,1,3,4,3,True,199,5,102,1382,13.82,0
12663,0,1,3,4,4,True,198,6,99,1635,16.35,0
12664,0,1,3,4,16,True,199,4,191,1215,12.15,0
12665,0,1,3,4,34,True,5,14,239,3823,38.23,0
12666,0,1,3,4,33,False,78,11,236,3052,30.52,0
12667,0,1,3,4,16,False,233,5,236,1516,15.16,0
12668,0,1,3,4,17,False,212,3,218,986,9.86,0
12669,0,1,3,4,3,True,213,3,234,1002,10.02,0
12670,0,1,3,4,4,True,211,5,214,1494,14.94,0
12671,0,1,3,4,16,True,212,3,198,966,9.66,0
12672,0,1,3,4,34,True,16,15,28,3868,38.68,0
12673,0,1,3,4,33,False,204,12,153,3225,32.25,0
12674,0,1,3,4,16,False,111,2,249,761,7.61,0
12675,0,1,3,4,17,False,110,4,83,1107,11.07,0
12676,0,1,3,4,3,True,113,0,236,236,2.36,0
12677,0,1,3,4,4,True,111,2,227,739,7.39,0
12678,0,1,3,4,16,True,110,4,62,1086,10.86,0
12679,0,1,3,4,34,True,204,12,129,3201,32.01,0
12680,0,1,3,4,33,False,11,1,99,355,3.55,0
12681,0,1,3,4,16,False,235,4,76,1100,11.0,0
12682,0,1,3,4,17,False,234,6,85,1621,16.21,0
12683,0,1,3,4,3,True,236,3,5,773,7.73,0
12684,0,1,3,4,4,True,235,4,56,1080,10.8,0
12685,0,1,3,4,16,True,234,6,64,1600,16.0,0
12686,0,1,3,4,34,True,11,1,75,331,3.31,0
12687,0,1,3,4,33,False,167,14,30,3614,36.14,0
12688,0,1,3,4,15,False,96,4,31,1055,10.55,0
12689,0,1,3,4,16,False,93,10,5,2565,25.65,164
12690,0,-1,-1,-1,-1,True,-1,-1,-1,-1,-1.0,-1
12691,0,1,3,4,3,True,76,3,252,1020,10.2,0
12692,0,1,3,4,4,True,75,4,182,1206,12.06,0
12693,0,1,3,4,5,True,76,2,146,658,6.58,0
12694,0,1,3,4,16,True,74,5,144,1424,14.24,0
12695,0,1,3,4,34,True,187,11,6,2822,28.22,0
12696,0,1,3,4,33,False,62,12,127,3199,31.99,0
12697,0,1,3,4,16,False,223,5,149,1429,14.29,0
12698,0,1,3,4,17,False,223,4,175,1199,11.99,0
12699,0,1,3,4,4,False,107,0,0,0,0.0,17432576
12700,0,4,25,5,0,False,0,0,0,0,0.0,2199650570
12701,0,0,0,0,0,False,0,10,1,2561,25.61,28
12702,0,4,12,0,0,False,0,0,0,0,0.0,2417754378
12703,0,-1,-1,-1,-1,True,-1,-1,-1,-1,-1.0,-1
12704,0,-1,-1,-1,-1,True,-1,-1,-1,-1,-1.0,-1
12705,0,-1,-1,-1,-1,True,-1,-1,-1,-1,-1.0,-1
12706,0,-1,-1,-1,-1,True,-1,-1,-1,-1,-1.0,-1
12707,0,1,3,4,17,False,90,6,55,1591,15.91,0
12708,0,1,3,4,3,True,93,1,202,458,4.58,0
12709,0,1,3,4,4,True,90,3,213,981,9.81,0
12710,0,1,3,4,16,True,90,6,35,1571,15.71,0
12711,0,1,3,4,34,True,214,10,40,2600,26.0,0
12712,0,1,3,4,33,False,117,4,76,1100,11.0,0
12713,0,1,3,4,15,False,126,3,114,882,8.82,0
12714,0,1,3,4,16,False,122,4,5,1029,10.29,160
12715,0,-1,-1,-1,-1,True,-1,-1,-1,-1,-1.0,-1
12716,0,1,3,4,17,False,179,5,146,1426,14.26,0
12717,0,1,3,4,3,True,181,5,122,1402,14.02,0
12718,0,1,3,4,4,True,180,4,216,1240,12.4,0
12719,0,1,3,4,16,True,179,5,125,1405,14.05,0
12720,0,1,3,4,34,True,91,6,189,1725,17.25,0
12721,0,1,3,4,33,False,118,0,25,25,0.25,0
12722,0,1,3,4,16,False,70,6,7,1543,15.43,0
12723,0,1,3,4,17,False,70,4,149,1173,11.73,0
12724,0,1,3,4,3,True,74,0,155,155,1.55,0
12725,0,1,3,4,4,True,69,5,241,1521,15.21,0
12726,0,1,3,4,16,True,70,4,129,1153,11.53,0
12727,0,1,3,4,32,True,71,2,74,586,5.86,0
12728,0,1,3,4,34,True,118,0,3,3,0.03,0
12729,0,1,3,4,33,False,160,10,57,2617,26.17,0
12730,0,-1,-1,-1,-1,True,-1,-1,-1,-1,-1.0,-1
