,readout,layer,chipID,payload,location,isCol,timestamp,tot_msb,tot_lsb,tot_total,tot_us,fpga_ts
0,0,1,3,4,11,False,45,1,153,409,4.09,0
1,0,1,3,4,14,False,17,0,97,97,0.97,0
2,0,1,3,4,15,False,17,13,121,3449,34.49,0
3,0,1,3,4,13,False,28,13,105,3433,34.33,0
4,0,1,2,4,19,False,28,5,175,1455,14.55,0
5,0,1,3,4,16,False,231,6,6,1542,15.42,0
6,0,1,2,4,17,True,28,5,156,1436,14.36,0
7,0,1,3,4,25,False,40,12,114,3186,31.86,0
8,0,1,3,4,13,False,209,12,138,3210,32.1,0
9,0,1,5,0,0,False,0,0,0,0,0.0,0
10,0,1,1,4,28,False,13,2,0,512,5.12,167772160
11,0,-1,-1,-1,-1,True,-1,-1,-1,-1,-1.0,-1
12,0,239,0,0,0,False,0,0,10,10,0.1,1855134721
13,0,-1,-1,-1,-1,True,-1,-1,-1,-1,-1.0,-1
14,0,-1,-1,-1,-1,True,-1,-1,-1,-1,-1.0,-1
15,0,-1,-1,-1,-1,True,-1,-1,-1,-1,-1.0,-1
16,0,1,3,4,11,False,61,2,222,734,7.34,0
17,0,1,3,4,10,True,61,2,196,708,7.08,0
18,0,1,3,4,32,False,38,10,32,2592,25.92,0
19,0,1,3,4,24,True,121,13,169,3497,34.97,0
20,0,1,3,4,13,False,120,5,86,1366,13.66,0
21,0,1,3,4,23,True,120,5,65,1345,13.45,0
22,0,1,3,4,23,True,27,0,105,105,1.05,0
23,0,1,3,4,11,False,26,3,214,982,9.82,0
24,0,1,3,4,15,True,74,4,111,1135,11.35,0
25,0,1,3,4,22,False,44,10,57,2617,26.17,0
26,0,1,3,4,16,True,44,10,36,2596,25.96,0
27,0,1,3,4,1,False,161,13,195,3523,35.23,0
28,0,1,3,4,11,True,161,13,171,3499,34.99,0
29,0,1,1,4,15,False,215,5,195,1475,14.75,0
30,0,1,3,4,0,False,161,7,66,1858,18.58,0
31,0,1,1,4,16,False,215,1,113,369,3.69,0
32,0,1,3,4,43,False,28,3,220,988,9.88,5
33,0,-1,-1,-1,-1,True,-1,-1,-1,-1,-1.0,-1
34,0,1,4,0,0,False,0,0,0,0,0.0,0
35,0,1,3,4,19,False,236,1,191,447,4.47,0
36,0,1,3,4,18,False,2,15,0,3840,38.4,167772160
37,0,-1,-1,-1,-1,True,-1,-1,-1,-1,-1.0,-1
38,0,-1,-1,-1,-1,True,-1,-1,-1,-1,-1.0,-1
39,0,-1,-1,-1,-1,True,-1,-1,-1,-1,-1.0,-1
40,0,-1,-1,-1,-1,True,-1,-1,-1,-1,-1.0,-1
41,0,-1,-1,-1,-1,True,-1,-1,-1,-1,-1.0,-1
42,0,-1,-1,-1,-1,True,-1,-1,-1,-1,-1.0,-1
43,0,1,3,4,2,False,25,12,22,3094,30.94,0
44,0,1,16,5,12,False,196,12,139,3211,32.11,133
45,0,1,1,4,46,True,84,12,150,3222,32.22,69
46,0,-1,-1,-1,-1,True,-1,-1,-1,-1,-1.0,-1
47,0,1,0,1,63,False,0,0,0,0,0.0,0
48,0,130,0,0,0,False,0,0,10,10,0.1,0
49,0,-1,-1,-1,-1,True,-1,-1,-1,-1,-1.0,-1
50,0,-1,-1,-1,-1,True,-1,-1,-1,-1,-1.0,-1
51,0,1,3,4,33,True,251,5,201,1481,14.81,0
52,0,1,3,4,30,False,245,13,151,3479,34.79,0
53,0,1,3,4,27,True,245,13,127,3455,34.55,0
54,0,1,3,4,18,False,35,1,202,458,4.58,0
55,0,1,3,4,22,True,35,1,179,435,4.35,0
56,0,1,3,4,16,False,198,3,230,998,9.98,0
57,0,1,3,4,17,False,199,2,120,632,6.32,0
58,0,1,3,4,22,True,198,3,206,974,9.74,0
59,0,1,3,4,31,False,179,11,124,2940,29.4,0
60,0,1,3,4,32,True,179,11,104,2920,29.2,0
61,0,1,3,4,12,False,83,12,79,3151,31.51,0
62,0,1,3,4,24,True,54,15,159,3999,39.99,0
63,0,1,3,4,1,False,163,2,0,512,5.12,0
64,0,1,3,4,31,True,232,3,9,777,7.77,0
65,0,1,3,4,24,False,227,3,59,827,8.27,0
66,0,1,3,4,32,True,14,14,0,3584,35.84,167772160
67,0,-1,-1,-1,-1,True,-1,-1,-1,-1,-1.0,-1
68,0,222,0,0,0,False,0,0,10,10,0.1,1
69,0,199,0,0,0,False,0,0,10,10,0.1,1
70,0,213,0,0,0,False,0,0,10,10,0.1,4035779585
71,0,-1,-1,-1,-1,True,-1,-1,-1,-1,-1.0,-1
72,0,-1,-1,-1,-1,True,-1,-1,-1,-1,-1.0,-1
73,0,-1,-1,-1,-1,True,-1,-1,-1,-1,-1.0,-1
74,0,-1,-1,-1,-1,True,-1,-1,-1,-1,-1.0,-1
75,0,1,3,4,23,False,218,4,149,1173,11.73,0
76,0,1,3,4,20,True,218,4,128,1152,11.52,0
77,0,1,3,4,31,False,148,11,83,2899,28.99,0
78,0,1,3,4,6,True,148,11,61,2877,28.77,0
79,0,1,3,4,32,False,148,5,35,1315,13.15,0
80,0,1,3,4,7,True,148,13,175,3503,35.03,0
81,0,1,3,4,21,True,98,13,151,3479,34.79,0
82,0,1,3,4,30,False,69,15,156,3996,39.96,0
83,0,1,3,4,30,True,69,15,136,3976,39.76,0
84,0,1,3,4,31,True,70,15,31,3871,38.71,0
85,0,1,3,4,28,False,253,0,10,10,0.1,0
86,0,1,3,4,30,True,253,9,44,2348,23.48,0
87,0,1,3,4,22,False,121,15,195,4035,40.35,0
88,0,1,3,4,22,True,121,15,175,4015,40.15,0
89,0,1,3,4,3,False,198,10,25,2585,25.85,0
90,0,1,3,4,20,True,198,10,2,2562,25.62,0
91,0,1,3,4,18,False,194,5,28,1308,13.08,0
92,0,1,3,4,16,False,194,9,84,2388,23.88,0
93,0,1,3,4,17,False,191,0,53,53,0.53,0
94,0,1,3,4,15,True,191,6,27,1563,15.63,0
95,0,1,3,4,20,True,255,3,112,880,8.8,0
96,0,1,3,4,22,True,0,5,245,1525,15.25,0
97,0,1,3,4,25,False,235,11,232,3048,30.48,0
98,0,1,3,4,17,True,235,11,209,3025,30.25,0
99,0,1,3,4,26,False,124,4,98,1122,11.22,0
100,0,1,3,4,30,True,124,4,77,1101,11.01,0
101,0,1,3,4,31,True,14,2,0,512,5.12,167772160
102,0,-1,-1,-1,-1,True,-1,-1,-1,-1,-1.0,-1
103,0,197,3,4,26,True,0,0,0,0,0.0,201394688
104,0,-1,-1,-1,-1,True,-1,-1,-1,-1,-1.0,-1
105,0,-1,-1,-1,-1,True,-1,-1,-1,-1,-1.0,-1
106,0,-1,-1,-1,-1,True,-1,-1,-1,-1,-1.0,-1
107,0,1,8,2,15,False,8,13,0,3328,33.28,0
108,0,-1,-1,-1,-1,True,-1,-1,-1,-1,-1.0,-1
109,0,1,3,4,24,True,146,8,151,2199,21.99,0
110,0,1,3,4,31,False,203,2,131,643,6.43,0
111,0,1,3,4,19,True,203,2,111,623,6.23,0
112,0,1,3,4,29,False,105,9,17,2321,23.21,0
113,0,1,3,4,6,True,199,7,174,1966,19.66,0
114,0,1,3,4,7,True,200,8,241,2289,22.89,0
115,0,1,3,4,15,False,207,2,121,633,6.33,0
116,0,1,3,4,29,True,207,2,101,613,6.13,0
117,0,1,3,4,30,False,14,7,28,1820,18.2,1014808
118,0,-1,-1,-1,-1,True,-1,-1,-1,-1,-1.0,-1
119,0,-1,-1,-1,-1,True,-1,-1,-1,-1,-1.0,-1
120,0,-1,-1,-1,-1,True,-1,-1,-1,-1,-1.0,-1
121,0,1,22,0,0,False,0,0,0,0,0.0,0
122,0,1,3,4,18,True,124,15,154,3994,39.94,0
123,0,1,3,4,16,False,12,12,195,3267,32.67,0
124,0,1,3,4,25,True,12,12,171,3243,32.43,0
125,0,1,3,4,32,False,233,4,37,1061,10.61,0
126,0,1,3,4,10,True,232,4,13,1037,10.37,0
127,0,1,3,4,2,False,6,8,66,2114,21.14,0
128,0,1,3,4,30,True,6,8,43,2091,20.91,0
129,0,1,3,6,6,False,8,11,4,2820,28.2,57113
130,0,1,3,0,0,False,0,0,0,0,0.0,0
131,0,1,3,0,0,False,0,0,0,0,0.0,0
132,0,1,3,4,15,False,3,8,0,2048,20.48,167772160
133,0,-1,-1,-1,-1,True,-1,-1,-1,-1,-1.0,-1
134,0,10,9,1,0,False,0,0,0,0,0.0,2518417674
135,0,230,0,0,0,False,0,0,10,10,0.1,3533446145
136,0,-1,-1,-1,-1,True,-1,-1,-1,-1,-1.0,-1
137,0,-1,-1,-1,-1,True,-1,-1,-1,-1,-1.0,-1
138,0,-1,-1,-1,-1,True,-1,-1,-1,-1,-1.0,-1
139,0,-1,-1,-1,-1,True,-1,-1,-1,-1,-1.0,-1
140,0,1,3,4,29,False,43,11,109,2925,29.25,0
141,0,1,3,4,20,True,43,11,86,2902,29.02,0
142,0,1,3,4,23,False,183,7,71,1863,18.63,0
143,0,1,3,4,32,True,183,7,52,1844,18.44,0
144,0,1,3,4,15,False,13,2,0,512,5.12,167772160
145,0,-1,-1,-1,-1,True,-1,-1,-1,-1,-1.0,-1
146,0,10,11,4,0,False,0,0,0,0,0.0,2551972106
147,0,10,8,4,0,False,0,0,0,0,0.0,538706186
148,0,-1,-1,-1,-1,True,-1,-1,-1,-1,-1.0,-1
149,0,-1,-1,-1,-1,True,-1,-1,-1,-1,-1.0,-1
150,0,1,3,4,22,True,223,3,253,1021,10.21,0
151,0,1,3,4,23,False,240,11,241,3057,30.57,0
152,0,1,3,4,25,True,240,7,15,1807,18.07,0
153,0,1,3,4,17,False,225,13,254,3582,35.82,0
154,0,1,3,4,20,True,225,13,233,3561,35.61,0
155,0,1,3,4,18,False,170,11,54,2870,28.7,0
156,0,1,3,4,33,True,170,11,34,2850,28.5,0
157,0,1,3,4,21,False,215,13,184,3512,35.12,0
158,0,1,3,4,32,True,183,13,164,3492,34.92,0
159,0,1,3,4,25,False,226,8,120,2168,21.68,0
160,0,1,3,4,33,True,226,8,101,2149,21.49,0
161,0,1,3,4,13,False,181,0,121,121,1.21,0
162,0,1,3,4,8,False,235,11,64,2880,28.8,0
163,0,1,3,4,30,True,235,11,44,2860,28.6,0
164,0,1,3,4,32,False,56,1,57,313,3.13,0
165,0,1,3,4,20,True,56,1,33,289,2.89,0
166,0,1,3,4,25,True,246,2,138,650,6.5,0
167,0,1,3,4,5,False,237,10,6,2566,25.66,0
168,0,1,3,4,6,False,236,14,105,3689,36.89,0
169,0,1,3,4,24,True,236,14,83,3667,36.67,0
170,0,1,3,4,33,False,120,5,255,1535,15.35,0
171,0,1,3,4,25,True,89,13,174,3502,35.02,0
172,0,1,3,4,3,False,38,4,222,1246,12.46,0
173,0,1,3,4,8,True,184,14,232,3816,38.16,0
174,0,1,3,4,15,False,21,14,22,3606,36.06,0
175,0,1,3,4,33,True,21,14,2,3586,35.86,0
176,0,1,3,4,22,False,186,14,72,3656,36.56,0
177,0,1,3,4,34,True,3,10,0,2560,25.6,167772160
178,0,-1,-1,-1,-1,True,-1,-1,-1,-1,-1.0,-1
179,0,-1,-1,-1,-1,True,-1,-1,-1,-1,-1.0,-1
180,0,-1,-1,-1,-1,True,-1,-1,-1,-1,-1.0,-1
181,0,-1,-1,-1,-1,True,-1,-1,-1,-1,-1.0,-1
182,0,1,3,4,16,False,77,11,32,2848,28.48,0
183,0,1,3,4,11,True,77,11,7,2823,28.23,0
184,0,1,3,4,23,False,185,8,87,2135,21.35,0
185,0,1,3,7,57,True,8,7,4,1796,17.96,833817
186,0,1,3,5,4,False,150,9,12,2316,23.16,71
187,0,1,3,4,26,False,63,5,130,1410,14.1,0
188,0,1,3,4,29,True,63,5,136,1416,14.16,0
189,0,1,3,4,21,False,154,1,201,457,4.57,0
190,0,1,3,4,13,True,154,5,113,1393,13.93,0
191,0,1,3,4,24,False,32,11,173,2989,29.89,0
192,0,1,3,4,34,True,32,11,150,2966,29.66,0
193,0,1,3,4,29,False,86,13,222,3550,35.5,0
194,0,1,3,4,28,True,86,13,199,3527,35.27,0
195,0,1,3,4,31,False,80,0,182,182,1.82,0
196,0,1,3,4,25,True,80,0,161,161,1.61,0
197,0,1,3,4,27,False,82,11,173,2989,29.89,0
198,0,1,3,4,29,True,82,15,10,3850,38.5,159
199,0,-1,-1,-1,-1,True,-1,-1,-1,-1,-1.0,-1
200,0,1,3,4,29,False,25,9,149,2453,24.53,0
201,0,1,3,4,17,True,24,9,125,2429,24.29,0
202,0,1,3,4,32,False,35,11,92,2908,29.08,0
203,0,1,3,4,9,True,35,11,70,2886,28.86,0
204,0,1,3,4,23,False,67,12,152,3224,32.24,0
205,0,1,3,4,20,True,67,12,130,3202,32.02,0
206,0,1,3,4,20,False,174,10,50,2610,26.1,0
207,0,1,3,4,34,True,28,0,0,0,0.0,17563648
208,0,217,3,4,24,True,129,0,0,0,0.0,17563648
209,0,99,0,0,0,False,0,0,10,10,0.1,0
210,0,-1,-1,-1,-1,True,-1,-1,-1,-1,-1.0,-1
211,0,77,0,0,0,False,0,0,10,10,0.1,0
212,0,-1,-1,-1,-1,True,-1,-1,-1,-1,-1.0,-1
213,0,7,5,7,0,False,0,0,0,0,0.0,0
214,0,1,3,4,31,True,6,14,25,3609,36.09,0
215,0,1,3,4,26,True,107,14,1,3585,35.85,0
216,0,1,3,4,16,False,86,15,33,3873,38.73,0
217,0,1,3,4,30,True,206,15,9,3849,38.49,0
218,0,1,3,4,28,False,249,15,122,3962,39.62,0
219,0,1,3,4,27,True,249,15,99,3939,39.39,0
220,0,1,3,4,16,False,220,2,151,663,6.63,0
221,0,1,3,4,29,True,220,2,129,641,6.41,0
222,0,1,3,4,8,False,150,0,46,46,0.46,0
223,0,1,3,4,11,True,128,12,184,3256,32.56,0
224,0,1,3,4,31,False,35,10,1,2561,25.61,258186268
225,0,-1,-1,-1,-1,True,-1,-1,-1,-1,-1.0,-1
226,0,-1,-1,-1,-1,True,-1,-1,-1,-1,-1.0,-1
227,0,-1,-1,-1,-1,True,-1,-1,-1,-1,-1.0,-1
228,0,-1,-1,-1,-1,True,-1,-1,-1,-1,-1.0,-1
229,0,1,3,4,17,False,71,12,185,3257,32.57,0
230,0,1,3,4,20,True,71,12,164,3236,32.36,0
231,0,1,3,4,16,False,71,5,182,1462,14.62,0
232,0,1,3,4,21,True,71,13,6,3334,33.34,2
233,0,-1,-1,-1,-1,True,-1,-1,-1,-1,-1.0,-1
234,0,1,3,4,17,True,8,15,59,3899,38.99,0
235,0,1,1,4,27,True,109,5,241,1521,15.21,0
236,0,1,3,4,24,True,193,1,135,391,3.91,0
237,0,1,3,4,12,False,240,12,148,3220,32.2,0
238,0,1,23,0,0,False,0,0,0,0,0.0,0
239,0,1,1,4,24,True,28,14,65,3649,36.49,0
240,0,1,1,5,55,False,28,13,64,3392,33.92,7
241,0,1,24,1,28,False,0,0,0,0,0.0,0
242,0,1,2,3,52,False,3,8,1,2049,20.49,64
243,0,-1,-1,-1,-1,True,-1,-1,-1,-1,-1.0,-1
244,0,-1,-1,-1,-1,True,-1,-1,-1,-1,-1.0,-1
245,0,1,3,4,6,False,45,5,37,1317,13.17,0
246,0,1,3,4,27,True,45,5,17,1297,12.97,0
247,0,1,3,4,31,False,161,12,203,3275,32.75,0
248,0,1,3,4,10,True,161,12,183,3255,32.55,0
249,0,1,3,4,23,False,15,0,96,96,0.96,0
250,0,1,3,4,19,True,15,0,75,75,0.75,0
251,0,1,3,4,20,False,46,13,50,3378,33.78,0
252,0,1,3,4,21,True,46,13,26,3354,33.54,0
253,0,1,3,4,16,False,64,15,174,4014,40.14,0
254,0,1,3,4,25,True,64,15,150,3990,39.9,0
255,0,1,3,4,29,False,66,2,241,753,7.53,0
256,0,1,3,4,25,True,66,2,218,730,7.3,0
257,0,1,3,4,21,False,154,2,56,568,5.68,0
258,0,1,3,4,17,True,6,0,0,0,0.0,167772160
259,0,-1,-1,-1,-1,True,-1,-1,-1,-1,-1.0,-1
260,0,162,3,4,9,True,0,0,0,0,0.0,654380288
261,0,89,0,0,0,False,0,0,10,10,0.1,4136180737
262,0,-1,-1,-1,-1,True,-1,-1,-1,-1,-1.0,-1
263,0,-1,-1,-1,-1,True,-1,-1,-1,-1,-1.0,-1
264,0,-1,-1,-1,-1,True,-1,-1,-1,-1,-1.0,-1
265,0,1,3,4,33,False,0,9,0,2304,23.04,167772160
266,0,-1,-1,-1,-1,True,-1,-1,-1,-1,-1.0,-1
267,0,-1,-1,-1,-1,True,-1,-1,-1,-1,-1.0,-1
268,0,-1,-1,-1,-1,True,-1,-1,-1,-1,-1.0,-1
269,0,-1,-1,-1,-1,True,-1,-1,-1,-1,-1.0,-1
270,0,-1,-1,-1,-1,True,-1,-1,-1,-1,-1.0,-1
271,0,-1,-1,-1,-1,True,-1,-1,-1,-1,-1.0,-1
272,0,1,3,4,11,True,122,13,179,3507,35.07,0
273,0,1,3,4,30,True,129,13,158,3486,34.86,0
274,0,1,3,4,13,False,124,1,177,433,4.33,0
275,0,1,3,4,25,True,77,1,154,410,4.1,0
276,0,1,3,4,27,False,215,14,192,3776,37.76,0
277,0,1,3,4,15,True,215,14,166,3750,37.5,0
278,0,1,1,4,16,False,98,10,10,2570,25.7,172
279,0,-1,-1,-1,-1,True,-1,-1,-1,-1,-1.0,-1
280,0,1,3,4,26,True,90,10,149,2709,27.09,0
281,0,1,3,4,29,False,150,0,150,150,1.5,0
282,0,1,3,4,16,True,149,0,128,128,1.28,0
283,0,1,3,4,20,False,181,7,214,2006,20.06,0
284,0,1,3,4,20,True,181,7,192,1984,19.84,0
285,0,1,3,4,28,False,15,3,0,768,7.68,167772160
286,0,-1,-1,-1,-1,True,-1,-1,-1,-1,-1.0,-1
287,0,244,0,0,0,False,0,0,10,10,0.1,485104641
288,0,-1,-1,-1,-1,True,-1,-1,-1,-1,-1.0,-1
289,0,1,3,4,31,False,67,12,92,3164,31.64,0
290,0,1,3,4,29,True,67,12,71,3143,31.43,0
291,0,1,3,4,21,False,181,14,82,3666,36.66,0
292,0,1,1,4,19,False,132,2,110,622,6.22,0
293,0,1,3,4,29,True,58,5,168,1448,14.48,0
294,0,1,2,4,32,False,246,11,30,2846,28.46,0
295,0,1,3,4,25,True,58,5,146,1426,14.26,0
296,0,1,2,4,9,True,246,11,7,2823,28.23,0
297,0,1,3,4,30,False,53,12,164,3236,32.36,0
298,0,1,3,4,16,True,53,12,141,3213,32.13,0
299,0,1,3,4,24,True,173,10,196,2756,27.56,0
300,0,1,3,4,27,False,172,6,15,1551,15.51,42
301,0,-1,-1,-1,-1,True,-1,-1,-1,-1,-1.0,-1
302,0,1,3,4,32,True,6,15,24,3864,38.64,0
303,0,1,3,4,11,False,35,4,80,1104,11.04,0
304,0,1,3,4,26,True,35,4,57,1081,10.81,0
305,0,1,3,4,25,False,230,13,110,3438,34.38,0
306,0,1,3,4,22,True,230,13,86,3414,34.14,0
307,0,1,3,4,24,False,14,0,0,0,0.0,17301504
308,0,-1,-1,-1,-1,True,-1,-1,-1,-1,-1.0,-1
309,0,-1,-1,-1,-1,True,-1,-1,-1,-1,-1.0,-1
310,0,-1,-1,-1,-1,True,-1,-1,-1,-1,-1.0,-1
311,0,-1,-1,-1,-1,True,-1,-1,-1,-1,-1.0,-1
312,0,1,28,3,5,False,14,2,0,512,5.12,0
313,0,1,3,4,33,True,5,14,188,3772,37.72,0
314,0,1,3,4,31,False,6,12,47,3119,31.19,0
315,0,1,3,4,8,True,6,12,26,3098,30.98,0
316,0,1,3,4,20,False,38,10,1,2561,25.61,3355839516
317,0,-1,-1,-1,-1,True,-1,-1,-1,-1,-1.0,-1
318,0,-1,-1,-1,-1,True,-1,-1,-1,-1,-1.0,-1
319,0,-1,-1,-1,-1,True,-1,-1,-1,-1,-1.0,-1
320,0,1,1,3,6,False,107,3,0,768,7.68,0
321,0,1,23,7,28,False,5,11,12,2828,28.28,116887
322,0,1,31,1,7,False,0,0,0,0,0.0,0
323,0,1,5,4,28,False,133,1,168,424,4.24,0
324,0,1,3,4,31,False,120,11,24,2840,28.4,0
325,0,1,3,4,26,True,120,11,4,2820,28.2,0
326,0,1,3,4,33,False,226,14,92,3676,36.76,0
327,0,1,3,4,24,True,226,12,4,3076,30.76,138
328,0,-1,-1,-1,-1,True,-1,-1,-1,-1,-1.0,-1
329,0,1,3,4,24,False,220,3,219,987,9.87,0
330,0,1,3,4,22,True,220,3,196,964,9.64,0
331,0,1,3,4,33,False,245,0,233,233,2.33,0
332,0,1,3,4,18,True,245,0,212,212,2.12,0
333,0,1,3,4,31,False,244,10,8,2568,25.68,244
334,0,-1,-1,-1,-1,True,-1,-1,-1,-1,-1.0,-1
335,0,1,3,4,23,True,159,8,134,2182,21.82,0
336,0,1,1,4,33,True,154,8,224,2272,22.72,0
337,0,1,3,4,13,False,74,4,4,1028,10.28,130
338,0,-1,-1,-1,-1,True,-1,-1,-1,-1,-1.0,-1
339,0,1,3,4,29,True,68,4,108,1132,11.32,0
340,0,1,3,4,29,False,133,14,148,3732,37.32,0
341,0,1,3,4,33,False,215,15,95,3935,39.35,0
342,0,1,3,4,31,True,11,6,0,1536,15.36,167772160
343,0,-1,-1,-1,-1,True,-1,-1,-1,-1,-1.0,-1
344,0,165,0,0,0,False,0,0,10,10,0.1,2100225
345,0,-1,-1,-1,-1,True,-1,-1,-1,-1,-1.0,-1
346,0,-1,-1,-1,-1,True,-1,-1,-1,-1,-1.0,-1
347,0,-1,-1,-1,-1,True,-1,-1,-1,-1,-1.0,-1
348,0,-1,-1,-1,-1,True,-1,-1,-1,-1,-1.0,-1
349,0,-1,-1,-1,-1,True,-1,-1,-1,-1,-1.0,-1
350,0,1,3,4,3,False,137,12,20,3092,30.92,0
351,0,1,31,3,44,False,28,5,0,1280,12.8,0
352,0,1,31,4,5,False,154,12,150,3222,32.22,0
353,0,1,31,3,5,False,143,12,0,3072,30.72,0
354,0,1,3,3,51,False,11,8,0,2048,20.48,0
355,0,1,3,4,18,True,15,10,0,2560,25.6,167772160
356,0,-1,-1,-1,-1,True,-1,-1,-1,-1,-1.0,-1
357,0,202,0,0,0,False,0,0,10,10,0.1,328735745
358,0,-1,-1,-1,-1,True,-1,-1,-1,-1,-1.0,-1
359,0,1,3,4,25,False,17,0,77,77,0.77,0
360,0,1,3,4,10,True,17,0,56,56,0.56,0
361,0,1,3,4,18,False,190,13,125,3453,34.53,0
362,0,1,3,4,13,True,190,14,11,3595,35.95,186
363,0,-1,-1,-1,-1,True,-1,-1,-1,-1,-1.0,-1
364,0,1,3,4,32,False,189,1,73,329,3.29,0
365,0,1,3,4,29,True,189,1,52,308,3.08,0
366,0,1,3,4,25,False,149,7,187,1979,19.79,0
367,0,1,3,4,20,True,149,7,165,1957,19.57,0
368,0,1,3,4,19,False,109,4,175,1199,11.99,0
369,0,1,3,4,17,True,24,14,177,3761,37.61,0
370,0,1,3,4,26,False,122,2,136,648,6.48,0
371,0,1,3,4,27,False,60,15,234,4074,40.74,0
372,0,1,3,4,20,True,60,15,211,4051,40.51,0
373,0,1,3,4,30,False,89,6,154,1690,16.9,0
374,0,1,3,4,27,False,10,2,174,686,6.86,0
375,0,1,3,4,20,True,2,3,0,768,7.68,167772160
376,0,-1,-1,-1,-1,True,-1,-1,-1,-1,-1.0,-1
377,0,152,0,0,0,False,0,0,10,10,0.1,1907713
378,0,-1,-1,-1,-1,True,-1,-1,-1,-1,-1.0,-1
379,0,-1,-1,-1,-1,True,-1,-1,-1,-1,-1.0,-1
380,0,-1,-1,-1,-1,True,-1,-1,-1,-1,-1.0,-1
381,0,-1,-1,-1,-1,True,-1,-1,-1,-1,-1.0,-1
382,0,-1,-1,-1,-1,True,-1,-1,-1,-1,-1.0,-1
383,0,1,3,4,28,True,12,3,4,772,7.72,33
384,0,-1,-1,-1,-1,True,-1,-1,-1,-1,-1.0,-1
385,0,1,3,4,3,False,249,4,160,1184,11.84,0
386,0,1,3,4,3,False,230,4,24,1048,10.48,0
387,0,1,3,5,2,False,19,4,25,1049,10.49,148
388,0,1,3,1,60,True,0,0,0,0,0.0,0
389,0,1,3,4,29,True,148,2,14,526,5.26,0
390,0,1,3,4,14,False,118,1,8,264,2.64,43
391,0,-1,-1,-1,-1,True,-1,-1,-1,-1,-1.0,-1
392,0,1,3,4,9,False,1,7,45,1837,18.37,0
393,0,1,3,4,23,True,1,7,24,1816,18.16,0
394,0,1,3,4,24,True,1,8,20,2068,20.68,0
395,0,1,3,4,15,False,65,9,205,2509,25.09,0
396,0,1,3,4,21,True,65,9,183,2487,24.87,0
397,0,1,1,4,17,False,19,5,18,1298,12.98,0
398,0,1,3,4,9,False,26,11,97,2913,29.13,0
399,0,1,3,4,32,False,17,7,108,1900,19.0,0
400,0,1,3,4,22,True,17,7,84,1876,18.76,0
401,0,1,3,4,16,False,32,8,168,2216,22.16,0
402,0,1,3,4,9,True,32,4,5,1029,10.29,160
403,0,-1,-1,-1,-1,True,-1,-1,-1,-1,-1.0,-1
404,0,1,1,4,18,True,80,8,246,2294,22.94,0
405,0,1,3,4,21,True,48,12,117,3189,31.89,0
406,0,1,3,4,40,True,10,6,28,1564,15.64,0
407,0,1,19,1,40,True,0,0,0,0,0.0,0
408,0,1,1,1,49,True,0,0,0,0,0.0,0
409,0,1,3,4,26,False,122,10,245,2805,28.05,0
410,0,1,3,4,27,False,183,3,32,800,8.0,0
411,0,1,3,4,23,True,220,3,141,909,9.09,0
412,0,1,3,4,24,True,220,0,80,80,0.8,0
413,0,1,3,4,8,False,143,12,16,3088,30.88,0
414,0,1,3,4,9,False,143,0,14,14,0.14,236
415,0,-1,-1,-1,-1,True,-1,-1,-1,-1,-1.0,-1
416,0,1,3,4,30,False,64,2,38,550,5.5,0
417,0,1,3,4,24,True,6,5,0,1280,12.8,167772160
418,0,-1,-1,-1,-1,True,-1,-1,-1,-1,-1.0,-1
419,0,29,0,0,0,False,0,0,10,10,0.1,0
420,0,-1,-1,-1,-1,True,-1,-1,-1,-1,-1.0,-1
421,0,-1,-1,-1,-1,True,-1,-1,-1,-1,-1.0,-1
422,0,-1,-1,-1,-1,True,-1,-1,-1,-1,-1.0,-1
423,0,-1,-1,-1,-1,True,-1,-1,-1,-1,-1.0,-1
424,0,-1,-1,-1,-1,True,-1,-1,-1,-1,-1.0,-1
425,0,1,3,4,28,False,254,1,101,357,3.57,0
426,0,1,3,4,25,True,254,1,77,333,3.33,0
427,0,1,3,4,30,False,215,15,67,3907,39.07,0
428,0,1,3,4,20,True,215,15,43,3883,38.83,0
429,0,1,3,4,31,False,215,11,67,2883,28.83,0
430,0,1,3,4,19,True,215,15,2,3842,38.42,0
431,0,1,3,4,21,False,254,12,211,3283,32.83,0
432,0,1,3,4,27,True,254,12,23,3095,30.95,15400995
433,0,-1,-1,-1,-1,True,-1,-1,-1,-1,-1.0,-1
434,0,-1,-1,-1,-1,True,-1,-1,-1,-1,-1.0,-1
435,0,-1,-1,-1,-1,True,-1,-1,-1,-1,-1.0,-1
436,0,1,3,4,34,True,4,2,0,512,5.12,167772160
437,0,-1,-1,-1,-1,True,-1,-1,-1,-1,-1.0,-1
438,0,-1,-1,-1,-1,True,-1,-1,-1,-1,-1.0,-1
439,0,-1,-1,-1,-1,True,-1,-1,-1,-1,-1.0,-1
440,0,1,3,4,29,True,148,2,33,545,5.45,0
441,0,1,3,4,20,False,165,14,111,3695,36.95,0
442,0,1,3,4,22,True,165,0,171,171,1.71,0
443,0,1,3,4,26,False,152,0,25,25,0.25,0
444,0,1,3,4,34,True,152,0,2,2,0.02,0
445,0,1,3,4,3,False,70,13,244,3572,35.72,0
446,0,1,3,4,4,False,70,15,117,3957,39.57,0
447,0,1,3,4,29,True,70,15,98,3938,39.38,0
448,0,1,3,4,21,False,101,13,108,3436,34.36,0
449,0,1,3,4,24,True,0,11,0,2816,28.16,167772160
450,0,-1,-1,-1,-1,True,-1,-1,-1,-1,-1.0,-1
451,0,-1,-1,-1,-1,True,-1,-1,-1,-1,-1.0,-1
452,0,-1,-1,-1,-1,True,-1,-1,-1,-1,-1.0,-1
453,0,1,3,4,15,False,237,10,120,2680,26.8,0
454,0,1,3,4,29,False,204,2,76,588,5.88,0
455,0,1,3,4,33,True,204,2,55,567,5.67,0
456,0,1,3,4,19,False,208,12,180,3252,32.52,0
457,0,1,3,4,24,True,208,12,144,3216,32.16,0
458,0,1,3,4,25,True,208,9,0,2304,23.04,0
459,0,1,3,4,12,False,136,5,128,1408,14.08,0
460,0,1,3,4,4,True,136,5,109,1389,13.89,0
461,0,1,3,4,18,False,104,4,38,1062,10.62,0
462,0,1,3,4,27,True,104,4,17,1041,10.41,0
463,0,1,3,4,30,False,168,3,171,939,9.39,0
464,0,1,3,4,6,True,190,11,106,2922,29.22,0
465,0,1,3,4,7,True,192,6,215,1751,17.51,0
466,0,1,3,4,8,True,187,3,149,917,9.17,0
467,0,1,3,4,4,False,75,7,179,1971,19.71,0
468,0,1,3,4,31,False,93,3,233,1001,10.01,0
469,0,1,3,4,32,True,98,10,35,2595,25.95,0
470,0,1,1,4,28,False,10,11,120,2936,29.36,0
471,0,1,3,4,33,True,97,9,1,2305,23.05,1771508803
472,0,-1,-1,-1,-1,True,-1,-1,-1,-1,-1.0,-1
473,0,-1,-1,-1,-1,True,-1,-1,-1,-1,-1.0,-1
474,0,-1,-1,-1,-1,True,-1,-1,-1,-1,-1.0,-1
475,0,-1,-1,-1,-1,True,-1,-1,-1,-1,-1.0,-1
476,0,1,1,3,46,False,28,12,0,3072,30.72,0
477,0,1,15,5,9,False,0,11,0,2816,28.16,167772160
478,0,-1,-1,-1,-1,True,-1,-1,-1,-1,-1.0,-1
479,0,-1,-1,-1,-1,True,-1,-1,-1,-1,-1.0,-1
480,0,-1,-1,-1,-1,True,-1,-1,-1,-1,-1.0,-1
481,0,1,3,4,16,True,49,0,115,115,1.15,0
482,0,1,3,4,17,True,49,3,190,958,9.58,0
483,0,1,3,4,31,True,72,11,16,2832,28.32,0
484,0,1,3,4,29,False,71,2,172,684,6.84,0
485,0,1,3,4,27,True,71,2,149,661,6.61,0
486,0,1,3,4,26,False,13,8,0,2048,20.48,167772160
487,0,-1,-1,-1,-1,True,-1,-1,-1,-1,-1.0,-1
488,0,50,0,0,0,False,0,0,10,10,0.1,1897012225
489,0,92,0,0,0,False,0,0,10,10,0.1,1905531905
490,0,-1,-1,-1,-1,True,-1,-1,-1,-1,-1.0,-1
491,0,-1,-1,-1,-1,True,-1,-1,-1,-1,-1.0,-1
492,0,-1,-1,-1,-1,True,-1,-1,-1,-1,-1.0,-1
493,0,1,3,4,10,True,124,15,41,3881,38.81,0
494,0,1,3,4,20,False,123,4,234,1258,12.58,0
495,0,1,3,4,9,True,123,4,211,1235,12.35,0
496,0,1,3,4,31,False,142,1,73,329,3.29,0
497,0,1,3,4,32,False,142,10,133,2693,26.93,0
498,0,1,3,4,21,True,121,10,111,2671,26.71,0
499,0,1,3,4,20,False,91,1,119,375,3.75,0
500,0,1,3,4,10,True,153,1,97,353,3.53,0
501,0,1,3,4,7,False,197,0,229,229,2.29,0
502,0,1,3,4,2,False,251,10,13,2573,25.73,0
503,0,1,3,4,13,True,251,10,0,2560,25.6,175
504,0,-1,-1,-1,-1,True,-1,-1,-1,-1,-1.0,-1
505,0,1,3,4,25,True,9,0,152,152,1.52,0
506,0,1,3,4,17,False,187,3,76,844,8.44,0
507,0,1,3,4,28,True,187,9,155,2459,24.59,0
508,0,1,3,4,15,True,250,9,134,2438,24.38,0
509,0,1,3,4,21,False,171,12,225,3297,32.97,0
510,0,1,3,4,33,True,171,12,205,3277,32.77,0
511,0,1,3,4,10,False,95,5,9,1289,12.89,41
512,0,-1,-1,-1,-1,True,-1,-1,-1,-1,-1.0,-1
513,0,1,3,4,19,True,36,9,25,2329,23.29,0
514,0,1,3,4,25,False,225,12,236,3308,33.08,0
515,0,1,3,4,34,True,225,12,214,3286,32.86,0
516,0,1,3,4,19,False,128,11,41,2857,28.57,0
517,0,1,3,4,28,True,128,11,22,2838,28.38,0
518,0,1,2,4,7,True,198,7,203,1995,19.95,0
519,0,1,3,4,17,False,139,12,132,3204,32.04,9765013
520,0,-1,-1,-1,-1,True,-1,-1,-1,-1,-1.0,-1
521,0,-1,-1,-1,-1,True,-1,-1,-1,-1,-1.0,-1
522,0,-1,-1,-1,-1,True,-1,-1,-1,-1,-1.0,-1
523,0,1,3,4,3,False,251,12,145,3217,32.17,0
524,0,1,23,2,36,True,10,0,0,0,0.0,0
525,0,1,20,1,28,False,0,0,0,0,0.0,0
526,0,1,19,3,36,True,10,10,0,2560,25.6,0
527,0,1,3,4,2,False,194,11,68,2884,28.84,0
528,0,1,3,4,18,True,194,11,44,2860,28.6,0
529,0,1,3,4,20,False,83,2,84,596,5.96,0
530,0,1,3,4,29,True,83,2,61,573,5.73,0
531,0,1,3,4,10,True,103,15,120,3960,39.6,0
532,0,1,3,4,25,False,102,12,196,3268,32.68,0
533,0,1,3,4,11,True,102,12,174,3246,32.46,0
534,0,1,3,4,16,False,11,15,139,3979,39.79,0
535,0,1,3,4,21,True,19,4,5,1029,10.29,1183
536,0,-1,-1,-1,-1,True,-1,-1,-1,-1,-1.0,-1
537,0,-1,-1,-1,-1,True,-1,-1,-1,-1,-1.0,-1
538,0,1,3,3,20,True,5,15,0,3840,38.4,0
539,0,1,3,4,28,False,227,5,213,1493,14.93,0
540,0,1,3,4,24,True,227,5,190,1470,14.7,0
541,0,1,3,4,27,False,20,11,127,2943,29.43,0
542,0,1,2,4,22,False,190,7,198,1990,19.9,0
543,0,1,3,4,11,False,6,7,40,1832,18.32,0
544,0,1,2,4,34,True,190,7,181,1973,19.73,0
545,0,1,3,4,28,False,28,6,14,1550,15.5,0
546,0,1,10,3,28,False,144,6,0,1536,15.36,0
547,0,1,1,6,60,False,28,1,219,475,4.75,61444
548,0,1,3,4,20,True,219,4,219,1243,12.43,0
549,0,1,3,4,24,False,6,0,0,0,0.0,167772160
550,0,-1,-1,-1,-1,True,-1,-1,-1,-1,-1.0,-1
551,0,76,0,0,0,False,0,0,10,10,0.1,0
552,0,-1,-1,-1,-1,True,-1,-1,-1,-1,-1.0,-1
553,0,0,27,4,0,False,0,0,0,0,0.0,266
554,0,0,24,5,0,False,0,0,0,0,0.0,266
555,0,40,0,2,52,True,0,0,0,0,0.0,469830144
556,0,-1,-1,-1,-1,True,-1,-1,-1,-1,-1.0,-1
557,0,-1,-1,-1,-1,True,-1,-1,-1,-1,-1.0,-1
558,0,-1,-1,-1,-1,True,-1,-1,-1,-1,-1.0,-1
559,0,-1,-1,-1,-1,True,-1,-1,-1,-1,-1.0,-1
560,0,1,1,4,22,False,206,5,232,1512,15.12,0
561,0,1,3,4,32,False,175,14,146,3730,37.3,0
562,0,1,3,4,26,True,175,14,124,3708,37.08,0
563,0,1,3,4,21,False,57,2,75,587,5.87,0
564,0,1,3,4,26,True,57,2,53,565,5.65,0
565,0,1,3,4,11,False,227,3,134,902,9.02,0
566,0,1,3,4,24,True,227,14,143,3727,37.27,0
567,0,1,3,4,19,False,152,12,38,3110,31.1,0
568,0,1,3,4,28,True,152,12,20,3092,30.92,0
569,0,1,3,4,9,False,35,2,130,642,6.42,0
570,0,1,3,4,25,True,35,2,111,623,6.23,0
571,0,1,3,4,32,False,141,6,87,1623,16.23,0
572,0,1,3,4,26,True,141,14,192,3776,37.76,0
573,0,1,3,4,13,True,20,14,148,3732,37.32,0
574,0,1,3,4,14,True,21,14,145,3729,37.29,0
575,0,1,3,4,29,False,181,2,161,673,6.73,0
576,0,1,3,4,27,True,181,2,138,650,6.5,0
577,0,1,3,4,21,False,218,3,237,1005,10.05,0
578,0,1,1,4,33,True,218,5,7,1287,12.87,221
579,0,-1,-1,-1,-1,True,-1,-1,-1,-1,-1.0,-1
580,0,1,3,4,29,False,146,9,231,2535,25.35,0
581,0,1,3,4,22,True,12,5,0,1280,12.8,167772160
582,0,-1,-1,-1,-1,True,-1,-1,-1,-1,-1.0,-1
583,0,62,0,0,0,False,0,0,10,10,0.1,3012697089
584,0,-1,-1,-1,-1,True,-1,-1,-1,-1,-1.0,-1
585,0,-1,-1,-1,-1,True,-1,-1,-1,-1,-1.0,-1
586,0,1,3,4,19,True,176,12,155,3227,32.27,0
587,0,1,3,4,27,False,48,9,3,2307,23.07,237
588,0,-1,-1,-1,-1,True,-1,-1,-1,-1,-1.0,-1
589,0,1,3,4,28,True,57,9,128,2432,24.32,0
590,0,1,3,4,32,False,104,8,219,2267,22.67,0
591,0,1,3,4,33,True,104,15,98,3938,39.38,0
592,0,1,3,4,19,False,111,1,239,495,4.95,0
593,0,1,3,4,24,True,111,1,218,474,4.74,0
594,0,1,3,4,19,False,39,9,14,2318,23.18,0
595,0,1,3,4,27,True,39,8,251,2299,22.99,0
596,0,1,3,4,29,False,132,0,133,133,1.33,0
597,0,1,3,4,33,True,132,0,112,112,1.12,0
598,0,1,3,4,18,False,141,11,254,3070,30.7,0
599,0,1,3,4,17,False,140,0,137,137,1.37,0
600,0,1,3,4,24,True,141,11,231,3047,30.47,0
601,0,1,3,4,25,True,140,15,13,3853,38.53,0
602,0,1,3,4,25,False,99,5,134,1414,14.14,0
603,0,1,3,4,18,True,99,5,113,1393,13.93,0
604,0,1,3,4,28,False,150,0,100,100,1.0,0
605,0,1,3,4,25,True,150,0,77,77,0.77,0
606,0,1,3,4,10,False,181,3,117,885,8.85,0
607,0,1,3,4,34,True,181,3,93,861,8.61,0
608,0,1,3,4,31,False,246,12,9,3081,30.81,0
609,0,1,3,4,32,False,248,11,169,2985,29.85,0
610,0,1,3,4,14,True,248,11,147,2963,29.63,0
611,0,1,3,4,15,True,246,11,244,3060,30.6,0
612,0,1,3,4,16,True,4,7,0,1792,17.92,167772160
613,0,-1,-1,-1,-1,True,-1,-1,-1,-1,-1.0,-1
614,0,-1,-1,-1,-1,True,-1,-1,-1,-1,-1.0,-1
615,0,-1,-1,-1,-1,True,-1,-1,-1,-1,-1.0,-1
616,0,-1,-1,-1,-1,True,-1,-1,-1,-1,-1.0,-1
617,0,1,3,4,13,True,56,4,66,1090,10.9,0
618,0,1,3,4,24,False,66,0,43,43,0.43,0
619,0,1,3,4,25,True,66,7,11,1803,18.03,214
620,0,-1,-1,-1,-1,True,-1,-1,-1,-1,-1.0,-1
621,0,1,3,4,32,False,93,3,88,856,8.56,0
622,0,1,3,4,31,True,1,11,0,2816,28.16,167772160
623,0,-1,-1,-1,-1,True,-1,-1,-1,-1,-1.0,-1
624,0,-1,-1,-1,-1,True,-1,-1,-1,-1,-1.0,-1
625,0,-1,-1,-1,-1,True,-1,-1,-1,-1,-1.0,-1
626,0,1,3,4,16,True,233,4,86,1110,11.1,0
627,0,1,3,4,19,False,15,15,190,4030,40.3,0
628,0,1,3,4,33,True,15,15,172,4012,40.12,0
629,0,1,3,4,20,False,190,4,17,1041,10.41,0
630,0,1,3,4,19,False,114,6,161,1697,16.97,0
631,0,1,3,4,26,True,133,8,48,2096,20.96,0
632,0,1,3,4,25,False,73,4,96,1120,11.2,0
633,0,1,1,4,29,False,13,4,0,1024,10.24,167772160
634,0,-1,-1,-1,-1,True,-1,-1,-1,-1,-1.0,-1
635,0,30,1,1,4,False,0,0,0,0,0.0,469830144
636,0,-1,-1,-1,-1,True,-1,-1,-1,-1,-1.0,-1
637,0,-1,-1,-1,-1,True,-1,-1,-1,-1,-1.0,-1
638,0,1,3,4,23,False,137,8,115,2163,21.63,0
639,0,1,3,4,29,True,137,8,94,2142,21.42,0
640,0,1,3,4,33,False,248,14,184,3768,37.68,0
641,0,1,3,4,15,True,15,2,0,512,5.12,167772160
642,0,-1,-1,-1,-1,True,-1,-1,-1,-1,-1.0,-1
643,0,109,1,7,11,True,0,0,0,0,0.0,469830144
644,0,-1,-1,-1,-1,True,-1,-1,-1,-1,-1.0,-1
645,0,-1,-1,-1,-1,True,-1,-1,-1,-1,-1.0,-1
646,0,-1,-1,-1,-1,True,-1,-1,-1,-1,-1.0,-1
647,0,-1,-1,-1,-1,True,-1,-1,-1,-1,-1.0,-1
648,0,1,3,4,19,False,213,4,212,1236,12.36,0
649,0,1,1,4,28,False,27,11,54,2870,28.7,0
650,0,1,3,4,18,True,213,4,193,1217,12.17,0
651,0,1,1,4,30,False,25,15,217,4057,40.57,0
652,0,1,3,4,18,True,173,0,152,152,1.52,0
653,0,1,1,4,29,False,26,7,59,1851,18.51,0
654,0,1,1,4,24,True,27,11,34,2850,28.5,0
655,0,1,1,4,25,True,26,7,39,1831,18.31,0
656,0,1,1,4,26,True,25,15,199,4039,40.39,0
657,0,1,3,4,7,False,117,12,58,3130,31.3,0
658,0,1,3,4,10,True,117,9,123,2427,24.27,0
659,0,1,3,4,33,False,15,10,157,2717,27.17,0
660,0,1,3,4,16,True,15,10,138,2698,26.98,0
661,0,1,3,4,16,False,49,12,83,3155,31.55,0
662,0,1,3,4,24,True,49,9,15,2319,23.19,0
663,0,1,3,4,15,True,87,14,46,3630,36.3,0
664,0,1,2,4,28,True,166,14,122,3706,37.06,0
665,0,1,3,4,17,False,88,11,247,3063,30.63,0
666,0,1,3,4,29,True,88,11,227,3043,30.43,0
667,0,1,3,4,16,False,241,13,178,3506,35.06,0
668,0,1,3,4,13,True,241,13,154,3482,34.82,0
669,0,1,3,4,4,False,90,2,159,671,6.71,0
670,0,1,1,4,32,False,46,14,35,3619,36.19,0
671,0,1,3,4,21,True,89,2,137,649,6.49,0
672,0,1,1,4,32,True,46,14,16,3600,36.0,0
673,0,1,3,4,14,False,102,4,127,1151,11.51,0
674,0,1,3,4,16,False,192,8,48,2096,20.96,0
675,0,1,3,4,20,True,192,8,24,2072,20.72,0
676,0,1,3,4,25,False,170,5,88,1368,13.68,0
677,0,1,3,4,10,True,119,12,243,3315,33.15,0
678,0,1,3,4,32,False,118,8,80,2128,21.28,0
679,0,1,3,4,16,True,118,8,58,2106,21.06,0
680,0,1,3,4,0,False,247,13,114,3442,34.42,0
681,0,1,3,4,21,True,14,0,0,0,0.0,167772160
682,0,-1,-1,-1,-1,True,-1,-1,-1,-1,-1.0,-1
683,0,32,0,0,0,False,0,0,10,10,0.1,949885953
684,0,-1,-1,-1,-1,True,-1,-1,-1,-1,-1.0,-1
685,0,1,3,4,26,False,140,1,70,326,3.26,0
686,0,1,3,4,17,True,140,1,48,304,3.04,0
687,0,1,3,4,13,False,163,11,136,2952,29.52,0
688,0,1,3,4,15,False,196,15,51,3891,38.91,0
689,0,1,3,4,29,True,196,15,31,3871,38.71,0
690,0,1,3,4,30,False,113,14,116,3700,37.0,0
691,0,1,3,4,25,True,113,14,92,3676,36.76,0
692,0,1,3,4,33,False,27,13,158,3486,34.86,0
693,0,1,3,4,27,True,27,13,137,3465,34.65,0
694,0,1,3,4,19,False,45,14,168,3752,37.52,0
695,0,1,3,4,17,True,45,14,147,3731,37.31,0
696,0,1,3,4,18,False,91,13,42,3370,33.7,0
697,0,1,3,4,16,False,8,13,0,3328,33.28,185
698,0,-1,-1,-1,-1,True,-1,-1,-1,-1,-1.0,-1
699,0,1,3,4,17,True,124,4,147,1171,11.71,0
700,0,1,3,4,32,False,189,6,77,1613,16.13,0
701,0,1,3,4,25,True,189,6,54,1590,15.9,0
702,0,1,3,4,25,False,25,3,44,812,8.12,0
703,0,1,3,4,27,True,25,12,8,3080,30.8,193
704,0,-1,-1,-1,-1,True,-1,-1,-1,-1,-1.0,-1
705,0,1,3,4,24,False,182,6,33,1569,15.69,0
706,0,1,3,4,25,True,182,6,11,1547,15.47,0
707,0,1,3,4,12,False,146,7,12,1804,18.04,0
708,0,1,3,4,24,True,146,6,247,1783,17.83,0
709,0,1,3,4,25,True,128,1,0,256,2.56,167772160
710,0,-1,-1,-1,-1,True,-1,-1,-1,-1,-1.0,-1
711,0,-1,-1,-1,-1,True,-1,-1,-1,-1,-1.0,-1
712,0,-1,-1,-1,-1,True,-1,-1,-1,-1,-1.0,-1
713,0,-1,-1,-1,-1,True,-1,-1,-1,-1,-1.0,-1
714,0,-1,-1,-1,-1,True,-1,-1,-1,-1,-1.0,-1
715,0,1,1,4,35,True,28,13,126,3454,34.54,0
716,0,1,1,2,33,False,28,0,0,0,0.0,0
717,0,1,20,0,0,False,0,0,0,0,0.0,0
718,0,1,15,6,10,False,15,12,32,3104,31.04,3354
719,0,1,16,3,28,False,28,1,0,256,2.56,0
720,0,1,23,4,8,False,71,12,28,3100,31.0,0
721,0,1,31,7,14,False,37,12,160,3232,32.32,986879
722,0,1,3,4,6,False,39,6,4,1540,15.4,0
723,0,1,3,4,31,True,39,5,241,1521,15.21,0
724,0,1,3,4,7,False,151,11,162,2978,29.78,0
725,0,1,2,4,23,False,109,6,52,1588,15.88,0
726,0,1,3,4,15,False,67,12,184,3256,32.56,0
727,0,1,3,4,12,True,72,12,159,3231,32.31,0
728,0,1,3,4,18,False,33,4,180,1204,12.04,0
729,0,1,3,4,31,True,33,4,162,1186,11.86,0
730,0,1,3,4,10,True,47,6,90,1626,16.26,0
731,0,1,1,4,29,False,112,1,121,377,3.77,0
732,0,1,3,4,18,False,57,6,210,1746,17.46,0
733,0,1,3,4,31,True,34,4,190,1214,12.14,0
734,0,1,3,4,28,False,150,2,133,645,6.45,0
735,0,1,3,4,11,True,150,2,109,621,6.21,0
736,0,1,3,4,28,False,32,9,0,2304,23.04,0
737,0,1,3,4,23,True,137,2,85,597,5.97,0
738,0,1,3,4,11,True,137,2,63,575,5.75,0
739,0,1,3,4,5,False,197,1,139,395,3.95,0
740,0,1,3,4,30,True,197,5,166,1446,14.46,0
741,0,1,3,4,20,True,103,5,145,1425,14.25,0
742,0,1,3,4,23,False,173,7,1,1793,17.93,35345
743,0,-1,-1,-1,-1,True,-1,-1,-1,-1,-1.0,-1
744,0,-1,-1,-1,-1,True,-1,-1,-1,-1,-1.0,-1
745,0,1,0,3,3,True,28,6,0,1536,15.36,0
746,0,1,17,2,3,False,109,0,0,0,0.0,0
747,0,1,3,4,12,False,12,8,195,2243,22.43,0
748,0,1,3,4,26,True,12,8,175,2223,22.23,0
749,0,1,3,4,25,False,198,9,53,2357,23.57,0
750,0,1,3,4,21,True,198,9,32,2336,23.36,0
751,0,1,3,4,8,False,98,4,217,1241,12.41,0
752,0,1,3,4,22,True,98,4,194,1218,12.18,0
753,0,1,3,4,31,False,120,14,232,3816,38.16,0
754,0,1,3,4,30,False,11,6,0,1536,15.36,167772160
755,0,-1,-1,-1,-1,True,-1,-1,-1,-1,-1.0,-1
756,0,208,0,0,0,False,0,0,10,10,0.1,3834780673
757,0,-1,-1,-1,-1,True,-1,-1,-1,-1,-1.0,-1
758,0,-1,-1,-1,-1,True,-1,-1,-1,-1,-1.0,-1
759,0,-1,-1,-1,-1,True,-1,-1,-1,-1,-1.0,-1
760,0,-1,-1,-1,-1,True,-1,-1,-1,-1,-1.0,-1
761,0,1,3,4,29,False,147,7,43,1835,18.35,0
762,0,1,3,4,33,True,147,7,23,1815,18.15,0
763,0,1,3,4,11,False,146,1,162,418,4.18,0
764,0,1,3,4,34,True,146,1,138,394,3.94,0
765,0,1,3,4,30,False,91,7,111,1903,19.03,0
766,0,1,3,4,7,True,91,7,89,1881,18.81,0
767,0,1,3,4,0,False,228,2,53,565,5.65,0
768,0,1,3,4,18,True,228,2,32,544,5.44,0
769,0,1,3,4,31,False,173,8,81,2129,21.29,0
770,0,1,3,4,22,True,173,8,59,2107,21.07,0
771,0,1,3,4,24,False,50,10,87,2647,26.47,0
772,0,1,3,4,19,True,50,10,65,2625,26.25,0
773,0,1,3,4,11,False,81,10,213,2773,27.73,0
774,0,1,3,4,10,False,80,5,13,1293,12.93,0
775,0,1,3,4,31,True,21,4,250,1274,12.74,0
776,0,1,3,4,25,False,195,0,231,231,2.31,0
777,0,1,3,4,18,True,195,0,209,209,2.09,0
778,0,1,3,4,26,False,11,3,136,904,9.04,0
779,0,1,3,4,21,True,10,3,114,882,8.82,0
780,0,1,3,4,27,True,0,2,15,527,5.27,0
781,0,1,3,4,23,False,230,11,10,2826,28.26,0
782,0,1,3,4,28,True,240,0,78,78,0.78,0
783,0,1,3,4,30,False,240,7,153,1945,19.45,0
784,0,1,3,4,31,False,240,3,101,869,8.69,0
785,0,1,3,4,29,True,13,3,0,768,7.68,167772160
786,0,-1,-1,-1,-1,True,-1,-1,-1,-1,-1.0,-1
787,0,-1,-1,-1,-1,True,-1,-1,-1,-1,-1.0,-1
788,0,1,3,4,29,True,107,5,131,1411,14.11,0
789,0,1,3,4,20,False,126,10,204,2764,27.64,0
790,0,1,3,4,30,True,126,11,8,2824,28.24,63
791,0,-1,-1,-1,-1,True,-1,-1,-1,-1,-1.0,-1
792,0,1,3,4,14,False,237,8,233,2281,22.81,0
793,0,1,3,4,23,True,5,14,0,3584,35.84,167772160
794,0,-1,-1,-1,-1,True,-1,-1,-1,-1,-1.0,-1
795,0,59,0,0,0,False,0,0,10,10,0.1,10099713
796,0,39,0,0,0,False,0,0,10,10,0.1,1711105
797,0,78,0,0,0,False,0,0,10,10,0.1,2945653761
798,0,-1,-1,-1,-1,True,-1,-1,-1,-1,-1.0,-1
799,0,-1,-1,-1,-1,True,-1,-1,-1,-1,-1.0,-1
800,0,-1,-1,-1,-1,True,-1,-1,-1,-1,-1.0,-1
801,0,-1,-1,-1,-1,True,-1,-1,-1,-1,-1.0,-1
802,0,1,3,4,33,False,68,12,156,3228,32.28,0
803,0,1,3,4,15,True,68,6,235,1771,17.71,0
804,0,1,3,4,25,False,7,15,27,3867,38.67,0
805,0,1,3,4,25,True,7,15,7,3847,38.47,0
806,0,1,3,4,20,False,252,1,83,339,3.39,0
807,0,1,3,4,23,True,252,11,155,2971,29.71,0
808,0,1,3,4,29,True,55,11,135,2951,29.51,0
809,0,1,3,4,27,False,115,15,132,3972,39.72,0
810,0,1,3,4,22,True,115,15,105,3945,39.45,0
811,0,1,3,4,5,False,75,15,143,3983,39.83,0
812,0,1,3,4,34,True,13,9,0,2304,23.04,167772160
813,0,-1,-1,-1,-1,True,-1,-1,-1,-1,-1.0,-1
814,0,48,0,0,0,False,0,0,10,10,0.1,2693925889
815,0,-1,-1,-1,-1,True,-1,-1,-1,-1,-1.0,-1
816,0,-1,-1,-1,-1,True,-1,-1,-1,-1,-1.0,-1
817,0,-1,-1,-1,-1,True,-1,-1,-1,-1,-1.0,-1
818,0,-1,-1,-1,-1,True,-1,-1,-1,-1,-1.0,-1
819,0,1,3,4,16,True,247,11,142,2958,29.58,0
820,0,1,3,4,44,False,0,13,28,3356,33.56,0
821,0,1,19,5,44,False,4,2,0,512,5.12,167772160
822,0,16,0,1,0,False,0,0,0,0,0.0,469830144
823,0,-1,-1,-1,-1,True,-1,-1,-1,-1,-1.0,-1
824,0,-1,-1,-1,-1,True,-1,-1,-1,-1,-1.0,-1
825,0,-1,-1,-1,-1,True,-1,-1,-1,-1,-1.0,-1
826,0,1,3,4,27,False,192,13,125,3453,34.53,0
827,0,1,3,4,23,True,192,0,15,15,0.15,110
828,0,-1,-1,-1,-1,True,-1,-1,-1,-1,-1.0,-1
829,0,1,3,4,18,False,162,4,232,1256,12.56,0
830,0,1,3,4,25,True,54,4,145,1169,11.69,0
831,0,1,3,4,2,False,106,15,103,3943,39.43,0
832,0,1,3,4,30,True,2,14,0,3584,35.84,167772160
833,0,-1,-1,-1,-1,True,-1,-1,-1,-1,-1.0,-1
834,0,143,1,6,14,False,0,0,0,0,0.0,469830144
835,0,-1,-1,-1,-1,True,-1,-1,-1,-1,-1.0,-1
836,0,-1,-1,-1,-1,True,-1,-1,-1,-1,-1.0,-1
837,0,-1,-1,-1,-1,True,-1,-1,-1,-1,-1.0,-1
838,0,-1,-1,-1,-1,True,-1,-1,-1,-1,-1.0,-1
839,0,1,3,4,20,False,77,13,1,3329,33.29,0
840,0,1,3,4,18,True,77,12,233,3305,33.05,0
841,0,1,3,4,13,False,109,3,114,882,8.82,0
842,0,1,3,4,29,True,109,3,95,863,8.63,0
843,0,1,3,4,33,False,235,12,113,3185,31.85,0
844,0,1,1,4,11,False,245,8,19,2067,20.67,0
845,0,1,3,4,15,True,13,1,175,431,4.31,2568755983
846,0,4,0,0,0,False,0,0,10,10,0.1,1510153217
847,0,-1,-1,-1,-1,True,-1,-1,-1,-1,-1.0,-1
848,0,1,3,4,30,True,90,12,186,3258,32.58,0
849,0,1,3,4,30,False,130,12,170,3242,32.42,0
850,0,1,3,4,29,True,130,12,146,3218,32.18,0
851,0,1,3,4,11,False,182,2,124,636,6.36,0
852,0,1,3,4,19,True,182,2,101,613,6.13,0
853,0,1,3,4,22,False,213,15,65,3905,39.05,0
854,0,1,3,4,32,True,213,15,47,3887,38.87,0
855,0,1,3,4,24,False,200,4,168,1192,11.92,0
856,0,1,3,4,20,True,200,0,93,93,0.93,0
857,0,1,3,4,29,False,206,2,20,532,5.32,0
858,0,1,3,4,18,True,206,4,152,1176,11.76,0
859,0,1,3,4,29,False,0,11,249,3065,30.65,0
860,0,1,3,4,21,True,0,15,29,3869,38.69,0
861,0,1,3,4,2,False,212,11,212,3028,30.28,0
862,0,1,3,4,1,False,211,5,15,1295,12.95,150
863,0,-1,-1,-1,-1,True,-1,-1,-1,-1,-1.0,-1
864,0,1,3,4,28,True,117,15,130,3970,39.7,0
865,0,1,2,4,17,False,42,4,168,1192,11.92,0
866,0,1,3,4,33,False,78,12,133,3205,32.05,0
867,0,1,2,4,29,True,42,4,149,1173,11.73,0
868,0,1,3,4,48,False,28,13,71,3399,33.99,0
869,0,1,1,0,0,False,0,0,0,0,0.0,0
870,0,1,3,4,14,False,71,11,143,2959,29.59,0
871,0,1,3,4,10,False,71,1,154,410,4.1,0
872,0,1,3,4,11,False,71,0,92,92,0.92,0
873,0,1,3,4,19,False,32,3,251,1019,10.19,0
874,0,1,3,4,20,True,37,1,228,484,4.84,0
875,0,1,3,4,23,False,37,4,118,1142,11.42,0
876,0,1,3,4,24,False,37,12,122,3194,31.94,0
877,0,1,3,4,19,True,11,3,0,768,7.68,167772160
878,0,-1,-1,-1,-1,True,-1,-1,-1,-1,-1.0,-1
879,0,-1,-1,-1,-1,True,-1,-1,-1,-1,-1.0,-1
880,0,-1,-1,-1,-1,True,-1,-1,-1,-1,-1.0,-1
881,0,1,3,4,22,True,162,4,135,1159,11.59,0
882,0,1,3,4,23,False,118,12,247,3319,33.19,0
883,0,1,3,4,25,True,118,12,223,3295,32.95,0
884,0,1,3,4,33,False,24,5,114,1394,13.94,0
885,0,1,3,4,22,True,24,5,92,1372,13.72,0
886,0,1,3,4,29,False,61,0,213,213,2.13,0
887,0,1,3,4,30,True,61,0,191,191,1.91,0
888,0,1,3,4,18,False,156,15,172,4012,40.12,0
889,0,1,3,4,22,True,156,15,149,3989,39.89,0
890,0,1,3,4,30,False,12,5,0,1280,12.8,167772160
891,0,-1,-1,-1,-1,True,-1,-1,-1,-1,-1.0,-1
892,0,193,0,0,0,False,0,0,10,10,0.1,3902086145
893,0,-1,-1,-1,-1,True,-1,-1,-1,-1,-1.0,-1
894,0,-1,-1,-1,-1,True,-1,-1,-1,-1,-1.0,-1
895,0,-1,-1,-1,-1,True,-1,-1,-1,-1,-1.0,-1
896,0,-1,-1,-1,-1,True,-1,-1,-1,-1,-1.0,-1
897,0,1,3,4,22,False,154,13,25,3353,33.53,0
898,0,1,3,4,21,True,154,13,3,3331,33.31,0
899,0,1,3,4,21,False,185,10,110,2670,26.7,0
900,0,1,3,4,25,True,185,10,87,2647,26.47,0
901,0,1,3,4,26,False,125,11,153,2969,29.69,0
902,0,1,3,4,25,False,122,3,245,1013,10.13,0
903,0,1,3,4,14,True,161,1,215,471,4.71,0
904,0,1,3,4,26,False,104,15,97,3937,39.37,0
905,0,1,3,4,20,True,104,15,75,3915,39.15,0
906,0,1,3,4,28,False,80,2,56,568,5.68,0
907,0,1,3,4,30,True,170,12,155,3227,32.27,1790
908,0,-1,-1,-1,-1,True,-1,-1,-1,-1,-1.0,-1
909,0,-1,-1,-1,-1,True,-1,-1,-1,-1,-1.0,-1
910,0,1,18,3,28,False,31,6,0,1536,15.36,0
911,0,1,0,2,7,True,28,0,0,0,0.0,0
912,0,135,0,0,0,False,0,0,10,10,0.1,2778340353
913,0,113,0,0,0,False,0,0,10,10,0.1,1578306561
914,0,77,0,0,0,False,0,0,10,10,0.1,2038785
915,0,14,20,1,0,False,0,0,0,0,0.0,266
916,0,44,0,0,27,True,0,0,0,0,0.0,469830144
917,0,-1,-1,-1,-1,True,-1,-1,-1,-1,-1.0,-1
918,0,-1,-1,-1,-1,True,-1,-1,-1,-1,-1.0,-1
919,0,-1,-1,-1,-1,True,-1,-1,-1,-1,-1.0,-1
920,0,-1,-1,-1,-1,True,-1,-1,-1,-1,-1.0,-1
921,0,-1,-1,-1,-1,True,-1,-1,-1,-1,-1.0,-1
922,0,1,3,4,15,False,173,12,90,3162,31.62,0
923,0,1,3,4,13,True,173,12,68,3140,31.4,0
924,0,1,3,4,33,False,15,5,115,1395,13.95,0
925,0,1,3,4,8,True,22,5,95,1375,13.75,0
926,0,1,3,4,15,False,107,2,178,690,6.9,0
927,0,1,3,4,16,False,101,14,186,3770,37.7,0
928,0,1,3,4,32,True,88,6,58,1594,15.94,0
929,0,1,3,4,29,False,133,10,116,2676,26.76,0
930,0,1,3,4,30,True,133,10,93,2653,26.53,0
931,0,1,3,4,32,False,160,2,127,639,6.39,0
932,0,1,3,4,10,True,165,11,229,3045,30.45,0
933,0,1,3,4,28,False,164,11,59,2875,28.75,0
934,0,1,3,4,15,True,164,11,34,2850,28.5,0
935,0,1,3,4,19,False,118,0,212,212,2.12,0
936,0,1,3,4,24,True,117,0,192,192,1.92,0
937,0,1,3,4,0,False,38,5,103,1383,13.83,0
938,0,1,3,4,13,True,18,11,152,2968,29.68,0
939,0,1,3,4,22,False,7,11,42,2858,28.58,0
940,0,1,3,4,23,False,7,14,120,3704,37.04,0
941,0,1,3,4,28,True,6,11,20,2836,28.36,0
942,0,1,3,4,29,True,7,14,100,3684,36.84,0
943,0,1,3,4,30,False,62,0,249,249,2.49,0
944,0,1,3,4,32,True,62,0,227,227,2.27,0
945,0,1,3,4,18,False,161,5,5,1285,12.85,219
946,0,-1,-1,-1,-1,True,-1,-1,-1,-1,-1.0,-1
947,0,1,3,4,22,True,213,5,197,1477,14.77,0
948,0,1,3,4,23,True,214,2,130,642,6.42,0
949,0,1,3,4,22,False,253,1,209,465,4.65,0
950,0,1,3,4,32,True,0,9,0,2304,23.04,167772160
951,0,-1,-1,-1,-1,True,-1,-1,-1,-1,-1.0,-1
952,0,88,0,0,0,False,0,0,10,10,0.1,345250817
953,0,65,0,0,0,False,0,0,10,10,0.1,589175809
954,0,90,0,0,0,False,0,0,10,10,0.1,7169
955,0,67,0,0,0,False,0,0,10,10,0.1,7169
956,0,-1,-1,-1,-1,True,-1,-1,-1,-1,-1.0,-1
957,0,-1,-1,-1,-1,True,-1,-1,-1,-1,-1.0,-1
958,0,-1,-1,-1,-1,True,-1,-1,-1,-1,-1.0,-1
959,0,1,3,4,34,True,60,13,104,3432,34.32,16390428
960,0,-1,-1,-1,-1,True,-1,-1,-1,-1,-1.0,-1
961,0,-1,-1,-1,-1,True,-1,-1,-1,-1,-1.0,-1
962,0,-1,-1,-1,-1,True,-1,-1,-1,-1,-1.0,-1
963,0,1,1,1,27,False,0,0,0,0,0.0,0
964,0,1,3,4,19,True,250,9,71,2375,23.75,0
965,0,1,3,4,26,False,222,2,20,532,5.32,0
966,0,1,3,4,29,True,222,1,255,511,5.11,0
967,0,1,3,4,29,True,208,8,134,2182,21.82,0
968,0,1,3,4,17,False,206,13,181,3509,35.09,0
969,0,1,3,4,30,True,206,13,161,3489,34.89,0
970,0,1,3,4,31,False,177,1,181,437,4.37,0
971,0,1,3,4,15,True,189,8,158,2206,22.06,0
972,0,1,3,4,33,False,219,8,164,2212,22.12,0
973,0,1,3,4,11,True,219,8,144,2192,21.92,0
974,0,1,3,4,23,False,221,11,141,2957,29.57,0
975,0,1,1,4,16,False,1,14,0,3584,35.84,167772160
976,0,-1,-1,-1,-1,True,-1,-1,-1,-1,-1.0,-1
977,0,152,0,0,0,False,0,0,10,10,0.1,781065217
978,0,-1,-1,-1,-1,True,-1,-1,-1,-1,-1.0,-1
979,0,-1,-1,-1,-1,True,-1,-1,-1,-1,-1.0,-1
980,0,-1,-1,-1,-1,True,-1,-1,-1,-1,-1.0,-1
981,0,-1,-1,-1,-1,True,-1,-1,-1,-1,-1.0,-1
982,0,1,2,4,32,True,194,11,131,2947,29.47,0
983,0,1,3,4,33,False,203,11,60,2876,28.76,0
984,0,1,3,4,24,True,248,11,36,2852,28.52,0
985,0,1,3,4,31,False,76,14,34,3618,36.18,0
986,0,1,3,4,9,True,76,14,13,3597,35.97,0
987,0,1,3,4,30,False,175,15,95,3935,39.35,0
988,0,1,3,4,19,True,194,7,250,2042,20.42,0
989,0,1,3,4,8,True,194,7,226,2018,20.18,0
990,0,1,3,4,2,False,180,15,56,3896,38.96,0
991,0,1,3,4,19,False,157,13,250,3578,35.78,0
992,0,1,1,4,27,True,180,15,34,3874,38.74,0
993,0,1,3,4,32,False,70,0,9,9,0.09,0
994,0,1,3,4,14,False,128,0,159,159,1.59,0
995,0,1,3,4,18,True,128,0,134,134,1.34,0
996,0,1,3,4,31,False,41,4,89,1113,11.13,0
997,0,1,3,4,24,True,41,4,68,1092,10.92,0
998,0,1,3,4,23,False,174,3,130,898,8.98,0
999,0,1,3,4,33,True,174,12,54,3126,31.26,0
1000,0,1,3,4,20,False,186,14,214,3798,37.98,0
1001,0,1,3,4,28,True,186,14,191,3775,37.75,0
1002,0,1,3,4,12,False,224,13,58,3386,33.86,0
1003,0,1,3,4,34,True,224,10,12,2572,25.72,246
1004,0,-1,-1,-1,-1,True,-1,-1,-1,-1,-1.0,-1
1005,0,1,3,4,19,True,8,9,85,2389,23.89,0
1006,0,1,3,4,20,True,10,12,223,3295,32.95,0
1007,0,1,3,4,1,False,77,8,51,2099,20.99,0
1008,0,1,3,4,14,True,77,8,26,2074,20.74,0
1009,0,1,3,4,19,False,116,8,218,2266,22.66,0
1010,0,1,3,4,15,True,1,15,194,4034,40.34,0
1011,0,1,3,4,32,False,0,13,119,3447,34.47,0
1012,0,1,3,4,34,True,0,13,95,3423,34.23,0
1013,0,1,3,4,8,False,2,1,150,406,4.06,0
1014,0,1,3,4,33,True,10,3,0,768,7.68,167772160
1015,0,-1,-1,-1,-1,True,-1,-1,-1,-1,-1.0,-1
1016,0,189,0,0,0,False,0,0,10,10,0.1,10230785
1017,0,21,0,0,0,False,0,0,10,10,0.1,1023613953
1018,0,-1,-1,-1,-1,True,-1,-1,-1,-1,-1.0,-1
1019,0,-1,-1,-1,-1,True,-1,-1,-1,-1,-1.0,-1
1020,0,-1,-1,-1,-1,True,-1,-1,-1,-1,-1.0,-1
1021,0,-1,-1,-1,-1,True,-1,-1,-1,-1,-1.0,-1
1022,0,1,3,4,33,True,61,3,8,776,7.76,0
1023,0,1,3,4,28,False,107,15,212,4052,40.52,0
1024,0,1,3,4,25,True,12,15,0,3840,38.4,167772160
1025,0,-1,-1,-1,-1,True,-1,-1,-1,-1,-1.0,-1
1026,0,106,0,0,0,False,0,0,10,10,0.1,2216500225
1027,0,-1,-1,-1,-1,True,-1,-1,-1,-1,-1.0,-1
1028,0,-1,-1,-1,-1,True,-1,-1,-1,-1,-1.0,-1
1029,0,1,3,4,33,False,206,4,203,1227,12.27,0
1030,0,1,3,4,30,True,206,4,183,1207,12.07,0
1031,0,1,3,4,27,True,27,4,194,1218,12.18,0
1032,0,1,3,4,11,False,24,12,80,3152,31.52,0
1033,0,1,3,4,28,True,24,12,59,3131,31.31,0
1034,0,1,3,4,30,False,115,11,244,3060,30.6,0
1035,0,1,3,4,29,False,115,1,142,398,3.98,0
1036,0,1,3,4,31,False,115,0,183,183,1.83,0
1037,0,1,3,4,23,True,7,2,0,512,5.12,167772160
1038,0,-1,-1,-1,-1,True,-1,-1,-1,-1,-1.0,-1
1039,0,-1,-1,-1,-1,True,-1,-1,-1,-1,-1.0,-1
1040,0,-1,-1,-1,-1,True,-1,-1,-1,-1,-1.0,-1
1041,0,-1,-1,-1,-1,True,-1,-1,-1,-1,-1.0,-1
1042,0,-1,-1,-1,-1,True,-1,-1,-1,-1,-1.0,-1
1043,0,-1,-1,-1,-1,True,-1,-1,-1,-1,-1.0,-1
1044,0,1,3,4,22,False,202,13,195,3523,35.23,0
1045,0,1,3,4,14,True,201,0,11,11,0.11,0
1046,0,1,3,4,15,True,202,2,124,636,6.36,0
1047,0,1,3,4,31,False,150,15,40,3880,38.8,0
1048,0,1,3,4,23,True,150,15,18,3858,38.58,0
1049,0,1,3,4,27,False,217,1,227,483,4.83,0
1050,0,1,3,4,31,True,217,1,204,460,4.6,0
1051,0,1,3,4,30,False,123,10,78,2638,26.38,0
1052,0,1,3,4,27,True,123,10,54,2614,26.14,0
1053,0,1,3,4,29,False,195,2,86,598,5.98,0
1054,0,1,3,4,27,True,195,12,200,3272,32.72,0
1055,0,1,3,4,23,False,59,14,211,3795,37.95,0
1056,0,1,3,4,28,True,59,10,7,2567,25.67,143
1057,0,-1,-1,-1,-1,True,-1,-1,-1,-1,-1.0,-1
1058,0,1,3,4,19,False,168,5,96,1376,13.76,0
1059,0,1,3,4,26,True,168,5,78,1358,13.58,0
1060,0,1,3,4,24,False,35,7,10,1802,18.02,0
1061,0,1,3,4,21,True,35,6,243,1779,17.79,0
1062,0,1,3,4,23,False,83,11,88,2904,29.04,0
1063,0,1,3,4,23,True,83,11,69,2885,28.85,0
1064,0,1,3,4,19,False,224,12,188,3260,32.6,0
1065,0,1,3,4,20,False,28,0,0,0,0.0,17235968
1066,0,-1,-1,-1,-1,True,-1,-1,-1,-1,-1.0,-1
1067,0,-1,-1,-1,-1,True,-1,-1,-1,-1,-1.0,-1
1068,0,-1,-1,-1,-1,True,-1,-1,-1,-1,-1.0,-1
1069,0,-1,-1,-1,-1,True,-1,-1,-1,-1,-1.0,-1
1070,0,1,0,7,40,True,28,0,215,215,2.15,1889031
1071,0,1,3,3,12,True,12,4,0,1024,10.24,0
1072,0,1,3,4,29,True,204,12,172,3244,32.44,0
1073,0,1,3,4,30,False,212,1,247,503,5.03,0
1074,0,1,3,4,20,True,0,2,28,540,5.4,0
1075,0,1,3,1,18,True,0,0,0,0,0.0,0
1076,0,1,0,2,62,True,28,0,0,0,0.0,0
1077,0,1,3,0,0,False,0,0,0,0,0.0,0
1078,0,1,18,2,12,False,255,0,0,0,0.0,0
1079,0,1,3,4,24,True,146,12,236,3308,33.08,0
1080,0,1,3,4,13,False,185,10,231,2791,27.91,0
1081,0,1,3,4,14,False,185,4,174,1198,11.98,0
1082,0,1,3,4,25,False,160,3,140,908,9.08,0
1083,0,1,3,4,26,False,157,7,124,1916,19.16,0
1084,0,1,3,4,14,True,185,4,153,1177,11.77,0
1085,0,1,3,4,25,True,157,7,101,1893,18.93,0
1086,0,1,3,4,27,False,149,8,36,2084,20.84,0
1087,0,1,3,4,29,True,149,8,11,2059,20.59,0
1088,0,1,3,4,3,False,120,9,251,2555,25.55,0
1089,0,1,3,4,20,True,120,14,248,3832,38.32,0
1090,0,1,3,4,30,True,242,1,42,298,2.98,0
1091,0,1,3,4,28,False,242,5,44,1324,13.24,0
1092,0,1,3,4,31,True,28,15,45,3885,38.85,0
1093,0,1,1,5,43,False,28,2,45,557,5.57,13
1094,0,1,2,6,28,False,21,7,10,1802,18.02,7417
1095,0,1,19,3,39,True,10,2,0,512,5.12,0
1096,0,1,3,4,26,False,114,3,222,990,9.9,0
1097,0,1,3,4,9,True,114,3,201,969,9.69,0
1098,0,1,3,4,19,False,75,8,13,2061,20.61,0
1099,0,1,3,4,25,False,74,12,139,3211,32.11,0
1100,0,1,3,4,25,True,74,12,119,3191,31.91,0
1101,0,1,3,4,18,False,41,12,88,3160,31.6,0
1102,0,1,3,4,13,True,41,12,67,3139,31.39,0
1103,0,1,3,4,15,False,150,12,91,3163,31.63,0
1104,0,1,3,4,14,True,150,12,68,3140,31.4,0
1105,0,1,3,4,21,False,73,9,209,2513,25.13,0
1106,0,1,3,4,20,False,70,1,85,341,3.41,0
1107,0,1,3,4,17,True,70,2,148,660,6.6,0
1108,0,1,3,4,25,False,143,15,245,4085,40.85,0
1109,0,1,3,4,23,True,143,0,246,246,2.46,0
1110,0,1,3,4,29,True,154,0,224,224,2.24,0
1111,0,1,3,4,30,True,154,2,88,600,6.0,0
1112,0,1,3,4,8,False,51,6,155,1691,16.91,0
1113,0,1,3,4,33,True,51,6,135,1671,16.71,0
1114,0,1,3,4,32,False,97,4,77,1101,11.01,0
1115,0,1,3,4,13,True,97,9,188,2492,24.92,0
1116,0,1,3,4,31,False,65,15,85,3925,39.25,0
1117,0,1,3,4,28,True,65,15,65,3905,39.05,0
1118,0,1,3,4,15,False,234,2,241,753,7.53,0
1119,0,1,3,4,26,True,234,2,220,732,7.32,0
1120,0,1,3,4,28,False,95,11,123,2939,29.39,0
1121,0,1,3,4,21,True,94,14,103,3687,36.87,0
1122,0,1,3,4,23,False,101,15,208,4048,40.48,0
1123,0,1,3,4,7,True,101,15,187,4027,40.27,0
1124,0,1,3,4,22,False,136,1,141,397,3.97,0
1125,0,1,3,4,27,True,136,12,188,3260,32.6,0
1126,0,1,3,4,8,True,227,12,164,3236,32.36,0
1127,0,1,3,4,15,False,103,3,87,855,8.55,0
1128,0,1,3,4,21,True,4,10,163,2723,27.23,0
1129,0,1,3,4,16,True,139,13,79,3407,34.07,0
1130,0,1,3,4,15,False,139,2,225,737,7.37,0
1131,0,1,3,4,15,True,139,2,205,717,7.17,0
1132,0,1,3,4,19,False,141,7,198,1990,19.9,0
1133,0,1,3,4,30,True,141,7,180,1972,19.72,0
1134,0,1,3,4,31,False,58,6,73,1609,16.09,0
1135,0,1,3,4,15,True,58,6,48,1584,15.84,0
1136,0,1,3,4,16,False,59,12,86,3158,31.58,0
1137,0,1,3,4,24,True,59,12,61,3133,31.33,0
1138,0,1,3,4,30,False,24,5,173,1453,14.53,0
1139,0,1,3,4,22,True,24,5,151,1431,14.31,0
1140,0,1,3,4,21,False,154,14,115,3699,36.99,0
1141,0,1,3,4,32,True,154,14,96,3680,36.8,0
1142,0,1,3,4,24,False,147,12,51,3123,31.23,0
1143,0,1,3,4,33,True,147,12,30,3102,31.02,0
1144,0,1,3,4,29,False,126,3,152,920,9.2,0
1145,0,1,3,4,17,True,126,3,129,897,8.97,0
1146,0,1,3,4,20,False,96,12,246,3318,33.18,0
1147,0,1,3,4,9,True,96,12,223,3295,32.95,0
1148,0,1,3,4,12,False,112,5,176,1456,14.56,0
1149,0,1,3,4,18,True,112,4,18,1042,10.42,0
1150,0,1,3,4,27,True,108,3,249,1017,10.17,0
1151,0,1,3,4,28,False,54,11,28,2844,28.44,14
1152,0,-1,-1,-1,-1,True,-1,-1,-1,-1,-1.0,-1
1153,0,1,10,2,13,False,139,0,0,0,0.0,0
1154,0,1,3,4,13,False,82,15,111,3951,39.51,0
1155,0,1,3,4,26,True,82,15,91,3931,39.31,0
1156,0,1,3,4,27,True,82,13,116,3444,34.44,0
1157,0,1,3,4,19,False,112,3,205,973,9.73,0
1158,0,1,17,6,43,False,24,7,10,1802,18.02,0
1159,0,-1,-1,-1,-1,True,-1,-1,-1,-1,-1.0,-1
1160,0,-1,-1,-1,-1,True,-1,-1,-1,-1,-1.0,-1
1161,0,-1,-1,-1,-1,True,-1,-1,-1,-1,-1.0,-1
1162,0,-1,-1,-1,-1,True,-1,-1,-1,-1,-1.0,-1
1163,0,1,3,4,34,True,135,10,112,2672,26.72,0
1164,0,1,1,4,22,False,193,14,144,3728,37.28,0
1165,0,1,3,4,29,False,213,11,102,2918,29.18,0
1166,0,1,1,4,22,True,193,14,128,3712,37.12,0
1167,0,1,3,4,11,False,82,13,61,3389,33.89,0
1168,0,1,26,7,28,False,14,12,12,3084,30.84,9968667
1169,0,1,13,4,12,False,13,10,0,2560,25.6,167772160
1170,0,-1,-1,-1,-1,True,-1,-1,-1,-1,-1.0,-1
1171,0,-1,-1,-1,-1,True,-1,-1,-1,-1,-1.0,-1
1172,0,-1,-1,-1,-1,True,-1,-1,-1,-1,-1.0,-1
1173,0,-1,-1,-1,-1,True,-1,-1,-1,-1,-1.0,-1
1174,0,1,3,4,21,True,251,9,24,2328,23.28,0
1175,0,1,3,4,32,False,247,0,94,94,0.94,0
1176,0,1,3,4,22,True,247,11,143,2959,29.59,0
1177,0,1,3,4,22,False,230,9,215,2519,25.19,0
1178,0,1,3,4,26,True,230,9,194,2498,24.98,0
1179,0,1,3,4,21,False,229,4,41,1065,10.65,0
1180,0,1,3,4,25,True,229,4,18,1042,10.42,0
1181,0,1,3,4,33,False,82,8,194,2242,22.42,0
1182,0,1,3,4,19,True,82,9,3,2307,23.07,225
1183,0,-1,-1,-1,-1,True,-1,-1,-1,-1,-1.0,-1
1184,0,1,3,4,18,True,9,3,201,969,9.69,0
1185,0,1,3,4,0,False,75,8,16,2064,20.64,0
1186,0,1,3,4,5,True,75,6,150,1686,16.86,0
1187,0,1,3,4,6,True,11,8,0,2048,20.48,167772160
1188,0,-1,-1,-1,-1,True,-1,-1,-1,-1,-1.0,-1
1189,0,-1,-1,-1,-1,True,-1,-1,-1,-1,-1.0,-1
1190,0,-1,-1,-1,-1,True,-1,-1,-1,-1,-1.0,-1
1191,0,-1,-1,-1,-1,True,-1,-1,-1,-1,-1.0,-1
1192,0,1,3,4,29,True,177,8,206,2254,22.54,6404
1193,0,-1,-1,-1,-1,True,-1,-1,-1,-1,-1.0,-1
1194,0,-1,-1,-1,-1,True,-1,-1,-1,-1,-1.0,-1
1195,0,1,3,7,3,False,239,4,26,1050,10.5,14746280
1196,0,1,3,4,18,True,167,3,215,983,9.83,0
1197,0,1,3,4,20,True,168,2,203,715,7.15,0
1198,0,1,3,4,11,False,2,6,4,1540,15.4,0
1199,0,1,3,4,28,True,2,5,238,1518,15.18,0
1200,0,1,3,4,32,False,169,3,215,983,9.83,0
1201,0,1,3,4,32,True,167,13,225,3553,35.53,0
1202,0,1,3,4,22,False,70,0,48,48,0.48,0
1203,0,1,3,4,18,True,70,15,221,4061,40.61,0
1204,0,1,3,4,6,True,140,15,200,4040,40.4,0
1205,0,1,3,4,7,True,142,8,74,2122,21.22,0
1206,0,1,3,4,28,False,140,6,33,1569,15.69,0
1207,0,1,3,4,28,True,140,8,83,2131,21.31,0
1208,0,1,3,4,29,False,9,2,165,677,6.77,0
1209,0,1,3,4,34,True,9,0,13,13,0.13,69
1210,0,-1,-1,-1,-1,True,-1,-1,-1,-1,-1.0,-1
1211,0,1,3,4,28,False,48,14,80,3664,36.64,0
1212,0,1,3,4,30,False,48,15,119,3959,39.59,0
1213,0,1,3,4,15,True,48,1,1,257,2.57,11
1214,0,-1,-1,-1,-1,True,-1,-1,-1,-1,-1.0,-1
1215,0,1,3,4,33,True,17,0,249,249,2.49,0
1216,0,1,3,4,28,False,15,2,0,512,5.12,167772160
1217,0,-1,-1,-1,-1,True,-1,-1,-1,-1,-1.0,-1
1218,0,201,0,0,0,False,0,0,10,10,0.1,3666746369
1219,0,178,0,0,0,False,0,0,10,10,0.1,52501505
1220,0,0,0,0,0,False,0,10,1,2561,25.61,237608220
1221,0,-1,-1,-1,-1,True,-1,-1,-1,-1,-1.0,-1
1222,0,-1,-1,-1,-1,True,-1,-1,-1,-1,-1.0,-1
1223,0,-1,-1,-1,-1,True,-1,-1,-1,-1,-1.0,-1
1224,0,1,3,4,4,False,36,11,67,2883,28.83,0
1225,0,1,3,4,10,True,36,11,44,2860,28.6,0
1226,0,1,3,4,24,False,255,14,1,3585,35.85,0
1227,0,1,3,4,25,False,254,14,85,3669,36.69,0
1228,0,1,3,4,18,True,254,14,64,3648,36.48,0
1229,0,1,3,4,24,False,38,9,179,2483,24.83,0
1230,0,1,1,4,6,False,13,14,0,3584,35.84,167772160
1231,0,-1,-1,-1,-1,True,-1,-1,-1,-1,-1.0,-1
1232,0,137,0,0,0,False,0,0,10,10,0.1,1930763265
1233,0,-1,-1,-1,-1,True,-1,-1,-1,-1,-1.0,-1
1234,0,-1,-1,-1,-1,True,-1,-1,-1,-1,-1.0,-1
1235,0,-1,-1,-1,-1,True,-1,-1,-1,-1,-1.0,-1
1236,0,1,3,4,24,False,113,3,186,954,9.54,0
1237,0,1,3,4,23,True,113,3,163,931,9.31,0
1238,0,1,3,4,24,False,44,6,118,1654,16.54,0
1239,0,1,3,4,19,True,44,6,97,1633,16.33,0
1240,0,1,3,4,21,False,136,12,45,3117,31.17,0
1241,0,1,3,4,24,True,136,12,4,3076,30.76,84
1242,0,-1,-1,-1,-1,True,-1,-1,-1,-1,-1.0,-1
1243,0,1,3,4,21,False,24,15,232,4072,40.72,0
1244,0,1,3,4,31,True,24,15,211,4051,40.51,0
1245,0,1,3,4,10,False,220,6,88,1624,16.24,0
1246,0,1,3,4,11,True,220,6,64,1600,16.0,0
1247,0,1,3,4,17,False,19,8,250,2298,22.98,0
1248,0,1,3,4,20,True,19,8,229,2277,22.77,0
1249,0,1,3,4,16,False,16,14,63,3647,36.47,0
1250,0,1,3,4,19,True,16,14,40,3624,36.24,0
1251,0,1,3,4,26,False,143,5,157,1437,14.37,0
1252,0,1,3,4,11,True,204,5,19,1299,12.99,0
1253,0,1,3,4,27,False,198,3,187,955,9.55,0
1254,0,1,3,4,28,True,210,3,252,1020,10.2,0
1255,0,1,3,4,10,False,202,10,209,2769,27.69,0
1256,0,1,3,4,6,True,202,10,185,2745,27.45,0
1257,0,1,3,4,26,False,192,6,226,1762,17.62,0
1258,0,1,3,4,25,True,192,6,203,1739,17.39,0
1259,0,1,3,4,17,False,107,12,120,3192,31.92,0
1260,0,1,3,4,18,False,6,2,0,512,5.12,167772160
1261,0,-1,-1,-1,-1,True,-1,-1,-1,-1,-1.0,-1
1262,0,182,0,0,0,False,0,0,10,10,0.1,1
1263,0,160,0,0,0,False,0,0,10,10,0.1,1
1264,0,136,0,0,0,False,0,0,10,10,0.1,1553472513
1265,0,-1,-1,-1,-1,True,-1,-1,-1,-1,-1.0,-1
1266,0,-1,-1,-1,-1,True,-1,-1,-1,-1,-1.0,-1
1267,0,-1,-1,-1,-1,True,-1,-1,-1,-1,-1.0,-1
1268,0,-1,-1,-1,-1,True,-1,-1,-1,-1,-1.0,-1
1269,0,1,3,4,26,False,125,12,222,3294,32.94,0
1270,0,1,3,4,23,False,255,15,40,3880,38.8,0
1271,0,1,3,4,10,True,255,15,18,3858,38.58,0
1272,0,1,3,4,31,False,84,14,83,3667,36.67,0
1273,0,1,3,4,27,True,83,14,62,3646,36.46,0
1274,0,1,3,4,21,False,138,7,169,1961,19.61,0
1275,0,1,3,4,6,True,138,7,147,1939,19.39,0
1276,0,1,3,4,32,False,145,10,83,2643,26.43,0
1277,0,1,3,4,22,True,0,5,0,1280,12.8,167772160
1278,0,-1,-1,-1,-1,True,-1,-1,-1,-1,-1.0,-1
1279,0,55,3,4,16,True,0,0,0,0,0.0,3204517120
1280,0,207,0,0,0,False,0,0,10,10,0.1,3248364545
1281,0,-1,-1,-1,-1,True,-1,-1,-1,-1,-1.0,-1
1282,0,-1,-1,-1,-1,True,-1,-1,-1,-1,-1.0,-1
1283,0,-1,-1,-1,-1,True,-1,-1,-1,-1,-1.0,-1
1284,0,1,3,4,27,False,201,3,69,837,8.37,0
1285,0,1,3,4,26,False,197,9,195,2499,24.99,0
1286,0,1,3,4,24,True,197,9,171,2475,24.75,0
1287,0,1,3,4,28,True,187,14,166,3750,37.5,0
1288,0,1,3,4,22,False,187,2,145,657,6.57,0
1289,0,1,3,4,27,True,187,2,122,634,6.34,0
1290,0,1,3,4,28,False,123,11,61,2877,28.77,0
1291,0,1,3,4,12,True,123,11,38,2854,28.54,0
1292,0,1,3,4,26,False,158,0,155,155,1.55,0
1293,0,1,2,4,21,False,147,3,39,807,8.07,0
1294,0,1,3,4,33,True,158,0,136,136,1.36,0
1295,0,1,2,4,12,True,147,3,21,789,7.89,0
1296,0,1,3,4,11,False,236,10,66,2626,26.26,0
1297,0,1,3,4,26,False,234,3,37,805,8.05,0
1298,0,1,2,4,22,False,249,9,114,2418,24.18,0
1299,0,1,3,4,34,True,234,3,14,782,7.82,0
1300,0,1,2,4,23,True,249,9,95,2399,23.99,0
1301,0,1,3,4,9,False,247,2,79,591,5.91,0
1302,0,1,3,4,34,True,10,9,0,2304,23.04,167772160
1303,0,-1,-1,-1,-1,True,-1,-1,-1,-1,-1.0,-1
1304,0,157,1,4,12,False,0,0,0,0,0.0,0
1305,0,1,3,4,30,True,157,11,247,3063,30.63,0
1306,0,1,3,4,12,False,67,4,10,1034,10.34,0
1307,0,1,3,4,11,False,61,6,102,1638,16.38,0
1308,0,1,3,4,27,True,10,6,81,1617,16.17,0
1309,0,1,3,4,13,False,108,10,101,2661,26.61,0
1310,0,1,3,4,18,True,108,10,80,2640,26.4,0
1311,0,1,3,4,24,False,115,0,165,165,1.65,0
1312,0,1,3,4,12,True,115,0,143,143,1.43,0
1313,0,1,1,4,3,False,96,15,68,3908,39.08,0
1314,0,1,3,4,15,False,38,3,41,809,8.09,0
1315,0,1,1,4,11,True,95,15,45,3885,38.85,0
1316,0,1,3,4,14,False,17,14,190,3774,37.74,0
1317,0,1,3,4,21,False,132,7,66,1858,18.58,0
1318,0,1,3,4,12,True,132,7,43,1835,18.35,0
1319,0,1,3,4,31,False,17,15,110,3950,39.5,0
1320,0,1,3,4,4,True,17,15,91,3931,39.31,0
1321,0,1,3,4,9,False,67,8,90,2138,21.38,0
1322,0,1,3,4,15,True,67,8,68,2116,21.16,0
1323,0,1,3,4,20,False,185,9,187,2491,24.91,0
1324,0,1,3,4,30,True,8,3,0,768,7.68,167772160
1325,0,-1,-1,-1,-1,True,-1,-1,-1,-1,-1.0,-1
1326,0,-1,-1,-1,-1,True,-1,-1,-1,-1,-1.0,-1
1327,0,-1,-1,-1,-1,True,-1,-1,-1,-1,-1.0,-1
1328,0,-1,-1,-1,-1,True,-1,-1,-1,-1,-1.0,-1
1329,0,-1,-1,-1,-1,True,-1,-1,-1,-1,-1.0,-1
1330,0,-1,-1,-1,-1,True,-1,-1,-1,-1,-1.0,-1
1331,0,1,3,4,26,False,201,12,34,3106,31.06,0
1332,0,1,3,4,29,True,199,1,41,297,2.97,0
1333,0,1,3,4,30,True,201,12,12,3084,30.84,0
1334,0,1,3,4,27,True,100,1,139,395,3.95,0
1335,0,1,3,4,26,False,97,8,146,2194,21.94,0
1336,0,1,3,4,26,True,97,8,129,2177,21.77,0
1337,0,1,3,4,24,False,224,14,129,3713,37.13,0
1338,0,1,3,4,4,True,158,14,111,3695,36.95,0
1339,0,1,3,4,18,False,193,2,250,762,7.62,0
1340,0,1,3,4,28,True,193,2,230,742,7.42,0
1341,0,1,3,4,5,False,127,4,4,1028,10.28,790018
1342,0,-1,-1,-1,-1,True,-1,-1,-1,-1,-1.0,-1
1343,0,-1,-1,-1,-1,True,-1,-1,-1,-1,-1.0,-1
1344,0,-1,-1,-1,-1,True,-1,-1,-1,-1,-1.0,-1
1345,0,1,3,7,4,False,155,14,12,3596,35.96,1901688
1346,0,1,3,3,11,False,129,4,0,1024,10.24,0
1347,0,1,3,6,11,False,11,11,4,2820,28.2,64791
1348,0,1,3,6,8,False,4,4,252,1276,12.76,12806
1349,0,1,3,4,24,False,186,6,168,1704,17.04,0
1350,0,1,3,4,22,True,227,4,96,1120,11.2,0
1351,0,1,3,4,25,True,227,4,71,1095,10.95,0
1352,0,1,3,4,13,False,0,6,0,1536,15.36,167772160
1353,0,-1,-1,-1,-1,True,-1,-1,-1,-1,-1.0,-1
1354,0,-1,-1,-1,-1,True,-1,-1,-1,-1,-1.0,-1
1355,0,-1,-1,-1,-1,True,-1,-1,-1,-1,-1.0,-1
1356,0,-1,-1,-1,-1,True,-1,-1,-1,-1,-1.0,-1
1357,0,-1,-1,-1,-1,True,-1,-1,-1,-1,-1.0,-1
1358,0,1,3,4,26,True,72,7,102,1894,18.94,0
1359,0,1,3,4,30,True,15,7,82,1874,18.74,0
1360,0,1,3,4,31,True,16,11,71,2887,28.87,0
1361,0,1,3,4,24,True,245,11,47,2863,28.63,0
1362,0,1,3,4,20,False,104,2,58,570,5.7,0
1363,0,1,3,4,27,True,88,10,89,2649,26.49,0
1364,0,1,3,4,15,True,88,10,66,2626,26.26,0
1365,0,1,1,4,26,False,79,14,226,3810,38.1,0
1366,0,1,3,4,12,False,196,12,134,3206,32.06,0
1367,0,1,1,4,22,True,79,14,207,3791,37.91,0
1368,0,1,3,4,12,False,113,4,72,1096,10.96,0
1369,0,1,3,4,25,True,65,4,49,1073,10.73,0
1370,0,1,3,4,20,False,13,10,199,2759,27.59,0
1371,0,1,3,4,21,False,12,14,14,3598,35.98,0
1372,0,1,1,4,17,True,131,4,208,1232,12.32,0
1373,0,1,3,4,31,True,12,10,177,2737,27.37,0
1374,0,1,1,4,24,False,131,3,91,859,8.59,11
1375,0,-1,-1,-1,-1,True,-1,-1,-1,-1,-1.0,-1
1376,0,1,18,0,0,False,0,0,0,0,0.0,0
1377,0,1,3,4,24,True,91,11,123,2939,29.39,0
1378,0,1,3,4,27,False,7,14,226,3810,38.1,0
1379,0,1,3,4,21,True,34,14,206,3790,37.9,0
1380,0,1,3,4,21,False,9,15,114,3954,39.54,0
1381,0,1,3,4,7,True,50,1,77,333,3.33,0
1382,0,1,3,4,28,True,50,1,56,312,3.12,0
1383,0,1,3,4,30,False,117,15,144,3984,39.84,0
1384,0,1,3,4,25,True,209,13,13,3341,33.41,142
1385,0,-1,-1,-1,-1,True,-1,-1,-1,-1,-1.0,-1
1386,0,1,3,4,33,False,137,14,48,3632,36.32,0
1387,0,1,3,4,29,True,137,14,28,3612,36.12,0
1388,0,1,3,4,27,False,186,4,88,1112,11.12,0
1389,0,1,3,4,31,True,186,4,54,1078,10.78,0
1390,0,1,3,4,33,True,186,2,56,568,5.68,0
1391,0,1,3,4,13,False,214,11,115,2931,29.31,0
1392,0,1,3,4,26,True,214,11,95,2911,29.11,0
1393,0,1,3,4,18,False,11,13,0,3328,33.28,167772160
1394,0,-1,-1,-1,-1,True,-1,-1,-1,-1,-1.0,-1
1395,0,9,0,0,0,False,0,0,10,10,0.1,3826453505
1396,0,-1,-1,-1,-1,True,-1,-1,-1,-1,-1.0,-1
1397,0,1,3,4,33,True,135,14,243,3827,38.27,0
1398,0,1,1,4,20,False,228,1,6,262,2.62,0
1399,0,1,3,4,8,False,245,8,121,2169,21.69,0
1400,0,1,3,4,33,True,244,8,102,2150,21.5,0
1401,0,1,1,4,19,False,22,8,82,2130,21.3,0
1402,0,1,3,4,20,False,113,14,254,3838,38.38,0
1403,0,1,1,4,28,True,22,8,65,2113,21.13,0
1404,0,1,3,4,28,False,14,1,0,256,2.56,113
1405,0,-1,-1,-1,-1,True,-1,-1,-1,-1,-1.0,-1
1406,0,1,3,4,32,True,193,0,95,95,0.95,0
1407,0,1,3,4,20,False,125,5,0,1280,12.8,0
1408,0,1,3,4,15,True,125,4,230,1254,12.54,0
1409,0,1,3,4,17,False,181,9,109,2413,24.13,0
1410,0,1,3,4,11,True,124,2,210,722,7.22,0
1411,0,1,3,4,29,False,124,9,112,2416,24.16,0
1412,0,1,2,4,28,True,177,2,11,523,5.23,105
1413,0,-1,-1,-1,-1,True,-1,-1,-1,-1,-1.0,-1
1414,0,1,3,4,17,False,65,2,118,630,6.3,0
1415,0,1,3,4,23,True,65,2,97,609,6.09,0
1416,0,1,3,4,21,False,99,6,29,1565,15.65,0
1417,0,1,3,4,26,True,99,6,7,1543,15.43,0
1418,0,1,3,4,20,False,9,3,157,925,9.25,0
1419,0,1,3,4,22,False,108,10,34,2594,25.94,0
1420,0,1,3,4,24,True,108,10,12,2572,25.72,0
1421,0,1,3,4,23,False,113,1,146,402,4.02,0
1422,0,1,3,4,29,True,113,1,125,381,3.81,0
1423,0,1,3,4,11,True,59,7,17,1809,18.09,0
1424,0,1,3,4,29,False,57,12,14,3086,30.86,35
1425,0,-1,-1,-1,-1,True,-1,-1,-1,-1,-1.0,-1
1426,0,1,3,4,14,True,76,14,13,3597,35.97,0
1427,0,1,3,4,14,False,70,14,170,3754,37.54,0
1428,0,1,3,4,7,True,70,11,238,3054,30.54,13
1429,0,-1,-1,-1,-1,True,-1,-1,-1,-1,-1.0,-1
1430,0,1,1,4,10,True,221,5,127,1407,14.07,0
1431,0,1,29,5,13,False,213,12,22,3094,30.94,214
1432,0,1,0,6,15,True,28,3,214,982,9.82,31238
1433,0,1,3,4,4,True,176,0,250,250,2.5,0
1434,0,1,3,4,23,False,176,5,172,1452,14.52,0
1435,0,1,3,4,5,True,176,5,152,1432,14.32,0
1436,0,1,3,4,28,False,149,2,31,543,5.43,0
1437,0,1,3,4,18,True,149,2,8,520,5.2,0
1438,0,1,3,4,32,False,205,12,67,3139,31.39,0
1439,0,1,3,4,15,True,205,12,45,3117,31.17,0
1440,0,1,3,4,16,True,205,12,25,3097,30.97,0
1441,0,1,3,4,31,False,90,11,131,2947,29.47,0
1442,0,1,3,4,32,True,243,7,136,1928,19.28,0
1443,0,1,3,4,19,True,243,7,116,1908,19.08,0
1444,0,1,3,4,18,False,191,12,163,3235,32.35,0
1445,0,1,3,4,6,True,191,12,141,3213,32.13,0
1446,0,1,3,4,33,False,215,9,83,2387,23.87,0
1447,0,1,3,4,25,True,215,9,62,2366,23.66,0
1448,0,1,3,4,28,False,12,10,0,2560,25.6,167772160
1449,0,-1,-1,-1,-1,True,-1,-1,-1,-1,-1.0,-1
1450,0,85,0,0,0,False,0,0,10,10,0.1,1797135361
1451,0,-1,-1,-1,-1,True,-1,-1,-1,-1,-1.0,-1
1452,0,-1,-1,-1,-1,True,-1,-1,-1,-1,-1.0,-1
1453,0,-1,-1,-1,-1,True,-1,-1,-1,-1,-1.0,-1
1454,0,-1,-1,-1,-1,True,-1,-1,-1,-1,-1.0,-1
1455,0,1,3,4,7,True,107,13,233,3561,35.61,0
1456,0,1,3,4,25,False,106,10,77,2637,26.37,0
1457,0,1,3,4,22,True,105,10,54,2614,26.14,0
1458,0,1,3,4,9,False,222,12,182,3254,32.54,0
1459,0,1,3,4,8,False,221,14,67,3651,36.51,0
1460,0,1,3,4,21,True,221,14,45,3629,36.29,0
1461,0,1,3,4,23,True,222,12,162,3234,32.34,0
1462,0,1,3,4,23,True,218,5,182,1462,14.62,0
1463,0,1,3,4,22,False,4,10,0,2560,25.6,167772160
1464,0,-1,-1,-1,-1,True,-1,-1,-1,-1,-1.0,-1
1465,0,-1,-1,-1,-1,True,-1,-1,-1,-1,-1.0,-1
1466,0,-1,-1,-1,-1,True,-1,-1,-1,-1,-1.0,-1
1467,0,1,3,4,12,False,238,13,63,3391,33.91,0
1468,0,1,3,4,26,True,238,13,43,3371,33.71,0
1469,0,1,3,4,21,False,49,14,227,3811,38.11,0
1470,0,1,3,4,20,True,49,14,203,3787,37.87,0
1471,0,1,3,4,18,False,203,7,122,1914,19.14,0
1472,0,1,3,4,15,True,115,7,101,1893,18.93,0
1473,0,1,3,4,32,False,110,3,87,855,8.55,0
1474,0,1,3,4,25,True,110,3,64,832,8.32,0
1475,0,1,3,4,27,False,132,14,31,3615,36.15,0
1476,0,1,3,4,28,True,14,14,0,3584,35.84,167772160
1477,0,-1,-1,-1,-1,True,-1,-1,-1,-1,-1.0,-1
1478,0,159,0,0,36,True,0,0,0,0,0.0,469830144
1479,0,-1,-1,-1,-1,True,-1,-1,-1,-1,-1.0,-1
1480,0,-1,-1,-1,-1,True,-1,-1,-1,-1,-1.0,-1
1481,0,-1,-1,-1,-1,True,-1,-1,-1,-1,-1.0,-1
1482,0,1,3,4,26,False,56,3,32,800,8.0,0
1483,0,1,3,4,20,True,56,3,11,779,7.79,0
1484,0,1,3,4,29,False,126,3,70,838,8.38,0
1485,0,1,3,4,15,True,28,9,37,2341,23.41,0
1486,0,1,1,7,56,True,28,0,245,245,2.45,1876751
1487,0,1,3,0,0,False,0,0,0,0,0.0,0
1488,0,1,6,7,14,False,232,12,158,3230,32.3,13831735
1489,0,1,3,4,25,False,159,0,49,49,0.49,0
1490,0,1,3,4,17,True,159,0,26,26,0.26,0
1491,0,1,2,4,26,False,145,7,55,1847,18.47,0
1492,0,1,2,4,32,True,144,5,47,1327,13.27,0
1493,0,1,3,4,32,False,109,12,245,3317,33.17,0
1494,0,1,3,4,24,True,109,12,222,3294,32.94,0
1495,0,1,3,4,25,False,28,2,32,544,5.44,0
1496,0,1,3,4,20,True,28,7,237,2029,20.29,0
1497,0,1,3,4,30,True,3,7,216,2008,20.08,0
1498,0,1,3,4,27,True,41,7,252,2044,20.44,0
1499,0,1,3,4,32,False,37,15,94,3934,39.34,0
1500,0,1,3,4,26,True,37,15,71,3911,39.11,0
1501,0,1,3,4,28,False,14,14,0,3584,35.84,167772160
1502,0,-1,-1,-1,-1,True,-1,-1,-1,-1,-1.0,-1
1503,0,3,2,7,0,False,0,0,0,0,0.0,2619080970
1504,0,-1,-1,-1,-1,True,-1,-1,-1,-1,-1.0,-1
1505,0,-1,-1,-1,-1,True,-1,-1,-1,-1,-1.0,-1
1506,0,-1,-1,-1,-1,True,-1,-1,-1,-1,-1.0,-1
1507,0,-1,-1,-1,-1,True,-1,-1,-1,-1,-1.0,-1
1508,0,1,3,4,20,False,107,0,227,227,2.27,0
1509,0,1,3,4,30,True,107,10,97,2657,26.57,0
1510,0,1,3,4,7,False,206,0,253,253,2.53,0
1511,0,1,3,4,27,True,206,1,5,261,2.61,230
1512,0,-1,-1,-1,-1,True,-1,-1,-1,-1,-1.0,-1
1513,0,1,1,4,33,True,1,5,161,1441,14.41,0
1514,0,1,3,4,29,True,52,2,119,631,6.31,0
1515,0,1,3,4,14,True,11,9,28,2332,23.32,0
1516,0,1,17,0,0,False,0,0,0,0,0.0,0
1517,0,1,25,6,11,False,194,12,12,3084,30.84,3699
1518,0,1,24,5,28,False,151,3,14,782,7.82,176
1519,0,1,3,4,24,True,117,11,115,2931,29.31,0
1520,0,1,3,4,31,False,77,4,78,1102,11.02,0
1521,0,1,3,4,9,True,77,4,58,1082,10.82,0
1522,0,1,3,4,30,False,101,13,44,3372,33.72,0
1523,0,1,3,4,19,True,184,14,117,3701,37.01,0
1524,0,1,3,4,14,False,50,14,94,3678,36.78,0
1525,0,1,3,4,26,True,190,13,239,3567,35.67,0
1526,0,1,3,4,8,False,24,9,56,2360,23.6,0
1527,0,1,3,4,5,True,24,9,33,2337,23.37,0
1528,0,1,3,4,24,False,42,10,133,2693,26.93,0
1529,0,1,3,4,15,True,42,10,110,2670,26.7,0
1530,0,1,3,4,29,False,211,5,83,1363,13.63,0
1531,0,1,2,4,17,False,161,10,124,2684,26.84,0
1532,0,1,3,4,22,True,211,12,26,3098,30.98,855
1533,0,-1,-1,-1,-1,True,-1,-1,-1,-1,-1.0,-1
1534,0,-1,-1,-1,-1,True,-1,-1,-1,-1,-1.0,-1
1535,0,1,15,7,28,False,137,7,3,1795,17.95,859243
1536,0,1,7,7,4,False,68,12,150,3222,32.22,3015743
1537,0,1,3,4,28,False,158,6,14,1550,15.5,0
1538,0,1,3,4,28,True,158,5,252,1532,15.32,0
1539,0,1,3,4,1,False,28,12,233,3305,33.05,0
1540,0,1,3,4,2,False,27,14,12,3596,35.96,245
1541,0,-1,-1,-1,-1,True,-1,-1,-1,-1,-1.0,-1
1542,0,1,3,4,30,False,110,13,72,3400,34.0,0
1543,0,1,3,4,25,True,244,10,20,2580,25.8,0
1544,0,1,3,1,59,True,0,0,0,0,0.0,0
1545,0,1,1,4,29,True,244,9,255,2559,25.59,0
1546,0,1,3,4,10,True,222,1,211,467,4.67,0
1547,0,1,3,4,28,False,13,9,13,2317,23.17,0
1548,0,1,10,1,29,False,0,0,0,0,0.0,0
1549,0,1,11,1,13,False,0,0,0,0,0.0,0
1550,0,1,10,1,4,False,0,0,0,0,0.0,0
1551,0,1,1,4,31,False,1,11,4,2820,28.2,0
1552,0,1,17,7,23,False,0,4,28,1052,10.52,772638
1553,0,1,1,1,28,False,0,0,0,0,0.0,0
1554,0,1,19,0,0,False,0,0,0,0,0.0,0
1555,0,78,0,0,0,False,0,0,10,10,0.1,1645569
1556,0,97,0,0,0,False,0,0,10,10,0.1,9837569
1557,0,74,0,0,0,False,0,0,10,10,0.1,269313
1558,0,-1,-1,-1,-1,True,-1,-1,-1,-1,-1.0,-1
1559,0,1,3,4,30,True,195,11,15,2831,28.31,40
1560,0,-1,-1,-1,-1,True,-1,-1,-1,-1,-1.0,-1
1561,0,1,3,4,28,False,249,10,53,2613,26.13,0
1562,0,1,3,4,22,True,243,14,220,3804,38.04,0
1563,0,1,3,4,27,True,242,3,81,849,8.49,0
1564,0,1,3,4,28,True,243,14,198,3782,37.82,0
1565,0,1,3,4,10,False,147,4,7,1031,10.31,0
1566,0,1,3,4,30,True,147,3,241,1009,10.09,0
1567,0,1,3,4,28,False,97,0,76,76,0.76,0
1568,0,1,3,4,31,True,12,8,0,2048,20.48,167772160
1569,0,-1,-1,-1,-1,True,-1,-1,-1,-1,-1.0,-1
1570,0,137,0,0,0,False,0,0,10,10,0.1,2996247553
1571,0,-1,-1,-1,-1,True,-1,-1,-1,-1,-1.0,-1
1572,0,-1,-1,-1,-1,True,-1,-1,-1,-1,-1.0,-1
1573,0,-1,-1,-1,-1,True,-1,-1,-1,-1,-1.0,-1
1574,0,1,3,4,14,False,33,14,89,3673,36.73,0
1575,0,1,3,4,26,True,33,7,15,1807,18.07,92
1576,0,-1,-1,-1,-1,True,-1,-1,-1,-1,-1.0,-1
1577,0,1,3,4,23,False,106,11,108,2924,29.24,0
1578,0,1,3,4,19,True,13,13,0,3328,33.28,167772160
1579,0,-1,-1,-1,-1,True,-1,-1,-1,-1,-1.0,-1
1580,0,150,0,0,0,False,0,0,10,10,0.1,2015304705
1581,0,-1,-1,-1,-1,True,-1,-1,-1,-1,-1.0,-1
1582,0,-1,-1,-1,-1,True,-1,-1,-1,-1,-1.0,-1
1583,0,-1,-1,-1,-1,True,-1,-1,-1,-1,-1.0,-1
1584,0,-1,-1,-1,-1,True,-1,-1,-1,-1,-1.0,-1
1585,0,1,1,4,9,True,86,6,4,1540,15.4,0
1586,0,1,3,4,15,False,150,12,32,3104,31.04,0
1587,0,1,8,6,3,False,164,12,138,3210,32.1,838
1588,0,1,17,5,28,False,25,8,0,2048,20.48,202
1589,0,1,3,4,25,True,168,0,184,184,1.84,0
1590,0,1,3,4,8,False,122,0,165,165,1.65,0
1591,0,1,3,4,9,False,119,3,103,871,8.71,0
1592,0,1,3,4,23,True,119,3,83,851,8.51,0
1593,0,1,3,4,25,True,122,0,142,142,1.42,0
1594,0,1,3,4,3,False,109,7,5,1797,17.97,0
1595,0,1,3,4,14,True,109,6,239,1775,17.75,0
1596,0,1,3,4,12,False,41,2,13,525,5.25,88
1597,0,-1,-1,-1,-1,True,-1,-1,-1,-1,-1.0,-1
1598,0,1,3,4,29,False,191,15,202,4042,40.42,0
1599,0,1,3,4,14,True,191,15,180,4020,40.2,0
1600,0,1,3,4,26,False,63,1,251,507,5.07,0
1601,0,1,3,4,29,True,0,10,0,2560,25.6,167772160
1602,0,-1,-1,-1,-1,True,-1,-1,-1,-1,-1.0,-1
1603,0,-1,-1,-1,-1,True,-1,-1,-1,-1,-1.0,-1
1604,0,-1,-1,-1,-1,True,-1,-1,-1,-1,-1.0,-1
1605,0,-1,-1,-1,-1,True,-1,-1,-1,-1,-1.0,-1
1606,0,-1,-1,-1,-1,True,-1,-1,-1,-1,-1.0,-1
1607,0,-1,-1,-1,-1,True,-1,-1,-1,-1,-1.0,-1
1608,0,1,3,4,15,True,2,12,105,3177,31.77,0
1609,0,1,1,4,4,True,174,9,193,2497,24.97,0
1610,0,1,3,4,28,False,158,4,7,1031,10.31,0
1611,0,1,5,0,0,False,0,0,0,0,0.0,0
1612,0,1,1,7,55,True,28,8,254,2302,23.02,1892623
1613,0,1,2,6,7,True,2,10,28,2588,25.88,34711
1614,0,1,0,2,3,False,28,0,0,0,0.0,0
1615,0,1,4,1,31,True,0,0,0,0,0.0,0
1616,0,1,0,6,46,False,6,3,0,768,7.68,167772160
1617,0,174,0,0,0,False,0,0,10,10,0.1,2174491649
1618,0,-1,-1,-1,-1,True,-1,-1,-1,-1,-1.0,-1
1619,0,-1,-1,-1,-1,True,-1,-1,-1,-1,-1.0,-1
1620,0,-1,-1,-1,-1,True,-1,-1,-1,-1,-1.0,-1
1621,0,-1,-1,-1,-1,True,-1,-1,-1,-1,-1.0,-1
1622,0,1,3,4,31,False,176,3,107,875,8.75,0
1623,0,1,3,4,18,True,176,3,87,855,8.55,0
1624,0,1,3,4,18,False,115,0,164,164,1.64,0
1625,0,1,3,4,24,True,1,5,0,1280,12.8,167772160
1626,0,-1,-1,-1,-1,True,-1,-1,-1,-1,-1.0,-1
1627,0,-1,-1,-1,-1,True,-1,-1,-1,-1,-1.0,-1
1628,0,1,3,4,24,True,226,15,64,3904,39.04,0
1629,0,1,3,4,20,True,81,1,251,507,5.07,0
1630,0,1,3,4,33,False,157,4,34,1058,10.58,0
1631,0,1,3,4,33,True,157,4,18,1042,10.42,0
1632,0,1,3,4,12,False,47,9,114,2418,24.18,0
1633,0,1,3,4,23,True,47,9,93,2397,23.97,0
1634,0,1,3,4,7,False,98,13,10,3338,33.38,148
1635,0,-1,-1,-1,-1,True,-1,-1,-1,-1,-1.0,-1
1636,0,1,3,4,28,True,239,7,57,1849,18.49,0
1637,0,1,3,4,27,False,238,5,235,1515,15.15,0
1638,0,1,3,4,29,True,238,5,211,1491,14.91,0
1639,0,1,3,4,24,False,8,10,0,2560,25.6,167772160
1640,0,-1,-1,-1,-1,True,-1,-1,-1,-1,-1.0,-1
1641,0,245,0,0,0,False,0,0,10,10,0.1,1
1642,0,50,0,0,0,False,0,0,10,10,0.1,529996801
1643,0,-1,-1,-1,-1,True,-1,-1,-1,-1,-1.0,-1
1644,0,-1,-1,-1,-1,True,-1,-1,-1,-1,-1.0,-1
1645,0,-1,-1,-1,-1,True,-1,-1,-1,-1,-1.0,-1
1646,0,-1,-1,-1,-1,True,-1,-1,-1,-1,-1.0,-1
1647,0,1,3,4,19,False,6,15,0,3840,38.4,167772160
1648,0,-1,-1,-1,-1,True,-1,-1,-1,-1,-1.0,-1
1649,0,-1,-1,-1,-1,True,-1,-1,-1,-1,-1.0,-1
1650,0,-1,-1,-1,-1,True,-1,-1,-1,-1,-1.0,-1
1651,0,-1,-1,-1,-1,True,-1,-1,-1,-1,-1.0,-1
1652,0,-1,-1,-1,-1,True,-1,-1,-1,-1,-1.0,-1
1653,0,1,3,4,2,False,162,3,169,937,9.37,0
1654,0,1,3,4,34,True,162,3,231,999,9.99,0
1655,0,1,3,4,22,False,43,13,186,3514,35.14,0
1656,0,1,3,4,30,True,42,13,164,3492,34.92,0
1657,0,1,1,4,21,False,204,3,151,919,9.19,0
1658,0,1,3,4,12,False,29,0,61,61,0.61,0
1659,0,1,3,4,9,True,28,0,40,40,0.4,0
1660,0,1,3,4,29,False,181,10,203,2763,27.63,0
1661,0,1,3,4,23,True,181,10,235,2795,27.95,0
1662,0,1,3,4,29,True,19,3,195,963,9.63,0
1663,0,1,3,4,34,True,20,10,213,2773,27.73,0
1664,0,1,3,4,28,False,250,14,185,3769,37.69,0
1665,0,1,3,4,29,True,250,14,162,3746,37.46,0
1666,0,1,3,4,0,False,124,14,254,3838,38.38,0
1667,0,1,3,4,34,True,124,0,221,221,2.21,0
1668,0,1,3,4,13,False,125,11,201,3017,30.17,0
1669,0,1,3,4,30,True,125,11,182,2998,29.98,0
1670,0,1,3,4,25,False,135,15,183,4023,40.23,0
1671,0,1,3,4,23,True,135,5,14,1294,12.94,47
1672,0,-1,-1,-1,-1,True,-1,-1,-1,-1,-1.0,-1
1673,0,1,3,4,16,False,188,8,211,2259,22.59,0
1674,0,1,3,4,25,True,188,8,187,2235,22.35,0
1675,0,1,3,4,29,False,213,15,107,3947,39.47,0
1676,0,1,3,4,21,True,142,8,55,2103,21.03,0
1677,0,1,3,4,14,False,167,1,203,459,4.59,0
1678,0,1,3,4,26,True,167,1,180,436,4.36,0
1679,0,1,3,4,24,False,94,2,126,638,6.38,0
1680,0,1,3,4,11,True,14,8,0,2048,20.48,167772160
1681,0,-1,-1,-1,-1,True,-1,-1,-1,-1,-1.0,-1
1682,0,147,0,0,0,False,0,0,10,10,0.1,966728705
1683,0,-1,-1,-1,-1,True,-1,-1,-1,-1,-1.0,-1
1684,0,-1,-1,-1,-1,True,-1,-1,-1,-1,-1.0,-1
1685,0,-1,-1,-1,-1,True,-1,-1,-1,-1,-1.0,-1
1686,0,-1,-1,-1,-1,True,-1,-1,-1,-1,-1.0,-1
1687,0,1,3,4,11,True,52,12,198,3270,32.7,0
1688,0,1,3,4,28,False,20,6,187,1723,17.23,0
1689,0,1,3,4,15,True,20,6,164,1700,17.0,0
1690,0,1,3,4,13,False,99,2,242,754,7.54,0
1691,0,1,3,4,11,True,99,2,221,733,7.33,0
1692,0,1,3,4,25,False,252,7,8,1800,18.0,123
1693,0,-1,-1,-1,-1,True,-1,-1,-1,-1,-1.0,-1
1694,0,1,3,4,29,False,124,1,29,285,2.85,0
1695,0,1,3,4,26,True,124,1,8,264,2.64,0
1696,0,1,3,4,27,False,217,12,200,3272,32.72,0
1697,0,1,2,4,25,False,224,3,89,857,8.57,0
1698,0,1,3,4,7,True,217,12,175,3247,32.47,0
1699,0,1,2,4,11,True,2,11,107,2923,29.23,0
1700,0,1,3,4,19,True,2,11,83,2899,28.99,0
1701,0,1,3,4,24,False,62,3,162,930,9.3,0
1702,0,1,3,4,19,True,62,3,141,909,9.09,0
1703,0,1,3,4,20,False,3,6,0,1536,15.36,167772160
1704,0,-1,-1,-1,-1,True,-1,-1,-1,-1,-1.0,-1
1705,0,-1,-1,-1,-1,True,-1,-1,-1,-1,-1.0,-1
1706,0,-1,-1,-1,-1,True,-1,-1,-1,-1,-1.0,-1
1707,0,-1,-1,-1,-1,True,-1,-1,-1,-1,-1.0,-1
1708,0,1,3,4,18,False,163,11,188,3004,30.04,0
1709,0,1,3,4,20,True,163,11,166,2982,29.82,0
1710,0,1,3,4,25,False,223,1,14,270,2.7,0
1711,0,1,3,4,13,True,223,0,249,249,2.49,0
1712,0,1,1,4,26,False,115,8,69,2117,21.17,0
1713,0,1,3,4,15,False,141,12,163,3235,32.35,0
1714,0,1,1,4,20,True,115,8,50,2098,20.98,0
1715,0,1,3,4,12,False,69,4,45,1069,10.69,0
1716,0,1,1,4,14,False,169,9,237,2541,25.41,0
1717,0,1,3,4,11,False,54,4,107,1131,11.31,0
1718,0,1,1,4,26,True,81,9,220,2524,25.24,0
1719,0,1,3,4,4,False,82,12,6,3078,30.78,0
1720,0,1,29,4,0,False,196,12,151,3223,32.23,0
1721,0,1,29,4,0,False,174,12,33,3105,31.05,0
1722,0,1,12,2,2,False,30,0,0,0,0.0,0
1723,0,1,3,4,16,True,98,2,10,522,5.22,0
1724,0,1,3,4,23,False,6,3,27,795,7.95,0
1725,0,1,3,4,24,False,166,11,139,2955,29.55,0
1726,0,1,3,4,22,True,166,11,113,2929,29.29,0
1727,0,1,3,4,6,False,75,8,194,2242,22.42,0
1728,0,1,3,4,33,True,75,8,174,2222,22.22,0
1729,0,1,3,4,14,True,128,1,18,274,2.74,0
1730,0,1,1,4,18,False,168,11,191,3007,30.07,0
1731,0,1,3,4,11,False,128,4,48,1072,10.72,0
1732,0,1,1,4,19,True,168,11,171,2987,29.87,0
1733,0,1,3,4,28,False,254,9,189,2493,24.93,0
1734,0,1,3,4,12,True,254,9,164,2468,24.68,0
1735,0,1,3,4,32,False,208,11,156,2972,29.72,0
1736,0,1,3,4,12,True,208,11,133,2949,29.49,0
1737,0,1,3,4,32,False,253,15,139,3979,39.79,0
1738,0,1,3,4,18,True,253,15,118,3958,39.58,0
1739,0,1,3,4,29,False,9,12,0,3072,30.72,167772160
1740,0,-1,-1,-1,-1,True,-1,-1,-1,-1,-1.0,-1
1741,0,-1,-1,-1,-1,True,-1,-1,-1,-1,-1.0,-1
1742,0,-1,-1,-1,-1,True,-1,-1,-1,-1,-1.0,-1
1743,0,-1,-1,-1,-1,True,-1,-1,-1,-1,-1.0,-1
1744,0,1,1,4,18,True,245,9,183,2487,24.87,0
1745,0,1,3,4,3,False,222,12,28,3100,31.0,0
1746,0,1,11,0,0,False,0,0,0,0,0.0,0
1747,0,1,1,2,43,True,28,0,0,0,0.0,0
1748,0,1,17,4,24,False,10,7,55,1847,18.47,0
1749,0,1,3,4,16,True,27,7,33,1825,18.25,0
1750,0,1,1,4,28,False,142,13,14,3342,33.42,64
1751,0,-1,-1,-1,-1,True,-1,-1,-1,-1,-1.0,-1
1752,0,1,21,4,28,False,18,6,2,1538,15.38,0
1753,0,1,1,4,9,True,13,14,47,3631,36.31,0
1754,0,1,15,2,54,True,2,0,0,0,0.0,0
1755,0,1,12,4,28,False,15,11,103,2919,29.19,0
1756,0,1,3,4,29,True,17,6,15,1551,15.51,154
1757,0,-1,-1,-1,-1,True,-1,-1,-1,-1,-1.0,-1
1758,0,1,3,4,15,False,202,15,196,4036,40.36,0
1759,0,1,1,4,22,True,2,13,0,3328,33.28,167772160
1760,0,-1,-1,-1,-1,True,-1,-1,-1,-1,-1.0,-1
1761,0,16,0,0,0,False,0,0,10,10,0.1,847911937
1762,0,-1,-1,-1,-1,True,-1,-1,-1,-1,-1.0,-1
1763,0,-1,-1,-1,-1,True,-1,-1,-1,-1,-1.0,-1
1764,0,-1,-1,-1,-1,True,-1,-1,-1,-1,-1.0,-1
1765,0,1,3,4,17,False,246,4,54,1078,10.78,0
1766,0,1,3,4,31,True,246,4,36,1060,10.6,0
1767,0,1,3,4,14,False,91,13,40,3368,33.68,0
1768,0,1,3,4,22,True,91,13,14,3342,33.42,0
1769,0,1,3,4,17,False,92,5,193,1473,14.73,0
1770,0,1,3,4,23,True,92,15,5,3845,38.45,122
1771,0,-1,-1,-1,-1,True,-1,-1,-1,-1,-1.0,-1
1772,0,1,3,4,24,True,63,5,98,1378,13.78,0
1773,0,1,3,4,25,True,65,9,32,2336,23.36,0
1774,0,1,3,4,28,False,158,11,38,2854,28.54,0
1775,0,1,3,4,32,True,13,14,0,3584,35.84,167772160
1776,0,-1,-1,-1,-1,True,-1,-1,-1,-1,-1.0,-1
1777,0,-1,-1,-1,-1,True,-1,-1,-1,-1,-1.0,-1
1778,0,1,3,4,35,False,28,2,105,617,6.17,0
1779,0,1,3,4,25,True,66,9,32,2336,23.36,0
1780,0,1,1,4,15,True,59,2,87,599,5.99,0
1781,0,1,3,4,33,True,4,2,36,548,5.48,0
1782,0,1,2,4,29,True,20,14,162,3746,37.46,0
1783,0,1,1,2,50,True,113,13,3,3331,33.31,0
1784,0,-1,-1,-1,-1,True,-1,-1,-1,-1,-1.0,-1
1785,0,-1,-1,-1,-1,True,-1,-1,-1,-1,-1.0,-1
1786,0,1,3,4,25,False,113,10,181,2741,27.41,0
1787,0,1,3,4,23,True,113,10,160,2720,27.2,0
1788,0,1,3,4,0,False,240,13,105,3433,34.33,0
1789,0,1,3,4,34,True,238,13,83,3411,34.11,0
1790,0,1,3,4,19,False,234,13,28,3356,33.56,0
1791,0,1,3,4,0,False,217,0,0,0,0.0,17432576
1792,0,-1,-1,-1,-1,True,-1,-1,-1,-1,-1.0,-1
1793,0,1,3,4,22,True,245,5,180,1460,14.6,0
1794,0,1,3,4,14,False,95,0,178,178,1.78,0
1795,0,1,3,4,25,True,95,0,153,153,1.53,0
1796,0,1,3,4,18,False,4,11,94,2910,29.1,0
1797,0,1,3,4,23,True,4,11,73,2889,28.89,0
1798,0,1,3,4,21,False,0,3,70,838,8.38,0
1799,0,1,3,4,21,True,0,13,3,3331,33.31,155
1800,0,-1,-1,-1,-1,True,-1,-1,-1,-1,-1.0,-1
1801,0,1,3,4,25,True,253,3,130,898,8.98,0
1802,0,1,1,4,27,False,37,2,149,661,6.61,0
1803,0,1,3,4,29,False,168,0,10,10,0.1,205
1804,0,-1,-1,-1,-1,True,-1,-1,-1,-1,-1.0,-1
1805,0,1,3,4,22,True,100,13,33,3361,33.61,0
1806,0,1,1,4,29,False,233,11,223,3039,30.39,0
1807,0,1,2,4,31,True,208,10,187,2747,27.47,0
1808,0,1,1,4,11,True,233,11,202,3018,30.18,0
1809,0,1,3,4,32,True,113,13,23,3351,33.51,0
1810,0,1,3,4,30,False,78,0,6,6,0.06,0
1811,0,1,3,4,19,True,78,15,239,4079,40.79,0
1812,0,1,3,4,26,False,4,0,44,44,0.44,0
1813,0,1,1,4,21,False,58,7,11,1803,18.03,110
1814,0,-1,-1,-1,-1,True,-1,-1,-1,-1,-1.0,-1
1815,0,1,1,4,14,True,151,15,38,3878,38.78,0
1816,0,1,3,4,29,True,13,5,0,1280,12.8,167772160
1817,0,-1,-1,-1,-1,True,-1,-1,-1,-1,-1.0,-1
1818,0,74,0,0,0,False,0,0,10,10,0.1,9247745
1819,0,53,0,0,0,False,0,0,10,10,0.1,465921
1820,0,224,0,0,0,False,0,0,10,10,0.1,328604673
1821,0,-1,-1,-1,-1,True,-1,-1,-1,-1,-1.0,-1
1822,0,-1,-1,-1,-1,True,-1,-1,-1,-1,-1.0,-1
1823,0,-1,-1,-1,-1,True,-1,-1,-1,-1,-1.0,-1
1824,0,-1,-1,-1,-1,True,-1,-1,-1,-1,-1.0,-1
1825,0,1,3,4,22,False,49,9,27,2331,23.31,0
1826,0,1,3,4,11,True,49,9,5,2309,23.09,0
1827,0,1,3,4,32,False,22,5,199,1479,14.79,0
1828,0,1,3,4,25,False,223,8,137,2185,21.85,0
1829,0,1,3,4,24,True,223,8,114,2162,21.62,0
1830,0,1,3,4,0,False,104,2,175,687,6.87,0
1831,0,1,3,4,31,True,215,5,182,1462,14.62,0
1832,0,1,3,4,30,False,47,15,3,3843,38.43,0
1833,0,1,3,4,7,True,62,2,108,620,6.2,0
1834,0,1,3,4,10,True,62,0,20,20,0.2,0
1835,0,1,3,4,13,True,103,4,45,1069,10.69,0
1836,0,1,3,4,10,False,100,10,108,2668,26.68,0
1837,0,1,3,4,12,True,100,10,83,2643,26.43,0
1838,0,1,3,4,10,False,41,6,176,1712,17.12,0
1839,0,1,3,4,25,True,20,6,91,1627,16.27,0
1840,0,1,3,4,22,False,199,15,159,3999,39.99,0
1841,0,1,3,4,24,True,198,15,136,3976,39.76,0
1842,0,1,3,4,29,False,20,0,144,144,1.44,0
1843,0,1,3,4,22,True,20,0,121,121,1.21,0
1844,0,1,3,4,23,False,252,13,252,3580,35.8,0
1845,0,1,3,4,15,True,251,13,229,3557,35.57,0
1846,0,1,3,4,24,False,183,3,241,1009,10.09,0
1847,0,1,3,4,21,True,104,11,116,2932,29.32,0
1848,0,1,3,4,15,False,138,13,139,3467,34.67,0
1849,0,1,3,4,16,False,134,15,31,3871,38.71,0
1850,0,1,3,4,13,True,134,15,7,3847,38.47,0
1851,0,1,3,4,14,True,138,13,117,3445,34.45,0
1852,0,1,3,4,24,False,244,13,187,3515,35.15,0
1853,0,1,3,4,30,True,243,13,166,3494,34.94,0
1854,0,1,3,4,33,False,193,1,22,278,2.78,0
1855,0,1,1,4,23,False,155,1,1,257,2.57,96
1856,0,-1,-1,-1,-1,True,-1,-1,-1,-1,-1.0,-1
1857,0,1,3,4,24,False,13,0,0,0,0.0,167772160
1858,0,-1,-1,-1,-1,True,-1,-1,-1,-1,-1.0,-1
1859,0,244,0,6,20,False,0,0,0,0,0.0,469830144
1860,0,150,0,0,0,False,0,0,10,10,0.1,33889281
1861,0,-1,-1,-1,-1,True,-1,-1,-1,-1,-1.0,-1
1862,0,-1,-1,-1,-1,True,-1,-1,-1,-1,-1.0,-1
1863,0,-1,-1,-1,-1,True,-1,-1,-1,-1,-1.0,-1
1864,0,-1,-1,-1,-1,True,-1,-1,-1,-1,-1.0,-1
1865,0,1,3,4,31,True,196,2,14,526,5.26,0
1866,0,1,3,4,14,False,251,5,237,1517,15.17,0
1867,0,1,3,4,27,True,110,5,213,1493,14.93,0
1868,0,1,2,4,4,False,184,11,12,2828,28.28,0
1869,0,1,3,4,13,False,113,14,209,3793,37.93,0
1870,0,1,2,4,16,True,184,10,247,2807,28.07,0
1871,0,1,3,4,59,True,28,8,216,2264,22.64,4611
1872,0,-1,-1,-1,-1,True,-1,-1,-1,-1,-1.0,-1
1873,0,-1,-1,-1,-1,True,-1,-1,-1,-1,-1.0,-1
1874,0,1,3,4,33,False,6,13,0,3328,33.28,167772160
1875,0,-1,-1,-1,-1,True,-1,-1,-1,-1,-1.0,-1
1876,0,171,0,0,0,False,0,0,10,10,0.1,0
1877,0,-1,-1,-1,-1,True,-1,-1,-1,-1,-1.0,-1
1878,0,6,0,0,0,False,0,0,10,10,0.1,3105823745
1879,0,-1,-1,-1,-1,True,-1,-1,-1,-1,-1.0,-1
1880,0,1,1,4,23,True,217,14,13,3597,35.97,240
1881,0,-1,-1,-1,-1,True,-1,-1,-1,-1,-1.0,-1
1882,0,1,3,4,21,False,78,1,47,303,3.03,0
1883,0,1,3,4,10,True,10,4,0,1024,10.24,167772160
1884,0,-1,-1,-1,-1,True,-1,-1,-1,-1,-1.0,-1
1885,0,8,19,3,0,False,0,0,0,0,0.0,2501640458
1886,0,219,0,0,0,False,0,0,10,10,0.1,1268259841
1887,0,-1,-1,-1,-1,True,-1,-1,-1,-1,-1.0,-1
1888,0,-1,-1,-1,-1,True,-1,-1,-1,-1,-1.0,-1
1889,0,1,3,4,23,False,254,2,3,515,5.15,0
1890,0,1,3,4,25,False,254,7,245,2037,20.37,0
1891,0,1,1,4,30,False,184,6,249,1785,17.85,0
1892,0,1,3,4,27,True,254,5,219,1499,14.99,0
1893,0,1,3,4,6,True,200,5,193,1473,14.73,0
1894,0,1,3,4,3,False,194,15,181,4021,40.21,0
1895,0,1,3,4,5,True,194,15,158,3998,39.98,0
1896,0,1,3,4,15,False,68,11,1,2817,28.17,116
1897,0,-1,-1,-1,-1,True,-1,-1,-1,-1,-1.0,-1
1898,0,1,3,4,15,True,219,1,93,349,3.49,0
1899,0,1,3,4,16,False,1,0,180,180,1.8,0
1900,0,1,3,4,19,True,1,0,157,157,1.57,0
1901,0,1,3,4,29,False,213,14,4,3588,35.88,0
1902,0,1,3,4,29,True,213,7,4,1796,17.96,150
1903,0,-1,-1,-1,-1,True,-1,-1,-1,-1,-1.0,-1
1904,0,1,2,4,10,False,133,13,234,3562,35.62,0
1905,0,1,3,4,19,False,6,13,177,3505,35.05,0
1906,0,1,2,4,12,True,133,13,213,3541,35.41,0
1907,0,1,3,4,28,False,12,11,0,2816,28.16,167772160
1908,0,-1,-1,-1,-1,True,-1,-1,-1,-1,-1.0,-1
1909,0,0,0,0,0,False,0,0,10,10,0.1,647633921
1910,0,-1,-1,-1,-1,True,-1,-1,-1,-1,-1.0,-1
1911,0,-1,-1,-1,-1,True,-1,-1,-1,-1,-1.0,-1
1912,0,-1,-1,-1,-1,True,-1,-1,-1,-1,-1.0,-1
1913,0,1,3,4,12,False,245,12,208,3280,32.8,0
1914,0,1,3,4,11,False,244,7,82,1874,18.74,0
1915,0,1,3,4,11,True,244,7,62,1854,18.54,0
1916,0,1,3,4,11,True,9,10,91,2651,26.51,0
1917,0,1,3,4,22,False,8,14,20,3604,36.04,0
1918,0,1,3,4,26,True,8,13,253,3581,35.81,0
1919,0,1,3,4,28,False,65,9,167,2471,24.71,0
1920,0,1,3,4,12,True,65,9,144,2448,24.48,0
1921,0,1,3,4,29,False,224,7,245,2037,20.37,0
1922,0,1,3,4,21,True,224,7,223,2015,20.15,0
1923,0,1,3,4,29,False,75,15,112,3952,39.52,0
1924,0,1,3,4,14,True,75,15,90,3930,39.3,0
1925,0,1,3,4,26,False,225,15,213,4053,40.53,0
1926,0,1,3,4,34,True,224,1,166,422,4.22,0
1927,0,1,1,4,12,False,18,10,45,2605,26.05,0
1928,0,1,3,4,31,False,19,11,167,2983,29.83,0
1929,0,1,3,4,28,False,166,1,0,256,2.56,0
1930,0,1,3,4,18,True,166,13,28,3356,33.56,153627
1931,0,-1,-1,-1,-1,True,-1,-1,-1,-1,-1.0,-1
1932,0,-1,-1,-1,-1,True,-1,-1,-1,-1,-1.0,-1
1933,0,-1,-1,-1,-1,True,-1,-1,-1,-1,-1.0,-1
1934,0,1,21,1,28,False,0,0,0,0,0.0,0
1935,0,1,18,5,24,False,2,0,28,28,0.28,33
1936,0,1,29,2,4,False,56,0,0,0,0.0,0
1937,0,1,3,4,26,True,234,4,36,1060,10.6,0
1938,0,1,3,4,30,False,177,3,218,986,9.86,0
1939,0,1,3,4,32,True,177,3,196,964,9.64,0
1940,0,1,3,4,26,False,21,9,67,2371,23.71,10
1941,0,-1,-1,-1,-1,True,-1,-1,-1,-1,-1.0,-1
1942,0,1,14,3,28,False,153,3,0,768,7.68,0
1943,0,1,1,2,31,False,28,0,0,0,0.0,0
1944,0,1,0,4,28,True,9,4,28,1052,10.52,0
1945,0,1,18,4,28,True,9,14,28,3612,36.12,0
1946,0,1,4,0,0,False,0,0,0,0,0.0,0
1947,0,1,21,0,0,False,0,0,0,0,0.0,0
1948,0,1,0,5,10,False,165,0,0,0,0.0,17432576
1949,0,144,0,0,0,False,0,0,10,10,0.1,1629297665
1950,0,28,0,0,0,False,0,0,10,10,0.1,0
1951,0,-1,-1,-1,-1,True,-1,-1,-1,-1,-1.0,-1
1952,0,7,0,0,0,False,0,0,10,10,0.1,0
1953,0,-1,-1,-1,-1,True,-1,-1,-1,-1,-1.0,-1
1954,0,-1,-1,-1,-1,True,-1,-1,-1,-1,-1.0,-1
1955,0,1,3,4,18,True,255,5,195,1475,14.75,0
1956,0,1,1,4,26,False,173,14,12,3596,35.96,225
1957,0,-1,-1,-1,-1,True,-1,-1,-1,-1,-1.0,-1
1958,0,1,1,4,31,True,43,1,94,350,3.5,0
1959,0,1,3,4,28,False,15,6,2,1538,15.38,0
1960,0,1,14,6,28,False,149,6,2,1538,15.38,7264
1961,0,1,1,4,4,False,4,2,0,512,5.12,167772160
1962,0,-1,-1,-1,-1,True,-1,-1,-1,-1,-1.0,-1
1963,0,-1,-1,-1,-1,True,-1,-1,-1,-1,-1.0,-1
1964,0,-1,-1,-1,-1,True,-1,-1,-1,-1,-1.0,-1
1965,0,1,3,4,30,False,41,7,164,1956,19.56,0
1966,0,1,3,4,28,True,49,7,140,1932,19.32,0
1967,0,1,3,4,28,False,209,4,7,1031,10.31,0
1968,0,1,12,4,28,False,142,4,7,1031,10.31,0
1969,0,1,9,4,28,False,19,11,4,2820,28.2,0
1970,0,1,24,0,0,False,0,0,0,0,0.0,0
1971,0,1,3,4,20,True,123,4,173,1197,11.97,0
1972,0,1,3,4,32,False,36,12,78,3150,31.5,0
1973,0,1,3,4,25,True,36,12,50,3122,31.22,0
1974,0,1,3,4,32,False,97,3,235,1003,10.03,0
1975,0,1,3,4,10,True,97,7,9,1801,18.01,71
1976,0,-1,-1,-1,-1,True,-1,-1,-1,-1,-1.0,-1
1977,0,1,3,4,12,True,150,0,40,40,0.4,0
1978,0,1,3,4,1,False,1,10,0,2560,25.6,218103808
1979,0,-1,-1,-1,-1,True,-1,-1,-1,-1,-1.0,-1
1980,0,-1,-1,-1,-1,True,-1,-1,-1,-1,-1.0,-1
1981,0,-1,-1,-1,-1,True,-1,-1,-1,-1,-1.0,-1
1982,0,-1,-1,-1,-1,True,-1,-1,-1,-1,-1.0,-1
1983,0,-1,-1,-1,-1,True,-1,-1,-1,-1,-1.0,-1
1984,0,-1,-1,-1,-1,True,-1,-1,-1,-1,-1.0,-1
1985,0,1,3,7,4,False,149,6,14,1550,15.5,9831678
1986,0,1,3,7,2,False,212,4,32,1056,10.56,855424
1987,0,1,3,4,22,True,128,12,246,3318,33.18,0
1988,0,1,1,4,24,False,250,7,11,1803,18.03,0
1989,0,1,3,4,33,False,128,7,32,1824,18.24,0
1990,0,1,1,4,25,False,249,3,61,829,8.29,0
1991,0,1,1,3,58,True,28,15,0,3840,38.4,0
1992,0,1,4,1,28,False,0,0,0,0,0.0,0
1993,0,1,19,3,16,False,15,10,0,2560,25.6,0
1994,0,1,3,4,24,False,78,15,47,3887,38.87,0
1995,0,1,3,4,34,True,78,0,149,149,1.49,0
1996,0,1,3,4,30,False,153,6,168,1704,17.04,0
1997,0,1,3,4,9,True,153,6,146,1682,16.82,0
1998,0,1,3,4,7,False,93,7,29,1821,18.21,0
1999,0,1,3,4,21,True,93,1,122,378,3.78,0
2000,0,1,3,4,29,False,203,13,237,3565,35.65,0
2001,0,1,1,4,29,False,120,7,147,1939,19.39,0
2002,0,1,3,4,20,True,203,13,213,3541,35.41,0
2003,0,1,1,4,31,True,120,7,128,1920,19.2,0
2004,0,1,3,4,20,True,2,9,0,2304,23.04,167772160
2005,0,-1,-1,-1,-1,True,-1,-1,-1,-1,-1.0,-1
2006,0,124,1,3,45,False,0,0,0,0,0.0,0
2007,0,1,3,4,32,True,124,4,2,1026,10.26,28
2008,0,-1,-1,-1,-1,True,-1,-1,-1,-1,-1.0,-1
2009,0,1,1,4,24,True,17,4,207,1231,12.31,0
2010,0,1,3,4,28,False,61,9,31,2335,23.35,0
2011,0,1,3,4,21,True,61,9,9,2313,23.13,0
2012,0,1,3,4,12,False,105,9,153,2457,24.57,0
2013,0,1,3,4,8,True,105,9,131,2435,24.35,0
2014,0,1,3,4,2,False,230,9,74,2378,23.78,0
2015,0,1,3,4,1,False,230,11,48,2864,28.64,0
2016,0,1,3,4,29,True,230,11,30,2846,28.46,0
2017,0,1,3,4,25,False,7,9,2,2306,23.06,171
2018,0,-1,-1,-1,-1,True,-1,-1,-1,-1,-1.0,-1
2019,0,1,3,4,29,False,150,14,11,3595,35.95,0
2020,0,1,3,4,21,True,150,13,245,3573,35.73,0
2021,0,1,3,4,18,False,26,0,28,28,0.28,0
2022,0,1,3,4,23,True,6,13,0,3328,33.28,167772160
2023,0,-1,-1,-1,-1,True,-1,-1,-1,-1,-1.0,-1
2024,0,43,0,2,21,True,0,0,0,0,0.0,469830144
2025,0,-1,-1,-1,-1,True,-1,-1,-1,-1,-1.0,-1
2026,0,-1,-1,-1,-1,True,-1,-1,-1,-1,-1.0,-1
2027,0,-1,-1,-1,-1,True,-1,-1,-1,-1,-1.0,-1
2028,0,-1,-1,-1,-1,True,-1,-1,-1,-1,-1.0,-1
2029,0,1,3,4,16,False,218,6,88,1624,16.24,0
2030,0,1,3,4,21,True,218,6,64,1600,16.0,0
2031,0,1,3,4,23,False,95,15,112,3952,39.52,0
2032,0,1,3,4,34,True,95,4,63,1087,10.87,0
2033,0,1,3,4,8,False,176,4,3,1027,10.27,0
2034,0,1,3,4,6,True,176,2,141,653,6.53,0
2035,0,1,3,4,17,True,241,2,114,626,6.26,0
2036,0,1,3,4,11,False,19,6,214,1750,17.5,0
2037,0,1,3,4,14,True,19,6,190,1726,17.26,0
2038,0,1,3,4,33,False,233,8,100,2148,21.48,0
2039,0,1,3,4,20,True,233,8,79,2127,21.27,0
2040,0,1,3,4,16,False,55,8,231,2279,22.79,0
2041,0,1,3,4,18,True,55,8,207,2255,22.55,0
2042,0,1,3,4,28,False,78,12,33,3105,31.05,0
2043,0,1,3,4,19,True,78,12,12,3084,30.84,0
2044,0,1,3,4,24,False,12,6,36,1572,15.72,0
2045,0,1,3,4,21,True,225,6,16,1552,15.52,0
2046,0,1,3,4,28,False,80,15,243,4083,40.83,0
2047,0,1,3,4,24,True,80,15,218,4058,40.58,0
2048,0,1,3,4,12,False,83,2,11,523,5.23,181
2049,0,-1,-1,-1,-1,True,-1,-1,-1,-1,-1.0,-1
2050,0,1,3,4,14,True,93,10,132,2692,26.92,0
2051,0,1,3,4,19,False,232,7,86,1878,18.78,0
2052,0,1,3,4,28,False,67,14,70,3654,36.54,0
2053,0,1,3,4,32,True,67,14,50,3634,36.34,0
2054,0,1,3,4,19,False,108,0,74,74,0.74,0
2055,0,1,3,4,34,True,7,10,0,2560,25.6,167772160
2056,0,-1,-1,-1,-1,True,-1,-1,-1,-1,-1.0,-1
2057,0,227,0,0,0,False,0,0,10,10,0.1,1
2058,0,205,0,0,0,False,0,0,10,10,0.1,1
2059,0,170,0,0,0,False,0,0,10,10,0.1,3297909761
2060,0,-1,-1,-1,-1,True,-1,-1,-1,-1,-1.0,-1
2061,0,-1,-1,-1,-1,True,-1,-1,-1,-1,-1.0,-1
2062,0,-1,-1,-1,-1,True,-1,-1,-1,-1,-1.0,-1
2063,0,1,3,4,16,False,242,8,248,2296,22.96,0
2064,0,1,3,4,20,True,242,4,235,1259,12.59,0
2065,0,1,3,4,21,True,242,8,224,2272,22.72,0
2066,0,1,3,4,13,False,74,10,28,2588,25.88,0
2067,0,1,3,4,30,True,3,10,7,2567,25.67,0
2068,0,1,1,4,17,False,197,9,95,2399,23.99,0
2069,0,1,3,4,22,False,10,12,137,3209,32.09,0
2070,0,1,1,4,25,True,197,9,78,2382,23.82,0
2071,0,1,3,4,12,False,115,12,32,3104,31.04,0
2072,0,1,17,2,1,False,53,0,0,0,0.0,0
2073,0,1,3,4,28,True,138,1,31,287,2.87,0
2074,0,1,3,4,8,False,19,12,142,3214,32.14,0
2075,0,1,3,4,34,True,163,12,118,3190,31.9,0
2076,0,1,3,4,32,False,116,3,10,778,7.78,228
2077,0,-1,-1,-1,-1,True,-1,-1,-1,-1,-1.0,-1
2078,0,1,3,4,26,True,194,10,206,2766,27.66,0
2079,0,1,3,4,25,False,158,8,52,2100,21.0,0
2080,0,1,3,4,32,True,158,8,34,2082,20.82,0
2081,0,1,3,4,28,False,194,7,164,1956,19.56,0
2082,0,1,3,4,26,False,196,11,246,3062,30.62,0
2083,0,1,3,4,27,True,195,11,224,3040,30.4,0
2084,0,1,3,4,28,True,194,7,144,1936,19.36,0
2085,0,1,3,4,12,False,49,14,205,3789,37.89,0
2086,0,1,3,4,11,False,47,2,250,762,7.62,0
2087,0,1,3,4,28,True,200,11,102,2918,29.18,0
2088,0,1,3,4,5,False,200,0,54,54,0.54,0
2089,0,1,3,4,33,True,5,3,14,782,7.82,0
2090,0,1,14,3,28,False,131,3,0,768,7.68,0
2091,0,1,1,6,30,False,28,0,226,226,2.26,30728
2092,0,1,2,4,24,False,156,5,15,1295,12.95,7215
2093,0,-1,-1,-1,-1,True,-1,-1,-1,-1,-1.0,-1
2094,0,-1,-1,-1,-1,True,-1,-1,-1,-1,-1.0,-1
2095,0,1,2,4,14,True,146,0,212,212,2.12,0
2096,0,1,18,2,22,False,13,0,0,0,0.0,0
2097,0,1,14,2,28,False,138,0,0,0,0.0,0
2098,0,1,19,6,6,False,219,12,139,3211,32.11,1694
2099,0,1,24,4,28,False,26,11,7,2823,28.23,0
2100,0,1,23,4,28,False,145,11,7,2823,28.23,0
2101,0,1,20,6,28,False,33,10,4,2564,25.64,7315
2102,0,1,18,6,26,False,165,1,2,258,2.58,0
2103,0,-1,-1,-1,-1,True,-1,-1,-1,-1,-1.0,-1
2104,0,-1,-1,-1,-1,True,-1,-1,-1,-1,-1.0,-1
2105,0,-1,-1,-1,-1,True,-1,-1,-1,-1,-1.0,-1
2106,0,-1,-1,-1,-1,True,-1,-1,-1,-1,-1.0,-1
2107,0,-1,-1,-1,-1,True,-1,-1,-1,-1,-1.0,-1
2108,0,1,3,4,16,False,165,12,214,3286,32.86,0
2109,0,1,3,4,28,True,165,12,191,3263,32.63,0
2110,0,1,3,4,25,False,229,8,125,2173,21.73,0
2111,0,1,3,4,31,True,229,8,106,2154,21.54,0
2112,0,1,1,4,19,False,133,7,174,1966,19.66,0
2113,0,1,2,4,18,False,225,1,173,429,4.29,0
2114,0,1,3,4,11,False,166,7,3,1795,17.95,0
2115,0,1,2,4,0,False,72,10,48,2608,26.08,0
2116,0,1,3,4,31,True,166,6,239,1775,17.75,0
2117,0,1,2,4,33,True,72,10,31,2591,25.91,0
2118,0,1,3,4,32,True,62,13,75,3403,34.03,0
2119,0,1,3,4,33,False,58,13,227,3555,35.55,0
2120,0,1,3,4,32,True,58,13,209,3537,35.37,0
2121,0,1,3,0,0,False,0,0,0,0,0.0,0
2122,0,1,3,2,13,False,209,0,0,0,0.0,0
2123,0,1,3,4,8,False,211,3,247,1015,10.15,0
2124,0,1,3,4,29,True,211,3,225,993,9.93,0
2125,0,1,3,4,25,False,207,13,201,3529,35.29,0
2126,0,1,3,4,30,True,171,13,178,3506,35.06,0
2127,0,1,3,4,23,False,246,5,168,1448,14.48,0
2128,0,1,3,4,26,True,246,5,145,1425,14.25,0
2129,0,1,3,4,31,False,3,11,88,2904,29.04,0
2130,0,1,3,4,26,True,3,11,68,2884,28.84,0
2131,0,1,3,4,33,True,99,0,1,1,0.01,139
2132,0,-1,-1,-1,-1,True,-1,-1,-1,-1,-1.0,-1
2133,0,1,3,4,32,True,112,1,121,377,3.77,0
2134,0,1,3,4,27,False,172,3,132,900,9.0,0
2135,0,1,3,4,29,True,172,3,112,880,8.8,0
2136,0,1,3,4,11,False,18,2,83,595,5.95,0
2137,0,1,3,4,33,True,18,2,61,573,5.73,0
2138,0,1,3,4,28,False,21,1,243,499,4.99,0
2139,0,1,3,4,30,True,21,1,220,476,4.76,0
2140,0,1,3,4,32,False,66,6,77,1613,16.13,0
2141,0,1,3,4,16,True,66,6,55,1591,15.91,0
2142,0,1,3,4,13,False,1,10,0,2560,25.6,167772160
2143,0,-1,-1,-1,-1,True,-1,-1,-1,-1,-1.0,-1
2144,0,-1,-1,-1,-1,True,-1,-1,-1,-1,-1.0,-1
2145,0,-1,-1,-1,-1,True,-1,-1,-1,-1,-1.0,-1
2146,0,-1,-1,-1,-1,True,-1,-1,-1,-1,-1.0,-1
2147,0,-1,-1,-1,-1,True,-1,-1,-1,-1,-1.0,-1
2148,0,-1,-1,-1,-1,True,-1,-1,-1,-1,-1.0,-1
2149,0,1,3,4,8,False,97,0,87,87,0.87,0
2150,0,1,3,4,32,False,80,11,222,3038,30.38,0
2151,0,1,1,4,34,True,63,0,68,68,0.68,0
2152,0,1,3,4,8,False,184,2,251,763,7.63,0
2153,0,1,3,4,33,False,148,0,119,119,1.19,0
2154,0,1,3,4,13,True,148,0,100,100,1.0,0
2155,0,1,1,4,20,False,104,13,11,3339,33.39,202
2156,0,-1,-1,-1,-1,True,-1,-1,-1,-1,-1.0,-1
2157,0,1,3,4,7,False,93,4,125,1149,11.49,0
2158,0,1,3,4,32,True,2,5,0,1280,12.8,167772160
2159,0,-1,-1,-1,-1,True,-1,-1,-1,-1,-1.0,-1
2160,0,96,0,0,0,False,0,0,10,10,0.1,1351818241
2161,0,74,0,0,0,False,0,0,10,10,0.1,2669026305
2162,0,25,0,0,0,False,0,0,10,10,0.1,2678004737
2163,0,-1,-1,-1,-1,True,-1,-1,-1,-1,-1.0,-1
2164,0,-1,-1,-1,-1,True,-1,-1,-1,-1,-1.0,-1
2165,0,-1,-1,-1,-1,True,-1,-1,-1,-1,-1.0,-1
2166,0,-1,-1,-1,-1,True,-1,-1,-1,-1,-1.0,-1
2167,0,1,3,0,0,False,0,0,0,0,0.0,0
2168,0,1,10,6,14,False,194,12,153,3225,32.25,3670
2169,0,1,21,3,28,False,8,11,0,2816,28.16,0
2170,0,1,0,2,59,False,28,0,0,0,0.0,0
2171,0,1,18,2,11,True,2,0,0,0,0.0,0
2172,0,1,4,5,28,False,12,1,0,256,2.56,176
2173,0,1,3,4,11,False,241,10,7,2567,25.67,0
2174,0,1,3,4,28,True,181,11,96,2912,29.12,0
2175,0,1,1,4,28,True,212,9,246,2550,25.5,0
2176,0,1,3,4,11,True,141,15,5,3845,38.45,0
2177,0,1,3,4,11,False,7,12,28,3100,31.0,0
2178,0,1,18,0,0,False,0,0,0,0,0.0,0
2179,0,1,1,3,7,False,103,12,0,3072,30.72,0
2180,0,1,2,7,8,False,12,0,28,28,0.28,788626
2181,0,1,9,2,28,False,24,0,0,0,0.0,0
2182,0,0,0,0,0,False,0,6,1,1537,15.37,40
2183,0,85,1,3,22,True,0,0,0,0,0.0,68096
2184,0,194,0,0,0,False,0,0,10,10,0.1,2149325825
2185,0,-1,-1,-1,-1,True,-1,-1,-1,-1,-1.0,-1
2186,0,-1,-1,-1,-1,True,-1,-1,-1,-1,-1.0,-1
2187,0,-1,-1,-1,-1,True,-1,-1,-1,-1,-1.0,-1
2188,0,-1,-1,-1,-1,True,-1,-1,-1,-1,-1.0,-1
2189,0,1,3,4,32,False,34,2,87,599,5.99,0
2190,0,1,1,4,4,True,128,14,26,3610,36.1,0
2191,0,1,3,4,28,False,20,0,13,13,0.13,0
2192,0,1,6,4,28,False,157,0,13,13,0.13,0
2193,0,1,3,5,28,False,0,14,15,3599,35.99,16
2194,0,1,3,4,23,True,190,14,249,3833,38.33,0
2195,0,1,3,4,22,False,106,5,123,1403,14.03,0
2196,0,1,3,4,27,True,106,5,103,1383,13.83,0
2197,0,1,3,4,10,False,7,6,45,1581,15.81,0
2198,0,1,3,4,34,True,7,6,21,1557,15.57,0
2199,0,1,3,4,12,False,1,14,0,3584,35.84,167772160
2200,0,-1,-1,-1,-1,True,-1,-1,-1,-1,-1.0,-1
2201,0,24,0,2,59,False,0,0,0,0,0.0,469830144
2202,0,-1,-1,-1,-1,True,-1,-1,-1,-1,-1.0,-1
2203,0,-1,-1,-1,-1,True,-1,-1,-1,-1,-1.0,-1
2204,0,-1,-1,-1,-1,True,-1,-1,-1,-1,-1.0,-1
2205,0,-1,-1,-1,-1,True,-1,-1,-1,-1,-1.0,-1
2206,0,1,0,2,33,False,28,0,0,0,0.0,0
2207,0,1,3,3,4,False,14,12,137,3209,32.09,14421312
2208,0,-1,-1,-1,-1,True,-1,-1,-1,-1,-1.0,-1
2209,0,-1,-1,-1,-1,True,-1,-1,-1,-1,-1.0,-1
2210,0,-1,-1,-1,-1,True,-1,-1,-1,-1,-1.0,-1
2211,0,-1,-1,-1,-1,True,-1,-1,-1,-1,-1.0,-1
2212,0,1,3,4,18,True,14,11,149,2965,29.65,0
2213,0,1,3,4,52,False,2,9,28,2332,23.32,0
2214,0,1,19,5,52,False,2,4,28,1052,10.52,14
2215,0,1,14,6,13,False,185,12,151,3223,32.23,3446
2216,0,1,20,1,28,False,0,0,0,0,0.0,0
2217,0,1,3,3,34,False,11,3,15,783,7.83,42
2218,0,-1,-1,-1,-1,True,-1,-1,-1,-1,-1.0,-1
2219,0,-1,-1,-1,-1,True,-1,-1,-1,-1,-1.0,-1
2220,0,1,3,4,13,False,69,0,146,146,1.46,0
2221,0,1,3,4,30,True,67,0,165,165,1.65,0
2222,0,1,3,4,24,False,60,13,75,3403,34.03,0
2223,0,1,3,4,25,True,60,13,52,3380,33.8,0
2224,0,1,3,4,15,False,182,1,92,348,3.48,0
2225,0,1,3,4,20,False,183,12,38,3110,31.1,0
2226,0,1,3,4,34,True,183,10,160,2720,27.2,0
2227,0,1,3,4,22,False,140,0,106,106,1.06,0
2228,0,1,3,4,25,True,157,0,84,84,0.84,0
2229,0,1,3,4,16,False,6,8,152,2200,22.0,0
2230,0,1,3,4,27,True,6,6,5,1541,15.41,192
2231,0,-1,-1,-1,-1,True,-1,-1,-1,-1,-1.0,-1
2232,0,1,3,4,18,False,39,2,111,623,6.23,0
2233,0,1,1,4,23,False,11,7,0,1792,17.92,167772160
2234,0,-1,-1,-1,-1,True,-1,-1,-1,-1,-1.0,-1
2235,0,-1,-1,-1,-1,True,-1,-1,-1,-1,-1.0,-1
2236,0,1,3,4,9,True,38,5,59,1339,13.39,0
2237,0,1,3,4,21,False,64,9,76,2380,23.8,0
2238,0,1,3,4,31,True,63,9,55,2359,23.59,0
2239,0,1,3,4,21,False,207,12,181,3253,32.53,0
2240,0,1,3,4,25,False,81,0,151,151,1.51,0
2241,0,1,3,4,11,True,81,0,130,130,1.3,0
2242,0,1,3,4,17,False,62,12,181,3253,32.53,0
2243,0,1,3,4,25,True,12,3,0,768,7.68,167772160
2244,0,-1,-1,-1,-1,True,-1,-1,-1,-1,-1.0,-1
2245,0,212,0,1,2,True,0,0,0,0,0.0,469830144
2246,0,208,0,0,0,False,0,0,10,10,0.1,4212005889
2247,0,-1,-1,-1,-1,True,-1,-1,-1,-1,-1.0,-1
2248,0,-1,-1,-1,-1,True,-1,-1,-1,-1,-1.0,-1
2249,0,-1,-1,-1,-1,True,-1,-1,-1,-1,-1.0,-1
2250,0,-1,-1,-1,-1,True,-1,-1,-1,-1,-1.0,-1
2251,0,1,3,4,20,True,251,15,4,3844,38.44,0
2252,0,1,3,4,5,False,163,6,85,1621,16.21,0
2253,0,1,3,4,27,True,163,11,10,2826,28.26,153
2254,0,-1,-1,-1,-1,True,-1,-1,-1,-1,-1.0,-1
2255,0,1,3,4,29,False,234,13,219,3547,35.47,0
2256,0,1,3,4,17,True,234,13,195,3523,35.23,0
2257,0,1,3,4,18,True,236,8,61,2109,21.09,0
2258,0,1,3,4,29,False,86,2,248,760,7.6,0
2259,0,1,3,4,20,True,86,2,225,737,7.37,0
2260,0,1,3,4,31,False,32,15,20,3860,38.6,32
2261,0,-1,-1,-1,-1,True,-1,-1,-1,-1,-1.0,-1
2262,0,1,2,1,14,False,0,0,0,0,0.0,0
2263,0,1,19,6,15,False,156,12,151,3223,32.23,3855
2264,0,1,16,5,28,False,20,8,17,2065,20.65,14
2265,0,1,17,0,0,False,0,0,0,0,0.0,0
2266,0,1,1,2,51,True,13,0,0,0,0.0,0
2267,0,1,0,3,28,False,134,10,0,2560,25.6,0
2268,0,1,3,4,26,False,19,15,55,3895,38.95,0
2269,0,1,3,4,29,True,1,14,0,3584,35.84,167772160
2270,0,-1,-1,-1,-1,True,-1,-1,-1,-1,-1.0,-1
2271,0,35,1,6,57,True,0,0,0,0,0.0,469830144
2272,0,-1,-1,-1,-1,True,-1,-1,-1,-1,-1.0,-1
2273,0,-1,-1,-1,-1,True,-1,-1,-1,-1,-1.0,-1
2274,0,-1,-1,-1,-1,True,-1,-1,-1,-1,-1.0,-1
2275,0,-1,-1,-1,-1,True,-1,-1,-1,-1,-1.0,-1
2276,0,-1,-1,-1,-1,True,-1,-1,-1,-1,-1.0,-1
2277,0,1,3,4,7,False,35,5,197,1477,14.77,0
2278,0,1,3,4,26,True,35,13,71,3399,33.99,0
2279,0,1,3,4,27,False,215,10,78,2638,26.38,0
2280,0,1,3,4,24,True,215,10,50,2610,26.1,0
2281,0,1,2,1,44,True,0,0,0,0,0.0,0
2282,0,1,3,4,18,False,38,10,29,2589,25.89,0
2283,0,1,2,2,14,True,4,0,0,0,0.0,0
2284,0,1,3,4,10,False,8,13,61,3389,33.89,0
2285,0,1,3,4,33,False,22,15,1,3841,38.41,0
2286,0,1,26,2,4,False,160,0,0,0,0.0,0
2287,0,1,7,7,57,False,15,1,190,446,4.46,10361953
2288,0,1,7,1,15,False,0,0,0,0,0.0,0
2289,0,1,9,4,27,True,127,4,73,1097,10.97,0
2290,0,1,3,4,31,True,168,4,54,1078,10.78,0
2291,0,1,3,4,32,True,167,12,117,3189,31.89,0
2292,0,1,3,4,21,False,76,6,152,1688,16.88,0
2293,0,1,3,4,26,True,76,6,131,1667,16.67,0
2294,0,1,3,4,29,False,54,0,14,14,0.14,0
2295,0,1,3,4,15,True,54,15,247,4087,40.87,0
2296,0,1,3,4,25,False,155,2,31,543,5.43,0
2297,0,1,3,4,26,True,155,2,9,521,5.21,0
2298,0,1,3,4,24,False,14,4,0,1024,10.24,167772160
2299,0,-1,-1,-1,-1,True,-1,-1,-1,-1,-1.0,-1
2300,0,-1,-1,-1,-1,True,-1,-1,-1,-1,-1.0,-1
2301,0,1,3,4,31,True,55,11,1,2817,28.17,17
2302,0,-1,-1,-1,-1,True,-1,-1,-1,-1,-1.0,-1
2303,0,1,3,4,30,False,192,14,185,3769,37.69,0
2304,0,1,1,4,28,False,16,11,241,3057,30.57,0
2305,0,1,3,4,27,True,192,15,119,3959,39.59,0
2306,0,1,3,4,29,False,105,12,134,3206,32.06,0
2307,0,1,1,4,16,True,89,15,100,3940,39.4,0
2308,0,1,3,4,29,False,255,2,76,588,5.88,0
2309,0,1,3,4,20,True,255,9,84,2388,23.88,0
2310,0,1,3,4,20,False,254,3,25,793,7.93,0
2311,0,1,3,4,18,True,254,3,1,769,7.69,0
2312,0,1,3,4,19,True,254,2,100,612,6.12,0
2313,0,1,3,4,25,False,174,12,181,3253,32.53,0
2314,0,1,3,4,27,False,173,1,135,391,3.91,0
2315,0,1,3,4,10,True,174,12,158,3230,32.3,0
2316,0,1,3,4,11,True,46,10,162,2722,27.22,0
2317,0,1,3,4,23,False,45,0,181,181,1.81,0
2318,0,1,2,4,31,False,17,10,196,2756,27.56,0
2319,0,1,3,4,20,True,45,0,159,159,1.59,0
2320,0,1,2,4,7,True,17,10,176,2736,27.36,0
2321,0,1,3,4,15,False,174,14,163,3747,37.47,0
2322,0,1,3,4,17,True,174,14,139,3723,37.23,0
2323,0,1,3,4,28,False,238,8,182,2230,22.3,0
2324,0,1,3,4,22,True,82,8,158,2206,22.06,0
2325,0,1,1,4,33,False,130,9,206,2510,25.1,0
2326,0,1,3,4,4,False,67,12,153,3225,32.25,0
2327,0,1,3,4,17,False,182,1,160,416,4.16,0
2328,0,1,3,4,22,True,182,1,137,393,3.93,0
2329,0,1,3,4,23,False,11,14,224,3808,38.08,0
2330,0,1,3,4,31,False,19,0,236,236,2.36,0
2331,0,1,3,4,22,True,19,0,214,214,2.14,0
2332,0,1,3,4,23,True,20,14,202,3786,37.86,0
2333,0,1,3,4,16,False,206,13,96,3424,34.24,0
2334,0,1,3,4,27,True,206,13,73,3401,34.01,0
2335,0,1,3,4,20,False,91,11,53,2869,28.69,0
2336,0,1,3,4,20,True,91,11,32,2848,28.48,0
2337,0,1,3,4,27,False,94,5,95,1375,13.75,0
2338,0,1,3,4,10,True,117,5,71,1351,13.51,0
2339,0,1,3,4,28,False,83,11,50,2866,28.66,0
2340,0,1,3,4,14,True,83,11,28,2844,28.44,0
2341,0,1,3,4,27,False,185,3,186,954,9.54,302861
2342,0,-1,-1,-1,-1,True,-1,-1,-1,-1,-1.0,-1
2343,0,-1,-1,-1,-1,True,-1,-1,-1,-1,-1.0,-1
2344,0,-1,-1,-1,-1,True,-1,-1,-1,-1,-1.0,-1
2345,0,1,3,6,58,True,13,12,4,3076,30.76,49941
2346,0,1,3,4,41,False,4,11,195,3011,30.11,0
2347,0,1,3,4,17,False,4,6,164,1700,17.0,0
2348,0,1,3,3,13,False,4,10,0,2560,25.6,0
2349,0,1,3,4,10,False,248,4,30,1054,10.54,0
2350,0,1,3,7,7,False,102,4,157,1181,11.81,5113855
2351,0,1,3,4,22,False,44,2,151,663,6.63,0
2352,0,1,3,4,27,True,44,2,129,641,6.41,0
2353,0,1,1,4,22,False,7,0,228,228,2.28,0
2354,0,1,3,4,6,False,224,11,167,2983,29.83,0
2355,0,1,1,4,12,True,7,0,209,209,2.09,0
2356,0,1,3,4,28,False,85,15,225,4065,40.65,0
2357,0,1,3,4,31,False,77,12,2,3074,30.74,20
2358,0,-1,-1,-1,-1,True,-1,-1,-1,-1,-1.0,-1
2359,0,1,3,4,32,False,97,11,118,2934,29.34,0
2360,0,1,3,4,17,True,97,11,96,2912,29.12,0
2361,0,1,3,4,27,False,103,13,97,3425,34.25,0
2362,0,1,3,4,15,True,103,13,71,3399,33.99,0
2363,0,1,3,4,29,True,12,2,178,690,6.9,0
2364,0,1,3,4,19,False,10,15,172,4012,40.12,0
2365,0,1,3,4,18,False,9,6,41,1577,15.77,0
2366,0,1,3,4,30,True,9,0,178,178,1.78,0
2367,0,1,3,4,31,True,9,7,224,2016,20.16,0
2368,0,1,1,4,34,True,229,6,21,1557,15.57,0
2369,0,1,3,4,11,True,242,10,68,2628,26.28,0
2370,0,1,3,4,1,False,41,12,154,3226,32.26,0
2371,0,1,10,5,1,False,17,12,14,3086,30.86,197
2372,0,1,1,7,50,True,28,12,197,3269,32.69,1874447
2373,0,1,3,2,1,True,11,0,0,0,0.0,0
2374,0,-1,-1,-1,-1,True,-1,-1,-1,-1,-1.0,-1
2375,0,-1,-1,-1,-1,True,-1,-1,-1,-1,-1.0,-1
2376,0,-1,-1,-1,-1,True,-1,-1,-1,-1,-1.0,-1
2377,0,1,0,4,32,False,6,7,25,1817,18.17,0
2378,0,1,0,4,31,False,6,7,131,1923,19.23,0
2379,0,1,0,4,27,False,84,1,31,287,2.87,0
2380,0,1,0,4,22,True,84,1,13,269,2.69,0
2381,0,1,0,4,31,False,30,3,131,899,8.99,0
2382,0,1,0,4,7,True,53,3,30,798,7.98,0
2383,0,1,0,4,31,False,112,10,219,2779,27.79,0
2384,0,1,0,4,29,False,112,10,199,2759,27.59,0
2385,0,1,0,4,33,False,28,14,105,3689,36.89,0
2386,0,1,0,4,10,True,4,2,0,512,5.12,167772160
2387,0,-1,-1,-1,-1,True,-1,-1,-1,-1,-1.0,-1
2388,0,-1,-1,-1,-1,True,-1,-1,-1,-1,-1.0,-1
2389,0,-1,-1,-1,-1,True,-1,-1,-1,-1,-1.0,-1
2390,0,1,3,4,25,False,212,5,100,1380,13.8,0
2391,0,1,3,4,32,True,212,5,82,1362,13.62,0
2392,0,1,3,4,26,False,149,3,151,919,9.19,0
2393,0,1,3,4,25,False,63,1,211,467,4.67,0
2394,0,1,3,4,27,True,62,6,24,1560,15.6,0
2395,0,1,3,4,31,False,43,7,172,1964,19.64,0
2396,0,1,3,4,24,True,43,7,150,1942,19.42,0
2397,0,1,3,4,8,True,107,11,237,3053,30.53,0
2398,0,1,3,4,18,False,104,2,5,517,5.17,245
2399,0,-1,-1,-1,-1,True,-1,-1,-1,-1,-1.0,-1
2400,0,1,3,4,34,True,49,5,243,1523,15.23,0
2401,0,1,3,4,18,False,147,3,31,799,7.99,0
2402,0,1,3,4,34,True,147,9,12,2316,23.16,142
2403,0,-1,-1,-1,-1,True,-1,-1,-1,-1,-1.0,-1
2404,0,1,3,4,19,False,75,7,2,1794,17.94,0
2405,0,1,3,4,24,True,75,6,238,1774,17.74,0
2406,0,1,3,4,30,False,174,15,166,4006,40.06,0
2407,0,1,3,4,32,True,174,15,145,3985,39.85,0
2408,0,1,3,4,26,False,198,15,91,3931,39.31,0
2409,0,1,3,4,29,False,197,15,164,4004,40.04,0
2410,0,1,3,4,11,True,197,15,141,3981,39.81,0
2411,0,1,3,4,12,True,7,13,0,3328,33.28,167772160
2412,0,-1,-1,-1,-1,True,-1,-1,-1,-1,-1.0,-1
2413,0,-1,-1,-1,-1,True,-1,-1,-1,-1,-1.0,-1
2414,0,-1,-1,-1,-1,True,-1,-1,-1,-1,-1.0,-1
2415,0,-1,-1,-1,-1,True,-1,-1,-1,-1,-1.0,-1
2416,0,1,3,4,30,True,138,3,5,773,7.73,0
2417,0,1,3,4,16,False,31,15,72,3912,39.12,0
2418,0,1,3,4,26,True,31,15,49,3889,38.89,0
2419,0,1,3,4,3,False,173,12,174,3246,32.46,0
2420,0,1,3,4,8,True,172,12,150,3222,32.22,0
2421,0,1,3,4,18,False,18,7,236,2028,20.28,0
2422,0,1,3,4,17,False,16,13,234,3562,35.62,0
2423,0,1,3,4,19,False,17,11,30,2846,28.46,0
2424,0,1,3,4,14,True,16,13,213,3541,35.41,0
2425,0,1,3,4,0,False,137,4,66,1090,10.9,0
2426,0,1,3,4,34,True,137,4,42,1066,10.66,0
2427,0,1,3,4,22,False,247,6,159,1695,16.95,0
2428,0,1,3,4,14,True,247,6,135,1671,16.71,0
2429,0,1,3,4,24,False,42,0,147,147,1.47,0
2430,0,1,3,4,27,True,42,0,126,126,1.26,0
2431,0,1,3,4,14,False,11,14,158,3742,37.42,0
2432,0,1,1,4,29,False,95,11,157,2973,29.73,0
2433,0,1,3,4,17,False,11,14,154,3738,37.38,0
2434,0,1,1,4,30,False,94,9,159,2463,24.63,0
2435,0,1,3,4,27,True,134,14,157,3741,37.41,0
2436,0,1,2,4,21,True,179,9,139,2443,24.43,0
2437,0,1,3,4,2,False,68,9,201,2505,25.05,0
2438,0,1,3,4,26,True,68,15,3,3843,38.43,115
2439,0,-1,-1,-1,-1,True,-1,-1,-1,-1,-1.0,-1
2440,0,1,3,4,0,False,232,8,129,2177,21.77,0
2441,0,1,3,4,34,True,232,8,105,2153,21.53,0
2442,0,1,3,4,20,False,93,14,130,3714,37.14,0
2443,0,1,3,4,26,True,8,1,10,266,2.66,7306
2444,0,-1,-1,-1,-1,True,-1,-1,-1,-1,-1.0,-1
2445,0,-1,-1,-1,-1,True,-1,-1,-1,-1,-1.0,-1
2446,0,1,2,7,47,False,10,3,28,796,7.96,683929
2447,0,1,1,4,28,False,15,10,121,2681,26.81,0
2448,0,1,3,4,25,False,133,7,85,1877,18.77,0
2449,0,1,3,4,29,False,226,12,9,3081,30.81,133
2450,0,-1,-1,-1,-1,True,-1,-1,-1,-1,-1.0,-1
2451,0,1,3,4,27,True,108,9,113,2417,24.17,0
2452,0,1,3,4,27,True,218,14,70,3654,36.54,0
2453,0,1,3,4,17,False,218,3,74,842,8.42,0
2454,0,1,3,4,26,True,218,3,55,823,8.23,0
2455,0,1,3,4,23,False,200,4,171,1195,11.95,0
2456,0,1,3,4,33,True,15,9,0,2304,23.04,167772160
2457,0,-1,-1,-1,-1,True,-1,-1,-1,-1,-1.0,-1
2458,0,21,0,0,0,False,0,0,10,10,0.1,680991745
2459,0,-1,-1,-1,-1,True,-1,-1,-1,-1,-1.0,-1
2460,0,1,3,4,9,False,197,13,141,3469,34.69,0
2461,0,1,3,4,20,True,197,13,120,3448,34.48,0
2462,0,1,3,4,21,True,29,4,29,1053,10.53,0
2463,0,1,3,1,8,False,0,0,0,0,0.0,0
2464,0,1,3,6,4,False,152,9,8,2312,23.12,1125
2465,0,1,3,2,30,False,14,0,0,0,0.0,0
2466,0,1,3,4,4,False,139,14,14,3598,35.98,0
2467,0,1,3,3,4,False,27,13,0,3328,33.28,0
2468,0,1,3,4,27,False,7,10,0,2560,25.6,167772160
2469,0,-1,-1,-1,-1,True,-1,-1,-1,-1,-1.0,-1
2470,0,100,0,0,0,False,0,0,10,10,0.1,1134042113
2471,0,78,0,0,0,False,0,0,10,10,0.1,1997872129
2472,0,84,0,0,0,False,0,0,10,10,0.1,2007047169
2473,0,-1,-1,-1,-1,True,-1,-1,-1,-1,-1.0,-1
2474,0,-1,-1,-1,-1,True,-1,-1,-1,-1,-1.0,-1
2475,0,-1,-1,-1,-1,True,-1,-1,-1,-1,-1.0,-1
2476,0,1,3,4,29,False,188,11,9,2825,28.25,0
2477,0,1,1,4,6,True,9,12,160,3232,32.32,0
2478,0,1,3,4,21,True,185,12,88,3160,31.6,0
2479,0,1,3,4,3,False,15,4,28,1052,10.52,0
2480,0,1,19,6,3,False,11,6,0,1536,15.36,167772160
2481,0,172,0,0,0,False,0,0,10,10,0.1,2785811457
2482,0,-1,-1,-1,-1,True,-1,-1,-1,-1,-1.0,-1
2483,0,-1,-1,-1,-1,True,-1,-1,-1,-1,-1.0,-1
2484,0,1,3,4,12,False,184,12,154,3226,32.26,0
2485,0,1,8,6,12,False,163,6,207,1743,17.43,0
2486,0,-1,-1,-1,-1,True,-1,-1,-1,-1,-1.0,-1
2487,0,-1,-1,-1,-1,True,-1,-1,-1,-1,-1.0,-1
2488,0,-1,-1,-1,-1,True,-1,-1,-1,-1,-1.0,-1
2489,0,1,3,4,7,True,137,3,58,826,8.26,0
2490,0,1,3,4,27,False,81,2,52,564,5.64,0
2491,0,1,3,4,22,True,81,3,204,972,9.72,0
2492,0,1,3,4,6,False,225,10,49,2609,26.09,0
2493,0,1,3,4,4,True,225,10,28,2588,25.88,0
2494,0,1,3,4,31,False,141,15,215,4055,40.55,0
2495,0,1,3,4,0,False,160,0,81,81,0.81,0
2496,0,1,3,4,34,True,160,0,56,56,0.56,0
2497,0,1,3,4,10,False,92,9,225,2529,25.29,0
2498,0,1,3,4,19,True,0,10,0,2560,25.6,167772160
2499,0,-1,-1,-1,-1,True,-1,-1,-1,-1,-1.0,-1
2500,0,244,0,0,0,False,0,0,10,10,0.1,1
2501,0,162,0,0,0,False,0,0,10,10,0.1,1217010689
2502,0,-1,-1,-1,-1,True,-1,-1,-1,-1,-1.0,-1
2503,0,-1,-1,-1,-1,True,-1,-1,-1,-1,-1.0,-1
2504,0,-1,-1,-1,-1,True,-1,-1,-1,-1,-1.0,-1
2505,0,-1,-1,-1,-1,True,-1,-1,-1,-1,-1.0,-1
2506,0,1,3,4,3,False,99,14,122,3706,37.06,0
2507,0,1,3,4,12,True,99,14,99,3683,36.83,0
2508,0,1,3,4,25,False,250,13,171,3499,34.99,0
2509,0,1,3,4,23,True,7,13,28,3356,33.56,0
2510,0,1,1,3,12,False,3,5,0,1280,12.8,0
2511,0,1,3,4,24,True,12,2,252,764,7.64,0
2512,0,1,3,4,18,False,9,14,235,3819,38.19,0
2513,0,1,3,4,19,False,8,15,95,3935,39.35,0
2514,0,1,3,4,29,True,216,9,95,2399,23.99,0
2515,0,1,3,4,17,True,215,9,71,2375,23.75,0
2516,0,1,3,4,21,False,14,4,0,1024,10.24,167772160
2517,0,-1,-1,-1,-1,True,-1,-1,-1,-1,-1.0,-1
2518,0,193,0,0,0,False,0,0,10,10,0.1,3339590657
2519,0,-1,-1,-1,-1,True,-1,-1,-1,-1,-1.0,-1
2520,0,-1,-1,-1,-1,True,-1,-1,-1,-1,-1.0,-1
2521,0,1,3,4,22,True,199,12,47,3119,31.19,0
2522,0,1,3,4,24,False,39,3,0,768,7.68,129
2523,0,-1,-1,-1,-1,True,-1,-1,-1,-1,-1.0,-1
2524,0,1,3,4,22,False,67,12,238,3310,33.1,0
2525,0,1,3,4,11,True,67,0,105,105,1.05,0
2526,0,1,3,4,12,True,67,12,217,3289,32.89,0
2527,0,1,1,4,9,False,9,5,0,1280,12.8,167772160
2528,0,-1,-1,-1,-1,True,-1,-1,-1,-1,-1.0,-1
2529,0,126,0,0,0,False,0,0,10,10,0.1,4053081089
2530,0,-1,-1,-1,-1,True,-1,-1,-1,-1,-1.0,-1
2531,0,-1,-1,-1,-1,True,-1,-1,-1,-1,-1.0,-1
2532,0,-1,-1,-1,-1,True,-1,-1,-1,-1,-1.0,-1
2533,0,-1,-1,-1,-1,True,-1,-1,-1,-1,-1.0,-1
2534,0,1,3,4,13,False,189,14,236,3820,38.2,0
2535,0,1,3,4,19,True,189,14,216,3800,38.0,0
2536,0,1,3,4,9,False,3,8,0,2048,20.48,167772160
2537,0,-1,-1,-1,-1,True,-1,-1,-1,-1,-1.0,-1
2538,0,-1,-1,-1,-1,True,-1,-1,-1,-1,-1.0,-1
2539,0,-1,-1,-1,-1,True,-1,-1,-1,-1,-1.0,-1
2540,0,-1,-1,-1,-1,True,-1,-1,-1,-1,-1.0,-1
2541,0,1,3,4,30,True,165,3,129,897,8.97,0
2542,0,1,3,4,29,False,249,13,24,3352,33.52,0
2543,0,1,3,4,20,True,249,14,84,3668,36.68,0
2544,0,1,3,4,30,False,26,14,212,3796,37.96,0
2545,0,1,3,4,22,True,26,14,188,3772,37.72,0
2546,0,1,3,4,19,False,47,14,102,3686,36.86,0
2547,0,1,3,4,18,True,47,0,169,169,1.69,0
2548,0,1,3,4,0,False,75,6,234,1770,17.7,0
2549,0,1,3,4,34,True,75,1,0,256,2.56,0
2550,0,1,3,4,5,True,139,0,236,236,2.36,0
2551,0,1,3,4,8,False,186,15,56,3896,38.96,0
2552,0,1,3,4,9,False,186,6,155,1691,16.91,0
2553,0,1,3,4,27,True,186,6,135,1671,16.71,0
2554,0,1,3,4,12,False,248,5,192,1472,14.72,0
2555,0,1,3,4,18,True,248,5,170,1450,14.5,0
2556,0,1,3,4,13,False,242,0,55,55,0.55,0
2557,0,1,3,4,20,True,242,10,0,2560,25.6,26
2558,0,-1,-1,-1,-1,True,-1,-1,-1,-1,-1.0,-1
2559,0,1,3,4,9,False,234,11,87,2903,29.03,0
2560,0,1,1,4,6,False,105,9,195,2499,24.99,0
2561,0,1,3,4,33,True,234,11,68,2884,28.84,0
2562,0,1,1,4,23,True,105,9,178,2482,24.82,0
2563,0,1,3,4,33,True,79,1,85,341,3.41,0
2564,0,1,3,4,21,True,232,1,65,321,3.21,0
2565,0,1,3,4,22,True,232,12,38,3110,31.1,0
2566,0,1,3,4,33,False,76,11,209,3025,30.25,0
2567,0,1,3,4,22,True,76,11,188,3004,30.04,0
2568,0,1,3,4,5,False,98,10,53,2613,26.13,0
2569,0,1,3,4,28,True,97,10,34,2594,25.94,0
2570,0,1,3,4,16,False,249,15,178,4018,40.18,0
2571,0,1,3,4,29,True,248,15,156,3996,39.96,0
2572,0,1,3,4,32,False,130,15,205,4045,40.45,0
2573,0,1,3,4,18,True,130,6,6,1542,15.42,36
2574,0,-1,-1,-1,-1,True,-1,-1,-1,-1,-1.0,-1
2575,0,1,3,4,43,True,11,9,28,2332,23.32,0
2576,0,1,17,2,43,True,1,4,0,1024,10.24,0
2577,0,-1,-1,-1,-1,True,-1,-1,-1,-1,-1.0,-1
2578,0,1,3,4,5,False,109,12,134,3206,32.06,0
2579,0,1,3,4,24,True,108,12,114,3186,31.86,0
2580,0,1,3,4,32,False,47,10,142,2702,27.02,0
2581,0,1,3,4,23,True,47,10,120,2680,26.8,0
2582,0,1,3,4,30,False,114,7,156,1948,19.48,0
2583,0,1,3,4,15,True,114,2,180,692,6.92,0
2584,0,1,3,4,23,False,18,1,152,408,4.08,0
2585,0,1,3,4,21,False,18,10,134,2694,26.94,0
2586,0,1,3,4,23,True,18,1,132,388,3.88,0
2587,0,1,3,4,26,True,18,10,112,2672,26.72,0
2588,0,1,3,4,24,False,10,2,0,512,5.12,167772160
2589,0,-1,-1,-1,-1,True,-1,-1,-1,-1,-1.0,-1
2590,0,74,0,0,0,False,0,0,10,10,0.1,1478433793
2591,0,139,0,0,0,False,0,0,10,10,0.1,9051137
2592,0,118,0,0,0,False,0,0,10,10,0.1,1842177
2593,0,-1,-1,-1,-1,True,-1,-1,-1,-1,-1.0,-1
2594,0,-1,-1,-1,-1,True,-1,-1,-1,-1,-1.0,-1
2595,0,-1,-1,-1,-1,True,-1,-1,-1,-1,-1.0,-1
2596,0,1,3,4,32,True,84,3,142,910,9.1,0
2597,0,1,3,4,1,False,96,14,16,3600,36.0,0
2598,0,1,3,4,23,True,29,13,246,3574,35.74,0
2599,0,1,3,4,0,False,152,3,79,847,8.47,0
2600,0,1,3,4,34,True,152,3,55,823,8.23,0
2601,0,1,3,4,20,False,223,2,60,572,5.72,0
2602,0,1,3,4,20,True,13,12,0,3072,30.72,167772160
2603,0,-1,-1,-1,-1,True,-1,-1,-1,-1,-1.0,-1
2604,0,180,0,0,0,False,0,0,10,10,0.1,1410472961
2605,0,-1,-1,-1,-1,True,-1,-1,-1,-1,-1.0,-1
2606,0,-1,-1,-1,-1,True,-1,-1,-1,-1,-1.0,-1
2607,0,-1,-1,-1,-1,True,-1,-1,-1,-1,-1.0,-1
2608,0,1,3,4,34,True,84,7,129,1921,19.21,0
2609,0,1,3,4,7,False,206,13,211,3539,35.39,0
2610,0,1,3,4,27,True,206,13,191,3519,35.19,0
2611,0,1,3,4,32,False,97,4,16,1040,10.4,0
2612,0,1,3,4,19,True,208,14,95,3679,36.79,0
2613,0,1,3,4,12,False,110,8,252,2300,23.0,0
2614,0,1,3,4,11,False,109,6,226,1762,17.62,0
2615,0,1,3,4,23,True,109,6,202,1738,17.38,0
2616,0,1,3,4,14,False,227,13,0,3328,33.28,134217728
2617,0,-1,-1,-1,-1,True,-1,-1,-1,-1,-1.0,-1
2618,0,-1,-1,-1,-1,True,-1,-1,-1,-1,-1.0,-1
2619,0,-1,-1,-1,-1,True,-1,-1,-1,-1,-1.0,-1
2620,0,-1,-1,-1,-1,True,-1,-1,-1,-1,-1.0,-1
2621,0,-1,-1,-1,-1,True,-1,-1,-1,-1,-1.0,-1
2622,0,1,28,3,13,False,13,12,93,3165,31.65,0
2623,0,-1,-1,-1,-1,True,-1,-1,-1,-1,-1.0,-1
2624,0,1,3,4,23,True,59,12,74,3146,31.46,0
2625,0,1,3,4,19,False,71,1,42,298,2.98,0
2626,0,1,3,4,29,True,71,1,23,279,2.79,0
2627,0,1,3,4,15,False,112,1,251,507,5.07,0
2628,0,1,3,4,15,True,177,1,229,485,4.85,0
2629,0,1,3,4,26,False,10,6,244,1780,17.8,0
2630,0,1,3,4,22,True,36,6,222,1758,17.58,0
2631,0,1,3,4,18,False,221,10,206,2766,27.66,0
2632,0,1,3,4,27,True,221,10,185,2745,27.45,0
2633,0,1,3,4,23,False,177,10,124,2684,26.84,0
2634,0,1,3,4,16,True,147,10,103,2663,26.63,0
2635,0,1,3,4,28,False,18,12,210,3282,32.82,0
2636,0,1,3,4,9,True,134,12,189,3261,32.61,0
2637,0,1,3,4,11,False,88,13,0,3328,33.28,173
2638,0,-1,-1,-1,-1,True,-1,-1,-1,-1,-1.0,-1
2639,0,1,3,4,28,False,239,9,196,2500,25.0,0
2640,0,1,3,4,24,True,239,9,172,2476,24.76,0
2641,0,1,3,4,20,False,114,0,127,127,1.27,0
2642,0,1,3,4,21,False,20,12,233,3305,33.05,8123648
2643,0,-1,-1,-1,-1,True,-1,-1,-1,-1,-1.0,-1
2644,0,-1,-1,-1,-1,True,-1,-1,-1,-1,-1.0,-1
2645,0,-1,-1,-1,-1,True,-1,-1,-1,-1,-1.0,-1
2646,0,1,3,4,19,True,64,14,103,3687,36.87,0
2647,0,1,3,4,26,True,130,13,134,3462,34.62,0
2648,0,1,3,4,22,False,29,7,66,1858,18.58,0
2649,0,1,3,4,34,True,29,7,42,1834,18.34,0
2650,0,1,3,4,32,False,48,2,121,633,6.33,0
2651,0,1,3,4,25,True,48,2,98,610,6.1,0
2652,0,1,3,4,28,False,224,5,248,1528,15.28,0
2653,0,1,3,4,6,True,224,5,225,1505,15.05,0
2654,0,1,3,4,26,False,0,6,79,1615,16.15,0
2655,0,1,3,4,26,True,0,6,62,1598,15.98,0
2656,0,1,3,4,2,False,82,2,156,668,6.68,0
2657,0,1,3,4,3,False,80,5,0,1280,12.8,233
2658,0,-1,-1,-1,-1,True,-1,-1,-1,-1,-1.0,-1
2659,0,1,3,4,16,True,228,0,217,217,2.17,0
2660,0,1,3,4,21,False,8,6,0,1536,15.36,167772160
2661,0,-1,-1,-1,-1,True,-1,-1,-1,-1,-1.0,-1
2662,0,-1,-1,-1,-1,True,-1,-1,-1,-1,-1.0,-1
2663,0,-1,-1,-1,-1,True,-1,-1,-1,-1,-1.0,-1
2664,0,-1,-1,-1,-1,True,-1,-1,-1,-1,-1.0,-1
2665,0,-1,-1,-1,-1,True,-1,-1,-1,-1,-1.0,-1
2666,0,1,3,4,19,False,80,14,226,3810,38.1,0
2667,0,1,3,4,24,True,80,14,206,3790,37.9,0
2668,0,1,3,4,19,False,45,2,255,767,7.67,0
2669,0,1,3,4,13,True,45,2,235,747,7.47,0
2670,0,1,3,4,18,False,120,12,195,3267,32.67,0
2671,0,1,3,4,22,True,93,12,172,3244,32.44,0
2672,0,1,3,4,21,False,143,9,5,2309,23.09,44
2673,0,-1,-1,-1,-1,True,-1,-1,-1,-1,-1.0,-1
2674,0,1,3,4,22,True,201,5,22,1302,13.02,0
2675,0,1,3,4,33,False,184,13,139,3467,34.67,0
2676,0,1,3,4,18,True,184,13,119,3447,34.47,0
2677,0,1,3,4,32,False,107,15,180,4020,40.2,0
2678,0,1,3,4,29,True,107,15,158,3998,39.98,0
2679,0,1,3,4,20,True,228,13,155,3483,34.83,0
2680,0,1,3,4,21,False,228,9,119,2423,24.23,0
2681,0,1,3,4,21,True,228,9,100,2404,24.04,0
2682,0,1,3,4,26,False,149,12,153,3225,32.25,0
2683,0,1,3,4,27,False,148,14,113,3697,36.97,0
2684,0,1,3,4,16,True,148,14,88,3672,36.72,0
2685,0,1,3,4,26,False,4,15,0,3840,38.4,167772160
2686,0,-1,-1,-1,-1,True,-1,-1,-1,-1,-1.0,-1
2687,0,-1,-1,-1,-1,True,-1,-1,-1,-1,-1.0,-1
2688,0,-1,-1,-1,-1,True,-1,-1,-1,-1,-1.0,-1
2689,0,1,1,4,5,True,110,15,221,4061,40.61,0
2690,0,1,3,4,24,False,56,6,90,1626,16.26,0
2691,0,1,1,4,29,False,110,14,8,3592,35.92,187
2692,0,-1,-1,-1,-1,True,-1,-1,-1,-1,-1.0,-1
2693,0,1,3,4,24,True,206,8,162,2210,22.1,0
2694,0,1,3,4,21,False,148,6,0,1536,15.36,100663296
2695,0,-1,-1,-1,-1,True,-1,-1,-1,-1,-1.0,-1
2696,0,-1,-1,-1,-1,True,-1,-1,-1,-1,-1.0,-1
2697,0,-1,-1,-1,-1,True,-1,-1,-1,-1,-1.0,-1
2698,0,-1,-1,-1,-1,True,-1,-1,-1,-1,-1.0,-1
2699,0,-1,-1,-1,-1,True,-1,-1,-1,-1,-1.0,-1
2700,0,1,3,4,23,True,17,9,7,2311,23.11,0
2701,0,1,3,4,32,False,251,9,120,2424,24.24,0
2702,0,1,3,4,16,False,130,9,252,2556,25.56,0
2703,0,1,3,4,30,True,129,9,230,2534,25.34,0
2704,0,1,3,4,15,False,128,8,153,2201,22.01,0
2705,0,1,3,4,32,True,128,8,135,2183,21.83,0
2706,0,1,3,4,30,False,196,12,125,3197,31.97,0
2707,0,1,3,4,29,False,196,2,57,569,5.69,0
2708,0,1,3,4,31,False,196,2,167,679,6.79,0
2709,0,1,3,4,18,True,14,10,0,2560,25.6,167772160
2710,0,-1,-1,-1,-1,True,-1,-1,-1,-1,-1.0,-1
2711,0,51,0,0,0,False,0,0,10,10,0.1,1804344321
2712,0,-1,-1,-1,-1,True,-1,-1,-1,-1,-1.0,-1
2713,0,-1,-1,-1,-1,True,-1,-1,-1,-1,-1.0,-1
2714,0,1,3,4,30,False,174,7,143,1935,19.35,0
2715,0,1,3,4,15,True,174,7,119,1911,19.11,0
2716,0,1,3,4,11,False,3,6,221,1757,17.57,0
2717,0,1,3,4,25,True,3,0,21,21,0.21,47367
2718,0,-1,-1,-1,-1,True,-1,-1,-1,-1,-1.0,-1
2719,0,-1,-1,-1,-1,True,-1,-1,-1,-1,-1.0,-1
2720,0,1,3,4,17,False,223,10,177,2737,27.37,0
2721,0,1,3,4,18,False,222,14,232,3816,38.16,0
2722,0,1,3,4,19,True,223,5,14,1294,12.94,120
2723,0,-1,-1,-1,-1,True,-1,-1,-1,-1,-1.0,-1
2724,0,1,3,4,24,True,133,14,98,3682,36.82,0
2725,0,1,3,4,11,False,75,14,218,3802,38.02,0
2726,0,1,3,4,10,True,75,12,39,3111,31.11,0
2727,0,1,3,4,13,True,95,12,16,3088,30.88,0
2728,0,1,3,4,14,False,113,6,228,1764,17.64,0
2729,0,1,3,4,28,True,113,6,205,1741,17.41,0
2730,0,1,3,4,31,False,164,9,214,2518,25.18,0
2731,0,1,3,4,27,True,164,9,194,2498,24.98,0
2732,0,1,3,4,13,False,63,9,200,2504,25.04,0
2733,0,1,3,4,24,True,63,9,179,2483,24.83,0
2734,0,1,3,4,2,False,176,0,81,81,0.81,0
2735,0,1,3,4,29,True,27,0,61,61,0.61,0
2736,0,1,3,4,25,False,155,13,118,3446,34.46,15
2737,0,-1,-1,-1,-1,True,-1,-1,-1,-1,-1.0,-1
2738,0,1,26,6,28,False,155,6,15,1551,15.51,7360
2739,0,1,1,4,33,False,246,7,82,1874,18.74,0
2740,0,1,2,1,43,False,0,0,0,0,0.0,0
2741,0,1,1,4,17,True,246,7,60,1852,18.52,0
2742,0,1,1,1,16,True,0,0,0,0,0.0,0
2743,0,1,3,4,28,True,132,13,219,3547,35.47,0
2744,0,1,3,4,27,False,135,9,44,2348,23.48,0
2745,0,1,3,4,24,True,221,9,19,2323,23.23,0
2746,0,1,3,4,15,False,39,14,137,3721,37.21,0
2747,0,1,3,4,23,True,38,14,114,3698,36.98,0
2748,0,1,3,4,24,False,22,11,12,2828,28.28,0
2749,0,1,3,4,29,True,22,10,247,2807,28.07,0
2750,0,1,3,4,24,False,113,4,7,1031,10.31,147
2751,0,-1,-1,-1,-1,True,-1,-1,-1,-1,-1.0,-1
2752,0,1,3,4,7,False,123,8,37,2085,20.85,0
2753,0,1,3,4,30,True,123,8,16,2064,20.64,0
2754,0,1,3,4,23,False,88,12,223,3295,32.95,0
2755,0,1,3,4,22,True,88,12,199,3271,32.71,0
2756,0,1,1,4,17,False,54,3,178,946,9.46,0
2757,0,1,3,4,0,False,212,6,68,1604,16.04,0
2758,0,1,1,4,25,True,54,3,161,929,9.29,0
2759,0,1,3,4,22,True,212,4,79,1103,11.03,0
2760,0,1,3,4,39,True,3,8,28,2076,20.76,0
2761,0,1,20,2,39,True,11,12,0,3072,30.72,0
2762,0,-1,-1,-1,-1,True,-1,-1,-1,-1,-1.0,-1
2763,0,1,3,4,0,False,0,8,152,2200,22.0,0
2764,0,1,3,4,18,True,0,8,130,2178,21.78,0
2765,0,1,3,4,33,False,68,14,22,3606,36.06,0
2766,0,1,3,4,6,True,68,14,2,3586,35.86,0
2767,0,1,3,4,17,False,23,8,179,2227,22.27,0
2768,0,1,3,4,26,False,68,9,148,2452,24.52,0
2769,0,1,3,4,28,True,68,9,127,2431,24.31,0
2770,0,1,3,4,13,False,38,13,61,3389,33.89,0
2771,0,1,3,4,9,True,215,6,163,1699,16.99,0
2772,0,1,3,4,12,True,187,9,242,2546,25.46,0
2773,0,1,3,4,27,False,186,0,84,84,0.84,0
2774,0,1,3,4,11,True,186,14,193,3777,37.77,0
2775,0,1,3,4,26,True,206,14,170,3754,37.54,0
2776,0,1,3,4,6,False,242,15,191,4031,40.31,0
2777,0,1,3,4,19,True,242,15,170,4010,40.1,0
2778,0,1,3,4,25,False,191,7,213,2005,20.05,15
2779,0,-1,-1,-1,-1,True,-1,-1,-1,-1,-1.0,-1
2780,0,1,0,7,28,False,155,5,14,1294,12.94,1973490
2781,0,1,8,6,13,False,54,5,0,1280,12.8,40
2782,0,-1,-1,-1,-1,True,-1,-1,-1,-1,-1.0,-1
2783,0,-1,-1,-1,-1,True,-1,-1,-1,-1,-1.0,-1
2784,0,-1,-1,-1,-1,True,-1,-1,-1,-1,-1.0,-1
2785,0,-1,-1,-1,-1,True,-1,-1,-1,-1,-1.0,-1
2786,0,-1,-1,-1,-1,True,-1,-1,-1,-1,-1.0,-1
2787,0,-1,-1,-1,-1,True,-1,-1,-1,-1,-1.0,-1
2788,0,1,3,4,12,False,8,12,0,3072,30.72,167772160
2789,0,-1,-1,-1,-1,True,-1,-1,-1,-1,-1.0,-1
2790,0,86,0,0,0,False,0,0,10,10,0.1,1
2791,0,56,0,0,0,False,0,0,10,10,0.1,2055674881
2792,0,-1,-1,-1,-1,True,-1,-1,-1,-1,-1.0,-1
2793,0,-1,-1,-1,-1,True,-1,-1,-1,-1,-1.0,-1
2794,0,-1,-1,-1,-1,True,-1,-1,-1,-1,-1.0,-1
2795,0,-1,-1,-1,-1,True,-1,-1,-1,-1,-1.0,-1
2796,0,1,3,4,16,False,129,2,6,518,5.18,124
2797,0,-1,-1,-1,-1,True,-1,-1,-1,-1,-1.0,-1
2798,0,1,3,4,34,True,194,6,100,1636,16.36,0
2799,0,1,3,4,18,False,22,0,11,11,0.11,44
2800,0,-1,-1,-1,-1,True,-1,-1,-1,-1,-1.0,-1
2801,0,1,3,4,24,True,240,11,22,2838,28.38,0
2802,0,1,3,4,23,False,126,3,65,833,8.33,0
2803,0,1,3,4,23,True,126,3,46,814,8.14,0
2804,0,1,3,4,15,False,83,0,33,33,0.33,0
2805,0,1,3,4,23,True,199,0,10,10,0.1,0
2806,0,1,3,4,12,False,165,6,46,1582,15.82,0
2807,0,1,3,4,30,True,8,6,25,1561,15.61,0
2808,0,1,3,4,18,False,35,10,12,2572,25.72,0
2809,0,1,3,4,27,True,35,9,247,2551,25.51,0
2810,0,1,3,4,18,False,223,9,98,2402,24.02,0
2811,0,1,3,4,27,True,158,9,76,2380,23.8,0
2812,0,1,3,4,30,False,129,14,72,3656,36.56,0
2813,0,1,3,4,30,True,129,14,52,3636,36.36,0
2814,0,1,3,4,30,False,52,14,123,3707,37.07,0
2815,0,1,3,4,18,True,52,14,101,3685,36.85,0
2816,0,1,3,4,21,False,77,2,224,736,7.36,0
2817,0,1,3,4,17,True,77,2,200,712,7.12,0
2818,0,1,3,4,19,False,226,12,40,3112,31.12,0
2819,0,1,3,4,19,True,226,12,24,3096,30.96,0
2820,0,1,3,4,27,False,252,4,94,1118,11.18,0
2821,0,1,3,4,29,True,252,4,70,1094,10.94,0
2822,0,1,3,4,23,False,86,15,0,3840,38.4,167772160
2823,0,-1,-1,-1,-1,True,-1,-1,-1,-1,-1.0,-1
2824,0,49,1,7,61,True,0,0,0,0,0.0,0
2825,0,1,3,4,14,True,27,7,38,1830,18.3,0
2826,0,1,3,4,16,False,40,12,117,3189,31.89,0
2827,0,1,3,4,9,True,40,12,94,3166,31.66,0
2828,0,1,3,4,24,False,201,9,156,2460,24.6,0
2829,0,1,3,4,33,True,201,9,136,2440,24.4,0
2830,0,1,3,4,27,False,61,0,238,238,2.38,0
2831,0,1,3,4,28,True,61,0,214,214,2.14,0
2832,0,1,3,4,16,False,184,10,22,2582,25.82,0
2833,0,1,3,4,20,True,184,9,254,2558,25.58,0
2834,0,1,3,4,21,False,243,8,117,2165,21.65,37120
2835,0,-1,-1,-1,-1,True,-1,-1,-1,-1,-1.0,-1
2836,0,-1,-1,-1,-1,True,-1,-1,-1,-1,-1.0,-1
2837,0,1,3,4,29,True,117,4,7,1031,10.31,255
2838,0,-1,-1,-1,-1,True,-1,-1,-1,-1,-1.0,-1
2839,0,1,3,4,18,False,244,13,128,3456,34.56,0
2840,0,1,3,4,27,True,10,4,0,1024,10.24,167772160
2841,0,-1,-1,-1,-1,True,-1,-1,-1,-1,-1.0,-1
2842,0,226,1,2,57,True,0,0,0,0,0.0,469830144
2843,0,1,21,7,5,False,25,12,161,3233,32.33,198063
2844,0,1,3,4,7,False,168,14,1,3585,35.85,0
2845,0,1,3,4,8,False,168,4,47,1071,10.71,0
2846,0,1,1,4,30,False,70,1,35,291,2.91,0
2847,0,1,3,4,25,True,168,12,124,3196,31.96,0
2848,0,1,3,4,24,False,136,5,198,1478,14.78,0
2849,0,1,3,4,25,False,135,9,175,2479,24.79,0
2850,0,1,3,4,23,True,9,5,0,1280,12.8,167772160
2851,0,-1,-1,-1,-1,True,-1,-1,-1,-1,-1.0,-1
2852,0,224,0,0,0,False,0,0,10,10,0.1,1448961
2853,0,-1,-1,-1,-1,True,-1,-1,-1,-1,-1.0,-1
2854,0,-1,-1,-1,-1,True,-1,-1,-1,-1,-1.0,-1
2855,0,-1,-1,-1,-1,True,-1,-1,-1,-1,-1.0,-1
2856,0,-1,-1,-1,-1,True,-1,-1,-1,-1,-1.0,-1
2857,0,-1,-1,-1,-1,True,-1,-1,-1,-1,-1.0,-1
2858,0,1,3,4,25,True,171,0,234,234,2.34,0
2859,0,1,3,4,7,False,59,1,99,355,3.55,0
2860,0,1,3,4,28,True,191,1,75,331,3.31,0
2861,0,1,3,4,29,True,190,6,15,1551,15.51,213
2862,0,-1,-1,-1,-1,True,-1,-1,-1,-1,-1.0,-1
2863,0,1,3,4,30,True,214,15,189,4029,40.29,0
2864,0,1,3,4,31,False,118,8,227,2275,22.75,0
2865,0,1,3,4,17,True,118,8,202,2250,22.5,0
2866,0,1,1,4,18,False,121,1,190,446,4.46,0
2867,0,1,3,4,18,False,186,6,48,1584,15.84,0
2868,0,1,3,4,26,True,192,15,194,4034,40.34,0
2869,0,1,1,4,11,True,224,6,28,1564,15.64,0
2870,0,1,3,4,21,True,10,4,0,1024,10.24,167772160
2871,0,-1,-1,-1,-1,True,-1,-1,-1,-1,-1.0,-1
2872,0,210,0,3,38,False,0,0,0,0,0.0,469830144
2873,0,-1,-1,-1,-1,True,-1,-1,-1,-1,-1.0,-1
2874,0,-1,-1,-1,-1,True,-1,-1,-1,-1,-1.0,-1
2875,0,-1,-1,-1,-1,True,-1,-1,-1,-1,-1.0,-1
2876,0,-1,-1,-1,-1,True,-1,-1,-1,-1,-1.0,-1
2877,0,1,3,4,31,False,105,0,5,5,0.05,0
2878,0,1,3,4,25,True,105,15,62,3902,39.02,0
2879,0,1,3,4,11,False,155,8,243,2291,22.91,0
2880,0,1,3,4,28,True,155,8,221,2269,22.69,0
2881,0,1,3,4,16,False,116,14,82,3666,36.66,0
2882,0,1,3,4,25,True,116,14,58,3642,36.42,0
2883,0,1,3,4,11,False,220,2,183,695,6.95,0
2884,0,1,3,4,12,False,220,7,64,1856,18.56,0
2885,0,1,3,4,24,True,220,7,42,1834,18.34,0
2886,0,1,3,4,27,True,220,2,161,673,6.73,0
2887,0,1,3,4,29,False,26,13,48,3376,33.76,0
2888,0,1,3,4,33,True,26,11,229,3045,30.45,0
2889,0,1,3,4,33,False,110,12,185,3257,32.57,0
2890,0,1,3,4,31,True,110,12,166,3238,32.38,0
2891,0,1,3,4,31,False,103,7,44,1836,18.36,0
2892,0,1,3,4,20,True,103,7,23,1815,18.15,0
2893,0,1,3,4,30,False,87,10,96,2656,26.56,0
2894,0,1,3,4,19,True,87,10,74,2634,26.34,0
2895,0,1,3,4,23,False,60,2,211,723,7.23,0
2896,0,1,3,4,29,True,60,2,190,702,7.02,0
2897,0,1,3,4,8,False,67,11,221,3037,30.37,0
2898,0,1,3,4,18,True,66,11,199,3015,30.15,0
2899,0,1,3,4,10,False,163,14,28,3612,36.12,0
2900,0,1,3,4,31,True,163,13,67,3395,33.95,0
2901,0,1,1,4,34,True,158,14,233,3817,38.17,0
2902,0,1,3,4,20,True,115,3,37,805,8.05,0
2903,0,1,3,4,13,False,149,12,138,3210,32.1,0
2904,0,1,30,0,0,False,0,0,0,0,0.0,0
2905,0,1,1,5,0,True,27,12,10,3082,30.82,185
2906,0,1,3,4,31,True,124,10,161,2721,27.21,0
2907,0,1,3,4,31,False,5,13,165,3493,34.93,0
2908,0,1,3,4,11,True,5,13,144,3472,34.72,0
2909,0,1,3,4,14,False,149,15,114,3954,39.54,0
2910,0,1,3,4,21,True,149,0,43,43,0.43,0
2911,0,1,3,4,21,True,175,0,24,24,0.24,0
2912,0,1,3,4,22,True,176,14,133,3717,37.17,0
2913,0,1,3,4,19,False,233,13,129,3457,34.57,0
2914,0,1,3,4,14,True,233,13,108,3436,34.36,0
2915,0,1,3,4,27,False,21,3,251,1019,10.19,0
2916,0,1,3,4,26,True,21,3,225,993,9.93,0
2917,0,1,3,4,19,False,219,11,161,2977,29.77,0
2918,0,1,3,4,10,True,219,11,140,2956,29.56,0
2919,0,1,3,4,26,False,232,12,215,3287,32.87,0
2920,0,1,3,4,9,True,232,2,4,516,5.16,108
2921,0,-1,-1,-1,-1,True,-1,-1,-1,-1,-1.0,-1
2922,0,1,3,4,25,False,209,13,136,3464,34.64,0
2923,0,1,3,4,34,True,209,13,114,3442,34.42,0
2924,0,1,3,4,30,False,89,11,76,2892,28.92,0
2925,0,1,3,4,20,True,89,11,52,2868,28.68,0
2926,0,1,3,4,27,False,88,4,102,1126,11.26,0
2927,0,1,3,4,13,True,23,1,45,301,3.01,0
2928,0,1,3,4,3,False,134,7,86,1878,18.78,0
2929,0,1,3,4,12,True,134,7,64,1856,18.56,0
2930,0,1,3,4,0,False,2,12,178,3250,32.5,0
2931,0,1,3,4,34,True,2,12,153,3225,32.25,0
2932,0,1,3,4,19,False,142,8,28,2076,20.76,0
2933,0,1,3,4,17,False,140,14,51,3635,36.35,0
2934,0,1,3,4,19,True,142,8,12,2060,20.6,0
2935,0,1,3,4,20,True,140,14,29,3613,36.13,0
2936,0,1,3,4,25,False,205,1,158,414,4.14,0
2937,0,1,3,4,26,False,205,14,254,3838,38.38,0
2938,0,1,3,4,33,True,205,1,137,393,3.93,0
2939,0,1,3,4,34,True,205,14,231,3815,38.15,0
2940,0,1,3,4,10,False,118,0,159,159,1.59,0
2941,0,1,3,4,34,True,118,0,135,135,1.35,0
2942,0,1,3,4,33,False,65,11,123,2939,29.39,0
2943,0,1,3,4,18,True,65,11,102,2918,29.18,0
2944,0,1,3,4,24,False,40,1,243,499,4.99,0
2945,0,1,3,4,6,True,40,1,220,476,4.76,0
2946,0,1,3,4,24,False,200,3,43,811,8.11,0
2947,0,1,3,4,28,False,85,1,46,302,3.02,0
2948,0,1,3,4,26,False,172,6,49,1585,15.85,0
2949,0,1,3,4,24,True,207,4,126,1150,11.5,0
2950,0,1,3,4,18,False,10,9,229,2533,25.33,0
2951,0,1,3,4,31,True,10,9,210,2514,25.14,0
2952,0,1,3,4,21,False,253,3,237,1005,10.05,0
2953,0,1,3,4,29,True,253,3,216,984,9.84,0
2954,0,1,3,4,19,True,159,9,83,2387,23.87,0
2955,0,1,3,4,18,False,158,0,89,89,0.89,0
2956,0,1,3,4,18,True,158,1,0,256,2.56,36
2957,0,-1,-1,-1,-1,True,-1,-1,-1,-1,-1.0,-1
2958,0,1,1,4,23,True,9,12,206,3278,32.78,0
2959,0,1,3,4,7,True,190,12,189,3261,32.61,0
2960,0,1,3,4,18,False,2,8,28,2076,20.76,0
2961,0,1,19,3,18,False,2,4,0,1024,10.24,0
2962,0,1,3,4,28,False,4,14,0,3584,35.84,167772160
2963,0,-1,-1,-1,-1,True,-1,-1,-1,-1,-1.0,-1
2964,0,33,0,0,0,False,0,0,10,10,0.1,859137
2965,0,72,0,0,0,False,0,0,10,10,0.1,3348962305
2966,0,-1,-1,-1,-1,True,-1,-1,-1,-1,-1.0,-1
2967,0,-1,-1,-1,-1,True,-1,-1,-1,-1,-1.0,-1
2968,0,-1,-1,-1,-1,True,-1,-1,-1,-1,-1.0,-1
2969,0,-1,-1,-1,-1,True,-1,-1,-1,-1,-1.0,-1
2970,0,1,3,4,29,False,255,14,191,3775,37.75,0
2971,0,1,3,4,28,True,255,14,169,3753,37.53,0
2972,0,1,3,4,25,False,31,7,107,1899,18.99,0
2973,0,1,3,4,27,False,3,8,0,2048,20.48,167772160
2974,0,-1,-1,-1,-1,True,-1,-1,-1,-1,-1.0,-1
2975,0,-1,-1,-1,-1,True,-1,-1,-1,-1,-1.0,-1
2976,0,-1,-1,-1,-1,True,-1,-1,-1,-1,-1.0,-1
2977,0,-1,-1,-1,-1,True,-1,-1,-1,-1,-1.0,-1
2978,0,1,3,4,1,False,147,14,204,3788,37.88,0
2979,0,1,3,4,26,True,147,14,182,3766,37.66,0
2980,0,1,3,4,10,False,164,5,96,1376,13.76,0
2981,0,1,1,4,31,False,84,0,37,37,0.37,0
2982,0,1,3,4,27,True,164,5,72,1352,13.52,0
2983,0,1,1,4,34,True,84,0,16,16,0.16,0
2984,0,1,3,4,24,False,85,14,238,3822,38.22,0
2985,0,1,3,4,4,False,80,7,235,2027,20.27,0
2986,0,1,3,4,5,False,80,1,173,429,4.29,0
2987,0,1,3,4,34,True,80,1,156,412,4.12,0
2988,0,1,3,4,0,False,82,11,78,2894,28.94,0
2989,0,1,3,4,34,True,81,11,54,2870,28.7,0
2990,0,1,3,4,32,False,106,15,210,4050,40.5,0
2991,0,1,3,4,19,True,106,15,188,4028,40.28,0
2992,0,1,3,4,20,False,20,4,16,1040,10.4,0
2993,0,1,3,4,14,True,20,3,248,1016,10.16,0
2994,0,1,3,4,29,False,84,7,225,2017,20.17,0
2995,0,1,3,4,27,False,83,1,221,477,4.77,0
2996,0,1,3,4,31,True,83,6,0,1536,15.36,16
2997,0,-1,-1,-1,-1,True,-1,-1,-1,-1,-1.0,-1
2998,0,1,3,4,16,False,234,12,77,3149,31.49,0
2999,0,1,3,4,14,True,234,12,52,3124,31.24,0
3000,0,1,3,4,20,False,35,12,189,3261,32.61,0
3001,0,1,3,4,33,True,35,12,166,3238,32.38,0
3002,0,1,3,4,19,False,0,3,78,846,8.46,0
3003,0,1,3,4,27,True,12,7,0,1792,17.92,167772160
3004,0,-1,-1,-1,-1,True,-1,-1,-1,-1,-1.0,-1
3005,0,16,0,0,0,False,0,0,10,10,0.1,2703170561
3006,0,-1,-1,-1,-1,True,-1,-1,-1,-1,-1.0,-1
3007,0,-1,-1,-1,-1,True,-1,-1,-1,-1,-1.0,-1
3008,0,-1,-1,-1,-1,True,-1,-1,-1,-1,-1.0,-1
3009,0,-1,-1,-1,-1,True,-1,-1,-1,-1,-1.0,-1
3010,0,1,3,4,17,True,161,4,184,1208,12.08,0
3011,0,1,3,4,30,False,91,3,1,769,7.69,0
3012,0,1,3,4,24,True,154,2,232,744,7.44,0
3013,0,1,3,4,20,False,170,7,140,1932,19.32,0
3014,0,1,3,4,34,True,170,7,114,1906,19.06,0
3015,0,1,3,4,18,False,42,15,0,3840,38.4,16
3016,0,-1,-1,-1,-1,True,-1,-1,-1,-1,-1.0,-1
3017,0,1,3,4,6,True,159,15,252,4092,40.92,0
3018,0,1,3,4,22,False,14,15,0,3840,38.4,167772160
3019,0,-1,-1,-1,-1,True,-1,-1,-1,-1,-1.0,-1
3020,0,-1,-1,-1,-1,True,-1,-1,-1,-1,-1.0,-1
3021,0,-1,-1,-1,-1,True,-1,-1,-1,-1,-1.0,-1
3022,0,-1,-1,-1,-1,True,-1,-1,-1,-1,-1.0,-1
3023,0,-1,-1,-1,-1,True,-1,-1,-1,-1,-1.0,-1
3024,0,1,3,4,13,True,128,8,7,2055,20.55,10
3025,0,-1,-1,-1,-1,True,-1,-1,-1,-1,-1.0,-1
3026,0,1,3,4,16,False,76,4,167,1191,11.91,0
3027,0,1,3,4,17,False,76,11,220,3036,30.36,0
3028,0,1,3,4,28,True,76,4,14,1038,10.38,192
3029,0,-1,-1,-1,-1,True,-1,-1,-1,-1,-1.0,-1
3030,0,1,3,4,20,True,228,0,132,132,1.32,0
3031,0,1,3,4,0,False,237,1,236,492,4.92,0
3032,0,1,3,4,34,True,237,1,212,468,4.68,0
3033,0,1,3,4,33,False,217,3,178,946,9.46,0
3034,0,1,3,4,23,True,217,3,157,925,9.25,0
3035,0,1,3,4,25,False,188,6,249,1785,17.85,0
3036,0,1,3,4,27,False,186,1,202,458,4.58,0
3037,0,1,3,4,18,True,68,1,80,336,3.36,0
3038,0,1,3,4,20,True,68,1,55,311,3.11,0
3039,0,1,3,4,29,False,128,5,59,1339,13.39,0
3040,0,1,3,4,28,True,203,5,36,1316,13.16,0
3041,0,1,3,4,15,False,175,8,187,2235,22.35,0
3042,0,1,3,4,24,True,175,8,165,2213,22.13,0
3043,0,1,3,4,28,False,60,14,69,3653,36.53,0
3044,0,1,2,4,22,False,23,1,187,443,4.43,0
3045,0,1,3,4,28,False,116,11,53,2869,28.69,0
3046,0,1,3,4,18,True,116,11,30,2846,28.46,0
3047,0,1,3,4,32,False,167,14,131,3715,37.15,0
3048,0,1,3,4,24,True,167,14,15,3599,35.99,109
3049,0,-1,-1,-1,-1,True,-1,-1,-1,-1,-1.0,-1
3050,0,1,3,4,33,True,30,15,89,3929,39.29,0
3051,0,1,3,4,34,True,30,14,33,3617,36.17,0
3052,0,1,3,4,12,False,254,1,207,463,4.63,0
3053,0,1,3,4,28,True,254,1,187,443,4.43,0
3054,0,1,3,4,31,False,134,9,155,2459,24.59,0
3055,0,1,3,4,8,True,106,13,146,3474,34.74,0
3056,0,1,3,4,19,False,129,9,13,2317,23.17,0
3057,0,1,3,4,19,True,129,8,253,2301,23.01,0
3058,0,1,3,4,29,False,100,3,111,879,8.79,0
3059,0,1,3,4,18,True,100,3,88,856,8.56,0
3060,0,1,3,4,29,False,146,11,152,2968,29.68,0
3061,0,1,3,4,10,True,146,11,129,2945,29.45,0
3062,0,1,3,4,15,False,48,0,129,129,1.29,0
3063,0,1,3,4,22,True,5,13,34,3362,33.62,0
3064,0,1,3,4,32,False,107,3,32,800,8.0,0
3065,0,1,3,4,10,True,106,3,9,777,7.77,0
3066,0,1,3,4,31,False,255,11,197,3013,30.13,0
3067,0,1,3,4,7,True,72,15,217,4057,40.57,0
3068,0,1,3,4,14,False,28,0,43,43,0.43,0
3069,0,1,3,4,31,True,28,0,21,21,0.21,0
3070,0,1,3,4,8,False,112,8,3,2051,20.51,0
3071,0,1,3,4,25,True,4,9,4,2308,23.08,15371
3072,0,-1,-1,-1,-1,True,-1,-1,-1,-1,-1.0,-1
3073,0,-1,-1,-1,-1,True,-1,-1,-1,-1,-1.0,-1
3074,0,1,3,4,19,True,4,2,60,572,5.72,0
3075,0,1,3,4,58,False,4,8,32,2080,20.8,0
3076,0,1,3,2,22,True,4,0,0,0,0.0,0
3077,0,1,3,6,32,False,8,11,0,2816,28.16,167772160
3078,0,135,0,0,0,False,0,0,10,10,0.1,3969195009
3079,0,-1,-1,-1,-1,True,-1,-1,-1,-1,-1.0,-1
3080,0,-1,-1,-1,-1,True,-1,-1,-1,-1,-1.0,-1
3081,0,-1,-1,-1,-1,True,-1,-1,-1,-1,-1.0,-1
3082,0,-1,-1,-1,-1,True,-1,-1,-1,-1,-1.0,-1
3083,0,1,3,4,7,False,227,0,213,213,2.13,0
3084,0,1,3,4,0,False,191,12,25,3097,30.97,0
3085,0,1,14,7,9,False,42,12,145,3217,32.17,1247607
3086,0,1,3,4,19,False,2,5,200,1480,14.8,0
3087,0,1,3,4,17,True,2,5,179,1459,14.59,0
3088,0,1,3,4,32,False,249,4,216,1240,12.4,0
3089,0,1,3,4,22,True,249,4,193,1217,12.17,0
3090,0,1,3,4,22,False,13,4,0,1024,10.24,167772160
3091,0,-1,-1,-1,-1,True,-1,-1,-1,-1,-1.0,-1
3092,0,94,1,0,16,False,0,0,0,0,0.0,0
3093,0,1,3,4,28,True,94,8,61,2109,21.09,0
3094,0,1,3,4,30,False,240,14,247,3831,38.31,0
3095,0,1,1,4,28,False,6,3,28,796,7.96,0
3096,0,1,0,5,25,False,11,10,28,2588,25.88,148
3097,0,1,3,1,11,False,0,0,0,0,0.0,0
3098,0,1,8,6,28,False,17,12,5,3077,30.77,7197
3099,0,1,19,3,44,True,5,8,0,2048,20.48,0
3100,0,1,3,4,13,False,80,0,219,219,2.19,0
3101,0,1,3,4,14,False,15,15,0,3840,38.4,167772160
3102,0,-1,-1,-1,-1,True,-1,-1,-1,-1,-1.0,-1
3103,0,85,0,0,0,False,0,0,10,10,0.1,706485249
3104,0,-1,-1,-1,-1,True,-1,-1,-1,-1,-1.0,-1
3105,0,1,3,4,23,True,42,7,42,1834,18.34,0
3106,0,1,3,4,10,False,156,15,23,3863,38.63,0
3107,0,1,3,4,23,True,156,14,255,3839,38.39,0
3108,0,1,3,4,19,False,198,14,57,3641,36.41,0
3109,0,1,3,4,33,True,198,14,39,3623,36.23,0
3110,0,1,3,4,1,False,165,6,112,1648,16.48,0
3111,0,1,3,4,14,True,165,6,88,1624,16.24,0
3112,0,1,3,4,21,False,45,0,124,124,1.24,0
3113,0,1,3,4,33,True,74,0,108,108,1.08,0
3114,0,1,3,4,20,False,101,15,14,3854,38.54,177
3115,0,-1,-1,-1,-1,True,-1,-1,-1,-1,-1.0,-1
3116,0,1,3,4,21,True,15,14,154,3738,37.38,0
3117,0,1,3,4,31,False,119,11,221,3037,30.37,0
3118,0,1,3,4,28,True,119,11,201,3017,30.17,0
3119,0,1,3,4,32,False,59,10,146,2706,27.06,0
3120,0,1,3,4,34,True,59,10,122,2682,26.82,0
3121,0,1,3,4,32,False,71,1,20,276,2.76,0
3122,0,1,3,4,20,True,71,0,255,255,2.55,0
3123,0,1,3,4,0,False,13,13,0,3328,33.28,167772160
3124,0,-1,-1,-1,-1,True,-1,-1,-1,-1,-1.0,-1
3125,0,239,0,0,0,False,0,0,10,10,0.1,5121
3126,0,-1,-1,-1,-1,True,-1,-1,-1,-1,-1.0,-1
3127,0,-1,-1,-1,-1,True,-1,-1,-1,-1,-1.0,-1
3128,0,1,3,4,28,True,51,3,234,1002,10.02,0
3129,0,1,1,4,13,True,112,5,243,1523,15.23,0
3130,0,1,3,4,17,False,119,13,23,3351,33.51,0
3131,0,1,1,4,9,False,108,14,234,3818,38.18,0
3132,0,1,3,4,28,False,31,8,0,2048,20.48,0
3133,0,1,1,4,10,False,107,13,226,3554,35.54,0
3134,0,1,3,4,20,True,230,13,203,3531,35.31,0
3135,0,1,3,4,30,False,0,0,28,28,0.28,32
3136,0,-1,-1,-1,-1,True,-1,-1,-1,-1,-1.0,-1
3137,0,1,22,0,0,False,0,0,0,0,0.0,0
3138,0,1,0,3,22,True,28,0,0,0,0.0,0
3139,0,1,22,0,0,False,0,0,0,0,0.0,0
3140,0,1,0,3,0,True,28,3,0,768,7.68,0
3141,0,1,29,0,0,False,0,0,0,0,0.0,0
3142,0,1,0,4,40,True,28,11,232,3048,30.48,0
3143,0,1,0,4,19,True,28,12,198,3270,32.7,0
3144,0,1,1,4,48,False,28,14,198,3782,37.82,0
3145,0,1,1,4,25,False,28,1,83,339,3.39,0
3146,0,1,0,1,53,False,0,0,0,0,0.0,0
3147,0,1,3,4,23,True,83,1,32,288,2.88,0
3148,0,1,3,4,20,False,96,14,54,3638,36.38,0
3149,0,1,3,4,29,True,96,14,31,3615,36.15,0
3150,0,1,3,4,20,False,95,13,11,3339,33.39,128
3151,0,-1,-1,-1,-1,True,-1,-1,-1,-1,-1.0,-1
3152,0,1,3,4,34,True,157,11,103,2919,29.19,0
3153,0,1,3,4,31,False,11,11,101,2917,29.17,0
3154,0,1,3,4,27,True,11,11,80,2896,28.96,0
3155,0,1,3,4,19,False,238,11,79,2895,28.95,0
3156,0,1,3,4,17,True,45,8,208,2256,22.56,0
3157,0,1,3,4,5,False,155,1,126,382,3.82,0
3158,0,1,3,4,6,False,155,15,128,3968,39.68,0
3159,0,1,3,4,17,True,154,1,112,368,3.68,0
3160,0,1,3,4,17,False,227,15,107,3947,39.47,0
3161,0,1,3,4,24,True,227,15,86,3926,39.26,0
3162,0,1,3,4,31,False,178,0,16,16,0.16,0
3163,0,1,3,4,32,False,205,11,200,3016,30.16,0
3164,0,1,1,4,28,True,244,15,253,4093,40.93,0
3165,0,1,3,4,11,False,178,12,24,3096,30.96,0
3166,0,1,22,3,3,False,190,12,0,3072,30.72,0
3167,0,1,19,5,51,True,3,8,28,2076,20.76,25
3168,0,1,13,5,10,False,134,1,105,361,3.61,1850124
3169,0,-1,-1,-1,-1,True,-1,-1,-1,-1,-1.0,-1
3170,0,-1,-1,-1,-1,True,-1,-1,-1,-1,-1.0,-1
3171,0,1,20,0,0,False,0,0,0,0,0.0,0
3172,0,1,13,1,12,False,0,0,0,0,0.0,0
3173,0,1,5,0,0,False,0,0,0,0,0.0,0
3174,0,1,3,4,0,False,0,0,0,0,0.0,2668888330
3175,0,7,9,7,0,False,0,0,0,0,0.0,2400977162
3176,0,-1,-1,-1,-1,True,-1,-1,-1,-1,-1.0,-1
3177,0,-1,-1,-1,-1,True,-1,-1,-1,-1,-1.0,-1
3178,0,-1,-1,-1,-1,True,-1,-1,-1,-1,-1.0,-1
3179,0,1,3,4,11,True,110,11,55,2871,28.71,0
3180,0,1,3,4,19,True,12,11,248,3064,30.64,0
3181,0,1,3,4,6,False,12,2,53,565,5.65,0
3182,0,1,3,4,18,True,12,2,31,543,5.43,0
3183,0,1,3,4,16,False,54,15,86,3926,39.26,0
3184,0,1,3,4,17,False,54,9,72,2376,23.76,0
3185,0,1,3,4,21,True,54,5,28,1308,13.08,142
3186,0,-1,-1,-1,-1,True,-1,-1,-1,-1,-1.0,-1
3187,0,1,2,5,19,True,13,14,28,3612,36.12,135
3188,0,1,18,3,13,False,155,12,0,3072,30.72,0
3189,0,1,2,2,11,False,7,0,0,0,0.0,0
3190,0,1,26,6,28,False,160,10,7,2567,25.67,7364
3191,0,1,2,5,50,True,3,7,32,1824,18.24,0
3192,0,-1,-1,-1,-1,True,-1,-1,-1,-1,-1.0,-1
3193,0,80,0,0,0,False,0,0,10,10,0.1,4254866433
3194,0,-1,-1,-1,-1,True,-1,-1,-1,-1,-1.0,-1
3195,0,-1,-1,-1,-1,True,-1,-1,-1,-1,-1.0,-1
3196,0,-1,-1,-1,-1,True,-1,-1,-1,-1,-1.0,-1
3197,0,-1,-1,-1,-1,True,-1,-1,-1,-1,-1.0,-1
3198,0,1,3,4,31,False,122,14,253,3837,38.37,0
3199,0,1,3,4,18,True,122,5,72,1352,13.52,0
3200,0,1,3,4,11,False,4,0,122,122,1.22,0
3201,0,1,3,4,21,True,4,0,99,99,0.99,0
3202,0,1,3,4,2,False,72,0,9,9,0.09,0
3203,0,1,3,4,19,True,72,15,242,4082,40.82,0
3204,0,1,3,4,9,False,53,10,165,2725,27.25,0
3205,0,1,3,4,28,True,53,10,145,2705,27.05,0
3206,0,1,3,4,29,False,17,3,49,817,8.17,0
3207,0,1,3,4,15,True,17,3,26,794,7.94,0
3208,0,1,3,4,22,False,114,0,95,95,0.95,0
3209,0,1,3,4,24,True,114,13,25,3353,33.53,0
3210,0,1,2,4,20,False,253,1,250,506,5.06,0
3211,0,1,3,4,8,True,124,13,1,3329,33.29,0
3212,0,1,2,4,22,True,253,1,232,488,4.88,0
3213,0,1,3,4,28,False,82,4,7,1031,10.31,95
3214,0,-1,-1,-1,-1,True,-1,-1,-1,-1,-1.0,-1
3215,0,1,3,4,30,True,51,7,73,1865,18.65,0
3216,0,1,3,4,30,False,242,3,42,810,8.1,0
3217,0,1,3,4,25,True,242,3,18,786,7.86,0
3218,0,1,3,4,19,False,42,7,122,1914,19.14,0
3219,0,1,3,4,18,True,42,7,102,1894,18.94,0
3220,0,1,3,4,28,True,128,13,101,3429,34.29,0
3221,0,1,3,4,24,False,128,4,15,1039,10.39,62
3222,0,-1,-1,-1,-1,True,-1,-1,-1,-1,-1.0,-1
3223,0,1,3,4,25,False,201,10,153,2713,27.13,0
3224,0,1,1,4,23,True,68,15,42,3882,38.82,0
3225,0,1,3,4,21,False,231,2,66,578,5.78,0
3226,0,1,3,4,13,True,108,9,169,2473,24.73,0
3227,0,1,3,4,30,False,107,12,79,3151,31.51,0
3228,0,1,3,4,29,False,106,13,195,3523,35.23,0
3229,0,1,3,4,12,True,107,12,55,3127,31.27,0
3230,0,1,3,4,14,True,21,0,65,65,0.65,0
3231,0,1,3,4,18,False,193,14,71,3655,36.55,0
3232,0,1,3,4,19,True,193,14,51,3635,36.35,0
3233,0,1,3,4,21,False,154,15,236,4076,40.76,0
3234,0,1,3,4,25,True,154,15,213,4053,40.53,0
3235,0,1,3,4,22,False,224,12,232,3304,33.04,0
3236,0,1,3,4,23,False,14,14,0,3584,35.84,167772160
3237,0,-1,-1,-1,-1,True,-1,-1,-1,-1,-1.0,-1
3238,0,87,0,0,0,False,0,0,10,10,0.1,2341542913
3239,0,-1,-1,-1,-1,True,-1,-1,-1,-1,-1.0,-1
3240,0,-1,-1,-1,-1,True,-1,-1,-1,-1,-1.0,-1
3241,0,1,3,4,0,False,139,10,151,2711,27.11,0
3242,0,1,3,4,16,True,139,10,28,2588,25.88,0
3243,0,1,19,2,48,True,14,0,0,0,0.0,0
3244,0,1,24,6,28,False,26,6,15,1551,15.51,7401
3245,0,1,17,1,38,True,0,0,0,0,0.0,0
3246,0,100,0,0,0,False,0,0,10,10,0.1,765598721
3247,0,-1,-1,-1,-1,True,-1,-1,-1,-1,-1.0,-1
3248,0,-1,-1,-1,-1,True,-1,-1,-1,-1,-1.0,-1
3249,0,-1,-1,-1,-1,True,-1,-1,-1,-1,-1.0,-1
3250,0,-1,-1,-1,-1,True,-1,-1,-1,-1,-1.0,-1
3251,0,1,1,4,15,False,56,4,243,1267,12.67,0
3252,0,1,3,4,25,True,56,4,220,1244,12.44,0
3253,0,1,3,4,28,False,14,13,28,3356,33.56,0
3254,0,1,18,4,59,False,14,7,28,1820,18.2,0
3255,0,1,3,3,12,True,15,6,0,1536,15.36,0
3256,0,1,3,4,25,True,204,15,77,3917,39.17,0
3257,0,1,3,4,15,False,33,2,29,541,5.41,0
3258,0,1,3,4,24,True,33,2,7,519,5.19,0
3259,0,1,3,4,13,False,218,13,173,3501,35.01,0
3260,0,1,3,4,27,True,92,2,125,637,6.37,0
3261,0,1,3,4,16,True,92,2,103,615,6.15,0
3262,0,1,3,4,29,False,14,5,0,1280,12.8,167772160
3263,0,-1,-1,-1,-1,True,-1,-1,-1,-1,-1.0,-1
3264,0,-1,-1,-1,-1,True,-1,-1,-1,-1,-1.0,-1
3265,0,-1,-1,-1,-1,True,-1,-1,-1,-1,-1.0,-1
3266,0,-1,-1,-1,-1,True,-1,-1,-1,-1,-1.0,-1
3267,0,-1,-1,-1,-1,True,-1,-1,-1,-1,-1.0,-1
3268,0,-1,-1,-1,-1,True,-1,-1,-1,-1,-1.0,-1
3269,0,1,1,4,17,False,104,15,134,3974,39.74,0
3270,0,1,3,4,30,False,247,1,54,310,3.1,0
3271,0,1,1,4,13,True,104,15,117,3957,39.57,0
3272,0,1,3,4,1,False,31,12,4,3076,30.76,0
3273,0,1,1,4,18,False,100,7,9,1801,18.01,0
3274,0,1,26,3,4,False,206,13,0,3328,33.28,0
3275,0,1,3,4,12,False,140,4,6,1030,10.3,0
3276,0,1,30,5,26,False,26,8,159,2207,22.07,28
3277,0,1,16,6,26,False,8,10,28,2588,25.88,61202
3278,0,1,1,0,0,False,0,0,0,0,0.0,0
3279,0,1,14,6,28,False,144,15,8,3848,38.48,7263
3280,0,1,2,1,55,True,0,0,0,0,0.0,0
3281,0,221,0,0,0,False,0,0,10,10,0.1,4212988929
3282,0,-1,-1,-1,-1,True,-1,-1,-1,-1,-1.0,-1
3283,0,-1,-1,-1,-1,True,-1,-1,-1,-1,-1.0,-1
3284,0,-1,-1,-1,-1,True,-1,-1,-1,-1,-1.0,-1
3285,0,-1,-1,-1,-1,True,-1,-1,-1,-1,-1.0,-1
3286,0,1,3,4,21,True,251,9,114,2418,24.18,0
3287,0,1,3,4,2,False,81,11,190,3006,30.06,0
3288,0,1,3,4,29,True,79,12,30,3102,31.02,0
3289,0,1,3,4,30,True,0,0,0,0,0.0,469830144
3290,0,-1,-1,-1,-1,True,-1,-1,-1,-1,-1.0,-1
3291,0,-1,-1,-1,-1,True,-1,-1,-1,-1,-1.0,-1
3292,0,1,3,4,15,False,202,2,219,731,7.31,0
3293,0,1,3,4,14,False,202,7,179,1971,19.71,0
3294,0,1,3,4,17,True,202,7,153,1945,19.45,0
3295,0,1,3,4,18,True,203,1,78,334,3.34,0
3296,0,1,3,4,24,False,81,13,202,3530,35.3,0
3297,0,1,3,4,17,True,81,13,179,3507,35.07,0
3298,0,1,3,4,28,False,244,6,79,1615,16.15,264
3299,0,-1,-1,-1,-1,True,-1,-1,-1,-1,-1.0,-1
3300,0,-1,-1,-1,-1,True,-1,-1,-1,-1,-1.0,-1
3301,0,1,25,7,28,False,7,15,0,3840,38.4,167772160
3302,0,144,0,0,0,False,0,0,10,10,0.1,1
3303,0,69,0,0,0,False,0,0,10,10,0.1,2040273921
3304,0,-1,-1,-1,-1,True,-1,-1,-1,-1,-1.0,-1
3305,0,1,3,4,29,True,123,12,137,3209,32.09,0
3306,0,1,3,4,25,False,82,9,32,2336,23.36,0
3307,0,1,3,4,30,True,82,9,11,2315,23.15,0
3308,0,1,3,4,14,False,174,15,28,3868,38.68,0
3309,0,1,3,4,33,True,13,8,126,2174,21.74,0
3310,0,1,3,4,30,False,111,11,58,2874,28.74,0
3311,0,1,3,4,20,True,28,3,61,829,8.29,0
3312,0,1,0,2,62,True,28,0,0,0,0.0,0
3313,0,1,19,4,61,False,1,0,0,0,0.0,17367040
3314,0,249,0,0,0,False,0,0,8,8,0.08,486279681
3315,0,1,1,5,58,True,218,15,77,3917,39.17,0
3316,0,-1,-1,-1,-1,True,-1,-1,-1,-1,-1.0,-1
3317,0,-1,-1,-1,-1,True,-1,-1,-1,-1,-1.0,-1
3318,0,1,3,4,10,True,3,5,0,1280,12.8,167772160
3319,0,-1,-1,-1,-1,True,-1,-1,-1,-1,-1.0,-1
3320,0,-1,-1,-1,-1,True,-1,-1,-1,-1,-1.0,-1
3321,0,13,0,0,0,False,0,0,10,10,0.1,10296321
3322,0,-1,-1,-1,-1,True,-1,-1,-1,-1,-1.0,-1
3323,0,-1,-1,-1,-1,True,-1,-1,-1,-1,-1.0,-1
3324,0,1,3,4,13,False,65,2,64,576,5.76,0
3325,0,1,3,4,14,True,65,2,42,554,5.54,0
3326,0,1,3,4,0,False,105,11,113,2929,29.29,0
3327,0,1,3,4,34,True,221,11,89,2905,29.05,0
3328,0,1,3,4,0,False,140,4,13,1037,10.37,220
3329,0,-1,-1,-1,-1,True,-1,-1,-1,-1,-1.0,-1
3330,0,1,3,4,32,True,148,13,202,3530,35.3,0
3331,0,1,3,4,31,True,7,14,0,3584,35.84,167772160
3332,0,-1,-1,-1,-1,True,-1,-1,-1,-1,-1.0,-1
3333,0,27,0,0,0,False,0,0,10,10,0.1,395910145
3334,0,5,0,0,0,False,0,0,10,10,0.1,1595022337
3335,0,-1,-1,-1,-1,True,-1,-1,-1,-1,-1.0,-1
3336,0,-1,-1,-1,-1,True,-1,-1,-1,-1,-1.0,-1
3337,0,-1,-1,-1,-1,True,-1,-1,-1,-1,-1.0,-1
3338,0,-1,-1,-1,-1,True,-1,-1,-1,-1,-1.0,-1
3339,0,-1,-1,-1,-1,True,-1,-1,-1,-1,-1.0,-1
3340,0,1,3,4,21,True,95,14,14,3598,35.98,68
3341,0,-1,-1,-1,-1,True,-1,-1,-1,-1,-1.0,-1
3342,0,1,3,4,33,False,118,10,177,2737,27.37,0
3343,0,1,3,4,20,True,3,3,0,768,7.68,167772160
3344,0,-1,-1,-1,-1,True,-1,-1,-1,-1,-1.0,-1
3345,0,-1,-1,-1,-1,True,-1,-1,-1,-1,-1.0,-1
3346,0,-1,-1,-1,-1,True,-1,-1,-1,-1,-1.0,-1
3347,0,-1,-1,-1,-1,True,-1,-1,-1,-1,-1.0,-1
3348,0,1,3,4,20,False,77,1,220,476,4.76,0
3349,0,1,3,4,32,True,77,1,199,455,4.55,0
3350,0,1,1,4,5,False,129,5,204,1484,14.84,0
3351,0,1,3,4,19,False,208,3,3,771,7.71,0
3352,0,1,1,4,27,True,129,5,186,1466,14.66,0
3353,0,1,3,4,2,False,239,12,33,3105,31.05,0
3354,0,1,10,0,0,False,0,0,0,0,0.0,0
3355,0,1,0,1,37,False,0,0,0,0,0.0,0
3356,0,1,3,4,19,True,80,1,80,336,3.36,0
3357,0,1,3,4,29,False,84,7,3,1795,17.95,195
3358,0,-1,-1,-1,-1,True,-1,-1,-1,-1,-1.0,-1
3359,0,1,3,4,18,True,55,3,171,939,9.39,0
3360,0,1,3,4,33,False,11,2,236,748,7.48,0
3361,0,1,3,4,20,True,11,2,215,727,7.27,0
3362,0,1,3,4,29,False,57,5,83,1363,13.63,0
3363,0,1,3,4,29,False,56,9,232,2536,25.36,0
3364,0,1,3,4,24,True,57,5,58,1338,13.38,0
3365,0,1,3,4,25,True,56,9,210,2514,25.14,0
3366,0,1,3,4,14,False,17,3,225,993,9.93,0
3367,0,1,3,4,13,True,17,3,201,969,9.69,0
3368,0,1,1,4,31,False,125,3,204,972,9.72,0
3369,0,1,3,4,12,False,17,9,15,2319,23.19,9772160
3370,0,-1,-1,-1,-1,True,-1,-1,-1,-1,-1.0,-1
3371,0,-1,-1,-1,-1,True,-1,-1,-1,-1,-1.0,-1
3372,0,-1,-1,-1,-1,True,-1,-1,-1,-1,-1.0,-1
3373,0,1,17,1,15,False,0,0,0,0,0.0,0
3374,0,1,13,0,0,False,0,0,0,0,0.0,0
3375,0,1,3,4,33,False,196,8,0,2048,20.48,100663296
3376,0,-1,-1,-1,-1,True,-1,-1,-1,-1,-1.0,-1
3377,0,-1,-1,-1,-1,True,-1,-1,-1,-1,-1.0,-1
3378,0,-1,-1,-1,-1,True,-1,-1,-1,-1,-1.0,-1
3379,0,-1,-1,-1,-1,True,-1,-1,-1,-1,-1.0,-1
3380,0,-1,-1,-1,-1,True,-1,-1,-1,-1,-1.0,-1
3381,0,1,24,4,8,False,211,12,12,3084,30.84,0
3382,0,1,8,2,11,False,86,2,94,606,6.06,0
3383,0,-1,-1,-1,-1,True,-1,-1,-1,-1,-1.0,-1
3384,0,-1,-1,-1,-1,True,-1,-1,-1,-1,-1.0,-1
3385,0,1,3,4,11,False,187,10,219,2779,27.79,0
3386,0,1,1,4,33,False,89,9,104,2408,24.08,0
3387,0,1,3,4,22,True,187,10,194,2754,27.54,0
3388,0,1,1,4,28,True,89,9,83,2387,23.87,0
3389,0,1,3,4,54,False,28,2,217,729,7.29,0
3390,0,1,3,4,12,False,117,2,24,536,5.36,0
3391,0,1,3,4,18,True,117,2,4,516,5.16,0
3392,0,1,3,4,22,False,120,14,3,3587,35.87,0
3393,0,1,3,4,16,True,120,13,238,3566,35.66,0
3394,0,1,3,4,12,False,53,11,21,2837,28.37,0
3395,0,1,3,4,31,True,103,11,2,2818,28.18,0
3396,0,1,3,4,19,False,40,12,60,3132,31.32,0
3397,0,1,3,4,28,True,40,12,42,3114,31.14,0
3398,0,1,3,4,20,False,81,5,70,1350,13.5,0
3399,0,1,3,4,31,True,81,10,206,2766,27.66,0
3400,0,1,3,4,17,False,55,1,178,434,4.34,0
3401,0,1,3,4,11,True,55,1,156,412,4.12,0
3402,0,1,3,4,24,False,114,4,155,1179,11.79,0
3403,0,1,3,4,16,True,114,4,134,1158,11.58,0
3404,0,1,3,4,33,False,12,9,40,2344,23.44,0
3405,0,1,3,4,8,True,12,4,107,1131,11.31,0
3406,0,1,3,4,33,True,159,15,185,4025,40.25,0
3407,0,1,1,4,28,False,241,3,6,774,7.74,0
3408,0,1,3,4,34,True,158,4,80,1104,11.04,0
3409,0,1,1,4,32,True,241,2,242,754,7.54,0
3410,0,1,3,4,17,True,14,12,0,3072,30.72,167772160
3411,0,-1,-1,-1,-1,True,-1,-1,-1,-1,-1.0,-1
3412,0,-1,-1,-1,-1,True,-1,-1,-1,-1,-1.0,-1
3413,0,-1,-1,-1,-1,True,-1,-1,-1,-1,-1.0,-1
3414,0,-1,-1,-1,-1,True,-1,-1,-1,-1,-1.0,-1
3415,0,-1,-1,-1,-1,True,-1,-1,-1,-1,-1.0,-1
3416,0,-1,-1,-1,-1,True,-1,-1,-1,-1,-1.0,-1
3417,0,1,3,4,21,True,2,0,118,118,1.18,0
3418,0,1,3,4,25,False,70,5,171,1451,14.51,0
3419,0,1,3,4,15,True,69,5,149,1429,14.29,0
3420,0,1,3,4,31,False,34,14,122,3706,37.06,0
3421,0,1,3,4,9,True,34,1,7,263,2.63,83
3422,0,-1,-1,-1,-1,True,-1,-1,-1,-1,-1.0,-1
3423,0,1,3,4,26,True,26,11,249,3065,30.65,0
3424,0,1,3,4,14,False,99,4,3,1027,10.27,0
3425,0,1,1,4,30,False,166,11,9,2825,28.25,139
3426,0,-1,-1,-1,-1,True,-1,-1,-1,-1,-1.0,-1
3427,0,1,1,4,26,True,179,14,157,3741,37.41,0
3428,0,1,3,4,28,False,2,13,0,3328,33.28,167772160
3429,0,-1,-1,-1,-1,True,-1,-1,-1,-1,-1.0,-1
3430,0,3,8,0,0,False,0,0,0,0,0.0,119275786
3431,0,-1,-1,-1,-1,True,-1,-1,-1,-1,-1.0,-1
3432,0,-1,-1,-1,-1,True,-1,-1,-1,-1,-1.0,-1
3433,0,-1,-1,-1,-1,True,-1,-1,-1,-1,-1.0,-1
3434,0,-1,-1,-1,-1,True,-1,-1,-1,-1,-1.0,-1
3435,0,1,3,4,17,True,151,8,7,2055,20.55,0
3436,0,1,1,4,32,False,12,1,8,264,2.64,0
3437,0,1,3,4,17,False,10,1,28,284,2.84,4161527309
3438,0,-1,-1,-1,-1,True,-1,-1,-1,-1,-1.0,-1
3439,0,-1,-1,-1,-1,True,-1,-1,-1,-1,-1.0,-1
3440,0,-1,-1,-1,-1,True,-1,-1,-1,-1,-1.0,-1
3441,0,-1,-1,-1,-1,True,-1,-1,-1,-1,-1.0,-1
3442,0,1,3,4,21,True,222,11,227,3043,30.43,0
3443,0,1,3,4,22,True,233,2,241,753,7.53,0
3444,0,1,3,4,26,False,227,0,144,144,1.44,0
3445,0,1,3,4,28,False,234,3,48,816,8.16,0
3446,0,1,3,4,23,False,216,13,9,3337,33.37,0
3447,0,1,3,4,19,True,36,6,65,1601,16.01,0
3448,0,1,3,4,0,False,122,12,86,3158,31.58,0
3449,0,1,3,4,34,True,122,12,62,3134,31.34,0
3450,0,1,3,4,29,False,100,1,253,509,5.09,0
3451,0,1,3,4,26,True,41,7,122,1914,19.14,0
3452,0,1,3,4,3,False,49,7,240,2032,20.32,0
3453,0,1,1,4,33,False,6,2,0,512,5.12,167772160
3454,0,-1,-1,-1,-1,True,-1,-1,-1,-1,-1.0,-1
3455,0,251,0,0,0,False,0,0,10,10,0.1,4287634433
3456,0,-1,-1,-1,-1,True,-1,-1,-1,-1,-1.0,-1
3457,0,-1,-1,-1,-1,True,-1,-1,-1,-1,-1.0,-1
3458,0,-1,-1,-1,-1,True,-1,-1,-1,-1,-1.0,-1
3459,0,-1,-1,-1,-1,True,-1,-1,-1,-1,-1.0,-1
3460,0,1,3,4,0,False,121,11,88,2904,29.04,0
3461,0,1,3,4,10,True,121,11,64,2880,28.8,0
3462,0,1,3,4,25,False,230,1,24,280,2.8,0
3463,0,1,3,4,24,False,230,7,53,1845,18.45,0
3464,0,1,3,4,23,True,230,7,29,1821,18.21,0
3465,0,1,3,4,24,True,230,1,2,258,2.58,0
3466,0,1,3,4,30,False,6,9,128,2432,24.32,0
3467,0,1,3,4,26,True,6,1,15,271,2.71,197
3468,0,-1,-1,-1,-1,True,-1,-1,-1,-1,-1.0,-1
3469,0,1,3,4,22,False,52,3,4,772,7.72,0
3470,0,1,3,4,30,True,52,2,239,751,7.51,0
3471,0,1,3,4,17,False,69,12,15,3087,30.87,0
3472,0,1,3,4,27,True,69,11,250,3066,30.66,0
3473,0,1,3,4,22,False,59,13,162,3490,34.9,0
3474,0,1,3,4,17,True,59,13,139,3467,34.67,0
3475,0,1,3,4,20,False,178,2,66,578,5.78,0
3476,0,1,3,4,13,True,178,2,42,554,5.54,0
3477,0,1,3,4,30,False,195,3,133,901,9.01,0
3478,0,1,3,4,29,False,15,11,220,3036,30.36,0
3479,0,1,3,4,18,False,28,1,37,293,2.93,0
3480,0,1,3,4,19,True,28,1,16,272,2.72,0
3481,0,1,3,4,22,False,151,7,125,1917,19.17,0
3482,0,1,3,4,16,True,28,12,87,3159,31.59,64257
3483,0,-1,-1,-1,-1,True,-1,-1,-1,-1,-1.0,-1
3484,0,-1,-1,-1,-1,True,-1,-1,-1,-1,-1.0,-1
3485,0,1,3,4,34,True,87,1,230,486,4.86,0
3486,0,1,3,4,32,False,119,11,114,2930,29.3,0
3487,0,1,3,4,17,True,119,11,91,2907,29.07,0
3488,0,1,3,4,32,False,22,9,127,2431,24.31,0
3489,0,1,3,4,32,True,22,9,109,2413,24.13,0
3490,0,1,3,4,34,True,23,9,90,2394,23.94,0
3491,0,1,3,4,32,False,124,10,45,2605,26.05,0
3492,0,1,3,4,34,True,124,10,21,2581,25.81,0
3493,0,1,3,4,25,False,103,5,172,1452,14.52,0
3494,0,1,3,4,27,True,103,5,150,1430,14.3,0
3495,0,1,3,4,17,False,135,11,57,2873,28.73,0
3496,0,1,3,4,28,True,135,11,123,2939,29.39,0
3497,0,1,3,4,16,False,156,1,32,288,2.88,0
3498,0,1,3,4,27,True,156,1,9,265,2.65,0
3499,0,1,3,3,28,True,1,9,0,2304,23.04,0
3500,0,1,3,4,26,False,222,5,58,1338,13.38,0
3501,0,1,3,4,28,False,222,3,41,809,8.09,0
3502,0,1,3,4,28,True,222,5,37,1317,13.17,0
3503,0,1,3,4,29,True,222,3,18,786,7.86,0
3504,0,1,3,4,25,False,217,13,17,3345,33.45,0
3505,0,1,3,4,24,True,217,15,198,4038,40.38,0
3506,0,1,3,4,8,False,109,8,199,2247,22.47,0
3507,0,1,3,4,26,True,109,8,178,2226,22.26,0
3508,0,1,3,4,13,False,242,10,181,2741,27.41,0
3509,0,1,3,4,17,True,241,10,158,2718,27.18,0
3510,0,1,3,4,22,False,218,10,173,2733,27.33,0
3511,0,1,3,4,28,True,218,6,33,1569,15.69,0
3512,0,1,2,4,30,True,189,6,14,1550,15.5,0
3513,0,1,3,4,18,False,70,0,7,7,0.07,132
3514,0,-1,-1,-1,-1,True,-1,-1,-1,-1,-1.0,-1
3515,0,1,3,4,24,True,48,7,109,1901,19.01,0
3516,0,1,3,4,28,False,18,3,129,897,8.97,0
3517,0,1,2,4,29,False,135,7,69,1861,18.61,0
3518,0,1,3,4,30,True,18,3,106,874,8.74,0
3519,0,1,2,4,28,False,135,11,226,3042,30.42,0
3520,0,1,2,4,21,True,135,11,204,3020,30.2,0
3521,0,1,3,4,20,False,181,6,182,1718,17.18,0
3522,0,1,3,4,23,True,74,6,160,1696,16.96,0
3523,0,1,3,4,26,False,87,15,93,3933,39.33,0
3524,0,1,3,4,10,True,86,15,71,3911,39.11,0
3525,0,1,3,4,2,False,113,11,70,2886,28.86,0
3526,0,1,3,4,18,True,113,11,47,2863,28.63,0
3527,0,1,3,4,28,False,1,7,211,2003,20.03,60936
3528,0,-1,-1,-1,-1,True,-1,-1,-1,-1,-1.0,-1
3529,0,-1,-1,-1,-1,True,-1,-1,-1,-1,-1.0,-1
3530,0,1,3,4,32,False,166,7,88,1880,18.8,0
3531,0,1,3,4,30,False,163,11,192,3008,30.08,0
3532,0,1,3,4,16,True,163,11,169,2985,29.85,0
3533,0,1,3,4,28,False,235,4,67,1091,10.91,0
3534,0,1,1,4,27,True,206,6,108,1644,16.44,0
3535,0,1,3,4,25,False,95,9,12,2316,23.16,0
3536,0,1,3,4,23,True,95,8,246,2294,22.94,0
3537,0,1,3,4,16,False,9,14,0,3584,35.84,167772160
3538,0,-1,-1,-1,-1,True,-1,-1,-1,-1,-1.0,-1
3539,0,-1,-1,-1,-1,True,-1,-1,-1,-1,-1.0,-1
3540,0,-1,-1,-1,-1,True,-1,-1,-1,-1,-1.0,-1
3541,0,-1,-1,-1,-1,True,-1,-1,-1,-1,-1.0,-1
3542,0,-1,-1,-1,-1,True,-1,-1,-1,-1,-1.0,-1
3543,0,-1,-1,-1,-1,True,-1,-1,-1,-1,-1.0,-1
3544,0,1,1,4,33,False,70,7,245,2037,20.37,0
3545,0,1,3,4,14,False,67,11,124,2940,29.4,0
3546,0,1,3,4,14,True,67,11,103,2919,29.19,0
3547,0,1,3,4,20,False,26,1,181,437,4.37,0
3548,0,1,3,4,11,True,26,1,157,413,4.13,0
3549,0,1,3,4,14,False,70,5,96,1376,13.76,0
3550,0,1,3,4,28,True,70,5,72,1352,13.52,0
3551,0,1,3,4,24,False,143,0,90,90,0.9,0
3552,0,1,3,4,25,False,142,4,237,1261,12.61,0
3553,0,1,3,4,32,True,143,0,70,70,0.7,0
3554,0,1,3,4,34,True,142,4,214,1238,12.38,0
3555,0,1,3,4,22,False,115,7,194,1986,19.86,0
3556,0,1,3,4,15,True,112,3,9,777,7.77,199
3557,0,-1,-1,-1,-1,True,-1,-1,-1,-1,-1.0,-1
3558,0,1,3,4,31,False,34,3,236,1004,10.04,0
3559,0,1,3,4,25,True,14,9,0,2304,23.04,167772160
3560,0,-1,-1,-1,-1,True,-1,-1,-1,-1,-1.0,-1
3561,0,49,0,2,17,True,0,0,0,0,0.0,469830144
3562,0,-1,-1,-1,-1,True,-1,-1,-1,-1,-1.0,-1
3563,0,-1,-1,-1,-1,True,-1,-1,-1,-1,-1.0,-1
3564,0,-1,-1,-1,-1,True,-1,-1,-1,-1,-1.0,-1
3565,0,-1,-1,-1,-1,True,-1,-1,-1,-1,-1.0,-1
3566,0,1,3,4,24,False,252,11,4,2820,28.2,0
3567,0,1,3,4,29,False,125,2,2,514,5.14,0
3568,0,1,3,4,33,True,126,1,38,294,2.94,0
3569,0,1,3,4,34,True,119,7,26,1818,18.18,0
3570,0,1,3,4,33,False,163,0,248,248,2.48,0
3571,0,1,3,4,14,True,163,0,227,227,2.27,0
3572,0,1,3,4,15,False,225,4,3,1027,10.27,0
3573,0,1,3,4,30,True,225,3,238,1006,10.06,0
3574,0,1,3,4,18,False,95,0,127,127,1.27,0
3575,0,1,3,4,17,True,222,5,217,1497,14.97,0
3576,0,1,2,4,31,True,29,4,202,1226,12.26,0
3577,0,1,3,4,6,True,236,5,221,1501,15.01,0
3578,0,1,3,4,13,True,175,14,45,3629,36.29,0
3579,0,1,3,4,13,False,175,4,93,1117,11.17,0
3580,0,1,3,4,14,True,175,4,10,1034,10.34,81
3581,0,-1,-1,-1,-1,True,-1,-1,-1,-1,-1.0,-1
3582,0,1,3,4,19,False,240,15,105,3945,39.45,0
3583,0,1,3,4,26,True,240,15,87,3927,39.27,0
3584,0,1,3,4,24,False,208,2,133,645,6.45,0
3585,0,1,3,4,21,True,208,2,111,623,6.23,0
3586,0,1,3,4,29,False,165,8,113,2161,21.61,0
3587,0,1,3,4,27,True,27,5,169,1449,14.49,0
3588,0,1,3,4,18,False,196,12,12,3084,30.84,0
3589,0,1,3,4,30,True,196,11,247,3063,30.63,0
3590,0,1,3,4,10,False,38,11,9,2825,28.25,37
3591,0,-1,-1,-1,-1,True,-1,-1,-1,-1,-1.0,-1
3592,0,1,3,4,24,False,246,9,234,2538,25.38,0
3593,0,1,3,4,34,True,30,14,14,3598,35.98,0
3594,0,1,3,4,33,True,30,13,249,3577,35.77,0
3595,0,1,3,4,27,False,217,6,20,1556,15.56,0
3596,0,1,3,4,28,True,217,7,155,1947,19.47,0
3597,0,1,2,4,24,True,100,10,234,2794,27.94,0
3598,0,1,3,4,28,False,29,9,5,2309,23.09,0
3599,0,1,9,4,28,False,154,9,5,2309,23.09,0
3600,0,1,6,7,28,False,23,2,13,525,5.25,9575517
3601,0,1,22,2,13,False,71,0,0,0,0.0,0
3602,0,1,3,4,15,False,41,15,231,4071,40.71,0
3603,0,1,3,4,23,True,40,15,208,4048,40.48,0
3604,0,1,3,4,28,False,137,8,6,2054,20.54,103
3605,0,-1,-1,-1,-1,True,-1,-1,-1,-1,-1.0,-1
3606,0,1,1,4,15,False,160,12,199,3271,32.71,0
3607,0,1,3,4,27,False,215,9,116,2420,24.2,0
3608,0,1,1,4,5,True,160,12,179,3251,32.51,0
3609,0,1,3,4,27,False,130,5,195,1475,14.75,0
3610,0,1,1,4,26,False,156,0,196,196,1.96,0
3611,0,1,3,4,61,False,61,13,61,3389,33.89,0
3612,0,1,3,4,33,False,61,12,12,3084,30.84,0
3613,0,1,20,2,28,True,0,0,0,0,0.0,0
3614,0,72,0,0,0,False,0,0,10,10,0.1,1
3615,0,54,0,0,0,False,0,0,10,10,0.1,1
3616,0,4,17,3,0,False,0,0,0,0,0.0,2635858186
3617,0,-1,-1,-1,-1,True,-1,-1,-1,-1,-1.0,-1
3618,0,-1,-1,-1,-1,True,-1,-1,-1,-1,-1.0,-1
3619,0,-1,-1,-1,-1,True,-1,-1,-1,-1,-1.0,-1
3620,0,-1,-1,-1,-1,True,-1,-1,-1,-1,-1.0,-1
3621,0,1,3,4,15,False,14,3,0,768,7.68,167772160
3622,0,-1,-1,-1,-1,True,-1,-1,-1,-1,-1.0,-1
3623,0,245,0,0,0,False,0,0,10,10,0.1,806685697
3624,0,-1,-1,-1,-1,True,-1,-1,-1,-1,-1.0,-1
3625,0,-1,-1,-1,-1,True,-1,-1,-1,-1,-1.0,-1
3626,0,-1,-1,-1,-1,True,-1,-1,-1,-1,-1.0,-1
3627,0,1,3,4,31,True,158,0,111,111,1.11,0
3628,0,1,3,4,25,False,186,13,235,3563,35.63,0
3629,0,1,3,4,29,True,186,13,215,3543,35.43,0
3630,0,1,3,4,15,False,225,0,52,52,0.52,0
3631,0,1,3,4,17,True,225,0,29,29,0.29,0
3632,0,1,3,4,28,False,52,0,22,22,0.22,0
3633,0,1,3,4,33,True,51,0,0,0,0.0,0
3634,0,1,3,4,1,False,167,14,153,3737,37.37,0
3635,0,1,3,4,23,True,247,14,129,3713,37.13,0
3636,0,1,3,4,24,False,140,3,93,861,8.61,0
3637,0,1,3,4,19,True,181,3,60,828,8.28,0
3638,0,-1,-1,-1,-1,True,-1,-1,-1,-1,-1.0,-1
3639,0,-1,-1,-1,-1,True,-1,-1,-1,-1,-1.0,-1
3640,0,1,1,4,28,True,147,13,174,3502,35.02,0
3641,0,1,3,4,42,True,28,12,33,3105,31.05,0
3642,0,1,1,7,55,True,0,14,28,3612,36.12,46986
3643,0,1,28,7,28,False,30,7,192,1984,19.84,78192412
3644,0,-1,-1,-1,-1,True,-1,-1,-1,-1,-1.0,-1
3645,0,1,7,4,28,False,154,9,4,2308,23.08,0
3646,0,1,5,0,0,False,0,0,0,0,0.0,0
3647,0,1,3,4,26,False,244,4,151,1175,11.75,0
3648,0,1,3,4,28,True,244,13,173,3501,35.01,0
3649,0,1,3,4,21,False,180,0,240,240,2.4,0
3650,0,1,3,4,32,False,16,12,115,3187,31.87,0
3651,0,1,3,4,20,True,16,12,92,3164,31.64,0
3652,0,1,3,4,34,True,180,0,216,216,2.16,0
3653,0,1,3,4,22,False,174,11,107,2923,29.23,0
3654,0,1,3,4,28,True,174,10,9,2569,25.69,87
3655,0,-1,-1,-1,-1,True,-1,-1,-1,-1,-1.0,-1
3656,0,1,3,4,29,False,211,4,207,1231,12.31,0
3657,0,1,3,4,26,True,211,4,186,1210,12.1,0
3658,0,1,3,4,12,False,86,5,173,1453,14.53,0
3659,0,1,3,4,27,True,85,5,152,1432,14.32,0
3660,0,1,3,4,15,True,29,5,170,1450,14.5,0
3661,0,1,3,4,25,False,25,4,176,1200,12.0,0
3662,0,1,3,4,16,True,25,4,155,1179,11.79,0
3663,0,1,3,4,22,False,41,1,240,496,4.96,0
3664,0,1,3,4,14,True,41,1,217,473,4.73,0
3665,0,1,3,4,30,False,210,1,45,301,3.01,0
3666,0,1,1,4,32,False,53,2,1,513,5.13,23
3667,0,-1,-1,-1,-1,True,-1,-1,-1,-1,-1.0,-1
3668,0,1,1,4,28,True,53,0,39,39,0.39,0
3669,0,1,3,4,20,True,0,11,0,2816,28.16,167772160
3670,0,-1,-1,-1,-1,True,-1,-1,-1,-1,-1.0,-1
3671,0,98,0,0,0,False,0,0,10,10,0.1,958340097
3672,0,-1,-1,-1,-1,True,-1,-1,-1,-1,-1.0,-1
3673,0,-1,-1,-1,-1,True,-1,-1,-1,-1,-1.0,-1
3674,0,-1,-1,-1,-1,True,-1,-1,-1,-1,-1.0,-1
3675,0,-1,-1,-1,-1,True,-1,-1,-1,-1,-1.0,-1
3676,0,1,3,4,26,True,56,3,37,805,8.05,0
3677,0,1,3,4,27,True,57,12,74,3146,31.46,0
3678,0,1,3,4,30,False,15,1,0,256,2.56,167772160
3679,0,-1,-1,-1,-1,True,-1,-1,-1,-1,-1.0,-1
3680,0,235,0,0,0,False,0,0,10,10,0.1,2384141313
3681,0,-1,-1,-1,-1,True,-1,-1,-1,-1,-1.0,-1
3682,0,-1,-1,-1,-1,True,-1,-1,-1,-1,-1.0,-1
3683,0,1,3,4,20,True,142,13,130,3458,34.58,0
3684,0,1,3,4,29,False,133,6,206,1742,17.42,0
3685,0,1,3,4,19,True,2,6,0,1536,15.36,167772160
3686,0,-1,-1,-1,-1,True,-1,-1,-1,-1,-1.0,-1
3687,0,36,0,0,0,False,0,0,10,10,0.1,7169
3688,0,12,0,0,0,False,0,0,10,10,0.1,7169
3689,0,-1,-1,-1,-1,True,-1,-1,-1,-1,-1.0,-1
3690,0,-1,-1,-1,-1,True,-1,-1,-1,-1,-1.0,-1
3691,0,-1,-1,-1,-1,True,-1,-1,-1,-1,-1.0,-1
3692,0,-1,-1,-1,-1,True,-1,-1,-1,-1,-1.0,-1
3693,0,1,3,4,28,False,87,7,47,1839,18.39,0
3694,0,1,3,4,33,False,247,0,171,171,1.71,0
3695,0,1,3,4,20,True,247,0,150,150,1.5,0
3696,0,1,3,4,33,True,142,2,130,642,6.42,0
3697,0,1,3,4,20,False,141,11,2,2818,28.18,153
3698,0,-1,-1,-1,-1,True,-1,-1,-1,-1,-1.0,-1
3699,0,1,3,4,0,False,13,1,96,352,3.52,0
3700,0,1,3,4,34,True,77,4,86,1110,11.1,0
3701,0,1,2,4,34,True,12,13,248,3576,35.76,0
3702,0,1,3,4,15,False,52,1,81,337,3.37,0
3703,0,1,3,4,25,True,52,1,59,315,3.15,0
3704,0,1,3,4,10,False,12,6,0,1536,15.36,167772160
3705,0,-1,-1,-1,-1,True,-1,-1,-1,-1,-1.0,-1
3706,0,108,0,0,0,False,0,0,10,10,0.1,2720078849
3707,0,-1,-1,-1,-1,True,-1,-1,-1,-1,-1.0,-1
3708,0,-1,-1,-1,-1,True,-1,-1,-1,-1,-1.0,-1
3709,0,-1,-1,-1,-1,True,-1,-1,-1,-1,-1.0,-1
3710,0,-1,-1,-1,-1,True,-1,-1,-1,-1,-1.0,-1
3711,0,1,3,4,26,True,162,14,147,3731,37.31,0
3712,0,1,3,4,26,False,59,1,140,396,3.96,0
3713,0,1,3,4,22,False,49,3,159,927,9.27,0
3714,0,1,3,4,17,True,49,0,245,245,2.45,0
3715,0,1,3,4,29,False,96,3,161,929,9.29,0
3716,0,1,3,4,21,True,96,8,197,2245,22.45,0
3717,0,1,3,4,4,False,204,8,172,2220,22.2,0
3718,0,1,3,4,24,True,239,4,11,1035,10.35,25
3719,0,-1,-1,-1,-1,True,-1,-1,-1,-1,-1.0,-1
3720,0,1,3,4,30,True,132,11,0,2816,28.16,0
3721,0,1,3,4,32,False,108,10,153,2713,27.13,0
3722,0,1,3,4,28,True,63,7,205,1997,19.97,0
3723,0,1,1,4,27,True,108,10,133,2693,26.93,0
3724,0,1,3,4,24,True,170,8,1,2049,20.49,220
3725,0,-1,-1,-1,-1,True,-1,-1,-1,-1,-1.0,-1
3726,0,1,3,4,14,False,237,12,16,3088,30.88,0
3727,0,1,3,4,18,True,237,11,248,3064,30.64,0
3728,0,1,3,4,25,False,2,3,35,803,8.03,0
3729,0,1,3,4,24,False,2,5,129,1409,14.09,0
3730,0,1,3,4,18,True,2,10,185,2745,27.45,0
3731,0,1,3,4,28,False,1,0,6,6,0.06,0
3732,0,1,1,4,33,True,202,10,166,2726,27.26,0
3733,0,1,14,2,28,False,1,15,0,3840,38.4,0
3734,0,-1,-1,-1,-1,True,-1,-1,-1,-1,-1.0,-1
3735,0,1,3,4,13,True,166,1,234,490,4.9,0
3736,0,1,3,4,23,False,98,9,198,2502,25.02,0
3737,0,1,2,4,17,False,109,9,115,2419,24.19,0
3738,0,1,3,4,20,True,98,10,11,2571,25.71,205
3739,0,-1,-1,-1,-1,True,-1,-1,-1,-1,-1.0,-1
3740,0,1,3,4,19,True,138,11,189,3005,30.05,0
3741,0,1,3,4,32,False,40,2,242,754,7.54,0
3742,0,1,3,4,7,True,40,2,220,732,7.32,0
3743,0,1,3,4,0,False,135,10,12,2572,25.72,0
3744,0,1,3,4,34,True,135,9,244,2548,25.48,0
3745,0,1,3,4,24,False,12,4,0,1024,10.24,167772160
3746,0,-1,-1,-1,-1,True,-1,-1,-1,-1,-1.0,-1
3747,0,112,0,0,0,False,0,0,10,10,0.1,3625917441
3748,0,-1,-1,-1,-1,True,-1,-1,-1,-1,-1.0,-1
3749,0,-1,-1,-1,-1,True,-1,-1,-1,-1,-1.0,-1
3750,0,-1,-1,-1,-1,True,-1,-1,-1,-1,-1.0,-1
3751,0,-1,-1,-1,-1,True,-1,-1,-1,-1,-1.0,-1
3752,0,1,3,4,30,True,216,13,9,3337,33.37,0
3753,0,1,3,4,19,False,235,7,3,1795,17.95,0
3754,0,1,3,4,6,True,235,6,238,1774,17.74,0
3755,0,1,3,4,19,True,224,12,19,3091,30.91,0
3756,0,1,3,4,12,False,223,5,160,1440,14.4,0
3757,0,1,3,4,14,False,223,7,125,1917,19.17,0
3758,0,1,3,4,13,True,0,3,0,768,7.68,167772160
3759,0,-1,-1,-1,-1,True,-1,-1,-1,-1,-1.0,-1
3760,0,75,0,0,0,False,0,0,10,10,0.1,2786335745
3761,0,-1,-1,-1,-1,True,-1,-1,-1,-1,-1.0,-1
3762,0,1,3,4,13,True,248,5,88,1368,13.68,0
3763,0,1,3,4,10,False,83,0,252,252,2.52,0
3764,0,1,3,4,6,True,83,0,227,227,2.27,0
3765,0,1,3,4,8,False,131,0,160,160,1.6,0
3766,0,1,1,4,29,False,142,0,167,167,1.67,0
3767,0,1,3,4,29,True,131,0,139,139,1.39,0
3768,0,1,1,4,30,True,142,14,13,3597,35.97,250
3769,0,-1,-1,-1,-1,True,-1,-1,-1,-1,-1.0,-1
3770,0,1,3,4,30,False,70,7,175,1967,19.67,0
3771,0,1,3,4,3,True,72,9,214,2518,25.18,0
3772,0,1,3,4,24,False,70,9,97,2401,24.01,0
3773,0,1,3,4,26,True,201,3,232,1000,10.0,0
3774,0,1,3,4,27,False,52,11,146,2962,29.62,0
3775,0,1,3,4,34,True,52,11,118,2934,29.34,0
3776,0,1,3,4,32,False,192,2,127,639,6.39,0
3777,0,1,3,4,27,True,8,3,0,768,7.68,167772160
3778,0,-1,-1,-1,-1,True,-1,-1,-1,-1,-1.0,-1
3779,0,171,0,0,0,False,0,0,10,10,0.1,5121
3780,0,-1,-1,-1,-1,True,-1,-1,-1,-1,-1.0,-1
3781,0,-1,-1,-1,-1,True,-1,-1,-1,-1,-1.0,-1
3782,0,-1,-1,-1,-1,True,-1,-1,-1,-1,-1.0,-1
3783,0,-1,-1,-1,-1,True,-1,-1,-1,-1,-1.0,-1
3784,0,-1,-1,-1,-1,True,-1,-1,-1,-1,-1.0,-1
3785,0,1,3,4,15,False,10,1,12,268,2.68,2837191731
3786,0,-1,-1,-1,-1,True,-1,-1,-1,-1,-1.0,-1
3787,0,-1,-1,-1,-1,True,-1,-1,-1,-1,-1.0,-1
3788,0,-1,-1,-1,-1,True,-1,-1,-1,-1,-1.0,-1
3789,0,-1,-1,-1,-1,True,-1,-1,-1,-1,-1.0,-1
3790,0,1,1,6,22,True,28,6,169,1705,17.05,32270
3791,0,1,3,4,7,False,154,12,146,3218,32.18,0
3792,0,1,3,4,11,True,154,15,216,4056,40.56,0
3793,0,1,3,4,27,False,3,11,10,2826,28.26,0
3794,0,1,3,4,26,True,3,10,240,2800,28.0,0
3795,0,1,3,4,32,False,142,3,79,847,8.47,0
3796,0,1,3,4,19,True,142,3,58,826,8.26,0
3797,0,1,3,4,22,False,245,0,113,113,1.13,0
3798,0,1,3,4,14,True,245,0,90,90,0.9,0
3799,0,1,3,4,11,False,42,9,87,2391,23.91,0
3800,0,1,3,4,22,True,42,13,9,3337,33.37,163
3801,0,-1,-1,-1,-1,True,-1,-1,-1,-1,-1.0,-1
3802,0,1,3,4,13,False,138,9,60,2364,23.64,0
3803,0,1,3,4,10,True,32,2,244,756,7.56,0
3804,0,1,3,4,26,True,96,2,175,687,6.87,0
3805,0,1,1,4,30,True,32,2,226,738,7.38,0
3806,0,1,3,4,24,True,200,1,55,311,3.11,0
3807,0,1,3,4,16,False,228,11,66,2882,28.82,0
3808,0,1,3,4,15,True,228,4,35,1059,10.59,0
3809,0,1,3,4,33,False,103,9,191,2495,24.95,0
3810,0,1,3,4,27,True,103,9,171,2475,24.75,0
3811,0,1,3,4,19,False,220,15,187,4027,40.27,0
3812,0,1,3,4,24,True,220,15,167,4007,40.07,0
3813,0,1,3,4,24,False,94,9,114,2418,24.18,0
3814,0,1,3,4,34,True,94,9,90,2394,23.94,0
3815,0,1,3,4,22,False,221,0,233,233,2.33,0
3816,0,1,3,4,26,True,221,0,212,212,2.12,0
3817,0,1,3,4,20,False,83,1,84,340,3.4,0
3818,0,1,1,4,10,True,64,8,129,2177,21.77,0
3819,0,1,3,4,21,False,82,4,85,1109,11.09,0
3820,0,1,1,4,19,False,63,9,223,2527,25.27,0
3821,0,1,3,4,27,False,234,0,43,43,0.43,0
3822,0,1,3,4,28,False,234,2,4,516,5.16,0
3823,0,1,3,4,16,True,234,1,241,497,4.97,0
3824,0,1,3,4,12,False,201,14,151,3735,37.35,0
3825,0,1,3,4,5,True,199,14,130,3714,37.14,0
3826,0,1,3,4,32,False,169,14,14,3598,35.98,212
3827,0,-1,-1,-1,-1,True,-1,-1,-1,-1,-1.0,-1
3828,0,1,3,4,28,True,126,14,190,3774,37.74,0
3829,0,1,3,4,7,False,218,0,20,20,0.2,0
3830,0,1,3,4,27,True,218,15,255,4095,40.95,0
3831,0,1,3,4,30,False,74,11,240,3056,30.56,0
3832,0,1,3,4,26,True,74,11,216,3032,30.32,0
3833,0,1,3,4,21,False,1,7,0,1792,17.92,167772160
3834,0,-1,-1,-1,-1,True,-1,-1,-1,-1,-1.0,-1
3835,0,-1,-1,-1,-1,True,-1,-1,-1,-1,-1.0,-1
3836,0,-1,-1,-1,-1,True,-1,-1,-1,-1,-1.0,-1
3837,0,-1,-1,-1,-1,True,-1,-1,-1,-1,-1.0,-1
3838,0,-1,-1,-1,-1,True,-1,-1,-1,-1,-1.0,-1
3839,0,-1,-1,-1,-1,True,-1,-1,-1,-1,-1.0,-1
3840,0,1,3,4,17,True,129,0,108,108,1.08,0
3841,0,1,3,4,20,True,129,11,4,2820,28.2,0
3842,0,1,3,4,17,False,33,1,251,507,5.07,0
3843,0,1,3,4,24,True,33,1,229,485,4.85,0
3844,0,1,3,4,31,False,191,12,30,3102,31.02,200
3845,0,-1,-1,-1,-1,True,-1,-1,-1,-1,-1.0,-1
3846,0,1,0,6,63,True,181,6,66,1602,16.02,39196
3847,0,1,22,5,12,False,152,8,6,2054,20.54,237
3848,0,1,0,6,42,False,28,15,142,3982,39.82,38917
3849,0,1,17,6,5,False,86,13,227,3555,35.55,0
3850,0,158,0,0,0,False,0,0,10,10,0.1,1553079297
3851,0,-1,-1,-1,-1,True,-1,-1,-1,-1,-1.0,-1
3852,0,-1,-1,-1,-1,True,-1,-1,-1,-1,-1.0,-1
3853,0,-1,-1,-1,-1,True,-1,-1,-1,-1,-1.0,-1
3854,0,-1,-1,-1,-1,True,-1,-1,-1,-1,-1.0,-1
3855,0,1,2,4,13,True,92,11,139,2955,29.55,0
3856,0,1,3,4,15,False,5,9,124,2428,24.28,0
3857,0,1,3,4,18,True,5,9,102,2406,24.06,0
3858,0,1,3,4,25,False,183,7,239,2031,20.31,0
3859,0,1,3,4,24,True,183,7,216,2008,20.08,0
3860,0,1,3,4,20,False,44,15,238,4078,40.78,0
3861,0,1,3,4,22,True,44,15,213,4053,40.53,0
3862,0,1,3,4,33,False,199,13,103,3431,34.31,0
3863,0,1,3,4,27,True,199,13,83,3411,34.11,0
3864,0,1,3,4,32,False,199,7,238,2030,20.3,0
3865,0,1,3,4,22,True,247,7,214,2006,20.06,0
3866,0,1,3,4,20,False,77,5,5,1285,12.85,0
3867,0,1,3,4,32,True,77,4,240,1264,12.64,0
3868,0,1,3,4,16,False,57,2,4,516,5.16,37
3869,0,-1,-1,-1,-1,True,-1,-1,-1,-1,-1.0,-1
3870,0,1,3,4,32,False,136,13,33,3361,33.61,0
3871,0,1,3,4,15,True,136,13,10,3338,33.38,0
3872,0,1,3,4,12,True,200,3,28,796,7.96,0
3873,0,1,3,4,14,False,200,9,243,2547,25.47,0
3874,0,1,3,4,11,True,200,9,218,2522,25.22,0
3875,0,1,3,4,28,False,22,11,67,2883,28.83,0
3876,0,1,3,4,29,False,23,10,222,2782,27.82,0
3877,0,1,3,4,21,True,98,4,120,1144,11.44,0
3878,0,1,3,4,10,False,110,1,209,465,4.65,0
3879,0,1,3,4,8,True,2,8,0,2048,20.48,167772160
3880,0,-1,-1,-1,-1,True,-1,-1,-1,-1,-1.0,-1
3881,0,-1,-1,-1,-1,True,-1,-1,-1,-1,-1.0,-1
3882,0,-1,-1,-1,-1,True,-1,-1,-1,-1,-1.0,-1
3883,0,-1,-1,-1,-1,True,-1,-1,-1,-1,-1.0,-1
3884,0,-1,-1,-1,-1,True,-1,-1,-1,-1,-1.0,-1
3885,0,1,2,4,16,False,81,6,7,1543,15.43,0
3886,0,1,3,4,11,False,104,9,121,2425,24.25,0
3887,0,1,2,4,20,True,81,5,243,1523,15.23,0
3888,0,1,3,4,28,False,1,4,3,1027,10.27,0
3889,0,1,16,1,28,False,0,0,0,0,0.0,0
3890,0,1,19,3,36,True,3,10,0,2560,25.6,0
3891,0,1,3,4,25,False,232,5,55,1335,13.35,0
3892,0,1,3,4,28,True,247,8,242,2290,22.9,0
3893,0,1,3,4,30,True,247,8,221,2269,22.69,0
3894,0,1,3,4,28,False,206,11,166,2982,29.82,0
3895,0,1,3,4,29,True,206,11,144,2960,29.6,0
3896,0,1,3,4,17,False,100,3,177,945,9.45,0
3897,0,1,3,4,21,False,100,2,239,751,7.51,0
3898,0,1,3,4,14,True,100,3,152,920,9.2,0
3899,0,1,3,4,15,True,100,2,216,728,7.28,0
3900,0,1,3,4,24,False,2,2,149,661,6.61,0
3901,0,1,3,4,29,True,2,2,128,640,6.4,0
3902,0,1,2,4,17,False,176,14,243,3827,38.27,0
3903,0,1,3,4,3,False,79,6,1,1537,15.37,89
3904,0,-1,-1,-1,-1,True,-1,-1,-1,-1,-1.0,-1
3905,0,1,3,4,31,True,134,1,64,320,3.2,0
3906,0,1,1,4,26,False,24,15,6,3846,38.46,169
3907,0,-1,-1,-1,-1,True,-1,-1,-1,-1,-1.0,-1
3908,0,1,3,4,27,True,15,6,157,1693,16.93,0
3909,0,1,3,4,24,False,34,0,33,33,0.33,0
3910,0,1,3,4,33,True,34,0,13,13,0.13,0
3911,0,1,3,4,31,False,26,13,50,3378,33.78,0
3912,0,1,3,4,27,False,111,15,77,3917,39.17,0
3913,0,1,3,4,19,True,110,15,52,3892,38.92,0
3914,0,1,3,4,20,True,111,13,29,3357,33.57,0
3915,0,1,3,4,14,False,30,8,4,2052,20.52,163
3916,0,-1,-1,-1,-1,True,-1,-1,-1,-1,-1.0,-1
3917,0,1,3,4,27,True,248,4,140,1164,11.64,0
3918,0,1,3,4,21,False,82,10,245,2805,28.05,0
3919,0,1,3,4,34,True,82,10,222,2782,27.82,0
3920,0,1,3,4,19,False,54,13,142,3470,34.7,0
3921,0,1,3,4,16,True,54,13,123,3451,34.51,0
3922,0,1,3,4,28,False,72,5,213,1493,14.93,0
3923,0,1,3,4,5,True,72,5,191,1471,14.71,0
3924,0,1,3,4,13,False,163,11,188,3004,30.04,0
3925,0,1,3,4,33,True,163,11,168,2984,29.84,0
3926,0,1,3,4,2,False,133,13,35,3363,33.63,0
3927,0,1,3,4,22,True,133,13,13,3341,33.41,0
3928,0,1,3,4,27,False,197,2,171,683,6.83,0
3929,0,1,3,4,29,True,197,2,146,658,6.58,0
3930,0,1,3,4,18,False,131,10,254,2814,28.14,0
3931,0,1,3,4,27,True,131,10,231,2791,27.91,0
3932,0,1,3,4,13,False,29,0,115,115,1.15,0
3933,0,1,3,4,27,True,29,0,94,94,0.94,0
3934,0,1,3,4,25,False,123,13,44,3372,33.72,0
3935,0,1,3,4,26,True,123,13,23,3351,33.51,0
3936,0,1,3,4,18,False,161,15,218,4058,40.58,0
3937,0,1,3,4,20,True,161,15,198,4038,40.38,0
3938,0,1,3,4,22,False,16,14,219,3803,38.03,0
3939,0,1,3,4,31,True,16,14,200,3784,37.84,0
3940,0,1,2,4,15,False,62,11,114,2930,29.3,0
3941,0,1,2,4,24,True,62,11,96,2912,29.12,0
3942,0,1,3,4,16,False,83,13,97,3425,34.25,0
3943,0,1,3,4,32,True,83,10,1,2561,25.61,266148636
3944,0,-1,-1,-1,-1,True,-1,-1,-1,-1,-1.0,-1
3945,0,-1,-1,-1,-1,True,-1,-1,-1,-1,-1.0,-1
3946,0,-1,-1,-1,-1,True,-1,-1,-1,-1,-1.0,-1
3947,0,-1,-1,-1,-1,True,-1,-1,-1,-1,-1.0,-1
3948,0,1,3,4,28,True,221,15,228,4068,40.68,0
3949,0,1,3,4,33,False,75,6,191,1727,17.27,0
3950,0,1,3,4,17,True,75,6,169,1705,17.05,0
3951,0,1,3,4,22,False,232,14,227,3811,38.11,0
3952,0,1,3,4,20,False,232,0,255,255,2.55,0
3953,0,1,3,4,29,False,158,11,68,2884,28.84,0
3954,0,1,1,4,30,False,104,7,60,1852,18.52,0
3955,0,1,3,4,26,True,232,0,231,231,2.31,0
3956,0,1,1,4,18,True,104,7,42,1834,18.34,0
3957,0,1,3,4,34,True,7,2,0,512,5.12,167772160
3958,0,-1,-1,-1,-1,True,-1,-1,-1,-1,-1.0,-1
3959,0,-1,-1,-1,-1,True,-1,-1,-1,-1,-1.0,-1
3960,0,-1,-1,-1,-1,True,-1,-1,-1,-1,-1.0,-1
3961,0,-1,-1,-1,-1,True,-1,-1,-1,-1,-1.0,-1
3962,0,-1,-1,-1,-1,True,-1,-1,-1,-1,-1.0,-1
3963,0,-1,-1,-1,-1,True,-1,-1,-1,-1,-1.0,-1
3964,0,1,3,4,29,True,222,1,16,272,2.72,0
3965,0,1,3,4,33,False,183,13,89,3417,34.17,0
3966,0,1,3,4,26,True,183,8,3,2051,20.51,114
3967,0,-1,-1,-1,-1,True,-1,-1,-1,-1,-1.0,-1
3968,0,1,2,4,21,True,174,6,246,1782,17.82,0
3969,0,1,3,4,19,False,7,0,0,0,0.0,167772160
3970,0,-1,-1,-1,-1,True,-1,-1,-1,-1,-1.0,-1
3971,0,9,0,0,0,False,0,0,10,10,0.1,3121093633
3972,0,-1,-1,-1,-1,True,-1,-1,-1,-1,-1.0,-1
3973,0,-1,-1,-1,-1,True,-1,-1,-1,-1,-1.0,-1
3974,0,-1,-1,-1,-1,True,-1,-1,-1,-1,-1.0,-1
3975,0,-1,-1,-1,-1,True,-1,-1,-1,-1,-1.0,-1
3976,0,-1,-1,-1,-1,True,-1,-1,-1,-1,-1.0,-1
3977,0,1,3,4,27,True,0,4,48,1072,10.72,0
3978,0,1,3,4,24,False,14,10,0,2560,25.6,167772160
3979,0,-1,-1,-1,-1,True,-1,-1,-1,-1,-1.0,-1
3980,0,6,0,0,0,False,0,0,10,10,0.1,2367167489
3981,0,-1,-1,-1,-1,True,-1,-1,-1,-1,-1.0,-1
3982,0,-1,-1,-1,-1,True,-1,-1,-1,-1,-1.0,-1
3983,0,1,3,4,32,True,141,11,91,2907,29.07,0
3984,0,1,3,4,15,False,187,7,96,1888,18.88,0
3985,0,1,3,4,24,True,187,7,74,1866,18.66,0
3986,0,1,3,4,29,False,25,13,233,3561,35.61,0
3987,0,1,3,4,25,True,28,14,77,3661,36.61,7
3988,0,-1,-1,-1,-1,True,-1,-1,-1,-1,-1.0,-1
3989,0,1,16,5,28,False,149,13,7,3335,33.35,109
3990,0,1,2,4,28,False,73,5,145,1425,14.25,0
3991,0,1,3,4,29,False,148,5,174,1454,14.54,0
3992,0,1,2,4,32,True,73,5,125,1405,14.05,0
3993,0,1,3,4,28,False,27,9,9,2313,23.13,0
3994,0,1,18,7,41,False,9,13,28,3356,33.56,435481
3995,0,1,7,0,0,False,0,0,0,0,0.0,0
3996,0,1,3,4,32,True,9,0,0,0,0.0,167772160
3997,0,-1,-1,-1,-1,True,-1,-1,-1,-1,-1.0,-1
3998,0,73,0,0,0,False,0,0,10,10,0.1,269313
3999,0,-1,-1,-1,-1,True,-1,-1,-1,-1,-1.0,-1
4000,0,-1,-1,-1,-1,True,-1,-1,-1,-1,-1.0,-1
4001,0,-1,-1,-1,-1,True,-1,-1,-1,-1,-1.0,-1
4002,0,-1,-1,-1,-1,True,-1,-1,-1,-1,-1.0,-1
4003,0,-1,-1,-1,-1,True,-1,-1,-1,-1,-1.0,-1
4004,0,1,3,4,5,True,161,0,73,73,0.73,0
4005,0,1,3,4,22,False,141,12,230,3302,33.02,0
4006,0,1,3,4,30,True,140,12,209,3281,32.81,0
4007,0,1,3,4,6,False,177,14,81,3665,36.65,0
4008,0,1,3,4,4,True,177,14,61,3645,36.45,0
4009,0,1,3,4,15,False,41,6,174,1710,17.1,0
4010,0,1,3,4,28,True,41,6,150,1686,16.86,0
4011,0,1,3,4,7,False,8,0,0,0,0.0,167772160
4012,0,-1,-1,-1,-1,True,-1,-1,-1,-1,-1.0,-1
4013,0,91,0,0,0,False,0,0,10,10,0.1,7169
4014,0,107,0,0,0,False,0,0,10,10,0.1,4287503361
4015,0,85,0,0,0,False,0,0,10,10,0.1,1511721985
4016,0,242,0,0,0,False,0,0,10,10,0.1,570956801
4017,0,-1,-1,-1,-1,True,-1,-1,-1,-1,-1.0,-1
4018,0,-1,-1,-1,-1,True,-1,-1,-1,-1,-1.0,-1
4019,0,-1,-1,-1,-1,True,-1,-1,-1,-1,-1.0,-1
4020,0,-1,-1,-1,-1,True,-1,-1,-1,-1,-1.0,-1
4021,0,-1,-1,-1,-1,True,-1,-1,-1,-1,-1.0,-1
4022,0,1,3,4,26,False,166,5,184,1464,14.64,0
4023,0,1,3,4,28,True,166,5,163,1443,14.43,0
4024,0,1,3,4,7,False,66,9,38,2342,23.42,0
4025,0,1,3,4,25,True,8,12,0,3072,30.72,167772160
4026,0,-1,-1,-1,-1,True,-1,-1,-1,-1,-1.0,-1
4027,0,67,0,0,0,False,0,0,10,10,0.1,612965377
4028,0,-1,-1,-1,-1,True,-1,-1,-1,-1,-1.0,-1
4029,0,-1,-1,-1,-1,True,-1,-1,-1,-1,-1.0,-1
4030,0,-1,-1,-1,-1,True,-1,-1,-1,-1,-1.0,-1
4031,0,-1,-1,-1,-1,True,-1,-1,-1,-1,-1.0,-1
4032,0,1,2,4,26,True,101,11,49,2865,28.65,0
4033,0,1,3,4,19,False,63,4,1,1025,10.25,85
4034,0,-1,-1,-1,-1,True,-1,-1,-1,-1,-1.0,-1
4035,0,1,1,4,13,True,222,10,194,2754,27.54,0
4036,0,1,3,4,29,False,208,14,50,3634,36.34,0
4037,0,1,3,4,21,False,141,12,246,3318,33.18,0
4038,0,1,3,4,22,True,240,1,166,422,4.22,0
4039,0,1,3,4,14,False,189,13,165,3493,34.93,0
4040,0,1,3,4,28,True,189,13,142,3470,34.7,0
4041,0,1,3,4,30,False,141,15,14,3854,38.54,0
4042,0,1,3,4,14,True,47,4,245,1269,12.69,0
4043,0,1,3,4,16,False,167,5,122,1402,14.02,0
4044,0,1,3,4,24,True,167,5,97,1377,13.77,0
4045,0,1,3,4,28,False,66,1,57,313,3.13,0
4046,0,1,3,4,17,True,66,1,32,288,2.88,0
4047,0,1,3,4,23,False,84,12,9,3081,30.81,200
4048,0,-1,-1,-1,-1,True,-1,-1,-1,-1,-1.0,-1
4049,0,1,3,4,31,False,122,5,208,1488,14.88,0
4050,0,1,3,4,26,True,122,5,188,1468,14.68,0
4051,0,1,3,4,14,False,177,11,244,3060,30.6,0
4052,0,1,1,4,25,False,172,7,147,1939,19.39,0
4053,0,1,3,4,15,True,177,11,219,3035,30.35,0
4054,0,1,1,4,28,True,172,7,128,1920,19.2,0
4055,0,1,3,4,24,True,219,11,150,2966,29.66,0
4056,0,1,3,4,4,False,4,8,0,2048,20.48,167772160
4057,0,-1,-1,-1,-1,True,-1,-1,-1,-1,-1.0,-1
4058,0,-1,-1,-1,-1,True,-1,-1,-1,-1,-1.0,-1
4059,0,-1,-1,-1,-1,True,-1,-1,-1,-1,-1.0,-1
4060,0,1,3,4,14,False,75,10,241,2801,28.01,0
4061,0,1,3,4,23,True,75,10,216,2776,27.76,0
4062,0,1,3,4,33,False,210,15,73,3913,39.13,0
4063,0,1,3,4,33,True,43,15,51,3891,38.91,0
4064,0,1,3,4,22,False,156,5,33,1313,13.13,0
4065,0,1,3,4,31,True,0,5,12,1292,12.92,0
4066,0,1,3,4,26,False,103,1,94,350,3.5,0
4067,0,1,3,4,14,True,103,1,73,329,3.29,0
4068,0,1,3,4,5,False,158,2,154,666,6.66,0
4069,0,1,3,4,4,False,10,1,28,284,2.84,1729101329
4070,0,-1,-1,-1,-1,True,-1,-1,-1,-1,-1.0,-1
4071,0,-1,-1,-1,-1,True,-1,-1,-1,-1,-1.0,-1
4072,0,-1,-1,-1,-1,True,-1,-1,-1,-1,-1.0,-1
4073,0,-1,-1,-1,-1,True,-1,-1,-1,-1,-1.0,-1
4074,0,1,3,4,20,True,254,15,82,3922,39.22,0
4075,0,1,3,4,18,False,202,3,9,777,7.77,0
4076,0,1,3,4,23,True,202,1,130,386,3.86,0
4077,0,1,3,4,18,False,105,7,163,1955,19.55,0
4078,0,1,3,4,13,True,105,7,142,1934,19.34,0
4079,0,1,3,4,24,False,49,8,143,2191,21.91,0
4080,0,1,3,4,28,True,49,8,122,2170,21.7,0
4081,0,1,3,4,32,False,125,4,41,1065,10.65,0
4082,0,1,3,4,15,True,125,9,7,2311,23.11,230
4083,0,-1,-1,-1,-1,True,-1,-1,-1,-1,-1.0,-1
4084,0,1,3,4,16,False,168,13,57,3385,33.85,0
4085,0,1,3,4,19,True,168,13,34,3362,33.62,0
4086,0,1,3,4,26,False,44,11,91,2907,29.07,0
4087,0,1,3,4,19,True,44,11,70,2886,28.86,0
4088,0,1,3,4,14,False,171,4,188,1212,12.12,0
4089,0,1,3,4,34,True,171,4,163,1187,11.87,0
4090,0,1,3,4,17,False,92,8,12,2060,20.6,72
4091,0,-1,-1,-1,-1,True,-1,-1,-1,-1,-1.0,-1
4092,0,1,3,4,61,False,61,4,161,1185,11.85,0
4093,0,1,18,4,12,False,12,5,8,1288,12.88,0
4094,0,1,1,4,52,False,190,0,121,121,1.21,0
4095,0,1,3,4,18,False,184,15,21,3861,38.61,0
4096,0,1,3,4,20,True,184,6,76,1612,16.12,0
4097,0,1,3,4,14,True,0,6,56,1592,15.92,0
4098,0,1,3,4,22,False,46,11,97,2913,29.13,0
4099,0,1,3,4,16,True,46,11,75,2891,28.91,0
4100,0,1,3,4,8,False,17,5,235,1515,15.15,0
4101,0,1,3,4,10,True,17,5,211,1491,14.91,0
4102,0,1,3,4,23,False,122,6,30,1566,15.66,0
4103,0,1,3,4,25,True,122,6,8,1544,15.44,0
4104,0,1,3,4,20,False,177,2,33,545,5.45,0
4105,0,1,3,4,19,True,6,15,0,3840,38.4,167772160
4106,0,-1,-1,-1,-1,True,-1,-1,-1,-1,-1.0,-1
4107,0,41,0,0,3,True,0,0,0,0,0.0,469830144
4108,0,-1,-1,-1,-1,True,-1,-1,-1,-1,-1.0,-1
4109,0,-1,-1,-1,-1,True,-1,-1,-1,-1,-1.0,-1
4110,0,-1,-1,-1,-1,True,-1,-1,-1,-1,-1.0,-1
4111,0,-1,-1,-1,-1,True,-1,-1,-1,-1,-1.0,-1
4112,0,-1,-1,-1,-1,True,-1,-1,-1,-1,-1.0,-1
4113,0,1,3,4,19,False,154,5,226,1506,15.06,0
4114,0,1,3,4,19,True,154,5,210,1490,14.9,0
4115,0,1,3,4,22,False,221,10,99,2659,26.59,0
4116,0,1,3,4,21,True,221,12,157,3229,32.29,10880305
4117,0,-1,-1,-1,-1,True,-1,-1,-1,-1,-1.0,-1
4118,0,-1,-1,-1,-1,True,-1,-1,-1,-1,-1.0,-1
4119,0,-1,-1,-1,-1,True,-1,-1,-1,-1,-1.0,-1
4120,0,1,3,4,13,False,133,13,222,3550,35.5,0
4121,0,1,3,4,22,True,133,12,2,3074,30.74,164
4122,0,-1,-1,-1,-1,True,-1,-1,-1,-1,-1.0,-1
4123,0,1,3,4,24,False,195,11,226,3042,30.42,0
4124,0,1,3,4,22,True,195,11,203,3019,30.19,0
4125,0,1,3,4,30,False,59,3,104,872,8.72,0
4126,0,1,3,4,25,True,59,3,80,848,8.48,0
4127,0,1,3,4,17,False,61,9,33,2337,23.37,0
4128,0,1,3,4,18,True,61,9,13,2317,23.17,0
4129,0,1,3,4,27,False,250,6,196,1732,17.32,0
4130,0,1,3,4,22,True,250,6,169,1705,17.05,0
4131,0,1,3,4,25,False,184,14,236,3820,38.2,0
4132,0,1,3,4,31,True,28,15,104,3944,39.44,13058
4133,0,-1,-1,-1,-1,True,-1,-1,-1,-1,-1.0,-1
4134,0,-1,-1,-1,-1,True,-1,-1,-1,-1,-1.0,-1
4135,0,1,3,4,30,True,104,2,29,541,5.41,0
4136,0,1,3,4,26,False,207,7,214,2006,20.06,0
4137,0,1,3,4,33,True,207,7,194,1986,19.86,0
4138,0,1,3,4,32,False,219,5,238,1518,15.18,0
4139,0,1,3,4,34,True,0,9,0,2304,23.04,167772160
4140,0,-1,-1,-1,-1,True,-1,-1,-1,-1,-1.0,-1
4141,0,230,1,2,41,False,0,0,0,0,0.0,469830144
4142,0,18,0,0,0,False,0,0,10,10,0.1,1512053761
4143,0,84,0,0,0,False,0,0,10,10,0.1,7169
4144,0,62,0,0,0,False,0,0,10,10,0.1,7169
4145,0,93,0,0,0,False,0,0,10,10,0.1,3096910849
4146,0,-1,-1,-1,-1,True,-1,-1,-1,-1,-1.0,-1
4147,0,-1,-1,-1,-1,True,-1,-1,-1,-1,-1.0,-1
4148,0,-1,-1,-1,-1,True,-1,-1,-1,-1,-1.0,-1
4149,0,-1,-1,-1,-1,True,-1,-1,-1,-1,-1.0,-1
4150,0,1,3,4,5,False,127,12,221,3293,32.93,0
4151,0,1,3,4,4,False,127,15,174,4014,40.14,0
4152,0,1,3,4,3,False,97,4,94,1118,11.18,0
4153,0,1,3,4,23,False,143,14,219,3803,38.03,0
4154,0,1,3,4,28,False,143,11,192,3008,30.08,0
4155,0,1,3,4,24,True,143,11,168,2984,29.84,0
4156,0,1,3,4,27,True,143,14,197,3781,37.81,0
4157,0,1,3,4,20,False,64,3,118,886,8.86,0
4158,0,1,3,4,23,False,113,14,141,3725,37.25,0
4159,0,1,3,4,25,True,113,14,119,3703,37.03,0
4160,0,1,3,4,33,False,68,7,114,1906,19.06,0
4161,0,1,2,4,25,False,236,14,172,3756,37.56,0
4162,0,1,3,4,23,True,68,7,93,1885,18.85,0
4163,0,1,2,4,28,True,236,14,152,3736,37.36,0
4164,0,1,3,4,26,False,18,1,178,434,4.34,0
4165,0,1,3,4,24,True,18,1,154,410,4.1,0
4166,0,1,3,4,28,False,18,9,58,2362,23.62,0
4167,0,1,3,4,25,False,18,0,88,88,0.88,0
4168,0,1,2,4,18,True,205,6,27,1563,15.63,0
4169,0,1,3,4,3,False,28,9,74,2378,23.78,9
4170,0,-1,-1,-1,-1,True,-1,-1,-1,-1,-1.0,-1
4171,0,1,30,2,28,False,16,0,0,0,0.0,0
4172,0,1,7,1,2,False,0,0,0,0,0.0,0
4173,0,1,2,2,28,False,147,0,0,0,0.0,0
4174,0,1,7,1,1,False,0,0,0,0,0.0,0
4175,0,1,31,4,28,False,18,2,13,525,5.25,0
4176,0,1,21,1,28,False,0,0,0,0,0.0,0
4177,0,1,18,1,50,False,0,0,0,0,0.0,0
4178,0,1,1,5,18,True,28,6,141,1677,16.77,10
4179,0,1,26,1,28,False,0,0,0,0,0.0,0
4180,0,1,18,5,13,True,10,10,28,2588,25.88,20
4181,0,1,28,0,0,False,0,0,0,0,0.0,0
4182,0,1,0,5,25,False,28,3,222,990,9.9,1
4183,0,1,25,7,28,False,154,14,1,3585,35.85,924861
4184,0,1,19,0,0,False,0,0,0,0,0.0,0
4185,0,1,1,4,8,False,28,2,152,664,6.64,0
4186,0,1,1,4,47,False,28,5,235,1515,15.15,0
4187,0,1,1,1,52,True,0,0,0,0,0.0,0
4188,0,219,0,0,0,False,0,0,10,10,0.1,1796807681
4189,0,-1,-1,-1,-1,True,-1,-1,-1,-1,-1.0,-1
4190,0,1,3,4,25,True,107,13,129,3457,34.57,0
4191,0,1,3,4,32,False,242,0,217,217,2.17,0
4192,0,1,3,4,23,True,242,10,1,2561,25.61,200252956
4193,0,-1,-1,-1,-1,True,-1,-1,-1,-1,-1.0,-1
4194,0,-1,-1,-1,-1,True,-1,-1,-1,-1,-1.0,-1
4195,0,-1,-1,-1,-1,True,-1,-1,-1,-1,-1.0,-1
4196,0,-1,-1,-1,-1,True,-1,-1,-1,-1,-1.0,-1
4197,0,1,3,4,30,False,86,8,71,2119,21.19,0
4198,0,1,3,4,22,True,86,8,47,2095,20.95,0
4199,0,1,3,4,25,False,119,3,158,926,9.26,0
4200,0,1,3,4,30,True,119,13,18,3346,33.46,0
4201,0,1,3,4,22,False,73,2,100,612,6.12,0
4202,0,1,3,4,23,True,73,2,78,590,5.9,0
4203,0,1,3,4,27,False,252,8,183,2231,22.31,0
4204,0,1,3,4,31,True,252,10,14,2574,25.74,0
4205,0,1,3,4,15,False,76,1,18,274,2.74,0
4206,0,1,3,4,13,True,76,0,253,253,2.53,0
4207,0,1,3,4,17,False,41,12,175,3247,32.47,0
4208,0,1,3,4,20,True,41,12,153,3225,32.25,0
4209,0,1,3,4,20,False,84,12,173,3245,32.45,0
4210,0,1,3,4,30,True,84,12,149,3221,32.21,0
4211,0,1,3,4,18,False,199,11,93,2909,29.09,0
4212,0,1,3,4,13,True,199,11,72,2888,28.88,0
4213,0,1,3,4,29,False,59,15,29,3869,38.69,0
4214,0,1,3,4,30,False,59,4,223,1247,12.47,0
4215,0,1,3,4,28,True,59,15,7,3847,38.47,0
4216,0,1,3,4,29,True,59,0,6,6,0.06,93
4217,0,-1,-1,-1,-1,True,-1,-1,-1,-1,-1.0,-1
4218,0,1,3,4,19,True,80,6,72,1608,16.08,0
4219,0,1,3,4,31,True,80,0,9,9,0.09,0
4220,0,1,3,4,26,False,41,10,227,2787,27.87,0
4221,0,1,3,4,28,True,40,10,206,2766,27.66,0
4222,0,1,3,4,25,False,44,5,133,1413,14.13,0
4223,0,1,3,4,26,False,43,8,136,2184,21.84,0
4224,0,1,3,4,12,True,44,5,109,1389,13.89,0
4225,0,1,3,4,13,True,43,8,115,2163,21.63,0
4226,0,1,3,4,25,False,101,7,6,1798,17.98,243
4227,0,-1,-1,-1,-1,True,-1,-1,-1,-1,-1.0,-1
4228,0,1,3,4,1,False,16,12,170,3242,32.42,0
4229,0,1,2,4,22,False,30,2,92,604,6.04,0
4230,0,1,3,4,26,True,16,12,149,3221,32.21,0
4231,0,1,2,4,34,True,30,2,74,586,5.86,0
4232,0,1,3,4,10,False,209,11,112,2928,29.28,0
4233,0,1,3,4,28,True,221,11,91,2907,29.07,0
4234,0,1,3,4,27,True,51,3,19,787,7.87,0
4235,0,1,3,4,29,False,50,8,7,2055,20.55,0
4236,0,1,3,4,26,True,50,7,241,2033,20.33,0
4237,0,1,3,4,29,True,198,15,83,3923,39.23,0
4238,0,1,3,4,26,False,198,12,246,3318,33.18,0
4239,0,1,3,4,28,True,198,12,225,3297,32.97,0
4240,0,1,3,4,29,False,214,14,13,3597,35.97,60
4241,0,-1,-1,-1,-1,True,-1,-1,-1,-1,-1.0,-1
4242,0,1,3,4,30,False,205,4,250,1274,12.74,0
4243,0,1,3,4,25,True,115,12,200,3272,32.72,0
4244,0,1,3,4,22,False,113,6,251,1787,17.87,0
4245,0,1,3,4,24,True,113,6,227,1763,17.63,0
4246,0,1,3,4,0,False,196,2,244,756,7.56,0
4247,0,1,3,4,34,True,196,2,220,732,7.32,0
4248,0,1,3,4,19,False,195,12,61,3133,31.33,0
4249,0,1,3,4,29,True,195,12,42,3114,31.14,0
4250,0,1,3,4,13,False,91,11,124,2940,29.4,0
4251,0,1,3,4,30,False,156,3,43,811,8.11,0
4252,0,1,3,4,20,True,156,3,19,787,7.87,0
4253,0,1,3,4,18,False,88,15,234,4074,40.74,0
4254,0,1,3,4,28,True,88,13,193,3521,35.21,0
4255,0,1,3,4,29,True,88,15,214,4054,40.54,0
4256,0,1,3,4,0,False,145,0,20,20,0.2,0
4257,0,1,3,4,34,True,145,15,252,4092,40.92,0
4258,0,1,3,4,30,True,75,6,139,1675,16.75,0
4259,0,1,1,4,32,False,117,12,0,3072,30.72,100663296
4260,0,-1,-1,-1,-1,True,-1,-1,-1,-1,-1.0,-1
4261,0,-1,-1,-1,-1,True,-1,-1,-1,-1,-1.0,-1
4262,0,-1,-1,-1,-1,True,-1,-1,-1,-1,-1.0,-1
4263,0,-1,-1,-1,-1,True,-1,-1,-1,-1,-1.0,-1
4264,0,-1,-1,-1,-1,True,-1,-1,-1,-1,-1.0,-1
4265,0,1,2,6,6,False,180,12,146,3218,32.18,1558
4266,0,1,19,7,28,False,25,15,14,3854,38.54,10034356
4267,0,1,25,7,14,False,161,12,22,3094,30.94,5570633
4268,0,1,3,4,23,False,71,15,197,4037,40.37,0
4269,0,1,3,4,25,True,71,2,141,653,6.53,0
4270,0,1,3,4,21,True,51,2,120,632,6.32,0
4271,0,1,3,4,30,False,226,13,181,3509,35.09,0
4272,0,1,3,4,19,True,57,13,160,3488,34.88,0
4273,0,1,3,4,27,False,20,15,78,3918,39.18,0
4274,0,1,3,4,30,True,20,15,53,3893,38.93,0
4275,0,1,3,4,26,False,253,14,18,3602,36.02,0
4276,0,1,3,4,27,True,78,13,253,3581,35.81,0
4277,0,1,3,4,23,False,112,1,183,439,4.39,0
4278,0,1,3,4,13,True,112,1,161,417,4.17,0
4279,0,1,3,4,26,False,72,14,13,3597,35.97,127
4280,0,-1,-1,-1,-1,True,-1,-1,-1,-1,-1.0,-1
4281,0,1,3,4,30,True,34,0,153,153,1.53,0
4282,0,1,3,4,26,False,12,7,0,1792,17.92,167772160
4283,0,-1,-1,-1,-1,True,-1,-1,-1,-1,-1.0,-1
4284,0,130,0,0,0,False,0,0,10,10,0.1,4229110785
4285,0,-1,-1,-1,-1,True,-1,-1,-1,-1,-1.0,-1
4286,0,-1,-1,-1,-1,True,-1,-1,-1,-1,-1.0,-1
4287,0,-1,-1,-1,-1,True,-1,-1,-1,-1,-1.0,-1
4288,0,-1,-1,-1,-1,True,-1,-1,-1,-1,-1.0,-1
4289,0,1,3,4,23,True,252,5,22,1302,13.02,0
4290,0,1,3,4,33,True,76,13,148,3476,34.76,0
4291,0,1,3,4,15,False,75,0,174,174,1.74,0
4292,0,1,3,4,34,True,75,0,153,153,1.53,0
4293,0,1,3,4,26,False,223,13,223,3551,35.51,0
4294,0,1,3,4,29,True,223,13,203,3531,35.31,0
4295,0,1,3,4,30,False,136,15,224,4064,40.64,0
4296,0,1,3,4,31,True,136,15,202,4042,40.42,0
4297,0,1,1,4,28,False,14,9,0,2304,23.04,167772160
4298,0,-1,-1,-1,-1,True,-1,-1,-1,-1,-1.0,-1
4299,0,-1,-1,-1,-1,True,-1,-1,-1,-1,-1.0,-1
4300,0,-1,-1,-1,-1,True,-1,-1,-1,-1,-1.0,-1
4301,0,1,3,4,15,True,143,4,80,1104,11.04,0
4302,0,1,3,4,26,False,233,1,148,404,4.04,0
4303,0,1,3,4,23,True,233,1,126,382,3.82,0
4304,0,1,3,4,33,False,135,13,168,3496,34.96,0
4305,0,1,3,4,19,True,135,13,148,3476,34.76,0
4306,0,1,3,4,28,False,176,7,251,2043,20.43,0
4307,0,1,3,4,18,False,240,7,156,1948,19.48,0
4308,0,1,3,4,6,True,240,7,134,1926,19.26,0
4309,0,1,3,4,20,False,32,3,202,970,9.7,0
4310,0,1,3,4,4,True,32,3,180,948,9.48,0
4311,0,1,3,4,20,False,155,5,72,1352,13.52,0
4312,0,1,3,4,21,True,154,5,47,1327,13.27,0
4313,0,1,3,4,30,False,29,10,60,2620,26.2,0
4314,0,1,3,4,15,True,71,10,138,2698,26.98,0
4315,0,1,3,4,22,False,14,11,226,3042,30.42,0
4316,0,1,3,4,32,True,14,11,207,3023,30.23,0
4317,0,1,3,4,29,False,209,15,180,4020,40.2,0
4318,0,1,3,4,22,True,209,15,156,3996,39.96,0
4319,0,1,3,4,29,False,175,1,148,404,4.04,0
4320,0,1,3,4,29,True,175,1,129,385,3.85,0
4321,0,1,3,4,17,False,35,5,163,1443,14.43,0
4322,0,1,3,4,19,True,40,5,49,1329,13.29,0
4323,0,1,3,4,29,False,93,6,149,1685,16.85,0
4324,0,1,1,4,27,False,59,7,34,1826,18.26,0
4325,0,1,3,4,19,True,93,6,127,1663,16.63,0
4326,0,1,1,4,28,False,59,8,3,2051,20.51,0
4327,0,1,3,4,11,True,199,2,15,527,5.27,0
4328,0,1,1,4,25,True,59,7,240,2032,20.32,0
4329,0,1,3,4,28,True,139,2,212,724,7.24,0
4330,0,1,3,4,3,False,139,8,27,2075,20.75,0
4331,0,1,3,4,27,True,139,5,63,1343,13.43,0
4332,0,1,3,4,31,True,12,5,44,1324,13.24,0
4333,0,1,3,4,29,False,176,9,128,2432,24.32,0
4334,0,1,3,4,22,True,39,9,105,2409,24.09,0
4335,0,1,3,4,32,False,209,4,121,1145,11.45,0
4336,0,1,3,4,23,True,209,4,98,1122,11.22,0
4337,0,1,3,7,17,True,4,2,4,516,5.16,980235
4338,0,1,3,2,4,False,141,0,0,0,0.0,0
4339,0,1,3,6,14,False,167,4,6,1030,10.3,3141
4340,0,1,3,6,4,False,154,13,109,3437,34.37,0
4341,0,90,0,0,0,False,0,0,10,10,0.1,3743292417
4342,0,-1,-1,-1,-1,True,-1,-1,-1,-1,-1.0,-1
4343,0,-1,-1,-1,-1,True,-1,-1,-1,-1,-1.0,-1
4344,0,-1,-1,-1,-1,True,-1,-1,-1,-1,-1.0,-1
4345,0,1,3,4,19,True,223,0,47,47,0.47,0
4346,0,1,3,4,18,False,233,13,1,3329,33.29,0
4347,0,1,3,4,26,True,18,12,239,3311,33.11,0
4348,0,1,2,4,22,False,233,1,162,418,4.18,0
4349,0,1,2,4,3,True,5,10,0,2560,25.6,167772160
4350,0,-1,-1,-1,-1,True,-1,-1,-1,-1,-1.0,-1
4351,0,-1,-1,-1,-1,True,-1,-1,-1,-1,-1.0,-1
4352,0,1,3,4,24,False,86,10,5,2565,25.65,0
4353,0,1,3,4,13,True,86,9,239,2543,25.43,0
4354,0,1,3,4,32,False,221,13,242,3570,35.7,0
4355,0,1,3,4,18,True,221,13,220,3548,35.48,0
4356,0,1,3,4,21,False,204,14,15,3599,35.99,206
4357,0,-1,-1,-1,-1,True,-1,-1,-1,-1,-1.0,-1
4358,0,1,3,4,22,True,158,15,184,4024,40.24,0
4359,0,1,3,4,27,False,206,3,45,813,8.13,0
4360,0,1,3,4,14,True,206,3,20,788,7.88,0
4361,0,1,3,4,29,False,55,15,116,3956,39.56,0
4362,0,1,3,4,28,True,55,15,93,3933,39.33,0
4363,0,1,3,4,10,False,56,8,80,2128,21.28,0
4364,0,1,3,4,25,True,56,8,56,2104,21.04,0
4365,0,1,3,4,30,False,8,13,0,3328,33.28,167772160
4366,0,-1,-1,-1,-1,True,-1,-1,-1,-1,-1.0,-1
4367,0,156,0,0,0,False,0,0,10,10,0.1,3073
4368,0,33,0,0,0,False,0,0,10,10,0.1,1711105
4369,0,-1,-1,-1,-1,True,-1,-1,-1,-1,-1.0,-1
4370,0,-1,-1,-1,-1,True,-1,-1,-1,-1,-1.0,-1
4371,0,-1,-1,-1,-1,True,-1,-1,-1,-1,-1.0,-1
4372,0,14,0,0,0,False,0,0,10,10,0.1,990209
4373,0,-1,-1,-1,-1,True,-1,-1,-1,-1,-1.0,-1
4374,0,-1,-1,-1,-1,True,-1,-1,-1,-1,-1.0,-1
4375,0,189,0,0,0,False,0,0,13,13,0.13,1026952961
4376,0,-1,-1,-1,-1,True,-1,-1,-1,-1,-1.0,-1
4377,0,-1,-1,-1,-1,True,-1,-1,-1,-1,-1.0,-1
4378,0,-1,-1,-1,-1,True,-1,-1,-1,-1,-1.0,-1
4379,0,-1,-1,-1,-1,True,-1,-1,-1,-1,-1.0,-1
4380,0,1,3,4,30,False,214,12,33,3105,31.05,0
4381,0,1,22,3,11,False,239,12,0,3072,30.72,0
4382,0,1,8,1,28,False,0,0,0,0,0.0,0
4383,0,1,18,1,22,True,0,0,0,0,0.0,0
4384,0,1,1,4,12,True,178,11,232,3048,30.48,0
4385,0,1,1,4,41,False,28,11,225,3041,30.41,0
4386,0,1,0,7,28,False,158,14,212,3796,37.96,0
4387,0,-1,-1,-1,-1,True,-1,-1,-1,-1,-1.0,-1
4388,0,-1,-1,-1,-1,True,-1,-1,-1,-1,-1.0,-1
4389,0,1,3,4,16,True,95,5,45,1325,13.25,0
4390,0,1,3,4,29,False,206,9,205,2509,25.09,0
4391,0,1,3,4,32,True,206,9,185,2489,24.89,0
4392,0,1,3,4,30,False,213,0,214,214,2.14,0
4393,0,1,3,4,25,True,182,11,172,2988,29.88,0
4394,0,1,3,4,32,False,230,9,186,2490,24.9,0
4395,0,1,3,4,11,True,230,9,163,2467,24.67,0
4396,0,1,3,4,22,False,145,8,7,2055,20.55,9575545
4397,0,-1,-1,-1,-1,True,-1,-1,-1,-1,-1.0,-1
4398,0,-1,-1,-1,-1,True,-1,-1,-1,-1,-1.0,-1
4399,0,-1,-1,-1,-1,True,-1,-1,-1,-1,-1.0,-1
4400,0,1,1,0,0,False,0,0,0,0,0.0,0
4401,0,1,0,7,36,False,28,9,90,2394,23.94,1895694
4402,0,1,17,6,26,False,14,8,28,2076,20.76,20612
4403,0,1,0,6,17,False,28,3,78,846,8.46,58125
4404,0,1,3,4,3,True,230,12,150,3222,32.22,4086
4405,0,-1,-1,-1,-1,True,-1,-1,-1,-1,-1.0,-1
4406,0,-1,-1,-1,-1,True,-1,-1,-1,-1,-1.0,-1
4407,0,1,25,6,28,False,31,2,8,520,5.2,7320
4408,0,1,20,1,18,False,0,0,0,0,0.0,0
4409,0,1,1,0,0,False,0,0,0,0,0.0,0
4410,0,1,16,4,28,False,148,0,0,0,0.0,17367040
4411,0,-1,-1,-1,-1,True,-1,-1,-1,-1,-1.0,-1
4412,0,-1,-1,-1,-1,True,-1,-1,-1,-1,-1.0,-1
4413,0,-1,-1,-1,-1,True,-1,-1,-1,-1,-1.0,-1
4414,0,-1,-1,-1,-1,True,-1,-1,-1,-1,-1.0,-1
4415,0,1,16,7,48,True,7,1,28,284,2.84,897053
4416,0,1,14,3,28,False,136,0,0,0,0.0,0
4417,0,1,1,5,28,False,28,0,31,31,0.31,10
4418,0,1,30,6,28,False,156,15,10,3850,38.5,7391
4419,0,1,0,6,29,False,8,6,28,1564,15.64,7580
4420,0,1,0,7,49,True,0,11,0,2816,28.16,167772160
4421,0,-1,-1,-1,-1,True,-1,-1,-1,-1,-1.0,-1
4422,0,0,0,0,0,False,0,10,1,2561,25.61,0
4423,0,187,0,0,63,False,0,0,0,0,0.0,68096
4424,0,186,1,6,38,True,0,0,0,0,0.0,469830144
4425,0,-1,-1,-1,-1,True,-1,-1,-1,-1,-1.0,-1
4426,0,-1,-1,-1,-1,True,-1,-1,-1,-1,-1.0,-1
4427,0,-1,-1,-1,-1,True,-1,-1,-1,-1,-1.0,-1
4428,0,-1,-1,-1,-1,True,-1,-1,-1,-1,-1.0,-1
4429,0,1,3,4,33,False,4,5,5,1285,12.85,0
4430,0,1,3,4,21,True,4,4,240,1264,12.64,0
4431,0,1,3,4,8,False,99,8,81,2129,21.29,0
4432,0,1,3,4,21,True,99,8,59,2107,21.07,0
4433,0,1,3,4,31,False,36,7,132,1924,19.24,0
4434,0,1,3,4,15,True,36,12,111,3183,31.83,0
4435,0,1,3,4,21,False,114,13,47,3375,33.75,0
4436,0,1,3,4,29,True,114,13,26,3354,33.54,0
4437,0,1,3,4,31,False,80,10,242,2802,28.02,0
4438,0,1,3,4,24,True,80,10,220,2780,27.8,0
4439,0,1,3,4,15,False,237,8,233,2281,22.81,0
4440,0,1,3,4,15,True,237,8,214,2262,22.62,0
4441,0,1,3,4,22,False,130,3,249,1017,10.17,0
4442,0,1,3,4,23,True,130,2,13,525,5.25,0
4443,0,1,3,4,24,True,10,12,0,3072,30.72,167772160
4444,0,-1,-1,-1,-1,True,-1,-1,-1,-1,-1.0,-1
4445,0,-1,-1,-1,-1,True,-1,-1,-1,-1,-1.0,-1
4446,0,-1,-1,-1,-1,True,-1,-1,-1,-1,-1.0,-1
4447,0,-1,-1,-1,-1,True,-1,-1,-1,-1,-1.0,-1
4448,0,-1,-1,-1,-1,True,-1,-1,-1,-1,-1.0,-1
4449,0,-1,-1,-1,-1,True,-1,-1,-1,-1,-1.0,-1
4450,0,1,3,4,34,True,37,2,97,609,6.09,0
4451,0,1,3,4,23,False,2,4,0,1024,10.24,167772160
4452,0,-1,-1,-1,-1,True,-1,-1,-1,-1,-1.0,-1
4453,0,-1,-1,-1,-1,True,-1,-1,-1,-1,-1.0,-1
4454,0,-1,-1,-1,-1,True,-1,-1,-1,-1,-1.0,-1
4455,0,-1,-1,-1,-1,True,-1,-1,-1,-1,-1.0,-1
4456,0,-1,-1,-1,-1,True,-1,-1,-1,-1,-1.0,-1
4457,0,-1,-1,-1,-1,True,-1,-1,-1,-1,-1.0,-1
4458,0,1,3,4,23,False,190,13,175,3503,35.03,0
4459,0,1,3,4,25,True,190,13,151,3479,34.79,0
4460,0,1,3,4,24,False,7,14,45,3629,36.29,0
4461,0,1,3,4,34,True,7,14,20,3604,36.04,0
4462,0,1,3,4,22,False,160,12,133,3205,32.05,480380205
4463,0,-1,-1,-1,-1,True,-1,-1,-1,-1,-1.0,-1
4464,0,-1,-1,-1,-1,True,-1,-1,-1,-1,-1.0,-1
4465,0,-1,-1,-1,-1,True,-1,-1,-1,-1,-1.0,-1
4466,0,-1,-1,-1,-1,True,-1,-1,-1,-1,-1.0,-1
4467,0,1,2,4,33,False,154,9,200,2504,25.04,0
4468,0,1,16,6,46,False,7,3,61,829,8.29,15677
4469,0,1,3,4,13,False,19,4,153,1177,11.77,0
4470,0,1,19,2,9,False,180,0,0,0,0.0,0
4471,0,1,0,6,34,True,28,2,19,531,5.31,36102
4472,0,1,2,4,31,False,143,12,197,3269,32.69,0
4473,0,1,2,4,23,True,3,9,0,2304,23.04,167772160
4474,0,-1,-1,-1,-1,True,-1,-1,-1,-1,-1.0,-1
4475,0,51,0,0,0,False,0,0,10,10,0.1,8920065
4476,0,131,0,0,0,False,0,0,10,10,0.1,3255704577
4477,0,-1,-1,-1,-1,True,-1,-1,-1,-1,-1.0,-1
4478,0,1,3,4,22,True,194,15,39,3879,38.79,0
4479,0,1,3,4,18,False,41,0,90,90,0.9,0
4480,0,1,3,4,30,True,41,0,70,70,0.7,0
4481,0,1,3,4,24,False,99,2,61,573,5.73,0
4482,0,1,3,4,25,False,98,15,190,4030,40.3,0
4483,0,1,3,4,30,True,98,15,168,4008,40.08,0
4484,0,1,3,4,31,True,0,5,0,1280,12.8,167772160
4485,0,-1,-1,-1,-1,True,-1,-1,-1,-1,-1.0,-1
4486,0,-1,-1,-1,-1,True,-1,-1,-1,-1,-1.0,-1
4487,0,-1,-1,-1,-1,True,-1,-1,-1,-1,-1.0,-1
4488,0,-1,-1,-1,-1,True,-1,-1,-1,-1,-1.0,-1
4489,0,-1,-1,-1,-1,True,-1,-1,-1,-1,-1.0,-1
4490,0,-1,-1,-1,-1,True,-1,-1,-1,-1,-1.0,-1
4491,0,1,3,4,26,True,1,14,191,3775,37.75,0
4492,0,1,3,4,27,False,187,5,45,1325,13.25,0
4493,0,1,3,4,24,True,187,12,230,3302,33.02,0
4494,0,1,3,4,32,False,25,3,13,781,7.81,0
4495,0,1,3,4,3,True,25,2,248,760,7.6,0
4496,0,1,3,4,17,True,12,2,232,744,7.44,0
4497,0,1,3,4,5,False,7,13,21,3349,33.49,0
4498,0,1,3,4,19,True,7,13,3,3331,33.31,0
4499,0,1,3,4,4,False,24,15,163,4003,40.03,0
4500,0,1,3,4,23,True,24,15,142,3982,39.82,0
4501,0,1,3,4,6,False,238,1,155,411,4.11,0
4502,0,1,3,4,7,True,227,0,243,243,2.43,0
4503,0,1,3,4,0,False,35,3,196,964,9.64,0
4504,0,1,3,4,34,True,35,3,172,940,9.4,0
4505,0,1,3,4,18,False,5,9,213,2517,25.17,0
4506,0,1,3,4,33,True,5,9,193,2497,24.97,0
4507,0,1,3,4,16,False,28,13,140,3468,34.68,0
4508,0,1,3,4,24,True,28,13,114,3442,34.42,0
4509,0,1,3,4,28,True,85,12,175,3247,32.47,0
4510,0,1,3,4,18,False,85,5,61,1341,13.41,0
4511,0,1,3,4,29,True,86,12,220,3292,32.92,0
4512,0,1,3,4,29,False,50,9,38,2342,23.42,0
4513,0,1,3,4,34,True,50,9,14,2318,23.18,0
4514,0,1,3,4,24,False,90,11,105,2921,29.21,0
4515,0,1,3,4,25,True,89,11,83,2899,28.99,0
4516,0,1,3,4,33,False,27,8,147,2195,21.95,0
4517,0,1,3,4,18,True,27,11,99,2915,29.15,0
4518,0,1,3,4,10,False,138,4,33,1057,10.57,0
4519,0,1,3,4,5,True,138,4,10,1034,10.34,0
4520,0,1,3,4,26,False,215,10,234,2794,27.94,0
4521,0,1,3,4,10,True,215,10,212,2772,27.72,0
4522,0,1,3,4,30,False,164,2,140,652,6.52,0
4523,0,1,3,4,11,True,164,2,116,628,6.28,0
4524,0,1,3,4,12,True,164,1,196,452,4.52,0
4525,0,1,3,4,17,True,177,7,5,1797,17.97,0
4526,0,1,3,4,3,False,175,14,125,3709,37.09,0
4527,0,1,3,4,18,True,175,13,0,3328,33.28,154
4528,0,-1,-1,-1,-1,True,-1,-1,-1,-1,-1.0,-1
4529,0,1,3,4,34,True,221,0,132,132,1.32,0
4530,0,1,3,4,22,False,183,12,53,3125,31.25,0
4531,0,1,3,4,4,True,183,12,33,3105,31.05,0
4532,0,1,3,4,31,False,198,3,177,945,9.45,0
4533,0,1,3,4,22,True,198,3,155,923,9.23,0
4534,0,1,3,4,26,False,12,6,0,1536,15.36,167772160
4535,0,-1,-1,-1,-1,True,-1,-1,-1,-1,-1.0,-1
4536,0,12,20,5,0,False,0,0,0,0,0.0,0
4537,0,1,3,4,22,False,173,10,23,2583,25.83,0
4538,0,1,3,4,19,True,173,10,2,2562,25.62,0
4539,0,1,3,4,14,False,158,1,41,297,2.97,0
4540,0,1,3,4,31,True,11,13,221,3549,35.49,0
4541,0,1,3,4,26,False,85,10,225,2785,27.85,0
4542,0,1,3,4,28,True,28,0,153,153,1.53,57615
4543,0,-1,-1,-1,-1,True,-1,-1,-1,-1,-1.0,-1
4544,0,-1,-1,-1,-1,True,-1,-1,-1,-1,-1.0,-1
4545,0,1,3,4,15,True,153,15,202,4042,40.42,0
4546,0,1,3,4,20,False,243,2,51,563,5.63,0
4547,0,1,3,4,26,True,243,2,28,540,5.4,0
4548,0,1,3,4,27,False,164,5,115,1395,13.95,0
4549,0,1,3,4,30,True,164,8,0,2048,20.48,86
4550,0,-1,-1,-1,-1,True,-1,-1,-1,-1,-1.0,-1
4551,0,1,3,4,24,True,40,0,63,63,0.63,0
4552,0,1,3,4,25,True,41,13,35,3363,33.63,0
4553,0,1,3,4,3,False,139,12,227,3299,32.99,0
4554,0,1,3,4,20,True,139,12,204,3276,32.76,0
4555,0,1,3,4,29,False,35,8,91,2139,21.39,0
4556,0,1,3,4,19,True,14,14,0,3584,35.84,167772160
4557,0,-1,-1,-1,-1,True,-1,-1,-1,-1,-1.0,-1
4558,0,146,0,0,0,False,0,0,10,10,0.1,7169
4559,0,126,0,0,0,False,0,0,10,10,0.1,7169
4560,0,195,0,0,0,False,0,0,10,10,0.1,765467649
4561,0,-1,-1,-1,-1,True,-1,-1,-1,-1,-1.0,-1
4562,0,-1,-1,-1,-1,True,-1,-1,-1,-1,-1.0,-1
4563,0,-1,-1,-1,-1,True,-1,-1,-1,-1,-1.0,-1
4564,0,-1,-1,-1,-1,True,-1,-1,-1,-1,-1.0,-1
4565,0,1,3,4,16,True,174,5,13,1293,12.93,0
4566,0,1,3,4,17,True,4,2,0,512,5.12,167772160
4567,0,-1,-1,-1,-1,True,-1,-1,-1,-1,-1.0,-1
4568,0,245,0,0,0,False,0,0,10,10,0.1,2374900737
4569,0,94,0,0,0,False,0,0,10,10,0.1,3860601857
4570,0,-1,-1,-1,-1,True,-1,-1,-1,-1,-1.0,-1
4571,0,-1,-1,-1,-1,True,-1,-1,-1,-1,-1.0,-1
4572,0,-1,-1,-1,-1,True,-1,-1,-1,-1,-1.0,-1
4573,0,1,3,4,29,True,76,13,226,3554,35.54,0
4574,0,1,3,4,27,False,135,9,89,2393,23.93,0
4575,0,1,3,4,5,True,135,9,64,2368,23.68,0
4576,0,1,3,4,3,False,66,10,182,2742,27.42,0
4577,0,1,3,4,29,True,66,10,161,2721,27.21,0
4578,0,1,3,4,24,False,199,2,128,640,6.4,0
4579,0,1,3,4,19,True,199,2,106,618,6.18,0
4580,0,1,3,4,15,False,168,4,180,1204,12.04,0
4581,0,1,3,4,28,True,168,4,160,1184,11.84,0
4582,0,1,3,4,27,False,160,10,79,2639,26.39,0
4583,0,1,3,4,19,True,160,10,55,2615,26.15,0
4584,0,1,3,4,12,False,63,10,205,2765,27.65,0
4585,0,1,3,4,13,False,8,2,0,512,5.12,167772160
4586,0,-1,-1,-1,-1,True,-1,-1,-1,-1,-1.0,-1
4587,0,-1,-1,-1,-1,True,-1,-1,-1,-1,-1.0,-1
4588,0,1,3,4,22,False,227,2,178,690,6.9,0
4589,0,1,3,4,23,True,6,10,0,2560,25.6,167772160
4590,0,-1,-1,-1,-1,True,-1,-1,-1,-1,-1.0,-1
4591,0,164,0,0,0,False,0,0,10,10,0.1,3483442177
4592,0,-1,-1,-1,-1,True,-1,-1,-1,-1,-1.0,-1
4593,0,1,3,4,27,False,54,0,54,54,0.54,0
4594,0,1,3,4,27,True,54,0,31,31,0.31,0
4595,0,1,1,6,52,True,4,15,4,3844,38.44,4367
4596,0,1,3,4,9,False,19,10,1,2561,25.61,2384245252
4597,0,0,0,0,0,False,0,7,1,1793,17.93,1129
4598,0,-1,-1,-1,-1,True,-1,-1,-1,-1,-1.0,-1
4599,0,62,0,0,0,False,0,0,10,10,0.1,479861761
4600,0,191,0,0,0,False,0,0,10,10,0.1,2904300545
4601,0,-1,-1,-1,-1,True,-1,-1,-1,-1,-1.0,-1
4602,0,-1,-1,-1,-1,True,-1,-1,-1,-1,-1.0,-1
4603,0,1,3,4,13,True,173,15,110,3950,39.5,0
4604,0,1,3,4,15,False,91,4,134,1158,11.58,0
4605,0,1,3,4,17,False,112,11,250,3066,30.66,0
4606,0,1,3,4,21,True,112,4,111,1135,11.35,0
4607,0,1,3,4,22,True,112,11,228,3044,30.44,0
4608,0,1,3,4,17,False,158,10,19,2579,25.79,0
4609,0,1,3,4,21,True,158,9,255,2559,25.59,0
4610,0,1,3,4,26,False,131,5,26,1306,13.06,0
4611,0,1,3,4,22,True,131,5,4,1284,12.84,0
4612,0,1,3,4,23,False,170,11,160,2976,29.76,0
4613,0,1,3,4,21,True,170,11,138,2954,29.54,0
4614,0,1,3,4,12,False,134,15,241,4081,40.81,0
4615,0,1,3,4,10,False,134,3,2,770,7.7,0
4616,0,1,3,4,11,False,134,9,197,2501,25.01,0
4617,0,1,3,4,22,True,215,6,38,1574,15.74,0
4618,0,1,3,4,23,True,212,9,175,2479,24.79,0
4619,0,1,3,4,33,False,196,4,246,1270,12.7,0
4620,0,1,3,4,32,False,196,11,33,2849,28.49,0
4621,0,1,3,4,25,True,195,11,16,2832,28.32,0
4622,0,1,3,4,21,False,76,15,192,4032,40.32,0
4623,0,1,3,4,22,False,96,8,168,2216,22.16,0
4624,0,1,3,4,19,True,96,8,14,2062,20.62,231
4625,0,-1,-1,-1,-1,True,-1,-1,-1,-1,-1.0,-1
4626,0,1,3,4,13,True,248,14,207,3791,37.91,0
4627,0,1,3,4,19,False,61,13,28,3356,33.56,21
4628,0,-1,-1,-1,-1,True,-1,-1,-1,-1,-1.0,-1
4629,0,1,26,7,3,False,29,12,148,3220,32.2,7408159
4630,0,1,3,4,23,True,214,3,7,775,7.75,0
4631,0,1,3,4,23,False,171,5,12,1292,12.92,0
4632,0,1,3,4,16,True,255,4,247,1271,12.71,0
4633,0,1,3,4,16,False,253,0,250,250,2.5,0
4634,0,1,3,4,18,True,253,0,227,227,2.27,0
4635,0,1,3,4,21,False,136,0,71,71,0.71,0
4636,0,1,3,4,22,True,136,0,47,47,0.47,0
4637,0,1,3,4,1,False,92,1,192,448,4.48,0
4638,0,1,3,4,33,True,92,1,172,428,4.28,0
4639,0,1,3,4,26,False,34,1,66,322,3.22,0
4640,0,1,3,4,12,True,34,1,45,301,3.01,0
4641,0,1,3,4,24,False,58,3,11,779,7.79,107
4642,0,-1,-1,-1,-1,True,-1,-1,-1,-1,-1.0,-1
4643,0,1,1,4,3,True,83,5,143,1423,14.23,0
4644,0,1,3,4,11,False,86,12,30,3102,31.02,0
4645,0,1,23,3,0,False,134,12,0,3072,30.72,0
4646,0,1,17,6,59,True,0,13,140,3468,34.68,0
4647,0,120,0,0,0,False,0,0,10,10,0.1,1125850113
4648,0,-1,-1,-1,-1,True,-1,-1,-1,-1,-1.0,-1
4649,0,-1,-1,-1,-1,True,-1,-1,-1,-1,-1.0,-1
4650,0,-1,-1,-1,-1,True,-1,-1,-1,-1,-1.0,-1
4651,0,-1,-1,-1,-1,True,-1,-1,-1,-1,-1.0,-1
4652,0,1,3,4,2,False,89,5,189,1469,14.69,0
4653,0,1,3,4,22,True,111,13,12,3340,33.4,0
4654,0,1,3,4,33,True,98,13,51,3379,33.79,0
4655,0,1,3,4,23,False,4,10,110,2670,26.7,0
4656,0,1,3,4,28,True,4,10,89,2649,26.49,0
4657,0,1,3,4,29,False,53,12,118,3190,31.9,0
4658,0,1,3,4,29,True,53,12,99,3171,31.71,0
4659,0,1,3,4,30,False,177,1,54,310,3.1,0
4660,0,1,3,4,33,True,177,1,38,294,2.94,0
4661,0,1,3,4,24,False,193,15,77,3917,39.17,0
4662,0,1,3,4,30,False,255,9,242,2546,25.46,0
4663,0,1,1,4,18,True,193,15,58,3898,38.98,0
4664,0,1,3,4,28,True,28,15,254,4094,40.94,0
4665,0,1,0,1,1,False,0,0,0,0,0.0,0
4666,0,1,3,4,29,False,184,6,4,1540,15.4,0
4667,0,1,3,4,7,True,184,12,235,3307,33.07,0
4668,0,1,3,4,28,False,50,0,25,25,0.25,0
4669,0,1,3,4,27,True,50,0,2,2,0.02,0
4670,0,1,3,4,0,False,124,3,140,908,9.08,0
4671,0,1,3,4,34,True,124,3,116,884,8.84,0
4672,0,1,3,4,13,False,244,13,87,3415,34.15,0
4673,0,1,3,4,22,True,243,6,18,1554,15.54,0
4674,0,1,3,4,24,False,146,10,120,2680,26.8,0
4675,0,1,3,4,16,True,146,10,99,2659,26.59,0
4676,0,1,3,4,26,False,140,11,251,3067,30.67,0
4677,0,1,3,4,27,True,140,11,229,3045,30.45,0
4678,0,1,3,4,14,False,77,10,182,2742,27.42,0
4679,0,1,3,4,17,True,77,10,157,2717,27.17,0
4680,0,1,3,4,21,False,61,13,201,3529,35.29,0
4681,0,1,3,4,33,True,60,13,180,3508,35.08,0
4682,0,1,3,4,16,False,27,10,31,2591,25.91,0
4683,0,1,3,4,15,False,25,14,190,3774,37.74,0
4684,0,1,3,4,24,True,27,10,6,2566,25.66,0
4685,0,1,3,4,14,False,25,15,140,3980,39.8,0
4686,0,1,3,4,23,True,25,15,117,3957,39.57,0
4687,0,1,3,4,18,False,57,13,136,3464,34.64,0
4688,0,1,3,4,28,True,240,5,237,1517,15.17,0
4689,0,1,3,4,23,False,196,1,112,368,3.68,0
4690,0,1,3,4,14,True,196,1,89,345,3.45,0
4691,0,1,3,4,15,False,67,2,169,681,6.81,0
4692,0,1,3,4,23,False,189,5,249,1529,15.29,0
4693,0,1,3,4,19,True,189,5,227,1507,15.07,0
4694,0,1,3,4,18,False,171,12,152,3224,32.24,0
4695,0,1,3,4,12,True,171,12,131,3203,32.03,0
4696,0,1,3,4,32,False,2,1,92,348,3.48,0
4697,0,1,1,4,15,False,239,1,113,369,3.69,0
4698,0,1,3,4,22,True,248,1,90,346,3.46,0
4699,0,1,3,4,11,False,32,14,200,3784,37.84,0
4700,0,1,3,4,32,True,32,14,180,3764,37.64,0
4701,0,1,1,4,32,False,242,15,191,4031,40.31,0
4702,0,1,3,4,24,False,57,14,86,3670,36.7,0
4703,0,1,1,4,6,True,242,15,171,4011,40.11,0
4704,0,1,3,4,14,False,8,6,0,1536,15.36,167772160
4705,0,-1,-1,-1,-1,True,-1,-1,-1,-1,-1.0,-1
4706,0,62,0,0,0,False,0,0,10,10,0.1,7169
4707,0,233,0,0,0,False,0,0,10,10,0.1,2946571265
4708,0,-1,-1,-1,-1,True,-1,-1,-1,-1,-1.0,-1
4709,0,-1,-1,-1,-1,True,-1,-1,-1,-1,-1.0,-1
4710,0,-1,-1,-1,-1,True,-1,-1,-1,-1,-1.0,-1
4711,0,1,3,4,24,False,86,9,12,2316,23.16,166
4712,0,-1,-1,-1,-1,True,-1,-1,-1,-1,-1.0,-1
4713,0,1,3,4,27,True,121,12,145,3217,32.17,0
4714,0,1,3,4,3,False,15,7,0,1792,17.92,167772160
4715,0,-1,-1,-1,-1,True,-1,-1,-1,-1,-1.0,-1
4716,0,29,0,0,0,False,0,0,10,10,0.1,285481985
4717,0,-1,-1,-1,-1,True,-1,-1,-1,-1,-1.0,-1
4718,0,-1,-1,-1,-1,True,-1,-1,-1,-1,-1.0,-1
4719,0,-1,-1,-1,-1,True,-1,-1,-1,-1,-1.0,-1
4720,0,-1,-1,-1,-1,True,-1,-1,-1,-1,-1.0,-1
4721,0,1,2,4,2,False,216,1,165,421,4.21,0
4722,0,1,2,4,24,True,216,1,144,400,4.0,0
4723,0,1,3,4,21,False,113,1,62,318,3.18,0
4724,0,1,3,4,14,True,113,9,14,2318,23.18,120
4725,0,-1,-1,-1,-1,True,-1,-1,-1,-1,-1.0,-1
4726,0,1,3,4,18,True,249,1,0,256,2.56,0
4727,0,1,3,4,32,True,143,0,38,38,0.38,0
4728,0,1,3,4,16,False,142,6,151,1687,16.87,0
4729,0,1,3,4,31,True,179,7,250,2042,20.42,0
4730,0,1,3,4,31,False,201,14,248,3832,38.32,0
4731,0,1,3,4,33,True,201,14,228,3812,38.12,0
4732,0,1,3,4,17,False,192,5,187,1467,14.67,0
4733,0,1,3,4,12,True,192,5,166,1446,14.46,0
4734,0,1,3,4,27,False,126,14,228,3812,38.12,0
4735,0,1,3,4,15,True,184,15,121,3961,39.61,0
4736,0,1,3,4,17,False,44,13,9,3337,33.37,0
4737,0,1,3,4,24,True,44,12,243,3315,33.15,0
4738,0,1,3,4,14,False,100,9,243,2547,25.47,0
4739,0,1,3,4,24,True,208,9,216,2520,25.2,0
4740,0,1,3,4,10,False,58,1,108,364,3.64,0
4741,0,1,3,4,9,False,55,15,38,3878,38.78,0
4742,0,1,3,4,16,True,55,7,12,1804,18.04,151
4743,0,-1,-1,-1,-1,True,-1,-1,-1,-1,-1.0,-1
4744,0,1,3,4,17,False,13,7,130,1922,19.22,0
4745,0,1,3,4,28,True,13,7,110,1902,19.02,0
4746,0,1,3,4,23,False,30,8,153,2201,22.01,0
4747,0,1,3,4,11,True,30,8,132,2180,21.8,0
4748,0,1,3,4,2,False,10,15,25,3865,38.65,36868
4749,0,-1,-1,-1,-1,True,-1,-1,-1,-1,-1.0,-1
4750,0,-1,-1,-1,-1,True,-1,-1,-1,-1,-1.0,-1
4751,0,1,3,4,26,True,25,4,123,1147,11.47,0
4752,0,1,3,4,16,False,15,6,194,1730,17.3,0
4753,0,1,3,4,9,True,15,10,100,2660,26.6,0
4754,0,1,3,4,25,False,36,10,238,2798,27.98,0
4755,0,1,3,4,19,True,35,10,217,2777,27.77,0
4756,0,1,3,4,16,False,26,10,67,2627,26.27,0
4757,0,1,3,4,24,True,26,12,32,3104,31.04,0
4758,0,1,14,3,13,False,42,12,0,3072,30.72,0
4759,0,1,18,4,48,True,13,3,28,796,7.96,0
4760,0,1,2,1,13,False,0,0,0,0,0.0,0
4761,0,1,0,5,56,True,28,14,13,3597,35.97,5
4762,0,1,28,4,28,False,20,3,230,998,9.98,0
4763,0,1,3,4,8,True,28,3,205,973,9.73,0
4764,0,1,1,4,23,False,160,0,150,150,1.5,0
4765,0,1,3,4,22,False,83,8,22,2070,20.7,0
4766,0,1,3,4,23,False,81,13,13,3341,33.41,156
4767,0,-1,-1,-1,-1,True,-1,-1,-1,-1,-1.0,-1
4768,0,1,3,4,22,True,253,13,131,3459,34.59,0
4769,0,1,3,4,18,False,1,0,0,0,0.0,167772160
4770,0,-1,-1,-1,-1,True,-1,-1,-1,-1,-1.0,-1
4771,0,32,0,0,0,False,0,0,10,10,0.1,3348632577
4772,0,-1,-1,-1,-1,True,-1,-1,-1,-1,-1.0,-1
4773,0,-1,-1,-1,-1,True,-1,-1,-1,-1,-1.0,-1
4774,0,-1,-1,-1,-1,True,-1,-1,-1,-1,-1.0,-1
4775,0,-1,-1,-1,-1,True,-1,-1,-1,-1,-1.0,-1
4776,0,1,3,4,13,False,78,6,184,1720,17.2,0
4777,0,1,3,4,12,True,78,6,163,1699,16.99,0
4778,0,1,3,4,11,False,61,8,90,2138,21.38,0
4779,0,1,3,4,18,True,61,8,4,2052,20.52,144
4780,0,-1,-1,-1,-1,True,-1,-1,-1,-1,-1.0,-1
4781,0,1,3,4,29,False,156,4,19,1043,10.43,0
4782,0,1,3,4,30,True,156,3,253,1021,10.21,0
4783,0,1,3,4,32,False,210,14,65,3649,36.49,0
4784,0,1,3,4,28,True,15,0,0,0,0.0,167772160
4785,0,-1,-1,-1,-1,True,-1,-1,-1,-1,-1.0,-1
4786,0,14,31,4,0,False,0,0,0,0,0.0,266
4787,0,-1,-1,-1,-1,True,-1,-1,-1,-1,-1.0,-1
4788,0,-1,-1,-1,-1,True,-1,-1,-1,-1,-1.0,-1
4789,0,1,3,4,20,False,5,5,96,1376,13.76,0
4790,0,1,3,4,32,True,5,5,69,1349,13.49,0
4791,0,1,3,4,26,False,25,2,172,684,6.84,0
4792,0,1,3,4,27,False,25,7,209,2001,20.01,0
4793,0,1,3,4,27,True,25,2,151,663,6.63,0
4794,0,1,3,4,28,True,25,7,185,1977,19.77,0
4795,0,1,3,4,23,False,160,12,10,3082,30.82,0
4796,0,1,3,4,24,True,160,13,225,3553,35.53,0
4797,0,1,3,7,19,True,13,1,4,260,2.6,561942
4798,0,1,3,3,4,False,28,0,0,0,0.0,720896
4799,0,-1,-1,-1,-1,True,-1,-1,-1,-1,-1.0,-1
4800,0,-1,-1,-1,-1,True,-1,-1,-1,-1,-1.0,-1
4801,0,-1,-1,-1,-1,True,-1,-1,-1,-1,-1.0,-1
4802,0,-1,-1,-1,-1,True,-1,-1,-1,-1,-1.0,-1
4803,0,1,15,0,0,False,0,0,0,0,0.0,0
4804,0,1,1,5,53,False,7,14,0,3584,35.84,167772160
4805,0,246,0,0,0,False,0,0,10,10,0.1,0
4806,0,-1,-1,-1,-1,True,-1,-1,-1,-1,-1.0,-1
4807,0,246,0,1,60,False,0,0,0,0,0.0,469830144
4808,0,-1,-1,-1,-1,True,-1,-1,-1,-1,-1.0,-1
4809,0,-1,-1,-1,-1,True,-1,-1,-1,-1,-1.0,-1
4810,0,1,3,4,8,False,24,4,84,1108,11.08,0
4811,0,1,3,4,31,True,24,4,65,1089,10.89,0
4812,0,1,3,4,23,False,52,10,139,2699,26.99,0
4813,0,1,3,4,22,False,15,11,0,2816,28.16,167772160
4814,0,-1,-1,-1,-1,True,-1,-1,-1,-1,-1.0,-1
4815,0,148,0,0,0,False,0,0,10,10,0.1,83958785
4816,0,-1,-1,-1,-1,True,-1,-1,-1,-1,-1.0,-1
4817,0,1,3,4,12,True,5,8,152,2200,22.0,0
4818,0,1,3,4,7,False,54,5,155,1435,14.35,0
4819,0,1,3,4,27,True,148,9,45,2349,23.49,0
4820,0,1,3,4,30,False,166,5,14,1294,12.94,0
4821,0,1,3,4,14,True,166,4,246,1270,12.7,0
4822,0,1,3,4,27,False,147,8,221,2269,22.69,0
4823,0,1,3,4,32,True,147,8,197,2245,22.45,0
4824,0,1,3,4,26,False,145,1,128,384,3.84,0
4825,0,1,3,4,31,True,145,1,108,364,3.64,0
4826,0,1,3,4,22,False,68,12,78,3150,31.5,0
4827,0,1,3,4,31,True,68,12,58,3130,31.3,0
4828,0,1,2,4,33,True,148,5,34,1314,13.14,0
4829,0,1,3,4,25,False,161,3,181,949,9.49,0
4830,0,1,1,4,19,False,47,6,146,1682,16.82,0
4831,0,1,3,4,29,True,161,3,161,929,9.29,0
4832,0,1,1,4,11,True,47,6,127,1663,16.63,0
4833,0,1,3,4,5,False,127,12,162,3234,32.34,0
4834,0,1,14,5,18,True,15,7,28,1820,18.2,151
4835,0,1,18,2,14,False,239,0,0,0,0.0,0
4836,0,-1,-1,-1,-1,True,-1,-1,-1,-1,-1.0,-1
4837,0,-1,-1,-1,-1,True,-1,-1,-1,-1,-1.0,-1
4838,0,-1,-1,-1,-1,True,-1,-1,-1,-1,-1.0,-1
4839,0,1,3,4,30,True,173,3,80,848,8.48,0
4840,0,1,3,4,7,False,28,1,139,395,3.95,0
4841,0,1,3,4,8,False,27,0,60,60,0.6,0
4842,0,1,3,4,16,True,27,1,123,379,3.79,0
4843,0,1,3,4,28,False,238,14,239,3823,38.23,0
4844,0,1,3,4,25,True,12,1,0,256,2.56,167772160
4845,0,-1,-1,-1,-1,True,-1,-1,-1,-1,-1.0,-1
4846,0,19,0,0,0,False,0,0,10,10,0.1,916134913
4847,0,255,0,0,0,False,0,0,10,10,0.1,1842177
4848,0,193,0,0,0,False,0,0,10,10,0.1,2038963201
4849,0,-1,-1,-1,-1,True,-1,-1,-1,-1,-1.0,-1
4850,0,-1,-1,-1,-1,True,-1,-1,-1,-1,-1.0,-1
4851,0,-1,-1,-1,-1,True,-1,-1,-1,-1,-1.0,-1
4852,0,1,3,4,27,False,28,15,0,3840,38.4,0
4853,0,1,3,4,25,True,28,14,231,3815,38.15,0
4854,0,1,3,4,29,False,135,2,152,664,6.64,0
4855,0,1,3,4,34,True,135,2,127,639,6.39,0
4856,0,1,3,4,16,False,11,14,73,3657,36.57,0
4857,0,1,3,4,17,False,11,1,4,260,2.6,122
4858,0,-1,-1,-1,-1,True,-1,-1,-1,-1,-1.0,-1
4859,0,1,3,4,27,True,194,11,219,3035,30.35,0
4860,0,1,3,4,20,False,129,5,229,1509,15.09,0
4861,0,1,3,4,19,False,124,0,185,185,1.85,0
4862,0,1,3,4,22,True,175,10,163,2723,27.23,0
4863,0,1,3,4,17,False,220,1,142,398,3.98,0
4864,0,1,3,4,32,True,219,1,123,379,3.79,0
4865,0,1,3,4,16,False,184,13,185,3513,35.13,0
4866,0,1,3,4,6,True,184,13,160,3488,34.88,0
4867,0,1,3,4,23,False,8,0,205,205,2.05,0
4868,0,1,1,4,33,False,111,0,0,0,0.0,17432576
4869,0,159,0,0,0,False,0,0,10,10,0.1,110500865
4870,0,-1,-1,-1,-1,True,-1,-1,-1,-1,-1.0,-1
4871,0,1,3,4,17,False,63,5,135,1415,14.15,0
4872,0,1,3,4,27,True,63,6,19,1555,15.55,0
4873,0,1,3,4,29,False,215,10,64,2624,26.24,0
4874,0,1,3,4,7,True,215,10,43,2603,26.03,0
4875,0,1,3,4,3,False,16,15,170,4010,40.1,0
4876,0,1,3,4,7,True,16,15,147,3987,39.87,0
4877,0,1,3,4,27,False,67,1,129,385,3.85,0
4878,0,1,3,4,27,True,67,1,106,362,3.62,0
4879,0,1,3,4,30,True,165,11,122,2938,29.38,0
4880,0,1,3,4,17,True,165,11,99,2915,29.15,0
4881,0,1,3,4,16,False,156,10,56,2616,26.16,0
4882,0,1,3,4,15,False,205,7,13,1805,18.05,120
4883,0,-1,-1,-1,-1,True,-1,-1,-1,-1,-1.0,-1
4884,0,1,1,4,32,True,247,1,126,382,3.82,0
4885,0,1,3,4,23,False,105,1,137,393,3.93,0
4886,0,1,3,4,28,False,91,15,210,4050,40.5,0
4887,0,1,3,4,27,True,91,15,186,4026,40.26,0
4888,0,1,3,4,3,False,74,6,253,1789,17.89,0
4889,0,1,3,4,28,False,117,7,176,1968,19.68,0
4890,0,1,3,4,33,True,117,7,153,1945,19.45,0
4891,0,1,3,4,19,False,253,11,200,3016,30.16,0
4892,0,1,1,4,10,False,52,2,0,512,5.12,94
4893,0,-1,-1,-1,-1,True,-1,-1,-1,-1,-1.0,-1
4894,0,1,3,4,8,False,131,5,250,1530,15.3,0
4895,0,1,1,4,28,False,42,0,51,51,0.51,0
4896,0,1,3,4,29,False,141,1,165,421,4.21,0
4897,0,1,1,4,29,True,42,0,33,33,0.33,0
4898,0,1,3,4,23,True,131,5,8,1288,12.88,9
4899,0,-1,-1,-1,-1,True,-1,-1,-1,-1,-1.0,-1
4900,0,1,3,4,33,False,138,8,115,2163,21.63,0
4901,0,1,1,4,26,False,68,10,95,2655,26.55,0
4902,0,1,3,4,29,False,58,13,155,3483,34.83,0
4903,0,1,2,4,18,False,196,2,179,691,6.91,0
4904,0,1,3,4,13,True,58,13,132,3460,34.6,0
4905,0,1,2,4,29,True,196,2,160,672,6.72,0
4906,0,1,3,4,11,False,20,11,139,2955,29.55,0
4907,0,1,1,4,31,True,187,10,89,2649,26.49,0
4908,0,1,3,4,21,True,19,15,14,3854,38.54,0
4909,0,1,2,4,28,False,140,15,13,3853,38.53,0
4910,0,1,31,6,28,False,0,7,1,1793,17.93,7319
4911,0,1,20,2,23,False,6,11,0,2816,28.16,0
4912,0,-1,-1,-1,-1,True,-1,-1,-1,-1,-1.0,-1
4913,0,1,3,4,21,False,210,5,136,1416,14.16,0
4914,0,1,3,4,34,True,210,5,113,1393,13.93,0
4915,0,1,3,4,21,False,188,7,13,1805,18.05,0
4916,0,1,3,4,30,True,188,6,246,1782,17.82,0
4917,0,1,3,4,22,False,235,12,237,3309,33.09,0
4918,0,1,3,4,22,True,235,12,217,3289,32.89,0
4919,0,1,3,4,23,False,30,0,223,223,2.23,0
4920,0,1,3,4,19,False,32,6,126,1662,16.62,0
4921,0,1,3,4,19,True,28,15,242,4082,40.82,16135
4922,0,-1,-1,-1,-1,True,-1,-1,-1,-1,-1.0,-1
4923,0,-1,-1,-1,-1,True,-1,-1,-1,-1,-1.0,-1
4924,0,1,3,4,32,True,49,13,174,3502,35.02,0
4925,0,1,3,4,22,False,82,7,43,1835,18.35,0
4926,0,1,3,4,30,True,82,7,21,1813,18.13,0
4927,0,1,3,4,12,False,177,6,53,1589,15.89,0
4928,0,1,3,4,6,True,177,12,70,3142,31.42,0
4929,0,1,3,4,20,False,109,1,55,311,3.11,0
4930,0,1,3,4,23,False,108,8,62,2110,21.1,0
4931,0,1,3,4,13,True,109,1,31,287,2.87,0
4932,0,1,3,4,30,True,116,14,5,3589,35.89,0
4933,0,1,3,4,30,False,57,9,147,2451,24.51,0
4934,0,1,3,4,28,True,57,9,123,2427,24.27,0
4935,0,1,3,4,21,False,129,2,155,667,6.67,0
4936,0,1,3,4,25,True,129,2,132,644,6.44,0
4937,0,1,3,4,19,False,47,11,181,2997,29.97,0
4938,0,1,3,4,29,True,47,11,162,2978,29.78,0
4939,0,1,3,4,14,False,48,5,15,1295,12.95,6
4940,0,-1,-1,-1,-1,True,-1,-1,-1,-1,-1.0,-1
4941,0,1,3,4,15,False,108,2,149,661,6.61,0
4942,0,1,3,4,23,True,10,10,0,2560,25.6,167772160
4943,0,-1,-1,-1,-1,True,-1,-1,-1,-1,-1.0,-1
4944,0,213,0,0,0,False,0,0,10,10,0.1,2215779329
4945,0,-1,-1,-1,-1,True,-1,-1,-1,-1,-1.0,-1
4946,0,-1,-1,-1,-1,True,-1,-1,-1,-1,-1.0,-1
4947,0,-1,-1,-1,-1,True,-1,-1,-1,-1,-1.0,-1
4948,0,-1,-1,-1,-1,True,-1,-1,-1,-1,-1.0,-1
4949,0,1,3,4,17,False,132,15,91,3931,39.31,0
4950,0,1,3,4,23,True,131,15,70,3910,39.1,0
4951,0,1,3,4,13,False,13,3,0,768,7.68,167772160
4952,0,-1,-1,-1,-1,True,-1,-1,-1,-1,-1.0,-1
4953,0,110,0,0,0,False,0,0,10,10,0.1,2768706561
4954,0,-1,-1,-1,-1,True,-1,-1,-1,-1,-1.0,-1
4955,0,-1,-1,-1,-1,True,-1,-1,-1,-1,-1.0,-1
4956,0,-1,-1,-1,-1,True,-1,-1,-1,-1,-1.0,-1
4957,0,1,3,4,24,True,165,15,157,3997,39.97,0
4958,0,1,3,4,11,False,3,2,136,648,6.48,0
4959,0,1,3,4,32,True,3,2,116,628,6.28,0
4960,0,1,1,4,31,True,202,10,185,2745,27.45,0
4961,0,1,3,4,19,False,184,12,210,3282,32.82,0
4962,0,1,1,4,30,False,198,6,6,1542,15.42,7
4963,0,-1,-1,-1,-1,True,-1,-1,-1,-1,-1.0,-1
4964,0,1,3,4,15,False,73,15,2,3842,38.42,0
4965,0,1,1,4,19,True,102,5,244,1524,15.24,0
4966,0,1,3,4,9,False,14,12,28,3100,31.0,0
4967,0,1,1,3,13,False,177,12,0,3072,30.72,0
4968,0,1,19,5,41,False,13,11,29,2845,28.45,41
4969,0,1,1,5,27,True,4,10,28,2588,25.88,12
4970,0,1,14,4,4,False,231,14,90,3674,36.74,0
4971,0,1,3,4,14,False,250,12,160,3232,32.32,0
4972,0,1,1,4,25,True,231,14,71,3655,36.55,0
4973,0,1,16,7,28,False,3,1,15,271,2.71,9968651
4974,0,1,0,1,14,False,0,0,0,0,0.0,0
4975,0,1,30,4,28,False,27,13,9,3337,33.37,0
4976,0,1,0,3,28,False,151,13,0,3328,33.28,0
4977,0,1,1,0,0,False,0,0,0,0,0.0,0
4978,0,1,29,0,0,False,0,0,0,0,0.0,0
4979,0,-1,-1,-1,-1,True,-1,-1,-1,-1,-1.0,-1
4980,0,-1,-1,-1,-1,True,-1,-1,-1,-1,-1.0,-1
4981,0,-1,-1,-1,-1,True,-1,-1,-1,-1,-1.0,-1
4982,0,-1,-1,-1,-1,True,-1,-1,-1,-1,-1.0,-1
4983,0,1,3,4,23,False,122,8,12,2060,20.6,0
4984,0,1,3,4,11,True,122,7,247,2039,20.39,0
4985,0,1,3,4,12,True,122,2,185,697,6.97,0
4986,0,1,3,4,29,False,251,0,153,153,1.53,0
4987,0,1,3,4,17,True,251,0,129,129,1.29,0
4988,0,1,1,4,8,True,94,6,82,1618,16.18,0
4989,0,1,3,4,11,False,47,11,98,2914,29.14,0
4990,0,1,1,4,27,False,93,8,218,2266,22.66,0
4991,0,1,3,4,10,False,61,13,61,3389,33.89,0
4992,0,1,3,4,8,False,24,12,28,3100,31.0,0
4993,0,1,11,5,10,False,235,3,57,825,8.25,28
4994,0,1,19,0,0,False,0,0,0,0,0.0,0
4995,0,1,1,4,14,False,240,0,0,0,0.0,17432576
4996,0,-1,-1,-1,-1,True,-1,-1,-1,-1,-1.0,-1
4997,0,-1,-1,-1,-1,True,-1,-1,-1,-1,-1.0,-1
4998,0,-1,-1,-1,-1,True,-1,-1,-1,-1,-1.0,-1
4999,0,1,3,4,31,True,234,7,10,1802,18.02,232
5000,0,-1,-1,-1,-1,True,-1,-1,-1,-1,-1.0,-1
5001,0,1,3,4,28,False,77,10,133,2693,26.93,0
5002,0,1,1,4,26,True,108,10,212,2772,27.72,0
5003,0,1,3,4,28,False,151,14,7,3591,35.91,0
5004,0,1,3,4,24,True,27,14,176,3760,37.6,0
5005,0,1,3,4,12,False,26,0,42,42,0.42,0
5006,0,1,3,4,22,True,26,0,20,20,0.2,0
5007,0,1,3,4,24,False,60,8,120,2168,21.68,0
5008,0,1,1,4,6,False,14,11,238,3054,30.54,0
5009,0,1,3,4,22,True,139,11,217,3033,30.33,0
5010,0,1,3,4,21,False,117,8,75,2123,21.23,0
5011,0,1,3,4,33,True,117,8,54,2102,21.02,0
5012,0,1,3,4,33,False,146,15,190,4030,40.3,0
5013,0,1,3,4,21,True,146,15,170,4010,40.1,0
5014,0,1,3,4,16,False,106,2,64,576,5.76,0
5015,0,1,3,4,30,True,106,2,42,554,5.54,0
5016,0,1,3,4,25,False,10,2,0,512,5.12,116
5017,0,-1,-1,-1,-1,True,-1,-1,-1,-1,-1.0,-1
5018,0,1,3,4,19,True,130,0,96,96,0.96,0
5019,0,1,3,4,24,False,72,1,51,307,3.07,0
5020,0,1,3,4,23,True,72,1,28,284,2.84,0
5021,0,1,3,4,0,False,254,13,199,3527,35.27,0
5022,0,1,3,4,34,True,254,13,174,3502,35.02,0
5023,0,1,3,4,26,False,95,15,92,3932,39.32,0
5024,0,1,3,4,29,False,96,0,169,169,1.69,0
5025,0,1,3,4,28,False,95,9,251,2555,25.55,0
5026,0,1,3,4,30,False,95,12,28,3100,31.0,285841
5027,0,-1,-1,-1,-1,True,-1,-1,-1,-1,-1.0,-1
5028,0,-1,-1,-1,-1,True,-1,-1,-1,-1,-1.0,-1
5029,0,-1,-1,-1,-1,True,-1,-1,-1,-1,-1.0,-1
5030,0,1,1,4,27,True,146,3,51,819,8.19,0
5031,0,1,0,5,28,False,33,2,14,526,5.26,201
5032,0,1,3,4,25,True,28,14,179,3763,37.63,0
5033,0,1,3,4,27,False,53,4,227,1251,12.51,0
5034,0,1,3,4,28,True,53,4,207,1231,12.31,0
5035,0,1,1,4,14,False,122,2,41,553,5.53,0
5036,0,1,3,4,23,True,122,2,19,531,5.31,0
5037,0,1,1,4,6,False,176,3,248,1016,10.16,0
5038,0,1,3,4,12,True,176,3,225,993,9.93,0
5039,0,1,3,4,12,False,160,10,208,2768,27.68,0
5040,0,1,3,4,8,True,160,10,186,2746,27.46,0
5041,0,1,3,4,15,False,62,4,123,1147,11.47,0
5042,0,1,3,4,31,True,62,4,104,1128,11.28,0
5043,0,1,3,4,12,True,149,1,150,406,4.06,0
5044,0,1,3,4,12,False,148,10,43,2603,26.03,0
5045,0,1,3,4,29,True,131,10,23,2583,25.83,0
5046,0,1,3,4,25,False,146,2,211,723,7.23,0
5047,0,1,3,4,32,True,146,2,193,705,7.05,0
5048,0,1,1,4,20,False,168,1,7,263,2.63,101
5049,0,-1,-1,-1,-1,True,-1,-1,-1,-1,-1.0,-1
5050,0,1,3,4,7,False,76,12,23,3095,30.95,0
5051,0,1,12,7,10,False,142,12,150,3222,32.22,7866983
5052,0,1,3,4,32,False,70,6,236,1772,17.72,0
5053,0,1,3,4,5,True,70,6,215,1751,17.51,0
5054,0,1,3,4,26,True,247,11,167,2983,29.83,0
5055,0,1,3,4,16,False,247,15,144,3984,39.84,0
5056,0,1,3,4,12,True,150,2,156,668,6.68,0
5057,0,1,3,4,20,False,81,5,81,1361,13.61,0
5058,0,1,3,4,25,True,81,5,55,1335,13.35,0
5059,0,1,3,4,22,False,53,11,110,2926,29.26,0
5060,0,1,3,4,26,True,53,11,89,2905,29.05,0
5061,0,1,3,4,19,False,218,8,229,2277,22.77,0
5062,0,1,3,4,25,True,218,8,208,2256,22.56,0
5063,0,1,3,4,6,False,112,5,15,1295,12.95,0
5064,0,1,3,4,24,False,183,2,163,675,6.75,0
5065,0,1,1,4,21,True,58,4,252,1276,12.76,0
5066,0,1,3,4,14,True,28,1,4,260,2.6,0
5067,0,1,1,6,59,False,28,7,130,1922,19.22,0
5068,0,108,0,0,0,False,0,0,10,10,0.1,1
5069,0,237,0,0,0,False,0,0,10,10,0.1,161160193
5070,0,-1,-1,-1,-1,True,-1,-1,-1,-1,-1.0,-1
5071,0,-1,-1,-1,-1,True,-1,-1,-1,-1,-1.0,-1
5072,0,-1,-1,-1,-1,True,-1,-1,-1,-1,-1.0,-1
5073,0,-1,-1,-1,-1,True,-1,-1,-1,-1,-1.0,-1
5074,0,1,3,3,51,True,3,4,0,1024,10.24,0
5075,0,1,3,4,29,True,30,0,187,187,1.87,0
5076,0,1,3,4,15,True,30,0,163,163,1.63,0
5077,0,1,3,4,23,False,31,8,13,2061,20.61,12
5078,0,-1,-1,-1,-1,True,-1,-1,-1,-1,-1.0,-1
5079,0,1,3,4,22,True,200,12,246,3318,33.18,0
5080,0,1,3,4,16,False,145,4,16,1040,10.4,0
5081,0,1,3,4,19,True,145,3,248,1016,10.16,0
5082,0,1,3,4,26,True,92,8,69,2117,21.17,0
5083,0,1,3,4,19,False,144,7,133,1925,19.25,0
5084,0,1,3,4,18,True,144,4,180,1204,12.04,0
5085,0,1,1,4,28,True,209,4,162,1186,11.86,0
5086,0,1,3,4,28,False,18,0,90,90,0.9,0
5087,0,1,3,4,25,True,18,14,75,3659,36.59,0
5088,0,1,3,4,14,False,162,10,159,2719,27.19,0
5089,0,1,3,4,10,False,136,12,32,3104,31.04,0
5090,0,1,17,7,13,False,163,12,139,3211,32.11,9178511
5091,0,1,3,4,21,False,70,3,27,795,7.95,0
5092,0,1,3,4,11,True,70,3,4,772,7.72,0
5093,0,1,3,4,13,False,188,14,103,3687,36.87,0
5094,0,1,3,4,26,True,188,14,84,3668,36.68,0
5095,0,1,3,4,13,False,186,1,142,398,3.98,0
5096,0,1,3,4,26,True,186,1,124,380,3.8,0
5097,0,1,3,4,25,True,67,12,22,3094,30.94,0
5098,0,1,16,2,8,False,180,0,0,0,0.0,0
5099,0,1,3,4,6,True,130,8,156,2204,22.04,0
5100,0,1,3,4,4,True,129,14,142,3726,37.26,0
5101,0,1,3,4,23,False,129,8,208,2256,22.56,0
5102,0,1,3,4,5,True,129,8,188,2236,22.36,0
5103,0,1,3,4,4,False,216,7,219,2011,20.11,0
5104,0,1,3,4,27,True,199,7,198,1990,19.9,0
5105,0,1,1,4,30,False,3,0,172,172,1.72,0
5106,0,1,3,4,12,False,122,15,152,3992,39.92,0
5107,0,1,1,4,8,True,3,0,155,155,1.55,0
5108,0,1,3,4,21,False,234,9,228,2532,25.32,0
5109,0,1,3,4,29,False,117,12,58,3130,31.3,0
5110,0,1,3,4,21,False,158,0,66,66,0.66,0
5111,0,1,3,4,13,True,2,4,0,1024,10.24,167772160
5112,0,-1,-1,-1,-1,True,-1,-1,-1,-1,-1.0,-1
5113,0,235,1,2,35,True,0,0,0,0,0.0,469830144
5114,0,-1,-1,-1,-1,True,-1,-1,-1,-1,-1.0,-1
5115,0,-1,-1,-1,-1,True,-1,-1,-1,-1,-1.0,-1
5116,0,-1,-1,-1,-1,True,-1,-1,-1,-1,-1.0,-1
5117,0,1,3,4,32,False,127,0,165,165,1.65,0
5118,0,1,3,4,24,True,127,4,155,1179,11.79,0
5119,0,1,3,4,17,False,28,9,146,2450,24.5,0
5120,0,1,3,4,15,True,28,9,124,2428,24.28,0
5121,0,1,3,4,29,False,34,12,152,3224,32.24,0
5122,0,1,3,4,32,True,34,12,131,3203,32.03,0
5123,0,1,3,4,16,False,185,3,124,892,8.92,0
5124,0,1,3,4,26,True,185,12,160,3232,32.32,0
5125,0,1,3,4,16,False,49,13,63,3391,33.91,0
5126,0,1,3,4,17,True,49,13,38,3366,33.66,0
5127,0,1,3,4,30,False,208,10,145,2705,27.05,0
5128,0,1,3,4,24,True,208,10,121,2681,26.81,0
5129,0,1,3,4,28,False,109,11,146,2962,29.62,0
5130,0,1,3,4,27,False,108,1,178,434,4.34,0
5131,0,1,3,4,33,True,108,1,153,409,4.09,0
5132,0,1,3,4,32,False,149,2,168,680,6.8,0
5133,0,1,3,4,7,True,4,5,0,1280,12.8,167772160
5134,0,-1,-1,-1,-1,True,-1,-1,-1,-1,-1.0,-1
5135,0,-1,-1,-1,-1,True,-1,-1,-1,-1,-1.0,-1
5136,0,-1,-1,-1,-1,True,-1,-1,-1,-1,-1.0,-1
5137,0,1,3,4,33,False,124,8,1,2049,20.49,0
5138,0,1,3,4,22,True,124,7,236,2028,20.28,0
5139,0,1,3,4,31,False,118,10,12,2572,25.72,163
5140,0,-1,-1,-1,-1,True,-1,-1,-1,-1,-1.0,-1
5141,0,1,3,4,30,True,186,12,143,3215,32.15,0
5142,0,1,3,4,20,False,90,2,17,529,5.29,0
5143,0,1,3,4,30,True,90,1,250,506,5.06,0
5144,0,1,3,4,33,False,63,14,59,3643,36.43,0
5145,0,1,3,4,21,True,63,14,39,3623,36.23,0
5146,0,1,3,4,10,False,2,1,0,256,2.56,167772160
5147,0,-1,-1,-1,-1,True,-1,-1,-1,-1,-1.0,-1
5148,0,105,0,0,0,False,0,0,10,10,0.1,1544363009
5149,0,-1,-1,-1,-1,True,-1,-1,-1,-1,-1.0,-1
5150,0,-1,-1,-1,-1,True,-1,-1,-1,-1,-1.0,-1
5151,0,-1,-1,-1,-1,True,-1,-1,-1,-1,-1.0,-1
5152,0,1,3,4,19,True,92,4,170,1194,11.94,0
5153,0,1,3,4,21,False,130,8,199,2247,22.47,0
5154,0,1,3,4,18,True,130,8,176,2224,22.24,0
5155,0,1,3,4,13,False,59,0,0,0,0.0,32
5156,0,-1,-1,-1,-1,True,-1,-1,-1,-1,-1.0,-1
5157,0,1,3,4,12,False,72,5,200,1480,14.8,0
5158,0,1,3,4,17,True,72,5,177,1457,14.57,0
5159,0,1,3,4,19,False,135,15,70,3910,39.1,0
5160,0,1,3,4,28,True,126,8,16,2064,20.64,0
5161,0,1,3,4,7,True,126,7,251,2043,20.43,0
5162,0,1,3,4,15,False,4,3,0,768,7.68,167772160
5163,0,-1,-1,-1,-1,True,-1,-1,-1,-1,-1.0,-1
5164,0,-1,-1,-1,-1,True,-1,-1,-1,-1,-1.0,-1
5165,0,-1,-1,-1,-1,True,-1,-1,-1,-1,-1.0,-1
5166,0,1,3,4,13,False,34,12,206,3278,32.78,0
5167,0,1,3,4,29,True,34,12,187,3259,32.59,0
5168,0,1,3,4,32,False,223,7,11,1803,18.03,226
5169,0,-1,-1,-1,-1,True,-1,-1,-1,-1,-1.0,-1
5170,0,1,3,4,22,True,247,11,201,3017,30.17,0
5171,0,1,3,4,33,False,1,5,0,1280,12.8,167772160
5172,0,-1,-1,-1,-1,True,-1,-1,-1,-1,-1.0,-1
5173,0,-1,-1,-1,-1,True,-1,-1,-1,-1,-1.0,-1
5174,0,-1,-1,-1,-1,True,-1,-1,-1,-1,-1.0,-1
5175,0,-1,-1,-1,-1,True,-1,-1,-1,-1,-1.0,-1
5176,0,-1,-1,-1,-1,True,-1,-1,-1,-1,-1.0,-1
5177,0,-1,-1,-1,-1,True,-1,-1,-1,-1,-1.0,-1
5178,0,1,3,4,24,False,192,15,141,3981,39.81,0
5179,0,1,3,4,25,True,192,15,118,3958,39.58,0
5180,0,1,3,4,11,False,228,15,96,3936,39.36,0
5181,0,1,3,4,29,True,228,15,75,3915,39.15,0
5182,0,1,3,4,10,False,168,13,227,3555,35.55,0
5183,0,1,3,4,11,False,234,11,91,2907,29.07,0
5184,0,1,3,4,27,True,235,0,68,68,0.68,0
5185,0,1,3,4,33,False,17,10,118,2678,26.78,0
5186,0,1,3,4,17,True,17,10,96,2656,26.56,0
5187,0,1,3,4,7,False,88,10,18,2578,25.78,0
5188,0,1,3,4,9,False,88,11,102,2918,29.18,0
5189,0,1,3,4,32,True,2,6,0,1536,15.36,167772160
5190,0,-1,-1,-1,-1,True,-1,-1,-1,-1,-1.0,-1
5191,0,-1,-1,-1,-1,True,-1,-1,-1,-1,-1.0,-1
5192,0,-1,-1,-1,-1,True,-1,-1,-1,-1,-1.0,-1
5193,0,-1,-1,-1,-1,True,-1,-1,-1,-1,-1.0,-1
5194,0,1,3,4,28,True,27,5,26,1306,13.06,0
5195,0,1,3,4,29,True,26,2,177,689,6.89,0
5196,0,1,3,4,28,False,241,2,18,530,5.3,0
5197,0,1,3,4,33,True,142,3,200,968,9.68,0
5198,0,1,3,4,23,False,61,1,216,472,4.72,0
5199,0,1,3,4,31,True,31,2,245,757,7.57,0
5200,0,1,3,4,33,True,31,2,224,736,7.36,0
5201,0,1,3,4,0,False,12,10,0,2560,25.6,167772160
5202,0,-1,-1,-1,-1,True,-1,-1,-1,-1,-1.0,-1
5203,0,166,0,0,0,False,0,0,10,10,0.1,3020823553
5204,0,-1,-1,-1,-1,True,-1,-1,-1,-1,-1.0,-1
5205,0,-1,-1,-1,-1,True,-1,-1,-1,-1,-1.0,-1
5206,0,-1,-1,-1,-1,True,-1,-1,-1,-1,-1.0,-1
5207,0,-1,-1,-1,-1,True,-1,-1,-1,-1,-1.0,-1
5208,0,1,3,4,25,True,180,1,202,458,4.58,0
5209,0,1,3,4,29,False,152,0,49,49,0.49,0
5210,0,1,3,4,23,True,152,0,25,25,0.25,0
5211,0,1,1,4,28,False,56,15,168,4008,40.08,25724188
5212,0,-1,-1,-1,-1,True,-1,-1,-1,-1,-1.0,-1
5213,0,-1,-1,-1,-1,True,-1,-1,-1,-1,-1.0,-1
5214,0,-1,-1,-1,-1,True,-1,-1,-1,-1,-1.0,-1
5215,0,-1,-1,-1,-1,True,-1,-1,-1,-1,-1.0,-1
5216,0,1,26,0,0,False,0,0,0,0,0.0,0
5217,0,1,3,4,23,False,134,1,215,471,4.71,0
5218,0,1,3,4,6,True,134,1,193,449,4.49,0
5219,0,1,3,4,11,True,58,2,78,590,5.9,0
5220,0,1,3,4,18,False,223,6,244,1780,17.8,0
5221,0,1,3,4,20,True,223,6,222,1758,17.58,0
5222,0,1,1,4,28,False,192,15,220,4060,40.6,0
5223,0,1,3,4,22,False,184,9,6,2310,23.1,0
5224,0,1,3,4,21,False,151,13,64,3392,33.92,0
5225,0,1,3,4,17,True,151,13,41,3369,33.69,0
5226,0,1,3,4,3,False,23,10,50,2610,26.1,0
5227,0,1,3,4,32,True,23,10,32,2592,25.92,0
5228,0,1,3,4,20,False,0,3,0,768,7.68,201326592
5229,0,-1,-1,-1,-1,True,-1,-1,-1,-1,-1.0,-1
5230,0,-1,-1,-1,-1,True,-1,-1,-1,-1,-1.0,-1
5231,0,-1,-1,-1,-1,True,-1,-1,-1,-1,-1.0,-1
5232,0,-1,-1,-1,-1,True,-1,-1,-1,-1,-1.0,-1
5233,0,1,1,4,3,True,43,0,159,159,1.59,0
5234,0,1,3,4,25,False,8,10,244,2804,28.04,0
5235,0,1,3,4,21,True,8,10,223,2783,27.83,0
5236,0,1,3,4,26,False,15,13,0,3328,33.28,167772160
5237,0,-1,-1,-1,-1,True,-1,-1,-1,-1,-1.0,-1
5238,0,234,0,2,58,False,0,0,0,0,0.0,201394688
5239,0,-1,-1,-1,-1,True,-1,-1,-1,-1,-1.0,-1
5240,0,-1,-1,-1,-1,True,-1,-1,-1,-1,-1.0,-1
5241,0,-1,-1,-1,-1,True,-1,-1,-1,-1,-1.0,-1
5242,0,-1,-1,-1,-1,True,-1,-1,-1,-1,-1.0,-1
5243,0,1,3,4,33,False,1,15,0,3840,38.4,167772160
5244,0,-1,-1,-1,-1,True,-1,-1,-1,-1,-1.0,-1
5245,0,162,0,0,0,False,0,0,10,10,0.1,0
5246,0,-1,-1,-1,-1,True,-1,-1,-1,-1,-1.0,-1
5247,0,78,1,5,1,False,0,0,0,0,0.0,469830144
5248,0,-1,-1,-1,-1,True,-1,-1,-1,-1,-1.0,-1
5249,0,-1,-1,-1,-1,True,-1,-1,-1,-1,-1.0,-1
5250,0,-1,-1,-1,-1,True,-1,-1,-1,-1,-1.0,-1
5251,0,-1,-1,-1,-1,True,-1,-1,-1,-1,-1.0,-1
5252,0,1,18,3,27,False,3,2,0,512,5.12,0
5253,0,1,3,4,17,False,236,3,97,865,8.65,0
5254,0,1,3,4,8,True,236,3,76,844,8.44,0
5255,0,1,3,4,26,False,82,2,199,711,7.11,0
5256,0,1,3,4,28,True,82,2,176,688,6.88,0
5257,0,1,3,4,26,False,5,6,0,1536,15.36,167772160
5258,0,-1,-1,-1,-1,True,-1,-1,-1,-1,-1.0,-1
5259,0,223,0,0,0,False,0,0,10,10,0.1,2627148801
5260,0,-1,-1,-1,-1,True,-1,-1,-1,-1,-1.0,-1
5261,0,-1,-1,-1,-1,True,-1,-1,-1,-1,-1.0,-1
5262,0,1,3,4,24,True,153,5,95,1375,13.75,0
5263,0,1,3,4,8,False,86,8,248,2296,22.96,0
5264,0,1,3,4,17,True,86,8,225,2273,22.73,0
5265,0,1,3,4,25,False,51,5,0,1280,12.8,13
5266,0,-1,-1,-1,-1,True,-1,-1,-1,-1,-1.0,-1
5267,0,1,3,4,18,True,53,15,248,4088,40.88,0
5268,0,1,3,4,0,False,111,0,38,38,0.38,0
5269,0,1,3,4,34,True,111,0,14,14,0.14,0
5270,0,1,3,4,16,True,225,11,145,2961,29.61,0
5271,0,1,3,4,25,False,224,11,0,2816,28.16,122
5272,0,-1,-1,-1,-1,True,-1,-1,-1,-1,-1.0,-1
5273,0,1,3,4,27,False,181,12,224,3296,32.96,0
5274,0,1,3,4,27,True,225,2,136,648,6.48,0
5275,0,1,3,4,4,False,44,15,94,3934,39.34,0
5276,0,1,3,4,6,False,14,5,0,1280,12.8,167772160
5277,0,-1,-1,-1,-1,True,-1,-1,-1,-1,-1.0,-1
5278,0,128,0,0,0,False,0,0,10,10,0.1,3238599681
5279,0,-1,-1,-1,-1,True,-1,-1,-1,-1,-1.0,-1
5280,0,-1,-1,-1,-1,True,-1,-1,-1,-1,-1.0,-1
5281,0,1,3,4,10,False,190,14,139,3723,37.23,0
5282,0,1,3,4,22,True,190,14,182,3766,37.66,0
5283,0,1,3,4,7,False,215,0,185,185,1.85,0
5284,0,1,3,4,8,False,47,2,3,515,5.15,0
5285,0,1,3,4,31,True,3,2,0,512,5.12,167772160
5286,0,-1,-1,-1,-1,True,-1,-1,-1,-1,-1.0,-1
5287,0,254,0,0,0,False,0,0,10,10,0.1,898767873
5288,0,-1,-1,-1,-1,True,-1,-1,-1,-1,-1.0,-1
5289,0,-1,-1,-1,-1,True,-1,-1,-1,-1,-1.0,-1
5290,0,1,3,4,29,False,84,14,36,3620,36.2,0
5291,0,1,3,4,14,True,84,14,14,3598,35.98,0
5292,0,1,3,4,31,False,26,10,32,2592,25.92,0
5293,0,1,3,4,33,True,26,10,12,2572,25.72,0
5294,0,1,3,4,31,True,245,8,80,2128,21.28,0
5295,0,1,3,4,6,False,241,4,120,1144,11.44,0
5296,0,1,3,4,30,True,241,4,99,1123,11.23,0
5297,0,1,3,4,25,False,250,6,236,1772,17.72,0
5298,0,1,3,4,20,True,11,7,0,1792,17.92,167772160
5299,0,-1,-1,-1,-1,True,-1,-1,-1,-1,-1.0,-1
5300,0,-1,-1,-1,-1,True,-1,-1,-1,-1,-1.0,-1
5301,0,-1,-1,-1,-1,True,-1,-1,-1,-1,-1.0,-1
5302,0,-1,-1,-1,-1,True,-1,-1,-1,-1,-1.0,-1
5303,0,-1,-1,-1,-1,True,-1,-1,-1,-1,-1.0,-1
5304,0,-1,-1,-1,-1,True,-1,-1,-1,-1,-1.0,-1
5305,0,1,3,4,17,True,255,4,171,1195,11.95,0
5306,0,1,3,4,6,True,38,4,151,1175,11.75,0
5307,0,1,3,4,26,False,51,5,157,1437,14.37,0
5308,0,1,3,4,27,False,52,9,60,2364,23.64,0
5309,0,1,3,4,27,True,51,9,53,2357,23.57,0
5310,0,1,3,4,32,True,9,1,185,441,4.41,0
5311,0,1,3,4,27,False,9,5,252,1532,15.32,0
5312,0,1,3,4,31,True,9,5,222,1502,15.02,0
5313,0,1,3,4,19,True,33,12,47,3119,31.19,0
5314,0,1,3,4,18,False,32,0,187,187,1.87,0
5315,0,1,3,4,19,False,33,15,231,4071,40.71,0
5316,0,1,3,4,28,False,205,12,83,3155,31.55,0
5317,0,1,3,4,16,True,205,12,61,3133,31.33,0
5318,0,1,3,4,7,False,118,9,72,2376,23.76,0
5319,0,1,3,4,21,True,118,9,51,2355,23.55,0
5320,0,1,3,4,22,False,222,12,139,3211,32.11,0
5321,0,1,3,4,33,True,222,10,63,2623,26.23,0
5322,0,1,3,4,0,False,111,11,20,2836,28.36,0
5323,0,1,3,4,3,True,36,12,9,3081,30.81,89
5324,0,-1,-1,-1,-1,True,-1,-1,-1,-1,-1.0,-1
5325,0,1,3,4,34,True,220,9,65,2369,23.69,0
5326,0,1,3,4,11,False,178,5,236,1516,15.16,0
5327,0,1,3,4,34,True,178,5,212,1492,14.92,0
5328,0,1,3,4,31,False,115,8,206,2254,22.54,0
5329,0,1,3,4,7,True,115,8,186,2234,22.34,0
5330,0,1,3,4,15,False,15,10,33,2593,25.93,0
5331,0,1,3,4,17,True,15,10,10,2570,25.7,0
5332,0,1,3,4,18,True,16,6,70,1606,16.06,0
5333,0,1,3,4,18,False,9,15,57,3897,38.97,0
5334,0,1,3,4,26,True,9,15,37,3877,38.77,0
5335,0,1,3,4,20,False,170,1,228,484,4.84,0
5336,0,1,3,4,20,True,203,1,206,462,4.62,0
5337,0,1,3,4,10,False,81,0,138,138,1.38,0
5338,0,1,3,4,11,False,81,4,121,1145,11.45,0
5339,0,1,3,4,32,True,81,3,84,852,8.52,0
5340,0,1,3,4,23,True,157,3,65,833,8.33,0
5341,0,1,3,4,19,False,30,4,50,1074,10.74,0
5342,0,1,3,4,30,True,30,4,31,1055,10.55,0
5343,0,1,3,4,16,False,0,8,3,2051,20.51,72
5344,0,-1,-1,-1,-1,True,-1,-1,-1,-1,-1.0,-1
5345,0,1,3,4,27,False,255,11,193,3009,30.09,0
5346,0,1,3,4,25,True,9,2,0,512,5.12,167772160
5347,0,-1,-1,-1,-1,True,-1,-1,-1,-1,-1.0,-1
5348,0,109,0,0,0,False,0,0,10,10,0.1,1580033
5349,0,-1,-1,-1,-1,True,-1,-1,-1,-1,-1.0,-1
5350,0,1,3,4,14,True,151,5,84,1364,13.64,0
5351,0,1,3,4,23,False,49,14,133,3717,37.17,0
5352,0,1,3,4,28,True,49,14,112,3696,36.96,0
5353,0,1,3,4,24,False,54,13,86,3414,34.14,0
5354,0,1,3,4,18,True,252,2,127,639,6.39,0
5355,0,1,3,4,27,False,18,15,130,3970,39.7,0
5356,0,1,1,4,3,True,139,7,42,1834,18.34,0
5357,0,1,3,4,23,True,18,15,105,3945,39.45,0
5358,0,1,1,4,33,False,175,7,196,1988,19.88,0
5359,0,1,3,4,19,True,175,7,176,1968,19.68,0
5360,0,1,3,4,0,False,14,0,0,0,0.0,167772160
5361,0,-1,-1,-1,-1,True,-1,-1,-1,-1,-1.0,-1
5362,0,236,0,0,0,False,0,0,10,10,0.1,3826392065
5363,0,-1,-1,-1,-1,True,-1,-1,-1,-1,-1.0,-1
5364,0,-1,-1,-1,-1,True,-1,-1,-1,-1,-1.0,-1
5365,0,-1,-1,-1,-1,True,-1,-1,-1,-1,-1.0,-1
5366,0,1,3,4,17,True,228,3,31,799,7.99,0
5367,0,1,3,4,25,False,174,8,119,2167,21.67,0
5368,0,1,3,4,19,True,174,8,97,2145,21.45,0
5369,0,1,3,4,26,False,236,12,133,3205,32.05,0
5370,0,1,3,4,27,False,234,3,247,1015,10.15,0
5371,0,1,3,4,14,True,234,3,221,989,9.89,0
5372,0,1,3,4,16,True,236,12,112,3184,31.84,0
5373,0,1,3,4,18,False,14,12,34,3106,31.06,0
5374,0,1,3,4,9,False,44,1,0,256,2.56,0
5375,0,1,3,4,25,True,44,0,235,235,2.35,0
5376,0,1,3,4,19,False,9,8,0,2048,20.48,167772160
5377,0,-1,-1,-1,-1,True,-1,-1,-1,-1,-1.0,-1
5378,0,65,0,0,0,False,0,0,10,10,0.1,1448961
5379,0,63,0,0,0,False,0,0,10,10,0.1,1511463937
5380,0,120,0,0,0,False,0,0,10,10,0.1,1520114689
5381,0,238,0,0,0,False,0,0,10,10,0.1,3405978625
5382,0,-1,-1,-1,-1,True,-1,-1,-1,-1,-1.0,-1
5383,0,-1,-1,-1,-1,True,-1,-1,-1,-1,-1.0,-1
5384,0,1,3,4,31,True,203,0,76,76,0.76,0
5385,0,1,3,4,14,False,28,0,131,131,1.31,0
5386,0,1,3,4,13,True,28,0,106,106,1.06,0
5387,0,1,3,4,24,False,111,12,246,3318,33.18,0
5388,0,1,3,4,24,True,111,12,227,3299,32.99,0
5389,0,1,3,4,11,False,35,1,199,455,4.55,0
5390,0,1,3,4,12,False,35,3,201,969,9.69,0
5391,0,1,3,4,23,True,35,3,180,948,9.48,0
5392,0,1,3,4,24,True,3,9,0,2304,23.04,167772160
5393,0,-1,-1,-1,-1,True,-1,-1,-1,-1,-1.0,-1
5394,0,25,0,0,0,False,0,0,10,10,0.1,2778471425
5395,0,-1,-1,-1,-1,True,-1,-1,-1,-1,-1.0,-1
5396,0,1,3,4,31,False,60,9,238,2542,25.42,0
5397,0,1,3,4,30,True,60,9,217,2521,25.21,0
5398,0,1,3,4,30,False,66,11,243,3059,30.59,0
5399,0,1,3,4,31,False,66,10,11,2571,25.71,82
5400,0,-1,-1,-1,-1,True,-1,-1,-1,-1,-1.0,-1
5401,0,1,3,4,24,True,154,1,229,485,4.85,0
5402,0,1,3,4,15,False,4,13,21,3349,33.49,63242
5403,0,-1,-1,-1,-1,True,-1,-1,-1,-1,-1.0,-1
5404,0,-1,-1,-1,-1,True,-1,-1,-1,-1,-1.0,-1
5405,0,1,3,4,33,False,174,2,13,525,5.25,3
5406,0,-1,-1,-1,-1,True,-1,-1,-1,-1,-1.0,-1
5407,0,1,3,4,27,True,98,12,237,3309,33.09,0
5408,0,1,3,4,24,False,244,1,99,355,3.55,0
5409,0,1,3,4,25,False,244,1,62,318,3.18,0
5410,0,1,3,4,26,True,205,9,71,2375,23.75,0
5411,0,1,3,4,29,True,204,9,51,2355,23.55,0
5412,0,1,3,4,21,False,12,14,116,3700,37.0,0
5413,0,1,3,4,14,True,12,14,94,3678,36.78,0
5414,0,1,3,4,12,False,233,14,228,3812,38.12,0
5415,0,1,3,4,32,True,233,4,172,1196,11.96,0
5416,0,1,3,4,29,False,15,14,0,3584,35.84,167772160
5417,0,-1,-1,-1,-1,True,-1,-1,-1,-1,-1.0,-1
5418,0,-1,-1,-1,-1,True,-1,-1,-1,-1,-1.0,-1
5419,0,-1,-1,-1,-1,True,-1,-1,-1,-1,-1.0,-1
5420,0,-1,-1,-1,-1,True,-1,-1,-1,-1,-1.0,-1
5421,0,-1,-1,-1,-1,True,-1,-1,-1,-1,-1.0,-1
5422,0,-1,-1,-1,-1,True,-1,-1,-1,-1,-1.0,-1
5423,0,1,3,4,1,False,91,4,171,1195,11.95,0
5424,0,1,3,4,29,True,91,4,149,1173,11.73,0
5425,0,1,3,4,20,False,68,2,212,724,7.24,9742
5426,0,-1,-1,-1,-1,True,-1,-1,-1,-1,-1.0,-1
5427,0,-1,-1,-1,-1,True,-1,-1,-1,-1,-1.0,-1
5428,0,1,3,4,11,False,230,9,2,2306,23.06,0
5429,0,1,3,4,23,True,230,8,234,2282,22.82,0
5430,0,1,3,4,6,True,28,15,89,3929,39.29,0
5431,0,1,3,4,21,False,28,13,38,3366,33.66,0
5432,0,1,3,4,22,True,131,13,15,3343,33.43,0
5433,0,1,3,4,20,False,100,1,193,449,4.49,0
5434,0,1,3,4,15,True,13,1,173,429,4.29,0
5435,0,1,3,4,17,False,181,3,134,902,9.02,0
5436,0,1,3,4,23,True,181,3,112,880,8.8,0
5437,0,1,3,4,25,False,214,2,164,676,6.76,0
5438,0,1,3,4,23,True,214,2,143,655,6.55,0
5439,0,1,3,4,18,False,192,1,149,405,4.05,0
5440,0,1,3,4,19,False,77,0,21,21,0.21,0
5441,0,1,3,4,21,True,78,14,51,3635,36.35,0
5442,0,1,3,4,15,False,185,1,243,499,4.99,0
5443,0,1,3,4,21,True,185,1,221,477,4.77,0
5444,0,1,3,4,27,False,111,10,138,2698,26.98,0
5445,0,1,3,4,26,True,111,10,112,2672,26.72,0
5446,0,1,3,4,22,False,10,0,0,0,0.0,218103808
5447,0,-1,-1,-1,-1,True,-1,-1,-1,-1,-1.0,-1
5448,0,-1,-1,-1,-1,True,-1,-1,-1,-1,-1.0,-1
5449,0,-1,-1,-1,-1,True,-1,-1,-1,-1,-1.0,-1
5450,0,-1,-1,-1,-1,True,-1,-1,-1,-1,-1.0,-1
5451,0,1,1,4,18,False,227,6,96,1632,16.32,0
5452,0,1,2,4,15,True,175,10,154,2714,27.14,0
5453,0,1,1,4,25,True,227,6,76,1612,16.12,0
5454,0,1,31,1,28,False,0,0,0,0,0.0,0
5455,0,1,18,4,8,False,1,10,95,2655,26.55,13
5456,0,-1,-1,-1,-1,True,-1,-1,-1,-1,-1.0,-1
5457,0,1,2,1,28,False,0,0,0,0,0.0,0
5458,0,1,19,1,31,False,0,0,0,0,0.0,0
5459,0,1,1,4,56,True,28,5,115,1395,13.95,0
5460,0,1,0,1,52,False,0,0,0,0,0.0,0
5461,0,1,3,4,11,True,115,1,29,285,2.85,0
5462,0,1,3,4,24,False,162,5,151,1431,14.31,0
5463,0,1,3,4,27,True,162,5,128,1408,14.08,0
5464,0,1,3,4,21,False,101,15,26,3866,38.66,36619
5465,0,-1,-1,-1,-1,True,-1,-1,-1,-1,-1.0,-1
5466,0,-1,-1,-1,-1,True,-1,-1,-1,-1,-1.0,-1
5467,0,1,3,4,18,True,26,11,122,2938,29.38,0
5468,0,1,3,4,25,False,32,13,89,3417,34.17,0
5469,0,1,3,4,18,True,32,13,67,3395,33.95,0
5470,0,1,3,4,33,False,132,0,10,10,0.1,3701087233
5471,0,252,0,0,0,False,0,0,10,10,0.1,3684244481
5472,0,-1,-1,-1,-1,True,-1,-1,-1,-1,-1.0,-1
5473,0,-1,-1,-1,-1,True,-1,-1,-1,-1,-1.0,-1
5474,0,-1,-1,-1,-1,True,-1,-1,-1,-1,-1.0,-1
5475,0,-1,-1,-1,-1,True,-1,-1,-1,-1,-1.0,-1
5476,0,1,3,4,20,False,219,6,55,1591,15.91,0
5477,0,1,3,4,19,False,178,7,131,1923,19.23,0
5478,0,1,3,4,6,True,178,7,111,1903,19.03,0
5479,0,1,3,4,24,True,219,6,30,1566,15.66,0
5480,0,1,3,4,27,False,50,13,188,3516,35.16,0
5481,0,1,3,4,30,True,50,13,163,3491,34.91,0
5482,0,1,3,4,16,False,2,1,0,256,2.56,167772160
5483,0,-1,-1,-1,-1,True,-1,-1,-1,-1,-1.0,-1
5484,0,-1,-1,-1,-1,True,-1,-1,-1,-1,-1.0,-1
5485,0,-1,-1,-1,-1,True,-1,-1,-1,-1,-1.0,-1
5486,0,-1,-1,-1,-1,True,-1,-1,-1,-1,-1.0,-1
5487,0,-1,-1,-1,-1,True,-1,-1,-1,-1,-1.0,-1
5488,0,1,3,4,15,False,46,0,3,3,0.03,227
5489,0,-1,-1,-1,-1,True,-1,-1,-1,-1,-1.0,-1
5490,0,1,3,4,26,True,142,13,20,3348,33.48,0
5491,0,1,3,4,16,False,142,1,204,460,4.6,0
5492,0,1,3,4,27,True,142,1,177,433,4.33,0
5493,0,1,3,4,19,False,211,14,113,3697,36.97,0
5494,0,1,3,4,21,True,211,14,94,3678,36.78,0
5495,0,1,3,4,24,False,66,12,45,3117,31.17,0
5496,0,1,3,4,19,True,66,12,20,3092,30.92,0
5497,0,1,3,4,18,False,12,11,0,2816,28.16,167772160
5498,0,-1,-1,-1,-1,True,-1,-1,-1,-1,-1.0,-1
5499,0,-1,-1,-1,-1,True,-1,-1,-1,-1,-1.0,-1
5500,0,1,3,4,22,False,90,15,121,3961,39.61,1845249
5501,0,-1,-1,-1,-1,True,-1,-1,-1,-1,-1.0,-1
5502,0,-1,-1,-1,-1,True,-1,-1,-1,-1,-1.0,-1
5503,0,-1,-1,-1,-1,True,-1,-1,-1,-1,-1.0,-1
5504,0,1,17,0,0,False,0,0,0,0,0.0,0
5505,0,1,15,1,1,False,0,0,0,0,0.0,0
5506,0,1,2,3,28,False,18,5,0,1280,12.8,0
5507,0,1,17,4,28,False,151,5,0,1280,12.8,0
5508,0,1,14,5,28,False,6,7,2,1794,17.94,140
5509,0,1,3,4,5,True,134,2,118,630,6.3,0
5510,0,1,3,4,17,False,74,4,62,1086,10.86,0
5511,0,1,3,4,21,True,74,4,40,1064,10.64,0
5512,0,1,3,4,22,True,74,2,191,703,7.03,0
5513,0,1,3,4,16,False,7,11,0,2816,28.16,167772160
5514,0,-1,-1,-1,-1,True,-1,-1,-1,-1,-1.0,-1
5515,0,132,0,0,0,False,0,0,10,10,0.1,1
5516,0,-1,-1,-1,-1,True,-1,-1,-1,-1,-1.0,-1
5517,0,-1,-1,-1,-1,True,-1,-1,-1,-1,-1.0,-1
5518,0,-1,-1,-1,-1,True,-1,-1,-1,-1,-1.0,-1
5519,0,-1,-1,-1,-1,True,-1,-1,-1,-1,-1.0,-1
5520,0,1,3,4,21,True,23,2,151,663,6.63,0
5521,0,1,3,4,21,False,37,0,25,25,0.25,0
5522,0,1,3,4,24,True,37,0,2,2,0.02,0
5523,0,1,3,4,16,False,44,2,195,707,7.07,0
5524,0,1,3,4,25,True,44,2,171,683,6.83,0
5525,0,1,3,4,7,False,26,13,225,3553,35.53,0
5526,0,1,3,4,20,True,177,13,202,3530,35.3,0
5527,0,1,3,4,29,False,134,12,214,3286,32.86,0
5528,0,1,3,4,29,True,134,12,195,3267,32.67,0
5529,0,1,3,4,28,False,101,10,99,2659,26.59,0
5530,0,1,3,4,27,True,15,10,77,2637,26.37,0
5531,0,1,3,4,33,False,79,11,149,2965,29.65,0
5532,0,1,3,4,34,True,68,11,125,2941,29.41,0
5533,0,1,3,4,25,False,28,1,254,510,5.1,0
5534,0,1,3,4,28,True,28,1,233,489,4.89,0
5535,0,1,3,4,27,False,136,0,14,14,0.14,0
5536,0,1,3,4,33,False,135,4,155,1179,11.79,0
5537,0,1,3,4,16,True,135,12,155,3227,32.27,3496
5538,0,-1,-1,-1,-1,True,-1,-1,-1,-1,-1.0,-1
5539,0,-1,-1,-1,-1,True,-1,-1,-1,-1,-1.0,-1
5540,0,1,21,3,28,False,32,5,0,1280,12.8,0
5541,0,1,19,1,28,False,0,0,0,0,0.0,0
5542,0,1,18,4,53,False,0,0,28,28,0.28,0
5543,0,1,1,4,41,False,4,15,28,3868,38.68,0
5544,0,1,18,3,41,False,4,5,10,1290,12.9,33
5545,0,-1,-1,-1,-1,True,-1,-1,-1,-1,-1.0,-1
5546,0,-1,-1,-1,-1,True,-1,-1,-1,-1,-1.0,-1
5547,0,1,3,4,23,False,98,13,224,3552,35.52,0
5548,0,1,3,4,24,False,98,15,192,4032,40.32,0
5549,0,1,3,4,17,True,98,15,170,4010,40.1,0
5550,0,1,3,4,20,False,42,14,72,3656,36.56,0
5551,0,1,3,4,19,True,42,14,47,3631,36.31,0
5552,0,1,3,4,24,False,144,2,24,536,5.36,0
5553,0,1,3,4,18,True,144,2,2,514,5.14,0
5554,0,1,3,4,19,False,83,12,248,3320,33.2,0
5555,0,1,3,4,20,True,83,12,228,3300,33.0,0
5556,0,1,3,4,20,False,10,11,0,2816,28.16,167772160
5557,0,-1,-1,-1,-1,True,-1,-1,-1,-1,-1.0,-1
5558,0,183,0,0,0,False,0,0,10,10,0.1,370678785
5559,0,-1,-1,-1,-1,True,-1,-1,-1,-1,-1.0,-1
5560,0,-1,-1,-1,-1,True,-1,-1,-1,-1,-1.0,-1
5561,0,-1,-1,-1,-1,True,-1,-1,-1,-1,-1.0,-1
5562,0,-1,-1,-1,-1,True,-1,-1,-1,-1,-1.0,-1
5563,0,-1,-1,-1,-1,True,-1,-1,-1,-1,-1.0,-1
5564,0,1,3,4,30,True,152,0,162,162,1.62,0
5565,0,1,3,4,9,False,139,12,135,3207,32.07,0
5566,0,1,3,4,20,True,139,12,114,3186,31.86,0
5567,0,1,3,4,31,False,64,13,179,3507,35.07,0
5568,0,1,3,4,30,True,64,13,158,3486,34.86,0
5569,0,1,3,4,31,False,155,14,210,3794,37.94,0
5570,0,1,3,4,32,False,155,12,12,3084,30.84,121
5571,0,-1,-1,-1,-1,True,-1,-1,-1,-1,-1.0,-1
5572,0,1,3,4,25,False,155,13,195,3523,35.23,0
5573,0,1,3,4,10,False,27,7,193,1985,19.85,0
5574,0,1,3,4,7,True,27,7,169,1961,19.61,0
5575,0,1,3,4,27,False,38,14,164,3748,37.48,0
5576,0,1,3,4,29,True,38,14,139,3723,37.23,0
5577,0,1,3,4,31,False,102,12,204,3276,32.76,0
5578,0,1,3,4,25,True,102,12,183,3255,32.55,0
5579,0,1,3,4,24,False,249,0,99,99,0.99,0
5580,0,1,3,4,27,True,249,0,77,77,0.77,0
5581,0,1,3,4,19,False,107,8,169,2217,22.17,0
5582,0,1,3,4,28,False,194,12,121,3193,31.93,0
5583,0,1,3,4,9,True,194,12,99,3171,31.71,0
5584,0,1,3,4,33,False,143,13,41,3369,33.69,0
5585,0,1,3,4,21,True,5,2,0,512,5.12,167772160
5586,0,-1,-1,-1,-1,True,-1,-1,-1,-1,-1.0,-1
5587,0,-1,-1,-1,-1,True,-1,-1,-1,-1,-1.0,-1
5588,0,-1,-1,-1,-1,True,-1,-1,-1,-1,-1.0,-1
5589,0,-1,-1,-1,-1,True,-1,-1,-1,-1,-1.0,-1
5590,0,-1,-1,-1,-1,True,-1,-1,-1,-1,-1.0,-1
5591,0,-1,-1,-1,-1,True,-1,-1,-1,-1,-1.0,-1
5592,0,1,3,4,18,True,8,11,84,2900,29.0,0
5593,0,1,3,4,26,False,128,0,150,150,1.5,0
5594,0,1,3,4,27,False,131,15,117,3957,39.57,0
5595,0,1,3,4,34,True,128,0,127,127,1.27,0
5596,0,1,3,4,6,False,46,5,151,1431,14.31,0
5597,0,1,3,4,28,True,46,5,130,1410,14.1,0
5598,0,1,3,4,23,False,29,0,119,119,1.19,0
5599,0,1,3,4,24,False,29,5,33,1313,13.13,0
5600,0,1,3,4,12,True,29,15,206,4046,40.46,0
5601,0,1,3,4,19,False,72,6,111,1647,16.47,0
5602,0,1,3,4,31,True,72,6,94,1630,16.3,0
5603,0,1,3,4,31,False,165,7,84,1876,18.76,0
5604,0,1,3,4,22,True,165,7,62,1854,18.54,0
5605,0,1,3,4,9,False,73,15,147,3987,39.87,0
5606,0,1,3,4,27,True,73,15,127,3967,39.67,0
5607,0,1,3,4,22,True,58,11,107,2923,29.23,0
5608,0,1,3,4,24,False,61,14,11,3595,35.95,0
5609,0,1,3,4,21,True,169,7,5,1797,17.97,0
5610,0,1,3,4,22,False,183,10,3,2563,25.63,0
5611,0,1,3,4,18,True,183,9,237,2541,25.41,0
5612,0,1,3,4,0,False,130,2,31,543,5.43,0
5613,0,1,3,4,34,True,15,7,0,1792,17.92,167772160
5614,0,-1,-1,-1,-1,True,-1,-1,-1,-1,-1.0,-1
5615,0,-1,-1,-1,-1,True,-1,-1,-1,-1,-1.0,-1
5616,0,1,3,4,19,True,142,5,186,1466,14.66,0
5617,0,1,3,4,33,False,130,6,181,1717,17.17,0
5618,0,1,3,4,16,True,130,6,161,1697,16.97,0
5619,0,1,3,4,15,False,127,7,163,1955,19.55,0
5620,0,1,3,4,25,True,127,14,4,3588,35.88,158
5621,0,-1,-1,-1,-1,True,-1,-1,-1,-1,-1.0,-1
5622,0,1,2,4,21,False,124,5,0,1280,12.8,167772160
5623,0,-1,-1,-1,-1,True,-1,-1,-1,-1,-1.0,-1
5624,0,189,0,0,0,False,0,0,10,10,0.1,1645569
5625,0,140,0,0,0,False,0,0,10,10,0.1,0
5626,0,-1,-1,-1,-1,True,-1,-1,-1,-1,-1.0,-1
5627,0,119,0,0,0,False,0,0,10,10,0.1,0
5628,0,-1,-1,-1,-1,True,-1,-1,-1,-1,-1.0,-1
5629,0,6,0,0,0,False,0,0,10,10,0.1,2400656385
5630,0,-1,-1,-1,-1,True,-1,-1,-1,-1,-1.0,-1
5631,0,-1,-1,-1,-1,True,-1,-1,-1,-1,-1.0,-1
5632,0,-1,-1,-1,-1,True,-1,-1,-1,-1,-1.0,-1
5633,0,-1,-1,-1,-1,True,-1,-1,-1,-1,-1.0,-1
5634,0,1,3,4,26,True,143,3,214,982,9.82,0
5635,0,1,3,4,32,False,101,11,142,2958,29.58,0
5636,0,1,3,4,32,True,101,11,125,2941,29.41,0
5637,0,1,3,4,21,False,42,8,101,2149,21.49,0
5638,0,1,3,4,21,True,42,8,81,2129,21.29,0
5639,0,1,3,4,22,False,111,5,53,1333,13.33,0
5640,0,1,3,4,20,False,7,10,0,2560,25.6,167772160
5641,0,-1,-1,-1,-1,True,-1,-1,-1,-1,-1.0,-1
5642,0,134,0,0,0,False,0,0,10,10,0.1,1
5643,0,129,0,5,33,False,0,0,0,0,0.0,469830144
5644,0,-1,-1,-1,-1,True,-1,-1,-1,-1,-1.0,-1
5645,0,1,3,4,0,False,12,14,14,3598,35.98,0
5646,0,1,3,4,10,True,12,13,246,3574,35.74,0
5647,0,1,3,4,32,False,28,2,6,518,5.18,48
5648,0,-1,-1,-1,-1,True,-1,-1,-1,-1,-1.0,-1
5649,0,1,3,4,33,False,193,4,233,1257,12.57,0
5650,0,1,3,4,20,True,14,3,0,768,7.68,167772160
5651,0,-1,-1,-1,-1,True,-1,-1,-1,-1,-1.0,-1
5652,0,107,0,0,0,False,0,0,10,10,0.1,2660703233
5653,0,-1,-1,-1,-1,True,-1,-1,-1,-1,-1.0,-1
5654,0,-1,-1,-1,-1,True,-1,-1,-1,-1,-1.0,-1
5655,0,1,3,4,11,True,131,5,125,1405,14.05,0
5656,0,1,3,4,15,False,131,9,200,2504,25.04,0
5657,0,1,3,4,27,True,78,9,180,2484,24.84,0
5658,0,1,3,4,23,False,215,7,69,1861,18.61,0
5659,0,1,3,4,27,True,215,7,47,1839,18.39,0
5660,0,1,3,4,26,False,75,4,71,1095,10.95,0
5661,0,1,3,4,28,True,75,4,50,1074,10.74,0
5662,0,1,3,4,26,False,116,9,2,2306,23.06,44
5663,0,-1,-1,-1,-1,True,-1,-1,-1,-1,-1.0,-1
5664,0,1,3,4,28,True,29,9,91,2395,23.95,0
5665,0,1,1,4,26,True,201,2,23,535,5.35,0
5666,0,1,3,4,25,True,89,5,183,1463,14.63,0
5667,0,1,1,4,4,False,140,4,135,1159,11.59,0
5668,0,1,1,4,31,True,140,4,117,1141,11.41,0
5669,0,1,3,4,26,False,116,9,116,2420,24.2,0
5670,0,1,3,4,29,True,116,9,95,2399,23.99,0
5671,0,1,3,4,27,False,115,5,133,1413,14.13,0
5672,0,1,1,4,18,False,79,9,242,2546,25.46,0
5673,0,1,3,4,28,True,115,5,109,1389,13.89,0
5674,0,1,1,4,19,False,79,12,9,3081,30.81,132
5675,0,-1,-1,-1,-1,True,-1,-1,-1,-1,-1.0,-1
5676,0,1,3,4,0,False,254,2,49,561,5.61,0
5677,0,1,2,4,17,False,45,7,149,1941,19.41,0
5678,0,1,3,4,17,True,254,2,24,536,5.36,0
5679,0,1,2,4,29,True,28,12,174,3246,32.46,1859847
5680,0,-1,-1,-1,-1,True,-1,-1,-1,-1,-1.0,-1
5681,0,-1,-1,-1,-1,True,-1,-1,-1,-1,-1.0,-1
5682,0,-1,-1,-1,-1,True,-1,-1,-1,-1,-1.0,-1
5683,0,1,18,7,46,True,7,6,28,1564,15.64,881943
5684,0,1,31,3,28,False,0,10,1,2561,25.61,2919964
5685,0,-1,-1,-1,-1,True,-1,-1,-1,-1,-1.0,-1
5686,0,-1,-1,-1,-1,True,-1,-1,-1,-1,-1.0,-1
5687,0,-1,-1,-1,-1,True,-1,-1,-1,-1,-1.0,-1
5688,0,-1,-1,-1,-1,True,-1,-1,-1,-1,-1.0,-1
5689,0,1,3,4,27,False,64,6,135,1671,16.71,0
5690,0,1,3,4,31,True,12,2,0,512,5.12,167772160
5691,0,-1,-1,-1,-1,True,-1,-1,-1,-1,-1.0,-1
5692,0,-1,-1,-1,-1,True,-1,-1,-1,-1,-1.0,-1
5693,0,-1,-1,-1,-1,True,-1,-1,-1,-1,-1.0,-1
5694,0,-1,-1,-1,-1,True,-1,-1,-1,-1,-1.0,-1
5695,0,-1,-1,-1,-1,True,-1,-1,-1,-1,-1.0,-1
5696,0,1,3,4,34,True,88,2,13,525,5.25,0
5697,0,1,2,4,26,False,149,3,217,985,9.85,0
5698,0,1,3,4,24,True,149,3,196,964,9.64,0
5699,0,1,3,4,19,False,97,9,155,2459,24.59,0
5700,0,1,3,4,33,True,97,9,137,2441,24.41,0
5701,0,1,3,4,23,False,28,0,56,56,0.56,18700
5702,0,-1,-1,-1,-1,True,-1,-1,-1,-1,-1.0,-1
5703,0,-1,-1,-1,-1,True,-1,-1,-1,-1,-1.0,-1
5704,0,1,3,4,32,False,124,2,232,744,7.44,0
5705,0,1,3,4,27,True,124,2,209,721,7.21,0
5706,0,1,3,4,19,False,7,10,0,2560,25.6,167772160
5707,0,-1,-1,-1,-1,True,-1,-1,-1,-1,-1.0,-1
5708,0,147,0,0,0,False,0,0,10,10,0.1,1
5709,0,-1,-1,-1,-1,True,-1,-1,-1,-1,-1.0,-1
5710,0,-1,-1,-1,-1,True,-1,-1,-1,-1,-1.0,-1
5711,0,-1,-1,-1,-1,True,-1,-1,-1,-1,-1.0,-1
5712,0,-1,-1,-1,-1,True,-1,-1,-1,-1,-1.0,-1
5713,0,-1,-1,-1,-1,True,-1,-1,-1,-1,-1.0,-1
5714,0,1,3,4,16,True,246,1,10,266,2.66,0
5715,0,1,3,4,16,False,115,9,1,2305,23.05,0
5716,0,1,1,4,15,True,108,12,70,3142,31.42,0
5717,0,1,3,4,7,True,233,8,233,2281,22.81,0
5718,0,1,3,4,14,False,35,12,145,3217,32.17,0
5719,0,1,22,6,14,False,13,7,8,1800,18.0,82
5720,0,-1,-1,-1,-1,True,-1,-1,-1,-1,-1.0,-1
5721,0,60,0,0,0,False,0,0,10,10,0.1,7169
5722,0,50,0,0,0,False,0,0,10,10,0.1,10099713
5723,0,28,0,0,0,False,0,0,10,10,0.1,1580033
5724,0,-1,-1,-1,-1,True,-1,-1,-1,-1,-1.0,-1
5725,0,-1,-1,-1,-1,True,-1,-1,-1,-1,-1.0,-1
5726,0,1,3,4,24,True,27,4,91,1115,11.15,0
5727,0,1,3,4,32,False,50,15,0,3840,38.4,68
5728,0,-1,-1,-1,-1,True,-1,-1,-1,-1,-1.0,-1
5729,0,1,3,4,33,True,175,0,49,49,0.49,0
5730,0,1,3,4,30,False,150,4,160,1184,11.84,0
5731,0,1,3,4,11,True,150,4,136,1160,11.6,0
5732,0,1,3,4,29,False,219,4,217,1241,12.41,0
5733,0,1,3,4,31,True,219,4,196,1220,12.2,0
5734,0,1,3,4,4,False,15,14,0,3584,35.84,167772160
5735,0,-1,-1,-1,-1,True,-1,-1,-1,-1,-1.0,-1
5736,0,75,0,0,0,False,0,0,10,10,0.1,1
5737,0,229,0,0,0,False,0,0,10,10,0.1,3263437825
5738,0,-1,-1,-1,-1,True,-1,-1,-1,-1,-1.0,-1
5739,0,-1,-1,-1,-1,True,-1,-1,-1,-1,-1.0,-1
5740,0,1,3,4,22,False,30,15,85,3925,39.25,0
5741,0,1,3,4,17,True,30,15,62,3902,39.02,0
5742,0,1,3,4,27,False,51,1,92,348,3.48,0
5743,0,1,3,4,9,True,50,1,68,324,3.24,0
5744,0,1,3,4,32,False,2,1,85,341,3.41,0
5745,0,1,3,4,7,True,2,1,64,320,3.2,0
5746,0,1,3,4,25,False,188,5,5,1285,12.85,66
5747,0,-1,-1,-1,-1,True,-1,-1,-1,-1,-1.0,-1
5748,0,1,3,4,25,False,19,7,188,1980,19.8,0
5749,0,1,3,4,16,True,19,7,167,1959,19.59,0
5750,0,1,3,4,32,False,108,13,107,3435,34.35,0
5751,0,1,3,4,19,True,108,13,85,3413,34.13,0
5752,0,1,3,4,22,False,192,4,149,1173,11.73,0
5753,0,1,3,4,25,True,192,4,126,1150,11.5,0
5754,0,1,3,4,28,False,183,0,7,7,0.07,255
5755,0,-1,-1,-1,-1,True,-1,-1,-1,-1,-1.0,-1
5756,0,1,2,4,18,False,194,0,42,42,0.42,0
5757,0,1,3,4,23,True,48,7,233,2025,20.25,0
5758,0,1,2,4,3,True,194,0,22,22,0.22,0
5759,0,1,3,4,21,False,85,5,76,1356,13.56,0
5760,0,1,3,4,9,True,85,8,85,2133,21.33,0
5761,0,1,3,4,10,True,219,8,63,2111,21.11,0
5762,0,1,3,4,18,False,126,11,75,2891,28.91,0
5763,0,1,3,4,30,True,126,11,55,2871,28.71,0
5764,0,1,3,4,31,False,78,5,93,1373,13.73,0
5765,0,1,3,4,15,True,78,5,71,1351,13.51,0
5766,0,1,3,4,24,True,31,9,120,2424,24.24,0
5767,0,1,3,4,23,False,30,2,217,729,7.29,0
5768,0,1,3,4,23,True,30,15,2,3842,38.42,70
5769,0,-1,-1,-1,-1,True,-1,-1,-1,-1,-1.0,-1
5770,0,1,3,4,7,False,131,1,222,478,4.78,0
5771,0,1,3,4,25,True,131,1,200,456,4.56,0
5772,0,1,3,4,26,True,159,11,6,2822,28.22,118
5773,0,-1,-1,-1,-1,True,-1,-1,-1,-1,-1.0,-1
5774,0,1,3,4,19,True,247,4,214,1238,12.38,0
5775,0,1,3,4,26,False,244,1,125,381,3.81,0
5776,0,1,3,4,18,True,244,1,103,359,3.59,0
5777,0,1,3,4,5,False,7,13,0,3328,33.28,167772160
5778,0,-1,-1,-1,-1,True,-1,-1,-1,-1,-1.0,-1
5779,0,14,5,3,0,False,0,0,0,0,0.0,488374538
5780,0,-1,-1,-1,-1,True,-1,-1,-1,-1,-1.0,-1
5781,0,-1,-1,-1,-1,True,-1,-1,-1,-1,-1.0,-1
5782,0,1,3,4,3,True,15,4,103,1127,11.27,0
5783,0,1,3,4,22,False,80,1,99,355,3.55,0
5784,0,1,3,4,34,True,95,1,69,325,3.25,0
5785,0,1,3,4,9,True,95,1,46,302,3.02,0
5786,0,1,3,4,29,False,13,7,248,2040,20.4,0
5787,0,1,3,4,13,True,13,7,226,2018,20.18,0
5788,0,1,3,4,31,False,216,6,147,1683,16.83,0
5789,0,1,3,4,9,True,216,6,127,1663,16.63,0
5790,0,1,3,4,29,False,249,8,176,2224,22.24,0
5791,0,1,3,4,22,True,249,8,153,2201,22.01,0
5792,0,1,3,4,16,False,189,7,113,1905,19.05,0
5793,0,1,3,4,31,True,189,7,93,1885,18.85,0
5794,0,1,3,4,13,False,188,8,71,2119,21.19,0
5795,0,1,3,4,29,True,187,8,48,2096,20.96,0
5796,0,1,3,4,23,False,126,4,140,1164,11.64,0
5797,0,1,3,4,18,False,98,9,221,2525,25.25,0
5798,0,1,3,4,9,True,198,14,232,3816,38.16,0
5799,0,1,3,4,31,False,248,11,190,3006,30.06,0
5800,0,1,3,4,16,True,220,5,64,1344,13.44,0
5801,0,1,3,4,16,True,220,5,41,1321,13.21,0
5802,0,1,3,4,7,False,123,14,53,3637,36.37,0
5803,0,1,3,4,9,False,123,6,189,1725,17.25,0
5804,0,1,3,4,24,True,203,7,125,1917,19.17,0
5805,0,1,0,4,48,True,28,0,78,78,0.78,0
5806,0,1,3,4,26,True,178,0,57,57,0.57,0
5807,0,1,3,4,23,False,167,11,37,2853,28.53,0
5808,0,1,3,4,23,True,167,11,19,2835,28.35,0
5809,0,1,3,4,14,False,223,2,84,596,5.96,0
5810,0,1,3,4,25,True,223,2,59,571,5.71,0
5811,0,1,3,4,27,False,125,13,49,3377,33.77,0
5812,0,1,3,4,20,True,125,13,23,3351,33.51,0
5813,0,1,3,4,27,False,253,0,98,98,0.98,0
5814,0,1,1,3,57,True,28,2,0,512,5.12,0
5815,0,1,9,6,15,False,242,4,28,1052,10.52,2039
5816,0,1,8,4,28,False,162,14,15,3599,35.99,0
5817,0,1,27,1,20,False,0,0,0,0,0.0,0
5818,0,1,20,1,55,True,0,0,0,0,0.0,0
5819,0,1,0,7,48,False,28,0,0,0,0.0,17563648
5820,0,-1,-1,-1,-1,True,-1,-1,-1,-1,-1.0,-1
5821,0,-1,-1,-1,-1,True,-1,-1,-1,-1,-1.0,-1
5822,0,-1,-1,-1,-1,True,-1,-1,-1,-1,-1.0,-1
5823,0,-1,-1,-1,-1,True,-1,-1,-1,-1,-1.0,-1
5824,0,1,1,6,51,True,28,3,60,828,8.28,1799
5825,0,1,3,4,3,True,60,6,244,1780,17.8,0
5826,0,1,3,4,27,False,44,12,135,3207,32.07,0
5827,0,1,3,4,11,True,44,12,114,3186,31.86,0
5828,0,1,3,4,28,False,136,0,56,56,0.56,0
5829,0,1,3,4,26,True,136,0,33,33,0.33,0
5830,0,1,3,4,19,False,59,4,175,1199,11.99,0
5831,0,1,24,5,15,False,122,12,143,3215,32.15,197
5832,0,1,1,4,18,True,59,4,157,1181,11.81,0
5833,0,1,1,5,8,False,28,7,7,1799,17.99,12
5834,0,1,14,6,28,False,71,11,98,2914,29.14,0
5835,0,35,0,0,0,False,0,0,10,10,0.1,966335489
5836,0,-1,-1,-1,-1,True,-1,-1,-1,-1,-1.0,-1
5837,0,-1,-1,-1,-1,True,-1,-1,-1,-1,-1.0,-1
5838,0,-1,-1,-1,-1,True,-1,-1,-1,-1,-1.0,-1
5839,0,1,3,4,20,False,251,2,150,662,6.62,0
5840,0,1,3,4,32,True,86,0,111,111,1.11,0
5841,0,1,3,4,22,True,88,4,56,1080,10.8,0
5842,0,1,1,4,19,True,86,0,91,91,0.91,0
5843,0,1,3,4,28,False,138,6,4,1540,15.4,0
5844,0,1,10,7,8,False,24,12,144,3216,32.16,67677
5845,0,1,3,4,8,False,92,13,136,3464,34.64,0
5846,0,1,3,4,14,True,92,1,6,262,2.62,93
5847,0,-1,-1,-1,-1,True,-1,-1,-1,-1,-1.0,-1
5848,0,1,3,4,24,False,128,7,205,1997,19.97,0
5849,0,1,3,4,27,True,128,7,183,1975,19.75,0
5850,0,1,3,4,6,False,119,0,205,205,2.05,0
5851,0,1,3,4,13,True,119,0,184,184,1.84,0
5852,0,1,3,4,19,False,131,13,125,3453,34.53,0
5853,0,1,3,4,26,True,15,13,0,3328,33.28,167772160
5854,0,-1,-1,-1,-1,True,-1,-1,-1,-1,-1.0,-1
5855,0,101,0,0,0,False,0,0,10,10,0.1,3231194113
5856,0,-1,-1,-1,-1,True,-1,-1,-1,-1,-1.0,-1
5857,0,-1,-1,-1,-1,True,-1,-1,-1,-1,-1.0,-1
5858,0,-1,-1,-1,-1,True,-1,-1,-1,-1,-1.0,-1
5859,0,1,3,4,15,False,106,12,20,3092,30.92,0
5860,0,1,3,4,33,True,106,12,0,3072,30.72,0
5861,0,1,3,4,21,False,153,14,95,3679,36.79,0
5862,0,1,3,4,31,True,153,3,30,798,7.98,0
5863,0,1,3,4,30,False,31,13,180,3508,35.08,0
5864,0,1,3,4,34,True,31,10,200,2760,27.6,0
5865,0,1,3,4,25,False,196,1,33,289,2.89,0
5866,0,1,3,4,25,True,196,1,14,270,2.7,0
5867,0,1,3,4,16,False,58,11,165,2981,29.81,0
5868,0,1,3,4,26,True,58,11,142,2958,29.58,0
5869,0,1,3,4,32,False,195,0,53,53,0.53,0
5870,0,1,3,4,19,True,195,0,31,31,0.31,0
5871,0,1,3,4,29,False,32,12,228,3300,33.0,0
5872,0,1,3,4,21,True,32,12,109,3181,31.81,0
5873,0,1,3,4,23,True,45,9,171,2475,24.75,0
5874,0,1,3,4,24,True,45,12,85,3157,31.57,0
5875,0,1,3,4,26,False,107,10,37,2597,25.97,0
5876,0,1,3,4,32,True,107,10,18,2578,25.78,0
5877,0,1,3,4,4,False,32,3,196,964,9.64,0
5878,0,1,3,4,31,True,32,3,177,945,9.45,0
5879,0,1,3,4,21,False,153,11,57,2873,28.73,0
5880,0,1,3,4,20,False,153,3,39,807,8.07,0
5881,0,1,1,4,15,True,200,7,143,1935,19.35,0
5882,0,1,3,4,20,True,152,3,16,784,7.84,0
5883,0,1,1,4,32,False,200,10,73,2633,26.33,0
5884,0,1,3,4,21,True,99,2,193,705,7.05,0
5885,0,1,1,4,14,True,200,10,36,2596,25.96,0
5886,0,1,3,4,11,False,153,15,253,4093,40.93,0
5887,0,1,3,4,11,True,120,15,233,4073,40.73,0
5888,0,1,3,4,12,False,54,0,15,15,0.15,0
5889,0,1,3,4,26,True,54,15,251,4091,40.91,0
5890,0,1,3,4,25,True,145,13,233,3561,35.61,0
5891,0,1,3,4,10,False,143,6,216,1752,17.52,0
5892,0,1,3,4,24,True,143,6,193,1729,17.29,0
5893,0,1,3,4,21,False,43,15,191,4031,40.31,0
5894,0,1,3,4,21,True,43,15,171,4011,40.11,0
5895,0,1,3,4,8,False,142,6,202,1738,17.38,0
5896,0,1,3,4,27,True,142,6,180,1716,17.16,0
5897,0,1,3,4,25,False,11,14,0,3584,35.84,167772160
5898,0,-1,-1,-1,-1,True,-1,-1,-1,-1,-1.0,-1
5899,0,159,0,0,0,False,0,0,10,10,0.1,3717143553
5900,0,-1,-1,-1,-1,True,-1,-1,-1,-1,-1.0,-1
5901,0,-1,-1,-1,-1,True,-1,-1,-1,-1,-1.0,-1
5902,0,1,3,4,32,False,132,12,240,3312,33.12,0
5903,0,1,3,4,31,True,132,12,219,3291,32.91,0
5904,0,1,3,4,16,False,121,15,192,4032,40.32,0
5905,0,1,3,4,27,True,121,15,169,4009,40.09,0
5906,0,1,3,4,8,False,228,0,57,57,0.57,0
5907,0,1,3,4,26,True,228,0,36,36,0.36,0
5908,0,1,3,4,7,False,47,1,41,297,2.97,0
5909,0,1,3,4,20,True,47,1,19,275,2.75,0
5910,0,1,3,4,24,True,48,10,124,2684,26.84,0
5911,0,1,3,4,22,False,3,5,131,1411,14.11,0
5912,0,1,3,4,19,True,3,5,110,1390,13.9,0
5913,0,1,3,4,14,False,196,4,185,1209,12.09,0
5914,0,1,1,4,12,False,82,4,226,1250,12.5,0
5915,0,1,3,4,17,True,196,4,159,1183,11.83,0
5916,0,1,1,4,24,True,82,4,205,1229,12.29,0
5917,0,1,3,4,10,True,244,0,17,17,0.17,0
5918,0,1,1,4,27,False,0,2,0,512,5.12,167772160
5919,0,-1,-1,-1,-1,True,-1,-1,-1,-1,-1.0,-1
5920,0,5,10,0,0,False,0,0,0,0,0.0,1835274
5921,0,5,6,7,0,False,0,0,0,0,0.0,266
5922,0,106,1,4,11,True,0,0,0,0,0.0,469830144
5923,0,181,0,0,0,False,0,0,10,10,0.1,3944553473
5924,0,-1,-1,-1,-1,True,-1,-1,-1,-1,-1.0,-1
5925,0,-1,-1,-1,-1,True,-1,-1,-1,-1,-1.0,-1
5926,0,-1,-1,-1,-1,True,-1,-1,-1,-1,-1.0,-1
5927,0,-1,-1,-1,-1,True,-1,-1,-1,-1,-1.0,-1
5928,0,1,3,4,20,True,235,3,151,919,9.19,0
5929,0,1,3,4,23,False,235,10,104,2664,26.64,0
5930,0,1,3,7,43,True,10,8,4,2052,20.52,387608
5931,0,1,3,7,4,False,25,13,9,3337,33.37,71
5932,0,182,0,3,41,False,0,0,0,0,0.0,0
5933,0,1,3,4,8,False,182,10,250,2810,28.1,0
5934,0,1,3,4,12,True,182,10,226,2786,27.86,0
5935,0,1,3,4,27,False,199,15,225,4065,40.65,0
5936,0,1,3,4,33,True,199,15,206,4046,40.46,0
5937,0,1,3,4,1,False,160,12,233,3305,33.05,0
5938,0,1,3,4,32,True,160,12,214,3286,32.86,0
5939,0,1,3,4,21,False,3,9,0,2304,23.04,167772160
5940,0,-1,-1,-1,-1,True,-1,-1,-1,-1,-1.0,-1
5941,0,102,0,0,0,False,0,0,10,10,0.1,2577472513
5942,0,-1,-1,-1,-1,True,-1,-1,-1,-1,-1.0,-1
5943,0,-1,-1,-1,-1,True,-1,-1,-1,-1,-1.0,-1
5944,0,-1,-1,-1,-1,True,-1,-1,-1,-1,-1.0,-1
5945,0,-1,-1,-1,-1,True,-1,-1,-1,-1,-1.0,-1
5946,0,1,3,4,2,False,117,0,82,82,0.82,0
5947,0,1,3,4,4,False,5,3,196,964,9.64,0
5948,0,1,3,4,28,True,5,3,177,945,9.45,0
5949,0,1,3,4,22,False,153,0,153,153,1.53,0
5950,0,1,3,4,29,True,153,0,131,131,1.31,0
5951,0,1,3,4,29,False,73,8,45,2093,20.93,0
5952,0,1,3,4,14,True,235,3,45,813,8.13,0
5953,0,1,3,4,30,False,87,8,22,2070,20.7,0
5954,0,1,3,4,28,True,59,4,56,1080,10.8,0
5955,0,1,3,4,27,False,55,5,183,1463,14.63,0
5956,0,1,3,4,31,True,177,12,155,3227,32.27,0
5957,0,1,3,4,5,False,141,1,109,365,3.65,0
5958,0,1,3,4,22,True,7,6,0,1536,15.36,167772160
5959,0,-1,-1,-1,-1,True,-1,-1,-1,-1,-1.0,-1
5960,0,11,0,0,0,False,0,0,10,10,0.1,1
5961,0,70,0,0,0,False,0,0,10,10,0.1,0
5962,0,-1,-1,-1,-1,True,-1,-1,-1,-1,-1.0,-1
5963,0,-1,-1,-1,-1,True,-1,-1,-1,-1,-1.0,-1
5964,0,-1,-1,-1,-1,True,-1,-1,-1,-1,-1.0,-1
5965,0,1,3,4,19,True,208,4,152,1176,11.76,0
5966,0,1,3,4,12,False,149,0,42,42,0.42,0
5967,0,1,3,4,32,False,141,7,44,1836,18.36,0
5968,0,1,3,4,25,True,205,13,199,3527,35.27,0
5969,0,1,3,4,18,False,147,7,8,1800,18.0,0
5970,0,1,3,4,23,True,146,6,242,1778,17.78,0
5971,0,1,3,4,2,False,43,4,21,1045,10.45,0
5972,0,1,3,4,32,True,43,4,1,1025,10.25,0
5973,0,1,3,4,0,False,216,9,36,2340,23.4,0
5974,0,1,3,4,34,True,216,9,13,2317,23.17,0
5975,0,1,3,4,19,False,212,14,53,3637,36.37,0
5976,0,1,3,4,32,False,174,10,229,2789,27.89,0
5977,0,1,2,4,6,False,122,1,42,298,2.98,0
5978,0,1,3,4,6,True,139,3,125,893,8.93,0
5979,0,1,3,4,25,False,51,0,66,66,0.66,0
5980,0,1,3,4,32,True,51,0,47,47,0.47,0
5981,0,1,3,4,16,False,142,7,136,1928,19.28,0
5982,0,1,3,4,13,True,209,8,209,2257,22.57,0
5983,0,1,3,4,2,False,179,10,160,2720,27.2,0
5984,0,1,1,4,30,False,137,8,142,2190,21.9,0
5985,0,1,3,4,28,True,179,10,137,2697,26.97,0
5986,0,1,1,4,29,False,137,13,137,3465,34.65,0
5987,0,1,3,4,5,True,49,0,239,239,2.39,0
5988,0,1,1,4,8,True,32,14,9,3593,35.93,232
5989,0,-1,-1,-1,-1,True,-1,-1,-1,-1,-1.0,-1
5990,0,1,3,4,21,True,254,9,210,2514,25.14,0
5991,0,1,3,4,21,False,241,1,212,468,4.68,0
5992,0,1,3,4,27,True,241,1,190,446,4.46,0
5993,0,1,3,4,27,False,40,5,159,1439,14.39,0
5994,0,1,3,4,33,True,212,10,28,2588,25.88,0
5995,0,1,3,4,26,True,212,11,150,2966,29.66,0
5996,0,1,3,4,27,True,212,10,7,2567,25.67,0
5997,0,1,3,4,32,False,117,2,133,645,6.45,0
5998,0,1,3,4,20,True,117,2,109,621,6.21,0
5999,0,1,3,4,22,False,43,2,154,666,6.66,0
6000,0,1,3,4,19,True,242,5,25,1305,13.05,0
6001,0,1,1,4,15,True,33,4,52,1076,10.76,0
6002,0,1,3,4,11,False,237,12,167,3239,32.39,0
6003,0,1,3,4,22,True,237,12,143,3215,32.15,0
6004,0,1,3,4,27,False,60,9,195,2499,24.99,0
6005,0,1,3,4,28,False,59,7,1,1793,17.93,117
6006,0,-1,-1,-1,-1,True,-1,-1,-1,-1,-1.0,-1
6007,0,1,3,4,29,True,55,1,95,351,3.51,0
6008,0,1,3,4,27,False,228,12,136,3208,32.08,0
6009,0,1,3,4,26,True,228,12,110,3182,31.82,0
6010,0,1,3,4,29,False,232,13,132,3460,34.6,0
6011,0,1,3,4,31,False,232,2,83,595,5.95,0
6012,0,1,3,4,21,True,12,15,0,3840,38.4,167772160
6013,0,-1,-1,-1,-1,True,-1,-1,-1,-1,-1.0,-1
6014,0,80,0,0,0,False,0,0,10,10,0.1,3692633089
6015,0,-1,-1,-1,-1,True,-1,-1,-1,-1,-1.0,-1
6016,0,-1,-1,-1,-1,True,-1,-1,-1,-1,-1.0,-1
6017,0,-1,-1,-1,-1,True,-1,-1,-1,-1,-1.0,-1
6018,0,-1,-1,-1,-1,True,-1,-1,-1,-1,-1.0,-1
6019,0,1,3,4,18,True,220,15,157,3997,39.97,0
6020,0,1,3,4,20,True,219,12,58,3130,31.3,0
6021,0,1,3,4,9,False,134,13,241,3569,35.69,0
6022,0,1,3,4,22,True,134,13,221,3549,35.49,0
6023,0,1,3,4,22,False,225,9,192,2496,24.96,0
6024,0,1,3,4,14,True,225,9,170,2474,24.74,0
6025,0,1,3,4,28,False,128,7,83,1875,18.75,0
6026,0,1,3,4,3,True,128,2,50,562,5.62,0
6027,0,1,3,4,27,True,128,7,62,1854,18.54,0
6028,0,1,3,4,19,False,24,7,64,1856,18.56,0
6029,0,1,3,4,30,True,134,7,42,1834,18.34,0
6030,0,1,3,4,25,True,164,3,174,942,9.42,0
6031,0,1,3,4,0,False,162,3,121,889,8.89,0
6032,0,1,3,4,26,True,162,3,100,868,8.68,0
6033,0,1,3,4,6,False,151,12,236,3308,33.08,0
6034,0,1,3,4,9,True,151,12,213,3285,32.85,0
6035,0,1,3,4,27,False,117,14,195,3779,37.79,0
6036,0,1,3,4,5,True,117,1,2,258,2.58,209
6037,0,-1,-1,-1,-1,True,-1,-1,-1,-1,-1.0,-1
6038,0,1,3,4,14,True,225,2,188,700,7.0,0
6039,0,1,3,4,15,False,239,6,148,1684,16.84,0
6040,0,1,3,4,22,False,241,9,93,2397,23.97,0
6041,0,1,3,4,19,True,155,7,0,1792,17.92,134217728
6042,0,-1,-1,-1,-1,True,-1,-1,-1,-1,-1.0,-1
6043,0,-1,-1,-1,-1,True,-1,-1,-1,-1,-1.0,-1
6044,0,-1,-1,-1,-1,True,-1,-1,-1,-1,-1.0,-1
6045,0,-1,-1,-1,-1,True,-1,-1,-1,-1,-1.0,-1
6046,0,-1,-1,-1,-1,True,-1,-1,-1,-1,-1.0,-1
6047,0,1,19,0,0,False,0,0,0,0,0.0,0
6048,0,1,14,5,28,False,13,0,0,0,0.0,167772160
6049,0,-1,-1,-1,-1,True,-1,-1,-1,-1,-1.0,-1
6050,0,-1,-1,-1,-1,True,-1,-1,-1,-1,-1.0,-1
6051,0,-1,-1,-1,-1,True,-1,-1,-1,-1,-1.0,-1
6052,0,-1,-1,-1,-1,True,-1,-1,-1,-1,-1.0,-1
6053,0,-1,-1,-1,-1,True,-1,-1,-1,-1,-1.0,-1
6054,0,1,3,4,25,True,88,13,218,3546,35.46,0
6055,0,1,3,4,19,False,40,14,153,3737,37.37,0
6056,0,1,3,4,29,True,40,14,135,3719,37.19,0
6057,0,1,3,4,22,False,236,15,156,3996,39.96,0
6058,0,1,3,4,4,True,236,15,136,3976,39.76,0
6059,0,1,3,4,20,False,123,10,56,2616,26.16,0
6060,0,1,3,4,33,True,123,10,33,2593,25.93,0
6061,0,1,3,4,4,False,182,11,5,2821,28.21,0
6062,0,1,3,4,3,False,180,13,0,3328,33.28,0
6063,0,1,3,4,25,True,182,10,239,2799,27.99,0
6064,0,1,3,4,26,True,180,7,14,1806,18.06,10
6065,0,-1,-1,-1,-1,True,-1,-1,-1,-1,-1.0,-1
6066,0,1,3,4,28,False,106,12,144,3216,32.16,0
6067,0,1,3,4,22,True,106,12,120,3192,31.92,0
6068,0,1,3,4,22,False,105,0,126,126,1.26,0
6069,0,1,3,4,19,True,105,0,105,105,1.05,0
6070,0,1,3,4,12,False,49,10,206,2766,27.66,0
6071,0,1,3,4,27,True,49,10,186,2746,27.46,0
6072,0,1,3,4,17,False,7,6,148,1684,16.84,0
6073,0,1,3,4,5,True,7,6,128,1664,16.64,0
6074,0,1,3,4,22,False,176,7,165,1957,19.57,0
6075,0,1,3,4,32,True,176,7,147,1939,19.39,0
6076,0,1,3,4,18,True,165,3,7,775,7.75,237
6077,0,-1,-1,-1,-1,True,-1,-1,-1,-1,-1.0,-1
6078,0,1,3,4,6,True,99,7,217,2009,20.09,0
6079,0,1,3,4,17,False,88,11,81,2897,28.97,0
6080,0,1,3,4,31,True,87,11,62,2878,28.78,0
6081,0,1,3,4,26,False,7,15,0,3840,38.4,167772160
6082,0,-1,-1,-1,-1,True,-1,-1,-1,-1,-1.0,-1
6083,0,247,0,0,0,False,0,0,10,10,0.1,0
6084,0,-1,-1,-1,-1,True,-1,-1,-1,-1,-1.0,-1
6085,0,-1,-1,-1,-1,True,-1,-1,-1,-1,-1.0,-1
6086,0,-1,-1,-1,-1,True,-1,-1,-1,-1,-1.0,-1
6087,0,-1,-1,-1,-1,True,-1,-1,-1,-1,-1.0,-1
6088,0,-1,-1,-1,-1,True,-1,-1,-1,-1,-1.0,-1
6089,0,-1,-1,-1,-1,True,-1,-1,-1,-1,-1.0,-1
6090,0,1,3,4,12,True,128,1,97,353,3.53,0
6091,0,1,3,4,33,False,170,0,15,15,0.15,135
6092,0,-1,-1,-1,-1,True,-1,-1,-1,-1,-1.0,-1
6093,0,1,3,4,24,True,128,15,112,3952,39.52,0
6094,0,1,3,4,23,False,215,13,248,3576,35.76,0
6095,0,1,3,4,20,True,215,13,227,3555,35.55,0
6096,0,1,3,4,26,False,4,12,80,3152,31.52,0
6097,0,1,3,4,26,True,4,12,59,3131,31.31,0
6098,0,1,3,4,33,False,204,15,46,3886,38.86,0
6099,0,1,3,4,31,True,204,15,26,3866,38.66,0
6100,0,1,3,4,0,False,3,14,0,3584,35.84,167772160
6101,0,-1,-1,-1,-1,True,-1,-1,-1,-1,-1.0,-1
6102,0,-1,-1,-1,-1,True,-1,-1,-1,-1,-1.0,-1
6103,0,-1,-1,-1,-1,True,-1,-1,-1,-1,-1.0,-1
6104,0,-1,-1,-1,-1,True,-1,-1,-1,-1,-1.0,-1
6105,0,-1,-1,-1,-1,True,-1,-1,-1,-1,-1.0,-1
6106,0,1,3,4,25,False,231,4,153,1177,11.77,0
6107,0,1,3,4,20,True,231,4,131,1155,11.55,0
6108,0,1,3,4,31,False,2,15,217,4057,40.57,10
6109,0,-1,-1,-1,-1,True,-1,-1,-1,-1,-1.0,-1
6110,0,1,16,4,6,True,217,10,110,2670,26.7,0
6111,0,1,3,4,23,False,60,9,129,2433,24.33,0
6112,0,1,3,4,16,True,60,9,108,2412,24.12,0
6113,0,1,3,4,12,False,14,9,0,2304,23.04,167772160
6114,0,-1,-1,-1,-1,True,-1,-1,-1,-1,-1.0,-1
6115,0,149,0,0,0,False,0,0,10,10,0.1,2719554561
6116,0,-1,-1,-1,-1,True,-1,-1,-1,-1,-1.0,-1
6117,0,-1,-1,-1,-1,True,-1,-1,-1,-1,-1.0,-1
6118,0,1,1,4,32,False,109,10,186,2746,27.46,0
6119,0,1,3,4,28,True,162,5,174,1454,14.54,0
6120,0,1,1,4,26,True,3,7,0,1792,17.92,167772160
6121,0,-1,-1,-1,-1,True,-1,-1,-1,-1,-1.0,-1
6122,0,-1,-1,-1,-1,True,-1,-1,-1,-1,-1.0,-1
6123,0,-1,-1,-1,-1,True,-1,-1,-1,-1,-1.0,-1
6124,0,-1,-1,-1,-1,True,-1,-1,-1,-1,-1.0,-1
6125,0,1,3,4,22,False,156,10,132,2692,26.92,0
6126,0,1,3,4,27,True,156,10,110,2670,26.7,0
6127,0,1,3,4,18,False,86,0,114,114,1.14,0
6128,0,1,3,4,30,True,9,0,93,93,0.93,0
6129,0,1,3,4,16,False,151,6,234,1770,17.7,0
6130,0,1,3,4,25,True,151,6,210,1746,17.46,0
6131,0,1,3,4,28,False,255,13,203,3531,35.31,0
6132,0,1,3,4,12,True,255,13,181,3509,35.09,0
6133,0,1,3,4,25,False,4,4,36,1060,10.6,0
6134,0,1,3,4,20,True,143,4,14,1038,10.38,0
6135,0,1,3,4,23,False,82,9,229,2533,25.33,0
6136,0,1,3,4,14,False,85,5,43,1323,13.23,0
6137,0,1,1,4,20,True,52,9,210,2514,25.14,0
6138,0,1,3,4,19,False,28,14,6,3590,35.9,0
6139,0,1,1,4,23,False,28,9,6,2310,23.1,0
6140,0,1,1,3,63,True,13,8,0,2048,20.48,0
6141,0,1,3,4,19,True,64,13,15,3343,33.43,0
6142,0,1,3,4,27,False,236,12,235,3307,33.07,0
6143,0,1,3,4,13,True,236,12,210,3282,32.82,0
6144,0,1,3,4,11,False,91,15,202,4042,40.42,0
6145,0,1,3,4,22,True,91,15,177,4017,40.17,0
6146,0,1,3,4,31,False,216,0,14,14,0.14,229
6147,0,-1,-1,-1,-1,True,-1,-1,-1,-1,-1.0,-1
6148,0,1,3,4,15,False,160,9,26,2330,23.3,0
6149,0,1,3,4,4,True,12,9,5,2309,23.09,0
6150,0,1,1,0,0,False,0,0,0,0,0.0,0
6151,0,1,3,4,23,False,253,4,100,1124,11.24,0
6152,0,1,3,4,33,True,253,6,13,1549,15.49,21
6153,0,-1,-1,-1,-1,True,-1,-1,-1,-1,-1.0,-1
6154,0,1,3,4,28,False,156,1,154,410,4.1,0
6155,0,1,3,4,15,False,206,0,0,0,0.0,17432576
6156,0,186,0,0,0,False,0,0,10,10,0.1,1100422145
6157,0,-1,-1,-1,-1,True,-1,-1,-1,-1,-1.0,-1
6158,0,-1,-1,-1,-1,True,-1,-1,-1,-1,-1.0,-1
6159,0,-1,-1,-1,-1,True,-1,-1,-1,-1,-1.0,-1
6160,0,-1,-1,-1,-1,True,-1,-1,-1,-1,-1.0,-1
6161,0,1,3,4,28,True,176,11,0,2816,28.16,70
6162,0,-1,-1,-1,-1,True,-1,-1,-1,-1,-1.0,-1
6163,0,1,3,4,15,False,91,5,16,1296,12.96,0
6164,0,1,3,4,26,True,91,4,251,1275,12.75,0
6165,0,1,3,4,31,False,153,15,115,3955,39.55,0
6166,0,1,3,4,15,True,3,6,0,1536,15.36,167772160
6167,0,-1,-1,-1,-1,True,-1,-1,-1,-1,-1.0,-1
6168,0,-1,-1,-1,-1,True,-1,-1,-1,-1,-1.0,-1
6169,0,-1,-1,-1,-1,True,-1,-1,-1,-1,-1.0,-1
6170,0,-1,-1,-1,-1,True,-1,-1,-1,-1,-1.0,-1
6171,0,-1,-1,-1,-1,True,-1,-1,-1,-1,-1.0,-1
6172,0,-1,-1,-1,-1,True,-1,-1,-1,-1,-1.0,-1
6173,0,1,3,4,22,True,36,1,97,353,3.53,0
6174,0,1,3,4,11,False,60,2,164,676,6.76,0
6175,0,1,3,4,28,True,60,2,142,654,6.54,0
6176,0,1,3,4,4,False,102,3,4,772,7.72,0
6177,0,1,3,4,30,True,102,1,123,379,3.79,0
6178,0,1,3,4,20,False,225,3,36,804,8.04,0
6179,0,1,3,4,25,True,225,3,11,779,7.79,0
6180,0,1,3,4,19,False,237,14,131,3715,37.15,0
6181,0,1,3,4,29,True,237,14,113,3697,36.97,0
6182,0,1,3,4,21,False,100,6,228,1764,17.64,0
6183,0,1,3,4,20,False,98,13,58,3386,33.86,0
6184,0,1,3,4,19,False,98,5,147,1427,14.27,0
6185,0,1,3,4,15,True,98,5,126,1406,14.06,0
6186,0,1,3,4,16,True,2,3,0,768,7.68,167772160
6187,0,-1,-1,-1,-1,True,-1,-1,-1,-1,-1.0,-1
6188,0,99,1,2,44,False,0,0,0,0,0.0,0
6189,0,1,3,4,24,True,99,10,86,2646,26.46,0
6190,0,1,3,4,25,False,195,15,98,3938,39.38,0
6191,0,1,3,4,30,True,195,15,76,3916,39.16,0
6192,0,1,3,4,24,False,62,15,250,4090,40.9,0
6193,0,1,1,4,1,False,39,6,223,1759,17.59,0
6194,0,1,3,4,17,True,62,15,227,4067,40.67,0
6195,0,1,1,4,0,False,40,10,221,2781,27.81,0
6196,0,1,3,4,2,False,40,5,211,1491,14.91,0
6197,0,1,3,4,18,True,40,1,80,336,3.36,0
6198,0,1,3,4,18,False,198,11,142,2958,29.58,0
6199,0,1,3,4,13,True,198,11,120,2936,29.36,0
6200,0,1,3,4,27,False,164,11,171,2987,29.87,0
6201,0,1,3,4,25,True,164,14,51,3635,36.35,0
6202,0,1,3,4,11,True,211,14,28,3612,36.12,0
6203,0,1,3,4,33,False,161,8,239,2287,22.87,0
6204,0,1,3,4,11,True,161,8,219,2267,22.67,0
6205,0,1,3,4,32,False,225,1,10,266,2.66,18
6206,0,-1,-1,-1,-1,True,-1,-1,-1,-1,-1.0,-1
6207,0,1,3,4,25,True,115,15,128,3968,39.68,0
6208,0,1,2,4,26,True,15,3,0,768,7.68,167772160
6209,0,-1,-1,-1,-1,True,-1,-1,-1,-1,-1.0,-1
6210,0,45,1,3,10,True,0,0,0,0,0.0,469830144
6211,0,-1,-1,-1,-1,True,-1,-1,-1,-1,-1.0,-1
6212,0,-1,-1,-1,-1,True,-1,-1,-1,-1,-1.0,-1
6213,0,1,3,4,22,False,1,13,193,3521,35.21,0
6214,0,1,3,4,20,True,1,13,170,3498,34.98,0
6215,0,1,3,4,15,False,18,0,152,152,1.52,0
6216,0,1,3,4,26,True,18,5,0,1280,12.8,237
6217,0,-1,-1,-1,-1,True,-1,-1,-1,-1,-1.0,-1
6218,0,1,3,4,14,True,133,0,215,215,2.15,0
6219,0,1,3,4,29,False,135,0,84,84,0.84,0
6220,0,1,3,4,20,True,135,0,61,61,0.61,0
6221,0,1,3,4,26,False,159,0,92,92,0.92,0
6222,0,1,3,4,8,True,159,0,69,69,0.69,0
6223,0,1,3,4,25,False,14,1,0,256,2.56,167772160
6224,0,-1,-1,-1,-1,True,-1,-1,-1,-1,-1.0,-1
6225,0,-1,-1,-1,-1,True,-1,-1,-1,-1,-1.0,-1
6226,0,-1,-1,-1,-1,True,-1,-1,-1,-1,-1.0,-1
6227,0,-1,-1,-1,-1,True,-1,-1,-1,-1,-1.0,-1
6228,0,-1,-1,-1,-1,True,-1,-1,-1,-1,-1.0,-1
6229,0,1,3,4,17,True,207,14,75,3659,36.59,0
6230,0,1,3,4,18,True,207,2,49,561,5.61,0
6231,0,1,3,4,33,False,175,2,80,592,5.92,0
6232,0,1,3,4,7,True,175,2,62,574,5.74,0
6233,0,1,3,4,23,False,241,15,236,4076,40.76,0
6234,0,1,3,4,34,True,241,15,214,4054,40.54,0
6235,0,1,3,4,22,False,107,15,223,4063,40.63,0
6236,0,1,3,4,22,True,107,15,203,4043,40.43,0
6237,0,1,3,4,27,False,155,12,2,3074,30.74,113
6238,0,-1,-1,-1,-1,True,-1,-1,-1,-1,-1.0,-1
6239,0,1,1,3,57,True,28,15,0,3840,38.4,0
6240,0,1,14,1,11,False,0,0,0,0,0.0,0
6241,0,1,20,5,39,True,0,7,28,1820,18.2,0
6242,0,-1,-1,-1,-1,True,-1,-1,-1,-1,-1.0,-1
6243,0,157,0,0,0,False,0,0,10,10,0.1,2375949313
6244,0,-1,-1,-1,-1,True,-1,-1,-1,-1,-1.0,-1
6245,0,-1,-1,-1,-1,True,-1,-1,-1,-1,-1.0,-1
6246,0,-1,-1,-1,-1,True,-1,-1,-1,-1,-1.0,-1
6247,0,-1,-1,-1,-1,True,-1,-1,-1,-1,-1.0,-1
6248,0,1,3,4,30,False,180,9,208,2512,25.12,0
6249,0,1,3,4,23,True,180,9,184,2488,24.88,0
6250,0,1,3,4,13,False,111,13,125,3453,34.53,0
6251,0,1,3,4,34,True,111,13,104,3432,34.32,0
6252,0,1,3,4,22,False,252,5,1,1281,12.81,0
6253,0,1,3,4,32,False,125,7,86,1878,18.78,0
6254,0,1,3,4,11,True,125,13,167,3495,34.95,0
6255,0,1,3,4,19,False,93,13,35,3363,33.63,0
6256,0,1,3,4,33,True,93,13,17,3345,33.45,0
6257,0,1,3,4,28,False,193,10,198,2758,27.58,0
6258,0,1,3,4,12,True,193,10,175,2735,27.35,0
6259,0,1,3,4,29,False,212,12,148,3220,32.2,0
6260,0,1,3,4,30,False,212,5,135,1415,14.15,0
6261,0,1,3,4,32,True,136,4,182,1206,12.06,0
6262,0,1,3,4,4,False,30,9,41,2345,23.45,0
6263,0,1,3,4,25,True,9,13,0,3328,33.28,167772160
6264,0,-1,-1,-1,-1,True,-1,-1,-1,-1,-1.0,-1
6265,0,85,0,0,0,False,0,0,10,10,0.1,1776641
6266,0,87,0,0,0,False,0,0,10,10,0.1,3332250625
6267,0,62,0,0,0,False,0,0,10,10,0.1,2132089857
6268,0,162,0,0,0,False,0,0,10,10,0.1,2140871681
6269,0,-1,-1,-1,-1,True,-1,-1,-1,-1,-1.0,-1
6270,0,1,3,4,20,False,165,10,1,2561,25.61,2969674772
6271,0,-1,-1,-1,-1,True,-1,-1,-1,-1,-1.0,-1
6272,0,-1,-1,-1,-1,True,-1,-1,-1,-1,-1.0,-1
6273,0,-1,-1,-1,-1,True,-1,-1,-1,-1,-1.0,-1
6274,0,-1,-1,-1,-1,True,-1,-1,-1,-1,-1.0,-1
6275,0,1,19,4,35,True,1,9,28,2332,23.32,0
6276,0,1,4,0,0,False,0,0,0,0,0.0,0
6277,0,1,13,7,23,True,2,7,0,1792,17.92,167772160
6278,0,134,0,0,0,False,0,0,10,10,0.1,547232769
6279,0,111,0,0,0,False,0,0,10,10,0.1,3189513217
6280,0,127,0,0,0,False,0,0,10,10,0.1,7169
6281,0,107,0,0,0,False,0,0,10,10,0.1,7169
6282,0,200,0,0,0,False,0,0,10,10,0.1,1755192321
6283,0,-1,-1,-1,-1,True,-1,-1,-1,-1,-1.0,-1
6284,0,-1,-1,-1,-1,True,-1,-1,-1,-1,-1.0,-1
6285,0,-1,-1,-1,-1,True,-1,-1,-1,-1,-1.0,-1
6286,0,1,3,4,8,False,224,11,216,3032,30.32,0
6287,0,1,3,4,20,True,42,14,60,3644,36.44,0
6288,0,1,3,4,27,True,42,14,39,3623,36.23,0
6289,0,1,3,4,28,True,44,7,86,1878,18.78,0
6290,0,1,3,4,28,False,99,12,219,3291,32.91,0
6291,0,1,1,4,31,False,11,6,45,1581,15.81,0
6292,0,1,3,4,21,True,99,12,197,3269,32.69,0
6293,0,1,1,4,15,True,11,6,25,1561,15.61,0
6294,0,1,3,4,25,True,56,7,26,1818,18.18,0
6295,0,1,3,4,5,False,7,7,0,1792,17.92,167772160
6296,0,-1,-1,-1,-1,True,-1,-1,-1,-1,-1.0,-1
6297,0,59,0,0,0,False,0,0,10,10,0.1,379460609
6298,0,-1,-1,-1,-1,True,-1,-1,-1,-1,-1.0,-1
6299,0,1,3,4,32,False,58,13,14,3342,33.42,0
6300,0,1,3,4,30,True,58,12,249,3321,33.21,0
6301,0,1,3,4,2,False,202,14,78,3662,36.62,0
6302,0,1,3,4,6,True,202,14,52,3636,36.36,0
6303,0,1,3,4,23,False,208,7,67,1859,18.59,0
6304,0,1,3,4,27,True,208,3,40,808,8.08,0
6305,0,1,3,4,26,False,221,15,230,4070,40.7,0
6306,0,1,3,4,21,True,221,15,209,4049,40.49,0
6307,0,1,3,4,14,False,103,7,39,1831,18.31,0
6308,0,1,1,4,17,False,73,3,133,901,9.01,0
6309,0,1,3,4,34,True,103,7,13,1805,18.05,0
6310,0,1,1,4,12,True,73,3,115,883,8.83,0
6311,0,1,3,4,29,True,249,0,0,0,0.0,17432576
6312,0,221,3,4,27,True,249,0,0,0,0.0,17432576
6313,0,-1,-1,-1,-1,True,-1,-1,-1,-1,-1.0,-1
6314,0,-1,-1,-1,-1,True,-1,-1,-1,-1,-1.0,-1
6315,0,-1,-1,-1,-1,True,-1,-1,-1,-1,-1.0,-1
6316,0,-1,-1,-1,-1,True,-1,-1,-1,-1,-1.0,-1
6317,0,1,3,4,27,False,12,1,0,256,2.56,167772160
6318,0,-1,-1,-1,-1,True,-1,-1,-1,-1,-1.0,-1
6319,0,129,0,0,0,False,0,0,10,10,0.1,0
6320,0,-1,-1,-1,-1,True,-1,-1,-1,-1,-1.0,-1
6321,0,109,0,0,0,False,0,0,10,10,0.1,0
6322,0,-1,-1,-1,-1,True,-1,-1,-1,-1,-1.0,-1
6323,0,99,0,0,0,False,0,0,10,10,0.1,2559712257
6324,0,-1,-1,-1,-1,True,-1,-1,-1,-1,-1.0,-1
6325,0,-1,-1,-1,-1,True,-1,-1,-1,-1,-1.0,-1
6326,0,-1,-1,-1,-1,True,-1,-1,-1,-1,-1.0,-1
6327,0,-1,-1,-1,-1,True,-1,-1,-1,-1,-1.0,-1
6328,0,1,3,4,9,False,146,12,131,3203,32.03,0
6329,0,1,3,4,17,True,146,12,109,3181,31.81,0
6330,0,1,3,4,31,False,181,8,41,2089,20.89,0
6331,0,1,3,4,12,True,180,8,20,2068,20.68,0
6332,0,1,3,4,32,False,176,10,36,2596,25.96,0
6333,0,1,3,4,13,True,175,10,14,2574,25.74,0
6334,0,1,3,4,24,False,41,0,125,125,1.25,0
6335,0,1,3,4,23,True,41,0,103,103,1.03,0
6336,0,1,3,4,1,False,110,12,23,3095,30.95,0
6337,0,1,3,4,30,True,110,0,213,213,2.13,0
6338,0,1,3,4,19,True,246,0,193,193,1.93,0
6339,0,1,3,4,18,False,4,14,47,3631,36.31,0
6340,0,1,3,4,33,True,113,15,136,3976,39.76,0
6341,0,1,3,4,18,True,112,15,117,3957,39.57,0
6342,0,1,3,4,17,False,4,14,166,3750,37.5,0
6343,0,1,3,4,14,True,4,14,144,3728,37.28,0
6344,0,1,3,4,22,False,186,9,169,2473,24.73,0
6345,0,1,3,4,4,True,186,9,149,2453,24.53,0
6346,0,1,3,4,19,False,2,13,0,3328,33.28,167772160
6347,0,-1,-1,-1,-1,True,-1,-1,-1,-1,-1.0,-1
6348,0,7,0,0,0,False,0,0,10,10,0.1,395713537
6349,0,-1,-1,-1,-1,True,-1,-1,-1,-1,-1.0,-1
6350,0,-1,-1,-1,-1,True,-1,-1,-1,-1,-1.0,-1
6351,0,-1,-1,-1,-1,True,-1,-1,-1,-1,-1.0,-1
6352,0,-1,-1,-1,-1,True,-1,-1,-1,-1,-1.0,-1
6353,0,1,3,4,17,True,59,7,115,1907,19.07,0
6354,0,1,3,4,19,True,59,7,91,1883,18.83,0
6355,0,1,3,4,24,False,55,4,11,1035,10.35,0
6356,0,1,3,4,24,True,55,3,248,1016,10.16,0
6357,0,1,3,4,32,False,232,6,4,1540,15.4,0
6358,0,1,3,4,28,True,232,5,238,1518,15.18,0
6359,0,1,3,4,22,False,52,1,32,288,2.88,0
6360,0,1,3,4,21,False,51,12,160,3232,32.32,201
6361,0,-1,-1,-1,-1,True,-1,-1,-1,-1,-1.0,-1
6362,0,1,1,0,0,False,0,0,0,0,0.0,0
6363,0,1,15,6,28,False,28,3,15,783,7.83,7293
6364,0,1,3,5,19,False,6,13,78,3406,34.06,9731
6365,0,-1,-1,-1,-1,True,-1,-1,-1,-1,-1.0,-1
6366,0,1,3,4,20,False,37,6,57,1593,15.93,0
6367,0,1,3,4,34,True,37,6,32,1568,15.68,0
6368,0,1,3,4,22,False,101,9,30,2334,23.34,0
6369,0,1,3,4,22,True,101,3,251,1019,10.19,0
6370,0,1,3,4,19,True,33,3,227,995,9.95,0
6371,0,1,3,4,10,False,10,7,242,2034,20.34,0
6372,0,1,3,4,34,True,10,7,218,2010,20.1,0
6373,0,1,3,4,25,False,86,15,11,3851,38.51,0
6374,0,1,3,4,26,False,86,5,37,1317,13.17,0
6375,0,1,3,4,24,True,86,7,138,1930,19.3,0
6376,0,1,3,4,19,True,120,7,115,1907,19.07,0
6377,0,1,3,4,31,False,111,7,225,2017,20.17,0
6378,0,1,3,4,23,True,111,7,204,1996,19.96,0
6379,0,1,3,4,22,False,147,14,32,3616,36.16,0
6380,0,1,3,4,15,True,36,11,228,3044,30.44,0
6381,0,1,3,4,0,False,64,13,43,3371,33.71,0
6382,0,1,3,4,34,True,64,13,19,3347,33.47,0
6383,0,1,3,4,31,False,108,0,105,105,1.05,0
6384,0,1,3,4,0,False,85,12,31,3103,31.03,0
6385,0,1,26,0,0,False,0,0,0,0,0.0,0
6386,0,1,1,6,49,True,15,11,0,2816,28.16,167772160
6387,0,-1,-1,-1,-1,True,-1,-1,-1,-1,-1.0,-1
6388,0,-1,-1,-1,-1,True,-1,-1,-1,-1,-1.0,-1
6389,0,1,1,4,10,True,72,15,214,4054,40.54,0
6390,0,1,3,4,31,False,163,1,111,367,3.67,0
6391,0,1,3,4,28,False,22,4,14,1038,10.38,0
6392,0,1,7,4,28,False,4,13,0,3328,33.28,167772160
6393,0,-1,-1,-1,-1,True,-1,-1,-1,-1,-1.0,-1
6394,0,-1,-1,-1,-1,True,-1,-1,-1,-1,-1.0,-1
6395,0,199,0,0,0,False,0,0,10,10,0.1,3198032897
6396,0,177,0,0,0,False,0,0,10,10,0.1,521083905
6397,0,-1,-1,-1,-1,True,-1,-1,-1,-1,-1.0,-1
6398,0,-1,-1,-1,-1,True,-1,-1,-1,-1,-1.0,-1
6399,0,-1,-1,-1,-1,True,-1,-1,-1,-1,-1.0,-1
6400,0,1,3,4,18,True,31,3,175,943,9.43,0
6401,0,1,3,4,12,False,157,12,253,3325,33.25,0
6402,0,1,3,4,16,False,157,15,52,3892,38.92,0
6403,0,1,3,4,23,True,15,9,0,2304,23.04,167772160
6404,0,-1,-1,-1,-1,True,-1,-1,-1,-1,-1.0,-1
6405,0,110,0,0,0,False,0,0,10,10,0.1,1267997697
6406,0,-1,-1,-1,-1,True,-1,-1,-1,-1,-1.0,-1
6407,0,1,3,4,21,True,174,11,18,2834,28.34,0
6408,0,1,3,4,0,False,171,10,65,2625,26.25,0
6409,0,1,3,4,22,True,8,8,0,2048,20.48,167772160
6410,0,-1,-1,-1,-1,True,-1,-1,-1,-1,-1.0,-1
6411,0,97,0,0,0,False,0,0,10,10,0.1,7169
6412,0,253,0,0,0,False,0,0,10,10,0.1,0
6413,0,-1,-1,-1,-1,True,-1,-1,-1,-1,-1.0,-1
6414,0,233,0,0,0,False,0,0,10,10,0.1,0
6415,0,-1,-1,-1,-1,True,-1,-1,-1,-1,-1.0,-1
6416,0,-1,-1,-1,-1,True,-1,-1,-1,-1,-1.0,-1
6417,0,1,3,4,27,True,248,4,238,1262,12.62,0
6418,0,1,2,4,27,False,210,12,138,3210,32.1,0
6419,0,1,3,4,14,False,179,9,9,2313,23.13,0
6420,0,1,2,4,34,True,210,12,121,3193,31.93,0
6421,0,1,3,4,8,False,136,6,153,1689,16.89,0
6422,0,1,3,4,24,True,136,6,127,1663,16.63,0
6423,0,1,1,4,21,False,79,3,42,810,8.1,0
6424,0,1,3,4,33,True,232,12,154,3226,32.26,5638289
6425,0,-1,-1,-1,-1,True,-1,-1,-1,-1,-1.0,-1
6426,0,-1,-1,-1,-1,True,-1,-1,-1,-1,-1.0,-1
6427,0,-1,-1,-1,-1,True,-1,-1,-1,-1,-1.0,-1
6428,0,1,2,4,33,True,255,11,243,3059,30.59,0
6429,0,1,3,4,29,False,170,8,43,2091,20.91,0
6430,0,1,3,4,8,False,22,12,16,3088,30.88,0
6431,0,1,21,3,12,False,197,12,0,3072,30.72,0
6432,0,1,19,6,43,True,12,15,28,3868,38.68,45595
6433,0,1,0,4,48,True,28,0,178,178,1.78,0
6434,0,1,0,4,25,True,28,14,9,3593,35.93,0
6435,0,1,1,7,3,True,28,2,1,513,5.13,167
6436,0,12,2,5,0,False,0,0,0,0,0.0,320602378
6437,0,-1,-1,-1,-1,True,-1,-1,-1,-1,-1.0,-1
6438,0,-1,-1,-1,-1,True,-1,-1,-1,-1,-1.0,-1
6439,0,-1,-1,-1,-1,True,-1,-1,-1,-1,-1.0,-1
6440,0,-1,-1,-1,-1,True,-1,-1,-1,-1,-1.0,-1
6441,0,1,3,4,22,True,120,14,119,3703,37.03,0
6442,0,1,3,4,17,False,212,7,65,1857,18.57,0
6443,0,1,3,4,28,True,212,7,45,1837,18.37,0
6444,0,1,3,4,26,False,209,4,207,1231,12.31,0
6445,0,1,3,4,34,True,100,4,161,1185,11.85,0
6446,0,1,3,4,17,False,230,1,181,437,4.37,0
6447,0,1,3,4,18,False,230,5,30,1310,13.1,0
6448,0,1,3,4,20,True,230,1,159,415,4.15,0
6449,0,1,3,4,21,True,230,5,9,1289,12.89,0
6450,0,1,3,4,24,False,30,4,102,1126,11.26,0
6451,0,1,3,4,23,True,30,4,78,1102,11.02,0
6452,0,1,3,4,26,False,252,3,199,967,9.67,0
6453,0,1,3,4,24,True,252,3,177,945,9.45,0
6454,0,1,3,4,32,False,31,12,238,3310,33.1,0
6455,0,1,3,4,18,True,140,12,216,3288,32.88,0
6456,0,1,3,4,3,False,72,2,12,524,5.24,42
6457,0,-1,-1,-1,-1,True,-1,-1,-1,-1,-1.0,-1
6458,0,1,3,4,6,True,98,12,20,3092,30.92,0
6459,0,1,3,4,10,False,249,11,156,2972,29.72,0
6460,0,1,3,4,16,True,249,11,133,2949,29.49,0
6461,0,1,3,4,20,False,225,2,3,515,5.15,0
6462,0,1,3,4,19,True,225,1,235,491,4.91,0
6463,0,1,3,4,26,False,248,2,61,573,5.73,0
6464,0,1,3,4,29,True,247,2,41,553,5.53,0
6465,0,1,3,4,18,False,248,15,202,4042,40.42,0
6466,0,1,3,4,28,True,248,15,182,4022,40.22,0
6467,0,1,3,4,2,False,44,6,58,1594,15.94,0
6468,0,1,3,4,21,True,44,15,72,3912,39.12,0
6469,0,1,3,4,25,True,226,15,51,3891,38.91,0
6470,0,1,3,4,30,False,30,4,204,1228,12.28,0
6471,0,1,3,4,24,True,30,4,180,1204,12.04,0
6472,0,1,3,4,24,False,225,2,7,519,5.19,49
6473,0,-1,-1,-1,-1,True,-1,-1,-1,-1,-1.0,-1
6474,0,1,3,4,7,False,18,1,189,445,4.45,0
6475,0,1,3,4,25,True,18,1,168,424,4.24,0
6476,0,1,3,4,30,False,105,14,190,3774,37.74,0
6477,0,1,2,4,22,False,123,2,106,618,6.18,0
6478,0,1,3,4,30,True,105,14,170,3754,37.54,0
6479,0,1,2,4,33,True,15,7,10,1802,18.02,0
6480,0,1,4,6,28,False,18,4,13,1037,10.37,7377
6481,0,1,18,6,52,False,13,9,28,2332,23.32,30616
6482,0,1,2,4,30,False,187,4,6,1030,10.3,0
6483,0,1,1,2,16,False,207,6,202,1738,17.38,0
6484,0,-1,-1,-1,-1,True,-1,-1,-1,-1,-1.0,-1
6485,0,-1,-1,-1,-1,True,-1,-1,-1,-1,-1.0,-1
6486,0,1,3,4,30,True,207,6,182,1718,17.18,0
6487,0,1,3,4,26,False,124,13,100,3428,34.28,0
6488,0,1,3,4,20,True,125,10,40,2600,26.0,0
6489,0,1,3,4,31,False,18,14,111,3695,36.95,0
6490,0,1,3,4,16,True,18,14,87,3671,36.71,0
6491,0,1,2,4,25,False,244,3,15,783,7.83,0
6492,0,1,3,4,25,False,180,11,145,2961,29.61,0
6493,0,1,2,4,23,True,244,2,249,761,7.61,0
6494,0,1,3,4,28,False,15,13,15,3343,33.43,0
6495,0,1,23,5,28,False,145,13,15,3343,33.43,166
6496,0,1,3,4,31,False,128,8,45,2093,20.93,0
6497,0,1,3,4,10,False,137,0,157,157,1.57,0
6498,0,1,3,4,32,True,137,0,137,137,1.37,0
6499,0,1,3,4,10,False,141,15,74,3914,39.14,0
6500,0,1,3,4,23,True,170,11,66,2882,28.82,0
6501,0,1,3,4,15,False,196,6,111,1647,16.47,0
6502,0,1,3,4,28,True,196,6,91,1627,16.27,0
6503,0,1,3,4,30,False,187,10,123,2683,26.83,0
6504,0,1,3,4,23,True,5,5,0,1280,12.8,167772160
6505,0,-1,-1,-1,-1,True,-1,-1,-1,-1,-1.0,-1
6506,0,33,0,0,0,False,0,0,10,10,0.1,2342460417
6507,0,-1,-1,-1,-1,True,-1,-1,-1,-1,-1.0,-1
6508,0,-1,-1,-1,-1,True,-1,-1,-1,-1,-1.0,-1
6509,0,-1,-1,-1,-1,True,-1,-1,-1,-1,-1.0,-1
6510,0,1,3,4,17,False,15,12,46,3118,31.18,0
6511,0,1,3,4,17,True,15,9,10,2314,23.14,0
6512,0,1,3,4,16,False,202,5,226,1506,15.06,0
6513,0,1,3,4,19,True,202,5,202,1482,14.82,0
6514,0,1,3,4,21,False,72,10,166,2726,27.26,0
6515,0,1,3,4,19,True,72,1,224,480,4.8,0
6516,0,1,3,4,12,False,195,12,136,3208,32.08,0
6517,0,1,30,0,0,False,0,0,0,0,0.0,0
6518,0,1,1,4,45,True,28,14,43,3627,36.27,0
6519,0,1,1,4,40,True,28,8,43,2091,20.91,0
6520,0,1,1,4,14,True,28,8,193,2241,22.41,0
6521,0,1,1,6,9,False,28,10,7,2567,25.67,143
6522,0,-1,-1,-1,-1,True,-1,-1,-1,-1,-1.0,-1
6523,0,45,0,6,24,False,0,0,0,0,0.0,0
6524,0,-1,-1,-1,-1,True,-1,-1,-1,-1,-1.0,-1
6525,0,1,3,4,26,True,5,2,0,512,5.12,167772160
6526,0,-1,-1,-1,-1,True,-1,-1,-1,-1,-1.0,-1
6527,0,230,0,0,0,False,0,0,10,10,0.1,1914506241
6528,0,-1,-1,-1,-1,True,-1,-1,-1,-1,-1.0,-1
6529,0,-1,-1,-1,-1,True,-1,-1,-1,-1,-1.0,-1
6530,0,-1,-1,-1,-1,True,-1,-1,-1,-1,-1.0,-1
6531,0,-1,-1,-1,-1,True,-1,-1,-1,-1,-1.0,-1
6532,0,1,3,4,17,False,72,2,55,567,5.67,0
6533,0,1,1,4,34,True,114,1,13,269,2.69,0
6534,0,1,3,4,25,False,66,4,91,1115,11.15,0
6535,0,1,3,4,23,True,66,4,70,1094,10.94,0
6536,0,1,3,4,13,False,28,15,0,3840,38.4,167772160
6537,0,-1,-1,-1,-1,True,-1,-1,-1,-1,-1.0,-1
6538,0,43,3,4,23,True,0,0,0,0,0.0,872483328
6539,0,0,0,0,0,False,0,11,1,2817,28.17,69
6540,0,-1,-1,-1,-1,True,-1,-1,-1,-1,-1.0,-1
6541,0,-1,-1,-1,-1,True,-1,-1,-1,-1,-1.0,-1
6542,0,-1,-1,-1,-1,True,-1,-1,-1,-1,-1.0,-1
6543,0,-1,-1,-1,-1,True,-1,-1,-1,-1,-1.0,-1
6544,0,-1,-1,-1,-1,True,-1,-1,-1,-1,-1.0,-1
6545,0,1,0,3,42,False,28,13,0,3328,33.28,0
6546,0,1,9,2,5,False,143,0,0,0,0.0,0
6547,0,1,3,4,27,True,74,5,120,1400,14.0,0
6548,0,1,3,4,26,False,223,11,99,2915,29.15,0
6549,0,1,3,4,28,True,221,11,78,2894,28.94,0
6550,0,1,3,4,18,False,113,12,79,3151,31.51,0
6551,0,1,3,4,30,True,113,12,58,3130,31.3,0
6552,0,1,3,4,27,False,31,1,22,278,2.78,0
6553,0,1,3,4,34,True,31,12,55,3127,31.27,0
6554,0,1,3,4,7,False,164,13,106,3434,34.34,0
6555,0,1,3,4,22,True,164,13,83,3411,34.11,0
6556,0,1,3,4,22,False,185,15,2,3842,38.42,0
6557,0,1,3,4,22,True,185,14,238,3822,38.22,0
6558,0,1,3,4,29,False,245,14,97,3681,36.81,0
6559,0,1,3,4,30,False,245,3,194,962,9.62,0
6560,0,1,3,4,31,True,245,14,76,3660,36.6,0
6561,0,1,3,4,33,True,245,12,9,3081,30.81,210
6562,0,-1,-1,-1,-1,True,-1,-1,-1,-1,-1.0,-1
6563,0,1,3,4,34,True,123,13,115,3443,34.43,0
6564,0,1,1,4,13,True,60,9,192,2496,24.96,0
6565,0,1,3,4,22,True,124,10,219,2779,27.79,0
6566,0,1,1,4,18,True,26,8,189,2237,22.37,0
6567,0,1,3,4,24,True,172,10,91,2651,26.51,0
6568,0,1,3,4,12,False,161,12,159,3231,32.31,0
6569,0,1,1,4,12,True,28,10,113,2673,26.73,0
6570,0,1,1,6,45,True,28,7,113,1905,19.05,38926
6571,0,1,3,4,16,False,163,8,70,2118,21.18,0
6572,0,1,3,4,32,True,163,3,3,771,7.71,0
6573,0,1,3,4,13,False,48,1,211,467,4.67,0
6574,0,1,3,4,22,True,48,1,189,445,4.45,0
6575,0,1,3,4,19,False,11,0,0,0,0.0,17301504
6576,0,-1,-1,-1,-1,True,-1,-1,-1,-1,-1.0,-1
6577,0,-1,-1,-1,-1,True,-1,-1,-1,-1,-1.0,-1
6578,0,-1,-1,-1,-1,True,-1,-1,-1,-1,-1.0,-1
6579,0,-1,-1,-1,-1,True,-1,-1,-1,-1,-1.0,-1
6580,0,1,1,3,20,False,28,13,0,3328,33.28,0
6581,0,1,29,5,12,False,209,12,146,3218,32.18,236
6582,0,1,1,4,59,True,28,9,2,2306,23.06,216
6583,0,-1,-1,-1,-1,True,-1,-1,-1,-1,-1.0,-1
6584,0,1,3,4,23,False,169,4,167,1191,11.91,0
6585,0,1,3,4,24,True,169,4,143,1167,11.67,0
6586,0,1,3,4,4,False,224,3,92,860,8.6,0
6587,0,1,3,4,10,True,224,3,69,837,8.37,0
6588,0,1,3,4,27,False,252,7,73,1865,18.65,0
6589,0,1,1,4,27,False,98,4,133,1157,11.57,0
6590,0,1,3,4,29,True,252,7,48,1840,18.4,0
6591,0,1,1,4,20,True,98,4,111,1135,11.35,0
6592,0,1,3,4,26,True,143,9,131,2435,24.35,0
6593,0,1,1,4,28,False,23,5,208,1488,14.88,0
6594,0,1,3,4,34,True,23,5,183,1463,14.63,0
6595,0,1,3,4,15,False,45,9,88,2392,23.92,0
6596,0,1,3,4,27,True,45,9,67,2371,23.71,0
6597,0,1,3,4,18,False,222,14,143,3727,37.27,0
6598,0,1,3,4,18,True,222,14,125,3709,37.09,0
6599,0,1,3,4,31,False,249,0,141,141,1.41,0
6600,0,1,3,4,16,False,101,14,236,3820,38.2,0
6601,0,1,3,4,30,True,137,11,29,2845,28.45,0
6602,0,1,3,4,21,False,163,7,210,2002,20.02,0
6603,0,1,3,4,3,True,163,7,188,1980,19.8,0
6604,0,1,3,4,28,False,243,12,46,3118,31.18,0
6605,0,1,3,4,31,True,12,9,0,2304,23.04,167772160
6606,0,-1,-1,-1,-1,True,-1,-1,-1,-1,-1.0,-1
6607,0,252,0,3,40,False,0,0,0,0,0.0,469830144
6608,0,-1,-1,-1,-1,True,-1,-1,-1,-1,-1.0,-1
6609,0,-1,-1,-1,-1,True,-1,-1,-1,-1,-1.0,-1
6610,0,-1,-1,-1,-1,True,-1,-1,-1,-1,-1.0,-1
6611,0,-1,-1,-1,-1,True,-1,-1,-1,-1,-1.0,-1
6612,0,-1,-1,-1,-1,True,-1,-1,-1,-1,-1.0,-1
6613,0,1,3,4,12,False,158,1,221,477,4.77,0
6614,0,1,3,4,14,True,158,1,200,456,4.56,0
6615,0,1,3,4,23,False,17,0,143,143,1.43,0
6616,0,1,3,4,24,False,17,0,211,211,2.11,0
6617,0,1,3,4,14,True,17,15,1,3841,38.41,211
6618,0,-1,-1,-1,-1,True,-1,-1,-1,-1,-1.0,-1
6619,0,1,3,4,27,True,66,11,184,3000,30.0,0
6620,0,1,2,4,29,True,207,1,189,445,4.45,0
6621,0,1,3,4,16,False,222,15,67,3907,39.07,0
6622,0,1,3,4,30,True,15,11,28,2844,28.44,0
6623,0,1,4,1,26,True,0,0,0,0,0.0,0
6624,0,1,1,5,28,False,28,8,153,2201,22.01,13
6625,0,1,8,7,28,False,31,2,207,719,7.19,0
6626,0,-1,-1,-1,-1,True,-1,-1,-1,-1,-1.0,-1
6627,0,-1,-1,-1,-1,True,-1,-1,-1,-1,-1.0,-1
6628,0,-1,-1,-1,-1,True,-1,-1,-1,-1,-1.0,-1
6629,0,-1,-1,-1,-1,True,-1,-1,-1,-1,-1.0,-1
6630,0,-1,-1,-1,-1,True,-1,-1,-1,-1,-1.0,-1
6631,0,1,1,4,8,True,154,2,245,757,7.57,0
6632,0,1,3,4,26,True,123,1,103,359,3.59,0
6633,0,1,1,4,24,False,152,4,172,1196,11.96,0
6634,0,1,3,4,29,False,32,0,21,21,0.21,0
6635,0,1,1,4,7,True,152,4,155,1179,11.79,0
6636,0,1,3,4,15,False,254,12,9,3081,30.81,0
6637,0,1,27,3,6,False,52,12,0,3072,30.72,0
6638,0,1,18,0,0,False,0,0,0,0,0.0,0
6639,0,1,27,3,6,False,32,12,0,3072,30.72,0
6640,0,1,1,7,52,False,209,14,66,3650,36.5,0
6641,0,42,0,0,0,False,0,0,10,10,0.1,1762925569
6642,0,-1,-1,-1,-1,True,-1,-1,-1,-1,-1.0,-1
6643,0,-1,-1,-1,-1,True,-1,-1,-1,-1,-1.0,-1
6644,0,1,3,4,30,True,105,8,91,2139,21.39,0
6645,0,1,3,4,16,False,134,9,74,2378,23.78,0
6646,0,1,3,4,25,True,134,9,50,2354,23.54,0
6647,0,1,1,4,29,False,97,11,225,3041,30.41,0
6648,0,1,3,4,32,False,110,9,10,2314,23.14,18
6649,0,-1,-1,-1,-1,True,-1,-1,-1,-1,-1.0,-1
6650,0,1,2,4,33,True,236,10,223,2783,27.83,0
6651,0,1,3,4,12,False,92,5,87,1367,13.67,0
6652,0,1,3,4,21,True,92,5,66,1346,13.46,0
6653,0,1,3,4,25,False,63,12,182,3254,32.54,0
6654,0,1,3,4,25,True,63,12,162,3234,32.34,0
6655,0,1,3,4,32,False,198,6,214,1750,17.5,0
6656,0,1,3,4,25,True,198,6,191,1727,17.27,0
6657,0,1,3,4,17,False,107,4,139,1163,11.63,0
6658,0,1,3,4,18,False,107,6,184,1720,17.2,0
6659,0,1,3,4,20,True,107,4,117,1141,11.41,0
6660,0,1,3,4,21,True,107,6,163,1699,16.99,0
6661,0,1,3,4,7,False,21,4,0,1024,10.24,134217728
6662,0,-1,-1,-1,-1,True,-1,-1,-1,-1,-1.0,-1
6663,0,-1,-1,-1,-1,True,-1,-1,-1,-1,-1.0,-1
6664,0,-1,-1,-1,-1,True,-1,-1,-1,-1,-1.0,-1
6665,0,-1,-1,-1,-1,True,-1,-1,-1,-1,-1.0,-1
6666,0,-1,-1,-1,-1,True,-1,-1,-1,-1,-1.0,-1
6667,0,1,18,6,36,True,2,6,28,1564,15.64,45319
6668,0,1,0,4,50,True,28,3,177,945,9.45,0
6669,0,1,0,4,29,True,28,10,28,2588,25.88,0
6670,0,1,2,1,55,False,0,0,0,0,0.0,0
6671,0,1,1,5,38,False,28,13,119,3447,34.47,13
6672,0,1,2,2,28,False,0,0,0,0,0.0,0
6673,0,1,12,3,14,False,162,12,0,3072,30.72,0
6674,0,1,20,2,35,False,14,0,0,0,0.0,0
6675,0,1,17,2,28,False,15,0,0,0,0.0,0
6676,0,1,30,4,15,False,173,12,157,3229,32.29,0
6677,0,1,30,4,15,False,153,12,22,3094,30.94,0
6678,0,1,16,1,11,False,0,0,0,0,0.0,0
6679,0,1,15,4,28,False,149,1,11,267,2.67,0
6680,0,1,12,6,28,False,12,7,4,1796,17.96,7322
6681,0,1,18,3,55,False,4,6,0,1536,15.36,0
6682,0,1,3,4,31,False,97,2,199,711,7.11,0
6683,0,1,3,4,22,True,97,2,176,688,6.88,0
6684,0,1,3,4,27,False,31,12,254,3326,33.26,0
6685,0,1,3,4,13,True,31,12,229,3301,33.01,0
6686,0,1,3,4,19,False,241,3,2,770,7.7,73
6687,0,-1,-1,-1,-1,True,-1,-1,-1,-1,-1.0,-1
6688,0,1,3,4,17,True,35,2,51,563,5.63,0
6689,0,1,3,4,22,False,233,0,69,69,0.69,0
6690,0,1,3,4,28,True,233,0,48,48,0.48,0
6691,0,1,3,4,26,False,0,9,4,2308,23.08,0
6692,0,1,3,4,19,True,255,8,237,2285,22.85,0
6693,0,1,1,4,27,True,168,5,42,1322,13.22,0
6694,0,1,3,4,12,False,121,3,184,952,9.52,0
6695,0,1,1,4,22,False,162,15,234,4074,40.74,0
6696,0,1,3,4,9,False,188,6,132,1668,16.68,0
6697,0,1,3,4,10,False,186,12,222,3294,32.94,0
6698,0,1,3,4,34,True,186,12,199,3271,32.71,0
6699,0,1,3,4,17,False,20,15,33,3873,38.73,0
6700,0,1,3,4,16,True,19,15,10,3850,38.5,0
6701,0,1,3,4,23,False,0,8,0,2048,20.48,167772160
6702,0,-1,-1,-1,-1,True,-1,-1,-1,-1,-1.0,-1
6703,0,-1,-1,-1,-1,True,-1,-1,-1,-1,-1.0,-1
6704,0,-1,-1,-1,-1,True,-1,-1,-1,-1,-1.0,-1
6705,0,-1,-1,-1,-1,True,-1,-1,-1,-1,-1.0,-1
6706,0,-1,-1,-1,-1,True,-1,-1,-1,-1,-1.0,-1
6707,0,1,3,4,23,False,218,0,252,252,2.52,0
6708,0,1,3,4,34,True,226,0,228,228,2.28,0
6709,0,1,3,4,14,False,206,3,160,928,9.28,0
6710,0,1,3,4,20,True,206,3,136,904,9.04,0
6711,0,1,3,4,10,False,65,0,7,7,0.07,11
6712,0,-1,-1,-1,-1,True,-1,-1,-1,-1,-1.0,-1
6713,0,1,3,4,23,True,178,6,213,1749,17.49,0
6714,0,1,3,4,14,False,38,12,29,3101,31.01,0
6715,0,1,3,4,34,True,38,12,5,3077,30.77,0
6716,0,1,3,4,27,False,98,9,224,2528,25.28,0
6717,0,1,3,4,30,True,98,9,199,2503,25.03,0
6718,0,1,3,4,21,False,222,7,40,1832,18.32,0
6719,0,1,3,4,22,True,222,7,15,1807,18.07,0
6720,0,1,3,4,7,False,69,1,243,499,4.99,0
6721,0,1,3,4,4,True,69,1,223,479,4.79,0
6722,0,1,3,4,32,False,145,15,190,4030,40.3,0
6723,0,1,3,4,5,True,145,15,168,4008,40.08,0
6724,0,1,3,4,25,False,148,10,38,2598,25.98,0
6725,0,1,3,4,7,True,148,2,171,683,6.83,0
6726,0,1,3,4,22,True,85,2,149,661,6.61,0
6727,0,1,1,4,10,False,196,12,158,3230,32.3,2155
6728,0,-1,-1,-1,-1,True,-1,-1,-1,-1,-1.0,-1
6729,0,-1,-1,-1,-1,True,-1,-1,-1,-1,-1.0,-1
6730,0,1,17,7,28,False,18,14,3,3587,35.87,9837749
6731,0,1,17,6,3,False,158,12,24,3096,30.96,1744
6732,0,1,22,0,0,False,0,0,0,0,0.0,0
6733,0,1,3,4,3,True,11,7,0,1792,17.92,167772160
6734,0,-1,-1,-1,-1,True,-1,-1,-1,-1,-1.0,-1
6735,0,106,0,0,0,False,0,0,10,10,0.1,2970360833
6736,0,-1,-1,-1,-1,True,-1,-1,-1,-1,-1.0,-1
6737,0,-1,-1,-1,-1,True,-1,-1,-1,-1,-1.0,-1
6738,0,1,3,4,30,True,177,8,247,2295,22.95,0
6739,0,1,3,4,0,False,15,11,83,2899,28.99,0
6740,0,1,3,4,28,True,15,11,62,2878,28.78,0
6741,0,1,3,4,27,False,49,2,170,682,6.82,0
6742,0,1,3,4,34,True,49,2,142,654,6.54,0
6743,0,1,3,4,18,False,203,12,14,3086,30.86,195
6744,0,-1,-1,-1,-1,True,-1,-1,-1,-1,-1.0,-1
6745,0,1,3,4,30,True,204,14,172,3756,37.56,0
6746,0,1,3,4,30,False,255,15,31,3871,38.71,0
6747,0,1,3,4,25,True,255,15,7,3847,38.47,0
6748,0,1,3,4,27,False,254,11,23,2839,28.39,0
6749,0,1,3,4,26,True,254,3,213,981,9.81,0
6750,0,1,3,4,29,True,158,3,191,959,9.59,0
6751,0,1,3,4,16,False,56,7,98,1890,18.9,0
6752,0,1,3,4,33,True,56,7,75,1867,18.67,0
6753,0,1,3,4,14,False,111,1,28,284,2.84,0
6754,0,1,2,4,28,True,158,8,161,2209,22.09,0
6755,0,1,3,4,28,False,24,4,10,1034,10.34,0
6756,0,1,16,2,28,False,138,0,0,0,0.0,0
6757,0,1,20,4,10,False,108,12,17,3089,30.89,0
6758,0,1,18,5,15,False,81,12,149,3221,32.21,149
6759,0,1,1,7,61,False,28,11,80,2896,28.96,1876748
6760,0,1,16,7,16,False,12,10,28,2588,25.88,701457
6761,0,1,4,4,28,False,154,4,10,1034,10.34,0
6762,0,1,2,0,0,False,0,0,0,0,0.0,0
6763,0,1,3,4,11,False,165,14,7,3591,35.91,0
6764,0,1,3,4,22,True,165,13,239,3567,35.67,0
6765,0,1,1,4,1,False,8,14,0,3584,35.84,167772160
6766,0,-1,-1,-1,-1,True,-1,-1,-1,-1,-1.0,-1
6767,0,-1,-1,-1,-1,True,-1,-1,-1,-1,-1.0,-1
6768,0,-1,-1,-1,-1,True,-1,-1,-1,-1,-1.0,-1
6769,0,-1,-1,-1,-1,True,-1,-1,-1,-1,-1.0,-1
6770,0,-1,-1,-1,-1,True,-1,-1,-1,-1,-1.0,-1
6771,0,-1,-1,-1,-1,True,-1,-1,-1,-1,-1.0,-1
6772,0,1,3,4,14,True,28,0,174,174,1.74,0
6773,0,1,3,4,18,False,59,8,60,2108,21.08,0
6774,0,1,3,4,20,True,59,8,38,2086,20.86,0
6775,0,1,3,4,8,False,118,15,169,4009,40.09,0
6776,0,1,3,4,27,True,229,15,148,3988,39.88,0
6777,0,1,3,4,25,False,96,13,118,3446,34.46,0
6778,0,1,3,4,17,True,96,14,4,3588,35.88,212
6779,0,-1,-1,-1,-1,True,-1,-1,-1,-1,-1.0,-1
6780,0,1,1,4,11,True,94,11,61,2877,28.77,0
6781,0,1,3,4,19,True,1,12,0,3072,30.72,167772160
6782,0,-1,-1,-1,-1,True,-1,-1,-1,-1,-1.0,-1
6783,0,-1,-1,-1,-1,True,-1,-1,-1,-1,-1.0,-1
6784,0,-1,-1,-1,-1,True,-1,-1,-1,-1,-1.0,-1
6785,0,-1,-1,-1,-1,True,-1,-1,-1,-1,-1.0,-1
6786,0,-1,-1,-1,-1,True,-1,-1,-1,-1,-1.0,-1
6787,0,1,3,4,15,True,3,9,4,2308,23.08,0
6788,0,1,3,4,26,False,18,7,73,1865,18.65,0
6789,0,1,3,4,22,True,18,7,51,1843,18.43,0
6790,0,1,3,4,20,False,80,14,15,3599,35.99,0
6791,0,1,3,4,22,True,80,13,246,3574,35.74,0
6792,0,1,3,4,13,False,67,6,9,1545,15.45,0
6793,0,1,3,4,25,True,67,5,243,1523,15.23,0
6794,0,1,3,4,32,False,70,0,217,217,2.17,0
6795,0,1,3,4,32,True,70,3,106,874,8.74,0
6796,0,1,3,4,6,True,179,3,87,855,8.55,0
6797,0,1,3,4,23,True,23,11,194,3010,30.1,0
6798,0,1,3,4,23,False,6,12,254,3326,33.26,0
6799,0,1,3,4,33,True,6,2,186,698,6.98,0
6800,0,1,3,4,21,False,112,0,77,77,0.77,0
6801,0,1,2,4,29,False,76,14,174,3758,37.58,0
6802,0,1,3,4,14,True,95,3,66,834,8.34,0
6803,0,1,1,4,14,True,187,14,30,3614,36.14,0
6804,0,1,3,4,11,False,241,2,89,601,6.01,0
6805,0,1,3,4,18,False,241,8,93,2141,21.41,0
6806,0,1,3,4,34,True,241,8,71,2119,21.19,0
6807,0,1,3,4,28,False,246,10,33,2593,25.93,0
6808,0,1,3,4,9,True,246,10,11,2571,25.71,0
6809,0,1,3,4,10,False,237,1,38,294,2.94,0
6810,0,1,3,4,8,False,237,7,169,1961,19.61,0
6811,0,1,3,4,7,False,238,14,15,3599,35.99,0
6812,0,1,3,4,32,True,9,2,0,512,5.12,167772160
6813,0,-1,-1,-1,-1,True,-1,-1,-1,-1,-1.0,-1
6814,0,239,0,0,0,False,0,0,10,10,0.1,0
6815,0,-1,-1,-1,-1,True,-1,-1,-1,-1,-1.0,-1
6816,0,170,0,0,0,False,0,0,10,10,0.1,2309037057
6817,0,-1,-1,-1,-1,True,-1,-1,-1,-1,-1.0,-1
6818,0,1,3,4,34,True,131,15,146,3986,39.86,0
6819,0,1,3,4,12,False,111,14,205,3789,37.89,0
6820,0,1,3,4,8,False,111,6,184,1720,17.2,0
6821,0,1,3,4,28,False,87,3,52,820,8.2,0
6822,0,1,3,4,6,True,87,4,9,1033,10.33,48
6823,0,-1,-1,-1,-1,True,-1,-1,-1,-1,-1.0,-1
6824,0,1,3,4,22,False,212,5,46,1326,13.26,0
6825,0,1,3,4,20,True,212,5,23,1303,13.03,0
6826,0,1,3,4,28,False,112,8,229,2277,22.77,0
6827,0,1,3,4,12,True,112,8,206,2254,22.54,0
6828,0,1,3,4,29,False,238,1,131,387,3.87,0
6829,0,1,1,4,20,True,120,4,193,1217,12.17,0
6830,0,1,3,4,34,True,82,11,151,2967,29.67,0
6831,0,1,3,4,12,False,32,12,140,3212,32.12,0
6832,0,1,13,6,12,False,11,12,154,3226,32.26,975
6833,0,1,30,3,28,False,24,15,0,3840,38.4,0
6834,0,1,1,6,40,False,28,11,207,3023,30.23,20750
6835,0,1,3,4,12,False,28,13,5,3333,33.33,150
6836,0,-1,-1,-1,-1,True,-1,-1,-1,-1,-1.0,-1
6837,0,1,3,4,24,True,143,12,227,3299,32.99,0
6838,0,1,3,4,25,True,0,10,15,2575,25.75,80
6839,0,-1,-1,-1,-1,True,-1,-1,-1,-1,-1.0,-1
6840,0,1,3,4,34,True,26,15,56,3896,38.96,0
6841,0,1,3,4,19,False,239,6,6,1542,15.42,0
6842,0,1,3,4,32,True,239,3,251,1019,10.19,0
6843,0,1,3,4,29,False,123,13,255,3583,35.83,0
6844,0,1,3,4,31,True,123,13,233,3561,35.61,0
6845,0,1,3,4,19,False,151,1,5,261,2.61,0
6846,0,1,3,4,19,True,151,0,244,244,2.44,0
6847,0,1,3,4,13,False,9,12,37,3109,31.09,0
6848,0,1,3,4,29,True,9,11,13,2829,28.29,213
6849,0,-1,-1,-1,-1,True,-1,-1,-1,-1,-1.0,-1
6850,0,1,3,4,7,False,151,14,143,3727,37.27,0
6851,0,1,3,4,22,True,151,14,122,3706,37.06,0
6852,0,1,3,4,17,False,242,8,221,2269,22.69,0
6853,0,1,3,4,33,True,62,1,135,391,3.91,0
6854,0,1,3,4,20,False,246,15,49,3889,38.89,0
6855,0,1,3,4,26,True,13,5,0,1280,12.8,167772160
6856,0,-1,-1,-1,-1,True,-1,-1,-1,-1,-1.0,-1
6857,0,4,21,6,0,False,0,0,0,0,0.0,10
6858,0,-1,-1,-1,-1,True,-1,-1,-1,-1,-1.0,-1
6859,0,5,4,6,0,False,0,0,0,0,0.0,10
6860,0,-1,-1,-1,-1,True,-1,-1,-1,-1,-1.0,-1
6861,0,-1,-1,-1,-1,True,-1,-1,-1,-1,-1.0,-1
6862,0,-1,-1,-1,-1,True,-1,-1,-1,-1,-1.0,-1
6863,0,1,3,4,34,True,118,13,89,3417,34.17,0
6864,0,1,3,4,16,False,144,11,179,2995,29.95,0
6865,0,1,3,4,32,True,144,6,7,1543,15.43,209
6866,0,-1,-1,-1,-1,True,-1,-1,-1,-1,-1.0,-1
6867,0,1,3,4,25,False,38,6,47,1583,15.83,0
6868,0,1,3,4,23,True,38,6,26,1562,15.62,0
6869,0,1,3,4,32,False,255,1,119,375,3.75,0
6870,0,1,3,4,30,True,255,1,97,353,3.53,0
6871,0,1,3,4,33,False,236,9,95,2399,23.99,0
6872,0,1,3,4,23,True,236,9,74,2378,23.78,0
6873,0,1,3,4,20,False,253,10,192,2752,27.52,0
6874,0,1,3,4,22,True,253,10,166,2726,27.26,0
6875,0,1,3,4,14,False,43,4,143,1167,11.67,0
6876,0,1,3,4,24,False,238,6,55,1591,15.91,0
6877,0,1,3,4,3,True,43,4,120,1144,11.44,0
6878,0,1,3,4,18,True,5,2,0,512,5.12,167772160
6879,0,-1,-1,-1,-1,True,-1,-1,-1,-1,-1.0,-1
6880,0,-1,-1,-1,-1,True,-1,-1,-1,-1,-1.0,-1
6881,0,-1,-1,-1,-1,True,-1,-1,-1,-1,-1.0,-1
6882,0,-1,-1,-1,-1,True,-1,-1,-1,-1,-1.0,-1
6883,0,-1,-1,-1,-1,True,-1,-1,-1,-1,-1.0,-1
6884,0,-1,-1,-1,-1,True,-1,-1,-1,-1,-1.0,-1
6885,0,-1,-1,-1,-1,True,-1,-1,-1,-1,-1.0,-1
6886,0,1,3,4,29,True,0,5,140,1420,14.2,0
6887,0,1,3,4,31,False,97,0,25,25,0.25,0
6888,0,1,3,4,9,True,97,8,9,2057,20.57,109
6889,0,-1,-1,-1,-1,True,-1,-1,-1,-1,-1.0,-1
6890,0,1,3,4,24,True,72,9,85,2389,23.89,0
6891,0,1,3,4,21,False,14,1,0,256,2.56,150994944
6892,0,-1,-1,-1,-1,True,-1,-1,-1,-1,-1.0,-1
6893,0,-1,-1,-1,-1,True,-1,-1,-1,-1,-1.0,-1
6894,0,-1,-1,-1,-1,True,-1,-1,-1,-1,-1.0,-1
6895,0,-1,-1,-1,-1,True,-1,-1,-1,-1,-1.0,-1
6896,0,-1,-1,-1,-1,True,-1,-1,-1,-1,-1.0,-1
6897,0,1,28,1,3,False,0,0,0,0,0.0,0
6898,0,1,27,1,28,False,0,0,0,0,0.0,0
6899,0,1,0,7,3,False,13,0,28,28,0.28,852877
6900,0,1,5,3,28,False,136,9,246,2550,25.5,0
6901,0,-1,-1,-1,-1,True,-1,-1,-1,-1,-1.0,-1
6902,0,1,3,4,11,False,135,12,123,3195,31.95,0
6903,0,1,3,4,24,True,135,12,99,3171,31.71,0
6904,0,1,3,4,16,False,5,13,159,3487,34.87,0
6905,0,1,3,4,27,True,5,13,136,3464,34.64,0
6906,0,1,3,4,26,False,61,3,191,959,9.59,0
6907,0,1,3,4,13,True,6,11,0,2816,28.16,167772160
6908,0,-1,-1,-1,-1,True,-1,-1,-1,-1,-1.0,-1
6909,0,21,1,6,14,False,0,0,0,0,0.0,469830144
6910,0,34,0,0,0,False,0,0,10,10,0.1,1761680385
6911,0,-1,-1,-1,-1,True,-1,-1,-1,-1,-1.0,-1
6912,0,-1,-1,-1,-1,True,-1,-1,-1,-1,-1.0,-1
6913,0,-1,-1,-1,-1,True,-1,-1,-1,-1,-1.0,-1
6914,0,-1,-1,-1,-1,True,-1,-1,-1,-1,-1.0,-1
6915,0,1,3,4,20,True,105,10,12,2572,25.72,228
6916,0,-1,-1,-1,-1,True,-1,-1,-1,-1,-1.0,-1
6917,0,1,3,4,18,False,0,0,28,28,0.28,0
6918,0,1,19,5,18,False,0,11,28,2844,28.44,11
6919,0,1,20,0,0,False,0,0,0,0,0.0,0
6920,0,1,0,3,20,True,28,5,0,1280,12.8,0
6921,0,1,20,0,0,False,0,0,0,0,0.0,0
6922,0,1,0,3,60,False,40,4,159,1183,11.83,0
6923,0,-1,-1,-1,-1,True,-1,-1,-1,-1,-1.0,-1
6924,0,1,3,4,29,True,41,4,117,1141,11.41,0
6925,0,1,3,4,30,True,177,11,220,3036,30.36,0
6926,0,1,3,4,23,False,199,9,136,2440,24.4,0
6927,0,1,3,4,13,True,199,9,114,2418,24.18,0
6928,0,1,3,4,20,False,74,9,124,2428,24.28,0
6929,0,1,3,4,31,True,74,9,102,2406,24.06,0
6930,0,1,3,4,16,False,180,14,91,3675,36.75,0
6931,0,1,3,4,29,True,180,14,69,3653,36.53,0
6932,0,1,3,4,33,False,75,10,101,2661,26.61,0
6933,0,1,3,4,12,True,75,10,82,2642,26.42,0
6934,0,1,3,4,21,False,120,12,149,3221,32.21,0
6935,0,1,3,4,28,True,0,3,0,768,7.68,167772160
6936,0,-1,-1,-1,-1,True,-1,-1,-1,-1,-1.0,-1
6937,0,-1,-1,-1,-1,True,-1,-1,-1,-1,-1.0,-1
6938,0,187,0,0,0,False,0,0,10,10,0.1,0
6939,0,-1,-1,-1,-1,True,-1,-1,-1,-1,-1.0,-1
6940,0,163,0,0,0,False,0,0,10,10,0.1,0
6941,0,-1,-1,-1,-1,True,-1,-1,-1,-1,-1.0,-1
6942,0,70,0,0,0,False,0,0,10,10,0.1,7169
6943,0,177,0,0,0,False,0,0,10,10,0.1,1687297025
6944,0,-1,-1,-1,-1,True,-1,-1,-1,-1,-1.0,-1
6945,0,-1,-1,-1,-1,True,-1,-1,-1,-1,-1.0,-1
6946,0,1,3,4,24,False,11,14,0,3584,35.84,167772160
6947,0,-1,-1,-1,-1,True,-1,-1,-1,-1,-1.0,-1
6948,0,40,0,0,0,False,0,0,10,10,0.1,3575520257
6949,0,-1,-1,-1,-1,True,-1,-1,-1,-1,-1.0,-1
6950,0,-1,-1,-1,-1,True,-1,-1,-1,-1,-1.0,-1
6951,0,-1,-1,-1,-1,True,-1,-1,-1,-1,-1.0,-1
6952,0,-1,-1,-1,-1,True,-1,-1,-1,-1,-1.0,-1
6953,0,1,3,4,34,True,213,13,55,3383,33.83,0
6954,0,1,3,4,28,False,55,1,47,303,3.03,0
6955,0,1,3,4,27,True,55,1,24,280,2.8,0
6956,0,1,3,4,13,False,185,8,61,2109,21.09,61
6957,0,-1,-1,-1,-1,True,-1,-1,-1,-1,-1.0,-1
6958,0,1,3,4,31,False,12,0,79,79,0.79,0
6959,0,1,0,7,2,True,179,2,40,552,5.52,11768348
6960,0,1,0,2,21,False,28,0,0,0,0.0,0
6961,0,1,1,7,12,False,79,12,162,3234,32.34,3607567
6962,0,1,3,4,15,False,134,13,210,3538,35.38,0
6963,0,1,3,4,17,True,134,13,187,3515,35.15,0
6964,0,1,1,4,25,False,42,10,245,2805,28.05,0
6965,0,1,3,4,5,True,71,10,224,2784,27.84,0
6966,0,1,3,4,33,False,88,15,224,4064,40.64,0
6967,0,1,3,4,19,True,88,15,204,4044,40.44,0
6968,0,1,3,4,30,False,213,5,202,1482,14.82,0
6969,0,1,3,4,21,True,213,5,178,1458,14.58,0
6970,0,1,3,5,21,True,5,11,124,2940,29.4,0
6971,0,-1,-1,-1,-1,True,-1,-1,-1,-1,-1.0,-1
6972,0,102,0,0,0,False,0,0,10,10,0.1,2147621889
6973,0,0,0,0,0,False,0,10,1,2561,25.61,38940
6974,0,239,0,0,0,False,0,0,10,10,0.1,2651397121
6975,0,-1,-1,-1,-1,True,-1,-1,-1,-1,-1.0,-1
6976,0,-1,-1,-1,-1,True,-1,-1,-1,-1,-1.0,-1
6977,0,-1,-1,-1,-1,True,-1,-1,-1,-1,-1.0,-1
6978,0,-1,-1,-1,-1,True,-1,-1,-1,-1,-1.0,-1
6979,0,1,3,4,14,True,158,3,210,978,9.78,0
6980,0,1,3,4,16,False,56,8,245,2293,22.93,0
6981,0,1,3,4,33,True,21,8,224,2272,22.72,0
6982,0,1,3,4,11,False,254,15,239,4079,40.79,0
6983,0,1,3,4,21,True,254,15,216,4056,40.56,0
6984,0,1,3,4,29,False,35,14,153,3737,37.37,0
6985,0,1,3,4,4,True,35,14,132,3716,37.16,0
6986,0,1,3,4,29,False,58,8,104,2152,21.52,0
6987,0,1,3,4,21,True,58,8,82,2130,21.3,0
6988,0,1,3,4,0,False,120,12,207,3279,32.79,0
6989,0,1,3,4,34,True,120,12,183,3255,32.55,0
6990,0,1,3,4,30,False,228,14,214,3798,37.98,0
6991,0,1,3,4,10,True,1,14,189,3773,37.73,0
6992,0,1,1,4,20,False,172,12,44,3116,31.16,0
6993,0,1,3,4,31,False,10,3,0,768,7.68,167772160
6994,0,-1,-1,-1,-1,True,-1,-1,-1,-1,-1.0,-1
6995,0,166,0,0,0,False,0,0,10,10,0.1,3172604929
6996,0,-1,-1,-1,-1,True,-1,-1,-1,-1,-1.0,-1
6997,0,1,3,4,10,False,1,12,190,3262,32.62,0
6998,0,1,1,4,30,True,60,3,46,814,8.14,0
6999,0,1,3,4,12,False,165,12,30,3102,31.02,0
7000,0,1,12,4,12,False,233,12,31,3103,31.03,0
7001,0,1,12,2,15,False,5,12,0,3072,30.72,0
7002,0,-1,-1,-1,-1,True,-1,-1,-1,-1,-1.0,-1
7003,0,1,3,4,5,True,197,5,88,1368,13.68,0
7004,0,1,3,4,28,False,153,11,50,2866,28.66,0
7005,0,1,3,4,19,True,153,11,29,2845,28.45,0
7006,0,1,3,4,20,False,232,1,253,509,5.09,0
7007,0,1,3,4,33,True,110,1,233,489,4.89,0
7008,0,1,3,4,6,False,145,7,87,1879,18.79,0
7009,0,1,3,4,25,True,145,7,65,1857,18.57,0
7010,0,1,3,4,27,False,184,11,16,2832,28.32,0
7011,0,1,3,4,34,True,184,10,245,2805,28.05,0
7012,0,1,3,4,25,False,238,3,203,971,9.71,0
7013,0,1,3,4,24,True,238,3,180,948,9.48,0
7014,0,1,3,4,25,False,83,4,15,1039,10.39,118
7015,0,-1,-1,-1,-1,True,-1,-1,-1,-1,-1.0,-1
7016,0,1,3,4,29,False,249,6,57,1593,15.93,0
7017,0,1,3,4,33,True,28,7,154,1946,19.46,40207
7018,0,-1,-1,-1,-1,True,-1,-1,-1,-1,-1.0,-1
7019,0,-1,-1,-1,-1,True,-1,-1,-1,-1,-1.0,-1
7020,0,1,3,4,17,False,134,4,0,1024,10.24,134217728
7021,0,-1,-1,-1,-1,True,-1,-1,-1,-1,-1.0,-1
7022,0,-1,-1,-1,-1,True,-1,-1,-1,-1,-1.0,-1
7023,0,-1,-1,-1,-1,True,-1,-1,-1,-1,-1.0,-1
7024,0,-1,-1,-1,-1,True,-1,-1,-1,-1,-1.0,-1
7025,0,-1,-1,-1,-1,True,-1,-1,-1,-1,-1.0,-1
7026,0,1,1,7,61,False,61,13,61,3389,33.89,4013373
7027,0,-1,-1,-1,-1,True,-1,-1,-1,-1,-1.0,-1
7028,0,-1,-1,-1,-1,True,-1,-1,-1,-1,-1.0,-1
7029,0,-1,-1,-1,-1,True,-1,-1,-1,-1,-1.0,-1
7030,0,-1,-1,-1,-1,True,-1,-1,-1,-1,-1.0,-1
7031,0,-1,-1,-1,-1,True,-1,-1,-1,-1,-1.0,-1
7032,0,1,0,4,26,False,10,11,24,2840,28.4,0
7033,0,1,3,4,28,False,146,10,4,2564,25.64,0
7034,0,1,9,6,7,False,216,12,160,3232,32.32,2029
7035,0,1,25,0,0,False,0,0,0,0,0.0,0
7036,0,1,3,4,30,False,251,6,62,1598,15.98,0
7037,0,1,3,4,22,True,251,6,38,1574,15.74,0
7038,0,1,3,4,0,False,252,14,206,3790,37.9,0
7039,0,1,3,4,34,True,252,14,181,3765,37.65,0
7040,0,1,3,4,10,False,129,12,148,3220,32.2,45
7041,0,-1,-1,-1,-1,True,-1,-1,-1,-1,-1.0,-1
7042,0,1,0,2,15,False,28,0,0,0,0.0,0
7043,0,1,2,6,6,False,6,14,28,3612,36.12,18080
7044,0,1,0,6,44,False,8,14,0,3584,35.84,167772160
7045,0,151,0,0,0,False,0,0,10,10,0.1,7169
7046,0,-1,-1,-1,-1,True,-1,-1,-1,-1,-1.0,-1
7047,0,-1,-1,-1,-1,True,-1,-1,-1,-1,-1.0,-1
7048,0,-1,-1,-1,-1,True,-1,-1,-1,-1,-1.0,-1
7049,0,-1,-1,-1,-1,True,-1,-1,-1,-1,-1.0,-1
7050,0,-1,-1,-1,-1,True,-1,-1,-1,-1,-1.0,-1
7051,0,1,3,4,20,True,131,1,196,452,4.52,0
7052,0,1,3,4,23,False,114,6,86,1622,16.22,0
7053,0,1,3,4,24,False,77,12,195,3267,32.67,0
7054,0,1,3,4,12,True,77,12,173,3245,32.45,0
7055,0,1,3,4,20,False,150,7,227,2019,20.19,0
7056,0,1,3,4,25,True,150,7,206,1998,19.98,0
7057,0,1,3,4,13,False,75,10,49,2609,26.09,0
7058,0,1,3,4,15,True,75,7,209,2001,20.01,0
7059,0,1,3,4,18,True,11,7,185,1977,19.77,0
7060,0,1,3,4,22,False,54,0,200,200,2.0,0
7061,0,1,3,4,29,True,54,0,179,179,1.79,0
7062,0,1,3,4,29,False,12,2,145,657,6.57,0
7063,0,1,3,4,25,True,57,2,124,636,6.36,0
7064,0,1,3,4,32,False,242,1,67,323,3.23,0
7065,0,1,3,4,28,True,242,1,44,300,3.0,0
7066,0,1,3,4,25,False,219,9,228,2532,25.32,0
7067,0,1,3,4,20,True,219,9,206,2510,25.1,0
7068,0,1,3,4,16,True,73,11,253,3069,30.69,0
7069,0,1,3,4,30,False,73,15,27,3867,38.67,0
7070,0,1,3,4,19,False,15,4,3,1027,10.27,0
7071,0,1,3,4,6,True,28,15,0,3840,38.4,201326592
7072,0,-1,-1,-1,-1,True,-1,-1,-1,-1,-1.0,-1
7073,0,-1,-1,-1,-1,True,-1,-1,-1,-1,-1.0,-1
7074,0,-1,-1,-1,-1,True,-1,-1,-1,-1,-1.0,-1
7075,0,-1,-1,-1,-1,True,-1,-1,-1,-1,-1.0,-1
7076,0,-1,-1,-1,-1,True,-1,-1,-1,-1,-1.0,-1
7077,0,-1,-1,-1,-1,True,-1,-1,-1,-1,-1.0,-1
7078,0,1,23,4,28,False,16,10,12,2572,25.72,0
7079,0,1,11,4,28,False,143,10,12,2572,25.72,0
7080,0,1,8,2,28,False,27,0,0,0,0.0,0
7081,0,1,0,7,3,False,4,12,157,3229,32.29,15401479
7082,0,1,3,4,27,False,85,0,255,255,2.55,0
7083,0,1,3,4,30,True,85,14,154,3738,37.38,0
7084,0,1,3,4,33,True,85,0,228,228,2.28,0
7085,0,1,3,4,0,False,60,7,146,1938,19.38,0
7086,0,1,3,4,34,True,60,7,122,1914,19.14,0
7087,0,1,3,4,33,False,10,2,71,583,5.83,0
7088,0,1,3,4,8,True,15,2,0,512,5.12,167772160
7089,0,-1,-1,-1,-1,True,-1,-1,-1,-1,-1.0,-1
7090,0,221,0,0,0,False,0,0,10,10,0.1,3103923201
7091,0,-1,-1,-1,-1,True,-1,-1,-1,-1,-1.0,-1
7092,0,-1,-1,-1,-1,True,-1,-1,-1,-1,-1.0,-1
7093,0,1,3,4,27,False,132,4,238,1262,12.62,0
7094,0,1,3,4,26,True,132,4,212,1236,12.36,0
7095,0,1,3,4,26,False,241,14,149,3733,37.33,0
7096,0,1,3,4,25,False,239,4,192,1216,12.16,0
7097,0,1,3,4,28,True,239,4,171,1195,11.95,0
7098,0,1,3,4,34,True,224,14,15,3599,35.99,0
7099,0,1,3,4,24,False,225,15,3,3843,38.43,98
7100,0,-1,-1,-1,-1,True,-1,-1,-1,-1,-1.0,-1
7101,0,1,3,4,30,True,191,3,76,844,8.44,0
7102,0,1,3,4,29,False,80,4,21,1045,10.45,0
7103,0,1,3,4,21,True,80,3,255,1023,10.23,0
7104,0,1,3,4,29,False,10,12,0,3072,30.72,167772160
7105,0,-1,-1,-1,-1,True,-1,-1,-1,-1,-1.0,-1
7106,0,-1,-1,-1,-1,True,-1,-1,-1,-1,-1.0,-1
7107,0,-1,-1,-1,-1,True,-1,-1,-1,-1,-1.0,-1
7108,0,1,3,4,28,False,27,4,1,1025,10.25,136
7109,0,-1,-1,-1,-1,True,-1,-1,-1,-1,-1.0,-1
7110,0,1,3,4,30,True,20,1,115,371,3.71,0
7111,0,1,3,4,26,False,28,4,206,1230,12.3,12
7112,0,-1,-1,-1,-1,True,-1,-1,-1,-1,-1.0,-1
7113,0,1,7,3,28,False,12,11,0,2816,28.16,0
7114,0,1,0,4,26,False,61,13,61,3389,33.89,0
7115,0,1,3,4,12,False,148,8,12,2060,20.6,0
7116,0,1,0,6,9,True,246,9,9,2313,23.13,1820
7117,0,1,30,6,1,False,66,12,136,3208,32.08,502
7118,0,1,5,3,28,False,25,12,0,3072,30.72,0
7119,0,1,0,7,48,True,28,7,11,1803,18.03,1884684
7120,0,1,18,4,11,False,12,12,28,3100,31.0,0
7121,0,1,2,6,32,False,13,10,28,2588,25.88,25111
7122,0,1,1,4,59,False,28,4,45,1069,10.69,0
7123,0,1,3,4,31,True,67,4,26,1050,10.5,0
7124,0,1,3,4,0,False,118,13,149,3477,34.77,0
7125,0,1,3,4,34,True,118,13,125,3453,34.53,0
7126,0,1,3,4,31,False,253,1,15,271,2.71,183
7127,0,-1,-1,-1,-1,True,-1,-1,-1,-1,-1.0,-1
7128,0,1,3,4,29,False,20,15,46,3886,38.86,0
7129,0,1,3,4,6,True,205,7,20,1812,18.12,0
7130,0,1,2,4,23,False,240,13,235,3563,35.63,0
7131,0,1,3,4,13,True,205,6,254,1790,17.9,0
7132,0,1,2,4,27,True,240,12,10,3082,30.82,195
7133,0,-1,-1,-1,-1,True,-1,-1,-1,-1,-1.0,-1
7134,0,1,3,4,12,True,12,10,173,2733,27.33,0
7135,0,1,3,4,18,False,8,1,29,285,2.85,0
7136,0,1,3,4,26,True,8,1,9,265,2.65,0
7137,0,1,3,4,29,False,217,15,12,3852,38.52,0
7138,0,1,3,4,23,True,217,14,245,3829,38.29,0
7139,0,1,3,4,15,False,2,13,147,3475,34.75,0
7140,0,1,3,4,8,True,2,13,124,3452,34.52,0
7141,0,1,3,4,9,True,2,13,23,3351,33.51,0
7142,0,1,3,4,14,False,124,8,83,2131,21.31,0
7143,0,1,3,4,24,True,26,8,60,2108,21.08,0
7144,0,1,3,4,30,False,255,6,225,1761,17.61,0
7145,0,1,3,4,30,True,255,6,206,1742,17.42,0
7146,0,1,3,4,24,False,4,14,146,3730,37.3,0
7147,0,1,3,4,11,True,4,14,123,3707,37.07,0
7148,0,1,3,4,30,False,58,13,28,3356,33.56,6
7149,0,-1,-1,-1,-1,True,-1,-1,-1,-1,-1.0,-1
7150,0,1,6,6,10,False,208,12,155,3227,32.27,2614
7151,0,1,23,3,28,False,15,13,0,3328,33.28,0
7152,0,1,3,4,23,True,230,14,243,3827,38.27,0
7153,0,1,3,4,22,False,179,14,74,3658,36.58,0
7154,0,1,3,4,26,True,179,14,53,3637,36.37,0
7155,0,1,3,4,13,False,65,13,78,3406,34.06,0
7156,0,1,3,4,20,True,224,13,58,3386,33.86,0
7157,0,1,3,4,29,False,237,13,179,3507,35.07,0
7158,0,1,3,4,33,True,237,13,158,3486,34.86,0
7159,0,1,1,4,25,False,87,3,226,994,9.94,0
7160,0,1,3,4,33,False,94,12,17,3089,30.89,0
7161,0,1,16,4,8,False,252,12,145,3217,32.17,0
7162,0,1,16,4,8,False,233,12,20,3092,30.92,0
7163,0,1,7,7,13,False,83,12,160,3232,32.32,4066623
7164,0,1,3,4,0,False,231,12,2,3074,30.74,0
7165,0,1,3,4,34,True,231,11,234,3050,30.5,0
7166,0,1,2,4,15,False,103,1,60,316,3.16,0
7167,0,1,3,4,21,True,206,5,194,1474,14.74,0
7168,0,1,2,4,14,True,103,1,42,298,2.98,0
7169,0,1,3,4,10,False,202,12,11,3083,30.83,0
7170,0,1,3,4,5,False,29,11,78,2894,28.94,0
7171,0,1,3,4,9,True,204,11,57,2873,28.73,0
7172,0,1,3,4,18,False,30,11,149,2965,29.65,0
7173,0,1,3,4,29,False,55,1,199,455,4.55,0
7174,0,1,3,4,9,True,55,1,177,433,4.33,0
7175,0,1,3,4,23,False,97,7,12,1804,18.04,0
7176,0,1,3,4,25,True,96,6,246,1782,17.82,0
7177,0,1,3,4,29,False,226,8,77,2125,21.25,0
7178,0,1,2,4,19,False,185,1,171,427,4.27,0
7179,0,1,3,4,11,True,226,8,55,2103,21.03,0
7180,0,1,2,4,18,False,185,15,10,3850,38.5,31
7181,0,-1,-1,-1,-1,True,-1,-1,-1,-1,-1.0,-1
7182,0,1,3,4,32,False,32,14,164,3748,37.48,0
7183,0,1,3,4,6,True,32,14,142,3726,37.26,0
7184,0,1,3,4,20,False,53,10,164,2724,27.24,0
7185,0,1,3,4,29,True,159,10,141,2701,27.01,0
7186,0,1,3,4,11,False,105,13,144,3472,34.72,0
7187,0,1,3,4,10,False,104,6,124,1660,16.6,0
7188,0,1,3,4,26,True,104,0,0,0,0.0,17629184
7189,0,-1,-1,-1,-1,True,-1,-1,-1,-1,-1.0,-1
7190,0,-1,-1,-1,-1,True,-1,-1,-1,-1,-1.0,-1
7191,0,-1,-1,-1,-1,True,-1,-1,-1,-1,-1.0,-1
7192,0,1,23,5,7,False,147,12,151,3223,32.23,189
7193,0,1,0,7,53,False,28,8,189,2237,22.37,1840647
7194,0,1,2,7,28,True,1,8,28,2076,20.76,105634
7195,0,1,10,1,28,False,0,0,0,0,0.0,0
7196,0,1,27,7,15,False,70,12,152,3224,32.24,3018719
7197,0,1,3,4,17,False,152,4,10,1034,10.34,50
7198,0,-1,-1,-1,-1,True,-1,-1,-1,-1,-1.0,-1
7199,0,1,3,4,28,False,224,4,195,1219,12.19,0
7200,0,1,3,4,25,True,224,4,171,1195,11.95,0
7201,0,1,3,4,33,False,116,9,99,2403,24.03,0
7202,0,1,3,4,29,True,116,9,79,2383,23.83,0
7203,0,1,3,4,25,False,250,12,142,3214,32.14,0
7204,0,1,3,4,23,True,250,12,120,3192,31.92,0
7205,0,1,3,4,21,False,2,3,177,945,9.45,0
7206,0,1,3,4,14,True,8,7,0,1792,17.92,167772160
7207,0,-1,-1,-1,-1,True,-1,-1,-1,-1,-1.0,-1
7208,0,150,0,0,0,False,0,0,10,10,0.1,1804803073
7209,0,-1,-1,-1,-1,True,-1,-1,-1,-1,-1.0,-1
7210,0,-1,-1,-1,-1,True,-1,-1,-1,-1,-1.0,-1
7211,0,-1,-1,-1,-1,True,-1,-1,-1,-1,-1.0,-1
7212,0,-1,-1,-1,-1,True,-1,-1,-1,-1,-1.0,-1
7213,0,1,3,4,29,False,222,6,8,1544,15.44,0
7214,0,1,3,4,21,True,221,5,242,1522,15.22,0
7215,0,1,3,4,26,False,74,12,173,3245,32.45,0
7216,0,1,3,4,17,True,74,3,21,789,7.89,0
7217,0,1,3,4,22,False,254,1,6,262,2.62,0
7218,0,1,3,4,29,True,254,0,241,241,2.41,0
7219,0,1,3,4,20,False,142,0,36,36,0.36,0
7220,0,1,1,4,18,False,22,10,148,2708,27.08,0
7221,0,1,3,4,26,True,142,0,13,13,0.13,0
7222,0,1,1,4,33,True,22,10,130,2690,26.9,0
7223,0,1,3,4,29,True,14,8,36,2084,20.84,0
7224,0,1,1,4,3,False,130,6,203,1739,17.39,0
7225,0,1,1,4,4,True,0,8,0,2048,20.48,167772160
7226,0,-1,-1,-1,-1,True,-1,-1,-1,-1,-1.0,-1
7227,0,127,0,0,0,False,0,0,10,10,0.1,10034177
7228,0,104,0,0,0,False,0,0,10,10,0.1,1317889
7229,0,149,0,0,0,False,0,0,10,10,0.1,3046906881
7230,0,-1,-1,-1,-1,True,-1,-1,-1,-1,-1.0,-1
7231,0,-1,-1,-1,-1,True,-1,-1,-1,-1,-1.0,-1
7232,0,-1,-1,-1,-1,True,-1,-1,-1,-1,-1.0,-1
7233,0,1,3,4,20,False,201,0,206,206,2.06,0
7234,0,1,3,4,14,True,201,8,104,2152,21.52,0
7235,0,1,3,4,21,False,23,0,196,196,1.96,0
7236,0,1,3,4,34,True,23,0,172,172,1.72,0
7237,0,1,3,4,13,False,121,7,120,1912,19.12,0
7238,0,1,3,4,17,True,121,7,98,1890,18.9,0
7239,0,1,3,4,31,False,147,5,85,1365,13.65,0
7240,0,1,3,4,19,True,147,5,59,1339,13.39,0
7241,0,1,3,4,20,True,146,2,80,592,5.92,0
7242,0,1,3,4,7,False,150,0,51,51,0.51,0
7243,0,1,3,4,8,False,28,3,0,768,7.68,167772160
7244,0,-1,-1,-1,-1,True,-1,-1,-1,-1,-1.0,-1
7245,0,45,0,0,0,False,0,0,8,8,0.08,2416192001
7246,0,1,3,4,31,False,2,6,15,1551,15.51,0
7247,0,1,3,4,29,True,2,5,251,1531,15.31,0
7248,0,1,3,4,27,False,109,1,208,464,4.64,0
7249,0,1,3,4,17,True,109,1,182,438,4.38,0
7250,0,1,3,4,29,True,169,13,113,3441,34.41,0
7251,0,1,3,4,29,False,167,2,209,721,7.21,0
7252,0,1,3,4,28,True,10,15,0,3840,38.4,167772160
7253,0,-1,-1,-1,-1,True,-1,-1,-1,-1,-1.0,-1
7254,0,56,0,0,0,False,0,0,10,10,0.1,269818881
7255,0,69,0,0,0,False,0,0,10,10,0.1,2451250177
7256,0,-1,-1,-1,-1,True,-1,-1,-1,-1,-1.0,-1
7257,0,-1,-1,-1,-1,True,-1,-1,-1,-1,-1.0,-1
7258,0,1,3,4,25,True,146,15,250,4090,40.9,0
7259,0,1,3,4,29,False,127,3,144,912,9.12,0
7260,0,1,3,4,23,True,127,3,122,890,8.9,0
7261,0,1,3,4,24,False,1,0,0,0,0.0,167772160
7262,0,-1,-1,-1,-1,True,-1,-1,-1,-1,-1.0,-1
7263,0,75,0,0,0,False,0,0,10,10,0.1,1503665153
7264,0,-1,-1,-1,-1,True,-1,-1,-1,-1,-1.0,-1
7265,0,1,3,4,16,False,86,15,46,3886,38.86,0
7266,0,1,3,4,32,True,86,10,221,2781,27.81,0
7267,0,1,3,4,20,False,149,2,249,761,7.61,0
7268,0,1,3,4,26,True,149,2,226,738,7.38,0
7269,0,1,3,4,17,False,3,3,49,817,8.17,0
7270,0,1,3,4,22,True,3,3,27,795,7.95,0
7271,0,1,3,4,28,False,105,14,42,3626,36.26,0
7272,0,1,3,4,33,False,148,0,34,34,0.34,0
7273,0,1,3,4,20,True,148,0,13,13,0.13,0
7274,0,1,3,4,19,False,207,10,95,2655,26.55,0
7275,0,1,3,4,11,False,157,2,238,750,7.5,0
7276,0,1,3,4,30,True,157,1,44,300,3.0,0
7277,0,1,3,4,33,False,137,9,86,2390,23.9,0
7278,0,1,3,4,27,True,137,9,66,2370,23.7,0
7279,0,1,3,4,24,False,198,1,255,511,5.11,0
7280,0,1,3,4,33,True,198,11,105,2921,29.21,0
7281,0,1,3,4,21,False,232,15,99,3939,39.39,0
7282,0,1,3,4,32,True,232,13,0,3328,33.28,100663296
7283,0,-1,-1,-1,-1,True,-1,-1,-1,-1,-1.0,-1
7284,0,-1,-1,-1,-1,True,-1,-1,-1,-1,-1.0,-1
7285,0,-1,-1,-1,-1,True,-1,-1,-1,-1,-1.0,-1
7286,0,-1,-1,-1,-1,True,-1,-1,-1,-1,-1.0,-1
7287,0,-1,-1,-1,-1,True,-1,-1,-1,-1,-1.0,-1
7288,0,1,1,4,29,True,28,12,90,3162,31.62,0
7289,0,1,0,4,9,False,28,2,85,597,5.97,0
7290,0,1,1,7,4,False,38,9,102,2406,24.06,0
7291,0,78,0,0,0,False,0,0,10,10,0.1,1907713
7292,0,130,0,0,0,False,0,0,10,10,0.1,10165249
7293,0,107,0,0,0,False,0,0,10,10,0.1,531457
7294,0,-1,-1,-1,-1,True,-1,-1,-1,-1,-1.0,-1
7295,0,1,3,4,33,True,165,5,110,1390,13.9,0
7296,0,1,3,4,9,False,9,15,0,3840,38.4,167772160
7297,0,-1,-1,-1,-1,True,-1,-1,-1,-1,-1.0,-1
7298,0,42,0,0,0,False,0,0,10,10,0.1,1055745
7299,0,-1,-1,-1,-1,True,-1,-1,-1,-1,-1.0,-1
7300,0,-1,-1,-1,-1,True,-1,-1,-1,-1,-1.0,-1
7301,0,-1,-1,-1,-1,True,-1,-1,-1,-1,-1.0,-1
7302,0,-1,-1,-1,-1,True,-1,-1,-1,-1,-1.0,-1
7303,0,1,3,4,15,True,206,4,40,1064,10.64,0
7304,0,1,3,4,7,True,206,4,17,1041,10.41,0
7305,0,1,3,4,23,True,98,4,141,1165,11.65,0
7306,0,1,3,4,23,False,23,13,43,3371,33.71,0
7307,0,1,3,4,9,True,23,13,22,3350,33.5,0
7308,0,1,3,4,8,False,150,3,102,870,8.7,0
7309,0,1,3,4,22,True,150,3,79,847,8.47,0
7310,0,1,3,4,15,False,42,11,0,2816,28.16,0
7311,0,1,3,4,27,True,152,10,234,2794,27.94,0
7312,0,1,3,4,28,False,10,6,218,1754,17.54,0
7313,0,1,3,4,25,True,152,13,201,3529,35.29,0
7314,0,1,3,4,31,True,152,13,181,3509,35.09,0
7315,0,1,3,4,31,False,34,13,208,3536,35.36,0
7316,0,1,3,4,32,False,33,5,33,1313,13.13,0
7317,0,1,1,4,32,False,196,11,30,2846,28.46,0
7318,0,1,3,4,23,True,33,1,7,263,2.63,27
7319,0,-1,-1,-1,-1,True,-1,-1,-1,-1,-1.0,-1
7320,0,1,3,4,18,True,34,13,9,3337,33.37,99
7321,0,-1,-1,-1,-1,True,-1,-1,-1,-1,-1.0,-1
7322,0,1,3,6,26,False,4,2,4,516,5.16,51973
7323,0,1,1,4,30,True,61,9,79,2383,23.83,0
7324,0,1,3,4,2,False,240,15,72,3912,39.12,0
7325,0,1,3,2,48,True,142,10,140,2700,27.0,0
7326,0,-1,-1,-1,-1,True,-1,-1,-1,-1,-1.0,-1
7327,0,-1,-1,-1,-1,True,-1,-1,-1,-1,-1.0,-1
7328,0,1,3,4,24,True,142,10,116,2676,26.76,0
7329,0,1,3,4,16,False,245,1,232,488,4.88,0
7330,0,1,3,4,15,True,245,1,209,465,4.65,0
7331,0,1,3,4,3,False,119,4,68,1092,10.92,0
7332,0,1,3,4,33,True,119,4,48,1072,10.72,0
7333,0,1,3,4,8,False,195,13,103,3431,34.31,0
7334,0,1,3,4,33,False,228,7,57,1849,18.49,0
7335,0,1,3,4,32,False,225,6,59,1595,15.95,0
7336,0,1,3,4,18,True,225,6,38,1574,15.74,0
7337,0,1,3,4,0,False,0,7,0,1792,17.92,167772160
7338,0,-1,-1,-1,-1,True,-1,-1,-1,-1,-1.0,-1
7339,0,-1,-1,-1,-1,True,-1,-1,-1,-1,-1.0,-1
7340,0,-1,-1,-1,-1,True,-1,-1,-1,-1,-1.0,-1
7341,0,-1,-1,-1,-1,True,-1,-1,-1,-1,-1.0,-1
7342,0,-1,-1,-1,-1,True,-1,-1,-1,-1,-1.0,-1
7343,0,-1,-1,-1,-1,True,-1,-1,-1,-1,-1.0,-1
7344,0,1,3,4,21,False,93,9,5,2309,23.09,65
7345,0,-1,-1,-1,-1,True,-1,-1,-1,-1,-1.0,-1
7346,0,1,3,4,2,False,243,10,240,2800,28.0,0
7347,0,1,2,4,32,False,127,0,100,100,1.0,0
7348,0,1,3,4,15,True,243,4,57,1081,10.81,0
7349,0,1,3,4,18,True,49,5,8,1288,12.88,0
7350,0,1,3,4,19,True,50,4,34,1058,10.58,0
7351,0,1,3,4,18,False,6,6,245,1781,17.81,0
7352,0,1,1,4,24,False,29,11,172,2988,29.88,4124
7353,0,-1,-1,-1,-1,True,-1,-1,-1,-1,-1.0,-1
7354,0,-1,-1,-1,-1,True,-1,-1,-1,-1,-1.0,-1
7355,0,1,28,2,1,False,241,0,0,0,0.0,0
7356,0,1,3,4,18,False,227,1,215,471,4.71,0
7357,0,1,3,4,28,True,226,1,219,475,4.75,0
7358,0,1,3,4,29,True,227,9,169,2473,24.73,0
7359,0,1,2,4,30,False,197,9,249,2553,25.53,0
7360,0,1,2,4,28,True,197,9,232,2536,25.36,0
7361,0,1,3,4,31,False,117,9,151,2455,24.55,0
7362,0,1,3,4,27,True,117,9,130,2434,24.34,0
7363,0,1,3,4,30,True,80,0,76,76,0.76,0
7364,0,1,3,4,31,False,80,10,67,2627,26.27,0
7365,0,1,3,4,29,True,80,10,45,2605,26.05,0
7366,0,1,3,4,14,False,221,11,56,2872,28.72,0
7367,0,1,3,4,27,True,244,5,175,1455,14.55,0
7368,0,1,3,4,30,False,114,12,83,3155,31.55,0
7369,0,1,3,4,17,True,114,12,58,3130,31.3,0
7370,0,1,3,4,21,False,219,13,235,3563,35.63,0
7371,0,1,3,4,28,True,218,13,214,3542,35.42,0
7372,0,1,3,4,27,True,246,11,244,3060,30.6,0
7373,0,1,3,4,22,False,244,15,252,4092,40.92,0
7374,0,1,3,4,28,True,244,15,230,4070,40.7,0
7375,0,1,3,4,24,False,1,11,216,3032,30.32,0
7376,0,1,3,4,30,True,1,11,194,3010,30.1,0
7377,0,1,3,4,31,False,6,3,0,768,7.68,167772160
7378,0,-1,-1,-1,-1,True,-1,-1,-1,-1,-1.0,-1
7379,0,-1,-1,-1,-1,True,-1,-1,-1,-1,-1.0,-1
7380,0,-1,-1,-1,-1,True,-1,-1,-1,-1,-1.0,-1
7381,0,-1,-1,-1,-1,True,-1,-1,-1,-1,-1.0,-1
7382,0,-1,-1,-1,-1,True,-1,-1,-1,-1,-1.0,-1
7383,0,-1,-1,-1,-1,True,-1,-1,-1,-1,-1.0,-1
7384,0,1,2,4,31,True,57,15,104,3944,39.44,0
7385,0,1,3,4,0,False,232,3,95,863,8.63,0
7386,0,1,3,4,34,True,232,3,71,839,8.39,0
7387,0,1,3,4,26,False,58,7,211,2003,20.03,0
7388,0,1,3,4,28,True,58,2,35,547,5.47,0
7389,0,1,3,4,8,False,174,8,66,2114,21.14,0
7390,0,1,3,4,34,True,173,8,44,2092,20.92,0
7391,0,1,3,4,30,False,186,15,110,3950,39.5,0
7392,0,1,3,4,16,True,186,15,86,3926,39.26,0
7393,0,1,3,4,23,False,135,5,120,1400,14.0,0
7394,0,1,3,4,8,True,135,8,10,2058,20.58,26
7395,0,-1,-1,-1,-1,True,-1,-1,-1,-1,-1.0,-1
7396,0,1,3,4,16,False,207,4,187,1211,12.11,0
7397,0,1,3,4,31,True,207,4,166,1190,11.9,0
7398,0,1,3,4,25,True,76,13,164,3492,34.92,0
7399,0,1,3,4,28,False,75,5,234,1514,15.14,0
7400,0,1,3,4,26,True,75,5,211,1491,14.91,0
7401,0,1,3,4,30,False,206,0,81,81,0.81,0
7402,0,1,3,4,9,True,206,0,60,60,0.6,0
7403,0,1,3,4,33,False,236,6,97,1633,16.33,0
7404,0,1,3,4,27,True,236,6,77,1613,16.13,0
7405,0,1,3,4,23,False,8,2,0,512,5.12,184549376
7406,0,-1,-1,-1,-1,True,-1,-1,-1,-1,-1.0,-1
7407,0,123,0,0,0,False,0,0,10,10,0.1,169417729
7408,0,-1,-1,-1,-1,True,-1,-1,-1,-1,-1.0,-1
7409,0,-1,-1,-1,-1,True,-1,-1,-1,-1,-1.0,-1
7410,0,-1,-1,-1,-1,True,-1,-1,-1,-1,-1.0,-1
7411,0,1,3,4,26,True,10,6,174,1710,17.1,0
7412,0,1,3,4,6,False,188,14,85,3669,36.69,0
7413,0,1,3,4,21,True,188,14,65,3649,36.49,0
7414,0,1,3,4,21,False,195,14,15,3599,35.99,0
7415,0,1,3,4,23,True,195,4,69,1093,10.93,0
7416,0,1,3,4,26,True,10,4,51,1075,10.75,0
7417,0,1,3,4,24,False,5,3,22,790,7.9,0
7418,0,1,3,4,28,True,20,3,0,768,7.68,0
7419,0,1,3,4,25,False,106,15,60,3900,39.0,0
7420,0,1,3,4,31,False,27,2,242,754,7.54,0
7421,0,1,3,4,15,True,27,3,4,772,7.72,0
7422,0,1,3,4,26,True,56,2,243,755,7.55,0
7423,0,1,3,4,25,False,51,11,25,2841,28.41,0
7424,0,1,3,4,27,True,51,11,4,2820,28.2,0
7425,0,1,3,4,31,False,84,3,233,1001,10.01,0
7426,0,1,3,4,28,True,84,3,213,981,9.81,0
7427,0,1,3,4,24,False,157,4,115,1139,11.39,0
7428,0,1,3,4,21,True,157,4,93,1117,11.17,0
7429,0,1,3,4,1,False,178,9,157,2461,24.61,0
7430,0,1,3,4,15,True,126,9,134,2438,24.38,0
7431,0,1,3,4,33,False,82,13,1,3329,33.29,29
7432,0,-1,-1,-1,-1,True,-1,-1,-1,-1,-1.0,-1
7433,0,1,3,4,60,False,12,5,28,1308,13.08,0
7434,0,1,20,1,60,False,0,0,0,0,0.0,0
7435,0,1,1,3,49,True,28,8,0,2048,20.48,0
7436,0,1,31,3,9,False,140,12,0,3072,30.72,0
7437,0,1,18,7,59,True,9,5,28,1308,13.08,667801
7438,0,1,28,2,28,False,24,0,0,0,0.0,0
7439,0,1,6,0,0,False,0,0,0,0,0.0,0
7440,0,1,7,7,28,False,25,15,5,3845,38.45,9968726
7441,0,1,5,7,5,False,63,12,155,3227,32.27,2687024
7442,0,1,3,4,10,False,187,2,41,553,5.53,0
7443,0,1,3,4,21,True,187,2,17,529,5.29,0
7444,0,1,3,4,18,False,201,10,33,2593,25.93,0
7445,0,1,3,4,6,True,201,10,12,2572,25.72,0
7446,0,1,3,4,25,False,11,4,68,1092,10.92,0
7447,0,1,3,4,26,False,10,5,141,1421,14.21,0
7448,0,1,3,4,9,True,10,2,224,736,7.36,0
7449,0,1,3,4,23,True,137,2,200,712,7.12,0
7450,0,1,1,4,17,True,119,9,235,2539,25.39,0
7451,0,1,2,4,1,False,68,9,196,2500,25.0,0
7452,0,1,1,4,25,False,118,5,0,1280,12.8,117440512
7453,0,-1,-1,-1,-1,True,-1,-1,-1,-1,-1.0,-1
7454,0,-1,-1,-1,-1,True,-1,-1,-1,-1,-1.0,-1
7455,0,-1,-1,-1,-1,True,-1,-1,-1,-1,-1.0,-1
7456,0,-1,-1,-1,-1,True,-1,-1,-1,-1,-1.0,-1
7457,0,-1,-1,-1,-1,True,-1,-1,-1,-1,-1.0,-1
7458,0,1,17,0,0,False,0,0,0,0,0.0,0
7459,0,1,29,5,15,False,120,12,20,3092,30.92,111
7460,0,1,1,5,26,True,28,1,111,367,3.67,13
7461,0,1,24,3,28,False,157,13,3,3331,33.31,1711195
7462,0,-1,-1,-1,-1,True,-1,-1,-1,-1,-1.0,-1
7463,0,-1,-1,-1,-1,True,-1,-1,-1,-1,-1.0,-1
7464,0,-1,-1,-1,-1,True,-1,-1,-1,-1,-1.0,-1
7465,0,-1,-1,-1,-1,True,-1,-1,-1,-1,-1.0,-1
7466,0,1,15,5,7,False,220,12,145,3217,32.17,125
7467,0,1,0,7,5,True,7,9,0,2304,23.04,167772160
7468,0,114,0,0,0,False,0,0,10,10,0.1,1
7469,0,152,0,0,0,False,0,0,10,10,0.1,2450922497
7470,0,-1,-1,-1,-1,True,-1,-1,-1,-1,-1.0,-1
7471,0,-1,-1,-1,-1,True,-1,-1,-1,-1,-1.0,-1
7472,0,1,3,4,23,True,146,10,65,2625,26.25,0
7473,0,1,3,4,0,False,219,3,87,855,8.55,0
7474,0,1,3,4,34,True,219,3,63,831,8.31,0
7475,0,1,3,4,7,False,38,5,28,1308,13.08,0
7476,0,1,3,4,29,True,38,10,2,2562,25.62,163
7477,0,-1,-1,-1,-1,True,-1,-1,-1,-1,-1.0,-1
7478,0,1,3,4,31,False,24,7,48,1840,18.4,0
7479,0,1,3,4,29,True,24,7,28,1820,18.2,0
7480,0,1,3,4,15,False,253,14,69,3653,36.53,0
7481,0,1,3,4,29,True,253,14,48,3632,36.32,0
7482,0,1,3,4,31,False,131,9,158,2462,24.62,0
7483,0,1,3,4,17,True,33,6,92,1628,16.28,0
7484,0,1,3,4,17,True,33,6,68,1604,16.04,0
7485,0,1,3,4,25,True,146,12,136,3208,32.08,0
7486,0,1,3,4,25,False,146,14,242,3826,38.26,0
7487,0,1,3,4,26,True,146,14,221,3805,38.05,0
7488,0,1,3,4,5,False,193,8,168,2216,22.16,0
7489,0,1,3,4,13,True,193,8,147,2195,21.95,0
7490,0,1,3,4,14,True,193,13,241,3569,35.69,0
7491,0,1,3,4,15,False,239,4,140,1164,11.64,0
7492,0,1,3,4,20,True,239,4,118,1142,11.42,0
7493,0,1,3,4,24,False,192,15,139,3979,39.79,0
7494,0,1,3,4,25,True,192,0,250,250,2.5,28
7495,0,-1,-1,-1,-1,True,-1,-1,-1,-1,-1.0,-1
7496,0,1,18,0,0,False,0,0,0,0,0.0,0
7497,0,1,15,0,0,False,0,0,0,0,0.0,0
7498,0,1,1,5,24,False,28,14,120,3704,37.04,13
7499,0,1,8,2,28,False,9,0,0,0,0.0,0
7500,0,1,9,4,5,False,13,12,138,3210,32.1,0
7501,0,1,9,4,4,False,247,12,12,3084,30.84,0
7502,0,1,1,2,0,False,38,0,0,0,0.0,0
7503,0,1,3,4,10,True,10,0,16,16,0.16,0
7504,0,1,3,4,21,False,229,15,25,3865,38.65,0
7505,0,1,3,4,22,False,229,3,29,797,7.97,0
7506,0,1,3,4,27,True,229,15,2,3842,38.42,0
7507,0,1,3,4,28,True,229,7,81,1873,18.73,0
7508,0,1,3,4,26,True,51,7,59,1851,18.51,0
7509,0,1,3,4,30,False,171,15,12,3852,38.52,227
7510,0,-1,-1,-1,-1,True,-1,-1,-1,-1,-1.0,-1
7511,0,1,1,4,25,True,182,8,227,2275,22.75,0
7512,0,1,3,4,28,False,27,13,15,3343,33.43,0
7513,0,1,1,4,28,False,98,14,149,3733,37.33,0
7514,0,1,8,3,28,False,160,13,0,3328,33.28,0
7515,0,1,1,4,33,True,98,14,130,3714,37.14,0
7516,0,1,1,7,43,False,28,0,186,186,1.86,1860868
7517,0,1,17,7,58,True,4,14,28,3612,36.12,82966
7518,0,1,15,2,28,False,161,0,0,0,0.0,0
7519,0,-1,-1,-1,-1,True,-1,-1,-1,-1,-1.0,-1
7520,0,-1,-1,-1,-1,True,-1,-1,-1,-1,-1.0,-1
7521,0,-1,-1,-1,-1,True,-1,-1,-1,-1,-1.0,-1
7522,0,1,3,4,14,True,43,6,80,1616,16.16,0
7523,0,1,3,4,9,False,42,12,138,3210,32.1,0
7524,0,1,10,1,3,False,0,0,0,0,0.0,0
7525,0,1,30,3,28,False,31,13,0,3328,33.28,0
7526,0,1,0,2,7,True,28,0,0,0,0.0,0
7527,0,1,4,0,0,False,0,0,0,0,0.0,0
7528,0,1,3,5,14,False,174,12,148,3220,32.2,29
7529,0,1,0,2,49,False,28,0,0,0,0.0,0
7530,0,1,3,3,59,True,15,13,0,3328,33.28,0
7531,0,1,3,4,22,True,187,15,179,4019,40.19,0
7532,0,1,3,4,23,False,58,5,75,1355,13.55,0
7533,0,1,3,4,34,True,58,5,52,1332,13.32,0
7534,0,1,3,4,24,False,39,10,218,2778,27.78,0
7535,0,1,3,4,30,True,39,10,196,2756,27.56,0
7536,0,1,3,4,12,False,225,6,71,1607,16.07,0
7537,0,1,3,4,28,True,225,6,52,1588,15.88,0
7538,0,1,3,4,19,False,232,0,54,54,0.54,0
7539,0,1,3,4,33,True,68,0,35,35,0.35,0
7540,0,1,3,4,24,False,13,6,0,1536,15.36,167772160
7541,0,-1,-1,-1,-1,True,-1,-1,-1,-1,-1.0,-1
7542,0,222,0,0,0,False,0,0,10,10,0.1,3642432513
7543,0,-1,-1,-1,-1,True,-1,-1,-1,-1,-1.0,-1
7544,0,-1,-1,-1,-1,True,-1,-1,-1,-1,-1.0,-1
7545,0,-1,-1,-1,-1,True,-1,-1,-1,-1,-1.0,-1
7546,0,1,3,4,30,True,217,6,233,1769,17.69,0
7547,0,1,3,4,13,False,238,0,10,10,0.1,0
7548,0,1,3,4,20,True,239,15,52,3892,38.92,0
7549,0,1,3,4,21,True,238,15,245,4085,40.85,0
7550,0,1,2,4,22,False,114,1,12,268,2.68,0
7551,0,1,2,4,29,True,114,0,251,251,2.51,0
7552,0,1,3,4,25,False,185,11,182,2998,29.98,0
7553,0,1,3,4,19,True,185,11,162,2978,29.78,0
7554,0,1,3,4,16,False,139,14,212,3796,37.96,0
7555,0,1,3,4,15,False,139,8,10,2058,20.58,0
7556,0,1,3,4,23,True,239,7,122,1914,19.14,0
7557,0,1,3,4,23,False,239,6,233,1769,17.69,0
7558,0,1,3,4,28,True,239,6,211,1747,17.47,0
7559,0,1,3,4,30,False,78,1,228,484,4.84,0
7560,0,1,3,4,16,True,78,1,204,460,4.6,0
7561,0,1,3,4,8,False,4,10,236,2796,27.96,0
7562,0,1,3,4,26,True,126,1,186,442,4.42,0
7563,0,1,3,4,15,True,125,1,163,419,4.19,0
7564,0,1,3,4,22,False,151,1,79,335,3.35,0
7565,0,1,3,4,7,False,239,12,245,3317,33.17,0
7566,0,1,3,4,24,True,239,12,224,3296,32.96,0
7567,0,1,3,4,29,False,40,12,239,3311,33.11,0
7568,0,1,3,4,20,True,40,12,216,3288,32.88,0
7569,0,1,3,4,22,False,52,11,87,2903,29.03,0
7570,0,1,3,4,28,True,12,5,12,1292,12.92,0
7571,0,1,16,3,28,False,140,5,0,1280,12.8,0
7572,0,1,1,4,48,False,28,0,55,55,0.55,0
7573,0,1,0,7,41,True,28,2,55,567,5.67,1889031
7574,0,1,3,6,49,True,8,0,0,0,0.0,167772160
7575,0,27,0,0,0,False,0,0,10,10,0.1,0
7576,0,-1,-1,-1,-1,True,-1,-1,-1,-1,-1.0,-1
7577,0,5,0,0,0,False,0,0,10,10,0.1,0
7578,0,-1,-1,-1,-1,True,-1,-1,-1,-1,-1.0,-1
7579,0,29,0,0,0,False,0,0,10,10,0.1,7169
7580,0,7,0,0,0,False,0,0,10,10,0.1,7169
7581,0,128,0,0,0,False,0,0,10,10,0.1,10492929
7582,0,-1,-1,-1,-1,True,-1,-1,-1,-1,-1.0,-1
7583,0,-1,-1,-1,-1,True,-1,-1,-1,-1,-1.0,-1
7584,0,1,3,4,22,False,204,15,254,4094,40.94,0
7585,0,1,3,4,15,True,204,15,231,4071,40.71,0
7586,0,1,3,4,8,False,98,2,216,728,7.28,0
7587,0,1,3,4,18,True,98,2,194,706,7.06,0
7588,0,1,3,4,31,False,153,14,23,3607,36.07,0
7589,0,1,3,4,23,True,153,14,2,3586,35.86,0
7590,0,1,3,4,32,False,236,4,5,1029,10.29,0
7591,0,1,3,4,18,True,251,5,25,1305,13.05,0
7592,0,1,3,4,0,False,167,2,174,686,6.86,0
7593,0,1,3,4,34,True,167,2,149,661,6.61,0
7594,0,1,3,4,32,False,230,8,163,2211,22.11,0
7595,0,1,1,4,28,False,92,9,146,2450,24.5,0
7596,0,1,3,4,27,True,230,2,0,512,5.12,172
7597,0,-1,-1,-1,-1,True,-1,-1,-1,-1,-1.0,-1
7598,0,1,3,4,25,False,82,13,148,3476,34.76,0
7599,0,1,3,4,32,True,82,13,129,3457,34.57,0
7600,0,1,3,4,15,False,156,14,226,3810,38.1,0
7601,0,1,3,4,29,True,249,4,178,1202,12.02,0
7602,0,1,3,4,31,False,254,14,187,3771,37.71,0
7603,0,1,3,4,30,True,4,10,0,2560,25.6,167772160
7604,0,-1,-1,-1,-1,True,-1,-1,-1,-1,-1.0,-1
7605,0,201,0,1,36,False,0,0,0,0,0.0,469830144
7606,0,-1,-1,-1,-1,True,-1,-1,-1,-1,-1.0,-1
7607,0,-1,-1,-1,-1,True,-1,-1,-1,-1,-1.0,-1
7608,0,-1,-1,-1,-1,True,-1,-1,-1,-1,-1.0,-1
7609,0,-1,-1,-1,-1,True,-1,-1,-1,-1,-1.0,-1
7610,0,1,3,4,12,False,107,9,235,2539,25.39,0
7611,0,1,3,4,19,True,107,9,215,2519,25.19,0
7612,0,1,3,4,29,False,197,14,127,3711,37.11,0
7613,0,1,3,4,7,True,197,12,82,3154,31.54,0
7614,0,1,3,4,8,True,0,0,0,0,0.0,167772160
7615,0,-1,-1,-1,-1,True,-1,-1,-1,-1,-1.0,-1
7616,0,-1,-1,-1,-1,True,-1,-1,-1,-1,-1.0,-1
7617,0,-1,-1,-1,-1,True,-1,-1,-1,-1,-1.0,-1
7618,0,-1,-1,-1,-1,True,-1,-1,-1,-1,-1.0,-1
7619,0,-1,-1,-1,-1,True,-1,-1,-1,-1,-1.0,-1
7620,0,-1,-1,-1,-1,True,-1,-1,-1,-1,-1.0,-1
7621,0,1,3,4,22,False,252,6,125,1661,16.61,0
7622,0,1,3,4,24,True,252,6,103,1639,16.39,0
7623,0,1,1,4,11,True,62,10,3,2563,25.63,0
7624,0,1,3,4,28,False,159,14,122,3706,37.06,0
7625,0,1,1,4,0,False,62,0,12,12,0.12,186
7626,0,-1,-1,-1,-1,True,-1,-1,-1,-1,-1.0,-1
7627,0,1,3,4,24,True,144,12,164,3236,32.36,0
7628,0,1,3,4,31,False,112,7,216,2008,20.08,0
7629,0,1,3,4,16,True,112,7,196,1988,19.88,0
7630,0,1,3,4,25,False,251,14,195,3779,37.79,0
7631,0,1,3,4,22,True,251,14,172,3756,37.56,0
7632,0,1,3,4,19,False,201,13,203,3531,35.31,0
7633,0,1,3,4,11,True,202,1,253,509,5.09,0
7634,0,1,3,3,10,True,1,13,0,3328,33.28,0
7635,0,1,3,4,21,False,201,10,124,2684,26.84,0
7636,0,1,3,4,12,True,201,10,100,2660,26.6,0
7637,0,1,3,4,14,True,201,13,182,3510,35.1,0
7638,0,1,3,4,33,False,152,0,225,225,2.25,0
7639,0,1,1,4,29,False,20,12,241,3313,33.13,0
7640,0,1,3,4,17,False,60,1,161,417,4.17,0
7641,0,1,3,4,19,True,60,1,141,397,3.97,0
7642,0,1,3,4,31,False,57,8,150,2198,21.98,0
7643,0,1,3,4,30,True,57,8,129,2177,21.77,0
7644,0,1,3,4,12,False,226,13,187,3515,35.15,0
7645,0,1,3,4,13,False,151,0,212,212,2.12,0
7646,0,1,3,4,21,True,151,0,191,191,1.91,0
7647,0,1,3,4,30,False,84,15,28,3868,38.68,0
7648,0,1,3,4,29,True,84,8,7,2055,20.55,225
7649,0,-1,-1,-1,-1,True,-1,-1,-1,-1,-1.0,-1
7650,0,1,3,4,15,False,151,4,56,1080,10.8,0
7651,0,1,3,4,18,False,151,0,75,75,0.75,0
7652,0,1,3,4,26,True,151,4,34,1058,10.58,0
7653,0,1,3,4,27,True,151,0,53,53,0.53,0
7654,0,1,3,4,2,False,33,8,129,2177,21.77,0
7655,0,1,3,4,18,True,33,8,106,2154,21.54,0
7656,0,1,3,4,30,False,32,0,207,207,2.07,0
7657,0,1,3,4,24,True,0,0,185,185,1.85,0
7658,0,1,3,4,18,False,12,3,96,864,8.64,0
7659,0,1,3,4,19,False,13,4,35,1059,10.59,0
7660,0,1,3,4,26,True,13,4,17,1041,10.41,0
7661,0,1,3,4,27,True,12,3,75,843,8.43,0
7662,0,1,3,4,24,False,247,3,12,780,7.8,81
7663,0,-1,-1,-1,-1,True,-1,-1,-1,-1,-1.0,-1
7664,0,1,3,4,22,False,62,10,198,2758,27.58,0
7665,0,1,3,4,19,False,62,0,117,117,1.17,0
7666,0,1,3,4,28,True,62,10,176,2736,27.36,0
7667,0,1,3,4,31,True,154,14,67,3651,36.51,0
7668,0,1,3,4,15,False,96,10,94,2654,26.54,0
7669,0,1,3,4,19,True,4,8,0,2048,20.48,167772160
7670,0,-1,-1,-1,-1,True,-1,-1,-1,-1,-1.0,-1
7671,0,69,0,0,0,False,0,0,10,10,0.1,3784772609
7672,0,-1,-1,-1,-1,True,-1,-1,-1,-1,-1.0,-1
7673,0,-1,-1,-1,-1,True,-1,-1,-1,-1,-1.0,-1
7674,0,-1,-1,-1,-1,True,-1,-1,-1,-1,-1.0,-1
7675,0,-1,-1,-1,-1,True,-1,-1,-1,-1,-1.0,-1
7676,0,1,2,4,31,False,12,7,164,1956,19.56,0
7677,0,1,3,4,21,False,4,5,28,1308,13.08,0
7678,0,1,4,0,0,False,0,0,0,0,0.0,0
7679,0,1,2,5,11,False,74,12,141,3213,32.13,22
7680,0,1,1,3,41,False,28,10,0,2560,25.6,0
7681,0,1,29,0,0,False,0,0,0,0,0.0,0
7682,0,1,0,6,15,True,28,6,232,1768,17.68,47366
7683,0,1,3,4,24,True,146,2,106,618,6.18,0
7684,0,1,3,4,21,False,146,6,46,1582,15.82,0
7685,0,1,3,4,23,True,146,15,219,4059,40.59,0
7686,0,1,3,4,3,False,2,6,130,1666,16.66,0
7687,0,1,3,4,13,True,2,10,33,2593,25.93,0
7688,0,1,2,4,29,True,38,0,252,252,2.52,0
7689,0,1,3,4,33,False,217,3,166,934,9.34,0
7690,0,1,3,4,22,True,217,3,144,912,9.12,0
7691,0,1,3,4,10,False,97,9,6,2310,23.1,93
7692,0,-1,-1,-1,-1,True,-1,-1,-1,-1,-1.0,-1
7693,0,1,3,4,13,True,233,6,70,1606,16.06,0
7694,0,1,3,4,1,False,60,5,184,1464,14.64,0
7695,0,1,3,4,27,True,60,5,162,1442,14.42,0
7696,0,1,3,4,26,False,221,5,193,1473,14.73,0
7697,0,1,3,4,26,True,221,5,176,1456,14.56,0
7698,0,1,3,4,22,True,76,2,232,744,7.44,0
7699,0,1,3,4,13,False,73,7,13,1805,18.05,182
7700,0,-1,-1,-1,-1,True,-1,-1,-1,-1,-1.0,-1
7701,0,1,3,4,29,False,246,15,140,3980,39.8,0
7702,0,1,3,4,22,True,246,15,115,3955,39.55,0
7703,0,1,3,4,23,True,247,13,159,3487,34.87,0
7704,0,1,3,4,20,False,12,6,0,1536,15.36,167772160
7705,0,-1,-1,-1,-1,True,-1,-1,-1,-1,-1.0,-1
7706,0,42,0,0,0,False,0,0,10,10,0.1,604904449
7707,0,-1,-1,-1,-1,True,-1,-1,-1,-1,-1.0,-1
7708,0,-1,-1,-1,-1,True,-1,-1,-1,-1,-1.0,-1
7709,0,1,3,4,29,True,96,4,193,1217,12.17,0
7710,0,1,3,4,15,False,195,0,1,1,0.01,185
7711,0,-1,-1,-1,-1,True,-1,-1,-1,-1,-1.0,-1
7712,0,1,3,4,22,True,112,1,162,418,4.18,0
7713,0,1,3,4,23,False,119,11,206,3022,30.22,0
7714,0,1,3,4,26,True,119,11,184,3000,30.0,0
7715,0,1,3,4,20,False,240,12,117,3189,31.89,0
7716,0,1,3,4,19,True,240,12,100,3172,31.72,0
7717,0,1,3,4,32,False,78,4,154,1178,11.78,0
7718,0,1,3,4,34,True,78,12,6,3078,30.78,8
7719,0,-1,-1,-1,-1,True,-1,-1,-1,-1,-1.0,-1
7720,0,1,3,4,26,True,92,5,246,1526,15.26,0
7721,0,1,3,4,13,False,215,9,106,2410,24.1,0
7722,0,1,3,4,28,True,215,9,87,2391,23.91,0
7723,0,1,3,4,9,False,0,1,177,433,4.33,0
7724,0,1,3,4,23,True,0,1,156,412,4.12,0
7725,0,1,3,4,9,False,216,6,32,1568,15.68,0
7726,0,1,3,4,24,True,216,6,12,1548,15.48,0
7727,0,1,3,4,29,True,15,0,0,0,0.0,167772160
7728,0,-1,-1,-1,-1,True,-1,-1,-1,-1,-1.0,-1
7729,0,-1,-1,-1,-1,True,-1,-1,-1,-1,-1.0,-1
7730,0,-1,-1,-1,-1,True,-1,-1,-1,-1,-1.0,-1
7731,0,-1,-1,-1,-1,True,-1,-1,-1,-1,-1.0,-1
7732,0,-1,-1,-1,-1,True,-1,-1,-1,-1,-1.0,-1
7733,0,1,3,4,24,False,155,2,170,682,6.82,0
7734,0,1,3,4,14,False,175,7,202,1994,19.94,0
7735,0,1,3,4,22,True,175,7,177,1969,19.69,0
7736,0,1,3,4,7,False,238,14,21,3605,36.05,0
7737,0,1,3,4,24,True,238,14,0,3584,35.84,0
7738,0,1,3,4,22,False,91,3,163,931,9.31,0
7739,0,1,3,4,24,True,91,3,140,908,9.08,0
7740,0,1,3,4,21,False,240,10,156,2716,27.16,0
7741,0,1,3,4,20,False,240,0,10,10,0.1,1176439809
7742,0,-1,-1,-1,-1,True,-1,-1,-1,-1,-1.0,-1
7743,0,1,2,4,15,False,156,1,81,337,3.37,0
7744,0,1,3,4,24,True,191,9,109,2413,24.13,0
7745,0,1,3,4,24,False,25,1,158,414,4.14,0
7746,0,1,3,4,16,True,25,1,138,394,3.94,0
7747,0,1,3,4,32,False,87,14,8,3592,35.92,0
7748,0,1,3,4,30,True,8,1,5,261,2.61,0
7749,0,1,3,4,22,False,232,14,11,3595,35.95,0
7750,0,1,3,4,20,True,232,13,243,3571,35.71,0
7751,0,1,3,4,11,False,155,1,93,349,3.49,0
7752,0,1,3,4,31,True,3,10,0,2560,25.6,167772160
7753,0,-1,-1,-1,-1,True,-1,-1,-1,-1,-1.0,-1
7754,0,-1,-1,-1,-1,True,-1,-1,-1,-1,-1.0,-1
7755,0,-1,-1,-1,-1,True,-1,-1,-1,-1,-1.0,-1
7756,0,-1,-1,-1,-1,True,-1,-1,-1,-1,-1.0,-1
7757,0,1,3,4,24,False,134,5,114,1394,13.94,0
7758,0,1,3,4,24,True,134,5,95,1375,13.75,0
7759,0,1,3,4,13,False,49,4,15,1039,10.39,0
7760,0,1,3,4,28,True,49,3,251,1019,10.19,0
7761,0,1,3,4,28,True,61,10,64,2624,26.24,0
7762,0,1,3,4,33,True,96,10,43,2603,26.03,0
7763,0,1,3,4,23,False,75,1,3,259,2.59,95
7764,0,-1,-1,-1,-1,True,-1,-1,-1,-1,-1.0,-1
7765,0,1,3,4,23,False,6,0,127,127,1.27,0
7766,0,1,3,4,22,True,6,0,105,105,1.05,0
7767,0,1,3,4,29,False,213,1,13,269,2.69,182
7768,0,-1,-1,-1,-1,True,-1,-1,-1,-1,-1.0,-1
7769,0,1,3,4,26,False,19,1,43,299,2.99,0
7770,0,1,1,4,11,False,188,5,36,1316,13.16,0
7771,0,1,3,4,26,True,19,1,26,282,2.82,0
7772,0,1,1,4,15,True,188,5,14,1294,12.94,0
7773,0,1,3,4,5,False,198,4,125,1149,11.49,0
7774,0,1,3,4,27,False,118,10,112,2672,26.72,0
7775,0,1,3,4,28,False,116,13,219,3547,35.47,0
7776,0,1,3,4,27,True,215,7,142,1934,19.34,0
7777,0,1,3,4,24,False,45,2,34,546,5.46,0
7778,0,1,3,4,20,True,45,2,12,524,5.24,0
7779,0,1,3,4,5,True,32,12,205,3277,32.77,0
7780,0,1,3,4,30,False,10,4,0,1024,10.24,167772160
7781,0,-1,-1,-1,-1,True,-1,-1,-1,-1,-1.0,-1
7782,0,46,0,0,0,False,0,0,10,10,0.1,3365673985
7783,0,-1,-1,-1,-1,True,-1,-1,-1,-1,-1.0,-1
7784,0,-1,-1,-1,-1,True,-1,-1,-1,-1,-1.0,-1
7785,0,-1,-1,-1,-1,True,-1,-1,-1,-1,-1.0,-1
7786,0,-1,-1,-1,-1,True,-1,-1,-1,-1,-1.0,-1
7787,0,1,2,4,26,True,13,7,65,1857,18.57,0
7788,0,1,3,4,22,True,5,13,233,3561,35.61,0
7789,0,1,3,4,9,False,187,3,22,790,7.9,0
7790,0,1,3,4,30,True,187,10,108,2668,26.68,0
7791,0,1,3,4,22,True,153,10,85,2645,26.45,0
7792,0,1,3,4,13,False,173,8,108,2156,21.56,0
7793,0,1,3,4,23,True,15,3,0,768,7.68,167772160
7794,0,-1,-1,-1,-1,True,-1,-1,-1,-1,-1.0,-1
7795,0,78,0,0,0,False,0,0,10,10,0.1,3994622977
7796,0,-1,-1,-1,-1,True,-1,-1,-1,-1,-1.0,-1
7797,0,1,3,4,26,False,98,0,45,45,0.45,0
7798,0,1,3,4,25,True,98,0,23,23,0.23,0
7799,0,1,3,4,27,False,14,12,251,3323,33.23,0
7800,0,1,3,4,27,True,14,12,228,3300,33.0,0
7801,0,1,3,4,30,False,101,8,54,2102,21.02,0
7802,0,1,3,4,24,True,101,5,10,1290,12.9,205
7803,0,-1,-1,-1,-1,True,-1,-1,-1,-1,-1.0,-1
7804,0,1,3,4,27,True,245,10,185,2745,27.45,0
7805,0,1,3,4,21,True,223,14,176,3760,37.6,0
7806,0,1,3,4,32,False,222,3,70,838,8.38,0
7807,0,1,3,4,22,True,222,3,47,815,8.15,0
7808,0,1,3,4,25,False,207,11,60,2876,28.76,0
7809,0,1,3,4,22,True,207,11,38,2854,28.54,0
7810,0,1,3,4,19,False,93,1,163,419,4.19,0
7811,0,1,3,4,28,True,92,1,145,401,4.01,0
7812,0,1,1,4,25,False,25,2,223,735,7.35,0
7813,0,1,3,4,10,False,231,12,220,3292,32.92,0
7814,0,1,1,4,26,False,25,12,15,3087,30.87,241
7815,0,-1,-1,-1,-1,True,-1,-1,-1,-1,-1.0,-1
7816,0,1,3,4,30,True,252,15,221,4061,40.61,0
7817,0,1,3,4,24,False,154,4,1,1025,10.25,8388786
7818,0,-1,-1,-1,-1,True,-1,-1,-1,-1,-1.0,-1
7819,0,-1,-1,-1,-1,True,-1,-1,-1,-1,-1.0,-1
7820,0,-1,-1,-1,-1,True,-1,-1,-1,-1,-1.0,-1
7821,0,1,3,4,10,True,223,11,129,2945,29.45,0
7822,0,1,2,4,31,True,178,0,105,105,1.05,0
7823,0,1,3,4,27,False,217,8,68,2116,21.16,0
7824,0,1,3,4,29,True,217,8,45,2093,20.93,0
7825,0,1,3,4,23,False,201,11,29,2845,28.45,0
7826,0,1,3,4,17,True,201,11,6,2822,28.22,0
7827,0,1,3,4,23,False,11,3,0,768,7.68,167772160
7828,0,-1,-1,-1,-1,True,-1,-1,-1,-1,-1.0,-1
7829,0,-1,-1,-1,-1,True,-1,-1,-1,-1,-1.0,-1
7830,0,-1,-1,-1,-1,True,-1,-1,-1,-1,-1.0,-1
7831,0,1,3,4,25,False,227,9,173,2477,24.77,0
7832,0,1,3,4,22,True,227,9,150,2454,24.54,0
7833,0,1,3,4,21,False,255,1,52,308,3.08,0
7834,0,1,3,4,34,True,255,1,29,285,2.85,0
7835,0,1,3,4,16,False,4,11,46,2862,28.62,0
7836,0,1,3,4,15,False,5,13,215,3543,35.43,0
7837,0,1,3,4,30,True,4,9,75,2379,23.79,0
7838,0,1,3,4,26,True,99,9,53,2357,23.57,0
7839,0,1,3,4,2,False,199,0,197,197,1.97,0
7840,0,1,3,4,25,True,199,0,172,172,1.72,0
7841,0,1,3,4,31,False,196,1,98,354,3.54,0
7842,0,1,3,4,33,True,196,1,77,333,3.33,0
7843,0,1,2,4,3,False,164,13,138,3466,34.66,0
7844,0,1,3,4,25,False,219,11,139,2955,29.55,0
7845,0,1,2,4,30,True,164,13,119,3447,34.47,0
7846,0,1,3,4,28,False,20,4,15,1039,10.39,0
7847,0,1,16,6,28,False,161,8,0,2048,20.48,167772160
7848,0,-1,-1,-1,-1,True,-1,-1,-1,-1,-1.0,-1
7849,0,-1,-1,-1,-1,True,-1,-1,-1,-1,-1.0,-1
7850,0,-1,-1,-1,-1,True,-1,-1,-1,-1,-1.0,-1
7851,0,-1,-1,-1,-1,True,-1,-1,-1,-1,-1.0,-1
7852,0,-1,-1,-1,-1,True,-1,-1,-1,-1,-1.0,-1
7853,0,1,3,4,34,True,1,11,195,3011,30.11,0
7854,0,1,3,4,26,True,253,2,116,628,6.28,0
7855,0,1,3,4,14,False,250,14,106,3690,36.9,0
7856,0,1,3,4,27,True,250,14,83,3667,36.67,0
7857,0,1,3,4,20,False,1,5,129,1409,14.09,0
7858,0,1,3,4,3,True,1,15,5,3845,38.45,137
7859,0,-1,-1,-1,-1,True,-1,-1,-1,-1,-1.0,-1
7860,0,1,3,4,22,False,97,12,211,3283,32.83,0
7861,0,1,2,4,21,False,58,14,46,3630,36.3,0
7862,0,1,3,4,20,True,97,12,1,3073,30.73,112
7863,0,-1,-1,-1,-1,True,-1,-1,-1,-1,-1.0,-1
7864,0,1,3,4,17,False,134,7,155,1947,19.47,0
7865,0,1,3,4,26,True,134,7,136,1928,19.28,0
7866,0,1,3,4,30,False,150,11,82,2898,28.98,0
7867,0,1,3,4,27,True,150,11,58,2874,28.74,0
7868,0,1,3,4,21,False,63,14,82,3666,36.66,0
7869,0,1,3,4,24,True,63,14,59,3643,36.43,0
7870,0,1,3,4,10,False,246,0,128,128,1.28,0
7871,0,1,3,4,14,True,246,0,104,104,1.04,0
7872,0,1,3,4,27,False,122,3,15,783,7.83,0
7873,0,1,3,4,18,True,122,2,245,757,7.57,0
7874,0,1,3,4,19,True,122,10,11,2571,25.71,177
7875,0,-1,-1,-1,-1,True,-1,-1,-1,-1,-1.0,-1
7876,0,1,3,4,33,True,26,11,155,2971,29.71,0
7877,0,1,3,4,1,False,26,1,143,399,3.99,0
7878,0,1,3,4,2,False,27,4,93,1117,11.17,0
7879,0,1,3,4,23,True,26,4,83,1107,11.07,0
7880,0,1,3,4,33,False,114,12,133,3205,32.05,0
7881,0,1,3,4,16,True,114,12,113,3185,31.85,0
7882,0,1,3,4,32,False,244,7,42,1834,18.34,0
7883,0,1,3,4,13,True,79,7,103,1895,18.95,0
7884,0,1,3,4,13,False,74,5,72,1352,13.52,0
7885,0,1,3,4,27,True,27,13,254,3582,35.82,0
7886,0,1,3,4,10,False,52,0,0,0,0.0,0
7887,0,1,3,4,21,True,121,10,184,2744,27.44,0
7888,0,1,3,4,24,True,121,10,159,2719,27.19,0
7889,0,1,3,4,6,False,37,2,127,639,6.39,0
7890,0,1,3,4,21,True,37,2,104,616,6.16,0
7891,0,1,3,4,22,False,245,9,151,2455,24.55,0
7892,0,1,3,4,17,True,245,9,129,2433,24.33,0
7893,0,1,3,4,22,False,9,11,0,2816,28.16,167772160
7894,0,-1,-1,-1,-1,True,-1,-1,-1,-1,-1.0,-1
7895,0,116,0,0,0,False,0,0,10,10,0.1,2038785
7896,0,44,0,0,0,False,0,0,10,10,0.1,0
7897,0,-1,-1,-1,-1,True,-1,-1,-1,-1,-1.0,-1
7898,0,16,0,0,0,False,0,0,10,10,0.1,0
7899,0,-1,-1,-1,-1,True,-1,-1,-1,-1,-1.0,-1
7900,0,141,0,5,58,True,0,0,0,0,0.0,335612416
7901,0,33,0,0,0,False,0,0,10,10,0.1,0
7902,0,-1,-1,-1,-1,True,-1,-1,-1,-1,-1.0,-1
7903,0,169,0,0,0,False,0,0,10,10,0.1,3180139521
7904,0,-1,-1,-1,-1,True,-1,-1,-1,-1,-1.0,-1
7905,0,-1,-1,-1,-1,True,-1,-1,-1,-1,-1.0,-1
7906,0,1,3,4,28,False,22,11,15,2831,28.31,0
7907,0,1,18,3,28,False,132,11,0,2816,28.16,0
7908,0,1,1,7,63,False,28,11,1,2817,28.17,1862411
7909,0,1,18,5,1,False,11,2,28,540,5.4,27
7910,0,1,15,2,7,False,191,0,0,0,0.0,0
7911,0,1,3,4,26,False,82,3,91,859,8.59,0
7912,0,1,3,4,34,True,82,3,70,838,8.38,0
7913,0,1,3,4,32,False,85,1,24,280,2.8,0
7914,0,1,3,4,31,True,85,1,4,260,2.6,0
7915,0,1,3,4,32,False,56,0,52,52,0.52,0
7916,0,1,3,4,10,True,56,0,30,30,0.3,0
7917,0,1,1,4,13,False,170,0,169,169,1.69,0
7918,0,1,3,4,13,True,66,13,115,3443,34.43,0
7919,0,1,3,4,16,False,57,6,141,1677,16.77,0
7920,0,1,3,4,25,True,57,5,69,1349,13.49,0
7921,0,1,3,4,19,False,55,3,249,1017,10.17,0
7922,0,1,3,4,20,False,56,4,177,1201,12.01,0
7923,0,1,3,4,8,True,56,4,153,1177,11.77,0
7924,0,1,3,4,9,True,55,2,21,533,5.33,0
7925,0,1,3,4,30,True,56,2,0,512,5.12,0
7926,0,1,3,4,15,False,77,11,27,2843,28.43,0
7927,0,1,3,4,7,True,77,10,255,2815,28.15,0
7928,0,1,3,4,8,True,77,8,216,2264,22.64,0
7929,0,1,3,4,15,False,79,14,93,3677,36.77,0
7930,0,1,3,4,18,True,79,14,71,3655,36.55,0
7931,0,1,3,4,33,False,64,4,70,1094,10.94,0
7932,0,1,3,4,20,True,64,4,49,1073,10.73,0
7933,0,1,3,4,18,False,4,15,135,3975,39.75,0
7934,0,1,3,4,18,True,4,15,117,3957,39.57,0
7935,0,1,3,4,15,False,194,9,127,2431,24.31,0
7936,0,1,3,4,19,True,194,9,105,2409,24.09,0
7937,0,1,3,4,18,False,68,3,238,1006,10.06,0
7938,0,1,3,4,1,False,8,15,28,3868,38.68,0
7939,0,1,17,5,1,False,8,7,28,1820,18.2,19
7940,0,1,19,1,11,False,0,0,0,0,0.0,0
7941,0,1,15,3,28,False,152,9,0,2304,23.04,0
7942,0,1,1,3,38,False,2,11,0,2816,28.16,0
7943,0,1,3,4,20,True,61,13,68,3396,33.96,0
7944,0,1,3,4,31,False,222,15,81,3921,39.21,0
7945,0,1,3,4,33,True,77,15,60,3900,39.0,0
7946,0,1,3,4,29,False,183,3,41,809,8.09,5660
7947,0,-1,-1,-1,-1,True,-1,-1,-1,-1,-1.0,-1
7948,0,-1,-1,-1,-1,True,-1,-1,-1,-1,-1.0,-1
7949,0,1,7,6,14,False,188,4,30,1054,10.54,2025
7950,0,1,20,6,28,False,156,14,14,3598,35.98,5287
7951,0,1,19,5,41,True,7,10,15,2575,25.75,190
7952,0,1,1,4,30,True,210,12,165,3237,32.37,0
7953,0,1,3,4,23,False,25,15,1,3841,38.41,0
7954,0,1,3,4,29,False,227,4,250,1274,12.74,0
7955,0,1,2,4,16,False,158,10,178,2738,27.38,0
7956,0,1,3,4,5,True,227,4,229,1253,12.53,0
7957,0,1,2,4,14,False,158,14,48,3632,36.32,0
7958,0,1,2,4,15,False,159,3,5,773,7.73,47
7959,0,-1,-1,-1,-1,True,-1,-1,-1,-1,-1.0,-1
7960,0,1,3,4,34,True,131,5,23,1303,13.03,0
7961,0,1,3,4,25,False,30,10,225,2785,27.85,0
7962,0,1,3,4,33,True,30,10,206,2766,27.66,0
7963,0,1,3,4,13,False,240,0,178,178,1.78,0
7964,0,1,3,4,26,True,240,0,158,158,1.58,0
7965,0,1,3,4,24,False,68,2,73,585,5.85,0
7966,0,1,3,4,6,True,68,2,46,558,5.58,0
7967,0,1,3,4,16,False,137,11,235,3051,30.51,0
7968,0,1,3,4,5,True,137,11,212,3028,30.28,0
7969,0,1,3,4,23,False,204,11,29,2845,28.45,0
7970,0,1,3,4,31,True,204,11,9,2825,28.25,0
7971,0,1,3,4,19,False,29,13,59,3387,33.87,0
7972,0,1,3,4,24,True,29,13,39,3367,33.67,0
7973,0,1,3,4,26,False,251,0,6,6,0.06,0
7974,0,1,3,4,21,True,251,15,240,4080,40.8,0
7975,0,1,3,4,20,False,142,5,101,1381,13.81,0
7976,0,1,3,4,20,True,142,15,13,3853,38.53,192
7977,0,-1,-1,-1,-1,True,-1,-1,-1,-1,-1.0,-1
7978,0,1,3,4,21,True,174,13,170,3498,34.98,0
7979,0,1,3,4,5,False,203,12,107,3179,31.79,0
7980,0,1,3,4,16,True,203,12,88,3160,31.6,0
7981,0,1,3,4,31,False,56,12,85,3157,31.57,0
7982,0,1,3,4,32,True,56,12,66,3138,31.38,0
7983,0,1,3,4,29,False,78,10,123,2683,26.83,0
7984,0,1,3,4,28,True,78,10,103,2663,26.63,0
7985,0,1,3,4,32,False,78,2,149,661,6.61,0
7986,0,1,3,4,16,True,78,2,127,639,6.39,0
7987,0,1,3,4,0,False,39,0,173,173,1.73,0
7988,0,1,3,4,34,True,39,0,149,149,1.49,0
7989,0,1,3,4,0,False,6,3,0,768,7.68,167772160
7990,0,-1,-1,-1,-1,True,-1,-1,-1,-1,-1.0,-1
7991,0,125,0,0,0,False,0,0,10,10,0.1,0
7992,0,-1,-1,-1,-1,True,-1,-1,-1,-1,-1.0,-1
7993,0,114,0,0,0,False,0,0,10,10,0.1,3129744385
7994,0,-1,-1,-1,-1,True,-1,-1,-1,-1,-1.0,-1
7995,0,-1,-1,-1,-1,True,-1,-1,-1,-1,-1.0,-1
7996,0,1,3,4,5,False,84,11,7,2823,28.23,250
7997,0,-1,-1,-1,-1,True,-1,-1,-1,-1,-1.0,-1
7998,0,1,3,4,9,True,49,7,229,2021,20.21,0
7999,0,1,3,4,29,False,39,6,235,1771,17.71,0
8000,0,1,3,4,30,True,39,6,213,1749,17.49,0
8001,0,1,3,4,24,False,5,9,0,2304,23.04,167772160
8002,0,-1,-1,-1,-1,True,-1,-1,-1,-1,-1.0,-1
8003,0,31,0,0,0,False,0,0,10,10,0.1,538905601
8004,0,-1,-1,-1,-1,True,-1,-1,-1,-1,-1.0,-1
8005,0,-1,-1,-1,-1,True,-1,-1,-1,-1,-1.0,-1
8006,0,-1,-1,-1,-1,True,-1,-1,-1,-1,-1.0,-1
8007,0,-1,-1,-1,-1,True,-1,-1,-1,-1,-1.0,-1
8008,0,1,2,4,26,False,181,4,89,1113,11.13,0
8009,0,1,1,4,32,True,32,12,140,3212,32.12,0
8010,0,1,3,4,34,True,181,4,69,1093,10.93,0
8011,0,1,1,4,32,False,32,5,72,1352,13.52,0
8012,0,1,3,4,61,False,61,13,61,3389,33.89,0
8013,0,1,3,4,26,False,194,0,12,12,0.12,0
8014,0,1,19,7,32,False,5,4,54,1078,10.78,12753436
8015,0,1,4,4,28,False,10,8,14,2062,20.62,0
8016,0,1,8,1,28,False,0,0,0,0,0.0,0
8017,0,1,1,3,26,False,0,15,0,3840,38.4,0
8018,0,1,3,4,28,True,32,9,8,2312,23.12,0
8019,0,1,3,4,22,False,232,6,182,1718,17.18,0
8020,0,1,3,4,23,True,232,6,161,1697,16.97,0
8021,0,1,3,4,15,False,163,15,120,3960,39.6,0
8022,0,1,3,4,34,True,163,11,206,3022,30.22,0
8023,0,1,3,4,0,False,82,6,63,1599,15.99,0
8024,0,1,3,4,26,True,82,14,222,3806,38.06,0
8025,0,1,3,4,23,True,3,14,202,3786,37.86,0
8026,0,1,1,4,21,False,50,5,213,1493,14.93,0
8027,0,1,3,4,16,False,219,1,51,307,3.07,0
8028,0,1,3,4,15,True,219,1,25,281,2.81,0
8029,0,1,3,4,29,False,145,2,50,562,5.62,0
8030,0,1,3,4,32,True,145,4,103,1127,11.27,0
8031,0,1,3,4,21,False,39,14,25,3609,36.09,0
8032,0,1,3,4,30,True,39,13,214,3542,35.42,0
8033,0,1,3,4,34,True,143,13,190,3518,35.18,0
8034,0,1,3,4,6,False,218,2,12,524,5.24,0
8035,0,1,3,4,20,True,218,1,245,501,5.01,0
8036,0,1,3,4,20,False,65,9,226,2530,25.3,0
8037,0,1,3,4,29,True,65,9,204,2508,25.08,0
8038,0,1,3,4,16,False,134,12,151,3223,32.23,476450760
8039,0,-1,-1,-1,-1,True,-1,-1,-1,-1,-1.0,-1
8040,0,-1,-1,-1,-1,True,-1,-1,-1,-1,-1.0,-1
8041,0,-1,-1,-1,-1,True,-1,-1,-1,-1,-1.0,-1
8042,0,-1,-1,-1,-1,True,-1,-1,-1,-1,-1.0,-1
8043,0,1,2,2,7,False,4,0,0,0,0.0,0
8044,0,1,1,4,16,False,131,8,29,2077,20.77,0
8045,0,1,12,1,28,False,0,0,0,0,0.0,0
8046,0,-1,-1,-1,-1,True,-1,-1,-1,-1,-1.0,-1
8047,0,-1,-1,-1,-1,True,-1,-1,-1,-1,-1.0,-1
8048,0,-1,-1,-1,-1,True,-1,-1,-1,-1,-1.0,-1
8049,0,-1,-1,-1,-1,True,-1,-1,-1,-1,-1.0,-1
8050,0,1,1,4,29,False,249,0,80,80,0.8,0
8051,0,1,3,4,9,True,226,8,80,2128,21.28,0
8052,0,1,1,4,28,True,249,0,62,62,0.62,0
8053,0,1,3,4,28,True,80,13,14,3342,33.42,0
8054,0,1,3,4,12,True,15,1,198,454,4.54,0
8055,0,1,3,4,33,False,71,1,164,420,4.2,0
8056,0,1,3,4,28,True,71,1,144,400,4.0,0
8057,0,1,3,4,32,False,129,3,185,953,9.53,0
8058,0,1,3,4,22,True,129,10,11,2571,25.71,152
8059,0,-1,-1,-1,-1,True,-1,-1,-1,-1,-1.0,-1
8060,0,1,3,4,24,False,58,3,125,893,8.93,0
8061,0,1,3,4,26,True,58,3,103,871,8.71,0
8062,0,1,3,4,14,False,150,4,50,1074,10.74,0
8063,0,1,3,4,9,True,150,4,27,1051,10.51,0
8064,0,1,3,4,8,False,98,11,202,3018,30.18,0
8065,0,1,3,4,31,True,98,11,182,2998,29.98,0
8066,0,1,3,4,16,False,209,14,180,3764,37.64,0
8067,0,1,3,4,33,True,209,14,158,3742,37.42,0
8068,0,1,3,4,8,False,134,10,170,2730,27.3,0
8069,0,1,3,4,28,True,134,10,149,2709,27.09,0
8070,0,1,3,4,30,False,224,11,147,2963,29.63,0
8071,0,1,3,4,19,True,15,0,0,0,0.0,167772160
8072,0,-1,-1,-1,-1,True,-1,-1,-1,-1,-1.0,-1
8073,0,155,0,0,0,False,0,0,10,10,0.1,664345601
8074,0,-1,-1,-1,-1,True,-1,-1,-1,-1,-1.0,-1
8075,0,1,3,4,12,False,37,0,235,235,2.35,0
8076,0,1,3,4,26,True,37,11,179,2995,29.95,0
8077,0,1,3,4,16,False,110,2,222,734,7.34,0
8078,0,1,2,4,32,False,48,6,92,1628,16.28,0
8079,0,1,3,4,29,True,29,11,128,2944,29.44,0
8080,0,1,3,4,12,True,29,11,105,2921,29.21,0
8081,0,1,3,4,11,False,8,14,0,3584,35.84,167772160
8082,0,-1,-1,-1,-1,True,-1,-1,-1,-1,-1.0,-1
8083,0,-1,-1,-1,-1,True,-1,-1,-1,-1,-1.0,-1
8084,0,-1,-1,-1,-1,True,-1,-1,-1,-1,-1.0,-1
8085,0,-1,-1,-1,-1,True,-1,-1,-1,-1,-1.0,-1
8086,0,-1,-1,-1,-1,True,-1,-1,-1,-1,-1.0,-1
8087,0,1,3,4,12,False,130,15,15,3855,38.55,0
8088,0,1,3,4,29,True,130,14,251,3835,38.35,0
8089,0,1,3,4,12,False,88,12,147,3219,32.19,11667883
8090,0,-1,-1,-1,-1,True,-1,-1,-1,-1,-1.0,-1
8091,0,-1,-1,-1,-1,True,-1,-1,-1,-1,-1.0,-1
8092,0,-1,-1,-1,-1,True,-1,-1,-1,-1,-1.0,-1
8093,0,1,3,4,29,False,121,11,151,2967,29.67,0
8094,0,1,3,4,31,True,121,11,131,2947,29.47,0
8095,0,1,3,4,27,False,207,15,6,3846,38.46,0
8096,0,1,3,4,31,False,194,2,83,595,5.95,0
8097,0,1,3,4,18,True,13,7,0,1792,17.92,167772160
8098,0,-1,-1,-1,-1,True,-1,-1,-1,-1,-1.0,-1
8099,0,16,0,0,0,False,0,0,10,10,0.1,3533380609
8100,0,-1,-1,-1,-1,True,-1,-1,-1,-1,-1.0,-1
8101,0,-1,-1,-1,-1,True,-1,-1,-1,-1,-1.0,-1
8102,0,-1,-1,-1,-1,True,-1,-1,-1,-1,-1.0,-1
8103,0,1,3,4,16,False,210,5,13,1293,12.93,126
8104,0,-1,-1,-1,-1,True,-1,-1,-1,-1,-1.0,-1
8105,0,1,3,4,26,False,130,4,34,1058,10.58,0
8106,0,1,3,4,28,True,130,4,13,1037,10.37,0
8107,0,1,3,4,17,False,155,13,199,3527,35.27,0
8108,0,1,3,4,14,True,155,13,178,3506,35.06,0
8109,0,1,3,4,32,False,199,4,95,1119,11.19,0
8110,0,1,3,4,16,True,198,4,73,1097,10.97,0
8111,0,1,3,4,16,False,253,15,227,4067,40.67,0
8112,0,1,3,4,26,False,62,12,13,3085,30.85,0
8113,0,1,3,4,30,True,62,11,247,3063,30.63,0
8114,0,1,3,4,29,False,253,13,180,3508,35.08,0
8115,0,1,3,4,21,True,253,13,158,3486,34.86,0
8116,0,1,3,4,25,False,145,10,136,2696,26.96,0
8117,0,1,3,4,25,True,145,10,117,2677,26.77,0
8118,0,1,3,4,33,False,113,15,120,3960,39.6,0
8119,0,1,3,4,24,True,113,15,98,3938,39.38,0
8120,0,1,3,4,29,False,239,13,196,3524,35.24,0
8121,0,1,3,4,28,True,239,13,175,3503,35.03,0
8122,0,1,3,4,24,False,43,8,42,2090,20.9,0
8123,0,1,3,4,7,True,14,0,0,0,0.0,167772160
8124,0,-1,-1,-1,-1,True,-1,-1,-1,-1,-1.0,-1
8125,0,-1,-1,-1,-1,True,-1,-1,-1,-1,-1.0,-1
8126,0,-1,-1,-1,-1,True,-1,-1,-1,-1,-1.0,-1
8127,0,-1,-1,-1,-1,True,-1,-1,-1,-1,-1.0,-1
8128,0,-1,-1,-1,-1,True,-1,-1,-1,-1,-1.0,-1
8129,0,-1,-1,-1,-1,True,-1,-1,-1,-1,-1.0,-1
8130,0,1,3,4,19,True,139,5,13,1293,12.93,38
8131,0,-1,-1,-1,-1,True,-1,-1,-1,-1,-1.0,-1
8132,0,1,1,4,28,True,93,0,236,236,2.36,0
8133,0,1,3,4,8,False,180,11,185,3001,30.01,0
8134,0,1,3,4,12,False,141,9,227,2531,25.31,0
8135,0,1,3,4,33,True,163,0,7,7,0.07,0
8136,0,1,3,4,28,True,163,15,243,4083,40.83,0
8137,0,1,3,4,21,False,21,14,237,3821,38.21,0
8138,0,1,3,4,31,False,21,14,198,3782,37.82,0
8139,0,1,3,4,24,True,20,14,176,3760,37.6,0
8140,0,1,3,4,27,True,21,14,214,3798,37.98,0
8141,0,1,3,4,31,False,44,8,85,2133,21.33,0
8142,0,1,3,4,30,True,44,8,64,2112,21.12,0
8143,0,1,3,4,9,False,111,15,33,3873,38.73,0
8144,0,1,3,4,16,True,111,15,13,3853,38.53,0
8145,0,1,1,4,6,False,153,15,117,3957,39.57,0
8146,0,1,3,4,32,False,71,3,218,986,9.86,0
8147,0,1,1,4,32,True,153,15,100,3940,39.4,0
8148,0,1,3,4,25,False,144,10,65,2625,26.25,0
8149,0,1,1,4,32,False,156,0,6,6,0.06,1318111
8150,0,-1,-1,-1,-1,True,-1,-1,-1,-1,-1.0,-1
8151,0,-1,-1,-1,-1,True,-1,-1,-1,-1,-1.0,-1
8152,0,-1,-1,-1,-1,True,-1,-1,-1,-1,-1.0,-1
8153,0,1,16,5,7,False,25,9,0,2304,23.04,100663296
8154,0,0,0,0,0,False,0,11,1,2817,28.17,7213
8155,0,24,0,0,0,False,0,0,10,10,0.1,3073
8156,0,-1,-1,-1,-1,True,-1,-1,-1,-1,-1.0,-1
8157,0,-1,-1,-1,-1,True,-1,-1,-1,-1,-1.0,-1
8158,0,-1,-1,-1,-1,True,-1,-1,-1,-1,-1.0,-1
8159,0,-1,-1,-1,-1,True,-1,-1,-1,-1,-1.0,-1
8160,0,-1,-1,-1,-1,True,-1,-1,-1,-1,-1.0,-1
8161,0,1,3,4,8,True,88,2,69,581,5.81,0
8162,0,1,1,4,16,True,211,0,81,81,0.81,0
8163,0,1,3,4,17,True,242,12,41,3113,31.13,0
8164,0,1,3,4,10,False,178,12,147,3219,32.19,0
8165,0,1,4,6,10,False,157,1,67,323,3.23,0
8166,0,159,28,7,15,False,245,0,0,0,0.0,17432576
8167,0,45,0,0,0,False,0,0,10,10,0.1,2584615937
8168,0,-1,-1,-1,-1,True,-1,-1,-1,-1,-1.0,-1
8169,0,1,8,6,14,False,132,13,199,3527,35.27,0
8170,0,10,22,1,0,False,0,0,0,0,0.0,2535194890
8171,0,-1,-1,-1,-1,True,-1,-1,-1,-1,-1.0,-1
8172,0,-1,-1,-1,-1,True,-1,-1,-1,-1,-1.0,-1
8173,0,1,3,4,19,False,187,0,253,253,2.53,0
8174,0,1,3,4,30,True,35,0,234,234,2.34,0
8175,0,1,3,4,18,False,207,5,8,1288,12.88,0
8176,0,1,3,4,24,True,207,4,243,1267,12.67,0
8177,0,1,3,4,22,False,0,11,0,2816,28.16,167772160
8178,0,-1,-1,-1,-1,True,-1,-1,-1,-1,-1.0,-1
8179,0,6,0,0,0,False,0,0,10,10,0.1,1929911297
8180,0,-1,-1,-1,-1,True,-1,-1,-1,-1,-1.0,-1
8181,0,1,3,4,7,False,114,3,89,857,8.57,0
8182,0,1,3,4,29,True,114,13,201,3529,35.29,0
8183,0,1,3,4,27,False,44,15,125,3965,39.65,0
8184,0,1,3,4,21,True,44,15,100,3940,39.4,0
8185,0,1,3,4,8,False,9,11,92,2908,29.08,0
8186,0,1,3,4,30,True,9,11,71,2887,28.87,0
8187,0,1,3,4,24,False,56,9,83,2387,23.87,0
8188,0,1,3,4,23,False,54,14,91,3675,36.75,0
8189,0,1,3,4,14,False,220,0,177,177,1.77,0
8190,0,1,3,4,19,True,220,0,153,153,1.53,0
8191,0,1,3,4,20,True,221,15,80,3920,39.2,0
8192,0,1,3,4,33,False,114,14,92,3676,36.76,0
8193,0,1,2,4,29,False,13,14,129,3713,37.13,0
8194,0,1,3,4,32,False,46,0,79,79,0.79,0
8195,0,1,3,4,27,True,175,4,171,1195,11.95,0
8196,0,1,3,4,11,False,39,8,177,2225,22.25,0
8197,0,1,3,4,18,True,59,0,136,136,1.36,0
8198,0,1,3,4,23,False,29,1,87,343,3.43,0
8199,0,1,3,4,29,True,29,1,66,322,3.22,0
8200,0,1,3,4,31,False,192,2,172,684,6.84,0
8201,0,1,3,4,16,True,192,2,152,664,6.64,0
8202,0,1,3,4,32,False,174,3,155,923,9.23,0
8203,0,1,3,4,33,True,174,3,134,902,9.02,0
8204,0,1,3,4,31,False,152,11,79,2895,28.95,0
8205,0,1,3,4,13,True,185,11,59,2875,28.75,0
8206,0,1,3,4,20,False,177,2,51,563,5.63,0
8207,0,1,3,4,17,True,177,2,25,537,5.37,0
8208,0,1,3,4,30,False,223,13,8,3336,33.36,151
8209,0,-1,-1,-1,-1,True,-1,-1,-1,-1,-1.0,-1
8210,0,1,3,4,28,False,238,8,2,2050,20.5,0
8211,0,1,3,4,22,True,238,7,234,2026,20.26,0
8212,0,1,3,4,14,False,218,12,204,3276,32.76,0
8213,0,1,3,4,26,True,218,12,181,3253,32.53,0
8214,0,1,3,4,7,False,253,9,250,2554,25.54,0
8215,0,1,3,4,13,True,253,9,229,2533,25.33,0
8216,0,1,3,4,0,False,92,9,127,2431,24.31,0
8217,0,1,3,4,34,True,92,9,102,2406,24.06,0
8218,0,1,3,4,30,False,185,5,229,1509,15.09,0
8219,0,1,3,4,32,False,39,9,51,2355,23.55,0
8220,0,1,3,4,19,True,39,1,118,374,3.74,0
8221,0,1,3,4,26,False,51,2,96,608,6.08,0
8222,0,1,3,4,20,True,51,15,9,3849,38.49,34
8223,0,-1,-1,-1,-1,True,-1,-1,-1,-1,-1.0,-1
8224,0,1,3,4,14,False,245,2,135,647,6.47,0
8225,0,1,1,4,32,False,13,0,0,0,0.0,167772160
8226,0,-1,-1,-1,-1,True,-1,-1,-1,-1,-1.0,-1
8227,0,166,0,0,0,False,0,0,10,10,0.1,1
8228,0,144,0,0,0,False,0,0,10,10,0.1,1
8229,0,115,1,3,26,False,0,0,0,0,0.0,469830144
8230,0,132,0,0,0,False,0,0,10,10,0.1,2862554113
8231,0,-1,-1,-1,-1,True,-1,-1,-1,-1,-1.0,-1
8232,0,-1,-1,-1,-1,True,-1,-1,-1,-1,-1.0,-1
8233,0,1,3,4,26,False,23,9,197,2501,25.01,0
8234,0,1,3,4,30,True,23,6,141,1677,16.77,0
8235,0,1,3,4,31,True,23,9,177,2481,24.81,0
8236,0,1,3,4,28,True,243,0,243,243,2.43,0
8237,0,1,3,4,18,False,243,5,155,1435,14.35,0
8238,0,1,3,4,29,True,164,2,223,735,7.35,0
8239,0,1,3,4,25,False,180,11,36,2852,28.52,0
8240,0,1,3,4,25,True,180,4,0,1024,10.24,108
8241,0,-1,-1,-1,-1,True,-1,-1,-1,-1,-1.0,-1
8242,0,1,3,4,28,False,181,15,42,3882,38.82,0
8243,0,1,3,4,16,False,203,14,17,3601,36.01,0
8244,0,1,3,4,1,False,101,6,56,1592,15.92,0
8245,0,1,3,4,14,True,101,6,32,1568,15.68,0
8246,0,1,3,4,0,False,244,15,249,4089,40.89,0
8247,0,1,3,4,34,True,179,1,242,498,4.98,0
8248,0,1,3,4,18,False,29,15,188,4028,40.28,0
8249,0,1,3,4,23,True,29,9,62,2366,23.66,0
8250,0,1,3,4,25,False,250,2,228,740,7.4,0
8251,0,1,3,4,26,False,250,12,39,3111,31.11,0
8252,0,1,3,4,32,True,250,12,20,3092,30.92,0
8253,0,1,3,4,33,True,2,3,0,768,7.68,167772160
8254,0,-1,-1,-1,-1,True,-1,-1,-1,-1,-1.0,-1
8255,0,205,0,0,0,False,0,0,10,10,0.1,1050024961
8256,0,-1,-1,-1,-1,True,-1,-1,-1,-1,-1.0,-1
8257,0,-1,-1,-1,-1,True,-1,-1,-1,-1,-1.0,-1
8258,0,-1,-1,-1,-1,True,-1,-1,-1,-1,-1.0,-1
8259,0,1,3,4,26,False,97,6,218,1754,17.54,0
8260,0,1,3,4,21,True,97,11,7,2823,28.23,225
8261,0,-1,-1,-1,-1,True,-1,-1,-1,-1,-1.0,-1
8262,0,1,3,4,9,True,155,7,203,1995,19.95,0
8263,0,1,3,4,18,False,46,12,18,3090,30.9,0
8264,0,1,3,4,17,False,45,1,32,288,2.88,0
8265,0,1,3,4,28,True,45,1,12,268,2.68,0
8266,0,1,3,4,26,False,105,8,127,2175,21.75,0
8267,0,1,3,4,14,True,113,1,195,451,4.51,0
8268,0,1,1,4,30,True,149,8,110,2158,21.58,0
8269,0,1,3,4,16,True,98,13,26,3354,33.54,0
8270,0,1,1,4,3,False,106,1,11,267,2.67,0
8271,0,1,3,4,27,True,18,10,224,2784,27.84,0
8272,0,1,1,4,28,True,77,15,45,3885,38.85,0
8273,0,1,3,4,23,False,140,11,189,3005,30.05,0
8274,0,1,3,4,28,True,140,11,167,2983,29.83,0
8275,0,1,3,4,15,False,32,8,196,2244,22.44,0
8276,0,1,3,4,27,True,32,8,174,2222,22.22,0
8277,0,1,3,4,26,False,17,11,205,3021,30.21,0
8278,0,1,3,4,25,True,17,2,13,525,5.25,168
8279,0,-1,-1,-1,-1,True,-1,-1,-1,-1,-1.0,-1
8280,0,1,3,4,12,True,178,13,146,3474,34.74,0
8281,0,1,3,4,24,False,1,15,0,3840,38.4,167772160
8282,0,-1,-1,-1,-1,True,-1,-1,-1,-1,-1.0,-1
8283,0,-1,-1,-1,-1,True,-1,-1,-1,-1,-1.0,-1
8284,0,-1,-1,-1,-1,True,-1,-1,-1,-1,-1.0,-1
8285,0,-1,-1,-1,-1,True,-1,-1,-1,-1,-1.0,-1
8286,0,-1,-1,-1,-1,True,-1,-1,-1,-1,-1.0,-1
8287,0,1,3,4,21,False,251,12,209,3281,32.81,0
8288,0,1,3,4,14,True,251,12,187,3259,32.59,0
8289,0,1,3,4,6,False,89,12,1,3073,30.73,252442006
8290,0,-1,-1,-1,-1,True,-1,-1,-1,-1,-1.0,-1
8291,0,-1,-1,-1,-1,True,-1,-1,-1,-1,-1.0,-1
8292,0,-1,-1,-1,-1,True,-1,-1,-1,-1,-1.0,-1
8293,0,-1,-1,-1,-1,True,-1,-1,-1,-1,-1.0,-1
8294,0,1,1,7,59,True,28,0,15,15,0.15,11
8295,0,224,1,4,51,False,0,0,0,0,0.0,469830144
8296,0,-1,-1,-1,-1,True,-1,-1,-1,-1,-1.0,-1
8297,0,-1,-1,-1,-1,True,-1,-1,-1,-1,-1.0,-1
8298,0,-1,-1,-1,-1,True,-1,-1,-1,-1,-1.0,-1
8299,0,-1,-1,-1,-1,True,-1,-1,-1,-1,-1.0,-1
8300,0,1,3,4,22,False,171,10,159,2719,27.19,0
8301,0,1,3,4,16,True,14,15,0,3840,38.4,167772160
8302,0,-1,-1,-1,-1,True,-1,-1,-1,-1,-1.0,-1
8303,0,103,0,0,0,False,0,0,10,10,0.1,463215617
8304,0,-1,-1,-1,-1,True,-1,-1,-1,-1,-1.0,-1
8305,0,1,3,4,25,True,237,2,149,661,6.61,0
8306,0,1,3,4,29,False,24,1,117,373,3.73,0
8307,0,1,3,4,29,True,24,1,99,355,3.55,0
8308,0,1,3,4,13,False,111,14,219,3803,38.03,0
8309,0,1,3,4,14,True,111,14,198,3782,37.82,0
8310,0,1,3,4,30,False,100,7,207,1999,19.99,0
8311,0,1,3,4,29,True,100,7,184,1976,19.76,0
8312,0,1,3,4,26,False,178,11,21,2837,28.37,2417796358
8313,0,-1,-1,-1,-1,True,-1,-1,-1,-1,-1.0,-1
8314,0,-1,-1,-1,-1,True,-1,-1,-1,-1,-1.0,-1
8315,0,-1,-1,-1,-1,True,-1,-1,-1,-1,-1.0,-1
8316,0,-1,-1,-1,-1,True,-1,-1,-1,-1,-1.0,-1
8317,0,1,2,5,6,False,140,12,6,3078,30.78,225
8318,0,1,1,7,60,False,28,10,224,2784,27.84,1861135
8319,0,1,25,4,11,False,114,12,162,3234,32.34,0
8320,0,1,25,4,11,False,90,12,27,3099,30.99,0
8321,0,1,21,0,0,False,0,0,0,0,0.0,0
8322,0,1,1,6,1,False,28,13,168,3496,34.96,59405
8323,0,1,3,4,28,False,146,6,12,1548,15.48,0
8324,0,1,3,4,26,True,199,5,244,1524,15.24,0
8325,0,1,3,4,29,False,34,12,180,3252,32.52,0
8326,0,1,3,4,32,True,34,12,160,3232,32.32,0
8327,0,1,3,4,27,False,19,14,171,3755,37.55,1
8328,0,-1,-1,-1,-1,True,-1,-1,-1,-1,-1.0,-1
8329,0,1,30,5,28,False,140,11,1,2817,28.17,221
8330,0,1,3,4,28,False,16,13,156,3484,34.84,0
8331,0,1,3,4,20,True,154,13,134,3462,34.62,0
8332,0,1,3,4,20,False,172,15,84,3924,39.24,0
8333,0,1,3,4,19,True,172,15,59,3899,38.99,0
8334,0,1,3,4,20,False,20,0,104,104,1.04,0
8335,0,1,3,4,6,True,20,0,80,80,0.8,0
8336,0,1,3,4,26,False,169,0,18,18,0.18,0
8337,0,1,3,4,31,True,12,8,0,2048,20.48,167772160
8338,0,-1,-1,-1,-1,True,-1,-1,-1,-1,-1.0,-1
8339,0,-1,-1,-1,-1,True,-1,-1,-1,-1,-1.0,-1
8340,0,-1,-1,-1,-1,True,-1,-1,-1,-1,-1.0,-1
8341,0,-1,-1,-1,-1,True,-1,-1,-1,-1,-1.0,-1
8342,0,-1,-1,-1,-1,True,-1,-1,-1,-1,-1.0,-1
8343,0,1,1,4,37,True,28,6,234,1770,17.7,0
8344,0,1,3,4,7,True,176,8,149,2197,21.97,0
8345,0,1,1,4,12,True,65,6,214,1750,17.5,0
8346,0,1,3,4,13,True,5,8,0,2048,20.48,167772160
8347,0,-1,-1,-1,-1,True,-1,-1,-1,-1,-1.0,-1
8348,0,12,21,6,0,False,0,0,0,0,0.0,2518417674
8349,0,-1,-1,-1,-1,True,-1,-1,-1,-1,-1.0,-1
8350,0,-1,-1,-1,-1,True,-1,-1,-1,-1,-1.0,-1
8351,0,-1,-1,-1,-1,True,-1,-1,-1,-1,-1.0,-1
8352,0,-1,-1,-1,-1,True,-1,-1,-1,-1,-1.0,-1
8353,0,1,3,4,1,False,109,10,217,2777,27.77,0
8354,0,1,3,4,33,True,108,10,197,2757,27.57,0
8355,0,1,3,4,3,False,86,2,219,731,7.31,0
8356,0,1,3,4,27,True,85,2,197,709,7.09,0
8357,0,1,3,4,30,False,185,15,160,4000,40.0,0
8358,0,1,3,4,23,True,130,11,150,2966,29.66,0
8359,0,1,3,4,15,True,130,11,128,2944,29.44,0
8360,0,1,3,4,12,False,56,10,156,2716,27.16,0
8361,0,1,3,4,11,False,53,14,241,3825,38.25,0
8362,0,1,3,4,25,True,53,14,218,3802,38.02,0
8363,0,1,3,4,30,False,3,1,84,340,3.4,0
8364,0,1,3,4,32,True,14,7,0,1792,17.92,167772160
8365,0,-1,-1,-1,-1,True,-1,-1,-1,-1,-1.0,-1
8366,0,-1,-1,-1,-1,True,-1,-1,-1,-1,-1.0,-1
8367,0,-1,-1,-1,-1,True,-1,-1,-1,-1,-1.0,-1
8368,0,1,3,4,23,True,201,4,38,1062,10.62,0
8369,0,1,3,4,25,False,80,3,113,881,8.81,0
8370,0,1,3,4,29,True,80,3,93,861,8.61,0
8371,0,1,3,4,33,False,118,15,126,3966,39.66,0
8372,0,1,3,4,13,True,118,15,81,3921,39.21,0
8373,0,1,3,4,14,True,28,0,0,0,0.0,218103808
8374,0,-1,-1,-1,-1,True,-1,-1,-1,-1,-1.0,-1
8375,0,175,3,4,33,True,7,6,152,1688,16.88,0
8376,0,-1,-1,-1,-1,True,-1,-1,-1,-1,-1.0,-1
8377,0,-1,-1,-1,-1,True,-1,-1,-1,-1,-1.0,-1
8378,0,-1,-1,-1,-1,True,-1,-1,-1,-1,-1.0,-1
8379,0,-1,-1,-1,-1,True,-1,-1,-1,-1,-1.0,-1
8380,0,1,3,4,27,False,12,10,0,2560,25.6,167772160
8381,0,-1,-1,-1,-1,True,-1,-1,-1,-1,-1.0,-1
8382,0,-1,-1,-1,-1,True,-1,-1,-1,-1,-1.0,-1
8383,0,-1,-1,-1,-1,True,-1,-1,-1,-1,-1.0,-1
8384,0,-1,-1,-1,-1,True,-1,-1,-1,-1,-1.0,-1
8385,0,-1,-1,-1,-1,True,-1,-1,-1,-1,-1.0,-1
8386,0,-1,-1,-1,-1,True,-1,-1,-1,-1,-1.0,-1
8387,0,1,3,4,22,True,176,0,118,118,1.18,0
8388,0,1,3,4,21,False,246,8,50,2098,20.98,0
8389,0,1,2,4,32,False,170,1,201,457,4.57,0
8390,0,1,3,4,27,True,246,8,27,2075,20.75,0
8391,0,1,2,4,23,True,170,1,179,435,4.35,0
8392,0,1,3,4,33,False,45,10,110,2670,26.7,0
8393,0,1,3,4,29,True,45,10,90,2650,26.5,0
8394,0,1,3,4,24,False,245,7,167,1959,19.59,0
8395,0,1,3,4,29,False,222,7,80,1872,18.72,0
8396,0,1,1,4,24,True,245,7,145,1937,19.37,0
8397,0,1,3,4,26,False,205,3,169,937,9.37,0
8398,0,1,3,4,30,False,2,11,0,2816,28.16,167772160
8399,0,-1,-1,-1,-1,True,-1,-1,-1,-1,-1.0,-1
8400,0,-1,-1,-1,-1,True,-1,-1,-1,-1,-1.0,-1
8401,0,-1,-1,-1,-1,True,-1,-1,-1,-1,-1.0,-1
8402,0,1,3,4,15,True,42,7,7,1799,17.99,0
8403,0,1,3,4,7,False,170,12,155,3227,32.27,0
8404,0,1,27,5,7,False,148,12,20,3092,30.92,212
8405,0,1,0,4,15,False,28,5,209,1489,14.89,0
8406,0,1,0,4,17,False,28,12,209,3281,32.81,0
8407,0,1,0,4,45,False,28,4,49,1073,10.73,0
8408,0,1,3,4,32,True,177,14,9,3593,35.93,0
8409,0,1,3,4,33,True,176,4,28,1052,10.52,0
8410,0,1,3,4,15,False,169,0,162,162,1.62,0
8411,0,1,2,4,31,False,199,0,50,50,0.5,0
8412,0,1,3,4,17,True,246,0,139,139,1.39,0
8413,0,1,2,4,14,True,199,12,136,3208,32.08,0
8414,0,1,3,4,14,True,61,12,102,3174,31.74,0
8415,0,1,3,4,15,False,53,6,1,1537,15.37,204
8416,0,-1,-1,-1,-1,True,-1,-1,-1,-1,-1.0,-1
8417,0,1,3,4,24,True,54,1,182,438,4.38,0
8418,0,1,3,4,25,False,116,0,72,72,0.72,0
8419,0,1,3,4,13,True,116,0,51,51,0.51,0
8420,0,1,3,4,16,False,60,13,167,3495,34.95,0
8421,0,1,3,4,8,True,60,13,143,3471,34.71,0
8422,0,1,3,4,16,False,5,11,199,3015,30.15,0
8423,0,1,3,4,19,True,5,11,176,2992,29.92,0
8424,0,1,3,4,0,False,108,7,164,1956,19.56,0
8425,0,1,3,4,34,True,108,7,140,1932,19.32,0
8426,0,1,3,4,27,False,39,14,198,3782,37.82,0
8427,0,1,3,4,12,False,251,12,124,3196,31.96,0
8428,0,1,3,4,17,True,251,12,101,3173,31.73,0
8429,0,1,3,4,18,False,153,15,232,4072,40.72,0
8430,0,1,3,4,26,True,153,15,212,4052,40.52,0
8431,0,1,3,4,19,False,169,14,85,3669,36.69,0
8432,0,1,3,4,32,True,169,14,68,3652,36.52,0
8433,0,1,3,4,22,False,168,8,8,2056,20.56,97
8434,0,-1,-1,-1,-1,True,-1,-1,-1,-1,-1.0,-1
8435,0,1,3,4,12,True,136,8,75,2123,21.23,0
8436,0,1,3,4,2,False,173,15,125,3965,39.65,0
8437,0,1,3,4,26,True,173,12,10,3082,30.82,156
8438,0,-1,-1,-1,-1,True,-1,-1,-1,-1,-1.0,-1
8439,0,1,3,4,30,False,58,8,12,2060,20.6,146
8440,0,-1,-1,-1,-1,True,-1,-1,-1,-1,-1.0,-1
8441,0,1,3,4,25,False,94,8,116,2164,21.64,0
8442,0,1,3,4,17,True,94,8,93,2141,21.41,0
8443,0,1,3,4,30,False,164,1,206,462,4.62,0
8444,0,1,3,4,21,True,164,1,182,438,4.38,0
8445,0,1,3,4,23,False,206,11,248,3064,30.64,0
8446,0,1,3,4,24,False,206,2,95,607,6.07,0
8447,0,1,3,4,11,True,206,2,72,584,5.84,0
8448,0,1,3,4,12,True,206,11,226,3042,30.42,0
8449,0,1,3,4,23,False,130,5,10,1290,12.9,0
8450,0,1,3,4,24,False,108,3,234,1002,10.02,0
8451,0,1,3,4,20,False,147,12,151,3223,32.23,0
8452,0,1,3,4,22,True,1,0,0,0,0.0,167772160
8453,0,-1,-1,-1,-1,True,-1,-1,-1,-1,-1.0,-1
8454,0,-1,-1,-1,-1,True,-1,-1,-1,-1,-1.0,-1
8455,0,-1,-1,-1,-1,True,-1,-1,-1,-1,-1.0,-1
8456,0,-1,-1,-1,-1,True,-1,-1,-1,-1,-1.0,-1
8457,0,-1,-1,-1,-1,True,-1,-1,-1,-1,-1.0,-1
8458,0,-1,-1,-1,-1,True,-1,-1,-1,-1,-1.0,-1
8459,0,1,3,4,1,False,213,5,72,1352,13.52,0
8460,0,1,3,4,0,False,211,15,32,3872,38.72,0
8461,0,1,3,4,22,True,211,15,8,3848,38.48,0
8462,0,1,3,4,14,False,176,4,220,1244,12.44,0
8463,0,1,3,4,18,True,176,4,197,1221,12.21,0
8464,0,1,3,4,14,False,215,8,172,2220,22.2,0
8465,0,1,3,4,20,True,215,0,3,3,0.03,191
8466,0,-1,-1,-1,-1,True,-1,-1,-1,-1,-1.0,-1
8467,0,1,3,4,27,False,2,2,159,671,6.71,0
8468,0,1,3,4,28,True,12,2,0,512,5.12,167772160
8469,0,-1,-1,-1,-1,True,-1,-1,-1,-1,-1.0,-1
8470,0,40,0,0,0,False,0,0,10,10,0.1,2770144257
8471,0,-1,-1,-1,-1,True,-1,-1,-1,-1,-1.0,-1
8472,0,-1,-1,-1,-1,True,-1,-1,-1,-1,-1.0,-1
8473,0,-1,-1,-1,-1,True,-1,-1,-1,-1,-1.0,-1
8474,0,-1,-1,-1,-1,True,-1,-1,-1,-1,-1.0,-1
8475,0,1,3,4,22,False,88,4,101,1125,11.25,0
8476,0,1,3,4,23,True,88,4,78,1102,11.02,0
8477,0,1,3,4,26,False,8,15,12,3852,38.52,0
8478,0,1,3,4,22,True,8,0,28,28,0.28,285620251
8479,0,-1,-1,-1,-1,True,-1,-1,-1,-1,-1.0,-1
8480,0,-1,-1,-1,-1,True,-1,-1,-1,-1,-1.0,-1
8481,0,-1,-1,-1,-1,True,-1,-1,-1,-1,-1.0,-1
8482,0,-1,-1,-1,-1,True,-1,-1,-1,-1,-1.0,-1
8483,0,1,1,4,26,False,96,15,115,3955,39.55,0
8484,0,1,3,4,17,True,55,7,57,1849,18.49,0
8485,0,1,1,4,5,True,96,15,97,3937,39.37,0
8486,0,1,3,4,26,False,54,7,203,1995,19.95,0
8487,0,1,1,4,32,False,252,15,64,3904,39.04,0
8488,0,1,3,4,7,False,182,13,7,3335,33.35,0
8489,0,1,3,4,28,False,222,10,81,2641,26.41,0
8490,0,1,3,4,22,True,222,10,57,2617,26.17,0
8491,0,1,3,4,30,False,4,4,71,1095,10.95,0
8492,0,1,3,4,31,True,4,4,49,1073,10.73,0
8493,0,1,3,4,6,False,246,12,202,3274,32.74,0
8494,0,1,3,4,13,True,246,0,33,33,0.33,0
8495,0,1,3,4,10,False,62,9,165,2469,24.69,0
8496,0,1,3,4,21,True,62,9,141,2445,24.45,0
8497,0,1,3,4,0,False,73,14,63,3647,36.47,0
8498,0,1,3,4,15,True,73,14,39,3623,36.23,0
8499,0,1,3,4,0,False,15,10,128,2688,26.88,0
8500,0,1,3,4,34,True,15,10,104,2664,26.64,0
8501,0,1,3,4,32,False,10,2,0,512,5.12,167772160
8502,0,-1,-1,-1,-1,True,-1,-1,-1,-1,-1.0,-1
8503,0,194,0,0,0,False,0,0,10,10,0.1,1
8504,0,162,29,3,10,False,112,0,0,0,0.0,17432576
8505,0,118,0,0,0,False,0,0,10,10,0.1,1839209473
8506,0,-1,-1,-1,-1,True,-1,-1,-1,-1,-1.0,-1
8507,0,-1,-1,-1,-1,True,-1,-1,-1,-1,-1.0,-1
8508,0,-1,-1,-1,-1,True,-1,-1,-1,-1,-1.0,-1
8509,0,1,3,4,32,False,240,13,34,3362,33.62,0
8510,0,1,3,4,20,True,240,13,10,3338,33.38,0
8511,0,1,3,4,26,False,163,2,1,513,5.13,0
8512,0,1,3,4,26,False,119,3,178,946,9.46,0
8513,0,1,3,4,22,True,119,3,155,923,9.23,0
8514,0,1,3,4,33,False,198,0,212,212,2.12,0
8515,0,1,3,4,22,True,198,0,190,190,1.9,0
8516,0,1,3,4,9,False,55,11,127,2943,29.43,0
8517,0,1,3,4,7,True,106,14,129,3713,37.13,0
8518,0,1,3,4,28,False,116,2,56,568,5.68,0
8519,0,1,3,4,18,True,116,2,34,546,5.46,0
8520,0,1,3,4,31,False,78,3,78,846,8.46,0
8521,0,1,3,4,23,True,156,7,14,1806,18.06,227
8522,0,-1,-1,-1,-1,True,-1,-1,-1,-1,-1.0,-1
8523,0,1,3,4,26,False,213,14,123,3707,37.07,0
8524,0,1,2,4,25,False,30,9,202,2506,25.06,0
8525,0,1,3,4,30,True,213,14,102,3686,36.86,0
8526,0,1,2,4,32,True,30,9,182,2486,24.86,0
8527,0,1,3,4,29,False,137,2,178,690,6.9,0
8528,0,1,3,4,26,True,6,8,0,2048,20.48,167772160
8529,0,-1,-1,-1,-1,True,-1,-1,-1,-1,-1.0,-1
8530,0,236,0,0,0,False,0,0,10,10,0.1,2936085505
8531,0,-1,-1,-1,-1,True,-1,-1,-1,-1,-1.0,-1
8532,0,-1,-1,-1,-1,True,-1,-1,-1,-1,-1.0,-1
8533,0,-1,-1,-1,-1,True,-1,-1,-1,-1,-1.0,-1
8534,0,1,3,4,12,True,175,7,153,1945,19.45,0
8535,0,1,3,4,30,False,236,5,73,1353,13.53,0
8536,0,1,3,4,23,True,29,5,51,1331,13.31,0
8537,0,1,3,4,28,False,116,1,255,511,5.11,0
8538,0,1,3,4,29,False,180,3,29,797,7.97,0
8539,0,1,3,4,29,True,180,3,11,779,7.79,0
8540,0,1,3,4,30,True,39,9,51,2355,23.55,0
8541,0,1,3,4,26,True,39,9,29,2333,23.33,0
8542,0,1,3,4,18,False,74,9,95,2399,23.99,0
8543,0,1,3,4,28,True,74,9,73,2377,23.77,0
8544,0,1,3,4,23,False,161,13,20,3348,33.48,0
8545,0,1,3,4,23,True,161,13,0,3328,33.28,0
8546,0,1,3,4,26,False,53,12,38,3110,31.1,0
8547,0,1,3,4,9,True,53,12,17,3089,30.89,0
8548,0,1,3,4,28,False,73,15,252,4092,40.92,0
8549,0,1,3,4,30,True,73,15,229,4069,40.69,0
8550,0,1,3,4,10,False,7,3,76,844,8.44,0
8551,0,1,3,4,33,True,7,3,55,823,8.23,0
8552,0,1,3,4,9,False,191,0,0,0,0.0,17432576
8553,0,-1,-1,-1,-1,True,-1,-1,-1,-1,-1.0,-1
8554,0,-1,-1,-1,-1,True,-1,-1,-1,-1,-1.0,-1
8555,0,-1,-1,-1,-1,True,-1,-1,-1,-1,-1.0,-1
8556,0,1,2,4,26,False,154,12,0,3072,30.72,0
8557,0,1,3,4,24,False,154,3,164,932,9.32,0
8558,0,1,2,4,23,False,124,4,91,1115,11.15,0
8559,0,1,3,4,19,True,154,3,142,910,9.1,0
8560,0,1,2,4,3,True,124,4,73,1097,10.97,0
8561,0,1,3,4,38,True,28,12,15,3087,30.87,205
8562,0,-1,-1,-1,-1,True,-1,-1,-1,-1,-1.0,-1
8563,0,1,3,4,29,True,156,15,186,4026,40.26,0
8564,0,1,3,4,19,False,145,5,93,1373,13.73,0
8565,0,1,3,4,16,True,145,5,74,1354,13.54,0
8566,0,1,3,4,25,False,238,0,168,168,1.68,0
8567,0,1,3,4,22,True,238,0,145,145,1.45,0
8568,0,1,3,4,22,False,2,1,0,256,2.56,167772160
8569,0,-1,-1,-1,-1,True,-1,-1,-1,-1,-1.0,-1
8570,0,7,0,0,0,False,0,0,10,10,0.1,9051137
8571,0,242,0,0,0,False,0,0,10,10,0.1,7169
8572,0,-1,-1,-1,-1,True,-1,-1,-1,-1,-1.0,-1
8573,0,-1,-1,-1,-1,True,-1,-1,-1,-1,-1.0,-1
8574,0,-1,-1,-1,-1,True,-1,-1,-1,-1,-1.0,-1
8575,0,-1,-1,-1,-1,True,-1,-1,-1,-1,-1.0,-1
8576,0,-1,-1,-1,-1,True,-1,-1,-1,-1,-1.0,-1
8577,0,1,3,4,13,False,121,8,15,2063,20.63,229
8578,0,-1,-1,-1,-1,True,-1,-1,-1,-1,-1.0,-1
8579,0,1,3,4,11,False,93,13,61,3389,33.89,0
8580,0,1,3,4,20,True,93,14,17,3601,36.01,0
8581,0,1,2,4,20,False,44,0,247,247,2.47,0
8582,0,1,3,4,18,False,6,4,0,1024,10.24,167772160
8583,0,-1,-1,-1,-1,True,-1,-1,-1,-1,-1.0,-1
8584,0,62,0,0,0,False,0,0,10,10,0.1,0
8585,0,-1,-1,-1,-1,True,-1,-1,-1,-1,-1.0,-1
8586,0,128,0,0,0,False,0,0,10,10,0.1,983440385
8587,0,-1,-1,-1,-1,True,-1,-1,-1,-1,-1.0,-1
8588,0,-1,-1,-1,-1,True,-1,-1,-1,-1,-1.0,-1
8589,0,-1,-1,-1,-1,True,-1,-1,-1,-1,-1.0,-1
8590,0,1,3,4,25,False,66,15,245,4085,40.85,0
8591,0,1,3,4,29,True,66,15,224,4064,40.64,0
8592,0,1,3,4,26,False,103,6,73,1609,16.09,0
8593,0,1,3,4,29,True,66,6,52,1588,15.88,0
8594,0,1,3,4,17,False,97,12,68,3140,31.4,0
8595,0,1,3,4,18,False,97,11,56,2872,28.72,0
8596,0,1,3,4,17,True,97,12,48,3120,31.2,0
8597,0,1,3,4,18,True,97,11,38,2854,28.54,0
8598,0,1,3,4,23,False,23,11,38,2854,28.54,0
8599,0,1,3,4,12,True,23,11,16,2832,28.32,0
8600,0,1,3,4,19,False,82,3,2,770,7.7,0
8601,0,1,3,4,17,False,82,7,190,1982,19.82,0
8602,0,1,3,4,22,True,81,2,237,749,7.49,0
8603,0,1,3,4,23,True,83,6,5,1541,15.41,0
8604,0,1,3,4,24,True,82,0,43,43,0.43,0
8605,0,1,3,4,29,False,29,5,198,1478,14.78,0
8606,0,1,3,4,22,True,29,2,36,548,5.48,0
8607,0,1,3,4,30,True,119,2,14,526,5.26,0
8608,0,1,3,4,2,False,173,5,4,1284,12.84,152
8609,0,-1,-1,-1,-1,True,-1,-1,-1,-1,-1.0,-1
8610,0,1,3,4,18,False,4,3,85,853,8.53,0
8611,0,1,3,4,4,True,4,3,66,834,8.34,0
8612,0,1,3,4,30,False,109,1,152,408,4.08,0
8613,0,1,3,4,29,False,109,6,205,1741,17.41,0
8614,0,1,3,4,10,True,109,6,183,1719,17.19,0
8615,0,1,3,4,10,False,207,5,103,1383,13.83,0
8616,0,1,3,4,27,True,207,5,82,1362,13.62,0
8617,0,1,3,4,30,False,28,7,135,1927,19.27,0
8618,0,1,3,4,18,True,28,7,112,1904,19.04,0
8619,0,1,3,4,26,False,150,13,225,3553,35.53,0
8620,0,1,3,4,18,True,150,13,203,3531,35.31,0
8621,0,1,3,4,5,False,108,13,107,3435,34.35,0
8622,0,1,3,4,23,True,110,14,65,3649,36.49,0
8623,0,1,3,4,24,False,218,8,97,2145,21.45,0
8624,0,1,3,4,27,True,218,8,76,2124,21.24,0
8625,0,1,3,4,28,False,11,10,215,2775,27.75,0
8626,0,1,3,4,26,True,11,10,192,2752,27.52,0
8627,0,1,3,4,26,False,198,10,229,2789,27.89,0
8628,0,1,3,4,26,True,198,10,205,2765,27.65,0
8629,0,1,3,4,30,False,9,13,190,3518,35.18,0
8630,0,1,3,4,14,True,9,8,83,2131,21.31,0
8631,0,1,3,4,22,False,156,12,105,3177,31.77,0
8632,0,1,3,4,28,True,156,12,83,3155,31.55,0
8633,0,1,3,4,26,False,54,7,248,2040,20.4,0
8634,0,1,3,4,25,True,54,7,226,2018,20.18,0
8635,0,1,3,4,11,False,68,10,110,2670,26.7,0
8636,0,1,3,4,19,True,68,10,87,2647,26.47,0
8637,0,1,3,4,17,False,196,12,129,3201,32.01,0
8638,0,1,3,4,26,False,196,5,72,1352,13.52,0
8639,0,1,3,4,13,True,114,11,244,3060,30.6,0
8640,0,1,3,4,30,False,235,10,38,2598,25.98,0
8641,0,1,3,4,31,True,235,10,15,2575,25.75,0
8642,0,1,3,4,9,False,21,2,60,572,5.72,0
8643,0,1,3,4,4,True,21,2,40,552,5.52,0
8644,0,1,3,4,19,False,99,4,225,1249,12.49,0
8645,0,1,3,4,34,True,99,4,204,1228,12.28,0
8646,0,1,3,4,10,False,249,5,117,1397,13.97,0
8647,0,1,3,4,19,True,121,3,211,979,9.79,0
8648,0,1,3,4,22,False,11,9,6,2310,23.1,0
8649,0,1,3,4,17,True,11,8,240,2288,22.88,0
8650,0,1,3,4,16,False,36,13,165,3493,34.93,0
8651,0,1,3,4,13,True,192,4,13,1037,10.37,344
8652,0,-1,-1,-1,-1,True,-1,-1,-1,-1,-1.0,-1
8653,0,-1,-1,-1,-1,True,-1,-1,-1,-1,-1.0,-1
8654,0,1,2,4,30,False,145,5,139,1419,14.19,0
8655,0,1,3,2,4,False,13,8,0,2048,20.48,0
8656,0,-1,-1,-1,-1,True,-1,-1,-1,-1,-1.0,-1
8657,0,1,3,4,34,True,22,12,240,3312,33.12,0
8658,0,1,3,4,32,False,33,4,252,1276,12.76,0
8659,0,1,3,4,7,True,33,4,231,1255,12.55,0
8660,0,1,3,4,18,False,71,13,2,3330,33.3,211
8661,0,-1,-1,-1,-1,True,-1,-1,-1,-1,-1.0,-1
8662,0,1,3,4,15,True,237,10,167,2727,27.27,0
8663,0,1,3,4,27,False,5,12,136,3208,32.08,0
8664,0,1,3,4,21,True,5,12,110,3182,31.82,0
8665,0,1,3,4,14,False,123,8,115,2163,21.63,0
8666,0,1,3,4,23,True,123,8,91,2139,21.39,0
8667,0,1,3,4,0,False,70,12,40,3112,31.12,0
8668,0,1,3,4,33,True,70,12,17,3089,30.89,0
8669,0,1,3,4,13,False,173,9,93,2397,23.97,0
8670,0,1,3,4,27,True,173,3,28,796,7.96,229509
8671,0,-1,-1,-1,-1,True,-1,-1,-1,-1,-1.0,-1
8672,0,-1,-1,-1,-1,True,-1,-1,-1,-1,-1.0,-1
8673,0,-1,-1,-1,-1,True,-1,-1,-1,-1,-1.0,-1
8674,0,1,23,6,28,False,14,9,5,2309,23.09,7303
8675,0,1,1,7,5,True,4,9,28,2332,23.32,361879
8676,0,1,23,0,0,False,0,0,0,0,0.0,0
8677,0,1,3,4,7,False,145,14,15,3599,35.99,7
8678,0,-1,-1,-1,-1,True,-1,-1,-1,-1,-1.0,-1
8679,0,1,3,4,21,False,49,5,181,1461,14.61,0
8680,0,1,3,4,13,True,9,3,0,768,7.68,167772160
8681,0,-1,-1,-1,-1,True,-1,-1,-1,-1,-1.0,-1
8682,0,-1,-1,-1,-1,True,-1,-1,-1,-1,-1.0,-1
8683,0,-1,-1,-1,-1,True,-1,-1,-1,-1,-1.0,-1
8684,0,-1,-1,-1,-1,True,-1,-1,-1,-1,-1.0,-1
8685,0,-1,-1,-1,-1,True,-1,-1,-1,-1,-1.0,-1
8686,0,1,3,4,21,True,226,13,17,3345,33.45,0
8687,0,1,3,4,14,False,175,1,209,465,4.65,0
8688,0,1,3,4,29,True,175,1,187,443,4.43,0
8689,0,1,3,4,25,False,111,10,25,2585,25.85,0
8690,0,1,2,4,22,False,176,10,181,2741,27.41,0
8691,0,1,3,4,32,True,111,10,6,2566,25.66,0
8692,0,1,2,4,10,True,175,10,161,2721,27.21,0
8693,0,1,3,4,24,False,131,7,214,2006,20.06,0
8694,0,1,3,4,29,True,131,7,193,1985,19.85,0
8695,0,1,3,4,17,False,129,4,247,1271,12.71,0
8696,0,1,3,4,31,True,180,4,228,1252,12.52,0
8697,0,1,3,4,30,False,23,13,46,3374,33.74,0
8698,0,1,3,4,22,True,23,13,21,3349,33.49,0
8699,0,1,3,4,26,False,124,14,48,3632,36.32,0
8700,0,1,3,4,16,True,124,8,177,2225,22.25,6
8701,0,-1,-1,-1,-1,True,-1,-1,-1,-1,-1.0,-1
8702,0,1,23,4,28,False,11,6,0,1536,15.36,0
8703,0,1,14,7,28,False,160,5,0,1280,12.8,1776740
8704,0,1,0,4,2,False,146,12,153,3225,32.25,0
8705,0,1,1,4,13,False,172,3,234,1002,10.02,0
8706,0,1,3,4,3,False,242,13,61,3389,33.89,0
8707,0,1,3,4,32,False,12,5,140,1420,14.2,0
8708,0,1,0,3,21,True,200,9,0,2304,23.04,0
8709,0,1,8,3,28,False,147,8,0,2048,20.48,0
8710,0,1,1,1,46,False,0,0,0,0,0.0,0
8711,0,1,3,4,21,False,107,4,248,1272,12.72,0
8712,0,1,3,4,34,True,107,4,223,1247,12.47,0
8713,0,1,3,4,31,False,178,14,55,3639,36.39,0
8714,0,1,3,4,32,False,0,8,0,2048,20.48,167772160
8715,0,-1,-1,-1,-1,True,-1,-1,-1,-1,-1.0,-1
8716,0,-1,-1,-1,-1,True,-1,-1,-1,-1,-1.0,-1
8717,0,-1,-1,-1,-1,True,-1,-1,-1,-1,-1.0,-1
8718,0,-1,-1,-1,-1,True,-1,-1,-1,-1,-1.0,-1
8719,0,-1,-1,-1,-1,True,-1,-1,-1,-1,-1.0,-1
8720,0,-1,-1,-1,-1,True,-1,-1,-1,-1,-1.0,-1
8721,0,1,3,4,20,False,101,7,93,1885,18.85,0
8722,0,1,3,4,26,True,195,7,73,1865,18.65,0
8723,0,1,3,4,26,False,2,1,10,266,2.66,118
8724,0,-1,-1,-1,-1,True,-1,-1,-1,-1,-1.0,-1
8725,0,1,3,4,24,False,87,12,124,3196,31.96,0
8726,0,1,3,0,0,False,0,0,0,0,0.0,0
8727,0,1,3,7,12,False,124,4,25,1049,10.49,6422870
8728,0,1,3,4,27,True,86,1,77,333,3.33,0
8729,0,1,3,4,29,False,157,9,223,2527,25.27,0
8730,0,1,3,4,19,True,157,9,202,2506,25.06,0
8731,0,1,3,4,15,False,52,12,11,3083,30.83,0
8732,0,1,3,4,16,False,51,14,81,3665,36.65,0
8733,0,1,3,4,14,True,52,11,245,3061,30.61,0
8734,0,1,3,4,15,True,51,14,54,3638,36.38,0
8735,0,1,3,4,24,True,12,7,0,1792,17.92,134217728
8736,0,-1,-1,-1,-1,True,-1,-1,-1,-1,-1.0,-1
8737,0,178,0,0,0,False,0,0,11,11,0.11,477105409
8738,0,0,0,0,0,False,0,10,1,2561,25.61,189959948
8739,0,-1,-1,-1,-1,True,-1,-1,-1,-1,-1.0,-1
8740,0,-1,-1,-1,-1,True,-1,-1,-1,-1,-1.0,-1
8741,0,1,10,6,28,False,33,0,6,6,0.06,40510
8742,0,1,4,0,0,False,0,0,0,0,0.0,0
8743,0,1,0,6,42,False,28,9,86,2390,23.9,32512
8744,0,1,3,4,26,False,86,9,59,2363,23.63,0
8745,0,1,3,4,33,True,1,11,0,2816,28.16,167772160
8746,0,-1,-1,-1,-1,True,-1,-1,-1,-1,-1.0,-1
8747,0,-1,-1,-1,-1,True,-1,-1,-1,-1,-1.0,-1
8748,0,-1,-1,-1,-1,True,-1,-1,-1,-1,-1.0,-1
8749,0,1,3,4,9,True,57,1,102,358,3.58,0
8750,0,1,2,4,16,True,234,4,146,1170,11.7,0
8751,0,1,3,4,1,False,87,12,130,3202,32.02,0
8752,0,1,3,4,25,True,87,12,106,3178,31.78,0
8753,0,1,3,4,31,False,28,7,153,1945,19.45,0
8754,0,1,3,4,21,True,28,7,131,1923,19.23,0
8755,0,1,3,4,20,False,29,14,87,3671,36.71,0
8756,0,1,3,4,23,True,29,14,63,3647,36.47,0
8757,0,1,3,4,5,False,239,1,8,264,2.64,28
8758,0,-1,-1,-1,-1,True,-1,-1,-1,-1,-1.0,-1
8759,0,1,3,4,26,False,129,1,245,501,5.01,0
8760,0,1,3,4,16,True,129,1,224,480,4.8,0
8761,0,1,3,4,27,True,235,13,169,3497,34.97,0
8762,0,1,3,4,21,False,14,13,0,3328,33.28,167772160
8763,0,-1,-1,-1,-1,True,-1,-1,-1,-1,-1.0,-1
8764,0,47,0,5,28,True,0,0,0,0,0.0,469830144
8765,0,-1,-1,-1,-1,True,-1,-1,-1,-1,-1.0,-1
8766,0,-1,-1,-1,-1,True,-1,-1,-1,-1,-1.0,-1
8767,0,-1,-1,-1,-1,True,-1,-1,-1,-1,-1.0,-1
8768,0,-1,-1,-1,-1,True,-1,-1,-1,-1,-1.0,-1
8769,0,1,3,4,22,False,178,12,128,3200,32.0,0
8770,0,1,3,4,23,True,178,12,106,3178,31.78,0
8771,0,1,3,4,7,False,45,0,154,154,1.54,0
8772,0,1,3,4,22,True,45,0,132,132,1.32,0
8773,0,1,3,4,29,False,31,10,156,2716,27.16,0
8774,0,1,3,4,31,True,31,10,135,2695,26.95,0
8775,0,1,3,4,26,False,3,12,0,3072,30.72,167772160
8776,0,-1,-1,-1,-1,True,-1,-1,-1,-1,-1.0,-1
8777,0,8,0,0,0,False,0,0,10,10,0.1,3482393601
8778,0,-1,-1,-1,-1,True,-1,-1,-1,-1,-1.0,-1
8779,0,-1,-1,-1,-1,True,-1,-1,-1,-1,-1.0,-1
8780,0,-1,-1,-1,-1,True,-1,-1,-1,-1,-1.0,-1
8781,0,1,3,4,30,False,152,10,202,2762,27.62,0
8782,0,1,3,4,22,True,152,10,177,2737,27.37,0
8783,0,1,3,4,21,False,0,15,0,3840,38.4,167772160
8784,0,-1,-1,-1,-1,True,-1,-1,-1,-1,-1.0,-1
8785,0,228,3,4,27,True,0,0,0,0,0.0,0
8786,0,1,16,3,7,False,209,12,0,3072,30.72,0
8787,0,1,3,4,58,True,4,12,28,3100,31.0,0
8788,0,1,20,1,58,True,0,0,0,0,0.0,0
8789,0,1,0,4,21,True,28,0,208,208,2.08,0
8790,0,1,0,6,28,True,28,0,34,34,0.34,0
8791,0,192,0,0,0,False,0,0,10,10,0.1,3114146817
8792,0,-1,-1,-1,-1,True,-1,-1,-1,-1,-1.0,-1
8793,0,-1,-1,-1,-1,True,-1,-1,-1,-1,-1.0,-1
8794,0,-1,-1,-1,-1,True,-1,-1,-1,-1,-1.0,-1
8795,0,1,3,4,15,False,202,5,205,1485,14.85,0
8796,0,1,3,4,16,True,202,5,184,1464,14.64,0
8797,0,1,3,4,8,False,173,1,129,385,3.85,0
8798,0,1,3,4,13,True,173,11,130,2946,29.46,0
8799,0,1,3,4,18,False,74,2,57,569,5.69,0
8800,0,1,3,4,7,True,74,14,246,3830,38.3,0
8801,0,1,3,4,24,True,64,14,222,3806,38.06,0
8802,0,1,3,4,9,False,144,13,8,3336,33.36,51
8803,0,-1,-1,-1,-1,True,-1,-1,-1,-1,-1.0,-1
8804,0,1,1,4,25,True,185,3,30,798,7.98,0
8805,0,1,3,4,19,False,4,11,0,2816,28.16,167772160
8806,0,-1,-1,-1,-1,True,-1,-1,-1,-1,-1.0,-1
8807,0,-1,-1,-1,-1,True,-1,-1,-1,-1,-1.0,-1
8808,0,-1,-1,-1,-1,True,-1,-1,-1,-1,-1.0,-1
8809,0,1,3,4,24,True,159,1,13,269,2.69,42
8810,0,-1,-1,-1,-1,True,-1,-1,-1,-1,-1.0,-1
8811,0,1,3,4,27,True,0,8,151,2199,21.99,0
8812,0,1,3,4,14,False,253,1,51,307,3.07,0
8813,0,1,3,4,26,True,253,1,28,284,2.84,0
8814,0,1,3,4,0,False,160,4,65,1089,10.89,0
8815,0,1,1,4,11,True,72,4,209,1233,12.33,0
8816,0,1,3,4,31,True,160,4,46,1070,10.7,0
8817,0,1,3,4,19,False,133,2,8,520,5.2,0
8818,0,1,3,4,6,True,133,1,244,500,5.0,0
8819,0,1,3,4,8,False,25,3,111,879,8.79,0
8820,0,1,3,4,29,True,25,3,89,857,8.57,0
8821,0,1,3,4,12,False,99,4,235,1259,12.59,0
8822,0,1,3,4,23,True,11,5,0,1280,12.8,167772160
8823,0,-1,-1,-1,-1,True,-1,-1,-1,-1,-1.0,-1
8824,0,205,0,0,0,False,0,0,10,10,0.1,1461525505
8825,0,-1,-1,-1,-1,True,-1,-1,-1,-1,-1.0,-1
8826,0,-1,-1,-1,-1,True,-1,-1,-1,-1,-1.0,-1
8827,0,-1,-1,-1,-1,True,-1,-1,-1,-1,-1.0,-1
8828,0,-1,-1,-1,-1,True,-1,-1,-1,-1,-1.0,-1
8829,0,1,3,4,30,False,86,10,69,2629,26.29,0
8830,0,1,3,4,27,True,86,12,7,3079,30.79,0
8831,0,1,3,4,27,False,238,3,96,864,8.64,0
8832,0,1,3,4,27,True,238,3,73,841,8.41,0
8833,0,1,3,4,10,False,75,8,215,2263,22.63,0
8834,0,1,3,4,6,True,75,8,190,2238,22.38,0
8835,0,1,3,4,0,False,141,1,78,334,3.34,0
8836,0,1,3,4,34,True,141,5,29,1309,13.09,0
8837,0,1,3,4,14,False,245,12,94,3166,31.66,0
8838,0,1,3,4,26,True,245,12,71,3143,31.43,0
8839,0,1,3,4,23,False,139,12,26,3098,30.98,0
8840,0,1,3,4,21,True,139,1,199,455,4.55,0
8841,0,1,3,4,33,True,215,1,181,437,4.37,0
8842,0,1,3,4,11,False,161,1,255,511,5.11,0
8843,0,1,3,4,9,False,160,11,111,2927,29.27,0
8844,0,1,3,4,24,True,160,12,0,3072,30.72,184549376
8845,0,-1,-1,-1,-1,True,-1,-1,-1,-1,-1.0,-1
8846,0,-1,-1,-1,-1,True,-1,-1,-1,-1,-1.0,-1
8847,0,-1,-1,-1,-1,True,-1,-1,-1,-1,-1.0,-1
8848,0,-1,-1,-1,-1,True,-1,-1,-1,-1,-1.0,-1
8849,0,1,23,2,5,False,102,0,0,0,0.0,0
8850,0,1,3,4,26,False,184,3,58,826,8.26,0
8851,0,1,3,4,25,True,184,4,52,1076,10.76,0
8852,0,1,3,4,16,True,79,4,30,1054,10.54,0
8853,0,1,3,4,17,True,80,14,213,3797,37.97,0
8854,0,1,3,4,19,False,68,7,60,1852,18.52,0
8855,0,1,1,4,31,False,213,7,255,2047,20.47,0
8856,0,1,3,4,19,True,108,7,0,1792,17.92,201326592
8857,0,-1,-1,-1,-1,True,-1,-1,-1,-1,-1.0,-1
8858,0,82,3,4,0,False,0,0,0,0,0.0,13
8859,0,-1,-1,-1,-1,True,-1,-1,-1,-1,-1.0,-1
8860,0,1,14,6,28,False,155,12,1,3073,30.73,0
8861,0,-1,-1,-1,-1,True,-1,-1,-1,-1,-1.0,-1
8862,0,-1,-1,-1,-1,True,-1,-1,-1,-1,-1.0,-1
8863,0,-1,-1,-1,-1,True,-1,-1,-1,-1,-1.0,-1
8864,0,-1,-1,-1,-1,True,-1,-1,-1,-1,-1.0,-1
8865,0,1,3,4,17,False,97,14,168,3752,37.52,0
8866,0,1,3,4,9,True,97,14,147,3731,37.31,0
8867,0,1,3,4,16,False,97,14,33,3617,36.17,0
8868,0,1,3,4,8,True,97,11,0,2816,28.16,125
8869,0,-1,-1,-1,-1,True,-1,-1,-1,-1,-1.0,-1
8870,0,1,3,4,11,False,105,8,250,2298,22.98,0
8871,0,1,3,4,15,True,11,9,0,2304,23.04,167772160
8872,0,-1,-1,-1,-1,True,-1,-1,-1,-1,-1.0,-1
8873,0,205,0,0,0,False,0,0,10,10,0.1,2862357505
8874,0,-1,-1,-1,-1,True,-1,-1,-1,-1,-1.0,-1
8875,0,-1,-1,-1,-1,True,-1,-1,-1,-1,-1.0,-1
8876,0,-1,-1,-1,-1,True,-1,-1,-1,-1,-1.0,-1
8877,0,-1,-1,-1,-1,True,-1,-1,-1,-1,-1.0,-1
8878,0,1,3,4,29,True,205,13,26,3354,33.54,0
8879,0,1,3,4,20,True,158,2,175,687,6.87,0
8880,0,1,3,4,29,False,152,14,231,3815,38.15,0
8881,0,1,3,4,18,True,20,15,14,3854,38.54,123
8882,0,-1,-1,-1,-1,True,-1,-1,-1,-1,-1.0,-1
8883,0,1,3,4,21,False,14,4,68,1092,10.92,0
8884,0,1,3,4,24,True,14,4,44,1068,10.68,0
8885,0,1,3,4,21,False,202,9,27,2331,23.31,0
8886,0,1,3,4,29,True,202,9,5,2309,23.09,0
8887,0,1,3,4,26,False,176,6,76,1612,16.12,0
8888,0,1,3,4,3,True,176,6,56,1592,15.92,0
8889,0,1,3,4,25,False,130,11,55,2871,28.71,0
8890,0,1,3,4,22,True,62,3,133,901,9.01,0
8891,0,1,3,4,27,False,124,5,94,1374,13.74,0
8892,0,1,3,4,34,True,124,5,65,1345,13.45,0
8893,0,1,3,4,26,False,121,1,89,345,3.45,0
8894,0,1,3,4,33,True,121,1,70,326,3.26,0
8895,0,1,3,4,25,False,1,15,0,3840,38.4,167772160
8896,0,-1,-1,-1,-1,True,-1,-1,-1,-1,-1.0,-1
8897,0,-1,-1,-1,-1,True,-1,-1,-1,-1,-1.0,-1
8898,0,-1,-1,-1,-1,True,-1,-1,-1,-1,-1.0,-1
8899,0,-1,-1,-1,-1,True,-1,-1,-1,-1,-1.0,-1
8900,0,-1,-1,-1,-1,True,-1,-1,-1,-1,-1.0,-1
8901,0,-1,-1,-1,-1,True,-1,-1,-1,-1,-1.0,-1
8902,0,1,3,4,19,False,0,14,39,3623,36.23,0
8903,0,1,3,4,19,True,219,14,16,3600,36.0,0
8904,0,1,3,4,33,False,126,13,240,3568,35.68,0
8905,0,1,3,4,25,True,126,13,217,3545,35.45,0
8906,0,1,3,4,31,False,193,1,125,381,3.81,0
8907,0,1,3,4,22,True,193,1,103,359,3.59,0
8908,0,1,3,4,26,False,247,1,201,457,4.57,0
8909,0,1,3,4,25,True,247,1,178,434,4.34,0
8910,0,1,3,4,13,False,96,5,29,1309,13.09,0
8911,0,1,3,4,17,True,18,5,5,1285,12.85,0
8912,0,1,3,4,13,False,169,12,163,3235,32.35,0
8913,0,1,3,4,22,True,169,12,142,3214,32.14,0
8914,0,1,3,4,20,False,240,7,91,1883,18.83,0
8915,0,1,3,4,3,True,144,7,68,1860,18.6,0
8916,0,1,3,4,21,False,23,8,2,2050,20.5,214
8917,0,-1,-1,-1,-1,True,-1,-1,-1,-1,-1.0,-1
8918,0,1,3,4,10,True,152,2,191,703,7.03,0
8919,0,1,3,4,31,False,38,13,230,3558,35.58,0
8920,0,1,3,4,32,True,38,13,211,3539,35.39,0
8921,0,1,3,4,16,False,13,0,0,0,0.0,167772160
8922,0,-1,-1,-1,-1,True,-1,-1,-1,-1,-1.0,-1
8923,0,-1,-1,-1,-1,True,-1,-1,-1,-1,-1.0,-1
8924,0,-1,-1,-1,-1,True,-1,-1,-1,-1,-1.0,-1
8925,0,-1,-1,-1,-1,True,-1,-1,-1,-1,-1.0,-1
8926,0,-1,-1,-1,-1,True,-1,-1,-1,-1,-1.0,-1
8927,0,-1,-1,-1,-1,True,-1,-1,-1,-1,-1.0,-1
8928,0,1,3,4,1,False,52,14,83,3667,36.67,0
8929,0,1,3,4,22,True,28,14,59,3643,36.43,0
8930,0,1,3,4,12,False,132,2,100,612,6.12,0
8931,0,1,3,4,20,True,132,2,79,591,5.91,0
8932,0,1,3,4,11,False,4,6,14,1550,15.5,0
8933,0,1,3,4,9,False,180,2,154,666,6.66,0
8934,0,1,1,4,21,False,134,5,10,1290,12.9,0
8935,0,1,3,4,10,False,180,0,102,102,1.02,0
8936,0,1,1,4,30,True,134,4,246,1270,12.7,0
8937,0,1,3,4,28,False,22,2,12,524,5.24,0
8938,0,1,1,4,33,False,123,7,13,1805,18.05,184
8939,0,-1,-1,-1,-1,True,-1,-1,-1,-1,-1.0,-1
8940,0,1,3,4,21,False,252,14,25,3609,36.09,0
8941,0,1,3,4,20,False,252,15,219,4059,40.59,0
8942,0,1,3,4,33,True,252,15,196,4036,40.36,0
8943,0,1,3,4,22,False,89,8,156,2204,22.04,0
8944,0,1,3,4,21,False,86,1,29,285,2.85,0
8945,0,1,3,4,27,True,86,1,6,262,2.62,0
8946,0,1,3,4,18,False,47,4,241,1265,12.65,0
8947,0,1,3,4,9,True,47,4,220,1244,12.44,0
8948,0,1,3,4,31,False,241,1,209,465,4.65,0
8949,0,1,3,4,17,False,161,4,37,1061,10.61,0
8950,0,1,1,4,33,True,60,1,191,447,4.47,0
8951,0,1,3,4,4,False,16,12,28,3100,31.0,0
8952,0,1,8,6,3,False,30,12,161,3233,32.33,838
8953,0,1,1,0,0,False,0,0,0,0,0.0,0
8954,0,1,3,4,2,False,142,0,0,0,0.0,17432576
8955,0,-1,-1,-1,-1,True,-1,-1,-1,-1,-1.0,-1
8956,0,-1,-1,-1,-1,True,-1,-1,-1,-1,-1.0,-1
8957,0,-1,-1,-1,-1,True,-1,-1,-1,-1,-1.0,-1
8958,0,-1,-1,-1,-1,True,-1,-1,-1,-1,-1.0,-1
8959,0,1,3,4,14,False,187,15,220,4060,40.6,0
8960,0,1,3,4,17,True,187,15,194,4034,40.34,0
8961,0,1,3,4,21,False,217,12,125,3197,31.97,0
8962,0,1,3,4,22,False,166,12,211,3283,32.83,0
8963,0,1,3,4,28,True,166,12,189,3261,32.61,0
8964,0,1,3,4,20,False,163,8,196,2244,22.44,0
8965,0,1,3,4,29,True,163,8,173,2221,22.21,0
8966,0,1,3,4,11,False,222,8,163,2211,22.11,0
8967,0,1,3,4,28,True,222,8,141,2189,21.89,0
8968,0,1,3,4,30,False,12,12,0,3072,30.72,167772160
8969,0,-1,-1,-1,-1,True,-1,-1,-1,-1,-1.0,-1
8970,0,215,0,0,0,False,0,0,10,10,0.1,2962562049
8971,0,-1,-1,-1,-1,True,-1,-1,-1,-1,-1.0,-1
8972,0,-1,-1,-1,-1,True,-1,-1,-1,-1,-1.0,-1
8973,0,-1,-1,-1,-1,True,-1,-1,-1,-1,-1.0,-1
8974,0,-1,-1,-1,-1,True,-1,-1,-1,-1,-1.0,-1
8975,0,1,3,4,29,False,57,13,189,3517,35.17,0
8976,0,1,3,4,33,True,57,13,168,3496,34.96,0
8977,0,1,3,4,32,False,174,9,83,2387,23.87,0
8978,0,1,3,4,23,True,174,9,60,2364,23.64,0
8979,0,1,3,4,25,False,5,3,69,837,8.37,0
8980,0,1,3,4,12,True,222,5,252,1532,15.32,0
8981,0,1,3,4,20,False,221,5,73,1353,13.53,0
8982,0,1,3,4,13,True,222,4,183,1207,12.07,0
8983,0,1,3,4,14,True,221,0,96,96,0.96,0
8984,0,1,3,4,26,False,101,5,217,1497,14.97,0
8985,0,1,3,4,28,True,101,5,197,1477,14.77,0
8986,0,1,3,4,29,False,144,14,88,3672,36.72,0
8987,0,1,3,4,29,True,144,3,15,783,7.83,217
8988,0,-1,-1,-1,-1,True,-1,-1,-1,-1,-1.0,-1
8989,0,1,3,4,16,False,145,12,90,3162,31.62,0
8990,0,1,3,4,29,True,145,12,68,3140,31.4,0
8991,0,1,3,4,23,False,195,10,227,2787,27.87,0
8992,0,1,3,4,18,True,10,1,0,256,2.56,167772160
8993,0,-1,-1,-1,-1,True,-1,-1,-1,-1,-1.0,-1
8994,0,34,0,0,0,False,0,0,10,10,0.1,4187692033
8995,0,73,0,0,0,False,0,0,10,10,0.1,7169
8996,0,-1,-1,-1,-1,True,-1,-1,-1,-1,-1.0,-1
8997,0,12,0,0,0,False,0,0,10,10,0.1,2107776001
8998,0,-1,-1,-1,-1,True,-1,-1,-1,-1,-1.0,-1
8999,0,-1,-1,-1,-1,True,-1,-1,-1,-1,-1.0,-1
9000,0,-1,-1,-1,-1,True,-1,-1,-1,-1,-1.0,-1
9001,0,-1,-1,-1,-1,True,-1,-1,-1,-1,-1.0,-1
9002,0,1,3,4,29,False,182,0,221,221,2.21,0
9003,0,1,3,4,25,True,181,12,3,3075,30.75,166
9004,0,-1,-1,-1,-1,True,-1,-1,-1,-1,-1.0,-1
9005,0,1,3,4,34,True,92,3,142,910,9.1,0
9006,0,1,3,4,19,False,243,0,211,211,2.11,0
9007,0,1,3,4,34,True,243,0,190,190,1.9,0
9008,0,1,1,4,20,False,46,2,194,706,7.06,0
9009,0,1,3,4,0,False,165,13,81,3409,34.09,0
9010,0,1,1,4,32,True,28,4,34,1058,10.58,18434
9011,0,-1,-1,-1,-1,True,-1,-1,-1,-1,-1.0,-1
9012,0,-1,-1,-1,-1,True,-1,-1,-1,-1,-1.0,-1
9013,0,1,3,4,27,True,34,2,48,560,5.6,0
9014,0,1,3,4,33,False,87,15,112,3952,39.52,0
9015,0,1,3,4,32,True,87,15,92,3932,39.32,0
9016,0,1,3,4,32,False,67,15,57,3897,38.97,0
9017,0,1,3,4,15,True,58,6,57,1593,15.93,0
9018,0,1,20,5,15,False,47,12,140,3212,32.12,165
9019,0,1,1,4,10,True,58,6,37,1573,15.73,0
9020,0,1,3,4,29,False,108,1,78,334,3.34,0
9021,0,1,3,4,28,True,108,1,56,312,3.12,0
9022,0,1,3,4,20,False,158,8,71,2119,21.19,0
9023,0,1,3,4,26,True,158,8,47,2095,20.95,0
9024,0,1,3,4,31,False,3,2,32,544,5.44,0
9025,0,1,3,4,32,False,3,6,207,1743,17.43,0
9026,0,1,3,4,26,True,249,3,233,1001,10.01,0
9027,0,1,3,4,21,True,249,3,208,976,9.76,0
9028,0,1,3,4,28,False,122,0,158,158,1.58,0
9029,0,1,3,4,9,True,122,0,135,135,1.35,0
9030,0,1,3,4,27,False,0,12,0,3072,30.72,167772160
9031,0,-1,-1,-1,-1,True,-1,-1,-1,-1,-1.0,-1
9032,0,-1,-1,-1,-1,True,-1,-1,-1,-1,-1.0,-1
9033,0,-1,-1,-1,-1,True,-1,-1,-1,-1,-1.0,-1
9034,0,-1,-1,-1,-1,True,-1,-1,-1,-1,-1.0,-1
9035,0,-1,-1,-1,-1,True,-1,-1,-1,-1,-1.0,-1
9036,0,-1,-1,-1,-1,True,-1,-1,-1,-1,-1.0,-1
9037,0,1,3,4,32,True,114,0,83,83,0.83,0
9038,0,1,3,4,33,True,60,12,13,3085,30.85,0
9039,0,1,3,4,25,True,60,11,245,3061,30.61,0
9040,0,1,3,4,25,False,34,9,148,2452,24.52,0
9041,0,1,3,4,31,True,34,9,127,2431,24.31,0
9042,0,1,3,4,9,False,156,10,35,2595,25.95,0
9043,0,1,3,4,7,False,155,3,248,1016,10.16,0
9044,0,1,3,4,20,True,155,3,227,995,9.95,0
9045,0,1,3,4,31,False,217,13,93,3421,34.21,0
9046,0,1,3,4,25,True,217,13,72,3400,34.0,0
9047,0,1,1,4,24,False,51,11,17,2833,28.33,0
9048,0,1,3,4,27,True,227,10,250,2810,28.1,0
9049,0,1,3,4,3,False,50,4,7,1031,10.31,171
9050,0,-1,-1,-1,-1,True,-1,-1,-1,-1,-1.0,-1
9051,0,1,3,4,23,True,228,7,150,1942,19.42,0
9052,0,1,3,4,23,False,111,0,193,193,1.93,0
9053,0,1,3,4,17,False,111,2,174,686,6.86,0
9054,0,1,3,4,19,True,111,2,154,666,6.66,0
9055,0,1,3,4,20,True,111,0,171,171,1.71,0
9056,0,1,3,4,18,False,230,11,228,3044,30.44,0
9057,0,1,3,4,27,True,230,11,207,3023,30.23,0
9058,0,1,3,4,21,False,9,4,0,1024,10.24,167772160
9059,0,-1,-1,-1,-1,True,-1,-1,-1,-1,-1.0,-1
9060,0,155,0,0,0,False,0,0,10,10,0.1,2104321
9061,0,-1,-1,-1,-1,True,-1,-1,-1,-1,-1.0,-1
9062,0,1,3,4,29,True,192,5,73,1353,13.53,0
9063,0,1,3,4,26,True,24,1,116,372,3.72,0
9064,0,1,3,4,27,True,15,13,142,3470,34.7,0
9065,0,1,3,4,6,False,15,3,51,819,8.19,0
9066,0,1,3,4,25,True,15,3,30,798,7.98,0
9067,0,1,3,4,25,False,78,9,209,2513,25.13,0
9068,0,1,3,4,32,False,180,1,59,315,3.15,0
9069,0,1,3,4,20,True,179,9,15,2319,23.19,149
9070,0,-1,-1,-1,-1,True,-1,-1,-1,-1,-1.0,-1
9071,0,1,3,4,8,False,158,10,165,2725,27.25,0
9072,0,1,3,4,18,True,158,10,143,2703,27.03,0
9073,0,1,3,4,16,False,226,9,7,2311,23.11,0
9074,0,1,3,4,24,True,6,2,0,512,5.12,167772160
9075,0,-1,-1,-1,-1,True,-1,-1,-1,-1,-1.0,-1
9076,0,26,0,0,0,False,0,0,10,10,0.1,2124291073
9077,0,-1,-1,-1,-1,True,-1,-1,-1,-1,-1.0,-1
9078,0,-1,-1,-1,-1,True,-1,-1,-1,-1,-1.0,-1
9079,0,-1,-1,-1,-1,True,-1,-1,-1,-1,-1.0,-1
9080,0,-1,-1,-1,-1,True,-1,-1,-1,-1,-1.0,-1
9081,0,1,3,4,1,False,140,14,107,3691,36.91,0
9082,0,1,3,4,24,True,140,14,84,3668,36.68,0
9083,0,1,3,4,28,False,6,4,0,1024,10.24,167772160
9084,0,-1,-1,-1,-1,True,-1,-1,-1,-1,-1.0,-1
9085,0,210,1,7,36,False,0,0,0,0,0.0,469830144
9086,0,-1,-1,-1,-1,True,-1,-1,-1,-1,-1.0,-1
9087,0,-1,-1,-1,-1,True,-1,-1,-1,-1,-1.0,-1
9088,0,-1,-1,-1,-1,True,-1,-1,-1,-1,-1.0,-1
9089,0,-1,-1,-1,-1,True,-1,-1,-1,-1,-1.0,-1
9090,0,1,3,4,22,False,107,0,111,111,1.11,0
9091,0,1,1,4,32,False,109,5,168,1448,14.48,0
9092,0,1,3,4,34,True,254,0,0,0,0.0,17367040
9093,0,236,0,0,0,False,0,0,9,9,0.09,471597825
9094,0,-1,-1,-1,-1,True,-1,-1,-1,-1,-1.0,-1
9095,0,-1,-1,-1,-1,True,-1,-1,-1,-1,-1.0,-1
9096,0,-1,-1,-1,-1,True,-1,-1,-1,-1,-1.0,-1
9097,0,-1,-1,-1,-1,True,-1,-1,-1,-1,-1.0,-1
9098,0,1,29,4,2,False,15,12,157,3229,32.29,0
9099,0,1,29,4,3,False,6,0,2,2,0.02,43
9100,0,-1,-1,-1,-1,True,-1,-1,-1,-1,-1.0,-1
9101,0,1,3,4,11,True,192,2,20,532,5.32,0
9102,0,1,3,4,27,False,178,8,104,2152,21.52,0
9103,0,1,3,4,30,False,127,4,206,1230,12.3,0
9104,0,1,3,4,29,False,121,0,244,244,2.44,0
9105,0,1,3,4,34,True,121,0,219,219,2.19,0
9106,0,1,3,4,0,False,204,0,32,32,0.32,0
9107,0,1,3,4,34,True,204,0,9,9,0.09,0
9108,0,1,3,4,20,False,199,7,215,2007,20.07,0
9109,0,1,3,4,32,True,199,4,4,1028,10.28,195
9110,0,-1,-1,-1,-1,True,-1,-1,-1,-1,-1.0,-1
9111,0,1,3,4,15,True,94,11,152,2968,29.68,0
9112,0,1,3,4,29,False,94,14,23,3607,36.07,0
9113,0,1,3,4,14,True,94,13,245,3573,35.73,0
9114,0,1,3,4,26,False,61,7,4,1796,17.96,0
9115,0,1,3,4,33,True,61,6,241,1777,17.77,0
9116,0,1,3,4,17,False,244,15,43,3883,38.83,0
9117,0,1,3,4,19,True,244,15,22,3862,38.62,0
9118,0,1,3,4,20,True,244,13,220,3548,35.48,0
9119,0,1,3,4,0,False,111,0,129,129,1.29,0
9120,0,1,3,4,22,False,226,2,208,720,7.2,0
9121,0,1,3,4,30,True,226,12,156,3228,32.28,0
9122,0,1,3,4,34,True,220,12,131,3203,32.03,0
9123,0,1,3,4,15,False,46,7,166,1958,19.58,0
9124,0,1,3,4,33,True,46,7,146,1938,19.38,0
9125,0,1,3,4,12,False,163,4,52,1076,10.76,0
9126,0,1,3,4,19,True,163,4,32,1056,10.56,0
9127,0,1,3,4,14,False,159,8,134,2182,21.82,0
9128,0,1,3,4,20,True,159,8,110,2158,21.58,0
9129,0,1,3,4,15,False,37,10,137,2697,26.97,0
9130,0,1,3,4,14,False,36,0,11,11,0.11,0
9131,0,1,3,4,27,True,36,15,244,4084,40.84,0
9132,0,1,3,4,28,True,37,10,117,2677,26.77,0
9133,0,1,3,4,14,False,231,10,48,2608,26.08,0
9134,0,1,3,4,3,True,231,10,25,2585,25.85,0
9135,0,1,1,4,24,False,28,15,249,4089,40.89,0
9136,0,1,3,4,15,True,22,14,91,3675,36.75,0
9137,0,1,1,4,10,True,119,15,226,4066,40.66,0
9138,0,1,3,4,21,False,128,7,153,1945,19.45,0
9139,0,1,3,4,18,True,128,7,130,1922,19.22,0
9140,0,1,3,4,20,False,126,1,160,416,4.16,0
9141,0,1,3,4,19,True,126,1,136,392,3.92,0
9142,0,1,3,4,18,False,199,0,223,223,2.23,0
9143,0,1,3,4,28,True,199,0,203,203,2.03,0
9144,0,1,3,4,4,False,33,5,70,1350,13.5,0
9145,0,1,3,4,9,True,33,5,48,1328,13.28,0
9146,0,1,3,4,28,False,255,13,161,3489,34.89,0
9147,0,1,3,4,29,False,254,4,229,1253,12.53,0
9148,0,1,3,4,23,True,28,1,25,281,2.81,5391
9149,0,-1,-1,-1,-1,True,-1,-1,-1,-1,-1.0,-1
9150,0,-1,-1,-1,-1,True,-1,-1,-1,-1,-1.0,-1
9151,0,1,3,4,32,False,53,14,66,3650,36.5,0
9152,0,1,3,4,31,True,53,14,45,3629,36.29,0
9153,0,1,3,4,31,False,2,11,0,2816,28.16,167772160
9154,0,-1,-1,-1,-1,True,-1,-1,-1,-1,-1.0,-1
9155,0,91,0,0,0,False,0,0,10,10,0.1,3045465089
9156,0,-1,-1,-1,-1,True,-1,-1,-1,-1,-1.0,-1
9157,0,-1,-1,-1,-1,True,-1,-1,-1,-1,-1.0,-1
9158,0,-1,-1,-1,-1,True,-1,-1,-1,-1,-1.0,-1
9159,0,-1,-1,-1,-1,True,-1,-1,-1,-1,-1.0,-1
9160,0,1,1,0,0,False,0,0,0,0,0.0,0
9161,0,1,6,7,6,False,74,12,151,3223,32.23,3409463
9162,0,1,1,4,11,False,169,10,171,2731,27.31,0
9163,0,1,3,4,27,False,183,12,250,3322,33.22,0
9164,0,1,1,4,6,True,169,10,150,2710,27.1,0
9165,0,1,3,4,28,False,14,11,121,2937,29.37,0
9166,0,1,3,4,28,True,62,11,100,2916,29.16,0
9167,0,1,3,4,28,False,242,4,45,1069,10.69,0
9168,0,1,3,4,19,True,242,4,24,1048,10.48,0
9169,0,1,3,4,24,False,160,12,59,3131,31.31,0
9170,0,1,3,4,28,True,0,2,0,512,5.12,167772160
9171,0,-1,-1,-1,-1,True,-1,-1,-1,-1,-1.0,-1
9172,0,-1,-1,-1,-1,True,-1,-1,-1,-1,-1.0,-1
9173,0,-1,-1,-1,-1,True,-1,-1,-1,-1,-1.0,-1
9174,0,-1,-1,-1,-1,True,-1,-1,-1,-1,-1.0,-1
9175,0,-1,-1,-1,-1,True,-1,-1,-1,-1,-1.0,-1
9176,0,-1,-1,-1,-1,True,-1,-1,-1,-1,-1.0,-1
9177,0,1,3,4,24,False,71,8,181,2229,22.29,0
9178,0,1,3,4,17,True,72,8,155,2203,22.03,0
9179,0,1,3,4,29,False,121,11,233,3049,30.49,0
9180,0,1,3,4,23,True,121,11,211,3027,30.27,0
9181,0,1,3,4,13,False,76,5,231,1511,15.11,0
9182,0,1,3,4,16,True,76,5,211,1491,14.91,0
9183,0,1,3,4,18,False,152,7,123,1915,19.15,0
9184,0,1,3,4,5,False,240,14,77,3661,36.61,0
9185,0,1,3,4,7,False,241,1,37,293,2.93,0
9186,0,1,3,4,28,True,241,1,16,272,2.72,0
9187,0,1,3,4,4,False,241,12,249,3321,33.21,0
9188,0,1,3,4,27,True,240,12,230,3302,33.02,0
9189,0,1,3,4,31,False,20,15,203,4043,40.43,0
9190,0,1,3,4,21,True,20,15,182,4022,40.22,0
9191,0,1,3,4,29,False,229,0,10,10,0.1,192
9192,0,-1,-1,-1,-1,True,-1,-1,-1,-1,-1.0,-1
9193,0,1,3,4,9,True,160,10,172,2732,27.32,0
9194,0,1,3,4,19,False,145,11,154,2970,29.7,0
9195,0,1,3,4,20,False,145,3,103,871,8.71,0
9196,0,1,3,4,14,True,90,13,88,3416,34.16,0
9197,0,1,3,4,13,False,232,2,216,728,7.28,0
9198,0,1,2,4,28,False,220,8,24,2072,20.72,0
9199,0,1,3,4,30,True,232,2,195,707,7.07,0
9200,0,1,2,4,9,True,220,8,2,2050,20.5,0
9201,0,1,3,4,31,False,120,3,188,956,9.56,0
9202,0,1,3,4,16,True,120,3,169,937,9.37,0
9203,0,1,3,4,29,False,180,7,199,1991,19.91,0
9204,0,1,3,4,27,True,113,7,178,1970,19.7,0
9205,0,1,1,4,27,False,19,12,71,3143,31.43,0
9206,0,1,3,4,0,False,154,10,71,2631,26.31,0
9207,0,1,1,4,28,False,18,10,1,2561,25.61,1317932060
9208,0,0,0,0,0,False,0,13,1,3329,33.29,239342687
9209,0,-1,-1,-1,-1,True,-1,-1,-1,-1,-1.0,-1
9210,0,-1,-1,-1,-1,True,-1,-1,-1,-1,-1.0,-1
9211,0,-1,-1,-1,-1,True,-1,-1,-1,-1,-1.0,-1
9212,0,1,9,6,10,False,48,10,67,2627,26.27,11790
9213,0,1,3,4,26,False,227,12,148,3220,32.2,0
9214,0,1,0,2,14,True,28,0,0,0,0.0,0
9215,0,1,1,2,37,False,1,0,0,0,0.0,0
9216,0,1,18,3,28,False,150,5,0,1280,12.8,0
9217,0,1,0,1,58,False,0,0,0,0,0.0,0
9218,0,1,3,4,32,False,107,13,8,3336,33.36,0
9219,0,1,3,4,20,True,107,4,2,1026,10.26,240
9220,0,-1,-1,-1,-1,True,-1,-1,-1,-1,-1.0,-1
9221,0,1,3,4,16,True,199,5,10,1290,12.9,0
9222,0,1,3,4,29,False,197,8,55,2103,21.03,0
9223,0,1,3,4,17,True,197,8,33,2081,20.81,0
9224,0,1,2,4,23,False,103,11,242,3058,30.58,0
9225,0,1,3,4,25,False,51,15,173,4013,40.13,0
9226,0,1,2,4,24,False,104,14,150,3734,37.34,0
9227,0,1,3,4,61,False,61,13,61,3389,33.89,0
9228,0,1,3,4,4,False,205,0,0,0,0.0,17432576
9229,0,19,0,1,42,True,0,0,0,0,0.0,469830144
9230,0,-1,-1,-1,-1,True,-1,-1,-1,-1,-1.0,-1
9231,0,-1,-1,-1,-1,True,-1,-1,-1,-1,-1.0,-1
9232,0,-1,-1,-1,-1,True,-1,-1,-1,-1,-1.0,-1
9233,0,1,3,4,20,False,43,13,90,3418,34.18,0
9234,0,1,3,4,30,True,43,13,67,3395,33.95,0
9235,0,1,3,4,28,True,7,12,0,3072,30.72,167772160
9236,0,-1,-1,-1,-1,True,-1,-1,-1,-1,-1.0,-1
9237,0,150,0,0,0,False,0,0,10,10,0.1,0
9238,0,-1,-1,-1,-1,True,-1,-1,-1,-1,-1.0,-1
9239,0,-1,-1,-1,-1,True,-1,-1,-1,-1,-1.0,-1
9240,0,1,3,4,14,False,205,14,71,3655,36.55,0
9241,0,1,3,4,32,True,205,14,49,3633,36.33,0
9242,0,1,3,4,23,False,131,2,196,708,7.08,0
9243,0,1,3,4,20,True,131,2,174,686,6.86,0
9244,0,1,3,4,2,False,55,13,117,3445,34.45,0
9245,0,1,3,4,25,True,55,14,5,3589,35.89,113
9246,0,-1,-1,-1,-1,True,-1,-1,-1,-1,-1.0,-1
9247,0,1,3,4,32,False,149,8,160,2208,22.08,0
9248,0,1,3,4,17,True,149,8,136,2184,21.84,0
9249,0,1,3,4,17,False,21,8,193,2241,22.41,0
9250,0,1,3,4,19,True,83,9,167,2471,24.71,0
9251,0,1,3,4,18,False,24,6,70,1606,16.06,0
9252,0,1,3,4,21,True,24,6,49,1585,15.85,0
9253,0,1,3,4,32,False,221,11,233,3049,30.49,0
9254,0,1,3,4,15,True,221,11,210,3026,30.26,0
9255,0,1,3,4,26,True,66,11,134,2950,29.5,0
9256,0,1,3,4,29,False,66,5,239,1519,15.19,0
9257,0,1,3,4,30,False,65,10,116,2676,26.76,0
9258,0,1,3,4,25,True,65,10,92,2652,26.52,0
9259,0,1,3,4,0,False,152,12,184,3256,32.56,0
9260,0,1,3,4,34,True,152,12,160,3232,32.32,0
9261,0,1,3,4,32,False,95,15,225,4065,40.65,0
9262,0,1,3,4,12,True,10,12,200,3272,32.72,0
9263,0,1,3,4,27,False,221,7,58,1850,18.5,0
9264,0,1,3,4,32,True,221,7,34,1826,18.26,0
9265,0,1,3,4,27,False,68,8,33,2081,20.81,0
9266,0,1,3,4,12,True,68,8,8,2056,20.56,0
9267,0,1,3,4,29,False,221,12,91,3163,31.63,0
9268,0,1,3,4,32,True,75,15,181,4021,40.21,0
9269,0,1,3,4,20,False,32,1,175,431,4.31,0
9270,0,1,3,4,6,True,32,1,150,406,4.06,0
9271,0,1,3,4,30,False,61,12,194,3266,32.66,0
9272,0,1,3,4,27,True,253,9,55,2359,23.59,0
9273,0,1,3,4,25,False,6,12,24,3096,30.96,0
9274,0,1,3,4,27,True,6,12,3,3075,30.75,0
9275,0,1,3,4,15,False,180,0,236,236,2.36,0
9276,0,1,3,4,31,True,10,13,0,3328,33.28,167772160
9277,0,-1,-1,-1,-1,True,-1,-1,-1,-1,-1.0,-1
9278,0,-1,-1,-1,-1,True,-1,-1,-1,-1,-1.0,-1
9279,0,-1,-1,-1,-1,True,-1,-1,-1,-1,-1.0,-1
9280,0,-1,-1,-1,-1,True,-1,-1,-1,-1,-1.0,-1
9281,0,-1,-1,-1,-1,True,-1,-1,-1,-1,-1.0,-1
9282,0,1,3,4,25,True,108,2,51,563,5.63,0
9283,0,1,3,4,31,False,31,8,7,2055,20.55,0
9284,0,1,3,4,30,True,31,7,241,2033,20.33,0
9285,0,1,3,4,25,False,35,12,22,3094,30.94,0
9286,0,1,3,4,21,True,35,4,23,1047,10.47,0
9287,0,1,3,4,14,True,92,14,96,3680,36.8,0
9288,0,1,3,4,30,False,251,13,15,3343,33.43,0
9289,0,1,3,4,21,True,237,12,249,3321,33.21,0
9290,0,1,3,4,21,False,117,14,65,3649,36.49,0
9291,0,1,3,4,16,True,117,14,43,3627,36.27,0
9292,0,1,3,4,2,False,214,3,31,799,7.99,0
9293,0,1,3,4,21,True,214,3,7,775,7.75,0
9294,0,1,3,4,12,False,140,12,8,3080,30.8,112
9295,0,-1,-1,-1,-1,True,-1,-1,-1,-1,-1.0,-1
9296,0,1,2,4,29,True,208,8,19,2067,20.67,0
9297,0,1,3,4,24,False,200,3,159,927,9.27,0
9298,0,1,3,4,21,True,200,3,137,905,9.05,0
9299,0,1,3,4,29,False,255,14,206,3790,37.9,0
9300,0,1,3,4,29,True,255,14,187,3771,37.71,0
9301,0,1,3,4,18,False,158,14,147,3731,37.31,0
9302,0,1,3,4,33,True,158,14,124,3708,37.08,0
9303,0,1,3,4,21,False,72,11,94,2910,29.1,0
9304,0,1,3,4,10,True,72,11,70,2886,28.86,0
9305,0,1,1,4,23,False,84,12,135,3207,32.07,0
9306,0,1,3,4,15,True,84,12,112,3184,31.84,0
9307,0,1,3,4,34,True,53,3,247,1015,10.15,0
9308,0,1,3,4,23,False,46,10,56,2616,26.16,0
9309,0,1,3,4,33,True,12,12,0,3072,30.72,167772160
9310,0,-1,-1,-1,-1,True,-1,-1,-1,-1,-1.0,-1
9311,0,12,22,5,0,False,0,0,0,0,0.0,303825162
9312,0,-1,-1,-1,-1,True,-1,-1,-1,-1,-1.0,-1
9313,0,-1,-1,-1,-1,True,-1,-1,-1,-1,-1.0,-1
9314,0,-1,-1,-1,-1,True,-1,-1,-1,-1,-1.0,-1
9315,0,1,3,4,22,True,185,3,74,842,8.42,0
9316,0,1,3,4,29,False,166,10,12,2572,25.72,163
9317,0,-1,-1,-1,-1,True,-1,-1,-1,-1,-1.0,-1
9318,0,1,3,4,25,True,250,12,140,3212,32.12,0
9319,0,1,3,4,4,False,161,13,141,3469,34.69,0
9320,0,1,3,4,26,True,161,13,120,3448,34.48,0
9321,0,1,3,4,3,False,153,15,25,3865,38.65,0
9322,0,1,3,4,31,False,153,5,161,1441,14.41,0
9323,0,1,3,4,32,False,153,4,182,1206,12.06,0
9324,0,1,3,4,19,True,153,5,148,1428,14.28,0
9325,0,1,3,4,14,False,151,12,212,3284,32.84,0
9326,0,1,3,4,13,False,150,14,10,3594,35.94,0
9327,0,1,3,4,29,False,124,12,180,3252,32.52,0
9328,0,1,3,4,13,True,124,12,157,3229,32.29,0
9329,0,1,3,4,14,True,124,12,77,3149,31.49,0
9330,0,1,3,4,25,False,129,14,95,3679,36.79,0
9331,0,1,3,4,18,True,2,6,0,1536,15.36,167772160
9332,0,-1,-1,-1,-1,True,-1,-1,-1,-1,-1.0,-1
9333,0,127,0,0,0,False,0,0,10,10,0.1,9968641
9334,0,-1,-1,-1,-1,True,-1,-1,-1,-1,-1.0,-1
9335,0,-1,-1,-1,-1,True,-1,-1,-1,-1,-1.0,-1
9336,0,-1,-1,-1,-1,True,-1,-1,-1,-1,-1.0,-1
9337,0,-1,-1,-1,-1,True,-1,-1,-1,-1,-1.0,-1
9338,0,1,3,4,25,True,194,9,102,2406,24.06,0
9339,0,1,3,4,19,False,2,15,6,3846,38.46,128
9340,0,-1,-1,-1,-1,True,-1,-1,-1,-1,-1.0,-1
9341,0,1,3,4,4,False,140,10,44,2604,26.04,0
9342,0,1,3,4,11,True,69,3,191,959,9.59,0
9343,0,1,3,4,27,False,147,14,63,3647,36.47,0
9344,0,1,3,4,24,True,7,15,247,4087,40.87,0
9345,0,1,3,4,32,False,96,1,96,352,3.52,0
9346,0,1,3,4,23,True,96,1,74,330,3.3,0
9347,0,1,3,4,23,False,20,7,120,1912,19.12,0
9348,0,1,3,4,3,True,17,5,8,1288,12.88,30
9349,0,-1,-1,-1,-1,True,-1,-1,-1,-1,-1.0,-1
9350,0,1,3,4,28,True,85,8,10,2058,20.58,0
9351,0,1,3,4,29,False,206,14,62,3646,36.46,0
9352,0,1,3,4,28,True,206,14,41,3625,36.25,0
9353,0,1,3,4,23,False,231,15,156,3996,39.96,0
9354,0,1,3,4,16,True,231,12,2,3074,30.74,130
9355,0,-1,-1,-1,-1,True,-1,-1,-1,-1,-1.0,-1
9356,0,1,3,4,23,False,53,0,84,84,0.84,0
9357,0,1,3,4,22,True,53,0,61,61,0.61,0
9358,0,1,3,4,26,False,182,11,110,2926,29.26,0
9359,0,1,3,4,14,True,182,11,89,2905,29.05,0
9360,0,1,3,4,9,False,251,5,143,1423,14.23,0
9361,0,1,3,4,30,True,246,13,202,3530,35.3,0
9362,0,1,3,4,0,False,152,6,179,1715,17.15,0
9363,0,1,3,4,34,True,10,9,0,2304,23.04,167772160
9364,0,-1,-1,-1,-1,True,-1,-1,-1,-1,-1.0,-1
9365,0,213,0,3,28,False,0,0,0,0,0.0,469830144
9366,0,44,0,0,0,False,0,0,10,10,0.1,320674817
9367,0,-1,-1,-1,-1,True,-1,-1,-1,-1,-1.0,-1
9368,0,-1,-1,-1,-1,True,-1,-1,-1,-1,-1.0,-1
9369,0,-1,-1,-1,-1,True,-1,-1,-1,-1,-1.0,-1
9370,0,1,3,4,13,True,19,15,16,3856,38.56,0
9371,0,1,3,4,9,False,146,13,63,3391,33.91,0
9372,0,1,3,4,16,True,58,13,43,3371,33.71,0
9373,0,1,3,4,28,False,34,0,134,134,1.34,0
9374,0,1,3,4,16,True,34,7,10,1802,18.02,7190
9375,0,-1,-1,-1,-1,True,-1,-1,-1,-1,-1.0,-1
9376,0,-1,-1,-1,-1,True,-1,-1,-1,-1,-1.0,-1
9377,0,1,3,2,21,False,10,1,0,256,2.56,0
9378,0,-1,-1,-1,-1,True,-1,-1,-1,-1,-1.0,-1
9379,0,1,3,4,21,False,216,4,12,1036,10.36,0
9380,0,1,3,4,30,True,216,8,186,2234,22.34,0
9381,0,1,3,4,17,False,24,12,231,3303,33.03,0
9382,0,1,3,4,26,True,24,12,211,3283,32.83,0
9383,0,1,3,4,17,False,1,14,209,3793,37.93,0
9384,0,1,3,4,7,True,1,14,96,3680,36.8,0
9385,0,1,3,4,12,False,3,15,86,3926,39.26,0
9386,0,1,3,4,10,True,3,15,64,3904,39.04,0
9387,0,1,3,4,10,False,68,0,81,81,0.81,0
9388,0,1,3,4,22,True,68,0,56,56,0.56,0
9389,0,1,3,4,23,False,148,11,91,2907,29.07,0
9390,0,1,3,4,23,True,148,5,5,1285,12.85,167
9391,0,-1,-1,-1,-1,True,-1,-1,-1,-1,-1.0,-1
9392,0,1,3,4,21,True,165,5,146,1426,14.26,0
9393,0,1,3,4,28,False,11,14,131,3715,37.15,0
9394,0,1,3,4,29,True,11,14,108,3692,36.92,0
9395,0,1,3,4,28,False,69,13,102,3430,34.3,0
9396,0,1,3,4,29,True,69,13,80,3408,34.08,0
9397,0,1,3,4,15,False,141,0,202,202,2.02,0
9398,0,1,2,4,15,True,124,12,151,3223,32.23,0
9399,0,1,3,4,31,True,13,12,0,3072,30.72,167772160
9400,0,-1,-1,-1,-1,True,-1,-1,-1,-1,-1.0,-1
9401,0,74,0,0,0,False,0,0,10,10,0.1,605363201
9402,0,-1,-1,-1,-1,True,-1,-1,-1,-1,-1.0,-1
9403,0,-1,-1,-1,-1,True,-1,-1,-1,-1,-1.0,-1
9404,0,-1,-1,-1,-1,True,-1,-1,-1,-1,-1.0,-1
9405,0,-1,-1,-1,-1,True,-1,-1,-1,-1,-1.0,-1
9406,0,1,3,4,12,True,36,3,197,965,9.65,0
9407,0,1,3,4,20,False,148,7,65,1857,18.57,0
9408,0,1,3,4,13,True,148,7,42,1834,18.34,0
9409,0,1,3,4,26,False,217,6,251,1787,17.87,0
9410,0,1,3,4,25,False,162,10,31,2591,25.91,0
9411,0,1,3,4,5,True,162,10,11,2571,25.71,0
9412,0,1,3,4,16,False,240,8,62,2110,21.1,0
9413,0,1,3,4,33,True,240,8,40,2088,20.88,0
9414,0,1,3,4,32,False,219,14,85,3669,36.69,0
9415,0,1,3,4,30,True,219,14,63,3647,36.47,0
9416,0,1,3,4,32,False,234,5,241,1521,15.21,0
9417,0,1,3,4,23,True,234,15,49,3889,38.89,0
9418,0,1,3,4,21,False,121,14,102,3686,36.86,0
9419,0,1,3,4,27,True,121,14,79,3663,36.63,0
9420,0,1,3,4,32,False,163,12,190,3262,32.62,0
9421,0,1,3,4,12,True,163,12,168,3240,32.4,0
9422,0,1,3,4,19,False,78,14,200,3784,37.84,0
9423,0,1,3,4,18,False,77,0,156,156,1.56,0
9424,0,1,3,4,30,True,77,0,135,135,1.35,0
9425,0,1,3,4,31,True,78,14,183,3767,37.67,0
9426,0,1,3,4,17,False,14,5,0,1280,12.8,167772160
9427,0,-1,-1,-1,-1,True,-1,-1,-1,-1,-1.0,-1
9428,0,76,0,0,0,False,0,0,10,10,0.1,1
9429,0,54,0,0,0,False,0,0,10,10,0.1,1
9430,0,-1,-1,-1,-1,True,-1,-1,-1,-1,-1.0,-1
9431,0,-1,-1,-1,-1,True,-1,-1,-1,-1,-1.0,-1
9432,0,-1,-1,-1,-1,True,-1,-1,-1,-1,-1.0,-1
9433,0,-1,-1,-1,-1,True,-1,-1,-1,-1,-1.0,-1
9434,0,1,3,4,28,True,151,2,97,609,6.09,0
9435,0,1,3,4,4,False,138,10,17,2577,25.77,0
9436,0,1,3,4,11,True,138,13,10,3338,33.38,225
9437,0,-1,-1,-1,-1,True,-1,-1,-1,-1,-1.0,-1
9438,0,1,2,4,21,False,6,12,235,3307,33.07,0
9439,0,1,3,4,28,True,141,10,206,2766,27.66,0
9440,0,1,2,4,12,True,6,12,217,3289,32.89,0
9441,0,1,3,4,0,False,218,10,92,2652,26.52,0
9442,0,1,3,4,29,True,218,10,71,2631,26.31,0
9443,0,1,3,4,23,False,124,0,125,125,1.25,0
9444,0,1,3,4,20,True,124,0,13,13,0.13,0
9445,0,1,7,2,28,False,141,0,0,0,0.0,0
9446,0,1,31,7,13,False,37,12,27,3099,30.99,12912719
9447,0,1,3,4,27,True,79,8,174,2222,22.22,0
9448,0,1,3,4,29,False,39,15,196,4036,40.36,0
9449,0,1,3,4,23,True,39,15,174,4014,40.14,0
9450,0,1,3,4,24,False,81,11,98,2914,29.14,0
9451,0,1,3,4,21,True,81,11,76,2892,28.92,0
9452,0,1,3,4,17,False,203,10,93,2653,26.53,0
9453,0,1,3,4,17,True,203,10,73,2633,26.33,0
9454,0,1,3,4,8,False,14,11,40,2856,28.56,0
9455,0,1,3,4,30,True,14,11,19,2835,28.35,0
9456,0,1,3,4,23,False,231,12,239,3311,33.11,0
9457,0,1,3,4,20,False,108,12,200,3272,32.72,0
9458,0,1,3,4,22,False,230,4,188,1212,12.12,0
9459,0,1,3,4,24,False,230,8,15,2063,20.63,0
9460,0,1,3,4,21,True,108,12,176,3248,32.48,0
9461,0,1,3,4,24,True,229,8,3,2051,20.51,0
9462,0,1,3,4,21,False,133,11,180,2996,29.96,0
9463,0,1,3,4,25,True,133,11,158,2974,29.74,0
9464,0,1,3,4,27,False,205,2,3,515,5.15,0
9465,0,1,3,4,23,True,205,1,233,489,4.89,0
9466,0,1,3,4,22,False,39,4,131,1155,11.55,0
9467,0,1,3,4,23,True,39,3,105,873,8.73,0
9468,0,1,3,4,29,True,47,4,197,1221,12.21,0
9469,0,1,3,4,16,False,111,7,203,1995,19.95,0
9470,0,1,3,4,22,True,111,7,179,1971,19.71,0
9471,0,1,3,4,26,False,31,9,25,2329,23.29,0
9472,0,1,3,4,29,True,4,15,0,3840,38.4,167772160
9473,0,-1,-1,-1,-1,True,-1,-1,-1,-1,-1.0,-1
9474,0,-1,-1,-1,-1,True,-1,-1,-1,-1,-1.0,-1
9475,0,-1,-1,-1,-1,True,-1,-1,-1,-1,-1.0,-1
9476,0,-1,-1,-1,-1,True,-1,-1,-1,-1,-1.0,-1
9477,0,-1,-1,-1,-1,True,-1,-1,-1,-1,-1.0,-1
9478,0,1,10,0,0,False,0,0,0,0,0.0,0
9479,0,1,1,3,4,True,28,1,0,256,2.56,0
9480,0,1,18,3,0,False,97,12,0,3072,30.72,0
9481,0,1,19,7,19,True,0,14,28,3612,36.12,883220
9482,0,1,6,0,0,False,0,0,0,0,0.0,0
9483,0,1,3,4,4,True,3,1,0,256,2.56,167772160
9484,0,-1,-1,-1,-1,True,-1,-1,-1,-1,-1.0,-1
9485,0,192,1,0,20,False,0,0,0,0,0.0,469830144
9486,0,-1,-1,-1,-1,True,-1,-1,-1,-1,-1.0,-1
9487,0,-1,-1,-1,-1,True,-1,-1,-1,-1,-1.0,-1
9488,0,-1,-1,-1,-1,True,-1,-1,-1,-1,-1.0,-1
9489,0,-1,-1,-1,-1,True,-1,-1,-1,-1,-1.0,-1
9490,0,1,3,4,17,True,209,14,22,3606,36.06,0
9491,0,1,2,4,26,False,12,5,108,1388,13.88,0
9492,0,1,3,4,11,False,209,6,10,1546,15.46,144
9493,0,-1,-1,-1,-1,True,-1,-1,-1,-1,-1.0,-1
9494,0,1,3,4,31,True,166,10,125,2685,26.85,0
9495,0,1,3,4,31,False,244,14,175,3759,37.59,0
9496,0,1,3,4,26,True,244,14,156,3740,37.4,0
9497,0,1,3,4,14,False,210,0,46,46,0.46,0
9498,0,1,3,4,19,True,210,0,21,21,0.21,0
9499,0,1,3,4,32,False,212,14,236,3820,38.2,0
9500,0,1,3,4,34,True,212,14,213,3797,37.97,0
9501,0,1,1,4,23,False,197,8,101,2149,21.49,0
9502,0,1,3,4,32,False,79,2,161,673,6.73,0
9503,0,1,1,4,10,True,15,5,0,1280,12.8,167772160
9504,0,-1,-1,-1,-1,True,-1,-1,-1,-1,-1.0,-1
9505,0,222,0,0,0,False,0,0,10,10,0.1,2468289537
9506,0,-1,-1,-1,-1,True,-1,-1,-1,-1,-1.0,-1
9507,0,1,3,4,18,True,81,11,248,3064,30.64,0
9508,0,1,3,4,13,False,190,11,158,2974,29.74,0
9509,0,1,3,4,27,True,178,11,135,2951,29.51,0
9510,0,1,3,4,28,False,178,11,74,2890,28.9,0
9511,0,1,3,4,6,True,89,11,52,2868,28.68,0
9512,0,1,3,4,16,False,83,11,13,2829,28.29,0
9513,0,1,3,4,22,True,83,10,245,2805,28.05,0
9514,0,1,3,4,27,False,218,0,38,38,0.38,0
9515,0,1,3,4,28,True,218,0,14,14,0.14,0
9516,0,1,3,4,25,False,18,2,231,743,7.43,0
9517,0,1,3,4,26,True,18,2,210,722,7.22,0
9518,0,1,1,4,33,False,110,13,107,3435,34.35,0
9519,0,1,3,4,28,False,199,2,181,693,6.93,0
9520,0,1,1,4,32,False,109,1,144,400,4.0,0
9521,0,1,3,4,2,False,204,6,236,1772,17.72,0
9522,0,1,3,4,21,True,204,6,213,1749,17.49,0
9523,0,1,3,4,20,False,127,11,117,2933,29.33,0
9524,0,1,3,4,30,True,127,11,94,2910,29.1,0
9525,0,1,3,4,19,False,220,14,5,3589,35.89,0
9526,0,1,3,4,29,True,220,13,239,3567,35.67,0
9527,0,1,3,4,24,False,51,11,248,3064,30.64,0
9528,0,1,3,4,32,True,51,11,228,3044,30.44,0
9529,0,1,3,4,27,False,87,5,176,1456,14.56,0
9530,0,1,3,4,28,False,86,6,155,1691,16.91,0
9531,0,1,3,4,17,True,116,3,78,846,8.46,0
9532,0,1,3,4,20,True,116,3,56,824,8.24,0
9533,0,1,3,4,5,False,211,6,24,1560,15.6,0
9534,0,1,3,4,25,True,211,6,4,1540,15.4,0
9535,0,1,3,4,19,False,145,1,37,293,2.93,0
9536,0,1,3,4,20,False,145,0,113,113,1.13,0
9537,0,1,3,4,26,True,145,0,90,90,0.9,0
9538,0,1,3,4,27,True,145,1,18,274,2.74,0
9539,0,1,3,4,14,False,10,14,0,3584,35.84,167772160
9540,0,-1,-1,-1,-1,True,-1,-1,-1,-1,-1.0,-1
9541,0,233,0,0,0,False,0,0,10,10,0.1,3692108801
9542,0,52,0,0,0,False,0,0,10,10,0.1,7169
9543,0,30,0,0,0,False,0,0,10,10,0.1,7169
9544,0,-1,-1,-1,-1,True,-1,-1,-1,-1,-1.0,-1
9545,0,1,3,4,22,True,117,5,210,1490,14.9,0
9546,0,1,3,4,14,False,184,4,221,1245,12.45,0
9547,0,1,3,4,32,True,184,4,200,1224,12.24,0
9548,0,1,3,4,32,False,160,1,110,366,3.66,0
9549,0,1,3,4,7,True,17,1,89,345,3.45,0
9550,0,1,3,4,0,False,196,12,9,3081,30.81,0
9551,0,1,3,4,34,True,196,11,241,3057,30.57,0
9552,0,1,3,4,14,False,127,11,74,2890,28.9,0
9553,0,1,3,4,26,True,127,11,50,2866,28.66,0
9554,0,1,3,4,12,False,126,5,133,1413,14.13,0
9555,0,1,3,4,13,False,126,7,102,1894,18.94,0
9556,0,1,3,4,25,True,126,7,81,1873,18.73,0
9557,0,1,3,4,14,False,220,12,131,3203,32.03,0
9558,0,1,3,4,23,True,220,12,106,3178,31.78,0
9559,0,1,3,4,23,False,207,11,164,2980,29.8,0
9560,0,1,3,4,14,True,207,1,11,267,2.67,11
9561,0,-1,-1,-1,-1,True,-1,-1,-1,-1,-1.0,-1
9562,0,1,3,4,31,True,81,10,244,2804,28.04,0
9563,0,1,3,4,9,False,120,13,149,3477,34.77,0
9564,0,1,3,4,27,True,120,0,251,251,2.51,0
9565,0,1,2,4,31,False,150,14,85,3669,36.69,0
9566,0,1,2,4,27,True,151,12,178,3250,32.5,0
9567,0,1,2,4,28,True,10,1,28,284,2.84,3859802398
9568,0,-1,-1,-1,-1,True,-1,-1,-1,-1,-1.0,-1
9569,0,-1,-1,-1,-1,True,-1,-1,-1,-1,-1.0,-1
9570,0,-1,-1,-1,-1,True,-1,-1,-1,-1,-1.0,-1
9571,0,-1,-1,-1,-1,True,-1,-1,-1,-1,-1.0,-1
9572,0,1,3,4,34,True,233,15,205,4045,40.45,0
9573,0,1,3,4,14,False,96,4,164,1188,11.88,0
9574,0,1,1,4,32,False,207,9,163,2467,24.67,0
9575,0,1,3,4,33,True,83,5,201,1481,14.81,0
9576,0,1,3,4,12,True,82,5,179,1459,14.59,0
9577,0,1,3,4,27,True,6,4,0,1024,10.24,167772160
9578,0,-1,-1,-1,-1,True,-1,-1,-1,-1,-1.0,-1
9579,0,76,0,0,0,False,0,0,10,10,0.1,0
9580,0,-1,-1,-1,-1,True,-1,-1,-1,-1,-1.0,-1
9581,0,53,0,0,0,False,0,0,10,10,0.1,0
9582,0,-1,-1,-1,-1,True,-1,-1,-1,-1,-1.0,-1
9583,0,19,0,0,0,False,0,0,10,10,0.1,3717995521
9584,0,-1,-1,-1,-1,True,-1,-1,-1,-1,-1.0,-1
9585,0,1,3,4,29,False,38,14,195,3779,37.79,0
9586,0,1,3,4,26,True,38,14,174,3758,37.58,0
9587,0,1,3,4,29,False,38,1,86,342,3.42,0
9588,0,1,3,4,12,True,38,6,12,1548,15.48,185
9589,0,-1,-1,-1,-1,True,-1,-1,-1,-1,-1.0,-1
9590,0,1,3,4,14,True,6,12,163,3235,32.35,0
9591,0,1,3,4,1,False,67,9,178,2482,24.82,0
9592,0,1,3,4,19,True,67,9,155,2459,24.59,0
9593,0,1,3,4,0,False,171,5,221,1501,15.01,0
9594,0,1,3,4,30,True,171,5,198,1478,14.78,0
9595,0,1,3,4,25,False,51,10,253,2813,28.13,0
9596,0,1,3,4,32,True,51,10,233,2793,27.93,0
9597,0,1,3,4,28,False,170,9,149,2453,24.53,0
9598,0,1,3,4,21,True,170,9,127,2431,24.31,0
9599,0,1,3,4,27,False,162,0,245,245,2.45,0
9600,0,1,3,4,31,False,162,1,76,332,3.32,0
9601,0,1,3,4,5,True,57,1,54,310,3.1,0
9602,0,1,3,4,11,False,97,14,147,3731,37.31,0
9603,0,1,3,4,10,False,97,2,157,669,6.69,0
9604,0,1,3,4,16,True,97,2,134,646,6.46,0
9605,0,1,3,4,17,True,97,14,123,3707,37.07,0
9606,0,1,3,4,20,False,158,5,136,1416,14.16,0
9607,0,1,3,4,21,False,2,14,0,3584,35.84,167772160
9608,0,-1,-1,-1,-1,True,-1,-1,-1,-1,-1.0,-1
9609,0,-1,-1,-1,-1,True,-1,-1,-1,-1,-1.0,-1
9610,0,246,0,0,0,False,0,0,10,10,0.1,1000479745
9611,0,-1,-1,-1,-1,True,-1,-1,-1,-1,-1.0,-1
9612,0,-1,-1,-1,-1,True,-1,-1,-1,-1,-1.0,-1
9613,0,-1,-1,-1,-1,True,-1,-1,-1,-1,-1.0,-1
9614,0,1,3,4,7,False,248,5,226,1506,15.06,0
9615,0,1,3,4,5,False,247,13,255,3583,35.83,0
9616,0,1,3,4,24,True,247,13,235,3563,35.63,0
9617,0,1,3,4,16,False,159,15,22,3862,38.62,0
9618,0,1,3,4,26,True,157,14,253,3837,38.37,0
9619,0,1,3,4,16,False,51,11,106,2922,29.22,0
9620,0,1,3,4,15,True,51,11,81,2897,28.97,0
9621,0,1,3,4,0,False,68,12,100,3172,31.72,0
9622,0,1,3,4,34,True,67,12,76,3148,31.48,0
9623,0,1,3,4,26,False,193,1,35,291,2.91,0
9624,0,1,3,4,15,True,209,1,12,268,2.68,0
9625,0,1,3,4,19,False,109,12,14,3086,30.86,207
9626,0,-1,-1,-1,-1,True,-1,-1,-1,-1,-1.0,-1
9627,0,1,3,4,23,False,230,13,210,3538,35.38,0
9628,0,1,3,4,16,True,230,13,188,3516,35.16,0
9629,0,1,3,4,27,True,19,13,116,3444,34.44,0
9630,0,1,3,4,21,False,19,3,80,848,8.48,0
9631,0,1,3,4,25,True,19,3,57,825,8.25,0
9632,0,1,3,4,25,False,3,14,240,3824,38.24,0
9633,0,1,3,4,16,True,3,14,218,3802,38.02,0
9634,0,1,3,4,1,False,14,4,0,1024,10.24,167772160
9635,0,-1,-1,-1,-1,True,-1,-1,-1,-1,-1.0,-1
9636,0,92,0,0,0,False,0,0,10,10,0.1,1
9637,0,-1,-1,-1,-1,True,-1,-1,-1,-1,-1.0,-1
9638,0,-1,-1,-1,-1,True,-1,-1,-1,-1,-1.0,-1
9639,0,-1,-1,-1,-1,True,-1,-1,-1,-1,-1.0,-1
9640,0,-1,-1,-1,-1,True,-1,-1,-1,-1,-1.0,-1
9641,0,-1,-1,-1,-1,True,-1,-1,-1,-1,-1.0,-1
9642,0,1,3,4,14,True,51,0,7,7,0.07,0
9643,0,1,3,4,11,False,238,3,121,889,8.89,0
9644,0,1,3,4,31,True,238,3,100,868,8.68,0
9645,0,1,3,4,31,True,214,15,249,4089,40.89,0
9646,0,1,3,4,22,False,7,1,159,415,4.15,0
9647,0,1,3,4,25,True,8,0,241,241,2.41,0
9648,0,1,3,4,26,True,228,12,151,3223,32.23,0
9649,0,1,3,4,26,False,243,11,92,2908,29.08,0
9650,0,1,3,4,27,False,37,13,0,3328,33.28,117440512
9651,0,-1,-1,-1,-1,True,-1,-1,-1,-1,-1.0,-1
9652,0,-1,-1,-1,-1,True,-1,-1,-1,-1,-1.0,-1
9653,0,-1,-1,-1,-1,True,-1,-1,-1,-1,-1.0,-1
9654,0,-1,-1,-1,-1,True,-1,-1,-1,-1,-1.0,-1
9655,0,-1,-1,-1,-1,True,-1,-1,-1,-1,-1.0,-1
9656,0,1,19,0,0,False,0,0,0,0,0.0,0
9657,0,1,4,5,13,False,124,12,9,3081,30.81,115
9658,0,1,22,6,28,False,140,3,0,768,7.68,7329
9659,0,1,1,2,7,True,0,0,0,0,0.0,0
9660,0,1,19,1,28,False,0,0,0,0,0.0,0
9661,0,1,16,6,7,True,0,0,28,28,0.28,53513
9662,0,1,0,3,33,True,28,10,9,2569,25.69,75
9663,0,-1,-1,-1,-1,True,-1,-1,-1,-1,-1.0,-1
9664,0,-1,-1,-1,-1,True,-1,-1,-1,-1,-1.0,-1
9665,0,1,3,4,54,True,13,14,61,3645,36.45,0
9666,0,1,3,4,12,False,156,10,9,2569,25.69,0
9667,0,1,7,0,0,False,0,0,0,0,0.0,0
9668,0,1,4,0,0,False,0,0,0,0,0.0,0
9669,0,1,13,7,45,False,3,14,0,3584,35.84,167772160
9670,0,-1,-1,-1,-1,True,-1,-1,-1,-1,-1.0,-1
9671,0,-1,-1,-1,-1,True,-1,-1,-1,-1,-1.0,-1
9672,0,-1,-1,-1,-1,True,-1,-1,-1,-1,-1.0,-1
9673,0,-1,-1,-1,-1,True,-1,-1,-1,-1,-1.0,-1
9674,0,-1,-1,-1,-1,True,-1,-1,-1,-1,-1.0,-1
9675,0,1,3,4,4,False,15,1,0,256,2.56,167772160
9676,0,-1,-1,-1,-1,True,-1,-1,-1,-1,-1.0,-1
9677,0,210,0,3,31,True,0,0,0,0,0.0,469830144
9678,0,-1,-1,-1,-1,True,-1,-1,-1,-1,-1.0,-1
9679,0,-1,-1,-1,-1,True,-1,-1,-1,-1,-1.0,-1
9680,0,1,3,4,33,True,210,3,136,904,9.04,0
9681,0,1,3,4,29,False,192,9,137,2441,24.41,0
9682,0,1,3,4,34,True,192,9,114,2418,24.18,0
9683,0,1,3,4,0,False,136,14,3,3587,35.87,0
9684,0,1,3,4,34,True,136,13,235,3563,35.63,0
9685,0,1,3,4,29,False,244,12,1,3073,30.73,484704814
9686,0,-1,-1,-1,-1,True,-1,-1,-1,-1,-1.0,-1
9687,0,0,0,0,0,False,0,13,1,3329,33.29,0
9688,0,86,3,4,29,False,0,0,0,0,0.0,0
9689,0,-1,-1,-1,-1,True,-1,-1,-1,-1,-1.0,-1
9690,0,1,6,3,13,False,19,12,143,3215,32.15,0
9691,0,-1,-1,-1,-1,True,-1,-1,-1,-1,-1.0,-1
9692,0,1,0,6,11,False,218,12,32,3104,31.04,2256
9693,0,1,14,7,28,False,146,15,8,3848,38.48,1449057
9694,0,1,30,4,12,False,208,12,154,3226,32.26,0
9695,0,1,30,4,12,False,187,12,145,3217,32.17,0
9696,0,1,17,1,10,False,0,0,0,0,0.0,0
9697,0,1,20,4,28,False,20,8,4,2052,20.52,0
9698,0,1,18,5,28,False,142,8,4,2052,20.52,124
9699,0,1,3,4,30,True,184,5,218,1498,14.98,0
9700,0,1,3,4,25,False,182,12,49,3121,31.21,0
9701,0,1,3,4,29,True,182,12,28,3100,31.0,0
9702,0,1,3,4,21,False,105,14,255,3839,38.39,0
9703,0,1,3,4,28,True,146,12,29,3101,31.01,1531
9704,0,-1,-1,-1,-1,True,-1,-1,-1,-1,-1.0,-1
9705,0,-1,-1,-1,-1,True,-1,-1,-1,-1,-1.0,-1
9706,0,1,7,6,28,False,142,11,5,2821,28.21,7208
9707,0,1,0,5,62,False,13,12,28,3100,31.0,24991
9708,0,-1,-1,-1,-1,True,-1,-1,-1,-1,-1.0,-1
9709,0,1,0,3,3,True,28,12,68,3140,31.4,0
9710,0,-1,-1,-1,-1,True,-1,-1,-1,-1,-1.0,-1
9711,0,1,3,4,19,True,94,12,48,3120,31.2,0
9712,0,1,3,4,12,False,174,0,3,3,0.03,157
9713,0,-1,-1,-1,-1,True,-1,-1,-1,-1,-1.0,-1
9714,0,1,3,4,14,False,57,8,193,2241,22.41,0
9715,0,1,3,4,6,True,57,8,168,2216,22.16,0
9716,0,1,3,4,19,False,94,10,210,2770,27.7,0
9717,0,1,3,4,20,False,14,1,0,256,2.56,167772160
9718,0,-1,-1,-1,-1,True,-1,-1,-1,-1,-1.0,-1
9719,0,140,0,0,0,False,0,0,10,10,0.1,2988317697
9720,0,-1,-1,-1,-1,True,-1,-1,-1,-1,-1.0,-1
9721,0,-1,-1,-1,-1,True,-1,-1,-1,-1,-1.0,-1
9722,0,1,3,4,28,True,178,10,232,2792,27.92,0
9723,0,1,3,4,14,False,146,11,52,2868,28.68,0
9724,0,1,3,4,19,True,146,11,28,2844,28.44,0
9725,0,1,3,4,4,False,137,14,11,3595,35.95,121
9726,0,-1,-1,-1,-1,True,-1,-1,-1,-1,-1.0,-1
9727,0,1,3,4,34,True,30,11,99,2915,29.15,0
9728,0,1,3,4,15,False,58,1,245,501,5.01,0
9729,0,1,3,4,13,True,58,13,58,3386,33.86,0
9730,0,1,3,4,25,False,156,14,14,3598,35.98,1
9731,0,-1,-1,-1,-1,True,-1,-1,-1,-1,-1.0,-1
9732,0,1,3,4,11,False,21,4,63,1087,10.87,0
9733,0,1,3,4,28,True,21,4,42,1066,10.66,0
9734,0,1,3,4,12,True,101,12,121,3193,31.93,0
9735,0,1,3,4,33,False,101,11,195,3011,30.11,0
9736,0,1,3,4,11,True,101,11,175,2991,29.91,0
9737,0,1,3,4,32,False,130,1,116,372,3.72,0
9738,0,1,3,4,28,True,130,1,93,349,3.49,0
9739,0,1,3,4,20,False,12,1,0,256,2.56,167772160
9740,0,-1,-1,-1,-1,True,-1,-1,-1,-1,-1.0,-1
9741,0,-1,-1,-1,-1,True,-1,-1,-1,-1,-1.0,-1
9742,0,0,0,0,0,False,0,10,1,2561,25.61,3873052
9743,0,-1,-1,-1,-1,True,-1,-1,-1,-1,-1.0,-1
9744,0,-1,-1,-1,-1,True,-1,-1,-1,-1,-1.0,-1
9745,0,-1,-1,-1,-1,True,-1,-1,-1,-1,-1.0,-1
9746,0,-1,-1,-1,-1,True,-1,-1,-1,-1,-1.0,-1
9747,0,1,3,4,12,True,58,0,143,143,1.43,0
9748,0,1,3,4,27,False,154,14,33,3617,36.17,0
9749,0,1,3,4,28,True,154,14,9,3593,35.93,0
9750,0,1,3,4,33,False,184,4,223,1247,12.47,0
9751,0,1,3,4,27,True,184,4,202,1226,12.26,0
9752,0,1,3,4,9,False,217,15,250,4090,40.9,0
9753,0,1,3,4,33,True,9,6,0,1536,15.36,167772160
9754,0,-1,-1,-1,-1,True,-1,-1,-1,-1,-1.0,-1
9755,0,96,0,0,0,False,0,0,10,10,0.1,793601
9756,0,72,0,0,0,False,0,0,10,10,0.1,0
9757,0,-1,-1,-1,-1,True,-1,-1,-1,-1,-1.0,-1
9758,0,49,0,0,0,False,0,0,10,10,0.1,0
9759,0,-1,-1,-1,-1,True,-1,-1,-1,-1,-1.0,-1
9760,0,-1,-1,-1,-1,True,-1,-1,-1,-1,-1.0,-1
9761,0,1,3,4,27,True,112,5,229,1509,15.09,0
9762,0,1,3,4,28,False,6,8,0,2048,20.48,167772160
9763,0,-1,-1,-1,-1,True,-1,-1,-1,-1,-1.0,-1
9764,0,-1,-1,-1,-1,True,-1,-1,-1,-1,-1.0,-1
9765,0,-1,-1,-1,-1,True,-1,-1,-1,-1,-1.0,-1
9766,0,-1,-1,-1,-1,True,-1,-1,-1,-1,-1.0,-1
9767,0,-1,-1,-1,-1,True,-1,-1,-1,-1,-1.0,-1
9768,0,-1,-1,-1,-1,True,-1,-1,-1,-1,-1.0,-1
9769,0,1,3,4,22,True,167,1,24,280,2.8,0
9770,0,1,3,4,30,False,106,11,152,2968,29.68,0
9771,0,1,3,4,14,True,106,8,254,2302,23.02,0
9772,0,1,3,4,20,True,52,8,233,2281,22.81,0
9773,0,1,1,4,28,False,56,6,37,1573,15.73,0
9774,0,1,3,4,33,False,156,4,167,1191,11.91,0
9775,0,1,3,4,33,True,156,4,151,1175,11.75,0
9776,0,1,3,4,23,False,194,4,242,1266,12.66,0
9777,0,1,3,4,29,True,194,15,13,3853,38.53,83
9778,0,-1,-1,-1,-1,True,-1,-1,-1,-1,-1.0,-1
9779,0,1,3,4,26,False,223,1,171,427,4.27,0
9780,0,1,3,4,27,False,224,3,163,931,9.31,0
9781,0,1,3,4,24,True,223,1,148,404,4.04,0
9782,0,1,3,4,25,True,223,3,144,912,9.12,0
9783,0,1,3,4,23,False,3,0,107,107,1.07,0
9784,0,1,3,4,19,True,235,11,0,2816,28.16,0
9785,0,1,3,4,22,False,205,7,197,1989,19.89,0
9786,0,1,3,4,12,True,205,7,175,1967,19.67,0
9787,0,1,3,4,17,False,212,14,59,3643,36.43,0
9788,0,1,3,4,29,True,212,14,39,3623,36.23,0
9789,0,1,3,4,19,False,121,10,155,2715,27.15,0
9790,0,1,3,4,20,False,14,4,0,1024,10.24,167772160
9791,0,-1,-1,-1,-1,True,-1,-1,-1,-1,-1.0,-1
9792,0,-1,-1,-1,-1,True,-1,-1,-1,-1,-1.0,-1
9793,0,-1,-1,-1,-1,True,-1,-1,-1,-1,-1.0,-1
9794,0,-1,-1,-1,-1,True,-1,-1,-1,-1,-1.0,-1
9795,0,-1,-1,-1,-1,True,-1,-1,-1,-1,-1.0,-1
9796,0,-1,-1,-1,-1,True,-1,-1,-1,-1,-1.0,-1
9797,0,1,3,4,27,True,244,7,177,1969,19.69,0
9798,0,1,3,4,29,False,207,0,179,179,1.79,0
9799,0,1,3,4,28,True,207,0,157,157,1.57,0
9800,0,1,3,4,17,False,127,6,90,1626,16.26,0
9801,0,1,3,4,18,False,125,5,83,1363,13.63,0
9802,0,1,3,4,22,True,127,6,68,1604,16.04,0
9803,0,1,3,4,23,True,125,8,28,2076,20.76,0
9804,0,1,3,5,30,False,7,5,28,1308,13.08,30
9805,0,1,3,2,2,False,26,2,118,630,6.3,0
9806,0,-1,-1,-1,-1,True,-1,-1,-1,-1,-1.0,-1
9807,0,-1,-1,-1,-1,True,-1,-1,-1,-1,-1.0,-1
9808,0,1,3,4,27,False,201,14,22,3606,36.06,0
9809,0,1,3,4,3,True,79,7,36,1828,18.28,0
9810,0,1,1,4,24,True,177,11,78,2894,28.94,0
9811,0,1,3,4,23,True,73,14,164,3748,37.48,0
9812,0,1,3,4,60,False,11,6,28,1564,15.64,0
9813,0,1,19,4,60,False,11,0,28,28,0.28,0
9814,0,1,0,4,41,True,6,7,28,1820,18.2,0
9815,0,1,19,5,41,True,9,5,0,1280,12.8,167772160
9816,0,15,0,0,0,False,0,0,10,10,0.1,445258753
9817,0,-1,-1,-1,-1,True,-1,-1,-1,-1,-1.0,-1
9818,0,1,3,4,18,False,189,8,175,2223,22.23,0
9819,0,1,3,4,16,True,189,8,154,2202,22.02,0
9820,0,1,3,4,30,True,197,11,161,2977,29.77,0
9821,0,1,3,4,13,False,195,0,180,180,1.8,0
9822,0,1,3,4,14,False,1,15,0,3840,38.4,167772160
9823,0,-1,-1,-1,-1,True,-1,-1,-1,-1,-1.0,-1
9824,0,116,0,0,0,False,0,0,10,10,0.1,798825473
9825,0,255,0,0,0,False,0,0,10,10,0.1,1779178497
9826,0,-1,-1,-1,-1,True,-1,-1,-1,-1,-1.0,-1
9827,0,-1,-1,-1,-1,True,-1,-1,-1,-1,-1.0,-1
9828,0,-1,-1,-1,-1,True,-1,-1,-1,-1,-1.0,-1
9829,0,-1,-1,-1,-1,True,-1,-1,-1,-1,-1.0,-1
9830,0,1,3,4,17,True,50,7,171,1963,19.63,0
9831,0,1,3,4,24,False,7,6,33,1569,15.69,0
9832,0,1,3,4,20,True,7,6,10,1546,15.46,0
9833,0,1,3,4,21,False,85,5,246,1526,15.26,0
9834,0,1,3,4,27,True,85,5,223,1503,15.03,0
9835,0,1,3,4,17,False,76,12,177,3249,32.49,0
9836,0,1,3,4,31,True,76,12,158,3230,32.3,0
9837,0,1,3,4,26,False,10,6,141,1677,16.77,0
9838,0,1,3,4,24,True,10,6,119,1655,16.55,0
9839,0,1,3,4,25,False,8,5,181,1461,14.61,0
9840,0,1,3,4,27,True,12,5,0,1280,12.8,167772160
9841,0,-1,-1,-1,-1,True,-1,-1,-1,-1,-1.0,-1
9842,0,43,0,0,0,False,0,0,10,10,0.1,0
9843,0,-1,-1,-1,-1,True,-1,-1,-1,-1,-1.0,-1
9844,0,-1,-1,-1,-1,True,-1,-1,-1,-1,-1.0,-1
9845,0,-1,-1,-1,-1,True,-1,-1,-1,-1,-1.0,-1
9846,0,-1,-1,-1,-1,True,-1,-1,-1,-1,-1.0,-1
9847,0,-1,-1,-1,-1,True,-1,-1,-1,-1,-1.0,-1
9848,0,-1,-1,-1,-1,True,-1,-1,-1,-1,-1.0,-1
9849,0,1,3,4,8,True,235,1,173,429,4.29,0
9850,0,1,3,4,18,False,91,10,223,2783,27.83,0
9851,0,1,3,4,29,False,148,8,27,2075,20.75,0
9852,0,1,3,4,6,True,148,8,5,2053,20.53,0
9853,0,1,3,4,26,False,196,6,240,1776,17.76,0
9854,0,1,3,4,28,True,196,4,238,1262,12.62,0
9855,0,1,3,4,23,True,161,15,42,3882,38.82,0
9856,0,1,1,4,20,True,118,4,221,1245,12.45,0
9857,0,1,3,4,13,True,91,12,86,3158,31.58,0
9858,0,1,3,4,44,False,11,14,28,3612,36.12,0
9859,0,1,1,6,43,False,6,10,28,2588,25.88,27545
9860,0,1,0,6,17,False,28,12,179,3251,32.51,0
9861,0,15,0,0,0,False,0,0,10,10,0.1,0
9862,0,-1,-1,-1,-1,True,-1,-1,-1,-1,-1.0,-1
9863,0,71,0,0,0,False,0,0,10,10,0.1,10165249
9864,0,47,0,0,0,False,0,0,10,10,0.1,1907713
9865,0,-1,-1,-1,-1,True,-1,-1,-1,-1,-1.0,-1
9866,0,-1,-1,-1,-1,True,-1,-1,-1,-1,-1.0,-1
9867,0,-1,-1,-1,-1,True,-1,-1,-1,-1,-1.0,-1
9868,0,1,3,4,30,False,235,3,84,852,8.52,0
9869,0,1,3,4,29,True,235,3,67,835,8.35,0
9870,0,1,3,4,32,False,191,6,251,1787,17.87,0
9871,0,1,2,4,24,False,45,12,0,3072,30.72,0
9872,0,1,3,4,15,True,191,6,228,1764,17.64,0
9873,0,1,2,4,29,True,45,11,238,3054,30.54,0
9874,0,1,2,4,17,False,100,6,194,1730,17.3,0
9875,0,1,2,4,17,True,50,2,58,570,5.7,0
9876,0,1,3,4,6,True,12,8,28,2076,20.76,0
9877,0,1,17,5,6,True,35,6,28,1564,15.64,0
9878,0,-1,-1,-1,-1,True,-1,-1,-1,-1,-1.0,-1
9879,0,50,0,0,0,False,0,0,10,10,0.1,2073762817
9880,0,-1,-1,-1,-1,True,-1,-1,-1,-1,-1.0,-1
9881,0,-1,-1,-1,-1,True,-1,-1,-1,-1,-1.0,-1
9882,0,-1,-1,-1,-1,True,-1,-1,-1,-1,-1.0,-1
9883,0,1,3,4,0,False,2,15,193,4033,40.33,0
9884,0,1,3,4,34,True,2,15,169,4009,40.09,0
9885,0,1,3,4,15,False,120,10,84,2644,26.44,0
9886,0,1,3,4,23,True,120,10,61,2621,26.21,0
9887,0,1,3,4,9,False,98,1,10,266,2.66,0
9888,0,1,3,4,4,True,98,12,193,3265,32.65,0
9889,0,1,3,4,13,False,28,12,206,3278,32.78,0
9890,0,1,3,4,27,True,28,12,185,3257,32.57,0
9891,0,1,3,4,29,False,103,0,24,24,0.24,0
9892,0,1,3,4,22,True,103,0,0,0,0.0,0
9893,0,1,3,4,2,False,169,12,175,3247,32.47,0
9894,0,1,3,4,29,True,169,3,10,778,7.78,155
9895,0,-1,-1,-1,-1,True,-1,-1,-1,-1,-1.0,-1
9896,0,1,3,4,19,True,115,10,134,2694,26.94,0
9897,0,1,3,4,31,False,124,12,72,3144,31.44,0
9898,0,1,3,4,28,True,124,12,51,3123,31.23,0
9899,0,1,3,4,31,False,249,7,175,1967,19.67,0
9900,0,1,3,4,18,True,249,7,154,1946,19.46,0
9901,0,1,3,4,12,False,182,12,211,3283,32.83,0
9902,0,1,3,4,13,True,182,12,188,3260,32.6,0
9903,0,1,3,4,29,False,148,12,238,3310,33.1,0
9904,0,1,3,4,17,True,148,12,214,3286,32.86,0
9905,0,1,3,4,18,False,96,0,188,188,1.88,0
9906,0,1,3,4,19,False,97,1,192,448,4.48,0
9907,0,1,3,4,31,True,96,1,175,431,4.31,0
9908,0,1,3,4,33,True,96,0,169,169,1.69,0
9909,0,1,3,4,11,False,6,15,156,3996,39.96,0
9910,0,1,2,4,27,False,172,12,63,3135,31.35,0
9911,0,1,2,4,8,True,172,12,45,3117,31.17,0
9912,0,1,3,4,0,False,5,7,230,2022,20.22,0
9913,0,1,1,4,16,False,8,1,10,266,2.66,7368
9914,0,-1,-1,-1,-1,True,-1,-1,-1,-1,-1.0,-1
9915,0,-1,-1,-1,-1,True,-1,-1,-1,-1,-1.0,-1
9916,0,1,19,0,0,False,0,0,0,0,0.0,0
9917,0,1,4,0,0,False,0,0,0,0,0.0,0
9918,0,1,1,2,51,True,28,0,0,0,0.0,0
9919,0,1,19,2,44,False,3,0,0,0,0.0,0
9920,0,1,20,5,28,False,11,10,7,2567,25.67,14
9921,0,1,3,4,27,True,42,6,248,1784,17.84,0
9922,0,1,3,4,21,False,44,3,7,775,7.75,0
9923,0,1,3,4,23,True,44,2,240,752,7.52,0
9924,0,1,3,4,18,False,172,15,46,3886,38.86,0
9925,0,1,3,4,20,True,172,15,24,3864,38.64,0
9926,0,1,3,4,22,False,155,15,77,3917,39.17,0
9927,0,1,3,4,12,True,155,10,59,2619,26.19,0
9928,0,1,3,4,10,False,246,14,198,3782,37.82,0
9929,0,1,3,4,11,False,247,4,12,1036,10.36,209
9930,0,-1,-1,-1,-1,True,-1,-1,-1,-1,-1.0,-1
9931,0,1,2,4,26,False,61,12,174,3246,32.46,0
9932,0,1,3,4,25,False,220,1,133,389,3.89,0
9933,0,1,2,4,30,True,61,12,155,3227,32.27,0
9934,0,1,3,4,45,False,0,1,0,256,2.56,167772160
9935,0,-1,-1,-1,-1,True,-1,-1,-1,-1,-1.0,-1
9936,0,-1,-1,-1,-1,True,-1,-1,-1,-1,-1.0,-1
9937,0,-1,-1,-1,-1,True,-1,-1,-1,-1,-1.0,-1
9938,0,-1,-1,-1,-1,True,-1,-1,-1,-1,-1.0,-1
9939,0,-1,-1,-1,-1,True,-1,-1,-1,-1,-1.0,-1
9940,0,-1,-1,-1,-1,True,-1,-1,-1,-1,-1.0,-1
9941,0,1,3,4,25,False,158,14,86,3670,36.7,0
9942,0,1,3,4,23,True,158,14,64,3648,36.48,0
9943,0,1,3,4,9,False,197,11,61,2877,28.77,0
9944,0,1,3,4,32,True,197,11,43,2859,28.59,0
9945,0,1,3,4,30,False,179,8,210,2258,22.58,0
9946,0,1,3,4,34,True,179,8,184,2232,22.32,0
9947,0,1,3,4,29,False,128,1,41,297,2.97,0
9948,0,1,3,4,27,True,152,4,199,1223,12.23,0
9949,0,1,3,4,30,True,152,4,177,1201,12.01,0
9950,0,1,3,4,30,False,63,11,237,3053,30.53,0
9951,0,1,3,4,26,True,63,11,213,3029,30.29,0
9952,0,1,1,4,31,False,28,8,143,2191,21.91,45833
9953,0,-1,-1,-1,-1,True,-1,-1,-1,-1,-1.0,-1
9954,0,-1,-1,-1,-1,True,-1,-1,-1,-1,-1.0,-1
9955,0,1,1,4,18,True,147,3,159,927,9.27,0
9956,0,1,3,4,26,True,143,9,157,2461,24.61,0
9957,0,1,1,4,26,False,147,6,163,1699,16.99,0
9958,0,1,3,4,32,True,123,2,76,588,5.88,0
9959,0,1,1,4,19,True,147,6,136,1672,16.72,0
9960,0,1,3,4,22,False,17,0,119,119,1.19,0
9961,0,1,3,4,22,True,17,0,100,100,1.0,0
9962,0,1,3,4,20,True,151,5,11,1291,12.91,0
9963,0,1,3,4,24,False,126,9,1,2305,23.05,0
9964,0,1,3,4,23,True,126,8,234,2282,22.82,0
9965,0,1,3,4,26,False,186,5,4,1284,12.84,0
9966,0,1,3,4,27,True,186,4,238,1262,12.62,0
9967,0,1,3,4,29,False,230,0,11,11,0.11,0
9968,0,1,3,4,20,True,230,15,243,4083,40.83,0
9969,0,1,3,4,21,False,12,0,20,20,0.2,0
9970,0,1,3,4,23,False,13,14,67,3651,36.51,0
9971,0,1,3,4,31,True,6,11,0,2816,28.16,167772160
9972,0,-1,-1,-1,-1,True,-1,-1,-1,-1,-1.0,-1
9973,0,-1,-1,-1,-1,True,-1,-1,-1,-1,-1.0,-1
9974,0,-1,-1,-1,-1,True,-1,-1,-1,-1,-1.0,-1
9975,0,1,3,4,25,True,22,4,64,1088,10.88,0
9976,0,1,3,4,26,False,247,1,69,325,3.25,0
9977,0,1,3,4,22,True,247,1,47,303,3.03,0
9978,0,1,3,4,13,False,213,4,181,1205,12.05,0
9979,0,1,3,4,12,True,213,8,24,2072,20.72,0
9980,0,1,3,4,23,False,146,2,69,581,5.81,0
9981,0,1,2,4,14,False,108,0,65,65,0.65,0
9982,0,1,3,4,22,True,183,9,62,2366,23.66,0
9983,0,1,3,4,19,True,183,9,42,2346,23.46,0
9984,0,1,3,4,28,False,249,10,82,2642,26.42,0
9985,0,1,3,4,20,True,249,10,59,2619,26.19,0
9986,0,1,1,4,24,False,28,0,176,176,1.76,387755008
9987,0,-1,-1,-1,-1,True,-1,-1,-1,-1,-1.0,-1
9988,0,-1,-1,-1,-1,True,-1,-1,-1,-1,-1.0,-1
9989,0,-1,-1,-1,-1,True,-1,-1,-1,-1,-1.0,-1
9990,0,-1,-1,-1,-1,True,-1,-1,-1,-1,-1.0,-1
9991,0,1,8,7,15,False,29,12,151,3223,32.23,659271
9992,0,1,3,4,11,False,129,10,75,2635,26.35,0
9993,0,1,3,4,22,True,129,10,51,2611,26.11,0
9994,0,1,3,4,27,False,217,7,245,2037,20.37,0
9995,0,1,3,4,20,True,217,7,219,2011,20.11,0
9996,0,1,3,4,27,False,154,10,13,2573,25.73,85
9997,0,-1,-1,-1,-1,True,-1,-1,-1,-1,-1.0,-1
9998,0,1,3,4,11,False,173,11,140,2956,29.56,0
9999,0,1,1,4,10,True,154,13,66,3394,33.94,0
10000,0,1,3,4,11,False,115,4,30,1054,10.54,0
10001,0,1,4,5,20,False,158,5,5,1285,12.85,212
10002,0,1,3,4,33,False,191,1,69,325,3.25,0
10003,0,1,3,4,20,True,191,1,48,304,3.04,0
10004,0,1,3,4,9,False,225,11,233,3049,30.49,0
10005,0,1,3,4,13,True,225,3,2,770,7.7,198
10006,0,-1,-1,-1,-1,True,-1,-1,-1,-1,-1.0,-1
10007,0,1,3,4,9,True,220,13,213,3541,35.41,0
10008,0,1,3,4,24,False,220,7,183,1975,19.75,0
10009,0,1,3,4,23,False,221,13,85,3413,34.13,0
10010,0,1,3,4,8,True,220,13,76,3404,34.04,0
10011,0,1,3,4,29,True,229,12,9,3081,30.81,210
10012,0,-1,-1,-1,-1,True,-1,-1,-1,-1,-1.0,-1
10013,0,1,3,4,20,False,153,0,165,165,1.65,0
10014,0,1,3,4,33,True,123,5,148,1428,14.28,0
10015,0,1,3,4,31,False,192,10,235,2795,27.95,0
10016,0,1,3,4,18,True,13,14,0,3584,35.84,167772160
10017,0,-1,-1,-1,-1,True,-1,-1,-1,-1,-1.0,-1
10018,0,166,0,0,0,False,0,0,10,10,0.1,3499105281
10019,0,-1,-1,-1,-1,True,-1,-1,-1,-1,-1.0,-1
10020,0,-1,-1,-1,-1,True,-1,-1,-1,-1,-1.0,-1
10021,0,-1,-1,-1,-1,True,-1,-1,-1,-1,-1.0,-1
10022,0,1,3,4,21,False,207,3,106,874,8.74,0
10023,0,1,3,4,15,True,207,3,82,850,8.5,0
10024,0,1,3,4,23,False,56,1,153,409,4.09,0
10025,0,1,3,4,29,True,56,1,132,388,3.88,0
10026,0,1,3,4,15,False,199,5,173,1453,14.53,0
10027,0,1,3,4,13,False,197,10,20,2580,25.8,0
10028,0,1,3,4,14,False,197,8,190,2238,22.38,0
10029,0,1,3,4,18,True,197,10,6,2566,25.66,0
10030,0,1,3,4,7,False,3,12,0,3072,30.72,167772160
10031,0,-1,-1,-1,-1,True,-1,-1,-1,-1,-1.0,-1
10032,0,-1,-1,-1,-1,True,-1,-1,-1,-1,-1.0,-1
10033,0,-1,-1,-1,-1,True,-1,-1,-1,-1,-1.0,-1
10034,0,-1,-1,-1,-1,True,-1,-1,-1,-1,-1.0,-1
10035,0,-1,-1,-1,-1,True,-1,-1,-1,-1,-1.0,-1
10036,0,-1,-1,-1,-1,True,-1,-1,-1,-1,-1.0,-1
10037,0,1,3,4,26,True,240,1,24,280,2.8,0
10038,0,1,3,4,24,False,32,15,249,4089,40.89,0
10039,0,1,3,4,24,True,32,15,230,4070,40.7,0
10040,0,1,1,4,27,False,115,0,19,19,0.19,0
10041,0,1,3,4,5,True,101,13,75,3403,34.03,0
10042,0,1,1,4,26,False,5,6,0,1536,15.36,167772160
10043,0,-1,-1,-1,-1,True,-1,-1,-1,-1,-1.0,-1
10044,0,13,0,0,0,False,0,0,10,10,0.1,7169
10045,0,154,1,6,24,False,0,0,0,0,0.0,0
10046,0,1,3,4,20,True,154,14,3,3587,35.87,0
10047,0,1,3,4,25,False,116,12,105,3177,31.77,0
10048,0,1,3,4,21,True,116,12,84,3156,31.56,0
10049,0,1,3,4,17,False,214,5,39,1319,13.19,0
10050,0,1,3,4,20,True,214,5,18,1298,12.98,0
10051,0,1,3,4,15,False,214,11,3,2819,28.19,134
10052,0,-1,-1,-1,-1,True,-1,-1,-1,-1,-1.0,-1
10053,0,1,2,4,33,False,51,2,81,593,5.93,0
10054,0,1,2,4,31,True,51,2,61,573,5.73,0
10055,0,1,3,4,21,False,238,0,142,142,1.42,0
10056,0,1,3,4,22,True,238,0,118,118,1.18,0
10057,0,1,3,4,33,False,175,1,134,390,3.9,0
10058,0,1,3,4,23,True,175,1,113,369,3.69,0
10059,0,1,3,4,26,False,230,4,71,1095,10.95,0
10060,0,1,3,4,23,True,179,11,183,2999,29.99,0
10061,0,1,3,4,3,False,233,15,87,3927,39.27,0
10062,0,1,3,4,28,True,233,15,65,3905,39.05,0
10063,0,1,3,4,24,False,241,13,127,3455,34.55,0
10064,0,1,3,4,13,True,241,13,106,3434,34.34,0
10065,0,1,3,4,30,False,101,8,212,2260,22.6,0
10066,0,1,3,4,32,False,100,10,133,2693,26.93,0
10067,0,1,3,4,24,True,100,10,110,2670,26.7,0
10068,0,1,3,4,26,True,13,13,0,3328,33.28,167772160
10069,0,-1,-1,-1,-1,True,-1,-1,-1,-1,-1.0,-1
10070,0,-1,-1,-1,-1,True,-1,-1,-1,-1,-1.0,-1
10071,0,238,0,0,0,False,0,0,10,10,0.1,1268915201
10072,0,-1,-1,-1,-1,True,-1,-1,-1,-1,-1.0,-1
10073,0,-1,-1,-1,-1,True,-1,-1,-1,-1,-1.0,-1
10074,0,1,3,4,19,False,131,3,167,935,9.35,0
10075,0,1,3,4,31,True,131,3,150,918,9.18,0
10076,0,1,3,4,32,False,186,1,80,336,3.36,0
10077,0,1,3,4,7,True,186,1,58,314,3.14,0
10078,0,1,3,4,21,False,24,2,92,604,6.04,0
10079,0,1,3,4,22,False,22,6,15,1551,15.51,195824924
10080,0,-1,-1,-1,-1,True,-1,-1,-1,-1,-1.0,-1
10081,0,-1,-1,-1,-1,True,-1,-1,-1,-1,-1.0,-1
10082,0,-1,-1,-1,-1,True,-1,-1,-1,-1,-1.0,-1
10083,0,-1,-1,-1,-1,True,-1,-1,-1,-1,-1.0,-1
10084,0,1,18,1,28,False,0,0,0,0,0.0,0
10085,0,1,20,1,44,True,0,0,0,0,0.0,0
10086,0,-1,-1,-1,-1,True,-1,-1,-1,-1,-1.0,-1
10087,0,-1,-1,-1,-1,True,-1,-1,-1,-1,-1.0,-1
10088,0,1,3,4,33,False,241,5,242,1522,15.22,0
10089,0,1,3,4,16,True,241,5,222,1502,15.02,0
10090,0,1,3,4,3,False,43,7,100,1892,18.92,0
10091,0,1,3,4,22,True,43,7,76,1868,18.68,0
10092,0,1,3,4,16,False,206,14,236,3820,38.2,0
10093,0,1,3,4,21,True,206,12,5,3077,30.77,101
10094,0,-1,-1,-1,-1,True,-1,-1,-1,-1,-1.0,-1
10095,0,1,3,4,20,True,60,5,81,1361,13.61,0
10096,0,1,3,4,32,False,43,3,7,775,7.75,0
10097,0,1,3,4,33,False,44,4,225,1249,12.49,0
10098,0,1,3,4,20,True,43,4,231,1255,12.55,0
10099,0,1,3,4,28,False,20,4,1,1025,10.25,155
10100,0,-1,-1,-1,-1,True,-1,-1,-1,-1,-1.0,-1
10101,0,1,3,4,5,False,110,15,82,3922,39.22,0
10102,0,1,3,4,9,True,110,15,61,3901,39.01,0
10103,0,1,3,4,25,False,159,1,59,315,3.15,0
10104,0,1,3,4,32,True,158,1,41,297,2.97,0
10105,0,1,3,4,20,False,93,14,138,3722,37.22,0
10106,0,1,3,4,14,True,230,11,244,3060,30.6,0
10107,0,1,3,4,16,False,230,14,128,3712,37.12,0
10108,0,1,3,4,14,False,229,4,206,1230,12.3,0
10109,0,1,3,4,30,True,229,14,106,3690,36.9,0
10110,0,1,3,4,31,True,60,0,27,27,0.27,0
10111,0,1,2,4,31,False,100,0,1,1,0.01,0
10112,0,1,3,4,25,False,69,13,94,3422,34.22,0
10113,0,1,2,4,23,True,100,15,236,4076,40.76,0
10114,0,1,3,4,28,False,140,1,1,257,2.57,123
10115,0,-1,-1,-1,-1,True,-1,-1,-1,-1,-1.0,-1
10116,0,1,3,4,32,False,145,11,50,2866,28.66,0
10117,0,1,3,4,24,True,145,11,27,2843,28.43,0
10118,0,1,3,4,22,False,52,1,130,386,3.86,0
10119,0,1,3,4,20,True,52,1,108,364,3.64,0
10120,0,1,3,4,32,False,96,0,111,111,1.11,0
10121,0,1,3,4,25,True,96,0,88,88,0.88,0
10122,0,1,3,4,30,False,147,8,114,2162,21.62,0
10123,0,1,3,4,27,True,118,8,93,2141,21.41,0
10124,0,1,2,4,5,False,173,9,192,2496,24.96,0
10125,0,1,3,4,15,False,26,14,238,3822,38.22,0
10126,0,1,3,4,22,True,26,14,217,3801,38.01,0
10127,0,1,3,4,23,False,13,12,0,3072,30.72,167772160
10128,0,-1,-1,-1,-1,True,-1,-1,-1,-1,-1.0,-1
10129,0,183,0,0,0,False,0,0,10,10,0.1,1762728961
10130,0,-1,-1,-1,-1,True,-1,-1,-1,-1,-1.0,-1
10131,0,-1,-1,-1,-1,True,-1,-1,-1,-1,-1.0,-1
10132,0,-1,-1,-1,-1,True,-1,-1,-1,-1,-1.0,-1
10133,0,1,3,4,32,True,105,10,12,2572,25.72,0
10134,0,1,3,4,33,False,192,11,155,2971,29.71,0
10135,0,1,3,4,18,True,192,11,135,2951,29.51,0
10136,0,1,3,4,28,False,10,6,8,1544,15.44,185
10137,0,-1,-1,-1,-1,True,-1,-1,-1,-1,-1.0,-1
10138,0,1,3,4,15,True,131,9,199,2503,25.03,0
10139,0,1,1,4,5,True,70,8,167,2215,22.15,0
10140,0,1,3,4,23,True,109,1,232,488,4.88,0
10141,0,1,3,4,6,False,74,12,144,3216,32.16,0
10142,0,1,6,7,6,False,55,12,26,3098,30.98,10355594
10143,0,1,3,4,21,True,138,3,136,904,9.04,0
10144,0,1,3,4,24,True,0,15,209,4049,40.49,0
10145,0,1,3,4,17,False,0,4,42,1066,10.66,0
10146,0,1,3,4,26,True,12,7,0,1792,17.92,167772160
10147,0,-1,-1,-1,-1,True,-1,-1,-1,-1,-1.0,-1
10148,0,178,0,0,0,False,0,0,10,10,0.1,2569018369
10149,0,139,3,4,5,False,87,0,0,0,0.0,17563648
10150,0,117,1,2,26,True,0,0,0,0,0.0,469830144
10151,0,-1,-1,-1,-1,True,-1,-1,-1,-1,-1.0,-1
10152,0,-1,-1,-1,-1,True,-1,-1,-1,-1,-1.0,-1
10153,0,-1,-1,-1,-1,True,-1,-1,-1,-1,-1.0,-1
10154,0,-1,-1,-1,-1,True,-1,-1,-1,-1,-1.0,-1
10155,0,1,3,4,30,False,173,6,110,1646,16.46,0
10156,0,1,3,4,13,True,173,6,86,1622,16.22,0
10157,0,1,3,4,21,False,235,1,77,333,3.33,0
10158,0,1,3,4,29,False,164,6,209,1745,17.45,0
10159,0,1,3,4,30,False,163,15,158,3998,39.98,0
10160,0,1,3,4,28,False,195,15,98,3938,39.38,0
10161,0,1,3,4,14,True,195,13,1,3329,33.29,18
10162,0,-1,-1,-1,-1,True,-1,-1,-1,-1,-1.0,-1
10163,0,1,3,4,28,True,13,11,80,2896,28.96,0
10164,0,1,3,4,29,True,13,0,254,254,2.54,0
10165,0,1,3,4,23,False,243,5,227,1507,15.07,0
10166,0,1,3,4,18,True,245,0,164,164,1.64,0
10167,0,1,3,4,13,True,246,13,214,3542,35.42,0
10168,0,1,3,4,30,False,11,14,0,3584,35.84,167772160
10169,0,-1,-1,-1,-1,True,-1,-1,-1,-1,-1.0,-1
10170,0,168,0,0,0,False,0,0,10,10,0.1,588782593
10171,0,-1,-1,-1,-1,True,-1,-1,-1,-1,-1.0,-1
10172,0,-1,-1,-1,-1,True,-1,-1,-1,-1,-1.0,-1
10173,0,-1,-1,-1,-1,True,-1,-1,-1,-1,-1.0,-1
10174,0,-1,-1,-1,-1,True,-1,-1,-1,-1,-1.0,-1
10175,0,1,3,4,27,True,34,8,233,2281,22.81,0
10176,0,1,2,4,20,False,184,8,6,2054,20.54,252
10177,0,-1,-1,-1,-1,True,-1,-1,-1,-1,-1.0,-1
10178,0,1,3,4,34,True,120,6,227,1763,17.63,0
10179,0,1,3,4,22,False,33,4,28,1052,10.52,61075
10180,0,-1,-1,-1,-1,True,-1,-1,-1,-1,-1.0,-1
10181,0,-1,-1,-1,-1,True,-1,-1,-1,-1,-1.0,-1
10182,0,-1,-1,-1,-1,True,-1,-1,-1,-1,-1.0,-1
10183,0,1,29,6,28,False,25,1,14,270,2.7,7380
10184,0,1,19,6,1,True,14,15,28,3868,38.68,29472
10185,0,1,1,5,48,False,1,9,0,2304,23.04,167772160
10186,0,-1,-1,-1,-1,True,-1,-1,-1,-1,-1.0,-1
10187,0,-1,-1,-1,-1,True,-1,-1,-1,-1,-1.0,-1
10188,0,-1,-1,-1,-1,True,-1,-1,-1,-1,-1.0,-1
10189,0,-1,-1,-1,-1,True,-1,-1,-1,-1,-1.0,-1
10190,0,-1,-1,-1,-1,True,-1,-1,-1,-1,-1.0,-1
10191,0,1,3,4,23,False,160,11,54,2870,28.7,0
10192,0,1,3,4,25,True,160,11,30,2846,28.46,0
10193,0,1,3,4,29,False,131,5,4,1284,12.84,123
10194,0,-1,-1,-1,-1,True,-1,-1,-1,-1,-1.0,-1
10195,0,1,3,4,26,True,165,4,102,1126,11.26,0
10196,0,1,3,4,32,False,201,2,157,669,6.69,0
10197,0,1,3,4,24,True,201,2,135,647,6.47,0
10198,0,1,3,4,26,False,238,10,88,2648,26.48,0
10199,0,1,3,4,27,False,238,1,25,281,2.81,0
10200,0,1,8,4,26,False,145,4,28,1052,10.52,0
10201,0,1,23,6,4,False,90,0,109,109,1.09,0
10202,0,-1,-1,-1,-1,True,-1,-1,-1,-1,-1.0,-1
10203,0,-1,-1,-1,-1,True,-1,-1,-1,-1,-1.0,-1
10204,0,-1,-1,-1,-1,True,-1,-1,-1,-1,-1.0,-1
10205,0,-1,-1,-1,-1,True,-1,-1,-1,-1,-1.0,-1
10206,0,-1,-1,-1,-1,True,-1,-1,-1,-1,-1.0,-1
10207,0,1,3,4,31,False,137,1,132,388,3.88,0
10208,0,1,3,4,18,True,137,1,112,368,3.68,0
10209,0,1,3,4,31,False,121,3,252,1020,10.2,0
10210,0,1,2,4,19,False,140,9,27,2331,23.31,0
10211,0,1,3,4,33,True,121,3,232,1000,10.0,0
10212,0,1,2,4,13,True,140,9,9,2313,23.13,0
10213,0,1,3,4,24,False,58,2,147,659,6.59,0
10214,0,1,3,4,2,False,126,12,20,3092,30.92,0
10215,0,1,1,4,28,False,253,5,15,1295,12.95,74
10216,0,-1,-1,-1,-1,True,-1,-1,-1,-1,-1.0,-1
10217,0,1,3,4,24,False,147,3,122,890,8.9,0
10218,0,1,3,4,17,True,147,3,98,866,8.66,0
10219,0,1,3,4,20,False,152,3,130,898,8.98,0
10220,0,1,3,4,33,True,152,3,107,875,8.75,0
10221,0,1,3,4,20,True,35,4,55,1079,10.79,0
10222,0,1,3,4,22,False,30,12,235,3307,33.07,0
10223,0,1,3,4,21,True,30,9,199,2503,25.03,0
10224,0,1,3,4,25,False,103,14,211,3795,37.95,0
10225,0,1,3,4,11,True,103,14,189,3773,37.73,0
10226,0,1,3,4,19,False,240,12,62,3134,31.34,0
10227,0,1,3,4,24,True,240,12,41,3113,31.13,0
10228,0,1,3,4,26,False,143,13,170,3498,34.98,0
10229,0,1,3,4,23,False,143,7,144,1936,19.36,0
10230,0,1,3,4,29,True,143,7,123,1915,19.15,0
10231,0,1,3,4,19,False,253,15,171,4011,40.11,0
10232,0,1,3,4,20,False,1,4,0,1024,10.24,167772160
10233,0,-1,-1,-1,-1,True,-1,-1,-1,-1,-1.0,-1
10234,0,153,0,0,0,False,0,0,10,10,0.1,3315276801
10235,0,-1,-1,-1,-1,True,-1,-1,-1,-1,-1.0,-1
10236,0,-1,-1,-1,-1,True,-1,-1,-1,-1,-1.0,-1
10237,0,-1,-1,-1,-1,True,-1,-1,-1,-1,-1.0,-1
10238,0,-1,-1,-1,-1,True,-1,-1,-1,-1,-1.0,-1
10239,0,1,3,4,16,False,74,6,224,1760,17.6,0
10240,0,1,3,4,28,True,74,6,202,1738,17.38,0
10241,0,1,3,4,28,False,92,8,48,2096,20.96,0
10242,0,1,3,4,19,True,92,8,8,2056,20.56,205
10243,0,-1,-1,-1,-1,True,-1,-1,-1,-1,-1.0,-1
10244,0,1,3,4,25,False,67,2,42,554,5.54,0
10245,0,1,3,4,30,True,67,2,21,533,5.33,0
10246,0,1,3,4,11,False,191,2,216,728,7.28,0
10247,0,1,3,4,20,True,2,6,0,1536,15.36,167772160
10248,0,-1,-1,-1,-1,True,-1,-1,-1,-1,-1.0,-1
10249,0,202,0,0,0,False,0,0,10,10,0.1,3398310913
10250,0,-1,-1,-1,-1,True,-1,-1,-1,-1,-1.0,-1
10251,0,-1,-1,-1,-1,True,-1,-1,-1,-1,-1.0,-1
10252,0,-1,-1,-1,-1,True,-1,-1,-1,-1,-1.0,-1
10253,0,1,3,4,32,False,230,0,102,102,1.02,0
10254,0,1,3,4,27,True,44,11,201,3017,30.17,0
10255,0,1,3,4,19,False,162,0,224,224,2.24,0
10256,0,1,3,4,21,True,162,0,205,205,2.05,0
10257,0,1,3,4,2,False,147,0,54,54,0.54,0
10258,0,1,3,4,34,True,147,4,88,1112,11.12,0
10259,0,1,3,4,24,False,122,14,78,3662,36.62,0
10260,0,1,3,4,25,False,119,15,89,3929,39.29,0
10261,0,1,3,4,30,True,119,15,68,3908,39.08,0
10262,0,1,3,4,31,True,122,14,58,3642,36.42,0
10263,0,1,3,4,12,False,116,1,92,348,3.48,0
10264,0,1,3,4,3,True,116,1,72,328,3.28,0
10265,0,1,3,4,29,False,10,9,175,2479,24.79,0
10266,0,1,3,4,32,True,12,2,0,512,5.12,167772160
10267,0,-1,-1,-1,-1,True,-1,-1,-1,-1,-1.0,-1
10268,0,203,0,0,0,False,0,0,10,10,0.1,378674177
10269,0,-1,-1,-1,-1,True,-1,-1,-1,-1,-1.0,-1
10270,0,-1,-1,-1,-1,True,-1,-1,-1,-1,-1.0,-1
10271,0,1,3,4,28,False,22,9,235,2539,25.39,0
10272,0,1,3,4,17,True,21,9,211,2515,25.15,0
10273,0,1,3,4,23,False,222,8,6,2054,20.54,0
10274,0,1,3,4,34,True,222,7,240,2032,20.32,0
10275,0,1,3,4,31,True,44,12,153,3225,32.25,0
10276,0,1,3,4,27,False,44,3,14,782,7.82,0
10277,0,1,3,4,28,True,93,13,218,3546,35.46,0
10278,0,1,3,4,23,False,114,11,217,3033,30.33,0
10279,0,1,3,4,12,True,11,1,0,256,2.56,167772160
10280,0,-1,-1,-1,-1,True,-1,-1,-1,-1,-1.0,-1
10281,0,173,0,0,0,False,0,0,10,10,0.1,1662917633
10282,0,-1,-1,-1,-1,True,-1,-1,-1,-1,-1.0,-1
10283,0,-1,-1,-1,-1,True,-1,-1,-1,-1,-1.0,-1
10284,0,-1,-1,-1,-1,True,-1,-1,-1,-1,-1.0,-1
10285,0,-1,-1,-1,-1,True,-1,-1,-1,-1,-1.0,-1
10286,0,1,3,4,30,True,99,7,88,1880,18.8,0
10287,0,1,3,4,19,False,175,15,84,3924,39.24,0
10288,0,1,3,4,21,True,175,15,64,3904,39.04,0
10289,0,1,3,4,23,False,83,9,216,2520,25.2,0
10290,0,1,3,4,30,True,5,9,195,2499,24.99,0
10291,0,1,3,4,33,False,51,12,146,3218,32.18,0
10292,0,1,3,4,26,True,51,12,126,3198,31.98,0
10293,0,1,3,4,18,False,105,2,25,537,5.37,0
10294,0,1,3,4,12,True,105,2,4,516,5.16,0
10295,0,1,3,4,21,False,237,11,123,2939,29.39,0
10296,0,1,3,4,22,False,236,13,33,3361,33.61,0
10297,0,1,3,4,9,True,236,13,11,3339,33.39,0
10298,0,1,3,4,10,True,236,11,100,2916,29.16,0
10299,0,1,3,4,22,False,89,0,0,0,0.0,0
10300,0,1,3,4,24,True,89,15,232,4072,40.72,0
10301,0,1,3,4,11,False,196,11,160,2976,29.76,0
10302,0,1,3,4,10,False,194,2,114,626,6.26,0
10303,0,1,3,4,31,True,194,2,92,604,6.04,0
10304,0,1,3,4,7,False,139,13,19,3347,33.47,0
10305,0,1,3,4,5,False,141,1,219,475,4.75,0
10306,0,1,3,5,13,True,1,11,4,2820,28.2,6
10307,0,1,2,4,24,False,64,14,89,3673,36.73,0
10308,0,1,3,4,3,False,162,4,137,1161,11.61,0
10309,0,1,3,4,19,True,30,14,222,3806,38.06,0
10310,0,1,3,4,24,False,86,2,135,647,6.47,0
10311,0,1,3,4,31,True,246,13,102,3430,34.3,0
10312,0,1,3,4,30,False,53,11,228,3044,30.44,0
10313,0,1,3,4,18,True,53,11,206,3022,30.22,0
10314,0,1,3,4,28,False,140,13,30,3358,33.58,0
10315,0,1,3,4,33,True,140,13,7,3335,33.35,0
10316,0,1,3,4,24,False,50,9,80,2384,23.84,0
10317,0,1,3,4,25,False,178,14,96,3680,36.8,0
10318,0,1,3,4,30,True,178,14,74,3658,36.58,0
10319,0,1,3,4,24,False,121,13,204,3532,35.32,0
10320,0,1,3,4,25,False,121,14,213,3797,37.97,0
10321,0,1,3,4,14,True,121,14,191,3775,37.75,0
10322,0,1,3,4,32,False,225,13,216,3544,35.44,0
10323,0,1,3,4,26,True,142,3,8,776,7.76,0
10324,0,1,3,4,22,False,224,0,43,43,0.43,0
10325,0,1,3,4,23,False,223,1,196,452,4.52,0
10326,0,1,3,4,22,True,223,1,174,430,4.3,0
10327,0,1,3,4,23,True,224,0,21,21,0.21,0
10328,0,1,3,4,15,False,49,13,237,3565,35.65,0
10329,0,1,3,4,30,True,255,1,101,357,3.57,0
10330,0,1,3,4,12,False,97,1,17,273,2.73,0
10331,0,1,3,4,18,True,96,0,252,252,2.52,0
10332,0,1,3,4,15,False,29,5,228,1508,15.08,0
10333,0,1,2,4,4,False,245,10,191,2751,27.51,0
10334,0,1,3,4,24,True,29,0,13,13,0.13,178
10335,0,-1,-1,-1,-1,True,-1,-1,-1,-1,-1.0,-1
10336,0,1,3,4,16,False,182,7,239,2031,20.31,0
10337,0,1,3,4,29,True,182,7,217,2009,20.09,0
10338,0,1,3,4,31,False,221,15,13,3853,38.53,0
10339,0,1,3,4,24,True,221,14,238,3822,38.22,0
10340,0,1,3,4,25,True,221,13,184,3512,35.12,0
10341,0,1,3,4,30,False,201,4,19,1043,10.43,0
10342,0,1,3,4,20,True,201,3,250,1018,10.18,0
10343,0,1,3,4,34,True,57,10,169,2729,27.29,0
10344,0,1,3,4,30,False,55,1,222,478,4.78,0
10345,0,1,3,4,33,True,55,1,200,456,4.56,0
10346,0,1,3,4,21,True,101,11,125,2941,29.41,0
10347,0,1,3,4,15,False,10,1,0,256,2.56,167772160
10348,0,-1,-1,-1,-1,True,-1,-1,-1,-1,-1.0,-1
10349,0,11,0,0,0,False,0,0,10,10,0.1,3858766849
10350,0,121,0,0,0,False,0,0,10,10,0.1,782310401
10351,0,-1,-1,-1,-1,True,-1,-1,-1,-1,-1.0,-1
10352,0,-1,-1,-1,-1,True,-1,-1,-1,-1,-1.0,-1
10353,0,-1,-1,-1,-1,True,-1,-1,-1,-1,-1.0,-1
10354,0,-1,-1,-1,-1,True,-1,-1,-1,-1,-1.0,-1
10355,0,1,3,4,12,False,43,15,122,3962,39.62,0
10356,0,1,3,4,23,True,43,15,101,3941,39.41,0
10357,0,1,3,4,28,False,116,10,147,2707,27.07,0
10358,0,1,3,4,26,True,116,10,124,2684,26.84,0
10359,0,1,3,4,30,False,238,15,122,3962,39.62,0
10360,0,1,3,4,29,True,238,15,99,3939,39.39,0
10361,0,1,3,4,21,False,53,8,153,2201,22.01,0
10362,0,1,3,4,31,True,53,8,132,2180,21.8,0
10363,0,1,3,4,6,False,2,10,239,2799,27.99,0
10364,0,1,3,4,11,True,2,10,217,2777,27.77,0
10365,0,1,3,4,26,False,155,15,62,3902,39.02,0
10366,0,1,3,4,27,False,155,12,170,3242,32.42,0
10367,0,1,3,4,27,True,155,12,148,3220,32.2,0
10368,0,1,3,4,23,False,123,15,141,3981,39.81,0
10369,0,1,3,4,12,True,155,15,119,3959,39.59,0
10370,0,1,3,4,20,False,72,3,94,862,8.62,0
10371,0,1,3,4,18,True,72,3,70,838,8.38,0
10372,0,1,3,4,27,False,28,12,188,3260,32.6,0
10373,0,1,3,4,32,True,28,12,165,3237,32.37,0
10374,0,1,3,4,2,False,5,15,47,3887,38.87,0
10375,0,1,3,4,32,True,46,4,139,1163,11.63,0
10376,0,1,3,4,14,False,44,8,14,2062,20.62,71
10377,0,-1,-1,-1,-1,True,-1,-1,-1,-1,-1.0,-1
10378,0,1,3,4,0,False,240,9,136,2440,24.4,0
10379,0,1,3,4,34,True,209,5,163,1443,14.43,0
10380,0,1,2,4,12,True,209,5,143,1423,14.23,0
10381,0,1,2,4,13,True,209,3,26,794,7.94,0
10382,0,1,3,4,24,False,77,15,138,3978,39.78,0
10383,0,1,3,4,27,True,77,15,117,3957,39.57,0
10384,0,1,3,4,25,False,35,12,172,3244,32.44,0
10385,0,1,3,4,23,False,217,7,5,1797,17.97,0
10386,0,1,3,4,13,True,217,6,239,1775,17.75,0
10387,0,1,3,4,28,False,33,1,129,385,3.85,0
10388,0,1,3,4,23,True,33,1,107,363,3.63,0
10389,0,1,3,4,14,False,60,4,124,1148,11.48,0
10390,0,1,3,4,12,False,60,8,16,2064,20.64,0
10391,0,1,3,4,8,True,60,4,99,1123,11.23,0
10392,0,1,3,4,9,True,60,6,132,1668,16.68,0
10393,0,1,3,4,32,False,118,10,61,2621,26.21,0
10394,0,1,3,4,34,True,118,10,37,2597,25.97,0
10395,0,1,3,4,28,False,255,13,102,3430,34.3,0
10396,0,1,3,4,24,True,255,5,82,1362,13.62,0
10397,0,1,3,4,29,False,123,6,193,1729,17.29,0
10398,0,1,3,4,16,True,123,6,171,1707,17.07,0
10399,0,1,3,4,8,False,136,2,32,544,5.44,0
10400,0,1,3,4,19,True,136,2,11,523,5.23,0
10401,0,1,3,4,3,False,9,11,91,2907,29.07,0
10402,0,1,3,4,1,False,9,15,132,3972,39.72,0
10403,0,1,3,4,2,False,9,4,116,1140,11.4,0
10404,0,1,3,4,29,False,28,12,115,3187,31.87,0
10405,0,1,3,4,22,True,6,9,0,2304,23.04,167772160
10406,0,-1,-1,-1,-1,True,-1,-1,-1,-1,-1.0,-1
10407,0,19,0,0,0,False,0,0,10,10,0.1,3364232193
10408,0,253,0,0,0,False,0,0,10,10,0.1,2169857
10409,0,239,0,0,0,False,0,0,10,10,0.1,2568819713
10410,0,198,0,0,0,False,0,0,10,10,0.1,1964973057
10411,0,-1,-1,-1,-1,True,-1,-1,-1,-1,-1.0,-1
10412,0,-1,-1,-1,-1,True,-1,-1,-1,-1,-1.0,-1
10413,0,1,3,4,22,True,157,14,215,3799,37.99,0
10414,0,1,3,4,10,False,158,1,64,320,3.2,0
10415,0,1,3,4,17,True,157,14,193,3777,37.77,0
10416,0,1,3,4,18,True,158,1,42,298,2.98,0
10417,0,1,3,4,29,False,65,14,150,3734,37.34,0
10418,0,1,3,4,14,True,65,14,128,3712,37.12,0
10419,0,1,3,4,11,False,66,15,249,4089,40.89,0
10420,0,1,3,4,20,True,66,12,221,3293,32.93,0
10421,0,1,3,4,27,True,190,12,199,3271,32.71,0
10422,0,1,3,4,0,False,6,4,165,1189,11.89,0
10423,0,1,3,4,34,True,6,4,141,1165,11.65,0
10424,0,1,3,4,30,False,143,11,56,2872,28.72,0
10425,0,1,3,4,32,True,30,11,37,2853,28.53,0
10426,0,1,3,4,7,False,12,6,125,1661,16.61,0
10427,0,1,3,4,20,True,12,6,103,1639,16.39,0
10428,0,1,3,4,13,False,71,13,62,3390,33.9,0
10429,0,1,3,4,22,True,71,13,40,3368,33.68,0
10430,0,1,3,4,26,False,173,9,15,2319,23.19,126
10431,0,-1,-1,-1,-1,True,-1,-1,-1,-1,-1.0,-1
10432,0,1,3,4,32,False,154,9,45,2349,23.49,0
10433,0,1,3,4,25,False,225,3,253,1021,10.21,0
10434,0,1,1,4,18,True,84,9,25,2329,23.29,0
10435,0,1,3,4,19,False,211,2,223,735,7.35,0
10436,0,1,3,4,17,False,207,11,131,2947,29.47,0
10437,0,1,3,4,33,True,3,9,0,2304,23.04,167772160
10438,0,-1,-1,-1,-1,True,-1,-1,-1,-1,-1.0,-1
10439,0,74,3,4,28,True,0,0,0,0,0.0,335612416
10440,0,-1,-1,-1,-1,True,-1,-1,-1,-1,-1.0,-1
10441,0,-1,-1,-1,-1,True,-1,-1,-1,-1,-1.0,-1
10442,0,-1,-1,-1,-1,True,-1,-1,-1,-1,-1.0,-1
10443,0,-1,-1,-1,-1,True,-1,-1,-1,-1,-1.0,-1
10444,0,1,0,4,10,False,98,12,157,3229,32.29,0
10445,0,1,0,4,10,False,77,12,26,3098,30.98,0
10446,0,1,13,2,5,False,152,0,0,0,0.0,0
10447,0,1,3,4,26,True,106,4,42,1066,10.66,0
10448,0,1,3,4,0,False,9,6,18,1554,15.54,0
10449,0,1,3,4,34,True,9,5,250,1530,15.3,0
10450,0,1,3,4,14,False,255,4,41,1065,10.65,0
10451,0,1,3,4,11,True,255,4,16,1040,10.4,0
10452,0,1,3,4,15,False,210,3,214,982,9.82,0
10453,0,1,3,4,24,True,209,3,191,959,9.59,0
10454,0,1,3,4,31,False,227,11,104,2920,29.2,0
10455,0,1,3,4,28,True,227,8,13,2061,20.61,254
10456,0,-1,-1,-1,-1,True,-1,-1,-1,-1,-1.0,-1
10457,0,1,3,4,15,True,56,13,230,3558,35.58,0
10458,0,1,3,4,19,False,167,1,6,262,2.62,0
10459,0,1,3,4,24,False,17,11,114,2930,29.3,0
10460,0,1,2,4,21,False,88,6,29,1565,15.65,0
10461,0,1,3,4,29,True,17,11,93,2909,29.09,0
10462,0,1,2,4,16,True,88,6,12,1548,15.48,0
10463,0,1,3,4,25,False,63,15,94,3934,39.34,0
10464,0,1,2,4,28,False,144,5,2,1282,12.82,0
10465,0,1,1,4,26,True,7,15,74,3914,39.14,0
10466,0,1,31,7,28,False,4,0,0,0,0.0,17170432
10467,0,-1,-1,-1,-1,True,-1,-1,-1,-1,-1.0,-1
10468,0,-1,-1,-1,-1,True,-1,-1,-1,-1,-1.0,-1
10469,0,1,0,4,51,False,28,4,232,1256,12.56,0
10470,0,1,0,4,29,False,28,5,226,1506,15.06,0
10471,0,1,1,7,5,False,28,11,226,3042,30.42,1895950
10472,0,1,9,5,15,False,170,12,162,3234,32.34,77
10473,0,1,1,7,17,True,28,0,42,42,0.42,1856514
10474,0,1,18,2,42,False,2,0,0,0,0.0,0
10475,0,1,7,4,28,False,251,11,233,3049,30.49,0
10476,0,1,3,4,19,True,251,11,210,3026,30.26,0
10477,0,1,3,4,17,False,159,0,0,0,0.0,17301504
10478,0,0,0,0,0,False,0,0,10,10,0.1,1971201
10479,0,221,0,0,0,False,0,0,10,10,0.1,3667465217
10480,0,-1,-1,-1,-1,True,-1,-1,-1,-1,-1.0,-1
10481,0,-1,-1,-1,-1,True,-1,-1,-1,-1,-1.0,-1
10482,0,1,1,4,5,True,3,10,24,2584,25.84,0
10483,0,1,3,4,28,False,24,5,7,1287,12.87,0
10484,0,1,25,7,28,False,150,5,7,1287,12.87,1776824
10485,0,1,24,2,14,False,61,0,0,0,0.0,0
10486,0,1,3,4,28,False,194,6,30,1566,15.66,0
10487,0,1,3,4,18,True,194,6,8,1544,15.44,0
10488,0,1,3,4,26,False,89,11,184,3000,30.0,0
10489,0,1,3,4,27,True,0,14,0,3584,35.84,167772160
10490,0,-1,-1,-1,-1,True,-1,-1,-1,-1,-1.0,-1
10491,0,-1,-1,-1,-1,True,-1,-1,-1,-1,-1.0,-1
10492,0,-1,-1,-1,-1,True,-1,-1,-1,-1,-1.0,-1
10493,0,-1,-1,-1,-1,True,-1,-1,-1,-1,-1.0,-1
10494,0,-1,-1,-1,-1,True,-1,-1,-1,-1,-1.0,-1
10495,0,-1,-1,-1,-1,True,-1,-1,-1,-1,-1.0,-1
10496,0,1,3,4,22,False,75,11,103,2919,29.19,0
10497,0,1,3,4,33,True,75,11,82,2898,28.98,0
10498,0,1,1,4,18,False,22,14,44,3628,36.28,0
10499,0,1,3,4,21,False,228,0,201,201,2.01,0
10500,0,1,3,4,30,False,77,8,251,2299,22.99,0
10501,0,1,3,4,26,True,77,8,227,2275,22.75,0
10502,0,1,3,4,18,False,149,11,160,2976,29.76,0
10503,0,1,3,4,18,True,149,11,142,2958,29.58,0
10504,0,1,3,4,30,False,221,0,45,45,0.45,0
10505,0,1,3,4,24,False,216,12,21,3093,30.93,0
10506,0,1,3,4,16,True,216,11,255,3071,30.71,0
10507,0,1,3,4,18,False,105,15,51,3891,38.91,0
10508,0,1,3,4,28,True,105,15,31,3871,38.71,0
10509,0,1,3,4,0,False,110,2,81,593,5.93,0
10510,0,1,3,4,34,True,110,2,57,569,5.69,0
10511,0,1,3,4,32,False,133,9,63,2367,23.67,0
10512,0,1,3,4,33,False,133,10,105,2665,26.65,0
10513,0,1,3,4,28,True,133,9,41,2345,23.45,0
10514,0,1,3,4,29,True,133,15,53,3893,38.93,0
10515,0,1,3,4,17,False,168,10,185,2745,27.45,0
10516,0,1,3,4,18,True,168,10,164,2724,27.24,0
10517,0,1,3,4,28,False,7,1,234,490,4.9,0
10518,0,1,3,4,23,True,7,1,212,468,4.68,0
10519,0,1,3,4,32,False,172,10,177,2737,27.37,0
10520,0,1,3,4,34,True,172,15,43,3883,38.83,0
10521,0,1,3,4,24,False,85,12,186,3258,32.58,0
10522,0,1,1,4,10,False,62,13,18,3346,33.46,0
10523,0,1,3,4,29,True,7,0,0,0,0.0,167772160
10524,0,-1,-1,-1,-1,True,-1,-1,-1,-1,-1.0,-1
10525,0,137,0,0,0,False,0,0,10,10,0.1,1
10526,0,111,0,0,0,False,0,0,10,10,0.1,2946571265
10527,0,91,0,0,0,False,0,0,10,10,0.1,3088980993
10528,0,2,31,5,0,False,0,0,0,0,0.0,404488458
10529,0,-1,-1,-1,-1,True,-1,-1,-1,-1,-1.0,-1
10530,0,-1,-1,-1,-1,True,-1,-1,-1,-1,-1.0,-1
10531,0,1,3,4,22,False,92,1,116,372,3.72,0
10532,0,1,3,4,23,True,92,1,94,350,3.5,0
10533,0,1,3,4,0,False,11,12,0,3072,30.72,167772160
10534,0,-1,-1,-1,-1,True,-1,-1,-1,-1,-1.0,-1
10535,0,-1,-1,-1,-1,True,-1,-1,-1,-1,-1.0,-1
10536,0,-1,-1,-1,-1,True,-1,-1,-1,-1,-1.0,-1
10537,0,-1,-1,-1,-1,True,-1,-1,-1,-1,-1.0,-1
10538,0,-1,-1,-1,-1,True,-1,-1,-1,-1,-1.0,-1
10539,0,1,3,4,5,False,224,10,154,2714,27.14,0
10540,0,1,3,4,29,True,224,2,25,537,5.37,0
10541,0,1,3,4,30,True,224,1,121,377,3.77,0
10542,0,1,3,4,32,True,14,11,0,2816,28.16,167772160
10543,0,-1,-1,-1,-1,True,-1,-1,-1,-1,-1.0,-1
10544,0,-1,-1,-1,-1,True,-1,-1,-1,-1,-1.0,-1
10545,0,-1,-1,-1,-1,True,-1,-1,-1,-1,-1.0,-1
10546,0,-1,-1,-1,-1,True,-1,-1,-1,-1,-1.0,-1
10547,0,-1,-1,-1,-1,True,-1,-1,-1,-1,-1.0,-1
10548,0,-1,-1,-1,-1,True,-1,-1,-1,-1,-1.0,-1
10549,0,1,3,4,31,True,44,14,202,3786,37.86,0
10550,0,1,2,4,20,True,60,0,93,93,0.93,0
10551,0,1,3,4,31,False,105,8,162,2210,22.1,0
10552,0,1,3,4,21,True,105,8,141,2189,21.89,0
10553,0,1,3,4,22,True,20,8,114,2162,21.62,0
10554,0,1,3,4,19,False,19,3,55,823,8.23,0
10555,0,1,3,4,21,True,19,3,35,803,8.03,0
10556,0,1,3,4,17,False,1,8,0,2048,20.48,167772160
10557,0,-1,-1,-1,-1,True,-1,-1,-1,-1,-1.0,-1
10558,0,-1,-1,-1,-1,True,-1,-1,-1,-1,-1.0,-1
10559,0,-1,-1,-1,-1,True,-1,-1,-1,-1,-1.0,-1
10560,0,-1,-1,-1,-1,True,-1,-1,-1,-1,-1.0,-1
10561,0,-1,-1,-1,-1,True,-1,-1,-1,-1,-1.0,-1
10562,0,-1,-1,-1,-1,True,-1,-1,-1,-1,-1.0,-1
10563,0,1,3,4,29,False,252,14,191,3775,37.75,0
10564,0,1,3,4,23,True,252,14,169,3753,37.53,0
10565,0,1,3,4,19,False,225,1,98,354,3.54,0
10566,0,1,3,4,34,True,15,8,0,2048,20.48,167772160
10567,0,-1,-1,-1,-1,True,-1,-1,-1,-1,-1.0,-1
10568,0,176,0,0,0,False,0,0,10,10,0.1,3121748993
10569,0,-1,-1,-1,-1,True,-1,-1,-1,-1,-1.0,-1
10570,0,1,3,4,25,True,186,1,249,505,5.05,0
10571,0,1,3,4,21,False,177,12,5,3077,30.77,4
10572,0,-1,-1,-1,-1,True,-1,-1,-1,-1,-1.0,-1
10573,0,1,3,4,19,True,204,7,199,1991,19.91,0
10574,0,1,2,4,32,True,12,10,0,2560,25.6,167772160
10575,0,-1,-1,-1,-1,True,-1,-1,-1,-1,-1.0,-1
10576,0,229,0,0,0,False,0,0,10,10,0.1,999627777
10577,0,-1,-1,-1,-1,True,-1,-1,-1,-1,-1.0,-1
10578,0,-1,-1,-1,-1,True,-1,-1,-1,-1,-1.0,-1
10579,0,-1,-1,-1,-1,True,-1,-1,-1,-1,-1.0,-1
10580,0,-1,-1,-1,-1,True,-1,-1,-1,-1,-1.0,-1
10581,0,1,3,4,18,False,117,12,248,3320,33.2,0
10582,0,1,3,4,30,True,117,12,228,3300,33.0,0
10583,0,1,3,4,29,False,34,4,191,1215,12.15,0
10584,0,1,3,4,29,True,34,4,173,1197,11.97,0
10585,0,1,3,4,21,False,86,13,183,3511,35.11,0
10586,0,1,3,4,25,True,86,11,14,2830,28.3,40
10587,0,-1,-1,-1,-1,True,-1,-1,-1,-1,-1.0,-1
10588,0,1,3,4,19,True,59,14,19,3603,36.03,0
10589,0,1,1,4,6,False,255,15,3,3843,38.43,0
10590,0,1,3,4,33,False,226,12,19,3091,30.91,0
10591,0,1,1,4,33,True,10,10,0,2560,25.6,167772160
10592,0,-1,-1,-1,-1,True,-1,-1,-1,-1,-1.0,-1
10593,0,148,0,0,0,False,0,0,10,10,0.1,940317697
10594,0,206,0,0,0,False,0,0,10,10,0.1,3935312897
10595,0,-1,-1,-1,-1,True,-1,-1,-1,-1,-1.0,-1
10596,0,1,3,4,32,False,1,15,4,3844,38.44,250
10597,0,-1,-1,-1,-1,True,-1,-1,-1,-1,-1.0,-1
10598,0,1,3,4,29,False,112,9,240,2544,25.44,0
10599,0,1,3,4,6,True,31,4,230,1254,12.54,0
10600,0,1,3,4,30,True,112,9,218,2522,25.22,0
10601,0,1,3,4,28,False,192,13,0,3328,33.28,0
10602,0,1,3,4,18,True,192,12,234,3306,33.06,0
10603,0,1,3,4,0,False,12,10,0,2560,25.6,167772160
10604,0,-1,-1,-1,-1,True,-1,-1,-1,-1,-1.0,-1
10605,0,-1,-1,-1,-1,True,-1,-1,-1,-1,-1.0,-1
10606,0,-1,-1,-1,-1,True,-1,-1,-1,-1,-1.0,-1
10607,0,-1,-1,-1,-1,True,-1,-1,-1,-1,-1.0,-1
10608,0,-1,-1,-1,-1,True,-1,-1,-1,-1,-1.0,-1
10609,0,1,1,4,7,True,193,12,106,3178,31.78,0
10610,0,1,3,4,2,False,185,12,32,3104,31.04,0
10611,0,1,1,4,32,False,220,11,2,2818,28.18,0
10612,0,1,3,4,23,True,183,10,236,2796,27.96,0
10613,0,1,3,4,26,False,106,0,243,243,2.43,0
10614,0,1,3,4,30,True,106,0,221,221,2.21,0
10615,0,1,3,4,12,False,7,4,214,1238,12.38,0
10616,0,1,3,4,11,False,7,9,130,2434,24.34,0
10617,0,1,3,4,19,True,7,9,107,2411,24.11,0
10618,0,1,3,4,24,False,13,9,0,2304,23.04,167772160
10619,0,-1,-1,-1,-1,True,-1,-1,-1,-1,-1.0,-1
10620,0,35,0,0,0,False,0,0,10,10,0.1,1091312641
10621,0,-1,-1,-1,-1,True,-1,-1,-1,-1,-1.0,-1
10622,0,-1,-1,-1,-1,True,-1,-1,-1,-1,-1.0,-1
10623,0,-1,-1,-1,-1,True,-1,-1,-1,-1,-1.0,-1
10624,0,1,3,4,11,False,65,4,65,1089,10.89,0
10625,0,1,1,4,27,True,32,1,64,320,3.2,0
10626,0,1,3,4,33,True,65,4,42,1066,10.66,0
10627,0,1,1,4,28,False,31,12,16,3088,30.88,484445664
10628,0,-1,-1,-1,-1,True,-1,-1,-1,-1,-1.0,-1
10629,0,-1,-1,-1,-1,True,-1,-1,-1,-1,-1.0,-1
10630,0,-1,-1,-1,-1,True,-1,-1,-1,-1,-1.0,-1
10631,0,-1,-1,-1,-1,True,-1,-1,-1,-1,-1.0,-1
10632,0,1,18,3,32,True,13,10,0,2560,25.6,0
10633,0,1,3,4,6,False,80,9,104,2408,24.08,0
10634,0,1,3,4,28,True,80,9,84,2388,23.88,0
10635,0,1,3,4,32,False,2,14,2,3586,35.86,28
10636,0,-1,-1,-1,-1,True,-1,-1,-1,-1,-1.0,-1
10637,0,1,2,3,32,False,7,8,0,2048,20.48,0
10638,0,1,3,4,34,True,80,7,63,1855,18.55,0
10639,0,1,3,4,25,False,47,15,241,4081,40.81,0
10640,0,1,3,4,30,True,47,15,220,4060,40.6,0
10641,0,1,3,4,27,False,150,2,11,523,5.23,33
10642,0,-1,-1,-1,-1,True,-1,-1,-1,-1,-1.0,-1
10643,0,1,2,4,8,True,83,4,208,1232,12.32,0
10644,0,1,3,4,28,False,0,10,15,2575,25.75,0
10645,0,1,11,0,0,False,0,0,0,0,0.0,0
10646,0,1,19,2,15,False,64,0,0,0,0.0,0
10647,0,1,3,4,22,False,216,8,28,2076,20.76,18
10648,0,-1,-1,-1,-1,True,-1,-1,-1,-1,-1.0,-1
10649,0,1,26,6,4,False,250,12,0,3072,30.72,598
10650,0,1,9,4,28,False,162,6,2,1538,15.38,0
10651,0,1,6,3,28,False,29,13,0,3328,33.28,0
10652,0,1,0,5,48,False,28,0,160,160,1.6,0
10653,0,-1,-1,-1,-1,True,-1,-1,-1,-1,-1.0,-1
10654,0,-1,-1,-1,-1,True,-1,-1,-1,-1,-1.0,-1
10655,0,175,0,0,0,False,0,0,10,10,0.1,1
10656,0,150,0,0,0,False,0,0,10,10,0.1,1
10657,0,14,1,2,15,True,0,0,0,0,0.0,469830144
10658,0,10,0,1,28,False,155,5,6,1286,12.86,184
10659,0,-1,-1,-1,-1,True,-1,-1,-1,-1,-1.0,-1
10660,0,-1,-1,-1,-1,True,-1,-1,-1,-1,-1.0,-1
10661,0,-1,-1,-1,-1,True,-1,-1,-1,-1,-1.0,-1
10662,0,-1,-1,-1,-1,True,-1,-1,-1,-1,-1.0,-1
10663,0,-1,-1,-1,-1,True,-1,-1,-1,-1,-1.0,-1
10664,0,1,3,4,22,False,95,4,89,1113,11.13,0
10665,0,1,3,4,12,True,238,2,51,563,5.63,0
10666,0,1,3,4,27,False,37,11,134,2950,29.5,0
10667,0,1,3,4,25,True,37,11,108,2924,29.24,0
10668,0,1,3,4,12,False,94,12,112,3184,31.84,0
10669,0,1,3,4,13,True,94,12,91,3163,31.63,0
10670,0,1,3,4,0,False,114,10,40,2600,26.0,0
10671,0,1,3,4,3,False,68,12,149,3221,32.21,0
10672,0,1,30,2,3,False,45,0,0,0,0.0,0
10673,0,-1,-1,-1,-1,True,-1,-1,-1,-1,-1.0,-1
10674,0,1,3,4,18,False,62,6,198,1734,17.34,0
10675,0,1,3,4,29,True,65,13,61,3389,33.89,0
10676,0,1,3,4,8,True,127,13,0,3328,33.28,0
10677,0,1,3,4,9,True,125,13,28,3356,33.56,0
10678,0,1,3,4,12,False,27,6,99,1635,16.35,0
10679,0,1,3,4,21,True,27,6,79,1615,16.15,0
10680,0,1,3,4,32,False,245,13,102,3430,34.3,0
10681,0,1,3,4,21,True,245,1,185,441,4.41,0
10682,0,1,3,4,8,True,204,1,162,418,4.18,0
10683,0,1,3,4,9,True,204,15,31,3871,38.71,0
10684,0,1,3,4,28,False,138,6,203,1739,17.39,0
10685,0,1,3,4,21,True,138,14,10,3594,35.94,103
10686,0,-1,-1,-1,-1,True,-1,-1,-1,-1,-1.0,-1
10687,0,1,3,4,19,True,238,10,83,2643,26.43,0
10688,0,1,3,4,29,False,113,2,82,594,5.94,0
10689,0,1,3,4,26,True,113,13,176,3504,35.04,0
10690,0,1,3,4,0,False,211,0,7,7,0.07,0
10691,0,1,3,4,34,True,211,5,177,1457,14.57,0
10692,0,1,3,4,21,False,116,0,137,137,1.37,0
10693,0,1,3,4,22,False,116,5,153,1433,14.33,0
10694,0,1,3,4,18,True,116,13,207,3535,35.35,0
10695,0,1,2,4,30,False,18,15,90,3930,39.3,0
10696,0,1,3,4,19,True,12,3,0,768,7.68,167772160
10697,0,-1,-1,-1,-1,True,-1,-1,-1,-1,-1.0,-1
10698,0,37,0,1,50,True,0,0,0,0,0.0,469830144
10699,0,-1,-1,-1,-1,True,-1,-1,-1,-1,-1.0,-1
10700,0,-1,-1,-1,-1,True,-1,-1,-1,-1,-1.0,-1
10701,0,-1,-1,-1,-1,True,-1,-1,-1,-1,-1.0,-1
10702,0,-1,-1,-1,-1,True,-1,-1,-1,-1,-1.0,-1
10703,0,1,3,4,23,True,38,12,15,3087,30.87,0
10704,0,1,3,4,12,False,117,2,96,608,6.08,0
10705,0,1,3,4,29,True,117,2,77,589,5.89,0
10706,0,1,3,4,25,False,206,7,52,1844,18.44,0
10707,0,1,3,4,13,True,121,7,33,1825,18.25,0
10708,0,1,3,4,10,False,66,13,160,3488,34.88,0
10709,0,1,3,4,31,True,38,11,87,2903,29.03,187011612
10710,0,-1,-1,-1,-1,True,-1,-1,-1,-1,-1.0,-1
10711,0,-1,-1,-1,-1,True,-1,-1,-1,-1,-1.0,-1
10712,0,-1,-1,-1,-1,True,-1,-1,-1,-1,-1.0,-1
10713,0,-1,-1,-1,-1,True,-1,-1,-1,-1,-1.0,-1
10714,0,1,8,1,28,False,0,0,0,0,0.0,0
10715,0,1,3,5,19,True,12,6,28,1564,15.64,145
10716,0,1,18,3,11,False,239,12,0,3072,30.72,0
10717,0,1,3,3,42,False,1,3,0,768,7.68,0
10718,0,1,3,4,29,True,42,1,43,299,2.99,0
10719,0,1,3,4,23,False,8,15,0,3840,38.4,167772160
10720,0,-1,-1,-1,-1,True,-1,-1,-1,-1,-1.0,-1
10721,0,150,0,0,0,False,0,0,10,10,0.1,2962103297
10722,0,-1,-1,-1,-1,True,-1,-1,-1,-1,-1.0,-1
10723,0,-1,-1,-1,-1,True,-1,-1,-1,-1,-1.0,-1
10724,0,-1,-1,-1,-1,True,-1,-1,-1,-1,-1.0,-1
10725,0,1,3,4,28,False,39,10,134,2694,26.94,0
10726,0,1,3,4,27,False,39,5,136,1416,14.16,0
10727,0,1,3,4,28,True,39,5,112,1392,13.92,0
10728,0,1,3,4,14,False,249,11,184,3000,30.0,0
10729,0,1,3,4,30,True,249,11,160,2976,29.76,0
10730,0,1,3,4,24,False,7,13,0,3328,33.28,167772160
10731,0,-1,-1,-1,-1,True,-1,-1,-1,-1,-1.0,-1
10732,0,131,0,0,0,False,0,0,10,10,0.1,1
10733,0,184,0,0,0,False,0,0,10,10,0.1,781523969
10734,0,-1,-1,-1,-1,True,-1,-1,-1,-1,-1.0,-1
10735,0,-1,-1,-1,-1,True,-1,-1,-1,-1,-1.0,-1
10736,0,-1,-1,-1,-1,True,-1,-1,-1,-1,-1.0,-1
10737,0,-1,-1,-1,-1,True,-1,-1,-1,-1,-1.0,-1
10738,0,1,3,4,18,False,13,7,0,1792,17.92,167772160
10739,0,-1,-1,-1,-1,True,-1,-1,-1,-1,-1.0,-1
10740,0,-1,-1,-1,-1,True,-1,-1,-1,-1,-1.0,-1
10741,0,-1,-1,-1,-1,True,-1,-1,-1,-1,-1.0,-1
10742,0,-1,-1,-1,-1,True,-1,-1,-1,-1,-1.0,-1
10743,0,-1,-1,-1,-1,True,-1,-1,-1,-1,-1.0,-1
10744,0,1,3,4,31,True,92,13,163,3491,34.91,0
10745,0,1,3,4,32,True,91,2,188,700,7.0,0
10746,0,1,3,4,21,False,146,11,6,2822,28.22,68
10747,0,-1,-1,-1,-1,True,-1,-1,-1,-1,-1.0,-1
10748,0,1,2,4,21,False,30,10,72,2632,26.32,0
10749,0,1,2,4,22,True,30,10,53,2613,26.13,0
10750,0,1,3,4,33,False,71,13,23,3351,33.51,0
10751,0,1,3,4,16,True,71,13,2,3330,33.3,0
10752,0,1,3,4,30,False,46,3,116,884,8.84,0
10753,0,1,3,4,15,True,46,3,92,860,8.6,0
10754,0,1,3,4,3,False,233,1,118,374,3.74,0
10755,0,1,3,4,0,False,234,5,154,1434,14.34,0
10756,0,1,3,4,1,False,233,6,143,1679,16.79,0
10757,0,1,1,1,61,False,0,0,0,0,0.0,0
10758,0,1,3,4,12,False,138,9,6,2310,23.1,0
10759,0,1,15,3,5,False,116,11,5,2821,28.21,140
10760,0,-1,-1,-1,-1,True,-1,-1,-1,-1,-1.0,-1
10761,0,-1,-1,-1,-1,True,-1,-1,-1,-1,-1.0,-1
10762,0,1,3,4,33,True,43,5,120,1400,14.0,0
10763,0,1,3,4,21,False,6,15,52,3892,38.92,0
10764,0,1,3,4,34,True,6,15,27,3867,38.67,0
10765,0,1,3,4,20,False,68,12,165,3237,32.37,0
10766,0,1,3,4,16,True,68,12,142,3214,32.14,0
10767,0,1,3,4,26,False,134,10,91,2651,26.51,0
10768,0,1,3,4,17,True,134,10,68,2628,26.28,0
10769,0,1,3,4,20,False,227,2,0,512,5.12,0
10770,0,1,3,4,30,True,227,1,233,489,4.89,0
10771,0,1,3,4,9,False,185,9,115,2419,24.19,0
10772,0,1,3,4,8,False,183,5,255,1535,15.35,0
10773,0,1,3,4,34,True,183,5,232,1512,15.12,0
10774,0,1,3,4,21,False,130,14,1,3585,35.85,178
10775,0,-1,-1,-1,-1,True,-1,-1,-1,-1,-1.0,-1
10776,0,1,3,4,13,True,174,1,158,414,4.14,0
10777,0,1,3,4,29,False,75,7,36,1828,18.28,0
10778,0,1,3,4,25,False,83,6,211,1747,17.47,0
10779,0,1,1,4,10,True,75,7,14,1806,18.06,0
10780,0,1,3,4,6,False,190,12,26,3098,30.98,0
10781,0,1,4,1,1,False,0,0,0,0,0.0,0
10782,0,1,29,0,0,False,0,0,0,0,0.0,0
10783,0,1,3,4,32,True,33,13,9,3337,33.37,0
10784,0,1,3,6,29,False,13,9,4,2308,23.08,23061
10785,0,1,3,4,41,False,4,7,89,1881,18.81,0
10786,0,1,3,4,18,False,4,8,93,2141,21.41,0
10787,0,1,3,4,50,True,4,13,196,3524,35.24,0
10788,0,1,3,0,0,False,0,0,0,0,0.0,0
10789,0,1,3,0,0,False,0,0,0,0,0.0,0
10790,0,1,3,4,24,True,196,0,216,216,2.16,0
10791,0,1,3,4,14,False,34,2,153,665,6.65,0
10792,0,1,3,4,13,True,34,2,128,640,6.4,0
10793,0,1,3,4,21,False,141,5,244,1524,15.24,0
10794,0,1,3,4,34,True,141,5,220,1500,15.0,0
10795,0,1,3,4,4,False,210,10,215,2775,27.75,0
10796,0,1,3,4,6,True,210,10,192,2752,27.52,0
10797,0,1,3,4,31,False,70,0,23,23,0.23,0
10798,0,1,3,4,24,True,70,0,2,2,0.02,0
10799,0,1,3,4,31,False,150,11,210,3026,30.26,0
10800,0,1,3,4,32,True,242,15,74,3914,39.14,0
10801,0,1,2,4,17,True,206,14,226,3810,38.1,0
10802,0,1,3,4,30,False,28,0,0,0,0.0,17301504
10803,0,0,0,0,0,False,0,11,1,2817,28.17,2039005
10804,0,-1,-1,-1,-1,True,-1,-1,-1,-1,-1.0,-1
10805,0,1,1,4,17,False,227,14,161,3745,37.45,0
10806,0,1,25,6,12,False,177,12,153,3225,32.25,7374
10807,0,1,1,4,8,True,227,14,146,3730,37.3,0
10808,0,1,24,1,14,False,0,0,0,0,0.0,0
10809,0,1,29,3,28,False,162,1,0,256,2.56,0
10810,0,1,1,6,18,True,28,11,167,2983,29.83,25094
10811,0,1,3,4,29,True,167,6,76,1612,16.12,0
10812,0,1,3,4,12,False,165,2,181,693,6.93,0
10813,0,1,3,4,30,True,165,2,161,673,6.73,0
10814,0,1,3,4,29,False,182,12,73,3145,31.45,0
10815,0,1,3,4,20,True,182,12,51,3123,31.23,0
10816,0,1,3,4,25,False,137,1,15,271,2.71,14
10817,0,-1,-1,-1,-1,True,-1,-1,-1,-1,-1.0,-1
10818,0,1,3,4,15,True,241,14,247,3831,38.31,0
10819,0,1,3,4,19,False,160,6,135,1671,16.71,0
10820,0,1,3,4,18,True,160,6,116,1652,16.52,0
10821,0,1,3,4,12,False,249,3,190,958,9.58,0
10822,0,1,3,4,11,False,249,8,89,2137,21.37,0
10823,0,1,3,4,23,True,79,12,78,3150,31.5,0
10824,0,1,3,4,19,True,79,12,56,3128,31.28,0
10825,0,1,3,4,0,False,7,10,221,2781,27.81,0
10826,0,1,3,4,34,True,7,10,197,2757,27.57,0
10827,0,1,3,4,20,False,177,5,57,1337,13.37,0
10828,0,1,3,4,19,True,177,5,33,1313,13.13,0
10829,0,1,3,4,24,False,162,15,130,3970,39.7,0
10830,0,1,3,4,33,True,162,15,109,3949,39.49,0
10831,0,1,3,4,18,False,223,11,240,3056,30.56,0
10832,0,1,3,4,21,True,223,11,220,3036,30.36,0
10833,0,1,3,4,0,False,144,10,132,2692,26.92,0
10834,0,1,3,4,34,True,144,10,108,2668,26.68,0
10835,0,1,3,4,21,False,84,14,233,3817,38.17,0
10836,0,1,3,4,27,True,84,14,210,3794,37.94,0
10837,0,1,3,4,33,False,94,4,96,1120,11.2,0
10838,0,1,3,4,20,True,93,4,76,1100,11.0,0
10839,0,1,3,4,31,False,14,0,245,245,2.45,0
10840,0,1,3,4,27,True,14,0,224,224,2.24,0
10841,0,1,3,4,18,False,198,5,196,1476,14.76,0
10842,0,1,3,4,13,True,191,13,82,3410,34.1,0
10843,0,1,3,4,31,False,5,8,0,2048,20.48,167772160
10844,0,-1,-1,-1,-1,True,-1,-1,-1,-1,-1.0,-1
10845,0,-1,-1,-1,-1,True,-1,-1,-1,-1,-1.0,-1
10846,0,1,3,4,21,False,244,0,225,225,2.25,0
10847,0,1,3,4,30,True,244,0,203,203,2.03,0
10848,0,1,3,4,18,False,192,7,4,1796,17.96,66
10849,0,-1,-1,-1,-1,True,-1,-1,-1,-1,-1.0,-1
10850,0,1,3,4,27,True,7,0,211,211,2.11,0
10851,0,1,3,4,7,False,7,4,247,1271,12.71,0
10852,0,1,3,4,26,True,7,4,218,1242,12.42,0
10853,0,1,3,4,27,False,11,9,165,2469,24.69,0
10854,0,1,3,4,32,True,10,9,141,2445,24.45,0
10855,0,1,3,4,13,False,28,0,0,0,0.0,184549376
10856,0,-1,-1,-1,-1,True,-1,-1,-1,-1,-1.0,-1
10857,0,-1,-1,-1,-1,True,-1,-1,-1,-1,-1.0,-1
10858,0,-1,-1,-1,-1,True,-1,-1,-1,-1,-1.0,-1
10859,0,-1,-1,-1,-1,True,-1,-1,-1,-1,-1.0,-1
10860,0,-1,-1,-1,-1,True,-1,-1,-1,-1,-1.0,-1
10861,0,-1,-1,-1,-1,True,-1,-1,-1,-1,-1.0,-1
10862,0,1,1,4,26,False,158,0,0,0,0.0,17170432
10863,0,-1,-1,-1,-1,True,-1,-1,-1,-1,-1.0,-1
10864,0,-1,-1,-1,-1,True,-1,-1,-1,-1,-1.0,-1
10865,0,-1,-1,-1,-1,True,-1,-1,-1,-1,-1.0,-1
10866,0,-1,-1,-1,-1,True,-1,-1,-1,-1,-1.0,-1
10867,0,1,3,4,17,True,136,10,90,2650,26.5,0
10868,0,1,3,4,32,False,1,12,29,3101,31.01,0
10869,0,1,6,3,1,False,236,12,0,3072,30.72,0
10870,0,1,20,1,51,False,0,0,0,0,0.0,0
10871,0,1,0,1,23,True,0,0,0,0,0.0,0
10872,0,1,3,4,0,False,143,7,243,2035,20.35,0
10873,0,1,3,4,34,True,143,10,15,2575,25.75,125
10874,0,-1,-1,-1,-1,True,-1,-1,-1,-1,-1.0,-1
10875,0,1,3,4,26,False,93,10,213,2773,27.73,0
10876,0,1,3,4,24,True,93,10,190,2750,27.5,0
10877,0,1,3,4,9,False,44,2,34,546,5.46,0
10878,0,1,3,4,12,True,3,4,0,1024,10.24,167772160
10879,0,-1,-1,-1,-1,True,-1,-1,-1,-1,-1.0,-1
10880,0,81,0,0,0,False,0,0,10,10,0.1,1711610881
10881,0,-1,-1,-1,-1,True,-1,-1,-1,-1,-1.0,-1
10882,0,-1,-1,-1,-1,True,-1,-1,-1,-1,-1.0,-1
10883,0,-1,-1,-1,-1,True,-1,-1,-1,-1,-1.0,-1
10884,0,-1,-1,-1,-1,True,-1,-1,-1,-1,-1.0,-1
10885,0,1,3,4,14,True,102,3,100,868,8.68,0
10886,0,1,3,4,7,False,254,13,61,3389,33.89,61
10887,0,-1,-1,-1,-1,True,-1,-1,-1,-1,-1.0,-1
10888,0,1,3,4,25,False,30,12,12,3084,30.84,0
10889,0,1,19,1,35,False,0,0,0,0,0.0,0
10890,0,1,1,6,17,False,239,12,150,3222,32.22,3102
10891,0,1,27,0,0,False,0,0,0,0,0.0,0
10892,0,1,3,4,30,False,109,10,135,2695,26.95,0
10893,0,1,3,4,6,True,109,10,111,2671,26.71,0
10894,0,1,3,4,20,False,90,10,7,2567,25.67,241
10895,0,-1,-1,-1,-1,True,-1,-1,-1,-1,-1.0,-1
10896,0,1,3,4,34,True,74,7,219,2011,20.11,0
10897,0,1,3,4,32,False,26,11,19,2835,28.35,0
10898,0,1,3,4,34,True,26,10,250,2810,28.1,0
10899,0,1,3,4,30,True,19,4,182,1206,12.06,0
10900,0,1,3,4,17,False,13,14,9,3593,35.93,136
10901,0,-1,-1,-1,-1,True,-1,-1,-1,-1,-1.0,-1
10902,0,1,3,4,31,False,44,12,164,3236,32.36,0
10903,0,1,3,4,27,True,44,12,143,3215,32.15,0
10904,0,1,3,4,7,False,141,14,174,3758,37.58,0
10905,0,1,3,4,25,True,141,14,152,3736,37.36,0
10906,0,1,3,4,0,False,90,7,54,1846,18.46,0
10907,0,1,3,4,22,True,90,7,31,1823,18.23,0
10908,0,1,3,4,6,False,222,5,3,1283,12.83,0
10909,0,1,1,4,30,False,104,1,152,408,4.08,0
10910,0,1,3,4,18,True,222,4,238,1262,12.62,0
10911,0,1,1,4,9,True,104,1,134,390,3.9,0
10912,0,1,3,4,32,True,4,0,171,171,1.71,0
10913,0,1,3,4,11,False,33,0,12,12,0.12,0
10914,0,1,0,7,20,False,160,0,11,11,0.11,10556659
10915,0,1,31,7,12,False,80,4,125,1149,11.49,0
10916,0,94,0,0,0,False,0,0,10,10,0.1,345644033
10917,0,-1,-1,-1,-1,True,-1,-1,-1,-1,-1.0,-1
10918,0,-1,-1,-1,-1,True,-1,-1,-1,-1,-1.0,-1
10919,0,-1,-1,-1,-1,True,-1,-1,-1,-1,-1.0,-1
10920,0,-1,-1,-1,-1,True,-1,-1,-1,-1,-1.0,-1
10921,0,1,2,4,14,False,249,14,218,3802,38.02,0
10922,0,1,3,4,22,True,28,12,11,3083,30.83,62223
10923,0,-1,-1,-1,-1,True,-1,-1,-1,-1,-1.0,-1
10924,0,-1,-1,-1,-1,True,-1,-1,-1,-1,-1.0,-1
10925,0,1,3,4,15,True,60,8,120,2168,21.68,0
10926,0,1,3,4,7,False,134,7,200,1992,19.92,0
10927,0,1,3,4,22,True,134,7,179,1971,19.71,0
10928,0,1,3,4,16,False,187,1,220,476,4.76,0
10929,0,1,3,4,21,True,187,1,196,452,4.52,0
10930,0,1,3,4,23,False,38,5,254,1534,15.34,0
10931,0,1,3,4,29,True,209,13,186,3514,35.14,0
10932,0,1,2,4,23,True,46,12,23,3095,30.95,0
10933,0,1,31,3,10,False,173,12,0,3072,30.72,0
10934,0,1,19,1,59,True,0,0,0,0,0.0,0
10935,0,1,1,2,23,True,28,0,0,0,0.0,0
10936,0,1,23,5,1,False,120,12,162,3234,32.34,188
10937,0,1,0,1,32,False,0,0,0,0,0.0,0
10938,0,1,3,4,15,False,107,0,0,0,0.0,17432576
10939,0,83,0,0,0,False,0,0,10,10,0.1,2232163329
10940,0,-1,-1,-1,-1,True,-1,-1,-1,-1,-1.0,-1
10941,0,1,3,4,17,True,133,0,252,252,2.52,0
10942,0,1,3,4,9,False,145,11,56,2872,28.72,0
10943,0,1,3,4,23,True,153,11,32,2848,28.48,0
10944,0,1,3,4,13,False,193,2,144,656,6.56,0
10945,0,1,3,4,30,True,193,2,123,635,6.35,0
10946,0,1,3,4,15,True,174,12,215,3287,32.87,0
10947,0,1,3,4,25,False,121,12,37,3109,31.09,0
10948,0,1,1,4,4,True,121,12,18,3090,30.9,0
10949,0,1,3,4,27,False,28,6,5,1541,15.41,0
10950,0,1,3,4,26,True,28,2,15,527,5.27,58
10951,0,-1,-1,-1,-1,True,-1,-1,-1,-1,-1.0,-1
10952,0,1,3,4,17,False,130,3,151,919,9.19,0
10953,0,1,3,4,30,True,130,3,132,900,9.0,0
10954,0,1,3,4,19,False,55,13,189,3517,35.17,0
10955,0,1,3,4,28,True,123,14,129,3713,37.13,0
10956,0,1,3,4,30,False,67,7,5,1797,17.97,0
10957,0,1,3,4,24,True,130,4,43,1067,10.67,0
10958,0,1,3,4,26,True,130,4,21,1045,10.45,0
10959,0,1,3,4,21,False,192,14,14,3598,35.98,0
10960,0,1,3,4,10,True,192,13,247,3575,35.75,0
10961,0,1,3,4,30,False,90,14,84,3668,36.68,0
10962,0,1,3,4,18,True,90,14,61,3645,36.45,0
10963,0,1,3,4,27,True,19,7,240,2032,20.32,0
10964,0,1,3,4,3,False,17,2,95,607,6.07,0
10965,0,1,3,4,28,True,17,2,74,586,5.86,0
10966,0,1,3,4,20,False,158,4,194,1218,12.18,0
10967,0,1,3,4,17,True,106,4,170,1194,11.94,0
10968,0,1,3,4,0,False,202,4,254,1278,12.78,0
10969,0,1,3,4,34,True,202,4,230,1254,12.54,0
10970,0,1,3,4,31,False,202,7,62,1854,18.54,0
10971,0,1,3,4,23,True,81,7,38,1830,18.3,0
10972,0,1,3,4,1,False,46,7,33,1825,18.25,0
10973,0,1,3,4,17,True,46,7,9,1801,18.01,0
10974,0,1,3,4,9,False,47,8,198,2246,22.46,0
10975,0,1,3,4,34,True,208,8,173,2221,22.21,0
10976,0,1,3,4,24,False,92,13,30,3358,33.58,0
10977,0,1,3,4,21,False,214,9,77,2381,23.81,0
10978,0,1,2,4,30,False,72,11,200,3016,30.16,0
10979,0,1,3,4,22,True,214,9,53,2357,23.57,0
10980,0,1,2,4,12,True,72,8,2,2050,20.5,151
10981,0,-1,-1,-1,-1,True,-1,-1,-1,-1,-1.0,-1
10982,0,1,3,4,27,True,216,2,131,643,6.43,0
10983,0,1,3,4,22,False,69,13,159,3487,34.87,0
10984,0,1,3,4,24,True,69,13,137,3465,34.65,0
10985,0,1,3,4,20,False,1,7,0,1792,17.92,167772160
10986,0,-1,-1,-1,-1,True,-1,-1,-1,-1,-1.0,-1
10987,0,-1,-1,-1,-1,True,-1,-1,-1,-1,-1.0,-1
10988,0,-1,-1,-1,-1,True,-1,-1,-1,-1,-1.0,-1
10989,0,-1,-1,-1,-1,True,-1,-1,-1,-1,-1.0,-1
10990,0,-1,-1,-1,-1,True,-1,-1,-1,-1,-1.0,-1
10991,0,-1,-1,-1,-1,True,-1,-1,-1,-1,-1.0,-1
10992,0,1,3,4,26,False,35,1,75,331,3.31,0
10993,0,1,3,4,22,True,35,1,53,309,3.09,0
10994,0,1,3,4,15,False,90,6,130,1666,16.66,0
10995,0,1,3,4,21,True,90,6,108,1644,16.44,0
10996,0,1,3,4,13,False,52,6,160,1696,16.96,0
10997,0,1,3,4,11,True,52,6,139,1675,16.75,0
10998,0,1,3,4,6,True,241,1,177,433,4.33,0
10999,0,1,3,4,15,True,231,1,154,410,4.1,0
11000,0,1,3,4,31,False,22,12,77,3149,31.49,0
11001,0,1,3,4,30,True,77,12,56,3128,31.28,0
11002,0,1,3,4,21,False,137,2,132,644,6.44,0
11003,0,1,3,4,15,True,137,2,108,620,6.2,0
11004,0,1,3,4,22,False,45,12,75,3147,31.47,0
11005,0,1,3,4,13,True,45,12,53,3125,31.25,0
11006,0,1,3,4,7,False,5,9,3,2307,23.07,0
11007,0,1,3,4,28,False,47,5,141,1421,14.21,0
11008,0,1,3,4,30,True,182,5,118,1398,13.98,0
11009,0,1,3,4,14,False,160,13,182,3510,35.1,0
11010,0,1,3,4,19,True,160,13,157,3485,34.85,0
11011,0,1,3,4,23,False,21,11,121,2937,29.37,0
11012,0,1,3,4,31,True,21,11,100,2916,29.16,0
11013,0,1,3,4,8,False,254,2,199,711,7.11,0
11014,0,1,3,4,28,True,254,1,78,334,3.34,0
11015,0,1,3,4,29,True,205,2,175,687,6.87,0
11016,0,1,3,4,11,False,253,14,174,3758,37.58,0
11017,0,1,3,4,24,True,253,14,148,3732,37.32,0
11018,0,1,3,4,28,True,80,0,6,6,0.06,2
11019,0,-1,-1,-1,-1,True,-1,-1,-1,-1,-1.0,-1
11020,0,1,3,4,11,False,174,5,135,1415,14.15,0
11021,0,1,3,4,11,True,174,5,114,1394,13.94,0
11022,0,1,3,4,23,False,3,8,156,2204,22.04,0
11023,0,1,3,4,21,True,3,8,134,2182,21.82,0
11024,0,1,3,4,16,False,68,1,152,408,4.08,0
11025,0,1,3,4,33,True,68,1,129,385,3.85,0
11026,0,1,3,4,0,False,18,0,80,80,0.8,0
11027,0,1,3,4,34,True,157,15,104,3944,39.44,0
11028,0,1,3,4,13,True,159,14,90,3674,36.74,0
11029,0,1,3,4,14,True,157,15,84,3924,39.24,0
11030,0,1,3,4,25,False,15,13,34,3362,33.62,0
11031,0,1,3,4,32,True,15,13,15,3343,33.43,0
11032,0,1,3,4,29,False,181,11,112,2928,29.28,0
11033,0,1,3,4,33,True,13,14,0,3584,35.84,167772160
11034,0,-1,-1,-1,-1,True,-1,-1,-1,-1,-1.0,-1
11035,0,-1,-1,-1,-1,True,-1,-1,-1,-1,-1.0,-1
11036,0,1,3,4,14,False,99,12,154,3226,32.26,0
11037,0,1,17,4,8,False,207,12,159,3231,32.31,0
11038,0,1,1,3,8,False,187,12,0,3072,30.72,0
11039,0,1,16,6,38,False,8,3,28,796,7.96,25363
11040,0,1,0,3,9,False,28,4,0,1024,10.24,0
11041,0,1,12,3,8,False,68,12,0,3072,30.72,0
11042,0,1,16,7,35,False,86,4,115,1139,11.39,0
11043,0,135,0,0,0,False,0,0,10,10,0.1,329391105
11044,0,-1,-1,-1,-1,True,-1,-1,-1,-1,-1.0,-1
11045,0,-1,-1,-1,-1,True,-1,-1,-1,-1,-1.0,-1
11046,0,1,3,4,23,True,40,1,230,486,4.86,0
11047,0,1,3,4,30,False,187,12,62,3134,31.34,0
11048,0,1,3,4,32,True,187,12,41,3113,31.13,0
11049,0,1,3,4,5,False,27,12,149,3221,32.21,0
11050,0,1,3,4,6,False,27,11,224,3040,30.4,0
11051,0,1,3,4,10,True,8,11,0,2816,28.16,167772160
11052,0,-1,-1,-1,-1,True,-1,-1,-1,-1,-1.0,-1
11053,0,225,0,4,41,True,0,0,0,0,0.0,469830144
11054,0,-1,-1,-1,-1,True,-1,-1,-1,-1,-1.0,-1
11055,0,-1,-1,-1,-1,True,-1,-1,-1,-1,-1.0,-1
11056,0,1,3,4,20,False,230,8,73,2121,21.21,0
11057,0,1,3,4,30,True,230,5,13,1293,12.93,235
11058,0,-1,-1,-1,-1,True,-1,-1,-1,-1,-1.0,-1
11059,0,1,2,4,30,False,80,5,46,1326,13.26,0
11060,0,1,3,4,24,True,21,13,214,3542,35.42,0
11061,0,1,2,4,26,True,80,5,28,1308,13.08,0
11062,0,1,3,4,31,False,224,15,174,4014,40.14,0
11063,0,1,3,4,8,True,224,15,154,3994,39.94,0
11064,0,1,3,4,23,True,93,3,199,967,9.67,0
11065,0,1,3,4,24,True,91,9,41,2345,23.45,0
11066,0,1,3,4,16,False,91,15,222,4062,40.62,0
11067,0,1,3,4,21,True,92,15,188,4028,40.28,0
11068,0,1,3,4,18,False,216,5,83,1363,13.63,0
11069,0,1,3,4,29,True,216,5,63,1343,13.43,0
11070,0,1,3,4,5,False,34,5,239,1519,15.19,0
11071,0,1,3,4,28,True,34,1,1,257,2.57,18
11072,0,-1,-1,-1,-1,True,-1,-1,-1,-1,-1.0,-1
11073,0,1,3,4,20,False,147,13,85,3413,34.13,0
11074,0,1,3,4,23,False,32,9,226,2530,25.3,0
11075,0,1,3,4,33,True,32,9,203,2507,25.07,0
11076,0,1,3,4,19,False,136,12,107,3179,31.79,0
11077,0,1,3,4,25,False,135,11,169,2985,29.85,0
11078,0,1,3,4,24,False,135,10,97,2657,26.57,0
11079,0,1,3,4,19,True,135,10,76,2636,26.36,0
11080,0,1,3,4,14,False,114,13,91,3419,34.19,0
11081,0,1,3,4,22,True,114,14,14,3598,35.98,166
11082,0,-1,-1,-1,-1,True,-1,-1,-1,-1,-1.0,-1
11083,0,1,3,4,23,True,238,14,144,3728,37.28,0
11084,0,1,3,4,24,False,165,13,180,3508,35.08,0
11085,0,1,3,4,31,True,165,13,160,3488,34.88,0
11086,0,1,3,4,15,False,146,11,177,2993,29.93,0
11087,0,1,3,4,26,True,146,11,156,2972,29.72,0
11088,0,1,3,4,24,False,10,1,28,284,2.84,2802824728
11089,0,-1,-1,-1,-1,True,-1,-1,-1,-1,-1.0,-1
11090,0,-1,-1,-1,-1,True,-1,-1,-1,-1,-1.0,-1
11091,0,-1,-1,-1,-1,True,-1,-1,-1,-1,-1.0,-1
11092,0,-1,-1,-1,-1,True,-1,-1,-1,-1,-1.0,-1
11093,0,1,3,4,29,True,181,15,148,3988,39.88,0
11094,0,1,3,4,29,False,214,9,4,2308,23.08,0
11095,0,1,3,4,9,True,213,8,238,2286,22.86,0
11096,0,1,3,4,8,False,30,4,208,1232,12.32,0
11097,0,1,3,4,15,True,30,4,184,1208,12.08,0
11098,0,1,3,4,32,True,28,1,145,401,4.01,0
11099,0,1,3,4,31,True,25,13,170,3498,34.98,0
11100,0,1,3,4,26,False,22,5,10,1290,12.9,40988
11101,0,-1,-1,-1,-1,True,-1,-1,-1,-1,-1.0,-1
11102,0,-1,-1,-1,-1,True,-1,-1,-1,-1,-1.0,-1
11103,0,1,9,7,1,False,248,12,30,3102,31.02,10751223
11104,0,1,3,4,4,True,28,4,0,1024,10.24,117440512
11105,0,-1,-1,-1,-1,True,-1,-1,-1,-1,-1.0,-1
11106,0,-1,-1,-1,-1,True,-1,-1,-1,-1,-1.0,-1
11107,0,-1,-1,-1,-1,True,-1,-1,-1,-1,-1.0,-1
11108,0,-1,-1,-1,-1,True,-1,-1,-1,-1,-1.0,-1
11109,0,-1,-1,-1,-1,True,-1,-1,-1,-1,-1.0,-1
11110,0,1,19,4,25,True,14,0,28,28,0.28,0
11111,0,1,2,6,34,False,12,14,28,3612,36.12,25235
11112,0,1,1,4,41,True,3,0,0,0,0.0,167772160
11113,0,-1,-1,-1,-1,True,-1,-1,-1,-1,-1.0,-1
11114,0,171,0,0,0,False,0,0,10,10,0.1,0
11115,0,-1,-1,-1,-1,True,-1,-1,-1,-1,-1.0,-1
11116,0,140,0,0,0,False,0,0,10,10,0.1,1
11117,0,223,0,0,0,False,0,0,10,10,0.1,7169
11118,0,202,0,0,0,False,0,0,10,10,0.1,7169
11119,0,-1,-1,-1,-1,True,-1,-1,-1,-1,-1.0,-1
11120,0,-1,-1,-1,-1,True,-1,-1,-1,-1,-1.0,-1
11121,0,-1,-1,-1,-1,True,-1,-1,-1,-1,-1.0,-1
11122,0,1,3,4,31,True,75,3,108,876,8.76,0
11123,0,1,3,4,30,False,214,10,19,2579,25.79,0
11124,0,1,3,4,31,False,188,12,140,3212,32.12,0
11125,0,1,3,4,15,True,214,9,251,2555,25.55,0
11126,0,1,3,4,25,True,187,12,164,3236,32.36,0
11127,0,1,3,4,11,False,75,2,191,703,7.03,0
11128,0,1,3,4,7,True,75,4,6,1030,10.3,92
11129,0,-1,-1,-1,-1,True,-1,-1,-1,-1,-1.0,-1
11130,0,1,3,4,28,False,8,0,86,86,0.86,0
11131,0,1,1,4,19,True,215,0,246,246,2.46,0
11132,0,1,3,4,31,True,38,15,3,3843,38.43,242
11133,0,-1,-1,-1,-1,True,-1,-1,-1,-1,-1.0,-1
11134,0,1,3,4,22,False,13,15,28,3868,38.68,0
11135,0,1,18,6,22,False,13,1,95,351,3.51,237999132
11136,0,-1,-1,-1,-1,True,-1,-1,-1,-1,-1.0,-1
11137,0,-1,-1,-1,-1,True,-1,-1,-1,-1,-1.0,-1
11138,0,-1,-1,-1,-1,True,-1,-1,-1,-1,-1.0,-1
11139,0,-1,-1,-1,-1,True,-1,-1,-1,-1,-1.0,-1
11140,0,1,4,4,9,False,34,12,18,3090,30.9,0
11141,0,1,4,2,15,False,115,0,0,0,0.0,0
11142,0,1,3,4,27,True,83,9,238,2542,25.42,0
11143,0,1,3,4,17,False,81,2,104,616,6.16,0
11144,0,1,3,4,29,True,81,2,84,596,5.96,0
11145,0,1,3,4,27,False,123,5,173,1453,14.53,0
11146,0,1,3,4,27,True,123,5,151,1431,14.31,0
11147,0,1,3,4,29,True,141,7,248,2040,20.4,0
11148,0,1,3,4,14,False,8,12,0,3072,30.72,167772160
11149,0,-1,-1,-1,-1,True,-1,-1,-1,-1,-1.0,-1
11150,0,-1,-1,-1,-1,True,-1,-1,-1,-1,-1.0,-1
11151,0,-1,-1,-1,-1,True,-1,-1,-1,-1,-1.0,-1
11152,0,-1,-1,-1,-1,True,-1,-1,-1,-1,-1.0,-1
11153,0,1,3,4,34,True,35,3,251,1019,10.19,0
11154,0,1,3,4,15,False,115,11,202,3018,30.18,0
11155,0,1,3,4,23,True,115,6,12,1548,15.48,61
11156,0,-1,-1,-1,-1,True,-1,-1,-1,-1,-1.0,-1
11157,0,1,3,4,29,False,7,14,228,3812,38.12,0
11158,0,1,3,4,23,True,9,13,0,3328,33.28,167772160
11159,0,-1,-1,-1,-1,True,-1,-1,-1,-1,-1.0,-1
11160,0,59,0,0,30,True,0,0,0,0,0.0,0
11161,0,-1,-1,-1,-1,True,-1,-1,-1,-1,-1.0,-1
11162,0,1,2,4,22,False,107,6,112,1648,16.48,0
11163,0,1,3,4,25,True,59,0,200,200,2.0,0
11164,0,1,2,4,23,False,103,0,243,243,2.43,0
11165,0,1,2,4,13,True,103,0,224,224,2.24,0
11166,0,1,3,4,19,False,22,3,218,986,9.86,0
11167,0,1,3,4,12,False,34,15,206,4046,40.46,0
11168,0,1,3,4,23,True,34,15,185,4025,40.25,0
11169,0,1,3,4,20,False,123,8,213,2261,22.61,0
11170,0,1,3,4,22,True,123,6,129,1665,16.65,0
11171,0,1,3,4,16,False,118,12,56,3128,31.28,0
11172,0,1,3,4,28,True,118,12,33,3105,31.05,0
11173,0,1,3,4,26,False,114,13,248,3576,35.76,0
11174,0,1,3,4,28,True,114,13,227,3555,35.55,0
11175,0,1,3,4,22,False,190,2,46,558,5.58,0
11176,0,1,3,4,15,True,190,14,69,3653,36.53,0
11177,0,1,3,4,24,True,203,14,46,3630,36.3,0
11178,0,1,3,4,2,False,245,7,117,1909,19.09,0
11179,0,1,3,4,21,True,214,7,96,1888,18.88,0
11180,0,1,3,4,9,False,252,15,245,4085,40.85,0
11181,0,1,3,4,15,True,252,15,223,4063,40.63,0
11182,0,1,3,4,23,False,170,15,95,3935,39.35,0
11183,0,1,3,4,22,True,170,15,72,3912,39.12,0
11184,0,1,3,4,13,True,217,0,106,106,1.06,0
11185,0,1,3,4,29,False,4,6,0,1536,15.36,167772160
11186,0,-1,-1,-1,-1,True,-1,-1,-1,-1,-1.0,-1
11187,0,-1,-1,-1,-1,True,-1,-1,-1,-1,-1.0,-1
11188,0,-1,-1,-1,-1,True,-1,-1,-1,-1,-1.0,-1
11189,0,1,3,4,32,True,172,4,225,1249,12.49,0
11190,0,1,3,4,13,False,229,11,121,2937,29.37,0
11191,0,1,3,4,33,True,229,0,140,140,1.4,0
11192,0,1,3,4,12,False,28,15,25,3865,38.65,0
11193,0,1,3,4,17,True,28,15,2,3842,38.42,0
11194,0,1,3,4,10,False,28,13,158,3486,34.86,0
11195,0,1,3,4,22,True,28,3,79,847,8.47,0
11196,0,1,3,4,7,False,248,0,187,187,1.87,0
11197,0,1,3,4,33,True,248,0,168,168,1.68,0
11198,0,1,3,4,26,False,70,3,8,776,7.76,0
11199,0,1,3,4,13,False,11,13,89,3417,34.17,0
11200,0,1,3,4,18,True,15,6,0,1536,15.36,167772160
11201,0,-1,-1,-1,-1,True,-1,-1,-1,-1,-1.0,-1
11202,0,-1,-1,-1,-1,True,-1,-1,-1,-1,-1.0,-1
11203,0,-1,-1,-1,-1,True,-1,-1,-1,-1,-1.0,-1
11204,0,1,3,4,31,True,20,1,186,442,4.42,0
11205,0,1,3,4,14,False,44,12,136,3208,32.08,0
11206,0,1,30,3,14,False,22,12,0,3072,30.72,0
11207,0,1,6,4,5,False,224,12,162,3234,32.34,0
11208,0,1,6,3,5,False,200,12,0,3072,30.72,0
11209,0,1,2,2,60,True,11,0,0,0,0.0,0
11210,0,1,23,3,28,False,161,12,0,3072,30.72,0
11211,0,1,1,3,39,True,116,11,210,3026,30.26,0
11212,0,-1,-1,-1,-1,True,-1,-1,-1,-1,-1.0,-1
11213,0,1,3,4,16,True,116,11,188,3004,30.04,0
11214,0,1,3,4,22,False,207,15,190,4030,40.3,0
11215,0,1,3,4,15,True,207,15,167,4007,40.07,0
11216,0,1,3,4,4,False,13,4,0,1024,10.24,167772160
11217,0,-1,-1,-1,-1,True,-1,-1,-1,-1,-1.0,-1
11218,0,13,0,0,0,False,0,0,10,10,0.1,1780358145
11219,0,-1,-1,-1,-1,True,-1,-1,-1,-1,-1.0,-1
11220,0,-1,-1,-1,-1,True,-1,-1,-1,-1,-1.0,-1
11221,0,-1,-1,-1,-1,True,-1,-1,-1,-1,-1.0,-1
11222,0,1,3,4,14,True,198,12,113,3185,31.85,0
11223,0,1,3,4,23,False,101,14,13,3597,35.97,109
11224,0,-1,-1,-1,-1,True,-1,-1,-1,-1,-1.0,-1
11225,0,1,3,4,6,True,30,13,86,3414,34.14,0
11226,0,1,3,4,33,False,112,13,93,3421,34.21,0
11227,0,1,3,4,25,True,112,13,71,3399,33.99,0
11228,0,1,3,4,26,False,47,9,123,2427,24.27,0
11229,0,1,3,4,15,True,47,9,101,2405,24.05,0
11230,0,1,3,4,20,False,42,1,12,268,2.68,0
11231,0,1,3,4,34,True,42,0,242,242,2.42,0
11232,0,1,3,4,23,False,112,11,47,2863,28.63,0
11233,0,1,3,4,28,True,112,11,25,2841,28.41,0
11234,0,1,3,4,27,False,14,9,0,2304,23.04,167772160
11235,0,-1,-1,-1,-1,True,-1,-1,-1,-1,-1.0,-1
11236,0,157,0,7,25,True,0,0,0,0,0.0,469830144
11237,0,-1,-1,-1,-1,True,-1,-1,-1,-1,-1.0,-1
11238,0,-1,-1,-1,-1,True,-1,-1,-1,-1,-1.0,-1
11239,0,-1,-1,-1,-1,True,-1,-1,-1,-1,-1.0,-1
11240,0,-1,-1,-1,-1,True,-1,-1,-1,-1,-1.0,-1
11241,0,1,3,4,0,False,35,11,108,2924,29.24,0
11242,0,1,3,4,34,True,35,11,85,2901,29.01,0
11243,0,1,3,4,0,False,6,2,22,534,5.34,0
11244,0,1,3,4,30,True,6,2,0,512,5.12,0
11245,0,1,3,4,30,False,100,12,231,3303,33.03,0
11246,0,1,3,4,18,True,100,12,208,3280,32.8,0
11247,0,1,3,4,31,False,31,5,172,1452,14.52,0
11248,0,1,3,4,22,True,31,5,150,1430,14.3,0
11249,0,1,3,4,13,False,254,15,30,3870,38.7,0
11250,0,1,3,4,29,True,254,8,99,2147,21.47,5898
11251,0,-1,-1,-1,-1,True,-1,-1,-1,-1,-1.0,-1
11252,0,-1,-1,-1,-1,True,-1,-1,-1,-1,-1.0,-1
11253,0,1,1,4,33,False,120,13,115,3443,34.43,0
11254,0,1,3,4,25,False,98,15,114,3954,39.54,0
11255,0,1,1,4,10,True,120,13,93,3421,34.21,0
11256,0,1,3,4,6,True,100,9,231,2535,25.35,0
11257,0,1,3,4,55,True,7,7,28,1820,18.2,0
11258,0,1,2,7,55,True,13,12,28,3100,31.0,225555
11259,0,1,4,6,28,False,134,1,3,259,2.59,7190
11260,0,1,19,2,55,True,13,0,0,0,0.0,0
11261,0,1,2,6,28,False,28,15,2,3842,38.42,7202
11262,0,1,19,4,31,False,3,12,183,3255,32.55,0
11263,0,1,3,4,0,False,86,14,111,3695,36.95,0
11264,0,1,3,4,19,True,86,14,89,3673,36.73,0
11265,0,1,3,4,17,False,48,7,121,1913,19.13,0
11266,0,1,3,4,6,True,48,11,2,2818,28.18,113
11267,0,-1,-1,-1,-1,True,-1,-1,-1,-1,-1.0,-1
11268,0,1,1,4,14,True,214,9,196,2500,25.0,0
11269,0,1,3,4,17,True,56,10,139,2699,26.99,0
11270,0,1,3,4,24,True,3,13,28,3356,33.56,0
11271,0,1,17,6,24,True,3,7,28,1820,18.2,12831
11272,0,1,0,7,51,True,28,15,50,3890,38.9,1892871
11273,0,1,1,4,6,True,3,3,1,769,7.69,17
11274,0,-1,-1,-1,-1,True,-1,-1,-1,-1,-1.0,-1
11275,0,1,3,4,23,True,147,14,15,3599,35.99,95
11276,0,-1,-1,-1,-1,True,-1,-1,-1,-1,-1.0,-1
11277,0,1,3,4,34,True,174,15,71,3911,39.11,0
11278,0,1,3,4,16,False,151,1,66,322,3.22,0
11279,0,1,3,4,33,True,151,1,44,300,3.0,0
11280,0,1,3,4,10,True,125,2,172,684,6.84,0
11281,0,1,3,4,3,False,125,8,31,2079,20.79,0
11282,0,1,3,4,11,True,125,8,7,2055,20.55,0
11283,0,1,3,4,23,False,108,11,161,2977,29.77,0
11284,0,1,3,4,18,True,108,11,139,2955,29.55,0
11285,0,1,3,4,20,False,22,14,0,3584,35.84,201326592
11286,0,-1,-1,-1,-1,True,-1,-1,-1,-1,-1.0,-1
11287,0,20,1,7,52,True,0,0,0,0,0.0,469830144
11288,0,-1,-1,-1,-1,True,-1,-1,-1,-1,-1.0,-1
11289,0,1,3,4,19,True,32,4,115,1139,11.39,0
11290,0,1,3,4,27,False,33,1,39,295,2.95,0
11291,0,1,3,4,31,True,139,1,19,275,2.75,0
11292,0,1,3,4,25,False,60,11,6,2822,28.22,0
11293,0,1,3,4,25,True,70,10,240,2800,28.0,0
11294,0,1,3,4,30,False,45,4,183,1207,12.07,0
11295,0,1,3,4,12,True,45,4,159,1183,11.83,0
11296,0,1,3,4,30,False,57,3,5,773,7.73,103
11297,0,-1,-1,-1,-1,True,-1,-1,-1,-1,-1.0,-1
11298,0,1,3,4,20,True,131,5,79,1359,13.59,0
11299,0,1,3,4,19,False,73,15,120,3960,39.6,0
11300,0,1,3,4,26,True,73,15,101,3941,39.41,0
11301,0,1,3,4,33,False,11,4,0,1024,10.24,167772160
11302,0,-1,-1,-1,-1,True,-1,-1,-1,-1,-1.0,-1
11303,0,142,0,0,0,False,0,0,10,10,0.1,3776257025
11304,0,191,0,0,0,False,0,0,10,10,0.1,2845056001
11305,0,-1,-1,-1,-1,True,-1,-1,-1,-1,-1.0,-1
11306,0,-1,-1,-1,-1,True,-1,-1,-1,-1,-1.0,-1
11307,0,-1,-1,-1,-1,True,-1,-1,-1,-1,-1.0,-1
11308,0,1,3,4,30,False,68,0,84,84,0.84,0
11309,0,1,3,4,26,True,68,0,61,61,0.61,0
11310,0,1,3,4,16,False,116,8,12,2060,20.6,0
11311,0,1,3,4,13,True,116,7,244,2036,20.36,0
11312,0,1,3,4,20,False,132,5,222,1502,15.02,0
11313,0,1,3,4,31,False,129,13,223,3551,35.51,0
11314,0,1,3,4,30,False,129,0,220,220,2.2,0
11315,0,1,3,4,30,True,129,0,202,202,2.02,0
11316,0,1,3,4,28,False,182,5,231,1511,15.11,0
11317,0,1,3,4,29,False,183,10,153,2713,27.13,0
11318,0,1,3,4,24,True,183,4,185,1209,12.09,0
11319,0,1,3,4,25,True,183,12,14,3086,30.86,0
11320,0,1,3,4,28,True,186,11,250,3066,30.66,0
11321,0,1,3,4,23,False,209,8,79,2127,21.27,0
11322,0,1,3,4,27,True,209,8,56,2104,21.04,0
11323,0,1,3,4,26,False,68,10,28,2588,25.88,0
11324,0,1,3,4,25,True,68,10,5,2565,25.65,0
11325,0,1,3,4,17,False,131,0,215,215,2.15,0
11326,0,1,3,4,25,True,130,0,193,193,1.93,0
11327,0,1,3,4,14,False,198,0,55,55,0.55,0
11328,0,1,3,4,19,True,198,0,32,32,0.32,0
11329,0,1,3,4,0,False,157,13,7,3335,33.35,147
11330,0,-1,-1,-1,-1,True,-1,-1,-1,-1,-1.0,-1
11331,0,1,3,4,34,True,92,7,126,1918,19.18,0
11332,0,1,3,4,23,False,167,1,175,431,4.31,0
11333,0,1,3,4,34,True,167,1,151,407,4.07,0
11334,0,1,3,4,27,False,1,8,0,2048,20.48,167772160
11335,0,-1,-1,-1,-1,True,-1,-1,-1,-1,-1.0,-1
11336,0,-1,-1,-1,-1,True,-1,-1,-1,-1,-1.0,-1
11337,0,-1,-1,-1,-1,True,-1,-1,-1,-1,-1.0,-1
11338,0,-1,-1,-1,-1,True,-1,-1,-1,-1,-1.0,-1
11339,0,-1,-1,-1,-1,True,-1,-1,-1,-1,-1.0,-1
11340,0,-1,-1,-1,-1,True,-1,-1,-1,-1,-1.0,-1
11341,0,1,3,4,13,False,149,14,151,3735,37.35,0
11342,0,1,3,4,23,True,149,14,130,3714,37.14,0
11343,0,1,3,4,21,False,123,12,70,3142,31.42,0
11344,0,1,3,4,26,True,123,12,48,3120,31.2,0
11345,0,1,3,4,7,False,34,2,125,637,6.37,0
11346,0,1,1,4,28,False,75,9,26,2330,23.3,0
11347,0,1,3,4,8,False,30,4,88,1112,11.12,0
11348,0,1,1,4,31,False,73,5,208,1488,14.88,0
11349,0,1,3,4,4,False,65,13,61,3389,33.89,0
11350,0,1,3,4,31,False,12,14,73,3657,36.57,0
11351,0,1,1,5,41,True,159,9,8,2312,23.12,28
11352,0,1,17,7,31,True,8,4,12,1036,10.36,411933
11353,0,1,1,7,12,False,15,12,0,3072,30.72,167772160
11354,0,38,0,0,0,False,0,0,10,10,0.1,3869187073
11355,0,17,0,0,0,False,0,0,10,10,0.1,3239582721
11356,0,180,0,0,0,False,0,0,10,10,0.1,2467763201
11357,0,46,3,4,11,False,224,0,0,0,0.0,17498112
11358,0,-1,-1,-1,-1,True,-1,-1,-1,-1,-1.0,-1
11359,0,-1,-1,-1,-1,True,-1,-1,-1,-1,-1.0,-1
11360,0,34,3,4,22,True,0,0,0,0,0.0,3774940928
11361,0,1,1,3,7,False,63,0,0,0,0.0,655360
11362,0,-1,-1,-1,-1,True,-1,-1,-1,-1,-1.0,-1
11363,0,-1,-1,-1,-1,True,-1,-1,-1,-1,-1.0,-1
11364,0,-1,-1,-1,-1,True,-1,-1,-1,-1,-1.0,-1
11365,0,1,3,4,18,True,25,4,55,1079,10.79,0
11366,0,1,3,4,21,False,3,15,180,4020,40.2,0
11367,0,1,3,4,29,True,3,15,159,3999,39.99,0
11368,0,1,3,4,33,False,113,11,192,3008,30.08,0
11369,0,1,1,4,17,False,252,3,84,852,8.52,0
11370,0,1,3,4,27,True,5,7,0,1792,17.92,167772160
11371,0,-1,-1,-1,-1,True,-1,-1,-1,-1,-1.0,-1
11372,0,-1,-1,-1,-1,True,-1,-1,-1,-1,-1.0,-1
11373,0,1,3,4,21,False,253,10,245,2805,28.05,0
11374,0,1,3,4,8,True,253,10,222,2782,27.82,0
11375,0,1,3,4,12,False,152,1,108,364,3.64,0
11376,0,1,3,4,31,True,152,1,91,347,3.47,0
11377,0,1,3,4,27,False,241,6,10,1546,15.46,240
11378,0,-1,-1,-1,-1,True,-1,-1,-1,-1,-1.0,-1
11379,0,1,3,4,31,False,183,2,196,708,7.08,0
11380,0,1,3,4,27,True,2,10,0,2560,25.6,167772160
11381,0,-1,-1,-1,-1,True,-1,-1,-1,-1,-1.0,-1
11382,0,5,0,0,0,False,0,0,10,10,0.1,345512961
11383,0,-1,-1,-1,-1,True,-1,-1,-1,-1,-1.0,-1
11384,0,-1,-1,-1,-1,True,-1,-1,-1,-1,-1.0,-1
11385,0,1,3,4,0,False,109,5,125,1405,14.05,0
11386,0,1,3,4,31,True,109,5,104,1384,13.84,0
11387,0,1,3,4,13,False,99,4,107,1131,11.31,0
11388,0,1,3,4,23,True,99,11,61,2877,28.77,0
11389,0,1,3,4,25,False,177,13,214,3542,35.42,0
11390,0,1,3,4,34,True,177,13,192,3520,35.2,0
11391,0,1,3,4,31,False,191,15,206,4046,40.46,0
11392,0,1,3,4,32,True,191,15,186,4026,40.26,0
11393,0,1,3,4,19,False,229,8,148,2196,21.96,0
11394,0,1,2,4,30,True,11,3,61,829,8.29,0
11395,0,1,3,4,22,True,229,8,127,2175,21.75,0
11396,0,1,2,4,16,False,7,14,223,3807,38.07,0
11397,0,1,2,4,29,True,7,14,204,3788,37.88,0
11398,0,1,3,4,21,False,168,6,90,1626,16.26,0
11399,0,1,3,4,19,True,177,6,114,1650,16.5,0
11400,0,1,3,4,27,False,166,12,242,3314,33.14,0
11401,0,1,3,4,21,True,130,13,64,3392,33.92,0
11402,0,1,1,4,10,True,120,2,98,610,6.1,0
11403,0,1,3,4,20,True,55,10,87,2647,26.47,0
11404,0,1,3,4,31,True,6,14,28,3612,36.12,0
11405,0,1,17,7,31,True,0,10,0,2560,25.6,167772160
11406,0,155,0,0,0,False,0,0,10,10,0.1,446831617
11407,0,-1,-1,-1,-1,True,-1,-1,-1,-1,-1.0,-1
11408,0,-1,-1,-1,-1,True,-1,-1,-1,-1,-1.0,-1
11409,0,-1,-1,-1,-1,True,-1,-1,-1,-1,-1.0,-1
11410,0,1,3,4,32,False,174,0,89,89,0.89,0
11411,0,1,3,4,34,True,174,1,18,274,2.74,0
11412,0,1,3,4,0,False,207,9,28,2332,23.32,0
11413,0,1,3,4,34,True,207,0,204,204,2.04,0
11414,0,1,3,4,27,False,208,2,90,602,6.02,0
11415,0,1,3,4,26,True,208,2,64,576,5.76,0
11416,0,1,3,4,22,False,139,5,90,1370,13.7,0
11417,0,1,1,4,26,True,142,14,177,3761,37.61,0
11418,0,1,3,4,14,True,139,5,68,1348,13.48,0
11419,0,1,1,4,33,False,142,13,20,3348,33.48,0
11420,0,1,3,4,20,True,152,7,155,1947,19.47,0
11421,0,1,3,4,22,True,152,7,134,1926,19.26,0
11422,0,1,3,4,0,False,140,12,0,3072,30.72,117440512
11423,0,-1,-1,-1,-1,True,-1,-1,-1,-1,-1.0,-1
11424,0,-1,-1,-1,-1,True,-1,-1,-1,-1,-1.0,-1
11425,0,-1,-1,-1,-1,True,-1,-1,-1,-1,-1.0,-1
11426,0,-1,-1,-1,-1,True,-1,-1,-1,-1,-1.0,-1
11427,0,-1,-1,-1,-1,True,-1,-1,-1,-1,-1.0,-1
11428,0,-1,-1,-1,-1,True,-1,-1,-1,-1,-1.0,-1
11429,0,1,19,7,28,False,152,5,0,1280,12.8,662664
11430,0,1,27,1,11,False,0,0,0,0,0.0,0
11431,0,1,17,6,28,False,157,9,11,2315,23.15,7287
11432,0,1,1,3,35,True,15,6,10,1546,15.46,28
11433,0,-1,-1,-1,-1,True,-1,-1,-1,-1,-1.0,-1
11434,0,-1,-1,-1,-1,True,-1,-1,-1,-1,-1.0,-1
11435,0,1,2,4,29,True,206,2,164,676,6.76,0
11436,0,1,3,4,27,False,10,11,0,2816,28.16,167772160
11437,0,-1,-1,-1,-1,True,-1,-1,-1,-1,-1.0,-1
11438,0,188,0,0,0,False,0,0,10,10,0.1,0
11439,0,-1,-1,-1,-1,True,-1,-1,-1,-1,-1.0,-1
11440,0,51,0,0,0,False,0,0,10,10,0.1,1503271937
11441,0,166,0,0,0,False,0,0,10,10,0.1,0
11442,0,-1,-1,-1,-1,True,-1,-1,-1,-1,-1.0,-1
11443,0,41,0,0,0,False,0,0,10,10,0.1,4003208193
11444,0,-1,-1,-1,-1,True,-1,-1,-1,-1,-1.0,-1
11445,0,-1,-1,-1,-1,True,-1,-1,-1,-1,-1.0,-1
11446,0,1,3,4,18,False,177,13,249,3577,35.77,0
11447,0,1,3,4,25,True,177,13,227,3555,35.55,0
11448,0,1,3,4,32,False,190,15,114,3954,39.54,0
11449,0,1,3,4,34,True,190,15,90,3930,39.3,0
11450,0,1,3,4,14,False,252,3,21,789,7.89,0
11451,0,1,3,4,34,True,66,2,253,765,7.65,0
11452,0,1,3,4,23,False,47,11,11,2827,28.27,0
11453,0,1,3,4,27,True,47,10,244,2804,28.04,0
11454,0,1,3,4,14,False,64,9,12,2316,23.16,26
11455,0,-1,-1,-1,-1,True,-1,-1,-1,-1,-1.0,-1
11456,0,1,3,4,33,False,28,11,184,3000,30.0,0
11457,0,1,1,4,33,False,125,11,138,2954,29.54,0
11458,0,1,3,4,22,True,28,11,162,2978,29.78,0
11459,0,1,1,4,26,True,125,11,116,2932,29.32,0
11460,0,1,3,4,34,True,152,15,112,3952,39.52,0
11461,0,1,3,4,5,False,160,12,157,3229,32.29,0
11462,0,1,27,3,5,False,138,12,0,3072,30.72,0
11463,0,1,18,3,33,False,8,1,0,256,2.56,0
11464,0,1,3,4,26,False,95,11,82,2898,28.98,0
11465,0,1,3,4,2,False,13,3,244,1012,10.12,0
11466,0,1,3,4,26,True,13,3,221,989,9.89,0
11467,0,1,3,4,29,False,216,15,54,3894,38.94,0
11468,0,1,3,4,18,True,216,15,31,3871,38.71,0
11469,0,1,3,4,32,False,235,4,115,1139,11.39,0
11470,0,1,3,4,24,True,235,4,92,1116,11.16,0
11471,0,1,3,4,11,False,74,6,38,1574,15.74,0
11472,0,1,2,4,6,False,247,3,223,991,9.91,0
11473,0,1,3,4,24,True,116,3,201,969,9.69,0
11474,0,1,3,4,28,False,212,9,253,2557,25.57,0
11475,0,1,3,4,27,True,4,9,229,2533,25.33,0
11476,0,1,3,4,28,False,148,11,228,3044,30.44,0
11477,0,1,3,4,9,True,148,11,206,3022,30.22,0
11478,0,1,1,4,19,False,184,12,217,3289,32.89,0
11479,0,1,3,4,32,False,21,11,83,2899,28.99,0
11480,0,1,1,4,32,True,184,12,201,3273,32.73,0
11481,0,1,3,4,22,False,240,4,3,1027,10.27,0
11482,0,1,3,4,33,False,96,4,253,1277,12.77,0
11483,0,1,3,4,28,True,96,4,233,1257,12.57,0
11484,0,1,3,4,24,False,69,14,35,3619,36.19,0
11485,0,1,3,4,16,True,69,14,14,3598,35.98,0
11486,0,1,3,4,24,False,68,5,206,1486,14.86,0
11487,0,1,3,4,15,False,54,6,244,1780,17.8,0
11488,0,1,3,4,9,True,54,2,228,740,7.4,0
11489,0,1,3,4,18,False,250,4,250,1274,12.74,0
11490,0,1,3,4,19,False,247,15,117,3957,39.57,0
11491,0,1,3,4,24,True,247,15,96,3936,39.36,0
11492,0,1,3,4,17,False,75,5,98,1378,13.78,0
11493,0,1,3,4,32,True,75,5,78,1358,13.58,0
11494,0,1,3,4,31,False,166,11,218,3034,30.34,0
11495,0,1,3,4,18,True,165,11,199,3015,30.15,0
11496,0,1,3,4,17,False,84,7,40,1832,18.32,0
11497,0,1,3,4,12,True,84,7,19,1811,18.11,0
11498,0,1,3,4,31,False,14,12,15,3087,30.87,169
11499,0,-1,-1,-1,-1,True,-1,-1,-1,-1,-1.0,-1
11500,0,1,3,4,24,True,229,5,51,1331,13.31,0
11501,0,1,3,4,23,False,228,11,162,2978,29.78,0
11502,0,1,3,4,23,True,228,11,143,2959,29.59,0
11503,0,1,3,4,15,False,46,4,27,1051,10.51,0
11504,0,1,3,4,31,True,46,4,8,1032,10.32,0
11505,0,1,3,4,25,True,63,6,84,1620,16.2,0
11506,0,1,3,4,11,False,61,0,62,62,0.62,0
11507,0,1,3,4,14,False,60,15,125,3965,39.65,0
11508,0,1,3,4,13,False,60,8,127,2175,21.75,0
11509,0,1,3,4,26,True,12,11,0,2816,28.16,167772160
11510,0,-1,-1,-1,-1,True,-1,-1,-1,-1,-1.0,-1
11511,0,228,0,0,0,False,0,0,10,10,0.1,2702908417
11512,0,-1,-1,-1,-1,True,-1,-1,-1,-1,-1.0,-1
11513,0,-1,-1,-1,-1,True,-1,-1,-1,-1,-1.0,-1
11514,0,-1,-1,-1,-1,True,-1,-1,-1,-1,-1.0,-1
11515,0,-1,-1,-1,-1,True,-1,-1,-1,-1,-1.0,-1
11516,0,1,3,4,12,True,60,12,42,3114,31.14,0
11517,0,1,3,4,13,True,60,2,59,571,5.71,0
11518,0,1,3,4,25,False,86,9,244,2548,25.48,0
11519,0,1,3,4,32,True,85,7,8,1800,18.0,182
11520,0,-1,-1,-1,-1,True,-1,-1,-1,-1,-1.0,-1
11521,0,1,3,4,23,True,82,12,15,3087,30.87,0
11522,0,1,1,4,14,True,71,8,162,2210,22.1,0
11523,0,1,3,4,22,True,167,9,13,2317,23.17,44
11524,0,-1,-1,-1,-1,True,-1,-1,-1,-1,-1.0,-1
11525,0,1,3,4,2,False,152,9,249,2553,25.53,0
11526,0,1,3,4,14,True,12,10,0,2560,25.6,167772160
11527,0,-1,-1,-1,-1,True,-1,-1,-1,-1,-1.0,-1
11528,0,-1,-1,-1,-1,True,-1,-1,-1,-1,-1.0,-1
11529,0,-1,-1,-1,-1,True,-1,-1,-1,-1,-1.0,-1
11530,0,-1,-1,-1,-1,True,-1,-1,-1,-1,-1.0,-1
11531,0,-1,-1,-1,-1,True,-1,-1,-1,-1,-1.0,-1
11532,0,1,3,4,34,True,102,3,108,876,8.76,0
11533,0,1,3,4,22,False,8,0,70,70,0.7,0
11534,0,1,2,4,24,False,51,3,73,841,8.41,0
11535,0,1,3,4,28,True,8,0,49,49,0.49,0
11536,0,1,2,4,25,False,46,13,200,3528,35.28,0
11537,0,1,1,4,27,False,215,2,209,721,7.21,0
11538,0,1,2,4,34,True,46,13,178,3506,35.06,0
11539,0,1,1,4,26,True,215,2,187,699,6.99,0
11540,0,1,3,4,25,True,180,10,34,2594,25.94,0
11541,0,1,3,4,23,False,89,2,203,715,7.15,0
11542,0,1,3,4,23,True,89,2,184,696,6.96,0
11543,0,1,3,4,33,False,215,14,222,3806,38.06,0
11544,0,1,3,4,27,True,215,14,203,3787,37.87,0
11545,0,1,3,4,29,False,1,9,0,2304,23.04,167772160
11546,0,-1,-1,-1,-1,True,-1,-1,-1,-1,-1.0,-1
11547,0,252,0,0,0,False,0,0,10,10,0.1,1276517377
11548,0,26,0,0,0,False,0,0,10,10,0.1,1
11549,0,5,0,0,0,False,0,0,10,10,0.1,1
11550,0,135,0,0,0,False,0,0,10,10,0.1,3876264961
11551,0,-1,-1,-1,-1,True,-1,-1,-1,-1,-1.0,-1
11552,0,-1,-1,-1,-1,True,-1,-1,-1,-1,-1.0,-1
11553,0,-1,-1,-1,-1,True,-1,-1,-1,-1,-1.0,-1
11554,0,1,3,4,9,True,231,5,190,1470,14.7,0
11555,0,1,3,4,25,False,18,4,193,1217,12.17,0
11556,0,1,3,4,24,True,18,4,170,1194,11.94,0
11557,0,1,3,4,26,False,31,12,192,3264,32.64,0
11558,0,1,3,4,15,True,31,12,170,3242,32.42,0
11559,0,1,3,4,14,False,220,5,105,1385,13.85,0
11560,0,1,3,4,25,True,220,5,80,1360,13.6,0
11561,0,1,3,4,30,False,95,8,86,2134,21.34,0
11562,0,1,3,4,23,True,95,8,62,2110,21.1,0
11563,0,1,3,4,17,False,126,14,242,3826,38.26,0
11564,0,1,3,4,18,False,125,1,224,480,4.8,0
11565,0,1,3,4,29,True,126,14,222,3806,38.06,0
11566,0,1,3,4,30,True,125,1,204,460,4.6,0
11567,0,1,3,4,29,False,111,9,167,2471,24.71,0
11568,0,1,3,4,22,True,249,8,207,2255,22.55,0
11569,0,1,3,4,18,True,249,8,183,2231,22.31,0
11570,0,1,3,4,17,False,74,7,29,1821,18.21,0
11571,0,1,3,4,21,True,74,7,8,1800,18.0,0
11572,0,1,3,4,18,False,219,9,26,2330,23.3,0
11573,0,1,3,4,20,True,219,9,4,2308,23.08,0
11574,0,1,3,4,4,False,93,10,167,2727,27.27,0
11575,0,1,3,4,26,True,93,10,147,2707,27.07,0
11576,0,1,3,4,32,False,23,7,238,2030,20.3,0
11577,0,1,3,4,32,True,23,7,220,2012,20.12,0
11578,0,1,3,4,24,True,158,11,9,2825,28.25,192
11579,0,-1,-1,-1,-1,True,-1,-1,-1,-1,-1.0,-1
11580,0,1,3,4,26,False,68,11,99,2915,29.15,0
11581,0,1,2,4,19,False,110,5,233,1513,15.13,0
11582,0,1,3,4,9,True,68,11,78,2894,28.94,0
11583,0,1,2,4,32,True,109,5,215,1495,14.95,0
11584,0,1,3,4,15,False,201,4,11,1035,10.35,0
11585,0,1,3,4,24,True,201,3,245,1013,10.13,0
11586,0,1,3,4,26,False,234,6,158,1694,16.94,0
11587,0,1,3,4,6,True,234,6,136,1672,16.72,0
11588,0,1,3,4,26,False,99,9,91,2395,23.95,0
11589,0,1,3,4,34,True,99,9,69,2373,23.73,0
11590,0,1,3,4,22,False,52,6,63,1599,15.99,0
11591,0,1,3,4,30,True,52,6,41,1577,15.77,0
11592,0,1,3,4,4,False,252,12,14,3086,30.86,0
11593,0,1,3,4,2,False,251,14,223,3807,38.07,39437
11594,0,-1,-1,-1,-1,True,-1,-1,-1,-1,-1.0,-1
11595,0,-1,-1,-1,-1,True,-1,-1,-1,-1,-1.0,-1
11596,0,1,3,4,14,False,96,1,57,313,3.13,0
11597,0,1,3,4,15,True,96,1,31,287,2.87,0
11598,0,1,3,4,26,False,106,13,83,3411,34.11,0
11599,0,1,3,4,34,True,106,13,61,3389,33.89,0
11600,0,1,3,4,32,False,229,2,187,699,6.99,0
11601,0,1,3,4,19,True,198,4,85,1109,11.09,0
11602,0,1,3,4,27,False,28,4,157,1181,11.81,0
11603,0,1,3,4,34,True,28,4,129,1153,11.53,0
11604,0,1,3,4,17,False,231,10,127,2687,26.87,0
11605,0,1,3,4,15,True,231,10,104,2664,26.64,0
11606,0,1,3,4,32,False,56,1,141,397,3.97,0
11607,0,1,3,4,29,False,204,3,28,796,7.96,0
11608,0,1,3,4,30,True,56,3,6,774,7.74,0
11609,0,1,3,4,32,True,29,0,0,0,0.0,17432576
11610,0,158,1,4,8,False,240,0,0,0,0.0,17629184
11611,0,-1,-1,-1,-1,True,-1,-1,-1,-1,-1.0,-1
11612,0,1,3,4,26,True,221,5,61,1341,13.41,0
11613,0,1,3,4,20,False,243,3,224,992,9.92,0
11614,0,1,3,4,21,True,243,3,200,968,9.68,0
11615,0,1,3,4,7,False,53,15,193,4033,40.33,0
11616,0,1,3,4,30,True,28,15,173,4013,40.13,0
11617,0,1,3,4,26,False,191,1,15,271,2.71,163
11618,0,-1,-1,-1,-1,True,-1,-1,-1,-1,-1.0,-1
11619,0,1,3,4,22,False,194,11,6,2822,28.22,0
11620,0,1,2,4,5,False,41,11,72,2888,28.88,0
11621,0,1,3,4,23,True,194,5,81,1361,13.61,0
11622,0,1,3,4,6,True,103,5,61,1341,13.41,0
11623,0,1,3,4,0,False,245,2,116,628,6.28,0
11624,0,1,3,4,27,True,245,2,93,605,6.05,0
11625,0,1,3,4,12,False,209,13,1,3329,33.29,53
11626,0,-1,-1,-1,-1,True,-1,-1,-1,-1,-1.0,-1
11627,0,1,3,4,25,True,77,1,29,285,2.85,0
11628,0,1,3,4,29,False,18,7,163,1955,19.55,0
11629,0,1,3,4,27,True,18,7,20,1812,18.12,0
11630,0,1,3,4,28,True,182,6,255,1791,17.91,0
11631,0,1,3,4,32,False,181,0,186,186,1.86,0
11632,0,1,3,4,14,True,181,0,165,165,1.65,0
11633,0,1,3,4,27,False,72,13,86,3414,34.14,0
11634,0,1,3,4,23,True,81,13,66,3394,33.94,0
11635,0,1,3,4,17,False,122,10,12,2572,25.72,176
11636,0,-1,-1,-1,-1,True,-1,-1,-1,-1,-1.0,-1
11637,0,1,2,4,31,True,193,1,55,311,3.11,0
11638,0,1,3,4,28,False,29,9,11,2315,23.15,0
11639,0,1,24,3,23,True,2,11,0,2816,28.16,0
11640,0,1,3,4,17,True,151,13,4,3332,33.32,184
11641,0,-1,-1,-1,-1,True,-1,-1,-1,-1,-1.0,-1
11642,0,1,3,4,30,False,98,1,95,351,3.51,0
11643,0,1,1,4,32,True,141,4,165,1189,11.89,0
11644,0,1,3,4,1,False,74,12,17,3089,30.89,0
11645,0,1,8,1,2,False,0,0,0,0,0.0,0
11646,0,1,8,2,28,False,22,0,0,0,0.0,0
11647,0,1,3,0,0,False,0,0,0,0,0.0,0
11648,0,1,1,4,40,False,28,5,24,1304,13.04,0
11649,0,1,1,4,18,False,28,12,16,3088,30.88,0
11650,0,1,0,4,40,True,28,1,16,272,2.72,0
11651,0,1,0,4,17,True,28,7,240,2032,20.32,0
11652,0,1,0,2,45,True,28,0,0,0,0.0,0
11653,0,1,19,6,48,True,2,7,28,1820,18.2,30496
11654,0,1,1,0,0,False,0,0,0,0,0.0,0
11655,0,1,9,7,15,False,166,0,0,0,0.0,17432576
11656,0,30,0,0,0,False,0,0,10,10,0.1,4221045761
11657,0,-1,-1,-1,-1,True,-1,-1,-1,-1,-1.0,-1
11658,0,-1,-1,-1,-1,True,-1,-1,-1,-1,-1.0,-1
11659,0,-1,-1,-1,-1,True,-1,-1,-1,-1,-1.0,-1
11660,0,1,3,4,19,False,171,13,233,3561,35.61,0
11661,0,1,3,4,15,False,255,1,136,392,3.92,0
11662,0,1,1,4,21,True,112,0,9,9,0.09,0
11663,0,1,3,4,15,True,255,1,116,372,3.72,0
11664,0,1,1,4,28,False,13,10,0,2560,25.6,167772160
11665,0,-1,-1,-1,-1,True,-1,-1,-1,-1,-1.0,-1
11666,0,147,0,7,33,False,0,0,0,0,0.0,201394688
11667,0,-1,-1,-1,-1,True,-1,-1,-1,-1,-1.0,-1
11668,0,-1,-1,-1,-1,True,-1,-1,-1,-1,-1.0,-1
11669,0,1,3,4,7,False,3,12,0,3072,30.72,167772160
11670,0,-1,-1,-1,-1,True,-1,-1,-1,-1,-1.0,-1
11671,0,-1,-1,-1,-1,True,-1,-1,-1,-1,-1.0,-1
11672,0,-1,-1,-1,-1,True,-1,-1,-1,-1,-1.0,-1
11673,0,-1,-1,-1,-1,True,-1,-1,-1,-1,-1.0,-1
11674,0,1,3,4,26,False,232,3,33,801,8.01,0
11675,0,1,3,4,24,True,232,3,10,778,7.78,0
11676,0,1,3,4,33,False,31,6,16,1552,15.52,0
11677,0,1,3,4,16,True,31,5,251,1531,15.31,0
11678,0,1,3,4,24,False,231,10,222,2782,27.82,0
11679,0,1,2,4,28,False,12,3,0,768,7.68,167772160
11680,0,-1,-1,-1,-1,True,-1,-1,-1,-1,-1.0,-1
11681,0,87,0,0,0,False,0,0,10,10,0.1,2593922049
11682,0,-1,-1,-1,-1,True,-1,-1,-1,-1,-1.0,-1
11683,0,-1,-1,-1,-1,True,-1,-1,-1,-1,-1.0,-1
11684,0,1,3,4,10,False,34,4,34,1058,10.58,0
11685,0,1,3,4,25,True,34,12,21,3093,30.93,14221905
11686,0,-1,-1,-1,-1,True,-1,-1,-1,-1,-1.0,-1
11687,0,-1,-1,-1,-1,True,-1,-1,-1,-1,-1.0,-1
11688,0,-1,-1,-1,-1,True,-1,-1,-1,-1,-1.0,-1
11689,0,1,3,4,16,True,81,2,195,707,7.07,0
11690,0,1,3,4,14,False,122,12,201,3273,32.73,0
11691,0,1,3,4,15,False,122,5,31,1311,13.11,0
11692,0,1,3,4,15,True,12,3,0,768,7.68,167772160
11693,0,-1,-1,-1,-1,True,-1,-1,-1,-1,-1.0,-1
11694,0,60,0,0,0,False,0,0,10,10,0.1,354425857
11695,0,-1,-1,-1,-1,True,-1,-1,-1,-1,-1.0,-1
11696,0,-1,-1,-1,-1,True,-1,-1,-1,-1,-1.0,-1
11697,0,-1,-1,-1,-1,True,-1,-1,-1,-1,-1.0,-1
11698,0,-1,-1,-1,-1,True,-1,-1,-1,-1,-1.0,-1
11699,0,1,3,4,6,True,81,6,66,1602,16.02,0
11700,0,1,1,4,32,False,83,8,201,2249,22.49,0
11701,0,1,3,4,32,False,11,6,0,1536,15.36,167772160
11702,0,-1,-1,-1,-1,True,-1,-1,-1,-1,-1.0,-1
11703,0,160,0,0,0,False,0,0,10,10,0.1,1797331969
11704,0,-1,-1,-1,-1,True,-1,-1,-1,-1,-1.0,-1
11705,0,-1,-1,-1,-1,True,-1,-1,-1,-1,-1.0,-1
11706,0,-1,-1,-1,-1,True,-1,-1,-1,-1,-1.0,-1
11707,0,-1,-1,-1,-1,True,-1,-1,-1,-1,-1.0,-1
11708,0,1,3,4,16,True,107,14,197,3781,37.81,0
11709,0,1,3,4,28,False,222,3,186,954,9.54,0
11710,0,1,3,4,25,True,248,3,165,933,9.33,0
11711,0,1,3,4,31,False,120,13,158,3486,34.86,0
11712,0,1,2,4,3,False,97,5,24,1304,13.04,0
11713,0,1,3,4,24,True,120,13,137,3465,34.65,0
11714,0,1,2,4,27,True,97,5,4,1284,12.84,0
11715,0,1,3,4,28,False,253,6,9,1545,15.45,36
11716,0,-1,-1,-1,-1,True,-1,-1,-1,-1,-1.0,-1
11717,0,1,1,4,28,True,147,9,97,2401,24.01,0
11718,0,1,3,4,3,False,87,12,16,3088,30.88,0
11719,0,1,29,2,11,False,145,0,0,0,0.0,0
11720,0,1,3,4,18,False,48,1,123,379,3.79,0
11721,0,1,3,4,27,True,48,1,102,358,3.58,0
11722,0,1,3,4,0,False,176,2,240,752,7.52,0
11723,0,1,3,4,24,True,176,14,4,3588,35.88,178
11724,0,-1,-1,-1,-1,True,-1,-1,-1,-1,-1.0,-1
11725,0,1,3,4,22,True,30,4,156,1180,11.8,0
11726,0,1,3,4,4,False,19,15,24,3864,38.64,0
11727,0,1,3,4,3,False,19,6,150,1686,16.86,0
11728,0,1,3,4,26,True,19,6,129,1665,16.65,0
11729,0,1,3,4,23,False,123,12,133,3205,32.05,0
11730,0,1,3,4,17,True,183,4,214,1238,12.38,0
11731,0,1,3,4,29,False,106,1,187,443,4.43,0
11732,0,1,3,4,25,True,106,1,164,420,4.2,0
11733,0,1,3,4,0,False,181,8,11,2059,20.59,0
11734,0,1,3,4,34,True,181,7,244,2036,20.36,0
11735,0,1,3,4,22,False,197,11,34,2850,28.5,0
11736,0,1,1,4,14,False,2,2,0,512,5.12,167772160
11737,0,-1,-1,-1,-1,True,-1,-1,-1,-1,-1.0,-1
11738,0,-1,-1,-1,-1,True,-1,-1,-1,-1,-1.0,-1
11739,0,-1,-1,-1,-1,True,-1,-1,-1,-1,-1.0,-1
11740,0,-1,-1,-1,-1,True,-1,-1,-1,-1,-1.0,-1
11741,0,-1,-1,-1,-1,True,-1,-1,-1,-1,-1.0,-1
11742,0,-1,-1,-1,-1,True,-1,-1,-1,-1,-1.0,-1
11743,0,1,3,4,23,True,222,1,97,353,3.53,0
11744,0,1,3,4,14,False,97,0,129,129,1.29,0
11745,0,1,3,4,20,True,97,0,105,105,1.05,0
11746,0,1,3,4,27,False,221,6,132,1668,16.68,0
11747,0,1,3,4,33,True,221,12,235,3307,33.07,0
11748,0,1,3,4,23,False,67,15,235,4075,40.75,0
11749,0,1,3,4,26,True,67,15,213,4053,40.53,0
11750,0,1,3,4,10,False,83,3,100,868,8.68,0
11751,0,1,3,4,4,False,226,5,48,1328,13.28,0
11752,0,1,3,4,27,False,226,0,217,217,2.17,0
11753,0,1,3,4,13,True,226,0,192,192,1.92,0
11754,0,1,3,4,18,True,226,5,27,1307,13.07,0
11755,0,1,3,4,4,False,116,4,187,1211,12.11,0
11756,0,1,3,4,18,True,10,8,0,2048,20.48,167772160
11757,0,-1,-1,-1,-1,True,-1,-1,-1,-1,-1.0,-1
11758,0,193,0,0,0,False,0,0,10,10,0.1,2711686145
11759,0,-1,-1,-1,-1,True,-1,-1,-1,-1,-1.0,-1
11760,0,1,3,4,30,True,82,15,171,4011,40.11,0
11761,0,1,3,4,33,True,14,4,28,1052,10.52,0
11762,0,1,19,7,33,True,14,1,0,256,2.56,167772160
11763,0,241,0,0,0,False,0,0,10,10,0.1,0
11764,0,-1,-1,-1,-1,True,-1,-1,-1,-1,-1.0,-1
11765,0,217,0,0,0,False,0,0,10,10,0.1,0
11766,0,-1,-1,-1,-1,True,-1,-1,-1,-1,-1.0,-1
11767,0,99,0,1,13,True,0,0,0,0,0.0,469830144
11768,0,-1,-1,-1,-1,True,-1,-1,-1,-1,-1.0,-1
11769,0,-1,-1,-1,-1,True,-1,-1,-1,-1,-1.0,-1
11770,0,-1,-1,-1,-1,True,-1,-1,-1,-1,-1.0,-1
11771,0,-1,-1,-1,-1,True,-1,-1,-1,-1,-1.0,-1
11772,0,1,3,4,31,False,245,4,132,1156,11.56,0
11773,0,1,3,4,31,True,245,4,115,1139,11.39,0
11774,0,1,3,4,0,False,90,7,105,1897,18.97,0
11775,0,1,3,4,34,True,90,5,2,1282,12.82,27
11776,0,-1,-1,-1,-1,True,-1,-1,-1,-1,-1.0,-1
11777,0,1,3,4,25,False,142,14,254,3838,38.38,0
11778,0,1,3,4,22,True,141,14,232,3816,38.16,0
11779,0,1,3,4,26,False,16,6,149,1685,16.85,0
11780,0,1,3,4,7,True,130,12,236,3308,33.08,0
11781,0,1,3,4,29,False,88,14,44,3628,36.28,0
11782,0,1,3,4,14,True,9,15,0,3840,38.4,167772160
11783,0,-1,-1,-1,-1,True,-1,-1,-1,-1,-1.0,-1
11784,0,43,0,0,0,False,0,0,10,10,0.1,1662983169
11785,0,-1,-1,-1,-1,True,-1,-1,-1,-1,-1.0,-1
11786,0,1,3,4,22,True,99,5,160,1440,14.4,0
11787,0,1,3,4,11,False,80,13,49,3377,33.77,0
11788,0,1,3,4,27,True,80,13,26,3354,33.54,0
11789,0,1,3,4,26,False,0,0,0,0,0.0,318834944
11790,0,-1,-1,-1,-1,True,-1,-1,-1,-1,-1.0,-1
11791,0,-1,-1,-1,-1,True,-1,-1,-1,-1,-1.0,-1
11792,0,-1,-1,-1,-1,True,-1,-1,-1,-1,-1.0,-1
11793,0,1,3,4,6,True,19,3,219,987,9.87,0
11794,0,1,3,4,32,False,9,8,171,2219,22.19,0
11795,0,1,3,4,31,False,8,15,181,4021,40.21,0
11796,0,1,3,4,16,True,9,8,148,2196,21.96,0
11797,0,1,3,4,19,True,8,15,161,4001,40.01,0
11798,0,1,3,4,0,False,63,2,123,635,6.35,0
11799,0,1,3,4,34,True,212,9,181,2485,24.85,0
11800,0,1,3,4,12,False,125,0,239,239,2.39,0
11801,0,1,3,4,34,True,125,0,217,217,2.17,0
11802,0,1,3,4,12,False,105,2,140,652,6.52,0
11803,0,1,3,4,34,True,105,2,118,630,6.3,0
11804,0,1,3,4,28,False,56,9,46,2350,23.5,0
11805,0,1,3,4,21,True,4,13,0,3328,33.28,167772160
11806,0,-1,-1,-1,-1,True,-1,-1,-1,-1,-1.0,-1
11807,0,176,1,3,11,True,0,0,0,0,0.0,469830144
11808,0,-1,-1,-1,-1,True,-1,-1,-1,-1,-1.0,-1
11809,0,-1,-1,-1,-1,True,-1,-1,-1,-1,-1.0,-1
11810,0,1,3,4,0,False,207,14,0,3584,35.84,0
11811,0,1,3,4,34,True,207,8,146,2194,21.94,0
11812,0,1,3,4,0,False,227,14,126,3710,37.1,0
11813,0,1,3,4,34,True,227,14,102,3686,36.86,0
11814,0,1,3,4,24,False,51,4,14,1038,10.38,0
11815,0,1,3,4,13,True,51,3,248,1016,10.16,0
11816,0,1,3,4,15,False,236,10,165,2725,27.25,0
11817,0,1,3,4,25,True,236,10,143,2703,27.03,0
11818,0,1,3,4,30,False,95,5,194,1474,14.74,0
11819,0,1,3,4,23,True,95,5,169,1449,14.49,0
11820,0,1,3,4,9,False,143,3,181,949,9.49,0
11821,0,1,3,4,24,True,143,6,5,1541,15.41,156
11822,0,-1,-1,-1,-1,True,-1,-1,-1,-1,-1.0,-1
11823,0,1,3,4,34,True,134,5,132,1412,14.12,0
11824,0,1,3,4,6,False,150,12,18,3090,30.9,0
11825,0,1,3,4,28,True,150,11,254,3070,30.7,0
11826,0,1,3,4,28,False,32,11,214,3030,30.3,0
11827,0,1,3,4,25,True,32,11,191,3007,30.07,0
11828,0,1,3,4,15,False,11,12,0,3072,30.72,167772160
11829,0,-1,-1,-1,-1,True,-1,-1,-1,-1,-1.0,-1
11830,0,8,0,3,32,False,0,0,0,0,0.0,469830144
11831,0,-1,-1,-1,-1,True,-1,-1,-1,-1,-1.0,-1
11832,0,-1,-1,-1,-1,True,-1,-1,-1,-1,-1.0,-1
11833,0,1,3,4,24,False,88,7,98,1890,18.9,0
11834,0,1,3,4,26,True,88,7,76,1868,18.68,0
11835,0,1,3,4,19,False,175,6,11,1547,15.47,0
11836,0,1,3,4,18,False,172,11,191,3007,30.07,0
11837,0,1,3,4,18,True,4,8,113,2161,21.61,0
11838,0,1,3,4,29,False,198,8,101,2149,21.49,0
11839,0,1,3,4,27,True,198,8,77,2125,21.25,0
11840,0,1,3,4,17,False,196,9,99,2403,24.03,0
11841,0,1,3,4,18,True,154,4,115,1139,11.39,0
11842,0,1,3,4,0,False,229,11,205,3021,30.21,0
11843,0,1,3,4,34,True,3,2,0,512,5.12,167772160
11844,0,-1,-1,-1,-1,True,-1,-1,-1,-1,-1.0,-1
11845,0,-1,-1,-1,-1,True,-1,-1,-1,-1,-1.0,-1
11846,0,-1,-1,-1,-1,True,-1,-1,-1,-1,-1.0,-1
11847,0,-1,-1,-1,-1,True,-1,-1,-1,-1,-1.0,-1
11848,0,1,3,4,26,False,176,13,242,3570,35.7,0
11849,0,1,3,4,27,True,235,13,219,3547,35.47,0
11850,0,1,3,4,30,False,36,4,253,1277,12.77,0
11851,0,1,3,4,20,True,36,4,229,1253,12.53,0
11852,0,1,3,4,8,False,14,10,234,2794,27.94,0
11853,0,1,3,4,15,True,2,10,212,2772,27.72,0
11854,0,1,3,4,30,False,188,4,42,1066,10.66,0
11855,0,1,3,4,19,True,188,4,20,1044,10.44,0
11856,0,1,3,4,28,False,44,14,2,3586,35.86,0
11857,0,1,3,4,25,True,44,13,235,3563,35.63,0
11858,0,1,3,4,24,False,209,12,147,3219,32.19,12782158
11859,0,-1,-1,-1,-1,True,-1,-1,-1,-1,-1.0,-1
11860,0,-1,-1,-1,-1,True,-1,-1,-1,-1,-1.0,-1
11861,0,-1,-1,-1,-1,True,-1,-1,-1,-1,-1.0,-1
11862,0,1,3,4,28,False,77,3,225,993,9.93,0
11863,0,1,3,4,18,True,77,3,203,971,9.71,0
11864,0,1,3,4,19,False,3,13,0,3328,33.28,167772160
11865,0,-1,-1,-1,-1,True,-1,-1,-1,-1,-1.0,-1
11866,0,-1,-1,-1,-1,True,-1,-1,-1,-1,-1.0,-1
11867,0,-1,-1,-1,-1,True,-1,-1,-1,-1,-1.0,-1
11868,0,-1,-1,-1,-1,True,-1,-1,-1,-1,-1.0,-1
11869,0,1,3,4,14,False,30,13,120,3448,34.48,0
11870,0,1,3,4,28,True,30,13,97,3425,34.25,0
11871,0,1,3,4,25,False,84,14,97,3681,36.81,0
11872,0,1,3,4,22,True,84,14,74,3658,36.58,0
11873,0,1,3,4,22,False,39,11,70,2886,28.86,0
11874,0,1,3,4,26,True,72,11,50,2866,28.66,0
11875,0,1,3,4,26,False,186,1,238,494,4.94,0
11876,0,1,3,4,13,True,186,1,217,473,4.73,0
11877,0,1,3,4,25,False,207,9,249,2553,25.53,0
11878,0,1,3,4,25,True,151,9,230,2534,25.34,0
11879,0,1,3,4,27,False,252,0,9,9,0.09,0
11880,0,1,3,4,28,True,183,15,242,4082,40.82,0
11881,0,1,3,4,32,False,179,8,99,2147,21.47,0
11882,0,1,3,4,11,True,179,8,77,2125,21.25,0
11883,0,1,3,4,31,False,230,13,133,3461,34.61,0
11884,0,1,3,4,15,True,230,13,112,3440,34.4,0
11885,0,1,3,4,3,False,225,5,134,1414,14.14,0
11886,0,1,3,4,22,True,98,5,107,1387,13.87,0
11887,0,1,3,4,33,False,229,10,46,2606,26.06,0
11888,0,1,3,4,22,True,229,10,24,2584,25.84,0
11889,0,1,3,4,20,False,172,2,195,707,7.07,0
11890,0,1,3,4,28,True,172,2,172,684,6.84,0
11891,0,1,3,4,32,False,217,9,233,2537,25.37,0
11892,0,1,3,4,29,True,31,9,211,2515,25.15,0
11893,0,1,3,4,29,False,90,13,198,3526,35.26,0
11894,0,1,3,4,32,True,90,13,177,3505,35.05,0
11895,0,1,3,4,28,True,18,4,169,1193,11.93,0
11896,0,1,3,4,27,False,52,10,251,2811,28.11,0
11897,0,1,3,4,21,False,52,15,237,4077,40.77,0
11898,0,1,1,4,7,False,4,8,171,2219,22.19,0
11899,0,1,3,4,27,True,51,15,213,4053,40.53,0
11900,0,1,1,4,9,True,4,8,151,2199,21.99,0
11901,0,1,3,4,2,False,43,0,163,163,1.63,38428
11902,0,-1,-1,-1,-1,True,-1,-1,-1,-1,-1.0,-1
11903,0,-1,-1,-1,-1,True,-1,-1,-1,-1,-1.0,-1
11904,0,1,3,1,14,False,0,0,0,0,0.0,0
11905,0,1,29,7,28,False,8,6,9,1545,15.45,10362079
11906,0,1,6,6,9,False,9,6,0,1536,15.36,167772160
11907,0,73,0,1,55,False,0,0,0,0,0.0,0
11908,0,-1,-1,-1,-1,True,-1,-1,-1,-1,-1.0,-1
11909,0,1,1,4,24,False,90,10,17,2577,25.77,0
11910,0,1,2,4,29,False,24,7,11,1803,18.03,0
11911,0,1,1,4,30,True,90,10,0,2560,25.6,0
11912,0,1,3,4,32,True,24,6,245,1781,17.81,0
11913,0,1,3,4,59,False,10,4,28,1052,10.52,0
11914,0,1,18,6,59,False,8,7,0,1792,17.92,167772160
11915,0,100,0,0,0,False,0,0,10,10,0.1,7169
11916,0,30,0,0,0,False,0,0,10,10,0.1,2770082817
11917,0,-1,-1,-1,-1,True,-1,-1,-1,-1,-1.0,-1
11918,0,1,3,4,23,True,164,8,197,2245,22.45,0
11919,0,1,3,4,19,False,164,9,92,2396,23.96,0
11920,0,1,3,4,29,True,164,9,74,2378,23.78,0
11921,0,1,3,4,28,False,165,10,58,2618,26.18,0
11922,0,1,3,4,33,True,165,10,36,2596,25.96,0
11923,0,1,3,4,26,False,157,4,150,1174,11.74,0
11924,0,1,3,4,30,True,157,4,128,1152,11.52,0
11925,0,1,3,4,0,False,200,7,135,1927,19.27,0
11926,0,1,3,4,34,True,200,7,110,1902,19.02,0
11927,0,1,3,4,0,False,106,10,197,2757,27.57,0
11928,0,1,3,4,34,True,106,15,104,3944,39.44,0
11929,0,1,3,4,31,False,182,6,229,1765,17.65,0
11930,0,1,3,4,24,True,182,6,208,1744,17.44,0
11931,0,1,3,4,29,False,227,9,230,2534,25.34,0
11932,0,1,3,4,18,True,227,9,208,2512,25.12,0
11933,0,1,3,4,9,False,12,4,178,1202,12.02,0
11934,0,1,3,4,10,False,15,3,105,873,8.73,0
11935,0,1,3,4,11,False,12,3,113,881,8.81,0
11936,0,1,3,4,33,True,12,4,160,1184,11.84,0
11937,0,1,3,4,34,True,5,1,93,349,3.49,0
11938,0,1,3,4,18,False,55,1,105,361,3.61,0
11939,0,1,3,4,33,True,55,1,86,342,3.42,0
11940,0,1,3,4,17,False,80,3,230,998,9.98,0
11941,0,1,3,4,32,True,80,3,211,979,9.79,0
11942,0,1,3,4,20,False,209,12,70,3142,31.42,0
11943,0,1,3,4,33,True,73,14,83,3667,36.67,0
11944,0,1,2,4,8,True,212,3,44,812,8.12,0
11945,0,1,3,4,19,False,216,1,27,283,2.83,0
11946,0,1,3,4,30,True,216,1,8,264,2.64,0
11947,0,1,3,4,21,False,109,2,82,594,5.94,0
11948,0,1,3,4,8,True,108,15,1,3841,38.41,228
11949,0,-1,-1,-1,-1,True,-1,-1,-1,-1,-1.0,-1
11950,0,1,3,4,16,True,0,1,200,456,4.56,0
11951,0,1,3,4,17,True,241,4,148,1172,11.72,1492
11952,0,-1,-1,-1,-1,True,-1,-1,-1,-1,-1.0,-1
11953,0,-1,-1,-1,-1,True,-1,-1,-1,-1,-1.0,-1
11954,0,1,3,4,4,False,159,4,28,1052,10.52,0
11955,0,1,18,3,24,False,3,10,0,2560,25.6,0
11956,0,1,3,4,6,False,88,15,140,3980,39.8,0
11957,0,1,3,4,18,True,88,15,117,3957,39.57,0
11958,0,1,3,4,20,False,78,6,219,1755,17.55,0
11959,0,1,3,4,28,True,78,6,196,1732,17.32,0
11960,0,1,3,4,28,False,37,13,252,3580,35.8,0
11961,0,1,3,4,34,True,37,13,228,3556,35.56,0
11962,0,1,3,4,29,False,176,1,154,410,4.1,0
11963,0,1,3,4,28,True,176,1,131,387,3.87,0
11964,0,1,3,4,25,False,29,4,52,1076,10.76,0
11965,0,1,3,4,27,True,29,4,30,1054,10.54,0
11966,0,1,3,4,31,False,100,3,160,928,9.28,0
11967,0,1,3,4,17,True,100,3,138,906,9.06,0
11968,0,1,3,4,32,False,243,8,181,2229,22.29,0
11969,0,1,3,4,22,True,243,8,158,2206,22.06,0
11970,0,1,3,4,18,False,66,11,206,3022,30.22,0
11971,0,1,3,4,19,True,64,15,238,4078,40.78,0
11972,0,1,3,4,14,False,55,12,210,3282,32.82,0
11973,0,1,3,4,27,True,55,12,186,3258,32.58,0
11974,0,1,3,4,33,False,146,8,248,2296,22.96,0
11975,0,1,3,4,18,True,146,0,10,10,0.1,4010417153
11976,0,104,0,0,0,False,0,0,10,10,0.1,4020050945
11977,0,-1,-1,-1,-1,True,-1,-1,-1,-1,-1.0,-1
11978,0,1,3,4,14,False,154,1,105,361,3.61,0
11979,0,1,3,4,15,False,154,14,96,3680,36.8,0
11980,0,1,3,4,7,True,154,1,81,337,3.37,0
11981,0,1,3,4,8,True,154,4,82,1106,11.06,0
11982,0,1,3,4,18,False,237,11,173,2989,29.89,0
11983,0,1,3,4,28,True,237,0,4,4,0.04,44
11984,0,-1,-1,-1,-1,True,-1,-1,-1,-1,-1.0,-1
11985,0,1,3,4,21,True,63,4,20,1044,10.44,0
11986,0,1,3,4,33,False,3,15,0,3840,38.4,167772160
11987,0,-1,-1,-1,-1,True,-1,-1,-1,-1,-1.0,-1
11988,0,-1,-1,-1,-1,True,-1,-1,-1,-1,-1.0,-1
11989,0,-1,-1,-1,-1,True,-1,-1,-1,-1,-1.0,-1
11990,0,-1,-1,-1,-1,True,-1,-1,-1,-1,-1.0,-1
11991,0,-1,-1,-1,-1,True,-1,-1,-1,-1,-1.0,-1
11992,0,-1,-1,-1,-1,True,-1,-1,-1,-1,-1.0,-1
11993,0,1,3,4,33,True,115,10,116,2676,26.76,0
11994,0,1,3,4,6,False,143,12,180,3252,32.52,0
11995,0,1,3,4,5,True,143,12,158,3230,32.3,0
11996,0,1,3,5,15,True,11,3,0,768,7.68,167772160
11997,0,-1,-1,-1,-1,True,-1,-1,-1,-1,-1.0,-1
11998,0,117,0,0,0,False,0,0,10,10,0.1,1621236737
11999,0,186,0,0,0,False,0,0,10,10,0.1,7169
12000,0,66,1,5,30,True,0,0,0,0,0.0,469830144
12001,0,202,0,0,0,False,0,0,10,10,0.1,2735479809
12002,0,-1,-1,-1,-1,True,-1,-1,-1,-1,-1.0,-1
12003,0,-1,-1,-1,-1,True,-1,-1,-1,-1,-1.0,-1
12004,0,-1,-1,-1,-1,True,-1,-1,-1,-1,-1.0,-1
12005,0,1,3,4,16,True,163,4,31,1055,10.55,0
12006,0,1,3,4,31,False,70,8,226,2274,22.74,0
12007,0,1,3,4,21,True,70,8,205,2253,22.53,0
12008,0,1,3,4,18,False,189,9,196,2500,25.0,0
12009,0,1,3,4,19,False,186,15,223,4063,40.63,0
12010,0,1,3,4,18,True,7,14,0,3584,35.84,167772160
12011,0,-1,-1,-1,-1,True,-1,-1,-1,-1,-1.0,-1
12012,0,165,0,0,0,False,0,0,10,10,0.1,2912754689
12013,0,-1,-1,-1,-1,True,-1,-1,-1,-1,-1.0,-1
12014,0,-1,-1,-1,-1,True,-1,-1,-1,-1,-1.0,-1
12015,0,-1,-1,-1,-1,True,-1,-1,-1,-1,-1.0,-1
12016,0,-1,-1,-1,-1,True,-1,-1,-1,-1,-1.0,-1
12017,0,1,3,4,18,False,129,4,132,1156,11.56,0
12018,0,1,3,4,17,True,129,4,109,1133,11.33,0
12019,0,1,3,4,25,False,3,7,0,1792,17.92,167772160
12020,0,-1,-1,-1,-1,True,-1,-1,-1,-1,-1.0,-1
12021,0,-1,-1,-1,-1,True,-1,-1,-1,-1,-1.0,-1
12022,0,-1,-1,-1,-1,True,-1,-1,-1,-1,-1.0,-1
12023,0,-1,-1,-1,-1,True,-1,-1,-1,-1,-1.0,-1
12024,0,1,3,4,21,False,175,9,240,2544,25.44,0
12025,0,1,3,4,20,False,174,5,85,1365,13.65,0
12026,0,1,3,4,16,True,174,5,61,1341,13.41,0
12027,0,1,3,4,19,False,239,12,106,3178,31.78,0
12028,0,1,3,4,16,True,239,12,87,3159,31.59,0
12029,0,1,3,4,15,False,189,13,109,3437,34.37,0
12030,0,1,2,4,26,False,13,1,12,268,2.68,35
12031,0,-1,-1,-1,-1,True,-1,-1,-1,-1,-1.0,-1
12032,0,1,3,4,2,False,129,3,35,803,8.03,0
12033,0,1,3,4,24,True,132,2,211,723,7.23,0
12034,0,1,3,4,25,True,129,1,170,426,4.26,0
12035,0,1,3,4,29,False,86,15,224,4064,40.64,0
12036,0,1,3,4,13,True,86,15,202,4042,40.42,0
12037,0,1,3,4,14,False,197,4,56,1080,10.8,0
12038,0,1,3,4,20,True,197,0,37,37,0.37,0
12039,0,1,3,4,18,True,8,0,16,16,0.16,0
12040,0,1,3,4,0,False,11,6,233,1769,17.69,0
12041,0,1,3,4,34,True,11,6,208,1744,17.44,0
12042,0,1,3,4,11,False,248,2,28,540,5.4,0
12043,0,1,3,4,13,True,183,1,35,291,2.91,0
12044,0,1,3,4,28,True,183,1,12,268,2.68,0
12045,0,1,3,4,25,False,47,10,234,2794,27.94,0
12046,0,1,3,4,18,True,47,10,213,2773,27.73,0
12047,0,1,3,4,24,False,190,13,89,3417,34.17,0
12048,0,1,3,4,29,True,190,13,68,3396,33.96,0
12049,0,1,3,4,19,False,24,15,58,3898,38.98,0
12050,0,1,3,4,21,True,24,15,39,3879,38.79,0
12051,0,1,3,4,0,False,11,1,0,256,2.56,167772160
12052,0,-1,-1,-1,-1,True,-1,-1,-1,-1,-1.0,-1
12053,0,3,4,0,0,False,0,0,0,0,0.0,555483402
12054,0,-1,-1,-1,-1,True,-1,-1,-1,-1,-1.0,-1
12055,0,1,3,4,32,False,213,2,235,747,7.47,0
12056,0,1,3,4,5,True,213,2,214,726,7.26,0
12057,0,1,3,4,26,False,144,4,36,1060,10.6,0
12058,0,1,3,4,23,True,144,3,9,777,7.77,0
12059,0,1,3,4,24,True,145,4,4,1028,10.28,0
12060,0,1,3,4,11,False,202,13,241,3569,35.69,0
12061,0,1,3,4,33,True,202,13,219,3547,35.47,0
12062,0,1,3,4,19,False,210,4,86,1110,11.1,0
12063,0,1,3,4,24,True,210,4,66,1090,10.9,0
12064,0,1,3,4,15,False,17,2,201,713,7.13,0
12065,0,1,3,4,23,True,104,11,203,3019,30.19,0
12066,0,1,3,4,26,False,51,10,198,2758,27.58,0
12067,0,1,3,4,24,True,51,10,176,2736,27.36,0
12068,0,1,3,4,21,False,204,6,238,1774,17.74,0
12069,0,1,3,4,15,True,202,7,255,2047,20.47,0
12070,0,1,3,4,30,False,157,11,75,2891,28.91,0
12071,0,1,3,4,34,True,157,11,49,2865,28.65,0
12072,0,1,3,4,18,False,251,3,123,891,8.91,0
12073,0,1,2,4,25,False,84,14,78,3662,36.62,0
12074,0,1,1,4,31,False,159,15,11,3851,38.51,210
12075,0,-1,-1,-1,-1,True,-1,-1,-1,-1,-1.0,-1
12076,0,1,3,4,18,False,245,0,235,235,2.35,0
12077,0,1,3,4,27,True,245,0,214,214,2.14,0
12078,0,1,3,4,28,False,165,10,1,2561,25.61,4086959132
12079,0,-1,-1,-1,-1,True,-1,-1,-1,-1,-1.0,-1
12080,0,1,29,1,28,False,0,0,0,0,0.0,0
12081,0,1,5,1,5,False,251,0,0,0,0.0,0
12082,0,-1,-1,-1,-1,True,-1,-1,-1,-1,-1.0,-1
12083,0,1,3,4,21,True,152,5,231,1511,15.11,0
12084,0,1,3,4,10,False,125,8,217,2265,22.65,0
12085,0,1,3,4,25,True,125,8,193,2241,22.41,0
12086,0,1,3,4,1,False,181,15,169,4009,40.09,44813
12087,0,-1,-1,-1,-1,True,-1,-1,-1,-1,-1.0,-1
12088,0,-1,-1,-1,-1,True,-1,-1,-1,-1,-1.0,-1
12089,0,1,3,4,25,False,153,2,2,514,5.14,212
12090,0,-1,-1,-1,-1,True,-1,-1,-1,-1,-1.0,-1
12091,0,1,3,4,23,True,114,2,188,700,7.0,0
12092,0,1,3,4,33,False,25,14,0,3584,35.84,0
12093,0,1,3,4,17,True,25,13,234,3562,35.62,0
12094,0,1,3,4,9,False,161,13,123,3451,34.51,0
12095,0,1,3,4,6,True,160,13,98,3426,34.26,0
12096,0,1,3,4,25,False,84,7,142,1934,19.34,0
12097,0,1,3,4,23,True,83,7,120,1912,19.12,0
12098,0,1,3,4,0,False,226,6,121,1657,16.57,0
12099,0,1,3,4,27,True,150,15,151,3991,39.91,0
12100,0,1,3,4,16,False,130,1,177,433,4.33,0
12101,0,1,3,4,17,False,78,3,228,996,9.96,0
12102,0,1,3,4,29,False,203,10,31,2591,25.91,0
12103,0,1,3,4,5,True,78,6,4,1540,15.4,179
12104,0,-1,-1,-1,-1,True,-1,-1,-1,-1,-1.0,-1
12105,0,1,3,4,11,False,114,13,43,3371,33.71,0
12106,0,1,3,4,26,True,114,13,20,3348,33.48,0
12107,0,1,3,4,22,False,144,7,10,1802,18.02,0
12108,0,1,3,4,29,True,144,6,244,1780,17.8,0
12109,0,1,3,4,20,False,241,9,8,2312,23.12,51
12110,0,-1,-1,-1,-1,True,-1,-1,-1,-1,-1.0,-1
12111,0,1,3,4,15,False,8,3,28,796,7.96,0
12112,0,1,20,2,15,False,162,7,188,1980,19.8,0
12113,0,-1,-1,-1,-1,True,-1,-1,-1,-1,-1.0,-1
12114,0,-1,-1,-1,-1,True,-1,-1,-1,-1,-1.0,-1
12115,0,1,3,4,31,False,214,12,1,3073,30.73,0
12116,0,1,3,4,27,True,214,11,235,3051,30.51,0
12117,0,1,3,4,30,False,4,15,137,3977,39.77,0
12118,0,1,3,4,15,True,12,14,178,3762,37.62,0
12119,0,1,2,4,0,False,247,1,0,256,2.56,0
12120,0,1,3,4,15,False,9,13,165,3493,34.93,0
12121,0,1,2,4,34,True,247,12,56,3128,31.28,0
12122,0,1,3,4,22,False,176,12,134,3206,32.06,0
12123,0,1,3,4,23,False,176,10,17,2577,25.77,0
12124,0,1,3,4,31,True,41,9,252,2556,25.56,0
12125,0,1,1,4,1,False,63,2,208,720,7.2,0
12126,0,1,3,4,31,False,196,1,66,322,3.22,0
12127,0,1,1,4,9,True,63,2,186,698,6.98,0
12128,0,1,3,4,31,False,210,5,132,1412,14.12,0
12129,0,1,3,4,14,False,104,14,245,3829,38.29,0
12130,0,1,3,4,17,True,104,14,219,3803,38.03,0
12131,0,1,3,4,29,False,194,2,163,675,6.75,0
12132,0,1,3,4,22,True,93,0,4,4,0.04,0
12133,0,1,3,4,25,True,93,15,238,4078,40.78,0
12134,0,1,3,4,28,True,53,2,6,518,5.18,0
12135,0,1,3,4,30,False,52,13,227,3555,35.55,0
12136,0,1,3,4,25,True,153,4,68,1092,10.92,0
12137,0,1,3,4,30,False,60,14,252,3836,38.36,0
12138,0,1,3,4,21,True,39,0,6,6,0.06,0
12139,0,1,3,4,29,False,87,12,157,3229,32.29,0
12140,0,1,3,4,26,True,87,12,136,3208,32.08,0
12141,0,1,3,4,26,False,138,12,244,3316,33.16,0
12142,0,1,3,4,14,True,138,12,223,3295,32.95,0
12143,0,1,3,4,2,False,129,13,24,3352,33.52,0
12144,0,1,3,4,31,True,25,13,2,3330,33.3,0
12145,0,1,3,4,17,False,179,10,233,2793,27.93,0
12146,0,1,3,4,17,True,179,10,214,2774,27.74,0
12147,0,1,3,4,21,False,168,1,137,393,3.93,0
12148,0,1,3,4,34,True,150,13,141,3469,34.69,0
12149,0,1,3,4,28,True,150,13,119,3447,34.47,0
12150,0,1,3,4,29,False,122,4,6,1030,10.3,0
12151,0,1,3,4,22,True,122,3,12,780,7.8,250
12152,0,-1,-1,-1,-1,True,-1,-1,-1,-1,-1.0,-1
12153,0,1,3,4,18,True,55,11,14,2830,28.3,0
12154,0,1,3,4,20,True,16,0,115,115,1.15,0
12155,0,1,3,4,10,False,15,10,217,2777,27.77,0
12156,0,1,3,4,13,True,12,10,0,2560,25.6,167772160
12157,0,-1,-1,-1,-1,True,-1,-1,-1,-1,-1.0,-1
12158,0,9,1,2,52,False,0,0,0,0,0.0,68096
12159,0,138,4,6,12,False,24,0,0,0,0.0,17432576
12160,0,10,4,3,0,False,0,0,0,0,0.0,1835274
12161,0,5,3,4,0,False,0,0,0,0,0.0,267
12162,0,236,3,4,29,False,0,0,0,0,0.0,0
12163,0,1,2,5,14,False,39,12,161,3233,32.33,21
12164,0,1,1,6,18,False,28,2,21,533,5.33,41996
12165,0,1,3,4,23,False,221,13,127,3455,34.55,0
12166,0,1,3,4,0,False,144,1,240,496,4.96,0
12167,0,1,3,4,34,True,144,1,216,472,4.72,0
12168,0,1,3,4,21,False,13,12,137,3209,32.09,0
12169,0,1,3,4,21,True,13,12,118,3190,31.9,0
12170,0,1,3,4,14,False,37,12,153,3225,32.25,0
12171,0,1,3,4,18,True,37,12,129,3201,32.01,0
12172,0,1,3,4,20,True,3,9,99,2403,24.03,0
12173,0,1,3,4,22,False,2,15,200,4040,40.4,0
12174,0,1,3,4,21,True,2,15,177,4017,40.17,0
12175,0,1,3,4,30,False,163,12,26,3098,30.98,0
12176,0,1,3,4,20,True,145,12,4,3076,30.76,0
12177,0,1,3,4,29,False,11,0,5,5,0.05,0
12178,0,1,3,4,31,True,11,15,240,4080,40.8,0
12179,0,1,3,4,18,False,141,0,154,154,1.54,0
12180,0,1,3,4,26,True,141,0,133,133,1.33,0
12181,0,1,3,4,27,False,48,12,243,3315,33.15,0
12182,0,1,3,4,34,True,120,12,221,3293,32.93,0
12183,0,1,3,4,31,False,40,8,240,2288,22.88,0
12184,0,1,3,4,23,True,40,8,219,2267,22.67,0
12185,0,1,3,4,29,False,46,14,224,3808,38.08,0
12186,0,1,3,4,23,True,46,14,201,3785,37.85,0
12187,0,1,3,4,25,False,61,8,244,2292,22.92,0
12188,0,1,3,4,21,True,61,8,223,2271,22.71,0
12189,0,1,3,4,19,False,59,8,142,2190,21.9,0
12190,0,1,3,4,11,True,59,8,121,2169,21.69,0
12191,0,1,3,4,18,False,31,11,61,2877,28.77,0
12192,0,1,3,4,25,True,31,11,38,2854,28.54,0
12193,0,1,3,4,21,False,99,13,147,3475,34.75,0
12194,0,1,3,4,6,True,99,13,124,3452,34.52,0
12195,0,1,3,4,32,False,129,3,16,784,7.84,0
12196,0,1,3,4,19,False,216,1,104,360,3.6,0
12197,0,1,3,4,24,True,216,2,250,762,7.62,0
12198,0,1,3,4,26,True,216,1,80,336,3.36,0
12199,0,1,3,4,10,False,91,11,126,2942,29.42,0
12200,0,1,3,4,27,True,91,11,102,2918,29.18,0
12201,0,1,3,4,27,False,131,2,15,527,5.27,143
12202,0,-1,-1,-1,-1,True,-1,-1,-1,-1,-1.0,-1
12203,0,1,3,4,31,True,130,0,158,158,1.58,0
12204,0,1,3,4,0,False,193,0,138,138,1.38,0
12205,0,1,3,4,34,True,193,0,114,114,1.14,0
12206,0,1,3,4,7,False,10,13,0,3328,33.28,167772160
12207,0,-1,-1,-1,-1,True,-1,-1,-1,-1,-1.0,-1
12208,0,159,0,3,26,True,0,0,0,0,0.0,0
12209,0,-1,-1,-1,-1,True,-1,-1,-1,-1,-1.0,-1
12210,0,1,3,4,5,False,159,7,93,1885,18.85,0
12211,0,1,3,4,7,False,159,1,222,478,4.78,0
12212,0,1,3,4,15,True,159,3,133,901,9.01,0
12213,0,1,3,4,16,True,158,7,73,1865,18.65,0
12214,0,1,3,4,29,False,222,12,147,3219,32.19,0
12215,0,1,3,4,16,True,222,12,125,3197,31.97,0
12216,0,1,3,4,27,False,216,15,139,3979,39.79,0
12217,0,1,3,4,19,True,216,15,115,3955,39.55,0
12218,0,1,3,4,25,False,221,12,148,3220,32.2,0
12219,0,1,3,4,17,True,221,12,125,3197,31.97,0
12220,0,1,3,4,19,False,88,14,62,3646,36.46,0
12221,0,1,3,4,28,True,0,12,0,3072,30.72,167772160
12222,0,-1,-1,-1,-1,True,-1,-1,-1,-1,-1.0,-1
12223,0,-1,-1,-1,-1,True,-1,-1,-1,-1,-1.0,-1
12224,0,-1,-1,-1,-1,True,-1,-1,-1,-1,-1.0,-1
12225,0,-1,-1,-1,-1,True,-1,-1,-1,-1,-1.0,-1
12226,0,-1,-1,-1,-1,True,-1,-1,-1,-1,-1.0,-1
12227,0,-1,-1,-1,-1,True,-1,-1,-1,-1,-1.0,-1
12228,0,1,3,4,27,False,168,3,240,1008,10.08,0
12229,0,1,3,4,22,True,168,3,213,981,9.81,0
12230,0,1,3,4,9,False,78,15,3,3843,38.43,152
12231,0,-1,-1,-1,-1,True,-1,-1,-1,-1,-1.0,-1
12232,0,1,3,4,12,False,169,15,48,3888,38.88,0
12233,0,1,3,4,31,True,3,11,0,2816,28.16,167772160
12234,0,-1,-1,-1,-1,True,-1,-1,-1,-1,-1.0,-1
12235,0,-1,-1,-1,-1,True,-1,-1,-1,-1,-1.0,-1
12236,0,-1,-1,-1,-1,True,-1,-1,-1,-1,-1.0,-1
12237,0,-1,-1,-1,-1,True,-1,-1,-1,-1,-1.0,-1
12238,0,-1,-1,-1,-1,True,-1,-1,-1,-1,-1.0,-1
12239,0,-1,-1,-1,-1,True,-1,-1,-1,-1,-1.0,-1
12240,0,1,3,4,31,True,171,1,124,380,3.8,0
12241,0,1,3,4,16,False,63,4,235,1259,12.59,0
12242,0,1,3,4,33,True,63,14,13,3597,35.97,18
12243,0,-1,-1,-1,-1,True,-1,-1,-1,-1,-1.0,-1
12244,0,1,3,4,26,False,25,8,158,2206,22.06,0
12245,0,1,3,4,28,False,24,13,174,3502,35.02,0
12246,0,1,3,4,9,True,25,8,137,2185,21.85,0
12247,0,1,3,4,11,True,6,1,24,280,2.8,0
12248,0,1,3,5,4,False,25,12,2,3074,30.74,76
12249,0,1,3,4,16,True,30,2,18,530,5.3,0
12250,0,1,3,4,21,False,25,9,189,2493,24.93,0
12251,0,1,3,4,31,True,25,9,168,2472,24.72,0
12252,0,1,3,4,29,False,197,8,1,2049,20.49,0
12253,0,1,3,4,18,True,199,7,198,1990,19.9,0
12254,0,1,3,4,19,True,211,9,213,2517,25.17,0
12255,0,1,3,4,26,False,49,10,29,2589,25.89,0
12256,0,1,3,4,23,True,49,10,7,2567,25.67,0
12257,0,1,3,4,15,False,33,14,56,3640,36.4,0
12258,0,1,3,4,26,True,2,9,37,2341,23.41,0
12259,0,1,3,4,30,False,254,4,166,1190,11.9,0
12260,0,1,3,4,7,True,254,4,143,1167,11.67,0
12261,0,1,3,4,15,False,66,0,241,241,2.41,0
12262,0,1,3,4,25,True,66,0,219,219,2.19,0
12263,0,1,3,4,20,False,85,14,225,3809,38.09,0
12264,0,1,1,4,28,False,39,15,38,3878,38.78,0
12265,0,1,3,4,26,True,85,14,201,3785,37.85,0
12266,0,1,1,4,32,True,39,15,17,3857,38.57,0
12267,0,1,3,4,14,True,73,8,211,2259,22.59,0
12268,0,1,3,4,14,False,110,12,162,3234,32.34,0
12269,0,1,1,4,20,False,22,4,92,1116,11.16,0
12270,0,1,15,6,14,False,15,11,0,2816,28.16,167772160
12271,0,228,0,0,0,False,0,0,10,10,0.1,1897470977
12272,0,-1,-1,-1,-1,True,-1,-1,-1,-1,-1.0,-1
12273,0,1,3,4,27,False,222,4,251,1275,12.75,0
12274,0,1,3,4,25,True,222,4,225,1249,12.49,0
12275,0,1,3,4,11,False,129,4,50,1074,10.74,0
12276,0,1,3,4,27,True,128,4,27,1051,10.51,0
12277,0,1,3,4,32,False,10,12,0,3072,30.72,167772160
12278,0,-1,-1,-1,-1,True,-1,-1,-1,-1,-1.0,-1
12279,0,23,0,0,0,False,0,0,10,10,0.1,253561857
12280,0,-1,-1,-1,-1,True,-1,-1,-1,-1,-1.0,-1
12281,0,-1,-1,-1,-1,True,-1,-1,-1,-1,-1.0,-1
12282,0,-1,-1,-1,-1,True,-1,-1,-1,-1,-1.0,-1
12283,0,-1,-1,-1,-1,True,-1,-1,-1,-1,-1.0,-1
12284,0,-1,-1,-1,-1,True,-1,-1,-1,-1,-1.0,-1
12285,0,1,3,4,32,False,110,6,107,1643,16.43,0
12286,0,1,1,4,31,True,15,1,58,314,3.14,0
12287,0,1,3,4,46,False,14,14,0,3584,35.84,167772160
12288,0,-1,-1,-1,-1,True,-1,-1,-1,-1,-1.0,-1
12289,0,59,0,0,0,False,0,0,10,10,0.1,1
12290,0,36,0,0,0,False,0,0,10,10,0.1,1
12291,0,-1,-1,-1,-1,True,-1,-1,-1,-1,-1.0,-1
12292,0,-1,-1,-1,-1,True,-1,-1,-1,-1,-1.0,-1
12293,0,-1,-1,-1,-1,True,-1,-1,-1,-1,-1.0,-1
12294,0,1,3,4,4,True,131,14,61,3645,36.45,4
12295,0,-1,-1,-1,-1,True,-1,-1,-1,-1,-1.0,-1
12296,0,-1,-1,-1,-1,True,-1,-1,-1,-1,-1.0,-1
12297,0,1,3,7,5,False,252,4,151,1175,11.75,15074615
12298,0,1,3,4,13,False,28,12,67,3139,31.39,0
12299,0,1,3,4,14,True,28,12,46,3118,31.18,0
12300,0,1,1,4,0,False,25,13,26,3354,33.54,0
12301,0,1,3,4,18,False,59,0,159,159,1.59,0
12302,0,1,1,4,34,True,25,13,7,3335,33.35,0
12303,0,1,3,4,28,False,149,9,15,2319,23.19,0
12304,0,1,9,1,28,False,0,0,0,0,0.0,0
12305,0,1,3,3,57,True,2,7,0,1792,17.92,0
12306,0,1,3,4,22,True,249,2,154,666,6.66,0
12307,0,1,3,4,21,False,80,0,225,225,2.25,0
12308,0,1,3,4,20,False,82,1,35,291,2.91,0
12309,0,1,3,4,19,True,82,1,10,266,2.66,0
12310,0,1,3,4,26,False,178,0,87,87,0.87,0
12311,0,1,3,4,26,True,91,0,69,69,0.69,0
12312,0,1,3,4,13,False,56,15,113,3953,39.53,0
12313,0,1,3,4,15,False,55,7,46,1838,18.38,0
12314,0,1,3,4,23,True,1,7,0,1792,17.92,167772160
12315,0,-1,-1,-1,-1,True,-1,-1,-1,-1,-1.0,-1
12316,0,-1,-1,-1,-1,True,-1,-1,-1,-1,-1.0,-1
12317,0,-1,-1,-1,-1,True,-1,-1,-1,-1,-1.0,-1
12318,0,-1,-1,-1,-1,True,-1,-1,-1,-1,-1.0,-1
12319,0,-1,-1,-1,-1,True,-1,-1,-1,-1,-1.0,-1
12320,0,-1,-1,-1,-1,True,-1,-1,-1,-1,-1.0,-1
12321,0,1,3,4,20,True,252,15,168,4008,40.08,0
12322,0,1,3,4,30,False,251,12,243,3315,33.15,0
12323,0,1,3,4,21,True,251,12,220,3292,32.92,0
12324,0,1,3,4,26,False,252,4,77,1101,11.01,0
12325,0,1,3,4,28,True,252,8,67,2115,21.15,0
12326,0,1,3,4,18,False,16,10,50,2610,26.1,0
12327,0,1,3,4,16,True,15,8,12,2060,20.6,155
12328,0,-1,-1,-1,-1,True,-1,-1,-1,-1,-1.0,-1
12329,0,1,3,4,17,False,96,3,125,893,8.93,0
12330,0,1,3,4,19,True,96,3,105,873,8.73,0
12331,0,1,3,4,12,False,186,13,14,3342,33.42,0
12332,0,1,3,4,22,True,8,9,0,2304,23.04,167772160
12333,0,-1,-1,-1,-1,True,-1,-1,-1,-1,-1.0,-1
12334,0,73,0,0,0,False,0,0,10,10,0.1,2778209281
12335,0,-1,-1,-1,-1,True,-1,-1,-1,-1,-1.0,-1
12336,0,-1,-1,-1,-1,True,-1,-1,-1,-1,-1.0,-1
12337,0,-1,-1,-1,-1,True,-1,-1,-1,-1,-1.0,-1
12338,0,1,20,7,24,False,155,8,223,2271,22.71,10033692
12339,0,1,1,6,37,True,28,1,155,411,4.11,50952
12340,0,1,3,4,19,True,111,3,99,867,8.67,0
12341,0,1,3,4,3,True,111,3,78,846,8.46,0
12342,0,1,3,4,2,False,123,11,143,2959,29.59,0
12343,0,1,3,4,25,True,123,11,119,2935,29.35,0
12344,0,1,3,4,26,False,116,14,152,3736,37.36,0
12345,0,1,3,4,33,True,116,14,133,3717,37.17,0
12346,0,1,3,4,22,False,97,1,253,509,5.09,0
12347,0,1,3,4,30,True,97,1,232,488,4.88,0
12348,0,1,3,4,22,False,41,1,160,416,4.16,0
12349,0,1,3,4,9,True,41,12,26,3098,30.98,248
12350,0,-1,-1,-1,-1,True,-1,-1,-1,-1,-1.0,-1
12351,0,1,1,0,0,False,0,0,0,0,0.0,0
12352,0,1,26,2,28,False,0,0,0,0,0.0,0
12353,0,1,29,5,3,False,129,10,1,2561,25.61,29792028
12354,0,-1,-1,-1,-1,True,-1,-1,-1,-1,-1.0,-1
12355,0,-1,-1,-1,-1,True,-1,-1,-1,-1,-1.0,-1
12356,0,-1,-1,-1,-1,True,-1,-1,-1,-1,-1.0,-1
12357,0,-1,-1,-1,-1,True,-1,-1,-1,-1,-1.0,-1
12358,0,1,3,4,30,False,72,6,107,1643,16.43,0
12359,0,1,3,4,32,False,92,13,13,3341,33.41,147
12360,0,-1,-1,-1,-1,True,-1,-1,-1,-1,-1.0,-1
12361,0,1,3,4,19,False,76,12,140,3212,32.12,0
12362,0,1,3,4,27,True,4,13,0,3328,33.28,167772160
12363,0,-1,-1,-1,-1,True,-1,-1,-1,-1,-1.0,-1
12364,0,176,0,0,0,False,0,0,10,10,0.1,1226251265
12365,0,-1,-1,-1,-1,True,-1,-1,-1,-1,-1.0,-1
12366,0,-1,-1,-1,-1,True,-1,-1,-1,-1,-1.0,-1
12367,0,-1,-1,-1,-1,True,-1,-1,-1,-1,-1.0,-1
12368,0,-1,-1,-1,-1,True,-1,-1,-1,-1,-1.0,-1
12369,0,1,3,4,17,True,73,3,149,917,9.17,0
12370,0,1,3,4,20,False,182,9,104,2408,24.08,0
12371,0,1,3,4,21,True,9,9,82,2386,23.86,0
12372,0,1,3,4,31,False,2,12,30,3102,31.02,0
12373,0,1,3,4,28,True,2,12,10,3082,30.82,0
12374,0,1,3,4,25,False,202,3,168,936,9.36,0
12375,0,1,3,4,21,False,153,5,68,1348,13.48,0
12376,0,1,3,4,24,True,153,5,47,1327,13.27,0
12377,0,1,3,4,20,False,128,2,66,578,5.78,0
12378,0,1,3,4,20,True,128,2,44,556,5.56,0
12379,0,1,3,4,25,False,216,15,211,4051,40.51,0
12380,0,1,3,4,20,True,216,15,189,4029,40.29,0
12381,0,1,3,4,25,False,139,12,148,3220,32.2,0
12382,0,1,3,4,19,True,139,12,127,3199,31.99,0
12383,0,1,3,4,14,False,242,12,162,3234,32.34,0
12384,0,1,3,4,11,True,242,12,136,3208,32.08,0
12385,0,1,3,4,13,False,240,12,66,3138,31.38,0
12386,0,1,3,4,12,True,240,3,0,768,7.68,19
12387,0,-1,-1,-1,-1,True,-1,-1,-1,-1,-1.0,-1
12388,0,1,3,4,35,False,5,6,28,1564,15.64,0
12389,0,1,17,4,34,False,5,0,28,28,0.28,0
12390,0,1,3,5,44,False,9,3,28,796,7.96,158
12391,0,1,13,4,8,False,237,12,0,3072,30.72,0
12392,0,1,19,3,2,False,108,12,0,3072,30.72,0
12393,0,1,20,2,27,True,13,15,0,3840,38.4,0
12394,0,-1,-1,-1,-1,True,-1,-1,-1,-1,-1.0,-1
12395,0,1,3,4,13,False,146,2,123,635,6.35,0
12396,0,1,3,4,19,True,146,2,103,615,6.15,0
12397,0,1,3,4,24,False,198,14,196,3780,37.8,0
12398,0,1,3,4,27,True,198,14,174,3758,37.58,0
12399,0,1,3,4,8,False,14,11,0,2816,28.16,167772160
12400,0,-1,-1,-1,-1,True,-1,-1,-1,-1,-1.0,-1
12401,0,255,0,0,0,False,0,0,10,10,0.1,3567000577
12402,0,-1,-1,-1,-1,True,-1,-1,-1,-1,-1.0,-1
12403,0,-1,-1,-1,-1,True,-1,-1,-1,-1,-1.0,-1
12404,0,-1,-1,-1,-1,True,-1,-1,-1,-1,-1.0,-1
12405,0,-1,-1,-1,-1,True,-1,-1,-1,-1,-1.0,-1
12406,0,1,3,4,24,False,166,5,18,1298,12.98,0
12407,0,1,3,4,18,True,166,6,1,1537,15.37,0
12408,0,1,3,4,16,True,55,5,236,1516,15.16,0
12409,0,1,3,4,31,False,136,13,116,3444,34.44,0
12410,0,1,3,4,32,True,136,13,97,3425,34.25,0
12411,0,1,3,4,15,False,253,1,153,409,4.09,0
12412,0,1,3,4,30,True,253,1,133,389,3.89,0
12413,0,1,3,4,2,False,111,10,255,2815,28.15,0
12414,0,1,3,4,21,True,111,10,232,2792,27.92,0
12415,0,1,3,4,17,False,136,15,131,3971,39.71,0
12416,0,1,3,4,22,True,255,14,120,3704,37.04,0
12417,0,1,3,4,23,False,184,5,96,1376,13.76,0
12418,0,1,3,4,26,True,184,5,74,1354,13.54,0
12419,0,1,3,4,13,False,112,2,8,520,5.2,205
12420,0,-1,-1,-1,-1,True,-1,-1,-1,-1,-1.0,-1
12421,0,1,3,4,15,True,181,6,14,1550,15.5,0
12422,0,1,3,4,23,False,178,0,111,111,1.11,0
12423,0,1,3,4,14,True,178,0,89,89,0.89,0
12424,0,1,3,4,25,False,90,15,186,4026,40.26,0
12425,0,1,3,4,21,True,90,6,6,1542,15.42,21
12426,0,-1,-1,-1,-1,True,-1,-1,-1,-1,-1.0,-1
12427,0,1,2,4,29,False,98,13,170,3498,34.98,0
12428,0,1,3,4,27,False,64,5,179,1459,14.59,0
12429,0,1,2,4,32,True,98,13,148,3476,34.76,0
12430,0,1,3,4,28,False,21,9,0,2304,23.04,0
12431,0,1,4,4,19,True,153,10,6,2566,25.66,112
12432,0,-1,-1,-1,-1,True,-1,-1,-1,-1,-1.0,-1
12433,0,1,1,4,27,True,108,14,229,3813,38.13,0
12434,0,1,3,4,24,False,28,13,171,3499,34.99,0
12435,0,1,1,0,0,False,0,0,0,0,0.0,0
12436,0,1,28,6,28,False,23,1,8,264,2.64,7422
12437,0,1,17,6,49,False,8,6,28,1564,15.64,64798
12438,0,1,1,5,35,True,173,4,163,1187,11.87,0
12439,0,-1,-1,-1,-1,True,-1,-1,-1,-1,-1.0,-1
12440,0,131,0,0,0,False,0,0,10,10,0.1,1200495617
12441,0,-1,-1,-1,-1,True,-1,-1,-1,-1,-1.0,-1
12442,0,1,3,4,27,False,94,2,206,718,7.18,0
12443,0,1,3,4,17,True,1,7,0,1792,17.92,167772160
12444,0,-1,-1,-1,-1,True,-1,-1,-1,-1,-1.0,-1
12445,0,49,0,0,0,False,0,0,10,10,0.1,4187888641
12446,0,-1,-1,-1,-1,True,-1,-1,-1,-1,-1.0,-1
12447,0,1,3,4,20,False,188,0,29,29,0.29,0
12448,0,1,3,4,16,True,188,3,11,779,7.79,168
12449,0,-1,-1,-1,-1,True,-1,-1,-1,-1,-1.0,-1
12450,0,1,3,4,31,False,241,3,131,899,8.99,0
12451,0,1,3,4,20,True,252,8,141,2189,21.89,0
12452,0,1,3,4,28,True,141,14,166,3750,37.5,0
12453,0,1,3,4,5,False,10,0,0,0,0.0,167772160
12454,0,-1,-1,-1,-1,True,-1,-1,-1,-1,-1.0,-1
12455,0,250,0,1,3,True,0,0,0,0,0.0,68096
12456,0,241,0,4,19,False,0,0,0,0,0.0,469830144
12457,0,-1,-1,-1,-1,True,-1,-1,-1,-1,-1.0,-1
12458,0,-1,-1,-1,-1,True,-1,-1,-1,-1,-1.0,-1
12459,0,1,3,4,29,False,150,14,67,3651,36.51,0
12460,0,1,3,4,24,True,100,10,0,2560,25.6,201326592
12461,0,-1,-1,-1,-1,True,-1,-1,-1,-1,-1.0,-1
12462,0,-1,-1,-1,-1,True,-1,-1,-1,-1,-1.0,-1
12463,0,-1,-1,-1,-1,True,-1,-1,-1,-1,-1.0,-1
12464,0,1,9,2,28,False,32,0,0,0,0.0,0
12465,0,1,16,4,13,False,203,12,147,3219,32.19,0
12466,0,1,16,3,13,False,181,12,0,3072,30.72,0
12467,0,1,2,6,47,True,4,13,28,3356,33.56,61346
12468,0,1,0,4,22,False,162,15,247,4087,40.87,0
12469,0,1,3,4,24,False,97,3,44,812,8.12,0
12470,0,1,1,4,28,True,162,15,227,4067,40.67,0
12471,0,1,3,4,19,True,97,11,16,2832,28.32,0
12472,0,1,3,4,14,False,151,12,153,3225,32.25,0
12473,0,1,4,3,14,False,129,12,22,3094,30.94,0
12474,0,-1,-1,-1,-1,True,-1,-1,-1,-1,-1.0,-1
12475,0,1,13,1,14,False,0,0,0,0,0.0,0
12476,0,1,30,0,0,False,0,0,0,0,0.0,0
12477,0,1,3,4,13,True,105,14,218,3802,38.02,0
12478,0,1,1,4,32,False,2,10,158,2718,27.18,0
12479,0,1,3,4,29,False,22,10,1,2561,25.61,152740124
12480,0,-1,-1,-1,-1,True,-1,-1,-1,-1,-1.0,-1
12481,0,-1,-1,-1,-1,True,-1,-1,-1,-1,-1.0,-1
12482,0,-1,-1,-1,-1,True,-1,-1,-1,-1,-1.0,-1
12483,0,-1,-1,-1,-1,True,-1,-1,-1,-1,-1.0,-1
12484,0,1,3,4,31,False,187,8,183,2231,22.31,0
12485,0,1,3,4,31,True,35,12,122,3194,31.94,0
12486,0,1,3,4,3,False,249,9,64,2368,23.68,0
12487,0,1,3,4,24,True,249,9,41,2345,23.45,0
12488,0,1,3,4,9,False,179,3,155,923,9.23,0
12489,0,1,3,4,33,True,179,3,136,904,9.04,0
12490,0,1,3,4,25,False,235,11,173,2989,29.89,0
12491,0,1,3,4,24,False,185,1,237,493,4.93,0
12492,0,1,3,4,12,True,185,1,215,471,4.71,0
12493,0,1,3,4,25,False,245,6,155,1691,16.91,0
12494,0,1,3,4,6,True,245,6,133,1669,16.69,0
12495,0,1,3,4,19,False,0,11,0,2816,28.16,167772160
12496,0,-1,-1,-1,-1,True,-1,-1,-1,-1,-1.0,-1
12497,0,146,0,2,42,False,0,0,0,0,0.0,469830144
12498,0,-1,-1,-1,-1,True,-1,-1,-1,-1,-1.0,-1
12499,0,-1,-1,-1,-1,True,-1,-1,-1,-1,-1.0,-1
12500,0,-1,-1,-1,-1,True,-1,-1,-1,-1,-1.0,-1
12501,0,-1,-1,-1,-1,True,-1,-1,-1,-1,-1.0,-1
12502,0,1,3,4,17,False,199,10,107,2667,26.67,0
12503,0,1,3,4,33,True,199,10,88,2648,26.48,0
12504,0,1,3,4,26,False,179,6,179,1715,17.15,0
12505,0,1,3,4,28,True,179,4,4,1028,10.28,134
12506,0,-1,-1,-1,-1,True,-1,-1,-1,-1,-1.0,-1
12507,0,1,1,4,13,True,100,4,119,1143,11.43,0
12508,0,1,3,4,21,False,81,2,52,564,5.64,0
12509,0,1,3,4,28,True,81,2,29,541,5.41,0
12510,0,1,3,4,15,False,247,14,209,3793,37.93,0
12511,0,1,3,4,7,True,247,14,188,3772,37.72,0
12512,0,1,3,4,21,False,196,15,254,4094,40.94,0
12513,0,1,3,4,13,True,196,15,231,4071,40.71,0
12514,0,1,3,4,27,False,250,7,149,1941,19.41,0
12515,0,1,3,4,27,True,250,13,11,3339,33.39,174
12516,0,-1,-1,-1,-1,True,-1,-1,-1,-1,-1.0,-1
12517,0,1,3,4,30,False,1,4,167,1191,11.91,0
12518,0,1,3,4,30,True,39,13,96,3424,34.24,0
12519,0,1,3,4,33,False,217,6,88,1624,16.24,0
12520,0,1,3,4,27,True,217,6,67,1603,16.03,0
12521,0,1,3,4,19,False,117,12,118,3190,31.9,0
12522,0,1,3,4,27,True,117,12,99,3171,31.71,0
12523,0,1,3,4,28,True,119,9,77,2381,23.81,0
12524,0,1,3,4,18,False,151,12,6,3078,30.78,79
12525,0,-1,-1,-1,-1,True,-1,-1,-1,-1,-1.0,-1
12526,0,1,2,4,2,False,149,0,13,13,0.13,0
12527,0,1,3,4,12,True,60,6,53,1589,15.89,0
12528,0,1,2,4,33,True,148,15,250,4090,40.9,0
12529,0,1,3,4,23,False,230,9,187,2491,24.91,0
12530,0,1,3,4,9,False,169,12,148,3220,32.2,484051747
12531,0,-1,-1,-1,-1,True,-1,-1,-1,-1,-1.0,-1
12532,0,-1,-1,-1,-1,True,-1,-1,-1,-1,-1.0,-1
12533,0,-1,-1,-1,-1,True,-1,-1,-1,-1,-1.0,-1
12534,0,-1,-1,-1,-1,True,-1,-1,-1,-1,-1.0,-1
12535,0,1,1,4,15,False,245,7,182,1974,19.74,0
12536,0,1,3,4,1,False,118,12,106,3178,31.78,0
12537,0,1,3,4,13,True,118,12,82,3154,31.54,0
12538,0,1,3,4,26,False,231,1,45,301,3.01,0
12539,0,1,3,4,27,True,231,4,7,1031,10.31,39
12540,0,-1,-1,-1,-1,True,-1,-1,-1,-1,-1.0,-1
12541,0,1,1,4,24,True,64,2,119,631,6.31,0
12542,0,1,3,4,6,False,57,14,157,3741,37.41,0
12543,0,1,3,4,25,True,56,14,135,3719,37.19,0
12544,0,1,3,4,10,False,131,15,6,3846,38.46,0
12545,0,1,3,4,17,True,130,4,235,1259,12.59,0
12546,0,1,3,4,15,False,169,0,23,23,0.23,0
12547,0,1,3,4,29,True,169,8,18,2066,20.66,0
12548,0,1,3,4,29,True,121,4,97,1121,11.21,0
12549,0,1,3,4,30,True,120,7,253,2045,20.45,0
12550,0,1,3,4,22,False,173,14,102,3686,36.86,0
12551,0,1,3,4,20,True,173,14,78,3662,36.62,0
12552,0,1,3,4,28,False,244,0,59,59,0.59,0
12553,0,1,3,4,30,True,244,1,14,270,2.7,21
12554,0,-1,-1,-1,-1,True,-1,-1,-1,-1,-1.0,-1
12555,0,1,3,4,30,False,225,4,236,1260,12.6,0
12556,0,1,3,4,32,True,225,4,215,1239,12.39,0
12557,0,1,3,4,15,False,206,13,128,3456,34.56,0
12558,0,1,3,4,8,True,7,15,0,3840,38.4,167772160
12559,0,-1,-1,-1,-1,True,-1,-1,-1,-1,-1.0,-1
12560,0,-1,-1,-1,-1,True,-1,-1,-1,-1,-1.0,-1
12561,0,-1,-1,-1,-1,True,-1,-1,-1,-1,-1.0,-1
12562,0,1,1,4,3,True,18,7,89,1881,18.81,0
12563,0,1,3,4,34,True,116,0,43,43,0.43,0
12564,0,1,3,4,46,True,14,14,28,3612,36.12,0
12565,0,1,18,4,46,True,7,3,0,768,7.68,167772160
12566,0,-1,-1,-1,-1,True,-1,-1,-1,-1,-1.0,-1
12567,0,184,0,0,0,False,0,0,10,10,0.1,4179434497
12568,0,-1,-1,-1,-1,True,-1,-1,-1,-1,-1.0,-1
12569,0,-1,-1,-1,-1,True,-1,-1,-1,-1,-1.0,-1
12570,0,-1,-1,-1,-1,True,-1,-1,-1,-1,-1.0,-1
12571,0,-1,-1,-1,-1,True,-1,-1,-1,-1,-1.0,-1
12572,0,1,3,4,28,True,249,3,193,961,9.61,0
12573,0,1,3,4,26,False,205,12,114,3186,31.86,0
12574,0,1,3,4,28,True,205,10,84,2644,26.44,0
12575,0,1,3,4,7,True,128,10,59,2619,26.19,0
12576,0,1,3,4,9,True,128,1,180,436,4.36,0
12577,0,1,3,4,29,False,207,10,191,2751,27.51,0
12578,0,1,3,4,34,True,207,6,81,1617,16.17,0
12579,0,1,3,4,6,False,131,13,108,3436,34.36,0
12580,0,1,3,4,32,True,131,13,90,3418,34.18,0
12581,0,1,3,4,23,False,17,10,212,2772,27.72,0
12582,0,1,3,4,16,True,17,2,162,674,6.74,0
12583,0,1,3,4,18,True,110,2,141,653,6.53,0
12584,0,1,3,4,29,False,81,14,199,3783,37.83,0
12585,0,1,3,4,28,True,81,14,177,3761,37.61,0
12586,0,1,3,4,32,False,107,11,12,2828,28.28,0
12587,0,1,3,4,21,True,107,10,246,2806,28.06,0
12588,0,1,1,4,32,False,39,10,15,2575,25.75,122
12589,0,-1,-1,-1,-1,True,-1,-1,-1,-1,-1.0,-1
12590,0,1,3,4,0,False,111,5,130,1410,14.1,0
12591,0,1,3,4,34,True,111,5,107,1387,13.87,0
12592,0,1,3,4,24,True,144,9,207,2511,25.11,0
12593,0,1,3,4,2,False,226,15,210,4050,40.5,0
12594,0,1,3,4,20,True,226,15,185,4025,40.25,0
12595,0,1,3,4,20,False,139,7,14,1806,18.06,0
12596,0,1,3,4,19,False,138,10,191,2751,27.51,0
12597,0,1,3,4,28,True,138,5,129,1409,14.09,0
12598,0,1,3,4,24,False,37,14,93,3677,36.77,0
12599,0,1,3,4,17,True,37,14,70,3654,36.54,0
12600,0,1,3,4,2,False,121,11,214,3030,30.3,0
12601,0,1,3,4,27,True,121,13,160,3488,34.88,0
12602,0,1,3,4,28,False,246,14,51,3635,36.35,0
12603,0,1,3,4,17,True,246,14,26,3610,36.1,0
12604,0,1,3,4,27,True,120,0,209,209,2.09,0
12605,0,1,3,4,10,False,116,15,157,3997,39.97,0
12606,0,1,3,4,26,True,116,15,134,3974,39.74,0
12607,0,1,3,4,21,False,239,8,172,2220,22.2,0
12608,0,1,3,4,7,True,239,8,149,2197,21.97,0
12609,0,1,3,4,24,False,79,13,84,3412,34.12,0
12610,0,1,3,4,23,False,78,3,135,903,9.03,0
12611,0,1,3,4,16,True,78,11,139,2955,29.55,0
12612,0,1,3,4,12,True,251,0,21,21,0.21,0
12613,0,1,3,4,32,False,251,0,90,90,0.9,0
12614,0,1,3,4,32,True,99,0,72,72,0.72,0
12615,0,1,3,4,18,False,83,9,77,2381,23.81,0
12616,0,1,2,4,28,False,207,5,21,1301,13.01,0
12617,0,1,3,4,30,False,35,11,202,3018,30.18,0
12618,0,1,3,4,17,True,35,11,176,2992,29.92,0
12619,0,1,2,4,31,False,220,2,106,618,6.18,0
12620,0,1,3,4,9,False,17,0,0,0,0.0,17301504
12621,0,140,3,4,0,False,0,0,0,0,0.0,3642360072
12622,0,-1,-1,-1,-1,True,-1,-1,-1,-1,-1.0,-1
12623,0,-1,-1,-1,-1,True,-1,-1,-1,-1,-1.0,-1
12624,0,-1,-1,-1,-1,True,-1,-1,-1,-1,-1.0,-1
12625,0,1,9,0,0,False,0,0,0,0,0.0,0
12626,0,1,3,4,25,True,217,2,49,561,5.61,0
12627,0,1,3,4,32,False,180,15,170,4010,40.1,0
12628,0,1,3,4,27,True,252,13,108,3436,34.36,0
12629,0,1,3,4,22,False,148,7,14,1806,18.06,0
12630,0,1,3,4,22,True,148,6,250,1786,17.86,0
12631,0,1,3,4,22,False,15,3,113,881,8.81,39452
12632,0,-1,-1,-1,-1,True,-1,-1,-1,-1,-1.0,-1
12633,0,-1,-1,-1,-1,True,-1,-1,-1,-1,-1.0,-1
12634,0,1,19,2,3,False,93,0,0,0,0.0,0
12635,0,1,3,4,11,False,38,10,127,2687,26.87,0
12636,0,1,3,4,28,True,142,10,104,2664,26.64,0
12637,0,1,3,4,29,False,50,15,15,3855,38.55,118
12638,0,-1,-1,-1,-1,True,-1,-1,-1,-1,-1.0,-1
12639,0,1,3,4,20,False,210,4,5,1029,10.29,0
12640,0,1,3,4,21,False,12,14,0,3584,35.84,167772160
12641,0,-1,-1,-1,-1,True,-1,-1,-1,-1,-1.0,-1
12642,0,136,0,0,0,False,0,0,10,10,0.1,7169
12643,0,4,21,5,0,False,0,0,0,0,0.0,266
12644,0,4,18,6,0,False,0,0,0,0,0.0,266
12645,0,171,0,0,0,False,0,0,10,10,0.1,1687428097
12646,0,-1,-1,-1,-1,True,-1,-1,-1,-1,-1.0,-1
12647,0,-1,-1,-1,-1,True,-1,-1,-1,-1,-1.0,-1
12648,0,-1,-1,-1,-1,True,-1,-1,-1,-1,-1.0,-1
12649,0,1,3,4,17,False,141,1,152,408,4.08,0
12650,0,1,3,4,31,True,141,1,133,389,3.89,0
12651,0,1,3,4,24,False,213,8,36,2084,20.84,0
12652,0,1,3,4,10,True,213,8,14,2062,20.62,0
12653,0,1,3,4,32,False,251,12,136,3208,32.08,237
12654,0,-1,-1,-1,-1,True,-1,-1,-1,-1,-1.0,-1
12655,0,1,0,7,37,True,28,8,207,2255,22.55,1866254
12656,0,1,1,4,32,False,216,9,132,2436,24.36,0
12657,0,1,0,5,14,True,3,15,118,3958,39.58,0
12658,0,-1,-1,-1,-1,True,-1,-1,-1,-1,-1.0,-1
12659,0,96,0,0,0,False,0,0,10,10,0.1,571284481
12660,0,-1,-1,-1,-1,True,-1,-1,-1,-1,-1.0,-1
12661,0,1,3,4,24,True,34,9,78,2382,23.82,0
12662,0,1,3,4,20,False,162,7,26,1818,18.18,0
12663,0,1,3,4,21,False,162,8,95,2143,21.43,0
12664,0,1,3,4,24,True,162,7,0,1792,17.92,0
12665,0,1,3,4,25,True,162,8,72,2120,21.2,0
12666,0,1,3,4,15,False,129,12,46,3118,31.18,0
12667,0,1,3,4,19,True,177,12,25,3097,30.97,0
12668,0,1,3,4,29,False,191,8,181,2229,22.29,0
12669,0,1,3,4,10,True,32,0,118,118,1.18,0
12670,0,1,3,4,15,True,32,0,96,96,0.96,0
12671,0,1,3,4,23,False,11,12,0,3072,30.72,167772160
12672,0,-1,-1,-1,-1,True,-1,-1,-1,-1,-1.0,-1
12673,0,5,0,0,0,False,0,0,10,10,0.1,1444551681
12674,0,-1,-1,-1,-1,True,-1,-1,-1,-1,-1.0,-1
12675,0,-1,-1,-1,-1,True,-1,-1,-1,-1,-1.0,-1
12676,0,-1,-1,-1,-1,True,-1,-1,-1,-1,-1.0,-1
12677,0,-1,-1,-1,-1,True,-1,-1,-1,-1,-1.0,-1
12678,0,1,3,4,22,True,86,3,82,850,8.5,0
12679,0,1,1,4,31,False,122,0,0,0,0.0,134217728
12680,0,-1,-1,-1,-1,True,-1,-1,-1,-1,-1.0,-1
12681,0,193,0,0,0,False,0,0,10,10,0.1,3801291777
12682,0,-1,-1,-1,-1,True,-1,-1,-1,-1,-1.0,-1
12683,0,-1,-1,-1,-1,True,-1,-1,-1,-1,-1.0,-1
12684,0,-1,-1,-1,-1,True,-1,-1,-1,-1,-1.0,-1
12685,0,1,3,4,0,False,183,10,206,2766,27.66,0
12686,0,1,3,4,34,True,183,10,180,2740,27.4,0
12687,0,1,3,4,7,False,233,0,206,206,2.06,0
12688,0,1,3,4,25,True,252,6,122,1658,16.58,0
12689,0,1,3,4,28,True,252,6,103,1639,16.39,0
12690,0,1,3,4,12,False,249,0,131,131,1.31,0
12691,0,1,3,4,25,True,249,10,1,2561,25.61,369887772
12692,0,-1,-1,-1,-1,True,-1,-1,-1,-1,-1.0,-1
12693,0,-1,-1,-1,-1,True,-1,-1,-1,-1,-1.0,-1
12694,0,-1,-1,-1,-1,True,-1,-1,-1,-1,-1.0,-1
12695,0,-1,-1,-1,-1,True,-1,-1,-1,-1,-1.0,-1
12696,0,1,0,1,23,True,0,0,0,0,0.0,0
12697,0,1,9,3,14,False,145,12,0,3072,30.72,0
12698,0,1,1,4,23,False,35,3,62,830,8.3,0
12699,0,1,18,1,11,False,0,0,0,0,0.0,0
12700,0,1,1,4,49,True,13,3,0,768,7.68,167772160
12701,0,-1,-1,-1,-1,True,-1,-1,-1,-1,-1.0,-1
12702,0,187,0,0,0,False,0,0,10,10,0.1,3340377089
12703,0,-1,-1,-1,-1,True,-1,-1,-1,-1,-1.0,-1
12704,0,-1,-1,-1,-1,True,-1,-1,-1,-1,-1.0,-1
12705,0,-1,-1,-1,-1,True,-1,-1,-1,-1,-1.0,-1
12706,0,1,1,4,27,False,238,7,86,1878,18.78,0
12707,0,1,3,4,13,True,199,11,222,3038,30.38,0
12708,0,1,1,4,21,True,238,7,66,1858,18.58,0
12709,0,1,3,4,46,True,6,0,28,28,0.28,0
12710,0,1,17,5,46,True,3,9,13,2317,23.17,5
12711,0,1,3,4,0,False,179,13,115,3443,34.43,0
12712,0,1,3,4,34,True,179,13,91,3419,34.19,0
12713,0,1,3,4,18,False,228,6,55,1591,15.91,0
12714,0,1,3,4,20,True,12,7,0,1792,17.92,167772160
12715,0,-1,-1,-1,-1,True,-1,-1,-1,-1,-1.0,-1
12716,0,-1,-1,-1,-1,True,-1,-1,-1,-1,-1.0,-1
12717,0,-1,-1,-1,-1,True,-1,-1,-1,-1,-1.0,-1
12718,0,-1,-1,-1,-1,True,-1,-1,-1,-1,-1.0,-1
12719,0,-1,-1,-1,-1,True,-1,-1,-1,-1,-1.0,-1
12720,0,1,3,4,16,False,91,10,12,2572,25.72,0
12721,0,1,19,7,6,False,12,4,87,1111,11.11,5937180
12722,0,1,1,2,63,False,28,0,0,0,0.0,0
12723,0,1,3,1,44,False,0,0,0,0,0.0,0
12724,0,1,1,5,4,True,28,10,43,2603,26.03,7
12725,0,1,25,5,28,False,149,11,7,2823,28.23,183
12726,0,1,3,4,23,False,223,10,126,2686,26.86,0
12727,0,1,3,4,26,True,223,10,104,2664,26.64,0
12728,0,1,3,4,21,False,28,11,208,3024,30.24,0
12729,0,1,3,4,13,True,28,11,186,3002,30.02,0
12730,0,1,3,4,25,False,18,1,196,452,4.52,0
12731,0,1,3,4,23,True,18,1,174,430,4.3,0
12732,0,1,3,4,12,False,222,14,105,3689,36.89,0
12733,0,1,3,4,27,True,222,14,81,3665,36.65,0
12734,0,1,3,4,9,False,88,11,13,2829,28.29,0
12735,0,1,3,4,22,True,88,10,246,2806,28.06,0
12736,0,1,3,4,0,False,228,10,179,2739,27.39,0
12737,0,1,3,4,34,True,228,10,155,2715,27.15,0
12738,0,1,3,4,29,False,17,14,248,3832,38.32,0
12739,0,1,3,4,27,True,17,14,224,3808,38.08,0
12740,0,1,3,4,29,False,0,10,0,2560,25.6,167772160
12741,0,-1,-1,-1,-1,True,-1,-1,-1,-1,-1.0,-1
12742,0,224,0,0,0,False,0,0,10,10,0.1,7169
12743,0,-1,-1,-1,-1,True,-1,-1,-1,-1,-1.0,-1
12744,0,-1,-1,-1,-1,True,-1,-1,-1,-1,-1.0,-1
12745,0,-1,-1,-1,-1,True,-1,-1,-1,-1,-1.0,-1
12746,0,1,3,4,17,True,148,3,77,845,8.45,0
12747,0,1,3,4,19,False,146,14,5,3589,35.89,0
12748,0,1,3,4,18,True,13,4,0,1024,10.24,167772160
12749,0,-1,-1,-1,-1,True,-1,-1,-1,-1,-1.0,-1
12750,0,-1,-1,-1,-1,True,-1,-1,-1,-1,-1.0,-1
12751,0,-1,-1,-1,-1,True,-1,-1,-1,-1,-1.0,-1
12752,0,1,3,4,11,True,41,3,245,1013,10.13,0
12753,0,1,3,4,18,False,181,7,232,2024,20.24,0
12754,0,1,3,4,28,True,181,3,172,940,9.4,0
12755,0,1,3,4,22,False,178,3,54,822,8.22,0
12756,0,1,3,4,31,True,178,3,34,802,8.02,0
12757,0,1,3,4,19,False,227,10,23,2583,25.83,0
12758,0,1,3,4,6,True,227,9,230,2534,25.34,0
12759,0,1,3,4,29,False,148,15,147,3987,39.87,0
12760,0,1,3,4,30,True,148,13,85,3413,34.13,0
12761,0,1,3,4,21,False,255,10,82,2642,26.42,0
12762,0,1,3,4,27,True,255,15,13,3853,38.53,35
12763,0,-1,-1,-1,-1,True,-1,-1,-1,-1,-1.0,-1
12764,0,1,3,4,15,False,42,12,164,3236,32.36,0
12765,0,1,3,4,26,True,42,12,143,3215,32.15,0
12766,0,1,3,4,29,False,102,0,102,102,1.02,0
12767,0,1,3,4,30,False,102,8,108,2156,21.56,0
12768,0,1,3,4,14,True,102,8,86,2134,21.34,0
12769,0,1,3,4,14,False,160,11,122,2938,29.38,0
12770,0,1,3,4,34,True,159,11,97,2913,29.13,0
12771,0,1,3,4,31,False,244,4,176,1200,12.0,0
12772,0,1,3,4,26,True,244,4,156,1180,11.8,0
12773,0,1,3,4,17,False,233,9,53,2357,23.57,0
12774,0,1,1,4,33,False,73,7,10,1802,18.02,8
12775,0,-1,-1,-1,-1,True,-1,-1,-1,-1,-1.0,-1
12776,0,1,3,4,7,False,113,2,20,532,5.32,0
12777,0,1,3,4,22,True,22,6,145,1681,16.81,0
12778,0,1,3,4,17,False,217,7,39,1831,18.31,0
12779,0,1,3,4,20,True,217,7,18,1810,18.1,0
12780,0,1,3,4,25,False,97,4,189,1213,12.13,0
12781,0,1,3,4,20,True,97,4,166,1190,11.9,0
12782,0,1,3,4,26,False,85,12,6,3078,30.78,0
12783,0,1,3,4,33,True,10,6,0,1536,15.36,167772160
12784,0,-1,-1,-1,-1,True,-1,-1,-1,-1,-1.0,-1
12785,0,82,0,0,0,False,0,0,10,10,0.1,1049893889
12786,0,107,0,0,0,False,0,0,10,10,0.1,1
12787,0,58,1,3,10,True,0,0,0,0,0.0,469830144
12788,0,-1,-1,-1,-1,True,-1,-1,-1,-1,-1.0,-1
12789,0,-1,-1,-1,-1,True,-1,-1,-1,-1,-1.0,-1
12790,0,-1,-1,-1,-1,True,-1,-1,-1,-1,-1.0,-1
12791,0,-1,-1,-1,-1,True,-1,-1,-1,-1,-1.0,-1
12792,0,1,3,4,24,False,83,9,74,2378,23.78,0
12793,0,1,3,4,13,True,83,9,52,2356,23.56,0
12794,0,1,3,4,30,False,39,0,228,228,2.28,0
12795,0,1,3,4,4,True,39,0,207,207,2.07,0
12796,0,1,3,4,19,False,184,5,149,1429,14.29,0
12797,0,1,3,4,33,True,184,5,131,1411,14.11,0
12798,0,1,3,4,31,True,181,2,68,580,5.8,0
12799,0,1,3,4,17,False,181,8,159,2207,22.07,0
12800,0,1,3,4,32,True,181,8,140,2188,21.88,0
12801,0,1,3,4,32,False,192,9,7,2311,23.11,0
12802,0,1,1,4,32,True,81,2,4,516,5.16,0
12803,0,1,3,4,15,True,192,8,240,2288,22.88,0
12804,0,1,1,4,29,False,81,13,74,3402,34.02,0
12805,0,1,3,4,28,True,157,13,60,3388,33.88,0
12806,0,1,1,4,31,True,81,13,53,3381,33.81,0
12807,0,1,1,4,26,False,6,7,0,1792,17.92,167772160
12808,0,-1,-1,-1,-1,True,-1,-1,-1,-1,-1.0,-1
12809,0,0,24,3,0,False,0,0,0,0,0.0,266
12810,0,6,3,7,0,False,0,0,0,0,0.0,10
12811,0,-1,-1,-1,-1,True,-1,-1,-1,-1,-1.0,-1
12812,0,220,0,0,0,False,0,0,10,10,0.1,3064077313
12813,0,218,0,0,0,False,0,0,10,10,0.1,1007885313
12814,0,-1,-1,-1,-1,True,-1,-1,-1,-1,-1.0,-1
12815,0,-1,-1,-1,-1,True,-1,-1,-1,-1,-1.0,-1
12816,0,-1,-1,-1,-1,True,-1,-1,-1,-1,-1.0,-1
12817,0,-1,-1,-1,-1,True,-1,-1,-1,-1,-1.0,-1
12818,0,1,3,4,23,True,60,3,189,957,9.57,0
12819,0,1,3,4,3,False,197,15,40,3880,38.8,0
12820,0,1,3,4,34,True,197,15,17,3857,38.57,0
12821,0,1,3,4,31,False,26,11,251,3067,30.67,0
12822,0,1,3,4,15,True,26,11,231,3047,30.47,0
12823,0,1,3,4,30,False,73,2,76,588,5.88,0
12824,0,1,3,4,33,False,179,3,90,858,8.58,0
12825,0,1,3,4,30,True,178,3,69,837,8.37,0
12826,0,1,3,4,30,False,123,6,20,1556,15.56,0
12827,0,1,3,4,21,True,172,0,51,51,0.51,0
12828,0,1,3,4,14,False,253,15,115,3955,39.55,0
12829,0,1,3,4,32,True,253,15,94,3934,39.34,0
12830,0,1,3,4,17,False,116,3,45,813,8.13,0
12831,0,1,3,4,18,False,15,8,0,2048,20.48,167772160
12832,0,-1,-1,-1,-1,True,-1,-1,-1,-1,-1.0,-1
12833,0,-1,-1,-1,-1,True,-1,-1,-1,-1,-1.0,-1
12834,0,207,0,0,0,False,0,0,10,10,0.1,1049893889
12835,0,-1,-1,-1,-1,True,-1,-1,-1,-1,-1.0,-1
12836,0,1,3,4,22,False,127,7,255,2047,20.47,0
12837,0,1,3,4,17,True,127,11,28,2844,28.44,0
12838,0,1,3,4,31,False,203,3,159,927,9.27,0
12839,0,1,3,4,30,True,203,3,137,905,9.05,0
12840,0,1,3,4,29,False,126,10,0,2560,25.6,0
12841,0,1,3,4,30,True,126,9,234,2538,25.38,0
12842,0,1,3,4,33,False,119,13,215,3543,35.43,0
12843,0,1,1,4,21,False,76,12,199,3271,32.71,0
12844,0,1,3,4,30,True,119,13,194,3522,35.22,0
12845,0,1,1,4,24,True,76,12,179,3251,32.51,0
12846,0,1,3,4,21,True,48,4,22,1046,10.46,0
12847,0,1,1,4,32,False,240,10,158,2718,27.18,0
12848,0,1,3,4,40,False,15,5,0,1280,12.8,167772160
12849,0,-1,-1,-1,-1,True,-1,-1,-1,-1,-1.0,-1
12850,0,157,0,0,0,False,0,0,10,10,0.1,1577262081
12851,0,-1,-1,-1,-1,True,-1,-1,-1,-1,-1.0,-1
12852,0,1,3,4,16,True,94,12,132,3204,32.04,0
12853,0,1,3,4,3,False,87,5,89,1369,13.69,36869
12854,0,-1,-1,-1,-1,True,-1,-1,-1,-1,-1.0,-1
12855,0,-1,-1,-1,-1,True,-1,-1,-1,-1,-1.0,-1
12856,0,1,3,4,29,False,125,13,73,3401,34.01,0
12857,0,1,3,4,34,True,125,13,49,3377,33.77,0
12858,0,1,1,4,29,False,163,12,164,3236,32.36,0
12859,0,1,3,4,31,False,14,12,0,3072,30.72,167772160
12860,0,-1,-1,-1,-1,True,-1,-1,-1,-1,-1.0,-1
12861,0,200,0,0,0,False,0,0,10,10,0.1,1695751169
12862,0,-1,-1,-1,-1,True,-1,-1,-1,-1,-1.0,-1
12863,0,-1,-1,-1,-1,True,-1,-1,-1,-1,-1.0,-1
12864,0,1,3,4,25,True,101,6,151,1687,16.87,0
12865,0,1,3,4,13,False,252,12,211,3283,32.83,0
12866,0,1,3,4,30,True,252,12,191,3263,32.63,0
12867,0,1,3,4,22,False,44,3,113,881,8.81,0
12868,0,1,3,4,21,False,39,14,183,3767,37.67,0
12869,0,1,3,4,17,True,39,14,159,3743,37.43,0
12870,0,1,3,4,8,False,82,4,60,1084,10.84,0
12871,0,1,3,4,16,True,82,4,38,1062,10.62,0
12872,0,1,3,4,24,False,30,0,0,0,0.0,17432576
12873,0,-1,-1,-1,-1,True,-1,-1,-1,-1,-1.0,-1
12874,0,0,0,0,0,False,0,10,1,2561,25.61,8476
12875,0,26,0,0,0,False,0,0,10,10,0.1,0
12876,0,-1,-1,-1,-1,True,-1,-1,-1,-1,-1.0,-1
12877,0,2,0,0,0,False,0,0,10,10,0.1,0
12878,0,-1,-1,-1,-1,True,-1,-1,-1,-1,-1.0,-1
12879,0,-1,-1,-1,-1,True,-1,-1,-1,-1,-1.0,-1
12880,0,-1,-1,-1,-1,True,-1,-1,-1,-1,-1.0,-1
12881,0,-1,-1,-1,-1,True,-1,-1,-1,-1,-1.0,-1
12882,0,-1,-1,-1,-1,True,-1,-1,-1,-1,-1.0,-1
12883,0,-1,-1,-1,-1,True,-1,-1,-1,-1,-1.0,-1
12884,0,1,3,4,14,False,80,15,8,3848,38.48,0
12885,0,1,1,4,24,False,104,2,101,613,6.13,0
12886,0,1,3,4,16,False,14,10,14,2574,25.74,90
12887,0,-1,-1,-1,-1,True,-1,-1,-1,-1,-1.0,-1
12888,0,1,3,4,8,True,90,14,67,3651,36.51,0
12889,0,1,3,4,30,False,8,14,34,3618,36.18,0
12890,0,1,3,4,25,True,8,14,10,3594,35.94,0
12891,0,1,3,4,27,False,239,8,34,2082,20.82,0
12892,0,1,3,4,24,True,239,8,7,2055,20.55,0
12893,0,1,3,4,12,False,217,4,39,1063,10.63,0
12894,0,1,3,4,13,True,217,4,18,1042,10.42,0
12895,0,1,3,4,22,False,81,9,68,2372,23.72,0
12896,0,1,3,4,16,True,81,9,47,2351,23.51,0
12897,0,1,3,4,29,False,1,8,0,2048,20.48,167772160
12898,0,-1,-1,-1,-1,True,-1,-1,-1,-1,-1.0,-1
12899,0,-1,-1,-1,-1,True,-1,-1,-1,-1,-1.0,-1
12900,0,-1,-1,-1,-1,True,-1,-1,-1,-1,-1.0,-1
12901,0,-1,-1,-1,-1,True,-1,-1,-1,-1,-1.0,-1
12902,0,-1,-1,-1,-1,True,-1,-1,-1,-1,-1.0,-1
12903,0,-1,-1,-1,-1,True,-1,-1,-1,-1,-1.0,-1
12904,0,1,3,4,30,False,24,12,185,3257,32.57,0
12905,0,1,3,4,23,True,92,12,165,3237,32.37,0
12906,0,1,3,4,24,False,138,15,111,3951,39.51,0
12907,0,1,3,4,11,True,40,15,90,3930,39.3,0
12908,0,1,3,4,31,False,214,0,146,146,1.46,0
12909,0,1,3,4,22,True,214,0,124,124,1.24,0
12910,0,1,3,4,32,False,221,0,36,36,0.36,0
12911,0,1,3,4,19,True,221,0,14,14,0.14,0
12912,0,1,3,4,29,False,105,1,17,273,2.73,0
12913,0,1,3,4,10,True,105,0,251,251,2.51,0
12914,0,1,3,4,30,False,105,4,67,1091,10.91,0
12915,0,1,3,4,21,True,77,4,43,1067,10.67,0
12916,0,1,3,4,3,False,181,10,251,2811,28.11,0
12917,0,1,3,4,30,True,181,10,230,2790,27.9,0
12918,0,1,3,4,19,False,110,3,251,1019,10.19,0
12919,0,1,2,4,21,False,183,14,147,3731,37.31,0
12920,0,1,3,4,18,True,189,3,231,999,9.99,0
12921,0,1,2,4,34,True,183,14,129,3713,37.13,0
12922,0,1,3,4,15,False,246,13,46,3374,33.74,0
12923,0,1,3,4,13,False,24,12,12,3084,30.84,0
12924,0,1,2,5,1,False,5,12,160,3232,32.32,21
12925,0,1,30,4,28,False,17,9,5,2309,23.09,108
12926,0,-1,-1,-1,-1,True,-1,-1,-1,-1,-1.0,-1
12927,0,1,3,4,19,False,239,10,108,2668,26.68,0
12928,0,1,3,4,32,True,147,15,68,3908,39.08,0
12929,0,1,2,4,12,False,91,14,6,3590,35.9,0
12930,0,1,3,4,13,False,204,15,18,3858,38.58,0
12931,0,1,2,4,13,True,91,3,62,830,8.3,0
12932,0,1,3,4,19,True,125,3,47,815,8.15,0
12933,0,1,3,4,23,True,47,6,230,1766,17.66,0
12934,0,1,3,4,1,False,46,8,48,2096,20.96,0
12935,0,1,3,4,24,True,46,8,25,2073,20.73,0
12936,0,1,3,4,15,False,132,9,77,2381,23.81,0
12937,0,1,3,4,14,False,130,5,203,1483,14.83,0
12938,0,1,3,4,12,True,0,8,0,2048,20.48,167772160
12939,0,-1,-1,-1,-1,True,-1,-1,-1,-1,-1.0,-1
12940,0,32,1,6,27,False,0,0,0,0,0.0,469830144
12941,0,-1,-1,-1,-1,True,-1,-1,-1,-1,-1.0,-1
12942,0,-1,-1,-1,-1,True,-1,-1,-1,-1,-1.0,-1
12943,0,-1,-1,-1,-1,True,-1,-1,-1,-1,-1.0,-1
12944,0,1,3,4,5,False,182,3,155,923,9.23,0
12945,0,1,3,4,28,True,182,12,188,3260,32.6,0
12946,0,1,3,4,21,False,44,12,165,3237,32.37,0
12947,0,1,3,4,20,True,44,12,140,3212,32.12,0
12948,0,1,3,4,27,False,140,0,154,154,1.54,0
12949,0,1,3,4,19,True,140,6,13,1549,15.49,0
12950,0,-1,-1,-1,-1,True,-1,-1,-1,-1,-1.0,-1
12951,0,1,3,4,10,False,29,13,120,3448,34.48,0
12952,0,1,3,4,17,True,29,13,96,3424,34.24,0
12953,0,1,3,4,14,False,40,11,68,2884,28.84,0
12954,0,1,3,4,33,True,40,11,46,2862,28.62,0
12955,0,1,3,4,14,False,251,10,107,2667,26.67,0
12956,0,1,3,4,15,False,251,15,9,3849,38.49,0
12957,0,1,3,4,27,True,251,10,83,2643,26.43,0
12958,0,1,3,4,30,True,28,11,1,2817,28.17,9706529
12959,0,-1,-1,-1,-1,True,-1,-1,-1,-1,-1.0,-1
12960,0,-1,-1,-1,-1,True,-1,-1,-1,-1,-1.0,-1
12961,0,-1,-1,-1,-1,True,-1,-1,-1,-1,-1.0,-1
12962,0,1,17,3,1,False,10,12,0,3072,30.72,0
12963,0,1,19,0,0,False,0,0,0,0,0.0,0
12964,0,1,21,6,0,False,66,12,18,3090,30.9,686
12965,0,1,24,5,28,False,153,14,2,3586,35.86,175
12966,0,1,3,4,22,False,121,2,141,653,6.53,0
12967,0,1,3,4,23,True,121,3,10,778,7.78,161
12968,0,-1,-1,-1,-1,True,-1,-1,-1,-1,-1.0,-1
12969,0,1,3,4,32,False,96,8,216,2264,22.64,0
12970,0,1,1,4,30,False,88,3,111,879,8.79,0
12971,0,1,3,4,13,True,96,8,194,2242,22.42,0
12972,0,1,1,4,5,True,88,3,93,861,8.61,0
12973,0,1,3,4,13,True,103,11,235,3051,30.51,0
12974,0,1,3,4,4,False,85,12,31,3103,31.03,0
12975,0,1,17,2,9,False,106,0,0,0,0.0,0
12976,0,1,3,4,27,True,138,9,85,2389,23.89,0
12977,0,1,3,4,19,False,6,4,193,1217,12.17,0
12978,0,1,3,4,6,True,4,9,0,2304,23.04,167772160
12979,0,-1,-1,-1,-1,True,-1,-1,-1,-1,-1.0,-1
12980,0,208,1,5,53,True,0,0,0,0,0.0,469830144
12981,0,130,0,0,0,False,0,0,10,10,0.1,3181517825
12982,0,-1,-1,-1,-1,True,-1,-1,-1,-1,-1.0,-1
12983,0,-1,-1,-1,-1,True,-1,-1,-1,-1,-1.0,-1
12984,0,-1,-1,-1,-1,True,-1,-1,-1,-1,-1.0,-1
12985,0,-1,-1,-1,-1,True,-1,-1,-1,-1,-1.0,-1
12986,0,-1,-1,-1,-1,True,-1,-1,-1,-1,-1.0,-1
12987,0,1,17,2,28,False,13,0,0,0,0.0,0
12988,0,1,15,6,12,False,24,12,160,3232,32.32,3198
12989,0,1,0,6,28,False,17,4,12,1036,10.36,7260
12990,0,1,16,5,20,True,12,8,28,2076,20.76,16
12991,0,1,1,4,1,False,245,6,6,1542,15.42,0
12992,0,1,28,2,11,False,95,0,0,0,0.0,0
12993,0,83,0,0,0,False,0,0,10,10,0.1,1
12994,0,62,0,0,0,False,0,0,10,10,0.1,1
12995,0,11,1,6,47,False,0,0,0,0,0.0,469830144
12996,0,-1,-1,-1,-1,True,-1,-1,-1,-1,-1.0,-1
12997,0,-1,-1,-1,-1,True,-1,-1,-1,-1,-1.0,-1
12998,0,-1,-1,-1,-1,True,-1,-1,-1,-1,-1.0,-1
12999,0,1,3,4,0,False,72,1,203,459,4.59,0
13000,0,1,3,4,34,True,72,1,179,435,4.35,0
13001,0,1,3,4,22,False,196,14,40,3624,36.24,0
13002,0,1,3,4,23,False,195,8,7,2055,20.55,116
13003,0,-1,-1,-1,-1,True,-1,-1,-1,-1,-1.0,-1
13004,0,1,3,4,27,True,24,7,92,1884,18.84,0
13005,0,1,3,4,28,False,162,4,20,1044,10.44,0
13006,0,1,3,4,26,True,162,3,253,1021,10.21,0
13007,0,1,3,4,26,False,107,2,106,618,6.18,0
13008,0,1,3,4,30,True,107,2,85,597,5.97,0
13009,0,1,3,4,26,False,172,3,232,1000,10.0,0
13010,0,1,3,4,27,False,173,2,72,584,5.84,0
13011,0,1,3,4,25,True,173,2,47,559,5.59,0
13012,0,1,3,4,26,True,172,3,214,982,9.82,0
13013,0,1,3,4,0,False,45,14,87,3671,36.71,0
13014,0,1,3,4,34,True,45,14,62,3646,36.46,0
13015,0,1,3,4,25,False,17,8,75,2123,21.23,0
13016,0,1,3,4,26,False,16,3,115,883,8.83,0
13017,0,1,3,4,0,False,92,14,122,3706,37.06,0
13018,0,1,3,4,33,True,92,14,100,3684,36.84,0
13019,0,1,3,4,12,False,17,1,122,378,3.78,0
13020,0,1,3,4,18,True,17,1,101,357,3.57,0
13021,0,1,3,4,10,False,23,7,93,1885,18.85,0
13022,0,1,3,4,17,True,23,3,15,783,7.83,107
13023,0,-1,-1,-1,-1,True,-1,-1,-1,-1,-1.0,-1
13024,0,1,3,4,17,False,87,14,63,3647,36.47,0
13025,0,1,3,4,9,True,11,4,28,1052,10.52,152
13026,0,-1,-1,-1,-1,True,-1,-1,-1,-1,-1.0,-1
13027,0,1,18,7,12,False,132,12,19,3091,30.91,10158740
13028,0,1,3,4,21,False,148,5,118,1398,13.98,0
13029,0,1,3,4,21,True,148,6,15,1551,15.51,60
13030,0,-1,-1,-1,-1,True,-1,-1,-1,-1,-1.0,-1
13031,0,1,3,4,4,True,214,0,55,55,0.55,0
13032,0,1,3,4,24,False,214,7,115,1907,19.07,0
13033,0,1,3,4,3,True,214,7,94,1886,18.86,0
13034,0,1,3,4,30,False,69,13,11,3339,33.39,0
13035,0,1,3,4,25,True,69,12,244,3316,33.16,0
13036,0,1,3,4,1,False,106,1,104,360,3.6,0
13037,0,1,3,4,18,True,106,1,82,338,3.38,0
13038,0,1,3,4,24,False,141,4,191,1215,12.15,0
13039,0,1,3,4,23,True,141,15,28,3868,38.68,29
13040,0,-1,-1,-1,-1,True,-1,-1,-1,-1,-1.0,-1
13041,0,1,24,4,11,False,92,12,18,3090,30.9,0
13042,0,1,1,1,13,False,0,0,0,0,0.0,0
13043,0,1,12,2,28,False,150,0,0,0,0.0,0
13044,0,1,1,1,13,False,0,0,0,0,0.0,0
13045,0,1,9,3,28,False,2,13,0,3328,33.28,0
13046,0,1,1,6,7,True,28,9,252,2556,25.56,45070
13047,0,1,3,4,20,False,131,0,195,195,1.95,0
13048,0,1,3,4,14,True,131,15,6,3846,38.46,84
13049,0,-1,-1,-1,-1,True,-1,-1,-1,-1,-1.0,-1
13050,0,1,3,4,27,True,239,6,62,1598,15.98,0
13051,0,1,3,4,11,True,6,5,0,1280,12.8,167772160
13052,0,-1,-1,-1,-1,True,-1,-1,-1,-1,-1.0,-1
13053,0,6,3,4,20,True,0,0,0,0,0.0,3892381184
13054,0,-1,-1,-1,-1,True,-1,-1,-1,-1,-1.0,-1
13055,0,1,1,4,48,True,28,13,190,3518,35.18,0
13056,0,1,1,6,11,True,28,7,190,1982,19.82,46350
13057,0,1,3,4,32,False,45,11,13,2829,28.29,0
13058,0,1,3,4,25,True,45,15,205,4045,40.45,0
13059,0,1,3,4,33,False,87,8,194,2242,22.42,0
13060,0,1,3,4,27,True,87,8,174,2222,22.22,0
13061,0,1,3,4,17,False,129,4,138,1162,11.62,0
13062,0,1,3,4,24,True,129,12,90,3162,31.62,0
13063,0,1,3,4,15,False,47,7,152,1944,19.44,0
13064,0,1,3,4,4,True,47,1,13,269,2.69,0
13065,0,1,2,4,3,False,187,3,240,1008,10.08,0
13066,0,1,3,4,19,True,44,12,5,3077,30.77,96
13067,0,-1,-1,-1,-1,True,-1,-1,-1,-1,-1.0,-1
13068,0,1,3,4,5,True,124,5,72,1352,13.52,0
13069,0,1,3,4,6,False,123,4,126,1150,11.5,0
13070,0,1,3,4,14,True,123,4,103,1127,11.27,0
13071,0,1,3,4,15,False,244,12,185,3257,32.57,0
13072,0,1,3,4,16,True,244,12,164,3236,32.36,0
13073,0,1,3,4,25,False,149,4,200,1224,12.24,0
13074,0,1,3,4,23,True,149,4,179,1203,12.03,0
13075,0,1,1,4,20,False,104,7,98,1890,18.9,0
13076,0,1,3,4,26,False,71,3,103,871,8.71,0
13077,0,1,1,4,18,False,104,14,1,3585,35.85,0
13078,0,1,3,4,16,False,57,4,134,1158,11.58,0
13079,0,1,1,4,19,False,103,3,169,937,9.37,0
13080,0,1,3,4,61,False,61,13,61,3389,33.89,0
13081,0,1,3,4,21,False,104,12,12,3084,30.84,0
13082,0,1,20,0,0,False,0,0,0,0,0.0,0
13083,0,1,12,7,3,False,153,8,28,2076,20.76,616214
13084,0,1,31,3,28,False,162,7,0,1792,17.92,0
13085,0,1,1,1,36,True,0,0,0,0,0.0,0
13086,0,1,3,4,12,False,152,1,123,379,3.79,0
13087,0,1,3,4,18,True,152,1,103,359,3.59,0
13088,0,1,3,4,30,False,144,1,32,288,2.88,0
13089,0,1,3,4,13,True,144,1,8,264,2.64,0
13090,0,1,1,4,8,False,9,6,0,1536,15.36,167772160
13091,0,-1,-1,-1,-1,True,-1,-1,-1,-1,-1.0,-1
13092,0,151,0,0,0,False,0,0,10,10,0.1,7169
13093,0,111,0,0,0,False,0,0,10,10,0.1,400385
13094,0,-1,-1,-1,-1,True,-1,-1,-1,-1,-1.0,-1
13095,0,-1,-1,-1,-1,True,-1,-1,-1,-1,-1.0,-1
13096,0,-1,-1,-1,-1,True,-1,-1,-1,-1,-1.0,-1
13097,0,-1,-1,-1,-1,True,-1,-1,-1,-1,-1.0,-1
13098,0,-1,-1,-1,-1,True,-1,-1,-1,-1,-1.0,-1
13099,0,1,3,4,4,True,58,0,101,101,1.01,0
13100,0,1,3,4,32,False,94,14,12,3596,35.96,0
13101,0,1,3,4,31,False,93,2,249,761,7.61,0
13102,0,1,3,4,24,True,231,5,6,1286,12.86,0
13103,0,1,3,4,26,True,230,13,6,3334,33.34,0
13104,0,1,1,4,26,True,231,4,245,1269,12.69,0
13105,0,1,3,4,14,True,174,2,34,546,5.46,0
13106,0,1,3,4,12,False,184,12,155,3227,32.27,0
13107,0,1,1,4,27,False,42,1,204,460,4.6,0
13108,0,1,2,7,12,False,161,12,28,3100,31.0,8916026
13109,0,1,1,4,7,True,42,1,184,440,4.4,0
13110,0,1,3,4,7,False,4,12,15,3087,30.87,0
13111,0,1,3,4,29,True,4,11,252,3068,30.68,0
13112,0,1,3,4,4,False,4,8,253,2301,23.01,0
13113,0,1,3,4,3,False,32,5,30,1310,13.1,0
13114,0,1,3,4,34,True,32,5,7,1287,12.87,0
13115,0,1,3,4,22,False,26,12,68,3140,31.4,0
13116,0,1,3,4,22,True,26,12,45,3117,31.17,0
13117,0,1,3,4,8,False,19,14,245,3829,38.29,0
13118,0,1,3,4,24,True,19,14,222,3806,38.06,0
13119,0,1,1,4,11,False,10,1,20,276,2.76,201835546
13120,0,-1,-1,-1,-1,True,-1,-1,-1,-1,-1.0,-1
13121,0,-1,-1,-1,-1,True,-1,-1,-1,-1,-1.0,-1
13122,0,-1,-1,-1,-1,True,-1,-1,-1,-1,-1.0,-1
13123,0,-1,-1,-1,-1,True,-1,-1,-1,-1,-1.0,-1
13124,0,1,2,0,0,False,0,0,0,0,0.0,0
13125,0,1,2,0,0,False,0,0,0,0,0.0,0
13126,0,1,0,5,7,True,20,4,161,1185,11.85,196
13127,0,1,0,7,12,False,140,0,0,0,0.0,17235968
13128,0,-1,-1,-1,-1,True,-1,-1,-1,-1,-1.0,-1
13129,0,-1,-1,-1,-1,True,-1,-1,-1,-1,-1.0,-1
13130,0,-1,-1,-1,-1,True,-1,-1,-1,-1,-1.0,-1
13131,0,1,3,4,23,False,128,12,158,3230,32.3,0
13132,0,1,16,0,0,False,0,0,0,0,0.0,0
13133,0,1,1,2,43,True,28,0,0,0,0.0,0
13134,0,1,3,0,0,False,0,0,0,0,0.0,0
13135,0,1,15,6,5,False,183,12,159,3231,32.31,1406
13136,0,1,20,2,28,False,63,15,82,3922,39.22,0
13137,0,-1,-1,-1,-1,True,-1,-1,-1,-1,-1.0,-1
13138,0,-1,-1,-1,-1,True,-1,-1,-1,-1,-1.0,-1
13139,0,1,3,4,27,False,229,0,42,42,0.42,0
13140,0,1,1,4,10,False,92,15,168,4008,40.08,0
13141,0,1,3,4,7,True,229,4,10,1034,10.34,96
13142,0,-1,-1,-1,-1,True,-1,-1,-1,-1,-1.0,-1
13143,0,1,3,4,34,True,212,10,72,2632,26.32,0
13144,0,1,3,4,29,True,68,1,9,265,2.65,0
13145,0,1,3,4,7,False,60,12,222,3294,32.94,0
13146,0,1,3,4,30,True,60,12,202,3274,32.74,0
13147,0,1,3,4,15,True,180,9,116,2420,24.2,0
13148,0,1,3,4,15,False,93,13,112,3440,34.4,0
13149,0,1,3,4,32,False,150,11,27,2843,28.43,0
13150,0,1,3,4,31,True,23,14,25,3609,36.09,0
13151,0,1,3,4,20,False,166,0,250,250,2.5,0
13152,0,1,3,4,30,True,74,0,48,48,0.48,0
13153,0,1,3,4,16,False,20,8,117,2165,21.65,0
13154,0,1,3,4,19,True,20,8,95,2143,21.43,0
13155,0,1,3,4,20,False,22,12,181,3253,32.53,0
13156,0,1,3,4,26,True,22,12,158,3230,32.3,0
13157,0,1,3,4,25,False,132,14,139,3723,37.23,0
13158,0,1,3,4,14,True,132,14,117,3701,37.01,0
13159,0,1,3,4,17,False,149,6,158,1694,16.94,0
13160,0,1,3,4,25,True,149,6,136,1672,16.72,0
13161,0,1,3,4,0,False,124,0,204,204,2.04,0
13162,0,1,3,4,3,True,124,0,181,181,1.81,0
13163,0,1,3,4,25,False,151,8,98,2146,21.46,0
13164,0,1,3,4,22,False,118,12,70,3142,31.42,0
13165,0,1,3,4,27,True,118,12,48,3120,31.2,0
13166,0,1,3,4,7,False,2,9,242,2546,25.46,0
13167,0,1,3,4,24,True,2,9,220,2524,25.24,0
13168,0,1,3,4,14,False,75,13,239,3567,35.67,0
13169,0,1,3,4,10,True,75,13,214,3542,35.42,0
13170,0,1,3,4,29,False,235,11,212,3028,30.28,0
13171,0,1,3,4,27,True,235,0,73,73,0.73,0
13172,0,1,3,4,33,False,56,1,226,482,4.82,0
13173,0,1,3,4,28,True,56,1,206,462,4.62,0
13174,0,1,3,4,0,False,164,10,85,2645,26.45,0
13175,0,1,3,4,34,True,164,14,60,3644,36.44,0
13176,0,1,3,4,26,False,32,9,235,2539,25.39,0
13177,0,1,3,4,33,True,32,9,215,2519,25.19,0
13178,0,1,3,4,31,False,195,0,98,98,0.98,0
13179,0,1,3,4,20,True,195,6,12,1548,15.48,169
13180,0,-1,-1,-1,-1,True,-1,-1,-1,-1,-1.0,-1
13181,0,1,3,4,31,False,31,15,75,3915,39.15,0
13182,0,1,3,4,31,True,31,15,58,3898,38.98,0
13183,0,1,3,4,21,False,23,10,23,2583,25.83,0
13184,0,1,3,4,20,True,23,9,255,2559,25.59,0
13185,0,1,3,4,16,True,87,13,225,3553,35.53,0
13186,0,1,3,4,23,False,87,6,17,1553,15.53,0
13187,0,1,3,4,15,True,86,7,7,1799,17.99,181
13188,0,-1,-1,-1,-1,True,-1,-1,-1,-1,-1.0,-1
13189,0,1,3,4,26,True,103,7,159,1951,19.51,0
13190,0,1,3,4,7,True,179,0,164,164,1.64,0
13191,0,1,3,4,30,False,179,11,172,2988,29.88,0
13192,0,1,3,4,8,True,180,11,143,2959,29.59,0
13193,0,1,3,4,12,False,237,4,243,1267,12.67,0
13194,0,1,3,4,11,False,233,2,226,738,7.38,0
13195,0,1,3,4,27,True,233,14,84,3668,36.68,0
13196,0,1,3,4,31,False,9,2,134,646,6.46,0
13197,0,1,3,4,32,False,8,7,53,1845,18.45,0
13198,0,1,3,4,22,True,8,7,30,1822,18.22,0
13199,0,1,3,4,23,True,8,2,113,625,6.25,0
13200,0,1,3,4,13,False,183,7,114,1906,19.06,0
13201,0,1,3,4,19,True,183,5,3,1283,12.83,109
13202,0,-1,-1,-1,-1,True,-1,-1,-1,-1,-1.0,-1
13203,0,1,3,4,19,True,196,3,89,857,8.57,0
13204,0,1,2,4,11,False,117,0,197,197,1.97,0
13205,0,1,3,4,18,False,60,2,52,564,5.64,0
13206,0,1,2,4,11,True,117,0,178,178,1.78,0
13207,0,1,3,4,30,False,61,13,61,3389,33.89,0
13208,0,1,3,4,26,False,210,4,30,1054,10.54,0
13209,0,1,14,3,2,False,48,15,253,4093,40.93,0
13210,0,-1,-1,-1,-1,True,-1,-1,-1,-1,-1.0,-1
13211,0,1,3,4,20,True,48,15,229,4069,40.69,0
13212,0,1,3,4,23,False,218,10,213,2773,27.73,0
13213,0,1,3,4,12,True,218,7,195,1987,19.87,0
13214,0,1,3,4,31,True,130,3,19,787,7.87,0
13215,0,1,3,4,23,False,126,12,138,3210,32.1,0
13216,0,1,3,4,25,False,130,11,122,2938,29.38,0
13217,0,1,3,4,32,True,126,12,119,3191,31.91,0
13218,0,1,3,4,18,False,208,12,131,3203,32.03,0
13219,0,1,3,4,20,False,209,12,191,3263,32.63,0
13220,0,1,3,4,17,True,208,12,108,3180,31.8,0
13221,0,1,3,4,18,True,209,12,166,3238,32.38,0
13222,0,1,3,4,14,False,231,1,111,367,3.67,0
13223,0,1,3,4,24,True,231,1,13,269,2.69,120
13224,0,-1,-1,-1,-1,True,-1,-1,-1,-1,-1.0,-1
13225,0,1,3,4,28,False,30,6,15,1551,15.51,0
13226,0,1,29,7,22,False,15,7,28,1820,18.2,106516
13227,0,1,23,0,0,False,0,0,0,0,0.0,0
13228,0,1,3,4,16,True,160,1,160,416,4.16,0
13229,0,1,3,4,18,False,143,11,54,2870,28.7,0
13230,0,1,3,4,19,False,143,0,152,152,1.52,0
13231,0,1,3,4,30,True,143,0,134,134,1.34,0
13232,0,1,3,4,18,False,137,9,82,2386,23.86,0
13233,0,1,3,4,19,False,54,6,69,1605,16.05,0
13234,0,1,3,4,0,False,159,2,103,615,6.15,0
13235,0,1,3,4,34,True,159,2,79,591,5.91,0
13236,0,1,3,4,18,False,160,10,250,2810,28.1,0
13237,0,1,3,4,13,True,2,0,0,0,0.0,167772160
13238,0,-1,-1,-1,-1,True,-1,-1,-1,-1,-1.0,-1
13239,0,214,0,0,0,False,0,0,10,10,0.1,0
13240,0,-1,-1,-1,-1,True,-1,-1,-1,-1,-1.0,-1
13241,0,-1,-1,-1,-1,True,-1,-1,-1,-1,-1.0,-1
13242,0,-1,-1,-1,-1,True,-1,-1,-1,-1,-1.0,-1
13243,0,-1,-1,-1,-1,True,-1,-1,-1,-1,-1.0,-1
13244,0,-1,-1,-1,-1,True,-1,-1,-1,-1,-1.0,-1
13245,0,-1,-1,-1,-1,True,-1,-1,-1,-1,-1.0,-1
13246,0,1,3,4,23,False,121,9,228,2532,25.32,0
13247,0,1,3,4,29,True,121,9,207,2511,25.11,0
13248,0,1,3,4,3,False,68,9,28,2332,23.32,0
13249,0,1,3,4,24,True,68,9,5,2309,23.09,0
13250,0,1,3,4,13,False,91,15,206,4046,40.46,0
13251,0,1,3,4,12,False,92,7,182,1974,19.74,0
13252,0,1,3,4,31,True,86,14,244,3828,38.28,0
13253,0,1,3,4,32,True,86,14,224,3808,38.08,0
13254,0,1,3,4,17,False,166,11,64,2880,28.8,0
13255,0,1,3,4,19,False,163,12,149,3221,32.21,0
13256,0,1,3,4,23,True,166,11,43,2859,28.59,0
13257,0,1,3,4,24,True,162,12,128,3200,32.0,0
13258,0,1,3,4,19,False,230,4,200,1224,12.24,0
13259,0,1,3,4,19,True,230,4,185,1209,12.09,0
13260,0,1,3,4,14,False,190,0,241,241,2.41,0
13261,0,1,3,4,13,True,190,0,216,216,2.16,0
13262,0,1,3,4,10,False,179,13,195,3523,35.23,0
13263,0,1,3,4,3,True,179,13,171,3499,34.99,0
13264,0,1,1,4,28,False,4,10,120,2680,26.8,0
13265,0,1,3,4,30,False,51,10,84,2644,26.44,0
13266,0,1,1,4,27,False,5,1,41,297,2.97,0
13267,0,1,3,4,20,False,252,13,255,3583,35.83,0
13268,0,1,1,4,31,True,4,11,0,2816,28.16,184549376
13269,0,-1,-1,-1,-1,True,-1,-1,-1,-1,-1.0,-1
13270,0,-1,-1,-1,-1,True,-1,-1,-1,-1,-1.0,-1
13271,0,-1,-1,-1,-1,True,-1,-1,-1,-1,-1.0,-1
13272,0,-1,-1,-1,-1,True,-1,-1,-1,-1,-1.0,-1
13273,0,-1,-1,-1,-1,True,-1,-1,-1,-1,-1.0,-1
13274,0,-1,-1,-1,-1,True,-1,-1,-1,-1,-1.0,-1
13275,0,1,2,4,11,True,156,4,215,1239,12.39,0
13276,0,1,4,6,0,False,118,12,131,3203,32.03,38
13277,0,1,12,1,28,False,0,0,0,0,0.0,0
13278,0,1,0,5,10,False,2,13,28,3356,33.56,4
13279,0,1,8,4,8,False,7,1,249,505,5.05,28
13280,0,-1,-1,-1,-1,True,-1,-1,-1,-1,-1.0,-1
13281,0,1,3,4,42,False,3,13,28,3356,33.56,0
13282,0,1,19,3,42,False,3,6,0,1536,15.36,0
13283,0,1,3,4,1,False,242,4,134,1158,11.58,0
13284,0,1,3,4,25,True,242,4,111,1135,11.35,0
13285,0,1,3,4,5,True,114,2,220,732,7.32,0
13286,0,1,3,4,13,False,111,4,234,1258,12.58,0
13287,0,1,3,4,3,True,111,0,207,207,2.07,0
13288,0,1,3,4,14,False,114,0,118,118,1.18,0
13289,0,1,1,4,23,False,21,12,139,3211,32.11,0
13290,0,1,3,4,18,False,121,7,217,2009,20.09,0
13291,0,1,3,4,19,False,121,12,167,3239,32.39,0
13292,0,1,3,4,8,True,121,12,145,3217,32.17,0
13293,0,1,3,4,9,True,121,7,196,1988,19.88,0
13294,0,1,3,4,0,False,114,12,228,3300,33.0,0
13295,0,1,3,4,34,True,114,13,11,3339,33.39,48
13296,0,-1,-1,-1,-1,True,-1,-1,-1,-1,-1.0,-1
13297,0,1,3,4,25,False,75,3,98,866,8.66,0
13298,0,1,3,4,29,True,75,3,77,845,8.45,0
13299,0,1,3,4,4,False,2,7,186,1978,19.78,0
13300,0,1,3,4,8,True,2,7,163,1955,19.55,0
13301,0,1,3,4,23,False,115,2,178,690,6.9,0
13302,0,1,3,4,24,False,117,0,44,44,0.44,0
13303,0,1,3,4,10,True,115,2,155,667,6.67,0
13304,0,1,3,4,15,False,106,12,24,3096,30.96,0
13305,0,1,2,4,19,False,82,3,181,949,9.49,0
13306,0,1,3,4,25,True,106,12,2,3074,30.74,0
13307,0,1,2,4,18,False,78,7,160,1952,19.52,0
13308,0,1,2,4,21,False,37,8,204,2252,22.52,0
13309,0,1,1,4,25,True,77,11,106,2922,29.22,0
13310,0,1,3,4,29,True,10,1,0,256,2.56,167772160
13311,0,-1,-1,-1,-1,True,-1,-1,-1,-1,-1.0,-1
13312,0,113,0,0,0,False,0,0,10,10,0.1,7169
13313,0,89,0,0,0,False,0,0,10,10,0.1,7169
13314,0,61,0,0,0,False,0,0,10,10,0.1,2996771841
13315,0,-1,-1,-1,-1,True,-1,-1,-1,-1,-1.0,-1
13316,0,-1,-1,-1,-1,True,-1,-1,-1,-1,-1.0,-1
13317,0,1,3,4,22,False,212,14,175,3759,37.59,0
13318,0,1,3,4,28,True,212,14,154,3738,37.38,0
13319,0,1,3,4,23,False,109,11,143,2959,29.59,0
13320,0,1,3,4,18,True,109,11,121,2937,29.37,0
13321,0,1,3,4,13,True,38,14,176,3760,37.6,0
13322,0,1,3,4,19,False,129,10,243,2803,28.03,0
13323,0,1,3,4,20,False,130,13,90,3418,34.18,0
13324,0,1,3,4,22,True,129,10,221,2781,27.81,0
13325,0,1,3,4,23,True,130,13,64,3392,33.92,0
13326,0,1,3,4,2,False,25,8,36,2084,20.84,0
13327,0,1,3,4,27,True,25,12,3,3075,30.75,201
13328,0,-1,-1,-1,-1,True,-1,-1,-1,-1,-1.0,-1
13329,0,1,3,4,29,True,255,14,43,3627,36.27,0
13330,0,1,1,4,29,True,91,3,183,951,9.51,0
13331,0,1,3,4,23,True,72,3,200,968,9.68,0
13332,0,1,3,4,5,False,67,12,16,3088,30.88,0
13333,0,1,6,5,6,False,142,12,160,3232,32.32,53
13334,0,1,0,5,45,False,28,1,53,309,3.09,6
13335,0,1,15,1,28,False,0,0,0,0,0.0,0
13336,0,1,3,0,0,False,0,0,0,0,0.0,0
13337,0,87,0,0,0,False,0,0,10,10,0.1,740301825
13338,0,-1,-1,-1,-1,True,-1,-1,-1,-1,-1.0,-1
13339,0,-1,-1,-1,-1,True,-1,-1,-1,-1,-1.0,-1
13340,0,-1,-1,-1,-1,True,-1,-1,-1,-1,-1.0,-1
13341,0,-1,-1,-1,-1,True,-1,-1,-1,-1,-1.0,-1
13342,0,1,3,4,20,True,44,8,9,2057,20.57,0
13343,0,1,3,4,16,False,245,4,247,1271,12.71,0
13344,0,1,3,4,24,True,245,4,222,1246,12.46,0
13345,0,1,3,4,30,False,222,4,255,1279,12.79,0
13346,0,1,3,4,21,True,222,4,231,1255,12.55,0
13347,0,1,3,4,17,False,229,6,214,1750,17.5,0
13348,0,1,3,4,16,False,228,12,150,3222,32.22,0
13349,0,1,3,4,25,True,228,12,126,3198,31.98,0
13350,0,1,3,4,27,False,142,12,55,3127,31.27,0
13351,0,1,3,4,3,True,155,15,125,3965,39.65,0
13352,0,1,1,4,7,True,142,12,37,3109,31.09,0
13353,0,1,3,4,23,True,243,10,242,2802,28.02,0
13354,0,1,3,4,14,False,39,12,154,3226,32.26,0
13355,0,1,6,0,0,False,0,0,0,0,0.0,0
13356,0,1,1,6,20,False,28,9,194,2498,24.98,52742
13357,0,1,3,4,17,True,194,6,184,1720,17.2,0
13358,0,1,3,4,10,False,190,14,193,3777,37.77,0
13359,0,1,3,4,18,True,190,14,169,3753,37.53,0
13360,0,1,3,4,29,False,17,9,220,2524,25.24,0
13361,0,1,3,4,19,True,17,10,5,2565,25.65,173
13362,0,-1,-1,-1,-1,True,-1,-1,-1,-1,-1.0,-1
13363,0,1,3,4,31,False,171,15,123,3963,39.63,0
13364,0,1,3,4,18,True,2,10,0,2560,25.6,167772160
13365,0,-1,-1,-1,-1,True,-1,-1,-1,-1,-1.0,-1
13366,0,-1,-1,-1,-1,True,-1,-1,-1,-1,-1.0,-1
13367,0,-1,-1,-1,-1,True,-1,-1,-1,-1,-1.0,-1
13368,0,-1,-1,-1,-1,True,-1,-1,-1,-1,-1.0,-1
13369,0,-1,-1,-1,-1,True,-1,-1,-1,-1,-1.0,-1
13370,0,1,3,4,24,False,183,4,132,1156,11.56,0
13371,0,1,3,4,25,False,131,3,221,989,9.89,0
13372,0,1,3,4,18,True,131,3,198,966,9.66,0
13373,0,1,3,4,21,False,189,4,1,1025,10.25,0
13374,0,1,3,4,6,True,189,3,234,1002,10.02,0
13375,0,1,3,4,30,False,78,9,115,2419,24.19,0
13376,0,1,3,4,23,True,78,9,92,2396,23.96,0
13377,0,1,3,4,23,False,80,12,122,3194,31.94,0
13378,0,1,3,4,15,True,80,12,100,3172,31.72,0
13379,0,1,3,4,19,False,151,4,186,1210,12.1,0
13380,0,1,3,4,5,True,151,4,165,1189,11.89,0
13381,0,1,3,4,24,False,251,15,102,3942,39.42,0
13382,0,1,1,4,15,False,110,5,235,1515,15.15,0
13383,0,1,3,4,25,False,251,0,158,158,1.58,0
13384,0,1,1,4,20,True,110,5,216,1496,14.96,0
13385,0,1,3,4,19,False,153,2,142,654,6.54,0
13386,0,1,1,4,14,False,109,0,72,72,0.72,0
13387,0,1,3,4,61,False,14,11,0,2816,28.16,167772160
13388,0,-1,-1,-1,-1,True,-1,-1,-1,-1,-1.0,-1
13389,0,217,0,6,49,False,0,0,0,0,0.0,469830144
13390,0,-1,-1,-1,-1,True,-1,-1,-1,-1,-1.0,-1
13391,0,-1,-1,-1,-1,True,-1,-1,-1,-1,-1.0,-1
13392,0,-1,-1,-1,-1,True,-1,-1,-1,-1,-1.0,-1
13393,0,1,3,4,33,False,31,12,29,3101,31.01,0
13394,0,1,1,4,21,False,12,0,0,0,0.0,167772160
13395,0,-1,-1,-1,-1,True,-1,-1,-1,-1,-1.0,-1
13396,0,75,0,0,0,False,0,0,10,10,0.1,348525569
13397,0,-1,-1,-1,-1,True,-1,-1,-1,-1,-1.0,-1
13398,0,-1,-1,-1,-1,True,-1,-1,-1,-1,-1.0,-1
13399,0,-1,-1,-1,-1,True,-1,-1,-1,-1,-1.0,-1
13400,0,-1,-1,-1,-1,True,-1,-1,-1,-1,-1.0,-1
13401,0,1,0,5,52,True,28,3,118,886,8.86,15
13402,0,1,5,5,28,False,231,1,80,336,3.36,0
13403,0,-1,-1,-1,-1,True,-1,-1,-1,-1,-1.0,-1
13404,0,-1,-1,-1,-1,True,-1,-1,-1,-1,-1.0,-1
13405,0,-1,-1,-1,-1,True,-1,-1,-1,-1,-1.0,-1
13406,0,-1,-1,-1,-1,True,-1,-1,-1,-1,-1.0,-1
13407,0,-1,-1,-1,-1,True,-1,-1,-1,-1,-1.0,-1
13408,0,-1,-1,-1,-1,True,-1,-1,-1,-1,-1.0,-1
13409,0,1,3,4,30,False,87,12,242,3314,33.14,0
13410,0,1,3,4,2,False,137,4,29,1053,10.53,0
13411,0,1,3,4,34,True,137,4,5,1029,10.29,0
13412,0,1,3,4,25,False,74,11,27,2843,28.43,0
13413,0,1,1,4,32,False,40,13,50,3378,33.78,0
13414,0,1,3,4,31,True,74,11,7,2823,28.23,0
13415,0,1,1,4,22,True,40,13,30,3358,33.58,0
13416,0,1,3,4,22,True,253,10,245,2805,28.05,0
13417,0,1,3,4,13,False,142,11,12,2828,28.28,0
13418,0,1,3,4,20,True,142,10,246,2806,28.06,0
13419,0,1,3,4,18,False,231,5,195,1475,14.75,0
13420,0,1,3,4,3,False,96,14,69,3653,36.53,0
13421,0,1,3,4,28,True,96,14,47,3631,36.31,0
13422,0,1,3,4,27,False,141,7,143,1935,19.35,0
13423,0,1,3,4,24,True,141,7,115,1907,19.07,0
13424,0,1,3,4,28,False,31,10,218,2778,27.78,0
13425,0,1,1,4,31,False,167,11,172,2988,29.88,0
13426,0,1,3,4,30,False,38,7,161,1953,19.53,0
13427,0,1,1,4,6,True,167,11,151,2967,29.67,0
13428,0,1,3,4,13,True,37,7,137,1929,19.29,0
13429,0,1,3,4,0,False,144,12,136,3208,32.08,0
13430,0,1,4,1,0,False,0,0,0,0,0.0,0
13431,0,1,15,0,0,False,0,0,0,0,0.0,0
13432,0,1,3,4,0,False,207,4,86,1110,11.1,0
13433,0,1,3,4,32,True,207,4,66,1090,10.9,0
13434,0,1,3,4,30,False,54,1,186,442,4.42,0
13435,0,1,3,4,11,True,54,3,1,769,7.69,28
13436,0,-1,-1,-1,-1,True,-1,-1,-1,-1,-1.0,-1
13437,0,1,3,4,5,False,131,1,199,455,4.55,0
13438,0,1,3,4,14,True,131,1,178,434,4.34,0
13439,0,1,3,4,24,False,13,15,165,4005,40.05,0
13440,0,1,3,4,18,True,13,15,143,3983,39.83,0
13441,0,1,3,4,9,False,197,14,90,3674,36.74,0
13442,0,1,3,4,10,False,197,14,135,3719,37.19,0
13443,0,1,3,4,18,True,197,14,70,3654,36.54,0
13444,0,1,3,4,19,True,102,1,234,490,4.9,0
13445,0,1,3,4,20,True,199,2,174,686,6.86,0
13446,0,1,3,4,24,False,199,8,37,2085,20.85,0
13447,0,1,3,4,19,True,200,8,9,2057,20.57,0
13448,0,1,3,4,22,False,79,9,165,2469,24.69,0
13449,0,1,3,4,26,True,79,9,143,2447,24.47,0
13450,0,1,3,4,13,False,130,15,22,3862,38.62,0
13451,0,1,3,4,34,True,130,15,1,3841,38.41,0
13452,0,1,3,4,23,False,4,1,0,256,2.56,167772160
13453,0,-1,-1,-1,-1,True,-1,-1,-1,-1,-1.0,-1
13454,0,-1,-1,-1,-1,True,-1,-1,-1,-1,-1.0,-1
13455,0,-1,-1,-1,-1,True,-1,-1,-1,-1,-1.0,-1
13456,0,1,3,4,27,False,24,4,218,1242,12.42,0
13457,0,1,3,4,16,True,23,4,194,1218,12.18,0
13458,0,1,1,4,23,True,32,3,95,863,8.63,0
13459,0,1,3,4,31,False,0,10,205,2765,27.65,0
13460,0,1,1,4,20,False,32,12,162,3234,32.34,479789705
13461,0,-1,-1,-1,-1,True,-1,-1,-1,-1,-1.0,-1
13462,0,-1,-1,-1,-1,True,-1,-1,-1,-1,-1.0,-1
13463,0,-1,-1,-1,-1,True,-1,-1,-1,-1,-1.0,-1
13464,0,-1,-1,-1,-1,True,-1,-1,-1,-1,-1.0,-1
13465,0,1,27,0,0,False,0,0,0,0,0.0,0
13466,0,1,0,4,28,False,28,7,215,2007,20.07,0
13467,0,1,1,5,28,False,28,15,215,4055,40.55,13
13468,0,1,0,5,28,False,17,13,2,3330,33.3,109
13469,0,1,3,4,22,True,109,2,87,599,5.99,0
13470,0,1,3,4,21,False,246,11,243,3059,30.59,0
13471,0,1,3,4,29,True,246,11,222,3038,30.38,0
13472,0,1,3,4,21,False,186,9,50,2354,23.54,0
13473,0,1,3,4,23,True,186,9,27,2331,23.31,0
13474,0,1,3,4,12,False,5,8,115,2163,21.63,0
13475,0,1,3,4,28,True,5,11,121,2937,29.37,0
13476,0,1,1,4,25,True,3,3,39,807,8.07,0
13477,0,1,2,4,1,False,104,13,135,3463,34.63,0
13478,0,1,0,4,53,True,28,10,17,2577,25.77,0
13479,0,1,0,4,33,True,28,7,239,2031,20.31,0
13480,0,1,1,2,38,False,28,0,0,0,0.0,0
13481,0,1,18,4,47,True,11,3,0,768,7.68,167772160
13482,0,-1,-1,-1,-1,True,-1,-1,-1,-1,-1.0,-1
13483,0,228,1,4,19,True,0,0,0,0,0.0,469830144
13484,0,-1,-1,-1,-1,True,-1,-1,-1,-1,-1.0,-1
13485,0,-1,-1,-1,-1,True,-1,-1,-1,-1,-1.0,-1
13486,0,-1,-1,-1,-1,True,-1,-1,-1,-1,-1.0,-1
13487,0,-1,-1,-1,-1,True,-1,-1,-1,-1,-1.0,-1
13488,0,1,3,4,11,False,15,8,15,2063,20.63,0
13489,0,1,3,4,21,True,15,8,3,2051,20.51,97
13490,0,-1,-1,-1,-1,True,-1,-1,-1,-1,-1.0,-1
13491,0,1,1,4,4,True,8,0,1,1,0.01,0
13492,0,1,3,4,11,True,128,11,166,2982,29.82,0
13493,0,1,3,4,57,False,13,5,28,1308,13.08,0
13494,0,1,19,6,57,False,13,15,28,3868,38.68,5655
13495,0,1,1,5,42,False,28,8,22,2070,20.7,2
13496,0,1,0,2,28,False,147,0,0,0,0.0,0
13497,0,-1,-1,-1,-1,True,-1,-1,-1,-1,-1.0,-1
13498,0,-1,-1,-1,-1,True,-1,-1,-1,-1,-1.0,-1
13499,0,-1,-1,-1,-1,True,-1,-1,-1,-1,-1.0,-1
13500,0,-1,-1,-1,-1,True,-1,-1,-1,-1,-1.0,-1
13501,0,1,1,5,45,False,28,8,137,2185,21.85,1
13502,0,1,17,6,28,False,7,9,2,2306,23.06,207
13503,0,-1,-1,-1,-1,True,-1,-1,-1,-1,-1.0,-1
13504,0,157,1,6,31,True,0,0,0,0,0.0,469830144
13505,0,-1,-1,-1,-1,True,-1,-1,-1,-1,-1.0,-1
13506,0,-1,-1,-1,-1,True,-1,-1,-1,-1,-1.0,-1
13507,0,-1,-1,-1,-1,True,-1,-1,-1,-1,-1.0,-1
13508,0,1,3,4,14,False,81,1,205,461,4.61,0
13509,0,1,3,4,24,True,80,1,179,435,4.35,0
13510,0,1,3,4,17,False,70,0,115,115,1.15,0
13511,0,1,3,4,30,True,3,2,0,512,5.12,167772160
13512,0,-1,-1,-1,-1,True,-1,-1,-1,-1,-1.0,-1
13513,0,44,0,0,0,False,0,0,10,10,0.1,0
13514,0,-1,-1,-1,-1,True,-1,-1,-1,-1,-1.0,-1
13515,0,3,5,5,0,False,0,0,0,0,0.0,2635333898
13516,0,27,0,0,0,False,0,0,10,10,0.1,0
13517,0,-1,-1,-1,-1,True,-1,-1,-1,-1,-1.0,-1
13518,0,-1,-1,-1,-1,True,-1,-1,-1,-1,-1.0,-1
13519,0,76,0,0,0,False,0,0,10,10,0.1,3919715329
13520,0,-1,-1,-1,-1,True,-1,-1,-1,-1,-1.0,-1
13521,0,-1,-1,-1,-1,True,-1,-1,-1,-1,-1.0,-1
13522,0,1,3,4,31,False,41,0,77,77,0.77,0
13523,0,1,3,4,21,True,41,0,55,55,0.55,0
13524,0,1,3,4,22,False,21,1,2,258,2.58,32
13525,0,-1,-1,-1,-1,True,-1,-1,-1,-1,-1.0,-1
13526,0,1,3,4,27,False,97,13,7,3335,33.35,0
13527,0,1,3,4,19,True,97,12,238,3310,33.1,0
13528,0,1,3,4,4,False,84,12,200,3272,32.72,0
13529,0,1,3,4,5,False,84,2,254,766,7.66,0
13530,0,1,3,4,25,True,84,2,234,746,7.46,0
13531,0,1,3,4,17,False,116,5,170,1450,14.5,0
13532,0,1,3,4,33,True,116,2,13,525,5.25,194
13533,0,-1,-1,-1,-1,True,-1,-1,-1,-1,-1.0,-1
13534,0,1,3,4,30,False,70,10,33,2593,25.93,0
13535,0,1,3,4,31,False,69,9,85,2389,23.89,0
13536,0,1,3,4,21,True,69,10,29,2589,25.89,0
13537,0,1,3,4,11,False,32,11,197,3013,30.13,0
13538,0,1,3,4,20,True,32,11,173,2989,29.89,0
13539,0,1,3,4,33,False,150,11,180,2996,29.96,0
13540,0,1,3,4,31,True,150,11,161,2977,29.77,0
13541,0,1,3,4,30,False,175,3,125,893,8.93,0
13542,0,1,3,4,61,False,61,4,25,1049,10.49,0
13543,0,1,0,6,10,False,12,8,175,2223,22.23,27395
13544,0,1,20,4,20,False,145,6,10,1546,15.46,0
13545,0,1,17,4,28,False,30,14,12,3596,35.96,0
13546,0,1,1,4,32,False,151,13,32,3360,33.6,0
13547,0,1,3,4,19,False,197,10,28,2588,25.88,0
13548,0,1,3,4,9,True,197,1,240,496,4.96,0
13549,0,1,1,4,11,True,37,12,131,3203,32.03,0
13550,0,1,3,4,15,True,20,4,89,1113,11.13,0
13551,0,1,3,4,11,False,226,12,156,3228,32.28,0
13552,0,1,7,6,11,False,205,12,33,3105,31.05,1238
13553,0,1,5,2,28,False,152,0,0,0,0.0,0
13554,0,1,26,6,4,False,20,5,3,1283,12.83,163
13555,0,-1,-1,-1,-1,True,-1,-1,-1,-1,-1.0,-1
13556,0,-1,-1,-1,-1,True,-1,-1,-1,-1,-1.0,-1
13557,0,-1,-1,-1,-1,True,-1,-1,-1,-1,-1.0,-1
13558,0,-1,-1,-1,-1,True,-1,-1,-1,-1,-1.0,-1
13559,0,-1,-1,-1,-1,True,-1,-1,-1,-1,-1.0,-1
13560,0,1,1,4,28,True,132,3,143,911,9.11,0
13561,0,1,3,4,28,False,14,0,247,247,2.47,0
13562,0,1,1,4,39,False,28,14,97,3681,36.81,0
13563,0,1,1,5,43,True,28,11,97,2913,29.13,6
13564,0,1,13,6,28,False,159,1,6,262,2.62,7255
13565,0,1,3,7,59,True,15,6,28,1564,15.64,1047441
13566,0,1,8,1,28,False,0,0,0,0,0.0,0
13567,0,1,3,0,0,False,0,0,0,0,0.0,0
13568,0,1,31,3,15,False,16,12,0,3072,30.72,0
13569,0,1,19,0,0,False,0,0,0,0,0.0,0
13570,0,1,31,3,14,False,198,4,221,1245,12.45,0
13571,0,-1,-1,-1,-1,True,-1,-1,-1,-1,-1.0,-1
13572,0,1,3,4,32,False,191,6,236,1772,17.72,0
13573,0,1,3,4,29,True,141,3,86,854,8.54,0
13574,0,1,3,4,25,False,92,5,8,1288,12.88,0
13575,0,1,3,4,5,True,15,6,0,1536,15.36,167772160
13576,0,-1,-1,-1,-1,True,-1,-1,-1,-1,-1.0,-1
13577,0,-1,-1,-1,-1,True,-1,-1,-1,-1,-1.0,-1
13578,0,1,3,4,8,True,237,5,19,1299,12.99,0
13579,0,1,3,4,33,False,28,8,165,2213,22.13,0
13580,0,1,3,4,30,True,28,8,145,2193,21.93,0
13581,0,1,3,4,15,False,14,4,0,1024,10.24,167772160
13582,0,-1,-1,-1,-1,True,-1,-1,-1,-1,-1.0,-1
13583,0,161,0,0,0,False,0,0,10,10,0.1,1704139777
13584,0,-1,-1,-1,-1,True,-1,-1,-1,-1,-1.0,-1
13585,0,-1,-1,-1,-1,True,-1,-1,-1,-1,-1.0,-1
13586,0,1,3,4,31,False,95,12,68,3140,31.4,0
13587,0,1,3,4,23,True,95,12,45,3117,31.17,0
13588,0,1,3,4,20,False,204,11,122,2938,29.38,0
13589,0,1,3,4,28,False,33,0,25,25,0.25,0
13590,0,1,3,4,13,True,33,0,2,2,0.02,0
13591,0,1,3,4,23,False,117,11,170,2986,29.86,0
13592,0,1,3,4,33,True,117,11,150,2966,29.66,0
13593,0,1,3,4,27,False,59,10,152,2712,27.12,0
13594,0,1,3,4,26,True,59,10,125,2685,26.85,0
13595,0,1,3,4,28,False,146,2,249,761,7.61,0
13596,0,1,3,4,29,False,8,9,0,2304,23.04,167772160
13597,0,-1,-1,-1,-1,True,-1,-1,-1,-1,-1.0,-1
13598,0,131,0,0,0,False,0,0,10,10,0.1,3986562049
13599,0,-1,-1,-1,-1,True,-1,-1,-1,-1,-1.0,-1
13600,0,-1,-1,-1,-1,True,-1,-1,-1,-1,-1.0,-1
13601,0,1,3,4,22,False,50,14,170,3754,37.54,0
13602,0,1,3,4,19,True,50,14,148,3732,37.32,0
13603,0,1,3,4,0,False,7,6,0,1536,15.36,167772160
13604,0,-1,-1,-1,-1,True,-1,-1,-1,-1,-1.0,-1
13605,0,118,0,0,0,False,0,0,10,10,0.1,2542738433
13606,0,-1,-1,-1,-1,True,-1,-1,-1,-1,-1.0,-1
13607,0,-1,-1,-1,-1,True,-1,-1,-1,-1,-1.0,-1
13608,0,-1,-1,-1,-1,True,-1,-1,-1,-1,-1.0,-1
13609,0,1,3,4,33,False,222,9,40,2344,23.44,0
13610,0,1,3,4,11,True,222,10,0,2560,25.6,108
13611,0,-1,-1,-1,-1,True,-1,-1,-1,-1,-1.0,-1
13612,0,1,3,4,15,False,3,12,213,3285,32.85,0
13613,0,1,3,4,16,False,3,11,22,2838,28.38,0
13614,0,1,3,4,23,True,3,10,255,2815,28.15,0
13615,0,1,1,4,29,False,17,6,106,1642,16.42,0
13616,0,1,3,4,27,True,3,12,192,3264,32.64,0
13617,0,1,1,4,21,True,17,6,86,1622,16.22,0
13618,0,1,3,4,29,True,106,13,12,3340,33.4,42
13619,0,-1,-1,-1,-1,True,-1,-1,-1,-1,-1.0,-1
13620,0,1,3,4,32,False,252,10,15,2575,25.75,0
13621,0,1,3,4,28,True,252,9,249,2553,25.53,0
13622,0,1,3,4,21,False,147,2,136,648,6.48,0
13623,0,1,3,4,31,True,8,13,0,3328,33.28,167772160
13624,0,-1,-1,-1,-1,True,-1,-1,-1,-1,-1.0,-1
13625,0,-1,-1,-1,-1,True,-1,-1,-1,-1,-1.0,-1
13626,0,-1,-1,-1,-1,True,-1,-1,-1,-1,-1.0,-1
13627,0,1,3,4,11,True,249,3,235,1003,10.03,0
13628,0,1,3,4,24,False,60,14,24,3608,36.08,0
13629,0,1,3,4,27,True,60,14,2,3586,35.86,0
13630,0,1,3,4,24,False,32,8,119,2167,21.67,0
13631,0,1,3,4,28,True,32,8,25,2073,20.73,0
13632,0,1,3,4,29,True,31,8,98,2146,21.46,0
13633,0,1,3,4,19,False,142,8,236,2284,22.84,0
13634,0,1,3,4,23,True,74,9,199,2503,25.03,0
13635,0,1,3,4,18,False,73,4,23,1047,10.47,0
13636,0,1,3,4,14,True,73,4,2,1026,10.26,0
13637,0,1,3,4,23,False,79,9,11,2315,23.15,156
13638,0,-1,-1,-1,-1,True,-1,-1,-1,-1,-1.0,-1
13639,0,1,3,4,21,False,136,6,255,1791,17.91,0
13640,0,1,3,4,20,False,134,2,17,529,5.29,0
13641,0,1,3,4,27,True,134,1,248,504,5.04,0
13642,0,1,3,4,22,False,12,7,70,1862,18.62,0
13643,0,1,3,4,23,True,12,7,48,1840,18.4,0
13644,0,1,3,4,32,False,234,5,241,1521,15.21,0
13645,0,1,3,4,10,True,234,5,218,1498,14.98,0
13646,0,1,3,4,27,False,10,1,28,284,2.84,3641141526
13647,0,-1,-1,-1,-1,True,-1,-1,-1,-1,-1.0,-1
13648,0,-1,-1,-1,-1,True,-1,-1,-1,-1,-1.0,-1
13649,0,-1,-1,-1,-1,True,-1,-1,-1,-1,-1.0,-1
13650,0,-1,-1,-1,-1,True,-1,-1,-1,-1,-1.0,-1
13651,0,1,3,4,22,True,105,7,197,1989,19.89,0
13652,0,1,3,4,24,False,24,8,36,2084,20.84,0
13653,0,1,3,4,26,True,24,8,14,2062,20.62,0
13654,0,1,3,4,26,False,147,3,3,771,7.71,0
13655,0,1,3,4,34,True,147,2,236,748,7.48,0
13656,0,1,3,4,21,False,208,13,38,3366,33.66,0
13657,0,1,3,4,22,False,208,15,113,3953,39.53,0
13658,0,1,3,4,6,True,4,4,0,1024,10.24,167772160
13659,0,-1,-1,-1,-1,True,-1,-1,-1,-1,-1.0,-1
13660,0,-1,-1,-1,-1,True,-1,-1,-1,-1,-1.0,-1
13661,0,-1,-1,-1,-1,True,-1,-1,-1,-1,-1.0,-1
13662,0,1,3,4,20,False,176,15,244,4084,40.84,0
13663,0,1,3,4,32,True,176,15,223,4063,40.63,0
13664,0,1,3,4,23,False,38,13,75,3403,34.03,0
13665,0,1,3,4,34,True,38,13,53,3381,33.81,0
13666,0,1,3,4,19,False,21,4,155,1179,11.79,2853
13667,0,-1,-1,-1,-1,True,-1,-1,-1,-1,-1.0,-1
13668,0,-1,-1,-1,-1,True,-1,-1,-1,-1,-1.0,-1
13669,0,1,3,6,4,False,22,12,4,3076,30.76,1088
13670,0,1,3,0,0,False,0,0,0,0,0.0,0
13671,0,1,3,4,4,False,46,4,16,1040,10.4,0
13672,0,1,3,4,8,False,170,6,6,1542,15.42,231
13673,0,-1,-1,-1,-1,True,-1,-1,-1,-1,-1.0,-1
13674,0,1,3,4,31,False,34,12,94,3166,31.66,0
13675,0,1,3,4,11,True,35,12,58,3130,31.3,0
13676,0,1,3,4,13,True,34,9,127,2431,24.31,0
13677,0,1,3,4,29,False,3,10,0,2560,25.6,167772160
13678,0,-1,-1,-1,-1,True,-1,-1,-1,-1,-1.0,-1
13679,0,-1,-1,-1,-1,True,-1,-1,-1,-1,-1.0,-1
13680,0,-1,-1,-1,-1,True,-1,-1,-1,-1,-1.0,-1
13681,0,-1,-1,-1,-1,True,-1,-1,-1,-1,-1.0,-1
13682,0,1,3,4,13,True,17,3,171,939,9.39,0
13683,0,1,3,4,12,False,42,14,23,3607,36.07,0
13684,0,1,3,4,13,True,42,10,223,2783,27.83,0
13685,0,1,3,4,30,False,61,12,222,3294,32.94,0
13686,0,1,3,4,15,True,60,12,198,3270,32.7,0
13687,0,1,3,4,30,False,133,11,32,2848,28.48,0
13688,0,1,3,4,23,True,133,11,8,2824,28.24,0
13689,0,1,3,4,15,False,105,8,6,2054,20.54,0
13690,0,1,3,4,27,True,105,7,241,2033,20.33,0
13691,0,1,3,4,15,False,184,2,15,527,5.27,0
13692,0,1,3,4,20,True,184,1,249,505,5.05,0
13693,0,1,3,4,32,False,5,2,89,601,6.01,0
13694,0,1,3,4,34,True,5,2,65,577,5.77,0
13695,0,1,3,4,32,False,220,4,142,1166,11.66,0
13696,0,1,1,4,26,False,68,4,82,1106,11.06,0
13697,0,1,3,4,34,True,12,3,0,768,7.68,167772160
13698,0,-1,-1,-1,-1,True,-1,-1,-1,-1,-1.0,-1
13699,0,-1,-1,-1,-1,True,-1,-1,-1,-1,-1.0,-1
13700,0,-1,-1,-1,-1,True,-1,-1,-1,-1,-1.0,-1
13701,0,-1,-1,-1,-1,True,-1,-1,-1,-1,-1.0,-1
13702,0,-1,-1,-1,-1,True,-1,-1,-1,-1,-1.0,-1
13703,0,-1,-1,-1,-1,True,-1,-1,-1,-1,-1.0,-1
13704,0,1,3,4,33,True,119,1,88,344,3.44,0
13705,0,1,3,4,26,False,248,6,182,1718,17.18,0
13706,0,1,3,4,21,True,248,6,161,1697,16.97,0
13707,0,1,3,4,26,False,187,3,48,816,8.16,0
13708,0,1,3,4,22,True,97,2,32,544,5.44,0
13709,0,1,1,4,19,True,187,3,30,798,7.98,0
13710,0,1,3,4,27,True,234,14,137,3721,37.21,0
13711,0,1,3,4,4,False,40,12,151,3223,32.23,0
13712,0,1,2,1,2,False,0,0,0,0,0.0,0
13713,0,182,0,0,0,False,0,0,10,10,0.1,3180534785
13714,0,-1,-1,-1,-1,True,-1,-1,-1,-1,-1.0,-1
13715,0,1,3,4,29,False,107,12,231,3303,33.03,0
13716,0,1,3,4,25,True,107,2,28,540,5.4,0
13717,0,1,17,4,51,True,0,2,28,540,5.4,0
13718,0,1,1,2,51,True,12,0,0,0,0.0,0
13719,0,115,0,0,0,False,0,0,10,10,0.1,0
13720,0,-1,-1,-1,-1,True,-1,-1,-1,-1,-1.0,-1
13721,0,-1,-1,-1,-1,True,-1,-1,-1,-1,-1.0,-1
13722,0,-1,-1,-1,-1,True,-1,-1,-1,-1,-1.0,-1
13723,0,-1,-1,-1,-1,True,-1,-1,-1,-1,-1.0,-1
13724,0,-1,-1,-1,-1,True,-1,-1,-1,-1,-1.0,-1
13725,0,-1,-1,-1,-1,True,-1,-1,-1,-1,-1.0,-1
13726,0,1,3,4,4,False,180,8,15,2063,20.63,0
13727,0,1,3,4,17,False,139,10,1,2561,25.61,0
13728,0,1,3,4,23,True,139,8,15,2063,20.63,153
13729,0,-1,-1,-1,-1,True,-1,-1,-1,-1,-1.0,-1
13730,0,1,3,4,17,False,198,1,134,390,3.9,0
13731,0,1,3,4,33,True,80,5,12,1292,12.92,0
13732,0,1,3,4,33,False,224,9,79,2383,23.83,0
13733,0,1,3,4,31,True,224,9,61,2365,23.65,0
13734,0,1,3,4,21,False,150,2,223,735,7.35,0
13735,0,1,3,4,30,True,6,0,54,54,0.54,0
13736,0,1,3,4,17,False,67,15,110,3950,39.5,0
13737,0,1,3,4,25,True,67,15,89,3929,39.29,0
13738,0,1,3,4,17,False,8,7,131,1923,19.23,0
13739,0,1,3,4,31,True,24,2,80,592,5.92,0
13740,0,1,3,4,11,False,170,15,189,4029,40.29,0
13741,0,1,3,4,33,True,3,6,0,1536,15.36,167772160
13742,0,-1,-1,-1,-1,True,-1,-1,-1,-1,-1.0,-1
13743,0,-1,-1,-1,-1,True,-1,-1,-1,-1,-1.0,-1
13744,0,-1,-1,-1,-1,True,-1,-1,-1,-1,-1.0,-1
13745,0,-1,-1,-1,-1,True,-1,-1,-1,-1,-1.0,-1
13746,0,1,3,4,24,False,129,0,184,184,1.84,0
13747,0,1,3,4,32,True,129,6,215,1751,17.51,0
13748,0,1,3,4,23,False,141,2,151,663,6.63,0
13749,0,1,3,4,22,True,141,2,129,641,6.41,0
13750,0,1,3,4,14,False,214,14,200,3784,37.84,0
13751,0,1,3,4,27,True,214,14,176,3760,37.6,0
13752,0,1,3,4,16,False,199,2,18,530,5.3,0
13753,0,1,3,4,33,True,199,12,10,3082,30.82,62
13754,0,-1,-1,-1,-1,True,-1,-1,-1,-1,-1.0,-1
13755,0,1,3,4,16,False,172,13,43,3371,33.71,0
13756,0,1,3,4,14,True,172,10,39,2599,25.99,0
13757,0,1,3,4,15,True,172,13,18,3346,33.46,0
13758,0,1,3,4,5,False,33,8,88,2136,21.36,0
13759,0,1,3,4,21,True,33,8,68,2116,21.16,0
13760,0,1,3,4,24,False,73,14,184,3768,37.68,0
13761,0,1,3,4,20,True,73,14,161,3745,37.45,0
13762,0,1,3,4,19,False,217,15,252,4092,40.92,0
13763,0,1,3,4,27,False,216,9,177,2481,24.81,0
13764,0,1,3,4,27,True,216,9,155,2459,24.59,0
13765,0,1,3,4,28,True,215,2,5,517,5.17,148
13766,0,-1,-1,-1,-1,True,-1,-1,-1,-1,-1.0,-1
13767,0,1,1,4,31,True,160,1,10,266,2.66,0
13768,0,1,3,4,5,False,127,12,32,3104,31.04,0
13769,0,1,27,3,1,False,87,12,0,3072,30.72,0
13770,0,1,17,1,27,True,0,0,0,0,0.0,0
13771,0,1,0,1,2,False,0,0,0,0,0.0,0
13772,0,1,3,4,24,False,211,3,136,904,9.04,0
13773,0,1,3,4,22,True,244,13,153,3481,34.81,0
13774,0,1,3,4,29,True,244,13,128,3456,34.56,0
13775,0,1,3,4,31,False,133,15,231,4071,40.71,0
13776,0,1,3,4,13,True,133,15,211,4051,40.51,0
13777,0,1,3,4,28,False,178,1,108,364,3.64,0
13778,0,1,3,4,18,True,178,10,194,2754,27.54,0
13779,0,1,1,4,27,False,198,15,82,3922,39.22,0
13780,0,1,3,4,33,False,168,0,12,12,0.12,194
13781,0,-1,-1,-1,-1,True,-1,-1,-1,-1,-1.0,-1
13782,0,1,3,4,32,False,198,12,76,3148,31.48,0
13783,0,1,3,4,5,True,1,7,0,1792,17.92,167772160
13784,0,-1,-1,-1,-1,True,-1,-1,-1,-1,-1.0,-1
13785,0,-1,-1,-1,-1,True,-1,-1,-1,-1,-1.0,-1
13786,0,-1,-1,-1,-1,True,-1,-1,-1,-1,-1.0,-1
13787,0,-1,-1,-1,-1,True,-1,-1,-1,-1,-1.0,-1
13788,0,-1,-1,-1,-1,True,-1,-1,-1,-1,-1.0,-1
13789,0,1,3,4,18,True,3,12,247,3319,33.19,0
13790,0,1,3,4,21,False,181,13,174,3502,35.02,0
13791,0,1,3,4,32,True,181,13,154,3482,34.82,0
13792,0,1,3,4,26,False,251,15,74,3914,39.14,0
13793,0,1,3,4,26,True,251,15,56,3896,38.96,0
13794,0,1,3,4,25,False,46,9,112,2416,24.16,0
13795,0,1,3,4,19,True,46,9,92,2396,23.96,0
13796,0,1,3,4,22,False,178,3,184,952,9.52,0
13797,0,1,3,4,20,False,173,15,239,4079,40.79,0
13798,0,1,3,4,23,False,173,0,207,207,2.07,0
13799,0,1,3,4,21,True,173,0,185,185,1.85,0
13800,0,1,3,4,23,True,64,4,190,1214,12.14,0
13801,0,1,3,4,28,True,2,6,43,1579,15.79,0
13802,0,1,3,4,9,False,242,5,49,1329,13.29,0
13803,0,1,3,4,25,True,242,5,23,1303,13.03,0
13804,0,1,3,4,25,False,190,6,249,1785,17.85,0
13805,0,1,3,4,34,True,190,6,224,1760,17.6,0
13806,0,1,3,4,26,False,203,15,225,4065,40.65,0
13807,0,1,3,4,14,True,203,15,203,4043,40.43,0
13808,0,1,3,4,19,False,99,4,193,1217,12.17,0
13809,0,1,3,4,9,True,99,4,172,1196,11.96,0
13810,0,1,3,4,19,False,158,10,96,2656,26.56,0
13811,0,1,3,4,25,True,158,10,73,2633,26.33,0
13812,0,1,3,4,18,False,134,8,247,2295,22.95,0
13813,0,1,3,4,34,True,134,8,223,2271,22.71,0
13814,0,1,3,4,29,False,130,10,201,2761,27.61,0
13815,0,1,3,4,19,True,130,10,179,2739,27.39,0
13816,0,1,3,4,21,False,156,3,228,996,9.96,0
13817,0,1,3,4,22,True,156,3,205,973,9.73,0
13818,0,1,3,4,14,False,82,0,13,13,0.13,0
13819,0,1,3,4,15,False,81,2,172,684,6.84,0
13820,0,1,3,4,10,True,19,15,0,3840,38.4,251
13821,0,-1,-1,-1,-1,True,-1,-1,-1,-1,-1.0,-1
13822,0,1,3,4,26,True,175,0,233,233,2.33,0
13823,0,1,3,4,16,False,47,13,18,3346,33.46,0
13824,0,1,3,4,31,True,47,12,252,3324,33.24,0
13825,0,1,3,4,22,False,131,9,212,2516,25.16,0
13826,0,1,3,4,26,True,131,9,191,2495,24.95,0
13827,0,1,3,4,21,False,110,7,245,2037,20.37,0
13828,0,1,3,4,31,True,110,7,224,2016,20.16,0
13829,0,1,3,4,23,True,79,11,59,2875,28.75,0
13830,0,1,3,4,0,False,119,0,49,49,0.49,0
13831,0,1,3,4,34,True,119,0,25,25,0.25,0
13832,0,1,3,4,32,False,200,3,98,866,8.66,0
13833,0,1,3,4,21,True,200,3,76,844,8.44,0
13834,0,1,3,4,14,False,161,2,63,575,5.75,0
13835,0,1,3,4,25,True,161,2,2,514,5.14,104
13836,0,-1,-1,-1,-1,True,-1,-1,-1,-1,-1.0,-1
13837,0,1,3,4,33,False,191,14,27,3611,36.11,0
13838,0,1,3,4,26,True,28,4,70,1094,10.94,0
13839,0,1,1,5,26,True,28,3,69,837,8.37,3
13840,0,1,1,1,28,False,0,0,0,0,0.0,0
13841,0,1,19,3,5,False,2,5,0,1280,12.8,0
13842,0,1,3,4,28,True,69,15,180,4020,40.2,0
13843,0,1,3,4,29,False,155,10,196,2756,27.56,0
13844,0,1,3,4,25,True,155,10,173,2733,27.33,0
13845,0,1,3,4,8,False,23,14,131,3715,37.15,0
13846,0,1,3,4,19,True,23,14,110,3694,36.94,0
13847,0,1,3,4,29,False,241,1,178,434,4.34,0
13848,0,1,3,4,33,True,241,1,157,413,4.13,0
13849,0,1,3,4,1,False,242,10,216,2776,27.76,0
13850,0,1,3,4,5,True,242,10,193,2753,27.53,0
13851,0,1,3,4,0,False,40,10,210,2770,27.7,0
13852,0,1,3,4,34,True,40,8,140,2188,21.88,0
13853,0,1,3,4,24,False,182,10,80,2640,26.4,0
13854,0,1,1,4,12,False,73,14,248,3832,38.32,28
13855,0,-1,-1,-1,-1,True,-1,-1,-1,-1,-1.0,-1
13856,0,1,3,1,43,True,0,0,0,0,0.0,0
13857,0,1,1,2,23,False,28,0,0,0,0.0,0
13858,0,1,19,6,43,True,63,9,249,2553,25.53,0
13859,0,227,0,0,0,False,0,0,10,10,0.1,1580033
13860,0,70,0,0,0,False,0,0,10,10,0.1,663100417
13861,0,-1,-1,-1,-1,True,-1,-1,-1,-1,-1.0,-1
13862,0,1,3,4,0,False,39,14,157,3741,37.41,0
13863,0,1,3,4,25,True,211,14,133,3717,37.17,0
13864,0,1,3,4,11,False,249,1,14,270,2.7,90
13865,0,-1,-1,-1,-1,True,-1,-1,-1,-1,-1.0,-1
13866,0,1,2,4,33,False,101,15,18,3858,38.58,0
13867,0,1,3,4,29,False,12,0,0,0,0.0,167772160
13868,0,-1,-1,-1,-1,True,-1,-1,-1,-1,-1.0,-1
13869,0,170,0,0,0,False,0,0,10,10,0.1,102505473
13870,0,-1,-1,-1,-1,True,-1,-1,-1,-1,-1.0,-1
13871,0,-1,-1,-1,-1,True,-1,-1,-1,-1,-1.0,-1
13872,0,-1,-1,-1,-1,True,-1,-1,-1,-1,-1.0,-1
13873,0,-1,-1,-1,-1,True,-1,-1,-1,-1,-1.0,-1
13874,0,1,3,4,23,True,6,10,70,2630,26.3,0
13875,0,1,3,4,22,False,11,14,154,3738,37.38,0
13876,0,1,3,4,15,True,11,14,131,3715,37.15,0
13877,0,1,3,4,29,False,109,14,94,3678,36.78,0
13878,0,1,3,4,17,True,109,14,70,3654,36.54,0
13879,0,1,3,4,33,False,153,7,200,1992,19.92,0
13880,0,1,3,4,34,True,2,7,176,1968,19.68,0
13881,0,1,3,4,26,False,135,7,54,1846,18.46,0
13882,0,1,3,4,33,True,9,13,0,3328,33.28,167772160
13883,0,-1,-1,-1,-1,True,-1,-1,-1,-1,-1.0,-1
13884,0,-1,-1,-1,-1,True,-1,-1,-1,-1,-1.0,-1
13885,0,-1,-1,-1,-1,True,-1,-1,-1,-1,-1.0,-1
13886,0,-1,-1,-1,-1,True,-1,-1,-1,-1,-1.0,-1
13887,0,-1,-1,-1,-1,True,-1,-1,-1,-1,-1.0,-1
13888,0,-1,-1,-1,-1,True,-1,-1,-1,-1,-1.0,-1
13889,0,1,1,4,11,False,24,12,16,3088,30.88,10093496
13890,0,-1,-1,-1,-1,True,-1,-1,-1,-1,-1.0,-1
13891,0,-1,-1,-1,-1,True,-1,-1,-1,-1,-1.0,-1
13892,0,-1,-1,-1,-1,True,-1,-1,-1,-1,-1.0,-1
13893,0,1,3,4,33,True,184,3,131,899,8.99,0
13894,0,1,3,4,30,False,244,4,204,1228,12.28,0
13895,0,1,3,4,31,True,244,4,182,1206,12.06,0
13896,0,1,3,4,17,False,122,15,57,3897,38.97,0
13897,0,1,3,4,30,True,122,15,37,3877,38.77,0
13898,0,1,3,4,16,False,4,4,0,1024,10.24,167772160
13899,0,-1,-1,-1,-1,True,-1,-1,-1,-1,-1.0,-1
13900,0,-1,-1,-1,-1,True,-1,-1,-1,-1,-1.0,-1
13901,0,-1,-1,-1,-1,True,-1,-1,-1,-1,-1.0,-1
13902,0,1,3,4,31,True,22,4,105,1129,11.29,0
13903,0,1,3,4,30,False,42,11,135,2951,29.51,0
13904,0,1,2,4,3,False,158,10,184,2744,27.44,0
13905,0,1,3,4,7,True,42,11,112,2928,29.28,0
13906,0,1,2,4,6,True,158,10,162,2722,27.22,0
13907,0,1,3,4,6,False,3,7,0,1792,17.92,167772160
13908,0,-1,-1,-1,-1,True,-1,-1,-1,-1,-1.0,-1
13909,0,-1,-1,-1,-1,True,-1,-1,-1,-1,-1.0,-1
13910,0,-1,-1,-1,-1,True,-1,-1,-1,-1,-1.0,-1
13911,0,-1,-1,-1,-1,True,-1,-1,-1,-1,-1.0,-1
13912,0,1,3,4,31,False,141,3,161,929,9.29,0
13913,0,1,3,4,26,True,141,3,140,908,9.08,0
13914,0,1,3,4,19,False,75,14,31,3615,36.15,0
13915,0,1,3,4,25,True,232,13,249,3577,35.77,0
13916,0,1,3,4,32,False,235,10,65,2625,26.25,0
13917,0,1,3,4,26,True,235,10,41,2601,26.01,0
13918,0,1,3,4,27,True,232,13,228,3556,35.56,0
13919,0,1,3,4,22,False,209,2,227,739,7.39,0
13920,0,1,1,4,27,False,79,9,11,2315,23.15,0
13921,0,1,3,4,32,True,208,2,208,720,7.2,0
13922,0,1,1,4,24,True,79,8,244,2292,22.92,0
13923,0,1,3,4,24,False,33,2,144,656,6.56,0
13924,0,1,3,4,28,True,33,15,22,3862,38.62,0
13925,0,1,3,4,34,True,110,1,49,305,3.05,0
13926,0,1,3,4,25,False,104,8,92,2140,21.4,0
13927,0,1,3,4,33,True,249,7,124,1916,19.16,0
13928,0,1,3,4,7,False,226,6,69,1605,16.05,0
13929,0,1,3,4,29,True,226,6,49,1585,15.85,0
13930,0,1,3,4,8,False,102,13,110,3438,34.38,0
13931,0,1,3,4,28,True,10,4,0,1024,10.24,167772160
13932,0,-1,-1,-1,-1,True,-1,-1,-1,-1,-1.0,-1
13933,0,-1,-1,-1,-1,True,-1,-1,-1,-1,-1.0,-1
13934,0,-1,-1,-1,-1,True,-1,-1,-1,-1,-1.0,-1
13935,0,-1,-1,-1,-1,True,-1,-1,-1,-1,-1.0,-1
13936,0,-1,-1,-1,-1,True,-1,-1,-1,-1,-1.0,-1
13937,0,-1,-1,-1,-1,True,-1,-1,-1,-1,-1.0,-1
13938,0,1,3,4,13,True,254,0,176,176,1.76,0
13939,0,1,3,4,18,False,248,13,92,3420,34.2,0
13940,0,1,3,4,29,True,248,13,71,3399,33.99,0
13941,0,1,3,4,25,False,12,2,0,512,5.12,167772160
13942,0,-1,-1,-1,-1,True,-1,-1,-1,-1,-1.0,-1
13943,0,206,0,0,0,False,0,0,10,10,0.1,1502415873
13944,0,-1,-1,-1,-1,True,-1,-1,-1,-1,-1.0,-1
13945,0,1,3,4,12,False,66,5,193,1473,14.73,0
13946,0,1,1,4,33,False,89,5,181,1461,14.61,0
13947,0,1,3,4,9,True,1,3,0,768,7.68,167772160
13948,0,-1,-1,-1,-1,True,-1,-1,-1,-1,-1.0,-1
13949,0,-1,-1,-1,-1,True,-1,-1,-1,-1,-1.0,-1
13950,0,-1,-1,-1,-1,True,-1,-1,-1,-1,-1.0,-1
13951,0,-1,-1,-1,-1,True,-1,-1,-1,-1,-1.0,-1
13952,0,-1,-1,-1,-1,True,-1,-1,-1,-1,-1.0,-1
13953,0,-1,-1,-1,-1,True,-1,-1,-1,-1,-1.0,-1
13954,0,1,3,4,12,False,55,7,228,2020,20.2,0
13955,0,1,3,4,16,True,55,7,208,2000,20.0,0
13956,0,1,3,4,20,False,125,15,136,3976,39.76,0
13957,0,1,1,4,21,True,116,10,211,2771,27.71,0
13958,0,1,3,4,15,False,115,12,13,3085,30.85,201
13959,0,-1,-1,-1,-1,True,-1,-1,-1,-1,-1.0,-1
13960,0,1,3,4,19,False,2,5,130,1410,14.1,0
13961,0,1,3,4,26,True,2,5,111,1391,13.91,0
13962,0,1,3,4,29,False,168,12,49,3121,31.21,0
13963,0,1,3,4,34,True,168,12,24,3096,30.96,0
13964,0,1,3,4,14,False,50,15,207,4047,40.47,0
13965,0,1,3,4,11,False,49,3,79,847,8.47,0
13966,0,1,3,4,20,True,49,1,34,290,2.9,0
13967,0,1,3,4,22,True,208,1,11,267,2.67,0
13968,0,1,3,4,15,False,142,0,92,92,0.92,0
13969,0,1,3,4,10,True,142,0,69,69,0.69,0
13970,0,1,3,4,19,False,0,7,212,2004,20.04,0
13971,0,1,3,4,30,True,0,7,193,1985,19.85,0
13972,0,1,3,4,18,False,253,12,156,3228,32.28,0
13973,0,1,2,4,31,False,8,1,27,283,2.83,0
13974,0,1,3,4,11,False,8,4,31,1055,10.55,0
13975,0,1,3,4,31,True,8,1,9,265,2.65,0
13976,0,1,3,4,32,True,8,4,11,1035,10.35,0
13977,0,1,3,4,20,False,1,1,181,437,4.37,0
13978,0,1,3,4,20,True,1,1,159,415,4.15,0
13979,0,1,3,4,26,False,45,2,246,758,7.58,0
13980,0,1,3,4,33,True,45,2,225,737,7.37,0
13981,0,1,3,4,22,False,7,5,0,1280,12.8,167772160
13982,0,-1,-1,-1,-1,True,-1,-1,-1,-1,-1.0,-1
13983,0,-1,-1,-1,-1,True,-1,-1,-1,-1,-1.0,-1
13984,0,-1,-1,-1,-1,True,-1,-1,-1,-1,-1.0,-1
13985,0,-1,-1,-1,-1,True,-1,-1,-1,-1,-1.0,-1
13986,0,-1,-1,-1,-1,True,-1,-1,-1,-1,-1.0,-1
13987,0,1,3,4,16,True,127,12,1,3073,30.73,127
13988,0,-1,-1,-1,-1,True,-1,-1,-1,-1,-1.0,-1
13989,0,1,3,4,19,True,188,1,104,360,3.6,0
13990,0,1,3,4,25,False,14,3,203,971,9.71,0
13991,0,1,3,4,22,False,13,8,102,2150,21.5,0
13992,0,1,3,4,5,True,181,12,112,3184,31.84,0
13993,0,1,3,4,14,False,91,2,206,718,7.18,0
13994,0,1,3,4,18,True,75,5,137,1417,14.17,0
13995,0,1,3,4,29,False,103,14,226,3810,38.1,0
13996,0,1,3,4,6,True,103,14,204,3788,37.88,0
13997,0,1,3,4,30,False,247,9,102,2406,24.06,0
13998,0,1,3,4,22,True,247,9,78,2382,23.82,0
13999,0,1,3,4,24,False,226,12,46,3118,31.18,0
14000,0,1,3,4,19,True,226,12,25,3097,30.97,0
14001,0,1,3,4,12,True,148,9,225,2529,25.29,0
14002,0,1,3,4,21,False,145,3,157,925,9.25,0
14003,0,1,3,4,14,True,145,0,10,10,0.1,212
14004,0,-1,-1,-1,-1,True,-1,-1,-1,-1,-1.0,-1
14005,0,1,3,4,15,False,108,14,192,3776,37.76,0
14006,0,1,3,4,33,True,108,14,172,3756,37.56,0
14007,0,1,3,4,24,False,172,7,183,1975,19.75,0
14008,0,1,3,4,25,True,172,7,161,1953,19.53,0
14009,0,1,2,4,27,False,80,0,28,28,0.28,0
14010,0,1,17,2,13,True,15,0,0,0,0.0,0
14011,0,1,6,2,28,False,24,0,0,0,0.0,0
14012,0,1,25,5,11,False,15,0,0,0,0.0,167772160
14013,0,217,0,0,0,False,0,0,10,10,0.1,1461787649
14014,0,-1,-1,-1,-1,True,-1,-1,-1,-1,-1.0,-1
14015,0,1,3,4,8,True,87,12,113,3185,31.85,0
14016,0,1,3,4,28,False,231,9,220,2524,25.24,0
14017,0,1,3,4,20,True,231,9,197,2501,25.01,0
14018,0,1,3,4,13,False,66,1,6,262,2.62,227
14019,0,-1,-1,-1,-1,True,-1,-1,-1,-1,-1.0,-1
14020,0,1,3,4,28,True,49,6,208,1744,17.44,0
14021,0,1,3,4,32,False,27,2,136,648,6.48,0
14022,0,1,3,4,21,True,27,9,31,2335,23.35,0
14023,0,1,2,4,22,False,196,13,18,3346,33.46,0
14024,0,1,3,4,12,True,120,5,208,1488,14.88,0
14025,0,1,2,4,12,True,196,12,255,3327,33.27,0
14026,0,1,1,4,24,False,226,10,92,2652,26.52,0
14027,0,1,3,4,26,False,40,1,236,492,4.92,0
14028,0,1,3,4,22,True,40,1,214,470,4.7,0
14029,0,1,3,4,1,False,135,12,126,3198,31.98,0
14030,0,1,3,4,19,True,135,12,103,3175,31.75,0
14031,0,1,3,4,12,False,207,15,151,3991,39.91,0
14032,0,1,3,4,20,True,207,4,28,1052,10.52,0
14033,0,1,3,7,31,False,5,10,28,2588,25.88,352153
14034,0,1,4,4,28,False,11,9,3,2307,23.07,0
14035,0,1,5,3,28,False,142,8,0,2048,20.48,0
14036,0,1,0,3,19,False,28,8,0,2048,20.48,0
14037,0,1,17,5,15,False,43,12,136,3208,32.08,141
14038,0,1,1,7,21,False,28,9,100,2404,24.04,1869580
14039,0,1,18,3,36,False,12,3,0,768,7.68,0
14040,0,1,3,4,12,False,98,6,191,1727,17.27,0
14041,0,1,3,4,17,True,98,6,168,1704,17.04,0
14042,0,1,3,4,19,False,178,1,28,284,2.84,0
14043,0,1,3,4,31,True,178,1,11,267,2.67,0
14044,0,1,3,4,19,False,163,13,196,3524,35.24,0
14045,0,1,3,4,17,True,2,0,0,0,0.0,167772160
14046,0,-1,-1,-1,-1,True,-1,-1,-1,-1,-1.0,-1
14047,0,198,0,0,0,False,0,0,10,10,0.1,3340442625
14048,0,-1,-1,-1,-1,True,-1,-1,-1,-1,-1.0,-1
14049,0,-1,-1,-1,-1,True,-1,-1,-1,-1,-1.0,-1
14050,0,-1,-1,-1,-1,True,-1,-1,-1,-1,-1.0,-1
14051,0,-1,-1,-1,-1,True,-1,-1,-1,-1,-1.0,-1
14052,0,1,3,4,16,True,199,13,22,3350,33.5,0
14053,0,1,3,4,17,True,199,10,26,2586,25.86,0
14054,0,1,3,4,16,False,169,5,202,1482,14.82,0
14055,0,1,3,4,15,False,168,11,243,3059,30.59,0
14056,0,1,3,4,32,True,197,11,223,3039,30.39,0
14057,0,1,3,4,24,False,175,12,231,3303,33.03,0
14058,0,1,3,4,6,True,70,12,210,3282,32.82,0
14059,0,1,3,4,29,False,220,14,97,3681,36.81,0
14060,0,1,3,4,34,True,126,14,73,3657,36.57,0
14061,0,1,3,4,26,False,57,6,113,1649,16.49,0
14062,0,1,3,4,29,True,57,6,93,1629,16.29,0
14063,0,1,3,4,16,False,182,13,170,3498,34.98,0
14064,0,1,3,4,19,True,182,13,148,3476,34.76,0
14065,0,1,3,4,32,False,164,1,145,401,4.01,0
14066,0,1,3,4,20,False,53,2,194,706,7.06,0
14067,0,1,1,4,18,True,108,1,124,380,3.8,0
14068,0,1,3,4,29,False,12,0,0,0,0.0,167772160
14069,0,-1,-1,-1,-1,True,-1,-1,-1,-1,-1.0,-1
14070,0,43,0,0,0,False,0,0,10,10,0.1,2844597249
14071,0,91,0,0,0,False,0,0,10,10,0.1,3322747905
14072,0,-1,-1,-1,-1,True,-1,-1,-1,-1,-1.0,-1
14073,0,-1,-1,-1,-1,True,-1,-1,-1,-1,-1.0,-1
14074,0,-1,-1,-1,-1,True,-1,-1,-1,-1,-1.0,-1
14075,0,-1,-1,-1,-1,True,-1,-1,-1,-1,-1.0,-1
14076,0,1,3,4,20,True,198,8,10,2058,20.58,208
14077,0,-1,-1,-1,-1,True,-1,-1,-1,-1,-1.0,-1
14078,0,1,3,4,34,True,120,10,184,2744,27.44,0
14079,0,1,3,4,20,True,136,9,30,2334,23.34,0
14080,0,1,3,4,25,False,134,1,9,265,2.65,0
14081,0,1,3,4,22,True,6,3,91,859,8.59,0
14082,0,1,3,4,1,False,28,1,140,396,3.96,0
14083,0,1,3,4,24,True,150,7,31,1823,18.23,0
14084,0,1,3,4,26,False,149,10,45,2605,26.05,0
14085,0,1,3,4,22,True,149,10,23,2583,25.83,0
14086,0,1,3,4,29,False,204,6,103,1639,16.39,0
14087,0,1,3,4,26,True,187,12,26,3098,30.98,0
14088,0,1,3,4,16,False,202,10,35,2595,25.95,0
14089,0,1,3,4,29,True,202,10,13,2573,25.73,0
14090,0,1,3,4,31,False,84,10,56,2616,26.16,0
14091,0,1,3,4,27,True,84,10,35,2595,25.95,0
14092,0,1,3,4,8,False,46,15,179,4019,40.19,0
14093,0,1,3,4,7,False,90,4,12,1036,10.36,63
14094,0,-1,-1,-1,-1,True,-1,-1,-1,-1,-1.0,-1
14095,0,1,3,2,56,True,4,0,0,0,0.0,0
14096,0,1,3,0,0,False,0,0,0,0,0.0,0
14097,0,1,3,0,0,False,0,0,0,0,0.0,0
14098,0,1,3,2,2,True,4,0,0,0,0.0,0
14099,0,1,3,0,0,False,0,0,0,0,0.0,0
14100,0,1,3,3,0,False,70,4,0,1024,10.24,0
14101,0,1,3,6,35,True,0,1,4,260,2.6,14111
14102,0,1,3,1,17,False,0,0,0,0,0.0,0
14103,0,1,3,4,19,True,55,8,253,2301,23.01,0
14104,0,1,3,4,18,False,51,8,36,2084,20.84,0
14105,0,1,3,4,22,True,75,5,53,1333,13.33,0
14106,0,1,3,4,32,False,249,12,42,3114,31.14,0
14107,0,1,3,4,19,True,249,12,21,3093,30.93,0
14108,0,1,3,4,15,False,237,4,81,1105,11.05,0
14109,0,1,3,4,22,True,237,4,58,1082,10.82,0
14110,0,1,3,4,13,False,191,14,196,3780,37.8,0
14111,0,1,3,4,20,True,7,5,0,1280,12.8,167772160
14112,0,-1,-1,-1,-1,True,-1,-1,-1,-1,-1.0,-1
14113,0,98,0,0,35,True,0,0,0,0,0.0,0
14114,0,-1,-1,-1,-1,True,-1,-1,-1,-1,-1.0,-1
14115,0,1,3,4,18,True,98,0,141,141,1.41,0
14116,0,1,3,4,13,False,151,6,39,1575,15.75,0
14117,0,1,3,4,11,True,151,6,17,1553,15.53,0
14118,0,1,3,4,27,False,9,3,8,776,7.76,0
14119,0,1,3,4,20,True,9,2,238,750,7.5,0
14120,0,1,3,4,23,False,136,11,234,3050,30.5,0
14121,0,1,3,4,32,True,136,0,14,14,0.14,9
14122,0,-1,-1,-1,-1,True,-1,-1,-1,-1,-1.0,-1
14123,0,1,3,4,26,False,74,2,209,721,7.21,0
14124,0,1,3,4,20,True,74,2,187,699,6.99,0
14125,0,1,3,4,22,False,140,15,200,4040,40.4,0
14126,0,1,3,4,23,False,247,4,108,1132,11.32,0
14127,0,1,3,4,16,True,247,4,87,1111,11.11,0
14128,0,1,3,4,25,False,75,3,158,926,9.26,0
14129,0,1,3,4,24,True,75,9,17,2321,23.21,59919
14130,0,-1,-1,-1,-1,True,-1,-1,-1,-1,-1.0,-1
14131,0,-1,-1,-1,-1,True,-1,-1,-1,-1,-1.0,-1
14132,0,1,3,4,30,True,17,15,213,4053,40.53,0
14133,0,1,3,4,33,False,102,7,139,1931,19.31,0
14134,0,1,3,4,19,True,102,12,6,3078,30.78,21
14135,0,-1,-1,-1,-1,True,-1,-1,-1,-1,-1.0,-1
14136,0,1,3,4,23,True,108,5,255,1535,15.35,0
14137,0,1,3,4,2,False,90,5,119,1399,13.99,0
14138,0,1,3,4,3,False,88,11,30,2846,28.46,0
14139,0,1,3,4,29,True,179,7,226,2018,20.18,0
14140,0,1,3,4,27,False,157,11,67,2883,28.83,0
14141,0,1,3,4,30,True,157,11,41,2857,28.57,0
14142,0,1,3,4,12,False,164,9,171,2475,24.75,0
14143,0,1,3,4,11,False,1,0,0,0,0.0,167772160
14144,0,-1,-1,-1,-1,True,-1,-1,-1,-1,-1.0,-1
14145,0,-1,-1,-1,-1,True,-1,-1,-1,-1,-1.0,-1
14146,0,-1,-1,-1,-1,True,-1,-1,-1,-1,-1.0,-1
14147,0,-1,-1,-1,-1,True,-1,-1,-1,-1,-1.0,-1
14148,0,-1,-1,-1,-1,True,-1,-1,-1,-1,-1.0,-1
14149,0,-1,-1,-1,-1,True,-1,-1,-1,-1,-1.0,-1
14150,0,1,3,4,0,False,14,0,195,195,1.95,0
14151,0,1,3,4,34,True,14,0,171,171,1.71,0
14152,0,1,3,4,32,False,206,12,114,3186,31.86,0
14153,0,1,3,4,32,True,206,12,96,3168,31.68,0
14154,0,1,3,4,23,False,194,11,221,3037,30.37,0
14155,0,1,3,4,24,True,198,11,196,3012,30.12,0
14156,0,1,3,4,16,False,181,14,189,3773,37.73,0
14157,0,1,3,4,9,True,181,14,165,3749,37.49,0
14158,0,1,3,4,32,False,78,11,201,3017,30.17,0
14159,0,1,3,4,21,True,78,11,179,2995,29.95,0
14160,0,1,3,4,8,True,109,10,66,2626,26.26,0
14161,0,1,3,4,7,True,192,10,62,2622,26.22,0
14162,0,1,3,4,30,True,192,10,42,2602,26.02,0
14163,0,1,3,4,31,False,34,11,11,2827,28.27,0
14164,0,1,3,4,29,True,33,10,245,2805,28.05,0
14165,0,1,3,4,18,False,166,14,177,3761,37.61,0
14166,0,1,3,4,14,True,166,14,155,3739,37.39,0
14167,0,1,3,4,9,False,14,15,0,3840,38.4,167772160
14168,0,-1,-1,-1,-1,True,-1,-1,-1,-1,-1.0,-1
14169,0,-1,-1,-1,-1,True,-1,-1,-1,-1,-1.0,-1
14170,0,140,0,0,0,False,0,0,10,10,0.1,7169
14171,0,-1,-1,-1,-1,True,-1,-1,-1,-1,-1.0,-1
14172,0,123,0,0,0,False,0,0,10,10,0.1,7169
14173,0,-1,-1,-1,-1,True,-1,-1,-1,-1,-1.0,-1
14174,0,-1,-1,-1,-1,True,-1,-1,-1,-1,-1.0,-1
14175,0,-1,-1,-1,-1,True,-1,-1,-1,-1,-1.0,-1
14176,0,-1,-1,-1,-1,True,-1,-1,-1,-1,-1.0,-1
14177,0,1,3,4,32,True,3,10,6,2566,25.66,66
14178,0,-1,-1,-1,-1,True,-1,-1,-1,-1,-1.0,-1
14179,0,1,1,4,32,True,200,1,233,489,4.89,0
14180,0,1,3,4,22,False,226,12,245,3317,33.17,0
14181,0,1,3,4,24,False,223,7,163,1955,19.55,0
14182,0,1,3,4,29,True,223,7,142,1934,19.34,0
14183,0,1,3,4,25,False,239,2,75,587,5.87,0
14184,0,1,3,4,14,True,239,2,53,565,5.65,0
14185,0,1,3,4,9,False,118,14,2,3586,35.86,0
14186,0,1,3,4,18,True,11,14,0,3584,35.84,167772160
14187,0,-1,-1,-1,-1,True,-1,-1,-1,-1,-1.0,-1
14188,0,94,0,0,0,False,0,0,10,10,0.1,4103216129
14189,0,-1,-1,-1,-1,True,-1,-1,-1,-1,-1.0,-1
14190,0,-1,-1,-1,-1,True,-1,-1,-1,-1,-1.0,-1
14191,0,-1,-1,-1,-1,True,-1,-1,-1,-1,-1.0,-1
14192,0,1,3,4,23,False,185,15,247,4087,40.87,0
14193,0,1,3,4,23,True,185,2,7,519,5.19,0
14194,0,1,3,4,12,True,180,1,241,497,4.97,0
14195,0,1,3,4,14,True,180,14,237,3821,38.21,0
14196,0,1,3,4,15,True,180,14,254,3838,38.38,0
14197,0,1,3,4,22,False,63,11,170,2986,29.86,0
14198,0,1,3,4,22,True,63,11,150,2966,29.66,0
14199,0,1,3,4,28,False,221,8,2,2050,20.5,51
14200,0,-1,-1,-1,-1,True,-1,-1,-1,-1,-1.0,-1
14201,0,1,3,4,19,False,8,4,153,1177,11.77,0
14202,0,1,3,4,18,True,19,13,151,3479,34.79,0
14203,0,1,3,4,26,True,19,13,130,3458,34.58,0
14204,0,1,2,4,18,False,246,4,231,1255,12.55,0
14205,0,1,3,4,0,False,242,8,220,2268,22.68,0
14206,0,1,2,4,33,True,246,4,212,1236,12.36,0
14207,0,1,3,4,4,True,28,5,81,1361,13.61,0
14208,0,1,3,4,27,False,247,14,154,3738,37.38,0
14209,0,1,3,4,23,True,247,14,128,3712,37.12,0
14210,0,1,3,4,19,False,167,14,3,3587,35.87,0
14211,0,1,3,4,31,True,167,6,121,1657,16.57,0
14212,0,1,3,4,7,False,3,13,20,3348,33.48,0
14213,0,1,3,4,15,True,2,12,254,3326,33.26,0
14214,0,1,3,4,29,False,151,11,170,2986,29.86,0
14215,0,1,3,4,16,True,151,11,148,2964,29.64,0
14216,0,1,3,4,30,False,151,11,122,2938,29.38,0
14217,0,1,3,4,23,True,151,3,10,778,7.78,90
14218,0,-1,-1,-1,-1,True,-1,-1,-1,-1,-1.0,-1
14219,0,1,3,4,19,True,147,10,70,2630,26.3,0
14220,0,1,3,4,26,False,156,11,217,3033,30.33,0
14221,0,1,3,4,25,False,155,4,13,1037,10.37,0
14222,0,1,3,4,34,True,155,3,247,1015,10.15,0
14223,0,1,3,4,26,False,177,0,94,94,0.94,0
14224,0,1,3,4,28,True,104,6,62,1598,15.98,0
14225,0,1,3,4,11,True,104,6,38,1574,15.74,0
14226,0,1,3,4,32,True,31,2,250,762,7.62,0
14227,0,1,3,4,28,False,31,6,197,1733,17.33,0
14228,0,1,3,4,33,True,0,10,4,2564,25.64,611612
14229,0,-1,-1,-1,-1,True,-1,-1,-1,-1,-1.0,-1
14230,0,-1,-1,-1,-1,True,-1,-1,-1,-1,-1.0,-1
14231,0,-1,-1,-1,-1,True,-1,-1,-1,-1,-1.0,-1
14232,0,1,3,4,4,False,156,5,9,1289,12.89,0
14233,0,1,3,1,4,False,0,0,0,0,0.0,0
14234,0,1,3,2,33,False,10,0,0,0,0.0,0
14235,0,1,3,5,4,False,2,12,0,3072,30.72,167772160
14236,0,-1,-1,-1,-1,True,-1,-1,-1,-1,-1.0,-1
14237,0,-1,-1,-1,-1,True,-1,-1,-1,-1,-1.0,-1
14238,0,1,3,4,26,True,204,4,206,1230,12.3,0
14239,0,1,3,4,0,False,51,7,20,1812,18.12,0
14240,0,1,3,4,34,True,51,6,251,1787,17.87,0
14241,0,1,3,4,14,False,12,7,0,1792,17.92,167772160
14242,0,-1,-1,-1,-1,True,-1,-1,-1,-1,-1.0,-1
14243,0,-1,-1,-1,-1,True,-1,-1,-1,-1,-1.0,-1
14244,0,-1,-1,-1,-1,True,-1,-1,-1,-1,-1.0,-1
14245,0,-1,-1,-1,-1,True,-1,-1,-1,-1,-1.0,-1
14246,0,1,3,4,29,True,73,3,57,825,8.25,0
14247,0,1,3,4,14,False,36,1,179,435,4.35,0
14248,0,1,3,4,34,True,36,1,155,411,4.11,0
14249,0,1,3,4,14,False,163,0,41,41,0.41,0
14250,0,1,3,4,13,False,161,5,87,1367,13.67,0
14251,0,1,3,4,29,True,161,0,235,235,2.35,0
14252,0,1,3,4,30,True,161,5,67,1347,13.47,0
14253,0,1,3,4,28,False,186,8,0,2048,20.48,0
14254,0,1,3,4,26,True,186,7,233,2025,20.25,0
14255,0,1,3,4,25,False,187,0,234,234,2.34,0
14256,0,1,3,4,14,True,187,0,212,212,2.12,0
14257,0,1,3,4,26,False,26,4,167,1191,11.91,0
14258,0,1,3,4,32,True,26,8,7,2055,20.55,217
14259,0,-1,-1,-1,-1,True,-1,-1,-1,-1,-1.0,-1
14260,0,1,3,4,19,False,180,1,121,377,3.77,0
14261,0,1,3,4,27,True,180,1,101,357,3.57,0
14262,0,1,3,4,16,False,183,13,121,3449,34.49,0
14263,0,1,3,4,32,True,183,13,100,3428,34.28,0
14264,0,1,3,4,27,False,222,10,96,2656,26.56,0
14265,0,1,3,4,24,True,222,2,97,609,6.09,0
14266,0,1,3,4,22,False,208,2,195,707,7.07,0
14267,0,1,3,4,29,True,208,2,173,685,6.85,0
14268,0,1,3,4,4,False,71,2,32,544,5.44,0
14269,0,1,3,4,5,False,69,12,78,3150,31.5,0
14270,0,1,3,4,3,True,69,12,58,3130,31.3,0
14271,0,1,3,4,20,False,54,4,201,1225,12.25,0
14272,0,1,3,4,8,True,54,4,177,1201,12.01,0
14273,0,1,3,4,9,False,160,4,39,1063,10.63,0
14274,0,1,3,4,26,True,160,4,19,1043,10.43,0
14275,0,1,3,4,27,True,160,1,12,268,2.68,123
14276,0,-1,-1,-1,-1,True,-1,-1,-1,-1,-1.0,-1
14277,0,1,3,4,18,False,210,11,170,2986,29.86,0
14278,0,1,3,4,19,True,210,11,149,2965,29.65,0
14279,0,1,3,4,20,False,69,12,134,3206,32.06,0
14280,0,1,3,4,4,True,69,12,112,3184,31.84,0
14281,0,1,3,4,0,False,112,6,155,1691,16.91,0
14282,0,1,3,4,34,True,245,11,4,2820,28.2,0
14283,0,1,3,4,29,False,168,13,80,3408,34.08,0
14284,0,1,3,4,11,True,168,13,58,3386,33.86,0
14285,0,1,3,4,26,False,237,12,35,3107,31.07,0
14286,0,1,3,4,15,True,3,4,0,1024,10.24,167772160
14287,0,-1,-1,-1,-1,True,-1,-1,-1,-1,-1.0,-1
14288,0,32,1,6,15,True,0,0,0,0,0.0,469830144
14289,0,0,0,0,0,False,0,10,1,2561,25.61,0
14290,0,-1,-1,-1,-1,True,-1,-1,-1,-1,-1.0,-1
14291,0,-1,-1,-1,-1,True,-1,-1,-1,-1,-1.0,-1
14292,0,-1,-1,-1,-1,True,-1,-1,-1,-1,-1.0,-1
14293,0,-1,-1,-1,-1,True,-1,-1,-1,-1,-1.0,-1
14294,0,1,3,4,13,False,119,10,200,2760,27.6,0
14295,0,1,3,4,28,True,119,10,180,2740,27.4,0
14296,0,1,3,4,0,False,86,11,196,3012,30.12,0
14297,0,1,3,4,34,True,86,11,172,2988,29.88,0
14298,0,1,3,4,27,False,16,1,205,461,4.61,0
14299,0,1,3,4,26,False,16,15,146,3986,39.86,0
14300,0,1,3,4,29,False,206,0,15,15,0.15,0
14301,0,1,1,4,11,True,85,15,125,3965,39.65,0
14302,0,1,3,4,14,True,15,7,28,1820,18.2,0
14303,0,1,2,3,3,False,5,10,0,2560,25.6,0
14304,0,1,3,4,27,True,3,13,142,3470,34.7,0
14305,0,1,3,4,29,False,143,11,47,2863,28.63,0
14306,0,1,3,4,21,True,143,3,12,780,7.8,136
14307,0,-1,-1,-1,-1,True,-1,-1,-1,-1,-1.0,-1
14308,0,1,3,4,17,False,226,5,228,1508,15.08,0
14309,0,1,3,4,21,True,226,5,207,1487,14.87,0
14310,0,1,3,4,12,False,146,11,163,2979,29.79,0
14311,0,1,3,4,32,True,10,1,0,256,2.56,167772160
14312,0,-1,-1,-1,-1,True,-1,-1,-1,-1,-1.0,-1
14313,0,-1,-1,-1,-1,True,-1,-1,-1,-1,-1.0,-1
14314,0,-1,-1,-1,-1,True,-1,-1,-1,-1,-1.0,-1
14315,0,-1,-1,-1,-1,True,-1,-1,-1,-1,-1.0,-1
14316,0,-1,-1,-1,-1,True,-1,-1,-1,-1,-1.0,-1
14317,0,-1,-1,-1,-1,True,-1,-1,-1,-1,-1.0,-1
14318,0,1,3,4,14,True,186,1,126,382,3.82,0
14319,0,1,3,4,0,False,254,13,73,3401,34.01,0
14320,0,1,3,4,34,True,254,13,49,3377,33.77,0
14321,0,1,3,4,27,False,189,12,4,3076,30.76,0
14322,0,1,3,4,34,True,189,10,1,2561,25.61,197
14323,0,-1,-1,-1,-1,True,-1,-1,-1,-1,-1.0,-1
14324,0,1,3,4,21,True,170,1,173,429,4.29,0
14325,0,1,3,4,16,False,13,1,4,260,2.6,0
14326,0,1,3,4,26,True,13,15,250,4090,40.9,0
14327,0,1,3,4,27,True,13,0,233,233,2.33,0
14328,0,1,3,4,25,False,90,4,195,1219,12.19,0
14329,0,1,1,4,13,False,30,0,10,10,0.1,0
14330,0,1,3,4,32,True,90,4,175,1199,11.99,0
14331,0,1,1,4,12,False,30,12,65,3137,31.37,0
14332,0,1,3,4,33,True,213,12,106,3178,31.78,0
14333,0,1,3,4,34,True,218,12,82,3154,31.54,0
14334,0,1,3,4,24,False,139,6,108,1644,16.44,0
14335,0,1,3,4,32,False,128,2,207,719,7.19,0
14336,0,1,3,4,14,True,128,2,186,698,6.98,0
14337,0,1,3,4,19,False,98,11,193,3009,30.09,0
14338,0,1,3,4,13,True,98,15,201,4041,40.41,0
14339,0,1,3,4,13,False,100,4,46,1070,10.7,0
14340,0,1,3,4,24,True,100,4,25,1049,10.49,0
14341,0,1,3,4,25,False,96,1,204,460,4.6,0
14342,0,1,3,4,6,True,96,1,182,438,4.38,0
14343,0,1,3,4,0,False,109,13,56,3384,33.84,0
14344,0,1,3,4,34,True,109,7,36,1828,18.28,0
14345,0,1,3,4,19,False,93,4,66,1090,10.9,0
14346,0,1,3,4,31,True,93,4,48,1072,10.72,0
14347,0,1,3,4,31,False,252,15,90,3930,39.3,0
14348,0,1,3,4,27,True,252,15,70,3910,39.1,0
14349,0,1,3,4,14,False,145,9,102,2406,24.06,0
14350,0,1,3,4,11,True,145,9,77,2381,23.81,0
14351,0,1,3,4,21,True,233,10,233,2793,27.93,0
14352,0,1,3,4,27,False,232,8,241,2289,22.89,0
14353,0,1,3,4,22,True,2,2,0,512,5.12,167772160
14354,0,-1,-1,-1,-1,True,-1,-1,-1,-1,-1.0,-1
14355,0,0,0,0,0,False,0,8,1,2049,20.49,90354
14356,0,-1,-1,-1,-1,True,-1,-1,-1,-1,-1.0,-1
14357,0,-1,-1,-1,-1,True,-1,-1,-1,-1,-1.0,-1
14358,0,-1,-1,-1,-1,True,-1,-1,-1,-1,-1.0,-1
14359,0,1,13,2,28,False,25,0,0,0,0.0,0
14360,0,1,11,7,5,False,40,12,158,3230,32.3,1115487
14361,0,1,3,4,25,False,10,12,124,3196,31.96,0
14362,0,1,3,4,9,True,10,12,102,3174,31.74,0
14363,0,1,3,4,32,False,91,1,244,500,5.0,0
14364,0,1,3,4,34,True,13,6,0,1536,15.36,167772160
14365,0,-1,-1,-1,-1,True,-1,-1,-1,-1,-1.0,-1
14366,0,-1,-1,-1,-1,True,-1,-1,-1,-1,-1.0,-1
14367,0,-1,-1,-1,-1,True,-1,-1,-1,-1,-1.0,-1
14368,0,-1,-1,-1,-1,True,-1,-1,-1,-1,-1.0,-1
14369,0,-1,-1,-1,-1,True,-1,-1,-1,-1,-1.0,-1
14370,0,-1,-1,-1,-1,True,-1,-1,-1,-1,-1.0,-1
14371,0,1,3,4,19,False,171,12,157,3229,32.29,0
14372,0,1,23,7,11,False,212,12,15,3087,30.87,6095126
14373,0,1,3,4,17,False,21,0,207,207,2.07,0
14374,0,1,3,4,30,True,21,7,11,1803,18.03,134
14375,0,-1,-1,-1,-1,True,-1,-1,-1,-1,-1.0,-1
14376,0,1,3,4,13,False,199,15,28,3868,38.68,0
14377,0,1,3,4,22,True,199,15,7,3847,38.47,0
14378,0,1,3,4,23,False,30,11,176,2992,29.92,0
14379,0,1,3,4,29,True,28,11,0,2816,28.16,134217728
14380,0,-1,-1,-1,-1,True,-1,-1,-1,-1,-1.0,-1
14381,0,84,0,0,0,False,0,0,10,10,0.1,848501761
14382,0,-1,-1,-1,-1,True,-1,-1,-1,-1,-1.0,-1
14383,0,-1,-1,-1,-1,True,-1,-1,-1,-1,-1.0,-1
14384,0,1,3,4,17,False,181,10,7,2567,25.67,0
14385,0,1,3,4,29,True,181,9,243,2547,25.47,0
14386,0,1,3,5,53,True,10,10,0,2560,25.6,167772160
14387,0,70,1,6,5,False,0,0,0,0,0.0,0
14388,0,1,3,4,19,True,70,6,207,1743,17.43,0
14389,0,1,3,4,5,True,9,15,94,3934,39.34,0
14390,0,1,2,4,29,False,143,10,2,2562,25.62,0
14391,0,1,2,4,32,True,199,7,248,2040,20.4,0
14392,0,1,3,4,23,True,55,11,113,2929,29.29,0
14393,0,1,1,4,29,True,199,7,230,2022,20.22,0
14394,0,1,3,4,28,False,169,2,6,518,5.18,0
14395,0,1,3,4,29,False,170,4,109,1133,11.33,0
14396,0,1,3,4,5,True,170,4,87,1111,11.11,0
14397,0,1,3,4,6,True,169,1,239,495,4.95,0
14398,0,1,3,4,26,False,139,0,121,121,1.21,0
14399,0,1,3,4,23,True,139,0,99,99,0.99,0
14400,0,1,3,4,29,False,190,8,155,2203,22.03,0
14401,0,1,3,4,24,True,28,12,212,3284,32.84,0
14402,0,1,0,7,14,True,28,7,212,2004,20.04,1882119
14403,0,1,2,0,0,False,0,0,0,0,0.0,0
14404,0,1,11,1,12,False,0,0,0,0,0.0,0
14405,0,1,18,0,0,False,0,0,0,0,0.0,0
14406,0,1,3,4,5,True,89,12,121,3193,31.93,0
14407,0,1,3,4,0,False,4,12,0,3072,30.72,167772160
14408,0,-1,-1,-1,-1,True,-1,-1,-1,-1,-1.0,-1
14409,0,138,0,7,14,True,0,0,0,0,0.0,2560
14410,0,-1,-1,-1,-1,True,-1,-1,-1,-1,-1.0,-1
14411,0,187,0,0,0,False,0,0,10,10,0.1,1
14412,0,-1,-1,-1,-1,True,-1,-1,-1,-1,-1.0,-1
14413,0,-1,-1,-1,-1,True,-1,-1,-1,-1,-1.0,-1
14414,0,-1,-1,-1,-1,True,-1,-1,-1,-1,-1.0,-1
14415,0,-1,-1,-1,-1,True,-1,-1,-1,-1,-1.0,-1
14416,0,-1,-1,-1,-1,True,-1,-1,-1,-1,-1.0,-1
14417,0,1,3,4,10,True,215,12,204,3276,32.76,0
14418,0,1,3,4,20,False,139,9,226,2530,25.3,0
14419,0,1,3,4,11,True,139,11,18,2834,28.34,0
14420,0,1,3,4,0,False,14,0,28,28,0.28,0
14421,0,1,3,4,34,True,14,0,181,181,1.81,0
14422,0,1,3,4,22,False,120,0,179,179,1.79,0
14423,0,1,3,4,33,True,120,2,4,516,5.16,88
14424,0,-1,-1,-1,-1,True,-1,-1,-1,-1,-1.0,-1
14425,0,1,3,4,27,True,66,0,170,170,1.7,0
14426,0,1,3,4,28,True,78,4,65,1089,10.89,0
14427,0,1,3,4,21,False,41,14,3,3587,35.87,0
14428,0,1,3,4,27,True,41,13,235,3563,35.63,0
14429,0,1,3,4,30,False,167,9,143,2447,24.47,0
14430,0,1,3,4,27,True,167,9,119,2423,24.23,0
14431,0,1,3,4,24,False,20,1,114,370,3.7,0
14432,0,1,1,4,28,False,33,0,6,6,0.06,0
14433,0,1,3,4,25,False,59,13,1,3329,33.29,0
14434,0,1,3,4,28,True,59,12,235,3307,33.07,0
14435,0,1,3,4,19,False,117,0,131,131,1.31,0
14436,0,1,3,4,23,True,117,0,112,112,1.12,0
14437,0,1,3,4,15,False,13,11,185,3001,30.01,0
14438,0,1,3,4,27,True,13,11,163,2979,29.79,0
14439,0,1,3,4,21,False,189,4,124,1148,11.48,0
14440,0,1,3,4,29,False,243,10,4,2564,25.64,0
14441,0,1,3,4,26,True,243,9,239,2543,25.43,0
14442,0,1,3,4,29,False,199,15,180,4020,40.2,0
14443,0,1,3,4,21,True,199,14,109,3693,36.93,0
14444,0,1,3,4,32,False,12,9,0,2304,23.04,167772160
14445,0,-1,-1,-1,-1,True,-1,-1,-1,-1,-1.0,-1
14446,0,242,0,0,0,False,0,0,10,10,0.1,3491109889
14447,0,-1,-1,-1,-1,True,-1,-1,-1,-1,-1.0,-1
14448,0,-1,-1,-1,-1,True,-1,-1,-1,-1,-1.0,-1
14449,0,-1,-1,-1,-1,True,-1,-1,-1,-1,-1.0,-1
14450,0,-1,-1,-1,-1,True,-1,-1,-1,-1,-1.0,-1
14451,0,1,3,4,25,True,208,8,255,2303,23.03,0
14452,0,1,3,4,29,False,133,15,37,3877,38.77,0
14453,0,1,3,4,30,False,134,14,2,3586,35.86,0
14454,0,1,3,4,31,False,134,15,99,3939,39.39,0
14455,0,1,3,4,22,True,134,15,81,3921,39.21,0
14456,0,1,3,4,23,True,133,15,13,3853,38.53,0
14457,0,1,3,4,19,False,70,8,255,2303,23.03,0
14458,0,1,3,4,17,True,70,8,233,2281,22.81,0
14459,0,1,3,4,10,False,3,12,159,3231,32.31,15730143
14460,0,-1,-1,-1,-1,True,-1,-1,-1,-1,-1.0,-1
14461,0,-1,-1,-1,-1,True,-1,-1,-1,-1,-1.0,-1
14462,0,-1,-1,-1,-1,True,-1,-1,-1,-1,-1.0,-1
14463,0,1,3,4,15,False,35,11,13,2829,28.29,0
14464,0,1,3,4,11,True,35,10,246,2806,28.06,0
14465,0,1,3,4,19,False,170,1,69,325,3.25,0
14466,0,1,3,4,20,False,170,5,5,1285,12.85,234
14467,0,-1,-1,-1,-1,True,-1,-1,-1,-1,-1.0,-1
14468,0,1,3,4,22,True,245,5,211,1491,14.91,0
14469,0,1,3,4,29,False,244,12,142,3214,32.14,0
14470,0,1,3,4,23,True,244,12,120,3192,31.92,0
14471,0,1,3,4,18,True,157,0,165,165,1.65,0
14472,0,1,3,4,24,False,157,11,83,2899,28.99,0
14473,0,1,3,4,21,True,157,11,60,2876,28.76,0
14474,0,1,3,4,15,False,42,12,21,3093,30.93,5115564
14475,0,-1,-1,-1,-1,True,-1,-1,-1,-1,-1.0,-1
14476,0,-1,-1,-1,-1,True,-1,-1,-1,-1,-1.0,-1
14477,0,-1,-1,-1,-1,True,-1,-1,-1,-1,-1.0,-1
14478,0,1,3,4,27,True,172,14,55,3639,36.39,0
14479,0,1,3,4,1,False,66,13,102,3430,34.3,0
14480,0,1,3,4,30,True,66,13,80,3408,34.08,0
14481,0,1,3,4,1,False,96,1,168,424,4.24,0
14482,0,1,3,4,26,True,96,1,147,403,4.03,0
14483,0,1,3,4,11,False,201,13,220,3548,35.48,0
14484,0,1,3,4,29,True,201,13,197,3525,35.25,0
14485,0,1,3,4,29,False,148,13,90,3418,34.18,0
14486,0,1,3,4,21,True,148,13,68,3396,33.96,0
14487,0,1,1,5,60,False,1,4,4,1028,10.28,29
14488,0,1,3,4,23,False,10,9,0,2304,23.04,167772160
14489,0,-1,-1,-1,-1,True,-1,-1,-1,-1,-1.0,-1
14490,0,116,0,0,0,False,0,0,10,10,0.1,386997249
14491,0,15,0,0,0,False,0,0,10,10,0.1,1
14492,0,252,0,0,0,False,0,0,10,10,0.1,0
14493,0,-1,-1,-1,-1,True,-1,-1,-1,-1,-1.0,-1
14494,0,-1,-1,-1,-1,True,-1,-1,-1,-1,-1.0,-1
14495,0,-1,-1,-1,-1,True,-1,-1,-1,-1,-1.0,-1
14496,0,1,3,4,30,True,58,4,142,1166,11.66,0
14497,0,1,1,4,27,False,24,0,239,239,2.39,0
14498,0,1,3,4,32,False,2,12,0,3072,30.72,167772160
14499,0,-1,-1,-1,-1,True,-1,-1,-1,-1,-1.0,-1
14500,0,-1,-1,-1,-1,True,-1,-1,-1,-1,-1.0,-1
14501,0,-1,-1,-1,-1,True,-1,-1,-1,-1,-1.0,-1
14502,0,-1,-1,-1,-1,True,-1,-1,-1,-1,-1.0,-1
14503,0,-1,-1,-1,-1,True,-1,-1,-1,-1,-1.0,-1
14504,0,1,3,4,24,False,108,7,42,1834,18.34,0
14505,0,1,3,4,9,True,56,7,20,1812,18.12,0
14506,0,1,3,4,22,False,64,14,160,3744,37.44,0
14507,0,1,3,4,26,True,64,14,139,3723,37.23,0
14508,0,1,3,4,33,True,24,9,221,2525,25.25,0
14509,0,1,3,4,20,False,23,13,20,3348,33.48,0
14510,0,1,3,4,21,False,24,15,218,4058,40.58,0
14511,0,1,3,4,23,False,23,0,167,167,1.67,0
14512,0,1,3,4,31,True,23,0,147,147,1.47,0
14513,0,1,3,4,32,True,23,15,198,4038,40.38,0
14514,0,1,3,4,34,True,23,12,250,3322,33.22,0
14515,0,1,1,4,26,False,70,10,112,2672,26.72,0
14516,0,1,3,4,20,True,70,10,87,2647,26.47,0
14517,0,1,3,4,20,False,69,5,80,1360,13.6,0
14518,0,1,3,4,19,True,69,5,55,1335,13.35,0
14519,0,1,3,4,0,False,31,5,70,1350,13.5,0
14520,0,1,3,4,34,True,31,5,46,1326,13.26,0
14521,0,1,3,4,11,False,105,8,55,2103,21.03,0
14522,0,1,3,4,23,True,105,8,31,2079,20.79,0
14523,0,1,3,4,29,False,118,8,183,2231,22.31,0
14524,0,1,3,4,10,True,118,8,159,2207,22.07,0
14525,0,1,3,4,25,False,242,13,185,3513,35.13,0
14526,0,1,3,4,34,True,242,13,161,3489,34.89,0
14527,0,1,3,4,21,False,205,11,70,2886,28.86,0
14528,0,1,3,4,27,True,205,11,47,2863,28.63,0
14529,0,1,3,4,23,False,12,9,0,2304,23.04,167772160
14530,0,-1,-1,-1,-1,True,-1,-1,-1,-1,-1.0,-1
14531,0,192,0,0,0,False,0,0,10,10,0.1,2920619009
14532,0,-1,-1,-1,-1,True,-1,-1,-1,-1,-1.0,-1
14533,0,-1,-1,-1,-1,True,-1,-1,-1,-1,-1.0,-1
14534,0,-1,-1,-1,-1,True,-1,-1,-1,-1,-1.0,-1
14535,0,-1,-1,-1,-1,True,-1,-1,-1,-1,-1.0,-1
14536,0,1,3,4,29,True,59,7,83,1875,18.75,0
14537,0,1,3,4,0,False,169,9,93,2397,23.97,0
14538,0,1,3,4,34,True,169,9,70,2374,23.74,0
14539,0,1,3,4,30,False,222,11,248,3064,30.64,0
14540,0,1,3,4,23,True,222,11,224,3040,30.4,0
14541,0,1,3,4,31,False,213,3,19,787,7.87,0
14542,0,1,3,4,33,True,213,6,11,1547,15.47,41
14543,0,-1,-1,-1,-1,True,-1,-1,-1,-1,-1.0,-1
14544,0,1,3,4,27,True,230,11,17,2833,28.33,0
14545,0,1,3,4,21,False,44,15,226,4066,40.66,0
14546,0,1,3,4,26,True,43,15,205,4045,40.45,0
14547,0,1,3,4,18,False,127,10,31,2591,25.91,0
14548,0,1,3,4,19,False,126,0,227,227,2.27,0
14549,0,1,3,4,26,True,126,0,209,209,2.09,0
14550,0,1,3,4,16,False,126,11,202,3018,30.18,0
14551,0,1,3,4,27,True,127,10,11,2571,25.71,0
14552,0,1,3,4,28,True,126,11,179,2995,29.95,0
14553,0,1,3,4,32,False,25,5,125,1405,14.05,0
14554,0,1,3,4,34,True,25,5,101,1381,13.81,0
14555,0,1,3,4,28,False,235,5,158,1438,14.38,0
14556,0,1,3,4,27,False,231,15,254,4094,40.94,0
14557,0,1,3,4,19,True,67,15,236,4076,40.76,0
14558,0,1,3,4,24,False,34,4,11,1035,10.35,4
14559,0,-1,-1,-1,-1,True,-1,-1,-1,-1,-1.0,-1
14560,0,1,3,4,23,False,43,13,113,3441,34.41,0
14561,0,1,3,4,22,False,42,0,187,187,1.87,0
14562,0,1,3,4,21,True,42,0,165,165,1.65,0
14563,0,1,3,4,26,False,131,15,120,3960,39.6,0
14564,0,1,3,4,22,True,131,15,98,3938,39.38,0
14565,0,1,3,4,28,False,9,12,65,3137,31.37,0
14566,0,1,3,4,12,True,9,12,42,3114,31.14,0
14567,0,1,3,4,26,False,13,2,0,512,5.12,167772160
14568,0,-1,-1,-1,-1,True,-1,-1,-1,-1,-1.0,-1
14569,0,236,0,0,0,False,0,0,10,10,0.1,1863982081
14570,0,-1,-1,-1,-1,True,-1,-1,-1,-1,-1.0,-1
14571,0,-1,-1,-1,-1,True,-1,-1,-1,-1,-1.0,-1
14572,0,-1,-1,-1,-1,True,-1,-1,-1,-1,-1.0,-1
14573,0,-1,-1,-1,-1,True,-1,-1,-1,-1,-1.0,-1
14574,0,1,3,4,33,True,111,1,28,284,2.84,0
14575,0,1,3,4,25,False,223,12,117,3189,31.89,0
14576,0,1,3,4,34,True,223,12,95,3167,31.67,0
14577,0,1,3,4,26,False,222,1,42,298,2.98,0
14578,0,1,3,4,33,True,222,1,22,278,2.78,0
14579,0,1,3,4,11,True,118,13,12,3340,33.4,0
14580,0,1,3,4,28,False,118,14,216,3800,38.0,0
14581,0,1,3,4,29,False,119,3,25,793,7.93,0
14582,0,1,3,4,10,True,118,3,11,779,7.79,0
14583,0,1,3,4,11,False,35,10,32,2592,25.92,0
14584,0,1,3,4,12,True,164,8,247,2295,22.95,0
14585,0,1,3,4,28,False,161,0,15,15,0.15,0
14586,0,1,3,4,13,True,160,15,249,4089,40.89,0
14587,0,1,3,4,20,False,17,2,15,527,5.27,193
14588,0,-1,-1,-1,-1,True,-1,-1,-1,-1,-1.0,-1
14589,0,1,3,4,5,True,114,15,174,4014,40.14,0
14590,0,1,3,4,0,False,11,0,0,0,0.0,167772160
14591,0,-1,-1,-1,-1,True,-1,-1,-1,-1,-1.0,-1
14592,0,73,0,0,0,False,0,0,10,10,0.1,3206093825
14593,0,-1,-1,-1,-1,True,-1,-1,-1,-1,-1.0,-1
14594,0,-1,-1,-1,-1,True,-1,-1,-1,-1,-1.0,-1
14595,0,-1,-1,-1,-1,True,-1,-1,-1,-1,-1.0,-1
14596,0,-1,-1,-1,-1,True,-1,-1,-1,-1,-1.0,-1
14597,0,1,3,4,18,True,191,14,233,3817,38.17,0
14598,0,1,3,4,13,False,110,13,186,3514,35.14,0
14599,0,1,3,4,32,True,110,13,169,3497,34.97,0
14600,0,1,3,4,22,False,53,5,144,1424,14.24,0
14601,0,1,3,4,15,True,122,5,121,1401,14.01,0
14602,0,1,3,4,22,False,139,0,5,5,0.05,223
14603,0,-1,-1,-1,-1,True,-1,-1,-1,-1,-1.0,-1
14604,0,1,1,4,19,True,43,10,69,2629,26.29,0
14605,0,1,3,4,12,True,28,13,5,3333,33.33,0
14606,0,1,1,6,17,False,28,5,5,1285,12.85,64525
14607,0,1,3,4,7,False,3,5,0,1280,12.8,167772160
14608,0,-1,-1,-1,-1,True,-1,-1,-1,-1,-1.0,-1
14609,0,13,5,1,0,False,0,0,0,0,0.0,2484863242
14610,0,-1,-1,-1,-1,True,-1,-1,-1,-1,-1.0,-1
14611,0,-1,-1,-1,-1,True,-1,-1,-1,-1,-1.0,-1
14612,0,-1,-1,-1,-1,True,-1,-1,-1,-1,-1.0,-1
14613,0,-1,-1,-1,-1,True,-1,-1,-1,-1,-1.0,-1
14614,0,1,1,4,12,True,143,9,239,2543,25.43,0
14615,0,1,3,4,7,True,6,14,0,3584,35.84,167772160
14616,0,-1,-1,-1,-1,True,-1,-1,-1,-1,-1.0,-1
14617,0,-1,-1,-1,-1,True,-1,-1,-1,-1,-1.0,-1
14618,0,-1,-1,-1,-1,True,-1,-1,-1,-1,-1.0,-1
14619,0,-1,-1,-1,-1,True,-1,-1,-1,-1,-1.0,-1
14620,0,-1,-1,-1,-1,True,-1,-1,-1,-1,-1.0,-1
14621,0,1,1,0,0,False,0,0,0,0,0.0,0
14622,0,1,31,2,28,False,17,0,0,0,0.0,0
14623,0,1,6,5,11,False,36,12,155,3227,32.27,53
14624,0,1,1,4,4,False,37,10,232,2792,27.92,0
14625,0,1,1,3,15,False,213,4,161,1185,11.85,21
14626,0,-1,-1,-1,-1,True,-1,-1,-1,-1,-1.0,-1
14627,0,-1,-1,-1,-1,True,-1,-1,-1,-1,-1.0,-1
14628,0,1,3,7,1,True,4,15,175,4015,40.15,324109
14629,0,1,3,7,47,True,31,5,6,1286,12.86,212
14630,0,191,0,0,0,False,0,0,10,10,0.1,0
14631,0,-1,-1,-1,-1,True,-1,-1,-1,-1,-1.0,-1
14632,0,-1,-1,-1,-1,True,-1,-1,-1,-1,-1.0,-1
14633,0,-1,-1,-1,-1,True,-1,-1,-1,-1,-1.0,-1
14634,0,-1,-1,-1,-1,True,-1,-1,-1,-1,-1.0,-1
14635,0,-1,-1,-1,-1,True,-1,-1,-1,-1,-1.0,-1
14636,0,-1,-1,-1,-1,True,-1,-1,-1,-1,-1.0,-1
14637,0,1,3,4,27,True,187,9,99,2403,24.03,0
14638,0,1,3,4,29,True,187,9,78,2382,23.82,0
14639,0,1,3,4,23,False,249,1,81,337,3.37,0
14640,0,1,3,4,23,True,249,1,62,318,3.18,0
14641,0,1,3,4,24,True,249,13,140,3468,34.68,0
14642,0,1,1,4,33,False,2,2,132,644,6.44,0
14643,0,1,3,4,25,False,238,13,156,3484,34.84,0
14644,0,1,3,4,29,True,239,0,68,68,0.68,0
14645,0,1,3,4,20,True,106,12,28,3100,31.0,0
14646,0,1,3,4,16,False,105,0,142,142,1.42,0
14647,0,1,3,4,19,True,105,0,119,119,1.19,0
14648,0,1,3,4,9,False,118,5,0,1280,12.8,205
14649,0,-1,-1,-1,-1,True,-1,-1,-1,-1,-1.0,-1
14650,0,1,3,4,29,True,213,0,186,186,1.86,0
14651,0,1,3,4,6,False,254,4,193,1217,12.17,0
14652,0,1,3,4,28,True,255,4,65,1089,10.89,0
14653,0,1,3,4,29,True,254,4,172,1196,11.96,0
14654,0,1,3,4,20,False,96,1,78,334,3.34,0
14655,0,1,3,4,24,True,5,8,0,2048,20.48,167772160
14656,0,-1,-1,-1,-1,True,-1,-1,-1,-1,-1.0,-1
14657,0,-1,-1,-1,-1,True,-1,-1,-1,-1,-1.0,-1
14658,0,-1,-1,-1,-1,True,-1,-1,-1,-1,-1.0,-1
14659,0,-1,-1,-1,-1,True,-1,-1,-1,-1,-1.0,-1
14660,0,-1,-1,-1,-1,True,-1,-1,-1,-1,-1.0,-1
14661,0,1,3,4,27,True,74,8,31,2079,20.79,0
14662,0,1,3,4,25,False,15,1,218,474,4.74,0
14663,0,1,3,4,21,True,15,12,113,3185,31.85,0
14664,0,1,3,4,28,False,246,3,201,969,9.69,0
14665,0,1,3,4,17,True,246,3,177,945,9.45,0
14666,0,1,3,4,22,False,197,11,181,2997,29.97,0
14667,0,1,3,4,28,True,197,11,159,2975,29.75,0
14668,0,1,3,4,28,False,187,10,204,2764,27.64,0
14669,0,1,3,4,21,True,187,10,181,2741,27.41,0
14670,0,1,3,4,4,False,12,11,48,2864,28.64,0
14671,0,1,3,4,19,True,12,11,27,2843,28.43,0
14672,0,1,3,4,16,False,234,15,47,3887,38.87,0
14673,0,1,3,4,31,False,214,12,242,3314,33.14,0
14674,0,1,3,4,20,True,15,0,0,0,0.0,167772160
14675,0,-1,-1,-1,-1,True,-1,-1,-1,-1,-1.0,-1
14676,0,-1,-1,-1,-1,True,-1,-1,-1,-1,-1.0,-1
14677,0,-1,-1,-1,-1,True,-1,-1,-1,-1,-1.0,-1
14678,0,-1,-1,-1,-1,True,-1,-1,-1,-1,-1.0,-1
14679,0,-1,-1,-1,-1,True,-1,-1,-1,-1,-1.0,-1
14680,0,-1,-1,-1,-1,True,-1,-1,-1,-1,-1.0,-1
14681,0,1,3,4,0,False,252,7,7,1799,17.99,188
14682,0,-1,-1,-1,-1,True,-1,-1,-1,-1,-1.0,-1
14683,0,1,3,4,2,False,150,14,5,3589,35.89,0
14684,0,1,3,4,1,False,149,6,161,1697,16.97,0
14685,0,1,3,4,32,True,149,6,141,1677,16.77,0
14686,0,1,3,4,28,True,0,11,68,2884,28.84,0
14687,0,1,3,4,13,False,0,1,170,426,4.26,0
14688,0,1,3,4,27,True,0,1,148,404,4.04,0
14689,0,1,3,4,12,False,241,0,139,139,1.39,0
14690,0,1,3,4,17,True,241,0,116,116,1.16,0
14691,0,1,3,4,29,False,223,2,204,716,7.16,21762
14692,0,-1,-1,-1,-1,True,-1,-1,-1,-1,-1.0,-1
14693,0,-1,-1,-1,-1,True,-1,-1,-1,-1,-1.0,-1
14694,0,1,3,4,21,False,229,13,35,3363,33.63,0
14695,0,1,3,4,21,True,229,13,15,3343,33.43,0
14696,0,1,3,4,12,False,14,2,130,642,6.42,0
14697,0,1,3,4,24,True,13,2,108,620,6.2,0
14698,0,1,3,4,24,False,83,7,99,1891,18.91,0
14699,0,1,3,4,25,True,83,7,77,1869,18.69,0
14700,0,1,3,4,26,False,13,10,37,2597,25.97,0
14701,0,1,3,4,22,True,13,10,14,2574,25.74,0
14702,0,1,3,4,14,False,218,15,37,3877,38.77,0
14703,0,1,3,4,16,False,216,2,141,653,6.53,0
14704,0,1,1,4,21,False,63,11,136,2952,29.52,0
14705,0,1,3,4,14,False,66,1,144,400,4.0,0
14706,0,1,3,4,15,True,66,1,119,375,3.75,0
14707,0,1,3,4,7,False,198,15,88,3928,39.28,0
14708,0,1,3,4,19,True,198,15,68,3908,39.08,0
14709,0,1,3,4,0,False,25,12,55,3127,31.27,0
14710,0,1,3,4,34,True,25,12,144,3216,32.16,0
14711,0,1,3,4,31,False,155,4,124,1148,11.48,0
14712,0,1,3,4,33,True,155,4,104,1128,11.28,0
14713,0,1,3,4,29,False,97,7,15,1807,18.07,0
14714,0,1,3,4,18,True,96,12,43,3115,31.15,0
14715,0,1,3,4,8,False,208,4,158,1182,11.82,0
14716,0,1,3,4,12,True,208,4,136,1160,11.6,0
14717,0,1,3,4,27,False,48,10,242,2802,28.02,0
14718,0,1,3,4,20,True,48,10,215,2775,27.75,0
14719,0,1,3,4,17,False,171,11,114,2930,29.3,0
14720,0,1,3,4,24,True,171,1,38,294,2.94,0
14721,0,1,3,4,17,False,177,5,2,1282,12.82,0
14722,0,1,3,4,12,True,177,4,237,1261,12.61,0
14723,0,1,3,4,30,False,179,10,100,2660,26.6,0
14724,0,1,3,4,14,True,179,4,6,1030,10.3,111
14725,0,-1,-1,-1,-1,True,-1,-1,-1,-1,-1.0,-1
14726,0,1,3,4,26,False,205,9,94,2398,23.98,0
14727,0,1,3,4,16,True,205,9,74,2378,23.78,0
14728,0,1,3,4,10,False,221,14,5,3589,35.89,0
14729,0,1,3,4,19,True,63,2,232,744,7.44,0
14730,0,1,3,4,25,False,110,10,204,2764,27.64,0
14731,0,1,3,4,25,True,110,10,185,2745,27.45,0
14732,0,1,3,4,33,False,30,9,1,2305,23.05,482148427
14733,0,-1,-1,-1,-1,True,-1,-1,-1,-1,-1.0,-1
14734,0,-1,-1,-1,-1,True,-1,-1,-1,-1,-1.0,-1
14735,0,-1,-1,-1,-1,True,-1,-1,-1,-1,-1.0,-1
14736,0,-1,-1,-1,-1,True,-1,-1,-1,-1,-1.0,-1
14737,0,1,20,2,11,False,11,1,53,309,3.09,2332
14738,0,-1,-1,-1,-1,True,-1,-1,-1,-1,-1.0,-1
14739,0,-1,-1,-1,-1,True,-1,-1,-1,-1,-1.0,-1
14740,0,-1,-1,-1,-1,True,-1,-1,-1,-1,-1.0,-1
14741,0,-1,-1,-1,-1,True,-1,-1,-1,-1,-1.0,-1
14742,0,-1,-1,-1,-1,True,-1,-1,-1,-1,-1.0,-1
14743,0,1,3,4,16,True,74,1,231,487,4.87,0
14744,0,1,3,4,11,False,183,0,31,31,0.31,0
14745,0,1,3,4,21,True,183,0,8,8,0.08,0
14746,0,1,3,4,10,False,178,11,240,3056,30.56,0
14747,0,1,3,4,11,False,177,0,201,201,2.01,0
14748,0,1,3,4,27,True,177,2,23,535,5.35,28
14749,0,-1,-1,-1,-1,True,-1,-1,-1,-1,-1.0,-1
14750,0,1,1,4,11,True,243,2,72,584,5.84,0
14751,0,1,4,1,0,True,0,0,0,0,0.0,0
14752,0,1,0,3,34,True,28,12,0,3072,30.72,0
14753,0,1,7,4,1,False,250,12,161,3233,32.33,0
14754,0,1,7,4,1,False,229,12,20,3092,30.92,0
14755,0,1,30,6,15,False,94,12,131,3203,32.03,4086
14756,0,1,8,6,28,False,150,7,15,1807,18.07,7342
14757,0,1,1,0,0,False,0,0,0,0,0.0,0
14758,0,1,22,5,0,False,248,0,0,0,0.0,17432576
14759,0,104,0,0,0,False,0,0,10,10,0.1,10296321
14760,0,82,0,0,0,False,0,0,10,10,0.1,1973249
14761,0,-1,-1,-1,-1,True,-1,-1,-1,-1,-1.0,-1
14762,0,-1,-1,-1,-1,True,-1,-1,-1,-1,-1.0,-1
14763,0,-1,-1,-1,-1,True,-1,-1,-1,-1,-1.0,-1
14764,0,-1,-1,-1,-1,True,-1,-1,-1,-1,-1.0,-1
14765,0,-1,-1,-1,-1,True,-1,-1,-1,-1,-1.0,-1
14766,0,1,3,4,30,True,117,1,107,363,3.63,0
14767,0,1,3,4,31,True,117,14,96,3680,36.8,0
14768,0,1,3,4,22,False,208,9,65,2369,23.69,0
14769,0,1,3,4,23,True,208,9,42,2346,23.46,0
14770,0,1,3,4,23,False,112,12,168,3240,32.4,0
14771,0,1,3,4,34,True,112,12,146,3218,32.18,0
14772,0,1,3,4,32,False,57,11,1,2817,28.17,236
14773,0,-1,-1,-1,-1,True,-1,-1,-1,-1,-1.0,-1
14774,0,1,3,4,24,False,3,4,167,1191,11.91,0
14775,0,1,3,4,22,True,163,6,126,1662,16.62,0
14776,0,1,2,4,13,True,70,15,251,4091,40.91,0
14777,0,1,3,4,20,False,148,8,192,2240,22.4,0
14778,0,1,3,4,30,True,148,8,169,2217,22.17,0
14779,0,1,1,4,7,False,3,9,0,2304,23.04,167772160
14780,0,-1,-1,-1,-1,True,-1,-1,-1,-1,-1.0,-1
14781,0,182,0,0,0,False,0,0,10,10,0.1,2408258561
14782,0,-1,-1,-1,-1,True,-1,-1,-1,-1,-1.0,-1
14783,0,-1,-1,-1,-1,True,-1,-1,-1,-1,-1.0,-1
14784,0,-1,-1,-1,-1,True,-1,-1,-1,-1,-1.0,-1
14785,0,-1,-1,-1,-1,True,-1,-1,-1,-1,-1.0,-1
14786,0,1,3,4,16,False,242,8,23,2071,20.71,0
14787,0,1,3,4,23,True,242,7,254,2046,20.46,0
14788,0,1,3,4,30,False,30,14,103,3687,36.87,0
14789,0,1,3,4,29,False,28,7,5,1797,17.97,0
14790,0,1,3,4,27,True,15,5,0,1280,12.8,167772160
14791,0,-1,-1,-1,-1,True,-1,-1,-1,-1,-1.0,-1
14792,0,-1,-1,-1,-1,True,-1,-1,-1,-1,-1.0,-1
14793,0,-1,-1,-1,-1,True,-1,-1,-1,-1,-1.0,-1
14794,0,1,3,4,31,False,111,13,150,3478,34.78,0
14795,0,1,3,4,22,False,199,10,175,2735,27.35,0
14796,0,1,3,4,20,True,199,10,151,2711,27.11,0
14797,0,1,3,4,26,False,41,8,252,2300,23.0,0
14798,0,1,3,4,30,True,41,5,15,1295,12.95,116
14799,0,-1,-1,-1,-1,True,-1,-1,-1,-1,-1.0,-1
14800,0,1,3,4,14,True,229,0,142,142,1.42,0
14801,0,1,3,4,20,False,84,4,209,1233,12.33,0
14802,0,1,3,4,21,False,82,3,115,883,8.83,0
14803,0,1,3,4,33,True,82,3,94,862,8.62,0
14804,0,1,3,4,26,False,215,2,178,690,6.9,0
14805,0,1,3,4,27,False,33,15,39,3879,38.79,0
14806,0,1,3,4,23,False,215,3,167,935,9.35,0
14807,0,1,3,4,34,True,11,3,0,768,7.68,167772160
14808,0,-1,-1,-1,-1,True,-1,-1,-1,-1,-1.0,-1
14809,0,176,0,0,0,False,0,0,10,10,0.1,117447681
14810,0,0,0,0,0,False,0,10,1,2561,25.61,0
14811,0,-1,-1,-1,-1,True,-1,-1,-1,-1,-1.0,-1
14812,0,-1,-1,-1,-1,True,-1,-1,-1,-1,-1.0,-1
14813,0,-1,-1,-1,-1,True,-1,-1,-1,-1,-1.0,-1
14814,0,-1,-1,-1,-1,True,-1,-1,-1,-1,-1.0,-1
14815,0,-1,-1,-1,-1,True,-1,-1,-1,-1,-1.0,-1
14816,0,1,3,4,22,False,175,10,156,2716,27.16,0
14817,0,1,3,4,33,True,175,10,135,2695,26.95,0
14818,0,1,3,4,24,False,32,15,125,3965,39.65,0
14819,0,1,3,4,23,True,33,1,109,365,3.65,0
14820,0,1,3,4,23,False,28,10,85,2645,26.45,0
14821,0,1,3,4,15,True,32,0,0,0,0.0,17498112
14822,0,90,3,4,20,True,197,0,0,0,0.0,17498112
14823,0,-1,-1,-1,-1,True,-1,-1,-1,-1,-1.0,-1
14824,0,-1,-1,-1,-1,True,-1,-1,-1,-1,-1.0,-1
14825,0,-1,-1,-1,-1,True,-1,-1,-1,-1,-1.0,-1
14826,0,-1,-1,-1,-1,True,-1,-1,-1,-1,-1.0,-1
14827,0,1,3,4,16,False,189,2,184,696,6.96,0
14828,0,1,3,4,33,True,175,2,162,674,6.74,0
14829,0,1,3,4,33,False,1,11,188,3004,30.04,0
14830,0,1,3,4,23,True,1,10,0,2560,25.6,167772160
14831,0,-1,-1,-1,-1,True,-1,-1,-1,-1,-1.0,-1
14832,0,192,0,0,0,False,0,0,10,10,0.1,990649345
14833,0,-1,-1,-1,-1,True,-1,-1,-1,-1,-1.0,-1
14834,0,-1,-1,-1,-1,True,-1,-1,-1,-1,-1.0,-1
14835,0,1,3,4,27,False,112,1,232,488,4.88,0
14836,0,1,3,4,27,True,112,1,209,465,4.65,0
14837,0,1,3,4,10,False,133,2,145,657,6.57,0
14838,0,1,3,4,20,True,133,12,147,3219,32.19,4327209
14839,0,-1,-1,-1,-1,True,-1,-1,-1,-1,-1.0,-1
14840,0,-1,-1,-1,-1,True,-1,-1,-1,-1,-1.0,-1
14841,0,-1,-1,-1,-1,True,-1,-1,-1,-1,-1.0,-1
14842,0,1,3,4,20,True,41,3,167,935,9.35,0
14843,0,1,3,4,10,False,30,12,36,3108,31.08,0
14844,0,1,3,4,22,True,30,12,11,3083,30.83,0
14845,0,1,3,4,13,False,144,5,153,1433,14.33,0
14846,0,1,3,4,9,True,144,5,132,1412,14.12,0
14847,0,1,3,4,22,False,41,11,103,2919,29.19,0
14848,0,1,3,4,25,True,41,11,80,2896,28.96,0
14849,0,1,3,4,16,False,122,11,52,2868,28.68,0
14850,0,1,3,4,17,False,122,0,50,50,0.5,0
14851,0,1,3,4,30,True,122,11,30,2846,28.46,0
14852,0,1,3,4,31,True,122,0,32,32,0.32,0
14853,0,1,3,4,32,False,172,15,17,3857,38.57,0
14854,0,1,3,4,31,False,171,6,73,1609,16.09,0
14855,0,1,3,4,23,True,171,6,52,1588,15.88,0
14856,0,1,3,4,6,False,223,11,149,2965,29.65,0
14857,0,1,3,4,10,True,223,8,8,2056,20.56,15
14858,0,-1,-1,-1,-1,True,-1,-1,-1,-1,-1.0,-1
14859,0,1,2,4,33,True,39,14,174,3758,37.58,0
14860,0,1,2,4,31,False,36,11,253,3069,30.69,0
14861,0,1,2,4,32,True,36,11,234,3050,30.5,0
14862,0,1,3,4,1,False,82,14,55,3639,36.39,0
14863,0,1,3,4,19,True,82,14,32,3616,36.16,0
14864,0,1,3,4,25,False,16,10,149,2709,27.09,0
14865,0,1,3,4,17,True,16,10,126,2686,26.86,0
14866,0,1,3,4,24,False,201,15,143,3983,39.83,0
14867,0,1,3,4,34,True,35,11,57,2873,28.73,0
14868,0,1,2,4,30,True,201,15,126,3966,39.66,0
14869,0,1,3,4,22,True,95,1,125,381,3.81,0
14870,0,1,3,4,30,False,95,3,110,878,8.78,0
14871,0,1,3,4,21,True,96,14,238,3822,38.22,0
14872,0,1,3,4,24,False,139,4,254,1278,12.78,0
14873,0,1,3,4,6,True,139,3,3,771,7.71,139
14874,0,-1,-1,-1,-1,True,-1,-1,-1,-1,-1.0,-1
14875,0,1,3,4,27,True,19,3,117,885,8.85,0
14876,0,1,3,4,26,False,73,10,149,2709,27.09,0
14877,0,1,3,4,18,True,73,10,127,2687,26.87,0
14878,0,1,3,4,15,False,67,14,21,3605,36.05,0
14879,0,1,3,4,17,False,67,7,163,1955,19.55,0
14880,0,1,3,4,27,True,15,3,0,768,7.68,167772160
14881,0,-1,-1,-1,-1,True,-1,-1,-1,-1,-1.0,-1
14882,0,-1,-1,-1,-1,True,-1,-1,-1,-1,-1.0,-1
14883,0,-1,-1,-1,-1,True,-1,-1,-1,-1,-1.0,-1
14884,0,-1,-1,-1,-1,True,-1,-1,-1,-1,-1.0,-1
14885,0,-1,-1,-1,-1,True,-1,-1,-1,-1,-1.0,-1
14886,0,-1,-1,-1,-1,True,-1,-1,-1,-1,-1.0,-1
14887,0,1,3,4,19,False,107,10,32,2592,25.92,0
14888,0,1,3,4,32,True,107,10,15,2575,25.75,0
14889,0,1,3,4,13,False,66,1,109,365,3.65,0
14890,0,1,3,4,6,True,238,1,84,340,3.4,0
14891,0,1,3,4,24,False,65,0,0,0,0.0,17432576
14892,0,9,0,0,0,False,0,0,10,10,0.1,1478368257
14893,0,-1,-1,-1,-1,True,-1,-1,-1,-1,-1.0,-1
14894,0,-1,-1,-1,-1,True,-1,-1,-1,-1,-1.0,-1
14895,0,-1,-1,-1,-1,True,-1,-1,-1,-1,-1.0,-1
14896,0,1,3,4,29,False,88,11,157,2973,29.73,0
14897,0,1,3,4,22,True,88,11,132,2948,29.48,0
14898,0,1,3,4,23,True,88,7,226,2018,20.18,0
14899,0,1,3,4,24,False,87,6,154,1690,16.9,0
14900,0,1,3,4,6,False,86,11,131,2947,29.47,0
14901,0,1,3,4,8,True,86,11,105,2921,29.21,0
14902,0,1,3,4,9,True,86,11,61,2877,28.77,0
14903,0,1,3,4,26,False,171,15,65,3905,39.05,0
14904,0,1,3,4,3,True,137,10,128,2688,26.88,0
14905,0,1,3,4,17,True,137,10,105,2665,26.65,0
14906,0,1,3,4,32,False,251,12,136,3208,32.08,0
14907,0,1,3,4,34,True,251,12,113,3185,31.85,0
14908,0,1,3,4,33,False,32,14,114,3698,36.98,0
14909,0,1,3,4,21,True,32,14,94,3678,36.78,0
14910,0,1,1,4,33,False,14,1,0,256,2.56,167772160
14911,0,-1,-1,-1,-1,True,-1,-1,-1,-1,-1.0,-1
14912,0,49,0,0,0,False,0,0,10,10,0.1,932977665
14913,0,-1,-1,-1,-1,True,-1,-1,-1,-1,-1.0,-1
14914,0,-1,-1,-1,-1,True,-1,-1,-1,-1,-1.0,-1
14915,0,-1,-1,-1,-1,True,-1,-1,-1,-1,-1.0,-1
14916,0,-1,-1,-1,-1,True,-1,-1,-1,-1,-1.0,-1
14917,0,1,3,4,23,False,214,3,107,875,8.75,0
14918,0,1,3,4,13,True,214,3,85,853,8.53,0
14919,0,1,3,4,24,False,243,14,204,3788,37.88,0
14920,0,1,3,4,20,True,14,6,0,1536,15.36,167772160
14921,0,-1,-1,-1,-1,True,-1,-1,-1,-1,-1.0,-1
14922,0,9,20,7,0,False,0,0,0,0,0.0,1835274
14923,0,226,0,0,0,False,0,0,10,10,0.1,7169
14924,0,-1,-1,-1,-1,True,-1,-1,-1,-1,-1.0,-1
14925,0,-1,-1,-1,-1,True,-1,-1,-1,-1,-1.0,-1
14926,0,1,3,4,9,False,53,15,233,4073,40.73,0
14927,0,1,2,4,29,False,23,7,101,1893,18.93,0
14928,0,1,3,4,25,True,119,4,48,1072,10.72,0
14929,0,1,3,4,34,True,119,4,26,1050,10.5,0
14930,0,1,3,4,5,False,126,4,205,1229,12.29,0
14931,0,1,3,4,4,False,125,13,56,3384,33.84,0
14932,0,1,3,4,3,True,125,13,33,3361,33.61,0
14933,0,1,3,4,4,True,126,4,187,1211,12.11,0
14934,0,1,3,4,29,False,137,6,179,1715,17.15,0
14935,0,1,3,4,19,False,176,4,182,1206,12.06,0
14936,0,1,3,4,6,True,156,11,0,2816,28.16,201326592
14937,0,-1,-1,-1,-1,True,-1,-1,-1,-1,-1.0,-1
14938,0,95,0,4,24,False,28,0,0,0,0.0,17432576
14939,0,-1,-1,-1,-1,True,-1,-1,-1,-1,-1.0,-1
14940,0,-1,-1,-1,-1,True,-1,-1,-1,-1,-1.0,-1
14941,0,-1,-1,-1,-1,True,-1,-1,-1,-1,-1.0,-1
14942,0,1,18,7,27,False,4,2,0,512,5.12,134217728
14943,0,-1,-1,-1,-1,True,-1,-1,-1,-1,-1.0,-1
14944,0,-1,-1,-1,-1,True,-1,-1,-1,-1,-1.0,-1
14945,0,-1,-1,-1,-1,True,-1,-1,-1,-1,-1.0,-1
14946,0,-1,-1,-1,-1,True,-1,-1,-1,-1,-1.0,-1
14947,0,1,30,2,4,False,233,0,0,0,0.0,0
14948,0,1,3,4,17,True,241,4,211,1235,12.35,0
14949,0,1,3,4,18,False,50,2,182,694,6.94,0
14950,0,1,3,4,31,True,50,2,164,676,6.76,0
14951,0,1,3,4,30,False,117,12,138,3210,32.1,0
14952,0,1,3,4,14,True,117,12,114,3186,31.86,0
14953,0,1,3,4,24,False,114,2,47,559,5.59,0
14954,0,1,3,4,11,True,114,2,25,537,5.37,0
14955,0,1,3,4,20,False,187,11,2,2818,28.18,0
14956,0,1,3,4,33,True,186,10,235,2795,27.95,0
14957,0,1,3,4,16,False,4,10,0,2560,25.6,167772160
14958,0,-1,-1,-1,-1,True,-1,-1,-1,-1,-1.0,-1
14959,0,210,0,0,0,False,0,0,10,10,0.1,646126593
14960,0,-1,-1,-1,-1,True,-1,-1,-1,-1,-1.0,-1
14961,0,-1,-1,-1,-1,True,-1,-1,-1,-1,-1.0,-1
14962,0,1,3,4,23,False,32,9,228,2532,25.32,0
14963,0,1,3,4,29,True,32,9,207,2511,25.11,0
14964,0,1,3,4,7,False,70,10,2,2562,25.62,0
14965,0,1,3,4,25,True,70,0,110,110,1.1,0
14966,0,1,3,4,0,False,92,12,21,3093,30.93,0
14967,0,1,26,0,0,False,0,0,0,0,0.0,0
14968,0,1,1,4,38,True,13,2,0,512,5.12,167772160
14969,0,-1,-1,-1,-1,True,-1,-1,-1,-1,-1.0,-1
14970,0,77,0,0,0,False,0,0,10,10,0.1,3072138241
14971,0,-1,-1,-1,-1,True,-1,-1,-1,-1,-1.0,-1
14972,0,-1,-1,-1,-1,True,-1,-1,-1,-1,-1.0,-1
14973,0,-1,-1,-1,-1,True,-1,-1,-1,-1,-1.0,-1
14974,0,1,3,4,20,True,183,14,176,3760,37.6,0
14975,0,1,3,4,19,False,198,12,6,3078,30.78,0
14976,0,1,3,4,26,True,198,11,243,3059,30.59,0
14977,0,1,3,4,24,False,5,10,232,2792,27.92,0
14978,0,1,3,4,26,True,5,10,209,2769,27.69,0
14979,0,1,3,4,22,False,121,5,167,1447,14.47,0
14980,0,1,1,4,31,False,188,0,156,156,1.56,0
14981,0,1,3,4,23,True,121,5,145,1425,14.25,0
14982,0,1,1,4,21,True,188,0,137,137,1.37,0
14983,0,1,3,4,27,True,246,11,83,2899,28.99,0
14984,0,1,1,4,22,True,113,9,224,2528,25.28,0
14985,0,1,3,4,32,True,113,9,207,2511,25.11,0
14986,0,1,3,4,3,False,134,0,99,99,0.99,0
14987,0,1,3,4,22,True,134,0,79,79,0.79,0
14988,0,1,3,4,15,False,142,13,30,3358,33.58,0
14989,0,1,3,4,28,True,142,13,9,3337,33.37,0
14990,0,1,3,4,0,False,211,9,240,2544,25.44,0
14991,0,1,3,4,29,True,211,9,217,2521,25.21,0
14992,0,1,3,4,11,False,239,5,251,1531,15.31,0
14993,0,1,3,4,31,True,239,5,230,1510,15.1,0
14994,0,1,3,4,16,False,7,6,0,1536,15.36,167772160
14995,0,-1,-1,-1,-1,True,-1,-1,-1,-1,-1.0,-1
14996,0,85,0,0,0,False,0,0,10,10,0.1,2223774721
14997,0,-1,-1,-1,-1,True,-1,-1,-1,-1,-1.0,-1
14998,0,-1,-1,-1,-1,True,-1,-1,-1,-1,-1.0,-1
14999,0,-1,-1,-1,-1,True,-1,-1,-1,-1,-1.0,-1
15000,0,1,3,4,30,False,69,1,174,430,4.3,0
15001,0,1,3,4,29,True,69,1,151,407,4.07,0
15002,0,1,3,4,24,False,78,2,1,513,5.13,0
15003,0,1,3,4,27,True,78,1,235,491,4.91,0
15004,0,1,3,4,3,False,169,6,10,1546,15.46,0
15005,0,1,2,4,29,False,182,3,20,788,7.88,0
15006,0,1,3,4,0,False,3,5,66,1346,13.46,0
15007,0,1,3,4,34,True,3,14,43,3627,36.27,0
15008,0,1,3,4,14,False,57,2,73,585,5.85,0
15009,0,1,3,4,25,True,57,2,48,560,5.6,0
15010,0,1,3,4,26,False,221,11,130,2946,29.46,0
15011,0,1,3,4,4,True,221,11,111,2927,29.27,0
15012,0,1,3,4,31,False,18,12,106,3178,31.78,0
15013,0,1,3,4,25,True,18,0,79,79,0.79,28
15014,0,-1,-1,-1,-1,True,-1,-1,-1,-1,-1.0,-1
15015,0,1,1,4,24,True,219,15,211,4051,40.51,0
15016,0,1,19,2,42,True,136,15,100,3940,39.4,0
15017,0,-1,-1,-1,-1,True,-1,-1,-1,-1,-1.0,-1
15018,0,-1,-1,-1,-1,True,-1,-1,-1,-1,-1.0,-1
15019,0,1,3,4,21,True,136,15,77,3917,39.17,0
15020,0,1,3,4,15,False,163,11,190,3006,30.06,0
15021,0,1,3,4,19,True,163,11,5,2821,28.21,182
15022,0,-1,-1,-1,-1,True,-1,-1,-1,-1,-1.0,-1
15023,0,1,3,4,19,False,72,12,193,3265,32.65,0
15024,0,1,3,4,32,True,72,12,176,3248,32.48,0
15025,0,1,3,4,26,False,254,12,11,3083,30.83,0
15026,0,1,3,4,29,True,12,9,0,2304,23.04,167772160
15027,0,-1,-1,-1,-1,True,-1,-1,-1,-1,-1.0,-1
15028,0,201,0,0,0,False,0,0,10,10,0.1,0
15029,0,-1,-1,-1,-1,True,-1,-1,-1,-1,-1.0,-1
15030,0,88,0,0,0,False,0,0,10,10,0.1,1326652417
15031,0,-1,-1,-1,-1,True,-1,-1,-1,-1,-1.0,-1
15032,0,-1,-1,-1,-1,True,-1,-1,-1,-1,-1.0,-1
15033,0,1,1,4,25,False,124,1,18,274,2.74,0
15034,0,1,3,4,33,True,79,13,170,3498,34.98,0
15035,0,1,1,4,19,True,124,0,255,255,2.55,0
15036,0,1,3,4,33,True,38,14,70,3654,36.54,0
15037,0,1,3,4,18,True,1,4,28,1052,10.52,0
15038,0,1,19,7,18,True,1,15,28,3868,38.68,228641
15039,0,1,29,4,28,False,143,13,3,3331,33.31,0
15040,0,1,26,6,28,False,26,10,14,2574,25.74,121
15041,0,-1,-1,-1,-1,True,-1,-1,-1,-1,-1.0,-1
15042,0,-1,-1,-1,-1,True,-1,-1,-1,-1,-1.0,-1
15043,0,-1,-1,-1,-1,True,-1,-1,-1,-1,-1.0,-1
15044,0,-1,-1,-1,-1,True,-1,-1,-1,-1,-1.0,-1
15045,0,-1,-1,-1,-1,True,-1,-1,-1,-1,-1.0,-1
15046,0,1,3,4,21,True,38,2,154,666,6.66,0
15047,0,1,3,4,30,False,148,2,96,608,6.08,0
15048,0,1,3,4,20,True,11,3,0,768,7.68,167772160
15049,0,-1,-1,-1,-1,True,-1,-1,-1,-1,-1.0,-1
15050,0,60,0,0,0,False,0,0,10,10,0.1,1629428737
15051,0,-1,-1,-1,-1,True,-1,-1,-1,-1,-1.0,-1
15052,0,-1,-1,-1,-1,True,-1,-1,-1,-1,-1.0,-1
15053,0,-1,-1,-1,-1,True,-1,-1,-1,-1,-1.0,-1
15054,0,-1,-1,-1,-1,True,-1,-1,-1,-1,-1.0,-1
15055,0,1,3,4,32,False,92,8,52,2100,21.0,0
15056,0,1,3,4,25,True,92,8,29,2077,20.77,0
15057,0,1,3,4,24,False,255,13,254,3582,35.82,0
15058,0,1,3,4,33,True,255,13,234,3562,35.62,0
15059,0,1,3,4,14,False,60,0,80,80,0.8,0
15060,0,1,3,4,13,False,60,0,5,5,0.05,113
15061,0,-1,-1,-1,-1,True,-1,-1,-1,-1,-1.0,-1
15062,0,1,3,4,31,False,247,13,28,3356,33.56,0
15063,0,1,1,4,18,True,96,5,95,1375,13.75,0
15064,0,1,3,4,61,False,61,13,61,3389,33.89,0
15065,0,1,3,4,22,True,66,4,12,1036,10.36,0
15066,0,1,3,7,13,False,6,12,106,3178,31.78,787996
15067,0,1,18,0,0,False,0,0,0,0,0.0,0
15068,0,1,1,4,6,False,152,15,13,3853,38.53,0
15069,0,1,15,7,28,False,149,15,13,3853,38.53,1776746
15070,0,1,10,3,0,False,3,1,0,256,2.56,0
15071,0,1,3,4,13,True,41,2,236,748,7.48,0
15072,0,1,3,4,27,False,208,12,129,3201,32.01,0
15073,0,1,3,4,29,True,208,12,104,3176,31.76,0
15074,0,1,3,4,32,False,194,2,31,543,5.43,0
15075,0,1,3,4,25,True,194,2,8,520,5.2,0
15076,0,1,3,4,14,False,124,0,187,187,1.87,0
15077,0,1,1,4,11,True,16,2,8,520,5.2,0
15078,0,1,3,4,32,False,41,13,230,3558,35.58,0
15079,0,1,3,4,14,True,28,2,21,533,5.33,65283
15080,0,-1,-1,-1,-1,True,-1,-1,-1,-1,-1.0,-1
15081,0,-1,-1,-1,-1,True,-1,-1,-1,-1,-1.0,-1
15082,0,1,1,4,19,True,9,9,134,2438,24.38,0
15083,0,1,3,4,34,True,199,7,84,1876,18.76,0
15084,0,1,2,4,20,False,162,0,7,7,0.07,0
15085,0,1,14,1,28,False,0,0,0,0,0.0,0
15086,0,1,2,7,12,True,9,2,28,540,5.4,576412
15087,0,1,31,5,28,False,24,0,9,9,0.09,143
15088,0,1,3,4,22,True,96,9,120,2424,24.24,0
15089,0,1,3,4,28,False,114,10,9,2569,25.69,0
15090,0,1,3,4,25,True,114,9,242,2546,25.46,0
15091,0,1,3,4,0,False,216,2,218,730,7.3,0
15092,0,1,3,4,34,True,216,7,217,2009,20.09,0
15093,0,1,3,4,25,True,36,0,217,217,2.17,0
15094,0,1,1,4,24,True,233,7,199,1991,19.91,0
15095,0,1,3,4,17,False,228,13,12,3340,33.4,0
15096,0,1,3,4,18,True,228,12,247,3319,33.19,0
15097,0,1,3,4,30,False,90,2,251,763,7.63,0
15098,0,1,3,4,11,True,90,2,228,740,7.4,0
15099,0,1,3,4,28,False,134,13,138,3466,34.66,0
15100,0,1,3,4,11,True,134,13,115,3443,34.43,0
15101,0,1,3,4,20,True,14,15,23,3863,38.63,0
15102,0,1,3,4,24,False,14,2,238,750,7.5,0
15103,0,1,3,4,21,True,14,2,216,728,7.28,0
15104,0,1,3,4,19,False,154,5,138,1418,14.18,0
15105,0,1,3,4,5,True,154,5,118,1398,13.98,0
15106,0,1,3,4,13,False,129,15,9,3849,38.49,115
15107,0,-1,-1,-1,-1,True,-1,-1,-1,-1,-1.0,-1
15108,0,1,3,4,23,False,104,0,10,10,0.1,0
15109,0,1,3,4,34,True,104,15,244,4084,40.84,0
15110,0,1,3,4,32,False,201,7,97,1889,18.89,0
15111,0,1,3,4,33,True,201,7,76,1868,18.68,0
15112,0,1,3,4,18,False,75,14,3,3587,35.87,0
15113,0,1,3,4,10,True,75,13,237,3565,35.65,0
15114,0,1,3,4,0,False,144,4,18,1042,10.42,0
15115,0,1,3,4,34,True,144,3,249,1017,10.17,0
15116,0,1,3,4,15,False,43,7,70,1862,18.62,0
15117,0,1,3,4,17,False,8,1,10,266,2.66,5249
15118,0,-1,-1,-1,-1,True,-1,-1,-1,-1,-1.0,-1
15119,0,-1,-1,-1,-1,True,-1,-1,-1,-1,-1.0,-1
15120,0,1,20,2,32,False,10,0,0,0,0.0,0
15121,0,1,14,0,0,False,0,0,0,0,0.0,0
15122,0,1,1,4,28,False,151,0,0,0,0.0,17432576
15123,0,158,3,4,21,False,0,0,0,0,0.0,0
15124,0,1,16,1,3,False,0,0,0,0,0.0,0
15125,0,1,1,6,11,False,237,0,0,0,0.0,17432576
15126,0,13,0,0,0,False,0,0,10,10,0.1,1670454273
15127,0,-1,-1,-1,-1,True,-1,-1,-1,-1,-1.0,-1
15128,0,-1,-1,-1,-1,True,-1,-1,-1,-1,-1.0,-1
15129,0,-1,-1,-1,-1,True,-1,-1,-1,-1,-1.0,-1
15130,0,1,3,4,32,False,63,9,83,2387,23.87,0
15131,0,1,3,4,28,True,63,9,60,2364,23.64,0
15132,0,1,3,4,17,False,56,1,4,260,2.6,0
15133,0,1,3,4,24,True,56,14,9,3593,35.93,0
15134,0,1,3,4,3,False,94,5,179,1459,14.59,0
15135,0,1,3,4,19,True,94,13,116,3444,34.44,0
15136,0,1,3,4,26,True,134,13,99,3427,34.27,0
15137,0,1,3,4,22,False,8,6,254,1790,17.9,0
15138,0,1,3,4,21,False,3,3,144,912,9.12,0
15139,0,1,1,4,19,False,164,1,89,345,3.45,0
15140,0,1,3,4,25,True,3,3,121,889,8.89,0
15141,0,1,1,4,26,True,164,1,70,326,3.26,0
15142,0,1,3,4,28,False,14,1,0,256,2.56,167772160
15143,0,-1,-1,-1,-1,True,-1,-1,-1,-1,-1.0,-1
15144,0,229,0,0,0,False,0,0,10,10,0.1,1637882881
15145,0,208,0,0,0,False,0,0,10,10,0.1,739777537
15146,0,31,0,0,0,False,0,0,10,10,0.1,747707393
15147,0,-1,-1,-1,-1,True,-1,-1,-1,-1,-1.0,-1
15148,0,-1,-1,-1,-1,True,-1,-1,-1,-1,-1.0,-1
15149,0,-1,-1,-1,-1,True,-1,-1,-1,-1,-1.0,-1
15150,0,-1,-1,-1,-1,True,-1,-1,-1,-1,-1.0,-1
15151,0,1,3,4,27,False,227,2,177,689,6.89,0
15152,0,1,3,4,29,True,227,2,153,665,6.65,0
15153,0,1,3,4,26,False,97,3,91,859,8.59,0
15154,0,1,3,4,29,True,97,3,71,839,8.39,0
15155,0,1,3,4,33,False,6,11,0,2816,28.16,167772160
15156,0,-1,-1,-1,-1,True,-1,-1,-1,-1,-1.0,-1
15157,0,0,1,7,35,False,0,0,0,0,0.0,2560
15158,0,-1,-1,-1,-1,True,-1,-1,-1,-1,-1.0,-1
15159,0,-1,-1,-1,-1,True,-1,-1,-1,-1,-1.0,-1
15160,0,79,0,0,0,False,0,0,10,10,0.1,2014518273
15161,0,-1,-1,-1,-1,True,-1,-1,-1,-1,-1.0,-1
15162,0,1,1,4,10,False,232,5,253,1533,15.33,0
15163,0,1,3,4,28,True,120,5,108,1388,13.88,0
15164,0,1,1,4,4,True,232,5,235,1515,15.15,0
15165,0,1,3,4,29,True,1,11,0,2816,28.16,167772160
15166,0,-1,-1,-1,-1,True,-1,-1,-1,-1,-1.0,-1
15167,0,132,0,0,0,False,0,0,10,10,0.1,1
15168,0,-1,-1,-1,-1,True,-1,-1,-1,-1,-1.0,-1
15169,0,-1,-1,-1,-1,True,-1,-1,-1,-1,-1.0,-1
15170,0,-1,-1,-1,-1,True,-1,-1,-1,-1,-1.0,-1
15171,0,-1,-1,-1,-1,True,-1,-1,-1,-1,-1.0,-1
15172,0,1,3,4,14,False,81,15,100,3940,39.4,0
15173,0,1,3,4,18,True,81,15,76,3916,39.16,0
15174,0,1,3,4,17,False,92,7,37,1829,18.29,0
15175,0,1,3,4,9,True,92,2,13,525,5.25,148
15176,0,-1,-1,-1,-1,True,-1,-1,-1,-1,-1.0,-1
15177,0,1,3,4,15,False,97,1,65,321,3.21,0
15178,0,1,3,4,24,True,97,1,43,299,2.99,0
15179,0,1,3,4,20,False,154,14,227,3811,38.11,0
15180,0,1,3,4,22,True,154,14,201,3785,37.85,0
15181,0,1,3,4,6,False,172,14,213,3797,37.97,0
15182,0,1,3,4,4,False,171,4,228,1252,12.52,0
15183,0,1,3,4,10,True,171,4,205,1229,12.29,0
15184,0,1,3,4,11,True,117,11,45,2861,28.61,0
15185,0,1,3,4,20,False,101,2,108,620,6.2,0
15186,0,1,3,4,27,True,101,2,83,595,5.95,0
15187,0,1,3,4,0,False,253,11,125,2941,29.41,0
15188,0,1,3,4,16,True,158,12,197,3269,32.69,0
15189,0,1,1,4,25,True,120,11,105,2921,29.21,0
15190,0,1,3,4,4,True,4,4,0,1024,10.24,167772160
15191,0,-1,-1,-1,-1,True,-1,-1,-1,-1,-1.0,-1
15192,0,196,0,0,0,False,0,0,10,10,0.1,0
15193,0,-1,-1,-1,-1,True,-1,-1,-1,-1,-1.0,-1
15194,0,172,0,0,0,False,0,0,10,10,0.1,0
15195,0,-1,-1,-1,-1,True,-1,-1,-1,-1,-1.0,-1
15196,0,241,0,0,0,False,0,0,10,10,0.1,7169
15197,0,220,0,0,0,False,0,0,10,10,0.1,7169
15198,0,-1,-1,-1,-1,True,-1,-1,-1,-1,-1.0,-1
15199,0,1,2,4,32,True,112,9,34,2338,23.38,0
15200,0,1,1,4,21,False,92,6,35,1571,15.71,0
15201,0,1,3,4,21,False,223,12,80,3152,31.52,0
15202,0,1,3,4,33,True,224,9,173,2477,24.77,0
15203,0,1,3,4,34,True,223,12,58,3130,31.3,0
15204,0,1,3,4,32,False,218,15,78,3918,39.18,0
15205,0,1,3,4,31,True,218,15,56,3896,38.96,0
15206,0,1,3,4,8,False,244,11,8,2824,28.24,0
15207,0,1,3,4,6,False,244,2,201,713,7.13,0
15208,0,1,3,4,27,True,244,2,180,692,6.92,0
15209,0,1,3,4,28,True,244,10,243,2803,28.03,0
15210,0,1,3,4,21,False,73,1,188,444,4.44,0
15211,0,1,3,4,33,True,254,5,163,1443,14.43,0
15212,0,1,2,4,27,True,149,3,230,998,9.98,0
15213,0,1,3,4,8,False,157,10,225,2785,27.85,0
15214,0,1,3,4,32,True,157,10,207,2767,27.67,0
15215,0,1,3,4,10,False,157,0,107,107,1.07,0
15216,0,1,3,4,33,True,157,0,85,85,0.85,0
15217,0,1,3,4,28,False,3,6,0,1536,15.36,167772160
15218,0,-1,-1,-1,-1,True,-1,-1,-1,-1,-1.0,-1
15219,0,-1,-1,-1,-1,True,-1,-1,-1,-1,-1.0,-1
15220,0,-1,-1,-1,-1,True,-1,-1,-1,-1,-1.0,-1
15221,0,-1,-1,-1,-1,True,-1,-1,-1,-1,-1.0,-1
15222,0,1,3,4,32,False,251,0,4,4,0.04,0
15223,0,1,3,4,24,True,251,15,237,4077,40.77,0
15224,0,1,3,4,21,False,167,1,45,301,3.01,0
15225,0,1,3,4,33,True,15,5,0,1280,12.8,167772160
15226,0,-1,-1,-1,-1,True,-1,-1,-1,-1,-1.0,-1
15227,0,56,0,0,0,False,0,0,10,10,0.1,1252353
15228,0,104,0,0,0,False,0,0,10,10,0.1,446372865
15229,0,-1,-1,-1,-1,True,-1,-1,-1,-1,-1.0,-1
15230,0,1,3,4,25,False,200,12,83,3155,31.55,0
15231,0,1,3,4,16,True,200,12,62,3134,31.34,0
15232,0,1,3,4,25,False,139,15,52,3892,38.92,0
15233,0,1,3,4,7,True,139,15,30,3870,38.7,0
15234,0,1,3,4,6,False,69,1,62,318,3.18,0
15235,0,1,3,4,20,True,69,1,40,296,2.96,0
15236,0,1,3,4,22,False,120,4,255,1279,12.79,0
15237,0,1,3,4,34,True,0,1,0,256,2.56,167772160
15238,0,-1,-1,-1,-1,True,-1,-1,-1,-1,-1.0,-1
15239,0,-1,-1,-1,-1,True,-1,-1,-1,-1,-1.0,-1
15240,0,-1,-1,-1,-1,True,-1,-1,-1,-1,-1.0,-1
15241,0,-1,-1,-1,-1,True,-1,-1,-1,-1,-1.0,-1
15242,0,-1,-1,-1,-1,True,-1,-1,-1,-1,-1.0,-1
15243,0,-1,-1,-1,-1,True,-1,-1,-1,-1,-1.0,-1
15244,0,1,3,4,3,True,0,15,254,4094,40.94,0
15245,0,1,3,4,4,True,0,13,207,3535,35.35,0
15246,0,1,3,4,23,True,210,11,3,2819,28.19,254
15247,0,-1,-1,-1,-1,True,-1,-1,-1,-1,-1.0,-1
15248,0,1,3,4,26,False,187,15,125,3965,39.65,0
15249,0,1,3,4,29,True,46,6,41,1577,15.77,0
15250,0,1,3,4,4,False,91,11,90,2906,29.06,0
15251,0,1,3,4,24,True,7,3,105,873,8.73,0
15252,0,1,3,4,2,False,234,5,100,1380,13.8,0
15253,0,1,3,4,15,True,234,5,75,1355,13.55,0
15254,0,1,3,4,22,False,216,3,225,993,9.93,0
15255,0,1,3,4,31,False,5,15,102,3942,39.42,0
15256,0,1,3,4,14,True,5,15,81,3921,39.21,0
15257,0,1,3,4,30,False,181,4,194,1218,12.18,0
15258,0,1,3,4,25,True,181,14,193,3777,37.77,0
15259,0,1,3,4,0,False,64,12,253,3325,33.25,0
15260,0,1,3,4,34,True,64,12,229,3301,33.01,0
15261,0,1,3,4,22,False,104,5,109,1389,13.89,0
15262,0,1,2,4,24,False,242,15,118,3958,39.58,0
15263,0,1,3,4,9,True,28,2,204,716,7.16,51977
15264,0,-1,-1,-1,-1,True,-1,-1,-1,-1,-1.0,-1
15265,0,-1,-1,-1,-1,True,-1,-1,-1,-1,-1.0,-1
15266,0,1,3,4,16,False,20,12,195,3267,32.67,0
15267,0,1,3,4,32,True,20,12,174,3246,32.46,0
15268,0,1,3,4,29,False,149,0,96,96,0.96,0
15269,0,1,3,4,22,True,149,0,73,73,0.73,0
15270,0,1,3,4,27,False,104,11,54,2870,28.7,0
15271,0,1,3,4,28,False,104,2,189,701,7.01,0
15272,0,1,3,4,20,True,9,5,237,1517,15.17,0
15273,0,1,3,4,21,True,11,14,138,3722,37.22,0
15274,0,1,3,4,22,True,9,14,73,3657,36.57,0
15275,0,1,3,4,10,False,93,4,40,1064,10.64,0
15276,0,1,3,4,17,True,16,4,18,1042,10.42,0
15277,0,1,3,4,10,True,147,9,0,2304,23.04,34
15278,0,-1,-1,-1,-1,True,-1,-1,-1,-1,-1.0,-1
15279,0,1,3,4,32,False,174,12,107,3179,31.79,0
15280,0,1,3,4,15,True,174,12,84,3156,31.56,0
15281,0,1,3,4,19,False,165,9,46,2350,23.5,0
15282,0,1,3,4,25,True,164,9,26,2330,23.3,0
15283,0,1,3,4,21,False,102,0,80,80,0.8,0
15284,0,1,3,4,28,True,98,13,28,3356,33.56,0
15285,0,1,3,4,29,True,223,0,211,211,2.11,0
15286,0,1,3,4,4,False,220,8,35,2083,20.83,0
15287,0,1,3,4,30,True,220,8,15,2063,20.63,0
15288,0,1,3,4,0,False,114,1,177,433,4.33,0
15289,0,1,3,4,26,True,114,1,157,413,4.13,0
15290,0,1,3,4,29,False,28,11,192,3008,30.08,64001
15291,0,-1,-1,-1,-1,True,-1,-1,-1,-1,-1.0,-1
15292,0,-1,-1,-1,-1,True,-1,-1,-1,-1,-1.0,-1
15293,0,1,3,4,20,True,192,1,225,481,4.81,0
15294,0,1,3,4,6,False,247,9,3,2307,23.07,0
15295,0,1,3,4,24,True,247,8,237,2285,22.85,0
15296,0,1,3,4,20,False,143,11,250,3066,30.66,0
15297,0,1,3,4,19,False,143,1,37,293,2.93,0
15298,0,1,3,4,11,True,143,1,17,273,2.73,0
15299,0,1,3,4,12,True,143,11,226,3042,30.42,0
15300,0,1,3,4,16,False,168,13,192,3520,35.2,0
15301,0,1,3,4,15,True,13,14,150,3734,37.34,0
15302,0,1,3,4,9,False,196,11,234,3050,30.5,0
15303,0,1,3,4,28,True,196,11,214,3030,30.3,0
15304,0,1,3,4,15,False,198,3,229,997,9.97,0
15305,0,1,3,4,5,True,198,3,208,976,9.76,0
15306,0,1,3,4,6,False,69,2,253,765,7.65,0
15307,0,1,3,4,27,True,69,2,233,745,7.45,0
15308,0,1,3,4,18,False,52,1,123,379,3.79,0
15309,0,1,3,2,52,False,1,0,0,0,0.0,0
15310,0,1,3,3,4,False,19,5,0,1280,12.8,0
15311,0,1,3,7,21,True,4,6,53,1589,15.89,311559
15312,0,1,3,0,0,False,0,0,0,0,0.0,0
15313,0,1,3,6,13,False,39,11,111,2927,29.27,0
15314,0,87,0,0,0,False,0,0,10,10,0.1,764746753
15315,0,-1,-1,-1,-1,True,-1,-1,-1,-1,-1.0,-1
15316,0,-1,-1,-1,-1,True,-1,-1,-1,-1,-1.0,-1
15317,0,-1,-1,-1,-1,True,-1,-1,-1,-1,-1.0,-1
15318,0,-1,-1,-1,-1,True,-1,-1,-1,-1,-1.0,-1
15319,0,1,3,4,32,False,41,15,222,4062,40.62,0
15320,0,1,3,4,20,True,41,15,199,4039,40.39,0
15321,0,1,3,4,30,False,216,0,219,219,2.19,0
15322,0,1,3,4,29,True,216,0,196,196,1.96,0
15323,0,1,3,4,20,False,64,8,136,2184,21.84,0
15324,0,1,3,4,11,True,63,8,112,2160,21.6,0
15325,0,1,3,4,13,False,193,13,8,3336,33.36,134
15326,0,-1,-1,-1,-1,True,-1,-1,-1,-1,-1.0,-1
15327,0,1,3,4,23,True,77,8,110,2158,21.58,0
15328,0,1,3,4,30,False,12,10,83,2643,26.43,0
15329,0,1,3,4,21,False,10,15,45,3885,38.85,0
15330,0,1,3,4,30,True,10,15,23,3863,38.63,0
15331,0,1,3,4,13,False,40,5,21,1301,13.01,0
15332,0,1,3,4,8,True,40,4,255,1279,12.79,0
15333,0,1,3,4,4,False,17,7,109,1901,19.01,0
15334,0,1,3,4,33,True,57,4,17,1041,10.41,0
15335,0,1,3,4,15,True,153,0,68,68,0.68,0
15336,0,1,3,4,25,False,203,12,104,3176,31.76,0
15337,0,1,3,4,2,False,233,6,142,1678,16.78,0
15338,0,1,3,4,26,True,233,6,119,1655,16.55,0
15339,0,1,3,4,25,False,76,11,8,2824,28.24,0
15340,0,1,3,4,8,True,0,10,0,2560,25.6,167772160
15341,0,-1,-1,-1,-1,True,-1,-1,-1,-1,-1.0,-1
15342,0,-1,-1,-1,-1,True,-1,-1,-1,-1,-1.0,-1
15343,0,49,0,0,0,False,0,0,10,10,0.1,1888230401
15344,0,-1,-1,-1,-1,True,-1,-1,-1,-1,-1.0,-1
15345,0,-1,-1,-1,-1,True,-1,-1,-1,-1,-1.0,-1
15346,0,-1,-1,-1,-1,True,-1,-1,-1,-1,-1.0,-1
15347,0,-1,-1,-1,-1,True,-1,-1,-1,-1,-1.0,-1
15348,0,1,3,4,22,False,220,11,120,2936,29.36,0
15349,0,1,3,4,34,True,220,4,214,1238,12.38,0
15350,0,1,3,4,30,False,119,15,204,4044,40.44,0
15351,0,1,3,4,21,True,119,2,1,513,5.13,201
15352,0,-1,-1,-1,-1,True,-1,-1,-1,-1,-1.0,-1
15353,0,1,3,4,20,False,83,9,202,2506,25.06,0
15354,0,1,3,4,12,True,83,9,177,2481,24.81,0
15355,0,1,3,4,28,False,112,15,133,3973,39.73,0
15356,0,1,3,4,10,True,5,12,20,3092,30.92,0
15357,0,1,20,3,4,False,5,12,0,3072,30.72,0
15358,0,1,2,3,39,True,6,10,160,2720,27.2,0
15359,0,-1,-1,-1,-1,True,-1,-1,-1,-1,-1.0,-1
15360,0,1,3,4,24,True,180,10,139,2699,26.99,0
15361,0,1,3,4,11,False,180,7,143,1935,19.35,0
15362,0,1,3,4,12,False,179,5,239,1519,15.19,0
15363,0,1,3,4,25,True,179,7,131,1923,19.23,0
15364,0,1,3,4,31,False,64,11,169,2985,29.85,0
15365,0,1,3,4,26,True,64,10,103,2663,26.63,0
15366,0,1,3,4,29,True,250,10,80,2640,26.4,0
15367,0,1,3,4,33,False,246,10,197,2757,27.57,0
15368,0,1,3,4,16,True,246,10,178,2738,27.38,0
15369,0,1,3,4,28,False,72,12,142,3214,32.14,0
15370,0,1,4,6,3,False,106,12,32,3104,31.04,3861
15371,0,1,29,7,28,False,147,5,15,1295,12.95,2104537
15372,0,1,3,5,0,False,129,12,157,3229,32.29,29
15373,0,1,1,4,25,False,144,7,39,1831,18.31,0
15374,0,1,13,5,28,False,230,0,0,0,0.0,17432576
15375,0,21,0,0,0,False,0,0,10,10,0.1,3474070529
15376,0,-1,-1,-1,-1,True,-1,-1,-1,-1,-1.0,-1
15377,0,-1,-1,-1,-1,True,-1,-1,-1,-1,-1.0,-1
15378,0,1,1,4,33,True,125,14,2,3586,35.86,0
15379,0,1,3,4,28,False,207,13,117,3445,34.45,0
15380,0,1,0,4,28,False,135,5,151,1431,14.31,0
15381,0,1,0,4,29,False,136,10,180,2740,27.4,0
15382,0,1,0,4,12,True,24,10,158,2718,27.18,0
15383,0,1,0,4,31,False,121,4,11,1035,10.35,0
15384,0,1,1,4,17,True,147,10,145,2705,27.05,0
15385,0,1,3,4,22,True,6,11,0,2816,28.16,167772160
15386,0,-1,-1,-1,-1,True,-1,-1,-1,-1,-1.0,-1
15387,0,123,1,2,26,False,0,0,0,0,0.0,469830144
15388,0,-1,-1,-1,-1,True,-1,-1,-1,-1,-1.0,-1
15389,0,-1,-1,-1,-1,True,-1,-1,-1,-1,-1.0,-1
15390,0,-1,-1,-1,-1,True,-1,-1,-1,-1,-1.0,-1
15391,0,-1,-1,-1,-1,True,-1,-1,-1,-1,-1.0,-1
15392,0,1,3,4,22,False,111,11,173,2989,29.89,0
15393,0,1,3,4,21,True,111,11,91,2907,29.07,0
15394,0,1,3,4,33,True,238,3,91,859,8.59,0
15395,0,1,1,4,9,True,182,11,73,2889,28.89,0
15396,0,1,3,4,24,True,184,8,241,2289,22.89,0
15397,0,1,1,4,29,False,165,15,243,4083,40.83,0
15398,0,1,3,4,22,False,4,11,239,3055,30.55,0
15399,0,1,3,4,16,True,4,11,218,3034,30.34,0
15400,0,1,3,4,33,False,35,1,89,345,3.45,0
15401,0,1,3,4,32,True,35,1,72,328,3.28,0
15402,0,1,3,4,32,False,30,0,125,125,1.25,0
15403,0,1,3,4,31,True,30,8,10,2058,20.58,52
15404,0,-1,-1,-1,-1,True,-1,-1,-1,-1,-1.0,-1
15405,0,1,3,4,0,False,85,3,13,781,7.81,0
15406,0,1,3,4,34,True,85,2,245,757,7.57,0
15407,0,1,3,4,15,False,233,10,118,2678,26.78,0
15408,0,1,3,4,23,True,233,10,95,2655,26.55,0
15409,0,1,3,4,0,False,40,0,6,6,0.06,0
15410,0,1,3,4,34,True,40,15,238,4078,40.78,0
15411,0,1,3,4,28,False,198,15,1,3841,38.41,0
15412,0,1,3,4,29,False,196,1,16,272,2.72,0
15413,0,1,3,4,23,True,196,1,141,397,3.97,0
15414,0,1,3,4,0,False,166,2,240,752,7.52,0
15415,0,1,3,4,34,True,166,2,216,728,7.28,0
15416,0,1,3,4,29,False,113,5,227,1507,15.07,0
15417,0,1,3,4,28,True,113,5,205,1485,14.85,0
15418,0,1,3,4,23,False,92,13,67,3395,33.95,0
15419,0,1,3,4,22,False,204,5,201,1481,14.81,0
15420,0,1,3,4,29,True,1,9,3,2307,23.07,0
15421,0,1,3,4,1,False,116,2,190,702,7.02,0
15422,0,1,3,4,4,True,9,0,0,0,0.0,167772160
15423,0,-1,-1,-1,-1,True,-1,-1,-1,-1,-1.0,-1
15424,0,83,0,0,0,False,0,0,10,10,0.1,4187888641
15425,0,-1,-1,-1,-1,True,-1,-1,-1,-1,-1.0,-1
15426,0,-1,-1,-1,-1,True,-1,-1,-1,-1,-1.0,-1
15427,0,-1,-1,-1,-1,True,-1,-1,-1,-1,-1.0,-1
15428,0,-1,-1,-1,-1,True,-1,-1,-1,-1,-1.0,-1
15429,0,1,11,3,28,False,29,3,0,768,7.68,0
15430,0,1,0,2,61,True,28,0,0,0,0.0,0
15431,0,1,17,5,19,True,2,7,28,1820,18.2,142
15432,0,1,18,3,15,False,28,5,204,1484,14.84,37129
15433,0,-1,-1,-1,-1,True,-1,-1,-1,-1,-1.0,-1
15434,0,-1,-1,-1,-1,True,-1,-1,-1,-1,-1.0,-1
15435,0,-1,-1,-1,-1,True,-1,-1,-1,-1,-1.0,-1
15436,0,1,3,4,5,False,200,10,67,2627,26.27,0
15437,0,1,3,4,20,True,200,10,47,2607,26.07,0
15438,0,1,3,4,0,False,65,6,115,1651,16.51,0
15439,0,1,3,4,34,True,65,6,91,1627,16.27,0
15440,0,1,3,4,32,False,85,9,110,2414,24.14,0
15441,0,1,3,4,20,True,85,9,86,2390,23.9,0
15442,0,1,3,4,28,False,142,9,160,2464,24.64,0
15443,0,1,3,4,22,True,142,9,136,2440,24.4,0
15444,0,1,3,4,29,False,10,0,0,0,0.0,167772160
15445,0,-1,-1,-1,-1,True,-1,-1,-1,-1,-1.0,-1
15446,0,-1,-1,-1,-1,True,-1,-1,-1,-1,-1.0,-1
15447,0,-1,-1,-1,-1,True,-1,-1,-1,-1,-1.0,-1
15448,0,-1,-1,-1,-1,True,-1,-1,-1,-1,-1.0,-1
15449,0,1,3,4,18,False,217,5,168,1448,14.48,0
15450,0,1,3,4,32,True,217,5,150,1430,14.3,0
15451,0,1,3,4,1,False,93,1,218,474,4.74,0
15452,0,1,3,4,3,False,135,2,120,632,6.32,0
15453,0,1,3,4,24,True,85,2,97,609,6.09,0
15454,0,1,3,4,19,False,226,13,225,3553,35.53,0
15455,0,1,3,4,30,True,226,13,206,3534,35.34,0
15456,0,1,3,4,18,False,225,15,37,3877,38.77,0
15457,0,1,3,4,29,True,225,15,17,3857,38.57,0
15458,0,1,3,4,26,False,11,11,0,2816,28.16,167772160
15459,0,-1,-1,-1,-1,True,-1,-1,-1,-1,-1.0,-1
15460,0,-1,-1,-1,-1,True,-1,-1,-1,-1,-1.0,-1
15461,0,-1,-1,-1,-1,True,-1,-1,-1,-1,-1.0,-1
15462,0,-1,-1,-1,-1,True,-1,-1,-1,-1,-1.0,-1
15463,0,-1,-1,-1,-1,True,-1,-1,-1,-1,-1.0,-1
15464,0,-1,-1,-1,-1,True,-1,-1,-1,-1,-1.0,-1
15465,0,1,3,4,20,True,153,11,115,2931,29.31,0
15466,0,1,3,4,21,True,156,10,86,2646,26.46,0
15467,0,1,3,4,22,False,128,8,7,2055,20.55,0
15468,0,1,3,4,25,False,54,15,107,3947,39.47,0
15469,0,1,3,4,26,False,54,1,49,305,3.05,0
15470,0,1,3,4,19,True,54,11,195,3011,30.11,0
15471,0,1,3,4,20,True,54,8,13,2061,20.61,162
15472,0,-1,-1,-1,-1,True,-1,-1,-1,-1,-1.0,-1
15473,0,1,3,4,16,False,133,10,168,2728,27.28,0
15474,0,1,3,4,17,False,133,2,217,729,7.29,0
15475,0,1,3,4,7,True,133,2,196,708,7.08,0
15476,0,1,3,4,9,True,133,10,144,2704,27.04,0
15477,0,1,3,4,24,False,172,2,78,590,5.9,0
15478,0,1,3,4,13,True,172,2,55,567,5.67,0
15479,0,1,3,4,25,False,152,14,196,3780,37.8,0
15480,0,1,3,4,26,False,152,13,61,3389,33.89,0
15481,0,1,3,4,7,True,152,3,0,768,7.68,192
15482,0,-1,-1,-1,-1,True,-1,-1,-1,-1,-1.0,-1
15483,0,1,2,4,32,False,58,15,30,3870,38.7,0
15484,0,1,3,4,22,True,115,0,170,170,1.7,0
15485,0,1,2,4,32,True,58,15,12,3852,38.52,0
15486,0,1,3,4,27,False,142,14,97,3681,36.81,0
15487,0,1,3,4,25,True,142,11,155,2971,29.71,0
15488,0,1,3,4,15,True,11,11,134,2950,29.5,0
15489,0,1,3,4,12,False,238,15,110,3950,39.5,0
15490,0,1,3,4,23,True,238,15,90,3930,39.3,0
15491,0,1,3,4,28,False,126,3,10,778,7.78,187
15492,0,-1,-1,-1,-1,True,-1,-1,-1,-1,-1.0,-1
15493,0,1,3,4,19,True,113,13,79,3407,34.07,0
15494,0,1,3,4,32,False,5,1,227,483,4.83,0
15495,0,1,3,4,29,True,5,1,206,462,4.62,0
15496,0,1,3,4,24,False,9,10,186,2746,27.46,0
15497,0,1,3,4,32,True,9,10,166,2726,27.26,0
15498,0,1,3,4,19,False,14,8,0,2048,20.48,167772160
15499,0,-1,-1,-1,-1,True,-1,-1,-1,-1,-1.0,-1
15500,0,-1,-1,-1,-1,True,-1,-1,-1,-1,-1.0,-1
15501,0,-1,-1,-1,-1,True,-1,-1,-1,-1,-1.0,-1
15502,0,-1,-1,-1,-1,True,-1,-1,-1,-1,-1.0,-1
15503,0,1,3,4,25,True,211,3,65,833,8.33,0
15504,0,1,3,4,0,False,69,12,143,3215,32.15,0
15505,0,1,3,4,34,True,69,12,119,3191,31.91,0
15506,0,1,3,4,31,False,210,10,196,2756,27.56,0
15507,0,1,3,4,24,True,210,10,174,2734,27.34,0
15508,0,1,3,4,17,False,244,3,236,1004,10.04,0
15509,0,1,3,4,8,True,246,9,6,2310,23.1,161
15510,0,-1,-1,-1,-1,True,-1,-1,-1,-1,-1.0,-1
15511,0,1,3,4,13,False,60,0,7,7,0.07,0
15512,0,1,3,4,27,True,60,15,242,4082,40.82,0
15513,0,1,3,4,2,False,60,11,76,2892,28.92,0
15514,0,1,3,4,15,True,60,11,51,2867,28.67,0
15515,0,1,3,4,8,False,135,0,148,148,1.48,0
15516,0,1,3,4,17,True,0,12,0,3072,30.72,167772160
15517,0,-1,-1,-1,-1,True,-1,-1,-1,-1,-1.0,-1
15518,0,64,0,0,0,False,0,0,10,10,0.1,3742899201
15519,0,-1,-1,-1,-1,True,-1,-1,-1,-1,-1.0,-1
15520,0,-1,-1,-1,-1,True,-1,-1,-1,-1,-1.0,-1
15521,0,-1,-1,-1,-1,True,-1,-1,-1,-1,-1.0,-1
15522,0,-1,-1,-1,-1,True,-1,-1,-1,-1,-1.0,-1
15523,0,1,3,4,20,False,254,14,137,3721,37.21,0
15524,0,1,3,4,27,True,254,2,119,631,6.31,0
15525,0,1,3,4,25,False,172,4,195,1219,12.19,0
15526,0,1,3,4,28,True,172,4,174,1198,11.98,0
15527,0,1,3,4,19,True,246,14,125,3709,37.09,0
15528,0,1,3,4,26,False,245,6,17,1553,15.53,0
15529,0,1,3,4,20,True,245,5,252,1532,15.32,0
15530,0,1,3,4,31,False,248,0,160,160,1.6,0
15531,0,1,3,4,27,True,218,0,188,188,1.88,0
15532,0,1,3,4,25,False,51,14,27,3611,36.11,0
15533,0,1,1,4,19,False,214,12,9,3081,30.81,0
15534,0,1,3,4,51,False,14,1,54,310,3.1,0
15535,0,1,3,4,18,False,154,3,165,933,9.33,0
15536,0,1,3,4,27,True,154,9,13,2317,23.17,243
15537,0,-1,-1,-1,-1,True,-1,-1,-1,-1,-1.0,-1
15538,0,1,2,4,19,False,165,15,95,3935,39.35,0
15539,0,1,3,4,26,True,25,13,222,3550,35.5,0
15540,0,1,2,4,26,True,165,15,76,3916,39.16,0
15541,0,1,3,4,16,False,0,2,0,512,5.12,167772160
15542,0,-1,-1,-1,-1,True,-1,-1,-1,-1,-1.0,-1
15543,0,226,0,7,50,True,0,0,0,0,0.0,0
15544,0,-1,-1,-1,-1,True,-1,-1,-1,-1,-1.0,-1
15545,0,1,3,4,33,True,226,7,222,2014,20.14,0
15546,0,1,3,4,5,False,224,3,42,810,8.1,0
15547,0,1,3,4,32,True,224,15,7,3847,38.47,153
15548,0,-1,-1,-1,-1,True,-1,-1,-1,-1,-1.0,-1
15549,0,1,1,4,6,True,95,0,191,191,1.91,0
15550,0,1,3,4,20,False,24,10,51,2611,26.11,0
15551,0,1,3,4,15,True,24,10,26,2586,25.86,0
15552,0,1,3,4,25,False,194,11,149,2965,29.65,0
15553,0,1,3,4,20,True,194,6,14,1550,15.5,138
15554,0,-1,-1,-1,-1,True,-1,-1,-1,-1,-1.0,-1
15555,0,1,1,4,19,True,95,2,102,614,6.14,0
15556,0,1,3,4,28,False,95,13,255,3583,35.83,0
15557,0,1,3,4,25,True,95,13,232,3560,35.6,0
15558,0,1,3,4,27,False,17,3,243,1011,10.11,0
15559,0,1,3,4,26,False,18,9,183,2487,24.87,0
15560,0,1,3,4,21,True,17,9,168,2472,24.72,0
15561,0,1,3,4,19,False,70,11,111,2927,29.27,0
15562,0,1,3,4,34,True,70,11,90,2906,29.06,0
15563,0,1,1,4,22,False,222,15,212,4052,40.52,0
15564,0,1,3,4,32,False,4,0,0,0,0.0,167772160
15565,0,-1,-1,-1,-1,True,-1,-1,-1,-1,-1.0,-1
15566,0,3,0,0,0,False,0,0,10,10,0.1,4062125057
15567,0,-1,-1,-1,-1,True,-1,-1,-1,-1,-1.0,-1
15568,0,-1,-1,-1,-1,True,-1,-1,-1,-1,-1.0,-1
15569,0,-1,-1,-1,-1,True,-1,-1,-1,-1,-1.0,-1
15570,0,1,3,4,16,True,242,2,251,763,7.63,0
15571,0,1,1,4,24,False,203,9,25,2329,23.29,0
15572,0,1,3,4,19,True,243,9,237,2541,25.41,0
15573,0,1,1,4,22,False,202,1,171,427,4.27,0
15574,0,1,3,4,26,True,21,5,230,1510,15.1,0
15575,0,1,1,4,23,False,201,8,255,2303,23.03,0
15576,0,1,1,4,24,True,28,0,0,0,0.0,218103808
15577,0,-1,-1,-1,-1,True,-1,-1,-1,-1,-1.0,-1
15578,0,-1,-1,-1,-1,True,-1,-1,-1,-1,-1.0,-1
15579,0,-1,-1,-1,-1,True,-1,-1,-1,-1,-1.0,-1
15580,0,-1,-1,-1,-1,True,-1,-1,-1,-1,-1.0,-1
15581,0,-1,-1,-1,-1,True,-1,-1,-1,-1,-1.0,-1
15582,0,-1,-1,-1,-1,True,-1,-1,-1,-1,-1.0,-1
15583,0,1,3,4,16,False,71,10,69,2629,26.29,0
15584,0,1,3,4,26,True,71,13,146,3474,34.74,0
15585,0,1,3,4,20,False,110,1,50,306,3.06,0
15586,0,1,3,4,27,True,110,1,25,281,2.81,0
15587,0,1,3,4,0,False,10,0,0,0,0.0,17432576
15588,0,197,1,2,0,False,0,0,0,0,0.0,480379144
15589,0,-1,-1,-1,-1,True,-1,-1,-1,-1,-1.0,-1
15590,0,-1,-1,-1,-1,True,-1,-1,-1,-1,-1.0,-1
15591,0,1,24,5,10,False,140,3,81,849,8.49,0
15592,0,-1,-1,-1,-1,True,-1,-1,-1,-1,-1.0,-1
15593,0,-1,-1,-1,-1,True,-1,-1,-1,-1,-1.0,-1
15594,0,-1,-1,-1,-1,True,-1,-1,-1,-1,-1.0,-1
15595,0,-1,-1,-1,-1,True,-1,-1,-1,-1,-1.0,-1
15596,0,1,3,4,18,False,252,13,235,3563,35.63,0
15597,0,1,3,4,28,True,251,13,214,3542,35.42,0
15598,0,1,3,4,23,False,248,13,159,3487,34.87,0
15599,0,1,3,4,25,True,31,13,137,3465,34.65,0
15600,0,1,3,4,24,False,153,10,1,2561,25.61,234624796
15601,0,-1,-1,-1,-1,True,-1,-1,-1,-1,-1.0,-1
15602,0,-1,-1,-1,-1,True,-1,-1,-1,-1,-1.0,-1
15603,0,-1,-1,-1,-1,True,-1,-1,-1,-1,-1.0,-1
15604,0,-1,-1,-1,-1,True,-1,-1,-1,-1,-1.0,-1
15605,0,1,3,4,21,True,252,13,65,3393,33.93,0
15606,0,1,3,4,14,False,33,8,103,2151,21.51,0
15607,0,1,3,4,28,True,33,8,81,2129,21.29,0
15608,0,1,3,4,0,False,216,9,237,2541,25.41,0
15609,0,1,3,4,26,True,216,9,214,2518,25.18,0
15610,0,1,3,4,31,False,156,14,186,3770,37.7,0
15611,0,1,3,4,32,False,158,8,118,2166,21.66,0
15612,0,1,3,4,25,False,51,5,34,1314,13.14,0
15613,0,1,3,4,19,True,50,12,0,3072,30.72,167772160
15614,0,-1,-1,-1,-1,True,-1,-1,-1,-1,-1.0,-1
15615,0,-1,-1,-1,-1,True,-1,-1,-1,-1,-1.0,-1
15616,0,-1,-1,-1,-1,True,-1,-1,-1,-1,-1.0,-1
15617,0,-1,-1,-1,-1,True,-1,-1,-1,-1,-1.0,-1
15618,0,-1,-1,-1,-1,True,-1,-1,-1,-1,-1.0,-1
15619,0,1,3,0,0,False,0,0,0,0,0.0,0
15620,0,1,3,4,33,True,130,10,163,2723,27.23,0
15621,0,1,3,4,29,False,208,0,55,55,0.55,0
15622,0,1,3,4,20,True,208,6,227,1763,17.63,42763
15623,0,-1,-1,-1,-1,True,-1,-1,-1,-1,-1.0,-1
15624,0,-1,-1,-1,-1,True,-1,-1,-1,-1,-1.0,-1
15625,0,1,3,4,20,True,227,11,145,2961,29.61,0
15626,0,1,3,4,20,False,169,2,219,731,7.31,0
15627,0,1,3,4,30,True,169,2,196,708,7.08,0
15628,0,1,3,4,16,False,58,4,147,1171,11.71,0
15629,0,1,2,4,6,False,53,2,185,697,6.97,0
15630,0,1,3,4,19,True,0,4,0,1024,10.24,167772160
15631,0,-1,-1,-1,-1,True,-1,-1,-1,-1,-1.0,-1
15632,0,-1,-1,-1,-1,True,-1,-1,-1,-1,-1.0,-1
15633,0,-1,-1,-1,-1,True,-1,-1,-1,-1,-1.0,-1
15634,0,-1,-1,-1,-1,True,-1,-1,-1,-1,-1.0,-1
15635,0,-1,-1,-1,-1,True,-1,-1,-1,-1,-1.0,-1
15636,0,-1,-1,-1,-1,True,-1,-1,-1,-1,-1.0,-1
15637,0,1,3,4,19,False,21,12,26,3098,30.98,0
15638,0,1,3,4,22,True,21,12,5,3077,30.77,0
15639,0,1,3,4,32,False,97,1,180,436,4.36,0
15640,0,1,3,4,13,True,97,1,158,414,4.14,0
15641,0,1,3,4,20,False,208,14,85,3669,36.69,0
15642,0,1,3,4,31,True,208,14,64,3648,36.48,0
15643,0,1,3,4,12,True,212,7,98,1890,18.9,0
15644,0,1,3,4,20,False,46,14,68,3652,36.52,0
15645,0,1,3,4,22,True,46,14,46,3630,36.3,0
15646,0,1,3,4,25,False,217,13,163,3491,34.91,0
15647,0,1,3,4,33,True,217,13,142,3470,34.7,0
15648,0,1,3,4,15,False,38,0,139,139,1.39,0
15649,0,1,3,4,24,True,38,14,28,3612,36.12,521883
15650,0,-1,-1,-1,-1,True,-1,-1,-1,-1,-1.0,-1
15651,0,-1,-1,-1,-1,True,-1,-1,-1,-1,-1.0,-1
15652,0,-1,-1,-1,-1,True,-1,-1,-1,-1,-1.0,-1
15653,0,1,26,7,28,False,158,5,3,1283,12.83,728274
15654,0,1,2,5,10,False,124,12,159,3231,32.31,21
15655,0,1,1,2,39,False,28,0,0,0,0.0,0
15656,0,1,3,5,2,True,6,2,28,540,5.4,138
15657,0,1,24,2,6,False,107,0,0,0,0.0,0
15658,0,1,1,4,31,True,91,0,28,28,0.28,0
15659,0,1,3,4,6,False,33,4,252,1276,12.76,0
15660,0,1,1,4,21,False,91,9,146,2450,24.5,0
15661,0,1,3,4,24,True,1,9,122,2426,24.26,0
15662,0,1,3,4,17,False,120,6,24,1560,15.6,0
15663,0,1,3,4,22,True,120,6,1,1537,15.37,0
15664,0,1,3,4,19,False,240,10,92,2652,26.52,0
15665,0,1,3,4,24,True,240,10,71,2631,26.31,0
15666,0,1,3,4,29,False,46,0,145,145,1.45,0
15667,0,1,3,4,10,True,46,0,122,122,1.22,0
15668,0,1,3,4,28,False,159,8,8,2056,20.56,204
15669,0,-1,-1,-1,-1,True,-1,-1,-1,-1,-1.0,-1
15670,0,1,3,4,32,True,72,8,186,2234,22.34,0
15671,0,1,3,4,26,False,242,12,139,3211,32.11,0
15672,0,1,3,4,17,True,242,12,116,3188,31.88,0
15673,0,1,3,4,0,False,186,14,135,3719,37.19,0
15674,0,1,3,4,8,True,186,14,111,3695,36.95,0
15675,0,1,3,4,22,False,153,7,255,2047,20.47,0
15676,0,1,3,4,24,False,148,2,115,627,6.27,0
15677,0,1,3,4,18,True,148,15,150,3990,39.9,0
15678,0,1,3,4,19,True,148,2,89,601,6.01,0
15679,0,1,3,4,12,False,212,8,176,2224,22.24,0
15680,0,1,3,4,25,True,212,8,155,2203,22.03,0
15681,0,1,3,4,25,True,175,6,252,1788,17.88,0
15682,0,1,3,4,20,False,174,0,97,97,0.97,0
15683,0,1,3,4,26,True,174,0,74,74,0.74,0
15684,0,1,3,4,18,False,144,6,198,1734,17.34,0
15685,0,1,3,4,20,True,144,6,176,1712,17.12,0
15686,0,1,3,4,24,False,164,8,170,2218,22.18,0
15687,0,1,3,4,29,False,162,10,204,2764,27.64,0
15688,0,1,3,4,30,False,163,14,47,3631,36.31,0
15689,0,1,3,4,25,False,139,5,124,1404,14.04,0
15690,0,1,3,4,13,True,138,5,103,1383,13.83,0
15691,0,1,3,4,24,False,12,11,0,2816,28.16,167772160
15692,0,-1,-1,-1,-1,True,-1,-1,-1,-1,-1.0,-1
15693,0,49,0,0,0,False,0,0,10,10,0.1,1938824193
15694,0,2,3,2,0,False,0,0,0,0,0.0,0
15695,0,1,3,4,26,True,6,2,8,520,5.2,0
15696,0,1,3,4,0,False,115,11,219,3035,30.35,0
15697,0,1,3,4,34,True,115,3,14,782,7.82,130
15698,0,-1,-1,-1,-1,True,-1,-1,-1,-1,-1.0,-1
15699,0,1,3,4,34,True,60,14,183,3767,37.67,0
15700,0,1,1,4,27,True,67,14,111,3695,36.95,0
15701,0,1,3,4,25,True,210,9,133,2437,24.37,0
15702,0,1,3,4,9,False,206,12,9,3081,30.81,0
15703,0,1,28,4,11,False,189,5,237,1517,15.17,0
15704,0,1,3,4,27,False,207,11,85,2901,29.01,0
15705,0,1,3,4,26,True,207,11,60,2876,28.76,0
15706,0,1,3,4,13,False,97,13,56,3384,33.84,0
15707,0,1,3,4,7,True,97,9,115,2419,24.19,0
15708,0,1,3,4,16,False,128,12,12,3084,30.84,0
15709,0,1,3,4,18,True,128,11,244,3060,30.6,0
15710,0,1,3,4,19,False,103,9,108,2412,24.12,0
15711,0,1,3,4,7,True,103,12,152,3224,32.24,8653369
15712,0,-1,-1,-1,-1,True,-1,-1,-1,-1,-1.0,-1
15713,0,-1,-1,-1,-1,True,-1,-1,-1,-1,-1.0,-1
15714,0,-1,-1,-1,-1,True,-1,-1,-1,-1,-1.0,-1
15715,0,1,3,4,29,True,52,3,252,1020,10.2,0
15716,0,1,3,4,13,False,50,11,1,2817,28.17,0
15717,0,1,3,4,28,True,159,5,135,1415,14.15,0
15718,0,1,3,4,29,False,217,8,74,2122,21.22,0
15719,0,1,1,4,32,False,173,2,254,766,7.66,0
15720,0,1,3,4,28,True,217,8,15,2063,20.63,133
15721,0,-1,-1,-1,-1,True,-1,-1,-1,-1,-1.0,-1
15722,0,1,3,4,21,True,216,12,147,3219,32.19,0
15723,0,1,3,4,22,True,216,15,112,3952,39.52,0
15724,0,1,3,4,24,False,173,6,211,1747,17.47,0
15725,0,1,3,4,26,True,173,6,190,1726,17.26,0
15726,0,1,3,4,30,False,217,0,204,204,2.04,0
15727,0,1,3,4,14,True,239,1,240,496,4.96,0
15728,0,1,1,4,23,True,97,8,25,2073,20.73,0
15729,0,1,3,4,27,True,229,0,245,245,2.45,0
15730,0,1,3,4,49,True,0,8,28,2076,20.76,0
15731,0,1,18,7,49,True,0,2,28,540,5.4,789528
15732,0,1,0,4,28,False,141,12,11,3083,30.83,0
15733,0,1,29,5,28,False,24,12,7,3079,30.79,173
15734,0,1,3,4,24,True,236,7,154,1946,19.46,0
15735,0,1,3,4,20,False,44,10,64,2624,26.24,0
15736,0,1,3,4,23,True,44,10,40,2600,26.0,0
15737,0,1,3,4,13,False,211,9,191,2495,24.95,0
15738,0,1,3,4,29,True,211,9,171,2475,24.75,0
15739,0,1,3,4,12,False,15,5,0,1280,12.8,167772160
15740,0,-1,-1,-1,-1,True,-1,-1,-1,-1,-1.0,-1
15741,0,-1,-1,-1,-1,True,-1,-1,-1,-1,-1.0,-1
15742,0,-1,-1,-1,-1,True,-1,-1,-1,-1,-1.0,-1
15743,0,-1,-1,-1,-1,True,-1,-1,-1,-1,-1.0,-1
15744,0,-1,-1,-1,-1,True,-1,-1,-1,-1,-1.0,-1
15745,0,-1,-1,-1,-1,True,-1,-1,-1,-1,-1.0,-1
15746,0,1,3,4,13,True,1,2,182,694,6.94,0
15747,0,1,3,4,33,False,210,4,0,1024,10.24,0
15748,0,1,3,4,26,True,210,9,7,2311,23.11,185
15749,0,-1,-1,-1,-1,True,-1,-1,-1,-1,-1.0,-1
15750,0,1,3,4,22,True,57,7,162,1954,19.54,0
15751,0,1,3,4,28,False,134,1,149,405,4.05,0
15752,0,1,3,4,25,True,134,1,126,382,3.82,0
15753,0,1,3,4,28,False,13,5,0,1280,12.8,167772160
15754,0,-1,-1,-1,-1,True,-1,-1,-1,-1,-1.0,-1
15755,0,-1,-1,-1,-1,True,-1,-1,-1,-1,-1.0,-1
15756,0,-1,-1,-1,-1,True,-1,-1,-1,-1,-1.0,-1
15757,0,-1,-1,-1,-1,True,-1,-1,-1,-1,-1.0,-1
15758,0,-1,-1,-1,-1,True,-1,-1,-1,-1,-1.0,-1
15759,0,-1,-1,-1,-1,True,-1,-1,-1,-1,-1.0,-1
15760,0,1,3,4,4,True,248,1,130,386,3.86,0
15761,0,1,1,4,9,True,97,5,95,1375,13.75,0
15762,0,1,3,4,33,False,186,13,118,3446,34.46,0
15763,0,1,1,4,14,False,96,7,50,1842,18.42,0
15764,0,1,3,4,19,False,134,9,9,2313,23.13,8
15765,0,-1,-1,-1,-1,True,-1,-1,-1,-1,-1.0,-1
15766,0,1,3,4,15,True,153,8,239,2287,22.87,0
15767,0,1,3,4,29,False,97,4,254,1278,12.78,0
15768,0,1,3,4,23,True,97,4,231,1255,12.55,0
15769,0,1,3,4,24,False,136,12,77,3149,31.49,0
15770,0,1,3,4,34,True,136,12,53,3125,31.25,0
15771,0,1,3,4,30,False,48,15,210,4050,40.5,0
15772,0,1,3,4,27,True,48,15,186,4026,40.26,0
15773,0,1,3,4,12,False,60,12,87,3159,31.59,0
15774,0,1,3,4,10,True,60,12,67,3139,31.39,0
15775,0,1,3,4,28,False,195,11,64,2880,28.8,0
15776,0,1,3,4,25,True,195,11,41,2857,28.57,0
15777,0,1,3,4,23,False,71,3,39,807,8.07,0
15778,0,1,3,4,22,True,71,14,139,3723,37.23,0
15779,0,1,3,4,22,False,213,12,124,3196,31.96,0
15780,0,1,3,4,33,True,213,12,103,3175,31.75,0
15781,0,1,3,4,21,False,135,12,129,3201,32.01,0
15782,0,1,3,4,27,True,135,12,106,3178,31.78,0
15783,0,1,3,4,1,False,93,14,1,3585,35.85,0
15784,0,1,3,4,3,False,93,4,194,1218,12.18,0
15785,0,1,1,4,28,False,159,15,14,3854,38.54,188
15786,0,-1,-1,-1,-1,True,-1,-1,-1,-1,-1.0,-1
15787,0,1,3,4,30,False,13,6,65,1601,16.01,0
15788,0,1,3,4,8,True,124,15,32,3872,38.72,0
15789,0,1,3,4,27,True,203,4,158,1182,11.82,0
15790,0,1,3,4,18,False,201,2,106,618,6.18,0
15791,0,1,3,4,25,True,201,2,83,595,5.95,0
15792,0,1,3,4,26,True,66,11,0,2816,28.16,100663296
15793,0,-1,-1,-1,-1,True,-1,-1,-1,-1,-1.0,-1
15794,0,-1,-1,-1,-1,True,-1,-1,-1,-1,-1.0,-1
15795,0,-1,-1,-1,-1,True,-1,-1,-1,-1,-1.0,-1
15796,0,-1,-1,-1,-1,True,-1,-1,-1,-1,-1.0,-1
15797,0,-1,-1,-1,-1,True,-1,-1,-1,-1,-1.0,-1
15798,0,1,1,7,48,False,28,7,122,1914,19.14,1857807
15799,0,1,4,0,0,False,0,0,0,0,0.0,0
15800,0,1,27,0,0,False,0,0,0,0,0.0,0
15801,0,1,0,7,25,False,11,15,0,3840,38.4,167772160
15802,0,248,0,0,0,False,0,0,10,10,0.1,2148998145
15803,0,-1,-1,-1,-1,True,-1,-1,-1,-1,-1.0,-1
15804,0,-1,-1,-1,-1,True,-1,-1,-1,-1,-1.0,-1
15805,0,-1,-1,-1,-1,True,-1,-1,-1,-1,-1.0,-1
15806,0,-1,-1,-1,-1,True,-1,-1,-1,-1,-1.0,-1
15807,0,-1,-1,-1,-1,True,-1,-1,-1,-1,-1.0,-1
15808,0,1,3,4,22,False,127,11,167,2983,29.83,0
15809,0,1,3,4,29,True,127,11,146,2962,29.62,0
15810,0,1,3,4,28,False,56,9,175,2479,24.79,0
15811,0,1,3,4,9,True,56,9,153,2457,24.57,0
15812,0,1,3,4,26,False,102,12,221,3293,32.93,0
15813,0,1,3,4,24,True,1,14,0,3584,35.84,167772160
15814,0,-1,-1,-1,-1,True,-1,-1,-1,-1,-1.0,-1
15815,0,25,0,0,0,False,0,0,10,10,0.1,1
15816,0,4,0,0,0,False,0,0,10,10,0.1,1
15817,0,73,1,3,54,False,0,0,0,0,0.0,469830144
15818,0,-1,-1,-1,-1,True,-1,-1,-1,-1,-1.0,-1
15819,0,-1,-1,-1,-1,True,-1,-1,-1,-1,-1.0,-1
15820,0,-1,-1,-1,-1,True,-1,-1,-1,-1,-1.0,-1
15821,0,-1,-1,-1,-1,True,-1,-1,-1,-1,-1.0,-1
15822,0,1,3,4,23,False,117,14,69,3653,36.53,0
15823,0,1,3,4,13,True,206,14,45,3629,36.29,0
15824,0,1,2,4,30,False,250,11,220,3036,30.36,0
15825,0,1,3,4,21,False,104,10,11,2571,25.71,0
15826,0,1,2,4,7,True,250,13,15,3343,33.43,185
15827,0,-1,-1,-1,-1,True,-1,-1,-1,-1,-1.0,-1
15828,0,1,3,4,34,True,13,15,161,4001,40.01,0
15829,0,1,3,4,16,False,28,5,0,1280,12.8,134217728
15830,0,-1,-1,-1,-1,True,-1,-1,-1,-1,-1.0,-1
15831,0,107,0,0,0,False,0,0,10,10,0.1,3809745921
15832,0,-1,-1,-1,-1,True,-1,-1,-1,-1,-1.0,-1
15833,0,-1,-1,-1,-1,True,-1,-1,-1,-1,-1.0,-1
15834,0,-1,-1,-1,-1,True,-1,-1,-1,-1,-1.0,-1
15835,0,-1,-1,-1,-1,True,-1,-1,-1,-1,-1.0,-1
15836,0,1,1,4,13,False,73,15,224,4064,40.64,0
15837,0,1,3,4,31,True,226,1,239,495,4.95,0
15838,0,1,1,4,6,True,72,15,204,4044,40.44,0
15839,0,1,3,4,12,False,3,11,239,3055,30.55,0
15840,0,1,3,4,34,True,3,11,218,3034,30.34,0
15841,0,1,3,4,25,False,252,12,139,3211,32.11,0
15842,0,1,3,4,15,True,241,12,116,3188,31.88,0
15843,0,1,3,4,20,False,62,6,193,1729,17.29,0
15844,0,1,3,4,17,True,225,6,168,1704,17.04,0
15845,0,1,3,4,30,False,109,9,141,2445,24.45,0
15846,0,1,3,4,19,False,19,3,17,785,7.85,0
15847,0,1,1,4,28,True,6,9,123,2427,24.27,0
15848,0,1,3,4,28,False,29,7,14,1806,18.06,0
15849,0,1,4,5,28,False,155,7,14,1806,18.06,14
15850,0,1,3,4,18,False,30,8,40,2088,20.88,0
15851,0,1,1,4,4,True,139,4,171,1195,11.95,0
15852,0,1,3,4,8,False,21,12,21,3093,30.93,0
15853,0,1,2,4,4,False,2,12,160,3232,32.32,0
15854,0,1,2,4,3,False,238,12,26,3098,30.98,0
15855,0,1,2,3,0,False,178,12,0,3072,30.72,0
15856,0,1,18,2,19,False,235,1,73,329,3.29,0
15857,0,-1,-1,-1,-1,True,-1,-1,-1,-1,-1.0,-1
15858,0,-1,-1,-1,-1,True,-1,-1,-1,-1,-1.0,-1
15859,0,1,3,4,6,False,235,1,99,355,3.55,0
15860,0,1,3,4,26,True,235,1,50,306,3.06,0
15861,0,1,3,4,27,True,235,1,82,338,3.38,0
15862,0,1,3,4,9,False,134,15,57,3897,38.97,0
15863,0,1,3,4,22,True,134,15,36,3876,38.76,0
15864,0,1,3,4,6,False,51,12,16,3088,30.88,0
15865,0,1,3,4,20,True,51,11,249,3065,30.65,0
15866,0,1,3,4,24,False,89,12,28,3100,31.0,0
15867,0,1,3,4,15,True,89,12,5,3077,30.77,0
15868,0,1,3,4,20,False,74,12,116,3188,31.88,0
15869,0,1,3,4,20,True,74,12,95,3167,31.67,0
15870,0,1,3,4,31,False,9,13,130,3458,34.58,0
15871,0,1,3,4,10,True,9,13,109,3437,34.37,0
15872,0,1,3,4,16,False,53,8,229,2277,22.77,0
15873,0,1,3,4,25,True,53,8,204,2252,22.52,0
15874,0,1,3,4,2,False,1,3,0,768,7.68,167772160
15875,0,-1,-1,-1,-1,True,-1,-1,-1,-1,-1.0,-1
15876,0,-1,-1,-1,-1,True,-1,-1,-1,-1,-1.0,-1
15877,0,-1,-1,-1,-1,True,-1,-1,-1,-1,-1.0,-1
15878,0,-1,-1,-1,-1,True,-1,-1,-1,-1,-1.0,-1
15879,0,-1,-1,-1,-1,True,-1,-1,-1,-1,-1.0,-1
15880,0,-1,-1,-1,-1,True,-1,-1,-1,-1,-1.0,-1
15881,0,1,3,4,18,False,203,8,15,2063,20.63,0
15882,0,1,3,4,11,False,102,13,61,3389,33.89,0
15883,0,1,3,4,29,True,12,5,35,1315,13.15,0
15884,0,1,1,0,0,False,0,0,0,0,0.0,0
15885,0,1,0,4,38,True,14,15,28,3868,38.68,0
15886,0,1,2,4,38,True,5,10,73,2633,26.33,0
15887,0,1,3,4,16,False,193,12,146,3218,32.18,0
15888,0,1,3,4,23,True,193,12,123,3195,31.95,0
15889,0,1,3,4,11,False,6,11,0,2816,28.16,167772160
15890,0,-1,-1,-1,-1,True,-1,-1,-1,-1,-1.0,-1
15891,0,182,0,0,0,False,0,0,10,10,0.1,0
15892,0,-1,-1,-1,-1,True,-1,-1,-1,-1,-1.0,-1
15893,0,-1,-1,-1,-1,True,-1,-1,-1,-1,-1.0,-1
15894,0,-1,-1,-1,-1,True,-1,-1,-1,-1,-1.0,-1
15895,0,-1,-1,-1,-1,True,-1,-1,-1,-1,-1.0,-1
15896,0,1,3,4,4,True,203,3,182,950,9.5,0
15897,0,1,3,4,13,False,99,15,218,4058,40.58,0
15898,0,1,3,4,30,True,99,15,199,4039,40.39,0
15899,0,1,3,4,17,False,129,13,172,3500,35.0,0
15900,0,1,3,4,31,True,2,11,0,2816,28.16,167772160
15901,0,-1,-1,-1,-1,True,-1,-1,-1,-1,-1.0,-1
15902,0,-1,-1,-1,-1,True,-1,-1,-1,-1,-1.0,-1
15903,0,-1,-1,-1,-1,True,-1,-1,-1,-1,-1.0,-1
15904,0,-1,-1,-1,-1,True,-1,-1,-1,-1,-1.0,-1
15905,0,-1,-1,-1,-1,True,-1,-1,-1,-1,-1.0,-1
15906,0,1,3,4,25,False,86,13,94,3422,34.22,0
15907,0,1,3,4,29,True,86,13,73,3401,34.01,0
15908,0,1,3,4,33,False,202,0,10,10,0.1,107
15909,0,-1,-1,-1,-1,True,-1,-1,-1,-1,-1.0,-1
15910,0,1,3,4,34,True,96,10,83,2643,26.43,0
15911,0,1,3,4,29,False,229,6,229,1765,17.65,0
15912,0,1,3,4,25,True,229,6,205,1741,17.41,0
15913,0,1,3,4,15,False,151,0,13,13,0.13,0
15914,0,1,3,4,17,True,151,15,245,4085,40.85,0
15915,0,1,3,4,13,False,136,14,52,3636,36.36,0
15916,0,1,3,4,28,True,136,6,4,1540,15.4,134
15917,0,-1,-1,-1,-1,True,-1,-1,-1,-1,-1.0,-1
15918,0,1,1,4,19,True,54,4,40,1064,10.64,0
15919,0,1,3,4,49,False,28,5,143,1423,14.23,0
15920,0,1,0,1,4,False,0,0,0,0,0.0,0
15921,0,1,3,4,26,True,143,0,240,240,2.4,0
15922,0,1,3,4,9,False,11,8,0,2048,20.48,167772160
15923,0,-1,-1,-1,-1,True,-1,-1,-1,-1,-1.0,-1
15924,0,3,0,0,0,False,0,0,10,10,0.1,1763646465
15925,0,105,0,0,0,False,0,0,10,10,0.1,7169
15926,0,83,0,0,0,False,0,0,10,10,0.1,7169
15927,0,164,1,7,44,False,0,0,0,0,0.0,469830144
15928,0,-1,-1,-1,-1,True,-1,-1,-1,-1,-1.0,-1
15929,0,-1,-1,-1,-1,True,-1,-1,-1,-1,-1.0,-1
15930,0,-1,-1,-1,-1,True,-1,-1,-1,-1,-1.0,-1
15931,0,1,3,4,11,False,118,6,215,1751,17.51,0
15932,0,1,3,4,28,True,118,6,192,1728,17.28,0
15933,0,1,3,4,2,False,148,6,78,1614,16.14,0
15934,0,1,3,4,22,True,148,6,54,1590,15.9,0
15935,0,1,3,4,20,False,61,7,174,1966,19.66,0
15936,0,1,3,4,24,True,62,6,162,1698,16.98,0
15937,0,1,3,4,25,True,61,7,149,1941,19.41,0
15938,0,1,3,4,31,False,75,13,37,3365,33.65,0
15939,0,1,3,4,25,True,75,13,16,3344,33.44,0
15940,0,1,3,4,13,False,39,15,242,4082,40.82,0
15941,0,1,3,4,15,False,237,14,68,3652,36.52,0
15942,0,1,3,4,34,True,200,11,101,2917,29.17,0
15943,0,1,1,4,6,False,42,12,212,3284,32.84,0
15944,0,1,3,4,25,False,212,0,107,107,1.07,0
15945,0,1,1,4,11,True,42,12,193,3265,32.65,0
15946,0,1,3,4,21,False,28,7,41,1833,18.33,0
15947,0,1,1,4,29,False,206,9,97,2401,24.01,0
15948,0,1,0,5,28,False,156,9,5,2309,23.09,45
15949,0,1,1,4,12,True,206,0,0,0,0.0,218103808
15950,0,-1,-1,-1,-1,True,-1,-1,-1,-1,-1.0,-1
15951,0,-1,-1,-1,-1,True,-1,-1,-1,-1,-1.0,-1
15952,0,-1,-1,-1,-1,True,-1,-1,-1,-1,-1.0,-1
15953,0,-1,-1,-1,-1,True,-1,-1,-1,-1,-1.0,-1
15954,0,-1,-1,-1,-1,True,-1,-1,-1,-1,-1.0,-1
15955,0,-1,-1,-1,-1,True,-1,-1,-1,-1,-1.0,-1
15956,0,1,12,2,8,False,209,0,0,0,0.0,0
15957,0,1,3,4,20,True,98,8,187,2235,22.35,0
15958,0,1,3,4,24,False,91,14,182,3766,37.66,0
15959,0,1,3,4,33,True,91,14,163,3747,37.47,0
15960,0,1,3,4,29,False,149,12,9,3081,30.81,0
15961,0,1,3,3,9,False,224,12,0,3072,30.72,0
15962,0,1,18,4,27,False,9,12,28,3100,31.0,0
15963,0,1,3,7,55,True,13,12,28,3100,31.0,915356
15964,0,1,9,0,0,False,0,0,0,0,0.0,0
15965,0,1,3,4,31,False,199,8,103,2151,21.51,0
15966,0,1,3,4,7,True,199,8,78,2126,21.26,0
15967,0,1,3,4,8,True,199,10,253,2813,28.13,0
15968,0,1,3,4,29,False,26,13,79,3407,34.07,0
15969,0,1,3,4,31,True,26,13,59,3387,33.87,0
15970,0,1,3,4,9,False,130,4,73,1097,10.97,0
15971,0,1,3,4,26,True,130,4,54,1078,10.78,0
15972,0,1,3,4,2,False,211,11,156,2972,29.72,0
15973,0,1,3,4,3,False,6,11,0,2816,28.16,167772160
15974,0,-1,-1,-1,-1,True,-1,-1,-1,-1,-1.0,-1
15975,0,216,0,0,0,False,0,0,10,10,0.1,0
15976,0,-1,-1,-1,-1,True,-1,-1,-1,-1,-1.0,-1
15977,0,12,1,3,60,True,0,0,0,0,0.0,469830144
15978,0,-1,-1,-1,-1,True,-1,-1,-1,-1,-1.0,-1
15979,0,-1,-1,-1,-1,True,-1,-1,-1,-1,-1.0,-1
15980,0,-1,-1,-1,-1,True,-1,-1,-1,-1,-1.0,-1
15981,0,-1,-1,-1,-1,True,-1,-1,-1,-1,-1.0,-1
15982,0,1,3,4,18,False,92,2,39,551,5.51,0
15983,0,1,3,4,23,True,92,8,0,2048,20.48,101
15984,0,-1,-1,-1,-1,True,-1,-1,-1,-1,-1.0,-1
15985,0,1,3,4,30,True,198,8,102,2150,21.5,0
15986,0,1,1,4,22,True,136,0,82,82,0.82,0
15987,0,1,3,4,15,False,78,14,227,3811,38.11,0
15988,0,1,3,4,23,True,78,14,205,3789,37.89,0
15989,0,1,3,4,28,False,254,1,14,270,2.7,212
15990,0,-1,-1,-1,-1,True,-1,-1,-1,-1,-1.0,-1
15991,0,1,3,4,20,True,193,14,188,3772,37.72,0
15992,0,1,3,4,11,False,168,3,163,931,9.31,0
15993,0,1,3,4,12,True,167,3,142,910,9.1,0
15994,0,1,3,4,32,False,15,12,73,3145,31.45,0
15995,0,1,3,4,34,True,15,12,49,3121,31.21,0
15996,0,1,3,4,16,False,95,9,22,2326,23.26,0
15997,0,1,3,4,23,False,18,6,161,1697,16.97,0
15998,0,1,3,4,31,True,18,6,140,1676,16.76,0
15999,0,1,3,4,33,False,254,5,11,1291,12.91,0
16000,0,1,3,4,26,True,254,4,247,1271,12.71,0
16001,0,1,3,4,16,False,6,10,204,2764,27.64,0
16002,0,1,3,4,23,True,6,10,181,2741,27.41,0
16003,0,1,3,4,30,False,224,2,7,519,5.19,0
16004,0,1,3,4,20,True,101,15,240,4080,40.8,0
16005,0,1,3,4,8,False,180,6,152,1688,16.88,0
16006,0,1,3,4,19,True,205,3,89,857,8.57,0
16007,0,1,3,4,13,False,99,14,105,3689,36.89,0
16008,0,1,3,4,31,True,99,14,87,3671,36.71,0
16009,0,1,3,4,15,False,39,10,64,2624,26.24,0
16010,0,1,2,4,30,False,99,5,78,1358,13.58,0
16011,0,1,3,4,25,True,39,10,43,2603,26.03,0
16012,0,1,2,4,29,True,14,10,0,2560,25.6,167772160
16013,0,-1,-1,-1,-1,True,-1,-1,-1,-1,-1.0,-1
16014,0,64,0,0,0,False,0,0,10,10,0.1,471604225
16015,0,-1,-1,-1,-1,True,-1,-1,-1,-1,-1.0,-1
16016,0,-1,-1,-1,-1,True,-1,-1,-1,-1,-1.0,-1
16017,0,1,3,4,20,False,173,12,226,3298,32.98,0
16018,0,1,3,4,45,True,12,2,4,516,5.16,0
16019,0,1,3,5,47,True,7,10,4,2564,25.64,150
16020,0,1,3,5,7,False,64,4,25,1049,10.49,149
16021,0,1,3,0,0,False,0,0,0,0,0.0,0
16022,0,1,3,4,4,False,26,5,15,1295,12.95,0
16023,0,1,3,1,4,False,0,0,0,0,0.0,0
16024,0,1,3,3,21,True,15,1,0,256,2.56,0
16025,0,1,3,4,25,False,157,7,26,1818,18.18,0
16026,0,1,3,4,11,True,157,7,4,1796,17.96,0
16027,0,1,3,4,17,False,157,5,50,1330,13.3,0
16028,0,1,1,4,32,False,123,3,194,962,9.62,0
16029,0,1,3,4,23,True,157,2,6,518,5.18,58
16030,0,-1,-1,-1,-1,True,-1,-1,-1,-1,-1.0,-1
16031,0,1,3,4,4,True,238,8,211,2259,22.59,0
16032,0,1,3,4,6,True,98,6,38,1574,15.74,0
16033,0,1,3,4,10,False,222,14,162,3746,37.46,0
16034,0,1,3,4,16,True,222,14,139,3723,37.23,0
16035,0,1,3,4,9,False,91,12,133,3205,32.05,0
16036,0,1,3,4,32,True,91,12,115,3187,31.87,0
16037,0,1,3,4,27,False,11,14,94,3678,36.78,0
16038,0,1,3,4,32,True,11,14,71,3655,36.55,0
16039,0,1,3,4,31,False,191,14,162,3746,37.46,0
16040,0,1,1,4,2,False,8,3,241,1009,10.09,0
16041,0,1,3,4,14,True,191,14,140,3724,37.24,0
16042,0,1,1,4,3,False,128,14,89,3673,36.73,0
16043,0,1,3,4,9,True,128,14,66,3650,36.5,0
16044,0,1,3,4,23,False,4,4,0,1024,10.24,167772160
16045,0,-1,-1,-1,-1,True,-1,-1,-1,-1,-1.0,-1
16046,0,-1,-1,-1,-1,True,-1,-1,-1,-1,-1.0,-1
16047,0,-1,-1,-1,-1,True,-1,-1,-1,-1,-1.0,-1
16048,0,1,3,4,21,False,86,13,155,3483,34.83,0
16049,0,1,3,4,25,True,86,13,132,3460,34.6,0
16050,0,1,3,4,30,False,6,3,242,1010,10.1,0
16051,0,1,3,4,3,True,5,3,220,988,9.88,0
16052,0,1,3,4,28,False,36,4,88,1112,11.12,0
16053,0,1,3,4,23,True,14,4,175,1199,11.99,0
16054,0,1,3,4,19,True,14,4,154,1178,11.78,0
16055,0,1,3,4,26,False,10,10,104,2664,26.64,0
16056,0,1,3,4,18,True,10,10,82,2642,26.42,0
16057,0,1,3,4,3,False,4,13,0,3328,33.28,167772160
16058,0,-1,-1,-1,-1,True,-1,-1,-1,-1,-1.0,-1
16059,0,63,0,0,0,False,0,0,10,10,0.1,1671568385
16060,0,-1,-1,-1,-1,True,-1,-1,-1,-1,-1.0,-1
16061,0,-1,-1,-1,-1,True,-1,-1,-1,-1,-1.0,-1
16062,0,-1,-1,-1,-1,True,-1,-1,-1,-1,-1.0,-1
16063,0,1,3,4,0,False,46,13,161,3489,34.89,0
16064,0,1,3,4,34,True,46,13,136,3464,34.64,0
16065,0,1,3,4,29,False,113,15,229,4069,40.69,0
16066,0,1,3,4,23,True,113,15,206,4046,40.46,0
16067,0,1,3,4,20,False,203,1,174,430,4.3,0
16068,0,1,3,4,21,False,204,15,147,3987,39.87,0
16069,0,1,3,4,27,True,203,1,149,405,4.05,0
16070,0,1,3,4,27,False,75,14,134,3718,37.18,0
16071,0,1,3,4,14,True,2,11,0,2816,28.16,167772160
16072,0,-1,-1,-1,-1,True,-1,-1,-1,-1,-1.0,-1
16073,0,-1,-1,-1,-1,True,-1,-1,-1,-1,-1.0,-1
16074,0,1,3,4,27,False,124,15,30,3870,38.7,0
16075,0,1,3,4,29,True,43,0,33,33,0.33,0
16076,0,1,3,4,29,True,119,2,60,572,5.72,0
16077,0,1,3,4,17,False,119,7,123,1915,19.15,0
16078,0,1,3,4,28,True,120,4,14,1038,10.38,19
16079,0,-1,-1,-1,-1,True,-1,-1,-1,-1,-1.0,-1
16080,0,1,3,4,32,True,132,13,180,3508,35.08,0
16081,0,1,3,4,17,False,13,6,239,1775,17.75,0
16082,0,1,3,4,30,True,13,6,219,1755,17.55,0
16083,0,1,3,4,13,False,167,9,75,2379,23.79,0
16084,0,1,3,4,14,True,167,10,5,2565,25.65,208
16085,0,-1,-1,-1,-1,True,-1,-1,-1,-1,-1.0,-1
16086,0,1,3,4,9,True,170,6,29,1565,15.65,0
16087,0,1,3,4,23,False,1,13,0,3328,33.28,167772160
16088,0,-1,-1,-1,-1,True,-1,-1,-1,-1,-1.0,-1
16089,0,136,0,0,0,False,0,0,10,10,0.1,9772033
16090,0,114,0,0,0,False,0,0,10,10,0.1,2104321
16091,0,-1,-1,-1,-1,True,-1,-1,-1,-1,-1.0,-1
16092,0,-1,-1,-1,-1,True,-1,-1,-1,-1,-1.0,-1
16093,0,-1,-1,-1,-1,True,-1,-1,-1,-1,-1.0,-1
16094,0,-1,-1,-1,-1,True,-1,-1,-1,-1,-1.0,-1
16095,0,-1,-1,-1,-1,True,-1,-1,-1,-1,-1.0,-1
16096,0,1,3,4,32,True,254,11,14,2830,28.3,186
16097,0,-1,-1,-1,-1,True,-1,-1,-1,-1,-1.0,-1
16098,0,1,2,4,29,False,143,4,145,1169,11.69,0
16099,0,1,3,4,31,True,187,14,168,3752,37.52,0
16100,0,1,2,4,30,True,143,4,124,1148,11.48,0
16101,0,1,3,4,33,False,124,1,161,417,4.17,0
16102,0,1,3,4,28,True,124,1,140,396,3.96,0
16103,0,1,3,4,26,False,28,0,155,155,1.55,0
16104,0,1,3,4,27,True,28,0,132,132,1.32,0
16105,0,1,3,4,17,False,237,3,243,1011,10.11,0
16106,0,1,3,4,20,True,237,10,85,2645,26.45,0
16107,0,1,3,4,14,False,235,12,48,3120,31.2,0
16108,0,1,3,4,20,True,235,15,9,3849,38.49,231
16109,0,-1,-1,-1,-1,True,-1,-1,-1,-1,-1.0,-1
16110,0,1,3,4,32,False,191,14,41,3625,36.25,0
16111,0,1,3,4,33,True,2,4,0,1024,10.24,167772160
16112,0,-1,-1,-1,-1,True,-1,-1,-1,-1,-1.0,-1
16113,0,120,1,1,35,True,0,0,0,0,0.0,469830144
16114,0,204,0,0,0,False,0,0,10,10,0.1,1514497
16115,0,188,0,0,0,False,0,0,10,10,0.1,3365805057
16116,0,-1,-1,-1,-1,True,-1,-1,-1,-1,-1.0,-1
16117,0,-1,-1,-1,-1,True,-1,-1,-1,-1,-1.0,-1
16118,0,-1,-1,-1,-1,True,-1,-1,-1,-1,-1.0,-1
16119,0,-1,-1,-1,-1,True,-1,-1,-1,-1,-1.0,-1
16120,0,1,3,4,26,True,32,10,136,2696,26.96,0
16121,0,1,3,4,27,True,7,3,0,768,7.68,167772160
16122,0,-1,-1,-1,-1,True,-1,-1,-1,-1,-1.0,-1
16123,0,-1,-1,-1,-1,True,-1,-1,-1,-1,-1.0,-1
16124,0,-1,-1,-1,-1,True,-1,-1,-1,-1,-1.0,-1
16125,0,-1,-1,-1,-1,True,-1,-1,-1,-1,-1.0,-1
16126,0,-1,-1,-1,-1,True,-1,-1,-1,-1,-1.0,-1
16127,0,1,3,4,19,False,1,14,3,3587,35.87,4
16128,0,-1,-1,-1,-1,True,-1,-1,-1,-1,-1.0,-1
16129,0,1,3,3,62,True,6,9,0,2304,23.04,0
16130,0,1,3,4,20,True,254,5,254,1534,15.34,0
16131,0,1,3,4,26,False,207,6,130,1666,16.66,0
16132,0,1,3,4,33,True,207,9,56,2360,23.6,0
16133,0,1,3,4,15,False,146,3,159,927,9.27,0
16134,0,1,3,4,23,True,146,3,136,904,9.04,0
16135,0,1,3,4,24,False,205,9,139,2443,24.43,0
16136,0,1,3,4,30,True,205,9,118,2422,24.22,0
16137,0,1,3,4,25,False,35,12,204,3276,32.76,0
16138,0,1,3,4,30,True,36,10,135,2695,26.95,0
16139,0,1,3,4,24,False,35,6,210,1746,17.46,0
16140,0,1,3,4,26,False,35,6,141,1677,16.77,0
16141,0,1,3,4,31,True,8,15,0,3840,38.4,167772160
16142,0,-1,-1,-1,-1,True,-1,-1,-1,-1,-1.0,-1
16143,0,89,0,0,0,False,0,0,10,10,0.1,7169
16144,0,116,1,0,12,True,0,0,0,0,0.0,469830144
16145,0,-1,-1,-1,-1,True,-1,-1,-1,-1,-1.0,-1
16146,0,-1,-1,-1,-1,True,-1,-1,-1,-1,-1.0,-1
16147,0,-1,-1,-1,-1,True,-1,-1,-1,-1,-1.0,-1
16148,0,1,3,4,8,False,134,11,48,2864,28.64,0
16149,0,1,3,4,32,True,134,11,30,2846,28.46,0
16150,0,1,3,4,16,False,78,8,241,2289,22.89,0
16151,0,1,3,4,19,True,78,8,218,2266,22.66,0
16152,0,1,3,4,7,False,213,13,252,3580,35.8,0
16153,0,1,3,4,10,False,101,9,164,2468,24.68,0
16154,0,1,3,4,26,True,101,9,142,2446,24.46,0
16155,0,1,3,4,30,False,131,11,167,2983,29.83,0
16156,0,1,3,4,25,True,131,11,144,2960,29.6,0
16157,0,1,3,4,24,False,229,8,228,2276,22.76,0
16158,0,1,3,4,34,True,229,10,2,2562,25.62,163
16159,0,-1,-1,-1,-1,True,-1,-1,-1,-1,-1.0,-1
16160,0,1,3,4,18,False,11,12,147,3219,32.19,0
16161,0,1,3,4,13,True,11,12,126,3198,31.98,0
16162,0,1,3,4,15,False,37,8,173,2221,22.21,0
16163,0,1,3,4,33,True,11,10,0,2560,25.6,167772160
16164,0,-1,-1,-1,-1,True,-1,-1,-1,-1,-1.0,-1
16165,0,243,0,0,47,True,0,0,0,0,0.0,469830144
16166,0,52,0,0,0,False,0,0,10,10,0.1,7169
16167,0,31,0,0,0,False,0,0,10,10,0.1,7169
16168,0,-1,-1,-1,-1,True,-1,-1,-1,-1,-1.0,-1
16169,0,-1,-1,-1,-1,True,-1,-1,-1,-1,-1.0,-1
16170,0,-1,-1,-1,-1,True,-1,-1,-1,-1,-1.0,-1
16171,0,-1,-1,-1,-1,True,-1,-1,-1,-1,-1.0,-1
16172,0,-1,-1,-1,-1,True,-1,-1,-1,-1,-1.0,-1
16173,0,1,3,4,29,False,218,15,154,3994,39.94,0
16174,0,1,3,4,20,True,8,15,0,3840,38.4,93
16175,0,-1,-1,-1,-1,True,-1,-1,-1,-1,-1.0,-1
16176,0,1,3,4,11,False,248,7,21,1813,18.13,0
16177,0,1,3,4,33,True,179,13,34,3362,33.62,0
16178,0,1,3,4,0,False,9,8,51,2099,20.99,0
16179,0,1,3,4,34,True,9,8,27,2075,20.75,0
16180,0,1,3,4,11,False,109,8,154,2202,22.02,0
16181,0,1,1,4,5,False,169,3,56,824,8.24,0
16182,0,1,3,4,20,True,109,15,249,4089,40.89,0
16183,0,1,3,4,31,True,242,15,231,4071,40.71,0
16184,0,1,3,4,28,False,59,15,155,3995,39.95,0
16185,0,1,3,4,29,False,60,1,90,346,3.46,0
16186,0,1,3,4,13,True,59,1,74,330,3.3,0
16187,0,1,3,4,8,False,80,7,63,1855,18.55,0
16188,0,1,3,4,25,True,80,7,40,1832,18.32,0
16189,0,1,3,4,6,False,107,6,79,1615,16.15,0
16190,0,1,3,4,21,True,107,6,57,1593,15.93,0
16191,0,1,3,4,26,False,26,8,14,2062,20.62,0
16192,0,1,3,4,22,True,26,14,178,3762,37.62,0
16193,0,1,3,4,27,False,235,5,229,1509,15.09,0
16194,0,1,3,4,27,True,235,15,1,3841,38.41,123
16195,0,-1,-1,-1,-1,True,-1,-1,-1,-1,-1.0,-1
16196,0,1,3,4,29,False,246,13,156,3484,34.84,0
16197,0,1,3,4,23,True,246,13,133,3461,34.61,0
16198,0,1,3,4,13,False,38,5,192,1472,14.72,0
16199,0,1,3,4,11,True,38,5,171,1451,14.51,0
16200,0,1,3,4,24,False,143,3,127,895,8.95,0
16201,0,1,3,4,24,True,248,1,125,381,3.81,0
16202,0,1,3,4,17,True,248,1,102,358,3.58,0
16203,0,1,3,4,28,False,172,2,179,691,6.91,0
16204,0,1,3,4,29,False,166,2,163,675,6.75,0
16205,0,1,3,4,18,True,166,2,141,653,6.53,0
16206,0,1,3,4,14,False,148,7,90,1882,18.82,0
16207,0,1,3,4,30,True,148,7,66,1858,18.58,0
16208,0,1,3,4,10,False,13,13,0,3328,33.28,64
16209,0,-1,-1,-1,-1,True,-1,-1,-1,-1,-1.0,-1
16210,0,1,3,4,26,False,248,11,150,2966,29.66,0
16211,0,1,3,4,33,True,248,11,130,2946,29.46,0
16212,0,1,3,4,22,True,72,8,15,2063,20.63,0
16213,0,1,3,4,28,False,71,15,163,4003,40.03,0
16214,0,1,3,4,20,True,71,15,140,3980,39.8,0
16215,0,1,3,4,22,False,230,6,154,1690,16.9,0
16216,0,1,3,4,17,True,229,6,131,1667,16.67,0
16217,0,1,3,4,31,False,79,5,197,1477,14.77,0
16218,0,1,3,4,16,True,79,5,177,1457,14.57,0
16219,0,1,3,4,18,False,75,12,180,3252,32.52,0
16220,0,1,3,4,32,True,75,12,159,3231,32.31,0
16221,0,1,3,4,22,False,94,14,222,3806,38.06,0
16222,0,1,3,4,17,True,94,7,1,1793,17.93,22
16223,0,-1,-1,-1,-1,True,-1,-1,-1,-1,-1.0,-1
16224,0,1,3,4,17,True,231,0,251,251,2.51,0
16225,0,1,3,4,19,False,126,5,12,1292,12.92,0
16226,0,1,3,4,13,True,126,4,248,1272,12.72,0
16227,0,1,3,4,18,False,150,5,190,1470,14.7,0
16228,0,1,3,4,33,True,150,5,170,1450,14.5,0
16229,0,1,3,4,0,False,10,13,0,3328,33.28,167772160
16230,0,-1,-1,-1,-1,True,-1,-1,-1,-1,-1.0,-1
16231,0,168,0,0,0,False,0,0,10,10,0.1,3491765249
16232,0,-1,-1,-1,-1,True,-1,-1,-1,-1,-1.0,-1
16233,0,-1,-1,-1,-1,True,-1,-1,-1,-1,-1.0,-1
16234,0,-1,-1,-1,-1,True,-1,-1,-1,-1,-1.0,-1
16235,0,-1,-1,-1,-1,True,-1,-1,-1,-1,-1.0,-1
16236,0,-1,-1,-1,-1,True,-1,-1,-1,-1,-1.0,-1
16237,0,1,3,4,13,False,60,2,228,740,7.4,0
16238,0,1,3,4,15,True,60,2,206,718,7.18,0
16239,0,1,3,4,26,False,18,5,19,1299,12.99,0
16240,0,1,3,4,27,True,18,4,253,1277,12.77,0
16241,0,1,3,4,21,True,88,6,47,1583,15.83,0
16242,0,1,3,4,8,False,85,11,176,2992,29.92,0
16243,0,1,3,4,20,True,85,3,189,957,9.57,0
16244,0,1,3,4,31,False,214,1,106,362,3.62,0
16245,0,1,2,4,29,False,47,15,233,4073,40.73,0
16246,0,1,3,4,15,True,213,1,86,342,3.42,0
16247,0,1,2,4,19,True,47,15,207,4047,40.47,0
16248,0,1,3,4,29,False,156,2,69,581,5.81,0
16249,0,1,3,4,19,True,156,2,46,558,5.58,0
16250,0,1,3,4,22,False,108,12,202,3274,32.74,0
16251,0,1,3,4,17,False,82,6,55,1591,15.91,0
16252,0,1,3,4,27,True,181,3,69,837,8.37,0
16253,0,1,3,4,15,False,235,1,161,417,4.17,0
16254,0,1,3,4,22,True,235,1,140,396,3.96,0
16255,0,1,3,4,30,False,176,11,211,3027,30.27,0
16256,0,1,3,4,22,True,176,11,186,3002,30.02,0
16257,0,1,3,4,22,False,225,10,133,2693,26.93,0
16258,0,1,3,4,21,True,225,10,110,2670,26.7,0
16259,0,1,3,4,18,False,48,9,41,2345,23.45,0
16260,0,1,3,4,28,True,48,9,21,2325,23.25,0
16261,0,1,3,4,19,False,40,1,156,412,4.12,0
16262,0,1,3,4,20,False,40,2,57,569,5.69,0
16263,0,1,3,4,22,False,139,9,13,2317,23.17,0
16264,0,1,3,4,9,True,40,1,136,392,3.92,0
16265,0,1,3,4,10,True,40,2,31,543,5.43,0
16266,0,1,3,4,20,True,88,2,175,687,6.87,0
16267,0,1,3,4,32,True,88,2,154,666,6.66,0
16268,0,1,3,4,32,False,49,14,254,3838,38.38,0
16269,0,1,3,4,21,True,49,12,13,3085,30.85,7322
16270,0,-1,-1,-1,-1,True,-1,-1,-1,-1,-1.0,-1
16271,0,-1,-1,-1,-1,True,-1,-1,-1,-1,-1.0,-1
16272,0,1,1,4,18,True,163,2,2,514,5.14,0
16273,0,1,3,2,26,True,6,0,0,0,0.0,0
16274,0,1,10,7,28,False,148,10,6,2566,25.66,1449025
16275,0,1,14,4,0,False,83,12,152,3224,32.24,0
16276,0,1,14,3,0,False,60,12,0,3072,30.72,0
16277,0,1,3,6,53,False,10,4,28,1052,10.52,13720
16278,0,1,1,2,12,False,28,0,0,0,0.0,0
16279,0,1,2,7,12,True,15,9,28,2332,23.32,1019042
16280,0,1,0,2,28,False,26,0,0,0,0.0,0
16281,0,-1,-1,-1,-1,True,-1,-1,-1,-1,-1.0,-1
16282,0,-1,-1,-1,-1,True,-1,-1,-1,-1,-1.0,-1
16283,0,-1,-1,-1,-1,True,-1,-1,-1,-1,-1.0,-1
16284,0,-1,-1,-1,-1,True,-1,-1,-1,-1,-1.0,-1
16285,0,1,3,4,31,True,9,2,166,678,6.78,0
16286,0,1,3,4,32,False,85,6,93,1629,16.29,0
16287,0,1,3,4,3,True,84,6,72,1608,16.08,0
16288,0,1,3,4,33,False,139,13,60,3388,33.88,0
16289,0,1,3,4,6,True,160,12,0,3072,30.72,100663296
16290,0,-1,-1,-1,-1,True,-1,-1,-1,-1,-1.0,-1
16291,0,-1,-1,-1,-1,True,-1,-1,-1,-1,-1.0,-1
16292,0,-1,-1,-1,-1,True,-1,-1,-1,-1,-1.0,-1
16293,0,-1,-1,-1,-1,True,-1,-1,-1,-1,-1.0,-1
16294,0,-1,-1,-1,-1,True,-1,-1,-1,-1,-1.0,-1
16295,0,1,2,4,3,False,190,12,8,3080,30.8,0
16296,0,1,7,6,1,False,101,12,7,3079,30.79,3388
16297,0,1,24,2,28,False,135,0,0,0,0.0,0
16298,0,1,7,4,13,False,176,12,17,3089,30.89,0
16299,0,1,8,6,8,False,49,12,142,3214,32.14,2118
16300,0,1,3,4,28,False,23,7,10,1802,18.02,0
16301,0,1,22,6,28,False,21,13,2,3330,33.3,42
16302,0,-1,-1,-1,-1,True,-1,-1,-1,-1,-1.0,-1
16303,0,-1,-1,-1,-1,True,-1,-1,-1,-1,-1.0,-1
16304,0,-1,-1,-1,-1,True,-1,-1,-1,-1,-1.0,-1
16305,0,-1,-1,-1,-1,True,-1,-1,-1,-1,-1.0,-1
16306,0,-1,-1,-1,-1,True,-1,-1,-1,-1,-1.0,-1
16307,0,1,3,4,0,False,37,9,195,2499,24.99,0
16308,0,1,3,4,10,True,37,9,171,2475,24.75,0
16309,0,1,3,4,9,False,236,13,97,3425,34.25,0
16310,0,1,3,4,10,False,236,8,0,2048,20.48,167772160
16311,0,-1,-1,-1,-1,True,-1,-1,-1,-1,-1.0,-1
16312,0,14,8,6,0,False,0,0,0,0,0.0,266
16313,0,199,0,0,0,False,0,0,10,10,0.1,2585664513
16314,0,-1,-1,-1,-1,True,-1,-1,-1,-1,-1.0,-1
16315,0,-1,-1,-1,-1,True,-1,-1,-1,-1,-1.0,-1
16316,0,-1,-1,-1,-1,True,-1,-1,-1,-1,-1.0,-1
16317,0,-1,-1,-1,-1,True,-1,-1,-1,-1,-1.0,-1
16318,0,1,3,4,26,True,154,0,0,0,0.0,17432576
16319,0,162,0,1,63,False,0,0,0,0,0.0,469830144
16320,0,187,0,0,0,False,0,0,10,10,0.1,228006913
16321,0,-1,-1,-1,-1,True,-1,-1,-1,-1,-1.0,-1
16322,0,1,3,4,34,True,53,13,71,3399,33.99,0
16323,0,1,3,4,28,False,229,2,143,655,6.55,0
16324,0,1,3,4,30,False,229,5,7,1287,12.87,0
16325,0,1,3,4,29,True,229,4,240,1264,12.64,0
16326,0,1,3,4,32,True,229,2,121,633,6.33,0
16327,0,1,3,4,27,False,180,6,203,1739,17.39,0
16328,0,1,3,4,29,True,180,6,178,1714,17.14,0
16329,0,1,3,4,33,False,64,7,14,1806,18.06,0
16330,0,1,3,4,19,True,33,6,250,1786,17.86,0
16331,0,1,3,4,27,False,4,9,233,2537,25.37,0
16332,0,1,3,4,27,True,4,9,211,2515,25.15,0
16333,0,1,3,4,31,False,160,4,238,1262,12.62,0
16334,0,1,3,4,30,True,94,4,216,1240,12.4,0
16335,0,1,3,4,21,False,206,11,58,2874,28.74,0
16336,0,1,3,4,19,False,7,8,250,2298,22.98,0
16337,0,1,3,4,12,True,7,10,1,2561,25.61,35298332
16338,0,-1,-1,-1,-1,True,-1,-1,-1,-1,-1.0,-1
16339,0,-1,-1,-1,-1,True,-1,-1,-1,-1,-1.0,-1
16340,0,-1,-1,-1,-1,True,-1,-1,-1,-1,-1.0,-1
16341,0,-1,-1,-1,-1,True,-1,-1,-1,-1,-1.0,-1
16342,0,1,3,4,32,False,186,4,1,1025,10.25,181
16343,0,-1,-1,-1,-1,True,-1,-1,-1,-1,-1.0,-1
16344,0,1,3,4,24,False,89,13,185,3513,35.13,0
16345,0,1,3,4,23,False,18,15,210,4050,40.5,0
16346,0,1,1,4,22,True,223,11,158,2974,29.74,0
16347,0,1,3,4,15,False,6,1,0,256,2.56,167772160
16348,0,-1,-1,-1,-1,True,-1,-1,-1,-1,-1.0,-1
16349,0,-1,-1,-1,-1,True,-1,-1,-1,-1,-1.0,-1
16350,0,-1,-1,-1,-1,True,-1,-1,-1,-1,-1.0,-1
16351,0,-1,-1,-1,-1,True,-1,-1,-1,-1,-1.0,-1
16352,0,-1,-1,-1,-1,True,-1,-1,-1,-1,-1.0,-1
16353,0,1,2,4,30,False,122,9,131,2435,24.35,0
16354,0,1,3,4,61,False,61,12,18,3090,30.9,0
16355,0,1,11,6,1,False,20,12,147,3219,32.19,469893585
16356,0,-1,-1,-1,-1,True,-1,-1,-1,-1,-1.0,-1
16357,0,-1,-1,-1,-1,True,-1,-1,-1,-1,-1.0,-1
16358,0,1,3,5,62,True,200,14,22,3606,36.06,0
16359,0,-1,-1,-1,-1,True,-1,-1,-1,-1,-1.0,-1
16360,0,139,0,0,0,False,0,0,10,10,0.1,7169
16361,0,121,0,0,0,False,0,0,10,10,0.1,7169
16362,0,180,0,0,0,False,0,0,10,10,0.1,1905925121
16363,0,-1,-1,-1,-1,True,-1,-1,-1,-1,-1.0,-1
16364,0,-1,-1,-1,-1,True,-1,-1,-1,-1,-1.0,-1
16365,0,-1,-1,-1,-1,True,-1,-1,-1,-1,-1.0,-1
16366,0,-1,-1,-1,-1,True,-1,-1,-1,-1,-1.0,-1
16367,0,1,3,4,12,True,113,13,24,3352,33.52,0
16368,0,1,3,4,29,False,83,15,170,4010,40.1,0
16369,0,1,3,4,20,True,83,15,149,3989,39.89,0
16370,0,1,3,4,30,False,47,0,89,89,0.89,0
16371,0,1,3,4,13,True,47,0,65,65,0.65,0
16372,0,1,3,4,6,False,128,4,143,1167,11.67,0
16373,0,1,3,4,29,True,128,5,2,1282,12.82,186
16374,0,-1,-1,-1,-1,True,-1,-1,-1,-1,-1.0,-1
16375,0,1,3,4,34,True,229,13,171,3499,34.99,0
16376,0,1,3,4,32,False,156,12,5,3077,30.77,0
16377,0,1,3,4,34,True,156,11,237,3053,30.53,0
16378,0,1,3,4,18,False,108,2,47,559,5.59,0
16379,0,1,3,4,22,True,108,2,24,536,5.36,0
16380,0,1,3,4,23,False,9,2,0,512,5.12,167772160
16381,0,-1,-1,-1,-1,True,-1,-1,-1,-1,-1.0,-1
16382,0,121,0,0,0,False,0,0,10,10,0.1,1186817
16383,0,101,0,0,0,False,0,0,10,10,0.1,0
16384,0,-1,-1,-1,-1,True,-1,-1,-1,-1,-1.0,-1
16385,0,80,0,0,0,False,0,0,10,10,0.1,0
16386,0,-1,-1,-1,-1,True,-1,-1,-1,-1,-1.0,-1
16387,0,208,0,0,0,False,0,0,10,10,0.1,1872894977
16388,0,-1,-1,-1,-1,True,-1,-1,-1,-1,-1.0,-1
16389,0,-1,-1,-1,-1,True,-1,-1,-1,-1,-1.0,-1
16390,0,-1,-1,-1,-1,True,-1,-1,-1,-1,-1.0,-1
16391,0,-1,-1,-1,-1,True,-1,-1,-1,-1,-1.0,-1
16392,0,1,3,4,19,False,110,12,126,3198,31.98,0
16393,0,1,3,4,18,False,38,5,70,1350,13.5,0
16394,0,1,3,4,9,True,38,5,50,1330,13.3,0
16395,0,1,3,4,14,False,4,14,0,3584,35.84,167772160
16396,0,-1,-1,-1,-1,True,-1,-1,-1,-1,-1.0,-1
16397,0,-1,-1,-1,-1,True,-1,-1,-1,-1,-1.0,-1
16398,0,-1,-1,-1,-1,True,-1,-1,-1,-1,-1.0,-1
16399,0,1,3,4,19,False,37,9,6,2310,23.1,203
16400,0,-1,-1,-1,-1,True,-1,-1,-1,-1,-1.0,-1
16401,0,1,3,4,25,True,169,6,179,1715,17.15,0
16402,0,1,1,4,30,False,74,4,150,1174,11.74,0
16403,0,1,3,4,27,False,183,12,120,3192,31.92,0
16404,0,1,3,4,16,False,239,13,130,3458,34.58,0
16405,0,1,3,4,21,True,239,13,107,3435,34.35,0
16406,0,1,3,4,26,False,8,8,147,2195,21.95,0
16407,0,1,3,4,19,True,8,8,127,2175,21.75,0
16408,0,1,3,4,21,False,32,15,91,3931,39.31,0
16409,0,1,3,4,24,True,32,15,68,3908,39.08,0
16410,0,1,3,4,16,False,177,11,68,2884,28.84,0
16411,0,1,3,4,14,True,177,11,43,2859,28.59,0
16412,0,1,3,4,15,True,177,8,71,2119,21.19,0
16413,0,1,3,4,31,False,167,6,208,1744,17.44,0
16414,0,1,3,4,18,True,92,1,131,387,3.87,0
16415,0,1,3,4,25,False,77,14,70,3654,36.54,0
16416,0,1,3,4,5,True,77,14,50,3634,36.34,0
16417,0,1,3,4,24,False,35,11,56,2872,28.72,0
16418,0,1,3,4,23,True,35,11,32,2848,28.48,0
16419,0,1,3,4,22,False,90,4,155,1179,11.79,0
16420,0,1,3,4,23,False,84,15,228,4068,40.68,0
16421,0,1,3,4,21,True,84,13,0,3328,33.28,124
16422,0,-1,-1,-1,-1,True,-1,-1,-1,-1,-1.0,-1
16423,0,1,3,4,3,False,125,3,190,958,9.58,0
16424,0,1,3,4,25,True,125,0,102,102,1.02,0
16425,0,1,3,4,26,True,125,3,168,936,9.36,0
16426,0,1,3,4,25,False,169,10,64,2624,26.24,0
16427,0,1,3,4,31,True,169,6,1,1537,15.37,16
16428,0,-1,-1,-1,-1,True,-1,-1,-1,-1,-1.0,-1
16429,0,1,3,4,19,False,117,0,136,136,1.36,0
16430,0,1,3,4,34,True,239,4,123,1147,11.47,0
16431,0,1,3,4,18,True,239,4,103,1127,11.27,0
16432,0,1,3,4,23,False,10,13,0,3328,33.28,117440512
16433,0,-1,-1,-1,-1,True,-1,-1,-1,-1,-1.0,-1
16434,0,-1,-1,-1,-1,True,-1,-1,-1,-1,-1.0,-1
16435,0,-1,-1,-1,-1,True,-1,-1,-1,-1,-1.0,-1
16436,0,-1,-1,-1,-1,True,-1,-1,-1,-1,-1.0,-1
16437,0,-1,-1,-1,-1,True,-1,-1,-1,-1,-1.0,-1
16438,0,1,19,1,61,False,0,0,0,0,0.0,0
16439,0,1,1,0,0,False,0,0,0,0,0.0,0
16440,0,1,2,4,7,False,29,0,0,0,0.0,17432576
16441,0,91,0,0,0,False,0,0,10,10,0.1,2392792065
16442,0,-1,-1,-1,-1,True,-1,-1,-1,-1,-1.0,-1
16443,0,-1,-1,-1,-1,True,-1,-1,-1,-1,-1.0,-1
16444,0,-1,-1,-1,-1,True,-1,-1,-1,-1,-1.0,-1
16445,0,-1,-1,-1,-1,True,-1,-1,-1,-1,-1.0,-1
16446,0,1,3,4,23,False,80,6,206,1742,17.42,0
16447,0,1,2,4,6,False,147,9,69,2373,23.73,0
16448,0,1,3,4,30,True,80,6,184,1720,17.2,0
16449,0,1,2,4,27,True,147,9,51,2355,23.55,0
16450,0,1,3,4,0,False,160,1,229,485,4.85,0
16451,0,1,3,4,22,True,160,1,204,460,4.6,0
16452,0,1,3,4,31,False,12,10,28,2588,25.88,0
16453,0,1,1,4,54,False,0,7,28,1820,18.2,0
16454,0,1,17,7,54,False,0,0,28,28,0.28,234263
16455,0,1,18,6,28,False,143,3,3,771,7.71,7296
16456,0,1,4,0,0,False,0,0,0,0,0.0,0
16457,0,1,20,5,11,False,170,12,146,3218,32.18,165
16458,0,1,1,3,20,True,11,13,0,3328,33.28,0
16459,0,1,3,4,11,False,90,0,223,223,2.23,0
16460,0,1,2,4,31,False,233,1,253,509,5.09,0
16461,0,1,3,4,23,True,90,0,199,199,1.99,0
16462,0,1,2,4,12,True,233,1,233,489,4.89,0
16463,0,1,3,4,14,False,30,2,0,512,5.12,167772160
16464,0,-1,-1,-1,-1,True,-1,-1,-1,-1,-1.0,-1
16465,0,-1,-1,-1,-1,True,-1,-1,-1,-1,-1.0,-1
16466,0,1,4,5,28,False,6,9,4,2308,23.08,77
16467,0,1,3,4,25,True,137,4,52,1076,10.76,0
16468,0,1,3,4,22,False,85,9,150,2454,24.54,0
16469,0,1,3,4,26,True,85,9,128,2432,24.32,0
16470,0,1,3,4,22,False,165,7,131,1923,19.23,0
16471,0,1,3,4,22,True,165,7,110,1902,19.02,0
16472,0,1,3,4,14,False,124,1,70,326,3.26,0
16473,0,1,3,4,8,True,124,1,46,302,3.02,0
16474,0,1,3,4,11,False,107,14,115,3699,36.99,0
16475,0,1,3,4,12,False,107,2,22,534,5.34,0
16476,0,1,3,4,12,True,107,14,91,3675,36.75,0
16477,0,1,3,4,13,True,107,2,120,632,6.32,0
16478,0,1,3,4,21,True,194,2,99,611,6.11,0
16479,0,1,3,4,21,False,33,12,23,3095,30.95,214
16480,0,-1,-1,-1,-1,True,-1,-1,-1,-1,-1.0,-1
16481,0,1,1,3,4,False,28,13,0,3328,33.28,0
16482,0,1,26,6,10,False,237,12,10,3082,30.82,3403
16483,0,1,1,0,0,False,0,0,0,0,0.0,0
16484,0,1,3,4,50,True,9,2,0,512,5.12,167772160
16485,0,-1,-1,-1,-1,True,-1,-1,-1,-1,-1.0,-1
16486,0,63,0,0,0,False,0,0,10,10,0.1,2996046849
16487,0,96,0,0,0,False,0,0,10,10,0.1,2628609
16488,0,120,0,0,0,False,0,0,7,7,0.07,9896193
16489,0,-1,-1,-1,-1,True,-1,-1,-1,-1,-1.0,-1
16490,0,1,3,4,17,True,120,1,128,384,3.84,0
16491,0,1,3,4,7,False,205,4,28,1052,10.52,26018
16492,0,-1,-1,-1,-1,True,-1,-1,-1,-1,-1.0,-1
16493,0,-1,-1,-1,-1,True,-1,-1,-1,-1,-1.0,-1
16494,0,1,0,6,44,False,28,9,36,2340,23.4,33293
16495,0,1,3,4,33,True,36,14,157,3741,37.41,0
16496,0,1,3,4,1,False,175,6,61,1597,15.97,0
16497,0,1,3,4,12,True,175,6,37,1573,15.73,0
16498,0,1,3,4,28,False,193,10,11,2571,25.71,0
16499,0,1,3,4,30,False,196,4,245,1269,12.69,0
16500,0,1,3,4,34,True,8,8,28,2076,20.76,587742093
16501,0,-1,-1,-1,-1,True,-1,-1,-1,-1,-1.0,-1
16502,0,-1,-1,-1,-1,True,-1,-1,-1,-1,-1.0,-1
16503,0,-1,-1,-1,-1,True,-1,-1,-1,-1,-1.0,-1
16504,0,-1,-1,-1,-1,True,-1,-1,-1,-1,-1.0,-1
16505,0,1,1,4,28,False,180,5,84,1364,13.64,0
16506,0,1,3,4,11,False,145,0,10,10,0.1,0
16507,0,1,1,4,34,True,179,5,63,1343,13.43,0
16508,0,1,3,4,28,False,0,12,214,3286,32.86,0
16509,0,1,3,4,20,True,29,12,195,3267,32.67,0
16510,0,1,3,4,17,False,29,5,245,1525,15.25,0
16511,0,1,3,4,21,True,29,5,224,1504,15.04,0
16512,0,1,3,4,27,False,3,14,74,3658,36.58,0
16513,0,1,3,4,26,False,3,0,249,249,2.49,0
16514,0,1,3,4,22,True,3,0,227,227,2.27,0
16515,0,1,3,4,31,False,4,4,113,1137,11.37,0
16516,0,1,3,4,28,True,4,4,93,1117,11.17,0
16517,0,1,3,4,30,False,172,11,207,3023,30.23,0
16518,0,1,3,4,31,True,172,11,184,3000,30.0,0
16519,0,1,3,4,30,False,194,13,17,3345,33.45,0
16520,0,1,3,4,34,True,194,12,247,3319,33.19,0
16521,0,1,3,4,28,False,11,15,0,3840,38.4,167772160
16522,0,-1,-1,-1,-1,True,-1,-1,-1,-1,-1.0,-1
16523,0,-1,-1,-1,-1,True,-1,-1,-1,-1,-1.0,-1
16524,0,-1,-1,-1,-1,True,-1,-1,-1,-1,-1.0,-1
16525,0,-1,-1,-1,-1,True,-1,-1,-1,-1,-1.0,-1
16526,0,-1,-1,-1,-1,True,-1,-1,-1,-1,-1.0,-1
16527,0,-1,-1,-1,-1,True,-1,-1,-1,-1,-1.0,-1
16528,0,1,3,4,26,False,247,5,14,1294,12.94,72
16529,0,-1,-1,-1,-1,True,-1,-1,-1,-1,-1.0,-1
16530,0,1,3,4,33,True,165,14,50,3634,36.34,0
16531,0,1,1,4,12,False,102,3,91,859,8.59,0
16532,0,1,3,4,1,False,114,14,225,3809,38.09,0
16533,0,1,1,4,6,True,102,3,67,835,8.35,0
16534,0,1,3,4,12,True,28,14,198,3782,37.82,0
16535,0,1,3,4,22,False,211,12,71,3143,31.43,0
16536,0,1,3,4,23,False,210,7,195,1987,19.87,0
16537,0,1,3,4,30,True,222,7,175,1967,19.67,0
16538,0,1,3,4,3,False,75,0,63,63,0.63,0
16539,0,1,3,4,16,True,75,0,41,41,0.41,0
16540,0,1,3,4,17,False,127,3,136,904,9.04,0
16541,0,1,3,4,28,True,127,3,116,884,8.84,0
16542,0,1,3,4,14,False,158,12,100,3172,31.72,0
16543,0,1,3,4,32,False,114,15,200,4040,40.4,0
16544,0,1,3,4,28,True,114,15,178,4018,40.18,0
16545,0,1,3,4,29,True,114,12,80,3152,31.52,0
16546,0,1,3,4,29,False,0,0,178,178,1.78,0
16547,0,1,3,4,28,True,0,0,155,155,1.55,0
16548,0,1,3,4,15,False,50,5,13,1293,12.93,217
16549,0,-1,-1,-1,-1,True,-1,-1,-1,-1,-1.0,-1
16550,0,1,3,4,29,False,114,9,6,2310,23.1,0
16551,0,1,1,4,18,True,21,13,198,3526,35.26,0
16552,0,1,3,4,61,False,61,13,61,3389,33.89,0
16553,0,1,3,4,19,False,100,14,12,3596,35.96,0
16554,0,1,17,4,63,False,8,2,187,699,6.99,0
16555,0,1,3,4,31,True,100,10,1,2561,25.61,537665308
16556,0,-1,-1,-1,-1,True,-1,-1,-1,-1,-1.0,-1
16557,0,-1,-1,-1,-1,True,-1,-1,-1,-1,-1.0,-1
16558,0,-1,-1,-1,-1,True,-1,-1,-1,-1,-1.0,-1
16559,0,-1,-1,-1,-1,True,-1,-1,-1,-1,-1.0,-1
16560,0,1,24,5,18,False,12,5,12,1292,12.92,33
16561,0,1,9,7,15,False,207,12,152,3224,32.24,10488850
16562,0,1,1,4,14,True,150,0,65,65,0.65,0
16563,0,1,1,4,16,True,149,0,177,177,1.77,0
16564,0,1,1,4,31,True,79,7,5,1797,17.97,221
16565,0,-1,-1,-1,-1,True,-1,-1,-1,-1,-1.0,-1
16566,0,1,3,4,0,False,66,4,188,1212,12.12,0
16567,0,1,1,4,26,False,106,2,202,714,7.14,0
16568,0,1,3,4,23,False,106,13,179,3507,35.07,0
16569,0,1,3,4,26,True,106,13,157,3485,34.85,0
16570,0,1,3,4,16,False,100,10,219,2779,27.79,0
16571,0,1,3,4,8,True,7,3,0,768,7.68,167772160
16572,0,-1,-1,-1,-1,True,-1,-1,-1,-1,-1.0,-1
16573,0,182,1,4,53,False,0,0,0,0,0.0,469830144
16574,0,-1,-1,-1,-1,True,-1,-1,-1,-1,-1.0,-1
16575,0,-1,-1,-1,-1,True,-1,-1,-1,-1,-1.0,-1
16576,0,-1,-1,-1,-1,True,-1,-1,-1,-1,-1.0,-1
16577,0,1,3,4,14,True,62,0,167,167,1.67,0
16578,0,1,3,4,23,False,57,14,11,3595,35.95,55
16579,0,-1,-1,-1,-1,True,-1,-1,-1,-1,-1.0,-1
16580,0,1,3,4,6,True,94,11,33,2849,28.49,0
16581,0,1,3,4,26,False,60,11,152,2968,29.68,0
16582,0,1,3,4,22,True,60,11,129,2945,29.45,0
16583,0,1,3,4,31,False,147,11,126,2942,29.42,0
16584,0,1,3,4,31,True,147,11,110,2926,29.26,0
16585,0,1,3,4,0,False,29,0,160,160,1.6,0
16586,0,1,3,4,34,True,29,0,137,137,1.37,0
16587,0,1,3,4,10,False,4,14,0,3584,35.84,167772160
16588,0,-1,-1,-1,-1,True,-1,-1,-1,-1,-1.0,-1
16589,0,-1,-1,-1,-1,True,-1,-1,-1,-1,-1.0,-1
16590,0,-1,-1,-1,-1,True,-1,-1,-1,-1,-1.0,-1
16591,0,1,3,4,24,False,192,0,105,105,1.05,0
16592,0,1,3,4,20,True,157,4,197,1221,12.21,0
16593,0,1,3,4,29,False,19,4,88,1112,11.12,0
16594,0,1,3,4,25,True,54,10,76,2636,26.36,0
16595,0,1,3,4,26,False,53,4,230,1254,12.54,0
16596,0,1,3,4,10,True,198,15,153,3993,39.93,0
16597,0,1,3,4,25,True,198,15,131,3971,39.71,0
16598,0,1,3,4,29,False,159,5,172,1452,14.52,0
16599,0,1,3,4,22,True,159,5,149,1429,14.29,0
16600,0,1,3,4,16,False,73,13,14,3342,33.42,0
16601,0,1,3,4,29,True,73,12,247,3319,33.19,0
16602,0,1,3,4,13,False,28,0,77,77,0.77,62479
16603,0,-1,-1,-1,-1,True,-1,-1,-1,-1,-1.0,-1
16604,0,-1,-1,-1,-1,True,-1,-1,-1,-1,-1.0,-1
16605,0,1,3,4,34,True,77,15,220,4060,40.6,0
16606,0,1,3,4,11,False,247,5,11,1291,12.91,17
16607,0,-1,-1,-1,-1,True,-1,-1,-1,-1,-1.0,-1
16608,0,1,1,4,7,True,66,6,100,1636,16.36,0
16609,0,1,3,4,31,False,57,12,64,3136,31.36,0
16610,0,1,3,4,31,False,137,4,47,1071,10.71,0
16611,0,1,3,4,33,True,8,0,0,0,0.0,167772160
16612,0,-1,-1,-1,-1,True,-1,-1,-1,-1,-1.0,-1
16613,0,-1,-1,-1,-1,True,-1,-1,-1,-1,-1.0,-1
16614,0,1,3,4,24,True,96,5,90,1370,13.7,0
16615,0,1,3,4,23,False,185,6,27,1563,15.63,0
16616,0,1,3,4,13,True,185,6,4,1540,15.4,0
16617,0,1,3,4,19,False,12,0,0,0,0.0,167772160
16618,0,-1,-1,-1,-1,True,-1,-1,-1,-1,-1.0,-1
16619,0,234,0,0,0,False,0,0,10,10,0.1,0
16620,0,-1,-1,-1,-1,True,-1,-1,-1,-1,-1.0,-1
16621,0,28,0,0,0,False,0,0,10,10,0.1,3969326081
16622,0,-1,-1,-1,-1,True,-1,-1,-1,-1,-1.0,-1
16623,0,-1,-1,-1,-1,True,-1,-1,-1,-1,-1.0,-1
16624,0,-1,-1,-1,-1,True,-1,-1,-1,-1,-1.0,-1
16625,0,-1,-1,-1,-1,True,-1,-1,-1,-1,-1.0,-1
16626,0,1,3,4,49,False,0,2,28,540,5.4,0
16627,0,1,19,3,49,False,0,13,0,3328,33.28,0
16628,0,1,3,4,30,False,55,0,3,3,0.03,0
16629,0,1,3,4,24,True,55,15,235,4075,40.75,0
16630,0,1,3,4,23,False,8,13,189,3517,35.17,0
16631,0,1,3,4,32,True,8,0,177,177,1.77,0
16632,0,1,3,4,18,False,238,13,212,3540,35.4,0
16633,0,1,3,4,19,False,238,2,216,728,7.28,0
16634,0,1,3,4,13,False,192,8,223,2271,22.71,0
16635,0,1,3,4,33,True,192,8,204,2252,22.52,0
16636,0,1,3,4,24,False,15,11,20,2836,28.36,0
16637,0,1,3,4,28,True,15,13,9,3337,33.37,249
16638,0,-1,-1,-1,-1,True,-1,-1,-1,-1,-1.0,-1
16639,0,1,3,4,13,True,221,9,225,2529,25.29,0
16640,0,1,3,4,22,True,125,11,178,2994,29.94,0
16641,0,1,3,4,16,False,124,14,225,3809,38.09,2501686284
16642,0,-1,-1,-1,-1,True,-1,-1,-1,-1,-1.0,-1
16643,0,-1,-1,-1,-1,True,-1,-1,-1,-1,-1.0,-1
16644,0,-1,-1,-1,-1,True,-1,-1,-1,-1,-1.0,-1
16645,0,-1,-1,-1,-1,True,-1,-1,-1,-1,-1.0,-1
16646,0,1,28,1,12,False,0,0,0,0,0.0,0
16647,0,1,1,4,5,False,168,1,176,432,4.32,0
16648,0,1,19,5,28,False,16,9,9,2313,23.13,212
16649,0,1,1,4,34,True,168,15,15,3855,38.55,24
16650,0,-1,-1,-1,-1,True,-1,-1,-1,-1,-1.0,-1
16651,0,1,3,4,9,False,121,0,5,5,0.05,0
16652,0,1,3,4,10,False,206,9,8,2312,23.12,0
16653,0,1,3,4,23,False,205,12,127,3199,31.99,0
16654,0,1,3,4,21,True,205,12,105,3177,31.77,0
16655,0,1,3,4,27,False,15,9,170,2474,24.74,0
16656,0,1,3,4,24,True,13,2,0,512,5.12,167772160
16657,0,-1,-1,-1,-1,True,-1,-1,-1,-1,-1.0,-1
16658,0,-1,-1,-1,-1,True,-1,-1,-1,-1,-1.0,-1
16659,0,-1,-1,-1,-1,True,-1,-1,-1,-1,-1.0,-1
16660,0,-1,-1,-1,-1,True,-1,-1,-1,-1,-1.0,-1
16661,0,-1,-1,-1,-1,True,-1,-1,-1,-1,-1.0,-1
16662,0,1,1,4,7,False,58,14,101,3685,36.85,0
16663,0,1,3,4,34,True,28,5,147,1427,14.27,0
16664,0,1,1,6,23,True,28,5,147,1427,14.27,33806
16665,0,1,3,4,0,False,166,15,155,3995,39.95,0
16666,0,1,3,4,34,True,166,8,5,2053,20.53,0
16667,0,1,3,4,19,False,129,2,200,712,7.12,0
16668,0,1,1,4,27,False,203,11,80,2896,28.96,0
16669,0,1,3,4,16,True,129,2,181,693,6.93,0
16670,0,1,1,4,8,True,203,11,61,2877,28.77,0
16671,0,1,3,4,22,True,154,3,60,828,8.28,0
16672,0,1,3,4,31,True,9,0,6,6,0.06,22
16673,0,-1,-1,-1,-1,True,-1,-1,-1,-1,-1.0,-1
16674,0,1,3,4,15,True,208,6,2,1538,15.38,0
16675,0,1,3,4,0,False,78,11,219,3035,30.35,0
16676,0,1,3,4,34,True,78,11,194,3010,30.1,0
16677,0,1,3,4,26,False,127,2,26,538,5.38,0
16678,0,1,3,4,24,False,128,7,201,1993,19.93,0
16679,0,1,3,4,29,True,128,7,180,1972,19.72,0
16680,0,1,3,4,30,True,127,2,4,516,5.16,0
16681,0,1,3,4,26,False,105,2,49,561,5.61,0
16682,0,1,3,4,24,True,105,2,27,539,5.39,0
16683,0,1,3,4,21,False,111,5,225,1505,15.05,0
16684,0,1,3,4,26,True,111,5,207,1487,14.87,0
16685,0,1,3,4,16,False,110,3,144,912,9.12,0
16686,0,1,3,4,27,True,110,3,121,889,8.89,0
16687,0,1,3,4,33,False,197,11,162,2978,29.78,0
16688,0,1,3,4,25,True,197,11,140,2956,29.56,0
16689,0,1,3,4,18,False,217,15,235,4075,40.75,0
16690,0,1,3,4,30,True,217,15,215,4055,40.55,0
16691,0,1,3,4,29,False,32,12,200,3272,32.72,0
16692,0,1,3,4,19,True,31,12,179,3251,32.51,0
16693,0,1,3,4,21,False,179,12,187,3259,32.59,0
16694,0,1,3,4,34,True,179,12,163,3235,32.35,0
16695,0,1,3,4,29,False,122,8,239,2287,22.87,0
16696,0,1,3,4,17,True,122,8,215,2263,22.63,0
16697,0,1,3,4,32,False,9,14,0,3584,35.84,167772160
16698,0,-1,-1,-1,-1,True,-1,-1,-1,-1,-1.0,-1
16699,0,-1,-1,-1,-1,True,-1,-1,-1,-1,-1.0,-1
16700,0,-1,-1,-1,-1,True,-1,-1,-1,-1,-1.0,-1
16701,0,1,3,4,28,True,28,2,207,719,7.19,0
16702,0,1,3,4,29,True,28,0,37,37,0.37,0
16703,0,1,3,4,26,False,222,1,0,256,2.56,0
16704,0,1,3,4,30,True,222,0,234,234,2.34,0
16705,0,1,3,4,2,False,198,2,44,556,5.56,0
16706,0,1,3,4,1,False,95,1,181,437,4.37,0
16707,0,1,3,4,19,True,95,1,157,413,4.13,0
16708,0,1,3,4,17,False,214,3,203,971,9.71,0
16709,0,1,3,4,23,True,214,3,182,950,9.5,0
16710,0,1,3,4,10,False,233,11,188,3004,30.04,0
16711,0,1,3,4,24,True,233,11,165,2981,29.81,0
16712,0,1,3,4,30,False,11,6,0,1536,15.36,167772160
16713,0,-1,-1,-1,-1,True,-1,-1,-1,-1,-1.0,-1
16714,0,11,0,2,0,False,0,0,0,0,0.0,521928970
16715,0,1,0,0,0,False,0,0,10,10,0.1,1720982529
16716,0,-1,-1,-1,-1,True,-1,-1,-1,-1,-1.0,-1
16717,0,-1,-1,-1,-1,True,-1,-1,-1,-1,-1.0,-1
16718,0,-1,-1,-1,-1,True,-1,-1,-1,-1,-1.0,-1
16719,0,-1,-1,-1,-1,True,-1,-1,-1,-1,-1.0,-1
16720,0,1,3,4,52,True,61,13,61,3389,33.89,0
16721,0,1,3,4,16,False,124,12,145,3217,32.17,0
16722,0,1,12,6,0,False,100,12,175,3247,32.47,0
16723,0,155,0,0,0,False,0,0,10,10,0.1,2401246209
16724,0,-1,-1,-1,-1,True,-1,-1,-1,-1,-1.0,-1
16725,0,-1,-1,-1,-1,True,-1,-1,-1,-1,-1.0,-1
16726,0,-1,-1,-1,-1,True,-1,-1,-1,-1,-1.0,-1
16727,0,-1,-1,-1,-1,True,-1,-1,-1,-1,-1.0,-1
16728,0,1,3,4,24,True,142,10,235,2795,27.95,0
16729,0,1,3,4,27,False,156,4,177,1201,12.01,0
16730,0,1,3,4,26,True,156,4,151,1175,11.75,0
16731,0,1,3,4,30,False,53,0,231,231,2.31,0
16732,0,1,3,4,19,True,146,0,211,211,2.11,0
16733,0,1,3,4,20,False,128,15,164,4004,40.04,0
16734,0,1,3,4,28,True,128,15,141,3981,39.81,0
16735,0,1,3,4,16,False,56,4,13,1037,10.37,53
16736,0,-1,-1,-1,-1,True,-1,-1,-1,-1,-1.0,-1
16737,0,1,3,4,31,False,254,13,167,3495,34.95,0
16738,0,1,3,4,25,True,254,13,146,3474,34.74,0
16739,0,1,3,4,4,True,186,13,194,3522,35.22,0
16740,0,1,3,4,19,False,15,6,0,1536,15.36,167772160
16741,0,-1,-1,-1,-1,True,-1,-1,-1,-1,-1.0,-1
16742,0,18,0,0,0,False,0,0,10,10,0.1,655367169
16743,0,-1,-1,-1,-1,True,-1,-1,-1,-1,-1.0,-1
16744,0,1,3,4,5,True,39,8,1,2049,20.49,0
16745,0,1,3,4,15,False,40,3,154,922,9.22,0
16746,0,1,3,4,4,True,40,3,133,901,9.01,0
16747,0,1,3,4,18,False,240,14,241,3825,38.25,0
16748,0,1,3,4,13,True,240,14,218,3802,38.02,0
16749,0,1,3,4,18,False,125,2,8,520,5.2,0
16750,0,1,3,4,26,True,124,1,244,500,5.0,0
16751,0,1,3,4,0,False,83,12,7,3079,30.79,13896539
16752,0,-1,-1,-1,-1,True,-1,-1,-1,-1,-1.0,-1
16753,0,-1,-1,-1,-1,True,-1,-1,-1,-1,-1.0,-1
16754,0,-1,-1,-1,-1,True,-1,-1,-1,-1,-1.0,-1
16755,0,1,3,4,33,True,91,11,192,3008,30.08,0
16756,0,1,3,4,0,False,232,11,155,2971,29.71,0
16757,0,1,3,4,34,True,232,9,247,2551,25.51,0
16758,0,1,3,4,29,False,188,11,8,2824,28.24,0
16759,0,1,3,4,34,True,188,11,0,2816,28.16,179
16760,0,-1,-1,-1,-1,True,-1,-1,-1,-1,-1.0,-1
16761,0,1,3,4,32,False,230,11,61,2877,28.77,0
16762,0,1,3,4,28,True,230,11,38,2854,28.54,0
16763,0,1,3,4,9,False,77,1,72,328,3.28,0
16764,0,1,3,4,19,True,77,1,52,308,3.08,0
16765,0,1,3,4,16,False,124,1,136,392,3.92,0
16766,0,1,3,4,26,True,123,1,113,369,3.69,0
16767,0,1,3,4,7,False,171,4,158,1182,11.82,0
16768,0,1,3,4,8,False,171,0,132,132,1.32,0
16769,0,1,3,4,11,True,171,10,157,2717,27.17,0
16770,0,1,1,4,4,True,2,2,0,512,5.12,167772160
16771,0,-1,-1,-1,-1,True,-1,-1,-1,-1,-1.0,-1
16772,0,-1,-1,-1,-1,True,-1,-1,-1,-1,-1.0,-1
16773,0,-1,-1,-1,-1,True,-1,-1,-1,-1,-1.0,-1
16774,0,-1,-1,-1,-1,True,-1,-1,-1,-1,-1.0,-1
16775,0,-1,-1,-1,-1,True,-1,-1,-1,-1,-1.0,-1
16776,0,-1,-1,-1,-1,True,-1,-1,-1,-1,-1.0,-1
16777,0,1,1,4,18,True,224,2,160,672,6.72,0
16778,0,1,3,4,30,True,193,2,211,723,7.23,0
16779,0,1,1,4,28,False,91,7,185,1977,19.77,0
16780,0,1,3,4,27,True,253,7,163,1955,19.55,0
16781,0,1,3,4,31,False,159,3,67,835,8.35,0
16782,0,1,2,4,4,False,28,4,13,1037,10.37,0
16783,0,1,3,4,23,True,240,3,48,816,8.16,0
16784,0,1,2,4,20,True,28,3,248,1016,10.16,0
16785,0,1,3,4,22,False,227,12,141,3213,32.13,0
16786,0,1,3,4,12,False,120,12,18,3090,30.9,0
16787,0,1,25,6,15,False,30,13,15,3343,33.43,10
16788,0,-1,-1,-1,-1,True,-1,-1,-1,-1,-1.0,-1
16789,0,37,0,0,0,False,0,0,10,10,0.1,1813453825
16790,0,-1,-1,-1,-1,True,-1,-1,-1,-1,-1.0,-1
16791,0,1,3,4,22,False,107,3,74,842,8.42,0
16792,0,1,1,4,22,False,14,4,0,1024,10.24,167772160
16793,0,-1,-1,-1,-1,True,-1,-1,-1,-1,-1.0,-1
16794,0,87,0,0,0,False,0,0,10,10,0.1,2609585153
16795,0,-1,-1,-1,-1,True,-1,-1,-1,-1,-1.0,-1
16796,0,-1,-1,-1,-1,True,-1,-1,-1,-1,-1.0,-1
16797,0,-1,-1,-1,-1,True,-1,-1,-1,-1,-1.0,-1
16798,0,-1,-1,-1,-1,True,-1,-1,-1,-1,-1.0,-1
16799,0,1,3,4,0,False,225,10,139,2699,26.99,0
16800,0,1,3,4,34,True,225,5,204,1484,14.84,0
16801,0,1,3,4,15,False,99,14,113,3697,36.97,0
16802,0,1,3,4,34,True,99,14,91,3675,36.75,0
16803,0,1,3,4,30,False,214,12,247,3319,33.19,0
16804,0,1,3,4,17,True,214,12,221,3293,32.93,0
16805,0,1,3,4,29,False,150,15,169,4009,40.09,0
16806,0,1,3,4,15,True,150,15,147,3987,39.87,0
16807,0,1,3,4,27,False,46,7,97,1889,18.89,0
16808,0,1,3,4,23,True,46,7,71,1863,18.63,0
16809,0,1,3,4,15,True,226,5,7,1287,12.87,0
16810,0,1,3,4,18,False,226,9,78,2382,23.82,0
16811,0,1,3,4,16,True,28,11,154,2970,29.7,52994
16812,0,-1,-1,-1,-1,True,-1,-1,-1,-1,-1.0,-1
16813,0,-1,-1,-1,-1,True,-1,-1,-1,-1,-1.0,-1
16814,0,1,3,4,25,True,154,2,182,694,6.94,0
16815,0,1,3,4,33,False,33,6,94,1630,16.3,0
16816,0,1,3,4,14,True,33,10,82,2642,26.42,0
16817,0,1,3,4,32,False,185,12,151,3223,32.23,0
16818,0,1,3,4,31,True,184,12,129,3201,32.01,0
16819,0,1,3,4,20,False,253,2,14,526,5.26,0
16820,0,1,3,4,31,True,253,1,248,504,5.04,0
16821,0,1,3,4,9,False,198,13,39,3367,33.67,0
16822,0,1,3,4,32,True,198,13,20,3348,33.48,0
16823,0,1,3,4,0,False,76,2,31,543,5.43,0
16824,0,1,3,4,34,True,75,3,0,768,7.68,141
16825,0,-1,-1,-1,-1,True,-1,-1,-1,-1,-1.0,-1
16826,0,1,3,4,31,True,84,13,71,3399,33.99,0
16827,0,1,1,4,30,False,115,4,187,1211,12.11,0
16828,0,1,3,4,5,False,8,12,11,3083,30.83,25
16829,0,-1,-1,-1,-1,True,-1,-1,-1,-1,-1.0,-1
16830,0,1,3,4,21,False,158,6,35,1571,15.71,0
16831,0,1,3,4,23,True,158,6,13,1549,15.49,0
16832,0,1,3,4,16,False,91,2,191,703,7.03,0
16833,0,1,3,4,26,True,28,8,237,2285,22.85,303832584
16834,0,-1,-1,-1,-1,True,-1,-1,-1,-1,-1.0,-1
16835,0,-1,-1,-1,-1,True,-1,-1,-1,-1,-1.0,-1
16836,0,-1,-1,-1,-1,True,-1,-1,-1,-1,-1.0,-1
16837,0,-1,-1,-1,-1,True,-1,-1,-1,-1,-1.0,-1
16838,0,1,9,5,15,False,110,0,105,105,1.05,0
16839,0,-1,-1,-1,-1,True,-1,-1,-1,-1,-1.0,-1
16840,0,-1,-1,-1,-1,True,-1,-1,-1,-1,-1.0,-1
16841,0,-1,-1,-1,-1,True,-1,-1,-1,-1,-1.0,-1
16842,0,-1,-1,-1,-1,True,-1,-1,-1,-1,-1.0,-1
16843,0,-1,-1,-1,-1,True,-1,-1,-1,-1,-1.0,-1
16844,0,1,3,2,5,True,15,0,0,0,0.0,0
16845,0,1,6,0,0,False,0,0,0,0,0.0,0
16846,0,1,3,4,24,True,133,15,26,3866,38.66,0
16847,0,1,3,4,17,False,105,13,8,3336,33.36,0
16848,0,1,3,4,18,True,105,12,243,3315,33.15,0
16849,0,1,3,4,21,False,26,2,38,550,5.5,0
16850,0,1,3,4,16,True,13,0,0,0,0.0,167772160
16851,0,-1,-1,-1,-1,True,-1,-1,-1,-1,-1.0,-1
16852,0,200,0,0,0,False,0,0,10,10,0.1,4095220737
16853,0,-1,-1,-1,-1,True,-1,-1,-1,-1,-1.0,-1
16854,0,-1,-1,-1,-1,True,-1,-1,-1,-1,-1.0,-1
16855,0,-1,-1,-1,-1,True,-1,-1,-1,-1,-1.0,-1
16856,0,1,3,4,27,True,244,4,37,1061,10.61,0
16857,0,1,3,4,0,False,5,13,202,3530,35.3,0
16858,0,1,3,4,34,True,207,13,178,3506,35.06,0
16859,0,1,3,4,13,False,79,1,53,309,3.09,0
16860,0,1,3,4,21,True,79,1,33,289,2.89,0
16861,0,1,3,4,0,False,153,0,222,222,2.22,0
16862,0,1,3,4,34,True,1,8,0,2048,20.48,167772160
16863,0,-1,-1,-1,-1,True,-1,-1,-1,-1,-1.0,-1
16864,0,41,0,0,0,False,0,0,10,10,0.1,3692567553
16865,0,241,0,0,0,False,0,0,10,10,0.1,1579162625
16866,0,-1,-1,-1,-1,True,-1,-1,-1,-1,-1.0,-1
16867,0,1,3,4,31,True,252,12,21,3093,30.93,2681
16868,0,-1,-1,-1,-1,True,-1,-1,-1,-1,-1.0,-1
16869,0,-1,-1,-1,-1,True,-1,-1,-1,-1,-1.0,-1
16870,0,1,25,4,28,False,146,8,10,2058,20.58,0
16871,0,1,22,5,28,False,12,10,0,2560,25.6,151
16872,0,1,3,4,10,True,10,0,130,130,1.3,0
16873,0,1,3,4,3,False,137,10,15,2575,25.75,0
16874,0,1,3,4,2,False,135,1,20,276,2.76,0
16875,0,1,3,4,31,True,135,0,255,255,2.55,0
16876,0,1,3,4,16,False,116,10,114,2674,26.74,0
16877,0,1,3,4,18,False,116,12,38,3110,31.1,0
16878,0,1,3,4,15,True,116,10,88,2648,26.48,0
16879,0,1,3,4,17,True,116,12,16,3088,30.88,0
16880,0,1,3,4,12,False,69,1,74,330,3.3,0
16881,0,1,3,4,24,True,251,7,0,1792,17.92,0
16882,0,1,3,4,26,False,107,9,63,2367,23.67,0
16883,0,1,3,4,33,True,76,9,242,2546,25.46,0
16884,0,1,3,4,31,False,186,10,186,2746,27.46,0
16885,0,1,3,4,32,True,13,15,0,3840,38.4,167772160
16886,0,-1,-1,-1,-1,True,-1,-1,-1,-1,-1.0,-1
16887,0,40,1,7,5,True,0,0,0,0,0.0,469830144
16888,0,-1,-1,-1,-1,True,-1,-1,-1,-1,-1.0,-1
16889,0,-1,-1,-1,-1,True,-1,-1,-1,-1,-1.0,-1
16890,0,1,3,4,12,False,105,10,176,2736,27.36,0
16891,0,1,3,4,14,True,105,10,155,2715,27.15,0
16892,0,1,3,4,27,False,232,0,92,92,0.92,0
16893,0,1,3,4,23,True,232,0,67,67,0.67,0
16894,0,1,3,4,30,True,216,5,247,1527,15.27,0
16895,0,1,3,4,14,False,201,15,210,4050,40.5,0
16896,0,1,3,4,19,True,201,15,186,4026,40.26,0
16897,0,1,3,4,21,False,158,11,1,2817,28.17,0
16898,0,1,3,4,34,True,158,10,232,2792,27.92,0
16899,0,1,3,4,30,False,227,12,205,3277,32.77,0
16900,0,1,3,4,18,True,227,12,182,3254,32.54,0
16901,0,1,3,4,19,False,91,11,91,2907,29.07,0
16902,0,1,3,4,23,True,91,11,72,2888,28.88,0
16903,0,1,3,4,6,False,245,0,167,167,1.67,0
16904,0,1,3,4,31,False,226,0,155,155,1.55,0
16905,0,1,3,4,12,True,226,0,134,134,1.34,0
16906,0,1,3,4,0,False,150,10,61,2621,26.21,0
16907,0,1,3,4,34,True,150,10,37,2597,25.97,0
16908,0,1,3,4,19,False,241,9,213,2517,25.17,0
16909,0,1,3,4,23,True,241,9,194,2498,24.98,0
16910,0,1,3,4,20,False,241,3,208,976,9.76,0
16911,0,1,3,4,24,True,241,13,200,3528,35.28,0
16912,0,1,3,4,29,False,91,11,183,2999,29.99,0
16913,0,1,3,4,19,True,91,11,162,2978,29.78,0
16914,0,1,3,4,21,False,26,4,23,1047,10.47,0
16915,0,1,3,4,12,True,26,1,197,453,4.53,0
16916,0,1,3,4,30,False,247,15,214,4054,40.54,0
16917,0,1,3,4,24,True,247,15,188,4028,40.28,0
16918,0,1,3,4,22,False,43,6,41,1577,15.77,0
16919,0,1,3,4,32,True,43,6,23,1559,15.59,0
16920,0,1,3,4,27,False,213,8,208,2256,22.56,0
16921,0,1,3,4,16,True,213,8,182,2230,22.3,0
16922,0,1,3,4,25,False,46,6,47,1583,15.83,0
16923,0,1,3,4,24,True,46,6,23,1559,15.59,0
16924,0,1,3,4,27,False,44,1,25,281,2.81,0
16925,0,1,3,4,23,True,44,15,165,4005,40.05,0
16926,0,1,3,4,33,False,31,8,182,2230,22.3,0
16927,0,1,3,4,16,True,31,8,163,2211,22.11,0
16928,0,1,3,4,19,False,52,12,233,3305,33.05,0
16929,0,1,3,4,33,True,52,12,214,3286,32.86,0
16930,0,1,3,4,19,False,207,0,151,151,1.51,0
16931,0,1,3,4,20,False,207,13,184,3512,35.12,0
16932,0,1,3,4,33,False,62,11,151,2967,29.67,0
16933,0,1,3,4,27,True,62,11,130,2946,29.46,0
16934,0,1,3,4,25,False,101,0,94,94,0.94,0
16935,0,1,3,4,26,False,104,14,188,3772,37.72,0
16936,0,1,3,4,26,True,101,0,72,72,0.72,0
16937,0,1,3,4,28,True,99,9,223,2527,25.27,0
16938,0,1,3,4,20,False,74,2,110,622,6.22,0
16939,0,1,3,4,15,True,74,2,88,600,6.0,0
16940,0,1,3,4,28,False,240,12,204,3276,32.76,0
16941,0,1,3,4,27,True,240,12,183,3255,32.55,0
16942,0,1,3,4,27,False,15,4,0,1024,10.24,167772160
16943,0,-1,-1,-1,-1,True,-1,-1,-1,-1,-1.0,-1
16944,0,-1,-1,-1,-1,True,-1,-1,-1,-1,-1.0,-1
16945,0,-1,-1,-1,-1,True,-1,-1,-1,-1,-1.0,-1
16946,0,-1,-1,-1,-1,True,-1,-1,-1,-1,-1.0,-1
16947,0,1,3,4,28,False,31,15,4,3844,38.44,0
16948,0,1,15,4,28,False,151,15,4,3844,38.44,0
16949,0,1,12,7,28,False,0,0,14,14,0.14,10624126
16950,0,1,30,0,0,False,0,0,0,0,0.0,0
16951,0,1,1,6,38,False,28,13,189,3517,35.17,39937
16952,0,1,3,4,30,False,190,7,91,1883,18.83,0
16953,0,1,3,4,14,True,190,7,67,1859,18.59,0
16954,0,1,3,4,15,True,189,1,133,389,3.89,0
16955,0,1,3,4,25,False,146,13,32,3360,33.6,0
16956,0,1,3,4,18,True,146,13,10,3338,33.38,0
16957,0,1,3,4,24,False,7,5,0,1280,12.8,167772160
16958,0,-1,-1,-1,-1,True,-1,-1,-1,-1,-1.0,-1
16959,0,31,0,0,0,False,0,0,10,10,0.1,7169
16960,0,6,0,0,0,False,0,0,10,10,0.1,7169
16961,0,191,0,0,0,False,0,0,10,10,0.1,1
16962,0,-1,-1,-1,-1,True,-1,-1,-1,-1,-1.0,-1
16963,0,1,0,0,0,False,0,0,10,10,0.1,782113793
16964,0,-1,-1,-1,-1,True,-1,-1,-1,-1,-1.0,-1
16965,0,-1,-1,-1,-1,True,-1,-1,-1,-1,-1.0,-1
16966,0,-1,-1,-1,-1,True,-1,-1,-1,-1,-1.0,-1
16967,0,-1,-1,-1,-1,True,-1,-1,-1,-1,-1.0,-1
16968,0,1,3,4,13,False,135,6,146,1682,16.82,0
16969,0,1,3,4,11,True,135,6,125,1661,16.61,0
16970,0,1,3,4,31,False,60,14,14,3598,35.98,97
16971,0,-1,-1,-1,-1,True,-1,-1,-1,-1,-1.0,-1
16972,0,1,3,4,24,True,62,14,71,3655,36.55,0
16973,0,1,3,4,25,True,11,3,0,768,7.68,167772160
16974,0,-1,-1,-1,-1,True,-1,-1,-1,-1,-1.0,-1
16975,0,187,0,0,0,False,0,0,10,10,0.1,270015489
16976,0,-1,-1,-1,-1,True,-1,-1,-1,-1,-1.0,-1
16977,0,-1,-1,-1,-1,True,-1,-1,-1,-1,-1.0,-1
16978,0,-1,-1,-1,-1,True,-1,-1,-1,-1,-1.0,-1
16979,0,-1,-1,-1,-1,True,-1,-1,-1,-1,-1.0,-1
16980,0,1,3,4,25,False,11,2,100,612,6.12,0
16981,0,1,3,4,30,True,11,12,222,3294,32.94,0
16982,0,1,3,4,17,False,222,13,20,3348,33.48,0
16983,0,1,3,4,18,False,221,2,11,523,5.23,84
16984,0,-1,-1,-1,-1,True,-1,-1,-1,-1,-1.0,-1
16985,0,1,3,4,19,True,226,11,64,2880,28.8,0
16986,0,1,2,4,21,False,65,13,92,3420,34.2,0
16987,0,1,3,4,20,True,225,2,203,715,7.15,0
16988,0,1,2,4,34,True,236,12,194,3266,32.66,0
16989,0,1,3,4,33,True,236,12,172,3244,32.44,0
16990,0,1,3,4,18,False,175,4,86,1110,11.1,0
16991,0,1,3,4,19,False,175,9,110,2414,24.14,0
16992,0,1,3,4,31,True,175,4,68,1092,10.92,0
16993,0,1,3,4,32,True,175,9,93,2397,23.97,0
16994,0,1,3,4,0,False,244,12,94,3166,31.66,0
16995,0,1,3,4,34,True,244,12,70,3142,31.42,0
16996,0,1,3,4,2,False,126,12,155,3227,32.27,0
16997,0,1,3,4,20,True,126,12,130,3202,32.02,0
16998,0,1,3,4,29,False,36,4,0,1024,10.24,184549376
16999,0,-1,-1,-1,-1,True,-1,-1,-1,-1,-1.0,-1
17000,0,10,0,4,18,True,0,0,0,0,0.0,3072
17001,0,-1,-1,-1,-1,True,-1,-1,-1,-1,-1.0,-1
17002,0,92,0,4,19,True,238,7,0,1792,17.92,0
17003,0,-1,-1,-1,-1,True,-1,-1,-1,-1,-1.0,-1
17004,0,-1,-1,-1,-1,True,-1,-1,-1,-1,-1.0,-1
17005,0,-1,-1,-1,-1,True,-1,-1,-1,-1,-1.0,-1
17006,0,1,3,6,4,False,29,3,50,818,8.18,0
17007,0,-1,-1,-1,-1,True,-1,-1,-1,-1,-1.0,-1
17008,0,-1,-1,-1,-1,True,-1,-1,-1,-1,-1.0,-1
17009,0,-1,-1,-1,-1,True,-1,-1,-1,-1,-1.0,-1
17010,0,-1,-1,-1,-1,True,-1,-1,-1,-1,-1.0,-1
17011,0,1,3,4,12,False,161,12,13,3085,30.85,215
17012,0,-1,-1,-1,-1,True,-1,-1,-1,-1,-1.0,-1
17013,0,1,1,4,32,True,47,13,160,3488,34.88,0
17014,0,1,3,4,33,False,91,12,54,3126,31.26,0
17015,0,1,3,4,31,False,220,5,163,1443,14.43,0
17016,0,1,3,4,33,True,220,5,143,1423,14.23,0
17017,0,1,3,4,2,False,147,8,102,2150,21.5,0
17018,0,1,3,4,27,False,29,9,137,2441,24.41,0
17019,0,1,3,4,18,True,29,9,112,2416,24.16,0
17020,0,1,3,4,19,True,29,8,82,2130,21.3,0
17021,0,1,3,4,30,False,159,9,126,2430,24.3,0
17022,0,1,3,4,13,False,76,5,60,1340,13.4,0
17023,0,1,3,4,18,True,76,5,40,1320,13.2,0
17024,0,1,3,4,0,False,93,11,121,2937,29.37,0
17025,0,1,3,4,34,True,93,11,2,2818,28.18,0
17026,0,1,3,4,23,False,25,2,165,677,6.77,0
17027,0,1,3,4,11,True,25,2,143,655,6.55,0
17028,0,1,3,4,20,False,242,14,219,3803,38.03,0
17029,0,1,3,4,21,True,242,14,194,3778,37.78,0
17030,0,1,3,4,28,True,61,7,192,1984,19.84,0
17031,0,1,3,4,28,False,61,12,102,3174,31.74,0
17032,0,1,3,4,29,False,60,4,208,1232,12.32,0
17033,0,1,3,4,29,True,60,11,235,3051,30.51,0
17034,0,1,2,4,18,True,69,13,126,3454,34.54,0
17035,0,1,1,4,28,True,95,11,215,3031,30.31,0
17036,0,1,3,4,19,False,4,12,0,3072,30.72,167772160
17037,0,-1,-1,-1,-1,True,-1,-1,-1,-1,-1.0,-1
17038,0,56,0,0,0,False,0,0,10,10,0.1,3599440897
17039,0,-1,-1,-1,-1,True,-1,-1,-1,-1,-1.0,-1
17040,0,-1,-1,-1,-1,True,-1,-1,-1,-1,-1.0,-1
17041,0,1,3,4,10,False,178,13,199,3527,35.27,0
17042,0,1,3,4,15,True,178,2,12,524,5.24,213
17043,0,-1,-1,-1,-1,True,-1,-1,-1,-1,-1.0,-1
17044,0,1,3,4,30,False,37,4,38,1062,10.62,0
17045,0,1,3,4,33,True,85,0,30,30,0.3,0
17046,0,1,3,4,30,False,247,12,51,3123,31.23,0
17047,0,1,3,4,5,True,247,12,28,3100,31.0,0
17048,0,1,3,4,30,False,47,2,37,549,5.49,0
17049,0,1,3,4,30,True,151,1,116,372,3.72,0
17050,0,1,3,4,17,False,78,8,226,2274,22.74,0
17051,0,1,3,4,26,True,78,8,207,2255,22.55,0
17052,0,1,3,4,32,False,139,13,113,3441,34.41,0
17053,0,1,3,4,9,True,4,6,0,1536,15.36,167772160
17054,0,-1,-1,-1,-1,True,-1,-1,-1,-1,-1.0,-1
17055,0,61,0,0,0,False,0,0,10,10,0.1,0
17056,0,-1,-1,-1,-1,True,-1,-1,-1,-1,-1.0,-1
17057,0,37,0,0,0,False,0,0,10,10,0.1,0
17058,0,-1,-1,-1,-1,True,-1,-1,-1,-1,-1.0,-1
17059,0,219,0,0,0,False,0,0,10,10,0.1,10165249
17060,0,131,0,0,0,False,0,0,10,10,0.1,1
17061,0,-1,-1,-1,-1,True,-1,-1,-1,-1,-1.0,-1
17062,0,-1,-1,-1,-1,True,-1,-1,-1,-1,-1.0,-1
17063,0,-1,-1,-1,-1,True,-1,-1,-1,-1,-1.0,-1
17064,0,-1,-1,-1,-1,True,-1,-1,-1,-1,-1.0,-1
17065,0,-1,-1,-1,-1,True,-1,-1,-1,-1,-1.0,-1
17066,0,1,3,4,21,True,90,13,231,3559,35.59,0
17067,0,1,3,4,25,False,204,12,210,3282,32.82,0
17068,0,1,3,4,22,True,1,12,0,3072,30.72,167772160
17069,0,-1,-1,-1,-1,True,-1,-1,-1,-1,-1.0,-1
17070,0,5,1,2,33,True,0,0,0,0,0.0,469830144
17071,0,-1,-1,-1,-1,True,-1,-1,-1,-1,-1.0,-1
17072,0,-1,-1,-1,-1,True,-1,-1,-1,-1,-1.0,-1
17073,0,-1,-1,-1,-1,True,-1,-1,-1,-1,-1.0,-1
17074,0,-1,-1,-1,-1,True,-1,-1,-1,-1,-1.0,-1
17075,0,1,3,4,29,False,239,9,103,2407,24.07,0
17076,0,1,3,4,34,True,239,9,79,2383,23.83,0
17077,0,1,3,4,26,False,236,11,190,3006,30.06,0
17078,0,1,3,4,24,True,236,11,168,2984,29.84,0
17079,0,1,3,4,32,False,206,15,11,3851,38.51,0
17080,0,1,3,4,17,True,206,14,243,3827,38.27,0
17081,0,1,3,4,31,False,207,7,41,1833,18.33,0
17082,0,1,3,4,16,True,207,0,15,15,0.15,196
17083,0,-1,-1,-1,-1,True,-1,-1,-1,-1,-1.0,-1
17084,0,1,3,4,9,True,17,3,211,979,9.79,0
17085,0,1,2,4,14,True,3,10,0,2560,25.6,167772160
17086,0,-1,-1,-1,-1,True,-1,-1,-1,-1,-1.0,-1
17087,0,199,0,0,0,False,0,0,10,10,0.1,3742698497
17088,0,-1,-1,-1,-1,True,-1,-1,-1,-1,-1.0,-1
17089,0,-1,-1,-1,-1,True,-1,-1,-1,-1,-1.0,-1
17090,0,-1,-1,-1,-1,True,-1,-1,-1,-1,-1.0,-1
17091,0,-1,-1,-1,-1,True,-1,-1,-1,-1,-1.0,-1
17092,0,1,3,4,28,False,236,0,210,210,2.1,0
17093,0,1,1,4,22,False,223,6,59,1595,15.95,0
17094,0,1,3,4,14,True,84,0,188,188,1.88,0
17095,0,1,1,4,34,True,223,14,5,3589,35.89,80
17096,0,-1,-1,-1,-1,True,-1,-1,-1,-1,-1.0,-1
17097,0,1,3,4,33,True,94,14,0,3584,35.84,228
17098,0,-1,-1,-1,-1,True,-1,-1,-1,-1,-1.0,-1
17099,0,1,3,4,18,False,45,11,68,2884,28.84,0
17100,0,1,3,4,22,True,12,15,0,3840,38.4,167772160
17101,0,-1,-1,-1,-1,True,-1,-1,-1,-1,-1.0,-1
17102,0,89,0,0,0,False,0,0,10,10,0.1,0
17103,0,-1,-1,-1,-1,True,-1,-1,-1,-1,-1.0,-1
17104,0,73,0,0,0,False,0,0,10,10,0.1,3071941633
17105,0,151,0,0,0,False,0,0,10,10,0.1,0
17106,0,-1,-1,-1,-1,True,-1,-1,-1,-1,-1.0,-1
17107,0,132,0,0,0,False,0,0,10,10,0.1,0
17108,0,-1,-1,-1,-1,True,-1,-1,-1,-1,-1.0,-1
17109,0,129,1,2,40,True,0,0,0,0,0.0,469830144
17110,0,-1,-1,-1,-1,True,-1,-1,-1,-1,-1.0,-1
17111,0,-1,-1,-1,-1,True,-1,-1,-1,-1,-1.0,-1
17112,0,1,3,4,19,False,18,12,144,3216,32.16,0
17113,0,1,3,4,28,True,18,12,125,3197,31.97,0
17114,0,1,3,4,11,False,20,7,167,1959,19.59,0
17115,0,1,3,4,18,True,20,7,143,1935,19.35,0
17116,0,1,3,4,1,False,28,7,201,1993,19.93,51970
17117,0,-1,-1,-1,-1,True,-1,-1,-1,-1,-1.0,-1
17118,0,-1,-1,-1,-1,True,-1,-1,-1,-1,-1.0,-1
17119,0,1,3,4,15,True,201,2,181,693,6.93,0
17120,0,1,3,4,24,False,86,7,217,2009,20.09,0
17121,0,1,3,4,26,True,207,4,88,1112,11.12,0
17122,0,1,2,4,30,False,147,5,215,1495,14.95,0
17123,0,1,1,4,21,False,210,12,171,3243,32.43,0
17124,0,1,2,4,29,True,21,5,197,1477,14.77,0
17125,0,1,1,4,26,True,210,12,151,3223,32.23,0
17126,0,1,3,4,12,False,28,6,72,1608,16.08,0
17127,0,1,1,4,23,False,52,7,19,1811,18.11,0
17128,0,1,3,4,25,True,52,6,252,1788,17.88,0
17129,0,1,3,4,2,False,139,2,165,677,6.77,0
17130,0,1,3,4,25,True,139,2,140,652,6.52,0
17131,0,1,3,4,25,False,21,12,148,3220,32.2,41
17132,0,-1,-1,-1,-1,True,-1,-1,-1,-1,-1.0,-1
17133,0,1,1,4,1,False,28,1,90,346,3.46,0
17134,0,1,1,4,22,True,37,1,185,441,4.41,0
17135,0,1,1,4,32,False,37,1,144,400,4.0,0
17136,0,1,3,3,28,False,16,9,0,2304,23.04,0
17137,0,1,1,4,23,True,37,1,124,380,3.8,0
17138,0,1,1,1,17,False,0,0,0,0,0.0,0
17139,0,1,3,4,20,True,4,5,0,1280,12.8,167772160
17140,0,-1,-1,-1,-1,True,-1,-1,-1,-1,-1.0,-1
17141,0,67,0,1,35,True,0,0,0,0,0.0,68096
17142,0,66,0,3,45,True,0,0,0,0,0.0,2560
17143,0,-1,-1,-1,-1,True,-1,-1,-1,-1,-1.0,-1
17144,0,173,0,0,0,False,0,0,10,10,0.1,1
17145,0,221,3,4,18,False,0,0,0,0,0.0,0
17146,0,1,9,0,0,False,0,0,0,0,0.0,0
17147,0,1,0,3,6,False,28,12,0,3072,30.72,0
17148,0,1,9,0,0,False,0,0,0,0,0.0,0
17149,0,1,0,2,50,True,28,0,0,0,0.0,0
17150,0,1,19,5,9,False,2,12,28,3100,31.0,28
17151,0,1,4,0,0,False,0,0,0,0,0.0,0
17152,0,1,1,3,2,False,28,10,0,2560,25.6,0
17153,0,1,4,0,0,False,0,0,0,0,0.0,0
17154,0,1,1,3,43,False,28,11,0,2816,28.16,0
17155,0,1,3,7,6,False,224,11,29,2845,28.45,0
17156,0,-1,-1,-1,-1,True,-1,-1,-1,-1,-1.0,-1
17157,0,1,3,4,26,True,197,11,13,2829,28.29,0
17158,0,1,3,4,27,True,196,5,30,1310,13.1,0
17159,0,1,3,4,28,True,196,3,64,832,8.32,0
17160,0,1,3,4,31,False,226,4,176,1200,12.0,0
17161,0,1,3,4,20,True,226,5,11,1291,12.91,206
17162,0,-1,-1,-1,-1,True,-1,-1,-1,-1,-1.0,-1
17163,0,1,3,4,10,False,45,9,175,2479,24.79,0
17164,0,1,3,4,34,True,247,13,182,3510,35.1,0
17165,0,1,3,4,13,False,228,7,115,1907,19.07,0
17166,0,1,3,4,11,True,227,7,94,1886,18.86,0
17167,0,1,3,4,30,False,140,3,212,980,9.8,0
17168,0,1,3,4,21,True,140,3,188,956,9.56,0
17169,0,1,3,4,27,False,127,0,250,250,2.5,0
17170,0,1,3,4,26,True,127,0,225,225,2.25,0
17171,0,1,3,4,23,False,121,11,87,2903,29.03,0
17172,0,1,1,4,23,False,1,7,0,1792,17.92,167772160
17173,0,-1,-1,-1,-1,True,-1,-1,-1,-1,-1.0,-1
17174,0,-1,-1,-1,-1,True,-1,-1,-1,-1,-1.0,-1
17175,0,-1,-1,-1,-1,True,-1,-1,-1,-1,-1.0,-1
17176,0,-1,-1,-1,-1,True,-1,-1,-1,-1,-1.0,-1
17177,0,-1,-1,-1,-1,True,-1,-1,-1,-1,-1.0,-1
17178,0,1,2,4,27,True,125,5,228,1508,15.08,0
17179,0,1,3,4,18,False,234,9,45,2349,23.49,0
17180,0,1,3,4,32,True,234,9,17,2321,23.21,0
17181,0,1,3,4,17,False,42,9,180,2484,24.84,0
17182,0,1,3,4,26,True,42,9,161,2465,24.65,0
17183,0,1,3,4,21,False,137,10,134,2694,26.94,0
17184,0,1,3,4,23,False,136,3,144,912,9.12,0
17185,0,1,3,4,7,False,179,12,215,3287,32.87,0
17186,0,1,3,4,27,True,179,12,194,3266,32.66,0
17187,0,1,3,4,27,False,20,15,227,4067,40.67,0
17188,0,1,3,4,34,True,20,15,199,4039,40.39,0
17189,0,1,3,4,16,False,41,9,246,2550,25.5,0
17190,0,1,3,4,17,True,41,9,220,2524,25.24,0
17191,0,1,3,4,19,False,118,2,9,521,5.21,0
17192,0,1,3,4,32,True,118,1,248,504,5.04,0
17193,0,1,3,4,0,False,155,1,7,263,2.63,0
17194,0,1,3,4,34,True,155,4,10,1034,10.34,239
17195,0,-1,-1,-1,-1,True,-1,-1,-1,-1,-1.0,-1
17196,0,1,3,4,28,False,68,2,245,757,7.57,0
17197,0,1,3,4,29,True,68,2,222,734,7.34,0
17198,0,1,3,4,0,False,241,0,207,207,2.07,0
17199,0,1,3,4,34,True,255,6,68,1604,16.04,0
17200,0,1,3,4,21,True,199,2,141,653,6.53,0
17201,0,1,1,4,26,True,255,6,46,1582,15.82,0
17202,0,1,3,4,32,True,28,0,55,55,0.55,0
17203,0,1,3,4,0,False,143,9,37,2341,23.41,0
17204,0,1,3,4,34,True,143,9,13,2317,23.17,0
17205,0,1,3,4,24,False,192,8,255,2303,23.03,0
17206,0,1,3,4,24,True,192,8,236,2284,22.84,0
17207,0,1,3,4,27,False,112,9,211,2515,25.15,0
17208,0,1,3,4,21,True,112,9,186,2490,24.9,0
17209,0,1,3,4,33,False,145,10,198,2758,27.58,0
17210,0,1,3,4,29,True,145,10,178,2738,27.38,0
17211,0,1,3,4,13,False,19,12,107,3179,31.79,0
17212,0,1,3,4,21,True,19,12,87,3159,31.59,0
17213,0,1,3,4,16,False,224,14,134,3718,37.18,0
17214,0,1,3,4,13,True,224,10,71,2631,26.31,0
17215,0,1,3,4,18,False,96,10,96,2656,26.56,0
17216,0,1,2,4,18,False,176,15,69,3909,39.09,0
17217,0,1,3,4,13,True,96,10,75,2635,26.35,0
17218,0,1,2,4,34,True,176,15,49,3889,38.89,0
17219,0,1,3,4,28,False,205,12,238,3310,33.1,0
17220,0,1,3,4,11,True,205,12,215,3287,32.87,0
17221,0,1,3,4,1,False,22,1,53,309,3.09,0
17222,0,1,3,4,3,False,21,2,171,683,6.83,0
17223,0,1,3,4,22,True,21,2,147,659,6.59,0
17224,0,1,3,4,23,True,22,2,13,525,5.25,182
17225,0,-1,-1,-1,-1,True,-1,-1,-1,-1,-1.0,-1
17226,0,1,3,4,10,False,121,6,64,1600,16.0,0
17227,0,1,3,4,11,False,120,2,42,554,5.54,0
17228,0,1,3,4,24,True,119,2,17,529,5.29,0
17229,0,1,3,4,28,False,7,12,0,3072,30.72,167772160
17230,0,-1,-1,-1,-1,True,-1,-1,-1,-1,-1.0,-1
17231,0,79,1,4,27,True,0,0,0,0,0.0,469830144
17232,0,-1,-1,-1,-1,True,-1,-1,-1,-1,-1.0,-1
17233,0,-1,-1,-1,-1,True,-1,-1,-1,-1,-1.0,-1
17234,0,1,3,4,21,False,177,14,207,3791,37.91,0
17235,0,1,3,4,21,True,177,14,187,3771,37.71,0
17236,0,1,2,4,14,False,18,14,171,3755,37.55,0
17237,0,1,3,4,14,False,21,10,142,2702,27.02,0
17238,0,1,2,4,4,True,18,14,150,3734,37.34,0
17239,0,1,3,4,13,False,18,0,125,125,1.25,0
17240,0,1,3,4,33,True,191,0,106,106,1.06,0
17241,0,1,3,4,8,False,190,12,184,3256,32.56,0
17242,0,1,3,4,31,True,190,12,164,3236,32.36,0
17243,0,1,3,4,24,False,25,11,234,3050,30.5,0
17244,0,1,3,4,17,True,25,11,211,3027,30.27,0
17245,0,1,3,4,0,False,92,7,45,1837,18.37,0
17246,0,1,3,4,15,True,92,7,21,1813,18.13,0
17247,0,1,3,4,29,False,90,8,180,2228,22.28,0
17248,0,1,3,4,20,True,90,8,157,2205,22.05,0
17249,0,1,3,4,0,False,55,14,32,3616,36.16,0
17250,0,1,3,4,34,True,54,14,8,3592,35.92,0
17251,0,1,3,4,29,False,174,2,14,526,5.26,57
17252,0,-1,-1,-1,-1,True,-1,-1,-1,-1,-1.0,-1
17253,0,1,3,4,19,False,180,4,74,1098,10.98,0
17254,0,1,3,4,34,True,180,4,53,1077,10.77,0
17255,0,1,3,4,30,True,176,2,116,628,6.28,0
17256,0,1,3,4,14,False,168,3,148,916,9.16,0
17257,0,1,3,4,29,True,168,3,126,894,8.94,0
17258,0,1,3,4,3,False,8,11,206,3022,30.22,0
17259,0,1,3,4,12,True,8,11,183,2999,29.99,0
17260,0,1,3,4,30,False,30,3,56,824,8.24,0
17261,0,1,3,4,29,True,30,3,36,804,8.04,0
17262,0,1,3,4,24,False,101,6,234,1770,17.7,0
17263,0,1,3,4,5,True,101,6,213,1749,17.49,0
17264,0,1,3,4,3,False,153,13,5,3333,33.33,0
17265,0,1,3,4,22,True,153,13,9,3337,33.37,195
17266,0,-1,-1,-1,-1,True,-1,-1,-1,-1,-1.0,-1
17267,0,1,3,4,31,True,45,9,178,2482,24.82,0
17268,0,1,3,4,24,False,10,2,0,512,5.12,167772160
17269,0,-1,-1,-1,-1,True,-1,-1,-1,-1,-1.0,-1
17270,0,-1,-1,-1,-1,True,-1,-1,-1,-1,-1.0,-1
17271,0,9,0,0,0,False,0,0,10,10,0.1,814095361
17272,0,-1,-1,-1,-1,True,-1,-1,-1,-1,-1.0,-1
17273,0,1,3,4,32,True,15,2,206,718,7.18,0
17274,0,1,3,4,26,False,13,5,55,1335,13.35,0
17275,0,1,3,4,25,False,73,7,132,1924,19.24,0
17276,0,1,3,4,31,True,73,7,112,1904,19.04,0
17277,0,1,3,4,32,False,200,5,166,1446,14.46,0
17278,0,1,3,4,33,False,196,12,199,3271,32.71,0
17279,0,1,3,4,10,True,196,12,178,3250,32.5,0
17280,0,1,3,4,29,False,245,3,112,880,8.8,0
17281,0,1,3,4,24,True,245,3,89,857,8.57,0
17282,0,1,3,4,18,False,161,2,233,745,7.45,0
17283,0,1,3,4,23,True,2,3,0,768,7.68,167772160
17284,0,-1,-1,-1,-1,True,-1,-1,-1,-1,-1.0,-1
17285,0,-1,-1,-1,-1,True,-1,-1,-1,-1,-1.0,-1
17286,0,-1,-1,-1,-1,True,-1,-1,-1,-1,-1.0,-1
17287,0,-1,-1,-1,-1,True,-1,-1,-1,-1,-1.0,-1
17288,0,-1,-1,-1,-1,True,-1,-1,-1,-1,-1.0,-1
17289,0,-1,-1,-1,-1,True,-1,-1,-1,-1,-1.0,-1
17290,0,1,3,4,17,True,223,3,231,999,9.99,0
17291,0,1,2,4,6,True,255,0,221,221,2.21,0
17292,0,1,3,4,28,False,29,1,15,271,2.71,165
17293,0,-1,-1,-1,-1,True,-1,-1,-1,-1,-1.0,-1
17294,0,1,3,4,34,True,145,15,141,3981,39.81,0
17295,0,1,3,4,32,False,4,0,242,242,2.42,0
17296,0,1,3,4,16,True,4,0,220,220,2.2,0
17297,0,1,3,4,4,False,15,13,0,3328,33.28,167772160
17298,0,-1,-1,-1,-1,True,-1,-1,-1,-1,-1.0,-1
17299,0,183,0,0,0,False,0,0,10,10,0.1,136190977
17300,0,-1,-1,-1,-1,True,-1,-1,-1,-1,-1.0,-1
17301,0,1,3,4,29,False,2,5,105,1385,13.85,0
17302,0,1,3,4,24,True,2,5,80,1360,13.6,0
17303,0,1,3,4,23,False,230,2,135,647,6.47,0
17304,0,1,3,4,28,True,230,2,114,626,6.26,0
17305,0,1,3,4,19,False,47,3,207,975,9.75,0
17306,0,1,3,4,18,False,47,7,80,1872,18.72,0
17307,0,1,3,4,32,True,47,7,62,1854,18.54,0
17308,0,1,3,4,33,False,226,6,112,1648,16.48,0
17309,0,1,1,4,23,False,254,5,1,1281,12.81,171
17310,0,-1,-1,-1,-1,True,-1,-1,-1,-1,-1.0,-1
17311,0,1,3,4,30,True,133,1,149,405,4.05,0
17312,0,1,3,4,21,False,10,3,130,898,8.98,0
17313,0,1,3,4,10,True,10,1,133,389,3.89,0
17314,0,1,3,4,15,False,81,14,115,3699,36.99,0
17315,0,1,3,4,17,True,81,14,90,3674,36.74,0
17316,0,1,3,4,33,False,120,15,0,3840,38.4,0
17317,0,1,3,4,21,True,120,14,235,3819,38.19,0
17318,0,1,3,4,7,False,206,10,211,2771,27.71,0
17319,0,1,3,4,27,True,206,10,190,2750,27.5,0
17320,0,1,3,4,0,False,151,12,244,3316,33.16,0
17321,0,1,2,4,0,False,190,8,46,2094,20.94,0
17322,0,1,3,4,34,True,127,6,156,1692,16.92,0
17323,0,1,3,4,20,False,121,2,254,766,7.66,0
17324,0,1,3,4,21,True,121,2,229,741,7.41,0
17325,0,1,3,4,26,False,253,11,203,3019,30.19,0
17326,0,1,3,4,22,True,253,11,181,2997,29.97,0
17327,0,1,3,4,21,False,179,10,145,2705,27.05,0
17328,0,1,3,4,20,False,85,7,0,1792,17.92,0
17329,0,1,3,4,29,False,161,3,244,1012,10.12,0
17330,0,1,3,4,21,True,242,12,227,3299,32.99,0
17331,0,1,3,4,24,False,241,7,43,1835,18.35,0
17332,0,1,3,4,23,True,241,7,20,1812,18.12,0
17333,0,1,3,4,27,False,189,8,63,2111,21.11,0
17334,0,1,3,4,9,True,157,0,1,1,0.01,197
17335,0,-1,-1,-1,-1,True,-1,-1,-1,-1,-1.0,-1
17336,0,1,3,4,26,False,80,15,235,4075,40.75,0
17337,0,1,3,4,25,True,80,15,5,3845,38.45,183
17338,0,-1,-1,-1,-1,True,-1,-1,-1,-1,-1.0,-1
17339,0,1,3,4,28,False,92,11,54,2870,28.7,0
17340,0,1,3,4,26,True,92,11,30,2846,28.46,0
17341,0,1,3,4,26,False,241,12,69,3141,31.41,0
17342,0,1,3,4,9,True,240,12,48,3120,31.2,0
17343,0,1,3,4,12,False,23,12,188,3260,32.6,0
17344,0,1,3,4,19,True,2,0,0,0,0.0,167772160
17345,0,-1,-1,-1,-1,True,-1,-1,-1,-1,-1.0,-1
17346,0,2,8,4,0,False,0,0,0,0,0.0,2400977162
17347,0,-1,-1,-1,-1,True,-1,-1,-1,-1,-1.0,-1
17348,0,-1,-1,-1,-1,True,-1,-1,-1,-1,-1.0,-1
17349,0,-1,-1,-1,-1,True,-1,-1,-1,-1,-1.0,-1
17350,0,1,2,4,33,True,14,2,48,560,5.6,0
17351,0,1,3,4,23,False,178,9,75,2379,23.79,0
17352,0,1,3,4,5,True,178,9,54,2358,23.58,0
17353,0,1,3,4,1,False,105,12,11,3083,30.83,0
17354,0,1,3,4,29,True,105,11,245,3061,30.61,0
17355,0,1,3,4,23,False,167,14,195,3779,37.79,0
17356,0,1,3,4,24,False,167,2,107,619,6.19,0
17357,0,1,3,4,18,True,167,14,17,3601,36.01,0
17358,0,1,3,4,15,True,56,13,252,3580,35.8,0
17359,0,1,3,4,21,False,59,11,99,2915,29.15,0
17360,0,1,3,4,4,True,59,11,78,2894,28.94,0
17361,0,1,3,4,27,False,101,12,218,3290,32.9,0
17362,0,1,3,4,22,True,186,12,195,3267,32.67,0
17363,0,1,3,4,21,False,96,1,10,266,2.66,0
17364,0,1,3,4,28,True,96,0,244,244,2.44,0
17365,0,1,3,4,22,False,134,14,161,3745,37.45,0
17366,0,1,3,4,33,True,83,5,213,1493,14.93,0
17367,0,1,3,4,18,False,83,9,180,2484,24.84,0
17368,0,1,3,4,32,True,85,9,135,2439,24.39,0
17369,0,1,3,4,22,False,35,9,221,2525,25.25,0
17370,0,1,3,4,34,True,23,9,197,2501,25.01,0
17371,0,1,3,4,0,False,61,13,116,3444,34.44,0
17372,0,1,3,4,34,True,61,13,92,3420,34.2,0
17373,0,1,3,4,8,False,157,3,62,830,8.3,0
17374,0,1,3,4,29,True,157,3,40,808,8.08,0
17375,0,1,3,4,3,False,246,0,161,161,1.61,0
17376,0,1,3,4,5,True,246,0,138,138,1.38,0
17377,0,1,3,4,8,False,165,5,1,1281,12.81,0
17378,0,1,3,4,24,True,10,12,0,3072,30.72,167772160
17379,0,-1,-1,-1,-1,True,-1,-1,-1,-1,-1.0,-1
17380,0,-1,-1,-1,-1,True,-1,-1,-1,-1,-1.0,-1
17381,0,213,0,0,0,False,0,0,10,10,0.1,3793689601
17382,0,133,0,0,0,False,0,0,10,10,0.1,3802078209
17383,0,-1,-1,-1,-1,True,-1,-1,-1,-1,-1.0,-1
17384,0,-1,-1,-1,-1,True,-1,-1,-1,-1,-1.0,-1
17385,0,-1,-1,-1,-1,True,-1,-1,-1,-1,-1.0,-1
17386,0,-1,-1,-1,-1,True,-1,-1,-1,-1,-1.0,-1
17387,0,1,3,4,5,False,158,13,124,3452,34.52,0
17388,0,1,3,4,23,True,158,13,104,3432,34.32,0
17389,0,1,3,4,30,False,79,13,40,3368,33.68,2573
17390,0,-1,-1,-1,-1,True,-1,-1,-1,-1,-1.0,-1
17391,0,-1,-1,-1,-1,True,-1,-1,-1,-1,-1.0,-1
17392,0,1,3,4,15,False,237,4,59,1083,10.83,0
17393,0,1,3,4,24,True,237,4,37,1061,10.61,0
17394,0,1,3,4,30,False,73,1,102,358,3.58,0
17395,0,1,3,4,9,True,73,1,80,336,3.36,0
17396,0,1,3,4,28,False,84,1,99,355,3.55,0
17397,0,1,3,4,29,False,81,14,254,3838,38.38,0
17398,0,1,3,4,28,True,81,14,232,3816,38.16,0
17399,0,1,3,4,25,False,17,0,215,215,2.15,0
17400,0,1,3,4,8,True,17,0,192,192,1.92,0
17401,0,1,3,4,15,False,154,6,190,1726,17.26,0
17402,0,1,3,4,23,True,154,6,167,1703,17.03,0
17403,0,1,3,4,24,False,216,1,85,341,3.41,0
17404,0,1,3,4,3,True,216,1,64,320,3.2,0
17405,0,1,3,4,12,False,65,1,29,285,2.85,0
17406,0,1,3,4,25,False,140,10,227,2787,27.87,0
17407,0,1,3,4,16,True,140,10,206,2766,27.66,0
17408,0,1,3,4,31,False,52,14,87,3671,36.71,0
17409,0,1,3,4,32,True,52,14,67,3651,36.51,0
17410,0,1,3,4,14,True,130,15,168,4008,40.08,0
17411,0,1,3,4,17,False,130,4,108,1132,11.32,0
17412,0,1,3,4,19,False,138,8,11,2059,20.59,51
17413,0,-1,-1,-1,-1,True,-1,-1,-1,-1,-1.0,-1
17414,0,1,3,4,20,False,72,12,121,3193,31.93,0
17415,0,1,1,4,28,True,145,7,191,1983,19.83,0
17416,0,1,3,4,31,True,72,12,99,3171,31.71,0
17417,0,1,1,4,18,False,145,10,143,2703,27.03,0
17418,0,1,3,4,18,True,170,10,93,2653,26.53,0
17419,0,1,1,4,29,True,145,10,125,2685,26.85,0
17420,0,1,3,4,20,False,17,1,94,350,3.5,0
17421,0,1,3,4,27,True,17,1,70,326,3.26,0
17422,0,1,3,4,27,False,189,13,45,3373,33.73,0
17423,0,1,3,4,21,True,189,13,20,3348,33.48,0
17424,0,1,3,4,13,False,88,1,216,472,4.72,0
17425,0,1,3,4,26,True,88,1,197,453,4.53,0
17426,0,1,3,4,28,False,248,5,171,1451,14.51,0
17427,0,1,3,4,29,True,248,5,148,1428,14.28,0
17428,0,1,3,4,0,False,11,4,176,1200,12.0,0
17429,0,1,3,4,18,True,255,4,155,1179,11.79,0
17430,0,1,3,4,11,False,247,1,229,485,4.85,0
17431,0,1,3,4,31,True,247,1,208,464,4.64,0
17432,0,1,3,4,30,False,98,10,146,2706,27.06,0
17433,0,1,3,4,22,True,98,10,121,2681,26.81,0
17434,0,1,3,4,32,True,170,10,244,2804,28.04,0
17435,0,1,3,4,29,False,170,15,221,4061,40.61,0
17436,0,1,3,4,31,True,170,15,200,4040,40.4,0
17437,0,1,3,4,26,False,5,9,0,2304,23.04,167772160
17438,0,-1,-1,-1,-1,True,-1,-1,-1,-1,-1.0,-1
17439,0,81,0,0,0,False,0,0,10,10,0.1,1
17440,0,59,0,0,0,False,0,0,10,10,0.1,1
17441,0,20,0,0,0,False,0,0,10,10,0.1,3248167937
17442,0,-1,-1,-1,-1,True,-1,-1,-1,-1,-1.0,-1
17443,0,-1,-1,-1,-1,True,-1,-1,-1,-1,-1.0,-1
17444,0,-1,-1,-1,-1,True,-1,-1,-1,-1,-1.0,-1
17445,0,-1,-1,-1,-1,True,-1,-1,-1,-1,-1.0,-1
17446,0,1,3,4,0,False,235,7,10,1802,18.02,55
17447,0,-1,-1,-1,-1,True,-1,-1,-1,-1,-1.0,-1
17448,0,1,3,4,25,True,183,10,35,2595,25.95,0
17449,0,1,3,4,33,False,50,13,152,3480,34.8,0
17450,0,1,3,4,15,True,50,13,132,3460,34.6,0
17451,0,1,3,4,26,False,159,7,10,1802,18.02,128
17452,0,-1,-1,-1,-1,True,-1,-1,-1,-1,-1.0,-1
17453,0,1,3,4,0,False,199,7,89,1881,18.81,0
17454,0,1,3,4,24,False,23,14,133,3717,37.17,0
17455,0,1,1,4,32,False,74,0,172,172,1.72,0
17456,0,1,3,4,0,False,228,7,240,2032,20.32,0
17457,0,1,3,4,34,True,228,7,216,2008,20.08,0
17458,0,1,3,4,21,False,21,1,155,411,4.11,0
17459,0,1,3,4,27,True,21,2,7,519,5.19,90
17460,0,-1,-1,-1,-1,True,-1,-1,-1,-1,-1.0,-1
17461,0,1,3,4,33,True,178,7,71,1863,18.63,0
17462,0,1,3,4,21,True,43,15,18,3858,38.58,0
17463,0,1,3,4,18,False,43,1,200,456,4.56,0
17464,0,1,3,4,22,True,43,1,177,433,4.33,0
17465,0,1,3,4,3,False,116,3,240,1008,10.08,0
17466,0,1,3,4,22,True,8,9,0,2304,23.04,167772160
17467,0,-1,-1,-1,-1,True,-1,-1,-1,-1,-1.0,-1
17468,0,198,0,7,15,True,0,0,0,0,0.0,469830144
17469,0,122,0,0,0,False,0,0,10,10,0.1,1
17470,0,93,0,0,0,False,0,0,10,10,0.1,1150819329
17471,0,-1,-1,-1,-1,True,-1,-1,-1,-1,-1.0,-1
17472,0,-1,-1,-1,-1,True,-1,-1,-1,-1,-1.0,-1
17473,0,1,3,4,2,False,46,0,150,150,1.5,0
17474,0,1,3,4,26,True,46,0,127,127,1.27,0
17475,0,1,3,4,29,False,141,1,36,292,2.92,0
17476,0,1,3,4,27,True,141,6,14,1550,15.5,128
17477,0,-1,-1,-1,-1,True,-1,-1,-1,-1,-1.0,-1
17478,0,1,3,4,0,False,164,9,188,2492,24.92,0
17479,0,1,3,4,34,True,163,9,164,2468,24.68,0
17480,0,1,3,4,28,False,37,12,106,3178,31.78,0
17481,0,1,3,4,13,True,37,12,83,3155,31.55,0
17482,0,1,3,4,27,False,2,14,199,3783,37.83,0
17483,0,1,3,4,20,True,2,14,173,3757,37.57,0
17484,0,1,3,4,26,False,2,5,103,1383,13.83,0
17485,0,1,3,4,21,True,2,5,82,1362,13.62,0
17486,0,1,3,4,16,False,59,7,240,2032,20.32,0
17487,0,1,3,4,32,True,57,10,192,2752,27.52,0
17488,0,1,3,4,0,False,198,6,128,1664,16.64,0
17489,0,1,3,4,34,True,198,6,105,1641,16.41,0
17490,0,1,3,4,31,False,168,7,207,1999,19.99,0
17491,0,1,3,4,23,True,168,7,186,1978,19.78,0
17492,0,1,3,4,24,True,112,10,167,2727,27.27,0
17493,0,1,3,4,7,False,111,6,160,1696,16.96,0
17494,0,1,3,4,25,True,111,12,190,3262,32.62,0
17495,0,1,3,4,30,False,58,7,154,1946,19.46,0
17496,0,1,3,4,32,True,58,7,132,1924,19.24,0
17497,0,1,3,4,27,False,156,1,121,377,3.77,0
17498,0,1,3,4,28,True,156,10,2,2562,25.62,72
17499,0,-1,-1,-1,-1,True,-1,-1,-1,-1,-1.0,-1
17500,0,1,1,4,24,True,15,11,144,2960,29.6,0
17501,0,1,3,4,9,True,239,1,228,484,4.84,0
17502,0,1,3,4,21,False,9,5,28,1308,13.08,0
17503,0,1,17,3,21,False,158,15,130,3970,39.7,0
17504,0,-1,-1,-1,-1,True,-1,-1,-1,-1,-1.0,-1
17505,0,1,3,4,22,True,158,15,106,3946,39.46,0
17506,0,1,3,4,21,True,39,15,10,3850,38.5,0
17507,0,1,3,4,15,False,38,12,45,3117,31.17,0
17508,0,1,3,4,22,True,38,12,23,3095,30.95,0
17509,0,1,3,4,23,False,30,12,207,3279,32.79,0
17510,0,1,3,4,31,True,209,13,64,3392,33.92,0
17511,0,1,3,4,19,True,209,13,44,3372,33.72,0
17512,0,1,3,4,27,False,231,13,171,3499,34.99,0
17513,0,1,3,4,13,True,231,13,145,3473,34.73,0
17514,0,1,3,4,30,False,91,13,12,3340,33.4,0
17515,0,1,3,4,21,True,91,12,244,3316,33.16,0
17516,0,1,3,4,20,False,17,2,35,547,5.47,0
17517,0,1,3,4,32,True,17,2,15,527,5.27,0
17518,0,1,3,4,25,False,8,2,76,588,5.88,0
17519,0,1,3,4,23,True,8,2,54,566,5.66,0
17520,0,1,3,4,16,False,186,2,115,627,6.27,0
17521,0,1,3,4,9,True,186,2,90,602,6.02,0
17522,0,1,3,4,33,False,130,0,0,0,0.0,17432576
17523,0,-1,-1,-1,-1,True,-1,-1,-1,-1,-1.0,-1
17524,0,-1,-1,-1,-1,True,-1,-1,-1,-1,-1.0,-1
17525,0,-1,-1,-1,-1,True,-1,-1,-1,-1,-1.0,-1
17526,0,-1,-1,-1,-1,True,-1,-1,-1,-1,-1.0,-1
17527,0,-1,-1,-1,-1,True,-1,-1,-1,-1,-1.0,-1
17528,0,1,3,4,28,True,80,4,108,1132,11.32,0
17529,0,1,3,4,29,True,77,9,58,2362,23.62,0
17530,0,1,3,4,10,False,12,3,0,768,7.68,167772160
17531,0,-1,-1,-1,-1,True,-1,-1,-1,-1,-1.0,-1
17532,0,12,15,7,0,False,0,0,0,0,0.0,2417754378
17533,0,-1,-1,-1,-1,True,-1,-1,-1,-1,-1.0,-1
17534,0,1,3,4,11,False,139,4,48,1072,10.72,0
17535,0,1,2,4,32,False,21,13,213,3541,35.41,0
17536,0,1,3,4,28,True,139,4,25,1049,10.49,0
17537,0,1,1,4,4,False,123,7,64,1856,18.56,0
17538,0,1,2,4,32,True,21,13,195,3523,35.23,0
17539,0,1,1,4,32,True,123,7,44,1836,18.36,0
17540,0,1,3,4,24,False,29,5,126,1406,14.06,0
17541,0,1,3,4,26,True,233,5,100,1380,13.8,0
17542,0,1,3,4,3,False,80,3,176,944,9.44,0
17543,0,1,3,4,10,True,40,1,173,429,4.29,0
17544,0,1,3,4,11,True,42,3,124,892,8.92,0
17545,0,1,3,4,0,False,13,13,145,3473,34.73,0
17546,0,1,3,4,34,True,13,13,121,3449,34.49,0
17547,0,1,3,4,15,False,103,9,187,2491,24.91,0
17548,0,1,3,4,25,True,103,3,14,782,7.82,88
17549,0,-1,-1,-1,-1,True,-1,-1,-1,-1,-1.0,-1
17550,0,1,3,4,14,True,38,10,31,2591,25.91,0
17551,0,1,3,4,24,False,18,12,30,3102,31.02,0
17552,0,1,3,4,23,False,17,0,18,18,0.18,0
17553,0,1,3,4,32,True,17,15,255,4095,40.95,0
17554,0,1,3,4,30,False,145,3,62,830,8.3,0
17555,0,1,3,4,31,True,11,8,0,2048,20.48,167772160
17556,0,-1,-1,-1,-1,True,-1,-1,-1,-1,-1.0,-1
17557,0,37,0,0,0,False,0,0,10,10,0.1,7169
17558,0,231,0,0,0,False,0,0,10,10,0.1,4010220545
17559,0,-1,-1,-1,-1,True,-1,-1,-1,-1,-1.0,-1
17560,0,-1,-1,-1,-1,True,-1,-1,-1,-1,-1.0,-1
17561,0,-1,-1,-1,-1,True,-1,-1,-1,-1,-1.0,-1
17562,0,1,3,4,20,True,239,14,146,3730,37.3,0
17563,0,1,3,4,18,False,156,9,234,2538,25.38,0
17564,0,1,3,4,28,True,224,13,251,3579,35.79,0
17565,0,1,3,4,30,False,75,1,207,463,4.63,0
17566,0,1,3,4,18,True,75,1,184,440,4.4,0
17567,0,1,3,4,21,False,245,12,195,3267,32.67,0
17568,0,1,3,4,25,True,28,14,62,3646,36.46,21508
17569,0,-1,-1,-1,-1,True,-1,-1,-1,-1,-1.0,-1
17570,0,-1,-1,-1,-1,True,-1,-1,-1,-1,-1.0,-1
17571,0,1,3,4,3,True,62,4,62,1086,10.86,0
17572,0,1,3,4,5,True,62,4,47,1071,10.71,0
17573,0,1,3,4,25,False,5,3,159,927,9.27,0
17574,0,1,3,4,29,True,5,3,138,906,9.06,0
17575,0,1,3,4,31,False,4,8,0,2048,20.48,167772160
17576,0,-1,-1,-1,-1,True,-1,-1,-1,-1,-1.0,-1
17577,0,194,0,0,0,False,0,0,10,10,0.1,3901033473
17578,0,-1,-1,-1,-1,True,-1,-1,-1,-1,-1.0,-1
17579,0,-1,-1,-1,-1,True,-1,-1,-1,-1,-1.0,-1
17580,0,-1,-1,-1,-1,True,-1,-1,-1,-1,-1.0,-1
17581,0,1,3,4,27,True,6,7,0,1792,17.92,167772160
17582,0,-1,-1,-1,-1,True,-1,-1,-1,-1,-1.0,-1
17583,0,-1,-1,-1,-1,True,-1,-1,-1,-1,-1.0,-1
17584,0,-1,-1,-1,-1,True,-1,-1,-1,-1,-1.0,-1
17585,0,-1,-1,-1,-1,True,-1,-1,-1,-1,-1.0,-1
17586,0,-1,-1,-1,-1,True,-1,-1,-1,-1,-1.0,-1
17587,0,-1,-1,-1,-1,True,-1,-1,-1,-1,-1.0,-1
17588,0,1,1,4,33,True,243,6,85,1621,16.21,0
17589,0,1,3,4,21,True,94,10,226,2786,27.86,0
17590,0,1,1,4,26,False,54,5,77,1357,13.57,0
17591,0,1,1,4,23,True,5,5,0,1280,12.8,167772160
17592,0,-1,-1,-1,-1,True,-1,-1,-1,-1,-1.0,-1
17593,0,-1,-1,-1,-1,True,-1,-1,-1,-1,-1.0,-1
17594,0,-1,-1,-1,-1,True,-1,-1,-1,-1,-1.0,-1
17595,0,-1,-1,-1,-1,True,-1,-1,-1,-1,-1.0,-1
17596,0,-1,-1,-1,-1,True,-1,-1,-1,-1,-1.0,-1
17597,0,-1,-1,-1,-1,True,-1,-1,-1,-1,-1.0,-1
17598,0,-1,-1,-1,-1,True,-1,-1,-1,-1,-1.0,-1
17599,0,1,3,4,34,True,86,0,104,104,1.04,0
17600,0,1,3,4,0,False,20,8,171,2219,22.19,0
17601,0,1,3,4,34,True,19,8,147,2195,21.95,0
17602,0,1,3,4,27,False,77,7,69,1861,18.61,0
17603,0,1,3,4,31,True,77,3,238,1006,10.06,0
17604,0,1,3,4,29,False,25,15,58,3898,38.98,0
17605,0,1,3,4,11,True,25,15,36,3876,38.76,0
17606,0,1,3,4,30,False,114,12,157,3229,32.29,0
17607,0,1,3,4,10,True,114,15,204,4044,40.44,0
17608,0,1,3,4,31,True,237,15,182,4022,40.22,0
17609,0,1,3,4,25,False,133,13,9,3337,33.37,0
17610,0,1,3,4,33,True,133,12,245,3317,33.17,0
17611,0,1,3,4,0,False,9,13,104,3432,34.32,0
17612,0,1,3,4,19,True,78,13,82,3410,34.1,0
17613,0,1,3,4,25,False,85,11,3,2819,28.19,100
17614,0,-1,-1,-1,-1,True,-1,-1,-1,-1,-1.0,-1
17615,0,1,3,4,34,True,107,3,76,844,8.44,0
17616,0,1,3,4,15,False,169,8,192,2240,22.4,0
17617,0,1,3,4,32,True,169,8,173,2221,22.21,0
17618,0,1,3,4,29,False,217,7,187,1979,19.79,0
17619,0,1,3,4,26,True,217,7,166,1958,19.58,0
17620,0,1,3,4,14,False,115,14,223,3807,38.07,0
17621,0,1,3,4,15,False,114,7,131,1923,19.23,0
17622,0,1,3,4,15,True,114,7,112,1904,19.04,0
17623,0,1,3,4,11,False,176,2,184,696,6.96,0
17624,0,1,3,4,18,True,122,2,160,672,6.72,0
17625,0,1,3,4,25,False,147,2,202,714,7.14,0
17626,0,1,3,4,30,True,147,2,181,693,6.93,0
17627,0,1,3,4,25,False,199,14,238,3822,38.22,0
17628,0,1,3,4,28,True,199,14,216,3800,38.0,0
17629,0,1,3,4,0,False,104,12,253,3325,33.25,0
17630,0,1,3,4,34,True,104,12,229,3301,33.01,0
17631,0,1,3,4,0,False,12,12,156,3228,32.28,14091936
17632,0,-1,-1,-1,-1,True,-1,-1,-1,-1,-1.0,-1
17633,0,-1,-1,-1,-1,True,-1,-1,-1,-1,-1.0,-1
17634,0,-1,-1,-1,-1,True,-1,-1,-1,-1,-1.0,-1
17635,0,1,3,4,22,False,24,9,163,2467,24.67,0
17636,0,1,3,4,18,True,1,9,142,2446,24.46,0
17637,0,1,3,4,32,False,214,4,55,1079,10.79,0
17638,0,1,3,4,29,True,214,4,33,1057,10.57,0
17639,0,1,3,4,21,False,133,2,241,753,7.53,0
17640,0,1,3,4,14,True,133,2,218,730,7.3,0
17641,0,1,3,4,22,False,219,1,182,438,4.38,0
17642,0,1,3,4,30,True,219,1,160,416,4.16,0
17643,0,1,3,4,0,False,62,7,204,1996,19.96,0
17644,0,1,3,4,34,True,62,7,180,1972,19.72,0
17645,0,1,3,4,0,False,125,15,226,4066,40.66,0
17646,0,1,3,4,34,True,125,15,201,4041,40.41,0
17647,0,1,3,4,17,False,237,11,125,2941,29.41,0
17648,0,1,3,4,23,True,96,14,194,3778,37.78,0
17649,0,1,2,4,3,False,145,4,1,1025,10.25,0
17650,0,1,2,4,30,True,201,15,202,4042,40.42,0
17651,0,1,3,4,14,False,168,1,29,285,2.85,0
17652,0,1,1,4,28,False,232,13,235,3563,35.63,0
17653,0,1,3,4,18,True,168,1,5,261,2.61,0
17654,0,1,1,4,29,False,230,4,250,1274,12.74,0
17655,0,1,3,4,13,False,85,12,153,3225,32.25,0
17656,0,1,1,4,19,True,230,4,231,1255,12.55,0
17657,0,1,15,6,28,False,14,0,0,0,0.0,7223
17658,0,1,18,5,63,True,0,15,28,3868,38.68,20
17659,0,1,11,5,1,False,14,0,0,0,0.0,17170432
17660,0,-1,-1,-1,-1,True,-1,-1,-1,-1,-1.0,-1
17661,0,-1,-1,-1,-1,True,-1,-1,-1,-1,-1.0,-1
17662,0,-1,-1,-1,-1,True,-1,-1,-1,-1,-1.0,-1
17663,0,-1,-1,-1,-1,True,-1,-1,-1,-1,-1.0,-1
17664,0,1,3,4,17,True,143,14,183,3767,37.67,0
17665,0,1,3,4,21,False,103,2,12,524,5.24,151
17666,0,-1,-1,-1,-1,True,-1,-1,-1,-1,-1.0,-1
17667,0,1,3,4,21,False,226,15,232,4072,40.72,0
17668,0,1,3,4,20,False,226,6,21,1557,15.57,0
17669,0,1,3,4,31,True,226,6,0,1536,15.36,0
17670,0,1,3,4,16,False,105,1,43,299,2.99,0
17671,0,1,3,4,30,True,105,1,21,277,2.77,0
17672,0,1,3,4,27,False,42,9,9,2313,23.13,0
17673,0,1,3,4,24,True,42,8,242,2290,22.9,0
17674,0,1,1,4,18,False,182,13,65,3393,33.93,0
17675,0,1,3,4,28,True,182,13,43,3371,33.71,0
17676,0,1,3,4,30,False,152,11,75,2891,28.91,0
17677,0,1,3,4,28,True,152,11,52,2868,28.68,0
17678,0,1,3,4,7,False,152,15,117,3957,39.57,0
17679,0,1,3,4,19,True,152,15,97,3937,39.37,0
17680,0,1,3,4,30,False,59,9,143,2447,24.47,0
17681,0,1,3,4,34,True,59,9,118,2422,24.22,0
17682,0,1,3,4,13,False,5,6,79,1615,16.15,0
17683,0,1,3,4,27,True,5,6,59,1595,15.95,0
17684,0,1,3,4,0,False,149,11,156,2972,29.72,0
17685,0,1,3,4,34,True,149,11,11,2827,28.27,219
17686,0,-1,-1,-1,-1,True,-1,-1,-1,-1,-1.0,-1
17687,0,1,2,4,1,False,11,0,242,242,2.42,0
17688,0,1,2,4,34,True,11,0,222,222,2.22,0
17689,0,1,3,4,22,False,28,8,191,2239,22.39,0
17690,0,1,3,4,28,True,28,8,244,2292,22.92,0
17691,0,1,3,4,29,True,245,8,225,2273,22.73,0
17692,0,1,3,4,19,False,188,14,162,3746,37.46,0
17693,0,1,3,4,15,True,188,14,141,3725,37.25,0
17694,0,1,3,4,12,False,42,5,159,1439,14.39,0
17695,0,1,1,4,7,True,91,4,111,1135,11.35,0
17696,0,1,3,4,28,False,31,2,5,517,5.17,0
17697,0,1,12,7,28,False,24,8,13,2061,20.61,8920101
17698,0,1,19,0,0,False,0,0,0,0,0.0,0
17699,0,1,1,5,15,False,28,12,125,3197,31.97,14
17700,0,1,18,5,28,False,142,13,3,3331,33.31,212
17701,0,1,3,4,32,False,125,14,254,3838,38.38,0
17702,0,1,3,4,13,True,76,0,0,0,0.0,17432576
17703,0,237,1,3,26,False,0,0,0,0,0.0,68096
17704,0,69,0,0,0,False,0,0,10,10,0.1,1309154305
17705,0,-1,-1,-1,-1,True,-1,-1,-1,-1,-1.0,-1
17706,0,-1,-1,-1,-1,True,-1,-1,-1,-1,-1.0,-1
17707,0,-1,-1,-1,-1,True,-1,-1,-1,-1,-1.0,-1
17708,0,-1,-1,-1,-1,True,-1,-1,-1,-1,-1.0,-1
17709,0,1,3,4,9,False,77,6,93,1629,16.29,0
17710,0,1,3,4,8,True,77,6,71,1607,16.07,0
17711,0,1,3,4,11,True,44,5,219,1499,14.99,0
17712,0,1,3,4,22,True,44,5,196,1476,14.76,0
17713,0,1,3,4,16,False,177,13,147,3475,34.75,0
17714,0,1,3,4,12,True,177,13,124,3452,34.52,0
17715,0,1,3,4,21,False,55,6,22,1558,15.58,0
17716,0,1,3,4,28,True,55,6,0,1536,15.36,0
17717,0,1,3,4,21,False,246,13,102,3430,34.3,0
17718,0,1,3,4,31,True,246,13,81,3409,34.09,0
17719,0,1,3,4,0,False,136,6,0,1536,15.36,218103808
17720,0,-1,-1,-1,-1,True,-1,-1,-1,-1,-1.0,-1
17721,0,138,3,4,13,False,0,0,0,0,0.0,0
17722,0,-1,-1,-1,-1,True,-1,-1,-1,-1,-1.0,-1
17723,0,1,28,0,0,False,0,0,0,0,0.0,0
17724,0,1,0,6,41,True,28,12,224,3296,32.96,54022
17725,0,1,3,4,22,False,19,9,237,2541,25.41,0
17726,0,1,3,4,28,True,19,11,26,2842,28.42,0
17727,0,1,3,4,34,True,238,11,2,2818,28.18,0
17728,0,1,3,4,14,False,39,11,135,2951,29.51,0
17729,0,1,3,4,25,True,39,11,110,2926,29.26,0
17730,0,1,3,4,10,False,17,6,18,1554,15.54,0
17731,0,1,3,4,31,True,203,6,35,1571,15.71,0
17732,0,1,1,4,31,False,255,9,15,2319,23.19,138
17733,0,-1,-1,-1,-1,True,-1,-1,-1,-1,-1.0,-1
17734,0,1,3,4,26,False,44,6,252,1788,17.88,0
17735,0,1,3,4,23,True,187,8,178,2226,22.26,0
17736,0,1,3,4,29,True,172,15,238,4078,40.78,0
17737,0,1,2,4,7,True,11,5,0,1280,12.8,167772160
17738,0,-1,-1,-1,-1,True,-1,-1,-1,-1,-1.0,-1
17739,0,183,0,0,0,False,0,0,10,10,0.1,1695751169
17740,0,-1,-1,-1,-1,True,-1,-1,-1,-1,-1.0,-1
17741,0,1,3,4,19,True,81,6,34,1570,15.7,0
17742,0,1,3,4,33,True,81,6,10,1546,15.46,0
17743,0,1,3,4,4,False,131,15,54,3894,38.94,0
17744,0,1,3,4,25,True,131,15,33,3873,38.73,0
17745,0,1,3,4,21,False,36,9,20,2324,23.24,0
17746,0,1,3,4,30,True,36,8,254,2302,23.02,0
17747,0,1,3,4,22,True,130,0,130,130,1.3,0
17748,0,1,3,4,33,False,129,5,61,1341,13.41,20
17749,0,-1,-1,-1,-1,True,-1,-1,-1,-1,-1.0,-1
17750,0,1,3,3,12,False,159,15,0,3840,38.4,0
17751,0,1,1,0,0,False,0,0,0,0,0.0,0
17752,0,1,30,0,0,False,0,0,0,0,0.0,0
17753,0,1,21,5,9,False,232,4,159,1183,11.83,173
17754,0,1,1,1,21,True,0,0,0,0,0.0,0
17755,0,1,3,4,0,False,206,0,0,0,0.0,17432576
17756,0,-1,-1,-1,-1,True,-1,-1,-1,-1,-1.0,-1
17757,0,-1,-1,-1,-1,True,-1,-1,-1,-1,-1.0,-1
17758,0,-1,-1,-1,-1,True,-1,-1,-1,-1,-1.0,-1
17759,0,1,3,4,25,False,198,7,26,1818,18.18,0
17760,0,1,3,4,19,True,198,3,144,912,9.12,0
17761,0,1,3,4,20,True,198,7,4,1796,17.96,0
17762,0,1,3,4,23,False,123,13,185,3513,35.13,0
17763,0,1,3,4,22,True,123,13,99,3427,34.27,0
17764,0,1,3,4,22,False,37,11,73,2889,28.89,0
17765,0,1,1,4,5,False,154,8,1,2049,20.49,133
17766,0,-1,-1,-1,-1,True,-1,-1,-1,-1,-1.0,-1
17767,0,1,3,4,16,True,248,0,19,19,0.19,0
17768,0,1,3,4,17,True,248,1,109,365,3.65,0
17769,0,1,3,4,24,False,238,14,95,3679,36.79,0
17770,0,1,3,4,33,True,4,12,0,3072,30.72,167772160
17771,0,-1,-1,-1,-1,True,-1,-1,-1,-1,-1.0,-1
17772,0,153,0,3,24,False,0,0,0,0,0.0,469830144
17773,0,-1,-1,-1,-1,True,-1,-1,-1,-1,-1.0,-1
17774,0,-1,-1,-1,-1,True,-1,-1,-1,-1,-1.0,-1
17775,0,-1,-1,-1,-1,True,-1,-1,-1,-1,-1.0,-1
17776,0,-1,-1,-1,-1,True,-1,-1,-1,-1,-1.0,-1
17777,0,1,3,4,33,False,33,1,102,358,3.58,0
17778,0,1,3,4,21,True,33,1,82,338,3.38,0
17779,0,1,3,4,0,False,83,7,79,1871,18.71,0
17780,0,1,3,4,34,True,83,4,2,1026,10.26,11
17781,0,-1,-1,-1,-1,True,-1,-1,-1,-1,-1.0,-1
17782,0,1,3,4,31,False,210,10,231,2791,27.91,0
17783,0,1,3,4,19,True,7,1,1,257,2.57,134
17784,0,-1,-1,-1,-1,True,-1,-1,-1,-1,-1.0,-1
17785,0,1,3,4,28,True,24,1,112,368,3.68,0
17786,0,1,3,4,23,False,156,5,90,1370,13.7,0
17787,0,1,3,4,34,True,201,5,66,1346,13.46,0
17788,0,1,3,4,21,False,245,2,75,587,5.87,0
17789,0,1,3,4,31,False,189,8,11,2059,20.59,0
17790,0,1,3,4,23,True,189,7,246,2038,20.38,0
17791,0,1,3,4,24,True,189,2,52,564,5.64,0
17792,0,1,3,4,33,False,207,3,242,1010,10.1,0
17793,0,1,3,4,14,True,207,3,221,989,9.89,0
17794,0,1,3,4,20,False,85,3,132,900,9.0,0
17795,0,1,3,4,30,True,85,3,109,877,8.77,0
17796,0,1,3,4,15,False,144,6,174,1710,17.1,0
17797,0,1,3,4,30,False,5,1,239,495,4.95,0
17798,0,1,1,4,14,True,198,6,154,1690,16.9,0
17799,0,1,3,4,1,False,219,13,61,3389,33.89,0
17800,0,1,3,4,17,False,12,15,152,3992,39.92,0
17801,0,1,0,4,52,False,219,1,152,408,4.08,4
17802,0,-1,-1,-1,-1,True,-1,-1,-1,-1,-1.0,-1
17803,0,1,11,7,29,True,219,10,123,2683,26.83,8389652
17804,0,1,2,4,28,True,0,10,219,2779,27.79,0
17805,0,1,3,4,7,False,237,12,145,3217,32.17,0
17806,0,1,14,7,7,False,214,12,27,3099,30.99,6817663
17807,0,1,3,4,24,True,127,7,76,1868,18.68,0
17808,0,1,3,4,3,False,171,10,65,2625,26.25,0
17809,0,1,3,4,11,True,171,10,42,2602,26.02,0
17810,0,1,3,4,24,True,0,2,0,512,5.12,167772160
17811,0,-1,-1,-1,-1,True,-1,-1,-1,-1,-1.0,-1
17812,0,142,0,0,0,False,0,0,10,10,0.1,663493633
17813,0,-1,-1,-1,-1,True,-1,-1,-1,-1,-1.0,-1
17814,0,-1,-1,-1,-1,True,-1,-1,-1,-1,-1.0,-1
17815,0,-1,-1,-1,-1,True,-1,-1,-1,-1,-1.0,-1
17816,0,-1,-1,-1,-1,True,-1,-1,-1,-1,-1.0,-1
17817,0,1,3,4,24,False,140,12,153,3225,32.25,0
17818,0,1,3,4,25,True,140,12,130,3202,32.02,0
17819,0,1,3,4,19,False,220,15,162,4002,40.02,0
17820,0,1,3,4,16,True,220,1,168,424,4.24,0
17821,0,-1,-1,-1,-1,True,-1,-1,-1,-1,-1.0,-1
17822,0,1,0,5,28,False,145,3,5,773,7.73,113
17823,0,1,2,4,29,True,168,15,243,4083,40.83,0
17824,0,1,3,4,19,False,236,11,131,2947,29.47,0
17825,0,1,3,4,24,True,236,11,110,2926,29.26,0
17826,0,1,3,4,22,False,3,4,0,1024,10.24,167772160
17827,0,-1,-1,-1,-1,True,-1,-1,-1,-1,-1.0,-1
17828,0,122,0,0,0,False,0,0,10,10,0.1,437656577
17829,0,-1,-1,-1,-1,True,-1,-1,-1,-1,-1.0,-1
17830,0,1,3,4,22,True,26,15,143,3983,39.83,0
17831,0,1,3,4,29,False,179,14,248,3832,38.32,0
17832,0,1,3,4,28,True,179,14,226,3810,38.1,0
17833,0,1,3,4,25,False,161,1,80,336,3.36,0
17834,0,1,3,4,14,True,160,1,58,314,3.14,0
17835,0,1,3,4,18,True,198,4,6,1030,10.3,0
17836,0,1,3,4,24,False,255,10,111,2671,26.71,0
17837,0,1,3,4,28,True,255,10,89,2649,26.49,0
17838,0,1,3,4,0,False,97,10,82,2642,26.42,0
17839,0,1,3,4,7,True,97,10,59,2619,26.19,0
17840,0,1,3,4,3,False,130,8,152,2200,22.0,0
17841,0,1,3,4,24,True,237,12,222,3294,32.94,0
17842,0,1,3,4,29,False,191,10,198,2758,27.58,0
17843,0,1,1,4,26,False,11,5,240,1520,15.2,0
17844,0,1,3,4,22,True,191,10,174,2734,27.34,0
17845,0,1,1,4,14,True,11,5,222,1502,15.02,0
17846,0,1,3,4,29,True,210,14,1,3585,35.85,80
17847,0,-1,-1,-1,-1,True,-1,-1,-1,-1,-1.0,-1
17848,0,1,3,4,24,False,126,14,53,3637,36.37,0
17849,0,1,3,4,15,True,126,14,29,3613,36.13,0
17850,0,1,3,4,24,False,68,14,186,3770,37.7,0
17851,0,1,3,4,19,True,103,10,39,2599,25.99,0
17852,0,1,3,4,10,True,103,10,17,2577,25.77,0
17853,0,1,3,4,31,False,13,6,199,1735,17.35,0
17854,0,1,3,4,18,True,13,6,179,1715,17.15,0
17855,0,1,3,4,20,False,86,2,77,589,5.89,0
17856,0,1,3,4,28,True,86,2,54,566,5.66,0
17857,0,1,3,4,10,False,25,10,42,2602,26.02,0
17858,0,1,3,4,9,False,22,15,241,4081,40.81,0
17859,0,1,3,4,9,True,22,15,224,4064,40.64,0
17860,0,1,3,4,12,False,22,9,135,2439,24.39,0
17861,0,1,3,4,10,True,31,8,192,2240,22.4,0
17862,0,1,3,4,20,True,31,8,170,2218,22.18,0
17863,0,1,3,4,25,False,168,10,31,2591,25.91,0
17864,0,1,3,4,27,False,167,8,14,2062,20.62,0
17865,0,1,3,4,17,True,8,13,0,3328,33.28,167772160
17866,0,-1,-1,-1,-1,True,-1,-1,-1,-1,-1.0,-1
17867,0,103,0,0,0,False,0,0,10,10,0.1,7169
17868,0,-1,-1,-1,-1,True,-1,-1,-1,-1,-1.0,-1
17869,0,1,3,4,31,True,65,5,93,1373,13.73,0
17870,0,1,3,4,0,False,233,8,22,2070,20.7,0
17871,0,1,3,4,34,True,233,7,254,2046,20.46,0
17872,0,1,3,4,28,False,203,2,101,613,6.13,0
17873,0,1,3,4,7,True,203,2,79,591,5.91,0
17874,0,1,3,4,0,False,115,5,98,1378,13.78,0
17875,0,1,3,4,34,True,115,5,74,1354,13.54,0
17876,0,1,3,4,3,True,211,2,137,649,6.49,0
17877,0,1,3,4,6,True,202,10,164,2724,27.24,0
17878,0,1,3,4,13,False,202,1,16,272,2.72,0
17879,0,1,3,4,21,False,105,15,84,3924,39.24,0
17880,0,1,3,4,25,True,105,3,193,961,9.61,0
17881,0,1,3,4,19,True,152,15,198,4038,40.38,0
17882,0,1,3,4,16,False,0,0,28,28,0.28,0
17883,0,1,19,1,16,False,0,0,0,0,0.0,0
17884,0,1,22,1,28,False,0,0,0,0,0.0,0
17885,0,1,19,2,16,False,0,0,0,0,0.0,0
17886,0,1,24,1,28,False,0,0,0,0,0.0,0
17887,0,1,9,6,6,False,90,12,162,3234,32.34,1614
17888,0,1,8,3,28,False,22,6,0,1536,15.36,0
17889,0,1,0,5,34,False,28,9,198,2502,25.02,5
17890,0,1,9,4,28,False,22,13,15,3343,33.43,0
17891,0,1,14,5,28,False,161,13,15,3343,33.43,96
17892,0,1,3,4,29,False,167,15,14,3854,38.54,122
17893,0,-1,-1,-1,-1,True,-1,-1,-1,-1,-1.0,-1
17894,0,1,3,4,0,False,177,15,15,3855,38.55,0
17895,0,1,3,4,34,True,177,14,246,3830,38.3,0
17896,0,1,3,4,32,False,110,13,225,3553,35.53,0
17897,0,1,3,4,29,True,110,13,204,3532,35.32,0
17898,0,1,3,4,16,False,12,13,217,3545,35.45,0
17899,0,1,3,4,20,True,12,13,193,3521,35.21,0
17900,0,1,3,4,32,False,137,0,248,248,2.48,0
17901,0,1,3,4,15,True,11,0,0,0,0.0,167772160
17902,0,-1,-1,-1,-1,True,-1,-1,-1,-1,-1.0,-1
17903,0,163,0,0,0,False,0,0,10,10,0.1,2483295233
17904,0,-1,-1,-1,-1,True,-1,-1,-1,-1,-1.0,-1
17905,0,1,2,4,15,True,140,13,103,3431,34.31,0
17906,0,1,3,4,17,False,18,15,231,4071,40.71,0
17907,0,1,3,4,29,True,18,15,211,4051,40.51,0
17908,0,1,3,4,13,False,135,6,73,1609,16.09,0
17909,0,1,3,4,33,True,135,6,54,1590,15.9,0
17910,0,1,3,4,33,False,132,11,176,2992,29.92,0
17911,0,1,3,4,17,True,131,11,155,2971,29.71,0
17912,0,1,3,4,31,False,197,7,187,1979,19.79,0
17913,0,1,3,4,27,True,249,12,1,3073,30.73,0
17914,0,1,8,6,14,False,143,12,148,3220,32.2,3654
17915,0,1,15,1,28,False,0,0,0,0,0.0,0
17916,0,1,1,7,62,True,13,4,28,1052,10.52,917142
17917,0,1,5,6,28,False,0,10,7,2567,25.67,7275
17918,0,1,20,2,10,True,7,0,0,0,0.0,0
17919,0,-1,-1,-1,-1,True,-1,-1,-1,-1,-1.0,-1
17920,0,-1,-1,-1,-1,True,-1,-1,-1,-1,-1.0,-1
17921,0,-1,-1,-1,-1,True,-1,-1,-1,-1,-1.0,-1
17922,0,-1,-1,-1,-1,True,-1,-1,-1,-1,-1.0,-1
17923,0,-1,-1,-1,-1,True,-1,-1,-1,-1,-1.0,-1
17924,0,1,3,4,26,False,113,0,134,134,1.34,0
17925,0,1,3,4,27,True,6,5,0,1280,12.8,167772160
17926,0,-1,-1,-1,-1,True,-1,-1,-1,-1,-1.0,-1
17927,0,159,0,0,0,False,0,0,10,10,0.1,0
17928,0,-1,-1,-1,-1,True,-1,-1,-1,-1,-1.0,-1
17929,0,129,0,0,0,False,0,0,10,10,0.1,1
17930,0,107,0,0,0,False,0,0,10,10,0.1,1
17931,0,107,0,0,0,False,0,0,10,10,0.1,3525254145
17932,0,-1,-1,-1,-1,True,-1,-1,-1,-1,-1.0,-1
17933,0,-1,-1,-1,-1,True,-1,-1,-1,-1,-1.0,-1
17934,0,-1,-1,-1,-1,True,-1,-1,-1,-1,-1.0,-1
17935,0,1,3,4,21,True,210,11,24,2840,28.4,0
17936,0,1,3,4,5,False,71,13,250,3578,35.78,0
17937,0,1,3,4,12,True,71,13,230,3558,35.58,0
17938,0,1,3,4,20,False,53,5,96,1376,13.76,0
17939,0,1,3,4,21,False,52,0,6,6,0.06,119
17940,0,-1,-1,-1,-1,True,-1,-1,-1,-1,-1.0,-1
17941,0,1,3,4,14,False,222,1,100,356,3.56,0
17942,0,1,3,4,33,True,24,8,125,2173,21.73,0
17943,0,1,3,4,0,False,45,15,224,4064,40.64,0
17944,0,1,3,4,34,True,45,15,200,4040,40.4,0
17945,0,1,3,4,25,False,75,15,149,3989,39.89,0
17946,0,1,3,4,34,True,75,15,127,3967,39.67,0
17947,0,1,3,4,29,False,160,0,107,107,1.07,0
17948,0,1,3,4,27,True,160,0,84,84,0.84,0
17949,0,1,3,4,20,False,145,8,70,2118,21.18,0
17950,0,1,3,4,14,False,120,8,175,2223,22.23,0
17951,0,1,3,4,6,True,120,8,151,2199,21.99,0
17952,0,1,3,4,13,False,89,1,127,383,3.83,0
17953,0,1,3,4,27,True,89,9,2,2306,23.06,0
17954,0,1,30,2,28,False,161,0,0,0,0.0,0
17955,0,1,3,1,2,False,0,0,0,0,0.0,0
17956,0,1,27,2,28,False,32,0,0,0,0.0,0
17957,0,1,9,2,8,False,169,0,0,0,0.0,0
17958,0,1,3,4,34,True,74,8,145,2193,21.93,0
17959,0,1,3,4,32,False,75,1,79,335,3.35,0
17960,0,1,3,4,12,True,75,1,57,313,3.13,0
17961,0,1,3,4,12,False,69,1,176,432,4.32,0
17962,0,1,3,4,13,False,68,1,115,371,3.71,0
17963,0,1,3,4,27,True,68,1,94,350,3.5,0
17964,0,1,3,4,28,True,69,1,156,412,4.12,0
17965,0,1,1,4,28,False,243,8,111,2159,21.59,0
17966,0,1,3,4,5,False,7,4,56,1080,10.8,0
17967,0,1,1,4,31,True,243,8,92,2140,21.4,0
17968,0,1,3,4,34,False,28,1,12,268,2.68,222
17969,0,-1,-1,-1,-1,True,-1,-1,-1,-1,-1.0,-1
17970,0,1,3,4,28,True,33,12,201,3273,32.73,0
17971,0,1,3,4,30,False,82,0,38,38,0.38,0
17972,0,1,3,4,26,True,82,0,17,17,0.17,0
17973,0,1,3,4,24,False,233,12,41,3113,31.13,0
17974,0,1,3,4,28,True,233,12,20,3092,30.92,0
17975,0,1,3,4,28,False,23,5,122,1402,14.02,0
17976,0,1,3,4,23,True,23,5,100,1380,13.8,0
17977,0,1,3,4,31,False,114,11,57,2873,28.73,0
17978,0,1,3,4,33,True,114,11,37,2853,28.53,0
17979,0,1,3,4,20,False,190,14,212,3796,37.96,0
17980,0,1,3,4,21,False,190,8,208,2256,22.56,0
17981,0,1,3,4,30,True,190,8,186,2234,22.34,0
17982,0,1,3,4,14,False,251,13,238,3566,35.66,0
17983,0,1,3,4,31,True,251,13,215,3543,35.43,0
17984,0,1,3,4,25,False,15,15,216,4056,40.56,0
17985,0,1,3,4,27,False,16,14,141,3725,37.25,0
17986,0,1,3,4,8,True,16,14,114,3698,36.98,0
17987,0,1,3,4,9,True,15,15,194,4034,40.34,0
17988,0,1,3,4,22,False,35,5,221,1501,15.01,0
17989,0,1,3,4,0,False,147,14,211,3795,37.95,0
17990,0,1,1,4,18,True,232,5,200,1480,14.8,0
17991,0,1,3,4,28,False,0,0,9,9,0.09,0
17992,0,1,26,2,28,False,162,0,0,0,0.0,0
17993,0,1,12,0,0,False,0,0,0,0,0.0,0
17994,0,1,1,1,57,True,0,0,0,0,0.0,0
17995,0,1,3,4,18,False,106,3,2,770,7.7,0
17996,0,1,3,4,32,True,106,2,239,751,7.51,0
17997,0,1,3,4,18,False,255,11,97,2913,29.13,0
17998,0,1,3,4,15,True,255,11,75,2891,28.91,0
17999,0,1,3,4,12,False,77,2,175,687,6.87,0
18000,0,1,3,4,13,False,78,15,149,3989,39.89,0
18001,0,1,3,4,26,True,77,2,155,667,6.67,0
18002,0,1,3,4,27,True,78,15,129,3969,39.69,0
18003,0,1,3,4,13,False,234,5,4,1284,12.84,0
18004,0,1,3,5,57,True,15,8,4,2052,20.52,27
18005,0,1,3,7,2,False,127,4,140,1164,11.64,6619895
18006,0,1,3,4,21,True,184,12,48,3120,31.2,0
18007,0,1,3,4,22,False,184,2,16,528,5.28,0
18008,0,1,3,4,20,True,183,1,248,504,5.04,0
18009,0,1,2,4,3,False,247,6,109,1645,16.45,0
18010,0,1,3,4,22,True,7,13,227,3555,35.55,0
18011,0,1,3,4,18,False,7,2,95,607,6.07,0
18012,0,1,3,4,24,True,7,13,206,3534,35.34,0
18013,0,1,3,4,25,True,7,2,72,584,5.84,0
18014,0,1,3,4,28,False,26,12,25,3097,30.97,0
18015,0,1,3,4,32,True,26,12,5,3077,30.77,0
18016,0,1,1,4,31,False,203,8,165,2213,22.13,0
18017,0,1,3,4,29,False,21,12,139,3211,32.11,617
18018,0,-1,-1,-1,-1,True,-1,-1,-1,-1,-1.0,-1
18019,0,-1,-1,-1,-1,True,-1,-1,-1,-1,-1.0,-1
18020,0,1,14,3,28,False,14,1,0,256,2.56,0
18021,0,1,1,2,17,False,28,0,0,0,0.0,0
18022,0,1,19,3,33,False,10,10,0,2560,25.6,0
18023,0,1,3,4,16,False,91,3,187,955,9.55,0
18024,0,1,3,4,29,True,11,3,0,768,7.68,167772160
18025,0,-1,-1,-1,-1,True,-1,-1,-1,-1,-1.0,-1
18026,0,204,0,0,0,False,0,0,10,10,0.1,3624606721
18027,0,0,0,0,0,False,0,10,1,2561,25.61,28
18028,0,238,0,0,0,False,0,0,10,10,0.1,3422559233
18029,0,-1,-1,-1,-1,True,-1,-1,-1,-1,-1.0,-1
18030,0,-1,-1,-1,-1,True,-1,-1,-1,-1,-1.0,-1
18031,0,-1,-1,-1,-1,True,-1,-1,-1,-1,-1.0,-1
18032,0,1,3,4,25,True,196,9,131,2435,24.35,0
18033,0,1,3,4,12,False,107,6,104,1640,16.4,0
18034,0,1,3,4,11,True,107,6,81,1617,16.17,0
18035,0,1,3,4,13,False,106,3,12,780,7.8,0
18036,0,1,2,7,28,False,142,3,11,779,7.79,990461
18037,0,1,27,2,13,False,116,0,0,0,0.0,0
18038,0,1,3,4,34,True,218,13,93,3421,34.21,0
18039,0,1,3,4,32,False,160,3,101,869,8.69,0
18040,0,1,3,4,8,True,160,3,78,846,8.46,0
18041,0,1,3,4,32,False,28,8,40,2088,20.88,0
18042,0,1,3,4,33,True,28,8,18,2066,20.66,0
18043,0,1,3,4,17,False,107,13,4,3332,33.32,0
18044,0,1,3,4,23,True,107,12,239,3311,33.11,0
18045,0,1,3,4,32,False,18,15,40,3880,38.8,0
18046,0,1,3,4,30,True,18,2,1,513,5.13,102
18047,0,-1,-1,-1,-1,True,-1,-1,-1,-1,-1.0,-1
18048,0,1,3,4,33,False,214,15,254,4094,40.94,0
18049,0,1,3,4,33,True,214,15,238,4078,40.78,0
18050,0,1,3,4,19,False,60,8,132,2180,21.8,0
18051,0,1,3,4,29,True,60,8,114,2162,21.62,0
18052,0,1,3,4,11,False,206,1,106,362,3.62,0
18053,0,1,3,4,9,False,206,8,169,2217,22.17,0
18054,0,1,3,4,11,True,206,8,147,2195,21.95,0
18055,0,1,3,4,12,True,206,1,82,338,3.38,0
18056,0,1,3,4,28,False,147,12,232,3304,33.04,0
18057,0,1,3,4,20,True,12,0,0,0,0.0,167772160
18058,0,-1,-1,-1,-1,True,-1,-1,-1,-1,-1.0,-1
18059,0,-1,-1,-1,-1,True,-1,-1,-1,-1,-1.0,-1
18060,0,-1,-1,-1,-1,True,-1,-1,-1,-1,-1.0,-1
18061,0,-1,-1,-1,-1,True,-1,-1,-1,-1,-1.0,-1
18062,0,-1,-1,-1,-1,True,-1,-1,-1,-1,-1.0,-1
18063,0,-1,-1,-1,-1,True,-1,-1,-1,-1,-1.0,-1
18064,0,1,3,4,25,True,191,8,67,2115,21.15,0
18065,0,1,3,4,6,False,5,5,77,1357,13.57,0
18066,0,1,3,4,21,True,5,5,56,1336,13.36,0
18067,0,1,3,4,0,False,195,12,61,3133,31.33,0
18068,0,1,3,4,34,True,195,12,36,3108,31.08,0
18069,0,1,3,4,0,False,1,3,225,993,9.93,0
18070,0,1,3,4,34,True,1,3,201,969,9.69,0
18071,0,1,3,4,17,False,148,8,25,2073,20.73,0
18072,0,1,3,4,18,False,145,12,194,3266,32.66,0
18073,0,1,3,4,32,False,136,15,168,4008,40.08,0
18074,0,1,3,4,14,True,136,8,14,2062,20.62,240
18075,0,-1,-1,-1,-1,True,-1,-1,-1,-1,-1.0,-1
18076,0,1,3,4,25,False,156,0,26,26,0.26,0
18077,0,1,3,4,22,True,156,0,3,3,0.03,0
18078,0,1,3,4,2,False,164,2,173,685,6.85,0
18079,0,1,3,4,6,True,28,1,235,491,4.91,10756
18080,0,-1,-1,-1,-1,True,-1,-1,-1,-1,-1.0,-1
18081,0,-1,-1,-1,-1,True,-1,-1,-1,-1,-1.0,-1
18082,0,1,3,4,24,True,235,4,20,1044,10.44,0
18083,0,1,3,4,30,False,50,10,52,2612,26.12,0
18084,0,1,3,4,21,True,50,10,28,2588,25.88,0
18085,0,1,3,4,29,False,133,10,60,2620,26.2,0
18086,0,1,3,4,25,True,133,10,38,2598,25.98,0
18087,0,1,3,4,18,False,240,13,48,3376,33.76,0
18088,0,1,1,4,30,False,159,4,16,1040,10.4,0
18089,0,1,3,4,16,False,240,4,18,1042,10.42,0
18090,0,1,1,4,31,False,160,9,229,2533,25.33,0
18091,0,1,3,4,28,True,240,13,28,3356,33.56,0
18092,0,1,1,4,29,False,159,0,79,79,0.79,0
18093,0,1,1,4,7,True,160,9,210,2514,25.14,0
18094,0,1,1,4,8,True,159,0,61,61,0.61,0
18095,0,1,3,4,31,False,218,1,85,341,3.41,0
18096,0,1,3,4,16,True,218,1,65,321,3.21,0
18097,0,1,3,4,26,False,202,7,245,2037,20.37,0
18098,0,1,3,4,13,True,202,12,10,3082,30.82,103
18099,0,-1,-1,-1,-1,True,-1,-1,-1,-1,-1.0,-1
18100,0,1,3,4,24,False,210,11,46,2862,28.62,0
18101,0,1,3,4,28,True,210,11,25,2841,28.41,0
18102,0,1,3,4,3,False,223,4,254,1278,12.78,0
18103,0,1,3,4,18,True,223,4,231,1255,12.55,0
18104,0,1,3,4,24,False,132,1,40,296,2.96,0
18105,0,1,3,4,17,True,132,1,18,274,2.74,0
18106,0,1,3,4,25,False,141,5,223,1503,15.03,0
18107,0,1,3,4,21,True,13,5,0,1280,12.8,167772160
18108,0,-1,-1,-1,-1,True,-1,-1,-1,-1,-1.0,-1
18109,0,-1,-1,-1,-1,True,-1,-1,-1,-1,-1.0,-1
18110,0,-1,-1,-1,-1,True,-1,-1,-1,-1,-1.0,-1
18111,0,-1,-1,-1,-1,True,-1,-1,-1,-1,-1.0,-1
18112,0,-1,-1,-1,-1,True,-1,-1,-1,-1,-1.0,-1
18113,0,1,3,4,22,False,214,1,54,310,3.1,0
18114,0,1,3,4,19,True,220,10,18,2578,25.78,0
18115,0,1,1,4,5,True,188,1,186,442,4.42,0
18116,0,1,3,4,9,False,253,12,0,3072,30.72,0
18117,0,1,29,1,11,False,0,0,0,0,0.0,0
18118,0,1,21,1,28,False,0,0,0,0,0.0,0
18119,0,1,20,2,41,True,11,0,0,0,0.0,0
18120,0,-1,-1,-1,-1,True,-1,-1,-1,-1,-1.0,-1
18121,0,-1,-1,-1,-1,True,-1,-1,-1,-1,-1.0,-1
18122,0,-1,-1,-1,-1,True,-1,-1,-1,-1,-1.0,-1
18123,0,-1,-1,-1,-1,True,-1,-1,-1,-1,-1.0,-1
18124,0,-1,-1,-1,-1,True,-1,-1,-1,-1,-1.0,-1
18125,0,1,3,4,34,True,168,0,65,65,0.65,0
18126,0,1,3,4,21,False,73,7,44,1836,18.36,0
18127,0,1,3,4,26,True,73,7,23,1815,18.15,0
18128,0,1,3,4,9,False,247,12,202,3274,32.74,0
18129,0,1,3,4,17,True,28,12,174,3246,32.46,0
18130,0,1,3,4,28,False,120,12,89,3161,31.61,0
18131,0,1,3,4,30,True,120,12,66,3138,31.38,0
18132,0,1,3,4,19,False,46,9,52,2356,23.56,0
18133,0,1,3,4,23,True,168,0,0,0,0.0,17432576
18134,0,171,0,0,0,False,0,0,10,10,0.1,328408065
18135,0,-1,-1,-1,-1,True,-1,-1,-1,-1,-1.0,-1
18136,0,-1,-1,-1,-1,True,-1,-1,-1,-1,-1.0,-1
18137,0,-1,-1,-1,-1,True,-1,-1,-1,-1,-1.0,-1
18138,0,-1,-1,-1,-1,True,-1,-1,-1,-1,-1.0,-1
18139,0,1,3,4,32,False,25,6,185,1721,17.21,0
18140,0,1,3,4,29,True,25,8,28,2076,20.76,137
18141,0,-1,-1,-1,-1,True,-1,-1,-1,-1,-1.0,-1
18142,0,-1,-1,-1,-1,True,-1,-1,-1,-1,-1.0,-1
18143,0,1,1,4,31,True,28,10,255,2815,28.15,0
18144,0,1,1,7,63,True,28,11,5,2821,28.21,186
18145,0,60,0,0,0,False,0,0,10,10,0.1,3952352257
18146,0,-1,-1,-1,-1,True,-1,-1,-1,-1,-1.0,-1
18147,0,-1,-1,-1,-1,True,-1,-1,-1,-1,-1.0,-1
18148,0,-1,-1,-1,-1,True,-1,-1,-1,-1,-1.0,-1
18149,0,1,3,4,22,False,19,6,185,1721,17.21,0
18150,0,1,3,4,25,True,19,6,163,1699,16.99,0
18151,0,1,3,4,0,False,73,14,243,3827,38.27,0
18152,0,1,3,4,34,True,73,14,218,3802,38.02,0
18153,0,1,3,4,21,False,0,7,125,1917,19.17,0
18154,0,1,3,4,30,True,255,7,103,1895,18.95,0
18155,0,1,3,4,25,False,8,10,31,2591,25.91,0
18156,0,1,3,4,31,True,8,10,11,2571,25.71,0
18157,0,1,3,4,15,False,92,14,222,3806,38.06,0
18158,0,1,3,4,16,True,19,6,15,1551,15.51,48
18159,0,-1,-1,-1,-1,True,-1,-1,-1,-1,-1.0,-1
18160,0,1,3,4,18,True,214,15,29,3869,38.69,0
18161,0,1,3,4,31,False,154,11,222,3038,30.38,0
18162,0,1,3,4,5,True,154,11,203,3019,30.19,0
18163,0,1,3,4,31,False,21,1,210,466,4.66,0
18164,0,1,3,4,22,True,21,1,188,444,4.44,0
18165,0,1,3,4,26,False,240,13,243,3571,35.71,0
18166,0,1,3,4,23,True,240,13,222,3550,35.5,0
18167,0,1,3,4,13,False,128,9,202,2506,25.06,0
18168,0,1,3,4,30,True,128,9,181,2485,24.85,0
18169,0,1,3,4,32,False,138,10,101,2661,26.61,0
18170,0,1,3,4,24,True,138,4,41,1065,10.65,0
18171,0,1,3,4,24,False,165,8,206,2254,22.54,0
18172,0,1,1,4,16,False,0,8,183,2231,22.31,0
18173,0,1,3,4,26,True,165,8,185,2233,22.33,0
18174,0,1,1,4,26,True,0,8,164,2212,22.12,0
18175,0,1,3,4,32,True,143,13,207,3535,35.35,0
18176,0,1,3,4,25,False,12,8,28,2076,20.76,0
18177,0,1,20,2,25,False,12,0,0,0,0.0,0
18178,0,1,28,0,0,False,0,0,0,0,0.0,0
18179,0,1,3,4,23,False,108,1,180,436,4.36,0
18180,0,1,3,4,28,True,108,1,159,415,4.15,0
18181,0,1,3,4,19,False,28,8,60,2108,21.08,0
18182,0,1,3,4,26,True,28,12,17,3089,30.89,7340949
18183,0,-1,-1,-1,-1,True,-1,-1,-1,-1,-1.0,-1
18184,0,-1,-1,-1,-1,True,-1,-1,-1,-1,-1.0,-1
18185,0,-1,-1,-1,-1,True,-1,-1,-1,-1,-1.0,-1
18186,0,1,3,4,33,True,82,3,91,859,8.59,0
18187,0,1,3,4,24,False,27,12,129,3201,32.01,0
18188,0,1,3,4,23,True,27,12,105,3177,31.77,0
18189,0,1,3,4,29,False,125,11,248,3064,30.64,0
18190,0,1,3,4,22,True,125,11,223,3039,30.39,0
18191,0,1,3,4,33,False,29,10,212,2772,27.72,0
18192,0,1,3,4,26,True,0,13,0,3328,33.28,167772160
18193,0,-1,-1,-1,-1,True,-1,-1,-1,-1,-1.0,-1
18194,0,139,0,0,0,False,0,0,10,10,0.1,1445010433
18195,0,-1,-1,-1,-1,True,-1,-1,-1,-1,-1.0,-1
18196,0,-1,-1,-1,-1,True,-1,-1,-1,-1,-1.0,-1
18197,0,1,3,4,26,True,11,1,100,356,3.56,0
18198,0,1,3,4,14,False,40,7,122,1914,19.14,0
18199,0,1,3,4,24,True,1,7,96,1888,18.88,0
18200,0,1,3,4,17,False,131,11,0,2816,28.16,0
18201,0,1,3,4,17,True,22,10,232,2792,27.92,0
18202,0,1,3,4,19,False,27,0,19,19,0.19,0
18203,0,1,3,4,26,True,27,0,0,0,0.0,0
18204,0,1,3,4,25,False,11,13,140,3468,34.68,0
18205,0,1,3,4,23,True,75,13,116,3444,34.44,0
18206,0,1,3,4,0,False,89,2,26,538,5.38,19976
18207,0,-1,-1,-1,-1,True,-1,-1,-1,-1,-1.0,-1
18208,0,-1,-1,-1,-1,True,-1,-1,-1,-1,-1.0,-1
18209,0,1,3,4,25,True,26,8,55,2103,21.03,0
18210,0,1,3,4,25,False,109,15,56,3896,38.96,0
18211,0,1,3,4,34,True,104,0,225,225,2.25,0
18212,0,1,2,4,34,True,173,2,84,596,5.96,0
18213,0,1,2,4,15,False,128,1,249,505,5.05,0
18214,0,1,2,4,9,True,128,15,131,3971,39.71,0
18215,0,1,3,4,21,False,246,10,219,2779,27.79,0
18216,0,1,3,4,21,True,246,10,199,2759,27.59,0
18217,0,1,3,4,21,False,4,4,95,1119,11.19,0
18218,0,1,3,4,30,True,4,4,73,1097,10.97,0
18219,0,1,3,4,22,False,75,14,81,3665,36.65,0
18220,0,1,3,4,23,False,74,3,16,784,7.84,0
18221,0,1,3,4,30,True,74,2,250,762,7.62,0
18222,0,1,3,4,25,False,117,14,253,3837,38.37,0
18223,0,1,3,4,7,True,1,3,0,768,7.68,167772160
18224,0,-1,-1,-1,-1,True,-1,-1,-1,-1,-1.0,-1
18225,0,39,0,0,0,False,0,0,10,10,0.1,3718192129
18226,0,-1,-1,-1,-1,True,-1,-1,-1,-1,-1.0,-1
18227,0,1,3,4,16,False,66,3,254,1022,10.22,0
18228,0,1,3,4,22,True,66,3,230,998,9.98,0
18229,0,1,3,4,6,False,171,8,223,2271,22.71,0
18230,0,1,3,4,31,True,171,8,203,2251,22.51,0
18231,0,1,3,4,30,False,0,12,0,3072,30.72,167772160
18232,0,-1,-1,-1,-1,True,-1,-1,-1,-1,-1.0,-1
18233,0,31,0,0,0,False,0,0,10,10,0.1,1133911041
18234,0,7,0,0,0,False,0,0,10,10,0.1,3272809473
18235,0,-1,-1,-1,-1,True,-1,-1,-1,-1,-1.0,-1
18236,0,-1,-1,-1,-1,True,-1,-1,-1,-1,-1.0,-1
18237,0,-1,-1,-1,-1,True,-1,-1,-1,-1,-1.0,-1
18238,0,1,3,4,33,True,195,3,12,780,7.8,0
18239,0,1,3,4,0,False,202,3,56,824,8.24,0
18240,0,1,3,4,34,True,202,3,32,800,8.0,0
18241,0,1,3,4,26,True,88,4,133,1157,11.57,0
18242,0,1,3,4,15,False,87,13,176,3504,35.04,0
18243,0,1,3,4,27,True,146,11,62,2878,28.78,0
18244,0,1,3,4,19,False,8,9,111,2415,24.15,0
18245,0,1,1,4,20,False,161,5,58,1338,13.38,0
18246,0,1,3,4,22,True,8,9,90,2394,23.94,0
18247,0,1,1,4,4,True,161,5,41,1321,13.21,0
18248,0,1,3,4,26,True,246,2,78,590,5.9,0
18249,0,1,3,4,10,False,46,12,5,3077,30.77,0
18250,0,1,10,1,1,False,0,0,0,0,0.0,0
18251,0,1,8,0,0,False,0,0,0,0,0.0,0
18252,0,1,3,4,33,True,81,1,46,302,3.02,0
18253,0,1,3,4,0,False,225,12,36,3108,31.08,0
18254,0,1,3,4,10,True,6,12,14,3086,30.86,0
18255,0,1,3,4,7,False,249,0,18,18,0.18,0
18256,0,1,3,4,28,True,249,15,253,4093,40.93,0
18257,0,1,3,4,17,False,26,1,33,289,2.89,0
18258,0,1,3,4,19,True,26,1,13,269,2.69,0
18259,0,1,3,4,31,False,192,0,250,250,2.5,0
18260,0,1,3,4,28,True,192,0,230,230,2.3,0
18261,0,1,2,4,21,False,118,4,245,1269,12.69,0
18262,0,1,3,4,17,False,73,5,75,1355,13.55,0
18263,0,1,3,4,23,True,73,5,54,1334,13.34,0
18264,0,1,3,4,28,False,161,3,163,931,9.31,0
18265,0,1,3,4,30,True,161,10,1,2561,25.61,387713028
18266,0,-1,-1,-1,-1,True,-1,-1,-1,-1,-1.0,-1
18267,0,-1,-1,-1,-1,True,-1,-1,-1,-1,-1.0,-1
18268,0,-1,-1,-1,-1,True,-1,-1,-1,-1,-1.0,-1
18269,0,-1,-1,-1,-1,True,-1,-1,-1,-1,-1.0,-1
18270,0,1,0,4,2,False,9,10,1,2561,25.61,11600900
18271,0,0,0,0,0,False,0,7,1,1793,17.93,1209
18272,0,245,0,0,0,False,0,0,10,10,0.1,10034177
18273,0,225,0,0,0,False,0,0,10,10,0.1,531457
18274,0,17,0,0,0,False,0,0,10,10,0.1,2036737
18275,0,1,2,7,0,False,0,0,0,0,0.0,2384199946
18276,0,-1,-1,-1,-1,True,-1,-1,-1,-1,-1.0,-1
18277,0,-1,-1,-1,-1,True,-1,-1,-1,-1,-1.0,-1
18278,0,-1,-1,-1,-1,True,-1,-1,-1,-1,-1.0,-1
18279,0,-1,-1,-1,-1,True,-1,-1,-1,-1,-1.0,-1
18280,0,1,2,4,26,True,12,1,2,258,2.58,0
18281,0,1,3,4,27,False,120,2,158,670,6.7,0
18282,0,1,3,4,23,True,120,14,146,3730,37.3,0
18283,0,1,3,4,20,True,150,14,124,3708,37.08,0
18284,0,1,3,4,0,False,102,12,50,3122,31.22,0
18285,0,1,3,4,33,True,155,12,31,3103,31.03,0
18286,0,1,2,4,33,False,146,3,204,972,9.72,0
18287,0,1,3,4,0,False,28,6,64,1600,16.0,0
18288,0,1,19,6,28,False,31,3,12,780,7.8,7276
18289,0,1,4,0,0,False,0,0,0,0,0.0,0
18290,0,1,28,3,1,False,135,0,0,0,0.0,655360
18291,0,-1,-1,-1,-1,True,-1,-1,-1,-1,-1.0,-1
18292,0,-1,-1,-1,-1,True,-1,-1,-1,-1,-1.0,-1
18293,0,-1,-1,-1,-1,True,-1,-1,-1,-1,-1.0,-1
18294,0,-1,-1,-1,-1,True,-1,-1,-1,-1,-1.0,-1
18295,0,-1,-1,-1,-1,True,-1,-1,-1,-1,-1.0,-1
18296,0,-1,-1,-1,-1,True,-1,-1,-1,-1,-1.0,-1
18297,0,1,3,4,27,True,112,0,244,244,2.44,0
18298,0,1,3,4,30,False,150,9,118,2422,24.22,0
18299,0,1,3,4,12,True,150,9,95,2399,23.99,0
18300,0,1,3,4,23,False,246,0,113,113,1.13,0
18301,0,1,3,4,27,True,246,0,90,90,0.9,0
18302,0,1,3,4,28,True,15,5,0,1280,12.8,167772160
18303,0,-1,-1,-1,-1,True,-1,-1,-1,-1,-1.0,-1
18304,0,-1,-1,-1,-1,True,-1,-1,-1,-1,-1.0,-1
18305,0,-1,-1,-1,-1,True,-1,-1,-1,-1,-1.0,-1
18306,0,-1,-1,-1,-1,True,-1,-1,-1,-1,-1.0,-1
18307,0,-1,-1,-1,-1,True,-1,-1,-1,-1,-1.0,-1
18308,0,1,3,4,58,False,11,4,28,1052,10.52,0
18309,0,1,20,2,16,True,13,0,0,0,0.0,0
18310,0,1,13,1,28,False,0,0,0,0,0.0,0
18311,0,1,17,2,29,False,0,7,0,1792,17.92,0
18312,0,-1,-1,-1,-1,True,-1,-1,-1,-1,-1.0,-1
18313,0,1,3,4,24,True,29,0,64,64,0.64,0
18314,0,1,3,4,25,True,29,10,86,2646,26.46,0
18315,0,1,3,4,3,False,188,13,21,3349,33.49,0
18316,0,1,3,4,25,True,235,1,15,271,2.71,0
18317,0,1,3,4,15,False,226,11,227,3043,30.43,0
18318,0,1,3,4,19,True,11,0,182,182,1.82,0
18319,0,1,3,4,13,True,11,0,160,160,1.6,0
18320,0,1,3,4,18,False,59,8,74,2122,21.22,0
18321,0,1,3,4,30,True,59,8,53,2101,21.01,0
18322,0,1,3,4,27,False,129,0,190,190,1.9,0
18323,0,1,3,4,29,True,129,0,165,165,1.65,0
18324,0,1,3,4,32,False,38,1,250,506,5.06,0
18325,0,1,3,4,5,True,38,1,229,485,4.85,0
18326,0,1,3,4,6,False,40,2,100,612,6.12,0
18327,0,1,3,4,21,True,40,2,79,591,5.91,0
18328,0,1,3,4,7,False,43,11,226,3042,30.42,0
18329,0,1,3,4,26,True,43,11,206,3022,30.22,0
18330,0,1,3,4,27,False,235,6,102,1638,16.38,0
18331,0,1,3,4,19,True,234,6,82,1618,16.18,0
18332,0,1,3,4,20,False,168,11,49,2865,28.65,0
18333,0,1,3,4,33,True,168,11,30,2846,28.46,0
18334,0,1,3,4,29,False,72,14,199,3783,37.83,0
18335,0,1,3,4,30,True,72,14,176,3760,37.6,0
18336,0,1,3,4,18,False,195,4,110,1134,11.34,0
18337,0,1,3,4,7,True,195,4,89,1113,11.13,0
18338,0,1,3,4,14,False,131,11,70,2886,28.86,0
18339,0,1,3,4,22,True,131,11,45,2861,28.61,0
18340,0,1,3,4,22,False,114,8,222,2270,22.7,0
18341,0,1,3,4,34,True,114,12,237,3309,33.09,0
18342,0,1,3,4,17,True,108,12,213,3285,32.85,0
18343,0,1,3,4,31,False,3,15,188,4028,40.28,0
18344,0,1,3,4,10,True,3,15,167,4007,40.07,0
18345,0,1,3,4,14,True,207,5,196,1476,14.76,0
18346,0,1,3,4,14,False,204,0,131,131,1.31,0
18347,0,1,3,4,15,True,204,0,106,106,1.06,0
18348,0,1,3,4,22,False,15,8,230,2278,22.78,0
18349,0,1,3,4,13,True,15,8,208,2256,22.56,0
18350,0,1,3,4,18,False,207,14,112,3696,36.96,0
18351,0,1,3,4,19,False,206,12,10,3082,30.82,3
18352,0,-1,-1,-1,-1,True,-1,-1,-1,-1,-1.0,-1
18353,0,1,3,4,4,True,12,9,242,2546,25.46,0
18354,0,1,3,4,8,False,0,0,0,0,0.0,167772160
18355,0,-1,-1,-1,-1,True,-1,-1,-1,-1,-1.0,-1
18356,0,-1,-1,-1,-1,True,-1,-1,-1,-1,-1.0,-1
18357,0,-1,-1,-1,-1,True,-1,-1,-1,-1,-1.0,-1
18358,0,-1,-1,-1,-1,True,-1,-1,-1,-1,-1.0,-1
18359,0,1,1,4,22,True,210,0,93,93,0.93,0
18360,0,1,3,4,61,False,29,14,5,3589,35.89,7279
18361,0,-1,-1,-1,-1,True,-1,-1,-1,-1,-1.0,-1
18362,0,-1,-1,-1,-1,True,-1,-1,-1,-1,-1.0,-1
18363,0,1,20,1,46,True,0,0,0,0,0.0,0
18364,0,1,0,5,26,False,28,0,117,117,1.17,13
18365,0,1,31,3,28,False,141,5,0,1280,12.8,0
18366,0,1,1,5,38,True,28,0,148,148,1.48,12
18367,0,1,16,1,28,False,0,0,0,0,0.0,0
18368,0,1,0,1,18,True,0,0,0,0,0.0,0
18369,0,1,1,1,35,False,0,0,0,0,0.0,0
18370,0,1,3,4,24,True,146,9,13,2317,23.17,0
18371,0,1,3,4,6,True,131,11,8,2824,28.24,0
18372,0,1,3,4,3,False,131,15,179,4019,40.19,0
18373,0,1,3,4,7,True,131,15,153,3993,39.93,0
18374,0,1,3,4,12,False,88,12,0,3072,30.72,184549376
18375,0,-1,-1,-1,-1,True,-1,-1,-1,-1,-1.0,-1
18376,0,-1,-1,-1,-1,True,-1,-1,-1,-1,-1.0,-1
18377,0,-1,-1,-1,-1,True,-1,-1,-1,-1,-1.0,-1
18378,0,-1,-1,-1,-1,True,-1,-1,-1,-1,-1.0,-1
18379,0,-1,-1,-1,-1,True,-1,-1,-1,-1,-1.0,-1
18380,0,-1,-1,-1,-1,True,-1,-1,-1,-1,-1.0,-1
18381,0,1,3,4,21,True,29,1,172,428,4.28,0
18382,0,1,3,4,30,False,113,9,192,2496,24.96,0
18383,0,1,3,4,31,True,113,9,170,2474,24.74,0
18384,0,1,3,4,18,False,156,9,23,2327,23.27,0
18385,0,1,3,4,17,False,152,2,41,553,5.53,0
18386,0,1,3,4,20,True,152,2,20,532,5.32,0
18387,0,1,3,4,21,True,155,9,30,2334,23.34,0
18388,0,1,3,4,6,False,1,11,124,2940,29.4,0
18389,0,1,1,4,32,False,70,13,109,3437,34.37,0
18390,0,1,3,4,11,False,205,15,58,3898,38.98,0
18391,0,1,3,4,22,True,205,8,11,2059,20.59,118
18392,0,-1,-1,-1,-1,True,-1,-1,-1,-1,-1.0,-1
18393,0,1,3,4,18,False,200,13,235,3563,35.63,0
18394,0,1,3,4,10,True,200,13,213,3541,35.41,0
18395,0,1,3,4,20,False,238,15,168,4008,40.08,0
18396,0,1,3,4,19,True,238,15,144,3984,39.84,0
18397,0,1,3,4,0,False,242,12,24,3096,30.96,0
18398,0,1,3,4,24,False,106,4,84,1108,11.08,0
18399,0,1,2,4,33,False,121,9,98,2402,24.02,0
18400,0,1,3,4,7,True,106,4,62,1086,10.86,0
18401,0,1,2,4,33,True,121,9,82,2386,23.86,0
18402,0,1,3,4,6,False,34,12,145,3217,32.17,0
18403,0,1,3,4,7,False,32,12,71,3143,31.43,0
18404,0,1,3,4,5,False,235,11,70,2886,28.86,0
18405,0,1,3,4,20,True,235,11,49,2865,28.65,0
18406,0,1,3,4,26,False,183,0,219,219,2.19,0
18407,0,1,3,4,24,True,183,0,196,196,1.96,0
18408,0,1,3,4,28,False,7,2,0,512,5.12,167772160
18409,0,-1,-1,-1,-1,True,-1,-1,-1,-1,-1.0,-1
18410,0,135,0,0,0,False,0,0,10,10,0.1,0
18411,0,-1,-1,-1,-1,True,-1,-1,-1,-1,-1.0,-1
18412,0,171,0,0,0,False,0,0,10,10,0.1,1
18413,0,-1,-1,-1,-1,True,-1,-1,-1,-1,-1.0,-1
18414,0,1,3,4,25,False,174,4,7,1031,10.31,0
18415,0,1,3,4,9,True,174,3,242,1010,10.1,0
18416,0,1,3,4,33,False,181,9,87,2391,23.91,0
18417,0,1,3,4,19,True,188,4,100,1124,11.24,0
18418,0,1,3,4,14,False,188,9,17,2321,23.21,0
18419,0,1,3,4,33,True,188,4,80,1104,11.04,0
18420,0,1,3,4,34,True,188,6,0,1536,15.36,167772160
18421,0,-1,-1,-1,-1,True,-1,-1,-1,-1,-1.0,-1
18422,0,-1,-1,-1,-1,True,-1,-1,-1,-1,-1.0,-1
18423,0,-1,-1,-1,-1,True,-1,-1,-1,-1,-1.0,-1
18424,0,-1,-1,-1,-1,True,-1,-1,-1,-1,-1.0,-1
18425,0,-1,-1,-1,-1,True,-1,-1,-1,-1,-1.0,-1
18426,0,-1,-1,-1,-1,True,-1,-1,-1,-1,-1.0,-1
18427,0,1,3,4,0,False,194,9,167,2471,24.71,0
18428,0,1,3,4,34,True,194,9,143,2447,24.47,0
18429,0,1,3,4,0,False,133,5,203,1483,14.83,0
18430,0,1,3,4,34,True,133,5,179,1459,14.59,0
18431,0,1,3,4,27,True,37,6,115,1651,16.51,0
18432,0,1,3,4,18,False,36,10,4,2564,25.64,0
18433,0,1,3,4,11,True,129,9,237,2541,25.41,0
18434,0,1,3,4,23,False,28,7,82,1874,18.74,0
18435,0,1,3,4,34,True,28,7,60,1852,18.52,0
18436,0,1,1,4,19,False,105,7,44,1836,18.36,0
18437,0,1,3,4,25,False,233,13,76,3404,34.04,0
18438,0,1,1,4,26,True,105,4,13,1037,10.37,115
18439,0,-1,-1,-1,-1,True,-1,-1,-1,-1,-1.0,-1
18440,0,1,3,4,26,True,100,13,93,3421,34.21,0
18441,0,1,3,4,21,False,1,12,0,3072,30.72,167772160
18442,0,-1,-1,-1,-1,True,-1,-1,-1,-1,-1.0,-1
18443,0,79,1,2,8,True,0,0,0,0,0.0,469830144
18444,0,111,0,0,0,False,0,0,10,10,0.1,1309416449
18445,0,197,0,0,0,False,0,0,10,10,0.1,3575256065
18446,0,190,0,0,0,False,0,0,10,10,0.1,110631937
18447,0,-1,-1,-1,-1,True,-1,-1,-1,-1,-1.0,-1
18448,0,1,3,4,33,True,253,6,191,1727,17.27,0
18449,0,1,3,4,19,False,138,3,11,779,7.79,196
18450,0,-1,-1,-1,-1,True,-1,-1,-1,-1,-1.0,-1
18451,0,1,3,4,24,True,83,11,172,2988,29.88,0
18452,0,1,3,4,15,False,4,7,0,1792,17.92,167772160
18453,0,-1,-1,-1,-1,True,-1,-1,-1,-1,-1.0,-1
18454,0,-1,-1,-1,-1,True,-1,-1,-1,-1,-1.0,-1
18455,0,-1,-1,-1,-1,True,-1,-1,-1,-1,-1.0,-1
18456,0,1,3,4,30,False,149,3,24,792,7.92,0
18457,0,1,3,4,27,True,149,3,0,768,7.68,0
18458,0,1,3,4,19,False,91,6,126,1662,16.62,0
18459,0,1,3,4,22,True,91,6,104,1640,16.4,0
18460,0,1,3,4,18,False,96,0,231,231,2.31,0
18461,0,1,3,4,14,True,96,0,210,210,2.1,0
18462,0,1,3,4,15,False,203,12,209,3281,32.81,0
18463,0,1,3,4,20,True,156,12,185,3257,32.57,0
18464,0,1,3,4,21,False,70,0,85,85,0.85,0
18465,0,1,3,4,34,True,70,0,62,62,0.62,0
18466,0,1,3,4,10,False,119,10,15,2575,25.75,0
18467,0,1,3,4,8,False,117,12,201,3273,32.73,0
18468,0,1,3,4,30,True,117,12,180,3252,32.52,0
18469,0,1,3,4,14,False,69,8,15,2063,20.63,0
18470,0,1,3,4,23,True,69,7,247,2039,20.39,0
18471,0,1,3,4,23,False,10,1,28,284,2.84,2802490521
18472,0,-1,-1,-1,-1,True,-1,-1,-1,-1,-1.0,-1
18473,0,-1,-1,-1,-1,True,-1,-1,-1,-1,-1.0,-1
18474,0,-1,-1,-1,-1,True,-1,-1,-1,-1,-1.0,-1
18475,0,-1,-1,-1,-1,True,-1,-1,-1,-1,-1.0,-1
18476,0,1,3,4,32,False,184,14,112,3696,36.96,0
18477,0,1,3,4,34,True,184,14,89,3673,36.73,0
18478,0,1,3,4,11,False,63,10,50,2610,26.1,0
18479,0,1,3,4,20,True,186,10,27,2587,25.87,0
18480,0,1,3,4,21,False,147,11,79,2895,28.95,0
18481,0,1,3,4,34,True,147,11,55,2871,28.71,0
18482,0,1,3,4,3,False,211,14,129,3713,37.13,0
18483,0,1,3,4,25,True,211,14,106,3690,36.9,0
18484,0,1,3,4,31,False,94,5,165,1445,14.45,0
18485,0,1,3,4,30,False,2,5,0,1280,12.8,167772160
18486,0,-1,-1,-1,-1,True,-1,-1,-1,-1,-1.0,-1
18487,0,-1,-1,-1,-1,True,-1,-1,-1,-1,-1.0,-1
18488,0,-1,-1,-1,-1,True,-1,-1,-1,-1,-1.0,-1
18489,0,-1,-1,-1,-1,True,-1,-1,-1,-1,-1.0,-1
18490,0,-1,-1,-1,-1,True,-1,-1,-1,-1,-1.0,-1
18491,0,1,3,4,0,False,252,13,164,3492,34.92,0
18492,0,1,3,4,34,True,252,13,140,3468,34.68,0
18493,0,1,3,4,15,False,51,14,1,3585,35.85,132
18494,0,-1,-1,-1,-1,True,-1,-1,-1,-1,-1.0,-1
18495,0,1,3,4,15,False,170,5,231,1511,15.11,0
18496,0,1,3,4,28,True,75,5,119,1399,13.99,0
18497,0,1,3,4,10,False,216,9,129,2433,24.33,0
18498,0,1,3,4,19,True,216,9,106,2410,24.1,0
18499,0,1,3,4,0,False,238,7,203,1995,19.95,0
18500,0,1,3,4,34,True,238,7,179,1971,19.71,0
18501,0,1,3,4,27,False,209,5,246,1526,15.26,0
18502,0,1,3,4,22,True,1,1,0,256,2.56,167772160
18503,0,-1,-1,-1,-1,True,-1,-1,-1,-1,-1.0,-1
18504,0,-1,-1,-1,-1,True,-1,-1,-1,-1,-1.0,-1
18505,0,-1,-1,-1,-1,True,-1,-1,-1,-1,-1.0,-1
18506,0,1,3,4,20,False,63,5,253,1533,15.33,0
18507,0,1,3,4,5,True,63,5,229,1509,15.09,0
18508,0,1,3,4,26,False,122,5,33,1313,13.13,0
18509,0,1,3,4,28,True,122,5,11,1291,12.91,0
18510,0,1,3,4,20,False,100,12,37,3109,31.09,0
18511,0,1,3,4,19,True,31,12,17,3089,30.89,0
18512,0,1,3,4,21,False,216,14,66,3650,36.5,0
18513,0,1,3,4,31,True,216,14,46,3630,36.3,0
18514,0,1,3,4,32,False,203,2,157,669,6.69,32521
18515,0,-1,-1,-1,-1,True,-1,-1,-1,-1,-1.0,-1
18516,0,-1,-1,-1,-1,True,-1,-1,-1,-1,-1.0,-1
18517,0,1,3,4,23,False,138,13,24,3352,33.52,24326
18518,0,-1,-1,-1,-1,True,-1,-1,-1,-1,-1.0,-1
18519,0,-1,-1,-1,-1,True,-1,-1,-1,-1,-1.0,-1
18520,0,1,3,4,20,True,24,6,72,1608,16.08,0
18521,0,1,3,4,0,False,20,1,173,429,4.29,0
18522,0,1,3,4,34,True,20,1,149,405,4.05,0
18523,0,1,3,4,20,False,54,0,177,177,1.77,0
18524,0,1,3,4,14,True,54,0,153,153,1.53,0
18525,0,1,1,4,25,False,86,10,15,2575,25.75,246
18526,0,-1,-1,-1,-1,True,-1,-1,-1,-1,-1.0,-1
18527,0,1,3,4,27,False,20,12,57,3129,31.29,0
18528,0,1,3,4,16,True,20,12,32,3104,31.04,0
18529,0,1,3,4,18,False,21,2,60,572,5.72,0
18530,0,1,3,4,29,True,21,2,39,551,5.51,0
18531,0,1,3,4,19,False,158,1,194,450,4.5,0
18532,0,1,3,4,34,True,158,1,172,428,4.28,0
18533,0,1,3,4,27,False,211,1,3,259,2.59,41
18534,0,-1,-1,-1,-1,True,-1,-1,-1,-1,-1.0,-1
18535,0,1,3,4,29,True,82,3,5,773,7.73,0
18536,0,1,3,4,30,True,15,11,0,2816,28.16,167772160
18537,0,-1,-1,-1,-1,True,-1,-1,-1,-1,-1.0,-1
18538,0,-1,-1,-1,-1,True,-1,-1,-1,-1,-1.0,-1
18539,0,-1,-1,-1,-1,True,-1,-1,-1,-1,-1.0,-1
18540,0,-1,-1,-1,-1,True,-1,-1,-1,-1,-1.0,-1
18541,0,-1,-1,-1,-1,True,-1,-1,-1,-1,-1.0,-1
18542,0,1,3,4,29,True,215,15,150,3990,39.9,0
18543,0,1,2,4,25,True,30,2,155,667,6.67,0
18544,0,1,3,4,3,False,41,14,70,3654,36.54,0
18545,0,1,3,4,21,True,40,14,48,3632,36.32,0
18546,0,1,3,4,15,False,108,9,194,2498,24.98,0
18547,0,1,3,4,19,True,108,9,173,2477,24.77,0
18548,0,1,3,4,14,False,107,11,9,2825,28.25,128
18549,0,-1,-1,-1,-1,True,-1,-1,-1,-1,-1.0,-1
18550,0,1,3,4,1,False,173,6,77,1613,16.13,0
18551,0,1,1,4,19,True,187,9,108,2412,24.12,0
18552,0,1,3,4,14,True,173,1,192,448,4.48,0
18553,0,1,3,4,10,False,79,12,161,3233,32.33,0
18554,0,1,27,4,10,False,60,6,15,1551,15.51,235
18555,0,-1,-1,-1,-1,True,-1,-1,-1,-1,-1.0,-1
18556,0,1,3,4,22,False,187,1,110,366,3.66,0
18557,0,1,3,4,25,True,187,1,88,344,3.44,0
18558,0,1,3,4,1,False,92,6,159,1695,16.95,0
18559,0,1,3,4,25,True,92,6,137,1673,16.73,0
18560,0,1,3,4,16,False,50,11,113,2929,29.29,0
18561,0,1,3,4,30,False,97,6,44,1580,15.8,0
18562,0,1,3,4,15,True,96,6,20,1556,15.56,0
18563,0,1,3,4,1,False,12,14,144,3728,37.28,0
18564,0,1,3,4,14,True,12,14,121,3705,37.05,0
18565,0,1,3,4,22,False,78,13,0,3328,33.28,0
18566,0,1,3,4,25,True,78,8,8,2056,20.56,49
18567,0,-1,-1,-1,-1,True,-1,-1,-1,-1,-1.0,-1
18568,0,1,3,4,10,False,215,14,217,3801,38.01,0
18569,0,1,3,4,4,True,6,15,126,3966,39.66,0
18570,0,1,3,4,16,False,31,6,161,1697,16.97,0
18571,0,1,3,4,30,True,31,6,139,1675,16.75,0
18572,0,1,3,4,19,False,26,2,66,578,5.78,0
18573,0,1,3,4,32,True,26,2,49,561,5.61,0
18574,0,1,3,4,20,False,127,7,31,1823,18.23,0
18575,0,1,3,4,26,True,6,14,0,3584,35.84,167772160
18576,0,-1,-1,-1,-1,True,-1,-1,-1,-1,-1.0,-1
18577,0,-1,-1,-1,-1,True,-1,-1,-1,-1,-1.0,-1
18578,0,-1,-1,-1,-1,True,-1,-1,-1,-1,-1.0,-1
18579,0,-1,-1,-1,-1,True,-1,-1,-1,-1,-1.0,-1
18580,0,-1,-1,-1,-1,True,-1,-1,-1,-1,-1.0,-1
18581,0,-1,-1,-1,-1,True,-1,-1,-1,-1,-1.0,-1
18582,0,-1,-1,-1,-1,True,-1,-1,-1,-1,-1.0,-1
18583,0,1,3,4,34,True,86,1,147,403,4.03,0
18584,0,1,3,4,20,False,43,12,59,3131,31.31,0
18585,0,1,3,4,12,True,43,12,35,3107,31.07,0
18586,0,1,3,4,16,False,71,2,153,665,6.65,0
18587,0,1,3,4,20,True,71,2,128,640,6.4,0
18588,0,1,3,4,22,False,218,11,200,3016,30.16,0
18589,0,1,3,4,23,False,218,11,195,3011,30.11,0
18590,0,1,3,4,24,False,217,13,192,3520,35.2,0
18591,0,1,3,4,24,True,218,11,171,2987,29.87,0
18592,0,1,3,4,25,True,217,13,169,3497,34.97,0
18593,0,1,3,4,26,True,218,6,130,1666,16.66,0
18594,0,1,3,4,26,False,20,11,180,2996,29.96,0
18595,0,1,3,4,27,True,20,11,158,2974,29.74,0
18596,0,1,3,4,27,False,34,0,212,212,2.12,0
18597,0,1,3,4,33,True,34,0,188,188,1.88,0
18598,0,1,3,4,24,False,4,10,49,2609,26.09,0
18599,0,1,3,4,27,True,4,9,0,2304,23.04,123
18600,0,-1,-1,-1,-1,True,-1,-1,-1,-1,-1.0,-1
18601,0,1,3,4,7,False,47,1,17,273,2.73,0
18602,0,1,3,4,21,True,8,13,0,3328,33.28,167772160
18603,0,-1,-1,-1,-1,True,-1,-1,-1,-1,-1.0,-1
18604,0,185,0,0,0,False,0,0,10,10,0.1,0
18605,0,-1,-1,-1,-1,True,-1,-1,-1,-1,-1.0,-1
18606,0,-1,-1,-1,-1,True,-1,-1,-1,-1,-1.0,-1
18607,0,-1,-1,-1,-1,True,-1,-1,-1,-1,-1.0,-1
18608,0,-1,-1,-1,-1,True,-1,-1,-1,-1,-1.0,-1
18609,0,-1,-1,-1,-1,True,-1,-1,-1,-1,-1.0,-1
18610,0,1,3,4,4,False,85,5,73,1353,13.53,0
18611,0,1,3,4,7,False,85,0,45,45,0.45,0
18612,0,1,3,4,21,True,85,2,183,695,6.95,0
18613,0,1,3,4,22,True,85,5,51,1331,13.31,0
18614,0,1,3,4,33,False,208,9,184,2488,24.88,0
18615,0,1,3,4,8,True,208,9,163,2467,24.67,0
18616,0,1,3,4,0,False,43,3,215,983,9.83,0
18617,0,1,3,4,34,True,43,3,191,959,9.59,0
18618,0,1,3,4,33,False,31,2,162,674,6.74,0
18619,0,1,3,4,28,True,112,3,236,1004,10.04,0
18620,0,1,3,4,19,True,124,1,5,261,2.61,191
18621,0,-1,-1,-1,-1,True,-1,-1,-1,-1,-1.0,-1
18622,0,1,3,4,18,False,96,11,47,2863,28.63,0
18623,0,1,3,4,18,True,139,9,209,2513,25.13,0
18624,0,1,3,4,31,False,140,13,1,3329,33.29,0
18625,0,1,3,4,28,True,140,12,237,3309,33.09,0
18626,0,1,3,4,33,False,139,11,4,2820,28.2,0
18627,0,1,3,4,26,True,226,4,29,1053,10.53,0
18628,0,1,3,4,33,False,234,0,52,52,0.52,0
18629,0,1,3,4,32,True,234,0,34,34,0.34,0
18630,0,1,3,4,18,False,228,9,100,2404,24.04,0
18631,0,1,3,4,31,True,228,9,81,2385,23.85,0
18632,0,1,3,4,0,False,110,1,200,456,4.56,0
18633,0,1,3,4,34,True,15,3,0,768,7.68,167772160
18634,0,-1,-1,-1,-1,True,-1,-1,-1,-1,-1.0,-1
18635,0,171,0,0,0,False,0,0,10,10,0.1,822942721
18636,0,-1,-1,-1,-1,True,-1,-1,-1,-1,-1.0,-1
18637,0,1,3,4,11,True,49,6,23,1559,15.59,0
18638,0,1,3,4,27,False,214,9,105,2409,24.09,0
18639,0,1,3,4,26,True,214,9,80,2384,23.84,0
18640,0,1,3,4,30,False,46,0,6,6,0.06,117
18641,0,-1,-1,-1,-1,True,-1,-1,-1,-1,-1.0,-1
18642,0,1,3,4,34,True,128,6,93,1629,16.29,0
18643,0,1,3,4,17,False,76,2,140,652,6.52,0
18644,0,1,3,4,23,True,76,2,118,630,6.3,0
18645,0,1,3,4,14,False,197,14,223,3807,38.07,0
18646,0,1,3,4,30,True,196,14,200,3784,37.84,0
18647,0,1,3,4,32,False,187,6,64,1600,16.0,0
18648,0,1,3,4,23,True,187,6,41,1577,15.77,0
18649,0,1,3,4,8,False,4,4,0,1024,10.24,167772160
18650,0,-1,-1,-1,-1,True,-1,-1,-1,-1,-1.0,-1
18651,0,-1,-1,-1,-1,True,-1,-1,-1,-1,-1.0,-1
18652,0,-1,-1,-1,-1,True,-1,-1,-1,-1,-1.0,-1
18653,0,-1,-1,-1,-1,True,-1,-1,-1,-1,-1.0,-1
18654,0,-1,-1,-1,-1,True,-1,-1,-1,-1,-1.0,-1
18655,0,-1,-1,-1,-1,True,-1,-1,-1,-1,-1.0,-1
18656,0,1,3,4,16,False,88,9,251,2555,25.55,0
18657,0,1,3,4,18,True,189,9,228,2532,25.32,0
18658,0,1,3,4,33,False,250,10,192,2752,27.52,0
18659,0,1,3,4,33,True,250,10,175,2735,27.35,0
18660,0,1,3,4,23,False,202,6,222,1758,17.58,0
18661,0,1,3,4,20,True,202,6,200,1736,17.36,0
18662,0,1,3,4,33,False,119,11,230,3046,30.46,0
18663,0,1,3,4,33,True,119,11,213,3029,30.29,0
18664,0,1,3,4,6,False,252,2,75,587,5.87,0
18665,0,1,3,4,16,True,3,9,0,2304,23.04,167772160
18666,0,-1,-1,-1,-1,True,-1,-1,-1,-1,-1.0,-1
18667,0,-1,-1,-1,-1,True,-1,-1,-1,-1,-1.0,-1
18668,0,-1,-1,-1,-1,True,-1,-1,-1,-1,-1.0,-1
18669,0,-1,-1,-1,-1,True,-1,-1,-1,-1,-1.0,-1
18670,0,-1,-1,-1,-1,True,-1,-1,-1,-1,-1.0,-1
18671,0,-1,-1,-1,-1,True,-1,-1,-1,-1,-1.0,-1
18672,0,1,3,4,28,False,33,11,7,2823,28.23,0
18673,0,1,17,6,28,False,156,11,7,2823,28.23,7290
18674,0,1,2,7,3,True,12,10,28,2588,25.88,820125
18675,0,1,6,6,28,False,16,2,5,517,5.17,7397
18676,0,1,18,2,50,True,4,15,0,3840,38.4,0
18677,0,-1,-1,-1,-1,True,-1,-1,-1,-1,-1.0,-1
18678,0,1,3,4,16,True,116,4,8,1032,10.32,0
18679,0,1,3,4,25,False,202,9,174,2478,24.78,0
18680,0,1,3,4,30,True,202,9,153,2457,24.57,0
18681,0,1,3,4,33,False,187,12,146,3218,32.18,0
18682,0,1,3,4,31,True,31,12,125,3197,31.97,0
18683,0,1,3,4,30,False,165,10,136,2696,26.96,0
18684,0,1,3,4,6,True,159,10,116,2676,26.76,0
18685,0,1,3,4,32,False,61,12,12,3084,30.84,0
18686,0,1,3,4,19,True,61,11,247,3063,30.63,0
18687,0,1,3,4,21,True,205,4,242,1266,12.66,0
18688,0,1,3,4,17,False,201,4,240,1264,12.64,0
18689,0,1,3,4,20,True,201,4,218,1242,12.42,0
18690,0,1,3,4,11,False,37,1,0,256,2.56,0
18691,0,1,3,4,26,True,37,0,232,232,2.32,0
18692,0,1,3,4,25,False,250,1,91,347,3.47,0
18693,0,1,2,4,15,False,197,1,203,459,4.59,0
18694,0,1,3,4,29,True,46,9,36,2340,23.4,0
18695,0,1,3,4,15,True,46,9,13,2317,23.17,0
18696,0,1,3,4,25,False,22,12,185,3257,32.57,0
18697,0,1,3,4,33,True,22,12,165,3237,32.37,0
18698,0,1,3,4,4,False,27,11,164,2980,29.8,0
18699,0,1,3,4,17,True,27,14,140,3724,37.24,0
18700,0,1,3,4,26,True,109,14,119,3703,37.03,0
18701,0,1,3,4,16,False,250,5,177,1457,14.57,0
18702,0,1,3,4,21,True,250,5,154,1434,14.34,0
18703,0,1,3,4,15,False,172,11,117,2933,29.33,0
18704,0,1,3,4,27,True,172,11,95,2911,29.11,0
18705,0,1,3,4,21,False,195,15,243,4083,40.83,0
18706,0,1,3,4,32,True,195,15,223,4063,40.63,0
18707,0,1,3,4,32,False,41,12,116,3188,31.88,0
18708,0,1,2,4,10,True,102,10,145,2705,27.05,0
18709,0,1,3,4,22,False,243,1,223,479,4.79,0
18710,0,1,3,4,1,False,202,12,30,3102,31.02,0
18711,0,1,18,4,13,False,177,12,144,3216,32.16,0
18712,0,1,18,4,13,False,0,15,0,3840,38.4,167772160
18713,0,-1,-1,-1,-1,True,-1,-1,-1,-1,-1.0,-1
18714,0,-1,-1,-1,-1,True,-1,-1,-1,-1,-1.0,-1
18715,0,148,0,0,0,False,0,0,10,10,0.1,10624001
18716,0,199,0,0,0,False,0,0,10,10,0.1,1922767873
18717,0,-1,-1,-1,-1,True,-1,-1,-1,-1,-1.0,-1
18718,0,-1,-1,-1,-1,True,-1,-1,-1,-1,-1.0,-1
18719,0,-1,-1,-1,-1,True,-1,-1,-1,-1,-1.0,-1
18720,0,-1,-1,-1,-1,True,-1,-1,-1,-1,-1.0,-1
18721,0,1,3,4,33,False,39,9,48,2352,23.52,0
18722,0,1,3,4,29,True,39,9,28,2332,23.32,0
18723,0,1,3,4,20,False,128,0,9,9,0.09,0
18724,0,1,3,4,33,True,128,15,242,4082,40.82,0
18725,0,1,3,4,12,False,114,4,9,1033,10.33,112
18726,0,-1,-1,-1,-1,True,-1,-1,-1,-1,-1.0,-1
18727,0,1,3,4,33,True,36,9,92,2396,23.96,0
18728,0,1,3,4,23,False,128,5,57,1337,13.37,0
18729,0,1,3,4,19,False,148,5,53,1333,13.33,0
18730,0,1,3,4,6,True,148,5,33,1313,13.13,0
18731,0,1,3,4,20,True,128,5,34,1314,13.14,0
18732,0,1,3,4,22,False,188,13,48,3376,33.76,0
18733,0,1,3,4,21,True,188,13,24,3352,33.52,0
18734,0,1,3,4,19,False,84,9,178,2482,24.82,0
18735,0,1,3,4,21,False,82,1,245,501,5.01,0
18736,0,1,3,4,23,True,84,9,158,2462,24.62,0
18737,0,1,3,4,24,True,82,1,221,477,4.77,0
18738,0,1,3,4,0,False,239,7,212,2004,20.04,0
18739,0,1,3,4,34,True,239,7,188,1980,19.8,0
18740,0,1,3,4,28,False,105,13,26,3354,33.54,0
18741,0,1,3,4,34,True,104,13,6,3334,33.34,0
18742,0,1,3,4,12,False,173,3,93,861,8.61,0
18743,0,1,3,4,31,True,173,3,75,843,8.43,0
18744,0,1,3,4,9,False,26,1,111,367,3.67,0
18745,0,1,3,4,25,False,215,8,172,2220,22.2,0
18746,0,1,3,4,25,True,215,8,153,2201,22.01,0
18747,0,1,3,4,18,False,136,9,180,2484,24.84,0
18748,0,1,3,4,17,False,204,12,177,3249,32.49,0
18749,0,1,3,4,34,True,204,12,152,3224,32.24,0
18750,0,1,3,4,11,False,34,11,139,2955,29.55,0
18751,0,1,3,4,32,True,34,11,119,2935,29.35,0
18752,0,1,1,4,26,False,207,9,35,2339,23.39,0
18753,0,1,3,4,25,False,243,4,207,1231,12.31,0
18754,0,1,1,4,25,False,12,2,0,512,5.12,167772160
18755,0,-1,-1,-1,-1,True,-1,-1,-1,-1,-1.0,-1
18756,0,156,1,4,1,False,0,0,0,0,0.0,469830144
18757,0,-1,-1,-1,-1,True,-1,-1,-1,-1,-1.0,-1
18758,0,-1,-1,-1,-1,True,-1,-1,-1,-1,-1.0,-1
18759,0,1,3,4,13,True,155,9,158,2462,24.62,0
18760,0,1,3,4,19,False,122,8,11,2059,20.59,80
18761,0,-1,-1,-1,-1,True,-1,-1,-1,-1,-1.0,-1
18762,0,1,3,4,28,False,141,9,188,2492,24.92,0
18763,0,1,3,4,30,True,141,9,165,2469,24.69,0
18764,0,1,3,4,8,False,207,5,128,1408,14.08,0
18765,0,1,3,4,13,True,5,7,0,1792,17.92,167772160
18766,0,-1,-1,-1,-1,True,-1,-1,-1,-1,-1.0,-1
18767,0,-1,-1,-1,-1,True,-1,-1,-1,-1,-1.0,-1
18768,0,-1,-1,-1,-1,True,-1,-1,-1,-1,-1.0,-1
18769,0,1,3,4,18,True,129,11,62,2878,28.78,0
18770,0,1,3,4,25,False,100,15,36,3876,38.76,0
18771,0,1,3,4,27,True,100,15,14,3854,38.54,0
18772,0,1,3,4,11,False,40,10,66,2626,26.26,0
18773,0,1,3,4,14,True,40,10,42,2602,26.02,0
18774,0,1,3,4,3,False,36,5,216,1496,14.96,0
18775,0,1,3,4,20,True,36,14,0,3584,35.84,66
18776,0,-1,-1,-1,-1,True,-1,-1,-1,-1,-1.0,-1
18777,0,1,3,4,9,True,222,0,44,44,0.44,0
18778,0,1,3,4,21,False,126,14,190,3774,37.74,0
18779,0,1,3,4,22,False,125,10,227,2787,27.87,0
18780,0,1,3,4,29,True,125,10,206,2766,27.66,0
18781,0,1,3,4,6,False,118,2,6,518,5.18,0
18782,0,1,3,4,30,True,118,1,241,497,4.97,0
18783,0,1,3,4,20,False,8,15,42,3882,38.82,0
18784,0,1,3,4,33,True,28,2,157,669,6.69,0
18785,0,1,2,4,28,False,43,8,92,2140,21.4,0
18786,0,1,2,4,29,False,42,3,41,809,8.09,0
18787,0,1,2,4,19,True,42,5,40,1320,13.2,0
18788,0,1,3,4,31,False,189,13,254,3582,35.82,0
18789,0,1,3,4,33,True,189,15,87,3927,39.27,1034
18790,0,-1,-1,-1,-1,True,-1,-1,-1,-1,-1.0,-1
18791,0,-1,-1,-1,-1,True,-1,-1,-1,-1,-1.0,-1
18792,0,1,3,4,19,True,87,9,238,2542,25.42,0
18793,0,1,3,4,0,False,149,14,142,3726,37.26,0
18794,0,1,3,4,34,True,149,14,118,3702,37.02,0
18795,0,1,3,4,20,False,47,14,83,3667,36.67,0
18796,0,1,3,4,18,False,47,6,220,1756,17.56,0
18797,0,1,3,4,26,True,47,6,198,1734,17.34,0
18798,0,1,3,4,4,False,235,8,158,2206,22.06,0
18799,0,1,3,4,18,True,235,8,136,2184,21.84,0
18800,0,1,3,4,28,False,131,15,108,3948,39.48,0
18801,0,1,3,4,4,True,11,6,105,1641,16.41,0
18802,0,1,3,4,8,False,4,4,9,1033,10.33,0
18803,0,1,3,4,29,True,4,3,243,1011,10.11,0
18804,0,1,3,4,29,False,65,5,70,1350,13.5,0
18805,0,1,3,4,23,True,105,5,4,1284,12.84,0
18806,0,1,3,4,25,False,120,0,126,126,1.26,0
18807,0,1,3,4,27,True,120,0,104,104,1.04,0
18808,0,1,3,4,24,False,86,3,145,913,9.13,0
18809,0,1,3,4,25,True,86,3,122,890,8.9,0
18810,0,1,3,4,26,False,60,0,145,145,1.45,0
18811,0,1,3,4,29,True,60,0,125,125,1.25,0
18812,0,1,3,4,21,False,109,10,201,2761,27.61,0
18813,0,1,3,4,24,True,190,12,18,3090,30.9,4456968
18814,0,-1,-1,-1,-1,True,-1,-1,-1,-1,-1.0,-1
18815,0,-1,-1,-1,-1,True,-1,-1,-1,-1,-1.0,-1
18816,0,-1,-1,-1,-1,True,-1,-1,-1,-1,-1.0,-1
18817,0,1,3,4,19,True,28,3,225,993,9.93,0
18818,0,1,0,2,30,False,28,0,0,0,0.0,0
18819,0,1,3,5,55,True,13,12,28,3100,31.0,138
18820,0,1,30,6,13,False,229,12,24,3096,30.96,2428
18821,0,1,12,3,28,False,149,4,1,1025,10.25,97
18822,0,-1,-1,-1,-1,True,-1,-1,-1,-1,-1.0,-1
18823,0,-1,-1,-1,-1,True,-1,-1,-1,-1,-1.0,-1
18824,0,1,3,4,10,False,184,2,242,754,7.54,0
18825,0,1,3,4,28,True,184,2,219,731,7.31,0
18826,0,1,3,4,9,False,184,10,102,2662,26.62,0
18827,0,1,3,4,29,True,184,10,82,2642,26.42,0
18828,0,1,3,4,19,False,40,3,75,843,8.43,0
18829,0,1,3,4,17,False,40,8,146,2194,21.94,0
18830,0,1,3,4,32,True,40,8,128,2176,21.76,0
18831,0,1,3,4,29,False,94,2,223,735,7.35,0
18832,0,1,3,4,5,False,135,14,3,3587,35.87,0
18833,0,1,3,4,7,True,9,1,139,395,3.95,15337743
18834,0,-1,-1,-1,-1,True,-1,-1,-1,-1,-1.0,-1
18835,0,-1,-1,-1,-1,True,-1,-1,-1,-1,-1.0,-1
18836,0,-1,-1,-1,-1,True,-1,-1,-1,-1,-1.0,-1
18837,0,1,3,4,29,False,67,10,138,2698,26.98,0
18838,0,1,3,4,19,True,67,10,117,2677,26.77,0
18839,0,1,3,4,26,False,183,11,191,3007,30.07,0
18840,0,1,3,4,14,True,148,11,170,2986,29.86,0
18841,0,1,3,4,8,False,240,0,192,192,1.92,0
18842,0,1,3,4,9,True,240,0,170,170,1.7,0
18843,0,1,3,4,0,False,137,13,11,3339,33.39,24
18844,0,-1,-1,-1,-1,True,-1,-1,-1,-1,-1.0,-1
18845,0,1,3,4,15,False,91,4,238,1262,12.62,0
18846,0,1,3,4,16,False,117,0,12,12,0.12,0
18847,0,1,3,4,30,True,117,15,247,4087,40.87,0
18848,0,1,3,4,24,False,7,1,129,385,3.85,28
18849,0,-1,-1,-1,-1,True,-1,-1,-1,-1,-1.0,-1
18850,0,1,3,4,50,True,9,10,28,2588,25.88,0
18851,0,1,16,3,50,True,9,4,0,1024,10.24,0
18852,0,1,3,4,15,False,14,10,254,2814,28.14,0
18853,0,1,3,4,16,True,14,10,233,2793,27.93,0
18854,0,1,3,4,26,False,109,6,237,1773,17.73,0
18855,0,1,3,4,20,False,75,10,14,2574,25.74,0
18856,0,1,1,4,24,False,47,2,1,513,5.13,82
18857,0,-1,-1,-1,-1,True,-1,-1,-1,-1,-1.0,-1
18858,0,1,3,4,0,False,116,4,90,1114,11.14,0
18859,0,1,2,4,33,False,210,5,208,1488,14.88,0
18860,0,1,3,4,34,True,116,4,66,1090,10.9,0
18861,0,1,2,4,30,True,210,5,190,1470,14.7,0
18862,0,1,3,4,7,False,203,14,0,3584,35.84,150994944
18863,0,-1,-1,-1,-1,True,-1,-1,-1,-1,-1.0,-1
18864,0,9,27,7,0,False,0,0,0,0,0.0,2317091082
18865,0,-1,-1,-1,-1,True,-1,-1,-1,-1,-1.0,-1
18866,0,-1,-1,-1,-1,True,-1,-1,-1,-1,-1.0,-1
18867,0,-1,-1,-1,-1,True,-1,-1,-1,-1,-1.0,-1
18868,0,-1,-1,-1,-1,True,-1,-1,-1,-1,-1.0,-1
18869,0,1,3,4,13,False,21,3,217,985,9.85,0
18870,0,1,3,4,15,True,21,3,195,963,9.63,0
18871,0,1,3,4,23,False,23,8,169,2217,22.17,0
18872,0,1,3,4,22,True,23,8,145,2193,21.93,0
18873,0,1,3,4,17,False,237,3,195,963,9.63,0
18874,0,1,3,4,23,True,237,11,245,3061,30.61,0
18875,0,1,3,4,15,False,152,15,46,3886,38.86,0
18876,0,1,3,4,20,True,152,15,24,3864,38.64,0
18877,0,1,3,4,15,False,45,0,249,249,2.49,0
18878,0,1,3,4,16,True,45,11,28,2844,28.44,0
18879,0,1,3,7,5,True,2,12,28,3100,31.0,181663
18880,0,1,25,4,28,False,30,0,3,3,0.03,0
18881,0,1,4,5,28,False,146,0,3,3,0.03,15
18882,0,1,1,4,31,False,255,15,190,4030,40.3,0
18883,0,1,3,4,19,False,6,15,62,3902,39.02,0
18884,0,1,1,4,25,True,255,15,129,3969,39.69,0
18885,0,1,3,4,61,False,0,11,0,2816,28.16,167772160
18886,0,-1,-1,-1,-1,True,-1,-1,-1,-1,-1.0,-1
18887,0,244,0,0,0,False,0,0,10,10,0.1,3843431425
18888,0,-1,-1,-1,-1,True,-1,-1,-1,-1,-1.0,-1
18889,0,1,3,4,30,True,229,1,162,418,4.18,0
18890,0,1,3,4,22,False,50,3,179,947,9.47,0
18891,0,1,3,4,30,True,35,3,158,926,9.26,0
18892,0,1,3,4,22,False,64,4,95,1119,11.19,0
18893,0,1,3,4,25,True,64,4,73,1097,10.97,0
18894,0,1,3,4,24,False,117,5,6,1286,12.86,188
18895,0,-1,-1,-1,-1,True,-1,-1,-1,-1,-1.0,-1
18896,0,1,3,4,7,False,222,15,41,3881,38.81,0
18897,0,1,3,4,8,False,41,1,111,367,3.67,0
18898,0,1,3,4,17,True,41,1,88,344,3.44,0
18899,0,1,3,4,13,False,177,0,33,33,0.33,0
18900,0,1,3,4,33,True,176,0,13,13,0.13,0
18901,0,1,3,4,0,False,7,11,98,2914,29.14,0
18902,0,1,2,4,5,False,249,6,208,1744,17.44,0
18903,0,1,3,4,34,True,7,11,73,2889,28.89,0
18904,0,1,2,4,3,True,249,7,145,1937,19.37,0
18905,0,1,3,4,1,False,44,12,150,3222,32.22,0
18906,0,1,20,7,34,True,13,0,28,28,0.28,254485
18907,0,1,14,5,28,False,158,2,3,515,5.15,95
18908,0,1,1,4,16,False,91,3,229,997,9.97,0
18909,0,1,3,4,31,False,13,1,23,279,2.79,6172
18910,0,-1,-1,-1,-1,True,-1,-1,-1,-1,-1.0,-1
18911,0,-1,-1,-1,-1,True,-1,-1,-1,-1,-1.0,-1
18912,0,-1,-1,-1,-1,True,-1,-1,-1,-1,-1.0,-1
18913,0,-1,-1,-1,-1,True,-1,-1,-1,-1,-1.0,-1
18914,0,1,31,7,12,False,1,12,159,3231,32.31,7340032
18915,0,1,3,4,20,False,55,13,165,3493,34.93,0
18916,0,1,3,4,28,True,55,13,142,3470,34.7,0
18917,0,1,3,4,16,False,41,12,200,3272,32.72,0
18918,0,1,3,4,12,True,41,12,176,3248,32.48,0
18919,0,1,3,4,30,False,206,4,216,1240,12.4,0
18920,0,1,3,4,22,True,206,4,190,1214,12.14,0
18921,0,1,3,4,18,False,118,9,232,2536,25.36,0
18922,0,1,3,4,15,False,117,6,255,1791,17.91,0
18923,0,1,3,4,16,False,117,9,72,2376,23.76,0
18924,0,1,3,4,32,True,117,6,237,1773,17.73,0
18925,0,1,3,4,33,True,2,10,0,2560,25.6,167772160
18926,0,-1,-1,-1,-1,True,-1,-1,-1,-1,-1.0,-1
18927,0,-1,-1,-1,-1,True,-1,-1,-1,-1,-1.0,-1
18928,0,-1,-1,-1,-1,True,-1,-1,-1,-1,-1.0,-1
18929,0,-1,-1,-1,-1,True,-1,-1,-1,-1,-1.0,-1
18930,0,-1,-1,-1,-1,True,-1,-1,-1,-1,-1.0,-1
18931,0,1,3,4,20,False,40,11,0,2816,28.16,165
18932,0,-1,-1,-1,-1,True,-1,-1,-1,-1,-1.0,-1
18933,0,1,3,4,34,True,235,0,143,143,1.43,0
18934,0,1,3,4,33,False,12,4,0,1024,10.24,167772160
18935,0,-1,-1,-1,-1,True,-1,-1,-1,-1,-1.0,-1
18936,0,174,0,0,0,False,0,0,10,10,0.1,3959430145
18937,0,-1,-1,-1,-1,True,-1,-1,-1,-1,-1.0,-1
18938,0,-1,-1,-1,-1,True,-1,-1,-1,-1,-1.0,-1
18939,0,-1,-1,-1,-1,True,-1,-1,-1,-1,-1.0,-1
18940,0,-1,-1,-1,-1,True,-1,-1,-1,-1,-1.0,-1
18941,0,1,3,4,34,True,236,6,37,1573,15.73,0
18942,0,1,1,4,28,False,203,10,200,2760,27.6,0
18943,0,1,3,4,24,False,10,8,73,2121,21.21,0
18944,0,1,3,4,30,False,39,13,113,3441,34.41,0
18945,0,1,3,4,31,False,39,1,25,281,2.81,0
18946,0,1,3,4,33,True,39,1,5,261,2.61,0
18947,0,1,3,4,31,False,242,5,117,1397,13.97,0
18948,0,1,3,4,26,True,242,5,96,1376,13.76,0
18949,0,1,3,4,31,False,6,13,0,3328,33.28,167772160
18950,0,-1,-1,-1,-1,True,-1,-1,-1,-1,-1.0,-1
18951,0,-1,-1,-1,-1,True,-1,-1,-1,-1,-1.0,-1
18952,0,1,3,4,32,False,215,6,35,1571,15.71,0
18953,0,1,3,4,20,True,215,6,11,1547,15.47,0
18954,0,1,3,4,31,False,143,14,36,3620,36.2,0
18955,0,1,3,4,18,True,143,14,17,3601,36.01,0
18956,0,1,3,4,19,False,116,9,4,2308,23.08,191
18957,0,-1,-1,-1,-1,True,-1,-1,-1,-1,-1.0,-1
18958,0,1,3,4,31,True,185,0,27,27,0.27,0
18959,0,1,3,4,19,False,67,13,14,3342,33.42,0
18960,0,1,3,4,19,True,67,12,253,3325,33.25,0
18961,0,1,3,4,13,False,8,9,0,2304,23.04,167772160
18962,0,-1,-1,-1,-1,True,-1,-1,-1,-1,-1.0,-1
18963,0,-1,-1,-1,-1,True,-1,-1,-1,-1,-1.0,-1
18964,0,-1,-1,-1,-1,True,-1,-1,-1,-1,-1.0,-1
18965,0,1,3,4,18,True,172,4,106,1130,11.3,0
18966,0,1,3,4,19,True,67,8,57,2105,21.05,0
18967,0,1,3,4,24,False,173,5,8,1288,12.88,248
18968,0,-1,-1,-1,-1,True,-1,-1,-1,-1,-1.0,-1
18969,0,1,3,4,17,True,85,8,225,2273,22.73,0
18970,0,1,3,4,29,False,160,15,142,3982,39.82,0
18971,0,1,3,4,10,True,160,15,119,3959,39.59,0
18972,0,1,3,4,20,False,44,13,101,3429,34.29,0
18973,0,1,3,4,17,True,44,13,75,3403,34.03,0
18974,0,1,3,4,29,False,151,12,69,3141,31.41,0
18975,0,1,3,4,26,False,7,3,135,903,9.03,0
18976,0,1,3,4,25,False,7,6,167,1703,17.03,0
18977,0,1,3,4,20,True,7,5,8,1288,12.88,254
18978,0,-1,-1,-1,-1,True,-1,-1,-1,-1,-1.0,-1
18979,0,1,1,4,22,True,253,2,192,704,7.04,0
18980,0,1,3,4,28,False,0,3,7,775,7.75,0
18981,0,1,21,5,28,False,162,3,7,775,7.75,149
18982,0,1,3,4,31,False,94,8,115,2163,21.63,0
18983,0,1,3,4,7,True,237,5,63,1343,13.43,0
18984,0,1,3,4,23,True,237,5,42,1322,13.22,0
18985,0,1,3,4,31,False,160,6,57,1593,15.93,0
18986,0,1,3,4,26,True,160,6,35,1571,15.71,0
18987,0,1,3,4,24,False,62,12,14,3086,30.86,0
18988,0,1,3,4,26,False,62,2,0,512,5.12,93
18989,0,-1,-1,-1,-1,True,-1,-1,-1,-1,-1.0,-1
18990,0,1,3,4,19,False,138,7,108,1900,19.0,0
18991,0,1,1,4,32,False,79,1,138,394,3.94,0
18992,0,1,3,4,33,True,138,7,90,1882,18.82,0
18993,0,1,1,4,33,False,28,15,223,4063,40.63,37634
18994,0,-1,-1,-1,-1,True,-1,-1,-1,-1,-1.0,-1
18995,0,-1,-1,-1,-1,True,-1,-1,-1,-1,-1.0,-1
18996,0,1,3,4,14,False,95,14,42,3626,36.26,0
18997,0,1,3,4,19,True,95,14,18,3602,36.02,0
18998,0,1,3,4,25,False,136,13,214,3542,35.42,0
18999,0,1,3,4,25,True,136,13,194,3522,35.22,0
19000,0,1,3,4,16,False,41,9,188,2492,24.92,0
19001,0,1,3,4,31,True,41,9,166,2470,24.7,0
19002,0,1,3,4,33,True,109,3,224,992,9.92,0
19003,0,1,3,4,25,False,106,15,116,3956,39.56,0
19004,0,1,3,4,34,True,186,15,91,3931,39.31,0
19005,0,1,3,4,15,False,22,4,9,1033,10.33,0
19006,0,1,3,4,32,True,22,3,246,1014,10.14,0
19007,0,1,3,4,22,False,184,15,122,3962,39.62,0
19008,0,1,3,4,20,True,184,15,100,3940,39.4,0
19009,0,1,3,4,32,False,3,13,33,3361,33.61,0
19010,0,1,3,4,22,False,221,3,213,981,9.81,0
19011,0,1,1,4,7,True,19,13,15,3343,33.43,0
19012,0,1,3,4,3,False,190,12,23,3095,30.95,0
19013,0,1,5,4,15,False,244,12,152,3224,32.24,0
19014,0,1,5,4,15,False,220,12,22,3094,30.94,0
19015,0,1,1,7,9,False,237,12,151,3223,32.23,14092559
19016,0,1,3,4,19,False,197,1,116,372,3.72,0
19017,0,1,3,4,14,True,197,1,95,351,3.51,0
19018,0,1,3,4,0,False,182,4,104,1128,11.28,0
19019,0,1,3,4,34,True,11,13,0,3328,33.28,167772160
19020,0,-1,-1,-1,-1,True,-1,-1,-1,-1,-1.0,-1
19021,0,49,1,6,12,False,0,0,0,0,0.0,469830144
19022,0,-1,-1,-1,-1,True,-1,-1,-1,-1,-1.0,-1
19023,0,-1,-1,-1,-1,True,-1,-1,-1,-1,-1.0,-1
19024,0,-1,-1,-1,-1,True,-1,-1,-1,-1,-1.0,-1
19025,0,1,3,4,29,True,49,3,192,960,9.6,0
19026,0,1,3,4,23,False,173,15,6,3846,38.46,0
19027,0,1,3,4,33,True,173,14,242,3826,38.26,0
19028,0,1,3,4,23,False,107,1,226,482,4.82,0
19029,0,1,3,4,22,False,105,5,111,1391,13.91,0
19030,0,1,3,4,30,True,105,5,90,1370,13.7,0
19031,0,1,3,4,17,False,158,6,201,1737,17.37,0
19032,0,1,1,4,25,True,132,3,198,966,9.66,0
19033,0,1,3,4,28,False,135,13,2,3330,33.3,0
19034,0,1,23,4,7,False,1,4,28,1052,10.52,0
19035,0,1,19,0,0,False,0,0,0,0,0.0,0
19036,0,1,8,7,1,False,51,0,0,0,0.0,17432576
19037,0,17,0,0,0,False,0,0,10,10,0.1,1973033985
19038,0,252,0,0,0,False,0,0,10,10,0.1,1580033
19039,0,14,0,0,0,False,0,0,10,10,0.1,1820859393
19040,0,-1,-1,-1,-1,True,-1,-1,-1,-1,-1.0,-1
19041,0,1,3,4,33,False,133,8,57,2105,21.05,0
19042,0,1,3,4,25,True,133,4,71,1095,10.95,0
19043,0,1,3,4,25,False,248,8,168,2216,22.16,0
19044,0,1,3,4,27,True,248,11,230,3046,30.46,0
19045,0,1,3,4,17,False,219,1,171,427,4.27,0
19046,0,1,3,4,29,True,219,1,151,407,4.07,0
19047,0,1,3,4,14,False,207,15,205,4045,40.45,0
19048,0,1,3,4,19,True,207,1,183,439,4.39,0
19049,0,1,3,4,20,False,2,11,32,2848,28.48,0
19050,0,1,3,4,29,True,2,11,9,2825,28.25,0
19051,0,1,3,4,20,False,77,6,59,1595,15.95,0
19052,0,1,3,4,24,True,77,6,34,1570,15.7,0
19053,0,1,3,4,30,False,164,12,164,3236,32.36,0
19054,0,1,3,4,22,True,164,15,2,3842,38.42,21
19055,0,-1,-1,-1,-1,True,-1,-1,-1,-1,-1.0,-1
19056,0,1,3,4,11,False,7,5,54,1334,13.34,0
19057,0,1,3,4,8,True,7,5,30,1310,13.1,0
19058,0,1,3,4,30,False,193,4,39,1063,10.63,0
19059,0,1,3,4,28,True,193,4,15,1039,10.39,0
19060,0,1,3,4,2,False,28,0,60,60,0.6,0
19061,0,1,3,4,8,True,49,0,6,6,0.06,0
19062,0,1,3,4,31,False,103,4,150,1174,11.74,0
19063,0,1,3,4,26,True,230,13,126,3454,34.54,0
19064,0,1,3,4,33,False,30,5,111,1391,13.91,0
19065,0,1,3,4,20,True,209,9,232,2536,25.36,0
19066,0,1,3,4,33,False,114,2,189,701,7.01,0
19067,0,1,3,4,25,True,114,2,168,680,6.8,0
19068,0,1,3,4,30,False,74,1,197,453,4.53,0
19069,0,1,3,4,21,True,74,1,174,430,4.3,0
19070,0,1,3,4,33,False,108,13,252,3580,35.8,0
19071,0,1,3,4,26,True,108,13,232,3560,35.6,0
19072,0,1,3,4,28,True,109,13,137,3465,34.65,0
19073,0,1,3,4,23,False,79,5,163,1443,14.43,0
19074,0,1,3,4,21,True,79,5,141,1421,14.21,0
19075,0,1,3,4,4,False,113,1,8,264,2.64,0
19076,0,1,3,4,30,True,113,0,244,244,2.44,0
19077,0,1,3,4,0,False,179,12,248,3320,33.2,0
19078,0,1,3,4,34,True,179,6,42,1578,15.78,0
19079,0,1,3,4,21,False,247,7,67,1859,18.59,0
19080,0,1,1,4,15,False,79,14,29,3613,36.13,0
19081,0,1,3,4,29,True,247,7,46,1838,18.38,0
19082,0,1,1,4,30,True,79,14,10,3594,35.94,0
19083,0,1,3,4,24,True,96,15,29,3869,38.69,0
19084,0,1,1,4,32,False,201,14,20,3604,36.04,0
19085,0,1,3,4,11,False,52,8,136,2184,21.84,0
19086,0,1,3,4,25,True,52,12,12,3084,30.84,56
19087,0,-1,-1,-1,-1,True,-1,-1,-1,-1,-1.0,-1
19088,0,1,3,4,0,False,232,8,142,2190,21.9,0
19089,0,1,3,4,34,True,232,8,118,2166,21.66,0
19090,0,1,3,4,29,False,97,15,167,4007,40.07,0
19091,0,1,3,4,29,True,17,5,131,1411,14.11,0
19092,0,1,3,4,32,True,17,5,114,1394,13.94,0
19093,0,1,3,4,30,False,183,12,211,3283,32.83,0
19094,0,1,3,4,9,True,183,12,189,3261,32.61,0
19095,0,1,3,4,3,False,115,14,209,3793,37.93,0
19096,0,1,3,4,25,True,115,14,186,3770,37.7,0
19097,0,1,3,4,0,False,240,14,72,3656,36.56,0
19098,0,1,3,4,34,True,240,14,48,3632,36.32,0
19099,0,1,3,4,24,False,48,6,243,1779,17.79,0
19100,0,1,3,4,27,True,48,6,221,1757,17.57,0
19101,0,1,3,4,22,False,208,0,21,21,0.21,0
19102,0,1,3,4,32,True,208,0,2,2,0.02,0
19103,0,1,3,4,29,False,1,14,0,3584,35.84,167772160
19104,0,-1,-1,-1,-1,True,-1,-1,-1,-1,-1.0,-1
19105,0,-1,-1,-1,-1,True,-1,-1,-1,-1,-1.0,-1
19106,0,-1,-1,-1,-1,True,-1,-1,-1,-1,-1.0,-1
19107,0,-1,-1,-1,-1,True,-1,-1,-1,-1,-1.0,-1
19108,0,-1,-1,-1,-1,True,-1,-1,-1,-1,-1.0,-1
19109,0,-1,-1,-1,-1,True,-1,-1,-1,-1,-1.0,-1
19110,0,1,3,4,0,False,20,6,216,1752,17.52,0
19111,0,1,3,4,34,True,20,6,192,1728,17.28,0
19112,0,1,3,4,0,False,147,2,213,725,7.25,0
19113,0,1,3,4,34,True,147,2,189,701,7.01,0
19114,0,1,3,4,11,False,190,10,94,2654,26.54,24577
19115,0,-1,-1,-1,-1,True,-1,-1,-1,-1,-1.0,-1
19116,0,-1,-1,-1,-1,True,-1,-1,-1,-1,-1.0,-1
19117,0,1,3,4,7,True,94,1,72,328,3.28,0
19118,0,1,3,4,0,False,101,2,110,622,6.22,0
19119,0,1,3,4,34,True,101,2,86,598,5.98,0
19120,0,1,3,4,22,False,102,12,217,3289,32.89,0
19121,0,1,3,4,28,True,102,12,195,3267,32.67,0
19122,0,1,3,4,28,False,87,1,4,260,2.6,0
19123,0,1,3,4,30,False,168,15,189,4029,40.29,0
19124,0,1,3,4,29,False,167,2,216,728,7.28,0
19125,0,1,3,4,31,False,170,8,251,2299,22.99,0
19126,0,1,3,4,33,False,2,4,0,1024,10.24,167772160
19127,0,-1,-1,-1,-1,True,-1,-1,-1,-1,-1.0,-1
19128,0,173,0,0,0,False,0,0,10,10,0.1,2392792065
19129,0,151,0,0,0,False,0,0,10,10,0.1,1695226881
19130,0,245,0,0,0,False,0,0,10,10,0.1,1687493633
19131,0,-1,-1,-1,-1,True,-1,-1,-1,-1,-1.0,-1
19132,0,-1,-1,-1,-1,True,-1,-1,-1,-1,-1.0,-1
19133,0,1,3,4,27,False,43,0,45,45,0.45,0
19134,0,1,3,4,23,True,43,0,19,19,0.19,0
19135,0,1,3,4,15,False,204,15,32,3872,38.72,0
19136,0,1,3,4,24,True,204,15,9,3849,38.49,0
19137,0,1,3,4,26,False,182,1,13,269,2.69,114
19138,0,-1,-1,-1,-1,True,-1,-1,-1,-1,-1.0,-1
19139,0,1,3,4,29,True,1,13,95,3423,34.23,0
19140,0,1,3,4,21,False,2,11,0,2816,28.16,167772160
19141,0,-1,-1,-1,-1,True,-1,-1,-1,-1,-1.0,-1
19142,0,1,27,4,0,False,0,0,0,0,0.0,0
19143,0,1,3,4,34,True,232,0,7,7,0.07,224
19144,0,-1,-1,-1,-1,True,-1,-1,-1,-1,-1.0,-1
19145,0,1,3,4,4,True,224,7,205,1997,19.97,0
19146,0,1,3,4,0,False,11,10,0,2560,25.6,167772160
19147,0,-1,-1,-1,-1,True,-1,-1,-1,-1,-1.0,-1
19148,0,252,1,5,21,True,0,0,0,0,0.0,469830144
19149,0,-1,-1,-1,-1,True,-1,-1,-1,-1,-1.0,-1
19150,0,-1,-1,-1,-1,True,-1,-1,-1,-1,-1.0,-1
19151,0,-1,-1,-1,-1,True,-1,-1,-1,-1,-1.0,-1
19152,0,1,3,4,25,False,24,15,59,3899,38.99,0
19153,0,1,3,4,24,False,24,13,3,3331,33.31,150
19154,0,-1,-1,-1,-1,True,-1,-1,-1,-1,-1.0,-1
19155,0,1,2,4,33,False,135,0,132,132,1.32,0
19156,0,1,3,4,32,False,55,3,250,1018,10.18,0
19157,0,1,2,4,34,True,135,0,113,113,1.13,0
19158,0,1,3,4,28,False,12,1,2,258,2.58,0
19159,0,1,15,6,28,False,154,8,10,2058,20.58,238
19160,0,-1,-1,-1,-1,True,-1,-1,-1,-1,-1.0,-1
19161,0,194,0,0,0,False,0,0,10,10,0.1,7169
19162,0,4,0,0,0,False,0,0,10,10,0.1,2936280065
19163,0,-1,-1,-1,-1,True,-1,-1,-1,-1,-1.0,-1
19164,0,1,3,4,17,False,49,13,179,3507,35.07,0
19165,0,1,2,4,27,True,175,14,140,3724,37.24,0
19166,0,1,3,4,28,False,33,10,9,2569,25.69,0
19167,0,1,9,6,28,False,140,10,9,2569,25.69,7225
19168,0,1,2,6,38,False,151,14,2,3586,35.86,0
19169,0,148,28,4,1,False,92,0,0,0,0.0,17498112
19170,0,54,0,0,0,False,0,0,10,10,0.1,9640961
19171,0,211,0,0,0,False,0,0,10,10,0.1,0
19172,0,-1,-1,-1,-1,True,-1,-1,-1,-1,-1.0,-1
19173,0,189,0,0,0,False,0,0,10,10,0.1,0
19174,0,-1,-1,-1,-1,True,-1,-1,-1,-1,-1.0,-1
19175,0,1,0,0,0,False,0,0,10,10,0.1,3859158017
19176,0,-1,-1,-1,-1,True,-1,-1,-1,-1,-1.0,-1
19177,0,-1,-1,-1,-1,True,-1,-1,-1,-1,-1.0,-1
19178,0,1,3,4,34,True,170,15,1,3841,38.41,77
19179,0,-1,-1,-1,-1,True,-1,-1,-1,-1,-1.0,-1
19180,0,1,3,4,10,False,101,13,241,3569,35.69,0
19181,0,1,3,4,15,True,31,14,236,3820,38.2,0
19182,0,1,3,4,33,False,168,2,121,633,6.33,0
19183,0,1,2,4,14,False,180,12,62,3134,31.34,0
19184,0,1,3,4,23,True,168,12,1,3073,30.73,111
19185,0,-1,-1,-1,-1,True,-1,-1,-1,-1,-1.0,-1
19186,0,1,3,4,14,False,52,14,101,3685,36.85,0
19187,0,1,3,4,26,True,0,14,81,3665,36.65,0
19188,0,1,3,4,27,True,255,14,21,3605,36.05,0
19189,0,1,3,4,6,False,93,13,15,3343,33.43,0
19190,0,1,3,4,20,True,92,12,249,3321,33.21,0
19191,0,1,3,4,29,False,75,1,218,474,4.74,0
19192,0,1,3,4,28,True,75,1,196,452,4.52,0
19193,0,1,3,4,22,False,109,10,98,2658,26.58,0
19194,0,1,3,4,10,True,109,10,76,2636,26.36,0
19195,0,1,3,4,27,False,59,14,244,3828,38.28,0
19196,0,1,3,4,28,True,59,14,219,3803,38.03,0
19197,0,1,3,4,19,False,93,2,91,603,6.03,0
19198,0,1,3,4,19,False,93,9,108,2412,24.12,0
19199,0,1,3,4,31,False,253,9,80,2384,23.84,0
19200,0,1,3,4,21,True,253,9,59,2363,23.63,0
19201,0,1,3,4,14,False,93,2,31,543,5.43,0
19202,0,1,3,4,30,True,93,6,12,1548,15.48,23
19203,0,-1,-1,-1,-1,True,-1,-1,-1,-1,-1.0,-1
19204,0,1,3,4,22,False,127,11,180,2996,29.96,0
19205,0,1,3,4,29,True,127,11,158,2974,29.74,0
19206,0,1,3,4,0,False,37,15,46,3886,38.86,0
19207,0,1,2,4,29,False,216,10,91,2651,26.51,0
19208,0,1,3,4,22,True,37,2,10,522,5.22,21
19209,0,-1,-1,-1,-1,True,-1,-1,-1,-1,-1.0,-1
19210,0,1,3,4,17,False,191,7,249,2041,20.41,0
19211,0,1,3,4,24,True,191,7,227,2019,20.19,0
19212,0,1,3,4,0,False,83,4,19,1043,10.43,0
19213,0,1,3,4,34,True,83,3,252,1020,10.2,0
19214,0,1,3,4,33,False,185,1,8,264,2.64,0
19215,0,1,3,4,24,True,26,0,159,159,1.59,0
19216,0,1,3,4,18,False,134,9,237,2541,25.41,0
19217,0,1,3,4,17,True,134,9,215,2519,25.19,0
19218,0,1,3,4,19,False,197,0,216,216,2.16,0
19219,0,1,3,4,6,True,197,0,196,196,1.96,0
19220,0,1,3,4,30,False,116,15,12,3852,38.52,200
19221,0,-1,-1,-1,-1,True,-1,-1,-1,-1,-1.0,-1
19222,0,1,3,4,29,False,111,7,94,1886,18.86,0
19223,0,1,3,4,32,True,111,7,73,1865,18.65,0
19224,0,1,3,4,30,False,215,5,106,1386,13.86,0
19225,0,1,3,4,8,True,30,2,214,726,7.26,0
19226,0,1,3,4,0,False,244,8,192,2240,22.4,0
19227,0,1,3,4,34,True,244,8,167,2215,22.15,0
19228,0,1,3,4,33,False,5,15,67,3907,39.07,0
19229,0,1,3,4,33,True,5,15,51,3891,38.91,0
19230,0,1,3,4,22,False,22,14,156,3740,37.4,0
19231,0,1,2,4,34,True,212,12,115,3187,31.87,0
19232,0,1,1,4,3,True,51,15,160,4000,40.0,0
19233,0,1,3,4,34,True,184,0,121,121,1.21,0
19234,0,1,3,4,5,False,8,4,28,1052,10.52,0
19235,0,1,19,3,5,False,4,0,0,0,0.0,0
19236,0,1,3,4,6,True,191,4,172,1196,11.96,0
19237,0,1,3,4,16,True,129,8,113,2161,21.61,0
19238,0,1,3,4,19,False,103,5,163,1443,14.43,0
19239,0,1,3,4,24,True,103,5,142,1422,14.22,0
19240,0,1,3,4,31,False,198,2,234,746,7.46,0
19241,0,1,3,4,28,True,198,2,214,726,7.26,0
19242,0,1,3,4,15,False,2,5,0,1280,12.8,167772160
19243,0,-1,-1,-1,-1,True,-1,-1,-1,-1,-1.0,-1
19244,0,112,0,0,0,False,0,0,10,10,0.1,647437313
19245,0,-1,-1,-1,-1,True,-1,-1,-1,-1,-1.0,-1
19246,0,-1,-1,-1,-1,True,-1,-1,-1,-1,-1.0,-1
19247,0,1,2,4,30,True,29,14,91,3675,36.75,0
19248,0,1,3,4,24,False,146,10,13,2573,25.73,215
19249,0,-1,-1,-1,-1,True,-1,-1,-1,-1,-1.0,-1
19250,0,1,1,4,9,True,252,15,213,4053,40.53,0
19251,0,1,3,4,28,False,160,8,8,2056,20.56,0
19252,0,1,30,6,4,True,10,0,28,28,0.28,50322
19253,0,1,1,2,59,False,24,6,191,1727,17.27,0
19254,0,-1,-1,-1,-1,True,-1,-1,-1,-1,-1.0,-1
19255,0,-1,-1,-1,-1,True,-1,-1,-1,-1,-1.0,-1
19256,0,1,2,4,31,False,200,13,3,3331,33.31,172
19257,0,-1,-1,-1,-1,True,-1,-1,-1,-1,-1.0,-1
19258,0,1,3,4,11,True,157,3,151,919,9.19,0
19259,0,1,3,4,21,False,28,15,20,3860,38.6,6148
19260,0,-1,-1,-1,-1,True,-1,-1,-1,-1,-1.0,-1
19261,0,-1,-1,-1,-1,True,-1,-1,-1,-1,-1.0,-1
19262,0,1,3,4,26,False,247,14,211,3795,37.95,0
19263,0,1,3,4,27,True,247,14,188,3772,37.72,0
19264,0,1,3,4,20,False,105,3,17,785,7.85,0
19265,0,1,3,4,9,True,105,2,249,761,7.61,0
19266,0,1,3,4,21,False,98,11,251,3067,30.67,0
19267,0,1,3,4,16,False,98,1,54,310,3.1,0
19268,0,1,3,4,31,True,98,1,33,289,2.89,0
19269,0,1,3,4,0,False,38,13,83,3411,34.11,0
19270,0,1,3,4,34,True,38,13,59,3387,33.87,0
19271,0,1,3,4,25,False,159,10,146,2706,27.06,0
19272,0,1,3,4,22,True,159,10,123,2683,26.83,0
19273,0,1,3,4,23,False,194,2,84,596,5.96,0
19274,0,1,3,4,28,True,47,15,11,3851,38.51,0
19275,0,1,3,4,32,False,35,15,163,4003,40.03,0
19276,0,1,3,4,30,True,112,0,72,72,0.72,0
19277,0,1,3,4,32,False,123,5,248,1528,15.28,0
19278,0,1,3,4,23,True,152,11,55,2871,28.71,0
19279,0,1,3,4,22,False,193,12,180,3252,32.52,0
19280,0,1,3,4,22,True,193,12,160,3232,32.32,0
19281,0,1,3,4,31,False,103,8,143,2191,21.91,0
19282,0,1,1,4,33,False,6,11,241,3057,30.57,0
19283,0,1,3,4,17,True,103,8,120,2168,21.68,0
19284,0,1,1,4,32,True,6,11,218,3034,30.34,0
19285,0,1,3,4,22,True,153,14,4,3588,35.88,0
19286,0,1,3,6,27,False,41,2,33,545,5.45,0
19287,0,76,0,0,0,False,0,0,10,10,0.1,184556545
19288,0,-1,-1,-1,-1,True,-1,-1,-1,-1,-1.0,-1
19289,0,-1,-1,-1,-1,True,-1,-1,-1,-1,-1.0,-1
19290,0,-1,-1,-1,-1,True,-1,-1,-1,-1,-1.0,-1
19291,0,1,1,4,4,False,89,12,84,3156,31.56,0
19292,0,1,3,4,34,True,118,8,179,2227,22.27,0
19293,0,1,3,4,19,False,84,0,240,240,2.4,0
19294,0,1,3,4,24,True,84,0,219,219,2.19,0
19295,0,1,3,4,0,False,48,2,57,569,5.69,0
19296,0,1,3,4,34,True,225,13,108,3436,34.36,0
19297,0,1,3,4,26,False,119,4,59,1083,10.83,0
19298,0,1,3,4,18,True,119,4,38,1062,10.62,0
19299,0,1,3,4,19,False,209,1,14,270,2.7,0
19300,0,1,3,4,18,True,209,0,251,251,2.51,0
19301,0,1,3,4,28,False,247,0,181,181,1.81,0
19302,0,1,3,4,6,True,247,0,158,158,1.58,0
19303,0,1,3,4,21,False,187,10,214,2774,27.74,0
19304,0,1,3,4,9,True,190,7,115,1907,19.07,0
19305,0,1,1,4,16,False,125,1,225,481,4.81,0
19306,0,1,3,4,32,False,26,9,112,2416,24.16,0
19307,0,1,3,4,34,True,26,9,87,2391,23.91,0
19308,0,1,3,4,21,False,49,14,148,3732,37.32,0
19309,0,1,3,4,19,True,49,6,124,1660,16.6,0
19310,0,1,3,4,33,False,222,6,155,1691,16.91,0
19311,0,1,3,4,21,True,222,13,13,3341,33.41,141
19312,0,-1,-1,-1,-1,True,-1,-1,-1,-1,-1.0,-1
19313,0,1,3,4,26,True,77,13,120,3448,34.48,0
19314,0,1,3,4,9,False,132,6,164,1700,17.0,0
19315,0,1,3,4,33,False,124,9,161,2465,24.65,0
19316,0,1,3,4,27,True,124,9,140,2444,24.44,0
19317,0,1,3,4,30,False,121,8,52,2100,21.0,0
19318,0,1,3,4,29,True,121,8,28,2076,20.76,0
19319,0,1,3,4,28,False,170,10,9,2569,25.69,221
19320,0,-1,-1,-1,-1,True,-1,-1,-1,-1,-1.0,-1
19321,0,1,3,4,23,True,83,8,117,2165,21.65,0
19322,0,1,3,4,24,False,79,5,251,1531,15.31,0
19323,0,1,3,4,24,True,79,5,231,1511,15.11,0
19324,0,1,3,4,12,False,21,10,62,2622,26.22,0
19325,0,1,3,4,8,True,21,10,40,2600,26.0,0
19326,0,1,3,4,19,True,146,13,178,3506,35.06,0
19327,0,1,3,4,14,False,146,14,86,3670,36.7,0
19328,0,1,3,4,20,True,4,2,0,512,5.12,167772160
19329,0,-1,-1,-1,-1,True,-1,-1,-1,-1,-1.0,-1
19330,0,78,0,0,0,False,0,0,10,10,0.1,7169
19331,0,68,0,0,0,False,0,0,10,10,0.1,3271564289
19332,0,-1,-1,-1,-1,True,-1,-1,-1,-1,-1.0,-1
19333,0,-1,-1,-1,-1,True,-1,-1,-1,-1,-1.0,-1
19334,0,-1,-1,-1,-1,True,-1,-1,-1,-1,-1.0,-1
19335,0,1,3,4,34,True,195,13,147,3475,34.75,0
19336,0,1,3,4,18,False,69,11,189,3005,30.05,0
19337,0,1,3,4,20,True,221,12,28,3100,31.0,0
19338,0,1,25,6,14,False,228,12,135,3207,32.07,3790
19339,0,1,25,7,28,False,7,8,11,2059,20.59,9968686
19340,0,1,29,0,0,False,0,0,0,0,0.0,0
19341,0,1,1,3,24,False,28,7,0,1792,17.92,0
19342,0,1,24,4,10,False,30,12,131,3203,32.03,0
19343,0,1,24,4,10,False,19,13,44,3372,33.72,0
19344,0,1,3,4,23,True,19,13,22,3350,33.5,0
19345,0,1,2,4,31,False,199,12,224,3296,32.96,0
19346,0,1,2,4,10,True,199,7,0,1792,17.92,44
19347,0,-1,-1,-1,-1,True,-1,-1,-1,-1,-1.0,-1
19348,0,1,3,4,14,False,111,8,93,2141,21.41,0
19349,0,1,3,4,25,True,111,8,68,2116,21.16,0
19350,0,1,3,4,25,False,38,0,250,250,2.5,0
19351,0,1,3,4,16,True,55,14,206,3790,37.9,0
19352,0,1,3,4,10,True,55,14,183,3767,37.67,0
19353,0,1,3,4,25,False,83,2,129,641,6.41,0
19354,0,1,3,4,20,True,83,3,54,822,8.22,0
19355,0,1,3,4,32,True,86,3,33,801,8.01,0
19356,0,1,3,4,25,False,49,15,8,3848,38.48,0
19357,0,1,3,4,30,True,49,14,243,3827,38.27,0
19358,0,1,3,4,13,False,47,9,246,2550,25.5,0
19359,0,1,3,4,32,True,123,9,223,2527,25.27,0
19360,0,1,3,4,22,False,10,8,6,2054,20.54,7320
19361,0,-1,-1,-1,-1,True,-1,-1,-1,-1,-1.0,-1
19362,0,-1,-1,-1,-1,True,-1,-1,-1,-1,-1.0,-1
19363,0,1,3,0,0,False,0,0,0,0,0.0,0
19364,0,1,0,6,4,False,245,12,155,3227,32.27,1030
19365,0,1,28,0,0,False,0,0,0,0,0.0,0
19366,0,1,3,4,24,False,94,12,8,3080,30.8,0
19367,0,1,3,4,15,True,14,4,0,1024,10.24,167772160
19368,0,-1,-1,-1,-1,True,-1,-1,-1,-1,-1.0,-1
19369,0,207,0,0,0,False,0,0,10,10,0.1,706026497
19370,0,-1,-1,-1,-1,True,-1,-1,-1,-1,-1.0,-1
19371,0,-1,-1,-1,-1,True,-1,-1,-1,-1,-1.0,-1
19372,0,1,3,4,20,False,222,4,198,1222,12.22,0
19373,0,1,3,4,33,True,171,4,134,1158,11.58,0
19374,0,1,3,4,2,False,133,13,213,3541,35.41,0
19375,0,1,3,4,18,True,133,13,188,3516,35.16,0
19376,0,1,3,4,16,False,109,13,96,3424,34.24,0
19377,0,1,3,4,13,True,109,13,73,3401,34.01,0
19378,0,1,3,4,28,False,192,11,191,3007,30.07,0
19379,0,1,3,4,13,True,197,4,251,1275,12.75,0
19380,0,1,1,4,10,True,61,6,192,1728,17.28,0
19381,0,1,3,4,20,False,179,6,122,1658,16.58,0
19382,0,1,3,4,12,True,179,6,98,1634,16.34,0
19383,0,1,3,4,28,False,191,13,182,3510,35.1,0
19384,0,1,3,4,30,True,191,13,160,3488,34.88,0
19385,0,1,3,4,21,False,7,9,0,2304,23.04,167772160
19386,0,-1,-1,-1,-1,True,-1,-1,-1,-1,-1.0,-1
19387,0,244,0,0,0,False,0,0,10,10,0.1,0
19388,0,-1,-1,-1,-1,True,-1,-1,-1,-1,-1.0,-1
19389,0,-1,-1,-1,-1,True,-1,-1,-1,-1,-1.0,-1
19390,0,-1,-1,-1,-1,True,-1,-1,-1,-1,-1.0,-1
19391,0,-1,-1,-1,-1,True,-1,-1,-1,-1,-1.0,-1
19392,0,-1,-1,-1,-1,True,-1,-1,-1,-1,-1.0,-1
19393,0,-1,-1,-1,-1,True,-1,-1,-1,-1,-1.0,-1
19394,0,1,3,4,34,True,91,14,13,3597,35.97,0
19395,0,1,3,4,0,False,92,11,48,2864,28.64,0
19396,0,1,3,4,34,True,92,11,24,2840,28.4,0
19397,0,1,3,4,32,False,59,5,193,1473,14.73,0
19398,0,1,3,4,28,True,153,5,168,1448,14.48,0
19399,0,1,3,4,26,False,91,1,20,276,2.76,0
19400,0,1,3,4,30,True,1,12,211,3283,32.83,0
19401,0,1,2,4,18,True,0,1,1,257,2.57,0
19402,0,1,3,4,22,False,72,15,115,3955,39.55,0
19403,0,1,3,4,18,True,72,9,17,2321,23.21,0
19404,0,1,3,4,10,False,34,10,144,2704,27.04,0
19405,0,1,3,4,19,True,34,10,121,2681,26.81,0
19406,0,1,3,4,22,False,238,7,99,1891,18.91,0
19407,0,1,3,4,21,True,238,1,11,267,2.67,123
19408,0,-1,-1,-1,-1,True,-1,-1,-1,-1,-1.0,-1
19409,0,1,3,4,22,True,16,6,121,1657,16.57,0
19410,0,1,1,4,18,True,161,11,103,2919,29.19,0
19411,0,1,2,4,9,False,3,15,241,4081,40.81,0
19412,0,1,3,4,0,False,225,12,71,3143,31.43,0
19413,0,1,3,4,34,True,225,12,48,3120,31.2,0
19414,0,1,3,4,31,False,100,4,213,1237,12.37,0
19415,0,1,3,4,14,True,100,4,192,1216,12.16,0
19416,0,1,3,4,20,False,6,12,0,3072,30.72,167772160
19417,0,-1,-1,-1,-1,True,-1,-1,-1,-1,-1.0,-1
19418,0,-1,-1,-1,-1,True,-1,-1,-1,-1,-1.0,-1
19419,0,-1,-1,-1,-1,True,-1,-1,-1,-1,-1.0,-1
19420,0,-1,-1,-1,-1,True,-1,-1,-1,-1,-1.0,-1
19421,0,-1,-1,-1,-1,True,-1,-1,-1,-1,-1.0,-1
19422,0,-1,-1,-1,-1,True,-1,-1,-1,-1,-1.0,-1
19423,0,1,3,4,6,True,127,8,211,2259,22.59,0
19424,0,1,3,4,5,False,195,12,151,3223,32.23,0
19425,0,1,26,2,5,False,169,0,0,0,0.0,0
19426,0,1,3,4,24,False,205,15,182,4022,40.22,0
19427,0,1,3,4,31,True,205,15,162,4002,40.02,0
19428,0,1,3,4,29,False,48,12,41,3113,31.13,0
19429,0,1,3,4,19,True,48,12,19,3091,30.91,0
19430,0,1,3,4,23,False,10,8,0,2048,20.48,167772160
19431,0,-1,-1,-1,-1,True,-1,-1,-1,-1,-1.0,-1
19432,0,183,0,3,41,False,0,0,0,0,0.0,469830144
19433,0,-1,-1,-1,-1,True,-1,-1,-1,-1,-1.0,-1
19434,0,-1,-1,-1,-1,True,-1,-1,-1,-1,-1.0,-1
19435,0,1,3,4,22,False,239,7,61,1853,18.53,0
19436,0,1,3,4,30,True,239,7,40,1832,18.32,0
19437,0,1,3,4,28,False,5,8,127,2175,21.75,0
19438,0,1,3,4,27,True,5,11,119,2935,29.35,0
19439,0,1,3,4,30,False,103,9,145,2449,24.49,0
19440,0,1,3,4,31,True,103,9,122,2426,24.26,0
19441,0,1,3,4,32,False,30,13,105,3433,34.33,0
19442,0,1,3,4,25,True,30,13,82,3410,34.1,0
19443,0,1,3,4,28,False,86,14,103,3687,36.87,0
19444,0,1,3,4,29,False,85,12,0,3072,30.72,24
19445,0,-1,-1,-1,-1,True,-1,-1,-1,-1,-1.0,-1
19446,0,1,1,4,21,True,6,5,204,1484,14.84,0
19447,0,1,0,1,5,True,0,0,0,0,0.0,0
19448,0,1,3,4,25,False,73,12,234,3306,33.06,0
19449,0,1,3,4,29,True,72,12,214,3286,32.86,0
19450,0,1,3,4,25,False,6,1,28,284,2.84,0
19451,0,1,3,4,13,True,6,1,7,263,2.63,0
19452,0,1,3,4,30,False,4,6,122,1658,16.58,0
19453,0,1,3,4,31,True,3,6,100,1636,16.36,0
19454,0,1,3,4,31,False,126,5,66,1346,13.46,0
19455,0,1,3,4,24,True,126,10,12,2572,25.72,151
19456,0,-1,-1,-1,-1,True,-1,-1,-1,-1,-1.0,-1
19457,0,1,28,4,0,False,59,13,193,3521,35.21,0
19458,0,1,3,4,30,False,171,6,41,1577,15.77,0
19459,0,1,3,4,8,True,170,6,33,1569,15.69,0
19460,0,1,3,4,15,False,189,15,231,4071,40.71,0
19461,0,1,3,4,19,True,189,15,210,4050,40.5,0
19462,0,1,3,4,18,False,219,11,104,2920,29.2,0
19463,0,1,3,4,33,True,218,2,3,515,5.15,0
19464,0,1,3,4,34,True,161,1,235,491,4.91,0
19465,0,1,3,4,12,False,71,4,146,1170,11.7,0
19466,0,1,3,4,28,True,126,1,146,402,4.02,0
19467,0,1,3,4,20,False,91,6,61,1597,15.97,0
19468,0,1,3,4,32,True,90,6,39,1575,15.75,0
19469,0,1,3,4,32,False,217,12,60,3132,31.32,0
19470,0,1,3,4,25,True,217,12,37,3109,31.09,0
19471,0,1,3,4,24,False,154,7,222,2014,20.14,0
19472,0,1,3,4,25,True,153,7,199,1991,19.91,0
19473,0,1,3,4,20,False,17,14,215,3799,37.99,0
19474,0,1,3,4,21,False,17,15,156,3996,39.96,0
19475,0,1,3,4,28,True,17,14,132,3716,37.16,0
19476,0,1,3,4,22,True,145,14,110,3694,36.94,0
19477,0,1,3,4,3,False,224,4,79,1103,11.03,0
19478,0,1,3,4,34,True,47,4,56,1080,10.8,0
19479,0,1,3,4,0,False,72,15,73,3913,39.13,0
19480,0,1,3,4,34,True,72,15,49,3889,38.89,0
19481,0,1,3,4,28,False,132,14,212,3796,37.96,0
19482,0,1,3,4,13,True,132,14,190,3774,37.74,0
19483,0,1,3,4,9,False,220,10,25,2585,25.85,0
19484,0,1,3,4,16,True,220,10,6,2566,25.66,0
19485,0,1,3,4,22,False,121,3,241,1009,10.09,0
19486,0,1,3,4,24,True,121,3,218,986,9.86,0
19487,0,1,3,4,18,False,175,2,243,755,7.55,0
19488,0,1,3,4,15,True,174,2,220,732,7.32,0
19489,0,1,3,4,19,False,233,10,12,2572,25.72,216
19490,0,-1,-1,-1,-1,True,-1,-1,-1,-1,-1.0,-1
19491,0,1,3,4,15,True,187,0,217,217,2.17,0
19492,0,1,3,4,27,False,65,6,27,1563,15.63,0
19493,0,1,3,4,18,True,65,6,1,1537,15.37,0
19494,0,1,3,4,22,False,13,0,0,0,0.0,167772160
19495,0,-1,-1,-1,-1,True,-1,-1,-1,-1,-1.0,-1
19496,0,235,0,0,0,False,0,0,10,10,0.1,2619022337
19497,0,-1,-1,-1,-1,True,-1,-1,-1,-1,-1.0,-1
19498,0,-1,-1,-1,-1,True,-1,-1,-1,-1,-1.0,-1
19499,0,-1,-1,-1,-1,True,-1,-1,-1,-1,-1.0,-1
19500,0,-1,-1,-1,-1,True,-1,-1,-1,-1,-1.0,-1
19501,0,1,3,4,8,True,156,2,60,572,5.72,0
19502,0,1,3,4,9,False,95,11,16,2832,28.32,0
19503,0,1,3,4,22,True,95,10,252,2812,28.12,0
19504,0,1,3,4,30,False,32,7,17,1809,18.09,0
19505,0,1,3,4,27,True,56,6,251,1787,17.87,0
19506,0,1,3,4,17,False,97,2,65,577,5.77,0
19507,0,1,3,4,29,False,41,13,168,3496,34.96,0
19508,0,1,3,4,26,True,41,13,146,3474,34.74,0
19509,0,1,3,4,27,False,115,14,228,3812,38.12,0
19510,0,1,3,4,26,False,115,5,103,1383,13.83,0
19511,0,1,3,4,21,True,115,5,81,1361,13.61,0
19512,0,1,3,4,22,False,213,6,192,1728,17.28,0
19513,0,1,3,4,17,True,213,6,170,1706,17.06,0
19514,0,1,3,4,28,False,141,13,27,3355,33.55,0
19515,0,1,3,4,23,True,191,13,1,3329,33.29,0
19516,0,1,3,4,15,False,82,15,10,3850,38.5,0
19517,0,1,3,4,14,False,83,3,227,995,9.95,0
19518,0,1,3,4,5,True,83,3,202,970,9.7,0
19519,0,1,3,4,6,True,82,14,243,3827,38.27,0
19520,0,1,3,4,12,False,207,14,130,3714,37.14,0
19521,0,1,3,4,27,True,207,14,109,3693,36.93,0
19522,0,1,3,4,18,False,51,0,83,83,0.83,0
19523,0,1,3,4,34,True,110,0,59,59,0.59,0
19524,0,1,3,4,16,False,40,10,126,2686,26.86,0
19525,0,1,3,4,27,True,40,10,103,2663,26.63,0
19526,0,1,3,4,16,False,222,6,135,1671,16.71,0
19527,0,1,3,4,29,True,14,6,115,1651,16.51,0
19528,0,1,3,4,18,False,42,7,91,1883,18.83,0
19529,0,1,3,4,23,True,42,7,69,1861,18.61,0
19530,0,1,3,4,28,False,73,7,237,2029,20.29,0
19531,0,1,3,4,3,True,73,7,215,2007,20.07,0
19532,0,1,3,4,32,False,228,6,2,1538,15.38,140
19533,0,-1,-1,-1,-1,True,-1,-1,-1,-1,-1.0,-1
19534,0,1,3,4,23,False,252,13,15,3343,33.43,0
19535,0,1,1,4,26,False,143,11,145,2961,29.61,0
19536,0,1,3,4,21,True,252,12,249,3321,33.21,0
19537,0,1,1,4,19,True,143,11,126,2942,29.42,0
19538,0,1,3,4,28,False,152,2,8,520,5.2,0
19539,0,1,20,7,28,False,11,5,11,1291,12.91,9772081
19540,0,1,20,5,11,False,26,12,25,3097,30.97,69
19541,0,1,0,6,15,False,0,8,0,2048,20.48,167772160
19542,0,-1,-1,-1,-1,True,-1,-1,-1,-1,-1.0,-1
19543,0,-1,-1,-1,-1,True,-1,-1,-1,-1,-1.0,-1
19544,0,-1,-1,-1,-1,True,-1,-1,-1,-1,-1.0,-1
19545,0,-1,-1,-1,-1,True,-1,-1,-1,-1,-1.0,-1
19546,0,-1,-1,-1,-1,True,-1,-1,-1,-1,-1.0,-1
19547,0,1,3,4,18,False,36,1,73,329,3.29,0
19548,0,1,3,4,25,True,10,12,0,3072,30.72,167772160
19549,0,-1,-1,-1,-1,True,-1,-1,-1,-1,-1.0,-1
19550,0,110,0,0,0,False,0,0,10,10,0.1,10488833
19551,0,121,0,0,0,False,0,0,10,10,0.1,2114329601
19552,0,215,0,0,0,False,0,0,10,10,0.1,118823937
19553,0,-1,-1,-1,-1,True,-1,-1,-1,-1,-1.0,-1
19554,0,-1,-1,-1,-1,True,-1,-1,-1,-1,-1.0,-1
19555,0,-1,-1,-1,-1,True,-1,-1,-1,-1,-1.0,-1
19556,0,-1,-1,-1,-1,True,-1,-1,-1,-1,-1.0,-1
19557,0,1,3,4,22,True,7,0,67,67,0.67,0
19558,0,1,3,4,27,False,60,3,120,888,8.88,0
19559,0,1,3,4,32,True,60,3,97,865,8.65,0
19560,0,1,3,4,13,False,152,13,19,3347,33.47,0
19561,0,1,3,4,30,True,5,13,0,3328,33.28,167772160
19562,0,-1,-1,-1,-1,True,-1,-1,-1,-1,-1.0,-1
19563,0,-1,-1,-1,-1,True,-1,-1,-1,-1,-1.0,-1
19564,0,-1,-1,-1,-1,True,-1,-1,-1,-1,-1.0,-1
19565,0,-1,-1,-1,-1,True,-1,-1,-1,-1,-1.0,-1
19566,0,1,3,4,32,True,254,2,255,767,7.67,0
19567,0,1,3,4,13,False,187,11,63,2879,28.79,0
19568,0,1,3,4,32,True,187,6,137,1673,16.73,0
19569,0,1,3,4,26,False,28,14,36,3620,36.2,0
19570,0,1,3,4,22,True,28,14,13,3597,35.97,0
19571,0,1,3,4,15,False,251,11,142,2958,29.58,0
19572,0,1,3,4,26,True,251,11,121,2937,29.37,0
19573,0,1,3,4,14,False,216,9,28,2332,23.32,0
19574,0,1,1,4,32,False,145,12,19,3091,30.91,26
19575,0,-1,-1,-1,-1,True,-1,-1,-1,-1,-1.0,-1
19576,0,1,0,6,8,False,28,13,26,3354,33.54,62469
19577,0,1,3,4,7,False,177,9,64,2368,23.68,0
19578,0,1,3,4,19,False,133,8,127,2175,21.75,0
19579,0,1,3,4,20,True,133,8,108,2156,21.56,0
19580,0,1,3,4,22,False,235,5,241,1521,15.21,0
19581,0,1,3,4,14,True,235,5,218,1498,14.98,0
19582,0,1,3,4,0,False,103,15,95,3935,39.35,0
19583,0,1,3,4,34,True,103,15,71,3911,39.11,0
19584,0,1,3,4,16,False,184,3,3,771,7.71,185
19585,0,-1,-1,-1,-1,True,-1,-1,-1,-1,-1.0,-1
19586,0,1,3,4,25,True,131,3,163,931,9.31,0
19587,0,1,3,4,1,False,227,12,41,3113,31.13,0
19588,0,1,3,4,21,True,227,12,18,3090,30.9,0
19589,0,1,3,4,0,False,137,7,241,2033,20.33,0
19590,0,1,3,4,34,True,137,7,217,2009,20.09,0
19591,0,1,3,4,23,False,123,13,77,3405,34.05,0
19592,0,1,3,4,16,True,123,13,56,3384,33.84,0
19593,0,1,3,4,29,False,8,8,244,2292,22.92,0
19594,0,1,3,4,17,True,8,8,221,2269,22.69,0
19595,0,1,3,4,16,False,45,0,0,0,0.0,17432576
19596,0,-1,-1,-1,-1,True,-1,-1,-1,-1,-1.0,-1
19597,0,-1,-1,-1,-1,True,-1,-1,-1,-1,-1.0,-1
19598,0,-1,-1,-1,-1,True,-1,-1,-1,-1,-1.0,-1
19599,0,-1,-1,-1,-1,True,-1,-1,-1,-1,-1.0,-1
19600,0,-1,-1,-1,-1,True,-1,-1,-1,-1,-1.0,-1
19601,0,1,3,4,28,False,196,13,76,3404,34.04,0
19602,0,1,3,4,26,True,196,13,54,3382,33.82,0
19603,0,1,3,4,29,False,74,1,129,385,3.85,0
19604,0,1,3,4,25,True,74,1,107,363,3.63,0
19605,0,1,3,4,30,True,16,14,70,3654,36.54,0
19606,0,1,3,4,29,False,15,2,207,719,7.19,0
19607,0,1,3,4,25,True,62,1,130,386,3.86,0
19608,0,1,3,4,6,False,112,3,153,921,9.21,0
19609,0,1,3,4,17,True,112,3,130,898,8.98,0
19610,0,1,3,4,29,False,190,12,13,3085,30.85,23
19611,0,-1,-1,-1,-1,True,-1,-1,-1,-1,-1.0,-1
19612,0,1,1,4,16,True,141,8,149,2197,21.97,0
19613,0,1,3,4,31,False,246,0,253,253,2.53,0
19614,0,1,3,4,23,True,246,6,132,1668,16.68,0
19615,0,1,2,4,21,False,215,12,21,3093,30.93,0
19616,0,1,17,1,5,False,0,0,0,0,0.0,0
19617,0,1,3,3,28,False,149,9,0,2304,23.04,0
19618,0,1,1,4,14,False,9,12,134,3206,32.06,0
19619,0,1,0,5,4,False,10,14,0,3584,35.84,167772160
19620,0,250,0,0,0,False,0,0,10,10,0.1,2169857
19621,0,-1,-1,-1,-1,True,-1,-1,-1,-1,-1.0,-1
19622,0,-1,-1,-1,-1,True,-1,-1,-1,-1,-1.0,-1
19623,0,-1,-1,-1,-1,True,-1,-1,-1,-1,-1.0,-1
19624,0,-1,-1,-1,-1,True,-1,-1,-1,-1,-1.0,-1
19625,0,1,3,4,22,True,64,2,137,649,6.49,0
19626,0,1,3,4,24,False,169,2,100,612,6.12,0
19627,0,1,3,4,19,True,169,2,78,590,5.9,0
19628,0,1,3,4,18,False,199,8,164,2212,22.12,0
19629,0,1,3,4,27,True,199,8,143,2191,21.91,0
19630,0,1,3,4,22,False,199,10,67,2627,26.27,0
19631,0,1,3,4,14,True,106,10,41,2601,26.01,0
19632,0,1,3,4,10,False,91,13,237,3565,35.65,0
19633,0,1,3,4,8,True,91,13,212,3540,35.4,0
19634,0,1,3,4,3,False,225,10,232,2792,27.92,0
19635,0,1,3,4,27,True,224,10,211,2771,27.71,0
19636,0,1,3,4,33,True,98,8,81,2129,21.29,0
19637,0,1,3,4,13,False,97,14,199,3783,37.83,0
19638,0,1,3,4,34,True,97,14,178,3762,37.62,0
19639,0,1,3,4,0,False,225,11,132,2948,29.48,0
19640,0,1,3,4,34,True,224,11,107,2923,29.23,0
19641,0,1,3,4,19,False,89,14,42,3626,36.26,0
19642,0,1,3,4,2,False,89,2,149,661,6.61,0
19643,0,1,3,4,27,True,31,9,111,2415,24.15,0
19644,0,1,3,4,23,False,185,13,226,3554,35.54,0
19645,0,1,3,4,24,True,152,14,70,3654,36.54,0
19646,0,1,3,4,7,False,164,6,4,1540,15.4,0
19647,0,1,1,4,24,True,77,1,0,256,2.56,218103808
19648,0,-1,-1,-1,-1,True,-1,-1,-1,-1,-1.0,-1
19649,0,-1,-1,-1,-1,True,-1,-1,-1,-1,-1.0,-1
19650,0,-1,-1,-1,-1,True,-1,-1,-1,-1,-1.0,-1
19651,0,-1,-1,-1,-1,True,-1,-1,-1,-1,-1.0,-1
19652,0,-1,-1,-1,-1,True,-1,-1,-1,-1,-1.0,-1
19653,0,-1,-1,-1,-1,True,-1,-1,-1,-1,-1.0,-1
19654,0,1,9,6,1,False,28,13,255,3583,35.83,0
19655,0,44,3,4,23,True,255,13,0,3328,33.28,201326592
19656,0,232,3,4,0,False,0,0,0,0,0.0,0
19657,0,1,17,3,36,True,6,3,0,768,7.68,0
19658,0,1,3,4,6,False,212,2,180,692,6.92,0
19659,0,1,3,4,27,True,212,2,160,672,6.72,0
19660,0,1,3,4,30,False,13,5,0,1280,12.8,167772160
19661,0,-1,-1,-1,-1,True,-1,-1,-1,-1,-1.0,-1
19662,0,-1,-1,-1,-1,True,-1,-1,-1,-1,-1.0,-1
19663,0,-1,-1,-1,-1,True,-1,-1,-1,-1,-1.0,-1
19664,0,-1,-1,-1,-1,True,-1,-1,-1,-1,-1.0,-1
19665,0,-1,-1,-1,-1,True,-1,-1,-1,-1,-1.0,-1
19666,0,1,3,4,20,False,155,12,162,3234,32.34,0
19667,0,1,3,4,23,True,155,10,85,2645,26.45,0
19668,0,1,3,4,20,True,164,9,204,2508,25.08,0
19669,0,1,3,4,18,False,164,2,60,572,5.72,0
19670,0,1,3,4,21,True,164,2,27,539,5.39,0
19671,0,1,3,4,0,False,209,0,37,37,0.37,0
19672,0,1,3,4,34,True,209,0,13,13,0.13,0
19673,0,1,3,4,22,False,14,0,237,237,2.37,0
19674,0,1,3,4,22,True,14,0,218,218,2.18,0
19675,0,1,3,4,26,False,153,8,47,2095,20.95,0
19676,0,1,3,4,32,True,153,8,26,2074,20.74,0
19677,0,1,3,4,18,False,37,2,187,699,6.99,0
19678,0,1,3,4,20,True,37,2,164,676,6.76,0
19679,0,1,3,4,32,False,40,3,198,966,9.66,0
19680,0,1,3,4,30,True,40,3,176,944,9.44,0
19681,0,1,3,4,16,False,213,6,166,1702,17.02,0
19682,0,1,3,4,26,True,213,6,146,1682,16.82,0
19683,0,1,3,4,11,False,4,4,0,1024,10.24,167772160
19684,0,-1,-1,-1,-1,True,-1,-1,-1,-1,-1.0,-1
19685,0,-1,-1,-1,-1,True,-1,-1,-1,-1,-1.0,-1
19686,0,-1,-1,-1,-1,True,-1,-1,-1,-1,-1.0,-1
19687,0,1,3,4,7,False,135,1,0,256,2.56,0
19688,0,1,3,4,34,True,71,0,232,232,2.32,0
19689,0,1,3,4,22,False,146,0,217,217,2.17,0
19690,0,1,3,4,24,True,146,0,194,194,1.94,0
19691,0,1,3,4,24,False,150,7,181,1973,19.73,0
19692,0,1,3,4,19,True,150,7,109,1901,19.01,0
19693,0,1,3,4,21,True,150,7,159,1951,19.51,0
19694,0,1,3,4,2,False,0,10,1,2561,25.61,1443700508
19695,0,-1,-1,-1,-1,True,-1,-1,-1,-1,-1.0,-1
19696,0,-1,-1,-1,-1,True,-1,-1,-1,-1,-1.0,-1
19697,0,-1,-1,-1,-1,True,-1,-1,-1,-1,-1.0,-1
19698,0,-1,-1,-1,-1,True,-1,-1,-1,-1,-1.0,-1
19699,0,1,3,4,27,False,26,0,108,108,1.08,0
19700,0,1,3,4,28,False,25,6,123,1659,16.59,0
19701,0,1,3,4,18,True,25,6,101,1637,16.37,0
19702,0,1,3,4,0,False,94,0,164,164,1.64,0
19703,0,1,3,4,24,True,94,0,140,140,1.4,0
19704,0,1,3,4,6,False,77,15,212,4052,40.52,0
19705,0,1,3,4,17,True,77,15,190,4030,40.3,0
19706,0,1,3,4,28,True,214,10,238,2798,27.98,0
19707,0,1,3,4,21,False,214,2,121,633,6.33,0
19708,0,1,3,4,26,True,214,2,89,601,6.01,0
19709,0,1,3,4,29,False,12,3,0,768,7.68,167772160
19710,0,-1,-1,-1,-1,True,-1,-1,-1,-1,-1.0,-1
19711,0,25,0,0,0,False,0,0,10,10,0.1,0
19712,0,-1,-1,-1,-1,True,-1,-1,-1,-1,-1.0,-1
19713,0,-1,-1,-1,-1,True,-1,-1,-1,-1,-1.0,-1
19714,0,1,3,4,20,True,67,5,106,1386,13.86,0
19715,0,1,1,4,24,False,143,10,90,2650,26.5,0
19716,0,1,3,4,26,False,10,10,0,2560,25.6,167772160
19717,0,-1,-1,-1,-1,True,-1,-1,-1,-1,-1.0,-1
19718,0,-1,-1,-1,-1,True,-1,-1,-1,-1,-1.0,-1
19719,0,-1,-1,-1,-1,True,-1,-1,-1,-1,-1.0,-1
19720,0,-1,-1,-1,-1,True,-1,-1,-1,-1,-1.0,-1
19721,0,-1,-1,-1,-1,True,-1,-1,-1,-1,-1.0,-1
19722,0,-1,-1,-1,-1,True,-1,-1,-1,-1,-1.0,-1
19723,0,1,3,4,12,False,225,6,184,1720,17.2,0
19724,0,1,3,4,24,True,225,6,162,1698,16.98,0
19725,0,1,3,4,0,False,140,10,238,2798,27.98,0
19726,0,1,3,4,34,True,139,10,214,2774,27.74,0
19727,0,1,3,4,0,False,78,7,202,1994,19.94,0
19728,0,1,3,4,34,True,78,7,178,1970,19.7,0
19729,0,1,3,4,6,True,66,13,208,3536,35.36,0
19730,0,1,3,4,10,False,9,7,61,1853,18.53,0
19731,0,1,3,4,12,False,140,3,9,777,7.77,0
19732,0,1,7,0,0,False,0,0,0,0,0.0,0
19733,0,1,7,1,11,False,0,0,0,0,0.0,0
19734,0,1,6,3,28,False,161,9,0,2304,23.04,0
19735,0,1,1,3,30,False,28,0,0,0,0.0,0
19736,0,1,27,4,15,False,36,12,162,3234,32.34,0
19737,0,1,27,4,15,False,1,5,0,1280,12.8,167772160
19738,0,-1,-1,-1,-1,True,-1,-1,-1,-1,-1.0,-1
19739,0,67,0,0,0,False,0,0,10,10,0.1,0
19740,0,-1,-1,-1,-1,True,-1,-1,-1,-1,-1.0,-1
19741,0,-1,-1,-1,-1,True,-1,-1,-1,-1,-1.0,-1
19742,0,-1,-1,-1,-1,True,-1,-1,-1,-1,-1.0,-1
19743,0,-1,-1,-1,-1,True,-1,-1,-1,-1,-1.0,-1
19744,0,-1,-1,-1,-1,True,-1,-1,-1,-1,-1.0,-1
19745,0,-1,-1,-1,-1,True,-1,-1,-1,-1,-1.0,-1
19746,0,1,3,4,8,True,130,15,95,3935,39.35,0
19747,0,1,3,4,33,False,139,7,70,1862,18.62,0
19748,0,1,3,4,31,True,139,7,52,1844,18.44,0
19749,0,1,3,4,18,False,171,2,88,600,6.0,0
19750,0,1,3,4,21,True,171,2,66,578,5.78,0
19751,0,1,3,4,0,False,49,15,15,3855,38.55,0
19752,0,1,3,4,33,True,129,15,104,3944,39.44,0
19753,0,1,3,4,30,False,202,12,254,3326,33.26,0
19754,0,1,3,4,26,True,202,12,231,3303,33.03,0
19755,0,1,3,4,32,False,221,15,159,3999,39.99,0
19756,0,1,3,4,34,True,221,15,135,3975,39.75,0
19757,0,1,3,4,32,False,99,3,193,961,9.61,0
19758,0,1,3,4,34,True,99,3,169,937,9.37,0
19759,0,1,3,4,8,False,46,9,29,2333,23.33,0
19760,0,1,3,4,17,True,170,9,9,2313,23.13,0
19761,0,1,3,4,18,False,168,2,247,759,7.59,0
19762,0,1,3,4,16,True,168,2,226,738,7.38,0
19763,0,1,3,4,24,False,16,11,93,2909,29.09,0
19764,0,1,3,4,34,True,16,11,69,2885,28.85,0
19765,0,1,3,4,15,False,56,10,8,2568,25.68,5
19766,0,-1,-1,-1,-1,True,-1,-1,-1,-1,-1.0,-1
19767,0,1,3,4,27,False,163,1,60,316,3.16,0
19768,0,1,3,4,13,True,163,1,35,291,2.91,0
19769,0,1,3,4,19,False,104,13,144,3472,34.72,0
19770,0,1,3,4,30,False,185,1,226,482,4.82,0
19771,0,1,3,4,31,True,185,1,204,460,4.6,0
19772,0,1,3,4,20,False,201,7,103,1895,18.95,0
19773,0,1,3,4,26,True,201,10,79,2639,26.39,0
19774,0,1,3,4,16,False,32,15,241,4081,40.81,0
19775,0,1,3,4,19,True,32,15,219,4059,40.59,0
19776,0,1,3,4,27,False,39,14,230,3814,38.14,0
19777,0,1,3,4,21,True,39,8,161,2209,22.09,0
19778,0,1,3,4,30,False,7,15,225,4065,40.65,0
19779,0,1,3,4,25,True,7,13,1,3329,33.29,70
19780,0,-1,-1,-1,-1,True,-1,-1,-1,-1,-1.0,-1
19781,0,1,3,4,15,True,222,0,117,117,1.17,0
19782,0,1,3,4,16,True,91,3,225,993,9.93,0
19783,0,1,3,4,25,False,127,6,70,1606,16.06,0
19784,0,1,3,4,29,True,0,11,0,2816,28.16,167772160
19785,0,-1,-1,-1,-1,True,-1,-1,-1,-1,-1.0,-1
19786,0,187,0,0,0,False,0,0,10,10,0.1,7169
19787,0,166,0,0,0,False,0,0,10,10,0.1,7169
19788,0,39,1,1,62,True,0,0,0,0,0.0,469830144
19789,0,169,0,0,0,False,0,0,10,10,0.1,2169857
19790,0,-1,-1,-1,-1,True,-1,-1,-1,-1,-1.0,-1
19791,0,1,3,4,23,True,72,5,58,1338,13.38,0
19792,0,1,3,4,29,False,109,8,192,2240,22.4,0
19793,0,1,3,4,19,True,109,8,170,2218,22.18,0
19794,0,1,3,4,0,False,178,2,171,683,6.83,0
19795,0,1,3,4,34,True,177,8,11,2059,20.59,10
19796,0,-1,-1,-1,-1,True,-1,-1,-1,-1,-1.0,-1
19797,0,1,3,4,4,False,31,14,88,3672,36.72,0
19798,0,1,3,4,26,True,31,14,68,3652,36.52,0
19799,0,1,3,4,11,False,13,10,137,2697,26.97,0
19800,0,1,3,4,17,True,43,2,5,517,5.17,0
19801,0,1,3,4,32,False,102,3,210,978,9.78,0
19802,0,1,3,4,31,True,102,3,189,957,9.57,0
19803,0,1,3,4,21,False,166,2,64,576,5.76,0
19804,0,1,3,4,11,True,219,15,191,4031,40.31,0
19805,0,1,3,4,19,False,219,3,151,919,9.19,0
19806,0,1,3,4,32,True,219,3,130,898,8.98,0
19807,0,1,3,4,27,False,136,15,44,3884,38.84,0
19808,0,1,3,4,20,True,13,0,0,0,0.0,167772160
19809,0,-1,-1,-1,-1,True,-1,-1,-1,-1,-1.0,-1
19810,0,128,1,2,14,False,0,0,0,0,0.0,2560
19811,0,-1,-1,-1,-1,True,-1,-1,-1,-1,-1.0,-1
19812,0,58,0,0,0,False,0,0,10,10,0.1,287251457
19813,0,142,0,0,0,False,0,0,10,10,0.1,295705601
19814,0,-1,-1,-1,-1,True,-1,-1,-1,-1,-1.0,-1
19815,0,-1,-1,-1,-1,True,-1,-1,-1,-1,-1.0,-1
19816,0,-1,-1,-1,-1,True,-1,-1,-1,-1,-1.0,-1
19817,0,-1,-1,-1,-1,True,-1,-1,-1,-1,-1.0,-1
19818,0,1,3,4,29,False,13,10,111,2671,26.71,0
19819,0,1,3,4,20,True,15,8,131,2179,21.79,0
19820,0,1,3,4,21,True,198,5,64,1344,13.44,0
19821,0,1,2,4,29,False,193,5,141,1421,14.21,0
19822,0,1,2,4,32,True,193,5,120,1400,14.0,0
19823,0,1,3,4,33,False,72,9,36,2340,23.4,0
19824,0,1,3,4,31,True,72,9,17,2321,23.21,0
19825,0,1,3,4,32,False,143,9,244,2548,25.48,0
19826,0,1,3,4,23,True,142,9,221,2525,25.25,0
19827,0,1,3,4,18,False,231,6,202,1738,17.38,0
19828,0,1,3,4,20,True,230,6,181,1717,17.17,0
19829,0,1,3,4,20,False,111,10,199,2759,27.59,0
19830,0,1,3,4,23,True,237,1,205,461,4.61,0
19831,0,1,3,4,19,False,185,14,113,3697,36.97,0
19832,0,1,3,4,33,True,185,14,95,3679,36.79,0
19833,0,1,3,4,19,False,116,8,8,2056,20.56,0
19834,0,1,3,4,29,True,116,7,245,2037,20.37,0
19835,0,1,3,4,29,False,173,1,125,381,3.81,0
19836,0,1,3,4,16,True,189,2,142,654,6.54,0
19837,0,1,3,4,8,False,154,6,120,1656,16.56,0
19838,0,1,3,4,22,True,103,9,84,2388,23.88,0
19839,0,1,3,4,24,False,18,14,145,3729,37.29,0
19840,0,1,3,4,34,True,18,14,121,3705,37.05,0
19841,0,1,3,4,19,False,140,11,125,2941,29.41,0
19842,0,1,3,4,10,True,196,12,159,3231,32.31,177
19843,0,-1,-1,-1,-1,True,-1,-1,-1,-1,-1.0,-1
19844,0,1,0,5,5,False,28,0,173,173,1.73,14
19845,0,1,18,0,0,False,0,0,0,0,0.0,0
19846,0,1,3,4,34,True,173,14,120,3704,37.04,0
19847,0,1,3,4,22,False,22,9,130,2434,24.34,0
19848,0,1,3,4,16,True,22,9,109,2413,24.13,0
19849,0,1,3,4,28,False,215,7,161,1953,19.53,0
19850,0,1,3,4,28,True,215,7,137,1929,19.29,0
19851,0,1,3,4,30,False,52,9,93,2397,23.97,0
19852,0,1,3,4,33,True,52,9,72,2376,23.76,0
19853,0,1,3,4,23,False,27,10,53,2613,26.13,0
19854,0,1,3,4,32,True,27,10,34,2594,25.94,0
19855,0,1,3,4,18,False,139,13,103,3431,34.31,0
19856,0,1,3,4,18,True,139,13,85,3413,34.13,0
19857,0,1,3,4,30,False,1,8,0,2048,20.48,167772160
19858,0,-1,-1,-1,-1,True,-1,-1,-1,-1,-1.0,-1
19859,0,-1,-1,-1,-1,True,-1,-1,-1,-1,-1.0,-1
19860,0,-1,-1,-1,-1,True,-1,-1,-1,-1,-1.0,-1
19861,0,-1,-1,-1,-1,True,-1,-1,-1,-1,-1.0,-1
19862,0,-1,-1,-1,-1,True,-1,-1,-1,-1,-1.0,-1
19863,0,-1,-1,-1,-1,True,-1,-1,-1,-1,-1.0,-1
19864,0,1,3,4,7,False,98,8,239,2287,22.87,0
19865,0,1,3,4,27,True,98,8,218,2266,22.66,0
19866,0,1,3,3,34,False,8,4,13,1037,10.37,82
19867,0,-1,-1,-1,-1,True,-1,-1,-1,-1,-1.0,-1
19868,0,-1,-1,-1,-1,True,-1,-1,-1,-1,-1.0,-1
19869,0,1,3,4,16,True,101,2,199,711,7.11,0
19870,0,1,3,4,0,False,77,14,236,3820,38.2,0
19871,0,1,3,4,34,True,77,14,212,3796,37.96,0
19872,0,1,3,4,22,False,203,3,197,965,9.65,0
19873,0,1,3,4,19,True,203,3,176,944,9.44,0
19874,0,1,3,4,0,False,37,12,206,3278,32.78,0
19875,0,1,3,4,30,True,37,12,186,3258,32.58,0
19876,0,1,3,4,0,False,147,2,52,564,5.64,0
19877,0,1,2,4,32,False,212,1,10,266,2.66,0
19878,0,1,3,4,34,True,147,2,27,539,5.39,0
19879,0,1,2,4,32,True,212,0,249,249,2.49,0
19880,0,1,3,4,20,False,13,9,0,2304,23.04,167772160
19881,0,-1,-1,-1,-1,True,-1,-1,-1,-1,-1.0,-1
19882,0,-1,-1,-1,-1,True,-1,-1,-1,-1,-1.0,-1
19883,0,-1,-1,-1,-1,True,-1,-1,-1,-1,-1.0,-1
19884,0,-1,-1,-1,-1,True,-1,-1,-1,-1,-1.0,-1
19885,0,-1,-1,-1,-1,True,-1,-1,-1,-1,-1.0,-1
19886,0,-1,-1,-1,-1,True,-1,-1,-1,-1,-1.0,-1
19887,0,1,3,4,14,True,157,15,254,4094,40.94,0
19888,0,1,3,4,21,False,132,4,194,1218,12.18,0
19889,0,1,3,4,11,True,132,4,171,1195,11.95,0
19890,0,1,3,4,25,False,170,8,244,2292,22.92,0
19891,0,1,3,4,30,True,170,4,45,1069,10.69,0
19892,0,1,3,4,14,True,91,10,145,2705,27.05,0
19893,0,1,1,4,28,True,24,4,24,1048,10.48,0
19894,0,1,3,4,17,True,9,14,0,3584,35.84,167772160
19895,0,-1,-1,-1,-1,True,-1,-1,-1,-1,-1.0,-1
19896,0,1,0,0,22,False,0,0,0,0,0.0,469830144
19897,0,-1,-1,-1,-1,True,-1,-1,-1,-1,-1.0,-1
19898,0,-1,-1,-1,-1,True,-1,-1,-1,-1,-1.0,-1
19899,0,-1,-1,-1,-1,True,-1,-1,-1,-1,-1.0,-1
19900,0,1,3,4,22,True,0,2,159,671,6.71,0
19901,0,1,3,4,23,True,1,0,0,0,0.0,0
19902,0,1,3,4,30,False,35,14,61,3645,36.45,0
19903,0,1,3,4,27,True,35,14,38,3622,36.22,0
19904,0,1,3,4,32,False,11,3,0,768,7.68,167772160
19905,0,-1,-1,-1,-1,True,-1,-1,-1,-1,-1.0,-1
19906,0,1,1,6,31,True,0,0,0,0,0.0,68096
19907,0,-1,-1,-1,-1,True,-1,-1,-1,-1,-1.0,-1
19908,0,-1,-1,-1,-1,True,-1,-1,-1,-1,-1.0,-1
19909,0,1,1,4,19,True,247,1,80,336,3.36,0
19910,0,1,3,4,30,True,19,5,85,1365,13.65,0
19911,0,1,3,4,39,False,5,7,28,1820,18.2,0
19912,0,1,20,2,39,False,5,0,0,0,0.0,0
19913,0,1,4,1,28,False,0,0,0,0,0.0,0
19914,0,1,1,7,17,True,10,11,28,2844,28.44,709008
19915,0,1,26,6,28,False,15,6,132,1668,16.68,0
19916,0,-1,-1,-1,-1,True,-1,-1,-1,-1,-1.0,-1
19917,0,-1,-1,-1,-1,True,-1,-1,-1,-1,-1.0,-1
19918,0,-1,-1,-1,-1,True,-1,-1,-1,-1,-1.0,-1
19919,0,-1,-1,-1,-1,True,-1,-1,-1,-1,-1.0,-1
19920,0,-1,-1,-1,-1,True,-1,-1,-1,-1,-1.0,-1
19921,0,1,3,4,34,True,3,14,103,3687,36.87,0
19922,0,1,3,4,16,False,110,1,116,372,3.72,0
19923,0,1,3,4,5,True,110,5,209,1489,14.89,0
19924,0,1,3,4,17,True,195,11,223,3039,30.39,0
19925,0,1,1,4,10,True,218,5,191,1471,14.71,0
19926,0,1,3,4,29,True,53,13,102,3430,34.3,0
19927,0,1,3,4,30,False,11,0,28,28,0.28,0
19928,0,1,20,2,30,False,11,0,0,0,0.0,0
19929,0,1,27,2,28,False,29,0,0,0,0.0,0
19930,0,1,9,4,13,False,17,12,155,3227,32.27,0
19931,0,1,9,3,12,False,250,12,0,3072,30.72,0
19932,0,1,19,1,30,False,0,0,0,0,0.0,0
19933,0,1,1,0,0,False,0,0,0,0,0.0,0
19934,0,208,3,4,0,False,0,0,0,0,0.0,329122060
19935,0,-1,-1,-1,-1,True,-1,-1,-1,-1,-1.0,-1
19936,0,-1,-1,-1,-1,True,-1,-1,-1,-1,-1.0,-1
19937,0,-1,-1,-1,-1,True,-1,-1,-1,-1,-1.0,-1
19938,0,-1,-1,-1,-1,True,-1,-1,-1,-1,-1.0,-1
19939,0,1,3,4,30,False,104,9,61,2365,23.65,0
19940,0,1,3,4,26,True,104,9,37,2341,23.41,0
19941,0,1,3,4,29,False,72,10,214,2774,27.74,0
19942,0,1,3,4,15,False,8,15,112,3952,39.52,0
19943,0,1,3,4,25,True,8,15,90,3930,39.3,0
19944,0,1,3,4,12,False,222,13,223,3551,35.51,0
19945,0,1,3,4,32,True,102,14,106,3690,36.9,0
19946,0,1,3,4,12,False,69,9,248,2552,25.52,0
19947,0,1,3,4,31,True,69,9,230,2534,25.34,0
19948,0,1,3,4,0,False,244,15,141,3981,39.81,0
19949,0,1,3,4,34,True,244,15,117,3957,39.57,0
19950,0,1,3,2,52,True,15,0,0,0,0.0,0
19951,0,1,3,5,4,False,19,2,2,514,5.14,204
19952,0,1,3,4,23,True,210,14,206,3790,37.9,0
19953,0,1,3,4,24,True,210,2,183,695,6.95,0
19954,0,1,3,4,25,False,63,9,61,2365,23.65,0
19955,0,1,3,4,27,True,12,13,0,3328,33.28,167772160
19956,0,-1,-1,-1,-1,True,-1,-1,-1,-1,-1.0,-1
19957,0,59,0,4,58,True,0,0,0,0,0.0,469830144
19958,0,-1,-1,-1,-1,True,-1,-1,-1,-1,-1.0,-1
19959,0,-1,-1,-1,-1,True,-1,-1,-1,-1,-1.0,-1
19960,0,1,3,4,9,False,71,15,203,4043,40.43,0
19961,0,1,3,4,13,True,71,15,183,4023,40.23,0
19962,0,1,3,4,30,False,106,0,253,253,2.53,0
19963,0,1,3,4,34,True,106,1,7,263,2.63,121
19964,0,-1,-1,-1,-1,True,-1,-1,-1,-1,-1.0,-1
19965,0,1,3,4,26,True,1,7,98,1890,18.9,0
19966,0,1,3,4,25,False,218,0,119,119,1.19,0
19967,0,1,3,4,34,True,218,0,97,97,0.97,0
19968,0,1,3,4,25,False,127,1,23,279,2.79,0
19969,0,1,3,4,9,True,127,0,255,255,2.55,0
19970,0,1,3,4,23,False,26,15,214,4054,40.54,0
19971,0,1,3,4,20,True,26,15,192,4032,40.32,0
19972,0,1,3,4,28,False,16,15,84,3924,39.24,0
19973,0,1,3,4,29,True,16,15,61,3901,39.01,0
19974,0,1,3,4,18,False,10,2,125,637,6.37,0
19975,0,1,3,4,25,True,10,2,101,613,6.13,0
19976,0,1,3,4,21,False,2,15,0,3840,38.4,167772160
19977,0,-1,-1,-1,-1,True,-1,-1,-1,-1,-1.0,-1
19978,0,-1,-1,-1,-1,True,-1,-1,-1,-1,-1.0,-1
19979,0,-1,-1,-1,-1,True,-1,-1,-1,-1,-1.0,-1
19980,0,-1,-1,-1,-1,True,-1,-1,-1,-1,-1.0,-1
19981,0,-1,-1,-1,-1,True,-1,-1,-1,-1,-1.0,-1
19982,0,1,3,4,0,False,20,0,103,103,1.03,0
19983,0,1,3,4,34,True,20,0,79,79,0.79,0
19984,0,1,3,4,31,False,88,0,128,128,1.28,0
19985,0,1,3,4,20,True,88,0,105,105,1.05,0
19986,0,1,3,4,25,False,182,10,101,2661,26.61,0
19987,0,1,1,4,10,False,234,10,135,2695,26.95,0
19988,0,1,3,4,0,False,151,0,231,231,2.31,0
19989,0,1,3,4,34,True,28,1,130,386,3.86,29197
19990,0,-1,-1,-1,-1,True,-1,-1,-1,-1,-1.0,-1
19991,0,-1,-1,-1,-1,True,-1,-1,-1,-1,-1.0,-1
19992,0,1,3,4,24,True,130,13,92,3420,34.2,0
19993,0,1,3,4,14,False,244,7,163,1955,19.55,0
19994,0,1,3,4,34,True,116,7,115,1907,19.07,0
19995,0,1,3,4,30,True,116,7,94,1886,18.86,0
19996,0,1,3,4,15,False,85,13,64,3392,33.92,0
19997,0,1,3,4,28,True,85,13,43,3371,33.71,0
19998,0,1,3,4,17,False,210,0,249,249,2.49,0
19999,0,1,3,4,31,True,210,0,229,229,2.29,0
20000,0,1,3,4,24,False,33,6,185,1721,17.21,0
20001,0,1,3,4,4,True,207,13,228,3556,35.56,0
20002,0,1,3,4,21,False,207,9,34,2338,23.38,0
20003,0,1,3,4,5,True,207,9,7,2311,23.11,0
20004,0,1,3,4,17,False,10,9,0,2304,23.04,167772160
20005,0,-1,-1,-1,-1,True,-1,-1,-1,-1,-1.0,-1
20006,0,68,0,0,0,False,0,0,10,10,0.1,3491372033
20007,0,179,0,0,0,False,0,0,10,10,0.1,3499498497
20008,0,157,0,0,0,False,0,0,10,10,0.1,1007426561
20009,0,11,0,0,0,False,0,0,10,10,0.1,0
20010,0,-1,-1,-1,-1,True,-1,-1,-1,-1,-1.0,-1
20011,0,-1,-1,-1,-1,True,-1,-1,-1,-1,-1.0,-1
20012,0,1,3,4,15,False,159,0,114,114,1.14,39196
20013,0,-1,-1,-1,-1,True,-1,-1,-1,-1,-1.0,-1
20014,0,-1,-1,-1,-1,True,-1,-1,-1,-1,-1.0,-1
20015,0,1,7,4,0,False,15,14,0,3584,35.84,167772160
20016,0,-1,-1,-1,-1,True,-1,-1,-1,-1,-1.0,-1
20017,0,215,0,0,0,False,0,0,10,10,0.1,2936019969
20018,0,-1,-1,-1,-1,True,-1,-1,-1,-1,-1.0,-1
20019,0,1,3,4,34,True,175,2,181,693,6.93,0
20020,0,1,3,4,24,False,104,6,72,1608,16.08,0
20021,0,1,3,4,25,False,103,8,183,2231,22.31,0
20022,0,1,3,4,24,True,104,6,53,1589,15.89,0
20023,0,1,3,4,27,True,103,8,161,2209,22.09,0
20024,0,1,3,4,27,False,80,1,198,454,4.54,0
20025,0,1,3,4,6,True,80,1,172,428,4.28,0
20026,0,1,3,4,27,False,70,3,186,954,9.54,0
20027,0,1,3,4,23,True,70,3,161,929,9.29,0
20028,0,1,3,4,33,False,204,3,3,771,7.71,5
20029,0,-1,-1,-1,-1,True,-1,-1,-1,-1,-1.0,-1
20030,0,1,3,4,0,False,91,3,153,921,9.21,0
20031,0,1,3,4,34,True,91,3,128,896,8.96,0
20032,0,1,3,4,30,False,172,11,195,3011,30.11,0
20033,0,1,3,4,20,True,172,11,171,2987,29.87,0
20034,0,1,3,4,33,False,77,9,62,2366,23.66,0
20035,0,1,3,4,22,True,233,12,0,3072,30.72,184549376
20036,0,-1,-1,-1,-1,True,-1,-1,-1,-1,-1.0,-1
20037,0,210,3,4,17,False,0,0,0,0,0.0,1996557568
20038,0,139,0,0,0,False,0,0,10,10,0.1,856300545
20039,0,-1,-1,-1,-1,True,-1,-1,-1,-1,-1.0,-1
20040,0,-1,-1,-1,-1,True,-1,-1,-1,-1,-1.0,-1
20041,0,1,3,4,11,False,52,0,26,26,0.26,0
20042,0,1,3,4,32,True,51,12,142,3214,32.14,0
20043,0,1,3,4,33,True,52,0,4,4,0.04,0
20044,0,1,3,4,2,False,7,1,0,256,2.56,167772160
20045,0,-1,-1,-1,-1,True,-1,-1,-1,-1,-1.0,-1
20046,0,58,0,0,0,False,0,0,10,10,0.1,1
20047,0,12,1,3,55,False,0,0,0,0,0.0,469830144
20048,0,-1,-1,-1,-1,True,-1,-1,-1,-1,-1.0,-1
20049,0,-1,-1,-1,-1,True,-1,-1,-1,-1,-1.0,-1
20050,0,-1,-1,-1,-1,True,-1,-1,-1,-1,-1.0,-1
20051,0,1,3,4,23,True,21,13,65,3393,33.93,0
20052,0,1,3,4,26,False,28,0,0,0,0.0,150994944
20053,0,-1,-1,-1,-1,True,-1,-1,-1,-1,-1.0,-1
20054,0,-1,-1,-1,-1,True,-1,-1,-1,-1,-1.0,-1
20055,0,-1,-1,-1,-1,True,-1,-1,-1,-1,-1.0,-1
20056,0,-1,-1,-1,-1,True,-1,-1,-1,-1,-1.0,-1
20057,0,-1,-1,-1,-1,True,-1,-1,-1,-1,-1.0,-1
20058,0,-1,-1,-1,-1,True,-1,-1,-1,-1,-1.0,-1
20059,0,1,20,2,43,True,2,0,0,0,0.0,0
20060,0,1,4,7,28,False,28,5,7,1287,12.87,9772165
20061,0,1,0,5,7,False,110,0,131,131,1.31,0
20062,0,-1,-1,-1,-1,True,-1,-1,-1,-1,-1.0,-1
20063,0,-1,-1,-1,-1,True,-1,-1,-1,-1,-1.0,-1
20064,0,-1,-1,-1,-1,True,-1,-1,-1,-1,-1.0,-1
20065,0,-1,-1,-1,-1,True,-1,-1,-1,-1,-1.0,-1
20066,0,-1,-1,-1,-1,True,-1,-1,-1,-1,-1.0,-1
20067,0,-1,-1,-1,-1,True,-1,-1,-1,-1,-1.0,-1
20068,0,1,3,4,17,True,30,8,118,2166,21.66,0
20069,0,1,3,4,14,False,28,5,6,1286,12.86,0
20070,0,1,3,4,14,True,28,4,241,1265,12.65,0
20071,0,1,3,4,30,False,39,6,254,1790,17.9,0
20072,0,1,3,4,12,True,39,6,231,1767,17.67,0
20073,0,1,3,4,30,False,241,5,242,1522,15.22,0
20074,0,1,3,4,18,True,241,0,28,28,0.28,0
20075,0,1,3,4,0,False,76,2,132,644,6.44,0
20076,0,1,1,4,32,False,130,9,89,2393,23.93,0
20077,0,1,3,4,34,True,76,2,107,619,6.19,0
20078,0,1,1,4,3,True,130,5,99,1379,13.79,0
20079,0,1,3,4,29,False,252,7,1,1793,17.93,0
20080,0,1,3,4,28,False,249,4,148,1172,11.72,0
20081,0,1,3,4,23,True,248,4,126,1150,11.5,0
20082,0,1,3,4,21,False,127,9,81,2385,23.85,0
20083,0,1,3,4,14,True,72,9,59,2363,23.63,0
20084,0,1,3,4,23,False,60,1,223,479,4.79,0
20085,0,1,3,4,11,False,28,7,80,1872,18.72,0
20086,0,1,2,4,29,False,51,13,166,3494,34.94,0
20087,0,1,0,6,5,False,28,6,80,1616,16.16,7174
20088,0,1,2,4,10,True,51,13,143,3471,34.71,0
20089,0,1,0,5,58,False,13,9,28,2332,23.32,6
20090,0,1,6,6,0,False,191,12,161,3233,32.33,54
20091,0,1,21,4,28,False,162,10,13,2573,25.73,0
20092,0,1,8,5,28,False,23,5,10,1290,12.9,173
20093,0,1,3,4,25,True,3,1,0,256,2.56,167772160
20094,0,-1,-1,-1,-1,True,-1,-1,-1,-1,-1.0,-1
20095,0,-1,-1,-1,-1,True,-1,-1,-1,-1,-1.0,-1
20096,0,-1,-1,-1,-1,True,-1,-1,-1,-1,-1.0,-1
20097,0,-1,-1,-1,-1,True,-1,-1,-1,-1,-1.0,-1
20098,0,1,3,4,32,False,60,9,239,2543,25.43,0
20099,0,1,3,4,33,True,60,9,218,2522,25.22,0
20100,0,1,3,4,21,False,3,3,16,784,7.84,0
20101,0,1,3,4,22,False,251,11,185,3001,30.01,0
20102,0,1,3,4,23,False,136,6,95,1631,16.31,0
20103,0,1,3,4,21,True,136,6,72,1608,16.08,0
20104,0,1,3,4,0,False,246,12,118,3190,31.9,0
20105,0,1,3,4,34,True,246,12,94,3166,31.66,0
20106,0,1,3,4,2,False,187,15,170,4010,40.1,0
20107,0,1,3,4,3,False,187,3,217,985,9.85,0
20108,0,1,3,4,31,True,187,7,91,1883,18.83,0
20109,0,1,3,4,28,True,30,7,70,1862,18.62,0
20110,0,1,3,4,21,True,62,10,82,2642,26.42,0
20111,0,1,3,4,29,False,61,4,126,1150,11.5,0
20112,0,1,3,4,22,True,61,14,8,3592,35.92,216
20113,0,-1,-1,-1,-1,True,-1,-1,-1,-1,-1.0,-1
20114,0,1,3,4,8,True,30,8,191,2239,22.39,0
20115,0,1,3,4,23,True,247,12,162,3234,32.34,0
20116,0,1,3,4,13,False,75,8,109,2157,21.57,0
20117,0,1,3,4,13,True,10,1,28,284,2.84,11012
20118,0,-1,-1,-1,-1,True,-1,-1,-1,-1,-1.0,-1
20119,0,-1,-1,-1,-1,True,-1,-1,-1,-1,-1.0,-1
20120,0,1,3,4,32,False,182,14,197,3781,37.81,0
20121,0,1,3,4,34,True,182,14,174,3758,37.58,0
20122,0,1,3,4,32,False,129,10,98,2658,26.58,0
20123,0,1,3,4,34,True,129,10,73,2633,26.33,0
20124,0,1,3,4,29,False,130,11,9,2825,28.25,0
20125,0,1,3,4,32,False,126,12,136,3208,32.08,0
20126,0,1,3,4,30,True,130,10,243,2803,28.03,0
20127,0,1,3,4,32,True,126,12,119,3191,31.91,0
20128,0,1,3,4,32,False,161,1,188,444,4.44,0
20129,0,1,3,4,23,True,161,1,165,421,4.21,0
20130,0,1,3,4,10,False,150,13,242,3570,35.7,0
20131,0,1,3,4,4,True,150,0,186,186,1.86,0
20132,0,1,3,4,24,False,6,5,106,1386,13.86,0
20133,0,1,3,4,27,True,6,5,84,1364,13.64,0
20134,0,1,3,4,25,False,83,11,92,2908,29.08,0
20135,0,1,3,4,22,True,83,11,70,2886,28.86,0
20136,0,1,3,4,9,False,38,2,152,664,6.64,0
20137,0,1,3,4,21,True,38,7,141,1933,19.33,4
20138,0,-1,-1,-1,-1,True,-1,-1,-1,-1,-1.0,-1
20139,0,1,28,0,0,False,0,0,0,0,0.0,0
20140,0,1,2,6,10,True,13,4,17,1041,10.41,1953
20141,0,1,27,2,22,True,28,0,0,0,0.0,0
20142,0,-1,-1,-1,-1,True,-1,-1,-1,-1,-1.0,-1
20143,0,-1,-1,-1,-1,True,-1,-1,-1,-1,-1.0,-1
20144,0,-1,-1,-1,-1,True,-1,-1,-1,-1,-1.0,-1
20145,0,-1,-1,-1,-1,True,-1,-1,-1,-1,-1.0,-1
20146,0,-1,-1,-1,-1,True,-1,-1,-1,-1,-1.0,-1
20147,0,1,3,4,19,False,255,3,20,788,7.88,0
20148,0,1,3,4,21,True,255,3,1,769,7.69,0
20149,0,1,3,4,0,False,55,5,66,1346,13.46,0
20150,0,1,3,4,34,True,55,12,141,3213,32.13,0
20151,0,1,3,4,30,False,64,0,241,241,2.41,0
20152,0,1,3,4,20,True,64,0,217,217,2.17,0
20153,0,1,3,4,26,False,49,15,64,3904,39.04,0
20154,0,1,3,4,21,True,49,15,42,3882,38.82,0
20155,0,1,3,4,31,False,16,9,151,2455,24.55,0
20156,0,1,3,4,21,True,16,2,12,524,5.24,50
20157,0,-1,-1,-1,-1,True,-1,-1,-1,-1,-1.0,-1
20158,0,1,3,4,13,False,241,1,89,345,3.45,0
20159,0,1,3,4,33,True,241,1,70,326,3.26,0
20160,0,1,3,4,18,False,216,8,251,2299,22.99,0
20161,0,1,3,4,29,True,12,11,0,2816,28.16,167772160
20162,0,-1,-1,-1,-1,True,-1,-1,-1,-1,-1.0,-1
20163,0,212,1,7,40,True,0,0,0,0,0.0,469830144
20164,0,-1,-1,-1,-1,True,-1,-1,-1,-1,-1.0,-1
20165,0,-1,-1,-1,-1,True,-1,-1,-1,-1,-1.0,-1
20166,0,-1,-1,-1,-1,True,-1,-1,-1,-1,-1.0,-1
20167,0,1,3,4,14,False,34,3,127,895,8.95,0
20168,0,1,3,4,33,True,34,3,105,873,8.73,0
20169,0,1,3,4,24,False,76,13,36,3364,33.64,0
20170,0,1,3,4,17,True,76,13,13,3341,33.41,0
20171,0,1,3,4,0,False,4,0,0,0,0.0,167772160
20172,0,-1,-1,-1,-1,True,-1,-1,-1,-1,-1.0,-1
20173,0,249,0,0,0,False,0,0,10,10,0.1,4237827073
20174,0,-1,-1,-1,-1,True,-1,-1,-1,-1,-1.0,-1
20175,0,-1,-1,-1,-1,True,-1,-1,-1,-1,-1.0,-1
20176,0,-1,-1,-1,-1,True,-1,-1,-1,-1,-1.0,-1
20177,0,-1,-1,-1,-1,True,-1,-1,-1,-1,-1.0,-1
20178,0,1,3,4,25,True,226,10,105,2665,26.65,0
20179,0,1,3,4,24,False,166,11,123,2939,29.39,0
20180,0,1,3,4,24,False,166,2,173,685,6.85,0
20181,0,1,3,4,22,True,176,7,111,1903,19.03,0
20182,0,1,3,4,32,False,152,13,204,3532,35.32,0
20183,0,1,1,4,13,True,175,7,91,1883,18.83,0
20184,0,1,3,4,21,False,156,8,199,2247,22.47,0
20185,0,1,3,4,12,False,157,15,138,3978,39.78,0
20186,0,1,3,4,20,True,157,15,117,3957,39.57,0
20187,0,1,3,4,13,False,157,6,56,1592,15.92,0
20188,0,1,3,4,16,False,156,5,245,1525,15.25,0
20189,0,1,3,4,19,True,156,6,46,1582,15.82,0
20190,0,1,3,4,18,False,241,13,246,3574,35.74,0
20191,0,1,3,4,23,True,241,13,224,3552,35.52,0
20192,0,1,3,4,27,False,59,11,103,2919,29.19,0
20193,0,1,3,4,17,True,59,11,76,2892,28.92,0
20194,0,1,3,4,27,False,123,14,23,3607,36.07,0
20195,0,1,3,4,28,False,123,5,121,1401,14.01,0
20196,0,1,3,4,19,False,146,3,255,1023,10.23,0
20197,0,1,3,4,6,True,146,3,234,1002,10.02,0
20198,0,1,3,4,19,True,123,11,9,2825,28.25,188
20199,0,-1,-1,-1,-1,True,-1,-1,-1,-1,-1.0,-1
20200,0,1,3,4,26,False,2,14,157,3741,37.41,0
20201,0,1,3,4,27,True,2,14,136,3720,37.2,0
20202,0,1,3,4,33,False,58,12,93,3165,31.65,0
20203,0,1,3,4,32,True,58,12,75,3147,31.47,0
20204,0,1,3,4,29,False,152,11,104,2920,29.2,0
20205,0,1,3,4,29,True,152,11,84,2900,29.0,0
20206,0,1,3,4,31,False,166,8,40,2088,20.88,0
20207,0,1,3,4,9,True,166,8,20,2068,20.68,0
20208,0,1,3,4,0,False,144,9,1,2305,23.05,480447699
20209,0,-1,-1,-1,-1,True,-1,-1,-1,-1,-1.0,-1
20210,0,-1,-1,-1,-1,True,-1,-1,-1,-1,-1.0,-1
20211,0,-1,-1,-1,-1,True,-1,-1,-1,-1,-1.0,-1
20212,0,-1,-1,-1,-1,True,-1,-1,-1,-1,-1.0,-1
20213,0,1,19,7,19,True,1,0,0,0,0.0,167772160
20214,0,-1,-1,-1,-1,True,-1,-1,-1,-1,-1.0,-1
20215,0,-1,-1,-1,-1,True,-1,-1,-1,-1,-1.0,-1
20216,0,-1,-1,-1,-1,True,-1,-1,-1,-1,-1.0,-1
20217,0,-1,-1,-1,-1,True,-1,-1,-1,-1,-1.0,-1
20218,0,1,11,4,15,False,113,12,19,3091,30.91,0
20219,0,1,12,4,9,False,44,12,142,3214,32.14,0
20220,0,1,12,4,9,False,23,12,3,3075,30.75,0
20221,0,1,5,3,5,False,13,7,0,1792,17.92,0
20222,0,1,1,4,10,True,80,6,44,1580,15.8,0
20223,0,1,3,4,28,False,140,4,13,1037,10.37,64
20224,0,-1,-1,-1,-1,True,-1,-1,-1,-1,-1.0,-1
20225,0,1,3,4,0,False,248,7,1,1793,17.93,0
20226,0,1,3,4,34,True,248,6,233,1769,17.69,0
20227,0,1,3,4,25,False,113,10,128,2688,26.88,0
20228,0,1,3,4,18,True,113,10,106,2666,26.66,0
20229,0,1,3,4,33,False,108,6,231,1767,17.67,0
20230,0,1,3,4,27,True,3,9,0,2304,23.04,167772160
20231,0,-1,-1,-1,-1,True,-1,-1,-1,-1,-1.0,-1
20232,0,-1,-1,-1,-1,True,-1,-1,-1,-1,-1.0,-1
20233,0,-1,-1,-1,-1,True,-1,-1,-1,-1,-1.0,-1
20234,0,-1,-1,-1,-1,True,-1,-1,-1,-1,-1.0,-1
20235,0,1,3,4,20,False,70,13,109,3437,34.37,0
20236,0,1,3,4,18,False,73,0,149,149,1.49,0
20237,0,1,3,4,32,True,73,0,131,131,1.31,0
20238,0,1,3,4,34,True,70,13,84,3412,34.12,0
20239,0,1,3,4,28,False,156,11,1,2817,28.17,221
20240,0,-1,-1,-1,-1,True,-1,-1,-1,-1,-1.0,-1
20241,0,1,3,4,22,False,171,8,26,2074,20.74,0
20242,0,1,3,4,32,True,171,8,9,2057,20.57,0
20243,0,1,3,4,34,True,171,1,198,454,4.54,0
20244,0,1,3,4,31,False,175,5,111,1391,13.91,0
20245,0,1,3,4,6,True,175,5,90,1370,13.7,0
20246,0,1,3,4,32,False,194,5,151,1431,14.31,0
20247,0,1,3,4,18,True,194,5,127,1407,14.07,0
20248,0,1,3,4,23,False,188,2,13,525,5.25,0
20249,0,1,3,4,33,True,188,1,249,505,5.05,0
20250,0,1,1,4,30,False,100,6,90,1626,16.26,0
20251,0,1,3,4,25,False,167,6,186,1722,17.22,0
20252,0,1,1,4,4,True,100,6,74,1610,16.1,0
20253,0,1,3,4,6,False,167,12,13,3085,30.85,3820
20254,0,-1,-1,-1,-1,True,-1,-1,-1,-1,-1.0,-1
20255,0,-1,-1,-1,-1,True,-1,-1,-1,-1,-1.0,-1
20256,0,1,5,0,0,False,0,0,0,0,0.0,0
20257,0,1,3,4,28,True,236,14,20,3604,36.04,0
20258,0,1,3,4,24,False,220,13,53,3381,33.81,0
20259,0,1,3,4,34,True,220,13,30,3358,33.58,0
20260,0,1,3,4,23,False,248,8,235,2283,22.83,0
20261,0,1,3,4,3,True,247,14,6,3590,35.9,128
20262,0,-1,-1,-1,-1,True,-1,-1,-1,-1,-1.0,-1
20263,0,1,3,4,32,False,35,7,94,1886,18.86,0
20264,0,1,3,4,26,True,15,3,55,823,8.23,0
20265,0,1,3,4,24,False,31,7,94,1886,18.86,0
20266,0,1,1,4,0,False,197,13,80,3408,34.08,0
20267,0,1,3,4,34,True,31,7,70,1862,18.62,0
20268,0,1,1,4,16,True,197,13,61,3389,33.89,0
20269,0,1,3,4,31,True,28,5,42,1322,13.22,0
20270,0,1,3,4,3,False,140,12,0,3072,30.72,134217728
20271,0,-1,-1,-1,-1,True,-1,-1,-1,-1,-1.0,-1
20272,0,0,0,0,0,False,0,11,1,2817,28.17,149
20273,0,126,0,0,0,False,0,0,10,10,0.1,1
20274,0,205,0,0,0,False,0,0,10,10,0.1,563289089
20275,0,-1,-1,-1,-1,True,-1,-1,-1,-1,-1.0,-1
20276,0,-1,-1,-1,-1,True,-1,-1,-1,-1,-1.0,-1
20277,0,-1,-1,-1,-1,True,-1,-1,-1,-1,-1.0,-1
20278,0,1,3,4,29,False,166,4,1,1025,10.25,247
20279,0,-1,-1,-1,-1,True,-1,-1,-1,-1,-1.0,-1
20280,0,1,3,4,17,True,68,1,231,487,4.87,0
20281,0,1,3,4,24,False,240,12,136,3208,32.08,0
20282,0,1,3,4,30,True,240,12,117,3189,31.89,0
20283,0,1,3,4,0,False,181,11,67,2883,28.83,0
20284,0,1,3,4,22,True,181,11,43,2859,28.59,0
20285,0,1,3,4,28,False,248,1,155,411,4.11,0
20286,0,1,3,4,11,True,248,1,132,388,3.88,0
20287,0,1,3,4,22,False,111,14,244,3828,38.28,0
20288,0,1,3,4,10,True,111,14,221,3805,38.05,0
20289,0,-1,-1,-1,-1,True,-1,-1,-1,-1,-1.0,-1
