,readout,layer,chipID,payload,location,isCol,timestamp,tot_msb,tot_lsb,tot_total,tot_us,fpga_ts
0,0,1,0,4,33,False,122,0,252,252,2.52,0
1,0,1,0,3,27,False,7,13,0,3328,33.28,0
2,0,1,0,4,5,True,122,0,232,232,2.32,0
3,0,1,0,4,0,False,172,13,176,3504,35.04,0
4,0,1,0,4,20,False,10,2,4,516,5.16,0
5,0,1,1,3,3,True,6,15,0,3840,38.4,0
6,0,1,0,4,16,False,113,15,227,4067,40.67,0
7,0,1,0,4,16,True,131,6,135,1671,16.71,0
8,0,1,0,4,17,False,222,5,53,1333,13.33,0
9,0,1,0,4,13,False,81,4,160,1184,11.84,0
10,0,1,0,4,19,False,129,5,134,1414,14.14,0
11,0,1,16,1,61,False,0,0,0,0,0.0,0
12,0,1,0,4,17,False,188,4,6,1030,10.3,0
13,0,1,18,2,14,False,157,0,0,0,0.0,0
14,0,1,0,3,18,True,4,6,0,1536,15.36,0
15,0,1,0,4,0,False,220,9,165,2469,24.69,0
16,0,1,23,4,3,False,189,13,61,3389,33.89,0
17,0,-1,-1,-1,-1,True,-1,-1,-1,-1,-1.0,-1
18,0,-1,-1,-1,-1,True,-1,-1,-1,-1,-1.0,-1
19,0,-1,-1,-1,-1,True,-1,-1,-1,-1,-1.0,-1
20,0,-1,-1,-1,-1,True,-1,-1,-1,-1,-1.0,-1
21,0,-1,-1,-1,-1,True,-1,-1,-1,-1,-1.0,-1
22,0,-1,-1,-1,-1,True,-1,-1,-1,-1,-1.0,-1
23,0,1,0,4,17,True,2,12,60,3132,31.32,0
24,0,1,0,4,18,True,30,0,50,50,0.5,0
25,0,1,0,4,19,True,17,0,224,224,2.24,0
26,0,1,0,4,20,True,224,1,169,425,4.25,0
27,0,1,0,4,21,True,187,12,124,3196,31.96,0
28,0,1,0,4,22,True,213,5,28,1308,13.08,0
29,0,1,0,4,23,True,51,0,19,19,0.19,0
30,0,1,0,4,24,True,103,14,181,3765,37.65,0
31,0,1,0,4,25,True,9,1,128,384,3.84,0
32,0,1,0,4,26,True,66,13,86,3414,34.14,0
33,0,1,0,4,27,True,11,4,96,1120,11.2,0
34,0,1,0,4,28,True,246,15,228,4068,40.68,0
35,0,1,0,4,29,True,221,14,126,3710,37.1,0
36,0,1,0,4,30,True,140,6,115,1651,16.51,0
37,0,1,0,4,31,True,139,12,5,3077,30.77,0
38,0,1,0,4,32,True,214,4,121,1145,11.45,0
39,0,1,0,4,33,True,137,0,6,6,0.06,0
40,0,1,0,4,34,True,119,2,184,696,6.96,0
41,0,1,0,4,32,True,247,0,188,188,1.88,0
42,0,1,0,4,19,False,150,11,55,2871,28.71,0
43,0,1,0,4,16,False,243,3,230,998,9.98,0
44,0,1,0,4,8,False,241,13,178,3506,35.06,0
45,0,1,0,4,17,False,243,6,175,1711,17.11,0
46,0,1,0,4,7,False,241,6,12,1548,15.48,0
47,0,1,0,4,3,True,244,3,169,937,9.37,0
48,0,1,0,4,10,False,241,3,129,897,8.97,0
49,0,1,0,4,5,True,242,10,136,2696,26.96,0
50,0,1,0,4,11,False,241,15,179,4019,40.19,0
51,0,1,0,4,61,False,61,13,61,3389,33.89,0
52,0,1,0,4,20,True,148,12,4,3076,30.76,0
53,0,1,1,4,49,True,3,8,85,2133,21.33,0
54,0,1,0,4,33,False,147,5,64,1344,13.44,0
55,0,1,0,4,13,False,242,11,25,2841,28.41,0
56,0,1,0,4,21,True,147,5,43,1323,13.23,0
57,0,1,0,4,19,False,65,14,241,3825,38.25,0
58,0,1,0,4,21,False,75,2,18,530,5.3,0
59,0,1,0,4,24,False,240,5,134,1414,14.14,0
60,0,1,0,4,25,False,8,13,23,3351,33.51,0
61,0,1,0,4,26,False,253,0,73,73,0.73,0
62,0,1,0,4,28,False,101,6,130,1666,16.66,0
63,0,1,0,4,29,False,250,5,190,1470,14.7,0
64,0,1,0,4,30,False,194,2,222,734,7.34,0
65,0,1,0,4,31,False,82,0,57,57,0.57,0
66,0,1,0,4,32,False,197,9,112,2416,24.16,0
67,0,1,0,4,33,False,35,15,139,3979,39.79,0
68,0,1,0,4,5,True,75,2,228,740,7.4,0
69,0,1,0,4,6,True,253,0,53,53,0.53,0
70,0,1,0,4,7,True,150,11,29,2845,28.45,0
71,0,1,0,4,9,True,194,11,220,3036,30.36,0
72,0,1,0,4,10,True,250,5,168,1448,14.48,0
73,0,1,0,4,11,True,113,5,123,1403,14.03,0
74,0,1,0,4,12,True,35,6,22,1558,15.58,0
75,0,1,0,4,13,True,197,9,89,2393,23.93,0
76,0,1,0,4,14,True,214,15,10,3850,38.5,0
77,0,1,0,4,15,True,8,2,246,758,7.58,0
78,0,1,0,4,16,True,241,11,194,3010,30.1,0
79,0,1,0,4,17,True,241,1,50,306,3.06,0
80,0,1,0,4,18,True,141,11,103,2919,29.19,0
81,0,1,0,4,19,True,240,5,250,1530,15.3,0
82,0,1,0,4,20,True,65,1,51,307,3.07,0
83,0,1,0,4,21,True,241,1,229,485,4.85,0
84,0,1,0,4,22,True,241,15,246,4086,40.86,0
85,0,1,0,4,23,True,101,0,118,118,1.18,0
86,0,1,0,4,24,True,241,13,236,3564,35.64,0
87,0,1,0,4,25,True,104,7,112,1904,19.04,0
88,0,1,0,4,26,True,241,4,135,1159,11.59,0
89,0,1,0,4,27,True,241,5,85,1365,13.65,0
90,0,1,0,4,28,True,241,2,193,705,7.05,0
91,0,1,0,4,30,True,241,15,101,3941,39.41,0
92,0,1,0,4,31,True,241,0,15,15,0.15,0
93,0,1,0,4,32,True,10,1,4,260,2.6,2164363804
94,0,-1,-1,-1,-1,True,-1,-1,-1,-1,-1.0,-1
95,0,-1,-1,-1,-1,True,-1,-1,-1,-1,-1.0,-1
96,0,-1,-1,-1,-1,True,-1,-1,-1,-1,-1.0,-1
97,0,-1,-1,-1,-1,True,-1,-1,-1,-1,-1.0,-1
98,0,1,0,4,17,True,146,1,109,365,3.65,0
99,0,1,0,4,30,False,4,11,244,3060,30.6,0
100,0,1,1,7,1,False,62,3,172,940,9.4,4098564
101,0,1,0,3,4,False,12,6,0,1536,15.36,0
102,0,1,1,5,60,True,147,13,61,3389,33.89,61
103,0,1,0,4,26,False,248,14,72,3656,36.56,0
104,0,1,0,4,31,True,248,14,56,3640,36.4,0
105,0,57,0,0,0,False,0,0,10,10,0.1,1805714433
106,0,-1,-1,-1,-1,True,-1,-1,-1,-1,-1.0,-1
107,0,-1,-1,-1,-1,True,-1,-1,-1,-1,-1.0,-1
108,0,-1,-1,-1,-1,True,-1,-1,-1,-1,-1.0,-1
109,0,-1,-1,-1,-1,True,-1,-1,-1,-1,-1.0,-1
110,0,1,0,4,34,True,219,9,9,2313,23.13,0
111,0,1,0,4,30,False,15,15,229,4069,40.69,0
112,0,1,0,4,3,True,220,4,135,1159,11.59,0
113,0,1,0,4,13,False,218,8,194,2242,22.42,0
114,0,1,0,4,16,False,219,6,44,1580,15.8,0
115,0,1,0,4,8,False,217,13,160,3488,34.88,0
116,0,1,0,4,6,False,80,4,18,1042,10.42,0
117,0,1,0,4,7,False,217,6,87,1623,16.23,0
118,0,1,27,2,6,False,25,0,0,0,0.0,0
119,0,1,0,4,10,False,218,3,229,997,9.97,0
120,0,1,0,4,5,True,218,6,57,1593,15.93,0
121,0,1,0,4,11,False,218,15,143,3983,39.83,0
122,0,1,0,4,12,False,218,2,223,735,7.35,0
123,0,1,0,4,15,True,217,6,66,1602,16.02,0
124,0,1,0,4,16,True,217,11,178,2994,29.94,0
125,0,1,0,4,17,True,217,1,139,395,3.95,0
126,0,1,0,4,18,True,217,5,26,1306,13.06,0
127,0,1,0,4,19,True,217,0,209,209,2.09,0
128,0,1,0,4,20,True,217,2,92,604,6.04,0
129,0,1,0,4,21,True,218,2,7,519,5.19,0
130,0,1,0,4,22,True,217,0,119,119,1.19,0
131,0,1,0,4,23,True,218,0,187,187,1.87,0
132,0,1,0,4,24,True,218,14,17,3601,36.01,0
133,0,1,0,4,25,True,218,3,76,844,8.44,0
134,0,1,0,4,26,True,217,4,142,1166,11.66,0
135,0,1,0,4,27,True,217,5,186,1466,14.66,0
136,0,1,0,4,28,True,15,3,61,829,8.29,0
137,0,1,0,4,30,True,218,15,85,3925,39.25,0
138,0,1,0,4,31,True,217,0,52,52,0.52,0
139,0,1,0,4,32,True,217,11,88,2904,29.04,0
140,0,1,0,4,33,True,217,15,226,4066,40.66,0
141,0,1,0,4,34,True,217,14,75,3659,36.59,0
142,0,1,0,4,29,False,200,12,30,3102,31.02,0
143,0,1,0,4,3,True,103,3,50,818,8.18,0
144,0,1,0,4,13,False,99,9,245,2549,25.49,0
145,0,1,0,4,16,False,101,5,14,1294,12.94,0
146,0,1,0,4,8,False,98,13,217,3545,35.45,0
147,0,1,0,4,4,False,18,3,10,778,7.78,0
148,0,1,0,4,7,False,98,6,47,1583,15.83,0
149,0,1,29,2,4,False,133,0,0,0,0.0,0
150,0,1,0,4,10,False,98,3,244,1012,10.12,0
151,0,1,12,3,10,False,214,13,0,3328,33.28,0
152,0,1,0,4,29,False,213,4,9,1033,10.33,0
153,0,1,13,5,5,False,255,12,188,3260,32.6,4
154,0,1,16,4,21,True,4,2,139,651,6.51,0
155,0,1,1,0,0,False,0,0,0,0,0.0,0
156,0,1,18,6,12,False,167,13,61,3389,33.89,15677
157,0,1,0,4,31,False,208,13,95,3423,34.23,0
158,0,1,0,4,9,True,208,13,75,3403,34.03,0
159,0,1,0,4,4,False,16,6,9,1545,15.45,0
160,0,1,5,3,27,False,152,11,0,2816,28.16,0
161,0,1,24,6,4,False,4,8,11,2059,20.59,1233
162,0,1,17,7,24,True,11,12,4,3076,30.76,359686
163,0,1,11,0,0,False,0,0,0,0,0.0,0
164,0,1,0,4,7,False,70,3,109,877,8.77,0
165,0,1,0,4,12,False,237,10,106,2666,26.66,0
166,0,1,0,4,14,False,6,1,53,309,3.09,0
167,0,1,0,4,15,False,254,6,0,1536,15.36,0
168,0,1,0,4,16,False,91,7,251,2043,20.43,0
169,0,1,0,4,17,False,105,7,82,1874,18.74,0
170,0,1,0,4,18,False,97,12,235,3307,33.07,0
171,0,1,0,4,19,False,157,13,65,3393,33.93,0
172,0,1,0,4,20,False,25,4,137,1161,11.61,0
173,0,1,0,4,21,False,37,1,106,362,3.62,0
174,0,1,0,4,22,False,24,2,248,760,7.6,0
175,0,1,0,4,23,False,24,4,132,1156,11.56,0
176,0,1,0,4,24,False,43,1,105,361,3.61,0
177,0,1,0,4,25,False,79,12,146,3218,32.18,0
178,0,1,0,4,26,False,79,13,61,3389,33.89,0
179,0,1,0,4,27,False,97,2,29,541,5.41,0
180,0,1,0,4,28,False,142,5,36,1316,13.16,0
181,0,1,0,4,29,False,141,15,237,4077,40.77,0
182,0,1,0,4,30,False,168,8,253,2301,23.01,0
183,0,1,0,4,31,False,171,6,4,1540,15.4,0
184,0,1,0,4,32,False,115,12,51,3123,31.23,0
185,0,1,0,4,33,False,131,14,134,3718,37.18,0
186,0,1,0,4,3,True,141,13,190,3518,35.18,0
187,0,1,0,4,4,True,103,10,202,2762,27.62,0
188,0,1,0,4,5,True,79,13,134,3462,34.62,0
189,0,1,0,4,6,True,79,6,17,1553,15.53,0
190,0,1,0,4,7,True,204,5,133,1413,14.13,0
191,0,1,0,4,8,True,131,8,172,2220,22.2,0
192,0,1,0,4,9,True,7,15,166,4006,40.06,0
193,0,1,0,4,10,True,129,3,210,978,9.78,0
194,0,1,0,4,11,True,142,5,135,1415,14.15,0
195,0,1,0,4,12,True,210,6,245,1781,17.81,0
196,0,1,0,4,13,True,25,0,2,2,0.02,0
197,0,1,0,4,14,True,119,2,8,520,5.2,0
198,0,1,0,4,15,True,6,2,58,570,5.7,0
199,0,1,0,4,16,True,39,15,16,3856,38.56,0
200,0,1,0,4,17,True,168,10,249,2809,28.09,0
201,0,1,0,4,18,True,103,10,188,2748,27.48,0
202,0,1,0,4,19,True,152,1,73,329,3.29,0
203,0,1,0,4,20,True,171,9,137,2441,24.41,0
204,0,1,0,4,21,True,6,11,125,2941,29.41,0
205,0,1,0,4,22,True,169,3,19,787,7.87,0
206,0,1,0,4,23,True,159,15,239,4079,40.79,0
207,0,1,0,4,24,True,115,14,180,3764,37.64,0
208,0,1,0,4,25,True,96,5,5,1285,12.85,0
209,0,1,0,4,26,True,97,1,146,402,4.02,0
210,0,1,0,4,27,True,82,6,54,1590,15.9,0
211,0,1,0,4,28,True,114,4,223,1247,12.47,0
212,0,1,0,4,29,True,37,4,252,1276,12.76,0
213,0,1,0,4,30,True,132,3,7,775,7.75,0
214,0,1,0,4,31,True,106,5,29,1309,13.09,0
215,0,1,0,4,32,True,108,1,74,330,3.3,0
216,0,1,0,4,33,True,172,0,0,0,0.0,0
217,0,1,0,4,34,True,172,14,123,3707,37.07,0
218,0,1,0,4,24,False,140,14,221,3805,38.05,0
219,0,1,0,7,24,True,11,12,4,3076,30.76,281360
220,0,1,0,4,13,False,74,8,242,2290,22.9,0
221,0,1,0,4,17,False,74,6,33,1569,15.69,0
222,0,1,0,4,7,False,73,6,130,1666,16.66,0
223,0,1,0,4,10,False,133,4,132,1156,11.56,0
224,0,1,0,4,8,False,73,13,126,3454,34.54,0
225,0,1,9,3,10,False,113,4,0,1024,10.24,0
226,0,1,0,4,10,False,73,3,160,928,9.28,0
227,0,1,18,0,0,False,0,0,0,0,0.0,0
228,0,1,0,4,11,False,73,15,91,3931,39.31,0
229,0,1,9,2,61,False,61,0,0,0,0.0,0
230,0,1,0,4,19,False,4,12,73,3145,31.45,0
231,0,1,0,3,26,False,122,7,0,1792,17.92,0
232,0,1,0,4,0,False,155,11,146,2962,29.62,0
233,0,1,0,4,6,True,122,7,41,1833,18.33,0
234,0,1,0,4,16,False,25,12,44,3116,31.16,0
235,0,1,0,4,20,False,3,0,13,13,0.13,0
236,0,1,0,4,24,False,245,2,184,696,6.96,0
237,0,1,0,4,29,False,215,12,210,3282,32.82,0
238,0,1,0,4,30,False,35,6,117,1653,16.53,0
239,0,1,0,4,32,False,18,2,45,557,5.57,0
240,0,1,0,4,10,True,140,14,195,3779,37.79,0
241,0,1,0,4,12,True,40,1,127,383,3.83,0
242,0,1,0,4,13,True,35,2,16,528,5.28,0
243,0,1,0,4,14,True,245,2,164,676,6.76,0
244,0,1,0,4,15,True,73,6,108,1644,16.44,0
245,0,1,0,4,16,True,73,11,180,2996,29.96,0
246,0,1,0,4,17,True,44,13,244,3572,35.72,0
247,0,1,0,4,18,True,17,6,115,1651,16.51,0
248,0,1,0,4,19,True,215,14,147,3731,37.31,0
249,0,1,0,4,20,True,73,2,134,646,6.46,0
250,0,1,0,4,21,True,73,2,94,606,6.06,0
251,0,1,0,4,22,True,73,0,49,49,0.49,0
252,0,1,0,4,23,True,73,0,129,129,1.29,0
253,0,1,0,4,24,True,73,14,6,3590,35.9,0
254,0,1,0,4,25,True,73,3,200,968,9.68,0
255,0,1,0,4,26,True,73,4,215,1239,12.39,0
256,0,1,0,4,27,True,73,6,22,1558,15.58,0
257,0,1,0,4,28,True,25,15,72,3912,39.12,0
258,0,1,0,4,30,True,73,15,113,3953,39.53,0
259,0,1,0,4,31,True,73,15,240,4080,40.8,0
260,0,1,0,4,32,True,73,11,111,2927,29.27,0
261,0,1,0,4,33,True,73,15,194,4034,40.34,0
262,0,1,0,4,34,True,73,14,97,3681,36.81,0
263,0,1,0,4,16,False,224,1,250,506,5.06,0
264,0,1,0,4,25,False,170,8,7,2055,20.55,0
265,0,1,0,4,17,False,223,2,189,701,7.01,0
266,0,1,0,4,8,False,221,13,126,3454,34.54,0
267,0,1,0,4,3,True,226,1,138,394,3.94,0
268,0,1,0,4,7,False,221,6,225,1761,17.61,0
269,0,1,0,4,4,True,224,1,228,484,4.84,0
270,0,1,0,4,10,False,221,4,10,1034,10.34,0
271,0,1,0,4,16,True,223,2,169,681,6.81,0
272,0,1,0,4,11,False,221,15,148,3988,39.88,0
273,0,1,0,4,12,False,221,3,14,782,7.82,0
274,0,1,0,4,13,False,222,6,197,1733,17.33,0
275,0,1,0,4,12,True,170,7,233,2025,20.25,0
276,0,1,0,4,15,True,221,6,204,1740,17.4,0
277,0,1,0,4,16,True,221,11,154,2970,29.7,0
278,0,1,0,4,17,True,221,1,101,357,3.57,0
279,0,1,0,4,18,True,221,4,208,1232,12.32,0
280,0,1,0,4,19,True,221,0,140,140,1.4,0
281,0,1,0,4,20,True,221,2,99,611,6.11,0
282,0,1,0,4,21,True,221,1,236,492,4.92,0
283,0,1,0,4,22,True,221,0,33,33,0.33,0
284,0,1,0,4,23,True,221,0,113,113,1.13,0
285,0,1,0,4,24,True,221,13,206,3534,35.34,0
286,0,1,0,4,25,True,221,3,93,861,8.61,0
287,0,1,0,4,26,True,221,4,207,1231,12.31,0
288,0,1,0,4,27,True,221,5,205,1485,14.85,0
289,0,1,0,4,28,True,221,3,177,945,9.45,0
290,0,1,0,4,30,True,221,15,118,3958,39.58,0
291,0,1,0,4,31,True,221,0,67,67,0.67,0
292,0,1,0,4,32,True,221,11,91,2907,29.07,0
293,0,1,0,4,33,True,221,15,201,4041,40.41,0
294,0,1,0,4,34,True,221,14,126,3710,37.1,0
295,0,1,0,4,16,False,141,2,102,614,6.14,0
296,0,1,0,4,25,False,176,1,42,298,2.98,0
297,0,1,0,5,2,False,102,4,17,1041,10.41,140
298,0,1,0,4,8,False,138,13,165,3493,34.93,0
299,0,1,0,5,0,True,4,2,139,651,6.51,10
300,0,1,0,4,7,False,138,6,23,1559,15.59,0
301,0,1,1,2,60,False,4,0,0,0,0.0,0
302,0,1,0,4,10,False,138,3,182,950,9.5,0
303,0,1,18,0,0,False,0,0,0,0,0.0,0
304,0,1,0,4,11,False,138,0,12,12,0.12,0
305,0,1,17,4,5,False,61,13,61,3389,33.89,0
306,0,1,0,4,29,False,147,4,12,1036,10.36,0
307,0,1,17,2,3,False,29,0,0,0,0.0,0
308,0,1,1,0,0,False,0,0,0,0,0.0,0
309,0,1,0,4,3,False,79,7,92,1884,18.84,0
310,0,1,27,4,4,False,151,3,8,776,7.76,0
311,0,1,0,4,10,False,69,13,216,3544,35.44,0
312,0,1,24,6,61,False,61,13,61,3389,33.89,15677
313,0,1,0,4,30,False,40,4,13,1037,10.37,0
314,0,1,19,3,9,False,22,1,0,256,2.56,0
315,0,1,9,4,4,False,9,3,3,771,7.71,0
316,0,1,19,0,0,False,0,0,0,0,0.0,0
317,0,1,0,4,17,True,40,1,50,306,3.06,0
318,0,1,0,4,10,False,208,8,180,2228,22.28,0
319,0,1,0,4,11,False,207,12,44,3116,31.16,0
320,0,1,0,4,14,False,154,0,170,170,1.7,0
321,0,1,0,4,15,False,137,0,206,206,2.06,0
322,0,1,0,4,16,False,135,7,42,1834,18.34,0
323,0,1,0,4,17,False,191,10,174,2734,27.34,0
324,0,1,0,4,18,False,26,13,88,3416,34.16,0
325,0,1,0,4,19,False,234,4,37,1061,10.61,0
326,0,1,0,4,20,False,141,5,84,1364,13.64,0
327,0,1,0,4,21,False,227,11,186,3002,30.02,0
328,0,1,0,4,22,False,200,8,131,2179,21.79,0
329,0,1,0,4,23,False,12,0,151,151,1.51,0
330,0,1,0,4,24,False,166,13,245,3573,35.73,0
331,0,1,0,4,25,False,35,14,41,3625,36.25,0
332,0,1,0,4,26,False,34,5,44,1324,13.24,0
333,0,1,0,4,27,False,64,11,156,2972,29.72,0
334,0,1,0,4,28,False,0,0,214,214,2.14,0
335,0,1,0,4,29,False,121,1,118,374,3.74,0
336,0,1,0,4,30,False,84,4,63,1087,10.87,0
337,0,1,0,4,31,False,166,11,223,3039,30.39,0
338,0,1,0,4,32,False,129,1,122,378,3.78,0
339,0,1,0,4,33,False,32,4,255,1279,12.79,0
340,0,1,0,4,3,True,199,2,22,534,5.34,0
341,0,1,0,4,4,True,121,13,19,3347,33.47,0
342,0,1,0,4,5,True,64,8,243,2291,22.91,0
343,0,1,0,4,6,True,83,6,74,1610,16.1,0
344,0,1,0,4,7,True,227,14,64,3648,36.48,0
345,0,1,0,4,8,True,102,1,97,353,3.53,0
346,0,1,0,4,9,True,111,6,188,1724,17.24,0
347,0,1,0,4,10,True,188,9,105,2409,24.09,0
348,0,1,0,4,11,True,187,1,46,302,3.02,0
349,0,1,0,4,12,True,251,5,60,1340,13.4,0
350,0,1,0,4,13,True,135,7,170,1962,19.62,0
351,0,1,0,4,14,True,84,7,182,1974,19.74,0
352,0,1,0,4,15,True,129,10,7,2567,25.67,0
353,0,1,0,4,16,True,34,13,204,3532,35.32,0
354,0,1,0,4,17,True,126,15,246,4086,40.86,0
355,0,1,0,4,18,True,137,15,117,3957,39.57,0
356,0,1,0,4,19,True,166,8,196,2244,22.44,0
357,0,1,0,4,20,True,13,9,115,2419,24.19,0
358,0,1,0,4,21,True,70,9,240,2544,25.44,0
359,0,1,0,4,22,True,177,13,198,3526,35.26,0
360,0,1,0,4,23,True,87,2,198,710,7.1,0
361,0,1,0,4,24,True,103,12,92,3164,31.64,0
362,0,1,0,4,25,True,234,2,99,611,6.11,0
363,0,1,0,4,26,True,200,10,74,2634,26.34,0
364,0,1,0,4,27,True,202,9,239,2543,25.43,0
365,0,1,0,4,28,True,107,1,63,319,3.19,0
366,0,1,0,4,29,True,254,13,122,3450,34.5,0
367,0,1,0,4,30,True,247,6,174,1710,17.1,0
368,0,1,0,4,31,True,174,5,171,1451,14.51,0
369,0,1,0,4,32,True,175,13,245,3573,35.73,0
370,0,1,0,4,33,True,154,8,164,2212,22.12,0
371,0,1,0,4,34,True,155,4,215,1239,12.39,0
372,0,1,0,4,25,False,188,7,67,1859,18.59,0
373,0,1,0,4,3,True,224,2,136,648,6.48,0
374,0,1,0,4,26,False,188,6,151,1687,16.87,0
375,0,1,0,4,16,False,222,4,203,1227,12.27,0
376,0,1,0,4,8,False,220,13,132,3460,34.6,0
377,0,1,0,4,4,False,18,12,10,3082,30.82,0
378,0,1,0,4,7,False,220,6,52,1588,15.88,0
379,0,1,18,6,4,False,133,12,10,3082,30.82,15746
380,0,1,0,4,24,False,92,11,4,2820,28.2,0
381,0,1,2,1,6,False,0,0,0,0,0.0,0
382,0,1,0,4,40,False,155,4,136,1160,11.6,0
383,0,1,11,4,4,False,6,10,8,2568,25.68,0
384,0,1,0,2,11,False,133,0,0,0,0.0,0
385,0,30,0,0,0,False,0,0,10,10,0.1,564200449
386,0,-1,-1,-1,-1,True,-1,-1,-1,-1,-1.0,-1
387,0,-1,-1,-1,-1,True,-1,-1,-1,-1,-1.0,-1
388,0,-1,-1,-1,-1,True,-1,-1,-1,-1,-1.0,-1
389,0,-1,-1,-1,-1,True,-1,-1,-1,-1,-1.0,-1
390,0,1,0,4,34,True,33,14,105,3689,36.89,0
391,0,1,0,4,30,False,204,10,131,2691,26.91,0
392,0,1,0,7,10,True,15,1,4,260,2.6,348944
393,0,1,0,4,13,False,83,9,68,2372,23.72,0
394,0,1,0,4,17,False,83,5,109,1389,13.89,0
395,0,1,0,4,7,False,82,6,141,1677,16.77,0
396,0,1,0,4,18,False,10,7,4,1796,17.96,0
397,0,1,0,4,8,False,82,13,212,3540,35.4,0
398,0,1,16,4,18,False,10,3,4,772,7.72,0
399,0,1,0,4,10,False,82,3,188,956,9.56,0
400,0,1,18,0,0,False,0,0,0,0,0.0,0
401,0,1,0,4,11,False,82,15,98,3938,39.38,0
402,0,1,0,4,12,False,82,2,232,744,7.44,0
403,0,1,0,4,11,True,204,10,103,2663,26.63,0
404,0,1,0,4,15,True,81,6,120,1656,16.56,0
405,0,1,0,4,16,True,82,11,191,3007,30.07,0
406,0,1,0,4,17,True,82,1,64,320,3.2,0
407,0,1,0,4,18,True,82,4,126,1150,11.5,0
408,0,1,0,4,19,True,82,0,179,179,1.79,0
409,0,1,0,4,20,True,82,2,114,626,6.26,0
410,0,1,0,4,21,True,82,1,203,459,4.59,0
411,0,1,0,4,22,True,82,0,11,11,0.11,0
412,0,1,0,4,23,True,82,0,97,97,0.97,0
413,0,1,0,4,24,True,82,14,26,3610,36.1,0
414,0,1,0,4,25,True,82,3,82,850,8.5,0
415,0,1,0,4,26,True,82,4,163,1187,11.87,0
416,0,1,0,4,27,True,82,5,170,1450,14.5,0
417,0,1,0,4,28,True,82,3,118,886,8.86,0
418,0,1,0,4,30,True,82,15,140,3980,39.8,0
419,0,1,0,4,31,True,82,0,28,28,0.28,0
420,0,1,0,4,32,True,82,10,1,2561,25.61,68360196
421,0,-1,-1,-1,-1,True,-1,-1,-1,-1,-1.0,-1
422,0,-1,-1,-1,-1,True,-1,-1,-1,-1,-1.0,-1
423,0,-1,-1,-1,-1,True,-1,-1,-1,-1,-1.0,-1
424,0,-1,-1,-1,-1,True,-1,-1,-1,-1,-1.0,-1
425,0,1,14,1,2,False,0,0,0,0,0.0,0
426,0,1,11,4,8,False,4,13,2,3330,33.3,0
427,0,1,1,7,55,True,203,4,145,1169,11.69,1115155
428,0,1,22,3,6,False,93,8,0,2048,20.48,0
429,0,1,0,4,20,False,164,11,176,2992,29.92,0
430,0,1,22,4,61,False,61,13,61,3389,33.89,0
431,0,1,0,4,19,False,238,15,4,3844,38.44,0
432,0,1,2,5,12,True,13,3,215,983,9.83,4
433,0,1,16,7,46,True,15,4,61,1085,10.85,4013373
434,0,154,0,0,0,False,0,0,12,12,0.12,0
435,0,-1,-1,-1,-1,True,-1,-1,-1,-1,-1.0,-1
436,0,-1,-1,-1,-1,True,-1,-1,-1,-1,-1.0,-1
437,0,-1,-1,-1,-1,True,-1,-1,-1,-1,-1.0,-1
438,0,-1,-1,-1,-1,True,-1,-1,-1,-1,-1.0,-1
439,0,-1,-1,-1,-1,True,-1,-1,-1,-1,-1.0,-1
440,0,-1,-1,-1,-1,True,-1,-1,-1,-1,-1.0,-1
441,0,1,0,4,4,False,11,2,15,527,5.27,0
442,0,1,21,1,27,False,0,0,0,0,0.0,0
443,0,1,22,7,0,False,201,4,3,1027,10.27,16059435
444,0,1,0,4,8,True,183,0,174,174,1.74,0
445,0,1,0,4,10,False,2,9,63,2367,23.67,0
446,0,1,0,4,11,False,22,15,64,3904,39.04,0
447,0,1,0,4,12,False,86,15,150,3990,39.9,0
448,0,1,0,4,13,False,20,9,84,2388,23.88,0
449,0,1,0,4,16,False,13,12,240,3312,33.12,0
450,0,1,0,4,17,False,13,8,38,2086,20.86,0
451,0,1,0,4,18,False,247,9,144,2448,24.48,0
452,0,1,0,4,20,False,105,0,230,230,2.3,0
453,0,1,0,4,21,False,117,8,80,2128,21.28,0
454,0,1,0,4,24,False,195,10,37,2597,25.97,0
455,0,1,0,4,25,False,35,11,89,2905,29.05,0
456,0,1,0,4,26,False,216,10,52,2612,26.12,0
457,0,1,0,4,27,False,183,14,223,3807,38.07,0
458,0,1,0,4,28,False,7,14,72,3656,36.56,0
459,0,1,0,4,29,False,186,11,6,2822,28.22,0
460,0,1,0,4,30,False,230,11,147,2963,29.63,0
461,0,1,0,4,31,False,247,12,225,3297,32.97,0
462,0,1,0,4,32,False,137,5,4,1284,12.84,0
463,0,1,0,4,33,False,31,13,37,3365,33.65,0
464,0,1,0,4,3,True,64,8,144,2192,21.92,0
465,0,1,0,4,4,True,218,13,159,3487,34.87,0
466,0,1,0,4,5,True,221,8,229,2277,22.77,0
467,0,1,0,4,6,True,216,11,219,3035,30.35,0
468,0,1,0,4,7,True,149,2,49,561,5.61,0
469,0,1,0,4,8,True,7,1,162,418,4.18,0
470,0,1,0,4,9,True,247,9,123,2427,24.27,0
471,0,1,0,4,10,True,117,15,66,3906,39.06,0
472,0,1,0,4,11,True,3,9,126,2430,24.3,0
473,0,1,0,4,12,True,186,12,98,3170,31.7,0
474,0,1,0,4,13,True,195,1,0,256,2.56,0
475,0,1,0,4,14,True,98,12,169,3241,32.41,0
476,0,1,0,4,15,True,18,6,141,1677,16.77,0
477,0,1,0,4,16,True,111,3,160,928,9.28,0
478,0,1,0,4,17,True,53,0,62,62,0.62,0
479,0,1,0,4,18,True,18,4,168,1192,11.92,0
480,0,1,0,4,19,True,3,6,57,1593,15.93,0
481,0,1,0,4,20,True,2,7,83,1875,18.75,0
482,0,1,0,4,21,True,155,2,118,630,6.3,0
483,0,1,0,4,22,True,18,0,55,55,0.55,0
484,0,1,0,4,23,True,43,13,70,3398,33.98,0
485,0,1,0,4,24,True,13,14,25,3609,36.09,0
486,0,1,0,4,25,True,136,9,55,2359,23.59,0
487,0,1,0,4,26,True,65,9,156,2460,24.6,0
488,0,1,0,4,27,True,247,14,191,3775,37.75,0
489,0,1,0,4,28,True,205,0,135,135,1.35,0
490,0,1,0,4,29,True,102,9,231,2535,25.35,0
491,0,1,0,4,30,True,18,15,80,3920,39.2,0
492,0,1,0,4,31,True,18,0,73,73,0.73,0
493,0,1,0,4,32,True,18,11,58,2874,28.74,0
494,0,1,0,4,33,True,18,0,49,49,0.49,0
495,0,1,0,4,34,True,18,14,14,3598,35.98,0
496,0,1,0,4,32,True,224,1,15,271,2.71,0
497,0,1,0,4,33,False,142,6,22,1558,15.58,0
498,0,1,0,1,15,False,0,0,0,0,0.0,0
499,0,1,0,4,8,False,219,13,95,3423,34.23,0
500,0,1,0,4,16,False,221,5,18,1298,12.98,0
501,0,1,0,4,7,False,219,5,227,1507,15.07,0
502,0,1,0,4,4,False,18,12,10,3082,30.82,0
503,0,1,0,4,10,False,220,3,188,956,9.56,0
504,0,1,17,5,4,False,133,12,10,3082,30.82,121
505,0,1,0,4,11,False,220,15,56,3896,38.96,0
506,0,1,0,4,12,False,220,3,12,780,7.8,0
507,0,1,0,4,13,False,220,7,254,2046,20.46,0
508,0,1,0,4,3,True,142,5,253,1533,15.33,0
509,0,1,0,4,15,True,219,5,205,1485,14.85,0
510,0,1,0,4,16,True,219,11,214,3030,30.3,0
511,0,1,0,4,17,True,219,1,179,435,4.35,0
512,0,1,0,4,18,True,219,4,231,1255,12.55,0
513,0,1,0,4,19,True,219,0,119,119,1.19,0
514,0,1,0,4,20,True,219,2,177,689,6.89,0
515,0,1,0,4,21,True,220,1,205,461,4.61,0
516,0,1,0,4,22,True,219,0,26,26,0.26,0
517,0,1,0,4,23,True,220,0,185,185,1.85,0
518,0,1,0,4,24,True,219,13,233,3561,35.61,0
519,0,1,0,4,25,True,219,3,92,860,8.6,0
520,0,1,0,4,26,True,219,4,225,1249,12.49,0
521,0,1,0,4,27,True,219,5,151,1431,14.31,0
522,0,1,0,4,28,True,219,3,176,944,9.44,0
523,0,1,0,4,30,True,220,15,196,4036,40.36,0
524,0,1,0,4,31,True,219,0,32,32,0.32,0
525,0,1,0,4,32,True,219,11,90,2906,29.06,0
526,0,1,0,4,33,True,18,15,230,4070,40.7,0
527,0,1,0,4,34,True,219,14,218,3802,38.02,0
528,0,1,0,4,4,True,136,1,39,295,2.95,0
529,0,1,0,4,27,False,45,10,234,2794,27.94,0
530,0,1,0,4,17,False,135,4,104,1128,11.28,0
531,0,1,0,4,8,False,133,13,152,3480,34.8,0
532,0,1,0,4,7,True,4,4,4,1028,10.28,0
533,0,1,0,4,7,False,133,6,81,1617,16.17,0
534,0,1,2,2,6,True,11,0,0,0,0.0,0
535,0,1,0,4,10,False,133,3,151,919,9.19,0
536,0,1,7,4,61,False,61,13,61,3389,33.89,0
537,0,1,0,4,33,False,57,4,12,1036,10.36,0
538,0,1,5,0,0,False,0,0,0,0,0.0,0
539,0,1,1,4,58,True,10,10,4,2564,25.64,0
540,0,1,0,4,6,False,161,14,229,3813,38.13,0
541,0,1,16,7,57,False,10,7,61,1853,18.53,4013373
542,0,1,0,4,10,False,233,11,70,2886,28.86,0
543,0,1,0,4,24,True,233,11,51,2867,28.67,0
544,0,1,0,4,25,False,150,2,93,605,6.05,0
545,0,1,0,4,24,False,150,6,74,1610,16.1,0
546,0,1,0,4,15,True,150,6,57,1593,15.93,0
547,0,1,0,4,15,False,210,3,4,772,7.72,0
548,0,1,1,3,36,True,5,11,0,2816,28.16,0
549,0,1,22,7,4,False,133,2,3,515,5.15,4013474
550,0,1,0,4,19,False,4,15,138,3978,39.78,0
551,0,1,1,2,40,False,122,0,0,0,0.0,0
552,0,1,0,6,33,False,4,1,253,509,5.09,29705
553,0,1,0,4,16,True,122,6,78,1614,16.14,0
554,0,1,0,4,3,False,87,6,249,1785,17.85,0
555,0,1,0,4,17,False,62,14,161,3745,37.45,0
556,0,1,0,4,18,False,65,9,71,2375,23.75,0
557,0,1,0,4,19,False,29,6,115,1651,16.51,0
558,0,1,0,4,20,False,149,11,69,2885,28.85,0
559,0,1,0,4,21,False,238,10,119,2679,26.79,0
560,0,1,0,4,22,False,111,5,141,1421,14.21,0
561,0,1,0,4,23,False,72,2,43,555,5.55,0
562,0,1,0,4,24,False,27,12,175,3247,32.47,0
563,0,1,0,4,25,False,178,7,28,1820,18.2,0
564,0,1,0,4,26,False,82,14,127,3711,37.11,0
565,0,1,0,4,27,False,149,10,69,2629,26.29,0
566,0,1,0,4,28,False,35,8,215,2263,22.63,0
567,0,1,0,4,29,False,100,15,202,4042,40.42,0
568,0,1,0,4,30,False,121,6,5,1541,15.41,0
569,0,1,0,4,31,False,191,9,139,2443,24.43,0
570,0,1,0,4,32,False,195,11,252,3068,30.68,0
571,0,1,0,4,33,False,75,1,52,308,3.08,0
572,0,1,0,4,3,True,252,1,86,342,3.42,0
573,0,1,0,4,4,True,168,15,219,4059,40.59,0
574,0,1,0,4,5,True,181,7,186,1978,19.78,0
575,0,1,0,4,6,True,75,15,255,4095,40.95,0
576,0,1,0,4,7,True,195,5,19,1299,12.99,0
577,0,1,0,4,8,True,111,3,60,828,8.28,0
578,0,1,0,4,9,True,72,3,41,809,8.09,0
579,0,1,0,4,10,True,102,10,244,2804,28.04,0
580,0,1,0,4,11,True,176,15,117,3957,39.57,0
581,0,1,0,4,12,True,121,10,155,2715,27.15,0
582,0,1,0,4,13,True,243,6,71,1607,16.07,0
583,0,1,0,4,14,True,195,3,88,856,8.56,0
584,0,1,0,4,15,True,149,14,129,3713,37.13,0
585,0,1,0,4,16,True,29,8,87,2135,21.35,0
586,0,1,0,4,17,True,149,5,231,1511,15.11,0
587,0,1,0,4,18,True,148,2,101,613,6.13,0
588,0,1,0,4,19,True,191,11,245,3061,30.61,0
589,0,1,0,4,20,True,236,1,99,355,3.55,0
590,0,1,0,4,21,True,215,1,51,307,3.07,0
591,0,1,0,4,22,True,242,15,185,4025,40.25,0
592,0,1,0,4,23,True,104,12,119,3191,31.91,0
593,0,1,0,4,24,True,12,13,43,3371,33.71,0
594,0,1,0,4,25,True,238,7,130,1922,19.22,0
595,0,1,0,4,26,True,101,13,16,3344,33.44,0
596,0,1,0,4,27,True,178,12,221,3293,32.93,0
597,0,1,0,4,28,True,211,13,17,3345,33.45,0
598,0,1,0,4,29,True,40,5,136,1416,14.16,0
599,0,1,0,4,30,True,87,6,132,1668,16.68,0
600,0,1,0,4,31,True,9,6,134,1670,16.7,0
601,0,1,0,4,32,True,88,1,168,424,4.24,0
602,0,1,0,4,33,True,79,5,230,1510,15.1,0
603,0,1,0,4,34,True,33,12,143,3215,32.15,0
604,0,1,0,4,3,True,88,2,86,598,5.98,0
605,0,1,0,4,30,False,163,13,219,3547,35.47,0
606,0,1,0,4,16,False,87,4,129,1153,11.53,0
607,0,1,0,4,8,False,84,13,146,3474,34.74,0
608,0,1,0,4,17,False,85,5,105,1385,13.85,0
609,0,1,0,4,7,False,84,6,113,1649,16.49,0
610,0,1,0,4,4,True,86,4,128,1152,11.52,0
611,0,1,0,4,10,False,84,3,151,919,9.19,0
612,0,1,0,4,16,True,85,5,84,1364,13.64,0
613,0,1,0,4,11,False,84,15,159,3999,39.99,0
614,0,1,0,4,12,False,84,3,38,806,8.06,0
615,0,1,0,4,13,False,85,9,140,2444,24.44,0
616,0,1,0,4,3,True,163,13,193,3521,35.21,0
617,0,1,0,4,15,True,83,6,91,1627,16.27,0
618,0,1,0,4,16,True,84,11,173,2989,29.89,0
619,0,1,0,4,17,True,84,1,129,385,3.85,0
620,0,1,0,4,18,True,84,5,2,1282,12.82,0
621,0,1,0,4,19,True,84,0,120,120,1.2,0
622,0,1,0,4,20,True,84,2,66,578,5.78,0
623,0,1,0,4,21,True,84,2,28,540,5.4,0
624,0,1,0,4,22,True,84,0,79,79,0.79,0
625,0,1,0,4,23,True,84,0,92,92,0.92,0
626,0,1,0,4,24,True,84,13,230,3558,35.58,0
627,0,1,0,4,25,True,84,3,147,915,9.15,0
628,0,1,0,4,26,True,84,4,157,1181,11.81,0
629,0,1,0,4,27,True,84,6,57,1593,15.93,0
630,0,1,0,4,28,True,84,4,23,1047,10.47,0
631,0,1,0,4,30,True,84,15,74,3914,39.14,0
632,0,1,0,4,31,True,84,0,120,120,1.2,0
633,0,1,0,4,32,True,10,1,4,260,2.6,3238436113
634,0,-1,-1,-1,-1,True,-1,-1,-1,-1,-1.0,-1
635,0,-1,-1,-1,-1,True,-1,-1,-1,-1,-1.0,-1
636,0,-1,-1,-1,-1,True,-1,-1,-1,-1,-1.0,-1
637,0,-1,-1,-1,-1,True,-1,-1,-1,-1,-1.0,-1
638,0,1,0,4,33,True,157,6,179,1715,17.15,0
639,0,1,0,4,19,False,133,9,4,2308,23.08,0
640,0,1,1,4,12,True,3,1,124,380,3.8,0
641,0,1,0,4,33,True,133,9,4,2308,23.08,0
642,0,1,0,1,44,True,0,0,0,0,0.0,0
643,0,1,0,7,7,False,106,13,61,3389,33.89,4013373
644,0,-1,-1,-1,-1,True,-1,-1,-1,-1,-1.0,-1
645,0,-1,-1,-1,-1,True,-1,-1,-1,-1,-1.0,-1
646,0,-1,-1,-1,-1,True,-1,-1,-1,-1,-1.0,-1
647,0,1,0,4,23,True,25,0,92,92,0.92,0
648,0,1,0,4,24,True,36,1,241,497,4.97,0
649,0,1,0,4,25,True,209,9,115,2419,24.19,0
650,0,1,0,4,26,True,150,2,123,635,6.35,0
651,0,1,0,4,27,True,25,5,203,1483,14.83,0
652,0,1,0,4,28,True,70,12,106,3178,31.78,0
653,0,1,0,4,29,True,88,15,19,3859,38.59,0
654,0,1,0,4,30,True,25,15,52,3892,38.92,0
655,0,1,0,4,31,True,25,0,84,84,0.84,0
656,0,1,0,4,32,True,25,11,36,2852,28.52,0
657,0,1,0,4,33,True,25,0,26,26,0.26,0
658,0,1,0,4,34,True,25,14,63,3647,36.47,0
659,0,1,0,4,18,False,140,10,116,2676,26.76,0
660,0,1,0,4,3,True,20,3,157,925,9.25,0
661,0,1,0,4,13,False,18,5,199,1479,14.79,0
662,0,1,0,4,16,False,18,6,106,1642,16.42,0
663,0,1,0,4,8,False,17,13,146,3474,34.74,0
664,0,1,0,4,4,False,18,1,11,267,2.67,0
665,0,1,0,4,7,False,17,6,225,1761,17.61,0
666,0,1,4,7,4,False,133,1,11,267,2.67,4013331
667,0,1,0,4,33,False,151,4,11,1035,10.35,0
668,0,1,2,1,15,False,0,0,0,0,0.0,0
669,0,1,21,3,8,False,4,12,0,3072,30.72,0
670,0,1,18,4,8,False,142,14,4,3588,35.88,0
671,0,1,20,2,23,True,8,0,0,0,0.0,0
672,0,1,1,0,0,False,0,0,0,0,0.0,0
673,0,1,0,4,15,False,253,2,56,568,5.68,0
674,0,1,0,4,11,True,4,0,184,184,1.84,0
675,0,1,0,1,16,True,0,0,0,0,0.0,0
676,0,1,31,5,2,False,33,13,61,3389,33.89,61
677,0,1,0,4,29,False,4,12,126,3198,31.98,0
678,0,1,0,2,50,True,11,0,0,0,0.0,0
679,0,1,0,4,8,False,4,4,25,1049,10.49,0
680,0,1,14,6,2,False,12,13,11,3339,33.39,12804
681,0,1,0,4,32,False,4,0,45,45,0.45,0
682,0,1,1,2,16,True,88,0,0,0,0.0,0
683,0,1,0,4,15,False,91,15,242,4082,40.82,0
684,0,1,0,2,40,True,4,0,0,0,0.0,0
685,0,1,0,4,16,False,38,8,3,2051,20.51,0
686,0,1,17,1,24,False,0,0,0,0,0.0,0
687,0,1,0,4,23,False,61,5,48,1328,13.28,0
688,0,1,0,2,31,False,89,0,0,0,0.0,0
689,0,1,0,4,26,False,86,2,215,727,7.27,0
690,0,1,1,1,43,True,0,0,0,0,0.0,0
691,0,1,0,4,27,False,216,1,61,317,3.17,0
692,0,1,0,4,28,False,49,11,68,2884,28.84,0
693,0,1,0,4,30,False,202,2,152,664,6.64,0
694,0,1,0,4,32,False,162,14,78,3662,36.62,0
695,0,1,0,4,33,False,107,8,154,2202,22.02,0
696,0,1,0,4,3,True,49,7,250,2042,20.42,0
697,0,1,0,4,4,True,38,7,237,2029,20.29,0
698,0,1,0,4,7,True,128,14,124,3708,37.08,0
699,0,1,0,4,11,True,162,10,36,2596,25.96,0
700,0,1,0,4,12,True,86,2,195,707,7.07,0
701,0,1,0,4,13,True,217,5,108,1388,13.88,0
702,0,1,0,4,14,True,216,4,205,1229,12.29,0
703,0,1,0,4,15,True,217,3,113,881,8.81,0
704,0,1,0,4,16,True,91,11,148,2964,29.64,0
705,0,1,0,4,17,True,126,1,24,280,2.8,0
706,0,1,0,4,18,True,45,15,50,3890,38.9,0
707,0,1,0,4,19,True,202,3,38,806,8.06,0
708,0,1,0,4,20,True,61,7,153,1945,19.45,0
709,0,1,0,4,21,True,126,1,184,440,4.4,0
710,0,1,0,4,22,True,126,15,252,4092,40.92,0
711,0,1,0,4,23,True,126,0,104,104,1.04,0
712,0,1,0,4,24,True,126,13,235,3563,35.63,0
713,0,1,0,4,25,True,126,3,115,883,8.83,0
714,0,1,0,4,26,True,126,4,129,1153,11.53,0
715,0,1,0,4,27,True,126,5,136,1416,14.16,0
716,0,1,0,4,28,True,126,2,170,682,6.82,0
717,0,1,0,4,30,True,126,15,96,3936,39.36,0
718,0,1,0,4,31,True,126,0,6,6,0.06,0
719,0,1,0,4,32,True,126,11,80,2896,28.96,0
720,0,1,0,4,33,True,126,15,154,3994,39.94,0
721,0,1,0,4,34,True,126,13,183,3511,35.11,0
722,0,1,0,4,31,False,177,10,192,2752,27.52,0
723,0,1,0,4,17,False,59,4,213,1237,12.37,0
724,0,1,0,4,13,False,59,7,11,1803,18.03,0
725,0,1,0,4,16,False,59,6,109,1645,16.45,0
726,0,1,0,4,8,False,57,13,177,3505,35.05,0
727,0,1,0,4,10,False,149,4,131,1155,11.55,0
728,0,1,0,4,7,False,57,7,16,1808,18.08,0
729,0,1,7,4,6,False,86,4,133,1157,11.57,0
730,0,1,0,4,10,False,57,3,150,918,9.18,0
731,0,1,7,2,4,False,192,0,0,0,0.0,0
732,0,1,0,4,11,False,58,15,120,3960,39.6,0
733,0,1,0,4,12,False,57,3,122,890,8.9,0
734,0,1,0,4,15,True,57,6,250,1786,17.86,0
735,0,1,0,4,16,True,57,11,201,3017,30.17,0
736,0,1,0,4,17,True,57,1,93,349,3.49,0
737,0,1,0,4,18,True,57,4,172,1196,11.96,0
738,0,1,0,4,19,True,57,0,235,235,2.35,0
739,0,1,0,4,20,True,57,2,210,722,7.22,0
740,0,1,0,4,21,True,57,2,52,564,5.64,0
741,0,1,0,4,22,True,57,0,102,102,1.02,0
742,0,1,0,4,23,True,177,10,217,2777,27.77,0
743,0,1,0,4,24,True,57,13,252,3580,35.8,0
744,0,1,0,4,25,True,57,3,40,808,8.08,0
745,0,1,0,4,26,True,57,4,205,1229,12.29,0
746,0,1,0,4,27,True,57,5,225,1505,15.05,0
747,0,1,0,4,28,True,57,2,183,695,6.95,0
748,0,1,0,4,30,True,57,15,85,3925,39.25,0
749,0,1,0,4,31,True,57,15,241,4081,40.81,0
750,0,1,0,4,32,True,57,10,247,2807,28.07,0
751,0,1,0,4,33,True,57,15,243,4083,40.83,0
752,0,1,0,4,34,True,57,14,96,3680,36.8,0
753,0,1,0,4,32,False,225,14,90,3674,36.74,0
754,0,1,0,4,17,False,154,4,189,1213,12.13,0
755,0,1,0,4,34,True,152,9,63,2367,23.67,0
756,0,1,0,4,16,True,154,4,168,1192,11.92,0
757,0,1,0,4,13,False,153,11,48,2864,28.64,0
758,0,1,0,4,0,False,4,4,45,1069,10.69,0
759,0,1,0,4,8,False,152,14,241,3825,38.25,0
760,0,1,0,4,39,True,4,5,152,1432,14.32,0
761,0,1,0,4,7,False,152,8,148,2196,21.96,0
762,0,1,0,4,61,False,61,13,61,3389,33.89,0
763,0,121,0,0,0,False,0,0,10,10,0.1,513868801
764,0,-1,-1,-1,-1,True,-1,-1,-1,-1,-1.0,-1
765,0,-1,-1,-1,-1,True,-1,-1,-1,-1,-1.0,-1
766,0,-1,-1,-1,-1,True,-1,-1,-1,-1,-1.0,-1
767,0,-1,-1,-1,-1,True,-1,-1,-1,-1,-1.0,-1
768,0,1,0,4,34,True,30,14,21,3605,36.05,0
769,0,1,0,4,25,False,178,8,47,2095,20.95,0
770,0,1,0,4,35,False,15,6,4,1540,15.4,0
771,0,1,0,4,13,False,27,8,130,2178,21.78,0
772,0,1,0,3,4,False,192,4,0,1024,10.24,0
773,0,1,0,4,8,False,26,13,115,3443,34.43,0
774,0,1,0,1,27,False,0,0,0,0,0.0,0
775,0,1,0,4,7,False,26,6,78,1614,16.14,0
776,0,1,0,4,18,False,26,10,169,2729,27.29,0
777,0,1,0,4,10,False,26,3,150,918,9.18,0
778,0,1,0,4,16,True,27,6,26,1562,15.62,0
779,0,1,0,4,11,False,26,15,112,3952,39.52,0
780,0,1,0,4,12,False,26,3,77,845,8.45,0
781,0,1,0,4,15,True,26,6,57,1593,15.93,0
782,0,1,0,4,16,True,26,11,229,3045,30.45,0
783,0,1,0,4,17,True,26,9,36,2340,23.4,0
784,0,1,0,4,18,True,26,4,148,1172,11.72,0
785,0,1,0,4,19,True,26,0,130,130,1.3,0
786,0,1,0,4,20,True,26,2,116,628,6.28,0
787,0,1,0,4,21,True,26,1,189,445,4.45,0
788,0,1,0,4,22,True,26,0,51,51,0.51,0
789,0,1,0,4,23,True,26,0,87,87,0.87,0
790,0,1,0,4,24,True,26,14,17,3601,36.01,0
791,0,1,0,4,25,True,26,3,86,854,8.54,0
792,0,1,0,4,26,True,26,4,232,1256,12.56,0
793,0,1,0,4,27,True,26,5,225,1505,15.05,0
794,0,1,0,4,28,True,26,3,150,918,9.18,0
795,0,1,0,4,30,True,26,15,134,3974,39.74,0
796,0,1,0,4,31,True,26,0,97,97,0.97,0
797,0,1,0,4,32,True,26,11,108,2924,29.24,0
798,0,1,0,4,33,True,26,15,194,4034,40.34,0
799,0,1,0,4,34,True,26,14,41,3625,36.25,0
800,0,1,0,4,13,False,48,3,146,914,9.14,0
801,0,1,0,4,16,False,49,3,93,861,8.61,0
802,0,1,0,4,31,False,93,0,96,96,0.96,0
803,0,1,0,4,17,False,48,3,89,857,8.57,0
804,0,1,0,4,8,False,46,13,155,3483,34.83,0
805,0,1,0,4,27,False,4,4,49,1073,10.73,0
806,0,1,0,4,7,False,26,6,138,1674,16.74,0
807,0,1,0,3,7,False,4,0,0,0,0.0,0
808,0,1,0,4,10,False,46,3,165,933,9.33,0
809,0,1,6,0,0,False,0,0,0,0,0.0,0
810,0,1,0,4,11,False,46,15,159,3999,39.99,0
811,0,1,0,3,61,False,61,13,0,3328,33.28,0
812,0,1,0,4,9,False,157,13,192,3520,35.2,0
813,0,1,0,4,9,True,157,13,175,3503,35.03,0
814,0,1,0,4,4,False,12,15,12,3852,38.52,0
815,0,1,21,1,33,False,0,0,0,0,0.0,0
816,0,1,6,5,4,False,2,10,3,2563,25.63,50
817,0,1,1,4,56,False,4,2,53,565,5.65,0
818,0,1,0,4,13,False,193,6,44,1580,15.8,0
819,0,1,1,4,61,False,61,13,61,3389,33.89,0
820,0,1,0,4,28,False,91,12,4,3076,30.76,0
821,0,1,1,6,46,True,10,0,45,45,0.45,33540
822,0,1,20,1,12,False,0,0,0,0,0.0,0
823,0,1,2,7,4,False,6,4,5,1029,10.29,459994
824,0,1,14,5,0,False,4,4,15,1039,10.39,83
825,0,1,1,0,0,False,0,0,0,0,0.0,0
826,0,1,10,2,4,False,16,0,0,0,0.0,0
827,0,1,13,3,15,False,64,4,0,1024,10.24,0
828,0,1,2,1,22,False,0,0,0,0,0.0,0
829,0,1,1,7,28,False,4,2,122,634,6.34,296704
830,0,1,2,3,40,False,5,11,0,2816,28.16,0
831,0,1,0,4,20,False,64,15,221,4061,40.61,0
832,0,1,0,4,21,False,4,3,154,922,9.22,0
833,0,1,0,4,22,False,130,11,61,2877,28.77,0
834,0,1,0,4,23,False,239,9,115,2419,24.19,0
835,0,1,0,4,24,False,96,11,54,2870,28.7,0
836,0,1,0,4,25,False,32,11,198,3014,30.14,0
837,0,1,0,4,26,False,248,5,176,1456,14.56,0
838,0,1,0,4,27,False,161,1,78,334,3.34,0
839,0,1,0,4,28,False,31,5,144,1424,14.24,0
840,0,1,0,4,29,False,136,15,190,4030,40.3,0
841,0,1,0,4,30,False,128,15,235,4075,40.75,0
842,0,1,0,4,31,False,103,14,163,3747,37.47,0
843,0,1,0,4,32,False,64,2,61,573,5.73,0
844,0,1,0,4,33,False,23,8,54,2102,21.02,0
845,0,1,0,4,3,True,73,13,116,3444,34.44,0
846,0,1,0,4,4,True,104,8,185,2233,22.33,0
847,0,1,0,4,5,True,101,10,97,2657,26.57,0
848,0,1,0,4,6,True,107,8,186,2234,22.34,0
849,0,1,0,4,8,True,201,9,36,2340,23.4,0
850,0,1,0,4,9,True,189,10,139,2699,26.99,0
851,0,1,0,4,10,True,48,7,123,1915,19.15,0
852,0,1,0,4,11,True,85,10,63,2623,26.23,0
853,0,1,0,4,12,True,64,15,62,3902,39.02,0
854,0,1,0,4,13,True,42,4,98,1122,11.22,0
855,0,1,0,4,14,True,53,7,100,1892,18.92,0
856,0,1,0,4,15,True,32,14,85,3669,36.69,0
857,0,1,0,4,16,True,206,1,12,268,2.68,0
858,0,1,0,4,17,True,221,1,245,501,5.01,0
859,0,1,0,4,18,True,83,13,44,3372,33.72,0
860,0,1,0,4,19,True,96,10,152,2712,27.12,0
861,0,1,0,4,20,True,23,1,225,481,4.81,0
862,0,1,0,4,21,True,165,0,192,192,1.92,0
863,0,1,0,4,22,True,55,6,2,1538,15.38,0
864,0,1,0,4,23,True,136,12,126,3198,31.98,0
865,0,1,0,4,24,True,156,8,165,2213,22.13,0
866,0,1,0,4,25,True,117,7,201,1993,19.93,0
867,0,1,0,4,26,True,116,15,70,3910,39.1,0
868,0,1,0,4,27,True,161,9,67,2371,23.71,0
869,0,1,0,4,28,True,230,11,14,2830,28.3,0
870,0,1,0,4,29,True,213,2,205,717,7.17,0
871,0,1,0,4,30,True,83,7,245,2037,20.37,0
872,0,1,0,4,31,True,106,10,95,2655,26.55,0
873,0,1,0,4,32,True,28,2,175,687,6.87,0
874,0,1,0,4,33,True,125,5,36,1316,13.16,0
875,0,1,0,4,34,True,139,3,217,985,9.85,0
876,0,1,0,4,25,False,225,7,146,1938,19.38,0
877,0,1,0,4,17,False,16,4,15,1039,10.39,0
878,0,1,0,4,13,False,15,9,19,2323,23.23,0
879,0,1,0,4,16,False,16,5,7,1287,12.87,0
880,0,1,0,4,8,False,14,13,139,3467,34.67,0
881,0,1,0,4,10,False,237,4,131,1155,11.55,0
882,0,1,0,4,7,False,14,6,200,1736,17.36,0
883,0,1,2,2,4,False,240,0,0,0,0.0,0
884,0,1,0,4,10,False,14,3,235,1003,10.03,0
885,0,1,0,4,5,True,15,3,251,1019,10.19,0
886,0,1,0,4,11,False,14,15,110,3950,39.5,0
887,0,1,0,4,12,False,14,2,162,674,6.74,0
888,0,1,0,4,15,True,14,6,179,1715,17.15,0
889,0,1,0,4,16,True,14,2,248,760,7.6,0
890,0,1,0,4,17,True,14,1,88,344,3.44,0
891,0,1,0,4,18,True,14,4,165,1189,11.89,0
892,0,1,0,4,19,True,14,0,237,237,2.37,0
893,0,1,0,4,20,True,14,2,115,627,6.27,0
894,0,1,0,4,21,True,14,1,157,413,4.13,0
895,0,1,0,4,22,True,14,0,236,236,2.36,0
896,0,1,0,4,23,True,14,0,159,159,1.59,0
897,0,1,0,4,24,True,14,14,44,3628,36.28,0
898,0,1,0,4,25,True,14,3,174,942,9.42,0
899,0,1,0,4,26,True,14,4,176,1200,12.0,0
900,0,1,0,4,27,True,14,5,250,1530,15.3,0
901,0,1,0,4,28,True,14,3,93,861,8.61,0
902,0,1,0,4,30,True,14,15,245,4085,40.85,0
903,0,1,0,4,31,True,14,0,31,31,0.31,0
904,0,1,0,4,32,True,10,1,4,260,2.6,183078660
905,0,-1,-1,-1,-1,True,-1,-1,-1,-1,-1.0,-1
906,0,-1,-1,-1,-1,True,-1,-1,-1,-1,-1.0,-1
907,0,-1,-1,-1,-1,True,-1,-1,-1,-1,-1.0,-1
908,0,-1,-1,-1,-1,True,-1,-1,-1,-1,-1.0,-1
909,0,1,24,5,33,False,186,4,10,1034,10.34,255
910,0,1,1,0,0,False,0,0,0,0,0.0,0
911,0,1,28,2,6,False,125,0,0,0,0.0,0
912,0,1,0,4,34,True,186,6,61,1597,15.97,0
913,0,1,0,4,21,False,72,4,1,1025,10.25,0
914,0,1,19,0,0,False,0,0,0,0,0.0,0
915,0,1,1,6,59,False,14,12,4,3076,30.76,18315
916,0,1,1,6,21,False,4,2,152,664,6.64,6662
917,0,1,0,4,5,False,31,9,27,2331,23.31,0
918,0,1,0,4,6,False,155,12,204,3276,32.76,0
919,0,1,0,4,7,False,156,1,108,364,3.64,0
920,0,1,0,4,8,False,57,12,180,3252,32.52,0
921,0,1,0,4,9,False,115,12,167,3239,32.39,0
922,0,1,0,4,10,False,110,13,55,3383,33.83,0
923,0,1,0,4,11,False,38,11,75,2891,28.91,0
924,0,1,0,4,12,False,122,15,221,4061,40.61,0
925,0,1,0,4,13,False,137,2,51,563,5.63,0
926,0,1,0,4,14,False,236,14,154,3738,37.38,0
927,0,1,0,4,15,False,97,14,115,3699,36.99,0
928,0,1,0,4,16,False,242,13,8,3336,33.36,0
929,0,1,0,4,17,False,60,2,59,571,5.71,0
930,0,1,0,4,19,False,73,9,3,2307,23.07,0
931,0,1,0,4,20,False,69,11,125,2941,29.41,0
932,0,1,0,4,21,False,220,10,137,2697,26.97,0
933,0,1,0,4,22,False,158,3,248,1016,10.16,0
934,0,1,0,4,23,False,161,4,178,1202,12.02,0
935,0,1,0,4,24,False,133,12,94,3166,31.66,0
936,0,1,0,4,25,False,191,10,108,2668,26.68,0
937,0,1,0,4,26,False,118,9,46,2350,23.5,0
938,0,1,0,4,27,False,117,12,163,3235,32.35,0
939,0,1,0,4,28,False,57,4,191,1215,12.15,0
940,0,1,0,4,29,False,135,1,152,408,4.08,0
941,0,1,0,4,30,False,15,11,213,3029,30.29,0
942,0,1,0,4,31,False,43,8,184,2232,22.32,0
943,0,1,0,4,32,False,64,12,150,3222,32.22,0
944,0,1,0,4,33,False,96,10,56,2616,26.16,0
945,0,1,0,4,3,True,69,9,101,2405,24.05,0
946,0,1,0,4,4,True,135,1,149,405,4.05,0
947,0,1,0,4,5,True,37,3,97,865,8.65,0
948,0,1,0,4,6,True,97,13,235,3563,35.63,0
949,0,1,0,4,7,True,88,10,218,2778,27.78,0
950,0,1,0,4,8,True,96,5,4,1284,12.84,0
951,0,1,0,4,9,True,73,15,6,3846,38.46,0
952,0,1,0,4,10,True,84,0,151,151,1.51,0
953,0,1,0,4,11,True,96,11,149,2965,29.65,0
954,0,1,0,4,13,True,105,10,28,2588,25.88,0
955,0,1,0,4,14,True,57,8,86,2134,21.34,0
956,0,1,0,4,15,True,134,11,141,2957,29.57,0
957,0,1,0,4,16,True,117,0,201,201,2.01,0
958,0,1,0,4,17,True,242,10,186,2746,27.46,0
959,0,1,0,4,18,True,126,11,182,2998,29.98,0
960,0,1,0,4,19,True,43,13,157,3485,34.85,0
961,0,1,0,4,20,True,158,13,214,3542,35.42,0
962,0,1,0,4,21,True,161,15,115,3955,39.55,0
963,0,1,0,4,22,True,152,8,114,2162,21.62,0
964,0,1,0,4,23,True,152,8,131,2179,21.79,0
965,0,1,0,4,24,True,160,5,152,1432,14.32,0
966,0,1,0,4,25,True,198,4,38,1062,10.62,0
967,0,1,0,4,26,True,197,8,144,2192,21.92,0
968,0,1,0,4,27,True,127,7,87,1879,18.79,0
969,0,1,0,4,28,True,126,2,220,732,7.32,0
970,0,1,0,4,29,True,77,2,154,666,6.66,0
971,0,1,0,4,30,True,147,6,226,1762,17.62,0
972,0,1,0,4,31,True,255,12,164,3236,32.36,0
973,0,1,0,4,32,True,39,10,1,2561,25.61,14159876
974,0,-1,-1,-1,-1,True,-1,-1,-1,-1,-1.0,-1
975,0,1,1,4,8,True,2,13,109,3437,34.37,0
976,0,1,0,4,9,True,216,0,86,86,0.86,0
977,0,1,0,4,16,False,180,4,60,1084,10.84,0
978,0,1,0,4,20,False,143,10,155,2715,27.15,0
979,0,1,0,4,21,False,139,0,91,91,0.91,0
980,0,1,0,4,23,False,95,1,117,373,3.73,0
981,0,1,0,4,24,False,21,6,7,1543,15.43,0
982,0,1,0,4,25,False,82,11,251,3067,30.67,0
983,0,1,0,4,27,False,248,13,195,3523,35.23,0
984,0,1,0,4,28,False,203,12,43,3115,31.15,0
985,0,1,0,4,29,False,170,1,87,343,3.43,0
986,0,1,0,4,30,False,175,2,186,698,6.98,0
987,0,1,0,4,31,False,75,7,65,1857,18.57,0
988,0,1,0,4,32,False,206,9,211,2515,25.15,0
989,0,1,0,4,33,False,6,1,99,355,3.55,0
990,0,1,0,4,3,True,176,12,92,3164,31.64,0
991,0,1,0,4,4,True,175,3,54,822,8.22,0
992,0,1,0,4,6,True,244,6,86,1622,16.22,0
993,0,1,0,4,7,True,170,9,54,2358,23.58,0
994,0,1,0,4,9,True,95,1,97,353,3.53,0
995,0,1,0,4,10,True,107,5,113,1393,13.93,0
996,0,1,0,4,12,True,180,4,39,1063,10.63,0
997,0,1,0,4,13,True,76,5,159,1439,14.39,0
998,0,1,0,4,14,True,75,8,66,2114,21.14,0
999,0,1,0,4,15,True,247,10,54,2614,26.14,0
1000,0,1,0,4,16,True,136,11,173,2989,29.89,0
1001,0,1,0,4,17,True,21,2,89,601,6.01,0
1002,0,1,0,4,18,True,6,2,198,710,7.1,0
1003,0,1,0,4,19,True,206,6,86,1622,16.22,0
1004,0,1,0,4,20,True,136,2,184,696,6.96,0
1005,0,1,0,4,21,True,151,10,52,2612,26.12,0
1006,0,1,0,4,22,True,136,0,39,39,0.39,0
1007,0,1,0,4,23,True,136,0,96,96,0.96,0
1008,0,1,0,4,24,True,136,13,209,3537,35.37,0
1009,0,1,0,4,25,True,136,3,130,898,8.98,0
1010,0,1,0,4,26,True,19,14,118,3702,37.02,0
1011,0,1,0,4,27,True,136,5,244,1524,15.24,0
1012,0,1,0,4,28,True,188,10,50,2610,26.1,0
1013,0,1,0,4,29,True,113,1,186,442,4.42,0
1014,0,1,0,4,30,True,136,15,110,3950,39.5,0
1015,0,1,0,4,31,True,113,1,160,416,4.16,0
1016,0,1,0,4,32,True,136,11,64,2880,28.8,0
1017,0,1,0,4,33,True,136,15,154,3994,39.94,0
1018,0,1,0,4,34,True,136,14,60,3644,36.44,0
1019,0,1,0,4,13,False,207,3,199,967,9.67,0
1020,0,1,0,4,17,False,207,3,226,994,9.94,0
1021,0,1,0,4,22,True,205,10,156,2716,27.16,0
1022,0,1,0,4,16,True,207,3,206,974,9.74,0
1023,0,1,0,4,8,False,205,13,191,3519,35.19,0
1024,0,1,0,4,63,False,4,5,206,1486,14.86,0
1025,0,1,0,4,7,False,205,6,86,1622,16.22,0
1026,0,1,1,1,61,False,0,0,0,0,0.0,0
1027,0,1,0,4,4,False,10,13,3,3331,33.31,0
1028,0,1,26,5,15,False,209,3,210,978,9.78,4
1029,0,1,17,3,17,True,3,4,0,1024,10.24,0
1030,0,1,1,3,13,True,15,3,0,768,7.68,0
1031,0,1,23,3,61,False,61,13,0,3328,33.28,0
1032,0,1,0,4,24,False,4,1,89,345,3.45,0
1033,0,1,1,4,41,True,202,15,244,4084,40.84,0
1034,0,1,0,4,13,False,102,6,56,1592,15.92,0
1035,0,1,0,4,5,True,202,15,223,4063,40.63,0
1036,0,1,0,4,16,False,254,15,91,3931,39.31,0
1037,0,1,0,4,18,False,141,1,57,313,3.13,0
1038,0,1,0,4,19,False,44,11,213,3029,30.29,0
1039,0,1,0,4,20,False,140,9,207,2511,25.11,0
1040,0,1,0,4,21,False,199,6,53,1589,15.89,0
1041,0,1,0,4,22,False,66,14,127,3711,37.11,0
1042,0,1,0,4,23,False,66,4,199,1223,12.23,0
1043,0,1,0,4,25,False,224,6,52,1588,15.88,0
1044,0,1,0,4,26,False,187,0,135,135,1.35,0
1045,0,1,0,4,27,False,165,15,149,3989,39.89,0
1046,0,1,0,4,28,False,4,4,78,1102,11.02,0
1047,0,1,0,4,29,False,17,10,191,2751,27.51,0
1048,0,1,0,4,30,False,62,10,63,2623,26.23,0
1049,0,1,0,4,31,False,102,7,98,1890,18.9,0
1050,0,1,0,4,32,False,147,15,112,3952,39.52,0
1051,0,1,0,4,33,False,145,5,74,1354,13.54,0
1052,0,1,0,4,4,True,145,0,251,251,2.51,0
1053,0,1,0,4,5,True,17,1,23,279,2.79,0
1054,0,1,0,4,6,True,4,2,129,641,6.41,0
1055,0,1,0,4,7,True,62,13,150,3478,34.78,0
1056,0,1,0,4,9,True,228,7,52,1844,18.44,0
1057,0,1,0,4,10,True,89,14,12,3596,35.96,0
1058,0,1,0,4,11,True,43,9,181,2485,24.85,0
1059,0,1,0,4,12,True,161,15,166,4006,40.06,0
1060,0,1,0,4,14,True,165,13,111,3439,34.39,0
1061,0,1,0,4,15,True,101,12,101,3173,31.73,0
1062,0,1,0,4,16,True,205,11,201,3017,30.17,0
1063,0,1,0,4,17,True,147,7,133,1925,19.25,0
1064,0,1,0,4,18,True,77,2,112,624,6.24,0
1065,0,1,0,4,19,True,102,1,50,306,3.06,0
1066,0,1,0,4,20,True,66,11,115,2931,29.31,0
1067,0,1,0,4,21,True,66,3,168,936,9.36,0
1068,0,1,0,4,22,True,209,11,218,3034,30.34,0
1069,0,1,0,4,23,True,205,0,86,86,0.86,0
1070,0,1,0,4,24,True,205,13,221,3549,35.49,0
1071,0,1,0,4,25,True,205,3,95,863,8.63,0
1072,0,1,0,4,26,True,116,13,82,3410,34.1,0
1073,0,1,0,4,27,True,254,11,1,2817,28.17,0
1074,0,1,0,4,28,True,140,10,128,2688,26.88,0
1075,0,1,0,4,29,True,224,0,174,174,1.74,0
1076,0,1,0,4,30,True,205,15,219,4059,40.59,0
1077,0,1,0,4,31,True,205,0,119,119,1.19,0
1078,0,1,0,4,32,True,82,2,161,673,6.73,0
1079,0,1,0,4,33,True,44,15,130,3970,39.7,0
1080,0,1,0,4,20,False,149,1,209,465,4.65,0
1081,0,1,0,4,34,True,205,14,107,3691,36.91,0
1082,0,1,0,4,19,False,149,3,123,891,8.91,0
1083,0,1,0,4,17,False,123,4,125,1149,11.49,0
1084,0,1,0,4,18,False,149,11,234,3050,30.5,0
1085,0,1,0,4,8,False,77,4,16,1040,10.4,0
1086,0,1,0,4,7,True,149,3,111,879,8.79,0
1087,0,1,15,4,13,False,173,4,18,1042,10.42,0
1088,0,1,0,4,8,True,149,11,217,3033,30.33,0
1089,0,1,15,2,6,False,31,0,0,0,0.0,0
1090,0,1,0,4,5,False,88,3,119,887,8.87,0
1091,0,1,15,4,11,False,34,4,144,1168,11.68,0
1092,0,1,0,4,11,False,122,15,200,4040,40.4,0
1093,0,1,15,3,61,False,61,13,0,3328,33.28,0
1094,0,0,0,0,0,False,0,10,1,2561,25.61,4
1095,0,110,0,0,0,False,0,0,10,10,0.1,2292122625
1096,0,-1,-1,-1,-1,True,-1,-1,-1,-1,-1.0,-1
1097,0,1,0,4,32,True,136,11,104,2920,29.2,0
1098,0,1,0,4,33,True,136,0,14,14,0.14,0
1099,0,1,0,4,34,True,136,14,24,3608,36.08,0
1100,0,1,0,4,20,False,105,1,90,346,3.46,0
1101,0,1,0,4,4,True,73,2,150,662,6.62,0
1102,0,1,0,4,13,False,71,7,194,1986,19.86,0
1103,0,1,0,4,16,False,73,4,45,1069,10.69,0
1104,0,1,0,4,8,False,70,13,104,3432,34.32,0
1105,0,1,0,4,4,False,18,7,11,1803,18.03,0
1106,0,1,0,4,7,False,70,6,131,1667,16.67,0
1107,0,1,24,2,4,False,133,0,0,0,0.0,0
1108,0,1,0,4,10,False,70,3,218,986,9.86,0
1109,0,1,8,7,11,False,174,13,61,3389,33.89,4013373
1110,0,1,0,4,29,False,170,4,10,1034,10.34,0
1111,0,1,17,4,7,False,138,12,214,3286,32.86,0
1112,0,1,0,4,11,True,170,4,11,1035,10.35,0
1113,0,1,17,4,0,False,83,12,192,3264,32.64,0
1114,0,1,0,4,24,False,202,7,95,1887,18.87,0
1115,0,1,0,4,23,False,201,12,208,3280,32.8,0
1116,0,1,0,4,14,True,201,12,187,3259,32.59,0
1117,0,1,0,4,25,False,0,4,11,1035,10.35,0
1118,0,1,10,7,5,False,122,7,110,1902,19.02,1705021
1119,0,1,31,6,3,False,133,4,4,1028,10.28,29442
1120,0,1,0,1,25,True,0,0,0,0,0.0,0
1121,0,1,16,3,62,True,3,2,0,512,5.12,0
1122,0,1,0,4,13,False,233,8,211,2259,22.59,0
1123,0,1,0,4,14,False,219,15,115,3955,39.55,0
1124,0,1,0,4,16,False,43,3,220,988,9.88,0
1125,0,1,0,4,17,False,117,6,189,1725,17.25,0
1126,0,1,0,4,20,False,216,14,251,3835,38.35,0
1127,0,1,0,4,21,False,245,13,0,3328,33.28,0
1128,0,1,0,4,22,False,75,8,145,2193,21.93,0
1129,0,1,0,4,23,False,135,11,75,2891,28.91,0
1130,0,1,0,4,24,False,154,3,170,938,9.38,0
1131,0,1,0,4,25,False,97,6,231,1767,17.67,0
1132,0,1,0,4,26,False,159,15,137,3977,39.77,0
1133,0,1,0,4,27,False,114,7,88,1880,18.8,0
1134,0,1,0,4,28,False,247,8,12,2060,20.6,0
1135,0,1,0,4,29,False,212,6,92,1628,16.28,0
1136,0,1,0,4,31,False,217,7,107,1899,18.99,0
1137,0,1,0,4,32,False,49,8,55,2103,21.03,0
1138,0,1,0,4,33,False,52,0,23,23,0.23,0
1139,0,1,0,4,3,True,52,12,89,3161,31.61,0
1140,0,1,0,4,4,True,212,0,163,163,1.63,0
1141,0,1,0,4,6,True,186,7,154,1946,19.46,0
1142,0,1,0,4,7,True,221,13,65,3393,33.93,0
1143,0,1,0,4,8,True,245,13,209,3537,35.37,0
1144,0,1,0,4,9,True,139,15,94,3934,39.34,0
1145,0,1,0,4,10,True,49,13,189,3517,35.17,0
1146,0,1,0,4,12,True,53,4,33,1057,10.57,0
1147,0,1,0,4,13,True,43,7,25,1817,18.17,0
1148,0,1,0,4,14,True,153,3,61,829,8.29,0
1149,0,1,0,4,15,True,114,10,109,2669,26.69,0
1150,0,1,0,4,16,True,115,14,137,3721,37.21,0
1151,0,1,0,4,17,True,219,4,249,1273,12.73,0
1152,0,1,0,4,18,True,114,12,144,3216,32.16,0
1153,0,1,0,4,19,True,41,11,47,2863,28.63,0
1154,0,1,0,4,20,True,67,11,248,3064,30.64,0
1155,0,1,0,4,21,True,232,1,241,497,4.97,0
1156,0,1,0,4,22,True,87,6,209,1745,17.45,0
1157,0,1,0,4,23,True,214,4,196,1220,12.2,0
1158,0,1,0,4,24,True,135,12,172,3244,32.44,0
1159,0,1,0,4,25,True,66,11,25,2841,28.41,0
1160,0,1,0,4,26,True,66,7,105,1897,18.97,0
1161,0,1,0,4,27,True,16,2,245,757,7.57,0
1162,0,1,0,4,28,True,232,3,201,969,9.69,0
1163,0,1,0,4,29,True,115,1,198,454,4.54,0
1164,0,1,0,4,30,True,232,15,94,3934,39.34,0
1165,0,1,0,4,31,True,232,0,78,78,0.78,0
1166,0,1,0,4,32,True,232,11,139,2955,29.55,0
1167,0,1,0,4,33,True,57,15,75,3915,39.15,0
1168,0,1,0,4,34,True,232,14,45,3629,36.29,0
1169,0,1,0,4,1,False,166,5,33,1313,13.13,0
1170,0,1,0,4,3,True,183,3,26,794,7.94,0
1171,0,1,0,4,13,False,181,7,109,1901,19.01,0
1172,0,1,0,4,16,False,182,4,81,1105,11.05,0
1173,0,1,0,4,8,False,180,13,133,3461,34.61,0
1174,0,1,0,4,4,False,18,4,11,1035,10.35,0
1175,0,1,0,4,7,False,180,6,86,1622,16.22,0
1176,0,1,14,6,4,False,133,4,11,1035,10.35,15714
1177,0,1,0,4,4,False,8,8,8,2056,20.56,0
1178,0,1,30,6,32,False,4,5,93,1373,13.73,12295
1179,0,1,30,1,11,False,0,0,0,0,0.0,0
1180,0,1,0,4,8,False,229,2,161,673,6.73,0
1181,0,1,4,5,4,False,132,1,61,317,3.17,61
1182,0,1,0,4,33,False,233,5,42,1322,13.22,0
1183,0,1,0,4,26,True,233,5,21,1301,13.01,0
1184,0,1,0,4,11,False,6,13,76,3404,34.04,0
1185,0,1,0,4,25,True,6,13,57,3385,33.85,0
1186,0,1,0,4,2,False,72,14,4,3588,35.88,0
1187,0,1,1,2,5,True,13,0,0,0,0.0,0
1188,0,1,9,6,47,True,4,9,72,2376,23.76,38670
1189,0,1,0,4,33,False,4,3,160,928,9.28,0
1190,0,1,0,2,54,True,81,0,0,0,0.0,0
1191,0,1,1,6,4,False,16,13,15,3343,33.43,35730
1192,0,1,0,4,32,True,81,4,20,1044,10.44,0
1193,0,1,27,5,9,False,102,14,120,3704,37.04,61
1194,0,1,0,4,24,False,176,2,64,576,5.76,0
1195,0,1,0,4,10,False,229,3,225,993,9.93,0
1196,0,1,0,4,7,True,176,2,42,554,5.54,0
1197,0,1,0,4,2,False,109,9,225,2529,25.29,0
1198,0,1,0,4,3,False,108,7,185,1977,19.77,0
1199,0,1,0,4,11,False,229,15,210,4050,40.5,0
1200,0,1,0,4,12,False,233,13,178,3506,35.06,0
1201,0,1,0,4,13,False,230,10,137,2697,26.97,0
1202,0,1,0,4,17,False,145,3,68,836,8.36,0
1203,0,1,0,4,21,False,203,13,161,3489,34.89,0
1204,0,1,0,4,22,False,134,12,131,3203,32.03,0
1205,0,1,0,4,23,False,3,5,184,1464,14.64,0
1206,0,1,0,4,25,False,38,2,8,520,5.2,0
1207,0,1,0,4,27,False,227,15,83,3923,39.23,0
1208,0,1,0,4,28,False,20,3,233,1001,10.01,0
1209,0,1,0,4,29,False,183,12,130,3202,32.02,0
1210,0,1,0,4,30,False,83,15,131,3971,39.71,0
1211,0,1,0,4,31,False,85,11,141,2957,29.57,0
1212,0,1,0,4,32,False,46,12,31,3103,31.03,0
1213,0,1,0,4,5,True,3,5,164,1444,14.44,0
1214,0,1,0,4,7,True,255,12,249,3321,33.21,0
1215,0,1,0,4,10,True,203,6,125,1661,16.61,0
1216,0,1,0,4,12,True,147,8,26,2074,20.74,0
1217,0,1,0,4,13,True,85,1,58,314,3.14,0
1218,0,1,0,4,14,True,84,9,254,2558,25.58,0
1219,0,1,0,4,15,True,83,8,63,2111,21.11,0
1220,0,1,0,4,16,True,228,15,203,4043,40.43,0
1221,0,1,0,4,17,True,250,3,130,898,8.98,0
1222,0,1,0,4,18,True,229,4,149,1173,11.73,0
1223,0,1,0,4,19,True,233,10,164,2724,27.24,0
1224,0,1,0,4,20,True,229,2,241,753,7.53,0
1225,0,1,0,4,21,True,46,11,188,3004,30.04,0
1226,0,1,0,4,22,True,229,0,129,129,1.29,0
1227,0,1,0,4,23,True,38,2,59,571,5.71,0
1228,0,1,0,4,24,True,229,13,213,3541,35.41,0
1229,0,1,0,4,25,True,229,3,19,787,7.87,0
1230,0,1,0,4,26,True,229,4,169,1193,11.93,0
1231,0,1,0,4,27,True,79,5,156,1436,14.36,0
1232,0,1,0,4,28,True,228,3,109,877,8.77,0
1233,0,1,0,4,30,True,229,15,39,3879,38.79,0
1234,0,1,0,4,31,True,229,0,40,40,0.4,0
1235,0,1,0,4,32,True,228,11,51,2867,28.67,0
1236,0,1,0,4,33,True,229,15,252,4092,40.92,0
1237,0,1,0,4,34,True,229,14,97,3681,36.81,0
1238,0,1,0,4,3,True,29,1,236,492,4.92,0
1239,0,1,0,4,26,False,114,13,16,3344,33.44,0
1240,0,1,0,4,16,False,27,4,208,1232,12.32,0
1241,0,1,0,4,8,False,25,13,110,3438,34.38,0
1242,0,1,0,4,17,False,26,4,58,1082,10.82,0
1243,0,1,0,4,7,False,228,6,106,1642,16.42,0
1244,0,1,0,4,4,True,27,4,186,1210,12.1,0
1245,0,1,0,4,10,False,25,3,77,845,8.45,0
1246,0,1,0,4,16,True,26,4,37,1061,10.61,0
1247,0,1,0,4,11,False,25,15,110,3950,39.5,0
1248,0,1,0,4,12,False,25,2,205,717,7.17,0
1249,0,1,0,4,13,False,26,9,119,2423,24.23,0
1250,0,1,0,4,15,True,24,6,84,1620,16.2,0
1251,0,1,0,4,16,True,25,11,216,3032,30.32,0
1252,0,1,0,4,17,True,25,1,105,361,3.61,0
1253,0,1,0,4,18,True,25,4,204,1228,12.28,0
1254,0,1,0,4,19,True,25,0,231,231,2.31,0
1255,0,1,0,4,20,True,25,2,132,644,6.44,0
1256,0,1,0,4,21,True,25,1,150,406,4.06,0
1257,0,1,0,4,22,True,25,0,17,17,0.17,0
1258,0,1,0,4,23,True,25,0,203,203,2.03,0
1259,0,1,0,4,24,True,25,13,251,3579,35.79,0
1260,0,1,0,4,25,True,25,3,16,784,7.84,0
1261,0,1,0,4,26,True,25,4,132,1156,11.56,0
1262,0,1,0,4,27,True,25,6,30,1566,15.66,0
1263,0,1,0,4,28,True,25,15,183,4023,40.23,0
1264,0,1,0,4,30,True,25,15,128,3968,39.68,0
1265,0,1,0,4,31,True,25,15,239,4079,40.79,0
1266,0,1,0,4,32,True,24,11,105,2921,29.21,0
1267,0,1,0,4,33,True,25,15,224,4064,40.64,0
1268,0,1,0,4,34,True,25,14,29,3613,36.13,0
1269,0,1,0,4,26,False,85,4,133,1157,11.57,0
1270,0,1,0,4,16,False,93,3,218,986,9.86,0
1271,0,1,0,4,13,False,92,6,29,1565,15.65,0
1272,0,1,0,4,17,False,92,4,253,1277,12.77,0
1273,0,1,0,4,8,False,90,13,175,3503,35.03,0
1274,0,1,0,4,10,False,78,4,131,1155,11.55,0
1275,0,1,0,4,7,False,90,6,174,1710,17.1,0
1276,0,1,11,6,3,False,195,4,133,1157,11.57,1115
1277,0,1,0,4,10,False,91,3,163,931,9.31,0
1278,0,1,29,1,61,False,0,0,0,0,0.0,0
1279,0,1,0,4,4,False,11,11,15,2831,28.31,0
1280,0,1,25,1,22,False,0,0,0,0,0.0,0
1281,0,1,22,7,3,False,21,4,138,1162,11.62,132279
1282,0,1,0,4,3,False,87,2,255,767,7.67,0
1283,0,1,0,4,31,False,69,15,241,4081,40.81,0
1284,0,1,0,7,16,False,4,12,200,3272,32.72,315138
1285,0,1,0,4,5,True,69,15,221,4061,40.61,0
1286,0,1,0,5,9,True,9,4,4,1028,10.28,15
1287,0,1,0,3,0,False,26,4,0,1024,10.24,0
1288,0,1,0,3,8,False,5,4,0,1024,10.24,0
1289,0,1,0,2,62,True,0,0,0,0,0.0,0
1290,0,1,0,3,4,False,19,15,0,3840,38.4,0
1291,0,1,0,1,22,True,0,0,0,0,0.0,0
1292,0,1,0,4,20,False,193,8,244,2292,22.92,0
1293,0,1,0,4,22,False,129,0,86,86,0.86,0
1294,0,1,0,4,23,False,7,3,127,895,8.95,0
1295,0,1,0,4,24,False,129,13,78,3406,34.06,0
1296,0,1,0,4,25,False,23,0,151,151,1.51,0
1297,0,1,0,4,26,False,113,8,157,2205,22.05,0
1298,0,1,0,4,27,False,116,5,221,1501,15.01,0
1299,0,1,0,4,28,False,210,13,28,3356,33.56,0
1300,0,1,0,4,29,False,206,12,56,3128,31.28,0
1301,0,1,0,4,30,False,41,4,98,1122,11.22,0
1302,0,1,0,4,31,False,151,1,137,393,3.93,0
1303,0,1,0,4,32,False,162,9,23,2327,23.27,0
1304,0,1,0,4,33,False,49,13,131,3459,34.59,0
1305,0,1,0,4,3,True,206,3,139,907,9.07,0
1306,0,1,0,4,4,True,99,15,107,3947,39.47,0
1307,0,1,0,4,5,True,99,1,125,381,3.81,0
1308,0,1,0,4,6,True,189,8,232,2280,22.8,0
1309,0,1,0,4,7,True,23,3,247,1015,10.15,0
1310,0,1,0,4,8,True,187,13,149,3477,34.77,0
1311,0,1,0,4,9,True,116,13,151,3479,34.79,0
1312,0,1,0,4,10,True,113,14,113,3697,36.97,0
1313,0,1,0,4,14,True,45,11,72,2888,28.88,0
1314,0,1,0,4,15,True,207,4,82,1106,11.06,0
1315,0,1,0,4,16,True,7,2,208,720,7.2,0
1316,0,1,0,4,17,True,200,1,103,359,3.59,0
1317,0,1,0,4,18,True,129,6,253,1789,17.89,0
1318,0,1,0,4,19,True,255,10,101,2661,26.61,0
1319,0,1,0,4,20,True,210,14,215,3799,37.99,0
1320,0,1,0,4,21,True,200,2,20,532,5.32,0
1321,0,1,0,4,22,True,1,11,240,3056,30.56,0
1322,0,1,0,4,23,True,200,0,191,191,1.91,0
1323,0,1,0,4,24,True,200,13,185,3513,35.13,0
1324,0,1,0,4,25,True,193,12,109,3181,31.81,0
1325,0,1,0,4,26,True,200,4,154,1178,11.78,0
1326,0,1,0,4,27,True,200,5,235,1515,15.15,0
1327,0,1,0,4,28,True,200,3,111,879,8.79,0
1328,0,1,0,4,30,True,200,15,77,3917,39.17,0
1329,0,1,0,4,31,True,200,0,51,51,0.51,0
1330,0,1,0,4,32,True,200,11,109,2925,29.25,0
1331,0,1,0,4,33,True,200,15,238,4078,40.78,0
1332,0,1,0,4,34,True,200,13,255,3583,35.83,0
1333,0,1,0,4,13,False,239,10,184,2744,27.44,0
1334,0,1,0,4,3,True,242,1,186,442,4.42,0
1335,0,1,0,4,13,False,239,13,5,3333,33.33,0
1336,0,1,0,4,16,False,240,4,165,1189,11.89,0
1337,0,1,0,4,8,False,238,13,167,3495,34.95,0
1338,0,1,0,4,4,False,18,14,10,3594,35.94,0
1339,0,1,0,4,7,False,238,6,138,1674,16.74,0
1340,0,1,13,6,4,False,133,14,10,3594,35.94,15706
1341,0,1,0,4,12,False,176,4,8,1032,10.32,0
1342,0,1,18,0,0,False,0,0,0,0,0.0,0
1343,0,1,1,5,16,False,15,12,4,3076,30.76,152
1344,0,1,22,0,0,False,0,0,0,0,0.0,0
1345,0,1,1,7,39,False,61,13,61,3389,33.89,4013373
1346,0,1,0,4,33,False,145,3,200,968,9.68,0
1347,0,1,0,4,8,True,21,15,7,3847,38.47,0
1348,0,1,0,4,34,True,145,3,177,945,9.45,0
1349,0,1,0,4,9,False,78,4,204,1228,12.28,0
1350,0,1,0,4,12,False,162,5,62,1342,13.42,0
1351,0,1,0,4,21,False,79,6,183,1719,17.19,0
1352,0,1,0,4,22,False,184,7,142,1934,19.34,0
1353,0,1,0,4,23,False,10,15,178,4018,40.18,0
1354,0,1,0,4,24,False,153,8,228,2276,22.76,0
1355,0,1,0,4,26,False,111,1,213,469,4.69,0
1356,0,1,0,4,27,False,211,0,246,246,2.46,0
1357,0,1,0,4,28,False,146,7,134,1926,19.26,0
1358,0,1,0,4,29,False,6,6,147,1683,16.83,0
1359,0,1,0,4,30,False,140,8,58,2106,21.06,0
1360,0,1,0,4,31,False,101,7,151,1943,19.43,0
1361,0,1,0,4,32,False,95,3,207,975,9.75,0
1362,0,1,0,4,33,False,6,9,6,2310,23.1,0
1363,0,1,0,4,3,True,146,8,164,2212,22.12,0
1364,0,1,0,4,8,True,6,4,5,1029,10.29,0
1365,0,1,0,4,9,True,140,2,183,695,6.95,0
1366,0,1,0,4,10,True,79,10,26,2586,25.86,0
1367,0,1,0,4,11,True,77,2,227,739,7.39,0
1368,0,1,0,4,12,True,101,0,212,212,2.12,0
1369,0,1,0,4,13,True,184,15,126,3966,39.66,0
1370,0,1,0,4,14,True,28,8,111,2159,21.59,0
1371,0,1,0,4,15,True,37,12,33,3105,31.05,0
1372,0,1,0,4,16,True,111,5,128,1408,14.08,0
1373,0,1,0,4,17,True,6,10,172,2732,27.32,0
1374,0,1,0,4,18,True,33,13,177,3505,35.05,0
1375,0,1,0,4,19,True,197,1,86,342,3.42,0
1376,0,1,0,4,20,True,84,1,70,326,3.26,0
1377,0,1,0,4,16,False,36,15,215,4055,40.55,0
1378,0,1,0,4,21,True,36,2,205,717,7.17,0
1379,0,1,0,4,22,True,153,10,63,2623,26.23,0
1380,0,1,0,4,23,True,33,10,26,2586,25.86,0
1381,0,1,0,4,24,True,95,7,182,1974,19.74,0
1382,0,1,0,4,25,True,33,13,88,3416,34.16,0
1383,0,1,0,4,26,True,33,14,158,3742,37.42,0
1384,0,1,0,4,27,True,33,2,17,529,5.29,0
1385,0,1,0,4,28,True,33,4,166,1190,11.9,0
1386,0,1,0,4,29,True,73,1,165,421,4.21,0
1387,0,1,0,4,30,True,33,8,20,2068,20.68,0
1388,0,1,0,4,31,True,33,11,95,2911,29.11,0
1389,0,1,0,4,32,True,10,7,196,1988,19.88,0
1390,0,1,0,4,33,True,33,9,163,2467,24.67,0
1391,0,1,0,4,34,True,162,14,245,3829,38.29,0
1392,0,1,0,4,13,False,195,1,96,352,3.52,0
1393,0,1,0,4,4,True,194,3,207,975,9.75,0
1394,0,1,0,4,24,False,75,9,41,2345,23.45,0
1395,0,1,0,4,16,False,194,5,48,1328,13.28,0
1396,0,1,0,4,8,False,192,13,95,3423,34.23,0
1397,0,1,0,4,6,False,14,4,18,1042,10.42,0
1398,0,1,0,4,7,False,192,6,40,1576,15.76,0
1399,0,1,24,1,5,False,0,0,0,0,0.0,0
1400,0,1,0,4,10,False,192,3,152,920,9.2,0
1401,0,1,3,0,0,False,0,0,0,0,0.0,0
1402,0,1,0,4,11,False,192,15,38,3878,38.78,0
1403,0,1,0,4,5,True,192,5,249,1529,15.29,0
1404,0,1,0,4,12,False,192,2,197,709,7.09,0
1405,0,1,0,4,15,True,192,15,32,3872,38.72,0
1406,0,1,0,4,16,True,192,11,187,3003,30.03,0
1407,0,1,0,4,17,True,192,1,81,337,3.37,0
1408,0,1,0,4,18,True,192,4,76,1100,11.0,0
1409,0,1,0,4,19,True,192,0,159,159,1.59,0
1410,0,1,0,4,20,True,192,2,102,614,6.14,0
1411,0,1,0,4,21,True,192,2,38,550,5.5,0
1412,0,1,0,4,22,True,192,15,241,4081,40.81,0
1413,0,1,0,4,23,True,192,0,81,81,0.81,0
1414,0,1,0,4,24,True,192,13,210,3538,35.38,0
1415,0,1,0,4,25,True,192,3,160,928,9.28,0
1416,0,1,0,4,26,True,192,4,136,1160,11.6,0
1417,0,1,0,4,27,True,192,5,196,1476,14.76,0
1418,0,1,0,4,28,True,192,3,160,928,9.28,0
1419,0,1,0,4,30,True,192,15,93,3933,39.33,0
1420,0,1,0,4,31,True,192,0,35,35,0.35,0
1421,0,1,0,4,32,True,192,11,50,2866,28.66,0
1422,0,1,0,4,33,True,192,15,249,4089,40.89,0
1423,0,1,0,4,34,True,192,14,62,3646,36.46,0
1424,0,1,0,4,22,False,99,1,73,329,3.29,0
1425,0,1,0,4,3,True,66,3,99,867,8.67,0
1426,0,1,0,4,13,False,65,8,116,2164,21.64,0
1427,0,1,0,3,2,False,3,3,0,768,7.68,0
1428,0,1,0,4,8,False,64,13,129,3457,34.57,0
1429,0,1,0,4,16,False,18,1,10,266,2.66,0
1430,0,1,0,4,7,False,64,6,116,1652,16.52,0
1431,0,1,31,5,4,False,133,1,10,266,2.66,233
1432,0,1,0,4,10,False,64,3,193,961,9.61,0
1433,0,1,0,4,11,False,64,15,118,3958,39.58,0
1434,0,1,0,4,12,False,64,3,100,868,8.68,0
1435,0,1,0,4,6,True,99,1,48,304,3.04,0
1436,0,1,0,4,15,True,64,6,95,1631,16.31,0
1437,0,1,0,4,16,True,64,11,184,3000,30.0,0
1438,0,1,0,4,17,True,64,1,131,387,3.87,0
1439,0,1,0,4,18,True,64,4,98,1122,11.22,0
1440,0,1,0,4,19,True,64,0,88,88,0.88,0
1441,0,1,0,4,20,True,64,3,52,820,8.2,0
1442,0,1,0,4,21,True,64,1,242,498,4.98,0
1443,0,1,0,4,22,True,64,0,1,1,0.01,0
1444,0,1,0,4,23,True,64,0,128,128,1.28,0
1445,0,1,0,4,24,True,64,14,65,3649,36.49,0
1446,0,1,0,4,25,True,64,3,127,895,8.95,0
1447,0,1,0,4,26,True,64,4,134,1158,11.58,0
1448,0,1,0,4,27,True,64,5,230,1510,15.1,0
1449,0,1,0,4,28,True,64,3,2,770,7.7,0
1450,0,1,0,4,30,True,64,15,7,3847,38.47,0
1451,0,1,0,4,31,True,64,0,10,10,0.1,0
1452,0,1,0,4,32,True,64,10,1,2561,25.61,168631300
1453,0,-1,-1,-1,-1,True,-1,-1,-1,-1,-1.0,-1
1454,0,-1,-1,-1,-1,True,-1,-1,-1,-1,-1.0,-1
1455,0,-1,-1,-1,-1,True,-1,-1,-1,-1,-1.0,-1
1456,0,-1,-1,-1,-1,True,-1,-1,-1,-1,-1.0,-1
1457,0,1,0,4,16,True,13,10,220,2780,27.8,0
1458,0,1,0,4,33,False,184,10,4,2564,25.64,0
1459,0,1,1,4,60,False,3,8,60,2108,21.08,0
1460,0,1,0,4,3,True,184,10,4,2564,25.64,0
1461,0,1,0,2,11,False,6,0,0,0,0.0,0
1462,0,1,22,0,0,False,0,0,0,0,0.0,0
1463,0,1,5,1,61,False,0,0,0,0,0.0,0
1464,0,1,0,4,4,False,5,13,13,3341,33.41,0
1465,0,1,12,6,29,False,249,10,60,2620,26.2,35844
1466,0,1,0,4,7,False,112,13,220,3548,35.48,0
1467,0,1,31,1,10,False,0,0,0,0,0.0,0
1468,0,1,0,4,10,False,206,1,80,336,3.36,0
1469,0,1,4,6,61,False,61,13,61,3389,33.89,15677
1470,0,1,0,4,27,False,55,4,94,1118,11.18,0
1471,0,1,0,4,20,True,55,4,73,1097,10.97,0
1472,0,1,0,4,25,False,83,4,140,1164,11.64,0
1473,0,1,31,0,0,False,0,0,0,0,0.0,0
1474,0,1,0,4,59,False,13,15,4,3844,38.44,0
1475,0,1,16,7,19,False,13,4,14,1038,10.38,16058807
1476,0,1,3,1,61,False,0,0,0,0,0.0,0
1477,0,1,0,4,33,False,124,10,4,2564,25.64,0
1478,0,1,1,6,6,True,4,3,108,876,8.76,41476
1479,0,1,15,4,10,False,4,0,173,173,1.73,0
1480,0,1,0,4,6,False,84,13,61,3389,33.89,0
1481,0,1,0,4,33,False,4,15,13,3853,38.53,0
1482,0,1,1,4,61,True,231,1,30,286,2.86,0
1483,0,1,0,4,10,True,231,1,9,265,2.65,0
1484,0,1,0,4,1,False,144,5,130,1410,14.1,0
1485,0,1,0,4,2,False,2,13,202,3530,35.3,0
1486,0,1,0,4,3,False,220,6,103,1639,16.39,0
1487,0,1,0,4,8,False,174,14,209,3793,37.93,0
1488,0,1,0,4,9,False,213,14,217,3801,38.01,0
1489,0,1,0,4,11,False,102,13,140,3468,34.68,0
1490,0,1,0,4,12,False,216,1,29,285,2.85,0
1491,0,1,0,4,15,False,164,9,158,2462,24.62,0
1492,0,1,0,4,16,False,5,11,45,2861,28.61,0
1493,0,1,0,4,17,False,229,9,9,2313,23.13,0
1494,0,1,0,4,18,False,57,9,60,2364,23.64,0
1495,0,1,0,4,19,False,75,5,125,1405,14.05,0
1496,0,1,0,4,20,False,113,12,62,3134,31.34,0
1497,0,1,0,4,21,False,159,8,80,2128,21.28,0
1498,0,1,0,4,22,False,209,6,249,1785,17.85,0
1499,0,1,0,4,23,False,63,5,100,1380,13.8,0
1500,0,1,0,4,24,False,153,4,129,1153,11.53,0
1501,0,1,0,4,25,False,239,13,91,3419,34.19,0
1502,0,1,0,4,13,False,234,9,254,2558,25.58,0
1503,0,1,0,4,26,False,136,15,233,4073,40.73,0
1504,0,1,0,4,27,False,238,10,179,2739,27.39,0
1505,0,1,0,4,28,False,213,1,86,342,3.42,0
1506,0,1,0,4,29,False,36,6,59,1595,15.95,0
1507,0,1,0,4,30,False,86,3,25,793,7.93,0
1508,0,1,0,4,31,False,7,5,156,1436,14.36,0
1509,0,1,0,4,32,False,166,9,226,2530,25.3,0
1510,0,1,0,4,33,False,206,7,73,1865,18.65,0
1511,0,1,0,4,3,True,7,0,7,7,0.07,0
1512,0,1,0,4,4,True,159,5,116,1396,13.96,0
1513,0,1,0,4,5,True,220,1,128,384,3.84,0
1514,0,1,0,4,6,True,36,0,129,129,1.29,0
1515,0,1,0,4,7,True,176,11,34,2850,28.5,0
1516,0,1,0,4,8,True,234,5,196,1476,14.76,0
1517,0,1,0,4,9,True,142,11,252,3068,30.68,0
1518,0,1,0,4,10,True,86,5,182,1462,14.62,0
1519,0,1,0,4,11,True,57,12,155,3227,32.27,0
1520,0,1,0,4,13,True,136,7,28,1820,18.2,0
1521,0,1,0,4,14,True,2,12,172,3244,32.44,0
1522,0,1,0,4,15,True,213,8,215,2263,22.63,0
1523,0,1,0,4,16,True,221,15,199,4039,40.39,0
1524,0,1,0,4,17,True,144,1,18,274,2.74,0
1525,0,1,0,4,18,True,102,13,142,3470,34.7,0
1526,0,1,0,4,19,True,244,5,217,1497,14.97,0
1527,0,1,0,4,20,True,95,12,82,3154,31.54,0
1528,0,1,0,4,21,True,230,15,97,3937,39.37,0
1529,0,1,0,4,22,True,112,4,236,1260,12.6,0
1530,0,1,0,4,23,True,91,0,229,229,2.29,0
1531,0,1,0,4,24,True,209,0,188,188,1.88,0
1532,0,1,0,4,25,True,209,4,244,1268,12.68,0
1533,0,1,0,4,26,True,238,7,237,2029,20.29,0
1534,0,1,0,4,27,True,117,15,147,3987,39.87,0
1535,0,1,0,4,28,True,13,0,185,185,1.85,0
1536,0,1,0,4,29,True,229,1,245,501,5.01,0
1537,0,1,0,4,30,True,206,11,40,2856,28.56,0
1538,0,1,0,4,31,True,173,7,168,1960,19.6,0
1539,0,1,0,4,32,True,103,11,88,2904,29.04,0
1540,0,1,0,4,33,True,48,5,230,1510,15.1,0
1541,0,1,0,4,34,True,164,3,39,807,8.07,0
1542,0,1,0,4,1,False,201,5,22,1302,13.02,0
1543,0,1,0,4,3,True,217,2,179,691,6.91,0
1544,0,1,0,4,13,False,215,8,237,2285,22.85,0
1545,0,1,0,4,16,False,216,4,222,1246,12.46,0
1546,0,1,0,4,8,False,214,13,144,3472,34.72,0
1547,0,1,0,4,4,False,18,7,9,1801,18.01,0
1548,0,1,0,4,14,False,11,4,143,1167,11.67,0
1549,0,1,14,2,6,False,152,0,0,0,0.0,0
1550,0,1,1,4,61,False,4,6,11,1547,15.47,0
1551,0,1,0,4,16,False,23,12,74,3146,31.46,0
1552,0,1,1,4,37,False,61,13,61,3389,33.89,0
1553,0,1,0,4,4,False,10,1,3,259,2.59,0
1554,0,1,18,5,1,False,199,4,2,1026,10.26,229
1555,0,1,1,2,18,True,12,0,0,0,0.0,0
1556,0,1,6,5,4,False,131,7,4,1796,17.96,3
1557,0,1,28,3,14,False,41,12,0,3072,30.72,0
1558,0,1,0,4,5,False,122,7,178,1970,19.7,0
1559,0,1,0,4,9,True,122,7,158,1950,19.5,0
1560,0,1,0,4,4,False,122,8,114,2162,21.62,0
1561,0,1,0,4,10,True,122,8,92,2140,21.4,0
1562,0,1,0,4,26,False,221,13,250,3578,35.78,0
1563,0,1,0,4,27,False,218,2,91,603,6.03,0
1564,0,1,0,4,25,False,218,4,117,1141,11.41,0
1565,0,1,0,4,6,True,218,4,100,1124,11.24,0
1566,0,-1,-1,-1,-1,True,-1,-1,-1,-1,-1.0,-1
1567,0,1,16,5,37,False,15,9,4,2308,23.08,15
1568,0,1,0,4,15,True,53,6,181,1717,17.17,0
1569,0,1,21,3,4,False,132,5,0,1280,12.8,0
1570,0,1,0,4,16,True,53,11,158,2974,29.74,0
1571,0,1,0,6,23,True,61,13,61,3389,33.89,15677
1572,0,67,0,0,0,False,0,0,10,10,0.1,899744769
1573,0,-1,-1,-1,-1,True,-1,-1,-1,-1,-1.0,-1
1574,0,-1,-1,-1,-1,True,-1,-1,-1,-1,-1.0,-1
1575,0,-1,-1,-1,-1,True,-1,-1,-1,-1,-1.0,-1
1576,0,-1,-1,-1,-1,True,-1,-1,-1,-1,-1.0,-1
1577,0,1,0,4,34,True,24,9,178,2482,24.82,0
1578,0,1,0,4,28,False,70,14,130,3714,37.14,0
1579,0,1,0,4,16,False,1,4,81,1105,11.05,0
1580,0,1,0,4,13,False,0,6,184,1720,17.2,0
1581,0,1,0,4,17,False,0,5,167,1447,14.47,0
1582,0,1,0,4,8,False,255,13,148,3476,34.76,0
1583,0,1,0,4,11,False,130,4,131,1155,11.55,0
1584,0,1,0,4,7,False,255,6,80,1616,16.16,0
1585,0,1,0,1,4,False,0,0,0,0,0.0,0
1586,0,1,0,4,10,False,255,3,160,928,9.28,0
1587,0,1,12,7,4,False,133,0,5,5,0.05,4013459
1588,0,1,0,4,19,False,42,7,151,1943,19.43,0
1589,0,1,0,4,31,True,42,7,135,1927,19.27,0
1590,0,1,0,4,17,False,118,7,237,2029,20.29,0
1591,0,1,0,4,31,True,118,7,222,2014,20.14,0
1592,0,1,0,4,11,False,9,8,255,2303,23.03,0
1593,0,1,0,4,10,True,9,8,235,2283,22.83,0
1594,0,1,0,4,33,False,132,14,31,3615,36.15,0
1595,0,1,0,4,29,True,132,14,12,3596,35.96,0
1596,0,1,0,4,14,True,4,1,60,316,3.16,0
1597,0,1,0,4,27,True,42,2,198,710,7.1,0
1598,0,1,0,4,0,False,148,10,127,2687,26.87,0
1599,0,1,0,4,22,False,42,4,184,1208,12.08,0
1600,0,1,0,4,2,False,166,8,146,2194,21.94,0
1601,0,1,0,4,4,False,161,13,61,3389,33.89,0
1602,0,-1,-1,-1,-1,True,-1,-1,-1,-1,-1.0,-1
1603,0,-1,-1,-1,-1,True,-1,-1,-1,-1,-1.0,-1
1604,0,-1,-1,-1,-1,True,-1,-1,-1,-1,-1.0,-1
1605,0,-1,-1,-1,-1,True,-1,-1,-1,-1,-1.0,-1
1606,0,1,0,4,9,False,46,4,179,1203,12.03,0
1607,0,1,0,4,10,False,133,9,40,2344,23.44,0
1608,0,1,0,4,11,False,10,0,57,57,0.57,0
1609,0,1,0,4,12,False,79,5,248,1528,15.28,0
1610,0,1,0,4,13,False,245,6,14,1550,15.5,0
1611,0,1,0,4,14,False,209,13,65,3393,33.93,0
1612,0,1,0,4,15,False,247,11,37,2853,28.53,0
1613,0,1,0,4,16,False,35,0,208,208,2.08,0
1614,0,1,0,4,17,False,99,14,227,3811,38.11,0
1615,0,1,0,4,18,False,133,3,180,948,9.48,0
1616,0,1,0,4,19,False,53,6,62,1598,15.98,0
1617,0,1,0,4,20,False,98,4,104,1128,11.28,0
1618,0,1,0,4,21,False,109,7,146,1938,19.38,0
1619,0,1,0,4,22,False,180,7,205,1997,19.97,0
1620,0,1,0,4,23,False,4,9,102,2406,24.06,0
1621,0,1,0,4,24,False,25,2,65,577,5.77,0
1622,0,1,0,4,25,False,104,7,134,1926,19.26,0
1623,0,1,0,4,26,False,182,7,201,1993,19.93,0
1624,0,1,0,4,27,False,104,12,179,3251,32.51,0
1625,0,1,0,4,28,False,76,11,177,2993,29.93,0
1626,0,1,0,4,29,False,38,7,201,1993,19.93,0
1627,0,1,0,4,30,False,123,10,159,2719,27.19,0
1628,0,1,0,4,31,False,78,4,255,1279,12.79,0
1629,0,1,0,4,32,False,129,12,93,3165,31.65,0
1630,0,1,0,4,33,False,90,15,227,4067,40.67,0
1631,0,1,0,4,3,True,235,15,64,3904,39.04,0
1632,0,1,0,4,4,True,95,10,253,2813,28.13,0
1633,0,1,0,4,5,True,123,3,137,905,9.05,0
1634,0,1,0,4,6,True,90,0,231,231,2.31,0
1635,0,1,0,4,7,True,210,15,21,3861,38.61,0
1636,0,1,0,4,8,True,29,12,46,3118,31.18,0
1637,0,1,0,4,9,True,212,0,197,197,1.97,0
1638,0,1,0,4,10,True,76,0,41,41,0.41,0
1639,0,1,0,4,11,True,157,15,167,4007,40.07,0
1640,0,1,0,4,12,True,133,8,90,2138,21.38,0
1641,0,1,0,4,13,True,21,10,191,2751,27.51,0
1642,0,1,0,4,14,True,16,10,27,2587,25.87,0
1643,0,1,0,4,15,True,26,12,43,3115,31.15,0
1644,0,1,0,4,16,True,97,15,187,4027,40.27,0
1645,0,1,0,4,17,True,69,5,211,1491,14.91,0
1646,0,1,0,4,18,True,154,12,191,3263,32.63,0
1647,0,1,0,4,19,True,227,2,192,704,7.04,0
1648,0,1,0,4,20,True,253,5,70,1350,13.5,0
1649,0,1,0,4,21,True,104,8,200,2248,22.48,0
1650,0,1,0,4,22,True,104,6,40,1576,15.76,0
1651,0,1,0,4,23,True,8,11,191,3007,30.07,0
1652,0,1,0,4,24,True,116,0,189,189,1.89,0
1653,0,1,0,4,25,True,164,10,93,2653,26.53,0
1654,0,1,0,4,26,True,91,1,0,256,2.56,0
1655,0,1,0,4,27,True,133,11,48,2864,28.64,0
1656,0,1,0,4,28,True,208,14,192,3776,37.76,0
1657,0,1,0,4,29,True,38,7,143,1935,19.35,0
1658,0,1,0,4,30,True,46,11,50,2866,28.66,0
1659,0,1,0,4,31,True,171,7,7,1799,17.99,0
1660,0,1,0,4,32,True,161,10,89,2649,26.49,0
1661,0,1,0,4,33,True,77,0,142,142,1.42,0
1662,0,1,0,4,34,True,24,7,85,1877,18.77,0
1663,0,1,0,4,30,False,45,11,32,2848,28.48,0
1664,0,1,0,4,3,True,189,4,8,1032,10.32,0
1665,0,1,0,4,13,False,187,8,98,2146,21.46,0
1666,0,1,0,4,16,False,188,6,28,1564,15.64,0
1667,0,1,0,4,8,False,186,13,119,3447,34.47,0
1668,0,1,0,4,6,False,51,4,18,1042,10.42,0
1669,0,1,0,4,7,False,186,6,118,1654,16.54,0
1670,0,1,23,3,6,False,11,4,0,1024,10.24,0
1671,0,1,0,4,10,False,186,3,171,939,9.39,0
1672,0,1,16,5,59,True,6,13,61,3389,33.89,61
1673,0,1,0,4,31,False,247,4,15,1039,10.39,0
1674,0,1,11,5,1,False,27,7,2,1794,17.94,4
1675,0,1,20,2,55,True,6,0,0,0,0.0,0
1676,0,1,29,3,61,False,61,13,0,3328,33.28,0
1677,0,1,0,4,8,False,137,4,19,1043,10.43,0
1678,0,1,12,0,0,False,0,0,0,0,0.0,0
1679,0,1,0,1,28,True,0,0,0,0,0.0,0
1680,0,1,1,6,51,False,4,8,137,2185,21.85,8206
1681,0,1,0,4,4,False,178,14,29,3613,36.13,0
1682,0,1,0,4,5,False,80,3,216,984,9.84,0
1683,0,1,0,4,12,False,4,12,17,3089,30.89,0
1684,0,1,0,4,15,False,82,6,82,1618,16.18,0
1685,0,1,0,4,16,False,204,15,137,3977,39.77,0
1686,0,1,0,4,19,False,204,8,255,2303,23.03,0
1687,0,1,0,4,20,False,106,5,147,1427,14.27,0
1688,0,1,0,4,21,False,206,1,161,417,4.17,0
1689,0,1,0,4,22,False,228,5,37,1317,13.17,0
1690,0,1,0,4,23,False,30,8,175,2223,22.23,0
1691,0,1,0,4,24,False,26,11,252,3068,30.68,0
1692,0,1,0,4,25,False,30,11,99,2915,29.15,0
1693,0,1,0,4,26,False,215,10,147,2707,27.07,0
1694,0,1,0,4,27,False,149,0,34,34,0.34,0
1695,0,1,0,4,28,False,35,15,30,3870,38.7,0
1696,0,1,0,4,29,False,62,2,223,735,7.35,0
1697,0,1,0,4,30,False,18,0,25,25,0.25,0
1698,0,1,0,4,31,False,18,10,215,2775,27.75,0
1699,0,1,0,4,32,False,133,6,153,1689,16.89,0
1700,0,1,0,4,33,False,107,13,98,3426,34.26,0
1701,0,1,0,4,3,True,229,2,67,579,5.79,0
1702,0,1,0,4,4,True,104,2,101,613,6.13,0
1703,0,1,0,4,5,True,4,10,107,2667,26.67,0
1704,0,1,0,4,6,True,93,13,229,3557,35.57,0
1705,0,1,0,4,7,True,18,15,81,3921,39.21,0
1706,0,1,0,4,8,True,82,0,201,201,2.01,0
1707,0,1,0,4,9,True,93,6,33,1569,15.69,0
1708,0,1,0,4,10,True,133,8,215,2263,22.63,0
1709,0,1,0,4,11,True,30,4,230,1254,12.54,0
1710,0,1,0,4,12,True,102,13,126,3454,34.54,0
1711,0,1,0,4,13,True,241,14,69,3653,36.53,0
1712,0,1,0,4,14,True,248,0,102,102,1.02,0
1713,0,1,0,4,15,True,47,6,75,1611,16.11,0
1714,0,1,0,4,16,True,206,10,93,2653,26.53,0
1715,0,1,0,4,17,True,237,11,30,2846,28.46,0
1716,0,1,0,4,18,True,186,4,200,1224,12.24,0
1717,0,1,0,4,19,True,149,13,42,3370,33.7,0
1718,0,1,0,4,20,True,35,0,170,170,1.7,0
1719,0,1,0,4,21,True,35,6,11,1547,15.47,0
1720,0,1,0,4,22,True,35,6,231,1767,17.67,0
1721,0,1,0,4,23,True,178,13,86,3414,34.14,0
1722,0,1,0,4,24,True,55,14,246,3830,38.3,0
1723,0,1,0,4,25,True,18,12,201,3273,32.73,0
1724,0,1,0,4,26,True,216,2,18,530,5.3,0
1725,0,1,0,4,27,True,239,10,101,2661,26.61,0
1726,0,1,0,4,28,True,106,9,216,2520,25.2,0
1727,0,1,0,4,29,True,30,2,179,691,6.91,0
1728,0,1,0,4,30,True,104,0,198,198,1.98,0
1729,0,1,0,4,31,True,18,5,87,1367,13.67,0
1730,0,1,0,4,32,True,239,10,1,2561,25.61,154603780
1731,0,-1,-1,-1,-1,True,-1,-1,-1,-1,-1.0,-1
1732,0,-1,-1,-1,-1,True,-1,-1,-1,-1,-1.0,-1
1733,0,-1,-1,-1,-1,True,-1,-1,-1,-1,-1.0,-1
1734,0,-1,-1,-1,-1,True,-1,-1,-1,-1,-1.0,-1
1735,0,1,0,4,5,True,55,9,146,2450,24.5,0
1736,0,1,0,4,29,False,225,4,12,1036,10.36,0
1737,0,1,31,2,3,False,84,0,0,0,0.0,0
1738,0,1,1,6,42,True,4,5,225,1505,15.05,38158
1739,0,1,0,4,3,False,81,12,17,3089,30.89,0
1740,0,1,0,4,9,False,31,7,108,1900,19.0,0
1741,0,1,0,4,13,False,251,1,62,318,3.18,0
1742,0,1,0,4,14,False,253,14,136,3720,37.2,0
1743,0,1,0,4,15,False,206,10,17,2577,25.77,0
1744,0,1,0,4,16,False,205,1,99,355,3.55,0
1745,0,1,0,4,17,False,168,1,123,379,3.79,0
1746,0,1,0,4,18,False,214,0,143,143,1.43,0
1747,0,1,0,4,19,False,104,6,47,1583,15.83,0
1748,0,1,0,4,20,False,51,12,116,3188,31.88,0
1749,0,1,0,4,21,False,175,9,198,2502,25.02,0
1750,0,1,0,4,22,False,172,11,93,2909,29.09,0
1751,0,1,0,4,23,False,97,10,187,2747,27.47,0
1752,0,1,0,4,24,False,244,15,6,3846,38.46,0
1753,0,1,0,4,26,False,91,6,238,1774,17.74,0
1754,0,1,0,4,27,False,247,3,106,874,8.74,0
1755,0,1,0,4,28,False,159,2,171,683,6.83,0
1756,0,1,0,4,29,False,138,13,215,3543,35.43,0
1757,0,1,0,4,30,False,122,1,54,310,3.1,0
1758,0,1,0,4,31,False,24,9,218,2522,25.22,0
1759,0,1,0,4,32,False,2,10,208,2768,27.68,0
1760,0,1,0,4,33,False,217,3,199,967,9.67,0
1761,0,1,0,4,3,True,172,11,1,2817,28.17,0
1762,0,1,0,4,4,True,183,0,178,178,1.78,0
1763,0,1,0,4,5,True,251,1,219,475,4.75,0
1764,0,1,0,4,6,True,97,15,74,3914,39.14,0
1765,0,1,0,4,7,True,122,10,187,2747,27.47,0
1766,0,1,0,4,8,True,244,3,135,903,9.03,0
1767,0,1,0,4,9,True,217,5,83,1363,13.63,0
1768,0,1,0,4,10,True,253,14,115,3699,36.99,0
1769,0,1,0,4,11,True,105,6,249,1785,17.85,0
1770,0,1,0,4,13,True,94,0,169,169,1.69,0
1771,0,1,0,4,15,True,166,4,99,1123,11.23,0
1772,0,1,0,4,16,True,47,9,238,2542,25.42,0
1773,0,1,0,4,17,True,228,14,64,3648,36.48,0
1774,0,1,0,4,18,True,205,12,168,3240,32.4,0
1775,0,1,0,4,19,True,175,2,198,710,7.1,0
1776,0,1,0,4,20,True,138,3,165,933,9.33,0
1777,0,1,0,4,21,True,8,11,134,2950,29.5,0
1778,0,1,0,4,22,True,214,3,93,861,8.61,0
1779,0,1,0,4,23,True,250,0,138,138,1.38,0
1780,0,1,0,4,24,True,250,14,13,3597,35.97,0
1781,0,1,0,4,25,True,159,4,182,1206,12.06,0
1782,0,1,0,4,26,True,25,10,101,2661,26.61,0
1783,0,1,0,4,27,True,250,5,157,1437,14.37,0
1784,0,1,0,4,28,True,250,2,225,737,7.37,0
1785,0,1,0,4,30,True,63,13,131,3459,34.59,0
1786,0,1,0,4,31,True,80,12,69,3141,31.41,0
1787,0,1,0,4,32,True,2,1,99,355,3.55,0
1788,0,1,0,4,33,True,168,10,178,2738,27.38,0
1789,0,1,0,4,24,False,51,2,183,695,6.95,0
1790,0,1,0,4,34,True,24,9,208,2512,25.12,0
1791,0,1,0,4,21,True,51,2,166,678,6.78,0
1792,0,1,0,4,16,False,37,2,216,728,7.28,0
1793,0,1,0,4,8,False,59,4,17,1041,10.41,0
1794,0,1,4,4,4,False,108,4,8,1032,10.32,0
1795,0,1,31,2,13,False,176,0,0,0,0.0,0
1796,0,1,0,4,18,False,35,10,74,2634,26.34,0
1797,0,1,0,4,7,False,34,6,95,1631,16.31,0
1798,0,1,0,4,2,True,4,5,35,1315,13.15,0
1799,0,1,0,4,10,False,35,3,177,945,9.45,0
1800,0,1,1,2,23,False,61,0,0,0,0.0,0
1801,0,1,0,4,15,True,143,0,91,91,0.91,0
1802,0,1,0,4,21,False,141,12,147,3219,32.19,0
1803,0,1,0,4,14,True,141,12,127,3199,31.99,0
1804,0,-1,-1,-1,-1,True,-1,-1,-1,-1,-1.0,-1
1805,0,-1,-1,-1,-1,True,-1,-1,-1,-1,-1.0,-1
1806,0,-1,-1,-1,-1,True,-1,-1,-1,-1,-1.0,-1
1807,0,-1,-1,-1,-1,True,-1,-1,-1,-1,-1.0,-1
1808,0,1,0,4,25,False,91,7,87,1879,18.79,0
1809,0,1,0,4,26,False,221,2,11,523,5.23,0
1810,0,1,0,4,27,False,78,11,134,2950,29.5,0
1811,0,1,0,4,28,False,114,2,60,572,5.72,0
1812,0,1,0,4,29,False,73,7,45,1837,18.37,0
1813,0,1,0,4,30,False,152,15,99,3939,39.39,0
1814,0,1,0,4,31,False,240,0,138,138,1.38,0
1815,0,1,0,4,32,False,98,11,188,3004,30.04,0
1816,0,1,0,4,33,False,68,0,13,13,0.13,0
1817,0,1,0,4,4,True,98,3,15,783,7.83,0
1818,0,1,0,4,5,True,78,8,51,2099,20.99,0
1819,0,1,0,4,6,True,230,0,215,215,2.15,0
1820,0,1,0,4,7,True,183,3,202,970,9.7,0
1821,0,1,0,4,8,True,129,14,229,3813,38.13,0
1822,0,1,0,4,9,True,223,3,146,914,9.14,0
1823,0,1,0,4,10,True,69,0,54,54,0.54,0
1824,0,1,0,4,11,True,68,0,3,3,0.03,0
1825,0,1,0,4,12,True,137,5,11,1291,12.91,0
1826,0,1,0,4,13,True,73,10,133,2693,26.93,0
1827,0,1,0,4,14,True,114,8,164,2212,22.12,0
1828,0,1,0,4,15,True,16,12,24,3096,30.96,0
1829,0,1,0,4,16,True,90,12,253,3325,33.25,0
1830,0,1,0,4,17,True,9,2,95,607,6.07,0
1831,0,1,0,4,18,True,91,0,80,80,0.8,0
1832,0,1,0,4,19,True,240,15,190,4030,40.3,0
1833,0,1,0,4,20,True,176,0,215,215,2.15,0
1834,0,1,0,4,21,True,93,8,168,2216,22.16,0
1835,0,1,0,4,22,True,96,8,239,2287,22.87,0
1836,0,1,0,4,23,True,159,1,103,359,3.59,0
1837,0,1,0,4,24,True,148,5,44,1324,13.24,0
1838,0,1,0,4,25,True,119,3,84,852,8.52,0
1839,0,1,0,4,26,True,119,4,104,1128,11.28,0
1840,0,1,0,4,27,True,119,5,96,1376,13.76,0
1841,0,1,0,4,28,True,41,14,146,3730,37.3,0
1842,0,1,0,4,30,True,152,11,67,2883,28.83,0
1843,0,1,0,4,31,True,152,5,214,1494,14.94,0
1844,0,1,0,4,32,True,119,11,47,2863,28.63,0
1845,0,1,0,4,33,True,119,0,6,6,0.06,0
1846,0,1,0,4,34,True,44,14,191,3775,37.75,0
1847,0,1,0,4,26,False,20,10,5,2565,25.65,0
1848,0,1,0,4,17,False,98,5,10,1290,12.9,0
1849,0,1,0,4,13,False,97,8,167,2215,22.15,0
1850,0,1,0,4,16,True,98,4,246,1270,12.7,0
1851,0,1,0,4,8,False,96,13,204,3532,35.32,0
1852,0,1,0,4,32,False,10,7,4,1796,17.96,0
1853,0,1,0,4,7,False,96,6,223,1759,17.59,0
1854,0,1,16,5,61,False,61,13,61,3389,33.89,61
1855,0,1,0,4,31,False,1,4,4,1028,10.28,0
1856,0,1,20,3,3,False,16,4,0,1024,10.24,0
1857,0,1,22,1,13,False,0,0,0,0,0.0,0
1858,0,1,0,3,54,False,7,13,0,3328,33.28,0
1859,0,1,6,1,4,False,0,0,0,0,0.0,0
1860,0,1,0,4,5,False,181,4,62,1086,10.86,0
1861,0,1,17,7,49,True,13,12,61,3133,31.33,4013373
1862,0,1,0,4,23,False,19,12,10,3082,30.82,0
1863,0,1,0,4,30,True,18,11,246,3062,30.62,0
1864,0,1,0,4,5,True,91,4,4,1028,10.28,0
1865,0,1,2,1,5,True,0,0,0,0,0.0,0
1866,0,1,1,0,0,False,0,0,0,0,0.0,0
1867,0,1,30,3,33,True,4,4,0,1024,10.24,0
1868,0,1,0,1,52,True,0,0,0,0,0.0,0
1869,0,1,1,4,36,False,3,11,6,2822,28.22,0
1870,0,1,30,7,4,False,10,10,13,2573,25.73,8651881
1871,0,1,28,1,61,False,0,0,0,0,0.0,0
1872,0,1,0,4,28,False,4,11,254,3070,30.7,0
1873,0,1,0,3,2,True,201,13,0,3328,33.28,0
1874,0,1,0,4,1,False,38,2,103,615,6.15,0
1875,0,1,23,1,4,False,0,0,0,0,0.0,0
1876,0,1,0,4,2,False,38,0,49,49,0.49,0
1877,0,1,17,4,8,True,13,3,61,829,8.29,0
1878,0,1,0,4,4,False,3,12,7,3079,30.79,0
1879,0,1,23,6,29,False,241,10,103,2663,26.63,35076
1880,0,1,0,4,7,False,153,12,202,3274,32.74,0
1881,0,1,30,1,10,False,0,0,0,0,0.0,0
1882,0,1,0,4,12,False,30,4,233,1257,12.57,0
1883,0,1,10,2,61,False,61,0,0,0,0.0,0
1884,0,-1,-1,-1,-1,True,-1,-1,-1,-1,-1.0,-1
1885,0,-1,-1,-1,-1,True,-1,-1,-1,-1,-1.0,-1
1886,0,-1,-1,-1,-1,True,-1,-1,-1,-1,-1.0,-1
1887,0,-1,-1,-1,-1,True,-1,-1,-1,-1,-1.0,-1
1888,0,-1,-1,-1,-1,True,-1,-1,-1,-1,-1.0,-1
1889,0,1,0,4,13,True,204,0,210,210,2.1,0
1890,0,1,0,4,14,True,151,12,245,3317,33.17,0
1891,0,1,0,4,15,True,240,15,199,4039,40.39,0
1892,0,1,0,4,16,True,238,10,61,2621,26.21,0
1893,0,1,0,4,17,True,64,11,163,2979,29.79,0
1894,0,1,0,4,18,True,38,8,92,2140,21.4,0
1895,0,1,0,4,19,True,58,3,254,1022,10.22,0
1896,0,1,0,4,20,True,48,14,55,3639,36.39,0
1897,0,1,0,4,21,True,136,15,199,4039,40.39,0
1898,0,1,0,4,22,True,84,15,88,3928,39.28,0
1899,0,1,0,4,23,True,193,4,38,1062,10.62,0
1900,0,1,0,4,24,True,109,0,234,234,2.34,0
1901,0,1,0,4,25,True,60,14,116,3700,37.0,0
1902,0,1,0,4,26,True,49,8,235,2283,22.83,0
1903,0,1,0,4,27,True,120,13,11,3339,33.39,0
1904,0,1,0,4,28,True,80,8,112,2160,21.6,0
1905,0,1,0,4,29,True,114,14,108,3692,36.92,0
1906,0,1,0,4,30,True,175,9,200,2504,25.04,0
1907,0,1,0,4,31,True,95,12,51,3123,31.23,0
1908,0,1,0,4,32,True,95,4,150,1174,11.74,0
1909,0,1,0,4,33,True,218,7,73,1865,18.65,0
1910,0,1,0,4,34,True,104,14,105,3689,36.89,0
1911,0,1,0,4,33,False,107,0,75,75,0.75,0
1912,0,1,0,4,13,False,61,8,44,2092,20.92,0
1913,0,1,0,4,3,True,63,2,183,695,6.95,0
1914,0,1,0,4,8,False,59,14,209,3793,37.93,0
1915,0,1,0,4,5,False,106,4,17,1041,10.41,0
1916,0,1,0,4,10,False,60,3,95,863,8.63,0
1917,0,1,7,6,11,False,170,4,132,1156,11.56,2877
1918,0,1,0,4,7,False,59,11,159,2975,29.75,0
1919,0,1,18,6,4,False,144,14,4,3588,35.88,15755
1920,0,1,0,4,33,False,7,4,192,1216,12.16,0
1921,0,1,0,4,10,True,7,4,170,1194,11.94,0
1922,0,1,0,4,4,False,10,1,3,259,2.59,0
1923,0,1,26,7,33,False,12,4,11,1035,10.35,15077249
1924,0,1,0,4,2,False,226,4,17,1041,10.41,0
1925,0,1,6,5,4,False,49,7,126,1918,19.18,4
1926,0,1,17,0,0,False,0,0,0,0,0.0,0
1927,0,1,28,2,7,False,101,0,0,0,0.0,0
1928,0,-1,-1,-1,-1,True,-1,-1,-1,-1,-1.0,-1
1929,0,-1,-1,-1,-1,True,-1,-1,-1,-1,-1.0,-1
1930,0,-1,-1,-1,-1,True,-1,-1,-1,-1,-1.0,-1
1931,0,-1,-1,-1,-1,True,-1,-1,-1,-1,-1.0,-1
1932,0,-1,-1,-1,-1,True,-1,-1,-1,-1,-1.0,-1
1933,0,-1,-1,-1,-1,True,-1,-1,-1,-1,-1.0,-1
1934,0,1,0,4,32,True,51,11,80,2896,28.96,0
1935,0,1,0,4,33,True,52,15,228,4068,40.68,0
1936,0,1,0,4,34,True,52,14,128,3712,37.12,0
1937,0,1,0,4,20,False,3,9,168,2472,24.72,0
1938,0,1,0,4,17,False,128,3,114,882,8.82,0
1939,0,1,0,4,13,False,127,9,75,2379,23.79,0
1940,0,1,0,4,16,True,128,3,94,862,8.62,0
1941,0,1,0,4,8,False,126,13,159,3487,34.87,0
1942,0,1,0,4,4,False,133,15,10,3850,38.5,0
1943,0,1,0,4,7,False,126,6,204,1740,17.4,0
1944,0,1,28,2,61,False,61,0,0,0,0.0,0
1945,0,1,0,4,4,False,9,15,13,3853,38.53,0
1946,0,1,27,6,33,False,169,4,3,1027,10.27,440
1947,0,1,12,6,10,False,212,4,4,1028,10.28,36100
1948,0,1,1,0,0,False,0,0,0,0,0.0,0
1949,0,1,2,3,3,True,169,10,0,2560,25.6,0
1950,0,1,0,4,2,False,231,4,16,1040,10.4,0
1951,0,1,12,7,10,False,16,10,248,2808,28.08,66564
1952,0,1,2,4,13,False,248,8,4,2052,20.52,0
1953,0,1,1,4,14,False,14,13,231,3559,35.59,0
1954,0,1,1,2,31,True,61,0,0,0,0.0,0
1955,0,36,0,0,0,False,0,0,10,10,0.1,3953198081
1956,0,-1,-1,-1,-1,True,-1,-1,-1,-1,-1.0,-1
1957,0,-1,-1,-1,-1,True,-1,-1,-1,-1,-1.0,-1
1958,0,-1,-1,-1,-1,True,-1,-1,-1,-1,-1.0,-1
1959,0,1,0,4,34,True,235,0,174,174,1.74,0
1960,0,1,0,4,25,False,22,14,144,3728,37.28,0
1961,0,1,0,2,34,True,0,0,0,0,0.0,0
1962,0,1,0,4,13,False,209,7,103,1895,18.95,0
1963,0,1,0,1,4,False,0,0,0,0,0.0,0
1964,0,1,0,4,8,False,208,13,169,3497,34.97,0
1965,0,1,0,2,4,False,39,0,0,0,0.0,0
1966,0,1,0,4,7,False,208,6,34,1570,15.7,0
1967,0,1,0,4,10,False,4,4,210,1234,12.34,0
1968,0,1,0,4,10,False,208,3,155,923,9.23,0
1969,0,1,0,4,55,False,4,0,210,210,2.1,0
1970,0,1,0,4,11,False,208,15,184,4024,40.24,0
1971,0,1,0,4,61,False,61,13,61,3389,33.89,0
1972,0,1,0,4,10,False,3,4,195,1219,12.19,0
1973,0,1,0,4,6,True,3,4,174,1198,11.98,0
1974,0,1,0,4,4,False,2,11,4,2820,28.2,0
1975,0,1,5,4,20,False,88,15,169,4009,40.09,0
1976,0,1,0,4,4,False,4,12,10,3082,30.82,0
1977,0,1,13,1,13,True,0,0,0,0,0.0,0
1978,0,1,11,0,0,False,0,0,0,0,0.0,0
1979,0,1,1,7,17,True,61,13,61,3389,33.89,4013373
1980,0,1,0,4,33,False,55,14,69,3653,36.53,0
1981,0,1,0,4,7,True,54,14,50,3634,36.34,0
1982,0,1,0,4,4,False,11,10,15,2575,25.75,0
1983,0,1,23,0,0,False,0,0,0,0,0.0,0
1984,0,1,4,1,40,False,0,0,0,0,0.0,0
1985,0,1,0,4,6,False,104,3,229,997,9.97,0
1986,0,1,1,4,14,True,4,7,103,1895,18.95,0
1987,0,1,0,4,12,False,250,2,146,658,6.58,0
1988,0,1,1,4,61,False,61,13,61,3389,33.89,0
1989,0,1,0,4,4,False,12,9,2,2306,23.06,0
1990,0,1,29,1,27,False,0,0,0,0,0.0,0
1991,0,1,22,3,10,False,1,4,0,1024,10.24,0
1992,0,1,1,7,61,False,7,5,4,1284,12.84,766749
1993,0,1,6,1,4,False,0,0,0,0,0.0,0
1994,0,1,2,1,32,True,0,0,0,0,0.0,0
1995,0,1,12,3,4,False,11,12,0,3072,30.72,0
1996,0,1,0,4,4,True,4,2,224,736,7.36,0
1997,0,1,0,1,34,True,0,0,0,0,0.0,0
1998,0,1,22,3,61,False,61,13,0,3328,33.28,0
1999,0,1,0,4,4,False,23,9,14,2318,23.18,0
2000,0,1,18,7,33,False,181,4,0,1024,10.24,6947378
2001,0,1,1,5,28,False,4,3,181,949,9.49,13
2002,0,1,0,4,20,False,188,11,60,2876,28.76,0
2003,0,1,4,0,0,False,0,0,0,0,0.0,0
2004,0,1,0,4,23,False,232,13,169,3497,34.97,0
2005,0,1,22,5,8,False,58,4,133,1157,11.57,61
2006,0,1,0,4,33,False,88,1,234,490,4.9,0
2007,0,1,0,4,4,False,5,8,14,2062,20.62,0
2008,0,1,14,3,34,True,88,1,0,256,2.56,0
2009,0,1,0,4,0,False,131,10,143,2703,27.03,0
2010,0,1,26,3,61,False,61,13,0,3328,33.28,0
2011,0,-1,-1,-1,-1,True,-1,-1,-1,-1,-1.0,-1
2012,0,-1,-1,-1,-1,True,-1,-1,-1,-1,-1.0,-1
2013,0,-1,-1,-1,-1,True,-1,-1,-1,-1,-1.0,-1
2014,0,-1,-1,-1,-1,True,-1,-1,-1,-1,-1.0,-1
2015,0,1,0,4,33,True,255,15,223,4063,40.63,0
2016,0,1,0,4,34,True,187,8,236,2284,22.84,0
2017,0,1,0,4,27,False,63,14,41,3625,36.25,0
2018,0,1,0,4,3,True,247,3,97,865,8.65,0
2019,0,1,0,4,13,False,245,9,128,2432,24.32,0
2020,0,1,0,4,16,False,246,4,181,1205,12.05,0
2021,0,1,0,4,8,False,244,13,134,3462,34.62,0
2022,0,1,0,4,4,False,18,4,11,1035,10.35,0
2023,0,1,0,4,7,False,244,6,219,1755,17.55,0
2024,0,1,7,7,4,False,133,4,11,1035,10.35,4013355
2025,0,-1,-1,-1,-1,True,-1,-1,-1,-1,-1.0,-1
2026,0,-1,-1,-1,-1,True,-1,-1,-1,-1,-1.0,-1
2027,0,-1,-1,-1,-1,True,-1,-1,-1,-1,-1.0,-1
2028,0,-1,-1,-1,-1,True,-1,-1,-1,-1,-1.0,-1
2029,0,-1,-1,-1,-1,True,-1,-1,-1,-1,-1.0,-1
2030,0,-1,-1,-1,-1,True,-1,-1,-1,-1,-1.0,-1
2031,0,1,0,4,3,True,190,7,176,1968,19.68,0
2032,0,1,0,4,4,True,121,0,188,188,1.88,0
2033,0,1,0,4,6,True,69,4,12,1036,10.36,0
2034,0,1,0,4,7,True,76,5,101,1381,13.81,0
2035,0,1,0,4,9,True,197,15,21,3861,38.61,0
2036,0,1,0,4,10,True,9,13,67,3395,33.95,0
2037,0,1,0,4,12,True,243,11,202,3018,30.18,0
2038,0,1,0,4,13,True,28,9,129,2433,24.33,0
2039,0,1,0,4,14,True,29,7,29,1821,18.21,0
2040,0,1,0,4,15,True,139,0,252,252,2.52,0
2041,0,1,0,4,16,True,22,10,24,2584,25.84,0
2042,0,1,0,4,17,True,244,1,110,366,3.66,0
2043,0,1,0,4,18,True,125,11,47,2863,28.63,0
2044,0,1,0,4,19,True,103,5,29,1309,13.09,0
2045,0,1,0,4,20,True,244,2,162,674,6.74,0
2046,0,1,0,4,21,True,211,10,237,2797,27.97,0
2047,0,1,0,4,22,True,208,11,246,3062,30.62,0
2048,0,1,0,4,23,True,93,12,54,3126,31.26,0
2049,0,1,0,4,24,True,93,0,118,118,1.18,0
2050,0,1,0,4,25,True,93,15,25,3865,38.65,0
2051,0,1,0,4,26,True,244,9,70,2374,23.74,0
2052,0,1,0,4,27,True,20,11,72,2888,28.88,0
2053,0,1,0,4,28,True,120,10,31,2591,25.91,0
2054,0,1,0,4,30,True,244,15,3,3843,38.43,0
2055,0,1,0,4,31,True,38,1,242,498,4.98,0
2056,0,1,0,4,32,True,38,10,243,2803,28.03,0
2057,0,1,0,4,33,True,244,15,156,3996,39.96,0
2058,0,1,0,4,34,True,244,13,183,3511,35.11,0
2059,0,1,0,4,32,True,253,1,60,316,3.16,0
2060,0,1,0,4,30,False,169,10,70,2630,26.3,0
2061,0,1,0,4,15,False,253,4,221,1245,12.45,0
2062,0,1,0,4,8,False,248,13,117,3445,34.45,0
2063,0,1,0,4,16,False,250,5,112,1392,13.92,0
2064,0,1,0,4,7,False,248,6,215,1751,17.51,0
2065,0,1,0,4,18,False,249,11,153,2969,29.69,0
2066,0,1,0,4,10,False,248,3,155,923,9.23,0
2067,0,1,0,4,4,True,250,5,91,1371,13.71,0
2068,0,1,0,4,11,False,248,15,148,3988,39.88,0
2069,0,1,0,4,16,True,250,5,50,1330,13.3,0
2070,0,1,0,4,12,False,248,3,94,862,8.62,0
2071,0,1,0,4,13,False,249,6,216,1752,17.52,0
2072,0,1,0,4,15,True,248,6,194,1730,17.3,0
2073,0,1,0,4,16,True,248,11,232,3048,30.48,0
2074,0,1,0,4,17,True,248,1,94,350,3.5,0
2075,0,1,0,4,18,True,248,4,173,1197,11.97,0
2076,0,1,0,4,19,True,248,0,109,109,1.09,0
2077,0,1,0,4,20,True,248,2,137,649,6.49,0
2078,0,1,0,4,21,True,249,2,134,646,6.46,0
2079,0,1,0,4,22,True,248,0,59,59,0.59,0
2080,0,1,0,4,23,True,248,0,178,178,1.78,0
2081,0,1,0,4,24,True,248,14,46,3630,36.3,0
2082,0,1,0,4,25,True,248,3,86,854,8.54,0
2083,0,1,0,4,26,True,248,4,231,1255,12.55,0
2084,0,1,0,4,27,True,248,5,233,1513,15.13,0
2085,0,1,0,4,28,True,248,3,222,990,9.9,0
2086,0,1,0,4,29,True,169,10,44,2604,26.04,0
2087,0,1,0,4,30,True,248,15,89,3929,39.29,0
2088,0,1,0,4,31,True,248,0,13,13,0.13,0
2089,0,1,0,4,32,True,248,11,97,2913,29.13,0
2090,0,1,0,4,33,True,248,15,232,4072,40.72,0
2091,0,1,0,4,34,True,248,14,72,3656,36.56,0
2092,0,1,0,4,13,False,22,14,139,3723,37.23,0
2093,0,1,0,4,16,False,23,2,217,729,7.29,0
2094,0,1,0,4,14,True,143,10,104,2664,26.64,0
2095,0,1,0,4,17,False,23,4,237,1261,12.61,0
2096,0,1,0,4,8,False,21,13,155,3483,34.83,0
2097,0,1,0,4,4,False,131,8,2,2050,20.5,0
2098,0,1,0,4,7,False,21,6,128,1664,16.64,0
2099,0,1,15,3,4,False,133,6,0,1536,15.36,0
2100,0,1,0,4,10,False,21,3,223,991,9.91,0
2101,0,1,1,2,32,True,61,0,0,0,0.0,0
2102,0,1,0,4,4,False,11,5,15,1295,12.95,0
2103,0,1,22,0,0,False,0,0,0,0,0.0,0
2104,0,1,0,5,58,False,15,6,4,1540,15.4,144
2105,0,1,0,4,6,False,146,1,245,501,5.01,0
2106,0,1,7,2,15,False,99,0,0,0,0.0,0
2107,0,1,0,4,7,False,10,1,226,482,4.82,0
2108,0,1,0,4,12,False,223,5,224,1504,15.04,0
2109,0,1,0,4,19,False,223,2,249,761,7.61,0
2110,0,1,0,4,20,False,91,9,233,2537,25.37,0
2111,0,1,0,4,22,False,198,5,205,1485,14.85,0
2112,0,1,0,4,25,False,116,2,253,765,7.65,0
2113,0,1,0,4,27,False,88,15,125,3965,39.65,0
2114,0,1,0,4,28,False,86,4,14,1038,10.38,0
2115,0,1,0,4,30,False,147,1,41,297,2.97,0
2116,0,1,0,4,31,False,130,12,82,3154,31.54,0
2117,0,1,0,4,32,False,234,13,222,3550,35.5,0
2118,0,1,0,4,5,True,146,1,225,481,4.81,0
2119,0,1,0,4,6,True,116,2,234,746,7.46,0
2120,0,1,0,4,8,True,29,12,152,3224,32.24,0
2121,0,1,0,4,9,True,29,7,109,1901,19.01,0
2122,0,1,0,4,10,True,218,1,228,484,4.84,0
2123,0,1,0,4,11,True,157,4,112,1136,11.36,0
2124,0,1,0,4,12,True,129,0,186,186,1.86,0
2125,0,1,0,4,13,True,86,13,98,3426,34.26,0
2126,0,1,0,4,15,True,88,13,52,3380,33.8,0
2127,0,1,0,4,16,True,88,11,254,3070,30.7,0
2128,0,1,0,4,17,True,4,7,114,1906,19.06,0
2129,0,1,0,4,18,True,147,3,73,841,8.41,0
2130,0,1,0,4,19,True,21,0,124,124,1.24,0
2131,0,1,0,4,20,True,21,2,46,558,5.58,0
2132,0,1,0,4,21,True,223,4,78,1102,11.02,0
2133,0,1,0,4,22,True,168,14,115,3699,36.99,0
2134,0,1,0,4,23,True,168,15,68,3908,39.08,0
2135,0,1,0,4,24,True,21,13,208,3536,35.36,0
2136,0,1,0,4,25,True,21,3,105,873,8.73,0
2137,0,1,0,4,26,True,21,4,187,1211,12.11,0
2138,0,1,0,4,27,True,9,7,94,1886,18.86,0
2139,0,1,0,4,28,True,21,3,154,922,9.22,0
2140,0,1,0,4,30,True,21,15,121,3961,39.61,0
2141,0,1,0,4,31,True,21,0,30,30,0.3,0
2142,0,1,0,4,32,True,10,1,4,260,2.6,168045085
2143,0,-1,-1,-1,-1,True,-1,-1,-1,-1,-1.0,-1
2144,0,-1,-1,-1,-1,True,-1,-1,-1,-1,-1.0,-1
2145,0,-1,-1,-1,-1,True,-1,-1,-1,-1,-1.0,-1
2146,0,-1,-1,-1,-1,True,-1,-1,-1,-1,-1.0,-1
2147,0,1,4,2,3,False,135,0,0,0,0.0,0
2148,0,1,0,2,25,True,4,0,0,0,0.0,0
2149,0,1,0,4,2,False,226,2,195,707,7.07,0
2150,0,1,17,7,42,False,2,2,61,573,5.73,4013373
2151,0,1,0,4,9,True,245,10,4,2564,25.64,0
2152,0,1,0,5,53,True,9,10,204,2764,27.64,4
2153,0,1,2,0,0,False,0,0,0,0,0.0,0
2154,0,1,30,4,3,False,4,7,231,2023,20.23,0
2155,0,1,7,1,15,False,0,0,0,0,0.0,0
2156,0,1,0,4,10,True,244,2,247,759,7.59,0
2157,0,1,0,4,29,False,4,12,118,3190,31.9,0
2158,0,1,0,2,18,True,0,0,0,0,0.0,0
2159,0,1,0,4,2,False,17,4,217,1241,12.41,0
2160,0,1,0,4,4,False,17,1,121,377,3.77,0
2161,0,1,0,3,4,False,131,8,0,2048,20.48,0
2162,0,1,0,4,17,False,91,2,6,518,5.18,0
2163,0,1,0,4,18,False,157,11,138,2954,29.54,0
2164,0,1,0,4,8,False,153,4,133,1157,11.57,0
2165,0,1,0,4,19,False,92,7,113,1905,19.05,0
2166,0,1,0,4,20,False,31,2,46,558,5.58,0
2167,0,1,0,4,23,False,101,0,227,227,2.27,0
2168,0,1,0,4,25,False,116,13,72,3400,34.0,0
2169,0,1,0,4,26,False,23,15,135,3975,39.75,0
2170,0,1,0,4,27,False,219,12,129,3201,32.01,0
2171,0,1,0,4,28,False,124,2,251,763,7.63,0
2172,0,1,0,4,29,False,7,8,89,2137,21.37,0
2173,0,1,0,4,30,False,14,10,83,2643,26.43,0
2174,0,1,0,4,32,False,13,3,126,894,8.94,0
2175,0,1,0,4,33,False,43,4,165,1189,11.89,0
2176,0,1,0,4,3,True,43,9,156,2460,24.6,0
2177,0,1,0,4,4,True,218,11,3,2819,28.19,0
2178,0,1,0,4,5,True,219,0,26,26,0.26,0
2179,0,1,0,4,7,True,39,6,22,1558,15.58,0
2180,0,1,0,4,8,True,91,14,86,3670,36.7,0
2181,0,1,0,4,9,True,172,12,61,3133,31.33,0
2182,0,1,0,4,10,True,193,9,182,2486,24.86,0
2183,0,1,0,4,11,True,44,4,248,1272,12.72,0
2184,0,1,0,4,13,True,134,5,23,1303,13.03,4523657
2185,0,-1,-1,-1,-1,True,-1,-1,-1,-1,-1.0,-1
2186,0,-1,-1,-1,-1,True,-1,-1,-1,-1,-1.0,-1
2187,0,-1,-1,-1,-1,True,-1,-1,-1,-1,-1.0,-1
2188,0,1,0,4,24,False,133,13,160,3488,34.88,0
2189,0,1,0,4,25,False,131,9,113,2417,24.17,0
2190,0,1,0,4,27,False,103,12,222,3294,32.94,0
2191,0,1,0,4,28,False,20,0,224,224,2.24,0
2192,0,1,0,4,29,False,45,13,48,3376,33.76,0
2193,0,1,0,4,30,False,92,8,35,2083,20.83,0
2194,0,1,0,4,31,False,64,13,97,3425,34.25,0
2195,0,1,0,4,32,False,77,7,113,1905,19.05,0
2196,0,1,0,4,33,False,182,10,8,2568,25.68,0
2197,0,1,0,4,3,True,63,6,218,1754,17.54,0
2198,0,1,0,4,4,True,133,9,35,2339,23.39,0
2199,0,1,0,4,5,True,29,4,181,1205,12.05,0
2200,0,1,0,4,8,True,163,12,151,3223,32.23,0
2201,0,1,0,4,9,True,89,14,167,3751,37.51,0
2202,0,1,0,4,10,True,145,13,199,3527,35.27,0
2203,0,1,0,4,12,True,128,1,168,424,4.24,0
2204,0,1,0,4,14,True,222,10,59,2619,26.19,0
2205,0,1,0,4,15,True,211,6,78,1614,16.14,0
2206,0,1,0,4,16,True,20,4,67,1091,10.91,0
2207,0,1,0,4,17,True,229,7,221,2013,20.13,0
2208,0,1,0,4,18,True,100,2,22,534,5.34,0
2209,0,1,0,4,19,True,3,1,143,399,3.99,0
2210,0,1,0,4,20,True,10,8,15,2063,20.63,0
2211,0,1,0,4,21,True,181,11,36,2852,28.52,0
2212,0,1,0,4,22,True,211,4,92,1116,11.16,0
2213,0,1,0,4,23,True,136,14,97,3681,36.81,0
2214,0,1,0,4,24,True,211,13,247,3575,35.75,0
2215,0,1,0,4,25,True,139,7,79,1871,18.71,0
2216,0,1,0,4,26,True,92,12,168,3240,32.4,0
2217,0,1,0,4,27,True,103,2,101,613,6.13,0
2218,0,1,0,4,28,True,136,14,48,3632,36.32,0
2219,0,1,0,4,30,True,211,15,129,3969,39.69,0
2220,0,1,0,4,31,True,211,0,15,15,0.15,0
2221,0,1,0,4,32,True,211,11,82,2898,28.98,0
2222,0,1,0,4,33,True,211,15,202,4042,40.42,0
2223,0,1,0,4,34,True,166,0,86,86,0.86,0
2224,0,1,0,4,31,False,185,4,13,1037,10.37,0
2225,0,1,0,4,3,True,189,2,139,651,6.51,0
2226,0,1,0,4,13,False,186,5,244,1524,15.24,0
2227,0,1,0,4,16,False,188,4,101,1125,11.25,0
2228,0,1,0,4,8,False,185,13,195,3523,35.23,0
2229,0,1,0,4,4,False,18,9,11,2315,23.15,0
2230,0,1,0,4,7,False,185,7,44,1836,18.36,0
2231,0,1,1,0,0,False,0,0,0,0,0.0,0
2232,0,1,0,4,10,False,185,3,163,931,9.31,0
2233,0,1,0,4,5,True,185,10,244,2804,28.04,0
2234,0,1,0,4,11,False,185,15,156,3996,39.96,0
2235,0,1,0,4,12,False,185,2,210,722,7.22,0
2236,0,1,0,4,15,True,185,7,23,1815,18.15,0
2237,0,1,0,4,16,True,185,11,195,3011,30.11,0
2238,0,1,0,4,17,True,185,1,83,339,3.39,0
2239,0,1,0,4,18,True,185,4,134,1158,11.58,0
2240,0,1,0,4,19,True,185,0,87,87,0.87,0
2241,0,1,0,4,20,True,185,2,137,649,6.49,0
2242,0,1,0,4,21,True,185,5,100,1380,13.8,0
2243,0,1,0,4,22,True,185,0,58,58,0.58,0
2244,0,1,0,4,23,True,185,0,89,89,0.89,0
2245,0,1,0,4,24,True,185,13,230,3558,35.58,0
2246,0,1,0,4,25,True,185,3,28,796,7.96,0
2247,0,1,0,4,26,True,185,4,169,1193,11.93,0
2248,0,1,0,4,27,True,185,5,221,1501,15.01,0
2249,0,1,0,4,28,True,185,2,224,736,7.36,0
2250,0,1,0,4,30,True,185,15,151,3991,39.91,0
2251,0,1,0,4,31,True,185,0,62,62,0.62,0
2252,0,1,0,4,32,True,185,11,42,2858,28.58,0
2253,0,1,0,4,33,True,185,0,9,9,0.09,0
2254,0,1,0,4,34,True,185,14,87,3671,36.71,0
2255,0,1,0,4,31,False,178,12,129,3201,32.01,0
2256,0,1,0,4,13,False,31,8,202,2250,22.5,0
2257,0,1,0,4,18,False,31,10,232,2792,27.92,0
2258,0,1,0,4,8,False,30,13,171,3499,34.99,0
2259,0,1,0,4,5,True,31,10,212,2772,27.72,0
2260,0,1,0,4,7,False,30,6,64,1600,16.0,0
2261,0,1,0,4,10,False,30,3,160,928,9.28,0
2262,0,1,0,4,11,False,30,15,161,4001,40.01,0
2263,0,1,0,4,12,False,30,2,169,681,6.81,0
2264,0,1,0,4,15,True,30,6,43,1579,15.79,0
2265,0,1,0,4,16,True,30,11,162,2978,29.78,0
2266,0,1,0,4,17,True,30,1,114,370,3.7,0
2267,0,1,0,4,18,True,30,4,96,1120,11.2,0
2268,0,1,0,4,19,True,30,0,128,128,1.28,0
2269,0,1,0,4,20,True,30,2,69,581,5.81,0
2270,0,1,0,4,21,True,30,1,138,394,3.94,0
2271,0,1,0,4,22,True,30,0,50,50,0.5,0
2272,0,1,0,4,23,True,30,0,215,215,2.15,0
2273,0,1,0,4,24,True,30,13,181,3509,35.09,0
2274,0,1,0,4,25,True,30,3,146,914,9.14,0
2275,0,1,0,4,26,True,30,4,173,1197,11.97,0
2276,0,1,0,4,27,True,30,5,183,1463,14.63,0
2277,0,1,0,4,28,True,30,2,194,706,7.06,0
2278,0,1,0,4,30,True,178,11,128,2944,29.44,0
2279,0,1,0,4,31,True,30,15,222,4062,40.62,0
2280,0,1,0,4,32,True,30,11,98,2914,29.14,0
2281,0,1,0,4,33,True,30,15,230,4070,40.7,0
2282,0,1,0,4,34,True,30,14,100,3684,36.84,0
2283,0,1,0,4,18,False,26,5,137,1417,14.17,0
2284,0,1,0,4,13,False,27,7,41,1833,18.33,0
2285,0,1,0,4,18,True,31,3,117,885,8.85,0
2286,0,1,0,4,16,True,25,0,33,33,0.33,0
2287,0,1,0,4,5,False,122,4,17,1041,10.41,0
2288,0,1,0,4,8,False,25,4,181,1205,12.05,0
2289,0,1,3,2,14,False,205,0,0,0,0.0,0
2290,0,1,0,4,7,False,25,13,158,3486,34.86,0
2291,0,1,0,4,3,True,28,5,100,1380,13.8,0
2292,0,1,0,4,10,False,25,8,102,2150,21.5,0
2293,0,1,0,4,16,True,26,6,209,1745,17.45,0
2294,0,1,0,4,11,False,25,1,128,384,3.84,0
2295,0,1,0,4,12,False,25,7,47,1839,18.39,0
2296,0,1,0,4,15,True,25,13,136,3464,34.64,0
2297,0,1,0,4,17,True,25,6,11,1547,15.47,0
2298,0,1,0,4,27,False,14,7,67,1859,18.59,0
2299,0,1,0,4,18,True,25,9,110,2414,24.14,0
2300,0,1,0,4,19,True,25,4,188,1212,12.12,0
2301,0,1,0,4,20,True,25,7,130,1922,19.22,0
2302,0,1,0,4,21,True,25,5,183,1463,14.63,0
2303,0,1,0,4,22,True,25,4,221,1245,12.45,0
2304,0,1,0,4,23,True,25,4,77,1101,11.01,0
2305,0,1,0,4,24,True,25,2,176,688,6.88,0
2306,0,1,0,4,25,True,25,7,55,1847,18.47,0
2307,0,1,0,4,26,True,25,8,187,2235,22.35,0
2308,0,1,0,4,27,True,14,1,71,327,3.27,0
2309,0,1,0,4,28,True,25,10,68,2628,26.28,0
2310,0,1,0,4,30,True,25,4,188,1212,12.12,0
2311,0,1,0,4,31,True,25,5,248,1528,15.28,0
2312,0,1,0,4,32,True,25,0,209,209,2.09,0
2313,0,1,0,4,33,True,25,10,1,2561,25.61,214835204
2314,0,-1,-1,-1,-1,True,-1,-1,-1,-1,-1.0,-1
2315,0,1,1,3,3,True,15,2,0,512,5.12,0
2316,0,1,16,4,4,False,133,14,12,3596,35.96,0
2317,0,1,0,4,2,False,0,4,244,1268,12.68,0
2318,0,1,13,7,61,False,61,13,61,3389,33.89,4013373
2319,0,1,0,4,3,False,216,4,13,1037,10.37,0
2320,0,1,17,6,9,False,244,0,4,4,0.04,60161
2321,0,1,12,7,24,False,4,2,90,602,6.02,324614
2322,0,1,18,0,0,False,0,0,0,0,0.0,0
2323,0,1,27,0,0,False,0,0,0,0,0.0,0
2324,0,1,8,1,4,False,0,0,0,0,0.0,0
2325,0,1,0,6,29,False,13,3,4,772,7.72,2060
2326,0,1,0,1,61,False,0,0,0,0,0.0,0
2327,0,1,0,4,13,False,66,3,128,896,8.96,0
2328,0,1,0,4,14,False,50,1,76,332,3.32,0
2329,0,1,0,4,15,False,254,12,172,3244,32.44,0
2330,0,1,0,4,16,False,0,11,69,2885,28.85,0
2331,0,1,0,4,17,False,228,8,146,2194,21.94,0
2332,0,1,0,4,18,False,249,15,114,3954,39.54,0
2333,0,1,0,4,19,False,228,3,217,985,9.85,0
2334,0,1,0,4,20,False,205,7,44,1836,18.36,0
2335,0,1,0,4,21,False,189,3,243,1011,10.11,0
2336,0,1,0,4,22,False,84,14,111,3695,36.95,0
2337,0,1,0,4,23,False,203,4,250,1274,12.74,0
2338,0,1,0,4,24,False,15,12,139,3211,32.11,0
2339,0,1,0,4,25,False,161,3,249,1017,10.17,0
2340,0,1,0,4,26,False,160,11,156,2972,29.72,0
2341,0,1,0,4,27,False,209,3,167,935,9.35,0
2342,0,1,0,4,28,False,40,2,210,722,7.22,0
2343,0,1,0,4,29,False,75,13,44,3372,33.72,0
2344,0,1,0,4,30,False,195,15,40,3880,38.8,0
2345,0,1,0,4,31,False,200,9,127,2431,24.31,0
2346,0,1,0,4,32,False,222,0,166,166,1.66,0
2347,0,1,0,4,33,False,200,5,106,1386,13.86,0
2348,0,1,0,4,3,True,60,8,211,2259,22.59,0
2349,0,1,0,4,4,True,249,12,200,3272,32.72,0
2350,0,1,0,4,5,True,222,9,87,2391,23.91,0
2351,0,1,0,4,6,True,169,15,3,3843,38.43,0
2352,0,1,0,4,7,True,169,6,201,1737,17.37,0
2353,0,1,0,4,8,True,75,13,103,3431,34.31,0
2354,0,1,0,4,9,True,66,6,115,1651,16.51,0
2355,0,1,0,4,10,True,133,6,247,1783,17.83,0
2356,0,1,0,4,11,True,205,0,3,3,0.03,0
2357,0,1,0,4,12,True,83,12,156,3228,32.28,0
2358,0,1,0,4,13,True,193,3,144,912,9.12,0
2359,0,1,0,4,14,True,15,9,150,2454,24.54,0
2360,0,1,0,4,15,True,142,8,132,2180,21.8,0
2361,0,1,0,4,16,True,142,4,169,1193,11.93,0
2362,0,1,0,4,17,True,254,13,83,3411,34.11,0
2363,0,1,0,4,18,True,0,5,157,1437,14.37,0
2364,0,1,0,4,19,True,70,11,187,3003,30.03,0
2365,0,1,0,4,20,True,66,10,135,2695,26.95,0
2366,0,1,0,4,21,True,254,0,217,217,2.17,0
2367,0,1,0,4,22,True,155,11,15,2831,28.31,0
2368,0,1,0,4,23,True,228,0,251,251,2.51,0
2369,0,1,0,4,24,True,200,13,101,3429,34.29,0
2370,0,1,0,4,25,True,160,2,5,517,5.17,0
2371,0,1,0,4,26,True,50,10,193,2753,27.53,0
2372,0,1,0,4,27,True,50,3,178,946,9.46,0
2373,0,1,0,4,28,True,234,0,119,119,1.19,0
2374,0,1,0,4,29,True,228,2,169,681,6.81,0
2375,0,1,0,4,30,True,229,12,152,3224,32.24,0
2376,0,1,0,4,31,True,253,14,192,3776,37.76,0
2377,0,1,0,4,32,True,141,1,0,256,2.56,167772160
2378,0,-1,-1,-1,-1,True,-1,-1,-1,-1,-1.0,-1
2379,0,42,1,5,23,True,0,0,0,0,0.0,2560
2380,0,-1,-1,-1,-1,True,-1,-1,-1,-1,-1.0,-1
2381,0,-1,-1,-1,-1,True,-1,-1,-1,-1,-1.0,-1
2382,0,-1,-1,-1,-1,True,-1,-1,-1,-1,-1.0,-1
2383,0,1,0,4,7,False,42,6,139,1675,16.75,0
2384,0,1,2,2,44,False,5,0,0,0,0.0,0
2385,0,1,0,4,10,False,42,3,225,993,9.93,0
2386,0,1,5,3,4,False,133,12,0,3072,30.72,0
2387,0,1,0,4,11,False,42,15,191,4031,40.31,0
2388,0,1,0,5,19,False,61,13,61,3389,33.89,61
2389,0,1,0,4,0,False,99,5,97,1377,13.77,0
2390,0,1,0,4,31,False,42,11,181,2997,29.97,0
2391,0,1,0,4,17,True,99,5,72,1352,13.52,0
2392,0,1,0,4,3,False,23,4,21,1045,10.45,0
2393,0,1,0,4,18,False,210,3,182,950,9.5,0
2394,0,1,0,4,20,False,195,14,150,3734,37.34,0
2395,0,1,0,4,22,False,195,13,110,3438,34.38,0
2396,0,1,0,4,23,False,195,0,216,216,2.16,0
2397,0,1,0,4,24,False,37,11,208,3024,30.24,0
2398,0,1,0,4,26,False,144,4,181,1205,12.05,0
2399,0,1,0,4,27,False,144,3,34,802,8.02,0
2400,0,1,0,4,30,False,148,12,4,3076,30.76,0
2401,0,1,0,4,31,False,148,3,237,1005,10.05,0
2402,0,1,0,4,32,False,103,7,201,1993,19.93,0
2403,0,1,0,4,33,False,160,1,43,299,2.99,0
2404,0,1,0,4,5,True,37,11,190,3006,30.06,0
2405,0,1,0,4,7,True,144,4,42,1066,10.66,0
2406,0,1,0,4,13,True,23,3,254,1022,10.22,0
2407,0,1,0,4,15,True,148,2,100,612,6.12,0
2408,0,1,0,4,16,True,42,11,178,2994,29.94,0
2409,0,1,0,4,17,True,148,12,51,3123,31.23,0
2410,0,1,0,4,18,True,148,3,73,841,8.41,0
2411,0,1,0,4,19,True,41,15,128,3968,39.68,0
2412,0,1,0,4,20,True,210,5,218,1498,14.98,0
2413,0,1,0,4,21,True,42,5,252,1532,15.32,0
2414,0,1,0,4,22,True,41,4,0,1024,10.24,0
2415,0,1,0,4,23,True,83,5,216,1496,14.96,0
2416,0,1,0,4,24,True,42,14,10,3594,35.94,0
2417,0,1,0,4,25,True,42,3,77,845,8.45,0
2418,0,1,0,4,26,True,42,4,174,1198,11.98,0
2419,0,1,0,4,27,True,42,5,165,1445,14.45,0
2420,0,1,0,4,28,True,42,2,254,766,7.66,0
2421,0,1,0,4,30,True,42,15,119,3959,39.59,0
2422,0,1,0,4,31,True,42,0,42,42,0.42,0
2423,0,1,0,4,32,True,42,11,54,2870,28.7,0
2424,0,1,0,4,33,True,42,15,221,4061,40.61,0
2425,0,1,0,4,34,True,42,14,41,3625,36.25,0
2426,0,1,0,4,16,False,200,1,90,346,3.46,0
2427,0,1,0,4,30,False,90,8,43,2091,20.91,0
2428,0,1,0,4,17,False,197,3,180,948,9.48,0
2429,0,1,0,4,8,False,195,13,94,3422,34.22,0
2430,0,1,0,4,3,True,200,1,14,270,2.7,0
2431,0,1,0,4,7,False,195,6,140,1676,16.76,0
2432,0,1,0,4,4,True,198,2,104,616,6.16,0
2433,0,1,0,4,10,False,195,3,182,950,9.5,0
2434,0,1,0,4,16,True,197,3,160,928,9.28,0
2435,0,1,0,4,11,False,195,15,157,3997,39.97,0
2436,0,1,0,4,12,False,195,3,22,790,7.9,0
2437,0,1,0,4,13,False,196,9,4,2308,23.08,0
2438,0,1,0,4,29,False,89,0,31,31,0.31,0
2439,0,1,0,4,4,True,90,9,118,2422,24.22,0
2440,0,1,0,4,5,True,89,0,5,5,0.05,0
2441,0,1,0,4,15,True,195,6,118,1654,16.54,0
2442,0,1,0,4,16,True,195,11,187,3003,30.03,0
2443,0,1,0,4,17,True,195,1,61,317,3.17,0
2444,0,1,0,4,18,True,195,4,72,1096,10.96,0
2445,0,1,0,4,19,True,195,0,232,232,2.32,0
2446,0,1,0,4,20,True,195,2,233,745,7.45,0
2447,0,1,0,4,21,True,195,1,201,457,4.57,0
2448,0,1,0,4,22,True,195,0,51,51,0.51,0
2449,0,1,0,4,23,True,195,0,102,102,1.02,0
2450,0,1,0,4,24,True,195,13,213,3541,35.41,0
2451,0,1,0,4,25,True,195,3,128,896,8.96,0
2452,0,1,0,4,26,True,195,4,186,1210,12.1,0
2453,0,1,0,4,27,True,195,5,228,1508,15.08,0
2454,0,1,0,4,28,True,195,4,96,1120,11.2,0
2455,0,1,0,4,30,True,195,15,65,3905,39.05,0
2456,0,1,0,4,31,True,195,0,60,60,0.6,0
2457,0,1,0,4,32,True,195,11,60,2876,28.76,0
2458,0,1,0,4,33,True,195,15,220,4060,40.6,0
2459,0,1,0,4,34,True,195,14,22,3606,36.06,0
2460,0,1,0,4,17,True,241,10,65,2625,26.25,0
2461,0,1,0,5,3,False,160,4,16,1040,10.4,63
2462,0,1,0,4,13,False,60,6,45,1581,15.81,0
2463,0,1,0,1,1,True,0,0,0,0,0.0,0
2464,0,1,0,4,8,False,58,13,186,3514,35.14,0
2465,0,1,0,4,17,False,60,4,9,1033,10.33,0
2466,0,1,0,4,7,False,58,6,50,1586,15.86,0
2467,0,1,24,3,4,False,133,11,0,2816,28.16,0
2468,0,1,0,4,10,False,58,3,166,934,9.34,0
2469,0,1,1,1,47,True,0,0,0,0,0.0,0
2470,0,1,0,4,11,False,58,15,122,3962,39.62,0
2471,0,1,0,4,12,False,58,2,250,762,7.62,0
2472,0,1,0,4,17,False,239,6,198,1734,17.34,0
2473,0,1,0,4,15,True,58,6,28,1564,15.64,0
2474,0,1,0,4,16,True,58,11,191,3007,30.07,0
2475,0,1,0,4,17,True,241,6,188,1724,17.24,0
2476,0,1,0,4,18,True,239,10,4,2564,25.64,0
2477,0,1,0,4,19,True,58,0,169,169,1.69,0
2478,0,1,0,4,20,True,58,2,67,579,5.79,0
2479,0,1,0,4,21,True,58,1,221,477,4.77,0
2480,0,1,0,4,22,True,58,0,98,98,0.98,0
2481,0,1,0,4,23,True,58,0,107,107,1.07,0
2482,0,1,0,4,24,True,58,13,247,3575,35.75,0
2483,0,1,0,4,25,True,58,3,125,893,8.93,0
2484,0,1,0,4,26,True,58,4,211,1235,12.35,0
2485,0,1,0,4,27,True,58,5,94,1374,13.74,0
2486,0,1,0,4,28,True,58,3,186,954,9.54,0
2487,0,1,0,4,30,True,58,15,147,3987,39.87,0
2488,0,1,0,4,31,True,58,0,38,38,0.38,0
2489,0,1,0,4,32,True,58,10,230,2790,27.9,46852
2490,0,-1,-1,-1,-1,True,-1,-1,-1,-1,-1.0,-1
2491,0,-1,-1,-1,-1,True,-1,-1,-1,-1,-1.0,-1
2492,0,1,0,4,27,True,230,5,197,1477,14.77,0
2493,0,1,0,4,28,True,230,3,82,850,8.5,0
2494,0,1,0,4,30,True,230,15,103,3943,39.43,0
2495,0,1,0,4,31,True,230,0,18,18,0.18,0
2496,0,1,0,4,32,True,230,11,94,2910,29.1,0
2497,0,1,0,4,33,True,230,15,167,4007,40.07,0
2498,0,1,0,4,34,True,230,14,97,3681,36.81,0
2499,0,1,0,4,17,False,87,8,13,2061,20.61,0
2500,0,1,0,4,17,False,139,4,145,1169,11.69,0
2501,0,1,0,4,28,True,138,1,250,506,5.06,0
2502,0,1,0,4,16,False,139,7,3,1795,17.95,0
2503,0,1,0,4,8,False,138,13,136,3464,34.64,0
2504,0,1,0,4,10,False,194,4,131,1155,11.55,0
2505,0,1,0,4,7,False,138,6,142,1678,16.78,0
2506,0,1,17,4,6,False,237,4,133,1157,11.57,0
2507,0,1,0,4,10,False,138,3,117,885,8.85,0
2508,0,1,17,2,4,False,125,0,0,0,0.0,0
2509,0,1,0,4,11,False,138,15,141,3981,39.81,0
2510,0,1,0,4,12,False,138,2,253,765,7.65,0
2511,0,1,0,4,13,False,139,9,174,2478,24.78,0
2512,0,1,0,4,15,True,138,6,121,1657,16.57,0
2513,0,1,0,4,16,True,138,11,102,2918,29.18,0
2514,0,1,0,4,17,True,138,1,152,408,4.08,0
2515,0,1,0,4,18,True,138,4,79,1103,11.03,0
2516,0,1,0,4,19,True,138,0,181,181,1.81,0
2517,0,1,0,4,20,True,138,2,118,630,6.3,0
2518,0,1,0,4,21,True,138,1,248,504,5.04,0
2519,0,1,0,4,22,True,138,0,51,51,0.51,0
2520,0,1,0,4,23,True,138,0,109,109,1.09,0
2521,0,1,0,4,24,True,138,13,220,3548,35.48,0
2522,0,1,0,4,25,True,138,3,93,861,8.61,0
2523,0,1,0,4,26,True,138,4,148,1172,11.72,0
2524,0,1,0,4,27,True,138,6,65,1601,16.01,0
2525,0,1,0,4,28,True,138,10,216,2776,27.76,0
2526,0,1,0,4,30,True,138,15,91,3931,39.31,0
2527,0,1,0,4,31,True,138,0,65,65,0.65,0
2528,0,1,0,4,32,True,138,11,72,2888,28.88,0
2529,0,1,0,4,33,True,138,0,41,41,0.41,0
2530,0,1,0,4,34,True,138,14,66,3650,36.5,0
2531,0,1,0,4,25,False,160,14,51,3635,36.35,0
2532,0,1,0,4,17,False,86,3,145,913,9.13,0
2533,0,1,0,4,13,False,86,7,6,1798,17.98,0
2534,0,1,0,4,16,False,86,5,49,1329,13.29,0
2535,0,1,0,4,8,False,84,13,154,3482,34.82,0
2536,0,1,0,4,31,True,4,3,88,856,8.56,0
2537,0,1,0,4,7,False,84,6,65,1601,16.01,0
2538,0,1,0,3,27,False,4,5,0,1280,12.8,0
2539,0,1,0,4,10,False,85,3,194,962,9.62,0
2540,0,1,10,5,10,False,124,13,61,3389,33.89,61
2541,0,1,0,4,3,False,216,4,11,1035,10.35,0
2542,0,1,10,5,15,False,134,5,37,1317,13.17,4
2543,0,1,20,0,0,False,0,0,0,0,0.0,0
2544,0,1,27,0,0,False,0,0,0,0,0.0,0
2545,0,1,0,5,4,False,3,9,1,2305,23.05,199
2546,0,1,2,1,61,False,0,0,0,0,0.0,0
2547,0,1,0,4,4,False,4,15,12,3852,38.52,0
2548,0,1,21,0,0,False,0,0,0,0,0.0,0
2549,0,1,3,0,0,False,0,0,0,0,0.0,0
2550,0,1,0,4,5,False,16,13,209,3537,35.37,0
2551,0,1,14,0,0,False,0,0,0,0,0.0,0
2552,0,1,0,4,8,False,88,5,194,1474,14.74,0
2553,0,1,1,1,46,True,0,0,0,0,0.0,0
2554,0,1,0,4,9,False,131,6,110,1646,16.46,0
2555,0,1,0,4,25,True,112,13,61,3389,33.89,0
2556,0,-1,-1,-1,-1,True,-1,-1,-1,-1,-1.0,-1
2557,0,1,0,4,4,True,39,6,102,1638,16.38,0
2558,0,1,0,4,7,True,154,14,253,3837,38.37,0
2559,0,1,0,4,11,True,55,11,230,3046,30.46,0
2560,0,1,0,4,13,True,102,6,72,1608,16.08,0
2561,0,1,0,4,15,True,183,6,124,1660,16.6,0
2562,0,1,0,4,16,True,183,11,234,3050,30.5,0
2563,0,1,0,4,17,True,183,1,89,345,3.45,0
2564,0,1,0,4,18,True,183,4,194,1218,12.18,0
2565,0,1,0,4,19,True,183,0,152,152,1.52,0
2566,0,1,0,4,20,True,183,2,190,702,7.02,0
2567,0,1,0,4,21,True,183,2,143,655,6.55,0
2568,0,1,0,4,22,True,183,0,131,131,1.31,0
2569,0,1,0,4,23,True,183,0,150,150,1.5,0
2570,0,1,0,4,24,True,183,13,244,3572,35.72,0
2571,0,1,0,4,25,True,183,3,84,852,8.52,0
2572,0,1,0,4,26,True,183,4,172,1196,11.96,0
2573,0,1,0,4,27,True,183,5,246,1526,15.26,0
2574,0,1,0,4,28,True,183,3,19,787,7.87,0
2575,0,1,0,4,30,True,183,15,50,3890,38.9,0
2576,0,1,0,4,31,True,183,0,31,31,0.31,0
2577,0,1,0,4,32,True,183,11,145,2961,29.61,0
2578,0,1,0,4,33,True,183,0,63,63,0.63,0
2579,0,1,0,4,34,True,183,14,106,3690,36.9,0
2580,0,1,0,4,28,False,67,13,178,3506,35.06,0
2581,0,1,0,4,16,False,242,4,72,1096,10.96,0
2582,0,1,0,4,13,False,240,6,78,1614,16.14,0
2583,0,1,0,4,17,False,240,4,245,1269,12.69,0
2584,0,1,0,4,8,False,238,13,182,3510,35.1,0
2585,0,1,0,4,44,False,4,3,243,1011,10.11,0
2586,0,1,0,4,7,False,238,6,26,1562,15.62,0
2587,0,1,0,3,62,False,4,5,0,1280,12.8,0
2588,0,1,0,4,10,False,239,3,180,948,9.48,0
2589,0,1,29,7,11,False,225,13,61,3389,33.89,4013373
2590,0,1,0,4,30,False,137,15,137,3977,39.77,0
2591,0,1,0,4,11,False,239,15,148,3988,39.88,0
2592,0,1,0,4,7,True,137,15,114,3954,39.54,0
2593,0,1,0,4,1,False,218,0,213,213,2.13,0
2594,0,1,0,4,3,False,219,6,213,1749,17.49,0
2595,0,1,0,4,4,False,218,6,137,1673,16.73,0
2596,0,1,0,4,12,False,239,2,246,758,7.58,0
2597,0,1,0,4,18,False,248,12,242,3314,33.14,0
2598,0,1,0,4,30,False,211,7,217,2009,20.09,0
2599,0,1,0,4,6,True,218,6,216,1752,17.52,0
2600,0,1,0,4,7,True,218,0,189,189,1.89,0
2601,0,1,0,4,14,True,248,10,46,2606,26.06,0
2602,0,1,0,4,15,True,238,6,5,1541,15.41,0
2603,0,1,0,4,16,True,34,11,123,2939,29.39,0
2604,0,1,0,4,17,True,102,10,19,2579,25.79,0
2605,0,1,0,4,18,True,211,1,92,348,3.48,0
2606,0,1,0,4,19,True,238,0,135,135,1.35,0
2607,0,1,0,4,20,True,239,2,163,675,6.75,0
2608,0,1,0,4,21,True,239,1,175,431,4.31,0
2609,0,1,0,4,22,True,239,0,106,106,1.06,0
2610,0,1,0,4,23,True,239,0,146,146,1.46,0
2611,0,1,0,4,24,True,239,13,193,3521,35.21,0
2612,0,1,0,4,25,True,239,3,40,808,8.08,0
2613,0,1,0,4,26,True,238,4,122,1146,11.46,0
2614,0,1,0,4,27,True,239,5,234,1514,15.14,0
2615,0,1,0,4,28,True,238,2,106,618,6.18,0
2616,0,1,0,4,30,True,239,15,177,4017,40.17,0
2617,0,1,0,4,31,True,238,0,16,16,0.16,0
2618,0,1,0,4,32,True,238,11,96,2912,29.12,0
2619,0,1,0,4,33,True,239,15,235,4075,40.75,0
2620,0,1,0,4,34,True,239,14,69,3653,36.53,0
2621,0,1,0,4,31,False,253,2,13,525,5.25,0
2622,0,1,0,4,4,True,230,2,246,758,7.58,0
2623,0,1,0,4,13,False,229,5,62,1342,13.42,0
2624,0,1,0,4,17,False,228,6,193,1729,17.29,0
2625,0,1,0,4,8,False,227,13,157,3485,34.85,0
2626,0,1,0,4,62,False,4,5,228,1508,15.08,0
2627,0,1,0,4,7,False,227,6,50,1586,15.86,0
2628,0,1,1,2,45,True,61,0,0,0,0.0,0
2629,0,1,0,4,3,False,146,2,157,669,6.69,0
2630,0,1,0,4,20,True,146,2,136,648,6.48,0
2631,0,1,0,4,29,False,4,10,91,2651,26.51,0
2632,0,1,1,1,20,False,0,0,0,0,0.0,0
2633,0,1,20,3,14,False,92,4,0,1024,10.24,0
2634,0,1,0,4,12,False,91,8,156,2204,22.04,0
2635,0,1,17,0,0,False,0,0,0,0,0.0,0
2636,0,1,0,4,15,False,221,6,235,1771,17.71,0
2637,0,1,20,3,14,False,69,13,0,3328,33.28,0
2638,0,1,0,4,33,False,174,4,17,1041,10.41,0
2639,0,1,5,5,11,False,67,0,4,4,0.04,8
2640,0,1,14,5,2,False,148,6,4,1540,15.4,132
2641,0,1,21,6,0,False,116,13,61,3389,33.89,15677
2642,0,1,0,4,10,False,228,1,4,260,2.6,0
2643,0,1,0,1,63,False,0,0,0,0,0.0,0
2644,0,1,0,2,38,False,130,0,0,0,0.0,0
2645,0,1,0,4,14,True,4,3,10,778,7.78,0
2646,0,1,1,5,8,True,228,1,106,362,3.62,61
2647,0,1,0,4,23,False,157,5,4,1284,12.84,0
2648,0,1,1,4,27,False,2,8,19,2067,20.67,0
2649,0,1,0,4,6,True,157,4,11,1035,10.35,0
2650,0,1,3,4,13,False,17,4,252,1276,12.76,0
2651,0,-1,-1,-1,-1,True,-1,-1,-1,-1,-1.0,-1
2652,0,-1,-1,-1,-1,True,-1,-1,-1,-1,-1.0,-1
2653,0,-1,-1,-1,-1,True,-1,-1,-1,-1,-1.0,-1
2654,0,1,0,4,7,False,102,6,43,1579,15.79,0
2655,0,1,0,4,62,False,4,0,103,103,1.03,0
2656,0,1,0,4,10,False,102,3,145,913,9.13,0
2657,0,1,0,4,61,False,61,13,61,3389,33.89,0
2658,0,1,0,4,26,False,129,4,3,1027,10.27,0
2659,0,1,13,2,0,False,167,0,0,0,0.0,0
2660,0,1,1,1,7,True,0,0,0,0,0.0,0
2661,0,1,0,4,5,False,60,6,162,1698,16.98,0
2662,0,1,0,4,7,True,129,9,114,2418,24.18,0
2663,0,1,0,4,6,False,57,1,11,267,2.67,0
2664,0,1,0,4,7,False,23,11,88,2904,29.04,0
2665,0,1,0,4,11,False,246,3,107,875,8.75,0
2666,0,1,0,4,12,False,102,2,211,723,7.23,0
2667,0,1,0,4,13,False,36,11,60,2876,28.76,0
2668,0,1,0,4,14,False,96,7,21,1813,18.13,0
2669,0,1,0,4,15,False,133,5,254,1534,15.34,0
2670,0,1,0,4,16,False,250,9,225,2529,25.29,0
2671,0,1,0,4,18,False,170,5,51,1331,13.31,0
2672,0,1,0,4,19,False,77,11,14,2830,28.3,0
2673,0,1,0,4,20,False,123,11,146,2962,29.62,0
2674,0,1,0,4,21,False,206,6,218,1754,17.54,0
2675,0,1,0,4,22,False,114,9,229,2533,25.33,0
2676,0,1,0,4,23,False,237,2,136,648,6.48,0
2677,0,1,0,4,24,False,33,11,132,2948,29.48,0
2678,0,1,0,4,25,False,29,4,68,1092,10.92,0
2679,0,1,0,4,26,False,242,1,98,354,3.54,0
2680,0,1,0,4,27,False,18,4,65,1089,10.89,0
2681,0,1,0,4,28,False,136,6,141,1677,16.77,0
2682,0,1,0,4,29,False,21,3,50,818,8.18,0
2683,0,1,0,4,30,False,59,7,249,2041,20.41,0
2684,0,1,0,4,31,False,121,14,129,3713,37.13,0
2685,0,1,0,4,32,False,187,9,39,2343,23.43,0
2686,0,1,0,4,33,False,113,10,162,2722,27.22,0
2687,0,1,0,4,3,True,36,0,226,226,2.26,0
2688,0,1,0,4,4,True,57,6,144,1680,16.8,0
2689,0,1,0,4,5,True,149,10,125,2685,26.85,0
2690,0,1,0,4,6,True,136,1,234,490,4.9,0
2691,0,1,0,4,7,True,246,1,189,445,4.45,0
2692,0,1,0,4,8,True,249,13,220,3548,35.48,0
2693,0,1,0,4,9,True,29,0,194,194,1.94,0
2694,0,1,0,4,10,True,187,7,218,2010,20.1,0
2695,0,1,0,4,11,True,113,11,0,2816,28.16,0
2696,0,1,0,4,12,True,171,1,19,275,2.75,0
2697,0,1,0,4,13,True,193,4,152,1176,11.76,0
2698,0,1,0,4,14,True,18,13,183,3511,35.11,0
2699,0,1,0,4,15,True,121,10,104,2664,26.64,0
2700,0,1,0,4,16,True,21,11,42,2858,28.58,0
2701,0,1,0,4,17,True,59,12,126,3198,31.98,0
2702,0,1,0,4,18,True,57,7,9,1801,18.01,0
2703,0,1,0,4,19,True,242,1,142,398,3.98,0
2704,0,1,0,4,20,True,161,4,78,1102,11.02,0
2705,0,1,0,4,21,True,237,0,199,199,1.99,0
2706,0,1,0,4,22,True,223,2,32,544,5.44,0
2707,0,1,0,4,23,True,33,9,247,2551,25.51,0
2708,0,1,0,4,24,True,140,0,217,217,2.17,0
2709,0,1,0,4,25,True,77,2,40,552,5.52,0
2710,0,1,0,4,26,True,134,15,69,3909,39.09,0
2711,0,1,0,4,27,True,251,10,158,2718,27.18,0
2712,0,1,0,4,28,True,43,10,132,2692,26.92,0
2713,0,1,0,4,29,True,244,11,166,2982,29.82,0
2714,0,1,0,4,30,True,102,15,124,3964,39.64,0
2715,0,1,0,4,31,True,154,11,134,2950,29.5,0
2716,0,1,0,4,32,True,155,4,1,1025,10.25,0
2717,0,1,0,4,33,True,157,6,198,1734,17.34,0
2718,0,1,0,4,34,True,161,6,127,1663,16.63,0
2719,0,1,0,4,16,False,5,1,235,491,4.91,0
2720,0,1,0,4,13,False,4,3,246,1014,10.14,0
2721,0,1,0,4,4,True,5,1,213,469,4.69,0
2722,0,1,0,4,8,False,2,13,66,3394,33.94,0
2723,0,1,0,4,17,False,3,5,70,1350,13.5,0
2724,0,1,0,4,7,False,1,6,37,1573,15.73,0
2725,0,1,0,4,5,True,2,10,118,2678,26.78,0
2726,0,1,0,4,10,False,2,3,57,825,8.25,0
2727,0,1,0,4,61,False,61,13,61,3389,33.89,0
2728,0,-1,-1,-1,-1,True,-1,-1,-1,-1,-1.0,-1
2729,0,-1,-1,-1,-1,True,-1,-1,-1,-1,-1.0,-1
2730,0,-1,-1,-1,-1,True,-1,-1,-1,-1,-1.0,-1
2731,0,-1,-1,-1,-1,True,-1,-1,-1,-1,-1.0,-1
2732,0,-1,-1,-1,-1,True,-1,-1,-1,-1,-1.0,-1
2733,0,1,0,4,17,False,4,12,234,3306,33.06,0
2734,0,1,1,3,21,True,164,2,0,512,5.12,0
2735,0,1,1,4,4,False,132,4,19,1043,10.43,0
2736,0,1,23,0,0,False,0,0,0,0,0.0,0
2737,0,1,0,4,60,True,164,1,249,505,5.05,0
2738,0,1,0,4,4,False,4,11,165,2981,29.81,0
2739,0,1,1,7,10,True,205,0,189,189,1.89,13471748
2740,0,1,0,4,12,False,203,3,13,781,7.81,0
2741,0,1,0,4,13,False,146,3,5,773,7.73,0
2742,0,1,21,0,0,False,0,0,0,0,0.0,0
2743,0,1,0,4,16,False,235,5,224,1504,15.04,0
2744,0,1,0,4,22,False,69,2,228,740,7.4,0
2745,0,1,0,4,23,False,34,8,123,2171,21.71,0
2746,0,1,0,4,25,False,163,6,115,1651,16.51,0
2747,0,1,0,4,26,False,188,7,197,1989,19.89,0
2748,0,1,0,4,28,False,95,14,151,3735,37.35,0
2749,0,1,0,4,30,False,12,2,49,561,5.61,0
2750,0,1,0,4,31,False,97,10,201,2761,27.61,0
2751,0,1,0,4,32,False,162,12,171,3243,32.43,0
2752,0,1,0,4,33,False,149,0,89,89,0.89,0
2753,0,1,0,4,3,True,163,3,124,892,8.92,0
2754,0,1,0,4,4,True,34,8,103,2151,21.51,0
2755,0,1,0,4,5,True,34,13,103,3431,34.31,0
2756,0,1,0,4,7,True,188,9,30,2334,23.34,0
2757,0,1,0,4,8,True,235,5,204,1484,14.84,0
2758,0,1,0,4,9,True,246,3,58,826,8.26,0
2759,0,1,0,4,10,True,17,13,212,3540,35.4,0
2760,0,1,0,4,11,True,146,2,240,752,7.52,0
2761,0,1,0,4,13,True,7,14,44,3628,36.28,0
2762,0,1,0,4,15,True,69,9,206,2510,25.1,0
2763,0,1,0,4,16,True,164,11,169,2985,29.85,0
2764,0,1,0,4,17,True,59,15,207,4047,40.47,0
2765,0,1,0,4,18,True,165,4,123,1147,11.47,0
2766,0,1,0,4,19,True,165,0,95,95,0.95,0
2767,0,1,0,4,20,True,60,4,248,1272,12.72,0
2768,0,1,0,4,21,True,71,5,195,1475,14.75,0
2769,0,1,0,4,22,True,165,15,242,4082,40.82,0
2770,0,1,0,4,23,True,165,0,180,180,1.8,0
2771,0,1,0,4,24,True,165,13,200,3528,35.28,0
2772,0,1,0,4,25,True,237,4,134,1158,11.58,0
2773,0,1,0,4,26,True,203,4,123,1147,11.47,0
2774,0,1,0,4,27,True,165,6,17,1553,15.53,0
2775,0,1,0,4,28,True,204,2,173,685,6.85,0
2776,0,1,0,4,29,True,162,12,150,3222,32.22,0
2777,0,1,0,4,30,True,165,15,78,3918,39.18,0
2778,0,1,0,4,31,True,97,15,137,3977,39.77,0
2779,0,1,0,4,32,True,97,6,195,1731,17.31,0
2780,0,1,0,4,33,True,165,15,179,4019,40.19,0
2781,0,1,0,4,34,True,165,14,117,3701,37.01,0
2782,0,1,0,4,3,True,165,0,92,92,0.92,0
2783,0,1,0,4,32,False,216,15,149,3989,39.89,0
2784,0,1,0,4,16,False,162,2,200,712,7.12,0
2785,0,1,0,4,8,False,159,13,178,3506,35.06,0
2786,0,1,0,4,17,False,160,5,255,1535,15.35,0
2787,0,1,0,4,7,False,159,5,241,1521,15.21,0
2788,0,1,0,4,4,True,162,2,178,690,6.9,0
2789,0,1,0,4,10,False,159,3,174,942,9.42,0
2790,0,1,0,4,16,True,160,5,234,1514,15.14,0
2791,0,1,0,4,11,False,159,15,119,3959,39.59,0
2792,0,1,0,4,12,False,159,2,122,634,6.34,0
2793,0,1,0,4,13,False,160,7,248,2040,20.4,0
2794,0,1,0,4,11,True,216,15,117,3957,39.57,0
2795,0,1,0,4,15,True,159,5,162,1442,14.42,0
2796,0,1,0,4,16,True,159,11,178,2994,29.94,0
2797,0,1,0,4,17,True,159,1,91,347,3.47,0
2798,0,1,0,4,18,True,159,4,214,1238,12.38,0
2799,0,1,0,4,19,True,159,0,119,119,1.19,0
2800,0,1,0,4,20,True,159,2,127,639,6.39,0
2801,0,1,0,4,21,True,159,2,65,577,5.77,0
2802,0,1,0,4,22,True,159,0,65,65,0.65,0
2803,0,1,0,4,23,True,159,0,100,100,1.0,0
2804,0,1,0,4,24,True,159,13,225,3553,35.53,0
2805,0,1,0,4,25,True,159,3,182,950,9.5,0
2806,0,1,0,4,26,True,159,4,231,1255,12.55,0
2807,0,1,0,4,27,True,159,5,220,1500,15.0,0
2808,0,1,0,4,28,True,159,4,58,1082,10.82,0
2809,0,1,0,4,30,True,159,15,153,3993,39.93,0
2810,0,1,0,4,31,True,159,0,52,52,0.52,0
2811,0,1,0,4,32,True,159,11,79,2895,28.95,0
2812,0,1,0,4,33,True,159,15,182,4022,40.22,0
2813,0,1,0,4,34,True,159,14,98,3682,36.82,0
2814,0,1,0,4,22,False,65,10,245,2805,28.05,0
2815,0,1,0,4,16,False,207,4,59,1083,10.83,0
2816,0,1,0,4,13,False,206,8,129,2177,21.77,0
2817,0,1,0,4,17,False,206,4,169,1193,11.93,0
2818,0,1,0,4,8,False,205,13,172,3500,35.0,0
2819,0,1,0,4,10,False,30,4,131,1155,11.55,0
2820,0,1,0,4,7,False,205,6,138,1674,16.74,0
2821,0,1,26,1,3,False,0,0,0,0,0.0,0
2822,0,1,0,4,10,False,205,3,167,935,9.35,0
2823,0,1,29,4,4,False,133,13,4,3332,33.32,0
2824,0,1,0,4,11,False,205,15,93,3933,39.33,0
2825,0,1,18,4,61,False,61,13,61,3389,33.89,0
2826,0,1,0,4,11,False,214,0,156,156,1.56,0
2827,0,1,0,4,19,True,214,0,136,136,1.36,0
2828,0,1,0,4,32,False,182,14,71,3655,36.55,0
2829,0,1,0,4,4,False,10,14,3,3587,35.87,0
2830,0,1,25,7,9,True,182,4,11,1035,10.35,7868222
2831,0,1,1,6,49,False,61,13,61,3389,33.89,15677
2832,0,1,0,4,33,False,56,15,4,3844,38.44,0
2833,0,1,1,4,60,False,2,8,168,2216,22.16,0
2834,0,1,0,4,1,False,49,10,74,2634,26.34,0
2835,0,1,0,4,34,True,56,15,144,3984,39.84,0
2836,0,1,0,4,8,False,203,11,237,3053,30.53,0
2837,0,1,0,4,17,False,225,10,131,2691,26.91,0
2838,0,1,0,4,18,False,79,15,238,4078,40.78,0
2839,0,1,0,4,19,False,133,3,36,804,8.04,0
2840,0,1,0,4,22,False,20,14,207,3791,37.91,0
2841,0,1,0,4,23,False,0,15,41,3881,38.81,0
2842,0,1,0,4,24,False,145,10,190,2750,27.5,0
2843,0,1,0,4,25,False,99,4,250,1274,12.74,0
2844,0,1,0,4,28,False,192,1,37,293,2.93,0
2845,0,1,0,4,29,False,136,13,45,3373,33.73,0
2846,0,1,0,4,30,False,199,0,20,20,0.2,0
2847,0,1,0,4,31,False,164,13,79,3407,34.07,0
2848,0,1,0,4,32,False,169,3,53,821,8.21,0
2849,0,1,0,4,33,False,94,14,54,3638,36.38,0
2850,0,1,0,4,3,True,136,13,27,3355,33.55,0
2851,0,1,0,4,5,True,99,4,228,1252,12.52,0
2852,0,1,0,4,7,True,94,6,106,1642,16.42,0
2853,0,1,0,4,8,True,164,3,194,962,9.62,0
2854,0,1,0,4,9,True,145,0,16,16,0.16,0
2855,0,1,0,4,10,True,131,7,128,1920,19.2,0
2856,0,1,0,4,11,True,133,11,249,3065,30.65,0
2857,0,1,0,4,12,True,108,10,137,2697,26.97,0
2858,0,1,0,4,13,True,9,12,8,3080,30.8,0
2859,0,1,0,4,14,True,192,2,162,674,6.74,0
2860,0,1,0,4,15,True,60,6,178,1714,17.14,0
2861,0,1,0,4,16,True,0,9,5,2309,23.09,0
2862,0,1,0,4,17,True,60,1,95,351,3.51,0
2863,0,1,0,4,18,True,203,0,181,181,1.81,0
2864,0,1,0,4,19,True,227,3,197,965,9.65,0
2865,0,1,0,4,20,True,60,2,21,533,5.33,0
2866,0,1,0,4,21,True,225,10,246,2806,28.06,0
2867,0,1,0,4,22,True,20,11,117,2933,29.33,0
2868,0,1,0,4,23,True,161,3,171,939,9.39,0
2869,0,1,0,4,24,True,243,10,192,2752,27.52,0
2870,0,1,0,4,25,True,60,3,46,814,8.14,0
2871,0,1,0,4,26,True,60,4,145,1169,11.69,0
2872,0,1,0,4,27,True,60,6,5,1541,15.41,0
2873,0,1,0,4,28,True,49,12,230,3302,33.02,0
2874,0,1,0,4,30,True,60,15,80,3920,39.2,0
2875,0,1,0,4,31,True,60,0,17,17,0.17,0
2876,0,1,0,4,32,True,60,10,1,2561,25.61,148054276
2877,0,-1,-1,-1,-1,True,-1,-1,-1,-1,-1.0,-1
2878,0,-1,-1,-1,-1,True,-1,-1,-1,-1,-1.0,-1
2879,0,-1,-1,-1,-1,True,-1,-1,-1,-1,-1.0,-1
2880,0,-1,-1,-1,-1,True,-1,-1,-1,-1,-1.0,-1
2881,0,1,0,4,21,True,211,8,212,2260,22.6,0
2882,0,1,0,4,0,False,4,7,67,1859,18.59,0
2883,0,1,0,6,39,False,240,4,6,1030,10.3,3098
2884,0,1,24,2,8,False,4,0,0,0,0.0,0
2885,0,1,1,3,55,True,4,9,0,2304,23.04,0
2886,0,1,24,3,4,False,132,0,0,0,0.0,0
2887,0,1,0,4,12,False,67,6,26,1562,15.62,0
2888,0,1,1,0,0,False,0,0,0,0,0.0,0
2889,0,1,0,4,16,False,145,7,206,1998,19.98,0
2890,0,1,0,4,18,False,254,4,81,1105,11.05,0
2891,0,1,0,4,19,False,210,13,167,3495,34.95,0
2892,0,1,0,4,20,False,77,13,141,3469,34.69,0
2893,0,1,0,4,22,False,255,5,28,1308,13.08,0
2894,0,1,0,4,23,False,108,2,234,746,7.46,0
2895,0,1,0,4,24,False,171,0,131,131,1.31,0
2896,0,1,0,4,25,False,206,13,165,3493,34.93,0
2897,0,1,0,4,26,False,188,7,255,2047,20.47,0
2898,0,1,0,4,28,False,67,11,1,2817,28.17,0
2899,0,1,0,4,29,False,164,1,170,426,4.26,0
2900,0,1,0,4,30,False,61,12,116,3188,31.88,0
2901,0,1,0,4,31,False,70,5,215,1495,14.95,0
2902,0,1,0,4,32,False,69,2,164,676,6.76,0
2903,0,1,0,4,4,True,138,12,38,3110,31.1,0
2904,0,1,0,4,5,True,171,6,48,1584,15.84,0
2905,0,1,0,4,6,True,108,2,216,728,7.28,0
2906,0,1,0,4,7,True,10,1,132,388,3.88,0
2907,0,1,0,4,8,True,61,15,105,3945,39.45,0
2908,0,1,0,4,9,True,164,0,94,94,0.94,0
2909,0,1,0,4,10,True,194,10,153,2713,27.13,0
2910,0,1,0,4,11,True,188,0,169,169,1.69,0
2911,0,1,0,4,13,True,73,10,48,2608,26.08,0
2912,0,1,0,4,14,True,247,13,29,3357,33.57,0
2913,0,1,0,4,15,True,168,3,54,822,8.22,0
2914,0,1,0,4,16,True,141,3,95,863,8.63,0
2915,0,1,0,4,17,True,145,13,151,3479,34.79,0
2916,0,1,0,4,18,True,67,7,38,1830,18.3,0
2917,0,1,0,4,19,True,67,10,236,2796,27.96,0
2918,0,1,0,4,20,True,134,15,85,3925,39.25,0
2919,0,1,0,4,21,True,104,7,177,1969,19.69,0
2920,0,1,0,4,22,True,69,10,148,2708,27.08,0
2921,0,1,0,4,23,True,105,10,43,2603,26.03,0
2922,0,1,0,4,24,True,176,11,57,2873,28.73,0
2923,0,1,0,4,25,True,67,7,52,1844,18.44,0
2924,0,1,0,4,26,True,230,5,141,1421,14.21,0
2925,0,1,0,4,27,True,70,7,89,1881,18.81,0
2926,0,1,0,4,28,True,254,5,94,1374,13.74,0
2927,0,1,0,4,30,True,67,12,167,3239,32.39,0
2928,0,1,0,4,31,True,67,7,31,1823,18.23,0
2929,0,1,0,4,32,True,67,7,53,1845,18.45,0
2930,0,1,0,4,33,True,67,3,143,911,9.11,0
2931,0,1,0,4,34,True,98,0,10,10,0.1,0
2932,0,1,0,4,31,False,105,14,78,3662,36.62,0
2933,0,1,0,4,16,False,35,4,17,1041,10.41,0
2934,0,1,0,7,41,False,14,14,4,3588,35.88,860168
2935,0,1,0,4,17,False,33,5,227,1507,15.07,0
2936,0,1,0,3,4,False,7,15,0,3840,38.4,0
2937,0,1,0,4,4,True,35,3,251,1019,10.19,0
2938,0,1,0,6,14,False,4,10,32,2592,25.92,15875
2939,0,1,0,4,4,False,144,1,5,261,2.61,0
2940,0,1,0,4,11,False,32,15,126,3966,39.66,0
2941,0,1,25,6,61,False,61,13,61,3389,33.89,15677
2942,0,1,0,4,9,True,218,14,253,3837,38.37,0
2943,0,1,0,4,32,False,4,1,125,381,3.81,0
2944,0,1,31,6,26,True,1,13,4,3332,33.32,47116
2945,0,1,1,2,50,False,4,0,0,0,0.0,0
2946,0,1,17,2,27,True,1,0,0,0,0.0,0
2947,0,1,23,7,4,False,18,4,3,1027,10.27,1246393
2948,0,1,30,5,1,False,252,4,22,1046,10.46,238
2949,0,1,0,3,56,True,4,7,0,1792,17.92,0
2950,0,1,24,5,6,False,172,4,24,1048,10.48,122
2951,0,1,0,4,7,True,4,10,33,2593,25.93,0
2952,0,1,1,4,22,True,4,11,234,3050,30.5,0
2953,0,1,1,3,23,False,4,12,0,3072,30.72,0
2954,0,1,29,3,6,False,221,4,0,1024,10.24,0
2955,0,1,3,5,40,True,2,6,4,1540,15.4,30
2956,0,1,28,0,0,False,0,0,0,0,0.0,0
2957,0,1,24,5,4,False,31,9,5,2309,23.09,175
2958,0,1,0,4,32,False,87,8,196,2244,22.44,0
2959,0,1,0,4,33,False,200,13,164,3492,34.92,0
2960,0,1,0,4,4,True,87,9,207,2511,25.11,0
2961,0,1,0,4,5,True,122,0,32,32,0.32,0
2962,0,1,0,4,6,True,138,13,36,3364,33.64,0
2963,0,1,0,4,7,True,97,2,158,670,6.7,0
2964,0,1,0,4,9,True,176,1,73,329,3.29,0
2965,0,1,0,4,10,True,238,3,229,997,9.97,0
2966,0,1,0,4,11,True,125,11,26,2842,28.42,0
2967,0,1,0,4,12,True,184,7,110,1902,19.02,0
2968,0,1,0,4,13,True,200,3,96,864,8.64,0
2969,0,1,0,4,14,True,125,15,252,4092,40.92,0
2970,0,1,0,4,15,True,232,9,239,2543,25.43,0
2971,0,1,0,4,16,True,197,9,240,2544,25.44,0
2972,0,1,0,4,17,True,234,12,215,3287,32.87,0
2973,0,1,0,4,18,True,32,4,200,1224,12.24,0
2974,0,1,0,4,19,True,90,2,10,522,5.22,0
2975,0,1,0,4,20,True,245,0,17,17,0.17,0
2976,0,1,0,4,21,True,244,11,223,3039,30.39,0
2977,0,1,0,4,22,True,32,0,33,33,0.33,0
2978,0,1,0,4,23,True,32,0,93,93,0.93,0
2979,0,1,0,4,24,True,32,13,200,3528,35.28,0
2980,0,1,0,4,25,True,67,15,196,4036,40.36,0
2981,0,1,0,4,26,True,4,0,188,188,1.88,0
2982,0,1,0,4,27,True,32,5,177,1457,14.57,0
2983,0,1,0,4,28,True,223,7,206,1998,19.98,0
2984,0,1,0,4,30,True,137,10,69,2629,26.29,0
2985,0,1,0,4,31,True,32,0,44,44,0.44,0
2986,0,1,0,4,32,True,31,11,85,2901,29.01,0
2987,0,1,0,4,33,True,32,0,13,13,0.13,0
2988,0,1,0,4,34,True,32,14,111,3695,36.95,0
2989,0,1,0,4,1,False,58,9,40,2344,23.44,0
2990,0,1,0,4,13,False,125,7,183,1975,19.75,0
2991,0,1,0,4,4,True,58,9,18,2322,23.22,0
2992,0,1,0,4,16,True,123,14,118,3702,37.02,0
2993,0,1,0,4,62,False,3,15,4,3844,38.44,0
2994,0,1,0,4,8,False,123,0,130,130,1.3,0
2995,0,1,2,1,60,False,0,0,0,0,0.0,0
2996,0,1,0,4,7,False,123,10,12,2572,25.72,0
2997,0,1,1,3,23,False,4,3,0,768,7.68,0
2998,0,1,0,4,10,False,123,5,122,1402,14.02,0
2999,0,1,15,4,11,False,67,13,61,3389,33.89,0
3000,0,1,0,4,24,False,204,13,217,3545,35.45,0
3001,0,1,0,4,7,True,204,13,200,3528,35.28,0
3002,0,88,0,0,0,False,0,0,10,10,0.1,2392916993
3003,0,-1,-1,-1,-1,True,-1,-1,-1,-1,-1.0,-1
3004,0,-1,-1,-1,-1,True,-1,-1,-1,-1,-1.0,-1
3005,0,-1,-1,-1,-1,True,-1,-1,-1,-1,-1.0,-1
3006,0,-1,-1,-1,-1,True,-1,-1,-1,-1,-1.0,-1
3007,0,1,0,4,34,True,86,15,144,3984,39.84,0
3008,0,1,0,4,32,True,225,15,2,3842,38.42,0
3009,0,1,0,4,3,True,6,1,217,473,4.73,0
3010,0,1,0,4,13,False,226,10,118,2678,26.78,0
3011,0,1,0,4,16,False,228,4,7,1031,10.31,0
3012,0,1,0,4,11,False,225,2,197,709,7.09,0
3013,0,1,0,4,4,False,18,2,12,524,5.24,0
3014,0,1,0,4,8,False,225,5,201,1481,14.81,0
3015,0,1,22,7,4,False,133,2,12,524,5.24,4013476
3016,0,1,0,4,28,False,4,11,139,2955,29.55,0
3017,0,1,1,3,48,True,177,13,0,3328,33.28,0
3018,0,1,0,4,12,False,150,9,194,2498,24.98,0
3019,0,1,31,2,4,False,139,0,0,0,0.0,0
3020,0,1,0,4,13,False,58,14,231,3815,38.15,0
3021,0,1,22,1,13,False,0,0,0,0,0.0,0
3022,0,1,0,4,14,False,208,6,228,1764,17.64,0
3023,0,1,28,3,61,False,61,13,0,3328,33.28,0
3024,0,176,0,0,0,False,0,0,10,10,0.1,3785229313
3025,0,-1,-1,-1,-1,True,-1,-1,-1,-1,-1.0,-1
3026,0,-1,-1,-1,-1,True,-1,-1,-1,-1,-1.0,-1
3027,0,-1,-1,-1,-1,True,-1,-1,-1,-1,-1.0,-1
3028,0,1,0,4,31,True,70,10,194,2754,27.54,0
3029,0,1,0,4,32,True,96,3,212,980,9.8,0
3030,0,1,0,4,33,True,81,7,133,1925,19.25,0
3031,0,1,0,4,34,True,85,7,97,1889,18.89,0
3032,0,1,0,4,30,False,183,2,7,519,5.19,0
3033,0,1,0,4,16,False,162,1,97,353,3.53,0
3034,0,1,0,4,13,False,159,7,134,1926,19.26,0
3035,0,1,0,4,3,True,163,1,53,309,3.09,0
3036,0,1,0,4,8,False,157,13,108,3436,34.36,0
3037,0,1,0,4,4,False,18,14,10,3594,35.94,0
3038,0,1,0,4,7,False,157,6,63,1599,15.99,0
3039,0,1,18,5,4,False,133,14,10,3594,35.94,129
3040,0,1,0,4,10,False,157,3,178,946,9.46,0
3041,0,1,0,4,11,False,157,15,152,3992,39.92,0
3042,0,1,0,4,12,False,157,3,76,844,8.44,0
3043,0,1,0,4,15,True,157,6,40,1576,15.76,0
3044,0,1,0,4,16,True,157,11,220,3036,30.36,0
3045,0,1,0,4,17,True,157,1,12,268,2.68,0
3046,0,1,0,4,18,True,157,4,203,1227,12.27,0
3047,0,1,0,4,19,True,157,0,189,189,1.89,0
3048,0,1,0,4,20,True,157,2,117,629,6.29,0
3049,0,1,0,4,21,True,157,2,58,570,5.7,0
3050,0,1,0,4,22,True,157,0,111,111,1.11,0
3051,0,1,0,4,23,True,183,1,247,503,5.03,0
3052,0,1,0,4,24,True,157,13,252,3580,35.8,0
3053,0,1,0,4,25,True,157,3,37,805,8.05,0
3054,0,1,0,4,26,True,157,4,197,1221,12.21,0
3055,0,1,0,4,27,True,157,5,147,1427,14.27,0
3056,0,1,0,4,28,True,157,2,253,765,7.65,0
3057,0,1,0,4,30,True,157,15,131,3971,39.71,0
3058,0,1,0,4,31,True,157,0,67,67,0.67,0
3059,0,1,0,4,32,True,157,11,122,2938,29.38,0
3060,0,1,0,4,33,True,157,0,4,4,0.04,0
3061,0,1,0,4,34,True,157,14,12,3596,35.96,0
3062,0,1,0,4,3,True,2,2,86,598,5.98,0
3063,0,1,0,4,31,False,118,10,179,2739,27.39,0
3064,0,1,0,4,16,False,0,4,234,1258,12.58,0
3065,0,1,0,4,8,False,254,13,135,3463,34.63,0
3066,0,1,0,4,17,False,0,5,247,1527,15.27,0
3067,0,1,0,4,7,False,254,6,202,1738,17.38,0
3068,0,1,0,4,4,True,0,4,211,1235,12.35,0
3069,0,1,0,4,10,False,254,3,107,875,8.75,0
3070,0,1,0,4,16,True,0,5,227,1507,15.07,0
3071,0,1,0,4,11,False,254,15,219,4059,40.59,0
3072,0,1,0,4,12,False,254,2,207,719,7.19,0
3073,0,1,0,4,13,False,255,7,201,1993,19.93,0
3074,0,1,0,4,3,True,118,10,151,2711,27.11,0
3075,0,1,0,4,15,True,254,6,181,1717,17.17,0
3076,0,1,0,4,16,True,254,11,148,2964,29.64,0
3077,0,1,0,4,17,True,254,1,71,327,3.27,0
3078,0,1,0,4,18,True,254,4,198,1222,12.22,0
3079,0,1,0,4,19,True,254,0,126,126,1.26,0
3080,0,1,0,4,20,True,254,2,175,687,6.87,0
3081,0,1,0,4,21,True,254,1,217,473,4.73,0
3082,0,1,0,4,22,True,254,0,68,68,0.68,0
3083,0,1,0,4,23,True,254,0,45,45,0.45,0
3084,0,1,0,4,24,True,254,13,228,3556,35.56,0
3085,0,1,0,4,25,True,254,3,133,901,9.01,0
3086,0,1,0,4,26,True,254,4,156,1180,11.8,0
3087,0,1,0,4,27,True,254,5,52,1332,13.32,0
3088,0,1,0,4,28,True,254,3,72,840,8.4,0
3089,0,1,0,4,30,True,254,15,104,3944,39.44,0
3090,0,1,0,4,31,False,4,14,19,3603,36.03,0
3091,0,1,0,4,14,True,4,13,254,3582,35.82,0
3092,0,1,0,4,31,True,254,15,133,3973,39.73,0
3093,0,1,0,4,32,True,254,11,37,2853,28.53,0
3094,0,1,0,4,33,True,254,0,3,3,0.03,0
3095,0,1,0,4,34,True,254,14,92,3676,36.76,0
3096,0,1,0,4,20,False,77,4,18,1042,10.42,0
3097,0,1,0,4,17,False,79,4,53,1077,10.77,0
3098,0,1,0,4,13,False,78,8,198,2246,22.46,0
3099,0,1,0,4,16,False,78,5,168,1448,14.48,0
3100,0,1,0,4,8,False,77,13,165,3493,34.93,0
3101,0,1,0,4,48,True,4,3,80,848,8.48,0
3102,0,1,0,4,7,False,77,5,252,1532,15.32,0
3103,0,1,0,4,18,True,4,5,77,1357,13.57,0
3104,0,1,0,4,10,False,77,3,96,864,8.64,0
3105,0,1,1,2,33,False,61,0,0,0,0.0,0
3106,0,1,0,4,21,False,81,7,46,1838,18.38,0
3107,0,1,0,4,4,True,81,7,27,1819,18.19,0
3108,0,1,0,4,26,False,4,2,27,539,5.39,0
3109,0,1,1,2,12,True,163,0,0,0,0.0,0
3110,0,1,0,4,26,False,4,4,3,1027,10.27,0
3111,0,1,5,4,5,False,209,12,162,3234,32.34,0
3112,0,1,1,5,26,True,4,4,4,1028,10.28,255
3113,0,1,1,6,46,True,145,2,4,516,5.16,17413
3114,0,1,0,3,43,True,13,2,0,512,5.12,0
3115,0,1,0,4,4,False,11,10,15,2575,25.75,0
3116,0,1,21,0,0,False,0,0,0,0,0.0,0
3117,0,1,2,2,22,False,10,0,0,0,0.0,0
3118,0,1,0,4,5,False,160,5,76,1356,13.56,0
3119,0,1,6,7,4,False,161,6,10,1546,15.46,4013347
3120,0,1,0,4,33,False,4,12,138,3210,32.1,0
3121,0,1,0,3,63,False,251,13,0,3328,33.28,0
3122,0,1,6,4,4,False,4,0,55,55,0.55,0
3123,0,1,0,2,56,True,162,0,0,0,0.0,0
3124,0,1,31,3,13,False,4,2,0,512,5.12,0
3125,0,1,7,0,0,False,0,0,0,0,0.0,0
3126,0,1,1,3,8,True,29,13,0,3328,33.28,0
3127,0,1,0,4,31,False,4,15,129,3969,39.69,0
3128,0,1,0,4,8,False,119,4,170,1194,11.94,0
3129,0,1,0,4,9,True,119,4,149,1173,11.73,0
3130,0,1,0,4,15,False,52,4,10,1034,10.34,0
3131,0,1,0,2,2,False,121,0,0,0,0.0,0
3132,0,1,0,4,11,False,176,3,251,1019,10.19,0
3133,0,1,0,4,12,False,244,3,82,850,8.5,0
3134,0,1,0,4,13,False,76,8,200,2248,22.48,0
3135,0,1,0,4,14,False,238,12,122,3194,31.94,0
3136,0,1,0,4,17,False,157,13,188,3516,35.16,0
3137,0,1,0,4,18,False,230,5,57,1337,13.37,0
3138,0,1,0,4,19,False,232,0,216,216,2.16,0
3139,0,1,0,4,20,False,36,8,190,2238,22.38,0
3140,0,1,0,4,21,False,107,15,40,3880,38.8,0
3141,0,1,0,4,23,False,235,4,111,1135,11.35,0
3142,0,1,0,4,24,False,180,3,15,783,7.83,0
3143,0,1,0,4,25,False,160,6,215,1751,17.51,0
3144,0,1,0,4,26,False,160,12,170,3242,32.42,0
3145,0,1,0,4,27,False,192,11,203,3019,30.19,0
3146,0,1,0,4,28,False,29,6,238,1774,17.74,0
3147,0,1,0,4,29,False,69,13,149,3477,34.77,0
3148,0,1,0,4,30,False,230,8,115,2163,21.63,0
3149,0,1,0,4,31,False,171,0,243,243,2.43,0
3150,0,1,0,4,32,False,138,14,168,3752,37.52,0
3151,0,1,0,4,33,False,156,6,65,1601,16.01,0
3152,0,1,0,4,3,True,53,9,218,2522,25.22,0
3153,0,1,0,4,4,True,159,3,10,778,7.78,0
3154,0,1,0,4,5,True,191,5,77,1357,13.57,0
3155,0,1,0,4,6,True,103,9,143,2447,24.47,0
3156,0,1,0,4,7,True,54,9,58,2362,23.62,0
3157,0,1,0,4,8,True,171,5,225,1505,15.05,0
3158,0,1,0,4,9,True,179,0,89,89,0.89,0
3159,0,1,0,4,10,True,183,10,146,2706,27.06,0
3160,0,1,0,4,11,True,29,14,252,3836,38.36,0
3161,0,1,0,4,12,True,230,1,174,430,4.3,0
3162,0,1,0,4,13,True,156,0,204,204,2.04,0
3163,0,1,0,4,14,True,76,2,14,526,5.26,0
3164,0,1,0,4,15,True,157,3,251,1019,10.19,0
3165,0,1,0,4,16,True,241,15,215,4055,40.55,0
3166,0,1,0,4,17,True,232,1,255,511,5.11,0
3167,0,1,0,4,18,True,20,4,25,1049,10.49,0
3168,0,1,0,4,19,True,230,13,49,3377,33.77,0
3169,0,1,0,4,20,True,178,11,6,2822,28.22,0
3170,0,1,0,4,21,True,176,6,185,1721,17.21,0
3171,0,1,0,4,22,True,69,13,42,3370,33.7,0
3172,0,1,0,4,23,True,135,13,207,3535,35.35,0
3173,0,1,0,4,24,True,136,4,151,1175,11.75,0
3174,0,1,0,4,25,True,26,2,56,568,5.68,0
3175,0,1,0,4,26,True,124,13,193,3521,35.21,0
3176,0,1,0,4,27,True,122,14,176,3760,37.6,0
3177,0,1,0,4,28,True,49,6,151,1687,16.87,0
3178,0,1,0,4,29,True,138,11,153,2969,29.69,0
3179,0,1,0,4,30,True,209,1,115,371,3.71,0
3180,0,1,0,4,31,True,213,3,7,775,7.75,0
3181,0,1,0,4,32,True,10,1,4,260,2.6,3574083096
3182,0,-1,-1,-1,-1,True,-1,-1,-1,-1,-1.0,-1
3183,0,-1,-1,-1,-1,True,-1,-1,-1,-1,-1.0,-1
3184,0,-1,-1,-1,-1,True,-1,-1,-1,-1,-1.0,-1
3185,0,-1,-1,-1,-1,True,-1,-1,-1,-1,-1.0,-1
3186,0,1,0,4,1,False,4,3,134,902,9.02,0
3187,0,1,0,3,1,False,137,14,0,3584,35.84,0
3188,0,1,0,4,11,False,146,3,73,841,8.41,0
3189,0,1,1,0,0,False,0,0,0,0,0.0,0
3190,0,1,0,4,12,False,134,8,78,2126,21.26,0
3191,0,1,24,0,0,False,0,0,0,0,0.0,0
3192,0,1,0,4,13,False,167,11,79,2895,28.95,0
3193,0,1,0,4,17,False,153,7,250,2042,20.42,0
3194,0,1,0,4,18,False,8,2,213,725,7.25,0
3195,0,1,0,4,19,False,180,1,16,272,2.72,0
3196,0,1,0,4,20,False,86,3,24,792,7.92,0
3197,0,1,0,4,22,False,137,6,68,1604,16.04,0
3198,0,1,0,4,26,False,172,5,125,1405,14.05,0
3199,0,1,0,4,27,False,154,11,74,2890,28.9,0
3200,0,1,0,4,30,False,204,15,129,3969,39.69,0
3201,0,1,0,4,31,False,227,8,56,2104,21.04,0
3202,0,1,0,4,32,False,227,11,112,2928,29.28,0
3203,0,1,0,4,4,True,172,12,219,3291,32.91,0
3204,0,1,0,4,5,True,164,2,55,567,5.67,0
3205,0,1,0,4,6,True,9,6,154,1690,16.9,0
3206,0,1,0,4,7,True,167,11,58,2874,28.74,0
3207,0,1,0,4,8,True,171,6,67,1603,16.03,0
3208,0,1,0,4,9,True,27,13,241,3569,35.69,0
3209,0,1,0,4,14,True,204,13,116,3444,34.44,0
3210,0,1,0,4,15,True,134,15,62,3902,39.02,0
3211,0,1,0,4,16,True,154,13,94,3422,34.22,0
3212,0,1,0,4,17,True,134,7,75,1867,18.67,0
3213,0,1,0,4,18,True,134,10,30,2590,25.9,0
3214,0,1,0,4,19,True,153,14,66,3650,36.5,0
3215,0,1,0,4,20,True,76,14,159,3743,37.43,0
3216,0,1,0,4,21,True,89,8,253,2301,23.01,0
3217,0,1,0,4,22,True,32,4,198,1222,12.22,0
3218,0,1,0,4,23,True,146,12,9,3081,30.81,0
3219,0,1,0,4,24,True,86,6,185,1721,17.21,0
3220,0,1,0,4,25,True,134,8,46,2094,20.94,0
3221,0,1,0,4,26,True,134,9,173,2477,24.77,0
3222,0,1,0,4,27,True,137,10,4,2564,25.64,0
3223,0,1,0,4,28,True,134,11,164,2980,29.8,0
3224,0,1,0,4,30,True,134,3,222,990,9.9,0
3225,0,1,0,4,31,True,206,5,220,1500,15.0,0
3226,0,1,0,4,32,True,10,1,4,260,2.6,4195063063
3227,0,-1,-1,-1,-1,True,-1,-1,-1,-1,-1.0,-1
3228,0,-1,-1,-1,-1,True,-1,-1,-1,-1,-1.0,-1
3229,0,-1,-1,-1,-1,True,-1,-1,-1,-1,-1.0,-1
3230,0,-1,-1,-1,-1,True,-1,-1,-1,-1,-1.0,-1
3231,0,1,0,4,3,True,149,11,230,3046,30.46,0
3232,0,-1,-1,-1,-1,True,-1,-1,-1,-1,-1.0,-1
3233,0,-1,-1,-1,-1,True,-1,-1,-1,-1,-1.0,-1
3234,0,-1,-1,-1,-1,True,-1,-1,-1,-1,-1.0,-1
3235,0,-1,-1,-1,-1,True,-1,-1,-1,-1,-1.0,-1
3236,0,-1,-1,-1,-1,True,-1,-1,-1,-1,-1.0,-1
3237,0,1,0,4,16,True,252,5,8,1288,12.88,0
3238,0,1,0,4,17,True,71,12,113,3185,31.85,0
3239,0,1,0,4,18,True,255,15,218,4058,40.58,0
3240,0,1,0,4,19,True,10,1,196,452,4.52,0
3241,0,1,0,4,20,True,109,2,164,676,6.76,0
3242,0,1,0,4,21,True,40,1,31,287,2.87,0
3243,0,1,0,4,22,True,109,0,39,39,0.39,0
3244,0,1,0,4,23,True,60,0,160,160,1.6,0
3245,0,1,0,4,24,True,18,1,3,259,2.59,0
3246,0,1,0,4,25,True,254,0,159,159,1.59,0
3247,0,1,0,4,26,True,159,5,120,1400,14.0,0
3248,0,1,0,4,27,True,173,7,232,2024,20.24,0
3249,0,1,0,4,28,True,110,10,106,2666,26.66,0
3250,0,1,0,4,29,True,234,13,40,3368,33.68,0
3251,0,1,0,4,30,True,109,15,82,3922,39.22,0
3252,0,1,0,4,31,True,248,3,51,819,8.19,0
3253,0,1,0,4,32,True,114,1,196,452,4.52,0
3254,0,1,0,4,33,True,109,15,159,3999,39.99,0
3255,0,1,0,4,34,True,109,14,83,3667,36.67,0
3256,0,1,0,4,33,False,176,7,150,1942,19.42,0
3257,0,1,0,4,17,False,18,5,65,1345,13.45,0
3258,0,1,0,4,13,False,18,8,115,2163,21.63,0
3259,0,1,0,4,16,True,18,5,44,1324,13.24,0
3260,0,1,0,4,8,False,16,13,153,3481,34.81,0
3261,0,1,0,4,17,False,10,11,4,2820,28.2,0
3262,0,1,0,4,7,False,16,6,225,1761,17.61,0
3263,0,1,16,5,61,False,61,13,61,3389,33.89,61
3264,0,1,0,4,33,False,209,15,147,3987,39.87,0
3265,0,1,0,4,10,False,16,3,173,941,9.41,0
3266,0,1,0,4,34,True,209,15,124,3964,39.64,0
3267,0,1,0,4,3,False,189,14,220,3804,38.04,0
3268,0,1,0,4,4,False,190,9,155,2459,24.59,0
3269,0,1,0,4,8,False,88,5,55,1335,13.35,0
3270,0,1,0,4,10,False,135,2,68,580,5.8,0
3271,0,1,0,4,11,False,17,15,163,4003,40.03,0
3272,0,1,0,4,12,False,72,8,46,2094,20.94,0
3273,0,1,0,4,13,False,72,1,241,497,4.97,0
3274,0,1,0,4,15,False,79,14,179,3763,37.63,0
3275,0,1,0,4,18,False,34,12,249,3321,33.21,0
3276,0,1,0,4,19,False,48,8,26,2074,20.74,0
3277,0,1,0,4,20,False,161,5,54,1334,13.34,0
3278,0,1,0,4,21,False,35,5,199,1479,14.79,0
3279,0,1,0,4,22,False,193,7,248,2040,20.4,0
3280,0,1,0,4,23,False,232,11,217,3033,30.33,0
3281,0,1,0,4,24,False,83,15,123,3963,39.63,0
3282,0,1,0,4,25,False,135,12,206,3278,32.78,0
3283,0,1,0,4,26,False,222,11,105,2921,29.21,0
3284,0,1,0,4,27,False,190,13,126,3454,34.54,0
3285,0,1,0,4,29,False,214,10,111,2671,26.71,0
3286,0,1,0,4,30,False,127,5,41,1321,13.21,0
3287,0,1,0,4,31,False,221,11,149,2965,29.65,0
3288,0,1,0,4,32,False,234,8,86,2134,21.34,0
3289,0,1,0,4,33,False,180,1,47,303,3.03,0
3290,0,1,0,4,3,True,135,9,89,2393,23.93,0
3291,0,1,0,4,4,True,47,8,121,2169,21.69,0
3292,0,1,0,4,5,True,67,8,222,2270,22.7,0
3293,0,1,0,4,6,True,247,15,79,3919,39.19,0
3294,0,1,0,4,7,True,214,6,158,1694,16.94,0
3295,0,1,0,4,8,True,221,4,117,1141,11.41,0
3296,0,1,0,4,9,True,88,14,139,3723,37.23,0
3297,0,1,0,4,10,True,79,13,158,3486,34.86,0
3298,0,1,0,4,11,True,127,3,129,897,8.97,0
3299,0,1,0,4,12,True,192,12,124,3196,31.96,0
3300,0,1,0,4,13,True,10,3,207,975,9.75,0
3301,0,1,0,4,14,True,83,4,74,1098,10.98,0
3302,0,1,0,4,15,True,180,4,234,1258,12.58,0
3303,0,1,0,4,16,True,34,1,123,379,3.79,0
3304,0,1,0,4,17,True,72,2,202,714,7.14,0
3305,0,1,0,4,18,True,72,12,177,3249,32.49,0
3306,0,1,0,4,19,True,88,3,84,852,8.52,0
3307,0,1,0,4,20,True,16,2,193,705,7.05,0
3308,0,1,0,4,21,True,87,13,95,3423,34.23,0
3309,0,1,0,4,22,True,99,7,214,2006,20.06,0
3310,0,1,0,4,23,True,234,12,88,3160,31.6,0
3311,0,1,0,4,24,True,77,0,86,86,0.86,0
3312,0,1,0,4,25,True,254,5,37,1317,13.17,0
3313,0,1,0,4,26,True,200,12,151,3223,32.23,0
3314,0,1,0,4,27,True,223,2,118,630,6.3,0
3315,0,1,0,4,28,True,225,9,20,2324,23.24,0
3316,0,1,0,4,30,True,190,13,19,3347,33.47,0
3317,0,1,0,4,31,True,16,15,247,4087,40.87,0
3318,0,1,0,4,32,True,16,11,139,2955,29.55,0
3319,0,1,0,4,33,True,16,15,224,4064,40.64,0
3320,0,1,0,4,34,True,16,14,120,3704,37.04,0
3321,0,1,0,4,31,False,125,3,195,963,9.63,0
3322,0,1,0,4,16,False,122,5,66,1346,13.46,0
3323,0,1,0,4,13,False,122,6,200,1736,17.36,0
3324,0,1,0,4,17,False,122,6,133,1669,16.69,0
3325,0,1,0,4,8,False,121,13,181,3509,35.09,0
3326,0,1,0,4,10,False,132,4,131,1155,11.55,0
3327,0,1,0,4,7,False,121,6,111,1647,16.47,0
3328,0,1,15,3,4,False,228,4,0,1024,10.24,0
3329,0,1,0,4,10,False,121,3,169,937,9.37,0
3330,0,1,16,5,58,False,6,15,61,3901,39.01,61
3331,0,1,0,4,33,False,4,11,121,2937,29.37,0
3332,0,1,1,7,37,True,196,6,40,1576,15.76,303620
3333,0,1,0,3,13,False,8,2,0,512,5.12,0
3334,0,1,24,4,6,False,18,13,61,3389,33.89,0
3335,0,1,0,4,27,False,4,5,22,1302,13.02,0
3336,0,1,1,5,56,True,214,5,172,1452,14.52,4
3337,0,1,17,6,22,True,5,4,6,1030,10.3,1525
3338,0,1,24,5,18,True,61,13,61,3389,33.89,61
3339,0,1,0,4,20,False,176,7,179,1971,19.71,0
3340,0,1,0,4,4,True,176,7,163,1955,19.55,0
3341,0,1,0,4,12,False,52,15,180,4020,40.2,0
3342,0,1,0,4,13,True,52,15,159,3999,39.99,0
3343,0,-1,-1,-1,-1,True,-1,-1,-1,-1,-1.0,-1
3344,0,-1,-1,-1,-1,True,-1,-1,-1,-1,-1.0,-1
3345,0,-1,-1,-1,-1,True,-1,-1,-1,-1,-1.0,-1
3346,0,-1,-1,-1,-1,True,-1,-1,-1,-1,-1.0,-1
3347,0,1,0,4,32,False,224,13,19,3347,33.47,0
3348,0,1,0,4,1,False,255,9,90,2394,23.94,0
3349,0,1,0,4,12,False,252,4,148,1172,11.72,0
3350,0,1,0,4,5,False,36,9,130,2434,24.34,0
3351,0,1,28,0,0,False,0,0,0,0,0.0,0
3352,0,1,0,4,7,False,219,1,174,430,4.3,0
3353,0,1,0,4,9,False,180,10,165,2725,27.25,0
3354,0,1,0,4,10,False,5,10,187,2747,27.47,0
3355,0,1,0,4,11,False,244,12,178,3250,32.5,0
3356,0,1,0,4,12,False,229,3,31,799,7.99,0
3357,0,1,0,4,13,False,236,1,202,458,4.58,0
3358,0,1,0,4,16,False,176,15,249,4089,40.89,0
3359,0,1,0,4,17,False,30,1,203,459,4.59,0
3360,0,1,0,4,18,False,31,4,17,1041,10.41,0
3361,0,1,0,4,19,False,135,4,237,1261,12.61,0
3362,0,1,0,4,20,False,166,10,177,2737,27.37,0
3363,0,1,0,4,21,False,165,10,3,2563,25.63,0
3364,0,1,0,4,22,False,199,1,105,361,3.61,0
3365,0,1,0,4,23,False,165,8,222,2270,22.7,0
3366,0,1,0,4,24,False,169,3,29,797,7.97,0
3367,0,1,0,4,25,False,143,4,159,1183,11.83,0
3368,0,1,0,4,26,False,212,15,217,4057,40.57,0
3369,0,1,0,4,27,False,207,8,216,2264,22.64,0
3370,0,1,0,4,28,False,206,5,96,1376,13.76,0
3371,0,1,0,4,29,False,222,1,122,378,3.78,0
3372,0,1,0,4,30,False,214,15,60,3900,39.0,0
3373,0,1,0,4,31,False,137,4,3,1027,10.27,0
3374,0,1,0,4,32,False,115,2,227,739,7.39,0
3375,0,1,0,4,33,False,151,9,125,2429,24.29,0
3376,0,1,0,4,3,True,12,12,152,3224,32.24,0
3377,0,1,0,4,4,True,87,14,51,3635,36.35,0
3378,0,1,0,4,5,True,206,4,88,1112,11.12,0
3379,0,1,0,4,6,True,136,1,68,324,3.24,0
3380,0,1,0,4,7,True,252,4,38,1062,10.62,0
3381,0,1,0,4,8,True,151,13,113,3441,34.41,0
3382,0,1,0,4,10,True,171,12,207,3279,32.79,0
3383,0,1,0,4,11,True,137,4,137,1161,11.61,0
3384,0,1,0,4,12,True,180,0,172,172,1.72,0
3385,0,1,0,4,13,True,136,14,88,3672,36.72,0
3386,0,1,0,4,14,True,229,11,80,2896,28.96,0
3387,0,1,0,4,15,True,81,13,228,3556,35.56,0
3388,0,1,0,4,16,True,30,7,206,1998,19.98,0
3389,0,1,0,4,17,True,60,11,229,3045,30.45,0
3390,0,1,0,4,18,True,168,14,242,3826,38.26,0
3391,0,1,0,4,19,True,227,0,27,27,0.27,0
3392,0,1,0,4,20,True,218,6,69,1605,16.05,0
3393,0,1,0,4,21,True,72,2,1,513,5.13,0
3394,0,1,0,4,22,True,122,3,120,888,8.88,0
3395,0,1,0,4,23,True,175,4,248,1272,12.72,0
3396,0,1,0,4,24,True,19,2,105,617,6.17,0
3397,0,1,0,4,25,True,236,4,192,1216,12.16,0
3398,0,1,0,4,26,True,201,6,35,1571,15.71,0
3399,0,1,0,4,27,True,46,10,63,2623,26.23,0
3400,0,1,0,4,28,True,143,2,26,538,5.38,0
3401,0,1,0,4,29,True,222,1,147,403,4.03,0
3402,0,1,0,4,30,True,165,4,125,1149,11.49,0
3403,0,1,0,4,31,True,165,12,172,3244,32.44,0
3404,0,1,0,4,32,True,112,10,132,2692,26.92,0
3405,0,1,0,4,33,True,161,9,162,2466,24.66,0
3406,0,1,0,4,34,True,72,14,40,3624,36.24,0
3407,0,1,0,4,24,False,177,10,183,2743,27.43,0
3408,0,1,0,4,3,True,61,2,140,652,6.52,0
3409,0,1,0,4,13,False,59,7,0,1792,17.92,0
3410,0,1,0,4,17,False,59,5,25,1305,13.05,0
3411,0,1,0,4,8,False,57,13,85,3413,34.13,0
3412,0,1,0,4,24,True,4,2,58,570,5.7,0
3413,0,1,0,4,7,False,57,6,79,1615,16.15,0
3414,0,1,1,2,1,True,4,0,0,0,0.0,0
3415,0,1,0,4,10,False,57,3,76,844,8.44,0
3416,0,1,16,5,58,False,10,3,61,829,8.29,61
3417,0,1,0,4,7,False,222,4,235,1259,12.59,0
3418,0,1,0,4,13,True,222,4,217,1241,12.41,0
3419,0,1,0,4,30,False,24,3,206,974,9.74,0
3420,0,1,0,4,11,False,71,15,134,3974,39.74,0
3421,0,1,0,4,6,True,23,3,182,950,9.5,0
3422,0,1,0,4,12,False,71,2,189,701,7.01,0
3423,0,1,0,4,19,False,81,2,68,580,5.8,0
3424,0,1,0,4,20,False,91,5,51,1331,13.31,0
3425,0,1,0,4,21,False,93,13,181,3509,35.09,0
3426,0,1,0,4,22,False,91,14,51,3635,36.35,0
3427,0,1,0,4,29,False,151,15,136,3976,39.76,0
3428,0,1,0,4,31,False,253,2,27,539,5.39,0
3429,0,1,0,4,32,False,94,7,59,1851,18.51,0
3430,0,1,0,4,33,False,230,15,128,3968,39.68,0
3431,0,1,0,4,4,True,253,2,7,519,5.19,0
3432,0,1,0,4,6,True,93,2,57,569,5.69,0
3433,0,1,0,4,7,True,230,15,109,3949,39.49,0
3434,0,1,0,4,14,True,150,15,113,3953,39.53,0
3435,0,1,0,4,15,True,71,6,180,1716,17.16,0
3436,0,1,0,4,16,True,71,11,200,3016,30.16,0
3437,0,1,0,4,17,True,71,1,101,357,3.57,0
3438,0,1,0,4,18,True,91,9,162,2466,24.66,0
3439,0,1,0,4,19,True,71,0,148,148,1.48,0
3440,0,1,0,4,20,True,94,10,17,2577,25.77,0
3441,0,1,0,4,21,True,71,2,83,595,5.95,0
3442,0,1,0,4,22,True,71,15,216,4056,40.56,0
3443,0,1,0,4,23,True,71,0,127,127,1.27,0
3444,0,1,0,4,24,True,71,13,247,3575,35.75,0
3445,0,1,0,4,25,True,71,3,171,939,9.39,0
3446,0,1,0,4,26,True,71,4,208,1232,12.32,0
3447,0,1,0,4,27,True,71,6,55,1591,15.91,0
3448,0,1,0,4,28,True,81,6,47,1583,15.83,0
3449,0,1,0,4,30,True,71,15,241,4081,40.81,0
3450,0,1,0,4,31,True,71,0,66,66,0.66,0
3451,0,1,0,4,32,True,71,11,117,2933,29.33,0
3452,0,1,0,4,33,True,71,0,11,11,0.11,0
3453,0,1,0,4,34,True,71,14,58,3642,36.42,0
3454,0,1,0,4,21,False,234,5,99,1379,13.79,0
3455,0,1,0,4,3,True,0,2,129,641,6.41,0
3456,0,1,0,4,13,False,253,5,102,1382,13.82,0
3457,0,1,0,4,16,False,255,4,28,1052,10.52,0
3458,0,1,0,4,8,False,251,13,163,3491,34.91,0
3459,0,1,0,4,4,False,18,12,10,3082,30.82,0
3460,0,1,0,4,7,False,251,7,27,1819,18.19,0
3461,0,1,13,7,4,False,133,12,10,3082,30.82,4013403
3462,0,1,0,4,26,False,4,10,252,2812,28.12,0
3463,0,1,0,3,60,False,5,8,0,2048,20.48,0
3464,0,1,5,7,4,False,142,5,4,1284,12.84,719883
3465,0,1,29,7,8,False,4,12,237,3309,33.09,1766400
3466,0,1,0,4,33,False,4,5,254,1534,15.34,0
3467,0,1,1,7,30,True,220,12,202,3274,32.74,303620
3468,0,1,0,2,58,True,10,0,0,0,0.0,0
3469,0,1,24,6,51,True,12,3,61,829,8.29,15677
3470,0,1,0,4,26,False,104,14,133,3717,37.17,0
3471,0,1,0,4,15,True,104,14,114,3698,36.98,0
3472,0,1,0,4,21,False,34,2,229,741,7.41,0
3473,0,1,0,4,4,False,13,7,10,1802,18.02,0
3474,0,1,26,5,6,True,34,2,206,718,7.18,61
3475,0,-1,-1,-1,-1,True,-1,-1,-1,-1,-1.0,-1
3476,0,-1,-1,-1,-1,True,-1,-1,-1,-1,-1.0,-1
3477,0,-1,-1,-1,-1,True,-1,-1,-1,-1,-1.0,-1
3478,0,1,0,4,27,False,220,13,230,3558,35.58,0
3479,0,1,0,4,28,False,35,8,48,2096,20.96,0
3480,0,1,0,4,29,False,158,11,90,2906,29.06,0
3481,0,1,0,4,30,False,197,13,24,3352,33.52,0
3482,0,1,0,4,31,False,48,0,237,237,2.37,0
3483,0,1,0,4,32,False,152,4,148,1172,11.72,0
3484,0,1,0,4,33,False,72,3,235,1003,10.03,0
3485,0,1,0,4,3,True,43,8,136,2184,21.84,0
3486,0,1,0,4,4,True,229,7,49,1841,18.41,0
3487,0,1,0,4,5,True,236,7,209,2001,20.01,0
3488,0,1,0,4,6,True,220,8,246,2294,22.94,0
3489,0,1,0,4,7,True,199,8,119,2167,21.67,0
3490,0,1,0,4,8,True,254,13,18,3346,33.46,0
3491,0,1,0,4,9,True,168,9,60,2364,23.64,0
3492,0,1,0,4,10,True,48,2,74,586,5.86,0
3493,0,1,0,4,11,True,48,8,168,2216,22.16,0
3494,0,1,0,4,12,True,215,12,81,3153,31.53,0
3495,0,1,0,4,13,True,219,6,228,1764,17.64,0
3496,0,1,0,4,14,True,137,5,14,1294,12.94,0
3497,0,1,0,4,15,True,197,12,10,3082,30.82,0
3498,0,1,0,4,16,True,106,5,32,1312,13.12,0
3499,0,1,0,4,17,True,101,1,203,459,4.59,0
3500,0,1,0,4,18,True,40,0,58,58,0.58,0
3501,0,1,0,4,19,True,98,12,115,3187,31.87,0
3502,0,1,0,4,20,True,56,9,174,2478,24.78,0
3503,0,1,0,4,21,True,157,5,229,1509,15.09,0
3504,0,1,0,4,22,True,198,13,160,3488,34.88,0
3505,0,1,0,4,23,True,209,6,14,1550,15.5,0
3506,0,1,0,4,24,True,194,12,31,3103,31.03,0
3507,0,1,0,4,25,True,38,10,199,2759,27.59,0
3508,0,1,0,4,26,True,251,4,139,1163,11.63,0
3509,0,1,0,4,27,True,179,8,55,2103,21.03,0
3510,0,1,0,4,28,True,77,13,191,3519,35.19,0
3511,0,1,0,4,29,True,220,9,151,2455,24.55,0
3512,0,1,0,4,30,True,100,11,232,3048,30.48,0
3513,0,1,0,4,31,True,251,0,64,64,0.64,0
3514,0,1,0,4,32,True,172,13,156,3484,34.84,0
3515,0,1,0,4,33,True,158,2,203,715,7.15,0
3516,0,1,0,4,34,True,236,10,51,2611,26.11,0
3517,0,1,0,4,24,False,217,15,67,3907,39.07,0
3518,0,1,0,4,17,False,158,4,198,1222,12.22,0
3519,0,1,0,4,13,False,157,7,112,1904,19.04,0
3520,0,1,0,4,16,False,157,6,210,1746,17.46,0
3521,0,1,0,4,8,False,156,13,178,3506,35.06,0
3522,0,1,0,4,10,False,170,4,132,1156,11.56,0
3523,0,1,0,4,7,False,156,6,187,1723,17.23,0
3524,0,1,19,5,10,False,150,4,144,1168,11.68,158
3525,0,1,0,4,10,False,156,3,161,929,9.29,0
3526,0,1,0,4,11,False,156,15,159,3999,39.99,0
3527,0,1,0,4,12,False,156,3,47,815,8.15,0
3528,0,1,0,4,15,True,156,6,166,1702,17.02,0
3529,0,1,0,4,16,True,156,11,180,2996,29.96,0
3530,0,1,0,4,17,True,156,0,96,96,0.96,0
3531,0,1,0,4,18,True,156,4,97,1121,11.21,0
3532,0,1,0,4,19,True,156,0,178,178,1.78,0
3533,0,1,0,4,20,True,156,2,168,680,6.8,0
3534,0,1,0,4,21,True,156,1,197,453,4.53,0
3535,0,1,0,4,22,True,156,0,1,1,0.01,0
3536,0,1,0,4,23,True,156,0,110,110,1.1,0
3537,0,1,0,4,24,True,156,13,145,3473,34.73,0
3538,0,1,0,4,25,True,156,3,113,881,8.81,0
3539,0,1,0,4,26,True,156,4,168,1192,11.92,0
3540,0,1,0,4,27,True,156,6,17,1553,15.53,0
3541,0,1,0,4,28,True,156,3,186,954,9.54,0
3542,0,1,0,4,30,True,156,15,175,4015,40.15,0
3543,0,1,0,4,31,True,156,15,250,4090,40.9,0
3544,0,1,0,4,32,True,156,11,66,2882,28.82,0
3545,0,1,0,4,33,True,156,15,199,4039,40.39,0
3546,0,1,0,4,34,True,156,14,114,3698,36.98,0
3547,0,1,0,4,18,False,196,10,235,2795,27.95,0
3548,0,1,0,4,17,False,80,4,68,1092,10.92,0
3549,0,1,0,4,13,False,80,10,14,2574,25.74,0
3550,0,1,0,4,16,False,80,6,63,1599,15.99,0
3551,0,1,0,4,8,False,78,13,87,3415,34.15,0
3552,0,1,0,4,18,True,4,3,81,849,8.49,0
3553,0,1,0,4,7,False,78,6,76,1612,16.12,0
3554,0,1,0,4,41,False,4,5,79,1359,13.59,0
3555,0,1,0,4,10,False,79,3,95,863,8.63,0
3556,0,1,1,1,48,False,0,0,0,0,0.0,0
3557,0,1,0,4,11,False,79,15,67,3907,39.07,0
3558,0,1,0,4,12,False,79,2,214,726,7.26,0
3559,0,1,0,4,9,True,196,10,206,2766,27.66,0
3560,0,1,0,4,15,True,78,6,55,1591,15.91,0
3561,0,1,0,4,16,True,78,11,160,2976,29.76,0
3562,0,1,0,4,17,True,78,1,75,331,3.31,0
3563,0,1,0,4,18,True,78,4,145,1169,11.69,0
3564,0,1,0,4,19,True,78,0,187,187,1.87,0
3565,0,1,0,4,20,True,78,2,110,622,6.22,0
3566,0,1,0,4,21,True,79,1,229,485,4.85,0
3567,0,1,0,4,22,True,78,0,68,68,0.68,0
3568,0,1,0,4,23,True,79,0,112,112,1.12,0
3569,0,1,0,4,24,True,79,13,197,3525,35.25,0
3570,0,1,0,4,25,True,79,3,131,899,8.99,0
3571,0,1,0,4,26,True,78,4,212,1236,12.36,0
3572,0,1,0,4,27,True,78,5,149,1429,14.29,0
3573,0,1,0,4,28,True,78,2,243,755,7.55,0
3574,0,1,0,4,30,True,79,15,131,3971,39.71,0
3575,0,1,0,4,31,True,78,15,255,4095,40.95,0
3576,0,1,0,4,32,True,78,10,1,2561,25.61,2450260996
3577,0,-1,-1,-1,-1,True,-1,-1,-1,-1,-1.0,-1
3578,0,-1,-1,-1,-1,True,-1,-1,-1,-1,-1.0,-1
3579,0,-1,-1,-1,-1,True,-1,-1,-1,-1,-1.0,-1
3580,0,1,19,6,22,False,5,10,250,2810,28.1,33540
3581,0,1,19,5,4,False,19,12,3,3075,30.75,116
3582,0,1,0,2,37,True,61,0,0,0,0.0,0
3583,0,1,0,4,4,False,4,3,3,771,7.71,0
3584,0,1,13,6,1,False,233,4,5,1029,10.29,3303
3585,0,1,6,7,6,False,142,4,131,1155,11.55,4001513
3586,0,-1,-1,-1,-1,True,-1,-1,-1,-1,-1.0,-1
3587,0,-1,-1,-1,-1,True,-1,-1,-1,-1,-1.0,-1
3588,0,1,0,3,41,False,26,6,0,1536,15.36,0
3589,0,1,21,5,4,False,7,7,2,1794,17.94,166
3590,0,1,0,4,25,False,23,15,251,4091,40.91,0
3591,0,1,0,4,11,False,221,15,238,4078,40.78,0
3592,0,1,0,4,17,True,23,15,229,4069,40.69,0
3593,0,1,0,4,12,False,221,3,123,891,8.91,0
3594,0,1,0,4,14,False,184,13,108,3436,34.36,0
3595,0,1,0,4,15,False,184,11,145,2961,29.61,0
3596,0,1,0,4,17,False,87,1,10,266,2.66,0
3597,0,1,0,4,20,False,253,7,54,1846,18.46,0
3598,0,1,0,4,23,False,125,7,31,1823,18.23,0
3599,0,1,0,4,26,False,74,15,138,3978,39.78,0
3600,0,1,0,4,27,False,74,13,221,3549,35.49,0
3601,0,1,0,4,28,False,193,8,186,2234,22.34,0
3602,0,1,0,4,32,False,70,10,224,2784,27.84,0
3603,0,1,0,4,33,False,72,6,63,1599,15.99,0
3604,0,1,0,4,3,True,125,4,182,1206,12.06,0
3605,0,1,0,4,5,True,184,13,86,3414,34.14,0
3606,0,1,0,4,7,True,163,0,144,144,1.44,0
3607,0,1,0,4,10,True,122,9,91,2395,23.95,0
3608,0,1,0,4,11,True,98,9,131,2435,24.35,0
3609,0,1,0,4,14,True,74,1,185,441,4.41,0
3610,0,1,0,4,15,True,220,7,89,1881,18.81,0
3611,0,1,0,4,16,True,70,13,27,3355,33.55,0
3612,0,1,0,4,17,True,221,1,28,284,2.84,0
3613,0,1,0,4,18,True,86,5,151,1431,14.31,0
3614,0,1,0,4,19,True,87,15,223,4063,40.63,0
3615,0,1,0,4,20,True,151,5,37,1317,13.17,0
3616,0,1,0,4,21,True,221,2,13,525,5.25,0
3617,0,1,0,4,22,True,221,0,71,71,0.71,0
3618,0,1,0,4,23,True,221,0,121,121,1.21,0
3619,0,1,0,4,24,True,221,13,214,3542,35.42,0
3620,0,1,0,4,25,True,221,3,81,849,8.49,0
3621,0,1,0,4,26,True,221,4,181,1205,12.05,0
3622,0,1,0,4,27,True,221,5,146,1426,14.26,0
3623,0,1,0,4,28,True,221,3,141,909,9.09,0
3624,0,1,0,4,29,True,193,7,255,2047,20.47,0
3625,0,1,0,4,30,True,197,7,204,1996,19.96,0
3626,0,1,0,4,31,True,221,0,31,31,0.31,0
3627,0,1,0,4,32,True,221,11,46,2862,28.62,0
3628,0,1,0,4,33,True,221,15,229,4069,40.69,0
3629,0,1,0,4,34,True,221,14,13,3597,35.97,0
3630,0,1,0,4,24,False,253,13,73,3401,34.01,0
3631,0,1,0,4,17,False,170,5,102,1382,13.82,0
3632,0,1,0,4,13,False,169,6,142,1678,16.78,0
3633,0,1,0,4,16,True,170,5,81,1361,13.61,0
3634,0,1,0,4,8,False,168,3,37,805,8.05,0
3635,0,1,0,4,11,False,8,4,133,1157,11.57,0
3636,0,1,0,4,7,False,168,12,122,3194,31.94,0
3637,0,1,21,1,61,False,0,0,0,0,0.0,0
3638,0,1,0,4,3,False,32,0,37,37,0.37,0
3639,0,1,0,4,4,True,32,0,15,15,0.15,0
3640,0,1,0,4,31,False,131,4,161,1185,11.85,0
3641,0,1,0,4,18,True,131,4,141,1165,11.65,0
3642,0,1,0,4,4,False,13,1,11,267,2.67,0
3643,0,1,1,1,31,False,0,0,0,0,0.0,0
3644,0,1,5,4,11,False,31,4,133,1157,11.57,0
3645,0,1,5,4,11,False,4,5,134,1414,14.14,0
3646,0,1,1,3,19,True,11,13,0,3328,33.28,0
3647,0,-1,-1,-1,-1,True,-1,-1,-1,-1,-1.0,-1
3648,0,178,0,0,0,False,0,0,10,10,0.1,2342650881
3649,0,-1,-1,-1,-1,True,-1,-1,-1,-1,-1.0,-1
3650,0,1,0,4,20,False,109,4,171,1195,11.95,0
3651,0,1,0,4,16,False,120,4,205,1229,12.29,0
3652,0,1,0,4,13,False,118,7,15,1807,18.07,0
3653,0,1,0,4,17,False,118,5,210,1490,14.9,0
3654,0,1,0,4,8,False,117,13,168,3496,34.96,0
3655,0,1,0,4,53,False,10,14,4,3588,35.88,0
3656,0,1,0,4,7,False,117,6,141,1677,16.77,0
3657,0,1,16,3,56,False,4,9,0,2304,23.04,0
3658,0,1,0,4,10,False,117,3,167,935,9.35,0
3659,0,1,0,4,5,True,118,5,189,1469,14.69,0
3660,0,1,0,4,11,False,117,15,191,4031,40.31,0
3661,0,1,0,4,12,False,117,3,12,780,7.8,0
3662,0,1,0,4,11,True,109,4,144,1168,11.68,0
3663,0,1,0,4,15,True,117,6,120,1656,16.56,0
3664,0,1,0,4,16,True,117,11,195,3011,30.11,0
3665,0,1,0,4,17,True,117,1,107,363,3.63,0
3666,0,1,0,4,18,True,117,4,219,1243,12.43,0
3667,0,1,0,4,19,True,117,0,154,154,1.54,0
3668,0,1,0,4,20,True,117,2,95,607,6.07,0
3669,0,1,0,4,21,True,117,1,156,412,4.12,0
3670,0,1,0,4,22,True,117,0,14,14,0.14,0
3671,0,1,0,4,23,True,117,0,148,148,1.48,0
3672,0,1,0,4,24,True,117,13,244,3572,35.72,0
3673,0,1,0,4,25,True,117,3,143,911,9.11,0
3674,0,1,0,4,26,True,117,4,77,1101,11.01,0
3675,0,1,0,4,27,True,117,5,186,1466,14.66,0
3676,0,1,0,4,28,True,117,3,248,1016,10.16,0
3677,0,1,0,4,30,True,117,15,120,3960,39.6,0
3678,0,1,0,4,31,True,117,0,8,8,0.08,0
3679,0,1,0,4,32,True,117,11,38,2854,28.54,0
3680,0,1,0,4,33,True,117,15,181,4021,40.21,0
3681,0,1,0,4,34,True,117,14,65,3649,36.49,0
3682,0,1,0,4,15,False,118,1,102,358,3.58,0
3683,0,1,0,4,28,False,58,8,20,2068,20.68,0
3684,0,1,0,4,17,False,112,4,73,1097,10.97,0
3685,0,1,0,4,8,False,109,13,137,3465,34.65,0
3686,0,1,0,4,16,False,111,5,104,1384,13.84,0
3687,0,1,0,4,7,False,109,6,46,1582,15.82,0
3688,0,1,0,4,3,True,112,2,195,707,7.07,0
3689,0,1,0,4,10,False,109,3,134,902,9.02,0
3690,0,1,0,4,5,True,110,10,225,2785,27.85,0
3691,0,1,0,4,11,False,109,15,180,4020,40.2,0
3692,0,1,0,4,61,False,61,13,61,3389,33.89,0
3693,0,1,0,4,11,False,6,2,4,516,5.16,0
3694,0,1,1,4,45,False,2,9,145,2449,24.49,0
3695,0,1,0,4,4,False,13,15,7,3847,38.47,0
3696,0,1,3,4,24,True,4,5,35,1315,13.15,0
3697,0,1,1,6,24,False,6,2,120,632,6.32,15677
3698,0,1,0,4,10,False,154,15,109,3949,39.49,0
3699,0,1,0,4,8,True,154,15,91,3931,39.31,0
3700,0,-1,-1,-1,-1,True,-1,-1,-1,-1,-1.0,-1
3701,0,1,2,3,57,True,11,9,0,2304,23.04,0
3702,0,1,0,3,46,True,4,4,0,1024,10.24,0
3703,0,1,0,4,31,True,185,11,152,2968,29.68,0
3704,0,1,0,4,15,False,75,4,23,1047,10.47,0
3705,0,1,0,4,6,False,38,4,28,1052,10.52,0
3706,0,1,0,5,12,False,248,4,29,1053,10.53,170
3707,0,1,0,4,43,True,4,14,11,3595,35.95,0
3708,0,1,0,2,9,True,4,0,0,0,0.0,0
3709,0,1,0,7,62,False,10,6,4,1540,15.4,736289
3710,0,1,0,6,4,False,132,14,10,3594,35.94,1089
3711,0,1,0,5,40,True,3,10,4,2564,25.64,136
3712,0,1,0,4,9,False,56,4,142,1166,11.66,0
3713,0,1,0,4,1,False,11,4,143,1167,11.67,0
3714,0,1,0,4,6,False,117,4,144,1168,11.68,0
3715,0,1,0,4,11,False,155,4,145,1169,11.69,0
3716,0,1,0,4,1,False,35,4,146,1170,11.7,0
3717,0,1,0,3,7,False,173,4,0,1024,10.24,0
3718,0,1,0,3,60,True,0,3,0,768,7.68,0
3719,0,1,0,4,20,True,201,12,132,3204,32.04,0
3720,0,1,0,4,21,True,170,7,33,1825,18.25,0
3721,0,1,0,4,22,True,252,0,29,29,0.29,0
3722,0,1,0,4,23,True,57,1,162,418,4.18,0
3723,0,1,0,4,24,True,11,13,121,3449,34.49,0
3724,0,1,0,4,25,True,29,14,241,3825,38.25,0
3725,0,1,0,4,26,True,252,4,134,1158,11.58,0
3726,0,1,0,4,27,True,252,5,251,1531,15.31,0
3727,0,1,0,4,28,True,252,2,239,751,7.51,0
3728,0,1,0,4,30,True,252,15,71,3911,39.11,0
3729,0,1,0,4,31,True,252,0,45,45,0.45,0
3730,0,1,0,4,32,True,252,11,100,2916,29.16,0
3731,0,1,0,4,33,True,252,15,201,4041,40.41,0
3732,0,1,0,4,34,True,252,14,67,3651,36.51,0
3733,0,1,0,4,13,False,247,2,223,735,7.35,0
3734,0,1,0,4,3,True,249,2,216,728,7.28,0
3735,0,1,0,4,20,False,33,0,162,162,1.62,0
3736,0,1,0,4,16,False,247,5,37,1317,13.17,0
3737,0,1,0,4,8,False,245,13,101,3429,34.29,0
3738,0,1,0,4,43,False,4,2,246,758,7.58,0
3739,0,1,0,4,7,False,245,6,108,1644,16.44,0
3740,0,1,1,2,15,False,4,0,0,0,0.0,0
3741,0,1,0,4,10,False,245,3,62,830,8.3,0
3742,0,1,16,5,54,True,10,5,61,1341,13.41,61
3743,0,1,0,4,10,False,4,11,245,3061,30.61,0
3744,0,1,1,7,39,False,5,7,225,2017,20.17,361732
3745,0,1,0,4,12,False,245,2,204,716,7.16,0
3746,0,1,0,7,9,True,61,13,61,3389,33.89,4013373
3747,0,1,0,4,33,False,238,4,11,1035,10.35,0
3748,0,1,18,0,0,False,0,0,0,0,0.0,0
3749,0,1,1,7,58,False,11,0,4,4,0.04,459909
3750,0,1,18,0,0,False,0,0,0,0,0.0,0
3751,0,1,1,5,62,True,238,11,108,2924,29.24,61
3752,0,1,0,4,24,False,130,0,194,194,1.94,0
3753,0,1,0,4,21,True,130,0,177,177,1.77,0
3754,0,1,0,4,10,True,206,5,4,1284,12.84,0
3755,0,1,1,3,53,True,15,9,0,2304,23.04,0
3756,0,1,26,1,4,False,0,0,0,0,0.0,0
3757,0,1,0,4,12,False,181,3,21,789,7.89,0
3758,0,1,1,5,13,True,7,9,4,2308,23.08,139
3759,0,1,0,4,21,False,26,5,224,1504,15.04,0
3760,0,1,12,4,61,False,61,13,61,3389,33.89,0
3761,0,55,0,0,0,False,0,0,10,10,0.1,60883969
3762,0,-1,-1,-1,-1,True,-1,-1,-1,-1,-1.0,-1
3763,0,-1,-1,-1,-1,True,-1,-1,-1,-1,-1.0,-1
3764,0,-1,-1,-1,-1,True,-1,-1,-1,-1,-1.0,-1
3765,0,-1,-1,-1,-1,True,-1,-1,-1,-1,-1.0,-1
3766,0,1,0,4,34,True,3,14,132,3716,37.16,0
3767,0,1,0,4,17,True,27,7,175,1967,19.67,0
3768,0,1,0,4,3,True,29,3,135,903,9.03,0
3769,0,1,0,4,13,False,28,10,253,2813,28.13,0
3770,0,1,0,4,16,False,29,5,76,1356,13.56,0
3771,0,1,0,4,15,False,37,14,136,3720,37.2,0
3772,0,1,0,4,54,False,4,2,27,539,5.39,0
3773,0,1,0,4,8,False,27,8,219,2267,22.67,0
3774,0,1,0,4,7,False,27,3,120,888,8.88,0
3775,0,1,7,7,4,False,133,11,0,2816,28.16,4013408
3776,0,1,0,4,1,False,4,10,27,2587,25.87,0
3777,0,1,1,3,10,False,107,5,0,1280,12.8,0
3778,0,1,10,7,4,False,4,11,27,2843,28.43,8839941
3779,0,1,13,3,5,False,63,4,0,1024,10.24,0
3780,0,1,0,2,41,True,4,0,0,0,0.0,0
3781,0,1,1,4,27,False,9,4,4,1028,10.28,0
3782,0,1,16,5,40,False,10,1,4,260,2.6,31
3783,0,1,31,5,13,False,151,4,143,1167,11.67,27
3784,0,1,0,3,35,False,4,0,0,0,0.0,0
3785,0,1,31,5,3,False,9,4,145,1169,11.69,27
3786,0,1,1,5,63,False,4,2,37,549,5.49,15
3787,0,1,8,6,4,False,147,11,8,2824,28.24,1165
3788,0,1,18,4,27,False,9,9,4,2308,23.08,0
3789,0,1,18,5,27,False,11,10,4,2564,25.64,150
3790,0,1,3,3,8,False,120,4,0,1024,10.24,0
3791,0,1,18,7,27,False,7,7,4,1796,17.96,334744
3792,0,1,29,4,4,False,153,11,10,2826,28.26,0
3793,0,1,21,7,4,False,154,11,11,2827,28.27,10159331
3794,0,1,3,3,13,False,250,4,0,1024,10.24,0
3795,0,1,19,4,27,False,15,2,4,516,5.16,0
3796,0,1,19,6,27,False,7,9,4,2308,23.08,7071
3797,0,1,1,1,22,True,0,0,0,0,0.0,0
3798,0,1,0,4,32,True,27,4,58,1082,10.82,0
3799,0,1,0,4,33,True,27,7,99,1891,18.91,0
3800,0,1,0,4,34,True,27,7,7,1799,17.99,0
3801,0,1,0,4,31,False,182,15,223,4063,40.63,0
3802,0,1,0,4,16,False,132,1,211,467,4.67,0
3803,0,1,0,4,13,False,129,6,85,1621,16.21,0
3804,0,1,0,4,17,False,130,4,120,1144,11.44,0
3805,0,1,0,4,8,False,128,13,178,3506,35.06,0
3806,0,1,0,4,4,False,18,1,10,266,2.66,0
3807,0,1,0,4,7,False,128,6,11,1547,15.47,0
3808,0,1,21,5,4,False,144,2,4,516,5.16,98
3809,0,1,0,4,10,False,128,3,113,881,8.81,0
3810,0,1,0,4,11,False,128,15,115,3955,39.55,0
3811,0,1,0,4,12,False,128,3,14,782,7.82,0
3812,0,1,0,4,15,True,128,5,246,1526,15.26,0
3813,0,1,0,4,16,True,128,11,158,2974,29.74,0
3814,0,1,0,4,17,True,128,1,66,322,3.22,0
3815,0,1,0,4,18,True,128,4,216,1240,12.4,0
3816,0,1,0,4,19,True,128,0,180,180,1.8,0
3817,0,1,0,4,20,True,128,2,48,560,5.6,0
3818,0,1,0,4,21,True,182,1,110,366,3.66,0
3819,0,1,0,4,22,True,128,0,30,30,0.3,0
3820,0,1,0,4,23,True,128,0,156,156,1.56,0
3821,0,1,0,4,24,True,128,13,235,3563,35.63,0
3822,0,1,0,4,25,True,128,3,141,909,9.09,0
3823,0,1,0,4,26,True,128,4,159,1183,11.83,0
3824,0,1,0,4,27,True,128,5,206,1486,14.86,0
3825,0,1,0,4,28,True,128,3,84,852,8.52,0
3826,0,1,0,4,30,True,128,15,165,4005,40.05,0
3827,0,1,0,4,31,True,128,15,255,4095,40.95,0
3828,0,1,0,4,32,True,10,1,4,260,2.6,2281722904
3829,0,-1,-1,-1,-1,True,-1,-1,-1,-1,-1.0,-1
3830,0,-1,-1,-1,-1,True,-1,-1,-1,-1,-1.0,-1
3831,0,-1,-1,-1,-1,True,-1,-1,-1,-1,-1.0,-1
3832,0,-1,-1,-1,-1,True,-1,-1,-1,-1,-1.0,-1
3833,0,1,0,4,34,True,84,0,118,118,1.18,0
3834,0,1,0,4,14,False,137,9,118,2422,24.22,0
3835,0,1,0,4,15,True,144,5,238,1518,15.18,0
3836,0,1,0,4,7,False,137,9,93,2397,23.97,0
3837,0,1,0,4,15,False,143,7,174,1966,19.66,0
3838,0,1,0,4,29,False,132,6,151,1687,16.87,0
3839,0,1,0,4,30,False,131,3,121,889,8.89,0
3840,0,1,0,4,6,True,131,6,151,1687,16.87,0
3841,0,1,0,4,15,True,143,7,158,1950,19.5,0
3842,0,1,0,4,16,True,144,11,207,3023,30.23,0
3843,0,1,0,4,17,True,221,1,248,504,5.04,0
3844,0,1,0,4,18,True,144,4,134,1158,11.58,0
3845,0,1,0,4,19,True,144,0,149,149,1.49,0
3846,0,1,0,4,20,True,144,2,104,616,6.16,0
3847,0,1,0,4,21,True,144,2,1,513,5.13,0
3848,0,1,0,4,22,True,144,0,47,47,0.47,0
3849,0,1,0,4,23,True,144,0,183,183,1.83,0
3850,0,1,0,4,24,True,144,13,209,3537,35.37,0
3851,0,1,0,4,25,True,144,3,158,926,9.26,0
3852,0,1,0,4,26,True,144,4,177,1201,12.01,0
3853,0,1,0,4,27,True,144,5,196,1476,14.76,0
3854,0,1,0,4,28,True,144,4,6,1030,10.3,0
3855,0,1,0,4,30,True,144,15,121,3961,39.61,0
3856,0,1,0,4,31,True,144,15,234,4074,40.74,0
3857,0,1,0,4,32,True,144,11,9,2825,28.25,0
3858,0,1,0,4,33,True,144,15,235,4075,40.75,0
3859,0,1,0,4,34,True,144,14,52,3636,36.36,0
3860,0,1,0,4,33,False,104,6,0,1536,15.36,0
3861,0,1,0,4,15,False,245,1,198,454,4.54,0
3862,0,1,0,4,34,True,104,5,234,1514,15.14,0
3863,0,1,0,4,13,False,181,13,148,3476,34.76,0
3864,0,1,0,4,8,False,62,4,15,1039,10.39,0
3865,0,1,0,4,8,False,180,9,232,2536,25.36,0
3866,0,1,31,1,7,False,0,0,0,0,0.0,0
3867,0,1,0,4,7,False,180,4,255,1279,12.79,0
3868,0,1,4,5,4,False,18,5,6,1286,12.86,43
3869,0,1,0,4,10,False,180,11,21,2837,28.37,0
3870,0,1,0,4,5,True,181,15,247,4087,40.87,0
3871,0,1,0,4,11,False,180,7,176,1968,19.68,0
3872,0,1,0,4,32,True,247,1,116,372,3.72,0
3873,0,1,0,4,12,False,180,10,177,2737,27.37,0
3874,0,1,0,4,14,True,245,1,180,436,4.36,0
3875,0,1,0,4,15,True,180,4,233,1257,12.57,0
3876,0,1,0,4,16,True,180,1,238,494,4.94,0
3877,0,1,0,4,17,True,180,11,20,2836,28.36,0
3878,0,1,0,4,18,True,180,11,187,3003,30.03,0
3879,0,1,0,4,19,True,180,10,78,2638,26.38,0
3880,0,1,0,4,20,True,180,10,70,2630,26.3,0
3881,0,1,0,4,21,True,181,11,86,2902,29.02,0
3882,0,1,0,4,22,True,180,8,81,2129,21.29,0
3883,0,1,0,4,23,True,180,8,31,2079,20.79,0
3884,0,1,0,4,24,True,180,5,217,1497,14.97,0
3885,0,1,0,4,25,True,180,10,217,2777,27.77,0
3886,0,1,0,4,26,True,180,11,230,3046,30.46,0
3887,0,1,0,4,27,True,180,14,120,3704,37.04,0
3888,0,1,0,4,28,True,180,14,80,3664,36.64,0
3889,0,1,0,4,30,True,180,7,33,1825,18.25,0
3890,0,1,0,4,31,True,180,8,215,2263,22.63,0
3891,0,1,0,4,32,True,19,11,140,2956,29.56,0
3892,0,1,0,4,33,True,217,8,9,2057,20.57,0
3893,0,1,0,4,34,True,217,6,49,1585,15.85,0
3894,0,1,0,4,17,False,87,11,125,2941,29.41,0
3895,0,1,0,4,13,False,87,6,185,1721,17.21,0
3896,0,1,0,4,3,True,90,1,59,315,3.15,0
3897,0,1,0,4,8,False,85,13,169,3497,34.97,0
3898,0,1,0,4,3,False,114,4,17,1041,10.41,0
3899,0,1,0,4,7,False,85,6,56,1592,15.92,0
3900,0,1,10,7,10,False,119,4,132,1156,11.56,6490712
3901,0,1,0,4,10,False,85,3,119,887,8.87,0
3902,0,1,0,4,16,True,87,3,232,1000,10.0,0
3903,0,1,0,4,11,False,85,15,105,3945,39.45,0
3904,0,1,0,4,61,False,61,13,61,3389,33.89,0
3905,0,1,0,4,25,False,180,12,4,3076,30.76,0
3906,0,1,1,4,36,False,4,14,28,3612,36.12,0
3907,0,1,0,4,9,True,180,12,4,3076,30.76,0
3908,0,1,1,0,0,False,0,0,0,0,0.0,0
3909,0,1,1,5,9,False,25,7,61,1853,18.53,61
3910,0,-1,-1,-1,-1,True,-1,-1,-1,-1,-1.0,-1
3911,0,-1,-1,-1,-1,True,-1,-1,-1,-1,-1.0,-1
3912,0,-1,-1,-1,-1,True,-1,-1,-1,-1,-1.0,-1
3913,0,1,0,4,30,True,163,5,238,1518,15.18,0
3914,0,1,0,4,31,True,170,0,26,26,0.26,0
3915,0,1,0,4,32,True,157,13,67,3395,33.95,0
3916,0,1,0,4,33,True,170,0,6,6,0.06,0
3917,0,1,0,4,34,True,170,14,72,3656,36.56,0
3918,0,1,0,4,8,True,71,12,80,3152,31.52,0
3919,0,1,0,4,3,True,235,2,99,611,6.11,0
3920,0,1,0,4,13,False,230,10,124,2684,26.84,0
3921,0,1,0,4,16,False,233,4,93,1117,11.17,0
3922,0,1,0,4,8,False,229,13,119,3447,34.47,0
3923,0,1,0,4,4,False,18,6,10,1546,15.46,0
3924,0,1,0,4,7,False,229,6,39,1575,15.75,0
3925,0,1,19,0,0,False,0,0,0,0,0.0,0
3926,0,1,0,4,10,False,230,3,126,894,8.94,0
3927,0,1,0,4,5,True,230,10,132,2692,26.92,0
3928,0,1,0,4,11,False,230,15,85,3925,39.25,0
3929,0,1,0,4,12,False,230,3,43,811,8.11,0
3930,0,1,0,4,21,False,71,8,110,2158,21.58,0
3931,0,1,0,4,9,True,71,8,90,2138,21.38,0
3932,0,1,0,4,15,True,229,6,18,1554,15.54,0
3933,0,1,0,4,16,True,229,11,204,3020,30.2,0
3934,0,1,0,4,17,True,229,1,99,355,3.55,0
3935,0,1,0,4,18,True,229,4,176,1200,12.0,0
3936,0,1,0,4,19,True,229,0,144,144,1.44,0
3937,0,1,0,4,20,True,229,2,158,670,6.7,0
3938,0,1,0,4,21,True,230,1,197,453,4.53,0
3939,0,1,0,4,22,True,229,15,239,4079,40.79,0
3940,0,1,0,4,23,True,230,0,126,126,1.26,0
3941,0,1,0,4,24,True,230,14,0,3584,35.84,0
3942,0,1,0,4,25,True,229,3,174,942,9.42,0
3943,0,1,0,4,26,True,229,4,201,1225,12.25,0
3944,0,1,0,4,27,True,229,5,152,1432,14.32,0
3945,0,1,0,4,28,True,229,4,2,1026,10.26,0
3946,0,1,0,4,30,True,229,0,2,2,0.02,0
3947,0,1,0,4,31,True,229,0,88,88,0.88,0
3948,0,1,0,4,32,True,229,11,82,2898,28.98,0
3949,0,1,0,4,33,True,229,15,236,4076,40.76,0
3950,0,1,0,4,34,True,229,14,123,3707,37.07,0
3951,0,1,0,4,30,False,142,8,61,2109,21.09,0
3952,0,1,0,4,17,False,249,4,88,1112,11.12,0
3953,0,1,0,4,13,False,248,8,97,2145,21.45,0
3954,0,1,0,4,16,False,249,5,166,1446,14.46,0
3955,0,1,0,4,8,False,246,13,145,3473,34.73,0
3956,0,1,0,4,10,False,236,4,131,1155,11.55,0
3957,0,1,0,4,7,False,246,6,64,1600,16.0,0
3958,0,1,31,1,4,False,0,0,0,0,0.0,0
3959,0,1,0,4,10,False,247,3,167,935,9.35,0
3960,0,1,13,6,4,False,133,7,4,1796,17.96,15684
3961,0,1,0,4,4,False,22,15,12,3852,38.52,0
3962,0,1,28,5,30,False,245,0,238,238,2.38,4
3963,0,1,17,0,0,False,0,0,0,0,0.0,0
3964,0,1,30,5,4,False,1,14,12,3596,35.96,47
3965,0,1,0,4,15,False,70,1,19,275,2.75,0
3966,0,1,26,6,61,False,61,13,61,3389,33.89,15677
3967,0,1,0,4,26,False,215,4,10,1034,10.34,0
3968,0,1,17,0,0,False,0,0,0,0,0.0,0
3969,0,1,7,0,0,False,0,0,0,0,0.0,0
3970,0,1,1,3,29,True,4,3,0,768,7.68,0
3971,0,1,0,4,15,False,41,14,74,3658,36.58,0
3972,0,1,26,7,11,False,137,13,61,3389,33.89,4013373
3973,0,1,0,4,17,False,75,9,9,2313,23.13,0
3974,0,1,0,4,16,False,74,4,199,1223,12.23,0
3975,0,1,0,4,30,True,74,4,180,1204,12.04,0
3976,0,1,0,4,1,False,144,6,7,1543,15.43,0
3977,0,1,16,6,4,False,6,8,15,2063,20.63,520
3978,0,1,0,4,8,False,13,4,149,1173,11.73,0
3979,0,1,18,0,0,False,0,0,0,0,0.0,0
3980,0,1,0,7,56,True,6,7,245,2037,20.37,986372
3981,0,1,0,3,4,False,14,0,0,0,0.0,0
3982,0,1,0,1,4,False,0,0,0,0,0.0,0
3983,0,1,0,2,38,True,1,0,0,0,0.0,0
3984,0,1,0,7,4,False,19,12,9,3081,30.81,1311972
3985,0,1,0,5,60,True,4,6,68,1604,16.04,2
3986,0,1,0,1,4,False,0,0,0,0,0.0,0
3987,0,1,0,1,10,False,0,0,0,0,0.0,0
3988,0,1,0,6,4,False,25,5,2,1282,12.82,1070
3989,0,1,0,2,41,False,11,0,0,0,0.0,0
3990,0,1,0,5,4,False,27,10,11,2571,25.71,26
3991,0,1,0,4,28,False,54,10,28,2588,25.88,0
3992,0,1,0,4,29,False,51,7,148,1940,19.4,0
3993,0,1,0,4,30,False,83,4,123,1147,11.47,0
3994,0,1,0,4,31,False,178,11,247,3063,30.63,0
3995,0,1,0,4,32,False,120,13,8,3336,33.36,0
3996,0,1,0,4,33,False,144,11,162,2978,29.78,0
3997,0,1,0,4,3,True,153,2,17,529,5.29,0
3998,0,1,0,4,5,True,236,11,20,2836,28.36,0
3999,0,1,0,4,6,True,68,9,59,2363,23.63,0
4000,0,1,0,4,7,True,98,4,144,1168,11.68,0
4001,0,1,0,4,8,True,11,7,174,1966,19.66,0
4002,0,1,0,4,9,True,12,10,93,2653,26.53,0
4003,0,1,0,4,10,True,218,9,134,2438,24.38,0
4004,0,1,0,4,11,True,15,2,187,699,6.99,0
4005,0,1,0,4,12,True,178,13,232,3560,35.6,0
4006,0,1,0,4,13,True,32,7,248,2040,20.4,0
4007,0,1,0,4,14,True,120,9,168,2472,24.72,0
4008,0,1,0,4,15,True,248,1,75,331,3.31,0
4009,0,1,0,4,16,True,186,5,140,1420,14.2,0
4010,0,1,0,4,17,True,185,12,40,3112,31.12,0
4011,0,1,0,4,18,True,238,1,24,280,2.8,0
4012,0,1,0,4,19,True,54,5,191,1471,14.71,0
4013,0,1,0,4,20,True,152,8,84,2132,21.32,0
4014,0,1,0,4,21,True,144,10,174,2734,27.34,0
4015,0,1,0,4,22,True,211,10,80,2640,26.4,0
4016,0,1,0,4,23,True,112,4,213,1237,12.37,0
4017,0,1,0,4,24,True,153,0,207,207,2.07,0
4018,0,1,0,4,25,True,33,6,117,1653,16.53,0
4019,0,1,0,4,26,True,32,7,188,1980,19.8,0
4020,0,1,0,4,27,True,51,7,241,2033,20.33,0
4021,0,1,0,4,28,True,12,10,74,2634,26.34,0
4022,0,1,0,4,30,True,83,9,137,2441,24.41,0
4023,0,1,0,4,31,True,211,0,132,132,1.32,0
4024,0,1,0,4,32,True,226,5,91,1371,13.71,0
4025,0,1,0,4,33,True,204,7,138,1930,19.3,0
4026,0,1,0,4,34,True,211,14,4,3588,35.88,0
4027,0,1,0,4,13,False,53,3,145,913,9.13,0
4028,0,1,0,4,16,False,57,1,175,431,4.31,0
4029,0,1,0,4,15,True,51,10,65,2625,26.25,0
4030,0,1,0,4,4,True,55,1,188,444,4.44,0
4031,0,1,0,4,8,False,99,13,133,3461,34.61,0
4032,0,1,0,4,4,False,18,4,10,1034,10.34,0
4033,0,1,0,4,7,False,51,6,18,1554,15.54,0
4034,0,1,12,5,4,False,144,4,5,1029,10.29,85
4035,0,1,0,4,10,False,51,3,161,929,9.29,0
4036,0,1,0,4,11,False,51,15,60,3900,39.0,0
4037,0,1,0,4,12,False,51,2,154,666,6.66,0
4038,0,1,0,4,15,True,51,5,223,1503,15.03,0
4039,0,1,0,4,16,True,51,11,223,3039,30.39,0
4040,0,1,0,4,17,True,51,1,105,361,3.61,0
4041,0,1,0,4,18,True,51,4,218,1242,12.42,0
4042,0,1,0,4,19,True,51,0,225,225,2.25,0
4043,0,1,0,4,20,True,51,2,198,710,7.1,0
4044,0,1,0,4,21,True,51,2,106,618,6.18,0
4045,0,1,0,4,22,True,51,0,79,79,0.79,0
4046,0,1,0,4,23,True,51,0,165,165,1.65,0
4047,0,1,0,4,24,True,51,14,24,3608,36.08,0
4048,0,1,0,4,25,True,51,3,212,980,9.8,0
4049,0,1,0,4,26,True,51,4,184,1208,12.08,0
4050,0,1,0,4,27,True,51,5,254,1534,15.34,0
4051,0,1,0,4,28,True,51,3,192,960,9.6,0
4052,0,1,0,4,30,True,51,15,61,3901,39.01,0
4053,0,1,0,4,31,True,51,0,37,37,0.37,0
4054,0,1,0,4,32,True,10,1,4,260,2.6,1929469184
4055,0,-1,-1,-1,-1,True,-1,-1,-1,-1,-1.0,-1
4056,0,-1,-1,-1,-1,True,-1,-1,-1,-1,-1.0,-1
4057,0,-1,-1,-1,-1,True,-1,-1,-1,-1,-1.0,-1
4058,0,-1,-1,-1,-1,True,-1,-1,-1,-1,-1.0,-1
4059,0,1,0,4,8,True,93,1,96,352,3.52,0
4060,0,1,0,4,4,False,1,0,11,11,0.11,0
4061,0,1,31,1,2,False,0,0,0,0,0.0,0
4062,0,1,8,6,7,False,4,2,135,647,6.47,12296
4063,0,1,4,5,4,False,131,6,7,1543,15.43,12
4064,0,1,0,4,5,False,171,7,75,1867,18.67,0
4065,0,1,0,4,6,False,146,13,240,3568,35.68,0
4066,0,1,0,4,7,False,208,7,181,1973,19.73,0
4067,0,1,0,4,8,False,73,9,142,2446,24.46,0
4068,0,1,0,4,9,False,141,11,239,3055,30.55,0
4069,0,1,0,4,12,False,121,5,99,1379,13.79,0
4070,0,1,0,4,16,False,138,9,203,2507,25.07,0
4071,0,1,0,4,17,False,73,1,145,401,4.01,0
4072,0,1,0,4,19,False,136,3,247,1015,10.15,0
4073,0,1,0,4,20,False,136,5,21,1301,13.01,0
4074,0,1,0,4,21,False,189,11,158,2974,29.74,0
4075,0,1,0,4,22,False,47,6,67,1603,16.03,0
4076,0,1,0,4,23,False,34,10,163,2723,27.23,0
4077,0,1,0,4,24,False,231,4,173,1197,11.97,0
4078,0,1,0,4,25,False,69,8,136,2184,21.84,0
4079,0,1,0,4,26,False,203,9,208,2512,25.12,0
4080,0,1,0,4,27,False,70,15,102,3942,39.42,0
4081,0,1,0,4,28,False,25,2,69,581,5.81,0
4082,0,1,0,4,29,False,102,9,224,2528,25.28,0
4083,0,1,0,4,30,False,8,9,103,2407,24.07,0
4084,0,1,0,4,31,False,204,11,171,2987,29.87,0
4085,0,1,0,4,32,False,19,4,232,1256,12.56,0
4086,0,1,0,4,33,False,186,4,2,1026,10.26,0
4087,0,1,0,4,3,True,249,3,169,937,9.37,0
4088,0,1,0,4,4,True,186,8,217,2265,22.65,0
4089,0,1,0,4,5,True,82,7,150,1942,19.42,0
4090,0,1,0,4,6,True,156,3,43,811,8.11,0
4091,0,1,0,4,7,True,8,2,45,557,5.57,0
4092,0,1,0,4,8,True,204,9,189,2493,24.93,0
4093,0,1,0,4,9,True,219,9,187,2491,24.91,0
4094,0,1,0,4,10,True,73,14,224,3808,38.08,0
4095,0,1,0,4,11,True,121,12,160,3232,32.32,0
4096,0,1,0,4,12,True,43,8,166,2214,22.14,0
4097,0,1,0,4,13,True,34,5,148,1428,14.28,0
4098,0,1,0,4,14,True,102,2,94,606,6.06,0
4099,0,1,0,4,15,True,73,3,44,812,8.12,0
4100,0,1,0,4,16,True,47,14,177,3761,37.61,0
4101,0,1,0,4,17,True,203,8,220,2268,22.68,0
4102,0,1,0,4,18,True,112,9,43,2347,23.47,0
4103,0,1,0,4,19,True,236,3,246,1014,10.14,0
4104,0,1,0,4,20,True,70,8,236,2284,22.84,0
4105,0,1,0,4,21,True,210,0,79,79,0.79,0
4106,0,1,0,4,22,True,8,1,213,469,4.69,0
4107,0,1,0,4,23,True,244,15,140,3980,39.8,0
4108,0,1,0,4,24,True,244,9,65,2369,23.69,0
4109,0,1,0,4,25,True,141,15,40,3880,38.8,0
4110,0,1,0,4,26,True,25,4,183,1207,12.07,0
4111,0,1,0,4,27,True,174,0,102,102,1.02,0
4112,0,1,0,4,28,True,160,1,53,309,3.09,0
4113,0,1,0,4,29,True,141,11,77,2893,28.93,0
4114,0,1,0,4,30,True,164,15,165,4005,40.05,0
4115,0,1,0,4,31,True,110,9,63,2367,23.67,0
4116,0,1,0,4,32,True,200,11,142,2958,29.58,0
4117,0,1,0,4,33,True,125,14,194,3778,37.78,0
4118,0,1,0,4,34,True,247,4,46,1070,10.7,0
4119,0,1,0,4,30,False,159,13,177,3505,35.05,0
4120,0,1,0,4,17,False,79,5,8,1288,12.88,0
4121,0,1,0,4,13,False,79,8,8,2056,20.56,0
4122,0,1,0,4,16,False,79,6,75,1611,16.11,0
4123,0,1,0,4,8,False,78,13,145,3473,34.73,0
4124,0,1,0,4,34,True,4,3,80,848,8.48,0
4125,0,1,0,4,7,False,78,6,96,1632,16.32,0
4126,0,1,0,5,53,False,4,5,78,1358,13.58,10
4127,0,1,0,4,10,False,78,3,162,930,9.3,0
4128,0,1,30,4,61,False,61,13,61,3389,33.89,0
4129,0,1,0,4,33,False,180,2,4,516,5.16,0
4130,0,1,1,3,14,False,15,3,0,768,7.68,0
4131,0,1,1,5,4,False,162,4,1,1025,10.25,247
4132,0,1,0,4,12,False,78,2,206,718,7.18,0
4133,0,1,0,4,21,False,201,5,133,1413,14.13,0
4134,0,1,0,4,22,False,180,15,75,3915,39.15,0
4135,0,1,0,4,5,True,159,13,151,3479,34.79,0
4136,0,1,0,4,8,True,165,6,48,1584,15.84,0
4137,0,1,0,4,15,True,78,6,75,1611,16.11,0
4138,0,1,0,4,16,True,78,11,208,3024,30.24,0
4139,0,1,0,4,17,True,78,1,97,353,3.53,0
4140,0,1,0,4,18,True,78,4,201,1225,12.25,0
4141,0,1,0,4,33,False,106,5,4,1284,12.84,0
4142,0,1,1,3,41,True,15,1,0,256,2.56,0
4143,0,1,24,1,4,False,0,0,0,0,0.0,0
4144,0,1,0,4,12,False,233,2,238,750,7.5,0
4145,0,1,20,2,42,False,5,0,0,0,0.0,0
4146,0,1,0,4,25,False,39,13,228,3556,35.56,0
4147,0,1,21,2,61,False,61,0,0,0,0.0,0
4148,0,1,0,4,0,False,4,12,201,3273,32.73,0
4149,0,1,1,4,12,True,54,5,194,1474,14.74,0
4150,0,1,0,4,12,True,54,5,4,1284,12.84,0
4151,0,1,0,2,8,False,13,0,0,0,0.0,0
4152,0,1,14,1,43,True,0,0,0,0,0.0,0
4153,0,1,0,4,22,False,5,14,115,3699,36.99,0
4154,0,1,0,4,12,False,139,2,250,762,7.62,0
4155,0,1,0,4,6,True,101,6,92,1628,16.28,0
4156,0,1,0,4,3,False,39,3,7,775,7.75,0
4157,0,1,0,4,20,False,100,10,176,2736,27.36,0
4158,0,1,0,4,8,False,41,2,166,678,6.78,0
4159,0,1,0,4,36,False,10,8,61,2109,21.09,0
4160,0,1,0,4,17,False,4,11,253,3069,30.69,0
4161,0,1,1,7,43,True,4,13,69,3397,33.97,295684
4162,0,1,1,4,61,True,2,8,4,2052,20.52,0
4163,0,1,1,5,49,False,61,13,61,3389,33.89,61
4164,0,1,0,4,9,True,157,4,12,1036,10.36,0
4165,0,1,11,2,3,False,16,0,0,0,0.0,0
4166,0,1,1,0,0,False,0,0,0,0,0.0,0
4167,0,1,0,4,3,False,162,15,145,3985,39.85,0
4168,0,1,17,5,61,False,4,15,153,3993,39.93,10
4169,0,1,10,1,4,False,0,0,0,0,0.0,0
4170,0,1,0,5,45,False,0,13,4,3332,33.32,33
4171,0,1,19,3,10,False,151,4,0,1024,10.24,0
4172,0,1,1,6,45,False,3,0,4,4,0.04,39304
4173,0,1,1,2,59,False,4,0,0,0,0.0,0
4174,0,1,1,7,23,True,3,0,4,4,0.04,4031242
4175,0,1,0,4,31,False,4,1,76,332,3.32,0
4176,0,1,1,2,12,False,126,0,0,0,0.0,0
4177,0,1,0,3,27,True,4,11,0,2816,28.16,0
4178,0,1,15,6,3,False,4,0,222,222,2.22,50700
4179,0,1,24,6,61,False,61,13,61,3389,33.89,15677
4180,0,1,0,4,32,False,148,13,4,3332,33.32,0
4181,0,1,25,5,4,False,2,3,4,772,7.72,136
4182,0,1,18,4,4,False,1,12,4,3076,30.76,0
4183,0,1,29,3,13,False,44,13,0,3328,33.28,0
4184,0,1,0,4,20,False,148,12,4,3076,30.76,0
4185,0,1,0,2,35,True,15,0,0,0,0.0,0
4186,0,1,31,2,13,True,4,0,0,0,0.0,0
4187,0,1,17,7,20,True,12,4,4,1028,10.28,874755
4188,0,1,27,5,4,False,4,3,9,777,7.77,210
4189,0,1,0,4,8,False,115,8,77,2125,21.25,0
4190,0,1,0,4,11,False,9,4,220,1244,12.44,0
4191,0,1,0,4,12,False,40,12,25,3097,30.97,0
4192,0,1,0,4,13,False,171,7,248,2040,20.4,0
4193,0,1,0,4,14,False,129,13,48,3376,33.76,0
4194,0,1,0,4,15,False,140,14,217,3801,38.01,0
4195,0,1,0,4,16,False,21,11,3,2819,28.19,0
4196,0,1,0,4,17,False,234,8,23,2071,20.71,0
4197,0,1,0,4,18,False,128,11,207,3023,30.23,0
4198,0,1,0,4,19,False,16,8,226,2274,22.74,0
4199,0,1,0,4,20,False,233,5,193,1473,14.73,0
4200,0,1,0,4,21,False,114,11,89,2905,29.05,0
4201,0,1,0,4,22,False,170,9,134,2438,24.38,0
4202,0,1,0,4,23,False,15,1,119,375,3.75,0
4203,0,1,0,4,24,False,170,13,72,3400,34.0,0
4204,0,1,0,4,25,False,169,15,157,3997,39.97,0
4205,0,1,0,4,26,False,168,14,214,3798,37.98,0
4206,0,1,0,4,28,False,208,13,23,3351,33.51,0
4207,0,1,0,4,29,False,113,3,168,936,9.36,0
4208,0,1,0,4,30,False,178,13,115,3443,34.43,0
4209,0,1,0,4,31,False,163,7,65,1857,18.57,0
4210,0,1,0,4,32,False,147,6,35,1571,15.71,0
4211,0,1,0,4,33,False,255,13,237,3565,35.65,0
4212,0,1,0,4,3,True,84,12,174,3246,32.46,0
4213,0,1,0,4,4,True,155,8,1,2049,20.49,0
4214,0,1,0,4,5,True,239,11,95,2911,29.11,0
4215,0,1,0,4,6,True,164,5,212,1492,14.92,0
4216,0,1,0,4,7,True,170,5,205,1485,14.85,0
4217,0,1,0,4,8,True,9,3,88,856,8.56,0
4218,0,1,0,4,9,True,16,0,182,182,1.82,0
4219,0,1,0,4,10,True,15,0,240,240,2.4,0
4220,0,1,0,4,11,True,163,7,79,1871,18.71,0
4221,0,1,0,4,12,True,131,10,137,2697,26.97,0
4222,0,1,0,4,13,True,243,13,81,3409,34.09,0
4223,0,1,0,4,14,True,163,7,65,1857,18.57,0
4224,0,1,0,4,15,True,48,2,2,514,5.14,0
4225,0,1,0,4,16,True,105,15,102,3942,39.42,0
4226,0,1,0,4,17,True,169,14,224,3808,38.08,0
4227,0,1,0,4,18,True,238,11,203,3019,30.19,0
4228,0,1,0,4,19,True,168,9,119,2423,24.23,0
4229,0,1,0,4,20,True,255,11,178,2994,29.94,0
4230,0,1,0,4,21,True,43,1,96,352,3.52,0
4231,0,1,0,4,22,True,35,4,122,1146,11.46,0
4232,0,1,0,4,23,True,208,15,33,3873,38.73,0
4233,0,1,0,4,24,True,122,1,75,331,3.31,0
4234,0,1,0,4,25,True,24,6,43,1579,15.79,0
4235,0,1,0,4,26,True,178,6,150,1686,16.86,0
4236,0,1,0,4,27,True,178,15,221,4061,40.61,0
4237,0,1,0,4,28,True,52,5,163,1443,14.43,0
4238,0,1,0,4,29,True,114,11,248,3064,30.64,0
4239,0,1,0,4,30,True,195,1,26,282,2.82,0
4240,0,1,0,4,31,True,121,6,23,1559,15.59,0
4241,0,1,0,4,32,True,0,10,1,2561,25.61,218433540
4242,0,-1,-1,-1,-1,True,-1,-1,-1,-1,-1.0,-1
4243,0,-1,-1,-1,-1,True,-1,-1,-1,-1,-1.0,-1
4244,0,-1,-1,-1,-1,True,-1,-1,-1,-1,-1.0,-1
4245,0,-1,-1,-1,-1,True,-1,-1,-1,-1,-1.0,-1
4246,0,1,0,4,43,False,4,3,7,775,7.75,0
4247,0,1,0,4,7,False,5,6,77,1613,16.13,0
4248,0,1,0,3,7,False,4,5,0,1280,12.8,0
4249,0,1,0,4,10,False,5,3,137,905,9.05,0
4250,0,1,0,5,11,False,179,13,61,3389,33.89,61
4251,0,1,0,4,28,False,107,0,102,102,1.02,0
4252,0,1,0,4,10,True,107,0,80,80,0.8,0
4253,0,-1,-1,-1,-1,True,-1,-1,-1,-1,-1.0,-1
4254,0,-1,-1,-1,-1,True,-1,-1,-1,-1,-1.0,-1
4255,0,-1,-1,-1,-1,True,-1,-1,-1,-1,-1.0,-1
4256,0,-1,-1,-1,-1,True,-1,-1,-1,-1,-1.0,-1
4257,0,-1,-1,-1,-1,True,-1,-1,-1,-1,-1.0,-1
4258,0,1,0,4,34,True,116,14,124,3708,37.08,0
4259,0,1,0,4,33,False,73,14,116,3700,37.0,0
4260,0,1,0,4,16,False,5,3,141,909,9.09,0
4261,0,1,0,4,13,False,2,7,228,2020,20.2,0
4262,0,1,0,4,17,False,3,5,89,1369,13.69,0
4263,0,1,0,4,8,False,1,13,203,3531,35.31,0
4264,0,1,0,4,4,False,131,6,3,1539,15.39,0
4265,0,1,0,4,7,False,1,6,31,1567,15.67,0
4266,0,1,11,1,4,False,0,0,0,0,0.0,0
4267,0,1,0,4,10,False,1,3,219,987,9.87,0
4268,0,1,16,5,2,False,10,8,61,2109,21.09,61
4269,0,1,0,4,13,False,4,9,249,2553,25.53,0
4270,0,1,6,0,0,False,0,0,0,0,0.0,0
4271,0,1,29,7,8,False,136,4,161,1185,11.85,7604463
4272,0,1,0,4,9,False,204,12,36,3108,31.08,0
4273,0,1,0,4,12,False,1,3,54,822,8.22,0
4274,0,1,0,4,14,False,47,0,102,102,1.02,0
4275,0,1,0,4,16,False,216,9,137,2441,24.41,0
4276,0,1,0,4,17,False,127,7,112,1904,19.04,0
4277,0,1,0,4,18,False,13,13,237,3565,35.65,0
4278,0,1,0,4,19,False,36,10,195,2755,27.55,0
4279,0,1,0,4,20,False,175,10,244,2804,28.04,0
4280,0,1,0,4,22,False,67,13,27,3355,33.55,0
4281,0,1,0,4,23,False,171,4,210,1234,12.34,0
4282,0,1,0,4,24,False,71,4,59,1083,10.83,0
4283,0,1,0,4,25,False,70,10,235,2795,27.95,0
4284,0,1,0,4,26,False,73,8,189,2237,22.37,0
4285,0,1,0,4,27,False,67,5,102,1382,13.82,0
4286,0,1,0,4,28,False,200,6,68,1604,16.04,0
4287,0,1,0,4,30,False,4,2,213,725,7.25,0
4288,0,1,0,4,31,False,16,15,68,3908,39.08,0
4289,0,1,0,4,32,False,166,0,149,149,1.49,0
4290,0,1,0,4,33,False,73,1,181,437,4.37,0
4291,0,1,0,4,3,True,200,9,29,2333,23.33,0
4292,0,1,0,4,4,True,128,4,233,1257,12.57,0
4293,0,1,0,4,5,True,95,6,173,1709,17.09,0
4294,0,1,0,4,6,True,82,2,118,630,6.3,0
4295,0,1,0,4,7,True,36,12,75,3147,31.47,0
4296,0,1,0,4,8,True,73,12,86,3158,31.58,0
4297,0,1,0,4,9,True,175,3,115,883,8.83,0
4298,0,1,0,4,10,True,176,0,53,53,0.53,0
4299,0,1,0,4,11,True,73,14,134,3718,37.18,0
4300,0,1,0,4,12,True,239,1,217,473,4.73,0
4301,0,1,0,4,13,True,70,12,112,3184,31.84,0
4302,0,1,0,4,14,True,121,7,180,1972,19.72,0
4303,0,1,0,4,15,True,71,3,84,852,8.52,0
4304,0,1,0,4,16,True,70,7,129,1921,19.21,0
4305,0,1,0,4,17,True,12,7,119,1911,19.11,0
4306,0,1,0,4,18,True,4,9,27,2331,23.31,0
4307,0,1,0,4,19,True,242,7,15,1807,18.07,0
4308,0,1,0,4,20,True,221,13,20,3348,33.48,0
4309,0,1,0,4,21,True,170,14,178,3762,37.62,0
4310,0,1,0,4,22,True,16,8,240,2288,22.88,0
4311,0,1,0,4,23,True,47,8,123,2171,21.71,0
4312,0,1,0,4,24,True,94,13,131,3459,34.59,0
4313,0,1,0,4,25,True,166,7,24,1816,18.16,0
4314,0,1,0,4,26,True,2,3,116,884,8.84,0
4315,0,1,0,4,27,True,9,12,22,3094,30.94,0
4316,0,1,0,4,28,True,200,2,115,627,6.27,0
4317,0,1,0,4,29,True,249,0,223,223,2.23,0
4318,0,1,0,4,30,True,1,13,112,3440,34.4,0
4319,0,1,0,4,31,True,67,0,180,180,1.8,0
4320,0,1,0,4,32,True,67,12,131,3203,32.03,0
4321,0,1,0,4,33,True,67,8,118,2166,21.66,0
4322,0,1,0,4,34,True,216,15,138,3978,39.78,0
4323,0,1,0,4,15,False,77,2,126,638,6.38,0
4324,0,1,0,4,17,False,59,4,231,1255,12.55,0
4325,0,1,0,4,13,False,58,6,202,1738,17.38,0
4326,0,1,0,4,16,True,59,4,211,1235,12.35,0
4327,0,1,0,4,8,False,57,13,153,3481,34.81,0
4328,0,1,0,4,10,False,212,4,133,1157,11.57,0
4329,0,1,0,4,7,False,57,6,126,1662,16.62,0
4330,0,1,7,2,61,False,61,0,0,0,0.0,0
4331,0,1,0,4,4,True,144,15,127,3967,39.67,0
4332,0,1,0,4,5,True,110,12,82,3154,31.54,0
4333,0,1,0,4,6,True,217,8,0,2048,20.48,0
4334,0,1,0,4,7,True,209,0,143,143,1.43,0
4335,0,1,0,4,8,True,194,14,215,3799,37.99,0
4336,0,1,0,4,9,True,203,8,60,2108,21.08,0
4337,0,1,0,4,10,True,129,6,156,1692,16.92,0
4338,0,1,0,4,11,True,130,4,21,1045,10.45,0
4339,0,1,0,4,12,True,41,2,39,551,5.51,0
4340,0,1,0,4,13,True,238,11,209,3025,30.25,0
4341,0,1,0,4,14,True,11,8,150,2198,21.98,0
4342,0,1,0,4,15,True,79,11,241,3057,30.57,0
4343,0,1,0,4,16,True,43,6,194,1730,17.3,0
4344,0,1,0,4,17,True,79,3,178,946,9.46,0
4345,0,1,0,4,18,True,162,0,116,116,1.16,0
4346,0,1,0,4,19,True,232,13,133,3461,34.61,0
4347,0,1,0,4,20,True,126,12,154,3226,32.26,0
4348,0,1,0,4,21,True,153,15,216,4056,40.56,0
4349,0,1,0,4,22,True,191,12,12,3084,30.84,0
4350,0,1,0,4,23,True,245,3,235,1003,10.03,0
4351,0,1,0,4,24,True,53,9,168,2472,24.72,0
4352,0,1,0,4,25,True,86,12,171,3243,32.43,0
4353,0,1,0,4,26,True,69,3,107,875,8.75,0
4354,0,1,0,4,27,True,163,0,246,246,2.46,0
4355,0,1,0,4,28,True,205,13,24,3352,33.52,0
4356,0,1,0,4,29,True,239,15,111,3951,39.51,0
4357,0,1,0,4,30,True,234,2,72,584,5.84,0
4358,0,1,0,4,31,True,154,5,176,1456,14.56,0
4359,0,1,0,4,32,True,162,1,209,465,4.65,0
4360,0,1,0,4,33,True,205,3,181,949,9.49,0
4361,0,1,0,4,34,True,125,9,145,2449,24.49,0
4362,0,1,0,4,4,True,103,0,175,175,1.75,0
4363,0,1,0,4,32,False,194,12,173,3245,32.45,0
4364,0,1,0,4,17,False,101,6,124,1660,16.6,0
4365,0,1,0,4,8,False,100,13,162,3490,34.9,0
4366,0,1,0,4,37,False,6,6,4,1540,15.4,0
4367,0,1,0,4,7,False,100,6,163,1699,16.99,0
4368,0,1,2,2,36,False,10,0,0,0,0.0,0
4369,0,1,0,4,10,False,100,3,100,868,8.68,0
4370,0,1,18,3,61,False,61,13,0,3328,33.28,0
4371,0,1,0,4,33,False,93,4,11,1035,10.35,0
4372,0,1,12,4,15,False,145,12,237,3309,33.09,0
4373,0,1,0,4,34,True,93,4,12,1036,10.36,0
4374,0,1,12,4,3,False,104,12,215,3287,32.87,0
4375,0,1,0,4,10,False,99,4,182,1206,12.06,0
4376,0,1,0,4,21,True,99,4,163,1187,11.87,0
4377,0,1,0,4,4,False,10,10,3,2563,25.63,0
4378,0,1,18,5,30,False,51,0,183,183,1.83,4
4379,0,1,18,4,50,False,4,9,165,2469,24.69,0
4380,0,1,0,6,43,False,0,4,11,1035,10.35,3882
4381,0,1,12,6,31,True,61,13,61,3389,33.89,15677
4382,0,73,0,0,0,False,0,0,10,10,0.1,2325808129
4383,0,-1,-1,-1,-1,True,-1,-1,-1,-1,-1.0,-1
4384,0,-1,-1,-1,-1,True,-1,-1,-1,-1,-1.0,-1
4385,0,-1,-1,-1,-1,True,-1,-1,-1,-1,-1.0,-1
4386,0,-1,-1,-1,-1,True,-1,-1,-1,-1,-1.0,-1
4387,0,1,0,4,34,True,56,4,196,1220,12.2,0
4388,0,1,0,4,3,True,19,1,43,299,2.99,0
4389,0,1,0,4,22,False,77,14,245,3829,38.29,0
4390,0,1,0,4,16,False,15,3,23,791,7.91,0
4391,0,1,0,4,8,False,12,13,135,3463,34.63,0
4392,0,1,0,4,14,False,3,13,4,3332,33.32,0
4393,0,1,0,4,7,False,12,6,93,1629,16.29,0
4394,0,1,2,2,15,False,3,0,0,0,0.0,0
4395,0,1,0,4,10,False,12,3,126,894,8.94,0
4396,0,1,0,6,4,False,133,14,3,3587,35.87,15639
4397,0,1,0,4,4,False,11,12,15,3087,30.87,0
4398,0,1,14,4,3,True,99,13,220,3548,35.48,0
4399,0,1,0,4,3,False,31,1,117,373,3.73,0
4400,0,1,0,4,32,False,98,0,3,3,0.03,0
4401,0,1,0,4,9,False,210,6,158,1694,16.94,0
4402,0,1,0,4,15,False,239,13,61,3389,33.89,0
4403,0,-1,-1,-1,-1,True,-1,-1,-1,-1,-1.0,-1
4404,0,-1,-1,-1,-1,True,-1,-1,-1,-1,-1.0,-1
4405,0,1,0,4,17,True,51,13,98,3426,34.26,0
4406,0,1,0,4,18,True,159,5,226,1506,15.06,0
4407,0,1,0,4,19,True,39,9,227,2531,25.31,0
4408,0,1,0,4,20,True,156,12,157,3229,32.29,0
4409,0,1,0,4,21,True,105,1,92,348,3.48,0
4410,0,1,0,4,22,True,118,8,110,2158,21.58,0
4411,0,1,0,4,23,True,207,1,50,306,3.06,0
4412,0,1,0,4,24,True,176,0,88,88,0.88,0
4413,0,1,0,4,25,True,173,14,238,3822,38.22,0
4414,0,1,0,4,26,True,174,11,63,2879,28.79,0
4415,0,1,0,4,27,True,221,14,108,3692,36.92,0
4416,0,1,0,4,28,True,22,12,80,3152,31.52,0
4417,0,1,0,4,29,True,69,9,155,2459,24.59,0
4418,0,1,0,4,30,True,81,11,133,2949,29.49,0
4419,0,1,0,4,31,True,225,5,119,1399,13.99,0
4420,0,1,0,4,32,True,69,13,102,3430,34.3,0
4421,0,1,0,4,33,True,51,12,155,3227,32.27,0
4422,0,1,0,4,34,True,30,8,240,2288,22.88,0
4423,0,1,0,4,32,False,43,15,143,3983,39.83,0
4424,0,1,0,4,3,True,245,2,127,639,6.39,0
4425,0,1,0,4,13,False,243,6,15,1551,15.51,0
4426,0,1,0,4,16,False,244,4,236,1260,12.6,0
4427,0,1,0,4,8,False,241,13,179,3507,35.07,0
4428,0,1,0,4,4,False,18,2,9,521,5.21,0
4429,0,1,0,4,7,False,241,6,101,1637,16.37,0
4430,0,1,29,1,4,False,0,0,0,0,0.0,0
4431,0,1,0,4,10,False,241,3,189,957,9.57,0
4432,0,1,16,5,50,True,9,6,61,1597,15.97,61
4433,0,1,0,4,6,True,4,11,241,3057,30.57,0
4434,0,1,1,7,51,True,97,9,4,2308,23.08,252928
4435,0,1,4,4,17,False,61,13,61,3389,33.89,0
4436,0,1,0,4,4,False,8,1,0,256,2.56,0
4437,0,1,11,5,4,False,96,13,197,3525,35.25,4
4438,0,1,0,4,11,False,43,3,147,915,9.15,0
4439,0,1,16,5,32,False,13,13,61,3389,33.89,61
4440,0,1,0,4,13,True,4,12,241,3313,33.13,0
4441,0,1,0,2,51,True,158,0,0,0,0.0,0
4442,0,1,1,4,24,False,4,13,158,3486,34.86,0
4443,0,1,0,3,4,False,0,13,0,3328,33.28,0
4444,0,1,1,2,37,False,154,0,0,0,0.0,0
4445,0,1,0,4,14,True,4,1,167,423,4.23,0
4446,0,1,0,6,25,False,158,3,132,900,9.0,15677
4447,0,1,0,4,16,True,106,11,187,3003,30.03,0
4448,0,1,0,4,17,True,138,3,214,982,9.82,0
4449,0,1,0,4,18,True,106,4,123,1147,11.47,0
4450,0,1,0,4,19,True,173,12,191,3263,32.63,0
4451,0,1,0,4,20,True,106,2,101,613,6.13,0
4452,0,1,0,4,21,True,106,1,201,457,4.57,0
4453,0,1,0,4,22,True,106,0,56,56,0.56,0
4454,0,1,0,4,23,True,106,0,159,159,1.59,0
4455,0,1,0,4,24,True,106,13,191,3519,35.19,0
4456,0,1,0,4,25,True,106,3,104,872,8.72,0
4457,0,1,0,4,26,True,106,4,125,1149,11.49,0
4458,0,1,0,4,27,True,118,3,239,1007,10.07,0
4459,0,1,0,4,28,True,106,3,53,821,8.21,0
4460,0,1,0,4,30,True,106,15,106,3946,39.46,0
4461,0,1,0,4,31,True,106,0,8,8,0.08,0
4462,0,1,0,4,32,True,106,11,74,2890,28.9,0
4463,0,1,0,4,33,True,106,15,196,4036,40.36,0
4464,0,1,0,4,34,True,106,14,33,3617,36.17,0
4465,0,1,0,4,3,True,147,0,125,125,1.25,0
4466,0,1,0,4,33,False,87,8,16,2064,20.64,0
4467,0,1,0,4,17,False,140,4,92,1116,11.16,0
4468,0,1,0,4,8,False,138,13,192,3520,35.2,0
4469,0,1,0,4,16,False,141,5,181,1461,14.61,0
4470,0,1,0,4,7,False,138,6,145,1681,16.81,0
4471,0,1,0,4,4,True,141,5,164,1444,14.44,0
4472,0,1,0,4,10,False,139,3,92,860,8.6,0
4473,0,1,0,4,16,True,140,4,71,1095,10.95,0
4474,0,1,0,4,11,False,139,15,190,4030,40.3,0
4475,0,1,0,4,12,False,139,2,227,739,7.39,0
4476,0,1,0,4,13,False,140,8,154,2202,22.02,0
4477,0,1,0,4,15,True,138,6,124,1660,16.6,0
4478,0,1,0,4,16,True,138,11,157,2973,29.73,0
4479,0,1,0,4,17,True,138,1,143,399,3.99,0
4480,0,1,0,4,18,True,138,4,230,1254,12.54,0
4481,0,1,0,4,19,True,138,0,220,220,2.2,0
4482,0,1,0,4,20,True,87,10,100,2660,26.6,0
4483,0,1,0,4,21,True,139,2,55,567,5.67,0
4484,0,1,0,4,22,True,138,0,87,87,0.87,0
4485,0,1,0,4,23,True,139,0,104,104,1.04,0
4486,0,1,0,4,24,True,139,14,13,3597,35.97,0
4487,0,1,0,4,25,True,106,3,70,838,8.38,0
4488,0,1,0,4,26,True,138,4,109,1133,11.33,0
4489,0,1,0,4,27,True,138,5,198,1478,14.78,0
4490,0,1,0,4,28,True,138,3,42,810,8.1,0
4491,0,1,0,4,30,True,139,15,95,3935,39.35,0
4492,0,1,0,4,31,True,138,0,50,50,0.5,0
4493,0,1,0,4,32,True,138,11,60,2876,28.76,0
4494,0,1,0,4,33,True,138,15,251,4091,40.91,0
4495,0,1,0,4,34,True,138,14,112,3696,36.96,0
4496,0,1,0,4,27,False,16,1,221,477,4.77,0
4497,0,1,0,4,17,False,208,3,213,981,9.81,0
4498,0,1,0,4,13,False,207,9,192,2496,24.96,0
4499,0,1,0,4,16,False,208,5,154,1434,14.34,0
4500,0,1,0,4,8,False,206,13,167,3495,34.95,0
4501,0,1,0,4,4,False,131,1,3,259,2.59,0
4502,0,1,0,4,7,False,206,6,78,1614,16.14,0
4503,0,1,5,6,4,False,133,15,9,3849,38.49,15778
4504,0,1,0,4,31,False,63,9,175,2479,24.79,0
4505,0,1,0,4,13,False,124,9,47,2351,23.51,0
4506,0,1,0,4,5,True,63,9,156,2460,24.6,0
4507,0,1,0,4,2,False,112,6,2,1538,15.38,0
4508,0,1,0,4,3,False,95,1,24,280,2.8,0
4509,0,1,0,4,7,False,165,10,172,2732,27.32,0
4510,0,1,0,4,10,False,61,8,1,2049,20.49,0
4511,0,1,0,4,11,False,253,5,107,1387,13.87,0
4512,0,1,0,4,12,False,214,12,115,3187,31.87,0
4513,0,1,0,4,14,False,165,3,80,848,8.48,0
4514,0,1,0,4,15,False,219,4,24,1048,10.48,0
4515,0,1,0,4,16,False,228,12,156,3228,32.28,0
4516,0,1,0,4,17,False,227,5,38,1318,13.18,0
4517,0,1,0,4,18,False,156,11,132,2948,29.48,0
4518,0,1,0,4,19,False,217,0,112,112,1.12,0
4519,0,1,0,4,20,False,133,2,129,641,6.41,0
4520,0,1,0,4,22,False,190,9,244,2548,25.48,0
4521,0,1,0,4,23,False,57,14,77,3661,36.61,0
4522,0,1,0,4,24,False,15,7,135,1927,19.27,0
4523,0,1,0,4,25,False,172,0,193,193,1.93,0
4524,0,1,0,4,26,False,220,10,88,2648,26.48,0
4525,0,1,0,4,27,False,172,10,37,2597,25.97,0
4526,0,1,0,4,28,False,64,5,162,1442,14.42,0
4527,0,1,0,4,29,False,78,15,219,4059,40.59,0
4528,0,1,0,4,30,False,77,5,226,1506,15.06,0
4529,0,1,0,4,31,False,93,5,62,1342,13.42,0
4530,0,1,0,4,32,False,20,9,214,2518,25.18,0
4531,0,1,0,4,33,False,123,2,5,517,5.17,0
4532,0,1,0,4,3,True,18,4,16,1040,10.4,0
4533,0,1,0,4,4,True,64,1,190,446,4.46,0
4534,0,1,0,4,5,True,188,5,24,1304,13.04,0
4535,0,1,0,4,6,True,20,10,1,2561,25.61,1996751876
4536,0,-1,-1,-1,-1,True,-1,-1,-1,-1,-1.0,-1
4537,0,-1,-1,-1,-1,True,-1,-1,-1,-1,-1.0,-1
4538,0,-1,-1,-1,-1,True,-1,-1,-1,-1,-1.0,-1
4539,0,1,8,5,18,False,39,9,4,2308,23.08,5
4540,0,1,14,7,7,False,155,8,4,2052,20.52,906760
4541,0,1,9,2,4,False,138,0,0,0,0.0,0
4542,0,1,4,7,9,False,2,4,9,1033,10.33,8654258
4543,0,1,0,4,29,False,4,11,37,2853,28.53,0
4544,0,1,0,4,12,False,54,5,5,1285,12.85,0
4545,0,1,1,0,0,False,0,0,0,0,0.0,0
4546,0,1,0,4,13,False,149,0,255,255,2.55,0
4547,0,1,0,4,14,False,109,11,27,2843,28.43,0
4548,0,1,0,4,15,False,15,6,48,1584,15.84,0
4549,0,1,0,4,16,False,8,9,249,2553,25.53,0
4550,0,1,0,4,17,False,170,6,132,1668,16.68,0
4551,0,1,0,4,18,False,165,8,72,2120,21.2,0
4552,0,1,0,4,19,False,53,4,0,1024,10.24,0
4553,0,1,0,4,20,False,226,9,5,2309,23.09,0
4554,0,1,0,4,21,False,34,6,112,1648,16.48,0
4555,0,1,0,4,22,False,130,12,151,3223,32.23,0
4556,0,1,0,4,23,False,62,3,172,940,9.4,0
4557,0,1,0,4,24,False,127,15,246,4086,40.86,0
4558,0,1,0,4,25,False,150,1,49,305,3.05,0
4559,0,1,0,4,26,False,19,1,255,511,5.11,0
4560,0,1,0,4,27,False,118,9,0,2304,23.04,0
4561,0,1,0,4,28,False,115,14,71,3655,36.55,0
4562,0,1,0,4,29,False,197,10,33,2593,25.93,0
4563,0,1,0,4,30,False,196,9,112,2416,24.16,0
4564,0,1,0,4,31,False,223,7,146,1938,19.38,0
4565,0,1,0,4,32,False,93,13,184,3512,35.12,0
4566,0,1,0,4,33,False,88,12,147,3219,32.19,0
4567,0,1,0,4,3,True,196,4,163,1187,11.87,0
4568,0,1,0,4,4,True,102,2,251,763,7.63,0
4569,0,1,0,4,5,True,184,11,15,2831,28.31,0
4570,0,1,0,4,6,True,61,8,69,2117,21.17,0
4571,0,1,0,4,7,True,222,10,45,2605,26.05,0
4572,0,1,0,4,8,True,127,2,6,518,5.18,0
4573,0,1,0,4,9,True,66,15,112,3952,39.52,0
4574,0,1,0,4,10,True,149,2,99,611,6.11,0
4575,0,1,0,4,11,True,150,12,116,3188,31.88,0
4576,0,1,0,4,12,True,183,14,133,3717,37.17,0
4577,0,1,0,4,13,True,179,8,64,2112,21.12,0
4578,0,1,0,4,14,True,74,2,111,623,6.23,0
4579,0,1,0,4,15,True,72,1,158,414,4.14,0
4580,0,1,0,4,16,True,139,13,198,3526,35.26,0
4581,0,1,0,4,17,True,250,5,171,1451,14.51,0
4582,0,1,0,4,18,True,145,2,46,558,5.58,0
4583,0,1,0,4,19,True,146,10,115,2675,26.75,0
4584,0,1,0,4,20,True,74,8,182,2230,22.3,0
4585,0,1,0,4,21,True,88,4,248,1272,12.72,0
4586,0,1,0,4,22,True,158,9,251,2555,25.55,0
4587,0,1,0,4,23,True,42,0,132,132,1.32,0
4588,0,1,0,4,24,True,90,9,150,2454,24.54,0
4589,0,1,0,4,25,True,57,4,184,1208,12.08,0
4590,0,1,0,4,26,True,139,9,212,2516,25.16,0
4591,0,1,0,4,27,True,19,2,146,658,6.58,0
4592,0,1,0,4,28,True,22,0,191,191,1.91,0
4593,0,1,0,4,29,True,235,7,149,1941,19.41,0
4594,0,1,0,4,30,True,166,6,58,1594,15.94,0
4595,0,1,0,4,31,True,204,7,164,1956,19.56,0
4596,0,1,0,4,32,True,166,0,0,0,0.0,67176960
4597,0,-1,-1,-1,-1,True,-1,-1,-1,-1,-1.0,-1
4598,0,-1,-1,-1,-1,True,-1,-1,-1,-1,-1.0,-1
4599,0,-1,-1,-1,-1,True,-1,-1,-1,-1,-1.0,-1
4600,0,-1,-1,-1,-1,True,-1,-1,-1,-1,-1.0,-1
4601,0,-1,-1,-1,-1,True,-1,-1,-1,-1,-1.0,-1
4602,0,1,0,6,4,False,17,1,5,261,2.61,1036
4603,0,1,0,4,8,False,255,13,166,3494,34.94,0
4604,0,1,0,2,0,False,10,0,0,0,0.0,0
4605,0,1,0,4,7,False,255,6,64,1600,16.0,0
4606,0,1,0,6,4,False,131,0,10,10,0.1,15682
4607,0,1,0,4,10,False,255,3,164,932,9.32,0
4608,0,1,0,4,11,False,255,15,174,4014,40.14,0
4609,0,1,0,4,12,False,255,3,12,780,7.8,0
4610,0,1,0,4,13,False,1,6,133,1669,16.69,0
4611,0,1,0,4,12,True,41,0,167,167,1.67,0
4612,0,1,0,4,15,True,255,6,42,1578,15.78,0
4613,0,1,0,4,16,True,255,11,190,3006,30.06,0
4614,0,1,0,4,17,True,255,1,99,355,3.55,0
4615,0,1,0,4,18,True,255,4,160,1184,11.84,0
4616,0,1,0,4,19,True,255,0,200,200,2.0,0
4617,0,1,0,4,20,True,255,2,148,660,6.6,0
4618,0,1,0,4,21,True,255,2,21,533,5.33,0
4619,0,1,0,4,22,True,255,0,48,48,0.48,0
4620,0,1,0,4,23,True,255,0,161,161,1.61,0
4621,0,1,0,4,24,True,255,13,238,3566,35.66,0
4622,0,1,0,4,25,True,255,3,107,875,8.75,0
4623,0,1,0,4,26,True,255,4,230,1254,12.54,0
4624,0,1,0,4,27,True,255,5,222,1502,15.02,0
4625,0,1,0,4,28,True,255,4,28,1052,10.52,0
4626,0,1,0,4,30,True,255,15,138,3978,39.78,0
4627,0,1,0,4,31,True,255,0,70,70,0.7,0
4628,0,1,0,4,32,True,255,11,177,2993,29.93,0
4629,0,1,0,4,33,True,255,15,210,4050,40.5,0
4630,0,1,0,4,34,True,255,14,184,3768,37.68,0
4631,0,1,0,4,29,True,4,15,158,3998,39.98,0
4632,0,1,0,4,15,False,210,3,38,806,8.06,0
4633,0,1,0,4,3,True,4,6,174,1710,17.1,0
4634,0,1,0,4,13,False,206,0,245,245,2.45,0
4635,0,1,0,4,16,False,6,13,81,3409,34.09,0
4636,0,1,0,4,16,True,205,8,79,2127,21.27,0
4637,0,1,0,4,7,False,4,0,78,78,0.78,0
4638,0,1,0,4,8,False,205,0,31,31,0.31,0
4639,0,1,1,7,46,False,4,2,205,717,7.17,306182
4640,0,1,0,4,7,False,205,8,204,2252,22.52,0
4641,0,1,16,4,12,False,15,14,4,3588,35.88,0
4642,0,1,0,4,10,False,205,1,160,416,4.16,0
4643,0,1,16,5,14,True,15,7,61,1853,18.53,61
4644,0,1,0,4,32,False,254,7,48,1840,18.4,0
4645,0,1,0,4,19,True,254,7,30,1822,18.22,0
4646,0,1,0,4,18,False,136,11,64,2880,28.8,0
4647,0,1,0,4,25,True,136,11,45,2861,28.61,0
4648,0,1,0,4,28,False,4,3,171,939,9.39,0
4649,0,1,0,6,5,True,66,11,42,2858,28.58,1028
4650,0,1,30,1,4,False,0,0,0,0,0.0,0
4651,0,1,3,3,4,False,144,2,0,512,5.12,0
4652,0,1,1,3,20,False,4,7,0,1792,17.92,0
4653,0,1,16,0,0,False,0,0,0,0,0.0,0
4654,0,1,15,6,4,False,9,13,10,3338,33.38,1164
4655,0,1,1,2,28,False,4,0,0,0,0.0,0
4656,0,1,27,0,0,False,0,0,0,0,0.0,0
4657,0,1,0,4,11,False,75,8,196,2244,22.44,0
4658,0,1,0,4,12,False,100,1,136,392,3.92,0
4659,0,1,0,4,14,False,140,8,130,2178,21.78,0
4660,0,1,0,4,15,False,1,10,238,2798,27.98,0
4661,0,1,0,4,18,False,195,4,247,1271,12.71,0
4662,0,1,0,4,19,False,80,7,8,1800,18.0,0
4663,0,1,0,4,20,False,17,10,221,2781,27.81,0
4664,0,1,0,4,21,False,51,1,182,438,4.38,0
4665,0,1,0,4,22,False,53,13,109,3437,34.37,0
4666,0,1,0,4,23,False,119,6,209,1745,17.45,0
4667,0,1,0,4,24,False,75,8,24,2072,20.72,0
4668,0,1,0,4,25,False,103,4,216,1240,12.4,0
4669,0,1,0,4,26,False,18,9,113,2417,24.17,0
4670,0,1,0,4,27,False,14,7,160,1952,19.52,0
4671,0,1,0,4,28,False,135,7,0,1792,17.92,0
4672,0,1,0,4,29,False,140,10,128,2688,26.88,0
4673,0,1,0,4,30,False,75,15,226,4066,40.66,0
4674,0,1,0,4,31,False,252,15,220,4060,40.6,0
4675,0,1,0,4,32,False,233,1,28,284,2.84,0
4676,0,1,0,4,33,False,207,7,140,1932,19.32,0
4677,0,1,0,4,4,True,233,11,126,2942,29.42,0
4678,0,1,0,4,5,True,79,4,150,1174,11.74,0
4679,0,1,0,4,7,True,17,1,202,458,4.58,0
4680,0,1,0,4,9,True,80,8,200,2248,22.48,0
4681,0,1,0,4,10,True,100,10,102,2662,26.62,0
4682,0,1,0,4,11,True,170,4,158,1182,11.82,0
4683,0,1,0,4,12,True,128,10,20,2580,25.8,0
4684,0,1,0,4,13,True,220,1,94,350,3.5,0
4685,0,1,0,4,14,True,140,3,159,927,9.27,0
4686,0,1,0,4,15,True,51,13,164,3492,34.92,0
4687,0,1,0,4,16,True,103,12,69,3141,31.41,0
4688,0,1,0,4,17,True,14,7,146,1938,19.38,0
4689,0,1,0,4,18,True,75,9,192,2496,24.96,0
4690,0,1,0,4,19,True,35,5,166,1446,14.46,0
4691,0,1,0,4,20,True,205,0,154,154,1.54,0
4692,0,1,0,4,21,True,205,0,152,152,1.52,0
4693,0,1,0,4,22,True,207,11,227,3043,30.43,0
4694,0,1,0,4,23,True,189,14,207,3791,37.91,0
4695,0,1,0,4,24,True,205,12,80,3152,31.52,0
4696,0,1,0,4,25,True,192,3,5,773,7.73,0
4697,0,1,0,4,26,True,177,12,251,3323,33.23,0
4698,0,1,0,4,27,True,246,13,11,3339,33.39,0
4699,0,1,0,4,28,True,171,0,158,158,1.58,0
4700,0,1,0,4,29,True,171,6,174,1710,17.1,0
4701,0,1,0,4,30,True,205,12,186,3258,32.58,0
4702,0,1,0,4,31,True,140,9,58,2362,23.62,0
4703,0,1,0,4,32,True,83,7,50,1842,18.42,0
4704,0,1,0,4,33,True,211,4,36,1060,10.6,0
4705,0,1,0,4,34,True,205,12,105,3177,31.77,0
4706,0,1,0,4,32,True,102,1,86,342,3.42,0
4707,0,1,0,4,30,False,216,10,215,2775,27.75,0
4708,0,1,0,4,16,False,100,4,110,1134,11.34,0
4709,0,1,0,4,8,False,98,13,119,3447,34.47,0
4710,0,1,0,4,17,False,100,5,12,1292,12.92,0
4711,0,1,0,4,7,False,98,6,62,1598,15.98,0
4712,0,1,0,4,3,True,102,3,244,1012,10.12,0
4713,0,1,0,4,10,False,98,3,87,855,8.55,0
4714,0,1,0,4,5,True,99,10,127,2687,26.87,0
4715,0,1,0,4,11,False,98,15,62,3902,39.02,0
4716,0,1,0,4,61,False,61,13,61,3389,33.89,0
4717,0,1,0,4,28,False,107,12,128,3200,32.0,0
4718,0,1,0,4,19,True,148,12,109,3181,31.81,0
4719,0,1,0,4,7,False,152,4,0,1024,10.24,0
4720,0,1,0,4,6,False,150,8,30,2078,20.78,0
4721,0,1,0,4,17,True,150,8,11,2059,20.59,0
4722,0,1,0,4,33,False,4,0,114,114,1.14,0
4723,0,1,1,3,57,True,254,1,0,256,2.56,0
4724,0,1,30,3,4,False,138,14,0,3584,35.84,0
4725,0,1,0,1,4,False,0,0,0,0,0.0,0
4726,0,1,0,4,34,True,0,5,222,1502,15.02,0
4727,0,1,0,4,18,True,60,12,209,3281,32.81,0
4728,0,1,0,4,33,False,60,4,218,1242,12.42,0
4729,0,1,0,4,17,True,60,4,195,1219,12.19,0
4730,0,-1,-1,-1,-1,True,-1,-1,-1,-1,-1.0,-1
4731,0,-1,-1,-1,-1,True,-1,-1,-1,-1,-1.0,-1
4732,0,1,18,0,0,False,0,0,0,0,0.0,0
4733,0,1,0,4,12,False,102,3,96,864,8.64,0
4734,0,1,12,7,5,False,234,13,61,3389,33.89,4013373
4735,0,-1,-1,-1,-1,True,-1,-1,-1,-1,-1.0,-1
4736,0,-1,-1,-1,-1,True,-1,-1,-1,-1,-1.0,-1
4737,0,-1,-1,-1,-1,True,-1,-1,-1,-1,-1.0,-1
4738,0,-1,-1,-1,-1,True,-1,-1,-1,-1,-1.0,-1
4739,0,1,0,4,26,False,189,3,49,817,8.17,0
4740,0,1,0,2,13,False,7,0,0,0,0.0,0
4741,0,1,0,4,13,False,179,7,78,1870,18.7,0
4742,0,1,0,2,4,False,16,0,0,0,0.0,0
4743,0,1,0,4,8,False,178,13,113,3441,34.41,0
4744,0,1,0,4,4,False,87,5,54,1334,13.34,0
4745,0,1,0,4,7,False,178,6,56,1592,15.92,0
4746,0,1,0,4,3,True,5,4,44,1068,10.68,0
4747,0,1,0,4,10,False,178,3,80,848,8.48,0
4748,0,1,0,4,16,True,3,5,34,1314,13.14,0
4749,0,1,0,4,11,False,178,15,133,3973,39.73,0
4750,0,1,0,4,4,False,5,7,3,1795,17.95,0
4751,0,1,9,1,3,False,0,0,0,0,0.0,0
4752,0,1,16,6,15,False,36,4,0,1024,10.24,2431
4753,0,1,28,2,4,False,2,0,0,0,0.0,0
4754,0,1,16,6,6,False,255,4,8,1032,10.32,411
4755,0,1,6,0,0,False,0,0,0,0,0.0,0
4756,0,1,0,4,8,True,134,6,229,1765,17.65,0
4757,0,1,0,4,9,False,66,15,239,4079,40.79,0
4758,0,1,0,4,10,False,206,3,188,956,9.56,0
4759,0,1,0,4,11,False,207,3,126,894,8.94,0
4760,0,1,0,4,12,False,229,11,57,2873,28.73,0
4761,0,1,0,4,13,False,54,1,247,503,5.03,0
4762,0,1,0,4,16,False,239,5,200,1480,14.8,0
4763,0,1,0,4,17,False,239,14,97,3681,36.81,0
4764,0,1,0,4,18,False,42,0,46,46,0.46,0
4765,0,1,0,4,19,False,243,7,206,1998,19.98,0
4766,0,1,0,4,20,False,190,8,58,2106,21.06,0
4767,0,1,0,4,21,False,208,0,131,131,1.31,0
4768,0,1,0,4,22,False,205,6,219,1755,17.55,0
4769,0,1,0,4,23,False,120,13,174,3502,35.02,0
4770,0,1,0,4,24,False,120,4,40,1064,10.64,0
4771,0,1,0,4,25,False,123,15,50,3890,38.9,0
4772,0,1,0,4,26,False,73,8,212,2260,22.6,0
4773,0,1,0,4,27,False,148,8,86,2134,21.34,0
4774,0,1,0,4,28,False,195,13,9,3337,33.37,0
4775,0,1,0,4,29,False,110,3,145,913,9.13,0
4776,0,1,0,4,30,False,18,1,192,448,4.48,0
4777,0,1,0,4,31,False,194,11,209,3025,30.25,0
4778,0,1,0,4,32,False,85,13,37,3365,33.65,0
4779,0,1,0,4,33,False,249,5,2,1282,12.82,0
4780,0,1,0,4,3,True,120,14,47,3631,36.31,0
4781,0,1,0,4,4,True,120,13,118,3446,34.46,0
4782,0,1,0,4,5,True,190,13,57,3385,33.85,0
4783,0,1,0,4,6,True,123,3,103,871,8.71,0
4784,0,1,0,4,7,True,249,2,72,584,5.84,0
4785,0,1,0,4,8,True,208,7,51,1843,18.43,0
4786,0,1,0,4,9,True,149,4,164,1188,11.88,0
4787,0,1,0,4,10,True,148,9,241,2545,25.45,0
4788,0,1,0,4,11,True,148,3,171,939,9.39,0
4789,0,1,0,4,12,True,205,2,101,613,6.13,0
4790,0,1,0,4,13,True,179,3,59,827,8.27,0
4791,0,1,0,4,14,True,121,12,142,3214,32.14,0
4792,0,1,0,4,15,True,53,9,160,2464,24.64,0
4793,0,1,0,4,16,True,195,6,136,1672,16.72,0
4794,0,1,0,4,17,True,18,5,9,1289,12.89,0
4795,0,1,0,4,18,True,207,1,250,506,5.06,0
4796,0,1,0,4,19,True,206,0,247,247,2.47,0
4797,0,1,0,4,20,True,66,11,87,2903,29.03,0
4798,0,1,0,4,21,True,252,10,27,2587,25.87,0
4799,0,1,0,4,22,True,70,1,124,380,3.8,0
4800,0,1,0,4,23,True,239,13,127,3455,34.55,0
4801,0,1,0,4,24,True,239,5,37,1317,13.17,0
4802,0,1,0,4,25,True,211,5,228,1508,15.08,0
4803,0,1,0,4,26,True,36,15,190,4030,40.3,0
4804,0,1,0,4,27,True,195,3,58,826,8.26,0
4805,0,1,0,4,28,True,127,12,191,3263,32.63,0
4806,0,1,0,4,29,True,227,4,197,1221,12.21,0
4807,0,1,0,4,30,True,97,8,70,2118,21.18,0
4808,0,1,0,4,31,True,43,4,144,1168,11.68,0
4809,0,1,0,4,32,True,10,1,4,260,2.6,1812792343
4810,0,-1,-1,-1,-1,True,-1,-1,-1,-1,-1.0,-1
4811,0,-1,-1,-1,-1,True,-1,-1,-1,-1,-1.0,-1
4812,0,-1,-1,-1,-1,True,-1,-1,-1,-1,-1.0,-1
4813,0,-1,-1,-1,-1,True,-1,-1,-1,-1,-1.0,-1
4814,0,1,1,7,48,True,2,2,177,689,6.89,4013316
4815,0,96,0,0,0,False,0,0,10,10,0.1,3651208193
4816,0,-1,-1,-1,-1,True,-1,-1,-1,-1,-1.0,-1
4817,0,-1,-1,-1,-1,True,-1,-1,-1,-1,-1.0,-1
4818,0,-1,-1,-1,-1,True,-1,-1,-1,-1,-1.0,-1
4819,0,-1,-1,-1,-1,True,-1,-1,-1,-1,-1.0,-1
4820,0,1,0,4,34,True,217,14,116,3700,37.0,0
4821,0,1,0,4,15,False,184,3,99,867,8.67,0
4822,0,1,0,4,16,False,178,4,118,1142,11.42,0
4823,0,1,0,4,13,False,178,9,1,2305,23.05,0
4824,0,1,0,4,17,False,177,5,199,1479,14.79,0
4825,0,1,0,4,8,False,176,1,7,263,2.63,0
4826,0,1,0,4,10,False,238,4,131,1155,11.55,0
4827,0,1,0,4,7,False,176,10,99,2659,26.59,0
4828,0,1,22,3,4,False,96,4,0,1024,10.24,0
4829,0,1,0,4,10,False,177,5,158,1438,14.38,0
4830,0,1,16,5,49,True,5,3,61,829,8.29,61
4831,0,1,0,4,22,False,4,11,177,2993,29.93,0
4832,0,1,1,7,45,False,137,14,4,3588,35.88,933384
4833,0,1,11,0,0,False,0,0,0,0,0.0,0
4834,0,1,25,0,0,False,0,0,0,0,0.0,0
4835,0,1,0,4,12,False,177,4,212,1236,12.36,0
4836,0,1,0,4,11,True,137,14,178,3762,37.62,0
4837,0,1,0,4,14,False,184,12,240,3312,33.12,0
4838,0,1,0,4,15,False,227,5,147,1427,14.27,0
4839,0,1,0,4,16,False,228,1,251,507,5.07,0
4840,0,1,0,4,18,False,118,15,223,4063,40.63,0
4841,0,1,0,4,19,False,103,13,18,3346,33.46,0
4842,0,1,0,4,23,False,154,2,82,594,5.94,0
4843,0,1,0,4,24,False,151,4,175,1199,11.99,0
4844,0,1,0,4,25,False,150,14,3,3587,35.87,0
4845,0,1,0,4,26,False,84,1,135,391,3.91,0
4846,0,1,0,4,27,False,84,2,150,662,6.62,0
4847,0,1,0,4,28,False,144,2,227,739,7.39,0
4848,0,1,0,4,29,False,54,8,128,2176,21.76,0
4849,0,1,0,4,30,False,128,0,35,35,0.35,0
4850,0,1,0,4,31,False,20,12,63,3135,31.35,0
4851,0,1,0,4,32,False,236,9,161,2465,24.65,0
4852,0,1,0,4,33,False,240,8,57,2105,21.05,0
4853,0,1,0,4,3,True,102,9,78,2382,23.82,0
4854,0,1,0,4,6,True,239,9,212,2516,25.16,0
4855,0,1,0,4,8,True,222,0,113,113,1.13,0
4856,0,1,0,4,9,True,224,5,164,1444,14.44,0
4857,0,1,0,4,10,True,57,14,64,3648,36.48,0
4858,0,1,0,4,11,True,143,5,79,1359,13.59,0
4859,0,1,0,4,12,True,80,12,181,3253,32.53,0
4860,0,1,0,4,13,True,73,12,208,3280,32.8,0
4861,0,1,0,4,14,True,84,13,245,3573,35.73,0
4862,0,1,0,4,15,True,84,2,171,683,6.83,0
4863,0,1,0,4,16,True,54,8,18,2066,20.66,0
4864,0,1,0,4,17,True,176,2,148,660,6.6,0
4865,0,1,0,4,18,True,176,7,7,1799,17.99,0
4866,0,1,0,4,19,True,128,2,154,666,6.66,0
4867,0,1,0,4,20,True,176,4,225,1249,12.49,0
4868,0,1,0,4,21,True,177,3,113,881,8.81,0
4869,0,1,0,4,22,True,62,10,58,2618,26.18,0
4870,0,1,0,4,23,True,64,14,86,3670,36.7,0
4871,0,1,0,4,24,True,177,15,177,4017,40.17,0
4872,0,1,0,4,25,True,177,4,226,1250,12.5,0
4873,0,1,0,4,26,True,176,6,32,1568,15.68,0
4874,0,1,0,4,27,True,176,6,100,1636,16.36,0
4875,0,1,0,4,28,True,84,2,144,656,6.56,0
4876,0,1,0,4,29,True,86,12,200,3272,32.72,0
4877,0,1,0,4,30,True,176,2,153,665,6.65,0
4878,0,1,0,4,31,True,176,4,58,1082,10.82,0
4879,0,1,0,4,32,True,240,1,51,307,3.07,0
4880,0,1,0,4,33,True,176,3,156,924,9.24,0
4881,0,1,0,4,34,True,176,1,15,271,2.71,0
4882,0,1,0,4,21,False,239,4,229,1253,12.53,0
4883,0,1,0,4,13,False,251,8,160,2208,22.08,0
4884,0,1,0,5,47,True,4,5,4,1284,12.84,16
4885,0,1,0,4,8,False,250,13,112,3440,34.4,0
4886,0,1,23,1,4,False,0,0,0,0,0.0,0
4887,0,1,0,4,7,False,250,6,27,1563,15.63,0
4888,0,1,2,1,3,False,0,0,0,0,0.0,0
4889,0,1,0,4,10,False,250,3,118,886,8.86,0
4890,0,1,0,6,26,True,4,4,3,1027,10.27,52746
4891,0,1,0,4,11,False,250,15,173,4013,40.13,0
4892,0,1,0,4,16,True,251,6,134,1670,16.7,0
4893,0,1,0,4,12,False,250,2,125,637,6.37,0
4894,0,1,0,4,15,True,250,6,6,1542,15.42,0
4895,0,1,0,4,16,True,250,11,243,3059,30.59,0
4896,0,1,0,4,17,True,250,1,130,386,3.86,0
4897,0,1,0,4,18,True,250,4,234,1258,12.58,0
4898,0,1,0,4,19,True,250,0,209,209,2.09,0
4899,0,1,0,4,20,True,250,2,192,704,7.04,0
4900,0,1,0,4,21,True,250,2,88,600,6.0,0
4901,0,1,0,4,22,True,250,0,66,66,0.66,0
4902,0,1,0,4,23,True,250,0,129,129,1.29,0
4903,0,1,0,4,24,True,250,13,233,3561,35.61,0
4904,0,1,0,4,25,True,250,3,201,969,9.69,0
4905,0,1,0,4,26,True,250,5,29,1309,13.09,0
4906,0,1,0,4,27,True,250,5,249,1529,15.29,0
4907,0,1,0,4,28,True,250,4,149,1173,11.73,0
4908,0,1,0,4,30,True,250,15,242,4082,40.82,0
4909,0,1,0,4,31,True,250,0,24,24,0.24,0
4910,0,1,0,4,32,True,10,1,4,260,2.6,1527189259
4911,0,-1,-1,-1,-1,True,-1,-1,-1,-1,-1.0,-1
4912,0,-1,-1,-1,-1,True,-1,-1,-1,-1,-1.0,-1
4913,0,-1,-1,-1,-1,True,-1,-1,-1,-1,-1.0,-1
4914,0,-1,-1,-1,-1,True,-1,-1,-1,-1,-1.0,-1
4915,0,1,0,4,25,True,15,7,72,1864,18.64,0
4916,0,1,0,4,28,False,43,6,103,1639,16.39,0
4917,0,1,0,4,7,True,43,6,84,1620,16.2,0
