,readout,layer,chipID,payload,location,isCol,timestamp,tot_msb,tot_lsb,tot_total,tot_us,fpga_ts
0,0,1,4,0,0,False,0,0,0,0,0.0,0
1,0,1,4,6,4,False,10,2,6,518,2.59,1260
2,0,1,6,2,22,True,0,0,0,0,0.0,0
3,0,1,4,2,34,True,7,0,0,0,0.0,0
4,0,1,5,4,10,False,226,4,34,1058,5.29,0
5,0,1,4,1,4,False,0,0,0,0,0.0,0
6,0,1,6,6,4,False,10,1,15,271,1.355,11278
7,0,1,4,2,63,False,2,0,0,0,0.0,0
8,0,1,17,2,63,False,4,0,0,0,0.0,0
9,0,1,4,2,4,False,10,0,0,0,0.0,0
10,0,1,30,0,0,False,0,0,0,0,0.0,0
11,0,1,4,7,3,False,99,4,10,1034,5.17,2097884
12,0,1,7,2,50,True,208,0,0,0,0.0,0
13,0,1,4,4,10,False,55,0,186,186,0.93,0
14,0,1,0,4,50,True,44,10,118,2678,13.39,0
15,0,1,4,4,10,False,142,3,232,1000,5.0,0
16,0,1,0,6,44,False,10,12,0,3072,15.36,37499
17,0,1,4,4,10,False,3,1,214,470,2.35,0
18,0,1,0,5,34,False,4,10,10,2570,12.85,131
19,0,1,4,4,10,False,208,3,226,994,4.97,0
20,0,1,1,4,4,False,87,0,52,52,0.26,0
21,0,1,4,4,10,False,111,1,242,498,2.49,0
22,0,1,16,3,4,False,220,4,0,1024,5.12,0
23,0,1,4,4,10,False,149,5,77,1357,6.785,0
24,0,1,6,7,19,True,4,10,55,2615,13.075,13221321
25,0,1,4,4,10,False,49,1,20,276,1.38,0
26,0,1,8,4,44,False,10,11,1,2817,14.085,0
27,0,1,4,4,10,True,51,0,90,90,0.45,0
28,0,1,31,0,0,False,0,0,0,0,0.0,0
29,0,1,4,4,10,False,164,3,241,1009,5.045,0
30,0,1,17,2,49,False,8,0,0,0,0.0,0
31,0,1,4,4,10,False,254,0,243,243,1.215,0
32,0,1,11,1,51,False,0,0,0,0,0.0,0
33,0,1,4,4,10,False,133,2,1,513,2.565,0
34,0,1,5,6,44,False,10,4,35,1059,5.295,33283
35,0,1,4,4,10,False,143,3,10,778,3.89,2319205377
36,0,-1,-1,-1,-1,True,-1,-1,-1,-1,-1.0,-1
37,0,-1,-1,-1,-1,True,-1,-1,-1,-1,-1.0,-1
38,0,-1,-1,-1,-1,True,-1,-1,-1,-1,-1.0,-1
39,0,-1,-1,-1,-1,True,-1,-1,-1,-1,-1.0,-1
40,0,1,1,2,10,False,1,0,0,0,0.0,0
41,0,1,17,0,0,False,0,0,0,0,0.0,0
42,0,1,1,2,44,False,10,0,0,0,0.0,0
43,0,1,4,4,10,False,136,2,9,521,2.605,0
44,0,1,7,6,1,False,14,9,5,2309,11.545,1324
45,0,1,4,4,10,True,136,3,66,834,4.17,0
46,0,1,29,3,26,False,247,13,0,3328,16.64,0
47,0,1,4,4,10,False,19,0,84,84,0.42,0
48,0,1,5,4,10,True,42,10,52,2612,13.06,0
49,0,1,4,4,10,True,19,0,66,66,0.33,0
50,0,1,1,2,10,True,225,0,0,0,0.0,0
51,0,1,4,4,10,False,201,2,26,538,2.69,0
52,0,1,5,4,10,False,19,10,19,2579,12.895,0
53,0,1,4,4,10,False,106,2,131,643,3.215,0
54,0,1,4,4,10,True,106,4,102,1126,5.63,0
55,0,1,0,1,35,False,0,0,0,0,0.0,0
56,0,1,5,4,10,False,201,4,179,1203,6.015,0
57,0,1,4,4,10,False,102,1,61,317,1.585,0
58,0,1,8,4,10,False,5,4,55,1079,5.395,0
59,0,1,4,4,10,True,102,1,43,299,1.495,0
60,0,1,5,4,10,False,148,9,36,2340,11.7,0
61,0,1,4,4,10,False,97,1,110,366,1.83,0
62,0,1,5,4,3,False,52,10,5,2565,12.825,0
63,0,1,4,4,10,False,3,1,208,464,2.32,0
64,0,1,0,1,46,False,0,0,0,0,0.0,0
65,0,1,4,4,10,False,67,1,205,461,2.305,0
66,0,1,13,2,52,False,10,0,0,0,0.0,0
67,0,1,4,4,10,False,245,1,233,489,2.445,0
68,0,1,5,4,4,False,22,15,2,3842,19.21,0
69,0,1,4,4,10,True,245,6,118,1654,8.27,0
70,0,1,26,4,44,False,10,10,1,2561,12.805,0
71,0,1,4,4,10,False,241,3,79,847,4.235,0
72,0,1,30,0,0,False,0,0,0,0,0.0,0
73,0,1,4,4,10,False,92,1,216,472,2.36,0
74,0,1,5,4,10,True,234,4,142,1166,5.83,0
75,0,1,4,4,10,False,194,1,128,384,1.92,0
76,0,1,5,4,2,False,16,10,52,2612,13.06,0
77,0,1,4,4,10,False,45,1,150,406,2.03,0
78,0,1,5,4,57,True,3,12,10,3082,15.41,0
79,0,1,4,4,10,False,190,1,199,455,2.275,0
80,0,1,24,2,52,False,10,0,0,0,0.0,0
81,0,1,4,4,10,False,254,0,150,150,0.75,0
82,0,1,5,4,10,True,199,0,52,52,0.26,0
83,0,1,4,4,10,True,254,9,162,2466,12.33,0
84,0,1,5,4,41,True,7,12,138,3210,16.05,0
85,0,1,4,4,10,False,69,1,194,450,2.25,0
86,0,1,30,3,10,False,194,12,0,3072,15.36,0
87,0,1,4,4,10,True,69,1,176,432,2.16,0
88,0,1,1,2,10,False,138,0,0,0,0.0,0
89,0,1,9,2,0,False,94,0,0,0,0.0,0
90,0,1,0,2,4,False,13,0,0,0,0.0,0
91,0,1,4,4,10,False,233,0,155,155,0.775,0
92,0,1,8,4,10,False,254,0,179,179,0.895,0
93,0,1,4,4,10,True,233,0,137,137,0.685,0
94,0,1,6,4,10,False,69,1,215,471,2.355,0
95,0,1,6,4,61,False,61,13,61,3389,16.945,0
96,0,1,5,2,10,False,0,0,0,0,0.0,0
97,0,1,4,4,10,False,112,0,97,97,0.485,0
98,0,1,5,6,4,False,10,6,1,1537,7.685,15657
99,0,1,4,4,10,False,21,1,177,433,2.165,0
100,0,1,4,4,10,True,21,1,237,493,2.465,0
101,0,1,4,4,10,False,226,0,141,141,0.705,0
102,0,1,4,4,10,True,8,0,181,181,0.905,0
103,0,1,4,4,10,False,8,0,95,95,0.475,0
104,0,1,4,4,10,False,127,0,161,161,0.805,0
105,0,1,4,4,10,True,127,0,144,144,0.72,0
106,0,1,4,4,10,False,228,0,177,177,0.885,0
107,0,1,4,4,10,True,228,0,141,141,0.705,0
108,0,1,4,4,10,False,113,0,52,52,0.26,0
109,0,1,4,4,10,True,113,0,36,36,0.18,0
110,0,1,4,4,10,False,61,0,175,175,0.875,0
111,0,1,4,4,10,True,66,0,138,138,0.69,0
112,0,1,4,4,10,False,210,1,234,490,2.45,0
113,0,1,4,4,10,True,210,1,216,472,2.36,0
114,0,1,4,4,10,False,104,0,92,92,0.46,0
115,0,1,4,4,10,True,104,0,74,74,0.37,0
116,0,1,4,4,10,False,164,0,76,76,0.38,0
117,0,1,4,4,10,True,164,0,59,59,0.295,0
118,0,1,4,4,10,False,208,1,118,374,1.87,0
119,0,1,0,4,42,False,208,0,47,47,0.235,0
120,0,1,4,4,10,True,208,1,101,357,1.785,0
121,0,1,0,4,10,True,208,0,202,202,1.01,0
122,0,1,4,4,10,False,201,0,62,62,0.31,0
123,0,1,4,4,10,True,201,0,45,45,0.225,0
124,0,1,4,4,10,False,51,1,29,285,1.425,0
125,0,1,4,4,10,True,51,1,10,266,1.33,0
126,0,1,4,4,10,False,21,0,91,91,0.455,0
127,0,1,4,4,10,True,21,0,73,73,0.365,0
128,0,1,4,4,10,False,70,0,78,78,0.39,0
129,0,1,4,4,10,True,70,0,61,61,0.305,0
130,0,1,4,4,10,False,205,0,59,59,0.295,0
131,0,1,4,4,10,True,205,0,41,41,0.205,0
132,0,1,4,4,10,False,172,1,162,418,2.09,0
133,0,1,4,4,10,True,172,1,107,363,1.815,0
134,0,1,4,4,10,False,216,1,58,314,1.57,0
135,0,1,4,4,10,True,216,1,38,294,1.47,0
136,0,-1,-1,-1,-1,True,-1,-1,-1,-1,-1.0,-1
137,0,1,6,4,10,False,78,5,199,1479,7.395,0
138,0,1,29,0,0,False,0,0,0,0,0.0,0
139,0,1,6,4,10,False,229,8,105,2153,10.765,0
140,0,1,6,4,10,True,229,11,216,3032,15.16,0
141,0,1,4,4,10,False,250,0,127,127,0.635,0
142,0,1,17,2,60,False,138,0,0,0,0.0,0
143,0,1,4,4,10,True,250,0,118,118,0.59,0
144,0,1,5,4,10,False,250,0,83,83,0.415,0
145,0,1,4,4,10,False,48,1,63,319,1.595,0
146,0,1,6,4,1,False,25,12,138,3210,16.05,0
147,0,1,4,4,10,True,48,1,155,411,2.055,0
148,0,1,31,2,15,False,2,0,0,0,0.0,0
149,0,1,4,4,10,False,189,0,231,231,1.155,0
150,0,1,6,5,60,False,10,14,3,3587,17.935,147
151,0,1,4,4,10,True,189,0,212,212,1.06,0
152,0,1,31,5,1,False,195,12,138,3210,16.05,48
153,0,1,4,4,10,False,66,1,0,256,1.28,0
154,0,1,4,4,10,True,66,0,238,238,1.19,0
155,0,1,15,0,0,False,0,0,0,0,0.0,0
156,0,1,4,4,10,False,150,0,225,225,1.125,0
157,0,1,6,4,10,False,50,0,99,99,0.495,0
158,0,1,4,4,10,True,150,0,189,189,0.945,0
159,0,1,7,4,10,False,150,0,118,118,0.59,0
160,0,1,7,4,10,True,150,0,97,97,0.485,0
161,0,1,6,4,4,False,10,2,52,564,2.82,0
162,0,1,1,2,10,False,52,0,0,0,0.0,0
163,0,1,0,1,30,True,0,0,0,0,0.0,0
164,0,1,28,2,4,False,61,0,0,0,0.0,0
165,0,1,6,4,10,False,97,2,118,630,3.15,0
166,0,1,4,4,10,False,145,1,52,308,1.54,0
167,0,1,8,4,10,False,0,10,143,2703,13.515,0
168,0,1,4,4,10,True,145,1,16,272,1.36,0
169,0,1,6,4,10,False,160,0,92,92,0.46,0
170,0,1,4,4,10,False,72,0,59,59,0.295,0
171,0,1,0,2,0,False,70,0,0,0,0.0,0
172,0,1,4,4,10,True,72,0,40,40,0.2,0
173,0,1,6,4,10,True,213,0,73,73,0.365,0
174,0,1,4,4,10,False,187,0,81,81,0.405,0
175,0,1,7,4,10,True,61,0,52,52,0.26,0
176,0,1,4,4,10,False,217,0,102,102,0.51,0
177,0,1,1,2,8,False,142,0,0,0,0.0,0
178,0,1,4,4,10,False,86,1,4,260,1.3,0
179,0,1,7,4,10,False,44,12,138,3210,16.05,0
180,0,1,4,4,10,True,86,1,133,389,1.945,0
181,0,1,26,3,10,False,89,4,0,1024,5.12,0
182,0,1,4,4,10,False,135,0,101,101,0.505,0
183,0,1,15,5,60,False,10,5,3,1283,6.415,112
184,0,1,4,4,10,False,246,1,115,371,1.855,0
185,0,1,7,4,10,False,44,10,246,2806,14.03,0
186,0,1,4,4,10,True,246,1,180,436,2.18,0
187,0,1,4,4,10,False,41,1,115,371,1.855,0
188,0,1,28,5,44,False,138,6,0,1536,7.68,10
189,0,1,4,4,10,False,136,2,30,542,2.71,0
190,0,1,10,6,2,False,224,12,10,3082,15.41,1578
191,0,1,4,4,10,True,136,3,55,823,4.115,0
192,0,1,29,0,0,False,0,0,0,0,0.0,0
193,0,1,4,4,10,False,113,0,63,63,0.315,0
194,0,1,5,4,10,True,42,0,81,81,0.405,0
195,0,1,4,4,10,False,39,1,51,307,1.535,0
196,0,1,12,4,10,True,84,2,36,548,2.74,0
197,0,1,4,4,10,False,173,2,46,558,2.79,0
198,0,1,5,1,58,True,0,0,0,0,0.0,0
199,0,1,4,4,10,False,240,0,75,75,0.375,0
200,0,1,6,4,10,False,156,4,175,1199,5.995,0
201,0,1,4,4,10,True,240,3,115,883,4.415,0
202,0,1,1,2,1,False,49,0,0,0,0.0,0
203,0,1,0,5,2,False,0,8,3,2051,10.255,140
204,0,1,6,4,10,False,236,4,18,1042,5.21,0
205,0,1,4,4,10,False,239,0,85,85,0.425,0
206,0,1,17,0,0,False,0,0,0,0,0.0,0
207,0,1,4,4,10,False,32,0,52,52,0.26,0
208,0,1,8,4,10,True,39,1,122,378,1.89,0
209,0,1,4,4,10,False,161,2,0,512,2.56,0
210,0,1,5,4,10,True,173,2,3,515,2.575,0
211,0,1,4,4,10,False,224,1,126,382,1.91,0
212,0,1,5,4,60,False,10,9,0,2304,11.52,0
213,0,1,4,4,10,False,119,0,67,67,0.335,0
214,0,1,5,4,0,False,179,12,52,3124,15.62,0
215,0,1,4,4,10,True,119,3,183,951,4.755,0
216,0,1,5,4,1,False,52,12,138,3210,16.05,0
217,0,1,29,4,8,True,60,10,172,2732,13.66,0
218,0,1,4,4,10,False,32,0,236,236,1.18,0
219,0,1,0,1,29,True,0,0,0,0,0.0,0
220,0,1,4,4,10,False,160,0,72,72,0.36,0
221,0,1,7,4,10,True,224,0,1,1,0.005,0
222,0,1,4,2,32,True,0,0,0,0,0.0,0
223,0,1,15,1,52,False,0,0,0,0,0.0,0
224,0,1,4,0,0,False,0,0,0,0,0.0,0
225,0,1,17,2,2,False,14,0,0,0,0.0,0
226,0,1,4,4,10,False,0,1,155,411,2.055,0
227,0,1,6,1,1,False,0,0,0,0,0.0,0
228,0,1,4,4,10,False,215,1,63,319,1.595,0
229,0,1,15,2,10,False,149,0,0,0,0.0,0
230,0,1,4,4,10,True,215,1,46,302,1.51,0
231,0,1,0,4,47,False,52,10,215,2775,13.875,0
232,0,1,4,4,10,False,233,0,18,18,0.09,0
233,0,1,4,4,10,True,233,0,27,27,0.135,0
234,0,1,16,2,44,False,138,0,0,0,0.0,0
235,0,1,4,4,10,False,228,0,180,180,0.9,0
236,0,1,26,7,0,False,0,7,2,1794,8.97,666627
237,0,1,4,4,10,True,228,0,144,144,0.72,0
238,0,1,28,4,0,False,89,7,1,1793,8.965,0
239,0,1,4,4,10,False,49,1,30,286,1.43,0
240,0,1,12,0,0,False,0,0,0,0,0.0,0
241,0,1,4,4,10,False,102,0,60,60,0.3,0
242,0,1,5,4,10,True,228,0,67,67,0.335,0
243,0,1,4,4,10,False,193,1,89,345,1.725,0
244,0,1,5,7,2,False,145,4,60,1084,5.42,197386
245,0,1,4,4,10,True,193,2,104,616,3.08,0
246,0,1,12,3,60,False,138,15,0,3840,19.2,0
247,0,1,4,4,10,False,189,1,139,395,1.975,0
248,0,1,6,4,10,False,55,8,221,2269,11.345,0
249,0,1,4,4,10,False,89,0,209,209,1.045,0
250,0,1,9,7,21,True,60,4,10,1034,5.17,668791
251,0,1,4,4,10,False,28,0,22,22,0.11,0
252,0,1,0,2,2,False,181,0,0,0,0.0,0
253,0,1,4,4,10,False,154,1,153,409,2.045,0
254,0,1,27,6,60,False,138,10,184,2744,13.72,64769
255,0,1,4,4,10,True,154,3,219,987,4.935,0
256,0,1,6,4,10,False,9,4,137,1161,5.805,0
257,0,1,7,4,10,False,153,2,238,750,3.75,0
258,0,1,7,4,0,False,71,12,138,3210,16.05,0
259,0,1,6,4,10,False,114,1,225,481,2.405,0
260,0,1,20,0,0,False,0,0,0,0,0.0,0
261,0,1,6,4,10,False,236,1,239,495,2.475,0
262,0,1,4,4,10,False,64,0,126,126,0.63,0
263,0,1,6,4,10,False,19,1,142,398,1.99,0
264,0,1,4,4,10,True,64,0,89,89,0.445,0
265,0,1,6,4,10,False,131,0,94,94,0.47,0
266,0,1,4,4,10,False,27,0,209,209,1.045,0
267,0,1,6,4,10,True,179,0,113,113,0.565,0
268,0,1,4,4,10,False,123,0,67,67,0.335,0
269,0,1,6,4,60,False,138,3,0,768,3.84,0
270,0,1,4,4,10,False,17,0,90,90,0.45,0
271,0,1,6,4,60,False,138,4,0,1024,5.12,0
272,0,1,4,4,10,False,125,0,76,76,0.38,0
273,0,1,6,4,5,True,60,10,26,2586,12.93,0
274,0,1,4,4,10,True,125,1,97,353,1.765,0
275,0,1,0,1,6,False,0,0,0,0,0.0,0
276,0,1,2,0,0,False,0,0,0,0,0.0,0
277,0,1,17,2,0,True,1,0,0,0,0.0,0
278,0,1,4,4,10,False,51,2,148,660,3.3,0
279,0,1,0,2,60,False,10,0,0,0,0.0,0
280,0,1,4,4,10,True,51,2,111,623,3.115,0
281,0,1,6,4,10,False,50,0,132,132,0.66,0
282,0,1,2,1,47,False,0,0,0,0,0.0,0
283,0,1,6,4,10,False,163,4,52,1076,5.38,0
284,0,1,17,2,10,False,60,0,0,0,0.0,0
285,0,1,6,4,10,False,57,3,86,854,4.27,0
286,0,1,17,2,50,False,3,0,0,0,0.0,0
287,0,1,6,4,10,False,223,2,254,766,3.83,0
288,0,1,16,2,60,False,10,0,0,0,0.0,0
289,0,1,6,4,10,False,22,0,78,78,0.39,0
290,0,1,4,4,10,True,226,1,64,320,1.6,0
291,0,1,6,4,10,False,209,1,203,459,2.295,0
292,0,1,4,4,10,False,221,1,94,350,1.75,0
293,0,1,6,4,10,False,81,0,88,88,0.44,0
294,0,1,5,4,10,False,123,0,107,107,0.535,0
295,0,1,5,4,10,True,226,0,239,239,1.195,0
296,0,1,6,4,10,True,123,0,87,87,0.435,0
297,0,1,6,4,10,False,221,1,167,423,2.115,0
298,0,1,6,4,10,False,164,2,30,542,2.71,0
299,0,1,7,4,10,True,28,1,231,487,2.435,0
300,0,1,6,4,10,False,53,2,33,545,2.725,0
301,0,1,6,4,10,False,154,1,115,371,1.855,0
302,0,1,4,4,10,False,137,0,179,179,0.895,0
303,0,1,6,4,10,True,154,3,1,769,3.845,0
304,0,1,4,4,10,False,178,2,12,524,2.62,0
305,0,1,6,4,10,False,126,0,71,71,0.355,0
306,0,1,4,4,10,False,63,1,200,456,2.28,0
307,0,1,6,4,10,False,196,1,61,317,1.585,0
308,0,1,4,4,10,False,122,1,28,284,1.42,0
309,0,1,6,4,10,False,64,0,221,221,1.105,0
310,0,1,4,4,10,False,16,1,74,330,1.65,0
311,0,1,7,4,10,False,127,1,87,343,1.715,0
312,0,1,4,4,10,False,209,0,236,236,1.18,0
313,0,1,8,4,10,False,16,0,236,236,1.18,0
314,0,1,4,4,10,True,209,7,74,1866,9.33,0
315,0,1,7,4,10,True,16,4,2,1026,5.13,0
316,0,1,6,4,10,False,40,0,88,88,0.44,0
317,0,1,0,2,12,True,60,0,0,0,0.0,0
318,0,1,4,4,10,False,174,0,68,68,0.34,0
319,0,1,5,4,10,True,40,0,66,66,0.33,0
320,0,1,4,4,10,False,217,1,51,307,1.535,0
321,0,1,1,2,17,True,1,0,0,0,0.0,0
322,0,1,4,4,10,False,121,2,18,530,2.65,0
323,0,1,15,7,44,False,10,14,0,3584,17.92,670868
324,0,1,4,4,10,False,21,1,44,300,1.5,0
325,0,1,21,5,4,False,214,12,10,3082,15.41,214
326,0,1,4,4,10,False,204,2,220,732,3.66,0
327,0,1,0,3,10,True,44,10,0,2560,12.8,0
328,0,1,4,4,10,False,204,4,149,1173,5.865,0
329,0,1,13,4,4,False,78,12,10,3082,15.41,0
330,0,1,4,4,10,False,122,1,25,281,1.405,0
331,0,1,10,6,10,True,108,4,246,1270,6.35,769
332,0,1,4,4,10,False,62,3,10,778,3.89,0
333,0,1,5,4,10,False,254,0,241,241,1.205,0
334,0,1,4,4,10,True,62,12,100,3172,15.86,0
335,0,1,10,7,12,True,89,12,138,3210,16.05,668926
336,0,1,9,0,0,False,0,0,0,0,0.0,0
337,0,1,13,5,1,False,0,4,10,1034,5.17,202
338,0,1,0,4,5,True,138,14,0,3584,17.92,0
339,0,1,6,4,10,False,111,3,138,906,4.53,0
340,0,1,22,4,61,False,61,13,61,3389,16.945,0
341,0,1,4,4,10,False,55,1,171,427,2.135,0
342,0,1,4,4,10,True,55,1,153,409,2.045,0
343,0,1,4,4,10,False,254,0,88,88,0.44,0
344,0,1,4,4,10,True,41,1,31,287,1.435,0
345,0,1,5,4,10,False,57,1,88,344,1.72,0
346,0,1,4,4,10,False,57,1,125,381,1.905,0
347,0,1,5,4,10,True,57,1,45,301,1.505,0
348,0,1,4,4,10,True,57,1,159,415,2.075,0
349,0,1,0,4,52,False,10,10,2,2562,12.81,0
350,0,1,4,4,10,False,80,1,33,289,1.445,0
351,0,1,15,6,15,True,60,0,4,4,0.02,44810
352,0,1,4,4,10,True,80,0,254,254,1.27,0
353,0,1,8,2,62,False,107,0,0,0,0.0,0
354,0,1,4,4,10,False,33,0,245,245,1.225,0
355,0,1,6,4,10,False,79,0,159,159,0.795,0
356,0,1,4,4,10,True,34,1,171,427,2.135,0
357,0,1,0,4,10,True,39,0,115,115,0.575,0
358,0,1,4,4,10,False,143,1,34,290,1.45,0
359,0,1,6,4,10,False,35,0,78,78,0.39,0
360,0,1,4,4,10,True,143,0,55,55,0.275,0
361,0,1,18,6,0,False,44,10,35,2595,12.975,256
362,0,1,21,7,52,False,10,14,3,3587,17.935,670947
363,0,1,18,2,1,False,73,0,0,0,0.0,0
364,0,1,6,4,10,False,83,2,148,660,3.3,0
365,0,1,7,4,10,True,146,2,200,712,3.56,0
366,0,1,6,4,10,False,171,2,152,664,3.32,0
367,0,1,7,4,10,False,23,0,245,245,1.225,0
368,0,1,6,4,10,False,133,3,132,900,4.5,0
369,0,1,7,4,10,True,23,0,225,225,1.125,0
370,0,1,6,4,10,False,3,5,58,1338,6.69,0
371,0,1,7,4,10,False,33,0,149,149,0.745,0
372,0,1,6,4,10,False,47,2,9,521,2.605,0
373,0,1,7,4,33,False,0,2,61,573,2.865,0
374,0,1,4,4,10,False,12,0,201,201,1.005,0
375,0,1,4,4,10,True,12,0,182,182,0.91,0
376,0,1,7,4,52,False,10,4,1,1025,5.125,0
377,0,1,28,7,10,False,12,1,52,308,1.54,419338
378,0,1,4,4,10,False,211,0,165,165,0.825,0
379,0,1,8,2,19,False,60,0,0,0,0.0,0
380,0,1,4,4,10,True,211,0,147,147,0.735,0
381,0,1,17,2,12,False,52,0,0,0,0.0,0
382,0,1,4,4,10,False,13,0,73,73,0.365,0
383,0,1,26,2,9,False,68,0,0,0,0.0,0
384,0,1,4,4,10,False,73,0,145,145,0.725,0
385,0,1,1,4,16,False,109,4,10,1034,5.17,0
386,0,1,4,4,10,True,73,0,182,182,0.91,0
387,0,1,14,3,8,False,2,15,0,3840,19.2,0
388,0,1,17,3,60,False,4,11,0,2816,14.08,0
389,0,1,6,4,10,False,244,1,191,447,2.235,0
390,0,1,12,3,15,False,60,10,0,2560,12.8,0
391,0,1,6,4,10,False,58,1,84,340,1.7,0
392,0,1,9,1,0,False,0,0,0,0,0.0,0
393,0,1,6,4,10,False,166,0,145,145,0.725,0
394,0,1,6,4,10,False,64,1,114,370,1.85,0
395,0,1,4,4,10,False,8,0,67,67,0.335,0
396,0,1,6,4,10,True,75,0,240,240,1.2,0
397,0,1,4,4,10,True,8,0,49,49,0.245,0
398,0,1,6,4,52,False,10,8,2,2050,10.25,0
399,0,1,3,4,52,False,10,7,3,1795,8.975,0
400,0,1,6,2,60,False,138,0,0,0,0.0,0
401,0,1,1,0,0,False,0,0,0,0,0.0,0
402,0,1,21,2,52,False,10,0,0,0,0.0,0
403,0,1,26,3,0,False,48,4,0,1024,5.12,0
404,0,1,4,4,10,False,63,0,169,169,0.845,0
405,0,1,1,2,20,False,0,0,0,0,0.0,0
406,0,1,4,4,10,True,63,0,132,132,0.66,0
407,0,1,14,5,52,False,10,0,0,0,0.0,101
408,0,1,4,4,10,False,199,0,177,177,0.885,0
409,0,1,7,4,10,True,224,0,82,82,0.41,0
410,0,1,4,4,10,True,204,0,143,143,0.715,0
411,0,1,6,4,52,False,1,1,60,316,1.58,0
412,0,1,6,4,1,True,1,4,10,1034,5.17,0
413,0,1,13,4,0,False,187,14,60,3644,18.22,0
414,0,1,17,2,61,False,61,0,0,0,0.0,0
415,0,1,5,4,10,False,48,0,36,36,0.18,0
416,0,1,1,2,41,False,1,0,0,0,0.0,0
417,0,1,7,3,58,False,44,10,0,2560,12.8,0
418,0,1,4,4,10,True,46,1,22,278,1.39,0
419,0,1,6,0,0,False,0,0,0,0,0.0,0
420,0,1,4,6,60,False,10,9,108,2412,12.06,43776
421,0,1,7,2,41,False,1,0,0,0,0.0,0
422,0,1,6,3,4,False,10,15,0,3840,19.2,0
423,0,1,7,3,4,False,10,0,0,0,0.0,0
424,0,1,6,4,20,False,4,10,101,2661,13.305,0
425,0,1,7,0,0,False,0,0,0,0,0.0,0
426,0,1,6,3,1,True,4,10,0,2560,12.8,0
427,0,1,7,4,61,False,61,13,61,3389,16.945,0
428,0,1,4,4,10,False,200,0,97,97,0.485,0
429,0,1,6,5,3,False,182,4,10,1034,5.17,246
430,0,1,4,4,10,True,73,1,10,266,1.33,0
431,0,1,6,1,34,True,0,0,0,0,0.0,0
432,0,1,4,4,10,False,73,0,218,218,1.09,0
433,0,1,0,4,44,True,0,12,162,3234,16.17,0
434,0,1,4,4,10,False,25,1,236,492,2.46,0
435,0,1,1,2,12,False,205,0,0,0,0.0,0
436,0,1,4,4,10,False,168,0,64,64,0.32,0
437,0,1,7,3,4,False,138,11,0,2816,14.08,0
438,0,1,4,4,10,True,168,3,13,781,3.905,0
439,0,1,7,1,4,False,0,0,0,0,0.0,0
440,0,1,17,2,9,False,1,0,0,0,0.0,0
441,0,1,6,4,61,False,1,4,10,1034,5.17,0
442,0,1,4,0,0,False,0,0,0,0,0.0,0
443,0,1,0,1,61,True,0,0,0,0,0.0,0
444,0,1,28,4,4,False,58,13,61,3389,16.945,0
445,0,1,0,4,10,False,52,10,119,2679,13.395,0
446,0,1,0,3,27,True,132,8,0,2048,10.24,0
447,0,1,7,1,4,False,0,0,0,0,0.0,0
448,0,1,7,2,52,False,10,0,0,0,0.0,0
449,0,1,28,3,3,False,91,4,0,1024,5.12,0
450,0,1,7,6,61,False,61,13,61,3389,16.945,15677
451,0,1,0,4,10,False,52,10,19,2579,12.895,0
452,0,1,0,2,63,False,134,0,0,0,0.0,0
453,0,1,10,1,4,False,0,0,0,0,0.0,0
454,0,1,7,2,6,True,0,0,0,0,0.0,0
455,0,1,6,4,10,False,236,6,103,1639,8.195,0
456,0,1,7,6,61,False,61,13,61,3389,16.945,15677
457,0,1,4,4,10,False,122,0,58,58,0.29,0
458,0,1,4,4,10,True,122,0,40,40,0.2,0
459,0,1,0,4,10,False,136,2,23,535,2.675,0
460,0,1,0,4,52,False,10,8,8,2056,10.28,0
461,0,1,25,5,58,False,136,1,52,308,1.54,10
462,0,1,31,4,10,False,48,15,61,3901,19.505,0
463,0,1,0,4,10,False,254,0,94,94,0.47,0
464,0,1,0,4,10,True,52,10,252,2812,14.06,0
465,0,1,1,4,39,False,62,0,75,75,0.375,0
466,0,1,0,4,10,False,92,0,52,52,0.26,0
467,0,1,1,2,36,False,6,0,0,0,0.0,0
468,0,1,4,7,63,False,4,10,92,2652,13.26,4007168
469,0,1,0,4,10,False,52,10,204,2764,13.82,0
470,0,1,0,1,37,True,0,0,0,0,0.0,0
471,0,1,7,4,0,False,77,4,138,1162,5.81,0
472,0,1,6,4,10,False,60,1,45,301,1.505,0
473,0,1,7,4,0,False,58,13,61,3389,16.945,0
474,0,1,0,4,10,False,52,10,205,2765,13.825,0
475,0,1,10,4,58,False,0,14,52,3636,18.18,0
476,0,1,1,2,62,True,4,0,0,0,0.0,0
477,0,1,0,7,60,False,138,10,0,2560,12.8,668715
478,0,1,4,4,10,False,209,0,81,81,0.405,0
479,0,1,5,2,0,False,77,0,0,0,0.0,0
480,0,1,4,4,10,True,209,0,62,62,0.31,0
481,0,1,7,4,10,False,208,0,222,222,1.11,0
482,0,1,6,4,1,False,101,12,138,3210,16.05,0
483,0,1,26,0,0,False,0,0,0,0,0.0,0
484,0,1,25,3,52,False,10,6,0,1536,7.68,0
485,0,1,0,1,28,False,0,0,0,0,0.0,0
486,0,1,6,4,10,True,86,14,219,3803,19.015,0
487,0,1,6,4,10,False,45,0,132,132,0.66,0
488,0,1,6,4,10,True,45,0,115,115,0.575,0
489,0,1,6,4,10,False,74,1,52,308,1.54,0
490,0,1,6,4,10,True,74,1,16,272,1.36,0
491,0,1,6,4,10,False,214,1,11,267,1.335,0
492,0,1,6,4,10,True,214,0,230,230,1.15,0
493,0,1,6,4,10,False,38,1,192,448,2.24,0
494,0,1,7,4,10,False,22,1,169,425,2.125,0
495,0,1,6,4,10,True,38,1,112,368,1.84,0
496,0,1,7,4,10,True,22,1,151,407,2.035,0
497,0,1,6,4,10,False,242,1,103,359,1.795,0
498,0,1,6,4,10,False,120,1,232,488,2.44,0
499,0,1,7,4,10,False,126,0,67,67,0.335,0
500,0,1,6,4,10,True,120,2,226,738,3.69,0
501,0,1,7,4,10,True,126,0,49,49,0.245,0
502,0,1,6,4,10,False,58,0,239,239,1.195,0
503,0,1,6,4,10,False,155,1,2,258,1.29,0
504,0,1,6,4,10,True,155,1,167,423,2.115,0
505,0,1,6,4,10,False,156,1,33,289,1.445,0
506,0,1,6,4,10,True,156,0,252,252,1.26,0
507,0,1,6,2,28,True,0,0,0,0,0.0,0
508,0,1,6,4,4,False,10,4,1,1025,5.125,0
509,0,1,7,4,10,False,121,0,123,123,0.615,0
510,0,1,6,6,61,False,4,10,76,2636,13.18,15105
511,0,1,0,4,60,False,138,9,0,2304,11.52,0
512,0,1,13,0,0,False,0,0,0,0,0.0,0
513,0,1,6,2,12,False,1,0,0,0,0.0,0
514,0,1,6,5,61,False,61,13,61,3389,16.945,61
515,0,1,0,4,10,False,98,1,136,392,1.96,0
516,0,1,6,4,10,True,102,1,92,348,1.74,0
517,0,1,6,4,10,False,242,1,191,447,2.235,0
518,0,1,6,4,10,True,56,1,193,449,2.245,0
519,0,1,7,4,10,False,56,0,225,225,1.125,0
520,0,1,6,4,10,False,56,1,5,261,1.305,0
521,0,1,7,4,10,True,56,0,200,200,1.0,0
522,0,1,6,4,10,False,206,0,163,163,0.815,0
523,0,1,6,4,10,True,206,3,28,796,3.98,0
524,0,1,6,4,10,False,208,0,209,209,1.045,0
525,0,1,6,2,16,True,0,0,0,0,0.0,0
526,0,1,6,1,4,False,0,0,0,0,0.0,0
527,0,1,6,2,5,False,1,0,0,0,0.0,0
528,0,1,6,4,4,False,10,1,0,256,1.28,0
529,0,1,6,1,4,False,0,0,0,0,0.0,0
530,0,1,6,2,49,False,0,0,0,0,0.0,0
531,0,1,6,7,4,False,10,0,1,1,0.005,1051298
532,0,1,6,1,34,True,0,0,0,0,0.0,0
533,0,1,6,4,10,False,93,0,79,79,0.395,0
534,0,1,6,4,10,False,226,1,94,350,1.75,0
535,0,1,6,4,10,True,226,1,76,332,1.66,0
536,0,1,6,4,10,False,218,0,93,93,0.465,0
537,0,1,6,4,10,True,218,0,74,74,0.37,0
538,0,1,6,4,10,False,37,0,225,225,1.125,0
539,0,1,6,4,10,False,102,0,72,72,0.36,0
540,0,1,6,4,10,True,102,1,6,262,1.31,0
541,0,1,6,4,10,False,58,0,146,146,0.73,0
542,0,1,6,4,10,True,58,0,110,110,0.55,0
543,0,1,6,4,10,False,210,1,4,260,1.3,0
544,0,1,6,4,10,True,210,0,240,240,1.2,0
545,0,1,6,4,10,False,166,0,118,118,0.59,0
546,0,1,6,4,10,True,166,0,83,83,0.415,0
547,0,1,6,4,10,False,243,0,123,123,0.615,0
548,0,1,6,4,10,True,243,0,105,105,0.525,0
549,0,1,6,4,10,False,240,0,222,222,1.11,0
550,0,1,6,4,10,True,245,0,198,198,0.99,0
551,0,1,6,4,10,False,174,0,50,50,0.25,0
552,0,1,6,4,10,True,174,0,32,32,0.16,0
553,0,1,6,4,10,True,168,0,9,9,0.045,0
554,0,1,6,4,10,False,9,1,2,258,1.29,0
555,0,1,6,4,10,True,13,0,222,222,1.11,0
556,0,1,6,4,10,False,144,0,104,104,0.52,0
557,0,1,4,4,10,False,203,1,26,282,1.41,0
558,0,1,6,4,10,True,144,0,85,85,0.425,0
559,0,1,4,4,10,True,203,1,9,265,1.325,0
560,0,1,7,4,10,True,203,1,133,389,1.945,0
561,0,1,6,4,2,False,111,4,10,1034,5.17,0
562,0,1,25,3,1,False,155,4,0,1024,5.12,0
563,0,1,4,4,10,False,56,0,81,81,0.405,0
564,0,1,1,2,63,False,1,0,0,0,0.0,0
565,0,1,4,4,10,True,56,0,63,63,0.315,0
566,0,1,29,6,60,False,198,13,5,3333,16.665,49769
567,0,1,4,4,10,False,188,2,112,624,3.12,0
568,0,1,0,1,52,False,0,0,0,0,0.0,0
569,0,1,4,4,10,True,188,2,101,613,3.065,0
570,0,1,6,4,10,False,119,2,195,707,3.535,0
571,0,1,4,4,10,False,224,1,142,398,1.99,0
572,0,1,16,1,0,True,0,0,0,0,0.0,0
573,0,1,4,4,10,False,53,1,104,360,1.8,0
574,0,1,6,4,10,False,183,4,64,1088,5.44,0
575,0,1,4,4,10,False,155,0,66,66,0.33,0
576,0,1,5,4,45,False,68,12,187,3259,16.295,0
577,0,1,4,4,10,False,45,1,68,324,1.62,0
578,0,1,0,2,20,True,10,0,0,0,0.0,0
579,0,1,4,4,10,False,71,0,236,236,1.18,0
580,0,1,27,1,6,False,0,0,0,0,0.0,0
581,0,1,4,4,10,False,211,0,171,171,0.855,0
582,0,1,5,4,4,False,10,10,71,2631,13.155,0
583,0,1,4,4,10,False,53,1,77,333,1.665,0
584,0,1,0,3,45,True,1,5,0,1280,6.4,0
585,0,1,4,4,10,True,53,6,191,1727,8.635,0
586,0,1,5,4,10,False,1,12,138,3210,16.05,0
587,0,1,4,4,10,False,69,0,166,166,0.83,0
588,0,1,6,5,52,False,10,12,10,3082,15.41,69
589,0,1,4,4,10,False,55,1,189,445,2.225,0
590,0,1,6,5,8,False,2,12,138,3210,16.05,69
591,0,1,4,4,10,False,55,2,134,646,3.23,0
592,0,1,5,4,10,False,229,0,90,90,0.45,0
593,0,1,4,4,10,True,55,2,228,740,3.7,0
594,0,1,7,7,10,False,54,12,138,3210,16.05,917989
595,0,1,4,4,10,False,244,1,90,346,1.73,0
596,0,1,8,4,11,False,77,2,60,572,2.86,0
597,0,1,4,4,10,False,153,2,204,716,3.58,0
598,0,1,1,2,52,False,10,0,0,0,0.0,0
599,0,1,4,4,10,False,74,2,137,649,3.245,0
600,0,1,5,4,2,False,172,1,52,308,1.54,0
601,0,1,4,4,10,True,233,6,174,1710,8.55,0
602,0,1,5,4,13,True,3,12,10,3082,15.41,0
603,0,1,4,4,10,False,233,0,127,127,0.635,0
604,0,1,9,2,10,True,81,0,0,0,0.0,0
605,0,1,4,4,10,False,144,2,187,699,3.495,0
606,0,1,1,0,0,False,0,0,0,0,0.0,0
607,0,1,4,4,10,False,16,1,119,375,1.875,0
608,0,1,9,1,10,False,0,0,0,0,0.0,0
609,0,1,4,4,10,False,61,2,13,525,2.625,0
610,0,1,1,5,44,False,10,4,10,1034,5.17,66
611,0,1,4,4,10,True,61,5,230,1510,7.55,0
612,0,1,10,0,0,False,0,0,0,0,0.0,0
613,0,1,0,2,52,False,10,0,0,0,0.0,0
614,0,1,5,4,10,True,10,10,3,2563,12.815,0
615,0,1,4,4,10,False,130,0,185,185,0.925,0
616,0,1,6,0,0,False,0,0,0,0,0.0,0
617,0,1,4,4,10,True,130,0,167,167,0.835,0
618,0,1,6,4,10,False,122,8,173,2221,11.105,0
619,0,1,5,4,10,False,100,1,171,427,2.135,0
620,0,1,4,4,10,False,136,0,99,99,0.495,0
621,0,1,5,4,10,True,130,0,121,121,0.605,0
622,0,1,4,4,10,False,174,1,153,409,2.045,0
623,0,1,7,4,10,False,136,0,92,92,0.46,0
624,0,1,4,4,10,True,174,1,215,471,2.355,0
625,0,1,23,6,5,False,44,10,174,2734,13.67,35329
626,0,1,4,4,10,False,148,2,67,579,2.895,0
627,0,1,21,6,1,False,114,4,10,1034,5.17,150
628,0,1,4,4,10,False,158,4,107,1131,5.655,0
629,0,1,17,0,0,False,0,0,0,0,0.0,0
630,0,1,4,4,10,True,116,4,69,1093,5.465,0
631,0,1,31,4,8,True,0,9,68,2372,11.86,0
632,0,1,4,4,10,False,116,1,184,440,2.2,0
633,0,1,21,6,46,True,44,10,176,2736,13.68,20481
634,0,1,4,4,10,False,255,1,2,258,1.29,0
635,0,1,5,4,10,False,116,2,15,527,2.635,0
636,0,1,4,4,10,False,60,2,228,740,3.7,0
637,0,1,8,4,10,False,255,0,174,174,0.87,0
638,0,1,4,4,10,False,194,0,93,93,0.465,0
639,0,1,19,6,52,False,44,10,61,2621,13.105,35331
640,0,1,4,4,10,True,194,9,177,2481,12.405,0
641,0,1,0,5,24,True,158,2,44,556,2.78,36
642,0,1,1,2,51,True,4,0,0,0,0.0,0
643,0,1,5,1,10,False,0,0,0,0,0.0,0
644,0,1,17,2,1,False,36,0,0,0,0.0,0
645,0,1,1,2,24,True,0,0,0,0,0.0,0
646,0,1,31,2,41,False,103,0,0,0,0.0,0
647,0,1,4,4,10,False,252,2,127,639,3.195,0
648,0,1,8,4,32,False,44,10,226,2786,13.93,0
649,0,1,4,4,10,False,7,3,38,806,4.03,0
650,0,1,5,4,10,False,226,9,51,2355,11.775,0
651,0,1,4,4,10,False,221,2,9,521,2.605,0
652,0,1,5,4,10,False,133,1,181,437,2.185,0
653,0,1,4,4,10,False,144,2,114,626,3.13,0
654,0,1,5,4,10,False,243,1,210,466,2.33,0
655,0,1,4,4,10,False,241,3,113,881,4.405,0
656,0,1,5,4,10,False,195,4,110,1134,5.67,0
657,0,1,4,4,10,False,105,0,86,86,0.43,0
658,0,1,5,4,60,False,10,12,1,3073,15.365,0
659,0,1,4,4,10,False,163,0,73,73,0.365,0
660,0,1,5,4,44,False,10,14,1,3585,17.925,0
661,0,1,4,4,10,False,87,5,64,1344,6.72,0
662,0,1,19,2,44,False,138,0,0,0,0.0,0
663,0,1,4,4,10,True,87,1,143,399,1.995,0
664,0,1,29,5,2,False,34,12,10,3082,15.41,83
665,0,1,4,4,10,False,7,2,3,515,2.575,0
666,0,1,0,4,1,True,44,10,83,2643,13.215,0
667,0,1,4,4,10,False,53,1,61,317,1.585,0
668,0,1,0,6,14,False,44,10,23,2583,12.915,18177
669,0,1,4,4,10,False,27,0,208,208,1.04,0
670,0,1,5,4,10,True,23,1,153,409,2.045,0
671,0,1,4,4,10,False,237,3,63,831,4.155,0
672,0,1,8,4,10,False,86,1,7,263,1.315,0
673,0,1,4,4,10,False,63,3,241,1009,5.045,0
674,0,1,8,4,10,False,156,0,167,167,0.835,0
675,0,1,4,4,10,False,159,0,243,243,1.215,0
676,0,1,8,4,10,False,83,4,171,1195,5.975,0
677,0,1,4,4,10,False,231,0,124,124,0.62,0
678,0,1,8,4,10,False,159,0,211,211,1.055,0
679,0,1,4,4,10,True,231,11,174,2990,14.95,0
680,0,1,8,4,10,True,159,6,144,1680,8.4,0
681,0,1,4,4,10,False,230,4,233,1257,6.285,0
682,0,1,8,4,10,False,199,0,108,108,0.54,0
683,0,1,4,4,10,False,85,3,6,774,3.87,0
684,0,1,8,4,10,False,236,1,181,437,2.185,0
685,0,1,4,4,10,False,214,0,70,70,0.35,0
686,0,1,8,4,10,False,32,1,84,340,1.7,0
687,0,1,4,4,10,True,214,7,203,1995,9.975,0
688,0,1,8,4,10,True,32,3,8,776,3.88,0
689,0,1,4,4,10,False,170,0,229,229,1.145,0
690,0,1,8,4,10,False,234,4,224,1248,6.24,0
691,0,1,4,4,10,False,48,0,222,222,1.11,0
692,0,1,9,3,51,False,2,14,0,3584,17.92,0
693,0,1,4,4,10,False,0,5,244,1524,7.62,0
694,0,1,28,6,2,False,52,10,227,2787,13.935,16387
695,0,1,4,4,10,False,129,0,239,239,1.195,0
696,0,1,6,3,4,False,60,10,0,2560,12.8,0
697,0,1,4,4,10,False,225,2,208,720,3.6,0
698,0,1,5,4,10,True,10,4,0,1024,5.12,0
699,0,1,4,4,10,True,229,10,56,2616,13.08,0
700,0,1,5,4,10,False,48,0,52,52,0.26,0
701,0,1,4,4,10,False,179,1,94,350,1.75,0
702,0,1,5,4,10,False,70,6,62,1598,7.99,0
703,0,1,4,4,10,False,67,2,25,537,2.685,0
704,0,1,8,4,10,False,53,0,80,80,0.4,0
705,0,1,4,4,10,False,137,1,201,457,2.285,0
706,0,1,7,4,10,True,53,0,59,59,0.295,0
707,0,1,4,4,10,False,38,1,182,438,2.19,0
708,0,1,6,4,10,False,159,2,69,581,2.905,0
709,0,1,4,4,10,False,38,2,80,592,2.96,0
710,0,1,6,4,10,False,40,0,149,149,0.745,0
711,0,1,4,4,10,False,215,2,60,572,2.86,0
712,0,1,6,4,10,False,40,0,186,186,0.93,0
713,0,1,4,4,10,True,215,9,4,2308,11.54,0
714,0,1,6,4,10,False,210,2,89,601,3.005,0
715,0,1,4,4,10,False,187,0,147,147,0.735,0
716,0,1,6,4,10,True,220,4,181,1205,6.025,0
717,0,1,4,4,10,False,63,0,171,171,0.855,0
718,0,1,6,4,10,False,187,0,74,74,0.37,0
719,0,1,4,4,10,False,159,0,83,83,0.415,0
720,0,1,6,4,10,True,187,0,54,54,0.27,0
721,0,1,4,4,10,False,74,2,87,599,2.995,0
722,0,1,26,7,2,False,49,12,10,3082,15.41,5025215
723,0,1,4,4,10,False,188,1,200,456,2.28,0
724,0,1,4,4,10,False,138,3,51,819,4.095,0
725,0,1,5,4,10,False,75,0,186,186,0.93,0
726,0,1,4,4,10,False,181,5,159,1439,7.195,0
727,0,1,0,3,10,False,44,10,0,2560,12.8,0
728,0,1,4,4,10,False,6,1,226,482,2.41,0
729,0,1,5,2,4,False,4,0,0,0,0.0,0
730,0,1,4,4,10,False,149,2,196,708,3.54,0
731,0,1,17,2,60,False,10,0,0,0,0.0,0
732,0,1,4,4,10,False,40,0,210,210,1.05,0
733,0,1,26,0,0,False,0,0,0,0,0.0,0
734,0,1,4,4,10,True,40,15,123,3963,19.815,0
735,0,1,5,4,10,False,44,10,149,2709,13.545,0
736,0,1,4,4,10,False,168,0,74,74,0.37,0
737,0,1,7,4,18,False,80,12,138,3210,16.05,0
738,0,1,4,4,10,True,168,0,55,55,0.275,0
739,0,1,5,0,0,False,0,0,0,0,0.0,0
740,0,1,1,2,32,True,156,0,0,0,0.0,0
741,0,1,8,4,10,False,10,1,2,258,1.29,0
742,0,1,28,7,4,False,10,8,0,2048,10.24,668895
743,0,1,2,7,1,False,111,4,10,1034,5.17,197032
744,0,1,6,4,10,True,23,3,206,974,4.87,0
745,0,1,8,4,10,True,168,2,71,583,2.915,0
746,0,1,6,4,10,False,226,1,32,288,1.44,0
747,0,1,31,5,61,False,61,13,61,3389,16.945,61
748,0,1,4,4,10,False,162,1,33,289,1.445,0
749,0,1,5,4,10,True,163,0,17,17,0.085,0
750,0,1,4,4,10,False,42,1,167,423,2.115,0
751,0,1,5,4,4,False,10,2,1,513,2.565,0
752,0,1,4,4,10,False,168,0,250,250,1.25,0
753,0,1,7,4,52,False,10,0,1,1,0.005,0
754,0,1,4,4,10,False,221,1,71,327,1.635,0
755,0,1,30,7,10,False,210,2,44,556,2.78,672266
756,0,1,4,4,10,True,221,4,158,1182,5.91,0
757,0,1,24,4,44,False,138,10,1,2561,12.805,0
758,0,1,4,4,10,False,149,1,159,415,2.075,0
759,0,1,14,6,21,True,1,5,4,1284,6.42,38329
760,0,1,4,4,10,False,91,0,128,128,0.64,0
761,0,1,0,1,33,True,0,0,0,0,0.0,0
762,0,1,4,4,10,False,198,1,45,301,1.505,0
763,0,1,1,2,41,False,1,0,0,0,0.0,0
764,0,1,4,4,10,True,198,3,24,792,3.96,0
765,0,1,21,5,44,False,10,11,1,2817,14.085,203
766,0,1,4,4,10,False,210,0,161,161,0.805,0
767,0,1,8,4,10,False,155,3,110,878,4.39,0
768,0,1,4,4,10,True,210,0,124,124,0.62,0
769,0,1,5,4,10,False,38,3,52,820,4.1,0
770,0,1,4,4,10,False,20,0,209,209,1.045,0
771,0,1,5,4,10,False,188,2,79,591,2.955,0
772,0,1,4,4,10,False,85,1,112,368,1.84,0
773,0,1,9,0,0,False,0,0,0,0,0.0,0
774,0,1,4,4,10,False,117,2,18,530,2.65,0
775,0,1,3,3,60,False,10,13,0,3328,16.64,0
776,0,1,4,4,10,True,117,3,249,1017,5.085,0
777,0,1,5,4,10,False,241,0,103,103,0.515,0
778,0,1,4,4,10,False,63,0,191,191,0.955,0
779,0,1,31,2,0,False,83,0,0,0,0.0,0
780,0,1,4,4,10,False,118,1,124,380,1.9,0
781,0,1,1,2,52,False,10,0,0,0,0.0,0
782,0,1,4,4,10,False,253,2,72,584,2.92,0
783,0,1,20,0,0,False,0,0,0,0,0.0,0
784,0,1,4,4,10,False,97,4,192,1216,6.08,0
785,0,1,6,4,10,False,26,1,153,409,2.045,0
786,0,1,4,4,10,False,97,7,53,1845,9.225,0
787,0,1,6,4,10,False,253,0,94,94,0.47,0
788,0,1,4,4,10,False,235,0,66,66,0.33,0
789,0,1,8,4,10,False,97,5,104,1384,6.92,0
790,0,1,4,4,10,False,115,0,167,167,0.835,0
791,0,1,8,4,10,True,97,8,137,2185,10.925,0
792,0,1,4,4,10,False,52,2,63,575,2.875,0
793,0,1,14,6,10,False,44,10,116,2676,13.38,2560
794,0,1,4,4,10,False,82,1,34,290,1.45,0
795,0,1,5,7,1,False,241,10,96,2656,13.28,3934723
796,0,1,4,4,10,False,59,2,49,561,2.805,0
797,0,1,1,2,44,False,10,0,0,0,0.0,0
798,0,1,4,4,10,False,59,3,161,929,4.645,0
799,0,1,2,7,0,False,78,10,75,2635,13.175,2930176
800,0,1,4,4,10,False,254,2,125,637,3.185,0
801,0,1,17,2,11,False,1,0,0,0,0.0,0
802,0,1,4,4,10,False,227,2,170,682,3.41,0
803,0,1,1,4,4,False,10,15,0,3840,19.2,0
804,0,1,4,4,10,False,66,1,165,421,2.105,0
805,0,1,19,2,44,True,2,0,0,0,0.0,0
806,0,1,4,4,10,True,66,6,108,1644,8.22,0
807,0,1,15,5,4,False,68,3,0,768,3.84,217
808,0,1,4,4,10,False,209,1,228,484,2.42,0
809,0,1,0,4,10,False,44,10,71,2631,13.155,0
810,0,1,4,4,10,False,91,0,245,245,1.225,0
811,0,1,4,4,10,False,218,2,20,532,2.66,0
812,0,1,26,2,0,False,60,0,0,0,0.0,0
813,0,1,4,4,10,True,218,4,146,1170,5.85,0
814,0,1,11,1,42,True,0,0,0,0,0.0,0
815,0,1,9,3,26,True,1,1,0,256,1.28,0
816,0,1,31,2,4,False,10,0,0,0,0.0,0
817,0,1,11,2,7,False,72,0,0,0,0.0,0
818,0,1,8,1,48,False,0,0,0,0,0.0,0
819,0,1,6,4,10,False,34,6,194,1730,8.65,0
820,0,1,29,4,4,False,10,1,0,256,1.28,0
821,0,1,4,4,10,False,140,0,196,196,0.98,0
822,0,1,6,4,10,False,2,3,63,831,4.155,0
823,0,1,4,4,10,False,229,0,173,173,0.865,0
824,0,1,14,4,10,False,194,0,203,203,1.015,0
825,0,1,4,4,10,False,52,5,64,1344,6.72,0
826,0,1,5,4,60,False,138,10,14,2574,12.87,0
827,0,1,4,4,10,False,201,1,190,446,2.23,0
828,0,1,14,4,4,False,10,4,10,1034,5.17,0
829,0,1,4,4,10,False,83,3,229,997,4.985,0
830,0,1,0,1,5,False,0,0,0,0,0.0,0
831,0,1,4,4,10,False,226,1,222,478,2.39,0
832,0,1,4,0,0,False,0,0,0,0,0.0,0
833,0,1,4,4,10,False,150,0,166,166,0.83,0
834,0,1,6,4,10,False,135,9,10,2314,11.57,0
835,0,1,4,4,10,False,208,2,205,717,3.585,0
836,0,1,0,3,53,False,2,12,0,3072,15.36,0
837,0,1,4,4,10,False,41,1,225,481,2.405,0
838,0,1,1,2,12,False,44,0,0,0,0.0,0
839,0,1,4,4,10,True,41,1,181,437,2.185,0
840,0,1,1,2,16,True,1,0,0,0,0.0,0
841,0,1,4,4,10,False,5,1,33,289,1.445,0
842,0,1,4,4,10,True,88,2,176,688,3.44,0
843,0,1,9,4,44,False,202,9,21,2325,11.625,0
844,0,1,4,4,10,False,88,2,112,624,3.12,0
845,0,1,6,4,10,False,255,1,86,342,1.71,0
846,0,1,4,4,10,False,185,0,94,94,0.47,0
847,0,1,0,3,41,False,1,1,0,256,1.28,0
848,0,1,4,4,10,False,118,2,97,609,3.045,0
849,0,1,1,2,41,False,62,0,0,0,0.0,0
850,0,1,4,4,10,True,118,5,209,1489,7.445,0
851,0,1,26,5,10,False,41,12,0,3072,15.36,251
852,0,1,5,4,10,True,44,0,220,220,1.1,0
853,0,1,10,3,10,True,88,6,0,1536,7.68,0
854,0,1,11,0,0,False,0,0,0,0,0.0,0
855,0,1,6,4,44,False,60,4,10,1034,5.17,0
856,0,1,4,4,10,False,59,0,169,169,0.845,0
857,0,1,4,4,4,False,187,10,118,2678,13.39,0
858,0,1,4,4,10,False,126,0,89,89,0.445,0
859,0,1,0,1,10,False,0,0,0,0,0.0,0
860,0,1,4,4,10,False,205,1,118,374,1.87,0
861,0,1,7,3,0,False,156,4,0,1024,5.12,0
862,0,1,4,4,10,False,76,2,84,596,2.98,0
863,0,1,1,2,62,False,44,0,0,0,0.0,0
864,0,1,4,4,10,True,76,4,96,1120,5.6,0
865,0,1,1,2,7,False,4,0,0,0,0.0,0
866,0,1,4,4,10,False,80,0,238,238,1.19,0
867,0,1,1,2,7,False,5,0,0,0,0.0,0
868,0,1,4,4,10,True,169,1,186,442,2.21,0
869,0,1,17,2,13,False,5,0,0,0,0.0,0
870,0,1,4,4,10,False,217,3,4,772,3.86,0
871,0,1,1,2,50,False,126,0,0,0,0.0,0
872,0,1,4,4,10,False,83,0,136,136,0.68,0
873,0,1,8,6,52,False,10,4,2,1026,5.13,21323
874,0,1,4,4,10,True,83,2,66,578,2.89,0
875,0,1,4,4,10,False,77,0,47,47,0.235,0
876,0,1,9,6,34,True,68,10,44,2604,13.02,2564
877,0,1,4,4,10,True,77,0,33,33,0.165,0
878,0,1,4,4,4,False,30,4,10,1034,5.17,0
879,0,1,4,4,10,False,213,1,222,478,2.39,0
880,0,1,0,7,1,False,14,4,10,1034,5.17,15859745
881,0,1,4,4,10,False,101,0,71,71,0.355,0
882,0,1,8,4,10,False,140,4,174,1198,5.99,0
883,0,1,4,4,10,False,14,1,159,415,2.075,0
884,0,1,5,4,10,False,4,4,252,1276,6.38,0
885,0,1,4,4,10,False,114,3,100,868,4.34,0
886,0,1,5,4,10,False,83,4,232,1256,6.28,0
887,0,1,4,4,10,False,2,2,97,609,3.045,0
888,0,1,5,4,10,False,227,2,27,539,2.695,0
889,0,1,4,4,10,False,128,3,85,853,4.265,0
890,0,1,5,4,10,False,71,5,135,1415,7.075,0
891,0,1,4,4,10,False,150,1,56,312,1.56,0
892,0,1,5,4,10,False,237,3,98,866,4.33,0
893,0,1,4,4,10,True,150,13,44,3372,16.86,0
894,0,1,5,4,10,False,38,7,155,1947,9.735,0
895,0,1,4,4,10,False,217,1,133,389,1.945,0
896,0,1,5,4,10,False,115,8,200,2248,11.24,0
897,0,1,4,4,10,False,39,0,126,126,0.63,0
898,0,1,5,4,10,False,53,1,217,473,2.365,0
899,0,1,4,4,10,False,126,0,216,216,1.08,0
900,0,1,5,4,10,False,147,6,78,1614,8.07,0
901,0,1,4,4,10,False,65,3,30,798,3.99,0
902,0,1,5,4,1,False,238,12,138,3210,16.05,0
903,0,1,4,4,10,False,130,0,237,237,1.185,0
904,0,1,2,5,3,False,164,12,10,3082,15.41,60
905,0,1,4,4,10,False,234,0,231,231,1.155,0
906,0,1,0,1,1,True,0,0,0,0,0.0,0
907,0,1,4,4,10,False,84,1,114,370,1.85,0
908,0,1,5,4,10,False,108,0,41,41,0.205,0
909,0,1,4,4,10,False,206,0,248,248,1.24,0
910,0,1,5,4,10,False,94,5,33,1313,6.565,0
911,0,1,4,4,10,False,207,0,234,234,1.17,0
912,0,1,5,4,14,False,4,9,44,2348,11.74,0
913,0,1,4,4,10,False,145,0,69,69,0.345,0
914,0,1,1,2,7,False,153,0,0,0,0.0,0
915,0,1,4,4,10,False,50,1,37,293,1.465,0
916,0,1,5,4,10,False,94,12,138,3210,16.05,0
917,0,1,4,4,10,False,181,1,233,489,2.445,0
918,0,1,11,6,44,False,10,3,0,768,3.84,11331
919,0,1,4,4,10,False,208,0,245,245,1.225,0
920,0,1,1,2,53,True,1,0,0,0,0.0,0
921,0,1,4,4,10,False,68,1,177,433,2.165,0
922,0,1,7,6,60,False,10,4,1,1025,5.125,11276
923,0,1,4,4,10,False,20,2,176,688,3.44,0
924,0,1,1,2,4,False,5,0,0,0,0.0,0
925,0,1,4,4,10,False,116,0,64,64,0.32,0
926,0,1,5,7,60,False,10,5,1,1281,6.405,9055404
927,0,1,4,4,10,False,12,0,228,228,1.14,0
928,0,1,2,5,7,False,200,11,231,3047,15.235,8
929,0,1,4,4,10,False,60,0,57,57,0.285,0
930,0,1,29,1,6,False,0,0,0,0,0.0,0
931,0,1,4,4,10,False,240,3,143,911,4.555,0
932,0,1,3,5,52,False,10,3,3,771,3.855,103
933,0,1,4,4,10,False,122,0,171,171,0.855,0
934,0,1,6,4,24,False,44,10,241,2801,14.005,0
935,0,1,4,4,10,False,184,1,70,326,1.63,0
936,0,1,0,2,8,False,7,0,0,0,0.0,0
937,0,1,4,4,10,False,46,1,36,292,1.46,0
938,0,1,5,4,10,False,122,10,30,2590,12.95,0
939,0,1,4,4,10,True,50,9,32,2336,11.68,0
940,0,1,0,1,10,False,0,0,0,0,0.0,0
941,0,1,7,2,5,False,44,0,0,0,0.0,0
942,0,1,4,4,10,False,118,0,235,235,1.175,0
943,0,1,1,2,44,False,138,0,0,0,0.0,0
944,0,1,4,4,10,True,118,0,217,217,1.085,0
945,0,1,7,4,9,False,88,12,10,3082,15.41,0
946,0,1,4,4,10,False,250,1,6,262,1.31,0
947,0,1,14,6,44,False,138,6,0,1536,7.68,13409
948,0,1,4,4,10,False,99,1,68,324,1.62,0
949,0,1,11,4,60,False,1,7,44,1836,9.18,0
950,0,1,4,4,10,False,132,3,68,836,4.18,0
951,0,1,1,2,36,False,2,0,0,0,0.0,0
952,0,1,4,4,10,False,118,1,46,302,1.51,0
953,0,1,13,7,44,False,10,10,83,2643,13.215,65026
954,0,1,4,4,10,False,194,2,162,674,3.37,0
955,0,1,6,4,10,False,234,4,231,1255,6.275,0
956,0,1,4,4,10,True,194,6,61,1597,7.985,0
957,0,1,5,4,52,False,10,2,4,516,2.58,0
958,0,1,4,4,10,False,208,2,205,717,3.585,0
959,0,1,5,4,32,False,4,8,60,2108,10.54,0
960,0,1,4,4,10,False,126,2,236,748,3.74,0
961,0,1,5,4,11,False,2,12,10,3082,15.41,0
962,0,1,4,4,10,False,29,2,114,626,3.13,0
963,0,1,5,7,21,True,1,12,60,3132,15.66,62276
964,0,1,4,4,10,False,114,2,64,576,2.88,0
965,0,1,12,4,10,False,0,4,44,1068,5.34,0
966,0,1,4,4,10,True,12,10,103,2663,13.315,0
967,0,1,1,2,5,False,44,0,0,0,0.0,0
968,0,1,4,4,10,False,65,2,81,593,2.965,0
969,0,1,17,2,35,False,10,0,0,0,0.0,0
970,0,1,4,4,10,False,204,1,47,303,1.515,0
971,0,1,1,2,17,False,2,0,0,0,0.0,0
972,0,1,4,4,10,False,45,2,233,745,3.725,0
973,0,1,1,2,10,True,10,0,0,0,0.0,0
974,0,1,4,4,10,True,45,15,134,3974,19.87,0
975,0,1,31,4,52,False,10,6,0,1536,7.68,0
976,0,1,4,4,10,False,183,1,46,302,1.51,0
977,0,1,11,3,44,False,10,15,0,3840,19.2,0
978,0,1,4,4,10,True,183,1,27,283,1.415,0
979,0,1,4,4,10,False,129,0,207,207,1.035,0
980,0,1,9,7,44,False,10,7,1,1793,8.965,11424105
981,0,1,4,4,10,False,236,0,65,65,0.325,0
982,0,1,5,4,10,False,130,0,89,89,0.445,0
983,0,1,4,4,10,False,91,0,138,138,0.69,0
984,0,1,8,4,10,False,236,0,87,87,0.435,0
985,0,1,4,4,10,False,15,1,211,467,2.335,0
986,0,1,8,4,10,False,91,0,162,162,0.81,0
987,0,1,4,4,10,False,72,1,234,490,2.45,0
988,0,1,8,4,10,False,170,0,219,219,1.095,0
989,0,1,4,4,10,False,247,1,104,360,1.8,0
990,0,1,8,4,10,False,72,2,21,533,2.665,0
991,0,1,4,4,10,False,71,1,246,502,2.51,0
992,0,1,8,4,10,False,248,1,121,377,1.885,0
993,0,1,4,2,7,False,1,0,0,0,0.0,0
994,0,1,8,4,10,False,77,3,36,804,4.02,0
995,0,1,4,6,4,False,10,0,1,1,0.005,1126
996,0,1,8,4,31,False,44,10,224,2784,13.92,0
997,0,1,4,2,46,True,1,0,0,0,0.0,0
998,0,1,4,4,4,False,10,14,2,3586,17.93,0
999,0,1,17,2,32,True,8,0,0,0,0.0,0
1000,0,1,4,6,4,False,138,13,2,3330,16.65,1172
1001,0,1,14,0,0,False,0,0,0,0,0.0,0
1002,0,1,4,2,61,True,0,0,0,0,0.0,0
1003,0,1,8,4,36,False,68,10,223,2783,13.915,0
1004,0,1,4,7,4,False,138,6,1,1537,7.685,656509
1005,0,1,8,4,32,True,44,10,18,2578,12.89,0
1006,0,1,4,1,3,False,0,0,0,0,0.0,0
1007,0,1,4,3,4,False,10,5,0,1280,6.4,0
1008,0,1,17,5,1,False,132,4,10,1034,5.17,211
1009,0,1,4,0,0,False,0,0,0,0,0.0,0
1010,0,1,1,5,4,False,10,6,11,1547,7.735,145
1011,0,1,4,6,4,False,10,15,2,3842,19.21,1123
1012,0,1,1,2,53,True,2,0,0,0,0.0,0
1013,0,1,4,2,62,False,3,0,0,0,0.0,0
1014,0,1,22,5,4,False,10,13,68,3396,16.98,10
1015,0,1,4,1,4,False,0,0,0,0,0.0,0
1016,0,1,5,4,10,False,99,2,131,643,3.215,0
1017,0,1,4,2,31,True,7,0,0,0,0.0,0
1018,0,1,7,4,11,False,85,12,10,3082,15.41,0
1019,0,1,4,5,4,False,10,8,0,2048,10.24,223
1020,0,1,17,1,10,False,0,0,0,0,0.0,0
1021,0,1,4,4,10,False,251,2,172,684,3.42,0
1022,0,1,12,2,1,False,133,0,0,0,0.0,0
1023,0,1,4,4,10,False,75,2,25,537,2.685,0
1024,0,1,5,4,18,True,8,11,3,2819,14.095,0
1025,0,1,4,4,10,True,75,5,32,1312,6.56,0
1026,0,1,2,1,1,False,0,0,0,0,0.0,0
1027,0,1,18,3,43,True,239,1,0,256,1.28,0
1028,0,1,4,4,10,False,62,1,59,315,1.575,0
1029,0,1,7,4,60,False,10,0,3,3,0.015,0
1030,0,1,4,4,10,False,121,0,172,172,0.86,0
1031,0,1,27,5,0,False,0,12,10,3082,15.41,63
1032,0,1,4,4,10,False,248,0,182,182,0.91,0
1033,0,1,0,6,16,True,44,10,63,2623,13.115,8704
1034,0,1,4,4,10,False,43,0,229,229,1.145,0
1035,0,1,5,4,10,False,61,0,85,85,0.425,0
1036,0,1,4,4,10,False,192,0,219,219,1.095,0
1037,0,1,2,7,10,False,62,12,138,3210,16.05,49213
1038,0,1,4,4,10,False,169,0,211,211,1.055,0
1039,0,1,11,7,44,False,52,10,65,2625,13.125,9059336
1040,0,1,4,4,10,True,169,4,142,1166,5.83,0
1041,0,1,17,2,60,False,52,0,0,0,0.0,0
1042,0,1,4,4,10,False,28,3,81,849,4.245,0
1043,0,1,1,2,3,False,52,0,0,0,0.0,0
1044,0,1,4,4,10,False,91,5,91,1371,6.855,0
1045,0,1,1,2,0,True,60,0,0,0,0.0,0
1046,0,1,4,4,10,False,160,1,166,422,2.11,0
1047,0,1,31,2,52,False,10,0,0,0,0.0,0
1048,0,1,4,4,10,False,234,0,202,202,1.01,0
1049,0,1,2,7,0,False,78,10,192,2752,13.76,1772076
1050,0,1,4,4,10,False,116,0,95,95,0.475,0
1051,0,1,1,0,0,False,0,0,0,0,0.0,0
1052,0,1,4,4,10,False,244,0,111,111,0.555,0
1053,0,1,0,4,44,False,10,5,0,1280,6.4,0
1054,0,1,4,2,52,True,0,0,0,0,0.0,0
1055,0,1,4,7,4,False,10,0,1,1,0.005,656611
1056,0,1,20,5,44,False,10,4,0,1024,5.12,10
1057,0,1,4,0,0,False,0,0,0,0,0.0,0
1058,0,1,19,0,0,False,0,0,0,0,0.0,0
1059,0,1,4,2,49,True,4,0,0,0,0.0,0
1060,0,1,0,5,20,True,104,2,1,513,2.565,52
1061,0,1,4,2,49,True,2,0,0,0,0.0,0
1062,0,1,1,2,52,False,10,0,0,0,0.0,0
1063,0,1,4,4,4,False,10,1,1,257,1.285,0
1064,0,1,4,3,4,False,10,9,0,2304,11.52,0
1065,0,1,0,3,35,True,0,15,0,3840,19.2,0
1066,0,1,4,3,38,False,4,10,0,2560,12.8,0
1067,0,1,30,4,10,True,52,10,240,2800,14.0,0
1068,0,1,4,5,3,False,222,4,10,1034,5.17,172
1069,0,1,1,4,47,False,159,8,52,2100,10.5,0
1070,0,1,4,6,19,True,4,10,6,2566,12.83,35840
1071,0,1,1,2,23,True,2,0,0,0,0.0,0
1072,0,1,4,4,10,False,92,1,121,377,1.885,0
1073,0,1,7,7,52,False,10,13,71,3399,16.995,2884412
1074,0,1,4,4,10,False,164,0,191,191,0.955,0
1075,0,1,17,2,44,False,4,0,0,0,0.0,0
1076,0,1,4,4,10,False,35,1,138,394,1.97,0
1077,0,1,9,4,3,True,52,2,94,606,3.03,0
1078,0,1,4,4,10,False,119,3,167,935,4.675,0
1079,0,1,0,4,10,False,42,0,82,82,0.41,0
1080,0,1,4,4,10,False,103,4,85,1109,5.545,0
1081,0,1,0,5,44,False,10,9,1,2305,11.525,251
1082,0,1,4,4,10,True,108,8,37,2085,10.425,0
1083,0,1,7,3,52,False,10,12,0,3072,15.36,0
1084,0,1,4,4,10,False,113,2,48,560,2.8,0
1085,0,1,1,2,39,False,60,0,0,0,0.0,0
1086,0,1,4,4,10,False,207,0,142,142,0.71,0
1087,0,1,1,2,36,True,7,0,0,0,0.0,0
1088,0,1,4,4,10,False,105,2,141,653,3.265,0
1089,0,1,8,0,0,False,0,0,0,0,0.0,0
1090,0,1,4,4,10,False,190,1,106,362,1.81,0
1091,0,1,7,4,10,True,201,1,163,419,2.095,0
1092,0,1,4,4,10,False,13,2,191,703,3.515,0
1093,0,1,6,4,10,False,100,0,145,145,0.725,0
1094,0,1,4,4,10,False,13,2,206,718,3.59,0
1095,0,1,7,4,10,False,9,2,214,726,3.63,0
1096,0,1,4,4,10,False,209,2,151,663,3.315,0
1097,0,1,7,4,10,True,9,3,218,986,4.93,0
1098,0,1,4,4,10,False,236,0,173,173,0.865,0
1099,0,1,7,4,10,False,209,2,242,754,3.77,0
1100,0,1,4,4,10,False,181,2,235,747,3.735,0
1101,0,1,10,3,44,True,0,9,0,2304,11.52,0
1102,0,1,4,4,10,False,42,1,178,434,2.17,0
1103,0,1,1,2,50,True,159,0,0,0,0.0,0
1104,0,1,4,4,10,False,110,1,78,334,1.67,0
1105,0,1,5,6,60,False,10,10,228,2788,13.94,517
1106,0,1,4,4,10,True,226,0,175,175,0.875,0
1107,0,1,13,5,7,False,134,2,60,572,2.86,10
1108,0,1,4,4,10,False,227,1,245,501,2.505,0
1109,0,1,9,3,10,False,141,4,0,1024,5.12,0
1110,0,1,4,4,10,False,167,0,54,54,0.27,0
1111,0,1,4,4,10,False,49,0,122,122,0.61,0
1112,0,1,28,1,3,False,0,0,0,0,0.0,0
1113,0,1,4,4,10,True,49,3,11,779,3.895,0
1114,0,1,17,4,4,False,2,3,2,770,3.85,0
1115,0,1,4,4,10,False,233,2,35,547,2.735,0
1116,0,1,18,4,52,False,10,0,2,2,0.01,0
1117,0,1,4,4,10,False,16,0,85,85,0.425,0
1118,0,1,17,2,4,False,138,0,0,0,0.0,0
1119,0,1,4,4,10,False,200,3,211,979,4.895,0
1120,0,1,27,6,1,False,227,4,0,1024,5.12,210
1121,0,1,4,4,10,False,59,1,55,311,1.555,0
1122,0,1,28,1,16,False,0,0,0,0,0.0,0
1123,0,1,4,4,10,False,140,2,138,650,3.25,0
1124,0,1,5,4,10,False,35,2,138,650,3.25,0
1125,0,1,4,4,10,False,43,5,220,1500,7.5,0
1126,0,1,20,3,10,False,35,4,0,1024,5.12,0
1127,0,1,4,4,10,False,210,1,6,262,1.31,0
1128,0,1,5,4,10,False,52,10,124,2684,13.42,0
1129,0,1,4,4,10,False,61,1,168,424,2.12,0
1130,0,1,5,4,44,False,10,2,4,516,2.58,0
1131,0,1,4,4,10,False,63,0,116,116,0.58,0
1132,0,1,12,0,0,False,0,0,0,0,0.0,0
1133,0,1,4,4,10,False,252,1,155,411,2.055,0
1134,0,1,5,4,10,True,98,3,46,814,4.07,0
1135,0,1,4,4,10,False,50,3,68,836,4.18,0
1136,0,1,11,2,63,False,0,0,0,0,0.0,0
1137,0,1,4,4,10,True,50,2,162,674,3.37,0
1138,0,1,8,5,43,True,10,0,85,85,0.425,2
1139,0,1,4,4,10,False,11,0,141,141,0.705,0
1140,0,1,4,4,10,False,90,1,110,366,1.83,0
1141,0,1,7,7,15,False,28,4,9,1033,5.165,668810
1142,0,1,4,4,10,True,90,1,199,455,2.275,0
1143,0,1,22,7,44,False,10,10,4,2564,12.82,7013546
1144,0,1,4,4,10,False,152,0,81,81,0.405,0
1145,0,1,1,3,2,False,52,4,0,1024,5.12,0
1146,0,1,4,4,10,False,250,3,165,933,4.665,0
1147,0,1,7,4,44,False,214,2,1,513,2.565,0
1148,0,1,4,4,10,False,70,1,165,421,2.105,0
1149,0,1,1,2,61,True,2,0,0,0,0.0,0
1150,0,1,4,4,10,False,198,0,86,86,0.43,0
1151,0,1,13,5,10,False,129,1,18,274,1.37,109
1152,0,1,4,4,10,True,94,6,111,1647,8.235,0
1153,0,1,16,7,10,False,240,6,44,1580,7.9,131850
1154,0,1,4,4,10,False,203,1,253,509,2.545,0
1155,0,1,6,4,10,True,52,10,89,2649,13.245,0
1156,0,1,4,4,10,True,202,7,112,1904,9.52,0
1157,0,1,0,5,10,False,126,7,199,1991,9.955,52
1158,0,1,4,4,10,False,214,0,201,201,1.005,0
1159,0,1,8,4,36,True,52,10,66,2626,13.13,0
1160,0,1,4,4,10,False,28,2,78,590,2.95,0
1161,0,1,0,5,22,False,198,0,60,60,0.3,0
1162,0,1,4,4,10,False,224,1,193,449,2.245,0
1163,0,1,3,4,1,False,163,6,100,1636,8.18,0
1164,0,1,4,4,10,False,43,0,70,70,0.35,0
1165,0,1,8,4,10,False,230,0,199,199,0.995,0
1166,0,1,4,4,10,False,227,3,91,859,4.295,0
1167,0,1,8,4,10,True,235,2,96,608,3.04,0
1168,0,1,4,4,10,True,227,7,229,2021,10.105,0
1169,0,1,1,2,4,False,78,0,0,0,0.0,0
1170,0,1,4,4,10,False,214,2,21,533,2.665,0
1171,0,1,8,4,10,False,1,4,57,1081,5.405,0
1172,0,1,4,4,10,False,44,0,53,53,0.265,0
1173,0,1,8,4,10,False,184,0,63,63,0.315,0
1174,0,1,4,4,10,False,108,1,224,480,2.4,0
1175,0,1,1,2,0,False,64,0,0,0,0.0,0
1176,0,1,4,4,10,True,108,3,227,995,4.975,0
1177,0,1,1,2,7,True,2,0,0,0,0.0,0
1178,0,1,4,4,10,False,127,3,18,786,3.93,0
1179,0,1,1,2,35,True,52,0,0,0,0.0,0
1180,0,1,4,4,10,True,126,2,237,749,3.745,0
1181,0,1,5,4,10,False,46,4,10,1034,5.17,0
1182,0,1,4,4,10,False,10,0,62,62,0.31,0
1183,0,1,18,0,0,False,0,0,0,0,0.0,0
1184,0,1,4,4,10,False,141,0,56,56,0.28,0
1185,0,1,7,6,10,False,45,3,44,812,4.06,11430
1186,0,1,4,4,10,False,209,1,173,429,2.145,0
1187,0,1,1,2,23,True,0,0,0,0,0.0,0
1188,0,1,4,4,10,False,112,1,23,279,1.395,0
1189,0,1,11,0,0,False,0,0,0,0,0.0,0
1190,0,1,4,4,10,False,228,2,80,592,2.96,0
1191,0,1,5,4,10,False,10,7,4,1796,8.98,0
1192,0,1,4,4,10,False,47,3,217,985,4.925,0
1193,0,1,28,2,44,False,10,0,0,0,0.0,0
1194,0,1,4,4,10,False,110,5,2,1282,6.41,0
1195,0,1,16,0,0,False,0,0,0,0,0.0,0
1196,0,1,4,4,10,False,30,2,17,529,2.645,0
1197,0,1,4,4,10,True,30,9,61,2365,11.825,0
1198,0,1,13,1,1,False,0,0,0,0,0.0,0
1199,0,1,4,4,10,False,128,1,137,393,1.965,0
1200,0,1,17,5,44,False,10,15,12,3852,19.26,180
1201,0,1,4,4,10,False,224,1,216,472,2.36,0
1202,0,1,7,4,10,False,141,3,251,1019,5.095,0
1203,0,1,4,4,10,False,41,0,198,198,0.99,0
1204,0,1,5,4,10,False,60,8,114,2162,10.81,0
1205,0,1,4,4,10,False,132,1,113,369,1.845,0
1206,0,1,5,4,3,False,228,12,138,3210,16.05,0
1207,0,1,4,4,10,False,57,3,115,883,4.415,0
1208,0,1,8,5,44,False,10,5,0,1280,6.4,184
1209,0,1,4,4,10,False,127,1,147,403,2.015,0
1210,0,1,7,2,3,False,131,0,0,0,0.0,0
1211,0,1,4,4,10,False,75,2,167,679,3.395,0
1212,0,1,30,7,1,False,155,12,10,3082,15.41,10683780
1213,0,1,4,4,10,False,160,6,7,1543,7.715,0
1214,0,1,5,4,10,False,91,2,243,755,3.775,0
1215,0,1,4,4,10,False,234,8,230,2278,11.39,0
1216,0,1,8,4,10,False,156,4,184,1208,6.04,0
1217,0,1,4,4,10,False,139,1,220,476,2.38,0
1218,0,1,8,4,10,False,234,2,60,572,2.86,0
1219,0,1,4,4,10,False,10,3,34,802,4.01,0
1220,0,1,12,5,44,False,10,10,1,2561,12.805,16
1221,0,1,4,4,10,False,162,1,190,446,2.23,0
1222,0,1,5,4,10,False,10,2,183,695,3.475,0
1223,0,1,4,4,10,False,201,3,217,985,4.925,0
1224,0,1,8,4,10,False,162,4,207,1231,6.155,0
1225,0,1,4,4,10,False,66,2,5,517,2.585,0
1226,0,1,8,4,10,True,162,3,204,972,4.86,0
1227,0,1,4,4,10,False,12,1,167,423,2.115,0
1228,0,1,8,4,10,False,107,1,112,368,1.84,0
1229,0,1,4,4,10,False,131,3,87,855,4.275,0
1230,0,1,8,4,10,False,37,1,138,394,1.97,0
1231,0,1,4,4,10,False,8,2,240,752,3.76,0
1232,0,1,8,4,10,False,131,1,157,413,2.065,0
1233,0,1,4,4,10,False,152,5,8,1288,6.44,0
1234,0,1,8,4,10,False,29,1,145,401,2.005,0
1235,0,1,4,4,10,False,178,6,19,1555,7.775,0
1236,0,1,8,4,10,False,151,5,114,1394,6.97,0
1237,0,1,4,4,10,False,161,3,190,958,4.79,0
1238,0,1,8,4,10,False,151,6,18,1554,7.77,0
1239,0,1,4,4,10,False,10,6,220,1756,8.78,0
1240,0,1,8,4,10,False,161,2,45,557,2.785,0
1241,0,1,4,4,10,False,128,2,106,618,3.09,0
1242,0,1,8,6,5,False,44,10,5,2565,12.825,15360
1243,0,1,4,4,10,True,131,1,188,444,2.22,0
1244,0,1,1,2,27,False,3,0,0,0,0.0,0
1245,0,1,4,4,10,False,86,0,105,105,0.525,0
1246,0,1,5,4,10,False,132,4,10,1034,5.17,0
1247,0,1,4,4,10,True,86,0,87,87,0.435,0
1248,0,1,15,7,1,False,157,0,52,52,0.26,672778
1249,0,1,4,4,10,False,130,0,92,92,0.46,0
1250,0,1,0,4,0,False,120,4,10,1034,5.17,0
1251,0,1,4,4,10,False,54,0,157,157,0.785,0
1252,0,1,25,7,0,False,72,4,10,1034,5.17,641
1253,0,1,4,4,10,True,54,0,195,195,0.975,0
1254,0,1,6,4,10,False,129,4,33,1057,5.285,0
1255,0,1,4,4,10,False,41,1,131,387,1.935,0
1256,0,1,8,4,10,False,49,2,197,709,3.545,0
1257,0,1,4,4,10,False,43,0,62,62,0.31,0
1258,0,1,10,0,0,False,0,0,0,0,0.0,0
1259,0,1,4,4,10,False,195,4,127,1151,5.755,0
1260,0,1,8,4,10,True,144,0,61,61,0.305,0
1261,0,1,4,4,10,False,76,0,246,246,1.23,0
1262,0,1,5,4,10,True,49,1,92,348,1.74,0
1263,0,1,4,4,10,False,226,1,122,378,1.89,0
1264,0,1,5,4,10,False,227,0,134,134,0.67,0
1265,0,1,4,4,10,False,64,2,120,632,3.16,0
1266,0,1,5,4,0,False,214,4,10,1034,5.17,0
1267,0,1,4,4,10,False,175,1,219,475,2.375,0
1268,0,1,5,4,57,False,52,10,44,2604,13.02,0
1269,0,1,4,4,10,False,56,0,203,203,1.015,0
1270,0,1,1,2,10,False,222,0,0,0,0.0,0
1271,0,1,4,4,10,False,181,1,169,425,2.125,0
1272,0,1,4,4,10,False,28,2,81,593,2.965,0
1273,0,1,19,1,1,False,0,0,0,0,0.0,0
1274,0,1,4,4,10,False,65,2,9,521,2.605,0
1275,0,1,30,3,52,False,10,13,0,3328,16.64,0
1276,0,1,4,4,10,False,212,2,167,679,3.395,0
1277,0,1,0,1,9,True,0,0,0,0,0.0,0
1278,0,1,4,4,10,False,212,2,217,729,3.645,0
1279,0,1,8,4,10,False,135,4,7,1031,5.155,0
1280,0,1,4,4,10,True,212,3,76,844,4.22,0
1281,0,1,15,7,2,False,247,12,10,3082,15.41,1838037
1282,0,1,4,4,10,False,242,2,177,689,3.445,0
1283,0,1,5,4,10,True,213,6,64,1600,8.0,0
1284,0,1,4,4,10,False,189,2,17,529,2.645,0
1285,0,1,7,0,0,False,0,0,0,0,0.0,0
1286,0,1,4,4,10,False,248,1,198,454,2.27,0
1287,0,1,0,1,36,False,0,0,0,0,0.0,0
1288,0,1,4,4,10,False,91,1,108,364,1.82,0
1289,0,1,5,4,10,False,131,1,206,462,2.31,0
1290,0,1,4,4,10,True,91,7,64,1856,9.28,0
1291,0,1,8,4,10,True,221,3,97,865,4.325,0
1292,0,1,4,4,10,False,79,0,254,254,1.27,0
1293,0,1,8,4,10,False,91,1,53,309,1.545,0
1294,0,1,4,4,10,False,180,3,38,806,4.03,0
1295,0,1,8,4,10,True,80,1,229,485,2.425,0
1296,0,1,4,4,10,False,238,3,235,1003,5.015,0
1297,0,1,8,4,10,False,153,3,114,882,4.41,0
1298,0,1,4,4,10,False,40,2,79,591,2.955,0
1299,0,1,7,4,10,False,238,4,237,1261,6.305,0
1300,0,1,4,4,10,False,157,0,204,204,1.02,0
1301,0,1,0,2,4,False,162,0,0,0,0.0,0
1302,0,1,4,4,10,False,91,0,105,105,0.525,0
1303,0,1,1,2,27,False,1,0,0,0,0.0,0
1304,0,1,4,4,10,False,218,1,195,451,2.255,0
1305,0,1,25,4,4,False,68,8,140,2188,10.94,0
1306,0,1,4,4,10,False,57,3,82,850,4.25,0
1307,0,1,9,6,2,False,44,10,170,2730,13.65,13313
1308,0,1,4,4,10,False,147,1,46,302,1.51,0
1309,0,1,1,2,10,True,44,0,0,0,0.0,0
1310,0,1,4,4,10,False,114,5,211,1491,7.455,0
1311,0,1,1,2,9,True,0,0,0,0,0.0,0
1312,0,1,4,4,10,False,154,7,143,1935,9.675,0
1313,0,1,0,3,51,False,2,5,0,1280,6.4,0
1314,0,1,4,4,10,False,241,1,6,262,1.31,0
1315,0,1,12,3,13,True,44,10,0,2560,12.8,0
1316,0,1,4,4,10,False,136,1,212,468,2.34,0
1317,0,1,18,3,3,False,52,10,0,2560,12.8,0
1318,0,1,4,4,10,False,219,2,89,601,3.005,0
1319,0,1,5,4,10,True,10,0,8,8,0.04,0
1320,0,1,4,4,10,False,83,2,2,514,2.57,0
1321,0,1,4,5,1,False,47,4,6,1030,5.15,183
1322,0,1,4,4,10,False,178,0,108,108,0.54,0
1323,0,1,0,6,36,False,139,1,46,302,1.51,2612
1324,0,1,4,4,10,False,104,0,248,248,1.24,0
1325,0,1,31,3,52,False,44,10,0,2560,12.8,0
1326,0,1,4,4,10,False,214,1,156,412,2.06,0
1327,0,1,5,6,1,False,10,8,0,2048,10.24,11351
1328,0,1,4,4,10,False,54,0,103,103,0.515,0
1329,0,1,1,2,28,True,0,0,0,0,0.0,0
1330,0,1,4,4,10,False,143,0,75,75,0.375,0
1331,0,1,11,6,2,False,10,10,3,2563,12.815,77
1332,0,1,4,4,10,True,73,14,173,3757,18.785,0
1333,0,1,12,2,21,True,4,0,0,0,0.0,0
1334,0,1,4,4,10,False,152,2,95,607,3.035,0
1335,0,1,0,1,52,False,0,0,0,0,0.0,0
1336,0,1,4,4,10,True,50,1,150,406,2.03,0
1337,0,1,1,2,58,True,52,0,0,0,0.0,0
1338,0,1,4,4,10,False,114,1,128,384,1.92,0
1339,0,1,1,2,15,False,1,0,0,0,0.0,0
1340,0,1,4,4,10,False,146,0,73,73,0.365,0
1341,0,1,0,3,6,False,44,12,0,3072,15.36,0
1342,0,1,4,4,10,False,27,1,251,507,2.535,0
1343,0,1,1,2,50,False,7,0,0,0,0.0,0
1344,0,1,4,4,10,False,170,1,179,435,2.175,0
1345,0,1,1,2,10,False,3,0,0,0,0.0,0
1346,0,1,4,4,10,False,53,0,254,254,1.27,0
1347,0,1,8,0,0,False,0,0,0,0,0.0,0
1348,0,1,4,4,10,False,95,1,157,413,2.065,0
1349,0,1,5,4,10,False,152,2,0,512,2.56,0
1350,0,1,4,4,10,False,211,1,100,356,1.78,0
1351,0,1,25,4,10,False,53,0,107,107,0.535,0
1352,0,1,4,4,10,True,211,7,142,1934,9.67,0
1353,0,1,31,1,21,False,0,0,0,0,0.0,0
1354,0,1,0,1,31,False,0,0,0,0,0.0,0
1355,0,1,4,4,10,False,1,2,3,515,2.575,0
1356,0,1,5,4,10,False,50,0,104,104,0.52,0
1357,0,1,4,4,10,False,48,2,87,599,2.995,0
1358,0,1,5,4,10,False,226,6,156,1692,8.46,0
1359,0,1,4,4,10,False,96,1,80,336,1.68,0
1360,0,1,5,4,10,False,129,3,3,771,3.855,0
1361,0,1,4,4,10,False,229,1,25,281,1.405,0
1362,0,1,5,4,10,False,52,10,0,2560,12.8,0
1363,0,1,4,4,10,False,110,1,254,510,2.55,0
1364,0,1,0,4,12,False,10,0,3,3,0.015,0
1365,0,1,4,4,10,False,212,0,87,87,0.435,0
1366,0,1,5,4,10,False,122,0,1,1,0.005,0
1367,0,1,4,4,10,False,98,2,150,662,3.31,0
1368,0,1,5,4,4,False,10,7,0,1792,8.96,0
1369,0,1,4,4,10,True,98,10,210,2770,13.85,0
1370,0,1,5,4,44,False,138,2,2,514,2.57,0
1371,0,1,4,4,10,False,79,0,71,71,0.355,0
1372,0,1,25,7,60,False,10,1,6,262,1.31,668922
1373,0,1,4,4,10,False,134,0,204,204,1.02,0
1374,0,1,26,5,4,False,165,4,10,1034,5.17,98
1375,0,1,4,4,10,False,40,3,154,922,4.61,0
1376,0,1,0,5,55,True,44,10,255,2815,14.075,1
1377,0,1,4,4,10,False,184,3,19,787,3.935,0
1378,0,1,19,1,44,False,0,0,0,0,0.0,0
1379,0,1,4,4,10,False,75,3,198,966,4.83,0
1380,0,1,17,2,20,False,3,0,0,0,0.0,0
1381,0,1,4,4,10,False,134,5,245,1525,7.625,0
1382,0,1,28,4,44,False,10,12,10,3082,15.41,0
1383,0,1,4,4,10,True,134,12,202,3274,16.37,0
1384,0,1,19,2,1,False,3,0,0,0,0.0,0
1385,0,1,4,4,10,False,42,2,205,717,3.585,0
1386,0,1,5,4,10,False,135,10,135,2695,13.475,0
1387,0,1,4,4,10,False,150,0,90,90,0.45,0
1388,0,1,0,4,45,True,44,10,47,2607,13.035,0
1389,0,1,4,4,10,False,32,3,165,933,4.665,0
1390,0,1,0,4,32,False,3,7,223,2015,10.075,0
1391,0,1,4,4,10,False,152,4,12,1036,5.18,0
1392,0,1,0,2,52,False,44,0,0,0,0.0,0
1393,0,1,4,4,10,True,152,10,61,2621,13.105,0
1394,0,1,1,2,0,False,1,0,0,0,0.0,0
1395,0,1,4,4,10,False,174,3,96,864,4.32,0
1396,0,1,1,2,36,False,4,0,0,0,0.0,0
1397,0,1,4,4,10,False,199,0,78,78,0.39,0
1398,0,1,0,5,40,False,138,5,4,1284,6.42,10
1399,0,1,4,4,10,False,42,1,87,343,1.715,0
1400,0,1,4,4,10,False,233,1,193,449,2.245,0
1401,0,1,8,2,39,True,2,0,0,0,0.0,0
1402,0,1,4,4,10,False,233,2,113,625,3.125,0
1403,0,1,30,2,30,False,10,0,0,0,0.0,0
1404,0,1,4,4,10,False,170,2,160,672,3.36,0
1405,0,1,13,3,52,False,10,1,0,256,1.28,0
1406,0,1,4,4,10,False,211,0,171,171,0.855,0
1407,0,1,31,2,52,False,10,0,0,0,0.0,0
1408,0,1,4,4,10,False,88,2,31,543,2.715,0
1409,0,1,21,2,3,False,112,0,0,0,0.0,0
1410,0,1,4,4,10,False,188,0,89,89,0.445,0
1411,0,1,24,0,0,False,0,0,0,0,0.0,0
1412,0,1,4,4,10,False,58,0,118,118,0.59,0
1413,0,1,7,4,60,False,52,10,113,2673,13.365,0
1414,0,1,4,4,10,True,58,12,139,3211,16.055,0
1415,0,1,6,4,44,False,10,10,0,2560,12.8,0
1416,0,1,4,4,10,False,88,2,238,750,3.75,0
1417,0,1,13,3,0,False,87,4,0,1024,5.12,0
1418,0,1,4,4,10,False,142,5,44,1324,6.62,0
1419,0,1,1,2,49,True,0,0,0,0,0.0,0
1420,0,1,4,4,10,False,8,3,51,819,4.095,0
1421,0,1,22,5,4,False,10,9,3,2307,11.535,146
1422,0,1,4,4,10,True,8,7,183,1975,9.875,0
1423,0,1,31,5,2,False,104,10,0,2560,12.8,52
1424,0,1,4,4,10,False,166,0,252,252,1.26,0
1425,0,1,3,2,52,False,10,0,0,0,0.0,0
1426,0,1,4,4,10,False,116,2,119,631,3.155,0
1427,0,1,5,4,10,False,156,12,10,3082,15.41,0
1428,0,1,4,4,10,False,190,4,127,1151,5.755,0
1429,0,1,4,6,44,False,10,5,4,1284,6.42,57434
1430,0,1,4,4,10,True,190,5,0,1280,6.4,0
1431,0,1,0,1,38,False,0,0,0,0,0.0,0
1432,0,1,1,2,24,False,52,0,0,0,0.0,0
1433,0,1,4,4,10,False,7,0,93,93,0.465,0
1434,0,1,5,4,4,False,10,1,200,456,2.28,0
1435,0,1,4,4,10,True,7,0,76,76,0.38,0
1436,0,1,5,4,10,False,185,4,10,1034,5.17,0
1437,0,1,4,4,10,False,133,1,177,433,2.165,0
1438,0,1,3,6,0,False,41,4,10,1034,5.17,423
1439,0,1,4,4,10,False,16,3,192,960,4.8,0
1440,0,1,0,7,47,False,92,10,52,2612,13.06,134922
1441,0,1,4,4,10,False,128,2,214,726,3.63,0
1442,0,1,8,4,44,False,10,11,5,2821,14.105,0
1443,0,1,4,4,10,False,63,0,202,202,1.01,0
1444,0,1,28,5,56,False,44,10,123,2683,13.415,6
1445,0,1,4,4,10,False,172,0,107,107,0.535,0
1446,0,1,4,4,10,False,230,1,136,392,1.96,0
1447,0,1,11,0,0,False,0,0,0,0,0.0,0
1448,0,1,4,4,10,False,109,3,224,992,4.96,0
1449,0,1,6,4,10,False,170,4,67,1091,5.455,0
1450,0,1,4,4,10,False,160,0,186,186,0.93,0
1451,0,1,5,4,4,False,10,12,10,3082,15.41,0
1452,0,1,4,4,10,False,41,1,202,458,2.29,0
1453,0,1,13,5,2,False,52,12,10,3082,15.41,160
1454,0,1,4,4,10,False,137,3,158,926,4.63,0
1455,0,1,5,4,10,True,101,5,181,1461,7.305,0
1456,0,1,4,4,10,True,137,3,143,911,4.555,0
1457,0,1,6,4,10,False,137,2,172,684,3.42,0
1458,0,1,4,4,10,False,109,4,186,1210,6.05,0
1459,0,1,0,4,10,True,148,2,33,545,2.725,0
1460,0,1,4,4,10,False,221,0,174,174,0.87,0
1461,0,1,12,4,10,False,109,4,70,1094,5.47,0
1462,0,1,4,4,10,False,119,1,59,315,1.575,0
1463,0,1,21,6,10,False,44,10,196,2756,13.78,17664
1464,0,1,4,2,55,False,1,0,0,0,0.0,0
1465,0,1,8,4,52,False,10,12,10,3082,15.41,0
1466,0,1,4,3,4,False,10,14,0,3584,17.92,0
1467,0,1,6,1,4,False,0,0,0,0,0.0,0
1468,0,1,4,3,5,True,4,10,0,2560,12.8,0
1469,0,1,11,4,3,True,44,10,71,2631,13.155,0
1470,0,1,4,4,0,False,199,4,10,1034,5.17,0
1471,0,1,3,7,10,False,158,0,98,98,0.49,9055237
1472,0,1,4,7,3,False,16,4,10,1034,5.17,13042439
1473,0,1,19,6,5,False,141,11,60,2876,14.38,62071
1474,0,1,4,4,10,False,7,4,81,1105,5.525,0
1475,0,1,8,4,10,False,44,10,215,2775,13.875,0
1476,0,1,4,4,10,False,193,2,66,578,2.89,0
1477,0,1,0,2,10,True,44,0,0,0,0.0,0
1478,0,1,4,4,10,False,37,5,142,1422,7.11,0
1479,0,1,1,2,18,True,1,0,0,0,0.0,0
1480,0,1,4,4,10,False,117,0,247,247,1.235,0
1481,0,1,0,1,44,False,0,0,0,0,0.0,0
1482,0,1,4,4,10,True,117,14,111,3695,18.475,0
1483,0,1,1,2,10,True,105,0,0,0,0.0,0
1484,0,1,4,4,10,False,115,0,95,95,0.475,0
1485,0,1,0,1,52,False,0,0,0,0,0.0,0
1486,0,1,4,4,10,False,183,0,246,246,1.23,0
1487,0,1,6,2,37,False,11,0,0,0,0.0,0
1488,0,1,4,4,10,False,224,0,53,53,0.265,0
1489,0,1,6,5,1,False,36,12,10,3082,15.41,183
1490,0,1,4,4,10,False,124,1,215,471,2.355,0
1491,0,1,5,4,10,True,183,0,139,139,0.695,0
1492,0,1,4,4,10,False,212,2,152,664,3.32,0
1493,0,1,24,7,52,False,10,12,10,3082,15.41,203324
1494,0,1,4,4,10,False,94,3,14,782,3.91,0
1495,0,1,4,4,7,False,172,4,117,1141,5.705,0
1496,0,1,4,4,10,False,152,4,172,1196,5.98,0
1497,0,1,1,7,43,False,4,2,10,522,2.61,4742867
1498,0,1,4,4,10,False,45,1,103,359,1.795,0
1499,0,1,5,4,10,False,51,0,90,90,0.45,0
1500,0,1,4,4,10,False,48,1,244,500,2.5,0
1501,0,1,6,4,10,True,168,6,84,1620,8.1,0
1502,0,1,4,4,10,False,143,5,126,1406,7.03,0
1503,0,1,0,1,58,True,0,0,0,0,0.0,0
1504,0,1,4,4,10,False,219,4,16,1040,5.2,0
1505,0,1,0,1,46,True,0,0,0,0,0.0,0
1506,0,1,4,4,10,False,71,3,56,824,4.12,0
1507,0,1,5,4,10,False,4,4,52,1076,5.38,0
1508,0,1,4,4,10,True,71,8,169,2217,11.085,0
1509,0,1,1,2,37,True,1,0,0,0,0.0,0
1510,0,1,4,4,10,False,22,1,195,451,2.255,0
1511,0,1,21,0,0,False,0,0,0,0,0.0,0
1512,0,1,4,4,10,True,42,1,139,395,1.975,0
1513,0,1,1,2,1,False,121,0,0,0,0.0,0
1514,0,1,6,4,10,False,69,12,10,3082,15.41,0
1515,0,1,4,0,0,False,0,0,0,0,0.0,0
1516,0,1,4,4,10,False,101,2,110,622,3.11,0
1517,0,1,4,4,10,True,101,2,91,603,3.015,0
1518,0,1,10,6,10,False,52,10,44,2604,13.02,3495
1519,0,1,17,1,10,True,0,0,0,0,0.0,0
1520,0,1,4,4,10,False,113,0,93,93,0.465,0
1521,0,1,5,4,10,False,101,4,39,1063,5.315,0
1522,0,1,4,4,10,True,113,0,74,74,0.37,0
1523,0,1,6,4,10,True,149,3,231,999,4.995,0
1524,0,1,4,4,10,False,209,0,219,219,1.095,0
1525,0,1,27,5,44,False,10,2,0,512,2.56,52
1526,0,1,4,4,10,False,55,1,30,286,1.43,0
1527,0,1,17,2,60,False,0,0,0,0,0.0,0
1528,0,1,4,4,10,False,52,2,70,582,2.91,0
1529,0,1,17,4,4,False,10,12,2,3074,15.37,0
1530,0,1,4,4,10,False,94,4,71,1095,5.475,0
1531,0,1,20,6,17,True,44,10,15,2575,12.875,2564
1532,0,1,4,4,10,False,233,2,42,554,2.77,0
1533,0,1,11,6,6,False,49,13,209,3537,17.685,60929
1534,0,1,4,4,10,False,177,0,138,138,0.69,0
1535,0,1,4,4,10,False,49,1,244,500,2.5,0
1536,0,1,28,0,0,False,0,0,0,0,0.0,0
1537,0,1,4,4,10,False,100,0,126,126,0.63,0
1538,0,1,26,1,1,False,0,0,0,0,0.0,0
1539,0,1,4,2,36,False,0,0,0,0,0.0,0
1540,0,1,5,4,10,False,44,3,93,861,4.305,0
1541,0,1,4,6,4,False,10,15,2,3842,19.21,1181
1542,0,1,0,4,8,False,44,10,100,2660,13.3,0
1543,0,1,4,2,5,True,0,0,0,0,0.0,0
1544,0,1,4,4,4,False,10,7,1,1793,8.965,0
1545,0,1,0,1,31,False,0,0,0,0,0.0,0
1546,0,1,4,2,4,False,10,0,0,0,0.0,0
1547,0,1,5,4,10,False,16,0,138,138,0.69,0
1548,0,1,4,5,1,False,176,4,138,1162,5.81,29
1549,0,1,2,5,10,False,133,12,11,3083,15.415,44
1550,0,1,4,4,47,True,4,10,225,2785,13.925,0
1551,0,1,6,4,10,False,215,14,44,3628,18.14,0
1552,0,1,4,1,59,False,0,0,0,0,0.0,0
1553,0,1,17,2,10,False,78,0,0,0,0.0,0
1554,0,1,4,4,10,False,174,0,195,195,0.975,0
1555,0,1,0,2,56,True,52,0,0,0,0.0,0
1556,0,1,4,4,10,True,15,3,95,863,4.315,0
1557,0,1,0,4,40,False,60,10,192,2752,13.76,0
1558,0,1,4,4,10,False,84,3,128,896,4.48,0
1559,0,1,4,4,10,False,126,1,31,287,1.435,0
1560,0,1,8,3,44,False,138,3,0,768,3.84,0
1561,0,1,4,4,10,False,46,1,68,324,1.62,0
1562,0,1,0,2,0,True,189,0,0,0,0.0,0
1563,0,1,4,4,10,False,103,1,95,351,1.755,0
1564,0,1,6,4,10,False,9,3,75,843,4.215,0
1565,0,1,4,4,10,False,27,2,195,707,3.535,0
1566,0,1,1,2,3,False,177,0,0,0,0.0,0
1567,0,1,4,4,10,False,27,2,216,728,3.64,0
1568,0,1,15,5,4,False,253,13,1,3329,16.645,150
1569,0,1,4,4,10,False,4,0,254,254,1.27,0
1570,0,1,5,4,10,False,91,0,157,157,0.785,0
1571,0,1,4,4,10,False,48,0,180,180,0.9,0
1572,0,1,7,4,10,False,5,0,191,191,0.955,0
1573,0,1,4,4,10,True,48,9,156,2460,12.3,0
1574,0,1,8,4,10,False,63,1,205,461,2.305,0
1575,0,1,4,4,10,False,166,1,25,281,1.405,0
1576,0,1,17,2,7,False,154,0,0,0,0.0,0
1577,0,1,4,4,10,False,204,1,68,324,1.62,0
1578,0,1,0,1,3,True,0,0,0,0,0.0,0
1579,0,1,4,4,10,False,153,2,66,578,2.89,0
1580,0,1,6,4,10,True,171,1,229,485,2.425,0
1581,0,1,4,4,10,False,239,2,172,684,3.42,0
1582,0,1,5,4,10,True,52,5,85,1365,6.825,0
1583,0,1,4,4,10,False,112,3,44,812,4.06,0
1584,0,1,5,4,4,False,138,6,1,1537,7.685,0
1585,0,1,4,4,10,False,174,1,110,366,1.83,0
1586,0,1,5,4,4,False,10,12,3,3075,15.375,0
1587,0,1,4,4,10,True,174,8,197,2245,11.225,0
1588,0,1,5,4,39,True,138,12,3,3075,15.375,0
1589,0,1,4,4,10,False,136,0,50,50,0.25,0
1590,0,1,5,4,60,False,10,1,4,260,1.3,0
1591,0,1,4,4,10,False,12,0,73,73,0.365,0
1592,0,1,5,4,23,True,4,12,138,3210,16.05,0
1593,0,1,4,4,10,False,143,2,117,629,3.145,0
1594,0,1,18,6,44,False,10,10,0,2560,12.8,24255
1595,0,1,4,4,10,False,9,2,191,703,3.515,0
1596,0,1,0,3,15,False,2,5,0,1280,6.4,0
1597,0,1,4,4,10,False,136,1,59,315,1.575,0
1598,0,1,5,4,10,True,135,4,10,1034,5.17,0
1599,0,1,4,4,10,False,178,1,28,284,1.42,0
1600,0,1,5,4,10,False,44,10,184,2744,13.72,0
1601,0,1,4,4,10,True,178,7,83,1875,9.375,0
1602,0,1,0,1,10,False,0,0,0,0,0.0,0
1603,0,1,4,4,10,False,1,0,189,189,0.945,0
1604,0,1,9,7,9,False,44,10,52,2612,13.06,14550026
1605,0,1,4,4,10,False,82,2,46,558,2.79,0
1606,0,1,8,4,10,False,136,12,10,3082,15.41,0
1607,0,1,4,4,10,False,234,2,148,660,3.3,0
1608,0,1,10,2,44,False,10,0,0,0,0.0,0
1609,0,1,4,4,10,False,100,1,36,292,1.46,0
1610,0,1,18,3,1,False,191,12,0,3072,15.36,0
1611,0,1,4,4,10,True,100,6,1,1537,7.685,0
1612,0,1,17,2,25,True,60,0,0,0,0.0,0
1613,0,1,4,4,10,False,83,1,133,389,1.945,0
1614,0,1,1,2,44,False,10,0,0,0,0.0,0
1615,0,1,4,4,10,True,87,1,110,366,1.83,0
1616,0,1,6,4,10,False,255,2,10,522,2.61,0
1617,0,1,4,4,10,False,5,1,172,428,2.14,0
1618,0,1,19,5,4,False,55,14,78,3662,18.31,52
1619,0,1,4,4,10,False,5,2,248,760,3.8,0
1620,0,1,1,2,10,False,124,0,0,0,0.0,0
1621,0,1,4,4,10,True,5,2,195,707,3.535,0
1622,0,1,5,4,10,False,35,6,44,1580,7.9,0
1623,0,1,4,4,10,False,233,2,119,631,3.155,0
1624,0,1,17,2,10,False,53,0,0,0,0.0,0
1625,0,1,4,4,10,False,210,0,207,207,1.035,0
1626,0,1,1,2,16,True,191,0,0,0,0.0,0
1627,0,1,4,4,10,False,50,2,16,528,2.64,0
1628,0,1,0,3,46,False,52,10,0,2560,12.8,0
1629,0,1,4,4,10,False,151,0,62,62,0.31,0
1630,0,1,26,2,0,False,10,0,0,0,0.0,0
1631,0,1,4,4,10,True,151,4,223,1247,6.235,0
1632,0,1,6,2,0,False,243,0,0,0,0.0,0
1633,0,1,4,4,10,False,106,3,87,855,4.275,0
1634,0,1,5,4,10,True,55,12,10,3082,15.41,0
1635,0,1,4,4,10,False,255,1,12,268,1.34,0
1636,0,1,6,0,0,False,0,0,0,0,0.0,0
1637,0,1,4,4,10,False,98,3,91,859,4.295,0
1638,0,1,8,4,10,True,44,10,106,2666,13.33,0
1639,0,1,4,4,10,False,209,1,67,323,1.615,0
1640,0,1,8,4,24,False,52,4,90,1114,5.57,0
1641,0,1,4,4,10,True,209,8,63,2111,10.555,0
1642,0,1,6,2,35,True,52,0,0,0,0.0,0
1643,0,1,4,4,10,False,208,1,168,424,2.12,0
1644,0,1,8,4,10,True,50,7,52,1844,9.22,0
1645,0,1,4,4,10,False,6,1,88,344,1.72,0
1646,0,1,6,0,0,False,0,0,0,0,0.0,0
1647,0,1,4,4,10,False,100,2,142,654,3.27,0
1648,0,1,26,1,3,False,0,0,0,0,0.0,0
1649,0,1,4,4,10,True,216,5,178,1458,7.29,0
1650,0,1,14,1,27,True,0,0,0,0,0.0,0
1651,0,1,4,4,10,False,238,0,225,225,1.125,0
1652,0,1,6,4,2,False,1,12,105,3177,15.885,0
1653,0,1,4,4,10,False,56,1,130,386,1.93,0
1654,0,1,28,1,30,False,0,0,0,0,0.0,0
1655,0,1,4,4,10,False,214,3,53,821,4.105,0
1656,0,1,27,0,0,False,0,0,0,0,0.0,0
1657,0,1,4,4,10,False,86,1,168,424,2.12,0
1658,0,1,5,4,10,False,68,10,208,2768,13.84,0
1659,0,1,4,4,10,True,86,11,223,3039,15.195,0
1660,0,1,0,4,10,False,1,1,173,429,2.145,0
1661,0,1,4,4,10,False,32,2,217,729,3.645,0
1662,0,1,0,5,44,False,10,1,0,256,1.28,243
1663,0,1,4,4,10,True,32,2,155,667,3.335,0
1664,0,1,2,6,5,False,206,4,138,1162,5.81,3419
1665,0,1,4,4,10,False,175,1,50,306,1.53,0
1666,0,1,30,1,52,False,0,0,0,0,0.0,0
1667,0,1,4,4,10,True,175,1,32,288,1.44,0
1668,0,1,5,4,10,False,175,0,138,138,0.69,0
1669,0,1,4,4,10,False,187,0,139,139,0.695,0
1670,0,1,21,7,32,False,2,13,68,3396,16.98,2891914
1671,0,1,4,4,10,False,22,1,127,383,1.915,0
1672,0,1,17,2,22,False,0,0,0,0,0.0,0
1673,0,1,4,4,10,True,22,1,231,487,2.435,0
1674,0,1,13,7,6,False,104,12,10,3082,15.41,4522284
1675,0,1,4,4,10,False,52,0,220,220,1.1,0
1676,0,1,5,4,10,True,44,1,252,508,2.54,0
1677,0,1,4,4,10,False,189,0,248,248,1.24,0
1678,0,1,6,4,10,False,53,0,184,184,0.92,0
1679,0,1,4,2,61,True,0,0,0,0,0.0,0
1680,0,1,6,4,10,True,53,0,161,161,0.805,0
1681,0,1,4,0,0,False,0,0,0,0,0.0,0
1682,0,1,6,4,29,True,44,10,100,2660,13.3,0
1683,0,1,4,4,10,False,172,3,177,945,4.725,0
1684,0,1,0,1,52,False,0,0,0,0,0.0,0
1685,0,1,4,4,10,False,76,7,60,1852,9.26,0
1686,0,1,1,2,11,False,0,0,0,0,0.0,0
1687,0,1,4,4,10,False,139,1,185,441,2.205,0
1688,0,1,13,2,52,False,10,0,0,0,0.0,0
1689,0,1,4,4,10,False,17,1,167,423,2.115,0
1690,0,1,29,5,0,False,121,12,10,3082,15.41,139
1691,0,1,4,4,10,False,69,1,202,458,2.29,0
1692,0,1,1,2,58,True,44,0,0,0,0.0,0
1693,0,1,4,4,10,True,244,10,39,2599,12.995,0
1694,0,1,1,2,10,False,3,0,0,0,0.0,0
1695,0,1,4,4,10,False,23,3,246,1014,5.07,0
1696,0,1,16,2,4,False,44,0,0,0,0.0,0
1697,0,1,4,4,10,True,23,13,188,3516,17.58,0
1698,0,1,9,0,0,False,0,0,0,0,0.0,0
1699,0,1,4,4,10,False,39,2,74,586,2.93,0
1700,0,1,6,4,44,False,110,2,44,556,2.78,0
1701,0,1,4,4,10,False,39,2,180,692,3.46,0
1702,0,1,4,4,10,False,166,0,112,112,0.56,0
1703,0,1,1,2,18,False,0,0,0,0,0.0,0
1704,0,1,4,4,10,False,252,0,155,155,0.775,0
1705,0,1,12,1,52,False,0,0,0,0,0.0,0
1706,0,1,4,4,10,False,48,0,88,88,0.44,0
1707,0,1,17,2,57,False,4,0,0,0,0.0,0
1708,0,1,4,4,10,False,158,2,35,547,2.735,0
1709,0,1,23,7,60,False,10,7,0,1792,8.96,9055397
1710,0,1,4,4,10,False,243,0,116,116,0.58,0
1711,0,1,19,7,3,False,151,12,10,3082,15.41,12059183
1712,0,1,4,4,10,False,203,2,142,654,3.27,0
1713,0,1,20,0,0,False,0,0,0,0,0.0,0
1714,0,1,4,4,10,False,91,1,34,290,1.45,0
1715,0,1,5,4,10,False,114,0,180,180,0.9,0
1716,0,1,4,4,10,True,91,9,89,2393,11.965,0
1717,0,1,5,4,52,False,10,11,44,2860,14.3,0
1718,0,1,1,2,49,False,52,0,0,0,0.0,0
1719,0,1,4,4,10,False,153,0,222,222,1.11,0
1720,0,1,5,4,10,True,102,0,83,83,0.415,0
1721,0,1,4,4,10,True,153,0,204,204,1.02,0
1722,0,1,1,2,12,True,0,0,0,0,0.0,0
1723,0,1,4,4,10,False,77,3,135,903,4.515,0
1724,0,1,5,4,10,False,153,14,6,3590,17.95,0
1725,0,1,4,4,10,False,166,3,119,887,4.435,0
1726,0,1,5,4,52,False,10,8,5,2053,10.265,0
1727,0,1,4,4,10,False,241,7,213,2005,10.025,0
1728,0,1,15,1,59,True,0,0,0,0,0.0,0
1729,0,1,4,4,10,False,32,1,38,294,1.47,0
1730,0,1,22,0,0,False,0,0,0,0,0.0,0
1731,0,1,4,4,10,False,169,1,109,365,1.825,0
1732,0,1,5,4,10,False,241,7,21,1813,9.065,0
1733,0,1,4,4,10,True,169,13,10,3338,16.69,0
1734,0,1,6,4,10,True,247,5,74,1354,6.77,0
1735,0,1,4,4,10,False,100,0,231,231,1.155,0
1736,0,1,6,4,10,False,170,0,194,194,0.97,0
1737,0,1,4,4,10,True,100,0,177,177,0.885,0
1738,0,1,6,4,10,False,100,0,84,84,0.42,0
1739,0,1,6,4,10,True,100,0,215,215,1.075,0
1740,0,1,6,4,60,False,10,4,10,1034,5.17,0
1741,0,1,4,4,10,False,75,0,204,204,1.02,0
1742,0,1,5,4,10,False,55,0,66,66,0.33,0
1743,0,1,4,4,10,True,75,0,186,186,0.93,0
1744,0,1,12,3,11,False,0,6,0,1536,7.68,0
1745,0,1,4,4,10,False,35,4,213,1237,6.185,0
1746,0,1,5,2,32,False,171,0,0,0,0.0,0
1747,0,1,4,4,10,False,249,2,52,564,2.82,0
1748,0,1,2,5,0,False,52,14,1,3585,17.925,182
1749,0,1,4,4,10,False,252,0,115,115,0.575,0
1750,0,1,13,6,5,False,24,14,68,3652,18.26,2698
1751,0,1,4,4,10,False,252,2,109,621,3.105,0
1752,0,1,24,3,0,False,103,10,0,2560,12.8,0
1753,0,1,4,4,10,True,23,8,188,2236,11.18,0
1754,0,1,31,1,11,False,0,0,0,0,0.0,0
1755,0,1,4,4,10,False,90,0,130,130,0.65,0
1756,0,1,16,6,4,False,10,7,252,2044,10.22,2565
1757,0,1,4,4,10,False,175,2,89,601,3.005,0
1758,0,1,3,7,0,False,86,5,148,1428,7.14,110346
1759,0,1,4,4,10,True,203,2,179,691,3.455,0
1760,0,1,31,6,52,False,10,4,4,1028,5.14,27227
1761,0,1,4,4,10,False,163,3,170,938,4.69,0
1762,0,1,1,0,0,False,0,0,0,0,0.0,0
1763,0,1,4,4,10,True,107,3,152,920,4.6,0
1764,0,1,16,4,44,False,10,7,5,1797,8.985,0
1765,0,1,4,4,10,False,182,1,122,378,1.89,0
1766,0,1,1,2,55,False,5,0,0,0,0.0,0
1767,0,1,4,4,10,False,238,2,130,642,3.21,0
1768,0,1,0,2,49,True,5,0,0,0,0.0,0
1769,0,1,4,4,10,False,175,2,8,520,2.6,0
1770,0,1,18,4,60,False,138,0,202,202,1.01,0
1771,0,1,4,4,10,False,255,3,37,805,4.025,0
1772,0,1,11,4,10,False,150,1,70,326,1.63,0
1773,0,1,4,4,10,True,255,10,149,2709,13.545,0
1774,0,1,18,5,44,False,10,15,0,3840,19.2,112
1775,0,1,4,4,10,False,7,0,67,67,0.335,0
1776,0,1,1,7,3,False,97,9,163,2467,12.335,2930158
1777,0,1,4,4,10,False,102,0,194,194,0.97,0
1778,0,1,1,2,55,False,0,0,0,0,0.0,0
1779,0,1,4,4,10,False,21,2,228,740,3.7,0
1780,0,1,14,5,44,False,10,14,2,3586,17.93,127
1781,0,1,4,4,10,False,127,3,225,993,4.965,0
1782,0,1,12,7,13,False,95,6,36,1572,7.86,4518913
1783,0,1,4,4,10,True,127,4,89,1113,5.565,0
1784,0,1,7,4,44,False,138,4,10,1034,5.17,0
1785,0,1,24,2,3,False,83,0,0,0,0.0,0
1786,0,1,13,2,52,False,10,0,0,0,0.0,0
1787,0,1,4,4,10,False,23,3,34,802,4.01,0
1788,0,1,21,1,10,False,0,0,0,0,0.0,0
1789,0,1,4,4,10,False,154,0,234,234,1.17,0
1790,0,1,5,4,2,False,20,4,155,1179,5.895,0
1791,0,1,4,4,10,False,11,1,76,332,1.66,0
1792,0,1,25,2,0,False,81,0,0,0,0.0,0
1793,0,1,4,4,10,False,53,2,125,637,3.185,0
1794,0,1,8,4,10,False,180,3,225,993,4.965,0
1795,0,1,4,4,10,False,164,1,93,349,1.745,0
1796,0,1,2,5,44,False,10,1,1,257,1.285,105
1797,0,1,4,4,10,False,24,2,65,577,2.885,0
1798,0,1,5,4,10,False,164,0,199,199,0.995,0
1799,0,1,4,4,10,False,145,1,33,289,1.445,0
1800,0,1,1,2,2,False,176,0,0,0,0.0,0
1801,0,1,4,4,10,False,43,1,45,301,1.505,0
1802,0,1,1,2,7,True,2,0,0,0,0.0,0
1803,0,1,4,4,10,False,122,0,152,152,0.76,0
1804,0,1,0,6,4,False,10,10,38,2598,12.99,1
1805,0,1,4,4,10,True,125,0,94,94,0.47,0
1806,0,1,29,5,9,False,103,8,52,2100,10.5,10
1807,0,1,4,4,10,False,151,1,168,424,2.12,0
1808,0,1,3,0,0,False,0,0,0,0,0.0,0
1809,0,1,4,4,10,True,151,1,115,371,1.855,0
1810,0,1,0,1,15,False,0,0,0,0,0.0,0
1811,0,1,5,4,10,False,116,3,64,832,4.16,0
1812,0,1,7,4,10,False,242,3,196,964,4.82,0
1813,0,1,7,4,10,False,167,5,68,1348,6.74,0
1814,0,1,4,4,10,False,27,0,116,116,0.58,0
1815,0,1,15,2,60,False,10,0,0,0,0.0,0
1816,0,1,4,4,10,False,89,0,74,74,0.37,0
1817,0,1,6,4,10,False,92,12,10,3082,15.41,0
1818,0,1,4,4,10,False,174,4,50,1074,5.37,0
1819,0,1,6,4,23,True,1,12,175,3247,16.235,0
1820,0,1,4,4,10,False,250,5,140,1420,7.1,0
1821,0,1,8,4,4,False,46,4,10,1034,5.17,0
1822,0,1,4,4,10,True,250,5,220,1500,7.5,0
1823,0,1,3,3,5,False,147,10,0,2560,12.8,0
1824,0,1,4,4,10,False,252,3,100,868,4.34,0
1825,0,1,1,0,0,False,0,0,0,0,0.0,0
1826,0,1,4,4,10,False,139,2,167,679,3.395,0
1827,0,1,27,5,27,False,128,11,58,2874,14.37,60
1828,0,1,4,4,10,False,188,0,203,203,1.015,0
1829,0,1,1,2,2,False,3,0,0,0,0.0,0
1830,0,1,4,4,10,False,230,1,147,403,2.015,0
1831,0,1,31,1,26,True,0,0,0,0,0.0,0
1832,0,1,4,4,10,True,230,7,174,1966,9.83,0
1833,0,1,0,4,62,False,218,6,70,1606,8.03,0
1834,0,1,4,4,10,False,58,1,228,484,2.42,0
1835,0,1,17,7,2,False,60,12,138,3210,16.05,666628
1836,0,1,4,4,10,True,58,1,192,448,2.24,0
1837,0,1,7,1,1,False,0,0,0,0,0.0,0
1838,0,1,4,4,10,False,23,2,191,703,3.515,0
1839,0,1,28,3,10,False,18,4,0,1024,5.12,0
1840,0,1,4,4,10,False,60,1,173,429,2.145,0
1841,0,1,7,4,10,False,232,0,93,93,0.465,0
1842,0,1,4,4,10,True,60,4,53,1077,5.385,0
1843,0,1,28,6,27,False,44,10,61,2621,13.105,11266
1844,0,1,4,4,10,False,84,2,144,656,3.28,0
1845,0,1,17,2,61,False,4,0,0,0,0.0,0
1846,0,1,4,4,10,False,208,0,98,98,0.49,0
1847,0,1,4,4,37,False,2,10,132,2692,13.46,0
1848,0,1,4,4,10,False,41,1,44,300,1.5,0
1849,0,1,0,1,44,False,0,0,0,0,0.0,0
1850,0,1,4,4,10,True,41,3,212,980,4.9,0
1851,0,1,1,2,16,True,2,0,0,0,0.0,0
1852,0,1,17,0,0,False,0,0,0,0,0.0,0
1853,0,1,5,4,10,False,1,12,138,3210,16.05,0
1854,0,1,4,2,41,False,3,0,0,0,0.0,0
1855,0,1,9,1,3,False,0,0,0,0,0.0,0
1856,0,1,4,4,4,False,10,0,1,1,0.005,0
1857,0,1,11,3,52,False,10,2,0,512,2.56,0
1858,0,1,4,5,4,False,138,0,0,0,0.0,91
1859,0,1,0,4,9,False,44,10,219,2779,13.895,0
1860,0,1,4,4,10,False,139,2,59,571,2.855,0
1861,0,1,4,4,10,False,221,0,89,89,0.445,0
1862,0,1,27,3,0,False,51,4,0,1024,5.12,0
1863,0,1,4,4,10,False,89,0,221,221,1.105,0
1864,0,1,6,4,42,False,89,5,44,1324,6.62,0
1865,0,1,4,4,10,False,216,1,170,426,2.13,0
1866,0,1,17,2,52,False,10,0,0,0,0.0,0
1867,0,1,4,4,10,False,97,5,130,1410,7.05,0
1868,0,1,6,5,8,False,116,4,10,1034,5.17,29
1869,0,1,4,4,10,False,207,4,24,1048,5.24,0
1870,0,1,0,1,1,False,0,0,0,0,0.0,0
1871,0,1,4,4,10,True,207,13,90,3418,17.09,0
1872,0,1,7,4,10,False,68,2,36,548,2.74,0
1873,0,1,4,4,10,False,169,1,175,431,2.155,0
1874,0,1,7,4,10,False,207,7,209,2001,10.005,0
1875,0,1,4,4,10,False,233,0,208,208,1.04,0
1876,0,1,7,4,10,False,137,0,91,91,0.455,0
1877,0,1,4,4,10,False,93,1,109,365,1.825,0
1878,0,1,8,4,10,False,234,0,197,197,0.985,0
1879,0,1,4,4,10,False,33,1,76,332,1.66,0
1880,0,1,8,4,10,False,94,0,60,60,0.3,0
1881,0,1,4,4,10,False,175,1,171,427,2.135,0
1882,0,1,8,4,10,False,33,1,0,256,1.28,0
1883,0,1,4,4,10,False,95,1,152,408,2.04,0
1884,0,1,7,4,10,True,33,10,62,2622,13.11,0
1885,0,1,4,4,10,True,106,7,219,2011,10.055,0
1886,0,1,29,1,34,False,0,0,0,0,0.0,0
1887,0,1,4,4,10,False,84,0,158,158,0.79,0
1888,0,1,0,4,33,False,2,15,175,4015,20.075,0
1889,0,1,4,4,10,False,93,0,108,108,0.54,0
1890,0,1,1,4,32,False,44,10,93,2653,13.265,0
1891,0,1,4,4,10,False,231,0,210,210,1.05,0
1892,0,1,4,4,10,True,231,1,130,386,1.93,0
1893,0,1,5,2,44,False,138,0,0,0,0.0,0
1894,0,1,4,4,10,False,176,1,54,310,1.55,0
1895,0,1,11,5,1,False,7,0,148,148,0.74,186
1896,0,1,4,4,10,False,186,4,67,1091,5.455,0
1897,0,1,7,4,10,False,13,3,98,866,4.33,0
1898,0,1,4,4,10,False,215,1,3,259,1.295,0
1899,0,1,5,4,10,False,154,11,4,2820,14.1,0
1900,0,1,4,4,10,True,215,5,205,1485,7.425,0
1901,0,1,1,2,43,False,40,0,0,0,0.0,0
1902,0,1,4,4,10,False,162,2,36,548,2.74,0
1903,0,1,24,1,10,False,0,0,0,0,0.0,0
1904,0,1,4,4,10,False,40,0,187,187,0.935,0
1905,0,1,5,0,0,False,0,0,0,0,0.0,0
1906,0,1,4,4,10,True,202,4,35,1059,5.295,0
1907,0,1,12,1,10,False,0,0,0,0,0.0,0
1908,0,1,4,4,10,False,202,1,146,402,2.01,0
1909,0,1,28,1,4,False,0,0,0,0,0.0,0
1910,0,1,4,4,10,False,180,1,33,289,1.445,0
1911,0,1,16,4,40,True,138,15,4,3844,19.22,0
1912,0,1,4,4,10,False,231,2,167,679,3.395,0
1913,0,1,7,7,60,False,10,1,11,267,1.335,670788
1914,0,1,4,4,10,False,107,1,26,282,1.41,0
1915,0,1,11,7,5,False,57,12,10,3082,15.41,1509075
1916,0,1,4,4,10,False,226,1,3,259,1.295,0
1917,0,1,5,4,10,False,161,1,69,325,1.625,0
1918,0,1,4,4,10,False,180,0,79,79,0.395,0
1919,0,1,7,4,10,False,226,0,91,91,0.455,0
1920,0,1,4,4,10,False,3,1,244,500,2.5,0
1921,0,1,8,6,44,False,44,10,180,2740,13.7,55552
1922,0,1,4,2,3,False,1,0,0,0,0.0,0
1923,0,1,5,4,10,False,9,1,189,445,2.225,0
1924,0,1,4,4,4,False,10,1,5,261,1.305,0
1925,0,1,0,6,29,True,3,7,44,1836,9.18,15370
1926,0,1,4,5,4,False,10,10,2,2562,12.81,87
1927,0,1,5,4,10,False,108,5,92,1372,6.86,0
1928,0,1,4,4,10,False,218,2,155,667,3.335,0
1929,0,1,1,2,50,False,120,0,0,0,0.0,0
1930,0,1,4,4,10,False,192,0,167,167,0.835,0
1931,0,1,5,4,10,True,218,7,198,1990,9.95,0
1932,0,1,4,4,10,False,8,1,231,487,2.435,0
1933,0,1,5,4,10,False,184,1,51,307,1.535,0
1934,0,1,4,4,10,False,108,2,108,620,3.1,0
1935,0,1,5,4,10,False,12,2,231,743,3.715,0
1936,0,1,4,4,10,False,1,1,170,426,2.13,0
1937,0,1,5,4,10,True,162,5,149,1429,7.145,0
1938,0,1,4,4,10,False,144,0,239,239,1.195,0
1939,0,1,5,4,10,False,192,0,142,142,0.71,0
1940,0,1,4,4,10,False,5,3,73,841,4.205,0
1941,0,1,5,4,4,True,0,7,68,1860,9.3,0
1942,0,1,4,4,10,False,105,0,127,127,0.635,0
1943,0,1,5,4,60,False,4,4,10,1034,5.17,0
1944,0,1,4,4,10,False,240,3,86,854,4.27,0
1945,0,1,5,4,52,False,10,9,4,2308,11.54,0
1946,0,1,4,4,10,False,98,4,96,1120,5.6,0
1947,0,1,29,4,1,False,56,10,185,2745,13.725,0
1948,0,1,4,4,10,False,6,1,127,383,1.915,0
1949,0,1,0,2,60,False,63,0,0,0,0.0,0
1950,0,1,4,4,10,False,6,3,5,773,3.865,0
1951,0,1,0,4,39,True,68,4,5,1029,5.145,0
1952,0,1,4,4,10,False,235,2,25,537,2.685,0
1953,0,1,20,6,13,True,105,15,36,3876,19.38,28426
1954,0,1,0,1,34,False,0,0,0,0,0.0,0
1955,0,1,28,7,1,False,104,11,4,2820,14.1,3429147
1956,0,1,4,4,10,False,212,3,133,901,4.505,0
1957,0,1,1,2,52,False,10,0,0,0,0.0,0
1958,0,1,4,4,10,False,110,1,164,420,2.1,0
1959,0,1,1,3,44,False,10,5,0,1280,6.4,0
1960,0,1,4,4,10,False,14,3,86,854,4.27,0
1961,0,1,0,3,2,False,137,5,0,1280,6.4,0
1962,0,1,4,4,10,False,12,1,46,302,1.51,0
1963,0,1,5,4,10,False,57,4,44,1068,5.34,0
1964,0,1,4,4,10,False,215,1,38,294,1.47,0
1965,0,1,1,2,4,False,81,0,0,0,0.0,0
1966,0,1,4,4,10,True,215,8,11,2059,10.295,0
1967,0,1,5,4,10,False,108,15,2,3842,19.21,0
1968,0,1,4,4,10,False,101,1,85,341,1.705,0
1969,0,1,5,4,1,True,170,4,10,1034,5.17,0
1970,0,1,4,4,10,False,8,1,45,301,1.505,0
1971,0,1,26,0,0,False,0,0,0,0,0.0,0
1972,0,1,4,4,10,False,100,1,106,362,1.81,0
1973,0,1,11,1,8,False,0,0,0,0,0.0,0
1974,0,1,4,4,10,True,100,3,130,898,4.49,0
1975,0,1,5,4,10,False,9,14,44,3628,18.14,0
1976,0,1,4,4,10,False,247,1,223,479,2.395,0
1977,0,1,17,2,41,False,8,0,0,0,0.0,0
1978,0,1,4,4,10,True,247,1,186,442,2.21,0
1979,0,1,0,6,44,False,10,7,4,1796,8.98,50582
1980,0,1,4,4,10,False,214,1,36,292,1.46,0
1981,0,1,1,1,50,False,0,0,0,0,0.0,0
1982,0,1,4,4,10,False,64,1,195,451,2.255,0
1983,0,1,5,4,10,False,214,1,64,320,1.6,0
1984,0,1,4,4,10,False,185,4,84,1108,5.54,0
1985,0,1,4,4,10,False,41,1,133,389,1.945,0
1986,0,1,9,2,44,False,10,0,0,0,0.0,0
1987,0,1,4,4,10,False,168,2,72,584,2.92,0
1988,0,1,8,0,0,False,0,0,0,0,0.0,0
1989,0,1,4,4,10,False,236,0,96,96,0.48,0
1990,0,1,0,2,10,False,10,0,0,0,0.0,0
1991,0,1,4,4,10,True,86,11,91,2907,14.535,0
1992,0,1,13,5,11,False,180,9,4,2308,11.54,132
1993,0,1,4,4,10,False,176,3,31,799,3.995,0
1994,0,1,19,1,11,False,0,0,0,0,0.0,0
1995,0,1,4,4,10,False,224,2,22,534,2.67,0
1996,0,1,17,4,47,False,5,7,44,1836,9.18,0
1997,0,1,4,4,10,False,69,1,159,415,2.075,0
1998,0,1,1,2,21,False,5,0,0,0,0.0,0
1999,0,1,4,4,10,False,202,2,28,540,2.7,0
2000,0,1,16,1,44,False,0,0,0,0,0.0,0
2001,0,1,4,4,10,False,36,3,43,811,4.055,0
2002,0,1,1,2,10,False,196,0,0,0,0.0,0
2003,0,1,4,4,10,False,93,0,70,70,0.35,0
2004,0,1,1,2,47,True,52,0,0,0,0.0,0
2005,0,1,4,4,10,True,93,6,133,1669,8.345,0
2006,0,1,1,2,31,False,1,0,0,0,0.0,0
2007,0,1,4,4,10,False,106,2,24,536,2.68,0
2008,0,1,17,2,31,False,0,0,0,0,0.0,0
2009,0,1,4,4,10,False,200,5,112,1392,6.96,0
2010,0,1,11,7,22,False,10,12,10,3082,15.41,2903659
2011,0,1,4,4,10,True,204,5,37,1317,6.585,0
2012,0,1,1,2,8,True,0,0,0,0,0.0,0
2013,0,1,4,4,10,False,128,0,65,65,0.325,0
2014,0,1,27,7,52,False,10,8,2,2050,10.25,4384765
2015,0,1,4,4,10,False,222,2,94,606,3.03,0
2016,0,1,0,4,52,False,10,6,1,1537,7.685,0
2017,0,1,4,4,10,False,93,2,222,734,3.67,0
2018,0,1,23,4,10,True,60,10,44,2604,13.02,0
2019,0,1,4,4,10,False,205,1,42,298,1.49,0
2020,0,1,1,2,4,True,138,0,0,0,0.0,0
2021,0,1,4,4,10,False,118,0,107,107,0.535,0
2022,0,1,24,7,44,False,10,12,60,3132,15.66,248842
2023,0,1,4,4,10,False,11,1,130,386,1.93,0
2024,0,1,30,6,2,False,1,12,10,3082,15.41,11404
2025,0,1,4,4,10,False,106,4,218,1242,6.21,0
2026,0,1,1,2,5,False,1,0,0,0,0.0,0
2027,0,1,4,4,10,False,233,2,236,748,3.74,0
2028,0,1,31,2,10,True,88,0,0,0,0.0,0
2029,0,1,4,4,10,False,137,2,53,565,2.825,0
2030,0,1,8,3,44,False,93,3,0,768,3.84,0
2031,0,1,4,4,10,True,136,15,157,3997,19.985,0
2032,0,1,0,3,37,False,12,11,0,2816,14.08,0
2033,0,1,6,4,44,False,233,1,44,300,1.5,0
2034,0,1,4,4,10,False,120,1,208,464,2.32,0
2035,0,1,17,2,40,False,1,0,0,0,0.0,0
2036,0,1,4,4,10,True,252,2,119,631,3.155,0
2037,0,1,5,0,0,False,0,0,0,0,0.0,0
2038,0,1,4,4,10,False,37,2,244,756,3.78,0
2039,0,1,2,0,0,False,0,0,0,0,0.0,0
2040,0,1,4,4,10,False,184,2,97,609,3.045,0
2041,0,1,6,4,10,False,120,0,44,44,0.22,0
2042,0,1,4,4,10,False,223,3,139,907,4.535,0
2043,0,1,1,2,26,False,3,0,0,0,0.0,0
2044,0,1,4,4,10,False,14,1,54,310,1.55,0
2045,0,1,1,0,0,False,0,0,0,0,0.0,0
2046,0,1,4,4,10,True,14,6,91,1627,8.135,0
2047,0,1,14,7,53,True,10,12,138,3210,16.05,2886154
2048,0,1,4,4,10,False,42,1,177,433,2.165,0
2049,0,1,17,2,18,False,0,0,0,0,0.0,0
2050,0,1,4,4,10,False,118,2,163,675,3.375,0
2051,0,1,20,2,13,True,11,0,0,0,0.0,0
2052,0,1,4,4,10,True,118,4,28,1052,5.26,0
2053,0,1,17,2,48,False,1,0,0,0,0.0,0
2054,0,1,1,2,49,False,3,0,0,0,0.0,0
2055,0,1,17,2,49,False,1,0,0,0,0.0,0
2056,0,1,17,2,10,False,118,0,0,0,0.0,0
2057,0,1,4,4,10,False,253,2,26,538,2.69,0
2058,0,1,0,5,10,True,52,10,52,2612,13.06,10
2059,0,1,4,4,10,False,73,1,141,397,1.985,0
2060,0,1,31,6,0,False,96,12,10,3082,15.41,374
2061,0,1,4,4,10,False,120,1,184,440,2.2,0
2062,0,1,19,4,52,False,68,10,112,2672,13.36,0
2063,0,1,4,4,10,False,71,2,76,588,2.94,0
2064,0,1,0,2,52,False,68,0,0,0,0.0,0
2065,0,1,4,4,10,True,71,7,64,1856,9.28,0
2066,0,1,17,2,25,False,52,0,0,0,0.0,0
2067,0,1,4,4,10,False,100,0,75,75,0.375,0
2068,0,1,1,2,10,False,1,0,0,0,0.0,0
2069,0,1,4,4,10,True,100,0,57,57,0.285,0
2070,0,1,0,1,55,True,0,0,0,0,0.0,0
2071,0,1,4,4,10,False,3,0,96,96,0.48,0
2072,0,1,11,5,44,False,10,9,4,2308,11.54,135
2073,0,1,4,4,10,True,3,0,78,78,0.39,0
2074,0,1,8,4,10,False,79,2,54,566,2.83,0
2075,0,1,4,4,10,False,179,1,161,417,2.085,0
2076,0,1,8,4,10,False,110,0,93,93,0.465,0
2077,0,1,4,4,10,True,179,1,144,400,2.0,0
2078,0,1,5,4,10,False,71,10,17,2577,12.885,0
2079,0,1,4,4,10,False,9,2,36,548,2.74,0
2080,0,1,5,4,10,False,178,12,130,3202,16.01,0
2081,0,1,4,4,10,False,174,3,56,824,4.12,0
2082,0,1,5,4,10,False,186,0,8,8,0.04,0
2083,0,1,4,4,10,False,18,6,109,1645,8.225,0
2084,0,1,5,4,0,False,52,10,144,2704,13.52,0
2085,0,1,4,4,10,False,107,0,166,166,0.83,0
2086,0,1,0,4,32,False,52,10,99,2659,13.295,0
2087,0,1,4,4,10,False,12,0,174,174,0.87,0
2088,0,1,0,5,30,True,166,12,52,3124,15.62,10
2089,0,1,4,4,10,False,96,0,66,66,0.33,0
2090,0,1,24,2,2,False,125,0,0,0,0.0,0
2091,0,1,4,4,10,False,193,0,223,223,1.115,0
2092,0,1,16,1,4,False,0,0,0,0,0.0,0
2093,0,1,4,4,10,False,89,2,19,531,2.655,0
2094,0,1,5,4,44,False,138,9,181,2485,12.425,0
2095,0,1,4,4,10,True,89,10,1,2561,12.805,0
2096,0,1,5,4,57,True,44,10,95,2655,13.275,0
2097,0,1,4,4,10,False,243,1,204,460,2.3,0
2098,0,1,0,1,2,False,0,0,0,0,0.0,0
2099,0,1,4,4,10,True,243,1,185,441,2.205,0
2100,0,1,23,3,52,False,10,12,0,3072,15.36,0
2101,0,1,4,4,10,False,231,0,166,166,0.83,0
2102,0,1,5,4,10,False,138,10,15,2575,12.875,0
2103,0,1,4,4,10,False,59,2,234,746,3.73,0
2104,0,1,0,3,28,False,10,0,0,0,0.0,0
2105,0,1,4,4,10,False,186,1,254,510,2.55,0
2106,0,1,8,4,10,True,60,4,160,1184,5.92,0
2107,0,1,4,4,10,True,186,5,33,1313,6.565,0
2108,0,1,0,4,57,False,200,12,138,3210,16.05,0
2109,0,1,4,4,10,False,172,1,173,429,2.145,0
2110,0,1,6,6,0,False,44,10,153,2713,13.565,56577
2111,0,1,4,4,10,False,12,4,62,1086,5.43,0
2112,0,1,9,2,10,False,44,0,0,0,0.0,0
2113,0,1,4,4,10,False,109,2,16,528,2.64,0
2114,0,1,1,2,45,True,0,0,0,0,0.0,0
2115,0,1,4,4,10,True,109,5,217,1497,7.485,0
2116,0,1,19,4,3,False,10,2,5,517,2.585,0
2117,0,1,4,4,10,False,133,0,96,96,0.48,0
2118,0,1,24,7,4,False,131,14,11,3595,17.975,264823
2119,0,1,4,4,10,True,133,0,79,79,0.395,0
2120,0,1,3,1,44,False,0,0,0,0,0.0,0
2121,0,1,4,4,10,False,51,1,107,363,1.815,0
2122,0,1,1,2,0,True,0,0,0,0,0.0,0
2123,0,1,4,4,10,False,179,0,203,203,1.015,0
2124,0,1,19,4,51,False,0,3,1,769,3.845,0
2125,0,1,4,4,10,True,179,1,255,511,2.555,0
2126,0,1,15,0,0,False,0,0,0,0,0.0,0
2127,0,1,4,4,10,False,130,1,206,462,2.31,0
2128,0,1,5,4,10,False,173,0,105,105,0.525,0
2129,0,1,4,4,10,False,21,3,96,864,4.32,0
2130,0,1,4,4,10,False,122,6,93,1629,8.145,0
2131,0,1,3,7,44,False,10,6,1,1537,7.685,8926138
2132,0,1,4,4,10,False,206,2,162,674,3.37,0
2133,0,1,0,5,9,True,44,10,117,2677,13.385,0
2134,0,1,4,4,10,False,98,1,14,270,1.35,0
2135,0,1,5,4,10,False,206,4,152,1176,5.88,0
2136,0,1,4,4,10,True,98,11,22,2838,14.19,0
2137,0,1,1,2,0,False,116,0,0,0,0.0,0
2138,0,1,4,4,10,False,96,2,203,715,3.575,0
2139,0,1,24,3,4,False,10,0,0,0,0.0,0
2140,0,1,4,4,10,False,217,2,144,656,3.28,0
2141,0,1,8,4,10,True,102,3,24,792,3.96,0
2142,0,1,4,4,10,False,1,0,91,91,0.455,0
2143,0,1,8,2,7,False,153,0,0,0,0.0,0
2144,0,1,4,4,10,False,179,2,46,558,2.79,0
2145,0,1,23,5,4,False,66,6,8,1544,7.72,86
2146,0,1,4,4,10,True,179,7,68,1860,9.3,0
2147,0,1,5,4,10,False,144,0,87,87,0.435,0
2148,0,1,4,4,10,False,132,2,37,549,2.745,0
2149,0,1,0,4,10,True,144,8,48,2096,10.48,0
2150,0,1,4,4,10,True,13,2,66,578,2.89,0
2151,0,1,8,4,16,True,8,13,52,3380,16.9,0
2152,0,1,4,4,10,False,13,0,243,243,1.215,0
2153,0,1,1,2,10,False,131,0,0,0,0.0,0
2154,0,1,4,4,10,False,223,0,125,125,0.625,0
2155,0,1,0,4,8,False,44,2,52,564,2.82,0
2156,0,1,4,4,10,False,84,4,145,1169,5.845,0
2157,0,1,5,4,51,True,1,12,10,3082,15.41,0
2158,0,1,4,4,10,False,127,2,207,719,3.595,0
2159,0,1,0,6,44,False,10,10,1,2561,12.805,31259
2160,0,1,4,4,10,True,127,10,76,2636,13.18,0
2161,0,1,0,2,36,True,10,0,0,0,0.0,0
2162,0,1,4,4,10,False,146,3,181,949,4.745,0
2163,0,1,1,0,0,False,0,0,0,0,0.0,0
2164,0,1,4,4,10,False,231,3,14,782,3.91,0
2165,0,1,0,6,57,True,10,13,2,3330,16.65,397
2166,0,1,4,4,10,False,106,2,46,558,2.79,0
2167,0,1,13,5,44,False,10,8,2,2050,10.25,48
2168,0,1,4,4,10,False,106,2,64,576,2.88,0
2169,0,1,5,4,10,False,95,0,83,83,0.415,0
2170,0,1,4,4,10,False,63,1,43,299,1.495,0
2171,0,1,0,7,25,True,4,12,138,3210,16.05,14549599
2172,0,1,4,4,10,True,63,9,129,2433,12.165,0
2173,0,1,25,3,35,False,3,13,0,3328,16.64,0
2174,0,1,4,4,10,False,83,1,89,345,1.725,0
2175,0,1,14,5,8,False,10,10,7,2567,12.835,4
2176,0,1,4,4,10,False,178,0,100,100,0.5,0
2177,0,1,3,6,60,False,10,0,0,0,0.0,44897
2178,0,1,4,4,10,False,111,3,9,777,3.885,0
2179,0,1,17,2,0,False,0,0,0,0,0.0,0
2180,0,1,4,4,10,True,122,4,68,1092,5.46,0
2181,0,1,5,4,10,False,92,3,1,769,3.845,0
2182,0,1,4,4,10,False,37,1,42,298,1.49,0
2183,0,1,5,4,30,False,44,10,132,2692,13.46,0
2184,0,1,4,4,10,False,110,0,110,110,0.55,0
2185,0,1,4,4,10,False,23,1,97,353,1.765,0
2186,0,1,8,4,10,True,108,4,10,1034,5.17,0
2187,0,1,4,4,10,True,23,2,162,674,3.37,0
2188,0,1,1,2,10,False,5,0,0,0,0.0,0
2189,0,1,4,4,10,False,49,0,132,132,0.66,0
2190,0,1,4,4,10,False,92,1,47,303,1.515,0
2191,0,1,14,3,10,False,0,13,0,3328,16.64,0
2192,0,1,4,4,10,True,92,1,142,398,1.99,0
2193,0,1,6,4,44,False,15,12,138,3210,16.05,0
2194,0,1,4,4,10,False,10,0,198,198,0.99,0
2195,0,1,13,7,11,False,23,1,46,302,1.51,668714
2196,0,1,4,4,10,False,71,0,71,71,0.355,0
2197,0,1,5,7,4,False,10,1,1,257,1.285,76542
2198,0,1,4,4,10,False,103,3,103,871,4.355,0
2199,0,1,16,5,60,False,10,4,7,1031,5.155,80
2200,0,1,4,4,10,False,135,4,19,1043,5.215,0
2201,0,1,0,1,62,True,0,0,0,0,0.0,0
2202,0,1,4,4,10,False,70,0,163,163,0.815,0
2203,0,1,0,1,55,False,0,0,0,0,0.0,0
2204,0,1,4,4,10,False,201,1,252,508,2.54,0
2205,0,1,7,4,10,False,195,1,213,469,2.345,0
2206,0,1,4,4,10,False,36,1,119,375,1.875,0
2207,0,1,8,4,10,False,202,1,42,298,1.49,0
2208,0,1,4,4,10,False,153,0,110,110,0.55,0
2209,0,1,6,4,10,False,22,0,114,114,0.57,0
2210,0,1,4,4,10,False,17,2,76,588,2.94,0
2211,0,1,2,0,0,False,0,0,0,0,0.0,0
2212,0,1,4,4,10,False,130,1,239,495,2.475,0
2213,0,1,0,1,34,False,0,0,0,0,0.0,0
2214,0,1,4,4,10,False,230,0,211,211,1.055,0
2215,0,1,5,4,10,False,222,0,220,220,1.1,0
2216,0,1,4,4,10,False,96,2,53,565,2.825,0
2217,0,1,8,4,10,False,141,2,40,552,2.76,0
2218,0,1,4,4,10,False,218,4,0,1024,5.12,0
2219,0,1,3,4,10,False,95,1,192,448,2.24,0
2220,0,1,4,4,10,False,10,1,207,463,2.315,0
2221,0,1,0,3,26,True,2,15,0,3840,19.2,0
2222,0,1,4,4,10,True,10,2,134,646,3.23,0
2223,0,1,7,4,10,False,22,1,26,282,1.41,0
2224,0,1,4,4,10,False,56,2,174,686,3.43,0
2225,0,1,7,4,10,True,22,5,67,1347,6.735,0
2226,0,1,4,4,10,False,67,1,76,332,1.66,0
2227,0,1,2,7,26,True,68,12,10,3082,15.41,1181753
2228,0,1,4,4,10,False,5,1,135,391,1.955,0
2229,0,1,5,4,10,False,172,1,83,339,1.695,0
2230,0,1,4,4,10,False,107,0,218,218,1.09,0
2231,0,1,1,2,0,False,101,0,0,0,0.0,0
2232,0,1,4,4,10,False,47,1,26,282,1.41,0
2233,0,1,6,6,4,False,10,10,11,2571,12.855,58113
2234,0,1,4,4,10,True,200,7,197,1989,9.945,0
2235,0,1,5,4,10,False,42,0,96,96,0.48,0
2236,0,1,4,4,10,False,2,2,229,741,3.705,0
2237,0,1,5,4,41,True,68,12,10,3082,15.41,0
2238,0,1,4,4,10,False,160,0,178,178,0.89,0
2239,0,1,2,4,52,False,60,12,138,3210,16.05,0
2240,0,1,4,4,10,False,236,1,129,385,1.925,0
2241,0,1,2,4,44,False,10,0,1,1,0.005,0
2242,0,1,4,4,10,False,110,2,91,603,3.015,0
2243,0,1,22,5,6,False,224,12,44,3116,15.58,10
2244,0,1,4,4,10,False,255,3,44,812,4.06,0
2245,0,1,1,2,44,False,10,0,0,0,0.0,0
2246,0,1,4,4,10,True,255,0,227,227,1.135,0
2247,0,1,13,7,0,False,46,10,44,2604,13.02,2884874
2248,0,1,4,4,10,False,226,0,130,130,0.65,0
2249,0,1,17,2,20,False,4,0,0,0,0.0,0
2250,0,1,4,4,10,True,226,0,111,111,0.555,0
2251,0,1,8,1,11,False,0,0,0,0,0.0,0
2252,0,1,4,4,10,False,6,2,51,563,2.815,0
2253,0,1,30,4,0,False,98,10,0,2560,12.8,0
2254,0,1,4,4,10,False,33,0,188,188,0.94,0
2255,0,1,9,6,7,False,0,10,60,2620,13.1,8586
2256,0,1,4,4,10,False,161,1,168,424,2.12,0
2257,0,1,4,4,10,False,251,0,81,81,0.405,0
2258,0,1,12,6,19,True,148,13,183,3511,17.555,2628
2259,0,1,4,4,10,False,225,1,25,281,1.405,0
2260,0,1,3,1,0,False,0,0,0,0,0.0,0
2261,0,1,4,4,10,False,225,1,65,321,1.605,0
2262,0,1,11,6,4,False,10,4,2,1026,5.13,24426
2263,0,1,4,4,10,False,162,0,86,86,0.43,0
2264,0,1,1,2,33,False,0,0,0,0,0.0,0
2265,0,1,4,4,10,True,162,5,210,1490,7.45,0
2266,0,1,5,4,10,False,162,0,44,44,0.22,0
2267,0,1,4,4,10,False,174,3,128,896,4.48,0
2268,0,1,17,2,44,False,10,0,0,0,0.0,0
2269,0,1,4,4,10,True,174,3,56,824,4.12,0
2270,0,1,15,2,0,False,207,0,0,0,0.0,0
2271,0,1,4,4,10,False,52,3,223,991,4.955,0
2272,0,1,5,4,10,False,176,0,74,74,0.37,0
2273,0,1,4,4,10,True,154,5,17,1297,6.485,0
2274,0,1,5,4,10,False,241,1,40,296,1.48,0
2275,0,1,4,4,10,False,19,5,51,1331,6.655,0
2276,0,1,5,4,41,True,1,12,52,3124,15.62,0
2277,0,1,4,4,10,False,170,4,98,1122,5.61,0
2278,0,1,5,4,52,False,10,12,10,3082,15.41,0
2279,0,1,4,4,10,True,170,7,168,1960,9.8,0
2280,0,1,13,2,10,False,3,0,0,0,0.0,0
2281,0,1,4,4,10,False,222,4,112,1136,5.68,0
2282,0,1,1,7,52,False,10,4,7,1031,5.155,14156533
2283,0,1,4,4,10,False,96,1,205,461,2.305,0
2284,0,1,8,4,1,False,221,1,47,303,1.515,0
2285,0,1,4,4,10,False,251,0,149,149,0.745,0
2286,0,1,5,4,10,False,69,3,254,1022,5.11,0
2287,0,1,4,4,10,False,47,0,114,114,0.57,0
2288,0,1,5,4,10,True,164,10,119,2679,13.395,0
2289,0,1,4,4,10,False,253,0,242,242,1.21,0
2290,0,1,5,4,3,False,99,4,10,1034,5.17,0
2291,0,1,4,4,10,False,120,3,198,966,4.83,0
2292,0,1,5,4,52,False,10,12,10,3082,15.41,0
2293,0,1,4,4,10,False,204,3,180,948,4.74,0
2294,0,1,0,3,46,True,0,9,0,2304,11.52,0
2295,0,1,4,4,10,False,54,1,104,360,1.8,0
2296,0,1,0,4,8,True,203,4,38,1062,5.31,0
2297,0,1,4,4,10,False,188,2,168,680,3.4,0
2298,0,1,1,2,1,False,85,0,0,0,0.0,0
2299,0,1,4,4,10,False,19,4,17,1041,5.205,0
2300,0,1,25,7,52,False,10,12,10,3082,15.41,10685069
2301,0,1,4,4,10,False,159,4,158,1182,5.91,0
2302,0,1,0,7,62,True,2,12,10,3082,15.41,55124
2303,0,1,4,4,10,False,62,2,153,665,3.325,0
2304,0,1,29,3,4,False,10,12,0,3072,15.36,0
2305,0,1,4,4,10,False,189,1,230,486,2.43,0
2306,0,1,1,2,32,True,76,0,0,0,0.0,0
2307,0,1,4,4,10,True,80,14,39,3623,18.115,0
2308,0,1,0,3,59,True,2,0,0,0,0.0,0
2309,0,1,4,4,10,False,181,2,128,640,3.2,0
2310,0,1,21,6,10,False,0,8,4,2052,10.26,20490
2311,0,1,4,4,10,False,226,0,82,82,0.41,0
2312,0,1,4,4,10,False,73,0,204,204,1.02,0
2313,0,1,11,4,60,False,10,10,0,2560,12.8,0
2314,0,1,4,4,10,True,73,2,110,622,3.11,0
2315,0,1,14,3,44,False,10,15,0,3840,19.2,0
2316,0,1,4,4,10,False,79,0,232,232,1.16,0
2317,0,1,0,1,19,True,0,0,0,0,0.0,0
2318,0,1,4,4,10,False,216,1,175,431,2.155,0
2319,0,1,9,1,2,False,0,0,0,0,0.0,0
2320,0,1,4,4,10,True,216,2,98,610,3.05,0
2321,0,1,3,4,35,False,79,0,175,175,0.875,0
2322,0,1,4,4,10,False,149,2,81,593,2.965,0
2323,0,1,5,4,34,False,3,3,44,812,4.06,0
2324,0,1,4,4,10,False,0,1,38,294,1.47,0
2325,0,1,17,2,23,True,3,0,0,0,0.0,0
2326,0,1,4,4,10,False,107,1,163,419,2.095,0
2327,0,1,6,1,44,False,0,0,0,0,0.0,0
2328,0,1,4,4,10,False,178,3,165,933,4.665,0
2329,0,1,1,2,10,False,52,0,0,0,0.0,0
2330,0,1,4,4,10,True,178,8,62,2110,10.55,0
2331,0,1,1,2,42,False,0,0,0,0,0.0,0
2332,0,1,4,4,10,False,136,2,230,742,3.71,0
2333,0,1,5,4,10,False,212,12,138,3210,16.05,0
2334,0,1,4,4,10,False,193,0,226,226,1.13,0
2335,0,1,27,7,27,True,0,12,60,3132,15.66,129546
2336,0,1,4,4,10,True,193,3,146,914,4.57,0
2337,0,1,7,1,44,False,0,0,0,0,0.0,0
2338,0,1,4,4,10,False,254,4,92,1116,5.58,0
2339,0,1,1,2,1,True,0,0,0,0,0.0,0
2340,0,1,4,4,10,True,254,4,4,1028,5.14,0
2341,0,1,11,6,44,False,138,4,3,1027,5.135,13321
2342,0,1,4,4,10,False,232,0,200,200,1.0,0
2343,0,1,1,2,7,True,1,0,0,0,0.0,0
2344,0,1,4,4,10,False,93,2,145,657,3.285,0
2345,0,1,16,6,44,False,10,1,0,256,1.28,13400
2346,0,1,4,4,10,False,173,0,112,112,0.56,0
2347,0,1,8,4,10,False,202,1,44,300,1.5,0
2348,0,1,4,4,10,False,18,1,223,479,2.395,0
2349,0,1,17,2,2,False,117,0,0,0,0.0,0
2350,0,1,4,4,10,False,151,3,181,949,4.745,0
2351,0,1,8,2,44,False,10,0,0,0,0.0,0
2352,0,1,4,4,10,False,208,2,155,667,3.335,0
2353,0,1,22,7,52,False,10,6,0,1536,7.68,13634117
2354,0,1,4,4,10,False,100,1,151,407,2.035,0
2355,0,1,0,4,24,False,177,4,44,1068,5.34,0
2356,0,1,4,4,10,True,104,12,37,3109,15.545,0
2357,0,1,1,2,6,False,44,0,0,0,0.0,0
2358,0,1,4,4,10,False,118,2,26,538,2.69,0
2359,0,1,17,2,42,False,5,0,0,0,0.0,0
2360,0,1,4,4,10,False,237,1,129,385,1.925,0
2361,0,1,0,1,28,False,0,0,0,0,0.0,0
2362,0,1,4,4,10,False,32,2,20,532,2.66,0
2363,0,1,5,4,10,False,111,1,156,412,2.06,0
2364,0,1,4,4,10,True,37,5,62,1342,6.71,0
2365,0,1,6,4,10,False,38,2,29,541,2.705,0
2366,0,1,4,4,10,False,72,0,211,211,1.055,0
2367,0,1,6,4,10,True,38,3,109,877,4.385,0
2368,0,1,4,4,10,True,72,0,193,193,0.965,0
2369,0,1,6,4,10,False,73,0,81,81,0.405,0
2370,0,1,4,4,10,False,39,2,147,659,3.295,0
2371,0,1,6,4,10,True,73,0,60,60,0.3,0
2372,0,1,4,4,10,True,39,2,130,642,3.21,0
2373,0,1,6,4,10,False,40,2,140,652,3.26,0
2374,0,1,4,4,10,False,220,3,61,829,4.145,0
2375,0,1,6,4,10,True,40,2,120,632,3.16,0
2376,0,1,4,4,10,False,49,0,123,123,0.615,0
2377,0,1,19,5,44,False,10,6,2,1538,7.69,4
2378,0,1,4,4,10,False,117,0,60,60,0.3,0
2379,0,1,5,4,10,False,48,1,67,323,1.615,0
2380,0,1,4,4,10,False,88,0,94,94,0.47,0
2381,0,1,23,5,44,False,10,0,0,0,0.0,95
2382,0,1,4,4,10,False,151,1,72,328,1.64,0
2383,0,1,6,4,44,False,10,15,0,3840,19.2,0
2384,0,1,4,4,10,False,109,4,114,1138,5.69,0
2385,0,1,20,6,44,False,10,4,0,1024,5.12,37689
2386,0,1,4,4,10,False,124,0,194,194,0.97,0
2387,0,1,9,3,0,True,44,10,0,2560,12.8,0
2388,0,1,4,4,10,True,124,9,150,2454,12.27,0
2389,0,1,8,3,1,False,45,12,0,3072,15.36,0
2390,0,1,4,4,10,False,169,1,235,491,2.455,0
2391,0,1,1,2,23,True,5,0,0,0,0.0,0
2392,0,1,4,4,10,False,228,0,99,99,0.495,0
2393,0,1,19,0,0,False,0,0,0,0,0.0,0
2394,0,1,4,4,10,True,94,3,172,940,4.7,0
2395,0,1,5,4,10,True,10,8,9,2057,10.285,0
2396,0,1,4,4,10,False,94,1,176,432,2.16,0
2397,0,1,10,0,0,False,0,0,0,0,0.0,0
2398,0,1,4,4,10,False,48,3,148,916,4.58,0
2399,0,1,5,4,10,True,169,1,58,314,1.57,0
2400,0,1,4,4,10,False,83,0,180,180,0.9,0
2401,0,1,1,2,52,False,10,0,0,0,0.0,0
2402,0,1,4,4,10,False,224,4,147,1171,5.855,0
2403,0,1,10,4,0,False,146,4,243,1267,6.335,0
2404,0,1,4,4,10,False,251,2,146,658,3.29,0
2405,0,1,7,4,0,False,155,4,118,1142,5.71,0
2406,0,1,4,4,10,False,155,0,175,175,0.875,0
2407,0,1,7,4,1,False,226,1,133,389,1.945,0
2408,0,1,4,4,10,False,234,2,215,727,3.635,0
2409,0,1,5,4,1,False,68,10,224,2784,13.92,0
2410,0,1,4,4,10,False,82,0,166,166,0.83,0
2411,0,1,5,4,10,False,80,1,218,474,2.37,0
2412,0,1,4,4,10,False,23,0,170,170,0.85,0
2413,0,1,5,4,10,False,201,5,129,1409,7.045,0
2414,0,1,4,4,10,False,123,2,228,740,3.7,0
2415,0,1,5,4,2,False,112,12,10,3082,15.41,0
2416,0,1,4,4,10,False,242,5,91,1371,6.855,0
2417,0,1,13,6,44,False,10,11,1,2817,14.085,2757
2418,0,1,4,4,10,False,112,2,12,524,2.62,0
2419,0,1,29,5,0,False,112,2,44,556,2.78,252
2420,0,1,4,4,10,False,132,3,3,771,3.855,0
2421,0,1,10,2,0,False,248,0,0,0,0.0,0
2422,0,1,4,4,10,False,9,0,86,86,0.43,0
2423,0,1,5,4,10,False,111,12,138,3210,16.05,0
2424,0,1,4,4,10,False,210,2,56,568,2.84,0
2425,0,1,13,7,44,False,10,4,0,1024,5.12,666721
2426,0,1,4,4,10,False,86,2,194,706,3.53,0
2427,0,1,27,0,0,False,0,0,0,0,0.0,0
2428,0,1,4,4,10,False,27,6,186,1722,8.61,0
2429,0,1,0,1,46,False,0,0,0,0,0.0,0
2430,0,1,4,4,10,False,27,8,15,2063,10.315,0
2431,0,1,1,2,35,False,68,0,0,0,0.0,0
2432,0,1,4,4,10,False,195,1,235,491,2.455,0
2433,0,1,1,2,1,False,240,0,0,0,0.0,0
2434,0,1,4,4,10,False,195,3,73,841,4.205,0
2435,0,1,3,3,1,False,175,10,0,2560,12.8,0
2436,0,1,4,4,10,False,130,0,234,234,1.17,0
2437,0,1,4,4,10,False,189,4,137,1161,5.805,0
2438,0,1,22,5,2,False,79,4,82,1106,5.53,101
2439,0,1,4,4,10,False,0,0,205,205,1.025,0
2440,0,1,6,2,44,False,10,0,0,0,0.0,0
2441,0,1,4,4,10,False,128,0,135,135,0.675,0
2442,0,1,23,5,5,False,174,3,13,781,3.905,116
2443,0,1,4,4,10,True,128,9,43,2347,11.735,0
2444,0,1,8,4,10,False,39,5,42,1322,6.61,0
2445,0,1,4,4,10,False,79,0,70,70,0.35,0
2446,0,1,7,4,10,False,189,2,219,731,3.655,0
2447,0,1,4,4,10,False,184,1,137,393,1.965,0
2448,0,1,5,4,29,True,2,12,138,3210,16.05,0
2449,0,1,4,4,10,True,194,1,134,390,1.95,0
2450,0,1,5,4,49,True,6,13,0,3328,16.64,0
2451,0,1,4,4,10,False,211,1,64,320,1.6,0
2452,0,1,5,4,4,False,138,12,10,3082,15.41,0
2453,0,1,4,4,10,True,71,3,1,769,3.845,0
2454,0,1,5,4,52,False,44,10,153,2713,13.565,0
2455,0,1,4,4,10,False,127,3,165,933,4.665,0
2456,0,1,0,2,10,False,86,0,0,0,0.0,0
2457,0,1,4,4,10,False,4,2,133,645,3.225,0
2458,0,1,0,2,47,True,251,0,0,0,0.0,0
2459,0,1,4,4,10,False,94,1,157,413,2.065,0
2460,0,1,16,0,0,False,0,0,0,0,0.0,0
2461,0,1,4,4,10,False,205,1,140,396,1.98,0
2462,0,1,0,1,60,False,0,0,0,0,0.0,0
2463,0,1,4,4,10,True,205,6,219,1755,8.775,0
2464,0,1,5,4,10,False,4,4,159,1183,5.915,0
2465,0,1,4,4,10,False,135,0,202,202,1.01,0
2466,0,1,31,2,4,False,5,0,0,0,0.0,0
2467,0,1,4,4,10,False,1,3,63,831,4.155,0
2468,0,1,6,4,10,False,205,4,52,1076,5.38,0
2469,0,1,4,4,10,False,108,3,21,789,3.945,0
2470,0,1,1,2,17,True,1,0,0,0,0.0,0
2471,0,1,4,4,10,False,144,2,180,692,3.46,0
2472,0,1,20,7,8,False,44,10,175,2735,13.675,3457029
2473,0,1,4,4,10,False,41,1,136,392,1.96,0
2474,0,1,0,1,52,False,0,0,0,0,0.0,0
2475,0,1,4,4,10,False,169,2,74,586,2.93,0
2476,0,1,1,2,43,False,44,0,0,0,0.0,0
2477,0,1,4,4,10,False,2,1,87,343,1.715,0
2478,0,1,17,2,52,False,10,0,0,0,0.0,0
2479,0,1,4,4,10,False,113,2,131,643,3.215,0
2480,0,1,21,2,1,False,199,0,0,0,0.0,0
2481,0,1,4,4,10,False,205,4,36,1060,5.3,0
2482,0,1,5,4,10,False,2,15,230,4070,20.35,0
2483,0,1,4,4,10,True,205,1,211,467,2.335,0
2484,0,1,5,4,1,False,112,12,10,3082,15.41,0
2485,0,1,4,4,10,False,156,1,122,378,1.89,0
2486,0,1,25,5,44,False,138,13,3,3331,16.655,123
2487,0,1,4,4,10,False,175,0,206,206,1.03,0
2488,0,1,4,4,10,False,119,4,48,1072,5.36,0
2489,0,1,14,4,52,False,138,12,52,3124,15.62,0
2490,0,1,4,4,10,False,252,1,252,508,2.54,0
2491,0,1,26,5,4,False,1,1,204,460,2.3,60
2492,0,1,4,4,10,False,81,6,30,1566,7.83,0
2493,0,1,25,6,1,False,13,4,99,1123,5.615,1092
2494,0,1,4,4,10,False,203,2,48,560,2.8,0
2495,0,1,2,0,0,False,0,0,0,0,0.0,0
2496,0,1,4,4,10,False,85,1,163,419,2.095,0
2497,0,1,1,2,16,False,60,0,0,0,0.0,0
2498,0,1,4,4,10,True,191,0,105,105,0.525,0
2499,0,1,5,4,10,False,10,10,60,2620,13.1,0
2500,0,1,4,4,10,False,46,3,147,915,4.575,0
2501,0,1,17,2,39,True,9,0,0,0,0.0,0
2502,0,1,4,4,10,False,100,5,216,1496,7.48,0
2503,0,1,6,0,0,False,0,0,0,0,0.0,0
2504,0,1,4,4,10,False,247,0,220,220,1.1,0
2505,0,1,9,0,0,False,0,0,0,0,0.0,0
2506,0,1,4,4,10,False,61,2,220,732,3.66,0
2507,0,1,0,3,25,True,2,4,0,1024,5.12,0
2508,0,1,4,4,10,True,61,7,221,2013,10.065,0
2509,0,1,0,3,10,False,36,1,0,256,1.28,0
2510,0,1,4,4,10,False,231,1,118,374,1.87,0
2511,0,1,0,2,49,True,0,0,0,0,0.0,0
2512,0,1,4,4,10,False,90,2,61,573,2.865,0
2513,0,1,20,6,4,False,10,6,0,1536,7.68,11464
2514,0,1,4,4,10,True,90,3,106,874,4.37,0
2515,0,1,1,2,22,False,1,0,0,0,0.0,0
2516,0,1,19,5,60,False,160,11,3,2819,14.095,82
2517,0,1,4,4,10,False,151,1,73,329,1.645,0
2518,0,1,7,4,26,False,4,6,182,1718,8.59,0
2519,0,1,4,4,10,False,205,0,156,156,0.78,0
2520,0,1,7,4,10,False,152,1,189,445,2.225,0
2521,0,1,4,4,10,True,205,1,174,430,2.15,0
2522,0,1,31,1,39,True,0,0,0,0,0.0,0
2523,0,1,4,4,10,True,203,2,85,597,2.985,0
2524,0,1,11,2,3,False,52,0,0,0,0.0,0
2525,0,1,4,4,10,False,22,2,239,751,3.755,0
2526,0,1,1,2,0,False,86,0,0,0,0.0,0
2527,0,1,4,4,10,False,123,0,100,100,0.5,0
2528,0,1,12,6,0,False,66,12,10,3082,15.41,11286
2529,0,1,4,4,10,True,123,0,194,194,0.97,0
2530,0,1,17,2,32,False,1,0,0,0,0.0,0
2531,0,1,4,4,10,False,90,1,61,317,1.585,0
2532,0,1,26,4,35,True,68,10,5,2565,12.825,0
2533,0,1,4,4,10,False,131,0,252,252,1.26,0
2534,0,1,11,0,0,False,0,0,0,0,0.0,0
2535,0,1,4,4,10,False,65,1,114,370,1.85,0
2536,0,1,4,4,10,False,140,0,70,70,0.35,0
2537,0,1,10,4,2,False,52,10,97,2657,13.285,0
2538,0,1,4,4,10,True,140,3,99,867,4.335,0
2539,0,1,14,2,10,True,220,0,0,0,0.0,0
2540,0,1,4,4,10,False,6,0,138,138,0.69,0
2541,0,1,0,1,11,False,0,0,0,0,0.0,0
2542,0,1,4,4,10,False,116,2,105,617,3.085,0
2543,0,1,0,4,14,False,0,12,10,3082,15.41,0
2544,0,1,4,4,10,False,244,2,239,751,3.755,0
2545,0,1,2,5,4,False,60,12,10,3082,15.41,64
2546,0,1,4,4,10,False,40,1,26,282,1.41,0
2547,0,1,6,4,10,False,44,10,221,2781,13.905,0
2548,0,1,4,4,10,False,178,0,105,105,0.525,0
2549,0,1,0,1,3,False,0,0,0,0,0.0,0
2550,0,1,4,4,10,False,39,0,65,65,0.325,0
2551,0,1,9,2,3,True,69,0,0,0,0.0,0
2552,0,1,4,4,10,False,170,1,94,350,1.75,0
2553,0,1,5,4,10,False,63,0,65,65,0.325,0
2554,0,1,4,4,10,False,47,2,32,544,2.72,0
2555,0,1,6,4,10,True,60,0,44,44,0.22,0
2556,0,1,4,4,10,False,137,4,105,1129,5.645,0
2557,0,1,29,1,43,False,0,0,0,0,0.0,0
2558,0,1,4,4,10,False,61,2,236,748,3.74,0
2559,0,1,0,1,52,False,0,0,0,0,0.0,0
2560,0,1,4,4,10,True,61,14,238,3822,19.11,0
2561,0,1,5,4,10,False,0,12,3,3075,15.375,0
2562,0,1,1,3,18,False,3,1,0,256,1.28,0
2563,0,1,4,4,10,False,11,1,84,340,1.7,0
2564,0,1,8,4,10,False,176,2,76,588,2.94,0
2565,0,1,4,4,10,True,11,1,67,323,1.615,0
2566,0,1,6,4,38,False,0,14,143,3727,18.635,0
2567,0,1,4,4,10,False,254,0,154,154,0.77,0
2568,0,1,17,2,10,False,44,0,0,0,0.0,0
2569,0,1,4,4,10,False,102,1,24,280,1.4,0
2570,0,1,17,2,37,False,0,0,0,0,0.0,0
2571,0,1,4,4,10,True,102,1,124,380,1.9,0
2572,0,1,31,4,0,False,176,6,60,1596,7.98,0
2573,0,1,4,4,10,False,29,0,52,52,0.26,0
2574,0,1,1,2,60,False,138,0,0,0,0.0,0
2575,0,1,4,4,10,True,172,0,72,72,0.36,0
2576,0,1,6,4,44,False,10,3,44,812,4.06,0
2577,0,1,4,4,10,False,172,1,93,349,1.745,0
2578,0,1,17,2,45,False,0,0,0,0,0.0,0
2579,0,1,4,4,10,True,182,1,94,350,1.75,0
2580,0,1,1,3,1,False,1,2,0,512,2.56,0
2581,0,1,4,4,10,False,191,3,49,817,4.085,0
2582,0,1,6,4,43,False,2,10,161,2721,13.605,0
2583,0,1,4,4,10,False,47,0,68,68,0.34,0
2584,0,1,0,2,3,False,119,0,0,0,0.0,0
2585,0,1,4,4,10,False,179,0,255,255,1.275,0
2586,0,1,10,6,43,False,186,10,226,2786,13.93,2562
2587,0,1,4,4,10,False,12,1,129,385,1.925,0
2588,0,1,25,4,0,False,127,10,152,2712,13.56,0
2589,0,1,4,4,10,False,197,1,238,494,2.47,0
2590,0,1,0,6,10,False,93,3,44,812,4.06,58890
2591,0,1,4,4,10,False,32,0,167,167,0.835,0
2592,0,1,6,4,10,False,44,10,220,2780,13.9,0
2593,0,1,4,4,10,False,116,1,230,486,2.43,0
2594,0,1,0,2,10,False,123,0,0,0,0.0,0
2595,0,1,4,4,10,False,84,1,171,427,2.135,0
2596,0,1,5,4,10,False,116,10,44,2604,13.02,0
2597,0,1,4,4,10,False,99,0,119,119,0.595,0
2598,0,1,1,2,59,True,44,0,0,0,0.0,0
2599,0,1,4,4,10,False,23,0,115,115,0.575,0
2600,0,1,1,2,20,False,3,0,0,0,0.0,0
2601,0,1,4,4,10,False,119,0,199,199,0.995,0
2602,0,1,0,6,44,False,138,0,0,0,0.0,11333
2603,0,1,4,4,10,False,209,2,138,650,3.25,0
2604,0,1,1,2,50,True,0,0,0,0,0.0,0
2605,0,1,4,4,10,False,118,2,213,725,3.625,0
2606,0,1,28,6,52,False,10,6,0,1536,7.68,11457
2607,0,1,4,4,10,True,196,2,133,645,3.225,0
2608,0,1,1,2,6,False,1,0,0,0,0.0,0
2609,0,1,4,4,10,False,196,1,50,306,1.53,0
2610,0,1,1,6,60,False,10,4,2,1026,5.13,11505
2611,0,1,4,4,10,False,171,1,248,504,2.52,0
2612,0,1,1,2,36,True,2,0,0,0,0.0,0
2613,0,1,4,4,10,False,220,4,227,1251,6.255,0
2614,0,1,11,5,43,False,227,1,188,444,2.22,73
2615,0,1,4,4,10,False,135,1,82,338,1.69,0
2616,0,1,16,4,36,False,60,4,10,1034,5.17,0
2617,0,1,4,4,10,False,21,0,239,239,1.195,0
2618,0,1,0,5,52,False,138,4,10,1034,5.17,59
2619,0,1,4,4,10,False,117,3,47,815,4.075,0
2620,0,1,0,7,10,False,122,11,35,2851,14.255,10289546
2621,0,1,4,4,10,False,254,2,240,752,3.76,0
2622,0,1,1,2,28,True,2,0,0,0,0.0,0
2623,0,1,4,4,10,False,184,2,55,567,2.835,0
2624,0,1,5,4,10,False,7,13,52,3380,16.9,0
2625,0,1,4,4,10,True,184,13,105,3433,17.165,0
2626,0,1,5,4,10,False,51,12,10,3082,15.41,0
2627,0,1,4,4,10,False,117,1,91,347,1.735,0
2628,0,1,25,5,10,False,107,2,9,521,2.605,44
2629,0,1,4,4,10,False,47,0,181,181,0.905,0
2630,0,1,31,1,10,False,0,0,0,0,0.0,0
2631,0,1,4,4,10,False,133,2,175,687,3.435,0
2632,0,1,6,4,10,False,75,4,2,1026,5.13,0
2633,0,1,4,4,10,False,238,1,90,346,1.73,0
2634,0,1,27,2,9,True,60,0,0,0,0.0,0
2635,0,1,4,4,10,True,238,5,154,1434,7.17,0
2636,0,1,6,4,10,False,3,2,10,522,2.61,0
2637,0,1,7,4,24,False,59,4,10,1034,5.17,0
2638,0,1,7,4,1,False,14,5,36,1316,6.58,0
2639,0,1,4,4,10,False,91,0,99,99,0.495,0
2640,0,1,5,7,10,True,47,0,60,60,0.3,26122
2641,0,1,4,4,10,False,213,1,187,443,2.215,0
2642,0,1,7,6,10,False,124,9,44,2348,11.74,2570
2643,0,1,4,4,10,False,36,3,233,1001,5.005,0
2644,0,1,8,4,60,False,10,13,44,3372,16.86,0
2645,0,1,4,4,10,False,142,1,94,350,1.75,0
2646,0,1,1,2,10,False,75,0,0,0,0.0,0
2647,0,1,4,4,10,False,254,0,82,82,0.41,0
2648,0,1,4,4,10,False,141,1,54,310,1.55,0
2649,0,1,5,2,36,False,4,0,0,0,0.0,0
2650,0,1,4,4,10,True,141,6,144,1680,8.4,0
2651,0,1,5,5,4,False,10,1,48,304,1.52,176
2652,0,1,4,4,10,False,80,2,228,740,3.7,0
2653,0,1,9,3,1,False,125,4,0,1024,5.12,0
2654,0,1,4,4,10,False,246,2,83,595,2.975,0
2655,0,1,5,4,10,False,1,12,10,3082,15.41,0
2656,0,1,4,4,10,False,95,2,113,625,3.125,0
2657,0,1,14,6,1,False,128,12,10,3082,15.41,2764
2658,0,1,4,4,10,True,106,6,238,1774,8.87,0
2659,0,1,14,4,44,False,10,10,2,2562,12.81,0
2660,0,1,4,4,10,False,22,7,155,1947,9.735,0
2661,0,1,2,1,44,False,0,0,0,0,0.0,0
2662,0,1,4,4,10,False,114,1,179,435,2.175,0
2663,0,1,17,2,42,False,6,0,0,0,0.0,0
2664,0,1,4,4,10,True,114,8,84,2132,10.66,0
2665,0,1,19,2,10,False,27,0,0,0,0.0,0
2666,0,1,0,6,46,False,44,10,17,2577,12.885,59146
2667,0,1,4,4,10,True,205,2,142,654,3.27,0
2668,0,1,5,4,10,True,114,1,122,378,1.89,0
2669,0,1,4,4,10,False,145,3,220,988,4.94,0
2670,0,1,8,4,50,False,1,4,10,1034,5.17,0
2671,0,1,4,4,10,False,216,2,19,531,2.655,0
2672,0,1,3,0,0,False,0,0,0,0,0.0,0
2673,0,1,4,4,10,False,36,2,164,676,3.38,0
2674,0,1,8,4,21,False,52,10,188,2748,13.74,0
2675,0,1,4,4,10,True,36,5,89,1369,6.845,0
2676,0,1,4,4,10,False,41,0,3,3,0.015,0
2677,0,1,4,4,10,False,231,0,220,220,1.1,0
2678,0,1,13,3,1,False,118,7,0,1792,8.96,0
2679,0,1,4,4,10,True,231,0,201,201,1.005,0
2680,0,1,0,2,10,True,44,0,0,0,0.0,0
2681,0,1,1,2,40,True,0,0,0,0,0.0,0
2682,0,1,5,4,10,True,232,0,63,63,0.315,0
2683,0,1,0,2,24,True,10,0,0,0,0.0,0
2684,0,1,4,4,10,False,171,0,158,158,0.79,0
2685,0,1,5,5,2,False,181,0,2,2,0.01,66
2686,0,1,4,4,10,False,222,1,86,342,1.71,0
2687,0,1,26,4,44,False,10,11,0,2816,14.08,0
2688,0,1,4,4,10,False,31,0,82,82,0.41,0
2689,0,1,22,0,0,False,0,0,0,0,0.0,0
2690,0,1,4,4,10,False,242,1,180,436,2.18,0
2691,0,1,5,4,10,False,222,0,115,115,0.575,0
2692,0,1,4,4,10,True,77,4,194,1218,6.09,0
2693,0,1,5,4,50,False,171,0,52,52,0.26,0
2694,0,1,4,4,10,False,197,2,129,641,3.205,0
2695,0,1,1,2,0,False,235,0,0,0,0.0,0
2696,0,1,4,4,10,False,70,1,102,358,1.79,0
2697,0,1,27,6,0,False,0,10,77,2637,13.185,44547
2698,0,1,4,4,10,False,142,4,187,1211,6.055,0
2699,0,1,5,4,10,False,63,1,121,377,1.885,0
2700,0,1,4,4,10,False,34,2,153,665,3.325,0
2701,0,1,21,5,44,False,10,14,2,3586,17.93,194
2702,0,1,4,4,10,True,34,8,122,2170,10.85,0
2703,0,1,5,4,10,False,249,0,81,81,0.405,0
2704,0,1,4,4,10,False,92,1,180,436,2.18,0
2705,0,1,27,3,57,True,8,7,0,1792,8.96,0
2706,0,1,4,4,10,False,182,2,49,561,2.805,0
2707,0,1,0,4,27,False,149,0,91,91,0.455,0
2708,0,1,4,4,10,False,58,1,217,473,2.365,0
2709,0,1,0,4,10,False,212,1,156,412,2.06,0
2710,0,1,4,4,10,False,121,3,60,828,4.14,0
2711,0,1,8,4,10,True,212,1,175,431,2.155,0
2712,0,1,4,4,10,False,238,2,181,693,3.465,0
2713,0,1,17,2,4,False,30,0,0,0,0.0,0
2714,0,1,4,4,10,False,126,2,158,670,3.35,0
2715,0,1,6,4,10,False,30,0,116,116,0.58,0
2716,0,1,4,4,10,False,226,0,165,165,0.825,0
2717,0,1,0,1,2,False,0,0,0,0,0.0,0
2718,0,1,4,4,10,False,70,2,64,576,2.88,0
2719,0,1,8,4,10,False,183,1,77,333,1.665,0
2720,0,1,4,4,10,True,80,13,132,3460,17.3,0
2721,0,1,7,4,10,True,196,0,56,56,0.28,0
2722,0,1,4,4,10,False,47,0,180,180,0.9,0
2723,0,1,7,4,10,False,245,0,70,70,0.35,0
2724,0,1,4,4,10,True,195,1,86,342,1.71,0
2725,0,1,19,6,17,True,44,10,48,2608,13.04,50944
2726,0,1,4,4,10,False,190,1,205,461,2.305,0
2727,0,1,5,4,10,False,217,1,11,267,1.335,0
2728,0,1,4,4,10,False,134,1,244,500,2.5,0
2729,0,1,1,7,10,False,245,12,10,3082,15.41,85325
2730,0,1,4,4,10,False,47,0,95,95,0.475,0
2731,0,1,20,1,10,False,0,0,0,0,0.0,0
2732,0,1,4,4,10,False,153,1,94,350,1.75,0
2733,0,1,6,4,10,False,217,4,68,1092,5.46,0
2734,0,1,4,4,10,True,153,5,142,1422,7.11,0
2735,0,1,0,5,33,True,0,10,10,2570,12.85,10
2736,0,1,4,4,10,False,200,0,199,199,0.995,0
2737,0,1,1,2,6,True,52,0,0,0,0.0,0
2738,0,1,4,4,10,False,78,3,115,883,4.415,0
2739,0,1,1,2,25,False,3,0,0,0,0.0,0
2740,0,1,4,4,10,False,183,0,192,192,0.96,0
2741,0,1,19,2,1,False,61,0,0,0,0.0,0
2742,0,1,4,4,10,False,1,2,58,570,2.85,0
2743,0,1,6,4,10,False,159,0,89,89,0.445,0
2744,0,1,4,4,10,False,118,0,255,255,1.275,0
2745,0,1,6,4,10,False,247,2,216,728,3.64,0
2746,0,1,4,4,10,False,159,1,108,364,1.82,0
2747,0,1,7,4,10,False,118,0,71,71,0.355,0
2748,0,1,4,4,10,False,46,2,158,670,3.35,0
2749,0,1,28,5,44,False,10,15,0,3840,19.2,104
2750,0,1,4,4,10,False,200,1,131,387,1.935,0
2751,0,1,5,4,10,True,239,3,71,839,4.195,0
2752,0,1,4,4,10,False,40,0,118,118,0.59,0
2753,0,1,6,4,10,False,208,0,87,87,0.435,0
2754,0,1,4,4,10,False,240,0,234,234,1.17,0
2755,0,1,0,2,0,False,75,0,0,0,0.0,0
2756,0,1,4,4,10,False,121,3,19,787,3.935,0
2757,0,1,20,0,0,False,0,0,0,0,0.0,0
2758,0,1,4,4,10,True,217,1,12,268,1.34,0
2759,0,1,5,4,10,False,10,7,2,1794,8.97,0
2760,0,1,4,4,10,False,217,0,202,202,1.01,0
2761,0,1,6,4,10,False,119,2,145,657,3.285,0
2762,0,1,4,4,10,False,130,0,218,218,1.09,0
2763,0,1,0,4,10,True,119,0,64,64,0.32,0
2764,0,1,4,4,10,False,216,0,92,92,0.46,0
2765,0,1,17,2,0,False,59,0,0,0,0.0,0
2766,0,1,4,4,10,False,151,3,253,1021,5.105,0
2767,0,1,2,4,52,False,10,0,38,38,0.19,0
2768,0,1,4,4,10,False,232,0,86,86,0.43,0
2769,0,1,17,2,2,False,214,0,0,0,0.0,0
2770,0,1,4,4,10,False,27,1,46,302,1.51,0
2771,0,1,1,2,24,True,3,0,0,0,0.0,0
2772,0,1,4,4,10,False,158,0,108,108,0.54,0
2773,0,1,1,2,50,False,3,0,0,0,0.0,0
2774,0,1,4,4,10,True,158,7,219,2011,10.055,0
2775,0,1,18,6,5,False,69,10,158,2718,13.59,13312
2776,0,1,4,4,10,False,136,2,155,667,3.335,0
2777,0,1,1,2,2,False,44,0,0,0,0.0,0
2778,0,1,4,4,10,False,252,1,137,393,1.965,0
2779,0,1,17,2,30,True,3,0,0,0,0.0,0
2780,0,1,4,4,10,True,252,3,234,1002,5.01,0
2781,0,1,1,2,52,False,0,0,0,0,0.0,0
2782,0,1,4,4,10,False,26,0,180,180,0.9,0
2783,0,1,1,2,61,True,1,0,0,0,0.0,0
2784,0,1,4,4,10,True,26,0,163,163,0.815,0
2785,0,1,17,2,61,True,2,0,0,0,0.0,0
2786,0,1,4,4,10,False,159,1,89,345,1.725,0
2787,0,1,17,7,10,False,2,12,2,3074,15.37,8915593
2788,0,1,4,4,10,True,159,1,72,328,1.64,0
2789,0,1,0,1,44,False,0,0,0,0,0.0,0
2790,0,1,17,2,43,True,1,0,0,0,0.0,0
2791,0,1,0,4,10,False,60,4,10,1034,5.17,0
2792,0,1,1,0,0,False,0,0,0,0,0.0,0
2793,0,1,0,2,20,False,10,0,0,0,0.0,0
2794,0,1,3,2,0,False,52,0,0,0,0.0,0
2795,0,1,4,4,10,False,161,1,202,458,2.29,0
2796,0,1,1,2,34,False,0,0,0,0,0.0,0
2797,0,1,4,4,10,True,251,2,23,535,2.675,0
2798,0,1,16,0,0,False,0,0,0,0,0.0,0
2799,0,1,4,4,10,False,95,1,209,465,2.325,0
2800,0,1,6,4,10,False,161,1,103,359,1.795,0
2801,0,1,4,4,10,True,95,3,100,868,4.34,0
2802,0,1,20,1,60,False,0,0,0,0,0.0,0
2803,0,1,4,4,10,False,222,0,84,84,0.42,0
2804,0,1,1,2,44,False,10,0,0,0,0.0,0
2805,0,1,4,4,10,True,222,0,65,65,0.325,0
2806,0,1,11,7,10,False,132,1,21,277,1.385,235530
2807,0,1,4,4,10,False,210,0,169,169,0.845,0
2808,0,1,23,0,0,False,0,0,0,0,0.0,0
2809,0,1,4,4,10,False,53,2,202,714,3.57,0
2810,0,1,20,1,60,False,0,0,0,0,0.0,0
2811,0,1,4,4,10,True,53,2,149,661,3.305,0
2812,0,1,5,4,10,False,130,4,84,1108,5.54,0
2813,0,1,13,5,44,False,138,12,0,3072,15.36,110
2814,0,1,0,1,52,True,0,0,0,0,0.0,0
2815,0,1,17,2,4,True,68,0,0,0,0.0,0
2816,0,1,4,4,10,False,154,1,120,376,1.88,0
2817,0,1,1,2,2,True,0,0,0,0,0.0,0
2818,0,1,4,4,10,True,154,1,102,358,1.79,0
2819,0,1,7,4,52,False,10,2,52,564,2.82,0
2820,0,1,4,4,10,False,83,2,66,578,2.89,0
2821,0,1,17,2,1,True,151,0,0,0,0.0,0
2822,0,1,4,4,10,True,83,2,20,532,2.66,0
2823,0,1,5,6,4,False,10,10,10,2570,12.85,2773
2824,0,1,4,4,10,False,55,1,237,493,2.465,0
2825,0,1,4,1,44,False,0,0,0,0,0.0,0
2826,0,1,4,4,10,False,149,3,8,776,3.88,0
2827,0,1,0,4,10,False,12,1,10,266,1.33,0
2828,0,1,4,4,10,True,149,2,221,733,3.665,0
2829,0,1,7,0,0,False,0,0,0,0,0.0,0
2830,0,1,4,4,10,False,110,2,46,558,2.79,0
2831,0,1,17,2,56,False,1,0,0,0,0.0,0
2832,0,1,4,4,10,True,222,2,120,632,3.16,0
2833,0,1,28,5,10,False,168,5,44,1324,6.62,138
2834,0,1,4,4,10,False,222,0,127,127,0.635,0
2835,0,1,1,2,13,True,8,0,0,0,0.0,0
2836,0,1,4,4,10,False,198,1,125,381,1.905,0
2837,0,1,4,7,44,False,10,10,52,2612,13.06,698634
2838,0,1,4,4,10,False,242,3,112,880,4.4,0
2839,0,1,5,4,10,False,242,1,39,295,1.475,0
2840,0,1,4,4,10,False,187,2,7,519,2.595,0
2841,0,1,13,6,52,False,44,10,242,2802,14.01,2560
2842,0,1,4,4,10,True,187,4,233,1257,6.285,0
2843,0,1,26,7,1,False,66,3,68,836,4.18,334218
2844,0,1,4,4,10,False,190,1,210,466,2.33,0
2845,0,1,0,3,26,True,4,0,0,0,0.0,0
2846,0,1,4,4,10,False,242,2,20,532,2.66,0
2847,0,1,30,2,44,False,119,0,0,0,0.0,0
2848,0,1,4,4,10,False,109,1,78,334,1.67,0
2849,0,1,30,2,1,False,19,0,0,0,0.0,0
2850,0,1,4,4,10,True,109,4,199,1223,6.115,0
2851,0,1,0,2,55,False,52,0,0,0,0.0,0
2852,0,1,4,4,10,False,85,3,145,913,4.565,0
2853,0,1,1,2,24,True,5,0,0,0,0.0,0
2854,0,1,4,4,10,False,197,2,87,599,2.995,0
2855,0,1,10,4,2,False,10,13,3,3331,16.655,0
2856,0,1,4,4,10,True,197,5,107,1387,6.935,0
2857,0,1,10,4,28,False,3,13,10,3338,16.69,0
2858,0,1,4,4,10,True,187,1,101,357,1.785,0
2859,0,1,2,1,11,True,0,0,0,0,0.0,0
2860,0,1,4,4,10,False,221,2,18,530,2.65,0
2861,0,1,5,4,10,True,199,3,10,778,3.89,0
2862,0,1,4,4,10,False,124,1,221,477,2.385,0
2863,0,1,12,1,5,False,0,0,0,0,0.0,0
2864,0,1,4,4,10,False,232,7,52,1844,9.22,0
2865,0,1,6,4,10,False,76,0,96,96,0.48,0
2866,0,1,4,4,10,False,23,0,110,110,0.55,0
2867,0,1,6,4,10,False,233,5,156,1436,7.18,0
2868,0,1,4,4,10,False,112,0,121,121,0.605,0
2869,0,1,5,3,41,True,6,10,0,2560,12.8,0
2870,0,1,4,4,10,False,218,3,76,844,4.22,0
2871,0,1,1,2,54,True,70,0,0,0,0.0,0
2872,0,1,4,4,10,False,110,0,64,64,0.32,0
2873,0,1,27,4,4,False,10,1,254,510,2.55,0
2874,0,1,4,4,10,False,186,0,199,199,0.995,0
2875,0,1,22,7,8,False,16,12,10,3082,15.41,6096346
2876,0,1,4,4,10,False,8,1,144,400,2.0,0
2877,0,1,5,4,10,True,218,5,66,1346,6.73,0
2878,0,1,4,4,10,False,124,0,251,251,1.255,0
2879,0,1,8,4,10,False,9,2,136,648,3.24,0
2880,0,1,4,4,10,False,97,0,89,89,0.445,0
2881,0,1,8,4,10,True,9,2,114,626,3.13,0
2882,0,1,4,4,10,True,97,14,173,3757,18.785,0
2883,0,1,9,6,26,True,10,10,186,2746,13.73,52921
2884,0,1,7,4,9,False,1,10,218,2778,13.89,0
2885,0,1,6,4,10,False,159,1,199,455,2.275,0
2886,0,1,6,4,10,False,51,2,145,657,3.285,0
2887,0,1,4,4,10,True,39,1,153,409,2.045,0
2888,0,1,6,4,10,False,33,3,98,866,4.33,0
2889,0,1,4,4,10,False,35,1,186,442,2.21,0
2890,0,1,21,1,15,True,0,0,0,0,0.0,0
2891,0,1,4,4,10,False,245,2,44,556,2.78,0
2892,0,1,5,4,10,False,39,3,10,778,3.89,0
2893,0,1,4,4,10,False,117,1,166,422,2.11,0
2894,0,1,18,2,60,False,52,0,0,0,0.0,0
2895,0,1,4,4,10,False,201,3,178,946,4.73,0
2896,0,1,5,4,10,False,246,12,10,3082,15.41,0
2897,0,1,4,4,10,False,46,2,93,605,3.025,0
2898,0,1,14,5,44,False,10,9,2,2306,11.53,213
2899,0,1,4,4,10,False,142,1,141,397,1.985,0
2900,0,1,5,4,10,False,52,2,85,597,2.985,0
2901,0,1,4,4,10,False,27,1,15,271,1.355,0
2902,0,1,1,2,0,False,167,0,0,0,0.0,0
2903,0,1,4,4,10,False,182,2,176,688,3.44,0
2904,0,1,1,2,17,True,2,0,0,0,0.0,0
2905,0,1,4,4,10,False,230,1,125,381,1.905,0
2906,0,1,11,1,4,False,0,0,0,0,0.0,0
2907,0,1,4,4,10,False,143,2,86,598,2.99,0
2908,0,1,1,2,27,False,3,0,0,0,0.0,0
2909,0,1,4,4,10,False,185,4,133,1157,5.785,0
2910,0,1,5,4,60,False,138,1,1,257,1.285,0
2911,0,1,4,4,10,True,77,3,156,924,4.62,0
2912,0,1,9,1,57,True,0,0,0,0,0.0,0
2913,0,1,4,4,10,False,77,2,8,520,2.6,0
2914,0,1,1,2,19,True,1,0,0,0,0.0,0
2915,0,1,4,4,10,False,209,2,2,514,2.57,0
2916,0,1,5,4,60,False,10,1,223,479,2.395,0
2917,0,1,4,4,10,True,209,7,107,1899,9.495,0
2918,0,1,29,6,52,False,44,10,220,2780,13.9,35329
2919,0,1,4,4,10,False,219,3,66,834,4.17,0
2920,0,1,27,4,3,False,0,4,60,1084,5.42,0
2921,0,1,4,4,10,False,159,0,113,113,0.565,0
2922,0,1,1,2,1,False,165,0,0,0,0.0,0
2923,0,1,4,4,10,False,211,1,218,474,2.37,0
2924,0,1,14,0,0,False,0,0,0,0,0.0,0
2925,0,1,4,4,10,False,133,2,93,605,3.025,0
2926,0,1,5,2,32,True,187,0,0,0,0.0,0
2927,0,1,4,4,10,False,164,0,228,228,1.14,0
2928,0,1,5,5,4,False,207,0,0,0,0.0,43
2929,0,1,4,4,10,True,12,8,115,2163,10.815,0
2930,0,1,4,4,10,False,121,2,253,765,3.825,0
2931,0,1,27,5,4,False,138,12,10,3082,15.41,178
2932,0,1,4,4,10,False,197,4,37,1061,5.305,0
2933,0,1,5,4,10,False,13,0,134,134,0.67,0
2934,0,1,4,4,10,False,32,2,132,644,3.22,0
2935,0,1,26,2,0,False,75,0,0,0,0.0,0
2936,0,1,4,4,10,False,176,3,222,990,4.95,0
2937,0,1,6,4,10,False,21,1,152,408,2.04,0
2938,0,1,4,4,10,False,14,1,185,441,2.205,0
2939,0,1,1,2,5,False,20,0,0,0,0.0,0
2940,0,1,4,4,10,False,119,3,119,887,4.435,0
2941,0,1,6,4,10,False,196,1,10,266,1.33,0
2942,0,1,4,4,10,False,204,1,224,480,2.4,0
2943,0,1,3,6,35,True,44,10,127,2687,13.435,59392
2944,0,1,4,4,10,False,38,0,190,190,0.95,0
2945,0,1,0,1,0,True,0,0,0,0,0.0,0
2946,0,1,4,4,10,False,215,3,19,787,3.935,0
2947,0,1,7,4,10,False,31,0,148,148,0.74,0
2948,0,1,4,4,10,True,215,11,245,3061,15.305,0
2949,0,1,7,4,10,False,166,1,5,261,1.305,0
2950,0,1,4,4,10,False,205,2,23,535,2.675,0
2951,0,1,7,4,10,True,166,10,115,2675,13.375,0
2952,0,1,4,4,10,False,9,1,31,287,1.435,0
2953,0,1,7,4,10,False,212,2,20,532,2.66,0
2954,0,1,4,4,10,True,9,3,18,786,3.93,0
2955,0,1,7,4,10,False,212,4,247,1271,6.355,0
2956,0,1,4,4,10,False,238,1,40,296,1.48,0
2957,0,1,7,4,10,True,216,4,196,1220,6.1,0
2958,0,1,4,4,10,True,238,1,21,277,1.385,0
2959,0,1,7,4,10,False,238,0,180,180,0.9,0
2960,0,1,4,4,10,False,213,2,73,585,2.925,0
2961,0,1,7,4,10,True,238,0,140,140,0.7,0
2962,0,1,4,4,10,False,105,0,66,66,0.33,0
2963,0,1,7,4,10,False,213,2,92,604,3.02,0
2964,0,1,4,4,10,False,228,1,225,481,2.405,0
2965,0,1,7,4,10,False,105,0,116,116,0.58,0
2966,0,1,4,4,10,False,93,2,82,594,2.97,0
2967,0,1,28,4,10,False,233,0,67,67,0.335,0
2968,0,1,4,4,10,False,214,1,228,484,2.42,0
2969,0,1,26,1,46,True,0,0,0,0,0.0,0
2970,0,1,4,4,10,False,32,0,126,126,0.63,0
2971,0,1,6,4,10,False,227,2,181,693,3.465,0
2972,0,1,4,4,10,True,218,8,189,2237,11.185,0
2973,0,1,1,2,5,False,35,0,0,0,0.0,0
2974,0,1,4,4,10,False,58,2,171,683,3.415,0
2975,0,1,11,6,19,False,60,7,5,1797,8.985,1084
2976,0,1,4,4,10,False,159,0,108,108,0.54,0
2977,0,1,1,2,58,False,50,0,0,0,0.0,0
2978,0,1,4,4,10,False,238,0,117,117,0.585,0
2979,0,1,1,2,32,False,42,0,0,0,0.0,0
2980,0,1,4,4,10,False,130,0,202,202,1.01,0
2981,0,1,0,4,42,False,159,5,4,1284,6.42,0
2982,0,1,4,4,10,True,230,13,229,3557,17.785,0
2983,0,1,1,2,6,False,0,0,0,0,0.0,0
2984,0,1,4,4,10,False,29,2,26,538,2.69,0
2985,0,1,25,4,10,False,218,8,10,2058,10.29,0
2986,0,1,4,4,10,False,148,0,118,118,0.59,0
2987,0,1,27,3,9,True,169,0,0,0,0.0,0
2988,0,1,4,4,10,True,148,0,251,251,1.255,0
2989,0,1,5,4,10,True,138,9,5,2309,11.545,0
2990,0,1,4,4,10,False,175,1,227,483,2.415,0
2991,0,1,29,2,44,False,10,0,0,0,0.0,0
2992,0,1,4,4,10,False,3,1,139,395,1.975,0
2993,0,1,21,7,1,False,32,12,10,3082,15.41,16122031
2994,0,1,4,4,10,True,19,3,39,807,4.035,0
2995,0,1,5,4,10,True,175,1,67,323,1.615,0
2996,0,1,4,4,10,False,59,3,242,1010,5.05,0
2997,0,1,6,4,10,False,246,1,86,342,1.71,0
2998,0,1,4,4,10,False,139,0,248,248,1.24,0
2999,0,1,6,4,10,False,75,3,150,918,4.59,0
3000,0,1,4,4,10,False,51,2,94,606,3.03,0
3001,0,1,12,3,11,False,3,15,0,3840,19.2,0
3002,0,1,4,4,10,False,204,1,199,455,2.275,0
3003,0,1,1,2,54,True,176,0,0,0,0.0,0
3004,0,1,4,4,10,False,253,3,153,921,4.605,0
3005,0,1,1,2,54,False,10,0,0,0,0.0,0
3006,0,1,4,4,10,False,152,0,209,209,1.045,0
3007,0,1,6,6,4,False,52,10,19,2579,12.895,31233
3008,0,1,4,4,10,False,220,3,79,847,4.235,0
3009,0,1,5,4,10,False,105,2,19,531,2.655,0
3010,0,1,4,4,10,False,86,0,129,129,0.645,0
3011,0,1,6,4,10,False,221,0,141,141,0.705,0
3012,0,1,4,4,10,False,233,1,193,449,2.245,0
3013,0,1,6,4,10,True,220,5,149,1429,7.145,0
3014,0,1,4,4,10,False,163,2,153,665,3.325,0
3015,0,1,25,4,10,False,219,0,179,179,0.895,0
3016,0,1,4,4,10,False,214,2,135,647,3.235,0
3017,0,1,8,4,10,False,163,1,50,306,1.53,0
3018,0,1,4,4,10,False,92,1,56,312,1.56,0
3019,0,1,8,4,10,False,222,1,6,262,1.31,0
3020,0,1,4,4,10,False,26,2,221,733,3.665,0
3021,0,1,16,3,28,False,0,1,0,256,1.28,0
3022,0,1,4,4,10,False,85,2,15,527,2.635,0
3023,0,1,13,3,4,False,3,6,0,1536,7.68,0
3024,0,1,4,4,10,False,43,0,235,235,1.175,0
3025,0,1,1,6,2,False,44,10,181,2741,13.705,33542
3026,0,1,4,4,10,False,175,2,151,663,3.315,0
3027,0,1,5,4,10,False,181,0,74,74,0.37,0
3028,0,1,4,4,10,False,50,3,86,854,4.27,0
3029,0,1,7,4,10,False,185,3,116,884,4.42,0
3030,0,1,4,4,10,False,162,5,84,1364,6.82,0
3031,0,1,7,4,10,True,190,3,37,805,4.025,0
3032,0,1,4,4,10,False,235,1,7,263,1.315,0
3033,0,1,7,4,10,False,157,2,96,608,3.04,0
3034,0,1,4,4,10,False,171,3,33,801,4.005,0
3035,0,1,7,4,10,False,236,0,88,88,0.44,0
3036,0,1,4,4,10,False,255,0,131,131,0.655,0
3037,0,1,7,4,10,False,139,1,165,421,2.105,0
3038,0,1,4,4,10,True,255,6,246,1782,8.91,0
3039,0,1,7,4,10,False,255,0,103,103,0.515,0
3040,0,1,4,4,10,False,34,1,124,380,1.9,0
3041,0,1,7,4,10,True,255,4,47,1071,5.355,0
3042,0,1,4,4,10,False,147,4,79,1103,5.515,0
3043,0,1,7,4,10,False,34,0,188,188,0.94,0
3044,0,1,4,4,10,False,175,0,70,70,0.35,0
3045,0,1,17,2,2,False,26,0,0,0,0.0,0
3046,0,1,4,4,10,False,248,0,149,149,0.745,0
3047,0,1,11,2,1,False,60,0,0,0,0.0,0
3048,0,1,4,4,10,False,185,0,137,137,0.685,0
3049,0,1,8,4,10,False,217,4,138,1162,5.81,0
3050,0,1,4,4,10,False,134,0,224,224,1.12,0
3051,0,1,7,4,55,True,2,5,44,1324,6.62,0
3052,0,1,4,4,10,False,39,1,254,510,2.55,0
3053,0,1,1,2,48,False,104,0,0,0,0.0,0
3054,0,1,4,4,10,False,113,1,183,439,2.195,0
3055,0,1,7,4,10,False,5,7,34,1826,9.13,0
3056,0,1,4,4,10,True,249,11,163,2979,14.895,0
3057,0,1,7,4,63,True,52,10,160,2720,13.6,0
3058,0,1,4,4,10,False,31,3,125,893,4.465,0
3059,0,1,4,6,21,True,114,0,8,8,0.04,2604
3060,0,1,4,4,10,True,31,2,72,584,2.92,0
3061,0,1,13,2,0,False,56,0,0,0,0.0,0
3062,0,1,4,4,10,False,42,2,198,710,3.55,0
3063,0,1,5,4,10,False,31,11,68,2884,14.42,0
3064,0,1,4,4,10,True,42,2,163,675,3.375,0
3065,0,1,5,4,49,False,0,12,10,3082,15.41,0
3066,0,1,4,4,10,False,241,0,64,64,0.32,0
3067,0,1,5,4,60,False,10,2,2,514,2.57,0
3068,0,1,4,4,10,False,85,1,87,343,1.715,0
3069,0,1,5,4,18,True,9,14,52,3636,18.18,0
3070,0,1,4,4,10,False,196,0,105,105,0.525,0
3071,0,1,1,2,0,False,71,0,0,0,0.0,0
3072,0,1,4,4,10,False,47,0,251,251,1.255,0
3073,0,1,6,2,52,False,10,0,0,0,0.0,0
3074,0,1,4,4,10,False,2,2,53,565,2.825,0
3075,0,1,30,0,0,False,0,0,0,0,0.0,0
3076,0,1,4,4,10,False,33,0,249,249,1.245,0
3077,0,1,5,4,10,False,52,10,110,2670,13.35,0
3078,0,1,4,4,10,True,33,5,128,1408,7.04,0
3079,0,1,6,4,10,False,33,2,107,619,3.095,0
3080,0,1,4,4,10,False,20,1,57,313,1.565,0
3081,0,1,13,5,44,False,10,8,0,2048,10.24,55
3082,0,1,4,4,10,False,90,1,137,393,1.965,0
3083,0,1,30,1,4,False,0,0,0,0,0.0,0
3084,0,1,4,4,10,False,238,0,244,244,1.22,0
3085,0,1,1,2,44,False,10,0,0,0,0.0,0
3086,0,1,4,4,10,True,238,3,78,846,4.23,0
3087,0,1,2,4,10,False,95,10,238,2798,13.99,0
3088,0,1,4,4,10,False,168,0,162,162,0.81,0
3089,0,1,4,4,10,False,59,1,213,469,2.345,0
3090,0,1,17,2,46,True,4,0,0,0,0.0,0
3091,0,1,4,4,10,False,186,2,86,598,2.99,0
3092,0,1,10,5,13,True,44,4,10,1034,5.17,44
3093,0,1,4,4,10,True,186,4,114,1138,5.69,0
3094,0,1,0,3,25,False,52,10,0,2560,12.8,0
3095,0,1,4,4,10,False,110,2,122,634,3.17,0
3096,0,1,31,0,0,False,0,0,0,0,0.0,0
3097,0,1,4,4,10,True,110,2,85,597,2.985,0
3098,0,1,7,4,10,True,228,0,44,44,0.22,0
3099,0,1,4,4,10,False,52,0,245,245,1.225,0
3100,0,1,6,4,44,False,10,5,3,1283,6.415,0
3101,0,1,4,4,10,True,152,2,93,605,3.025,0
3102,0,1,4,3,52,False,1,13,0,3328,16.64,0
3103,0,1,4,4,10,False,246,5,59,1339,6.695,0
3104,0,1,15,4,52,False,152,6,71,1607,8.035,0
3105,0,1,4,4,10,False,113,1,52,308,1.54,0
3106,0,1,7,4,10,False,242,2,75,587,2.935,0
3107,0,1,4,4,10,False,202,3,30,798,3.99,0
3108,0,1,1,2,1,False,50,0,0,0,0.0,0
3109,0,1,4,4,10,False,92,0,159,159,0.795,0
3110,0,1,24,1,3,False,0,0,0,0,0.0,0
3111,0,1,4,4,10,True,190,9,19,2323,11.615,0
3112,0,1,5,4,44,False,138,6,152,1688,8.44,0
3113,0,1,4,4,10,False,190,2,36,548,2.74,0
3114,0,1,1,2,10,True,5,0,0,0,0.0,0
3115,0,1,4,4,10,False,83,0,233,233,1.165,0
3116,0,1,8,1,44,False,0,0,0,0,0.0,0
3117,0,1,4,4,10,False,199,1,2,258,1.29,0
3118,0,1,1,2,10,False,45,0,0,0,0.0,0
3119,0,1,4,4,10,True,199,11,145,2961,14.805,0
3120,0,1,4,4,10,False,97,1,9,265,1.325,0
3121,0,1,11,1,44,False,0,0,0,0,0.0,0
3122,0,1,4,4,10,False,229,0,216,216,1.08,0
3123,0,1,5,4,1,False,193,10,10,2570,12.85,0
3124,0,1,4,4,10,True,229,13,68,3396,16.98,0
3125,0,1,12,1,0,False,0,0,0,0,0.0,0
3126,0,1,4,4,10,False,100,0,65,65,0.325,0
3127,0,1,8,0,0,False,0,0,0,0,0.0,0
3128,0,1,4,4,10,False,23,2,156,668,3.34,0
3129,0,1,5,4,10,False,229,3,244,1012,5.06,0
3130,0,1,4,4,10,False,94,4,42,1066,5.33,0
3131,0,1,7,4,10,False,207,0,60,60,0.3,0
3132,0,1,4,4,10,False,230,0,223,223,1.115,0
3133,0,1,7,4,10,False,89,5,34,1314,6.57,0
3134,0,1,4,4,10,True,230,4,209,1233,6.165,0
3135,0,1,11,5,44,False,10,8,0,2048,10.24,83
3136,0,1,5,4,10,True,216,5,87,1367,6.835,0
3137,0,1,7,4,10,False,23,2,107,619,3.095,0
3138,0,1,4,4,10,False,176,0,136,136,0.68,0
3139,0,1,8,2,2,False,212,0,0,0,0.0,0
3140,0,1,4,4,10,False,221,2,231,743,3.715,0
3141,0,1,8,5,4,False,10,5,0,1280,6.4,106
3142,0,1,4,4,10,False,67,0,207,207,1.035,0
3143,0,1,5,4,10,False,251,2,182,694,3.47,0
3144,0,1,4,4,10,False,204,1,11,267,1.335,0
3145,0,1,7,4,10,False,67,0,89,89,0.445,0
3146,0,1,4,4,10,True,204,4,64,1088,5.44,0
3147,0,1,7,4,10,True,67,2,249,761,3.805,0
3148,0,1,4,4,10,False,143,1,149,405,2.025,0
3149,0,1,15,7,0,False,207,12,10,3082,15.41,8455568
3150,0,1,4,4,10,False,146,4,11,1035,5.175,0
3151,0,1,5,4,10,True,0,6,199,1735,8.675,0
3152,0,1,4,4,10,False,228,2,91,603,3.015,0
3153,0,1,7,4,10,False,118,7,140,1932,9.66,0
3154,0,1,4,4,10,False,77,2,37,549,2.745,0
3155,0,1,7,4,10,True,118,1,44,300,1.5,0
3156,0,1,4,4,10,False,221,3,155,923,4.615,0
3157,0,1,0,1,63,False,0,0,0,0,0.0,0
3158,0,1,4,4,10,False,54,1,53,309,1.545,0
3159,0,1,1,2,15,True,1,0,0,0,0.0,0
3160,0,1,4,4,10,False,107,0,217,217,1.085,0
3161,0,1,5,4,4,False,138,0,93,93,0.465,0
3162,0,1,4,4,10,False,247,1,92,348,1.74,0
3163,0,1,10,7,10,False,146,12,10,3082,15.41,2884203
3164,0,1,4,4,10,True,247,15,193,4033,20.165,0
3165,0,1,1,2,42,True,0,0,0,0,0.0,0
3166,0,1,4,4,10,False,153,2,150,662,3.31,0
3167,0,1,12,0,0,False,0,0,0,0,0.0,0
3168,0,1,4,4,10,False,126,3,109,877,4.385,0
3169,0,1,13,7,52,False,52,12,138,3210,16.05,107521
3170,0,1,4,4,10,True,126,5,166,1446,7.23,0
3171,0,1,26,4,4,False,10,12,10,3082,15.41,0
3172,0,1,4,4,10,False,85,3,135,903,4.515,0
3173,0,1,16,3,4,False,44,10,0,2560,12.8,0
3174,0,1,4,4,10,False,197,2,88,600,3.0,0
3175,0,1,28,6,0,False,10,1,0,256,1.28,31425
3176,0,1,4,4,10,False,41,1,215,471,2.355,0
3177,0,1,0,3,40,True,44,10,0,2560,12.8,0
3178,0,1,4,4,10,False,138,2,131,643,3.215,0
3179,0,1,24,6,0,False,44,10,128,2688,13.44,7937
3180,0,1,4,4,10,False,249,1,14,270,1.35,0
3181,0,1,5,4,10,False,137,1,184,440,2.2,0
3182,0,1,4,4,10,False,108,0,196,196,0.98,0
3183,0,1,0,5,44,False,10,15,1,3841,19.205,84
3184,0,1,4,4,10,False,28,1,175,431,2.155,0
3185,0,1,17,2,31,False,1,0,0,0,0.0,0
3186,0,1,4,4,10,True,28,12,139,3211,16.055,0
3187,0,1,6,1,6,False,0,0,0,0,0.0,0
3188,0,1,4,4,10,False,218,0,116,116,0.58,0
3189,0,1,17,7,44,False,10,12,12,3084,15.42,672797
3190,0,1,4,4,10,False,79,0,108,108,0.54,0
3191,0,1,15,6,15,False,12,4,10,1034,5.17,469
3192,0,1,4,4,10,False,30,3,203,971,4.855,0
3193,0,1,6,2,4,False,10,0,0,0,0.0,0
3194,0,1,4,4,10,False,174,6,0,1536,7.68,0
3195,0,1,3,3,2,False,36,4,0,1024,5.12,0
3196,0,1,4,4,10,False,221,1,194,450,2.25,0
3197,0,1,1,6,52,False,3,7,8,1800,9.0,11308
3198,0,1,4,4,10,False,97,0,209,209,1.045,0
3199,0,1,17,2,43,True,4,0,0,0,0.0,0
3200,0,1,4,4,10,True,97,12,66,3138,15.69,0
3201,0,1,14,0,0,False,0,0,0,0,0.0,0
3202,0,1,4,4,10,False,111,1,142,398,1.99,0
3203,0,1,0,3,30,False,0,0,0,0,0.0,0
3204,0,1,4,4,10,True,111,1,70,326,1.63,0
3205,0,1,8,0,0,False,0,0,0,0,0.0,0
3206,0,1,4,4,10,False,215,1,38,294,1.47,0
3207,0,1,27,3,42,False,1,7,0,1792,8.96,0
3208,0,1,4,4,10,False,89,2,23,535,2.675,0
3209,0,1,1,2,0,False,1,0,0,0,0.0,0
3210,0,1,4,4,10,False,236,1,175,431,2.155,0
3211,0,1,20,1,23,False,0,0,0,0,0.0,0
3212,0,1,4,4,10,False,236,1,224,480,2.4,0
3213,0,1,8,4,10,True,44,10,52,2612,13.06,0
3214,0,1,4,4,10,False,140,0,88,88,0.44,0
3215,0,1,1,2,20,False,12,0,0,0,0.0,0
3216,0,1,4,4,10,False,208,1,49,305,1.525,0
3217,0,1,1,2,23,True,4,0,0,0,0.0,0
3218,0,1,4,4,10,True,208,5,249,1529,7.645,0
3219,0,1,9,1,52,False,0,0,0,0,0.0,0
3220,0,1,4,4,10,False,196,1,200,456,2.28,0
3221,0,1,5,4,43,True,7,12,52,3124,15.62,0
3222,0,1,4,4,10,True,18,4,0,1024,5.12,0
3223,0,1,1,2,39,True,8,0,0,0,0.0,0
3224,0,1,4,4,10,False,103,5,147,1427,7.135,0
3225,0,1,18,5,44,False,10,8,6,2054,10.27,213
3226,0,1,4,4,10,False,194,1,81,337,1.685,0
3227,0,1,8,4,10,False,196,4,53,1077,5.385,0
3228,0,1,4,4,10,False,63,0,221,221,1.105,0
3229,0,1,5,4,10,False,44,6,120,1656,8.28,0
3230,0,1,4,4,10,False,128,1,247,503,2.515,0
3231,0,1,5,4,10,False,189,4,36,1060,5.3,0
3232,0,1,4,4,10,False,24,3,32,800,4.0,0
3233,0,1,5,4,10,False,42,1,192,448,2.24,0
3234,0,1,4,4,10,False,148,1,254,510,2.55,0
3235,0,1,5,4,7,False,56,12,10,3082,15.41,0
3236,0,1,4,4,10,True,152,11,132,2948,14.74,0
3237,0,1,19,1,62,True,0,0,0,0,0.0,0
3238,0,1,4,4,10,False,188,5,11,1291,6.455,0
3239,0,1,5,4,10,True,153,1,10,266,1.33,0
3240,0,1,4,4,10,False,23,2,142,654,3.27,0
3241,0,1,13,5,3,False,94,12,10,3082,15.41,188
3242,0,1,4,4,10,False,97,0,144,144,0.72,0
3243,0,1,29,4,0,False,214,12,10,3082,15.41,0
3244,0,1,4,4,10,False,149,0,76,76,0.38,0
3245,0,1,19,0,0,False,0,0,0,0,0.0,0
3246,0,1,4,4,10,False,78,1,200,456,2.28,0
3247,0,1,4,4,10,False,189,1,214,470,2.35,0
3248,0,1,8,2,29,False,52,0,0,0,0.0,0
3249,0,1,4,4,10,True,189,11,107,2923,14.615,0
3250,0,1,1,2,16,False,138,0,0,0,0.0,0
3251,0,1,0,1,17,False,0,0,0,0,0.0,0
3252,0,1,29,2,1,False,60,0,0,0,0.0,0
3253,0,1,6,4,10,False,30,12,10,3082,15.41,0
3254,0,1,18,4,17,False,74,12,10,3082,15.41,0
3255,0,1,4,4,10,False,10,1,223,479,2.395,0
3256,0,1,6,4,10,False,67,8,57,2105,10.525,0
3257,0,1,4,4,10,True,10,1,204,460,2.3,0
3258,0,1,5,4,2,False,176,12,10,3082,15.41,0
3259,0,1,4,4,10,False,212,2,221,733,3.665,0
3260,0,1,23,5,59,False,107,12,138,3210,16.05,189
3261,0,1,4,4,10,False,78,2,27,539,2.695,0
3262,0,1,6,4,10,False,68,0,87,87,0.435,0
3263,0,1,4,4,10,False,163,2,26,538,2.69,0
3264,0,1,5,4,47,True,114,0,68,68,0.34,0
3265,0,1,4,4,10,False,87,3,167,935,4.675,0
3266,0,1,5,4,10,False,11,11,0,2816,14.08,0
3267,0,1,4,4,10,False,219,1,147,403,2.015,0
3268,0,1,5,4,15,True,0,12,10,3082,15.41,0
3269,0,1,4,4,10,False,219,2,149,661,3.305,0
3270,0,1,5,4,20,True,60,10,163,2723,13.615,0
3271,0,1,4,4,10,False,154,2,109,621,3.105,0
3272,0,1,5,4,35,True,3,4,10,1034,5.17,0
3273,0,1,4,4,10,False,239,2,78,590,2.95,0
3274,0,1,5,4,22,False,3,5,60,1340,6.7,0
3275,0,1,4,4,10,False,141,0,111,111,0.555,0
3276,0,1,6,4,3,True,5,4,10,1034,5.17,0
3277,0,1,4,4,10,False,53,0,210,210,1.05,0
3278,0,1,18,5,2,False,210,4,11,1035,5.175,10
3279,0,1,4,4,10,False,140,1,212,468,2.34,0
3280,0,1,0,5,48,False,52,12,52,3124,15.62,10
3281,0,1,4,4,10,False,65,1,232,488,2.44,0
3282,0,1,10,5,1,False,10,12,10,3082,15.41,226
3283,0,1,4,4,10,True,65,5,31,1311,6.555,0
3284,0,1,1,2,32,False,0,0,0,0,0.0,0
3285,0,1,4,4,10,False,41,2,22,534,2.67,0
3286,0,1,10,2,56,False,44,0,0,0,0.0,0
3287,0,1,4,4,10,False,162,4,56,1080,5.4,0
3288,0,1,7,4,10,False,52,10,14,2574,12.87,0
3289,0,1,4,4,10,False,242,0,221,221,1.105,0
3290,0,1,0,1,19,False,0,0,0,0,0.0,0
3291,0,1,4,4,10,True,247,4,150,1174,5.87,0
3292,0,1,5,2,14,False,1,0,0,0,0.0,0
3293,0,1,4,4,10,False,205,1,54,310,1.55,0
3294,0,1,8,4,4,False,10,4,10,1034,5.17,0
3295,0,1,4,4,10,False,236,0,61,61,0.305,0
3296,0,1,20,1,52,False,0,0,0,0,0.0,0
3297,0,1,4,4,10,True,236,1,48,304,1.52,0
3298,0,1,1,2,49,True,1,0,0,0,0.0,0
3299,0,1,5,6,4,False,68,7,0,1792,8.96,60283
3300,0,1,4,4,10,False,50,0,103,103,0.515,0
3301,0,1,0,4,40,True,47,4,138,1162,5.81,0
3302,0,1,4,4,10,False,153,0,200,200,1.0,0
3303,0,1,31,7,8,True,47,1,239,495,2.475,215044
3304,0,1,4,4,10,False,50,1,212,468,2.34,0
3305,0,1,20,7,0,False,156,4,52,1076,5.38,340268
3306,0,1,4,4,10,False,73,2,124,636,3.18,0
3307,0,1,5,4,10,False,97,0,173,173,0.865,0
3308,0,1,4,4,10,False,112,1,118,374,1.87,0
3309,0,1,24,0,0,False,0,0,0,0,0.0,0
3310,0,1,4,4,10,False,208,3,24,792,3.96,0
3311,0,1,1,2,60,False,10,0,0,0,0.0,0
3312,0,1,4,4,10,True,57,8,172,2220,11.1,0
3313,0,1,5,4,10,False,92,1,115,371,1.855,0
3314,0,1,4,4,10,False,159,2,5,517,2.585,0
3315,0,1,6,2,60,False,68,0,0,0,0.0,0
3316,0,1,4,4,10,True,159,9,159,2463,12.315,0
3317,0,1,6,4,10,False,201,0,76,76,0.38,0
3318,0,1,4,4,10,False,125,2,122,634,3.17,0
3319,0,1,6,4,10,True,142,0,55,55,0.275,0
3320,0,1,4,4,10,True,125,2,105,617,3.085,0
3321,0,1,29,3,61,False,3,9,0,2304,11.52,0
3322,0,1,4,4,10,False,101,0,67,67,0.335,0
3323,0,1,15,7,1,False,44,12,138,3210,16.05,5505149
3324,0,1,4,4,10,False,186,0,239,239,1.195,0
3325,0,1,5,4,10,False,210,0,223,223,1.115,0
3326,0,1,4,4,10,False,72,2,43,555,2.775,0
3327,0,1,8,4,10,False,210,1,71,327,1.635,0
3328,0,1,4,4,10,False,168,2,4,516,2.58,0
3329,0,1,1,2,1,False,255,0,0,0,0.0,0
3330,0,1,4,4,10,False,101,2,122,634,3.17,0
3331,0,1,17,2,52,False,10,0,0,0,0.0,0
3332,0,1,4,4,10,False,190,2,211,723,3.615,0
3333,0,1,8,4,10,False,111,0,228,228,1.14,0
3334,0,1,4,4,10,False,69,3,170,938,4.69,0
3335,0,1,8,4,10,False,191,3,36,804,4.02,0
3336,0,1,4,4,10,False,149,7,127,1919,9.595,0
3337,0,1,0,5,44,False,10,5,7,1287,6.435,183
3338,0,1,4,4,10,False,55,3,54,822,4.11,0
3339,0,1,5,4,10,False,69,8,170,2218,11.09,0
3340,0,1,4,4,10,False,168,0,164,164,0.82,0
3341,0,1,21,0,0,False,0,0,0,0,0.0,0
3342,0,1,4,4,10,True,70,2,54,566,2.83,0
3343,0,1,7,4,10,False,111,3,112,880,4.4,0
3344,0,1,4,4,10,False,155,3,83,851,4.255,0
3345,0,1,28,6,5,False,44,10,88,2648,13.24,16640
3346,0,1,4,4,10,False,155,3,91,859,4.295,0
3347,0,1,5,4,10,False,166,0,190,190,0.95,0
3348,0,1,4,4,10,False,143,1,49,305,1.525,0
3349,0,1,7,4,10,True,166,0,182,182,0.91,0
3350,0,1,4,4,10,False,38,1,91,347,1.735,0
3351,0,1,1,2,10,False,9,0,0,0,0.0,0
3352,0,1,4,4,10,True,38,4,214,1238,6.19,0
3353,0,1,4,4,10,False,230,2,109,621,3.105,0
3354,0,1,19,6,52,False,138,9,0,2304,11.52,7169
3355,0,1,4,4,10,True,230,2,74,586,2.93,0
3356,0,1,1,0,0,False,0,0,0,0,0.0,0
3357,0,1,17,1,60,False,0,0,0,0,0.0,0
3358,0,1,0,1,44,False,0,0,0,0,0.0,0
3359,0,1,4,4,10,False,19,1,109,365,1.825,0
3360,0,1,1,2,44,False,10,0,0,0,0.0,0
3361,0,1,4,4,10,False,19,2,54,566,2.83,0
3362,0,1,12,1,1,False,0,0,0,0,0.0,0
3363,0,1,4,4,10,False,195,3,197,965,4.825,0
3364,0,1,14,0,0,False,0,0,0,0,0.0,0
3365,0,1,4,4,10,False,3,0,108,108,0.54,0
3366,0,1,1,2,32,True,0,0,0,0,0.0,0
3367,0,1,4,4,10,False,93,1,152,408,2.04,0
3368,0,1,17,2,44,False,225,0,0,0,0.0,0
3369,0,1,4,4,10,True,93,7,91,1883,9.415,0
3370,0,1,21,6,0,False,112,12,10,3082,15.41,13378
3371,0,1,4,4,10,False,28,0,65,65,0.325,0
3372,0,1,1,2,2,False,92,0,0,0,0.0,0
3373,0,1,4,4,10,False,151,2,139,651,3.255,0
3374,0,1,5,4,10,False,87,4,10,1034,5.17,0
3375,0,1,4,4,10,False,222,1,21,277,1.385,0
3376,0,1,3,2,60,True,135,0,0,0,0.0,0
3377,0,1,4,4,10,True,222,3,61,829,4.145,0
3378,0,1,7,4,10,False,56,10,150,2710,13.55,0
3379,0,1,4,4,10,False,131,0,114,114,0.57,0
3380,0,1,0,2,13,True,44,0,0,0,0.0,0
3381,0,1,4,4,10,False,23,1,235,491,2.455,0
3382,0,1,1,2,30,True,0,0,0,0,0.0,0
3383,0,1,4,4,10,False,108,1,79,335,1.675,0
3384,0,1,27,5,44,False,138,10,1,2561,12.805,75
3385,0,1,4,4,10,False,250,4,84,1108,5.54,0
3386,0,1,0,1,11,False,0,0,0,0,0.0,0
3387,0,1,4,4,10,True,143,8,30,2078,10.39,0
3388,0,1,5,4,10,False,193,0,76,76,0.38,0
3389,0,1,4,4,10,False,190,3,89,857,4.285,0
3390,0,1,5,4,10,False,172,6,68,1604,8.02,0
3391,0,1,4,4,10,False,35,1,171,427,2.135,0
3392,0,1,5,4,10,True,44,10,42,2602,13.01,0
3393,0,1,4,4,10,True,199,14,128,3712,18.56,0
3394,0,1,0,6,0,True,44,10,42,2602,13.01,64008
3395,0,1,4,4,10,False,23,3,205,973,4.865,0
3396,0,1,0,4,52,False,44,10,248,2808,14.04,0
3397,0,1,4,4,10,False,208,2,76,588,2.94,0
3398,0,1,4,4,10,False,41,6,200,1736,8.68,0
3399,0,1,1,2,23,False,0,0,0,0,0.0,0
3400,0,1,4,4,10,False,116,2,106,618,3.09,0
3401,0,1,11,5,34,False,1,10,41,2601,13.005,1
3402,0,1,4,4,10,False,206,0,121,121,0.605,0
3403,0,1,1,2,52,False,5,0,0,0,0.0,0
3404,0,1,4,4,10,False,40,2,182,694,3.47,0
3405,0,1,4,7,41,True,10,7,240,2032,10.16,666633
3406,0,1,4,4,10,True,40,13,23,3351,16.755,0
3407,0,1,5,1,2,False,0,0,0,0,0.0,0
3408,0,1,4,4,10,False,49,1,127,383,1.915,0
3409,0,1,30,1,10,True,0,0,0,0,0.0,0
3410,0,1,4,4,10,True,177,1,115,371,1.855,0
3411,0,1,14,6,1,False,72,4,10,1034,5.17,116
3412,0,1,4,4,10,False,228,1,187,443,2.215,0
3413,0,1,12,0,0,False,0,0,0,0,0.0,0
3414,0,1,4,4,10,False,165,0,237,237,1.185,0
3415,0,1,6,4,10,False,1,5,243,1523,7.615,0
3416,0,1,4,4,10,False,212,1,109,365,1.825,0
3417,0,1,7,4,10,False,185,1,152,408,2.04,0
3418,0,1,4,4,10,False,24,1,54,310,1.55,0
3419,0,1,7,4,10,False,212,2,219,731,3.655,0
3420,0,1,4,4,10,False,124,1,105,361,1.805,0
3421,0,1,7,4,10,False,25,0,59,59,0.295,0
3422,0,1,4,4,10,True,124,7,93,1885,9.425,0
3423,0,1,7,4,10,True,25,2,173,685,3.425,0
3424,0,1,7,4,10,False,118,4,9,1033,5.165,0
3425,0,1,4,4,10,False,213,1,100,356,1.78,0
3426,0,1,23,1,62,True,0,0,0,0,0.0,0
3427,0,1,4,4,10,False,78,0,224,224,1.12,0
3428,0,1,6,4,10,False,38,1,88,344,1.72,0
3429,0,1,4,4,10,False,164,1,33,289,1.445,0
3430,0,1,5,4,10,False,96,1,16,272,1.36,0
3431,0,1,4,4,10,False,66,4,139,1163,5.815,0
3432,0,1,5,4,53,True,3,12,44,3116,15.58,0
3433,0,1,4,4,10,False,216,3,169,937,4.685,0
3434,0,1,1,2,10,False,115,0,0,0,0.0,0
3435,0,1,4,4,10,True,216,10,125,2685,13.425,0
3436,0,1,0,5,27,False,44,12,10,3082,15.41,43
3437,0,1,4,4,10,False,164,2,22,534,2.67,0
3438,0,1,0,2,15,True,52,0,0,0,0.0,0
3439,0,1,4,4,10,False,208,1,144,400,2.0,0
3440,0,1,5,4,10,False,165,12,10,3082,15.41,0
3441,0,1,4,4,10,False,39,1,0,256,1.28,0
3442,0,1,23,7,3,True,44,10,209,2769,13.845,666625
3443,0,1,4,4,10,False,175,1,221,477,2.385,0
3444,0,1,4,7,0,False,191,5,4,1284,6.42,47882
3445,0,1,4,4,10,True,175,6,24,1560,7.8,0
3446,0,1,24,7,4,False,3,9,125,2429,12.145,13911290
3447,0,1,4,4,10,False,51,3,47,815,4.075,0
3448,0,1,0,4,63,False,137,12,10,3082,15.41,0
3449,0,1,4,4,10,False,187,3,236,1004,5.02,0
3450,0,1,20,3,2,False,52,12,0,3072,15.36,0
3451,0,1,4,4,10,False,12,5,194,1474,7.37,0
3452,0,1,17,2,41,True,44,0,0,0,0.0,0
3453,0,1,4,4,10,False,54,2,175,687,3.435,0
3454,0,1,1,2,24,True,1,0,0,0,0.0,0
3455,0,1,4,4,10,False,218,0,226,226,1.13,0
3456,0,1,0,2,56,False,3,0,0,0,0.0,0
3457,0,1,4,4,10,False,48,0,166,166,0.83,0
3458,0,1,6,1,1,False,0,0,0,0,0.0,0
3459,0,1,4,4,10,False,127,1,63,319,1.595,0
3460,0,1,15,0,0,False,0,0,0,0,0.0,0
3461,0,1,4,4,10,False,217,2,96,608,3.04,0
3462,0,1,25,7,0,False,122,4,10,1034,5.17,1136809
3463,0,1,4,4,10,True,217,12,106,3178,15.89,0
3464,0,1,6,1,44,False,0,0,0,0,0.0,0
3465,0,1,4,4,10,False,104,0,193,193,0.965,0
3466,0,1,1,2,31,True,1,0,0,0,0.0,0
3467,0,1,4,4,10,False,10,3,207,975,4.875,0
3468,0,1,20,0,0,False,0,0,0,0,0.0,0
3469,0,1,4,4,10,False,123,3,244,1012,5.06,0
3470,0,1,4,4,10,True,123,8,18,2066,10.33,0
3471,0,1,23,1,16,True,0,0,0,0,0.0,0
3472,0,1,4,4,10,False,68,1,34,290,1.45,0
3473,0,1,7,2,52,False,91,0,0,0,0.0,0
3474,0,1,4,4,10,True,68,1,16,272,1.36,0
3475,0,1,5,4,10,False,52,10,6,2566,12.83,0
3476,0,1,4,4,10,False,200,0,169,169,0.845,0
3477,0,1,0,4,10,False,222,11,44,2860,14.3,0
3478,0,1,4,4,10,False,178,1,177,433,2.165,0
3479,0,1,17,2,52,False,60,0,0,0,0.0,0
3480,0,1,4,4,10,True,178,2,17,529,2.645,0
3481,0,1,1,2,59,False,44,0,0,0,0.0,0
3482,0,1,4,4,10,False,92,1,14,270,1.35,0
3483,0,1,21,7,52,False,60,10,123,2683,13.415,3932446
3484,0,1,4,4,10,False,197,2,7,519,2.595,0
3485,0,1,5,4,10,True,33,2,102,614,3.07,0
3486,0,1,4,4,10,False,84,3,141,909,4.545,0
3487,0,1,6,4,10,False,198,1,214,470,2.35,0
3488,0,1,4,4,10,True,84,4,54,1078,5.39,0
3489,0,1,1,2,1,False,193,0,0,0,0.0,0
3490,0,1,4,4,10,False,17,4,215,1239,6.195,0
3491,0,1,30,5,7,True,60,9,0,2304,11.52,96
3492,0,1,4,4,10,False,157,2,253,765,3.825,0
3493,0,1,5,4,10,False,36,1,64,320,1.6,0
3494,0,1,4,4,10,False,198,2,102,614,3.07,0
3495,0,1,20,3,24,True,2,1,0,256,1.28,0
3496,0,1,4,4,10,False,53,0,165,165,0.825,0
3497,0,1,0,3,35,False,0,7,0,1792,8.96,0
3498,0,1,4,4,10,False,4,1,247,503,2.515,0
3499,0,1,10,4,0,False,64,0,91,91,0.455,0
3500,0,1,4,4,10,True,4,12,4,3076,15.38,0
3501,0,1,13,0,0,False,0,0,0,0,0.0,0
3502,0,1,4,4,10,False,174,1,141,397,1.985,0
3503,0,1,6,4,10,False,47,2,123,635,3.175,0
3504,0,1,4,4,10,True,174,1,122,378,1.89,0
3505,0,1,20,4,10,False,174,0,244,244,1.22,0
3506,0,1,4,4,10,False,108,0,218,218,1.09,0
3507,0,1,13,4,10,True,174,0,222,222,1.11,0
3508,0,1,4,4,10,False,177,0,129,129,0.645,0
3509,0,1,0,4,10,False,108,0,85,85,0.425,0
3510,0,1,4,4,10,False,32,2,5,517,2.585,0
3511,0,1,0,6,40,False,44,10,194,2754,13.77,13312
3512,0,1,4,4,10,True,10,5,67,1347,6.735,0
3513,0,1,5,4,10,True,194,0,133,133,0.665,0
3514,0,1,4,4,10,False,75,3,19,787,3.935,0
3515,0,1,1,2,1,False,89,0,0,0,0.0,0
3516,0,1,4,4,10,False,205,0,70,70,0.35,0
3517,0,1,0,7,33,False,117,12,138,3210,16.05,15664650
3518,0,1,4,4,10,True,135,1,48,304,1.52,0
3519,0,1,5,4,10,False,205,0,105,105,0.525,0
3520,0,1,4,4,10,False,31,2,82,594,2.97,0
3521,0,1,8,4,10,False,146,0,221,221,1.105,0
3522,0,1,4,4,10,True,31,1,211,467,2.335,0
3523,0,1,8,4,10,True,32,3,225,993,4.965,0
3524,0,1,4,4,10,False,25,3,130,898,4.49,0
3525,0,1,22,0,0,False,0,0,0,0,0.0,0
3526,0,1,4,4,10,False,122,1,65,321,1.605,0
3527,0,1,22,0,0,False,0,0,0,0,0.0,0
3528,0,1,4,4,10,False,185,1,129,385,1.925,0
3529,0,1,5,4,10,False,202,2,5,517,2.585,0
3530,0,1,4,4,10,False,23,1,34,290,1.45,0
3531,0,1,16,7,52,False,10,12,10,3082,15.41,9946750
3532,0,1,4,4,10,False,104,2,48,560,2.8,0
3533,0,1,8,4,10,False,44,10,24,2584,12.92,0
3534,0,1,4,4,10,False,26,2,94,606,3.03,0
3535,0,1,0,1,10,False,0,0,0,0,0.0,0
3536,0,1,4,4,10,False,133,4,250,1274,6.37,0
3537,0,1,3,1,44,False,0,0,0,0,0.0,0
3538,0,1,4,4,10,False,202,2,39,551,2.755,0
3539,0,1,1,2,23,True,10,0,0,0,0.0,0
3540,0,1,4,4,10,False,25,0,171,171,0.855,0
3541,0,1,5,4,3,False,224,12,60,3132,15.66,0
3542,0,1,4,4,10,False,114,0,95,95,0.475,0
3543,0,1,8,4,0,False,176,1,81,337,1.685,0
3544,0,1,4,4,10,False,238,0,228,228,1.14,0
3545,0,1,5,4,10,False,151,1,115,371,1.855,0
3546,0,1,4,4,10,True,238,1,106,362,1.81,0
3547,0,1,7,4,10,True,133,0,251,251,1.255,0
3548,0,1,4,4,10,False,11,1,146,402,2.01,0
3549,0,1,6,4,10,False,208,1,63,319,1.595,0
3550,0,1,4,4,10,False,60,0,241,241,1.205,0
3551,0,1,5,4,10,False,91,4,95,1119,5.595,0
3552,0,1,4,4,10,False,239,1,143,399,1.995,0
3553,0,1,5,4,10,False,170,3,145,913,4.565,0
3554,0,1,4,4,10,True,239,3,128,896,4.48,0
3555,0,1,5,4,10,False,59,5,164,1444,7.22,0
3556,0,1,4,4,10,False,168,0,78,78,0.39,0
3557,0,1,5,4,10,False,179,5,169,1449,7.245,0
3558,0,1,4,4,10,False,38,0,223,223,1.115,0
3559,0,1,5,4,10,False,37,4,107,1131,5.655,0
3560,0,1,4,4,10,False,176,1,97,353,1.765,0
3561,0,1,7,4,36,True,1,12,10,3082,15.41,0
3562,0,1,4,4,10,False,20,0,247,247,1.235,0
3563,0,1,22,7,9,False,241,12,138,3210,16.05,7080631
3564,0,1,4,4,10,False,168,3,228,996,4.98,0
3565,0,1,0,3,4,False,44,10,0,2560,12.8,0
3566,0,1,4,4,10,False,104,4,213,1237,6.185,0
3567,0,1,2,4,1,False,10,10,6,2566,12.83,0
3568,0,1,4,4,10,False,209,0,98,98,0.49,0
3569,0,1,27,1,44,False,0,0,0,0,0.0,0
3570,0,1,4,4,10,False,23,1,211,467,2.335,0
3571,0,1,17,2,10,False,7,0,0,0,0.0,0
3572,0,1,4,4,10,True,23,13,116,3444,17.22,0
3573,0,1,18,3,44,False,10,11,0,2816,14.08,0
3574,0,1,4,4,10,False,6,2,46,558,2.79,0
3575,0,1,0,4,10,False,59,4,90,1114,5.57,0
3576,0,1,4,4,10,False,48,2,236,748,3.74,0
3577,0,1,23,3,58,False,31,7,0,1792,8.96,0
3578,0,1,4,4,10,False,109,0,89,89,0.445,0
3579,0,1,5,4,10,False,10,12,138,3210,16.05,0
3580,0,1,4,4,10,False,39,0,68,68,0.34,0
3581,0,1,0,6,44,False,10,3,0,768,3.84,11331
3582,0,1,4,4,10,False,105,0,103,103,0.515,0
3583,0,1,17,2,3,True,0,0,0,0,0.0,0
3584,0,1,4,4,10,False,86,0,135,135,0.675,0
3585,0,1,5,7,1,False,14,1,44,300,1.5,9055242
3586,0,1,4,4,10,False,240,2,15,527,2.635,0
3587,0,1,6,7,0,False,61,4,10,1034,5.17,5964199
3588,0,1,4,4,10,False,100,1,153,409,2.045,0
3589,0,1,6,4,42,False,52,10,174,2734,13.67,0
3590,0,1,4,4,10,False,45,3,165,933,4.665,0
3591,0,1,5,4,3,False,147,15,4,3844,19.22,0
3592,0,1,4,4,10,True,182,11,209,3025,15.125,0
3593,0,1,8,4,52,False,10,3,3,771,3.855,0
3594,0,1,4,4,10,False,252,1,243,499,2.495,0
3595,0,1,1,0,0,False,0,0,0,0,0.0,0
3596,0,1,4,4,10,False,112,1,133,389,1.945,0
3597,0,1,17,2,7,False,221,0,0,0,0.0,0
3598,0,1,4,4,10,False,3,1,204,460,2.3,0
3599,0,1,5,4,10,False,240,10,57,2617,13.085,0
3600,0,1,4,4,10,False,3,3,45,813,4.065,0
3601,0,1,0,4,58,False,90,1,44,300,1.5,0
3602,0,1,4,4,10,False,3,4,234,1258,6.29,0
3603,0,1,17,2,4,False,44,0,0,0,0.0,0
3604,0,1,4,4,10,False,119,1,133,389,1.945,0
3605,0,1,5,4,10,False,4,4,10,1034,5.17,0
3606,0,1,4,4,10,False,184,3,16,784,3.92,0
3607,0,1,31,7,3,False,202,8,44,2092,10.46,159754
3608,0,1,4,4,10,True,82,13,117,3445,17.225,0
3609,0,1,30,4,44,False,10,14,2,3586,17.93,0
3610,0,1,4,4,10,False,128,2,247,759,3.795,0
3611,0,1,30,5,30,True,15,12,2,3074,15.37,114
3612,0,1,4,4,10,False,5,2,110,622,3.11,0
3613,0,1,13,7,59,False,10,3,243,1011,5.055,2901036
3614,0,1,4,4,10,False,163,1,186,442,2.21,0
3615,0,1,17,2,35,True,5,0,0,0,0.0,0
3616,0,1,4,4,10,True,163,5,179,1459,7.295,0
3617,0,1,7,6,10,False,33,2,52,564,2.82,15428
3618,0,1,4,4,10,False,177,4,90,1114,5.57,0
3619,0,1,1,2,5,False,3,0,0,0,0.0,0
3620,0,1,4,4,10,False,88,7,230,2022,10.11,0
3621,0,1,5,4,10,False,130,1,12,268,1.34,0
3622,0,1,4,4,10,False,182,2,18,530,2.65,0
3623,0,1,5,4,3,False,186,12,10,3082,15.41,0
3624,0,1,4,4,10,False,224,0,147,147,0.735,0
3625,0,1,10,4,44,False,10,0,2,2,0.01,0
3626,0,1,4,4,10,False,216,3,7,775,3.875,0
3627,0,1,21,1,8,False,0,0,0,0,0.0,0
3628,0,1,4,4,10,False,7,4,28,1052,5.26,0
3629,0,1,18,4,52,False,163,1,2,258,1.29,0
3630,0,1,4,4,10,False,135,0,157,157,0.785,0
3631,0,1,8,7,58,False,2,15,186,4026,20.13,179260
3632,0,1,4,4,10,False,187,4,95,1119,5.595,0
3633,0,1,21,4,10,True,44,10,188,2748,13.74,0
3634,0,1,4,4,10,False,123,1,59,315,1.575,0
3635,0,1,0,2,5,False,135,0,0,0,0.0,0
3636,0,1,4,4,10,True,49,5,195,1475,7.375,0
3637,0,1,23,3,44,False,138,11,0,2816,14.08,0
3638,0,1,4,4,10,False,49,0,60,60,0.3,0
3639,0,1,7,4,10,False,93,1,221,477,2.385,0
3640,0,1,4,4,10,False,169,0,83,83,0.415,0
3641,0,1,5,4,10,False,162,11,235,3051,15.255,0
3642,0,1,4,4,10,False,4,0,54,54,0.27,0
3643,0,1,5,4,10,False,72,0,77,77,0.385,0
3644,0,1,4,4,10,False,186,2,209,721,3.605,0
3645,0,1,5,4,10,True,72,8,53,2101,10.505,0
3646,0,1,4,4,10,False,39,0,249,249,1.245,0
3647,0,1,5,4,10,False,48,0,206,206,1.03,0
3648,0,1,4,4,10,False,170,1,104,360,1.8,0
3649,0,1,5,4,10,False,173,2,65,577,2.885,0
3650,0,1,4,4,10,False,255,2,101,613,3.065,0
3651,0,1,5,4,10,True,173,2,232,744,3.72,0
3652,0,1,4,4,10,False,158,2,252,764,3.82,0
3653,0,1,5,4,10,False,113,1,245,501,2.505,0
3654,0,1,4,4,10,False,35,2,76,588,2.94,0
3655,0,1,5,4,10,False,39,0,224,224,1.12,0
3656,0,1,4,4,10,False,134,1,99,355,1.775,0
3657,0,1,5,4,10,False,170,1,142,398,1.99,0
3658,0,1,4,4,10,False,219,3,127,895,4.475,0
3659,0,1,5,4,10,False,255,1,244,500,2.5,0
3660,0,1,4,4,10,False,80,1,69,325,1.625,0
3661,0,1,5,4,3,False,166,4,10,1034,5.17,0
3662,0,1,4,4,10,True,80,2,12,524,2.62,0
3663,0,1,5,4,44,False,10,0,0,0,0.0,0
3664,0,1,4,4,10,False,42,0,162,162,0.81,0
3665,0,1,18,1,16,True,0,0,0,0,0.0,0
3666,0,1,4,4,10,False,140,2,152,664,3.32,0
3667,0,1,0,6,27,False,10,6,4,1540,7.7,15403
3668,0,1,4,4,10,False,8,0,117,117,0.585,0
3669,0,1,1,2,27,True,68,0,0,0,0.0,0
3670,0,1,4,4,10,False,158,3,152,920,4.6,0
3671,0,1,7,4,44,False,138,12,52,3124,15.62,0
3672,0,1,4,4,10,False,197,0,227,227,1.135,0
3673,0,1,1,2,5,False,52,0,0,0,0.0,0
3674,0,1,4,4,10,False,127,1,216,472,2.36,0
3675,0,1,1,2,4,False,2,0,0,0,0.0,0
3676,0,1,4,4,10,True,112,9,37,2341,11.705,0
3677,0,1,10,1,22,False,0,0,0,0,0.0,0
3678,0,1,4,4,10,False,32,0,200,200,1.0,0
3679,0,1,0,2,44,False,10,0,0,0,0.0,0
3680,0,1,4,4,10,True,32,0,102,102,0.51,0
3681,0,1,12,6,10,False,37,1,161,417,2.085,46636
3682,0,1,4,4,10,False,72,0,190,190,0.95,0
3683,0,1,1,2,41,True,3,0,0,0,0.0,0
3684,0,1,4,4,10,False,123,0,196,196,0.98,0
3685,0,1,7,4,44,False,138,1,153,409,2.045,0
3686,0,1,4,4,10,False,11,1,7,263,1.315,0
3687,0,1,6,4,39,False,14,4,178,1202,6.01,0
3688,0,1,4,4,10,False,133,1,227,483,2.415,0
3689,0,1,15,7,61,True,77,4,138,1162,5.81,13435524
3690,0,1,4,4,10,False,213,0,248,248,1.24,0
3691,0,1,7,4,10,False,123,1,92,348,1.74,0
3692,0,1,4,4,10,False,210,4,186,1210,6.05,0
3693,0,1,6,4,10,False,120,0,235,235,1.175,0
3694,0,1,4,4,10,False,60,3,19,787,3.935,0
3695,0,1,8,4,10,False,170,0,219,219,1.095,0
3696,0,1,4,4,10,False,230,1,47,303,1.515,0
3697,0,1,6,4,10,False,61,1,157,413,2.065,0
3698,0,1,4,4,10,False,59,4,191,1215,6.075,0
3699,0,1,6,4,10,False,220,0,178,178,0.89,0
3700,0,1,4,4,10,False,169,2,251,763,3.815,0
3701,0,1,1,2,5,False,95,0,0,0,0.0,0
3702,0,1,4,4,10,False,207,0,118,118,0.59,0
3703,0,1,15,0,0,False,0,0,0,0,0.0,0
3704,0,1,4,4,10,False,127,3,191,959,4.795,0
3705,0,1,5,4,10,False,12,12,10,3082,15.41,0
3706,0,1,4,4,10,False,127,4,173,1197,5.985,0
3707,0,1,1,5,6,False,42,4,10,1034,5.17,6
3708,0,1,4,4,10,False,50,0,88,88,0.44,0
3709,0,1,8,4,43,False,2,2,4,516,2.58,0
3710,0,1,4,4,10,False,194,1,9,265,1.325,0
3711,0,1,1,2,62,True,52,0,0,0,0.0,0
3712,0,1,4,4,10,False,237,0,90,90,0.45,0
3713,0,1,1,2,10,False,207,0,0,0,0.0,0
3714,0,1,4,4,10,False,85,1,47,303,1.515,0
3715,0,1,17,1,3,False,0,0,0,0,0.0,0
3716,0,1,4,4,10,False,10,1,60,316,1.58,0
3717,0,1,14,2,46,False,0,0,0,0,0.0,0
3718,0,1,4,4,10,True,10,11,167,2983,14.915,0
3719,0,1,31,3,2,True,2,15,0,3840,19.2,0
3720,0,1,4,4,10,False,200,2,161,673,3.365,0
3721,0,1,0,4,4,False,245,2,1,513,2.565,0
3722,0,1,4,4,10,False,28,0,155,155,0.775,0
3723,0,1,1,2,34,True,85,0,0,0,0.0,0
3724,0,1,4,4,10,True,28,2,170,682,3.41,0
3725,0,1,4,4,10,False,200,1,31,287,1.435,0
3726,0,1,6,4,10,False,1,5,10,1290,6.45,0
3727,0,1,4,4,10,False,91,0,233,233,1.165,0
3728,0,1,0,1,10,False,0,0,0,0,0.0,0
3729,0,1,4,4,10,False,185,4,85,1109,5.545,0
3730,0,1,26,5,6,False,40,4,138,1162,5.81,96
3731,0,1,4,4,10,False,255,0,82,82,0.41,0
3732,0,1,0,2,63,False,44,0,0,0,0.0,0
3733,0,1,4,4,10,False,25,0,103,103,0.515,0
3734,0,1,1,2,22,True,2,0,0,0,0.0,0
3735,0,1,4,4,10,False,194,1,48,304,1.52,0
3736,0,1,11,0,0,False,0,0,0,0,0.0,0
3737,0,1,4,4,10,True,194,6,203,1739,8.695,0
3738,0,1,5,4,10,False,184,8,146,2194,10.97,0
3739,0,1,8,4,10,False,34,0,88,88,0.44,0
3740,0,1,4,4,10,False,198,0,95,95,0.475,0
3741,0,1,8,2,0,False,88,0,0,0,0.0,0
3742,0,1,4,4,10,False,21,2,110,622,3.11,0
3743,0,1,5,4,10,True,34,10,17,2577,12.885,0
3744,0,1,4,4,10,True,21,2,170,682,3.41,0
3745,0,1,0,4,7,True,130,9,194,2498,12.49,0
3746,0,1,5,4,4,False,160,4,10,1034,5.17,0
3747,0,1,4,4,10,False,178,0,94,94,0.47,0
3748,0,1,22,5,6,True,0,10,1,2561,12.805,233
3749,0,1,4,4,10,True,178,0,76,76,0.38,0
3750,0,1,8,4,10,True,56,4,10,1034,5.17,0
3751,0,1,4,4,10,False,77,3,53,821,4.105,0
3752,0,1,6,4,10,False,40,1,245,501,2.505,0
3753,0,1,4,4,10,False,157,1,147,403,2.015,0
3754,0,1,7,4,10,False,82,0,113,113,0.565,0
3755,0,1,4,4,10,False,38,1,11,267,1.335,0
3756,0,1,6,4,10,False,157,1,76,332,1.66,0
3757,0,1,4,4,10,False,244,3,121,889,4.445,0
3758,0,1,6,3,38,False,0,14,0,3584,17.92,0
3759,0,1,4,4,10,False,84,3,164,932,4.66,0
3760,0,1,5,4,10,False,68,10,77,2637,13.185,0
3761,0,1,4,4,10,False,130,1,106,362,1.81,0
3762,0,1,0,2,46,False,52,0,0,0,0.0,0
3763,0,1,4,4,10,False,6,1,231,487,2.435,0
3764,0,1,1,2,40,True,4,0,0,0,0.0,0
3765,0,1,4,4,10,True,170,15,192,4032,20.16,0
3766,0,1,14,6,4,False,10,10,12,2572,12.86,11372
3767,0,1,4,4,10,False,170,1,219,475,2.375,0
3768,0,1,1,2,12,True,0,0,0,0,0.0,0
3769,0,1,4,4,10,True,170,0,238,238,1.19,0
3770,0,1,12,6,26,True,12,6,96,1632,8.16,2604
3771,0,1,4,4,10,False,233,2,102,614,3.07,0
3772,0,1,7,4,10,True,131,12,10,3082,15.41,0
3773,0,1,4,4,10,False,67,5,14,1294,6.47,0
3774,0,1,22,0,0,False,0,0,0,0,0.0,0
3775,0,1,4,4,10,True,67,4,201,1225,6.125,0
3776,0,1,5,4,10,False,233,1,192,448,2.24,0
3777,0,1,4,4,10,False,12,1,44,300,1.5,0
3778,0,1,8,3,52,False,10,1,0,256,1.28,0
3779,0,1,4,4,10,True,12,1,25,281,1.405,0
3780,0,1,6,4,10,False,98,6,172,1708,8.54,0
3781,0,1,4,4,10,False,4,2,25,537,2.685,0
3782,0,1,8,4,10,False,57,2,134,646,3.23,0
3783,0,1,4,4,10,False,4,2,181,693,3.465,0
3784,0,1,6,4,10,False,5,1,78,334,1.67,0
3785,0,1,4,4,10,False,180,1,179,435,2.175,0
3786,0,1,8,4,10,True,4,1,56,312,1.56,0
3787,0,1,4,4,10,False,62,0,128,128,0.64,0
3788,0,1,6,4,10,False,223,3,212,980,4.9,0
3789,0,1,4,4,10,False,199,0,204,204,1.02,0
3790,0,1,6,4,10,True,223,3,129,897,4.485,0
3791,0,1,4,4,10,False,3,1,244,500,2.5,0
3792,0,1,6,4,10,False,3,1,135,391,1.955,0
3793,0,1,4,4,10,False,241,2,211,723,3.615,0
3794,0,1,6,4,10,True,3,1,114,370,1.85,0
3795,0,1,4,4,10,False,63,4,60,1084,5.42,0
3796,0,1,18,1,42,False,0,0,0,0,0.0,0
3797,0,1,4,4,10,False,175,0,212,212,1.06,0
3798,0,1,17,2,52,False,10,0,0,0,0.0,0
3799,0,1,4,4,10,False,51,1,10,266,1.33,0
3800,0,1,5,4,18,True,0,0,5,5,0.025,0
3801,0,1,4,4,10,False,103,2,167,679,3.395,0
3802,0,1,0,3,44,False,10,2,0,512,2.56,0
3803,0,1,4,4,10,True,7,1,4,260,1.3,0
3804,0,1,0,1,17,False,0,0,0,0,0.0,0
3805,0,1,4,4,10,False,13,2,51,563,2.815,0
3806,0,1,21,7,8,False,12,12,44,3116,15.58,212874
3807,0,1,4,4,10,False,189,2,75,587,2.935,0
3808,0,1,14,6,44,False,10,6,4,1540,7.7,11460
3809,0,1,4,4,10,False,191,8,153,2201,11.005,0
3810,0,1,1,2,16,False,9,0,0,0,0.0,0
3811,0,1,4,4,10,False,80,11,231,3047,15.235,0
3812,0,1,1,1,41,True,0,0,0,0,0.0,0
3813,0,1,4,4,10,True,211,1,25,281,1.405,0
3814,0,1,7,4,10,True,103,7,57,1849,9.245,0
3815,0,1,4,4,10,False,211,1,22,278,1.39,0
3816,0,1,7,4,10,True,153,9,44,2348,11.74,0
3817,0,1,4,4,10,False,255,0,186,186,0.93,0
3818,0,1,1,2,10,False,160,0,0,0,0.0,0
3819,0,1,4,4,10,False,120,2,166,678,3.39,0
3820,0,1,5,4,10,True,217,15,2,3842,19.21,0
3821,0,1,4,4,10,False,120,2,228,740,3.7,0
3822,0,1,2,3,1,False,254,10,0,2560,12.8,0
3823,0,1,4,4,10,True,120,2,157,669,3.345,0
3824,0,1,16,5,0,False,208,12,138,3210,16.05,120
3825,0,1,4,4,10,False,172,2,38,550,2.75,0
3826,0,1,5,4,10,False,129,1,36,292,1.46,0
3827,0,1,17,2,44,True,2,0,0,0,0.0,0
3828,0,1,0,1,59,False,0,0,0,0,0.0,0
3829,0,1,5,4,10,False,168,4,10,1034,5.17,0
3830,0,1,11,2,0,False,168,0,0,0,0.0,0
3831,0,1,4,4,10,False,218,2,28,540,2.7,0
3832,0,1,10,5,42,True,44,10,168,2728,13.64,4
3833,0,1,4,4,10,False,68,0,102,102,0.51,0
3834,0,1,17,5,9,True,88,12,10,3082,15.41,68
3835,0,1,4,4,10,False,211,1,8,264,1.32,0
3836,0,1,17,2,44,False,138,0,0,0,0.0,0
3837,0,1,4,4,10,False,50,1,101,357,1.785,0
3838,0,1,8,4,0,False,180,12,10,3082,15.41,0
3839,0,1,4,4,10,True,50,5,41,1321,6.605,0
3840,0,1,29,2,0,False,55,0,0,0,0.0,0
3841,0,1,4,4,10,False,208,0,102,102,0.51,0
3842,0,1,6,4,10,False,215,0,94,94,0.47,0
3843,0,1,4,4,10,False,133,1,199,455,2.275,0
3844,0,1,6,5,44,False,138,12,0,3072,15.36,109
3845,0,1,4,4,10,False,227,4,6,1030,5.15,0
3846,0,1,6,4,4,False,44,10,54,2614,13.07,0
3847,0,1,4,4,10,False,100,2,62,574,2.87,0
3848,0,1,0,2,10,False,227,0,0,0,0.0,0
3849,0,1,4,4,10,True,6,7,192,1984,9.92,0
3850,0,1,0,1,35,True,0,0,0,0,0.0,0
3851,0,1,4,4,10,False,114,0,230,230,1.15,0
3852,0,1,6,4,10,False,95,0,231,231,1.155,0
3853,0,1,4,4,10,False,120,2,157,669,3.345,0
3854,0,1,5,4,10,False,202,2,234,746,3.73,0
3855,0,1,4,4,10,False,6,1,195,451,2.255,0
3856,0,1,5,4,10,False,100,4,83,1107,5.535,0
3857,0,1,4,4,10,False,6,1,233,489,2.445,0
3858,0,1,5,4,4,False,138,12,10,3082,15.41,0
3859,0,1,4,4,10,False,16,2,147,659,3.295,0
3860,0,1,5,4,4,False,75,6,10,1546,7.73,0
3861,0,1,4,4,10,False,117,2,153,665,3.325,0
3862,0,1,5,4,10,False,43,12,8,3080,15.4,0
3863,0,1,4,4,10,False,188,1,59,315,1.575,0
3864,0,1,0,5,2,False,210,15,5,3845,19.225,218
3865,0,1,4,4,10,False,38,2,171,683,3.415,0
3866,0,1,5,4,10,False,210,2,33,545,2.725,0
3867,0,1,4,4,10,False,241,1,104,360,1.8,0
3868,0,1,0,2,2,False,28,0,0,0,0.0,0
3869,0,1,4,4,10,False,26,2,40,552,2.76,0
3870,0,1,23,4,2,False,111,0,90,90,0.45,0
3871,0,1,4,4,10,False,212,0,177,177,0.885,0
3872,0,1,4,1,59,False,0,0,0,0,0.0,0
3873,0,1,4,4,10,False,218,0,204,204,1.02,0
3874,0,1,16,6,10,False,237,13,26,3354,16.77,37383
3875,0,1,4,4,10,False,141,1,155,411,2.055,0
3876,0,1,5,4,10,False,249,2,91,603,3.015,0
3877,0,1,4,4,10,False,241,1,220,476,2.38,0
3878,0,1,7,4,10,True,249,2,47,559,2.795,0
3879,0,1,4,4,10,False,53,0,230,230,1.15,0
3880,0,1,7,4,10,False,247,0,255,255,1.275,0
3881,0,1,4,4,10,False,165,1,122,378,1.89,0
3882,0,1,7,4,10,True,247,0,191,191,0.955,0
3883,0,1,4,4,10,False,65,1,77,333,1.665,0
3884,0,1,7,4,10,False,50,1,231,487,2.435,0
3885,0,1,4,4,10,False,238,3,242,1010,5.05,0
3886,0,1,7,4,10,False,174,4,77,1101,5.505,0
3887,0,1,4,4,10,True,238,4,103,1127,5.635,0
3888,0,1,6,4,10,False,238,5,215,1495,7.475,0
3889,0,1,4,4,10,False,232,4,58,1082,5.41,0
3890,0,1,7,4,10,True,238,5,150,1430,7.15,0
3891,0,1,4,4,10,False,49,1,208,464,2.32,0
3892,0,1,1,2,3,False,208,0,0,0,0.0,0
3893,0,1,4,4,10,False,182,1,242,498,2.49,0
3894,0,1,1,2,2,False,0,0,0,0,0.0,0
3895,0,1,4,4,10,False,10,1,239,495,2.475,0
3896,0,1,6,4,10,False,170,0,197,197,0.985,0
3897,0,1,4,4,10,False,143,3,111,879,4.395,0
3898,0,1,5,4,7,True,68,10,238,2798,13.99,0
3899,0,1,4,4,10,True,143,12,83,3155,15.775,0
3900,0,1,7,4,15,True,3,3,152,920,4.6,0
3901,0,1,4,4,10,False,169,0,185,185,0.925,0
3902,0,1,5,4,10,False,174,8,7,2055,10.275,0
3903,0,1,4,4,10,False,0,2,50,562,2.81,0
3904,0,1,5,4,44,False,10,10,0,2560,12.8,0
3905,0,1,4,4,10,False,107,4,40,1064,5.32,0
3906,0,1,11,3,35,False,44,10,0,2560,12.8,0
3907,0,1,4,4,10,False,192,0,66,66,0.33,0
3908,0,1,0,1,4,False,0,0,0,0,0.0,0
3909,0,1,4,4,10,True,192,6,242,1778,8.89,0
3910,0,1,0,4,44,False,10,6,60,1596,7.98,0
3911,0,1,4,4,10,False,200,2,152,664,3.32,0
3912,0,1,1,2,52,False,4,0,0,0,0.0,0
3913,0,1,4,4,10,False,26,0,129,129,0.645,0
3914,0,1,1,2,0,False,2,0,0,0,0.0,0
3915,0,1,4,4,10,False,131,0,201,201,1.005,0
3916,0,1,6,4,4,False,138,0,97,97,0.485,0
3917,0,1,4,4,10,True,131,3,140,908,4.54,0
3918,0,1,1,2,0,False,78,0,0,0,0.0,0
3919,0,1,4,4,10,False,101,0,92,92,0.46,0
3920,0,1,1,2,62,True,7,0,0,0,0.0,0
3921,0,1,4,4,10,False,140,2,68,580,2.9,0
3922,0,1,6,4,10,False,34,10,220,2780,13.9,0
3923,0,1,4,4,10,False,17,0,83,83,0.415,0
3924,0,1,0,2,1,False,172,0,0,0,0.0,0
3925,0,1,4,4,10,False,142,0,84,84,0.42,0
3926,0,1,25,0,0,False,0,0,0,0,0.0,0
3927,0,1,4,4,10,False,179,1,124,380,1.9,0
3928,0,1,5,4,10,False,44,10,42,2602,13.01,0
3929,0,1,4,4,10,False,76,1,189,445,2.225,0
3930,0,1,4,4,10,False,208,1,169,425,2.125,0
3931,0,1,4,4,36,True,10,1,4,260,1.3,0
3932,0,1,4,4,10,False,246,1,115,371,1.855,0
3933,0,1,31,7,44,False,10,8,0,2048,10.24,666874
3934,0,1,4,4,10,False,139,1,216,472,2.36,0
3935,0,1,30,7,1,False,50,12,10,3082,15.41,6095047
3936,0,1,4,4,10,True,73,11,11,2827,14.135,0
3937,0,1,22,3,42,False,7,0,0,0,0.0,0
3938,0,1,4,4,10,False,147,3,194,962,4.81,0
3939,0,1,5,4,10,True,44,10,148,2708,13.54,0
3940,0,1,4,4,10,False,67,1,87,343,1.715,0
3941,0,1,0,1,10,True,0,0,0,0,0.0,0
3942,0,1,4,4,10,False,243,0,255,255,1.275,0
3943,0,1,18,4,1,False,88,4,10,1034,5.17,0
3944,0,1,4,4,10,False,43,5,74,1354,6.77,0
3945,0,1,8,3,44,False,10,10,0,2560,12.8,0
3946,0,1,4,4,10,False,155,0,89,89,0.445,0
3947,0,1,0,1,42,False,0,0,0,0,0.0,0
3948,0,1,4,4,10,False,9,1,200,456,2.28,0
3949,0,1,0,5,47,False,68,6,44,1580,7.9,7
3950,0,1,4,4,10,False,112,1,150,406,2.03,0
3951,0,1,0,7,29,True,10,12,10,3082,15.41,113167
3952,0,1,4,4,10,False,167,2,33,545,2.725,0
3953,0,1,5,4,10,False,173,1,156,412,2.06,0
3954,0,1,4,4,10,False,83,2,78,590,2.95,0
3955,0,1,5,4,31,True,68,10,15,2575,12.875,0
3956,0,1,4,4,10,False,16,0,73,73,0.365,0
3957,0,1,0,3,20,False,1,0,0,0,0.0,0
3958,0,1,4,4,10,False,205,1,6,262,1.31,0
3959,0,1,31,5,4,False,138,3,0,768,3.84,230
3960,0,1,4,4,10,False,206,2,126,638,3.19,0
3961,0,1,0,2,44,False,10,0,0,0,0.0,0
3962,0,1,4,4,10,False,168,2,157,669,3.345,0
3963,0,1,10,1,0,False,0,0,0,0,0.0,0
3964,0,1,4,4,10,False,222,4,243,1267,6.335,0
3965,0,1,24,2,23,False,44,0,0,0,0.0,0
3966,0,1,4,4,10,False,81,1,166,422,2.11,0
3967,0,1,1,2,20,False,7,0,0,0,0.0,0
3968,0,1,4,4,10,False,172,0,80,80,0.4,0
3969,0,1,5,1,52,False,0,0,0,0,0.0,0
3970,0,1,4,4,10,False,227,1,43,299,1.495,0
3971,0,1,1,2,26,True,0,0,0,0,0.0,0
3972,0,1,4,4,10,True,227,6,154,1690,8.45,0
3973,0,1,22,0,0,False,0,0,0,0,0.0,0
3974,0,1,4,4,10,False,90,0,225,225,1.125,0
3975,0,1,5,4,10,False,207,2,101,613,3.065,0
3976,0,1,4,4,10,True,90,0,207,207,1.035,0
3977,0,1,6,4,10,False,91,0,32,32,0.16,0
3978,0,1,4,4,10,False,84,0,222,222,1.11,0
3979,0,1,6,4,10,True,91,6,71,1607,8.035,0
3980,0,1,4,4,10,False,194,1,121,377,1.885,0
3981,0,1,6,4,10,False,24,2,254,766,3.83,0
3982,0,1,4,4,10,False,8,2,41,553,2.765,0
3983,0,1,23,0,0,False,0,0,0,0,0.0,0
3984,0,1,4,4,10,False,176,1,229,485,2.425,0
3985,0,1,13,0,0,False,0,0,0,0,0.0,0
3986,0,1,4,4,10,False,21,0,201,201,1.005,0
3987,0,1,1,2,13,True,1,0,0,0,0.0,0
3988,0,1,4,4,10,True,21,6,136,1672,8.36,0
3989,0,1,5,4,4,False,10,1,101,357,1.785,0
3990,0,1,4,4,10,False,229,0,213,213,1.065,0
3991,0,1,2,5,44,False,10,5,0,1280,6.4,86
3992,0,1,4,4,10,False,20,2,150,662,3.31,0
3993,0,1,28,1,0,False,0,0,0,0,0.0,0
3994,0,1,4,4,10,True,216,3,82,850,4.25,0
3995,0,1,1,2,52,False,10,0,0,0,0.0,0
3996,0,1,4,4,10,False,216,0,171,171,0.855,0
3997,0,1,6,0,0,False,0,0,0,0,0.0,0
3998,0,1,4,4,10,False,104,0,61,61,0.305,0
3999,0,1,0,1,48,True,0,0,0,0,0.0,0
4000,0,1,4,4,10,True,104,3,173,941,4.705,0
4001,0,1,0,3,44,False,138,12,0,3072,15.36,0
4002,0,1,4,4,10,False,21,2,232,744,3.72,0
4003,0,1,1,1,4,False,0,0,0,0,0.0,0
4004,0,1,4,4,10,False,127,4,66,1090,5.45,0
4005,0,1,19,6,52,False,10,3,208,976,4.88,32000
4006,0,1,4,4,10,False,250,0,249,249,1.245,0
4007,0,1,5,4,10,False,155,3,179,947,4.735,0
4008,0,1,4,4,10,False,94,1,142,398,1.99,0
4009,0,1,6,4,10,False,223,4,42,1066,5.33,0
4010,0,1,4,4,10,False,247,3,246,1014,5.07,0
4011,0,1,6,4,10,True,223,4,1,1025,5.125,0
4012,0,1,4,4,10,False,88,2,153,665,3.325,0
4013,0,1,6,4,10,False,173,1,231,487,2.435,0
4014,0,1,4,4,10,False,134,2,28,540,2.7,0
4015,0,1,6,4,10,False,23,0,252,252,1.26,0
4016,0,1,4,4,10,False,43,1,227,483,2.415,0
4017,0,1,18,4,10,False,140,2,1,513,2.565,0
4018,0,1,4,4,10,False,174,5,176,1456,7.28,0
4019,0,1,1,2,4,False,223,0,0,0,0.0,0
4020,0,1,4,4,10,False,57,3,230,998,4.99,0
4021,0,1,9,2,52,False,10,0,0,0,0.0,0
4022,0,1,4,4,10,False,120,2,210,722,3.61,0
4023,0,1,2,7,5,False,89,12,10,3082,15.41,666638
4024,0,1,4,4,10,False,225,0,189,189,0.945,0
4025,0,1,16,3,15,False,254,11,0,2816,14.08,0
4026,0,1,4,4,10,False,95,2,203,715,3.575,0
4027,0,1,0,4,26,False,85,4,10,1034,5.17,0
4028,0,1,4,4,10,False,4,1,201,457,2.285,0
4029,0,1,15,0,0,False,0,0,0,0,0.0,0
4030,0,1,4,4,10,True,4,0,150,150,0.75,0
4031,0,1,4,4,10,False,200,1,254,510,2.55,0
4032,0,1,15,0,0,False,0,0,0,0,0.0,0
4033,0,1,4,4,10,True,200,1,235,491,2.455,0
4034,0,1,7,4,10,False,192,1,10,266,1.33,0
4035,0,1,4,4,10,False,51,1,111,367,1.835,0
4036,0,1,7,4,10,False,218,1,167,423,2.115,0
4037,0,1,4,4,10,False,172,1,206,462,2.31,0
4038,0,1,7,4,10,False,51,1,97,353,1.765,0
4039,0,1,4,4,10,False,100,3,178,946,4.73,0
4040,0,1,7,4,10,False,173,0,57,57,0.285,0
4041,0,1,4,4,10,False,191,8,170,2218,11.09,0
4042,0,1,7,4,10,False,100,1,155,411,2.055,0
4043,0,1,4,4,10,False,27,2,161,673,3.365,0
4044,0,1,7,4,10,False,150,4,160,1184,5.92,0
4045,0,1,4,4,10,False,89,0,142,142,0.71,0
4046,0,1,7,4,10,False,26,3,27,795,3.975,0
4047,0,1,4,4,10,True,89,14,71,3655,18.275,0
4048,0,1,9,2,0,False,136,0,0,0,0.0,0
4049,0,1,8,5,60,False,10,9,10,2314,11.57,43
4050,0,1,4,4,10,False,237,2,57,569,2.845,0
4051,0,1,6,4,10,False,206,3,12,780,3.9,0
4052,0,1,4,4,10,False,77,1,164,420,2.1,0
4053,0,1,7,4,10,False,27,0,73,73,0.365,0
4054,0,1,4,4,10,False,203,0,198,198,0.99,0
4055,0,1,6,4,10,False,80,4,173,1197,5.985,0
4056,0,1,4,4,10,False,57,2,8,520,2.6,0
4057,0,1,7,4,10,True,80,4,152,1176,5.88,0
4058,0,1,4,4,10,False,133,1,180,436,2.18,0
4059,0,1,6,4,10,False,57,0,199,199,0.995,0
4060,0,1,4,4,10,True,133,7,205,1997,9.985,0
4061,0,1,6,4,10,False,165,2,35,547,2.735,0
4062,0,1,4,4,10,False,176,1,136,392,1.96,0
4063,0,1,6,4,10,True,165,2,149,661,3.305,0
4064,0,1,4,4,10,False,23,0,114,114,0.57,0
4065,0,1,6,4,10,False,116,0,61,61,0.305,0
4066,0,1,4,4,10,False,86,1,108,364,1.82,0
4067,0,1,27,3,52,False,0,9,0,2304,11.52,0
4068,0,1,4,4,10,False,213,0,102,102,0.51,0
4069,0,1,1,2,57,False,227,0,0,0,0.0,0
4070,0,1,4,4,10,False,116,2,0,512,2.56,0
4071,0,1,26,2,4,False,1,0,0,0,0.0,0
4072,0,1,4,4,10,True,116,5,42,1322,6.61,0
4073,0,1,18,5,4,False,138,4,1,1025,5.125,163
4074,0,1,4,4,10,False,82,2,41,553,2.765,0
4075,0,1,8,4,10,False,44,10,116,2676,13.38,0
4076,0,1,4,4,10,False,155,0,124,124,0.62,0
4077,0,1,0,2,55,False,44,0,0,0,0.0,0
4078,0,1,4,4,10,True,155,2,129,641,3.205,0
4079,0,1,1,2,19,False,1,0,0,0,0.0,0
4080,0,1,4,4,10,False,174,1,57,313,1.565,0
4081,0,1,5,4,10,False,155,4,10,1034,5.17,0
4082,0,1,4,4,10,False,201,0,70,70,0.35,0
4083,0,1,12,1,27,False,0,0,0,0,0.0,0
4084,0,1,4,4,10,False,89,1,115,371,1.855,0
4085,0,1,0,4,16,True,68,12,116,3188,15.94,0
4086,0,1,4,4,10,False,200,0,83,83,0.415,0
4087,0,1,0,6,18,False,68,10,44,2604,13.02,2314
4088,0,1,4,4,10,False,8,1,50,306,1.53,0
4089,0,1,6,4,10,False,56,12,138,3210,16.05,0
4090,0,1,4,4,10,False,208,3,1,769,3.845,0
4091,0,1,1,1,44,False,0,0,0,0,0.0,0
4092,0,1,4,4,10,True,208,6,214,1750,8.75,0
4093,0,1,1,2,12,True,2,0,0,0,0.0,0
4094,0,1,4,4,10,False,104,2,192,704,3.52,0
4095,0,1,14,0,0,False,0,0,0,0,0.0,0
4096,0,1,4,4,10,False,233,1,141,397,1.985,0
4097,0,1,26,7,2,False,107,1,44,300,1.5,666676
4098,0,1,4,4,10,True,233,4,27,1051,5.255,0
4099,0,1,17,6,1,False,127,10,36,2596,12.98,25345
4100,0,1,4,4,10,False,110,0,69,69,0.345,0
4101,0,1,26,5,60,False,10,13,4,3332,16.66,10
4102,0,1,4,4,10,False,92,1,175,431,2.155,0
4103,0,1,26,5,44,False,10,12,0,3072,15.36,110
4104,0,1,4,4,10,False,214,3,11,779,3.895,0
4105,0,1,5,4,10,True,139,1,86,342,1.71,0
4106,0,1,4,4,10,False,59,0,177,177,0.885,0
4107,0,1,16,4,10,False,215,3,185,953,4.765,0
4108,0,1,4,4,10,False,175,1,33,289,1.445,0
4109,0,1,17,2,0,False,199,0,0,0,0.0,0
4110,0,1,4,4,10,False,2,0,78,78,0.39,0
4111,0,1,8,4,10,False,10,0,220,220,1.1,0
4112,0,1,4,4,10,False,136,0,153,153,0.765,0
4113,0,1,17,3,29,False,0,15,0,3840,19.2,0
4114,0,1,4,4,10,False,12,1,98,354,1.77,0
4115,0,1,8,4,52,False,136,0,84,84,0.42,0
4116,0,1,4,4,10,False,160,2,247,759,3.795,0
4117,0,1,17,3,8,True,5,10,0,2560,12.8,0
4118,0,1,4,4,10,True,160,10,230,2790,13.95,0
4119,0,1,1,3,41,False,1,13,0,3328,16.64,0
4120,0,1,4,4,10,False,137,2,192,704,3.52,0
4121,0,1,0,2,18,False,242,0,0,0,0.0,0
4122,0,1,4,4,10,False,223,0,251,251,1.255,0
4123,0,1,5,4,10,True,94,10,136,2696,13.48,0
4124,0,1,4,4,10,True,223,3,132,900,4.5,0
4125,0,1,4,4,10,False,211,0,53,53,0.265,0
4126,0,1,19,7,52,False,10,10,1,2561,12.805,2919140
4127,0,1,4,4,10,False,25,1,235,491,2.455,0
4128,0,1,17,2,36,True,0,0,0,0,0.0,0
4129,0,1,4,4,10,False,176,1,239,495,2.475,0
4130,0,1,10,4,60,False,10,13,0,3328,16.64,0
4131,0,1,4,4,10,False,31,3,67,835,4.175,0
4132,0,1,25,2,44,False,10,0,0,0,0.0,0
4133,0,1,4,4,10,True,31,5,2,1282,6.41,0
4134,0,1,22,2,1,False,107,0,0,0,0.0,0
4135,0,1,4,4,10,False,169,0,135,135,0.675,0
4136,0,1,3,7,1,False,226,3,138,906,4.53,6228532
4137,0,1,4,4,10,False,94,0,57,57,0.285,0
4138,0,1,0,3,43,False,44,10,0,2560,12.8,0
4139,0,1,4,4,10,False,210,1,54,310,1.55,0
4140,0,1,10,6,1,False,10,12,138,3210,16.05,17494
4141,0,1,4,4,10,False,112,0,176,176,0.88,0
4142,0,1,17,2,44,False,10,0,0,0,0.0,0
4143,0,1,4,4,10,False,14,1,7,263,1.315,0
4144,0,1,26,2,0,False,183,0,0,0,0.0,0
4145,0,1,4,4,10,False,89,2,83,595,2.975,0
4146,0,1,5,4,10,False,112,2,1,513,2.565,0
4147,0,1,4,4,10,True,89,5,59,1339,6.695,0
4148,0,1,5,4,60,False,10,2,44,556,2.78,0
4149,0,1,4,4,10,False,254,0,70,70,0.35,0
4150,0,1,1,2,10,True,100,0,0,0,0.0,0
4151,0,1,4,4,10,False,129,2,42,554,2.77,0
4152,0,1,0,2,40,False,110,0,0,0,0.0,0
4153,0,1,4,4,10,False,92,2,149,661,3.305,0
4154,0,1,6,4,44,False,10,4,44,1068,5.34,0
4155,0,1,4,4,10,False,107,4,118,1142,5.71,0
4156,0,1,1,2,10,False,54,0,0,0,0.0,0
4157,0,1,4,4,10,False,191,1,69,325,1.625,0
4158,0,1,4,4,10,True,190,7,150,1942,9.71,0
4159,0,1,19,7,60,False,138,6,1,1537,7.685,9057409
4160,0,1,4,4,10,True,190,0,11,11,0.055,0
4161,0,1,16,1,52,False,0,0,0,0,0.0,0
4162,0,1,1,2,44,False,138,0,0,0,0.0,0
4163,0,1,4,4,10,False,86,1,19,275,1.375,0
4164,0,1,24,4,38,True,0,9,52,2356,11.78,0
4165,0,1,4,4,10,False,135,1,22,278,1.39,0
4166,0,1,1,2,24,False,44,0,0,0,0.0,0
4167,0,1,4,4,10,False,26,2,17,529,2.645,0
4168,0,1,1,2,23,False,0,0,0,0,0.0,0
4169,0,1,4,4,10,False,117,2,73,585,2.925,0
4170,0,1,0,1,18,False,0,0,0,0,0.0,0
4171,0,1,4,4,10,True,250,7,121,1913,9.565,0
4172,0,1,7,4,10,False,226,0,10,10,0.05,0
4173,0,1,4,4,10,False,68,3,26,794,3.97,0
4174,0,1,8,5,44,False,138,5,1,1281,6.405,250
4175,0,1,4,4,10,False,178,1,177,433,2.165,0
4176,0,1,5,4,10,False,47,0,104,104,0.52,0
4177,0,1,4,4,10,False,18,1,65,321,1.605,0
4178,0,1,1,2,2,False,75,0,0,0,0.0,0
4179,0,1,4,4,10,False,166,1,157,413,2.065,0
4180,0,1,0,1,43,False,0,0,0,0,0.0,0
4181,0,1,4,4,10,False,246,1,226,482,2.41,0
4182,0,1,5,4,10,False,117,1,190,446,2.23,0
4183,0,1,4,4,10,False,101,1,199,455,2.275,0
4184,0,1,28,1,7,True,0,0,0,0,0.0,0
4185,0,1,4,4,10,False,170,1,160,416,2.08,0
4186,0,1,27,5,4,False,10,4,0,1024,5.12,207
4187,0,1,4,4,10,False,3,0,163,163,0.815,0
4188,0,1,5,4,10,False,181,0,142,142,0.71,0
4189,0,1,4,4,10,False,104,1,74,330,1.65,0
4190,0,1,8,4,10,False,35,2,113,625,3.125,0
4191,0,1,4,4,10,False,30,2,32,544,2.72,0
4192,0,1,8,4,10,False,104,0,203,203,1.015,0
4193,0,1,4,4,10,False,168,0,116,116,0.58,0
4194,0,1,12,2,4,False,31,0,0,0,0.0,0
4195,0,1,4,4,10,False,227,7,160,1952,9.76,0
4196,0,1,8,4,10,True,129,0,135,135,0.675,0
4197,0,1,4,4,10,True,89,5,190,1470,7.35,0
4198,0,1,6,6,39,False,44,10,107,2667,13.335,39425
4199,0,1,4,4,10,False,233,3,5,773,3.865,0
4200,0,1,5,4,10,False,89,1,39,295,1.475,0
4201,0,1,4,4,10,False,75,5,152,1432,7.16,0
4202,0,1,0,1,37,False,0,0,0,0,0.0,0
4203,0,1,4,4,10,False,110,3,100,868,4.34,0
4204,0,1,21,1,60,False,0,0,0,0,0.0,0
4205,0,1,4,4,10,False,226,1,103,359,1.795,0
4206,0,1,5,4,10,False,10,4,229,1253,6.265,0
4207,0,1,4,4,10,False,247,1,120,376,1.88,0
4208,0,1,1,2,0,False,93,0,0,0,0.0,0
4209,0,1,4,4,10,False,144,3,44,812,4.06,0
4210,0,1,1,2,10,False,10,0,0,0,0.0,0
4211,0,1,4,4,10,False,234,0,96,96,0.48,0
4212,0,1,29,6,10,False,233,10,38,2598,12.99,0
4213,0,1,4,4,10,False,68,1,223,479,2.395,0
4214,0,1,5,4,10,False,235,0,188,188,0.94,0
4215,0,1,4,4,10,False,228,0,224,224,1.12,0
4216,0,1,7,4,10,False,69,2,194,706,3.53,0
4217,0,1,4,2,36,True,0,0,0,0,0.0,0
4218,0,1,8,4,10,False,227,0,93,93,0.465,0
4219,0,1,4,0,0,False,0,0,0,0,0.0,0
4220,0,1,23,5,2,False,55,12,138,3210,16.05,227
4221,0,1,4,4,10,False,187,2,1,513,2.565,0
4222,0,1,15,3,3,False,56,4,0,1024,5.12,0
4223,0,1,4,4,10,False,235,2,57,569,2.845,0
4224,0,1,7,4,44,False,68,0,44,44,0.22,0
4225,0,1,4,4,10,False,90,2,27,539,2.695,0
4226,0,1,17,2,25,False,44,0,0,0,0.0,0
4227,0,1,4,4,10,False,205,2,35,547,2.735,0
4228,0,1,1,2,5,False,1,0,0,0,0.0,0
4229,0,1,4,4,10,False,76,2,115,627,3.135,0
4230,0,1,10,4,1,False,160,12,10,3082,15.41,0
4231,0,1,4,4,10,True,151,10,124,2684,13.42,0
4232,0,1,25,5,58,True,44,10,66,2626,13.13,1
4233,0,1,4,4,10,False,199,1,229,485,2.425,0
4234,0,1,1,3,6,False,44,10,0,2560,12.8,0
4235,0,1,4,4,10,False,42,2,40,552,2.76,0
4236,0,1,19,4,0,False,42,2,254,766,3.83,0
4237,0,1,4,4,10,False,230,3,241,1009,5.045,0
4238,0,1,22,0,0,False,0,0,0,0,0.0,0
4239,0,1,4,4,10,False,105,1,34,290,1.45,0
4240,0,1,31,3,10,True,160,2,0,512,2.56,0
4241,0,1,4,4,10,True,105,7,162,1954,9.77,0
4242,0,1,5,4,2,True,84,5,250,1530,7.65,0
4243,0,1,4,4,10,False,3,0,140,140,0.7,0
4244,0,1,7,4,33,True,207,3,118,886,4.43,0
4245,0,1,4,4,10,False,149,2,227,739,3.695,0
4246,0,1,25,6,10,False,3,0,61,61,0.305,650
4247,0,1,4,4,10,True,149,3,24,792,3.96,0
4248,0,1,12,2,43,False,12,0,0,0,0.0,0
4249,0,1,4,4,10,False,101,5,98,1378,6.89,0
4250,0,1,15,2,33,False,44,0,0,0,0.0,0
4251,0,1,4,4,10,False,244,3,83,851,4.255,0
4252,0,1,7,6,44,False,10,4,10,1034,5.17,13513
4253,0,1,4,4,10,False,130,0,204,204,1.02,0
4254,0,1,1,2,53,False,4,0,0,0,0.0,0
4255,0,1,4,4,10,False,250,1,68,324,1.62,0
4256,0,1,6,4,45,False,4,12,11,3083,15.415,0
4257,0,1,4,4,10,False,128,3,40,808,4.04,0
4258,0,1,5,4,33,False,0,0,44,44,0.22,0
4259,0,1,4,4,10,False,208,2,135,647,3.235,0
4260,0,1,1,2,2,False,39,0,0,0,0.0,0
4261,0,1,4,4,10,False,33,1,46,302,1.51,0
4262,0,1,5,4,10,False,123,12,10,3082,15.41,0
4263,0,1,4,4,10,False,165,0,236,236,1.18,0
4264,0,1,26,0,0,False,0,0,0,0,0.0,0
4265,0,1,4,4,10,True,165,1,29,285,1.425,0
4266,0,1,5,4,10,False,49,0,255,255,1.275,0
4267,0,1,1,5,9,False,166,10,58,2618,13.09,52
4268,0,1,4,4,10,False,223,0,130,130,0.65,0
4269,0,1,1,2,28,False,5,0,0,0,0.0,0
4270,0,1,4,4,10,True,223,0,112,112,0.56,0
4271,0,1,26,0,0,False,0,0,0,0,0.0,0
4272,0,1,4,4,10,False,138,1,200,456,2.28,0
4273,0,1,9,5,4,False,10,0,0,0,0.0,52
4274,0,1,4,4,10,True,138,1,181,437,2.185,0
4275,0,1,4,4,10,False,85,1,50,306,1.53,0
4276,0,1,4,7,52,False,10,14,3,3587,17.935,9055465
4277,0,1,4,4,10,False,196,1,16,272,1.36,0
4278,0,1,23,4,0,False,227,1,110,366,1.83,0
4279,0,1,4,4,10,False,78,2,88,600,3.0,0
4280,0,1,5,4,10,False,223,0,25,25,0.125,0
4281,0,1,4,4,10,False,173,4,150,1174,5.87,0
4282,0,1,5,4,10,False,142,3,144,912,4.56,0
4283,0,1,4,4,10,False,3,0,203,203,1.015,0
4284,0,1,5,4,10,False,195,3,52,820,4.1,0
4285,0,1,4,4,10,False,133,1,229,485,2.425,0
4286,0,1,5,4,4,False,225,12,10,3082,15.41,0
4287,0,1,4,4,10,False,23,4,85,1109,5.545,0
4288,0,1,0,3,10,True,3,1,0,256,1.28,0
4289,0,1,4,4,10,False,121,3,239,1007,5.035,0
4290,0,1,15,5,52,False,10,11,2,2818,14.09,215
4291,0,1,4,4,10,False,221,1,234,490,2.45,0
4292,0,1,0,4,18,True,5,9,2,2306,11.53,0
4293,0,1,4,4,10,False,46,0,112,112,0.56,0
4294,0,1,9,6,1,False,44,10,73,2633,13.165,44804
4295,0,1,4,4,10,False,240,4,236,1260,6.3,0
4296,0,1,8,2,27,True,140,0,0,0,0.0,0
4297,0,1,4,4,10,False,132,1,242,498,2.49,0
4298,0,1,4,5,4,False,10,6,9,1545,7.725,247
4299,0,1,4,4,10,True,228,9,34,2338,11.69,0
4300,0,1,25,1,2,False,0,0,0,0,0.0,0
4301,0,1,4,4,10,False,73,3,44,812,4.06,0
4302,0,1,5,4,10,True,71,11,53,2869,14.345,0
4303,0,1,4,4,10,True,73,1,204,460,2.3,0
4304,0,1,5,4,44,False,10,9,1,2305,11.525,0
4305,0,1,4,4,10,False,31,3,59,827,4.135,0
4306,0,1,13,0,0,False,0,0,0,0,0.0,0
4307,0,1,4,4,10,False,182,1,158,414,2.07,0
4308,0,1,28,3,2,False,94,12,0,3072,15.36,0
4309,0,1,4,4,10,False,22,2,185,697,3.485,0
4310,0,1,17,7,31,False,44,10,168,2728,13.64,199169
4311,0,1,4,4,10,True,33,6,208,1744,8.72,0
4312,0,1,0,3,13,True,10,2,0,512,2.56,0
4313,0,1,4,4,10,False,241,0,212,212,1.06,0
4314,0,1,0,1,44,False,0,0,0,0,0.0,0
4315,0,1,4,4,10,False,127,0,241,241,1.205,0
4316,0,1,6,4,10,False,138,12,0,3072,15.36,0
4317,0,1,4,4,10,False,179,0,228,228,1.14,0
4318,0,1,21,4,52,False,10,12,138,3210,16.05,0
4319,0,1,4,4,10,False,130,1,106,362,1.81,0
4320,0,1,17,2,52,False,44,0,0,0,0.0,0
4321,0,1,4,4,10,False,231,1,252,508,2.54,0
4322,0,1,1,2,51,True,1,0,0,0,0.0,0
4323,0,1,4,4,10,False,38,4,140,1164,5.82,0
4324,0,1,17,2,29,True,0,0,0,0,0.0,0
4325,0,1,4,4,10,True,144,8,146,2194,10.97,0
4326,0,1,6,4,44,False,10,4,44,1068,5.34,0
4327,0,1,4,4,10,False,222,2,137,649,3.245,0
4328,0,1,1,2,9,False,44,0,0,0,0.0,0
4329,0,1,4,4,10,False,37,1,173,429,2.145,0
4330,0,1,1,2,16,True,0,0,0,0,0.0,0
4331,0,1,4,4,10,False,136,0,74,74,0.37,0
4332,0,1,1,2,31,True,0,0,0,0,0.0,0
4333,0,1,4,4,10,True,136,3,104,872,4.36,0
4334,0,1,27,7,3,False,20,8,60,2108,10.54,258570
4335,0,1,4,4,10,False,77,0,65,65,0.325,0
4336,0,1,1,2,60,False,188,0,0,0,0.0,0
4337,0,1,4,4,10,False,241,0,185,185,0.925,0
4338,0,1,7,4,10,False,36,12,10,3082,15.41,0
4339,0,1,4,4,10,False,44,0,61,61,0.305,0
4340,0,1,29,4,10,True,44,10,43,2603,13.015,0
4341,0,1,4,4,10,False,223,0,111,111,0.555,0
4342,0,1,4,4,10,True,223,1,75,331,1.655,0
4343,0,1,0,3,44,False,10,11,0,2816,14.08,0
4344,0,1,5,3,18,True,249,5,0,1280,6.4,0
4345,0,1,4,4,10,False,2,1,39,295,1.475,0
4346,0,1,6,4,10,False,233,1,25,281,1.405,0
4347,0,1,4,4,10,True,2,1,20,276,1.38,0
4348,0,1,7,4,10,False,3,0,222,222,1.11,0
4349,0,1,4,4,10,False,221,4,41,1065,5.325,0
4350,0,1,6,4,10,False,114,0,95,95,0.475,0
4351,0,1,4,4,10,True,221,3,222,990,4.95,0
4352,0,1,8,4,10,False,215,2,51,563,2.815,0
4353,0,1,4,4,10,False,160,2,8,520,2.6,0
4354,0,1,7,4,10,True,214,3,38,806,4.03,0
4355,0,1,4,4,10,False,219,0,165,165,0.825,0
4356,0,1,7,4,10,False,91,2,88,600,3.0,0
4357,0,1,4,4,10,False,146,3,152,920,4.6,0
4358,0,1,8,4,10,True,101,2,59,571,2.855,0
4359,0,1,4,4,10,True,146,5,197,1477,7.385,0
4360,0,1,8,4,10,False,169,2,98,610,3.05,0
4361,0,1,4,4,10,False,119,1,15,271,1.355,0
4362,0,1,8,4,10,False,24,3,240,1008,5.04,0
4363,0,1,4,4,10,False,240,2,94,606,3.03,0
4364,0,1,11,6,4,False,44,10,119,2679,13.395,2560
4365,0,1,4,4,10,False,127,0,237,237,1.185,0
4366,0,1,5,4,10,False,246,3,44,812,4.06,0
4367,0,1,4,4,10,False,238,3,32,800,4.0,0
4368,0,1,7,4,10,False,127,1,2,258,1.29,0
4369,0,1,4,4,10,False,106,2,134,646,3.23,0
4370,0,1,6,7,3,False,20,12,10,3082,15.41,67822
4371,0,1,4,4,10,False,215,0,174,174,0.87,0
4372,0,1,5,4,10,False,99,0,108,108,0.54,0
4373,0,1,4,4,10,False,92,1,183,439,2.195,0
4374,0,1,12,0,0,False,0,0,0,0,0.0,0
4375,0,1,4,4,10,False,17,2,232,744,3.72,0
4376,0,1,8,4,10,True,161,0,209,209,1.045,0
4377,0,1,4,4,10,False,118,1,55,311,1.555,0
4378,0,1,8,4,10,False,0,2,149,661,3.305,0
4379,0,1,4,4,10,True,118,13,233,3561,17.805,0
4380,0,1,8,4,10,False,75,3,203,971,4.855,0
4381,0,1,4,4,10,False,52,0,96,96,0.48,0
4382,0,1,8,4,10,True,80,3,52,820,4.1,0
4383,0,1,4,4,10,False,184,2,230,742,3.71,0
4384,0,1,1,2,40,True,52,0,0,0,0.0,0
4385,0,1,4,4,10,False,18,1,9,265,1.325,0
4386,0,1,1,2,12,True,5,0,0,0,0.0,0
4387,0,1,4,4,10,True,187,6,6,1542,7.71,0
4388,0,1,1,2,10,True,17,0,0,0,0.0,0
4389,0,1,4,4,10,False,36,5,47,1327,6.635,0
4390,0,1,0,7,52,False,100,10,18,2578,12.89,12077056
4391,0,1,4,4,10,True,126,10,144,2704,13.52,0
4392,0,1,5,2,61,True,2,0,0,0,0.0,0
4393,0,1,4,4,10,False,62,5,41,1321,6.605,0
4394,0,1,6,4,11,True,4,14,6,3590,17.95,0
4395,0,1,4,4,10,False,162,6,186,1722,8.61,0
4396,0,1,23,3,10,False,4,4,0,1024,5.12,0
4397,0,1,4,4,10,False,204,8,96,2144,10.72,0
4398,0,1,23,3,2,False,10,2,0,512,2.56,0
4399,0,1,4,4,10,False,81,2,172,684,3.42,0
4400,0,1,0,2,10,False,162,0,0,0,0.0,0
4401,0,1,4,4,10,False,213,3,13,781,3.905,0
4402,0,1,1,2,4,False,36,0,0,0,0.0,0
4403,0,1,4,4,10,False,59,6,9,1545,7.725,0
4404,0,1,1,2,7,False,2,0,0,0,0.0,0
4405,0,1,4,4,10,True,59,8,191,2239,11.195,0
4406,0,1,5,2,4,False,10,0,0,0,0.0,0
4407,0,1,4,4,10,False,44,0,67,67,0.335,0
4408,0,1,5,6,3,False,93,11,60,2876,14.38,11818
4409,0,1,4,4,10,False,125,2,218,730,3.65,0
4410,0,1,0,7,57,True,4,10,121,2681,13.405,273921
4411,0,1,4,4,10,False,9,0,195,195,0.975,0
4412,0,1,17,2,62,False,0,0,0,0,0.0,0
4413,0,1,4,4,10,False,102,2,11,523,2.615,0
4414,0,1,29,5,4,False,222,2,42,554,2.77,13
4415,0,1,4,4,10,False,205,0,218,218,1.09,0
4416,0,1,7,1,45,False,0,0,0,0,0.0,0
4417,0,1,4,4,10,False,68,1,30,286,1.43,0
4418,0,1,0,4,10,True,13,1,64,320,1.6,0
4419,0,1,4,4,10,True,68,6,110,1646,8.23,0
4420,0,1,5,4,52,False,10,10,4,2564,12.82,0
4421,0,1,4,4,10,False,109,0,141,141,0.705,0
4422,0,1,8,3,19,False,10,10,0,2560,12.8,0
4423,0,1,4,4,10,False,156,0,184,184,0.92,0
4424,0,1,1,0,0,False,0,0,0,0,0.0,0
4425,0,1,4,4,10,False,48,0,161,161,0.805,0
4426,0,1,5,4,1,False,199,12,10,3082,15.41,0
4427,0,1,4,4,10,True,160,2,125,637,3.185,0
4428,0,1,0,3,60,False,68,10,0,2560,12.8,0
4429,0,1,4,4,10,False,217,3,113,881,4.405,0
4430,0,1,0,2,30,True,52,0,0,0,0.0,0
4431,0,1,4,4,10,False,95,2,116,628,3.14,0
4432,0,1,7,4,10,False,120,14,124,3708,18.54,0
4433,0,1,4,4,10,False,158,1,11,267,1.335,0
4434,0,1,7,4,31,False,1,10,10,2570,12.85,0
4435,0,1,4,4,10,False,55,1,28,284,1.42,0
4436,0,1,19,4,54,False,44,10,95,2655,13.275,0
4437,0,1,4,4,10,False,211,2,69,581,2.905,0
4438,0,1,0,5,28,True,1,12,10,3082,15.41,146
4439,0,1,4,4,10,False,27,0,216,216,1.08,0
4440,0,1,6,4,10,False,223,14,2,3586,17.93,0
4441,0,1,4,4,10,False,143,2,205,717,3.585,0
4442,0,1,5,4,10,False,167,5,111,1391,6.955,0
4443,0,1,4,4,10,False,51,1,95,351,1.755,0
4444,0,1,5,4,4,False,2,7,44,1836,9.18,0
4445,0,1,4,4,10,True,51,15,202,4042,20.21,0
4446,0,1,1,2,44,False,138,0,0,0,0.0,0
4447,0,1,4,4,10,False,66,2,185,697,3.485,0
4448,0,1,17,7,2,False,79,10,44,2604,13.02,11321354
4449,0,1,4,4,10,False,161,2,23,535,2.675,0
4450,0,1,5,4,10,True,93,4,187,1211,6.055,0
4451,0,1,4,4,10,False,246,2,153,665,3.325,0
4452,0,1,8,7,54,True,138,12,10,3082,15.41,10554018
4453,0,1,4,4,10,False,160,3,2,770,3.85,0
4454,0,1,0,5,10,False,240,12,10,3082,15.41,128
4455,0,1,4,2,32,True,3,0,0,0,0.0,0
4456,0,1,7,4,10,False,44,10,128,2688,13.44,0
4457,0,1,4,2,4,False,10,0,0,0,0.0,0
4458,0,1,0,3,57,False,44,10,0,2560,12.8,0
4459,0,1,4,0,0,False,0,0,0,0,0.0,0
4460,0,1,16,4,2,False,10,8,3,2051,10.255,0
4461,0,1,4,3,63,False,4,10,0,2560,12.8,0
4462,0,1,17,1,46,False,0,0,0,0,0.0,0
4463,0,1,4,0,0,False,0,0,0,0,0.0,0
4464,0,1,1,2,52,False,10,0,0,0,0.0,0
4465,0,1,4,3,26,False,4,10,0,2560,12.8,0
4466,0,1,5,4,10,False,141,12,138,3210,16.05,0
4467,0,1,4,6,3,False,81,4,10,1034,5.17,617
4468,0,1,31,4,56,True,52,10,44,2604,13.02,0
4469,0,1,4,5,4,False,138,9,12,2316,11.58,67
4470,0,1,1,2,2,False,207,0,0,0,0.0,0
4471,0,1,4,4,10,False,78,4,189,1213,6.065,0
4472,0,1,12,5,4,False,138,9,159,2463,12.315,10
4473,0,1,4,4,10,False,189,1,46,302,1.51,0
4474,0,1,0,6,18,False,117,12,10,3082,15.41,230
4475,0,1,4,4,10,False,92,2,242,754,3.77,0
4476,0,1,12,0,0,False,0,0,0,0,0.0,0
4477,0,1,4,4,10,False,128,3,224,992,4.96,0
4478,0,1,9,5,8,False,19,14,1,3585,17.925,33
4479,0,1,4,4,10,True,128,7,208,2000,10.0,0
4480,0,1,3,5,8,False,110,5,78,1358,6.79,3
4481,0,1,4,4,10,False,138,3,118,886,4.43,0
4482,0,1,7,2,0,False,103,0,0,0,0.0,0
4483,0,1,4,4,10,False,46,3,34,802,4.01,0
4484,0,1,0,1,13,False,0,0,0,0,0.0,0
4485,0,1,4,4,10,True,140,7,220,2012,10.06,0
4486,0,1,5,4,10,False,149,5,198,1478,7.39,0
4487,0,1,4,4,10,False,242,2,112,624,3.12,0
4488,0,1,6,4,10,True,6,2,40,552,2.76,0
4489,0,1,4,4,10,False,77,1,194,450,2.25,0
4490,0,1,9,2,2,False,111,0,0,0,0.0,0
4491,0,1,4,4,10,False,215,3,49,817,4.085,0
4492,0,1,5,6,5,False,43,10,87,2647,13.235,1024
4493,0,1,4,4,10,True,215,13,51,3379,16.895,0
4494,0,1,1,7,60,False,68,10,60,2620,13.1,264772
4495,0,1,4,4,10,False,222,2,250,762,3.81,0
4496,0,1,14,1,44,False,0,0,0,0,0.0,0
4497,0,1,4,4,10,False,120,3,30,798,3.99,0
4498,0,1,1,2,30,True,0,0,0,0,0.0,0
4499,0,1,4,4,10,False,120,3,225,993,4.965,0
4500,0,1,28,7,1,False,52,10,234,2794,13.97,2885637
4501,0,1,4,4,10,True,120,6,95,1631,8.155,0
4502,0,1,1,2,45,True,0,0,0,0,0.0,0
4503,0,1,4,4,10,False,107,1,63,319,1.595,0
4504,0,1,13,3,1,False,181,4,0,1024,5.12,0
4505,0,1,4,4,10,True,37,1,146,402,2.01,0
4506,0,1,1,2,21,True,10,0,0,0,0.0,0
4507,0,1,4,4,10,False,69,1,191,447,2.235,0
4508,0,1,17,0,0,False,0,0,0,0,0.0,0
4509,0,1,4,4,10,False,197,0,230,230,1.15,0
4510,0,1,0,2,2,False,3,0,0,0,0.0,0
4511,0,1,4,4,10,True,197,1,251,507,2.535,0
4512,0,1,8,4,10,False,47,10,125,2685,13.425,0
4513,0,1,8,4,52,False,10,15,52,3892,19.46,0
4514,0,1,4,4,10,False,243,0,205,205,1.025,0
4515,0,1,1,2,46,True,74,0,0,0,0.0,0
4516,0,1,4,4,10,False,221,1,51,307,1.535,0
4517,0,1,4,4,10,False,139,0,254,254,1.27,0
4518,0,1,6,4,10,False,52,10,130,2690,13.45,0
4519,0,1,4,4,10,False,170,1,237,493,2.465,0
4520,0,1,6,4,60,False,10,0,200,200,1.0,0
4521,0,1,4,4,10,False,36,1,56,312,1.56,0
4522,0,1,8,4,13,False,52,10,44,2604,13.02,0
4523,0,1,4,4,10,False,154,2,76,588,2.94,0
4524,0,1,0,4,5,False,8,12,10,3082,15.41,0
4525,0,1,4,4,10,True,154,7,3,1795,8.975,0
4526,0,1,19,7,10,False,180,0,76,76,0.38,11831860
4527,0,1,4,4,10,False,162,3,205,973,4.865,0
4528,0,1,0,3,56,True,68,10,0,2560,12.8,0
4529,0,1,4,4,10,False,18,1,96,352,1.76,0
4530,0,1,21,2,1,False,164,0,0,0,0.0,0
4531,0,1,4,4,10,False,187,2,61,573,2.865,0
4532,0,1,1,2,10,True,5,0,0,0,0.0,0
4533,0,1,4,4,10,False,21,1,228,484,2.42,0
4534,0,1,25,3,52,False,10,3,0,768,3.84,0
4535,0,1,4,4,10,True,26,8,98,2146,10.73,0
4536,0,1,1,2,33,True,234,0,0,0,0.0,0
4537,0,1,4,4,10,False,180,0,251,251,1.255,0
4538,0,1,6,4,10,False,162,11,9,2825,14.125,0
4539,0,1,4,4,10,False,103,3,38,806,4.03,0
4540,0,1,7,6,52,False,10,12,2,3074,15.37,13358
4541,0,1,4,4,10,False,227,1,93,349,1.745,0
4542,0,1,1,2,47,True,10,0,0,0,0.0,0
4543,0,1,4,4,10,True,118,6,196,1732,8.66,0
4544,0,1,29,7,44,False,10,2,12,524,2.62,3433845
4545,0,1,4,4,10,False,155,3,90,858,4.29,0
4546,0,1,1,2,13,False,4,0,0,0,0.0,0
4547,0,1,4,4,10,False,249,1,232,488,2.44,0
4548,0,1,2,1,44,False,0,0,0,0,0.0,0
4549,0,1,4,4,10,False,221,2,66,578,2.89,0
4550,0,1,1,2,44,False,4,0,0,0,0.0,0
4551,0,1,4,4,10,False,57,5,104,1384,6.92,0
4552,0,1,23,5,27,True,155,2,151,663,3.315,2
4553,0,1,4,4,10,False,57,6,112,1648,8.24,0
4554,0,1,0,1,44,False,0,0,0,0,0.0,0
4555,0,1,4,4,10,False,6,0,82,82,0.41,0
4556,0,1,0,1,59,True,0,0,0,0,0.0,0
4557,0,1,4,4,10,True,6,9,145,2449,12.245,0
4558,0,1,5,4,10,False,165,0,236,236,1.18,0
4559,0,1,31,7,10,False,102,4,118,1142,5.71,201482
4560,0,1,6,4,10,False,113,1,151,407,2.035,0
4561,0,1,19,0,0,False,0,0,0,0,0.0,0
4562,0,1,6,4,10,False,29,1,171,427,2.135,0
4563,0,1,0,1,50,False,0,0,0,0,0.0,0
4564,0,1,6,4,10,False,16,1,138,394,1.97,0
4565,0,1,4,4,10,False,248,0,212,212,1.06,0
4566,0,1,8,4,10,False,56,1,61,317,1.585,0
4567,0,1,4,4,10,False,146,1,245,501,2.505,0
4568,0,1,5,4,10,False,56,2,27,539,2.695,0
4569,0,1,4,4,10,False,172,1,135,391,1.955,0
4570,0,1,5,4,10,False,248,1,170,426,2.13,0
4571,0,1,4,4,10,False,63,0,148,148,0.74,0
4572,0,1,5,4,10,False,89,4,27,1051,5.255,0
4573,0,1,4,4,10,False,202,3,21,789,3.945,0
4574,0,1,5,4,5,False,109,10,172,2732,13.66,0
4575,0,1,4,4,10,True,202,7,107,1899,9.495,0
4576,0,1,0,5,48,True,47,4,10,1034,5.17,198
4577,0,1,4,4,10,False,174,0,190,190,0.95,0
4578,0,1,1,2,11,True,3,0,0,0,0.0,0
4579,0,1,4,4,10,False,214,2,245,757,3.785,0
4580,0,1,30,3,46,False,0,10,0,2560,12.8,0
4581,0,1,4,4,10,False,114,1,10,266,1.33,0
4582,0,1,26,1,0,False,0,0,0,0,0.0,0
4583,0,1,4,4,10,False,216,4,63,1087,5.435,0
4584,0,1,17,2,16,True,41,0,0,0,0.0,0
4585,0,1,4,4,10,True,216,7,79,1871,9.355,0
4586,0,1,4,4,10,False,225,0,86,86,0.43,0
4587,0,1,0,4,10,False,165,11,3,2819,14.095,0
4588,0,1,4,4,10,False,9,1,230,486,2.43,0
4589,0,1,6,4,60,False,10,7,10,1802,9.01,0
4590,0,1,4,4,10,False,148,1,6,262,1.31,0
4591,0,1,20,7,4,False,16,6,230,1766,8.83,592389
4592,0,1,4,4,10,True,148,2,250,762,3.81,0
4593,0,1,0,1,48,True,0,0,0,0,0.0,0
4594,0,1,4,4,10,False,179,2,115,627,3.135,0
4595,0,1,3,7,13,True,2,15,10,3850,19.25,2886293
4596,0,1,4,4,10,False,167,5,41,1321,6.605,0
4597,0,1,1,2,4,False,1,0,0,0,0.0,0
4598,0,1,4,4,10,False,101,3,70,838,4.19,0
4599,0,1,17,2,57,True,3,0,0,0,0.0,0
4600,0,1,4,4,10,False,101,3,216,984,4.92,0
4601,0,1,0,1,53,False,0,0,0,0,0.0,0
4602,0,1,4,4,10,True,135,8,141,2189,10.945,0
4603,0,1,5,4,52,False,101,0,180,180,0.9,0
4604,0,1,4,4,10,False,176,0,150,150,0.75,0
4605,0,1,7,4,10,True,117,2,17,529,2.645,0
4606,0,1,4,4,10,False,249,4,98,1122,5.61,0
4607,0,1,14,5,32,False,44,10,223,2783,13.915,1
4608,0,1,4,4,10,False,72,1,97,353,1.765,0
4609,0,1,0,1,44,False,0,0,0,0,0.0,0
4610,0,1,4,4,10,False,152,0,222,222,1.11,0
4611,0,1,1,2,3,False,2,0,0,0,0.0,0
4612,0,1,4,4,10,False,85,3,53,821,4.105,0
4613,0,1,25,0,0,False,0,0,0,0,0.0,0
4614,0,1,4,4,10,True,227,10,101,2661,13.305,0
4615,0,1,5,4,10,False,203,0,161,161,0.805,0
4616,0,1,4,4,10,False,227,1,219,475,2.375,0
4617,0,1,31,1,38,True,0,0,0,0,0.0,0
4618,0,1,4,4,10,False,148,2,67,579,2.895,0
4619,0,1,7,4,10,True,249,10,5,2565,12.825,0
4620,0,1,4,4,10,True,250,14,119,3703,18.515,0
4621,0,1,21,2,45,True,60,0,0,0,0.0,0
4622,0,1,4,4,10,False,239,1,24,280,1.4,0
4623,0,1,8,7,52,False,10,2,3,515,2.575,8585268
4624,0,1,4,4,10,False,152,1,106,362,1.81,0
4625,0,1,0,4,8,True,7,13,68,3396,16.98,0
4626,0,1,4,4,10,True,158,1,42,298,1.49,0
4627,0,1,5,4,54,True,3,12,138,3210,16.05,0
4628,0,1,4,4,10,False,180,4,155,1179,5.895,0
4629,0,1,17,5,50,True,4,12,44,3116,15.58,10
4630,0,1,4,4,10,False,25,2,127,639,3.195,0
4631,0,1,17,3,7,False,4,10,0,2560,12.8,0
4632,0,1,4,4,10,False,206,2,5,517,2.585,0
4633,0,1,6,4,44,False,134,4,44,1068,5.34,0
4634,0,1,4,4,10,False,99,1,218,474,2.37,0
4635,0,1,1,2,0,False,44,0,0,0,0.0,0
4636,0,1,4,4,10,False,168,0,65,65,0.325,0
4637,0,1,1,2,25,True,1,0,0,0,0.0,0
4638,0,1,4,4,10,False,32,1,8,264,1.32,0
4639,0,1,12,3,2,False,211,3,0,768,3.84,0
4640,0,1,4,4,10,True,32,11,128,2944,14.72,0
4641,0,1,0,6,34,False,0,11,10,2826,14.13,37321
4642,0,1,4,4,10,False,228,0,220,220,1.1,0
4643,0,1,11,7,60,False,138,4,5,1029,5.145,6160458
4644,0,1,4,4,10,False,116,2,123,635,3.175,0
4645,0,1,21,7,3,False,36,12,10,3082,15.41,12779619
4646,0,1,4,4,10,False,29,0,115,115,0.575,0
4647,0,1,7,4,10,False,208,0,92,92,0.46,0
4648,0,1,4,4,10,False,214,2,181,693,3.465,0
4649,0,1,5,4,4,False,10,10,0,2560,12.8,0
4650,0,1,4,4,10,False,80,0,179,179,0.895,0
4651,0,1,5,4,42,True,60,10,116,2676,13.38,0
4652,0,1,4,4,10,False,201,2,151,663,3.315,0
4653,0,1,5,4,6,False,23,15,68,3908,19.54,0
4654,0,1,4,4,10,True,201,8,151,2199,10.995,0
4655,0,1,5,4,60,False,10,12,10,3082,15.41,0
4656,0,1,4,4,10,False,211,1,36,292,1.46,0
4657,0,1,25,1,10,False,0,0,0,0,0.0,0
4658,0,1,4,4,10,True,211,1,17,273,1.365,0
4659,0,1,0,2,56,False,44,0,0,0,0.0,0
4660,0,1,4,4,10,False,94,0,73,73,0.365,0
4661,0,1,17,2,10,True,4,0,0,0,0.0,0
4662,0,1,4,4,10,True,94,0,55,55,0.275,0
4663,0,1,7,2,52,False,1,0,0,0,0.0,0
4664,0,1,4,4,10,False,254,0,182,182,0.91,0
4665,0,1,12,3,2,False,124,10,0,2560,12.8,0
4666,0,1,4,4,10,True,254,0,163,163,0.815,0
4667,0,1,12,3,3,False,10,12,0,3072,15.36,0
4668,0,1,4,4,10,False,233,1,209,465,2.325,0
4669,0,1,1,2,62,True,44,0,0,0,0.0,0
4670,0,1,4,4,10,True,233,1,171,427,2.135,0
4671,0,1,17,2,62,True,0,0,0,0,0.0,0
4672,0,1,4,4,10,False,172,2,212,724,3.62,0
4673,0,1,5,4,10,False,233,1,44,300,1.5,0
4674,0,1,4,4,10,False,71,1,83,339,1.695,0
4675,0,1,17,2,7,True,44,0,0,0,0.0,0
4676,0,1,4,4,10,False,124,1,239,495,2.475,0
4677,0,1,1,2,44,True,3,0,0,0,0.0,0
4678,0,1,4,4,10,False,231,0,215,215,1.075,0
4679,0,1,1,2,8,False,0,0,0,0,0.0,0
4680,0,1,4,4,10,False,102,1,163,419,2.095,0
4681,0,1,17,2,2,True,6,0,0,0,0.0,0
4682,0,1,4,4,10,True,102,7,219,2011,10.055,0
4683,0,1,31,3,2,False,10,11,0,2816,14.08,0
4684,0,1,4,4,10,False,197,0,163,163,0.815,0
4685,0,1,0,5,18,False,150,10,252,2812,14.06,4
4686,0,1,4,4,10,False,187,1,238,494,2.47,0
4687,0,1,1,7,60,False,65,8,4,2052,10.26,2818564
4688,0,1,4,4,10,False,19,1,109,365,1.825,0
4689,0,1,0,2,3,False,1,0,0,0,0.0,0
4690,0,1,4,4,10,False,3,2,105,617,3.085,0
4691,0,1,5,4,10,False,62,10,102,2662,13.31,0
4692,0,1,4,4,10,False,52,0,77,77,0.385,0
4693,0,1,5,4,2,False,60,10,197,2757,13.785,0
4694,0,1,4,4,10,False,159,0,107,107,0.535,0
4695,0,1,5,4,52,False,10,10,0,2560,12.8,0
4696,0,1,4,4,10,True,159,6,90,1626,8.13,0
4697,0,1,5,4,60,False,52,10,52,2612,13.06,0
4698,0,1,4,4,10,False,154,0,217,217,1.085,0
4699,0,1,0,2,22,False,218,0,0,0,0.0,0
4700,0,1,4,4,10,False,1,2,237,749,3.745,0
4701,0,1,6,4,1,False,52,0,102,102,0.51,0
4702,0,1,4,4,10,False,91,0,245,245,1.225,0
4703,0,1,0,3,1,False,3,11,0,2816,14.08,0
4704,0,1,4,4,10,False,186,0,185,185,0.925,0
4705,0,1,8,4,10,False,17,6,27,1563,7.815,0
4706,0,1,4,4,10,False,69,0,74,74,0.37,0
4707,0,1,30,7,52,False,10,12,10,3082,15.41,698
4708,0,1,4,4,10,False,210,2,155,667,3.335,0
4709,0,1,5,4,10,False,69,0,64,64,0.32,0
4710,0,1,4,4,10,False,136,3,73,841,4.205,0
4711,0,1,7,4,10,False,216,0,168,168,0.84,0
4712,0,1,4,4,10,False,178,0,137,137,0.685,0
4713,0,1,1,2,1,False,45,0,0,0,0.0,0
4714,0,1,4,4,10,False,27,0,143,143,0.715,0
4715,0,1,23,5,3,False,49,2,0,512,2.56,128
4716,0,1,4,4,10,False,193,0,63,63,0.315,0
4717,0,1,0,1,44,False,0,0,0,0,0.0,0
4718,0,1,4,4,10,False,96,0,86,86,0.43,0
4719,0,1,17,2,50,True,8,0,0,0,0.0,0
4720,0,1,4,4,10,False,122,1,218,474,2.37,0
4721,0,1,15,7,52,False,138,1,52,308,1.54,184108
4722,0,1,4,4,10,False,3,1,106,362,1.81,0
4723,0,1,5,4,10,False,122,1,182,438,2.19,0
4724,0,1,4,4,10,False,146,3,144,912,4.56,0
4725,0,1,19,1,7,True,0,0,0,0,0.0,0
4726,0,1,4,4,10,False,224,2,133,645,3.225,0
4727,0,1,6,4,10,False,192,0,175,175,0.875,0
4728,0,1,4,4,10,True,224,3,93,861,4.305,0
4729,0,1,8,4,10,False,214,2,81,593,2.965,0
4730,0,1,4,4,10,False,174,2,94,606,3.03,0
4731,0,1,24,0,0,False,0,0,0,0,0.0,0
4732,0,1,4,4,10,False,115,0,253,253,1.265,0
4733,0,1,11,7,0,False,75,12,10,3082,15.41,4262319
4734,0,1,4,4,10,True,115,3,15,783,3.915,0
4735,0,1,5,4,10,True,245,5,163,1443,7.215,0
4736,0,1,4,4,10,False,65,1,166,422,2.11,0
4737,0,1,7,4,33,False,44,10,65,2625,13.125,0
4738,0,1,4,4,10,False,1,1,167,423,2.115,0
4739,0,1,4,4,10,False,103,5,95,1375,6.875,0
4740,0,1,7,4,44,False,138,1,0,256,1.28,0
4741,0,1,4,4,10,False,150,0,205,205,1.025,0
4742,0,1,1,2,41,False,2,0,0,0,0.0,0
4743,0,1,4,4,10,False,255,1,32,288,1.44,0
4744,0,1,5,4,10,False,104,5,52,1332,6.66,0
4745,0,1,4,4,10,False,89,2,18,530,2.65,0
4746,0,1,5,4,2,False,52,12,10,3082,15.41,0
4747,0,1,4,4,10,False,228,2,190,702,3.51,0
4748,0,1,4,4,10,False,73,2,190,702,3.51,0
4749,0,1,5,4,10,False,89,0,220,220,1.1,0
4750,0,1,4,4,10,False,119,0,110,110,0.55,0
4751,0,1,6,6,44,False,10,13,1,3329,16.645,11418
4752,0,1,4,4,10,True,119,15,107,3947,19.735,0
4753,0,1,1,2,55,False,0,0,0,0,0.0,0
4754,0,1,4,4,10,False,133,3,55,823,4.115,0
4755,0,1,13,1,10,False,0,0,0,0,0.0,0
4756,0,1,4,4,10,True,133,3,19,787,3.935,0
4757,0,1,6,4,42,False,113,8,96,2144,10.72,0
4758,0,1,4,4,10,False,95,1,208,464,2.32,0
4759,0,1,5,4,10,False,118,10,23,2583,12.915,0
4760,0,1,4,4,10,False,205,0,226,226,1.13,0
4761,0,1,5,4,5,False,32,12,10,3082,15.41,0
4762,0,1,4,4,10,False,86,1,74,330,1.65,0
4763,0,1,23,0,0,False,0,0,0,0,0.0,0
4764,0,1,4,4,10,False,166,3,18,786,3.93,0
4765,0,1,0,2,31,False,44,0,0,0,0.0,0
4766,0,1,4,4,10,False,15,3,41,809,4.045,0
4767,0,1,1,2,31,False,25,0,0,0,0.0,0
4768,0,1,4,4,10,True,15,9,84,2388,11.94,0
4769,0,1,21,3,3,False,135,12,0,3072,15.36,0
4770,0,1,4,4,10,False,15,0,117,117,0.585,0
4771,0,1,1,2,15,False,11,0,0,0,0.0,0
4772,0,1,4,4,10,True,15,0,100,100,0.5,0
4773,0,1,13,7,44,False,10,12,44,3116,15.58,666762
4774,0,1,4,4,10,False,178,1,48,304,1.52,0
4775,0,1,1,6,1,False,49,4,162,1186,5.93,52
4776,0,1,4,4,10,False,13,2,239,751,3.755,0
4777,0,1,19,7,52,False,10,5,2,1282,6.41,4469948
4778,0,1,4,4,10,False,188,3,27,795,3.975,0
4779,0,1,1,2,14,False,0,0,0,0,0.0,0
4780,0,1,4,4,10,False,129,3,248,1016,5.08,0
4781,0,1,5,4,10,False,188,14,0,3584,17.92,0
4782,0,1,4,4,10,True,222,10,227,2787,13.935,0
4783,0,1,5,4,4,False,10,4,10,1034,5.17,0
4784,0,1,4,4,10,False,83,5,55,1335,6.675,0
4785,0,1,5,4,52,False,10,11,8,2824,14.12,0
4786,0,1,4,4,10,False,210,0,198,198,0.99,0
4787,0,1,11,3,23,False,10,11,0,2816,14.08,0
4788,0,1,4,4,10,False,109,2,113,625,3.125,0
4789,0,1,0,2,44,False,68,0,0,0,0.0,0
4790,0,1,4,4,10,False,188,4,84,1108,5.54,0
4791,0,1,1,2,41,False,5,0,0,0,0.0,0
4792,0,1,4,4,10,True,80,9,168,2472,12.36,0
4793,0,1,17,2,52,False,10,0,0,0,0.0,0
4794,0,1,4,4,10,False,175,1,66,322,1.61,0
4795,0,1,14,1,7,False,0,0,0,0,0.0,0
4796,0,1,4,4,10,True,175,10,87,2647,13.235,0
4797,0,1,19,6,44,False,138,1,4,260,1.3,17499
4798,0,1,1,2,53,False,4,0,0,0,0.0,0
4799,0,1,4,4,10,False,169,2,35,547,2.735,0
4800,0,1,2,0,0,False,0,0,0,0,0.0,0
4801,0,1,4,4,10,True,169,2,17,529,2.645,0
4802,0,1,5,4,10,True,149,0,207,207,1.035,0
4803,0,1,4,4,10,False,39,1,65,321,1.605,0
4804,0,1,8,4,10,False,80,1,69,325,1.625,0
4805,0,1,4,4,10,False,157,1,178,434,2.17,0
4806,0,1,5,4,10,False,82,3,33,801,4.005,0
4807,0,1,4,4,10,False,102,1,174,430,2.15,0
4808,0,1,5,4,10,False,23,4,13,1037,5.185,0
4809,0,1,4,4,10,True,102,4,37,1061,5.305,0
4810,0,1,5,4,10,False,107,5,40,1320,6.6,0
4811,0,1,4,4,10,False,234,1,150,406,2.03,0
4812,0,1,5,4,10,False,27,4,182,1206,6.03,0
4813,0,1,4,4,10,False,218,0,49,49,0.245,0
4814,0,1,5,4,10,False,116,10,171,2731,13.655,0
4815,0,1,4,4,10,False,201,0,162,162,0.81,0
4816,0,1,5,4,10,False,247,5,114,1394,6.97,0
4817,0,1,4,4,10,False,135,0,75,75,0.375,0
4818,0,1,7,4,0,False,36,4,138,1162,5.81,0
4819,0,1,4,4,10,False,235,3,102,870,4.35,0
4820,0,1,7,4,41,True,44,10,194,2754,13.77,0
4821,0,1,4,4,10,False,43,3,26,794,3.97,0
4822,0,1,0,1,10,True,0,0,0,0,0.0,0
4823,0,1,4,4,10,False,170,2,249,761,3.805,0
4824,0,1,24,7,1,False,123,4,10,1034,5.17,668715
4825,0,1,4,4,10,False,100,1,206,462,2.31,0
4826,0,1,3,2,44,False,10,0,0,0,0.0,0
4827,0,1,4,4,10,False,243,2,169,681,3.405,0
4828,0,1,21,2,3,False,173,0,0,0,0.0,0
4829,0,1,4,4,10,False,82,2,216,728,3.64,0
4830,0,1,0,5,10,False,52,10,131,2691,13.455,9
4831,0,1,4,4,10,False,171,2,44,556,2.78,0
4832,0,1,15,1,44,False,0,0,0,0,0.0,0
4833,0,1,4,4,10,False,15,1,14,270,1.35,0
4834,0,1,1,2,40,False,2,0,0,0,0.0,0
4835,0,1,4,4,10,True,191,5,253,1533,7.665,0
4836,0,1,25,2,44,False,10,0,0,0,0.0,0
4837,0,1,4,4,10,False,191,2,1,513,2.565,0
4838,0,1,6,4,44,False,138,4,249,1273,6.365,0
4839,0,1,4,4,10,True,191,6,254,1790,8.95,0
4840,0,1,6,4,4,False,138,9,3,2307,11.535,0
4841,0,1,4,4,10,False,1,1,49,305,1.525,0
4842,0,1,19,2,4,False,10,0,0,0,0.0,0
4843,0,1,4,4,10,False,61,0,95,95,0.475,0
4844,0,1,27,3,0,False,88,4,0,1024,5.12,0
4845,0,1,4,4,10,False,219,2,25,537,2.685,0
4846,0,1,17,2,62,True,0,0,0,0,0.0,0
4847,0,1,4,4,10,False,31,6,82,1618,8.09,0
4848,0,1,15,1,4,False,0,0,0,0,0.0,0
4849,0,1,4,4,10,False,128,7,52,1844,9.22,0
4850,0,1,1,2,49,True,0,0,0,0,0.0,0
4851,0,1,4,4,10,True,128,8,0,2048,10.24,0
4852,0,1,11,1,44,False,0,0,0,0,0.0,0
4853,0,1,1,2,48,True,2,0,0,0,0.0,0
4854,0,1,25,6,60,False,10,11,5,2821,14.105,11515
4855,0,1,4,4,10,False,109,0,195,195,0.975,0
4856,0,1,1,2,36,True,0,0,0,0,0.0,0
4857,0,1,4,4,10,False,209,0,134,134,0.67,0
4858,0,1,9,0,0,False,0,0,0,0,0.0,0
4859,0,1,4,4,10,True,209,1,20,276,1.38,0
4860,0,1,7,4,52,False,109,0,92,92,0.46,0
4861,0,1,4,4,10,False,173,0,181,181,0.905,0
4862,0,1,0,1,0,False,0,0,0,0,0.0,0
4863,0,1,4,4,10,True,68,1,80,336,1.68,0
4864,0,1,6,4,4,False,44,10,2,2562,12.81,0
4865,0,1,4,4,10,False,134,1,222,478,2.39,0
4866,0,1,16,5,52,False,10,10,10,2570,12.85,247
4867,0,1,4,4,10,True,134,0,252,252,1.26,0
4868,0,1,7,4,60,False,138,0,2,2,0.01,0
4869,0,1,4,4,10,False,87,0,176,176,0.88,0
4870,0,1,5,4,16,True,60,10,105,2665,13.325,0
4871,0,1,4,4,10,False,211,1,90,346,1.73,0
4872,0,1,5,4,52,False,10,14,1,3585,17.925,0
4873,0,1,4,4,10,False,7,0,84,84,0.42,0
4874,0,1,5,4,10,False,106,0,44,44,0.22,0
4875,0,1,4,4,10,True,7,2,5,517,2.585,0
4876,0,1,17,2,32,True,4,0,0,0,0.0,0
4877,0,1,4,4,10,False,10,1,68,324,1.62,0
4878,0,1,1,2,49,False,10,0,0,0,0.0,0
4879,0,1,4,4,10,False,89,1,67,323,1.615,0
4880,0,1,1,2,51,False,44,0,0,0,0.0,0
4881,0,1,4,4,10,True,89,2,98,610,3.05,0
4882,0,1,0,4,10,False,157,0,178,178,0.89,0
4883,0,1,4,4,10,False,82,2,47,559,2.795,0
4884,0,1,24,1,4,False,0,0,0,0,0.0,0
4885,0,1,4,4,10,False,171,1,176,432,2.16,0
4886,0,1,1,2,19,True,4,0,0,0,0.0,0
4887,0,1,4,4,10,True,171,3,179,947,4.735,0
4888,0,1,1,2,8,False,48,0,0,0,0.0,0
4889,0,1,4,4,10,False,139,1,165,421,2.105,0
4890,0,1,6,7,27,False,4,12,10,3082,15.41,3490987
4891,0,1,4,4,10,False,240,1,159,415,2.075,0
4892,0,1,0,4,44,False,10,11,1,2817,14.085,0
4893,0,1,4,4,10,False,110,1,151,407,2.035,0
4894,0,1,30,5,6,False,1,6,10,1546,7.73,81
4895,0,1,4,4,10,False,8,1,71,327,1.635,0
4896,0,1,8,5,10,False,174,4,44,1068,5.34,10
4897,0,1,4,4,10,False,188,2,238,750,3.75,0
4898,0,1,0,6,44,False,10,12,1,3073,15.365,54371
4899,0,1,4,4,10,False,212,4,47,1071,5.355,0
4900,0,1,1,1,38,True,0,0,0,0,0.0,0
4901,0,1,4,4,10,True,212,9,84,2388,11.94,0
4902,0,1,1,2,47,False,4,0,0,0,0.0,0
4903,0,1,4,4,10,False,41,0,103,103,0.515,0
4904,0,1,5,4,10,False,81,0,172,172,0.86,0
4905,0,1,4,4,10,False,152,1,175,431,2.155,0
4906,0,1,1,2,0,False,85,0,0,0,0.0,0
4907,0,1,4,4,10,False,8,2,173,685,3.425,0
4908,0,1,1,2,22,False,5,0,0,0,0.0,0
4909,0,1,4,4,10,False,80,2,50,562,2.81,0
4910,0,1,23,4,1,False,10,1,128,384,1.92,0
4911,0,1,4,4,10,True,80,6,65,1601,8.005,0
4912,0,1,17,3,29,False,1,7,0,1792,8.96,0
4913,0,1,4,4,10,False,96,0,69,69,0.345,0
4914,0,1,24,0,0,False,0,0,0,0,0.0,0
4915,0,1,4,4,10,True,96,0,52,52,0.26,0
4916,0,1,5,4,8,False,174,9,127,2431,12.155,0
4917,0,1,4,4,10,False,254,0,142,142,0.71,0
4918,0,1,0,1,16,True,0,0,0,0,0.0,0
4919,0,1,4,4,10,False,105,0,165,165,0.825,0
4920,0,1,0,1,33,False,0,0,0,0,0.0,0
4921,0,1,4,4,10,True,105,0,253,253,1.265,0
4922,0,1,10,0,0,False,0,0,0,0,0.0,0
4923,0,1,4,4,10,False,17,2,2,514,2.57,0
4924,0,1,6,4,10,False,19,0,134,134,0.67,0
4925,0,1,4,4,10,True,17,1,223,479,2.395,0
4926,0,1,21,0,0,False,0,0,0,0,0.0,0
4927,0,1,16,5,4,False,138,13,5,3333,16.665,27
4928,0,1,4,4,10,False,242,0,89,89,0.445,0
4929,0,1,22,2,2,False,155,0,0,0,0.0,0
4930,0,1,4,4,10,False,102,2,45,557,2.785,0
4931,0,1,5,4,10,True,18,10,18,2578,12.89,0
4932,0,1,4,4,10,False,160,0,251,251,1.255,0
4933,0,1,0,6,10,False,52,10,187,2747,13.735,22785
4934,0,1,4,4,10,False,40,2,118,630,3.15,0
4935,0,1,16,4,10,False,38,7,121,1913,9.565,0
4936,0,1,4,4,10,False,190,1,44,300,1.5,0
4937,0,1,5,4,31,True,44,10,136,2696,13.48,0
4938,0,1,4,4,10,False,253,3,103,871,4.355,0
4939,0,1,4,4,10,False,97,1,68,324,1.62,0
4940,0,1,26,4,0,False,66,4,10,1034,5.17,0
4941,0,1,4,4,10,False,252,0,88,88,0.44,0
4942,0,1,1,5,5,False,34,12,10,3082,15.41,152
4943,0,1,4,4,10,False,43,1,104,360,1.8,0
4944,0,1,6,4,10,True,44,10,253,2813,14.065,0
4945,0,1,4,4,10,True,14,12,137,3209,16.045,0
4946,0,1,4,4,10,False,14,1,69,325,1.625,0
4947,0,1,4,4,44,False,138,13,2,3330,16.65,0
4948,0,1,4,4,10,False,199,1,14,270,1.35,0
4949,0,1,7,4,4,False,84,6,172,1708,8.54,0
4950,0,1,4,4,10,False,8,3,71,839,4.195,0
4951,0,1,6,4,10,False,192,13,44,3372,16.86,0
4952,0,1,4,4,10,False,144,0,239,239,1.195,0
4953,0,1,1,2,40,False,10,0,0,0,0.0,0
4954,0,1,4,4,10,False,31,1,119,375,1.875,0
4955,0,1,11,2,44,False,138,0,0,0,0.0,0
4956,0,1,4,4,10,False,108,1,173,429,2.145,0
4957,0,1,7,4,10,True,52,10,85,2645,13.225,0
4958,0,1,4,4,10,True,108,4,13,1037,5.185,0
4959,0,1,7,4,10,False,199,7,44,1836,9.18,0
4960,0,1,4,4,10,False,100,0,93,93,0.465,0
4961,0,1,17,2,31,False,61,0,0,0,0.0,0
4962,0,1,4,4,10,False,179,1,191,447,2.235,0
4963,0,1,0,1,44,False,0,0,0,0,0.0,0
4964,0,1,4,4,10,False,237,4,21,1045,5.225,0
4965,0,1,1,2,52,False,60,0,0,0,0.0,0
4966,0,1,4,4,10,False,69,1,5,261,1.305,0
4967,0,1,1,2,46,True,52,0,0,0,0.0,0
4968,0,1,4,4,10,False,144,0,244,244,1.22,0
4969,0,1,1,2,45,True,1,0,0,0,0.0,0
4970,0,1,4,4,10,True,144,6,246,1782,8.91,0
4971,0,1,1,7,0,False,108,4,62,1086,5.43,15859756
4972,0,1,4,4,10,False,18,0,82,82,0.41,0
4973,0,1,4,3,4,False,44,10,0,2560,12.8,0
4974,0,1,4,4,10,True,18,0,63,63,0.315,0
4975,0,1,19,4,2,False,10,6,123,1659,8.295,0
4976,0,1,4,4,10,False,201,0,97,97,0.485,0
4977,0,1,0,2,10,False,225,0,0,0,0.0,0
4978,0,1,4,4,10,False,21,1,32,288,1.44,0
4979,0,1,0,3,22,False,222,13,0,3328,16.64,0
4980,0,1,4,4,10,False,124,2,56,568,2.84,0
4981,0,1,5,4,10,False,45,0,131,131,0.655,0
4982,0,1,4,4,10,False,12,3,34,802,4.01,0
4983,0,1,8,4,10,False,131,0,158,158,0.79,0
4984,0,1,4,4,10,False,113,6,141,1677,8.385,0
4985,0,1,19,0,0,False,0,0,0,0,0.0,0
4986,0,1,4,4,10,False,198,0,175,175,0.875,0
4987,0,1,1,2,60,False,10,0,0,0,0.0,0
4988,0,1,4,4,10,False,36,2,108,620,3.1,0
4989,0,1,5,4,10,False,92,1,45,301,1.505,0
4990,0,1,4,4,10,False,190,1,55,311,1.555,0
4991,0,1,5,1,10,False,0,0,0,0,0.0,0
4992,0,1,4,4,10,False,253,1,208,464,2.32,0
4993,0,1,14,0,0,False,0,0,0,0,0.0,0
4994,0,1,4,4,10,False,77,1,162,418,2.09,0
4995,0,1,5,2,36,False,3,0,0,0,0.0,0
4996,0,1,4,4,10,False,240,0,150,150,0.75,0
4997,0,1,17,2,63,False,10,0,0,0,0.0,0
4998,0,1,4,4,10,False,90,2,236,748,3.74,0
4999,0,1,24,2,4,False,10,0,0,0,0.0,0
5000,0,1,4,4,10,False,197,5,254,1534,7.67,0
5001,0,1,17,2,33,True,10,0,0,0,0.0,0
5002,0,1,4,4,10,False,31,6,138,1674,8.37,0
5003,0,1,6,4,10,False,160,0,189,189,0.945,0
5004,0,1,4,4,10,False,110,2,41,553,2.765,0
5005,0,1,1,2,4,False,177,0,0,0,0.0,0
5006,0,1,4,4,10,False,206,1,169,425,2.125,0
5007,0,1,11,4,12,False,83,8,175,2223,11.115,0
5008,0,1,4,4,10,True,206,10,87,2647,13.235,0
5009,0,1,30,0,0,False,0,0,0,0,0.0,0
5010,0,1,4,4,10,False,129,2,148,660,3.3,0
5011,0,1,0,2,50,False,1,0,0,0,0.0,0
5012,0,1,4,4,10,False,161,1,58,314,1.57,0
5013,0,1,5,4,10,True,10,10,92,2652,13.26,0
5014,0,1,4,4,10,False,38,0,61,61,0.305,0
5015,0,1,0,3,31,False,0,13,0,3328,16.64,0
5016,0,1,4,4,10,False,168,1,25,281,1.405,0
5017,0,1,5,4,10,False,44,10,38,2598,12.99,0
5018,0,1,4,4,10,False,47,2,112,624,3.12,0
5019,0,1,4,4,10,False,47,2,168,680,3.4,0
5020,0,1,1,2,44,False,138,0,0,0,0.0,0
5021,0,1,4,4,10,False,227,0,73,73,0.365,0
5022,0,1,4,6,5,False,44,10,109,2669,13.345,28468
5023,0,1,4,4,10,False,56,0,87,87,0.435,0
5024,0,1,31,0,0,False,0,0,0,0,0.0,0
5025,0,1,4,4,10,False,235,0,237,237,1.185,0
5026,0,1,1,2,34,False,13,0,0,0,0.0,0
5027,0,1,4,4,10,False,37,1,185,441,2.205,0
5028,0,1,9,7,1,False,235,10,235,2795,13.975,15436289
5029,0,1,4,4,10,False,84,1,164,420,2.1,0
5030,0,1,4,4,10,False,11,1,37,293,1.465,0
5031,0,1,29,4,23,True,98,15,142,3982,19.91,0
5032,0,1,4,4,10,True,11,12,136,3208,16.04,0
5033,0,1,1,2,4,False,60,0,0,0,0.0,0
5034,0,1,4,4,10,False,6,0,82,82,0.41,0
5035,0,1,17,2,57,False,28,0,0,0,0.0,0
5036,0,1,4,4,10,True,6,0,63,63,0.315,0
5037,0,1,27,6,37,False,3,10,233,2793,13.965,257
5038,0,1,22,7,10,False,223,1,52,308,1.54,1546
5039,0,1,4,4,10,False,63,2,247,759,3.795,0
5040,0,1,30,5,34,True,68,10,44,2604,13.02,10
5041,0,1,4,4,10,False,208,2,3,515,2.575,0
5042,0,1,21,3,2,False,209,12,0,3072,15.36,0
5043,0,1,4,4,10,False,11,4,82,1106,5.53,0
5044,0,1,17,2,26,True,44,0,0,0,0.0,0
5045,0,1,4,4,10,False,138,0,58,58,0.29,0
5046,0,1,1,2,58,True,2,0,0,0,0.0,0
5047,0,1,4,4,10,False,237,0,211,211,1.055,0
5048,0,1,4,4,10,False,70,1,184,440,2.2,0
5049,0,1,5,4,10,False,63,0,60,60,0.3,0
5050,0,1,4,4,10,True,192,10,92,2652,13.26,0
5051,0,1,1,2,0,False,219,0,0,0,0.0,0
5052,0,1,4,4,10,False,0,4,73,1097,5.485,0
5053,0,1,19,2,5,False,205,0,0,0,0.0,0
5054,0,1,4,4,10,False,100,0,197,197,0.985,0
5055,0,1,8,4,10,True,63,0,170,170,0.85,0
5056,0,1,4,4,10,True,100,3,115,883,4.415,0
5057,0,1,18,6,38,False,44,10,100,2660,13.3,56066
5058,0,1,4,4,10,False,72,2,78,590,2.95,0
5059,0,1,5,4,10,True,100,2,31,543,2.715,0
5060,0,1,4,4,10,False,188,1,126,382,1.91,0
5061,0,1,17,6,4,False,44,10,96,2656,13.28,2560
5062,0,1,4,4,10,False,107,1,191,447,2.235,0
5063,0,1,23,4,0,False,78,4,10,1034,5.17,0
5064,0,1,4,4,10,True,107,5,14,1294,6.47,0
5065,0,1,10,2,3,False,137,0,0,0,0.0,0
5066,0,1,4,4,10,False,73,4,198,1222,6.11,0
5067,0,1,0,7,10,False,12,12,10,3082,15.41,3932822
5068,0,1,4,4,10,True,73,4,149,1173,5.865,0
5069,0,1,5,4,10,False,73,4,119,1143,5.715,0
5070,0,1,4,4,10,False,85,2,56,568,2.84,0
5071,0,1,6,4,10,False,250,0,99,99,0.495,0
5072,0,1,4,4,10,False,24,1,249,505,2.525,0
5073,0,1,9,0,0,False,0,0,0,0,0.0,0
5074,0,1,4,4,10,False,79,4,35,1059,5.295,0
5075,0,1,8,4,10,True,60,4,10,1034,5.17,0
5076,0,1,4,4,10,False,204,0,101,101,0.505,0
5077,0,1,8,4,10,False,45,1,26,282,1.41,0
5078,0,1,4,4,10,False,95,0,100,100,0.5,0
5079,0,1,1,2,1,False,80,0,0,0,0.0,0
5080,0,1,4,4,10,False,195,1,115,371,1.855,0
5081,0,1,1,2,17,False,3,0,0,0,0.0,0
5082,0,1,4,4,10,False,115,3,123,891,4.455,0
5083,0,1,0,2,6,True,60,0,0,0,0.0,0
5084,0,1,4,4,10,True,115,10,252,2812,14.06,0
5085,0,1,1,2,5,True,0,0,0,0,0.0,0
5086,0,1,4,4,10,False,44,4,16,1040,5.2,0
5087,0,1,29,4,4,False,10,1,230,486,2.43,0
5088,0,1,4,4,10,False,113,0,77,77,0.385,0
5089,0,1,2,1,58,False,0,0,0,0,0.0,0
5090,0,1,4,4,10,False,239,3,161,929,4.645,0
5091,0,1,1,2,11,True,7,0,0,0,0.0,0
5092,0,1,4,4,10,False,111,2,166,678,3.39,0
5093,0,1,5,4,60,False,10,2,231,743,3.715,0
5094,0,1,4,4,10,False,211,5,1,1281,6.405,0
5095,0,1,0,2,1,False,113,0,0,0,0.0,0
5096,0,1,4,4,10,True,211,14,134,3718,18.59,0
5097,0,1,1,1,58,True,0,0,0,0,0.0,0
5098,0,1,4,4,10,False,178,1,125,381,1.905,0
5099,0,1,5,4,4,False,52,10,14,2574,12.87,0
5100,0,1,4,4,10,False,216,4,85,1109,5.545,0
5101,0,1,0,4,10,False,138,0,193,193,0.965,0
5102,0,1,4,4,10,False,70,0,214,214,1.07,0
5103,0,1,12,6,52,False,44,10,238,2798,13.99,2561
5104,0,1,4,4,10,False,198,2,219,731,3.655,0
5105,0,1,1,5,0,False,48,12,68,3140,15.7,10
5106,0,1,4,4,10,False,63,2,165,677,3.385,0
5107,0,1,0,1,2,True,0,0,0,0,0.0,0
5108,0,1,4,4,10,False,237,2,78,590,2.95,0
5109,0,1,1,7,52,False,10,0,10,10,0.05,673013
5110,0,1,4,4,10,True,237,11,248,3064,15.32,0
5111,0,1,5,4,10,False,248,1,70,326,1.63,0
5112,0,1,4,4,10,False,11,1,181,437,2.185,0
5113,0,1,6,6,4,False,44,10,174,2734,13.67,776
5114,0,1,4,4,10,False,150,1,108,364,1.82,0
5115,0,1,17,7,4,False,10,12,10,3082,15.41,668683
5116,0,1,4,4,10,True,150,2,218,730,3.65,0
5117,0,1,5,4,10,False,107,0,217,217,1.085,0
5118,0,1,4,4,10,False,127,4,1,1025,5.125,0
5119,0,1,22,1,16,False,0,0,0,0,0.0,0
5120,0,1,4,4,10,False,19,1,184,440,2.2,0
5121,0,1,11,4,52,False,10,0,80,80,0.4,0
5122,0,1,4,4,10,False,115,2,38,550,2.75,0
5123,0,1,8,1,34,True,0,0,0,0,0.0,0
5124,0,1,4,4,10,False,147,2,125,637,3.185,0
5125,0,1,1,2,43,False,1,0,0,0,0.0,0
5126,0,1,4,4,10,False,34,1,78,334,1.67,0
5127,0,1,5,4,4,False,138,0,2,2,0.01,0
5128,0,1,4,4,10,False,85,1,154,410,2.05,0
5129,0,1,22,7,60,True,10,8,4,2052,10.26,668716
5130,0,1,4,4,10,False,181,1,164,420,2.1,0
5131,0,1,7,4,10,False,7,6,154,1690,8.45,0
5132,0,1,4,4,10,False,206,1,33,289,1.445,0
5133,0,1,5,4,4,False,60,10,143,2703,13.515,0
5134,0,1,4,4,10,False,243,1,206,462,2.31,0
5135,0,1,0,5,10,False,85,2,44,556,2.78,10
5136,0,1,4,4,10,False,145,0,162,162,0.81,0
5137,0,1,8,3,50,False,2,12,0,3072,15.36,0
5138,0,1,4,4,10,False,40,1,153,409,2.045,0
5139,0,1,17,2,3,False,3,0,0,0,0.0,0
5140,0,1,4,4,10,False,145,0,192,192,0.96,0
5141,0,1,23,2,60,False,10,0,0,0,0.0,0
5142,0,1,4,4,10,False,21,1,69,325,1.625,0
5143,0,1,11,0,0,False,0,0,0,0,0.0,0
5144,0,1,4,4,10,False,116,2,211,723,3.615,0
5145,0,1,0,5,29,True,10,8,0,2048,10.24,10
5146,0,1,4,4,10,True,116,6,24,1560,7.8,0
5147,0,1,6,4,18,True,44,10,72,2632,13.16,0
5148,0,1,0,4,8,False,7,11,3,2819,14.095,0
5149,0,1,4,4,10,False,252,0,91,91,0.455,0
5150,0,1,4,4,10,True,79,0,185,185,0.925,0
5151,0,1,6,4,10,False,52,10,183,2743,13.715,0
5152,0,1,4,4,10,False,155,1,130,386,1.93,0
5153,0,1,11,1,44,False,0,0,0,0,0.0,0
5154,0,1,4,4,10,False,10,3,117,885,4.425,0
5155,0,1,1,2,16,False,1,0,0,0,0.0,0
5156,0,1,4,4,10,False,111,0,59,59,0.295,0
5157,0,1,10,6,1,False,172,10,166,2726,13.63,35330
5158,0,1,4,4,10,True,111,3,133,901,4.505,0
5159,0,1,15,7,3,False,206,13,60,3388,16.94,98058
5160,0,1,4,4,10,False,39,0,52,52,0.26,0
5161,0,1,6,6,52,False,10,14,4,3588,17.94,416
5162,0,1,4,4,10,False,90,1,11,267,1.335,0
5163,0,1,31,0,0,False,0,0,0,0,0.0,0
5164,0,1,4,4,10,False,21,2,13,525,2.625,0
5165,0,1,5,4,10,False,91,0,70,70,0.35,0
5166,0,1,4,4,10,False,153,2,14,526,2.63,0
5167,0,1,5,4,10,False,173,3,190,958,4.79,0
5168,0,1,4,4,10,True,153,4,201,1225,6.125,0
5169,0,1,5,4,10,False,251,2,225,737,3.685,0
5170,0,1,5,4,10,False,106,6,42,1578,7.89,0
5171,0,1,4,4,10,False,222,0,208,208,1.04,0
5172,0,1,5,4,10,True,165,2,99,611,3.055,0
5173,0,1,4,4,10,False,56,1,30,286,1.43,0
5174,0,1,7,4,10,False,83,2,7,519,2.595,0
5175,0,1,4,4,10,False,98,1,101,357,1.785,0
5176,0,1,5,4,60,False,138,4,5,1029,5.145,0
5177,0,1,4,4,10,False,194,0,70,70,0.35,0
5178,0,1,5,4,52,False,10,15,7,3847,19.235,0
5179,0,1,4,4,10,True,194,3,27,795,3.975,0
5180,0,1,5,4,52,False,10,7,2,1794,8.97,0
5181,0,1,4,4,10,False,52,1,71,327,1.635,0
5182,0,1,13,0,0,False,0,0,0,0,0.0,0
5183,0,1,4,4,10,False,111,1,173,429,2.145,0
5184,0,1,0,2,23,True,235,0,0,0,0.0,0
5185,0,1,4,4,10,True,111,2,207,719,3.595,0
5186,0,1,0,4,23,False,58,3,0,768,3.84,0
5187,0,1,4,4,10,False,40,0,254,254,1.27,0
5188,0,1,11,3,44,False,60,6,0,1536,7.68,0
5189,0,1,4,4,10,False,171,2,136,648,3.24,0
5190,0,1,0,5,10,False,172,2,83,595,2.975,44
5191,0,1,4,4,10,False,55,3,143,911,4.555,0
5192,0,1,9,6,4,False,44,10,11,2571,12.855,35332
5193,0,1,4,4,10,False,202,2,114,626,3.13,0
5194,0,1,5,4,10,False,64,0,224,224,1.12,0
5195,0,1,4,4,10,False,78,2,236,748,3.74,0
5196,0,1,21,3,10,True,1,13,0,3328,16.64,0
5197,0,1,4,4,10,False,78,3,170,938,4.69,0
5198,0,1,19,0,0,False,0,0,0,0,0.0,0
5199,0,1,4,4,10,True,99,12,125,3197,15.985,0
5200,0,1,5,4,44,False,52,10,153,2713,13.565,0
5201,0,1,5,4,16,False,68,10,55,2615,13.075,0
5202,0,1,0,7,32,False,233,2,244,756,3.78,9045059
5203,0,1,4,4,10,False,89,1,144,400,2.0,0
5204,0,1,30,4,52,False,10,8,1,2049,10.245,0
5205,0,1,4,4,10,True,89,1,126,382,1.91,0
5206,0,1,19,5,2,False,61,13,44,3372,16.86,10
5207,0,1,4,4,10,False,120,0,74,74,0.37,0
5208,0,1,21,2,52,False,10,0,0,0,0.0,0
5209,0,1,4,4,10,False,146,1,26,282,1.41,0
5210,0,1,5,4,10,True,90,4,10,1034,5.17,0
5211,0,1,4,4,10,False,18,0,185,185,0.925,0
5212,0,1,18,5,10,False,89,1,52,308,1.54,10
5213,0,1,4,4,10,False,124,1,67,323,1.615,0
5214,0,1,4,4,10,False,59,1,126,382,1.91,0
5215,0,1,13,7,16,False,44,10,125,2685,13.425,6161021
5216,0,1,4,4,10,False,100,1,54,310,1.55,0
5217,0,1,5,4,10,False,20,0,117,117,0.585,0
5218,0,1,4,4,10,False,36,2,55,567,2.835,0
5219,0,1,8,4,10,True,20,0,96,96,0.48,0
5220,0,1,4,4,10,False,126,1,4,260,1.3,0
5221,0,1,8,4,10,False,37,0,64,64,0.32,0
5222,0,1,4,4,10,True,126,8,113,2161,10.805,0
5223,0,1,8,4,10,False,115,1,105,361,1.805,0
5224,0,1,4,4,10,False,117,0,91,91,0.455,0
5225,0,1,8,4,10,True,125,1,105,361,1.805,0
5226,0,1,4,4,10,False,74,1,68,324,1.62,0
5227,0,1,5,7,11,False,35,12,10,3082,15.41,3212651
5228,0,1,4,4,10,False,212,1,224,480,2.4,0
5229,0,1,5,4,10,False,242,0,82,82,0.41,0
5230,0,1,4,4,10,True,212,3,34,802,4.01,0
5231,0,1,22,4,10,False,159,1,61,317,1.585,0
5232,0,1,4,4,10,False,217,1,140,396,1.98,0
5233,0,1,14,3,31,True,1,11,0,2816,14.08,0
5234,0,1,4,4,10,False,50,2,55,567,2.835,0
5235,0,1,8,4,10,False,152,1,22,278,1.39,0
5236,0,1,4,4,10,False,209,0,227,227,1.135,0
5237,0,1,8,4,10,False,20,0,165,165,0.825,0
5238,0,1,4,4,10,False,53,5,59,1339,6.695,0
5239,0,1,1,2,1,False,168,0,0,0,0.0,0
5240,0,1,4,4,10,False,94,1,176,432,2.16,0
5241,0,1,7,2,4,False,10,0,0,0,0.0,0
5242,0,1,4,4,10,False,243,3,26,794,3.97,0
5243,0,1,13,6,4,False,138,10,101,2661,13.305,24324
5244,0,1,4,4,10,False,99,1,159,415,2.075,0
5245,0,1,5,4,10,False,239,1,189,445,2.225,0
5246,0,1,4,4,10,False,24,0,233,233,1.165,0
5247,0,1,8,4,10,False,82,4,152,1176,5.88,0
5248,0,1,4,4,10,False,17,0,238,238,1.19,0
5249,0,1,8,4,10,False,24,0,246,246,1.23,0
5250,0,1,4,4,10,False,140,0,174,174,0.87,0
5251,0,1,8,4,10,True,24,12,210,3282,16.41,0
5252,0,1,4,4,10,False,75,0,198,198,0.99,0
5253,0,1,8,4,10,False,0,3,111,879,4.395,0
5254,0,1,4,4,10,False,217,3,35,803,4.015,0
5255,0,1,5,4,10,False,23,1,144,400,2.0,0
5256,0,1,4,4,10,False,61,4,232,1256,6.28,0
5257,0,1,5,4,10,True,23,3,64,832,4.16,0
5258,0,1,4,4,10,False,156,8,177,2225,11.125,0
5259,0,1,5,4,12,True,60,10,235,2795,13.975,0
5260,0,1,4,4,10,False,235,1,97,353,1.765,0
5261,0,1,5,4,63,True,44,10,227,2787,13.935,0
5262,0,1,4,4,10,False,186,2,205,717,3.585,0
5263,0,1,0,3,25,True,44,10,0,2560,12.8,0
5264,0,1,4,4,10,False,244,2,70,582,2.91,0
5265,0,1,28,3,7,False,10,12,0,3072,15.36,0
5266,0,1,4,4,10,False,132,2,248,760,3.8,0
5267,0,1,1,2,59,True,10,0,0,0,0.0,0
5268,0,1,4,4,10,False,240,1,116,372,1.86,0
5269,0,1,26,5,44,False,10,4,10,1034,5.17,244
5270,0,1,4,4,10,True,93,4,43,1067,5.335,0
5271,0,1,0,6,47,False,52,10,67,2627,13.135,53514
5272,0,1,4,4,10,False,243,1,61,317,1.585,0
5273,0,1,6,4,10,False,174,15,226,4066,20.33,0
5274,0,1,4,4,10,False,108,3,37,805,4.025,0
5275,0,1,5,4,10,False,56,3,132,900,4.5,0
5276,0,1,4,4,10,False,251,5,225,1505,7.525,0
5277,0,1,5,4,10,False,226,3,234,1002,5.01,0
5278,0,1,4,4,10,False,73,9,69,2373,11.865,0
5279,0,1,5,4,10,False,45,8,125,2173,10.865,0
5280,0,1,4,4,10,False,175,0,185,185,0.925,0
5281,0,1,5,4,10,False,181,7,71,1863,9.315,0
5282,0,1,4,4,10,False,52,4,116,1140,5.7,0
5283,0,1,5,4,10,False,239,14,85,3669,18.345,0
5284,0,1,4,4,10,False,114,0,161,161,0.805,0
5285,0,1,5,4,10,False,133,4,2,1026,5.13,0
5286,0,1,4,4,10,False,237,2,82,594,2.97,0
5287,0,1,5,4,6,False,23,12,138,3210,16.05,0
5288,0,1,4,4,10,False,61,0,95,95,0.475,0
5289,0,1,6,4,3,False,44,10,241,2801,14.005,0
5290,0,1,4,4,10,False,250,3,68,836,4.18,0
5291,0,1,0,6,10,True,181,6,155,1691,8.455,22582
5292,0,1,4,4,10,True,250,3,121,889,4.445,0
5293,0,1,5,4,10,False,198,0,153,153,0.765,0
5294,0,1,4,4,10,False,247,3,101,869,4.345,0
5295,0,1,6,4,10,True,198,6,240,1776,8.88,0
5296,0,1,4,4,10,False,92,0,54,54,0.27,0
5297,0,1,0,4,10,False,248,2,163,675,3.375,0
5298,0,1,4,4,10,False,70,3,231,999,4.995,0
5299,0,1,0,4,10,True,248,2,121,633,3.165,0
5300,0,1,4,4,10,True,70,7,18,1810,9.05,0
5301,0,1,18,7,1,False,98,12,10,3082,15.41,16320011
5302,0,1,4,4,10,False,3,0,112,112,0.56,0
5303,0,1,5,4,10,True,70,5,78,1358,6.79,0
5304,0,1,4,4,10,False,199,1,151,407,2.035,0
5305,0,1,12,4,10,False,3,0,103,103,0.515,0
5306,0,1,4,4,10,False,97,1,129,385,1.925,0
5307,0,1,25,5,44,False,10,3,1,769,3.845,46
5308,0,1,4,4,10,False,188,4,172,1196,5.98,0
5309,0,1,5,2,3,True,1,0,0,0,0.0,0
5310,0,1,4,4,10,True,89,7,187,1979,9.895,0
5311,0,1,8,4,10,False,255,14,3,3587,17.935,0
5312,0,1,4,4,10,False,186,3,153,921,4.605,0
5313,0,1,28,0,0,False,0,0,0,0,0.0,0
5314,0,1,4,4,10,False,15,2,85,597,2.985,0
5315,0,1,5,2,0,False,0,0,0,0,0.0,0
5316,0,1,4,4,10,False,95,0,72,72,0.36,0
5317,0,1,1,5,49,False,4,1,239,495,2.475,42
5318,0,1,4,4,10,False,200,2,111,623,3.115,0
5319,0,1,0,1,1,False,0,0,0,0,0.0,0
5320,0,1,4,4,10,False,236,1,177,433,2.165,0
5321,0,1,5,4,4,False,10,10,147,2707,13.535,0
5322,0,1,4,4,10,False,149,2,35,547,2.735,0
5323,0,1,4,4,10,False,215,0,87,87,0.435,0
5324,0,1,29,2,4,False,251,0,0,0,0.0,0
5325,0,1,4,4,10,False,64,1,106,362,1.81,0
5326,0,1,8,4,10,False,10,10,156,2716,13.58,0
5327,0,1,4,4,10,False,160,1,45,301,1.505,0
5328,0,1,4,4,10,False,11,2,51,563,2.815,0
5329,0,1,6,4,10,False,145,3,247,1015,5.075,0
5330,0,1,4,4,10,True,11,14,161,3745,18.725,0
5331,0,1,0,7,0,False,104,4,10,1034,5.17,16712516
5332,0,1,4,4,10,False,194,1,229,485,2.425,0
5333,0,1,0,4,10,True,52,11,5,2821,14.105,0
5334,0,1,4,4,10,False,45,1,158,414,2.07,0
5335,0,1,26,5,10,False,44,2,27,539,2.695,158
5336,0,1,4,4,10,False,61,3,43,811,4.055,0
5337,0,1,4,4,10,False,194,2,36,548,2.74,0
5338,0,1,5,4,10,True,44,1,144,400,2.0,0
5339,0,1,4,4,10,False,79,0,81,81,0.405,0
5340,0,1,11,6,52,False,10,12,10,3082,15.41,30147
5341,0,1,4,4,10,False,233,2,87,599,2.995,0
5342,0,1,4,4,10,False,233,3,151,919,4.595,0
5343,0,1,11,1,9,False,0,0,0,0,0.0,0
5344,0,1,4,4,10,False,216,0,66,66,0.33,0
5345,0,1,0,1,44,False,0,0,0,0,0.0,0
5346,0,1,4,4,10,True,216,11,148,2964,14.82,0
5347,0,1,1,2,18,True,0,0,0,0,0.0,0
5348,0,1,4,4,10,False,155,1,133,389,1.945,0
5349,0,1,9,6,44,False,138,13,44,3372,16.86,55050
5350,0,1,4,4,10,True,155,1,97,353,1.765,0
5351,0,1,17,2,52,False,44,0,0,0,0.0,0
5352,0,1,1,2,34,True,0,0,0,0,0.0,0
5353,0,1,17,2,34,True,0,0,0,0,0.0,0
5354,0,1,4,4,10,False,42,0,141,141,0.705,0
5355,0,1,26,6,10,False,102,3,210,978,4.89,5172
5356,0,1,4,4,10,True,42,0,106,106,0.53,0
5357,0,1,4,4,10,False,152,1,96,352,1.76,0
5358,0,1,9,3,16,False,44,10,0,2560,12.8,0
5359,0,1,4,4,10,False,44,1,218,474,2.37,0
5360,0,1,2,4,2,False,127,4,155,1179,5.895,0
5361,0,1,4,4,10,False,149,1,10,266,1.33,0
5362,0,1,0,1,0,False,0,0,0,0,0.0,0
5363,0,1,4,4,10,True,149,3,232,1000,5.0,0
5364,0,1,13,2,52,False,60,0,0,0,0.0,0
5365,0,1,4,4,10,False,84,2,254,766,3.83,0
5366,0,1,1,2,0,False,129,0,0,0,0.0,0
5367,0,1,4,4,10,False,207,5,105,1385,6.925,0
5368,0,1,5,4,10,True,171,12,10,3082,15.41,0
5369,0,1,4,4,10,False,29,2,156,668,3.34,0
5370,0,1,10,5,10,True,152,12,44,3116,15.58,138
5371,0,1,4,4,10,True,156,7,118,1910,9.55,0
5372,0,1,5,4,10,False,30,0,155,155,0.775,0
5373,0,1,4,4,10,False,248,3,6,774,3.87,0
5374,0,1,17,2,1,False,77,0,0,0,0.0,0
5375,0,1,4,4,10,False,86,1,35,291,1.455,0
5376,0,1,21,2,60,False,138,0,0,0,0.0,0
5377,0,1,4,4,10,False,154,2,150,662,3.31,0
5378,0,1,9,3,13,False,17,2,0,512,2.56,0
5379,0,1,4,4,10,True,154,12,76,3148,15.74,0
5380,0,1,1,2,22,True,80,0,0,0,0.0,0
5381,0,1,4,4,10,False,137,2,127,639,3.195,0
5382,0,1,1,2,52,False,10,0,0,0,0.0,0
5383,0,1,4,4,10,False,253,1,74,330,1.65,0
5384,0,1,1,2,28,True,1,0,0,0,0.0,0
5385,0,1,4,4,10,False,88,2,87,599,2.995,0
5386,0,1,0,4,46,True,52,2,121,633,3.165,0
5387,0,1,4,4,10,True,201,2,210,722,3.61,0
5388,0,1,0,1,16,True,0,0,0,0,0.0,0
5389,0,1,4,4,10,False,201,0,227,227,1.135,0
5390,0,1,8,4,1,False,154,2,101,613,3.065,0
5391,0,1,4,4,10,False,143,2,165,677,3.385,0
5392,0,1,8,4,10,False,213,7,71,1863,9.315,0
5393,0,1,4,4,10,False,239,0,101,101,0.505,0
5394,0,1,8,4,10,False,171,1,251,507,2.535,0
5395,0,1,4,4,10,False,48,1,225,481,2.405,0
5396,0,1,6,4,10,False,171,2,116,628,3.14,0
5397,0,1,4,4,10,False,243,0,255,255,1.275,0
5398,0,1,8,4,10,False,72,0,55,55,0.275,0
5399,0,1,4,4,10,False,72,0,210,210,1.05,0
5400,0,1,8,4,10,True,72,2,46,558,2.79,0
5401,0,1,4,4,10,False,12,1,214,470,2.35,0
5402,0,1,8,4,10,False,72,0,184,184,0.92,0
5403,0,1,4,4,10,False,12,3,101,869,4.345,0
5404,0,1,11,7,10,False,233,12,10,3082,15.41,134156
5405,0,1,4,4,10,False,229,1,102,358,1.79,0
5406,0,1,23,3,28,False,52,10,0,2560,12.8,0
5407,0,1,4,4,10,False,52,0,220,220,1.1,0
5408,0,1,22,0,0,False,0,0,0,0,0.0,0
5409,0,1,4,4,10,False,241,1,193,449,2.245,0
5410,0,1,1,4,60,False,10,10,225,2785,13.925,0
5411,0,1,4,4,10,False,77,3,53,821,4.105,0
5412,0,1,13,1,53,False,0,0,0,0,0.0,0
5413,0,1,4,4,10,False,66,1,85,341,1.705,0
5414,0,1,4,4,10,False,11,0,177,177,0.885,0
5415,0,1,10,4,10,False,46,7,165,1957,9.785,0
5416,0,1,4,4,10,False,85,1,221,477,2.385,0
5417,0,1,5,4,10,False,52,10,65,2625,13.125,0
5418,0,1,4,4,10,False,197,3,106,874,4.37,0
5419,0,1,5,4,10,False,44,10,85,2645,13.225,0
5420,0,1,4,4,10,False,30,6,16,1552,7.76,0
5421,0,1,0,1,60,False,0,0,0,0,0.0,0
5422,0,1,4,4,10,False,87,2,51,563,2.815,0
5423,0,1,5,4,10,False,197,1,10,266,1.33,0
5424,0,1,4,4,10,True,87,7,184,1976,9.88,0
5425,0,1,3,7,10,False,120,3,23,791,3.955,668895
5426,0,1,4,4,10,False,97,0,225,225,1.125,0
5427,0,1,5,4,10,True,120,8,0,2048,10.24,0
5428,0,1,4,4,10,False,235,3,109,877,4.385,0
5429,0,1,15,0,0,False,0,0,0,0,0.0,0
5430,0,1,4,4,10,False,64,2,210,722,3.61,0
5431,0,1,0,4,25,True,68,10,30,2590,12.95,0
5432,0,1,4,4,10,True,64,6,178,1714,8.57,0
5433,0,1,0,1,32,True,0,0,0,0,0.0,0
5434,0,1,5,4,10,False,69,5,34,1314,6.57,0
5435,0,1,5,4,10,True,69,5,215,1495,7.475,0
5436,0,1,8,4,10,False,64,4,204,1228,6.14,0
5437,0,1,4,4,10,False,183,1,182,438,2.19,0
5438,0,1,8,4,10,False,168,2,110,622,3.11,0
5439,0,1,4,4,10,True,183,1,163,419,2.095,0
5440,0,1,8,4,10,False,184,0,203,203,1.015,0
5441,0,1,4,4,10,False,124,4,157,1181,5.905,0
5442,0,1,6,4,10,False,216,0,74,74,0.37,0
5443,0,1,4,4,10,False,204,2,1,513,2.565,0
5444,0,1,8,4,10,False,124,5,87,1367,6.835,0
5445,0,1,4,4,10,True,204,6,67,1603,8.015,0
5446,0,1,1,2,5,False,217,0,0,0,0.0,0
5447,0,1,4,4,10,False,233,1,120,376,1.88,0
5448,0,1,11,5,4,False,138,6,138,1674,8.37,183
5449,0,1,4,4,10,True,233,1,102,358,1.79,0
5450,0,1,10,0,0,False,0,0,0,0,0.0,0
5451,0,1,4,4,10,False,156,4,17,1041,5.205,0
5452,0,1,12,0,0,False,0,0,0,0,0.0,0
5453,0,1,4,4,10,False,252,0,118,118,0.59,0
5454,0,1,6,4,10,False,154,1,232,488,2.44,0
5455,0,1,4,4,10,True,252,4,45,1069,5.345,0
5456,0,1,6,4,10,False,157,3,212,980,4.9,0
5457,0,1,4,4,10,False,143,4,51,1075,5.375,0
5458,0,1,25,4,10,True,157,4,89,1113,5.565,0
5459,0,1,4,4,10,False,241,0,174,174,0.87,0
5460,0,1,8,1,28,False,0,0,0,0,0.0,0
5461,0,1,4,4,10,False,169,1,198,454,2.27,0
5462,0,1,1,2,41,True,1,0,0,0,0.0,0
5463,0,1,4,4,10,False,57,3,211,979,4.895,0
5464,0,1,5,4,60,False,10,7,2,1794,8.97,0
5465,0,1,4,4,10,False,110,5,114,1394,6.97,0
5466,0,1,6,4,3,False,238,11,62,2878,14.39,0
5467,0,1,4,4,10,True,110,11,48,2864,14.32,0
5468,0,1,22,5,44,True,10,10,6,2566,12.83,44
5469,0,1,4,4,10,False,81,2,248,760,3.8,0
5470,0,1,7,4,10,False,105,6,44,1580,7.9,0
5471,0,1,4,4,10,False,150,2,89,601,3.005,0
5472,0,1,1,2,1,False,44,0,0,0,0.0,0
5473,0,1,4,4,10,False,10,0,174,174,0.87,0
5474,0,1,1,2,23,True,1,0,0,0,0.0,0
5475,0,1,4,4,10,False,128,0,235,235,1.175,0
5476,0,1,19,4,9,False,226,11,0,2816,14.08,0
5477,0,1,4,4,10,True,128,6,78,1614,8.07,0
5478,0,1,25,7,31,False,5,12,10,3082,15.41,3408001
5479,0,1,4,4,10,False,67,0,191,191,0.955,0
5480,0,1,1,2,60,False,68,0,0,0,0.0,0
5481,0,1,4,4,10,False,167,1,157,413,2.065,0
5482,0,1,5,4,10,True,129,10,168,2728,13.64,0
5483,0,1,4,4,10,True,167,2,55,567,2.835,0
5484,0,1,0,4,40,True,4,5,52,1332,6.66,0
5485,0,1,1,2,3,False,225,0,0,0,0.0,0
5486,0,1,4,4,10,False,91,0,51,51,0.255,0
5487,0,1,8,7,5,False,42,6,0,1536,7.68,4013440
5488,0,1,0,4,10,True,36,10,175,2735,13.675,0
5489,0,1,0,1,45,False,0,0,0,0,0.0,0
5490,0,1,2,3,1,False,60,11,0,2816,14.08,0
5491,0,1,4,4,10,False,52,3,152,920,4.6,0
5492,0,1,6,4,10,False,45,4,10,1034,5.17,0
5493,0,1,4,4,10,False,152,1,146,402,2.01,0
5494,0,1,2,3,0,False,60,4,0,1024,5.12,0
5495,0,1,4,4,10,True,152,5,185,1465,7.325,0
5496,0,1,1,2,47,True,102,0,0,0,0.0,0
5497,0,1,4,4,10,False,66,0,232,232,1.16,0
5498,0,1,5,1,10,True,0,0,0,0,0.0,0
5499,0,1,4,4,10,False,196,0,150,150,0.75,0
5500,0,1,5,4,10,False,171,4,87,1111,5.555,0
5501,0,1,4,4,10,False,20,1,65,321,1.605,0
5502,0,1,6,4,2,False,0,4,10,1034,5.17,0
5503,0,1,4,4,10,False,152,1,60,316,1.58,0
5504,0,1,19,0,0,False,0,0,0,0,0.0,0
5505,0,1,4,4,10,False,253,3,108,876,4.38,0
5506,0,1,9,3,5,False,52,4,0,1024,5.12,0
5507,0,1,4,4,10,True,253,6,252,1788,8.94,0
5508,0,1,1,2,41,False,10,0,0,0,0.0,0
5509,0,1,13,1,8,False,0,0,0,0,0.0,0
5510,0,1,4,4,10,False,252,1,182,438,2.19,0
5511,0,1,5,4,1,False,10,12,10,3082,15.41,0
5512,0,1,4,4,10,False,60,1,141,397,1.985,0
5513,0,1,24,4,10,False,37,4,138,1162,5.81,0
5514,0,1,4,4,10,False,149,1,113,369,1.845,0
5515,0,1,19,0,0,False,0,0,0,0,0.0,0
5516,0,1,4,4,10,False,249,0,199,199,0.995,0
5517,0,1,1,2,14,False,4,0,0,0,0.0,0
5518,0,1,4,4,10,False,73,2,103,615,3.075,0
5519,0,1,5,4,10,True,44,5,68,1348,6.74,0
5520,0,1,4,4,10,True,73,7,73,1865,9.325,0
5521,0,1,5,4,60,False,7,12,10,3082,15.41,0
5522,0,1,4,4,10,False,56,1,234,490,2.45,0
5523,0,1,10,4,33,False,44,10,84,2644,13.22,0
5524,0,1,4,4,10,False,127,1,92,348,1.74,0
5525,0,1,4,4,10,True,131,2,239,751,3.755,0
5526,0,1,6,4,0,False,109,4,10,1034,5.17,0
5527,0,1,4,4,10,False,91,1,14,270,1.35,0
5528,0,1,15,7,5,False,105,12,138,3210,16.05,2426239
5529,0,1,4,4,10,False,198,1,10,266,1.33,0
5530,0,1,5,4,10,False,172,1,41,297,1.485,0
5531,0,1,4,4,10,False,59,0,164,164,0.82,0
5532,0,1,8,4,10,True,172,0,255,255,1.275,0
5533,0,1,4,4,10,False,189,1,238,494,2.47,0
5534,0,1,8,4,10,False,14,0,80,80,0.4,0
5535,0,1,4,4,10,False,55,1,143,399,1.995,0
5536,0,1,12,0,0,False,0,0,0,0,0.0,0
5537,0,1,4,4,10,True,55,5,157,1437,7.185,0
5538,0,1,8,4,10,False,109,0,65,65,0.325,0
5539,0,1,4,4,10,False,7,0,69,69,0.345,0
5540,0,1,8,4,10,False,216,0,103,103,0.515,0
5541,0,1,4,4,10,False,107,1,178,434,2.17,0
5542,0,1,8,4,10,True,216,0,82,82,0.41,0
5543,0,1,4,4,10,False,41,2,68,580,2.9,0
5544,0,1,8,4,10,False,107,1,36,292,1.46,0
5545,0,1,4,4,10,False,141,1,100,356,1.78,0
5546,0,1,8,4,10,False,41,0,211,211,1.055,0
5547,0,1,4,4,10,False,18,2,18,530,2.65,0
5548,0,1,11,4,10,False,185,1,112,368,1.84,0
5549,0,1,4,4,10,False,72,0,206,206,1.03,0
5550,0,1,1,2,2,False,72,0,0,0,0.0,0
5551,0,1,4,4,10,False,194,0,169,169,0.845,0
5552,0,1,22,7,4,False,138,12,138,3210,16.05,4457234
5553,0,1,4,4,10,True,194,8,136,2184,10.92,0
5554,0,1,1,2,52,False,60,0,0,0,0.0,0
5555,0,1,4,4,10,False,243,1,93,349,1.745,0
5556,0,1,3,6,4,False,138,0,52,52,0.26,62218
5557,0,1,4,4,10,False,68,2,71,583,2.915,0
5558,0,1,4,4,10,False,204,1,34,290,1.45,0
5559,0,1,12,3,14,False,82,10,0,2560,12.8,0
5560,0,1,4,4,10,False,28,0,194,194,0.97,0
5561,0,1,2,2,4,False,158,0,0,0,0.0,0
5562,0,1,4,4,10,False,73,0,149,149,0.745,0
5563,0,1,0,1,59,True,0,0,0,0,0.0,0
5564,0,1,4,4,10,False,178,0,194,194,0.97,0
5565,0,1,19,1,48,False,0,0,0,0,0.0,0
5566,0,1,4,4,10,True,178,6,10,1546,7.73,0
5567,0,1,6,4,10,False,74,0,138,138,0.69,0
5568,0,1,4,4,10,False,67,1,103,359,1.795,0
5569,0,1,9,1,52,False,0,0,0,0,0.0,0
5570,0,1,4,4,10,False,173,0,237,237,1.185,0
5571,0,1,1,2,5,False,52,0,0,0,0.0,0
5572,0,1,4,4,10,True,173,2,47,559,2.795,0
5573,0,1,1,2,37,True,4,0,0,0,0.0,0
5574,0,1,4,4,10,False,162,1,146,402,2.01,0
5575,0,1,1,2,32,False,0,0,0,0,0.0,0
5576,0,1,4,4,10,False,20,0,173,173,0.865,0
5577,0,1,6,6,41,True,175,10,73,2633,13.165,13312
5578,0,1,4,4,10,False,98,1,94,350,1.75,0
5579,0,1,1,2,25,True,68,0,0,0,0.0,0
5580,0,1,4,4,10,False,250,1,194,450,2.25,0
5581,0,1,7,2,44,False,138,0,0,0,0.0,0
5582,0,1,4,4,10,False,58,1,218,474,2.37,0
5583,0,1,0,1,51,False,0,0,0,0,0.0,0
5584,0,1,4,4,10,True,218,5,84,1364,6.82,0
5585,0,1,6,4,10,False,44,10,4,2564,12.82,0
5586,0,1,4,4,10,False,218,0,62,62,0.31,0
5587,0,1,6,4,10,False,96,10,241,2801,14.005,0
5588,0,1,4,4,10,False,129,1,95,351,1.755,0
5589,0,1,6,4,15,False,59,0,62,62,0.31,0
5590,0,1,4,4,10,False,178,1,198,454,2.27,0
5591,0,1,0,4,10,True,10,15,2,3842,19.21,0
5592,0,1,4,4,10,False,143,2,213,725,3.625,0
5593,0,1,5,4,44,False,10,1,2,258,1.29,0
5594,0,1,4,4,10,False,228,8,17,2065,10.325,0
5595,0,1,10,1,15,True,0,0,0,0,0.0,0
5596,0,1,4,4,10,False,87,0,88,88,0.44,0
5597,0,1,0,6,56,False,138,10,142,2702,13.51,13416
5598,0,1,4,4,10,False,195,0,244,244,1.22,0
5599,0,1,1,2,31,True,129,0,0,0,0.0,0
5600,0,1,4,4,10,False,35,1,201,457,2.285,0
5601,0,1,0,1,44,False,0,0,0,0,0.0,0
5602,0,1,4,4,10,False,199,0,177,177,0.885,0
5603,0,1,1,2,10,False,14,0,0,0,0.0,0
5604,0,1,4,4,10,False,235,1,249,505,2.525,0
5605,0,1,14,5,10,False,2,3,10,778,3.89,228
5606,0,1,4,4,10,False,60,0,71,71,0.355,0
5607,0,1,15,5,60,False,138,4,6,1030,5.15,154
5608,0,1,4,4,10,False,37,2,115,627,3.135,0
5609,0,1,1,2,2,False,49,0,0,0,0.0,0
5610,0,1,4,4,10,False,153,5,86,1366,6.83,0
5611,0,1,5,4,10,False,214,12,10,3082,15.41,0
5612,0,1,4,4,10,True,153,5,38,1318,6.59,0
5613,0,1,3,2,10,False,35,0,0,0,0.0,0
5614,0,1,4,4,10,False,86,0,205,205,1.025,0
5615,0,1,5,4,10,False,147,10,147,2707,13.535,0
5616,0,1,4,4,10,False,251,2,27,539,2.695,0
5617,0,1,0,2,54,False,60,0,0,0,0.0,0
5618,0,1,4,4,10,True,251,2,178,690,3.45,0
5619,0,1,5,4,10,False,87,3,133,901,4.505,0
5620,0,1,4,4,10,False,192,2,210,722,3.61,0
5621,0,1,5,4,10,False,118,2,151,663,3.315,0
5622,0,1,4,4,10,True,192,2,173,685,3.425,0
5623,0,1,5,4,10,False,245,4,135,1159,5.795,0
5624,0,1,4,4,10,False,162,2,8,520,2.6,0
5625,0,1,5,4,4,True,44,10,159,2719,13.595,0
5626,0,1,4,4,10,False,24,1,148,404,2.02,0
5627,0,1,0,5,20,False,44,10,179,2739,13.695,1
5628,0,1,4,4,10,False,141,4,8,1032,5.16,0
5629,0,1,9,6,44,False,10,11,2,2818,14.09,11344
5630,0,1,4,4,10,False,230,2,114,626,3.13,0
5631,0,1,1,2,34,True,7,0,0,0,0.0,0
5632,0,1,4,4,10,False,143,3,80,848,4.24,0
5633,0,1,15,2,60,False,10,0,0,0,0.0,0
5634,0,1,4,4,10,False,185,5,232,1512,7.56,0
5635,0,1,29,3,5,False,26,11,0,2816,14.08,0
5636,0,1,4,4,10,False,121,0,89,89,0.445,0
5637,0,1,0,1,44,False,0,0,0,0,0.0,0
5638,0,1,4,4,10,True,121,15,63,3903,19.515,0
5639,0,1,16,7,2,False,52,10,1,2561,12.805,31024
5640,0,1,4,4,10,False,134,1,38,294,1.47,0
5641,0,1,12,2,10,False,180,0,0,0,0.0,0
5642,0,1,4,4,10,False,246,1,7,263,1.315,0
5643,0,1,0,7,44,False,138,2,44,556,2.78,9013770
5644,0,1,4,4,10,False,37,3,252,1020,5.1,0
5645,0,1,1,0,0,False,0,0,0,0,0.0,0
5646,0,1,4,4,10,False,79,1,4,260,1.3,0
5647,0,1,6,4,10,False,44,10,247,2807,14.035,0
5648,0,1,4,4,10,True,79,5,164,1444,7.22,0
5649,0,1,1,1,30,True,0,0,0,0,0.0,0
5650,0,1,4,4,10,False,109,2,16,528,2.64,0
5651,0,1,23,1,59,False,0,0,0,0,0.0,0
5652,0,1,4,4,10,False,232,2,2,514,2.57,0
5653,0,1,5,4,10,True,10,12,217,3289,16.445,0
5654,0,1,4,4,10,False,29,1,118,374,1.87,0
5655,0,1,9,0,0,False,0,0,0,0,0.0,0
5656,0,1,4,4,10,False,156,2,38,550,2.75,0
5657,0,1,0,2,34,True,135,0,0,0,0.0,0
5658,0,1,4,4,10,True,156,7,27,1819,9.095,0
5659,0,1,5,4,10,False,52,1,174,430,2.15,0
5660,0,1,4,4,10,False,96,0,94,94,0.47,0
5661,0,1,7,4,10,False,129,0,95,95,0.475,0
5662,0,1,4,4,10,True,96,0,76,76,0.38,0
5663,0,1,6,4,10,True,129,1,227,483,2.415,0
5664,0,1,4,4,10,False,68,2,55,567,2.835,0
5665,0,1,0,7,31,False,2,12,10,3082,15.41,3423486
5666,0,1,4,4,10,False,216,1,181,437,2.185,0
5667,0,1,5,4,10,False,73,2,51,563,2.815,0
5668,0,1,4,4,10,False,113,2,73,585,2.925,0
5669,0,1,1,2,1,False,93,0,0,0,0.0,0
5670,0,1,4,4,10,False,113,3,64,832,4.16,0
5671,0,1,1,2,5,False,3,0,0,0,0.0,0
5672,0,1,4,4,10,False,75,1,79,335,1.675,0
5673,0,1,5,4,10,False,114,10,114,2674,13.37,0
5674,0,1,4,4,10,False,101,1,4,260,1.3,0
5675,0,1,0,4,1,False,44,10,75,2635,13.175,0
5676,0,1,4,4,10,False,212,1,163,419,2.095,0
5677,0,1,0,1,10,False,0,0,0,0,0.0,0
5678,0,1,4,4,10,False,169,1,35,291,1.455,0
5679,0,1,5,4,10,False,102,0,1,1,0.005,0
5680,0,1,4,4,10,True,169,11,75,2891,14.455,0
5681,0,1,0,2,44,False,138,0,0,0,0.0,0
5682,0,1,4,4,10,False,75,3,157,925,4.625,0
5683,0,1,26,4,2,False,54,4,1,1025,5.125,0
5684,0,1,4,4,10,True,75,3,123,891,4.455,0
5685,0,1,7,7,0,False,108,8,44,2092,10.46,323850
5686,0,1,4,4,10,False,137,0,70,70,0.35,0
5687,0,1,17,5,44,False,138,2,0,512,2.56,158
5688,0,1,4,4,10,False,174,1,24,280,1.4,0
5689,0,1,6,4,26,False,68,10,60,2620,13.1,0
5690,0,1,4,4,10,False,71,0,214,214,1.07,0
5691,0,1,6,4,10,False,72,0,193,193,0.965,0
5692,0,1,4,4,10,False,210,0,213,213,1.065,0
5693,0,1,1,2,0,False,173,0,0,0,0.0,0
5694,0,1,4,2,18,True,0,0,0,0,0.0,0
5695,0,1,6,4,10,False,228,0,137,137,0.685,0
5696,0,1,4,5,4,False,10,1,1,257,1.285,39
5697,0,1,6,4,1,False,235,12,138,3210,16.05,0
5698,0,1,4,4,10,False,229,0,225,225,1.125,0
5699,0,1,26,2,33,True,0,0,0,0,0.0,0
5700,0,1,4,4,10,False,197,1,244,500,2.5,0
5701,0,1,29,1,10,False,0,0,0,0,0.0,0
5702,0,1,4,4,10,False,36,2,212,724,3.62,0
5703,0,1,23,7,62,True,93,4,10,1034,5.17,13765232
5704,0,1,4,4,10,True,36,5,234,1514,7.57,0
5705,0,1,5,4,10,False,30,2,242,754,3.77,0
5706,0,1,4,4,10,False,189,1,55,311,1.555,0
5707,0,1,5,4,35,False,68,10,24,2584,12.92,0
5708,0,1,4,4,10,False,118,1,60,316,1.58,0
5709,0,1,5,4,10,True,120,11,126,2942,14.71,0
5710,0,1,4,4,10,False,176,1,60,316,1.58,0
5711,0,1,5,4,3,False,45,12,10,3082,15.41,0
5712,0,1,4,4,10,False,90,2,208,720,3.6,0
5713,0,1,22,0,0,False,0,0,0,0,0.0,0
5714,0,1,4,4,10,False,148,1,4,260,1.3,0
5715,0,1,5,4,10,True,176,1,180,436,2.18,0
5716,0,1,4,4,10,False,40,1,11,267,1.335,0
5717,0,1,0,4,33,True,48,12,138,3210,16.05,0
5718,0,1,4,4,10,False,35,0,139,139,0.695,0
5719,0,1,31,6,50,True,52,6,68,1604,8.02,45100
5720,0,1,4,4,10,True,35,8,30,2078,10.39,0
5721,0,1,0,1,44,False,0,0,0,0,0.0,0
5722,0,1,4,4,10,False,123,2,126,638,3.19,0
5723,0,1,17,2,18,False,1,0,0,0,0.0,0
5724,0,1,4,4,10,False,9,1,169,425,2.125,0
5725,0,1,7,0,0,False,0,0,0,0,0.0,0
5726,0,1,4,4,10,False,133,2,145,657,3.285,0
5727,0,1,8,6,0,False,34,12,10,3082,15.41,10
5728,0,1,4,4,10,False,174,2,53,565,2.825,0
5729,0,1,11,0,0,False,0,0,0,0,0.0,0
5730,0,1,4,4,10,False,30,6,62,1598,7.99,0
5731,0,1,24,7,57,True,6,2,147,659,3.295,138937
5732,0,1,4,4,10,True,30,14,7,3591,17.955,0
5733,0,1,8,6,52,False,10,4,3,1027,5.135,13373
5734,0,1,4,4,10,False,69,1,99,355,1.775,0
5735,0,1,0,2,52,False,52,0,0,0,0.0,0
5736,0,1,4,4,10,False,110,3,100,868,4.34,0
5737,0,1,1,2,44,False,138,0,0,0,0.0,0
5738,0,1,4,4,10,False,113,2,52,564,2.82,0
5739,0,1,0,3,3,True,52,9,0,2304,11.52,0
5740,0,1,4,4,10,True,113,5,60,1340,6.7,0
5741,0,1,3,5,7,False,10,6,1,1537,7.685,101
5742,0,1,4,4,10,False,219,1,93,349,1.745,0
5743,0,1,0,2,53,False,52,0,0,0,0.0,0
5744,0,1,4,4,10,False,218,0,252,252,1.26,0
5745,0,1,1,2,47,True,9,0,0,0,0.0,0
5746,0,1,4,4,10,False,47,0,60,60,0.3,0
5747,0,1,22,2,52,False,10,0,0,0,0.0,0
5748,0,1,4,4,10,True,47,2,77,589,2.945,0
5749,0,1,0,2,20,False,52,0,0,0,0.0,0
5750,0,1,4,4,10,False,204,0,202,202,1.01,0
5751,0,1,16,6,51,True,52,13,0,3328,16.64,35402
5752,0,1,4,4,10,False,83,0,101,101,0.505,0
5753,0,1,25,5,0,False,53,10,6,2566,12.83,61
5754,0,1,4,4,10,False,214,2,96,608,3.04,0
5755,0,1,29,3,52,False,10,6,0,1536,7.68,0
5756,0,1,4,4,10,False,122,5,6,1286,6.43,0
5757,0,1,0,5,50,True,60,10,205,2765,13.825,0
5758,0,1,4,4,10,False,197,7,222,2014,10.07,0
5759,0,1,17,1,52,False,0,0,0,0,0.0,0
5760,0,1,4,4,10,True,197,10,168,2728,13.64,0
5761,0,1,17,2,5,False,0,0,0,0,0.0,0
5762,0,1,4,4,10,False,173,1,123,379,1.895,0
5763,0,1,5,3,52,False,138,11,0,2816,14.08,0
5764,0,1,4,4,10,False,40,2,83,595,2.975,0
5765,0,1,0,7,23,False,44,10,142,2702,13.51,2892033
5766,0,1,4,4,10,True,40,2,24,536,2.68,0
5767,0,1,1,2,41,False,0,0,0,0,0.0,0
5768,0,1,4,4,10,False,36,4,113,1137,5.685,0
5769,0,1,20,5,52,False,10,9,1,2305,11.525,186
5770,0,1,4,4,10,False,111,7,4,1796,8.98,0
5771,0,1,5,4,10,False,38,1,188,444,2.22,0
5772,0,1,4,4,10,False,153,0,72,72,0.36,0
5773,0,1,11,5,44,False,10,6,0,1536,7.68,89
5774,0,1,4,4,10,False,120,1,141,397,1.985,0
5775,0,1,31,2,30,True,52,0,0,0,0.0,0
5776,0,1,4,4,10,False,252,3,80,848,4.24,0
5777,0,1,1,2,31,False,9,0,0,0,0.0,0
5778,0,1,4,4,10,False,64,0,133,133,0.665,0
5779,0,1,4,4,10,True,192,12,13,3085,15.425,0
5780,0,1,12,6,24,True,236,4,10,1034,5.17,29189
5781,0,1,4,4,10,False,192,0,57,57,0.285,0
5782,0,1,5,4,10,True,68,6,206,1742,8.71,0
5783,0,1,4,4,10,False,126,3,12,780,3.9,0
5784,0,1,18,7,63,True,9,12,10,3082,15.41,97984
5785,0,1,4,4,10,False,217,6,28,1564,7.82,0
5786,0,1,20,4,0,True,44,10,217,2777,13.885,0
5787,0,1,4,4,10,False,171,3,18,786,3.93,0
5788,0,1,0,3,60,False,44,10,0,2560,12.8,0
5789,0,1,4,4,10,False,171,4,107,1131,5.655,0
5790,0,1,26,5,1,False,206,12,10,3082,15.41,78
5791,0,1,4,4,10,False,188,2,135,647,3.235,0
5792,0,1,0,4,13,True,44,10,84,2644,13.22,0
5793,0,1,4,4,10,False,219,4,96,1120,5.6,0
5794,0,1,4,4,10,False,126,1,131,387,1.935,0
5795,0,1,3,1,44,False,0,0,0,0,0.0,0
5796,0,1,4,4,10,True,9,15,245,4085,20.425,0
5797,0,1,1,2,28,True,4,0,0,0,0.0,0
5798,0,1,4,4,10,False,78,2,93,605,3.025,0
5799,0,1,13,3,1,False,166,4,0,1024,5.12,0
5800,0,1,4,4,10,False,205,2,189,701,3.505,0
5801,0,1,1,2,20,True,0,0,0,0,0.0,0
5802,0,1,4,4,10,False,28,1,37,293,1.465,0
5803,0,1,20,5,4,False,10,13,2,3330,16.65,152
5804,0,1,4,4,10,False,65,1,188,444,2.22,0
5805,0,1,5,4,10,False,28,5,109,1389,6.945,0
5806,0,1,4,4,10,False,161,1,157,413,2.065,0
5807,0,1,8,4,10,False,165,2,28,540,2.7,0
5808,0,1,4,4,10,True,161,8,63,2111,10.555,0
5809,0,1,8,4,10,False,165,3,13,781,3.905,0
5810,0,1,4,4,10,False,238,1,150,406,2.03,0
5811,0,1,8,4,10,True,165,9,71,2375,11.875,0
5812,0,1,4,4,10,False,66,0,89,89,0.445,0
5813,0,1,8,4,10,False,234,0,97,97,0.485,0
5814,0,1,4,4,10,False,238,0,247,247,1.235,0
5815,0,1,8,4,10,True,234,0,76,76,0.38,0
5816,0,1,4,4,10,False,122,1,16,272,1.36,0
5817,0,1,8,4,10,False,238,1,21,277,1.385,0
5818,0,1,4,4,10,False,196,2,178,690,3.45,0
5819,0,1,8,4,10,False,114,0,66,66,0.33,0
5820,0,1,4,4,10,False,85,1,169,425,2.125,0
5821,0,1,8,4,10,False,203,0,215,215,1.075,0
5822,0,1,4,4,10,False,201,1,5,261,1.305,0
5823,0,1,9,7,40,True,15,12,10,3082,15.41,668708
5824,0,1,4,4,10,False,34,0,215,215,1.075,0
5825,0,1,20,7,44,False,10,3,0,768,3.84,9055344
5826,0,1,4,4,10,False,220,0,90,90,0.45,0
5827,0,1,0,3,2,False,105,1,0,256,1.28,0
5828,0,1,4,4,10,False,111,4,213,1237,6.185,0
5829,0,1,1,2,1,False,231,0,0,0,0.0,0
5830,0,1,4,4,10,False,10,3,166,934,4.67,0
5831,0,1,24,2,52,False,185,0,0,0,0.0,0
5832,0,1,4,4,10,False,90,1,68,324,1.62,0
5833,0,1,7,4,52,False,10,0,110,110,0.55,0
5834,0,1,4,4,10,True,94,1,34,290,1.45,0
5835,0,1,1,2,6,False,88,0,0,0,0.0,0
5836,0,1,4,4,10,False,71,2,118,630,3.15,0
5837,0,1,5,4,10,False,90,9,10,2314,11.57,0
5838,0,1,4,4,10,True,71,2,65,577,2.885,0
5839,0,1,5,4,0,True,52,10,44,2604,13.02,0
5840,0,1,4,4,10,False,53,0,206,206,1.03,0
5841,0,1,1,2,52,False,44,0,0,0,0.0,0
5842,0,1,4,4,10,False,96,0,219,219,1.095,0
5843,0,1,17,2,7,False,0,0,0,0,0.0,0
5844,0,1,4,4,10,False,240,0,78,78,0.39,0
5845,0,1,1,2,54,False,0,0,0,0,0.0,0
5846,0,1,4,4,10,False,115,1,230,486,2.43,0
5847,0,1,1,2,44,False,10,0,0,0,0.0,0
5848,0,1,4,4,10,False,115,2,162,674,3.37,0
5849,0,1,17,2,33,False,0,0,0,0,0.0,0
5850,0,1,4,4,10,True,115,4,40,1064,5.32,0
5851,0,1,9,6,0,False,242,12,138,3210,16.05,595
5852,0,1,4,4,10,False,145,1,119,375,1.875,0
5853,0,1,23,6,32,False,53,0,110,110,0.55,316
5854,0,1,4,4,10,True,12,3,6,774,3.87,0
5855,0,1,12,5,52,False,10,1,2,258,1.29,85
5856,0,1,4,4,10,False,36,2,64,576,2.88,0
5857,0,1,11,2,1,False,125,0,0,0,0.0,0
5858,0,1,4,4,10,False,212,1,129,385,1.925,0
5859,0,1,5,4,10,False,104,4,98,1122,5.61,0
5860,0,1,4,4,10,True,212,1,233,489,2.445,0
5861,0,1,5,4,10,False,93,5,34,1314,6.57,0
5862,0,1,4,4,10,False,55,0,65,65,0.325,0
5863,0,1,5,4,4,False,44,10,222,2782,13.91,0
5864,0,1,4,4,10,True,55,0,48,48,0.24,0
5865,0,1,0,3,2,False,52,12,0,3072,15.36,0
5866,0,1,4,4,10,False,224,2,209,721,3.605,0
5867,0,1,17,2,36,False,10,0,0,0,0.0,0
5868,0,1,4,4,10,False,63,1,148,404,2.02,0
5869,0,1,20,1,1,False,0,0,0,0,0.0,0
5870,0,1,4,4,10,False,185,3,177,945,4.725,0
5871,0,1,18,6,6,False,2,8,44,2092,10.46,54538
5872,0,1,4,4,10,True,185,7,53,1845,9.225,0
5873,0,1,0,6,58,True,44,10,143,2703,13.515,37892
5874,0,1,4,4,10,False,200,2,89,601,3.005,0
5875,0,1,5,4,10,True,137,9,127,2431,12.155,0
5876,0,1,4,4,10,False,71,1,235,491,2.455,0
5877,0,1,8,4,10,False,200,2,218,730,3.65,0
5878,0,1,4,4,10,False,214,1,49,305,1.525,0
5879,0,1,8,4,10,False,71,1,144,400,2.0,0
5880,0,1,4,4,10,False,0,0,229,229,1.145,0
5881,0,1,8,4,10,False,215,0,109,109,0.545,0
5882,0,1,4,4,10,False,141,1,33,289,1.445,0
5883,0,1,27,7,2,False,229,12,10,3082,15.41,7276545
5884,0,1,4,4,10,False,254,0,245,245,1.225,0
5885,0,1,5,4,10,False,163,0,198,198,0.99,0
5886,0,1,4,4,10,False,204,1,117,373,1.865,0
5887,0,1,8,4,10,False,35,0,150,150,0.75,0
5888,0,1,4,4,10,False,53,3,192,960,4.8,0
5889,0,1,8,4,10,False,140,0,129,129,0.645,0
5890,0,1,4,4,10,False,200,2,214,726,3.63,0
5891,0,1,8,4,10,False,53,3,247,1015,5.075,0
5892,0,1,4,4,10,False,79,2,119,631,3.155,0
5893,0,1,8,4,10,False,229,3,69,837,4.185,0
5894,0,1,4,4,10,False,173,5,129,1409,7.045,0
5895,0,1,8,4,10,False,234,1,126,382,1.91,0
5896,0,1,4,4,10,False,44,3,46,814,4.07,0
5897,0,1,8,4,10,False,180,0,211,211,1.055,0
5898,0,1,4,4,10,True,44,6,10,1546,7.73,0
5899,0,1,8,4,10,False,44,4,92,1116,5.58,0
5900,0,1,4,4,10,False,33,1,26,282,1.41,0
5901,0,1,8,4,10,True,44,1,68,324,1.62,0
5902,0,1,4,4,10,False,90,0,211,211,1.055,0
5903,0,1,8,4,10,False,90,0,224,224,1.12,0
5904,0,1,4,4,10,False,0,2,138,650,3.25,0
5905,0,1,25,6,4,False,44,10,90,2650,13.25,21504
5906,0,1,4,2,0,False,2,0,0,0,0.0,0
5907,0,1,1,2,3,False,2,0,0,0,0.0,0
5908,0,1,4,2,4,False,10,0,0,0,0.0,0
5909,0,1,12,5,4,False,138,12,10,3082,15.41,191
5910,0,1,4,6,3,False,4,4,10,1034,5.17,647
5911,0,1,1,2,20,False,3,0,0,0,0.0,0
5912,0,1,4,2,4,False,138,0,0,0,0.0,0
5913,0,1,1,0,0,False,0,0,0,0,0.0,0
5914,0,1,4,7,3,False,210,4,10,1034,5.17,15335759
5915,0,1,5,4,10,True,135,1,157,413,2.065,0
5916,0,1,4,4,10,True,79,1,216,472,2.36,0
5917,0,1,4,1,11,False,0,0,0,0,0.0,0
5918,0,1,4,4,10,False,5,0,224,224,1.12,0
5919,0,1,6,4,10,False,128,6,98,1634,8.17,0
5920,0,1,4,4,10,True,135,2,163,675,3.375,0
5921,0,1,28,3,20,False,0,11,0,2816,14.08,0
5922,0,1,4,4,10,False,135,1,239,495,2.475,0
5923,0,1,1,2,59,False,33,0,0,0,0.0,0
5924,0,1,4,4,10,False,217,0,177,177,0.885,0
5925,0,1,17,2,60,False,10,0,0,0,0.0,0
5926,0,1,4,4,10,False,150,2,177,689,3.445,0
5927,0,1,26,4,60,False,10,3,252,1020,5.1,0
5928,0,1,4,4,10,False,6,1,94,350,1.75,0
5929,0,1,25,5,44,False,10,7,2,1794,8.97,65
5930,0,1,4,4,10,False,133,2,111,623,3.115,0
5931,0,1,16,7,2,False,44,10,5,2565,12.825,668675
5932,0,1,4,4,10,False,34,5,101,1381,6.905,0
5933,0,1,6,4,10,False,44,10,81,2641,13.205,0
5934,0,1,4,4,10,False,72,7,43,1835,9.175,0
5935,0,1,0,1,44,False,0,0,0,0,0.0,0
5936,0,1,4,4,10,False,248,2,35,547,2.735,0
5937,0,1,1,2,40,False,5,0,0,0,0.0,0
5938,0,1,4,4,10,False,92,0,235,235,1.175,0
5939,0,1,23,7,36,False,44,2,68,580,2.9,210058
5940,0,1,4,4,10,True,236,1,22,278,1.39,0
5941,0,1,3,7,4,False,10,12,10,3082,15.41,668908
5942,0,1,4,4,10,False,236,1,80,336,1.68,0
5943,0,1,5,4,10,True,240,0,177,177,0.885,0
5944,0,1,4,4,10,False,6,1,150,406,2.03,0
5945,0,1,12,4,10,False,217,0,95,95,0.475,0
5946,0,1,4,4,10,False,146,1,155,411,2.055,0
5947,0,1,11,7,11,False,65,12,10,3082,15.41,11994375
5948,0,1,4,4,10,True,146,4,59,1083,5.415,0
5949,0,1,5,4,10,False,147,0,232,232,1.16,0
5950,0,1,4,4,10,False,71,0,70,70,0.35,0
5951,0,1,7,4,10,True,147,1,74,330,1.65,0
5952,0,1,4,4,10,False,47,3,72,840,4.2,0
5953,0,1,7,4,10,False,224,0,203,203,1.015,0
5954,0,1,4,4,10,False,97,0,171,171,0.855,0
5955,0,1,7,4,10,True,224,0,159,159,0.795,0
5956,0,1,4,4,10,False,39,3,29,797,3.985,0
5957,0,1,7,4,10,False,107,1,233,489,2.445,0
5958,0,1,4,4,10,False,118,8,113,2161,10.805,0
5959,0,1,22,2,1,False,52,0,0,0,0.0,0
5960,0,1,4,4,10,True,118,11,208,3024,15.12,0
5961,0,1,8,6,0,False,111,10,119,2679,13.395,2563
5962,0,1,4,4,10,False,212,0,227,227,1.135,0
5963,0,1,4,7,44,False,10,7,5,1797,8.985,9055399
5964,0,1,4,4,10,False,35,0,133,133,0.665,0
5965,0,1,14,7,8,False,45,4,68,1092,5.46,5505034
5966,0,1,4,4,10,False,119,3,39,807,4.035,0
5967,0,1,24,3,4,False,6,6,0,1536,7.68,0
5968,0,1,4,4,10,False,66,1,102,358,1.79,0
5969,0,1,5,4,10,False,44,10,175,2735,13.675,0
5970,0,1,4,4,10,True,66,5,139,1419,7.095,0
5971,0,1,0,2,10,False,66,0,0,0,0.0,0
5972,0,1,4,4,10,False,247,1,134,390,1.95,0
5973,0,1,4,4,10,False,122,1,72,328,1.64,0
5974,0,1,9,7,55,True,2,11,44,2860,14.3,66314
5975,0,1,4,2,58,False,1,0,0,0,0.0,0
5976,0,1,6,1,10,True,0,0,0,0,0.0,0
5977,0,1,4,0,0,False,0,0,0,0,0.0,0
5978,0,1,0,1,60,False,0,0,0,0,0.0,0
5979,0,1,4,4,10,False,105,3,216,984,4.92,0
5980,0,1,5,4,10,False,68,10,5,2565,12.825,0
5981,0,1,4,4,10,False,170,1,128,384,1.92,0
5982,0,1,1,4,58,True,3,2,44,556,2.78,0
5983,0,1,4,4,10,False,40,2,44,556,2.78,0
5984,0,1,1,2,10,False,25,0,0,0,0.0,0
5985,0,1,4,4,10,False,127,0,74,74,0.37,0
5986,0,1,0,2,15,False,52,0,0,0,0.0,0
5987,0,1,4,4,10,False,12,0,255,255,1.275,0
5988,0,1,1,2,40,False,0,0,0,0,0.0,0
5989,0,1,4,4,10,True,12,6,167,1703,8.515,0
5990,0,1,17,2,40,False,5,0,0,0,0.0,0
5991,0,1,1,2,12,False,0,0,0,0,0.0,0
5992,0,1,4,4,10,False,41,3,46,814,4.07,0
5993,0,1,1,4,0,False,193,4,138,1162,5.81,0
5994,0,1,4,4,10,False,41,4,156,1180,5.9,0
5995,0,1,27,7,2,False,32,4,10,1034,5.17,6554983
5996,0,1,4,4,10,True,41,4,119,1143,5.715,0
5997,0,1,6,4,52,False,10,5,9,1289,6.445,0
5998,0,1,4,4,10,False,34,2,236,748,3.74,0
5999,0,1,5,4,10,True,1,4,10,1034,5.17,0
6000,0,1,4,4,10,False,205,1,72,328,1.64,0
6001,0,1,5,4,60,False,10,9,44,2348,11.74,0
6002,0,1,4,4,10,False,53,2,27,539,2.695,0
6003,0,1,17,2,60,False,138,0,0,0,0.0,0
6004,0,1,4,4,10,False,166,1,28,284,1.42,0
6005,0,1,5,1,1,False,0,0,0,0,0.0,0
6006,0,1,4,4,10,False,224,1,241,497,2.485,0
6007,0,1,15,2,12,False,227,0,0,0,0.0,0
6008,0,1,4,4,10,False,72,2,88,600,3.0,0
6009,0,1,23,4,34,False,4,10,239,2799,13.995,0
6010,0,1,4,4,10,False,211,1,75,331,1.655,0
6011,0,1,0,2,1,False,210,0,0,0,0.0,0
6012,0,1,4,4,10,False,49,2,187,699,3.495,0
6013,0,1,20,6,52,False,10,10,89,2649,13.245,50948
6014,0,1,4,4,10,False,184,4,55,1079,5.395,0
6015,0,1,5,4,10,False,47,3,57,825,4.125,0
6016,0,1,4,4,10,False,42,6,176,1712,8.56,0
6017,0,1,8,4,10,False,184,0,102,102,0.51,0
6018,0,1,4,4,10,False,176,1,121,377,1.885,0
6019,0,1,8,4,10,False,65,1,116,372,1.86,0
6020,0,1,4,4,10,False,30,4,13,1037,5.185,0
6021,0,1,8,4,10,True,65,4,143,1167,5.835,0
6022,0,1,4,4,10,False,99,2,38,550,2.75,0
6023,0,1,8,4,10,False,46,2,104,616,3.08,0
6024,0,1,4,4,10,False,232,0,193,193,0.965,0
6025,0,1,8,4,10,False,105,1,21,277,1.385,0
6026,0,1,4,4,10,False,77,1,26,282,1.41,0
6027,0,1,8,4,10,False,232,0,163,163,0.815,0
6028,0,1,4,4,10,False,204,0,75,75,0.375,0
6029,0,1,8,4,10,False,66,0,115,115,0.575,0
6030,0,1,4,4,10,False,43,1,72,328,1.64,0
6031,0,1,8,4,10,True,66,3,245,1013,5.065,0
6032,0,1,4,4,10,True,43,12,224,3296,16.48,0
6033,0,1,8,4,10,False,43,1,8,264,1.32,0
6034,0,1,4,4,10,False,96,5,139,1419,7.095,0
6035,0,1,4,4,10,True,43,0,242,242,1.21,0
6036,0,1,4,4,10,False,174,0,75,75,0.375,0
6037,0,1,12,3,9,False,2,13,0,3328,16.64,0
6038,0,1,4,4,10,False,51,0,185,185,0.925,0
6039,0,1,1,2,40,True,74,0,0,0,0.0,0
6040,0,1,4,4,10,True,51,6,16,1552,7.76,0
6041,0,1,0,4,2,False,66,2,146,658,3.29,0
6042,0,1,4,4,10,False,219,0,148,148,0.74,0
6043,0,1,5,3,51,False,0,12,0,3072,15.36,0
6044,0,1,4,4,10,False,66,0,212,212,1.06,0
6045,0,1,17,2,43,False,90,0,0,0,0.0,0
6046,0,1,4,4,10,True,66,1,47,303,1.515,0
6047,0,1,16,5,0,False,45,11,0,2816,14.08,122
6048,0,1,4,4,10,False,79,2,96,608,3.04,0
6049,0,1,0,3,0,False,1,7,0,1792,8.96,0
6050,0,1,4,4,10,True,79,2,61,573,2.865,0
6051,0,1,5,4,10,False,44,10,79,2639,13.195,0
6052,0,1,4,4,10,False,33,0,131,131,0.655,0
6053,0,1,0,2,1,False,44,0,0,0,0.0,0
6054,0,1,4,4,10,True,33,0,114,114,0.57,0
6055,0,1,17,2,15,False,2,0,0,0,0.0,0
6056,0,1,4,4,10,False,218,0,230,230,1.15,0
6057,0,1,0,4,38,False,52,10,220,2780,13.9,0
6058,0,1,4,4,10,False,123,0,250,250,1.25,0
6059,0,1,4,4,10,False,191,1,78,334,1.67,0
6060,0,1,4,4,10,False,31,1,79,335,1.675,0
6061,0,1,5,4,10,False,229,0,138,138,0.69,0
6062,0,1,4,4,10,False,109,1,46,302,1.51,0
6063,0,1,6,4,10,False,31,1,57,313,1.565,0
6064,0,1,4,4,10,True,109,5,34,1314,6.57,0
6065,0,1,5,4,13,False,35,10,218,2778,13.89,0
6066,0,1,4,4,10,False,160,2,201,713,3.565,0
6067,0,1,4,4,10,False,225,3,4,772,3.86,0
6068,0,1,11,4,19,False,10,12,1,3073,15.365,0
6069,0,1,4,4,10,False,96,1,220,476,2.38,0
6070,0,1,6,4,60,False,10,13,2,3330,16.65,0
6071,0,1,4,4,10,False,179,1,18,274,1.37,0
6072,0,1,5,4,10,False,155,6,79,1615,8.075,0
6073,0,1,4,4,10,False,46,3,26,794,3.97,0
6074,0,1,5,4,45,False,52,10,223,2783,13.915,0
6075,0,1,4,4,10,False,109,0,99,99,0.495,0
6076,0,1,0,5,56,False,204,12,60,3132,15.66,10
6077,0,1,4,4,10,False,194,0,194,194,0.97,0
6078,0,1,0,1,52,False,0,0,0,0,0.0,0
6079,0,1,5,4,10,False,195,4,10,1034,5.17,0
6080,0,1,20,2,1,False,142,0,0,0,0.0,0
6081,0,1,5,4,10,True,195,0,41,41,0.205,0
6082,0,1,4,4,10,False,209,3,232,1000,5.0,0
6083,0,1,6,7,52,False,52,12,10,3082,15.41,666824
6084,0,1,4,4,10,False,153,2,85,597,2.985,0
6085,0,1,9,2,2,False,225,0,0,0,0.0,0
6086,0,1,4,4,10,True,153,2,243,755,3.775,0
6087,0,1,30,7,61,False,68,12,10,3082,15.41,331673
6088,0,1,4,4,10,False,168,2,7,519,2.595,0
6089,0,1,5,4,10,True,153,4,159,1183,5.915,0
6090,0,1,4,4,10,False,3,0,61,61,0.305,0
6091,0,1,8,4,10,False,169,0,97,97,0.485,0
6092,0,1,4,4,10,True,3,1,255,511,2.555,0
6093,0,1,0,4,10,False,3,0,108,108,0.54,0
6094,0,1,4,4,10,False,250,0,187,187,0.935,0
6095,0,1,8,4,10,True,3,0,163,163,0.815,0
6096,0,1,4,4,10,False,94,1,81,337,1.685,0
6097,0,1,1,2,0,False,111,0,0,0,0.0,0
6098,0,1,4,4,10,False,8,3,9,777,3.885,0
6099,0,1,11,2,4,False,10,0,0,0,0.0,0
6100,0,1,4,4,10,False,109,2,123,635,3.175,0
6101,0,1,19,1,5,False,0,0,0,0,0.0,0
6102,0,1,4,4,10,False,98,6,118,1654,8.27,0
6103,0,1,5,4,60,False,138,3,106,874,4.37,0
6104,0,1,4,4,10,False,145,2,9,521,2.605,0
6105,0,1,8,4,10,False,142,1,232,488,2.44,0
6106,0,1,4,4,10,False,2,0,194,194,0.97,0
6107,0,1,6,4,10,False,145,1,153,409,2.045,0
6108,0,1,4,4,10,False,135,2,4,516,2.58,0
6109,0,1,5,4,10,False,189,10,44,2604,13.02,0
6110,0,1,4,4,10,False,100,1,150,406,2.03,0
6111,0,1,1,2,29,True,52,0,0,0,0.0,0
6112,0,1,4,4,10,False,244,1,94,350,1.75,0
6113,0,1,1,2,22,False,44,0,0,0,0.0,0
6114,0,1,4,4,10,False,85,0,214,214,1.07,0
6115,0,1,14,0,0,False,0,0,0,0,0.0,0
6116,0,1,4,4,10,False,202,0,159,159,0.795,0
6117,0,1,6,4,44,False,118,3,44,812,4.06,0
6118,0,1,4,4,10,True,202,2,180,692,3.46,0
6119,0,1,6,4,44,False,10,5,0,1280,6.4,0
6120,0,1,4,4,10,False,98,3,106,874,4.37,0
6121,0,1,8,1,44,False,0,0,0,0,0.0,0
6122,0,1,4,4,10,False,241,2,53,565,2.825,0
6123,0,1,1,2,10,True,0,0,0,0,0.0,0
6124,0,1,4,4,10,False,241,3,204,972,4.86,0
6125,0,1,13,4,40,False,1,12,138,3210,16.05,0
6126,0,1,4,4,10,False,182,0,238,238,1.19,0
6127,0,1,14,2,2,False,204,0,0,0,0.0,0
6128,0,1,4,4,10,True,182,7,161,1953,9.765,0
6129,0,1,5,4,10,False,252,9,2,2306,11.53,0
6130,0,1,4,4,10,False,116,3,75,843,4.215,0
6131,0,1,5,4,60,False,10,3,3,771,3.855,0
6132,0,1,4,4,10,False,252,5,171,1451,7.255,0
6133,0,1,15,7,4,False,10,1,2,258,1.29,9057473
6134,0,1,4,4,10,False,104,3,30,798,3.99,0
6135,0,1,31,0,0,False,0,0,0,0,0.0,0
6136,0,1,4,4,10,False,56,2,212,724,3.62,0
6137,0,1,0,6,20,True,44,10,73,2633,13.165,39936
6138,0,1,4,4,10,False,56,4,88,1112,5.56,0
6139,0,1,6,4,10,False,115,4,216,1240,6.2,0
6140,0,1,4,4,10,False,147,0,71,71,0.355,0
6141,0,1,5,4,10,False,252,0,102,102,0.51,0
6142,0,1,4,4,10,False,89,3,23,791,3.955,0
6143,0,1,5,4,10,False,103,3,97,865,4.325,0
6144,0,1,4,4,10,False,200,0,202,202,1.01,0
6145,0,1,5,4,3,False,60,10,168,2728,13.64,0
6146,0,1,4,4,10,True,200,0,50,50,0.25,0
6147,0,1,5,4,53,True,241,12,138,3210,16.05,0
6148,0,1,4,4,10,False,199,1,165,421,2.105,0
6149,0,1,12,4,32,True,1,12,10,3082,15.41,0
6150,0,1,4,4,10,False,64,1,241,497,2.485,0
6151,0,1,26,1,44,False,0,0,0,0,0.0,0
6152,0,1,4,4,10,False,176,2,204,716,3.58,0
6153,0,1,1,2,18,False,3,0,0,0,0.0,0
6154,0,1,4,4,10,False,20,1,207,463,2.315,0
6155,0,1,9,2,10,True,18,0,0,0,0.0,0
6156,0,1,4,4,10,False,154,2,165,677,3.385,0
6157,0,1,22,1,1,False,0,0,0,0,0.0,0
6158,0,1,4,4,10,False,9,3,116,884,4.42,0
6159,0,1,23,2,44,False,10,0,0,0,0.0,0
6160,0,1,4,4,10,False,40,1,192,448,2.24,0
6161,0,1,3,3,44,False,10,10,0,2560,12.8,0
6162,0,1,4,4,10,True,40,15,9,3849,19.245,0
6163,0,1,1,2,44,False,5,0,0,0,0.0,0
6164,0,1,4,4,10,False,194,1,62,318,1.59,0
6165,0,1,5,4,44,False,10,10,10,2570,12.85,0
6166,0,1,4,4,10,False,14,0,240,240,1.2,0
6167,0,1,2,4,2,True,6,0,10,10,0.05,0
6168,0,1,4,4,10,False,165,1,22,278,1.39,0
6169,0,1,19,2,4,True,52,0,0,0,0.0,0
6170,0,1,4,4,10,False,245,0,226,226,1.13,0
6171,0,1,1,2,36,True,133,0,0,0,0.0,0
6172,0,1,4,4,10,True,245,3,189,957,4.785,0
6173,0,1,16,5,39,True,52,10,44,2604,13.02,10
6174,0,1,4,4,10,False,242,1,158,414,2.07,0
6175,0,1,17,2,60,False,10,0,0,0,0.0,0
6176,0,1,4,4,10,False,242,2,10,522,2.61,0
6177,0,1,24,2,44,False,138,0,0,0,0.0,0
6178,0,1,4,4,10,False,163,1,44,300,1.5,0
6179,0,1,7,4,10,False,17,9,0,2304,11.52,0
6180,0,1,4,4,10,True,169,2,222,734,3.67,0
6181,0,1,13,5,55,True,1,8,13,2061,10.305,52
6182,0,1,4,4,10,False,165,2,160,672,3.36,0
6183,0,1,1,2,55,True,0,0,0,0,0.0,0
6184,0,1,4,4,10,False,4,0,102,102,0.51,0
6185,0,1,24,6,60,False,10,5,1,1281,6.405,11289
6186,0,1,4,4,10,False,101,0,154,154,0.77,0
6187,0,1,17,2,37,True,0,0,0,0,0.0,0
6188,0,1,4,4,10,False,201,0,68,68,0.34,0
6189,0,1,29,7,52,False,68,8,68,2116,10.58,2620
6190,0,1,4,4,10,False,67,1,156,412,2.06,0
6191,0,1,7,4,52,False,10,15,3,3843,19.215,0
6192,0,1,4,4,10,False,196,0,179,179,0.895,0
6193,0,1,13,1,16,False,0,0,0,0,0.0,0
6194,0,1,4,4,10,False,32,2,34,546,2.73,0
6195,0,1,0,2,41,True,44,0,0,0,0.0,0
6196,0,1,4,4,10,False,166,1,14,270,1.35,0
6197,0,1,1,2,44,False,138,0,0,0,0.0,0
6198,0,1,4,4,10,False,251,1,80,336,1.68,0
6199,0,1,4,6,5,False,0,4,60,1084,5.42,10
6200,0,1,4,4,10,True,1,9,158,2462,12.31,0
6201,0,1,20,7,35,True,6,5,212,1492,7.46,9055276
6202,0,1,4,4,10,False,41,1,134,390,1.95,0
6203,0,1,23,1,3,False,0,0,0,0,0.0,0
6204,0,1,4,4,10,False,83,0,127,127,0.635,0
6205,0,1,31,2,52,False,10,0,0,0,0.0,0
6206,0,1,4,4,10,False,11,0,190,190,0.95,0
6207,0,1,17,3,0,False,205,10,0,2560,12.8,0
6208,0,1,4,4,10,False,125,0,89,89,0.445,0
6209,0,1,31,3,2,False,174,12,0,3072,15.36,0
6210,0,1,4,4,10,False,214,0,222,222,1.11,0
6211,0,1,4,5,4,False,3,8,44,2092,10.46,10
6212,0,1,4,4,10,False,78,0,219,219,1.095,0
6213,0,1,19,0,0,False,0,0,0,0,0.0,0
6214,0,1,4,4,10,False,8,0,165,165,0.825,0
6215,0,1,0,6,13,False,44,10,173,2733,13.665,23092
6216,0,1,4,4,10,False,8,1,135,391,1.955,0
6217,0,1,4,4,10,False,199,1,124,380,1.9,0
6218,0,1,14,3,10,False,55,4,0,1024,5.12,0
6219,0,1,4,4,10,False,232,1,7,263,1.315,0
6220,0,1,5,4,61,False,60,10,178,2738,13.69,0
6221,0,1,4,4,10,True,232,7,191,1983,9.915,0
6222,0,1,0,4,8,False,52,10,78,2638,13.19,0
6223,0,1,4,4,10,False,213,3,184,952,4.76,0
6224,0,1,4,4,10,False,5,0,67,67,0.335,0
6225,0,1,10,2,52,False,8,0,0,0,0.0,0
6226,0,1,4,4,10,True,173,4,67,1091,5.455,0
6227,0,1,7,4,10,False,162,1,51,307,1.535,0
6228,0,1,4,4,10,False,173,0,183,183,0.915,0
6229,0,1,5,6,12,True,44,10,5,2565,12.825,49411
6230,0,1,4,4,10,False,207,0,115,115,0.575,0
6231,0,1,5,4,10,False,173,0,229,229,1.145,0
6232,0,1,4,4,10,False,247,2,121,633,3.165,0
6233,0,1,17,2,0,False,237,0,0,0,0.0,0
6234,0,1,4,4,10,False,145,4,213,1237,6.185,0
6235,0,1,19,4,4,False,10,2,203,715,3.575,0
6236,0,1,4,4,10,False,202,2,31,543,2.715,0
6237,0,1,30,3,37,True,7,5,0,1280,6.4,0
6238,0,1,4,4,10,False,83,1,111,367,1.835,0
6239,0,1,0,1,36,False,0,0,0,0,0.0,0
6240,0,1,4,4,10,False,232,2,99,611,3.055,0
6241,0,1,8,4,10,False,167,1,50,306,1.53,0
6242,0,1,4,4,10,False,44,0,189,189,0.945,0
6243,0,1,8,4,10,False,232,1,103,359,1.795,0
6244,0,1,4,4,10,False,160,3,27,795,3.975,0
6245,0,1,9,2,1,False,82,0,0,0,0.0,0
6246,0,1,4,4,10,False,5,4,204,1228,6.14,0
6247,0,1,25,7,0,False,61,12,10,3082,15.41,13568161
6248,0,1,4,4,10,True,5,5,64,1344,6.72,0
6249,0,1,5,4,10,False,6,10,129,2689,13.445,0
6250,0,1,4,4,10,False,24,3,232,1000,5.0,0
6251,0,1,8,4,10,True,188,10,71,2631,13.155,0
6252,0,1,4,4,10,False,24,4,76,1100,5.5,0
6253,0,1,8,4,10,False,31,0,218,218,1.09,0
6254,0,1,4,4,10,False,189,1,162,418,2.09,0
6255,0,1,8,4,10,False,120,0,92,92,0.46,0
6256,0,1,4,4,10,False,39,1,29,285,1.425,0
6257,0,1,8,4,10,False,195,0,231,231,1.155,0
6258,0,1,4,4,10,False,225,1,108,364,1.82,0
6259,0,1,8,4,10,False,40,0,103,103,0.515,0
6260,0,1,4,4,10,False,11,1,120,376,1.88,0
6261,0,1,8,4,10,True,40,1,211,467,2.335,0
6262,0,1,4,4,10,False,217,3,32,800,4.0,0
6263,0,1,8,4,10,False,76,5,173,1453,7.265,0
6264,0,1,4,4,10,True,217,12,34,3106,15.53,0
6265,0,1,5,4,10,False,39,0,170,170,0.85,0
6266,0,1,4,4,10,False,113,0,52,52,0.26,0
6267,0,1,5,4,10,False,225,3,32,800,4.0,0
6268,0,1,4,4,10,True,113,0,35,35,0.175,0
6269,0,1,6,4,10,False,88,3,156,924,4.62,0
6270,0,1,4,4,10,False,151,1,29,285,1.425,0
6271,0,1,13,4,10,False,104,0,89,89,0.445,0
6272,0,1,4,4,10,False,255,0,186,186,0.93,0
6273,0,1,6,4,10,False,152,0,28,28,0.14,0
6274,0,1,4,4,10,False,95,1,103,359,1.795,0
6275,0,1,0,1,44,True,0,0,0,0,0.0,0
6276,0,1,4,4,10,True,95,2,218,730,3.65,0
6277,0,1,8,4,10,False,207,0,254,254,1.27,0
6278,0,1,8,4,10,True,95,3,249,1017,5.085,0
6279,0,1,6,4,10,False,126,8,98,2146,10.73,0
6280,0,1,4,4,10,False,50,0,128,128,0.64,0
6281,0,1,18,7,1,False,134,4,10,1034,5.17,89938
6282,0,1,4,4,10,False,93,0,145,145,0.725,0
6283,0,1,13,4,44,False,10,7,0,1792,8.96,0
6284,0,1,4,4,10,True,93,0,218,218,1.09,0
6285,0,1,9,2,44,False,138,0,0,0,0.0,0
6286,0,1,4,4,10,False,40,0,139,139,0.695,0
6287,0,1,10,7,0,False,52,4,50,1074,5.37,2900992
6288,0,1,4,4,10,False,163,1,92,348,1.74,0
6289,0,1,17,2,40,True,1,0,0,0,0.0,0
6290,0,1,4,4,10,False,51,1,137,393,1.965,0
6291,0,1,1,6,10,False,92,6,10,1546,7.73,46132
6292,0,1,4,4,10,True,51,3,58,826,4.13,0
6293,0,1,7,2,4,False,52,0,0,0,0.0,0
6294,0,1,4,4,10,False,249,0,66,66,0.33,0
6295,0,1,5,4,10,True,51,4,138,1162,5.81,0
6296,0,1,4,4,10,False,172,1,47,303,1.515,0
6297,0,1,20,3,1,False,68,3,0,768,3.84,0
6298,0,1,4,4,10,False,14,2,69,581,2.905,0
6299,0,1,6,4,10,False,98,5,38,1318,6.59,0
6300,0,1,4,4,10,False,104,0,99,99,0.495,0
6301,0,1,1,2,20,True,1,0,0,0,0.0,0
6302,0,1,4,4,10,False,249,1,215,471,2.355,0
6303,0,1,13,3,10,False,57,2,0,512,2.56,0
6304,0,1,4,4,10,False,40,1,78,334,1.67,0
6305,0,1,6,3,52,False,2,14,0,3584,17.92,0
6306,0,1,4,4,10,False,178,1,129,385,1.925,0
6307,0,1,1,2,13,False,223,0,0,0,0.0,0
6308,0,1,4,4,10,True,92,9,74,2378,11.89,0
6309,0,1,17,2,52,False,10,0,0,0,0.0,0
6310,0,1,4,4,10,False,97,2,240,752,3.76,0
6311,0,1,31,7,4,False,10,12,138,3210,16.05,194995
6312,0,1,4,4,10,False,239,1,75,331,1.655,0
6313,0,1,6,4,44,False,10,1,1,257,1.285,0
6314,0,1,4,4,10,False,95,1,2,258,1.29,0
6315,0,1,1,5,10,False,1,8,111,2159,10.795,52
6316,0,1,4,4,10,True,95,12,157,3229,16.145,0
6317,0,1,6,4,44,False,10,9,0,2304,11.52,0
6318,0,1,29,2,25,False,2,0,0,0,0.0,0
6319,0,1,4,4,10,False,205,0,107,107,0.535,0
6320,0,1,18,3,1,False,68,10,0,2560,12.8,0
6321,0,1,4,4,10,False,246,1,52,308,1.54,0
6322,0,1,17,5,2,False,191,4,10,1034,5.17,94
6323,0,1,4,4,10,True,246,1,123,379,1.895,0
6324,0,1,0,3,49,True,68,10,0,2560,12.8,0
6325,0,1,4,4,10,False,82,1,189,445,2.225,0
6326,0,1,11,6,1,False,91,4,10,1034,5.17,246
6327,0,1,4,4,10,True,82,1,154,410,2.05,0
6328,0,1,10,5,4,False,10,10,3,2563,12.815,151
6329,0,1,4,4,10,False,226,1,179,435,2.175,0
6330,0,1,7,4,10,False,189,4,53,1077,5.385,0
6331,0,1,4,4,10,False,81,1,179,435,2.175,0
6332,0,1,5,4,1,False,52,10,81,2641,13.205,0
6333,0,1,4,4,10,True,97,3,34,802,4.01,0
6334,0,1,0,3,14,False,7,15,0,3840,19.2,0
6335,0,1,4,4,10,False,185,3,115,883,4.415,0
6336,0,1,17,4,4,False,10,1,2,258,1.29,0
6337,0,1,4,4,10,False,254,4,149,1173,5.865,0
6338,0,1,12,2,57,True,3,0,0,0,0.0,0
6339,0,1,4,4,10,False,115,2,111,623,3.115,0
6340,0,1,5,3,44,False,52,14,0,3584,17.92,0
6341,0,1,4,4,10,False,177,3,77,845,4.225,0
6342,0,1,0,4,47,False,44,10,97,2657,13.285,0
6343,0,1,4,4,10,False,62,1,72,328,1.64,0
6344,0,1,1,2,10,False,178,0,0,0,0.0,0
6345,0,1,4,4,10,False,199,3,46,814,4.07,0
6346,0,1,0,3,34,True,52,10,0,2560,12.8,0
6347,0,1,4,4,10,False,37,2,227,739,3.695,0
6348,0,1,22,2,4,False,52,0,0,0,0.0,0
6349,0,1,4,4,10,False,205,3,94,862,4.31,0
6350,0,1,1,2,44,False,10,0,0,0,0.0,0
6351,0,1,4,4,10,False,25,5,140,1420,7.1,0
6352,0,1,1,2,52,False,10,0,0,0,0.0,0
6353,0,1,4,4,10,True,25,9,3,2307,11.535,0
6354,0,1,0,1,11,True,0,0,0,0,0.0,0
6355,0,1,4,4,10,False,190,0,230,230,1.15,0
6356,0,1,4,0,0,False,0,0,0,0,0.0,0
6357,0,1,4,4,10,False,40,0,91,91,0.455,0
6358,0,1,1,5,16,True,10,9,4,2308,11.54,10
6359,0,1,4,4,10,True,130,2,19,531,2.655,0
6360,0,1,27,0,0,False,0,0,0,0,0.0,0
6361,0,1,4,4,10,False,130,1,205,461,2.305,0
6362,0,1,1,2,44,False,138,0,0,0,0.0,0
6363,0,1,4,4,10,False,26,2,38,550,2.75,0
6364,0,1,9,0,0,False,0,0,0,0,0.0,0
6365,0,1,4,4,10,False,137,0,230,230,1.15,0
6366,0,1,4,4,10,True,137,5,204,1484,7.42,0
6367,0,1,6,1,5,True,0,0,0,0,0.0,0
6368,0,1,2,0,0,False,0,0,0,0,0.0,0
6369,0,1,4,4,10,False,94,1,132,388,1.94,0
6370,0,1,5,4,10,False,44,10,230,2790,13.95,0
6371,0,1,4,4,10,True,94,1,114,370,1.85,0
6372,0,1,0,4,11,False,68,10,64,2624,13.12,0
6373,0,1,4,4,10,False,204,3,48,816,4.08,0
6374,0,1,0,3,2,False,68,10,0,2560,12.8,0
6375,0,1,4,4,10,True,204,3,30,798,3.99,0
6376,0,1,25,0,0,False,0,0,0,0,0.0,0
6377,0,1,4,4,10,False,209,2,106,618,3.09,0
6378,0,1,0,6,16,True,68,10,99,2659,13.295,54275
6379,0,1,4,4,10,False,47,2,116,628,3.14,0
6380,0,1,5,4,10,False,209,1,111,367,1.835,0
6381,0,1,4,4,10,False,133,1,191,447,2.235,0
6382,0,1,8,4,10,False,48,2,187,699,3.495,0
6383,0,1,4,4,10,False,106,0,161,161,0.805,0
6384,0,1,8,4,10,False,133,2,229,741,3.705,0
6385,0,1,4,4,10,False,205,1,84,340,1.7,0
6386,0,1,8,4,10,False,78,0,114,114,0.57,0
6387,0,1,4,4,10,False,70,0,62,62,0.31,0
6388,0,1,6,4,10,True,78,15,66,3906,19.53,0
6389,0,1,4,4,10,False,159,1,108,364,1.82,0
6390,0,1,26,1,10,True,0,0,0,0,0.0,0
6391,0,1,4,4,10,False,84,1,161,417,2.085,0
6392,0,1,7,4,2,False,44,10,1,2561,12.805,0
6393,0,1,4,4,10,True,174,11,99,2915,14.575,0
6394,0,1,0,3,14,False,131,10,0,2560,12.8,0
6395,0,1,4,4,10,False,57,2,59,571,2.855,0
6396,0,1,0,1,44,True,0,0,0,0,0.0,0
6397,0,1,4,4,10,False,114,0,87,87,0.435,0
6398,0,1,8,4,10,False,241,6,123,1659,8.295,0
6399,0,1,4,4,10,False,254,1,105,361,1.805,0
6400,0,1,8,4,10,True,114,1,170,426,2.13,0
6401,0,1,4,4,10,False,91,2,96,608,3.04,0
6402,0,1,7,4,10,False,239,2,14,526,2.63,0
6403,0,1,4,4,10,False,181,1,238,494,2.47,0
6404,0,1,7,2,1,False,21,0,0,0,0.0,0
6405,0,1,4,4,10,False,58,1,152,408,2.04,0
6406,0,1,7,3,4,False,10,6,0,1536,7.68,0
6407,0,1,4,4,10,True,58,8,108,2156,10.78,0
6408,0,1,7,1,21,False,0,0,0,0,0.0,0
6409,0,1,4,4,10,False,242,3,4,772,3.86,0
6410,0,1,0,2,38,True,30,0,0,0,0.0,0
6411,0,1,4,4,10,False,76,0,84,84,0.42,0
6412,0,1,5,4,60,False,10,0,167,167,0.835,0
6413,0,1,4,4,10,False,226,3,14,782,3.91,0
6414,0,1,1,2,2,False,198,0,0,0,0.0,0
6415,0,1,4,4,10,False,17,6,15,1551,7.755,0
6416,0,1,0,1,55,False,0,0,0,0,0.0,0
6417,0,1,4,4,10,True,17,8,195,2243,11.215,0
6418,0,1,5,4,23,False,156,2,238,750,3.75,0
6419,0,1,4,4,10,False,31,2,35,547,2.735,0
6420,0,1,0,1,19,False,0,0,0,0,0.0,0
6421,0,1,4,4,10,True,31,2,18,530,2.65,0
6422,0,1,8,0,0,False,0,0,0,0,0.0,0
6423,0,1,4,4,10,False,192,0,178,178,0.89,0
6424,0,1,5,4,10,True,22,10,3,2563,12.815,0
6425,0,1,4,4,10,False,41,0,65,65,0.325,0
6426,0,1,17,2,2,False,6,0,0,0,0.0,0
6427,0,1,4,4,10,False,93,0,229,229,1.145,0
6428,0,1,2,2,5,False,147,0,0,0,0.0,0
6429,0,1,4,4,10,False,232,1,245,501,2.505,0
6430,0,1,10,4,4,False,60,3,117,885,4.425,0
6431,0,1,4,4,10,True,232,3,82,850,4.25,0
6432,0,1,9,4,10,False,226,0,83,83,0.415,0
6433,0,1,4,4,10,False,179,1,156,412,2.06,0
6434,0,1,6,4,10,True,226,0,62,62,0.31,0
6435,0,1,4,4,10,False,89,1,136,392,1.96,0
6436,0,1,27,1,54,False,0,0,0,0,0.0,0
6437,0,1,4,4,10,False,223,5,66,1346,6.73,0
6438,0,1,1,2,0,True,1,0,0,0,0.0,0
6439,0,1,4,4,10,False,245,6,252,1788,8.94,0
6440,0,1,5,4,60,False,52,5,186,1466,7.33,0
6441,0,1,4,4,10,True,245,8,8,2056,10.28,0
6442,0,1,6,4,10,False,223,1,131,387,1.935,0
6443,0,1,4,4,10,False,252,2,168,680,3.4,0
6444,0,1,28,7,60,False,10,12,138,3210,16.05,5113567
6445,0,1,4,4,10,False,202,2,72,584,2.92,0
6446,0,1,5,4,10,False,252,2,238,750,3.75,0
6447,0,1,4,4,10,False,192,2,44,556,2.78,0
6448,0,1,11,1,16,True,0,0,0,0,0.0,0
6449,0,1,4,4,10,False,80,0,213,213,1.065,0
6450,0,1,8,4,60,False,10,4,192,1216,6.08,0
6451,0,1,4,4,10,False,154,2,41,553,2.765,0
6452,0,1,1,2,3,False,248,0,0,0,0.0,0
6453,0,1,4,4,10,False,24,1,6,262,1.31,0
6454,0,1,20,6,11,False,71,10,171,2731,13.655,2561
6455,0,1,4,4,10,False,93,1,108,364,1.82,0
6456,0,1,3,0,0,False,0,0,0,0,0.0,0
6457,0,1,4,4,10,False,253,1,161,417,2.085,0
6458,0,1,4,4,10,True,253,13,66,3394,16.97,0
6459,0,1,11,0,0,False,0,0,0,0,0.0,0
6460,0,1,2,4,60,False,10,3,44,812,4.06,0
6461,0,1,3,2,1,True,10,0,0,0,0.0,0
6462,0,1,4,4,10,False,0,0,60,60,0.3,0
6463,0,1,19,1,2,False,0,0,0,0,0.0,0
6464,0,1,4,4,10,False,104,0,248,248,1.24,0
6465,0,1,28,6,16,False,2,1,55,311,1.555,15361
6466,0,1,4,4,10,False,170,3,47,815,4.075,0
6467,0,1,20,4,36,True,68,10,97,2657,13.285,0
6468,0,1,4,4,10,True,170,2,235,747,3.735,0
6469,0,1,5,4,62,False,52,10,247,2807,14.035,0
6470,0,1,4,4,10,False,172,2,67,579,2.895,0
6471,0,1,5,4,60,False,52,10,170,2730,13.65,0
6472,0,1,4,4,10,True,172,2,30,542,2.71,0
6473,0,1,0,5,10,False,51,0,44,44,0.22,10
6474,0,1,4,4,10,False,171,5,35,1315,6.575,0
6475,0,1,13,0,0,False,0,0,0,0,0.0,0
6476,0,1,4,4,10,False,42,2,110,622,3.11,0
6477,0,1,28,5,52,False,44,10,102,2662,13.31,44
6478,0,1,4,4,10,False,95,0,226,226,1.13,0
6479,0,1,8,4,10,False,171,2,137,649,3.245,0
6480,0,1,4,4,10,False,254,0,181,181,0.905,0
6481,0,1,25,3,51,True,10,2,0,512,2.56,0
6482,0,1,4,4,10,False,57,1,194,450,2.25,0
6483,0,1,7,4,44,False,52,10,44,2604,13.02,0
6484,0,1,4,4,10,False,169,0,233,233,1.165,0
6485,0,1,1,2,26,True,10,0,0,0,0.0,0
6486,0,1,4,4,10,False,17,1,255,511,2.555,0
6487,0,1,4,4,10,True,165,13,119,3447,17.235,0
6488,0,1,5,4,10,True,71,3,27,795,3.975,0
6489,0,1,4,4,10,False,165,0,185,185,0.925,0
6490,0,1,5,4,32,False,0,12,138,3210,16.05,0
6491,0,1,4,4,10,False,5,0,89,89,0.445,0
6492,0,1,3,4,57,False,0,10,60,2620,13.1,0
6493,0,1,4,4,10,False,223,1,47,303,1.515,0
6494,0,1,8,4,36,True,1,7,44,1836,9.18,0
6495,0,1,4,4,10,False,220,2,190,702,3.51,0
6496,0,1,1,2,60,False,138,0,0,0,0.0,0
6497,0,1,4,4,10,False,117,0,210,210,1.05,0
6498,0,1,20,5,44,False,138,5,0,1280,6.4,199
6499,0,1,4,4,10,True,246,5,120,1400,7.0,0
6500,0,1,6,4,43,False,52,10,240,2800,14.0,0
6501,0,1,4,4,10,False,43,3,0,768,3.84,0
6502,0,1,5,4,44,False,10,12,4,3076,15.38,0
6503,0,1,4,4,10,True,43,1,184,440,2.2,0
6504,0,1,26,6,44,False,4,11,238,3054,15.27,15420
6505,0,1,4,4,10,False,206,0,211,211,1.055,0
6506,0,1,1,2,53,False,1,0,0,0,0.0,0
6507,0,1,4,4,10,False,61,2,103,615,3.075,0
6508,0,1,24,0,0,False,0,0,0,0,0.0,0
6509,0,1,4,4,10,False,193,3,217,985,4.925,0
6510,0,1,5,4,10,False,189,2,114,626,3.13,0
6511,0,1,4,4,10,False,1,1,251,507,2.535,0
6512,0,1,8,4,10,False,126,3,33,801,4.005,0
6513,0,1,4,4,10,False,43,1,249,505,2.525,0
6514,0,1,8,4,10,False,13,4,236,1260,6.3,0
6515,0,1,4,4,10,False,153,1,84,340,1.7,0
6516,0,1,8,4,10,False,70,0,94,94,0.47,0
6517,0,1,4,4,10,False,53,0,121,121,0.605,0
6518,0,1,8,4,10,False,181,0,241,241,1.205,0
6519,0,1,4,4,10,False,162,0,102,102,0.51,0
6520,0,1,8,4,10,True,181,6,158,1694,8.47,0
6521,0,1,4,4,10,True,162,11,146,2962,14.81,0
6522,0,1,8,4,10,False,51,5,132,1412,7.06,0
6523,0,1,4,4,10,False,157,2,100,612,3.06,0
6524,0,1,8,4,10,False,153,2,134,646,3.23,0
6525,0,1,4,4,10,False,11,2,96,608,3.04,0
6526,0,1,8,4,10,False,243,2,59,571,2.855,0
6527,0,1,4,4,10,False,145,2,177,689,3.445,0
6528,0,1,5,4,4,False,10,1,0,256,1.28,0
6529,0,1,4,4,10,True,48,7,30,1822,9.11,0
6530,0,1,5,4,10,False,162,0,66,66,0.33,0
6531,0,1,4,4,10,False,142,0,249,249,1.245,0
6532,0,1,5,4,4,False,10,4,10,1034,5.17,0
6533,0,1,4,4,10,False,19,0,72,72,0.36,0
6534,0,1,5,4,4,False,138,4,10,1034,5.17,0
6535,0,1,4,4,10,False,38,1,246,502,2.51,0
6536,0,1,29,2,55,False,2,0,0,0,0.0,0
6537,0,1,4,4,10,False,32,1,26,282,1.41,0
6538,0,1,0,5,52,False,44,7,3,1795,8.975,44
6539,0,1,4,4,10,False,32,1,220,476,2.38,0
6540,0,1,6,4,10,False,155,12,10,3082,15.41,0
6541,0,1,4,4,10,False,176,0,123,123,0.615,0
6542,0,1,4,1,44,False,0,0,0,0,0.0,0
6543,0,1,4,4,10,False,35,1,171,427,2.135,0
6544,0,1,17,2,33,False,0,0,0,0,0.0,0
6545,0,1,4,4,10,False,164,0,140,140,0.7,0
6546,0,1,10,4,0,False,24,13,1,3329,16.645,0
6547,0,1,4,4,10,True,164,13,231,3559,17.795,0
6548,0,1,7,4,44,False,138,13,1,3329,16.645,0
6549,0,1,4,4,10,False,94,0,49,49,0.245,0
6550,0,1,5,7,56,False,52,10,195,2755,13.775,197123
6551,0,1,4,4,10,False,231,1,69,325,1.625,0
6552,0,1,5,4,10,False,190,0,87,87,0.435,0
6553,0,1,4,4,10,False,164,3,96,864,4.32,0
6554,0,1,6,4,10,False,26,1,240,496,2.48,0
6555,0,1,4,4,10,False,37,6,62,1598,7.99,0
6556,0,1,7,4,10,False,169,4,101,1125,5.625,0
6557,0,1,4,4,10,False,122,1,40,296,1.48,0
6558,0,1,12,4,10,False,246,5,232,1512,7.56,0
6559,0,1,4,4,10,False,227,0,228,228,1.14,0
6560,0,1,7,4,10,True,246,5,198,1478,7.39,0
6561,0,1,4,4,10,False,55,2,192,704,3.52,0
6562,0,1,8,4,10,False,167,0,106,106,0.53,0
6563,0,1,4,4,10,False,215,1,148,404,2.02,0
6564,0,1,7,4,10,False,60,2,21,533,2.665,0
6565,0,1,4,4,10,False,79,3,47,815,4.075,0
6566,0,1,7,4,10,True,82,2,43,555,2.775,0
6567,0,1,4,4,10,False,127,2,103,615,3.075,0
6568,0,1,4,5,44,False,10,11,0,2816,14.08,151
6569,0,1,4,4,10,False,62,1,196,452,2.26,0
6570,0,1,1,2,0,True,1,0,0,0,0.0,0
6571,0,1,4,4,10,False,147,0,123,123,0.615,0
6572,0,1,4,5,10,False,218,2,10,522,2.61,127
6573,0,1,4,4,10,False,60,0,234,234,1.17,0
6574,0,1,27,3,52,False,10,13,0,3328,16.64,0
6575,0,1,4,4,10,False,92,0,83,83,0.415,0
6576,0,1,6,4,10,False,161,14,44,3628,18.14,0
6577,0,1,4,4,10,True,92,5,79,1359,6.795,0
6578,0,1,17,2,10,False,189,0,0,0,0.0,0
6579,0,1,10,3,10,False,138,11,0,2816,14.08,0
6580,0,1,4,4,10,True,233,2,178,690,3.45,0
6581,0,1,0,6,3,True,60,10,68,2628,13.14,2612
6582,0,1,4,4,10,False,39,4,60,1084,5.42,0
6583,0,1,29,1,3,False,0,0,0,0,0.0,0
6584,0,1,4,2,39,False,4,0,0,0,0.0,0
6585,0,1,1,4,10,False,147,1,52,308,1.54,0
6586,0,1,4,4,4,False,10,2,2,514,2.57,0
6587,0,1,1,2,44,False,10,0,0,0,0.0,0
6588,0,1,4,7,4,False,10,6,2,1538,7.69,656434
6589,0,1,22,2,0,False,80,0,0,0,0.0,0
6590,0,1,4,6,2,False,132,4,10,1034,5.17,634
6591,0,1,5,4,10,False,44,13,2,3330,16.65,0
6592,0,1,4,3,4,False,138,10,0,2560,12.8,0
6593,0,1,6,4,4,False,69,12,10,3082,15.41,0
6594,0,1,4,6,31,False,4,10,201,2761,13.805,63233
6595,0,1,15,2,4,False,2,0,0,0,0.0,0
6596,0,1,4,4,10,False,242,0,66,66,0.33,0
6597,0,1,12,7,44,False,138,1,42,298,1.49,273279
6598,0,1,4,4,10,True,242,1,249,505,2.525,0
6599,0,1,1,2,9,True,10,0,0,0,0.0,0
6600,0,1,4,4,10,False,140,0,182,182,0.91,0
6601,0,1,6,6,4,True,41,12,10,3082,15.41,28048
6602,0,1,4,4,10,False,59,1,9,265,1.325,0
6603,0,1,17,2,44,False,138,0,0,0,0.0,0
6604,0,1,4,4,10,False,228,0,147,147,0.735,0
6605,0,1,18,0,0,False,0,0,0,0,0.0,0
6606,0,1,4,4,10,True,228,2,2,514,2.57,0
6607,0,1,4,4,10,False,169,1,196,452,2.26,0
6608,0,1,9,0,0,False,0,0,0,0,0.0,0
6609,0,1,4,4,10,False,221,1,161,417,2.085,0
6610,0,1,7,3,0,False,215,12,0,3072,15.36,0
6611,0,1,4,4,10,False,23,3,29,797,3.985,0
6612,0,1,6,4,4,False,147,7,60,1852,9.26,0
6613,0,1,4,4,10,False,129,2,11,523,2.615,0
6614,0,1,1,2,52,False,10,0,0,0,0.0,0
6615,0,1,4,4,10,False,0,2,52,564,2.82,0
6616,0,1,12,4,3,False,215,11,220,3036,15.18,0
6617,0,1,4,4,10,False,48,2,6,518,2.59,0
6618,0,1,1,2,24,True,10,0,0,0,0.0,0
6619,0,1,4,4,10,False,186,1,20,276,1.38,0
6620,0,1,29,7,60,False,44,12,10,3082,15.41,5046316
6621,0,1,4,4,10,False,55,0,59,59,0.295,0
6622,0,1,12,0,0,False,0,0,0,0,0.0,0
6623,0,1,4,4,10,False,2,1,35,291,1.455,0
6624,0,1,5,4,10,False,186,0,226,226,1.13,0
6625,0,1,4,4,10,False,2,2,105,617,3.085,0
6626,0,1,6,4,5,False,175,14,60,3644,18.22,0
6627,0,1,4,4,10,False,145,2,47,559,2.795,0
6628,0,1,1,2,1,False,212,0,0,0,0.0,0
6629,0,1,4,4,10,False,37,1,224,480,2.4,0
6630,0,1,0,5,4,False,52,1,3,259,1.295,23
6631,0,1,4,4,10,True,37,1,110,366,1.83,0
6632,0,1,18,1,4,False,0,0,0,0,0.0,0
6633,0,1,19,0,0,False,0,0,0,0,0.0,0
6634,0,1,16,5,13,False,60,0,0,0,0.0,183
6635,0,1,4,4,10,False,126,0,157,157,0.785,0
6636,0,1,1,2,37,False,6,0,0,0,0.0,0
6637,0,1,4,4,10,True,126,0,138,138,0.69,0
6638,0,1,5,4,10,True,144,10,174,2734,13.67,0
6639,0,1,0,1,24,False,0,0,0,0,0.0,0
6640,0,1,5,4,10,True,174,1,102,358,1.79,0
6641,0,1,4,4,10,False,204,0,128,128,0.64,0
6642,0,1,7,4,10,False,125,1,64,320,1.6,0
6643,0,1,4,4,10,False,36,0,207,207,1.035,0
6644,0,1,0,4,51,True,11,4,10,1034,5.17,0
6645,0,1,4,4,10,False,143,0,90,90,0.45,0
6646,0,1,12,1,10,False,0,0,0,0,0.0,0
6647,0,1,4,4,10,False,212,1,70,326,1.63,0
6648,0,1,24,6,1,False,103,14,0,3584,17.92,2604
6649,0,1,4,4,10,False,137,1,135,391,1.955,0
6650,0,1,3,1,2,False,0,0,0,0,0.0,0
6651,0,-1,-1,-1,-1,True,-1,-1,-1,-1,-1.0,-1
