,readout,layer,chipID,payload,location,isCol,timestamp,tot_msb,tot_lsb,tot_total,tot_us,fpga_ts
0,0,1,0,4,8,False,165,0,212,212,1.06,0
1,0,1,0,7,4,False,9,15,3,3843,19.215,5179897
2,0,1,0,4,4,False,97,0,59,59,0.295,0
3,0,1,0,1,61,False,0,0,0,0,0.0,0
4,0,1,0,4,7,False,91,1,237,493,2.465,0
5,0,1,0,3,57,True,4,5,0,1280,6.4,0
6,0,1,0,4,8,False,125,6,102,1638,8.19,0
7,0,1,0,4,7,False,255,4,7,1031,5.155,0
8,0,1,0,4,8,False,222,9,146,2450,12.25,0
9,0,1,13,4,43,True,0,4,8,1032,5.16,0
10,0,1,0,4,8,False,128,1,150,406,2.03,0
11,0,1,9,7,36,True,0,7,4,1796,8.98,1011467
12,0,1,0,4,8,False,15,0,227,227,1.135,0
13,0,1,4,6,11,True,74,4,9,1033,5.165,1284
14,0,1,0,4,7,False,166,0,66,66,0.33,0
15,0,1,3,6,4,False,10,4,9,1033,5.165,1653
16,0,1,0,4,8,False,8,3,85,853,4.265,0
17,0,1,1,6,55,False,5,4,4,1028,5.14,1033
18,0,1,0,4,8,False,193,1,96,352,1.76,0
19,0,1,1,1,1,True,0,0,0,0,0.0,0
20,0,1,0,4,8,False,119,0,74,74,0.37,0
21,0,1,0,5,7,False,4,10,4,2564,12.82,9
22,0,1,0,4,8,False,238,0,179,179,0.895,0
23,0,1,0,4,4,False,166,10,247,2807,14.035,0
24,0,1,0,4,8,False,126,0,78,78,0.39,0
25,0,1,0,4,7,False,236,1,4,260,1.3,0
26,0,1,0,4,8,False,252,1,54,310,1.55,0
27,0,1,1,3,58,False,2,15,0,3840,19.2,0
28,0,1,0,4,8,False,209,0,217,217,1.085,0
29,0,1,21,0,0,False,0,0,0,0,0.0,0
30,0,1,0,4,8,False,30,0,64,64,0.32,0
31,0,1,0,4,4,False,10,15,0,3840,19.2,0
32,0,1,0,0,0,False,0,0,0,0,0.0,0
33,0,1,0,0,0,False,0,0,0,0,0.0,0
34,0,1,0,6,0,False,64,4,8,1032,5.16,297
35,0,1,11,4,4,False,7,4,9,1033,5.165,0
36,0,1,0,6,4,False,9,8,1,2049,10.245,1153
37,0,1,0,2,4,False,0,0,0,0,0.0,2048
38,0,-1,-1,-1,-1,True,-1,-1,-1,-1,-1.0,-1
39,0,-1,-1,-1,-1,True,-1,-1,-1,-1,-1.0,-1
40,0,-1,-1,-1,-1,True,-1,-1,-1,-1,-1.0,-1
41,0,-1,-1,-1,-1,True,-1,-1,-1,-1,-1.0,-1
42,0,-1,-1,-1,-1,True,-1,-1,-1,-1,-1.0,-1
43,0,-1,-1,-1,-1,True,-1,-1,-1,-1,-1.0,-1
44,0,1,0,4,7,False,87,0,71,71,0.355,0
45,0,1,0,5,4,False,18,4,1,1025,5.125,4
46,0,1,0,4,8,False,37,4,199,1223,6.115,0
47,0,1,0,4,9,False,158,2,235,747,3.735,0
48,0,1,0,4,8,False,132,7,253,2045,10.225,0
49,0,1,0,4,9,False,37,1,19,275,1.375,0
50,0,1,0,4,8,False,75,3,9,777,3.885,0
51,0,1,0,4,9,False,132,3,109,877,4.385,0
52,0,1,0,4,7,False,76,0,62,62,0.31,0
53,0,1,0,7,4,False,10,4,9,1033,5.165,268875
54,0,1,0,4,8,False,100,5,255,1535,7.675,0
55,0,1,1,1,4,False,0,0,0,0,0.0,0
56,0,1,0,4,8,False,233,0,156,156,0.78,0
57,0,1,0,5,11,False,0,6,0,1536,7.68,143
58,0,1,0,4,8,False,121,0,136,136,0.68,0
59,0,1,2,7,4,False,5,12,0,3072,15.36,9242165
60,0,1,0,4,8,False,15,0,233,233,1.165,0
61,0,1,26,3,2,False,196,4,0,1024,5.12,0
62,0,1,0,4,8,False,177,1,249,505,2.525,0
63,0,1,0,4,9,False,0,8,4,2052,10.26,0
64,0,1,0,4,8,False,66,0,207,207,1.035,0
65,0,1,0,4,10,False,116,4,9,1033,5.165,0
66,0,1,0,0,0,False,0,0,0,0,0.0,0
67,0,1,22,6,10,False,64,1,4,260,1.3,15364
68,0,1,0,2,0,False,207,0,0,0,0.0,0
69,0,1,0,0,0,False,0,0,0,0,0.0,0
70,0,1,0,4,8,False,25,1,112,368,1.84,0
71,0,1,7,3,10,False,145,1,0,256,1.28,0
72,0,1,0,4,8,False,244,1,219,475,2.375,0
73,0,1,0,4,33,False,104,4,10,1034,5.17,0
74,0,1,0,4,8,False,90,0,143,143,0.715,0
75,0,1,0,4,0,False,198,4,11,1035,5.175,0
76,0,1,0,4,8,False,181,0,90,90,0.45,0
77,0,1,22,7,2,False,73,4,13,1037,5.185,6488130
78,0,1,0,4,8,False,136,0,123,123,0.615,0
79,0,1,0,4,7,False,211,0,65,65,0.325,0
80,0,1,0,4,9,False,153,15,219,4059,20.295,0
81,0,1,0,4,11,False,133,0,135,135,0.675,0
82,0,1,0,4,8,False,197,0,60,60,0.3,0
83,0,1,0,4,7,False,250,0,252,252,1.26,0
84,0,1,0,4,8,False,47,0,47,47,0.235,0
85,0,1,0,4,12,False,251,0,87,87,0.435,0
86,0,1,0,4,8,False,180,1,108,364,1.82,0
87,0,1,0,4,13,False,0,0,154,154,0.77,0
88,0,1,0,4,9,False,74,4,136,1160,5.8,0
89,0,1,0,4,7,False,136,0,66,66,0.33,0
90,0,1,0,4,9,False,177,0,53,53,0.265,0
91,0,1,0,4,14,False,61,11,124,2940,14.7,0
92,0,1,0,4,8,False,28,0,81,81,0.405,0
93,0,1,0,4,11,False,191,1,152,408,2.04,0
94,0,1,0,4,9,False,252,1,130,386,1.93,0
95,0,1,0,4,11,False,40,0,77,77,0.385,0
96,0,1,0,4,10,False,187,10,0,2560,12.8,0
97,0,1,0,4,7,False,186,0,204,204,1.02,0
98,0,1,0,4,11,False,197,6,172,1708,8.54,0
99,0,1,0,4,10,False,187,0,70,70,0.35,0
100,0,1,0,4,9,False,203,0,215,215,1.075,0
101,0,1,0,4,12,False,186,0,161,161,0.805,0
102,0,1,0,4,8,False,203,0,235,235,1.175,0
103,0,1,0,4,13,False,181,1,29,285,1.425,0
104,0,1,0,4,8,False,135,0,78,78,0.39,0
105,0,1,0,4,11,False,253,2,35,547,2.735,0
106,0,1,0,4,9,False,135,0,215,215,1.075,0
107,0,1,0,4,14,False,133,2,72,584,2.92,0
108,0,1,0,4,9,False,149,0,70,70,0.35,0
109,0,1,0,4,16,False,85,15,218,4058,20.29,0
110,0,1,0,4,9,False,74,0,68,68,0.34,0
111,0,1,0,4,14,False,203,3,39,807,4.035,0
112,0,1,0,4,9,False,4,0,86,86,0.43,0
113,0,1,0,4,11,False,252,2,250,762,3.81,0
114,0,1,0,4,11,False,205,0,81,81,0.405,0
115,0,1,0,4,12,False,205,0,239,239,1.195,0
116,0,1,0,4,12,False,22,9,113,2417,12.085,0
117,0,1,0,4,13,False,204,0,253,253,1.265,0
118,0,1,0,4,9,False,141,0,79,79,0.395,0
119,0,1,0,4,14,False,248,10,52,2612,13.06,0
120,0,1,0,4,8,False,46,0,138,138,0.69,0
121,0,1,0,4,14,False,67,11,240,3056,15.28,0
122,0,1,0,4,8,False,133,0,68,68,0.34,0
123,0,1,0,4,15,False,4,10,102,2662,13.31,0
124,0,1,0,4,8,False,59,0,62,62,0.31,0
125,0,1,0,4,11,False,5,3,131,899,4.495,0
126,0,1,0,4,9,False,59,1,49,305,1.525,0
127,0,1,0,4,11,False,50,0,40,40,0.2,0
128,0,1,0,4,9,False,97,0,61,61,0.305,0
129,0,1,0,4,7,False,157,0,156,156,0.78,0
130,0,1,0,4,12,False,133,1,13,269,1.345,0
131,0,1,0,4,11,False,34,6,7,1543,7.715,0
132,0,1,0,4,13,False,46,14,39,3623,18.115,0
133,0,1,0,4,37,True,2,10,4,2564,12.82,0
134,0,1,0,4,14,False,170,6,143,1679,8.395,0
135,0,1,0,4,55,False,0,14,4,3588,17.94,0
136,0,1,0,4,15,False,84,14,152,3736,18.68,0
137,0,1,0,4,55,False,0,4,9,1033,5.165,0
138,0,1,0,4,15,False,229,0,63,63,0.315,0
139,0,1,10,5,0,False,60,4,9,1033,5.165,187
140,0,1,0,4,16,False,205,5,187,1467,7.335,0
141,0,1,0,3,40,False,4,9,0,2304,11.52,0
142,0,1,0,4,17,False,205,4,214,1238,6.19,0
143,0,1,8,7,0,False,10,4,10,1034,5.17,14746599
144,0,1,0,4,18,False,59,5,191,1471,7.355,0
145,0,1,0,4,4,False,11,5,1,1281,6.405,0
146,0,1,0,4,19,False,206,14,174,3758,18.79,0
147,0,1,26,4,12,False,229,15,62,3902,19.51,0
148,0,1,0,4,20,False,107,8,77,2125,10.625,0
149,0,1,0,4,13,False,144,9,197,2501,12.505,0
150,0,1,0,4,21,False,186,12,66,3138,15.69,0
151,0,1,0,4,13,False,245,10,228,2788,13.94,0
152,0,1,0,4,22,False,136,3,251,1019,5.095,0
153,0,1,0,4,9,False,119,1,15,271,1.355,0
154,0,1,0,4,23,False,87,0,74,74,0.37,0
155,0,1,0,4,12,False,113,0,207,207,1.035,0
156,0,1,0,4,24,False,76,0,56,56,0.28,0
157,0,1,0,4,13,False,160,2,150,662,3.31,0
158,0,1,0,4,25,False,186,7,108,1900,9.5,0
159,0,1,0,4,14,False,195,9,100,2404,12.02,0
160,0,1,0,4,27,False,186,4,188,1212,6.06,0
161,0,1,0,4,15,False,158,9,104,2408,12.04,0
162,0,1,0,4,28,False,75,0,79,79,0.395,0
163,0,1,0,4,9,False,47,0,89,89,0.445,0
164,0,1,0,4,8,True,59,9,110,2414,12.07,0
165,0,1,0,4,9,False,197,0,86,86,0.43,0
166,0,1,0,4,10,True,229,6,148,1684,8.42,0
167,0,1,0,4,13,False,33,1,252,508,2.54,0
168,0,1,0,4,12,True,107,1,13,269,1.345,0
169,0,1,0,4,13,False,151,0,240,240,1.2,0
170,0,1,0,4,28,True,87,0,55,55,0.275,0
171,0,1,0,4,13,False,120,0,160,160,0.8,0
172,0,1,0,4,29,True,75,1,57,313,1.565,0
173,0,1,0,4,16,False,22,6,123,1659,8.295,0
174,0,1,0,4,13,False,129,0,134,134,0.67,0
175,0,1,0,4,11,False,245,1,78,334,1.67,0
176,0,1,0,4,17,False,205,0,27,27,0.135,0
177,0,1,0,4,14,False,128,5,248,1528,7.64,0
178,0,1,0,4,18,False,113,6,236,1772,8.86,0
179,0,1,0,4,15,False,114,12,247,3319,16.595,0
180,0,1,0,4,19,False,114,11,16,2832,14.16,0
181,0,1,0,4,16,False,22,10,62,2622,13.11,0
182,0,1,0,4,13,False,117,0,160,160,0.8,0
183,0,1,0,4,17,False,246,2,230,742,3.71,0
184,0,1,0,5,53,False,0,0,4,4,0.02,13
185,0,1,0,4,11,False,117,1,6,262,1.31,0
186,0,1,0,3,1,False,54,4,0,1024,5.12,0
187,0,1,0,4,19,False,1,1,4,260,1.3,0
188,0,1,0,3,25,False,0,5,0,1280,6.4,0
189,0,1,1,3,11,False,79,1,0,256,1.28,0
190,0,1,0,4,13,False,229,0,78,78,0.39,0
191,0,1,8,1,4,False,0,0,0,0,0.0,0
192,0,1,0,4,13,False,70,0,184,184,0.92,0
193,0,1,0,4,13,False,89,0,254,254,1.27,0
194,0,1,0,4,20,False,85,0,128,128,0.64,0
195,0,1,0,4,14,False,82,1,47,303,1.515,0
196,0,1,0,4,21,False,85,2,63,575,2.875,0
197,0,1,0,4,11,False,225,0,166,166,0.83,0
198,0,1,0,4,22,False,152,10,164,2724,13.62,0
199,0,1,0,4,11,False,70,0,197,197,0.985,0
200,0,1,0,4,23,False,249,8,147,2195,10.975,0
201,0,1,0,4,14,False,71,0,217,217,1.085,0
202,0,1,0,4,23,False,203,0,68,68,0.34,0
203,0,1,0,4,11,False,78,0,59,59,0.295,0
204,0,1,0,4,24,False,206,11,5,2821,14.105,0
205,0,1,0,4,4,False,14,6,0,1536,7.68,0
206,0,1,0,4,25,False,197,0,127,127,0.635,0
207,0,1,16,3,4,False,14,2,0,512,2.56,0
208,0,1,0,4,5,True,76,0,47,47,0.235,0
209,0,1,0,4,6,True,27,0,186,186,0.93,0
210,0,1,7,1,0,False,0,0,0,0,0.0,0
211,0,1,0,4,8,True,89,4,124,1148,5.74,0
212,0,1,0,4,10,True,255,12,12,3084,15.42,0
213,0,1,0,6,34,False,145,4,14,1038,5.19,5124
214,0,1,0,4,12,True,203,15,158,3998,19.99,0
215,0,1,11,1,9,False,0,0,0,0,0.0,0
216,0,1,0,4,28,True,187,2,178,690,3.45,0
217,0,1,13,6,31,True,0,1,100,356,1.78,58373
218,0,1,0,4,29,True,186,5,176,1456,7.28,0
219,0,1,0,4,12,True,223,0,92,92,0.46,0
220,0,1,0,4,13,False,109,0,70,70,0.35,0
221,0,1,0,4,1,False,166,4,11,1035,5.175,0
222,0,1,0,4,23,False,109,0,92,92,0.46,0
223,0,1,0,4,0,False,32,4,11,1035,5.175,0
224,0,1,0,4,12,True,109,0,70,70,0.35,0
225,0,1,13,5,0,False,213,4,14,1038,5.19,110
226,0,1,1,5,61,True,4,15,109,3949,19.745,2
227,0,1,0,4,23,False,22,0,90,90,0.45,0
228,0,1,2,7,4,False,23,4,13,1037,5.185,1639591
229,0,1,0,4,12,True,22,0,68,68,0.34,0
230,0,1,2,6,1,False,122,4,18,1042,5.21,133
231,0,1,6,4,4,False,18,0,1,1,0.005,0
232,0,1,22,0,0,False,0,0,0,0,0.0,0
233,0,1,0,4,26,False,85,1,111,367,1.835,0
234,0,1,0,4,11,False,178,0,54,54,0.27,0
235,0,1,0,4,6,True,85,6,170,1706,8.53,0
236,0,1,0,4,19,False,89,11,101,2917,14.585,0
237,0,1,0,4,8,True,78,15,51,3891,19.455,0
238,0,1,0,4,15,False,121,0,171,171,0.855,0
239,0,1,0,4,10,True,23,13,28,3356,16.78,0
240,0,1,0,4,20,False,109,4,222,1246,6.23,0
241,0,1,0,4,12,True,109,9,24,2328,11.64,0
242,0,1,0,4,22,False,185,0,207,207,1.035,0
243,0,1,0,4,28,True,187,0,247,247,1.235,0
244,0,1,0,4,24,False,89,7,42,1834,9.17,0
245,0,1,0,4,15,False,229,0,65,65,0.325,0
246,0,1,0,4,18,False,246,1,111,367,1.835,0
247,0,1,0,4,11,False,131,0,64,64,0.32,0
248,0,1,0,4,15,False,131,0,70,70,0.35,0
249,0,1,0,4,18,False,229,1,238,494,2.47,0
250,0,1,0,4,18,False,85,1,24,280,1.4,0
251,0,1,0,4,8,False,47,0,146,146,0.73,0
252,0,1,0,4,18,False,163,0,200,200,1.0,0
253,0,1,0,4,8,False,76,0,233,233,1.165,0
254,0,1,0,4,43,False,4,14,134,3718,18.59,0
255,0,1,0,4,7,False,2,0,252,252,1.26,0
256,0,1,0,0,0,False,0,0,0,0,0.0,0
257,0,1,0,4,7,False,71,0,123,123,0.615,0
258,0,1,27,1,4,False,0,0,0,0,0.0,0
259,0,1,0,4,8,False,201,5,84,1364,6.82,0
260,0,1,17,2,6,True,0,0,0,0,0.0,0
261,0,1,0,4,8,False,57,1,178,434,2.17,0
262,0,1,3,0,0,False,0,0,0,0,0.0,0
263,0,1,0,4,8,False,230,1,35,291,1.455,0
264,0,1,0,4,5,False,6,2,4,516,2.58,0
265,0,1,0,4,8,False,76,1,135,391,1.955,0
266,0,1,0,4,4,False,9,3,2,770,3.85,0
267,0,1,0,4,7,False,86,0,63,63,0.315,0
268,0,1,0,4,0,False,210,6,4,1540,7.7,0
269,0,1,0,4,8,False,18,5,23,1303,6.515,0
270,0,1,0,4,11,False,204,2,177,689,3.445,0
271,0,1,0,4,8,False,90,0,70,70,0.35,0
272,0,1,0,4,15,True,4,9,14,2318,11.59,0
273,0,1,0,4,8,False,239,1,122,378,1.89,0
274,0,1,0,0,0,False,0,0,0,0,0.0,0
275,0,1,0,4,9,False,106,4,226,1250,6.25,0
276,0,1,7,6,4,False,9,7,0,1792,8.96,1024
277,0,1,0,4,8,False,163,1,66,322,1.61,0
278,0,1,0,4,9,False,74,0,132,132,0.66,0
279,0,1,0,4,7,False,11,0,159,159,0.795,0
280,0,1,1,3,36,True,0,9,0,2304,11.52,0
281,0,1,0,4,8,False,139,1,173,429,2.145,0
282,0,1,0,4,10,False,5,0,74,74,0.37,0
283,0,1,0,4,8,False,100,0,131,131,0.655,0
284,0,1,0,4,6,False,5,0,68,68,0.34,0
285,0,1,0,4,8,False,217,1,205,461,2.305,0
286,0,1,0,6,52,True,4,7,11,1803,9.015,30976
287,0,1,0,4,8,False,5,0,99,99,0.495,0
288,0,1,0,4,9,False,227,3,48,816,4.08,0
289,0,1,0,4,7,False,142,0,72,72,0.36,0
290,0,1,0,4,9,False,5,0,130,130,0.65,0
291,0,1,0,4,7,False,248,0,141,141,0.705,0
292,0,1,0,4,6,False,142,0,75,75,0.375,0
293,0,1,0,4,8,False,158,5,240,1520,7.6,0
294,0,1,0,4,5,False,248,0,149,149,0.745,0
295,0,1,0,4,7,False,211,0,73,73,0.365,0
296,0,1,0,4,6,False,249,0,147,147,0.735,0
297,0,1,0,4,8,False,127,3,248,1016,5.08,0
298,0,1,0,4,7,False,249,0,211,211,1.055,0
299,0,1,0,4,7,False,8,1,77,333,1.665,0
300,0,1,0,4,9,False,40,8,165,2213,11.065,0
301,0,1,0,4,7,False,135,2,43,555,2.775,0
302,0,1,0,4,5,False,191,0,74,74,0.37,0
303,0,1,0,4,8,False,227,7,191,1983,9.915,0
304,0,1,0,4,5,False,135,0,141,141,0.705,0
305,0,1,0,4,8,False,50,1,247,503,2.515,0
306,0,1,0,4,6,False,4,0,140,140,0.7,0
307,0,1,0,4,7,False,198,0,83,83,0.415,0
308,0,1,0,4,7,False,135,0,159,159,0.795,0
309,0,1,0,4,7,False,14,0,59,59,0.295,0
310,0,1,0,4,9,False,225,11,209,3025,15.125,0
311,0,1,0,4,8,False,121,7,30,1822,9.11,0
312,0,1,0,4,9,False,71,2,33,545,2.725,0
313,0,1,0,4,8,False,248,1,3,259,1.295,0
314,0,1,0,4,9,False,97,0,170,170,0.85,0
315,0,1,0,4,8,False,144,0,185,185,0.925,0
316,0,1,0,4,9,False,248,1,54,310,1.55,0
317,0,1,0,4,7,False,240,0,90,90,0.45,0
318,0,1,0,4,10,False,75,10,39,2599,12.995,0
319,0,1,0,4,8,False,138,2,173,685,3.425,0
320,0,1,0,4,5,False,240,0,83,83,0.415,0
321,0,1,0,4,7,False,255,0,88,88,0.44,0
322,0,1,0,4,6,False,241,0,79,79,0.395,0
323,0,1,0,4,8,False,89,3,197,965,4.825,0
324,0,1,0,4,5,False,255,0,182,182,0.91,0
325,0,1,0,4,8,False,251,1,21,277,1.385,0
326,0,1,0,4,6,False,0,0,72,72,0.36,0
327,0,1,0,4,7,False,63,0,170,170,0.85,0
328,0,1,0,4,7,False,0,0,165,165,0.825,0
329,0,1,0,4,8,False,229,3,89,857,4.285,0
330,0,1,0,4,5,False,236,4,10,1034,5.17,0
331,0,1,0,4,8,False,253,0,71,71,0.355,0
332,0,1,9,4,48,True,9,9,4,2308,11.54,0
333,0,1,0,4,7,False,193,0,61,61,0.305,0
334,0,1,1,1,9,False,0,0,0,0,0.0,0
335,0,1,0,4,7,False,27,0,52,52,0.26,0
336,0,1,16,4,0,False,77,6,203,1739,8.695,0
337,0,1,0,4,7,False,88,0,67,67,0.335,0
338,0,1,0,4,0,False,115,4,9,1033,5.165,0
339,0,1,0,4,8,False,243,6,9,1545,7.725,0
340,0,1,12,3,4,False,10,4,0,1024,5.12,0
341,0,1,0,4,7,False,108,0,61,61,0.305,0
342,0,1,1,1,5,True,0,0,0,0,0.0,0
343,0,1,0,4,8,False,198,4,98,1122,5.61,0
344,0,1,4,4,2,False,146,9,35,2339,11.695,0
345,0,1,0,4,7,False,13,0,81,81,0.405,0
346,0,1,0,4,27,False,2,3,88,856,4.28,0
347,0,1,0,4,8,False,100,2,26,538,2.69,0
348,0,1,0,4,8,False,59,1,188,444,2.22,0
349,0,1,0,4,8,False,8,2,143,655,3.275,0
350,0,1,0,4,10,False,13,2,250,762,3.81,0
351,0,1,0,4,8,False,145,1,239,495,2.475,0
352,0,1,0,4,10,False,96,1,154,410,2.05,0
353,0,1,0,4,8,False,252,1,209,465,2.325,0
354,0,1,0,4,10,False,232,0,214,214,1.07,0
355,0,1,0,4,9,False,113,4,86,1110,5.55,0
356,0,1,0,4,2,False,79,4,9,1033,5.165,0
357,0,1,0,4,8,False,251,1,130,386,1.93,0
358,0,1,8,2,1,False,87,0,0,0,0.0,0
359,0,1,0,4,7,False,33,0,56,56,0.28,0
360,0,1,0,4,9,False,71,4,38,1062,5.31,0
361,0,1,0,4,8,False,198,5,56,1336,6.68,0
362,0,1,0,4,4,False,4,10,72,2632,13.16,0
363,0,1,0,4,8,False,38,1,35,291,1.455,0
364,0,1,0,0,0,False,0,0,0,0,0.0,0
365,0,1,0,4,8,False,176,2,57,569,2.845,0
366,0,1,19,7,2,False,96,4,4,1028,5.14,762166
367,0,1,0,4,8,False,242,0,148,148,0.74,0
368,0,1,30,6,1,False,213,4,9,1033,5.165,61072
369,0,1,0,4,8,False,144,1,146,402,2.01,0
370,0,1,0,0,0,False,0,0,0,0,0.0,0
371,0,1,0,4,7,False,32,0,228,228,1.14,0
372,0,1,10,7,4,False,2,13,4,3332,16.66,43842
373,0,1,0,4,8,False,43,3,130,898,4.49,0
374,0,1,8,1,4,False,0,0,0,0,0.0,0
375,0,1,0,4,8,False,204,0,120,120,0.6,0
376,0,1,1,2,51,True,167,0,0,0,0.0,0
377,0,1,0,4,7,False,42,0,67,67,0.335,0
378,0,1,0,4,11,False,243,2,85,597,2.985,0
379,0,1,0,4,8,False,154,2,232,744,3.72,0
380,0,1,0,4,9,False,52,1,47,303,1.515,0
381,0,1,0,4,7,False,4,1,134,390,1.95,0
382,0,1,0,4,9,False,164,2,105,617,3.085,0
383,0,1,0,4,8,False,131,5,208,1488,7.44,0
384,0,1,0,4,5,False,5,0,82,82,0.41,0
385,0,1,0,4,8,False,25,0,187,187,0.935,0
386,0,1,0,4,6,False,0,0,183,183,0.915,0
387,0,1,0,4,7,False,56,0,121,121,0.605,0
388,0,1,0,4,7,False,5,0,168,168,0.84,0
389,0,1,0,4,8,False,233,4,92,1116,5.58,0
390,0,1,0,4,9,False,72,9,221,2525,12.625,0
391,0,1,0,4,8,False,19,1,63,319,1.595,0
392,0,1,0,4,10,False,227,3,56,824,4.12,0
393,0,1,0,4,8,False,215,1,191,447,2.235,0
394,0,1,0,4,9,False,60,2,136,648,3.24,0
395,0,1,0,4,7,False,77,0,137,137,0.685,0
396,0,1,0,4,9,False,222,2,55,567,2.835,0
397,0,1,0,4,7,False,72,0,61,61,0.305,0
398,0,1,0,4,5,False,77,0,159,159,0.795,0
399,0,1,0,4,8,False,65,7,183,1975,9.875,0
400,0,1,0,4,5,False,72,0,98,98,0.49,0
401,0,1,0,4,8,False,60,0,85,85,0.425,0
402,0,1,0,4,7,False,72,0,66,66,0.33,0
403,0,1,0,4,8,False,225,1,249,505,2.525,0
404,0,1,0,4,9,False,60,7,219,2011,10.055,0
405,0,1,0,4,8,False,128,2,26,538,2.69,0
406,0,1,0,4,9,False,232,1,145,401,2.005,0
407,0,1,0,4,8,False,66,2,161,673,3.365,0
408,0,1,0,4,9,False,76,0,109,109,0.545,0
409,0,1,0,4,8,False,64,0,81,81,0.405,0
410,0,1,0,4,9,False,62,2,81,593,2.965,0
411,0,1,0,4,8,False,2,1,13,269,1.345,0
412,0,1,0,4,10,False,85,5,154,1434,7.17,0
413,0,1,0,4,8,False,144,2,194,706,3.53,0
414,0,1,0,4,10,False,2,1,244,500,2.5,0
415,0,1,0,4,8,False,217,0,215,215,1.075,0
416,0,1,0,4,9,False,140,1,168,424,2.12,0
417,0,1,0,4,8,False,32,0,76,76,0.38,0
418,0,1,0,4,9,False,228,0,250,250,1.25,0
419,0,1,0,4,8,False,238,1,197,453,2.265,0
420,0,1,0,4,10,False,42,8,158,2206,11.03,0
421,0,1,0,4,8,False,84,0,246,246,1.23,0
422,0,1,0,4,9,False,192,1,127,383,1.915,0
423,0,1,0,4,8,False,160,1,174,430,2.15,0
424,0,1,0,4,9,False,80,1,112,368,1.84,0
425,0,1,0,4,8,False,82,0,139,139,0.695,0
426,0,1,0,4,9,False,156,1,71,327,1.635,0
427,0,1,0,4,8,False,249,0,137,137,0.685,0
428,0,1,1,2,8,False,2,0,0,0,0.0,0
429,0,1,0,4,8,False,88,1,39,295,1.475,0
430,0,1,20,0,0,False,0,0,0,0,0.0,0
431,0,1,0,4,8,False,153,3,55,823,4.115,0
432,0,1,0,4,10,False,197,1,87,343,1.715,0
433,0,1,0,4,8,False,174,0,101,101,0.505,0
434,0,1,0,4,9,False,95,0,175,175,0.875,0
435,0,1,0,4,8,False,56,2,90,602,3.01,0
436,0,1,0,4,9,False,184,1,138,394,1.97,0
437,0,1,0,4,8,False,227,1,78,334,1.67,0
438,0,1,0,4,9,False,56,1,185,441,2.205,0
439,0,1,0,4,8,False,57,0,161,161,0.805,0
440,0,1,0,4,9,False,227,1,74,330,1.65,0
441,0,1,0,4,8,False,178,1,179,435,2.175,0
442,0,1,0,4,10,False,62,0,98,98,0.49,0
443,0,1,0,4,8,False,2,1,68,324,1.62,0
444,0,1,0,4,9,False,206,2,21,533,2.665,0
445,0,1,0,4,9,False,130,1,123,379,1.895,0
446,0,1,0,4,9,False,22,1,60,316,1.58,0
447,0,1,0,4,7,False,238,0,56,56,0.28,0
448,0,1,0,4,9,False,87,0,226,226,1.13,0
449,0,1,0,4,8,False,145,3,15,783,3.915,0
450,0,1,1,1,31,True,0,0,0,0,0.0,0
451,0,1,0,4,7,False,172,0,78,78,0.39,0
452,0,1,0,3,21,False,3,9,0,2304,11.52,0
453,0,1,0,4,8,False,54,2,34,546,2.73,0
454,0,1,1,1,28,False,0,0,0,0,0.0,0
455,0,1,0,4,7,False,138,0,80,80,0.4,0
456,0,1,2,4,7,False,206,2,241,753,3.765,0
457,0,1,0,4,8,False,225,2,83,595,2.975,0
458,0,1,1,2,0,False,164,0,0,0,0.0,0
459,0,1,0,4,7,False,86,0,75,75,0.375,0
460,0,1,0,1,11,False,0,0,0,0,0.0,0
461,0,1,0,4,7,False,193,0,185,185,0.925,0
462,0,1,0,4,48,True,4,9,4,2308,11.54,0
463,0,1,0,4,7,False,54,0,227,227,1.135,0
464,0,1,0,5,11,True,0,2,4,516,2.58,5
465,0,1,0,4,7,False,85,0,162,162,0.81,0
466,0,1,21,4,3,False,190,4,5,1029,5.145,0
467,0,1,0,4,8,False,43,11,244,3060,15.3,0
468,0,1,10,5,0,False,96,4,7,1031,5.155,81
469,0,1,0,4,7,False,111,0,65,65,0.325,0
470,0,1,0,0,0,False,0,0,0,0,0.0,0
471,0,1,0,4,8,False,217,1,170,426,2.13,0
472,0,1,13,5,4,False,9,0,11,11,0.055,16
473,0,1,0,4,8,False,100,0,86,86,0.43,0
474,0,1,0,4,6,False,27,0,63,63,0.315,0
475,0,1,0,4,8,False,19,0,152,152,0.76,0
476,0,1,0,4,7,False,80,5,190,1470,7.35,0
477,0,1,0,4,8,False,141,1,156,412,2.06,0
478,0,1,0,4,10,False,86,3,121,889,4.445,0
479,0,1,0,4,7,False,148,0,251,251,1.255,0
480,0,1,0,4,6,False,111,0,80,80,0.4,0
481,0,1,0,4,7,False,68,0,133,133,0.665,0
482,0,1,0,4,9,False,111,0,99,99,0.495,0
483,0,1,0,4,8,False,226,6,142,1678,8.39,0
484,0,1,0,4,11,False,57,8,123,2171,10.855,0
485,0,1,0,4,7,False,136,0,231,231,1.155,0
486,0,1,0,4,13,False,111,15,69,3909,19.545,0
487,0,1,0,4,8,False,253,5,142,1422,7.11,0
488,0,1,0,4,14,False,141,3,135,903,4.515,0
489,0,1,0,4,8,False,115,2,213,725,3.625,0
490,0,1,0,4,7,False,172,3,143,911,4.555,0
491,0,1,0,4,7,False,238,0,145,145,0.725,0
492,0,1,0,4,7,False,62,1,157,413,2.065,0
493,0,1,0,4,7,False,102,1,14,270,1.35,0
494,0,1,0,4,7,False,226,0,102,102,0.51,0
495,0,1,0,4,7,False,177,0,116,116,0.58,0
496,0,1,0,4,9,False,136,5,54,1334,6.67,0
497,0,1,0,4,8,False,44,11,72,2888,14.44,0
498,0,1,0,4,7,False,248,3,209,977,4.885,0
499,0,1,0,4,8,False,218,0,237,237,1.185,0
500,0,1,0,4,7,False,110,1,3,259,1.295,0
501,0,1,0,4,7,False,27,0,140,140,0.7,0
502,0,1,0,4,6,False,238,0,171,171,0.855,0
503,0,1,0,4,8,False,171,7,86,1878,9.39,0
504,0,1,0,4,7,False,102,4,153,1177,5.885,0
505,0,1,0,4,8,False,32,1,119,375,1.875,0
506,0,1,0,4,6,False,178,0,111,111,0.555,0
507,0,1,0,4,8,False,115,1,149,405,2.025,0
508,0,1,0,4,7,False,195,1,167,423,2.115,0
509,0,1,0,4,8,False,249,0,96,96,0.48,0
510,0,1,0,4,10,False,178,2,41,553,2.765,0
511,0,1,0,4,8,False,89,1,91,347,1.735,0
512,0,1,0,4,7,False,54,2,95,607,3.035,0
513,0,1,0,4,8,False,164,0,176,176,0.88,0
514,0,1,0,4,7,False,178,1,59,315,1.575,0
515,0,1,0,4,9,False,88,14,254,3838,19.19,0
516,0,1,0,4,7,False,16,0,133,133,0.665,0
517,0,1,0,4,7,False,184,0,61,61,0.305,0
518,0,1,0,4,11,False,69,3,33,801,4.005,0
519,0,1,0,4,7,False,224,0,56,56,0.28,0
520,0,1,0,4,11,False,249,0,80,80,0.4,0
521,0,1,0,4,8,False,201,8,136,2184,10.92,0
522,0,1,0,4,7,False,89,0,208,208,1.04,0
523,0,1,0,4,7,False,27,0,193,193,0.965,0
524,0,1,0,4,11,False,165,2,2,514,2.57,0
525,0,1,0,4,8,False,195,5,189,1469,7.345,0
526,0,1,0,4,14,False,84,1,96,352,1.76,0
527,0,1,0,4,8,False,39,9,64,2368,11.84,0
528,0,1,0,4,7,False,218,2,81,593,2.965,0
529,0,1,0,4,8,False,152,0,146,146,0.73,0
530,0,1,0,4,7,False,53,0,86,86,0.43,0
531,0,1,0,4,8,False,34,2,174,686,3.43,0
532,0,1,0,4,7,False,158,0,71,71,0.355,0
533,0,1,0,4,8,False,110,1,28,284,1.42,0
534,0,1,0,4,7,False,41,2,137,649,3.245,0
535,0,1,0,4,8,False,12,1,138,394,1.97,0
536,0,1,0,4,9,False,180,0,210,210,1.05,0
537,0,1,0,4,8,False,48,0,156,156,0.78,0
538,0,1,0,4,7,False,232,2,126,638,3.19,0
539,0,1,0,4,8,False,166,0,64,64,0.32,0
540,0,1,0,4,10,False,223,3,225,993,4.965,0
541,0,1,0,4,8,False,35,1,111,367,1.835,0
542,0,1,0,4,7,False,241,0,84,84,0.42,0
543,0,1,0,4,8,False,223,1,61,317,1.585,0
544,0,1,0,4,11,False,110,1,254,510,2.55,0
545,0,1,0,4,7,False,75,0,126,126,0.63,0
546,0,1,0,4,7,False,226,0,76,76,0.38,0
547,0,1,0,4,7,False,102,0,81,81,0.405,0
548,0,1,0,4,11,False,70,4,49,1073,5.365,0
549,0,1,0,4,7,False,225,0,64,64,0.32,0
550,0,1,0,4,14,False,166,4,3,1027,5.135,0
551,0,1,0,4,7,False,166,0,80,80,0.4,0
552,0,1,0,4,11,False,54,3,195,963,4.815,0
553,0,1,0,4,7,False,65,0,57,57,0.285,0
554,0,1,0,4,7,False,162,0,189,189,0.945,0
555,0,1,0,7,1,False,0,9,4,2308,11.54,45319
556,0,1,0,4,6,False,75,0,66,66,0.33,0
557,0,1,0,5,4,False,8,10,14,2574,12.87,216
558,0,1,0,4,59,False,4,5,177,1457,7.285,0
559,0,1,0,4,8,False,217,1,214,470,2.35,0
560,0,1,0,0,0,False,0,0,0,0,0.0,0
561,0,1,0,4,8,False,73,0,191,191,0.955,0
562,0,1,0,4,9,False,115,4,150,1174,5.87,0
563,0,1,0,4,8,False,116,0,127,127,0.635,0
564,0,1,0,4,31,False,115,8,13,2061,10.305,0
565,0,1,0,4,8,False,196,1,149,405,2.025,0
566,0,1,0,4,7,False,167,1,178,434,2.17,0
567,0,1,0,4,8,False,133,0,244,244,1.22,0
568,0,1,0,4,7,False,4,0,62,62,0.31,0
569,0,1,0,4,8,False,245,1,155,411,2.055,0
570,0,1,0,4,7,False,150,0,147,147,0.735,0
571,0,1,0,4,8,False,103,1,17,273,1.365,0
572,0,1,0,4,7,False,14,0,52,52,0.26,0
573,0,1,0,4,8,False,242,1,202,458,2.29,0
574,0,1,0,4,11,False,117,0,63,63,0.315,0
575,0,1,0,4,8,False,109,0,253,253,1.265,0
576,0,1,0,4,11,False,222,0,220,220,1.1,0
577,0,1,0,4,7,False,184,1,30,286,1.43,0
578,0,1,0,4,11,False,133,2,154,666,3.33,0
579,0,1,0,4,8,False,76,6,176,1712,8.56,0
580,0,1,0,4,11,False,245,0,246,246,1.23,0
581,0,1,0,4,8,False,172,8,67,2115,10.575,0
582,0,1,0,4,11,False,71,4,55,1079,5.395,0
583,0,1,0,4,8,False,81,2,106,618,3.09,0
584,0,1,0,4,13,False,247,9,174,2478,12.39,0
585,0,1,0,4,7,False,171,0,225,225,1.125,0
586,0,1,0,4,11,False,105,5,27,1307,6.535,0
587,0,1,0,4,7,False,12,0,229,229,1.145,0
588,0,1,0,4,6,False,184,0,81,81,0.405,0
589,0,1,0,4,8,False,141,10,108,2668,13.34,0
590,0,1,0,4,52,True,2,3,4,772,3.86,0
591,0,1,0,4,8,False,70,3,67,835,4.175,0
592,0,1,0,4,56,True,0,6,2,1538,7.69,0
593,0,1,0,4,8,False,164,0,69,69,0.345,0
594,0,1,0,4,4,False,9,7,3,1795,8.975,0
595,0,1,0,4,8,False,239,1,36,292,1.46,0
596,0,1,0,4,12,False,4,9,248,2552,12.76,0
597,0,1,0,4,8,False,49,0,75,75,0.375,0
598,0,1,1,2,44,True,0,0,0,0,0.0,0
599,0,1,0,4,8,False,138,1,44,300,1.5,0
600,0,1,9,7,7,False,120,2,4,516,2.58,2689290
601,0,1,0,4,8,False,71,1,108,364,1.82,0
602,0,1,0,2,30,False,4,0,0,0,0.0,0
603,0,1,0,4,8,False,182,1,58,314,1.57,0
604,0,1,1,2,61,True,0,0,0,0,0.0,0
605,0,1,0,4,8,False,77,0,209,209,1.045,0
606,0,1,13,1,4,False,0,0,0,0,0.0,0
607,0,1,0,4,8,False,181,1,97,353,1.765,0
608,0,1,0,7,54,True,0,14,4,3588,17.94,37897
609,0,1,0,4,8,False,202,0,75,75,0.375,0
610,0,1,24,0,0,False,0,0,0,0,0.0,0
611,0,1,0,4,8,False,131,2,205,717,3.585,0
612,0,1,0,4,9,False,133,0,81,81,0.405,0
613,0,1,0,4,8,False,238,1,168,424,2.12,0
614,0,1,0,4,11,False,71,3,13,781,3.905,0
615,0,1,0,4,7,False,46,0,158,158,0.79,0
616,0,1,0,4,11,False,176,2,197,709,3.545,0
617,0,1,0,4,7,False,195,0,158,158,0.79,0
618,0,1,0,4,11,False,77,0,134,134,0.67,0
619,0,1,0,4,8,False,39,10,27,2587,12.935,0
620,0,1,0,4,11,False,233,0,154,154,0.77,0
621,0,1,0,4,7,False,141,0,71,71,0.355,0
622,0,1,0,4,14,False,121,0,239,239,1.195,0
623,0,1,0,4,8,False,13,3,82,850,4.25,0
624,0,1,0,4,7,False,218,0,165,165,0.825,0
625,0,1,0,4,8,False,168,3,88,856,4.28,0
626,0,1,0,4,6,False,48,0,63,63,0.315,0
627,0,1,0,4,8,False,29,7,56,1848,9.24,0
628,0,1,0,4,6,False,195,0,93,93,0.465,0
629,0,1,0,4,8,False,145,2,20,532,2.66,0
630,0,1,0,4,7,False,35,0,181,181,0.905,0
631,0,1,0,4,8,False,228,1,90,346,1.73,0
632,0,1,0,4,6,False,141,0,71,71,0.355,0
633,0,1,0,4,8,False,241,1,80,336,1.68,0
634,0,1,0,4,7,False,34,0,88,88,0.44,0
635,0,1,0,4,8,False,130,1,40,296,1.48,0
636,0,1,0,4,7,False,141,1,10,266,1.33,0
637,0,1,0,4,8,False,206,0,90,90,0.45,0
638,0,1,0,4,7,False,254,0,77,77,0.385,0
639,0,1,0,4,7,False,160,0,62,62,0.31,0
640,0,1,0,4,10,False,135,1,100,356,1.78,0
641,0,1,0,4,8,False,59,1,240,496,2.48,0
642,0,1,0,4,7,False,215,0,77,77,0.385,0
643,0,1,0,4,8,False,178,1,82,338,1.69,0
644,0,1,0,4,31,False,115,14,233,3817,19.085,0
645,0,1,0,4,8,False,72,2,12,524,2.62,0
646,0,1,0,4,11,False,131,6,40,1576,7.88,0
647,0,1,0,4,8,False,246,2,171,683,3.415,0
648,0,1,0,4,11,False,248,0,245,245,1.225,0
649,0,1,0,4,8,False,60,4,123,1147,5.735,0
650,0,1,0,4,6,False,160,0,77,77,0.385,0
651,0,1,0,4,8,False,191,0,175,175,0.875,0
652,0,1,0,4,7,False,81,0,137,137,0.685,0
653,0,1,0,4,7,False,11,0,60,60,0.3,0
654,0,1,0,4,10,False,160,1,106,362,1.81,0
655,0,1,0,4,8,False,155,3,186,954,4.77,0
656,0,1,0,4,7,False,72,0,176,176,0.88,0
657,0,1,0,4,8,False,10,1,125,381,1.905,0
658,0,1,0,4,7,False,225,1,72,328,1.64,0
659,0,1,0,4,8,False,148,1,15,271,1.355,0
660,0,1,0,4,10,False,221,0,251,251,1.255,0
661,0,1,0,4,8,False,249,1,124,380,1.9,0
662,0,1,0,4,11,False,183,0,73,73,0.365,0
663,0,1,0,4,8,False,143,1,181,437,2.185,0
664,0,1,0,4,6,False,11,0,76,76,0.38,0
665,0,1,0,4,8,False,25,0,212,212,1.06,0
666,0,1,0,4,7,False,155,0,84,84,0.42,0
667,0,1,0,4,8,False,131,1,110,366,1.83,0
668,0,1,0,4,10,False,11,0,83,83,0.415,0
669,0,1,0,4,7,False,254,0,69,69,0.345,0
670,0,1,0,4,11,False,148,5,161,1441,7.205,0
671,0,1,0,4,7,False,156,0,239,239,1.195,0
672,0,1,0,4,7,False,244,0,87,87,0.435,0
673,0,1,0,4,8,False,242,4,198,1222,6.11,0
674,0,1,0,4,11,False,126,0,81,81,0.405,0
675,0,1,0,4,7,False,104,0,23,23,0.115,0
676,0,1,0,4,13,False,249,7,56,1848,9.24,0
677,0,1,0,4,7,False,172,0,116,116,0.58,0
678,0,1,0,4,7,False,131,0,182,182,0.91,0
679,0,1,0,4,8,False,123,7,91,1883,9.415,0
680,0,1,0,4,7,False,254,0,112,112,0.56,0
681,0,1,0,4,8,False,202,9,8,2312,11.56,0
682,0,1,0,4,10,False,62,0,87,87,0.435,0
683,0,1,0,4,8,False,125,1,166,422,2.11,0
684,0,1,0,4,9,False,157,0,62,62,0.31,0
685,0,1,0,4,8,False,225,0,202,202,1.01,0
686,0,1,0,4,7,False,115,1,227,483,2.415,0
687,0,1,0,4,8,False,92,0,237,237,1.185,0
688,0,1,0,4,7,False,172,0,237,237,1.185,0
689,0,1,0,4,8,False,207,1,185,441,2.205,0
690,0,1,0,4,9,False,172,0,78,78,0.39,0
691,0,1,0,4,7,False,33,0,165,165,0.825,0
692,0,1,0,4,10,False,172,0,165,165,0.825,0
693,0,1,0,4,8,False,181,5,123,1403,7.015,0
694,0,1,0,4,7,False,97,0,93,93,0.465,0
695,0,1,0,4,8,False,219,6,152,1688,8.44,0
696,0,1,0,4,11,False,226,1,75,331,1.655,0
697,0,1,0,4,8,False,166,0,234,234,1.17,0
698,0,1,0,4,13,False,130,7,134,1926,9.63,0
699,0,1,0,4,8,False,33,0,139,139,0.695,0
700,0,1,0,4,7,False,213,1,21,277,1.385,0
701,0,1,0,4,8,False,105,1,236,492,2.46,0
702,0,1,0,4,7,False,32,2,17,529,2.645,0
703,0,1,0,4,8,False,228,0,229,229,1.145,0
704,0,1,0,4,7,False,177,0,123,123,0.615,0
705,0,1,0,4,8,False,118,2,39,551,2.755,0
706,0,1,0,4,11,False,181,12,182,3254,16.27,0
707,0,1,0,4,7,False,148,0,58,58,0.29,0
708,0,1,0,4,7,False,166,1,122,378,1.89,0
709,0,1,0,4,7,False,106,0,60,60,0.3,0
710,0,1,0,4,11,False,166,3,83,851,4.255,0
711,0,1,0,4,7,False,163,0,83,83,0.415,0
712,0,1,0,4,7,False,112,1,42,298,1.49,0
713,0,1,0,4,7,False,72,1,36,292,1.46,0
714,0,1,0,4,11,False,229,3,13,781,3.905,0
715,0,1,0,4,7,False,162,0,71,71,0.355,0
716,0,1,0,4,7,False,73,1,233,489,2.445,0
717,0,1,0,4,7,False,34,0,66,66,0.33,0
718,0,1,0,4,11,False,148,6,79,1615,8.075,0
719,0,1,0,4,7,False,130,0,81,81,0.405,0
720,0,1,0,4,7,False,102,0,187,187,0.935,0
721,0,1,0,4,8,False,54,0,23,23,0.115,0
722,0,1,0,4,6,False,175,0,221,221,1.105,0
723,0,1,0,4,7,False,129,0,71,71,0.355,0
724,0,1,0,4,6,False,72,0,140,140,0.7,0
725,0,1,0,4,8,False,226,2,165,677,3.385,0
726,0,1,0,4,7,False,162,0,156,156,0.78,0
727,0,1,0,4,8,False,139,1,91,347,1.735,0
728,0,1,0,4,4,False,7,2,0,512,2.56,0
729,0,1,0,4,7,False,220,0,87,87,0.435,0
730,0,1,0,4,3,True,0,0,4,4,0.02,0
731,0,1,0,4,8,False,64,3,49,817,4.085,0
732,0,1,0,4,55,True,182,6,2,1538,7.69,0
733,0,1,0,4,8,False,223,0,217,217,1.085,0
734,0,1,1,0,0,False,0,0,0,0,0.0,0
735,0,1,0,4,7,False,38,1,47,303,1.515,0
736,0,1,27,5,0,False,64,9,221,2525,12.625,4
737,0,1,0,4,8,False,148,3,235,1003,5.015,0
738,0,1,23,0,0,False,0,0,0,0,0.0,0
739,0,1,0,4,8,False,33,2,49,561,2.805,0
740,0,1,0,4,6,False,45,1,33,289,1.445,0
741,0,1,0,4,8,False,70,1,36,292,1.46,0
742,0,1,0,4,5,False,4,5,230,1510,7.55,0
743,0,1,0,4,8,False,153,0,142,142,0.71,0
744,0,1,0,0,0,False,0,0,0,0,0.0,0
745,0,1,0,4,8,False,101,0,244,244,1.22,0
746,0,1,12,0,0,False,0,0,0,0,0.0,0
747,0,1,0,4,8,False,171,2,149,661,3.305,0
748,0,1,0,4,8,False,40,0,147,147,0.735,0
749,0,1,0,4,8,False,218,0,244,244,1.22,0
750,0,1,0,4,9,False,118,0,235,235,1.175,0
751,0,1,0,4,8,False,75,1,120,376,1.88,0
752,0,1,0,4,9,False,160,0,101,101,0.505,0
753,0,1,0,4,7,False,213,1,72,328,1.64,0
754,0,1,0,4,9,False,82,0,170,170,0.85,0
755,0,1,0,4,7,False,5,0,58,58,0.29,0
756,0,1,0,4,5,False,128,0,79,79,0.395,0
757,0,1,0,4,8,False,141,6,11,1547,7.735,0
758,0,1,0,4,6,False,128,0,213,213,1.065,0
759,0,1,0,4,7,False,249,0,45,45,0.225,0
760,0,1,0,4,7,False,213,0,161,161,0.805,0
761,0,1,0,4,8,False,93,4,76,1100,5.5,0
762,0,1,0,4,9,False,54,7,244,2036,10.18,0
763,0,1,0,4,8,False,248,2,39,551,2.755,0
764,0,1,1,3,25,False,0,9,0,2304,11.52,0
765,0,1,0,4,8,False,146,2,57,569,2.845,0
766,0,1,0,4,11,False,223,2,246,758,3.79,0
767,0,1,0,4,8,False,205,3,137,905,4.525,0
768,0,1,0,6,31,True,4,9,66,2370,11.85,54529
769,0,1,0,4,8,False,46,0,166,166,0.83,0
770,0,1,0,4,9,False,215,2,151,663,3.315,0
771,0,1,0,4,7,False,131,0,187,187,0.935,0
772,0,1,0,1,60,True,0,0,0,0,0.0,0
773,0,1,0,4,8,False,88,4,89,1113,5.565,0
774,0,1,0,4,8,False,223,0,201,201,1.005,0
775,0,1,0,4,7,False,131,0,80,80,0.4,0
776,0,1,0,4,6,False,132,0,70,70,0.35,0
777,0,1,0,4,8,False,67,4,122,1146,5.73,0
778,0,1,0,4,7,False,131,0,165,165,0.825,0
779,0,1,0,4,7,False,72,0,79,79,0.395,0
780,0,1,0,4,9,False,66,7,43,1835,9.175,0
781,0,1,0,4,7,False,6,0,204,204,1.02,0
782,0,1,0,4,6,False,72,0,94,94,0.47,0
783,0,1,0,4,8,False,251,4,230,1254,6.27,0
784,0,1,0,4,7,False,67,0,65,65,0.325,0
785,0,1,0,4,8,False,214,1,178,434,2.17,0
786,0,1,0,6,61,True,4,8,3,2051,10.255,11008
787,0,1,0,4,7,False,70,0,131,131,0.655,0
788,0,1,0,7,32,False,5,3,0,768,3.84,13369394
789,0,1,0,4,7,False,234,1,26,282,1.41,0
790,0,1,1,0,0,False,0,0,0,0,0.0,0
791,0,1,0,4,8,False,155,8,237,2285,11.425,0
792,0,1,0,4,6,False,235,1,172,428,2.14,0
793,0,1,0,4,8,False,203,0,79,79,0.395,0
794,0,1,0,1,21,True,0,0,0,0,0.0,0
795,0,1,0,4,7,False,84,0,60,60,0.3,0
796,0,1,0,4,7,False,235,1,1,257,1.285,0
797,0,1,0,4,7,False,154,0,131,131,0.655,0
798,0,1,20,5,4,False,9,6,5,1541,7.705,210
799,0,1,0,4,8,False,3,7,130,1922,9.61,0
800,0,1,18,2,0,False,137,0,0,0,0.0,0
801,0,1,0,4,7,False,90,0,83,83,0.415,0
802,0,1,0,3,4,False,9,9,0,2304,11.52,0
803,0,1,0,4,8,False,217,3,236,1004,5.02,0
804,0,1,1,0,0,False,0,0,0,0,0.0,0
805,0,1,0,4,7,False,20,0,57,57,0.285,0
806,0,1,0,4,4,False,4,6,90,1626,8.13,0
807,0,1,0,4,8,False,156,2,132,644,3.22,0
808,0,1,0,4,4,False,5,10,1,2561,12.805,0
809,0,1,0,4,8,False,8,1,162,418,2.09,0
810,0,1,11,7,4,False,10,9,6,2310,11.55,656602
811,0,1,0,4,8,False,100,1,4,260,1.3,0
812,0,1,2,4,0,False,194,4,9,1033,5.165,0
813,0,1,0,4,9,False,50,14,118,3702,18.51,0
814,0,1,13,0,0,False,0,0,0,0,0.0,0
815,0,1,0,4,8,False,146,1,47,303,1.515,0
816,0,1,0,0,0,False,0,0,0,0,0.0,0
817,0,1,0,4,8,False,233,0,158,158,0.79,0
818,0,1,6,4,4,False,10,14,2,3586,17.93,0
819,0,1,0,4,9,False,48,4,38,1062,5.31,0
820,0,1,17,3,4,False,9,3,0,768,3.84,0
821,0,1,0,4,8,False,77,0,58,58,0.29,0
822,0,1,0,1,10,False,0,0,0,0,0.0,0
823,0,1,0,4,7,False,252,0,60,60,0.3,0
824,0,1,0,4,9,False,247,0,223,223,1.115,0
825,0,1,0,4,8,False,124,3,217,985,4.925,0
826,0,1,0,4,10,False,220,0,140,140,0.7,0
827,0,1,0,4,7,False,204,0,53,53,0.265,0
828,0,1,0,4,11,False,88,4,200,1224,6.12,0
829,0,1,0,4,7,False,60,0,59,59,0.295,0
830,0,1,0,4,6,False,253,0,99,99,0.495,0
831,0,1,0,4,7,False,219,0,103,103,0.515,0
832,0,1,0,4,9,False,253,0,93,93,0.465,0
833,0,1,0,4,8,False,114,11,34,2850,14.25,0
834,0,1,0,4,10,False,81,6,206,1742,8.71,0
835,0,1,0,4,8,False,177,2,241,753,3.765,0
836,0,1,0,4,10,False,198,2,204,716,3.58,0
837,0,1,0,4,8,False,92,1,16,272,1.36,0
838,0,1,0,4,10,False,63,7,100,1892,9.46,0
839,0,1,0,4,8,False,202,3,19,787,3.935,0
840,0,1,0,4,10,False,148,3,104,872,4.36,0
841,0,1,0,4,7,False,203,0,123,123,0.615,0
842,0,1,0,4,6,False,172,0,87,87,0.435,0
843,0,1,0,4,8,False,138,5,245,1525,7.625,0
844,0,1,0,4,10,False,165,5,125,1405,7.025,0
845,0,1,0,4,7,False,225,0,116,116,0.58,0
846,0,1,0,4,6,False,204,0,109,109,0.545,0
847,0,1,0,4,8,False,140,2,30,542,2.71,0
848,0,1,0,4,9,False,203,1,30,286,1.43,0
849,0,1,0,4,7,False,254,0,48,48,0.24,0
850,0,1,0,4,10,False,218,4,110,1134,5.67,0
851,0,1,0,4,8,False,160,3,61,829,4.145,0
852,0,1,0,4,11,False,236,14,12,3596,17.98,0
853,0,1,0,4,8,False,198,1,211,467,2.335,0
854,0,1,0,4,0,False,4,10,117,2677,13.385,0
855,0,1,0,4,8,False,120,2,117,629,3.145,0
856,0,1,0,0,0,False,0,0,0,0,0.0,0
857,0,1,0,4,7,False,185,1,17,273,1.365,0
858,0,1,31,6,2,False,15,4,4,1028,5.14,1249
859,0,1,0,4,8,False,40,7,133,1925,9.625,0
860,0,1,1,1,46,True,0,0,0,0,0.0,0
861,0,1,0,0,0,False,0,0,0,0,0.0,0
862,0,1,0,2,5,True,2,0,0,0,0.0,0
863,0,1,0,0,0,False,0,0,0,0,0.0,0
864,0,1,18,0,0,False,0,0,0,0,0.0,0
865,0,1,0,7,5,True,4,7,232,2024,10.12,275968
866,0,1,5,6,6,False,223,2,8,520,2.6,65029
867,0,1,0,0,0,False,0,0,0,0,0.0,0
868,0,1,0,4,7,False,185,0,219,219,1.095,0
869,0,1,0,0,0,False,0,0,0,0,0.0,0
870,0,1,0,1,4,False,0,0,0,0,0.0,0
871,0,1,0,3,26,False,4,8,0,2048,10.24,0
872,0,1,1,1,62,False,0,0,0,0,0.0,0
873,0,1,0,6,1,False,243,4,8,1032,5.16,636
874,0,1,0,6,7,True,6,4,237,1261,6.305,2305
875,0,1,0,3,4,False,8,12,0,3072,15.36,0
876,0,1,9,2,1,False,13,0,0,0,0.0,0
877,0,1,0,1,14,True,0,0,0,0,0.0,0
878,0,1,0,4,8,False,232,6,2,1538,7.69,0
879,0,1,0,4,7,False,87,0,58,58,0.29,0
880,0,1,0,2,40,True,2,0,0,0,0.0,0
881,0,1,0,4,7,False,190,0,110,110,0.55,0
882,0,1,0,1,4,False,0,0,0,0,0.0,0
883,0,1,0,4,8,False,71,5,27,1307,6.535,0
884,0,1,1,1,51,True,0,0,0,0,0.0,0
885,0,1,0,4,9,False,181,12,86,3158,15.79,0
886,0,1,0,0,0,False,0,0,0,0,0.0,0
887,0,1,0,4,7,False,192,0,52,52,0.26,0
888,0,1,30,4,4,False,8,7,1,1793,8.965,0
889,0,1,0,4,7,False,60,0,182,182,0.91,0
890,0,1,8,1,4,False,0,0,0,0,0.0,0
891,0,1,0,4,8,False,149,6,25,1561,7.805,0
892,0,1,1,0,0,False,0,0,0,0,0.0,0
893,0,1,0,4,8,False,240,1,61,317,1.585,0
894,0,1,15,5,0,False,210,4,8,1032,5.16,65
895,0,1,0,4,8,False,28,0,72,72,0.36,0
896,0,1,0,0,0,False,0,0,0,0,0.0,0
897,0,1,0,4,8,False,175,0,245,245,1.225,0
898,0,1,24,4,4,False,6,1,0,256,1.28,0
899,0,1,0,4,8,False,251,0,85,85,0.425,0
900,0,1,1,7,4,False,5,12,0,3072,15.36,525481
901,0,1,0,4,8,False,112,0,172,172,0.86,0
902,0,1,26,7,2,False,68,4,10,1034,5.17,12059244
903,0,1,0,4,7,False,249,0,103,103,0.515,0
904,0,1,0,4,9,False,219,3,215,983,4.915,0
905,0,1,0,4,8,False,200,3,175,943,4.715,0
906,0,1,0,4,9,False,249,0,124,124,0.62,0
907,0,1,0,4,8,False,48,0,163,163,0.815,0
908,0,1,0,4,9,False,197,1,7,263,1.315,0
909,0,1,0,4,8,False,142,2,48,560,2.8,0
910,0,1,0,4,10,False,67,0,183,183,0.915,0
911,0,1,0,4,7,False,250,0,132,132,0.66,0
912,0,1,0,4,9,False,143,1,8,264,1.32,0
913,0,1,0,4,7,False,133,0,115,115,0.575,0
914,0,1,0,4,5,False,239,0,96,96,0.48,0
915,0,1,0,4,7,False,201,0,64,64,0.32,0
916,0,1,0,4,5,False,62,0,68,68,0.34,0
917,0,1,0,4,8,False,123,10,223,2783,13.915,0
918,0,1,25,7,49,True,0,4,7,1031,5.155,695791
919,0,1,0,4,8,False,222,1,190,446,2.23,0
920,0,1,17,3,4,False,10,9,0,2304,11.52,0
921,0,1,0,4,8,False,154,1,220,476,2.38,0
922,0,1,0,7,16,True,4,8,201,2249,11.245,276741
923,0,1,0,4,9,False,18,10,64,2624,13.12,0
924,0,1,1,1,47,True,0,0,0,0,0.0,0
925,0,1,0,4,8,False,82,1,94,350,1.75,0
926,0,1,0,1,17,True,0,0,0,0,0.0,0
927,0,1,0,4,8,False,255,1,133,389,1.945,0
928,0,1,0,4,9,False,139,4,133,1157,5.785,0
929,0,1,0,4,8,False,30,0,65,65,0.325,0
930,0,1,0,4,9,False,168,0,204,204,1.02,0
931,0,1,0,4,8,False,158,0,41,41,0.205,0
932,0,1,0,4,9,False,255,1,27,283,1.415,0
933,0,1,0,4,8,False,50,1,127,383,1.915,0
934,0,1,0,4,9,False,157,0,102,102,0.51,0
935,0,1,0,4,7,False,52,0,64,64,0.32,0
936,0,1,0,4,10,False,50,12,248,3320,16.6,0
937,0,1,0,4,8,False,183,0,255,255,1.275,0
938,0,1,0,4,5,False,52,0,86,86,0.43,0
939,0,1,0,4,8,False,127,1,110,366,1.83,0
940,0,1,0,4,6,False,52,0,74,74,0.37,0
941,0,1,0,4,7,False,241,0,229,229,1.145,0
942,0,1,0,4,9,False,123,3,135,903,4.515,0
943,0,1,0,4,8,False,97,4,45,1069,5.345,0
944,0,1,0,4,5,False,242,0,49,49,0.245,0
945,0,1,0,4,7,False,167,0,84,84,0.42,0
946,0,1,0,4,9,False,93,3,132,900,4.5,0
947,0,1,0,4,7,False,38,0,63,63,0.315,0
948,0,1,0,4,5,False,167,0,80,80,0.4,0
949,0,1,0,4,7,False,192,0,244,244,1.22,0
950,0,1,0,4,7,False,167,0,79,79,0.395,0
951,0,1,0,4,8,False,240,8,147,2195,10.975,0
952,0,1,0,4,5,False,117,0,92,92,0.46,0
953,0,1,0,4,8,False,181,3,15,783,3.915,0
954,0,1,0,4,6,False,193,0,102,102,0.51,0
955,0,1,0,4,8,False,235,4,206,1230,6.15,0
956,0,1,0,4,7,False,193,0,61,61,0.305,0
957,0,1,0,4,7,False,117,0,33,33,0.165,0
958,0,1,0,4,9,False,241,12,8,3080,15.4,0
959,0,1,0,4,7,False,254,0,125,125,0.625,0
960,0,1,0,4,9,False,165,2,76,588,2.94,0
961,0,1,0,4,7,False,170,0,57,57,0.285,0
962,0,1,0,4,5,False,254,0,166,166,0.83,0
963,0,1,0,4,8,False,164,6,80,1616,8.08,0
964,0,1,0,2,0,False,81,0,0,0,0.0,0
965,0,1,0,4,7,False,148,0,62,62,0.31,0
966,0,1,0,1,4,False,0,0,0,0,0.0,0
967,0,1,0,4,8,False,254,2,126,638,3.19,0
968,0,1,0,4,54,False,0,1,68,324,1.62,0
969,0,1,0,4,7,False,111,1,66,322,1.61,0
970,0,1,0,3,51,True,1,1,0,256,1.28,0
971,0,1,0,4,8,False,188,3,179,947,4.735,0
972,0,1,29,1,0,False,0,0,0,0,0.0,0
973,0,1,0,4,7,False,77,0,120,120,0.6,0
974,0,1,20,5,9,False,184,1,0,256,1.28,70
975,0,1,0,4,7,False,175,0,54,54,0.27,0
976,0,1,0,0,0,False,0,0,0,0,0.0,0
977,0,1,0,4,8,False,227,6,247,1783,8.915,0
978,0,1,12,3,4,False,7,6,0,1536,7.68,0
979,0,1,0,4,9,False,102,12,119,3191,15.955,0
980,0,1,0,0,0,False,0,0,0,0,0.0,0
981,0,1,0,4,8,False,140,0,80,80,0.4,0
982,0,1,23,4,44,True,111,15,4,3844,19.22,0
983,0,1,0,4,9,False,32,1,117,373,1.865,0
984,0,1,26,2,9,False,188,0,0,0,0.0,0
985,0,1,0,4,7,False,140,0,78,78,0.39,0
986,0,1,0,0,0,False,0,0,0,0,0.0,0
987,0,1,0,4,8,False,234,4,47,1071,5.355,0
988,0,1,9,6,41,False,195,10,69,2629,13.145,196
989,0,1,0,4,8,False,65,1,221,477,2.385,0
990,0,1,7,3,4,False,7,12,0,3072,15.36,0
991,0,1,0,4,8,False,145,1,18,274,1.37,0
992,0,1,0,0,0,False,0,0,0,0,0.0,0
993,0,1,0,4,7,False,75,0,143,143,0.715,0
994,0,1,8,0,0,False,0,0,0,0,0.0,0
995,0,1,0,4,8,False,98,3,134,902,4.51,0
996,0,1,0,5,15,False,146,4,103,1127,5.635,69
997,0,1,0,4,7,False,149,0,62,62,0.31,0
998,0,1,0,1,44,False,0,0,0,0,0.0,0
999,0,1,0,4,8,False,31,3,4,772,3.86,0
1000,0,1,1,2,44,True,0,0,0,0,0.0,0
1001,0,1,0,4,8,False,158,0,152,152,0.76,0
1002,0,1,0,4,1,False,4,9,140,2444,12.22,0
1003,0,1,0,4,8,False,9,0,215,215,1.075,0
1004,0,1,0,4,4,False,9,10,32,2592,12.96,0
1005,0,1,0,4,8,False,148,1,62,318,1.59,0
1006,0,1,0,2,19,True,59,0,0,0,0.0,0
1007,0,1,0,4,7,False,203,0,106,106,0.53,0
1008,0,1,8,5,7,False,4,0,0,0,0.0,210
1009,0,1,0,4,8,False,66,5,184,1464,7.32,0
1010,0,1,5,4,7,False,38,1,206,462,2.31,0
1011,0,1,0,4,7,False,132,0,102,102,0.51,0
1012,0,1,0,1,4,False,0,0,0,0,0.0,0
1013,0,1,0,4,8,False,78,5,57,1337,6.685,0
1014,0,1,0,2,12,False,4,0,0,0,0.0,0
1015,0,1,0,4,7,False,81,0,73,73,0.365,0
1016,0,1,0,4,5,True,0,4,8,1032,5.16,0
1017,0,1,0,4,8,False,223,8,197,2245,11.225,0
1018,0,1,0,4,59,True,4,8,199,2247,11.235,0
1019,0,1,0,4,8,False,56,1,43,299,1.495,0
1020,0,1,0,7,1,False,244,4,6,1030,5.15,458833
1021,0,1,0,4,8,False,227,3,92,860,4.3,0
1022,0,1,0,4,7,False,81,0,160,160,0.8,0
1023,0,1,0,4,7,False,62,0,106,106,0.53,0
1024,0,1,9,0,0,False,0,0,0,0,0.0,0
1025,0,1,0,4,7,False,250,0,166,166,0.83,0
1026,0,1,0,4,10,False,26,0,206,206,1.03,0
1027,0,1,0,4,8,False,127,9,167,2471,12.355,0
1028,0,1,0,4,5,False,250,0,118,118,0.59,0
1029,0,1,0,4,8,False,53,2,77,589,2.945,0
1030,0,1,0,4,6,False,250,0,79,79,0.395,0
1031,0,1,0,4,7,False,54,0,253,253,1.265,0
1032,0,1,0,4,7,False,54,0,233,233,1.165,0
1033,0,1,0,4,8,False,131,8,118,2166,10.83,0
1034,0,1,0,4,9,False,4,4,5,1029,5.145,0
1035,0,1,0,4,9,False,255,7,48,1840,9.2,0
1036,0,1,11,2,6,False,55,0,0,0,0.0,0
1037,0,1,0,4,8,False,106,1,111,367,1.835,0
1038,0,1,0,0,0,False,0,0,0,0,0.0,0
1039,0,1,0,4,8,False,206,0,243,243,1.215,0
1040,0,1,23,6,1,False,0,2,4,516,2.58,1099
1041,0,1,0,4,8,False,222,0,98,98,0.49,0
1042,0,1,1,1,15,True,0,0,0,0,0.0,0
1043,0,1,0,4,7,False,56,0,84,84,0.42,0
1044,0,1,1,6,14,True,4,5,233,1513,7.565,2304
1045,0,1,0,4,8,False,45,3,71,839,4.195,0
1046,0,1,19,0,0,False,0,0,0,0,0.0,0
1047,0,1,0,4,8,False,120,6,11,1547,7.735,0
1048,0,1,0,2,42,True,4,0,0,0,0.0,0
1049,0,1,0,4,8,False,215,1,34,290,1.45,0
1050,0,1,1,2,15,True,1,0,0,0,0.0,0
1051,0,1,0,4,8,False,118,1,97,353,1.765,0
1052,0,1,22,3,1,False,172,11,0,2816,14.08,0
1053,0,1,0,4,7,False,176,1,29,285,1.425,0
1054,0,1,0,4,9,False,7,10,1,2561,12.805,0
1055,0,1,0,4,8,False,55,4,57,1081,5.405,0
1056,0,1,0,4,54,False,4,4,5,1029,5.145,0
1057,0,1,0,4,8,False,99,0,165,165,0.825,0
1058,0,1,22,4,20,False,2,6,180,1716,8.58,0
1059,0,1,0,4,7,False,248,0,157,157,0.785,0
1060,0,1,0,0,0,False,0,0,0,0,0.0,0
1061,0,1,0,4,7,False,81,0,69,69,0.345,0
1062,0,1,8,1,4,False,0,0,0,0,0.0,0
1063,0,1,0,4,8,False,194,4,157,1181,5.905,0
1064,0,1,0,7,52,True,0,10,248,2808,14.04,461568
1065,0,1,0,4,8,False,246,0,128,128,0.64,0
1066,0,1,0,4,9,False,1,0,188,188,0.94,0
1067,0,1,0,4,8,False,182,1,153,409,2.045,0
1068,0,1,0,0,0,False,0,0,0,0,0.0,0
1069,0,1,0,4,8,False,65,0,204,204,1.02,0
1070,0,1,0,4,10,False,86,15,184,4024,20.12,0
1071,0,1,0,4,9,False,95,11,55,2871,14.355,0
1072,0,1,0,3,52,True,1,7,0,1792,8.96,0
1073,0,1,0,4,7,False,182,0,114,114,0.57,0
1074,0,1,0,4,18,True,6,9,10,2314,11.57,0
1075,0,1,0,4,8,False,86,2,176,688,3.44,0
1076,0,1,10,6,10,True,3,5,113,1393,6.965,63234
1077,0,1,0,4,8,False,197,0,156,156,0.78,0
1078,0,1,0,4,11,False,232,2,84,596,2.98,0
1079,0,1,0,4,8,False,48,0,63,63,0.315,0
1080,0,1,0,4,60,True,114,0,231,231,1.155,0
1081,0,1,0,4,7,False,155,0,81,81,0.405,0
1082,0,1,0,4,11,False,87,6,234,1770,8.85,0
1083,0,1,0,4,8,False,95,4,23,1047,5.235,0
1084,0,1,0,4,7,False,191,1,48,304,1.52,0
1085,0,1,0,4,7,False,95,0,65,65,0.325,0
1086,0,1,0,4,11,False,60,1,117,373,1.865,0
1087,0,1,0,4,8,False,45,1,105,361,1.805,0
1088,0,1,0,4,12,False,89,1,192,448,2.24,0
1089,0,1,0,4,8,False,174,0,150,150,0.75,0
1090,0,1,0,4,11,False,44,0,116,116,0.58,0
1091,0,1,0,4,8,False,83,2,52,564,2.82,0
1092,0,1,0,4,11,False,154,2,228,740,3.7,0
1093,0,1,0,4,8,False,236,0,145,145,0.725,0
1094,0,1,0,4,7,False,95,2,190,702,3.51,0
1095,0,1,0,4,8,False,153,0,151,151,0.755,0
1096,0,1,0,4,10,False,32,1,5,261,1.305,0
1097,0,1,0,4,7,False,200,0,70,70,0.35,0
1098,0,1,0,4,7,False,41,0,148,148,0.74,0
1099,0,1,0,4,8,False,119,3,53,821,4.105,0
1100,0,1,0,4,13,False,95,4,128,1152,5.76,0
1101,0,1,0,4,8,False,184,1,197,453,2.265,0
1102,0,1,0,4,11,False,84,2,55,567,2.835,0
1103,0,1,0,4,8,False,146,1,184,440,2.2,0
1104,0,1,0,4,14,False,236,10,133,2693,13.465,0
1105,0,1,0,4,8,False,229,0,219,219,1.095,0
1106,0,1,0,4,11,False,153,1,196,452,2.26,0
1107,0,1,0,4,8,False,192,0,230,230,1.15,0
1108,0,1,0,4,11,False,200,2,122,634,3.17,0
1109,0,1,0,4,8,False,91,2,136,648,3.24,0
1110,0,1,0,4,7,False,109,0,59,59,0.295,0
1111,0,1,0,4,8,False,203,4,184,1208,6.04,0
1112,0,1,0,4,11,False,184,2,163,675,3.375,0
1113,0,1,0,4,8,False,116,1,81,337,1.685,0
1114,0,1,0,4,7,False,156,0,86,86,0.43,0
1115,0,1,0,4,7,False,170,0,180,180,0.9,0
1116,0,1,0,4,13,False,189,0,88,88,0.44,0
1117,0,1,0,4,8,False,46,7,33,1825,9.125,0
1118,0,1,0,4,34,True,1,11,4,2820,14.1,0
1119,0,1,0,4,8,False,176,1,33,289,1.445,0
1120,0,1,0,4,17,False,1,4,4,1028,5.14,0
1121,0,1,0,4,8,False,248,1,150,406,2.03,0
1122,0,1,1,1,10,False,0,0,0,0,0.0,0
1123,0,1,0,4,8,False,121,1,26,282,1.41,0
1124,0,1,5,7,4,False,4,9,10,2314,11.57,9706874
1125,0,1,0,4,8,False,196,0,64,64,0.32,0
1126,0,1,31,7,0,False,160,4,4,1028,5.14,13173001
1127,0,1,0,4,8,False,88,1,57,313,1.565,0
1128,0,1,0,4,9,False,181,4,9,1033,5.165,0
1129,0,1,0,4,7,False,181,0,157,157,0.785,0
1130,0,1,0,5,46,True,0,5,4,1284,6.42,4
1131,0,1,1,0,0,False,0,0,0,0,0.0,0
1132,0,1,21,6,4,False,247,6,170,1706,8.53,39424
1133,0,1,0,4,10,False,174,4,8,1032,5.16,0
1134,0,1,29,0,0,False,0,0,0,0,0.0,0
1135,0,1,0,1,28,False,0,0,0,0,0.0,0
1136,0,1,0,0,0,False,0,0,0,0,0.0,0
1137,0,1,0,4,7,False,104,0,70,70,0.35,0
1138,0,1,11,1,4,False,0,0,0,0,0.0,0
1139,0,1,0,4,8,False,237,2,227,739,3.695,0
1140,0,1,1,1,42,True,0,0,0,0,0.0,0
1141,0,1,0,4,8,False,9,0,96,96,0.48,0
1142,0,1,0,0,0,False,0,0,0,0,0.0,0
1143,0,1,0,4,9,False,93,4,133,1157,5.785,0
1144,0,1,7,3,4,False,9,14,0,3584,17.92,0
1145,0,1,0,4,9,False,135,0,77,77,0.385,0
1146,0,1,1,1,12,True,0,0,0,0,0.0,0
1147,0,1,0,4,7,False,23,0,152,152,0.76,0
1148,0,1,0,4,10,False,90,10,81,2641,13.205,0
1149,0,1,0,4,8,False,128,2,184,696,3.48,0
1150,0,1,0,4,10,False,10,1,30,286,1.43,0
1151,0,1,0,4,8,False,253,4,143,1167,5.835,0
1152,0,1,0,4,11,False,109,0,77,77,0.385,0
1153,0,1,0,4,8,False,139,1,85,341,1.705,0
1154,0,1,0,4,9,False,23,1,44,300,1.5,0
1155,0,1,0,4,8,False,215,1,4,260,1.3,0
1156,0,1,0,4,10,False,146,2,222,734,3.67,0
1157,0,1,0,4,8,False,85,1,160,416,2.08,0
1158,0,1,0,4,11,False,253,7,156,1948,9.74,0
1159,0,1,0,4,9,False,231,7,87,1879,9.395,0
1160,0,1,0,4,11,False,191,1,169,425,2.125,0
1161,0,1,0,4,8,False,91,1,118,374,1.87,0
1162,0,1,0,4,10,False,219,0,125,125,0.625,0
1163,0,1,0,4,9,False,192,13,119,3447,17.235,0
1164,0,1,0,4,11,False,85,4,86,1110,5.55,0
1165,0,1,0,4,8,False,80,0,249,249,1.245,0
1166,0,1,0,4,9,False,236,0,206,206,1.03,0
1167,0,1,0,4,8,False,156,0,214,214,1.07,0
1168,0,1,0,4,10,False,92,2,86,598,2.99,0
1169,0,1,0,4,8,False,47,2,62,574,2.87,0
1170,0,1,0,4,11,False,11,4,114,1138,5.69,0
1171,0,1,0,4,7,False,54,0,70,70,0.35,0
1172,0,1,0,4,11,False,124,1,202,458,2.29,0
1173,0,1,0,4,8,False,4,4,73,1097,5.485,0
1174,0,1,0,4,12,False,236,8,246,2294,11.47,0
1175,0,1,0,4,8,False,153,1,100,356,1.78,0
1176,0,1,0,4,10,False,127,2,204,716,3.58,0
1177,0,1,0,4,8,False,253,3,180,948,4.74,0
1178,0,1,0,4,10,False,127,4,130,1154,5.77,0
1179,0,1,0,4,8,False,137,0,207,207,1.035,0
1180,0,1,0,4,11,False,4,7,157,1949,9.745,0
1181,0,1,0,4,7,False,137,0,63,63,0.315,0
1182,0,1,0,4,10,False,154,1,249,505,2.525,0
1183,0,1,0,4,7,False,51,0,254,254,1.27,0
1184,0,1,0,4,26,True,4,10,246,2806,14.03,0
1185,0,1,0,4,8,False,169,5,20,1300,6.5,0
1186,0,1,0,0,0,False,0,0,0,0,0.0,0
1187,0,1,0,4,7,False,6,0,65,65,0.325,0
1188,0,1,23,0,0,False,0,0,0,0,0.0,0
1189,0,1,0,4,8,False,83,1,125,381,1.905,0
1190,0,1,0,2,51,True,4,0,0,0,0.0,0
1191,0,1,0,4,9,False,238,9,59,2363,11.815,0
1192,0,1,0,4,63,False,0,1,4,260,1.3,0
1193,0,1,0,4,7,False,62,0,80,80,0.4,0
1194,0,1,0,7,53,False,0,10,4,2564,12.82,78601
1195,0,1,0,4,8,False,209,3,141,909,4.545,0
1196,0,1,11,0,0,False,0,0,0,0,0.0,0
1197,0,1,0,4,7,False,40,0,48,48,0.24,0
1198,0,1,0,4,5,False,62,0,86,86,0.43,0
1199,0,1,0,4,8,False,180,4,59,1083,5.415,0
1200,0,1,0,4,9,False,63,0,71,71,0.355,0
1201,0,1,0,4,7,False,5,0,215,215,1.075,0
1202,0,1,0,4,10,False,205,1,212,468,2.34,0
1203,0,1,0,4,7,False,123,0,56,56,0.28,0
1204,0,1,0,4,9,False,63,0,16,16,0.08,0
1205,0,1,0,4,7,False,11,0,130,130,0.65,0
1206,0,1,0,4,10,False,255,2,248,760,3.8,0
1207,0,1,0,4,7,False,176,0,149,149,0.745,0
1208,0,1,0,4,6,False,6,0,174,174,0.87,0
1209,0,1,0,4,8,False,16,13,164,3492,17.46,0
1210,0,1,0,4,6,False,192,0,75,75,0.375,0
1211,0,1,0,4,8,False,182,0,188,188,0.94,0
1212,0,1,0,4,9,False,255,1,143,399,1.995,0
1213,0,1,0,4,8,False,90,1,58,314,1.57,0
1214,0,1,0,4,10,False,18,11,108,2924,14.62,0
1215,0,1,0,4,8,False,223,1,12,268,1.34,0
1216,0,1,0,4,11,False,106,11,134,2950,14.75,0
1217,0,1,0,4,8,False,120,3,100,868,4.34,0
1218,0,1,0,4,10,False,5,0,97,97,0.485,0
1219,0,1,0,4,8,False,175,6,31,1567,7.835,0
1220,0,1,0,4,11,False,5,0,178,178,0.89,0
1221,0,1,0,4,9,False,109,13,66,3394,16.97,0
1222,0,1,0,4,10,False,46,1,225,481,2.405,0
1223,0,1,0,4,7,False,205,0,85,85,0.425,0
1224,0,1,0,4,10,False,191,5,161,1441,7.205,0
1225,0,1,0,4,7,False,9,0,73,73,0.365,0
1226,0,1,0,4,9,False,192,0,223,223,1.115,0
1227,0,1,0,4,7,False,149,0,154,154,0.77,0
1228,0,1,0,4,11,False,174,9,91,2395,11.975,0
1229,0,1,0,4,8,False,81,8,15,2063,10.315,0
1230,0,1,0,4,9,False,10,0,75,75,0.375,0
1231,0,1,0,4,8,False,172,1,124,380,1.9,0
1232,0,1,0,4,6,False,153,0,99,99,0.495,0
1233,0,1,0,4,8,False,81,1,92,348,1.74,0
1234,0,1,0,4,9,False,148,0,236,236,1.18,0
1235,0,1,0,0,0,False,0,0,0,0,0.0,0
1236,0,1,0,4,10,False,103,6,191,1727,8.635,0
1237,0,1,0,1,1,False,0,0,0,0,0.0,0
1238,0,1,0,4,61,False,1,1,4,260,1.3,0
1239,0,1,0,4,4,False,7,1,0,256,1.28,0
1240,0,1,1,3,32,False,4,7,0,1792,8.96,0
1241,0,1,0,4,4,False,8,12,5,3077,15.385,0
1242,0,1,26,3,0,False,113,4,0,1024,5.12,0
1243,0,1,0,4,4,False,8,12,2,3074,15.37,0
1244,0,1,1,1,56,False,0,0,0,0,0.0,0
1245,0,1,0,7,4,False,7,1,0,256,1.28,459941
1246,0,1,0,3,16,False,4,9,0,2304,11.52,0
1247,0,1,0,5,0,False,61,4,8,1032,5.16,114
1248,0,1,11,6,4,False,7,11,230,3046,15.23,11524
1249,0,1,0,3,54,True,8,2,0,512,2.56,0
1250,0,1,0,2,60,False,4,0,0,0,0.0,0
1251,0,1,0,3,54,True,4,7,0,1792,8.96,0
1252,0,1,0,6,1,True,0,0,184,184,0.92,1028
1253,0,1,0,5,0,False,88,4,7,1031,5.155,140
1254,0,1,1,1,1,True,0,0,0,0,0.0,0
1255,0,1,0,0,0,False,0,0,0,0,0.0,0
1256,0,1,0,0,0,False,0,0,0,0,0.0,0
1257,0,1,0,6,4,False,8,12,6,3078,15.39,1141
1258,0,1,26,0,0,False,0,0,0,0,0.0,0
1259,0,1,0,0,0,False,0,0,0,0,0.0,0
1260,0,1,0,4,5,False,3,4,5,1029,5.145,0
1261,0,1,0,7,2,False,4,4,8,1032,5.16,13893925
1262,0,1,16,5,6,False,144,0,107,107,0.535,4
1263,0,1,0,4,7,False,79,0,77,77,0.385,0
1264,0,1,27,3,4,False,9,15,0,3840,19.2,0
1265,0,1,0,4,8,False,169,1,254,510,2.55,0
1266,0,1,0,1,11,False,0,0,0,0,0.0,0
1267,0,1,0,4,8,False,77,2,40,552,2.76,0
1268,0,1,0,4,10,False,107,6,128,1664,8.32,0
1269,0,1,0,4,8,False,153,3,62,830,4.15,0
1270,0,1,0,4,9,False,46,1,0,256,1.28,0
1271,0,1,0,4,8,False,31,2,25,537,2.685,0
1272,0,1,0,4,9,False,154,1,92,348,1.74,0
1273,0,1,0,4,8,False,117,0,160,160,0.8,0
1274,0,1,0,4,9,False,31,1,165,421,2.105,0
1275,0,1,0,4,9,False,46,1,7,263,1.315,0
1276,0,1,0,4,9,False,113,0,69,69,0.345,0
1277,0,1,0,4,8,False,76,2,81,593,2.965,0
1278,0,1,0,4,10,False,50,9,200,2504,12.52,0
1279,0,1,0,4,8,False,237,1,226,482,2.41,0
1280,0,1,0,4,9,False,94,1,7,263,1.315,0
1281,0,1,0,4,8,False,182,1,109,365,1.825,0
1282,0,1,0,4,9,False,233,1,66,322,1.61,0
1283,0,1,0,4,7,False,228,0,124,124,0.62,0
1284,0,1,0,4,9,False,182,1,152,408,2.04,0
1285,0,1,0,4,8,False,206,5,42,1322,6.61,0
1286,0,1,0,4,5,False,5,1,192,448,2.24,0
1287,0,1,0,4,8,False,198,2,3,515,2.575,0
1288,0,1,0,4,6,False,3,1,44,300,1.5,0
1289,0,1,0,4,8,False,70,0,103,103,0.515,0
1290,0,1,0,4,8,False,5,0,179,179,0.895,0
1291,0,1,0,4,8,False,12,1,16,272,1.36,0
1292,0,1,0,4,9,False,170,9,75,2379,11.895,0
1293,0,1,0,4,8,False,161,1,73,329,1.645,0
1294,0,1,0,4,9,False,214,0,100,100,0.5,0
1295,0,1,0,4,7,False,4,0,122,122,0.61,0
1296,0,1,0,4,9,False,161,0,252,252,1.26,0
1297,0,1,0,4,8,False,22,1,239,495,2.475,0
1298,0,1,0,4,9,False,11,2,7,519,2.595,0
1299,0,1,0,4,8,False,239,1,234,490,2.45,0
1300,0,1,0,4,9,False,92,3,35,803,4.015,0
1301,0,1,0,4,7,False,102,0,64,64,0.32,0
1302,0,1,0,4,9,False,175,2,82,594,2.97,0
1303,0,1,0,4,8,False,203,5,113,1393,6.965,0
1304,0,1,0,4,9,False,101,1,167,423,2.115,0
1305,0,1,0,4,8,False,36,1,86,342,1.71,0
1306,0,1,0,4,9,False,185,1,237,493,2.465,0
1307,0,1,0,4,8,False,185,0,217,217,1.085,0
1308,0,1,0,7,11,False,169,4,9,1033,5.165,656420
1309,0,1,0,4,8,False,56,1,162,418,2.09,0
1310,0,1,0,4,9,False,143,0,77,77,0.385,0
1311,0,1,0,4,8,False,169,4,22,1046,5.23,0
1312,0,1,23,2,2,False,45,0,0,0,0.0,0
1313,0,1,0,4,8,False,9,1,126,382,1.91,0
1314,0,1,17,7,3,False,67,4,10,1034,5.17,4000169
1315,0,1,0,4,8,False,137,0,247,247,1.235,0
1316,0,1,0,1,54,False,0,0,0,0,0.0,0
1317,0,1,0,4,7,False,254,0,77,77,0.385,0
1318,0,1,20,6,0,False,4,10,77,2637,13.185,62208
1319,0,1,0,4,8,False,121,3,172,940,4.7,0
1320,0,1,0,0,0,False,0,0,0,0,0.0,0
1321,0,1,0,4,8,False,26,3,86,854,4.27,0
1322,0,1,10,0,0,False,0,0,0,0,0.0,0
1323,0,1,0,4,8,False,93,0,114,114,0.57,0
1324,0,1,1,2,14,False,0,0,0,0,0.0,0
1325,0,1,0,4,7,False,130,0,67,67,0.335,0
1326,0,1,0,4,11,False,4,9,27,2331,11.655,0
1327,0,1,0,4,8,False,252,1,222,478,2.39,0
1328,0,1,0,1,8,True,0,0,0,0,0.0,0
1329,0,1,0,4,8,False,46,0,245,245,1.225,0
1330,0,1,0,4,5,False,131,0,165,165,0.825,0
1331,0,1,0,4,8,False,187,1,70,326,1.63,0
1332,0,1,0,4,8,False,181,2,159,671,3.355,0
1333,0,1,0,4,8,False,17,3,81,849,4.245,0
1334,0,1,0,4,8,False,254,0,207,207,1.035,0
1335,0,1,0,4,8,False,103,0,141,141,0.705,0
1336,0,1,0,4,8,False,126,0,199,199,0.995,0
1337,0,1,0,4,8,False,46,1,242,498,2.49,0
1338,0,1,0,4,8,False,53,1,17,273,1.365,0
1339,0,1,0,0,0,False,0,0,0,0,0.0,0
1340,0,1,0,4,8,False,187,0,104,104,0.52,0
1341,0,1,0,6,1,False,242,4,7,1031,5.155,157
1342,0,1,0,4,23,False,0,8,4,2052,10.26,0
1343,0,1,0,4,4,False,8,10,5,2565,12.825,0
1344,0,1,1,0,0,False,0,0,0,0,0.0,0
1345,0,1,0,5,4,False,8,6,1,1537,7.685,29
1346,0,1,22,7,4,False,9,3,1,769,3.845,10291064
1347,0,1,0,4,8,False,47,0,134,134,0.67,0
1348,0,1,0,0,0,False,0,0,0,0,0.0,0
1349,0,1,0,4,7,False,178,0,166,166,0.83,0
1350,0,1,20,3,4,False,4,7,0,1792,8.96,0
1351,0,1,0,4,8,False,170,1,250,506,2.53,0
1352,0,1,7,4,32,False,4,5,182,1462,7.31,0
1353,0,1,0,0,0,False,0,0,0,0,0.0,0
1354,0,1,0,0,0,False,0,0,0,0,0.0,0
1355,0,1,0,2,1,False,250,0,0,0,0.0,0
1356,0,1,25,5,4,False,4,7,183,1975,9.875,70
1357,0,1,0,4,7,False,187,0,154,154,0.77,0
1358,0,1,10,0,0,False,0,0,0,0,0.0,0
1359,0,1,0,4,7,False,21,0,253,253,1.265,0
1360,0,1,20,2,4,False,9,0,0,0,0.0,0
1361,0,1,0,4,7,False,116,0,70,70,0.35,0
1362,0,1,16,0,0,False,0,0,0,0,0.0,0
1363,0,1,0,4,8,False,250,6,30,1566,7.83,0
1364,0,1,0,3,0,False,187,0,0,0,0.0,0
1365,0,1,0,4,8,False,121,0,239,239,1.195,0
1366,0,1,10,7,0,True,140,4,9,1033,5.165,12256516
1367,0,1,0,4,8,False,45,1,210,466,2.33,0
1368,0,1,0,0,0,False,0,0,0,0,0.0,0
1369,0,1,0,4,7,False,148,0,70,70,0.35,0
1370,0,1,0,2,4,False,9,0,0,0,0.0,0
1371,0,1,0,4,8,False,44,3,152,920,4.6,0
1372,0,1,26,3,1,False,188,4,0,1024,5.12,0
1373,0,1,0,4,8,False,147,1,87,343,1.715,0
1374,0,1,1,1,28,True,0,0,0,0,0.0,0
1375,0,1,0,4,8,False,236,2,133,645,3.225,0
1376,0,1,1,1,15,False,0,0,0,0,0.0,0
1377,0,1,0,4,8,False,94,1,32,288,1.44,0
1378,0,1,0,0,0,False,0,0,0,0,0.0,0
1379,0,1,0,4,8,False,152,0,251,251,1.255,0
1380,0,1,20,7,4,False,9,15,1,3841,19.205,15598163
1381,0,1,0,4,7,False,199,0,77,77,0.385,0
1382,0,1,0,4,5,False,148,0,117,117,0.585,0
1383,0,1,0,4,8,False,136,3,249,1017,5.085,0
1384,0,1,0,4,25,True,4,4,10,1034,5.17,0
1385,0,1,0,4,7,False,199,0,3,3,0.015,0
1386,0,1,0,4,20,True,4,7,199,1991,9.955,0
1387,0,1,0,4,8,False,85,7,230,2022,10.11,0
1388,0,1,0,0,0,False,0,0,0,0,0.0,0
1389,0,1,0,4,7,False,204,0,76,76,0.38,0
1390,0,1,27,0,0,False,0,0,0,0,0.0,0
1391,0,1,0,4,8,False,23,4,249,1273,6.365,0
1392,0,1,0,4,9,False,199,7,70,1862,9.31,0
1393,0,1,0,4,8,False,103,2,40,552,2.76,0
1394,0,1,0,4,9,False,224,4,37,1061,5.305,0
1395,0,1,0,0,0,False,0,0,0,0,0.0,0
1396,0,1,10,1,3,False,0,0,0,0,0.0,0
1397,0,1,0,7,2,False,40,4,7,1031,5.155,10551302
1398,0,1,21,0,0,False,0,0,0,0,0.0,0
1399,0,1,0,4,7,False,139,0,105,105,0.525,0
1400,0,1,0,4,9,False,134,6,2,1538,7.69,0
1401,0,1,0,4,8,False,128,8,75,2123,10.615,0
1402,0,1,0,4,6,False,0,8,4,2052,10.26,0
1403,0,1,0,4,8,False,229,1,35,291,1.455,0
1404,0,1,31,1,4,False,0,0,0,0,0.0,0
1405,0,1,0,4,9,False,196,0,37,37,0.185,0
1406,0,1,0,6,9,False,220,1,140,396,1.98,38144
1407,0,1,0,4,8,False,16,2,103,615,3.075,0
1408,0,1,8,1,4,False,0,0,0,0,0.0,0
1409,0,1,0,4,8,False,21,1,118,374,1.87,0
1410,0,1,0,5,23,True,4,9,10,2314,11.57,4
1411,0,1,0,4,8,False,143,1,102,358,1.79,0
1412,0,1,0,2,3,False,0,0,0,0,0.0,0
1413,0,1,0,4,8,False,241,0,67,67,0.335,0
1414,0,1,30,2,4,False,3,0,0,0,0.0,0
1415,0,1,0,4,7,False,146,0,62,62,0.31,0
1416,0,1,0,4,10,False,21,9,1,2305,11.525,0
1417,0,1,0,4,8,False,223,2,41,553,2.765,0
1418,0,1,0,0,0,False,0,0,0,0,0.0,0
1419,0,1,0,4,8,False,206,0,155,155,0.775,0
1420,0,1,0,1,4,False,0,0,0,0,0.0,0
1421,0,1,0,4,8,False,58,0,89,89,0.445,0
1422,0,1,1,1,11,False,0,0,0,0,0.0,0
1423,0,1,0,4,8,False,147,1,118,374,1.87,0
1424,0,1,0,5,49,True,4,7,206,1998,9.99,3
1425,0,1,0,4,8,False,233,0,189,189,0.945,0
1426,0,1,0,3,4,False,9,3,0,768,3.84,0
1427,0,1,0,4,7,False,20,0,85,85,0.425,0
1428,0,1,0,1,34,True,0,0,0,0,0.0,0
1429,0,1,0,4,8,False,211,5,160,1440,7.2,0
1430,0,1,0,1,1,True,0,0,0,0,0.0,0
1431,0,1,0,4,7,False,249,0,51,51,0.255,0
1432,0,1,1,2,15,True,79,0,0,0,0.0,0
1433,0,1,0,4,7,False,89,0,69,69,0.345,0
1434,0,1,12,1,16,False,0,0,0,0,0.0,0
1435,0,1,0,4,7,False,206,0,55,55,0.275,0
1436,0,1,1,2,0,False,78,0,0,0,0.0,0
1437,0,1,0,4,8,False,40,4,190,1214,6.07,0
1438,0,1,6,4,7,False,249,14,0,3584,17.92,0
1439,0,1,0,4,8,False,115,3,53,821,4.105,0
1440,0,1,9,0,0,False,0,0,0,0,0.0,0
1441,0,1,0,4,7,False,226,0,205,205,1.025,0
1442,0,1,0,4,9,False,58,10,132,2692,13.46,0
1443,0,1,0,4,8,False,69,4,164,1188,5.94,0
1444,0,1,0,4,8,False,94,1,79,335,1.675,0
1445,0,1,0,4,7,False,152,0,190,190,0.95,0
1446,0,1,0,4,8,False,248,0,136,136,0.68,0
1447,0,1,0,4,8,False,50,3,12,780,3.9,0
1448,0,1,0,4,9,False,206,2,201,713,3.565,0
1449,0,1,0,4,8,False,161,0,224,224,1.12,0
1450,0,1,0,4,5,False,227,0,224,224,1.12,0
1451,0,1,0,4,7,False,222,0,141,141,0.705,0
1452,0,1,0,4,1,False,182,4,10,1034,5.17,0
1453,0,1,0,4,8,False,141,4,227,1251,6.255,0
1454,0,1,0,4,4,False,8,4,0,1024,5.12,0
1455,0,1,0,4,8,False,252,1,121,377,1.885,0
1456,0,1,29,2,27,False,4,0,0,0,0.0,0
1457,0,1,0,4,8,False,92,0,237,237,1.185,0
1458,0,1,1,3,33,True,6,12,0,3072,15.36,0
1459,0,1,0,4,9,False,219,14,111,3695,18.475,0
1460,0,1,0,1,43,False,0,0,0,0,0.0,0
1461,0,1,0,4,8,False,23,0,83,83,0.415,0
1462,0,1,30,3,9,False,190,4,0,1024,5.12,0
1463,0,1,0,4,8,False,149,0,244,244,1.22,0
1464,0,1,15,6,4,False,4,11,97,2913,14.565,40966
1465,0,1,0,4,8,False,21,0,210,210,1.05,0
1466,0,1,0,0,0,False,0,0,0,0,0.0,0
1467,0,1,0,4,9,False,116,8,222,2270,11.35,0
1468,0,1,8,6,16,False,4,10,21,2581,12.905,24
1469,0,1,0,4,8,False,202,1,134,390,1.95,0
1470,0,1,9,2,4,False,96,0,0,0,0.0,0
1471,0,1,0,4,8,False,47,0,128,128,0.64,0
1472,0,1,0,4,4,False,4,4,15,1039,5.195,0
1473,0,1,0,4,8,False,223,0,45,45,0.225,0
1474,0,1,4,0,0,False,0,0,0,0,0.0,0
1475,0,1,0,4,8,False,110,1,122,378,1.89,0
1476,0,1,0,1,0,False,0,0,0,0,0.0,0
1477,0,1,0,4,8,False,199,3,58,826,4.13,0
1478,0,1,0,4,10,False,9,5,79,1359,6.795,0
1479,0,1,0,4,8,False,20,1,171,427,2.135,0
1480,0,1,0,7,48,True,1,11,15,2831,14.155,264964
1481,0,1,0,4,8,False,75,0,245,245,1.225,0
1482,0,1,1,1,52,True,0,0,0,0,0.0,0
1483,0,1,0,4,8,False,18,2,233,745,3.725,0
1484,0,1,0,1,11,False,0,0,0,0,0.0,0
1485,0,1,0,4,8,False,125,0,90,90,0.45,0
1486,0,1,25,6,3,False,4,9,8,2312,11.56,2564
1487,0,1,0,4,8,False,194,1,147,403,2.015,0
1488,0,1,5,1,3,False,0,0,0,0,0.0,0
1489,0,1,0,4,8,False,141,2,47,559,2.795,0
1490,0,1,8,5,4,False,5,3,2,770,3.85,84
1491,0,1,0,4,8,False,219,1,185,441,2.205,0
1492,0,1,0,4,11,False,208,2,90,602,3.01,0
1493,0,1,0,4,8,False,123,2,26,538,2.69,0
1494,0,1,0,4,11,False,52,3,112,880,4.4,0
1495,0,1,0,4,8,False,205,0,222,222,1.11,0
1496,0,1,0,4,8,False,142,1,73,329,1.645,0
1497,0,1,0,4,8,False,75,0,196,196,0.98,0
1498,0,1,0,4,24,True,1,4,11,1035,5.175,0
1499,0,1,0,4,7,False,134,0,90,90,0.45,0
1500,0,1,0,4,0,False,93,1,66,322,1.61,0
1501,0,1,0,4,8,False,155,1,235,491,2.455,0
1502,0,1,0,4,24,True,1,4,10,1034,5.17,0
1503,0,1,0,4,8,False,150,1,147,403,2.015,0
1504,0,1,0,4,28,True,0,4,10,1034,5.17,0
1505,0,1,0,4,9,False,69,12,65,3137,15.685,0
1506,0,1,0,4,29,True,4,9,246,2550,12.75,0
1507,0,1,0,4,8,False,180,1,132,388,1.94,0
1508,0,1,0,0,0,False,0,0,0,0,0.0,0
1509,0,1,0,4,8,False,46,1,236,492,2.46,0
1510,0,1,1,2,16,False,10,0,0,0,0.0,0
1511,0,1,0,4,8,False,113,0,54,54,0.27,0
1512,0,1,4,1,40,True,0,0,0,0,0.0,0
1513,0,1,0,4,8,False,199,0,83,83,0.415,0
1514,0,1,0,4,22,True,159,4,9,1033,5.165,0
1515,0,1,0,4,8,False,26,1,80,336,1.68,0
1516,0,1,5,7,4,False,10,11,6,2822,14.11,4653348
1517,0,1,0,4,7,False,105,0,139,139,0.695,0
1518,0,1,0,7,47,False,0,0,4,4,0.02,5898251
1519,0,1,0,4,8,False,48,2,212,724,3.62,0
1520,0,1,18,5,4,False,9,13,0,3328,16.64,196
1521,0,1,0,4,8,False,195,4,86,1110,5.55,0
1522,0,1,0,4,9,False,105,1,54,310,1.55,0
1523,0,1,0,4,8,False,56,1,7,263,1.315,0
1524,0,1,0,4,10,False,187,4,94,1118,5.59,0
1525,0,1,0,4,8,False,226,2,86,598,2.99,0
1526,0,1,0,4,11,False,137,11,34,2850,14.25,0
1527,0,1,0,4,8,False,233,1,84,340,1.7,0
1528,0,1,0,4,10,False,15,0,209,209,1.045,0
1529,0,1,0,4,8,False,169,1,110,366,1.83,0
1530,0,1,0,4,10,False,128,1,33,289,1.445,0
1531,0,1,0,4,8,False,68,1,94,350,1.75,0
1532,0,1,0,4,10,False,201,1,67,323,1.615,0
1533,0,1,0,4,7,False,69,0,48,48,0.24,0
1534,0,1,0,4,10,False,83,0,118,118,0.59,0
1535,0,1,0,4,8,False,33,1,34,290,1.45,0
1536,0,1,0,4,11,False,128,10,168,2728,13.64,0
1537,0,1,0,4,7,False,93,0,137,137,0.685,0
1538,0,1,0,4,10,False,89,2,64,576,2.88,0
1539,0,1,0,4,8,False,209,3,112,880,4.4,0
1540,0,1,0,4,10,False,201,0,132,132,0.66,0
1541,0,1,0,4,7,False,24,0,79,79,0.395,0
1542,0,1,0,4,10,False,87,2,1,513,2.565,0
1543,0,1,0,4,8,False,209,2,136,648,3.24,0
1544,0,1,0,4,9,False,88,1,61,317,1.585,0
1545,0,1,0,4,8,False,77,1,171,427,2.135,0
1546,0,1,0,4,10,False,24,5,99,1379,6.895,0
1547,0,1,0,4,8,False,225,1,32,288,1.44,0
1548,0,1,0,4,11,False,157,15,142,3982,19.91,0
1549,0,1,0,4,8,False,65,2,202,714,3.57,0
1550,0,1,0,4,11,False,23,1,25,281,1.405,0
1551,0,1,0,4,8,False,192,6,48,1584,7.92,0
1552,0,1,0,4,10,False,23,1,78,334,1.67,0
1553,0,1,0,4,7,False,6,0,55,55,0.275,0
1554,0,1,0,4,10,False,227,0,80,80,0.4,0
1555,0,1,0,4,8,False,207,5,15,1295,6.475,0
1556,0,1,0,4,9,False,72,0,92,92,0.46,0
1557,0,1,0,4,7,False,44,0,88,88,0.44,0
1558,0,1,0,4,10,False,230,5,34,1314,6.57,0
1559,0,1,0,4,8,False,176,9,101,2405,12.025,0
1560,0,1,0,4,9,False,232,0,202,202,1.01,0
1561,0,1,0,4,7,False,230,0,143,143,0.715,0
1562,0,1,0,4,9,False,211,1,12,268,1.34,0
1563,0,1,0,4,8,False,202,4,35,1059,5.295,0
1564,0,1,0,4,1,False,2,4,9,1033,5.165,0
1565,0,1,0,4,7,False,42,0,215,215,1.075,0
1566,0,1,5,4,0,False,255,12,4,3076,15.38,0
1567,0,1,0,4,8,False,116,5,187,1467,7.335,0
1568,0,1,1,2,0,False,72,0,0,0,0.0,0
1569,0,1,0,4,7,False,246,0,50,50,0.25,0
1570,0,1,5,3,4,False,11,5,0,1280,6.4,0
1571,0,1,0,4,8,False,127,4,39,1063,5.315,0
1572,0,1,0,1,19,False,0,0,0,0,0.0,0
1573,0,1,0,4,8,False,225,2,138,650,3.25,0
1574,0,1,0,4,6,False,246,0,4,4,0.02,0
1575,0,1,0,0,0,False,0,0,0,0,0.0,0
1576,0,1,0,7,4,False,246,4,113,1137,5.685,6949380
1577,0,1,0,1,2,False,0,0,0,0,0.0,0
1578,0,1,0,4,9,False,221,3,246,1014,5.07,0
1579,0,1,0,2,4,False,7,0,0,0,0.0,0
1580,0,1,0,4,20,False,0,1,4,260,1.3,0
1581,0,1,0,4,0,False,71,4,7,1031,5.155,0
1582,0,1,0,7,4,False,9,9,4,2308,11.54,590955
1583,0,1,0,3,0,False,66,4,0,1024,5.12,0
1584,0,1,1,2,0,False,64,0,0,0,0.0,0
1585,0,1,0,7,28,True,0,11,4,2820,14.1,52231
1586,0,1,0,4,10,False,131,15,0,3840,19.2,0
1587,0,1,0,7,4,False,8,8,11,2059,10.295,459970
1588,0,1,25,5,4,False,5,12,0,3072,15.36,70
1589,0,1,0,7,0,False,109,4,7,1031,5.155,4849724
1590,0,1,0,0,0,False,0,0,0,0,0.0,0
1591,0,1,0,4,8,False,81,3,172,940,4.7,0
1592,0,1,23,1,9,False,0,0,0,0,0.0,0
1593,0,1,0,4,7,False,220,0,72,72,0.36,0
1594,0,1,22,0,0,False,0,0,0,0,0.0,0
1595,0,1,0,4,8,False,48,2,160,672,3.36,0
1596,0,1,0,4,5,False,60,0,70,70,0.35,0
1597,0,1,0,4,8,False,169,0,147,147,0.735,0
1598,0,1,0,4,7,False,179,0,19,19,0.095,0
1599,0,1,0,4,8,False,27,1,212,468,2.34,0
1600,0,1,0,4,9,False,127,15,91,3931,19.655,0
1601,0,1,0,4,7,False,108,0,50,50,0.25,0
1602,0,1,0,4,9,False,28,2,58,570,2.85,0
1603,0,1,0,4,7,False,59,0,75,75,0.375,0
1604,0,1,10,5,4,False,9,6,3,1539,7.695,160
1605,0,1,0,4,8,False,212,6,177,1713,8.565,0
1606,0,1,0,4,5,False,59,0,80,80,0.4,0
1607,0,1,0,4,8,False,53,2,90,602,3.01,0
1608,0,1,1,1,27,False,0,0,0,0,0.0,0
1609,0,1,0,4,7,False,116,0,52,52,0.26,0
1610,0,1,0,4,8,False,214,1,103,359,1.795,0
1611,0,1,0,4,8,False,195,3,237,1005,5.025,0
1612,0,1,0,1,22,False,0,0,0,0,0.0,0
1613,0,1,0,4,7,False,105,0,154,154,0.77,0
1614,0,1,0,4,9,False,220,0,111,111,0.555,0
1615,0,1,0,4,7,False,180,0,83,83,0.415,0
1616,0,1,0,4,5,False,47,0,75,75,0.375,0
1617,0,1,0,4,8,False,104,6,209,1745,8.725,0
1618,0,1,0,4,5,False,180,0,163,163,0.815,0
1619,0,1,0,4,8,False,223,0,124,124,0.62,0
1620,0,1,0,4,7,False,180,0,231,231,1.155,0
1621,0,1,0,4,8,False,152,2,41,553,2.765,0
1622,0,1,0,4,9,False,223,6,78,1614,8.07,0
1623,0,1,0,4,8,False,15,0,74,74,0.37,0
1624,0,1,0,4,9,False,147,1,240,496,2.48,0
1625,0,1,0,4,8,False,104,1,74,330,1.65,0
1626,0,1,0,4,10,False,15,15,125,3965,19.825,0
1627,0,1,0,4,8,False,3,1,176,432,2.16,0
1628,0,1,0,6,6,False,4,9,15,2319,11.595,2304
1629,0,1,0,4,7,False,92,0,65,65,0.325,0
1630,0,1,28,3,2,False,40,7,0,1792,8.96,0
1631,0,1,0,4,7,False,246,0,134,134,0.67,0
1632,0,1,12,4,0,False,4,9,92,2396,11.98,0
1633,0,1,0,4,8,False,108,6,237,1773,8.865,0
1634,0,1,0,0,0,False,0,0,0,0,0.0,0
1635,0,1,0,4,8,False,167,1,59,315,1.575,0
1636,0,1,0,3,21,False,4,8,0,2048,10.24,0
1637,0,1,0,4,9,False,54,4,174,1198,5.99,0
1638,0,1,0,4,1,False,9,2,2,514,2.57,0
1639,0,1,0,4,7,False,123,0,146,146,0.73,0
1640,0,1,7,1,17,True,0,0,0,0,0.0,0
1641,0,1,0,4,8,False,219,2,239,751,3.755,0
1642,0,1,10,5,4,False,10,9,0,2304,11.52,169
1643,0,1,0,4,7,False,81,0,56,56,0.28,0
1644,0,1,0,4,6,False,119,0,79,79,0.395,0
1645,0,1,0,4,8,False,32,3,181,949,4.745,0
1646,0,1,0,4,9,False,156,5,253,1533,7.665,0
1647,0,1,0,4,8,False,161,2,221,733,3.665,0
1648,0,1,0,4,9,False,246,1,199,455,2.275,0
1649,0,1,0,4,8,False,206,0,233,233,1.165,0
1650,0,1,9,1,7,False,0,0,0,0,0.0,0
1651,0,1,0,4,8,False,198,3,18,786,3.93,0
1652,0,1,24,7,4,False,5,7,7,1799,8.995,313964
1653,0,1,0,4,7,False,232,0,134,134,0.67,0
1654,0,1,1,1,63,True,0,0,0,0,0.0,0
1655,0,1,0,4,7,False,180,0,57,57,0.285,0
1656,0,1,0,6,0,False,1,12,4,3076,15.38,29960
1657,0,1,0,4,8,False,29,4,141,1165,5.825,0
1658,0,1,0,0,0,False,0,0,0,0,0.0,0
1659,0,1,0,4,7,False,122,0,61,61,0.305,0
1660,0,1,19,6,32,True,4,9,20,2324,11.62,116
1661,0,1,0,4,8,False,218,3,29,797,3.985,0
1662,0,1,0,4,5,False,122,0,69,69,0.345,0
1663,0,1,0,4,8,False,80,0,202,202,1.01,0
1664,0,1,31,0,0,False,0,0,0,0,0.0,0
1665,0,1,0,4,8,False,253,0,118,118,0.59,0
1666,0,1,0,4,11,False,232,1,103,359,1.795,0
1667,0,1,0,4,8,False,83,0,200,200,1.0,0
1668,0,1,0,4,10,False,152,2,139,651,3.255,0
1669,0,1,0,4,8,False,212,1,34,290,1.45,0
1670,0,1,0,4,24,True,2,4,12,1036,5.18,0
1671,0,1,0,4,7,False,254,0,189,189,0.945,0
1672,0,1,10,0,0,False,0,0,0,0,0.0,0
1673,0,1,0,4,8,False,194,3,20,788,3.94,0
1674,0,1,23,5,4,False,109,4,80,1104,5.52,250
1675,0,1,0,4,8,False,7,0,140,140,0.7,0
1676,0,1,0,2,20,False,0,0,0,0,0.0,0
1677,0,1,0,4,8,False,140,0,186,186,0.93,0
1678,0,1,0,4,7,False,254,6,4,1540,7.7,0
1679,0,1,0,4,7,False,216,0,202,202,1.01,0
1680,0,1,0,4,31,False,2,1,4,260,1.3,0
1681,0,1,0,4,8,False,140,5,186,1466,7.33,0
1682,0,1,0,4,51,True,8,13,4,3332,16.66,0
1683,0,1,0,4,7,False,194,0,57,57,0.285,0
1684,0,1,0,5,13,True,1,1,4,260,1.3,6
1685,0,1,0,4,7,False,69,0,53,53,0.265,0
1686,0,1,26,2,1,False,209,0,0,0,0.0,0
1687,0,1,0,4,8,False,203,5,17,1297,6.485,0
1688,0,1,0,4,6,False,194,4,7,1031,5.155,0
1689,0,1,0,4,8,False,64,1,155,411,2.055,0
1690,0,1,24,2,4,False,9,0,0,0,0.0,0
1691,0,1,0,4,7,False,203,1,121,377,1.885,0
1692,0,1,19,3,12,False,0,4,0,1024,5.12,0
1693,0,1,0,4,7,False,42,0,69,69,0.345,0
1694,0,1,1,1,0,False,0,0,0,0,0.0,0
1695,0,1,0,4,7,False,181,0,68,68,0.34,0
1696,0,1,0,1,37,True,0,0,0,0,0.0,0
1697,0,1,0,4,8,False,245,8,152,2200,11.0,0
1698,0,1,0,4,5,False,50,0,68,68,0.34,0
1699,0,1,0,4,8,False,117,1,69,325,1.625,0
1700,0,1,0,4,6,False,118,0,93,93,0.465,0
1701,0,1,0,4,8,False,223,2,170,682,3.41,0
1702,0,1,0,4,7,False,199,1,70,326,1.63,0
1703,0,1,0,4,8,False,38,0,178,178,0.89,0
1704,0,1,0,4,9,False,219,11,134,2950,14.75,0
1705,0,1,0,4,7,False,191,0,131,131,0.655,0
1706,0,1,0,4,9,False,53,0,80,80,0.4,0
1707,0,1,0,4,7,False,31,0,52,52,0.26,0
1708,0,1,0,4,5,False,187,0,182,182,0.91,0
1709,0,1,0,4,7,False,127,0,115,115,0.575,0
1710,0,1,0,4,7,False,191,0,67,67,0.335,0
1711,0,1,0,4,8,False,46,7,146,1938,9.69,0
1712,0,1,0,4,9,False,169,7,109,1901,9.505,0
1713,0,1,0,4,7,False,184,0,148,148,0.74,0
1714,0,1,0,7,4,False,5,4,9,1033,5.165,11143434
1715,0,1,0,4,8,False,46,7,164,1956,9.78,0
1716,0,1,0,1,41,True,0,0,0,0,0.0,0
1717,0,1,0,4,8,False,72,1,57,313,1.565,0
1718,0,1,0,4,4,False,7,4,4,1028,5.14,0
1719,0,1,0,4,8,False,221,0,154,154,0.77,0
1720,0,1,1,1,9,False,0,0,0,0,0.0,0
1721,0,1,0,4,8,False,120,1,128,384,1.92,0
1722,0,1,27,6,1,False,16,4,9,1033,5.165,20700
1723,0,1,0,4,9,False,130,8,163,2211,11.055,0
1724,0,1,0,4,4,False,9,8,0,2048,10.24,0
1725,0,1,0,4,8,False,58,0,39,39,0.195,0
1726,0,1,26,5,11,False,232,4,4,1028,5.14,10
1727,0,1,0,4,8,False,231,2,199,711,3.555,0
1728,0,1,0,0,0,False,0,0,0,0,0.0,0
1729,0,1,0,4,8,False,140,1,130,386,1.93,0
1730,0,1,0,4,9,False,141,0,201,201,1.005,0
1731,0,1,0,4,8,False,202,1,53,309,1.545,0
1732,0,1,1,3,1,False,36,4,0,1024,5.12,0
1733,0,1,0,4,7,False,92,0,210,210,1.05,0
1734,0,1,15,0,0,False,0,0,0,0,0.0,0
1735,0,1,0,4,7,False,135,2,1,513,2.565,0
1736,0,1,0,4,1,False,124,1,3,259,1.295,0
1737,0,1,0,4,7,False,210,0,161,161,0.805,0
1738,0,1,30,4,6,False,252,0,204,204,1.02,0
1739,0,1,0,4,7,False,80,0,149,149,0.745,0
1740,0,1,0,1,23,True,0,0,0,0,0.0,0
1741,0,1,0,4,7,False,210,0,167,167,0.835,0
1742,0,1,8,6,4,False,4,6,225,1761,8.805,1025
1743,0,1,0,4,8,False,208,12,207,3279,16.395,0
1744,0,1,1,1,7,True,0,0,0,0,0.0,0
1745,0,1,0,4,7,False,64,0,75,75,0.375,0
1746,0,1,0,4,9,False,193,13,0,3328,16.64,0
1747,0,1,0,4,7,False,229,0,128,128,0.64,0
1748,0,1,4,5,4,False,7,2,0,512,2.56,66
1749,0,1,0,4,8,False,64,7,207,1999,9.995,0
1750,0,1,0,4,5,False,229,1,192,448,2.24,0
1751,0,1,0,4,8,False,213,2,15,527,2.635,0
1752,0,1,2,2,0,False,76,0,0,0,0.0,0
1753,0,1,0,4,7,False,36,0,168,168,0.84,0
1754,0,1,25,3,2,False,119,4,0,1024,5.12,0
1755,0,1,0,4,8,False,196,3,219,987,4.935,0
1756,0,1,0,5,0,False,5,4,0,1024,5.12,224
1757,0,1,0,4,7,False,33,0,60,60,0.3,0
1758,0,1,0,7,21,True,0,11,2,2818,14.09,616448
1759,0,1,0,4,8,False,131,3,90,858,4.29,0
1760,0,1,9,6,4,False,9,5,1,1281,6.405,9320
1761,0,1,0,4,8,False,0,0,228,228,1.14,0
1762,0,1,0,4,9,False,180,0,211,211,1.055,0
1763,0,1,0,4,7,False,137,0,50,50,0.25,0
1764,0,1,0,2,1,False,40,0,0,0,0.0,0
1765,0,1,0,4,8,False,19,3,128,896,4.48,0
1766,0,1,0,2,4,False,10,0,0,0,0.0,0
1767,0,1,0,4,8,False,136,1,188,444,2.22,0
1768,0,1,0,4,9,False,136,4,10,1034,5.17,0
1769,0,1,0,4,7,False,206,0,91,91,0.455,0
1770,0,1,9,5,4,False,9,14,0,3584,17.92,210
1771,0,1,0,4,8,False,40,1,193,449,2.245,0
1772,0,1,0,4,5,False,206,0,72,72,0.36,0
1773,0,1,0,4,8,False,3,2,168,680,3.4,0
1774,0,1,0,4,7,False,206,0,104,104,0.52,0
1775,0,1,0,4,7,False,74,0,157,157,0.785,0
1776,0,1,10,0,0,False,0,0,0,0,0.0,0
1777,0,1,0,4,7,False,210,0,205,205,1.025,0
1778,0,1,0,2,61,True,4,0,0,0,0.0,0
1779,0,1,0,4,8,False,1,8,41,2089,10.445,0
1780,0,1,0,4,10,False,4,14,131,3715,18.575,0
1781,0,1,0,4,8,False,129,1,227,483,2.415,0
1782,0,1,0,5,0,False,69,8,4,2052,10.26,7
1783,0,1,0,4,8,False,172,1,164,420,2.1,0
1784,0,1,31,2,4,False,4,0,0,0,0.0,0
1785,0,1,0,4,8,False,112,2,110,622,3.11,0
1786,0,1,1,0,0,False,0,0,0,0,0.0,0
1787,0,1,0,4,8,False,197,0,128,128,0.64,0
1788,0,1,9,2,0,False,7,0,0,0,0.0,0
1789,0,1,0,4,8,False,151,1,26,282,1.41,0
1790,0,1,29,4,25,True,223,4,9,1033,5.165,0
1791,0,1,0,4,7,False,199,0,72,72,0.36,0
1792,0,1,12,6,8,False,4,4,9,1033,5.165,1185
1793,0,1,0,4,8,False,147,2,29,541,2.705,0
1794,0,1,0,5,7,True,0,8,4,2052,10.26,4
1795,0,1,0,4,8,False,41,3,12,780,3.9,0
1796,0,1,24,7,0,False,81,14,0,3584,17.92,12519732
1797,0,1,0,4,7,False,28,1,181,437,2.185,0
1798,0,1,0,3,45,False,98,2,0,512,2.56,0
1799,0,1,0,4,7,False,171,1,44,300,1.5,0
1800,0,1,24,4,4,False,138,4,10,1034,5.17,0
1801,0,1,0,4,7,False,234,0,95,95,0.475,0
1802,0,1,24,3,0,False,84,3,0,768,3.84,0
1803,0,1,0,4,8,False,127,12,25,3097,15.485,0
1804,0,1,12,1,4,False,0,0,0,0,0.0,0
1805,0,1,0,4,7,False,48,1,87,343,1.715,0
1806,0,1,7,2,32,False,4,0,0,0,0.0,0
1807,0,1,0,4,8,False,112,5,2,1282,6.41,0
1808,0,1,0,6,2,False,4,8,195,2243,11.215,47851
1809,0,1,0,4,7,False,121,0,51,51,0.255,0
1810,0,1,19,7,26,False,4,10,129,2689,13.445,14745610
1811,0,1,0,4,7,False,25,0,80,80,0.4,0
1812,0,1,31,4,4,False,6,12,1,3073,15.365,0
1813,0,1,0,4,7,False,100,0,70,70,0.35,0
1814,0,1,0,6,31,False,125,7,3,1795,8.975,6404
1815,0,1,0,4,8,False,89,7,196,1988,9.94,0
1816,0,1,0,1,38,False,0,0,0,0,0.0,0
1817,0,1,0,4,8,False,253,1,30,286,1.43,0
1818,0,1,0,3,4,False,8,13,0,3328,16.64,0
1819,0,1,0,4,7,False,73,0,72,72,0.36,0
1820,0,1,0,1,24,False,0,0,0,0,0.0,0
1821,0,1,0,4,8,False,148,2,164,676,3.38,0
1822,0,1,13,2,0,False,62,0,0,0,0.0,0
1823,0,1,0,4,8,False,206,0,86,86,0.43,0
1824,0,1,0,4,44,False,4,9,0,2304,11.52,0
1825,0,1,0,4,9,False,120,12,107,3179,15.895,0
1826,0,1,7,0,0,False,0,0,0,0,0.0,0
1827,0,1,0,4,7,False,141,1,3,259,1.295,0
1828,0,1,1,1,56,True,0,0,0,0,0.0,0
1829,0,1,0,4,8,False,22,3,235,1003,5.015,0
1830,0,1,0,0,0,False,0,0,0,0,0.0,0
1831,0,1,0,4,8,False,145,1,55,311,1.555,0
1832,0,1,2,7,10,False,11,0,71,71,0.355,9242891
1833,0,1,0,4,7,False,194,0,74,74,0.37,0
1834,0,1,0,4,9,False,145,3,131,899,4.495,0
1835,0,1,0,4,7,False,103,0,56,56,0.28,0
1836,0,1,0,4,41,True,148,4,9,1033,5.165,0
1837,0,1,0,7,39,False,0,8,4,2052,10.26,63495
1838,0,1,8,7,10,False,4,4,10,1034,5.17,262404
1839,0,1,0,2,4,False,8,0,0,0,0.0,0
1840,0,1,1,1,13,False,0,0,0,0,0.0,0
1841,0,1,0,4,7,False,233,4,8,1032,5.16,0
1842,0,1,0,5,9,True,134,10,204,2764,13.82,10
1843,0,1,0,7,1,False,180,4,7,1031,5.155,4391013
1844,0,1,30,7,4,False,66,1,4,260,1.3,5767428
1845,0,1,0,4,7,False,204,0,181,181,0.905,0
1846,0,1,12,7,0,False,77,4,11,1035,5.175,16646404
1847,0,1,0,4,7,False,75,0,129,129,0.645,0
1848,0,1,7,0,0,False,0,0,0,0,0.0,0
1849,0,1,0,4,8,False,55,9,89,2393,11.965,0
1850,0,1,0,4,10,False,207,0,4,4,0.02,0
1851,0,1,0,4,8,False,117,1,105,361,1.805,0
1852,0,1,0,4,28,False,12,4,248,1272,6.36,0
1853,0,1,0,4,7,False,224,0,137,137,0.685,0
1854,0,1,0,4,37,False,85,1,7,263,1.315,0
1855,0,1,0,4,7,False,117,0,157,157,0.785,0
1856,0,1,0,4,14,False,182,1,16,272,1.36,0
1857,0,1,0,4,8,False,250,7,218,2010,10.05,0
1858,0,1,0,4,10,False,96,4,128,1152,5.76,0
1859,0,1,0,4,8,False,67,0,231,231,1.155,0
1860,0,1,0,4,7,False,235,0,176,176,0.88,0
1861,0,1,0,4,8,False,217,2,139,651,3.255,0
1862,0,1,0,4,7,False,101,0,55,55,0.275,0
1863,0,1,0,4,7,False,40,0,146,146,0.73,0
1864,0,1,0,4,7,False,234,1,20,276,1.38,0
1865,0,1,0,4,8,False,206,3,230,998,4.99,0
1866,0,1,0,4,6,False,107,0,84,84,0.42,0
1867,0,1,0,4,7,False,35,0,61,61,0.305,0
1868,0,1,0,4,52,False,1,1,4,260,1.3,0
1869,0,1,0,4,8,False,152,3,90,858,4.29,0
1870,0,1,0,4,53,False,1,5,4,1284,6.42,0
1871,0,1,0,4,7,False,24,0,71,71,0.355,0
1872,0,1,0,4,0,False,101,7,4,1796,8.98,0
1873,0,1,0,4,7,False,104,0,75,75,0.375,0
1874,0,1,0,4,4,False,8,4,7,1031,5.155,0
1875,0,1,0,4,8,False,49,6,222,1758,8.79,0
1876,0,1,13,0,0,False,0,0,0,0,0.0,0
1877,0,1,0,4,8,False,121,0,248,248,1.24,0
1878,0,1,17,3,0,False,161,4,0,1024,5.12,0
1879,0,1,0,4,8,False,228,1,118,374,1.87,0
1880,0,1,0,6,62,True,1,2,1,513,2.565,4862
1881,0,1,0,4,7,False,29,0,62,62,0.31,0
1882,0,1,7,6,4,False,127,3,248,1016,5.08,39172
1883,0,1,0,4,8,False,202,1,202,458,2.29,0
1884,0,1,22,7,4,False,10,13,1,3329,16.645,4456919
1885,0,1,0,4,8,False,54,1,255,511,2.555,0
1886,0,1,10,3,6,False,112,9,0,2304,11.52,0
1887,0,1,0,4,8,False,247,1,225,481,2.405,0
1888,0,1,0,4,9,False,122,1,4,260,1.3,0
1889,0,1,0,4,8,False,159,1,149,405,2.025,0
1890,0,1,1,1,4,False,0,0,0,0,0.0,0
1891,0,1,0,4,8,False,246,1,12,268,1.34,0
1892,0,1,0,0,0,False,0,0,0,0,0.0,0
1893,0,1,0,4,8,False,47,0,91,91,0.455,0
1894,0,1,9,4,4,False,9,8,4,2052,10.26,0
1895,0,1,0,4,8,False,183,0,71,71,0.355,0
1896,0,1,3,1,4,False,0,0,0,0,0.0,0
1897,0,1,0,4,8,False,53,1,105,361,1.805,0
1898,0,1,1,2,38,True,4,0,0,0,0.0,0
1899,0,1,0,4,8,False,63,0,73,73,0.365,0
1900,0,1,1,1,9,False,0,0,0,0,0.0,0
1901,0,1,0,4,7,False,164,0,207,207,1.035,0
1902,0,1,24,1,4,False,0,0,0,0,0.0,0
1903,0,1,0,4,8,False,14,2,45,557,2.785,0
1904,0,1,13,5,44,True,1,6,4,1540,7.7,4
1905,0,1,0,4,7,False,128,0,77,77,0.385,0
1906,0,1,30,4,4,False,4,1,4,260,1.3,0
1907,0,1,0,4,7,False,175,0,133,133,0.665,0
1908,0,1,1,3,53,False,165,1,0,256,1.28,0
1909,0,1,0,4,7,False,35,0,91,91,0.455,0
1910,0,1,3,6,62,True,188,4,10,1034,5.17,15
1911,0,1,0,4,8,False,146,7,231,2023,10.115,0
1912,0,1,8,6,4,False,87,4,11,1035,5.175,1194
1913,0,1,0,4,7,False,142,0,143,143,0.715,0
1914,0,1,0,5,37,False,0,0,36,36,0.18,2
1915,0,1,0,4,8,False,33,3,51,819,4.095,0
1916,0,1,0,6,37,False,0,11,10,2826,14.13,20484
1917,0,1,0,4,8,False,88,0,159,159,0.795,0
1918,0,1,0,4,6,False,37,9,36,2340,11.7,0
1919,0,1,0,4,8,False,35,2,20,532,2.66,0
1920,0,1,0,4,4,False,5,4,10,1034,5.17,0
1921,0,1,0,4,8,False,166,1,37,293,1.465,0
1922,0,1,0,4,3,False,164,4,11,1035,5.175,0
1923,0,1,0,4,8,False,23,2,125,637,3.185,0
1924,0,1,15,0,0,False,0,0,0,0,0.0,0
1925,0,1,0,4,7,False,124,0,40,40,0.2,0
1926,0,1,16,7,13,True,4,10,254,2814,14.07,273113
1927,0,1,0,4,8,False,183,1,170,426,2.13,0
1928,0,1,1,1,55,False,0,0,0,0,0.0,0
1929,0,1,0,4,8,False,81,1,5,261,1.305,0
1930,0,1,0,3,53,False,4,8,0,2048,10.24,0
1931,0,1,0,4,8,False,208,1,60,316,1.58,0
1932,0,1,22,7,0,False,155,4,9,1033,5.165,14942278
1933,0,1,0,4,8,False,35,2,18,530,2.65,0
1934,0,1,0,4,9,False,235,2,19,531,2.655,0
1935,0,1,0,4,8,False,231,1,32,288,1.44,0
1936,0,1,0,4,9,False,56,0,193,193,0.965,0
1937,0,1,0,4,7,False,6,0,121,121,0.605,0
1938,0,1,0,4,9,False,119,0,71,71,0.355,0
1939,0,1,0,4,8,False,214,7,10,1802,9.01,0
1940,0,1,0,4,5,False,6,0,122,122,0.61,0
1941,0,1,0,4,7,False,69,0,224,224,1.12,0
1942,0,1,0,4,6,False,7,0,118,118,0.59,0
1943,0,1,0,4,8,False,69,9,4,2308,11.54,0
1944,0,1,0,4,5,False,236,0,147,147,0.735,0
1945,0,1,0,4,8,False,43,0,221,221,1.105,0
1946,0,1,0,4,7,False,236,0,248,248,1.24,0
1947,0,1,0,4,8,False,192,2,1,513,2.565,0
1948,0,1,0,4,9,False,43,9,41,2345,11.725,0
1949,0,1,0,4,7,False,63,0,137,137,0.685,0
1950,0,1,0,4,9,False,199,1,180,436,2.18,0
1951,0,1,0,4,7,False,84,1,20,276,1.38,0
1952,0,1,0,4,9,False,59,3,77,845,4.225,0
1953,0,1,0,4,8,False,25,8,56,2104,10.52,0
1954,0,1,0,4,5,False,84,0,81,81,0.405,0
1955,0,1,0,4,7,False,161,0,73,73,0.365,0
1956,0,1,0,7,21,False,0,4,9,1033,5.165,122394
1957,0,1,0,4,7,False,9,0,71,71,0.355,0
1958,0,1,13,2,4,False,4,0,0,0,0.0,0
1959,0,1,0,4,7,False,77,0,57,57,0.285,0
1960,0,1,1,1,57,True,0,0,0,0,0.0,0
1961,0,1,0,4,7,False,35,0,86,86,0.43,0
1962,0,1,0,1,4,False,0,0,0,0,0.0,0
1963,0,1,0,4,8,False,87,7,197,1989,9.945,0
1964,0,1,1,2,37,False,17,0,0,0,0.0,0
1965,0,1,0,4,7,False,151,0,79,79,0.395,0
1966,0,1,22,5,4,False,9,13,0,3328,16.64,121
1967,0,1,0,4,8,False,50,3,164,932,4.66,0
1968,0,1,0,4,9,False,36,0,50,50,0.25,0
1969,0,1,0,4,7,False,119,0,95,95,0.475,0
1970,0,1,0,4,4,False,10,2,2,514,2.57,0
1971,0,1,0,4,8,False,51,4,127,1151,5.755,0
1972,0,1,20,3,4,False,10,9,0,2304,11.52,0
1973,0,1,0,4,7,False,76,0,142,142,0.71,0
1974,0,1,0,3,32,True,6,6,0,1536,7.68,0
1975,0,1,0,4,7,False,13,0,169,169,0.845,0
1976,0,1,0,4,6,False,77,0,59,59,0.295,0
1977,0,1,0,4,7,False,34,1,66,322,1.61,0
1978,0,1,0,4,9,False,234,4,62,1086,5.43,0
1979,0,1,0,4,8,False,216,11,225,3041,15.205,0
1980,0,1,0,4,9,False,46,2,138,650,3.25,0
1981,0,1,0,4,8,False,98,3,25,793,3.965,0
1982,0,1,0,4,9,False,192,0,185,185,0.925,0
1983,0,1,0,4,8,False,198,1,67,323,1.615,0
1984,0,1,0,4,9,False,94,2,105,617,3.085,0
1985,0,1,0,4,8,False,58,2,123,635,3.175,0
1986,0,1,0,4,5,False,94,0,66,66,0.33,0
1987,0,1,0,4,7,False,129,0,157,157,0.785,0
1988,0,1,0,4,9,False,54,2,14,526,2.63,0
1989,0,1,0,4,8,False,122,1,228,484,2.42,0
1990,0,1,0,4,5,False,129,0,202,202,1.01,0
1991,0,1,0,4,8,False,170,1,111,367,1.835,0
1992,0,1,0,4,6,False,129,0,200,200,1.0,0
1993,0,1,0,4,7,False,170,0,79,79,0.395,0
1994,0,1,0,4,7,False,171,0,220,220,1.1,0
1995,0,1,0,4,8,False,165,3,179,947,4.735,0
1996,0,1,0,4,5,False,170,0,99,99,0.495,0
1997,0,1,0,4,8,False,42,1,48,304,1.52,0
1998,0,1,0,4,6,False,171,0,80,80,0.4,0
1999,0,1,0,4,8,False,157,3,210,978,4.89,0
2000,0,1,0,4,9,False,42,7,77,1869,9.345,0
2001,0,1,0,4,8,False,246,4,217,1241,6.205,0
2002,0,1,0,6,2,False,4,9,163,2467,12.335,2057
2003,0,1,0,4,7,False,100,0,70,70,0.35,0
2004,0,1,0,6,11,False,171,4,9,1033,5.165,1550
2005,0,1,0,4,8,False,47,3,77,845,4.225,0
2006,0,1,0,4,5,False,100,0,72,72,0.36,0
2007,0,1,0,4,8,False,143,0,191,191,0.955,0
2008,0,1,20,5,4,False,7,4,0,1024,5.12,88
2009,0,1,0,4,8,False,255,1,59,315,1.575,0
2010,0,1,0,5,50,False,1,4,9,1033,5.165,178
2011,0,1,0,4,8,False,114,0,245,245,1.225,0
2012,0,1,0,0,0,False,0,0,0,0,0.0,0
2013,0,1,0,4,7,False,249,0,52,52,0.26,0
2014,0,1,0,4,9,False,91,1,187,443,2.215,0
2015,0,1,0,4,8,False,75,3,60,828,4.14,0
2016,0,1,0,1,4,False,0,0,0,0,0.0,0
2017,0,1,0,4,8,False,233,2,64,576,2.88,0
2018,0,1,0,4,5,False,249,0,5,5,0.025,0
2019,0,1,0,4,7,False,66,1,119,375,1.875,0
2020,0,1,5,0,0,False,0,0,0,0,0.0,0
2021,0,1,0,4,7,False,135,0,81,81,0.405,0
2022,0,1,0,4,7,False,40,0,139,139,0.695,0
2023,0,1,0,4,8,False,14,4,25,1049,5.245,0
2024,0,1,6,1,56,True,0,0,0,0,0.0,0
2025,0,1,0,4,8,False,139,2,73,585,2.925,0
2026,0,1,0,0,0,False,0,0,0,0,0.0,0
2027,0,1,0,4,8,False,204,1,107,363,1.815,0
2028,0,1,29,0,0,False,0,0,0,0,0.0,0
2029,0,1,0,4,7,False,219,0,84,84,0.42,0
2030,0,1,0,4,5,False,39,0,230,230,1.15,0
2031,0,1,0,4,7,False,60,1,77,333,1.665,0
2032,0,1,0,4,8,False,67,0,244,244,1.22,0
2033,0,1,0,4,8,False,140,4,10,1034,5.17,0
2034,0,1,0,4,5,False,60,1,243,499,2.495,0
2035,0,1,0,4,8,False,48,2,217,729,3.645,0
2036,0,1,0,4,6,False,42,1,72,328,1.64,0
2037,0,1,0,4,7,False,123,0,192,192,0.96,0
2038,0,1,0,4,7,False,60,1,30,286,1.43,0
2039,0,1,0,4,8,False,75,4,145,1169,5.845,0
2040,0,1,0,4,8,False,43,0,49,49,0.245,0
2041,0,1,0,4,8,False,201,2,160,672,3.36,0
2042,0,1,0,4,9,False,235,11,5,2821,14.105,0
2043,0,1,0,4,7,False,63,0,61,61,0.305,0
2044,0,1,0,7,4,False,4,4,9,1033,5.165,6162889
2045,0,1,0,4,7,False,214,0,147,147,0.735,0
2046,0,1,0,1,15,True,0,0,0,0,0.0,0
2047,0,1,0,4,8,False,30,5,236,1516,7.58,0
2048,0,1,0,4,9,False,213,1,4,260,1.3,0
2049,0,1,0,4,8,False,221,1,236,492,2.46,0
2050,0,1,1,0,0,False,0,0,0,0,0.0,0
2051,0,1,0,4,8,False,31,1,91,347,1.735,0
2052,0,1,22,0,0,False,0,0,0,0,0.0,0
2053,0,1,0,4,7,False,154,0,67,67,0.335,0
2054,0,1,0,4,9,False,187,1,218,474,2.37,0
2055,0,1,0,4,8,False,201,1,168,424,2.12,0
2056,0,1,0,4,42,False,4,7,4,1796,8.98,0
2057,0,1,0,4,8,False,24,0,220,220,1.1,0
2058,0,1,1,1,28,False,0,0,0,0,0.0,0
2059,0,1,0,4,8,False,151,0,95,95,0.475,0
2060,0,1,0,4,10,False,26,3,210,978,4.89,0
2061,0,1,0,4,8,False,237,1,23,279,1.395,0
2062,0,1,0,4,9,False,83,2,214,726,3.63,0
2063,0,1,0,4,7,False,78,0,87,87,0.435,0
2064,0,1,0,4,10,False,210,1,104,360,1.8,0
2065,0,1,0,4,8,False,188,4,41,1065,5.325,0
2066,0,1,0,4,5,False,78,0,77,77,0.385,0
2067,0,1,0,4,7,False,206,0,85,85,0.425,0
2068,0,1,0,4,9,False,184,3,157,925,4.625,0
2069,0,1,0,4,8,False,183,9,16,2320,11.6,0
2070,0,1,0,4,5,False,202,0,183,183,0.915,0
2071,0,1,0,4,8,False,30,11,213,3029,15.145,0
2072,0,1,0,4,7,False,206,0,68,68,0.34,0
2073,0,1,0,4,8,False,146,1,161,417,2.085,0
2074,0,1,0,4,9,False,30,11,3,2819,14.095,0
2075,0,1,0,4,7,False,1,1,91,347,1.735,0
2076,0,1,0,4,9,False,146,0,88,88,0.44,0
2077,0,1,0,4,8,False,120,5,166,1446,7.23,0
2078,0,1,0,4,5,False,232,1,6,262,1.31,0
2079,0,1,0,4,7,False,124,0,107,107,0.535,0
2080,0,1,0,4,40,True,1,6,4,1540,7.7,0
2081,0,1,0,4,8,False,166,0,122,122,0.61,0
2082,0,1,0,5,0,False,92,4,6,1030,5.15,35
2083,0,1,0,4,8,False,210,0,26,26,0.13,0
2084,0,1,14,1,4,False,0,0,0,0,0.0,0
2085,0,1,0,4,8,False,81,1,26,282,1.41,0
2086,0,1,1,1,1,False,0,0,0,0,0.0,0
2087,0,1,0,4,8,False,174,0,76,76,0.38,0
2088,0,1,0,4,1,False,4,0,80,80,0.4,0
2089,0,1,0,4,7,False,22,0,75,75,0.375,0
2090,0,1,0,4,24,True,4,9,174,2478,12.39,0
2091,0,1,0,4,8,False,118,3,167,935,4.675,0
2092,0,1,0,0,0,False,0,0,0,0,0.0,0
2093,0,1,0,4,8,False,9,0,214,214,1.07,0
2094,0,1,0,6,4,False,5,7,0,1792,8.96,2314
2095,0,1,0,4,8,False,62,0,150,150,0.75,0
2096,0,1,11,6,4,False,50,0,9,9,0.045,45314
2097,0,1,0,4,8,False,201,1,249,505,2.525,0
2098,0,1,0,4,5,False,181,0,80,80,0.4,0
2099,0,1,0,4,8,False,133,2,218,730,3.65,0
2100,0,1,4,4,4,False,7,5,0,1280,6.4,0
2101,0,1,0,4,8,False,217,0,211,211,1.055,0
2102,0,1,7,3,9,False,0,4,0,1024,5.12,0
2103,0,1,0,4,8,False,67,2,228,740,3.7,0
2104,0,1,1,1,11,True,0,0,0,0,0.0,0
2105,0,1,0,4,8,False,116,0,64,64,0.32,0
2106,0,1,1,0,0,False,0,0,0,0,0.0,0
2107,0,1,0,4,8,False,8,1,192,448,2.24,0
2108,0,1,8,0,0,False,0,0,0,0,0.0,0
2109,0,1,0,4,9,False,52,5,11,1291,6.455,0
2110,0,1,0,4,4,False,10,11,166,2982,14.91,0
2111,0,1,0,4,7,False,135,0,70,70,0.35,0
2112,0,1,1,1,29,True,0,0,0,0,0.0,0
2113,0,1,0,4,8,False,3,2,14,526,2.63,0
2114,0,1,0,4,9,False,26,0,87,87,0.435,0
2115,0,1,0,4,8,False,43,1,93,349,1.745,0
2116,0,1,0,4,11,False,31,8,167,2215,11.075,0
2117,0,1,0,4,8,False,205,1,99,355,1.775,0
2118,0,1,0,4,12,False,181,0,210,210,1.05,0
2119,0,1,0,4,7,False,49,0,122,122,0.61,0
2120,0,1,0,4,11,False,219,0,207,207,1.035,0
2121,0,1,0,4,7,False,177,0,93,93,0.465,0
2122,0,1,0,4,11,False,8,2,3,515,2.575,0
2123,0,1,0,4,8,False,144,8,8,2056,10.28,0
2124,0,1,0,4,11,False,190,2,101,613,3.065,0
2125,0,1,0,4,7,False,144,0,57,57,0.285,0
2126,0,1,0,4,11,False,44,3,54,822,4.11,0
2127,0,1,0,4,8,False,81,2,76,588,2.94,0
2128,0,1,0,4,7,False,205,0,100,100,0.5,0
2129,0,1,0,4,7,False,203,1,167,423,2.115,0
2130,0,1,0,4,7,False,59,1,95,351,1.755,0
2131,0,1,0,4,7,False,87,0,181,181,0.905,0
2132,0,1,0,4,7,False,224,1,219,475,2.375,0
2133,0,1,0,4,7,False,166,0,63,63,0.315,0
2134,0,1,0,4,9,False,177,1,92,348,1.74,0
2135,0,1,0,4,7,False,213,0,120,120,0.6,0
2136,0,1,0,4,10,False,225,2,97,609,3.045,0
2137,0,1,0,4,8,False,123,14,208,3792,18.96,0
2138,0,1,0,4,7,False,81,0,73,73,0.365,0
2139,0,1,0,4,7,False,5,0,71,71,0.355,0
2140,0,1,0,4,6,False,203,1,112,368,1.84,0
2141,0,1,0,4,8,False,133,4,36,1060,5.3,0
2142,0,1,0,4,7,False,76,4,238,1262,6.31,0
2143,0,1,0,4,8,False,26,2,4,516,2.58,0
2144,0,1,0,4,6,False,166,0,70,70,0.35,0
2145,0,1,0,4,8,False,129,0,221,221,1.105,0
2146,0,1,0,4,7,False,209,2,108,620,3.1,0
2147,0,1,0,4,8,False,196,0,103,103,0.515,0
2148,0,1,0,4,7,False,144,0,85,85,0.425,0
2149,0,1,0,4,8,False,105,1,116,372,1.86,0
2150,0,1,0,4,7,False,5,0,109,109,0.545,0
2151,0,1,0,4,8,False,173,1,0,256,1.28,0
2152,0,1,0,4,7,False,144,0,79,79,0.395,0
2153,0,1,0,4,8,False,94,2,57,569,2.845,0
2154,0,1,0,4,7,False,245,0,90,90,0.45,0
2155,0,1,0,4,8,False,195,0,242,242,1.21,0
2156,0,1,0,4,12,False,197,2,133,645,3.225,0
2157,0,1,0,4,7,False,20,0,67,67,0.335,0
2158,0,1,0,4,13,False,38,9,241,2545,12.725,0
2159,0,1,0,4,7,False,115,0,126,126,0.63,0
2160,0,1,0,4,7,False,91,1,167,423,2.115,0
2161,0,1,0,4,8,False,55,9,45,2349,11.745,0
2162,0,1,0,4,13,False,89,1,233,489,2.445,0
2163,0,1,0,4,7,False,152,0,231,231,1.155,0
2164,0,1,0,4,14,False,94,1,155,411,2.055,0
2165,0,1,0,4,7,False,206,0,69,69,0.345,0
2166,0,1,0,4,14,False,195,3,113,881,4.405,0
2167,0,1,0,4,7,False,33,0,66,66,0.33,0
2168,0,1,0,4,7,False,30,0,182,182,0.91,0
2169,0,1,0,4,7,False,212,1,53,309,1.545,0
2170,0,1,0,4,11,False,140,7,238,2030,10.15,0
2171,0,1,0,4,8,False,116,8,195,2243,11.215,0
2172,0,1,0,4,7,False,55,1,119,375,1.875,0
2173,0,1,0,4,7,False,231,1,156,412,2.06,0
2174,0,1,0,4,7,False,158,2,50,562,2.81,0
2175,0,1,0,4,7,False,133,1,100,356,1.78,0
2176,0,1,0,4,7,False,248,2,113,625,3.125,0
2177,0,1,0,4,8,False,204,10,36,2596,12.98,0
2178,0,1,0,4,31,False,115,9,21,2325,11.625,0
2179,0,1,0,4,8,False,125,1,149,405,2.025,0
2180,0,1,0,4,6,False,208,1,38,294,1.47,0
2181,0,1,0,4,8,False,17,1,1,257,1.285,0
2182,0,1,0,4,9,False,207,3,195,963,4.815,0
2183,0,1,0,4,8,False,151,0,226,226,1.13,0
2184,0,1,0,4,6,False,231,1,77,333,1.665,0
2185,0,1,0,4,8,False,50,3,126,894,4.47,0
2186,0,1,0,4,6,False,111,0,212,212,1.06,0
2187,0,1,0,4,7,False,77,1,4,260,1.3,0
2188,0,1,0,4,9,False,133,4,231,1255,6.275,0
2189,0,1,0,4,7,False,184,0,254,254,1.27,0
2190,0,1,0,4,11,False,125,9,244,2548,12.74,0
2191,0,1,0,4,8,False,127,6,155,1691,8.455,0
2192,0,1,0,4,7,False,13,0,189,189,0.945,0
2193,0,1,0,4,8,False,216,0,153,153,0.765,0
2194,0,1,0,4,12,False,105,10,231,2791,13.955,0
2195,0,1,0,4,8,False,111,1,163,419,2.095,0
2196,0,1,0,4,11,False,50,1,135,391,1.955,0
2197,0,1,0,4,8,False,253,1,238,494,2.47,0
2198,0,1,0,4,7,False,77,1,187,443,2.215,0
2199,0,1,0,4,8,False,91,6,204,1740,8.7,0
2200,0,1,0,4,7,False,231,1,245,501,2.505,0
2201,0,1,0,4,7,False,215,0,57,57,0.285,0
2202,0,1,0,4,10,False,186,1,131,387,1.935,0
2203,0,1,0,4,7,False,15,0,59,59,0.295,0
2204,0,1,0,4,11,False,212,1,93,349,1.745,0
2205,0,1,0,4,8,False,143,6,37,1573,7.865,0
2206,0,1,0,4,11,False,81,1,254,510,2.55,0
2207,0,1,0,4,8,False,31,1,235,491,2.455,0
2208,0,1,0,4,7,False,253,1,220,476,2.38,0
2209,0,1,0,4,8,False,110,1,111,367,1.835,0
2210,0,1,0,4,7,False,70,5,106,1386,6.93,0
2211,0,1,0,4,8,False,32,2,3,515,2.575,0
2212,0,1,0,4,7,False,214,0,117,117,0.585,0
2213,0,1,0,4,8,False,95,2,21,533,2.665,0
2214,0,1,0,4,10,False,70,0,118,118,0.59,0
2215,0,1,0,4,7,False,195,0,111,111,0.555,0
2216,0,1,0,4,11,False,144,14,226,3810,19.05,0
2217,0,1,0,4,8,False,116,4,189,1213,6.065,0
2218,0,1,0,4,11,False,54,2,37,549,2.745,0
2219,0,1,0,4,7,False,159,0,182,182,0.91,0
2220,0,1,0,4,11,False,74,2,51,563,2.815,0
2221,0,1,0,4,8,False,200,2,165,677,3.385,0
2222,0,1,0,4,7,False,238,0,89,89,0.445,0
2223,0,1,0,4,8,False,189,1,162,418,2.09,0
2224,0,1,0,4,7,False,105,0,113,113,0.565,0
2225,0,1,0,4,7,False,159,0,203,203,1.015,0
2226,0,1,0,4,41,False,0,1,4,260,1.3,0
2227,0,1,0,4,8,False,99,2,184,696,3.48,0
2228,0,1,0,4,63,True,1,6,4,1540,7.7,0
2229,0,1,0,4,8,False,39,2,125,637,3.185,0
2230,0,1,0,4,61,False,1,8,4,2052,10.26,0
2231,0,1,0,4,8,False,120,1,14,270,1.35,0
2232,0,1,0,4,8,True,4,9,83,2387,11.935,0
2233,0,1,0,4,8,False,203,0,152,152,0.76,0
2234,0,1,0,2,63,True,4,0,0,0,0.0,0
2235,0,1,0,4,8,False,175,2,13,525,2.625,0
2236,0,1,1,2,7,True,11,0,0,0,0.0,0
2237,0,1,0,4,8,False,175,2,33,545,2.725,0
2238,0,1,0,0,0,False,0,0,0,0,0.0,0
2239,0,1,0,4,7,False,107,0,67,67,0.335,0
2240,0,1,26,0,0,False,0,0,0,0,0.0,0
2241,0,1,0,4,8,False,106,1,182,438,2.19,0
2242,0,1,30,4,9,False,157,1,9,265,1.325,0
2243,0,1,0,4,8,False,231,0,69,69,0.345,0
2244,0,1,25,1,1,False,0,0,0,0,0.0,0
2245,0,1,0,4,8,False,151,0,145,145,0.725,0
2246,0,1,21,3,4,False,10,15,0,3840,19.2,0
2247,0,1,0,4,8,False,233,0,218,218,1.09,0
2248,0,1,0,4,5,False,182,10,107,2667,13.335,0
2249,0,1,0,4,8,False,100,0,84,84,0.42,0
2250,0,1,0,0,0,False,0,0,0,0,0.0,0
2251,0,1,0,4,7,False,204,0,117,117,0.585,0
2252,0,1,0,4,16,False,1,10,4,2564,12.82,0
2253,0,1,0,4,8,False,22,2,57,569,2.845,0
2254,0,1,1,3,4,False,5,12,0,3072,15.36,0
2255,0,1,0,4,7,False,69,0,62,62,0.31,0
2256,0,1,0,0,0,False,0,0,0,0,0.0,0
2257,0,1,0,4,8,False,14,3,100,868,4.34,0
2258,0,1,9,7,4,False,6,13,0,3328,16.64,310532
2259,0,1,0,4,7,False,36,0,37,37,0.185,0
2260,0,1,0,7,5,False,0,9,4,2308,11.54,656393
2261,0,1,0,4,7,False,133,0,133,133,0.665,0
2262,0,1,24,2,0,False,218,0,0,0,0.0,0
2263,0,1,0,4,7,False,73,0,65,65,0.325,0
2264,0,1,0,4,10,False,4,1,253,509,2.545,0
2265,0,1,0,4,8,False,227,7,153,1945,9.725,0
2266,0,1,0,4,9,False,69,1,97,353,1.765,0
2267,0,1,0,4,8,False,79,10,14,2574,12.87,0
2268,0,1,0,4,0,False,13,11,145,2961,14.805,0
2269,0,1,0,4,8,False,104,0,173,173,0.865,0
2270,0,1,0,4,42,False,165,1,35,291,1.455,0
2271,0,1,0,4,8,False,131,3,167,935,4.675,0
2272,0,1,0,4,0,False,218,1,146,402,2.01,0
2273,0,1,0,4,8,False,231,4,181,1205,6.025,0
2274,0,1,0,4,5,False,80,0,245,245,1.225,0
2275,0,1,0,4,7,False,33,0,254,254,1.27,0
2276,0,1,0,4,11,False,66,10,2,2562,12.81,0
2277,0,1,0,4,7,False,168,0,63,63,0.315,0
2278,0,1,0,4,10,False,136,2,162,674,3.37,0
2279,0,1,0,4,7,False,29,0,76,76,0.38,0
2280,0,1,0,4,6,False,33,0,106,106,0.53,0
2281,0,1,0,4,8,False,183,9,42,2346,11.73,0
2282,0,1,0,4,8,False,24,0,89,89,0.445,0
2283,0,1,0,4,8,False,27,1,230,486,2.43,0
2284,0,1,0,4,6,False,30,0,72,72,0.36,0
2285,0,1,0,4,8,False,103,0,186,186,0.93,0
2286,0,1,0,4,9,False,23,1,169,425,2.125,0
2287,0,1,0,4,8,False,18,0,91,91,0.455,0
2288,0,1,0,4,10,False,27,6,182,1718,8.59,0
2289,0,1,0,4,9,False,187,5,192,1472,7.36,0
2290,0,1,0,4,9,False,28,1,79,335,1.675,0
2291,0,1,0,4,8,False,246,1,37,293,1.465,0
2292,0,1,0,4,10,False,137,7,185,1977,9.885,0
2293,0,1,0,4,8,False,166,2,75,587,2.935,0
2294,0,1,0,4,10,False,19,0,78,78,0.39,0
2295,0,1,0,4,8,False,15,0,234,234,1.17,0
2296,0,1,0,4,11,False,247,0,254,254,1.27,0
2297,0,1,0,4,8,False,130,1,22,278,1.39,0
2298,0,1,0,4,10,False,254,0,66,66,0.33,0
2299,0,1,0,4,8,False,12,2,127,639,3.195,0
2300,0,1,0,4,10,False,144,1,223,479,2.395,0
2301,0,1,0,4,8,False,117,3,175,943,4.715,0
2302,0,1,0,4,15,False,8,4,4,1028,5.14,0
2303,0,1,0,4,7,False,185,0,78,78,0.39,0
2304,0,1,1,1,44,True,0,0,0,0,0.0,0
2305,0,1,0,4,7,False,78,0,118,118,0.59,0
2306,0,1,0,1,55,False,0,0,0,0,0.0,0
2307,0,1,0,4,7,False,147,0,58,58,0.29,0
2308,0,1,0,4,5,False,198,4,0,1024,5.12,0
2309,0,1,0,4,7,False,244,0,81,81,0.405,0
2310,0,1,6,6,1,False,13,10,10,2570,12.85,186
2311,0,1,0,4,7,False,112,0,81,81,0.405,0
2312,0,1,8,5,10,False,144,1,4,260,1.3,5
2313,0,1,0,4,7,False,201,0,76,76,0.38,0
2314,0,1,30,0,0,False,0,0,0,0,0.0,0
2315,0,1,0,4,8,False,151,13,219,3547,17.735,0
2316,0,1,0,0,0,False,0,0,0,0,0.0,0
2317,0,1,0,4,8,False,255,0,196,196,0.98,0
2318,0,1,0,4,7,False,112,0,113,113,0.565,0
2319,0,1,0,4,8,False,255,1,51,307,1.535,0
2320,0,1,0,4,6,False,74,15,1,3841,19.205,0
2321,0,1,0,4,8,False,115,1,29,285,1.425,0
2322,0,1,10,2,0,False,166,0,0,0,0.0,0
2323,0,1,0,4,8,False,55,0,227,227,1.135,0
2324,0,1,14,0,0,False,0,0,0,0,0.0,0
2325,0,1,0,4,8,False,117,1,16,272,1.36,0
2326,0,1,0,4,9,False,10,2,5,517,2.585,0
2327,0,1,0,4,7,False,14,0,135,135,0.675,0
2328,0,1,0,0,0,False,0,0,0,0,0.0,0
2329,0,1,0,4,8,False,109,4,153,1177,5.885,0
2330,0,1,6,7,1,False,12,3,2,770,3.85,721922
2331,0,1,0,4,8,False,176,1,39,295,1.475,0
2332,0,1,14,6,1,False,4,7,10,1802,9.01,0
2333,0,1,0,4,7,False,58,1,50,306,1.53,0
2334,0,1,5,1,4,False,0,0,0,0,0.0,0
2335,0,1,0,4,8,False,177,5,187,1467,7.335,0
2336,0,1,1,4,48,False,0,15,4,3844,19.22,0
2337,0,1,0,4,8,False,58,1,203,459,2.295,0
2338,0,1,1,1,60,False,0,0,0,0,0.0,0
2339,0,1,0,4,8,False,133,1,211,467,2.335,0
2340,0,1,0,0,0,False,0,0,0,0,0.0,0
2341,0,1,0,4,7,False,22,0,77,77,0.385,0
2342,0,1,15,5,4,False,9,11,0,2816,14.08,116
2343,0,1,0,4,8,False,84,4,242,1266,6.33,0
2344,0,1,0,4,10,False,59,1,202,458,2.29,0
2345,0,1,0,4,8,False,224,2,232,744,3.72,0
2346,0,1,0,4,10,False,134,3,156,924,4.62,0
2347,0,1,0,4,8,False,75,0,236,236,1.18,0
2348,0,1,0,4,9,False,254,0,234,234,1.17,0
2349,0,1,0,4,8,False,145,1,162,418,2.09,0
2350,0,1,0,4,10,False,178,5,110,1390,6.95,0
2351,0,1,0,4,8,False,25,1,207,463,2.315,0
2352,0,1,0,4,10,False,31,1,245,501,2.505,0
2353,0,1,0,4,8,False,180,0,117,117,0.585,0
2354,0,1,0,4,10,False,128,1,118,374,1.87,0
2355,0,1,0,4,8,False,41,1,240,496,2.48,0
2356,0,1,0,4,10,False,244,1,96,352,1.76,0
2357,0,1,0,4,8,False,83,0,240,240,1.2,0
2358,0,1,0,4,11,False,101,14,220,3804,19.02,0
2359,0,1,0,4,8,False,10,2,5,517,2.585,0
2360,0,1,0,4,37,False,14,12,4,3076,15.38,0
2361,0,1,0,4,7,False,99,0,71,71,0.355,0
2362,0,1,0,4,42,False,1,13,4,3332,16.66,0
2363,0,1,0,4,8,False,247,3,109,877,4.385,0
2364,0,1,0,4,1,False,48,14,251,3835,19.175,0
2365,0,1,0,4,7,False,58,0,67,67,0.335,0
2366,0,1,0,4,7,False,99,0,60,60,0.3,0
2367,0,1,0,4,8,False,252,4,37,1061,5.305,0
2368,0,1,1,2,5,False,165,0,0,0,0.0,0
2369,0,1,0,4,8,False,99,0,119,119,0.595,0
2370,0,1,12,7,39,False,4,4,9,1033,5.165,6818237
2371,0,1,0,4,8,False,157,1,147,403,2.015,0
2372,0,1,0,1,33,True,0,0,0,0,0.0,0
2373,0,1,0,4,8,False,67,1,217,473,2.365,0
2374,0,1,10,2,4,False,7,0,0,0,0.0,0
2375,0,1,0,4,8,False,173,1,146,402,2.01,0
2376,0,1,0,4,5,False,154,0,88,88,0.44,0
2377,0,1,0,4,7,False,174,0,54,54,0.27,0
2378,0,1,28,7,0,False,176,4,9,1033,5.165,13305735
2379,0,1,0,4,8,False,103,2,115,627,3.135,0
2380,0,1,0,4,7,False,200,0,82,82,0.41,0
2381,0,1,0,4,7,False,199,1,32,288,1.44,0
2382,0,1,0,7,18,False,2,4,9,1033,5.165,72206
2383,0,1,0,4,8,False,139,5,88,1368,6.84,0
2384,0,1,0,4,5,False,184,1,139,395,1.975,0
2385,0,1,0,4,7,False,22,0,65,65,0.325,0
2386,0,1,14,7,4,False,9,4,7,1031,5.155,328899
2387,0,1,0,4,8,False,95,4,89,1113,5.565,0
2388,0,1,2,6,0,False,75,4,10,1034,5.17,2582
2389,0,1,0,4,8,False,26,1,174,430,2.15,0
2390,0,1,16,2,4,False,8,0,0,0,0.0,0
2391,0,1,0,4,8,False,192,0,231,231,1.155,0
2392,0,1,2,6,3,False,136,4,8,1032,5.16,204
2393,0,1,0,4,8,False,10,0,195,195,0.975,0
2394,0,1,22,3,4,False,5,6,0,1536,7.68,0
2395,0,1,0,4,7,False,160,0,88,88,0.44,0
2396,0,1,0,0,0,False,0,0,0,0,0.0,0
2397,0,1,0,4,8,False,246,3,253,1021,5.105,0
2398,0,1,8,3,4,False,8,1,0,256,1.28,0
2399,0,1,0,4,9,False,68,2,245,757,3.785,0
2400,0,1,0,1,37,True,0,0,0,0,0.0,0
2401,0,1,0,4,8,False,95,0,70,70,0.35,0
2402,0,1,0,4,9,False,241,3,254,1022,5.11,0
2403,0,1,0,4,8,False,254,0,89,89,0.445,0
2404,0,1,0,4,11,False,69,7,199,1991,9.955,0
2405,0,1,0,4,8,False,131,0,255,255,1.275,0
2406,0,1,0,4,5,False,160,0,50,50,0.25,0
2407,0,1,0,4,8,False,0,2,29,541,2.705,0
2408,0,1,0,4,8,False,242,3,203,971,4.855,0
2409,0,1,0,4,7,False,4,0,85,85,0.425,0
2410,0,1,0,4,11,False,106,14,90,3674,18.37,0
2411,0,1,0,4,7,False,109,0,10,10,0.05,0
2412,0,1,0,4,11,False,255,1,39,295,1.475,0
2413,0,1,0,4,8,False,42,6,0,1536,7.68,0
2414,0,1,0,4,8,False,132,0,58,58,0.29,0
2415,0,1,0,4,8,False,184,1,38,294,1.47,0
2416,0,1,0,4,8,False,255,2,0,512,2.56,0
2417,0,1,0,4,8,False,83,0,199,199,0.995,0
2418,0,1,0,4,9,False,0,0,64,64,0.32,0
2419,0,1,0,4,8,False,114,1,137,393,1.965,0
2420,0,1,0,4,63,True,2,4,4,1028,5.14,0
2421,0,1,0,4,7,False,2,0,57,57,0.285,0
2422,0,1,0,4,63,True,3,4,9,1033,5.165,0
2423,0,1,0,4,8,False,82,2,105,617,3.085,0
2424,0,1,0,2,2,False,2,0,0,0,0.0,0
2425,0,1,0,4,8,False,236,2,111,623,3.115,0
2426,0,1,21,2,4,False,11,0,0,0,0.0,0
2427,0,1,0,4,9,False,107,8,234,2282,11.41,0
2428,0,1,20,1,14,False,0,0,0,0,0.0,0
2429,0,1,0,4,8,False,138,0,143,143,0.715,0
2430,0,1,4,4,4,False,9,11,3,2819,14.095,0
2431,0,1,0,4,8,False,40,0,231,231,1.155,0
2432,0,1,30,3,1,False,238,3,0,768,3.84,0
2433,0,1,0,0,0,False,0,0,0,0,0.0,0
2434,0,1,8,6,4,False,11,5,0,1280,6.4,2554
2435,0,1,0,0,0,False,0,0,0,0,0.0,0
2436,0,1,20,1,7,True,0,0,0,0,0.0,0
2437,0,1,0,0,0,False,0,0,0,0,0.0,0
2438,0,1,30,3,1,False,144,4,0,1024,5.12,0
2439,0,1,0,7,4,False,7,12,0,3072,15.36,525561
2440,0,1,0,0,0,False,0,0,0,0,0.0,0
2441,0,1,0,7,5,False,225,4,7,1031,5.155,4194347
2442,0,1,16,3,4,False,4,4,0,1024,5.12,0
2443,0,1,0,4,8,False,85,3,123,891,4.455,0
2444,0,1,1,3,7,False,4,9,0,2304,11.52,0
2445,0,1,0,4,7,False,106,0,130,130,0.65,0
2446,0,1,0,1,4,False,0,0,0,0,0.0,0
2447,0,1,0,4,8,False,31,4,194,1218,6.09,0
2448,0,1,10,6,0,False,6,12,3,3075,15.375,516
2449,0,1,0,4,7,False,64,0,65,65,0.325,0
2450,0,1,27,7,4,False,4,6,86,1622,8.11,2820096
2451,0,1,0,4,8,False,197,2,101,613,3.065,0
2452,0,1,0,0,0,False,0,0,0,0,0.0,0
2453,0,1,0,4,8,False,73,3,91,859,4.295,0
2454,0,1,0,6,0,False,72,4,9,1033,5.165,260
2455,0,1,0,4,9,False,213,9,191,2495,12.475,0
2456,0,1,7,7,4,False,2,8,4,2052,10.26,19209
2457,0,1,0,4,8,False,20,0,67,67,0.335,0
2458,0,1,29,5,21,True,4,9,41,2345,11.725,0
2459,0,1,0,4,8,False,35,2,106,618,3.09,0
2460,0,1,21,3,4,False,10,15,0,3840,19.2,0
2461,0,1,0,4,8,False,178,2,31,543,2.715,0
2462,0,1,0,6,51,False,4,9,35,2339,11.695,45826
2463,0,1,0,4,7,False,4,0,109,109,0.545,0
2464,0,1,0,0,0,False,0,0,0,0,0.0,0
2465,0,1,0,4,7,False,237,0,118,118,0.59,0
2466,0,1,12,7,16,False,4,7,4,1796,8.98,97028
2467,0,1,0,4,8,False,1,6,20,1556,7.78,0
2468,0,1,15,3,4,False,6,3,0,768,3.84,0
2469,0,1,0,4,8,False,199,1,40,296,1.48,0
2470,0,1,0,0,0,False,0,0,0,0,0.0,0
2471,0,1,0,4,8,False,86,1,17,273,1.365,0
2472,0,1,9,1,4,False,0,0,0,0,0.0,0
2473,0,1,0,4,8,False,131,0,136,136,0.68,0
2474,0,1,1,1,20,False,0,0,0,0,0.0,0
2475,0,1,0,4,9,False,243,0,58,58,0.29,0
2476,0,1,0,4,4,False,212,8,93,2141,10.705,0
2477,0,1,0,4,8,False,247,0,98,98,0.49,0
2478,0,1,0,2,10,False,151,0,0,0,0.0,0
2479,0,1,0,4,8,False,171,2,185,697,3.485,0
2480,0,1,1,5,19,True,4,15,4,3844,19.22,8
2481,0,1,0,4,7,False,225,0,70,70,0.35,0
2482,0,1,0,4,9,False,97,1,67,323,1.615,0
2483,0,1,0,4,7,False,76,0,73,73,0.365,0
2484,0,1,29,2,0,False,81,0,0,0,0.0,0
2485,0,1,0,4,8,False,10,4,217,1241,6.205,0
2486,0,1,0,4,7,False,44,0,87,87,0.435,0
2487,0,1,0,4,8,False,75,1,60,316,1.58,0
2488,0,1,0,4,7,False,76,0,70,70,0.35,0
2489,0,1,0,4,8,False,191,2,21,533,2.665,0
2490,0,1,0,4,9,False,113,5,162,1442,7.21,0
2491,0,1,0,4,7,False,33,0,58,58,0.29,0
2492,0,1,0,4,9,False,187,1,223,479,2.395,0
2493,0,1,0,4,8,False,107,2,116,628,3.14,0
2494,0,1,0,4,5,False,33,0,64,64,0.32,0
2495,0,1,0,4,7,False,218,0,53,53,0.265,0
2496,0,1,0,4,9,False,70,2,5,517,2.585,0
2497,0,1,0,4,8,False,186,1,255,511,2.555,0
2498,0,1,0,4,9,False,58,1,145,401,2.005,0
2499,0,1,0,4,8,False,212,1,47,303,1.515,0
2500,0,1,0,4,9,False,133,0,83,83,0.415,0
2501,0,1,0,4,8,False,129,1,52,308,1.54,0
2502,0,1,0,4,5,False,233,0,71,71,0.355,0
2503,0,1,0,4,8,False,32,1,212,468,2.34,0
2504,0,1,0,4,9,False,27,1,187,443,2.215,0
2505,0,1,0,4,7,False,79,0,76,76,0.38,0
2506,0,1,0,4,9,False,38,0,176,176,0.88,0
2507,0,1,0,4,8,False,216,3,158,926,4.63,0
2508,0,1,0,4,5,False,79,0,181,181,0.905,0
2509,0,1,0,4,9,False,97,4,31,1055,5.275,0
2510,0,1,0,4,7,False,79,0,69,69,0.345,0
2511,0,1,0,4,8,False,215,2,175,687,3.435,0
2512,0,1,0,4,9,False,227,3,55,823,4.115,0
2513,0,1,0,4,7,False,34,0,78,78,0.39,0
2514,0,1,0,4,9,False,211,3,143,911,4.555,0
2515,0,1,0,4,7,False,195,1,56,312,1.56,0
2516,0,1,0,4,9,False,48,1,151,407,2.035,0
2517,0,1,0,4,7,False,42,0,183,183,0.915,0
2518,0,1,0,4,5,False,189,1,146,402,2.01,0
2519,0,1,0,4,7,False,146,0,145,145,0.725,0
2520,0,1,0,4,6,False,189,1,49,305,1.525,0
2521,0,1,0,4,8,False,243,11,126,2942,14.71,0
2522,0,1,0,4,7,False,146,1,103,359,1.795,0
2523,0,1,0,4,8,False,76,0,111,111,0.555,0
2524,0,1,0,4,8,False,199,0,76,76,0.38,0
2525,0,1,0,4,7,False,210,0,156,156,0.78,0
2526,0,1,0,4,9,False,160,9,1,2305,11.525,0
2527,0,1,0,4,8,False,123,2,71,583,2.915,0
2528,0,1,0,4,5,False,210,0,164,164,0.82,0
2529,0,1,0,4,8,False,17,0,237,237,1.185,0
2530,0,1,0,4,6,False,206,0,35,35,0.175,0
2531,0,1,0,4,7,False,91,0,63,63,0.315,0
2532,0,1,0,7,51,True,0,4,9,1033,5.165,7930390
2533,0,1,0,4,7,False,1,0,130,130,0.65,0
2534,0,1,0,4,9,False,177,3,186,954,4.77,0
2535,0,1,0,4,7,False,130,0,62,62,0.31,0
2536,0,1,11,6,19,True,4,9,37,2341,11.705,1281
2537,0,1,0,4,8,False,63,9,14,2318,11.59,0
2538,0,1,16,2,0,False,77,0,0,0,0.0,0
2539,0,1,0,4,7,False,84,0,189,189,0.945,0
2540,0,1,17,5,4,False,10,2,0,512,2.56,70
2541,0,1,0,4,8,False,74,15,118,3958,19.79,0
2542,0,1,0,4,9,False,160,8,88,2136,10.68,0
2543,0,1,0,4,7,False,106,0,63,63,0.315,0
2544,0,1,0,4,5,False,38,0,59,59,0.295,0
2545,0,1,0,4,8,False,105,1,59,315,1.575,0
2546,0,1,0,4,7,False,107,0,55,55,0.275,0
2547,0,1,0,4,8,False,48,2,19,531,2.655,0
2548,0,1,0,4,9,False,101,4,237,1261,6.305,0
2549,0,1,0,4,7,False,55,0,125,125,0.625,0
2550,0,1,0,4,9,False,44,2,223,735,3.675,0
2551,0,1,0,4,7,False,3,0,177,177,0.885,0
2552,0,1,0,4,5,False,140,0,63,63,0.315,0
2553,0,1,0,4,8,False,217,10,193,2753,13.765,0
2554,0,1,0,4,5,False,247,0,196,196,0.98,0
2555,0,1,0,4,8,False,158,2,162,674,3.37,0
2556,0,1,0,4,6,False,253,0,114,114,0.57,0
2557,0,1,0,4,7,False,233,0,84,84,0.42,0
2558,0,1,0,4,7,False,252,1,64,320,1.6,0
2559,0,1,0,4,8,False,115,3,118,886,4.43,0
2560,0,1,0,4,5,False,233,0,71,71,0.355,0
2561,0,1,0,4,8,False,211,1,172,428,2.14,0
2562,0,1,0,4,7,False,233,0,70,70,0.35,0
2563,0,1,0,4,7,False,46,0,50,50,0.25,0
2564,0,1,0,4,9,False,153,4,214,1238,6.19,0
2565,0,1,0,4,8,False,169,3,47,815,4.075,0
2566,0,1,0,4,5,False,46,0,76,76,0.38,0
2567,0,1,0,4,7,False,41,0,131,131,0.655,0
2568,0,1,0,4,7,False,46,0,67,67,0.335,0
2569,0,1,0,4,8,False,210,3,233,1001,5.005,0
2570,0,1,0,4,9,False,88,3,246,1014,5.07,0
2571,0,1,0,4,8,False,55,7,156,1948,9.74,0
2572,0,1,0,4,9,False,205,5,100,1380,6.9,0
2573,0,1,0,4,8,False,151,2,63,575,2.875,0
2574,0,1,0,4,9,False,55,2,173,685,3.425,0
2575,0,1,0,4,7,False,220,0,88,88,0.44,0
2576,0,1,0,4,9,False,176,5,200,1480,7.4,0
2577,0,1,0,4,8,False,130,3,149,917,4.585,0
2578,0,1,0,4,5,False,220,0,111,111,0.555,0
2579,0,1,0,4,8,False,32,1,19,275,1.375,0
2580,0,1,0,4,6,False,220,0,89,89,0.445,0
2581,0,1,0,4,7,False,50,1,79,335,1.675,0
2582,0,1,0,4,7,False,33,0,117,117,0.585,0
2583,0,1,0,4,8,False,220,5,250,1530,7.65,0
2584,0,1,0,4,5,False,50,1,199,455,2.275,0
2585,0,1,0,4,7,False,49,0,60,60,0.3,0
2586,0,1,0,4,6,False,33,0,227,227,1.135,0
2587,0,1,0,4,8,False,117,1,121,377,1.885,0
2588,0,1,26,6,9,False,4,7,50,1842,9.21,2305
2589,0,1,0,4,8,False,123,2,221,733,3.665,0
2590,0,1,0,4,9,False,19,10,173,2733,13.665,0
2591,0,1,0,4,7,False,134,0,166,166,0.83,0
2592,0,1,4,1,33,False,0,0,0,0,0.0,0
2593,0,1,0,4,8,False,84,7,32,1824,9.12,0
2594,0,1,1,2,49,False,4,0,0,0,0.0,0
2595,0,1,0,4,7,False,138,0,142,142,0.71,0
2596,0,1,0,4,4,False,7,4,4,1028,5.14,0
2597,0,1,0,4,8,False,20,3,251,1019,5.095,0
2598,0,1,1,0,0,False,0,0,0,0,0.0,0
2599,0,1,0,4,8,False,127,2,81,593,2.965,0
2600,0,1,5,1,9,False,0,0,0,0,0.0,0
2601,0,1,0,4,8,False,153,1,59,315,1.575,0
2602,0,1,15,4,1,False,87,5,4,1284,6.42,0
2603,0,1,0,4,9,False,25,7,103,1895,9.475,0
2604,0,1,0,6,58,False,3,2,4,516,2.58,35591
2605,0,1,0,4,8,False,83,0,100,100,0.5,0
2606,0,1,0,0,0,False,0,0,0,0,0.0,0
2607,0,1,0,4,7,False,248,0,156,156,0.78,0
2608,0,1,13,5,4,False,8,11,0,2816,14.08,73
2609,0,1,0,4,7,False,41,0,56,56,0.28,0
2610,0,1,0,4,8,False,95,3,190,958,4.79,0
2611,0,1,0,4,7,False,126,0,54,54,0.27,0
2612,0,1,0,4,9,False,139,1,106,362,1.81,0
2613,0,1,0,4,8,False,46,10,164,2724,13.62,0
2614,0,1,0,4,10,False,68,0,177,177,0.885,0
2615,0,1,0,4,8,False,166,1,66,322,1.61,0
2616,0,1,0,4,11,False,217,11,32,2848,14.24,0
2617,0,1,0,4,8,False,89,1,22,278,1.39,0
2618,0,1,0,4,5,False,248,0,162,162,0.81,0
2619,0,1,0,4,8,False,200,1,235,491,2.455,0
2620,0,1,0,4,5,False,126,0,63,63,0.315,0
2621,0,1,0,4,8,False,50,1,128,384,1.92,0
2622,0,1,0,4,8,False,47,6,198,1734,8.67,0
2623,0,1,0,4,8,False,156,3,130,898,4.49,0
2624,0,1,0,4,8,False,153,1,101,357,1.785,0
2625,0,1,0,4,7,False,242,0,127,127,0.635,0
2626,0,1,0,4,9,False,47,2,90,602,3.01,0
2627,0,1,0,4,8,False,114,2,137,649,3.245,0
2628,0,1,0,4,8,False,151,0,90,90,0.45,0
2629,0,1,0,4,7,False,214,0,51,51,0.255,0
2630,0,1,0,4,8,False,19,0,181,181,0.905,0
2631,0,1,0,4,8,False,130,2,203,715,3.575,0
2632,0,1,0,4,8,False,120,0,136,136,0.68,0
2633,0,1,0,4,7,False,192,0,109,109,0.545,0
2634,0,1,0,4,5,False,232,0,57,57,0.285,0
2635,0,1,0,4,8,False,80,4,179,1203,6.015,0
2636,0,1,0,4,8,False,229,2,24,536,2.68,0
2637,0,1,0,4,8,False,217,2,112,624,3.12,0
2638,0,1,0,4,8,False,214,0,62,62,0.31,0
2639,0,1,0,4,7,False,55,0,130,130,0.65,0
2640,0,1,0,4,8,False,49,1,107,363,1.815,0
2641,0,1,0,4,7,False,203,0,89,89,0.445,0
2642,0,1,0,4,8,False,237,3,61,829,4.145,0
2643,0,1,0,4,7,False,43,0,129,129,0.645,0
2644,0,1,0,4,9,False,188,1,154,410,2.05,0
2645,0,1,0,4,8,False,198,8,71,2119,10.595,0
2646,0,1,0,4,8,False,208,1,9,265,1.325,0
2647,0,1,0,4,8,False,48,1,171,427,2.135,0
2648,0,1,0,4,5,False,55,0,75,75,0.375,0
2649,0,1,0,4,7,False,175,0,176,176,0.88,0
2650,0,1,0,4,5,False,203,0,68,68,0.34,0
2651,0,1,0,4,8,False,146,3,35,803,4.015,0
2652,0,1,0,4,54,True,4,5,250,1530,7.65,0
2653,0,1,0,4,7,False,195,0,57,57,0.285,0
2654,0,1,0,4,4,False,7,0,0,0,0.0,0
2655,0,1,0,4,7,False,83,0,200,200,1.0,0
2656,0,1,23,5,63,False,7,3,4,772,3.86,7
2657,0,1,0,4,7,False,248,0,204,204,1.02,0
2658,0,1,17,3,1,False,225,4,0,1024,5.12,0
2659,0,1,0,4,8,False,138,9,189,2493,12.465,0
2660,0,1,25,4,0,False,1,8,4,2052,10.26,0
2661,0,1,0,4,7,False,232,0,58,58,0.29,0
2662,0,1,11,1,51,True,0,0,0,0,0.0,0
2663,0,1,0,4,7,False,52,0,61,61,0.305,0
2664,0,1,0,0,0,False,0,0,0,0,0.0,0
2665,0,1,0,4,8,False,200,6,225,1761,8.805,0
2666,0,1,8,2,4,False,119,0,0,0,0.0,0
2667,0,1,0,4,8,False,13,1,240,496,2.48,0
2668,0,1,29,0,0,False,0,0,0,0,0.0,0
2669,0,1,0,4,8,False,66,1,230,486,2.43,0
2670,0,1,1,0,0,False,0,0,0,0,0.0,0
2671,0,1,0,4,9,False,140,13,239,3567,17.835,0
2672,0,1,0,0,0,False,0,0,0,0,0.0,0
2673,0,1,0,4,8,False,219,2,244,756,3.78,0
2674,0,1,0,5,4,False,4,9,52,2356,11.78,9
2675,0,1,0,4,7,False,22,0,88,88,0.44,0
2676,0,1,0,4,0,False,122,4,9,1033,5.165,0
2677,0,1,0,7,22,False,0,8,4,2052,10.26,42503
2678,0,1,19,5,3,False,0,14,4,3588,17.94,5
2679,0,1,0,6,4,False,7,1,0,256,1.28,1104
2680,0,1,0,6,39,True,0,2,22,534,2.67,42496
2681,0,1,0,7,48,True,0,15,4,3844,19.22,407048
2682,0,1,0,0,0,False,0,0,0,0,0.0,0
2683,0,1,0,6,4,False,9,3,4,772,3.86,1228
2684,0,1,21,3,9,False,167,4,0,1024,5.12,0
2685,0,1,0,0,0,False,0,0,0,0,0.0,0
2686,0,1,0,5,4,True,33,10,211,2771,13.855,4
2687,0,1,0,0,0,False,0,0,0,0,0.0,0
2688,0,1,21,4,0,False,187,4,10,1034,5.17,0
2689,0,1,0,0,0,False,0,0,0,0,0.0,0
2690,0,1,6,6,44,True,4,10,252,2812,14.06,1028
2691,0,1,0,7,4,False,7,11,0,2816,14.08,459883
2692,0,1,1,1,43,False,0,0,0,0,0.0,0
2693,0,1,0,2,0,False,75,0,0,0,0.0,0
2694,0,1,0,3,40,False,4,11,0,2816,14.08,0
2695,0,1,0,4,7,False,164,0,73,73,0.365,0
2696,0,1,0,4,10,False,4,9,116,2420,12.1,0
2697,0,1,0,4,8,False,69,8,161,2209,11.045,0
2698,0,1,0,1,6,True,0,0,0,0,0.0,0
2699,0,1,0,4,8,False,169,0,138,138,0.69,0
2700,0,1,0,4,9,False,218,2,186,698,3.49,0
2701,0,1,0,4,8,False,52,1,112,368,1.84,0
2702,0,1,0,4,10,False,219,1,242,498,2.49,0
2703,0,1,0,4,9,False,157,13,184,3512,17.56,0
2704,0,1,0,4,10,False,70,3,30,798,3.99,0
2705,0,1,0,4,7,False,227,0,79,79,0.395,0
2706,0,1,0,4,11,False,170,0,153,153,0.765,0
2707,0,1,0,4,8,False,123,3,97,865,4.325,0
2708,0,1,0,4,10,False,55,0,182,182,0.91,0
2709,0,1,0,4,7,False,152,0,64,64,0.32,0
2710,0,1,0,4,11,False,227,4,60,1084,5.42,0
2711,0,1,0,4,8,False,61,4,107,1131,5.655,0
2712,0,1,0,4,10,False,56,2,249,761,3.805,0
2713,0,1,0,4,8,False,226,0,186,186,0.93,0
2714,0,1,0,4,9,False,163,0,90,90,0.45,0
2715,0,1,0,4,7,False,19,0,52,52,0.26,0
2716,0,1,0,4,10,False,24,3,61,829,4.145,0
2717,0,1,0,4,8,False,177,5,232,1512,7.56,0
2718,0,1,0,4,11,False,67,11,211,3027,15.135,0
2719,0,1,0,4,8,False,58,1,98,354,1.77,0
2720,0,1,0,4,6,False,30,0,156,156,0.78,0
2721,0,1,0,4,8,False,186,1,233,489,2.445,0
2722,0,1,0,4,9,False,20,0,74,74,0.37,0
2723,0,1,0,4,8,False,65,0,166,166,0.83,0
2724,0,1,0,4,10,False,236,7,220,2012,10.06,0
2725,0,1,0,4,8,False,102,0,167,167,0.835,0
2726,0,1,0,4,10,False,105,0,63,63,0.315,0
2727,0,1,0,4,9,False,28,11,128,2944,14.72,0
2728,0,1,0,4,10,False,151,1,132,388,1.94,0
2729,0,1,0,4,7,False,33,0,124,124,0.62,0
2730,0,1,0,4,10,False,66,0,183,183,0.915,0
2731,0,1,0,4,8,False,234,2,51,563,2.815,0
2732,0,1,0,4,11,False,102,2,210,722,3.61,0
2733,0,1,0,4,8,False,117,0,199,199,0.995,0
2734,0,1,0,4,10,False,33,1,182,438,2.19,0
2735,0,1,0,4,7,False,192,0,66,66,0.33,0
2736,0,1,0,4,10,False,128,0,68,68,0.34,0
2737,0,1,0,4,7,False,64,0,62,62,0.31,0
2738,0,1,0,4,11,False,244,3,170,938,4.69,0
2739,0,1,0,4,7,False,149,0,66,66,0.33,0
2740,0,1,0,4,10,False,181,0,251,251,1.255,0
2741,0,1,0,4,7,False,69,0,138,138,0.69,0
2742,0,1,0,4,23,False,4,6,150,1686,8.43,0
2743,0,1,0,4,8,False,186,1,30,286,1.43,0
2744,0,1,0,0,0,False,0,0,0,0,0.0,0
2745,0,1,0,4,7,False,197,0,143,143,0.715,0
2746,0,1,0,4,4,False,5,5,1,1281,6.405,0
2747,0,1,0,4,8,False,105,0,192,192,0.96,0
2748,0,1,24,5,6,False,1,8,4,2052,10.26,6
2749,0,1,0,4,8,False,222,1,232,488,2.44,0
2750,0,1,0,6,38,False,4,7,192,1984,9.92,1
2751,0,1,0,4,8,False,72,0,72,72,0.36,0
2752,0,1,19,1,49,True,0,0,0,0,0.0,0
2753,0,1,0,4,8,False,216,0,240,240,1.2,0
2754,0,1,0,4,4,False,10,2,4,516,2.58,0
2755,0,1,0,4,9,False,60,6,75,1611,8.055,0
2756,0,1,0,4,29,False,69,1,8,264,1.32,0
2757,0,1,0,4,7,False,130,0,55,55,0.275,0
2758,0,1,0,4,0,False,196,4,10,1034,5.17,0
2759,0,1,0,4,7,False,221,0,246,246,1.23,0
2760,0,1,24,6,0,False,193,4,7,1031,5.155,249
2761,0,1,0,4,7,False,55,0,58,58,0.29,0
2762,0,1,21,6,4,False,7,8,0,2048,10.24,1110
2763,0,1,0,4,7,False,194,0,58,58,0.29,0
2764,0,1,0,7,24,True,0,15,4,3844,19.22,15367
2765,0,1,0,4,8,False,147,12,133,3205,16.025,0
2766,0,1,10,7,4,False,9,7,8,1800,9.0,656497
2767,0,1,0,4,8,False,66,3,4,772,3.86,0
2768,0,1,27,6,2,False,223,4,7,1031,5.155,563
2769,0,1,0,4,8,False,215,2,210,722,3.61,0
2770,0,1,1,1,4,False,0,0,0,0,0.0,0
2771,0,1,0,4,7,False,98,0,107,107,0.535,0
2772,0,1,1,3,2,True,5,5,0,1280,6.4,0
2773,0,1,0,4,8,False,176,3,147,915,4.575,0
2774,0,1,0,4,7,False,65,0,185,185,0.925,0
2775,0,1,0,4,8,False,72,0,217,217,1.085,0
2776,0,1,0,4,5,False,100,0,56,56,0.28,0
2777,0,1,0,4,7,False,91,0,154,154,0.77,0
2778,0,1,0,4,7,False,99,0,72,72,0.36,0
2779,0,1,0,4,8,False,218,3,200,968,4.84,0
2780,0,1,0,4,5,False,91,0,157,157,0.785,0
2781,0,1,0,4,8,False,125,2,87,599,2.995,0
2782,0,1,0,4,7,False,91,0,68,68,0.34,0
2783,0,1,0,4,7,False,230,0,55,55,0.275,0
2784,0,1,0,4,9,False,121,11,129,2945,14.725,0
2785,0,1,0,4,8,False,67,3,20,788,3.94,0
2786,0,1,0,4,9,False,229,1,200,456,2.28,0
2787,0,1,0,4,8,False,191,1,60,316,1.58,0
2788,0,1,0,4,9,False,63,0,231,231,1.155,0
2789,0,1,0,4,7,False,46,0,181,181,0.905,0
2790,0,1,0,4,9,False,191,1,22,278,1.39,0
2791,0,1,0,4,8,False,169,2,137,649,3.245,0
2792,0,1,0,4,5,False,46,1,4,260,1.3,0
2793,0,1,0,4,8,False,31,1,167,423,2.115,0
2794,0,1,0,4,6,False,37,0,63,63,0.315,0
2795,0,1,0,4,8,False,189,0,205,205,1.025,0
2796,0,1,0,4,7,False,46,0,184,184,0.92,0
2797,0,1,0,4,8,False,8,0,223,223,1.115,0
2798,0,1,0,4,9,False,224,4,31,1055,5.275,0
2799,0,1,0,4,7,False,108,0,67,67,0.335,0
2800,0,1,0,4,9,False,22,0,255,255,1.275,0
2801,0,1,0,4,8,False,52,1,138,394,1.97,0
2802,0,1,0,4,6,False,108,0,81,81,0.405,0
2803,0,1,0,4,7,False,54,0,67,67,0.335,0
2804,0,1,0,4,9,False,52,1,97,353,1.765,0
2805,0,1,0,4,8,False,254,4,240,1264,6.32,0
2806,0,1,0,4,5,False,54,0,80,80,0.4,0
2807,0,1,0,4,8,False,103,1,189,445,2.225,0
2808,0,1,0,4,9,False,254,3,170,938,4.69,0
2809,0,1,0,4,8,False,225,0,204,204,1.02,0
2810,0,1,0,4,9,False,119,7,25,1817,9.085,0
2811,0,1,0,4,8,False,125,1,53,309,1.545,0
2812,0,1,0,4,9,False,202,0,171,171,0.855,0
2813,0,1,0,4,7,False,172,0,63,63,0.315,0
2814,0,1,1,3,57,False,0,7,0,1792,8.96,0
2815,0,1,0,4,8,False,150,6,15,1551,7.755,0
2816,0,1,1,0,0,False,0,0,0,0,0.0,0
2817,0,1,0,4,8,False,223,0,76,76,0.38,0
2818,0,1,0,4,0,False,210,5,4,1284,6.42,0
2819,0,1,0,4,8,False,45,0,109,109,0.545,0
2820,0,1,0,3,2,False,25,15,0,3840,19.2,0
2821,0,1,0,4,8,False,155,1,189,445,2.225,0
2822,0,1,0,4,10,False,4,10,157,2717,13.585,0
2823,0,1,0,4,7,False,252,0,54,54,0.27,0
2824,0,1,0,1,11,False,0,0,0,0,0.0,0
2825,0,1,0,4,8,False,64,1,132,388,1.94,0
2826,0,1,27,7,4,False,9,0,64,64,0.32,212992
2827,0,1,0,4,8,False,223,1,12,268,1.34,0
2828,0,1,22,6,10,False,108,0,4,4,0.02,2569
2829,0,1,0,4,8,False,101,2,66,578,2.89,0
2830,0,1,0,4,9,False,59,1,102,358,1.79,0
2831,0,1,0,4,8,False,21,2,58,570,2.85,0
2832,0,1,8,5,4,False,9,8,0,2048,10.24,225
2833,0,1,0,4,8,False,111,0,203,203,1.015,0
2834,0,1,31,0,0,False,0,0,0,0,0.0,0
2835,0,1,0,4,8,False,213,0,209,209,1.045,0
2836,0,1,12,4,4,False,10,15,1,3841,19.205,0
2837,0,1,0,4,7,False,73,0,76,76,0.38,0
2838,0,1,8,0,0,False,0,0,0,0,0.0,0
2839,0,1,0,4,8,False,216,4,32,1056,5.28,0
2840,0,1,0,0,0,False,0,0,0,0,0.0,0
2841,0,1,0,4,9,False,3,14,227,3811,19.055,0
2842,0,1,11,7,4,False,4,9,5,2309,11.545,18698
2843,0,1,0,4,9,False,68,0,175,175,0.875,0
2844,0,1,9,3,4,False,5,11,0,2816,14.08,0
2845,0,1,0,4,8,False,234,0,131,131,0.655,0
2846,0,1,0,0,0,False,0,0,0,0,0.0,0
2847,0,1,0,4,8,False,49,1,140,396,1.98,0
2848,0,1,7,1,4,False,0,0,0,0,0.0,0
2849,0,1,0,4,7,False,150,0,66,66,0.33,0
2850,0,1,1,0,0,False,0,0,0,0,0.0,0
2851,0,1,0,4,8,False,253,3,113,881,4.405,0
2852,0,1,27,3,0,False,139,4,0,1024,5.12,0
2853,0,1,0,4,8,False,22,0,67,67,0.335,0
2854,0,1,1,2,27,True,1,0,0,0,0.0,0
2855,0,1,0,4,7,False,152,0,62,62,0.31,0
2856,0,1,24,5,4,False,9,15,0,3840,19.2,146
2857,0,1,0,4,7,False,237,0,67,67,0.335,0
2858,0,1,0,5,47,True,0,2,4,516,2.58,5
2859,0,1,0,4,7,False,75,0,27,27,0.135,0
2860,0,1,0,7,0,False,97,4,7,1031,5.155,300770
2861,0,1,0,4,8,False,215,9,2,2306,11.53,0
2862,0,1,0,4,9,False,164,11,233,3049,15.245,0
2863,0,1,0,4,8,False,155,1,157,413,2.065,0
2864,0,1,1,2,2,False,190,0,0,0,0.0,0
2865,0,1,0,4,8,False,32,1,45,301,1.505,0
2866,0,1,0,3,4,False,5,15,0,3840,19.2,0
2867,0,1,0,4,8,False,96,2,254,766,3.83,0
2868,0,1,0,4,8,False,231,1,144,400,2.0,0
2869,0,1,0,4,9,False,212,5,128,1408,7.04,0
2870,0,1,0,7,0,False,5,4,9,1033,5.165,125979
2871,0,1,0,4,8,False,34,2,41,553,2.765,0
2872,0,1,11,1,51,False,0,0,0,0,0.0,0
2873,0,1,0,4,8,False,138,0,243,243,1.215,0
2874,0,1,0,4,10,False,4,4,4,1028,5.14,0
2875,0,1,0,4,8,False,80,1,70,326,1.63,0
2876,0,1,0,4,58,False,4,0,4,4,0.02,0
2877,0,1,0,4,7,False,107,0,149,149,0.745,0
2878,0,1,1,1,35,False,0,0,0,0,0.0,0
2879,0,1,0,4,8,False,38,4,221,1245,6.225,0
2880,0,1,0,4,11,False,34,12,57,3129,15.645,0
2881,0,1,0,4,8,False,124,1,139,395,1.975,0
2882,0,1,0,4,5,False,107,0,183,183,0.915,0
2883,0,1,0,4,8,False,143,0,85,85,0.425,0
2884,0,1,0,4,6,False,107,0,91,91,0.455,0
2885,0,1,0,4,7,False,152,0,81,81,0.405,0
2886,0,1,0,4,7,False,107,0,109,109,0.545,0
2887,0,1,0,4,8,False,82,4,238,1262,6.31,0
2888,0,1,0,4,5,False,158,0,173,173,0.865,0
2889,0,1,0,4,8,False,174,1,227,483,2.415,0
2890,0,1,0,4,7,False,158,0,160,160,0.8,0
2891,0,1,0,4,8,False,20,1,187,443,2.215,0
2892,0,1,0,4,9,False,174,13,114,3442,17.21,0
2893,0,1,0,4,9,False,173,12,57,3129,15.645,0
2894,0,1,0,4,9,False,8,0,223,223,1.115,0
2895,0,1,0,4,8,False,28,1,234,490,2.45,0
2896,0,1,0,4,9,False,129,0,151,151,0.755,0
2897,0,1,0,4,8,False,106,0,195,195,0.975,0
2898,0,1,0,4,9,False,6,1,79,335,1.675,0
2899,0,1,0,4,8,False,219,2,53,565,2.825,0
2900,0,1,0,4,9,False,106,1,138,394,1.97,0
2901,0,1,0,4,7,False,40,0,79,79,0.395,0
2902,0,1,0,4,9,False,226,4,131,1155,5.775,0
2903,0,1,0,4,8,False,164,2,192,704,3.52,0
2904,0,1,0,4,5,False,40,0,90,90,0.45,0
2905,0,1,0,0,0,False,0,0,0,0,0.0,0
2906,0,1,0,4,7,False,40,0,89,89,0.445,0
2907,0,1,0,4,2,False,192,4,7,1031,5.155,0
2908,0,1,0,4,34,False,4,10,4,2564,12.82,0
2909,0,1,0,7,0,False,191,4,8,1032,5.16,11339189
2910,0,1,0,5,27,False,14,0,4,4,0.02,5
2911,0,1,0,4,8,False,220,0,46,46,0.23,0
2912,0,1,0,4,8,False,184,0,56,56,0.28,0
2913,0,1,0,4,7,False,91,0,35,35,0.175,0
2914,0,1,0,4,9,False,220,12,211,3283,16.415,0
2915,0,1,0,4,8,False,255,3,95,863,4.315,0
2916,0,1,0,7,49,True,1,4,9,1033,5.165,12943446
2917,0,1,0,4,7,False,107,3,79,847,4.235,0
2918,0,1,0,4,4,False,4,5,16,1296,6.48,0
2919,0,1,0,4,7,False,107,3,132,900,4.5,0
2920,0,1,0,1,4,False,0,0,0,0,0.0,0
2921,0,1,0,4,7,False,141,0,67,67,0.335,0
2922,0,1,1,3,55,True,0,4,0,1024,5.12,0
2923,0,1,0,4,8,False,56,13,139,3467,17.335,0
2924,0,1,0,4,4,False,86,0,106,106,0.53,0
2925,0,1,0,4,8,False,99,1,10,266,1.33,0
2926,0,1,0,4,2,False,88,3,60,828,4.14,0
2927,0,1,0,4,7,False,234,0,62,62,0.31,0
2928,0,1,0,4,10,False,141,8,198,2246,11.23,0
2929,0,1,0,4,7,False,106,0,57,57,0.285,0
2930,0,1,0,4,0,False,87,6,16,1552,7.76,0
2931,0,1,0,4,8,False,93,7,221,2013,10.065,0
2932,0,1,0,4,7,False,245,0,85,85,0.425,0
2933,0,1,0,4,8,False,114,0,159,159,0.795,0
2934,0,1,0,4,5,False,244,0,71,71,0.355,0
2935,0,1,0,4,8,False,55,0,246,246,1.23,0
2936,0,1,0,4,9,False,115,8,205,2253,11.265,0
2937,0,1,0,4,8,False,199,1,80,336,1.68,0
2938,0,1,0,4,9,False,76,1,209,465,2.325,0
2939,0,1,0,4,7,False,29,0,162,162,0.81,0
2940,0,1,0,7,10,False,39,1,76,332,1.66,328705
2941,0,1,0,4,7,False,168,0,64,64,0.32,0
2942,0,1,4,1,0,False,0,0,0,0,0.0,0
2943,0,1,0,4,8,False,239,7,77,1869,9.345,0
2944,0,1,22,3,2,False,39,8,0,2048,10.24,0
2945,0,1,0,4,8,False,108,0,240,240,1.2,0
2946,0,1,0,4,6,False,240,7,130,1922,9.61,0
2947,0,1,0,4,7,False,235,0,210,210,1.05,0
2948,0,1,1,5,4,False,9,12,0,3072,15.36,207
2949,0,1,0,4,8,False,102,3,161,929,4.645,0
2950,0,1,0,1,56,False,0,0,0,0,0.0,0
2951,0,1,0,4,8,False,19,2,53,565,2.825,0
2952,0,1,5,0,0,False,0,0,0,0,0.0,0
2953,0,1,0,4,8,False,81,4,126,1150,5.75,0
2954,0,1,0,4,7,False,235,9,154,2458,12.29,0
2955,0,1,0,4,8,False,149,1,34,290,1.45,0
2956,0,1,1,1,4,False,0,0,0,0,0.0,0
2957,0,1,0,4,7,False,218,0,117,117,0.585,0
2958,0,1,0,4,9,False,77,3,170,938,4.69,0
2959,0,1,0,4,8,False,30,2,119,631,3.155,0
2960,0,1,0,1,7,False,0,0,0,0,0.0,0
2961,0,1,0,4,7,False,223,0,99,99,0.495,0
2962,0,1,27,2,0,False,42,0,0,0,0.0,0
2963,0,1,0,4,8,False,60,2,135,647,3.235,0
2964,0,1,18,5,4,False,9,4,5,1029,5.145,223
2965,0,1,0,4,8,False,111,1,12,268,1.34,0
2966,0,1,0,4,6,False,217,1,8,264,1.32,0
2967,0,1,0,4,8,False,6,1,90,346,1.73,0
2968,0,1,1,1,39,False,0,0,0,0,0.0,0
2969,0,1,0,4,8,False,72,4,35,1059,5.295,0
2970,0,1,1,2,36,False,0,0,0,0,0.0,0
2971,0,1,0,0,0,False,0,0,0,0,0.0,0
2972,0,1,0,4,25,True,180,9,69,2373,11.865,0
2973,0,1,0,0,0,False,0,0,0,0,0.0,0
2974,0,1,0,2,9,False,4,0,0,0,0.0,0
2975,0,1,0,4,35,False,4,7,104,1896,9.48,0
2976,0,1,0,4,10,False,69,14,10,3594,17.97,0
2977,0,1,0,0,0,False,0,0,0,0,0.0,0
2978,0,1,25,2,27,False,46,0,0,0,0.0,0
2979,0,1,0,0,0,False,0,0,0,0,0.0,0
2980,0,1,1,0,0,False,0,0,0,0,0.0,0
2981,0,1,0,4,8,False,198,3,252,1020,5.1,0
2982,0,1,0,5,7,True,4,5,4,1284,6.42,104
2983,0,1,0,4,8,False,93,1,32,288,1.44,0
2984,0,1,0,1,12,True,0,0,0,0,0.0,0
2985,0,1,0,4,8,False,201,0,81,81,0.405,0
2986,0,1,0,4,9,False,201,3,104,872,4.36,0
2987,0,1,0,4,9,False,12,10,255,2815,14.075,0
2988,0,1,0,0,0,False,0,0,0,0,0.0,0
2989,0,1,0,4,8,False,130,2,156,668,3.34,0
2990,0,1,9,6,31,True,4,5,109,1389,6.945,2313
2991,0,1,0,4,8,False,185,1,158,414,2.07,0
2992,0,1,15,6,1,False,134,1,112,368,1.84,2820
2993,0,1,0,4,8,False,28,1,31,287,1.435,0
2994,0,1,25,0,0,False,0,0,0,0,0.0,0
2995,0,1,0,4,8,False,197,0,218,218,1.09,0
2996,0,1,0,0,0,False,0,0,0,0,0.0,0
2997,0,1,0,4,8,False,61,1,103,359,1.795,0
2998,0,1,10,4,4,False,9,10,4,2564,12.82,0
2999,0,1,0,4,7,False,108,0,122,122,0.61,0
3000,0,1,11,6,4,False,10,0,0,0,0.0,1213
3001,0,1,0,4,8,False,182,4,176,1200,6.0,0
3002,0,1,0,5,9,False,0,13,4,3332,16.66,12
3003,0,1,0,4,7,False,12,0,82,82,0.41,0
3004,0,1,8,2,0,False,77,0,0,0,0.0,0
3005,0,1,0,4,8,False,246,3,20,788,3.94,0
3006,0,1,0,4,10,False,107,0,149,149,0.745,0
3007,0,1,0,4,7,False,31,0,72,72,0.36,0
3008,0,1,0,4,9,False,198,6,68,1604,8.02,0
3009,0,1,0,4,8,False,149,3,101,869,4.345,0
3010,0,1,0,4,5,False,31,0,211,211,1.055,0
3011,0,1,0,4,8,False,241,0,172,172,0.86,0
3012,0,1,0,4,6,False,32,0,68,68,0.34,0
3013,0,1,0,4,8,False,184,2,40,552,2.76,0
3014,0,1,0,4,9,False,241,5,41,1321,6.605,0
3015,0,1,0,4,7,False,190,0,98,98,0.49,0
3016,0,1,0,4,9,False,190,1,113,369,1.845,0
3017,0,1,0,4,8,False,233,3,40,808,4.04,0
3018,0,1,0,4,5,False,190,0,102,102,0.51,0
3019,0,1,0,4,7,False,201,0,80,80,0.4,0
3020,0,1,0,4,6,False,191,0,88,88,0.44,0
3021,0,1,0,4,8,False,78,2,51,563,2.815,0
3022,0,1,0,4,7,False,190,0,97,97,0.485,0
3023,0,1,0,4,8,False,247,1,181,437,2.185,0
3024,0,1,0,4,8,False,190,0,96,96,0.48,0
3025,0,1,0,4,8,False,121,3,43,811,4.055,0
3026,0,1,0,4,9,False,181,4,105,1129,5.645,0
3027,0,1,0,4,8,False,221,1,127,383,1.915,0
3028,0,1,0,4,7,False,84,0,55,55,0.275,0
3029,0,1,0,4,8,False,89,2,184,696,3.48,0
3030,0,1,0,4,9,False,249,4,81,1105,5.525,0
3031,0,1,0,4,8,False,206,1,30,286,1.43,0
3032,0,1,0,4,9,False,89,2,155,667,3.335,0
3033,0,1,0,4,7,False,60,0,62,62,0.31,0
3034,0,1,0,4,9,False,209,0,158,158,0.79,0
3035,0,1,0,4,7,False,104,0,101,101,0.505,0
3036,0,1,0,4,9,False,88,2,5,517,2.585,0
3037,0,1,0,4,7,False,34,0,218,218,1.09,0
3038,0,1,0,4,5,False,104,0,119,119,0.595,0
3039,0,1,0,4,8,False,173,7,164,1956,9.78,0
3040,0,1,0,4,5,False,232,0,198,198,0.99,0
3041,0,1,0,4,8,False,88,2,47,559,2.795,0
3042,0,1,0,4,6,False,104,0,85,85,0.425,0
3043,0,1,0,4,7,False,98,0,122,122,0.61,0
3044,0,1,0,4,7,False,232,0,242,242,1.21,0
3045,0,1,0,4,8,False,6,7,68,1860,9.3,0
3046,0,1,0,4,5,False,98,0,150,150,0.75,0
3047,0,1,0,4,8,False,192,1,133,389,1.945,0
3048,0,1,0,4,7,False,98,0,148,148,0.74,0
3049,0,1,0,4,7,False,242,0,54,54,0.27,0
3050,0,1,0,4,9,False,192,12,224,3296,16.48,0
3051,0,1,0,4,8,False,106,4,134,1158,5.79,0
3052,0,1,0,4,9,False,33,14,227,3811,19.055,0
3053,0,1,0,4,7,False,240,0,119,119,0.595,0
3054,0,1,0,4,9,False,107,0,65,65,0.325,0
3055,0,1,0,4,7,False,107,1,108,364,1.82,0
3056,0,1,0,4,5,False,198,0,48,48,0.24,0
3057,0,1,0,4,8,False,235,8,219,2267,11.335,0
3058,0,1,0,4,5,False,96,1,154,410,2.05,0
3059,0,1,0,4,8,False,95,1,76,332,1.66,0
3060,0,1,0,4,6,False,96,0,174,174,0.87,0
3061,0,1,0,4,7,False,106,0,127,127,0.635,0
3062,0,1,0,4,7,False,107,1,101,357,1.785,0
3063,0,1,0,4,8,False,50,4,62,1086,5.43,0
3064,0,1,0,4,7,False,102,0,154,154,0.77,0
3065,0,1,0,4,8,False,179,1,76,332,1.66,0
3066,0,1,0,4,9,False,54,15,229,4069,20.345,0
3067,0,1,0,4,8,False,20,0,191,191,0.955,0
3068,0,1,0,4,9,False,185,0,219,219,1.095,0
3069,0,1,0,4,7,False,131,0,117,117,0.585,0
3070,0,1,0,4,9,False,16,0,231,231,1.155,0
3071,0,1,0,4,8,False,164,5,251,1531,7.655,0
3072,0,1,1,0,0,False,0,0,0,0,0.0,0
3073,0,1,0,4,7,False,39,0,233,233,1.165,0
3074,0,1,17,5,4,False,8,4,2,1026,5.13,87
3075,0,1,0,4,7,False,46,1,126,382,1.91,0
3076,0,1,20,4,0,False,67,4,10,1034,5.17,0
3077,0,1,0,4,8,False,189,11,198,3014,15.07,0
3078,0,1,23,6,0,False,236,4,0,1024,5.12,2786
3079,0,1,0,4,8,False,68,1,184,440,2.2,0
3080,0,1,25,4,7,False,0,4,210,1234,6.17,0
3081,0,1,0,4,8,False,193,0,204,204,1.02,0
3082,0,1,0,4,11,False,11,2,185,697,3.485,0
3083,0,1,0,4,7,False,28,0,55,55,0.275,0
3084,0,1,0,4,5,False,4,10,2,2562,12.81,0
3085,0,1,0,4,8,False,182,6,88,1624,8.12,0
3086,0,1,0,4,5,False,1,0,4,4,0.02,0
3087,0,1,0,4,7,False,12,0,162,162,0.81,0
3088,0,1,0,5,1,True,0,1,4,260,1.3,6
3089,0,1,0,4,8,False,144,10,129,2689,13.445,0
3090,0,1,1,3,5,False,2,6,0,1536,7.68,0
3091,0,1,0,4,7,False,23,0,131,131,0.655,0
3092,0,1,0,4,11,False,192,4,6,1030,5.15,0
3093,0,1,0,4,8,False,101,2,113,625,3.125,0
3094,0,1,0,7,7,False,12,0,235,235,1.175,788484
3095,0,1,0,4,8,False,12,1,97,353,1.765,0
3096,0,1,0,0,0,False,0,0,0,0,0.0,0
3097,0,1,0,4,8,False,189,3,101,869,4.345,0
3098,0,1,23,1,4,False,0,0,0,0,0.0,0
3099,0,1,0,4,8,False,203,0,57,57,0.285,0
3100,0,1,1,2,23,False,11,0,0,0,0.0,0
3101,0,1,0,4,8,False,96,0,252,252,1.26,0
3102,0,1,1,5,37,False,199,1,11,267,1.335,187
3103,0,1,0,4,8,False,185,2,128,640,3.2,0
3104,0,1,0,5,49,True,4,10,4,2564,12.82,9
3105,0,1,0,4,7,False,42,0,81,81,0.405,0
3106,0,1,25,1,3,False,0,0,0,0,0.0,0
3107,0,1,0,4,7,False,138,0,65,65,0.325,0
3108,0,1,18,2,4,False,8,0,0,0,0.0,0
3109,0,1,0,4,8,False,8,5,111,1391,6.955,0
3110,0,1,0,4,11,False,9,3,129,897,4.485,0
3111,0,1,0,4,7,False,40,0,64,64,0.32,0
3112,0,1,23,4,9,False,196,4,183,1207,6.035,0
3113,0,1,0,4,8,False,222,3,8,776,3.88,0
3114,0,1,0,4,5,False,4,9,43,2347,11.735,0
3115,0,1,0,4,7,False,254,0,81,81,0.405,0
3116,0,1,0,0,0,False,0,0,0,0,0.0,0
3117,0,1,0,4,8,False,104,3,242,1010,5.05,0
3118,0,1,15,4,4,False,11,4,11,1035,5.175,0
3119,0,1,0,4,8,False,214,0,171,171,0.855,0
3120,0,1,4,2,4,False,9,0,0,0,0.0,0
3121,0,1,0,4,8,False,116,2,204,716,3.58,0
3122,0,1,7,7,0,False,207,4,9,1033,5.165,1638088
3123,0,1,0,4,8,False,217,1,162,418,2.09,0
3124,0,1,0,4,7,False,32,4,9,1033,5.165,0
3125,0,1,0,4,7,False,57,0,51,51,0.255,0
3126,0,1,13,6,56,False,1,7,4,1796,8.98,14594
3127,0,1,0,4,8,False,167,4,249,1273,6.365,0
3128,0,1,0,0,0,False,0,0,0,0,0.0,0
3129,0,1,0,4,8,False,141,2,133,645,3.225,0
3130,0,1,8,5,7,False,8,15,3,3843,19.215,9
3131,0,1,0,4,8,False,189,4,0,1024,5.12,0
3132,0,1,1,1,4,False,0,0,0,0,0.0,0
3133,0,1,0,4,8,False,82,0,184,184,0.92,0
3134,0,1,0,0,0,False,0,0,0,0,0.0,0
3135,0,1,0,4,8,False,130,0,89,89,0.445,0
3136,0,1,20,3,11,False,4,7,0,1792,8.96,0
3137,0,1,0,4,8,False,219,0,98,98,0.49,0
3138,0,1,0,3,4,False,9,3,0,768,3.84,0
3139,0,1,0,4,8,False,38,1,88,344,1.72,0
3140,0,1,0,0,0,False,0,0,0,0,0.0,0
3141,0,1,0,4,8,False,145,1,236,492,2.46,0
3142,0,1,20,7,6,False,240,10,114,2674,13.37,7015000
3143,0,1,0,0,0,False,0,0,0,0,0.0,0
3144,0,1,0,3,9,True,11,11,0,2816,14.08,0
3145,0,1,0,1,1,False,0,0,0,0,0.0,0
3146,0,1,1,3,0,False,9,1,0,256,1.28,0
3147,0,1,0,4,4,False,8,12,1,3073,15.365,0
3148,0,1,0,2,18,False,11,0,0,0,0.0,0
3149,0,1,0,6,4,False,8,0,0,0,0.0,1139
3150,0,1,0,4,4,False,9,15,4,3844,19.22,0
3151,0,1,0,0,0,False,0,0,0,0,0.0,0
3152,0,1,0,4,4,False,9,3,1,769,3.845,0
3153,0,1,0,0,0,False,0,0,0,0,0.0,0
3154,0,1,28,0,0,False,0,0,0,0,0.0,0
3155,0,1,0,0,0,False,0,0,0,0,0.0,0
3156,0,1,28,0,0,False,0,0,0,0,0.0,0
3157,0,1,0,4,4,False,7,11,0,2816,14.08,0
3158,0,1,0,5,50,False,4,10,1,2561,12.805,4
3159,0,1,0,4,4,False,8,15,5,3845,19.225,0
3160,0,1,1,1,0,False,0,0,0,0,0.0,0
3161,0,1,0,0,0,False,0,0,0,0,0.0,0
3162,0,1,0,2,47,False,4,0,0,0,0.0,0
3163,0,1,0,4,7,False,158,0,62,62,0.31,0
3164,0,1,1,3,59,False,1,4,0,1024,5.12,0
3165,0,1,0,4,8,False,244,2,37,549,2.745,0
3166,0,1,1,0,0,False,0,0,0,0,0.0,0
3167,0,1,0,4,7,False,197,0,170,170,0.85,0
3168,0,1,30,1,3,False,0,0,0,0,0.0,0
3169,0,1,0,4,8,False,3,2,3,515,2.575,0
3170,0,1,1,6,4,False,8,9,6,2310,11.55,1155
3171,0,1,0,4,7,False,83,0,103,103,0.515,0
3172,0,1,1,0,0,False,0,0,0,0,0.0,0
3173,0,1,0,4,7,False,20,0,153,153,0.765,0
3174,0,1,19,7,0,False,56,4,9,1033,5.165,5702133
3175,0,1,0,4,8,False,71,6,255,1791,8.955,0
3176,0,1,0,4,11,False,25,5,189,1469,7.345,0
3177,0,1,0,4,8,False,233,0,133,133,0.665,0
3178,0,1,0,4,8,False,196,1,66,322,1.61,0
3179,0,1,0,4,7,False,14,0,51,51,0.255,0
3180,0,1,0,4,8,False,79,0,177,177,0.885,0
3181,0,1,0,4,8,False,190,1,127,383,1.915,0
3182,0,1,0,4,5,False,20,0,190,190,0.95,0
3183,0,1,0,4,7,False,72,0,81,81,0.405,0
3184,0,1,0,4,8,False,8,2,126,638,3.19,0
3185,0,1,0,4,7,False,198,0,72,72,0.36,0
3186,0,1,0,4,20,False,1,4,9,1033,5.165,0
3187,0,1,0,4,8,False,18,6,194,1730,8.65,0
3188,0,1,0,4,3,False,144,4,9,1033,5.165,0
3189,0,1,0,4,7,False,184,1,94,350,1.75,0
3190,0,1,0,4,14,False,4,6,167,1703,8.515,0
3191,0,1,0,4,8,False,91,3,140,908,4.54,0
3192,0,1,0,1,9,False,0,0,0,0,0.0,0
3193,0,1,0,4,8,False,241,1,223,479,2.395,0
3194,0,1,0,4,5,False,166,2,4,516,2.58,0
3195,0,1,0,4,7,False,32,0,60,60,0.3,0
3196,0,1,0,5,47,False,4,6,167,1703,8.515,0
3197,0,1,0,4,8,False,103,1,29,285,1.425,0
3198,0,1,0,4,8,False,167,0,208,208,1.04,0
3199,0,1,0,4,8,False,69,1,221,477,2.385,0
3200,0,1,0,4,13,False,167,4,9,1033,5.165,0
3201,0,1,0,4,8,False,9,1,113,369,1.845,0
3202,0,1,20,7,46,False,4,4,132,1156,5.78,14677508
3203,0,1,0,4,8,False,106,3,80,848,4.24,0
3204,0,1,28,6,6,True,29,1,2,258,1.29,64096
3205,0,1,0,4,8,False,63,2,177,689,3.445,0
3206,0,1,11,0,0,False,0,0,0,0,0.0,0
3207,0,1,0,4,8,False,19,1,144,400,2.0,0
3208,0,1,0,4,9,False,59,0,168,168,0.84,0
3209,0,1,0,4,8,False,89,0,203,203,1.015,0
3210,0,1,0,4,4,False,175,2,4,516,2.58,0
3211,0,1,0,4,7,False,139,0,69,69,0.345,0
3212,0,1,1,1,9,False,0,0,0,0,0.0,0
3213,0,1,0,4,8,False,35,4,176,1200,6.0,0
3214,0,1,17,2,1,False,23,0,0,0,0.0,0
3215,0,1,0,4,8,False,111,1,10,266,1.33,0
3216,0,1,0,4,9,False,201,4,10,1034,5.17,0
3217,0,1,0,4,8,False,179,2,64,576,2.88,0
3218,0,1,0,4,50,True,1,13,4,3332,16.66,0
3219,0,1,0,4,8,False,110,0,225,225,1.125,0
3220,0,1,1,1,25,False,0,0,0,0,0.0,0
3221,0,1,0,4,8,False,228,1,121,377,1.885,0
3222,0,1,0,0,0,False,0,0,0,0,0.0,0
3223,0,1,0,4,8,False,77,0,70,70,0.35,0
3224,0,1,8,1,4,False,0,0,0,0,0.0,0
3225,0,1,0,4,9,False,125,5,48,1328,6.64,0
3226,0,1,1,1,4,False,0,0,0,0,0.0,0
3227,0,1,0,4,8,False,200,0,131,131,0.655,0
3228,0,1,1,2,57,True,4,0,0,0,0.0,0
3229,0,1,0,4,8,False,41,1,151,407,2.035,0
3230,0,1,1,3,13,False,0,8,0,2048,10.24,0
3231,0,1,0,4,8,False,151,1,234,490,2.45,0
3232,0,1,0,0,0,False,0,0,0,0,0.0,0
3233,0,1,0,4,8,False,9,1,57,313,1.565,0
3234,0,1,10,6,11,False,179,0,4,4,0.02,2564
3235,0,1,0,4,8,False,78,2,144,656,3.28,0
3236,0,1,0,4,9,False,209,2,123,635,3.175,0
3237,0,1,0,4,7,False,172,1,19,275,1.375,0
3238,0,1,4,3,12,False,3,11,0,2816,14.08,0
3239,0,1,0,4,7,False,8,0,74,74,0.37,0
3240,0,1,1,3,14,False,1,2,0,512,2.56,0
3241,0,1,0,4,8,False,187,7,246,2038,10.19,0
3242,0,1,0,4,7,False,173,0,251,251,1.255,0
3243,0,1,0,4,7,False,16,1,15,271,1.355,0
3244,0,1,0,4,7,False,172,1,14,270,1.35,0
3245,0,1,0,4,7,False,151,0,119,119,0.595,0
3246,0,1,0,4,5,False,16,1,19,275,1.375,0
3247,0,1,0,4,7,False,236,0,193,193,0.965,0
3248,0,1,0,4,7,False,23,0,75,75,0.375,0
3249,0,1,0,4,8,False,97,9,56,2360,11.8,0
3250,0,1,0,4,5,False,240,0,88,88,0.44,0
3251,0,1,0,4,8,False,183,2,27,539,2.695,0
3252,0,1,0,4,7,False,240,0,150,150,0.75,0
3253,0,1,0,4,8,False,107,0,103,103,0.515,0
3254,0,1,0,4,9,False,196,1,164,420,2.1,0
3255,0,1,0,4,8,False,181,1,241,497,2.485,0
3256,0,1,0,4,9,False,58,0,62,62,0.31,0
3257,0,1,0,4,8,False,85,1,13,269,1.345,0
3258,0,1,0,4,9,False,181,0,248,248,1.24,0
3259,0,1,0,4,7,False,149,0,65,65,0.325,0
3260,0,1,0,4,9,False,91,0,112,112,0.56,0
3261,0,1,0,4,8,False,33,2,131,643,3.215,0
3262,0,1,0,4,5,False,160,0,79,79,0.395,0
3263,0,1,0,4,8,False,207,1,214,470,2.35,0
3264,0,1,0,4,9,False,218,2,39,551,2.755,0
3265,0,1,0,4,8,False,57,1,19,275,1.375,0
3266,0,1,0,4,9,False,207,2,174,686,3.43,0
3267,0,1,0,4,7,False,100,0,206,206,1.03,0
3268,0,1,0,4,9,False,58,0,157,157,0.785,0
3269,0,1,0,4,7,False,243,0,73,73,0.365,0
3270,0,1,0,4,5,False,106,0,181,181,0.905,0
3271,0,1,0,4,7,False,55,0,94,94,0.47,0
3272,0,1,0,4,6,False,101,0,209,209,1.045,0
3273,0,1,0,4,7,False,178,0,84,84,0.42,0
3274,0,1,0,4,5,False,56,0,70,70,0.35,0
3275,0,1,0,4,8,False,98,13,54,3382,16.91,0
3276,0,1,0,4,5,False,178,0,104,104,0.52,0
3277,0,1,0,4,8,False,240,0,194,194,0.97,0
3278,0,1,0,4,6,False,179,0,89,89,0.445,0
3279,0,1,0,4,7,False,56,0,69,69,0.345,0
3280,0,1,0,4,7,False,179,1,133,389,1.945,0
3281,0,1,0,4,7,False,193,0,137,137,0.685,0
3282,0,1,0,4,5,False,56,0,97,97,0.485,0
3283,0,1,0,4,7,False,8,0,81,81,0.405,0
3284,0,1,0,4,5,False,182,0,92,92,0.46,0
3285,0,1,0,4,8,False,134,8,160,2208,11.04,0
3286,0,1,0,4,5,False,8,0,71,71,0.355,0
3287,0,1,0,4,8,False,209,0,133,133,0.665,0
3288,0,1,0,4,6,False,8,0,173,173,0.865,0
3289,0,1,0,4,8,False,177,1,157,413,2.065,0
3290,0,1,0,4,7,False,8,0,199,199,0.995,0
3291,0,1,0,4,8,False,17,1,79,335,1.675,0
3292,0,1,0,4,9,False,107,7,103,1895,9.475,0
3293,0,1,0,4,8,False,155,1,199,455,2.275,0
3294,0,1,0,4,10,False,247,1,250,506,2.53,0
3295,0,1,0,4,8,False,255,5,37,1317,6.585,0
3296,0,1,0,4,9,False,151,1,25,281,1.405,0
3297,0,1,0,4,8,False,112,1,126,382,1.91,0
3298,0,1,0,4,9,False,251,2,105,617,3.085,0
3299,0,1,0,4,8,False,32,0,170,170,0.85,0
3300,0,1,0,4,9,False,108,1,64,320,1.6,0
3301,0,1,0,4,8,False,100,1,175,431,2.155,0
3302,0,1,0,4,9,False,208,0,71,71,0.355,0
3303,0,1,0,4,8,False,238,0,77,77,0.385,0
3304,0,1,0,4,9,False,101,0,87,87,0.435,0
3305,0,1,0,4,8,False,111,0,174,174,0.87,0
3306,0,1,0,4,9,False,238,0,88,88,0.44,0
3307,0,1,0,4,8,False,181,1,119,375,1.875,0
3308,0,1,0,4,9,False,106,0,145,145,0.725,0
3309,0,1,0,4,7,False,52,0,146,146,0.73,0
3310,0,1,0,3,27,True,0,1,0,256,1.28,0
3311,0,1,0,4,8,False,52,1,42,298,1.49,0
3312,0,1,0,4,11,False,52,2,26,538,2.69,0
3313,0,1,0,4,7,False,19,0,152,152,0.76,0
3314,0,1,0,4,9,False,52,1,69,325,1.625,0
3315,0,1,0,4,8,False,63,2,205,717,3.585,0
3316,0,1,0,4,5,False,19,0,92,92,0.46,0
3317,0,1,0,4,8,False,203,0,171,171,0.855,0
3318,0,1,0,4,7,False,19,0,95,95,0.475,0
3319,0,1,0,4,8,False,69,1,46,302,1.51,0
3320,0,1,0,4,9,False,207,3,153,921,4.605,0
3321,0,1,0,4,8,False,231,1,218,474,2.37,0
3322,0,1,0,4,9,False,69,0,234,234,1.17,0
3323,0,1,0,4,8,False,111,0,148,148,0.74,0
3324,0,1,0,4,9,False,231,1,142,398,1.99,0
3325,0,1,0,4,8,False,72,1,154,410,2.05,0
3326,0,1,5,0,0,False,0,0,0,0,0.0,0
3327,0,1,0,4,7,False,79,0,162,162,0.81,0
3328,0,1,1,5,6,False,187,4,7,1031,5.155,107
3329,0,1,0,4,8,False,234,3,207,975,4.875,0
3330,0,1,1,0,0,False,0,0,0,0,0.0,0
3331,0,1,0,4,8,False,153,3,163,931,4.655,0
3332,0,1,12,4,12,True,4,9,174,2478,12.39,0
3333,0,1,0,4,7,False,212,0,180,180,0.9,0
3334,0,1,0,4,6,False,80,10,1,2561,12.805,0
3335,0,1,0,4,7,False,46,1,42,298,1.49,0
3336,0,1,1,0,0,False,0,0,0,0,0.0,0
3337,0,1,0,4,8,False,189,7,68,1860,9.3,0
3338,0,1,0,3,19,False,25,3,0,768,3.84,0
3339,0,1,0,4,9,False,22,6,255,1791,8.955,0
3340,0,1,0,4,4,False,41,0,124,124,0.62,0
3341,0,1,0,1,22,False,0,0,0,0,0.0,0
3342,0,1,25,7,4,False,10,4,7,1031,5.155,363817
3343,0,1,0,6,63,True,4,7,38,1830,9.15,34816
3344,0,1,10,7,4,False,5,9,4,2308,11.54,298245
3345,0,1,0,4,8,False,178,4,171,1195,5.975,0
3346,0,1,15,7,4,False,4,5,173,1453,7.265,51200
3347,0,1,0,4,8,False,65,7,1,1793,8.965,0
3348,0,1,8,4,2,False,45,4,4,1028,5.14,0
3349,0,1,0,4,8,False,192,2,146,658,3.29,0
3350,0,1,0,7,0,False,4,9,151,2455,12.275,10158084
3351,0,1,0,4,9,False,80,6,248,1784,8.92,0
3352,0,1,0,4,8,False,183,1,227,483,2.415,0
3353,0,1,0,4,7,False,100,0,90,90,0.45,0
3354,0,1,0,4,8,False,183,1,235,491,2.455,0
3355,0,1,0,4,8,False,94,4,253,1277,6.385,0
3356,0,1,0,4,8,False,65,1,161,417,2.085,0
3357,0,1,0,4,7,False,116,0,153,153,0.765,0
3358,0,1,0,4,8,False,199,0,117,117,0.585,0
3359,0,1,0,4,8,False,91,6,246,1782,8.91,0
3360,0,1,0,4,9,False,100,1,152,408,2.04,0
3361,0,1,0,4,8,False,190,0,76,76,0.38,0
3362,0,1,0,4,5,False,101,0,64,64,0.32,0
3363,0,1,0,4,8,False,59,0,190,190,0.95,0
3364,0,1,0,4,8,False,95,1,232,488,2.44,0
3365,0,1,0,4,8,False,227,1,128,384,1.92,0
3366,0,1,0,4,5,False,95,0,65,65,0.325,0
3367,0,1,0,4,8,False,147,1,93,349,1.745,0
3368,0,1,0,4,8,False,116,2,182,694,3.47,0
3369,0,1,0,4,8,False,233,0,222,222,1.11,0
3370,0,1,0,4,9,False,113,2,163,675,3.375,0
3371,0,1,0,4,8,False,63,1,44,300,1.5,0
3372,0,1,0,4,10,False,112,10,25,2585,12.925,0
3373,0,1,0,4,8,False,87,1,31,287,1.435,0
3374,0,1,0,4,11,False,199,1,93,349,1.745,0
3375,0,1,0,4,7,False,95,0,60,60,0.3,0
3376,0,1,0,4,11,False,148,1,85,341,1.705,0
3377,0,1,0,4,8,False,82,5,91,1371,6.855,0
3378,0,1,0,4,8,False,149,0,48,48,0.24,0
3379,0,1,0,4,7,False,172,0,89,89,0.445,0
3380,0,1,0,4,8,False,73,0,140,140,0.7,0
3381,0,1,0,4,8,False,92,1,239,495,2.475,0
3382,0,1,0,4,4,False,7,11,2,2818,14.09,0
3383,0,1,0,4,8,False,22,1,105,361,1.805,0
3384,0,1,0,4,36,True,4,6,172,1708,8.54,0
3385,0,1,0,4,8,False,107,1,60,316,1.58,0
3386,0,1,0,4,4,False,7,2,0,512,2.56,0
3387,0,1,0,4,8,False,6,1,43,299,1.495,0
3388,0,1,8,0,0,False,0,0,0,0,0.0,0
3389,0,1,0,4,8,False,117,1,122,378,1.89,0
3390,0,1,0,4,9,True,7,4,8,1032,5.16,0
3391,0,1,0,4,8,False,171,0,164,164,0.82,0
3392,0,1,0,4,49,True,168,4,9,1033,5.165,0
3393,0,1,0,4,8,False,235,0,184,184,0.92,0
3394,0,1,22,7,9,False,213,0,164,164,0.82,4196868
3395,0,1,0,4,8,False,140,1,47,303,1.515,0
3396,0,1,0,1,39,False,0,0,0,0,0.0,0
3397,0,1,0,4,8,False,53,2,14,526,2.63,0
3398,0,1,0,4,4,False,11,5,249,1529,7.645,0
3399,0,1,0,4,8,False,160,1,99,355,1.775,0
3400,0,1,30,3,10,False,1,12,0,3072,15.36,0
3401,0,1,0,4,8,False,207,0,204,204,1.02,0
3402,0,1,1,3,58,False,0,3,0,768,3.84,0
3403,0,1,0,4,7,False,95,0,62,62,0.31,0
3404,0,1,0,4,10,False,10,0,230,230,1.15,0
3405,0,1,0,4,8,False,176,3,126,894,4.47,0
3406,0,1,0,4,5,False,94,0,98,98,0.49,0
3407,0,1,0,4,8,False,115,1,34,290,1.45,0
3408,0,1,0,4,9,False,174,3,83,851,4.255,0
3409,0,1,0,4,7,False,249,0,141,141,0.705,0
3410,0,1,0,4,9,False,39,0,80,80,0.4,0
3411,0,1,0,4,8,False,90,5,139,1419,7.095,0
3412,0,1,0,4,9,False,249,2,175,687,3.435,0
3413,0,1,0,4,8,False,158,0,237,237,1.185,0
3414,0,1,0,4,9,False,72,3,123,891,4.455,0
3415,0,1,0,4,8,False,18,0,250,250,1.25,0
3416,0,1,0,4,9,False,169,1,84,340,1.7,0
3417,0,1,0,4,8,False,160,1,178,434,2.17,0
3418,0,1,0,4,9,False,18,1,13,269,1.345,0
3419,0,1,0,4,8,False,214,0,118,118,0.59,0
3420,0,1,0,4,9,False,157,1,243,499,2.495,0
3421,0,1,0,4,8,False,120,3,13,781,3.905,0
3422,0,1,0,4,9,False,222,0,152,152,0.76,0
3423,0,1,0,4,8,False,2,3,151,919,4.595,0
3424,0,1,0,4,9,False,120,2,11,523,2.615,0
3425,0,1,0,4,8,False,65,5,67,1347,6.735,0
3426,0,1,0,4,9,False,23,3,108,876,4.38,0
3427,0,1,0,4,8,False,189,1,108,364,1.82,0
3428,0,1,0,4,9,False,60,5,80,1360,6.8,0
3429,0,1,0,4,8,False,86,1,155,411,2.055,0
3430,0,1,0,4,9,False,185,1,130,386,1.93,0
3431,0,1,0,4,8,False,245,0,116,116,0.58,0
3432,0,1,0,4,9,False,152,1,98,354,1.77,0
3433,0,1,0,4,8,False,23,0,78,78,0.39,0
3434,0,1,0,4,10,False,246,3,44,812,4.06,0
3435,0,1,0,4,8,False,208,0,174,174,0.87,0
3436,0,1,0,4,9,False,112,0,71,71,0.355,0
3437,0,1,0,4,8,False,107,0,122,122,0.61,0
3438,0,1,0,4,10,False,28,3,139,907,4.535,0
3439,0,1,0,4,8,False,12,1,253,509,2.545,0
3440,0,1,0,4,9,False,33,0,136,136,0.68,0
3441,0,1,0,4,8,False,181,1,44,300,1.5,0
3442,0,1,0,4,9,False,1,0,96,96,0.48,0
3443,0,1,0,4,9,False,250,2,25,537,2.685,0
3444,0,1,0,4,9,False,154,0,86,86,0.43,0
3445,0,1,0,4,8,False,170,1,74,330,1.65,0
3446,0,1,0,4,10,False,4,12,63,3135,15.675,0
3447,0,1,0,4,8,False,170,1,181,437,2.185,0
3448,0,1,0,4,9,False,171,0,168,168,0.84,0
3449,0,1,0,4,8,False,148,1,218,474,2.37,0
3450,0,1,0,4,10,False,255,6,157,1693,8.465,0
3451,0,1,0,4,9,False,9,9,53,2357,11.785,0
3452,0,1,0,4,9,False,148,0,209,209,1.045,0
3453,0,1,0,4,8,False,88,0,244,244,1.22,0
3454,0,1,0,4,7,False,148,0,58,58,0.29,0
3455,0,1,0,4,8,False,3,0,242,242,1.21,0
3456,0,1,0,4,9,False,90,1,223,479,2.395,0
3457,0,1,0,4,8,False,124,3,13,781,3.905,0
3458,0,1,0,4,9,False,4,1,5,261,1.305,0
3459,0,1,0,4,8,False,221,4,176,1200,6.0,0
3460,0,1,0,4,9,False,125,3,125,893,4.465,0
3461,0,1,0,4,8,False,61,0,237,237,1.185,0
3462,0,1,0,4,9,False,156,1,61,317,1.585,0
3463,0,1,0,4,8,False,227,1,78,334,1.67,0
3464,0,1,0,4,9,False,61,1,33,289,1.445,0
3465,0,1,0,4,7,False,8,0,31,31,0.155,0
3466,0,1,13,1,28,True,0,0,0,0,0.0,0
3467,0,1,0,4,8,False,172,6,90,1626,8.13,0
3468,0,1,19,5,16,False,4,10,0,2560,12.8,72
3469,0,1,0,4,8,False,214,0,91,91,0.455,0
3470,0,1,16,5,4,False,9,4,7,1031,5.155,8
3471,0,1,0,4,8,False,65,0,82,82,0.41,0
3472,0,1,0,4,4,False,9,13,4,3332,16.66,0
3473,0,1,0,4,8,False,162,0,104,104,0.52,0
3474,0,1,25,0,0,False,0,0,0,0,0.0,0
3475,0,1,0,4,8,False,125,1,124,380,1.9,0
3476,0,1,20,2,7,False,118,0,0,0,0.0,0
3477,0,1,0,4,8,False,221,0,229,229,1.145,0
3478,0,1,25,0,0,False,0,0,0,0,0.0,0
3479,0,1,0,4,7,False,226,0,119,119,0.595,0
3480,0,1,0,4,10,False,214,8,28,2076,10.38,0
3481,0,1,0,4,8,False,123,5,26,1306,6.53,0
3482,0,1,0,4,13,False,163,14,92,3676,18.38,0
3483,0,1,0,4,7,False,123,0,76,76,0.38,0
3484,0,1,0,4,34,True,4,4,10,1034,5.17,0
3485,0,1,0,4,7,False,70,0,181,181,0.905,0
3486,0,1,16,2,0,False,78,0,0,0,0.0,0
3487,0,1,0,4,8,False,150,11,249,3065,15.325,0
3488,0,1,1,1,34,True,0,0,0,0,0.0,0
3489,0,1,0,4,8,False,0,0,186,186,0.93,0
3490,0,1,0,4,46,False,4,5,4,1284,6.42,0
3491,0,1,0,4,8,False,138,0,206,206,1.03,0
3492,0,1,1,2,7,False,1,0,0,0,0.0,0
3493,0,1,0,4,8,False,213,1,24,280,1.4,0
3494,0,1,14,0,0,False,0,0,0,0,0.0,0
3495,0,1,0,4,8,False,53,0,255,255,1.275,0
3496,0,1,0,4,5,False,53,11,71,2887,14.435,0
3497,0,1,0,4,8,False,140,0,160,160,0.8,0
3498,0,1,0,4,8,False,153,6,243,1779,8.895,0
3499,0,1,0,4,7,False,212,0,62,62,0.31,0
3500,0,1,0,4,9,False,71,3,244,1012,5.06,0
3501,0,1,0,4,8,False,128,5,6,1286,6.43,0
3502,0,1,0,4,10,False,70,4,183,1207,6.035,0
3503,0,1,0,4,8,False,25,5,228,1508,7.54,0
3504,0,1,0,4,8,False,153,0,164,164,0.82,0
3505,0,1,0,4,8,False,31,6,239,1775,8.875,0
3506,0,1,0,4,8,False,58,0,143,143,0.715,0
3507,0,1,0,4,8,False,206,1,31,287,1.435,0
3508,0,1,0,4,5,False,213,0,52,52,0.26,0
3509,0,1,0,4,9,False,94,14,232,3816,19.08,0
3510,0,1,0,4,8,False,128,2,70,582,2.91,0
3511,0,1,0,4,8,False,215,2,207,719,3.595,0
3512,0,1,0,4,9,False,128,0,133,133,0.665,0
3513,0,1,0,4,8,False,17,1,224,480,2.4,0
3514,0,1,0,4,8,False,32,0,159,159,0.795,0
3515,0,1,0,4,7,False,168,0,52,52,0.26,0
3516,0,1,0,4,10,False,129,0,60,60,0.3,0
3517,0,1,0,4,8,False,39,2,192,704,3.52,0
3518,0,1,0,4,11,False,97,6,211,1747,8.735,0
3519,0,1,0,4,8,False,163,1,203,459,2.295,0
3520,0,1,0,4,5,False,143,0,60,60,0.3,0
3521,0,1,0,4,8,False,27,4,62,1086,5.43,0
3522,0,1,0,4,5,False,13,0,61,61,0.305,0
3523,0,1,0,4,7,False,103,1,76,332,1.66,0
3524,0,1,0,4,5,False,168,0,65,65,0.325,0
3525,0,1,0,4,7,False,242,0,52,52,0.26,0
3526,0,1,0,4,8,False,168,2,202,714,3.57,0
3527,0,1,0,4,7,False,66,0,59,59,0.295,0
3528,0,1,0,4,9,False,13,0,92,92,0.46,0
3529,0,1,0,4,7,False,215,0,242,242,1.21,0
3530,0,1,0,4,5,False,173,0,66,66,0.33,0
3531,0,1,0,4,8,False,79,0,187,187,0.935,0
3532,0,1,0,4,5,False,117,1,184,440,2.2,0
3533,0,1,0,4,8,False,194,2,104,616,3.08,0
3534,0,1,0,4,6,False,93,0,175,175,0.875,0
3535,0,1,0,4,7,False,5,0,72,72,0.36,0
3536,0,1,0,4,8,False,242,6,40,1576,7.88,0
3537,0,1,0,4,8,False,192,3,11,779,3.895,0
3538,0,1,0,4,5,False,215,1,23,279,1.395,0
3539,0,1,0,4,7,False,244,0,67,67,0.335,0
3540,0,1,0,4,5,False,90,0,60,60,0.3,0
3541,0,1,0,4,8,False,208,4,16,1040,5.2,0
3542,0,1,0,4,8,False,199,4,108,1132,5.66,0
3543,0,1,0,4,8,False,96,1,108,364,1.82,0
3544,0,1,0,4,8,False,11,0,183,183,0.915,0
3545,0,1,0,4,8,False,217,3,243,1011,5.055,0
3546,0,1,0,4,9,False,5,3,156,924,4.62,0
3547,0,1,0,4,8,False,46,0,219,219,1.095,0
3548,0,1,0,4,10,False,241,9,32,2336,11.68,0
3549,0,1,0,4,7,False,139,0,67,67,0.335,0
3550,0,1,0,4,8,False,151,0,57,57,0.285,0
3551,0,1,0,4,8,False,82,6,20,1556,7.78,0
3552,0,1,0,4,8,False,5,1,32,288,1.44,0
3553,0,1,0,4,8,False,221,8,5,2053,10.265,0
3554,0,1,0,4,8,False,213,2,200,712,3.56,0
3555,0,1,0,4,7,False,227,0,72,72,0.36,0
3556,0,1,0,4,8,False,47,0,50,50,0.25,0
3557,0,1,0,4,8,False,79,9,10,2314,11.57,0
3558,0,1,0,4,5,False,140,0,72,72,0.36,0
3559,0,1,0,4,7,False,180,0,236,236,1.18,0
3560,0,1,0,4,8,False,14,4,122,1146,5.73,0
3561,0,1,0,4,7,False,7,0,67,67,0.335,0
3562,0,1,0,4,8,False,89,0,159,159,0.795,0
3563,0,1,0,4,8,False,221,6,66,1602,8.01,0
3564,0,1,0,4,8,False,227,0,98,98,0.49,0
3565,0,1,0,4,7,False,242,0,75,75,0.375,0
3566,0,1,0,4,9,False,227,1,187,443,2.215,0
3567,0,1,0,4,7,False,179,0,218,218,1.09,0
3568,0,1,0,4,5,False,180,0,199,199,0.995,0
3569,0,1,0,4,8,False,18,5,203,1483,7.415,0
3570,0,1,0,4,5,False,7,0,89,89,0.445,0
3571,0,1,0,4,8,False,170,1,232,488,2.44,0
3572,0,1,0,4,6,False,181,0,58,58,0.29,0
3573,0,1,0,4,8,False,229,2,252,764,3.82,0
3574,0,1,0,4,5,False,30,0,133,133,0.665,0
3575,0,1,0,4,8,False,123,2,71,583,2.915,0
3576,0,1,0,4,5,False,179,0,162,162,0.81,0
3577,0,1,0,4,8,False,251,1,127,383,1.915,0
3578,0,1,0,4,8,False,19,10,109,2669,13.345,0
3579,0,1,0,4,7,False,98,1,10,266,1.33,0
3580,0,1,0,4,8,False,94,1,192,448,2.24,0
3581,0,1,0,4,7,False,171,0,72,72,0.36,0
3582,0,1,0,4,9,False,99,5,207,1487,7.435,0
3583,0,1,0,4,8,False,91,5,75,1355,6.775,0
3584,0,1,0,4,8,False,87,1,203,459,2.295,0
3585,0,1,0,4,7,False,225,0,242,242,1.21,0
3586,0,1,0,4,10,False,93,9,207,2511,12.555,0
3587,0,1,0,4,7,False,75,2,68,580,2.9,0
3588,0,1,0,4,5,False,92,0,129,129,0.645,0
3589,0,1,0,4,8,False,191,8,9,2057,10.285,0
3590,0,1,0,4,8,False,86,1,198,454,2.27,0
3591,0,1,0,4,7,False,230,1,196,452,2.26,0
3592,0,1,0,4,9,False,87,1,38,294,1.47,0
3593,0,1,0,4,8,False,165,11,237,3053,15.265,0
3594,0,1,0,4,8,False,225,2,32,544,2.72,0
3595,0,1,0,4,7,False,239,1,1,257,1.285,0
3596,0,1,0,4,8,False,75,4,2,1026,5.13,0
3597,0,1,0,4,7,False,81,0,58,58,0.29,0
3598,0,1,0,4,5,False,192,1,29,285,1.425,0
3599,0,1,0,4,7,False,31,0,165,165,0.825,0
3600,0,1,0,4,5,False,212,2,122,634,3.17,0
3601,0,1,0,4,8,False,136,3,252,1020,5.1,0
3602,0,1,0,4,6,False,192,1,58,314,1.57,0
3603,0,1,0,4,8,False,232,0,243,243,1.215,0
3604,0,1,0,4,8,False,239,4,233,1257,6.285,0
3605,0,1,0,4,8,False,138,0,229,229,1.145,0
3606,0,1,0,4,8,False,81,0,231,231,1.155,0
3607,0,1,0,4,7,False,24,0,220,220,1.1,0
3608,0,1,0,4,5,False,32,0,19,19,0.095,0
3609,0,1,0,4,7,False,24,1,60,316,1.58,0
3610,0,1,0,4,8,False,31,1,56,312,1.56,0
3611,0,1,0,4,8,False,219,6,54,1590,7.95,0
3612,0,1,0,4,8,False,173,0,123,123,0.615,0
3613,0,1,0,4,8,False,38,0,111,111,0.555,0
3614,0,1,0,4,9,False,174,4,178,1202,6.01,0
3615,0,1,0,4,8,False,214,2,47,559,2.795,0
3616,0,1,0,4,5,False,206,0,188,188,0.94,0
3617,0,1,0,4,8,False,76,3,162,930,4.65,0
3618,0,1,0,4,8,False,40,4,47,1071,5.355,0
3619,0,1,0,4,7,False,166,0,205,205,1.025,0
3620,0,1,0,4,6,False,4,9,206,2510,12.55,0
3621,0,1,0,4,7,False,240,0,72,72,0.36,0
3622,0,1,0,4,29,True,4,5,171,1451,7.255,0
3623,0,1,0,4,7,False,179,0,142,142,0.71,0
3624,0,1,0,0,0,False,0,0,0,0,0.0,0
3625,0,1,0,4,8,False,5,12,122,3194,15.97,0
3626,0,1,1,2,17,False,4,0,0,0,0.0,0
3627,0,1,0,4,8,False,92,2,34,546,2.73,0
3628,0,1,1,2,4,False,4,0,0,0,0.0,0
3629,0,1,0,4,8,False,220,2,189,701,3.505,0
3630,0,1,24,3,4,False,9,1,0,256,1.28,0
3631,0,1,0,4,8,False,249,2,97,609,3.045,0
3632,0,1,0,0,0,False,0,0,0,0,0.0,0
3633,0,1,0,4,8,False,129,1,217,473,2.365,0
3634,0,1,0,2,47,False,4,0,0,0,0.0,0
3635,0,1,0,4,8,False,176,0,184,184,0.92,0
3636,0,1,1,2,6,False,9,0,0,0,0.0,0
3637,0,1,0,4,9,False,59,7,143,1935,9.675,0
3638,0,1,18,5,7,False,4,12,4,3076,15.38,10
3639,0,1,0,4,8,False,111,0,132,132,0.66,0
3640,0,1,0,0,0,False,0,0,0,0,0.0,0
3641,0,1,0,4,8,False,16,1,207,463,2.315,0
3642,0,1,11,7,52,True,250,4,4,1028,5.14,262144
3643,0,1,0,4,9,False,40,5,233,1513,7.565,0
3644,0,1,1,1,63,True,0,0,0,0,0.0,0
3645,0,1,0,4,8,False,4,2,99,611,3.055,0
3646,0,1,0,2,62,False,8,0,0,0,0.0,0
3647,0,1,0,4,8,False,88,0,161,161,0.805,0
3648,0,1,0,4,10,False,111,1,1,257,1.285,0
3649,0,1,0,4,8,False,131,1,41,297,1.485,0
3650,0,1,0,4,10,False,5,13,251,3579,17.895,0
3651,0,1,0,0,0,False,0,0,0,0,0.0,0
3652,0,1,0,4,9,False,131,1,82,338,1.69,0
3653,0,1,0,3,1,False,41,4,0,1024,5.12,0
3654,0,1,0,4,3,True,2,9,4,2308,11.54,0
3655,0,1,0,7,2,True,1,5,4,1284,6.42,115207
3656,0,1,1,2,13,False,17,0,0,0,0.0,0
3657,0,1,0,1,4,False,0,0,0,0,0.0,0
3658,0,1,0,0,0,False,0,0,0,0,0.0,0
3659,0,1,0,0,0,False,0,0,0,0,0.0,0
3660,0,1,14,5,4,False,178,4,5,1029,5.145,193
3661,0,1,0,6,6,False,189,4,7,1031,5.155,13
3662,0,1,1,6,20,False,8,6,4,1540,7.7,5638
3663,0,1,0,2,4,False,8,0,0,0,0.0,0
3664,0,1,0,4,7,False,188,0,189,189,0.945,0
3665,0,1,0,1,2,False,0,0,0,0,0.0,0
3666,0,1,0,4,34,False,4,6,13,1549,7.745,0
3667,0,1,0,4,4,False,8,5,2,1282,6.41,0
3668,0,1,0,0,0,False,0,0,0,0,0.0,0
3669,0,1,0,6,4,False,8,11,1,2817,14.085,1113
3670,0,1,0,6,3,True,1,7,4,1796,8.98,41991
3671,0,1,0,1,5,True,0,0,0,0,0.0,0
3672,0,1,0,4,3,False,0,12,4,3076,15.38,0
3673,0,1,0,3,43,False,4,7,0,1792,8.96,0
3674,0,1,0,4,0,False,65,4,13,1037,5.185,0
3675,0,1,0,7,0,False,158,4,8,1032,5.16,4065018
3676,0,1,0,0,0,False,0,0,0,0,0.0,0
3677,0,1,0,4,9,False,93,12,5,3077,15.385,0
3678,0,1,5,4,3,False,175,4,1,1025,5.125,0
3679,0,1,0,4,8,False,140,0,232,232,1.16,0
3680,0,1,1,2,8,False,118,0,0,0,0.0,0
3681,0,1,0,4,8,False,243,1,127,383,1.915,0
3682,0,1,24,1,4,False,0,0,0,0,0.0,0
3683,0,1,0,4,8,False,79,0,223,223,1.115,0
3684,0,1,0,4,60,True,2,12,224,3296,16.48,0
3685,0,1,0,4,8,False,192,1,121,377,1.885,0
3686,0,1,1,3,1,False,0,3,0,768,3.84,0
3687,0,1,0,4,8,False,58,0,101,101,0.505,0
3688,0,1,0,4,11,False,1,0,74,74,0.37,0
3689,0,1,0,0,0,False,0,0,0,0,0.0,0
3690,0,1,0,4,9,False,213,4,158,1182,5.91,0
3691,0,1,0,2,0,False,101,0,0,0,0.0,0
3692,0,1,0,7,10,False,4,10,193,2753,13.765,174592
3693,0,1,0,4,7,False,174,0,57,57,0.285,0
3694,0,1,9,1,4,False,0,0,0,0,0.0,0
3695,0,1,0,4,8,False,149,5,69,1349,6.745,0
3696,0,1,1,1,1,False,0,0,0,0,0.0,0
3697,0,1,0,4,8,False,2,2,177,689,3.445,0
3698,0,1,0,0,0,False,0,0,0,0,0.0,0
3699,0,1,0,4,8,False,96,0,151,151,0.755,0
3700,0,1,9,4,32,True,4,9,1,2305,11.525,0
3701,0,1,0,4,8,False,55,0,88,88,0.44,0
3702,0,1,0,1,1,True,0,0,0,0,0.0,0
3703,0,1,0,4,8,False,93,0,227,227,1.135,0
3704,0,1,0,4,5,False,12,0,190,190,0.95,0
3705,0,1,0,4,9,False,13,3,169,937,4.685,0
3706,0,1,0,4,6,False,19,0,174,174,0.87,0
3707,0,1,0,4,8,False,152,2,172,684,3.42,0
3708,0,1,0,4,9,False,6,1,92,348,1.74,0
3709,0,1,0,4,7,False,221,0,83,83,0.415,0
3710,0,1,0,4,10,False,97,2,132,644,3.22,0
3711,0,1,0,4,8,False,56,3,212,980,4.9,0
3712,0,1,0,4,11,False,82,10,191,2751,13.755,0
3713,0,1,0,4,7,False,184,1,10,266,1.33,0
3714,0,1,0,4,10,False,163,3,99,867,4.335,0
3715,0,1,0,4,7,False,59,0,76,76,0.38,0
3716,0,1,0,5,4,False,8,14,0,3584,17.92,78
3717,0,1,0,4,8,False,1,4,56,1080,5.4,0
3718,0,1,0,4,57,True,1,3,4,772,3.86,0
3719,0,1,0,4,8,False,139,2,52,564,2.82,0
3720,0,1,0,4,59,False,0,8,4,2052,10.26,0
3721,0,1,0,4,8,False,0,4,50,1074,5.37,0
3722,0,1,0,5,14,True,1,4,57,1081,5.405,6
3723,0,1,0,4,7,False,65,0,69,69,0.345,0
3724,0,1,22,4,4,False,8,9,9,2313,11.565,0
3725,0,1,0,4,8,False,1,4,134,1158,5.79,0
3726,0,1,0,6,1,False,59,1,163,419,2.095,16644
3727,0,1,0,4,8,False,124,1,27,283,1.415,0
3728,0,1,0,0,0,False,0,0,0,0,0.0,0
3729,0,1,0,4,8,False,11,1,209,465,2.325,0
3730,0,1,7,1,4,False,0,0,0,0,0.0,0
3731,0,1,0,4,8,False,62,0,219,219,1.095,0
3732,0,1,7,7,4,False,5,1,234,490,2.45,264705
3733,0,1,0,4,8,False,141,1,58,314,1.57,0
3734,0,1,0,7,47,True,0,5,124,1404,7.02,37892
3735,0,1,0,4,8,False,234,1,229,485,2.425,0
3736,0,1,10,2,50,False,4,0,0,0,0.0,0
3737,0,1,0,4,7,False,148,0,87,87,0.435,0
3738,0,1,1,0,0,False,0,0,0,0,0.0,0
3739,0,1,0,4,8,False,8,2,162,674,3.37,0
3740,0,1,0,4,7,False,154,4,9,1033,5.165,0
3741,0,1,0,4,9,False,59,9,191,2495,12.475,0
3742,0,1,29,7,0,False,77,4,11,1035,5.175,3801206
3743,0,1,0,4,8,False,179,1,3,259,1.295,0
3744,0,1,0,4,9,False,149,0,98,98,0.49,0
3745,0,1,0,4,7,False,20,0,160,160,0.8,0
3746,0,1,0,4,10,False,15,2,18,530,2.65,0
3747,0,1,0,4,7,False,158,0,58,58,0.29,0
3748,0,1,0,4,11,False,180,1,208,464,2.32,0
3749,0,1,0,4,8,False,109,6,98,1634,8.17,0
3750,0,1,0,4,10,False,10,1,12,268,1.34,0
3751,0,1,0,4,7,False,177,0,162,162,0.81,0
3752,0,1,0,4,10,False,1,4,8,1032,5.16,0
3753,0,1,0,4,8,False,93,4,211,1235,6.175,0
3754,0,1,0,4,52,True,0,4,215,1239,6.195,0
3755,0,1,0,4,7,False,94,0,61,61,0.305,0
3756,0,1,0,4,0,False,82,10,83,2643,13.215,0
3757,0,1,0,4,7,False,12,0,147,147,0.735,0
3758,0,1,0,4,9,False,158,4,5,1029,5.145,0
3759,0,1,0,4,8,False,178,7,22,1814,9.07,0
3760,0,1,1,4,30,False,130,4,7,1031,5.155,0
3761,0,1,0,4,8,False,22,2,19,531,2.655,0
3762,0,1,1,4,9,False,206,12,20,3092,15.46,0
3763,0,1,0,4,8,False,146,0,243,243,1.215,0
3764,0,1,0,4,9,False,32,1,39,295,1.475,0
3765,0,1,0,4,7,False,6,1,40,296,1.48,0
3766,0,1,0,4,9,False,147,0,234,234,1.17,0
3767,0,1,0,4,7,False,95,0,78,78,0.39,0
3768,0,1,0,4,5,False,6,2,53,565,2.825,0
3769,0,1,0,4,8,False,15,6,252,1788,8.94,0
3770,0,1,0,4,6,False,224,1,69,325,1.625,0
3771,0,1,0,4,7,False,33,0,61,61,0.305,0
3772,0,1,0,4,7,False,6,0,237,237,1.185,0
3773,0,1,0,4,8,False,229,10,80,2640,13.2,0
3774,0,1,0,4,5,False,33,0,82,82,0.41,0
3775,0,1,0,4,8,False,31,0,123,123,0.615,0
3776,0,1,0,4,6,False,18,0,181,181,0.905,0
3777,0,1,0,4,8,False,165,0,66,66,0.33,0
3778,0,1,0,4,7,False,33,0,79,79,0.395,0
3779,0,1,0,4,8,False,53,1,156,412,2.06,0
3780,0,1,0,4,8,False,230,0,205,205,1.025,0
3781,0,1,0,4,8,False,191,1,166,422,2.11,0
3782,0,1,0,4,9,False,33,12,150,3222,16.11,0
3783,0,1,0,4,8,False,64,2,194,706,3.53,0
3784,0,1,0,4,9,False,191,1,190,446,2.23,0
3785,0,1,0,4,8,False,155,0,50,50,0.25,0
3786,0,1,0,4,5,False,228,0,139,139,0.695,0
3787,0,1,0,4,8,False,30,1,130,386,1.93,0
3788,0,1,0,4,6,False,229,0,58,58,0.29,0
3789,0,1,0,0,0,False,0,0,0,0,0.0,0
3790,0,1,0,4,9,False,179,4,95,1119,5.595,0
3791,0,1,0,6,1,False,130,4,7,1031,5.155,243
3792,0,1,0,4,36,True,0,14,4,3588,17.94,0
3793,0,1,0,5,4,False,7,2,0,512,2.56,117
3794,0,1,1,1,15,True,0,0,0,0,0.0,0
3795,0,1,0,4,8,False,211,7,250,2042,10.21,0
3796,0,1,0,4,5,False,243,0,4,4,0.02,0
3797,0,1,0,4,8,False,50,1,11,267,1.335,0
3798,0,1,0,5,32,False,0,0,4,4,0.02,9
3799,0,1,0,4,8,False,168,2,150,662,3.31,0
3800,0,1,19,6,0,False,65,4,9,1033,5.165,16700
3801,0,1,0,4,8,False,49,1,6,262,1.31,0
3802,0,1,0,4,4,False,9,7,2,1794,8.97,0
3803,0,1,0,4,8,False,183,1,98,354,1.77,0
3804,0,1,6,5,4,False,10,9,4,2308,11.54,218
3805,0,1,0,4,7,False,60,0,53,53,0.265,0
3806,0,1,0,0,0,False,0,0,0,0,0.0,0
3807,0,1,0,4,8,False,124,3,215,983,4.915,0
3808,0,1,1,3,4,False,9,7,0,1792,8.96,0
3809,0,1,0,4,8,False,224,0,96,96,0.48,0
3810,0,1,0,1,55,False,0,0,0,0,0.0,0
3811,0,1,0,4,8,False,91,2,17,529,2.645,0
3812,0,1,0,4,4,False,7,3,4,772,3.86,0
3813,0,1,0,4,8,False,167,1,121,377,1.885,0
3814,0,1,1,2,55,True,3,0,0,0,0.0,0
3815,0,1,0,4,7,False,38,0,194,194,0.97,0
3816,0,1,0,0,0,False,0,0,0,0,0.0,0
3817,0,1,0,4,8,False,156,4,189,1213,6.065,0
3818,0,1,0,4,10,False,150,3,35,803,4.015,0
3819,0,1,0,4,9,False,203,11,236,3052,15.26,0
3820,0,1,0,1,28,True,0,0,0,0,0.0,0
3821,0,1,0,4,7,False,86,0,59,59,0.295,0
3822,0,1,0,2,4,False,3,0,0,0,0.0,0
3823,0,1,0,4,8,False,154,4,158,1182,5.91,0
3824,0,1,4,3,2,False,4,1,0,256,1.28,0
3825,0,1,0,4,8,False,5,1,5,261,1.305,0
3826,0,1,0,4,11,True,0,9,4,2308,11.54,0
3827,0,1,0,4,8,False,58,1,58,314,1.57,0
3828,0,1,0,7,6,False,0,14,4,3588,17.94,459785
3829,0,1,0,4,8,False,155,0,68,68,0.34,0
3830,0,1,0,1,4,False,0,0,0,0,0.0,0
3831,0,1,0,4,8,False,116,2,228,740,3.7,0
3832,0,1,26,0,0,False,0,0,0,0,0.0,0
3833,0,1,0,4,8,False,196,1,7,263,1.315,0
3834,0,1,0,2,43,True,6,0,0,0,0.0,0
3835,0,1,0,4,9,False,15,6,213,1749,8.745,0
3836,0,1,0,3,4,False,1,4,0,1024,5.12,0
3837,0,1,0,4,7,False,57,0,63,63,0.315,0
3838,0,1,7,2,6,False,9,0,0,0,0.0,0
3839,0,1,0,4,7,False,163,0,63,63,0.315,0
3840,0,1,21,7,5,False,213,14,8,3592,17.96,10684161
3841,0,1,0,4,7,False,233,0,74,74,0.37,0
3842,0,1,0,0,0,False,0,0,0,0,0.0,0
3843,0,1,0,4,7,False,179,0,135,135,0.675,0
3844,0,1,9,5,1,False,11,4,5,1029,5.145,4
3845,0,1,0,4,8,False,254,11,88,2904,14.52,0
3846,0,1,0,4,5,False,179,0,159,159,0.795,0
3847,0,1,0,4,8,False,148,1,167,423,2.115,0
3848,0,1,0,1,30,True,0,0,0,0,0.0,0
3849,0,1,0,4,8,False,221,0,143,143,0.715,0
3850,0,1,14,1,4,False,0,0,0,0,0.0,0
3851,0,1,0,4,8,False,8,0,59,59,0.295,0
3852,0,1,0,4,9,False,73,4,5,1029,5.145,0
3853,0,1,0,4,7,False,183,0,219,219,1.095,0
3854,0,1,20,4,9,False,18,0,166,166,0.83,0
3855,0,1,0,4,7,False,13,0,69,69,0.345,0
3856,0,1,0,4,5,False,183,0,157,157,0.785,0
3857,0,1,0,4,7,False,151,0,159,159,0.795,0
3858,0,1,9,6,6,False,4,7,172,1964,9.82,1280
3859,0,1,0,4,8,False,70,7,16,1808,9.04,0
3860,0,1,18,7,0,False,189,4,10,1034,5.17,5767177
3861,0,1,0,4,7,False,108,0,66,66,0.33,0
3862,0,1,0,3,0,False,66,7,0,1792,8.96,0
3863,0,1,0,4,8,False,143,4,70,1094,5.47,0
3864,0,1,0,4,9,False,4,4,10,1034,5.17,0
3865,0,1,0,4,7,False,164,0,74,74,0.37,0
3866,0,1,6,7,55,False,10,10,225,2785,13.925,4587528
3867,0,1,0,4,8,False,65,7,28,1820,9.1,0
3868,0,1,12,2,0,False,10,0,0,0,0.0,0
3869,0,1,0,4,8,False,4,2,15,527,2.635,0
3870,0,1,0,4,9,False,53,5,7,1287,6.435,0
3871,0,1,0,4,8,False,78,0,121,121,0.605,0
3872,0,1,11,3,63,True,1,13,0,3328,16.64,0
3873,0,1,0,4,8,False,0,1,31,287,1.435,0
3874,0,1,20,4,1,False,79,0,73,73,0.365,0
3875,0,1,0,4,8,False,133,0,219,219,1.095,0
3876,0,1,5,3,60,True,0,13,0,3328,16.64,0
3877,0,1,0,4,8,False,221,1,146,402,2.01,0
3878,0,1,27,5,4,False,10,14,5,3589,17.945,137
3879,0,1,0,4,8,False,141,1,16,272,1.36,0
3880,0,1,0,4,9,False,245,1,177,433,2.165,0
3881,0,1,0,4,8,False,9,2,62,574,2.87,0
3882,0,1,0,4,9,False,42,0,85,85,0.425,0
3883,0,1,0,4,7,False,56,0,73,73,0.365,0
3884,0,1,0,7,52,False,2,4,9,1033,5.165,8719113
3885,0,1,0,4,8,False,221,2,115,627,3.135,0
3886,0,1,0,0,0,False,0,0,0,0,0.0,0
3887,0,1,0,4,7,False,162,0,232,232,1.16,0
3888,0,1,0,0,0,False,0,0,0,0,0.0,0
3889,0,1,0,4,8,False,230,5,185,1465,7.325,0
3890,0,1,0,4,5,False,56,0,5,5,0.025,0
3891,0,1,0,4,8,False,63,1,166,422,2.11,0
3892,0,1,30,6,0,False,185,4,179,1203,6.015,5
3893,0,1,0,4,8,False,161,3,6,774,3.87,0
3894,0,1,17,2,10,False,51,0,0,0,0.0,0
3895,0,1,0,4,8,False,59,2,176,688,3.44,0
3896,0,1,0,1,4,False,0,0,0,0,0.0,0
3897,0,1,0,4,7,False,194,1,4,260,1.3,0
3898,0,1,0,7,4,False,9,7,9,1801,9.005,12716375
3899,0,1,0,4,7,False,204,0,68,68,0.34,0
3900,0,1,0,1,55,True,0,0,0,0,0.0,0
3901,0,1,0,4,8,False,176,5,26,1306,6.53,0
3902,0,1,0,4,5,False,200,2,84,596,2.98,0
3903,0,1,0,4,7,False,226,1,44,300,1.5,0
3904,0,1,0,4,7,False,205,0,61,61,0.305,0
3905,0,1,0,4,8,False,102,9,125,2429,12.145,0
3906,0,1,0,4,27,False,59,0,146,146,0.73,0
3907,0,1,0,4,7,False,149,0,68,68,0.34,0
3908,0,1,0,4,7,True,2,6,4,1540,7.7,0
3909,0,1,0,4,7,False,128,0,63,63,0.315,0
3910,0,1,0,5,2,True,1,3,4,772,3.86,7
3911,0,1,0,4,8,False,175,6,40,1576,7.88,0
3912,0,1,0,2,54,True,4,0,0,0,0.0,0
3913,0,1,0,4,7,False,128,0,247,247,1.235,0
3914,0,1,0,4,9,False,175,8,6,2054,10.27,0
3915,0,1,0,4,8,False,145,4,75,1099,5.495,0
3916,0,1,0,4,4,False,5,5,0,1280,6.4,0
3917,0,1,0,4,7,False,111,0,82,82,0.41,0
3918,0,1,0,4,7,False,22,0,4,4,0.02,0
3919,0,1,0,4,8,False,208,2,222,734,3.67,0
3920,0,1,0,4,4,False,9,11,0,2816,14.08,0
3921,0,1,0,4,8,False,117,1,95,351,1.755,0
3922,0,1,0,4,9,False,4,7,111,1903,9.515,0
3923,0,1,0,4,8,False,254,1,38,294,1.47,0
3924,0,1,0,1,4,False,0,0,0,0,0.0,0
3925,0,1,0,4,8,False,143,0,230,230,1.15,0
3926,0,1,1,1,31,False,0,0,0,0,0.0,0
3927,0,1,0,4,9,False,163,11,232,3048,15.24,0
3928,0,1,0,7,43,True,4,9,4,2308,11.54,324361
3929,0,1,0,4,8,False,248,0,209,209,1.045,0
3930,0,1,31,6,4,False,10,15,3,3843,19.215,1049
3931,0,1,0,4,7,False,185,1,107,363,1.815,0
3932,0,1,0,5,7,False,1,14,1,3585,17.925,67
3933,0,1,0,4,8,False,48,5,119,1399,6.995,0
3934,0,1,0,2,15,True,1,0,0,0,0.0,0
3935,0,1,0,4,8,False,198,2,154,666,3.33,0
3936,0,1,0,4,6,False,185,7,143,1935,9.675,0
3937,0,1,0,4,8,False,231,0,189,189,0.945,0
3938,0,1,0,4,11,True,4,4,8,1032,5.16,0
3939,0,1,0,4,7,False,86,0,57,57,0.285,0
3940,0,1,23,2,4,False,9,0,0,0,0.0,0
3941,0,1,0,4,8,False,230,2,152,664,3.32,0
3942,0,1,10,2,11,False,132,0,0,0,0.0,0
3943,0,1,0,4,7,False,34,0,64,64,0.32,0
3944,0,1,11,7,4,False,9,9,33,2337,11.685,10420225
3945,0,1,0,4,8,False,182,1,181,437,2.185,0
3946,0,1,11,1,28,True,0,0,0,0,0.0,0
3947,0,1,0,4,8,False,91,0,252,252,1.26,0
3948,0,1,0,4,10,False,151,12,0,3072,15.36,0
3949,0,1,0,4,9,False,207,13,61,3389,16.945,0
3950,0,1,0,4,19,True,129,1,4,260,1.3,0
3951,0,1,0,4,8,False,246,0,248,248,1.24,0
3952,0,1,1,3,59,True,1,3,0,768,3.84,0
3953,0,1,0,4,7,False,155,0,114,114,0.57,0
3954,0,1,0,4,4,False,35,1,28,284,1.42,0
3955,0,1,0,4,8,False,19,3,103,871,4.355,0
3956,0,1,0,4,11,False,78,3,206,974,4.87,0
3957,0,1,0,4,8,False,175,3,30,798,3.99,0
3958,0,1,0,4,10,False,221,1,60,316,1.58,0
3959,0,1,0,4,7,False,27,1,64,320,1.6,0
3960,0,1,0,4,14,False,159,11,154,2970,14.85,0
3961,0,1,0,4,7,False,27,1,237,493,2.465,0
3962,0,1,0,4,13,False,247,0,77,77,0.385,0
3963,0,1,0,4,8,False,186,7,22,1814,9.07,0
3964,0,1,0,4,7,False,155,1,107,363,1.815,0
3965,0,1,0,4,8,False,56,1,68,324,1.62,0
3966,0,1,0,4,13,False,155,1,177,433,2.165,0
3967,0,1,0,4,7,False,163,0,60,60,0.3,0
3968,0,1,0,4,7,False,144,0,164,164,0.82,0
3969,0,1,0,4,7,False,42,0,239,239,1.195,0
3970,0,1,0,4,7,False,27,2,96,608,3.04,0
3971,0,1,0,4,7,False,111,0,62,62,0.31,0
3972,0,1,0,4,7,False,48,3,201,969,4.845,0
3973,0,1,0,4,8,False,30,9,223,2527,12.635,0
3974,0,1,0,4,7,False,182,0,72,72,0.36,0
3975,0,1,0,4,8,False,161,0,102,102,0.51,0
3976,0,1,0,4,7,False,66,0,211,211,1.055,0
3977,0,1,0,4,8,False,246,3,22,790,3.95,0
3978,0,1,0,4,7,False,212,0,164,164,0.82,0
3979,0,1,0,4,7,False,147,0,74,74,0.37,0
3980,0,1,0,4,6,False,42,0,188,188,0.94,0
3981,0,1,0,4,8,False,231,3,162,930,4.65,0
3982,0,1,0,4,9,False,42,0,197,197,0.985,0
3983,0,1,0,4,7,False,41,0,143,143,0.715,0
3984,0,1,0,4,7,False,30,0,78,78,0.39,0
3985,0,1,0,4,8,False,150,2,237,749,3.745,0
3986,0,1,0,4,11,False,161,0,179,179,0.895,0
3987,0,1,0,4,8,False,119,1,220,476,2.38,0
3988,0,1,0,4,11,False,225,4,2,1026,5.13,0
3989,0,1,0,4,8,False,219,3,196,964,4.82,0
3990,0,1,0,4,7,False,147,0,196,196,0.98,0
3991,0,1,0,4,8,False,65,2,228,740,3.7,0
3992,0,1,0,4,7,False,232,0,64,64,0.32,0
3993,0,1,0,4,7,False,117,0,164,164,0.82,0
3994,0,1,0,4,7,False,35,1,70,326,1.63,0
3995,0,1,0,4,7,False,37,0,137,137,0.685,0
3996,0,1,0,4,9,False,41,0,199,199,0.995,0
3997,0,1,0,4,7,False,182,0,186,186,0.93,0
3998,0,1,0,4,7,False,59,0,166,166,0.83,0
3999,0,1,0,4,8,False,171,7,87,1879,9.395,0
4000,0,1,0,4,7,False,173,0,177,177,0.885,0
4001,0,1,0,4,8,False,149,0,183,183,0.915,0
4002,0,1,0,4,11,False,88,6,50,1586,7.93,0
4003,0,1,0,4,8,False,27,1,235,491,2.455,0
4004,0,1,0,4,7,False,103,1,165,421,2.105,0
4005,0,1,0,4,7,False,74,0,73,73,0.365,0
4006,0,1,0,4,6,False,38,0,72,72,0.36,0
4007,0,1,0,4,7,False,198,0,199,199,0.995,0
4008,0,1,0,4,6,False,172,0,134,134,0.67,0
4009,0,1,0,4,8,False,83,6,89,1625,8.125,0
4010,0,1,0,4,9,False,13,1,154,410,2.05,0
4011,0,1,0,4,7,False,159,0,79,79,0.395,0
4012,0,1,0,4,7,False,149,1,33,289,1.445,0
4013,0,1,0,4,8,False,27,2,171,683,3.415,0
4014,0,1,0,4,6,False,234,0,68,68,0.34,0
4015,0,1,0,4,8,False,192,1,21,277,1.385,0
4016,0,1,0,4,6,False,75,0,61,61,0.305,0
4017,0,1,0,4,8,False,25,2,68,580,2.9,0
4018,0,1,0,4,7,False,203,3,133,901,4.505,0
4019,0,1,0,4,8,False,184,0,254,254,1.27,0
4020,0,1,0,4,11,False,4,11,214,3030,15.15,0
4021,0,1,0,4,8,False,72,2,87,599,2.995,0
4022,0,1,0,4,7,False,183,1,155,411,2.055,0
4023,0,1,0,4,8,False,142,4,153,1177,5.885,0
4024,0,1,0,4,7,False,2,5,4,1284,6.42,0
4025,0,1,0,4,7,False,168,0,61,61,0.305,0
4026,0,1,0,4,4,False,10,5,1,1281,6.405,0
4027,0,1,0,4,8,False,60,2,93,605,3.025,0
4028,0,1,0,4,14,True,3,12,4,3076,15.38,0
4029,0,1,0,4,8,False,221,0,70,70,0.35,0
4030,0,1,1,1,14,True,0,0,0,0,0.0,0
4031,0,1,0,4,7,False,147,1,2,258,1.29,0
4032,0,1,0,4,9,False,221,0,3,3,0.015,0
4033,0,1,0,4,8,False,252,4,54,1078,5.39,0
4034,0,1,30,0,0,False,0,0,0,0,0.0,0
4035,0,1,0,4,7,False,141,0,145,145,0.725,0
4036,0,1,0,4,5,False,147,0,197,197,0.985,0
4037,0,1,0,4,8,False,225,5,61,1341,6.705,0
4038,0,1,7,0,0,False,0,0,0,0,0.0,0
4039,0,1,0,4,8,False,105,2,33,545,2.725,0
4040,0,1,0,4,0,False,4,6,148,1684,8.42,0
4041,0,1,0,4,9,False,197,4,150,1174,5.87,0
4042,0,1,0,4,4,False,8,1,4,260,1.3,0
4043,0,1,0,4,7,False,204,0,51,51,0.255,0
4044,0,1,1,1,4,False,0,0,0,0,0.0,0
4045,0,1,0,4,8,False,64,1,198,454,2.27,0
4046,0,1,19,0,0,False,0,0,0,0,0.0,0
4047,0,1,0,4,8,False,250,3,225,993,4.965,0
4048,0,1,0,0,0,False,0,0,0,0,0.0,0
4049,0,1,0,4,8,False,73,0,89,89,0.445,0
4050,0,1,0,4,4,False,5,9,9,2313,11.565,0
4051,0,1,0,0,0,False,0,0,0,0,0.0,0
4052,0,1,0,4,4,False,9,15,236,4076,20.38,0
4053,0,1,0,1,0,False,0,0,0,0,0.0,0
4054,0,1,0,4,9,False,10,14,228,3812,19.06,0
4055,0,1,0,1,4,False,0,0,0,0,0.0,0
4056,0,1,1,2,39,True,4,0,0,0,0.0,0
4057,0,1,0,7,27,True,0,8,4,2052,10.26,32775
4058,0,1,0,5,27,True,0,5,2,1282,6.41,71
4059,0,1,0,3,4,False,8,15,0,3840,19.2,0
4060,0,1,0,5,12,True,4,6,129,1665,8.325,0
4061,0,1,0,6,0,False,4,7,245,2037,10.185,29696
4062,0,1,16,1,1,False,0,0,0,0,0.0,0
4063,0,1,0,4,8,False,36,4,84,1108,5.54,0
4064,0,1,3,2,6,False,4,0,0,0,0.0,0
4065,0,1,0,4,8,False,142,1,115,371,1.855,0
4066,0,1,3,7,0,False,68,5,0,1280,6.4,60034
4067,0,1,0,4,9,False,9,14,120,3704,18.52,0
4068,0,1,8,6,10,False,123,0,4,4,0.02,1031
4069,0,1,0,4,8,False,29,3,62,830,4.15,0
4070,0,1,0,5,60,False,0,14,9,3593,17.965,36
4071,0,1,0,4,8,False,187,2,44,556,2.78,0
4072,0,1,0,4,9,False,116,5,254,1534,7.67,0
4073,0,1,0,4,8,False,106,1,234,490,2.45,0
4074,0,1,0,4,8,False,90,3,99,867,4.335,0
4075,0,1,0,4,8,False,218,2,137,649,3.245,0
4076,0,1,0,4,5,False,60,0,63,63,0.315,0
4077,0,1,0,4,8,False,84,1,141,397,1.985,0
4078,0,1,0,4,8,False,46,4,32,1056,5.28,0
4079,0,1,0,4,8,False,166,0,83,83,0.415,0
4080,0,1,0,4,25,False,2,4,9,1033,5.165,0
4081,0,1,0,4,8,False,114,0,172,172,0.86,0
4082,0,1,0,4,1,False,224,5,1,1281,6.405,0
4083,0,1,0,4,8,False,141,0,63,63,0.315,0
4084,0,1,0,4,23,False,1,9,8,2312,11.56,0
4085,0,1,0,4,8,False,23,0,238,238,1.19,0
4086,0,1,0,4,1,False,4,11,50,2866,14.33,0
4087,0,1,0,4,8,False,209,1,96,352,1.76,0
4088,0,1,0,4,4,False,9,1,1,257,1.285,0
4089,0,1,0,4,8,False,49,2,104,616,3.08,0
4090,0,1,13,2,0,False,146,0,0,0,0.0,0
4091,0,1,0,4,8,False,154,1,130,386,1.93,0
4092,0,1,1,3,57,True,1,10,0,2560,12.8,0
4093,0,1,0,4,8,False,243,0,217,217,1.085,0
4094,0,1,2,4,0,False,161,0,226,226,1.13,0
4095,0,1,0,4,8,False,43,0,93,93,0.465,0
4096,0,1,0,4,4,False,10,1,0,256,1.28,0
4097,0,1,0,4,7,False,184,0,70,70,0.35,0
4098,0,1,23,4,4,False,23,0,4,4,0.02,0
4099,0,1,0,4,8,False,26,2,227,739,3.695,0
4100,0,1,1,3,4,False,1,9,0,2304,11.52,0
4101,0,1,0,4,8,False,197,1,108,364,1.82,0
4102,0,1,25,3,4,False,7,8,0,2048,10.24,0
4103,0,1,0,4,8,False,38,0,105,105,0.525,0
4104,0,1,0,4,9,False,9,0,1,1,0.005,0
4105,0,1,0,4,9,False,196,15,228,4068,20.34,0
4106,0,1,12,4,3,False,2,4,10,1034,5.17,0
4107,0,1,0,4,9,False,42,0,73,73,0.365,0
4108,0,1,30,6,3,False,182,4,11,1035,5.175,1068
4109,0,1,0,4,7,False,126,0,77,77,0.385,0
4110,0,1,1,4,58,False,4,6,58,1594,7.97,0
4111,0,1,0,4,7,False,238,0,55,55,0.275,0
4112,0,1,0,4,54,True,43,7,6,1798,8.99,0
4113,0,1,0,4,7,False,93,0,73,73,0.365,0
4114,0,1,1,3,38,False,185,3,0,768,3.84,0
4115,0,1,0,4,7,False,226,0,57,57,0.285,0
4116,0,1,17,5,4,False,0,13,4,3332,16.66,7
4117,0,1,0,4,8,False,179,8,136,2184,10.92,0
4118,0,1,0,4,13,False,39,2,102,614,3.07,0
4119,0,1,0,4,7,False,30,1,158,414,2.07,0
4120,0,1,0,4,10,False,223,4,4,1028,5.14,0
4121,0,1,0,4,8,False,147,13,137,3465,17.325,0
4122,0,1,0,5,7,False,26,0,4,4,0.02,5
4123,0,1,0,4,8,False,207,0,73,73,0.365,0
4124,0,1,1,1,41,True,0,0,0,0,0.0,0
4125,0,1,0,4,8,False,123,1,21,277,1.385,0
4126,0,1,0,1,4,False,0,0,0,0,0.0,0
4127,0,1,0,4,8,False,236,0,155,155,0.775,0
4128,0,1,0,6,31,False,32,1,85,341,1.705,2052
4129,0,1,0,4,8,False,236,1,164,420,2.1,0
4130,0,1,29,7,0,False,86,4,10,1034,5.17,11536722
4131,0,1,0,4,9,False,236,10,62,2622,13.11,0
4132,0,1,0,4,11,False,199,12,144,3216,16.08,0
4133,0,1,0,4,8,False,65,1,197,453,2.265,0
4134,0,1,0,4,31,False,4,9,241,2545,12.725,0
4135,0,1,0,4,7,False,232,0,57,57,0.285,0
4136,0,1,0,0,0,False,0,0,0,0,0.0,0
4137,0,1,0,4,8,False,101,6,44,1580,7.9,0
4138,0,1,16,3,1,False,22,4,0,1024,5.12,0
4139,0,1,0,4,7,False,101,0,78,78,0.39,0
4140,0,1,1,3,24,True,2,15,0,3840,19.2,0
4141,0,1,0,4,8,False,245,7,212,2004,10.02,0
4142,0,1,0,4,9,False,232,0,232,232,1.16,0
4143,0,1,0,4,8,False,144,2,12,524,2.62,0
4144,0,1,0,4,10,False,48,5,15,1295,6.475,0
4145,0,1,0,4,9,False,9,7,242,2034,10.17,0
4146,0,1,0,4,9,False,102,0,84,84,0.42,0
4147,0,1,0,4,8,False,122,3,49,817,4.085,0
4148,0,1,0,4,10,False,101,0,127,127,0.635,0
4149,0,1,0,4,8,False,192,0,171,171,0.855,0
4150,0,1,0,4,10,False,144,2,116,628,3.14,0
4151,0,1,0,4,8,False,14,0,89,89,0.445,0
4152,0,1,0,4,10,False,11,0,223,223,1.115,0
4153,0,1,0,4,8,False,228,1,53,309,1.545,0
4154,0,1,0,4,10,False,103,2,58,570,2.85,0
4155,0,1,0,4,8,False,74,2,32,544,2.72,0
4156,0,1,0,4,11,False,161,12,106,3178,15.89,0
4157,0,1,0,4,8,False,174,3,148,916,4.58,0
4158,0,1,0,4,10,False,148,1,68,324,1.62,0
4159,0,1,0,4,7,False,25,0,85,85,0.425,0
4160,0,1,0,4,10,False,235,0,192,192,0.96,0
4161,0,1,0,4,7,False,111,0,77,77,0.385,0
4162,0,1,0,4,10,False,74,1,79,335,1.675,0
4163,0,1,0,4,8,False,50,3,151,919,4.595,0
4164,0,1,0,4,10,False,174,0,246,246,1.23,0
4165,0,1,0,4,7,False,164,0,112,112,0.56,0
4166,0,1,0,4,10,False,111,2,110,622,3.11,0
4167,0,1,0,4,8,False,220,6,180,1716,8.58,0
4168,0,1,0,4,11,False,190,13,125,3453,17.265,0
4169,0,1,0,4,8,False,131,2,62,574,2.87,0
4170,0,1,0,4,47,False,1,4,10,1034,5.17,0
4171,0,1,0,4,7,False,232,0,115,115,0.575,0
4172,0,1,6,3,10,False,150,0,0,0,0.0,0
4173,0,1,0,4,8,False,140,8,29,2077,10.385,0
4174,0,1,0,4,7,False,10,0,2,2,0.01,0
4175,0,1,0,4,8,False,217,1,144,400,2.0,0
4176,0,1,0,4,8,False,64,0,234,234,1.17,0
4177,0,1,0,4,9,False,105,3,91,859,4.295,0
4178,0,1,0,4,10,False,68,0,88,88,0.44,0
4179,0,1,0,4,7,False,161,0,55,55,0.275,0
4180,0,1,0,4,7,False,131,1,206,462,2.31,0
4181,0,1,0,4,8,False,71,2,132,644,3.22,0
4182,0,1,0,4,7,False,238,2,25,537,2.685,0
4183,0,1,0,4,7,False,214,0,170,170,0.85,0
4184,0,1,0,4,7,False,103,1,221,477,2.385,0
4185,0,1,0,4,8,False,214,4,79,1103,5.515,0
4186,0,1,0,4,7,False,224,0,241,241,1.205,0
4187,0,1,0,4,7,False,106,0,60,60,0.3,0
4188,0,1,0,4,11,False,12,11,101,2917,14.585,0
4189,0,1,0,4,8,False,22,3,33,801,4.005,0
4190,0,1,0,4,31,False,251,14,54,3638,18.19,0
4191,0,1,0,4,8,False,145,3,156,924,4.62,0
4192,0,1,0,4,7,False,7,0,70,70,0.35,0
4193,0,1,0,4,8,False,255,2,221,733,3.665,0
4194,0,1,0,4,7,False,214,3,91,859,4.295,0
4195,0,1,0,4,8,False,99,0,175,175,0.875,0
4196,0,1,0,4,9,False,87,0,32,32,0.16,0
4197,0,1,0,4,7,False,249,0,79,79,0.395,0
4198,0,1,0,4,7,False,102,0,177,177,0.885,0
4199,0,1,0,4,7,False,22,0,147,147,0.735,0
4200,0,1,0,4,11,False,22,14,219,3803,19.015,0
4201,0,1,0,4,7,False,191,0,62,62,0.31,0
4202,0,1,0,4,7,False,118,0,165,165,0.825,0
4203,0,1,0,4,8,False,85,10,198,2758,13.79,0
4204,0,1,0,4,10,False,146,0,179,179,0.895,0
4205,0,1,0,4,8,False,165,11,211,3027,15.135,0
4206,0,1,0,4,11,False,255,8,92,2140,10.7,0
4207,0,1,0,4,8,False,53,1,38,294,1.47,0
4208,0,1,0,4,6,False,250,0,65,65,0.325,0
4209,0,1,0,4,8,False,195,3,179,947,4.735,0
4210,0,1,0,4,10,False,22,1,136,392,1.96,0
4211,0,1,0,4,8,False,232,0,95,95,0.475,0
4212,0,1,0,4,7,False,191,0,76,76,0.38,0
4213,0,1,0,4,7,False,114,0,168,168,0.84,0
4214,0,1,0,4,7,False,85,3,14,782,3.91,0
4215,0,1,0,4,8,False,27,4,125,1149,5.745,0
4216,0,1,0,4,11,False,68,11,53,2869,14.345,0
4217,0,1,0,4,8,False,139,6,115,1651,8.255,0
4218,0,1,0,4,13,False,55,10,177,2737,13.685,0
4219,0,1,0,4,8,False,246,1,197,453,2.265,0
4220,0,1,0,4,7,False,174,0,132,132,0.66,0
4221,0,1,0,4,8,False,127,3,241,1009,5.045,0
4222,0,1,0,4,13,False,190,2,35,547,2.735,0
4223,0,1,0,4,8,False,236,1,76,332,1.66,0
4224,0,1,0,4,6,False,109,1,49,305,1.525,0
4225,0,1,0,4,8,False,107,3,2,770,3.85,0
4226,0,1,0,4,7,False,30,0,166,166,0.83,0
4227,0,1,0,4,8,False,218,1,148,404,2.02,0
4228,0,1,0,4,11,False,140,11,37,2853,14.265,0
4229,0,1,0,4,7,False,53,0,98,98,0.49,0
4230,0,1,0,4,7,False,247,0,164,164,0.82,0
4231,0,1,0,4,8,False,176,5,107,1387,6.935,0
4232,0,1,0,4,7,False,79,0,91,91,0.455,0
4233,0,1,0,4,8,False,3,1,153,409,2.045,0
4234,0,1,0,4,12,False,114,0,96,96,0.48,0
4235,0,1,0,4,8,False,136,1,124,380,1.9,0
4236,0,1,0,4,7,False,102,1,47,303,1.515,0
4237,0,1,0,4,8,False,19,0,194,194,0.97,0
4238,0,1,0,4,7,False,145,1,75,331,1.655,0
4239,0,1,0,4,8,False,142,0,161,161,0.805,0
4240,0,1,0,4,6,False,53,0,106,106,0.53,0
4241,0,1,0,4,7,False,223,0,91,91,0.455,0
4242,0,1,0,4,7,False,209,1,49,305,1.525,0
4243,0,1,0,4,8,False,53,3,212,980,4.9,0
4244,0,1,0,4,7,False,24,0,180,180,0.9,0
4245,0,1,0,4,8,False,233,2,162,674,3.37,0
4246,0,1,0,4,7,False,137,0,78,78,0.39,0
4247,0,1,0,4,7,False,244,0,115,115,0.575,0
4248,0,1,0,4,10,False,54,2,213,725,3.625,0
4249,0,1,0,4,8,False,8,4,150,1174,5.87,0
4250,0,1,0,4,12,False,54,1,219,475,2.375,0
4251,0,1,0,4,7,False,66,1,141,397,1.985,0
4252,0,1,0,4,9,False,224,0,89,89,0.445,0
4253,0,1,0,4,8,False,252,4,202,1226,6.13,0
4254,0,1,0,4,10,False,224,0,53,53,0.265,0
4255,0,1,0,4,8,False,120,1,203,459,2.295,0
4256,0,1,0,4,11,False,232,4,50,1074,5.37,0
4257,0,1,0,4,9,False,243,14,121,3705,18.525,0
4258,0,1,0,4,10,False,245,0,68,68,0.34,0
4259,0,1,0,4,7,False,254,0,47,47,0.235,0
4260,0,1,0,4,12,False,224,0,105,105,0.525,0
4261,0,1,0,4,8,False,31,5,34,1314,6.57,0
4262,0,1,0,4,6,False,67,1,167,423,2.115,0
4263,0,1,0,4,8,False,164,1,51,307,1.535,0
4264,0,1,0,4,8,False,73,0,84,84,0.42,0
4265,0,1,0,4,7,False,53,0,111,111,0.555,0
4266,0,1,0,4,7,False,81,1,76,332,1.66,0
4267,0,1,0,4,7,False,167,0,45,45,0.225,0
4268,0,1,0,4,7,False,247,0,155,155,0.775,0
4269,0,1,0,4,7,False,5,0,71,71,0.355,0
4270,0,1,0,4,7,False,166,1,249,505,2.525,0
4271,0,1,0,4,8,False,175,8,231,2279,11.395,0
4272,0,1,0,4,10,False,117,4,242,1266,6.33,0
4273,0,1,0,4,8,False,48,2,1,513,2.565,0
4274,0,1,0,4,7,False,164,0,94,94,0.47,0
4275,0,1,0,4,8,False,105,1,79,335,1.675,0
4276,0,1,0,4,6,False,49,0,77,77,0.385,0
4277,0,1,0,4,8,False,15,1,203,459,2.295,0
4278,0,1,0,4,7,False,177,0,104,104,0.52,0
4279,0,1,0,4,8,False,41,0,162,162,0.81,0
4280,0,1,0,4,11,False,33,9,75,2379,11.895,0
4281,0,1,0,4,8,False,221,1,74,330,1.65,0
4282,0,1,0,4,7,False,154,0,82,82,0.41,0
4283,0,1,0,4,8,False,68,2,194,706,3.53,0
4284,0,1,0,4,7,False,251,0,89,89,0.445,0
4285,0,1,0,4,7,False,179,0,51,51,0.255,0
4286,0,1,0,4,12,False,82,2,101,613,3.065,0
4287,0,1,0,4,8,False,45,3,137,905,4.525,0
4288,0,1,0,4,11,False,15,1,97,353,1.765,0
4289,0,1,0,4,7,False,115,0,161,161,0.805,0
4290,0,1,0,4,11,False,43,0,220,220,1.1,0
4291,0,1,0,4,8,False,24,4,47,1071,5.355,0
4292,0,1,0,4,11,False,205,2,204,716,3.58,0
4293,0,1,0,4,7,False,61,0,77,77,0.385,0
4294,0,1,0,4,13,False,230,12,246,3318,16.59,0
4295,0,1,0,4,7,False,15,0,145,145,0.725,0
4296,0,1,0,4,7,False,174,0,189,189,0.945,0
4297,0,1,0,4,7,False,139,0,62,62,0.31,0
4298,0,1,0,4,7,False,45,2,79,591,2.955,0
4299,0,1,0,4,8,False,235,11,33,2849,14.245,0
4300,0,1,0,4,7,False,132,2,166,678,3.39,0
4301,0,1,0,4,8,False,127,1,163,419,2.095,0
4302,0,1,0,4,7,False,24,0,79,79,0.395,0
4303,0,1,0,4,8,False,194,3,67,835,4.175,0
4304,0,1,0,4,9,False,72,0,81,81,0.405,0
4305,0,1,0,4,7,False,81,0,58,58,0.29,0
4306,0,1,0,4,6,False,15,0,167,167,0.835,0
4307,0,1,0,4,7,False,198,0,130,130,0.65,0
4308,0,1,0,4,7,False,156,1,32,288,1.44,0
4309,0,1,0,4,8,False,79,4,125,1149,5.745,0
4310,0,1,0,4,7,False,249,0,219,219,1.095,0
4311,0,1,0,4,7,False,145,0,149,149,0.745,0
4312,0,1,0,4,9,False,233,1,229,485,2.425,0
4313,0,1,0,4,7,False,0,0,100,100,0.5,0
4314,0,1,0,4,11,False,128,11,195,3011,15.055,0
4315,0,1,0,4,8,False,202,4,155,1179,5.895,0
4316,0,1,0,4,3,False,2,9,4,2308,11.54,0
4317,0,1,0,4,7,False,73,0,219,219,1.095,0
4318,0,1,0,4,4,False,9,1,1,257,1.285,0
4319,0,1,0,4,8,False,135,5,176,1456,7.28,0
4320,0,1,0,4,4,False,10,4,5,1029,5.145,0
4321,0,1,0,4,7,False,10,0,80,80,0.4,0
4322,0,1,14,4,51,False,0,10,3,2563,12.815,0
4323,0,1,0,4,8,False,111,3,214,982,4.91,0
4324,0,1,10,1,0,False,0,0,0,0,0.0,0
4325,0,1,0,4,7,False,5,0,249,249,1.245,0
4326,0,1,19,1,53,True,0,0,0,0,0.0,0
4327,0,1,0,4,8,False,67,4,111,1135,5.675,0
4328,0,1,14,5,51,False,106,11,118,2934,14.67,4
4329,0,1,0,4,8,False,125,0,239,239,1.195,0
4330,0,1,1,2,42,False,0,0,0,0,0.0,0
4331,0,1,0,4,8,False,41,1,98,354,1.77,0
4332,0,1,31,4,4,False,7,5,2,1282,6.41,0
4333,0,1,0,4,9,False,131,3,158,926,4.63,0
4334,0,1,11,3,4,False,10,0,0,0,0.0,0
4335,0,1,0,4,8,False,237,1,17,273,1.365,0
4336,0,1,0,3,29,False,4,11,0,2816,14.08,0
4337,0,1,0,4,7,False,52,0,63,63,0.315,0
4338,0,1,14,0,0,False,0,0,0,0,0.0,0
4339,0,1,0,4,8,False,20,4,28,1052,5.26,0
4340,0,1,1,3,51,False,4,10,0,2560,12.8,0
4341,0,1,0,4,7,False,8,0,74,74,0.37,0
4342,0,1,6,3,2,False,172,4,0,1024,5.12,0
4343,0,1,0,4,7,False,137,0,222,222,1.11,0
4344,0,1,1,1,38,True,0,0,0,0,0.0,0
4345,0,1,0,4,7,False,162,0,77,77,0.385,0
4346,0,1,0,0,0,False,0,0,0,0,0.0,0
4347,0,1,0,4,8,False,50,8,102,2150,10.75,0
4348,0,1,5,6,4,False,5,2,57,569,2.845,1540
4349,0,1,0,4,8,False,142,0,224,224,1.12,0
4350,0,1,1,1,0,False,0,0,0,0,0.0,0
4351,0,1,0,4,8,False,18,1,220,476,2.38,0
4352,0,1,7,4,8,False,4,7,0,1792,8.96,0
4353,0,1,0,4,8,False,98,0,213,213,1.065,0
4354,0,1,25,3,5,False,178,0,0,0,0.0,0
4355,0,1,0,4,7,False,222,0,74,74,0.37,0
4356,0,1,8,0,0,False,0,0,0,0,0.0,0
4357,0,1,0,4,8,False,71,3,169,937,4.685,0
4358,0,1,16,6,5,False,4,7,178,1970,9.85,2564
4359,0,1,0,4,8,False,144,0,157,157,0.785,0
4360,0,1,20,3,3,False,79,4,0,1024,5.12,0
4361,0,1,0,4,7,False,44,0,105,105,0.525,0
4362,0,1,0,7,30,True,3,9,4,2308,11.54,4873
4363,0,1,0,4,7,False,150,0,56,56,0.28,0
4364,0,1,9,3,4,False,9,7,0,1792,8.96,0
4365,0,1,0,4,7,False,58,0,138,138,0.69,0
4366,0,1,0,1,39,True,0,0,0,0,0.0,0
4367,0,1,0,4,7,False,150,0,66,66,0.33,0
4368,0,1,0,4,9,False,163,1,29,285,1.425,0
4369,0,1,0,4,8,False,143,6,72,1608,8.04,0
4370,0,1,0,4,9,False,222,0,68,68,0.34,0
4371,0,1,0,4,8,False,113,1,178,434,2.17,0
4372,0,1,0,4,7,False,40,1,93,349,1.745,0
4373,0,1,0,4,7,False,231,0,54,54,0.27,0
4374,0,1,0,4,7,False,145,0,200,200,1.0,0
4375,0,1,0,4,7,False,52,0,118,118,0.59,0
4376,0,1,0,4,11,False,225,2,63,575,2.875,0
4377,0,1,0,4,7,False,176,0,55,55,0.275,0
4378,0,1,0,4,7,False,150,0,160,160,0.8,0
4379,0,1,0,4,8,False,245,8,69,2117,10.585,0
4380,0,1,0,4,10,False,59,0,87,87,0.435,0
4381,0,1,0,4,8,False,127,1,28,284,1.42,0
4382,0,1,0,4,7,False,91,0,180,180,0.9,0
4383,0,1,0,4,7,False,47,0,69,69,0.345,0
4384,0,1,0,4,7,False,226,0,189,189,0.945,0
4385,0,1,0,4,8,False,184,3,183,951,4.755,0
4386,0,1,0,4,7,False,48,1,13,269,1.345,0
4387,0,1,0,4,8,False,10,1,82,338,1.69,0
4388,0,1,0,4,7,False,175,1,165,421,2.105,0
4389,0,1,0,4,7,False,130,1,9,265,1.325,0
4390,0,1,0,4,9,False,186,1,89,345,1.725,0
4391,0,1,0,4,7,False,226,0,70,70,0.35,0
4392,0,1,0,4,10,False,186,2,8,520,2.6,0
4393,0,1,0,4,7,False,40,0,68,68,0.34,0
4394,0,1,0,4,7,False,47,0,87,87,0.435,0
4395,0,1,0,4,8,False,170,7,127,1919,9.595,0
4396,0,1,0,4,11,False,184,1,26,282,1.41,0
4397,0,1,0,4,8,False,55,1,48,304,1.52,0
4398,0,1,0,4,7,False,10,0,166,166,0.83,0
4399,0,1,0,4,8,False,141,0,76,76,0.38,0
4400,0,1,0,4,6,False,130,1,23,279,1.395,0
4401,0,1,0,4,8,False,50,0,58,58,0.29,0
4402,0,1,0,4,7,False,222,0,214,214,1.07,0
4403,0,1,0,4,8,False,188,2,43,555,2.775,0
4404,0,1,0,4,9,False,227,1,88,344,1.72,0
4405,0,1,0,4,7,False,40,0,112,112,0.56,0
4406,0,1,0,4,10,False,151,1,96,352,1.76,0
4407,0,1,0,4,8,False,123,3,226,994,4.97,0
4408,0,1,0,4,7,False,61,0,194,194,0.97,0
4409,0,1,0,4,7,False,241,0,57,57,0.285,0
4410,0,1,0,4,12,False,61,7,194,1986,9.93,0
4411,0,1,0,4,8,False,189,3,40,808,4.04,0
4412,0,1,0,4,11,False,49,0,167,167,0.835,0
4413,0,1,0,4,7,False,229,0,125,125,0.625,0
4414,0,1,0,4,7,False,140,1,45,301,1.505,0
4415,0,1,0,4,7,False,150,0,178,178,0.89,0
4416,0,1,0,4,7,False,39,1,14,270,1.35,0
4417,0,1,0,4,8,False,249,12,116,3188,15.94,0
4418,0,1,0,4,12,False,247,0,73,73,0.365,0
4419,0,1,0,4,8,False,86,0,174,174,0.87,0
4420,0,1,0,4,7,False,237,1,24,280,1.4,0
4421,0,1,0,4,7,False,246,1,185,441,2.205,0
4422,0,1,0,4,10,False,242,0,68,68,0.34,0
4423,0,1,0,4,8,False,91,4,126,1150,5.75,0
4424,0,1,0,4,6,False,226,0,180,180,0.9,0
4425,0,1,0,4,8,False,222,2,53,565,2.825,0
4426,0,1,0,4,6,False,150,0,163,163,0.815,0
4427,0,1,0,4,7,False,58,0,145,145,0.725,0
4428,0,1,0,4,7,False,224,0,176,176,0.88,0
4429,0,1,0,4,8,False,203,7,208,2000,10.0,0
4430,0,1,0,4,10,False,144,2,247,759,3.795,0
4431,0,1,0,4,8,False,48,0,137,137,0.685,0
4432,0,1,0,4,6,False,230,0,160,160,0.8,0
4433,0,1,0,4,9,False,184,3,187,955,4.775,0
4434,0,1,0,4,7,False,91,0,163,163,0.815,0
4435,0,1,0,4,8,False,40,1,178,434,2.17,0
4436,0,1,0,4,7,False,212,0,180,180,0.9,0
4437,0,1,0,4,8,False,136,2,134,646,3.23,0
4438,0,1,0,4,6,False,58,0,81,81,0.405,0
4439,0,1,0,4,7,False,248,0,79,79,0.395,0
4440,0,1,0,4,9,False,58,0,101,101,0.505,0
4441,0,1,0,4,8,False,248,1,36,292,1.46,0
4442,0,1,0,4,11,False,48,4,47,1071,5.355,0
4443,0,1,0,4,8,False,153,2,170,682,3.41,0
4444,0,1,0,4,13,False,58,15,184,4024,20.12,0
4445,0,1,0,4,7,False,16,0,69,69,0.345,0
4446,0,1,0,4,11,False,36,1,152,408,2.04,0
4447,0,1,0,4,7,False,188,0,68,68,0.34,0
4448,0,1,0,4,7,False,155,0,134,134,0.67,0
4449,0,1,0,4,8,False,92,4,218,1242,6.21,0
4450,0,1,0,4,6,False,249,0,72,72,0.36,0
4451,0,1,0,4,7,False,110,0,64,64,0.32,0
4452,0,1,0,4,9,False,13,1,73,329,1.645,0
4453,0,1,0,4,8,False,143,9,91,2395,11.975,0
4454,0,1,0,4,7,False,118,0,85,85,0.425,0
4455,0,1,0,4,8,False,244,1,44,300,1.5,0
4456,0,1,0,4,11,False,150,10,80,2640,13.2,0
4457,0,1,0,4,8,False,113,0,157,157,0.785,0
4458,0,1,0,4,6,False,188,0,158,158,0.79,0
4459,0,1,0,4,8,False,207,1,86,342,1.71,0
4460,0,1,0,4,7,False,40,0,104,104,0.52,0
4461,0,1,0,4,8,False,101,1,67,323,1.615,0
4462,0,1,0,4,7,False,235,1,110,366,1.83,0
4463,0,1,0,4,7,False,180,0,73,73,0.365,0
4464,0,1,0,4,9,False,183,0,97,97,0.485,0
4465,0,1,0,4,7,False,20,0,60,60,0.3,0
4466,0,1,0,4,7,False,234,0,68,68,0.34,0
4467,0,1,0,4,8,False,158,4,191,1215,6.075,0
4468,0,1,0,4,11,False,244,2,230,742,3.71,0
4469,0,1,0,4,8,False,253,0,125,125,0.625,0
4470,0,1,0,4,7,False,203,0,103,103,0.515,0
4471,0,1,0,4,7,False,124,0,83,83,0.415,0
4472,0,1,0,4,11,False,102,2,149,661,3.305,0
4473,0,1,0,4,7,False,24,1,123,379,1.895,0
4474,0,1,0,4,7,False,179,0,123,123,0.615,0
4475,0,1,0,4,8,False,117,5,168,1448,7.24,0
4476,0,1,0,4,20,False,0,4,4,1028,5.14,0
4477,0,1,0,4,8,False,12,2,9,521,2.605,0
4478,0,1,0,4,0,False,61,12,4,3076,15.38,0
4479,0,1,0,4,8,False,108,1,81,337,1.685,0
4480,0,1,0,4,0,False,4,9,45,2349,11.745,0
4481,0,1,0,4,8,False,253,1,194,450,2.25,0
4482,0,1,0,2,4,False,9,0,0,0,0.0,0
4483,0,1,0,4,8,False,107,1,122,378,1.89,0
4484,0,1,13,5,0,False,65,7,2,1794,8.97,20
4485,0,1,0,4,8,False,172,0,213,213,1.065,0
4486,0,1,12,3,23,True,0,4,0,1024,5.12,0
4487,0,1,0,4,8,False,231,0,118,118,0.59,0
4488,0,1,1,1,45,False,0,0,0,0,0.0,0
4489,0,1,0,4,8,False,122,1,84,340,1.7,0
4490,0,1,19,4,1,False,99,4,17,1041,5.205,0
4491,0,1,0,4,7,False,219,0,93,93,0.465,0
4492,0,1,13,4,9,False,118,1,98,354,1.77,0
4493,0,1,0,4,7,False,125,0,59,59,0.295,0
4494,0,1,20,3,23,True,0,14,0,3584,17.92,0
4495,0,1,0,4,7,False,124,0,35,35,0.175,0
4496,0,1,1,0,0,False,0,0,0,0,0.0,0
4497,0,1,0,4,7,False,36,0,124,124,0.62,0
4498,0,1,0,4,0,False,137,4,8,1032,5.16,0
4499,0,1,0,4,8,False,164,9,167,2471,12.355,0
4500,0,1,26,6,1,False,4,9,36,2340,11.7,1281
4501,0,1,0,4,8,False,192,0,178,178,0.89,0
4502,0,1,5,1,0,False,0,0,0,0,0.0,0
4503,0,1,0,4,8,False,124,1,217,473,2.365,0
4504,0,1,19,1,53,False,0,0,0,0,0.0,0
4505,0,1,0,4,8,False,228,0,61,61,0.305,0
4506,0,1,0,3,58,False,36,0,0,0,0.0,0
4507,0,1,0,4,8,False,82,0,235,235,1.175,0
4508,0,1,1,1,48,False,0,0,0,0,0.0,0
4509,0,1,0,4,7,False,158,0,141,141,0.705,0
4510,0,1,1,1,46,True,0,0,0,0,0.0,0
4511,0,1,0,4,8,False,244,4,29,1053,5.265,0
4512,0,1,0,0,0,False,0,0,0,0,0.0,0
4513,0,1,0,4,8,False,63,1,141,397,1.985,0
4514,0,1,21,0,0,False,0,0,0,0,0.0,0
4515,0,1,0,4,8,False,142,0,145,145,0.725,0
4516,0,1,10,7,11,True,2,11,7,2823,14.115,262148
4517,0,1,0,0,0,False,0,0,0,0,0.0,0
4518,0,1,1,1,10,True,0,0,0,0,0.0,0
4519,0,1,0,6,0,False,145,4,8,1032,5.16,606
4520,0,1,1,2,30,True,2,0,0,0,0.0,0
4521,0,1,0,1,4,False,0,0,0,0,0.0,0
4522,0,1,0,4,2,False,8,4,1,1025,5.125,0
4523,0,1,0,0,0,False,0,0,0,0,0.0,0
4524,0,1,2,5,9,False,130,0,92,92,0.46,4
4525,0,1,0,2,0,False,108,0,0,0,0.0,0
4526,0,1,5,1,4,False,0,0,0,0,0.0,0
4527,0,1,0,4,8,False,136,2,77,589,2.945,0
4528,0,1,1,0,0,False,0,0,0,0,0.0,0
4529,0,1,0,4,8,False,167,0,135,135,0.675,0
4530,0,1,10,4,2,False,206,15,4,3844,19.22,0
4531,0,1,0,4,8,False,39,1,78,334,1.67,0
4532,0,1,0,1,2,False,0,0,0,0,0.0,0
4533,0,1,0,4,8,False,156,1,175,431,2.155,0
4534,0,1,0,0,0,False,0,0,0,0,0.0,0
4535,0,1,0,4,8,False,224,1,55,311,1.555,0
4536,0,1,26,5,3,True,0,0,186,186,0.93,207
4537,0,1,0,4,8,False,60,0,223,223,1.115,0
4538,0,1,0,4,9,False,151,1,80,336,1.68,0
4539,0,1,0,4,8,False,198,2,24,536,2.68,0
4540,0,1,0,1,41,False,0,0,0,0,0.0,0
4541,0,1,0,4,7,False,206,0,186,186,0.93,0
4542,0,1,0,4,11,False,177,8,236,2284,11.42,0
4543,0,1,0,4,8,False,101,6,222,1758,8.79,0
4544,0,1,0,4,5,False,201,0,228,228,1.14,0
4545,0,1,0,4,8,False,207,1,254,510,2.55,0
4546,0,1,0,4,6,False,200,0,118,118,0.59,0
4547,0,1,0,4,8,False,138,1,2,258,1.29,0
4548,0,1,0,4,7,False,201,0,60,60,0.3,0
4549,0,1,0,4,8,False,240,1,132,388,1.94,0
4550,0,1,0,4,8,False,201,0,86,86,0.43,0
4551,0,1,0,4,7,False,241,0,38,38,0.19,0
4552,0,1,0,4,9,False,240,8,46,2094,10.47,0
4553,0,1,0,4,8,False,250,4,101,1125,5.625,0
4554,0,1,0,4,9,False,128,10,49,2609,13.045,0
4555,0,1,0,4,7,False,26,0,72,72,0.36,0
4556,0,1,0,4,9,False,246,0,161,161,0.805,0
4557,0,1,0,4,8,False,251,9,102,2406,12.03,0
4558,0,1,0,4,9,False,26,0,186,186,0.93,0
4559,0,1,0,4,7,False,20,1,149,405,2.025,0
4560,0,1,0,4,9,False,251,0,237,237,1.185,0
4561,0,1,0,4,7,False,143,0,56,56,0.28,0
4562,0,1,0,4,5,False,16,1,176,432,2.16,0
4563,0,1,0,4,8,False,97,15,195,4035,20.175,0
4564,0,1,0,4,7,False,5,0,229,229,1.145,0
4565,0,1,0,4,7,False,207,0,69,69,0.345,0
4566,0,1,0,4,9,False,97,6,184,1720,8.6,0
4567,0,1,0,4,8,False,53,5,36,1316,6.58,0
4568,0,1,0,4,9,False,248,2,81,593,2.965,0
4569,0,1,0,4,8,False,18,1,76,332,1.66,0
4570,0,1,0,4,5,False,43,0,67,67,0.335,0
4571,0,1,0,4,8,False,124,3,170,938,4.69,0
4572,0,1,0,4,7,False,43,0,73,73,0.365,0
4573,0,1,0,4,7,False,7,0,143,143,0.715,0
4574,0,1,0,4,9,False,125,5,107,1387,6.935,0
4575,0,1,0,4,7,False,33,0,84,84,0.42,0
4576,0,1,0,4,5,False,7,0,136,136,0.68,0
4577,0,1,0,4,8,False,205,8,226,2274,11.37,0
4578,0,1,0,4,5,False,34,0,90,90,0.45,0
4579,0,1,0,4,8,False,151,2,49,561,2.805,0
4580,0,1,0,4,6,False,34,0,97,97,0.485,0
4581,0,1,0,4,7,False,178,0,95,95,0.475,0
4582,0,1,0,6,0,False,4,7,34,1826,9.13,1280
4583,0,1,0,4,7,False,33,0,226,226,1.13,0
4584,0,1,22,2,0,False,87,0,0,0,0.0,0
4585,0,1,0,4,7,False,193,0,154,154,0.77,0
4586,0,1,0,7,51,False,4,4,5,1029,5.145,11405851
4587,0,1,0,4,8,False,70,7,142,1934,9.67,0
4588,0,1,0,4,5,False,189,0,191,191,0.955,0
4589,0,1,0,4,7,False,144,0,81,81,0.405,0
4590,0,1,0,2,1,False,59,0,0,0,0.0,0
4591,0,1,0,4,7,False,48,0,73,73,0.365,0
4592,0,1,0,5,4,False,6,12,0,3072,15.36,71
4593,0,1,0,4,8,False,166,5,4,1284,6.42,0
4594,0,1,0,5,38,False,1,14,4,3588,17.94,9
4595,0,1,0,4,8,False,36,1,109,365,1.825,0
4596,0,1,6,0,0,False,0,0,0,0,0.0,0
4597,0,1,0,4,8,False,192,1,83,339,1.695,0
4598,0,1,0,2,1,False,1,0,0,0,0.0,0
4599,0,1,0,4,9,False,11,6,226,1762,8.81,0
4600,0,1,7,3,4,False,163,1,0,256,1.28,0
4601,0,1,0,4,8,False,59,1,40,296,1.48,0
4602,0,1,1,2,3,False,48,0,0,0,0.0,0
4603,0,1,0,4,8,False,207,1,160,416,2.08,0
4604,0,1,0,0,0,False,0,0,0,0,0.0,0
4605,0,1,0,4,7,False,41,0,195,195,0.975,0
4606,0,1,2,7,4,False,224,6,2,1538,7.69,16516875
4607,0,1,0,4,7,False,90,0,216,216,1.08,0
4608,0,1,0,0,0,False,0,0,0,0,0.0,0
4609,0,1,0,4,7,False,180,0,52,52,0.26,0
4610,0,1,5,6,34,False,10,15,4,3844,19.22,31282
4611,0,1,0,4,8,False,35,7,142,1934,9.67,0
4612,0,1,31,6,4,False,4,7,75,1867,9.335,1024
4613,0,1,0,4,7,False,181,0,216,216,1.08,0
4614,0,1,1,1,4,False,0,0,0,0,0.0,0
4615,0,1,0,4,7,False,89,0,86,86,0.43,0
4616,0,1,1,1,20,False,0,0,0,0,0.0,0
4617,0,1,0,4,8,False,123,7,67,1859,9.295,0
4618,0,1,1,2,12,True,35,0,0,0,0.0,0
4619,0,1,0,4,9,False,40,14,240,3824,19.12,0
4620,0,1,0,0,0,False,0,0,0,0,0.0,0
4621,0,1,0,4,7,False,110,0,213,213,1.065,0
4622,0,1,11,6,4,False,4,5,90,1370,6.85,1286
4623,0,1,0,4,8,False,189,5,3,1283,6.415,0
4624,0,1,13,1,0,False,0,0,0,0,0.0,0
4625,0,1,0,4,8,False,34,1,105,361,1.805,0
4626,0,1,9,0,0,False,0,0,0,0,0.0,0
4627,0,1,0,4,7,False,147,0,71,71,0.355,0
4628,0,1,25,7,4,False,7,4,6,1030,5.15,651855
4629,0,1,0,4,8,False,179,1,132,388,1.94,0
4630,0,1,13,1,4,False,0,0,0,0,0.0,0
4631,0,1,0,4,7,False,103,1,66,322,1.61,0
4632,0,1,1,1,14,True,0,0,0,0,0.0,0
4633,0,1,0,4,7,False,146,0,77,77,0.385,0
4634,0,1,1,5,53,False,0,1,4,260,1.3,6
4635,0,1,0,4,7,False,40,0,173,173,0.865,0
4636,0,1,18,2,1,False,113,0,0,0,0.0,0
4637,0,1,0,4,8,False,131,12,109,3181,15.905,0
4638,0,1,0,4,5,False,146,0,95,95,0.475,0
4639,0,1,0,4,8,False,180,0,75,75,0.375,0
4640,0,1,0,4,9,False,13,0,165,165,0.825,0
4641,0,1,0,4,7,False,28,0,95,95,0.475,0
4642,0,1,0,4,9,False,41,1,24,280,1.4,0
4643,0,1,0,4,8,False,195,3,34,802,4.01,0
4644,0,1,0,4,10,False,131,11,113,2929,14.645,0
4645,0,1,0,4,8,False,231,3,220,988,4.94,0
4646,0,1,0,4,9,False,29,0,95,95,0.475,0
4647,0,1,0,4,7,False,134,0,79,79,0.395,0
4648,0,1,0,4,10,False,24,1,23,279,1.395,0
4649,0,1,0,4,7,False,245,0,71,71,0.355,0
4650,0,1,0,4,11,False,135,11,46,2862,14.31,0
4651,0,1,0,4,7,False,123,0,54,54,0.27,0
4652,0,1,0,4,9,False,135,0,57,57,0.285,0
4653,0,1,0,4,8,False,53,10,128,2688,13.44,0
4654,0,1,0,4,10,False,14,3,250,1018,5.09,0
4655,0,1,0,4,7,False,122,0,64,64,0.32,0
4656,0,1,0,4,11,False,113,9,137,2441,12.205,0
4657,0,1,0,4,7,False,22,0,85,85,0.425,0
4658,0,1,0,4,10,False,123,1,52,308,1.54,0
4659,0,1,0,4,8,False,124,5,58,1338,6.69,0
4660,0,1,0,4,10,False,54,0,70,70,0.35,0
4661,0,1,0,4,8,False,255,1,210,466,2.33,0
4662,0,1,0,4,9,False,122,0,95,95,0.475,0
4663,0,1,0,4,7,False,74,0,73,73,0.365,0
4664,0,1,0,4,9,False,22,0,170,170,0.85,0
4665,0,1,0,4,7,False,175,0,112,112,0.56,0
4666,0,1,0,4,10,False,18,2,128,640,3.2,0
4667,0,1,0,4,8,False,66,4,26,1050,5.25,0
4668,0,1,0,4,10,False,68,1,85,341,1.705,0
4669,0,1,0,4,8,False,200,2,49,561,2.805,0
4670,0,1,0,4,9,False,69,1,77,333,1.665,0
4671,0,1,0,4,8,False,51,0,229,229,1.145,0
4672,0,1,0,4,9,False,176,2,45,557,2.785,0
4673,0,1,0,4,7,False,119,0,84,84,0.42,0
4674,0,1,0,4,10,False,160,3,165,933,4.665,0
4675,0,1,0,4,8,False,66,4,41,1065,5.325,0
4676,0,1,0,4,10,False,239,1,151,407,2.035,0
4677,0,1,0,4,8,False,91,0,206,206,1.03,0
4678,0,1,0,4,9,False,119,0,228,228,1.14,0
4679,0,1,0,4,8,False,34,1,144,400,2.0,0
4680,0,1,0,4,10,False,216,3,118,886,4.43,0
4681,0,1,0,4,7,False,130,0,122,122,0.61,0
4682,0,1,0,4,11,False,92,12,166,3238,16.19,0
4683,0,1,0,4,8,False,27,5,59,1339,6.695,0
4684,0,1,0,4,11,False,174,0,75,75,0.375,0
4685,0,1,0,4,8,False,113,0,188,188,0.94,0
4686,0,1,0,4,10,False,108,1,9,265,1.325,0
4687,0,1,0,4,8,False,246,2,180,692,3.46,0
4688,0,1,0,4,9,False,109,1,1,257,1.285,0
4689,0,1,0,4,8,False,118,0,218,218,1.09,0
4690,0,1,0,4,10,False,7,3,230,998,4.99,0
4691,0,1,0,4,8,False,196,1,42,298,1.49,0
4692,0,1,0,4,11,False,199,12,30,3102,15.51,0
4693,0,1,0,4,7,False,75,0,98,98,0.49,0
4694,0,1,0,4,10,False,28,1,59,315,1.575,0
4695,0,1,0,4,7,False,192,0,78,78,0.39,0
4696,0,1,0,4,11,False,119,15,133,3973,19.865,0
4697,0,1,0,4,8,False,66,5,91,1371,6.855,0
4698,0,1,0,4,10,False,197,1,80,336,1.68,0
4699,0,1,0,4,7,False,91,0,72,72,0.36,0
4700,0,1,0,4,6,False,76,0,60,60,0.3,0
4701,0,1,0,4,8,False,29,4,157,1181,5.905,0
4702,0,1,0,4,9,False,193,0,210,210,1.05,0
4703,0,1,0,4,7,False,154,0,162,162,0.81,0
4704,0,1,0,4,10,False,117,5,131,1411,7.055,0
4705,0,1,0,4,7,False,16,0,83,83,0.415,0
4706,0,1,0,4,10,False,203,8,58,2106,10.53,0
4707,0,1,0,4,8,False,139,7,21,1813,9.065,0
4708,0,1,0,4,11,False,97,2,70,582,2.91,0
4709,0,1,0,4,7,False,245,0,69,69,0.345,0
4710,0,1,0,4,6,False,154,0,92,92,0.46,0
4711,0,1,0,4,8,False,123,3,4,772,3.86,0
4712,0,1,0,4,9,False,16,1,120,376,1.88,0
4713,0,1,0,4,8,False,191,1,93,349,1.745,0
4714,0,1,0,4,10,False,16,3,197,965,4.825,0
4715,0,1,0,4,8,False,129,0,200,200,1.0,0
4716,0,1,0,4,10,False,62,1,26,282,1.41,0
4717,0,1,0,4,8,False,225,1,96,352,1.76,0
4718,0,1,0,4,10,False,187,1,73,329,1.645,0
4719,0,1,0,4,7,False,94,0,62,62,0.31,0
4720,0,1,0,4,11,False,67,1,213,469,2.345,0
4721,0,1,0,4,8,False,3,2,164,676,3.38,0
4722,0,1,0,4,11,False,196,0,246,246,1.23,0
4723,0,1,0,4,7,False,142,0,206,206,1.03,0
4724,0,1,0,4,10,False,226,0,203,203,1.015,0
4725,0,1,0,4,8,False,219,7,218,2010,10.05,0
4726,0,1,0,4,10,False,61,1,56,312,1.56,0
4727,0,1,0,4,7,False,55,0,62,62,0.31,0
4728,0,1,0,4,11,False,69,9,186,2490,12.45,0
4729,0,1,0,4,8,False,249,5,229,1509,7.545,0
4730,0,1,0,4,2,False,236,4,9,1033,5.165,0
4731,0,1,0,4,7,False,75,0,136,136,0.68,0
4732,0,1,25,5,26,False,10,9,4,2308,11.54,10
4733,0,1,0,4,7,False,204,0,78,78,0.39,0
4734,0,1,9,3,1,False,196,5,0,1280,6.4,0
4735,0,1,0,4,8,False,178,8,222,2270,11.35,0
4736,0,1,0,4,10,False,75,0,151,151,0.755,0
4737,0,1,0,4,8,False,246,2,123,635,3.175,0
4738,0,1,1,1,12,True,0,0,0,0,0.0,0
4739,0,1,0,4,8,False,172,3,14,782,3.91,0
4740,0,1,0,4,6,False,199,0,200,200,1.0,0
4741,0,1,0,4,8,False,36,2,21,533,2.665,0
4742,0,1,0,0,0,False,0,0,0,0,0.0,0
4743,0,1,0,4,8,False,175,5,204,1484,7.42,0
4744,0,1,0,4,52,True,4,0,4,4,0.02,0
4745,0,1,0,4,9,False,250,8,143,2191,10.955,0
4746,0,1,0,0,0,False,0,0,0,0,0.0,0
4747,0,1,0,4,8,False,116,2,64,576,2.88,0
4748,0,1,0,0,0,False,0,0,0,0,0.0,0
4749,0,1,0,4,8,False,196,2,74,586,2.93,0
4750,0,1,3,0,0,False,0,0,0,0,0.0,0
4751,0,1,0,4,8,False,57,1,78,334,1.67,0
4752,0,1,1,0,0,False,0,0,0,0,0.0,0
4753,0,1,0,4,8,False,157,0,143,143,0.715,0
4754,0,1,0,4,6,False,4,6,9,1545,7.725,0
4755,0,1,0,4,8,False,201,0,60,60,0.3,0
4756,0,1,4,3,9,False,234,1,0,256,1.28,0
4757,0,1,0,4,8,False,24,1,155,411,2.055,0
4758,0,1,11,5,4,True,9,15,0,3840,19.2,164
4759,0,1,0,4,8,False,132,1,64,320,1.6,0
4760,0,1,4,3,0,False,128,5,0,1280,6.4,0
4761,0,1,0,4,8,False,54,2,247,759,3.795,0
4762,0,1,0,1,17,False,0,0,0,0,0.0,0
4763,0,1,0,4,8,False,189,2,114,626,3.13,0
4764,0,1,19,0,0,False,0,0,0,0,0.0,0
4765,0,1,0,4,8,False,234,3,163,931,4.655,0
4766,0,1,0,1,1,False,0,0,0,0,0.0,0
4767,0,1,0,4,9,False,88,15,205,4045,20.225,0
4768,0,1,0,4,55,False,4,11,202,3018,15.09,0
4769,0,1,0,4,8,False,125,1,166,422,2.11,0
4770,0,1,0,0,0,False,0,0,0,0,0.0,0
4771,0,1,0,4,7,False,7,0,92,92,0.46,0
4772,0,1,27,7,4,False,10,14,0,3584,17.92,328939
4773,0,1,0,4,8,False,2,2,0,512,2.56,0
4774,0,1,16,7,0,False,93,4,7,1031,5.155,4456502
4775,0,1,0,4,7,False,248,1,125,381,1.905,0
4776,0,1,0,4,7,False,190,0,214,214,1.07,0
4777,0,1,0,4,8,False,140,8,23,2071,10.355,0
4778,0,1,0,4,13,False,190,2,56,568,2.84,0
4779,0,1,0,4,7,False,208,0,43,43,0.215,0
4780,0,1,0,4,7,False,135,0,252,252,1.26,0
4781,0,1,0,4,8,False,139,12,220,3292,16.46,0
4782,0,1,0,4,6,False,7,0,82,82,0.41,0
4783,0,1,0,4,8,False,241,3,175,943,4.715,0
4784,0,1,0,4,7,False,0,15,4,3844,19.22,0
4785,0,1,0,4,8,False,124,1,76,332,1.66,0
4786,0,1,0,4,34,True,0,13,4,3332,16.66,0
4787,0,1,0,4,7,False,208,0,63,63,0.315,0
4788,0,1,0,4,5,False,55,10,4,2564,12.82,0
4789,0,1,0,4,8,False,70,3,24,792,3.96,0
4790,0,1,0,4,0,False,81,11,4,2820,14.1,0
4791,0,1,0,4,8,False,181,2,26,538,2.69,0
4792,0,1,0,7,0,False,231,4,10,1034,5.17,7602640
4793,0,1,0,4,7,False,228,0,157,157,0.785,0
4794,0,1,20,6,4,False,4,11,66,2882,14.41,48388
4795,0,1,0,4,7,False,145,0,83,83,0.415,0
4796,0,1,7,6,16,True,4,6,224,1760,8.8,18944
4797,0,1,0,4,7,False,63,0,222,222,1.11,0
4798,0,1,12,7,24,True,4,10,140,2700,13.5,4521987
4799,0,1,0,4,7,False,170,0,249,249,1.245,0
4800,0,1,1,3,27,True,13,8,0,2048,10.24,0
4801,0,1,0,4,7,False,107,0,146,146,0.73,0
4802,0,1,0,4,5,False,84,2,172,684,3.42,0
4803,0,1,0,4,8,False,212,15,114,3954,19.77,0
4804,0,1,0,4,4,False,8,4,6,1030,5.15,0
4805,0,1,0,4,8,False,89,0,104,104,0.52,0
4806,0,1,21,2,0,False,93,0,0,0,0.0,0
4807,0,1,0,4,9,False,195,9,142,2446,12.23,0
4808,0,1,25,2,4,False,5,0,0,0,0.0,0
4809,0,1,0,4,9,False,45,0,189,189,0.945,0
4810,0,1,0,4,9,False,154,0,167,167,0.835,0
4811,0,1,0,4,8,False,115,2,50,562,2.81,0
4812,0,1,26,5,4,False,10,9,11,2315,11.575,242
4813,0,1,0,4,8,False,220,1,174,430,2.15,0
4814,0,1,17,2,4,False,5,0,0,0,0.0,0
4815,0,1,0,4,7,False,40,0,69,69,0.345,0
4816,0,1,10,3,0,False,68,4,0,1024,5.12,0
4817,0,1,0,4,8,False,226,3,184,952,4.76,0
4818,0,1,0,4,7,False,4,5,40,1320,6.6,0
4819,0,1,0,4,7,False,8,0,75,75,0.375,0
4820,0,1,0,0,0,False,0,0,0,0,0.0,0
4821,0,1,0,4,7,False,194,0,53,53,0.265,0
4822,0,1,27,1,4,False,0,0,0,0,0.0,0
4823,0,1,0,4,7,False,44,0,65,65,0.325,0
4824,0,1,0,6,41,False,0,4,77,1101,5.505,296
4825,0,1,0,4,8,False,130,6,67,1603,8.015,0
4826,0,1,15,7,4,False,5,2,1,513,2.565,284709
4827,0,1,0,4,8,False,28,0,252,252,1.26,0
4828,0,1,0,6,45,False,0,4,4,1028,5.14,49670
4829,0,1,0,4,8,False,124,1,175,431,2.155,0
4830,0,1,0,0,0,False,0,0,0,0,0.0,0
4831,0,1,0,4,8,False,18,1,103,359,1.795,0
4832,0,1,17,7,9,False,0,4,9,1033,5.165,10944519
4833,0,1,0,4,7,False,90,0,55,55,0.275,0
4834,0,1,1,2,4,False,5,0,0,0,0.0,0
4835,0,1,0,4,8,False,112,3,31,799,3.995,0
4836,0,1,0,4,9,False,89,1,89,345,1.725,0
4837,0,1,0,4,7,False,140,0,52,52,0.26,0
4838,0,1,1,2,1,False,4,0,0,0,0.0,0
4839,0,1,0,4,7,False,70,0,84,84,0.42,0
4840,0,1,0,7,12,True,0,4,9,1033,5.165,525343
4841,0,1,0,4,8,False,183,7,252,2044,10.22,0
4842,0,1,11,1,4,False,0,0,0,0,0.0,0
4843,0,1,0,4,7,False,225,0,73,73,0.365,0
4844,0,1,0,4,4,False,7,6,4,1540,7.7,0
4845,0,1,0,4,8,False,192,2,153,665,3.325,0
4846,0,1,0,7,8,False,4,1,4,260,1.3,51465
4847,0,1,0,4,7,False,241,0,73,73,0.365,0
4848,0,1,5,4,4,False,5,1,0,256,1.28,0
4849,0,1,0,4,8,False,239,3,50,818,4.09,0
4850,0,1,8,5,55,False,16,4,9,1033,5.165,122
4851,0,1,0,4,8,False,100,3,88,856,4.28,0
4852,0,1,2,4,1,False,41,3,225,993,4.965,0
4853,0,1,0,4,7,False,182,0,179,179,0.895,0
4854,0,1,0,0,0,False,0,0,0,0,0.0,0
4855,0,1,0,4,8,False,84,4,188,1212,6.06,0
4856,0,1,5,0,0,False,0,0,0,0,0.0,0
4857,0,1,0,4,8,False,159,1,165,421,2.105,0
4858,0,1,1,1,0,False,0,0,0,0,0.0,0
4859,0,1,0,4,8,False,184,0,121,121,0.605,0
4860,0,1,0,4,9,False,10,0,0,0,0.0,0
4861,0,1,0,4,8,False,4,0,78,78,0.39,0
4862,0,1,22,6,49,False,10,10,2,2562,12.81,1028
4863,0,1,0,4,7,False,152,0,221,221,1.105,0
4864,0,1,0,5,30,False,0,4,10,1034,5.17,131
4865,0,1,0,4,8,False,30,4,176,1200,6.0,0
4866,0,1,1,2,3,False,129,0,0,0,0.0,0
4867,0,1,0,4,8,False,215,2,66,578,2.89,0
4868,0,1,0,4,4,False,5,1,4,260,1.3,0
4869,0,1,0,4,7,False,254,0,57,57,0.285,0
4870,0,1,1,1,9,False,0,0,0,0,0.0,0
4871,0,1,0,4,8,False,149,3,65,833,4.165,0
4872,0,1,17,6,1,False,76,4,10,1034,5.17,21077
4873,0,1,0,4,8,False,239,0,151,151,0.755,0
4874,0,1,28,5,2,False,142,15,48,3888,19.44,4
4875,0,1,0,4,8,False,93,1,150,406,2.03,0
4876,0,1,0,6,7,False,9,2,4,516,2.58,27914
4877,0,1,0,4,7,False,3,0,129,129,0.645,0
4878,0,1,0,4,5,False,16,3,205,973,4.865,0
4879,0,1,0,4,7,False,66,0,172,172,0.86,0
4880,0,1,0,4,16,True,4,11,141,2957,14.785,0
4881,0,1,0,4,7,False,248,0,243,243,1.215,0
4882,0,1,0,4,47,False,3,13,12,3340,16.7,0
4883,0,1,0,4,7,False,113,1,129,385,1.925,0
4884,0,1,0,4,4,False,9,4,5,1029,5.145,0
4885,0,1,0,4,7,False,199,1,1,257,1.285,0
4886,0,1,31,0,0,False,0,0,0,0,0.0,0
4887,0,1,0,4,8,False,102,1,174,430,2.15,0
4888,0,1,0,3,4,False,6,8,0,2048,10.24,0
4889,0,1,0,4,8,False,129,0,196,196,0.98,0
4890,0,1,0,0,0,False,0,0,0,0,0.0,0
4891,0,1,0,4,7,False,246,0,170,170,0.85,0
4892,0,1,0,4,7,True,0,8,4,2052,10.26,0
4893,0,1,0,4,8,False,10,2,103,615,3.075,0
4894,0,1,0,7,4,False,5,6,0,1536,7.68,59089
4895,0,1,0,4,8,False,207,2,142,654,3.27,0
4896,0,1,25,1,4,False,0,0,0,0,0.0,0
4897,0,1,0,4,8,False,95,2,222,734,3.67,0
4898,0,1,0,7,54,True,0,11,4,2820,14.1,7342344
4899,0,1,0,4,8,False,166,2,171,683,3.415,0
4900,0,1,0,2,39,False,4,0,0,0,0.0,0
4901,0,1,0,4,8,False,91,0,233,233,1.165,0
4902,0,1,0,6,7,True,0,15,4,3844,19.22,7376
4903,0,1,0,4,7,False,91,0,63,63,0.315,0
4904,0,1,0,5,12,False,208,4,9,1033,5.165,91
4905,0,1,0,4,7,False,51,0,220,220,1.1,0
4906,0,1,0,4,4,False,171,15,4,3844,19.22,0
4907,0,1,0,4,8,False,157,4,105,1129,5.645,0
4908,0,1,0,4,4,False,10,11,0,2816,14.08,0
4909,0,1,0,4,7,False,2,0,186,186,0.93,0
4910,0,1,0,4,4,False,8,11,0,2816,14.08,0
4911,0,1,0,4,8,False,104,2,156,668,3.34,0
4912,0,1,8,6,16,True,4,6,226,1762,8.81,1024
4913,0,1,0,4,8,False,243,1,111,367,1.835,0
4914,0,1,0,4,7,False,224,0,135,135,0.675,0
4915,0,1,0,4,7,False,148,0,179,179,0.895,0
4916,0,1,1,0,0,False,0,0,0,0,0.0,0
4917,0,1,0,4,7,False,210,1,77,333,1.665,0
4918,0,1,25,7,0,False,66,4,8,1032,5.16,12714527
4919,0,1,0,4,8,False,80,4,247,1271,6.355,0
4920,0,1,0,4,5,False,210,1,167,423,2.115,0
4921,0,1,0,4,7,False,253,0,228,228,1.14,0
4922,0,1,0,4,6,False,210,1,94,350,1.75,0
4923,0,1,0,4,7,False,13,2,43,555,2.775,0
4924,0,1,0,4,5,False,157,1,0,256,1.28,0
4925,0,1,0,4,7,False,221,0,62,62,0.31,0
4926,0,1,0,4,6,False,253,1,94,350,1.75,0
4927,0,1,0,4,8,False,247,6,228,1764,8.82,0
4928,0,1,0,4,7,False,159,2,84,596,2.98,0
4929,0,1,0,4,8,False,160,2,35,547,2.735,0
4930,0,1,0,4,8,False,159,1,181,437,2.185,0
4931,0,1,0,4,8,False,28,1,216,472,2.36,0
4932,0,1,1,0,0,False,0,0,0,0,0.0,0
4933,0,1,0,4,8,False,156,1,72,328,1.64,0
4934,0,1,28,7,3,False,4,7,156,1948,9.74,11011751
4935,0,1,0,4,9,False,251,11,124,2940,14.7,0
4936,0,1,0,4,9,False,153,4,144,1168,5.84,0
4937,0,1,0,4,8,False,112,3,44,812,4.06,0
4938,0,1,0,4,12,False,1,7,4,1796,8.98,0
4939,0,1,0,4,8,False,240,1,235,491,2.455,0
4940,0,1,0,4,44,False,1,4,10,1034,5.17,0
4941,0,1,0,4,7,False,108,0,61,61,0.305,0
4942,0,1,17,6,1,False,78,4,9,1033,5.165,558
4943,0,1,0,4,8,False,244,2,30,542,2.71,0
4944,0,1,0,0,0,False,0,0,0,0,0.0,0
4945,0,1,0,4,7,False,90,0,94,94,0.47,0
4946,0,1,0,4,5,False,108,0,69,69,0.345,0
4947,0,1,0,4,8,False,192,2,229,741,3.705,0
4948,0,1,17,2,4,False,9,0,0,0,0.0,0
4949,0,1,0,4,8,False,15,1,35,291,1.455,0
4950,0,1,13,4,0,False,187,4,10,1034,5.17,0
4951,0,1,0,4,9,False,115,11,3,2819,14.095,0
4952,0,1,30,5,5,False,154,4,10,1034,5.17,90
4953,0,1,0,4,8,False,15,3,75,843,4.215,0
4954,0,1,1,7,60,False,4,11,5,2821,14.105,295690
4955,0,1,0,4,8,False,128,1,205,461,2.305,0
4956,0,1,1,2,5,False,1,0,0,0,0.0,0
4957,0,1,0,4,8,False,57,2,196,708,3.54,0
4958,0,1,11,5,4,False,9,15,2,3842,19.21,216
4959,0,1,0,4,8,False,89,0,68,68,0.34,0
4960,0,1,27,3,52,False,0,15,0,3840,19.2,0
4961,0,1,0,4,8,False,255,1,36,292,1.46,0
4962,0,1,0,4,9,False,228,2,143,655,3.275,0
4963,0,1,0,4,8,False,200,1,132,388,1.94,0
4964,0,1,0,4,4,False,9,14,1,3585,17.925,0
4965,0,1,0,0,0,False,0,0,0,0,0.0,0
4966,0,1,4,2,4,False,9,0,0,0,0.0,0
4967,0,1,0,0,0,False,0,0,0,0,0.0,0
4968,0,1,25,0,0,False,0,0,0,0,0.0,0
4969,0,1,0,1,4,True,0,0,0,0,0.0,0
4970,0,1,0,1,48,False,0,0,0,0,0.0,0
4971,0,1,0,4,7,False,99,0,62,62,0.31,0
4972,0,1,31,7,0,False,202,5,80,1360,6.8,459781
4973,0,1,0,4,8,False,111,4,8,1032,5.16,0
4974,0,1,12,3,0,False,77,4,0,1024,5.12,0
4975,0,1,0,4,8,False,194,1,151,407,2.035,0
4976,0,1,1,2,17,False,2,0,0,0,0.0,0
4977,0,1,0,4,8,False,103,0,210,210,1.05,0
4978,0,1,29,0,0,False,0,0,0,0,0.0,0
4979,0,1,0,4,8,False,171,0,150,150,0.75,0
4980,0,1,0,4,10,False,190,1,134,390,1.95,0
4981,0,1,0,4,9,False,72,6,137,1673,8.365,0
4982,0,1,0,4,4,False,9,2,4,516,2.58,0
4983,0,1,0,4,8,False,188,1,76,332,1.66,0
4984,0,1,1,2,26,False,171,0,0,0,0.0,0
4985,0,1,0,4,9,False,85,5,237,1517,7.585,0
4986,0,1,1,6,45,False,4,11,151,2967,14.835,28160
4987,0,1,0,4,8,False,159,1,185,441,2.205,0
4988,0,1,0,4,10,False,98,1,89,345,1.725,0
4989,0,1,0,4,8,False,47,1,173,429,2.145,0
4990,0,1,0,4,43,True,0,4,11,1035,5.175,0
4991,0,1,0,4,8,False,164,0,131,131,0.655,0
4992,0,1,0,0,0,False,0,0,0,0,0.0,0
4993,0,1,0,4,8,False,251,2,32,544,2.72,0
4994,0,1,0,0,0,False,0,0,0,0,0.0,0
4995,0,1,0,4,9,False,70,13,147,3475,17.375,0
4996,0,1,12,4,1,False,177,4,4,1028,5.14,0
4997,0,1,0,4,9,False,160,1,69,325,1.625,0
4998,0,1,0,1,10,False,0,0,0,0,0.0,0
4999,0,1,0,4,7,False,196,0,74,74,0.37,0
5000,0,1,0,4,4,False,4,9,2,2306,11.53,0
5001,0,1,0,4,8,False,78,3,177,945,4.725,0
5002,0,1,1,2,38,True,0,0,0,0,0.0,0
5003,0,1,0,4,7,False,127,0,59,59,0.295,0
5004,0,1,0,3,47,True,4,1,0,256,1.28,0
5005,0,1,0,4,8,False,20,2,209,721,3.605,0
5006,0,1,4,2,4,False,6,0,0,0,0.0,0
5007,0,1,0,4,7,False,125,0,92,92,0.46,0
5008,0,1,24,4,0,False,79,4,7,1031,5.155,0
5009,0,1,0,4,8,False,249,3,117,885,4.425,0
5010,0,1,25,2,18,True,6,0,0,0,0.0,0
5011,0,1,0,4,7,False,13,0,76,76,0.38,0
5012,0,1,31,1,5,False,0,0,0,0,0.0,0
5013,0,1,0,4,8,False,131,2,22,534,2.67,0
5014,0,1,25,7,9,False,249,1,4,260,1.3,263177
5015,0,1,0,4,7,False,209,0,90,90,0.45,0
5016,0,1,0,5,18,True,0,3,45,813,4.065,4
5017,0,1,0,4,8,False,108,3,134,902,4.51,0
5018,0,1,0,4,7,False,210,0,70,70,0.35,0
5019,0,1,0,4,7,False,173,0,86,86,0.43,0
5020,0,1,1,2,4,False,191,0,0,0,0.0,0
5021,0,1,0,4,7,False,24,0,59,59,0.295,0
5022,0,1,0,4,5,False,13,0,79,79,0.395,0
5023,0,1,0,4,8,False,200,6,246,1782,8.91,0
5024,0,1,0,4,5,False,24,0,71,71,0.355,0
5025,0,1,0,4,8,False,85,2,142,654,3.27,0
5026,0,1,0,4,6,False,173,0,83,83,0.415,0
5027,0,1,0,4,8,False,194,1,136,392,1.96,0
5028,0,1,0,7,0,False,85,4,7,1031,5.155,8127256
5029,0,1,0,4,8,False,75,1,202,458,2.29,0
5030,0,1,0,4,9,False,105,6,176,1712,8.56,0
5031,0,1,0,4,7,False,214,0,83,83,0.415,0
5032,0,1,29,7,4,False,7,4,5,1029,5.145,456206
5033,0,1,0,4,7,False,44,0,192,192,0.96,0
5034,0,1,0,4,5,False,215,0,71,71,0.355,0
5035,0,1,0,4,8,False,240,5,214,1494,7.47,0
5036,0,1,8,4,5,False,39,0,197,197,0.985,0
5037,0,1,0,4,7,False,15,0,70,70,0.35,0
5038,0,1,0,4,9,False,215,4,7,1031,5.155,0
5039,0,1,0,4,8,False,235,5,62,1342,6.71,0
5040,0,1,4,6,9,False,104,12,162,3234,16.17,280
5041,0,1,0,4,8,False,155,2,16,528,2.64,0
5042,0,1,23,4,4,False,9,4,5,1029,5.145,0
5043,0,1,0,4,8,False,237,0,237,237,1.185,0
5044,0,1,12,2,4,False,9,0,0,0,0.0,0
5045,0,1,0,4,8,False,111,1,25,281,1.405,0
5046,0,1,24,1,1,False,0,0,0,0,0.0,0
5047,0,1,0,4,8,False,163,1,85,341,1.705,0
5048,0,1,28,6,4,False,9,15,0,3840,19.2,1251
5049,0,1,0,4,8,False,10,2,29,541,2.705,0
5050,0,1,1,3,46,True,1,6,0,1536,7.68,0
5051,0,1,0,4,7,False,180,0,79,79,0.395,0
5052,0,1,0,4,9,False,112,0,149,149,0.745,0
5053,0,1,0,4,8,False,238,5,123,1403,7.015,0
5054,0,1,0,4,10,False,164,1,39,295,1.475,0
5055,0,1,0,4,7,False,84,0,54,54,0.27,0
5056,0,1,0,4,10,False,57,2,12,524,2.62,0
5057,0,1,0,4,8,False,185,1,226,482,2.41,0
5058,0,1,0,4,6,False,180,0,102,102,0.51,0
5059,0,1,0,4,8,False,104,1,45,301,1.505,0
5060,0,1,0,4,9,False,180,0,99,99,0.495,0
5061,0,1,0,4,8,False,173,0,210,210,1.05,0
5062,0,1,0,4,10,False,84,3,151,919,4.595,0
5063,0,1,0,4,8,False,113,2,148,660,3.3,0
5064,0,1,0,4,11,False,191,15,12,3852,19.26,0
5065,0,1,0,4,7,False,188,0,59,59,0.295,0
5066,0,1,0,4,10,False,175,0,64,64,0.32,0
5067,0,1,0,4,7,False,22,0,74,74,0.37,0
5068,0,1,0,4,11,False,44,3,130,898,4.49,0
5069,0,1,0,4,7,False,147,0,153,153,0.765,0
5070,0,1,0,4,60,True,3,13,4,3332,16.66,0
5071,0,1,0,4,7,False,23,0,159,159,0.795,0
5072,0,1,0,5,56,True,4,12,4,3076,15.38,7
5073,0,1,0,4,7,False,81,0,80,80,0.4,0
5074,0,1,12,2,0,False,65,0,0,0,0.0,0
5075,0,1,0,4,8,False,90,3,31,799,3.995,0
5076,0,1,0,4,5,False,81,3,87,855,4.275,0
5077,0,1,0,4,7,False,119,0,62,62,0.31,0
5078,0,1,0,4,6,False,82,0,87,87,0.435,0
5079,0,1,0,4,8,False,49,3,154,922,4.61,0
5080,0,1,0,4,4,False,9,1,0,256,1.28,0
5081,0,1,0,4,8,False,118,2,24,536,2.68,0
5082,0,1,27,1,4,False,0,0,0,0,0.0,0
5083,0,1,0,4,8,False,218,1,124,380,1.9,0
5084,0,1,1,2,12,True,8,0,0,0,0.0,0
5085,0,1,0,0,0,False,0,0,0,0,0.0,0
5086,0,1,28,3,34,False,1,7,0,1792,8.96,0
5087,0,1,0,2,1,False,124,0,0,0,0.0,0
5088,0,1,0,6,17,False,10,15,2,3842,19.21,513
5089,0,1,0,4,7,False,240,1,42,298,1.49,0
5090,0,1,11,3,45,False,214,1,0,256,1.28,0
5091,0,1,0,4,8,False,79,5,156,1436,7.18,0
5092,0,1,4,7,55,False,192,4,36,1060,5.3,6095108
5093,0,1,0,4,8,False,249,2,20,532,2.66,0
5094,0,1,0,4,7,False,79,0,239,239,1.195,0
5095,0,1,0,4,8,False,127,2,46,558,2.79,0
5096,0,1,20,0,0,False,0,0,0,0,0.0,0
5097,0,1,0,4,8,False,2,0,239,239,1.195,0
5098,0,1,29,1,4,False,0,0,0,0,0.0,0
5099,0,1,0,4,9,False,32,6,190,1726,8.63,0
5100,0,1,1,1,32,True,0,0,0,0,0.0,0
5101,0,1,0,4,8,False,132,2,98,610,3.05,0
5102,0,1,0,0,0,False,0,0,0,0,0.0,0
5103,0,1,0,4,9,False,218,4,144,1168,5.84,0
5104,0,1,29,0,0,False,0,0,0,0,0.0,0
5105,0,1,0,4,8,False,221,0,83,83,0.415,0
5106,0,1,0,4,9,False,79,4,71,1095,5.475,0
5107,0,1,0,4,8,False,83,1,117,373,1.865,0
5108,0,1,0,4,8,False,84,0,217,217,1.085,0
5109,0,1,0,4,8,False,195,2,139,651,3.255,0
5110,0,1,0,4,9,False,79,1,137,393,1.965,0
5111,0,1,0,4,8,False,61,0,210,210,1.05,0
5112,0,1,0,4,10,False,79,7,29,1821,9.105,0
5113,0,1,0,4,7,False,173,0,133,133,0.665,0
5114,0,1,0,4,8,False,222,1,149,405,2.025,0
5115,0,1,0,4,8,False,117,6,120,1656,8.28,0
5116,0,1,0,4,9,False,133,0,44,44,0.22,0
5117,0,1,0,4,7,False,141,0,77,77,0.385,0
5118,0,1,0,4,8,False,200,1,1,257,1.285,0
5119,0,1,0,4,8,False,87,2,56,568,2.84,0
5120,0,1,0,4,10,False,207,1,142,398,1.99,0
5121,0,1,0,4,7,False,112,0,67,67,0.335,0
5122,0,1,0,4,5,False,173,0,157,157,0.785,0
5123,0,1,0,4,8,False,42,3,230,998,4.99,0
5124,0,1,0,4,8,False,66,3,106,874,4.37,0
5125,0,1,0,4,7,False,103,0,163,163,0.815,0
5126,0,1,0,4,9,False,142,1,97,353,1.765,0
5127,0,1,0,4,7,False,225,0,81,81,0.405,0
5128,0,1,0,1,12,False,0,0,0,0,0.0,0
5129,0,1,0,4,7,False,123,0,72,72,0.36,0
5130,0,1,0,4,0,False,73,4,103,1127,5.635,0
5131,0,1,0,4,8,False,241,8,127,2175,10.875,0
5132,0,1,0,0,0,False,0,0,0,0,0.0,0
5133,0,1,0,4,8,False,84,2,172,684,3.42,0
5134,0,1,15,3,0,False,93,4,0,1024,5.12,0
5135,0,1,0,4,8,False,160,1,123,379,1.895,0
5136,0,1,1,0,0,False,0,0,0,0,0.0,0
5137,0,1,0,4,7,False,229,0,60,60,0.3,0
5138,0,1,28,2,7,False,123,0,0,0,0.0,0
5139,0,1,0,4,8,False,69,2,69,581,2.905,0
5140,0,1,0,0,0,False,0,0,0,0,0.0,0
5141,0,1,0,4,8,False,106,1,17,273,1.365,0
5142,0,1,30,3,0,False,199,4,0,1024,5.12,0
5143,0,1,0,4,8,False,234,0,111,111,0.555,0
5144,0,1,1,1,38,False,0,0,0,0,0.0,0
5145,0,1,0,4,8,False,83,1,15,271,1.355,0
5146,0,1,0,0,0,False,0,0,0,0,0.0,0
5147,0,1,0,4,9,False,122,7,154,1946,9.73,0
5148,0,1,31,4,4,False,10,10,1,2561,12.805,0
5149,0,1,0,4,8,False,240,0,81,81,0.405,0
5150,0,1,9,1,4,False,0,0,0,0,0.0,0
5151,0,1,0,4,8,False,96,0,212,212,1.06,0
5152,0,1,1,2,43,True,1,0,0,0,0.0,0
5153,0,1,0,4,8,False,152,0,243,243,1.215,0
5154,0,1,0,5,4,False,11,12,0,3072,15.36,87
5155,0,1,0,4,7,False,254,0,58,58,0.29,0
5156,0,1,0,4,9,False,159,0,230,230,1.15,0
5157,0,1,0,4,7,False,98,0,46,46,0.23,0
5158,0,1,0,4,7,False,254,0,65,65,0.325,0
5159,0,1,0,4,7,False,222,0,154,154,0.77,0
5160,0,1,0,4,9,False,119,3,107,875,4.375,0
5161,0,1,0,4,7,False,124,1,209,465,2.325,0
5162,0,1,0,4,9,False,237,2,78,590,2.95,0
5163,0,1,0,4,8,False,252,9,132,2436,12.18,0
5164,0,1,0,4,5,False,14,0,134,134,0.67,0
5165,0,1,0,4,8,False,117,1,71,327,1.635,0
5166,0,1,0,4,7,False,125,0,68,68,0.34,0
5167,0,1,0,4,7,False,124,0,1,1,0.005,0
5168,0,1,0,4,9,False,113,4,26,1050,5.25,0
5169,0,1,0,4,8,False,83,5,80,1360,6.8,0
5170,0,1,0,4,5,False,188,0,70,70,0.35,0
5171,0,1,0,4,8,False,176,6,42,1578,7.89,0
5172,0,1,0,4,9,False,29,1,155,411,2.055,0
5173,0,1,0,4,8,False,85,1,99,355,1.775,0
5174,0,1,0,4,9,False,176,0,158,158,0.79,0
5175,0,1,0,4,9,False,176,13,28,3356,16.78,0
5176,0,1,0,4,9,False,236,0,84,84,0.42,0
5177,0,1,0,4,8,False,75,1,106,362,1.81,0
5178,0,1,0,4,9,False,183,1,173,429,2.145,0
5179,0,1,0,4,8,False,173,2,1,513,2.565,0
5180,0,1,0,4,9,False,50,0,134,134,0.67,0
5181,0,1,0,4,9,False,21,8,90,2138,10.69,0
5182,0,1,0,4,9,False,173,1,217,473,2.365,0
5183,0,1,0,4,8,False,121,0,128,128,0.64,0
5184,0,1,0,4,10,False,22,8,253,2301,11.505,0
5185,0,1,0,4,9,False,22,2,239,751,3.755,0
5186,0,1,0,4,9,False,117,0,193,193,0.965,0
5187,0,1,0,4,8,False,26,0,238,238,1.19,0
5188,0,1,0,4,10,False,22,4,44,1068,5.34,0
5189,0,1,0,4,8,False,194,0,78,78,0.39,0
5190,0,1,0,4,9,False,22,1,53,309,1.545,0
5191,0,1,0,4,8,False,74,1,55,311,1.555,0
5192,0,1,0,4,9,False,195,0,143,143,0.715,0
5193,0,1,0,4,9,False,20,14,124,3708,18.54,0
5194,0,1,0,4,9,False,90,2,131,643,3.215,0
5195,0,1,0,4,7,False,216,0,74,74,0.37,0
5196,0,1,0,4,9,False,207,0,81,81,0.405,0
5197,0,1,0,4,8,False,41,2,92,604,3.02,0
5198,0,1,0,4,5,False,216,0,73,73,0.365,0
5199,0,1,0,4,7,False,163,0,125,125,0.625,0
5200,0,1,0,4,6,False,216,0,65,65,0.325,0
5201,0,1,0,4,8,False,52,5,44,1324,6.62,0
5202,0,1,0,4,5,False,163,0,156,156,0.78,0
5203,0,1,0,4,8,False,221,2,45,557,2.785,0
5204,0,1,0,4,7,False,83,0,151,151,0.755,0
5205,0,1,0,4,8,False,44,5,136,1416,7.08,0
5206,0,1,0,4,9,False,188,10,119,2679,13.395,0
5207,0,1,0,4,7,False,173,0,53,53,0.265,0
5208,0,1,0,4,9,False,44,2,213,725,3.625,0
5209,0,1,0,4,8,False,17,2,77,589,2.945,0
5210,0,1,0,4,5,False,173,0,63,63,0.315,0
5211,0,1,0,4,8,False,165,2,2,514,2.57,0
5212,0,1,0,4,7,False,173,0,64,64,0.32,0
5213,0,1,0,4,8,False,211,3,236,1004,5.02,0
5214,0,1,0,4,5,False,103,0,88,88,0.44,0
5215,0,1,0,4,8,False,131,2,66,578,2.89,0
5216,0,1,0,4,9,False,194,7,56,1848,9.24,0
5217,0,1,0,4,7,False,201,1,87,343,1.715,0
5218,0,1,0,4,10,False,50,10,216,2776,13.88,0
5219,0,1,0,4,7,False,47,0,69,69,0.345,0
5220,0,1,0,4,5,False,172,0,151,151,0.755,0
5221,0,1,0,4,8,False,163,8,169,2217,11.085,0
5222,0,1,0,4,6,False,173,0,72,72,0.36,0
5223,0,1,0,4,8,False,231,10,73,2633,13.165,0
5224,0,1,0,4,7,False,53,0,222,222,1.11,0
5225,0,1,0,4,8,False,112,0,210,210,1.05,0
5226,0,1,0,4,9,False,214,8,207,2255,11.275,0
5227,0,1,0,4,8,False,240,1,0,256,1.28,0
5228,0,1,0,4,9,False,109,0,161,161,0.805,0
5229,0,1,0,4,7,False,132,0,134,134,0.67,0
5230,0,1,0,4,9,False,241,1,10,266,1.33,0
5231,0,1,0,4,8,False,129,3,230,998,4.99,0
5232,0,1,0,4,5,False,124,0,147,147,0.735,0
5233,0,1,0,4,9,False,155,10,85,2645,13.225,0
5234,0,1,0,4,9,False,108,4,118,1142,5.71,0
5235,0,1,0,4,8,False,220,1,102,358,1.79,0
5236,0,1,0,4,9,False,95,0,83,83,0.415,0
5237,0,1,0,4,8,False,53,0,156,156,0.78,0
5238,0,1,0,4,9,False,204,0,83,83,0.415,0
5239,0,1,0,4,7,False,207,0,162,162,0.81,0
5240,0,1,0,4,9,False,53,0,205,205,1.025,0
5241,0,1,0,4,7,False,62,0,71,71,0.355,0
5242,0,1,0,4,7,False,208,0,78,78,0.39,0
5243,0,1,0,4,7,False,116,0,64,64,0.32,0
5244,0,1,0,4,5,False,79,1,17,273,1.365,0
5245,0,1,0,4,8,False,57,10,227,2787,13.935,0
5246,0,1,0,4,15,False,1,1,4,260,1.3,0
5247,0,1,0,4,8,False,199,1,254,510,2.55,0
5248,0,1,0,5,1,False,0,4,204,1228,6.14,1
5249,0,1,0,4,8,False,198,1,38,294,1.47,0
5250,0,1,1,0,0,False,0,0,0,0,0.0,0
5251,0,1,0,4,8,False,152,1,40,296,1.48,0
5252,0,1,0,2,0,False,55,0,0,0,0.0,0
5253,0,1,0,4,8,False,179,0,142,142,0.71,0
5254,0,1,25,3,4,False,15,1,0,256,1.28,0
5255,0,1,0,4,9,False,40,7,195,1987,9.935,0
5256,0,1,8,4,4,False,4,0,1,1,0.005,0
5257,0,1,0,4,7,False,105,0,220,220,1.1,0
5258,0,1,12,2,4,False,54,0,0,0,0.0,0
5259,0,1,0,4,7,False,253,0,131,131,0.655,0
5260,0,1,16,5,7,False,134,4,0,1024,5.12,102
5261,0,1,0,4,7,False,28,0,64,64,0.32,0
5262,0,1,0,0,0,False,0,0,0,0,0.0,0
5263,0,1,0,4,7,False,157,0,60,60,0.3,0
5264,0,1,23,4,2,False,83,1,4,260,1.3,0
5265,0,1,0,4,7,False,242,0,93,93,0.465,0
5266,0,1,1,0,0,False,0,0,0,0,0.0,0
5267,0,1,0,4,8,False,124,2,20,532,2.66,0
5268,0,1,19,5,0,False,76,14,28,3612,18.06,4
5269,0,1,0,4,8,False,184,1,7,263,1.315,0
5270,0,1,0,1,21,False,0,0,0,0,0.0,0
5271,0,1,0,4,8,False,80,2,101,613,3.065,0
5272,0,1,8,2,4,False,4,0,0,0,0.0,0
5273,0,1,0,4,9,False,193,2,48,560,2.8,0
5274,0,1,0,7,25,True,4,6,254,1790,8.95,6359300
5275,0,1,0,4,8,False,198,0,218,218,1.09,0
5276,0,1,0,1,58,False,0,0,0,0,0.0,0
5277,0,1,0,4,8,False,135,2,141,653,3.265,0
5278,0,1,0,1,42,True,0,0,0,0,0.0,0
5279,0,1,0,4,8,False,250,1,69,325,1.625,0
5280,0,1,0,4,10,False,194,1,254,510,2.55,0
5281,0,1,0,4,7,False,80,0,89,89,0.445,0
5282,0,1,0,4,9,False,213,0,149,149,0.745,0
5283,0,1,0,4,8,False,218,3,97,865,4.325,0
5284,0,1,0,4,5,False,80,0,105,105,0.525,0
5285,0,1,0,4,8,False,236,0,236,236,1.18,0
5286,0,1,0,4,7,False,80,0,84,84,0.42,0
5287,0,1,0,4,7,False,118,0,59,59,0.295,0
5288,0,1,0,4,9,False,42,4,212,1236,6.18,0
5289,0,1,0,4,7,False,11,0,96,96,0.48,0
5290,0,1,0,4,5,False,138,0,69,69,0.345,0
5291,0,1,0,4,8,False,112,5,154,1434,7.17,0
5292,0,1,0,4,7,False,138,0,62,62,0.31,0
5293,0,1,0,4,8,False,4,0,240,240,1.2,0
5294,0,1,0,4,9,False,123,4,14,1038,5.19,0
5295,0,1,0,4,8,False,110,1,4,260,1.3,0
5296,0,1,0,4,9,False,202,0,184,184,0.92,0
5297,0,1,0,4,8,False,3,1,192,448,2.24,0
5298,0,1,0,4,9,False,101,1,41,297,1.485,0
5299,0,1,0,4,7,False,120,0,100,100,0.5,0
5300,0,1,0,4,9,False,255,1,170,426,2.13,0
5301,0,1,0,4,7,False,179,0,94,94,0.47,0
5302,0,1,0,4,5,False,120,0,112,112,0.56,0
5303,0,1,0,4,8,False,83,3,231,999,4.995,0
5304,0,1,0,4,5,False,180,0,76,76,0.38,0
5305,0,1,0,4,7,False,174,0,204,204,1.02,0
5306,0,1,0,4,6,False,121,0,79,79,0.395,0
5307,0,1,0,4,7,False,23,0,153,153,0.765,0
5308,0,1,0,4,5,False,169,0,227,227,1.135,0
5309,0,1,0,4,7,False,211,0,52,52,0.26,0
5310,0,1,0,4,5,False,24,0,62,62,0.31,0
5311,0,1,0,4,8,False,136,10,198,2758,13.79,0
5312,0,1,0,4,6,False,169,0,191,191,0.955,0
5313,0,1,0,4,4,False,146,0,73,73,0.365,0
5314,0,1,0,4,7,False,146,1,45,301,1.505,0
5315,0,1,0,4,7,False,188,2,13,525,2.625,0
5316,0,1,0,4,5,False,168,1,118,374,1.87,0
5317,0,1,0,4,8,False,195,0,229,229,1.145,0
5318,0,1,0,4,6,False,146,0,179,179,0.895,0
5319,0,1,0,4,8,False,101,1,147,403,2.015,0
5320,0,1,0,4,7,False,146,1,215,471,2.355,0
5321,0,1,0,4,8,False,1,3,234,1002,5.01,0
5322,0,1,0,4,8,False,146,0,220,220,1.1,0
5323,0,1,0,4,7,False,7,0,69,69,0.345,0
5324,0,1,0,4,9,False,1,5,61,1341,6.705,0
5325,0,1,0,4,7,False,176,0,124,124,0.62,0
5326,0,1,0,4,9,False,165,6,100,1636,8.18,0
5327,0,1,0,4,8,False,154,8,216,2264,11.32,0
5328,0,1,0,4,9,False,38,2,48,560,2.8,0
5329,0,1,0,4,8,False,178,0,136,136,0.68,0
5330,0,1,0,4,9,False,155,4,201,1225,6.125,0
5331,0,1,0,4,8,False,80,1,24,280,1.4,0
5332,0,1,0,4,9,False,161,0,74,74,0.37,0
5333,0,1,0,4,8,False,246,2,117,629,3.145,0
5334,0,1,0,4,6,False,81,0,197,197,0.985,0
5335,0,1,0,4,8,False,100,3,117,885,4.425,0
5336,0,1,0,4,9,False,248,2,246,758,3.79,0
5337,0,1,0,4,7,False,103,0,55,55,0.275,0
5338,0,1,0,4,9,False,69,0,146,146,0.73,0
5339,0,1,0,4,7,False,239,0,133,133,0.665,0
5340,0,1,0,4,9,False,234,2,104,616,3.08,0
5341,0,1,0,4,8,False,154,9,136,2440,12.2,0
5342,0,1,0,4,9,False,95,4,34,1058,5.29,0
5343,0,1,0,4,7,False,212,0,142,142,0.71,0
5344,0,1,0,4,9,False,157,5,181,1461,7.305,0
5345,0,1,0,4,8,False,106,2,104,616,3.08,0
5346,0,1,0,4,5,False,212,0,80,80,0.4,0
5347,0,1,0,4,8,False,61,4,49,1073,5.365,0
5348,0,1,0,4,7,False,212,0,92,92,0.46,0
5349,0,1,0,4,7,False,141,0,70,70,0.35,0
5350,0,1,0,4,9,False,40,5,139,1419,7.095,0
5351,0,1,0,4,8,False,88,2,230,742,3.71,0
5352,0,1,0,4,6,False,141,0,64,64,0.32,0
5353,0,1,0,4,8,False,104,1,139,395,1.975,0
5354,0,1,0,4,9,False,84,2,81,593,2.965,0
5355,0,1,0,4,8,False,24,0,132,132,0.66,0
5356,0,1,0,4,9,False,111,1,150,406,2.03,0
5357,0,1,0,4,8,False,231,1,98,354,1.77,0
5358,0,1,0,4,9,False,66,1,171,427,2.135,0
5359,0,1,0,4,8,False,86,0,124,124,0.62,0
5360,0,1,0,4,9,False,226,1,28,284,1.42,0
5361,0,1,0,4,8,False,6,0,240,240,1.2,0
5362,0,1,0,4,9,False,98,0,119,119,0.595,0
5363,0,1,0,4,8,False,127,2,3,515,2.575,0
5364,0,1,0,4,9,False,6,1,62,318,1.59,0
5365,0,1,0,4,8,False,13,0,146,146,0.73,0
5366,0,1,0,4,9,False,123,2,167,679,3.395,0
5367,0,1,0,4,8,False,160,1,134,390,1.95,0
5368,0,1,1,4,10,False,213,7,190,1982,9.91,0
5369,0,1,0,4,7,False,172,0,179,179,0.895,0
5370,0,1,0,4,9,False,157,2,30,542,2.71,0
5371,0,1,0,4,8,False,74,3,124,892,4.46,0
5372,0,1,0,7,40,True,0,4,9,1033,5.165,282053
5373,0,1,0,4,8,False,164,1,213,469,2.345,0
5374,0,1,1,2,60,False,11,0,0,0,0.0,0
5375,0,1,0,4,7,False,250,0,64,64,0.32,0
5376,0,1,7,1,7,False,0,0,0,0,0.0,0
5377,0,1,0,4,8,False,154,1,212,468,2.34,0
5378,0,1,3,2,4,False,4,0,0,0,0.0,0
5379,0,1,0,0,0,False,0,0,0,0,0.0,0
5380,0,1,0,6,8,False,231,10,0,2560,12.8,1359
5381,0,1,0,2,1,False,212,0,0,0,0.0,0
5382,0,1,0,4,10,False,250,4,9,1033,5.165,0
5383,0,1,0,4,7,False,42,0,69,69,0.345,0
5384,0,1,4,5,4,False,4,5,42,1322,6.61,0
5385,0,1,0,4,8,False,72,2,172,684,3.42,0
5386,0,1,0,7,43,False,0,2,65,577,2.885,262436
5387,0,1,0,4,8,False,148,0,252,252,1.26,0
5388,0,1,0,4,9,False,148,0,182,182,0.91,0
5389,0,1,0,4,7,False,46,0,54,54,0.27,0
5390,0,1,1,3,34,True,5,8,0,2048,10.24,0
5391,0,1,0,4,8,False,174,2,105,617,3.085,0
5392,0,1,0,5,57,True,5,14,0,3584,17.92,69
5393,0,1,0,4,8,False,23,0,224,224,1.12,0
5394,0,1,4,6,4,False,9,9,3,2307,11.535,41989
5395,0,1,0,4,8,False,160,1,38,294,1.47,0
5396,0,1,9,2,4,False,10,0,0,0,0.0,0
5397,0,1,0,4,8,False,54,0,128,128,0.64,0
5398,0,1,0,4,10,False,141,11,11,2827,14.135,0
5399,0,1,0,4,8,False,161,0,163,163,0.815,0
5400,0,1,8,2,0,False,91,0,0,0,0.0,0
5401,0,1,0,0,0,False,0,0,0,0,0.0,0
5402,0,1,1,3,40,False,1,15,0,3840,19.2,0
5403,0,1,0,1,0,False,0,0,0,0,0.0,0
5404,0,1,0,4,11,False,8,12,4,3076,15.38,0
5405,0,1,0,3,4,False,7,1,0,256,1.28,0
5406,0,1,1,1,32,False,0,0,0,0,0.0,0
5407,0,1,0,0,0,False,0,0,0,0,0.0,0
5408,0,1,0,4,5,False,17,0,10,10,0.05,0
5409,0,1,0,4,4,False,7,12,0,3072,15.36,0
5410,0,1,6,6,48,False,4,4,7,1031,5.155,1297
5411,0,1,0,6,4,False,8,7,5,1797,8.985,1037
5412,0,1,1,5,0,False,67,4,7,1031,5.155,13
5413,0,1,0,7,60,True,0,10,4,2564,12.82,438536
5414,0,1,1,4,7,False,4,10,4,2564,12.82,0
5415,0,1,0,7,4,False,8,15,1,3841,19.205,13568145
5416,0,1,1,1,41,False,0,0,0,0,0.0,0
5417,0,1,0,1,17,True,0,0,0,0,0.0,0
5418,0,1,0,4,9,False,182,3,5,773,3.865,0
5419,0,1,0,4,7,False,95,0,79,79,0.395,0
5420,0,1,23,2,13,False,3,0,0,0,0.0,0
5421,0,1,0,4,8,False,7,2,43,555,2.775,0
5422,0,1,27,0,0,False,0,0,0,0,0.0,0
5423,0,1,0,0,0,False,0,0,0,0,0.0,0
5424,0,1,1,4,4,False,81,4,7,1031,5.155,0
5425,0,1,0,7,2,False,43,4,7,1031,5.155,4456559
5426,0,1,0,5,30,True,4,6,7,1543,7.715,4
5427,0,1,0,4,8,False,255,5,195,1475,7.375,0
5428,0,1,1,1,25,True,0,0,0,0,0.0,0
5429,0,1,0,4,8,False,166,1,213,469,2.345,0
5430,0,1,0,5,3,False,220,1,219,475,2.375,0
5431,0,1,0,4,8,False,219,2,48,560,2.8,0
5432,0,1,0,7,27,True,0,9,73,2377,11.885,3869188
5433,0,1,0,4,7,False,137,0,126,126,0.63,0
5434,0,1,0,1,1,False,0,0,0,0,0.0,0
5435,0,1,0,4,8,False,35,4,148,1172,5.86,0
5436,0,1,26,5,5,False,4,12,4,3076,15.38,5
5437,0,1,0,4,8,False,55,5,175,1455,7.275,0
5438,0,1,0,4,4,False,255,4,9,1033,5.165,0
5439,0,1,0,4,8,False,131,0,219,219,1.095,0
5440,0,1,16,5,6,False,68,4,9,1033,5.165,131
5441,0,1,0,4,8,False,78,1,94,350,1.75,0
5442,0,1,26,6,0,False,4,11,5,2821,14.105,2564
5443,0,1,0,0,0,False,0,0,0,0,0.0,0
5444,0,1,16,4,1,False,98,4,9,1033,5.165,0
5445,0,1,0,6,1,False,94,4,7,1031,5.155,212
5446,0,1,17,1,59,True,0,0,0,0,0.0,0
5447,0,1,0,6,4,False,8,12,3,3075,15.375,1226
5448,0,1,30,3,10,False,19,0,0,0,0.0,0
5449,0,1,0,0,0,False,0,0,0,0,0.0,0
5450,0,1,7,6,4,False,9,2,3,515,2.575,52506
5451,0,1,0,3,1,False,190,4,0,1024,5.12,0
5452,0,1,0,2,29,False,4,0,0,0,0.0,0
5453,0,1,0,7,56,True,0,3,4,772,3.86,267784
5454,0,1,1,1,23,False,0,0,0,0,0.0,0
5455,0,1,0,0,0,False,0,0,0,0,0.0,0
5456,0,1,0,0,0,False,0,0,0,0,0.0,0
5457,0,1,0,4,8,False,132,0,146,146,0.73,0
5458,0,1,13,0,0,False,0,0,0,0,0.0,0
5459,0,1,0,4,8,False,165,1,119,375,1.875,0
5460,0,1,2,3,4,False,0,13,0,3328,16.64,0
5461,0,1,0,4,8,False,245,1,53,309,1.545,0
5462,0,1,26,6,7,False,7,4,4,1028,5.14,1033
5463,0,1,0,4,8,False,96,0,223,223,1.115,0
5464,0,1,1,3,20,False,14,4,0,1024,5.12,0
5465,0,1,0,4,8,False,213,1,207,463,2.315,0
5466,0,1,1,1,56,False,0,0,0,0,0.0,0
5467,0,1,0,4,8,False,80,0,90,90,0.45,0
5468,0,1,0,4,9,False,193,1,10,266,1.33,0
5469,0,1,0,4,7,False,170,0,72,72,0.36,0
5470,0,1,0,4,4,False,9,15,0,3840,19.2,0
5471,0,1,0,4,7,False,42,0,76,76,0.38,0
5472,0,1,29,7,4,False,5,10,0,2560,12.8,328779
5473,0,1,0,4,7,False,186,0,57,57,0.285,0
5474,0,1,5,2,0,False,63,0,0,0,0.0,0
5475,0,1,0,4,7,False,95,1,154,410,2.05,0
5476,0,1,0,4,8,False,193,0,85,85,0.425,0
5477,0,1,0,4,8,False,213,7,240,2032,10.16,0
5478,0,1,0,4,5,False,95,0,151,151,0.755,0
5479,0,1,0,4,7,False,95,0,56,56,0.28,0
5480,0,1,0,4,7,False,95,0,193,193,0.965,0
5481,0,1,0,4,8,False,207,3,46,814,4.07,0
5482,0,1,0,4,9,False,63,11,78,2894,14.47,0
5483,0,1,0,4,8,False,102,2,62,574,2.87,0
5484,0,1,0,4,9,False,207,1,89,345,1.725,0
5485,0,1,0,4,7,False,185,0,170,170,0.85,0
5486,0,1,0,4,9,False,102,3,226,994,4.97,0
5487,0,1,0,4,8,False,67,6,166,1702,8.51,0
5488,0,1,0,4,9,False,181,6,210,1746,8.73,0
5489,0,1,0,4,8,False,225,1,148,404,2.02,0
5490,0,1,0,4,9,False,60,0,147,147,0.735,0
5491,0,1,0,4,7,False,226,0,105,105,0.525,0
5492,0,1,0,2,1,False,211,0,0,0,0.0,0
5493,0,1,0,4,8,False,141,4,87,1111,5.555,0
5494,0,1,0,4,10,False,33,2,248,760,3.8,0
5495,0,1,0,4,9,False,54,1,68,324,1.62,0
5496,0,1,0,1,12,True,0,0,0,0,0.0,0
5497,0,1,0,4,8,False,129,2,237,749,3.745,0
5498,0,1,0,7,57,True,0,4,10,1034,5.17,591086
5499,0,1,0,4,8,False,17,1,170,426,2.13,0
5500,0,1,17,4,2,False,189,9,4,2308,11.54,0
5501,0,1,0,4,7,False,157,0,124,124,0.62,0
5502,0,1,0,4,4,False,10,2,10,522,2.61,0
5503,0,1,0,4,7,False,252,0,77,77,0.385,0
5504,0,1,0,4,4,False,4,4,7,1031,5.155,0
5505,0,1,0,4,8,False,43,6,12,1548,7.74,0
5506,0,1,2,2,5,False,252,0,0,0,0.0,0
5507,0,1,0,4,8,False,252,1,118,374,1.87,0
5508,0,1,0,0,0,False,0,0,0,0,0.0,0
5509,0,1,0,4,8,False,108,1,58,314,1.57,0
5510,0,1,11,4,4,False,8,4,9,1033,5.165,0
5511,0,1,0,4,8,False,149,1,247,503,2.515,0
5512,0,1,1,1,9,False,0,0,0,0,0.0,0
5513,0,1,0,4,8,False,27,3,71,839,4.195,0
5514,0,1,13,4,1,False,221,4,9,1033,5.165,0
5515,0,1,0,4,9,False,95,1,34,290,1.45,0
5516,0,1,15,4,10,False,81,4,9,1033,5.165,0
5517,0,1,0,4,7,False,166,0,73,73,0.365,0
5518,0,1,2,0,0,False,0,0,0,0,0.0,0
5519,0,1,0,4,8,False,80,4,197,1221,6.105,0
5520,0,1,20,1,3,False,0,0,0,0,0.0,0
5521,0,1,0,4,9,False,171,9,12,2316,11.58,0
5522,0,1,18,5,50,False,4,5,2,1282,6.41,225
5523,0,1,0,4,8,False,243,0,118,118,0.59,0
5524,0,1,1,6,36,False,7,6,1,1537,7.685,2952
5525,0,1,0,4,7,False,121,0,79,79,0.395,0
5526,0,1,8,4,7,False,73,4,4,1028,5.14,0
5527,0,1,0,4,7,False,158,0,252,252,1.26,0
5528,0,1,1,2,0,False,86,0,0,0,0.0,0
5529,0,1,0,4,8,False,83,7,62,1854,9.27,0
5530,0,1,18,3,4,False,11,10,0,2560,12.8,0
5531,0,1,0,4,8,False,173,1,50,306,1.53,0
5532,0,1,0,3,46,False,1,15,0,3840,19.2,0
5533,0,1,0,4,8,False,51,2,129,641,3.205,0
5534,0,1,14,5,3,False,9,9,6,2310,11.55,117
5535,0,1,0,4,7,False,148,0,167,167,0.835,0
5536,0,1,0,2,32,True,4,0,0,0,0.0,0
5537,0,1,0,4,7,False,201,0,126,126,0.63,0
5538,0,1,0,4,9,False,52,9,4,2308,11.54,0
5539,0,1,0,4,8,False,87,6,67,1603,8.015,0
5540,0,1,0,5,52,False,1,11,4,2820,14.1,7
5541,0,1,0,4,8,False,248,2,69,581,2.905,0
5542,0,1,25,0,0,False,0,0,0,0,0.0,0
5543,0,1,0,4,7,False,46,0,84,84,0.42,0
5544,0,1,0,3,17,False,4,9,0,2304,11.52,0
5545,0,1,0,4,8,False,187,3,8,776,3.88,0
5546,0,1,11,0,0,False,0,0,0,0,0.0,0
5547,0,1,0,4,7,False,23,1,0,256,1.28,0
5548,0,1,0,0,0,False,0,0,0,0,0.0,0
5549,0,1,0,4,7,False,96,0,26,26,0.13,0
5550,0,1,4,0,0,False,0,0,0,0,0.0,0
5551,0,1,0,4,7,False,151,0,58,58,0.29,0
5552,0,1,0,4,10,False,88,0,48,48,0.24,0
5553,0,1,0,4,8,False,141,10,38,2598,12.99,0
5554,0,1,0,4,33,False,4,6,34,1570,7.85,0
5555,0,1,0,4,7,False,81,0,81,81,0.405,0
5556,0,1,0,0,0,False,0,0,0,0,0.0,0
5557,0,1,0,4,7,False,161,0,83,83,0.415,0
5558,0,1,18,7,0,False,71,4,2,1026,5.13,626257
5559,0,1,0,4,8,False,160,2,110,622,3.11,0
5560,0,1,0,6,4,False,9,4,7,1031,5.155,1105
5561,0,1,0,4,8,False,182,1,147,403,2.015,0
5562,0,1,1,1,60,False,0,0,0,0,0.0,0
5563,0,1,0,4,8,False,58,0,130,130,0.65,0
5564,0,1,0,3,0,True,4,7,0,1792,8.96,0
5565,0,1,0,4,8,False,159,1,22,278,1.39,0
5566,0,1,22,2,1,False,52,0,0,0,0.0,0
5567,0,1,0,4,8,False,240,1,119,375,1.875,0
5568,0,1,0,4,9,False,54,0,80,80,0.4,0
5569,0,1,0,4,8,False,117,1,240,496,2.48,0
5570,0,1,0,4,10,False,182,1,175,431,2.155,0
5571,0,1,0,4,8,False,207,5,83,1363,6.815,0
5572,0,1,0,4,11,False,150,2,160,672,3.36,0
5573,0,1,0,4,8,False,95,2,141,653,3.265,0
5574,0,1,0,4,10,False,240,1,27,283,1.415,0
5575,0,1,0,4,8,False,165,2,178,690,3.45,0
5576,0,1,0,4,10,False,165,1,215,471,2.355,0
5577,0,1,0,4,9,False,84,9,163,2467,12.335,0
5578,0,1,0,4,10,False,208,3,224,992,4.96,0
5579,0,1,0,4,8,False,142,1,76,332,1.66,0
5580,0,1,0,4,10,False,166,8,131,2179,10.895,0
5581,0,1,0,4,8,False,52,0,102,102,0.51,0
5582,0,1,0,4,10,False,166,8,212,2260,11.3,0
5583,0,1,0,4,8,False,179,3,128,896,4.48,0
5584,0,1,0,4,41,True,4,9,109,2413,12.065,0
5585,0,1,0,4,8,False,244,0,29,29,0.145,0
5586,0,1,0,1,4,False,0,0,0,0,0.0,0
5587,0,1,0,4,7,False,68,0,153,153,0.765,0
5588,0,1,1,1,47,True,0,0,0,0,0.0,0
5589,0,1,0,4,8,False,184,4,139,1163,5.815,0
5590,0,1,0,1,49,True,0,0,0,0,0.0,0
5591,0,1,0,4,8,False,24,0,129,129,0.645,0
5592,0,1,19,2,4,False,5,0,0,0,0.0,0
5593,0,1,0,4,8,False,131,2,175,687,3.435,0
5594,0,1,9,7,7,False,68,9,20,2324,11.62,12583172
5595,0,1,0,4,8,False,199,3,61,829,4.145,0
5596,0,1,0,4,4,False,10,8,172,2220,11.1,0
5597,0,1,0,4,8,False,115,1,254,510,2.55,0
5598,0,1,0,4,16,False,4,10,138,2698,13.49,0
5599,0,1,0,4,7,False,173,1,31,287,1.435,0
5600,0,1,0,4,42,False,4,9,162,2466,12.33,0
5601,0,1,0,4,8,False,61,3,219,987,4.935,0
5602,0,1,0,3,35,True,4,5,0,1280,6.4,0
5603,0,1,0,4,8,False,201,0,203,203,1.015,0
5604,0,1,20,2,0,False,252,0,0,0,0.0,0
5605,0,1,0,4,8,False,193,2,237,749,3.745,0
5606,0,1,0,4,6,False,173,1,4,260,1.3,0
5607,0,1,0,4,7,False,7,0,66,66,0.33,0
5608,0,1,0,4,5,False,167,0,128,128,0.64,0
5609,0,1,0,4,8,False,181,3,148,916,4.58,0
5610,0,1,0,4,8,False,173,1,238,494,2.47,0
5611,0,1,0,4,8,False,219,0,243,243,1.215,0
5612,0,1,0,4,9,False,173,1,112,368,1.84,0
5613,0,1,0,4,8,False,101,1,29,285,1.425,0
5614,0,1,0,4,5,False,53,0,137,137,0.685,0
5615,0,1,0,4,7,False,196,0,96,96,0.48,0
5616,0,1,0,4,5,False,7,0,72,72,0.36,0
5617,0,1,0,4,8,False,79,2,132,644,3.22,0
5618,0,1,0,4,8,False,7,4,224,1248,6.24,0
5619,0,1,0,4,8,False,219,2,27,539,2.695,0
5620,0,1,0,4,8,False,219,0,88,88,0.44,0
5621,0,1,0,4,8,False,106,1,205,461,2.305,0
5622,0,1,0,4,8,False,102,0,73,73,0.365,0
5623,0,1,0,4,8,False,185,3,24,792,3.96,0
5624,0,1,0,4,5,False,196,0,107,107,0.535,0
5625,0,1,0,4,8,False,21,1,41,297,1.485,0
5626,0,1,0,4,8,False,191,1,227,483,2.415,0
5627,0,1,0,4,7,False,143,0,93,93,0.465,0
5628,0,1,0,4,8,False,202,0,152,152,0.76,0
5629,0,1,0,4,8,False,104,3,167,935,4.675,0
5630,0,1,0,4,8,False,106,0,88,88,0.44,0
5631,0,1,0,4,7,False,14,0,192,192,0.96,0
5632,0,1,0,4,8,False,106,1,122,378,1.89,0
5633,0,1,0,4,8,False,88,7,78,1870,9.35,0
5634,0,1,0,4,5,False,31,0,147,147,0.735,0
5635,0,1,0,4,8,False,10,2,178,690,3.45,0
5636,0,1,0,4,5,False,144,0,61,61,0.305,0
5637,0,1,0,4,8,False,92,1,134,390,1.95,0
5638,0,1,0,4,8,False,114,3,12,780,3.9,0
5639,0,1,0,4,8,False,194,1,193,449,2.245,0
5640,0,1,0,4,5,False,14,1,41,297,1.485,0
5641,0,1,0,4,7,False,205,0,56,56,0.28,0
5642,0,1,0,4,8,False,25,5,123,1403,7.015,0
5643,0,1,0,4,8,False,146,6,140,1676,8.38,0
5644,0,1,0,4,8,False,203,1,95,351,1.755,0
5645,0,1,0,4,7,False,217,0,156,156,0.78,0
5646,0,1,0,4,9,False,196,4,5,1029,5.145,0
5647,0,1,0,4,8,False,205,4,170,1194,5.97,0
5648,0,1,0,4,8,False,126,0,149,149,0.745,0
5649,0,1,0,4,7,False,71,0,70,70,0.35,0
5650,0,1,0,4,5,False,205,0,73,73,0.365,0
5651,0,1,0,4,7,False,137,0,165,165,0.825,0
5652,0,1,0,4,8,False,163,2,230,742,3.71,0
5653,0,1,0,4,7,False,246,0,60,60,0.3,0
5654,0,1,0,4,5,False,217,0,203,203,1.015,0
5655,0,1,0,4,7,False,87,0,59,59,0.295,0
5656,0,1,0,4,8,False,19,2,138,650,3.25,0
5657,0,1,0,4,8,False,43,12,5,3077,15.385,0
5658,0,1,0,4,5,False,72,0,98,98,0.49,0
5659,0,1,0,4,8,False,118,13,88,3416,17.08,0
5660,0,1,0,4,5,False,137,0,187,187,0.935,0
5661,0,1,0,4,8,False,10,1,177,433,2.165,0
5662,0,1,0,4,8,False,246,4,197,1221,6.105,0
5663,0,1,0,4,7,False,63,0,111,111,0.555,0
5664,0,1,0,4,8,False,145,0,194,194,0.97,0
5665,0,1,0,4,8,False,0,3,151,919,4.595,0
5666,0,1,0,4,8,False,39,3,237,1005,5.025,0
5667,0,1,0,4,8,False,120,5,109,1389,6.945,0
5668,0,1,0,4,8,False,123,1,170,426,2.13,0
5669,0,1,0,4,7,False,205,0,58,58,0.29,0
5670,0,1,0,4,9,False,39,4,78,1102,5.51,0
5671,0,1,0,4,8,False,36,9,27,2331,11.655,0
5672,0,1,0,4,5,False,63,0,103,103,0.515,0
5673,0,1,0,4,7,False,156,0,147,147,0.735,0
5674,0,1,0,4,8,False,251,1,65,321,1.605,0
5675,0,1,0,4,8,False,221,4,24,1048,5.24,0
5676,0,1,0,4,8,False,251,1,176,432,2.16,0
5677,0,1,0,4,8,False,205,0,226,226,1.13,0
5678,0,1,0,4,5,False,175,0,76,76,0.38,0
5679,0,1,0,4,8,False,156,2,100,612,3.06,0
5680,0,1,0,4,8,False,18,3,64,832,4.16,0
5681,0,1,0,4,8,False,7,2,147,659,3.295,0
5682,0,1,0,4,8,False,222,2,0,512,2.56,0
5683,0,1,0,4,8,False,105,3,56,824,4.12,0
5684,0,1,0,4,8,False,222,2,228,740,3.7,0
5685,0,1,0,4,8,False,230,1,128,384,1.92,0
5686,0,1,0,4,9,False,149,1,158,414,2.07,0
5687,0,1,0,4,8,False,96,0,80,80,0.4,0
5688,0,1,0,4,8,False,157,2,85,597,2.985,0
5689,0,1,0,4,8,False,247,0,66,66,0.33,0
5690,0,1,0,4,9,False,61,0,212,212,1.06,0
5691,0,1,0,4,8,False,22,0,105,105,0.525,0
5692,0,1,0,4,8,False,7,2,124,636,3.18,0
5693,0,1,0,4,8,False,204,0,214,214,1.07,0
5694,0,1,0,4,10,False,62,9,178,2482,12.41,0
5695,0,1,0,4,8,False,96,0,197,197,0.985,0
5696,0,1,0,4,11,False,120,15,153,3993,19.965,0
5697,0,1,0,4,8,False,198,3,149,917,4.585,0
5698,0,1,0,4,11,False,140,0,148,148,0.74,0
5699,0,1,0,4,7,False,60,0,54,54,0.27,0
5700,0,1,0,4,0,False,4,11,4,2820,14.1,0
5701,0,1,0,4,8,False,153,3,202,970,4.85,0
5702,0,1,1,1,44,False,0,0,0,0,0.0,0
5703,0,1,0,4,8,False,19,0,229,229,1.145,0
5704,0,1,0,4,9,False,59,2,4,516,2.58,0
5705,0,1,0,4,7,False,90,0,82,82,0.41,0
5706,0,1,1,1,4,False,0,0,0,0,0.0,0
5707,0,1,0,4,8,False,209,2,104,616,3.08,0
5708,0,1,0,4,11,False,4,9,4,2308,11.54,0
5709,0,1,0,4,8,False,8,0,81,81,0.405,0
5710,0,1,1,1,11,False,0,0,0,0,0.0,0
5711,0,1,0,4,8,False,153,1,150,406,2.03,0
5712,0,1,18,5,22,True,4,9,1,2305,11.525,132
5713,0,1,0,4,8,False,222,0,83,83,0.415,0
5714,0,1,11,0,0,False,0,0,0,0,0.0,0
5715,0,1,0,4,9,False,152,2,41,553,2.765,0
5716,0,1,0,4,19,True,59,0,3,3,0.015,0
5717,0,1,0,4,8,False,207,0,131,131,0.655,0
5718,0,1,0,4,10,False,13,13,232,3560,17.8,0
5719,0,1,0,4,8,False,117,0,248,248,1.24,0
5720,0,1,0,4,9,False,206,0,97,97,0.485,0
5721,0,1,0,4,7,False,143,0,208,208,1.04,0
5722,0,1,0,4,14,True,4,10,207,2767,13.835,0
5723,0,1,0,4,7,False,52,0,172,172,0.86,0
5724,0,1,0,0,0,False,0,0,0,0,0.0,0
5725,0,1,0,4,7,False,152,0,229,229,1.145,0
5726,0,1,0,4,11,False,1,4,117,1141,5.705,0
5727,0,1,0,4,8,False,141,8,15,2063,10.315,0
5728,0,1,0,5,10,False,133,2,135,647,3.235,4
5729,0,1,0,4,8,False,130,3,12,780,3.9,0
5730,0,1,14,4,3,False,4,4,9,1033,5.165,0
5731,0,1,0,4,7,False,205,0,62,62,0.31,0
5732,0,1,7,0,0,False,0,0,0,0,0.0,0
5733,0,1,0,4,8,False,97,3,148,916,4.58,0
5734,0,1,7,0,0,False,0,0,0,0,0.0,0
5735,0,1,0,4,7,False,193,0,137,137,0.685,0
5736,0,1,0,0,0,False,0,0,0,0,0.0,0
5737,0,1,0,4,8,False,55,2,55,567,2.835,0
5738,0,1,9,6,4,False,94,0,7,7,0.035,49631
5739,0,1,0,4,7,False,76,0,58,58,0.29,0
5740,0,1,0,6,13,True,0,4,4,1028,5.14,1799
5741,0,1,0,4,7,False,206,0,56,56,0.28,0
5742,0,1,0,4,10,False,19,3,17,785,3.925,0
5743,0,1,0,4,8,False,153,8,28,2076,10.38,0
5744,0,1,0,2,4,False,9,0,0,0,0.0,0
5745,0,1,0,4,7,False,33,0,84,84,0.42,0
5746,0,1,14,7,10,False,70,4,4,1028,5.14,262665
5747,0,1,0,4,8,False,95,5,142,1422,7.11,0
5748,0,1,0,5,33,False,0,10,195,2755,13.775,4
5749,0,1,0,4,8,False,26,1,157,413,2.065,0
5750,0,1,0,0,0,False,0,0,0,0,0.0,0
5751,0,1,0,4,8,False,96,1,97,353,1.765,0
5752,0,1,11,2,4,False,243,0,0,0,0.0,0
5753,0,1,0,4,8,False,180,0,90,90,0.45,0
5754,0,1,0,4,9,False,96,1,85,341,1.705,0
5755,0,1,0,4,8,False,102,1,199,455,2.275,0
5756,0,1,0,4,9,False,92,7,33,1825,9.125,0
5757,0,1,0,4,7,False,108,0,67,67,0.335,0
5758,0,1,0,4,10,False,102,5,15,1295,6.475,0
5759,0,1,0,4,7,False,51,0,63,63,0.315,0
5760,0,1,0,4,5,False,108,0,63,63,0.315,0
5761,0,1,0,4,8,False,192,6,202,1738,8.69,0
5762,0,1,0,4,7,False,108,0,69,69,0.345,0
5763,0,1,0,4,8,False,35,1,217,473,2.365,0
5764,0,1,0,4,9,False,197,3,97,865,4.325,0
5765,0,1,0,4,7,False,132,0,126,126,0.63,0
5766,0,1,0,4,9,False,77,3,28,796,3.98,0
5767,0,1,0,4,8,False,94,4,127,1151,5.755,0
5768,0,1,0,4,9,False,149,1,142,398,1.99,0
5769,0,1,0,4,8,False,251,0,135,135,0.675,0
5770,0,1,0,4,9,False,51,1,158,414,2.07,0
5771,0,1,0,4,8,False,49,0,225,225,1.125,0
5772,0,1,0,4,9,False,230,0,229,229,1.145,0
5773,0,1,0,4,8,False,225,1,67,323,1.615,0
5774,0,1,10,3,24,False,0,5,0,1280,6.4,0
5775,0,1,0,4,8,False,140,2,61,573,2.865,0
5776,0,1,0,5,45,False,9,6,0,1536,7.68,86
5777,0,1,0,4,8,False,215,0,234,234,1.17,0
5778,0,1,12,2,40,True,4,0,0,0,0.0,0
5779,0,1,0,4,7,False,50,0,170,170,0.85,0
5780,0,1,1,1,41,True,0,0,0,0,0.0,0
5781,0,1,0,4,8,False,161,4,228,1252,6.26,0
5782,0,1,0,1,38,False,0,0,0,0,0.0,0
5783,0,1,0,4,8,False,226,0,146,146,0.73,0
5784,0,1,0,4,9,False,5,2,4,516,2.58,0
5785,0,1,0,4,8,False,84,0,87,87,0.435,0
5786,0,1,0,6,59,True,4,10,43,2603,13.015,27393
5787,0,1,0,4,7,False,203,0,160,160,0.8,0
5788,0,1,0,4,9,False,44,4,9,1033,5.165,0
5789,0,1,0,4,8,False,118,2,236,748,3.74,0
5790,0,1,14,5,5,False,203,0,166,166,0.83,4
5791,0,1,0,4,7,False,133,0,132,132,0.66,0
5792,0,1,0,6,11,True,0,8,1,2049,10.245,31749
5793,0,1,0,4,8,False,57,3,240,1008,5.04,0
5794,0,1,0,7,4,False,4,4,4,1028,5.14,296198
5795,0,1,0,4,8,False,187,1,127,383,1.915,0
5796,0,1,0,7,1,True,1,1,1,257,1.285,55877
5797,0,1,0,4,7,False,20,0,160,160,0.8,0
5798,0,1,11,2,4,False,5,0,0,0,0.0,0
5799,0,1,0,4,8,False,216,2,229,741,3.705,0
5800,0,1,2,0,0,False,0,0,0,0,0.0,0
5801,0,1,0,4,9,False,60,7,27,1819,9.095,0
5802,0,1,0,0,0,False,0,0,0,0,0.0,0
5803,0,1,0,4,8,False,126,0,64,64,0.32,0
5804,0,1,25,4,6,False,16,0,0,0,0.0,0
5805,0,1,0,4,8,False,31,0,146,146,0.73,0
5806,0,1,0,0,0,False,0,0,0,0,0.0,0
5807,0,1,0,4,8,False,120,1,19,275,1.375,0
5808,0,1,0,2,1,False,48,0,0,0,0.0,0
5809,0,1,0,4,9,False,238,6,97,1633,8.165,0
5810,0,1,0,4,10,False,6,4,10,1034,5.17,0
5811,0,1,0,4,9,False,120,2,171,683,3.415,0
5812,0,1,9,1,4,False,0,0,0,0,0.0,0
5813,0,1,0,4,7,False,131,0,52,52,0.26,0
5814,0,1,1,1,61,False,0,0,0,0,0.0,0
5815,0,1,0,4,8,False,7,2,227,739,3.695,0
5816,0,1,0,1,41,False,0,0,0,0,0.0,0
5817,0,1,0,4,7,False,66,0,75,75,0.375,0
5818,0,1,1,1,2,True,0,0,0,0,0.0,0
5819,0,1,0,4,7,False,162,0,229,229,1.145,0
5820,0,1,0,4,9,False,4,10,109,2669,13.345,0
5821,0,1,0,4,8,False,199,5,41,1321,6.605,0
5822,0,1,0,0,0,False,0,0,0,0,0.0,0
5823,0,1,0,4,7,False,33,0,67,67,0.335,0
5824,0,1,0,3,42,True,4,11,0,2816,14.08,0
5825,0,1,0,4,8,False,119,2,66,578,2.89,0
5826,0,1,0,4,0,False,4,6,163,1699,8.495,0
5827,0,1,0,4,8,False,28,1,104,360,1.8,0
5828,0,1,0,0,0,False,0,0,0,0,0.0,0
5829,0,1,0,4,8,False,187,0,87,87,0.435,0
5830,0,1,0,4,7,False,33,1,52,308,1.54,0
5831,0,1,0,4,8,False,187,1,15,271,1.355,0
5832,0,1,6,7,48,True,4,9,112,2416,12.08,315402
5833,0,1,0,4,8,False,113,0,217,217,1.085,0
5834,0,1,1,1,1,True,0,0,0,0,0.0,0
5835,0,1,0,4,8,False,16,4,36,1060,5.3,0
5836,0,1,0,0,0,False,0,0,0,0,0.0,0
5837,0,1,0,4,7,False,113,0,84,84,0.42,0
5838,0,1,10,5,4,False,9,0,0,0,0.0,233
5839,0,1,0,4,8,False,112,3,60,828,4.14,0
5840,0,1,0,4,8,False,194,0,64,64,0.32,0
5841,0,1,0,4,7,False,197,0,87,87,0.435,0
5842,0,1,0,4,9,False,28,0,106,106,0.53,0
5843,0,1,0,4,8,False,159,4,153,1177,5.885,0
5844,0,1,0,4,8,False,187,0,68,68,0.34,0
5845,0,1,0,4,7,False,203,0,73,73,0.365,0
5846,0,1,0,4,8,False,54,1,117,373,1.865,0
5847,0,1,0,4,8,False,115,8,53,2101,10.505,0
5848,0,1,0,4,5,False,113,0,77,77,0.385,0
5849,0,1,0,4,8,False,185,0,211,211,1.055,0
5850,0,1,0,4,5,False,197,0,69,69,0.345,0
5851,0,1,0,4,8,False,66,1,250,506,2.53,0
5852,0,1,0,4,5,False,118,0,90,90,0.45,0
5853,0,1,0,4,7,False,170,0,59,59,0.295,0
5854,0,1,0,4,8,False,10,5,20,1300,6.5,0
5855,0,1,0,4,8,False,58,4,223,1247,6.235,0
5856,0,1,0,4,9,False,203,1,77,333,1.665,0
5857,0,1,0,4,7,False,108,0,76,76,0.38,0
5858,0,1,0,4,8,False,164,0,83,83,0.415,0
5859,0,1,0,4,8,False,71,4,25,1049,5.245,0
5860,0,1,0,4,8,False,73,1,138,394,1.97,0
5861,0,1,0,4,8,False,205,6,24,1560,7.8,0
5862,0,1,0,4,5,False,170,0,66,66,0.33,0
5863,0,1,0,4,7,False,212,0,72,72,0.36,0
5864,0,1,0,4,8,False,189,1,170,426,2.13,0
5865,0,1,0,4,8,False,108,2,93,605,3.025,0
5866,0,1,0,4,45,False,4,8,158,2206,11.03,0
5867,0,1,0,4,8,False,216,0,93,93,0.465,0
5868,0,1,0,4,50,False,136,4,10,1034,5.17,0
5869,0,1,0,4,8,False,140,0,134,134,0.67,0
5870,0,1,29,1,4,False,0,0,0,0,0.0,0
5871,0,1,0,4,8,False,8,1,175,431,2.155,0
5872,0,1,1,1,4,False,0,0,0,0,0.0,0
5873,0,1,0,4,9,False,91,7,187,1979,9.895,0
5874,0,1,1,1,50,False,0,0,0,0,0.0,0
5875,0,1,0,4,8,False,130,0,251,251,1.255,0
5876,0,1,0,4,10,False,178,0,4,4,0.02,0
5877,0,1,0,4,8,False,255,2,205,717,3.585,0
5878,0,1,1,1,9,False,0,0,0,0,0.0,0
5879,0,1,0,4,8,False,44,0,70,70,0.35,0
5880,0,1,24,2,1,False,68,0,0,0,0.0,0
5881,0,1,0,4,8,False,172,1,124,380,1.9,0
5882,0,1,0,4,9,False,255,10,102,2662,13.31,0
5883,0,1,0,4,9,False,236,11,95,2911,14.555,0
5884,0,1,1,1,1,False,0,0,0,0,0.0,0
5885,0,1,0,4,8,False,106,0,128,128,0.64,0
5886,0,1,20,6,49,False,13,4,10,1034,5.17,1028
5887,0,1,0,4,9,False,203,15,20,3860,19.3,0
5888,0,1,0,0,0,False,0,0,0,0,0.0,0
5889,0,1,0,4,8,False,75,0,135,135,0.675,0
5890,0,1,11,5,4,False,9,12,0,3072,15.36,0
5891,0,1,0,4,9,False,169,3,10,778,3.89,0
5892,0,1,0,4,9,False,75,0,186,186,0.93,0
5893,0,1,0,4,8,False,31,0,188,188,0.94,0
5894,0,1,0,7,30,False,4,4,9,1033,5.165,279222
5895,0,1,0,4,8,False,149,0,91,91,0.455,0
5896,0,1,1,1,32,False,0,0,0,0,0.0,0
5897,0,1,0,4,8,False,4,1,78,334,1.67,0
5898,0,1,0,0,0,False,0,0,0,0,0.0,0
5899,0,1,0,4,9,False,105,9,28,2332,11.66,0
5900,0,1,12,2,4,False,10,0,0,0,0.0,0
5901,0,1,0,4,8,False,212,0,142,142,0.71,0
5902,0,1,26,5,1,False,71,4,11,1035,5.175,32
5903,0,1,0,4,8,False,35,0,226,226,1.13,0
5904,0,1,0,0,0,False,0,0,0,0,0.0,0
5905,0,1,0,4,8,False,179,1,164,420,2.1,0
5906,0,1,11,3,4,False,11,9,0,2304,11.52,0
5907,0,1,0,4,7,False,239,0,175,175,0.875,0
5908,0,1,0,0,0,False,0,0,0,0,0.0,0
5909,0,1,0,4,8,False,13,2,158,670,3.35,0
5910,0,1,8,7,4,False,9,15,0,3840,19.2,11857162
5911,0,1,0,4,8,False,158,0,248,248,1.24,0
5912,0,1,0,3,39,True,218,0,0,0,0.0,0
5913,0,1,0,4,8,False,71,1,234,490,2.45,0
5914,0,1,0,4,9,False,9,4,1,1025,5.125,0
5915,0,1,0,4,8,False,178,0,246,246,1.23,0
5916,0,1,11,6,7,False,0,6,4,1540,7.7,44554
5917,0,1,0,4,8,False,6,2,83,595,2.975,0
5918,0,1,0,0,0,False,0,0,0,0,0.0,0
5919,0,1,0,4,8,False,193,2,126,638,3.19,0
5920,0,1,22,1,4,False,0,0,0,0,0.0,0
5921,0,1,0,4,8,False,4,1,16,272,1.36,0
5922,0,1,0,7,30,True,0,4,127,1151,5.755,275712
5923,0,1,0,4,8,False,22,0,162,162,0.81,0
5924,0,1,0,7,13,False,1,4,4,1028,5.14,294153
5925,0,1,0,0,0,False,0,0,0,0,0.0,0
5926,0,1,0,7,4,False,9,10,1,2561,12.805,723475
5927,0,1,0,6,0,False,162,4,7,1031,5.155,77
5928,0,1,0,0,0,False,0,0,0,0,0.0,0
5929,0,1,0,6,4,False,8,1,5,261,1.305,1056
5930,0,1,22,6,4,False,5,7,0,1792,8.96,64519
5931,0,1,0,7,12,False,0,11,4,2820,14.1,120072
5932,0,1,0,4,9,False,207,3,60,828,4.14,0
5933,0,1,0,4,4,False,8,15,1,3841,19.205,0
5934,0,1,0,4,25,False,11,13,164,3492,17.46,0
5935,0,1,0,0,0,False,0,0,0,0,0.0,0
5936,0,1,15,0,0,False,0,0,0,0,0.0,0
5937,0,1,0,4,7,False,218,1,82,338,1.69,0
5938,0,1,0,4,10,False,185,1,173,429,2.145,0
5939,0,1,0,4,8,False,79,6,60,1596,7.98,0
5940,0,1,1,1,13,False,0,0,0,0,0.0,0
5941,0,1,0,4,7,False,90,0,131,131,0.655,0
5942,0,1,0,1,52,False,0,0,0,0,0.0,0
5943,0,1,0,4,7,False,36,1,57,313,1.565,0
5944,0,1,0,4,5,False,76,0,62,62,0.31,0
5945,0,1,0,4,8,False,132,11,18,2834,14.17,0
5946,0,1,0,4,5,False,9,1,90,346,1.73,0
5947,0,1,0,4,8,False,8,1,41,297,1.485,0
5948,0,1,0,4,5,False,36,0,115,115,0.575,0
5949,0,1,0,4,8,False,66,1,61,317,1.585,0
5950,0,1,0,4,6,False,9,1,111,367,1.835,0
5951,0,1,0,4,8,False,3,2,7,519,2.595,0
5952,0,1,0,4,7,False,36,2,24,536,2.68,0
5953,0,1,0,4,7,False,109,0,119,119,0.595,0
5954,0,1,0,4,8,False,187,0,81,81,0.405,0
5955,0,1,0,4,8,False,191,2,74,586,2.93,0
5956,0,1,0,4,5,False,10,0,69,69,0.345,0
5957,0,1,0,4,8,False,17,1,43,299,1.495,0
5958,0,1,0,4,7,False,10,0,66,66,0.33,0
5959,0,1,0,4,8,False,242,0,218,218,1.09,0
5960,0,1,0,4,9,False,87,3,96,864,4.32,0
5961,0,1,0,4,8,False,242,1,149,405,2.025,0
5962,0,1,0,4,9,False,243,0,78,78,0.39,0
5963,0,1,0,4,8,False,230,1,128,384,1.92,0
5964,0,1,0,4,9,False,109,1,23,279,1.395,0
5965,0,1,0,4,7,False,98,1,69,325,1.625,0
5966,0,1,0,4,9,False,230,1,45,301,1.505,0
5967,0,1,0,4,8,False,136,2,49,561,2.805,0
5968,0,1,0,4,5,False,103,1,96,352,1.76,0
5969,0,1,0,4,8,False,28,0,27,27,0.135,0
5970,0,1,0,4,6,False,104,1,1,257,1.285,0
5971,0,1,0,4,7,False,162,0,153,153,0.765,0
5972,0,1,0,4,7,False,130,1,119,375,1.875,0
5973,0,1,0,4,8,False,252,2,190,702,3.51,0
5974,0,1,0,4,7,False,162,0,154,154,0.77,0
5975,0,1,0,4,8,False,140,1,187,443,2.215,0
5976,0,1,0,4,8,False,109,0,88,88,0.44,0
5977,0,1,0,4,8,False,250,0,227,227,1.135,0
5978,0,1,0,4,9,False,150,7,94,1886,9.43,0
5979,0,1,0,4,7,False,141,0,90,90,0.45,0
5980,0,1,0,4,9,False,229,0,77,77,0.385,0
5981,0,1,0,4,7,False,25,1,4,260,1.3,0
5982,0,1,0,4,9,False,135,2,59,571,2.855,0
5983,0,1,0,4,7,False,211,0,74,74,0.37,0
5984,0,1,0,4,5,False,25,0,236,236,1.18,0
5985,0,1,0,4,8,False,160,8,124,2172,10.86,0
5986,0,1,0,4,7,False,25,0,89,89,0.445,0
5987,0,1,0,4,8,False,22,10,195,2755,13.775,0
5988,0,1,0,4,9,False,161,7,57,1849,9.245,0
5989,0,1,0,4,8,False,101,1,165,421,2.105,0
5990,0,1,0,4,5,False,177,1,117,373,1.865,0
5991,0,1,0,4,7,False,194,0,197,197,0.985,0
5992,0,1,0,4,7,False,168,0,68,68,0.34,0
5993,0,1,0,4,8,False,114,2,138,650,3.25,0
5994,0,1,0,4,5,False,194,0,172,172,0.86,0
5995,0,1,0,4,8,False,196,1,140,396,1.98,0
5996,0,1,0,4,6,False,194,0,97,97,0.485,0
5997,0,1,0,4,8,False,93,0,161,161,0.805,0
5998,0,1,0,4,7,False,199,0,156,156,0.78,0
5999,0,1,0,4,8,False,219,1,162,418,2.09,0
6000,0,1,0,4,9,False,192,10,236,2796,13.98,0
6001,0,1,0,4,7,False,63,0,80,80,0.4,0
6002,0,1,0,4,9,False,219,1,167,423,2.115,0
6003,0,1,0,4,8,False,165,4,45,1069,5.345,0
6004,0,1,0,4,5,False,64,0,73,73,0.365,0
6005,0,1,0,4,8,False,79,2,86,598,2.99,0
6006,0,1,0,4,6,False,64,0,85,85,0.425,0
6007,0,1,0,4,8,False,175,0,199,199,0.995,0
6008,0,1,0,4,9,False,68,7,118,1910,9.55,0
6009,0,1,0,4,8,False,57,1,30,286,1.43,0
6010,0,1,0,4,9,False,185,1,195,451,2.255,0
6011,0,1,0,4,8,False,190,1,177,433,2.165,0
6012,0,1,0,4,9,False,53,0,197,197,0.985,0
6013,0,1,0,4,8,False,51,2,49,561,2.805,0
6014,0,1,0,4,9,False,169,0,78,78,0.39,0
6015,0,1,0,4,7,False,180,1,29,285,1.425,0
6016,0,1,0,4,9,False,58,2,167,679,3.395,0
6017,0,1,0,4,7,False,227,0,125,125,0.625,0
6018,0,1,0,4,5,False,180,1,47,303,1.515,0
6019,0,1,0,4,8,False,88,11,47,2863,14.315,0
6020,0,1,0,4,6,False,181,0,173,173,0.865,0
6021,0,1,0,4,8,False,215,0,190,190,0.95,0
6022,0,1,0,4,7,False,63,0,164,164,0.82,0
6023,0,1,0,4,8,False,82,1,59,315,1.575,0
6024,0,1,0,4,9,False,150,9,254,2558,12.79,0
6025,0,1,0,4,8,False,182,1,44,300,1.5,0
6026,0,1,1,1,15,False,0,0,0,0,0.0,0
6027,0,1,0,4,8,False,119,0,242,242,1.21,0
6028,0,1,7,2,0,False,4,0,0,0,0.0,0
6029,0,1,0,4,8,False,226,1,21,277,1.385,0
6030,0,1,0,4,6,False,217,9,157,2461,12.305,0
6031,0,1,0,4,9,False,70,5,186,1466,7.33,0
6032,0,1,0,4,10,False,15,0,80,80,0.4,0
6033,0,1,0,4,8,False,162,2,21,533,2.665,0
6034,0,1,0,4,11,False,10,14,240,3824,19.12,0
6035,0,1,0,4,7,False,187,0,68,68,0.34,0
6036,0,1,0,4,11,False,133,1,249,505,2.525,0
6037,0,1,0,4,8,False,174,4,113,1137,5.685,0
6038,0,1,0,4,11,False,47,1,75,331,1.655,0
6039,0,1,0,4,7,False,54,0,63,63,0.315,0
6040,0,1,0,4,7,False,119,0,81,81,0.405,0
6041,0,1,0,4,8,False,197,2,59,571,2.855,0
6042,0,1,0,4,11,False,126,0,228,228,1.14,0
6043,0,1,0,4,7,False,70,0,54,54,0.27,0
6044,0,1,0,4,12,False,181,1,176,432,2.16,0
6045,0,1,0,4,7,False,196,0,121,121,0.605,0
6046,0,1,0,4,7,False,51,0,141,141,0.705,0
6047,0,1,0,4,7,False,58,0,68,68,0.34,0
6048,0,1,0,4,10,False,183,0,167,167,0.835,0
6049,0,1,0,4,7,False,213,1,12,268,1.34,0
6050,0,1,0,4,11,False,53,1,43,299,1.495,0
6051,0,1,0,4,8,False,129,14,62,3646,18.23,0
6052,0,1,0,4,13,False,54,8,248,2296,11.48,0
6053,0,1,0,4,7,False,168,0,69,69,0.345,0
6054,0,1,0,4,7,False,76,1,125,381,1.905,0
6055,0,1,0,4,7,False,77,0,127,127,0.635,0
6056,0,1,0,4,7,False,181,1,226,482,2.41,0
6057,0,1,0,4,7,False,194,0,74,74,0.37,0
6058,0,1,0,4,7,False,53,1,8,264,1.32,0
6059,0,1,0,4,8,False,101,9,120,2424,12.12,0
6060,0,1,0,4,6,False,214,0,192,192,0.96,0
6061,0,1,0,4,8,False,111,0,101,101,0.505,0
6062,0,1,0,4,10,False,214,1,7,263,1.315,0
6063,0,1,0,4,7,False,2,0,55,55,0.275,0
6064,0,1,0,4,7,False,244,1,130,386,1.93,0
6065,0,1,0,4,8,False,130,1,232,488,2.44,0
6066,0,1,0,4,6,False,68,0,68,68,0.34,0
6067,0,1,0,4,8,False,18,1,236,492,2.46,0
6068,0,1,0,4,7,False,195,0,171,171,0.855,0
6069,0,1,0,4,8,False,136,1,168,424,2.12,0
6070,0,1,0,4,7,False,106,0,153,153,0.765,0
6071,0,1,0,4,7,False,254,0,61,61,0.305,0
6072,0,1,0,4,11,False,111,3,252,1020,5.1,0
6073,0,1,0,4,8,False,81,3,166,934,4.67,0
6074,0,1,0,1,27,False,0,0,0,0,0.0,0
6075,0,1,0,4,7,False,210,0,75,75,0.375,0
6076,0,1,0,1,47,False,0,0,0,0,0.0,0
6077,0,1,0,4,8,False,1,3,146,914,4.57,0
6078,0,1,0,4,1,False,81,2,1,513,2.565,0
6079,0,1,0,4,7,False,129,0,113,113,0.565,0
6080,0,1,10,1,6,False,0,0,0,0,0.0,0
6081,0,1,0,4,8,False,225,3,33,801,4.005,0
6082,0,1,1,2,22,False,0,0,0,0,0.0,0
6083,0,1,0,4,7,False,38,0,65,65,0.325,0
6084,0,1,0,4,4,False,4,3,0,768,3.84,0
6085,0,1,0,4,8,False,145,2,27,539,2.695,0
6086,0,1,6,2,4,False,10,0,0,0,0.0,0
6087,0,1,0,4,7,False,47,0,49,49,0.245,0
6088,0,1,10,5,0,False,90,4,6,1030,5.15,210
6089,0,1,0,4,8,False,114,1,249,505,2.525,0
6090,0,1,0,6,58,True,4,7,108,1900,9.5,5120
6091,0,1,0,4,8,False,240,0,174,174,0.87,0
6092,0,1,0,4,9,False,140,0,58,58,0.29,0
6093,0,1,0,4,8,False,207,0,232,232,1.16,0
6094,0,1,0,4,7,False,38,0,114,114,0.57,0
6095,0,1,0,4,8,False,69,2,32,544,2.72,0
6096,0,1,0,4,7,False,145,0,71,71,0.355,0
6097,0,1,0,4,7,False,137,0,93,93,0.465,0
6098,0,1,0,4,6,False,48,0,53,53,0.265,0
6099,0,1,0,4,7,False,53,0,57,57,0.285,0
6100,0,1,0,4,10,False,48,0,69,69,0.345,0
6101,0,1,0,4,8,False,205,6,58,1594,7.97,0
6102,0,1,0,4,12,False,254,0,174,174,0.87,0
6103,0,1,0,4,7,False,73,1,169,425,2.125,0
6104,0,1,0,4,13,False,47,5,127,1407,7.035,0
6105,0,1,0,4,7,False,110,0,116,116,0.58,0
6106,0,1,0,4,7,False,65,0,168,168,0.84,0
6107,0,1,0,4,8,False,57,8,51,2099,10.495,0
6108,0,1,0,4,31,False,61,1,53,309,1.545,0
6109,0,1,0,4,8,False,158,1,219,475,2.375,0
6110,0,1,0,4,7,False,53,0,76,76,0.38,0
6111,0,1,0,4,7,False,24,1,30,286,1.43,0
6112,0,1,0,4,9,False,137,1,41,297,1.485,0
6113,0,1,0,4,7,False,180,0,169,169,0.845,0
6114,0,1,0,4,6,False,73,0,107,107,0.535,0
6115,0,1,0,4,7,False,189,0,70,70,0.35,0
6116,0,1,0,4,9,False,80,0,150,150,0.75,0
6117,0,1,0,4,8,False,177,9,170,2474,12.37,0
6118,0,1,0,4,7,False,68,0,69,69,0.345,0
6119,0,1,0,4,8,False,50,0,205,205,1.025,0
6120,0,1,0,4,9,False,106,0,72,72,0.36,0
6121,0,1,0,4,8,False,172,1,50,306,1.53,0
6122,0,1,0,4,6,False,255,0,205,205,1.025,0
6123,0,1,0,4,7,False,7,0,111,111,0.555,0
6124,0,1,0,4,7,False,179,2,150,662,3.31,0
6125,0,1,0,4,8,False,176,5,158,1438,7.19,0
6126,0,1,0,4,7,False,221,4,162,1186,5.93,0
6127,0,1,0,4,7,False,241,1,3,259,1.295,0
6128,0,1,0,4,10,False,189,7,213,2005,10.025,0
6129,0,1,0,4,8,False,140,10,177,2737,13.685,0
6130,0,1,0,4,11,False,194,9,147,2451,12.255,0
6131,0,1,0,4,8,False,21,1,132,388,1.94,0
6132,0,1,0,4,7,False,183,0,133,133,0.665,0
6133,0,1,0,4,8,False,162,5,131,1411,7.055,0
6134,0,1,0,4,6,False,9,0,77,77,0.385,0
6135,0,1,0,4,8,False,241,1,50,306,1.53,0
6136,0,1,0,4,9,False,177,1,102,358,1.79,0
6137,0,1,0,4,8,False,133,1,22,278,1.39,0
6138,0,1,0,4,7,False,12,1,72,328,1.64,0
6139,0,1,0,4,8,False,197,1,198,454,2.27,0
6140,0,1,0,4,10,False,22,3,236,1004,5.02,0
6141,0,1,0,4,7,False,91,0,55,55,0.275,0
6142,0,1,0,4,11,False,21,0,178,178,0.89,0
6143,0,1,0,4,7,False,217,1,3,259,1.295,0
6144,0,1,0,4,11,False,151,6,97,1633,8.165,0
6145,0,1,0,4,8,False,69,7,19,1811,9.055,0
6146,0,1,0,4,11,False,241,0,189,189,0.945,0
6147,0,1,0,4,8,False,127,1,18,274,1.37,0
6148,0,1,0,4,11,False,133,2,47,559,2.795,0
6149,0,1,0,4,8,False,35,2,169,681,3.405,0
6150,0,1,0,4,7,False,197,0,164,164,0.82,0
6151,0,1,0,4,7,False,142,0,73,73,0.365,0
6152,0,1,0,4,7,False,90,1,89,345,1.725,0
6153,0,1,0,4,7,False,211,0,63,63,0.315,0
6154,0,1,0,4,6,False,217,1,51,307,1.535,0
6155,0,1,0,4,8,False,127,3,186,954,4.77,0
6156,0,1,0,4,7,False,26,0,90,90,0.45,0
6157,0,1,0,4,7,False,84,0,238,238,1.19,0
6158,0,1,0,4,48,False,1,4,10,1034,5.17,0
6159,0,1,0,4,8,False,97,4,71,1095,5.475,0
6160,0,1,0,4,0,False,73,4,7,1031,5.155,0
6161,0,1,0,4,8,False,2,1,33,289,1.445,0
6162,0,1,0,4,4,False,9,4,6,1030,5.15,0
6163,0,1,0,4,8,False,169,0,147,147,0.735,0
6164,0,1,10,4,7,False,95,1,63,319,1.595,0
6165,0,1,0,4,9,False,1,11,171,2987,14.935,0
6166,0,1,18,3,13,True,5,5,0,1280,6.4,0
6167,0,1,0,4,8,False,87,0,177,177,0.885,0
6168,0,1,1,2,20,True,82,0,0,0,0.0,0
6169,0,1,0,4,7,False,194,0,59,59,0.295,0
6170,0,1,14,2,4,False,10,0,0,0,0.0,0
6171,0,1,0,4,8,False,49,4,17,1041,5.205,0
6172,0,1,11,1,0,False,0,0,0,0,0.0,0
6173,0,1,0,4,7,False,125,0,68,68,0.34,0
6174,0,1,0,4,4,False,7,4,6,1030,5.15,0
6175,0,1,0,4,8,False,238,3,124,892,4.46,0
6176,0,1,2,2,53,True,10,0,0,0,0.0,0
6177,0,1,0,4,8,False,75,0,62,62,0.31,0
6178,0,1,11,0,0,False,0,0,0,0,0.0,0
6179,0,1,0,4,7,False,179,0,49,49,0.245,0
6180,0,1,1,3,4,False,4,10,0,2560,12.8,0
6181,0,1,0,4,8,False,32,2,245,757,3.785,0
6182,0,1,0,4,15,False,5,7,11,1803,9.015,0
6183,0,1,0,4,8,False,79,1,245,501,2.505,0
6184,0,1,10,7,1,False,18,4,7,1031,5.155,13566678
6185,0,1,0,4,8,False,251,3,84,852,4.26,0
6186,0,1,0,4,9,False,179,0,63,63,0.315,0
6187,0,1,0,4,7,False,159,1,1,257,1.285,0
6188,0,1,0,4,9,False,33,1,92,348,1.74,0
6189,0,1,0,4,7,False,0,1,8,264,1.32,0
6190,0,1,0,4,10,False,209,6,223,1759,8.795,0
6191,0,1,0,4,8,False,133,7,45,1837,9.185,0
6192,0,1,0,4,10,False,38,0,81,81,0.405,0
6193,0,1,0,4,8,False,248,0,140,140,0.7,0
6194,0,1,0,4,9,False,162,0,13,13,0.065,0
6195,0,1,0,4,8,False,248,1,141,397,1.985,0
6196,0,1,0,4,9,False,7,0,55,55,0.275,0
6197,0,1,0,4,7,False,167,0,198,198,0.99,0
6198,0,1,0,4,10,False,0,3,35,803,4.015,0
6199,0,1,0,4,8,False,67,3,203,971,4.855,0
6200,0,1,0,4,10,False,11,1,90,346,1.73,0
6201,0,1,0,4,7,False,194,0,146,146,0.73,0
6202,0,1,0,4,11,False,158,12,150,3222,16.11,0
6203,0,1,0,4,7,False,3,0,91,91,0.455,0
6204,0,1,0,4,10,False,31,2,123,635,3.175,0
6205,0,1,0,4,8,False,157,8,19,2067,10.335,0
6206,0,1,0,4,10,False,116,4,109,1133,5.665,0
6207,0,1,0,4,7,False,211,0,64,64,0.32,0
6208,0,1,0,4,6,False,3,0,203,203,1.015,0
6209,0,1,0,4,7,False,88,0,117,117,0.585,0
6210,0,1,0,4,6,False,3,1,55,311,1.555,0
6211,0,1,0,4,7,False,13,1,57,313,1.565,0
6212,0,1,0,4,9,False,211,2,195,707,3.535,0
6213,0,1,0,4,8,False,124,11,123,2939,14.695,0
6214,0,1,0,4,19,True,4,7,2,1794,8.97,0
6215,0,1,0,4,7,False,1,1,186,442,2.21,0
6216,0,1,0,4,1,False,45,4,4,1028,5.14,0
6217,0,1,0,4,7,False,89,2,211,723,3.615,0
6218,0,1,0,7,14,False,210,8,88,2136,10.68,15953154
6219,0,1,0,4,8,False,230,7,149,1941,9.705,0
6220,0,1,27,2,4,False,0,0,0,0,0.0,0
6221,0,1,0,4,8,False,125,4,57,1081,5.405,0
6222,0,1,0,4,6,False,2,2,2,514,2.57,0
6223,0,1,0,4,7,False,135,0,197,197,0.985,0
6224,0,1,0,4,4,False,4,5,135,1415,7.075,0
6225,0,1,0,4,8,False,85,7,141,1933,9.665,0
6226,0,1,0,0,0,False,0,0,0,0,0.0,0
6227,0,1,0,4,8,False,166,2,3,515,2.575,0
6228,0,1,0,7,7,True,0,6,111,1647,8.235,5384194
6229,0,1,0,0,0,False,0,0,0,0,0.0,0
6230,0,1,0,4,9,False,4,9,183,2487,12.435,0
6231,0,1,0,6,2,False,3,4,8,1032,5.16,945
6232,0,1,1,1,3,True,0,0,0,0,0.0,0
6233,0,1,0,1,4,False,0,0,0,0,0.0,0
6234,0,1,0,1,50,False,0,0,0,0,0.0,0
6235,0,1,0,0,0,False,0,0,0,0,0.0,0
6236,0,1,0,4,4,False,4,9,143,2447,12.235,0
6237,0,1,0,0,0,False,0,0,0,0,0.0,0
6238,0,1,25,3,10,False,135,4,0,1024,5.12,0
6239,0,1,0,1,30,False,0,0,0,0,0.0,0
6240,0,1,1,1,20,False,0,0,0,0,0.0,0
6241,0,1,0,4,7,False,149,0,69,69,0.345,0
6242,0,1,20,6,4,False,9,0,160,160,0.8,1229
6243,0,1,0,4,8,False,16,5,87,1367,6.835,0
6244,0,1,1,1,4,True,0,0,0,0,0.0,0
6245,0,1,0,4,7,False,217,0,186,186,0.93,0
6246,0,1,0,1,19,False,0,0,0,0,0.0,0
6247,0,1,0,4,8,False,57,2,245,757,3.785,0
6248,0,1,0,4,10,False,244,1,36,292,1.46,0
6249,0,1,0,4,8,False,142,1,194,450,2.25,0
6250,0,1,0,4,10,False,238,3,9,777,3.885,0
6251,0,1,0,4,8,False,189,2,123,635,3.175,0
6252,0,1,0,4,11,False,212,2,160,672,3.36,0
6253,0,1,0,4,8,False,72,1,247,503,2.515,0
6254,0,1,0,4,6,False,219,0,79,79,0.395,0
6255,0,1,0,4,8,False,223,0,80,80,0.4,0
6256,0,1,0,4,9,False,217,1,92,348,1.74,0
6257,0,1,0,4,8,False,86,1,14,270,1.35,0
6258,0,1,0,4,9,False,197,0,182,182,0.91,0
6259,0,1,0,4,8,False,173,1,7,263,1.315,0
6260,0,1,0,4,10,False,62,7,188,1980,9.9,0
6261,0,1,0,4,8,False,55,1,244,500,2.5,0
6262,0,1,0,4,17,False,4,10,2,2562,12.81,0
6263,0,1,0,4,7,False,141,0,56,56,0.28,0
6264,0,1,0,4,51,False,1,6,4,1540,7.7,0
6265,0,1,0,4,8,False,39,1,201,457,2.285,0
6266,0,1,1,2,13,True,0,0,0,0,0.0,0
6267,0,1,0,4,7,False,120,0,159,159,0.795,0
6268,0,1,17,3,4,False,10,7,0,1792,8.96,0
6269,0,1,0,4,8,False,252,4,168,1192,5.96,0
6270,0,1,0,1,3,False,0,0,0,0,0.0,0
6271,0,1,0,4,8,False,59,1,113,369,1.845,0
6272,0,1,0,4,5,False,115,0,237,237,1.185,0
6273,0,1,0,4,8,False,203,1,230,486,2.43,0
6274,0,1,0,4,10,False,104,3,81,849,4.245,0
6275,0,1,0,4,8,False,37,2,130,642,3.21,0
6276,0,1,0,4,11,False,34,6,134,1670,8.35,0
6277,0,1,0,4,8,False,123,0,195,195,0.975,0
6278,0,1,0,4,10,False,39,0,101,101,0.505,0
6279,0,1,0,4,9,False,43,13,19,3347,16.735,0
6280,0,1,0,4,10,False,251,1,45,301,1.505,0
6281,0,1,0,4,8,False,118,1,179,435,2.175,0
6282,0,1,0,4,10,False,33,1,157,413,2.065,0
6283,0,1,0,4,8,False,244,0,164,164,0.82,0
6284,0,1,0,4,11,False,169,2,84,596,2.98,0
6285,0,1,0,4,7,False,82,0,179,179,0.895,0
6286,0,1,0,4,10,False,81,1,34,290,1.45,0
6287,0,1,0,4,7,False,213,0,90,90,0.45,0
6288,0,1,0,4,11,False,207,3,77,845,4.225,0
6289,0,1,0,4,7,False,54,0,183,183,0.915,0
6290,0,1,0,4,11,False,76,3,237,1005,5.025,0
6291,0,1,0,4,7,False,207,0,137,137,0.685,0
6292,0,1,0,4,9,False,86,0,95,95,0.475,0
6293,0,1,0,4,7,False,90,0,95,95,0.475,0
6294,0,1,0,4,10,False,54,4,52,1076,5.38,0
6295,0,1,0,4,7,False,124,0,140,140,0.7,0
6296,0,1,0,4,9,False,55,0,212,212,1.06,0
6297,0,1,0,4,8,False,98,14,155,3739,18.695,0
6298,0,1,0,4,16,True,0,5,4,1284,6.42,0
6299,0,1,0,4,8,False,173,0,170,170,0.85,0
6300,0,1,0,6,26,False,0,13,4,3332,16.66,23047
6301,0,1,0,4,7,False,84,0,254,254,1.27,0
6302,0,1,0,0,0,False,0,0,0,0,0.0,0
6303,0,1,0,4,8,False,254,4,128,1152,5.76,0
6304,0,1,13,4,4,False,9,9,13,2317,11.585,0
6305,0,1,0,4,7,False,40,0,66,66,0.33,0
6306,0,1,1,2,41,False,0,0,0,0,0.0,0
6307,0,1,0,4,8,False,158,1,92,348,1.74,0
6308,0,1,11,5,8,False,4,4,7,1031,5.155,41
6309,0,1,0,4,7,False,226,0,107,107,0.535,0
6310,0,1,0,4,8,False,42,0,52,52,0.26,0
6311,0,1,0,4,8,False,242,1,144,400,2.0,0
6312,0,1,5,1,53,False,0,0,0,0,0.0,0
6313,0,1,0,4,8,False,17,1,117,373,1.865,0
6314,0,1,0,5,40,False,4,10,0,2560,12.8,77
6315,0,1,0,4,7,False,23,0,31,31,0.155,0
6316,0,1,0,4,7,False,226,0,110,110,0.55,0
6317,0,1,0,4,8,False,231,2,252,764,3.82,0
6318,0,1,0,2,5,False,26,0,0,0,0.0,0
6319,0,1,0,4,7,False,88,0,49,49,0.245,0
6320,0,1,0,5,40,False,0,13,0,3328,16.64,213
6321,0,1,0,4,8,False,88,1,25,281,1.405,0
6322,0,1,0,4,7,False,88,0,74,74,0.37,0
6323,0,1,0,4,8,False,23,1,115,371,1.855,0
6324,0,1,27,6,2,False,4,9,88,2392,11.96,2562
6325,0,1,0,4,8,False,166,0,186,186,0.93,0
6326,0,1,11,0,0,False,0,0,0,0,0.0,0
6327,0,1,0,4,8,False,54,1,207,463,2.315,0
6328,0,1,0,4,8,False,4,7,28,1820,9.1,0
6329,0,1,0,4,9,False,85,1,13,269,1.345,0
6330,0,1,0,4,9,False,224,3,68,836,4.18,0
6331,0,1,0,4,8,False,242,2,64,576,2.88,0
6332,0,1,0,4,9,False,250,0,69,69,0.345,0
6333,0,1,0,4,8,False,86,1,126,382,1.91,0
6334,0,1,0,4,9,False,240,0,238,238,1.19,0
6335,0,1,0,4,8,False,207,1,117,373,1.865,0
6336,0,1,0,4,9,False,6,1,66,322,1.61,0
6337,0,1,0,4,7,False,69,0,53,53,0.265,0
6338,0,1,0,4,9,False,203,1,11,267,1.335,0
6339,0,1,0,4,8,False,170,3,116,884,4.42,0
6340,0,1,0,4,5,False,69,0,71,71,0.355,0
6341,0,1,0,4,7,False,212,0,60,60,0.3,0
6342,0,1,0,4,9,False,112,2,160,672,3.36,0
6343,0,1,0,4,8,False,110,4,238,1262,6.31,0
6344,0,1,0,4,5,False,11,0,64,64,0.32,0
6345,0,1,0,4,7,False,197,0,52,52,0.26,0
6346,0,1,0,4,9,False,132,5,47,1327,6.635,0
6347,0,1,0,4,8,False,126,2,236,748,3.74,0
6348,0,1,0,4,9,False,217,1,38,294,1.47,0
6349,0,1,0,4,7,False,195,0,80,80,0.4,0
6350,0,1,0,4,9,False,127,0,243,243,1.215,0
6351,0,1,0,4,8,False,88,2,45,557,2.785,0
6352,0,1,0,4,5,False,216,0,140,140,0.7,0
6353,0,1,0,4,8,False,253,2,191,703,3.515,0
6354,0,1,0,4,7,False,216,0,165,165,0.825,0
6355,0,1,0,4,7,False,2,0,87,87,0.435,0
6356,0,1,0,4,9,False,248,5,208,1488,7.44,0
6357,0,1,0,4,7,False,36,0,63,63,0.315,0
6358,0,1,0,4,5,False,2,0,108,108,0.54,0
6359,0,1,0,4,7,False,36,0,76,76,0.38,0
6360,0,1,0,4,6,False,3,0,69,69,0.345,0
6361,0,1,0,4,7,False,246,0,133,133,0.665,0
6362,0,1,0,4,7,False,2,0,99,99,0.495,0
6363,0,1,0,4,8,False,19,14,59,3643,18.215,0
6364,0,1,0,4,7,False,235,0,122,122,0.61,0
6365,0,1,0,4,8,False,133,1,26,282,1.41,0
6366,0,1,0,4,9,False,255,14,184,3768,18.84,0
6367,0,1,0,4,7,False,201,0,64,64,0.32,0
6368,0,1,0,4,10,False,68,9,205,2509,12.545,0
6369,0,1,0,4,8,False,108,3,227,995,4.975,0
6370,0,1,0,4,9,False,226,2,244,756,3.78,0
6371,0,1,0,4,7,False,131,0,54,54,0.27,0
6372,0,1,0,4,9,False,105,0,146,146,0.73,0
6373,0,1,0,4,7,False,36,0,67,67,0.335,0
6374,0,1,0,4,7,False,131,0,80,80,0.4,0
6375,0,1,0,4,8,False,142,5,212,1492,7.46,0
6376,0,1,0,4,5,False,36,0,70,70,0.35,0
6377,0,1,0,4,7,False,49,0,58,58,0.29,0
6378,0,1,0,4,6,False,37,0,70,70,0.35,0
6379,0,1,0,4,8,False,129,5,111,1391,6.955,0
6380,0,1,0,4,9,False,49,10,0,2560,12.8,0
6381,0,1,0,4,8,False,216,0,211,211,1.055,0
6382,0,1,0,4,6,False,136,0,73,73,0.365,0
6383,0,1,0,4,8,False,118,0,61,61,0.305,0
6384,0,1,0,4,6,False,218,0,67,67,0.335,0
6385,0,1,0,4,8,False,6,1,46,302,1.51,0
6386,0,1,0,4,7,False,146,0,135,135,0.675,0
6387,0,1,0,4,8,False,128,1,56,312,1.56,0
6388,0,1,0,4,9,False,13,4,3,1027,5.135,0
6389,0,1,0,0,0,False,0,0,0,0,0.0,0
6390,0,1,0,4,9,False,142,1,106,362,1.81,0
6391,0,1,0,0,0,False,0,0,0,0,0.0,0
6392,0,1,0,4,7,False,1,10,1,2561,12.805,0
6393,0,1,0,1,56,False,0,0,0,0,0.0,0
6394,0,1,17,6,10,False,142,1,155,411,2.055,3329
6395,0,1,0,4,7,False,245,0,156,156,0.78,0
6396,0,1,26,6,4,False,11,4,5,1029,5.145,1834
6397,0,1,0,4,8,False,205,5,130,1410,7.05,0
6398,0,1,30,1,0,False,0,0,0,0,0.0,0
6399,0,1,0,4,7,False,90,0,110,110,0.55,0
6400,0,1,7,2,8,False,4,0,0,0,0.0,0
6401,0,1,0,4,7,False,180,0,133,133,0.665,0
6402,0,1,1,1,58,False,0,0,0,0,0.0,0
6403,0,1,0,4,8,False,242,12,45,3117,15.585,0
6404,0,1,0,4,36,False,1,5,150,1430,7.15,0
6405,0,1,0,4,8,False,83,1,7,263,1.315,0
6406,0,1,0,4,7,False,180,0,78,78,0.39,0
6407,0,1,0,4,8,False,147,3,4,772,3.86,0
6408,0,1,1,2,7,False,9,0,0,0,0.0,0
6409,0,1,0,4,8,False,63,2,209,721,3.605,0
6410,0,1,26,2,4,False,9,0,0,0,0.0,0
6411,0,1,0,4,8,False,94,0,188,188,0.94,0
6412,0,1,3,7,0,False,223,4,10,1034,5.17,8388879
6413,0,1,0,4,8,False,242,1,3,259,1.295,0
6414,0,1,0,4,9,False,126,2,187,699,3.495,0
6415,0,1,0,4,8,False,106,1,22,278,1.39,0
6416,0,1,0,4,9,False,184,0,79,79,0.395,0
6417,0,1,0,4,7,False,201,0,68,68,0.34,0
6418,0,1,0,4,9,False,111,1,89,345,1.725,0
6419,0,1,0,4,8,False,108,1,145,401,2.005,0
6420,0,1,0,4,9,False,9,1,181,437,2.185,0
6421,0,1,0,4,7,False,174,1,43,299,1.495,0
6422,0,1,0,4,9,False,16,0,74,74,0.37,0
6423,0,1,0,4,8,False,118,4,253,1277,6.385,0
6424,0,1,0,4,5,False,174,1,92,348,1.74,0
6425,0,1,0,4,7,False,145,0,192,192,0.96,0
6426,0,1,0,4,7,False,157,0,82,82,0.41,0
6427,0,1,0,4,8,False,74,8,7,2055,10.275,0
6428,0,1,0,4,5,False,145,0,66,66,0.33,0
6429,0,1,0,4,8,False,209,10,80,2640,13.2,0
6430,0,1,0,4,7,False,145,0,67,67,0.335,0
6431,0,1,0,4,8,False,5,0,98,98,0.49,0
6432,0,1,0,4,9,False,209,6,230,1766,8.83,0
6433,0,1,0,4,7,False,117,0,56,56,0.28,0
6434,0,1,0,4,10,False,1,0,68,68,0.34,0
6435,0,1,0,4,8,False,245,2,181,693,3.465,0
6436,0,1,0,4,9,False,165,1,229,485,2.425,0
6437,0,1,0,4,9,False,86,5,116,1396,6.98,0
6438,0,1,0,4,5,False,166,0,75,75,0.375,0
6439,0,1,0,4,8,False,229,0,217,217,1.085,0
6440,0,1,0,6,10,False,4,7,166,1958,9.79,1024
6441,0,1,0,4,8,False,117,1,236,492,2.46,0
6442,0,1,0,1,4,False,0,0,0,0,0.0,0
6443,0,1,0,4,8,False,4,1,108,364,1.82,0
6444,0,1,0,4,9,False,59,4,4,1028,5.14,0
6445,0,1,0,4,8,False,20,0,96,96,0.48,0
6446,0,1,1,1,0,True,0,0,0,0,0.0,0
6447,0,1,0,4,8,False,234,2,87,599,2.995,0
6448,0,1,0,4,9,False,0,0,198,198,0.99,0
6449,0,1,0,4,8,False,54,0,86,86,0.43,0
6450,0,1,0,4,4,False,8,6,0,1536,7.68,0
6451,0,1,0,4,8,False,95,1,86,342,1.71,0
6452,0,1,0,4,46,False,0,10,11,2571,12.855,0
6453,0,1,0,4,8,False,52,1,2,258,1.29,0
6454,0,1,28,6,1,False,108,4,9,1033,5.165,958
6455,0,1,0,4,9,False,237,8,167,2215,11.075,0
6456,0,1,10,4,4,False,10,10,11,2571,12.855,0
6457,0,1,0,4,8,False,115,2,20,532,2.66,0
6458,0,1,27,2,4,False,9,0,0,0,0.0,0
6459,0,1,0,4,8,False,243,1,114,370,1.85,0
6460,0,1,5,6,1,False,124,4,9,1033,5.165,146
6461,0,1,0,4,7,False,131,0,113,113,0.565,0
6462,0,1,18,3,4,False,9,14,0,3584,17.92,0
6463,0,1,0,4,7,False,210,0,66,66,0.33,0
6464,0,1,0,0,0,False,0,0,0,0,0.0,0
6465,0,1,0,4,8,False,168,7,149,1941,9.705,0
6466,0,1,10,6,4,False,7,9,0,2304,11.52,2052
6467,0,1,0,4,7,False,173,0,70,70,0.35,0
6468,0,1,14,3,1,False,154,4,0,1024,5.12,0
6469,0,1,0,4,7,False,70,0,70,70,0.35,0
6470,0,1,1,0,0,False,0,0,0,0,0.0,0
6471,0,1,0,4,8,False,117,11,8,2824,14.12,0
6472,0,1,15,1,0,False,0,0,0,0,0.0,0
6473,0,1,0,4,8,False,11,0,69,69,0.345,0
6474,0,1,21,6,4,False,9,9,1,2305,11.525,1183
6475,0,1,0,4,9,False,135,12,200,3272,16.36,0
6476,0,1,1,2,56,True,12,0,0,0,0.0,0
6477,0,1,0,4,7,False,240,0,94,94,0.47,0
6478,0,1,5,0,0,False,0,0,0,0,0.0,0
6479,0,1,0,7,48,True,0,14,4,3588,17.94,23303
6480,0,1,0,4,10,False,135,0,83,83,0.415,0
6481,0,1,0,2,4,False,8,0,0,0,0.0,0
6482,0,1,0,4,15,False,4,5,92,1372,6.86,0
6483,0,1,0,5,6,False,250,4,7,1031,5.155,116
6484,0,1,0,0,0,False,0,0,0,0,0.0,0
6485,0,1,0,0,0,False,0,0,0,0,0.0,0
6486,0,1,30,1,0,False,0,0,0,0,0.0,0
6487,0,1,0,4,4,False,8,1,5,261,1.305,0
6488,0,1,9,2,4,False,6,0,0,0,0.0,0
6489,0,1,0,0,0,False,0,0,0,0,0.0,0
6490,0,1,0,0,0,False,0,0,0,0,0.0,0
6491,0,1,0,4,8,False,9,6,64,1600,8.0,0
6492,0,1,0,4,5,False,90,3,84,852,4.26,0
6493,0,1,0,4,8,False,89,0,128,128,0.64,0
6494,0,1,0,5,48,False,0,15,4,3844,19.22,5
6495,0,1,0,4,8,False,28,0,222,222,1.11,0
6496,0,1,28,6,0,False,244,4,6,1030,5.15,1653
6497,0,1,0,4,8,False,110,0,147,147,0.735,0
6498,0,1,16,5,4,False,7,0,1,1,0.005,70
6499,0,1,0,4,8,False,25,2,85,597,2.985,0
6500,0,1,0,4,9,False,189,14,143,3727,18.635,0
6501,0,1,0,4,8,False,169,2,143,655,3.275,0
6502,0,1,0,4,9,False,41,2,81,593,2.965,0
6503,0,1,0,4,8,False,243,1,99,355,1.775,0
6504,0,1,0,4,9,False,169,1,156,412,2.06,0
6505,0,1,0,4,9,False,124,8,170,2218,11.09,0
6506,0,1,0,4,9,False,28,0,234,234,1.17,0
6507,0,1,0,4,8,False,242,1,127,383,1.915,0
6508,0,1,0,4,9,False,112,0,72,72,0.36,0
6509,0,1,0,4,8,False,141,0,99,99,0.495,0
6510,0,1,0,4,5,False,221,0,80,80,0.4,0
6511,0,1,0,4,8,False,237,2,130,642,3.21,0
6512,0,1,1,0,0,False,0,0,0,0,0.0,0
6513,0,1,0,4,7,False,103,0,120,120,0.6,0
6514,0,1,5,1,1,False,0,0,0,0,0.0,0
6515,0,1,0,4,7,False,157,0,51,51,0.255,0
6516,0,1,0,4,9,False,179,3,81,849,4.245,0
6517,0,1,0,4,8,False,197,3,209,977,4.885,0
6518,0,1,27,0,0,False,0,0,0,0,0.0,0
6519,0,1,0,4,7,False,114,1,26,282,1.41,0
6520,0,1,0,4,4,False,10,14,1,3585,17.925,0
6521,0,1,0,4,7,False,162,0,57,57,0.285,0
6522,0,1,0,4,5,False,70,0,203,203,1.015,0
6523,0,1,0,4,8,False,217,5,140,1420,7.1,0
6524,0,1,1,1,4,False,0,0,0,0,0.0,0
6525,0,1,0,4,7,False,85,0,78,78,0.39,0
6526,0,1,0,4,10,False,17,4,190,1214,6.07,0
6527,0,1,0,4,7,False,241,0,59,59,0.295,0
6528,0,1,0,6,0,False,4,5,85,1365,6.825,0
6529,0,1,0,4,7,False,117,0,64,64,0.32,0
6530,0,1,29,6,4,False,5,9,0,2304,11.52,1207
6531,0,1,0,4,8,False,193,9,79,2383,11.915,0
6532,0,1,1,2,48,True,2,0,0,0,0.0,0
6533,0,1,0,4,8,False,165,1,136,392,1.96,0
6534,0,1,18,0,0,False,0,0,0,0,0.0,0
6535,0,1,0,4,8,False,233,0,164,164,0.82,0
6536,0,1,0,4,5,False,247,0,231,231,1.155,0
6537,0,1,0,4,9,False,105,8,127,2175,10.875,0
6538,0,1,0,4,9,False,175,4,76,1100,5.5,0
6539,0,1,0,4,9,False,207,3,114,882,4.41,0
6540,0,1,0,4,9,False,233,0,115,115,0.575,0
6541,0,1,0,4,7,False,207,0,57,57,0.285,0
6542,0,1,0,4,9,False,206,0,193,193,0.965,0
6543,0,1,0,4,8,False,169,2,155,667,3.335,0
6544,0,1,0,4,7,False,207,0,58,58,0.29,0
6545,0,1,0,4,7,False,25,0,167,167,0.835,0
6546,0,1,0,4,9,False,182,3,50,818,4.09,0
6547,0,1,0,4,8,False,167,5,43,1323,6.615,0
6548,0,1,0,4,5,False,21,1,244,500,2.5,0
6549,0,1,0,4,8,False,48,1,164,420,2.1,0
6550,0,1,0,4,6,False,227,0,218,218,1.09,0
6551,0,1,0,4,8,False,83,0,223,223,1.115,0
6552,0,1,0,4,7,False,20,1,47,303,1.515,0
6553,0,1,0,4,7,False,9,0,238,238,1.19,0
6554,0,1,0,4,9,False,83,8,222,2270,11.35,0
6555,0,1,0,4,7,False,103,0,67,67,0.335,0
6556,0,1,0,4,5,False,9,0,177,177,0.885,0
6557,0,1,0,4,8,False,1,5,15,1295,6.475,0
6558,0,1,0,4,6,False,9,0,90,90,0.45,0
6559,0,1,0,4,8,False,88,2,114,626,3.13,0
6560,0,1,0,4,7,False,9,0,242,242,1.21,0
6561,0,1,0,4,8,False,166,0,253,253,1.265,0
6562,0,1,0,4,8,False,9,0,97,97,0.485,0
6563,0,1,0,4,8,False,106,1,0,256,1.28,0
6564,0,1,0,4,9,False,166,7,65,1857,9.285,0
6565,0,1,0,4,8,False,193,0,174,174,0.87,0
6566,0,1,0,4,9,False,106,0,168,168,0.84,0
6567,0,1,0,4,8,False,70,0,216,216,1.08,0
6568,0,1,0,4,9,False,114,0,66,66,0.33,0
6569,0,1,0,4,7,False,123,0,95,95,0.475,0
6570,0,1,0,4,9,False,77,0,228,228,1.14,0
6571,0,1,0,4,8,False,37,2,50,562,2.81,0
6572,0,1,0,4,5,False,123,0,103,103,0.515,0
6573,0,1,0,4,8,False,144,1,134,390,1.95,0
6574,0,1,0,4,6,False,123,0,97,97,0.485,0
6575,0,1,0,4,8,False,192,0,97,97,0.485,0
6576,0,1,0,4,7,False,119,0,139,139,0.695,0
6577,0,1,0,4,8,False,85,0,78,78,0.39,0
6578,0,1,0,4,9,False,144,3,138,906,4.53,0
6579,0,1,0,4,8,False,229,0,233,233,1.165,0
6580,0,1,0,4,10,False,192,12,77,3149,15.745,0
6581,0,1,0,4,8,False,73,1,83,339,1.695,0
6582,0,1,0,4,9,False,236,0,100,100,0.5,0
6583,0,1,0,4,7,False,244,1,25,281,1.405,0
6584,0,1,0,4,9,False,69,1,72,328,1.64,0
6585,0,1,0,4,8,False,110,5,71,1351,6.755,0
6586,0,1,0,4,5,False,244,1,98,354,1.77,0
6587,0,1,0,4,9,False,233,0,8,8,0.04,0
6588,0,1,0,4,6,False,228,0,214,214,1.07,0
6589,0,1,0,4,8,False,83,1,107,363,1.815,0
6590,0,1,0,4,7,False,244,1,41,297,1.485,0
6591,0,1,0,4,7,False,84,0,32,32,0.16,0
6592,0,1,0,4,8,False,229,0,185,185,0.925,0
6593,0,1,0,4,7,False,222,0,74,74,0.37,0
6594,0,1,0,4,9,False,222,9,16,2320,11.6,0
6595,0,1,0,4,8,False,147,7,102,1894,9.47,0
6596,0,1,0,7,10,False,211,4,5,1029,5.145,459998
6597,0,1,0,4,8,False,49,1,78,334,1.67,0
6598,0,1,27,1,0,False,0,0,0,0,0.0,0
6599,0,1,0,4,8,False,180,0,251,251,1.255,0
6600,0,1,10,2,7,False,1,0,0,0,0.0,0
6601,0,1,0,4,8,False,236,0,213,213,1.065,0
6602,0,1,15,3,4,False,9,14,0,3584,17.92,0
6603,0,1,0,4,8,False,83,0,214,214,1.07,0
6604,0,1,0,0,0,False,0,0,0,0,0.0,0
6605,0,1,0,4,8,False,209,0,245,245,1.225,0
6606,0,1,25,6,4,False,8,5,3,1283,6.415,1264
6607,0,1,0,4,8,False,25,1,245,501,2.505,0
6608,0,1,1,1,1,True,0,0,0,0,0.0,0
6609,0,1,0,4,7,False,130,0,70,70,0.35,0
6610,0,1,0,0,0,False,0,0,0,0,0.0,0
6611,0,1,0,4,8,False,27,4,149,1173,5.865,0
6612,0,1,31,1,4,False,0,0,0,0,0.0,0
6613,0,1,0,4,7,False,45,0,58,58,0.29,0
6614,0,1,1,0,0,False,0,0,0,0,0.0,0
6615,0,1,0,4,8,False,202,7,179,1971,9.855,0
6616,0,1,30,4,1,False,134,4,9,1033,5.165,0
6617,0,1,0,4,8,False,23,0,251,251,1.255,0
6618,0,1,6,7,6,False,0,4,9,1033,5.165,3539341
6619,0,1,0,4,7,False,75,0,205,205,1.025,0
6620,0,1,0,4,9,False,231,0,97,97,0.485,0
6621,0,1,0,4,8,False,48,1,177,433,2.165,0
6622,0,1,0,4,9,False,118,1,219,475,2.375,0
6623,0,1,0,4,8,False,156,4,116,1140,5.7,0
6624,0,1,0,4,10,False,49,13,57,3385,16.925,0
6625,0,1,0,4,9,False,68,11,24,2840,14.2,0
6626,0,1,0,4,5,False,117,0,74,74,0.37,0
6627,0,1,0,4,8,False,64,1,81,337,1.685,0
6628,0,1,0,4,9,False,64,3,24,792,3.96,0
6629,0,1,0,4,8,False,53,0,104,104,0.52,0
6630,0,1,0,4,53,True,76,1,48,304,1.52,0
6631,0,1,0,4,8,False,146,1,15,271,1.355,0
6632,0,1,0,6,4,False,231,8,4,2052,10.26,2571
6633,0,1,0,4,8,False,42,2,186,698,3.49,0
6634,0,1,26,4,8,False,225,12,109,3181,15.905,0
6635,0,1,0,4,8,False,116,0,78,78,0.39,0
6636,0,1,1,3,2,False,175,11,0,2816,14.08,0
6637,0,1,0,4,7,False,3,0,196,196,0.98,0
6638,0,1,17,7,0,False,146,4,7,1031,5.155,14027015
6639,0,1,0,4,8,False,137,2,178,690,3.45,0
6640,0,1,0,4,11,False,116,7,69,1861,9.305,0
6641,0,1,0,4,7,False,243,0,83,83,0.415,0
6642,0,1,0,4,12,False,202,3,83,851,4.255,0
6643,0,1,0,4,8,False,130,5,60,1340,6.7,0
6644,0,1,0,4,9,False,5,0,199,199,0.995,0
6645,0,1,0,4,7,False,9,1,252,508,2.54,0
6646,0,1,0,4,10,False,131,3,93,861,4.305,0
6647,0,1,0,4,7,False,60,0,62,62,0.31,0
6648,0,1,0,4,9,False,243,0,115,115,0.575,0
6649,0,1,0,4,8,False,215,7,97,1889,9.445,0
6650,0,1,0,4,6,False,175,1,24,280,1.4,0
6651,0,1,0,4,7,False,119,0,129,129,0.645,0
6652,0,1,0,4,9,False,174,1,154,410,2.05,0
6653,0,1,0,4,8,False,107,4,173,1197,5.985,0
6654,0,1,0,4,10,False,158,7,210,2002,10.01,0
6655,0,1,0,4,7,False,241,0,82,82,0.41,0
6656,0,1,0,4,10,False,49,1,131,387,1.935,0
6657,0,1,0,4,8,False,210,4,29,1053,5.265,0
6658,0,1,0,4,6,False,56,0,201,201,1.005,0
6659,0,1,0,4,7,False,210,0,51,51,0.255,0
6660,0,1,0,4,9,False,56,0,187,187,0.935,0
6661,0,1,0,4,8,False,166,2,100,612,3.06,0
6662,0,1,0,4,10,False,115,5,31,1311,6.555,0
6663,0,1,0,4,7,False,209,1,108,364,1.82,0
6664,0,1,0,4,10,False,210,0,190,190,0.95,0
6665,0,1,0,4,8,False,133,6,174,1710,8.55,0
6666,0,1,0,4,11,False,130,10,247,2807,14.035,0
6667,0,1,0,4,7,False,186,0,73,73,0.365,0
6668,0,1,0,4,9,False,209,1,134,390,1.95,0
6669,0,1,0,4,7,False,156,0,9,9,0.045,0
6670,0,1,0,4,9,False,209,1,144,400,2.0,0
6671,0,1,0,4,8,False,11,4,237,1261,6.305,0
6672,0,1,0,4,10,False,202,5,249,1529,7.645,0
6673,0,1,0,4,7,False,111,0,64,64,0.32,0
6674,0,1,0,4,10,False,26,1,67,323,1.615,0
6675,0,1,0,4,8,False,0,4,93,1117,5.585,0
6676,0,1,0,4,10,False,153,1,160,416,2.08,0
6677,0,1,0,4,7,False,106,0,124,124,0.62,0
6678,0,1,0,4,10,False,42,0,117,117,0.585,0
6679,0,1,0,4,8,False,164,7,51,1843,9.215,0
6680,0,1,0,4,9,False,112,0,98,98,0.49,0
6681,0,1,0,4,8,False,62,1,169,425,2.125,0
6682,0,1,0,4,10,False,17,3,50,818,4.09,0
6683,0,1,0,4,7,False,132,0,57,57,0.285,0
6684,0,1,0,4,10,False,100,1,48,304,1.52,0
6685,0,1,0,4,8,False,97,3,202,970,4.85,0
6686,0,1,0,4,11,False,235,2,207,719,3.595,0
6687,0,1,0,4,8,False,210,2,138,650,3.25,0
6688,0,1,0,4,11,False,120,1,171,427,2.135,0
6689,0,1,0,4,8,False,81,1,131,387,1.935,0
6690,0,1,0,4,10,False,173,1,227,483,2.415,0
6691,0,1,0,4,7,False,174,0,72,72,0.36,0
6692,0,1,0,4,13,True,0,12,4,3076,15.38,0
6693,0,1,0,4,8,False,79,5,166,1446,7.23,0
6694,0,1,1,1,19,True,0,0,0,0,0.0,0
6695,0,1,0,4,8,False,140,7,115,1907,9.535,0
6696,0,1,0,2,47,True,4,0,0,0,0.0,0
6697,0,1,0,0,0,False,0,0,0,0,0.0,0
6698,0,1,1,1,13,False,0,0,0,0,0.0,0
6699,0,1,0,4,7,False,115,4,7,1031,5.155,0
6700,0,1,0,1,30,True,0,0,0,0,0.0,0
6701,0,1,0,3,1,False,33,4,0,1024,5.12,0
6702,0,1,0,4,10,False,1,1,4,260,1.3,0
6703,0,1,0,0,0,False,0,0,0,0,0.0,0
6704,0,1,1,2,5,False,35,0,0,0,0.0,0
6705,0,1,0,7,5,False,158,4,8,1032,5.16,787136
6706,0,1,0,1,15,False,0,0,0,0,0.0,0
6707,0,1,0,4,8,False,217,3,242,1010,5.05,0
6708,0,1,0,4,23,True,0,3,0,768,3.84,0
6709,0,1,0,4,8,False,133,2,52,564,2.82,0
6710,0,1,27,0,0,False,0,0,0,0,0.0,0
6711,0,1,0,4,8,False,2,2,73,585,2.925,0
6712,0,1,0,4,9,False,30,1,138,394,1.97,0
6713,0,1,0,4,8,False,81,2,6,518,2.59,0
6714,0,1,0,4,9,False,224,12,248,3320,16.6,0
6715,0,1,0,4,8,False,187,3,123,891,4.455,0
6716,0,1,0,4,9,False,81,15,196,4036,20.18,0
6717,0,1,0,4,8,False,27,0,250,250,1.25,0
6718,0,1,0,4,9,False,124,1,27,283,1.415,0
6719,0,1,0,4,7,False,93,0,41,41,0.205,0
6720,0,1,0,4,9,False,41,0,241,241,1.205,0
6721,0,1,0,4,8,False,86,3,54,822,4.11,0
6722,0,1,0,4,9,False,154,3,141,909,4.545,0
6723,0,1,0,4,9,False,105,6,154,1690,8.45,0
6724,0,1,0,4,10,False,154,10,153,2713,13.565,0
6725,0,1,0,4,7,False,110,0,67,67,0.335,0
6726,0,1,0,4,11,False,110,13,24,3352,16.76,0
6727,0,1,0,4,8,False,20,5,61,1341,6.705,0
6728,0,1,0,4,5,False,178,0,30,30,0.15,0
6729,0,1,0,4,7,False,170,1,24,280,1.4,0
6730,0,1,0,2,0,False,123,0,0,0,0.0,0
6731,0,1,0,4,8,False,56,5,98,1378,6.89,0
6732,0,1,8,5,7,False,187,0,1,1,0.005,226
6733,0,1,0,4,9,False,200,8,168,2216,11.08,0
6734,0,1,20,5,1,False,82,8,4,2052,10.26,7
6735,0,1,0,4,7,False,79,0,70,70,0.35,0
6736,0,1,15,2,4,False,9,0,0,0,0.0,0
6737,0,1,0,4,7,False,79,1,25,281,1.405,0
6738,0,1,7,1,10,False,0,0,0,0,0.0,0
6739,0,1,0,4,7,False,250,0,64,64,0.32,0
6740,0,1,29,2,54,True,4,0,0,0,0.0,0
6741,0,1,0,4,8,False,165,8,34,2082,10.41,0
6742,0,1,0,2,16,False,0,0,0,0,0.0,0
6743,0,1,0,4,7,False,203,0,90,90,0.45,0
6744,0,1,0,4,35,True,80,2,195,707,3.535,0
6745,0,1,0,4,8,False,133,1,224,480,2.4,0
6746,0,1,0,1,42,False,0,0,0,0,0.0,0
6747,0,1,0,4,7,False,79,0,251,251,1.255,0
6748,0,1,0,4,10,False,4,7,122,1914,9.57,0
6749,0,1,0,4,8,False,115,4,252,1276,6.38,0
6750,0,1,0,4,58,True,10,15,93,3933,19.665,0
6751,0,1,0,4,8,False,21,2,83,595,2.975,0
6752,0,1,0,4,5,False,80,0,174,174,0.87,0
6753,0,1,0,4,8,False,147,1,192,448,2.24,0
6754,0,1,0,4,7,False,79,0,106,106,0.53,0
6755,0,1,0,4,7,False,233,0,75,75,0.375,0
6756,0,1,0,4,5,False,65,0,56,56,0.28,0
6757,0,1,0,4,7,False,115,0,85,85,0.425,0
6758,0,1,0,4,5,False,233,0,71,71,0.355,0
6759,0,1,0,4,8,False,242,6,217,1753,8.765,0
6760,0,1,0,4,7,False,116,0,146,146,0.73,0
6761,0,1,0,4,7,False,46,1,13,269,1.345,0
6762,0,1,0,4,9,False,7,15,151,3991,19.955,0
6763,0,1,0,4,8,False,248,2,181,693,3.465,0
6764,0,1,29,2,0,False,61,0,0,0,0.0,0
6765,0,1,0,4,7,False,87,0,225,225,1.125,0
6766,0,1,0,4,9,False,220,4,9,1033,5.165,0
6767,0,1,0,4,8,False,206,4,98,1122,5.61,0
6768,0,1,1,5,4,False,8,4,5,1029,5.145,99
6769,0,1,0,4,7,False,50,0,206,206,1.03,0
6770,0,1,0,4,4,False,6,8,0,2048,10.24,0
6771,0,1,0,4,7,False,93,0,72,72,0.36,0
6772,0,1,21,3,8,False,4,5,0,1280,6.4,0
6773,0,1,0,4,7,False,248,1,45,301,1.505,0
6774,0,1,6,2,0,False,0,0,0,0,0.0,0
6775,0,1,0,4,8,False,113,10,99,2659,13.295,0
6776,0,1,25,1,4,False,0,0,0,0,0.0,0
6777,0,1,0,4,8,False,233,1,3,259,1.295,0
6778,0,1,0,5,4,False,9,8,4,2052,10.26,9
6779,0,1,0,4,8,False,52,0,87,87,0.435,0
6780,0,1,0,4,5,False,4,9,229,2533,12.665,0
6781,0,1,0,4,7,False,112,0,48,48,0.24,0
6782,0,1,0,0,0,False,0,0,0,0,0.0,0
6783,0,1,0,4,8,False,68,2,232,744,3.72,0
6784,0,1,1,1,48,False,0,0,0,0,0.0,0
6785,0,1,0,4,8,False,135,5,141,1421,7.105,0
6786,0,1,0,0,0,False,0,0,0,0,0.0,0
6787,0,1,0,4,8,False,196,0,211,211,1.055,0
6788,0,1,24,7,4,False,9,3,0,768,3.84,591001
6789,0,1,0,4,8,False,37,0,142,142,0.71,0
6790,0,1,13,3,4,False,195,9,0,2304,11.52,0
6791,0,1,0,4,7,False,136,0,72,72,0.36,0
6792,0,1,28,7,4,False,241,4,9,1033,5.165,66142
6793,0,1,0,4,8,False,39,4,223,1247,6.235,0
6794,0,1,0,4,6,False,136,0,204,204,1.02,0
6795,0,1,0,4,8,False,200,1,220,476,2.38,0
6796,0,1,28,6,9,False,4,9,35,2339,11.695,2561
6797,0,1,0,4,8,False,50,1,107,363,1.815,0
6798,0,1,16,7,4,False,7,4,9,1033,5.165,9569238
6799,0,1,0,4,8,False,120,2,196,708,3.54,0
6800,0,1,0,4,5,False,53,0,220,220,1.1,0
6801,0,1,0,4,7,False,39,0,114,114,0.57,0
6802,0,1,7,0,0,False,0,0,0,0,0.0,0
6803,0,1,0,4,7,False,153,0,11,11,0.055,0
6804,0,1,17,0,0,False,0,0,0,0,0.0,0
6805,0,1,0,4,8,False,34,5,164,1444,7.22,0
6806,0,1,0,4,7,False,58,0,8,8,0.04,0
6807,0,1,0,4,7,False,56,0,170,170,0.85,0
6808,0,1,0,1,54,False,0,0,0,0,0.0,0
6809,0,1,0,4,8,False,167,7,241,2033,10.165,0
6810,0,1,6,5,1,False,4,10,0,2560,12.8,74
6811,0,1,0,4,8,False,39,0,173,173,0.865,0
6812,0,1,19,2,4,False,6,0,0,0,0.0,0
6813,0,1,0,4,8,False,108,1,174,430,2.15,0
6814,0,1,5,1,0,False,0,0,0,0,0.0,0
6815,0,1,0,4,9,False,166,1,105,361,1.805,0
6816,0,1,9,0,0,False,0,0,0,0,0.0,0
6817,0,1,0,4,8,False,56,0,206,206,1.03,0
6818,0,1,8,6,61,False,4,9,104,2408,12.04,1034
6819,0,1,0,4,9,False,155,2,175,687,3.435,0
6820,0,1,1,3,4,False,10,4,0,1024,5.12,0
6821,0,1,0,4,7,False,220,0,65,65,0.325,0
6822,0,1,1,1,52,False,0,0,0,0,0.0,0
6823,0,1,0,4,8,False,138,5,9,1289,6.445,0
6824,0,1,17,5,4,False,6,2,240,752,3.76,2
6825,0,1,0,4,8,False,246,1,65,321,1.605,0
6826,0,1,1,3,4,False,9,6,0,1536,7.68,0
6827,0,1,0,4,7,False,90,0,141,141,0.705,0
6828,0,1,0,0,0,False,0,0,0,0,0.0,0
6829,0,1,0,4,8,False,214,3,251,1019,5.095,0
6830,0,1,19,4,1,False,125,1,67,323,1.615,0
6831,0,1,0,4,7,False,244,0,88,88,0.44,0
6832,0,1,0,4,5,False,96,0,253,253,1.265,0
6833,0,1,0,4,8,False,185,3,250,1018,5.09,0
6834,0,1,0,4,6,False,90,1,102,358,1.79,0
6835,0,1,0,4,8,False,84,5,118,1398,6.99,0
6836,0,1,0,4,7,False,123,1,10,266,1.33,0
6837,0,1,0,4,7,False,170,0,57,57,0.285,0
6838,0,1,0,4,8,False,101,0,119,119,0.595,0
6839,0,1,0,4,8,False,60,3,86,854,4.27,0
6840,0,1,0,4,5,False,170,0,63,63,0.315,0
6841,0,1,0,4,7,False,137,0,58,58,0.29,0
6842,0,1,0,4,7,False,170,0,71,71,0.355,0
6843,0,1,0,4,7,False,233,0,142,142,0.71,0
6844,0,1,0,4,5,False,143,1,2,258,1.29,0
6845,0,1,0,4,8,False,162,5,217,1497,7.485,0
6846,0,1,0,4,5,False,233,0,134,134,0.67,0
6847,0,1,0,4,7,False,14,0,68,68,0.34,0
6848,0,1,0,4,7,False,228,1,40,296,1.48,0
6849,0,1,0,4,8,False,131,3,249,1017,5.085,0
6850,0,1,0,4,9,False,24,6,107,1643,8.215,0
6851,0,1,0,4,7,False,226,0,109,109,0.545,0
6852,0,1,0,4,9,False,128,1,77,333,1.665,0
6853,0,1,0,4,8,False,126,5,159,1439,7.195,0
6854,0,1,0,4,5,False,226,0,87,87,0.435,0
6855,0,1,0,4,8,False,222,1,78,334,1.67,0
6856,0,1,0,4,7,False,190,0,66,66,0.33,0
6857,0,1,0,4,8,False,83,0,70,70,0.35,0
6858,0,1,0,4,9,False,163,5,136,1416,7.08,0
6859,0,1,0,4,8,False,193,2,80,592,2.96,0
6860,0,1,0,4,9,False,83,0,173,173,0.865,0
6861,0,1,0,4,8,False,55,1,58,314,1.57,0
6862,0,1,0,4,7,False,152,0,58,58,0.29,0
6863,0,1,0,4,8,False,144,1,133,389,1.945,0
6864,0,1,0,4,9,False,65,3,177,945,4.725,0
6865,0,1,0,4,7,False,11,0,246,246,1.23,0
6866,0,1,0,4,9,False,139,0,181,181,0.905,0
6867,0,1,0,4,8,False,156,4,165,1189,5.945,0
6868,0,1,0,4,7,False,12,0,62,62,0.31,0
6869,0,1,0,4,8,False,20,1,218,474,2.37,0
6870,0,1,0,4,9,False,163,4,26,1050,5.25,0
6871,0,1,0,4,8,False,102,2,252,764,3.82,0
6872,0,1,0,4,9,False,20,1,53,309,1.545,0
6873,0,1,0,4,8,False,133,0,126,126,0.63,0
6874,0,1,0,4,9,False,103,0,246,246,1.23,0
6875,0,1,0,4,8,False,63,1,163,419,2.095,0
6876,0,1,0,4,9,False,192,0,191,191,0.955,0
6877,0,1,0,4,8,False,248,1,135,391,1.955,0
6878,0,1,0,4,9,False,11,0,181,181,0.905,0
6879,0,1,0,4,7,False,69,0,101,101,0.505,0
6880,0,1,0,4,9,False,208,0,81,81,0.405,0
6881,0,1,0,4,8,False,235,4,127,1151,5.755,0
6882,0,1,0,4,7,False,69,0,55,55,0.275,0
6883,0,1,0,4,8,False,56,2,150,662,3.31,0
6884,0,1,0,4,9,False,154,4,61,1085,5.425,0
6885,0,1,0,4,7,False,185,0,246,246,1.23,0
6886,0,1,0,4,5,False,69,0,185,185,0.925,0
6887,0,1,0,4,7,False,191,0,61,61,0.305,0
6888,0,1,0,4,5,False,133,0,176,176,0.88,0
6889,0,1,0,4,8,False,104,6,180,1716,8.58,0
6890,0,1,0,4,7,False,191,0,201,201,1.005,0
6891,0,1,0,4,7,False,200,0,65,65,0.325,0
6892,0,1,0,4,9,False,100,6,177,1713,8.565,0
6893,0,1,0,4,8,False,147,2,145,657,3.285,0
6894,0,1,0,4,9,False,196,1,88,344,1.72,0
6895,0,1,0,4,8,False,221,4,2,1026,5.13,0
6896,0,1,0,4,10,False,148,5,190,1470,7.35,0
6897,0,1,0,4,8,False,106,2,205,717,3.585,0
6898,0,1,0,4,9,False,222,1,65,321,1.605,0
6899,0,1,0,4,8,False,227,0,154,154,0.77,0
6900,0,1,0,4,5,False,87,0,116,116,0.58,0
6901,0,1,0,4,8,False,99,1,129,385,1.925,0
6902,0,1,0,4,9,False,227,4,75,1099,5.495,0
6903,0,1,0,4,7,False,136,0,52,52,0.26,0
6904,0,1,0,4,9,False,98,2,12,524,2.62,0
6905,0,1,0,4,8,False,59,4,82,1106,5.53,0
6906,0,1,0,4,9,False,206,7,249,2041,10.205,0
6907,0,1,0,4,7,False,141,0,71,71,0.355,0
6908,0,1,0,4,9,False,73,1,107,363,1.815,0
6909,0,1,0,4,8,False,28,3,108,876,4.38,0
6910,0,1,0,4,6,False,142,0,58,58,0.29,0
6911,0,1,0,4,8,False,172,2,124,636,3.18,0
6912,0,1,0,4,9,False,28,4,252,1276,6.38,0
6913,0,1,0,4,8,False,16,0,143,143,0.715,0
6914,0,1,0,4,9,False,154,2,78,590,2.95,0
6915,0,1,0,4,8,False,163,1,230,486,2.43,0
6916,0,1,0,4,9,False,26,2,53,565,2.825,0
6917,0,1,0,4,8,False,43,1,113,369,1.845,0
6918,0,1,0,4,9,False,164,1,125,381,1.905,0
6919,0,1,0,4,8,False,219,3,10,778,3.89,0
6920,0,1,0,4,9,False,38,1,48,304,1.52,0
6921,0,1,0,4,8,False,106,4,91,1115,5.575,0
6922,0,1,0,4,9,False,162,0,243,243,1.215,0
6923,0,1,0,4,8,False,18,2,11,523,2.615,0
6924,0,1,0,4,9,False,251,0,157,157,0.785,0
6925,0,1,0,4,8,False,115,1,186,442,2.21,0
6926,0,1,0,4,9,False,14,1,86,342,1.71,0
6927,0,1,0,4,7,False,121,0,96,96,0.48,0
6928,0,1,0,4,9,False,121,1,191,447,2.235,0
6929,0,1,0,4,7,False,255,0,194,194,0.97,0
6930,0,1,0,4,5,False,122,0,59,59,0.295,0
6931,0,1,0,4,8,False,143,2,70,582,2.91,0
6932,0,1,0,4,7,False,255,0,143,143,0.715,0
6933,0,1,0,4,8,False,109,0,226,226,1.13,0
6934,0,1,0,4,9,False,164,2,252,764,3.82,0
6935,0,1,0,4,8,False,209,1,204,460,2.3,0
6936,0,1,0,4,9,False,105,0,164,164,0.82,0
6937,0,1,0,4,8,False,24,1,214,470,2.35,0
6938,0,1,0,4,9,False,232,2,53,565,2.825,0
6939,0,1,0,4,7,False,148,0,71,71,0.355,0
6940,0,1,0,4,9,False,24,1,147,403,2.015,0
6941,0,1,0,4,7,False,51,0,64,64,0.32,0
6942,0,1,0,4,5,False,148,0,66,66,0.33,0
6943,0,1,0,4,8,False,171,4,174,1198,5.99,0
6944,0,1,0,4,9,False,71,3,83,851,4.255,0
6945,0,1,0,4,8,False,45,2,215,727,3.635,0
6946,0,1,0,4,9,False,177,1,65,321,1.605,0
6947,0,1,0,4,8,False,76,1,45,301,1.505,0
6948,0,1,1,3,45,False,3,3,0,768,3.84,0
6949,0,1,0,4,8,False,241,0,146,146,0.73,0
6950,0,1,0,4,7,False,86,4,137,1161,5.805,0
6951,0,1,0,4,7,False,93,0,70,70,0.35,0
6952,0,1,6,3,42,True,2,1,0,256,1.28,0
6953,0,1,0,4,7,False,199,0,85,85,0.425,0
6954,0,1,0,4,10,False,93,0,86,86,0.43,0
6955,0,1,0,4,7,False,11,0,99,99,0.495,0
6956,0,1,5,6,4,False,4,7,93,1885,9.425,1280
6957,0,1,0,4,7,False,145,0,77,77,0.385,0
6958,0,1,1,3,0,False,107,14,0,3584,17.92,0
6959,0,1,0,4,7,False,116,0,115,115,0.575,0
6960,0,1,0,4,9,False,7,1,0,256,1.28,0
6961,0,1,0,4,8,False,250,13,132,3460,17.3,0
6962,0,1,28,1,53,False,0,0,0,0,0.0,0
6963,0,1,0,4,8,False,94,0,153,153,0.765,0
6964,0,1,0,0,0,False,0,0,0,0,0.0,0
6965,0,1,0,4,8,False,208,0,135,135,0.675,0
6966,0,1,13,2,61,True,4,0,0,0,0.0,0
6967,0,1,0,4,9,False,10,9,3,2307,11.535,0
6968,0,1,0,7,53,False,0,3,4,772,3.86,56074
6969,0,1,0,4,8,False,90,1,168,424,2.12,0
6970,0,1,17,7,4,False,11,13,4,3332,16.66,656529
6971,0,1,0,4,7,False,186,0,64,64,0.32,0
6972,0,1,27,3,0,False,64,4,0,1024,5.12,0
6973,0,1,0,4,7,False,143,0,70,70,0.35,0
6974,0,1,0,5,4,True,2,4,4,1028,5.14,9
6975,0,1,0,4,8,False,245,5,72,1352,6.76,0
6976,0,1,23,2,1,False,126,0,0,0,0.0,0
6977,0,1,0,4,8,False,104,1,17,273,1.365,0
6978,0,1,0,4,7,False,144,0,20,20,0.1,0
6979,0,1,0,4,9,False,248,2,59,571,2.855,0
6980,0,1,0,4,10,False,212,2,149,661,3.305,0
6981,0,1,0,4,8,False,137,2,87,599,2.995,0
6982,0,1,0,4,10,False,53,0,157,157,0.785,0
6983,0,1,0,4,8,False,221,1,4,260,1.3,0
6984,0,1,0,4,11,False,104,0,134,134,0.67,0
6985,0,1,0,4,9,False,76,8,94,2142,10.71,0
6986,0,1,0,4,11,False,61,1,188,444,2.22,0
6987,0,1,0,4,8,False,145,0,83,83,0.415,0
6988,0,1,0,4,10,False,89,0,221,221,1.105,0
6989,0,1,0,4,8,False,82,3,12,780,3.9,0
6990,0,1,0,4,11,False,222,7,38,1830,9.15,0
6991,0,1,0,4,8,False,237,0,248,248,1.24,0
6992,0,1,0,4,11,False,126,0,79,79,0.395,0
6993,0,1,0,4,8,False,43,2,75,587,2.935,0
6994,0,1,0,4,10,False,242,0,148,148,0.74,0
6995,0,1,0,4,7,False,134,0,69,69,0.345,0
6996,0,1,0,4,9,False,152,0,130,130,0.65,0
6997,0,1,0,4,7,False,6,0,143,143,0.715,0
6998,0,1,0,4,10,False,44,3,151,919,4.595,0
6999,0,1,0,4,8,False,134,3,141,909,4.545,0
7000,0,1,0,4,10,False,135,4,252,1276,6.38,0
7001,0,1,0,4,7,False,54,0,62,62,0.31,0
7002,0,1,0,4,9,False,7,1,6,262,1.31,0
7003,0,1,0,4,8,False,222,4,186,1210,6.05,0
7004,0,1,0,4,10,False,0,7,65,1857,9.285,0
7005,0,1,0,4,8,False,81,7,227,2019,10.095,0
7006,0,1,0,4,54,False,0,14,4,3588,17.94,0
7007,0,1,0,4,8,False,147,1,246,502,2.51,0
7008,0,1,0,5,31,True,1,10,4,2564,12.82,9
7009,0,1,0,4,8,False,244,1,212,468,2.34,0
7010,0,1,16,7,1,False,46,4,9,1033,5.165,14746591
7011,0,1,0,4,9,False,143,13,147,3475,17.375,0
7012,0,1,0,4,9,False,79,3,67,835,4.175,0
7013,0,1,0,4,8,False,21,1,164,420,2.1,0
7014,0,1,0,4,9,False,171,0,130,130,0.65,0
7015,0,1,0,4,7,False,148,1,17,273,1.365,0
7016,0,1,0,4,9,False,46,1,90,346,1.73,0
7017,0,1,0,4,8,False,255,4,117,1141,5.705,0
7018,0,1,0,4,5,False,148,0,189,189,0.945,0
7019,0,1,0,4,8,False,146,1,37,293,1.465,0
7020,0,1,0,4,6,False,62,0,74,74,0.37,0
7021,0,1,0,4,8,False,52,2,92,604,3.02,0
7022,0,1,0,4,7,False,148,1,14,270,1.35,0
7023,0,1,0,4,8,False,84,0,162,162,0.81,0
7024,0,1,0,4,9,False,243,9,88,2392,11.96,0
7025,0,1,0,4,8,False,13,1,241,497,2.485,0
7026,0,1,0,4,9,False,73,0,71,71,0.355,0
7027,0,1,0,4,8,False,168,1,103,359,1.795,0
7028,0,1,0,4,9,False,248,1,120,376,1.88,0
7029,0,1,0,4,8,False,82,1,117,373,1.865,0
7030,0,1,0,4,7,False,178,0,173,173,0.865,0
7031,0,1,0,4,8,False,177,0,250,250,1.25,0
7032,0,1,0,4,9,False,40,2,220,732,3.66,0
7033,0,1,0,4,8,False,48,2,131,643,3.215,0
7034,0,1,0,4,9,False,177,0,148,148,0.74,0
7035,0,1,0,4,7,False,93,0,60,60,0.3,0
7036,0,1,0,4,9,False,17,1,45,301,1.505,0
7037,0,1,0,4,8,False,197,2,112,624,3.12,0
7038,0,1,0,4,5,False,93,0,163,163,0.815,0
7039,0,1,0,4,7,False,74,0,74,74,0.37,0
7040,0,1,0,4,7,False,93,0,59,59,0.295,0
7041,0,1,0,4,8,False,22,3,77,845,4.225,0
7042,0,1,0,4,7,False,74,0,65,65,0.325,0
7043,0,1,0,4,8,False,144,0,251,251,1.255,0
7044,0,1,0,4,9,False,22,6,131,1667,8.335,0
7045,0,1,0,4,7,False,224,1,191,447,2.235,0
7046,0,1,0,4,9,False,144,1,131,387,1.935,0
7047,0,1,0,4,8,False,132,5,151,1431,7.155,0
7048,0,1,0,4,5,False,241,1,120,376,1.88,0
7049,0,1,0,4,8,False,239,1,122,378,1.89,0
7050,0,1,0,4,6,False,220,1,104,360,1.8,0
7051,0,1,0,4,8,False,122,2,50,562,2.81,0
7052,0,1,0,4,7,False,198,0,174,174,0.87,0
7053,0,1,0,4,8,False,208,1,139,395,1.975,0
7054,0,1,0,4,5,False,246,0,69,69,0.345,0
7055,0,1,0,4,8,False,54,0,135,135,0.675,0
7056,0,1,0,4,8,False,220,0,213,213,1.065,0
7057,0,1,0,4,8,False,216,1,131,387,1.935,0
7058,0,1,0,4,9,False,10,12,149,3221,16.105,0
7059,0,1,0,4,8,False,79,2,100,612,3.06,0
7060,0,1,0,4,9,False,99,0,110,110,0.55,0
7061,0,1,0,4,8,False,130,1,88,344,1.72,0
7062,0,1,23,1,42,True,0,0,0,0,0.0,0
7063,0,1,0,4,8,False,24,2,14,526,2.63,0
7064,0,1,0,4,48,True,4,10,83,2643,13.215,0
7065,0,1,0,4,8,False,62,0,107,107,0.535,0
7066,0,1,0,4,9,False,14,0,192,192,0.96,0
7067,0,1,0,4,7,False,180,0,52,52,0.26,0
7068,0,1,26,0,0,False,0,0,0,0,0.0,0
7069,0,1,0,4,8,False,103,2,96,608,3.04,0
7070,0,1,0,7,27,True,4,12,220,3292,16.46,12386749
7071,0,1,0,4,7,False,178,0,76,76,0.38,0
7072,0,1,3,4,8,False,4,9,0,2304,11.52,0
7073,0,1,0,4,8,False,76,6,36,1572,7.86,0
7074,0,1,0,1,4,False,0,0,0,0,0.0,0
7075,0,1,0,4,8,False,172,1,206,462,2.31,0
7076,0,1,0,5,63,True,0,5,47,1327,6.635,4
7077,0,1,0,4,8,False,221,0,159,159,0.795,0
7078,0,1,19,1,4,False,0,0,0,0,0.0,0
7079,0,1,0,4,8,False,80,0,190,190,0.95,0
7080,0,1,1,1,0,True,0,0,0,0,0.0,0
7081,0,1,0,4,8,False,219,0,35,35,0.175,0
7082,0,1,0,1,18,True,0,0,0,0,0.0,0
7083,0,1,0,4,9,False,22,6,39,1575,7.875,0
7084,0,1,8,0,0,False,0,0,0,0,0.0,0
7085,0,1,0,4,7,False,87,0,73,73,0.365,0
7086,0,1,1,2,0,False,206,0,0,0,0.0,0
7087,0,1,0,4,7,False,146,0,53,53,0.265,0
7088,0,1,0,4,9,False,10,10,81,2641,13.205,0
7089,0,1,0,4,8,False,60,4,90,1114,5.57,0
7090,0,1,0,2,4,False,5,0,0,0,0.0,0
7091,0,1,0,4,7,False,113,0,136,136,0.68,0
7092,0,1,19,3,1,False,46,4,0,1024,5.12,0
7093,0,1,0,4,8,False,203,2,180,692,3.46,0
7094,0,1,0,6,12,True,1,7,4,1796,8.98,1031
7095,0,1,0,4,7,False,26,0,63,63,0.315,0
7096,0,1,0,7,27,False,0,0,7,7,0.035,263406
7097,0,1,0,4,8,False,0,4,250,1274,6.37,0
7098,0,1,1,1,6,False,0,0,0,0,0.0,0
7099,0,1,0,4,8,False,134,1,155,411,2.055,0
7100,0,1,1,1,4,True,0,0,0,0,0.0,0
7101,0,1,0,4,9,False,217,13,73,3401,17.005,0
7102,0,1,1,0,0,False,0,0,0,0,0.0,0
7103,0,1,0,4,8,False,53,0,174,174,0.87,0
7104,0,1,0,4,4,False,9,1,4,260,1.3,0
7105,0,1,0,4,8,False,105,2,132,644,3.22,0
7106,0,1,21,2,0,False,160,0,0,0,0.0,0
7107,0,1,0,4,8,False,239,1,153,409,2.045,0
7108,0,1,0,4,10,False,1,2,53,565,2.825,0
7109,0,1,0,4,9,False,78,10,16,2576,12.88,0
7110,0,1,0,4,9,False,184,0,191,191,0.955,0
7111,0,1,0,4,8,False,205,1,76,332,1.66,0
7112,0,1,0,7,10,False,175,4,10,1034,5.17,590922
7113,0,1,0,4,8,False,217,0,89,89,0.445,0
7114,0,1,25,1,0,False,0,0,0,0,0.0,0
7115,0,1,0,4,7,False,250,0,169,169,0.845,0
7116,0,1,19,4,4,False,10,1,47,303,1.515,0
7117,0,1,0,4,8,False,186,4,207,1231,6.155,0
7118,0,1,0,4,10,False,4,4,4,1028,5.14,0
7119,0,1,0,4,8,False,21,0,127,127,0.635,0
7120,0,1,0,7,5,False,52,4,9,1033,5.165,291532
7121,0,1,0,4,8,False,245,1,96,352,1.76,0
7122,0,1,18,7,4,False,9,8,1,2049,10.245,65460
7123,0,1,0,4,8,False,143,2,43,555,2.775,0
7124,0,1,26,6,4,False,6,4,4,1028,5.14,619
7125,0,1,0,4,8,False,35,1,119,375,1.875,0
7126,0,1,0,4,10,False,4,9,143,2447,12.235,0
7127,0,1,0,4,8,False,170,1,188,444,2.22,0
7128,0,1,0,0,0,False,0,0,0,0,0.0,0
7129,0,1,0,4,8,False,30,0,231,231,1.155,0
7130,0,1,7,0,0,False,0,0,0,0,0.0,0
7131,0,1,0,4,9,False,131,4,91,1115,5.575,0
7132,0,1,1,2,27,False,4,0,0,0,0.0,0
7133,0,1,0,4,8,False,189,0,134,134,0.67,0
7134,0,1,0,5,4,False,1,4,9,1033,5.165,255
7135,0,1,0,4,7,False,233,0,158,158,0.79,0
7136,0,1,0,4,10,False,217,4,8,1032,5.16,0
7137,0,1,0,4,8,False,163,1,232,488,2.44,0
7138,0,1,0,4,10,False,217,1,134,390,1.95,0
7139,0,1,0,4,7,False,184,0,70,70,0.35,0
7140,0,1,0,4,2,False,217,1,7,263,1.315,0
7141,0,1,0,4,7,False,61,0,253,253,1.265,0
7142,0,1,26,6,10,False,6,4,4,1028,5.14,5
7143,0,1,0,4,7,False,162,0,61,61,0.305,0
7144,0,1,29,1,1,False,0,0,0,0,0.0,0
7145,0,1,0,4,8,False,92,7,107,1899,9.495,0
7146,0,1,6,7,48,True,4,6,4,1540,7.7,130313
7147,0,1,0,4,8,False,204,1,136,392,1.96,0
7148,0,1,23,0,0,False,0,0,0,0,0.0,0
7149,0,1,0,4,7,False,38,0,74,74,0.37,0
7150,0,1,0,4,9,False,177,12,86,3158,15.79,0
7151,0,1,0,4,8,False,204,4,183,1207,6.035,0
7152,0,1,31,4,22,False,135,1,4,260,1.3,0
7153,0,1,0,4,7,False,44,0,56,56,0.28,0
7154,0,1,1,3,7,False,44,0,0,0,0.0,0
7155,0,1,0,4,7,False,102,0,59,59,0.295,0
7156,0,1,16,0,0,False,0,0,0,0,0.0,0
7157,0,1,0,4,7,False,240,0,68,68,0.34,0
7158,0,1,0,4,33,True,2,4,7,1031,5.155,0
7159,0,1,0,4,8,False,84,11,147,2963,14.815,0
7160,0,1,0,4,4,False,205,4,63,1087,5.435,0
7161,0,1,0,4,8,False,208,1,227,483,2.415,0
7162,0,1,0,4,4,False,4,11,229,3045,15.225,0
7163,0,1,0,4,8,False,34,2,90,602,3.01,0
7164,0,1,0,5,25,True,225,4,9,1033,5.165,6
7165,0,1,0,4,8,False,192,2,99,611,3.055,0
7166,0,1,0,1,10,False,0,0,0,0,0.0,0
7167,0,1,0,4,8,False,35,4,113,1137,5.685,0
7168,0,1,0,4,9,False,107,1,240,496,2.48,0
7169,0,1,0,4,8,False,137,0,214,214,1.07,0
7170,0,1,0,0,0,False,0,0,0,0,0.0,0
7171,0,1,0,4,7,False,218,0,61,61,0.305,0
7172,0,1,5,7,4,False,9,1,0,256,1.28,590877
7173,0,1,0,4,8,False,69,3,82,850,4.25,0
7174,0,1,25,7,2,False,145,4,10,1034,5.17,3801482
7175,0,1,0,4,8,False,154,1,186,442,2.21,0
7176,0,1,0,4,10,False,218,1,208,464,2.32,0
7177,0,1,0,4,8,False,109,0,145,145,0.725,0
7178,0,1,0,4,11,False,86,10,74,2634,13.17,0
7179,0,1,0,4,9,False,34,0,109,109,0.545,0
7180,0,1,0,4,10,False,101,0,52,52,0.26,0
7181,0,1,0,4,8,False,153,1,233,489,2.445,0
7182,0,1,0,4,11,False,74,2,201,713,3.565,0
7183,0,1,0,4,9,False,30,5,56,1336,6.68,0
7184,0,1,0,4,11,False,74,3,169,937,4.685,0
7185,0,1,0,4,7,False,41,0,90,90,0.45,0
7186,0,1,0,4,11,False,73,0,155,155,0.775,0
7187,0,1,0,4,7,False,157,0,66,66,0.33,0
7188,0,1,0,4,11,False,122,0,176,176,0.88,0
7189,0,1,0,4,8,False,77,5,233,1513,7.565,0
7190,0,1,0,4,6,False,41,0,218,218,1.09,0
7191,0,1,0,4,8,False,203,1,9,265,1.325,0
7192,0,1,0,4,8,False,42,0,65,65,0.325,0
7193,0,1,0,4,8,False,242,2,216,728,3.64,0
7194,0,1,0,4,9,False,158,1,150,406,2.03,0
7195,0,1,0,4,8,False,134,1,100,356,1.78,0
7196,0,1,0,4,10,False,200,4,190,1214,6.07,0
7197,0,1,0,4,8,False,39,2,15,527,2.635,0
7198,0,1,0,4,10,False,203,1,78,334,1.67,0
7199,0,1,0,4,7,False,146,0,177,177,0.885,0
7200,0,1,0,4,11,False,82,13,247,3575,17.875,0
7201,0,1,0,4,7,False,21,1,41,297,1.485,0
7202,0,1,0,4,11,False,204,2,0,512,2.56,0
7203,0,1,0,4,7,False,140,0,49,49,0.245,0
7204,0,1,0,4,10,False,39,1,196,452,2.26,0
7205,0,1,0,4,8,False,231,9,200,2504,12.52,0
7206,0,1,0,4,6,False,194,0,178,178,0.89,0
7207,0,1,0,4,7,False,75,0,40,40,0.2,0
7208,0,1,0,4,8,False,141,0,208,208,1.04,0
7209,0,1,0,4,8,False,235,5,201,1481,7.405,0
7210,0,1,0,4,9,False,140,3,10,778,3.89,0
7211,0,1,0,4,8,False,133,0,121,121,0.605,0
7212,0,1,0,4,10,False,74,11,143,2959,14.795,0
7213,0,1,0,4,7,False,209,0,66,66,0.33,0
7214,0,1,0,4,10,False,182,12,154,3226,16.13,0
7215,0,1,0,4,8,False,74,5,53,1333,6.665,0
7216,0,1,0,4,10,False,12,15,31,3871,19.355,0
7217,0,1,0,4,7,False,79,0,58,58,0.29,0
7218,0,1,0,4,10,False,162,1,112,368,1.84,0
7219,0,1,0,4,7,False,52,0,88,88,0.44,0
7220,0,1,0,4,10,False,49,1,23,279,1.395,0
7221,0,1,0,4,7,False,94,0,85,85,0.425,0
7222,0,1,0,4,10,False,126,2,54,566,2.83,0
7223,0,1,0,4,7,False,38,0,53,53,0.265,0
7224,0,1,0,4,10,False,204,0,76,76,0.38,0
7225,0,1,0,4,8,False,151,12,147,3219,16.095,0
7226,0,1,0,4,6,False,52,0,186,186,0.93,0
7227,0,1,0,4,7,False,237,0,142,142,0.71,0
7228,0,1,0,4,9,False,95,1,3,259,1.295,0
7229,0,1,0,4,8,False,49,3,237,1005,5.025,0
7230,0,1,0,4,10,False,41,7,192,1984,9.92,0
7231,0,1,0,4,8,False,221,2,67,579,2.895,0
7232,0,1,0,4,10,False,158,0,109,109,0.545,0
7233,0,1,0,4,7,False,25,0,75,75,0.375,0
7234,0,1,0,4,10,False,37,2,151,663,3.315,0
7235,0,1,0,4,7,False,147,1,61,317,1.585,0
7236,0,1,0,4,11,False,174,14,41,3625,18.125,0
7237,0,1,0,4,8,False,29,8,23,2071,10.355,0
7238,0,1,0,5,4,False,10,5,2,1282,6.41,98
7239,0,1,0,4,7,False,174,0,160,160,0.8,0
7240,0,1,17,5,0,False,247,4,6,1030,5.15,147
7241,0,1,0,4,8,False,38,4,131,1155,5.775,0
7242,0,1,0,5,9,False,141,1,195,451,2.255,4
7243,0,1,0,4,8,False,179,3,45,813,4.065,0
7244,0,1,0,1,5,False,0,0,0,0,0.0,0
7245,0,1,0,4,7,False,241,0,166,166,0.83,0
7246,0,1,0,4,2,False,4,6,7,1543,7.715,0
7247,0,1,0,4,7,False,97,0,236,236,1.18,0
7248,0,1,16,1,34,False,0,0,0,0,0.0,0
7249,0,1,0,4,7,False,178,0,90,90,0.45,0
7250,0,1,0,3,60,False,174,0,0,0,0.0,0
7251,0,1,0,4,8,False,70,6,254,1790,8.95,0
7252,0,1,0,5,49,True,1,1,1,257,1.285,180
7253,0,1,0,4,8,False,159,0,166,166,0.83,0
7254,0,1,0,6,4,False,5,2,0,512,2.56,99
7255,0,1,0,4,8,False,38,0,201,201,1.005,0
7256,0,1,18,5,4,False,7,2,178,690,3.45,0
7257,0,1,0,4,8,False,200,1,38,294,1.47,0
7258,0,1,1,1,50,True,0,0,0,0,0.0,0
7259,0,1,0,4,8,False,73,1,211,467,2.335,0
7260,0,1,0,4,10,False,236,8,4,2052,10.26,0
7261,0,1,0,4,8,False,143,2,86,598,2.99,0
7262,0,1,0,1,5,False,0,0,0,0,0.0,0
7263,0,1,0,4,7,False,217,0,204,204,1.02,0
7264,0,1,2,1,4,False,0,0,0,0,0.0,0
7265,0,1,0,4,7,False,79,0,59,59,0.295,0
7266,0,1,1,1,5,True,0,0,0,0,0.0,0
7267,0,1,0,4,7,False,165,0,137,137,0.685,0
7268,0,1,0,0,0,False,0,0,0,0,0.0,0
7269,0,1,0,4,8,False,255,9,50,2354,11.77,0
7270,0,1,8,2,1,False,168,0,0,0,0.0,0
7271,0,1,0,4,9,False,35,11,8,2824,14.12,0
7272,0,1,2,7,4,False,178,0,204,204,1.02,264196
7273,0,1,0,4,8,False,146,1,26,282,1.41,0
7274,0,1,1,1,4,True,0,0,0,0,0.0,0
7275,0,1,0,4,7,False,45,1,73,329,1.645,0
7276,0,1,0,7,37,True,4,9,223,2527,12.635,311296
7277,0,1,0,4,8,False,115,4,35,1059,5.295,0
7278,0,1,0,5,45,False,1,10,4,2564,12.82,8
7279,0,1,0,4,8,False,51,3,25,793,3.965,0
7280,0,1,5,5,1,False,19,4,9,1033,5.165,169
7281,0,1,0,4,7,False,120,0,67,67,0.335,0
7282,0,1,0,1,13,False,0,0,0,0,0.0,0
7283,0,1,0,4,7,False,227,0,184,184,0.92,0
7284,0,1,0,4,8,False,223,0,52,52,0.26,0
7285,0,1,0,4,7,False,108,0,68,68,0.34,0
7286,0,1,0,4,5,False,222,1,35,291,1.455,0
7287,0,1,0,4,7,False,188,0,212,212,1.06,0
7288,0,1,0,4,7,False,222,0,134,134,0.67,0
7289,0,1,0,4,8,False,130,11,133,2949,14.745,0
7290,0,1,0,4,5,False,183,0,185,185,0.925,0
7291,0,1,0,4,8,False,212,12,156,3228,16.14,0
7292,0,1,0,4,6,False,184,0,71,71,0.355,0
7293,0,1,0,4,8,False,128,1,171,427,2.135,0
7294,0,1,27,6,1,False,4,7,183,1975,9.875,54016
7295,0,1,0,4,8,False,252,3,48,816,4.08,0
7296,0,1,0,4,8,False,46,0,240,240,1.2,0
7297,0,1,0,4,7,False,161,0,161,161,0.805,0
7298,0,1,1,7,7,False,4,4,9,1033,5.165,328957
7299,0,1,0,4,7,False,234,0,62,62,0.31,0
7300,0,1,20,2,0,False,68,0,0,0,0.0,0
7301,0,1,0,4,7,False,139,0,158,158,0.79,0
7302,0,1,28,2,4,False,8,0,0,0,0.0,0
7303,0,1,0,4,7,False,11,0,87,87,0.435,0
7304,0,1,31,5,0,False,168,11,0,2816,14.08,168
7305,0,1,0,4,8,False,121,12,68,3140,15.7,0
7306,0,1,8,2,4,False,4,0,0,0,0.0,0
7307,0,1,0,4,7,False,197,0,101,101,0.505,0
7308,0,1,0,6,34,True,0,5,0,1280,6.4,332
7309,0,1,0,4,7,False,127,0,78,78,0.39,0
7310,0,1,14,0,0,False,0,0,0,0,0.0,0
7311,0,1,0,4,8,False,30,6,159,1695,8.475,0
7312,0,1,0,4,5,False,11,7,173,1965,9.825,0
7313,0,1,0,4,8,False,101,2,3,515,2.575,0
7314,0,1,0,2,0,False,74,0,0,0,0.0,0
7315,0,1,0,4,8,False,206,1,207,463,2.315,0
7316,0,1,0,4,4,False,9,15,82,3922,19.61,0
7317,0,1,0,4,7,False,40,0,110,110,0.55,0
7318,0,1,0,4,9,False,206,2,25,537,2.685,0
7319,0,1,0,4,7,False,222,1,35,291,1.455,0
7320,0,1,9,5,4,False,5,8,0,2048,10.24,135
7321,0,1,0,4,7,False,77,0,220,220,1.1,0
7322,0,1,0,0,0,False,0,0,0,0,0.0,0
7323,0,1,0,4,7,False,184,0,67,67,0.335,0
7324,0,1,27,4,4,False,9,2,4,516,2.58,0
7325,0,1,0,4,8,False,3,9,246,2550,12.75,0
7326,0,1,23,1,41,False,0,0,0,0,0.0,0
7327,0,1,0,4,8,False,136,1,26,282,1.41,0
7328,0,1,0,0,0,False,0,0,0,0,0.0,0
7329,0,1,0,4,8,False,151,0,68,68,0.34,0
7330,0,1,10,4,4,False,8,12,13,3085,15.425,0
7331,0,1,0,4,8,False,29,0,66,66,0.33,0
7332,0,1,0,6,40,False,4,9,151,2455,12.275,1024
7333,0,1,0,4,8,False,77,0,132,132,0.66,0
7334,0,1,21,1,4,False,0,0,0,0,0.0,0
7335,0,1,0,4,7,False,1,0,65,65,0.325,0
7336,0,1,1,2,13,False,10,0,0,0,0.0,0
7337,0,1,0,4,7,False,97,0,57,57,0.285,0
7338,0,1,5,6,8,False,4,8,29,2077,10.385,2305
7339,0,1,0,7,33,False,0,9,4,2308,11.54,69895
7340,0,1,12,1,2,False,0,0,0,0,0.0,0
7341,0,1,0,0,0,False,0,0,0,0,0.0,0
7342,0,1,9,7,42,True,12,3,79,847,4.235,8717828
7343,0,1,0,4,8,False,45,3,24,792,3.96,0
7344,0,1,0,4,5,False,5,13,0,3328,16.64,0
7345,0,1,0,4,8,False,11,4,55,1079,5.395,0
7346,0,1,30,5,0,False,95,6,1,1537,7.685,0
7347,0,1,0,4,7,False,80,0,79,79,0.395,0
7348,0,1,0,3,4,False,9,11,0,2816,14.08,0
7349,0,1,0,4,8,False,33,4,18,1042,5.21,0
7350,0,1,11,7,5,False,5,1,0,256,1.28,6711045
7351,0,1,0,4,8,False,144,1,128,384,1.92,0
7352,0,1,0,4,7,False,4,1,0,256,1.28,0
7353,0,1,0,4,8,False,53,1,41,297,1.485,0
7354,0,1,22,6,4,False,7,1,0,256,1.28,25915
7355,0,1,0,4,8,False,180,0,150,150,0.75,0
7356,0,1,0,4,9,False,254,5,127,1407,7.035,0
7357,0,1,0,4,8,False,72,1,70,326,1.63,0
7358,0,1,23,7,4,False,11,4,9,1033,5.165,525503
7359,0,1,0,4,8,False,205,1,4,260,1.3,0
7360,0,1,17,4,4,False,9,0,2,2,0.01,0
7361,0,1,0,4,8,False,126,2,88,600,3.0,0
7362,0,1,2,2,40,True,79,0,0,0,0.0,0
7363,0,1,0,4,7,False,171,0,191,191,0.955,0
7364,0,1,0,4,9,False,129,10,212,2772,13.86,0
7365,0,1,0,4,8,False,201,2,74,586,2.93,0
7366,0,1,1,0,0,False,0,0,0,0,0.0,0
7367,0,1,0,4,8,False,194,0,214,214,1.07,0
7368,0,1,1,0,0,False,0,0,0,0,0.0,0
7369,0,1,0,4,8,False,194,1,159,415,2.075,0
7370,0,1,9,0,0,False,0,0,0,0,0.0,0
7371,0,1,0,4,7,False,46,0,227,227,1.135,0
7372,0,1,0,2,4,False,5,0,0,0,0.0,0
7373,0,1,0,4,7,False,140,0,77,77,0.385,0
7374,0,1,0,4,4,False,0,4,8,1032,5.16,0
7375,0,1,0,4,7,False,199,0,96,96,0.48,0
7376,0,1,22,0,0,False,0,0,0,0,0.0,0
7377,0,1,0,4,8,False,98,7,114,1906,9.53,0
7378,0,1,0,4,5,False,140,1,3,259,1.295,0
7379,0,1,0,4,8,False,152,0,248,248,1.24,0
7380,0,1,12,7,6,False,199,0,171,171,0.855,263214
7381,0,1,0,4,7,False,65,0,195,195,0.975,0
7382,0,1,0,7,7,True,0,4,54,1078,5.39,328708
7383,0,1,0,4,8,False,136,3,212,980,4.9,0
7384,0,1,8,0,0,False,0,0,0,0,0.0,0
7385,0,1,0,4,8,False,117,2,180,692,3.46,0
7386,0,1,0,1,48,False,0,0,0,0,0.0,0
7387,0,1,0,4,8,False,207,1,243,499,2.495,0
7388,0,1,1,0,0,False,0,0,0,0,0.0,0
7389,0,1,0,4,7,False,218,0,60,60,0.3,0
7390,0,1,0,4,6,False,231,7,51,1843,9.215,0
7391,0,1,0,4,7,False,103,0,105,105,0.525,0
7392,0,1,21,1,0,False,0,0,0,0,0.0,0
7393,0,1,0,4,7,False,176,1,146,402,2.01,0
7394,0,1,10,1,4,False,0,0,0,0,0.0,0
7395,0,1,0,4,8,False,212,8,41,2089,10.445,0
7396,0,1,0,6,16,True,103,0,2,2,0.01,1433
7397,0,1,0,4,7,False,102,0,75,75,0.375,0
7398,0,1,22,1,0,False,0,0,0,0,0.0,0
7399,0,1,0,4,8,False,96,1,53,309,1.545,0
7400,0,1,0,4,2,False,12,11,3,2819,14.095,0
7401,0,1,0,4,8,False,51,1,124,380,1.9,0
7402,0,1,0,0,0,False,0,0,0,0,0.0,0
7403,0,1,0,4,7,False,180,0,220,220,1.1,0
7404,0,1,0,1,31,False,0,0,0,0,0.0,0
7405,0,1,0,4,8,False,206,4,46,1070,5.35,0
7406,0,1,0,4,9,False,54,4,9,1033,5.165,0
7407,0,1,0,4,8,False,64,0,68,68,0.34,0
7408,0,1,6,0,0,False,0,0,0,0,0.0,0
7409,0,1,0,4,8,False,174,2,12,524,2.62,0
7410,0,1,0,5,37,True,1,6,4,1540,7.7,7
7411,0,1,0,4,9,False,15,0,70,70,0.35,0
7412,0,1,12,6,0,False,198,4,9,1033,5.165,1966
7413,0,1,0,4,7,False,25,0,198,198,0.99,0
7414,0,1,11,4,4,False,9,14,1,3585,17.925,0
7415,0,1,0,4,7,False,24,0,212,212,1.06,0
7416,0,1,20,1,4,False,0,0,0,0,0.0,0
7417,0,1,0,4,7,False,126,1,194,450,2.25,0
7418,0,1,1,1,41,True,0,0,0,0,0.0,0
7419,0,1,0,4,8,False,216,9,191,2495,12.475,0
7420,0,1,0,1,57,True,0,0,0,0,0.0,0
7421,0,1,0,4,8,False,13,0,41,41,0.205,0
7422,0,1,0,4,9,False,138,0,79,79,0.395,0
7423,0,1,0,4,8,False,137,0,84,84,0.42,0
7424,0,1,0,4,6,False,127,1,26,282,1.41,0
7425,0,1,0,0,0,False,0,0,0,0,0.0,0
7426,0,1,0,4,7,False,126,2,10,522,2.61,0
7427,0,1,0,1,0,False,0,0,0,0,0.0,0
7428,0,1,0,4,41,True,0,1,4,260,1.3,0
7429,0,1,0,4,4,False,7,13,0,3328,16.64,0
7430,0,1,1,0,0,False,0,0,0,0,0.0,0
7431,0,1,0,7,4,False,8,12,1,3073,15.365,525529
7432,0,1,1,5,4,False,7,9,1,2305,11.525,224
7433,0,1,0,4,1,False,12,4,7,1031,5.155,0
7434,0,1,1,4,27,False,4,15,61,3901,19.505,0
7435,0,1,0,4,0,False,193,4,7,1031,5.155,0
7436,0,1,0,4,58,False,4,7,156,1948,9.74,0
7437,0,1,0,4,0,False,220,4,8,1032,5.16,0
7438,0,1,0,0,0,False,0,0,0,0,0.0,0
7439,0,1,0,3,11,False,254,4,0,1024,5.12,0
7440,0,1,10,0,0,False,0,0,0,0,0.0,0
7441,0,1,0,0,0,False,0,0,0,0,0.0,0
7442,0,1,0,4,61,True,0,2,46,558,2.79,0
7443,0,1,0,4,13,False,113,4,8,1032,5.16,0
7444,0,1,0,4,6,False,76,1,18,274,1.37,0
7445,0,1,0,0,0,False,0,0,0,0,0.0,0
7446,0,1,0,4,7,False,76,1,85,341,1.705,0
7447,0,1,0,0,0,False,0,0,0,0,0.0,0
7448,0,1,0,7,1,False,1,4,10,1034,5.17,525388
7449,0,1,0,6,4,False,7,7,0,1792,8.96,1147
7450,0,1,17,6,0,False,237,15,4,3844,19.22,9738
7451,0,1,0,0,0,False,0,0,0,0,0.0,0
7452,0,1,0,1,5,False,0,0,0,0,0.0,0
7453,0,1,0,4,5,False,110,4,7,1031,5.155,0
7454,0,1,26,2,0,False,209,0,0,0,0.0,0
7455,0,1,0,0,0,False,0,0,0,0,0.0,0
7456,0,1,0,4,32,False,2,12,4,3076,15.38,0
7457,0,1,0,0,0,False,0,0,0,0,0.0,0
7458,0,1,0,7,0,False,162,4,9,1033,5.165,326688
7459,0,1,0,6,4,False,7,11,0,2816,14.08,1144
7460,0,1,1,1,44,True,0,0,0,0,0.0,0
7461,0,1,0,0,0,False,0,0,0,0,0.0,0
7462,0,1,0,6,57,True,4,10,85,2645,13.225,2821
7463,0,1,0,4,7,False,227,4,7,1031,5.155,0
7464,0,1,22,0,0,False,0,0,0,0,0.0,0
7465,0,1,0,3,0,False,83,4,0,1024,5.12,0
7466,0,1,0,7,38,True,4,8,252,2300,11.5,981764
7467,0,1,0,0,0,False,0,0,0,0,0.0,0
7468,0,1,10,5,1,False,4,9,107,2411,12.055,4
7469,0,1,0,5,3,False,60,4,7,1031,5.155,148
7470,0,1,19,0,0,False,0,0,0,0,0.0,0
7471,0,1,0,0,0,False,0,0,0,0,0.0,0
7472,0,1,0,4,9,False,223,3,124,892,4.46,0
7473,0,1,0,4,4,False,8,14,5,3589,17.945,0
7474,0,1,1,1,4,False,0,0,0,0,0.0,0
7475,0,1,0,0,0,False,0,0,0,0,0.0,0
7476,0,1,6,6,4,False,9,11,5,2821,14.105,2165
7477,0,1,0,4,8,False,57,0,186,186,0.93,0
7478,0,1,13,7,1,False,66,4,5,1029,5.145,3604654
7479,0,1,0,4,8,False,190,1,219,475,2.375,0
7480,0,1,0,4,9,False,253,6,165,1701,8.505,0
7481,0,1,0,4,8,False,248,1,47,303,1.515,0
7482,0,1,0,4,5,False,127,0,163,163,0.815,0
7483,0,1,0,4,8,False,200,0,30,30,0.15,0
7484,0,1,0,4,7,False,127,0,65,65,0.325,0
7485,0,1,0,4,8,False,123,0,193,193,0.965,0
7486,0,1,0,4,9,False,129,5,172,1452,7.26,0
7487,0,1,0,4,7,False,183,0,87,87,0.435,0
7488,0,1,0,4,10,False,123,1,102,358,1.79,0
7489,0,1,0,4,8,False,86,4,215,1239,6.195,0
7490,0,1,0,4,5,False,184,0,87,87,0.435,0
7491,0,1,0,4,8,False,151,7,24,1816,9.08,0
7492,0,1,0,4,7,False,184,0,70,70,0.35,0
7493,0,1,0,4,8,False,32,3,21,789,3.945,0
7494,0,1,0,4,9,False,148,5,207,1487,7.435,0
7495,0,1,0,4,7,False,108,0,88,88,0.44,0
7496,0,1,0,4,7,False,19,0,62,62,0.31,0
7497,0,1,0,4,8,False,87,2,57,569,2.845,0
7498,0,1,0,4,6,False,109,0,68,68,0.34,0
7499,0,1,0,4,7,False,213,0,71,71,0.355,0
7500,0,1,0,4,9,False,89,4,156,1180,5.9,0
7501,0,1,0,4,7,False,60,0,151,151,0.755,0
7502,0,1,0,4,6,False,214,0,197,197,0.985,0
7503,0,1,0,4,8,False,213,8,108,2156,10.78,0
7504,0,1,0,4,5,False,60,0,68,68,0.34,0
7505,0,1,0,4,7,False,239,0,76,76,0.38,0
7506,0,1,0,4,7,False,60,0,137,137,0.685,0
7507,0,1,0,4,8,False,176,4,123,1147,5.735,0
7508,0,1,0,4,5,False,1,0,74,74,0.37,0
7509,0,1,0,4,7,False,42,0,94,94,0.47,0
7510,0,1,0,4,9,False,176,14,113,3697,18.485,0
7511,0,1,0,4,8,False,236,4,211,1235,6.175,0
7512,0,1,0,4,5,False,43,0,86,86,0.43,0
7513,0,1,0,4,8,False,116,7,253,2045,10.225,0
7514,0,1,0,4,9,False,162,5,13,1293,6.465,0
7515,0,1,0,4,7,False,207,0,240,240,1.2,0
7516,0,1,0,4,9,False,105,1,161,417,2.085,0
7517,0,1,0,4,8,False,115,3,57,825,4.125,0
7518,0,1,0,4,5,False,207,0,169,169,0.845,0
7519,0,1,0,4,8,False,202,2,55,567,2.835,0
7520,0,1,0,4,7,False,208,0,129,129,0.645,0
7521,0,1,0,4,8,False,78,2,156,668,3.34,0
7522,0,1,0,4,9,False,219,5,36,1316,6.58,0
7523,0,1,0,4,7,False,144,0,60,60,0.3,0
7524,0,1,0,4,5,False,42,0,109,109,0.545,0
7525,0,1,0,4,8,False,254,3,168,936,4.68,0
7526,0,1,0,4,5,False,143,0,170,170,0.85,0
7527,0,1,0,4,7,False,136,0,83,83,0.415,0
7528,0,1,0,4,6,False,144,0,22,22,0.11,0
7529,0,1,0,4,8,False,35,2,203,715,3.575,0
7530,0,1,21,1,46,False,0,0,0,0,0.0,0
7531,0,1,0,4,8,False,121,1,60,316,1.58,0
7532,0,1,18,3,4,False,9,0,0,0,0.0,0
7533,0,1,0,4,8,False,247,2,108,620,3.1,0
7534,0,1,21,2,0,False,108,0,0,0,0.0,0
7535,0,1,0,4,8,False,60,3,54,822,4.11,0
7536,0,1,0,5,21,False,0,10,1,2561,12.805,17
7537,0,1,0,4,8,False,206,1,103,359,1.795,0
7538,0,1,0,3,2,False,4,4,0,1024,5.12,0
7539,0,1,0,4,7,False,18,0,152,152,0.76,0
7540,0,1,1,1,60,False,0,0,0,0,0.0,0
7541,0,1,0,4,8,False,145,5,172,1452,7.26,0
7542,0,1,31,1,5,False,0,0,0,0,0.0,0
7543,0,1,0,4,8,False,34,2,95,607,3.035,0
7544,0,1,0,4,9,False,249,5,0,1280,6.4,0
7545,0,1,0,4,8,False,81,1,29,285,1.425,0
7546,0,1,9,4,28,True,4,0,146,146,0.73,0
7547,0,1,0,4,8,False,141,0,60,60,0.3,0
7548,0,1,5,6,18,True,4,10,18,2578,12.89,477
7549,0,1,0,4,8,False,65,2,13,525,2.625,0
7550,0,1,18,2,4,False,9,0,0,0,0.0,0
7551,0,1,0,4,7,False,126,0,26,26,0.13,0
7552,0,1,10,1,1,False,0,0,0,0,0.0,0
7553,0,1,0,4,8,False,7,3,100,868,4.34,0
7554,0,1,30,6,10,False,232,4,10,1034,5.17,286
7555,0,1,0,4,8,False,161,1,28,284,1.42,0
7556,0,1,5,7,4,False,9,14,0,3584,17.92,656569
7557,0,1,0,4,7,False,203,0,94,94,0.47,0
7558,0,1,28,7,3,False,203,4,5,1029,5.145,16122315
7559,0,1,0,4,8,False,181,3,59,827,4.135,0
7560,0,1,0,4,7,False,203,0,75,75,0.375,0
7561,0,1,0,4,7,False,85,1,109,365,1.825,0
7562,0,1,0,4,9,False,28,3,177,945,4.725,0
7563,0,1,0,4,8,False,240,6,1,1537,7.685,0
7564,0,1,0,4,5,False,107,1,134,390,1.95,0
7565,0,1,0,4,7,False,134,0,66,66,0.33,0
7566,0,1,0,4,6,False,86,0,101,101,0.505,0
7567,0,1,0,4,8,False,244,2,225,737,3.685,0
7568,0,1,0,5,4,False,7,5,1,1281,6.405,56
7569,0,1,0,4,8,False,21,0,157,157,0.785,0
7570,0,1,0,0,0,False,0,0,0,0,0.0,0
7571,0,1,0,4,9,False,9,10,77,2637,13.185,0
7572,0,1,0,4,9,False,240,10,130,2690,13.45,0
7573,0,1,0,4,8,False,10,1,44,300,1.5,0
7574,0,1,25,3,6,False,161,4,0,1024,5.12,0
7575,0,1,0,4,8,False,168,1,58,314,1.57,0
7576,0,1,1,3,22,False,1,10,0,2560,12.8,0
7577,0,1,0,4,8,False,253,0,166,166,0.83,0
7578,0,1,1,6,8,True,4,9,127,2431,12.155,256
7579,0,1,0,4,8,False,137,1,15,271,1.355,0
7580,0,1,13,0,0,False,0,0,0,0,0.0,0
7581,0,1,0,4,8,False,173,1,52,308,1.54,0
7582,0,1,1,7,54,True,22,0,60,60,0.3,3944
7583,0,1,0,4,9,False,68,12,116,3188,15.94,0
7584,0,1,31,6,4,False,9,4,0,1024,5.12,1267
7585,0,1,0,4,8,False,207,2,169,681,3.405,0
7586,0,1,1,1,3,True,0,0,0,0,0.0,0
7587,0,1,0,4,7,False,84,0,77,77,0.385,0
7588,0,1,0,0,0,False,0,0,0,0,0.0,0
7589,0,1,0,4,8,False,145,3,221,989,4.945,0
7590,0,1,21,6,35,True,173,1,42,298,1.49,260
7591,0,1,0,4,7,False,177,0,74,74,0.37,0
7592,0,1,8,5,4,False,5,4,0,1024,5.12,88
7593,0,1,0,4,8,False,97,2,99,611,3.055,0
7594,0,1,17,1,4,False,0,0,0,0,0.0,0
7595,0,1,0,4,8,False,237,3,99,867,4.335,0
7596,0,1,0,5,20,False,0,9,7,2311,11.555,84
7597,0,1,0,4,8,False,73,0,145,145,0.725,0
7598,0,1,29,5,7,False,244,10,4,2564,12.82,10
7599,0,1,0,4,7,False,146,0,146,146,0.73,0
7600,0,1,21,6,2,False,7,15,4,3844,19.22,45834
7601,0,1,0,4,8,False,246,2,139,651,3.255,0
7602,0,1,0,4,6,False,147,0,60,60,0.3,0
7603,0,1,0,4,8,False,58,2,44,556,2.78,0
7604,0,1,27,5,19,True,4,7,160,1952,9.76,0
7605,0,1,0,4,8,False,182,1,2,258,1.29,0
7606,0,1,7,3,4,False,220,1,0,256,1.28,0
7607,0,1,0,4,8,False,64,3,254,1022,5.11,0
7608,0,1,9,1,4,False,0,0,0,0,0.0,0
7609,0,1,0,4,8,False,169,1,78,334,1.67,0
7610,0,1,0,4,18,True,0,12,4,3076,15.38,0
7611,0,1,0,4,7,False,170,0,64,64,0.32,0
7612,0,1,0,7,4,False,9,6,6,1542,7.71,16058692
7613,0,1,0,4,7,False,113,0,70,70,0.35,0
7614,0,1,0,0,0,False,0,0,0,0,0.0,0
7615,0,1,0,4,7,False,233,0,129,129,0.645,0
7616,0,1,27,6,8,False,4,10,106,2666,13.33,516
7617,0,1,0,4,8,False,73,7,184,1976,9.88,0
7618,0,1,31,7,27,True,1,9,0,2304,11.52,656391
7619,0,1,0,4,8,False,174,0,181,181,0.905,0
7620,0,1,27,7,2,False,178,4,9,1033,5.165,295850
7621,0,1,0,4,8,False,190,0,232,232,1.16,0
7622,0,1,0,4,9,False,42,0,69,69,0.345,0
7623,0,1,0,4,8,False,92,1,109,365,1.825,0
7624,0,1,1,2,1,False,1,0,0,0,0.0,0
7625,0,1,0,4,9,False,232,10,129,2689,13.445,0
7626,0,1,1,4,26,False,4,0,128,128,0.64,0
7627,0,1,0,4,8,False,66,1,60,316,1.58,0
7628,0,1,1,4,9,False,181,1,188,444,2.22,0
7629,0,1,0,4,7,False,173,0,61,61,0.305,0
7630,0,1,0,4,9,False,62,1,68,324,1.62,0
7631,0,1,0,4,8,False,60,3,166,934,4.67,0
7632,0,1,1,3,51,True,0,2,0,512,2.56,0
7633,0,1,0,4,8,False,242,2,227,739,3.695,0
7634,0,1,20,7,4,False,9,4,7,1031,5.155,853165
7635,0,1,0,4,7,False,51,1,202,458,2.29,0
7636,0,1,11,0,0,False,0,0,0,0,0.0,0
7637,0,1,0,4,8,False,205,5,40,1320,6.6,0
7638,0,1,0,4,9,False,236,6,57,1593,7.965,0
7639,0,1,0,4,7,False,28,2,217,729,3.645,0
7640,0,1,1,1,63,False,0,0,0,0,0.0,0
7641,0,1,0,4,7,False,44,0,169,169,0.845,0
7642,0,1,0,4,6,False,174,4,64,1088,5.44,0
7643,0,1,0,4,7,False,204,0,83,83,0.415,0
7644,0,1,0,4,21,True,174,2,242,754,3.77,0
7645,0,1,0,4,8,False,203,7,216,2008,10.04,0
7646,0,1,0,4,28,False,1,15,169,4009,20.045,0
7647,0,1,0,4,7,False,43,0,160,160,0.8,0
7648,0,1,0,4,9,False,51,4,8,1032,5.16,0
7649,0,1,0,4,7,False,128,1,36,292,1.46,0
7650,0,1,4,3,9,False,79,11,0,2816,14.08,0
7651,0,1,0,4,7,False,33,0,163,163,0.815,0
7652,0,1,2,1,4,False,0,0,0,0,0.0,0
7653,0,1,0,4,7,False,144,0,55,55,0.275,0
7654,0,1,0,5,0,True,0,13,4,3332,16.66,5
7655,0,1,0,4,8,False,138,10,216,2776,13.88,0
7656,0,1,22,6,1,False,20,4,5,1029,5.145,400
7657,0,1,0,4,8,False,80,2,69,581,2.905,0
7658,0,1,0,4,4,False,7,0,0,0,0.0,0
7659,0,1,0,4,8,False,228,1,8,264,1.32,0
7660,0,1,11,6,4,False,9,10,5,2565,12.825,1137
7661,0,1,0,4,8,False,143,1,233,489,2.445,0
7662,0,1,1,2,42,True,14,0,0,0,0.0,0
7663,0,1,0,4,8,False,73,1,93,349,1.745,0
7664,0,1,19,5,4,False,5,15,1,3841,19.205,188
7665,0,1,0,4,9,False,204,12,125,3197,15.985,0
7666,0,1,0,4,9,False,227,0,87,87,0.435,0
7667,0,1,0,4,8,False,35,1,100,356,1.78,0
7668,0,1,0,4,9,False,204,0,182,182,0.91,0
7669,0,1,0,4,7,False,168,0,120,120,0.6,0
7670,0,1,0,4,9,False,41,1,57,313,1.565,0
7671,0,1,0,4,7,False,68,0,247,247,1.235,0
7672,0,1,0,4,5,False,168,1,63,319,1.595,0
7673,0,1,0,4,8,False,224,6,56,1592,7.96,0
7674,0,1,0,4,5,False,68,1,9,265,1.325,0
7675,0,1,0,4,7,False,231,0,68,68,0.34,0
7676,0,1,0,4,6,False,68,1,14,270,1.35,0
7677,0,1,0,4,7,False,93,0,54,54,0.27,0
7678,0,1,0,4,5,False,242,1,9,265,1.325,0
7679,0,1,0,4,8,False,109,13,17,3345,16.725,0
7680,0,1,0,4,7,False,68,1,204,460,2.3,0
7681,0,1,0,4,8,False,177,0,237,237,1.185,0
7682,0,1,0,4,8,False,232,0,84,84,0.42,0
7683,0,1,0,4,8,False,138,2,223,735,3.675,0
7684,0,1,0,4,9,False,199,15,156,3996,19.98,0
7685,0,1,0,4,7,False,141,0,60,60,0.3,0
7686,0,1,0,4,7,False,141,0,104,104,0.52,0
7687,0,1,0,4,8,False,134,6,174,1710,8.55,0
7688,0,1,0,4,5,False,141,0,66,66,0.33,0
7689,0,1,0,4,8,False,160,0,159,159,0.795,0
7690,0,1,0,4,6,False,146,0,162,162,0.81,0
7691,0,1,0,4,8,False,70,0,121,121,0.605,0
7692,0,1,0,4,9,False,160,5,151,1431,7.155,0
7693,0,1,0,4,8,False,181,0,159,159,0.795,0
7694,0,1,0,4,9,False,101,0,163,163,0.815,0
7695,0,1,0,4,8,False,75,1,149,405,2.025,0
7696,0,1,0,4,9,False,192,1,21,277,1.385,0
7697,0,1,0,4,8,False,190,1,118,374,1.87,0
7698,0,1,0,4,9,False,74,1,232,488,2.44,0
7699,0,1,0,4,8,False,57,3,97,865,4.325,0
7700,0,1,0,4,9,False,196,3,53,821,4.105,0
7701,0,1,0,4,8,False,52,0,92,92,0.46,0
7702,0,1,0,4,9,False,58,2,3,515,2.575,0
7703,0,1,0,4,7,False,42,0,123,123,0.615,0
7704,0,1,0,4,10,False,63,3,121,889,4.445,0
7705,0,1,0,4,8,False,162,5,122,1402,7.01,0
7706,0,1,0,4,5,False,43,0,119,119,0.595,0
7707,0,1,0,4,8,False,227,7,2,1794,8.97,0
7708,0,1,0,4,5,False,158,0,72,72,0.36,0
7709,0,1,0,4,8,False,120,1,115,371,1.855,0
7710,0,1,0,4,6,False,146,0,59,59,0.295,0
7711,0,1,0,4,8,False,222,0,157,157,0.785,0
7712,0,1,7,2,0,False,77,0,0,0,0.0,0
7713,0,1,0,4,8,False,100,1,187,443,2.215,0
7714,0,1,0,4,10,False,186,8,183,2231,11.155,0
7715,0,1,0,4,8,False,222,1,207,463,2.315,0
7716,0,1,8,4,9,False,88,1,55,311,1.555,0
7717,0,1,0,4,8,False,71,0,176,176,0.88,0
7718,0,1,0,4,9,False,223,1,235,491,2.455,0
7719,0,1,0,4,8,False,192,1,186,442,2.21,0
7720,0,1,23,5,4,False,10,7,11,1803,9.015,162
7721,0,1,0,4,8,False,56,2,90,602,3.01,0
7722,0,1,1,3,4,False,10,4,0,1024,5.12,0
7723,0,1,0,4,8,False,173,1,82,338,1.69,0
7724,0,1,1,1,14,True,0,0,0,0,0.0,0
7725,0,1,0,4,8,False,6,1,162,418,2.09,0
7726,0,1,0,4,8,False,226,0,69,69,0.345,0
7727,0,1,0,4,8,False,104,0,208,208,1.04,0
7728,0,1,11,0,0,False,0,0,0,0,0.0,0
7729,0,1,0,4,8,False,210,2,221,733,3.665,0
7730,0,1,0,4,10,False,57,0,182,182,0.91,0
7731,0,1,0,4,8,False,12,0,95,95,0.475,0
7732,0,1,0,4,9,False,168,1,17,273,1.365,0
7733,0,1,0,4,8,False,139,2,64,576,2.88,0
7734,0,1,20,1,50,False,0,0,0,0,0.0,0
7735,0,1,0,4,8,False,18,0,207,207,1.035,0
7736,0,1,10,6,4,False,8,9,119,2423,12.115,16132
7737,0,1,0,4,8,False,101,0,227,227,1.135,0
7738,0,1,0,4,9,False,141,0,85,85,0.425,0
7739,0,1,0,4,8,False,251,1,4,260,1.3,0
7740,0,1,14,1,54,False,0,0,0,0,0.0,0
7741,0,1,0,4,7,False,65,0,91,91,0.455,0
7742,0,1,18,5,4,False,13,7,0,1792,8.96,66
7743,0,1,0,4,8,False,134,2,179,691,3.455,0
7744,0,1,0,4,5,False,65,0,74,74,0.37,0
7745,0,1,0,4,8,False,60,0,146,146,0.73,0
7746,0,1,0,4,6,False,65,0,70,70,0.35,0
7747,0,1,0,4,8,False,141,0,90,90,0.45,0
7748,0,1,0,4,7,False,65,0,93,93,0.465,0
7749,0,1,0,4,8,False,59,0,237,237,1.185,0
7750,0,1,0,4,9,False,118,4,84,1108,5.54,0
7751,0,1,0,4,8,False,142,1,239,495,2.475,0
7752,0,1,0,4,9,False,55,0,167,167,0.835,0
7753,0,1,0,4,8,False,4,1,35,291,1.455,0
7754,0,1,0,4,9,False,157,1,209,465,2.325,0
7755,0,1,0,4,8,False,219,1,251,507,2.535,0
7756,0,1,0,4,9,False,4,0,167,167,0.835,0
7757,0,1,0,4,9,False,71,12,45,3117,15.585,0
7758,0,1,0,4,9,False,191,0,129,129,0.645,0
7759,0,1,0,4,8,False,157,1,135,391,1.955,0
7760,0,1,0,4,9,False,71,1,52,308,1.54,0
7761,0,1,0,4,8,False,233,0,253,253,1.265,0
7762,0,1,0,4,9,False,158,0,244,244,1.22,0
7763,0,1,0,4,8,False,105,0,183,183,0.915,0
7764,0,1,0,4,9,False,233,0,240,240,1.2,0
7765,0,1,0,4,7,False,216,0,58,58,0.29,0
7766,0,1,0,4,9,False,126,1,53,309,1.545,0
7767,0,1,0,4,8,False,140,2,71,583,2.915,0
7768,0,1,0,4,5,False,216,0,66,66,0.33,0
7769,0,1,0,4,7,False,162,0,53,53,0.265,0
7770,0,1,0,4,6,False,216,0,84,84,0.42,0
7771,0,1,0,4,8,False,74,6,34,1570,7.85,0
7772,0,1,0,4,9,False,217,4,236,1260,6.3,0
7773,0,1,0,4,8,False,198,9,33,2337,11.685,0
7774,0,1,0,4,9,False,88,0,219,219,1.095,0
7775,0,1,0,4,8,False,70,1,159,415,2.075,0
7776,0,1,0,4,9,False,195,1,109,365,1.825,0
7777,0,1,0,4,8,False,194,3,156,924,4.62,0
7778,0,1,0,7,7,True,2,4,9,1033,5.165,14090568
7779,0,1,0,4,8,False,37,5,177,1457,7.285,0
7780,0,1,0,4,61,False,4,9,190,2494,12.47,0
7781,0,1,0,4,8,False,209,2,247,759,3.795,0
7782,0,1,0,1,2,False,0,0,0,0,0.0,0
7783,0,1,0,4,7,False,214,0,151,151,0.755,0
7784,0,1,18,0,0,False,0,0,0,0,0.0,0
7785,0,1,0,4,8,False,129,0,255,255,1.275,0
7786,0,1,29,6,56,False,4,10,172,2732,13.66,3076
7787,0,1,0,4,8,False,176,0,245,245,1.225,0
7788,0,1,7,6,27,True,146,4,4,1028,5.14,1033
7789,0,1,0,4,9,False,136,0,162,162,0.81,0
7790,0,1,0,7,4,False,10,9,6,2310,11.55,13594935
7791,0,1,0,4,8,False,182,1,251,507,2.535,0
7792,0,1,0,4,9,False,179,2,178,690,3.45,0
7793,0,1,0,0,0,False,0,0,0,0,0.0,0
7794,0,1,0,3,48,True,5,1,0,256,1.28,0
7795,0,1,0,6,1,False,251,4,7,1031,5.155,149
7796,0,1,0,4,11,False,4,11,4,2820,14.1,0
7797,0,1,0,4,4,False,8,2,4,516,2.58,0
7798,0,1,1,1,0,False,0,0,0,0,0.0,0
7799,0,1,0,1,4,False,0,0,0,0,0.0,0
7800,0,1,18,2,1,False,73,0,0,0,0.0,0
7801,0,1,0,7,20,True,0,3,4,772,3.86,226312
7802,0,1,0,4,1,False,214,10,205,2765,13.825,0
7803,0,1,0,4,4,False,8,3,0,768,3.84,0
7804,0,1,0,4,8,False,216,4,9,1033,5.165,0
7805,0,1,0,3,4,False,8,9,0,2304,11.52,0
7806,0,1,7,2,4,False,9,0,0,0,0.0,0
7807,0,1,0,2,42,True,4,0,0,0,0.0,0
7808,0,1,21,6,0,False,202,9,2,2306,11.53,25768
7809,0,1,0,7,34,True,0,12,4,3076,15.38,5383
7810,0,1,1,2,4,False,9,0,0,0,0.0,0
7811,0,1,0,7,4,False,8,12,4,3076,15.38,525523
7812,0,1,9,4,0,False,82,2,0,512,2.56,0
7813,0,1,0,5,0,False,59,4,8,1032,5.16,65
7814,0,1,13,0,0,False,0,0,0,0,0.0,0
7815,0,1,0,2,34,False,4,0,0,0,0.0,0
7816,0,1,7,2,4,False,11,0,0,0,0.0,0
7817,0,1,0,0,0,False,0,0,0,0,0.0,0
7818,0,1,0,4,9,False,0,9,0,2304,11.52,0
7819,0,1,0,7,0,False,95,4,8,1032,5.16,8847598
7820,0,1,10,3,3,False,237,4,0,1024,5.12,0
7821,0,1,0,4,8,False,92,1,5,261,1.305,0
7822,0,1,1,1,23,False,0,0,0,0,0.0,0
7823,0,1,0,4,8,False,224,1,96,352,1.76,0
7824,0,1,1,1,20,True,0,0,0,0,0.0,0
7825,0,1,0,4,9,False,34,12,202,3274,16.37,0
7826,0,1,0,0,0,False,0,0,0,0,0.0,0
7827,0,1,0,4,8,False,87,0,97,97,0.485,0
7828,0,1,8,6,4,False,9,13,3,3331,16.655,1032
7829,0,1,0,4,7,False,188,0,73,73,0.365,0
7830,0,1,1,1,12,False,0,0,0,0,0.0,0
7831,0,1,0,4,8,False,246,2,139,651,3.255,0
7832,0,1,0,0,0,False,0,0,0,0,0.0,0
7833,0,1,0,4,8,False,128,1,57,313,1.565,0
7834,0,1,11,5,4,False,10,6,2,1538,7.69,155
7835,0,1,0,4,8,False,225,0,94,94,0.47,0
7836,0,1,0,4,10,False,167,2,38,550,2.75,0
7837,0,1,0,4,8,False,60,0,223,223,1.115,0
7838,0,1,0,4,11,False,253,5,103,1383,6.915,0
7839,0,1,0,4,8,False,95,0,76,76,0.38,0
7840,0,1,0,4,10,False,108,0,83,83,0.415,0
7841,0,1,0,4,8,False,61,1,62,318,1.59,0
7842,0,1,0,4,4,False,9,6,1,1537,7.685,0
7843,0,1,0,4,8,False,177,0,148,148,0.74,0
7844,0,1,12,6,17,False,4,10,60,2620,13.1,26382
7845,0,1,0,4,8,False,234,0,81,81,0.405,0
7846,0,1,0,4,9,False,183,1,167,423,2.115,0
7847,0,1,0,4,7,False,171,0,54,54,0.27,0
7848,0,1,0,4,9,False,234,0,76,76,0.38,0
7849,0,1,0,4,8,False,54,4,87,1111,5.555,0
7850,0,1,31,3,32,True,2,8,0,2048,10.24,0
7851,0,1,0,4,8,False,164,2,135,647,3.235,0
7852,0,1,1,2,56,True,176,0,0,0,0.0,0
7853,0,1,0,4,7,False,180,0,159,159,0.795,0
7854,0,1,0,4,11,False,245,1,40,296,1.48,0
7855,0,1,0,4,8,False,127,3,230,998,4.99,0
7856,0,1,0,4,5,False,180,0,189,189,0.945,0
7857,0,1,0,4,8,False,244,1,54,310,1.55,0
7858,0,1,0,4,7,False,180,0,157,157,0.785,0
7859,0,1,0,4,8,False,77,1,69,325,1.625,0
7860,0,1,0,4,9,False,154,3,123,891,4.455,0
7861,0,1,0,4,7,False,205,0,57,57,0.285,0
7862,0,1,0,4,9,False,82,0,142,142,0.71,0
7863,0,1,0,4,8,False,79,3,183,951,4.755,0
7864,0,1,0,4,9,False,226,1,186,442,2.21,0
7865,0,1,0,4,8,False,221,2,48,560,2.8,0
7866,0,1,0,4,9,False,100,0,130,130,0.65,0
7867,0,1,0,4,7,False,62,0,172,172,0.86,0
7868,0,1,0,4,9,False,222,2,174,686,3.43,0
7869,0,1,0,4,7,False,178,0,183,183,0.915,0
7870,0,1,0,4,5,False,237,0,88,88,0.44,0
7871,0,1,0,4,8,False,71,8,198,2246,11.23,0
7872,0,1,0,4,5,False,168,0,142,142,0.71,0
7873,0,1,0,4,8,False,159,1,70,326,1.63,0
7874,0,1,0,4,7,False,178,0,64,64,0.32,0
7875,0,1,0,4,8,False,183,2,124,636,3.18,0
7876,0,1,0,4,9,False,115,9,13,2317,11.585,0
7877,0,1,0,4,8,False,74,4,47,1071,5.355,0
7878,0,1,0,4,9,False,179,2,26,538,2.69,0
7879,0,1,0,4,7,False,203,1,104,360,1.8,0
7880,0,1,0,4,9,False,42,1,17,273,1.365,0
7881,0,1,0,4,8,False,59,10,175,2735,13.675,0
7882,0,1,0,4,5,False,203,2,34,546,2.73,0
7883,0,1,0,4,8,False,139,0,234,234,1.17,0
7884,0,1,0,4,6,False,176,0,223,223,1.115,0
7885,0,1,0,4,7,False,98,1,9,265,1.325,0
7886,0,1,0,4,7,False,203,2,8,520,2.6,0
7887,0,1,0,4,8,False,10,5,186,1466,7.33,0
7888,0,1,0,4,5,False,99,0,136,136,0.68,0
7889,0,1,0,4,7,False,93,0,92,92,0.46,0
7890,0,1,0,4,7,False,99,0,121,121,0.605,0
7891,0,1,0,4,8,False,173,8,176,2224,11.12,0
7892,0,1,0,4,5,False,93,0,110,110,0.55,0
7893,0,1,0,4,7,False,55,0,65,65,0.325,0
7894,0,1,0,4,7,False,94,0,92,92,0.46,0
7895,0,1,0,4,8,False,158,2,103,615,3.075,0
7896,0,1,0,4,8,False,177,0,104,104,0.52,0
7897,0,1,0,4,7,False,248,0,83,83,0.415,0
7898,0,1,11,6,29,False,4,9,159,2463,12.315,60672
7899,0,1,0,4,8,False,158,5,168,1448,7.24,0
7900,0,1,0,4,7,False,249,0,72,72,0.36,0
7901,0,1,0,4,9,False,66,12,98,3170,15.85,0
7902,0,1,0,4,9,False,194,2,129,641,3.205,0
7903,0,1,0,4,8,False,173,1,77,333,1.665,0
7904,0,1,0,4,4,False,4,11,72,2888,14.44,0
7905,0,1,0,4,8,False,12,1,233,489,2.445,0
7906,0,1,0,2,10,False,11,0,0,0,0.0,0
7907,0,1,0,4,8,False,146,1,105,361,1.805,0
7908,0,1,8,2,4,False,9,0,0,0,0.0,0
7909,0,1,0,4,7,False,194,0,154,154,0.77,0
7910,0,1,7,2,0,False,4,0,0,0,0.0,0
7911,0,1,0,4,8,False,246,1,169,425,2.125,0
7912,0,1,0,1,58,True,0,0,0,0,0.0,0
7913,0,1,0,4,8,False,176,1,164,420,2.1,0
7914,0,1,0,4,1,False,206,2,0,512,2.56,0
7915,0,1,0,4,9,False,5,4,145,1169,5.845,0
7916,0,1,19,2,9,False,135,0,0,0,0.0,0
7917,0,1,0,4,8,False,113,3,62,830,4.15,0
7918,0,1,0,3,57,False,4,9,0,2304,11.52,0
7919,0,1,0,4,7,False,213,0,114,114,0.57,0
7920,0,1,0,6,0,False,211,4,9,1033,5.165,3693
7921,0,1,0,4,8,False,60,4,168,1192,5.96,0
7922,0,1,16,1,4,False,0,0,0,0,0.0,0
7923,0,1,0,4,7,False,170,0,104,104,0.52,0
7924,0,1,1,1,39,True,0,0,0,0,0.0,0
7925,0,1,0,4,7,False,4,0,61,61,0.305,0
7926,0,1,0,2,38,False,4,0,0,0,0.0,0
7927,0,1,0,4,8,False,79,5,94,1374,6.87,0
7928,0,1,1,1,21,True,0,0,0,0,0.0,0
7929,0,1,0,4,8,False,165,0,208,208,1.04,0
7930,0,1,0,0,0,False,0,0,0,0,0.0,0
7931,0,1,0,4,7,False,244,1,25,281,1.405,0
7932,0,1,9,2,4,False,10,0,0,0,0.0,0
7933,0,1,0,4,8,False,122,3,24,792,3.96,0
7934,0,1,21,2,0,False,212,0,0,0,0.0,0
7935,0,1,0,4,7,False,154,0,61,61,0.305,0
7936,0,1,0,4,10,False,245,0,177,177,0.885,0
7937,0,1,0,4,8,False,67,2,27,539,2.695,0
7938,0,1,0,4,7,False,250,1,34,290,1.45,0
7939,0,1,0,4,8,False,165,4,146,1170,5.85,0
7940,0,1,0,4,9,False,252,15,230,4070,20.35,0
7941,0,1,0,4,7,False,228,0,141,141,0.705,0
7942,0,1,0,4,9,False,159,2,94,606,3.03,0
7943,0,1,0,4,8,False,162,2,104,616,3.08,0
7944,0,1,0,4,7,False,196,0,65,65,0.325,0
7945,0,1,0,4,8,False,18,4,120,1144,5.72,0
7946,0,1,0,4,9,False,136,1,109,365,1.825,0
7947,0,1,0,4,8,False,131,6,117,1653,8.265,0
7948,0,1,0,4,9,False,14,1,242,498,2.49,0
7949,0,1,0,4,8,False,45,1,53,309,1.545,0
7950,0,1,0,4,9,False,131,1,84,340,1.7,0
7951,0,1,0,4,7,False,162,0,245,245,1.225,0
7952,0,1,0,4,10,False,45,11,72,2888,14.44,0
7953,0,1,0,4,7,False,199,0,72,72,0.36,0
7954,0,1,0,4,5,False,83,0,82,82,0.41,0
7955,0,1,0,4,7,False,115,0,177,177,0.885,0
7956,0,1,0,4,6,False,79,0,82,82,0.41,0
7957,0,1,0,4,7,False,225,0,172,172,0.86,0
7958,0,1,0,4,7,False,79,0,136,136,0.68,0
7959,0,1,0,4,8,False,95,15,221,4061,20.305,0
7960,0,1,0,4,5,False,225,0,254,254,1.27,0
7961,0,1,0,4,8,False,17,3,80,848,4.24,0
7962,0,1,0,4,7,False,225,0,226,226,1.13,0
7963,0,1,0,4,8,False,123,1,158,414,2.07,0
7964,0,1,0,4,9,False,17,3,54,822,4.11,0
7965,0,1,0,4,8,False,167,3,37,805,4.025,0
7966,0,1,0,4,9,False,123,1,250,506,2.53,0
7967,0,1,0,4,8,False,0,1,31,287,1.435,0
7968,0,1,0,4,9,False,219,3,206,974,4.87,0
7969,0,1,0,4,8,False,173,1,52,308,1.54,0
7970,0,1,0,4,9,False,252,0,86,86,0.43,0
7971,0,1,0,4,8,False,93,1,157,413,2.065,0
7972,0,1,0,4,9,False,186,1,45,301,1.505,0
7973,0,1,0,4,8,False,144,3,180,948,4.74,0
7974,0,1,0,4,9,False,89,1,145,401,2.005,0
7975,0,1,0,4,8,False,35,1,18,274,1.37,0
7976,0,1,0,4,9,False,129,3,234,1002,5.01,0
7977,0,1,0,4,9,False,181,9,255,2559,12.795,0
7978,0,1,0,4,9,False,240,1,30,286,1.43,0
7979,0,1,0,4,8,False,9,2,110,622,3.11,0
7980,0,1,0,4,10,False,187,11,117,2933,14.665,0
7981,0,1,0,4,9,False,154,6,2,1538,7.69,0
7982,0,1,0,4,5,False,9,0,63,63,0.315,0
7983,0,1,0,4,8,False,243,1,104,360,1.8,0
7984,0,1,0,4,9,False,41,1,169,425,2.125,0
7985,0,1,0,4,8,False,122,0,236,236,1.18,0
7986,0,1,0,4,9,False,237,1,57,313,1.565,0
7987,0,1,0,4,7,False,153,0,62,62,0.31,0
7988,0,1,0,4,9,False,67,0,77,77,0.385,0
7989,0,1,0,4,7,False,78,0,49,49,0.245,0
7990,0,1,0,4,9,False,153,1,135,391,1.955,0
7991,0,1,0,4,7,False,185,0,149,149,0.745,0
7992,0,1,0,4,9,False,99,2,236,748,3.74,0
7993,0,1,0,4,7,False,19,0,79,79,0.395,0
7994,0,1,0,4,5,False,206,1,82,338,1.69,0
7995,0,1,0,4,7,False,98,0,66,66,0.33,0
7996,0,1,0,4,6,False,179,0,71,71,0.355,0
7997,0,1,0,4,7,False,226,0,208,208,1.04,0
7998,0,1,0,4,7,False,179,0,59,59,0.295,0
7999,0,1,0,4,7,False,152,1,20,276,1.38,0
8000,0,1,0,4,9,False,38,14,156,3740,18.7,0
8001,0,1,0,4,7,False,252,0,147,147,0.735,0
8002,0,1,0,4,5,False,152,1,84,340,1.7,0
8003,0,1,0,4,8,False,156,8,168,2216,11.08,0
8004,0,1,0,4,5,False,252,0,175,175,0.875,0
8005,0,1,0,4,7,False,198,0,75,75,0.375,0
8006,0,1,0,4,6,False,125,0,200,200,1.0,0
8007,0,1,0,4,8,False,125,3,34,802,4.01,0
8008,0,1,0,4,5,False,198,0,82,82,0.41,0
8009,0,1,0,4,8,False,11,1,231,487,2.435,0
8010,0,1,0,4,7,False,252,1,179,435,2.175,0
8011,0,1,0,4,7,False,27,0,61,61,0.305,0
8012,0,1,0,4,9,False,7,12,107,3179,15.895,0
8013,0,1,0,4,7,False,227,1,78,334,1.67,0
8014,0,1,0,4,9,False,93,0,240,240,1.2,0
8015,0,1,0,4,7,False,43,0,52,52,0.26,0
8016,0,1,0,4,5,False,151,1,10,266,1.33,0
8017,0,1,0,4,8,False,207,9,218,2522,12.61,0
8018,0,1,0,4,6,False,151,0,128,128,0.64,0
8019,0,1,0,4,7,False,207,0,75,75,0.375,0
8020,0,1,0,4,7,False,156,0,229,229,1.145,0
8021,0,1,0,4,7,False,165,0,74,74,0.37,0
8022,0,1,0,4,9,False,106,6,151,1687,8.435,0
8023,0,1,0,4,7,False,246,0,157,157,0.785,0
8024,0,1,0,7,4,False,8,4,9,1033,5.165,10881701
8025,0,1,0,4,8,False,211,4,150,1174,5.87,0
8026,0,1,0,1,4,False,0,0,0,0,0.0,0
8027,0,1,0,4,8,False,73,2,193,705,3.525,0
8028,0,1,0,4,5,False,246,0,0,0,0.0,0
8029,0,1,0,4,7,False,131,0,81,81,0.405,0
8030,0,1,20,3,38,True,0,10,0,2560,12.8,0
8031,0,1,0,4,7,False,2,0,129,129,0.645,0
8032,0,1,0,4,9,False,246,0,150,150,0.75,0
8033,0,1,0,4,7,False,68,0,110,110,0.55,0
8034,0,1,0,4,8,False,208,2,128,640,3.2,0
8035,0,1,0,4,8,False,49,6,227,1763,8.815,0
8036,0,1,0,4,8,False,240,3,47,815,4.075,0
8037,0,1,0,4,8,False,82,0,189,189,0.945,0
8038,0,1,0,4,5,False,131,0,93,93,0.465,0
8039,0,1,0,4,8,False,27,0,210,210,1.05,0
8040,0,1,0,4,5,False,2,0,67,67,0.335,0
8041,0,1,0,4,7,False,151,0,71,71,0.355,0
8042,0,1,0,4,8,False,62,5,61,1341,6.705,0
8043,0,1,0,4,8,False,8,4,62,1086,5.43,0
8044,0,1,0,4,5,False,184,0,66,66,0.33,0
8045,0,1,0,4,8,False,160,0,168,168,0.84,0
8046,0,1,0,4,8,False,83,0,104,104,0.52,0
8047,0,1,0,4,8,False,13,1,66,322,1.61,0
8048,0,1,0,4,9,False,184,4,125,1149,5.745,0
8049,0,1,0,4,8,False,167,1,196,452,2.26,0
8050,0,1,0,4,8,False,151,1,254,510,2.55,0
8051,0,1,0,4,8,False,54,1,14,270,1.35,0
8052,0,1,0,4,8,False,11,0,86,86,0.43,0
8053,0,1,0,4,8,False,182,0,155,155,0.775,0
8054,0,1,0,4,9,False,152,0,113,113,0.565,0
8055,0,1,0,4,8,False,245,1,129,385,1.925,0
8056,0,1,0,4,10,False,158,7,142,1934,9.67,0
8057,0,1,0,4,8,False,96,1,37,293,1.465,0
8058,0,1,0,4,8,False,167,0,77,77,0.385,0
8059,0,1,0,0,0,False,0,0,0,0,0.0,0
8060,0,1,0,4,11,False,54,2,193,705,3.525,0
8061,0,1,0,0,0,False,0,0,0,0,0.0,0
8062,0,1,0,4,33,True,0,3,4,772,3.86,0
8063,0,1,0,1,37,False,0,0,0,0,0.0,0
8064,0,1,1,4,2,False,51,4,5,1029,5.145,0
8065,0,1,0,4,7,False,254,0,59,59,0.295,0
8066,0,1,31,6,4,False,11,10,2,2562,12.81,1044
8067,0,1,0,4,8,False,57,3,204,972,4.86,0
8068,0,1,1,3,29,False,0,7,0,1792,8.96,0
8069,0,1,0,4,8,False,186,1,29,285,1.425,0
8070,0,1,0,4,5,False,90,3,93,861,4.305,0
8071,0,1,0,4,7,False,41,0,80,80,0.4,0
8072,0,1,0,4,7,False,191,0,53,53,0.265,0
8073,0,1,0,4,8,False,217,1,127,383,1.915,0
8074,0,1,0,4,8,False,6,4,9,1033,5.165,0
8075,0,1,0,4,8,False,76,2,23,535,2.675,0
8076,0,1,11,7,8,False,222,4,1,1025,5.125,13763811
8077,0,1,0,4,7,False,83,0,75,75,0.375,0
8078,0,1,0,4,7,False,11,5,83,1363,6.815,0
8079,0,1,0,4,8,False,103,6,202,1738,8.69,0
8080,0,1,0,0,0,False,0,0,0,0,0.0,0
8081,0,1,0,4,7,False,206,0,218,218,1.09,0
8082,0,1,0,4,31,False,4,8,4,2052,10.26,0
8083,0,1,0,4,8,False,18,4,20,1044,5.22,0
8084,0,1,1,2,5,False,171,0,0,0,0.0,0
8085,0,1,0,4,7,False,74,0,142,142,0.71,0
8086,0,1,0,4,5,False,206,4,8,1032,5.16,0
8087,0,1,0,4,8,False,225,2,175,687,3.435,0
8088,0,1,24,3,6,False,23,0,0,0,0.0,0
8089,0,1,0,4,8,False,75,0,191,191,0.955,0
8090,0,1,31,6,4,False,4,6,54,1590,7.95,4
8091,0,1,0,4,7,False,114,0,64,64,0.32,0
8092,0,1,22,4,4,False,5,11,7,2823,14.115,0
8093,0,1,0,4,8,False,76,3,56,824,4.12,0
8094,0,1,15,4,9,False,27,9,4,2308,11.54,0
8095,0,1,0,4,8,False,198,3,17,785,3.925,0
8096,0,1,0,4,4,False,11,2,7,519,2.595,0
8097,0,1,0,4,8,False,42,1,104,360,1.8,0
8098,0,1,0,1,4,False,0,0,0,0,0.0,0
8099,0,1,0,0,0,False,0,0,0,0,0.0,0
8100,0,1,0,4,2,False,2,4,74,1098,5.49,0
8101,0,1,0,2,1,False,104,0,0,0,0.0,0
8102,0,1,0,3,9,False,96,2,0,512,2.56,0
8103,0,1,0,4,7,False,1,0,122,122,0.61,0
8104,0,1,6,6,4,False,197,4,5,1029,5.145,1196
8105,0,1,0,4,8,False,123,2,49,561,2.805,0
8106,0,1,1,0,0,False,0,0,0,0,0.0,0
8107,0,1,0,4,8,False,11,1,98,354,1.77,0
8108,0,1,0,4,9,False,253,3,30,798,3.99,0
8109,0,1,0,4,8,False,111,0,173,173,0.865,0
8110,0,1,0,4,35,False,7,12,1,3073,15.365,0
8111,0,1,0,4,8,False,187,1,139,395,1.975,0
8112,0,1,0,4,10,False,124,2,208,720,3.6,0
8113,0,1,0,4,8,False,69,0,202,202,1.01,0
8114,0,1,0,4,4,False,10,11,1,2817,14.085,0
8115,0,1,0,4,8,False,185,1,241,497,2.485,0
8116,0,1,29,2,4,False,10,0,0,0,0.0,0
8117,0,1,0,4,8,False,4,2,15,527,2.635,0
8118,0,1,21,4,1,False,170,9,253,2557,12.785,0
8119,0,1,0,4,8,False,133,0,174,174,0.87,0
8120,0,1,0,4,4,False,9,10,0,2560,12.8,0
8121,0,1,0,4,8,False,25,0,134,134,0.67,0
8122,0,1,11,2,4,False,9,0,0,0,0.0,0
8123,0,1,0,4,8,False,100,2,254,766,3.83,0
8124,0,1,16,5,0,False,90,4,0,1024,5.12,212
8125,0,1,0,4,8,False,170,0,69,69,0.345,0
8126,0,1,13,6,0,False,161,2,4,516,2.58,43275
8127,0,1,0,4,8,False,120,0,212,212,1.06,0
8128,0,1,0,2,4,False,9,0,0,0,0.0,0
8129,0,1,0,4,8,False,253,3,56,824,4.12,0
8130,0,1,30,4,0,False,86,4,9,1033,5.165,0
8131,0,1,0,4,8,False,107,1,185,441,2.205,0
8132,0,1,15,6,26,False,1,4,9,1033,5.165,32558
8133,0,1,0,4,7,False,196,0,50,50,0.25,0
8134,0,1,0,0,0,False,0,0,0,0,0.0,0
8135,0,1,0,4,7,False,23,0,59,59,0.295,0
8136,0,1,0,4,9,False,195,1,16,272,1.36,0
8137,0,1,0,4,8,False,216,7,64,1856,9.28,0
8138,0,1,24,2,4,False,7,0,0,0,0.0,0
8139,0,1,0,4,7,False,220,1,27,283,1.415,0
8140,0,1,24,1,0,False,0,0,0,0,0.0,0
8141,0,1,0,4,8,False,166,3,177,945,4.725,0
8142,0,1,7,3,4,False,5,3,0,768,3.84,0
8143,0,1,0,4,7,False,38,0,160,160,0.8,0
8144,0,1,0,7,21,False,4,7,195,1987,9.935,304640
8145,0,1,0,4,8,False,152,4,60,1084,5.42,0
8146,0,1,0,7,23,False,0,9,4,2308,11.54,108037
8147,0,1,0,4,7,False,43,0,161,161,0.805,0
8148,0,1,23,0,0,False,0,0,0,0,0.0,0
8149,0,1,0,4,8,False,204,3,190,958,4.79,0
8150,0,1,0,4,7,False,34,0,151,151,0.755,0
8151,0,1,0,4,7,False,42,0,66,66,0.33,0
8152,0,1,0,4,9,False,220,1,101,357,1.785,0
8153,0,1,0,4,8,False,125,1,128,384,1.92,0
8154,0,1,0,4,6,False,38,0,71,71,0.355,0
8155,0,1,0,4,7,False,37,0,69,69,0.345,0
8156,0,1,0,4,7,False,158,0,110,110,0.55,0
8157,0,1,0,4,8,False,30,2,38,550,2.75,0
8158,0,1,0,4,6,False,43,0,98,98,0.49,0
8159,0,1,0,4,8,False,0,0,182,182,0.91,0
8160,0,1,0,4,7,False,43,1,179,435,2.175,0
8161,0,1,0,4,7,False,149,0,59,59,0.295,0
8162,0,1,0,4,7,False,42,0,103,103,0.515,0
8163,0,1,0,4,8,False,30,3,53,821,4.105,0
8164,0,1,0,4,10,False,43,2,114,626,3.13,0
8165,0,1,0,4,8,False,130,2,114,626,3.13,0
8166,0,1,0,4,7,False,36,0,124,124,0.62,0
8167,0,1,0,4,7,False,212,0,130,130,0.65,0
8168,0,1,0,4,12,False,43,4,49,1073,5.365,0
8169,0,1,0,4,8,False,16,3,116,884,4.42,0
8170,0,1,0,4,14,False,0,13,74,3402,17.01,0
8171,0,1,0,4,8,False,225,0,253,253,1.265,0
8172,0,1,0,4,7,False,149,0,210,210,1.05,0
8173,0,1,0,4,8,False,86,1,13,269,1.345,0
8174,0,1,0,4,7,False,228,0,77,77,0.385,0
8175,0,1,0,4,8,False,220,1,18,274,1.37,0
8176,0,1,0,4,7,False,88,0,108,108,0.54,0
8177,0,1,0,4,8,False,93,1,232,488,2.44,0
8178,0,1,0,4,6,False,212,0,168,168,0.84,0
8179,0,1,0,4,8,False,183,1,199,455,2.275,0
8180,0,1,0,4,10,False,212,1,21,277,1.385,0
8181,0,1,0,4,7,False,28,0,79,79,0.395,0
8182,0,1,0,4,11,False,225,12,228,3300,16.5,0
8183,0,1,0,4,8,False,27,1,207,463,2.315,0
8184,0,1,0,4,13,False,226,5,43,1323,6.615,0
8185,0,1,0,4,8,False,37,2,241,753,3.765,0
8186,0,1,0,4,7,False,220,0,195,195,0.975,0
8187,0,1,0,4,8,False,151,7,137,1929,9.645,0
8188,0,1,0,4,7,False,82,0,167,167,0.835,0
8189,0,1,0,4,8,False,0,2,37,549,2.745,0
8190,0,1,0,4,7,False,157,0,80,80,0.4,0
8191,0,1,0,4,7,False,6,0,171,171,0.855,0
8192,0,1,0,4,7,False,28,0,86,86,0.43,0
8193,0,1,0,4,8,False,107,4,24,1048,5.24,0
8194,0,1,0,4,13,False,28,2,167,679,3.395,0
8195,0,1,0,4,7,False,255,0,59,59,0.295,0
8196,0,1,0,4,7,False,33,1,0,256,1.28,0
8197,0,1,0,4,8,False,213,3,245,1013,5.065,0
8198,0,1,0,4,7,False,129,4,37,1061,5.305,0
8199,0,1,0,4,8,False,53,1,223,479,2.395,0
8200,0,1,0,4,7,False,0,1,63,319,1.595,0
8201,0,1,0,4,8,False,121,0,255,255,1.275,0
8202,0,1,0,4,7,False,38,3,77,845,4.225,0
8203,0,1,0,4,8,False,62,1,235,491,2.455,0
8204,0,1,0,4,10,False,7,1,51,307,1.535,0
8205,0,1,0,4,7,False,180,0,119,119,0.595,0
8206,0,1,0,4,7,False,58,0,86,86,0.43,0
8207,0,1,0,4,7,False,47,0,244,244,1.22,0
8208,0,1,0,4,7,False,188,1,5,261,1.305,0
8209,0,1,0,4,8,False,140,5,141,1421,7.105,0
8210,0,1,0,4,7,False,53,0,72,72,0.36,0
8211,0,1,0,4,8,False,170,0,64,64,0.32,0
8212,0,1,0,4,12,False,6,1,59,315,1.575,0
8213,0,1,0,4,8,False,110,2,244,756,3.78,0
8214,0,1,0,4,13,False,63,10,119,2679,13.395,0
8215,0,1,0,4,8,False,14,1,156,412,2.06,0
8216,0,1,0,4,7,False,176,0,175,175,0.875,0
8217,0,1,0,4,9,False,130,12,191,3263,16.315,0
8218,0,1,0,4,7,False,41,2,12,524,2.62,0
8219,0,1,0,4,8,False,198,2,139,651,3.255,0
8220,0,1,0,4,10,False,54,0,136,136,0.68,0
8221,0,1,0,4,8,False,76,1,126,382,1.91,0
8222,0,1,0,4,11,False,226,0,132,132,0.66,0
8223,0,1,0,4,8,False,193,2,92,604,3.02,0
8224,0,1,0,4,7,False,83,0,62,62,0.31,0
8225,0,1,0,4,7,False,61,0,67,67,0.335,0
8226,0,1,0,4,7,False,232,0,89,89,0.445,0
8227,0,1,0,4,7,False,173,0,136,136,0.68,0
8228,0,1,0,4,12,False,234,0,71,71,0.355,0
8229,0,1,0,4,8,False,230,5,183,1463,7.315,0
8230,0,1,0,4,7,False,177,0,93,93,0.465,0
8231,0,1,0,0,0,False,0,0,0,0,0.0,0
8232,0,1,0,4,11,False,96,6,199,1735,8.675,0
8233,0,1,0,6,5,False,183,4,8,1032,5.16,581
8234,0,1,0,4,45,False,0,5,4,1284,6.42,0
8235,0,1,0,6,4,False,8,12,0,3072,15.36,1250
8236,0,1,25,0,0,False,0,0,0,0,0.0,0
8237,0,1,0,0,0,False,0,0,0,0,0.0,0
8238,0,1,27,1,4,False,0,0,0,0,0.0,0
8239,0,1,0,3,1,False,19,4,0,1024,5.12,0
8240,0,1,7,6,0,False,69,4,203,1227,6.135,1027
8241,0,1,0,7,1,False,0,15,4,3844,19.22,53255
8242,0,1,1,1,21,True,0,0,0,0,0.0,0
8243,0,1,0,3,7,False,208,0,0,0,0.0,0
8244,0,1,0,4,10,False,203,6,63,1599,7.995,0
8245,0,1,0,3,4,False,7,12,0,3072,15.36,0
8246,0,1,1,2,16,True,0,0,0,0,0.0,0
8247,0,1,0,0,0,False,0,0,0,0,0.0,0
8248,0,1,12,5,8,False,4,4,11,1035,5.175,134
8249,0,1,0,1,4,False,0,0,0,0,0.0,0
8250,0,1,2,4,4,False,6,15,1,3841,19.205,0
8251,0,1,0,7,62,True,1,12,4,3076,15.38,503304
8252,0,1,20,4,16,True,0,8,4,2052,10.26,0
8253,0,1,0,7,4,False,8,15,0,3840,19.2,460017
8254,0,1,0,5,4,False,7,0,0,0,0.0,73
8255,0,1,0,0,0,False,0,0,0,0,0.0,0
8256,0,1,1,3,43,False,4,10,0,2560,12.8,0
8257,0,1,0,0,0,False,0,0,0,0,0.0,0
8258,0,1,31,2,8,False,4,0,0,0,0.0,0
8259,0,1,0,6,4,False,7,6,0,1536,7.68,1085
8260,0,1,0,5,16,False,0,4,10,1034,5.17,16
8261,0,1,0,0,0,False,0,0,0,0,0.0,0
8262,0,1,0,4,9,False,16,1,45,301,1.505,0
8263,0,1,0,3,5,False,169,4,0,1024,5.12,0
8264,0,1,0,4,61,True,2,9,4,2308,11.54,0
8265,0,1,0,0,0,False,0,0,0,0,0.0,0
8266,0,1,1,2,9,False,168,0,0,0,0.0,0
8267,0,1,0,5,3,False,122,4,7,1031,5.155,246
8268,0,1,0,0,0,False,0,0,0,0,0.0,0
8269,0,1,0,0,0,False,0,0,0,0,0.0,0
8270,0,1,22,6,4,False,253,2,253,765,3.825,266
8271,0,1,0,6,4,False,7,1,0,256,1.28,1122
8272,0,1,9,4,4,False,9,12,1,3073,15.365,0
8273,0,1,0,0,0,False,0,0,0,0,0.0,0
8274,0,1,15,5,18,False,0,13,4,3332,16.66,9
8275,0,1,0,4,3,False,255,4,8,1032,5.16,0
8276,0,1,0,0,0,False,0,0,0,0,0.0,0
8277,0,1,0,0,0,False,0,0,0,0,0.0,0
8278,0,1,10,5,4,False,7,13,0,3328,16.64,61
8279,0,1,0,1,25,False,0,0,0,0,0.0,0
8280,0,1,1,1,44,False,0,0,0,0,0.0,0
8281,0,1,0,4,8,False,53,1,82,338,1.69,0
8282,0,1,0,3,50,True,4,10,0,2560,12.8,0
8283,0,1,0,4,8,False,101,0,164,164,0.82,0
8284,0,1,21,0,0,False,0,0,0,0,0.0,0
8285,0,1,0,4,7,False,228,0,103,103,0.515,0
8286,0,1,0,4,10,False,41,2,135,647,3.235,0
8287,0,1,0,4,8,False,26,3,99,867,4.335,0
8288,0,1,0,4,9,False,62,0,79,79,0.395,0
8289,0,1,0,4,8,False,186,0,239,239,1.195,0
8290,0,1,0,4,9,False,26,3,80,848,4.24,0
8291,0,1,0,4,8,False,73,1,187,443,2.215,0
8292,0,1,0,4,9,False,164,0,179,179,0.895,0
8293,0,1,0,4,8,False,183,1,28,284,1.42,0
8294,0,1,0,4,36,True,4,10,144,2704,13.52,0
8295,0,1,0,4,7,False,85,0,76,76,0.38,0
8296,0,1,0,2,4,False,10,0,0,0,0.0,0
8297,0,1,0,4,8,False,117,3,210,978,4.89,0
8298,0,1,0,3,4,False,5,8,0,2048,10.24,0
8299,0,1,0,4,8,False,2,1,64,320,1.6,0
8300,0,1,18,0,0,False,0,0,0,0,0.0,0
8301,0,1,0,4,8,False,87,1,173,429,2.145,0
8302,0,1,0,3,20,False,0,4,0,1024,5.12,0
8303,0,1,0,4,8,False,157,0,139,139,0.695,0
8304,0,1,0,6,0,False,0,1,3,259,1.295,2059
8305,0,1,0,4,8,False,249,0,239,239,1.195,0
8306,0,1,2,7,7,False,4,0,4,4,0.02,69130
8307,0,1,0,4,8,False,161,1,250,506,2.53,0
8308,0,1,6,0,0,False,0,0,0,0,0.0,0
8309,0,1,0,4,8,False,92,1,234,490,2.45,0
8310,0,1,0,4,11,False,164,14,178,3762,18.81,0
8311,0,1,0,4,8,False,192,1,70,326,1.63,0
8312,0,1,7,1,6,False,0,0,0,0,0.0,0
8313,0,1,0,4,8,False,39,4,180,1204,6.02,0
8314,0,1,21,5,0,False,221,4,6,1030,5.15,8
8315,0,1,0,4,9,False,48,11,130,2946,14.73,0
8316,0,1,0,4,9,False,237,3,182,950,4.75,0
8317,0,1,0,4,8,False,208,1,38,294,1.47,0
8318,0,1,21,4,9,False,147,2,146,658,3.29,0
8319,0,1,0,4,7,False,71,0,79,79,0.395,0
8320,0,1,24,7,45,True,1,4,9,1033,5.165,263372
8321,0,1,0,4,8,False,209,3,169,937,4.685,0
8322,0,1,1,3,10,False,36,4,0,1024,5.12,0
8323,0,1,0,4,7,False,139,1,26,282,1.41,0
8324,0,1,0,5,7,False,6,2,0,512,2.56,244
8325,0,1,0,4,8,False,0,4,196,1220,6.1,0
8326,0,1,0,5,7,True,0,5,4,1284,6.42,22
8327,0,1,0,4,8,False,148,1,254,510,2.55,0
8328,0,1,16,7,0,False,67,4,12,1036,5.18,11010403
8329,0,1,0,4,9,False,26,11,168,2984,14.92,0
8330,0,1,0,4,6,False,61,0,224,224,1.12,0
8331,0,1,0,4,7,False,166,0,83,83,0.415,0
8332,0,1,0,4,4,False,182,4,10,1034,5.17,0
8333,0,1,0,4,8,False,238,4,63,1087,5.435,0
8334,0,1,0,4,11,False,53,4,22,1046,5.23,0
8335,0,1,0,4,8,False,132,1,125,381,1.905,0
8336,0,1,0,4,10,False,134,1,4,260,1.3,0
8337,0,1,0,4,8,False,20,2,205,717,3.585,0
8338,0,1,0,6,7,False,167,4,7,1031,5.155,19110
8339,0,1,0,4,9,False,174,2,217,729,3.645,0
8340,0,1,0,6,25,True,80,4,9,1033,5.165,842
8341,0,1,0,4,8,False,253,2,135,647,3.235,0
8342,0,1,27,6,4,False,9,8,0,2048,10.24,1220
8343,0,1,0,4,9,False,197,6,178,1714,8.57,0
8344,0,1,1,1,57,True,0,0,0,0,0.0,0
8345,0,1,0,4,7,False,13,0,82,82,0.41,0
8346,0,1,0,2,35,False,4,0,0,0,0.0,0
8347,0,1,0,4,8,False,140,1,231,487,2.435,0
8348,0,1,1,2,25,True,5,0,0,0,0.0,0
8349,0,1,0,4,8,False,178,1,65,321,1.605,0
8350,0,1,3,1,4,False,0,0,0,0,0.0,0
8351,0,1,0,4,8,False,55,1,97,353,1.765,0
8352,0,1,0,5,62,False,3,0,4,4,0.02,9
8353,0,1,0,4,8,False,156,0,165,165,0.825,0
8354,0,1,22,3,0,False,82,4,0,1024,5.12,0
8355,0,1,0,4,8,False,38,1,214,470,2.35,0
8356,0,1,1,2,8,False,0,0,0,0,0.0,0
8357,0,1,0,4,8,False,114,1,247,503,2.515,0
8358,0,1,9,3,4,False,10,2,0,512,2.56,0
8359,0,1,0,4,8,False,236,0,219,219,1.095,0
8360,0,1,0,5,52,False,4,9,120,2424,12.12,6
8361,0,1,0,4,8,False,54,0,190,190,0.95,0
8362,0,1,12,7,4,False,10,13,5,3333,16.665,591061
8363,0,1,0,4,8,False,177,0,171,171,0.855,0
8364,0,1,6,7,0,False,181,4,11,1035,5.175,12124526
8365,0,1,0,4,8,False,160,1,59,315,1.575,0
8366,0,1,0,4,10,False,55,0,193,193,0.965,0
8367,0,1,0,4,8,False,75,3,165,933,4.665,0
8368,0,1,0,4,11,False,199,3,18,786,3.93,0
8369,0,1,0,4,8,False,164,5,234,1514,7.57,0
8370,0,1,0,4,11,False,156,1,114,370,1.85,0
8371,0,1,0,4,7,False,241,0,66,66,0.33,0
8372,0,1,0,4,9,False,162,0,50,50,0.25,0
8373,0,1,0,4,8,False,143,5,52,1332,6.66,0
8374,0,1,0,4,10,False,96,5,106,1386,6.93,0
8375,0,1,0,4,8,False,6,7,80,1872,9.36,0
8376,0,1,0,4,6,False,247,0,80,80,0.4,0
8377,0,1,0,4,8,False,74,1,107,363,1.815,0
8378,0,1,0,4,9,False,242,0,181,181,0.905,0
8379,0,1,0,4,8,False,246,1,74,330,1.65,0
8380,0,1,0,4,10,False,169,5,111,1391,6.955,0
8381,0,1,0,4,8,False,94,0,150,150,0.75,0
8382,0,1,0,4,10,False,6,0,186,186,0.93,0
8383,0,1,0,4,8,False,244,0,151,151,0.755,0
8384,0,1,0,4,10,False,79,0,125,125,0.625,0
8385,0,1,0,4,8,False,14,0,172,172,0.86,0
8386,0,1,0,4,10,False,247,0,180,180,0.9,0
8387,0,1,0,4,8,False,179,1,181,437,2.185,0
8388,0,1,0,4,10,False,94,0,91,91,0.455,0
8389,0,1,0,4,8,False,56,2,152,664,3.32,0
8390,0,1,0,4,11,False,131,7,123,1915,9.575,0
8391,0,1,0,4,7,False,142,0,58,58,0.29,0
8392,0,1,0,4,10,False,153,0,236,236,1.18,0
8393,0,1,0,4,7,False,51,0,131,131,0.655,0
8394,0,1,0,4,10,False,30,1,202,458,2.29,0
8395,0,1,0,4,8,False,179,11,29,2845,14.225,0
8396,0,1,0,4,10,False,135,4,165,1189,5.945,0
8397,0,1,0,4,7,False,243,1,6,262,1.31,0
8398,0,1,0,4,6,False,233,1,91,347,1.735,0
8399,0,1,0,4,7,False,61,0,104,104,0.52,0
8400,0,1,0,4,9,False,51,1,129,385,1.925,0
8401,0,1,0,4,8,False,215,9,112,2416,12.08,0
8402,0,1,0,4,9,False,217,0,88,88,0.44,0
8403,0,1,0,4,7,False,97,0,167,167,0.835,0
8404,0,1,0,4,9,False,62,0,130,130,0.65,0
8405,0,1,0,4,8,False,224,3,217,985,4.925,0
8406,0,1,0,4,10,False,179,1,67,323,1.615,0
8407,0,1,0,4,7,False,34,0,67,67,0.335,0
8408,0,1,0,4,9,False,40,0,76,76,0.38,0
8409,0,1,0,4,8,False,200,2,63,575,2.875,0
8410,0,1,0,4,10,False,97,2,87,599,2.995,0
8411,0,1,0,4,8,False,77,1,232,488,2.44,0
8412,0,1,0,4,10,False,34,0,182,182,0.91,0
8413,0,1,0,0,0,False,0,0,0,0,0.0,0
8414,0,1,0,4,10,False,83,0,73,73,0.365,0
8415,0,1,0,5,1,False,232,4,7,1031,5.155,252
8416,0,1,0,4,23,False,0,12,4,3076,15.38,0
8417,0,1,0,0,0,False,0,0,0,0,0.0,0
8418,0,1,1,3,0,False,144,4,0,1024,5.12,0
8419,0,1,0,5,4,False,8,1,8,264,1.32,115
8420,0,1,1,2,23,False,94,0,0,0,0.0,0
8421,0,1,0,4,8,False,52,2,28,540,2.7,0
8422,0,1,0,4,6,False,252,8,4,2052,10.26,0
8423,0,1,0,4,8,False,160,2,109,621,3.105,0
8424,0,1,0,7,60,True,2,1,4,260,1.3,385289
8425,0,1,0,4,8,False,42,1,158,414,2.07,0
8426,0,1,30,2,4,False,9,0,0,0,0.0,0
8427,0,1,0,4,7,False,144,0,59,59,0.295,0
8428,0,1,25,2,6,False,89,0,0,0,0.0,0
8429,0,1,0,4,7,False,20,0,55,55,0.275,0
8430,0,1,0,4,9,False,28,0,0,0,0.0,0
8431,0,1,0,4,8,False,123,3,10,778,3.89,0
8432,0,1,9,0,0,False,0,0,0,0,0.0,0
8433,0,1,0,4,8,False,185,1,214,470,2.35,0
8434,0,1,0,1,20,True,0,0,0,0,0.0,0
8435,0,1,0,4,8,False,18,0,211,211,1.055,0
8436,0,1,0,4,10,False,43,1,1,257,1.285,0
8437,0,1,0,4,8,False,153,0,175,175,0.875,0
8438,0,1,24,4,4,False,9,14,1,3585,17.925,0
8439,0,1,0,4,8,False,222,2,206,718,3.59,0
8440,0,1,7,3,4,False,10,9,0,2304,11.52,0
8441,0,1,0,4,7,False,94,0,78,78,0.39,0
8442,0,1,0,6,7,True,4,9,223,2527,12.635,43011
8443,0,1,0,4,7,False,154,0,63,63,0.315,0
8444,0,1,0,4,9,False,89,1,156,412,2.06,0
8445,0,1,0,4,7,False,84,0,60,60,0.3,0
8446,0,1,0,4,9,False,154,0,107,107,0.535,0
8447,0,1,0,4,8,False,183,8,17,2065,10.325,0
8448,0,1,0,4,9,False,95,1,135,391,1.955,0
8449,0,1,0,4,7,False,231,0,53,53,0.265,0
8450,0,1,0,4,9,False,184,0,224,224,1.12,0
8451,0,1,0,4,8,False,189,5,180,1460,7.3,0
8452,0,1,0,4,9,False,78,3,194,962,4.81,0
8453,0,1,0,4,7,False,237,0,63,63,0.315,0
8454,0,1,0,4,9,False,196,2,137,649,3.245,0
8455,0,1,0,4,8,False,205,3,2,770,3.85,0
8456,0,1,0,4,5,False,2,0,161,161,0.805,0
8457,0,1,0,4,8,False,48,5,33,1313,6.565,0
8458,0,1,0,4,7,False,237,0,67,67,0.335,0
8459,0,1,0,4,7,False,86,0,82,82,0.41,0
8460,0,1,0,4,7,False,226,0,64,64,0.32,0
8461,0,1,0,4,7,False,80,1,169,425,2.125,0
8462,0,1,0,4,5,False,86,0,80,80,0.4,0
8463,0,1,0,4,7,False,149,2,107,619,3.095,0
8464,0,1,0,4,7,False,81,0,214,214,1.07,0
8465,0,1,0,4,8,False,15,12,38,3110,15.55,0
8466,0,1,0,4,5,False,149,1,63,319,1.595,0
8467,0,1,0,4,8,False,238,0,239,239,1.195,0
8468,0,1,1,3,17,False,0,13,0,3328,16.64,0
8469,0,1,0,4,8,False,31,2,141,653,3.265,0
8470,0,1,10,6,0,False,4,7,149,1941,9.705,61697
8471,0,1,0,4,8,False,192,1,112,368,1.84,0
8472,0,1,0,0,0,False,0,0,0,0,0.0,0
8473,0,1,0,4,8,False,64,1,205,461,2.305,0
8474,0,1,21,1,4,False,0,0,0,0,0.0,0
8475,0,1,0,4,8,False,84,0,77,77,0.385,0
8476,0,1,1,1,11,False,0,0,0,0,0.0,0
8477,0,1,0,4,8,False,185,1,127,383,1.915,0
8478,0,1,0,3,9,True,4,9,0,2304,11.52,0
8479,0,1,0,4,8,False,57,1,98,354,1.77,0
8480,0,1,0,4,9,False,10,5,1,1281,6.405,0
8481,0,1,0,4,8,False,158,0,139,139,0.695,0
8482,0,1,28,5,2,False,160,4,8,1032,5.16,137
8483,0,1,0,4,8,False,79,2,91,603,3.015,0
8484,0,1,0,0,0,False,0,0,0,0,0.0,0
8485,0,1,0,4,8,False,214,1,29,285,1.425,0
8486,0,1,21,0,0,False,0,0,0,0,0.0,0
8487,0,1,0,4,8,False,24,0,112,112,0.56,0
8488,0,1,1,2,8,False,5,0,0,0,0.0,0
8489,0,1,0,4,8,False,114,0,171,171,0.855,0
8490,0,1,0,4,17,True,4,9,164,2468,12.34,0
8491,0,1,0,4,9,False,226,12,89,3161,15.805,0
8492,0,1,0,0,0,False,0,0,0,0,0.0,0
8493,0,1,0,4,8,False,19,0,211,211,1.055,0
8494,0,1,0,4,9,False,110,1,46,302,1.51,0
8495,0,1,0,4,8,False,156,0,152,152,0.76,0
8496,0,1,11,5,4,False,10,9,7,2311,11.555,246
8497,0,1,0,4,7,False,19,0,129,129,0.645,0
8498,0,1,0,4,11,False,190,13,138,3466,17.33,0
8499,0,1,0,4,8,False,220,2,176,688,3.44,0
8500,0,1,0,4,11,False,71,2,55,567,2.835,0
8501,0,1,0,4,8,False,89,2,6,518,2.59,0
8502,0,1,0,4,9,False,15,0,146,146,0.73,0
8503,0,1,0,4,7,False,236,0,87,87,0.435,0
8504,0,1,0,4,10,False,145,2,176,688,3.44,0
8505,0,1,0,4,8,False,119,2,202,714,3.57,0
8506,0,1,0,4,10,False,62,1,79,335,1.675,0
8507,0,1,0,4,8,False,162,1,32,288,1.44,0
8508,0,1,0,4,11,False,204,9,142,2446,12.23,0
8509,0,1,0,4,7,False,81,0,72,72,0.36,0
8510,0,1,0,4,10,False,16,2,10,522,2.61,0
8511,0,1,0,4,8,False,218,3,156,924,4.62,0
8512,0,1,0,4,4,False,10,2,0,512,2.56,0
8513,0,1,0,4,8,False,33,0,148,148,0.74,0
8514,0,1,28,5,18,False,75,4,4,1028,5.14,9
8515,0,1,0,4,8,False,218,2,72,584,2.92,0
8516,0,1,0,4,60,True,4,4,9,1033,5.165,0
8517,0,1,0,4,8,False,68,0,105,105,0.525,0
8518,0,1,18,1,1,False,0,0,0,0,0.0,0
8519,0,1,0,4,8,False,246,1,12,268,1.34,0
8520,0,1,8,0,0,False,0,0,0,0,0.0,0
8521,0,1,0,4,9,False,216,9,209,2513,12.565,0
8522,0,1,0,4,5,False,156,1,39,295,1.475,0
8523,0,1,0,4,8,False,133,0,177,177,0.885,0
8524,0,1,0,4,9,False,232,0,251,251,1.255,0
8525,0,1,0,4,8,False,242,2,69,581,2.905,0
8526,0,1,0,4,10,False,149,1,152,408,2.04,0
8527,0,1,0,4,8,False,88,0,92,92,0.46,0
8528,0,1,0,4,9,False,249,1,237,493,2.465,0
8529,0,1,0,4,8,False,201,0,227,227,1.135,0
8530,0,1,0,4,10,False,89,2,168,680,3.4,0
8531,0,1,0,4,8,False,121,1,86,342,1.71,0
8532,0,1,0,4,9,False,211,0,162,162,0.81,0
8533,0,1,0,4,7,False,164,0,196,196,0.98,0
8534,0,1,0,4,9,False,124,0,203,203,1.015,0
8535,0,1,0,4,7,False,243,0,64,64,0.32,0
8536,0,1,0,4,5,False,164,0,199,199,0.995,0
8537,0,1,0,4,8,False,183,8,19,2067,10.335,0
8538,0,1,0,4,6,False,164,0,66,66,0.33,0
8539,0,1,0,4,8,False,76,1,6,262,1.31,0
8540,0,1,0,4,7,False,164,0,98,98,0.49,0
8541,0,1,0,4,8,False,124,1,111,367,1.835,0
8542,0,1,0,4,9,False,76,10,56,2616,13.08,0
8543,0,1,0,4,8,False,189,0,82,82,0.41,0
8544,0,1,0,4,9,False,110,0,200,200,1.0,0
8545,0,1,0,4,8,False,150,2,100,612,3.06,0
8546,0,1,0,4,9,False,254,0,75,75,0.375,0
8547,0,1,0,4,7,False,151,0,91,91,0.455,0
8548,0,1,0,4,9,False,147,2,168,680,3.4,0
8549,0,1,0,4,8,False,250,1,113,369,1.845,0
8550,0,1,0,4,5,False,151,0,88,88,0.44,0
8551,0,1,0,4,8,False,134,0,178,178,0.89,0
8552,0,1,0,4,6,False,151,0,94,94,0.47,0
8553,0,1,0,4,8,False,23,0,227,227,1.135,0
8554,0,1,0,4,7,False,151,0,82,82,0.41,0
8555,0,1,0,4,7,False,151,0,73,73,0.365,0
8556,0,1,0,4,9,False,23,0,202,202,1.01,0
8557,0,1,0,4,7,False,11,1,25,281,1.405,0
8558,0,1,0,4,7,False,150,0,64,64,0.32,0
8559,0,1,0,4,8,False,140,5,91,1371,6.855,0
8560,0,1,0,4,5,False,246,0,169,169,0.845,0
8561,0,1,0,4,8,False,176,6,43,1579,7.895,0
8562,0,1,0,4,6,False,246,0,108,108,0.54,0
8563,0,1,0,4,9,False,133,14,244,3828,19.14,0
8564,0,1,0,4,7,False,246,0,107,107,0.535,0
8565,0,1,0,4,8,False,222,0,93,93,0.465,0
8566,0,1,0,4,9,False,27,7,133,1925,9.625,0
8567,0,1,0,4,8,False,70,0,152,152,0.76,0
8568,0,1,0,4,9,False,240,0,83,83,0.415,0
8569,0,1,0,4,8,False,255,1,120,376,1.88,0
8570,0,1,0,4,9,False,66,0,90,90,0.45,0
8571,0,1,0,4,7,False,128,0,109,109,0.545,0
8572,0,1,0,4,9,False,251,1,242,498,2.49,0
8573,0,1,0,4,8,False,154,2,214,726,3.63,0
8574,0,1,0,4,9,False,134,1,249,505,2.525,0
8575,0,1,0,4,8,False,135,0,213,213,1.065,0
8576,0,1,0,4,9,False,154,0,91,91,0.455,0
8577,0,1,0,4,8,False,209,0,237,237,1.185,0
8578,0,1,0,4,9,False,40,0,90,90,0.45,0
8579,0,1,0,4,7,False,25,0,66,66,0.33,0
8580,0,1,0,4,10,False,212,6,187,1723,8.615,0
8581,0,1,0,4,7,False,121,0,88,88,0.44,0
8582,0,1,0,4,9,False,79,4,23,1047,5.235,0
8583,0,1,0,4,8,False,189,4,168,1192,5.96,0
8584,0,1,0,4,5,False,121,0,111,111,0.555,0
8585,0,1,0,4,8,False,142,1,138,394,1.97,0
8586,0,1,0,4,9,False,238,6,229,1765,8.825,0
8587,0,1,0,4,8,False,253,0,220,220,1.1,0
8588,0,1,0,4,9,False,149,0,220,220,1.1,0
8589,0,1,0,4,9,False,164,9,132,2436,12.18,0
8590,0,1,0,4,9,False,253,1,6,262,1.31,0
8591,0,1,0,4,7,False,168,0,77,77,0.385,0
8592,0,1,0,4,10,False,163,5,108,1388,6.94,0
8593,0,1,0,4,8,False,20,4,8,1032,5.16,0
8594,0,1,0,4,9,False,20,3,148,916,4.58,0
8595,0,1,0,4,8,False,227,1,194,450,2.25,0
8596,0,1,0,4,9,False,20,4,2,1026,5.13,0
8597,0,1,0,4,8,False,81,1,155,411,2.055,0
8598,0,1,0,4,9,False,226,2,24,536,2.68,0
8599,0,1,0,4,8,False,156,2,76,588,2.94,0
8600,0,1,0,4,9,False,83,0,210,210,1.05,0
8601,0,1,0,4,8,False,24,1,213,469,2.345,0
8602,0,1,0,4,9,False,184,2,39,551,2.755,0
8603,0,1,0,4,8,False,168,2,86,598,2.99,0
8604,0,1,0,4,9,False,24,1,197,453,2.265,0
8605,0,1,0,4,8,False,229,0,171,171,0.855,0
8606,0,1,0,4,9,False,141,1,44,300,1.5,0
8607,0,1,0,4,7,False,123,0,74,74,0.37,0
8608,0,1,0,4,9,False,5,0,194,194,0.97,0
8609,0,1,0,4,8,False,42,6,22,1558,7.79,0
8610,0,1,0,4,9,False,177,3,232,1000,5.0,0
8611,0,1,0,4,8,False,155,6,237,1773,8.865,0
8612,0,1,0,4,9,False,42,5,50,1330,6.65,0
8613,0,1,0,4,8,False,255,8,129,2177,10.885,0
8614,0,1,0,4,9,False,155,1,159,415,2.075,0
8615,0,1,0,4,8,False,137,1,107,363,1.815,0
8616,0,1,0,4,9,False,166,2,92,604,3.02,0
8617,0,1,0,4,8,False,170,0,162,162,0.81,0
8618,0,1,0,4,9,False,133,1,210,466,2.33,0
8619,0,1,0,4,8,False,108,0,122,122,0.61,0
8620,0,1,0,4,9,False,181,1,11,267,1.335,0
8621,0,1,0,4,9,False,211,8,224,2272,11.36,0
8622,0,1,1,0,0,False,0,0,0,0,0.0,0
8623,0,1,0,4,9,False,88,2,102,614,3.07,0
8624,0,1,5,2,0,False,158,0,0,0,0.0,0
8625,0,1,0,4,7,False,137,0,63,63,0.315,0
8626,0,1,0,4,10,False,155,7,16,1808,9.04,0
8627,0,1,0,4,8,False,175,3,68,836,4.18,0
8628,0,1,0,4,5,False,138,0,73,73,0.365,0
8629,0,1,0,4,8,False,87,1,11,267,1.335,0
8630,0,1,0,4,7,False,138,0,66,66,0.33,0
8631,0,1,0,4,8,False,156,1,123,379,1.895,0
8632,0,1,0,4,9,False,83,3,111,879,4.395,0
8633,0,1,0,4,8,False,46,0,76,76,0.38,0
8634,0,1,0,4,9,False,169,1,73,329,1.645,0
8635,0,1,0,4,8,False,105,1,231,487,2.435,0
8636,0,1,0,4,10,False,46,9,193,2497,12.485,0
8637,0,1,0,4,8,False,238,0,246,246,1.23,0
8638,0,1,0,4,9,False,250,1,103,359,1.795,0
8639,0,1,0,4,8,False,128,2,135,647,3.235,0
8640,0,1,0,4,9,False,245,2,26,538,2.69,0
8641,0,1,0,4,7,False,133,0,210,210,1.05,0
8642,0,1,0,4,7,False,133,0,82,82,0.41,0
8643,0,1,0,4,8,False,195,6,169,1705,8.525,0
8644,0,1,0,4,5,False,133,0,226,226,1.13,0
8645,0,1,0,4,8,False,31,8,136,2184,10.92,0
8646,0,1,0,4,6,False,133,0,218,218,1.09,0
8647,0,1,0,4,8,False,101,1,145,401,2.005,0
8648,0,1,0,4,7,False,133,1,24,280,1.4,0
8649,0,1,0,4,8,False,83,0,230,230,1.15,0
8650,0,1,0,4,5,False,112,0,35,35,0.175,0
8651,0,1,0,4,8,False,199,3,90,858,4.29,0
8652,0,1,0,4,7,False,112,0,64,64,0.32,0
8653,0,1,0,0,0,False,0,0,0,0,0.0,0
8654,0,1,0,4,9,False,172,10,71,2631,13.155,0
8655,0,1,0,7,3,False,90,4,7,1031,5.155,8847438
8656,0,1,0,4,10,True,0,6,4,1540,7.7,0
8657,0,1,0,4,8,False,29,4,119,1143,5.715,0
8658,0,1,1,1,20,False,0,0,0,0,0.0,0
8659,0,1,0,4,7,False,114,0,134,134,0.67,0
8660,0,1,13,7,3,False,4,9,4,2308,11.54,149257
8661,0,1,0,4,8,False,220,3,163,931,4.655,0
8662,0,1,17,0,0,False,0,0,0,0,0.0,0
8663,0,1,0,4,8,False,71,1,214,470,2.35,0
8664,0,1,0,4,9,False,134,1,239,495,2.475,0
8665,0,1,0,4,8,False,188,1,147,403,2.015,0
8666,0,1,13,3,4,False,9,3,0,768,3.84,0
8667,0,1,0,4,8,False,38,0,241,241,1.205,0
8668,0,1,0,0,0,False,0,0,0,0,0.0,0
8669,0,1,0,4,8,False,128,0,85,85,0.425,0
8670,0,1,23,6,7,False,1,6,4,1540,7.7,17925
8671,0,1,0,4,8,False,220,0,191,191,0.955,0
8672,0,1,0,0,0,False,0,0,0,0,0.0,0
8673,0,1,0,4,8,False,124,1,92,348,1.74,0
8674,0,1,30,0,0,False,0,0,0,0,0.0,0
8675,0,1,0,4,7,False,154,0,75,75,0.375,0
8676,0,1,0,4,8,False,24,0,221,221,1.105,0
8677,0,1,0,4,8,False,219,0,216,216,1.08,0
8678,0,1,0,4,8,False,38,1,196,452,2.26,0
8679,0,1,0,4,8,False,106,1,175,431,2.155,0
8680,0,1,0,4,10,False,134,6,42,1578,7.89,0
8681,0,1,0,4,8,False,239,1,51,307,1.535,0
8682,0,1,0,1,60,True,0,0,0,0,0.0,0
8683,0,1,0,4,8,False,100,3,109,877,4.385,0
8684,0,1,0,4,3,False,106,4,180,1204,6.02,0
8685,0,1,0,4,7,False,151,0,72,72,0.36,0
8686,0,1,0,2,57,False,1,0,0,0,0.0,0
8687,0,1,0,4,8,False,16,1,230,486,2.43,0
8688,0,1,0,4,9,False,0,3,155,923,4.615,0
8689,0,1,0,4,8,False,142,1,193,449,2.245,0
8690,0,1,0,4,10,False,0,1,141,397,1.985,0
8691,0,1,0,4,8,False,228,2,179,691,3.455,0
8692,0,1,0,4,9,False,150,1,134,390,1.95,0
8693,0,1,0,4,7,False,101,1,24,280,1.4,0
8694,0,1,0,4,10,False,64,2,86,598,2.99,0
8695,0,1,0,4,8,False,221,4,64,1088,5.44,0
8696,0,1,0,4,10,False,143,0,186,186,0.93,0
8697,0,1,0,4,7,False,57,0,62,62,0.31,0
8698,0,1,0,4,10,False,90,1,227,483,2.415,0
8699,0,1,0,4,8,False,1,1,230,486,2.43,0
8700,0,1,0,4,6,False,95,1,139,395,1.975,0
8701,0,1,0,4,7,False,88,0,105,105,0.525,0
8702,0,1,0,4,8,False,96,0,202,202,1.01,0
8703,0,1,0,4,8,False,30,4,153,1177,5.885,0
8704,0,1,0,4,9,False,94,1,104,360,1.8,0
8705,0,1,0,4,8,False,182,0,219,219,1.095,0
8706,0,1,0,4,10,False,77,6,190,1726,8.63,0
8707,0,1,0,4,8,False,237,1,148,404,2.02,0
8708,0,1,0,4,6,False,83,1,172,428,2.14,0
8709,0,1,0,4,8,False,150,1,125,381,1.905,0
8710,0,1,0,4,9,False,84,0,189,189,0.945,0
8711,0,1,0,4,8,False,204,1,39,295,1.475,0
8712,0,1,0,4,10,False,232,10,113,2673,13.365,0
8713,0,1,0,4,8,False,123,1,3,259,1.295,0
8714,0,1,0,4,10,False,71,0,164,164,0.82,0
8715,0,1,0,4,8,False,13,0,214,214,1.07,0
8716,0,1,0,4,10,False,205,2,111,623,3.115,0
8717,0,1,0,4,7,False,112,0,87,87,0.435,0
8718,0,1,0,4,10,False,38,1,13,269,1.345,0
8719,0,1,0,4,7,False,219,1,2,258,1.29,0
8720,0,1,0,4,11,False,56,14,65,3649,18.245,0
8721,0,1,0,4,7,False,69,0,210,210,1.05,0
8722,0,1,0,4,10,False,71,1,73,329,1.645,0
8723,0,1,0,4,7,False,202,0,161,161,0.805,0
8724,0,1,0,4,9,False,113,0,79,79,0.395,0
8725,0,1,0,4,7,False,29,0,92,92,0.46,0
8726,0,1,0,4,9,False,21,1,96,352,1.76,0
8727,0,1,0,4,8,False,190,1,76,332,1.66,0
8728,0,1,0,4,9,False,60,0,77,77,0.385,0
8729,0,1,0,4,7,False,215,1,35,291,1.455,0
8730,0,1,0,4,0,False,7,4,6,1030,5.15,0
8731,0,1,0,4,8,False,170,4,33,1057,5.285,0
8732,0,1,28,0,0,False,0,0,0,0,0.0,0
8733,0,1,0,4,7,False,180,0,178,178,0.89,0
8734,0,1,0,1,0,True,0,0,0,0,0.0,0
8735,0,1,0,4,8,False,147,5,165,1445,7.225,0
8736,0,1,0,4,6,False,53,2,39,551,2.755,0
8737,0,1,0,4,8,False,202,8,70,2118,10.59,0
8738,0,1,0,4,9,False,191,6,49,1585,7.925,0
8739,0,1,0,4,8,False,105,2,116,628,3.14,0
8740,0,1,0,4,6,False,180,0,163,163,0.815,0
8741,0,1,0,4,8,False,190,1,89,345,1.725,0
8742,0,1,0,4,9,False,171,1,121,377,1.885,0
8743,0,1,0,0,0,False,0,0,0,0,0.0,0
8744,0,1,0,4,10,False,12,8,211,2259,11.295,0
8745,0,1,0,6,1,False,89,4,7,1031,5.155,79
8746,0,1,0,4,36,True,0,0,4,4,0.02,0
8747,0,1,0,5,4,False,7,9,0,2304,11.52,252
8748,0,1,1,2,6,True,4,0,0,0,0.0,0
8749,0,1,0,4,8,False,129,7,132,1924,9.62,0
8750,0,1,1,2,63,True,0,0,0,0,0.0,0
8751,0,1,0,4,8,False,229,0,63,63,0.315,0
8752,0,1,0,4,10,False,73,1,53,309,1.545,0
8753,0,1,0,4,8,False,76,1,16,272,1.36,0
8754,0,1,0,4,5,False,146,0,206,206,1.03,0
8755,0,1,0,4,8,False,196,2,50,562,2.81,0
8756,0,1,0,4,6,False,132,1,213,469,2.345,0
8757,0,1,0,4,7,False,76,0,221,221,1.105,0
8758,0,1,0,4,7,False,9,1,37,293,1.465,0
8759,0,1,0,4,7,False,118,2,153,665,3.325,0
8760,0,1,0,4,5,False,77,0,199,199,0.995,0
8761,0,1,0,4,7,False,220,0,191,191,0.955,0
8762,0,1,0,4,5,False,118,1,224,480,2.4,0
8763,0,1,0,4,8,False,135,11,33,2849,14.245,0
8764,0,1,0,4,6,False,222,0,250,250,1.25,0
8765,0,1,0,4,8,False,54,1,118,374,1.87,0
8766,0,1,0,4,7,False,118,1,25,281,1.405,0
8767,0,1,0,4,8,False,154,1,85,341,1.705,0
8768,0,1,0,4,9,False,49,1,82,338,1.69,0
8769,0,1,0,4,8,False,205,1,135,391,1.955,0
8770,0,1,0,4,10,False,154,5,191,1471,7.355,0
8771,0,1,0,4,8,False,115,0,80,80,0.4,0
8772,0,1,0,4,9,False,199,1,11,267,1.335,0
8773,0,1,0,4,7,False,149,0,157,157,0.785,0
8774,0,1,0,4,9,False,123,0,155,155,0.775,0
8775,0,1,0,4,7,False,97,0,57,57,0.285,0
8776,0,1,0,4,5,False,149,0,158,158,0.79,0
8777,0,1,0,4,8,False,195,4,154,1178,5.89,0
8778,0,1,0,4,6,False,149,0,104,104,0.52,0
8779,0,1,0,4,8,False,35,1,182,438,2.19,0
8780,0,1,0,4,7,False,149,0,95,95,0.475,0
8781,0,1,0,4,7,False,122,0,51,51,0.255,0
8782,0,1,0,4,9,False,32,7,90,1882,9.41,0
8783,0,1,0,4,7,False,222,0,106,106,0.53,0
8784,0,1,0,4,5,False,122,0,148,148,0.74,0
8785,0,1,0,4,8,False,151,6,169,1705,8.525,0
8786,0,1,0,4,5,False,222,0,118,118,0.59,0
8787,0,1,0,4,8,False,24,0,98,98,0.49,0
8788,0,1,0,4,6,False,222,1,153,409,2.045,0
8789,0,1,0,4,8,False,108,1,176,432,2.16,0
8790,0,1,0,4,7,False,222,0,84,84,0.42,0
8791,0,1,0,4,8,False,254,0,144,144,0.72,0
8792,0,1,0,4,9,False,125,9,99,2403,12.015,0
8793,0,1,0,4,8,False,97,1,239,495,2.475,0
8794,0,1,0,4,9,False,254,0,95,95,0.475,0
8795,0,1,0,4,8,False,194,0,93,93,0.465,0
8796,0,1,0,4,9,False,94,2,50,562,2.81,0
8797,0,1,0,4,8,False,7,0,68,68,0.34,0
8798,0,1,0,4,9,False,241,0,238,238,1.19,0
8799,0,1,0,4,8,False,144,1,173,429,2.145,0
8800,0,1,0,4,10,False,107,9,63,2367,11.835,0
8801,0,1,0,4,7,False,67,1,21,277,1.385,0
8802,0,1,0,4,9,False,233,1,116,372,1.86,0
8803,0,1,0,4,8,False,193,5,80,1360,6.8,0
8804,0,1,0,4,9,False,91,3,32,800,4.0,0
8805,0,1,0,4,7,False,214,0,144,144,0.72,0
8806,0,1,0,4,9,False,194,1,18,274,1.37,0
8807,0,1,0,4,8,False,154,9,27,2331,11.655,0
8808,0,1,0,4,5,False,210,0,188,188,0.94,0
8809,0,1,0,4,7,False,202,0,139,139,0.695,0
8810,0,1,0,4,6,False,215,0,67,67,0.335,0
8811,0,1,0,4,7,False,139,0,76,76,0.38,0
8812,0,1,0,4,7,False,210,0,161,161,0.805,0
8813,0,1,0,7,11,True,0,12,4,3076,15.38,97287
8814,0,1,0,4,5,False,139,0,71,71,0.355,0
8815,0,1,0,6,4,False,8,15,10,3850,19.25,1269
8816,0,1,0,4,4,False,5,4,9,1033,5.165,0
8817,0,1,0,0,0,False,0,0,0,0,0.0,0
8818,0,1,17,4,4,False,220,4,4,1028,5.14,0
8819,0,1,0,3,1,False,60,4,0,1024,5.12,0
8820,0,1,0,6,1,False,36,5,4,1284,6.42,1798
8821,0,1,0,0,0,False,0,0,0,0,0.0,0
8822,0,1,15,3,0,False,181,4,0,1024,5.12,0
8823,0,1,0,4,2,False,231,4,7,1031,5.155,0
8824,0,1,1,1,0,True,0,0,0,0,0.0,0
8825,0,1,0,7,0,False,86,4,8,1032,5.16,12453055
8826,0,1,19,4,4,False,9,12,140,3212,16.06,0
8827,0,1,0,4,9,False,40,9,157,2461,12.305,0
8828,0,1,0,4,0,False,4,6,16,1552,7.76,0
8829,0,1,0,4,8,False,158,2,123,635,3.175,0
8830,0,1,0,0,0,False,0,0,0,0,0.0,0
8831,0,1,0,4,7,False,159,0,192,192,0.96,0
8832,0,1,0,4,7,False,15,0,85,85,0.425,0
8833,0,1,0,4,8,False,9,0,140,140,0.7,0
8834,0,1,0,4,11,False,197,4,10,1034,5.17,0
8835,0,1,0,4,8,False,184,2,22,534,2.67,0
8836,0,1,19,7,58,False,1,7,45,1837,9.185,11798861
8837,0,1,0,4,7,False,62,0,59,59,0.295,0
8838,0,1,0,0,0,False,0,0,0,0,0.0,0
8839,0,1,0,4,8,False,220,3,159,927,4.635,0
8840,0,1,12,5,34,False,4,11,4,2820,14.1,2
8841,0,1,0,4,8,False,57,0,162,162,0.81,0
8842,0,1,21,0,0,False,0,0,0,0,0.0,0
8843,0,1,0,4,8,False,200,2,241,753,3.765,0
8844,0,1,1,0,0,False,0,0,0,0,0.0,0
8845,0,1,0,4,9,False,40,7,79,1871,9.355,0
8846,0,1,25,6,33,True,0,4,4,1028,5.14,58122
8847,0,1,0,4,7,False,83,0,79,79,0.395,0
8848,0,1,0,0,0,False,0,0,0,0,0.0,0
8849,0,1,0,7,19,False,0,15,4,3844,19.22,68871
8850,0,1,19,1,4,False,0,0,0,0,0.0,0
8851,0,1,0,7,4,False,8,7,9,1801,9.005,459812
8852,0,1,0,4,9,False,184,0,1,1,0.005,0
8853,0,1,0,7,0,False,56,4,8,1032,5.16,13634305
8854,0,1,25,7,1,False,104,4,5,1029,5.145,29197
8855,0,1,0,4,8,False,69,0,126,126,0.63,0
8856,0,1,20,7,4,False,6,4,0,1024,5.12,459794
8857,0,1,0,4,7,False,235,0,68,68,0.34,0
8858,0,1,14,7,1,False,233,4,9,1033,5.165,7408759
8859,0,1,0,7,43,True,0,4,4,1028,5.14,75271
8860,0,1,0,4,10,False,70,8,29,2077,10.385,0
8861,0,1,0,6,4,False,7,1,1,257,1.285,1139
8862,0,1,0,4,50,False,4,7,182,1974,9.87,0
8863,0,1,0,0,0,False,0,0,0,0,0.0,0
8864,0,1,0,0,0,False,0,0,0,0,0.0,0
8865,0,1,0,5,5,False,19,4,7,1031,5.155,58
8866,0,1,0,5,32,False,1,3,4,772,3.86,241
8867,0,1,0,0,0,False,0,0,0,0,0.0,0
8868,0,1,12,1,4,False,0,0,0,0,0.0,0
8869,0,1,0,4,4,False,7,10,0,2560,12.8,0
8870,0,1,1,1,17,False,0,0,0,0,0.0,0
8871,0,1,0,1,4,False,0,0,0,0,0.0,0
8872,0,1,0,3,56,False,5,5,0,1280,6.4,0
8873,0,1,0,7,53,True,0,0,4,4,0.02,31239
8874,0,1,0,4,33,True,202,1,72,328,1.64,0
8875,0,1,0,5,4,False,8,3,0,768,3.84,4
8876,0,1,0,4,52,False,4,6,202,1738,8.69,0
8877,0,1,0,4,8,False,72,1,183,439,2.195,0
8878,0,1,0,0,0,False,0,0,0,0,0.0,0
8879,0,1,0,4,7,False,180,0,141,141,0.705,0
8880,0,1,0,4,6,False,252,0,79,79,0.395,0
8881,0,1,0,4,7,False,238,0,130,130,0.65,0
8882,0,1,0,4,6,False,251,1,4,260,1.3,0
8883,0,1,0,4,8,False,120,6,231,1767,8.835,0
8884,0,1,0,4,7,False,207,2,117,629,3.145,0
8885,0,1,0,4,8,False,24,1,103,359,1.795,0
8886,0,1,0,4,9,False,127,14,244,3828,19.14,0
8887,0,1,0,4,7,False,142,0,66,66,0.33,0
8888,0,1,0,4,9,False,24,1,47,303,1.515,0
8889,0,1,0,4,8,False,55,4,71,1095,5.475,0
8890,0,1,0,4,9,False,131,2,255,767,3.835,0
8891,0,1,0,4,8,False,119,6,236,1772,8.86,0
8892,0,1,0,4,9,False,51,1,7,263,1.315,0
8893,0,1,0,4,7,False,24,0,235,235,1.175,0
8894,0,1,0,4,9,False,93,0,237,237,1.185,0
8895,0,1,0,4,8,False,160,5,220,1500,7.5,0
8896,0,1,0,4,5,False,24,0,210,210,1.05,0
8897,0,1,0,4,8,False,55,0,236,236,1.18,0
8898,0,1,0,4,6,False,29,0,87,87,0.435,0
8899,0,1,0,4,8,False,169,2,87,599,2.995,0
8900,0,1,0,4,7,False,25,0,157,157,0.785,0
8901,0,1,0,4,8,False,22,4,137,1161,5.805,0
8902,0,1,0,7,0,False,159,4,9,1033,5.165,7800441
8903,0,1,0,4,8,False,118,0,243,243,1.215,0
8904,0,1,0,4,9,False,39,2,32,544,2.72,0
8905,0,1,0,4,8,False,55,0,208,208,1.04,0
8906,0,1,0,4,9,False,118,0,105,105,0.525,0
8907,0,1,0,4,7,False,155,0,208,208,1.04,0
8908,0,1,0,6,0,False,4,9,55,2359,11.795,9984
8909,0,1,0,4,8,False,231,4,201,1225,6.125,0
8910,0,1,0,4,5,False,155,0,145,145,0.725,0
8911,0,1,0,4,8,False,143,1,195,451,2.255,0
8912,0,1,0,1,1,False,0,0,0,0,0.0,0
8913,0,1,0,4,7,False,208,0,56,56,0.28,0
8914,0,1,5,6,9,False,118,4,155,1179,5.895,1792
8915,0,1,0,4,7,False,70,0,66,66,0.33,0
8916,0,1,26,0,0,False,0,0,0,0,0.0,0
8917,0,1,0,4,7,False,187,0,53,53,0.265,0
8918,0,1,0,0,0,False,0,0,0,0,0.0,0
8919,0,1,0,4,8,False,83,7,129,1921,9.605,0
8920,0,1,8,1,54,True,0,0,0,0,0.0,0
8921,0,1,0,4,7,False,99,0,132,132,0.66,0
8922,0,1,1,5,10,True,5,0,0,0,0.0,71
8923,0,1,0,4,7,False,176,0,93,93,0.465,0
8924,0,1,11,1,11,False,0,0,0,0,0.0,0
8925,0,1,0,4,7,False,95,1,22,278,1.39,0
8926,0,1,0,4,4,False,8,4,4,1028,5.14,0
8927,0,1,0,4,8,False,94,0,207,207,1.035,0
8928,0,1,0,4,0,False,191,1,80,336,1.68,0
8929,0,1,0,4,7,False,200,0,147,147,0.735,0
8930,0,1,0,4,10,False,244,5,0,1280,6.4,0
8931,0,1,0,4,7,False,111,1,119,375,1.875,0
8932,0,1,0,4,5,False,196,0,180,180,0.9,0
8933,0,1,0,4,7,False,211,0,88,88,0.44,0
8934,0,1,0,4,4,False,5,3,0,768,3.84,0
8935,0,1,0,4,8,False,125,6,207,1743,8.715,0
8936,0,1,10,6,6,False,212,1,34,290,1.45,1029
8937,0,1,0,4,7,False,249,1,86,342,1.71,0
8938,0,1,0,7,19,True,2,13,8,3336,16.68,786692
8939,0,1,0,4,8,False,73,5,147,1427,7.135,0
8940,0,1,0,4,5,False,211,0,84,84,0.42,0
8941,0,1,0,4,7,False,227,0,60,60,0.3,0
8942,0,1,0,4,6,False,250,0,184,184,0.92,0
8943,0,1,0,4,8,False,139,5,245,1525,7.625,0
8944,0,1,0,4,1,False,4,8,250,2298,11.49,0
8945,0,1,0,4,8,False,247,2,137,649,3.245,0
8946,0,1,0,0,0,False,0,0,0,0,0.0,0
8947,0,1,0,4,8,False,166,1,41,297,1.485,0
8948,0,1,3,7,1,False,171,4,7,1031,5.155,3867124
8949,0,1,0,4,8,False,200,0,158,158,0.79,0
8950,0,1,0,4,5,False,42,0,4,4,0.02,0
8951,0,1,0,4,8,False,123,1,37,293,1.465,0
8952,0,1,0,4,8,False,119,4,10,1034,5.17,0
8953,0,1,0,4,7,False,130,0,148,148,0.74,0
8954,0,1,27,5,8,False,4,4,5,1029,5.145,130
8955,0,1,0,4,7,False,108,0,63,63,0.315,0
8956,0,1,0,4,9,False,230,1,210,466,2.33,0
8957,0,1,0,4,8,False,22,7,185,1977,9.885,0
8958,0,1,1,7,50,False,6,4,9,1033,5.165,288374
8959,0,1,0,4,8,False,138,0,122,122,0.61,0
8960,0,1,1,1,58,False,0,0,0,0,0.0,0
8961,0,1,0,4,8,False,202,0,171,171,0.855,0
8962,0,1,0,1,46,False,0,0,0,0,0.0,0
8963,0,1,0,4,8,False,106,1,34,290,1.45,0
8964,0,1,0,3,56,True,0,11,0,2816,14.08,0
8965,0,1,0,4,7,False,171,0,58,58,0.29,0
8966,0,1,27,5,2,False,184,4,10,1034,5.17,139
8967,0,1,0,4,7,False,15,0,82,82,0.41,0
8968,0,1,0,2,2,False,4,0,0,0,0.0,0
8969,0,1,0,4,8,False,173,5,96,1376,6.88,0
8970,0,1,1,2,47,False,0,0,0,0,0.0,0
8971,0,1,0,4,8,False,255,1,52,308,1.54,0
8972,0,1,21,5,4,False,10,10,0,2560,12.8,171
8973,0,1,0,4,8,False,127,0,81,81,0.405,0
8974,0,1,0,4,9,False,0,2,38,550,2.75,0
8975,0,1,0,4,8,False,157,0,85,85,0.425,0
8976,0,1,0,4,9,False,127,0,151,151,0.755,0
8977,0,1,0,4,8,False,62,1,50,306,1.53,0
8978,0,1,0,4,10,False,143,10,144,2704,13.52,0
8979,0,1,0,4,9,False,200,0,189,189,0.945,0
8980,0,1,0,7,12,False,145,4,9,1033,5.165,656425
8981,0,1,0,4,7,False,72,0,66,66,0.33,0
8982,0,1,25,1,1,False,0,0,0,0,0.0,0
8983,0,1,0,4,8,False,152,1,137,393,1.965,0
8984,0,1,11,4,10,True,0,13,11,3339,16.695,0
8985,0,1,0,0,0,False,0,0,0,0,0.0,0
8986,0,1,5,2,0,False,194,0,0,0,0.0,0
8987,0,1,0,0,0,False,0,0,0,0,0.0,0
8988,0,1,0,4,13,False,0,4,4,1028,5.14,0
8989,0,1,0,1,9,True,0,0,0,0,0.0,0
8990,0,1,1,2,3,False,54,0,0,0,0.0,0
8991,0,1,0,4,8,False,17,2,88,600,3.0,0
8992,0,1,1,2,4,False,11,0,0,0,0.0,0
8993,0,1,0,4,8,False,90,3,72,840,4.2,0
8994,0,1,18,2,1,False,3,0,0,0,0.0,0
8995,0,1,0,0,0,False,0,0,0,0,0.0,0
8996,0,1,29,3,0,False,222,4,0,1024,5.12,0
8997,0,1,0,2,3,False,72,0,0,0,0.0,0
8998,0,1,1,1,44,False,0,0,0,0,0.0,0
8999,0,1,0,4,8,False,28,1,99,355,1.775,0
9000,0,1,2,7,50,True,13,4,0,1024,5.12,1640857
9001,0,1,0,4,8,False,139,0,223,223,1.115,0
9002,0,1,0,1,55,True,0,0,0,0,0.0,0
9003,0,1,0,4,8,False,48,0,255,255,1.275,0
9004,0,1,1,0,0,False,0,0,0,0,0.0,0
9005,0,1,0,4,8,False,55,0,64,64,0.32,0
9006,0,1,0,4,9,False,139,4,9,1033,5.165,0
9007,0,1,0,4,7,False,198,0,123,123,0.615,0
9008,0,1,1,3,4,False,9,7,0,1792,8.96,0
9009,0,1,0,4,8,False,29,3,9,777,3.885,0
9010,0,1,0,2,61,False,206,0,0,0,0.0,0
9011,0,1,0,4,8,False,160,2,196,708,3.54,0
9012,0,1,0,4,4,False,9,13,195,3523,17.615,0
9013,0,1,0,4,7,False,1,0,161,161,0.805,0
9014,0,1,0,4,13,False,198,1,252,508,2.54,0
9015,0,1,0,4,7,False,81,0,22,22,0.11,0
9016,0,1,0,4,11,False,82,4,99,1123,5.615,0
9017,0,1,0,4,8,False,224,5,115,1395,6.975,0
9018,0,1,0,4,10,False,198,2,223,735,3.675,0
9019,0,1,0,4,8,False,100,3,65,833,4.165,0
9020,0,1,0,4,9,False,6,1,153,409,2.045,0
9021,0,1,0,4,7,False,181,0,189,189,0.945,0
9022,0,1,0,4,10,False,81,6,243,1779,8.895,0
9023,0,1,0,4,8,False,58,6,135,1671,8.355,0
9024,0,1,0,4,10,False,224,0,141,141,0.705,0
9025,0,1,0,4,8,False,23,1,123,379,1.895,0
9026,0,1,0,4,33,False,4,10,175,2735,13.675,0
9027,0,1,0,4,7,False,201,0,139,139,0.695,0
9028,0,1,0,2,13,True,6,0,0,0,0.0,0
9029,0,1,0,4,8,False,240,5,132,1412,7.06,0
9030,0,1,22,5,0,False,104,5,0,1280,6.4,189
9031,0,1,0,4,8,False,152,0,207,207,1.035,0
9032,0,1,0,4,5,False,198,0,50,50,0.25,0
9033,0,1,0,4,9,False,29,1,24,280,1.4,0
9034,0,1,0,4,7,False,181,0,17,17,0.085,0
9035,0,1,0,4,4,False,98,0,64,64,0.32,0
9036,0,1,24,5,4,False,9,13,2,3330,16.65,243
9037,0,1,0,4,7,False,118,1,238,494,2.47,0
9038,0,1,11,5,4,False,5,6,2,1538,7.69,84
9039,0,1,0,4,8,False,134,8,18,2066,10.33,0
9040,0,1,0,4,4,False,6,1,2,258,1.29,0
9041,0,1,0,4,8,False,161,0,248,248,1.24,0
9042,0,1,5,7,1,False,140,4,11,1035,5.175,6816148
9043,0,1,0,4,8,False,119,1,230,486,2.43,0
9044,0,1,0,4,8,False,98,0,253,253,1.265,0
9045,0,1,0,4,7,False,247,0,56,56,0.28,0
9046,0,1,0,4,9,False,98,2,173,685,3.425,0
9047,0,1,0,4,8,False,167,4,221,1245,6.225,0
9048,0,1,0,4,10,False,81,8,99,2147,10.735,0
9049,0,1,0,4,8,False,16,1,65,321,1.605,0
9050,0,1,0,4,10,False,245,1,90,346,1.73,0
9051,0,1,0,4,7,False,155,0,154,154,0.77,0
9052,0,1,0,4,10,False,77,1,98,354,1.77,0
9053,0,1,0,4,8,False,244,3,120,888,4.44,0
9054,0,1,0,4,10,False,215,3,255,1023,5.115,0
9055,0,1,0,4,9,False,149,11,79,2895,14.475,0
9056,0,1,0,4,10,False,96,2,75,587,2.935,0
9057,0,1,0,4,8,False,20,1,187,443,2.215,0
9058,0,1,0,4,9,False,152,0,164,164,0.82,0
9059,0,1,0,4,8,False,99,3,141,909,4.545,0
9060,0,1,0,4,10,False,245,5,197,1477,7.385,0
9061,0,1,0,4,8,False,186,0,59,59,0.295,0
9062,0,1,0,4,11,False,166,9,250,2554,12.77,0
9063,0,1,0,4,8,False,143,1,62,318,1.59,0
9064,0,1,0,4,9,False,22,1,154,410,2.05,0
9065,0,1,0,4,7,False,10,1,87,343,1.715,0
9066,0,1,0,4,10,False,21,3,248,1016,5.08,0
9067,0,1,0,4,8,False,121,7,6,1798,8.99,0
9068,0,1,0,4,10,False,30,1,141,397,1.985,0
9069,0,1,0,4,7,False,238,0,89,89,0.445,0
9070,0,1,0,4,10,False,191,2,89,601,3.005,0
9071,0,1,0,4,8,False,74,2,226,738,3.69,0
9072,0,1,0,4,9,False,192,1,253,509,2.545,0
9073,0,1,0,4,8,False,168,0,255,255,1.275,0
9074,0,1,0,4,10,False,165,4,185,1209,6.045,0
9075,0,1,0,4,9,False,45,2,3,515,2.575,0
9076,0,1,0,4,9,False,239,0,243,243,1.215,0
9077,0,1,0,4,8,False,45,0,89,89,0.445,0
9078,0,1,0,4,10,False,4,1,163,419,2.095,0
9079,0,1,0,4,7,False,222,0,61,61,0.305,0
9080,0,1,0,4,11,False,169,3,7,775,3.875,0
9081,0,1,0,4,8,False,93,4,253,1277,6.385,0
9082,0,1,0,4,11,False,121,4,34,1058,5.29,0
9083,0,1,0,4,7,False,169,1,243,499,2.495,0
9084,0,1,0,4,11,False,169,1,98,354,1.77,0
9085,0,1,0,4,8,False,99,9,241,2545,12.725,0
9086,0,1,0,4,9,False,222,0,89,89,0.445,0
9087,0,1,0,4,7,False,232,0,142,142,0.71,0
9088,0,1,0,4,6,False,107,0,142,142,0.71,0
9089,0,1,0,4,7,False,18,0,112,112,0.56,0
9090,0,1,0,4,9,False,169,2,127,639,3.195,0
9091,0,1,0,4,7,False,252,0,194,194,0.97,0
9092,0,1,0,4,10,False,169,8,67,2115,10.575,0
9093,0,1,0,4,7,False,61,0,137,137,0.685,0
9094,0,1,0,5,9,False,61,2,0,512,2.56,71
9095,0,1,0,4,7,False,129,0,67,67,0.335,0
9096,0,1,1,1,61,False,0,0,0,0,0.0,0
9097,0,1,0,4,8,False,114,0,91,91,0.455,0
9098,0,1,0,2,13,True,4,0,0,0,0.0,0
9099,0,1,0,4,8,False,203,1,112,368,1.84,0
9100,0,1,0,5,2,True,0,9,98,2402,12.01,7
9101,0,1,0,4,8,False,33,3,120,888,4.44,0
9102,0,1,0,2,18,True,4,0,0,0,0.0,0
9103,0,1,0,4,8,False,151,1,24,280,1.4,0
9104,0,1,1,1,54,True,0,0,0,0,0.0,0
9105,0,1,0,4,8,False,240,1,36,292,1.46,0
9106,0,1,0,0,0,False,0,0,0,0,0.0,0
9107,0,1,0,4,8,False,79,0,195,195,0.975,0
9108,0,1,28,6,4,False,9,1,0,256,1.28,1188
9109,0,1,0,4,8,False,86,0,180,180,0.9,0
9110,0,1,1,1,48,True,0,0,0,0,0.0,0
9111,0,1,0,4,8,False,16,1,199,455,2.275,0
9112,0,1,0,1,25,False,0,0,0,0,0.0,0
9113,0,1,0,4,8,False,79,0,240,240,1.2,0
9114,0,1,0,4,10,False,100,1,75,331,1.655,0
9115,0,1,0,4,8,False,184,1,79,335,1.675,0
9116,0,1,0,4,11,False,45,9,198,2502,12.51,0
9117,0,1,0,4,8,False,67,2,52,564,2.82,0
9118,0,1,0,4,7,False,229,0,149,149,0.745,0
9119,0,1,0,4,8,False,180,3,10,778,3.89,0
9120,0,1,0,4,7,False,86,1,23,279,1.395,0
9121,0,1,0,4,7,False,222,0,212,212,1.06,0
9122,0,1,0,4,7,False,207,0,90,90,0.45,0
9123,0,1,0,4,8,False,109,7,86,1878,9.39,0
9124,0,1,0,4,11,False,79,0,140,140,0.7,0
9125,0,1,0,4,8,False,18,2,169,681,3.405,0
9126,0,1,0,4,7,False,195,0,99,99,0.495,0
9127,0,1,0,4,7,False,109,0,101,101,0.505,0
9128,0,1,0,4,9,False,255,0,67,67,0.335,0
9129,0,1,0,4,7,False,4,1,125,381,1.905,0
9130,0,1,0,4,7,False,169,0,211,211,1.055,0
9131,0,1,0,4,7,False,109,0,79,79,0.395,0
9132,0,1,0,4,7,False,35,0,157,157,0.785,0
9133,0,1,0,4,8,False,210,12,251,3323,16.615,0
9134,0,1,0,4,11,False,30,14,27,3611,18.055,0
9135,0,1,0,4,7,False,217,0,76,76,0.38,0
9136,0,1,0,4,7,False,246,0,210,210,1.05,0
9137,0,1,0,4,7,False,119,0,55,55,0.275,0
9138,0,1,0,4,6,False,110,0,104,104,0.52,0
9139,0,1,0,4,8,False,86,3,71,839,4.195,0
9140,0,1,0,4,4,False,232,0,71,71,0.355,0
9141,0,1,0,4,8,False,161,1,78,334,1.67,0
9142,0,1,0,5,4,False,6,13,0,3328,16.64,97
9143,0,1,0,4,8,False,112,3,4,772,3.86,0
9144,0,1,14,7,4,False,211,1,66,322,1.61,331780
9145,0,1,0,4,7,False,171,0,55,55,0.275,0
9146,0,1,14,1,0,False,0,0,0,0,0.0,0
9147,0,1,0,4,7,False,102,0,68,68,0.34,0
9148,0,1,10,4,4,False,8,4,1,1025,5.125,0
9149,0,1,0,4,7,False,176,0,210,210,1.05,0
9150,0,1,0,4,5,False,102,0,66,66,0.33,0
9151,0,1,0,4,7,False,252,0,58,58,0.29,0
9152,0,1,0,4,33,True,126,4,4,1028,5.14,0
9153,0,1,0,4,8,False,148,8,106,2154,10.77,0
9154,0,1,0,6,7,False,113,12,4,3076,15.38,1799
9155,0,1,0,4,8,False,58,1,105,361,1.805,0
9156,0,1,20,6,0,False,128,4,9,1033,5.165,1594
9157,0,1,0,0,0,False,0,0,0,0,0.0,0
9158,0,1,0,1,4,False,0,0,0,0,0.0,0
9159,0,1,0,2,1,False,105,0,0,0,0.0,0
9160,0,1,12,6,6,False,176,0,4,4,0.02,1031
9161,0,1,0,4,7,False,169,0,82,82,0.41,0
9162,0,1,1,1,38,False,0,0,0,0,0.0,0
9163,0,1,0,4,8,False,200,4,199,1223,6.115,0
9164,0,1,0,0,0,False,0,0,0,0,0.0,0
9165,0,1,0,4,8,False,224,0,90,90,0.45,0
9166,0,1,24,7,28,True,0,0,5,5,0.025,144631
9167,0,1,0,4,8,False,123,1,5,261,1.305,0
9168,0,1,0,4,7,False,170,0,67,67,0.335,0
9169,0,1,0,4,8,False,217,0,144,144,0.72,0
9170,0,1,6,2,3,False,18,0,0,0,0.0,0
9171,0,1,0,4,8,False,135,1,26,282,1.41,0
9172,0,1,18,6,0,False,87,9,219,2523,12.615,1024
9173,0,1,0,4,7,False,211,0,68,68,0.34,0
9174,0,1,1,3,4,False,162,4,0,1024,5.12,0
9175,0,1,0,4,8,False,102,4,101,1125,5.625,0
9176,0,1,1,1,7,True,0,0,0,0,0.0,0
9177,0,1,0,4,7,False,152,0,209,209,1.045,0
9178,0,1,1,1,62,True,0,0,0,0,0.0,0
9179,0,1,0,7,24,True,0,1,4,260,1.3,10247
9180,0,1,0,4,21,True,136,4,205,1229,6.145,0
9181,0,1,0,2,4,False,8,0,0,0,0.0,0
9182,0,1,28,2,9,False,206,0,0,0,0.0,0
9183,0,1,0,6,4,False,79,4,7,1031,5.155,283
9184,0,1,1,4,19,True,4,3,4,772,3.86,0
9185,0,1,0,1,4,False,0,0,0,0,0.0,0
9186,0,1,1,3,0,True,4,10,0,2560,12.8,0
9187,0,1,0,0,0,False,0,0,0,0,0.0,0
9188,0,1,25,7,0,False,5,12,0,3072,15.36,9635391
9189,0,1,0,5,10,False,48,4,7,1031,5.155,119
9190,0,1,0,0,0,False,0,0,0,0,0.0,0
9191,0,1,0,2,33,True,4,0,0,0,0.0,0
9192,0,1,22,5,4,False,6,1,2,258,1.29,4
9193,0,1,0,7,42,True,0,8,4,2052,10.26,808200
9194,0,1,15,6,4,False,10,3,0,768,3.84,709
9195,0,1,0,3,4,False,7,15,0,3840,19.2,0
9196,0,1,19,2,4,False,6,0,0,0,0.0,0
9197,0,1,0,0,0,False,0,0,0,0,0.0,0
9198,0,1,29,0,0,False,0,0,0,0,0.0,0
9199,0,1,0,1,4,False,0,0,0,0,0.0,0
9200,0,1,0,0,0,False,0,0,0,0,0.0,0
9201,0,1,0,7,5,False,0,12,4,3076,15.38,352008
9202,0,1,26,1,10,False,0,0,0,0,0.0,0
9203,0,1,0,6,4,False,8,5,1,1281,6.405,1077
9204,0,1,0,4,5,False,0,6,4,1540,7.7,0
9205,0,1,0,0,0,False,0,0,0,0,0.0,0
9206,0,1,0,7,10,False,4,6,226,1762,8.81,525312
9207,0,1,0,7,0,False,212,4,8,1032,5.16,6881764
9208,0,1,24,7,0,False,63,4,6,1030,5.15,8128896
9209,0,1,0,4,8,False,96,1,43,299,1.495,0
9210,0,1,0,7,5,False,4,9,239,2543,12.715,314624
9211,0,1,0,4,7,False,185,0,106,106,0.53,0
9212,0,1,1,1,21,True,0,0,0,0,0.0,0
9213,0,1,0,4,7,False,201,0,118,118,0.59,0
9214,0,1,0,1,12,True,0,0,0,0,0.0,0
9215,0,1,0,4,7,False,2,0,78,78,0.39,0
9216,0,1,0,4,11,False,181,0,233,233,1.165,0
9217,0,1,0,4,7,False,138,0,63,63,0.315,0
9218,0,1,0,4,13,False,36,6,82,1618,8.09,0
9219,0,1,0,4,7,False,26,0,61,61,0.305,0
9220,0,1,0,4,11,False,96,3,25,793,3.965,0
9221,0,1,0,4,8,False,115,12,64,3136,15.68,0
9222,0,1,0,4,6,False,185,0,111,111,0.555,0
9223,0,1,0,4,8,False,66,1,212,468,2.34,0
9224,0,1,0,4,9,False,181,0,166,166,0.83,0
9225,0,1,0,4,7,False,99,1,34,290,1.45,0
9226,0,1,0,4,7,False,24,2,68,580,2.9,0
9227,0,1,0,4,8,False,22,5,43,1323,6.615,0
9228,0,1,0,4,7,False,200,1,99,355,1.775,0
9229,0,1,0,4,7,False,140,0,80,80,0.4,0
9230,0,1,0,4,7,False,25,0,169,169,0.845,0
9231,0,1,0,4,8,False,59,3,161,929,4.645,0
9232,0,1,0,4,7,False,115,0,164,164,0.82,0
9233,0,1,0,4,7,False,81,0,72,72,0.36,0
9234,0,1,0,4,7,False,84,1,49,305,1.525,0
9235,0,1,0,4,8,False,244,5,118,1398,6.99,0
9236,0,1,0,4,7,False,182,2,230,742,3.71,0
9237,0,1,0,4,7,False,37,0,140,140,0.7,0
9238,0,1,0,4,10,False,182,2,197,709,3.545,0
9239,0,1,0,4,7,False,209,0,250,250,1.25,0
9240,0,1,0,4,7,False,140,0,137,137,0.685,0
9241,0,1,0,4,7,False,81,0,115,115,0.575,0
9242,0,1,0,4,7,False,11,0,79,79,0.395,0
9243,0,1,0,4,7,False,197,0,134,134,0.67,0
9244,0,1,0,4,7,False,114,0,78,78,0.39,0
9245,0,1,0,4,7,False,52,1,215,471,2.355,0
9246,0,1,0,4,7,False,7,0,85,85,0.425,0
9247,0,1,0,4,7,False,127,0,116,116,0.58,0
9248,0,1,0,4,7,False,33,0,206,206,1.03,0
9249,0,1,0,4,7,False,57,0,60,60,0.3,0
9250,0,1,0,4,6,False,213,0,78,78,0.39,0
9251,0,1,0,4,8,False,191,7,205,1997,9.985,0
9252,0,1,0,4,7,False,112,1,20,276,1.38,0
9253,0,1,0,4,7,False,10,0,61,61,0.305,0
9254,0,1,0,4,7,False,197,0,102,102,0.51,0
9255,0,1,0,4,8,False,157,11,25,2841,14.205,0
9256,0,1,0,4,4,False,58,0,79,79,0.395,0
9257,0,1,0,4,8,False,23,1,35,291,1.455,0
9258,0,1,0,4,7,False,148,5,31,1311,6.555,0
9259,0,1,0,4,8,False,120,1,108,364,1.82,0
9260,0,1,0,4,7,False,57,2,191,703,3.515,0
9261,0,1,0,4,8,False,242,1,213,469,2.345,0
9262,0,1,0,4,8,False,127,2,165,677,3.385,0
9263,0,1,0,4,8,False,75,0,215,215,1.075,0
9264,0,1,0,4,7,False,10,0,160,160,0.8,0
9265,0,1,0,4,8,False,166,0,234,234,1.17,0
9266,0,1,0,4,10,False,39,9,71,2375,11.875,0
9267,0,1,0,4,8,False,82,1,63,319,1.595,0
9268,0,1,0,4,7,False,19,0,217,217,1.085,0
9269,0,1,0,4,7,False,159,0,55,55,0.275,0
9270,0,1,0,4,63,True,0,3,4,772,3.86,0
9271,0,1,0,4,8,False,78,6,24,1560,7.8,0
9272,0,1,0,4,20,True,0,8,4,2052,10.26,0
9273,0,1,0,4,8,False,167,7,131,1923,9.615,0
9274,0,1,0,4,9,False,174,0,4,4,0.02,0
9275,0,1,0,4,7,False,225,0,134,134,0.67,0
9276,0,1,0,4,4,False,9,14,2,3586,17.93,0
9277,0,1,0,4,7,False,92,0,224,224,1.12,0
9278,0,1,9,4,51,False,2,1,4,260,1.3,0
9279,0,1,0,4,7,False,188,0,189,189,0.945,0
9280,0,1,1,0,0,False,0,0,0,0,0.0,0
9281,0,1,0,4,8,False,97,9,94,2398,11.99,0
9282,0,1,11,4,0,False,212,4,8,1032,5.16,0
9283,0,1,0,4,9,False,187,14,53,3637,18.185,0
9284,0,1,24,0,0,False,0,0,0,0,0.0,0
9285,0,1,0,4,7,False,236,0,46,46,0.23,0
9286,0,1,0,1,5,True,0,0,0,0,0.0,0
9287,0,1,0,4,8,False,139,2,50,562,2.81,0
9288,0,1,0,4,6,False,193,1,234,490,2.45,0
9289,0,1,0,4,8,False,235,3,150,918,4.59,0
9290,0,1,0,4,9,False,82,9,196,2500,12.5,0
9291,0,1,0,4,7,False,65,0,71,71,0.355,0
9292,0,1,0,4,9,False,139,2,34,546,2.73,0
9293,0,1,0,4,8,False,122,7,246,2038,10.19,0
9294,0,1,0,4,5,False,65,0,58,58,0.29,0
9295,0,1,0,4,7,False,212,0,70,70,0.35,0
9296,0,1,0,4,11,False,70,14,4,3588,17.94,0
9297,0,1,0,4,8,False,176,2,104,616,3.08,0
9298,0,1,0,4,26,False,4,9,107,2411,12.055,0
9299,0,1,0,4,8,False,9,2,91,603,3.015,0
9300,0,1,0,1,11,True,0,0,0,0,0.0,0
9301,0,1,0,4,8,False,100,0,210,210,1.05,0
9302,0,1,0,4,9,False,196,1,9,265,1.325,0
9303,0,1,0,4,8,False,5,1,110,366,1.83,0
9304,0,1,8,1,4,False,0,0,0,0,0.0,0
9305,0,1,0,4,8,False,83,1,121,377,1.885,0
9306,0,1,1,2,48,False,212,0,0,0,0.0,0
9307,0,1,0,4,8,False,196,1,3,259,1.295,0
9308,0,1,0,0,0,False,0,0,0,0,0.0,0
9309,0,1,0,4,8,False,17,0,229,229,1.145,0
9310,0,1,20,7,8,False,0,4,9,1033,5.165,4784132
9311,0,1,0,4,8,False,94,1,111,367,1.835,0
9312,0,1,0,7,6,False,0,10,4,2564,12.82,6423816
9313,0,1,0,4,8,False,200,0,41,41,0.205,0
9314,0,1,30,3,20,False,83,0,0,0,0.0,0
9315,0,1,0,4,8,False,68,0,57,57,0.285,0
9316,0,1,0,4,9,False,4,5,0,1280,6.4,0
9317,0,1,0,4,8,False,208,0,156,156,0.78,0
9318,0,1,0,4,15,True,4,9,181,2485,12.425,0
9319,0,1,0,4,8,False,82,0,228,228,1.14,0
9320,0,1,0,0,0,False,0,0,0,0,0.0,0
9321,0,1,0,4,7,False,221,0,201,201,1.005,0
9322,0,1,0,1,29,True,0,0,0,0,0.0,0
9323,0,1,0,4,8,False,65,4,84,1108,5.54,0
9324,0,1,0,4,11,False,228,3,4,772,3.86,0
9325,0,1,0,4,8,False,163,1,43,299,1.495,0
9326,0,1,0,4,24,False,4,6,211,1747,8.735,0
9327,0,1,0,4,8,False,49,1,231,487,2.435,0
9328,0,1,0,0,0,False,0,0,0,0,0.0,0
9329,0,1,0,4,7,False,93,0,237,237,1.185,0
9330,0,1,26,2,0,False,81,0,0,0,0.0,0
9331,0,1,0,4,8,False,248,4,85,1109,5.545,0
9332,0,1,8,3,48,True,6,5,0,1280,6.4,0
9333,0,1,0,4,8,False,81,1,110,366,1.83,0
9334,0,1,0,4,5,False,81,4,6,1030,5.15,0
9335,0,1,0,4,8,False,160,0,113,113,0.565,0
9336,0,1,10,7,1,False,42,4,7,1031,5.155,13108311
9337,0,1,0,4,9,False,60,0,50,50,0.25,0
9338,0,1,0,4,9,False,181,5,224,1504,7.52,0
9339,0,1,0,4,8,False,229,2,14,526,2.63,0
9340,0,1,0,4,9,False,60,1,190,446,2.23,0
9341,0,1,0,4,7,False,230,0,74,74,0.37,0
9342,0,1,0,4,9,False,225,2,49,561,2.805,0
9343,0,1,0,4,7,False,138,0,74,74,0.37,0
9344,0,1,0,4,9,False,119,1,36,292,1.46,0
9345,0,1,0,4,8,False,85,4,90,1114,5.57,0
9346,0,1,0,4,9,False,185,1,144,400,2.0,0
9347,0,1,0,4,8,False,136,0,59,59,0.295,0
9348,0,1,0,4,9,False,85,1,7,263,1.315,0
9349,0,1,0,4,8,False,52,1,145,401,2.005,0
9350,0,1,0,4,10,False,85,9,233,2537,12.685,0
9351,0,1,0,0,0,False,0,0,0,0,0.0,0
9352,0,1,0,7,4,False,11,4,9,1033,5.165,13937461
9353,0,1,0,4,1,False,145,4,7,1031,5.155,0
9354,0,1,1,4,36,False,13,2,4,516,2.58,0
9355,0,1,0,2,0,False,60,0,0,0,0.0,0
9356,0,1,1,1,1,False,0,0,0,0,0.0,0
9357,0,1,0,4,7,False,184,0,122,122,0.61,0
9358,0,1,0,4,10,False,68,6,5,1541,7.705,0
9359,0,1,0,4,8,False,28,7,157,1949,9.745,0
9360,0,1,13,2,13,False,252,0,0,0,0.0,0
9361,0,1,0,4,8,False,114,0,164,164,0.82,0
9362,0,1,0,4,6,False,102,9,249,2553,12.765,0
9363,0,1,0,4,8,False,207,1,41,297,1.485,0
9364,0,1,0,5,13,False,4,9,114,2418,12.09,0
9365,0,1,0,4,8,False,119,0,207,207,1.035,0
9366,0,1,30,4,4,False,9,15,1,3841,19.205,0
9367,0,1,0,4,8,False,175,3,89,857,4.285,0
9368,0,1,6,0,0,False,0,0,0,0,0.0,0
9369,0,1,0,4,7,False,87,0,195,195,0.975,0
9370,0,1,0,4,9,False,119,0,94,94,0.47,0
9371,0,1,0,4,8,False,172,4,209,1233,6.165,0
9372,0,1,0,4,57,True,4,9,201,2505,12.525,0
9373,0,1,0,4,8,False,241,6,146,1682,8.41,0
9374,0,1,0,4,4,False,6,3,0,768,3.84,0
9375,0,1,0,4,7,False,92,0,60,60,0.3,0
9376,0,1,23,3,0,False,71,4,0,1024,5.12,0
9377,0,1,0,4,8,False,199,3,84,852,4.26,0
9378,0,1,0,4,6,False,0,2,88,600,3.0,0
9379,0,1,0,4,8,False,119,3,184,952,4.76,0
9380,0,1,0,4,4,False,8,7,0,1792,8.96,0
9381,0,1,0,4,7,False,167,0,91,91,0.455,0
9382,0,1,0,4,7,False,4,5,167,1447,7.235,0
9383,0,1,0,4,8,False,87,2,82,594,2.97,0
9384,0,1,0,0,0,False,0,0,0,0,0.0,0
9385,0,1,0,4,8,False,16,0,217,217,1.085,0
9386,0,1,20,7,8,False,0,7,4,1796,8.98,42761
9387,0,1,0,4,8,False,26,0,88,88,0.44,0
9388,0,1,11,6,4,False,10,12,3,3075,15.375,1037
9389,0,1,0,4,8,False,202,1,35,291,1.455,0
9390,0,1,1,3,59,False,7,14,0,3584,17.92,0
9391,0,1,0,4,8,False,100,1,107,363,1.815,0
9392,0,1,0,4,10,False,27,1,8,264,1.32,0
9393,0,1,0,4,7,False,212,0,181,181,0.905,0
9394,0,1,0,4,11,False,134,1,137,393,1.965,0
9395,0,1,0,4,8,False,41,3,210,978,4.89,0
9396,0,1,0,4,12,False,60,9,152,2456,12.28,0
9397,0,1,0,4,8,False,217,1,255,511,2.555,0
9398,0,1,0,4,10,False,82,0,243,243,1.215,0
9399,0,1,0,4,8,False,11,3,6,774,3.87,0
9400,0,1,0,4,9,False,212,1,24,280,1.4,0
9401,0,1,0,4,8,False,154,0,179,179,0.895,0
9402,0,1,0,4,10,False,137,5,13,1293,6.465,0
9403,0,1,0,4,7,False,203,0,152,152,0.76,0
9404,0,1,0,4,10,False,245,0,75,75,0.375,0
9405,0,1,0,4,8,False,175,5,0,1280,6.4,0
9406,0,1,0,4,10,False,235,1,139,395,1.975,0
9407,0,1,0,4,8,False,117,2,6,518,2.59,0
9408,0,1,0,4,9,False,204,0,131,131,0.655,0
9409,0,1,0,4,7,False,165,0,63,63,0.315,0
9410,0,1,0,4,10,False,103,4,4,1028,5.14,0
9411,0,1,0,4,7,False,122,0,166,166,0.83,0
9412,0,1,0,4,6,False,196,0,249,249,1.245,0
9413,0,1,0,4,8,False,251,5,223,1503,7.515,0
9414,0,1,0,4,10,False,155,8,156,2204,11.02,0
9415,0,1,0,4,8,False,128,0,238,238,1.19,0
9416,0,1,0,4,6,False,223,0,98,98,0.49,0
9417,0,1,0,4,8,False,31,3,166,934,4.67,0
9418,0,1,0,4,6,False,118,0,221,221,1.105,0
9419,0,1,0,4,8,False,164,1,0,256,1.28,0
9420,0,1,0,4,9,False,118,0,217,217,1.085,0
9421,0,1,0,4,8,False,67,1,189,445,2.225,0
9422,0,1,0,4,10,False,238,3,90,858,4.29,0
9423,0,1,0,4,8,False,163,4,42,1066,5.33,0
9424,0,1,0,4,10,False,119,4,161,1185,5.925,0
9425,0,1,0,4,7,False,205,0,207,207,1.035,0
9426,0,1,0,4,9,False,238,0,228,228,1.14,0
9427,0,1,0,4,8,False,68,8,33,2081,10.405,0
9428,0,1,0,4,10,False,70,2,67,579,2.895,0
9429,0,1,0,4,7,False,137,0,169,169,0.845,0
9430,0,1,0,4,6,False,191,0,153,153,0.765,0
9431,0,1,0,7,9,True,0,9,4,2308,11.54,25095
9432,0,1,0,4,9,False,195,1,97,353,1.765,0
9433,0,1,0,0,0,False,0,0,0,0,0.0,0
9434,0,1,0,4,15,True,4,5,77,1357,6.785,0
9435,0,1,0,4,8,False,253,8,56,2104,10.52,0
9436,0,1,0,0,0,False,0,0,0,0,0.0,0
9437,0,1,0,4,8,False,183,11,202,3018,15.09,0
9438,0,1,0,4,9,False,138,0,141,141,0.705,0
9439,0,1,0,4,8,False,219,0,250,250,1.25,0
9440,0,1,0,4,7,False,77,0,80,80,0.4,0
9441,0,1,0,4,8,False,53,1,4,260,1.3,0
9442,0,1,0,4,9,False,216,15,236,4076,20.38,0
9443,0,1,0,4,7,False,181,0,78,78,0.39,0
9444,0,1,0,4,5,False,54,0,214,214,1.07,0
9445,0,1,0,4,8,False,76,5,81,1361,6.805,0
9446,0,1,0,5,4,False,5,1,0,256,1.28,179
9447,0,1,0,4,7,False,188,0,30,30,0.15,0
9448,0,1,9,4,0,False,75,0,4,4,0.02,0
9449,0,1,0,4,7,False,225,0,139,139,0.695,0
9450,0,1,0,7,7,False,4,6,4,1540,7.7,321799
9451,0,1,0,4,8,False,181,13,65,3393,16.965,0
9452,0,1,0,7,4,False,10,11,4,2820,14.1,14551305
9453,0,1,0,4,8,False,95,1,192,448,2.24,0
9454,0,1,0,0,0,False,0,0,0,0,0.0,0
9455,0,1,0,4,8,False,195,1,87,343,1.715,0
9456,0,1,22,0,0,False,0,0,0,0,0.0,0
9457,0,1,0,4,8,False,42,0,196,196,0.98,0
9458,0,1,0,4,9,False,22,1,127,383,1.915,0
9459,0,1,0,4,8,False,133,0,165,165,0.825,0
9460,0,1,24,2,4,False,9,0,0,0,0.0,0
9461,0,1,0,4,8,False,224,1,172,428,2.14,0
9462,0,1,4,6,0,False,187,4,9,1033,5.165,2390
9463,0,1,0,4,7,False,74,0,186,186,0.93,0
9464,0,1,28,0,0,False,0,0,0,0,0.0,0
9465,0,1,0,4,8,False,181,3,72,840,4.2,0
9466,0,1,0,1,5,True,0,0,0,0,0.0,0
9467,0,1,0,4,7,False,242,0,129,129,0.645,0
9468,0,1,0,4,4,False,10,1,4,260,1.3,0
9469,0,1,0,4,8,False,83,1,220,476,2.38,0
9470,0,1,1,1,9,False,0,0,0,0,0.0,0
9471,0,1,0,4,7,False,126,0,162,162,0.81,0
9472,0,1,29,6,0,False,178,7,4,1796,8.98,1031
9473,0,1,0,4,8,False,51,3,61,829,4.145,0
9474,0,1,1,0,0,False,0,0,0,0,0.0,0
9475,0,1,0,4,7,False,195,0,135,135,0.675,0
9476,0,1,0,4,10,False,238,4,5,1029,5.145,0
9477,0,1,0,4,7,False,228,1,10,266,1.33,0
9478,0,1,16,3,4,False,7,14,0,3584,17.92,0
9479,0,1,0,4,7,False,118,0,59,59,0.295,0
9480,0,1,0,0,0,False,0,0,0,0,0.0,0
9481,0,1,0,4,8,False,213,9,78,2382,11.91,0
9482,0,1,19,3,5,False,249,1,0,256,1.28,0
9483,0,1,0,4,9,False,29,5,118,1398,6.99,0
9484,0,1,1,7,35,True,4,7,48,1840,9.2,286976
9485,0,1,0,4,7,False,120,0,61,61,0.305,0
9486,0,1,0,6,33,False,0,12,4,3076,15.38,37639
9487,0,1,0,4,7,False,29,1,43,299,1.495,0
9488,0,1,0,0,0,False,0,0,0,0,0.0,0
9489,0,1,0,4,7,False,215,0,131,131,0.655,0
9490,0,1,20,0,0,False,0,0,0,0,0.0,0
9491,0,1,0,4,7,False,232,0,164,164,0.82,0
9492,0,1,0,4,6,False,250,0,160,160,0.8,0
9493,0,1,0,4,8,False,68,1,188,444,2.22,0
9494,0,1,0,4,8,False,233,0,75,75,0.375,0
9495,0,1,0,4,8,False,144,1,48,304,1.52,0
9496,0,1,0,4,7,False,120,1,183,439,2.195,0
9497,0,1,0,4,8,False,42,1,114,370,1.85,0
9498,0,1,0,4,6,False,215,0,75,75,0.375,0
9499,0,1,0,4,7,False,139,1,117,373,1.865,0
9500,0,1,0,4,8,False,215,0,65,65,0.325,0
9501,0,1,0,4,8,False,7,3,243,1011,5.055,0
9502,0,1,0,4,6,False,232,0,157,157,0.785,0
9503,0,1,0,4,7,False,151,0,147,147,0.735,0
9504,0,1,0,4,9,False,222,1,237,493,2.465,0
9505,0,1,0,4,8,False,74,5,133,1413,7.065,0
9506,0,1,0,4,10,False,75,6,12,1548,7.74,0
9507,0,1,0,4,8,False,207,1,92,348,1.74,0
9508,0,1,0,4,11,False,49,2,132,644,3.22,0
9509,0,1,0,4,8,False,48,3,158,926,4.63,0
9510,0,1,0,4,6,False,140,0,56,56,0.28,0
9511,0,1,0,4,7,False,101,0,70,70,0.35,0
9512,0,1,0,4,7,False,7,0,77,77,0.385,0
9513,0,1,0,4,7,False,246,0,73,73,0.365,0
9514,0,1,0,4,7,False,151,0,201,201,1.005,0
9515,0,1,0,4,8,False,46,5,113,1393,6.965,0
9516,0,1,0,4,7,False,74,1,224,480,2.4,0
9517,0,1,0,4,8,False,40,1,198,454,2.27,0
9518,0,1,0,4,7,False,212,0,171,171,0.855,0
9519,0,1,0,4,8,False,142,0,199,199,0.995,0
9520,0,1,0,4,10,False,219,1,172,428,2.14,0
9521,0,1,0,4,7,False,142,0,72,72,0.36,0
9522,0,1,0,4,10,False,101,0,111,111,0.555,0
9523,0,1,0,4,8,False,147,5,196,1476,7.38,0
9524,0,1,0,4,7,False,47,1,126,382,1.91,0
9525,0,1,0,4,8,False,190,1,24,280,1.4,0
9526,0,1,0,4,9,False,68,0,240,240,1.2,0
9527,0,1,0,4,8,False,124,2,64,576,2.88,0
9528,0,1,0,4,7,False,243,0,92,92,0.46,0
9529,0,1,0,4,8,False,21,0,146,146,0.73,0
9530,0,1,0,4,11,False,142,4,39,1063,5.315,0
9531,0,1,0,4,7,False,131,0,163,163,0.815,0
9532,0,1,0,4,5,False,1,10,4,2564,12.82,0
9533,0,1,0,4,8,False,125,1,243,499,2.495,0
9534,0,1,0,4,4,False,11,8,5,2053,10.265,0
9535,0,1,0,4,8,False,102,1,95,351,1.755,0
9536,0,1,0,4,12,False,89,0,179,179,0.895,0
9537,0,1,0,4,7,False,160,0,63,63,0.315,0
9538,0,1,11,0,0,False,0,0,0,0,0.0,0
9539,0,1,0,4,8,False,116,2,247,759,3.795,0
9540,0,1,0,4,4,False,11,13,71,3399,16.995,0
9541,0,1,0,4,8,False,138,3,179,947,4.735,0
9542,0,1,0,4,8,False,132,0,65,65,0.325,0
9543,0,1,0,4,7,False,23,0,183,183,0.915,0
9544,0,1,0,2,10,False,66,0,0,0,0.0,0
9545,0,1,0,4,8,False,193,4,51,1075,5.375,0
9546,0,1,21,3,4,False,171,5,0,1280,6.4,0
9547,0,1,0,4,8,False,42,0,170,170,0.85,0
9548,0,1,0,1,28,True,0,0,0,0,0.0,0
9549,0,1,0,4,7,False,97,1,28,284,1.42,0
9550,0,1,0,5,23,False,0,11,0,2816,14.08,103
9551,0,1,0,4,8,False,239,5,204,1484,7.42,0
9552,0,1,10,5,4,False,2,14,5,3589,17.945,97
9553,0,1,0,4,7,False,107,0,79,79,0.395,0
9554,0,1,0,0,0,False,0,0,0,0,0.0,0
9555,0,1,0,4,8,False,213,13,89,3417,17.085,0
9556,0,1,26,1,4,False,0,0,0,0,0.0,0
9557,0,1,0,4,8,False,32,0,155,155,0.775,0
9558,0,1,1,4,3,True,1,1,109,365,1.825,0
9559,0,1,0,4,9,False,133,11,75,2891,14.455,0
9560,0,1,0,1,6,False,0,0,0,0,0.0,0
9561,0,1,0,4,8,False,197,3,135,903,4.515,0
9562,0,1,22,2,0,False,4,0,0,0,0.0,0
9563,0,1,0,4,8,False,52,0,224,224,1.12,0
9564,0,1,0,6,5,False,15,4,4,1028,5.14,9
9565,0,1,0,4,7,False,100,0,64,64,0.32,0
9566,0,1,7,4,2,False,4,9,4,2308,11.54,0
9567,0,1,0,4,8,False,233,1,212,468,2.34,0
9568,0,1,1,0,0,False,0,0,0,0,0.0,0
9569,0,1,0,4,8,False,143,1,55,311,1.555,0
9570,0,1,10,2,4,False,8,0,0,0,0.0,0
9571,0,1,0,4,9,False,225,0,215,215,1.075,0
9572,0,1,16,6,5,False,0,7,4,1796,8.98,1287
9573,0,1,0,4,8,False,34,2,211,723,3.615,0
9574,0,1,30,3,0,False,137,14,0,3584,17.92,0
9575,0,1,0,4,7,False,122,0,85,85,0.425,0
9576,0,1,27,6,4,False,6,9,0,2304,11.52,1091
9577,0,1,0,4,8,False,114,3,50,818,4.09,0
9578,0,1,1,1,2,True,0,0,0,0,0.0,0
9579,0,1,0,4,8,False,243,2,245,757,3.785,0
9580,0,1,1,0,0,False,0,0,0,0,0.0,0
9581,0,1,0,4,7,False,56,0,132,132,0.66,0
9582,0,1,10,5,4,False,10,2,0,512,2.56,4
9583,0,1,0,4,8,False,145,2,126,638,3.19,0
9584,0,1,1,3,47,False,13,5,0,1280,6.4,0
9585,0,1,0,4,7,False,242,0,61,61,0.305,0
9586,0,1,0,4,5,False,226,1,70,326,1.63,0
9587,0,1,0,4,8,False,114,2,240,752,3.76,0
9588,0,1,0,4,9,False,50,1,155,411,2.055,0
9589,0,1,0,4,7,False,161,0,134,134,0.67,0
9590,0,1,0,4,10,False,49,2,65,577,2.885,0
9591,0,1,0,4,8,False,63,2,9,521,2.605,0
9592,0,1,0,4,10,False,242,1,67,323,1.615,0
9593,0,1,0,4,8,False,208,0,223,223,1.115,0
9594,0,1,0,4,10,False,161,1,36,292,1.46,0
9595,0,1,0,4,8,False,111,2,13,525,2.625,0
9596,0,1,0,4,11,False,39,0,186,186,0.93,0
9597,0,1,0,4,7,False,118,0,60,60,0.3,0
9598,0,1,0,4,12,False,84,12,200,3272,16.36,0
9599,0,1,0,4,8,False,42,4,206,1230,6.15,0
9600,0,1,0,4,10,False,22,2,39,551,2.755,0
9601,0,1,0,4,7,False,213,0,96,96,0.48,0
9602,0,1,0,4,9,False,119,0,24,24,0.12,0
9603,0,1,0,4,7,False,250,1,28,284,1.42,0
9604,0,1,0,4,10,False,170,2,150,662,3.31,0
9605,0,1,0,4,8,False,218,7,33,1825,9.125,0
9606,0,1,0,4,10,False,161,0,198,198,0.99,0
9607,0,1,0,4,8,False,244,1,72,328,1.64,0
9608,0,1,0,4,8,False,181,4,6,1030,5.15,0
9609,0,1,0,4,8,False,150,1,116,372,1.86,0
9610,0,1,31,5,1,False,110,2,206,718,3.59,13
9611,0,1,0,4,8,False,15,1,112,368,1.84,0
9612,0,1,0,5,1,False,236,3,227,995,4.975,224
9613,0,1,0,4,8,False,142,2,98,610,3.05,0
9614,0,1,0,4,6,False,253,0,98,98,0.49,0
9615,0,1,0,4,7,False,13,0,75,75,0.375,0
9616,0,1,0,4,9,False,250,4,11,1035,5.175,0
9617,0,1,0,4,8,False,147,3,152,920,4.6,0
9618,0,1,0,4,4,False,10,14,0,3584,17.92,0
9619,0,1,0,4,8,False,254,3,32,800,4.0,0
9620,0,1,30,4,0,False,59,9,152,2456,12.28,0
9621,0,1,0,4,8,False,35,1,118,374,1.87,0
9622,0,1,0,4,4,False,7,5,0,1280,6.4,0
9623,0,1,0,4,8,False,210,1,197,453,2.265,0
9624,0,1,7,4,4,False,9,4,9,1033,5.165,0
9625,0,1,0,4,8,False,65,1,127,383,1.915,0
9626,0,1,13,6,22,True,2,8,51,2099,10.495,260
9627,0,1,0,4,7,False,182,0,75,75,0.375,0
9628,0,1,21,5,14,False,4,8,4,2052,10.26,10
9629,0,1,0,4,7,False,114,0,88,88,0.44,0
9630,0,1,0,0,0,False,0,0,0,0,0.0,0
9631,0,1,0,4,8,False,199,4,153,1177,5.885,0
9632,0,1,10,2,10,False,1,0,0,0,0.0,0
9633,0,1,0,4,8,False,50,1,3,259,1.295,0
9634,0,1,0,4,4,False,34,8,1,2049,10.245,0
9635,0,1,0,4,7,False,80,0,220,220,1.1,0
9636,0,1,1,7,22,True,1,4,11,1035,5.175,12779525
9637,0,1,0,4,7,False,208,0,212,212,1.06,0
9638,0,1,22,1,4,False,0,0,0,0,0.0,0
9639,0,1,0,4,8,False,126,5,111,1391,6.955,0
9640,0,1,0,4,5,False,208,0,0,0,0.0,0
9641,0,1,0,4,8,False,218,1,28,284,1.42,0
9642,0,1,26,7,58,False,6,4,6,1030,5.15,656493
9643,0,1,0,4,8,False,94,1,147,403,2.015,0
9644,0,1,27,2,5,False,144,0,0,0,0.0,0
9645,0,1,0,4,7,False,213,0,235,235,1.175,0
9646,0,1,22,1,6,False,0,0,0,0,0.0,0
9647,0,1,0,4,8,False,58,6,210,1746,8.73,0
9648,0,1,0,4,10,False,204,3,130,898,4.49,0
9649,0,1,0,4,8,False,175,1,213,469,2.345,0
9650,0,1,2,2,0,False,179,0,0,0,0.0,0
9651,0,1,0,4,8,False,26,1,176,432,2.16,0
9652,0,1,0,1,45,False,0,0,0,0,0.0,0
9653,0,1,0,4,8,False,46,0,255,255,1.275,0
9654,0,1,0,4,11,False,7,0,88,88,0.44,0
9655,0,1,0,4,8,False,159,0,61,61,0.305,0
9656,0,1,9,7,6,False,4,4,9,1033,5.165,590890
9657,0,1,0,4,8,False,93,1,224,480,2.4,0
9658,0,1,30,2,0,False,251,0,0,0,0.0,0
9659,0,1,0,4,7,False,179,0,81,81,0.405,0
9660,0,1,25,2,22,True,0,0,0,0,0.0,0
9661,0,1,0,4,8,False,105,3,87,855,4.275,0
9662,0,1,0,4,11,False,42,0,89,89,0.445,0
9663,0,1,0,4,7,False,141,1,100,356,1.78,0
9664,0,1,1,2,0,False,160,0,0,0,0.0,0
9665,0,1,0,4,8,False,15,8,29,2077,10.385,0
9666,0,1,11,6,1,False,127,7,106,1898,9.49,0
9667,0,1,0,4,8,False,73,1,134,390,1.95,0
9668,0,1,17,2,4,False,9,0,0,0,0.0,0
9669,0,1,0,4,8,False,211,0,143,143,0.715,0
9670,0,1,21,6,8,False,129,4,9,1033,5.165,14405
9671,0,1,0,4,8,False,53,0,103,103,0.515,0
9672,0,1,0,0,0,False,0,0,0,0,0.0,0
9673,0,1,0,4,8,False,126,1,62,318,1.59,0
9674,0,1,0,4,10,False,207,7,40,1832,9.16,0
9675,0,1,0,4,8,False,247,0,80,80,0.4,0
9676,0,1,1,2,9,False,168,0,0,0,0.0,0
9677,0,1,0,4,7,False,124,0,73,73,0.365,0
9678,0,1,0,1,37,False,0,0,0,0,0.0,0
9679,0,1,0,4,8,False,167,2,159,671,3.355,0
9680,0,1,0,5,4,False,10,11,11,2827,14.135,4
9681,0,1,0,4,8,False,65,1,16,272,1.36,0
9682,0,1,1,2,8,False,2,0,0,0,0.0,0
9683,0,1,0,4,8,False,240,1,37,293,1.465,0
9684,0,1,0,4,4,False,6,0,74,74,0.37,0
9685,0,1,0,4,8,False,16,0,60,60,0.3,0
9686,0,1,0,4,7,False,219,3,0,768,3.84,0
9687,0,1,0,4,8,False,198,0,79,79,0.395,0
9688,0,1,0,4,12,False,3,9,73,2377,11.885,0
9689,0,1,0,4,7,False,69,0,58,58,0.29,0
9690,0,1,0,4,6,False,124,4,11,1035,5.175,0
9691,0,1,0,4,7,False,165,0,47,47,0.235,0
9692,0,1,0,4,0,False,140,4,7,1031,5.155,0
9693,0,1,0,7,37,True,0,15,4,3844,19.22,21767
9694,0,1,26,1,9,False,0,0,0,0,0.0,0
9695,0,1,0,6,4,False,8,15,1,3841,19.205,1194
9696,0,1,25,2,4,False,35,0,0,0,0.0,0
9697,0,1,0,0,0,False,0,0,0,0,0.0,0
9698,0,1,0,4,2,False,4,0,157,157,0.785,0
9699,0,1,0,0,0,False,0,0,0,0,0.0,0
9700,0,1,0,4,38,True,0,7,4,1796,8.98,0
9701,0,1,0,0,0,False,0,0,0,0,0.0,0
9702,0,1,1,2,11,False,38,0,0,0,0.0,0
9703,0,1,0,2,4,False,8,0,0,0,0.0,0
9704,0,1,0,4,10,False,75,7,4,1796,8.98,0
9705,0,1,0,0,0,False,0,0,0,0,0.0,0
9706,0,1,0,5,4,False,11,0,9,9,0.045,175
9707,0,1,0,3,36,True,4,8,0,2048,10.24,0
9708,0,1,1,1,25,True,0,0,0,0,0.0,0
9709,0,1,0,7,1,False,254,4,8,1032,5.16,14680201
9710,0,1,0,3,58,False,4,10,0,2560,12.8,0
9711,0,1,0,4,8,False,163,0,227,227,1.135,0
9712,0,1,1,2,36,True,9,0,0,0,0.0,0
9713,0,1,0,4,8,False,72,0,159,159,0.795,0
9714,0,1,7,0,0,False,0,0,0,0,0.0,0
9715,0,1,0,4,8,False,125,0,255,255,1.275,0
9716,0,1,0,1,22,False,0,0,0,0,0.0,0
9717,0,1,0,4,9,False,243,15,230,4070,20.35,0
9718,0,1,0,1,45,True,0,0,0,0,0.0,0
9719,0,1,0,4,8,False,39,1,138,394,1.97,0
9720,0,1,0,4,10,False,139,1,195,451,2.255,0
9721,0,1,0,4,7,False,99,0,67,67,0.335,0
9722,0,1,24,4,9,False,254,1,43,299,1.495,0
9723,0,1,0,4,8,False,0,5,100,1380,6.9,0
9724,0,1,0,1,8,False,0,0,0,0,0.0,0
9725,0,1,0,4,7,False,7,0,94,94,0.47,0
9726,0,1,0,4,8,False,163,0,74,74,0.37,0
9727,0,1,0,4,8,False,93,7,43,1835,9.175,0
9728,0,1,0,4,5,False,7,0,107,107,0.535,0
9729,0,1,0,4,8,False,16,1,244,500,2.5,0
9730,0,1,0,4,6,False,7,0,84,84,0.42,0
9731,0,1,0,4,8,False,156,1,196,452,2.26,0
9732,0,1,0,4,7,False,7,0,93,93,0.465,0
9733,0,1,0,4,8,False,43,1,77,333,1.665,0
9734,0,1,0,4,9,False,151,8,188,2236,11.18,0
9735,0,1,0,4,9,False,138,7,255,2047,10.235,0
9736,0,1,0,4,9,False,29,1,76,332,1.66,0
9737,0,1,0,4,8,False,33,0,109,109,0.545,0
9738,0,1,0,4,10,False,12,4,41,1065,5.325,0
9739,0,1,0,4,8,False,129,2,6,518,2.59,0
9740,0,1,0,4,10,False,219,1,225,481,2.405,0
9741,0,1,0,4,8,False,218,0,98,98,0.49,0
9742,0,1,0,4,9,False,107,2,56,568,2.84,0
9743,0,1,0,4,8,False,128,2,50,562,2.81,0
9744,0,1,0,4,9,False,1,1,135,391,1.955,0
9745,0,1,0,4,7,False,170,0,72,72,0.36,0
9746,0,1,0,4,9,False,118,2,10,522,2.61,0
9747,0,1,0,4,8,False,36,6,196,1732,8.66,0
9748,0,1,0,4,9,False,245,1,128,384,1.92,0
9749,0,1,0,4,7,False,121,0,247,247,1.235,0
9750,0,1,0,4,9,False,103,1,188,444,2.22,0
9751,0,1,0,4,8,False,30,2,236,748,3.74,0
9752,0,1,0,4,5,False,122,0,223,223,1.115,0
9753,0,1,0,4,8,False,181,0,121,121,0.605,0
9754,0,1,0,4,6,False,116,1,75,331,1.655,0
9755,0,1,0,4,8,False,66,1,47,303,1.515,0
9756,0,1,0,4,7,False,121,1,36,292,1.46,0
9757,0,1,0,4,8,False,119,4,71,1095,5.475,0
9758,0,1,0,4,8,False,122,0,187,187,0.935,0
9759,0,1,0,4,8,False,255,0,99,99,0.495,0
9760,0,1,0,4,9,False,141,5,190,1470,7.35,0
9761,0,1,0,4,7,False,99,0,69,69,0.345,0
9762,0,1,0,4,10,False,196,13,209,3537,17.685,0
9763,0,1,0,4,8,False,247,5,131,1411,7.055,0
9764,0,1,0,4,9,False,174,2,215,727,3.635,0
9765,0,1,0,4,8,False,162,2,108,620,3.1,0
9766,0,1,0,4,9,False,243,1,181,437,2.185,0
9767,0,1,0,4,9,False,23,3,95,863,4.315,0
9768,0,1,0,4,9,False,172,2,39,551,2.755,0
9769,0,1,0,4,8,False,161,2,168,680,3.4,0
9770,0,1,0,4,9,False,20,3,29,797,3.985,0
9771,0,1,0,4,8,False,210,1,63,319,1.595,0
9772,0,1,0,4,9,False,50,0,92,92,0.46,0
9773,0,1,0,4,8,False,153,0,209,209,1.045,0
9774,0,1,0,4,9,False,1,1,164,420,2.1,0
9775,0,1,0,4,8,False,241,1,31,287,1.435,0
9776,0,1,1,3,13,False,0,9,0,2304,11.52,0
9777,0,1,0,4,8,False,96,0,143,143,0.715,0
9778,0,1,0,4,4,False,242,1,4,260,1.3,0
9779,0,1,0,4,7,False,17,0,209,209,1.045,0
9780,0,1,0,4,9,False,75,0,99,99,0.495,0
9781,0,1,0,4,8,False,102,3,44,812,4.06,0
9782,0,1,0,4,5,False,214,1,68,324,1.62,0
9783,0,1,0,4,8,False,231,0,246,246,1.23,0
9784,0,1,0,1,54,True,0,0,0,0,0.0,0
9785,0,1,0,4,7,False,77,0,67,67,0.335,0
9786,0,1,1,3,25,True,3,3,0,768,3.84,0
9787,0,1,0,4,8,False,253,2,51,563,2.815,0
9788,0,1,0,4,6,False,87,5,193,1473,7.365,0
9789,0,1,0,4,7,False,56,0,181,181,0.905,0
9790,0,1,2,1,7,False,0,0,0,0,0.0,0
9791,0,1,0,4,7,False,17,0,67,67,0.335,0
9792,0,1,0,4,5,False,14,0,12,12,0.06,0
9793,0,1,0,4,8,False,167,6,233,1769,8.845,0
9794,0,1,0,4,60,True,4,9,12,2316,11.58,0
9795,0,1,0,4,8,False,25,1,193,449,2.245,0
9796,0,1,0,0,0,False,0,0,0,0,0.0,0
9797,0,1,0,4,8,False,139,3,167,935,4.675,0
9798,0,1,22,3,4,False,11,11,0,2816,14.08,0
9799,0,1,0,0,0,False,0,0,0,0,0.0,0
9800,0,1,0,4,13,False,4,9,21,2325,11.625,0
9801,0,1,0,3,3,False,167,4,0,1024,5.12,0
9802,0,1,1,0,0,False,0,0,0,0,0.0,0
9803,0,1,0,7,22,True,0,0,4,4,0.02,44551
9804,0,1,0,4,6,False,63,1,42,298,1.49,0
9805,0,1,0,0,0,False,0,0,0,0,0.0,0
9806,0,1,24,2,0,False,180,0,0,0,0.0,0
9807,0,1,0,4,8,False,19,7,90,1882,9.41,0
9808,0,1,0,4,7,False,167,6,4,1540,7.7,0
9809,0,1,0,4,7,False,36,0,64,64,0.32,0
9810,0,1,0,5,21,False,0,5,4,1284,6.42,7
9811,0,1,0,4,8,False,249,12,156,3228,16.14,0
9812,0,1,17,7,15,False,109,4,8,1032,5.16,12452566
9813,0,1,0,4,8,False,156,1,40,296,1.48,0
9814,0,1,0,4,9,False,245,11,128,2944,14.72,0
9815,0,1,0,4,7,False,192,0,62,62,0.31,0
9816,0,1,0,4,9,False,185,1,19,275,1.375,0
9817,0,1,0,4,8,False,67,2,151,663,3.315,0
9818,0,1,0,4,6,False,192,0,102,102,0.51,0
9819,0,1,0,4,7,False,194,0,91,91,0.455,0
9820,0,1,0,4,9,False,134,3,27,795,3.975,0
9821,0,1,0,4,8,False,142,5,47,1327,6.635,0
9822,0,1,0,4,5,False,195,0,68,68,0.34,0
9823,0,1,0,4,7,False,2,0,57,57,0.285,0
9824,0,1,1,0,0,False,0,0,0,0,0.0,0
9825,0,1,0,4,7,False,126,1,1,257,1.285,0
9826,0,1,29,2,1,False,74,0,0,0,0.0,0
9827,0,1,0,4,8,False,195,4,174,1198,5.99,0
9828,0,1,0,4,9,False,245,0,53,53,0.265,0
9829,0,1,0,4,9,False,60,4,48,1072,5.36,0
9830,0,1,0,4,5,False,126,0,198,198,0.99,0
9831,0,1,0,4,7,False,98,0,168,168,0.84,0
9832,0,1,0,4,6,False,126,0,76,76,0.38,0
9833,0,1,0,4,8,False,10,2,202,714,3.57,0
9834,0,1,0,4,5,False,99,0,58,58,0.29,0
9835,0,1,0,4,8,False,152,5,55,1335,6.675,0
9836,0,1,0,4,7,False,98,1,5,261,1.305,0
9837,0,1,0,4,8,False,241,7,131,1923,9.615,0
9838,0,1,0,4,5,False,28,0,57,57,0.285,0
9839,0,1,0,4,7,False,50,0,58,58,0.29,0
9840,0,1,0,4,9,False,238,12,249,3321,16.605,0
9841,0,1,0,4,8,False,181,4,118,1142,5.71,0
9842,0,1,0,6,4,False,4,9,50,2354,11.77,46594
9843,0,1,0,4,7,False,75,0,240,240,1.2,0
9844,0,1,0,1,49,False,0,0,0,0,0.0,0
9845,0,1,0,4,8,False,227,3,242,1010,5.05,0
9846,0,1,0,4,4,False,10,1,193,449,2.245,0
9847,0,1,0,4,9,False,37,7,118,1910,9.55,0
9848,0,1,0,2,0,False,146,0,0,0,0.0,0
9849,0,1,0,4,8,False,186,3,151,919,4.595,0
9850,0,1,20,2,4,False,4,0,0,0,0.0,0
9851,0,1,0,4,7,False,186,0,99,99,0.495,0
9852,0,1,0,1,0,False,0,0,0,0,0.0,0
9853,0,1,0,4,8,False,195,0,72,72,0.36,0
9854,0,1,0,4,0,False,186,6,5,1541,7.705,0
9855,0,1,0,4,8,False,103,0,166,166,0.83,0
9856,0,1,23,2,59,True,0,0,0,0,0.0,0
9857,0,1,0,4,7,False,179,0,56,56,0.28,0
9858,0,1,10,4,6,False,34,4,9,1033,5.165,0
9859,0,1,0,4,8,False,62,2,49,561,2.805,0
9860,0,1,12,7,6,False,4,9,179,2483,12.415,26624
9861,0,1,0,4,7,False,168,1,34,290,1.45,0
9862,0,1,0,4,4,False,9,3,0,768,3.84,0
9863,0,1,0,4,7,False,153,0,181,181,0.905,0
9864,0,1,22,6,17,True,14,4,10,1034,5.17,435
9865,0,1,0,4,7,False,216,0,63,63,0.315,0
9866,0,1,17,7,4,False,10,15,3,3843,19.215,4537862
9867,0,1,0,4,8,False,157,10,202,2762,13.81,0
9868,0,1,0,4,4,False,9,4,174,1198,5.99,0
9869,0,1,0,4,7,False,248,0,65,65,0.325,0
9870,0,1,0,4,8,False,164,4,10,1034,5.17,0
9871,0,1,0,4,7,False,147,0,66,66,0.33,0
9872,0,1,0,4,20,True,1,9,63,2367,11.835,0
9873,0,1,0,4,8,False,156,4,126,1150,5.75,0
9874,0,1,0,4,9,False,4,4,5,1029,5.145,0
9875,0,1,0,4,7,False,76,0,158,158,0.79,0
9876,0,1,18,3,14,False,4,9,0,2304,11.52,0
9877,0,1,0,4,8,False,54,3,79,847,4.235,0
9878,0,1,1,2,4,False,4,0,0,0,0.0,0
9879,0,1,0,4,7,False,91,0,61,61,0.305,0
9880,0,1,9,6,4,False,7,4,9,1033,5.165,113
9881,0,1,0,4,8,False,236,3,215,983,4.915,0
9882,0,1,23,3,4,False,5,1,0,256,1.28,0
9883,0,1,0,4,8,False,63,1,96,352,1.76,0
9884,0,1,0,0,0,False,0,0,0,0,0.0,0
9885,0,1,0,4,8,False,241,1,197,453,2.265,0
9886,0,1,8,6,4,False,7,13,0,3328,16.64,1205
9887,0,1,0,4,8,False,74,1,88,344,1.72,0
9888,0,1,1,2,49,True,1,0,0,0,0.0,0
9889,0,1,0,4,8,False,230,0,109,109,0.545,0
9890,0,1,21,1,4,False,0,0,0,0,0.0,0
9891,0,1,0,4,8,False,70,1,52,308,1.54,0
9892,0,1,1,1,27,True,0,0,0,0,0.0,0
9893,0,1,0,4,8,False,66,0,186,186,0.93,0
9894,0,1,0,7,48,True,4,10,237,2797,13.985,269825
9895,0,1,0,4,7,False,180,0,62,62,0.31,0
9896,0,1,1,1,6,False,0,0,0,0,0.0,0
9897,0,1,0,4,8,False,89,4,36,1060,5.3,0
9898,0,1,0,0,0,False,0,0,0,0,0.0,0
9899,0,1,0,4,8,False,224,2,36,548,2.74,0
9900,0,1,24,4,4,False,10,14,1,3585,17.925,0
9901,0,1,0,4,9,False,20,14,66,3650,18.25,0
9902,0,1,0,5,4,False,10,10,1,2561,12.805,108
9903,0,1,0,4,8,False,163,1,32,288,1.44,0
9904,0,1,0,4,10,False,20,0,176,176,0.88,0
9905,0,1,0,4,8,False,230,0,33,33,0.165,0
9906,0,1,0,4,10,False,139,1,128,384,1.92,0
9907,0,1,0,4,8,False,185,1,85,341,1.705,0
9908,0,1,0,4,11,False,16,11,86,2902,14.51,0
9909,0,1,0,4,8,False,19,3,199,967,4.835,0
9910,0,1,0,4,11,False,231,1,193,449,2.245,0
9911,0,1,0,4,8,False,67,0,88,88,0.44,0
9912,0,1,0,4,10,False,90,1,123,379,1.895,0
9913,0,1,0,4,7,False,205,0,145,145,0.725,0
9914,0,1,0,4,10,False,245,1,141,397,1.985,0
9915,0,1,0,4,8,False,64,3,159,927,4.635,0
9916,0,1,0,4,11,False,9,9,30,2334,11.67,0
9917,0,1,0,4,8,False,221,1,97,353,1.765,0
9918,0,1,0,4,9,False,195,0,116,116,0.58,0
9919,0,1,0,4,7,False,105,0,55,55,0.275,0
9920,0,1,0,4,6,False,216,0,37,37,0.185,0
9921,0,1,0,4,8,False,246,3,20,788,3.94,0
9922,0,1,0,4,10,False,36,2,176,688,3.44,0
9923,0,1,0,4,8,False,136,1,42,298,1.49,0
9924,0,1,0,4,10,False,211,0,87,87,0.435,0
9925,0,1,0,4,8,False,69,0,192,192,0.96,0
9926,0,1,0,4,10,False,94,1,97,353,1.765,0
9927,0,1,0,4,8,False,163,0,155,155,0.775,0
9928,0,1,0,4,10,False,246,1,97,353,1.765,0
9929,0,1,0,4,8,False,22,1,50,306,1.53,0
9930,0,1,0,4,10,False,137,0,59,59,0.295,0
9931,0,1,0,4,8,False,155,2,148,660,3.3,0
9932,0,1,0,4,11,False,103,1,181,437,2.185,0
9933,0,1,0,4,7,False,5,1,9,265,1.325,0
9934,0,1,0,4,11,False,241,2,184,696,3.48,0
9935,0,1,0,4,7,False,165,0,75,75,0.375,0
9936,0,1,0,4,10,False,98,1,203,459,2.295,0
9937,0,1,0,4,8,False,251,5,22,1302,6.51,0
9938,0,1,0,4,11,False,252,3,249,1017,5.085,0
9939,0,1,0,4,8,False,229,1,147,403,2.015,0
9940,0,1,0,4,6,False,7,0,58,58,0.29,0
9941,0,1,0,4,7,False,234,0,132,132,0.66,0
9942,0,1,0,4,9,False,165,1,160,416,2.08,0
9943,0,1,0,4,8,False,186,3,80,848,4.24,0
9944,0,1,0,4,10,False,133,4,182,1206,6.03,0
9945,0,1,0,4,8,False,31,1,56,312,1.56,0
9946,0,1,0,4,9,False,235,0,133,133,0.665,0
9947,0,1,0,4,8,False,130,0,82,82,0.41,0
9948,0,1,0,4,10,False,229,1,127,383,1.915,0
9949,0,1,0,4,7,False,47,0,53,53,0.265,0
9950,0,1,0,4,10,False,2,2,96,608,3.04,0
9951,0,1,0,4,8,False,173,3,171,939,4.695,0
9952,0,1,0,4,11,False,131,8,103,2151,10.755,0
9953,0,1,0,4,7,False,250,0,126,126,0.63,0
9954,0,1,0,4,12,False,27,13,51,3379,16.895,0
9955,0,1,0,4,8,False,88,3,255,1023,5.115,0
9956,0,1,0,4,10,False,43,0,192,192,0.96,0
9957,0,1,0,4,7,False,29,0,200,200,1.0,0
9958,0,1,0,4,10,False,243,1,156,412,2.06,0
9959,0,1,0,4,8,False,18,3,254,1022,5.11,0
9960,0,1,0,4,10,False,88,1,67,323,1.615,0
9961,0,1,0,4,7,False,243,0,186,186,0.93,0
9962,0,1,0,4,9,False,168,0,68,68,0.34,0
9963,0,1,0,4,8,False,117,5,97,1377,6.885,0
9964,0,1,0,4,10,False,18,3,139,907,4.535,0
9965,0,1,0,4,8,False,166,6,185,1721,8.605,0
9966,0,1,0,4,11,False,201,3,185,953,4.765,0
9967,0,1,0,4,7,False,102,0,143,143,0.715,0
9968,0,1,0,4,9,False,244,0,170,170,0.85,0
9969,0,1,0,4,7,False,123,0,63,63,0.315,0
9970,0,1,0,4,10,False,155,6,162,1698,8.49,0
9971,0,1,0,4,8,False,70,4,71,1095,5.475,0
9972,0,1,0,4,11,False,23,11,246,3062,15.31,0
9973,0,1,0,4,8,False,165,2,0,512,2.56,0
9974,0,1,0,4,9,False,102,1,72,328,1.64,0
9975,0,1,0,4,8,False,47,1,138,394,1.97,0
9976,0,1,0,4,10,False,119,2,212,724,3.62,0
9977,0,1,0,4,9,False,176,2,53,565,2.825,0
9978,0,1,0,4,10,False,104,1,53,309,1.545,0
9979,0,1,0,4,8,False,47,1,132,388,1.94,0
9980,0,1,0,4,11,False,162,9,166,2470,12.35,0
9981,0,1,0,4,8,False,69,3,75,843,4.215,0
9982,0,1,0,4,10,False,251,0,149,149,0.745,0
9983,0,1,0,4,8,False,169,1,51,307,1.535,0
9984,0,1,0,4,11,False,161,1,247,503,2.515,0
9985,0,1,0,4,8,False,106,1,3,259,1.295,0
9986,0,1,0,4,9,False,49,0,200,200,1.0,0
9987,0,1,0,4,7,False,255,0,138,138,0.69,0
9988,0,1,0,4,10,False,170,5,130,1410,7.05,0
9989,0,1,0,4,7,False,84,0,64,64,0.32,0
9990,0,1,0,4,10,False,59,0,163,163,0.815,0
9991,0,1,0,4,8,False,157,7,118,1910,9.55,0
9992,0,1,0,4,11,False,174,12,235,3307,16.535,0
9993,0,1,0,4,9,False,82,13,133,3461,17.305,0
9994,0,1,0,4,9,False,181,0,193,193,0.965,0
9995,0,1,0,4,8,False,217,1,146,402,2.01,0
9996,0,1,0,4,10,False,158,5,189,1469,7.345,0
9997,0,1,0,4,8,False,217,2,101,613,3.065,0
9998,0,1,0,4,4,False,11,10,9,2569,12.845,0
9999,0,1,0,4,8,False,179,0,217,217,1.085,0
10000,0,1,6,3,7,False,4,4,0,1024,5.12,0
10001,0,1,0,4,8,False,22,1,93,349,1.745,0
10002,0,1,1,3,25,True,235,11,0,2816,14.08,0
10003,0,1,0,4,7,False,135,0,62,62,0.31,0
10004,0,1,6,3,54,True,190,4,0,1024,5.12,0
10005,0,1,0,4,8,False,12,3,70,838,4.19,0
10006,0,1,1,1,3,True,0,0,0,0,0.0,0
10007,0,1,0,4,7,False,109,0,55,55,0.275,0
10008,0,1,1,0,0,False,0,0,0,0,0.0,0
10009,0,1,0,4,8,False,246,4,28,1052,5.26,0
10010,0,1,0,4,9,False,135,4,10,1034,5.17,0
10011,0,1,0,4,7,False,53,0,52,52,0.26,0
10012,0,1,31,6,10,False,4,9,181,2485,12.425,2817
10013,0,1,0,4,8,False,146,7,68,1860,9.3,0
10014,0,1,0,4,5,False,8,0,64,64,0.32,0
10015,0,1,0,4,8,False,106,3,46,814,4.07,0
10016,0,1,31,5,4,False,9,2,5,517,2.585,94
10017,0,1,0,4,8,False,240,0,210,210,1.05,0
10018,0,1,0,2,4,False,9,0,0,0,0.0,0
10019,0,1,0,4,7,False,65,0,67,67,0.335,0
10020,0,1,0,6,2,False,86,9,178,2482,12.41,51456
10021,0,1,0,4,8,False,123,1,119,375,1.875,0
10022,0,1,27,5,4,False,9,11,3,2819,14.095,142
10023,0,1,0,4,8,False,156,1,49,305,1.525,0
10024,0,1,0,4,9,False,17,4,109,1133,5.665,0
10025,0,1,0,4,8,False,254,4,139,1163,5.815,0
10026,0,1,0,4,9,False,124,0,235,235,1.175,0
10027,0,1,0,4,8,False,72,5,150,1430,7.15,0
10028,0,1,0,4,9,False,250,2,9,521,2.605,0
10029,0,1,0,4,7,False,175,0,72,72,0.36,0
10030,0,1,0,4,9,False,91,3,241,1009,5.045,0
10031,0,1,0,4,8,False,95,2,42,554,2.77,0
10032,0,1,0,4,9,False,215,2,65,577,2.885,0
10033,0,1,0,4,8,False,179,1,85,341,1.705,0
10034,0,1,0,4,23,True,4,10,175,2735,13.675,0
10035,0,1,0,4,8,False,47,1,233,489,2.445,0
10036,0,1,0,5,4,False,214,4,11,1035,5.175,1
10037,0,1,0,4,7,False,155,0,51,51,0.255,0
10038,0,1,0,2,52,False,4,0,0,0,0.0,0
10039,0,1,0,4,8,False,66,2,236,748,3.74,0
10040,0,1,28,1,4,False,0,0,0,0,0.0,0
10041,0,1,0,4,7,False,154,0,233,233,1.165,0
10042,0,1,0,1,9,False,0,0,0,0,0.0,0
10043,0,1,0,4,8,False,245,5,3,1283,6.415,0
10044,0,1,16,7,4,False,4,3,1,769,3.845,271365
10045,0,1,0,4,8,False,20,0,64,64,0.32,0
10046,0,1,0,7,10,False,48,6,6,1542,7.71,262520
10047,0,1,0,4,7,False,178,0,248,248,1.24,0
10048,0,1,0,4,6,False,149,0,195,195,0.975,0
10049,0,1,0,4,8,False,87,3,117,885,4.425,0
10050,0,1,0,5,56,True,3,0,75,75,0.375,4
10051,0,1,0,4,8,False,8,4,22,1046,5.23,0
10052,0,1,0,7,51,True,0,10,4,2564,12.82,9568265
10053,0,1,0,4,7,False,15,0,54,54,0.27,0
10054,0,1,0,4,51,True,4,6,162,1698,8.49,0
10055,0,1,0,4,8,False,2,4,131,1155,5.775,0
10056,0,1,0,0,0,False,0,0,0,0,0.0,0
10057,0,1,0,4,7,False,92,1,230,486,2.43,0
10058,0,1,0,0,0,False,0,0,0,0,0.0,0
10059,0,1,0,4,8,False,191,4,168,1192,5.96,0
10060,0,1,21,1,4,False,0,0,0,0,0.0,0
10061,0,1,0,4,9,False,17,7,254,2046,10.23,0
10062,0,1,1,0,0,False,0,0,0,0,0.0,0
10063,0,1,0,4,8,False,131,1,67,323,1.615,0
10064,0,1,0,4,1,False,87,4,7,1031,5.155,0
10065,0,1,0,4,8,False,161,0,185,185,0.925,0
10066,0,1,0,0,0,False,0,0,0,0,0.0,0
10067,0,1,0,4,7,False,12,1,91,347,1.735,0
10068,0,1,25,7,4,False,9,15,0,3840,19.2,328784
10069,0,1,0,4,8,False,154,4,129,1153,5.765,0
10070,0,1,0,6,1,False,184,1,10,266,1.33,1028
10071,0,1,0,4,7,False,21,0,141,141,0.705,0
10072,0,1,19,2,4,False,6,0,0,0,0.0,0
10073,0,1,0,4,8,False,197,5,211,1491,7.455,0
10074,0,1,1,4,4,False,5,2,178,690,3.45,0
10075,0,1,0,4,8,False,255,1,2,258,1.29,0
10076,0,1,0,4,9,False,231,4,7,1031,5.155,0
10077,0,1,0,4,7,False,85,1,126,382,1.91,0
10078,0,1,30,2,8,False,237,0,0,0,0.0,0
10079,0,1,0,7,21,False,1,14,4,3588,17.94,64007
10080,0,1,0,0,0,False,0,0,0,0,0.0,0
10081,0,1,0,2,4,False,8,0,0,0,0.0,0
10082,0,1,0,7,4,False,5,11,1,2817,14.085,393220
10083,0,1,0,0,0,False,0,0,0,0,0.0,0
10084,0,1,10,5,1,False,85,2,0,512,2.56,88
10085,0,1,0,1,22,False,0,0,0,0,0.0,0
10086,0,1,7,6,4,False,7,10,0,2560,12.8,21990
10087,0,1,0,4,8,False,239,0,233,233,1.165,0
10088,0,1,0,0,0,False,0,0,0,0,0.0,0
10089,0,1,0,4,7,False,179,0,96,96,0.48,0
10090,0,1,10,6,4,False,9,14,0,3584,17.92,2741
10091,0,1,0,4,8,False,9,3,34,802,4.01,0
10092,0,1,10,6,4,False,4,5,179,1459,7.295,1280
10093,0,1,0,4,7,False,73,0,81,81,0.405,0
10094,0,1,9,1,0,False,0,0,0,0,0.0,0
10095,0,1,0,4,7,False,237,0,91,91,0.455,0
10096,0,1,8,7,50,False,4,11,85,2901,14.505,11732737
10097,0,1,0,4,8,False,110,6,46,1582,7.91,0
10098,0,1,0,0,0,False,0,0,0,0,0.0,0
10099,0,1,0,4,7,False,55,0,138,138,0.69,0
10100,0,1,8,6,4,False,9,15,8,3848,19.24,3016
10101,0,1,0,4,8,False,157,4,122,1146,5.73,0
10102,0,1,9,6,1,False,200,4,7,1031,5.155,1171
10103,0,1,0,4,9,False,32,2,238,750,3.75,0
10104,0,1,0,2,6,False,4,0,0,0,0.0,0
10105,0,1,0,4,8,False,172,3,78,846,4.23,0
10106,0,1,0,7,6,False,56,9,9,2313,11.565,12779778
10107,0,1,0,4,8,False,17,0,248,248,1.24,0
10108,0,1,26,4,4,False,2,10,7,2567,12.835,0
10109,0,1,0,4,7,False,199,0,197,197,0.985,0
10110,0,1,0,4,11,False,138,9,0,2304,11.52,0
10111,0,1,0,4,8,False,73,6,121,1657,8.285,0
10112,0,1,0,4,10,False,4,10,8,2568,12.84,0
10113,0,1,0,4,7,False,118,0,75,75,0.375,0
10114,0,1,0,4,8,False,58,4,8,1032,5.16,0
10115,0,1,0,4,8,False,180,2,88,600,3.0,0
10116,0,1,26,7,26,False,96,4,7,1031,5.155,23751
10117,0,1,0,4,8,False,172,1,99,355,1.775,0
10118,0,1,20,1,4,False,0,0,0,0,0.0,0
10119,0,1,0,4,7,False,74,0,76,76,0.38,0
10120,0,1,1,1,48,True,0,0,0,0,0.0,0
10121,0,1,0,4,8,False,74,1,251,507,2.535,0
10122,0,1,0,7,32,False,4,9,8,2312,11.56,4850948
10123,0,1,0,4,8,False,216,2,13,525,2.625,0
10124,0,1,0,1,36,False,0,0,0,0,0.0,0
10125,0,1,0,4,9,False,171,6,171,1707,8.535,0
10126,0,1,0,4,10,False,199,4,116,1140,5.7,0
10127,0,1,0,4,8,False,190,1,4,260,1.3,0
10128,0,1,19,2,1,False,8,0,0,0,0.0,0
10129,0,1,0,4,8,False,88,1,84,340,1.7,0
10130,0,1,8,0,0,False,0,0,0,0,0.0,0
10131,0,1,0,4,8,False,185,1,45,301,1.505,0
10132,0,1,0,4,9,False,4,9,75,2379,11.895,0
10133,0,1,0,4,8,False,255,0,198,198,0.99,0
10134,0,1,1,0,0,False,0,0,0,0,0.0,0
10135,0,1,0,4,7,False,57,0,86,86,0.43,0
10136,0,1,0,4,9,False,95,0,90,90,0.45,0
10137,0,1,0,4,8,False,165,3,11,779,3.895,0
10138,0,1,1,2,31,False,2,0,0,0,0.0,0
10139,0,1,0,4,8,False,221,1,214,470,2.35,0
10140,0,1,1,4,4,False,5,2,4,516,2.58,0
10141,0,1,0,4,8,False,92,0,140,140,0.7,0
10142,0,1,0,6,9,False,1,1,4,260,1.3,519
10143,0,1,0,4,8,False,244,2,23,535,2.675,0
10144,0,1,3,4,4,False,4,9,120,2424,12.12,0
10145,0,1,0,4,7,False,40,0,66,66,0.33,0
10146,0,1,0,4,9,False,40,2,208,720,3.6,0
10147,0,1,0,4,8,False,0,2,168,680,3.4,0
10148,0,1,1,5,4,False,9,7,2,1794,8.97,21
10149,0,1,0,4,9,False,142,2,157,669,3.345,0
10150,0,1,0,4,9,False,252,0,180,180,0.9,0
10151,0,1,0,4,8,False,221,2,60,572,2.86,0
10152,0,1,7,1,42,True,0,0,0,0,0.0,0
10153,0,1,0,4,8,False,112,1,39,295,1.475,0
10154,0,1,10,0,0,False,0,0,0,0,0.0,0
10155,0,1,0,4,8,False,188,0,225,225,1.125,0
10156,0,1,0,4,9,False,206,0,120,120,0.6,0
10157,0,1,0,4,9,False,0,14,8,3592,17.96,0
10158,0,1,0,4,9,False,119,0,60,60,0.3,0
10159,0,1,0,4,7,False,110,0,162,162,0.81,0
10160,0,1,0,4,9,False,202,0,146,146,0.73,0
10161,0,1,0,4,8,False,254,3,74,842,4.21,0
10162,0,1,0,4,9,False,110,1,36,292,1.46,0
10163,0,1,0,4,8,False,78,5,35,1315,6.575,0
10164,0,1,0,4,9,False,250,1,105,361,1.805,0
10165,0,1,0,4,8,False,187,1,214,470,2.35,0
10166,0,1,0,4,7,False,5,0,66,66,0.33,0
10167,0,1,0,4,8,False,113,1,93,349,1.745,0
10168,0,1,0,4,9,False,183,5,216,1496,7.48,0
10169,0,1,0,4,8,False,82,1,97,353,1.765,0
10170,0,1,0,4,9,False,98,3,158,926,4.63,0
10171,0,1,0,4,8,False,200,3,9,777,3.885,0
10172,0,1,0,4,9,False,89,1,170,426,2.13,0
10173,0,1,0,4,7,False,201,0,65,65,0.325,0
10174,0,1,0,4,9,False,196,3,251,1019,5.095,0
10175,0,1,0,4,8,False,105,2,102,614,3.07,0
10176,0,1,0,4,10,False,53,7,190,1982,9.91,0
10177,0,1,0,4,8,False,33,1,13,269,1.345,0
10178,0,1,0,4,7,False,105,0,57,57,0.285,0
10179,0,1,0,4,7,False,34,0,64,64,0.32,0
10180,0,1,0,4,9,False,33,1,159,415,2.075,0
10181,0,1,0,4,8,False,227,5,134,1414,7.07,0
10182,0,1,0,4,5,False,127,0,80,80,0.4,0
10183,0,1,0,4,8,False,92,1,140,396,1.98,0
10184,0,1,0,4,9,False,226,4,42,1066,5.33,0
10185,0,1,0,4,9,False,236,12,0,3072,15.36,0
10186,0,1,0,4,9,False,109,2,4,516,2.58,0
10187,0,1,0,4,8,False,91,2,18,530,2.65,0
10188,0,1,0,4,9,False,225,0,154,154,0.77,0
10189,0,1,0,4,8,False,215,2,126,638,3.19,0
10190,0,1,0,4,9,False,93,3,181,949,4.745,0
10191,0,1,0,4,8,False,79,1,89,345,1.725,0
10192,0,1,0,4,9,False,221,1,106,362,1.81,0
10193,0,1,0,4,8,False,186,0,129,129,0.645,0
10194,0,1,0,4,9,False,74,1,63,319,1.595,0
10195,0,1,0,4,7,False,239,0,81,81,0.405,0
10196,0,1,0,4,9,False,181,0,217,217,1.085,0
10197,0,1,0,4,7,False,166,0,55,55,0.275,0
10198,0,1,0,4,5,False,240,0,63,63,0.315,0
10199,0,1,0,4,7,False,235,0,72,72,0.36,0
10200,0,1,0,4,9,False,187,1,226,482,2.41,0
10201,0,1,0,4,7,False,58,0,73,73,0.365,0
10202,0,1,0,4,9,False,41,0,188,188,0.94,0
10203,0,1,0,4,7,False,224,0,82,82,0.41,0
10204,0,1,0,4,5,False,58,0,93,93,0.465,0
10205,0,1,0,4,7,False,53,0,66,66,0.33,0
10206,0,1,0,4,7,False,58,0,76,76,0.38,0
10207,0,1,0,4,8,False,170,11,32,2848,14.24,0
10208,0,1,0,4,5,False,52,0,98,98,0.49,0
10209,0,1,0,4,8,False,120,0,225,225,1.125,0
10210,0,1,0,4,7,False,53,0,76,76,0.38,0
10211,0,1,0,4,8,False,120,1,79,335,1.675,0
10212,0,1,0,4,9,False,123,10,32,2592,12.96,0
10213,0,1,0,4,8,False,106,1,193,449,2.245,0
10214,0,1,0,4,9,False,123,10,160,2720,13.6,0
10215,0,1,0,4,7,False,156,0,72,72,0.36,0
10216,0,1,0,4,9,False,77,0,181,181,0.905,0
10217,0,1,0,4,8,False,56,3,190,958,4.79,0
10218,0,1,0,4,9,False,156,1,169,425,2.125,0
10219,0,1,0,4,8,False,220,1,214,470,2.35,0
10220,0,1,0,4,9,False,62,1,139,395,1.975,0
10221,0,1,0,4,7,False,9,0,67,67,0.335,0
10222,0,1,0,4,9,False,169,0,253,253,1.265,0
10223,0,1,0,4,8,False,178,3,138,906,4.53,0
10224,0,1,0,4,6,False,9,0,88,88,0.44,0
10225,0,1,0,4,8,False,49,0,210,210,1.05,0
10226,0,1,0,4,7,False,9,0,71,71,0.355,0
10227,0,1,0,4,8,False,237,1,195,451,2.255,0
10228,0,1,0,4,9,False,108,8,84,2132,10.66,0
10229,0,1,0,4,7,False,19,1,45,301,1.505,0
10230,0,1,0,4,9,False,138,1,44,300,1.5,0
10231,0,1,0,4,7,False,145,0,73,73,0.365,0
10232,0,1,0,4,5,False,7,0,204,204,1.02,0
10233,0,1,0,4,7,False,214,0,75,75,0.375,0
10234,0,1,0,4,5,False,145,0,90,90,0.45,0
10235,0,1,0,4,7,False,177,1,12,268,1.34,0
10236,0,1,0,4,6,False,145,1,28,284,1.42,0
10237,0,1,0,4,8,False,224,12,110,3182,15.91,0
10238,0,1,0,4,5,False,120,0,55,55,0.275,0
10239,0,1,0,4,8,False,37,0,62,62,0.31,0
10240,0,1,0,4,7,False,215,1,18,274,1.37,0
10241,0,1,0,4,8,False,244,1,247,503,2.515,0
10242,0,1,0,4,8,False,8,1,184,440,2.2,0
10243,0,1,0,4,8,False,92,0,113,113,0.565,0
10244,0,1,0,4,9,False,244,13,60,3388,16.94,0
10245,0,1,0,4,8,False,209,0,203,203,1.015,0
10246,0,1,0,4,9,False,53,0,78,78,0.39,0
10247,0,1,0,4,9,False,100,8,74,2122,10.61,0
10248,0,1,0,4,9,False,209,0,217,217,1.085,0
10249,0,1,0,4,8,False,203,2,255,767,3.835,0
10250,0,1,0,4,10,False,101,4,112,1136,5.68,0
10251,0,1,0,4,8,False,36,1,33,289,1.445,0
10252,0,1,0,4,9,False,206,2,163,675,3.375,0
10253,0,1,0,4,8,False,178,0,160,160,0.8,0
10254,0,1,0,4,9,False,60,3,6,774,3.87,0
10255,0,1,0,4,8,False,30,1,211,467,2.335,0
10256,0,1,0,4,9,False,106,3,209,977,4.885,0
10257,0,1,0,4,8,False,164,2,135,647,3.235,0
10258,0,1,0,4,9,False,35,0,221,221,1.105,0
10259,0,1,0,4,7,False,63,0,201,201,1.005,0
10260,0,1,0,4,9,False,166,2,85,597,2.985,0
10261,0,1,0,4,7,False,47,0,54,54,0.27,0
10262,0,1,0,4,5,False,62,0,169,169,0.845,0
10263,0,1,0,4,8,False,226,6,248,1784,8.92,0
10264,0,1,0,4,6,False,3,0,67,67,0.335,0
10265,0,1,0,4,8,False,105,2,234,746,3.73,0
10266,0,1,0,4,7,False,47,1,48,304,1.52,0
10267,0,1,0,4,8,False,217,4,61,1085,5.425,0
10268,0,1,0,4,9,False,105,10,71,2631,13.155,0
10269,0,1,0,4,8,False,39,1,98,354,1.77,0
10270,0,1,0,4,9,False,222,4,39,1063,5.315,0
10271,0,1,0,4,7,False,130,0,61,61,0.305,0
10272,0,1,0,4,9,False,44,1,151,407,2.035,0
10273,0,1,0,4,8,False,81,4,57,1081,5.405,0
10274,0,1,0,4,9,False,140,1,140,396,1.98,0
10275,0,1,0,4,8,False,214,2,144,656,3.28,0
10276,0,1,0,4,9,False,77,2,99,611,3.055,0
10277,0,1,0,4,8,False,117,1,77,333,1.665,0
10278,0,1,0,4,9,False,161,2,33,545,2.725,0
10279,0,1,0,4,7,False,213,0,56,56,0.28,0
10280,0,1,0,4,9,False,118,0,226,226,1.13,0
10281,0,1,0,4,8,False,145,6,7,1543,7.715,0
10282,0,1,0,4,5,False,213,0,69,69,0.345,0
10283,0,1,0,4,8,False,246,1,226,482,2.41,0
10284,0,1,0,4,7,False,213,0,71,71,0.355,0
10285,0,1,0,4,8,False,63,3,133,901,4.505,0
10286,0,1,0,4,9,False,246,7,202,1994,9.97,0
10287,0,1,0,4,8,False,208,1,112,368,1.84,0
10288,0,1,1,2,9,False,114,0,0,0,0.0,0
10289,0,1,0,4,7,False,246,0,62,62,0.31,0
10290,0,1,1,2,27,True,4,0,0,0,0.0,0
10291,0,1,0,4,8,False,154,2,128,640,3.2,0
10292,0,1,18,4,4,False,10,0,60,60,0.3,0
10293,0,1,0,4,8,False,244,1,190,446,2.23,0
10294,0,1,0,4,7,False,246,0,74,74,0.37,0
10295,0,1,0,4,8,False,149,0,154,154,0.77,0
10296,0,1,26,2,3,False,23,0,0,0,0.0,0
10297,0,1,0,4,7,False,238,0,82,82,0.41,0
10298,0,1,0,4,2,False,82,11,151,2967,14.835,0
10299,0,1,0,4,8,False,3,2,234,746,3.73,0
10300,0,1,0,4,9,False,3,2,146,658,3.29,0
10301,0,1,0,4,7,False,126,0,172,172,0.86,0
10302,0,1,0,4,9,False,128,1,23,279,1.395,0
10303,0,1,0,4,8,False,109,5,137,1417,7.085,0
10304,0,1,0,4,5,False,151,1,243,499,2.495,0
10305,0,1,0,4,8,False,227,0,177,177,0.885,0
10306,0,1,0,7,42,True,0,4,6,1030,5.15,314479
10307,0,1,0,4,8,False,84,2,18,530,2.65,0
10308,0,1,1,1,50,True,0,0,0,0,0.0,0
10309,0,1,0,4,7,False,126,0,217,217,1.085,0
10310,0,1,0,6,4,False,7,14,110,3694,18.47,0
10311,0,1,0,4,8,False,82,8,35,2083,10.415,0
10312,0,1,11,6,1,False,4,4,6,1030,5.15,1244
10313,0,1,0,4,8,False,171,1,199,455,2.275,0
10314,0,1,0,7,26,False,0,13,139,3467,17.335,10748014
10315,0,1,0,4,8,False,66,3,153,921,4.605,0
10316,0,1,11,2,0,False,184,0,0,0,0.0,0
10317,0,1,0,4,8,False,128,0,157,157,0.785,0
10318,0,1,0,4,9,False,45,12,4,3076,15.38,0
10319,0,1,0,4,8,False,75,1,119,375,1.875,0
10320,0,1,1,1,30,True,0,0,0,0,0.0,0
10321,0,1,0,4,7,False,150,0,80,80,0.4,0
10322,0,1,0,0,0,False,0,0,0,0,0.0,0
10323,0,1,0,4,8,False,19,4,31,1055,5.275,0
10324,0,1,22,4,4,False,9,7,1,1793,8.965,0
10325,0,1,0,4,8,False,19,4,133,1157,5.785,0
10326,0,1,23,6,4,False,5,7,0,1792,8.96,1109
10327,0,1,0,4,7,False,123,0,109,109,0.545,0
10328,0,1,1,1,19,False,0,0,0,0,0.0,0
10329,0,1,0,4,8,False,76,5,64,1344,6.72,0
10330,0,1,0,2,54,True,4,0,0,0,0.0,0
10331,0,1,0,4,8,False,100,0,139,139,0.695,0
10332,0,1,1,2,28,True,4,0,0,0,0.0,0
10333,0,1,0,4,8,False,212,1,170,426,2.13,0
10334,0,1,27,1,4,False,0,0,0,0,0.0,0
10335,0,1,0,4,8,False,85,0,218,218,1.09,0
10336,0,1,1,1,61,False,0,0,0,0,0.0,0
10337,0,1,0,4,9,False,191,14,88,3672,18.36,0
10338,0,1,0,0,0,False,0,0,0,0,0.0,0
10339,0,1,0,4,8,False,4,1,71,327,1.635,0
10340,0,1,10,1,4,False,0,0,0,0,0.0,0
10341,0,1,0,4,8,False,62,1,29,285,1.425,0
10342,0,1,1,2,55,True,1,0,0,0,0.0,0
10343,0,1,0,4,8,False,141,0,146,146,0.73,0
10344,0,1,0,1,4,False,0,0,0,0,0.0,0
10345,0,1,0,4,8,False,187,0,80,80,0.4,0
10346,0,1,1,1,11,False,0,0,0,0,0.0,0
10347,0,1,0,4,8,False,67,0,74,74,0.37,0
10348,0,1,0,1,24,False,0,0,0,0,0.0,0
10349,0,1,0,0,0,False,0,0,0,0,0.0,0
10350,0,1,0,4,9,False,198,0,181,181,0.905,0
10351,0,1,0,3,0,False,74,4,0,1024,5.12,0
10352,0,1,0,4,63,False,1,0,4,4,0.02,0
10353,0,1,0,7,41,False,0,2,4,516,2.58,313096
10354,0,1,1,1,11,False,0,0,0,0,0.0,0
10355,0,1,0,7,4,False,8,15,0,3840,19.2,525484
10356,0,1,28,2,6,False,101,0,0,0,0.0,0
10357,0,1,0,4,1,False,168,4,8,1032,5.16,0
10358,0,1,0,4,12,False,4,12,4,3076,15.38,0
10359,0,1,0,7,1,False,36,4,8,1032,5.16,16318776
10360,0,1,0,7,41,False,1,1,4,260,1.3,590857
10361,0,1,0,4,8,False,105,0,182,182,0.91,0
10362,0,1,1,0,0,False,0,0,0,0,0.0,0
10363,0,1,0,4,7,False,228,1,99,355,1.775,0
10364,0,1,0,0,0,False,0,0,0,0,0.0,0
10365,0,1,0,4,8,False,44,3,236,1004,5.02,0
10366,0,1,13,0,0,False,0,0,0,0,0.0,0
10367,0,1,0,4,7,False,125,0,51,51,0.255,0
10368,0,1,0,4,10,False,120,2,94,606,3.03,0
10369,0,1,0,4,7,False,215,0,118,118,0.59,0
10370,0,1,0,4,7,False,232,0,65,65,0.325,0
10371,0,1,0,4,7,False,44,0,79,79,0.395,0
10372,0,1,0,4,7,False,210,0,74,74,0.37,0
10373,0,1,0,4,8,False,235,5,224,1504,7.52,0
10374,0,1,0,4,5,False,44,0,75,75,0.375,0
10375,0,1,0,4,7,False,50,0,55,55,0.275,0
10376,0,1,0,4,6,False,44,0,80,80,0.4,0
10377,0,1,0,4,8,False,214,4,24,1048,5.24,0
10378,0,1,0,4,9,False,98,10,99,2659,13.295,0
10379,0,1,0,4,7,False,245,0,49,49,0.245,0
10380,0,1,0,4,9,False,215,1,10,266,1.33,0
10381,0,1,0,4,7,False,204,0,68,68,0.34,0
10382,0,1,0,1,58,False,0,0,0,0,0.0,0
10383,0,1,0,4,8,False,49,5,106,1386,6.93,0
10384,0,1,0,4,8,False,42,3,131,899,4.495,0
10385,0,1,0,4,7,False,113,0,203,203,1.015,0
10386,0,1,1,0,0,False,0,0,0,0,0.0,0
10387,0,1,0,4,7,False,191,0,63,63,0.315,0
10388,0,1,0,5,45,False,0,14,4,3588,17.94,117
10389,0,1,0,4,7,False,79,0,246,246,1.23,0
10390,0,1,0,4,5,False,115,0,76,76,0.38,0
10391,0,1,0,4,7,False,144,0,55,55,0.275,0
10392,0,1,27,6,4,False,4,5,75,1355,6.775,20480
10393,0,1,0,4,8,False,84,11,88,2904,14.52,0
10394,0,1,0,0,0,False,0,0,0,0,0.0,0
10395,0,1,0,4,7,False,127,0,212,212,1.06,0
10396,0,1,17,0,0,False,0,0,0,0,0.0,0
10397,0,1,0,4,8,False,222,3,252,1020,5.1,0
10398,0,1,0,1,2,False,0,0,0,0,0.0,0
10399,0,1,0,4,8,False,94,2,94,606,3.03,0
10400,0,1,0,4,7,False,0,7,128,1920,9.6,0
10401,0,1,0,4,8,False,141,0,160,160,0.8,0
10402,0,1,0,0,0,False,0,0,0,0,0.0,0
10403,0,1,0,4,8,False,29,1,40,296,1.48,0
10404,0,1,21,5,3,False,101,6,4,1540,7.7,4
10405,0,1,0,4,9,False,81,10,10,2570,12.85,0
10406,0,1,17,4,4,False,2,1,4,260,1.3,0
10407,0,1,0,4,7,False,185,0,96,96,0.48,0
10408,0,1,0,7,4,False,141,3,180,948,4.74,65287
10409,0,1,0,4,8,False,125,2,154,666,3.33,0
10410,0,1,0,1,19,False,0,0,0,0,0.0,0
10411,0,1,0,4,7,False,209,0,79,79,0.395,0
10412,0,1,12,3,4,False,7,14,0,3584,17.92,0
10413,0,1,0,4,7,False,71,0,23,23,0.115,0
10414,0,1,0,4,9,False,209,0,75,75,0.375,0
10415,0,1,0,4,7,False,103,0,123,123,0.615,0
10416,0,1,17,5,4,False,9,7,3,1795,8.975,224
10417,0,1,0,4,8,False,227,6,251,1787,8.935,0
10418,0,1,0,0,0,False,0,0,0,0,0.0,0
10419,0,1,0,4,8,False,145,2,222,734,3.67,0
10420,0,1,0,4,9,False,185,8,6,2054,10.27,0
10421,0,1,0,4,7,False,220,0,166,166,0.83,0
10422,0,1,8,3,4,False,9,7,0,1792,8.96,0
10423,0,1,0,4,8,False,82,4,94,1118,5.59,0
10424,0,1,0,0,0,False,0,0,0,0,0.0,0
10425,0,1,0,4,8,False,186,0,153,153,0.765,0
10426,0,1,22,2,4,False,5,0,0,0,0.0,0
10427,0,1,0,4,9,False,12,3,91,859,4.295,0
10428,0,1,27,5,1,False,210,4,9,1033,5.165,215
10429,0,1,0,4,9,False,117,0,246,246,1.23,0
10430,0,1,0,0,0,False,0,0,0,0,0.0,0
10431,0,1,0,4,7,False,1,0,179,179,0.895,0
10432,0,1,9,3,4,False,10,9,0,2304,11.52,0
10433,0,1,0,4,7,False,1,0,225,225,1.125,0
10434,0,1,0,3,22,False,4,5,0,1280,6.4,0
10435,0,1,0,4,8,False,139,6,94,1630,8.15,0
10436,0,1,20,6,0,False,85,4,7,1031,5.155,166
10437,0,1,0,4,8,False,12,1,19,275,1.375,0
10438,0,1,10,2,4,False,9,0,0,0,0.0,0
10439,0,1,0,4,8,False,128,1,71,327,1.635,0
10440,0,1,23,2,11,False,37,0,0,0,0.0,0
10441,0,1,0,4,8,False,211,2,156,668,3.34,0
10442,0,1,0,4,9,False,53,4,148,1172,5.86,0
10443,0,1,0,4,8,False,83,0,112,112,0.56,0
10444,0,1,0,4,10,False,53,1,146,402,2.01,0
10445,0,1,0,4,7,False,197,0,193,193,0.965,0
10446,0,1,0,4,10,False,53,1,197,453,2.265,0
10447,0,1,0,4,8,False,88,6,57,1593,7.965,0
10448,0,1,0,4,10,False,212,2,253,765,3.825,0
10449,0,1,0,4,8,False,196,9,227,2531,12.655,0
10450,0,1,0,4,10,False,140,0,85,85,0.425,0
10451,0,1,0,4,8,False,45,0,138,138,0.69,0
10452,0,1,0,4,6,False,170,0,75,75,0.375,0
10453,0,1,0,4,7,False,146,0,240,240,1.2,0
10454,0,1,0,4,22,True,0,4,9,1033,5.165,0
10455,0,1,0,4,8,False,24,4,109,1133,5.665,0
10456,0,1,8,0,0,False,0,0,0,0,0.0,0
10457,0,1,0,4,8,False,130,2,220,732,3.66,0
10458,0,1,0,0,0,False,0,0,0,0,0.0,0
10459,0,1,0,4,8,False,189,1,42,298,1.49,0
10460,0,1,24,3,22,True,4,4,0,1024,5.12,0
10461,0,1,0,4,8,False,35,0,78,78,0.39,0
10462,0,1,0,5,9,False,4,6,146,1682,8.41,0
10463,0,1,0,4,8,False,129,0,71,71,0.355,0
10464,0,1,0,7,25,True,0,13,59,3387,16.935,1966337
10465,0,1,0,4,8,False,242,1,211,467,2.335,0
10466,0,1,1,3,41,False,1,13,0,3328,16.64,0
10467,0,1,0,4,8,False,172,1,214,470,2.35,0
10468,0,1,0,4,9,False,129,15,178,4018,20.09,0
10469,0,1,0,4,9,False,5,14,185,3769,18.845,0
10470,0,1,0,4,10,False,171,1,19,275,1.375,0
10471,0,1,0,4,8,False,123,1,159,415,2.075,0
10472,0,1,0,4,11,False,67,3,190,958,4.79,0
10473,0,1,0,4,8,False,1,0,121,121,0.605,0
10474,0,1,0,4,11,False,172,1,168,424,2.12,0
10475,0,1,0,4,8,False,128,1,30,286,1.43,0
10476,0,1,0,4,12,False,173,6,34,1570,7.85,0
10477,0,1,0,4,8,False,203,2,18,530,2.65,0
10478,0,1,0,4,10,False,99,0,69,69,0.345,0
10479,0,1,0,4,8,False,95,0,182,182,0.91,0
10480,0,1,0,4,10,False,1,0,86,86,0.43,0
10481,0,1,0,4,7,False,192,0,201,201,1.005,0
10482,0,1,0,4,10,False,80,0,94,94,0.47,0
10483,0,1,0,4,8,False,208,3,191,959,4.795,0
10484,0,1,0,4,11,False,203,11,220,3036,15.18,0
10485,0,1,0,4,8,False,139,0,122,122,0.61,0
10486,0,1,0,4,10,False,96,1,53,309,1.545,0
10487,0,1,0,4,8,False,228,0,132,132,0.66,0
10488,0,1,0,4,6,False,192,0,165,165,0.825,0
10489,0,1,0,4,8,False,165,1,143,399,1.995,0
10490,0,1,0,4,9,False,192,0,168,168,0.84,0
10491,0,1,0,4,8,False,16,0,175,175,0.875,0
10492,0,1,0,4,10,False,229,2,76,588,2.94,0
10493,0,1,0,4,8,False,134,0,62,62,0.31,0
10494,0,1,0,4,10,False,58,0,110,110,0.55,0
10495,0,1,0,4,8,False,3,1,59,315,1.575,0
10496,0,1,0,4,11,False,54,13,147,3475,17.375,0
10497,0,1,0,4,8,False,72,0,112,112,0.56,0
10498,0,1,0,4,10,False,10,0,223,223,1.115,0
10499,0,1,0,4,7,False,226,0,83,83,0.415,0
10500,0,1,0,4,11,False,133,3,178,946,4.73,0
10501,0,1,0,4,8,False,237,3,96,864,4.32,0
10502,0,1,0,4,11,False,73,3,33,801,4.005,0
10503,0,1,0,4,7,False,153,0,20,20,0.1,0
10504,0,1,0,4,11,False,173,1,57,313,1.565,0
10505,0,1,0,4,7,False,250,0,58,58,0.29,0
10506,0,1,0,4,10,False,238,2,249,761,3.805,0
10507,0,1,0,4,8,False,141,5,26,1306,6.53,0
10508,0,1,0,4,10,False,153,1,121,377,1.885,0
10509,0,1,0,4,8,False,50,1,110,366,1.83,0
10510,0,1,0,4,10,False,249,2,59,571,2.855,0
10511,0,1,0,4,8,False,178,1,240,496,2.48,0
10512,0,1,0,4,11,False,80,13,174,3502,17.51,0
10513,0,1,0,4,8,False,57,2,253,765,3.825,0
10514,0,1,0,4,11,False,3,1,152,408,2.04,0
10515,0,1,0,4,8,False,155,2,255,767,3.835,0
10516,0,1,0,4,10,False,114,2,189,701,3.505,0
10517,0,1,0,4,7,False,38,0,116,116,0.58,0
10518,0,1,0,4,10,False,220,1,221,477,2.385,0
10519,0,1,0,4,8,False,161,3,150,918,4.59,0
10520,0,1,0,4,10,False,98,0,86,86,0.43,0
10521,0,1,0,4,8,False,219,0,67,67,0.335,0
10522,0,1,0,4,10,False,146,3,14,782,3.91,0
10523,0,1,0,4,8,False,112,2,22,534,2.67,0
10524,0,1,0,4,9,False,39,0,182,182,0.91,0
10525,0,1,0,4,7,False,177,0,71,71,0.355,0
10526,0,1,0,4,10,False,182,6,132,1668,8.34,0
10527,0,1,0,4,8,False,101,4,53,1077,5.385,0
10528,0,1,0,4,10,False,81,2,34,546,2.73,0
10529,0,1,0,4,7,False,165,0,66,66,0.33,0
10530,0,1,0,4,10,False,199,2,131,643,3.215,0
10531,0,1,0,4,8,False,46,5,130,1410,7.05,0
10532,0,1,0,4,10,False,62,1,27,283,1.415,0
10533,0,1,0,4,8,False,209,2,60,572,2.86,0
10534,0,1,0,4,10,False,186,1,237,493,2.465,0
10535,0,1,0,4,7,False,73,0,67,67,0.335,0
10536,0,1,0,4,10,False,17,0,97,97,0.485,0
10537,0,1,0,4,7,False,127,0,57,57,0.285,0
10538,0,1,0,4,11,False,117,0,26,26,0.13,0
10539,0,1,0,4,7,False,228,0,237,237,1.185,0
10540,0,1,0,4,11,False,38,4,10,1034,5.17,0
10541,0,1,0,4,7,False,137,0,214,214,1.07,0
10542,0,1,31,2,10,False,127,0,0,0,0.0,0
10543,0,1,0,4,7,False,157,0,80,80,0.4,0
10544,0,1,0,1,30,True,0,0,0,0,0.0,0
10545,0,1,0,4,8,False,176,14,214,3798,18.99,0
10546,0,1,0,4,7,False,4,5,224,1504,7.52,0
10547,0,1,0,4,8,False,22,0,141,141,0.705,0
10548,0,1,0,7,0,False,76,12,200,3272,16.36,5373956
10549,0,1,0,4,8,False,186,2,131,643,3.215,0
10550,0,1,1,2,4,False,11,0,0,0,0.0,0
10551,0,1,0,4,8,False,71,5,29,1309,6.545,0
10552,0,1,0,4,9,False,123,3,38,806,4.03,0
10553,0,1,0,4,8,False,23,1,108,364,1.82,0
10554,0,1,0,3,23,True,4,9,0,2304,11.52,0
10555,0,1,0,4,8,False,177,0,75,75,0.375,0
10556,0,1,11,4,0,False,207,4,9,1033,5.165,0
10557,0,1,0,4,7,False,6,0,63,63,0.315,0
10558,0,1,23,4,0,False,50,7,4,1796,8.98,0
10559,0,1,0,4,7,False,157,0,65,65,0.325,0
10560,0,1,0,5,4,False,5,6,0,1536,7.68,72
10561,0,1,0,4,7,False,14,0,62,62,0.31,0
10562,0,1,9,4,4,False,4,9,150,2454,12.27,0
10563,0,1,0,4,7,False,121,0,71,71,0.355,0
10564,0,1,0,2,5,False,121,0,0,0,0.0,0
10565,0,1,0,4,7,False,62,0,246,246,1.23,0
10566,0,1,0,0,0,False,0,0,0,0,0.0,0
10567,0,1,0,4,8,False,147,11,99,2915,14.575,0
10568,0,1,20,1,22,True,0,0,0,0,0.0,0
10569,0,1,0,4,8,False,45,1,22,278,1.39,0
10570,0,1,0,4,4,False,9,0,5,5,0.025,0
10571,0,1,0,4,8,False,194,1,11,267,1.335,0
10572,0,1,7,1,6,False,0,0,0,0,0.0,0
10573,0,1,0,4,8,False,4,2,11,523,2.615,0
10574,0,1,7,2,0,False,4,0,0,0,0.0,0
10575,0,1,0,4,8,False,115,0,151,151,0.755,0
10576,0,1,1,1,58,False,0,0,0,0,0.0,0
10577,0,1,0,4,8,False,188,1,50,306,1.53,0
10578,0,1,0,1,21,False,0,0,0,0,0.0,0
10579,0,1,0,4,7,False,253,0,59,59,0.295,0
10580,0,1,9,0,0,False,0,0,0,0,0.0,0
10581,0,1,0,4,8,False,125,3,102,870,4.35,0
10582,0,1,0,4,10,False,4,15,168,4008,20.04,0
10583,0,1,0,4,7,False,178,0,70,70,0.35,0
10584,0,1,24,2,1,False,139,0,0,0,0.0,0
10585,0,1,0,4,8,False,3,3,187,955,4.775,0
10586,0,1,0,4,10,False,189,0,66,66,0.33,0
10587,0,1,0,4,8,False,113,0,140,140,0.7,0
10588,0,1,22,1,43,False,0,0,0,0,0.0,0
10589,0,1,0,4,8,False,1,2,235,747,3.735,0
10590,0,1,30,1,45,False,0,0,0,0,0.0,0
10591,0,1,0,4,7,False,119,0,52,52,0.26,0
10592,0,1,0,4,10,False,9,2,3,515,2.575,0
10593,0,1,0,4,8,False,112,2,64,576,2.88,0
10594,0,1,0,4,10,False,215,4,4,1028,5.14,0
10595,0,1,0,4,8,False,80,1,54,310,1.55,0
10596,0,1,1,1,6,False,0,0,0,0,0.0,0
10597,0,1,0,4,8,False,185,2,65,577,2.885,0
10598,0,1,24,1,0,False,0,0,0,0,0.0,0
10599,0,1,0,4,8,False,27,3,99,867,4.335,0
10600,0,1,2,1,10,False,0,0,0,0,0.0,0
10601,0,1,0,4,8,False,116,0,131,131,0.655,0
10602,0,1,8,7,4,False,1,11,220,3036,15.18,25052
10603,0,1,0,4,8,False,185,0,202,202,1.01,0
10604,0,1,0,1,4,False,0,0,0,0,0.0,0
10605,0,1,0,4,8,False,85,3,27,795,3.975,0
10606,0,1,23,7,10,False,220,1,133,389,1.945,277252
10607,0,1,0,4,8,False,149,1,157,413,2.065,0
10608,0,1,0,4,1,False,247,4,7,1031,5.155,0
10609,0,1,0,4,8,False,84,4,38,1062,5.31,0
10610,0,1,0,1,2,True,0,0,0,0,0.0,0
10611,0,1,0,4,8,False,216,1,92,348,1.74,0
10612,0,1,0,4,2,False,5,12,4,3076,15.38,0
10613,0,1,0,4,8,False,35,1,81,337,1.685,0
10614,0,1,1,2,4,False,4,0,0,0,0.0,0
10615,0,1,0,4,8,False,111,1,166,422,2.11,0
10616,0,1,1,2,63,True,5,0,0,0,0.0,0
10617,0,1,0,4,8,False,212,1,236,492,2.46,0
10618,0,1,1,1,42,False,0,0,0,0,0.0,0
10619,0,1,0,4,8,False,93,1,249,505,2.525,0
10620,0,1,0,2,4,False,9,0,0,0,0.0,0
10621,0,1,0,4,8,False,163,1,39,295,1.475,0
10622,0,1,15,2,0,False,220,0,0,0,0.0,0
10623,0,1,0,4,8,False,40,2,49,561,2.805,0
10624,0,1,0,4,42,False,0,0,60,60,0.3,0
10625,0,1,0,4,7,False,115,0,179,179,0.895,0
10626,0,1,0,7,14,False,0,4,9,1033,5.165,10291475
10627,0,1,0,4,8,False,55,3,180,948,4.74,0
10628,0,1,0,3,13,True,13,4,0,1024,5.12,0
10629,0,1,0,4,7,False,205,1,65,321,1.605,0
10630,0,1,1,7,2,True,12,12,158,3230,16.15,328707
10631,0,1,0,4,7,False,242,0,70,70,0.35,0
10632,0,1,25,5,1,False,171,7,4,1796,8.98,11
10633,0,1,0,4,7,False,189,1,47,303,1.515,0
10634,0,1,0,4,5,False,242,0,76,76,0.38,0
10635,0,1,0,4,7,False,215,0,71,71,0.355,0
10636,0,1,16,4,5,False,87,0,97,97,0.485,0
10637,0,1,0,4,7,False,187,0,223,223,1.115,0
10638,0,1,25,7,4,False,5,4,5,1029,5.145,14157016
10639,0,1,0,4,7,False,235,1,155,411,2.055,0
10640,0,1,0,4,5,False,194,1,72,328,1.64,0
10641,0,1,0,4,8,False,223,7,51,1843,9.215,0
10642,0,1,30,2,2,False,216,0,0,0,0.0,0
10643,0,1,0,4,8,False,74,2,21,533,2.665,0
10644,0,1,18,7,0,False,180,4,7,1031,5.155,15466859
10645,0,1,0,4,7,False,167,0,201,201,1.005,0
10646,0,1,0,4,9,False,70,12,252,3324,16.62,0
10647,0,1,0,4,8,False,141,3,142,910,4.55,0
10648,0,1,0,5,4,False,5,11,0,2816,14.08,144
10649,0,1,0,4,8,False,223,1,141,397,1.985,0
10650,0,1,21,3,0,False,82,4,0,1024,5.12,0
10651,0,1,0,4,7,False,95,0,51,51,0.255,0
10652,0,1,1,0,0,False,0,0,0,0,0.0,0
10653,0,1,0,4,7,False,218,0,74,74,0.37,0
10654,0,1,18,1,5,False,0,0,0,0,0.0,0
10655,0,1,0,4,7,False,63,0,153,153,0.765,0
10656,0,1,27,6,44,True,10,14,2,3586,17.93,17937
10657,0,1,0,4,8,False,117,9,210,2514,12.57,0
10658,0,1,0,0,0,False,0,0,0,0,0.0,0
10659,0,1,0,4,7,False,191,0,61,61,0.305,0
10660,0,1,0,4,10,False,84,1,231,487,2.435,0
10661,0,1,0,4,7,False,109,0,131,131,0.655,0
10662,0,1,0,4,6,False,14,0,76,76,0.38,0
10663,0,1,0,4,8,False,184,3,151,919,4.595,0
10664,0,1,17,2,0,False,71,0,0,0,0.0,0
10665,0,1,0,4,7,False,35,0,63,63,0.315,0
10666,0,1,22,4,12,False,166,0,209,209,1.045,0
10667,0,1,0,4,8,False,159,3,147,915,4.575,0
10668,0,1,3,2,0,False,69,0,0,0,0.0,0
10669,0,1,0,4,8,False,27,7,158,1950,9.75,0
10670,0,1,0,4,6,False,219,0,53,53,0.265,0
10671,0,1,0,4,7,False,72,0,86,86,0.43,0
10672,0,1,0,6,7,False,4,7,23,1815,9.075,1024
10673,0,1,0,4,8,False,15,12,97,3169,15.845,0
10674,0,1,0,5,8,False,0,1,4,260,1.3,7
10675,0,1,0,4,7,False,97,0,53,53,0.265,0
10676,0,1,0,1,1,False,0,0,0,0,0.0,0
10677,0,1,0,4,8,False,6,3,244,1012,5.06,0
10678,0,1,9,1,35,False,0,0,0,0,0.0,0
10679,0,1,0,4,7,False,92,0,61,61,0.305,0
10680,0,1,0,7,4,False,10,15,0,3840,19.2,8192074
10681,0,1,0,4,7,False,192,0,53,53,0.265,0
10682,0,1,0,7,13,False,0,4,9,1033,5.165,4980823
10683,0,1,0,4,8,False,82,5,30,1310,6.55,0
10684,0,1,12,3,7,False,179,0,0,0,0.0,0
10685,0,1,0,4,7,False,203,0,81,81,0.405,0
10686,0,1,0,4,7,False,192,1,173,429,2.145,0
10687,0,1,0,4,7,False,128,0,63,63,0.315,0
10688,0,1,15,3,0,False,4,9,0,2304,11.52,0
10689,0,1,0,4,7,False,187,0,76,76,0.38,0
10690,0,1,4,6,2,False,1,1,122,378,1.89,16134
10691,0,1,0,4,8,False,59,9,60,2364,11.82,0
10692,0,1,0,4,9,False,65,2,5,517,2.585,0
10693,0,1,0,4,8,False,240,2,91,603,3.015,0
10694,0,1,0,4,7,False,11,4,9,1033,5.165,0
10695,0,1,0,4,8,False,70,1,120,376,1.88,0
10696,0,1,23,4,4,False,76,4,10,1034,5.17,0
10697,0,1,0,4,7,False,191,0,63,63,0.315,0
10698,0,1,0,1,19,True,0,0,0,0,0.0,0
10699,0,1,0,7,4,False,7,4,8,1032,5.16,13697577
10700,0,1,0,4,5,False,191,0,74,74,0.37,0
10701,0,1,0,4,8,False,191,3,43,811,4.055,0
10702,0,1,0,4,7,False,191,0,68,68,0.34,0
10703,0,1,0,4,8,False,71,1,40,296,1.48,0
10704,0,1,0,3,63,True,5,6,0,1536,7.68,0
10705,0,1,0,4,8,False,173,1,40,296,1.48,0
10706,0,1,1,1,60,True,0,0,0,0,0.0,0
10707,0,1,0,4,8,False,10,2,228,740,3.7,0
10708,0,1,22,4,4,False,10,8,71,2119,10.595,0
10709,0,1,0,4,8,False,127,0,120,120,0.6,0
10710,0,1,4,0,0,False,0,0,0,0,0.0,0
10711,0,1,0,4,8,False,174,1,172,428,2.14,0
10712,0,1,24,0,0,False,0,0,0,0,0.0,0
10713,0,1,0,4,8,False,254,0,93,93,0.465,0
10714,0,1,0,4,9,False,52,0,2,2,0.01,0
10715,0,1,0,4,8,False,119,1,149,405,2.025,0
10716,0,1,23,7,9,False,4,4,9,1033,5.165,10291657
10717,0,1,0,4,8,False,190,3,163,931,4.655,0
10718,0,1,0,1,33,True,0,0,0,0,0.0,0
10719,0,1,0,4,9,False,118,5,176,1456,7.28,0
10720,0,1,0,4,9,False,212,0,1,1,0.005,0
10721,0,1,0,4,7,False,205,0,88,88,0.44,0
10722,0,1,4,6,16,True,4,10,187,2747,13.735,52992
10723,0,1,0,4,8,False,61,2,70,582,2.91,0
10724,0,1,0,0,0,False,0,0,0,0,0.0,0
10725,0,1,0,4,7,False,126,0,73,73,0.365,0
10726,0,1,7,0,0,False,0,0,0,0,0.0,0
10727,0,1,0,4,8,False,29,3,242,1010,5.05,0
10728,0,1,29,1,7,False,0,0,0,0,0.0,0
10729,0,1,0,4,8,False,90,1,11,267,1.335,0
10730,0,1,0,4,7,False,4,4,4,1028,5.14,0
10731,0,1,0,4,7,False,135,0,60,60,0.3,0
10732,0,1,1,1,4,False,0,0,0,0,0.0,0
10733,0,1,0,4,7,False,252,0,87,87,0.435,0
10734,0,1,0,4,9,False,96,1,135,391,1.955,0
10735,0,1,0,4,8,False,119,5,146,1426,7.13,0
10736,0,1,0,1,0,False,0,0,0,0,0.0,0
10737,0,1,0,4,7,False,161,0,91,91,0.455,0
10738,0,1,7,4,4,False,10,0,0,0,0.0,0
10739,0,1,0,4,8,False,230,1,229,485,2.425,0
10740,0,1,0,4,60,True,0,4,5,1029,5.145,0
10741,0,1,0,4,8,False,153,0,79,79,0.395,0
10742,0,1,0,0,0,False,0,0,0,0,0.0,0
10743,0,1,0,4,8,False,70,1,24,280,1.4,0
10744,0,1,10,1,6,False,0,0,0,0,0.0,0
10745,0,1,0,4,8,False,113,1,6,262,1.31,0
10746,0,1,0,3,4,False,4,2,0,512,2.56,0
10747,0,1,0,4,8,False,213,1,111,367,1.835,0
10748,0,1,0,4,9,False,4,10,73,2633,13.165,0
10749,0,1,0,4,7,False,11,0,193,193,0.965,0
10750,0,1,0,4,61,True,4,10,255,2815,14.075,0
10751,0,1,0,4,8,False,204,3,164,932,4.66,0
10752,0,1,0,0,0,False,0,0,0,0,0.0,0
10753,0,1,0,4,7,False,240,0,126,126,0.63,0
10754,0,1,19,4,3,False,237,4,9,1033,5.165,0
10755,0,1,0,4,7,False,90,0,204,204,1.02,0
10756,0,1,20,1,14,False,0,0,0,0,0.0,0
10757,0,1,0,4,7,False,214,0,165,165,0.825,0
10758,0,1,0,7,16,False,4,6,6,1542,7.71,264277
10759,0,1,0,4,7,False,33,0,82,82,0.41,0
10760,0,1,0,4,5,False,203,0,200,200,1.0,0
10761,0,1,0,4,7,False,79,0,73,73,0.365,0
10762,0,1,1,1,20,False,0,0,0,0,0.0,0
10763,0,1,0,4,7,False,223,0,70,70,0.35,0
10764,0,1,0,4,6,False,86,1,230,486,2.43,0
10765,0,1,0,4,7,False,93,0,75,75,0.375,0
10766,0,1,6,0,0,False,0,0,0,0,0.0,0
10767,0,1,0,4,7,False,191,0,55,55,0.275,0
10768,0,1,4,4,48,False,4,10,75,2635,13.175,0
10769,0,1,0,4,8,False,100,1,80,336,1.68,0
10770,0,1,0,4,7,False,223,0,71,71,0.355,0
10771,0,1,0,4,7,False,141,0,78,78,0.39,0
10772,0,1,9,7,12,False,4,4,9,1033,5.165,590945
10773,0,1,0,7,13,True,0,14,4,3588,17.94,46855
10774,0,1,25,5,5,False,7,10,4,2564,12.82,11
10775,0,1,0,1,4,False,0,0,0,0,0.0,0
10776,0,1,30,6,26,False,4,4,5,1029,5.145,16567
10777,0,1,0,0,0,False,0,0,0,0,0.0,0
10778,0,1,0,4,6,False,174,1,96,352,1.76,0
10779,0,1,0,5,11,False,246,4,7,1031,5.155,141
10780,0,1,23,7,30,False,4,8,94,2142,10.71,720133
10781,0,1,0,0,0,False,0,0,0,0,0.0,0
10782,0,1,0,4,9,False,30,2,4,516,2.58,0
10783,0,1,0,6,4,False,8,1,1,257,1.285,1180
10784,0,1,0,5,0,False,77,4,7,1031,5.155,141
10785,0,1,0,0,0,False,0,0,0,0,0.0,0
10786,0,1,0,0,0,False,0,0,0,0,0.0,0
10787,0,1,0,6,0,False,185,4,8,1032,5.16,438
10788,0,1,1,1,4,False,0,0,0,0,0.0,0
10789,0,1,0,2,4,False,9,0,0,0,0.0,0
10790,0,1,1,1,50,True,0,0,0,0,0.0,0
10791,0,1,0,1,14,False,0,0,0,0,0.0,0
10792,0,1,1,4,7,False,4,9,10,2314,11.57,0
10793,0,1,0,3,4,False,8,2,0,512,2.56,0
10794,0,1,22,2,9,False,182,0,0,0,0.0,0
10795,0,1,0,0,0,False,0,0,0,0,0.0,0
10796,0,1,0,1,32,False,0,0,0,0,0.0,0
10797,0,1,0,4,4,False,7,11,1,2817,14.085,0
10798,0,1,9,4,4,False,10,6,180,1716,8.58,0
10799,0,1,0,4,4,False,8,5,5,1285,6.425,0
10800,0,1,1,2,1,False,60,0,0,0,0.0,0
10801,0,1,0,1,4,False,0,0,0,0,0.0,0
10802,0,1,0,1,24,True,0,0,0,0,0.0,0
10803,0,1,0,7,63,True,0,11,4,2820,14.1,24327
10804,0,1,0,4,11,False,196,3,6,774,3.87,0
10805,0,1,0,7,4,False,8,4,4,1028,5.14,459812
10806,0,1,1,3,0,False,150,9,0,2304,11.52,0
10807,0,1,0,2,0,False,97,0,0,0,0.0,0
10808,0,1,1,3,4,False,4,9,0,2304,11.52,0
10809,0,1,0,4,8,False,211,3,170,938,4.69,0
10810,0,1,1,7,1,False,228,4,7,1031,5.155,13762564
10811,0,1,0,4,9,False,82,12,63,3135,15.675,0
10812,0,1,1,0,0,False,0,0,0,0,0.0,0
10813,0,1,0,4,8,False,21,3,110,878,4.39,0
10814,0,1,0,4,6,False,10,4,7,1031,5.155,0
10815,0,1,0,4,7,False,40,1,97,353,1.765,0
10816,0,1,0,4,24,False,4,11,12,2828,14.14,0
10817,0,1,0,4,8,False,122,2,192,704,3.52,0
10818,0,1,0,1,39,False,0,0,0,0,0.0,0
10819,0,1,0,4,8,False,82,1,217,473,2.365,0
10820,0,1,0,4,6,False,74,0,40,40,0.2,0
10821,0,1,0,4,8,False,82,2,93,605,3.025,0
10822,0,1,0,1,4,False,0,0,0,0,0.0,0
10823,0,1,0,4,8,False,242,1,159,415,2.075,0
10824,0,1,0,6,40,False,1,6,9,1545,7.725,1202
10825,0,1,0,4,8,False,40,0,144,144,0.72,0
10826,0,1,1,1,39,True,0,0,0,0,0.0,0
10827,0,1,0,4,7,False,151,0,62,62,0.31,0
10828,0,1,0,5,63,True,173,4,4,1028,5.14,9
10829,0,1,0,4,8,False,156,3,32,800,4.0,0
10830,0,1,5,0,0,False,0,0,0,0,0.0,0
10831,0,1,0,4,8,False,227,4,141,1165,5.825,0
10832,0,1,0,2,52,False,4,0,0,0,0.0,0
10833,0,1,0,4,7,False,61,0,152,152,0.76,0
10834,0,1,1,1,7,False,0,0,0,0,0.0,0
10835,0,1,0,4,7,False,103,0,148,148,0.74,0
10836,0,1,0,1,27,True,0,0,0,0,0.0,0
10837,0,1,0,4,8,False,171,5,216,1496,7.48,0
10838,0,1,0,4,10,False,61,0,78,78,0.39,0
10839,0,1,0,4,8,False,90,0,155,155,0.775,0
10840,0,1,0,4,7,False,151,0,102,102,0.51,0
10841,0,1,0,4,8,False,191,2,205,717,3.585,0
10842,0,1,0,4,12,False,40,3,208,976,4.88,0
10843,0,1,0,4,8,False,37,5,145,1425,7.125,0
10844,0,1,0,4,11,False,227,2,232,744,3.72,0
10845,0,1,0,4,7,False,182,0,129,129,0.645,0
10846,0,1,0,4,6,False,62,0,165,165,0.825,0
10847,0,1,0,4,8,False,94,5,42,1322,6.61,0
10848,0,1,0,4,7,False,151,3,208,976,4.88,0
10849,0,1,0,4,7,False,133,0,64,64,0.32,0
10850,0,1,0,4,10,False,98,2,194,706,3.53,0
10851,0,1,0,4,7,False,52,0,94,94,0.47,0
10852,0,1,0,4,7,False,198,3,219,987,4.935,0
10853,0,1,0,4,7,False,121,0,66,66,0.33,0
10854,0,1,0,4,7,False,49,0,83,83,0.415,0
10855,0,1,0,4,7,False,9,0,115,115,0.575,0
10856,0,1,0,4,6,False,182,0,88,88,0.44,0
10857,0,1,0,4,8,False,190,5,247,1527,7.635,0
10858,0,1,0,4,7,False,71,0,197,197,0.985,0
10859,0,1,0,4,8,False,233,7,151,1943,9.715,0
10860,0,1,0,4,9,False,112,0,255,255,1.275,0
10861,0,1,0,4,8,False,146,1,48,304,1.52,0
10862,0,1,0,4,6,False,52,0,78,78,0.39,0
10863,0,1,0,4,8,False,3,3,191,959,4.795,0
10864,0,1,0,4,7,False,187,3,146,914,4.57,0
10865,0,1,0,4,8,False,103,2,13,525,2.625,0
10866,0,1,0,4,6,False,9,0,68,68,0.34,0
10867,0,1,0,4,8,False,181,4,251,1275,6.375,0
10868,0,1,0,4,7,False,196,0,244,244,1.22,0
10869,0,1,0,4,8,False,237,0,86,86,0.43,0
10870,0,1,0,4,7,False,217,0,86,86,0.43,0
10871,0,1,0,4,8,False,168,0,211,211,1.055,0
10872,0,1,0,4,7,False,142,0,179,179,0.895,0
10873,0,1,0,4,8,False,6,1,27,283,1.415,0
10874,0,1,0,4,10,False,213,10,201,2761,13.805,0
10875,0,1,0,4,7,False,99,0,61,61,0.305,0
10876,0,1,0,4,11,False,104,10,255,2815,14.075,0
10877,0,1,0,4,8,False,221,3,127,895,4.475,0
10878,0,1,0,4,11,False,178,14,8,3592,17.96,0
10879,0,1,0,4,8,False,140,1,60,316,1.58,0
10880,0,1,0,4,13,False,104,8,176,2224,11.12,0
10881,0,1,0,4,7,False,10,0,138,138,0.69,0
10882,0,1,0,4,7,False,146,0,135,135,0.675,0
10883,0,1,0,4,8,False,169,3,111,879,4.395,0
10884,0,1,0,4,11,False,24,5,183,1463,7.315,0
10885,0,1,0,0,0,False,0,0,0,0,0.0,0
10886,0,1,0,4,35,False,0,11,4,2820,14.1,0
10887,0,1,0,1,3,False,0,0,0,0,0.0,0
10888,0,1,0,4,1,False,0,15,2,3842,19.21,0
10889,0,1,0,7,4,False,7,12,0,3072,15.36,459954
10890,0,1,0,6,9,False,22,7,163,1955,9.775,4
10891,0,1,0,6,0,False,64,4,7,1031,5.155,207
10892,0,1,11,1,10,False,0,0,0,0,0.0,0
10893,0,1,0,7,4,False,8,10,0,2560,12.8,459999
10894,0,1,0,4,11,False,4,7,4,1796,8.98,0
10895,0,1,0,0,0,False,0,0,0,0,0.0,0
10896,0,1,1,1,16,True,0,0,0,0,0.0,0
10897,0,1,0,0,0,False,0,0,0,0,0.0,0
10898,0,1,0,4,10,False,149,4,48,1072,5.36,0
10899,0,1,0,2,4,False,8,0,0,0,0.0,0
10900,0,1,0,0,0,False,0,0,0,0,0.0,0
10901,0,1,0,6,4,False,96,4,8,1032,5.16,357
10902,0,1,0,4,6,False,207,0,69,69,0.345,0
10903,0,1,0,4,4,False,9,11,15,2831,14.155,0
10904,0,1,0,7,6,False,82,15,4,3844,19.22,590856
10905,0,1,0,6,4,False,7,6,0,1536,7.68,1086
10906,0,1,12,1,0,False,0,0,0,0,0.0,0
10907,0,1,0,0,0,False,0,0,0,0,0.0,0
10908,0,1,12,3,11,True,2,8,0,2048,10.24,0
10909,0,1,0,1,3,False,0,0,0,0,0.0,0
10910,0,1,6,0,0,False,0,0,0,0,0.0,0
10911,0,1,0,4,4,False,7,4,0,1024,5.12,0
10912,0,1,0,1,4,False,0,0,0,0,0.0,0
10913,0,1,0,3,4,False,8,15,0,3840,19.2,0
10914,0,1,1,0,0,False,0,0,0,0,0.0,0
10915,0,1,0,3,62,False,4,8,0,2048,10.24,0
10916,0,1,0,4,9,False,194,15,2,3842,19.21,0
10917,0,1,0,4,0,False,251,4,8,1032,5.16,0
10918,0,1,0,0,0,False,0,0,0,0,0.0,0
10919,0,1,0,3,1,False,42,4,0,1024,5.12,0
10920,0,1,0,2,60,True,4,0,0,0,0.0,0
10921,0,1,0,0,0,False,0,0,0,0,0.0,0
10922,0,1,1,2,21,False,0,0,0,0,0.0,0
10923,0,1,0,4,0,False,98,4,8,1032,5.16,0
10924,0,1,0,1,52,True,0,0,0,0,0.0,0
10925,0,1,0,3,0,False,250,4,0,1024,5.12,0
10926,0,1,0,4,28,False,1,4,4,1028,5.14,0
10927,0,1,0,0,0,False,0,0,0,0,0.0,0
10928,0,1,1,1,10,False,0,0,0,0,0.0,0
10929,0,1,0,5,0,False,204,4,8,1032,5.16,198
10930,0,1,1,6,1,False,84,4,3,1027,5.135,1024
10931,0,1,0,1,60,True,0,0,0,0,0.0,0
10932,0,1,1,1,51,False,0,0,0,0,0.0,0
10933,0,1,0,4,7,False,35,0,194,194,0.97,0
10934,0,1,0,0,0,False,0,0,0,0,0.0,0
10935,0,1,0,4,8,False,187,5,70,1350,6.75,0
10936,0,1,23,5,30,True,183,11,4,2820,14.1,62
10937,0,1,0,4,7,False,214,0,250,250,1.25,0
10938,0,1,0,4,5,False,35,0,218,218,1.09,0
10939,0,1,0,4,7,False,102,0,58,58,0.29,0
10940,0,1,0,1,35,False,0,0,0,0,0.0,0
10941,0,1,0,4,8,False,5,10,31,2591,12.955,0
10942,0,1,24,1,4,False,0,0,0,0,0.0,0
10943,0,1,0,4,7,False,92,1,225,481,2.405,0
10944,0,1,0,4,7,False,201,4,42,1066,5.33,0
10945,0,1,0,4,8,False,202,15,41,3881,19.405,0
10946,0,1,1,0,0,False,0,0,0,0,0.0,0
10947,0,1,0,4,8,False,69,3,101,869,4.345,0
10948,0,1,28,1,7,False,0,0,0,0,0.0,0
10949,0,1,0,4,8,False,146,0,162,162,0.81,0
10950,0,1,0,4,5,False,99,10,54,2614,13.07,0
10951,0,1,0,4,8,False,227,0,62,62,0.31,0
10952,0,1,0,4,4,False,9,7,8,1800,9.0,0
10953,0,1,0,4,8,False,37,1,165,421,2.105,0
10954,0,1,4,0,0,False,0,0,0,0,0.0,0
10955,0,1,0,4,8,False,171,0,254,254,1.27,0
10956,0,1,0,5,4,False,9,15,0,3840,19.2,2
10957,0,1,0,4,8,False,219,0,164,164,0.82,0
10958,0,1,0,0,0,False,0,0,0,0,0.0,0
10959,0,1,0,4,8,False,111,2,6,518,2.59,0
10960,0,1,21,5,22,False,4,8,231,2279,11.395,171
10961,0,1,0,4,9,False,191,10,167,2727,13.635,0
10962,0,1,6,3,0,False,146,4,0,1024,5.12,0
10963,0,1,0,4,8,False,16,1,160,416,2.08,0
10964,0,1,1,1,33,True,0,0,0,0,0.0,0
10965,0,1,0,4,8,False,101,1,192,448,2.24,0
10966,0,1,0,4,8,False,4,9,171,2475,12.375,0
10967,0,1,0,4,8,False,31,1,21,277,1.385,0
10968,0,1,0,4,33,True,1,14,4,3588,17.94,0
10969,0,1,0,4,8,False,164,3,57,825,4.125,0
10970,0,1,1,1,18,False,0,0,0,0,0.0,0
10971,0,1,0,4,8,False,213,0,134,134,0.67,0
10972,0,1,0,2,30,False,4,0,0,0,0.0,0
10973,0,1,0,4,7,False,69,0,76,76,0.38,0
10974,0,1,1,1,38,False,0,0,0,0,0.0,0
10975,0,1,0,4,8,False,216,2,188,700,3.5,0
10976,0,1,0,2,22,True,4,0,0,0,0.0,0
10977,0,1,0,4,8,False,29,1,21,277,1.385,0
10978,0,1,1,2,0,False,214,0,0,0,0.0,0
10979,0,1,0,4,8,False,132,1,31,287,1.435,0
10980,0,1,0,0,0,False,0,0,0,0,0.0,0
10981,0,1,0,4,8,False,250,0,100,100,0.5,0
10982,0,1,29,1,4,False,0,0,0,0,0.0,0
10983,0,1,0,4,8,False,41,1,128,384,1.92,0
10984,0,1,0,3,4,False,9,4,0,1024,5.12,0
10985,0,1,0,4,8,False,162,2,48,560,2.8,0
10986,0,1,0,1,1,False,0,0,0,0,0.0,0
10987,0,1,0,4,8,False,255,1,174,430,2.15,0
10988,0,1,20,1,7,False,0,0,0,0,0.0,0
10989,0,1,0,4,7,False,120,0,229,229,1.145,0
10990,0,1,21,1,4,False,0,0,0,0,0.0,0
10991,0,1,0,4,8,False,197,3,63,831,4.155,0
10992,0,1,0,4,9,False,4,9,253,2557,12.785,0
10993,0,1,0,4,7,False,225,0,98,98,0.49,0
10994,0,1,0,0,0,False,0,0,0,0,0.0,0
10995,0,1,0,4,7,False,55,0,60,60,0.3,0
10996,0,1,8,2,4,False,10,0,0,0,0.0,0
10997,0,1,0,4,8,False,114,3,55,823,4.115,0
10998,0,1,10,6,0,False,78,4,6,1030,5.15,362
10999,0,1,0,4,7,False,43,0,75,75,0.375,0
11000,0,1,0,0,0,False,0,0,0,0,0.0,0
11001,0,1,0,4,8,False,188,2,107,619,3.095,0
11002,0,1,0,4,7,False,56,0,132,132,0.66,0
11003,0,1,0,4,8,False,236,0,247,247,1.235,0
11004,0,1,0,4,7,False,120,1,95,351,1.755,0
11005,0,1,0,4,8,False,128,1,248,504,2.52,0
11006,0,1,0,4,9,False,120,1,174,430,2.15,0
11007,0,1,0,4,8,False,252,1,134,390,1.95,0
11008,0,1,0,4,10,False,120,1,215,471,2.355,0
11009,0,1,0,4,7,False,108,0,127,127,0.635,0
11010,0,1,0,4,7,False,43,0,235,235,1.175,0
11011,0,1,0,4,8,False,31,2,47,559,2.795,0
11012,0,1,0,4,12,False,44,4,213,1237,6.185,0
11013,0,1,0,4,7,False,32,0,85,85,0.425,0
11014,0,1,0,4,11,False,236,2,153,665,3.325,0
11015,0,1,0,4,7,False,239,0,170,170,0.85,0
11016,0,1,0,4,7,False,149,1,102,358,1.79,0
11017,0,1,0,4,8,False,79,8,57,2105,10.525,0
11018,0,1,0,4,0,False,237,4,5,1029,5.145,0
11019,0,1,0,4,8,False,148,0,244,244,1.22,0
11020,0,1,31,5,4,False,7,15,0,3840,19.2,79
11021,0,1,0,4,7,False,75,0,186,186,0.93,0
11022,0,1,0,4,4,False,9,0,6,6,0.03,0
11023,0,1,0,4,8,False,202,4,202,1226,6.13,0
11024,0,1,23,4,53,False,4,5,68,1348,6.74,0
11025,0,1,0,4,8,False,250,0,157,157,0.785,0
11026,0,1,0,0,0,False,0,0,0,0,0.0,0
11027,0,1,0,4,7,False,169,0,199,199,0.995,0
11028,0,1,23,1,2,False,0,0,0,0,0.0,0
11029,0,1,0,4,8,False,30,4,9,1033,5.165,0
11030,0,1,1,3,4,False,10,10,0,2560,12.8,0
11031,0,1,0,4,8,False,68,0,130,130,0.65,0
11032,0,1,0,4,6,False,4,8,68,2116,10.58,0
11033,0,1,0,4,8,False,45,1,72,328,1.64,0
11034,0,1,0,1,11,True,0,0,0,0,0.0,0
11035,0,1,0,4,8,False,126,2,102,614,3.07,0
11036,0,1,0,4,8,False,185,0,185,185,0.925,0
11037,0,1,0,4,8,False,54,1,163,419,2.095,0
11038,0,1,0,4,9,False,45,5,62,1342,6.71,0
11039,0,1,0,4,7,False,61,0,187,187,0.935,0
11040,0,1,0,4,9,False,51,2,8,520,2.6,0
11041,0,1,0,4,8,False,39,4,123,1147,5.735,0
11042,0,1,0,4,5,False,61,0,215,215,1.075,0
11043,0,1,0,4,7,False,153,0,66,66,0.33,0
11044,0,1,0,4,6,False,66,0,117,117,0.585,0
11045,0,1,0,4,8,False,21,5,246,1526,7.63,0
11046,0,1,0,4,7,False,73,1,6,262,1.31,0
11047,0,1,0,4,8,False,135,7,166,1958,9.79,0
11048,0,1,0,4,9,False,232,11,3,2819,14.095,0
11049,0,1,0,4,8,False,17,0,167,167,0.835,0
11050,0,1,0,4,5,False,34,0,152,152,0.76,0
11051,0,1,0,0,0,False,0,0,0,0,0.0,0
11052,0,1,0,4,9,False,13,1,223,479,2.395,0
11053,0,1,0,1,0,False,0,0,0,0,0.0,0
11054,0,1,0,4,24,True,0,12,1,3073,15.365,0
11055,0,1,0,7,4,False,7,6,0,1536,7.68,459932
11056,0,1,1,5,38,False,0,5,1,1281,6.405,223
11057,0,1,0,3,0,False,61,4,0,1024,5.12,0
11058,0,1,0,0,0,False,0,0,0,0,0.0,0
11059,0,1,0,0,0,False,0,0,0,0,0.0,0
11060,0,1,19,6,23,False,4,10,198,2758,13.79,50692
11061,0,1,0,2,5,False,26,0,0,0,0.0,0
11062,0,1,0,0,0,False,0,0,0,0,0.0,0
11063,0,1,0,4,8,False,251,1,114,370,1.85,0
11064,0,1,26,1,6,True,0,0,0,0,0.0,0
11065,0,1,0,4,8,False,251,2,49,561,2.805,0
11066,0,1,0,0,0,False,0,0,0,0,0.0,0
11067,0,1,0,4,8,False,121,1,162,418,2.09,0
11068,0,1,30,5,4,False,4,4,4,1028,5.14,4
11069,0,1,0,4,8,False,181,3,52,820,4.1,0
11070,0,1,0,3,37,False,4,8,0,2048,10.24,0
11071,0,1,0,4,8,False,19,0,161,161,0.805,0
11072,0,1,14,0,0,False,0,0,0,0,0.0,0
11073,0,1,0,4,7,False,165,0,67,67,0.335,0
11074,0,1,0,4,4,False,9,4,3,1027,5.135,0
11075,0,1,0,4,8,False,241,2,175,687,3.435,0
11076,0,1,0,4,4,False,9,5,1,1281,6.405,0
11077,0,1,0,4,8,False,163,4,23,1047,5.235,0
11078,0,1,16,3,33,False,4,10,0,2560,12.8,0
11079,0,1,0,4,7,False,163,0,222,222,1.11,0
11080,0,1,24,6,2,False,113,4,9,1033,5.165,378
11081,0,1,0,4,7,False,124,1,38,294,1.47,0
11082,0,1,5,2,4,False,8,0,0,0,0.0,0
11083,0,1,0,4,8,False,9,6,224,1760,8.8,0
11084,0,1,20,5,0,False,185,4,9,1033,5.165,165
11085,0,1,0,4,9,False,125,10,79,2639,13.195,0
11086,0,1,0,0,0,False,0,0,0,0,0.0,0
11087,0,1,0,4,8,False,169,0,94,94,0.47,0
11088,0,1,26,3,4,False,5,4,0,1024,5.12,0
11089,0,1,0,4,8,False,56,0,212,212,1.06,0
11090,0,1,0,0,0,False,0,0,0,0,0.0,0
11091,0,1,0,4,8,False,184,1,104,360,1.8,0
11092,0,1,1,0,0,False,0,0,0,0,0.0,0
11093,0,1,0,4,8,False,235,1,54,310,1.55,0
11094,0,1,0,4,8,False,164,1,83,339,1.695,0
11095,0,1,0,4,9,False,33,8,239,2287,11.435,0
11096,0,1,0,4,5,False,159,0,58,58,0.29,0
11097,0,1,0,4,8,False,150,1,250,506,2.53,0
11098,0,1,0,4,9,False,231,1,188,444,2.22,0
11099,0,1,0,4,8,False,59,1,34,290,1.45,0
11100,0,1,0,4,9,False,189,1,2,258,1.29,0
11101,0,1,0,4,8,False,128,3,175,943,4.715,0
11102,0,1,0,4,9,False,60,1,17,273,1.365,0
11103,0,1,0,4,8,False,200,1,93,349,1.745,0
11104,0,1,0,4,9,False,135,3,200,968,4.84,0
11105,0,1,0,4,8,False,58,1,102,358,1.79,0
11106,0,1,0,4,9,False,200,1,40,296,1.48,0
11107,0,1,0,4,8,False,255,3,47,815,4.075,0
11108,0,1,0,4,9,False,72,1,93,349,1.745,0
11109,0,1,0,4,8,False,104,0,223,223,1.115,0
11110,0,1,0,4,9,False,251,2,205,717,3.585,0
11111,0,1,0,4,8,False,197,0,222,222,1.11,0
11112,0,1,0,4,9,False,42,0,107,107,0.535,0
11113,0,1,0,4,8,False,112,4,73,1097,5.485,0
11114,0,1,0,4,9,False,197,0,249,249,1.245,0
11115,0,1,0,4,7,False,112,0,112,112,0.56,0
11116,0,1,0,4,9,False,108,4,120,1144,5.72,0
11117,0,1,0,4,8,False,245,3,248,1016,5.08,0
11118,0,1,0,4,5,False,113,0,102,102,0.51,0
11119,0,1,0,4,8,False,213,1,127,383,1.915,0
11120,0,1,0,4,6,False,115,0,15,15,0.075,0
11121,0,1,0,4,8,False,31,1,77,333,1.665,0
11122,0,1,0,4,7,False,113,0,98,98,0.49,0
11123,0,1,0,4,7,False,153,0,225,225,1.125,0
11124,0,1,0,4,9,False,31,3,101,869,4.345,0
11125,0,1,0,4,8,False,238,4,70,1094,5.47,0
11126,0,1,0,4,5,False,180,1,118,374,1.87,0
11127,0,1,0,4,7,False,137,0,88,88,0.44,0
11128,0,1,0,4,5,False,229,0,63,63,0.315,0
11129,0,1,0,4,8,False,45,4,187,1211,6.055,0
11130,0,1,0,4,5,False,137,0,79,79,0.395,0
11131,0,1,0,4,7,False,67,0,75,75,0.375,0
11132,0,1,0,4,6,False,153,0,248,248,1.24,0
11133,0,1,0,4,8,False,36,8,196,2244,11.22,0
11134,0,1,0,4,7,False,137,1,169,425,2.125,0
11135,0,1,0,4,8,False,98,0,243,243,1.215,0
11136,0,1,0,4,8,False,154,0,240,240,1.2,0
11137,0,1,0,4,8,False,238,1,165,421,2.105,0
11138,0,1,0,4,9,False,24,11,84,2900,14.5,0
11139,0,1,0,4,8,False,108,2,114,626,3.13,0
11140,0,1,0,4,9,False,217,1,143,399,1.995,0
11141,0,1,0,4,8,False,37,0,136,136,0.68,0
11142,0,1,0,4,9,False,49,0,87,87,0.435,0
11143,0,1,0,4,8,False,155,2,50,562,2.81,0
11144,0,1,0,4,9,False,38,0,70,70,0.35,0
11145,0,1,0,4,8,False,231,1,45,301,1.505,0
11146,0,1,0,4,9,False,155,1,179,435,2.175,0
11147,0,1,0,4,7,False,81,0,80,80,0.4,0
11148,0,1,0,4,9,False,241,0,182,182,0.91,0
11149,0,1,0,4,8,False,70,2,86,598,2.99,0
11150,0,1,6,6,54,False,4,5,81,1361,6.805,19456
11151,0,1,0,4,8,False,224,1,218,474,2.37,0
11152,0,1,1,6,4,False,7,1,0,256,1.28,1879
11153,0,1,0,4,8,False,127,4,93,1117,5.585,0
11154,0,1,30,1,4,False,0,0,0,0,0.0,0
11155,0,1,0,4,8,False,64,1,252,508,2.54,0
11156,0,1,1,1,39,True,0,0,0,0,0.0,0
11157,0,1,0,4,8,False,186,0,234,234,1.17,0
11158,0,1,0,5,45,False,3,13,4,3332,16.66,9
11159,0,1,0,4,9,False,38,0,136,136,0.68,0
11160,0,1,22,0,0,False,0,0,0,0,0.0,0
11161,0,1,0,4,7,False,165,0,58,58,0.29,0
11162,0,1,0,4,9,False,187,0,127,127,0.635,0
11163,0,1,0,4,8,False,15,3,32,800,4.0,0
11164,0,1,5,0,0,False,0,0,0,0,0.0,0
11165,0,1,0,4,8,False,175,3,139,907,4.535,0
11166,0,1,20,5,0,False,80,4,9,1033,5.165,2
11167,0,1,0,4,7,False,211,0,87,87,0.435,0
11168,0,1,4,5,1,False,189,0,4,4,0.02,5
11169,0,1,0,4,7,False,51,0,89,89,0.445,0
11170,0,1,0,5,19,True,0,5,4,1284,6.42,5
11171,0,1,0,4,7,False,141,1,15,271,1.355,0
11172,0,1,0,3,0,False,94,4,0,1024,5.12,0
11173,0,1,0,4,8,False,105,8,168,2216,11.08,0
11174,0,1,0,4,37,False,0,5,4,1284,6.42,0
11175,0,1,0,4,7,False,226,0,211,211,1.055,0
11176,0,1,0,6,4,False,5,7,132,1924,9.62,512
11177,0,1,0,4,8,False,114,4,49,1073,5.365,0
11178,0,1,0,0,0,False,0,0,0,0,0.0,0
11179,0,1,0,4,7,False,231,0,47,47,0.235,0
11180,0,1,12,3,4,False,7,3,0,768,3.84,0
11181,0,1,0,4,8,False,110,3,77,845,4.225,0
11182,0,1,6,1,56,True,0,0,0,0,0.0,0
11183,0,1,0,4,7,False,198,0,133,133,0.665,0
11184,0,1,20,1,1,False,0,0,0,0,0.0,0
11185,0,1,0,4,7,False,77,0,186,186,0.93,0
11186,0,1,0,4,9,False,9,4,9,1033,5.165,0
11187,0,1,0,4,7,False,104,0,54,54,0.27,0
11188,0,1,21,3,13,False,0,11,0,2816,14.08,0
11189,0,1,0,4,8,False,231,8,224,2272,11.36,0
11190,0,1,24,5,4,False,7,13,0,3328,16.64,140
11191,0,1,0,4,7,False,134,0,65,65,0.325,0
11192,0,1,29,4,8,False,57,8,1,2049,10.245,0
11193,0,1,0,4,8,False,29,4,201,1225,6.125,0
11194,0,1,29,4,4,False,166,1,4,260,1.3,0
11195,0,1,0,4,7,False,53,0,87,87,0.435,0
11196,0,1,0,7,0,False,74,4,5,1029,5.145,262709
11197,0,1,0,4,8,False,208,9,61,2365,11.825,0
11198,0,1,1,0,0,False,0,0,0,0,0.0,0
11199,0,1,0,4,8,False,69,1,198,454,2.27,0
11200,0,1,22,1,4,False,0,0,0,0,0.0,0
11201,0,1,0,4,8,False,217,0,204,204,1.02,0
11202,0,1,5,4,7,False,4,4,4,1028,5.14,0
11203,0,1,0,4,8,False,111,1,73,329,1.645,0
11204,0,1,0,7,0,False,88,2,7,519,2.595,328950
11205,0,1,0,4,7,False,53,0,9,9,0.045,0
11206,0,1,27,0,0,False,0,0,0,0,0.0,0
11207,0,1,0,4,8,False,160,4,180,1204,6.02,0
11208,0,1,1,5,24,True,4,9,190,2494,12.47,31
11209,0,1,0,4,7,False,196,0,51,51,0.255,0
11210,0,1,21,4,10,False,4,4,4,1028,5.14,0
11211,0,1,0,4,8,False,165,3,134,902,4.51,0
11212,0,1,0,5,3,False,4,7,196,1988,9.94,0
11213,0,1,0,4,7,False,234,0,124,124,0.62,0
11214,0,1,0,4,9,False,164,4,170,1194,5.97,0
11215,0,1,0,4,7,False,136,0,77,77,0.385,0
11216,0,1,0,4,5,False,234,0,59,59,0.295,0
11217,0,1,0,4,8,False,14,5,61,1341,6.705,0
11218,0,1,0,1,35,False,0,0,0,0,0.0,0
11219,0,1,0,4,7,False,109,0,62,62,0.31,0
11220,0,1,0,4,9,False,230,0,95,95,0.475,0
11221,0,1,0,4,7,False,40,0,121,121,0.605,0
11222,0,1,0,4,7,False,136,0,244,244,1.22,0
11223,0,1,0,4,7,False,78,0,33,33,0.165,0
11224,0,1,28,3,50,False,11,1,0,256,1.28,0
11225,0,1,0,4,8,False,34,7,160,1952,9.76,0
11226,0,1,15,0,0,False,0,0,0,0,0.0,0
11227,0,1,0,4,7,False,131,1,27,283,1.415,0
11228,0,1,0,4,2,True,4,10,196,2756,13.78,0
11229,0,1,0,4,8,False,206,3,107,875,4.375,0
11230,0,1,0,4,53,False,4,5,110,1390,6.95,0
11231,0,1,0,4,7,False,248,0,254,254,1.27,0
11232,0,1,0,0,0,False,0,0,0,0,0.0,0
11233,0,1,0,4,8,False,187,3,238,1006,5.03,0
11234,0,1,3,4,4,False,11,9,15,2319,11.595,0
11235,0,1,0,4,8,False,236,0,198,198,0.99,0
11236,0,1,21,3,4,False,6,2,0,512,2.56,0
11237,0,1,0,0,0,False,0,0,0,0,0.0,0
11238,0,1,0,1,7,False,0,0,0,0,0.0,0
11239,0,1,0,4,0,False,198,4,7,1031,5.155,0
11240,0,1,0,4,7,False,251,1,226,482,2.41,0
11241,0,1,0,4,0,False,75,4,8,1032,5.16,0
11242,0,1,0,1,37,False,0,0,0,0,0.0,0
11243,0,1,0,0,0,False,0,0,0,0,0.0,0
11244,0,1,29,4,11,False,2,8,76,2124,10.62,0
11245,0,1,0,1,8,False,0,0,0,0,0.0,0
11246,0,1,0,6,4,False,10,6,0,1536,7.68,23638
11247,0,1,0,4,8,False,240,0,155,155,0.775,0
11248,0,1,1,6,10,False,4,9,124,2428,12.14,44288
11249,0,1,0,4,8,False,111,1,117,373,1.865,0
11250,0,1,0,4,10,False,97,1,67,323,1.615,0
11251,0,1,0,4,8,False,228,2,205,717,3.585,0
11252,0,1,0,4,10,False,155,0,88,88,0.44,0
11253,0,1,0,4,8,False,124,0,171,171,0.855,0
11254,0,1,0,4,11,False,43,7,237,2029,10.145,0
11255,0,1,0,4,7,False,176,0,67,67,0.335,0
11256,0,1,0,4,11,False,187,2,230,742,3.71,0
11257,0,1,0,4,8,False,175,2,245,757,3.785,0
11258,0,1,0,4,11,False,62,3,255,1023,5.115,0
11259,0,1,0,4,7,False,234,0,142,142,0.71,0
11260,0,1,0,4,10,False,176,0,216,216,1.08,0
11261,0,1,0,4,8,False,152,10,208,2768,13.84,0
11262,0,1,0,4,48,True,1,4,11,1035,5.175,0
11263,0,1,0,4,7,False,196,0,64,64,0.32,0
11264,0,1,13,1,2,False,0,0,0,0,0.0,0
11265,0,1,0,4,8,False,132,0,243,243,1.215,0
11266,0,1,29,0,0,False,0,0,0,0,0.0,0
11267,0,1,0,4,8,False,189,0,234,234,1.17,0
11268,0,1,0,6,0,False,4,5,196,1476,7.38,18185
11269,0,1,0,4,8,False,35,0,206,206,1.03,0
11270,0,1,0,2,0,False,102,0,0,0,0.0,0
11271,0,1,0,4,8,False,180,2,204,716,3.58,0
11272,0,1,0,4,9,False,240,4,3,1027,5.135,0
11273,0,1,0,4,8,False,229,0,176,176,0.88,0
11274,0,1,8,5,4,False,9,4,0,1024,5.12,142
11275,0,1,0,4,7,False,116,0,231,231,1.155,0
11276,0,1,28,0,0,False,0,0,0,0,0.0,0
11277,0,1,0,4,8,False,188,4,71,1095,5.475,0
11278,0,1,0,0,0,False,0,0,0,0,0.0,0
11279,0,1,0,4,8,False,87,1,242,498,2.49,0
11280,0,1,0,4,10,False,36,1,5,261,1.305,0
11281,0,1,0,4,8,False,160,0,134,134,0.67,0
11282,0,1,21,0,0,False,0,0,0,0,0.0,0
11283,0,1,0,4,8,False,27,0,235,235,1.175,0
11284,0,1,11,6,4,False,9,4,6,1030,5.15,130
11285,0,1,0,4,8,False,102,0,157,157,0.785,0
11286,0,1,17,3,1,False,117,4,0,1024,5.12,0
11287,0,1,0,4,8,False,23,1,40,296,1.48,0
11288,0,1,1,1,0,False,0,0,0,0,0.0,0
11289,0,1,0,4,8,False,186,1,66,322,1.61,0
11290,0,1,1,3,4,False,4,9,0,2304,11.52,0
11291,0,1,0,4,8,False,197,0,87,87,0.435,0
11292,0,1,1,1,13,True,0,0,0,0,0.0,0
11293,0,1,0,4,8,False,165,1,97,353,1.765,0
11294,0,1,0,0,0,False,0,0,0,0,0.0,0
11295,0,1,0,4,8,False,217,1,237,493,2.465,0
11296,0,1,8,5,4,False,9,5,0,1280,6.4,4
11297,0,1,0,4,8,False,245,0,90,90,0.45,0
11298,0,1,0,4,6,False,219,0,79,79,0.395,0
11299,0,1,0,4,7,False,203,0,82,82,0.41,0
11300,0,1,0,4,9,False,251,3,69,837,4.185,0
11301,0,1,0,4,8,False,73,2,20,532,2.66,0
11302,0,1,0,1,10,False,0,0,0,0,0.0,0
11303,0,1,0,4,7,False,103,0,52,52,0.26,0
11304,0,1,24,5,1,False,4,10,0,2560,12.8,119
11305,0,1,0,4,8,False,180,2,246,758,3.79,0
11306,0,1,25,2,33,False,4,0,0,0,0.0,0
11307,0,1,0,4,8,False,116,2,27,539,2.695,0
11308,0,1,0,4,9,False,194,15,0,3840,19.2,0
11309,0,1,0,4,8,False,223,1,24,280,1.4,0
11310,0,1,22,0,0,False,0,0,0,0,0.0,0
11311,0,1,0,4,8,False,36,0,161,161,0.805,0
11312,0,1,25,3,1,False,4,10,0,2560,12.8,0
11313,0,1,0,4,9,False,184,10,165,2725,13.625,0
11314,0,1,11,1,39,False,0,0,0,0,0.0,0
11315,0,1,0,4,8,False,184,0,217,217,1.085,0
11316,0,1,31,6,0,False,238,8,181,2229,11.145,2304
11317,0,1,0,4,8,False,99,0,58,58,0.29,0
11318,0,1,23,0,0,False,0,0,0,0,0.0,0
11319,0,1,0,4,8,False,9,0,145,145,0.725,0
11320,0,1,0,1,0,False,0,0,0,0,0.0,0
11321,0,1,0,4,8,False,129,1,109,365,1.825,0
11322,0,1,0,4,10,False,113,10,103,2663,13.315,0
11323,0,1,0,4,8,False,216,0,201,201,1.005,0
11324,0,1,0,2,9,True,4,0,0,0,0.0,0
11325,0,1,0,4,8,False,233,0,52,52,0.26,0
11326,0,1,1,2,20,False,3,0,0,0,0.0,0
11327,0,1,0,4,8,False,28,1,20,276,1.38,0
11328,0,1,0,4,9,False,216,0,124,124,0.62,0
11329,0,1,0,4,7,False,77,0,70,70,0.35,0
11330,0,1,0,4,11,False,206,3,106,874,4.37,0
11331,0,1,0,4,7,False,3,0,54,54,0.27,0
11332,0,1,0,4,4,False,8,4,10,1034,5.17,0
11333,0,1,0,4,7,False,142,0,177,177,0.885,0
11334,0,1,4,2,0,False,93,0,0,0,0.0,0
11335,0,1,0,4,8,False,6,8,201,2249,11.245,0
11336,0,1,0,4,11,False,143,6,9,1545,7.725,0
11337,0,1,0,4,7,False,114,0,53,53,0.265,0
11338,0,1,11,1,0,True,0,0,0,0,0.0,0
11339,0,1,0,4,8,False,15,2,52,564,2.82,0
11340,0,1,0,1,52,False,0,0,0,0,0.0,0
11341,0,1,0,4,8,False,123,2,126,638,3.19,0
11342,0,1,0,4,5,False,6,14,142,3726,18.63,0
11343,0,1,0,4,7,False,130,0,59,59,0.295,0
11344,0,1,0,0,0,False,0,0,0,0,0.0,0
11345,0,1,0,4,8,False,59,8,68,2116,10.58,0
11346,0,1,0,4,7,False,119,0,70,70,0.35,0
11347,0,1,0,4,8,False,132,10,69,2629,13.145,0
11348,0,1,0,1,4,False,0,0,0,0,0.0,0
11349,0,1,0,4,8,False,239,1,33,289,1.445,0
11350,0,1,0,7,60,False,0,5,0,1280,6.4,12098384
11351,0,1,0,4,8,False,68,1,42,298,1.49,0
11352,0,1,0,4,9,False,16,0,191,191,0.955,0
11353,0,1,0,4,7,False,186,0,64,64,0.32,0
11354,0,1,30,4,9,False,69,0,178,178,0.89,0
11355,0,1,0,4,8,False,186,0,216,216,1.08,0
11356,0,1,26,7,0,False,95,4,9,1033,5.165,16515258
11357,0,1,0,4,8,False,126,0,63,63,0.315,0
11358,0,1,0,4,10,False,100,4,111,1135,5.675,0
11359,0,1,0,4,8,False,20,0,114,114,0.57,0
11360,0,1,0,4,10,False,239,1,28,284,1.42,0
11361,0,1,0,4,8,False,175,1,61,317,1.585,0
11362,0,1,0,4,10,False,16,0,173,173,0.865,0
11363,0,1,0,4,7,False,36,0,83,83,0.415,0
11364,0,1,0,4,5,False,182,0,165,165,0.825,0
11365,0,1,0,4,7,False,171,0,61,61,0.305,0
11366,0,1,0,4,5,False,36,0,75,75,0.375,0
11367,0,1,0,4,8,False,52,4,160,1184,5.92,0
11368,0,1,0,4,6,False,171,0,66,66,0.33,0
11369,0,1,0,4,8,False,189,1,111,367,1.835,0
11370,0,1,0,4,7,False,171,0,68,68,0.34,0
11371,0,1,0,4,7,False,238,0,61,61,0.305,0
11372,0,1,0,4,9,False,189,8,81,2129,10.645,0
11373,0,1,0,4,8,False,179,2,204,716,3.58,0
11374,0,1,0,4,5,False,238,0,77,77,0.385,0
11375,0,1,0,0,0,False,0,0,0,0,0.0,0
11376,0,1,0,4,7,False,238,0,79,79,0.395,0
11377,0,1,0,3,2,False,204,4,0,1024,5.12,0
11378,0,1,0,4,19,False,5,7,4,1796,8.98,0
11379,0,1,0,7,25,True,2,8,4,2052,10.26,70151
11380,0,1,1,1,5,False,0,0,0,0,0.0,0
11381,0,1,0,4,4,False,8,8,12,2060,10.3,0
11382,0,1,29,6,0,False,88,4,192,1216,6.08,2308
11383,0,1,0,4,4,False,8,12,0,3072,15.36,0
11384,0,1,29,6,1,False,199,4,6,1030,5.15,531
11385,0,1,0,5,4,False,7,7,0,1792,8.96,178
11386,0,1,18,3,4,False,7,8,0,2048,10.24,0
11387,0,1,0,4,8,False,193,3,148,916,4.58,0
11388,0,1,0,1,41,False,0,0,0,0,0.0,0
11389,0,1,0,4,7,False,48,0,131,131,0.655,0
11390,0,1,0,5,33,False,0,1,4,260,1.3,6
11391,0,1,0,4,8,False,152,3,61,829,4.145,0
11392,0,1,1,4,4,False,133,4,5,1029,5.145,0
11393,0,1,0,4,7,False,252,0,184,184,0.92,0
11394,0,1,7,3,1,False,0,4,0,1024,5.12,0
11395,0,1,0,4,8,False,136,3,229,997,4.985,0
11396,0,1,1,0,0,False,0,0,0,0,0.0,0
11397,0,1,0,4,8,False,21,1,148,404,2.02,0
11398,0,1,19,1,0,False,0,0,0,0,0.0,0
11399,0,1,0,4,8,False,69,0,230,230,1.15,0
11400,0,1,22,5,4,False,5,6,0,1536,7.68,181
11401,0,1,0,4,9,False,186,13,116,3444,17.22,0
11402,0,1,0,4,7,False,252,0,98,98,0.49,0
11403,0,1,0,4,8,False,5,0,58,58,0.29,0
11404,0,1,0,4,9,False,69,14,63,3647,18.235,0
11405,0,1,0,4,7,False,116,0,86,86,0.43,0
11406,0,1,0,4,10,False,26,4,106,1130,5.65,0
11407,0,1,0,4,8,False,35,3,57,825,4.125,0
11408,0,1,0,4,7,False,112,0,61,61,0.305,0
11409,0,1,0,4,8,False,77,0,248,248,1.24,0
11410,0,1,0,4,5,False,240,0,62,62,0.31,0
11411,0,1,0,4,7,False,4,0,168,168,0.84,0
11412,0,1,0,4,7,False,240,0,54,54,0.27,0
11413,0,1,0,4,8,False,205,5,234,1514,7.57,0
11414,0,1,0,4,7,False,239,0,62,62,0.31,0
11415,0,1,0,4,7,False,226,0,86,86,0.43,0
11416,0,1,0,4,7,False,99,0,57,57,0.285,0
11417,0,1,0,4,8,False,206,12,102,3174,15.87,0
11418,0,1,0,4,5,False,25,0,167,167,0.835,0
11419,0,1,0,4,7,False,253,0,123,123,0.615,0
11420,0,1,0,4,6,False,227,0,66,66,0.33,0
11421,0,1,0,4,7,False,79,0,60,60,0.3,0
11422,0,1,0,4,5,False,253,0,92,92,0.46,0
11423,0,1,0,4,8,False,6,6,170,1706,8.53,0
11424,0,1,0,4,5,False,79,0,57,57,0.285,0
11425,0,1,0,4,8,False,29,0,75,75,0.375,0
11426,0,1,0,4,6,False,253,0,90,90,0.45,0
11427,0,1,0,4,9,False,24,1,61,317,1.585,0
11428,0,1,0,4,7,False,7,1,23,279,1.395,0
11429,0,1,0,4,8,False,98,0,202,202,1.01,0
11430,0,1,0,4,9,False,240,9,49,2353,11.765,0
11431,0,1,0,4,7,False,224,0,74,74,0.37,0
11432,0,1,0,4,9,False,98,0,246,246,1.23,0
11433,0,1,0,4,8,False,123,2,56,568,2.84,0
11434,0,1,0,4,5,False,224,0,79,79,0.395,0
11435,0,1,0,4,7,False,140,0,56,56,0.28,0
11436,0,1,0,4,7,False,225,0,56,56,0.28,0
11437,0,1,0,4,7,False,85,0,102,102,0.51,0
11438,0,1,0,4,9,False,219,6,200,1736,8.68,0
11439,0,1,0,4,8,False,197,10,116,2676,13.38,0
11440,0,1,0,4,9,False,80,2,39,551,2.755,0
11441,0,1,0,4,8,False,203,11,46,2862,14.31,0
11442,0,1,0,4,9,False,205,2,252,764,3.82,0
11443,0,1,0,4,8,False,95,0,61,61,0.305,0
11444,0,1,0,4,9,False,214,1,85,341,1.705,0
11445,0,1,0,4,7,False,42,0,89,89,0.445,0
11446,0,1,1,1,63,False,0,0,0,0,0.0,0
11447,0,1,0,4,8,False,181,2,200,712,3.56,0
11448,0,1,0,3,27,False,4,10,0,2560,12.8,0
11449,0,1,0,4,8,False,10,2,1,513,2.565,0
11450,0,1,18,2,2,False,3,0,0,0,0.0,0
11451,0,1,0,4,8,False,101,4,19,1043,5.215,0
11452,0,1,0,4,8,False,203,0,212,212,1.06,0
11453,0,1,0,4,8,False,196,0,212,212,1.06,0
11454,0,1,0,7,9,False,37,4,7,1031,5.155,13502762
11455,0,1,0,4,8,False,78,2,207,719,3.595,0
11456,0,1,0,3,57,True,11,11,0,2816,14.08,0
11457,0,1,0,4,8,False,7,4,208,1232,6.16,0
11458,0,1,0,0,0,False,0,0,0,0,0.0,0
11459,0,1,0,4,7,False,84,1,46,302,1.51,0
11460,0,1,7,4,4,False,7,13,9,3337,16.685,0
11461,0,1,0,4,8,False,178,8,231,2279,11.395,0
11462,0,1,23,1,4,False,0,0,0,0,0.0,0
11463,0,1,0,4,7,False,210,0,60,60,0.3,0
11464,0,1,0,5,20,False,1,1,4,260,1.3,6
11465,0,1,0,4,8,False,161,2,97,609,3.045,0
11466,0,1,1,1,0,False,0,0,0,0,0.0,0
11467,0,1,0,4,7,False,247,0,132,132,0.66,0
11468,0,1,28,0,0,False,0,0,0,0,0.0,0
11469,0,1,0,4,8,False,183,3,238,1006,5.03,0
11470,0,1,0,4,5,False,211,4,125,1149,5.745,0
11471,0,1,0,4,8,False,13,1,221,477,2.385,0
11472,0,1,0,4,5,False,247,0,75,75,0.375,0
11473,0,1,0,4,7,False,121,0,48,48,0.24,0
11474,0,1,0,4,7,False,247,0,72,72,0.36,0
11475,0,1,0,4,8,False,251,7,130,1922,9.61,0
11476,0,1,0,6,55,True,4,5,121,1401,7.005,0
11477,0,1,0,4,8,False,39,11,22,2838,14.19,0
11478,0,1,30,3,40,True,4,9,0,2304,11.52,0
11479,0,1,0,4,9,False,236,10,120,2680,13.4,0
11480,0,1,3,4,6,False,10,4,10,1034,5.17,0
11481,0,1,0,4,8,False,39,1,51,307,1.535,0
11482,0,1,15,5,4,False,232,4,9,1033,5.165,190
11483,0,1,0,4,8,False,39,0,9,9,0.045,0
11484,0,1,0,4,11,False,4,9,41,2345,11.725,0
