,readout,layer,chipID,payload,location,isCol,timestamp,tot_msb,tot_lsb,tot_total,tot_us,fpga_ts
0,0,1,2,4,16,False,140,6,90,1626,16.26,0
1,0,1,2,4,17,False,246,14,94,3678,36.78,0
2,0,1,2,4,21,False,127,14,166,3750,37.5,0
3,0,1,2,4,23,False,212,14,140,3724,37.24,0
4,0,1,2,4,26,False,70,10,215,2775,27.75,0
5,0,1,2,4,19,False,233,6,43,1579,15.79,0
6,0,1,2,4,29,False,235,3,177,945,9.45,0
7,0,1,2,4,30,False,56,7,38,1830,18.3,0
8,0,1,2,4,31,False,90,7,43,1835,18.35,0
9,0,1,2,4,32,False,195,5,78,1358,13.58,0
10,0,1,2,4,8,True,127,14,149,3733,37.33,0
11,0,1,2,4,9,True,212,14,121,3705,37.05,0
12,0,1,2,4,10,True,140,6,69,1605,16.05,0
13,0,1,2,4,12,True,70,12,243,3315,33.15,0
14,0,1,2,4,16,True,90,4,212,1236,12.36,0
15,0,1,2,4,17,True,233,6,24,1560,15.6,0
16,0,1,2,4,18,True,15,14,156,3740,37.4,0
17,0,1,2,4,19,True,235,3,152,920,9.2,0
18,0,1,2,4,22,True,64,9,163,2467,24.67,0
19,0,1,2,4,33,False,199,11,243,3059,30.59,0
20,0,1,2,4,15,True,199,11,223,3039,30.39,0
21,0,1,2,4,18,False,57,4,120,1144,11.44,0
22,0,1,2,4,5,True,63,4,133,1157,11.57,0
23,0,1,2,4,21,False,92,13,43,3371,33.71,0
24,0,1,2,4,10,True,92,13,25,3353,33.53,0
25,0,1,2,4,1,False,106,5,206,1486,14.86,0
26,0,1,2,4,6,True,1,4,0,1024,10.24,167772160
27,0,-1,-1,-1,-1,True,-1,-1,-1,-1,-1.0,-1
28,0,27,1,7,27,True,0,0,0,0,0.0,335612416
29,0,135,0,0,0,False,0,0,10,10,0.1,1494881281
30,0,-1,-1,-1,-1,True,-1,-1,-1,-1,-1.0,-1
31,0,1,2,4,24,True,89,15,15,3855,38.55,180
32,0,-1,-1,-1,-1,True,-1,-1,-1,-1,-1.0,-1
33,0,1,2,4,32,False,47,5,149,1429,14.29,0
34,0,1,2,4,21,True,19,2,152,664,6.64,0
35,0,1,2,4,25,False,207,7,154,1946,19.46,0
36,0,1,2,4,17,True,206,7,132,1924,19.24,0
37,0,1,2,4,33,False,94,1,158,414,4.14,0
38,0,1,2,4,12,False,79,9,106,2410,24.1,0
39,0,1,2,4,5,True,79,9,88,2392,23.92,0
40,0,1,2,4,14,True,32,3,42,810,8.1,0
41,0,1,2,4,22,False,27,9,217,2521,25.21,0
42,0,1,2,4,15,True,27,9,197,2501,25.01,0
43,0,1,2,4,1,False,46,9,179,2483,24.83,0
44,0,1,2,4,2,False,45,7,41,1833,18.33,0
45,0,1,2,4,9,True,45,7,20,1812,18.12,0
46,0,1,2,4,27,False,140,11,131,2947,29.47,0
47,0,1,2,4,3,True,140,10,206,2766,27.66,0
48,0,1,2,4,5,False,42,7,240,2032,20.32,0
49,0,1,2,4,18,True,42,8,12,2060,20.6,95
50,0,-1,-1,-1,-1,True,-1,-1,-1,-1,-1.0,-1
51,0,1,2,4,23,False,104,8,193,2241,22.41,0
52,0,1,2,4,11,True,50,8,36,2084,20.84,0
53,0,1,2,4,15,False,62,2,248,760,7.6,0
54,0,1,2,4,16,True,109,6,8,1544,15.44,0
55,0,1,3,4,23,False,81,7,217,2009,20.09,0
56,0,1,2,4,33,False,34,0,188,188,1.88,0
57,0,1,2,4,31,True,34,0,168,168,1.68,0
58,0,1,2,4,5,False,164,11,145,2961,29.61,0
59,0,1,2,4,3,True,163,11,129,2945,29.45,0
60,0,1,2,4,4,True,164,10,33,2593,25.93,0
61,0,1,2,4,20,False,10,8,212,2260,22.6,0
62,0,1,2,4,19,True,10,8,193,2241,22.41,0
63,0,1,2,4,15,False,58,13,1,3329,33.29,4060518423
64,0,0,0,0,0,False,0,12,1,3073,30.73,0
65,0,251,0,0,0,False,0,0,10,10,0.1,462230529
66,0,-1,-1,-1,-1,True,-1,-1,-1,-1,-1.0,-1
67,0,-1,-1,-1,-1,True,-1,-1,-1,-1,-1.0,-1
68,0,-1,-1,-1,-1,True,-1,-1,-1,-1,-1.0,-1
69,0,-1,-1,-1,-1,True,-1,-1,-1,-1,-1.0,-1
70,0,1,2,4,32,False,91,12,148,3220,32.2,0
71,0,1,2,4,10,True,91,12,127,3199,31.99,0
72,0,1,2,4,32,True,162,15,140,3980,39.8,0
73,0,1,2,4,16,False,221,9,162,2466,24.66,0
74,0,1,2,4,17,True,221,9,143,2447,24.47,0
75,0,1,2,4,18,False,231,8,202,2250,22.5,0
76,0,1,2,4,15,True,231,8,180,2228,22.28,0
77,0,1,2,4,19,True,59,10,234,2794,27.94,0
78,0,1,2,4,28,False,58,4,232,1256,12.56,0
79,0,1,2,4,8,True,49,4,212,1236,12.36,0
80,0,1,2,4,23,False,241,4,177,1201,12.01,0
81,0,1,2,4,14,True,150,5,175,1455,14.55,0
82,0,1,2,4,11,True,150,5,153,1433,14.33,0
83,0,1,2,4,5,False,101,15,56,3896,38.96,0
84,0,1,2,4,29,True,101,15,39,3879,38.79,0
85,0,1,2,4,32,False,224,15,1,3841,38.41,0
86,0,1,2,4,21,True,224,14,235,3819,38.19,0
87,0,1,2,4,20,False,0,14,63,3647,36.47,0
88,0,1,2,4,22,False,177,11,180,2996,29.96,0
89,0,1,2,4,4,True,244,3,200,968,9.68,0
90,0,1,2,4,3,True,244,3,184,952,9.52,0
91,0,1,2,4,29,False,60,11,13,2829,28.29,0
92,0,1,2,4,8,True,60,10,248,2808,28.08,0
93,0,1,2,4,0,False,12,15,0,3840,38.4,167772160
94,0,-1,-1,-1,-1,True,-1,-1,-1,-1,-1.0,-1
95,0,40,0,0,0,False,0,0,10,10,0.1,2265977857
96,0,-1,-1,-1,-1,True,-1,-1,-1,-1,-1.0,-1
97,0,-1,-1,-1,-1,True,-1,-1,-1,-1,-1.0,-1
98,0,-1,-1,-1,-1,True,-1,-1,-1,-1,-1.0,-1
99,0,1,2,4,18,True,135,1,211,467,4.67,0
100,0,1,2,4,23,False,76,10,67,2627,26.27,0
101,0,1,2,4,19,True,6,0,0,0,0.0,167772160
102,0,-1,-1,-1,-1,True,-1,-1,-1,-1,-1.0,-1
103,0,172,0,0,0,False,0,0,10,10,0.1,0
104,0,-1,-1,-1,-1,True,-1,-1,-1,-1,-1.0,-1
105,0,249,0,0,0,False,0,0,10,10,0.1,3716813825
106,0,-1,-1,-1,-1,True,-1,-1,-1,-1,-1.0,-1
107,0,-1,-1,-1,-1,True,-1,-1,-1,-1,-1.0,-1
108,0,1,2,4,12,False,195,7,195,1987,19.87,0
109,0,1,2,4,4,True,195,7,177,1969,19.69,0
110,0,1,2,4,17,True,117,7,146,1938,19.38,0
111,0,1,2,4,32,False,11,2,0,512,5.12,167772160
112,0,-1,-1,-1,-1,True,-1,-1,-1,-1,-1.0,-1
113,0,172,0,0,0,False,0,0,10,10,0.1,941298689
114,0,-1,-1,-1,-1,True,-1,-1,-1,-1,-1.0,-1
115,0,-1,-1,-1,-1,True,-1,-1,-1,-1,-1.0,-1
116,0,-1,-1,-1,-1,True,-1,-1,-1,-1,-1.0,-1
117,0,-1,-1,-1,-1,True,-1,-1,-1,-1,-1.0,-1
118,0,1,2,4,11,True,56,9,161,2465,24.65,0
119,0,1,2,4,2,False,76,1,187,443,4.43,0
120,0,1,2,4,15,True,54,1,170,426,4.26,0
121,0,1,2,4,19,False,123,13,27,3355,33.55,0
122,0,1,2,4,11,True,236,13,7,3335,33.35,0
123,0,1,2,4,16,False,187,14,10,3594,35.94,147
124,0,-1,-1,-1,-1,True,-1,-1,-1,-1,-1.0,-1
125,0,1,2,4,14,True,157,10,127,2687,26.87,0
126,0,1,2,4,18,False,179,0,135,135,1.35,0
127,0,1,2,4,5,True,179,0,115,115,1.15,0
128,0,1,2,4,14,False,84,3,165,933,9.33,0
129,0,1,2,4,31,True,84,3,145,913,9.13,0
130,0,1,2,4,31,False,145,6,30,1566,15.66,0
131,0,1,2,4,32,False,145,5,230,1510,15.1,0
132,0,1,2,4,30,True,202,13,124,3452,34.52,0
133,0,1,2,4,2,False,199,6,232,1768,17.68,0
134,0,1,1,4,19,True,202,13,104,3432,34.32,0
135,0,1,2,4,20,False,5,0,12,12,0.12,0
136,0,1,1,4,21,False,175,0,234,234,2.34,11507476
137,0,-1,-1,-1,-1,True,-1,-1,-1,-1,-1.0,-1
138,0,-1,-1,-1,-1,True,-1,-1,-1,-1,-1.0,-1
139,0,-1,-1,-1,-1,True,-1,-1,-1,-1,-1.0,-1
140,0,-1,-1,-1,-1,True,-1,-1,-1,-1,-1.0,-1
141,0,1,27,0,0,False,0,0,0,0,0.0,0
142,0,1,2,4,30,False,26,7,171,1963,19.63,0
143,0,1,2,4,12,True,26,7,150,1942,19.42,0
144,0,1,2,4,24,False,10,5,102,1382,13.82,0
145,0,1,2,4,14,True,10,5,84,1364,13.64,0
146,0,1,2,4,29,False,5,9,242,2546,25.46,0
147,0,1,2,4,25,True,5,9,220,2524,25.24,0
148,0,1,2,4,14,False,8,2,0,512,5.12,167772160
149,0,-1,-1,-1,-1,True,-1,-1,-1,-1,-1.0,-1
150,0,143,0,0,0,False,0,0,10,10,0.1,5121
151,0,35,0,0,0,False,0,0,10,10,0.1,1166939137
152,0,-1,-1,-1,-1,True,-1,-1,-1,-1,-1.0,-1
153,0,-1,-1,-1,-1,True,-1,-1,-1,-1,-1.0,-1
154,0,-1,-1,-1,-1,True,-1,-1,-1,-1,-1.0,-1
155,0,-1,-1,-1,-1,True,-1,-1,-1,-1,-1.0,-1
156,0,1,2,4,18,False,235,5,198,1478,14.78,0
157,0,1,2,4,16,True,21,5,176,1456,14.56,0
158,0,1,2,4,0,False,90,7,181,1973,19.73,0
159,0,1,2,4,16,False,14,4,170,1194,11.94,0
160,0,1,2,4,3,True,14,15,142,3982,39.82,0
161,0,1,2,4,19,True,69,8,124,2172,21.72,0
162,0,1,2,4,0,False,69,3,63,831,8.31,0
163,0,1,2,4,18,True,69,3,44,812,8.12,0
164,0,1,2,4,8,False,197,1,14,270,2.7,158
165,0,-1,-1,-1,-1,True,-1,-1,-1,-1,-1.0,-1
166,0,1,2,4,17,True,161,14,142,3726,37.26,0
167,0,1,2,4,17,False,8,2,0,512,5.12,167772160
168,0,-1,-1,-1,-1,True,-1,-1,-1,-1,-1.0,-1
169,0,-1,-1,-1,-1,True,-1,-1,-1,-1,-1.0,-1
170,0,-1,-1,-1,-1,True,-1,-1,-1,-1,-1.0,-1
171,0,-1,-1,-1,-1,True,-1,-1,-1,-1,-1.0,-1
172,0,1,2,4,20,False,27,9,12,2316,23.16,0
173,0,1,8,1,20,False,0,0,0,0,0.0,0
174,0,1,17,4,41,False,12,0,20,20,0.2,0
175,0,1,2,6,17,False,12,13,20,3348,33.48,20879
176,0,1,1,4,41,True,131,4,101,1125,11.25,0
177,0,1,2,4,13,True,131,4,84,1108,11.08,0
178,0,1,2,4,16,False,145,10,13,2573,25.73,0
179,0,1,2,4,14,True,145,9,249,2553,25.53,0
180,0,1,2,4,19,False,123,5,132,1412,14.12,0
181,0,1,2,4,18,True,123,5,113,1393,13.93,0
182,0,1,2,4,20,True,31,8,114,2162,21.62,0
183,0,1,2,4,25,False,29,14,13,3597,35.97,40
184,0,-1,-1,-1,-1,True,-1,-1,-1,-1,-1.0,-1
185,0,1,2,4,17,True,14,13,22,3350,33.5,0
186,0,1,2,4,17,False,111,15,245,4085,40.85,0
187,0,1,2,4,7,True,111,15,225,4065,40.65,0
188,0,1,2,4,0,False,23,15,30,3870,38.7,0
189,0,1,2,4,24,True,21,11,203,3019,30.19,0
190,0,1,2,4,20,False,248,7,69,1861,18.61,0
191,0,1,2,4,7,True,248,7,47,1839,18.39,0
192,0,1,2,4,19,False,128,14,52,3636,36.36,0
193,0,1,2,4,23,True,128,14,30,3614,36.14,0
194,0,1,2,4,27,False,231,6,196,1732,17.32,0
195,0,1,2,4,20,True,231,10,141,2701,27.01,0
196,0,1,2,4,15,True,245,10,118,2678,26.78,0
197,0,1,2,4,29,False,214,12,10,3082,30.82,175
198,0,-1,-1,-1,-1,True,-1,-1,-1,-1,-1.0,-1
199,0,1,2,4,26,False,141,13,2,3330,33.3,0
200,0,1,2,4,33,True,87,4,198,1222,12.22,0
201,0,1,2,4,25,False,88,4,123,1147,11.47,0
202,0,1,2,4,21,True,4,7,0,1792,17.92,167772160
203,0,-1,-1,-1,-1,True,-1,-1,-1,-1,-1.0,-1
204,0,-1,-1,-1,-1,True,-1,-1,-1,-1,-1.0,-1
205,0,-1,-1,-1,-1,True,-1,-1,-1,-1,-1.0,-1
206,0,1,2,4,22,False,68,12,30,3102,31.02,0
207,0,1,2,4,8,True,68,12,12,3084,30.84,0
208,0,1,2,4,33,False,40,2,103,615,6.15,0
209,0,1,2,4,6,True,113,2,83,595,5.95,0
210,0,1,2,4,26,False,18,10,121,2681,26.81,0
211,0,1,2,4,8,True,18,10,100,2660,26.6,0
212,0,1,2,4,30,False,208,5,70,1350,13.5,0
213,0,1,2,4,9,True,113,5,50,1330,13.3,0
214,0,1,2,4,23,False,107,8,4,2052,20.52,236
215,0,-1,-1,-1,-1,True,-1,-1,-1,-1,-1.0,-1
216,0,1,1,4,14,True,90,12,78,3150,31.5,0
217,0,1,2,4,20,False,28,9,2,2306,23.06,0
218,0,1,1,4,29,False,209,5,203,1483,14.83,0
219,0,1,15,5,20,False,5,2,0,512,5.12,167772160
220,0,-1,-1,-1,-1,True,-1,-1,-1,-1,-1.0,-1
221,0,1,2,4,16,False,174,12,132,3204,32.04,0
222,0,1,2,4,19,True,174,12,111,3183,31.83,0
223,0,1,2,4,4,True,227,3,180,948,9.48,0
224,0,1,2,4,3,False,14,1,161,417,4.17,0
225,0,1,2,4,31,True,14,1,141,397,3.97,0
226,0,1,2,4,21,False,237,5,41,1321,13.21,0
227,0,1,2,4,32,True,142,10,162,2722,27.22,0
228,0,1,2,4,29,False,140,10,119,2679,26.79,0
229,0,1,2,4,33,True,140,10,98,2658,26.58,0
230,0,1,2,4,21,False,60,15,184,4024,40.24,0
231,0,1,2,4,22,False,60,2,245,757,7.57,0
232,0,1,2,4,31,True,60,2,227,739,7.39,0
233,0,1,2,4,13,False,55,15,134,3974,39.74,0
234,0,1,2,4,12,True,55,15,115,3955,39.55,0
235,0,1,2,4,27,False,77,12,196,3268,32.68,0
236,0,1,2,4,14,True,77,12,179,3251,32.51,0
237,0,1,2,4,23,False,33,9,24,2328,23.28,0
238,0,1,2,4,12,True,33,9,4,2308,23.08,0
239,0,1,2,4,20,False,12,15,12,3852,38.52,162
240,0,-1,-1,-1,-1,True,-1,-1,-1,-1,-1.0,-1
241,0,1,2,4,21,False,14,0,154,154,1.54,0
242,0,1,2,4,11,True,15,12,143,3215,32.15,0
243,0,1,2,4,12,True,14,0,136,136,1.36,0
244,0,1,2,4,19,False,167,11,167,2983,29.83,0
245,0,1,2,4,17,False,165,0,127,127,1.27,0
246,0,1,2,4,20,False,165,3,126,894,8.94,0
247,0,1,2,4,5,True,165,3,118,886,8.86,0
248,0,1,2,4,18,False,68,10,7,2567,25.67,0
249,0,1,2,4,16,True,68,9,242,2546,25.46,0
250,0,1,2,4,29,True,108,15,212,4052,40.52,0
251,0,1,2,4,23,False,108,6,24,1560,15.6,0
252,0,1,2,4,30,True,108,6,4,1540,15.4,0
253,0,1,2,4,18,False,119,0,67,67,0.67,0
254,0,1,2,4,10,True,119,0,46,46,0.46,0
255,0,1,2,4,15,False,253,4,85,1109,11.09,0
256,0,1,2,4,11,True,253,4,66,1090,10.9,0
257,0,1,2,4,20,False,201,1,222,478,4.78,0
258,0,1,2,4,7,True,1,4,0,1024,10.24,167772160
259,0,-1,-1,-1,-1,True,-1,-1,-1,-1,-1.0,-1
260,0,-1,-1,-1,-1,True,-1,-1,-1,-1,-1.0,-1
261,0,-1,-1,-1,-1,True,-1,-1,-1,-1,-1.0,-1
262,0,-1,-1,-1,-1,True,-1,-1,-1,-1,-1.0,-1
263,0,-1,-1,-1,-1,True,-1,-1,-1,-1,-1.0,-1
264,0,-1,-1,-1,-1,True,-1,-1,-1,-1,-1.0,-1
265,0,1,2,4,32,False,10,1,207,463,4.63,0
266,0,1,2,4,27,True,10,1,186,442,4.42,0
267,0,1,2,4,14,False,237,12,7,3079,30.79,215
268,0,-1,-1,-1,-1,True,-1,-1,-1,-1,-1.0,-1
269,0,1,2,4,14,True,252,7,198,1990,19.9,0
270,0,1,2,4,19,False,209,1,189,445,4.45,0
271,0,1,2,4,12,True,250,2,111,623,6.23,0
272,0,1,2,4,13,False,249,6,195,1731,17.31,0
273,0,1,2,4,11,True,249,6,175,1711,17.11,0
274,0,1,2,4,9,False,84,4,86,1110,11.1,0
275,0,1,2,4,16,False,189,4,230,1254,12.54,0
276,0,1,1,4,16,True,84,4,67,1091,10.91,0
277,0,1,2,4,20,False,19,10,212,2772,27.72,0
278,0,1,1,4,4,True,80,14,229,3813,38.13,0
279,0,1,2,4,20,False,7,4,13,1037,10.37,0
280,0,1,3,3,20,False,136,4,0,1024,10.24,0
281,0,1,1,5,7,False,20,0,191,191,1.91,5
282,0,1,23,3,20,False,145,15,0,3840,38.4,0
283,0,1,0,5,40,True,20,15,30,3870,38.7,2
284,0,1,21,3,20,False,148,14,0,3584,35.84,0
285,0,1,0,2,24,True,20,0,0,0,0.0,0
286,0,1,2,2,11,True,15,0,0,0,0.0,0
287,0,1,23,5,20,False,2,3,0,768,7.68,167772160
288,0,-1,-1,-1,-1,True,-1,-1,-1,-1,-1.0,-1
289,0,-1,-1,-1,-1,True,-1,-1,-1,-1,-1.0,-1
290,0,-1,-1,-1,-1,True,-1,-1,-1,-1,-1.0,-1
291,0,-1,-1,-1,-1,True,-1,-1,-1,-1,-1.0,-1
292,0,1,2,4,19,False,254,0,1,1,0.01,0
293,0,1,2,4,12,True,254,15,239,4079,40.79,0
294,0,1,2,4,3,False,0,6,166,1702,17.02,0
295,0,1,2,4,7,True,0,6,144,1680,16.8,0
296,0,1,2,4,21,False,77,7,13,1805,18.05,0
297,0,1,2,4,15,True,133,6,247,1783,17.83,0
298,0,1,2,4,27,False,48,15,236,4076,40.76,0
299,0,1,2,4,24,True,204,15,214,4054,40.54,0
300,0,1,2,4,27,False,251,7,12,1804,18.04,0
301,0,1,2,4,6,True,221,6,230,1766,17.66,0
302,0,1,2,4,20,False,212,15,100,3940,39.4,0
303,0,1,2,4,17,True,212,15,82,3922,39.22,0
304,0,1,2,4,8,False,189,12,89,3161,31.61,0
305,0,1,2,4,33,True,104,12,73,3145,31.45,0
306,0,1,2,4,33,False,70,11,32,2848,28.48,0
307,0,1,2,4,5,True,72,4,177,1201,12.01,0
308,0,1,2,4,24,False,72,7,136,1928,19.28,0
309,0,1,2,4,20,False,23,14,15,3599,35.99,0
310,0,1,2,4,22,False,4,9,0,2304,23.04,167772160
311,0,-1,-1,-1,-1,True,-1,-1,-1,-1,-1.0,-1
312,0,-1,-1,-1,-1,True,-1,-1,-1,-1,-1.0,-1
313,0,-1,-1,-1,-1,True,-1,-1,-1,-1,-1.0,-1
314,0,1,2,4,22,False,83,0,165,165,1.65,0
315,0,1,2,4,19,True,83,0,145,145,1.45,0
316,0,1,2,4,32,False,163,7,3,1795,17.95,0
317,0,1,2,4,17,True,163,6,237,1773,17.73,0
318,0,1,2,4,2,False,96,5,93,1373,13.73,0
319,0,1,2,4,32,True,96,5,75,1355,13.55,0
320,0,1,2,4,29,False,189,15,237,4077,40.77,0
321,0,1,2,4,30,False,150,4,14,1038,10.38,135
322,0,-1,-1,-1,-1,True,-1,-1,-1,-1,-1.0,-1
323,0,1,2,4,5,False,83,14,39,3623,36.23,0
324,0,1,2,4,5,True,198,14,18,3602,36.02,0
325,0,1,2,4,20,False,160,15,122,3962,39.62,0
326,0,1,2,4,11,True,206,15,102,3942,39.42,0
327,0,1,2,4,17,False,175,10,56,2616,26.16,0
328,0,1,2,4,11,True,175,10,35,2595,25.95,0
329,0,1,2,4,22,False,168,14,50,3634,36.34,0
330,0,1,2,4,15,True,168,14,30,3614,36.14,0
331,0,1,2,4,5,False,36,9,13,2317,23.17,133
332,0,-1,-1,-1,-1,True,-1,-1,-1,-1,-1.0,-1
333,0,1,2,4,20,True,57,13,112,3440,34.4,0
334,0,1,2,4,22,False,23,8,160,2208,22.08,0
335,0,1,2,4,15,True,23,8,141,2189,21.89,0
336,0,1,2,4,28,False,100,7,121,1913,19.13,0
337,0,1,2,4,6,True,100,6,5,1541,15.41,229
338,0,-1,-1,-1,-1,True,-1,-1,-1,-1,-1.0,-1
339,0,1,2,4,9,True,6,5,211,1491,14.91,0
340,0,1,2,4,31,False,65,13,138,3466,34.66,0
341,0,1,2,4,13,True,65,13,119,3447,34.47,0
342,0,1,2,4,30,False,226,8,162,2210,22.1,0
343,0,1,2,4,7,True,226,8,141,2189,21.89,0
344,0,1,2,4,20,False,183,15,7,3847,38.47,0
345,0,1,2,4,15,True,183,14,244,3828,38.28,0
346,0,1,1,4,22,False,245,10,21,2581,25.81,0
347,0,1,2,4,31,False,62,12,36,3108,31.08,20226
348,0,-1,-1,-1,-1,True,-1,-1,-1,-1,-1.0,-1
349,0,-1,-1,-1,-1,True,-1,-1,-1,-1,-1.0,-1
350,0,1,2,4,20,True,36,2,59,571,5.71,0
351,0,1,2,4,20,False,100,6,7,1543,15.43,235
352,0,-1,-1,-1,-1,True,-1,-1,-1,-1,-1.0,-1
353,0,1,2,4,10,True,118,7,216,2008,20.08,0
354,0,1,2,4,24,False,168,1,173,429,4.29,0
355,0,1,2,4,14,True,168,1,155,411,4.11,0
356,0,1,2,4,32,False,241,15,150,3990,39.9,0
357,0,1,2,4,21,True,241,6,52,1588,15.88,0
358,0,1,2,4,33,False,241,9,97,2401,24.01,0
359,0,1,2,4,22,True,241,9,79,2383,23.83,0
360,0,1,2,4,28,False,163,15,56,3896,38.96,0
361,0,1,2,4,6,True,163,15,37,3877,38.77,0
362,0,1,2,4,14,False,7,14,0,3584,35.84,167772160
363,0,-1,-1,-1,-1,True,-1,-1,-1,-1,-1.0,-1
364,0,140,0,0,0,False,0,0,10,10,0.1,1
365,0,-1,-1,-1,-1,True,-1,-1,-1,-1,-1.0,-1
366,0,-1,-1,-1,-1,True,-1,-1,-1,-1,-1.0,-1
367,0,-1,-1,-1,-1,True,-1,-1,-1,-1,-1.0,-1
368,0,1,2,4,15,True,238,14,227,3811,38.11,0
369,0,1,2,4,20,False,53,5,222,1502,15.02,0
370,0,1,2,4,19,False,53,7,143,1935,19.35,0
371,0,1,2,4,11,True,53,7,123,1915,19.15,0
372,0,1,2,4,25,False,55,10,136,2696,26.96,0
373,0,1,2,4,26,False,54,1,27,283,2.83,0
374,0,1,2,4,22,True,27,6,87,1623,16.23,0
375,0,1,2,4,3,True,26,6,68,1604,16.04,0
376,0,1,2,4,33,False,23,8,56,2104,21.04,0
377,0,1,2,4,6,True,23,8,40,2088,20.88,0
378,0,1,2,4,27,False,52,4,90,1114,11.14,0
379,0,1,2,4,3,True,52,4,73,1097,10.97,0
380,0,1,2,4,27,False,156,2,207,719,7.19,0
381,0,1,2,4,4,True,156,2,189,701,7.01,0
382,0,1,1,4,1,False,59,6,56,1592,15.92,0
383,0,1,2,4,6,True,157,14,14,3598,35.98,0
384,0,1,2,4,28,True,103,13,252,3580,35.8,0
385,0,1,2,4,19,False,38,11,193,3009,30.09,0
386,0,1,2,4,21,True,38,11,173,2989,29.89,0
387,0,1,2,4,14,False,4,5,90,1370,13.7,0
388,0,1,2,4,34,True,4,5,71,1351,13.51,0
389,0,1,2,4,15,False,89,1,104,360,3.6,0
390,0,1,2,4,15,False,122,1,73,329,3.29,0
391,0,1,2,4,16,False,89,6,118,1654,16.54,0
392,0,1,2,4,14,True,122,1,55,311,3.11,0
393,0,1,2,4,15,True,89,6,97,1633,16.33,0
394,0,1,2,4,4,False,67,7,147,1939,19.39,0
395,0,1,2,4,3,False,67,10,32,2592,25.92,0
396,0,1,2,4,15,True,87,10,122,2682,26.82,0
397,0,1,2,4,12,True,87,10,104,2664,26.64,0
398,0,1,2,4,16,False,122,4,223,1247,12.47,0
399,0,1,2,4,12,True,122,4,203,1227,12.27,0
400,0,1,2,4,26,False,160,10,166,2726,27.26,0
401,0,1,2,4,6,True,160,10,147,2707,27.07,0
402,0,1,2,4,19,False,168,11,28,2844,28.44,0
403,0,1,2,4,11,True,168,11,5,2821,28.21,0
404,0,1,2,4,5,False,90,6,11,1547,15.47,0
405,0,1,2,4,19,True,90,5,248,1528,15.28,0
406,0,1,2,4,16,False,212,8,59,2107,21.07,0
407,0,1,2,4,17,True,212,8,39,2087,20.87,0
408,0,1,2,4,3,False,10,0,0,0,0.0,167772160
409,0,-1,-1,-1,-1,True,-1,-1,-1,-1,-1.0,-1
410,0,-1,-1,-1,-1,True,-1,-1,-1,-1,-1.0,-1
411,0,0,0,0,0,False,0,10,1,2561,25.61,247076116
412,0,-1,-1,-1,-1,True,-1,-1,-1,-1,-1.0,-1
413,0,94,0,0,0,False,0,0,10,10,0.1,1713247233
414,0,-1,-1,-1,-1,True,-1,-1,-1,-1,-1.0,-1
415,0,-1,-1,-1,-1,True,-1,-1,-1,-1,-1.0,-1
416,0,1,2,4,24,True,102,9,21,2325,23.25,0
417,0,1,2,4,12,True,221,7,246,2038,20.38,0
418,0,1,2,4,18,False,14,0,0,0,0.0,167772160
419,0,-1,-1,-1,-1,True,-1,-1,-1,-1,-1.0,-1
420,0,138,0,0,0,False,0,0,10,10,0.1,471077889
421,0,-1,-1,-1,-1,True,-1,-1,-1,-1,-1.0,-1
422,0,-1,-1,-1,-1,True,-1,-1,-1,-1,-1.0,-1
423,0,1,2,4,8,True,53,11,71,2887,28.87,0
424,0,1,2,4,17,True,52,11,49,2865,28.65,0
425,0,1,2,4,23,False,28,14,4,3588,35.88,0
426,0,1,2,4,24,True,28,13,241,3569,35.69,0
427,0,1,2,4,20,False,155,1,138,394,3.94,0
428,0,1,2,4,15,True,155,1,120,376,3.76,0
429,0,1,2,4,25,False,207,14,193,3777,37.77,0
430,0,1,2,4,24,True,207,14,170,3754,37.54,0
431,0,1,2,4,4,False,94,9,34,2338,23.38,0
432,0,1,2,4,19,True,94,9,13,2317,23.17,0
433,0,1,2,4,29,False,11,12,48,3120,31.2,0
434,0,1,2,4,29,True,11,12,29,3101,31.01,0
435,0,1,2,4,19,False,95,13,107,3435,34.35,0
436,0,1,2,4,5,False,94,13,225,3553,35.53,0
437,0,1,2,4,21,True,43,5,2,1282,12.82,0
438,0,1,2,4,19,True,43,4,235,1259,12.59,0
439,0,1,2,4,0,False,37,2,190,702,7.02,0
440,0,1,2,4,24,True,36,2,171,683,6.83,0
441,0,1,2,4,17,False,141,12,182,3254,32.54,0
442,0,1,2,4,25,True,141,12,161,3233,32.33,0
443,0,1,2,4,19,False,217,6,135,1671,16.71,0
444,0,1,2,4,11,True,217,6,114,1650,16.5,0
445,0,1,2,4,15,False,12,0,0,0,0.0,167772160
446,0,-1,-1,-1,-1,True,-1,-1,-1,-1,-1.0,-1
447,0,12,0,0,0,False,0,0,10,10,0.1,1964971009
448,0,-1,-1,-1,-1,True,-1,-1,-1,-1,-1.0,-1
449,0,-1,-1,-1,-1,True,-1,-1,-1,-1,-1.0,-1
450,0,-1,-1,-1,-1,True,-1,-1,-1,-1,-1.0,-1
451,0,-1,-1,-1,-1,True,-1,-1,-1,-1,-1.0,-1
452,0,1,2,4,10,True,117,9,33,2337,23.37,0
453,0,1,2,4,3,False,189,9,43,2347,23.47,0
454,0,1,2,4,4,True,5,9,23,2327,23.27,0
455,0,1,2,4,4,False,211,3,104,872,8.72,0
456,0,1,2,4,16,True,211,3,83,851,8.51,0
457,0,1,2,4,3,False,28,6,67,1603,16.03,0
458,0,1,2,4,10,True,28,6,46,1582,15.82,0
459,0,1,2,4,24,False,205,10,21,2581,25.81,0
460,0,1,2,4,27,False,201,12,199,3271,32.71,0
461,0,1,2,4,3,True,205,10,5,2565,25.65,0
462,0,1,2,4,5,True,201,12,181,3253,32.53,0
463,0,1,2,4,1,False,175,10,169,2729,27.29,0
464,0,1,2,4,20,True,85,10,147,2707,27.07,0
465,0,1,2,4,21,False,114,12,48,3120,31.2,0
466,0,1,2,4,13,True,10,1,20,276,2.76,201895696
467,0,-1,-1,-1,-1,True,-1,-1,-1,-1,-1.0,-1
468,0,-1,-1,-1,-1,True,-1,-1,-1,-1,-1.0,-1
469,0,-1,-1,-1,-1,True,-1,-1,-1,-1,-1.0,-1
470,0,-1,-1,-1,-1,True,-1,-1,-1,-1,-1.0,-1
471,0,1,1,3,36,False,84,2,13,525,5.25,0
472,0,-1,-1,-1,-1,True,-1,-1,-1,-1,-1.0,-1
473,0,1,2,4,26,True,84,1,253,509,5.09,0
474,0,1,2,4,7,False,89,11,67,2883,28.83,0
475,0,1,2,4,4,True,88,11,48,2864,28.64,0
476,0,1,2,4,21,False,15,11,0,2816,28.16,167772160
477,0,-1,-1,-1,-1,True,-1,-1,-1,-1,-1.0,-1
478,0,137,0,0,0,False,0,0,10,10,0.1,1544623105
479,0,-1,-1,-1,-1,True,-1,-1,-1,-1,-1.0,-1
480,0,1,2,4,6,True,92,0,239,239,2.39,0
481,0,1,2,4,25,False,162,15,11,3851,38.51,0
482,0,1,2,4,24,False,165,1,135,391,3.91,0
483,0,1,2,4,16,True,162,14,15,3599,35.99,6
484,0,-1,-1,-1,-1,True,-1,-1,-1,-1,-1.0,-1
485,0,1,2,4,6,True,173,14,242,3826,38.26,0
486,0,1,2,4,13,False,53,13,80,3408,34.08,0
487,0,1,2,4,6,True,53,13,62,3390,33.9,0
488,0,1,2,4,23,False,190,0,178,178,1.78,0
489,0,1,2,4,20,True,190,0,158,158,1.58,0
490,0,1,2,4,19,False,224,12,90,3162,31.62,0
491,0,1,2,4,11,True,224,12,71,3143,31.43,0
492,0,1,2,4,19,False,154,10,82,2642,26.42,0
493,0,1,2,4,22,True,154,10,63,2623,26.23,0
494,0,1,2,4,27,False,12,15,0,3840,38.4,167772160
495,0,-1,-1,-1,-1,True,-1,-1,-1,-1,-1.0,-1
496,0,12,0,0,0,False,0,0,10,10,0.1,1291850753
497,0,-1,-1,-1,-1,True,-1,-1,-1,-1,-1.0,-1
498,0,-1,-1,-1,-1,True,-1,-1,-1,-1,-1.0,-1
499,0,-1,-1,-1,-1,True,-1,-1,-1,-1,-1.0,-1
500,0,-1,-1,-1,-1,True,-1,-1,-1,-1,-1.0,-1
501,0,1,2,4,20,True,77,2,136,648,6.48,0
502,0,1,2,4,20,False,47,15,153,3993,39.93,0
503,0,1,2,4,24,True,63,15,133,3973,39.73,0
504,0,1,2,4,30,False,120,15,60,3900,39.0,0
505,0,1,2,4,17,True,74,15,40,3880,38.8,0
506,0,1,2,4,15,False,90,6,126,1662,16.62,0
507,0,1,2,4,24,True,90,6,108,1644,16.44,0
508,0,1,2,4,29,False,180,7,97,1889,18.89,0
509,0,1,2,4,3,True,15,7,110,1902,19.02,0
510,0,1,2,4,24,True,157,5,251,1531,15.31,0
511,0,1,2,4,19,False,152,13,189,3517,35.17,0
512,0,1,2,4,23,True,152,13,170,3498,34.98,0
513,0,1,2,4,3,False,13,10,251,2811,28.11,0
514,0,1,2,4,27,True,13,10,230,2790,27.9,0
515,0,1,2,4,16,False,1,0,0,0,0.0,167772160
516,0,-1,-1,-1,-1,True,-1,-1,-1,-1,-1.0,-1
517,0,73,0,0,0,False,0,0,10,10,0.1,1315841
518,0,-1,-1,-1,-1,True,-1,-1,-1,-1,-1.0,-1
519,0,-1,-1,-1,-1,True,-1,-1,-1,-1,-1.0,-1
520,0,-1,-1,-1,-1,True,-1,-1,-1,-1,-1.0,-1
521,0,-1,-1,-1,-1,True,-1,-1,-1,-1,-1.0,-1
522,0,-1,-1,-1,-1,True,-1,-1,-1,-1,-1.0,-1
523,0,1,1,7,20,False,148,5,15,1295,12.95,1250554
524,0,1,4,1,5,False,0,0,0,0,0.0,0
525,0,-1,-1,-1,-1,True,-1,-1,-1,-1,-1.0,-1
526,0,-1,-1,-1,-1,True,-1,-1,-1,-1,-1.0,-1
527,0,-1,-1,-1,-1,True,-1,-1,-1,-1,-1.0,-1
528,0,-1,-1,-1,-1,True,-1,-1,-1,-1,-1.0,-1
529,0,-1,-1,-1,-1,True,-1,-1,-1,-1,-1.0,-1
530,0,1,2,4,15,True,154,0,198,198,1.98,0
531,0,1,2,4,23,False,163,2,129,641,6.41,0
532,0,1,2,4,18,True,163,2,110,622,6.22,0
533,0,1,2,4,6,True,89,6,80,1616,16.16,0
534,0,1,2,4,6,False,80,2,79,591,5.91,0
535,0,1,2,4,10,True,80,2,60,572,5.72,0
536,0,1,2,4,17,False,75,14,83,3667,36.67,0
537,0,1,2,4,12,True,75,14,65,3649,36.49,0
538,0,1,2,4,33,False,185,8,62,2110,21.1,0
539,0,1,2,4,21,True,185,8,42,2090,20.9,0
540,0,1,2,4,30,False,248,6,93,1629,16.29,0
541,0,1,2,4,22,True,248,0,15,15,0.15,44
542,0,-1,-1,-1,-1,True,-1,-1,-1,-1,-1.0,-1
543,0,1,2,4,7,True,16,15,26,3866,38.66,0
544,0,1,2,4,33,False,114,14,89,3673,36.73,0
545,0,1,2,4,12,True,114,14,72,3656,36.56,0
546,0,1,2,4,17,False,67,5,225,1505,15.05,0
547,0,1,2,4,15,True,67,5,203,1483,14.83,0
548,0,1,2,4,3,False,98,9,21,2325,23.25,0
549,0,1,2,4,14,True,98,9,0,2304,23.04,0
550,0,1,2,4,13,False,43,9,70,2374,23.74,0
551,0,1,2,4,15,True,43,9,51,2355,23.55,0
552,0,1,2,4,18,False,69,0,8,8,0.08,0
553,0,1,2,4,22,True,69,15,242,4082,40.82,0
554,0,1,2,4,21,False,126,13,182,3510,35.1,0
555,0,1,2,4,19,True,126,3,78,846,8.46,0
556,0,1,2,4,14,True,196,3,57,825,8.25,0
557,0,1,2,4,16,False,109,1,131,387,3.87,0
558,0,1,2,4,12,True,109,12,104,3176,31.76,0
559,0,1,2,4,8,True,109,12,84,3156,31.56,0
560,0,1,2,4,26,False,73,13,77,3405,34.05,0
561,0,1,2,4,16,True,73,13,56,3384,33.84,0
562,0,1,2,4,15,False,186,10,234,2794,27.94,0
563,0,1,2,4,21,True,186,10,216,2776,27.76,0
564,0,1,2,4,5,False,12,5,0,1280,12.8,167772160
565,0,-1,-1,-1,-1,True,-1,-1,-1,-1,-1.0,-1
566,0,130,0,0,0,False,0,0,10,10,0.1,1695421441
567,0,-1,-1,-1,-1,True,-1,-1,-1,-1,-1.0,-1
568,0,-1,-1,-1,-1,True,-1,-1,-1,-1,-1.0,-1
569,0,-1,-1,-1,-1,True,-1,-1,-1,-1,-1.0,-1
570,0,-1,-1,-1,-1,True,-1,-1,-1,-1,-1.0,-1
571,0,1,2,4,18,True,101,14,229,3813,38.13,0
572,0,1,2,4,33,False,23,7,153,1945,19.45,0
573,0,1,2,4,14,True,107,2,24,536,5.36,0
574,0,1,2,4,27,True,107,2,4,516,5.16,0
575,0,1,2,4,17,False,0,8,19,2067,20.67,0
576,0,1,2,4,14,True,0,7,254,2046,20.46,0
577,0,1,2,4,18,False,248,11,179,2995,29.95,0
578,0,1,2,4,8,True,248,11,159,2975,29.75,0
579,0,1,2,4,29,False,7,11,81,2897,28.97,0
580,0,1,2,4,5,True,7,11,60,2876,28.76,0
581,0,1,2,4,27,False,61,3,14,782,7.82,0
582,0,1,2,4,29,True,61,2,253,765,7.65,0
583,0,1,2,4,28,False,180,3,221,989,9.89,0
584,0,1,2,4,17,True,179,3,202,970,9.7,0
585,0,1,2,4,29,False,10,15,178,4018,40.18,0
586,0,1,2,4,23,True,10,15,156,3996,39.96,0
587,0,1,2,4,23,False,34,12,133,3205,32.05,0
588,0,1,2,4,22,False,35,14,214,3798,37.98,0
589,0,1,2,4,12,True,34,14,212,3796,37.96,0
590,0,1,2,4,21,False,36,11,33,2849,28.49,0
591,0,1,2,4,6,True,36,11,15,2831,28.31,0
592,0,57,0,0,0,False,0,0,10,10,0.1,3599176705
593,0,-1,-1,-1,-1,True,-1,-1,-1,-1,-1.0,-1
594,0,-1,-1,-1,-1,True,-1,-1,-1,-1,-1.0,-1
595,0,-1,-1,-1,-1,True,-1,-1,-1,-1,-1.0,-1
596,0,1,2,4,7,False,143,6,201,1737,17.37,0
597,0,1,2,4,11,True,236,6,180,1716,17.16,0
598,0,1,2,4,23,False,182,11,5,2821,28.21,0
599,0,1,2,4,12,True,182,10,241,2801,28.01,0
600,0,1,2,4,18,False,157,1,67,323,3.23,0
601,0,1,2,4,5,True,157,1,48,304,3.04,0
602,0,1,2,4,14,False,197,13,156,3484,34.84,0
603,0,1,2,4,5,True,197,13,135,3463,34.63,0
604,0,1,2,4,20,False,124,4,2,1026,10.26,41
605,0,-1,-1,-1,-1,True,-1,-1,-1,-1,-1.0,-1
606,0,1,2,4,7,True,212,2,23,535,5.35,0
607,0,1,2,4,16,False,55,15,145,3985,39.85,0
608,0,1,2,4,8,True,55,15,123,3963,39.63,0
609,0,1,2,4,30,False,48,0,196,196,1.96,0
610,0,1,2,4,20,True,48,0,179,179,1.79,0
611,0,1,2,4,26,False,10,12,52,3124,31.24,0
612,0,1,2,4,27,False,10,11,203,3019,30.19,0
613,0,1,2,3,10,False,11,11,0,2816,28.16,0
614,0,1,2,4,28,False,13,8,46,2094,20.94,0
615,0,1,2,4,17,True,10,11,184,3000,30.0,0
616,0,1,2,4,18,True,13,8,26,2074,20.74,0
617,0,1,2,4,3,True,140,1,131,387,3.87,0
618,0,1,2,4,18,False,140,8,29,2077,20.77,0
619,0,1,2,4,4,True,140,8,6,2054,20.54,0
620,0,1,2,4,16,True,83,15,206,4046,40.46,0
621,0,1,2,4,22,False,82,4,18,1042,10.42,0
622,0,1,2,4,15,True,14,10,0,2560,25.6,167772160
623,0,-1,-1,-1,-1,True,-1,-1,-1,-1,-1.0,-1
624,0,7,0,0,0,False,0,0,10,10,0.1,118559745
625,0,-1,-1,-1,-1,True,-1,-1,-1,-1,-1.0,-1
626,0,-1,-1,-1,-1,True,-1,-1,-1,-1,-1.0,-1
627,0,1,2,4,13,True,7,15,236,4076,40.76,0
628,0,1,2,4,32,False,220,9,7,2311,23.11,215
629,0,-1,-1,-1,-1,True,-1,-1,-1,-1,-1.0,-1
630,0,1,2,4,20,True,233,7,197,1989,19.89,0
631,0,1,2,4,17,False,50,15,194,4034,40.34,0
632,0,1,2,4,14,True,50,15,174,4014,40.14,0
633,0,1,2,4,1,False,65,14,23,3607,36.07,0
634,0,1,2,4,4,True,65,13,243,3571,35.71,0
635,0,1,2,4,5,True,65,13,159,3487,34.87,0
636,0,1,2,4,15,False,137,12,117,3189,31.89,0
637,0,1,2,4,12,True,214,12,98,3170,31.7,0
638,0,1,2,4,23,False,191,9,175,2479,24.79,0
639,0,1,2,4,9,True,16,9,157,2461,24.61,0
640,0,1,2,4,20,False,29,11,151,2967,29.67,0
641,0,1,2,4,16,True,225,11,133,2949,29.49,0
642,0,1,2,4,17,False,239,8,175,2223,22.23,0
643,0,1,2,4,25,True,25,8,157,2205,22.05,0
644,0,1,2,4,17,False,41,7,44,1836,18.36,0
645,0,1,2,4,3,True,40,7,26,1818,18.18,0
646,0,1,2,4,16,False,46,0,0,0,0.0,17432576
647,0,247,0,0,0,False,0,0,10,10,0.1,3373208577
648,0,-1,-1,-1,-1,True,-1,-1,-1,-1,-1.0,-1
649,0,-1,-1,-1,-1,True,-1,-1,-1,-1,-1.0,-1
650,0,-1,-1,-1,-1,True,-1,-1,-1,-1,-1.0,-1
651,0,-1,-1,-1,-1,True,-1,-1,-1,-1,-1.0,-1
652,0,1,2,4,16,False,197,3,12,780,7.8,0
653,0,1,2,4,27,True,197,2,248,760,7.6,0
654,0,1,2,4,22,False,159,2,178,690,6.9,0
655,0,1,2,4,11,True,204,2,158,670,6.7,0
656,0,1,2,4,24,False,42,5,45,1325,13.25,0
657,0,1,2,4,24,True,42,5,29,1309,13.09,0
658,0,1,2,4,22,False,85,10,122,2682,26.82,0
659,0,1,2,4,23,False,83,10,60,2620,26.2,0
660,0,1,2,4,20,True,83,10,134,2694,26.94,0
661,0,1,2,4,14,False,6,12,0,3072,30.72,167772160
662,0,-1,-1,-1,-1,True,-1,-1,-1,-1,-1.0,-1
663,0,119,0,0,0,False,0,0,10,10,0.1,0
664,0,-1,-1,-1,-1,True,-1,-1,-1,-1,-1.0,-1
665,0,152,0,0,0,False,0,0,10,10,0.1,1821578241
666,0,-1,-1,-1,-1,True,-1,-1,-1,-1,-1.0,-1
667,0,-1,-1,-1,-1,True,-1,-1,-1,-1,-1.0,-1
668,0,-1,-1,-1,-1,True,-1,-1,-1,-1,-1.0,-1
669,0,-1,-1,-1,-1,True,-1,-1,-1,-1,-1.0,-1
670,0,1,2,4,24,False,113,9,55,2359,23.59,0
671,0,1,2,4,20,True,113,9,37,2341,23.41,0
672,0,1,2,4,29,False,203,13,0,3328,33.28,0
673,0,1,2,4,10,True,203,12,233,3305,33.05,0
674,0,1,2,4,20,False,209,6,151,1687,16.87,0
675,0,1,2,4,7,True,209,6,133,1669,16.69,0
676,0,1,2,4,3,False,20,6,225,1761,17.61,0
677,0,1,2,4,23,True,20,6,204,1740,17.4,0
678,0,1,2,4,16,False,54,2,13,525,5.25,0
679,0,1,2,4,14,True,54,1,249,505,5.05,0
680,0,1,2,4,16,False,89,4,149,1173,11.73,0
681,0,1,2,4,15,False,7,1,9,265,2.65,134
682,0,-1,-1,-1,-1,True,-1,-1,-1,-1,-1.0,-1
683,0,1,2,4,22,False,66,1,104,360,3.6,0
684,0,1,2,4,10,True,66,1,87,343,3.43,0
685,0,1,2,4,25,False,114,14,47,3631,36.31,0
686,0,1,2,4,27,True,114,14,25,3609,36.09,0
687,0,1,2,4,30,False,39,9,90,2394,23.94,0
688,0,1,2,4,9,True,39,9,72,2376,23.76,0
689,0,1,2,4,18,False,103,14,109,3693,36.93,0
690,0,1,2,4,9,True,103,14,87,3671,36.71,0
691,0,1,2,4,17,False,217,1,52,308,3.08,0
692,0,1,2,4,19,True,217,1,30,286,2.86,0
693,0,1,2,4,3,False,252,14,48,3632,36.32,0
694,0,1,2,4,14,True,252,14,29,3613,36.13,0
695,0,1,2,4,29,False,186,12,132,3204,32.04,0
696,0,1,2,4,8,True,186,12,110,3182,31.82,0
697,0,1,2,4,14,False,201,2,17,529,5.29,0
698,0,1,2,4,16,True,201,1,251,507,5.07,0
699,0,1,2,4,22,False,213,5,192,1472,14.72,0
700,0,1,2,4,8,True,213,5,174,1454,14.54,0
701,0,1,2,4,29,False,16,10,76,2636,26.36,0
702,0,1,2,4,31,True,16,10,54,2614,26.14,0
703,0,1,2,4,4,False,10,2,0,512,5.12,167772160
704,0,-1,-1,-1,-1,True,-1,-1,-1,-1,-1.0,-1
705,0,15,0,0,0,False,0,0,10,10,0.1,4027651073
706,0,153,0,0,0,False,0,0,10,10,0.1,4035712001
707,0,-1,-1,-1,-1,True,-1,-1,-1,-1,-1.0,-1
708,0,-1,-1,-1,-1,True,-1,-1,-1,-1,-1.0,-1
709,0,-1,-1,-1,-1,True,-1,-1,-1,-1,-1.0,-1
710,0,-1,-1,-1,-1,True,-1,-1,-1,-1,-1.0,-1
711,0,1,2,4,10,False,73,11,134,2950,29.5,0
712,0,1,2,4,26,True,18,13,25,3353,33.53,0
713,0,1,2,4,33,False,53,1,4,260,2.6,230
714,0,-1,-1,-1,-1,True,-1,-1,-1,-1,-1.0,-1
715,0,1,2,4,24,True,145,4,208,1232,12.32,0
716,0,1,2,4,26,False,97,14,46,3630,36.3,0
717,0,1,2,4,28,True,97,14,27,3611,36.11,0
718,0,1,1,4,17,False,4,3,80,848,8.48,0
719,0,1,2,4,22,False,89,3,12,780,7.8,221
720,0,-1,-1,-1,-1,True,-1,-1,-1,-1,-1.0,-1
721,0,1,2,4,26,True,3,12,202,3274,32.74,0
722,0,1,2,4,18,False,106,15,173,4013,40.13,0
723,0,1,2,4,12,True,106,15,153,3993,39.93,0
724,0,1,2,4,16,False,192,14,239,3823,38.23,0
725,0,1,2,4,24,False,232,13,52,3380,33.8,0
726,0,1,1,4,4,True,192,14,221,3805,38.05,0
727,0,1,2,4,20,False,31,11,8,2824,28.24,0
728,0,1,29,0,0,False,0,0,0,0,0.0,0
729,0,1,2,4,25,True,27,8,212,2260,22.6,0
730,0,1,2,4,30,False,24,1,21,277,2.77,0
731,0,1,2,4,24,True,23,1,3,259,2.59,0
732,0,1,2,4,19,False,210,13,216,3544,35.44,0
733,0,1,2,4,7,True,210,13,197,3525,35.25,0
734,0,1,2,4,25,False,175,12,180,3252,32.52,0
735,0,1,2,4,14,True,175,12,162,3234,32.34,0
736,0,1,2,4,21,False,11,5,0,1280,12.8,167772160
737,0,-1,-1,-1,-1,True,-1,-1,-1,-1,-1.0,-1
738,0,227,0,0,0,False,0,0,10,10,0.1,1478300673
739,0,-1,-1,-1,-1,True,-1,-1,-1,-1,-1.0,-1
740,0,-1,-1,-1,-1,True,-1,-1,-1,-1,-1.0,-1
741,0,-1,-1,-1,-1,True,-1,-1,-1,-1,-1.0,-1
742,0,-1,-1,-1,-1,True,-1,-1,-1,-1,-1.0,-1
743,0,1,2,4,25,True,6,12,0,3072,30.72,167772160
744,0,-1,-1,-1,-1,True,-1,-1,-1,-1,-1.0,-1
745,0,203,0,0,0,False,0,0,10,10,0.1,0
746,0,-1,-1,-1,-1,True,-1,-1,-1,-1,-1.0,-1
747,0,-1,-1,-1,-1,True,-1,-1,-1,-1,-1.0,-1
748,0,-1,-1,-1,-1,True,-1,-1,-1,-1,-1.0,-1
749,0,-1,-1,-1,-1,True,-1,-1,-1,-1,-1.0,-1
750,0,1,2,4,17,True,167,15,188,4028,40.28,0
751,0,1,2,4,24,False,122,14,249,3833,38.33,0
752,0,1,2,4,11,True,122,14,230,3814,38.14,0
753,0,1,2,4,25,False,122,4,255,1279,12.79,0
754,0,1,2,4,20,False,131,1,67,323,3.23,0
755,0,1,2,4,19,False,130,10,206,2766,27.66,0
756,0,1,2,4,7,True,130,10,187,2747,27.47,0
757,0,1,2,4,12,False,246,6,214,1750,17.5,0
758,0,1,2,4,8,True,31,6,195,1731,17.31,0
759,0,1,2,4,24,False,212,9,109,2413,24.13,0
760,0,1,2,4,12,True,212,9,91,2395,23.95,0
761,0,1,2,4,18,False,22,1,181,437,4.37,0
762,0,1,2,4,6,True,1,14,0,3584,35.84,167772160
763,0,-1,-1,-1,-1,True,-1,-1,-1,-1,-1.0,-1
764,0,-1,-1,-1,-1,True,-1,-1,-1,-1,-1.0,-1
765,0,-1,-1,-1,-1,True,-1,-1,-1,-1,-1.0,-1
766,0,-1,-1,-1,-1,True,-1,-1,-1,-1,-1.0,-1
767,0,-1,-1,-1,-1,True,-1,-1,-1,-1,-1.0,-1
768,0,-1,-1,-1,-1,True,-1,-1,-1,-1,-1.0,-1
769,0,1,1,4,28,False,83,8,1,2049,20.49,1342466
770,0,-1,-1,-1,-1,True,-1,-1,-1,-1,-1.0,-1
771,0,-1,-1,-1,-1,True,-1,-1,-1,-1,-1.0,-1
772,0,-1,-1,-1,-1,True,-1,-1,-1,-1,-1.0,-1
773,0,1,17,2,19,True,1,0,0,0,0.0,0
774,0,1,7,4,20,False,5,4,20,1044,10.44,486897558
775,0,-1,-1,-1,-1,True,-1,-1,-1,-1,-1.0,-1
776,0,-1,-1,-1,-1,True,-1,-1,-1,-1,-1.0,-1
777,0,-1,-1,-1,-1,True,-1,-1,-1,-1,-1.0,-1
778,0,-1,-1,-1,-1,True,-1,-1,-1,-1,-1.0,-1
779,0,1,2,4,17,False,6,9,162,2466,24.66,0
780,0,1,2,4,29,True,6,9,143,2447,24.47,0
781,0,1,2,4,5,False,95,11,97,2913,29.13,0
782,0,1,2,4,8,True,112,5,162,1442,14.42,0
783,0,1,2,4,21,True,112,5,141,1421,14.21,0
784,0,1,2,4,19,False,214,1,92,348,3.48,0
785,0,1,2,4,14,True,214,1,74,330,3.3,0
786,0,1,2,4,26,False,0,4,149,1173,11.73,0
787,0,1,2,4,3,True,0,4,130,1154,11.54,0
788,0,1,2,4,15,False,15,13,0,3328,33.28,167772160
789,0,-1,-1,-1,-1,True,-1,-1,-1,-1,-1.0,-1
790,0,122,0,0,0,False,0,0,10,10,0.1,4162262017
791,0,-1,-1,-1,-1,True,-1,-1,-1,-1,-1.0,-1
792,0,1,2,4,11,True,148,5,161,1441,14.41,0
793,0,1,2,4,28,False,154,15,103,3943,39.43,0
794,0,1,2,4,12,True,154,15,80,3920,39.2,0
795,0,1,2,4,7,False,170,12,9,3081,30.81,253
796,0,-1,-1,-1,-1,True,-1,-1,-1,-1,-1.0,-1
797,0,1,2,4,5,False,214,12,60,3132,31.32,0
798,0,1,2,4,3,False,214,2,171,683,6.83,0
799,0,1,2,4,3,True,214,2,157,669,6.69,0
800,0,1,1,4,16,False,223,4,141,1165,11.65,0
801,0,1,2,6,5,False,205,4,20,1044,10.44,2675
802,0,1,2,3,4,False,134,3,0,768,7.68,0
803,0,1,2,2,11,True,4,0,0,0,0.0,0
804,0,1,2,7,50,True,0,13,4,3332,33.32,62104
805,0,1,2,0,0,False,0,0,0,0,0.0,0
806,0,1,2,4,31,False,65,5,21,1301,13.01,0
807,0,1,2,4,16,True,65,5,1,1281,12.81,0
808,0,1,2,4,27,False,14,9,0,2304,23.04,167772160
809,0,-1,-1,-1,-1,True,-1,-1,-1,-1,-1.0,-1
810,0,101,0,0,0,False,0,0,10,10,0.1,1174672385
811,0,-1,-1,-1,-1,True,-1,-1,-1,-1,-1.0,-1
812,0,-1,-1,-1,-1,True,-1,-1,-1,-1,-1.0,-1
813,0,1,2,4,22,True,70,12,212,3284,32.84,0
814,0,1,2,4,16,False,184,2,22,534,5.34,0
815,0,1,2,4,8,True,11,5,113,1393,13.93,0
816,0,1,2,4,30,True,11,5,91,1371,13.71,0
817,0,1,2,4,29,False,173,14,222,3806,38.06,0
818,0,1,2,4,3,True,173,14,202,3786,37.86,0
819,0,1,2,4,20,False,232,10,36,2596,25.96,0
820,0,1,2,4,32,True,232,10,17,2577,25.77,0
821,0,1,2,4,23,False,157,14,173,3757,37.57,0
822,0,1,2,4,5,True,157,14,154,3738,37.38,0
823,0,1,2,4,21,False,141,4,226,1250,12.5,0
824,0,1,2,4,13,True,141,4,204,1228,12.28,0
825,0,1,2,4,28,False,96,8,206,2254,22.54,0
826,0,1,2,4,16,True,96,8,184,2232,22.32,0
827,0,1,2,4,2,False,95,0,154,154,1.54,0
828,0,1,2,4,12,True,95,0,134,134,1.34,0
829,0,1,2,4,16,False,12,14,0,3584,35.84,167772160
830,0,-1,-1,-1,-1,True,-1,-1,-1,-1,-1.0,-1
831,0,107,0,0,0,False,0,0,10,10,0.1,488313857
832,0,-1,-1,-1,-1,True,-1,-1,-1,-1,-1.0,-1
833,0,-1,-1,-1,-1,True,-1,-1,-1,-1,-1.0,-1
834,0,-1,-1,-1,-1,True,-1,-1,-1,-1,-1.0,-1
835,0,-1,-1,-1,-1,True,-1,-1,-1,-1,-1.0,-1
836,0,1,2,4,5,True,29,9,9,2313,23.13,0
837,0,1,2,4,9,False,177,3,2,770,7.7,0
838,0,1,2,4,12,True,177,2,236,748,7.48,0
839,0,1,2,4,29,False,56,15,76,3916,39.16,0
840,0,1,2,4,27,False,56,14,202,3786,37.86,0
841,0,1,2,4,30,True,56,14,185,3769,37.69,0
842,0,1,2,4,8,True,235,8,35,2083,20.83,0
843,0,1,2,4,8,False,234,12,133,3205,32.05,0
844,0,1,2,4,9,True,234,12,114,3186,31.86,0
845,0,1,2,4,20,False,222,0,53,53,0.53,0
846,0,1,2,4,11,True,166,0,31,31,0.31,0
847,0,1,2,4,25,False,114,0,156,156,1.56,0
848,0,1,2,4,34,True,114,0,135,135,1.35,0
849,0,1,2,4,21,False,182,5,4,1284,12.84,28
850,0,-1,-1,-1,-1,True,-1,-1,-1,-1,-1.0,-1
851,0,1,2,4,17,True,102,15,193,4033,40.33,0
852,0,1,2,4,24,False,190,12,208,3280,32.8,0
853,0,1,2,4,11,True,190,12,190,3262,32.62,0
854,0,1,2,4,32,False,0,8,116,2164,21.64,0
855,0,1,2,4,31,True,255,8,96,2144,21.44,0
856,0,1,2,4,25,False,247,14,8,3592,35.92,0
857,0,1,2,4,18,True,246,13,242,3570,35.7,0
858,0,1,2,4,19,False,0,4,0,1024,10.24,167772160
859,0,-1,-1,-1,-1,True,-1,-1,-1,-1,-1.0,-1
860,0,-1,-1,-1,-1,True,-1,-1,-1,-1,-1.0,-1
861,0,-1,-1,-1,-1,True,-1,-1,-1,-1,-1.0,-1
862,0,-1,-1,-1,-1,True,-1,-1,-1,-1,-1.0,-1
863,0,-1,-1,-1,-1,True,-1,-1,-1,-1,-1.0,-1
864,0,-1,-1,-1,-1,True,-1,-1,-1,-1,-1.0,-1
865,0,1,2,4,21,False,250,11,159,2975,29.75,0
866,0,1,2,4,6,True,250,11,143,2959,29.59,0
867,0,1,2,4,21,False,116,2,67,579,5.79,0
868,0,1,2,4,12,True,116,2,49,561,5.61,0
869,0,1,2,4,25,False,246,1,3,259,2.59,24
870,0,-1,-1,-1,-1,True,-1,-1,-1,-1,-1.0,-1
871,0,1,2,4,21,True,161,2,254,766,7.66,0
872,0,1,2,4,19,False,1,7,2,1794,17.94,0
873,0,1,2,4,17,True,1,15,174,4014,40.14,0
874,0,1,2,4,11,True,14,15,155,3995,39.95,0
875,0,1,2,4,23,False,60,11,198,3014,30.14,0
876,0,1,2,4,13,True,219,11,180,2996,29.96,0
877,0,1,2,4,26,False,145,9,19,2323,23.23,0
878,0,1,2,4,8,True,145,8,254,2302,23.02,0
879,0,1,2,4,29,False,59,5,59,1339,13.39,0
880,0,1,2,4,26,True,59,5,38,1318,13.18,0
881,0,1,2,4,21,False,114,3,85,853,8.53,0
882,0,1,2,4,27,True,114,3,67,835,8.35,0
883,0,1,2,4,25,False,251,2,168,680,6.8,0
884,0,1,2,4,19,True,251,2,144,656,6.56,0
885,0,1,2,4,25,False,62,6,173,1709,17.09,0
886,0,1,2,4,17,True,62,6,151,1687,16.87,0
887,0,1,2,4,22,False,202,11,213,3029,30.29,0
888,0,1,2,4,16,True,202,11,195,3011,30.11,0
889,0,1,2,4,15,False,149,8,155,2203,22.03,0
890,0,1,2,4,16,True,64,3,232,1000,10.0,0
891,0,1,2,4,16,True,65,3,203,971,9.71,0
892,0,1,2,4,14,False,126,13,103,3431,34.31,0
893,0,1,2,4,12,True,126,13,82,3410,34.1,0
894,0,1,2,4,33,False,162,2,36,548,5.48,0
895,0,1,2,4,28,True,162,2,18,530,5.3,0
896,0,1,2,4,4,False,13,1,87,343,3.43,2333400839
897,0,203,0,0,0,False,0,0,10,10,0.1,1
898,0,147,0,5,10,True,0,0,0,0,0.0,335612416
899,0,-1,-1,-1,-1,True,-1,-1,-1,-1,-1.0,-1
900,0,1,2,4,2,False,4,11,0,2816,28.16,167772160
901,0,-1,-1,-1,-1,True,-1,-1,-1,-1,-1.0,-1
902,0,-1,-1,-1,-1,True,-1,-1,-1,-1,-1.0,-1
903,0,-1,-1,-1,-1,True,-1,-1,-1,-1,-1.0,-1
904,0,1,2,4,0,False,238,4,146,1170,11.7,0
905,0,1,2,4,21,True,238,4,126,1150,11.5,0
906,0,1,2,4,33,False,84,8,176,2224,22.24,0
907,0,1,2,4,8,True,84,8,158,2206,22.06,0
908,0,1,2,4,14,False,64,0,14,14,0.14,220
909,0,-1,-1,-1,-1,True,-1,-1,-1,-1,-1.0,-1
910,0,1,2,4,12,True,176,10,5,2565,25.65,0
911,0,1,2,4,3,False,176,3,47,815,8.15,0
912,0,1,2,4,13,True,176,3,27,795,7.95,0
913,0,1,2,4,4,False,118,0,64,64,0.64,0
914,0,1,2,4,9,True,118,0,43,43,0.43,0
915,0,1,2,4,1,False,179,14,93,3677,36.77,0
916,0,1,2,4,29,True,179,14,73,3657,36.57,0
917,0,1,2,4,2,False,82,11,161,2977,29.77,0
918,0,1,2,4,15,True,82,11,139,2955,29.55,0
919,0,1,2,4,21,True,200,4,48,1072,10.72,0
920,0,1,2,5,8,True,4,0,4,4,0.04,19
921,0,1,2,0,0,False,0,0,0,0,0.0,0
922,0,1,2,3,57,True,4,2,0,512,5.12,0
923,0,1,2,0,0,False,0,0,0,0,0.0,0
924,0,1,2,1,24,False,0,0,0,0,0.0,0
925,0,1,2,4,20,True,192,1,67,323,3.23,0
926,0,1,2,4,23,True,192,11,229,3045,30.45,0
927,0,1,2,4,0,False,53,13,79,3407,34.07,0
928,0,1,2,4,12,True,137,13,61,3389,33.89,0
929,0,1,2,4,29,False,7,11,2,2818,28.18,229
930,0,-1,-1,-1,-1,True,-1,-1,-1,-1,-1.0,-1
931,0,1,2,4,13,False,43,4,62,1086,10.86,0
932,0,1,2,4,6,True,43,2,212,724,7.24,0
933,0,1,2,4,7,True,172,4,43,1067,10.67,0
934,0,1,2,4,26,False,164,8,233,2281,22.81,0
935,0,1,2,4,4,True,164,8,212,2260,22.6,0
936,0,1,2,4,25,False,163,4,12,1036,10.36,0
937,0,1,2,4,7,True,163,3,247,1015,10.15,0
938,0,1,2,4,29,False,198,12,170,3242,32.42,0
939,0,1,2,4,7,True,198,12,149,3221,32.21,0
940,0,1,2,4,23,False,8,15,14,3854,38.54,32
941,0,-1,-1,-1,-1,True,-1,-1,-1,-1,-1.0,-1
942,0,1,2,4,3,True,191,14,14,3598,35.98,0
943,0,1,2,4,32,False,103,2,221,733,7.33,0
944,0,1,2,4,25,True,103,2,199,711,7.11,0
945,0,1,2,4,17,False,209,6,6,1542,15.42,46
946,0,-1,-1,-1,-1,True,-1,-1,-1,-1,-1.0,-1
947,0,1,2,4,21,True,70,6,26,1562,15.62,0
948,0,1,2,4,23,False,13,13,0,3328,33.28,167772160
949,0,-1,-1,-1,-1,True,-1,-1,-1,-1,-1.0,-1
950,0,232,0,0,0,False,0,0,10,10,0.1,2970883073
951,0,-1,-1,-1,-1,True,-1,-1,-1,-1,-1.0,-1
952,0,-1,-1,-1,-1,True,-1,-1,-1,-1,-1.0,-1
953,0,-1,-1,-1,-1,True,-1,-1,-1,-1,-1.0,-1
954,0,1,2,4,25,False,73,8,111,2159,21.59,0
955,0,1,2,4,32,True,73,8,91,2139,21.39,0
956,0,1,2,4,33,True,73,5,3,1283,12.83,0
957,0,1,2,4,29,False,11,14,24,3608,36.08,0
958,0,1,2,4,15,False,67,11,1,2817,28.17,0
959,0,1,2,4,16,False,66,13,120,3448,34.48,0
960,0,1,2,4,14,True,66,13,100,3428,34.28,0
961,0,1,2,4,33,False,199,2,150,662,6.62,0
962,0,1,2,4,25,True,88,2,128,640,6.4,0
963,0,1,2,4,30,False,220,5,149,1429,14.29,0
964,0,1,2,4,18,True,220,5,131,1411,14.11,0
965,0,1,2,4,16,False,140,14,44,3628,36.28,0
966,0,1,2,4,17,False,142,8,87,2135,21.35,0
967,0,1,2,4,14,True,140,8,97,2145,21.45,0
968,0,1,2,4,22,False,0,15,0,3840,38.4,167772160
969,0,-1,-1,-1,-1,True,-1,-1,-1,-1,-1.0,-1
970,0,-1,-1,-1,-1,True,-1,-1,-1,-1,-1.0,-1
971,0,-1,-1,-1,-1,True,-1,-1,-1,-1,-1.0,-1
972,0,-1,-1,-1,-1,True,-1,-1,-1,-1,-1.0,-1
973,0,-1,-1,-1,-1,True,-1,-1,-1,-1,-1.0,-1
974,0,-1,-1,-1,-1,True,-1,-1,-1,-1,-1.0,-1
975,0,1,2,4,16,False,223,6,130,1666,16.66,0
976,0,1,2,4,34,True,223,6,111,1647,16.47,0
977,0,1,2,4,19,False,27,7,177,1969,19.69,0
978,0,1,2,4,19,True,27,7,158,1950,19.5,0
979,0,1,2,4,25,False,117,9,5,2309,23.09,0
980,0,1,2,4,20,True,117,8,240,2288,22.88,0
981,0,1,2,4,29,False,255,11,15,2831,28.31,72
982,0,-1,-1,-1,-1,True,-1,-1,-1,-1,-1.0,-1
983,0,1,2,4,22,True,234,7,12,1804,18.04,0
984,0,1,2,4,24,False,4,14,0,3584,35.84,167772160
985,0,-1,-1,-1,-1,True,-1,-1,-1,-1,-1.0,-1
986,0,-1,-1,-1,-1,True,-1,-1,-1,-1,-1.0,-1
987,0,-1,-1,-1,-1,True,-1,-1,-1,-1,-1.0,-1
988,0,1,2,4,0,False,161,11,173,2989,29.89,0
989,0,1,2,4,13,True,161,11,155,2971,29.71,0
990,0,1,2,4,32,False,6,8,136,2184,21.84,0
991,0,1,2,4,7,True,1,4,48,1072,10.72,0
992,0,1,2,4,19,False,106,12,92,3164,31.64,0
993,0,1,2,4,29,True,40,12,71,3143,31.43,0
994,0,1,2,4,18,False,249,13,65,3393,33.93,0
995,0,1,2,4,10,True,249,13,45,3373,33.73,0
996,0,1,2,4,24,False,50,1,20,276,2.76,2483426713
997,0,-1,-1,-1,-1,True,-1,-1,-1,-1,-1.0,-1
998,0,-1,-1,-1,-1,True,-1,-1,-1,-1,-1.0,-1
999,0,-1,-1,-1,-1,True,-1,-1,-1,-1,-1.0,-1
1000,0,-1,-1,-1,-1,True,-1,-1,-1,-1,-1.0,-1
1001,0,1,2,4,24,False,203,3,59,827,8.27,0
1002,0,1,2,4,5,True,203,3,41,809,8.09,0
1003,0,1,2,4,2,False,43,2,10,522,5.22,149
1004,0,-1,-1,-1,-1,True,-1,-1,-1,-1,-1.0,-1
1005,0,1,2,4,10,True,194,10,206,2766,27.66,0
1006,0,1,2,4,22,False,33,12,41,3113,31.13,0
1007,0,1,2,4,29,True,33,12,24,3096,30.96,0
1008,0,1,2,4,28,False,251,5,156,1436,14.36,0
1009,0,1,2,4,11,True,251,5,134,1414,14.14,0
1010,0,1,2,4,29,False,80,3,80,848,8.48,0
1011,0,1,2,4,11,True,80,3,57,825,8.25,0
1012,0,1,2,4,13,False,47,7,1,1793,17.93,0
1013,0,1,2,4,14,False,47,2,6,518,5.18,99
1014,0,-1,-1,-1,-1,True,-1,-1,-1,-1,-1.0,-1
1015,0,1,2,4,29,True,194,6,82,1618,16.18,0
1016,0,1,2,4,19,False,83,0,179,179,1.79,0
1017,0,1,2,4,12,True,83,0,161,161,1.61,0
1018,0,1,2,4,17,False,68,7,113,1905,19.05,0
1019,0,1,2,4,22,True,68,1,6,262,2.62,80
1020,0,-1,-1,-1,-1,True,-1,-1,-1,-1,-1.0,-1
1021,0,1,2,4,18,True,145,6,59,1595,15.95,0
1022,0,1,2,4,24,False,53,12,229,3301,33.01,0
1023,0,1,2,4,15,True,53,12,211,3283,32.83,0
1024,0,1,2,4,28,False,76,8,39,2087,20.87,0
1025,0,1,2,4,19,True,76,8,17,2065,20.65,0
1026,0,1,2,4,4,False,38,11,148,2964,29.64,0
1027,0,1,2,4,16,True,38,11,127,2943,29.43,0
1028,0,1,2,4,26,False,195,15,110,3950,39.5,0
1029,0,1,2,4,5,False,229,3,107,875,8.75,0
1030,0,1,2,4,7,True,88,8,37,2085,20.85,0
1031,0,1,2,4,21,True,88,8,16,2064,20.64,0
1032,0,1,2,4,29,False,101,13,26,3354,33.54,0
1033,0,1,2,4,14,True,101,13,3,3331,33.31,0
1034,0,1,2,4,19,False,3,5,124,1404,14.04,0
1035,0,1,2,4,9,True,3,5,106,1386,13.86,0
1036,0,1,2,4,25,False,61,5,34,1314,13.14,0
1037,0,1,2,4,11,True,61,5,11,1291,12.91,0
1038,0,1,2,4,33,False,1,1,0,256,2.56,167772160
1039,0,-1,-1,-1,-1,True,-1,-1,-1,-1,-1.0,-1
1040,0,-1,-1,-1,-1,True,-1,-1,-1,-1,-1.0,-1
1041,0,-1,-1,-1,-1,True,-1,-1,-1,-1,-1.0,-1
1042,0,-1,-1,-1,-1,True,-1,-1,-1,-1,-1.0,-1
1043,0,-1,-1,-1,-1,True,-1,-1,-1,-1,-1.0,-1
1044,0,-1,-1,-1,-1,True,-1,-1,-1,-1,-1.0,-1
1045,0,1,2,4,32,False,52,10,138,2698,26.98,0
1046,0,1,2,4,15,True,52,10,116,2676,26.76,0
1047,0,1,2,4,6,True,179,11,251,3067,30.67,0
1048,0,1,2,4,16,False,175,1,119,375,3.75,0
1049,0,1,2,4,7,True,175,1,99,355,3.55,0
1050,0,1,2,4,20,False,227,11,186,3002,30.02,0
1051,0,1,2,4,17,True,227,11,168,2984,29.84,0
1052,0,1,1,4,15,False,3,4,0,1024,10.24,167772160
1053,0,-1,-1,-1,-1,True,-1,-1,-1,-1,-1.0,-1
1054,0,-1,-1,-1,-1,True,-1,-1,-1,-1,-1.0,-1
1055,0,-1,-1,-1,-1,True,-1,-1,-1,-1,-1.0,-1
1056,0,-1,-1,-1,-1,True,-1,-1,-1,-1,-1.0,-1
1057,0,1,2,4,16,False,93,4,38,1062,10.62,0
1058,0,1,2,4,11,True,92,4,18,1042,10.42,0
1059,0,1,2,4,21,False,83,13,73,3401,34.01,0
1060,0,1,2,4,9,True,83,13,55,3383,33.83,0
1061,0,1,2,4,20,False,80,4,205,1229,12.29,0
1062,0,1,2,4,16,True,250,4,186,1210,12.1,0
1063,0,1,2,4,1,False,67,0,29,29,0.29,0
1064,0,1,2,4,10,True,66,0,8,8,0.08,0
1065,0,1,2,4,23,False,146,12,143,3215,32.15,0
1066,0,1,2,4,22,False,174,0,255,255,2.55,0
1067,0,1,2,4,13,True,50,15,123,3963,39.63,0
1068,0,1,2,4,18,False,192,2,145,657,6.57,0
1069,0,1,2,4,16,True,192,2,125,637,6.37,0
1070,0,1,2,4,21,False,3,2,0,512,5.12,167772160
1071,0,-1,-1,-1,-1,True,-1,-1,-1,-1,-1.0,-1
1072,0,-1,-1,-1,-1,True,-1,-1,-1,-1,-1.0,-1
1073,0,-1,-1,-1,-1,True,-1,-1,-1,-1,-1.0,-1
1074,0,-1,-1,-1,-1,True,-1,-1,-1,-1,-1.0,-1
1075,0,1,2,4,8,False,8,1,217,473,4.73,0
1076,0,1,2,4,10,True,8,1,198,454,4.54,0
1077,0,1,2,4,17,False,169,1,213,469,4.69,0
1078,0,1,2,4,13,True,169,1,194,450,4.5,0
1079,0,1,2,4,0,False,112,14,52,3636,36.36,0
1080,0,1,2,4,7,True,112,14,32,3616,36.16,0
1081,0,1,2,4,18,False,58,14,5,3589,35.89,0
1082,0,1,2,4,29,False,127,3,224,992,9.92,0
1083,0,1,2,4,7,True,127,3,202,970,9.7,0
1084,0,1,2,4,8,True,129,13,242,3570,35.7,0
1085,0,1,2,4,19,False,171,4,35,1059,10.59,0
1086,0,1,2,4,19,True,171,4,17,1041,10.41,0
1087,0,1,2,4,33,False,181,8,92,2140,21.4,0
1088,0,1,2,4,61,False,61,13,20,3348,33.48,0
1089,0,1,3,7,21,True,0,12,143,3215,32.15,4720846
1090,0,1,5,1,20,False,0,0,0,0,0.0,0
1091,0,1,18,7,21,True,0,5,20,1300,13.0,534020
1092,0,1,0,4,20,False,5,4,4,1028,10.28,0
1093,0,1,23,1,20,False,0,0,0,0,0.0,0
1094,0,1,17,3,36,False,4,6,0,1536,15.36,0
1095,0,1,2,4,18,False,208,6,52,1588,15.88,0
1096,0,1,2,4,19,True,208,6,29,1565,15.65,0
1097,0,1,2,4,18,False,40,6,115,1651,16.51,0
1098,0,1,2,4,14,True,40,6,95,1631,16.31,0
1099,0,1,2,4,27,True,0,0,0,0,0.0,3036744448
1100,0,-1,-1,-1,-1,True,-1,-1,-1,-1,-1.0,-1
1101,0,-1,-1,-1,-1,True,-1,-1,-1,-1,-1.0,-1
1102,0,-1,-1,-1,-1,True,-1,-1,-1,-1,-1.0,-1
1103,0,-1,-1,-1,-1,True,-1,-1,-1,-1,-1.0,-1
1104,0,-1,-1,-1,-1,True,-1,-1,-1,-1,-1.0,-1
1105,0,1,1,6,37,False,20,11,169,2985,29.85,20750
1106,0,1,2,4,16,False,84,10,162,2722,27.22,0
1107,0,1,2,4,21,True,84,10,142,2702,27.02,0
1108,0,1,2,4,18,False,84,6,121,1657,16.57,0
1109,0,1,2,4,22,True,84,6,100,1636,16.36,0
1110,0,1,2,4,33,False,140,11,49,2865,28.65,0
1111,0,1,2,4,26,True,140,4,202,1226,12.26,0
1112,0,1,2,4,33,True,220,4,186,1210,12.1,0
1113,0,1,2,4,25,False,155,8,175,2223,22.23,0
1114,0,1,2,4,12,True,155,8,153,2201,22.01,0
1115,0,1,2,4,4,False,92,6,159,1695,16.95,0
1116,0,1,2,4,24,True,180,6,139,1675,16.75,0
1117,0,1,2,4,10,False,37,7,194,1986,19.86,0
1118,0,1,2,4,18,True,44,7,176,1968,19.68,0
1119,0,1,2,4,16,False,82,6,214,1750,17.5,0
1120,0,1,2,4,15,True,206,6,192,1728,17.28,0
1121,0,1,2,4,33,False,178,10,180,2740,27.4,0
1122,0,1,2,4,17,True,214,10,159,2719,27.19,0
1123,0,1,2,4,20,False,197,9,85,2389,23.89,0
1124,0,1,2,4,18,True,197,9,67,2371,23.71,0
1125,0,1,1,4,1,False,30,5,7,1287,12.87,70
1126,0,-1,-1,-1,-1,True,-1,-1,-1,-1,-1.0,-1
1127,0,1,2,4,19,True,36,7,46,1838,18.38,0
1128,0,1,2,4,32,False,159,10,168,2728,27.28,0
1129,0,1,2,4,4,True,159,10,147,2707,27.07,0
1130,0,1,2,4,18,False,168,0,227,227,2.27,0
1131,0,1,2,4,13,True,168,0,209,209,2.09,0
1132,0,1,2,4,14,False,60,10,214,2774,27.74,0
1133,0,1,2,4,15,True,60,10,191,2751,27.51,0
1134,0,1,2,4,16,False,161,0,37,37,0.37,0
1135,0,1,2,4,5,True,161,0,16,16,0.16,0
1136,0,1,2,4,0,False,141,5,140,1420,14.2,0
1137,0,1,2,4,8,True,141,5,124,1404,14.04,0
1138,0,1,2,4,21,False,1,15,236,4076,40.76,0
1139,0,1,2,4,3,True,1,15,219,4059,40.59,0
1140,0,1,2,4,19,False,2,12,188,3260,32.6,0
1141,0,1,2,4,13,True,2,12,169,3241,32.41,0
1142,0,1,2,4,22,False,10,9,0,2304,23.04,167772160
1143,0,-1,-1,-1,-1,True,-1,-1,-1,-1,-1.0,-1
1144,0,-1,-1,-1,-1,True,-1,-1,-1,-1,-1.0,-1
1145,0,117,0,0,0,False,0,0,10,10,0.1,1310266369
1146,0,158,0,0,0,False,0,0,10,10,0.1,3650229249
1147,0,-1,-1,-1,-1,True,-1,-1,-1,-1,-1.0,-1
1148,0,-1,-1,-1,-1,True,-1,-1,-1,-1,-1.0,-1
1149,0,-1,-1,-1,-1,True,-1,-1,-1,-1,-1.0,-1
1150,0,-1,-1,-1,-1,True,-1,-1,-1,-1,-1.0,-1
1151,0,1,2,4,0,False,216,3,32,800,8.0,0
1152,0,1,2,4,5,True,195,3,13,781,7.81,0
1153,0,1,2,4,27,False,4,9,217,2521,25.21,0
1154,0,1,2,4,7,True,184,11,98,2914,29.14,0
1155,0,1,2,4,11,True,184,11,75,2891,28.91,0
1156,0,1,2,4,12,False,232,1,126,382,3.82,0
1157,0,1,2,4,10,True,232,1,107,363,3.63,0
1158,0,1,2,4,19,False,141,12,120,3192,31.92,0
1159,0,1,2,4,14,True,141,12,102,3174,31.74,0
1160,0,1,2,4,16,False,133,14,227,3811,38.11,0
1161,0,1,2,4,25,True,133,14,207,3791,37.91,0
1162,0,1,2,4,20,False,193,4,38,1062,10.62,0
1163,0,1,2,4,29,True,193,4,21,1045,10.45,0
1164,0,1,2,4,4,False,81,2,144,656,6.56,0
1165,0,1,2,4,16,True,81,2,122,634,6.34,0
1166,0,1,2,4,18,False,191,11,167,2983,29.83,0
1167,0,1,2,4,18,True,191,11,148,2964,29.64,0
1168,0,1,2,4,27,False,15,11,0,2816,28.16,167772160
1169,0,-1,-1,-1,-1,True,-1,-1,-1,-1,-1.0,-1
1170,0,6,0,0,0,False,0,0,10,10,0.1,3323204609
1171,0,-1,-1,-1,-1,True,-1,-1,-1,-1,-1.0,-1
1172,0,1,2,4,10,True,198,2,70,582,5.82,0
1173,0,1,2,4,14,False,168,12,189,3261,32.61,0
1174,0,1,2,4,9,True,168,12,168,3240,32.4,0
1175,0,1,2,4,13,False,168,5,136,1416,14.16,0
1176,0,1,2,4,10,True,14,13,0,3328,33.28,167772160
1177,0,-1,-1,-1,-1,True,-1,-1,-1,-1,-1.0,-1
1178,0,75,0,0,0,False,0,0,10,10,0.1,3189576705
1179,0,-1,-1,-1,-1,True,-1,-1,-1,-1,-1.0,-1
1180,0,-1,-1,-1,-1,True,-1,-1,-1,-1,-1.0,-1
1181,0,1,2,4,15,True,154,9,192,2496,24.96,0
1182,0,1,2,4,17,False,177,11,9,2825,28.25,100
1183,0,-1,-1,-1,-1,True,-1,-1,-1,-1,-1.0,-1
1184,0,1,2,4,12,True,27,9,81,2385,23.85,0
1185,0,1,2,4,29,False,7,4,0,1024,10.24,167772160
1186,0,-1,-1,-1,-1,True,-1,-1,-1,-1,-1.0,-1
1187,0,159,0,0,0,False,0,0,10,10,0.1,1
1188,0,78,0,0,0,False,0,0,10,10,0.1,5121
1189,0,139,0,0,0,False,0,0,10,10,0.1,1562252289
1190,0,-1,-1,-1,-1,True,-1,-1,-1,-1,-1.0,-1
1191,0,-1,-1,-1,-1,True,-1,-1,-1,-1,-1.0,-1
1192,0,1,2,4,3,True,93,4,5,1029,10.29,0
1193,0,1,2,4,24,False,4,4,99,1123,11.23,0
1194,0,1,2,4,13,True,4,4,82,1106,11.06,0
1195,0,1,2,4,15,False,68,3,8,776,7.76,0
1196,0,1,2,4,29,True,68,2,248,760,7.6,0
1197,0,1,2,4,1,False,1,3,0,768,7.68,167772160
1198,0,-1,-1,-1,-1,True,-1,-1,-1,-1,-1.0,-1
1199,0,-1,-1,-1,-1,True,-1,-1,-1,-1,-1.0,-1
1200,0,-1,-1,-1,-1,True,-1,-1,-1,-1,-1.0,-1
1201,0,-1,-1,-1,-1,True,-1,-1,-1,-1,-1.0,-1
1202,0,-1,-1,-1,-1,True,-1,-1,-1,-1,-1.0,-1
1203,0,-1,-1,-1,-1,True,-1,-1,-1,-1,-1.0,-1
1204,0,1,2,4,6,False,87,9,134,2438,24.38,0
1205,0,1,2,4,11,True,87,9,113,2417,24.17,0
1206,0,1,2,3,23,False,9,1,0,256,2.56,0
1207,0,1,2,4,26,False,95,7,5,1797,17.97,62
1208,0,-1,-1,-1,-1,True,-1,-1,-1,-1,-1.0,-1
1209,0,1,2,4,5,True,39,5,41,1321,13.21,0
1210,0,1,2,4,20,False,66,8,230,2278,22.78,0
1211,0,1,2,4,7,True,66,8,212,2260,22.6,0
1212,0,1,2,4,27,False,190,4,196,1220,12.2,0
1213,0,1,2,4,14,True,190,12,1,3073,30.73,3775669022
1214,0,-1,-1,-1,-1,True,-1,-1,-1,-1,-1.0,-1
1215,0,-1,-1,-1,-1,True,-1,-1,-1,-1,-1.0,-1
1216,0,-1,-1,-1,-1,True,-1,-1,-1,-1,-1.0,-1
1217,0,-1,-1,-1,-1,True,-1,-1,-1,-1,-1.0,-1
1218,0,1,1,5,6,False,20,0,19,19,0.19,10
1219,0,1,20,6,20,False,135,3,10,778,7.78,5266
1220,0,1,16,7,46,True,1,4,20,1044,10.44,239642
1221,0,1,8,1,20,False,0,0,0,0,0.0,0
1222,0,30,0,0,0,False,0,0,10,10,0.1,1981027329
1223,0,-1,-1,-1,-1,True,-1,-1,-1,-1,-1.0,-1
1224,0,-1,-1,-1,-1,True,-1,-1,-1,-1,-1.0,-1
1225,0,-1,-1,-1,-1,True,-1,-1,-1,-1,-1.0,-1
1226,0,-1,-1,-1,-1,True,-1,-1,-1,-1,-1.0,-1
1227,0,1,2,5,4,False,135,10,3,2563,25.63,114
1228,0,1,2,4,0,False,56,12,42,3114,31.14,0
1229,0,1,2,4,26,True,56,12,26,3098,30.98,0
1230,0,1,2,4,31,False,26,0,62,62,0.62,0
1231,0,1,2,4,4,True,26,11,210,3026,30.26,0
1232,0,1,2,4,8,False,97,3,114,882,8.82,0
1233,0,1,2,4,5,True,97,3,94,862,8.62,0
1234,0,1,2,4,0,False,227,6,67,1603,16.03,0
1235,0,1,2,4,34,True,227,6,49,1585,15.85,0
1236,0,1,2,4,25,False,194,9,199,2503,25.03,0
1237,0,1,2,4,9,True,194,9,178,2482,24.82,0
1238,0,1,2,4,18,False,184,4,91,1115,11.15,0
1239,0,1,2,4,23,True,184,4,70,1094,10.94,0
1240,0,1,2,4,29,False,6,9,0,2304,23.04,167772160
1241,0,-1,-1,-1,-1,True,-1,-1,-1,-1,-1.0,-1
1242,0,148,0,0,0,False,0,0,10,10,0.1,0
1243,0,-1,-1,-1,-1,True,-1,-1,-1,-1,-1.0,-1
1244,0,25,0,2,36,False,0,0,0,0,0.0,335612416
1245,0,-1,-1,-1,-1,True,-1,-1,-1,-1,-1.0,-1
1246,0,-1,-1,-1,-1,True,-1,-1,-1,-1,-1.0,-1
1247,0,1,2,4,33,False,87,9,123,2427,24.27,0
1248,0,1,2,4,13,True,87,9,105,2409,24.09,0
1249,0,1,2,4,25,False,185,14,172,3756,37.56,0
1250,0,1,2,4,18,True,255,14,154,3738,37.38,0
1251,0,1,2,4,30,False,252,11,141,2957,29.57,0
1252,0,1,2,4,15,True,210,11,120,2936,29.36,0
1253,0,1,2,4,17,False,234,3,131,899,8.99,0
1254,0,1,2,4,13,True,234,3,110,878,8.78,0
1255,0,1,2,4,21,False,99,3,84,852,8.52,0
1256,0,1,2,4,22,False,99,1,183,439,4.39,0
1257,0,1,2,4,4,True,98,1,166,422,4.22,0
1258,0,1,2,4,22,False,30,14,13,3597,35.97,0
1259,0,1,2,4,10,True,30,13,246,3574,35.74,0
1260,0,1,2,4,19,False,239,13,12,3340,33.4,0
1261,0,1,2,4,8,True,239,12,249,3321,33.21,0
1262,0,1,2,4,24,False,242,1,103,359,3.59,0
1263,0,1,2,4,30,True,242,1,85,341,3.41,0
1264,0,1,2,4,24,False,191,15,244,4084,40.84,0
1265,0,1,2,4,19,True,191,15,225,4065,40.65,0
1266,0,1,2,4,17,False,140,0,25,25,0.25,0
1267,0,1,2,4,24,True,140,10,96,2656,26.56,0
1268,0,1,2,4,11,True,166,10,77,2637,26.37,0
1269,0,1,2,4,10,False,204,3,14,782,7.82,24
1270,0,-1,-1,-1,-1,True,-1,-1,-1,-1,-1.0,-1
1271,0,1,2,4,14,True,3,14,5,3589,35.89,0
1272,0,1,2,4,21,False,26,2,130,642,6.42,0
1273,0,1,2,4,15,True,26,2,112,624,6.24,0
1274,0,1,2,4,20,False,39,2,189,701,7.01,0
1275,0,1,2,4,24,True,39,2,171,683,6.83,0
1276,0,1,2,4,32,False,246,15,24,3864,38.64,0
1277,0,1,2,4,18,True,246,15,3,3843,38.43,0
1278,0,1,2,4,22,False,96,5,185,1465,14.65,0
1279,0,1,2,4,8,True,96,5,167,1447,14.47,0
1280,0,1,2,4,21,False,141,15,60,3900,39.0,0
1281,0,1,2,4,22,False,139,4,124,1148,11.48,0
1282,0,1,2,4,6,True,114,6,52,1588,15.88,0
1283,0,1,2,4,33,False,113,6,190,1726,17.26,0
1284,0,1,2,4,24,True,113,6,30,1566,15.66,0
1285,0,1,2,4,26,True,113,6,171,1707,17.07,0
1286,0,1,2,4,12,False,213,0,131,131,1.31,0
1287,0,1,2,4,9,True,213,0,243,243,2.43,26122
1288,0,-1,-1,-1,-1,True,-1,-1,-1,-1,-1.0,-1
1289,0,-1,-1,-1,-1,True,-1,-1,-1,-1,-1.0,-1
1290,0,1,2,4,17,False,107,14,10,3594,35.94,0
1291,0,1,2,4,4,True,107,13,246,3574,35.74,0
1292,0,1,2,4,4,False,255,13,27,3355,33.55,0
1293,0,1,2,4,31,True,9,13,9,3337,33.37,0
1294,0,1,2,4,21,False,86,6,11,1547,15.47,0
1295,0,1,2,4,21,True,86,5,250,1530,15.3,0
1296,0,1,2,4,27,False,67,6,137,1673,16.73,0
1297,0,1,2,4,17,True,67,6,118,1654,16.54,0
1298,0,1,2,4,23,False,148,7,174,1966,19.66,0
1299,0,1,2,4,22,False,197,10,18,2578,25.78,0
1300,0,1,2,4,21,False,195,9,149,2453,24.53,0
1301,0,1,2,4,5,True,97,9,129,2433,24.33,0
1302,0,1,2,4,3,False,62,11,121,2937,29.37,0
1303,0,1,2,4,8,True,62,11,100,2916,29.16,0
1304,0,1,2,4,20,False,219,0,7,7,0.07,144
1305,0,-1,-1,-1,-1,True,-1,-1,-1,-1,-1.0,-1
1306,0,1,2,4,10,True,192,11,246,3062,30.62,0
1307,0,1,2,4,23,False,95,14,65,3649,36.49,0
1308,0,1,2,4,12,True,95,14,46,3630,36.3,0
1309,0,1,2,4,14,False,15,12,233,3305,33.05,0
1310,0,1,2,4,13,False,15,3,207,975,9.75,0
1311,0,1,2,4,3,True,15,15,0,3840,38.4,167772160
1312,0,-1,-1,-1,-1,True,-1,-1,-1,-1,-1.0,-1
1313,0,-1,-1,-1,-1,True,-1,-1,-1,-1,-1.0,-1
1314,0,-1,-1,-1,-1,True,-1,-1,-1,-1,-1.0,-1
1315,0,-1,-1,-1,-1,True,-1,-1,-1,-1,-1.0,-1
1316,0,-1,-1,-1,-1,True,-1,-1,-1,-1,-1.0,-1
1317,0,1,2,4,28,True,100,2,134,646,6.46,0
1318,0,1,2,4,22,True,6,2,115,627,6.27,0
1319,0,1,2,4,4,False,248,0,227,227,2.27,0
1320,0,1,2,4,16,True,169,0,208,208,2.08,0
1321,0,1,2,4,12,False,205,11,27,2843,28.43,0
1322,0,1,2,4,13,True,70,2,93,605,6.05,0
1323,0,1,2,4,17,True,70,2,74,586,5.86,0
1324,0,1,2,4,25,False,188,4,82,1106,11.06,0
1325,0,1,2,4,16,True,188,4,60,1084,10.84,0
1326,0,1,2,4,25,False,24,15,172,4012,40.12,0
1327,0,1,2,4,30,True,24,15,152,3992,39.92,0
1328,0,1,2,4,29,False,14,6,0,1536,15.36,167772160
1329,0,-1,-1,-1,-1,True,-1,-1,-1,-1,-1.0,-1
1330,0,94,0,0,0,False,0,0,10,10,0.1,2786071553
1331,0,-1,-1,-1,-1,True,-1,-1,-1,-1,-1.0,-1
1332,0,-1,-1,-1,-1,True,-1,-1,-1,-1,-1.0,-1
1333,0,-1,-1,-1,-1,True,-1,-1,-1,-1,-1.0,-1
1334,0,-1,-1,-1,-1,True,-1,-1,-1,-1,-1.0,-1
1335,0,1,1,4,6,False,249,9,101,2405,24.05,0
1336,0,1,2,4,24,False,33,5,9,1289,12.89,196
1337,0,-1,-1,-1,-1,True,-1,-1,-1,-1,-1.0,-1
1338,0,1,2,4,31,True,165,9,174,2478,24.78,0
1339,0,1,2,4,29,False,165,7,251,2043,20.43,0
1340,0,1,2,4,32,True,165,7,230,2022,20.22,0
1341,0,1,2,4,20,False,178,4,123,1147,11.47,0
1342,0,1,2,4,8,True,178,4,105,1129,11.29,0
1343,0,1,2,4,11,False,45,7,1,1793,17.93,0
1344,0,1,2,4,6,True,45,6,237,1773,17.73,0
1345,0,1,2,4,26,False,47,1,187,443,4.43,0
1346,0,1,2,4,3,True,47,1,167,423,4.23,0
1347,0,1,2,4,4,False,25,12,151,3223,32.23,0
1348,0,1,2,4,8,True,25,12,131,3203,32.03,0
1349,0,1,2,4,23,False,138,8,117,2165,21.65,0
1350,0,1,2,4,12,True,138,8,98,2146,21.46,0
1351,0,1,2,4,30,False,240,9,17,2321,23.21,0
1352,0,1,2,4,30,True,240,9,2,2306,23.06,0
1353,0,1,2,4,27,False,142,15,251,4091,40.91,0
1354,0,1,2,4,24,True,142,6,117,1653,16.53,0
1355,0,1,2,4,19,True,107,6,95,1631,16.31,0
1356,0,1,2,4,2,False,199,8,58,2106,21.06,0
1357,0,1,2,4,18,True,199,8,38,2086,20.86,0
1358,0,1,2,4,31,False,118,14,92,3676,36.76,0
1359,0,1,2,4,18,True,80,14,74,3658,36.58,0
1360,0,1,2,4,32,False,143,1,43,299,2.99,0
1361,0,1,2,4,14,True,143,1,22,278,2.78,0
1362,0,1,2,4,22,False,6,10,138,2698,26.98,0
1363,0,1,2,4,21,True,6,10,118,2678,26.78,0
1364,0,1,2,4,21,False,6,3,89,857,8.57,0
1365,0,1,2,4,22,True,6,3,71,839,8.39,0
1366,0,1,2,4,27,False,103,3,136,904,9.04,0
1367,0,1,2,4,4,True,160,3,119,887,8.87,0
1368,0,1,2,4,24,False,236,4,47,1071,10.71,0
1369,0,1,2,4,12,True,63,4,26,1050,10.5,0
1370,0,1,2,4,29,False,246,6,14,1550,15.5,0
1371,0,1,2,4,10,True,246,5,248,1528,15.28,0
1372,0,1,2,4,21,False,241,8,230,2278,22.78,0
1373,0,1,2,4,13,True,238,8,210,2258,22.58,0
1374,0,1,2,4,22,False,243,14,12,3596,35.96,0
1375,0,1,2,4,15,True,243,13,249,3577,35.77,0
1376,0,1,2,4,24,False,153,13,170,3498,34.98,0
1377,0,1,2,4,11,True,153,13,151,3479,34.79,0
1378,0,1,2,4,19,False,71,3,14,782,7.82,99
1379,0,-1,-1,-1,-1,True,-1,-1,-1,-1,-1.0,-1
1380,0,1,2,4,14,True,83,14,82,3666,36.66,0
1381,0,1,2,4,22,False,89,10,49,2609,26.09,0
1382,0,1,2,4,9,True,89,10,30,2590,25.9,0
1383,0,1,2,4,23,False,235,12,238,3310,33.1,0
1384,0,1,2,4,13,True,235,6,12,1548,15.48,52
1385,0,-1,-1,-1,-1,True,-1,-1,-1,-1,-1.0,-1
1386,0,1,2,4,3,True,38,12,35,3107,31.07,0
1387,0,1,2,4,32,False,2,6,0,1536,15.36,167772160
1388,0,-1,-1,-1,-1,True,-1,-1,-1,-1,-1.0,-1
1389,0,-1,-1,-1,-1,True,-1,-1,-1,-1,-1.0,-1
1390,0,-1,-1,-1,-1,True,-1,-1,-1,-1,-1.0,-1
1391,0,-1,-1,-1,-1,True,-1,-1,-1,-1,-1.0,-1
1392,0,-1,-1,-1,-1,True,-1,-1,-1,-1,-1.0,-1
1393,0,-1,-1,-1,-1,True,-1,-1,-1,-1,-1.0,-1
1394,0,1,2,4,26,False,61,3,12,780,7.8,237
1395,0,-1,-1,-1,-1,True,-1,-1,-1,-1,-1.0,-1
1396,0,1,2,4,33,True,243,12,220,3292,32.92,0
1397,0,1,2,4,24,False,185,9,241,2545,25.45,0
1398,0,1,2,4,19,True,185,9,222,2526,25.26,0
1399,0,1,2,4,15,False,2,10,0,2560,25.6,167772160
1400,0,-1,-1,-1,-1,True,-1,-1,-1,-1,-1.0,-1
1401,0,-1,-1,-1,-1,True,-1,-1,-1,-1,-1.0,-1
1402,0,-1,-1,-1,-1,True,-1,-1,-1,-1,-1.0,-1
1403,0,-1,-1,-1,-1,True,-1,-1,-1,-1,-1.0,-1
1404,0,-1,-1,-1,-1,True,-1,-1,-1,-1,-1.0,-1
1405,0,1,2,4,5,False,245,12,233,3305,33.05,0
1406,0,1,2,4,17,True,245,12,215,3287,32.87,0
1407,0,1,2,4,20,False,67,0,228,228,2.28,0
1408,0,1,2,4,17,True,67,0,210,210,2.1,0
1409,0,1,2,4,26,False,83,15,7,3847,38.47,39
1410,0,-1,-1,-1,-1,True,-1,-1,-1,-1,-1.0,-1
1411,0,1,2,4,21,False,142,1,187,443,4.43,0
1412,0,1,2,4,20,False,142,8,140,2188,21.88,0
1413,0,1,2,4,19,True,142,8,121,2169,21.69,0
1414,0,1,2,4,15,False,178,5,218,1498,14.98,0
1415,0,1,2,4,20,True,178,5,200,1480,14.8,0
1416,0,1,2,4,14,False,246,1,18,274,2.74,0
1417,0,1,2,4,7,True,246,1,1,257,2.57,0
1418,0,1,2,4,18,False,2,9,0,2304,23.04,167772160
1419,0,-1,-1,-1,-1,True,-1,-1,-1,-1,-1.0,-1
1420,0,-1,-1,-1,-1,True,-1,-1,-1,-1,-1.0,-1
1421,0,-1,-1,-1,-1,True,-1,-1,-1,-1,-1.0,-1
1422,0,-1,-1,-1,-1,True,-1,-1,-1,-1,-1.0,-1
1423,0,-1,-1,-1,-1,True,-1,-1,-1,-1,-1.0,-1
1424,0,1,3,4,23,False,180,0,128,128,1.28,0
1425,0,1,3,4,23,False,61,2,27,539,5.39,0
1426,0,1,2,4,18,False,73,0,14,14,0.14,66
1427,0,-1,-1,-1,-1,True,-1,-1,-1,-1,-1.0,-1
1428,0,1,1,4,27,True,111,10,133,2693,26.93,0
1429,0,1,2,4,20,False,32,1,5,261,2.61,0
1430,0,1,5,2,20,False,151,0,0,0,0.0,0
1431,0,1,2,1,5,False,0,0,0,0,0.0,0
1432,0,1,2,4,20,False,0,0,11,11,0.11,0
1433,0,1,6,4,20,False,145,0,11,11,0.11,0
1434,0,1,3,7,20,False,1,0,6,6,0.06,9049103
1435,0,1,26,0,0,False,0,0,0,0,0.0,0
1436,0,1,0,5,56,True,20,0,181,181,1.81,1
1437,0,1,6,0,0,False,0,0,0,0,0.0,0
1438,0,1,2,4,33,False,182,3,199,967,9.67,0
1439,0,1,2,4,5,True,181,1,27,283,2.83,0
1440,0,1,2,4,6,True,182,3,182,950,9.5,0
1441,0,1,2,4,13,False,49,12,254,3326,33.26,0
1442,0,1,2,4,5,True,49,12,236,3308,33.08,0
1443,0,1,2,4,18,False,56,10,1,2561,25.61,114101524
1444,0,0,0,0,0,False,0,7,1,1793,17.93,54281
1445,0,-1,-1,-1,-1,True,-1,-1,-1,-1,-1.0,-1
1446,0,-1,-1,-1,-1,True,-1,-1,-1,-1,-1.0,-1
1447,0,-1,-1,-1,-1,True,-1,-1,-1,-1,-1.0,-1
1448,0,-1,-1,-1,-1,True,-1,-1,-1,-1,-1.0,-1
1449,0,1,2,4,19,True,2,2,63,575,5.75,0
1450,0,1,2,4,7,False,142,4,57,1081,10.81,0
1451,0,1,2,4,10,True,142,4,36,1060,10.6,0
1452,0,1,2,4,32,False,207,13,252,3580,35.8,0
1453,0,1,2,4,16,True,156,13,232,3560,35.6,0
1454,0,1,2,4,26,False,10,13,72,3400,34.0,0
1455,0,1,2,4,25,True,10,13,52,3380,33.8,0
1456,0,1,2,4,22,False,163,10,41,2601,26.01,14
1457,0,-1,-1,-1,-1,True,-1,-1,-1,-1,-1.0,-1
1458,0,1,15,4,20,False,144,9,14,2318,23.18,0
1459,0,1,12,7,20,False,2,5,1,1281,12.81,10360034
1460,0,1,26,5,1,False,207,4,28,1052,10.52,105
1461,0,1,0,1,25,True,0,0,0,0,0.0,0
1462,0,-1,-1,-1,-1,True,-1,-1,-1,-1,-1.0,-1
1463,0,-1,-1,-1,-1,True,-1,-1,-1,-1,-1.0,-1
1464,0,-1,-1,-1,-1,True,-1,-1,-1,-1,-1.0,-1
1465,0,1,2,4,25,True,220,3,182,950,9.5,0
1466,0,1,2,4,17,False,31,12,160,3232,32.32,0
1467,0,1,2,4,10,True,30,12,142,3214,32.14,0
1468,0,1,2,4,15,False,220,13,248,3576,35.76,0
1469,0,1,2,4,11,True,220,13,229,3557,35.57,0
1470,0,1,2,4,0,False,1,14,57,3641,36.41,0
1471,0,1,2,4,1,False,253,15,175,4015,40.15,0
1472,0,1,2,4,23,True,1,14,38,3622,36.22,0
1473,0,1,2,4,24,True,253,15,154,3994,39.94,0
1474,0,1,2,4,7,False,56,15,35,3875,38.75,0
1475,0,1,2,4,13,True,56,15,16,3856,38.56,0
1476,0,1,2,4,15,False,40,15,145,3985,39.85,0
1477,0,1,2,4,27,True,40,15,123,3963,39.63,0
1478,0,1,2,4,16,False,18,15,115,3955,39.55,0
1479,0,1,2,4,18,True,18,5,33,1313,13.13,0
1480,0,1,2,4,13,True,54,5,15,1295,12.95,0
1481,0,1,2,4,23,False,159,8,175,2223,22.23,0
1482,0,1,2,4,8,True,159,8,155,2203,22.03,0
1483,0,1,2,4,16,False,138,5,226,1506,15.06,0
1484,0,1,2,4,15,True,138,5,204,1484,14.84,0
1485,0,1,2,4,22,False,96,15,44,3884,38.84,0
1486,0,1,2,4,19,True,90,15,24,3864,38.64,0
1487,0,1,2,4,31,False,253,13,120,3448,34.48,0
1488,0,1,2,4,29,True,253,13,100,3428,34.28,0
1489,0,1,2,4,28,False,31,8,242,2290,22.9,0
1490,0,1,2,4,10,True,148,8,224,2272,22.72,0
1491,0,1,2,4,30,False,37,14,210,3794,37.94,0
1492,0,1,2,4,18,True,37,14,191,3775,37.75,0
1493,0,1,3,4,23,False,171,2,78,590,5.9,0
1494,0,1,2,4,6,False,20,2,49,561,5.61,0
1495,0,1,2,4,5,False,21,6,253,1789,17.89,0
1496,0,1,2,4,18,True,21,6,234,1770,17.7,0
1497,0,1,2,4,19,True,20,2,40,552,5.52,0
1498,0,1,2,4,22,True,197,2,22,534,5.34,0
1499,0,1,2,4,25,False,206,0,1,1,0.01,0
1500,0,1,2,4,14,True,98,15,240,4080,40.8,0
1501,0,1,2,4,6,False,242,9,50,2354,23.54,0
1502,0,1,2,4,3,True,242,9,31,2335,23.35,0
1503,0,1,2,4,31,False,243,13,10,3338,33.38,41
1504,0,-1,-1,-1,-1,True,-1,-1,-1,-1,-1.0,-1
1505,0,1,2,4,12,True,31,2,144,656,6.56,0
1506,0,1,2,4,11,False,7,0,2,2,0.02,168
1507,0,-1,-1,-1,-1,True,-1,-1,-1,-1,-1.0,-1
1508,0,1,2,4,8,True,240,2,148,660,6.6,0
1509,0,1,2,4,9,True,241,12,216,3288,32.88,0
1510,0,1,2,4,14,False,153,13,141,3469,34.69,0
1511,0,1,2,4,16,True,153,13,118,3446,34.46,0
1512,0,1,2,4,31,False,131,12,12,3084,30.84,189
1513,0,-1,-1,-1,-1,True,-1,-1,-1,-1,-1.0,-1
1514,0,1,2,4,10,True,108,12,171,3243,32.43,0
1515,0,1,2,4,25,False,40,4,111,1135,11.35,0
1516,0,1,2,4,12,True,40,4,90,1114,11.14,0
1517,0,1,2,4,20,True,91,0,163,163,1.63,0
1518,0,1,2,4,26,False,87,1,0,256,2.56,0
1519,0,1,2,4,14,False,168,6,197,1733,17.33,0
1520,0,1,2,4,7,True,168,7,1,1793,17.93,192
1521,0,-1,-1,-1,-1,True,-1,-1,-1,-1,-1.0,-1
1522,0,1,2,4,22,True,247,1,171,427,4.27,0
1523,0,1,2,4,30,False,143,2,232,744,7.44,0
1524,0,1,2,4,22,True,143,2,212,724,7.24,0
1525,0,1,2,4,22,False,21,5,30,1310,13.1,0
1526,0,1,2,4,18,True,21,5,13,1293,12.93,0
1527,0,1,2,4,2,False,4,5,0,1280,12.8,167772160
1528,0,-1,-1,-1,-1,True,-1,-1,-1,-1,-1.0,-1
1529,0,-1,-1,-1,-1,True,-1,-1,-1,-1,-1.0,-1
1530,0,-1,-1,-1,-1,True,-1,-1,-1,-1,-1.0,-1
1531,0,1,2,4,19,False,157,0,160,160,1.6,0
1532,0,1,2,4,11,True,157,0,140,140,1.4,0
1533,0,1,2,4,26,False,25,7,96,1888,18.88,0
1534,0,1,2,4,25,True,25,7,75,1867,18.67,0
1535,0,1,2,4,14,False,196,15,164,4004,40.04,0
1536,0,1,2,4,12,True,196,15,143,3983,39.83,0
1537,0,1,2,4,26,False,136,13,1,3329,33.29,0
1538,0,1,2,4,16,True,195,12,236,3308,33.08,0
1539,0,1,2,4,8,False,254,2,3,515,5.15,184
1540,0,-1,-1,-1,-1,True,-1,-1,-1,-1,-1.0,-1
1541,0,1,2,4,28,True,178,3,164,932,9.32,0
1542,0,1,2,4,19,False,14,7,0,1792,17.92,167772160
1543,0,-1,-1,-1,-1,True,-1,-1,-1,-1,-1.0,-1
1544,0,18,0,0,0,False,0,0,10,10,0.1,2869695489
1545,0,-1,-1,-1,-1,True,-1,-1,-1,-1,-1.0,-1
1546,0,-1,-1,-1,-1,True,-1,-1,-1,-1,-1.0,-1
1547,0,-1,-1,-1,-1,True,-1,-1,-1,-1,-1.0,-1
1548,0,1,2,4,17,True,242,13,32,3360,33.6,0
1549,0,1,2,4,11,False,58,14,74,3658,36.58,0
1550,0,1,2,4,11,True,58,14,54,3638,36.38,0
1551,0,1,2,4,26,False,44,14,137,3721,37.21,0
1552,0,1,2,4,13,True,44,14,117,3701,37.01,0
1553,0,1,2,4,24,False,118,2,243,755,7.55,0
1554,0,1,2,4,14,True,118,13,217,3545,35.45,0
1555,0,1,2,4,5,True,43,13,198,3526,35.26,0
1556,0,1,2,4,26,False,44,7,147,1939,19.39,0
1557,0,1,2,4,4,True,44,9,152,2456,24.56,0
1558,0,1,2,4,11,True,44,9,130,2434,24.34,0
1559,0,1,2,4,15,False,160,9,53,2357,23.57,0
1560,0,1,2,4,6,True,160,9,36,2340,23.4,0
1561,0,1,2,4,30,False,6,14,0,3584,35.84,167772160
1562,0,-1,-1,-1,-1,True,-1,-1,-1,-1,-1.0,-1
1563,0,60,0,0,0,False,0,0,10,10,0.1,0
1564,0,-1,-1,-1,-1,True,-1,-1,-1,-1,-1.0,-1
1565,0,32,0,0,0,False,0,0,10,10,0.1,2241008641
1566,0,-1,-1,-1,-1,True,-1,-1,-1,-1,-1.0,-1
1567,0,-1,-1,-1,-1,True,-1,-1,-1,-1,-1.0,-1
1568,0,-1,-1,-1,-1,True,-1,-1,-1,-1,-1.0,-1
1569,0,1,2,4,27,False,71,5,203,1483,14.83,0
1570,0,1,2,4,17,True,49,5,182,1462,14.62,0
1571,0,1,2,4,21,False,67,15,224,4064,40.64,0
1572,0,1,2,4,6,True,67,15,207,4047,40.47,0
1573,0,1,2,4,32,False,244,8,101,2149,21.49,0
1574,0,1,2,4,8,True,244,8,81,2129,21.29,0
1575,0,1,2,4,30,False,204,13,8,3336,33.36,54
1576,0,-1,-1,-1,-1,True,-1,-1,-1,-1,-1.0,-1
1577,0,1,2,4,4,True,221,8,166,2214,22.14,0
1578,0,1,2,4,5,True,213,13,179,3507,35.07,0
1579,0,1,2,4,7,True,213,13,160,3488,34.88,0
1580,0,1,2,4,21,False,153,3,52,820,8.2,0
1581,0,1,2,4,21,True,153,3,35,803,8.03,0
1582,0,1,2,4,11,False,33,11,223,3039,30.39,0
1583,0,1,2,4,8,True,33,11,202,3018,30.18,0
1584,0,1,2,4,20,False,4,15,180,4020,40.2,0
1585,0,1,2,4,21,False,3,8,247,2295,22.95,0
1586,0,1,2,4,6,True,3,8,230,2278,22.78,0
1587,0,1,2,4,26,False,108,0,63,63,0.63,0
1588,0,1,2,4,21,True,121,0,43,43,0.43,0
1589,0,1,2,4,6,False,59,5,52,1332,13.32,0
1590,0,1,2,4,12,True,59,5,33,1313,13.13,0
1591,0,1,2,4,5,False,45,5,112,1392,13.92,0
1592,0,1,2,4,10,True,45,5,94,1374,13.74,0
1593,0,1,2,4,14,False,213,15,37,3877,38.77,0
1594,0,1,2,4,26,True,213,15,17,3857,38.57,0
1595,0,1,1,4,28,False,90,0,225,225,2.25,0
1596,0,1,2,4,13,False,10,1,4,260,2.6,205622292
1597,0,-1,-1,-1,-1,True,-1,-1,-1,-1,-1.0,-1
1598,0,-1,-1,-1,-1,True,-1,-1,-1,-1,-1.0,-1
1599,0,-1,-1,-1,-1,True,-1,-1,-1,-1,-1.0,-1
1600,0,-1,-1,-1,-1,True,-1,-1,-1,-1,-1.0,-1
1601,0,1,29,6,20,False,27,8,14,2062,20.62,5298
1602,0,1,19,2,40,False,14,0,0,0,0.0,0
1603,0,1,20,1,20,False,0,0,0,0,0.0,0
1604,0,1,2,4,29,False,10,6,0,1536,15.36,167772160
1605,0,-1,-1,-1,-1,True,-1,-1,-1,-1,-1.0,-1
1606,0,-1,-1,-1,-1,True,-1,-1,-1,-1,-1.0,-1
1607,0,-1,-1,-1,-1,True,-1,-1,-1,-1,-1.0,-1
1608,0,-1,-1,-1,-1,True,-1,-1,-1,-1,-1.0,-1
1609,0,-1,-1,-1,-1,True,-1,-1,-1,-1,-1.0,-1
1610,0,-1,-1,-1,-1,True,-1,-1,-1,-1,-1.0,-1
1611,0,1,2,4,20,False,22,0,14,14,0.14,0
1612,0,1,10,3,20,False,145,0,0,0,0.0,0
1613,0,1,1,6,0,False,20,4,118,1142,11.42,52492
1614,0,1,2,4,9,True,116,12,142,3214,32.14,0
1615,0,1,2,4,3,True,116,12,125,3197,31.97,0
1616,0,1,2,4,6,False,255,0,107,107,1.07,0
1617,0,1,2,4,16,True,255,0,89,89,0.89,0
1618,0,1,2,4,32,False,137,6,14,1550,15.5,0
1619,0,1,2,4,16,True,137,5,248,1528,15.28,0
1620,0,1,2,4,20,False,2,14,0,3584,35.84,167772160
1621,0,-1,-1,-1,-1,True,-1,-1,-1,-1,-1.0,-1
1622,0,-1,-1,-1,-1,True,-1,-1,-1,-1,-1.0,-1
1623,0,-1,-1,-1,-1,True,-1,-1,-1,-1,-1.0,-1
1624,0,-1,-1,-1,-1,True,-1,-1,-1,-1,-1.0,-1
1625,0,-1,-1,-1,-1,True,-1,-1,-1,-1,-1.0,-1
1626,0,-1,-1,-1,-1,True,-1,-1,-1,-1,-1.0,-1
1627,0,1,2,4,25,False,110,13,194,3522,35.22,0
1628,0,1,2,4,9,True,206,13,176,3504,35.04,0
1629,0,1,2,4,16,False,68,3,66,834,8.34,0
1630,0,1,2,4,15,True,12,3,46,814,8.14,0
1631,0,1,2,4,13,False,142,1,210,466,4.66,0
1632,0,1,2,4,13,True,142,1,195,451,4.51,0
1633,0,1,2,4,23,False,110,13,229,3557,35.57,0
1634,0,1,2,4,24,False,251,15,198,4038,40.38,0
1635,0,1,2,4,28,True,251,15,182,4022,40.22,0
1636,0,1,2,4,26,False,176,7,205,1997,19.97,0
1637,0,1,2,4,7,True,176,7,185,1977,19.77,0
1638,0,1,2,4,28,False,6,11,0,2816,28.16,167772160
1639,0,-1,-1,-1,-1,True,-1,-1,-1,-1,-1.0,-1
1640,0,119,0,0,0,False,0,0,10,10,0.1,0
1641,0,-1,-1,-1,-1,True,-1,-1,-1,-1,-1.0,-1
1642,0,241,0,4,62,True,0,0,0,0,0.0,335612416
1643,0,-1,-1,-1,-1,True,-1,-1,-1,-1,-1.0,-1
1644,0,-1,-1,-1,-1,True,-1,-1,-1,-1,-1.0,-1
1645,0,1,2,4,32,False,218,0,9,9,0.09,90
1646,0,-1,-1,-1,-1,True,-1,-1,-1,-1,-1.0,-1
1647,0,1,2,4,9,True,192,9,71,2375,23.75,0
1648,0,1,2,4,18,False,121,9,214,2518,25.18,0
1649,0,1,2,4,19,True,121,9,191,2495,24.95,0
1650,0,1,2,4,12,False,201,2,223,735,7.35,0
1651,0,1,2,4,13,True,201,2,204,716,7.16,0
1652,0,1,2,4,11,False,235,4,146,1170,11.7,0
1653,0,1,2,4,9,True,235,4,125,1149,11.49,0
1654,0,1,2,4,27,False,218,9,252,2556,25.56,0
1655,0,1,2,4,28,True,217,9,235,2539,25.39,0
1656,0,1,2,4,33,False,74,14,117,3701,37.01,0
1657,0,1,2,4,13,True,74,14,100,3684,36.84,0
1658,0,1,2,4,23,False,107,10,222,2782,27.82,0
1659,0,1,2,4,24,False,106,0,14,14,0.14,239
1660,0,-1,-1,-1,-1,True,-1,-1,-1,-1,-1.0,-1
1661,0,1,2,4,18,False,113,15,196,4036,40.36,0
1662,0,1,2,4,6,True,118,7,152,1944,19.44,0
1663,0,1,2,4,24,True,118,7,134,1926,19.26,0
1664,0,1,2,4,22,False,124,6,90,1626,16.26,0
1665,0,1,2,4,15,True,124,6,71,1607,16.07,0
1666,0,1,2,4,30,False,195,12,166,3238,32.38,0
1667,0,1,2,4,31,False,195,9,20,2324,23.24,0
1668,0,1,2,4,20,True,194,9,1,2305,23.05,0
1669,0,1,2,4,1,False,166,7,8,1800,18.0,122
1670,0,-1,-1,-1,-1,True,-1,-1,-1,-1,-1.0,-1
1671,0,1,2,4,7,True,22,8,103,2151,21.51,0
1672,0,1,2,4,6,False,145,1,150,406,4.06,0
1673,0,1,2,4,27,True,145,1,133,389,3.89,0
1674,0,1,2,4,17,False,101,15,91,3931,39.31,0
1675,0,1,2,4,21,True,101,15,75,3915,39.15,0
1676,0,1,2,4,14,False,7,5,0,1280,12.8,167772160
1677,0,-1,-1,-1,-1,True,-1,-1,-1,-1,-1.0,-1
1678,0,194,0,0,0,False,0,0,10,10,0.1,1
1679,0,140,0,0,0,False,0,0,10,10,0.1,3145929729
1680,0,-1,-1,-1,-1,True,-1,-1,-1,-1,-1.0,-1
1681,0,-1,-1,-1,-1,True,-1,-1,-1,-1,-1.0,-1
1682,0,1,2,4,27,False,131,8,14,2062,20.62,91
1683,0,-1,-1,-1,-1,True,-1,-1,-1,-1,-1.0,-1
1684,0,1,2,4,5,True,216,14,72,3656,36.56,0
1685,0,1,2,4,4,False,177,14,15,3599,35.99,0
1686,0,1,2,4,14,True,176,13,252,3580,35.8,0
1687,0,1,2,4,20,False,115,10,174,2734,27.34,0
1688,0,1,2,4,11,True,115,10,152,2712,27.12,0
1689,0,1,2,4,16,False,150,9,252,2556,25.56,0
1690,0,1,2,4,11,True,150,8,1,2049,20.49,0
1691,0,1,2,4,21,True,105,7,236,2028,20.28,0
1692,0,1,2,4,14,False,178,7,36,1828,18.28,0
1693,0,1,2,4,21,True,178,7,15,1807,18.07,0
1694,0,1,2,4,19,False,52,15,39,3879,38.79,0
1695,0,1,2,4,14,True,52,15,21,3861,38.61,0
1696,0,1,2,4,4,True,163,13,1,3329,33.29,201
1697,0,-1,-1,-1,-1,True,-1,-1,-1,-1,-1.0,-1
1698,0,1,2,4,28,True,189,2,169,681,6.81,0
1699,0,1,2,4,18,False,93,4,26,1050,10.5,0
1700,0,1,2,4,11,True,93,4,3,1027,10.27,0
1701,0,1,2,4,26,False,90,6,1,1537,15.37,0
1702,0,1,2,4,27,True,90,5,118,1398,13.98,0
1703,0,1,2,4,18,True,124,5,100,1380,13.8,0
1704,0,1,2,4,16,False,1,7,36,1828,18.28,0
1705,0,1,2,4,11,True,1,7,15,1807,18.07,0
1706,0,1,2,4,6,False,114,0,220,220,2.2,0
1707,0,1,2,4,18,True,34,0,202,202,2.02,0
1708,0,1,2,4,20,False,111,10,154,2714,27.14,0
1709,0,1,2,4,28,True,132,10,135,2695,26.95,0
1710,0,1,2,4,23,False,165,6,67,1603,16.03,0
1711,0,1,2,4,28,True,165,6,49,1585,15.85,0
1712,0,1,2,4,22,False,82,10,77,2637,26.37,0
1713,0,1,2,4,9,True,82,10,59,2619,26.19,0
1714,0,1,2,4,9,False,176,1,150,406,4.06,0
1715,0,1,2,4,7,True,176,1,128,384,3.84,0
1716,0,1,2,4,30,False,109,4,190,1214,12.14,0
1717,0,1,2,4,8,True,147,4,172,1196,11.96,0
1718,0,1,2,4,17,False,219,13,120,3448,34.48,0
1719,0,1,2,4,6,True,219,13,101,3429,34.29,0
1720,0,1,2,4,25,False,32,6,108,1644,16.44,0
1721,0,1,2,4,26,True,158,6,88,1624,16.24,0
1722,0,1,2,4,2,False,51,8,159,2207,22.07,0
1723,0,1,2,4,4,True,50,8,137,2185,21.85,0
1724,0,1,2,4,21,False,219,9,248,2552,25.52,0
1725,0,1,2,4,14,True,125,9,229,2533,25.33,0
1726,0,1,2,4,7,False,9,9,250,2554,25.54,0
1727,0,1,2,4,10,True,9,9,230,2534,25.34,0
1728,0,1,2,4,18,False,75,0,25,25,0.25,0
1729,0,1,2,4,4,True,7,0,7,7,0.07,0
1730,0,1,2,4,27,False,170,0,20,20,0.2,0
1731,0,1,2,4,8,True,170,0,2,2,0.02,0
1732,0,1,2,4,20,False,208,5,57,1337,13.37,0
1733,0,1,2,4,19,True,208,5,37,1317,13.17,0
1734,0,1,2,4,21,False,204,1,184,440,4.4,0
1735,0,1,2,4,20,True,204,1,165,421,4.21,0
1736,0,1,2,4,6,False,191,11,7,2823,28.23,210
1737,0,-1,-1,-1,-1,True,-1,-1,-1,-1,-1.0,-1
1738,0,1,2,4,5,True,139,7,193,1985,19.85,0
1739,0,1,2,4,32,False,67,3,42,810,8.1,0
1740,0,1,2,4,20,True,67,3,21,789,7.89,0
1741,0,1,2,4,11,False,162,3,44,812,8.12,0
1742,0,1,2,4,13,True,162,3,24,792,7.92,0
1743,0,1,2,4,33,False,8,13,0,3328,33.28,167772160
1744,0,-1,-1,-1,-1,True,-1,-1,-1,-1,-1.0,-1
1745,0,251,0,0,0,False,0,0,10,10,0.1,1
1746,0,4,25,3,0,False,0,0,0,0,0.0,2501116170
1747,0,-1,-1,-1,-1,True,-1,-1,-1,-1,-1.0,-1
1748,0,-1,-1,-1,-1,True,-1,-1,-1,-1,-1.0,-1
1749,0,-1,-1,-1,-1,True,-1,-1,-1,-1,-1.0,-1
1750,0,-1,-1,-1,-1,True,-1,-1,-1,-1,-1.0,-1
1751,0,1,2,4,22,False,99,12,155,3227,32.27,0
1752,0,1,2,4,21,True,99,12,136,3208,32.08,0
1753,0,1,2,4,26,False,164,2,183,695,6.95,0
1754,0,1,2,4,10,True,164,2,163,675,6.75,0
1755,0,1,2,4,33,False,212,5,9,1289,12.89,0
1756,0,1,2,4,11,True,212,4,245,1269,12.69,0
1757,0,1,2,4,31,False,245,8,8,2056,20.56,161
1758,0,-1,-1,-1,-1,True,-1,-1,-1,-1,-1.0,-1
1759,0,1,2,4,23,False,180,14,103,3687,36.87,0
1760,0,1,2,4,17,True,184,8,143,2191,21.91,0
1761,0,1,2,4,18,True,180,14,84,3668,36.68,0
1762,0,1,2,4,9,False,189,15,6,3846,38.46,0
1763,0,1,2,4,8,False,189,4,249,1273,12.73,0
1764,0,1,2,4,5,True,189,4,229,1253,12.53,0
1765,0,1,2,4,7,True,189,14,241,3825,38.25,0
1766,0,1,2,4,31,False,112,5,251,1531,15.31,0
1767,0,1,2,4,17,True,112,5,232,1512,15.12,0
1768,0,1,2,4,13,False,113,9,169,2473,24.73,0
1769,0,1,2,4,7,True,113,9,150,2454,24.54,0
1770,0,1,2,4,30,False,252,10,123,2683,26.83,0
1771,0,1,2,4,5,True,252,10,106,2666,26.66,0
1772,0,1,2,4,29,False,209,1,55,311,3.11,0
1773,0,1,2,4,27,True,209,1,37,293,2.93,0
1774,0,1,2,4,33,False,3,11,0,2816,28.16,167772160
1775,0,-1,-1,-1,-1,True,-1,-1,-1,-1,-1.0,-1
1776,0,-1,-1,-1,-1,True,-1,-1,-1,-1,-1.0,-1
1777,0,-1,-1,-1,-1,True,-1,-1,-1,-1,-1.0,-1
1778,0,-1,-1,-1,-1,True,-1,-1,-1,-1,-1.0,-1
1779,0,1,2,4,2,False,51,0,43,43,0.43,0
1780,0,1,2,4,5,True,51,0,21,21,0.21,0
1781,0,1,2,4,23,False,83,13,105,3433,34.33,0
1782,0,1,2,4,13,True,82,13,87,3415,34.15,0
1783,0,1,2,4,25,False,10,13,46,3374,33.74,0
1784,0,1,2,4,3,True,10,13,27,3355,33.55,0
1785,0,1,2,4,25,False,161,2,253,765,7.65,0
1786,0,1,2,4,18,True,161,2,232,744,7.44,0
1787,0,1,2,4,15,False,101,1,84,340,3.4,0
1788,0,1,2,4,18,True,101,1,67,323,3.23,0
1789,0,1,2,4,14,False,101,14,215,3799,37.99,0
1790,0,1,2,4,23,True,235,14,195,3779,37.79,0
1791,0,1,2,4,33,False,225,10,158,2718,27.18,0
1792,0,1,2,4,12,True,225,10,140,2700,27.0,0
1793,0,1,2,4,9,False,187,7,196,1988,19.88,0
1794,0,1,2,4,12,True,187,7,175,1967,19.67,0
1795,0,1,2,4,20,False,97,11,211,3027,30.27,0
1796,0,1,2,4,15,True,210,10,82,2642,26.42,0
1797,0,1,2,4,11,True,210,10,60,2620,26.2,0
1798,0,1,2,4,21,False,229,8,164,2212,22.12,0
1799,0,1,2,4,21,True,229,8,147,2195,21.95,0
1800,0,1,2,4,1,False,255,3,9,777,7.77,0
1801,0,1,2,4,9,True,255,2,246,758,7.58,0
1802,0,1,2,4,21,False,117,1,162,418,4.18,0
1803,0,1,2,4,24,True,117,1,142,398,3.98,0
1804,0,1,2,4,18,False,161,5,31,1311,13.11,0
1805,0,1,2,4,7,True,161,5,9,1289,12.89,0
1806,0,1,2,4,18,False,117,5,163,1443,14.43,0
1807,0,1,2,4,18,True,117,5,146,1426,14.26,0
1808,0,1,2,4,28,False,8,0,0,0,0.0,167772160
1809,0,-1,-1,-1,-1,True,-1,-1,-1,-1,-1.0,-1
1810,0,239,0,0,0,False,0,0,10,10,0.1,0
1811,0,-1,-1,-1,-1,True,-1,-1,-1,-1,-1.0,-1
1812,0,110,0,0,0,False,0,0,10,10,0.1,3809481729
1813,0,-1,-1,-1,-1,True,-1,-1,-1,-1,-1.0,-1
1814,0,1,1,4,19,True,232,15,91,3931,39.31,0
1815,0,1,2,4,20,False,12,3,0,768,7.68,167772160
1816,0,-1,-1,-1,-1,True,-1,-1,-1,-1,-1.0,-1
1817,0,192,0,0,0,False,0,0,10,10,0.1,1493570561
1818,0,-1,-1,-1,-1,True,-1,-1,-1,-1,-1.0,-1
1819,0,-1,-1,-1,-1,True,-1,-1,-1,-1,-1.0,-1
1820,0,-1,-1,-1,-1,True,-1,-1,-1,-1,-1.0,-1
1821,0,-1,-1,-1,-1,True,-1,-1,-1,-1,-1.0,-1
1822,0,1,2,4,20,True,89,0,151,151,1.51,0
1823,0,1,2,4,25,False,19,3,172,940,9.4,0
1824,0,1,2,4,14,False,69,8,221,2269,22.69,0
1825,0,1,1,4,34,True,98,3,153,921,9.21,0
1826,0,1,2,4,20,False,9,13,0,3328,33.28,167772160
1827,0,-1,-1,-1,-1,True,-1,-1,-1,-1,-1.0,-1
1828,0,219,0,0,0,False,0,0,10,10,0.1,1225856001
1829,0,-1,-1,-1,-1,True,-1,-1,-1,-1,-1.0,-1
1830,0,-1,-1,-1,-1,True,-1,-1,-1,-1,-1.0,-1
1831,0,-1,-1,-1,-1,True,-1,-1,-1,-1,-1.0,-1
1832,0,-1,-1,-1,-1,True,-1,-1,-1,-1,-1.0,-1
1833,0,1,2,4,14,True,62,11,11,2827,28.27,0
1834,0,1,3,4,23,False,207,0,0,0,0.0,17432576
1835,0,90,0,0,0,False,0,0,10,10,0.1,1
1836,0,60,0,0,0,False,0,0,10,10,0.1,3155760129
1837,0,-1,-1,-1,-1,True,-1,-1,-1,-1,-1.0,-1
1838,0,-1,-1,-1,-1,True,-1,-1,-1,-1,-1.0,-1
1839,0,-1,-1,-1,-1,True,-1,-1,-1,-1,-1.0,-1
1840,0,1,2,4,8,True,188,3,62,830,8.3,0
1841,0,1,2,4,29,False,144,10,12,2572,25.72,0
1842,0,1,2,4,18,True,144,9,250,2554,25.54,0
1843,0,1,2,4,33,False,22,12,223,3295,32.95,0
1844,0,1,2,4,18,True,22,12,204,3276,32.76,0
1845,0,1,2,4,18,False,99,10,114,2674,26.74,0
1846,0,1,2,4,17,True,99,10,93,2653,26.53,0
1847,0,1,2,4,13,False,9,9,0,2304,23.04,167772160
1848,0,-1,-1,-1,-1,True,-1,-1,-1,-1,-1.0,-1
1849,0,86,0,0,0,False,0,0,10,10,0.1,1971201
1850,0,23,0,0,0,False,0,0,10,10,0.1,0
1851,0,-1,-1,-1,-1,True,-1,-1,-1,-1,-1.0,-1
1852,0,2,0,0,0,False,0,0,10,10,0.1,0
1853,0,-1,-1,-1,-1,True,-1,-1,-1,-1,-1.0,-1
1854,0,75,1,0,40,True,0,0,0,0,0.0,68096
1855,0,210,0,0,0,False,0,0,10,10,0.1,5121
1856,0,13,18,4,0,False,0,0,0,0,0.0,2333344010
1857,0,-1,-1,-1,-1,True,-1,-1,-1,-1,-1.0,-1
1858,0,-1,-1,-1,-1,True,-1,-1,-1,-1,-1.0,-1
1859,0,-1,-1,-1,-1,True,-1,-1,-1,-1,-1.0,-1
1860,0,-1,-1,-1,-1,True,-1,-1,-1,-1,-1.0,-1
1861,0,1,2,4,15,False,128,12,2,3074,30.74,220
1862,0,-1,-1,-1,-1,True,-1,-1,-1,-1,-1.0,-1
1863,0,1,2,4,29,True,44,2,200,712,7.12,0
1864,0,1,2,4,25,False,10,13,145,3473,34.73,0
1865,0,1,2,4,18,True,10,13,124,3452,34.52,0
1866,0,1,2,4,24,False,39,13,201,3529,35.29,0
1867,0,1,2,4,20,True,39,13,183,3511,35.11,0
1868,0,1,2,4,26,False,0,14,0,3584,35.84,167772160
1869,0,-1,-1,-1,-1,True,-1,-1,-1,-1,-1.0,-1
1870,0,-1,-1,-1,-1,True,-1,-1,-1,-1,-1.0,-1
1871,0,-1,-1,-1,-1,True,-1,-1,-1,-1,-1.0,-1
1872,0,-1,-1,-1,-1,True,-1,-1,-1,-1,-1.0,-1
1873,0,-1,-1,-1,-1,True,-1,-1,-1,-1,-1.0,-1
1874,0,-1,-1,-1,-1,True,-1,-1,-1,-1,-1.0,-1
1875,0,1,2,4,25,False,107,4,8,1032,10.32,109
1876,0,-1,-1,-1,-1,True,-1,-1,-1,-1,-1.0,-1
1877,0,1,2,4,21,True,244,8,88,2136,21.36,0
1878,0,1,2,4,24,False,175,2,137,649,6.49,0
1879,0,1,2,4,29,True,175,2,120,632,6.32,0
1880,0,1,1,4,25,False,210,10,58,2618,26.18,0
1881,0,1,2,4,0,False,207,6,38,1574,15.74,0
1882,0,1,1,4,26,False,7,0,0,0,0.0,167772160
1883,0,-1,-1,-1,-1,True,-1,-1,-1,-1,-1.0,-1
1884,0,93,0,0,0,False,0,0,10,10,0.1,1
1885,0,86,0,0,0,False,0,0,10,10,0.1,1
1886,0,64,0,0,0,False,0,0,10,10,0.1,1
1887,0,123,0,6,8,True,0,0,0,0,0.0,335612416
1888,0,-1,-1,-1,-1,True,-1,-1,-1,-1,-1.0,-1
1889,0,-1,-1,-1,-1,True,-1,-1,-1,-1,-1.0,-1
1890,0,1,2,4,7,False,100,2,13,525,5.25,0
1891,0,1,2,4,14,True,59,1,251,507,5.07,0
1892,0,1,2,4,23,False,235,15,59,3899,38.99,0
1893,0,1,2,4,6,True,235,15,42,3882,38.82,0
1894,0,1,2,4,27,False,77,4,87,1111,11.11,0
1895,0,1,2,4,7,True,76,4,70,1094,10.94,0
1896,0,1,2,4,0,False,124,12,216,3288,32.88,0
1897,0,1,2,4,10,True,124,12,197,3269,32.69,0
1898,0,1,2,4,17,False,171,9,0,2304,23.04,117
1899,0,-1,-1,-1,-1,True,-1,-1,-1,-1,-1.0,-1
1900,0,1,2,4,11,True,89,0,98,98,0.98,0
1901,0,1,2,4,11,False,10,1,20,276,2.76,3037727767
1902,0,-1,-1,-1,-1,True,-1,-1,-1,-1,-1.0,-1
1903,0,-1,-1,-1,-1,True,-1,-1,-1,-1,-1.0,-1
1904,0,-1,-1,-1,-1,True,-1,-1,-1,-1,-1.0,-1
1905,0,-1,-1,-1,-1,True,-1,-1,-1,-1,-1.0,-1
1906,0,1,1,6,26,False,108,0,178,178,1.78,38420
1907,0,1,1,4,11,True,181,14,6,3590,35.9,0
1908,0,1,13,4,0,False,207,5,120,1400,14.0,0
1909,0,1,2,4,4,True,207,5,100,1380,13.8,0
1910,0,1,2,4,15,False,124,9,100,2404,24.04,0
1911,0,1,2,4,17,True,124,9,81,2385,23.85,0
1912,0,1,2,4,30,False,53,3,57,825,8.25,0
1913,0,1,2,4,29,False,47,14,165,3749,37.49,0
1914,0,1,2,4,7,True,47,14,143,3727,37.27,0
1915,0,1,2,4,28,False,30,12,239,3311,33.11,0
1916,0,1,2,4,22,True,30,12,217,3289,32.89,0
1917,0,1,2,4,29,False,29,0,12,12,0.12,202
1918,0,-1,-1,-1,-1,True,-1,-1,-1,-1,-1.0,-1
1919,0,1,2,4,11,True,80,12,180,3252,32.52,0
1920,0,1,2,4,21,False,192,11,94,2910,29.1,0
1921,0,1,2,4,16,True,192,11,76,2892,28.92,0
1922,0,1,2,4,25,False,156,9,191,2495,24.95,0
1923,0,1,2,4,31,True,156,9,169,2473,24.73,0
1924,0,1,2,4,23,False,3,6,224,1760,17.6,0
1925,0,1,2,4,17,True,3,6,205,1741,17.41,0
1926,0,1,2,4,23,False,10,8,0,2048,20.48,167772160
1927,0,-1,-1,-1,-1,True,-1,-1,-1,-1,-1.0,-1
1928,0,-1,-1,-1,-1,True,-1,-1,-1,-1,-1.0,-1
1929,0,-1,-1,-1,-1,True,-1,-1,-1,-1,-1.0,-1
1930,0,-1,-1,-1,-1,True,-1,-1,-1,-1,-1.0,-1
1931,0,-1,-1,-1,-1,True,-1,-1,-1,-1,-1.0,-1
1932,0,-1,-1,-1,-1,True,-1,-1,-1,-1,-1.0,-1
1933,0,1,2,4,16,True,205,10,3,2563,25.63,0
1934,0,1,2,4,17,True,205,5,76,1356,13.56,0
1935,0,1,2,4,30,False,168,11,156,2972,29.72,0
1936,0,1,2,4,12,True,168,11,139,2955,29.55,0
1937,0,1,2,4,1,False,208,2,171,683,6.83,0
1938,0,1,2,4,16,True,187,11,3,2819,28.19,0
1939,0,1,2,4,6,True,186,10,238,2798,27.98,0
1940,0,1,2,4,14,False,144,5,220,1500,15.0,0
1941,0,1,2,4,17,True,144,5,198,1478,14.78,0
1942,0,1,2,4,7,True,135,4,0,1024,10.24,0
1943,0,1,2,4,20,False,130,15,114,3954,39.54,0
1944,0,1,2,4,8,True,130,15,96,3936,39.36,0
1945,0,1,2,4,29,False,190,14,103,3687,36.87,0
1946,0,1,2,4,17,True,190,14,80,3664,36.64,0
1947,0,1,2,4,15,False,178,13,49,3377,33.77,0
1948,0,1,2,4,4,True,33,7,143,1935,19.35,0
1949,0,1,2,4,7,True,33,7,125,1917,19.17,0
1950,0,1,2,4,16,False,4,11,20,2836,28.36,157
1951,0,-1,-1,-1,-1,True,-1,-1,-1,-1,-1.0,-1
1952,0,1,0,4,4,False,234,4,5,1029,10.29,0
1953,0,1,11,5,12,False,48,10,3,2563,25.63,18
1954,0,1,2,4,11,True,122,2,251,763,7.63,0
1955,0,1,2,4,19,False,68,15,63,3903,39.03,0
1956,0,1,2,4,14,True,67,15,45,3885,38.85,0
1957,0,1,2,4,16,False,14,5,0,1280,12.8,167772160
1958,0,-1,-1,-1,-1,True,-1,-1,-1,-1,-1.0,-1
1959,0,178,0,0,0,False,0,0,10,10,0.1,1344214017
1960,0,-1,-1,-1,-1,True,-1,-1,-1,-1,-1.0,-1
1961,0,-1,-1,-1,-1,True,-1,-1,-1,-1,-1.0,-1
1962,0,-1,-1,-1,-1,True,-1,-1,-1,-1,-1.0,-1
1963,0,-1,-1,-1,-1,True,-1,-1,-1,-1,-1.0,-1
1964,0,1,2,4,23,False,244,5,39,1319,13.19,0
1965,0,1,2,4,3,True,244,5,22,1302,13.02,0
1966,0,1,2,4,23,False,206,2,133,645,6.45,0
1967,0,1,2,4,23,True,206,2,111,623,6.23,0
1968,0,1,2,4,27,False,15,15,0,3840,38.4,167772160
1969,0,-1,-1,-1,-1,True,-1,-1,-1,-1,-1.0,-1
1970,0,221,0,0,0,False,0,0,10,10,0.1,2366706689
1971,0,-1,-1,-1,-1,True,-1,-1,-1,-1,-1.0,-1
1972,0,1,2,4,8,True,141,1,6,262,2.62,0
1973,0,1,2,4,0,False,115,8,142,2190,21.9,0
1974,0,1,2,4,27,True,115,8,123,2171,21.71,0
1975,0,1,2,4,26,False,48,9,15,2319,23.19,60
1976,0,-1,-1,-1,-1,True,-1,-1,-1,-1,-1.0,-1
1977,0,1,2,4,21,True,51,11,53,2869,28.69,0
1978,0,1,2,4,22,False,5,13,0,3328,33.28,167772160
1979,0,-1,-1,-1,-1,True,-1,-1,-1,-1,-1.0,-1
1980,0,-1,-1,-1,-1,True,-1,-1,-1,-1,-1.0,-1
1981,0,1,2,4,30,False,41,11,189,3005,30.05,0
1982,0,1,2,4,33,True,41,11,172,2988,29.88,0
1983,0,1,2,4,2,False,65,11,152,2968,29.68,0
1984,0,1,2,4,25,True,65,11,132,2948,29.48,0
1985,0,1,2,4,26,False,101,14,159,3743,37.43,0
1986,0,1,2,4,12,True,101,14,140,3724,37.24,0
1987,0,1,2,4,29,False,2,15,252,4092,40.92,0
1988,0,1,2,4,23,True,2,15,230,4070,40.7,0
1989,0,1,2,4,31,False,239,15,204,4044,40.44,0
1990,0,1,2,4,6,True,49,15,184,4024,40.24,0
1991,0,1,2,4,20,False,134,13,237,3565,35.65,0
1992,0,1,2,4,15,True,12,5,0,1280,12.8,167772160
1993,0,-1,-1,-1,-1,True,-1,-1,-1,-1,-1.0,-1
1994,0,213,0,0,0,False,0,0,10,10,0.1,3473544193
1995,0,-1,-1,-1,-1,True,-1,-1,-1,-1,-1.0,-1
1996,0,-1,-1,-1,-1,True,-1,-1,-1,-1,-1.0,-1
1997,0,-1,-1,-1,-1,True,-1,-1,-1,-1,-1.0,-1
1998,0,-1,-1,-1,-1,True,-1,-1,-1,-1,-1.0,-1
1999,0,1,2,4,31,True,166,15,9,3849,38.49,0
2000,0,1,2,4,24,False,189,14,170,3754,37.54,0
2001,0,1,2,4,7,True,181,14,149,3733,37.33,0
2002,0,1,2,4,10,False,181,12,5,3077,30.77,75
2003,0,-1,-1,-1,-1,True,-1,-1,-1,-1,-1.0,-1
2004,0,1,2,4,20,True,76,5,57,1337,13.37,0
2005,0,1,1,4,32,False,203,9,126,2430,24.3,0
2006,0,1,2,4,6,False,78,3,7,775,7.75,83
2007,0,-1,-1,-1,-1,True,-1,-1,-1,-1,-1.0,-1
2008,0,1,2,4,7,True,227,7,65,1857,18.57,0
2009,0,1,1,4,4,True,65,3,143,911,9.11,0
2010,0,1,2,4,1,False,150,4,108,1132,11.32,0
2011,0,1,1,4,32,False,2,4,0,1024,10.24,167772160
2012,0,-1,-1,-1,-1,True,-1,-1,-1,-1,-1.0,-1
2013,0,255,0,0,0,False,0,0,10,10,0.1,5121
2014,0,-1,-1,-1,-1,True,-1,-1,-1,-1,-1.0,-1
2015,0,-1,-1,-1,-1,True,-1,-1,-1,-1,-1.0,-1
2016,0,1,2,4,17,True,44,4,46,1070,10.7,0
2017,0,1,2,4,26,False,37,15,134,3974,39.74,0
2018,0,1,2,4,18,True,37,15,114,3954,39.54,0
2019,0,1,2,4,9,False,120,5,55,1335,13.35,0
2020,0,1,2,4,3,True,120,5,35,1315,13.15,0
2021,0,1,2,4,27,False,35,12,0,3072,30.72,113
2022,0,-1,-1,-1,-1,True,-1,-1,-1,-1,-1.0,-1
2023,0,1,1,4,11,True,131,10,37,2597,25.97,0
2024,0,1,2,4,0,False,92,4,21,1045,10.45,0
2025,0,1,16,7,13,True,20,1,135,391,3.91,1358350
2026,0,1,2,2,31,False,12,0,0,0,0.0,0
2027,0,1,19,1,20,False,0,0,0,0,0.0,0
2028,0,1,2,3,30,False,11,12,0,3072,30.72,0
2029,0,1,2,4,12,True,153,12,229,3301,33.01,0
2030,0,1,2,4,7,True,153,12,210,3282,32.82,0
2031,0,1,2,4,26,False,44,15,10,3850,38.5,0
2032,0,1,2,4,10,True,44,14,246,3830,38.3,0
2033,0,1,2,4,23,False,48,2,56,568,5.68,0
2034,0,1,2,4,10,True,48,2,38,550,5.5,0
2035,0,1,1,4,8,False,101,10,190,2750,27.5,0
2036,0,1,2,4,30,False,87,3,9,777,7.77,195
2037,0,-1,-1,-1,-1,True,-1,-1,-1,-1,-1.0,-1
2038,0,1,2,4,15,True,83,9,177,2481,24.81,0
2039,0,1,2,4,29,False,226,7,84,1876,18.76,0
2040,0,1,2,4,33,True,226,9,127,2431,24.31,0
2041,0,1,2,4,4,False,0,2,0,512,5.12,167772160
2042,0,-1,-1,-1,-1,True,-1,-1,-1,-1,-1.0,-1
2043,0,255,0,0,0,False,0,0,10,10,0.1,3995014145
2044,0,-1,-1,-1,-1,True,-1,-1,-1,-1,-1.0,-1
2045,0,1,2,4,5,True,238,15,228,4068,40.68,0
2046,0,1,2,4,21,False,192,15,182,4022,40.22,0
2047,0,1,2,4,34,True,192,15,165,4005,40.05,0
2048,0,1,2,4,27,False,204,0,89,89,0.89,0
2049,0,1,2,4,10,True,204,0,70,70,0.7,0
2050,0,1,2,4,15,False,100,8,212,2260,22.6,0
2051,0,1,2,4,14,False,100,11,231,3047,30.47,0
2052,0,1,2,4,15,True,100,11,209,3025,30.25,0
2053,0,1,2,4,16,True,100,8,193,2241,22.41,0
2054,0,1,2,4,14,True,45,2,136,648,6.48,0
2055,0,1,2,4,15,True,202,3,148,916,9.16,0
2056,0,1,2,4,10,True,202,3,127,895,8.95,0
2057,0,1,2,4,25,False,228,7,191,1983,19.83,0
2058,0,1,2,4,16,True,228,7,170,1962,19.62,0
2059,0,1,2,4,17,False,10,4,0,1024,10.24,167772160
2060,0,-1,-1,-1,-1,True,-1,-1,-1,-1,-1.0,-1
2061,0,178,0,0,0,False,0,0,10,10,0.1,3356365825
2062,0,79,0,0,0,False,0,0,10,10,0.1,3365540865
2063,0,-1,-1,-1,-1,True,-1,-1,-1,-1,-1.0,-1
2064,0,-1,-1,-1,-1,True,-1,-1,-1,-1,-1.0,-1
2065,0,1,2,4,5,False,176,1,4,260,2.6,0
2066,0,1,2,4,14,True,175,0,242,242,2.42,0
2067,0,1,2,4,17,False,38,3,2,770,7.7,89
2068,0,-1,-1,-1,-1,True,-1,-1,-1,-1,-1.0,-1
2069,0,1,2,4,18,True,163,2,72,584,5.84,0
2070,0,1,2,4,26,False,63,6,143,1679,16.79,0
2071,0,1,2,4,15,True,63,6,121,1657,16.57,0
2072,0,1,2,4,8,False,210,0,59,59,0.59,0
2073,0,1,2,4,14,True,210,0,41,41,0.41,0
2074,0,1,2,4,23,False,202,9,4,2308,23.08,0
2075,0,1,2,4,16,True,202,8,241,2289,22.89,0
2076,0,1,2,4,28,False,95,12,10,3082,30.82,0
2077,0,1,2,4,31,True,95,11,247,3063,30.63,0
2078,0,1,2,4,19,False,7,6,0,1536,15.36,167772160
2079,0,-1,-1,-1,-1,True,-1,-1,-1,-1,-1.0,-1
2080,0,112,0,0,0,False,0,0,10,10,0.1,1
2081,0,67,1,6,55,False,0,0,0,0,0.0,335612416
2082,0,-1,-1,-1,-1,True,-1,-1,-1,-1,-1.0,-1
2083,0,-1,-1,-1,-1,True,-1,-1,-1,-1,-1.0,-1
2084,0,-1,-1,-1,-1,True,-1,-1,-1,-1,-1.0,-1
2085,0,1,2,4,17,False,225,15,8,3848,38.48,0
2086,0,1,2,4,12,True,225,14,245,3829,38.29,0
2087,0,1,2,4,27,False,76,11,173,2989,29.89,0
2088,0,1,2,4,19,True,153,11,154,2970,29.7,0
2089,0,1,2,4,4,False,207,6,60,1596,15.96,0
2090,0,1,2,4,10,True,73,6,41,1577,15.77,0
2091,0,1,2,4,15,False,122,10,12,2572,25.72,129
2092,0,-1,-1,-1,-1,True,-1,-1,-1,-1,-1.0,-1
2093,0,1,2,4,4,True,138,12,109,3181,31.81,0
2094,0,1,1,4,10,False,8,0,0,0,0.0,167772160
2095,0,-1,-1,-1,-1,True,-1,-1,-1,-1,-1.0,-1
2096,0,-1,-1,-1,-1,True,-1,-1,-1,-1,-1.0,-1
2097,0,1,2,4,20,False,12,12,10,3082,30.82,24
2098,0,-1,-1,-1,-1,True,-1,-1,-1,-1,-1.0,-1
2099,0,1,2,4,5,True,156,10,2,2562,25.62,0
2100,0,1,2,4,7,False,58,11,229,3045,30.45,0
2101,0,1,2,4,4,True,58,11,208,3024,30.24,0
2102,0,1,1,4,5,True,219,9,27,2331,23.31,0
2103,0,1,2,4,8,False,232,14,58,3642,36.42,0
2104,0,1,1,4,31,False,219,1,79,335,3.35,0
2105,0,1,2,4,61,False,61,4,13,1037,10.37,0
2106,0,1,1,7,1,False,0,2,0,512,5.12,167772160
2107,0,242,0,0,0,False,0,0,10,10,0.1,756618241
2108,0,-1,-1,-1,-1,True,-1,-1,-1,-1,-1.0,-1
2109,0,-1,-1,-1,-1,True,-1,-1,-1,-1,-1.0,-1
2110,0,1,2,4,5,True,48,2,68,580,5.8,0
2111,0,1,2,4,31,False,8,8,0,2048,20.48,167772160
2112,0,-1,-1,-1,-1,True,-1,-1,-1,-1,-1.0,-1
2113,0,247,0,0,0,False,0,0,10,10,0.1,1
2114,0,120,0,0,0,False,0,0,10,10,0.1,4052161537
2115,0,-1,-1,-1,-1,True,-1,-1,-1,-1,-1.0,-1
2116,0,-1,-1,-1,-1,True,-1,-1,-1,-1,-1.0,-1
2117,0,1,2,4,28,False,18,15,12,3852,38.52,243
2118,0,-1,-1,-1,-1,True,-1,-1,-1,-1,-1.0,-1
2119,0,1,2,4,4,True,79,12,225,3297,32.97,0
2120,0,1,2,4,2,False,119,7,1,1793,17.93,0
2121,0,1,2,4,22,True,119,6,237,1773,17.73,0
2122,0,1,2,4,32,False,243,8,164,2212,22.12,0
2123,0,1,2,4,5,True,243,8,143,2191,21.91,0
2124,0,1,2,4,1,False,160,15,225,4065,40.65,0
2125,0,1,2,4,11,True,160,15,204,4044,40.44,0
2126,0,1,2,4,10,False,2,8,0,2048,20.48,167772160
2127,0,-1,-1,-1,-1,True,-1,-1,-1,-1,-1.0,-1
2128,0,-1,-1,-1,-1,True,-1,-1,-1,-1,-1.0,-1
2129,0,-1,-1,-1,-1,True,-1,-1,-1,-1,-1.0,-1
2130,0,-1,-1,-1,-1,True,-1,-1,-1,-1,-1.0,-1
2131,0,-1,-1,-1,-1,True,-1,-1,-1,-1,-1.0,-1
2132,0,1,2,4,20,False,135,15,2,3842,38.42,0
2133,0,1,2,3,4,False,26,12,0,3072,30.72,0
2134,0,1,2,1,46,False,0,0,0,0,0.0,0
2135,0,1,2,4,16,True,12,9,25,2329,23.29,0
2136,0,1,2,4,14,False,11,9,7,2311,23.11,57
2137,0,-1,-1,-1,-1,True,-1,-1,-1,-1,-1.0,-1
2138,0,1,2,4,1,False,168,15,44,3884,38.84,0
2139,0,1,2,4,29,True,169,7,38,1830,18.3,0
2140,0,1,2,4,30,True,168,15,24,3864,38.64,0
2141,0,1,2,4,32,False,11,1,0,256,2.56,167772160
2142,0,-1,-1,-1,-1,True,-1,-1,-1,-1,-1.0,-1
2143,0,139,0,0,0,False,0,0,10,10,0.1,739185665
2144,0,-1,-1,-1,-1,True,-1,-1,-1,-1,-1.0,-1
2145,0,-1,-1,-1,-1,True,-1,-1,-1,-1,-1.0,-1
2146,0,-1,-1,-1,-1,True,-1,-1,-1,-1,-1.0,-1
2147,0,-1,-1,-1,-1,True,-1,-1,-1,-1,-1.0,-1
2148,0,1,2,4,16,True,44,10,201,2761,27.61,0
2149,0,1,2,4,29,False,171,11,35,2851,28.51,0
2150,0,1,2,4,14,True,171,11,14,2830,28.3,0
2151,0,1,2,4,32,False,85,12,124,3196,31.96,0
2152,0,1,2,4,5,True,147,12,107,3179,31.79,0
2153,0,1,2,4,30,False,222,13,81,3409,34.09,0
2154,0,1,2,4,13,True,133,13,65,3393,33.93,0
2155,0,1,2,4,16,False,207,15,123,3963,39.63,0
2156,0,1,2,4,9,True,207,15,102,3942,39.42,0
2157,0,1,2,4,20,False,21,14,32,3616,36.16,0
2158,0,1,2,4,19,True,21,14,13,3597,35.97,0
2159,0,1,2,4,26,False,78,1,237,493,4.93,0
2160,0,1,2,4,32,True,128,1,216,472,4.72,0
2161,0,1,2,4,32,False,156,9,4,2308,23.08,140
2162,0,-1,-1,-1,-1,True,-1,-1,-1,-1,-1.0,-1
2163,0,1,2,4,15,True,89,2,155,667,6.67,0
2164,0,1,2,4,7,False,72,0,198,198,1.98,0
2165,0,1,2,4,10,True,72,13,13,3341,33.41,73
2166,0,-1,-1,-1,-1,True,-1,-1,-1,-1,-1.0,-1
2167,0,1,2,4,13,True,253,13,57,3385,33.85,0
2168,0,1,2,4,31,False,151,0,11,11,0.11,0
2169,0,1,2,4,31,True,151,15,250,4090,40.9,0
2170,0,1,2,4,12,False,199,0,221,221,2.21,0
2171,0,1,2,4,13,True,199,0,203,203,2.03,0
2172,0,1,2,4,19,False,61,7,147,1939,19.39,0
2173,0,1,2,4,17,True,61,7,128,1920,19.2,0
2174,0,1,2,4,9,False,101,14,152,3736,37.36,0
2175,0,1,2,4,6,True,101,14,132,3716,37.16,0
2176,0,1,2,4,15,False,114,13,101,3429,34.29,0
2177,0,1,2,4,25,True,114,13,83,3411,34.11,0
2178,0,1,2,4,20,False,186,11,32,2848,28.48,0
2179,0,1,2,4,26,True,186,11,146,2962,29.62,0
2180,0,1,2,4,8,True,44,11,125,2941,29.41,0
2181,0,1,2,4,30,False,104,11,248,3064,30.64,0
2182,0,1,2,4,4,True,104,11,230,3046,30.46,0
2183,0,1,2,4,15,False,221,6,247,1783,17.83,0
2184,0,1,2,4,25,True,221,6,229,1765,17.65,0
2185,0,1,2,4,31,False,13,4,116,1140,11.4,0
2186,0,1,2,4,6,True,37,4,99,1123,11.23,0
2187,0,1,2,4,23,False,98,12,153,3225,32.25,0
2188,0,1,2,4,6,False,96,14,204,3788,37.88,0
2189,0,1,2,4,9,False,96,1,157,413,4.13,0
2190,0,1,2,4,13,True,96,1,135,391,3.91,0
2191,0,1,2,4,18,False,222,2,14,526,5.26,94
2192,0,-1,-1,-1,-1,True,-1,-1,-1,-1,-1.0,-1
2193,0,1,2,4,4,False,153,4,21,1045,10.45,0
2194,0,1,10,4,20,False,20,3,0,768,7.68,0
2195,0,1,25,2,20,False,145,0,0,0,0.0,0
2196,0,1,10,3,0,False,185,4,0,1024,10.24,0
2197,0,1,2,4,26,True,1,9,20,2324,23.24,0
2198,0,1,18,6,26,True,1,7,20,1812,18.12,53271
2199,0,1,1,4,62,True,20,12,208,3280,32.8,0
2200,0,1,1,4,42,True,20,5,208,1488,14.88,0
2201,0,1,1,0,0,False,0,0,0,0,0.0,0
2202,0,1,26,3,20,False,139,0,0,0,0.0,0
2203,0,1,1,0,0,False,0,0,0,0,0.0,0
2204,0,1,23,7,20,False,21,8,14,2062,20.62,1446979
2205,0,1,22,7,1,False,1,10,0,2560,25.6,167772160
2206,0,-1,-1,-1,-1,True,-1,-1,-1,-1,-1.0,-1
2207,0,-1,-1,-1,-1,True,-1,-1,-1,-1,-1.0,-1
2208,0,-1,-1,-1,-1,True,-1,-1,-1,-1,-1.0,-1
2209,0,-1,-1,-1,-1,True,-1,-1,-1,-1,-1.0,-1
2210,0,-1,-1,-1,-1,True,-1,-1,-1,-1,-1.0,-1
2211,0,1,2,4,21,False,180,13,55,3383,33.83,0
2212,0,1,2,4,10,True,180,13,37,3365,33.65,0
2213,0,1,2,4,17,False,123,6,195,1731,17.31,0
2214,0,1,2,4,16,False,25,10,13,2573,25.73,0
2215,0,1,6,5,20,False,132,10,13,2573,25.73,32
2216,0,1,2,4,21,False,66,15,119,3959,39.59,0
2217,0,1,2,4,21,True,66,15,103,3943,39.43,0
2218,0,1,2,4,11,False,199,7,176,1968,19.68,0
2219,0,1,2,4,13,True,199,7,155,1947,19.47,0
2220,0,1,2,4,21,False,58,11,14,2830,28.3,192
2221,0,-1,-1,-1,-1,True,-1,-1,-1,-1,-1.0,-1
2222,0,1,2,4,21,False,18,5,167,1447,14.47,0
2223,0,1,2,4,8,True,18,5,149,1429,14.29,0
2224,0,1,2,4,9,True,18,5,80,1360,13.6,0
2225,0,1,2,4,28,False,93,13,100,3428,34.28,0
2226,0,1,2,4,30,False,92,4,76,1100,11.0,0
2227,0,1,2,4,31,True,93,4,43,1067,10.67,0
2228,0,1,2,4,29,False,92,14,162,3746,37.46,0
2229,0,1,2,4,32,True,66,5,235,1515,15.15,0
2230,0,1,2,4,14,True,66,5,217,1497,14.97,0
2231,0,1,2,4,19,False,140,7,191,1983,19.83,0
2232,0,1,2,4,18,True,140,8,12,2060,20.6,80
2233,0,-1,-1,-1,-1,True,-1,-1,-1,-1,-1.0,-1
2234,0,1,2,4,25,True,159,12,175,3247,32.47,0
2235,0,1,2,4,19,False,7,3,0,768,7.68,167772160
2236,0,-1,-1,-1,-1,True,-1,-1,-1,-1,-1.0,-1
2237,0,7,7,6,0,False,0,0,0,0,0.0,454295818
2238,0,-1,-1,-1,-1,True,-1,-1,-1,-1,-1.0,-1
2239,0,-1,-1,-1,-1,True,-1,-1,-1,-1,-1.0,-1
2240,0,-1,-1,-1,-1,True,-1,-1,-1,-1,-1.0,-1
2241,0,-1,-1,-1,-1,True,-1,-1,-1,-1,-1.0,-1
2242,0,1,2,4,8,True,49,11,249,3065,30.65,0
2243,0,1,2,4,9,True,48,8,161,2209,22.09,0
2244,0,1,2,4,31,False,9,9,0,2304,23.04,167772160
2245,0,-1,-1,-1,-1,True,-1,-1,-1,-1,-1.0,-1
2246,0,84,0,0,0,False,0,0,10,10,0.1,1709057
2247,0,34,0,0,0,False,0,0,10,10,0.1,1955337217
2248,0,-1,-1,-1,-1,True,-1,-1,-1,-1,-1.0,-1
2249,0,-1,-1,-1,-1,True,-1,-1,-1,-1,-1.0,-1
2250,0,-1,-1,-1,-1,True,-1,-1,-1,-1,-1.0,-1
2251,0,1,2,4,31,True,115,5,75,1355,13.55,0
2252,0,1,2,4,29,False,210,9,238,2542,25.42,0
2253,0,1,2,4,13,True,210,9,217,2521,25.21,0
2254,0,1,2,4,1,False,8,13,0,3328,33.28,167772160
2255,0,-1,-1,-1,-1,True,-1,-1,-1,-1,-1.0,-1
2256,0,173,0,0,0,False,0,0,10,10,0.1,5121
2257,0,-1,-1,-1,-1,True,-1,-1,-1,-1,-1.0,-1
2258,0,-1,-1,-1,-1,True,-1,-1,-1,-1,-1.0,-1
2259,0,-1,-1,-1,-1,True,-1,-1,-1,-1,-1.0,-1
2260,0,-1,-1,-1,-1,True,-1,-1,-1,-1,-1.0,-1
2261,0,-1,-1,-1,-1,True,-1,-1,-1,-1,-1.0,-1
2262,0,1,2,4,34,True,94,0,144,144,1.44,0
2263,0,1,2,4,20,False,156,8,183,2231,22.31,0
2264,0,1,2,4,13,True,155,8,166,2214,22.14,0
2265,0,1,2,4,20,False,112,15,151,3991,39.91,0
2266,0,1,2,4,4,True,95,15,133,3973,39.73,0
2267,0,1,2,4,5,False,208,5,9,1289,12.89,184
2268,0,-1,-1,-1,-1,True,-1,-1,-1,-1,-1.0,-1
2269,0,1,2,4,9,True,197,9,162,2466,24.66,0
2270,0,1,2,4,27,False,107,12,191,3263,32.63,0
2271,0,1,2,4,22,True,107,12,174,3246,32.46,0
2272,0,1,2,4,22,False,9,6,50,1586,15.86,0
2273,0,1,2,4,10,True,9,6,32,1568,15.68,0
2274,0,1,2,4,17,False,220,0,73,73,0.73,0
2275,0,1,2,4,29,True,220,0,55,55,0.55,0
2276,0,1,2,4,20,False,170,6,129,1665,16.65,0
2277,0,1,2,4,9,True,170,6,107,1643,16.43,0
2278,0,1,2,4,32,False,152,2,218,730,7.3,0
2279,0,1,2,4,23,False,151,4,49,1073,10.73,0
2280,0,1,2,4,13,True,60,3,80,848,8.48,0
2281,0,1,2,4,5,True,60,3,59,827,8.27,0
2282,0,1,2,4,26,False,5,2,0,512,5.12,167772160
2283,0,-1,-1,-1,-1,True,-1,-1,-1,-1,-1.0,-1
2284,0,-1,-1,-1,-1,True,-1,-1,-1,-1,-1.0,-1
2285,0,-1,-1,-1,-1,True,-1,-1,-1,-1,-1.0,-1
2286,0,-1,-1,-1,-1,True,-1,-1,-1,-1,-1.0,-1
2287,0,-1,-1,-1,-1,True,-1,-1,-1,-1,-1.0,-1
2288,0,-1,-1,-1,-1,True,-1,-1,-1,-1,-1.0,-1
2289,0,1,2,4,24,False,147,8,245,2293,22.93,0
2290,0,1,2,4,24,True,147,8,229,2277,22.77,0
2291,0,1,2,4,21,False,137,1,202,458,4.58,0
2292,0,1,2,4,18,True,137,1,184,440,4.4,0
2293,0,1,1,4,29,False,66,14,248,3832,38.32,0
2294,0,1,2,4,23,False,209,9,156,2460,24.6,0
2295,0,1,1,4,30,False,65,3,11,779,7.79,248
2296,0,-1,-1,-1,-1,True,-1,-1,-1,-1,-1.0,-1
2297,0,1,2,4,18,True,163,11,220,3036,30.36,0
2298,0,1,2,4,27,False,33,4,69,1093,10.93,0
2299,0,1,2,4,6,True,33,4,52,1076,10.76,0
2300,0,1,2,4,22,False,0,0,10,10,0.1,4060091393
2301,0,215,0,0,0,False,0,0,10,10,0.1,4069528577
2302,0,195,0,0,0,False,0,0,10,10,0.1,4077917185
2303,0,-1,-1,-1,-1,True,-1,-1,-1,-1,-1.0,-1
2304,0,-1,-1,-1,-1,True,-1,-1,-1,-1,-1.0,-1
2305,0,-1,-1,-1,-1,True,-1,-1,-1,-1,-1.0,-1
2306,0,-1,-1,-1,-1,True,-1,-1,-1,-1,-1.0,-1
2307,0,1,2,4,23,True,243,1,247,503,5.03,0
2308,0,1,2,4,24,True,243,13,192,3520,35.2,0
2309,0,1,2,4,31,False,214,7,184,1976,19.76,0
2310,0,1,2,4,21,True,214,7,163,1955,19.55,0
2311,0,1,2,4,6,True,86,13,23,3351,33.51,0
2312,0,1,2,4,18,False,86,4,166,1190,11.9,0
2313,0,1,2,4,17,False,86,14,174,3758,37.58,0
2314,0,1,2,4,7,True,85,14,155,3739,37.39,0
2315,0,1,2,4,29,False,44,10,1,2561,25.61,151196948
2316,0,-1,-1,-1,-1,True,-1,-1,-1,-1,-1.0,-1
2317,0,-1,-1,-1,-1,True,-1,-1,-1,-1,-1.0,-1
2318,0,-1,-1,-1,-1,True,-1,-1,-1,-1,-1.0,-1
2319,0,1,2,4,7,True,3,8,240,2288,22.88,0
2320,0,1,2,4,13,False,109,14,103,3687,36.87,0
2321,0,1,2,4,3,True,109,14,86,3670,36.7,0
2322,0,1,2,4,15,False,189,7,98,1890,18.9,0
2323,0,1,2,4,6,False,189,13,127,3455,34.55,0
2324,0,1,2,4,33,True,189,7,82,1874,18.74,0
2325,0,1,2,4,34,True,189,13,109,3437,34.37,0
2326,0,1,2,4,0,False,123,7,90,1882,18.82,0
2327,0,1,2,4,4,True,123,7,71,1863,18.63,0
2328,0,1,2,4,13,False,112,11,148,2964,29.64,0
2329,0,1,2,4,10,True,112,11,130,2946,29.46,0
2330,0,1,2,4,28,False,187,12,42,3114,31.14,0
2331,0,1,2,4,13,True,187,12,22,3094,30.94,0
2332,0,1,2,4,9,False,57,6,24,1560,15.6,0
2333,0,1,2,4,6,True,57,6,4,1540,15.4,0
2334,0,1,2,4,20,False,150,5,197,1477,14.77,0
2335,0,1,2,4,3,True,150,5,181,1461,14.61,0
2336,0,1,2,4,19,False,185,15,82,3922,39.22,0
2337,0,1,2,4,13,True,185,15,65,3905,39.05,0
2338,0,1,2,4,29,False,15,12,0,3072,30.72,167772160
2339,0,-1,-1,-1,-1,True,-1,-1,-1,-1,-1.0,-1
2340,0,74,0,0,0,False,0,0,10,10,0.1,672797697
2341,0,-1,-1,-1,-1,True,-1,-1,-1,-1,-1.0,-1
2342,0,1,2,4,14,True,39,14,171,3755,37.55,0
2343,0,1,2,4,13,False,129,13,156,3484,34.84,0
2344,0,1,2,4,8,True,129,13,137,3465,34.65,0
2345,0,1,2,4,23,False,95,2,91,603,6.03,0
2346,0,1,2,4,16,True,46,10,239,2799,27.99,0
2347,0,1,2,4,25,False,46,15,238,4078,40.78,0
2348,0,1,2,4,15,True,46,15,216,4056,40.56,0
2349,0,1,2,4,0,False,184,4,136,1160,11.6,5179523
2350,0,-1,-1,-1,-1,True,-1,-1,-1,-1,-1.0,-1
2351,0,-1,-1,-1,-1,True,-1,-1,-1,-1,-1.0,-1
2352,0,-1,-1,-1,-1,True,-1,-1,-1,-1,-1.0,-1
2353,0,1,2,4,18,False,252,10,162,2722,27.22,0
2354,0,1,2,4,8,True,252,10,140,2700,27.0,0
2355,0,1,2,4,25,True,161,0,130,130,1.3,0
2356,0,1,2,4,16,False,161,6,159,1695,16.95,0
2357,0,1,2,4,10,True,229,6,141,1677,16.77,0
2358,0,1,2,4,24,False,150,1,227,483,4.83,10240
2359,0,-1,-1,-1,-1,True,-1,-1,-1,-1,-1.0,-1
2360,0,-1,-1,-1,-1,True,-1,-1,-1,-1,-1.0,-1
2361,0,1,2,4,8,True,227,0,20,20,0.2,0
2362,0,1,2,4,25,False,42,12,191,3263,32.63,0
2363,0,1,2,4,23,True,243,12,173,3245,32.45,0
2364,0,1,2,4,13,False,15,3,227,995,9.95,0
2365,0,1,2,4,7,True,52,7,202,1994,19.94,0
2366,0,1,2,4,14,True,154,0,237,237,2.37,0
2367,0,1,2,4,32,False,204,14,142,3726,37.26,0
2368,0,1,2,4,12,True,204,14,120,3704,37.04,0
2369,0,1,2,4,31,False,214,2,169,681,6.81,0
2370,0,1,2,4,5,True,130,2,149,661,6.61,0
2371,0,1,2,4,18,False,144,4,8,1032,10.32,0
2372,0,1,2,4,8,True,144,3,243,1011,10.11,0
2373,0,1,2,4,17,False,231,7,246,2038,20.38,0
2374,0,1,2,4,9,True,231,7,226,2018,20.18,0
2375,0,1,2,4,28,False,101,15,90,3930,39.3,0
2376,0,1,2,4,29,True,101,15,71,3911,39.11,0
2377,0,1,2,4,16,False,187,14,89,3673,36.73,0
2378,0,1,2,4,19,True,187,14,68,3652,36.52,0
2379,0,1,2,4,15,False,159,4,104,1128,11.28,0
2380,0,1,2,4,6,True,159,10,105,2665,26.65,0
2381,0,1,2,4,12,True,26,10,86,2646,26.46,0
2382,0,1,2,4,19,False,72,6,226,1762,17.62,11
2383,0,-1,-1,-1,-1,True,-1,-1,-1,-1,-1.0,-1
2384,0,1,26,1,20,False,0,0,0,0,0.0,0
2385,0,1,18,2,33,True,11,0,0,0,0.0,0
2386,0,1,23,6,20,False,16,6,2,1538,15.38,5264
2387,0,1,18,5,38,True,2,12,20,3092,30.92,4
2388,0,1,11,0,0,False,0,0,0,0,0.0,0
2389,0,1,0,4,56,True,20,13,192,3520,35.2,0
2390,0,1,1,5,13,False,20,5,192,1472,14.72,13
2391,0,1,7,2,20,False,23,0,0,0,0.0,0
2392,0,1,6,3,9,False,14,4,0,1024,10.24,0
2393,0,1,17,7,51,False,8,9,20,2324,23.24,569632
2394,0,1,19,3,20,False,165,11,201,3017,30.17,0
2395,0,-1,-1,-1,-1,True,-1,-1,-1,-1,-1.0,-1
2396,0,1,2,4,10,True,165,11,183,2999,29.99,0
2397,0,1,2,4,25,False,221,2,234,746,7.46,0
2398,0,1,2,4,10,True,221,2,212,724,7.24,0
2399,0,1,2,4,9,False,38,4,129,1153,11.53,0
2400,0,1,2,4,12,True,38,4,108,1132,11.32,0
2401,0,1,2,4,1,False,126,14,97,3681,36.81,0
2402,0,1,2,4,17,True,126,14,74,3658,36.58,0
2403,0,1,2,4,19,True,14,9,86,2390,23.9,0
2404,0,1,2,4,20,False,12,9,12,2316,23.16,131
2405,0,-1,-1,-1,-1,True,-1,-1,-1,-1,-1.0,-1
2406,0,1,2,4,9,True,201,12,111,3183,31.83,0
2407,0,1,2,4,28,False,196,10,192,2752,27.52,0
2408,0,1,2,4,10,True,196,10,170,2730,27.3,0
2409,0,1,2,4,21,False,3,11,103,2919,29.19,0
2410,0,1,2,4,13,True,3,11,85,2901,29.01,0
2411,0,1,2,4,28,False,10,13,0,3328,33.28,167772160
2412,0,-1,-1,-1,-1,True,-1,-1,-1,-1,-1.0,-1
2413,0,77,0,0,0,False,0,0,10,10,0.1,3205567489
2414,0,30,0,0,0,False,0,0,10,10,0.1,3213759489
2415,0,0,0,0,0,False,0,10,1,2561,25.61,140384788
2416,0,-1,-1,-1,-1,True,-1,-1,-1,-1,-1.0,-1
2417,0,-1,-1,-1,-1,True,-1,-1,-1,-1,-1.0,-1
2418,0,-1,-1,-1,-1,True,-1,-1,-1,-1,-1.0,-1
2419,0,-1,-1,-1,-1,True,-1,-1,-1,-1,-1.0,-1
2420,0,1,2,4,31,True,57,8,87,2135,21.35,0
2421,0,1,2,4,27,False,209,5,47,1327,13.27,0
2422,0,1,2,4,30,True,209,5,30,1310,13.1,0
2423,0,1,2,4,15,False,187,14,253,3837,38.37,0
2424,0,1,2,4,25,True,186,14,235,3819,38.19,0
2425,0,1,2,4,10,False,80,15,129,3969,39.69,0
2426,0,1,2,4,12,False,78,7,56,1848,18.48,0
2427,0,1,2,4,4,True,78,7,38,1830,18.3,0
2428,0,1,2,4,30,False,194,11,171,2987,29.87,0
2429,0,1,2,4,5,True,194,11,153,2969,29.69,0
2430,0,1,2,4,28,False,32,4,6,1030,10.3,0
2431,0,1,13,2,20,False,158,0,0,0,0.0,0
2432,0,1,30,4,6,False,84,4,25,1049,10.49,0
2433,0,1,17,3,14,False,121,4,0,1024,10.24,0
2434,0,1,17,1,11,True,0,0,0,0,0.0,0
2435,0,1,1,6,36,False,20,1,225,481,4.81,55306
2436,0,1,2,4,16,False,96,12,59,3131,31.31,0
2437,0,1,2,4,8,True,96,12,39,3111,31.11,0
2438,0,1,2,4,32,False,250,14,55,3639,36.39,0
2439,0,1,2,4,13,True,250,14,34,3618,36.18,0
2440,0,1,2,4,14,False,5,12,0,3072,30.72,167772160
2441,0,-1,-1,-1,-1,True,-1,-1,-1,-1,-1.0,-1
2442,0,-1,-1,-1,-1,True,-1,-1,-1,-1,-1.0,-1
2443,0,1,2,4,21,False,175,11,186,3002,30.02,0
2444,0,1,2,4,16,True,175,11,169,2985,29.85,0
2445,0,1,2,4,33,False,251,13,2,3330,33.3,81
2446,0,-1,-1,-1,-1,True,-1,-1,-1,-1,-1.0,-1
2447,0,1,2,4,16,True,221,2,59,571,5.71,0
2448,0,1,3,4,23,False,120,12,84,3156,31.56,0
2449,0,1,2,4,19,False,83,10,220,2780,27.8,0
2450,0,1,2,4,17,True,82,10,201,2761,27.61,0
2451,0,1,2,4,31,False,12,9,250,2554,25.54,0
2452,0,1,2,4,26,True,2,15,15,3855,38.55,0
2453,0,1,2,4,10,False,234,15,228,4068,40.68,0
2454,0,1,2,4,12,True,178,0,13,13,0.13,0
2455,0,1,2,4,17,False,115,9,169,2473,24.73,0
2456,0,1,2,4,7,True,115,9,149,2453,24.53,0
2457,0,1,2,4,14,False,96,14,234,3818,38.18,0
2458,0,1,2,4,23,True,103,8,187,2235,22.35,0
2459,0,1,2,4,5,False,161,13,138,3466,34.66,0
2460,0,1,2,4,16,True,161,13,121,3449,34.49,0
2461,0,1,2,4,2,False,16,6,29,1565,15.65,0
2462,0,1,2,4,28,True,16,6,10,1546,15.46,0
2463,0,1,2,4,23,False,108,13,18,3346,33.46,0
2464,0,1,2,4,3,True,108,13,0,3328,33.28,0
2465,0,1,2,4,15,True,83,14,191,3775,37.75,0
2466,0,1,2,4,23,False,83,8,153,2201,22.01,0
2467,0,1,2,4,16,True,83,4,12,1036,10.36,112
2468,0,-1,-1,-1,-1,True,-1,-1,-1,-1,-1.0,-1
2469,0,1,2,4,29,False,82,13,10,3338,33.38,0
2470,0,1,2,4,4,True,81,12,245,3317,33.17,0
2471,0,1,2,4,7,True,43,15,252,4092,40.92,0
2472,0,1,2,4,33,False,197,5,85,1365,13.65,0
2473,0,1,2,4,27,True,197,8,5,2053,20.53,11
2474,0,-1,-1,-1,-1,True,-1,-1,-1,-1,-1.0,-1
2475,0,1,2,4,5,False,66,11,127,2943,29.43,0
2476,0,1,2,4,3,True,66,11,111,2927,29.27,0
2477,0,1,2,4,7,False,68,10,121,2681,26.81,0
2478,0,1,2,4,7,True,68,10,104,2664,26.64,0
2479,0,1,2,4,22,False,187,4,173,1197,11.97,0
2480,0,1,2,4,23,False,187,10,145,2705,27.05,0
2481,0,1,2,4,19,True,187,15,4,3844,38.44,247
2482,0,-1,-1,-1,-1,True,-1,-1,-1,-1,-1.0,-1
2483,0,1,2,4,21,True,207,4,228,1252,12.52,0
2484,0,1,2,4,14,False,252,13,167,3495,34.95,0
2485,0,1,2,4,9,True,252,13,146,3474,34.74,0
2486,0,1,2,4,5,False,171,5,54,1334,13.34,0
2487,0,1,2,4,18,True,171,8,37,2085,20.85,0
2488,0,1,2,4,13,True,116,8,18,2066,20.66,0
2489,0,1,2,4,15,False,5,0,206,206,2.06,0
2490,0,1,2,4,8,True,5,0,187,187,1.87,0
2491,0,1,2,4,22,False,195,2,7,519,5.19,100
2492,0,-1,-1,-1,-1,True,-1,-1,-1,-1,-1.0,-1
2493,0,1,2,4,6,True,66,7,83,1875,18.75,0
2494,0,1,2,4,16,False,102,3,25,793,7.93,0
2495,0,1,2,4,19,True,102,3,3,771,7.71,0
2496,0,1,2,4,2,False,48,13,14,3342,33.42,0
2497,0,1,2,4,9,True,48,12,249,3321,33.21,0
2498,0,1,2,4,6,False,3,0,0,0,0.0,167772160
2499,0,-1,-1,-1,-1,True,-1,-1,-1,-1,-1.0,-1
2500,0,101,0,0,0,False,0,0,10,10,0.1,2215384065
2501,0,-1,-1,-1,-1,True,-1,-1,-1,-1,-1.0,-1
2502,0,-1,-1,-1,-1,True,-1,-1,-1,-1,-1.0,-1
2503,0,-1,-1,-1,-1,True,-1,-1,-1,-1,-1.0,-1
2504,0,-1,-1,-1,-1,True,-1,-1,-1,-1,-1.0,-1
2505,0,1,2,4,13,True,166,6,45,1581,15.81,0
2506,0,1,2,4,17,True,166,6,22,1558,15.58,0
2507,0,1,2,4,25,False,73,9,20,2324,23.24,0
2508,0,1,2,4,19,True,73,8,252,2300,23.0,0
2509,0,1,2,4,24,False,74,9,75,2379,23.79,0
2510,0,1,2,4,23,False,72,0,57,57,0.57,0
2511,0,1,2,4,17,True,72,0,37,37,0.37,0
2512,0,1,2,4,18,True,74,9,57,2361,23.61,0
2513,0,1,2,4,5,False,204,5,137,1417,14.17,0
2514,0,1,2,4,4,False,204,9,5,2309,23.09,0
2515,0,1,2,4,11,True,204,8,242,2290,22.9,0
2516,0,1,2,4,17,False,20,6,15,1551,15.51,240
2517,0,-1,-1,-1,-1,True,-1,-1,-1,-1,-1.0,-1
2518,0,1,2,4,9,False,204,11,169,2985,29.85,0
2519,0,1,2,4,11,True,204,11,147,2963,29.63,0
2520,0,1,2,4,21,False,4,1,0,256,2.56,167772160
2521,0,-1,-1,-1,-1,True,-1,-1,-1,-1,-1.0,-1
2522,0,-1,-1,-1,-1,True,-1,-1,-1,-1,-1.0,-1
2523,0,-1,-1,-1,-1,True,-1,-1,-1,-1,-1.0,-1
2524,0,1,2,4,26,False,46,0,68,68,0.68,0
2525,0,1,2,4,17,True,46,0,47,47,0.47,0
2526,0,1,2,4,30,False,235,2,138,650,6.5,0
2527,0,1,2,4,8,False,222,6,148,1684,16.84,0
2528,0,1,2,4,6,True,222,5,158,1438,14.38,0
2529,0,1,2,4,7,True,222,6,123,1659,16.59,0
2530,0,1,2,4,29,False,55,9,99,2403,24.03,0
2531,0,1,2,4,17,False,247,9,183,2487,24.87,0
2532,0,1,2,4,18,False,246,0,183,183,1.83,0
2533,0,1,2,4,14,True,246,0,163,163,1.63,0
2534,0,1,2,4,29,False,146,2,8,520,5.2,42
2535,0,-1,-1,-1,-1,True,-1,-1,-1,-1,-1.0,-1
2536,0,1,2,4,12,True,146,8,20,2068,20.68,0
2537,0,1,2,4,25,False,87,14,5,3589,35.89,0
2538,0,1,2,4,16,True,87,7,130,1922,19.22,0
2539,0,1,2,4,16,True,48,7,111,1903,19.03,0
2540,0,1,2,4,25,False,251,8,186,2234,22.34,0
2541,0,1,2,4,33,True,251,8,167,2215,22.15,0
2542,0,1,2,4,18,False,234,9,92,2396,23.96,0
2543,0,1,2,4,10,True,234,9,71,2375,23.75,0
2544,0,1,2,4,22,False,252,15,27,3867,38.67,0
2545,0,1,2,4,31,True,252,15,9,3849,38.49,0
2546,0,1,2,4,29,False,201,11,253,3069,30.69,0
2547,0,1,2,4,15,True,167,11,234,3050,30.5,0
2548,0,1,2,4,17,False,150,0,202,202,2.02,0
2549,0,1,2,4,12,True,164,0,180,180,1.8,0
2550,0,1,2,4,25,False,29,11,67,2883,28.83,0
2551,0,1,2,4,6,True,29,11,47,2863,28.63,0
2552,0,1,2,4,24,False,12,8,25,2073,20.73,0
2553,0,1,2,4,21,True,12,8,6,2054,20.54,0
2554,0,1,2,4,30,False,11,15,191,4031,40.31,0
2555,0,1,2,4,15,True,11,15,171,4011,40.11,0
2556,0,1,2,4,26,False,128,4,209,1233,12.33,0
2557,0,1,2,4,19,True,128,4,186,1210,12.1,0
2558,0,1,2,4,0,False,172,6,161,1697,16.97,0
2559,0,1,2,4,26,True,27,6,142,1678,16.78,0
2560,0,1,2,4,32,False,60,6,12,1548,15.48,132
2561,0,-1,-1,-1,-1,True,-1,-1,-1,-1,-1.0,-1
2562,0,1,2,4,7,True,230,12,113,3185,31.85,0
2563,0,1,2,4,27,False,222,12,226,3298,32.98,0
2564,0,1,2,4,9,True,222,7,13,1805,18.05,102
2565,0,-1,-1,-1,-1,True,-1,-1,-1,-1,-1.0,-1
2566,0,1,2,4,9,True,247,13,83,3411,34.11,0
2567,0,1,2,4,15,False,165,13,45,3373,33.73,0
2568,0,1,2,4,5,True,165,13,25,3353,33.53,0
2569,0,1,2,4,19,False,129,1,112,368,3.68,0
2570,0,1,2,4,15,True,129,1,92,348,3.48,0
2571,0,1,2,4,26,False,248,7,133,1925,19.25,0
2572,0,1,2,4,9,True,248,7,113,1905,19.05,0
2573,0,1,2,4,16,False,228,7,198,1990,19.9,0
2574,0,1,2,4,7,True,228,7,179,1971,19.71,0
2575,0,1,2,4,32,False,211,6,28,1564,15.64,0
2576,0,1,2,4,33,True,211,6,8,1544,15.44,0
2577,0,1,2,4,19,False,104,0,58,58,0.58,0
2578,0,1,2,4,18,False,103,4,127,1151,11.51,0
2579,0,1,2,4,10,True,103,4,106,1130,11.3,0
2580,0,1,2,4,24,False,13,13,15,3343,33.43,186
2581,0,-1,-1,-1,-1,True,-1,-1,-1,-1,-1.0,-1
2582,0,1,2,4,26,False,127,10,100,2660,26.6,0
2583,0,1,2,4,26,True,7,9,0,2304,23.04,167772160
2584,0,-1,-1,-1,-1,True,-1,-1,-1,-1,-1.0,-1
2585,0,66,0,5,37,True,0,0,0,0,0.0,335612416
2586,0,-1,-1,-1,-1,True,-1,-1,-1,-1,-1.0,-1
2587,0,-1,-1,-1,-1,True,-1,-1,-1,-1,-1.0,-1
2588,0,-1,-1,-1,-1,True,-1,-1,-1,-1,-1.0,-1
2589,0,-1,-1,-1,-1,True,-1,-1,-1,-1,-1.0,-1
2590,0,1,2,4,19,False,190,2,186,698,6.98,0
2591,0,1,2,4,20,True,190,2,167,679,6.79,0
2592,0,1,2,4,17,True,104,15,102,3942,39.42,0
2593,0,1,2,4,29,False,104,3,164,932,9.32,0
2594,0,1,2,4,18,True,0,2,0,512,5.12,167772160
2595,0,-1,-1,-1,-1,True,-1,-1,-1,-1,-1.0,-1
2596,0,239,1,7,45,True,0,0,0,0,0.0,335612416
2597,0,-1,-1,-1,-1,True,-1,-1,-1,-1,-1.0,-1
2598,0,-1,-1,-1,-1,True,-1,-1,-1,-1,-1.0,-1
2599,0,-1,-1,-1,-1,True,-1,-1,-1,-1,-1.0,-1
2600,0,-1,-1,-1,-1,True,-1,-1,-1,-1,-1.0,-1
2601,0,1,2,4,28,False,239,7,25,1817,18.17,0
2602,0,1,1,4,28,False,78,0,247,247,2.47,0
2603,0,1,2,4,6,True,210,0,227,227,2.27,0
2604,0,1,2,4,27,False,64,9,245,2549,25.49,0
2605,0,1,2,4,13,True,64,9,228,2532,25.32,0
2606,0,1,2,4,18,False,126,8,3,2051,20.51,224
2607,0,-1,-1,-1,-1,True,-1,-1,-1,-1,-1.0,-1
2608,0,1,2,4,31,False,149,4,189,1213,12.13,0
2609,0,1,1,4,10,True,136,3,202,970,9.7,0
2610,0,1,2,4,40,True,20,2,75,587,5.87,0
2611,0,1,0,6,20,False,145,11,6,2822,28.22,5266
2612,0,1,2,4,54,True,13,15,20,3860,38.6,0
2613,0,1,2,5,54,True,0,12,20,3092,30.92,22
2614,0,1,22,6,4,False,239,4,212,1236,12.36,0
2615,0,20,0,0,0,False,0,0,10,10,0.1,5121
2616,0,112,0,0,0,False,0,0,10,10,0.1,1
2617,0,91,0,0,0,False,0,0,10,10,0.1,1
2618,0,13,7,7,0,False,0,0,0,0,0.0,454295818
2619,0,-1,-1,-1,-1,True,-1,-1,-1,-1,-1.0,-1
2620,0,-1,-1,-1,-1,True,-1,-1,-1,-1,-1.0,-1
2621,0,1,1,4,5,True,246,13,43,3371,33.71,0
2622,0,1,2,4,20,False,13,10,0,2560,25.6,167772160
2623,0,-1,-1,-1,-1,True,-1,-1,-1,-1,-1.0,-1
2624,0,135,0,0,0,False,0,0,10,10,0.1,1023808513
2625,0,-1,-1,-1,-1,True,-1,-1,-1,-1,-1.0,-1
2626,0,-1,-1,-1,-1,True,-1,-1,-1,-1,-1.0,-1
2627,0,-1,-1,-1,-1,True,-1,-1,-1,-1,-1.0,-1
2628,0,1,2,4,8,True,61,4,62,1086,10.86,0
2629,0,1,2,4,21,False,253,1,202,458,4.58,0
2630,0,1,2,4,11,True,132,1,182,438,4.38,0
2631,0,1,2,4,15,False,12,2,0,512,5.12,0
2632,0,1,2,4,20,True,12,1,238,494,4.94,0
2633,0,1,2,4,30,False,204,8,140,2188,21.88,0
2634,0,1,2,4,20,True,204,8,123,2171,21.71,0
2635,0,1,2,4,30,False,41,2,11,523,5.23,254
2636,0,-1,-1,-1,-1,True,-1,-1,-1,-1,-1.0,-1
2637,0,1,2,4,14,True,2,11,235,3051,30.51,0
2638,0,1,2,4,13,False,71,11,97,2913,29.13,0
2639,0,1,2,4,9,True,71,11,78,2894,28.94,0
2640,0,1,2,4,3,False,173,14,17,3601,36.01,0
2641,0,1,2,4,18,True,173,13,251,3579,35.79,0
2642,0,1,2,4,20,False,0,0,10,10,0.1,1360663553
2643,0,-1,-1,-1,-1,True,-1,-1,-1,-1,-1.0,-1
2644,0,1,2,4,10,True,81,15,3,3843,38.43,254
2645,0,-1,-1,-1,-1,True,-1,-1,-1,-1,-1.0,-1
2646,0,1,2,4,29,False,255,14,156,3740,37.4,0
2647,0,1,2,4,14,True,255,14,134,3718,37.18,0
2648,0,1,2,4,15,True,1,14,39,3623,36.23,0
2649,0,1,2,4,31,False,7,3,143,911,9.11,0
2650,0,1,2,4,18,True,7,3,123,891,8.91,0
2651,0,1,2,4,30,False,107,0,137,137,1.37,0
2652,0,1,2,4,7,True,107,0,119,119,1.19,0
2653,0,1,2,4,15,False,28,13,0,3328,33.28,100663296
2654,0,-1,-1,-1,-1,True,-1,-1,-1,-1,-1.0,-1
2655,0,-1,-1,-1,-1,True,-1,-1,-1,-1,-1.0,-1
2656,0,-1,-1,-1,-1,True,-1,-1,-1,-1,-1.0,-1
2657,0,-1,-1,-1,-1,True,-1,-1,-1,-1,-1.0,-1
2658,0,-1,-1,-1,-1,True,-1,-1,-1,-1,-1.0,-1
2659,0,1,2,4,16,True,28,13,181,3509,35.09,0
2660,0,1,2,4,16,False,81,8,236,2284,22.84,0
2661,0,1,2,4,10,True,81,8,215,2263,22.63,0
2662,0,1,2,4,24,False,182,3,26,794,7.94,0
2663,0,1,2,4,3,True,182,3,10,778,7.78,0
2664,0,1,2,4,32,False,2,8,0,2048,20.48,167772160
2665,0,-1,-1,-1,-1,True,-1,-1,-1,-1,-1.0,-1
2666,0,-1,-1,-1,-1,True,-1,-1,-1,-1,-1.0,-1
2667,0,-1,-1,-1,-1,True,-1,-1,-1,-1,-1.0,-1
2668,0,-1,-1,-1,-1,True,-1,-1,-1,-1,-1.0,-1
2669,0,-1,-1,-1,-1,True,-1,-1,-1,-1,-1.0,-1
2670,0,1,2,4,20,False,55,6,3,1539,15.39,0
2671,0,1,2,4,11,True,55,5,241,1521,15.21,0
2672,0,1,2,4,18,False,48,2,121,633,6.33,0
2673,0,1,2,4,15,True,48,2,100,612,6.12,0
2674,0,1,2,4,6,False,196,0,87,87,0.87,0
2675,0,1,2,4,11,True,196,0,66,66,0.66,0
2676,0,1,2,4,23,False,113,14,70,3654,36.54,0
2677,0,1,2,4,18,True,30,14,53,3637,36.37,0
2678,0,1,2,4,3,False,21,10,43,2603,26.03,0
2679,0,1,2,4,13,True,21,10,21,2581,25.81,0
2680,0,1,2,4,12,False,126,9,55,2359,23.59,0
2681,0,1,2,4,13,True,126,9,37,2341,23.41,0
2682,0,1,2,4,31,False,194,9,9,2313,23.13,23
2683,0,-1,-1,-1,-1,True,-1,-1,-1,-1,-1.0,-1
2684,0,1,2,4,16,True,25,9,4,2308,23.08,0
2685,0,1,2,4,32,False,121,10,148,2708,27.08,0
2686,0,1,2,4,15,True,121,10,125,2685,26.85,0
2687,0,1,2,4,15,False,197,12,151,3223,32.23,0
2688,0,1,2,4,26,True,197,12,134,3206,32.06,0
2689,0,1,2,4,22,False,126,15,93,3933,39.33,0
2690,0,1,2,4,17,True,126,15,74,3914,39.14,0
2691,0,1,2,4,17,True,82,11,41,2857,28.57,0
2692,0,1,2,4,16,False,81,13,124,3452,34.52,0
2693,0,1,2,4,18,True,81,13,103,3431,34.31,0
2694,0,1,2,4,19,False,28,12,11,3083,30.83,6
2695,0,-1,-1,-1,-1,True,-1,-1,-1,-1,-1.0,-1
2696,0,1,2,4,3,True,44,10,246,2806,28.06,0
2697,0,1,2,4,20,False,247,12,154,3226,32.26,0
2698,0,1,2,4,16,True,247,12,136,3208,32.08,0
2699,0,1,2,4,3,False,177,2,1,513,5.13,0
2700,0,1,2,4,30,True,177,1,238,494,4.94,0
2701,0,1,2,4,20,False,189,12,82,3154,31.54,0
2702,0,1,2,4,13,True,189,12,62,3134,31.34,0
2703,0,1,2,4,32,False,220,13,142,3470,34.7,0
2704,0,1,2,4,9,True,220,13,123,3451,34.51,0
2705,0,1,2,4,18,False,192,11,158,2974,29.74,0
2706,0,1,2,4,10,True,192,11,138,2954,29.54,0
2707,0,1,2,4,21,False,4,11,0,2816,28.16,167772160
2708,0,-1,-1,-1,-1,True,-1,-1,-1,-1,-1.0,-1
2709,0,-1,-1,-1,-1,True,-1,-1,-1,-1,-1.0,-1
2710,0,-1,-1,-1,-1,True,-1,-1,-1,-1,-1.0,-1
2711,0,1,2,4,21,False,109,12,49,3121,31.21,0
2712,0,1,2,4,4,True,187,12,28,3100,31.0,0
2713,0,1,2,4,33,False,89,10,63,2623,26.23,0
2714,0,1,2,4,10,False,75,8,162,2210,22.1,0
2715,0,1,1,4,7,True,61,10,46,2606,26.06,0
2716,0,1,2,4,20,False,18,4,0,1024,10.24,0
2717,0,1,18,1,20,False,0,0,0,0,0.0,0
2718,0,1,17,1,52,False,0,0,0,0,0.0,0
2719,0,1,15,4,20,False,14,12,3,3075,30.75,0
2720,0,1,28,1,20,False,0,0,0,0,0.0,0
2721,0,1,1,7,13,False,57,0,0,0,0.0,17432576
2722,0,102,0,0,0,False,0,0,10,10,0.1,1552157697
2723,0,-1,-1,-1,-1,True,-1,-1,-1,-1,-1.0,-1
2724,0,-1,-1,-1,-1,True,-1,-1,-1,-1,-1.0,-1
2725,0,1,2,4,20,False,29,15,14,3854,38.54,0
2726,0,1,1,0,0,False,0,0,0,0,0.0,0
2727,0,1,2,4,14,True,79,13,243,3571,35.71,0
2728,0,1,2,4,8,False,149,11,29,2845,28.45,0
2729,0,1,2,4,13,True,223,1,244,500,5.0,0
2730,0,1,2,4,33,False,13,10,9,2569,25.69,48
2731,0,-1,-1,-1,-1,True,-1,-1,-1,-1,-1.0,-1
2732,0,1,2,4,16,True,119,2,15,527,5.27,0
2733,0,1,2,4,27,False,15,8,0,2048,20.48,167772160
2734,0,-1,-1,-1,-1,True,-1,-1,-1,-1,-1.0,-1
2735,0,196,0,0,0,False,0,0,10,10,0.1,2719224833
2736,0,-1,-1,-1,-1,True,-1,-1,-1,-1,-1.0,-1
2737,0,1,2,4,4,True,162,5,76,1356,13.56,0
2738,0,1,2,4,23,False,72,7,88,1880,18.8,0
2739,0,1,2,4,6,True,103,7,70,1862,18.62,0
2740,0,1,2,4,14,False,20,3,222,990,9.9,0
2741,0,1,2,4,15,True,20,3,200,968,9.68,0
2742,0,1,2,4,7,False,110,11,237,3053,30.53,0
2743,0,1,2,4,18,True,155,12,158,3230,32.3,0
2744,0,1,2,4,27,False,255,5,189,1469,14.69,0
2745,0,1,2,4,18,True,255,5,172,1452,14.52,0
2746,0,1,2,4,23,True,86,12,102,3174,31.74,0
2747,0,1,2,4,19,False,242,15,30,3870,38.7,0
2748,0,1,2,4,4,True,242,15,10,3850,38.5,0
2749,0,1,2,4,15,False,26,1,215,471,4.71,0
2750,0,1,2,4,19,True,26,1,195,451,4.51,0
2751,0,1,2,4,22,False,186,4,1,1025,10.25,0
2752,0,1,2,4,34,True,186,3,240,1008,10.08,0
2753,0,1,2,4,3,False,28,9,80,2384,23.84,0
2754,0,1,2,4,14,True,28,9,59,2363,23.63,0
2755,0,1,2,4,19,False,84,3,48,816,8.16,0
2756,0,1,2,4,20,True,84,3,27,795,7.95,0
2757,0,1,2,4,11,False,217,8,138,2186,21.86,0
2758,0,1,2,4,10,True,217,8,117,2165,21.65,0
2759,0,1,2,4,12,False,9,13,0,3328,33.28,167772160
2760,0,-1,-1,-1,-1,True,-1,-1,-1,-1,-1.0,-1
2761,0,168,0,0,0,False,0,0,10,10,0.1,2167809
2762,0,-1,-1,-1,-1,True,-1,-1,-1,-1,-1.0,-1
2763,0,-1,-1,-1,-1,True,-1,-1,-1,-1,-1.0,-1
2764,0,-1,-1,-1,-1,True,-1,-1,-1,-1,-1.0,-1
2765,0,-1,-1,-1,-1,True,-1,-1,-1,-1,-1.0,-1
2766,0,-1,-1,-1,-1,True,-1,-1,-1,-1,-1.0,-1
2767,0,1,2,4,17,True,205,0,94,94,0.94,0
2768,0,1,2,4,16,False,183,2,103,615,6.15,0
2769,0,1,2,4,14,True,10,8,0,2048,20.48,167772160
2770,0,-1,-1,-1,-1,True,-1,-1,-1,-1,-1.0,-1
2771,0,36,0,0,0,False,0,0,10,10,0.1,3156218881
2772,0,-1,-1,-1,-1,True,-1,-1,-1,-1,-1.0,-1
2773,0,-1,-1,-1,-1,True,-1,-1,-1,-1,-1.0,-1
2774,0,1,2,4,17,True,188,4,75,1099,10.99,0
2775,0,1,2,4,33,False,33,13,0,3328,33.28,0
2776,0,1,2,4,32,False,31,0,84,84,0.84,0
2777,0,1,2,4,12,True,31,0,64,64,0.64,0
2778,0,1,2,4,21,False,124,8,233,2281,22.81,0
2779,0,1,2,4,20,False,120,0,50,50,0.5,0
2780,0,1,2,4,17,True,120,0,32,32,0.32,0
2781,0,1,2,4,18,True,124,8,216,2264,22.64,0
2782,0,1,2,4,13,True,193,2,104,616,6.16,0
2783,0,1,1,4,14,False,226,9,170,2474,24.74,0
2784,0,1,2,4,23,False,122,0,222,222,2.22,0
2785,0,1,2,4,25,False,114,14,218,3802,38.02,0
2786,0,1,2,4,26,False,114,15,68,3908,39.08,0
2787,0,1,2,4,16,True,114,15,49,3889,38.89,0
2788,0,1,2,4,14,False,28,6,30,1566,15.66,0
2789,0,1,2,4,31,True,28,6,10,1546,15.46,0
2790,0,1,2,4,15,False,0,6,0,1536,15.36,167772160
2791,0,-1,-1,-1,-1,True,-1,-1,-1,-1,-1.0,-1
2792,0,-1,-1,-1,-1,True,-1,-1,-1,-1,-1.0,-1
2793,0,-1,-1,-1,-1,True,-1,-1,-1,-1,-1.0,-1
2794,0,-1,-1,-1,-1,True,-1,-1,-1,-1,-1.0,-1
2795,0,-1,-1,-1,-1,True,-1,-1,-1,-1,-1.0,-1
2796,0,-1,-1,-1,-1,True,-1,-1,-1,-1,-1.0,-1
2797,0,1,2,4,15,False,66,4,165,1189,11.89,0
2798,0,1,2,4,8,True,66,4,147,1171,11.71,0
2799,0,1,2,4,20,False,30,8,167,2215,22.15,0
2800,0,1,2,4,18,False,29,5,198,1478,14.78,0
2801,0,1,2,4,13,True,29,5,178,1458,14.58,0
2802,0,1,2,4,22,False,171,8,176,2224,22.24,0
2803,0,1,2,4,25,True,171,8,156,2204,22.04,0
2804,0,1,2,4,25,False,92,1,14,270,2.7,0
2805,0,1,2,4,27,True,92,0,249,249,2.49,0
2806,0,1,2,4,8,False,188,8,50,2098,20.98,0
2807,0,1,2,4,9,False,189,12,167,3239,32.39,0
2808,0,1,2,4,6,True,188,12,155,3227,32.27,0
2809,0,1,2,4,22,False,146,7,38,1830,18.3,0
2810,0,1,2,4,17,True,84,7,19,1811,18.11,0
2811,0,1,2,4,25,False,192,0,71,71,0.71,0
2812,0,1,2,4,23,True,192,0,49,49,0.49,0
2813,0,1,2,4,21,False,186,10,40,2600,26.0,0
2814,0,1,2,4,18,True,186,10,21,2581,25.81,0
2815,0,1,2,4,23,False,31,5,124,1404,14.04,0
2816,0,1,2,4,15,True,134,0,188,188,1.88,0
2817,0,1,2,4,13,True,134,0,170,170,1.7,0
2818,0,1,2,4,19,False,253,5,192,1472,14.72,0
2819,0,1,2,4,18,True,253,5,173,1453,14.53,0
2820,0,1,2,4,16,False,46,13,205,3533,35.33,0
2821,0,1,2,4,34,True,46,13,188,3516,35.16,0
2822,0,1,2,4,7,False,115,9,223,2527,25.27,0
2823,0,1,2,4,14,True,115,9,204,2508,25.08,0
2824,0,1,2,4,31,False,0,0,0,0,0.0,335612416
2825,0,-1,-1,-1,-1,True,-1,-1,-1,-1,-1.0,-1
2826,0,-1,-1,-1,-1,True,-1,-1,-1,-1,-1.0,-1
2827,0,-1,-1,-1,-1,True,-1,-1,-1,-1,-1.0,-1
2828,0,1,2,4,16,True,30,3,74,842,8.42,0
2829,0,1,2,4,26,False,140,14,223,3807,38.07,0
2830,0,1,2,4,11,True,140,14,203,3787,37.87,0
2831,0,1,3,4,23,False,225,10,185,2745,27.45,0
2832,0,1,2,4,21,False,219,13,43,3371,33.71,0
2833,0,1,2,4,22,False,219,0,6,6,0.06,0
2834,0,1,2,4,18,True,219,15,244,4084,40.84,0
2835,0,1,2,4,19,True,219,13,23,3351,33.51,0
2836,0,1,3,4,23,False,213,7,228,2020,20.2,0
2837,0,1,3,4,23,False,115,1,216,472,4.72,0
2838,0,1,2,4,30,False,154,13,85,3413,34.13,0
2839,0,1,2,4,3,True,58,13,67,3395,33.95,0
2840,0,1,2,4,5,False,8,5,4,1284,12.84,200
2841,0,-1,-1,-1,-1,True,-1,-1,-1,-1,-1.0,-1
2842,0,1,1,4,19,True,20,9,5,2309,23.09,0
2843,0,1,2,4,20,False,15,12,0,3072,30.72,167772160
2844,0,-1,-1,-1,-1,True,-1,-1,-1,-1,-1.0,-1
2845,0,214,0,0,0,False,0,0,10,10,0.1,219157505
2846,0,-1,-1,-1,-1,True,-1,-1,-1,-1,-1.0,-1
2847,0,1,2,4,17,True,13,14,172,3756,37.56,0
2848,0,1,2,4,29,False,81,2,248,760,7.6,0
2849,0,1,2,4,20,True,81,2,226,738,7.38,0
2850,0,1,2,4,20,False,105,7,235,2027,20.27,0
2851,0,1,2,4,18,True,109,7,216,2008,20.08,0
2852,0,1,2,4,14,False,48,8,15,2063,20.63,0
2853,0,1,2,4,29,True,89,7,252,2044,20.44,0
2854,0,1,2,4,30,False,53,14,43,3627,36.27,0
2855,0,1,2,4,23,True,53,14,23,3607,36.07,0
2856,0,1,2,4,25,False,129,12,5,3077,30.77,0
2857,0,1,2,4,5,True,129,11,241,3057,30.57,0
2858,0,1,2,4,19,False,142,1,230,486,4.86,0
2859,0,1,2,4,17,False,142,5,25,1305,13.05,0
2860,0,1,2,4,32,True,142,5,6,1286,12.86,0
2861,0,1,2,4,20,False,41,2,40,552,5.52,0
2862,0,1,2,4,21,False,41,14,15,3599,35.99,146
2863,0,-1,-1,-1,-1,True,-1,-1,-1,-1,-1.0,-1
2864,0,1,2,4,18,True,94,15,125,3965,39.65,0
2865,0,1,2,4,18,False,122,14,55,3639,36.39,0
2866,0,1,2,4,21,True,122,14,34,3618,36.18,0
2867,0,1,2,4,18,False,68,8,235,2283,22.83,0
2868,0,1,2,4,19,False,68,7,125,1917,19.17,0
2869,0,1,2,4,24,True,68,8,223,2271,22.71,0
2870,0,1,2,4,25,False,195,7,231,2023,20.23,0
2871,0,1,2,4,26,True,210,7,208,2000,20.0,0
2872,0,1,2,4,6,False,64,7,149,1941,19.41,0
2873,0,1,2,4,7,True,64,7,130,1922,19.22,0
2874,0,1,2,4,28,False,254,12,32,3104,31.04,0
2875,0,1,2,4,12,True,254,12,11,3083,30.83,0
2876,0,1,2,4,9,True,78,9,110,2414,24.14,0
2877,0,1,2,4,24,False,88,4,143,1167,11.67,213
2878,0,-1,-1,-1,-1,True,-1,-1,-1,-1,-1.0,-1
2879,0,1,9,7,20,False,24,5,13,1293,12.93,9311369
2880,0,1,26,5,13,False,120,15,44,3884,38.84,0
2881,0,-1,-1,-1,-1,True,-1,-1,-1,-1,-1.0,-1
2882,0,-1,-1,-1,-1,True,-1,-1,-1,-1,-1.0,-1
2883,0,-1,-1,-1,-1,True,-1,-1,-1,-1,-1.0,-1
2884,0,-1,-1,-1,-1,True,-1,-1,-1,-1,-1.0,-1
2885,0,1,2,4,13,True,185,3,76,844,8.44,0
2886,0,1,2,4,24,False,47,15,252,4092,40.92,0
2887,0,1,2,4,20,True,47,3,178,946,9.46,0
2888,0,1,2,4,15,False,61,13,36,3364,33.64,0
2889,0,1,2,4,19,True,61,13,24,3352,33.52,0
2890,0,1,2,4,26,False,74,15,101,3941,39.41,0
2891,0,1,2,4,33,True,74,15,82,3922,39.22,0
2892,0,1,2,4,33,False,253,15,253,4093,40.93,0
2893,0,1,2,4,6,True,252,15,236,4076,40.76,0
2894,0,1,2,4,18,True,233,11,111,2927,29.27,0
2895,0,1,2,4,25,False,232,7,102,1894,18.94,0
2896,0,1,2,4,19,True,232,7,80,1872,18.72,0
2897,0,1,2,4,21,False,51,3,136,904,9.04,0
2898,0,1,2,4,27,True,51,3,117,885,8.85,0
2899,0,1,2,4,19,False,119,0,134,134,1.34,0
2900,0,1,2,4,9,True,119,0,115,115,1.15,0
2901,0,1,2,4,22,False,167,4,182,1206,12.06,0
2902,0,1,2,4,5,True,0,11,0,2816,28.16,167772160
2903,0,-1,-1,-1,-1,True,-1,-1,-1,-1,-1.0,-1
2904,0,180,0,0,0,False,0,0,10,10,0.1,2727547905
2905,0,160,0,0,0,False,0,0,10,10,0.1,1897075713
2906,0,26,0,0,0,False,0,0,10,10,0.1,0
2907,0,-1,-1,-1,-1,True,-1,-1,-1,-1,-1.0,-1
2908,0,86,0,0,0,False,0,0,10,10,0.1,3775992833
2909,0,-1,-1,-1,-1,True,-1,-1,-1,-1,-1.0,-1
2910,0,-1,-1,-1,-1,True,-1,-1,-1,-1,-1.0,-1
2911,0,-1,-1,-1,-1,True,-1,-1,-1,-1,-1.0,-1
2912,0,-1,-1,-1,-1,True,-1,-1,-1,-1,-1.0,-1
2913,0,1,2,4,13,True,224,4,46,1070,10.7,0
2914,0,1,2,4,15,False,27,8,52,2100,21.0,0
2915,0,1,2,4,8,True,27,8,34,2082,20.82,0
2916,0,1,2,4,4,False,232,15,246,4086,40.86,0
2917,0,1,2,4,18,True,232,15,228,4068,40.68,0
2918,0,1,2,4,8,True,70,14,220,3804,38.04,0
2919,0,1,2,4,29,False,70,0,232,232,2.32,0
2920,0,1,2,4,7,True,70,0,204,204,2.04,0
2921,0,1,2,4,27,False,110,11,210,3026,30.26,0
2922,0,1,2,4,14,False,27,4,160,1184,11.84,0
2923,0,1,2,4,11,True,27,4,139,1163,11.63,0
2924,0,1,2,4,16,False,229,11,20,2836,28.36,0
2925,0,1,2,4,22,True,229,10,255,2815,28.15,0
2926,0,1,2,4,23,False,163,15,60,3900,39.0,0
2927,0,1,2,4,17,True,163,11,129,2945,29.45,0
2928,0,1,2,4,5,True,101,11,109,2925,29.25,0
2929,0,1,2,4,33,False,49,1,101,357,3.57,0
2930,0,1,2,4,7,True,49,1,82,338,3.38,0
2931,0,1,2,4,14,False,181,13,100,3428,34.28,0
2932,0,1,2,4,5,True,181,13,79,3407,34.07,0
2933,0,1,2,4,8,False,85,15,92,3932,39.32,0
2934,0,1,2,4,8,True,76,3,241,1009,10.09,0
2935,0,1,2,4,3,True,76,3,223,991,9.91,0
2936,0,1,2,4,2,False,37,10,205,2765,27.65,0
2937,0,1,2,4,24,True,37,10,185,2745,27.45,0
2938,0,1,2,4,21,False,245,8,197,2245,22.45,0
2939,0,1,2,4,10,False,165,9,23,2327,23.27,0
2940,0,1,2,4,9,False,164,6,59,1595,15.95,0
2941,0,1,2,4,4,True,164,6,37,1573,15.73,0
2942,0,1,2,4,18,False,238,5,133,1413,14.13,0
2943,0,1,2,4,11,True,238,5,114,1394,13.94,0
2944,0,1,1,4,30,False,41,15,85,3925,39.25,0
2945,0,1,2,4,25,False,215,9,146,2450,24.5,0
2946,0,1,1,4,29,True,41,15,66,3906,39.06,0
2947,0,1,2,4,20,False,19,1,12,268,2.68,0
2948,0,1,14,3,20,False,142,1,0,256,2.56,0
2949,0,1,1,4,32,False,249,8,156,2204,22.04,0
2950,0,1,2,4,6,True,249,8,139,2187,21.87,0
2951,0,1,2,4,14,False,52,7,55,1847,18.47,0
2952,0,1,2,4,15,True,52,7,33,1825,18.25,0
2953,0,1,2,4,15,False,11,5,0,1280,12.8,167772160
2954,0,-1,-1,-1,-1,True,-1,-1,-1,-1,-1.0,-1
2955,0,63,0,0,0,False,0,0,10,10,0.1,3827110913
2956,0,-1,-1,-1,-1,True,-1,-1,-1,-1,-1.0,-1
2957,0,-1,-1,-1,-1,True,-1,-1,-1,-1,-1.0,-1
2958,0,-1,-1,-1,-1,True,-1,-1,-1,-1,-1.0,-1
2959,0,-1,-1,-1,-1,True,-1,-1,-1,-1,-1.0,-1
2960,0,1,2,4,26,True,228,1,96,352,3.52,0
2961,0,1,2,4,0,False,249,10,68,2628,26.28,0
2962,0,1,2,4,26,True,5,1,0,256,2.56,167772160
2963,0,-1,-1,-1,-1,True,-1,-1,-1,-1,-1.0,-1
2964,0,-1,-1,-1,-1,True,-1,-1,-1,-1,-1.0,-1
2965,0,1,2,4,25,False,70,3,104,872,8.72,0
2966,0,1,2,4,3,True,70,3,85,853,8.53,0
2967,0,1,2,4,17,False,135,5,208,1488,14.88,0
2968,0,1,2,4,13,True,135,5,189,1469,14.69,0
2969,0,1,2,4,13,True,212,9,144,2448,24.48,0
2970,0,1,2,4,3,False,7,12,0,3072,30.72,167772160
2971,0,-1,-1,-1,-1,True,-1,-1,-1,-1,-1.0,-1
2972,0,-1,-1,-1,-1,True,-1,-1,-1,-1,-1.0,-1
2973,0,-1,-1,-1,-1,True,-1,-1,-1,-1,-1.0,-1
2974,0,-1,-1,-1,-1,True,-1,-1,-1,-1,-1.0,-1
2975,0,-1,-1,-1,-1,True,-1,-1,-1,-1,-1.0,-1
2976,0,-1,-1,-1,-1,True,-1,-1,-1,-1,-1.0,-1
2977,0,1,2,4,20,False,255,2,33,545,5.45,0
2978,0,1,2,4,17,True,201,2,11,523,5.23,0
2979,0,1,2,4,3,False,85,2,173,685,6.85,0
2980,0,1,2,4,6,True,14,5,0,1280,12.8,167772160
2981,0,-1,-1,-1,-1,True,-1,-1,-1,-1,-1.0,-1
2982,0,-1,-1,-1,-1,True,-1,-1,-1,-1,-1.0,-1
2983,0,-1,-1,-1,-1,True,-1,-1,-1,-1,-1.0,-1
2984,0,-1,-1,-1,-1,True,-1,-1,-1,-1,-1.0,-1
2985,0,-1,-1,-1,-1,True,-1,-1,-1,-1,-1.0,-1
2986,0,-1,-1,-1,-1,True,-1,-1,-1,-1,-1.0,-1
2987,0,1,2,4,18,False,35,6,120,1656,16.56,0
2988,0,1,2,4,30,True,35,6,101,1637,16.37,0
2989,0,1,2,4,23,False,177,15,114,3954,39.54,0
2990,0,1,2,4,13,True,177,15,95,3935,39.35,0
2991,0,1,2,4,25,False,177,12,121,3193,31.93,0
2992,0,1,2,4,20,True,215,12,103,3175,31.75,0
2993,0,1,2,4,21,False,20,7,76,1868,18.68,0
2994,0,1,2,4,21,True,215,7,56,1848,18.48,0
2995,0,1,2,4,15,False,225,4,160,1184,11.84,0
2996,0,1,2,4,27,True,225,4,142,1166,11.66,0
2997,0,1,2,4,24,False,218,15,99,3939,39.39,0
2998,0,1,2,4,13,True,218,15,82,3922,39.22,0
2999,0,1,2,4,6,False,70,1,83,339,3.39,0
3000,0,1,2,4,7,False,70,6,136,1672,16.72,0
3001,0,1,2,4,8,False,71,4,81,1105,11.05,0
3002,0,1,2,4,11,True,219,14,101,3685,36.85,0
3003,0,1,2,4,22,True,34,15,51,3891,38.91,0
3004,0,1,2,4,3,False,34,1,165,421,4.21,0
3005,0,1,2,4,23,True,35,1,120,376,3.76,0
3006,0,1,2,4,3,False,38,13,231,3559,35.59,0
3007,0,1,2,4,3,True,38,13,214,3542,35.42,0
3008,0,1,2,4,23,False,12,1,254,510,5.1,0
3009,0,1,2,4,16,True,12,1,235,491,4.91,0
3010,0,1,2,4,19,False,193,1,44,300,3.0,0
3011,0,1,2,4,29,True,193,9,92,2396,23.96,0
3012,0,1,2,4,18,True,182,9,73,2377,23.77,0
3013,0,1,2,4,25,False,252,15,95,3935,39.35,0
3014,0,1,2,4,25,True,82,15,77,3917,39.17,0
3015,0,1,2,4,21,False,150,13,59,3387,33.87,0
3016,0,1,2,4,12,True,213,13,42,3370,33.7,0
3017,0,1,2,4,16,False,161,14,218,3802,38.02,0
3018,0,1,2,4,4,True,161,14,198,3782,37.82,0
3019,0,1,2,4,23,False,213,14,205,3789,37.89,0
3020,0,1,2,4,17,True,138,14,186,3770,37.7,0
3021,0,1,2,4,21,False,85,0,17,17,0.17,0
3022,0,1,2,4,23,True,85,15,255,4095,40.95,0
3023,0,1,2,4,20,False,23,12,220,3292,32.92,0
3024,0,1,2,4,21,False,23,4,72,1096,10.96,0
3025,0,1,2,4,9,True,23,4,55,1079,10.79,0
3026,0,1,2,4,16,False,104,14,213,3797,37.97,0
3027,0,1,2,4,15,True,104,14,190,3774,37.74,0
3028,0,1,2,4,21,False,178,13,62,3390,33.9,0
3029,0,1,2,4,14,True,177,13,44,3372,33.72,0
3030,0,1,2,4,20,False,66,13,167,3495,34.95,0
3031,0,1,2,4,18,True,66,13,146,3474,34.74,0
3032,0,1,2,4,17,False,47,1,251,507,5.07,0
3033,0,1,2,4,12,True,47,1,231,487,4.87,0
3034,0,1,2,4,10,True,235,10,14,2574,25.74,0
3035,0,1,2,4,11,True,236,2,35,547,5.47,0
3036,0,1,2,4,14,True,234,1,45,301,3.01,0
3037,0,1,2,4,26,False,234,8,4,2052,20.52,0
3038,0,1,2,4,12,True,234,7,240,2032,20.32,0
3039,0,1,2,4,22,False,230,7,118,1910,19.1,0
3040,0,1,2,4,4,True,243,12,134,3206,32.06,0
3041,0,1,2,4,24,True,243,12,114,3186,31.86,0
3042,0,1,2,4,28,False,94,7,31,1823,18.23,0
3043,0,1,2,4,8,True,94,7,10,1802,18.02,0
3044,0,1,2,4,27,False,141,1,36,292,2.92,0
3045,0,1,2,4,8,True,141,1,19,275,2.75,0
3046,0,1,2,4,23,False,57,10,248,2808,28.08,0
3047,0,1,2,4,13,True,57,10,230,2790,27.9,0
3048,0,1,2,4,26,False,3,6,124,1660,16.6,0
3049,0,1,2,4,20,True,3,6,106,1642,16.42,0
3050,0,1,2,4,18,False,132,1,2,258,2.58,21
3051,0,-1,-1,-1,-1,True,-1,-1,-1,-1,-1.0,-1
3052,0,1,2,4,32,False,62,14,161,3745,37.45,0
3053,0,1,2,4,3,True,62,14,142,3726,37.26,0
3054,0,1,2,4,20,False,229,0,189,189,1.89,0
3055,0,1,2,4,15,True,229,0,171,171,1.71,0
3056,0,1,2,4,21,False,93,13,233,3561,35.61,0
3057,0,1,2,4,21,True,93,13,216,3544,35.44,0
3058,0,1,2,4,1,False,142,0,12,12,0.12,13
3059,0,-1,-1,-1,-1,True,-1,-1,-1,-1,-1.0,-1
3060,0,1,2,4,22,True,208,11,253,3069,30.69,0
3061,0,1,2,4,17,False,47,13,84,3412,34.12,0
3062,0,1,2,4,19,True,47,13,62,3390,33.9,0
3063,0,1,2,4,24,False,54,14,216,3800,38.0,0
3064,0,1,2,4,9,True,54,14,198,3782,37.82,0
3065,0,1,2,4,15,False,2,1,4,260,2.6,0
3066,0,1,2,4,15,True,2,0,241,241,2.41,0
3067,0,1,2,4,24,False,88,4,39,1063,10.63,0
3068,0,1,2,4,9,True,88,4,20,1044,10.44,0
3069,0,1,2,4,9,False,205,2,136,648,6.48,0
3070,0,1,2,4,16,True,205,2,115,627,6.27,0
3071,0,1,2,4,14,False,58,1,175,431,4.31,0
3072,0,1,2,4,29,False,2,3,48,816,8.16,0
3073,0,1,2,4,30,False,238,8,32,2080,20.8,0
3074,0,1,2,4,4,True,238,8,15,2063,20.63,0
3075,0,1,2,4,26,False,117,7,196,1988,19.88,0
3076,0,1,2,4,15,True,117,7,175,1967,19.67,0
3077,0,1,2,4,27,False,7,9,0,2304,23.04,167772160
3078,0,-1,-1,-1,-1,True,-1,-1,-1,-1,-1.0,-1
3079,0,232,0,0,0,False,0,0,10,10,0.1,1
3080,0,31,0,2,25,True,0,0,0,0,0.0,335612416
3081,0,-1,-1,-1,-1,True,-1,-1,-1,-1,-1.0,-1
3082,0,-1,-1,-1,-1,True,-1,-1,-1,-1,-1.0,-1
3083,0,1,2,4,23,False,41,13,11,3339,33.39,0
3084,0,1,2,4,14,True,41,12,248,3320,33.2,0
3085,0,1,2,4,25,False,52,5,253,1533,15.33,0
3086,0,1,2,4,11,True,1,13,0,3328,33.28,167772160
3087,0,-1,-1,-1,-1,True,-1,-1,-1,-1,-1.0,-1
3088,0,109,0,0,0,False,0,0,10,10,0.1,0
3089,0,-1,-1,-1,-1,True,-1,-1,-1,-1,-1.0,-1
3090,0,76,0,0,0,False,0,0,10,10,0.1,1434981377
3091,0,-1,-1,-1,-1,True,-1,-1,-1,-1,-1.0,-1
3092,0,-1,-1,-1,-1,True,-1,-1,-1,-1,-1.0,-1
3093,0,-1,-1,-1,-1,True,-1,-1,-1,-1,-1.0,-1
3094,0,-1,-1,-1,-1,True,-1,-1,-1,-1,-1.0,-1
3095,0,1,2,4,21,False,57,14,187,3771,37.71,0
3096,0,1,2,4,27,False,54,15,107,3947,39.47,0
3097,0,1,2,4,5,True,54,14,238,3822,38.22,0
3098,0,1,2,4,6,True,54,15,80,3920,39.2,0
3099,0,1,2,4,24,False,252,11,74,2890,28.9,0
3100,0,1,2,4,14,True,90,11,53,2869,28.69,0
3101,0,1,2,4,3,False,121,14,209,3793,37.93,0
3102,0,1,2,4,14,True,209,14,188,3772,37.72,0
3103,0,1,2,4,21,False,53,9,211,2515,25.15,0
3104,0,1,2,4,23,True,53,9,193,2497,24.97,0
3105,0,1,2,4,14,False,215,0,59,59,0.59,0
3106,0,1,2,4,17,False,71,4,96,1120,11.2,0
3107,0,1,2,4,22,True,71,0,41,41,0.41,0
3108,0,1,2,4,24,True,19,11,72,2888,28.88,0
3109,0,1,2,4,13,True,19,11,54,2870,28.7,0
3110,0,1,2,4,23,False,15,14,0,3584,35.84,167772160
3111,0,-1,-1,-1,-1,True,-1,-1,-1,-1,-1.0,-1
3112,0,172,0,0,0,False,0,0,10,10,0.1,453710849
3113,0,-1,-1,-1,-1,True,-1,-1,-1,-1,-1.0,-1
3114,0,-1,-1,-1,-1,True,-1,-1,-1,-1,-1.0,-1
3115,0,1,2,4,6,True,167,11,144,2960,29.6,0
3116,0,1,2,4,24,False,107,9,124,2428,24.28,0
3117,0,1,2,4,11,True,107,9,105,2409,24.09,0
3118,0,1,2,4,22,False,21,10,131,2691,26.91,0
3119,0,1,2,4,17,True,21,10,112,2672,26.72,0
3120,0,1,2,4,16,False,223,8,175,2223,22.23,0
3121,0,1,2,4,22,True,223,8,158,2206,22.06,0
3122,0,1,2,4,9,False,208,4,169,1193,11.93,0
3123,0,1,2,4,10,True,208,4,147,1171,11.71,0
3124,0,1,2,4,16,True,155,2,20,532,5.32,0
3125,0,1,2,4,23,False,154,3,55,823,8.23,0
3126,0,1,2,4,22,True,89,3,34,802,8.02,0
3127,0,1,2,4,16,False,26,1,115,371,3.71,0
3128,0,1,2,4,2,False,179,4,225,1249,12.49,0
3129,0,1,2,4,12,True,179,15,8,3848,38.48,23
3130,0,-1,-1,-1,-1,True,-1,-1,-1,-1,-1.0,-1
3131,0,1,2,4,7,True,191,8,5,2053,20.53,0
3132,0,1,2,4,7,False,6,12,204,3276,32.76,0
3133,0,1,2,4,14,True,6,12,186,3258,32.58,0
3134,0,1,2,4,33,False,253,10,126,2686,26.86,0
3135,0,1,2,4,6,True,253,10,107,2667,26.67,0
3136,0,1,2,4,22,False,189,3,19,787,7.87,0
3137,0,1,2,4,6,True,188,3,2,770,7.7,0
3138,0,1,2,4,31,False,63,8,155,2203,22.03,0
3139,0,1,2,4,8,True,63,8,135,2183,21.83,0
3140,0,1,3,4,23,False,7,4,0,1024,10.24,167772160
3141,0,-1,-1,-1,-1,True,-1,-1,-1,-1,-1.0,-1
3142,0,16,0,0,0,False,0,0,10,10,0.1,1
3143,0,141,0,0,0,False,0,0,10,10,0.1,4253750273
3144,0,122,0,0,0,False,0,0,10,10,0.1,824185857
3145,0,130,0,0,0,False,0,0,10,10,0.1,831853569
3146,0,-1,-1,-1,-1,True,-1,-1,-1,-1,-1.0,-1
3147,0,-1,-1,-1,-1,True,-1,-1,-1,-1,-1.0,-1
3148,0,-1,-1,-1,-1,True,-1,-1,-1,-1,-1.0,-1
3149,0,-1,-1,-1,-1,True,-1,-1,-1,-1,-1.0,-1
3150,0,1,2,4,0,False,83,10,113,2673,26.73,0
3151,0,1,2,4,25,True,83,10,95,2655,26.55,0
3152,0,1,2,4,21,False,233,4,19,1043,10.43,0
3153,0,1,2,4,21,True,233,3,189,957,9.57,0
3154,0,1,2,4,22,True,234,3,251,1019,10.19,0
3155,0,1,2,4,21,False,14,15,0,3840,38.4,167772160
3156,0,-1,-1,-1,-1,True,-1,-1,-1,-1,-1.0,-1
3157,0,204,0,0,0,False,0,0,10,10,0.1,1846348801
3158,0,-1,-1,-1,-1,True,-1,-1,-1,-1,-1.0,-1
3159,0,-1,-1,-1,-1,True,-1,-1,-1,-1,-1.0,-1
3160,0,1,2,4,23,False,248,13,116,3444,34.44,0
3161,0,1,1,4,26,True,110,0,244,244,2.44,0
3162,0,1,2,4,61,False,61,13,61,3389,33.89,0
3163,0,1,2,4,4,False,72,2,12,524,5.24,0
3164,0,1,1,6,45,False,10,15,7,3847,38.47,171
3165,0,-1,-1,-1,-1,True,-1,-1,-1,-1,-1.0,-1
3166,0,155,0,0,0,False,0,0,10,10,0.1,1
3167,0,71,0,0,0,False,0,0,10,10,0.1,3398308865
3168,0,-1,-1,-1,-1,True,-1,-1,-1,-1,-1.0,-1
3169,0,-1,-1,-1,-1,True,-1,-1,-1,-1,-1.0,-1
3170,0,-1,-1,-1,-1,True,-1,-1,-1,-1,-1.0,-1
3171,0,-1,-1,-1,-1,True,-1,-1,-1,-1,-1.0,-1
3172,0,1,2,4,33,False,151,12,95,3167,31.67,0
3173,0,1,2,4,23,True,12,15,4,3844,38.44,0
3174,0,1,2,0,0,False,0,0,0,0,0.0,0
3175,0,1,2,4,1,False,127,4,157,1181,11.81,0
3176,0,1,2,4,1,False,107,4,31,1055,10.55,0
3177,0,1,2,1,12,False,0,0,0,0,0.0,0
3178,0,1,2,0,0,False,0,0,0,0,0.0,0
3179,0,1,2,4,8,True,113,11,236,3052,30.52,0
3180,0,1,2,4,19,False,235,14,43,3627,36.27,0
3181,0,1,2,4,4,True,9,14,23,3607,36.07,0
3182,0,1,2,4,31,False,61,14,57,3641,36.41,0
3183,0,1,2,4,18,True,61,14,37,3621,36.21,0
3184,0,1,2,4,20,False,77,5,187,1467,14.67,0
3185,0,1,2,4,21,False,6,7,0,1792,17.92,167772160
3186,0,-1,-1,-1,-1,True,-1,-1,-1,-1,-1.0,-1
3187,0,-1,-1,-1,-1,True,-1,-1,-1,-1,-1.0,-1
3188,0,-1,-1,-1,-1,True,-1,-1,-1,-1,-1.0,-1
3189,0,1,1,4,32,False,90,3,238,1006,10.06,0
3190,0,1,2,4,2,False,2,7,196,1988,19.88,0
3191,0,1,1,4,10,True,90,10,1,2561,25.61,181
3192,0,-1,-1,-1,-1,True,-1,-1,-1,-1,-1.0,-1
3193,0,1,2,4,6,True,122,1,161,417,4.17,0
3194,0,1,2,4,1,False,110,14,109,3693,36.93,0
3195,0,1,2,4,23,True,110,14,87,3671,36.71,0
3196,0,1,2,4,19,False,13,0,0,0,0.0,167772160
3197,0,-1,-1,-1,-1,True,-1,-1,-1,-1,-1.0,-1
3198,0,43,0,0,0,False,0,0,10,10,0.1,4043576321
3199,0,-1,-1,-1,-1,True,-1,-1,-1,-1,-1.0,-1
3200,0,-1,-1,-1,-1,True,-1,-1,-1,-1,-1.0,-1
3201,0,-1,-1,-1,-1,True,-1,-1,-1,-1,-1.0,-1
3202,0,1,2,4,6,True,241,0,130,130,1.3,0
3203,0,1,2,4,25,False,158,0,8,8,0.08,238
3204,0,-1,-1,-1,-1,True,-1,-1,-1,-1,-1.0,-1
3205,0,1,2,4,16,True,192,8,215,2263,22.63,0
3206,0,1,2,4,16,False,242,1,89,345,3.45,0
3207,0,1,2,4,27,True,242,1,69,325,3.25,0
3208,0,1,2,4,29,False,241,11,43,2859,28.59,0
3209,0,1,2,4,5,True,241,11,22,2838,28.38,0
3210,0,1,2,4,20,False,215,9,23,2327,23.27,0
3211,0,1,2,4,6,True,215,9,6,2310,23.1,0
3212,0,1,2,4,20,False,138,13,27,3355,33.55,0
3213,0,1,2,4,6,True,138,13,11,3339,33.39,0
3214,0,1,2,4,21,False,20,4,161,1185,11.85,14607
3215,0,-1,-1,-1,-1,True,-1,-1,-1,-1,-1.0,-1
3216,0,-1,-1,-1,-1,True,-1,-1,-1,-1,-1.0,-1
3217,0,1,2,4,28,False,93,2,42,554,5.54,0
3218,0,1,2,4,26,True,93,2,19,531,5.31,0
3219,0,1,2,4,32,False,149,2,205,717,7.17,0
3220,0,1,2,4,18,True,149,2,186,698,6.98,0
3221,0,1,2,4,9,False,106,2,30,542,5.42,0
3222,0,1,2,4,23,True,106,2,9,521,5.21,0
3223,0,1,2,4,3,False,156,0,89,89,0.89,0
3224,0,1,2,4,5,True,156,0,66,66,0.66,0
3225,0,1,2,4,15,False,189,3,41,809,8.09,0
3226,0,1,3,4,1,True,98,11,241,3057,30.57,0
3227,0,1,2,4,30,False,9,4,0,1024,10.24,167772160
3228,0,-1,-1,-1,-1,True,-1,-1,-1,-1,-1.0,-1
3229,0,-1,-1,-1,-1,True,-1,-1,-1,-1,-1.0,-1
3230,0,-1,-1,-1,-1,True,-1,-1,-1,-1,-1.0,-1
3231,0,-1,-1,-1,-1,True,-1,-1,-1,-1,-1.0,-1
3232,0,1,2,4,2,False,54,9,221,2525,25.25,0
3233,0,1,2,4,4,True,229,9,203,2507,25.07,0
3234,0,1,2,4,9,False,33,3,199,967,9.67,0
3235,0,1,2,4,3,True,33,3,180,948,9.48,0
3236,0,1,2,4,22,False,36,4,0,1024,10.24,2
3237,0,-1,-1,-1,-1,True,-1,-1,-1,-1,-1.0,-1
3238,0,1,2,4,28,False,52,6,176,1712,17.12,0
3239,0,1,2,4,15,True,52,15,239,4079,40.79,0
3240,0,1,2,4,16,True,52,6,154,1690,16.9,0
3241,0,1,2,4,25,False,153,12,167,3239,32.39,0
3242,0,1,2,4,18,True,152,1,171,427,4.27,0
3243,0,1,2,4,22,True,46,1,153,409,4.09,0
3244,0,1,2,4,3,False,53,12,1,3073,30.73,222
3245,0,-1,-1,-1,-1,True,-1,-1,-1,-1,-1.0,-1
3246,0,1,2,4,22,False,128,4,51,1075,10.75,0
3247,0,1,1,4,31,True,188,1,201,457,4.57,0
3248,0,1,2,4,20,False,24,14,0,3584,35.84,0
3249,0,1,6,0,0,False,0,0,0,0,0.0,0
3250,0,1,2,4,24,True,254,0,32,32,0.32,0
3251,0,1,2,4,14,False,179,2,229,741,7.41,0
3252,0,1,2,4,25,True,179,2,211,723,7.23,0
3253,0,1,2,4,7,False,75,9,147,2451,24.51,0
3254,0,1,2,4,4,True,75,9,127,2431,24.31,0
3255,0,1,2,4,2,False,243,14,43,3627,36.27,0
3256,0,1,2,4,19,True,243,14,23,3607,36.07,0
3257,0,1,2,4,17,False,12,7,205,1997,19.97,0
3258,0,1,2,4,16,True,12,7,184,1976,19.76,0
3259,0,1,2,4,22,False,115,8,110,2158,21.58,0
3260,0,1,2,4,11,True,115,8,91,2139,21.39,0
3261,0,1,2,4,25,False,216,5,227,1507,15.07,0
3262,0,1,2,4,18,True,216,5,206,1486,14.86,0
3263,0,1,2,4,20,True,37,5,80,1360,13.6,0
3264,0,1,2,4,23,False,32,10,10,2570,25.7,101
3265,0,-1,-1,-1,-1,True,-1,-1,-1,-1,-1.0,-1
3266,0,1,2,4,7,True,106,10,183,2743,27.43,0
3267,0,1,2,4,3,False,149,8,6,2054,20.54,0
3268,0,1,2,4,29,True,149,7,243,2035,20.35,0
3269,0,1,2,4,2,False,166,6,123,1659,16.59,0
3270,0,1,2,4,28,True,166,6,102,1638,16.38,0
3271,0,1,2,4,14,False,164,0,139,139,1.39,0
3272,0,1,2,4,23,True,164,0,119,119,1.19,0
3273,0,1,2,4,17,False,62,15,181,4021,40.21,0
3274,0,1,2,4,21,True,61,1,185,441,4.41,0
3275,0,1,2,4,16,False,173,6,148,1684,16.84,0
3276,0,1,2,4,4,True,173,6,130,1666,16.66,0
3277,0,1,2,4,12,False,5,15,0,3840,38.4,167772160
3278,0,-1,-1,-1,-1,True,-1,-1,-1,-1,-1.0,-1
3279,0,-1,-1,-1,-1,True,-1,-1,-1,-1,-1.0,-1
3280,0,1,2,4,26,False,43,7,4,1796,17.96,228
3281,0,-1,-1,-1,-1,True,-1,-1,-1,-1,-1.0,-1
3282,0,1,2,4,4,True,92,1,8,264,2.64,0
3283,0,1,1,4,5,True,73,2,0,512,5.12,0
3284,0,1,2,4,14,True,72,1,235,491,4.91,0
3285,0,1,2,4,17,False,1,3,156,924,9.24,0
3286,0,1,2,4,20,True,0,3,136,904,9.04,0
3287,0,1,2,4,17,False,30,5,218,1498,14.98,0
3288,0,1,2,4,3,True,30,5,201,1481,14.81,0
3289,0,1,2,4,4,False,214,5,94,1374,13.74,0
3290,0,1,2,4,33,True,214,5,77,1357,13.57,0
3291,0,1,2,4,31,False,193,15,65,3905,39.05,0
3292,0,1,2,4,24,True,193,15,45,3885,38.85,0
3293,0,1,2,4,23,False,4,2,73,585,5.85,0
3294,0,1,2,4,26,True,4,2,56,568,5.68,0
3295,0,1,2,4,1,False,254,4,78,1102,11.02,0
3296,0,1,2,4,4,True,254,4,56,1080,10.8,0
3297,0,1,2,4,26,False,252,4,150,1174,11.74,2466
3298,0,-1,-1,-1,-1,True,-1,-1,-1,-1,-1.0,-1
3299,0,-1,-1,-1,-1,True,-1,-1,-1,-1,-1.0,-1
3300,0,1,29,2,20,False,0,0,0,0,0.0,0
3301,0,1,5,1,14,False,0,0,0,0,0.0,0
3302,0,1,3,4,20,False,142,9,14,2318,23.18,0
3303,0,1,1,1,20,False,0,0,0,0,0.0,0
3304,0,1,3,0,0,False,0,0,0,0,0.0,0
3305,0,1,14,3,0,False,66,4,0,1024,10.24,0
3306,0,1,17,7,51,False,0,15,20,3860,38.6,972800
3307,0,1,0,1,20,False,0,0,0,0,0.0,0
3308,0,1,18,0,0,False,0,0,0,0,0.0,0
3309,0,1,27,0,0,False,0,0,0,0,0.0,0
3310,0,1,1,5,46,True,58,5,144,1424,14.24,0
3311,0,-1,-1,-1,-1,True,-1,-1,-1,-1,-1.0,-1
3312,0,-1,-1,-1,-1,True,-1,-1,-1,-1,-1.0,-1
3313,0,1,2,4,15,False,233,13,178,3506,35.06,0
3314,0,1,2,4,28,True,233,13,162,3490,34.9,0
3315,0,1,2,4,2,False,113,7,241,2033,20.33,0
3316,0,1,2,4,6,True,113,7,221,2013,20.13,0
3317,0,1,2,4,23,False,174,12,160,3232,32.32,0
3318,0,1,2,4,24,False,173,14,80,3664,36.64,0
3319,0,1,2,4,19,True,148,14,59,3643,36.43,0
3320,0,1,2,4,24,False,51,10,187,2747,27.47,0
3321,0,1,2,4,25,True,51,10,169,2729,27.29,0
3322,0,1,2,4,20,False,231,1,119,375,3.75,0
3323,0,1,2,4,4,True,231,1,102,358,3.58,0
3324,0,1,2,4,22,False,230,12,196,3268,32.68,0
3325,0,1,2,4,5,True,230,12,178,3250,32.5,0
3326,0,1,2,4,26,False,249,9,185,2489,24.89,0
3327,0,1,2,4,5,True,249,9,163,2467,24.67,0
3328,0,1,2,4,22,False,8,8,124,2172,21.72,0
3329,0,1,2,4,7,True,53,8,107,2155,21.55,0
3330,0,1,2,4,18,False,51,14,135,3719,37.19,0
3331,0,1,2,4,3,True,51,14,116,3700,37.0,0
3332,0,1,2,4,13,False,32,6,211,1747,17.47,0
3333,0,1,2,4,8,True,32,6,192,1728,17.28,0
3334,0,1,2,4,27,False,53,2,78,590,5.9,0
3335,0,1,2,4,33,True,198,2,62,574,5.74,0
3336,0,1,2,4,0,False,184,0,207,207,2.07,0
3337,0,1,2,4,9,True,184,0,187,187,1.87,0
3338,0,1,2,4,3,False,46,12,26,3098,30.98,0
3339,0,1,2,4,4,False,49,13,116,3444,34.44,0
3340,0,1,2,4,19,True,46,12,2,3074,30.74,0
3341,0,1,2,4,21,True,49,13,96,3424,34.24,0
3342,0,1,2,4,15,True,157,10,51,2611,26.11,0
3343,0,1,2,4,23,False,27,12,139,3211,32.11,0
3344,0,1,2,4,31,False,242,9,254,2558,25.58,0
3345,0,1,2,4,9,True,242,9,234,2538,25.38,0
3346,0,1,3,4,1,True,98,12,133,3205,32.05,0
3347,0,1,2,4,32,False,80,10,169,2729,27.29,0
3348,0,1,2,4,33,False,240,14,246,3830,38.3,0
3349,0,1,2,4,22,True,249,0,183,183,1.83,0
3350,0,1,2,4,15,True,249,0,161,161,1.61,0
3351,0,1,2,4,14,False,199,8,155,2203,22.03,0
3352,0,1,2,4,21,True,199,8,134,2182,21.82,0
3353,0,1,1,4,6,False,20,14,226,3810,38.1,2
3354,0,-1,-1,-1,-1,True,-1,-1,-1,-1,-1.0,-1
3355,0,1,9,7,20,False,136,2,2,514,5.14,857148
3356,0,1,31,0,0,False,0,0,0,0,0.0,0
3357,0,1,0,1,16,False,1,2,0,512,5.12,0
3358,0,-1,-1,-1,-1,True,-1,-1,-1,-1,-1.0,-1
3359,0,-1,-1,-1,-1,True,-1,-1,-1,-1,-1.0,-1
3360,0,1,2,4,11,False,204,14,252,3836,38.36,0
3361,0,1,2,4,12,False,27,11,2,2818,28.18,0
3362,0,1,2,4,9,True,27,10,240,2800,28.0,0
3363,0,1,2,4,15,False,227,13,245,3573,35.73,0
3364,0,1,2,4,4,True,227,13,227,3555,35.55,0
3365,0,1,2,4,25,False,24,3,198,966,9.66,0
3366,0,1,2,4,24,False,24,8,12,2060,20.6,8
3367,0,-1,-1,-1,-1,True,-1,-1,-1,-1,-1.0,-1
3368,0,1,2,4,27,True,216,11,243,3059,30.59,0
3369,0,1,2,4,22,False,240,10,223,2783,27.83,0
3370,0,-1,-1,-1,-1,True,-1,-1,-1,-1,-1.0,-1
