,readout,layer,chipID,payload,location,isCol,timestamp,tot_msb,tot_lsb,tot_total,tot_us,fpga_ts
0,0,1,0,1,43,False,0,0,0,0,0.0,0
1,0,1,0,0,0,False,0,0,0,0,0.0,0
2,0,1,0,4,4,False,4,3,0,768,3.84,0
3,0,1,0,4,4,False,5,3,1,769,3.845,0
4,0,1,0,5,4,False,6,3,1,769,3.845,133
5,0,1,0,4,7,False,95,2,60,572,2.86,0
6,0,1,0,4,7,False,165,0,107,107,0.535,0
7,0,1,0,4,6,False,214,0,169,169,0.845,0
8,0,1,0,4,5,False,27,0,93,93,0.465,0
9,0,1,0,4,6,False,27,0,172,172,0.86,0
10,0,1,0,4,7,False,178,2,236,748,3.74,0
11,0,1,0,4,5,False,248,0,64,64,0.32,0
12,0,1,0,4,6,False,105,1,8,264,1.32,0
13,0,1,0,4,5,False,143,0,58,58,0.29,0
14,0,1,0,4,6,False,147,1,204,460,2.3,0
15,0,1,0,4,5,False,20,0,53,53,0.265,0
16,0,1,0,4,6,False,122,0,242,242,1.21,0
17,0,1,0,4,5,False,191,0,177,177,0.885,0
18,0,1,0,4,6,False,191,1,119,375,1.875,0
19,0,1,0,4,7,False,191,4,45,1069,5.345,0
20,0,1,0,4,8,False,75,5,33,1313,6.565,0
21,0,1,0,4,8,False,215,0,124,124,0.62,0
22,0,1,0,4,9,False,191,14,244,3828,19.14,0
23,0,1,0,4,10,False,40,4,251,1275,6.375,0
24,0,1,0,2,40,False,4,0,0,0,0.0,0
25,0,1,0,3,4,False,7,8,0,2048,10.24,0
26,0,1,0,0,0,False,0,0,0,0,0.0,0
27,0,1,0,7,4,False,7,3,0,768,3.84,394424
28,0,1,0,1,0,False,0,0,0,0,0.0,0
29,0,1,0,7,4,False,5,10,0,2560,12.8,394391
30,0,1,0,2,0,False,205,0,0,0,0.0,0
31,0,1,0,4,7,False,154,1,81,337,1.685,0
32,0,1,0,4,8,False,134,3,127,895,4.475,0
33,0,1,0,4,7,False,136,0,66,66,0.33,0
34,0,1,0,4,6,False,0,0,159,159,0.795,0
35,0,1,0,4,7,False,0,0,157,157,0.785,0
36,0,1,0,4,8,False,102,4,230,1254,6.27,0
37,0,1,0,4,6,False,182,0,78,78,0.39,0
38,0,1,0,4,7,False,178,0,155,155,0.775,0
39,0,1,0,4,7,False,55,0,71,71,0.355,0
40,0,1,0,4,6,False,136,0,68,68,0.34,0
41,0,1,0,4,7,False,157,0,128,128,0.64,0
42,0,1,0,4,8,False,97,14,236,3820,19.1,0
43,0,1,0,4,28,True,163,0,198,198,0.99,0
44,0,1,0,4,5,False,164,0,77,77,0.385,0
45,0,1,0,4,6,False,196,0,148,148,0.74,0
46,0,1,0,4,6,False,20,0,196,196,0.98,0
47,0,1,0,4,7,False,90,2,199,711,3.555,0
48,0,1,0,4,5,False,160,0,128,128,0.64,0
49,0,1,0,4,5,False,23,0,213,213,1.065,0
50,0,1,0,4,5,False,34,1,57,313,1.565,0
51,0,1,0,4,6,False,135,2,245,757,3.785,0
52,0,1,0,4,7,False,188,4,229,1253,6.265,0
53,0,1,0,4,5,False,12,0,59,59,0.295,0
54,0,1,0,4,6,False,51,0,212,212,1.06,0
55,0,1,0,4,5,False,124,0,67,67,0.335,0
56,0,1,0,4,5,False,223,0,158,158,0.79,0
57,0,1,0,4,6,False,8,0,218,218,1.09,0
58,0,1,0,4,6,False,117,0,84,84,0.42,0
59,0,1,0,4,7,False,117,3,10,778,3.89,0
60,0,1,0,4,8,False,116,2,214,726,3.63,0
61,0,1,0,4,6,False,75,0,141,141,0.705,0
62,0,1,0,4,7,False,75,1,9,265,1.325,0
63,0,1,0,4,8,False,235,1,129,385,1.925,0
64,0,1,0,4,7,False,0,0,60,60,0.3,0
65,0,1,0,4,8,False,60,1,133,389,1.945,0
66,0,1,0,4,5,False,140,0,63,63,0.315,0
67,0,1,0,4,5,False,238,0,181,181,0.905,0
68,0,1,0,4,6,False,232,1,100,356,1.78,0
69,0,1,0,4,7,False,119,2,58,570,2.85,0
70,0,1,0,4,8,False,115,4,22,1046,5.23,0
71,0,1,0,4,7,False,234,0,73,73,0.365,0
72,0,1,0,4,5,False,69,0,98,98,0.49,0
73,0,1,0,4,6,False,143,1,50,306,1.53,0
74,0,1,0,4,7,False,143,1,100,356,1.78,0
75,0,1,0,4,5,False,16,0,83,83,0.415,0
76,0,1,0,4,5,False,86,0,76,76,0.38,0
77,0,1,0,4,6,False,86,0,187,187,0.935,0
78,0,1,0,4,7,False,2,1,201,457,2.285,0
79,0,1,0,4,8,False,2,5,109,1389,6.945,0
80,0,1,0,4,9,False,97,4,161,1185,5.925,0
81,0,1,0,4,10,False,211,15,2,3842,19.21,0
82,0,1,0,4,7,False,212,0,54,54,0.27,0
83,0,1,0,4,8,False,222,0,210,210,1.05,0
84,0,1,0,4,9,False,78,0,66,66,0.33,0
85,0,1,0,4,7,False,239,0,116,116,0.58,0
86,0,1,0,4,8,False,53,1,80,336,1.68,0
87,0,1,0,4,7,False,74,0,50,50,0.25,0
88,0,183,0,0,0,False,0,0,10,10,0.05,2593915905
89,0,-1,-1,-1,-1,True,-1,-1,-1,-1,-1.0,-1
90,0,1,0,4,12,False,242,0,221,221,1.105,0
91,0,1,0,4,5,False,14,0,72,72,0.36,0
92,0,1,0,4,5,False,105,0,161,161,0.805,0
93,0,1,0,4,5,False,164,0,90,90,0.45,0
94,0,1,0,4,6,False,164,1,130,386,1.93,0
95,0,1,0,4,7,False,164,2,220,732,3.66,0
96,0,1,0,4,8,False,132,4,199,1223,6.115,0
97,0,1,0,4,6,False,174,0,76,76,0.38,0
98,0,1,0,4,7,False,16,0,189,189,0.945,0
99,0,1,0,4,7,False,44,0,57,57,0.285,0
100,0,1,0,4,5,False,128,0,67,67,0.335,0
101,0,1,0,4,5,False,198,0,79,79,0.395,0
102,0,1,0,4,6,False,61,2,31,543,2.715,0
103,0,1,0,4,5,False,124,0,129,129,0.645,0
104,0,1,0,4,6,False,174,0,138,138,0.69,0
105,0,1,0,4,7,False,15,6,107,1643,8.215,0
106,0,1,0,4,8,False,14,12,14,3086,15.43,0
107,0,1,0,4,6,False,120,0,115,115,0.575,0
108,0,1,0,6,56,False,0,3,4,772,3.86,55813
109,0,1,0,0,0,False,0,0,0,0,0.0,0
110,0,1,0,4,4,False,7,9,3,2307,11.535,0
111,0,1,0,2,4,False,5,0,0,0,0.0,0
112,0,1,0,7,0,False,92,4,6,1030,5.15,2752954
113,0,1,0,4,7,False,224,4,99,1123,5.615,0
114,0,1,0,4,8,False,92,6,210,1746,8.73,0
115,0,1,0,4,5,False,189,1,7,263,1.315,0
116,0,1,0,4,6,False,189,1,142,398,1.99,0
117,0,1,0,4,5,False,66,0,103,103,0.515,0
118,0,1,0,4,6,False,66,2,44,556,2.78,0
119,0,1,0,4,7,False,66,2,235,747,3.735,0
120,0,1,0,4,8,False,185,4,144,1168,5.84,0
121,0,1,0,4,7,False,73,0,15,15,0.075,0
122,0,1,0,4,8,False,69,0,247,247,1.235,0
123,0,1,0,0,0,False,0,0,0,0,0.0,0
124,0,1,0,5,0,False,247,4,7,1031,5.155,230
125,0,1,0,0,0,False,0,0,0,0,0.0,0
126,0,1,0,7,4,False,8,11,0,2816,14.08,459950
127,0,1,0,0,0,False,0,0,0,0,0.0,0
128,0,1,0,0,0,False,0,0,0,0,0.0,0
129,0,1,0,3,4,False,8,10,0,2560,12.8,0
130,0,1,0,0,0,False,0,0,0,0,0.0,0
131,0,1,0,3,8,False,170,0,0,0,0.0,0
132,0,1,0,3,4,False,6,6,0,1536,7.68,0
133,0,1,0,0,0,False,0,0,0,0,0.0,0
134,0,1,0,3,4,False,6,13,0,3328,16.64,0
135,0,1,0,0,0,False,0,0,0,0,0.0,0
136,0,1,0,5,4,False,7,13,0,3328,16.64,49
137,0,1,0,4,8,False,124,2,69,581,2.905,0
138,0,1,0,4,9,False,124,1,211,467,2.335,0
139,0,1,0,4,5,False,148,0,53,53,0.265,0
140,0,1,0,4,6,False,25,0,110,110,0.55,0
141,0,1,0,4,7,False,148,0,67,67,0.335,0
142,0,1,0,4,8,False,102,2,79,591,2.955,0
143,0,1,0,4,6,False,186,0,59,59,0.295,0
144,0,1,0,4,7,False,186,0,75,75,0.375,0
145,0,1,0,4,8,False,42,1,11,267,1.335,0
146,0,1,0,4,7,False,161,0,56,56,0.28,0
147,0,1,0,4,8,False,161,0,71,71,0.355,0
148,0,1,0,4,9,False,25,0,252,252,1.26,0
149,0,1,0,4,10,False,252,9,75,2379,11.895,0
150,0,1,0,4,11,False,136,4,130,1154,5.77,0
151,0,1,0,4,11,False,20,0,244,244,1.22,0
152,0,1,0,4,11,False,73,0,62,62,0.31,0
153,0,1,0,4,12,False,20,11,174,2990,14.95,0
154,0,1,0,4,13,False,115,2,251,763,3.815,0
155,0,1,0,4,10,False,234,0,57,57,0.285,0
156,0,1,0,4,11,False,30,1,124,380,1.9,0
157,0,1,0,4,11,False,192,1,93,349,1.745,0
158,0,1,0,4,11,False,5,0,173,173,0.865,0
159,0,1,0,4,11,False,26,0,219,219,1.095,0
160,0,1,0,4,10,False,86,0,72,72,0.36,0
161,0,1,0,4,10,False,166,0,62,62,0.31,0
162,0,1,0,4,11,False,226,2,225,737,3.685,0
163,0,1,0,4,12,False,226,6,75,1611,8.055,0
164,0,1,0,4,10,False,120,0,90,90,0.45,0
165,0,1,0,4,11,False,232,2,188,700,3.5,0
166,0,1,0,4,11,False,25,0,57,57,0.285,0
167,0,1,0,4,12,False,228,3,39,807,4.035,0
168,0,1,0,4,13,False,120,3,24,792,3.96,0
169,0,1,0,4,10,False,218,0,79,79,0.395,0
170,0,1,0,4,11,False,32,1,115,371,1.855,0
171,0,1,0,4,8,False,123,0,89,89,0.445,0
172,0,1,0,4,10,False,123,0,74,74,0.37,0
173,0,1,0,4,11,False,140,1,174,430,2.15,0
174,0,1,0,4,12,False,140,2,172,684,3.42,0
175,0,1,0,4,11,False,146,0,226,226,1.13,0
176,0,1,0,4,11,False,238,1,137,393,1.965,0
177,0,1,0,4,12,False,216,1,222,478,2.39,0
178,0,1,0,4,11,False,76,0,85,85,0.425,0
179,0,1,0,4,13,False,217,2,114,626,3.13,0
180,0,1,0,4,11,False,230,0,147,147,0.735,0
181,0,1,0,4,12,False,79,1,191,447,2.235,0
182,0,1,0,4,10,False,100,0,125,125,0.625,0
183,0,1,0,4,11,False,149,2,28,540,2.7,0
184,0,1,0,4,12,False,150,3,14,782,3.91,0
185,0,1,0,4,11,False,54,0,81,81,0.405,0
186,0,1,0,4,11,False,134,0,157,157,0.785,0
187,0,1,0,4,12,False,54,0,98,98,0.49,0
188,0,1,0,4,13,False,149,0,81,81,0.405,0
189,0,1,0,4,11,False,81,1,165,421,2.105,0
190,0,1,0,4,11,False,152,0,123,123,0.615,0
191,0,1,0,4,12,False,153,1,184,440,2.2,0
192,0,1,0,4,13,False,82,0,62,62,0.31,0
193,0,1,0,4,11,False,106,0,65,65,0.325,0
194,0,1,0,4,14,False,83,11,254,3070,15.35,0
195,0,1,0,4,15,False,149,7,180,1972,9.86,0
196,0,1,0,4,16,False,82,14,218,3802,19.01,0
197,0,1,0,4,17,False,82,15,30,3870,19.35,0
198,0,1,0,4,18,False,82,9,71,2375,11.875,0
199,0,1,0,4,19,False,123,15,71,3911,19.555,0
200,0,1,0,4,20,False,89,10,5,2565,12.825,0
201,0,1,0,4,11,False,151,0,78,78,0.39,0
202,0,1,0,4,21,False,193,13,167,3495,17.475,0
203,0,1,0,4,11,False,34,0,70,70,0.35,0
204,0,1,0,4,21,False,34,0,84,84,0.42,0
205,0,1,0,4,22,False,121,0,93,93,0.465,0
206,0,1,0,4,23,False,186,14,11,3595,17.975,0
207,0,1,0,4,24,False,120,11,193,3009,15.045,0
208,0,1,0,0,0,False,0,0,0,0,0.0,0
209,0,1,0,0,0,False,0,0,0,0,0.0,0
210,0,1,0,3,1,True,4,5,0,1280,6.4,0
211,0,1,0,2,0,False,64,0,0,0,0.0,0
212,0,1,0,4,11,False,26,0,93,93,0.465,0
213,0,1,0,4,12,False,27,0,64,64,0.32,0
214,0,1,0,4,11,False,138,0,73,73,0.365,0
215,0,1,0,4,12,False,139,0,48,48,0.24,0
216,0,1,0,4,21,False,23,1,21,277,1.385,0
217,0,1,0,4,26,False,66,2,134,646,3.23,0
218,0,1,0,4,27,False,25,5,112,1392,6.96,0
219,0,1,0,4,7,True,66,2,82,594,2.97,0
220,0,1,0,4,8,True,55,6,61,1597,7.985,0
221,0,1,0,4,9,True,67,3,96,864,4.32,0
222,0,1,0,4,10,True,123,9,81,2385,11.925,0
223,0,1,0,4,11,False,24,0,184,184,0.92,0
224,0,1,0,4,21,False,25,0,149,149,0.745,0
225,0,1,0,4,11,True,149,7,98,1890,9.45,0
226,0,1,0,4,12,True,161,8,239,2287,11.435,0
227,0,1,0,4,13,True,187,5,82,1362,6.81,0
228,0,1,0,4,14,True,83,15,225,4065,20.325,0
229,0,1,0,4,15,True,83,1,89,345,1.725,0
230,0,1,0,4,16,True,24,2,204,716,3.58,0
231,0,1,0,4,17,True,120,8,204,2252,11.26,0
232,0,1,0,4,18,True,139,7,169,1961,9.805,0
233,0,1,0,4,19,True,82,13,125,3453,17.265,0
234,0,1,0,4,20,True,25,4,82,1106,5.53,0
235,0,1,0,4,21,True,149,9,59,2363,11.815,0
236,0,1,0,4,22,True,82,7,82,1874,9.37,0
237,0,1,0,4,23,True,123,7,28,1820,9.1,0
238,0,1,0,4,24,True,186,1,20,276,1.38,0
239,0,1,0,4,25,True,79,14,197,3781,18.905,0
240,0,1,0,4,26,True,176,6,197,1733,8.665,0
241,0,1,0,4,27,True,149,3,1,769,3.845,100
242,0,-1,-1,-1,-1,True,-1,-1,-1,-1,-1.0,-1
243,0,1,0,4,28,True,7,1,71,327,1.635,0
244,0,1,0,4,5,False,50,0,71,71,0.355,0
245,0,1,0,4,6,False,50,0,142,142,0.71,0
246,0,1,0,4,7,False,109,1,54,310,1.55,0
247,0,1,0,4,7,False,253,0,71,71,0.355,0
248,0,1,0,4,6,False,99,0,248,248,1.24,0
249,0,1,0,4,5,False,116,0,234,234,1.17,0
250,0,1,0,4,6,False,238,2,165,677,3.385,0
251,0,1,0,4,5,False,239,0,51,51,0.255,0
252,0,1,0,4,6,False,63,0,83,83,0.415,0
253,0,1,0,4,7,False,182,5,174,1454,7.27,0
254,0,1,0,4,5,False,6,1,179,435,2.175,0
255,0,1,0,4,6,False,59,2,162,674,3.37,0
256,0,1,0,4,7,False,140,9,96,2400,12.0,0
257,0,1,0,4,5,False,140,0,225,225,1.125,0
258,0,1,0,4,6,False,140,0,229,229,1.145,0
259,0,1,0,4,7,False,105,10,71,2631,13.155,0
260,0,1,0,4,5,False,100,0,62,62,0.31,0
261,0,1,0,4,6,False,233,0,147,147,0.735,0
262,0,1,0,4,7,False,51,11,12,2828,14.14,0
263,0,1,0,4,6,False,100,0,149,149,0.745,0
264,0,1,0,4,7,False,191,1,39,295,1.475,0
265,0,1,0,4,6,False,191,0,87,87,0.435,0
266,0,1,0,4,8,False,201,12,39,3111,15.555,0
267,0,1,0,4,9,False,201,5,170,1450,7.25,0
268,0,1,0,4,6,False,198,0,60,60,0.3,0
269,0,1,0,4,7,False,197,0,74,74,0.37,0
270,0,1,0,4,8,False,103,1,53,309,1.545,0
271,0,1,0,4,7,False,124,0,133,133,0.665,0
272,0,1,0,4,8,False,123,2,116,628,3.14,0
273,0,1,0,4,7,False,7,0,83,83,0.415,0
274,0,1,0,4,8,False,99,1,97,353,1.765,0
275,0,1,0,4,5,False,196,0,151,151,0.755,0
276,0,1,0,4,6,False,196,0,179,179,0.895,0
277,0,1,0,4,6,False,56,0,82,82,0.41,0
278,0,1,0,4,6,False,127,0,58,58,0.29,0
279,0,1,0,4,7,False,126,1,167,423,2.115,0
280,0,1,0,4,8,False,193,5,56,1336,6.68,0
281,0,1,0,4,9,False,138,5,112,1392,6.96,0
282,0,1,0,4,10,False,150,1,114,370,1.85,0
283,0,1,0,4,11,False,150,0,89,89,0.445,0
284,0,1,0,4,11,False,38,0,81,81,0.405,0
285,0,1,0,4,12,False,182,7,206,1998,9.99,0
286,0,1,0,4,12,False,167,0,75,75,0.375,0
287,0,1,0,4,8,False,13,0,118,118,0.59,0
288,0,1,0,4,10,False,248,0,76,76,0.38,0
289,0,1,0,4,11,False,152,2,248,760,3.8,0
290,0,1,0,4,8,False,159,0,150,150,0.75,0
291,0,1,0,4,10,False,37,1,10,266,1.33,0
292,0,1,0,4,10,False,48,0,60,60,0.3,0
293,0,1,0,4,11,False,36,6,28,1564,7.82,0
294,0,1,0,4,8,False,218,1,67,323,1.615,0
295,0,1,0,4,9,False,219,0,60,60,0.3,0
296,0,1,0,1,27,True,0,0,0,0,0.0,0
297,0,1,0,0,0,False,0,0,0,0,0.0,0
298,0,1,0,4,4,False,8,12,0,3072,15.36,0
299,0,1,0,5,4,False,9,12,0,3072,15.36,69
300,0,1,0,4,10,False,172,2,63,575,2.875,0
301,0,1,0,4,11,False,172,5,39,1319,6.595,0
302,0,1,0,4,12,False,39,11,152,2968,14.84,0
303,0,1,0,4,8,False,232,0,68,68,0.34,0
304,0,1,0,4,10,False,232,0,82,82,0.41,0
305,0,1,0,4,11,False,74,1,250,506,2.53,0
306,0,1,0,4,11,False,175,0,58,58,0.29,0
307,0,1,0,4,11,False,0,0,90,90,0.45,0
308,0,1,0,4,11,False,70,0,94,94,0.47,0
309,0,1,0,4,11,False,139,0,102,102,0.51,0
310,0,1,0,4,11,False,241,0,151,151,0.755,0
311,0,1,0,4,11,False,34,0,179,179,0.895,0
312,0,1,0,4,8,False,118,0,105,105,0.525,0
313,0,1,0,4,10,False,115,0,122,122,0.61,0
314,0,1,0,4,11,False,238,1,195,451,2.255,0
315,0,1,0,4,11,False,63,1,10,266,1.33,0
316,0,1,0,4,11,False,142,0,126,126,0.63,0
317,0,1,0,4,12,False,142,6,147,1683,8.415,0
318,0,1,0,4,11,False,20,1,86,342,1.71,0
319,0,1,0,4,12,False,15,0,159,159,0.795,0
320,0,1,0,4,11,False,138,0,26,26,0.13,0
321,0,1,0,4,12,False,138,0,61,61,0.305,0
322,0,1,0,4,11,False,22,0,228,228,1.14,0
323,0,1,0,4,12,False,26,0,149,149,0.745,0
324,0,1,0,4,10,False,166,0,65,65,0.325,0
325,0,1,0,4,11,False,1,1,60,316,1.58,0
326,0,1,0,4,12,False,235,1,28,284,1.42,0
327,0,1,0,4,11,False,120,0,101,101,0.505,0
328,0,1,0,4,11,False,194,1,31,287,1.435,0
329,0,1,0,4,12,False,200,1,56,312,1.56,0
330,0,1,0,4,11,False,98,0,60,60,0.3,0
331,0,1,0,4,11,False,168,0,186,186,0.93,0
332,0,1,0,4,12,False,168,1,44,300,1.5,0
333,0,1,0,4,13,False,200,12,4,3076,15.38,0
334,0,1,0,4,11,False,143,0,167,167,0.835,0
335,0,1,0,4,11,False,193,0,206,206,1.03,0
336,0,1,0,4,12,False,252,1,17,273,1.365,0
337,0,1,0,4,11,False,76,0,162,162,0.81,0
338,0,1,0,4,12,False,76,0,92,92,0.46,0
339,0,1,0,4,11,False,209,1,8,264,1.32,0
340,0,1,0,4,12,False,210,1,134,390,1.95,0
341,0,1,0,4,11,False,76,0,49,49,0.245,0
342,0,1,0,4,13,False,210,0,115,115,0.575,0
343,0,1,0,4,11,False,9,0,178,178,0.89,0
344,0,1,0,4,11,False,73,1,24,280,1.4,0
345,0,1,0,4,11,False,99,1,159,415,2.075,0
346,0,1,0,4,12,False,100,1,135,391,1.955,0
347,0,1,0,4,11,False,250,0,158,158,0.79,0
348,0,1,0,4,11,False,58,0,64,64,0.32,0
349,0,1,0,4,12,False,251,0,47,47,0.235,0
350,0,1,0,4,14,False,77,11,183,2999,14.995,0
351,0,1,0,4,11,False,11,1,59,315,1.575,0
352,0,1,0,4,11,False,92,0,66,66,0.33,0
353,0,1,0,4,11,False,162,0,77,77,0.385,0
354,0,1,0,4,12,False,29,0,142,142,0.71,0
355,0,1,0,4,15,False,77,14,138,3722,18.61,0
356,0,1,0,4,16,False,205,4,232,1256,6.28,0
357,0,1,0,4,17,False,100,9,72,2376,11.88,0
358,0,1,0,4,11,False,4,0,121,121,0.605,0
359,0,1,0,4,18,False,100,14,172,3756,18.78,0
360,0,1,0,4,19,False,119,10,198,2758,13.79,0
361,0,1,0,4,11,False,186,0,63,63,0.315,0
362,0,1,0,4,20,False,18,14,71,3655,18.275,0
363,0,1,0,4,21,False,5,7,7,1799,8.995,0
364,0,1,0,4,11,False,188,0,75,75,0.375,0
365,0,1,0,4,21,False,140,0,54,54,0.27,0
366,0,1,0,4,21,False,76,0,80,80,0.4,0
367,0,1,0,4,22,False,119,3,161,929,4.645,0
368,0,1,0,4,23,False,173,12,146,3218,16.09,0
369,0,1,0,4,24,False,119,1,61,317,1.585,0
370,0,1,0,4,25,False,141,3,161,929,4.645,0
371,0,1,0,4,26,False,140,4,115,1139,5.695,0
372,0,1,0,4,27,False,196,7,150,1942,9.71,0
373,0,1,0,4,28,False,105,0,65,65,0.325,0
374,0,1,0,4,7,True,190,3,102,870,4.35,0
375,0,1,0,4,8,True,219,8,71,2119,10.595,0
376,0,1,0,4,9,True,197,4,196,1220,6.1,0
377,0,1,0,4,10,True,118,8,24,2072,10.36,0
378,0,1,0,4,11,True,205,0,12,12,0.06,0
379,0,1,0,4,12,True,172,7,236,2028,10.14,0
380,0,1,0,4,13,True,139,8,127,2175,10.875,0
381,0,1,0,4,14,True,210,8,108,2156,10.78,0
382,0,1,0,4,15,True,77,2,73,585,2.925,0
383,0,1,0,4,16,True,188,7,136,1928,9.64,0
384,0,1,0,4,17,True,119,4,180,1204,6.02,0
385,0,1,0,4,18,True,29,14,23,3607,18.035,0
386,0,1,0,4,19,True,79,3,9,777,3.885,0
387,0,1,0,4,20,True,76,12,164,3236,16.18,0
388,0,1,0,4,21,True,77,15,188,4028,20.14,0
389,0,1,0,4,22,True,120,4,115,1139,5.695,0
390,0,1,0,4,23,True,172,4,19,1043,5.215,0
391,0,1,0,4,24,True,173,1,69,325,1.625,0
392,0,1,0,4,25,True,77,13,8,3336,16.68,0
393,0,1,0,4,26,True,229,6,9,1545,7.725,0
394,0,1,0,4,27,True,0,0,10,10,0.05,2719286273
395,0,3,0,0,0,False,0,0,10,10,0.05,1
396,0,-1,-1,-1,-1,True,-1,-1,-1,-1,-1.0,-1
397,0,-1,-1,-1,-1,True,-1,-1,-1,-1,-1.0,-1
398,0,-1,-1,-1,-1,True,-1,-1,-1,-1,-1.0,-1
399,0,-1,-1,-1,-1,True,-1,-1,-1,-1,-1.0,-1
400,0,-1,-1,-1,-1,True,-1,-1,-1,-1,-1.0,-1
401,0,1,0,6,41,True,3,6,4,1540,7.7,1803
402,0,1,0,0,0,False,0,0,0,0,0.0,0
403,0,1,0,2,4,False,21,0,0,0,0.0,0
404,0,1,0,7,0,False,57,4,24,1048,5.24,4063962
405,0,1,0,4,25,False,164,5,118,1398,6.99,0
406,0,1,0,4,26,False,164,4,199,1223,6.115,0
407,0,1,0,4,27,False,163,6,167,1703,8.515,0
408,0,1,0,4,28,False,195,1,13,269,1.345,0
409,0,1,0,4,6,True,191,0,140,140,0.7,0
410,0,1,0,4,7,True,200,2,158,670,3.35,0
411,0,1,0,4,8,True,44,5,1,1281,6.405,0
412,0,1,0,4,9,True,131,5,148,1428,7.14,0
413,0,1,0,4,10,True,156,3,38,806,4.03,0
414,0,1,0,4,11,True,6,5,76,1356,6.78,0
415,0,1,0,4,12,True,156,6,125,1661,8.305,0
416,0,1,0,4,13,True,218,5,129,1409,7.045,0
417,0,1,0,4,14,True,160,12,70,3142,15.71,0
418,0,1,0,4,15,True,108,15,3,3843,19.215,0
419,0,1,0,4,16,True,7,6,48,1584,7.92,0
420,0,1,0,4,17,True,240,3,228,996,4.98,0
421,0,1,0,4,18,True,103,7,139,1931,9.655,0
422,0,1,0,4,19,True,7,7,21,1813,9.065,0
423,0,1,0,4,20,True,7,11,249,3065,15.325,0
424,0,1,0,4,21,True,119,12,28,3100,15.5,0
425,0,1,0,4,22,True,107,9,133,2437,12.185,0
426,0,1,0,4,23,True,98,7,88,1880,9.4,0
427,0,1,0,4,24,True,111,1,29,285,1.425,0
428,0,1,0,4,25,True,236,1,66,322,1.61,0
429,0,1,0,4,26,True,111,0,1,1,0.005,0
430,0,1,0,4,27,True,0,1,111,367,1.835,0
431,0,1,0,4,28,True,9,3,0,768,3.84,167772160
432,0,-1,-1,-1,-1,True,-1,-1,-1,-1,-1.0,-1
433,0,-1,-1,-1,-1,True,-1,-1,-1,-1,-1.0,-1
434,0,-1,-1,-1,-1,True,-1,-1,-1,-1,-1.0,-1
435,0,-1,-1,-1,-1,True,-1,-1,-1,-1,-1.0,-1
436,0,-1,-1,-1,-1,True,-1,-1,-1,-1,-1.0,-1
437,0,-1,-1,-1,-1,True,-1,-1,-1,-1,-1.0,-1
438,0,1,0,4,8,False,37,1,179,435,2.175,0
439,0,1,0,4,6,False,37,0,174,174,0.87,0
440,0,1,0,4,7,False,106,1,109,365,1.825,0
441,0,1,0,4,8,False,250,5,29,1309,6.545,0
442,0,1,0,4,5,False,46,0,96,96,0.48,0
443,0,1,0,4,6,False,46,0,120,120,0.6,0
444,0,1,0,4,7,False,176,0,244,244,1.22,0
445,0,1,0,4,5,False,246,0,66,66,0.33,0
446,0,1,0,4,6,False,245,0,106,106,0.53,0
447,0,1,0,4,7,False,91,0,155,155,0.775,0
448,0,1,0,4,7,False,231,0,168,168,0.84,0
449,0,1,0,4,6,False,252,0,138,138,0.69,0
450,0,1,0,4,5,False,87,0,154,154,0.77,0
451,0,1,0,4,6,False,66,0,106,106,0.53,0
452,0,1,0,4,7,False,206,1,229,485,2.425,0
453,0,1,0,4,7,False,73,0,75,75,0.375,0
454,0,1,0,4,7,False,143,1,33,289,1.445,0
455,0,1,0,4,6,False,160,0,59,59,0.295,0
456,0,1,0,4,6,False,244,0,63,63,0.315,0
457,0,1,0,4,7,False,244,3,22,790,3.95,0
458,0,1,0,4,6,False,139,0,85,85,0.425,0
459,0,1,0,4,7,False,139,0,55,55,0.275,0
460,0,1,0,4,6,False,12,0,72,72,0.36,0
461,0,1,0,4,7,False,82,0,145,145,0.725,0
462,0,1,0,4,5,False,156,0,68,68,0.34,0
463,0,1,0,4,6,False,156,0,100,100,0.5,0
464,0,1,0,4,6,False,40,0,69,69,0.345,0
465,0,1,0,4,7,False,152,0,177,177,0.885,0
466,0,1,0,4,8,False,179,4,195,1219,6.095,0
467,0,1,0,4,9,False,25,2,100,612,3.06,0
468,0,1,0,4,6,False,25,0,62,62,0.31,0
469,0,1,0,4,7,False,95,0,140,140,0.7,0
470,0,1,0,4,8,False,236,1,134,390,1.95,0
471,0,1,0,4,6,False,0,0,76,76,0.38,0
472,0,1,0,4,7,False,0,0,92,92,0.46,0
473,0,1,0,4,8,False,0,0,149,149,0.745,0
474,0,1,0,4,7,False,210,0,50,50,0.25,0
475,0,1,0,4,9,False,0,0,180,180,0.9,0
476,0,1,0,4,6,False,119,0,63,63,0.315,0
477,0,1,0,4,7,False,119,0,140,140,0.7,0
478,0,1,0,4,8,False,115,0,150,150,0.75,0
479,0,1,0,4,9,False,95,0,134,134,0.67,0
480,0,1,0,4,6,False,95,0,47,47,0.235,0
481,0,1,0,4,7,False,133,0,127,127,0.635,0
482,0,1,0,4,8,False,48,2,141,653,3.265,0
483,0,1,0,4,9,False,133,1,29,285,1.425,0
484,0,-1,-1,-1,-1,True,-1,-1,-1,-1,-1.0,-1
485,0,-1,-1,-1,-1,True,-1,-1,-1,-1,-1.0,-1
486,0,-1,-1,-1,-1,True,-1,-1,-1,-1,-1.0,-1
487,0,1,0,4,10,False,39,3,110,878,4.39,0
488,0,1,0,4,11,False,210,7,139,1931,9.655,0
489,0,1,0,4,11,False,34,0,182,182,0.91,0
490,0,1,0,4,12,False,122,1,38,294,1.47,0
491,0,1,0,4,13,False,122,2,190,702,3.51,0
492,0,1,0,4,10,False,223,0,87,87,0.435,0
493,0,1,0,4,11,False,223,0,233,233,1.165,0
494,0,1,0,4,10,False,128,0,74,74,0.37,0
495,0,1,0,4,10,False,199,0,66,66,0.33,0
496,0,1,0,4,11,False,229,1,97,353,1.765,0
497,0,1,0,4,10,False,48,0,53,53,0.265,0
498,0,1,0,4,10,False,128,0,124,124,0.62,0
499,0,1,0,4,10,False,247,0,137,137,0.685,0
500,0,1,0,4,8,False,254,0,57,57,0.285,0
501,0,1,0,4,10,False,103,0,74,74,0.37,0
502,0,1,0,4,11,False,201,8,42,2090,10.45,0
503,0,1,0,4,11,False,243,0,162,162,0.81,0
504,0,1,0,4,10,False,61,0,169,169,0.845,0
505,0,1,0,4,7,False,127,0,60,60,0.3,0
506,0,1,0,4,8,False,121,0,188,188,0.94,0
507,0,1,0,4,10,False,126,0,156,156,0.78,0
508,0,1,0,4,11,False,64,4,65,1089,5.445,0
509,0,1,0,4,12,False,175,15,137,3977,19.885,0
510,0,1,0,4,10,False,175,0,66,66,0.33,0
511,0,1,0,4,11,False,175,0,161,161,0.805,0
512,0,1,0,4,11,False,98,0,53,53,0.265,0
513,0,1,0,4,11,False,172,0,220,220,1.1,0
514,0,1,0,4,13,False,121,5,50,1330,6.65,0
515,0,1,0,4,11,False,55,0,250,250,1.25,0
516,0,1,0,4,14,False,157,3,120,888,4.44,0
517,0,1,0,4,8,False,168,0,221,221,1.105,0
518,0,1,0,4,10,False,157,0,76,76,0.38,0
519,0,1,0,4,11,False,41,3,51,819,4.095,0
520,0,1,0,4,12,False,41,3,30,798,3.99,0
521,0,1,0,4,11,False,251,1,157,413,2.065,0
522,0,1,0,4,11,False,16,1,220,476,2.38,0
523,0,1,0,4,11,False,86,0,83,83,0.415,0
524,0,1,0,4,11,False,209,0,78,78,0.39,0
525,0,1,0,4,11,False,18,1,101,357,1.785,0
526,0,1,0,4,11,False,60,0,164,164,0.82,0
527,0,1,0,4,12,False,60,2,145,657,3.285,0
528,0,1,0,4,13,False,20,1,202,458,2.29,0
529,0,1,0,4,11,False,253,0,142,142,0.71,0
530,0,1,0,4,11,False,68,0,69,69,0.345,0
531,0,1,0,4,11,False,180,0,212,212,1.06,0
532,0,1,0,4,12,False,180,0,203,203,1.015,0
533,0,1,0,4,14,False,61,5,66,1346,6.73,0
534,0,1,0,4,15,False,61,0,223,223,1.115,0
535,0,1,0,4,16,False,60,15,153,3993,19.965,0
536,0,1,0,4,17,False,253,6,142,1678,8.39,0
537,0,1,0,4,10,False,70,0,55,55,0.275,0
538,0,1,0,4,11,False,70,0,188,188,0.94,0
539,0,1,0,4,12,False,232,1,67,323,1.615,0
540,0,1,0,4,11,False,231,0,138,138,0.69,0
541,0,1,0,4,13,False,115,0,130,130,0.65,0
542,0,1,0,4,11,False,114,1,56,312,1.56,0
543,0,1,0,4,11,False,216,1,42,298,1.49,0
544,0,1,0,4,11,False,20,0,64,64,0.32,0
545,0,1,0,4,12,False,216,1,135,391,1.955,0
546,0,1,0,4,13,False,216,0,71,71,0.355,0
547,0,1,0,4,11,False,255,0,205,205,1.025,0
548,0,1,0,4,12,False,86,0,204,204,1.02,0
549,0,1,0,4,15,False,216,0,140,140,0.7,0
550,0,1,0,4,16,False,216,0,216,216,1.08,0
551,0,1,0,4,17,False,234,1,44,300,1.5,0
552,0,1,0,4,11,False,44,0,126,126,0.63,0
553,0,1,0,4,12,False,44,0,58,58,0.29,0
554,0,1,0,4,18,False,216,7,136,1928,9.64,0
555,0,1,0,4,19,False,168,15,243,4083,20.415,0
556,0,1,0,4,20,False,216,5,235,1515,7.575,0
557,0,1,0,4,11,False,200,1,7,263,1.315,0
558,0,1,0,4,12,False,211,0,78,78,0.39,0
559,0,1,0,4,21,False,211,14,226,3810,19.05,0
560,0,1,0,4,11,False,126,0,81,81,0.405,0
561,0,1,0,4,12,False,126,0,66,66,0.33,0
562,0,1,0,4,11,False,239,0,107,107,0.535,0
563,0,1,0,4,11,False,74,0,89,89,0.445,0
564,0,1,0,4,21,False,73,0,236,236,1.18,0
565,0,1,0,4,22,False,127,3,172,940,4.7,0
566,0,1,0,4,23,False,126,11,146,2962,14.81,0
567,0,1,0,4,24,False,163,11,142,2958,14.79,0
568,0,1,0,4,25,False,244,3,49,817,4.085,0
569,0,1,0,4,26,False,244,2,180,692,3.46,0
570,0,1,0,4,27,False,92,6,136,1672,8.36,0
571,0,1,0,4,6,True,244,0,54,54,0.27,0
572,0,1,0,4,7,True,92,2,181,693,3.465,0
573,0,1,0,4,8,True,102,9,115,2419,12.095,0
574,0,1,0,4,9,True,93,4,139,1163,5.815,0
575,0,1,0,4,10,True,163,8,94,2142,10.71,0
576,0,1,0,4,11,True,216,6,80,1616,8.08,0
577,0,1,0,4,12,True,126,11,5,2821,14.105,0
578,0,1,0,4,13,True,127,8,70,2118,10.59,0
579,0,1,0,4,14,True,216,1,80,336,1.68,0
580,0,1,0,4,15,True,61,10,57,2617,13.085,0
581,0,1,0,4,16,True,73,5,196,1476,7.38,0
582,0,1,0,4,17,True,163,10,126,2686,13.43,0
583,0,1,0,4,18,True,126,0,39,39,0.195,0
584,0,1,0,4,19,True,216,1,238,494,2.47,0
585,0,1,0,4,20,True,73,3,129,897,4.485,0
586,0,1,0,4,21,True,216,6,152,1688,8.44,0
587,0,1,0,4,22,True,86,10,191,2751,13.755,0
588,0,1,0,4,23,True,163,13,200,3528,17.64,0
589,0,1,0,4,24,True,127,1,71,327,1.635,0
590,0,1,0,4,25,True,216,2,216,728,3.64,0
591,0,1,0,4,26,True,127,11,229,3045,15.225,0
592,0,1,0,4,27,True,216,0,0,0,0.0,67176960
593,0,121,0,1,31,True,0,0,0,0,0.0,0
594,0,-1,-1,-1,-1,True,-1,-1,-1,-1,-1.0,-1
595,0,1,0,4,7,False,201,6,129,1665,8.325,0
596,0,1,0,4,8,False,64,1,126,382,1.91,0
597,0,1,0,4,5,False,85,0,80,80,0.4,0
598,0,1,0,4,6,False,85,0,206,206,1.03,0
599,0,1,0,4,7,False,134,1,171,427,2.135,0
600,0,1,0,7,6,True,1,11,4,2820,14.1,22533
601,0,1,0,7,4,False,6,6,0,1536,7.68,460029
602,0,1,0,1,1,False,0,0,0,0,0.0,0
603,0,1,0,2,4,False,7,0,0,0,0.0,0
604,0,1,0,1,0,False,0,0,0,0,0.0,0
605,0,1,0,1,4,False,0,0,0,0,0.0,0
606,0,1,0,6,55,False,0,1,4,260,1.3,48390
607,0,1,0,0,0,False,0,0,0,0,0.0,0
608,0,1,0,1,4,False,0,0,0,0,0.0,0
609,0,1,0,7,52,False,0,4,4,1028,5.14,29702
610,0,1,0,6,4,False,5,15,0,3840,19.2,1096
611,0,1,0,6,15,True,0,2,4,516,2.58,10503
612,0,1,0,0,0,False,0,0,0,0,0.0,0
613,0,1,0,4,4,False,5,15,0,3840,19.2,0
614,0,1,0,5,4,False,6,15,0,3840,19.2,62
615,0,1,0,4,7,False,111,0,60,60,0.3,0
616,0,1,0,4,8,False,196,9,71,2375,11.875,0
617,0,1,0,4,8,False,121,0,154,154,0.77,0
618,0,1,0,4,7,False,167,0,63,63,0.315,0
619,0,1,0,4,9,False,167,8,19,2067,10.335,0
620,0,1,0,4,10,False,125,12,219,3291,16.455,0
621,0,1,0,4,8,False,131,0,65,65,0.325,0
622,0,1,0,4,8,False,248,0,53,53,0.265,0
623,0,1,0,4,9,False,131,0,64,64,0.32,0
624,0,1,0,4,10,False,148,1,29,285,1.425,0
625,0,1,0,4,7,False,155,0,61,61,0.305,0
626,0,1,0,4,8,False,148,1,21,277,1.385,0
627,0,1,0,4,6,False,53,0,62,62,0.31,0
628,0,1,0,4,7,False,53,0,63,63,0.315,0
629,0,1,0,4,8,False,215,0,119,119,0.595,0
630,0,1,0,4,9,False,53,1,48,304,1.52,0
631,0,1,0,4,8,False,98,0,70,70,0.35,0
632,0,1,0,4,9,False,98,0,60,60,0.3,0
633,0,1,0,4,10,False,242,3,254,1022,5.11,0
634,0,1,0,4,11,False,52,6,236,1772,8.86,0
635,0,1,0,4,10,False,126,0,51,51,0.255,0
636,0,1,0,4,11,False,217,1,100,356,1.78,0
637,0,1,0,4,11,False,30,1,235,491,2.455,0
638,0,1,0,4,11,False,80,0,81,81,0.405,0
639,0,1,0,4,11,False,149,1,26,282,1.41,0
640,0,1,0,4,11,False,181,0,47,47,0.235,0
641,0,1,0,4,12,False,154,15,129,3969,19.845,0
642,0,1,0,4,11,False,79,0,158,158,0.79,0
643,0,1,0,4,10,False,177,0,60,60,0.3,0
644,0,1,0,4,11,False,237,2,250,762,3.81,0
645,0,1,0,4,11,False,82,0,233,233,1.165,0
646,0,1,0,4,10,False,103,0,150,150,0.75,0
647,0,1,0,4,11,False,222,2,90,602,3.01,0
648,0,1,0,4,11,False,222,2,187,699,3.495,0
649,0,1,0,4,11,False,57,0,105,105,0.525,0
650,0,1,0,4,11,False,176,0,170,170,0.85,0
651,0,1,0,4,12,False,176,7,98,1890,9.45,0
652,0,1,0,4,12,False,33,0,55,55,0.275,0
653,0,1,0,4,8,False,85,0,68,68,0.34,0
654,0,1,0,4,8,False,155,0,71,71,0.355,0
655,0,1,0,4,10,False,155,0,128,128,0.64,0
656,0,1,0,4,11,False,50,3,90,858,4.29,0
657,0,1,0,4,12,False,50,2,53,565,2.825,0
658,0,1,0,4,11,False,199,0,212,212,1.06,0
659,0,1,0,4,12,False,35,1,0,256,1.28,0
660,0,1,0,4,11,False,84,1,81,337,1.685,0
661,0,1,0,4,12,False,84,0,77,77,0.385,0
662,0,1,0,4,13,False,45,8,77,2125,10.625,0
663,0,1,0,4,14,False,45,13,205,3533,17.665,0
664,0,1,0,4,15,False,86,1,252,508,2.54,0
665,0,1,0,4,11,False,202,0,209,209,1.045,0
666,0,1,0,4,11,False,223,0,95,95,0.475,0
667,0,1,0,4,12,False,86,1,233,489,2.445,0
668,0,1,0,4,11,False,86,0,203,203,1.015,0
669,0,1,0,4,12,False,86,2,82,594,2.97,0
670,0,1,0,4,11,False,40,2,83,595,2.975,0
671,0,1,0,4,11,False,65,3,92,860,4.3,0
672,0,1,0,4,12,False,61,4,122,1146,5.73,0
673,0,1,0,4,11,False,226,0,62,62,0.31,0
674,0,1,0,4,11,False,19,1,107,363,1.815,0
675,0,1,0,4,11,False,110,0,78,78,0.39,0
676,0,1,0,4,11,False,179,0,232,232,1.16,0
677,0,1,0,4,12,False,170,1,30,286,1.43,0
678,0,1,0,4,13,False,44,0,84,84,0.42,0
679,0,1,0,4,14,False,20,1,34,290,1.45,0
680,0,1,0,4,11,False,154,0,111,111,0.555,0
681,0,1,0,4,12,False,155,0,72,72,0.36,0
682,0,1,0,4,15,False,61,0,185,185,0.925,0
683,0,1,0,4,16,False,110,1,159,415,2.075,0
684,0,1,0,4,17,False,110,0,177,177,0.885,0
685,0,1,0,4,11,False,253,0,30,30,0.15,0
686,0,1,0,4,18,False,170,4,85,1109,5.545,0
687,0,1,0,4,19,False,85,6,61,1597,7.985,0
688,0,1,0,4,20,False,44,3,151,919,4.595,0
689,0,1,0,4,21,False,158,7,198,1990,9.95,0
690,0,1,0,4,22,False,102,14,182,3766,18.83,0
691,0,1,0,4,23,False,53,8,19,2067,10.335,0
692,0,1,0,4,11,False,234,0,80,80,0.4,0
693,0,1,0,4,21,False,234,0,88,88,0.44,0
694,0,1,0,4,11,False,160,0,63,63,0.315,0
695,0,1,0,4,21,False,161,0,53,53,0.265,0
696,0,1,0,4,24,False,98,5,106,1386,6.93,0
697,0,1,0,4,25,False,88,2,156,668,3.34,0
698,0,1,0,4,26,False,88,1,175,431,2.155,0
699,0,1,0,4,27,False,88,5,74,1354,6.77,0
700,0,1,0,4,7,True,88,2,187,699,3.495,0
701,0,1,0,4,8,True,167,5,46,1326,6.63,0
702,0,1,0,4,9,True,93,3,35,803,4.015,0
703,0,1,0,4,10,True,98,4,203,1227,6.135,0
704,0,1,0,4,11,True,61,14,190,3774,18.87,0
705,0,1,0,4,12,True,98,4,114,1138,5.69,0
706,0,1,0,4,11,False,208,0,48,48,0.24,0
707,0,1,0,4,21,False,235,0,127,127,0.635,0
708,0,1,0,4,13,True,154,3,174,942,4.71,0
709,0,1,0,4,14,True,44,2,216,728,3.64,0
710,0,1,0,4,15,True,20,4,134,1158,5.79,0
711,0,1,0,4,16,True,208,5,82,1362,6.81,0
712,0,1,0,4,17,True,98,11,43,2859,14.295,0
713,0,1,0,4,18,True,155,8,54,2102,10.51,0
714,0,1,0,4,19,True,44,14,95,3679,18.395,0
715,0,1,0,4,20,True,235,13,213,3541,17.705,0
716,0,1,0,4,21,True,61,9,136,2440,12.2,0
717,0,1,0,4,22,True,110,0,173,173,0.865,0
718,0,1,0,4,23,True,86,2,61,573,2.865,0
719,0,1,0,4,24,True,155,13,218,3546,17.73,0
720,0,1,0,4,25,True,44,8,37,2085,10.425,0
721,0,1,0,4,26,True,98,3,67,835,4.175,0
722,0,1,0,4,27,True,61,14,198,3782,18.91,0
723,0,1,0,4,28,True,61,0,211,211,1.055,0
724,0,1,0,4,6,False,33,0,65,65,0.325,0
725,0,1,0,4,7,False,134,1,28,284,1.42,0
726,0,1,0,4,5,False,134,0,63,63,0.315,0
727,0,1,0,4,6,False,253,0,219,219,1.095,0
728,0,1,0,4,6,False,88,0,200,200,1.0,0
729,0,1,0,4,5,False,95,0,80,80,0.4,0
730,0,1,0,4,6,False,232,1,207,463,2.315,0
731,0,1,0,4,6,False,42,2,209,721,3.605,0
732,0,1,0,4,6,False,116,0,144,144,0.72,0
733,0,1,0,4,5,False,182,0,158,158,0.79,0
734,0,1,0,4,6,False,182,2,127,639,3.195,0
735,0,1,0,4,7,False,17,8,252,2300,11.5,0
736,0,1,0,4,8,False,21,14,91,3675,18.375,0
737,0,1,0,4,7,False,167,0,126,126,0.63,0
738,0,1,0,4,8,False,7,3,82,850,4.25,0
739,0,1,0,4,6,False,55,0,70,70,0.35,0
740,0,1,0,4,5,False,135,0,80,80,0.4,0
741,0,1,0,4,6,False,125,0,102,102,0.51,0
742,0,1,0,4,5,False,9,0,60,60,0.3,0
743,0,1,0,4,6,False,9,0,66,66,0.33,0
744,0,1,0,4,7,False,180,1,149,405,2.025,0
745,0,1,0,4,5,False,180,0,110,110,0.55,0
746,0,1,0,4,6,False,191,0,242,242,1.21,0
747,0,1,0,4,7,False,191,0,95,95,0.475,0
748,0,1,0,4,8,False,208,7,75,1867,9.335,0
749,0,1,0,4,6,False,229,0,132,132,0.66,0
750,0,1,0,4,7,False,229,0,150,150,0.75,0
751,0,1,0,4,8,False,33,1,48,304,1.52,0
752,0,1,0,4,6,False,183,0,79,79,0.395,0
753,0,1,0,4,7,False,183,0,76,76,0.38,0
754,0,1,0,7,55,True,0,12,4,3076,15.38,27909
755,0,1,0,2,4,False,6,0,0,0,0.0,0
756,0,1,0,6,0,False,131,4,7,1031,5.155,249
757,0,1,0,7,4,False,8,15,6,3846,19.23,459822
758,0,1,0,3,0,False,67,4,0,1024,5.12,0
759,0,1,0,0,0,False,0,0,0,0,0.0,0
760,0,1,0,2,1,False,9,0,0,0,0.0,0
761,0,1,0,4,6,False,31,0,90,90,0.45,0
762,0,1,0,4,7,False,31,0,92,92,0.46,0
763,0,1,0,4,8,False,171,2,25,537,2.685,0
764,0,1,0,4,5,False,241,0,89,89,0.445,0
765,0,1,0,4,6,False,241,0,180,180,0.9,0
766,0,1,0,4,7,False,146,0,244,244,1.22,0
767,0,1,0,4,7,False,216,0,59,59,0.295,0
768,0,1,0,4,8,False,62,1,226,482,2.41,0
769,0,1,0,4,7,False,104,0,61,61,0.305,0
770,0,1,0,4,8,False,202,4,174,1198,5.99,0
771,0,1,0,4,8,False,202,5,108,1388,6.94,0
772,0,1,0,4,8,False,58,0,76,76,0.38,0
773,0,1,0,4,9,False,104,8,91,2139,10.695,0
774,0,1,0,4,10,False,219,4,249,1273,6.365,0
775,0,1,0,4,8,False,219,0,132,132,0.66,0
776,0,1,0,4,11,False,106,11,50,2866,14.33,0
777,0,1,0,4,8,False,152,0,155,155,0.775,0
778,0,1,0,4,10,False,246,0,235,235,1.175,0
779,0,1,0,4,6,False,253,0,43,43,0.215,0
780,0,1,0,4,7,False,253,0,230,230,1.15,0
781,0,1,0,4,8,False,246,1,61,317,1.585,0
782,0,1,0,4,8,False,216,0,177,177,0.885,0
783,0,1,0,4,8,False,25,0,74,74,0.37,0
784,0,1,0,4,9,False,253,0,247,247,1.235,0
785,0,1,0,4,10,False,154,2,112,624,3.12,0
786,0,-1,-1,-1,-1,True,-1,-1,-1,-1,-1.0,-1
787,0,-1,-1,-1,-1,True,-1,-1,-1,-1,-1.0,-1
788,0,-1,-1,-1,-1,True,-1,-1,-1,-1,-1.0,-1
789,0,-1,-1,-1,-1,True,-1,-1,-1,-1,-1.0,-1
790,0,1,0,4,21,False,175,9,102,2406,12.03,0
791,0,1,0,4,22,False,107,15,96,3936,19.68,0
792,0,1,0,4,23,False,124,5,216,1496,7.48,0
793,0,1,0,4,24,False,67,11,165,2981,14.905,0
794,0,1,0,4,25,False,186,3,15,783,3.915,0
795,0,1,0,4,26,False,186,3,214,982,4.91,0
796,0,1,0,2,58,True,3,0,0,0,0.0,0
797,0,1,0,6,4,False,21,15,0,3840,19.2,1079
798,0,1,0,6,58,True,0,2,4,516,2.58,47751
799,0,1,0,1,46,False,0,0,0,0,0.0,0
800,0,1,0,4,8,True,185,4,21,1045,5.225,0
801,0,1,0,4,9,True,186,3,85,853,4.265,0
802,0,1,0,4,10,True,107,3,250,1018,5.09,0
803,0,1,0,4,11,True,200,11,54,2870,14.35,0
804,0,1,0,4,12,True,212,4,37,1061,5.305,0
805,0,1,0,4,13,True,68,0,140,140,0.7,0
806,0,1,0,4,14,True,42,2,77,589,2.945,0
807,0,1,0,4,15,True,36,6,242,1778,8.89,0
808,0,1,0,4,16,True,182,10,92,2652,13.26,0
809,0,1,0,4,17,True,67,14,76,3660,18.3,0
810,0,1,0,4,18,True,176,7,12,1804,9.02,0
811,0,1,0,4,19,True,144,0,13,13,0.065,0
812,0,1,0,4,20,True,15,0,123,123,0.615,0
813,0,1,0,4,21,True,93,7,12,1804,9.02,0
814,0,1,0,4,22,True,148,0,161,161,0.805,0
815,0,1,0,4,23,True,67,2,125,637,3.185,0
816,0,1,0,4,24,True,30,12,86,3158,15.79,0
817,0,1,0,4,25,True,87,7,113,1905,9.525,0
818,0,1,0,4,26,True,218,2,114,626,3.13,0
819,0,1,0,4,27,True,94,7,239,2031,10.155,19714
820,0,-1,-1,-1,-1,True,-1,-1,-1,-1,-1.0,-1
821,0,-1,-1,-1,-1,True,-1,-1,-1,-1,-1.0,-1
822,0,1,0,4,8,False,234,0,211,211,1.055,0
823,0,1,0,4,7,False,102,0,63,63,0.315,0
824,0,1,0,4,5,False,197,0,73,73,0.365,0
825,0,1,0,4,6,False,197,0,96,96,0.48,0
826,0,1,0,4,6,False,81,0,69,69,0.345,0
827,0,1,0,4,5,False,162,0,220,220,1.1,0
828,0,1,0,4,6,False,150,0,171,171,0.855,0
829,0,1,0,4,7,False,147,2,40,552,2.76,0
830,0,1,0,4,8,False,59,6,52,1588,7.94,0
831,0,1,0,4,9,False,158,0,134,134,0.67,0
832,0,1,0,4,10,False,146,6,23,1559,7.795,0
833,0,1,0,4,8,False,20,0,79,79,0.395,0
834,0,1,0,4,10,False,20,0,73,73,0.365,0
835,0,1,0,4,8,False,164,0,55,55,0.275,0
836,0,1,0,4,11,False,9,7,16,1808,9.04,0
837,0,1,0,4,12,False,104,1,66,322,1.61,0
838,0,1,0,4,10,False,128,1,27,283,1.415,0
839,0,1,0,4,11,False,247,3,72,840,4.2,0
840,0,1,0,4,10,False,247,0,50,50,0.25,0
841,0,1,0,4,11,False,135,5,63,1343,6.715,0
842,0,1,0,4,10,False,173,0,153,153,0.765,0
843,0,1,0,4,8,False,237,0,41,41,0.205,0
844,0,1,0,4,10,False,236,0,82,82,0.41,0
845,0,1,0,4,7,False,131,0,67,67,0.335,0
846,0,1,0,4,8,False,131,0,221,221,1.105,0
847,0,1,0,4,8,False,4,0,78,78,0.39,0
848,0,1,0,4,8,False,80,0,254,254,1.27,0
849,0,1,0,4,10,False,81,1,234,490,2.45,0
850,0,1,0,4,11,False,186,14,252,3836,19.18,0
851,0,1,0,4,12,False,186,15,95,3935,19.675,0
852,0,1,0,4,11,False,112,0,71,71,0.355,0
853,0,1,0,4,11,False,182,0,69,69,0.345,0
854,0,1,0,4,11,False,224,0,72,72,0.36,0
855,0,1,0,4,11,False,38,0,97,97,0.485,0
856,0,1,0,4,10,False,108,0,68,68,0.34,0
857,0,1,0,4,11,False,227,1,244,500,2.5,0
858,0,1,0,4,12,False,227,2,255,767,3.835,0
859,0,1,0,4,10,False,62,0,60,60,0.3,0
860,0,1,0,4,10,False,142,0,77,77,0.385,0
861,0,1,0,4,11,False,223,4,173,1197,5.985,0
862,0,1,0,4,12,False,185,4,201,1225,6.125,0
863,0,1,0,4,11,False,128,1,230,486,2.43,0
864,0,1,0,4,8,False,160,0,64,64,0.32,0
865,0,1,0,4,10,False,160,0,77,77,0.385,0
866,0,1,0,4,11,False,159,1,247,503,2.515,0
867,0,1,0,4,12,False,160,2,44,556,2.78,0
868,0,1,0,4,11,False,156,0,147,147,0.735,0
869,0,1,0,4,13,False,166,9,227,2531,12.655,0
870,0,1,0,4,11,False,39,0,105,105,0.525,0
871,0,1,0,4,12,False,40,0,82,82,0.41,0
872,0,1,0,4,11,False,201,0,52,52,0.26,0
873,0,1,0,4,12,False,40,0,8,8,0.04,0
874,0,1,0,4,14,False,160,6,100,1636,8.18,0
875,0,1,0,4,11,False,137,1,58,314,1.57,0
876,0,1,0,4,11,False,228,0,178,178,0.89,0
877,0,1,0,4,11,False,42,0,108,108,0.54,0
878,0,1,0,4,11,False,112,0,120,120,0.6,0
879,0,1,0,4,11,False,182,0,78,78,0.39,0
880,0,1,0,4,11,False,17,0,160,160,0.8,0
881,0,1,0,4,11,False,66,0,111,111,0.555,0
882,0,1,0,4,12,False,66,2,217,729,3.645,0
883,0,1,0,4,15,False,153,3,76,844,4.22,0
884,0,1,0,4,11,False,73,1,113,369,1.845,0
885,0,1,0,4,11,False,136,2,211,723,3.615,0
886,0,1,0,4,11,False,136,3,91,859,4.295,0
887,0,1,0,4,12,False,137,1,239,495,2.475,0
888,0,1,0,4,11,False,68,0,84,84,0.42,0
889,0,1,0,4,12,False,68,0,97,97,0.485,0
890,0,1,0,4,13,False,69,1,161,417,2.085,0
891,0,1,0,4,14,False,24,0,76,76,0.38,0
892,0,1,0,4,16,False,136,11,149,2965,14.825,0
893,0,1,0,4,17,False,136,0,122,122,0.61,0
894,0,1,0,4,18,False,137,6,41,1577,7.885,0
895,0,1,0,4,19,False,167,3,206,974,4.87,0
896,0,1,0,4,20,False,137,10,16,2576,12.88,0
897,0,1,0,4,11,False,159,0,59,59,0.295,0
898,0,1,0,4,12,False,159,0,67,67,0.335,0
899,0,1,0,4,21,False,46,6,5,1541,7.705,0
900,0,1,0,4,11,False,158,1,62,318,1.59,0
901,0,1,0,4,11,False,158,1,150,406,2.03,0
902,0,1,0,4,12,False,165,0,182,182,0.91,0
903,0,1,0,4,17,False,159,0,54,54,0.27,0
904,0,1,0,4,11,False,144,0,76,76,0.38,0
905,0,1,0,4,21,False,144,1,79,335,1.675,0
906,0,1,0,4,22,False,161,7,11,1803,9.015,0
907,0,1,0,4,11,False,70,0,83,83,0.415,0
908,0,1,0,4,21,False,70,0,103,103,0.515,0
909,0,1,0,4,23,False,138,13,202,3530,17.65,0
910,0,1,0,4,24,False,142,10,241,2801,14.005,0
911,0,1,0,4,25,False,151,3,232,1000,5.0,0
912,0,1,0,4,26,False,151,3,83,851,4.255,0
913,0,1,0,4,27,False,150,8,80,2128,10.64,0
914,0,1,0,4,6,True,89,0,45,45,0.225,0
915,0,1,0,4,7,True,151,1,102,358,1.79,0
916,0,1,0,4,8,True,131,5,130,1410,7.05,0
917,0,1,0,4,9,True,151,4,53,1077,5.385,0
918,0,1,0,4,10,True,142,8,73,2121,10.605,0
919,0,1,0,4,11,True,24,3,82,850,4.25,0
920,0,1,0,4,12,True,131,12,153,3225,16.125,0
921,0,1,0,4,13,True,5,11,182,2998,14.99,0
922,0,1,0,4,11,False,130,0,71,71,0.355,0
923,0,1,0,4,14,True,69,3,31,799,3.995,0
924,0,1,0,4,15,True,24,13,247,3575,17.875,0
925,0,1,0,4,16,True,130,3,184,952,4.76,0
926,0,1,0,4,17,True,142,8,71,2119,10.595,0
927,0,1,0,4,18,True,165,9,140,2444,12.22,0
928,0,1,0,4,19,True,25,13,109,3437,17.185,0
929,0,1,0,4,20,True,70,12,154,3226,16.13,0
930,0,1,0,4,21,True,161,4,183,1207,6.035,0
931,0,1,0,4,22,True,136,6,212,1748,8.74,0
932,0,1,0,4,23,True,160,11,39,2855,14.275,0
933,0,1,0,4,24,True,138,5,6,1286,6.43,0
934,0,1,0,4,25,True,24,12,145,3217,16.085,0
935,0,1,0,4,26,True,138,9,179,2483,12.415,0
936,0,1,0,4,27,True,85,3,6,774,3.87,56
937,0,-1,-1,-1,-1,True,-1,-1,-1,-1,-1.0,-1
938,0,1,0,4,28,True,9,2,122,634,3.17,0
939,0,1,0,4,11,False,36,1,28,284,1.42,0
940,0,1,0,4,5,False,110,1,33,289,1.445,0
941,0,1,0,4,6,False,110,1,112,368,1.84,0
942,0,1,0,4,5,False,219,0,55,55,0.275,0
943,0,1,0,4,7,False,64,2,221,733,3.665,0
944,0,1,0,4,5,False,64,0,84,84,0.42,0
945,0,1,0,4,5,False,155,0,71,71,0.355,0
946,0,1,0,4,6,False,208,1,83,339,1.695,0
947,0,1,0,6,16,True,1,3,4,772,3.86,20741
948,0,1,0,0,0,False,0,0,0,0,0.0,0
949,0,1,0,3,4,False,5,14,0,3584,17.92,0
950,0,1,0,0,0,False,0,0,0,0,0.0,0
951,0,1,0,1,4,False,0,0,0,0,0.0,0
952,0,1,0,6,62,True,1,9,4,2308,11.54,48647
953,0,1,0,0,0,False,0,0,0,0,0.0,0
954,0,1,0,0,0,False,0,0,0,0,0.0,0
955,0,1,0,4,8,False,137,12,147,3219,16.095,0
956,0,1,0,4,7,False,189,0,61,61,0.305,0
957,0,1,0,4,5,False,41,0,228,228,1.14,0
958,0,1,0,4,6,False,73,1,27,283,1.415,0
959,0,1,0,4,5,False,129,0,138,138,0.69,0
960,0,1,0,4,6,False,203,0,231,231,1.155,0
961,0,1,0,4,7,False,203,2,247,759,3.795,0
962,0,1,0,4,5,False,146,0,169,169,0.845,0
963,0,1,0,4,5,False,216,1,106,362,1.81,0
964,0,1,0,4,6,False,3,1,126,382,1.91,0
965,0,1,0,4,7,False,2,2,69,581,2.905,0
966,0,1,0,4,5,False,135,0,77,77,0.385,0
967,0,1,0,4,6,False,135,0,121,121,0.605,0
968,0,1,0,4,6,False,19,0,68,68,0.34,0
969,0,1,0,4,5,False,89,0,114,114,0.57,0
970,0,1,0,4,6,False,89,0,62,62,0.31,0
971,0,1,0,4,7,False,89,1,224,480,2.4,0
972,0,1,0,4,8,False,194,15,20,3860,19.3,0
973,0,1,0,4,9,False,160,5,103,1383,6.915,0
974,0,1,0,4,10,False,75,13,206,3534,17.67,0
975,0,1,0,4,10,False,229,0,95,95,0.475,0
976,0,1,0,4,11,False,102,10,0,2560,12.8,0
977,0,1,0,4,10,False,102,0,88,88,0.44,0
978,0,1,0,4,7,False,193,0,77,77,0.385,0
979,0,1,0,4,8,False,189,0,128,128,0.64,0
980,0,1,0,4,9,False,193,0,72,72,0.36,0
981,0,1,0,4,10,False,168,2,159,671,3.355,0
982,0,1,0,4,6,False,238,0,72,72,0.36,0
983,0,1,0,4,8,False,242,0,137,137,0.685,0
984,0,1,0,4,9,False,238,0,81,81,0.405,0
985,0,1,0,4,5,False,192,0,60,60,0.3,0
986,0,1,0,4,6,False,197,0,131,131,0.655,0
987,0,1,0,4,7,False,192,0,158,158,0.79,0
988,0,1,0,4,5,False,150,0,75,75,0.375,0
989,0,1,0,4,6,False,150,0,64,64,0.32,0
990,0,1,0,4,8,False,220,3,131,899,4.495,0
991,0,1,0,4,9,False,164,1,108,364,1.82,0
992,0,1,0,4,8,False,174,0,64,64,0.32,0
993,0,1,0,4,10,False,173,5,116,1396,6.98,0
994,0,1,0,4,11,False,51,10,228,2788,13.94,0
995,0,1,0,4,11,False,121,0,113,113,0.565,0
996,0,1,0,4,10,False,191,0,206,206,1.03,0
997,0,1,0,4,11,False,36,2,252,764,3.82,0
998,0,1,0,4,8,False,37,0,57,57,0.285,0
999,0,1,0,4,10,False,127,0,228,228,1.14,0
1000,0,1,0,4,11,False,247,5,144,1424,7.12,0
1001,0,1,0,4,12,False,64,2,146,658,3.29,0
1002,0,1,0,4,8,False,65,0,192,192,0.96,0
1003,0,1,0,4,10,False,155,0,246,246,1.23,0
1004,0,1,0,4,11,False,18,4,19,1043,5.215,0
1005,0,1,0,4,4,False,141,3,13,781,3.905,183
1006,0,-1,-1,-1,-1,True,-1,-1,-1,-1,-1.0,-1
1007,0,1,0,4,14,True,233,11,249,3065,15.325,0
1008,0,1,0,4,11,False,128,0,91,91,0.455,0
1009,0,1,0,4,12,False,128,0,66,66,0.33,0
1010,0,1,0,4,21,False,128,0,70,70,0.35,0
1011,0,1,0,4,15,True,228,9,127,2431,12.155,0
1012,0,1,0,4,16,True,128,12,255,3327,16.635,0
1013,0,1,0,4,17,True,3,7,45,1837,9.185,0
1014,0,1,0,4,18,True,128,3,109,877,4.385,0
1015,0,1,0,4,19,True,228,10,237,2797,13.985,0
1016,0,1,0,4,20,True,128,11,254,3070,15.35,0
1017,0,1,0,4,21,True,233,3,152,920,4.6,0
1018,0,1,0,4,22,True,233,9,37,2341,11.705,0
1019,0,1,0,4,23,True,228,10,104,2664,13.32,0
1020,0,1,0,4,24,True,179,10,138,2698,13.49,0
1021,0,1,0,4,25,True,228,5,192,1472,7.36,0
1022,0,1,0,4,26,True,188,12,166,3238,16.19,0
1023,0,1,0,4,27,True,73,15,109,3949,19.745,0
1024,0,1,0,4,28,True,243,0,180,180,0.9,0
1025,0,1,0,4,5,False,167,0,125,125,0.625,0
1026,0,1,0,4,5,False,216,0,207,207,1.035,0
1027,0,1,0,4,6,False,216,1,30,286,1.43,0
1028,0,1,0,4,6,False,121,1,143,399,1.995,0
1029,0,1,0,4,5,False,128,1,14,270,1.35,0
1030,0,1,0,5,0,True,1,14,4,3588,17.94,5
1031,0,1,0,5,0,False,71,4,5,1029,5.145,75
1032,0,1,0,0,0,False,0,0,0,0,0.0,0
1033,0,1,0,4,4,False,6,15,3,3843,19.215,0
1034,0,1,0,6,4,False,7,11,7,2823,14.115,1266
1035,0,1,0,5,8,False,0,13,4,3332,16.66,5
1036,0,1,0,2,0,False,156,0,0,0,0.0,0
1037,0,1,0,4,6,False,162,1,194,450,2.25,0
1038,0,1,0,4,7,False,162,2,243,755,3.775,0
1039,0,1,0,4,7,False,121,0,221,221,1.105,0
1040,0,1,0,4,6,False,180,1,170,426,2.13,0
1041,0,1,0,4,5,False,186,0,172,172,0.86,0
1042,0,1,0,4,6,False,180,2,19,531,2.655,0
1043,0,1,0,4,7,False,5,3,124,892,4.46,0
1044,0,1,0,4,8,False,207,10,231,2791,13.955,0
1045,0,1,0,4,6,False,0,0,58,58,0.29,0
1046,0,1,0,4,5,False,59,0,83,83,0.415,0
1047,0,1,0,4,6,False,59,0,192,192,0.96,0
1048,0,1,0,4,7,False,59,1,117,373,1.865,0
1049,0,1,0,4,8,False,53,2,174,686,3.43,0
1050,0,1,0,4,8,False,98,4,224,1248,6.24,0
1051,0,1,0,4,8,False,130,0,61,61,0.305,0
1052,0,1,0,4,9,False,59,4,90,1114,5.57,0
1053,0,1,0,4,8,False,73,1,73,329,1.645,0
1054,0,1,0,4,7,False,83,0,84,84,0.42,0
1055,0,1,0,4,8,False,122,2,84,596,2.98,0
1056,0,1,0,4,7,False,234,0,61,61,0.305,0
1057,0,1,0,4,8,False,255,1,26,282,1.41,0
1058,0,1,0,4,9,False,37,1,41,297,1.485,0
1059,0,1,0,4,10,False,118,14,21,3605,18.025,0
1060,0,1,0,4,11,False,230,11,125,2941,14.705,0
1061,0,1,0,4,11,False,103,0,70,70,0.35,0
1062,0,1,0,4,10,False,142,0,28,28,0.14,0
1063,0,1,0,4,8,False,226,0,85,85,0.425,0
1064,0,1,0,4,8,False,71,1,19,275,1.375,0
1065,0,1,0,4,7,False,121,0,56,56,0.28,0
1066,0,1,0,4,8,False,180,0,193,193,0.965,0
1067,0,1,0,4,9,False,121,0,59,59,0.295,0
1068,0,1,0,4,8,False,35,0,150,150,0.75,0
1069,0,1,0,4,10,False,165,2,15,527,2.635,0
1070,0,1,0,4,8,False,165,0,82,82,0.41,0
1071,0,1,0,4,11,False,165,8,140,2188,10.94,0
1072,0,1,0,4,12,False,123,13,213,3541,17.705,0
1073,0,1,0,4,6,False,144,0,52,52,0.26,0
1074,0,1,0,4,7,False,143,0,82,82,0.41,0
1075,0,1,0,4,8,False,77,1,123,379,1.895,0
1076,0,1,0,4,8,False,83,0,157,157,0.785,0
1077,0,1,0,4,9,False,7,0,60,60,0.3,0
1078,0,1,0,4,10,False,253,1,132,388,1.94,0
1079,0,1,0,4,11,False,62,9,23,2327,11.635,0
1080,0,1,0,4,11,False,126,0,74,74,0.37,0
1081,0,1,0,4,12,False,234,10,194,2754,13.77,0
1082,0,1,0,4,8,False,234,0,128,128,0.64,0
1083,0,1,0,4,8,False,80,0,61,61,0.305,0
1084,0,1,0,4,10,False,171,0,131,131,0.655,0
1085,0,1,0,4,11,False,5,4,184,1208,6.04,0
1086,0,1,0,4,10,False,5,0,77,77,0.385,0
1087,0,1,0,4,12,False,5,3,209,977,4.885,0
1088,0,1,0,4,11,False,216,0,220,220,1.1,0
1089,0,1,0,4,10,False,12,0,52,52,0.26,0
1090,0,1,0,4,10,False,54,0,67,67,0.335,0
1091,0,1,0,4,10,False,142,0,56,56,0.28,0
1092,0,1,0,4,11,False,232,5,61,1341,6.705,0
1093,0,1,0,4,12,False,57,4,30,1054,5.27,0
1094,0,1,0,4,8,False,78,0,73,73,0.365,0
1095,0,1,0,4,10,False,176,0,141,141,0.705,0
1096,0,1,0,4,11,False,175,4,152,1176,5.88,0
1097,0,1,0,4,11,False,78,1,5,261,1.305,0
1098,0,1,0,4,11,False,101,2,89,601,3.005,0
1099,0,1,0,4,11,False,172,0,81,81,0.405,0
1100,0,1,0,4,12,False,102,3,247,1015,5.075,0
1101,0,1,0,4,13,False,165,14,133,3717,18.585,0
1102,0,1,0,4,11,False,150,1,29,285,1.425,0
1103,0,1,0,4,12,False,150,0,163,163,0.815,0
1104,0,1,0,4,13,False,130,0,67,67,0.335,0
1105,0,1,0,4,11,False,55,0,81,81,0.405,0
1106,0,1,0,4,14,False,150,0,52,52,0.26,0
1107,0,1,0,4,15,False,176,13,167,3495,17.475,0
1108,0,1,0,4,16,False,130,8,24,2072,10.36,0
1109,0,1,0,4,11,False,83,1,42,298,1.49,0
1110,0,1,0,4,12,False,132,0,154,154,0.77,0
1111,0,1,0,4,11,False,240,0,71,71,0.355,0
1112,0,1,0,4,12,False,240,0,78,78,0.39,0
1113,0,1,0,4,11,False,128,0,52,52,0.26,0
1114,0,1,0,4,13,False,89,0,70,70,0.35,0
1115,0,1,0,4,11,False,12,0,76,76,0.38,0
1116,0,1,0,4,12,False,82,0,165,165,0.825,0
1117,0,1,0,4,11,False,152,0,58,58,0.29,0
1118,0,1,0,4,11,False,232,0,143,143,0.715,0
1119,0,1,0,4,12,False,232,0,56,56,0.28,0
1120,0,1,0,4,40,True,0,8,4,2052,10.26,0
1121,0,1,0,3,8,True,0,8,0,2048,10.24,0
1122,0,1,0,4,12,False,180,0,131,131,0.655,0
1123,0,1,0,4,11,False,95,2,29,541,2.705,0
1124,0,1,0,4,12,False,42,0,187,187,0.935,0
1125,0,1,0,4,11,False,186,0,77,77,0.385,0
1126,0,1,0,4,13,False,180,0,56,56,0.28,0
1127,0,1,0,4,11,False,70,0,94,94,0.47,0
1128,0,1,0,4,12,False,70,0,77,77,0.385,0
1129,0,1,0,4,15,False,42,0,60,60,0.3,0
1130,0,1,0,4,11,False,45,1,130,386,1.93,0
1131,0,1,0,4,12,False,28,0,86,86,0.43,0
1132,0,1,0,4,13,False,28,0,69,69,0.345,0
1133,0,1,0,4,16,False,46,0,249,249,1.245,0
1134,0,1,0,4,17,False,28,13,82,3410,17.05,0
1135,0,1,0,4,18,False,28,6,100,1636,8.18,0
1136,0,1,0,4,19,False,77,14,220,3804,19.02,0
1137,0,1,0,4,20,False,28,12,176,3248,16.24,0
1138,0,1,0,4,11,False,90,0,72,72,0.36,0
1139,0,1,0,4,11,False,160,0,56,56,0.28,0
1140,0,1,0,4,21,False,159,4,49,1073,5.365,0
1141,0,1,0,4,22,False,80,4,158,1182,5.91,0
1142,0,1,0,4,23,False,144,5,221,1501,7.505,0
1143,0,1,0,4,21,False,145,0,67,67,0.335,0
1144,0,1,0,4,24,False,165,2,188,700,3.5,0
1145,0,1,0,4,25,False,60,4,121,1145,5.725,0
1146,0,1,0,4,26,False,60,3,17,785,3.925,0
1147,0,1,0,4,27,False,59,6,202,1738,8.69,0
1148,0,1,0,4,6,True,186,0,48,48,0.24,0
1149,0,1,0,4,7,True,186,2,32,544,2.72,0
1150,0,1,0,4,8,True,59,6,51,1587,7.935,0
1151,0,1,0,4,9,True,59,4,205,1229,6.145,0
1152,0,1,0,4,10,True,80,6,199,1735,8.675,0
1153,0,1,0,4,11,True,42,15,36,3876,19.38,0
1154,0,1,0,4,12,True,78,8,151,2199,10.995,0
1155,0,1,0,4,13,True,144,7,25,1817,9.085,0
1156,0,1,0,4,14,True,28,10,246,2806,14.03,0
1157,0,1,0,4,15,True,89,4,132,1156,5.78,0
1158,0,1,0,4,16,True,160,0,44,44,0.22,0
1159,0,1,0,4,17,True,165,2,110,622,3.11,0
1160,0,1,0,4,18,True,28,3,73,841,4.205,0
1161,0,1,0,4,19,True,42,4,237,1261,6.305,0
1162,0,1,0,4,21,False,244,0,61,61,0.305,0
1163,0,1,0,4,20,True,244,9,221,2525,12.625,0
1164,0,1,0,4,21,True,42,14,164,3748,18.74,0
1165,0,1,0,4,22,True,46,6,255,1791,8.955,0
1166,0,1,0,4,23,True,98,5,38,1318,6.59,0
1167,0,1,0,4,24,True,144,2,111,623,3.115,0
1168,0,1,0,4,25,True,89,13,251,3579,17.895,0
1169,0,1,0,4,26,True,78,10,51,2611,13.055,0
1170,0,1,0,4,27,True,78,1,4,260,1.3,2467019536
1171,0,-1,-1,-1,-1,True,-1,-1,-1,-1,-1.0,-1
1172,0,-1,-1,-1,-1,True,-1,-1,-1,-1,-1.0,-1
1173,0,-1,-1,-1,-1,True,-1,-1,-1,-1,-1.0,-1
1174,0,-1,-1,-1,-1,True,-1,-1,-1,-1,-1.0,-1
1175,0,1,0,4,17,False,187,12,104,3176,15.88,0
1176,0,1,0,4,18,False,130,9,211,2515,12.575,0
1177,0,1,0,4,19,False,87,1,47,303,1.515,0
1178,0,1,0,4,20,False,172,8,2,2050,10.25,0
1179,0,1,0,4,11,False,86,0,60,60,0.3,0
1180,0,1,0,4,21,False,56,4,179,1203,6.015,0
1181,0,1,0,4,21,False,230,0,61,61,0.305,0
1182,0,1,0,4,11,False,93,1,57,313,1.565,0
1183,0,1,0,4,12,False,93,1,46,302,1.51,0
1184,0,1,0,4,11,False,93,0,4,4,0.02,0
1185,0,1,0,4,16,False,82,0,54,54,0.27,0
1186,0,1,0,4,20,False,83,0,45,45,0.225,0
1187,0,1,0,4,21,False,184,1,152,408,2.04,0
1188,0,1,0,4,11,False,222,0,229,229,1.145,0
1189,0,1,0,4,12,False,229,0,88,88,0.44,0
1190,0,1,0,4,11,False,116,0,95,95,0.475,0
1191,0,1,0,4,21,False,117,0,243,243,1.215,0
1192,0,1,0,4,22,False,87,1,144,400,2.0,0
1193,0,1,0,4,23,False,142,12,139,3211,16.055,0
1194,0,1,0,4,24,False,203,3,177,945,4.725,0
1195,0,1,0,4,25,False,222,4,244,1268,6.34,0
1196,0,1,0,4,11,False,24,0,65,65,0.325,0
1197,0,1,0,4,26,False,129,4,130,1154,5.77,0
1198,0,1,0,4,27,False,71,10,17,2577,12.885,0
1199,0,1,0,4,7,True,222,3,89,857,4.285,0
1200,0,1,0,4,8,True,131,7,75,1867,9.335,0
1201,0,1,0,4,9,True,222,5,189,1469,7.345,0
1202,0,1,0,4,10,True,87,7,42,1834,9.17,0
1203,0,1,0,4,11,True,82,6,68,1604,8.02,0
1204,0,1,0,4,12,True,21,8,196,2244,11.22,0
1205,0,1,0,4,13,True,165,9,18,2322,11.61,0
1206,0,1,0,4,14,True,110,14,54,3638,18.19,0
1207,0,1,0,4,15,True,188,1,210,466,2.33,0
1208,0,1,0,4,16,True,24,11,83,2899,14.495,0
1209,0,1,0,4,17,True,203,5,215,1495,7.475,0
1210,0,1,0,4,18,True,229,6,234,1770,8.85,0
1211,0,1,0,4,19,True,110,11,224,3040,15.2,0
1212,0,1,0,4,20,True,117,14,177,3761,18.805,0
1213,0,1,0,4,21,True,110,7,133,1925,9.625,0
1214,0,1,0,4,22,True,187,11,14,2830,14.15,0
1215,0,1,0,4,23,True,87,8,211,2259,11.295,0
1216,0,1,0,4,24,True,164,2,76,588,2.94,0
1217,0,1,0,4,25,True,110,11,219,3035,15.175,0
1218,0,1,0,4,26,True,142,8,12,2060,10.3,0
1219,0,1,0,4,27,True,110,6,69,1605,8.025,0
1220,0,1,0,4,28,True,0,10,1,2561,12.805,7539460
1221,0,-1,-1,-1,-1,True,-1,-1,-1,-1,-1.0,-1
1222,0,-1,-1,-1,-1,True,-1,-1,-1,-1,-1.0,-1
1223,0,-1,-1,-1,-1,True,-1,-1,-1,-1,-1.0,-1
1224,0,-1,-1,-1,-1,True,-1,-1,-1,-1,-1.0,-1
1225,0,1,0,4,11,False,238,2,73,585,2.925,0
1226,0,1,0,4,11,False,24,3,77,845,4.225,0
1227,0,1,0,4,11,False,69,0,220,220,1.1,0
1228,0,1,0,4,11,False,143,0,64,64,0.32,0
1229,0,1,0,4,11,False,213,0,82,82,0.41,0
1230,0,1,0,4,12,False,213,5,64,1344,6.72,0
1231,0,1,0,4,13,False,210,1,43,299,1.495,0
1232,0,1,0,4,11,False,170,0,113,113,0.565,0
1233,0,1,0,4,11,False,241,0,50,50,0.25,0
1234,0,1,0,4,12,False,171,0,68,68,0.34,0
1235,0,1,0,4,11,False,145,0,209,209,1.045,0
1236,0,1,0,4,11,False,205,0,253,253,1.265,0
1237,0,1,0,4,12,False,201,1,138,394,1.97,0
1238,0,1,0,4,11,False,93,0,242,242,1.21,0
1239,0,1,0,4,11,False,169,0,87,87,0.435,0
1240,0,1,0,4,12,False,170,1,16,272,1.36,0
1241,0,1,0,4,13,False,95,1,127,383,1.915,0
1242,0,1,0,4,14,False,100,1,157,413,2.065,0
1243,0,1,0,4,16,False,100,11,137,2953,14.765,0
1244,0,1,0,4,11,False,229,0,65,65,0.325,0
1245,0,1,0,4,17,False,99,13,229,3557,17.785,0
1246,0,1,0,4,18,False,95,5,111,1391,6.955,0
1247,0,1,0,4,19,False,31,14,199,3783,18.915,0
1248,0,1,0,4,11,False,246,0,219,219,1.095,0
1249,0,1,0,4,11,False,130,0,206,206,1.03,0
1250,0,1,0,4,11,False,195,1,144,400,2.0,0
1251,0,1,0,4,12,False,14,1,54,310,1.55,0
1252,0,1,0,4,11,False,14,0,138,138,0.69,0
1253,0,1,0,4,11,False,115,0,64,64,0.32,0
1254,0,1,0,4,12,False,115,1,151,407,2.035,0
1255,0,1,0,4,11,False,6,0,137,137,0.685,0
1256,0,1,0,4,11,False,70,0,51,51,0.255,0
1257,0,1,0,4,16,False,125,0,61,61,0.305,0
1258,0,1,0,4,20,False,95,1,213,469,2.345,0
1259,0,1,0,4,21,False,70,5,246,1526,7.63,0
1260,0,1,0,4,22,False,18,7,133,1925,9.625,0
1261,0,1,0,4,23,False,18,3,188,956,4.78,0
1262,0,1,0,4,24,False,30,2,136,648,3.24,0
1263,0,1,0,4,25,False,99,1,27,283,1.415,0
1264,0,1,0,4,26,False,241,0,155,155,0.775,0
1265,0,1,0,4,27,False,201,2,86,598,2.99,0
1266,0,1,0,4,7,True,99,0,166,166,0.83,0
1267,0,1,0,4,8,True,5,5,68,1348,6.74,0
1268,0,1,0,4,9,True,194,1,120,376,1.88,0
1269,0,1,0,4,10,True,30,0,191,191,0.955,0
1270,0,1,0,4,11,True,125,6,146,1682,8.41,0
1271,0,1,0,4,12,True,18,15,196,4036,20.18,0
1272,0,1,0,4,13,True,18,12,206,3278,16.39,0
1273,0,1,0,4,14,True,99,13,160,3488,17.44,0
1274,0,1,0,4,15,True,100,12,4,3076,15.38,0
1275,0,1,0,4,16,True,70,12,92,3164,15.82,0
1276,0,1,0,4,17,True,30,4,188,1212,6.06,0
1277,0,1,0,4,18,True,115,10,237,2797,13.985,0
1278,0,1,0,4,19,True,100,9,19,2323,11.615,0
1279,0,1,0,4,20,True,70,13,120,3448,17.24,0
1280,0,1,0,4,21,True,166,2,8,520,2.6,0
1281,0,1,0,4,22,True,73,14,40,3624,18.12,0
1282,0,1,0,4,23,True,85,13,19,3347,16.735,0
1283,0,1,0,4,24,True,18,10,12,2572,12.86,0
1284,0,1,0,4,25,True,84,3,24,792,3.96,0
1285,0,1,0,4,26,True,113,0,186,186,0.93,0
1286,0,1,0,4,27,True,84,11,172,2988,14.94,0
1287,0,1,0,4,28,True,197,0,175,175,0.875,0
1288,0,1,0,4,9,False,63,0,129,129,0.645,0
1289,0,1,0,4,7,False,147,0,102,102,0.51,0
1290,0,1,0,4,5,False,175,0,76,76,0.38,0
1291,0,1,0,4,5,False,10,0,224,224,1.12,0
1292,0,1,0,4,6,False,107,2,87,599,2.995,0
1293,0,1,0,4,7,False,177,4,41,1065,5.325,0
1294,0,1,0,4,5,False,241,0,212,212,1.06,0
1295,0,1,0,4,5,False,33,0,76,76,0.38,0
1296,0,1,0,4,5,False,103,0,93,93,0.465,0
1297,0,1,0,4,5,False,199,0,177,177,0.885,0
1298,0,1,0,4,6,False,199,4,141,1165,5.825,0
1299,0,1,0,4,5,False,57,0,136,136,0.68,0
1300,0,1,0,4,6,False,153,2,163,675,3.375,0
1301,0,1,0,4,7,False,153,13,149,3477,17.385,0
1302,0,1,0,4,8,False,152,4,88,1112,5.56,0
1303,0,1,0,4,9,False,152,1,248,504,2.52,0
1304,0,1,0,4,10,False,121,7,69,1861,9.305,0
1305,0,1,0,4,11,False,229,0,234,234,1.17,0
1306,0,1,0,4,6,False,43,0,61,61,0.305,0
1307,0,1,0,4,6,False,85,0,79,79,0.395,0
1308,0,1,0,4,7,False,204,1,74,330,1.65,0
1309,0,1,0,4,5,False,210,0,71,71,0.355,0
1310,0,1,0,4,6,False,38,1,69,325,1.625,0
1311,0,1,0,6,38,False,1,5,4,1284,6.42,38661
1312,0,1,0,0,0,False,0,0,0,0,0.0,0
1313,0,1,0,3,4,False,6,13,0,3328,16.64,0
1314,0,1,0,0,0,False,0,0,0,0,0.0,0
1315,0,1,0,4,4,False,7,13,2,3330,16.65,0
1316,0,1,0,3,4,False,8,13,0,3328,16.64,0
1317,0,1,0,4,33,True,4,7,189,1981,9.905,0
1318,0,1,0,0,0,False,0,0,0,0,0.0,0
1319,0,1,0,3,4,False,8,9,0,2304,11.52,0
1320,0,1,0,0,0,False,0,0,0,0,0.0,0
1321,0,1,0,6,4,False,6,9,0,2304,11.52,1109
1322,0,1,0,7,47,False,0,10,4,2564,12.82,99592
1323,0,1,0,5,4,False,6,10,0,2560,12.8,110
1324,0,1,0,4,7,False,26,0,114,114,0.57,0
1325,0,1,0,4,8,False,26,0,118,118,0.59,0
1326,0,1,0,4,6,False,26,0,86,86,0.43,0
1327,0,1,0,4,7,False,236,0,92,92,0.46,0
1328,0,1,0,4,8,False,236,0,161,161,0.805,0
1329,0,1,0,4,8,False,215,0,90,90,0.45,0
1330,0,1,0,4,8,False,30,0,49,49,0.245,0
1331,0,1,0,4,6,False,100,0,71,71,0.355,0
1332,0,1,0,4,7,False,95,0,159,159,0.795,0
1333,0,1,0,4,8,False,95,0,243,243,1.215,0
1334,0,1,0,4,8,False,43,0,56,56,0.28,0
1335,0,1,0,4,9,False,95,7,159,1951,9.755,0
1336,0,1,0,4,10,False,214,0,49,49,0.245,0
1337,0,1,0,4,7,False,214,0,56,56,0.28,0
1338,0,1,0,4,8,False,102,0,232,232,1.16,0
1339,0,1,0,4,7,False,108,0,134,134,0.67,0
1340,0,1,0,4,7,False,178,0,67,67,0.335,0
1341,0,1,0,4,6,False,7,0,76,76,0.38,0
1342,0,1,0,4,7,False,7,0,191,191,0.955,0
1343,0,1,0,4,8,False,7,3,26,794,3.97,0
1344,0,1,0,4,7,False,217,0,55,55,0.275,0
1345,0,1,0,4,9,False,179,0,132,132,0.66,0
1346,0,1,0,4,10,False,101,4,134,1158,5.79,0
1347,0,1,0,4,8,False,187,0,165,165,0.825,0
1348,0,1,0,4,10,False,26,1,93,349,1.745,0
1349,0,1,0,4,11,False,76,0,141,141,0.705,0
1350,0,1,0,4,12,False,65,15,203,4043,20.215,0
1351,0,1,0,4,8,False,215,0,169,169,0.845,0
1352,0,1,0,4,10,False,23,1,150,406,2.03,0
1353,0,1,0,4,11,False,93,4,99,1123,5.615,0
1354,0,1,0,4,11,False,163,0,75,75,0.375,0
1355,0,1,0,4,12,False,163,4,160,1184,5.92,0
1356,0,1,0,4,13,False,93,1,59,315,1.575,0
1357,0,1,0,4,12,False,113,0,64,64,0.32,0
1358,0,1,0,4,14,False,222,9,0,2304,11.52,0
1359,0,1,0,4,8,False,229,0,48,48,0.24,0
1360,0,1,0,4,10,False,222,0,64,64,0.32,0
1361,0,1,0,4,11,False,175,2,33,545,2.725,0
1362,0,1,0,4,8,False,187,0,233,233,1.165,0
1363,0,1,0,4,8,False,11,0,69,69,0.345,0
1364,0,1,0,4,10,False,10,1,4,260,1.3,0
1365,0,1,0,4,11,False,134,5,95,1375,6.875,0
1366,0,1,0,4,12,False,221,4,173,1197,5.985,0
1367,0,1,0,4,11,False,77,0,83,83,0.415,0
1368,0,1,0,4,10,False,109,0,69,69,0.345,0
1369,0,1,0,2,45,False,0,0,0,0,0.0,0
1370,0,1,0,5,4,False,10,9,0,2304,11.52,56
1371,0,1,0,4,11,False,217,3,98,866,4.33,0
1372,0,1,0,4,12,False,213,2,110,622,3.11,0
1373,0,1,0,4,11,False,184,1,160,416,2.08,0
1374,0,1,0,4,12,False,245,0,221,221,1.105,0
1375,0,1,0,4,11,False,69,0,80,80,0.4,0
1376,0,1,0,4,12,False,192,0,94,94,0.47,0
1377,0,1,0,4,11,False,209,0,237,237,1.185,0
1378,0,1,0,4,11,False,43,1,221,477,2.385,0
1379,0,1,0,4,11,False,146,0,73,73,0.365,0
1380,0,1,0,4,11,False,146,0,173,173,0.865,0
1381,0,1,0,4,12,False,146,3,73,841,4.205,0
1382,0,1,0,4,13,False,198,5,50,1330,6.65,0
1383,0,1,0,4,11,False,121,0,138,138,0.69,0
1384,0,1,0,4,11,False,201,0,185,185,0.925,0
1385,0,1,0,4,12,False,201,0,127,127,0.635,0
1386,0,1,0,4,11,False,96,0,36,36,0.18,0
1387,0,1,0,4,11,False,166,0,63,63,0.315,0
1388,0,1,0,4,12,False,166,0,78,78,0.39,0
1389,0,1,0,4,14,False,209,2,205,717,3.585,0
1390,0,1,0,4,11,False,80,0,74,74,0.37,0
1391,0,1,0,4,15,False,44,15,13,3853,19.265,0
1392,0,1,0,4,16,False,43,8,220,2268,11.34,0
1393,0,1,0,4,11,False,77,0,57,57,0.285,0
1394,0,1,0,4,12,False,77,0,81,81,0.405,0
1395,0,1,0,4,11,False,189,0,77,77,0.385,0
1396,0,1,0,4,11,False,17,0,68,68,0.34,0
1397,0,1,0,4,12,False,189,0,69,69,0.345,0
1398,0,1,0,4,11,False,122,0,59,59,0.295,0
1399,0,1,0,4,11,False,216,0,88,88,0.44,0
1400,0,1,0,4,16,False,77,0,51,51,0.255,0
1401,0,1,0,4,11,False,122,0,69,69,0.345,0
1402,0,1,0,4,17,False,146,2,24,536,2.68,0
1403,0,1,0,4,18,False,146,11,62,2878,14.39,0
1404,0,1,0,4,19,False,218,0,153,153,0.765,0
1405,0,1,0,4,20,False,201,2,7,519,2.595,0
1406,0,1,0,4,21,False,122,10,144,2704,13.52,0
1407,0,1,0,4,22,False,11,3,92,860,4.3,0
1408,0,1,0,4,23,False,217,12,90,3162,15.81,0
1409,0,1,0,4,21,False,174,0,33,33,0.165,0
1410,0,1,0,4,24,False,11,1,177,433,2.165,0
1411,0,1,0,4,25,False,62,4,235,1259,6.295,0
1412,0,1,0,4,26,False,62,2,196,708,3.54,0
1413,0,1,0,4,21,False,148,0,58,58,0.29,0
1414,0,1,0,4,27,False,109,6,169,1705,8.525,0
1415,0,1,0,4,7,True,51,1,169,425,2.125,0
1416,0,1,0,4,8,True,7,9,4,2308,11.54,0
1417,0,1,0,4,9,True,158,3,228,996,4.98,0
1418,0,1,0,4,10,True,217,10,119,2679,13.395,0
1419,0,1,0,4,11,True,77,5,155,1435,7.175,0
1420,0,1,0,4,12,True,7,9,128,2432,12.16,0
1421,0,1,0,4,13,True,7,7,211,2003,10.015,0
1422,0,1,0,4,14,True,198,13,154,3482,17.41,0
1423,0,1,0,4,15,True,209,6,136,1672,8.36,0
1424,0,1,0,4,16,True,122,12,15,3087,15.435,0
1425,0,1,0,4,17,True,11,2,92,604,3.02,0
1426,0,1,0,4,18,True,189,8,55,2103,10.515,0
1427,0,1,0,4,19,True,185,14,198,3782,18.91,0
1428,0,1,0,4,20,True,148,1,233,489,2.445,0
1429,0,1,0,4,21,True,44,1,62,318,1.59,0
1430,0,1,0,4,22,True,192,7,72,1864,9.32,0
1431,0,1,0,4,23,True,11,12,228,3300,16.5,0
1432,0,1,0,4,24,True,187,2,155,667,3.335,0
1433,0,1,0,4,25,True,192,5,11,1291,6.455,0
1434,0,1,0,4,26,True,217,7,147,1939,9.695,0
1435,0,1,0,4,27,True,10,4,53,1077,5.385,0
1436,0,1,0,4,28,True,62,1,9,265,1.325,0
1437,0,1,0,4,6,False,13,0,169,169,0.845,0
1438,0,1,0,6,13,False,0,9,4,2308,11.54,19461
1439,0,1,0,0,0,False,0,0,0,0,0.0,0
1440,0,1,0,5,4,False,5,14,0,3584,17.92,93
1441,0,1,0,4,5,False,248,0,117,117,0.585,0
1442,0,1,0,4,5,False,44,0,61,61,0.305,0
1443,0,1,0,4,6,False,163,3,126,894,4.47,0
1444,0,1,0,4,5,False,233,0,135,135,0.675,0
1445,0,1,0,4,5,False,240,0,153,153,0.765,0
1446,0,1,0,4,6,False,68,2,194,706,3.53,0
1447,0,1,0,4,5,False,159,0,96,96,0.48,0
1448,0,1,0,4,6,False,1,1,45,301,1.505,0
1449,0,1,0,4,5,False,22,0,147,147,0.735,0
1450,0,1,0,4,6,False,22,1,244,500,2.5,0
1451,0,1,0,6,22,False,1,4,4,1028,5.14,54022
1452,0,1,0,0,0,False,0,0,0,0,0.0,0
1453,0,1,0,7,4,False,7,12,11,3083,15.415,394415
1454,0,1,0,1,0,False,0,0,0,0,0.0,0
1455,0,1,0,5,4,False,5,8,0,2048,10.24,162
1456,0,1,0,4,6,False,189,1,201,457,2.285,0
1457,0,1,0,4,7,False,105,2,64,576,2.88,0
1458,0,1,0,4,6,False,126,0,55,55,0.275,0
1459,0,1,0,4,5,False,196,0,74,74,0.37,0
1460,0,1,0,4,6,False,196,0,151,151,0.755,0
1461,0,1,0,4,7,False,101,1,178,434,2.17,0
1462,0,1,0,4,7,False,150,0,57,57,0.285,0
1463,0,1,0,4,6,False,220,0,68,68,0.34,0
1464,0,1,0,4,6,False,34,0,75,75,0.375,0
1465,0,1,0,4,7,False,129,1,24,280,1.4,0
1466,0,1,0,7,1,True,1,8,4,2052,10.26,55303
1467,0,1,0,5,4,False,7,12,0,3072,15.36,63
1468,0,1,0,4,5,False,114,0,76,76,0.38,0
1469,0,1,0,4,6,False,184,0,251,251,1.255,0
1470,0,1,0,4,7,False,184,1,49,305,1.525,0
1471,0,1,0,4,8,False,117,3,141,909,4.545,0
1472,0,1,0,4,5,False,117,0,73,73,0.365,0
1473,0,1,0,4,6,False,117,0,67,67,0.335,0
1474,0,1,0,4,7,False,188,0,189,189,0.945,0
1475,0,1,0,4,7,False,113,0,51,51,0.255,0
1476,0,1,0,4,8,False,135,1,62,318,1.59,0
1477,0,1,0,4,7,False,253,0,61,61,0.305,0
1478,0,1,0,4,8,False,60,0,221,221,1.105,0
1479,0,1,0,4,6,False,141,0,68,68,0.34,0
1480,0,1,0,4,8,False,141,0,233,233,1.165,0
1481,0,1,0,4,8,False,19,0,195,195,0.975,0
1482,0,1,0,4,5,False,95,0,60,60,0.3,0
1483,0,1,0,4,6,False,88,0,200,200,1.0,0
1484,0,1,0,4,7,False,95,0,123,123,0.615,0
1485,0,1,0,4,8,False,10,1,145,401,2.005,0
1486,0,1,0,4,9,False,88,9,134,2438,12.19,0
1487,0,1,0,4,10,False,94,9,45,2349,11.745,0
1488,0,1,0,4,11,False,224,2,168,680,3.4,0
1489,0,1,0,4,12,False,234,15,49,3889,19.445,0
1490,0,1,0,4,10,False,118,0,73,73,0.365,0
1491,0,1,0,4,8,False,227,0,11,11,0.055,0
1492,0,1,0,4,10,False,220,0,68,68,0.34,0
1493,0,1,0,4,5,False,93,0,73,73,0.365,0
1494,0,1,0,4,6,False,114,0,243,243,1.215,0
1495,0,1,0,4,7,False,93,0,149,149,0.745,0
1496,0,1,0,4,8,False,114,1,150,406,2.03,0
1497,0,1,0,4,9,False,93,0,109,109,0.545,0
1498,0,1,0,4,10,False,114,1,168,424,2.12,0
1499,0,1,0,4,11,False,69,8,247,2295,11.475,0
1500,0,1,0,4,12,False,75,8,170,2218,11.09,0
1501,0,1,0,4,12,False,135,0,57,57,0.285,0
1502,0,1,0,4,11,False,194,1,42,298,1.49,0
1503,0,1,0,4,12,False,54,1,2,258,1.29,0
1504,0,1,0,4,10,False,60,0,55,55,0.275,0
1505,0,1,0,4,11,False,53,1,251,507,2.535,0
1506,0,1,0,4,11,False,7,0,172,172,0.86,0
1507,0,1,0,4,10,False,28,0,72,72,0.36,0
1508,0,1,0,4,11,False,98,4,87,1111,5.555,0
1509,0,1,0,4,11,False,185,0,152,152,0.76,0
1510,0,1,0,4,10,False,238,0,66,66,0.33,0
1511,0,1,0,4,11,False,52,1,117,373,1.865,0
1512,0,1,0,4,12,False,171,7,36,1828,9.14,0
1513,0,1,0,4,11,False,214,0,178,178,0.89,0
1514,0,1,0,4,11,False,16,1,69,325,1.625,0
1515,0,1,0,4,12,False,16,1,134,390,1.95,0
1516,0,1,0,4,13,False,16,10,62,2622,13.11,0
1517,0,1,0,4,11,False,219,1,15,271,1.355,0
1518,0,1,0,4,11,False,34,0,214,214,1.07,0
1519,0,1,0,4,11,False,114,0,88,88,0.44,0
1520,0,1,0,4,12,False,125,1,251,507,2.535,0
1521,0,1,0,4,13,False,34,0,188,188,0.94,0
1522,0,1,0,4,14,False,34,0,95,95,0.475,0
1523,0,1,0,4,15,False,34,10,214,2774,13.87,0
1524,0,1,0,4,16,False,34,1,66,322,1.61,0
1525,0,1,0,4,11,False,8,0,68,68,0.34,0
1526,0,1,0,4,12,False,8,0,79,79,0.395,0
1527,0,1,0,4,10,False,148,0,56,56,0.28,0
1528,0,1,0,4,11,False,148,0,154,154,0.77,0
1529,0,1,0,4,12,False,148,0,129,129,0.645,0
1530,0,1,0,4,11,False,102,0,102,102,0.51,0
1531,0,1,0,4,12,False,102,0,102,102,0.51,0
1532,0,1,0,4,12,False,243,0,63,63,0.315,0
1533,0,1,0,4,11,False,60,1,38,294,1.47,0
1534,0,1,0,4,8,False,137,0,58,58,0.29,0
1535,0,1,0,4,10,False,137,0,45,45,0.225,0
1536,0,1,0,4,11,False,129,2,7,519,2.595,0
1537,0,1,0,4,12,False,136,2,98,610,3.05,0
1538,0,1,0,4,13,False,130,2,179,691,3.455,0
1539,0,1,0,4,14,False,136,2,21,533,2.665,0
1540,0,1,0,4,15,False,147,1,43,299,1.495,0
1541,0,1,0,4,16,False,147,2,131,643,3.215,0
1542,0,1,0,4,17,False,147,10,120,2680,13.4,0
1543,0,1,0,4,18,False,147,14,78,3662,18.31,0
1544,0,1,0,4,19,False,137,9,159,2463,12.315,0
1545,0,1,0,4,11,False,107,0,78,78,0.39,0
1546,0,1,0,4,11,False,199,0,133,133,0.665,0
1547,0,1,0,4,11,False,12,0,101,101,0.505,0
1548,0,1,0,4,11,False,82,0,82,82,0.41,0
1549,0,1,0,4,12,False,83,0,240,240,1.2,0
1550,0,1,0,4,11,False,222,0,92,92,0.46,0
1551,0,1,0,4,11,False,46,0,251,251,1.255,0
1552,0,1,0,4,11,False,90,1,48,304,1.52,0
1553,0,1,0,4,12,False,46,0,156,156,0.78,0
1554,0,1,0,4,13,False,46,0,76,76,0.38,0
1555,0,1,0,4,11,False,64,0,87,87,0.435,0
1556,0,1,0,4,14,False,47,0,58,58,0.29,0
1557,0,1,0,4,11,False,176,0,112,112,0.56,0
1558,0,1,0,4,16,False,147,0,10,10,0.05,0
1559,0,1,0,4,17,False,47,0,176,176,0.88,0
1560,0,1,0,4,18,False,47,0,59,59,0.295,0
1561,0,1,0,4,20,False,47,12,62,3134,15.67,0
1562,0,1,0,4,21,False,88,10,65,2625,13.125,0
1563,0,1,0,4,11,False,94,0,73,73,0.365,0
1564,0,1,0,4,21,False,94,0,66,66,0.33,0
1565,0,1,0,4,22,False,114,7,39,1831,9.155,0
1566,0,1,0,4,23,False,115,12,252,3324,16.62,0
1567,0,1,0,4,24,False,136,13,131,3459,17.295,0
1568,0,1,0,4,25,False,117,4,8,1032,5.16,0
1569,0,1,0,4,11,False,54,0,247,247,1.235,0
1570,0,1,0,4,21,False,54,0,134,134,0.67,0
1571,0,1,0,4,26,False,200,2,156,668,3.34,0
1572,0,1,0,4,27,False,93,3,255,1023,5.115,0
1573,0,1,0,4,7,True,93,1,114,370,1.85,0
1574,0,1,0,4,8,True,87,8,24,2072,10.36,0
1575,0,1,0,4,9,True,93,3,35,803,4.015,0
1576,0,1,0,4,10,True,136,12,222,3294,16.47,0
1577,0,1,0,4,11,True,47,4,128,1152,5.76,0
1578,0,1,0,4,12,True,115,12,6,3078,15.39,0
1579,0,1,0,4,13,True,115,9,10,2314,11.57,0
1580,0,1,0,4,14,True,46,3,57,825,4.125,0
1581,0,1,0,4,15,True,47,6,32,1568,7.84,0
1582,0,1,0,4,11,False,187,0,69,69,0.345,0
1583,0,1,0,4,16,True,187,9,94,2398,11.99,0
1584,0,1,0,4,17,True,136,15,133,3973,19.865,0
1585,0,1,0,4,18,True,46,15,111,3951,19.755,0
1586,0,1,0,4,19,True,147,0,100,100,0.5,0
1587,0,1,0,4,20,True,54,13,37,3365,16.825,0
1588,0,1,0,4,21,True,147,5,221,1501,7.505,0
1589,0,1,0,4,22,True,147,15,177,4017,20.085,0
1590,0,1,0,4,23,True,147,15,205,4045,20.225,0
1591,0,1,0,4,24,True,92,2,140,652,3.26,0
1592,0,1,0,4,25,True,147,5,179,1459,7.295,0
1593,0,1,0,4,26,True,87,11,94,2910,14.55,0
1594,0,1,0,4,27,True,0,0,0,0,0.0,67176960
1595,0,-1,-1,-1,-1,True,-1,-1,-1,-1,-1.0,-1
1596,0,-1,-1,-1,-1,True,-1,-1,-1,-1,-1.0,-1
1597,0,-1,-1,-1,-1,True,-1,-1,-1,-1,-1.0,-1
1598,0,-1,-1,-1,-1,True,-1,-1,-1,-1,-1.0,-1
1599,0,-1,-1,-1,-1,True,-1,-1,-1,-1,-1.0,-1
1600,0,1,0,4,11,False,166,1,60,316,1.58,0
1601,0,1,0,4,12,False,166,0,223,223,1.115,0
1602,0,1,0,4,11,False,1,0,130,130,0.65,0
1603,0,1,0,4,11,False,76,0,34,34,0.17,0
1604,0,1,0,4,12,False,1,0,99,99,0.495,0
1605,0,1,0,4,16,False,1,0,134,134,0.67,0
1606,0,1,0,4,11,False,28,1,88,344,1.72,0
1607,0,1,0,4,12,False,35,0,250,250,1.25,0
1608,0,1,0,4,13,False,36,0,136,136,0.68,0
1609,0,1,0,4,11,False,245,1,53,309,1.545,0
1610,0,1,0,4,12,False,245,0,186,186,0.93,0
1611,0,1,0,4,13,False,246,0,48,48,0.24,0
1612,0,1,0,4,16,False,36,0,148,148,0.74,0
1613,0,1,0,4,17,False,35,0,244,244,1.22,0
1614,0,1,0,4,11,False,59,0,147,147,0.735,0
1615,0,1,0,4,18,False,245,1,204,460,2.3,0
1616,0,1,0,4,20,False,36,0,98,98,0.49,0
1617,0,1,0,4,21,False,59,3,160,928,4.64,0
1618,0,1,0,4,22,False,197,11,25,2841,14.205,0
1619,0,1,0,4,21,False,190,0,92,92,0.46,0
1620,0,1,0,4,23,False,6,12,60,3132,15.66,0
1621,0,1,0,4,24,False,51,5,188,1468,7.34,0
1622,0,1,0,4,21,False,153,0,76,76,0.38,0
1623,0,1,0,4,21,False,207,0,104,104,0.52,0
1624,0,1,0,4,25,False,176,3,197,965,4.825,0
1625,0,1,0,4,26,False,176,2,210,722,3.61,0
1626,0,1,0,4,27,False,6,4,199,1223,6.115,0
1627,0,1,0,4,28,False,103,0,51,51,0.255,0
1628,0,1,0,4,6,True,102,0,52,52,0.26,0
1629,0,1,0,4,7,True,176,2,108,620,3.1,0
1630,0,1,0,4,8,True,6,5,57,1337,6.685,0
1631,0,1,0,4,9,True,52,3,106,874,4.37,0
1632,0,1,0,4,10,True,202,9,104,2408,12.04,0
1633,0,1,0,4,21,False,152,0,59,59,0.295,0
1634,0,1,0,4,11,True,1,4,205,1229,6.145,0
1635,0,1,0,4,12,True,6,7,163,1955,9.775,0
1636,0,1,0,4,13,True,51,7,173,1965,9.825,0
1637,0,1,0,4,14,True,246,11,14,2830,14.15,0
1638,0,1,0,4,15,True,23,3,151,919,4.595,0
1639,0,1,0,4,16,True,59,5,103,1383,6.915,0
1640,0,1,0,4,17,True,62,11,42,2858,14.29,0
1641,0,1,0,4,18,True,245,10,87,2647,13.235,0
1642,0,1,0,4,19,True,145,14,198,3782,18.91,0
1643,0,1,0,4,20,True,152,12,160,3232,16.16,0
1644,0,1,0,4,21,True,197,2,8,520,2.6,0
1645,0,1,0,4,22,True,35,4,28,1052,5.26,0
1646,0,1,0,4,23,True,51,10,79,2639,13.195,0
1647,0,1,0,4,24,True,12,2,154,666,3.33,0
1648,0,1,0,4,25,True,22,1,80,336,1.68,0
1649,0,1,0,4,26,True,6,9,194,2498,12.49,0
1650,0,1,0,4,27,True,62,3,189,957,4.785,0
1651,0,1,0,4,28,True,175,1,193,449,2.245,0
1652,0,1,0,4,5,False,206,0,74,74,0.37,0
1653,0,1,0,4,5,False,9,0,76,76,0.38,0
1654,0,1,0,4,5,False,90,0,138,138,0.69,0
1655,0,1,0,4,6,False,181,2,158,670,3.35,0
1656,0,1,0,4,5,False,182,0,118,118,0.59,0
1657,0,1,0,4,7,False,65,5,30,1310,6.55,0
1658,0,1,0,4,8,False,139,5,96,1376,6.88,0
1659,0,1,0,4,7,False,156,0,219,219,1.095,0
1660,0,1,0,4,8,False,160,0,109,109,0.545,0
1661,0,1,0,4,6,False,44,0,123,123,0.615,0
1662,0,1,0,4,7,False,93,1,160,416,2.08,0
1663,0,1,0,4,5,False,201,0,66,66,0.33,0
1664,0,1,0,4,5,False,253,0,90,90,0.45,0
1665,0,1,0,4,6,False,68,1,194,450,2.25,0
1666,0,1,0,4,7,False,158,3,255,1023,5.115,0
1667,0,1,0,4,8,False,250,7,8,1800,9.0,0
1668,0,1,0,4,5,False,22,0,195,195,0.975,0
1669,0,1,0,4,6,False,75,1,78,334,1.67,0
1670,0,1,0,4,7,False,209,3,15,783,3.915,0
1671,0,1,0,4,5,False,215,0,119,119,0.595,0
1672,0,1,0,4,5,False,70,0,53,53,0.265,0
1673,0,1,0,4,6,False,140,1,173,429,2.145,0
1674,0,1,0,4,7,False,136,6,101,1637,8.185,0
1675,0,1,0,4,7,False,24,0,157,157,0.785,0
1676,0,1,0,4,8,False,24,2,202,714,3.57,0
1677,0,1,0,4,8,False,136,0,70,70,0.35,0
1678,0,1,0,4,8,False,238,0,94,94,0.47,0
1679,0,1,0,4,9,False,24,3,194,962,4.81,0
1680,0,1,0,4,8,False,115,0,54,54,0.27,0
1681,0,1,0,4,6,False,192,0,92,92,0.46,0
1682,0,1,0,4,7,False,255,1,47,303,1.515,0
1683,0,1,0,4,7,False,38,0,55,55,0.275,0
1684,0,1,0,4,6,False,118,0,78,78,0.39,0
1685,0,1,0,4,6,False,188,0,68,68,0.34,0
1686,0,1,0,4,7,False,23,0,233,233,1.165,0
1687,0,1,0,4,8,False,22,4,187,1211,6.055,0
1688,0,1,0,4,8,False,195,0,87,87,0.435,0
1689,0,1,0,4,7,False,195,0,114,114,0.57,0
1690,0,1,0,4,5,False,46,0,59,59,0.295,0
1691,0,1,0,4,5,False,116,0,145,145,0.725,0
1692,0,1,0,4,6,False,116,1,175,431,2.155,0
1693,0,1,0,4,7,False,115,2,111,623,3.115,0
1694,0,1,0,4,8,False,109,3,254,1022,5.11,0
1695,0,1,0,4,8,False,137,0,34,34,0.17,0
1696,0,1,0,4,7,False,214,0,75,75,0.375,0
1697,0,1,0,4,8,False,214,0,69,69,0.345,0
1698,0,1,0,4,9,False,214,5,101,1381,6.905,0
1699,0,1,0,4,10,False,74,2,118,630,3.15,0
1700,0,1,0,4,11,False,70,6,175,1711,8.555,0
1701,0,1,0,4,10,False,76,0,143,143,0.715,0
1702,0,1,0,4,7,False,98,0,118,118,0.59,0
1703,0,1,0,4,8,False,98,0,164,164,0.82,0
1704,0,1,0,4,8,False,238,0,75,75,0.375,0
1705,0,1,0,4,10,False,238,0,227,227,1.135,0
1706,0,1,0,2,46,True,0,0,0,0,0.0,0
1707,0,1,0,3,4,False,10,9,0,2304,11.52,0
1708,0,1,0,0,0,False,0,0,0,0,0.0,0
1709,0,1,0,1,4,False,0,0,0,0,0.0,0
1710,0,1,0,0,0,False,0,0,0,0,0.0,0
1711,0,1,0,1,0,False,0,0,0,0,0.0,0
1712,0,1,0,6,4,False,10,11,0,2816,14.08,1079
1713,0,1,0,3,42,True,3,15,0,3840,19.2,0
1714,0,1,0,4,12,False,251,3,76,844,4.22,0
1715,0,1,0,4,8,False,16,0,128,128,0.64,0
1716,0,1,0,4,9,False,17,0,49,49,0.245,0
1717,0,1,0,4,10,False,16,0,158,158,0.79,0
1718,0,1,0,4,11,False,19,4,77,1101,5.505,0
1719,0,1,0,4,11,False,29,0,59,59,0.295,0
1720,0,1,0,4,10,False,141,0,72,72,0.36,0
1721,0,1,0,4,11,False,223,4,54,1078,5.39,0
1722,0,1,0,4,11,False,7,0,85,85,0.425,0
1723,0,1,0,4,11,False,89,0,204,204,1.02,0
1724,0,1,0,4,8,False,148,0,78,78,0.39,0
1725,0,1,0,4,10,False,250,0,199,199,0.995,0
1726,0,1,0,4,11,False,64,2,141,653,3.265,0
1727,0,1,0,4,10,False,65,0,93,93,0.465,0
1728,0,1,0,4,11,False,112,3,171,939,4.695,0
1729,0,1,0,4,12,False,113,8,250,2298,11.49,0
1730,0,1,0,4,11,False,70,0,117,117,0.585,0
1731,0,1,0,4,13,False,64,7,10,1802,9.01,0
1732,0,1,0,4,11,False,231,0,248,248,1.24,0
1733,0,1,0,4,14,False,64,13,146,3474,17.37,0
1734,0,1,0,4,11,False,62,0,190,190,0.95,0
1735,0,1,0,4,11,False,174,1,21,277,1.385,0
1736,0,1,0,4,11,False,227,0,178,178,0.89,0
1737,0,1,0,4,10,False,20,0,45,45,0.225,0
1738,0,1,0,4,11,False,139,2,220,732,3.66,0
1739,0,1,0,4,12,False,139,3,185,953,4.765,0
1740,0,1,0,4,11,False,27,0,121,121,0.605,0
1741,0,1,0,4,11,False,43,2,38,550,2.75,0
1742,0,1,0,4,12,False,54,2,50,562,2.81,0
1743,0,1,0,4,13,False,20,1,96,352,1.76,0
1744,0,1,0,4,11,False,1,0,111,111,0.555,0
1745,0,1,0,4,11,False,72,0,77,77,0.385,0
1746,0,1,0,4,11,False,152,0,55,55,0.275,0
1747,0,1,0,4,14,False,43,1,103,359,1.795,0
1748,0,1,0,4,11,False,254,1,36,292,1.46,0
1749,0,1,0,4,15,False,20,10,236,2796,13.98,0
1750,0,1,0,4,16,False,43,5,78,1358,6.79,0
1751,0,1,0,4,17,False,254,9,230,2534,12.67,0
1752,0,1,0,4,18,False,2,8,48,2096,10.48,0
1753,0,1,0,4,19,False,16,12,20,3092,15.46,0
1754,0,1,0,4,20,False,44,15,160,4000,20.0,0
1755,0,1,0,4,11,False,31,2,135,647,3.235,0
1756,0,1,0,4,11,False,97,0,92,92,0.46,0
1757,0,1,0,4,11,False,140,0,91,91,0.455,0
1758,0,1,0,4,11,False,210,0,61,61,0.305,0
1759,0,1,0,4,12,False,140,1,204,460,2.3,0
1760,0,1,0,4,11,False,114,0,79,79,0.395,0
1761,0,1,0,4,11,False,217,1,10,266,1.33,0
1762,0,1,0,4,11,False,20,1,116,372,1.86,0
1763,0,1,0,4,12,False,217,0,64,64,0.32,0
1764,0,1,0,4,13,False,252,0,180,180,0.9,0
1765,0,1,0,4,16,False,98,0,173,173,0.865,0
1766,0,1,0,4,17,False,140,0,120,120,0.6,0
1767,0,1,0,4,18,False,98,0,51,51,0.255,0
1768,0,1,0,4,11,False,160,0,109,109,0.545,0
1769,0,1,0,4,21,False,160,4,51,1075,5.375,0
1770,0,1,0,4,22,False,65,3,211,979,4.895,0
1771,0,1,0,4,23,False,77,11,168,2984,14.92,0
1772,0,1,0,4,11,False,204,0,183,183,0.915,0
1773,0,1,0,4,21,False,194,0,144,144,0.72,0
1774,0,1,0,4,24,False,16,15,184,4024,20.12,0
1775,0,1,0,4,25,False,116,3,108,876,4.38,0
1776,0,1,0,4,11,False,218,0,64,64,0.32,0
1777,0,1,0,4,26,False,117,2,199,711,3.555,0
1778,0,1,0,4,27,False,115,4,173,1197,5.985,0
1779,0,1,0,3,51,False,4,13,0,3328,16.64,0
1780,0,1,0,4,11,False,192,0,148,148,0.74,0
1781,0,1,0,4,21,False,186,0,62,62,0.31,0
1782,0,1,0,4,8,True,164,6,217,1753,8.765,0
1783,0,1,0,4,9,True,116,4,20,1044,5.22,0
1784,0,1,0,4,10,True,250,9,79,2383,11.915,0
1785,0,1,0,4,11,True,98,1,153,409,2.045,0
1786,0,1,0,4,12,True,244,8,217,2265,11.325,0
1787,0,1,0,4,13,True,214,7,71,1863,9.315,0
1788,0,1,0,4,14,True,252,14,143,3727,18.635,0
1789,0,1,0,4,15,True,43,5,121,1401,7.005,0
1790,0,1,0,7,43,False,5,9,4,2308,11.54,44555
1791,0,1,0,3,4,False,145,0,0,0,0.0,0
1792,0,1,0,0,0,False,0,0,0,0,0.0,0
1793,0,1,0,0,0,False,0,0,0,0,0.0,0
1794,0,1,0,4,18,True,217,13,115,3443,17.215,0
1795,0,1,0,4,19,True,98,10,175,2735,13.675,0
1796,0,1,0,4,20,True,186,8,194,2242,11.21,0
1797,0,1,0,4,21,True,20,0,84,84,0.42,0
1798,0,1,0,4,22,True,235,2,68,580,2.9,0
1799,0,1,0,4,23,True,16,8,218,2266,11.33,0
1800,0,1,0,4,24,True,214,1,35,291,1.455,0
1801,0,1,0,4,25,True,20,12,198,3270,16.35,0
1802,0,1,0,4,26,True,217,8,196,2244,11.22,0
1803,0,1,0,4,27,True,0,0,0,0,0.0,184811786
1804,0,-1,-1,-1,-1,True,-1,-1,-1,-1,-1.0,-1
1805,0,-1,-1,-1,-1,True,-1,-1,-1,-1,-1.0,-1
1806,0,-1,-1,-1,-1,True,-1,-1,-1,-1,-1.0,-1
1807,0,-1,-1,-1,-1,True,-1,-1,-1,-1,-1.0,-1
1808,0,-1,-1,-1,-1,True,-1,-1,-1,-1,-1.0,-1
1809,0,1,0,4,11,False,93,1,11,267,1.335,0
1810,0,1,0,4,12,False,93,3,78,846,4.23,0
1811,0,1,0,4,13,False,99,15,172,4012,20.06,0
1812,0,1,0,4,11,False,70,0,198,198,0.99,0
1813,0,1,0,4,12,False,57,0,57,57,0.285,0
1814,0,1,0,4,11,False,164,0,141,141,0.705,0
1815,0,1,0,4,12,False,169,0,54,54,0.27,0
1816,0,1,0,4,11,False,49,1,88,344,1.72,0
1817,0,1,0,4,12,False,172,0,221,221,1.105,0
1818,0,1,0,4,11,False,192,0,161,161,0.805,0
1819,0,1,0,4,12,False,193,0,59,59,0.295,0
1820,0,1,0,4,11,False,76,0,78,78,0.39,0
1821,0,1,0,4,11,False,167,0,83,83,0.415,0
1822,0,1,0,4,12,False,167,0,205,205,1.025,0
1823,0,1,0,4,39,True,0,13,4,3332,16.66,0
1824,0,1,0,3,51,False,1,7,0,1792,8.96,0
1825,0,1,0,4,11,False,149,0,210,210,1.05,0
1826,0,1,0,4,12,False,149,1,100,356,1.78,0
1827,0,1,0,4,13,False,115,0,123,123,0.615,0
1828,0,1,0,4,14,False,141,8,35,2083,10.415,0
1829,0,1,0,4,15,False,131,1,88,344,1.72,0
1830,0,1,0,4,16,False,142,2,185,697,3.485,0
1831,0,1,0,4,11,False,64,0,64,64,0.32,0
1832,0,1,0,4,17,False,32,11,84,2900,14.5,0
1833,0,1,0,4,18,False,149,8,70,2118,10.59,0
1834,0,1,0,4,19,False,174,1,13,269,1.345,0
1835,0,1,0,4,20,False,99,9,214,2518,12.59,0
1836,0,1,0,4,21,False,64,1,221,477,2.385,0
1837,0,1,0,4,22,False,95,10,2,2562,12.81,0
1838,0,1,0,4,23,False,96,3,82,850,4.25,0
1839,0,1,0,4,24,False,174,10,100,2660,13.3,0
1840,0,1,0,4,25,False,253,3,61,829,4.145,0
1841,0,1,0,4,26,False,30,2,183,695,3.475,0
1842,0,1,0,4,27,False,38,5,242,1522,7.61,0
1843,0,1,0,4,6,True,39,0,84,84,0.42,0
1844,0,1,0,4,7,True,121,2,54,566,2.83,0
1845,0,1,0,4,8,True,5,4,156,1180,5.9,0
1846,0,1,0,4,9,True,121,4,77,1101,5.505,0
1847,0,1,0,4,10,True,193,4,214,1238,6.19,0
1848,0,1,0,4,11,True,142,12,86,3158,15.79,0
1849,0,1,0,4,12,True,96,2,51,563,2.815,0
1850,0,1,0,4,13,True,14,15,13,3853,19.265,0
1851,0,1,0,4,14,True,115,7,191,1983,9.915,0
1852,0,1,0,4,21,False,229,0,70,70,0.35,0
1853,0,1,0,4,11,False,79,0,64,64,0.32,0
1854,0,1,0,4,21,False,79,0,63,63,0.315,0
1855,0,1,0,4,15,True,141,14,119,3703,18.515,0
1856,0,1,0,4,16,True,79,10,147,2707,13.535,0
1857,0,1,0,4,17,True,174,10,112,2672,13.36,0
1858,0,1,0,4,18,True,149,12,32,3104,15.52,0
1859,0,1,0,4,19,True,149,12,206,3278,16.39,0
1860,0,1,0,4,20,True,79,6,40,1576,7.88,0
1861,0,1,0,4,21,True,134,7,249,2041,10.205,0
1862,0,1,0,4,22,True,32,0,249,249,1.245,0
1863,0,1,0,4,23,True,131,1,111,367,1.835,0
1864,0,1,0,4,24,True,14,12,229,3301,16.505,0
1865,0,1,0,4,25,True,99,9,223,2527,12.635,0
1866,0,1,0,4,26,True,14,0,61,61,0.305,0
1867,0,1,0,4,27,True,13,14,212,3796,18.98,0
1868,0,1,0,4,28,True,228,0,181,181,0.905,0
1869,0,1,0,4,7,False,32,0,52,52,0.26,0
1870,0,1,0,4,5,False,73,0,60,60,0.3,0
1871,0,1,0,4,6,False,73,0,160,160,0.8,0
1872,0,1,0,4,6,False,234,0,172,172,0.86,0
1873,0,1,0,4,5,False,234,0,103,103,0.515,0
1874,0,1,0,4,6,False,118,1,17,273,1.365,0
1875,0,1,0,4,7,False,118,4,22,1046,5.23,0
1876,0,1,0,4,5,False,240,0,89,89,0.445,0
1877,0,1,0,4,6,False,241,0,78,78,0.39,0
1878,0,1,0,4,7,False,82,1,50,306,1.53,0
1879,0,1,0,4,7,False,157,0,74,74,0.37,0
1880,0,1,0,4,5,False,30,0,147,147,0.735,0
1881,0,1,0,4,5,False,51,0,152,152,0.76,0
1882,0,1,0,5,51,False,0,8,4,2052,10.26,5
1883,0,1,0,4,0,False,204,4,5,1029,5.145,0
1884,0,1,0,5,0,False,199,4,6,1030,5.15,107
1885,0,1,0,2,36,False,4,0,0,0,0.0,0
1886,0,1,0,5,43,False,0,7,4,1796,8.98,7
1887,0,1,0,1,7,False,0,0,0,0,0.0,0
1888,0,1,0,4,4,False,8,2,4,516,2.58,0
1889,0,1,0,6,4,False,6,1,0,256,1.28,1110
1890,0,1,0,7,49,False,0,0,4,4,0.02,28680
1891,0,1,0,1,4,False,0,0,0,0,0.0,0
1892,0,1,0,6,39,False,0,12,4,3076,15.38,9991
1893,0,1,0,0,0,False,0,0,0,0,0.0,0
1894,0,1,0,6,4,False,8,4,1,1025,5.125,1090
1895,0,1,0,6,57,True,0,7,4,1796,8.98,63495
1896,0,1,0,0,0,False,0,0,0,0,0.0,0
1897,0,1,0,2,4,False,7,0,0,0,0.0,0
1898,0,1,0,7,0,False,156,4,6,1030,5.15,3473611
1899,0,1,0,4,7,False,31,0,213,213,1.065,0
1900,0,1,0,4,6,False,112,0,12,12,0.06,0
1901,0,1,0,4,7,False,111,0,150,150,0.75,0
1902,0,1,0,4,8,False,16,7,10,1802,9.01,0
1903,0,1,0,4,6,False,17,0,53,53,0.265,0
1904,0,1,0,4,8,False,16,7,129,1921,9.605,0
1905,0,1,0,4,9,False,17,5,171,1451,7.255,0
1906,0,1,0,4,10,False,16,0,105,105,0.525,0
1907,0,1,0,4,11,False,23,9,209,2513,12.565,0
1908,0,1,0,4,12,False,23,14,140,3724,18.62,0
1909,0,1,0,4,11,False,201,0,156,156,0.78,0
1910,0,1,0,4,7,False,46,0,66,66,0.33,0
1911,0,1,0,4,8,False,60,0,211,211,1.055,0
1912,0,1,0,4,10,False,159,1,83,339,1.695,0
1913,0,1,0,4,7,False,21,0,134,134,0.67,0
1914,0,1,0,4,7,False,86,0,79,79,0.395,0
1915,0,1,0,4,8,False,113,2,74,586,2.93,0
1916,0,1,0,4,9,False,92,0,194,194,0.97,0
1917,0,1,0,4,10,False,225,4,77,1101,5.505,0
1918,0,1,0,4,11,False,115,11,129,2945,14.725,0
1919,0,1,0,4,8,False,179,1,106,362,1.81,0
1920,0,1,0,4,8,False,222,0,71,71,0.355,0
1921,0,1,0,4,8,False,35,0,200,200,1.0,0
1922,0,1,0,4,9,False,179,0,64,64,0.32,0
1923,0,1,0,4,10,False,133,3,147,915,4.575,0
1924,0,1,0,4,10,False,252,0,180,180,0.9,0
1925,0,1,0,4,10,False,69,0,44,44,0.22,0
1926,0,1,0,4,11,False,139,6,235,1771,8.855,0
1927,0,1,0,4,12,False,230,8,125,2173,10.865,0
1928,0,1,0,4,10,False,230,0,80,80,0.4,0
1929,0,1,0,4,11,False,251,1,83,339,1.695,0
1930,0,1,0,4,12,False,125,0,211,211,1.055,0
1931,0,1,0,4,11,False,2,1,234,490,2.45,0
1932,0,1,0,4,11,False,65,1,90,346,1.73,0
1933,0,1,0,4,8,False,71,0,83,83,0.415,0
1934,0,1,0,4,10,False,163,0,128,128,0.64,0
1935,0,1,0,2,35,True,0,0,0,0,0.0,0
1936,0,1,0,0,0,False,0,0,0,0,0.0,0
1937,0,1,0,4,8,False,20,0,200,200,1.0,0
1938,0,1,0,4,10,False,25,0,151,151,0.755,0
1939,0,1,0,4,11,False,117,6,115,1651,8.255,0
1940,0,1,0,4,12,False,117,8,157,2205,11.025,0
1941,0,1,0,4,13,False,20,2,106,618,3.09,0
1942,0,1,0,4,11,False,113,0,185,185,0.925,0
1943,0,1,0,4,11,False,186,0,90,90,0.45,0
1944,0,1,0,4,11,False,60,0,173,173,0.865,0
1945,0,1,0,4,10,False,81,0,93,93,0.465,0
1946,0,1,0,4,10,False,151,0,55,55,0.275,0
1947,0,1,0,4,11,False,221,2,173,685,3.425,0
1948,0,1,0,4,12,False,221,2,162,674,3.37,0
1949,0,1,0,4,10,False,105,0,68,68,0.34,0
1950,0,1,0,4,11,False,178,1,198,454,2.27,0
1951,0,1,0,4,12,False,179,1,9,265,1.325,0
1952,0,1,0,4,11,False,112,0,100,100,0.5,0
1953,0,1,0,4,10,False,139,0,61,61,0.305,0
1954,0,1,0,4,11,False,128,2,110,622,3.11,0
1955,0,1,0,4,11,False,27,0,82,82,0.41,0
1956,0,1,0,4,12,False,129,2,109,621,3.105,0
1957,0,1,0,4,13,False,138,1,204,460,2.3,0
1958,0,1,0,4,14,False,133,6,244,1780,8.9,0
1959,0,1,0,4,15,False,139,4,24,1048,5.24,0
1960,0,1,0,4,16,False,144,7,241,2033,10.165,0
1961,0,1,0,4,17,False,27,14,131,3715,18.575,0
1962,0,1,0,4,18,False,138,6,104,1640,8.2,0
1963,0,1,0,4,11,False,99,0,219,219,1.095,0
1964,0,1,0,4,12,False,99,0,85,85,0.425,0
1965,0,1,0,4,11,False,250,0,154,154,0.77,0
1966,0,1,0,4,11,False,25,0,88,88,0.44,0
1967,0,1,0,4,11,False,85,0,103,103,0.515,0
1968,0,1,0,4,11,False,155,0,86,86,0.43,0
1969,0,1,0,4,12,False,155,1,120,376,1.88,0
1970,0,1,0,4,13,False,25,0,125,125,0.625,0
1971,0,1,0,4,11,False,112,1,56,312,1.56,0
1972,0,1,0,4,11,False,189,0,188,188,0.94,0
1973,0,1,0,4,12,False,119,0,112,112,0.56,0
1974,0,1,0,4,14,False,99,0,65,65,0.325,0
1975,0,1,0,4,11,False,136,0,81,81,0.405,0
1976,0,1,0,4,16,False,99,0,64,64,0.32,0
1977,0,1,0,4,17,False,113,0,180,180,0.9,0
1978,0,1,0,4,18,False,119,0,166,166,0.83,0
1979,0,1,0,4,19,False,25,13,222,3550,17.75,0
1980,0,1,0,4,20,False,99,8,222,2270,11.35,0
1981,0,1,0,4,21,False,42,2,48,560,2.8,0
1982,0,1,0,4,22,False,81,4,51,1075,5.375,0
1983,0,1,0,4,23,False,36,9,196,2500,12.5,0
1984,0,1,0,4,11,False,44,0,142,142,0.71,0
1985,0,1,0,4,12,False,33,0,66,66,0.33,0
1986,0,1,0,4,21,False,44,0,203,203,1.015,0
1987,0,1,0,4,24,False,25,3,162,930,4.65,0
1988,0,1,0,4,25,False,6,2,2,514,2.57,0
1989,0,1,0,4,11,False,72,0,76,76,0.38,0
1990,0,1,0,4,26,False,6,2,59,571,2.855,0
1991,0,1,0,4,27,False,112,6,18,1554,7.77,0
1992,0,1,0,4,7,True,107,2,120,632,3.16,0
1993,0,1,0,4,8,True,35,6,203,1739,8.695,0
1994,0,1,0,4,9,True,107,2,137,649,3.245,0
1995,0,1,0,4,10,True,25,7,90,1882,9.41,0
1996,0,1,0,4,11,True,99,1,166,422,2.11,0
1997,0,1,0,4,12,True,36,8,216,2264,11.32,0
1998,0,1,0,4,13,True,139,9,60,2364,11.82,0
1999,0,1,0,4,14,True,25,11,242,3058,15.29,0
2000,0,1,0,4,15,True,99,12,202,3274,16.37,0
2001,0,1,0,4,21,False,189,0,60,60,0.3,0
2002,0,1,0,4,16,True,72,12,197,3269,16.345,0
2003,0,1,0,4,17,True,139,3,84,852,4.26,0
2004,0,1,0,4,18,True,33,3,30,798,3.99,0
2005,0,1,0,4,19,True,99,11,210,3026,15.13,0
2006,0,1,0,4,20,True,189,11,137,2953,14.765,0
2007,0,1,0,4,21,True,144,7,217,2009,10.045,0
2008,0,1,0,4,22,True,133,4,218,1242,6.21,0
2009,0,1,0,4,23,True,139,5,210,1490,7.45,0
2010,0,1,0,4,24,True,26,1,27,283,1.415,0
2011,0,1,0,4,25,True,139,13,236,3564,17.82,0
2012,0,1,0,4,26,True,26,10,246,2806,14.03,0
2013,0,1,0,4,27,True,139,0,0,0,0.0,17432576
2014,0,-1,-1,-1,-1,True,-1,-1,-1,-1,-1.0,-1
2015,0,-1,-1,-1,-1,True,-1,-1,-1,-1,-1.0,-1
2016,0,-1,-1,-1,-1,True,-1,-1,-1,-1,-1.0,-1
2017,0,-1,-1,-1,-1,True,-1,-1,-1,-1,-1.0,-1
2018,0,-1,-1,-1,-1,True,-1,-1,-1,-1,-1.0,-1
2019,0,1,0,4,12,False,50,0,137,137,0.685,0
2020,0,1,0,4,21,False,49,1,99,355,1.775,0
2021,0,1,0,4,9,True,45,2,16,528,2.64,0
2022,0,1,0,4,10,True,109,5,142,1422,7.11,0
2023,0,1,0,4,11,True,63,12,182,3254,16.27,0
2024,0,1,0,4,12,True,109,6,255,1791,8.955,0
2025,0,1,0,4,11,False,235,0,78,78,0.39,0
2026,0,1,0,4,21,False,235,0,109,109,0.545,0
2027,0,1,0,4,13,True,109,6,6,1542,7.71,0
2028,0,1,0,4,14,True,158,3,86,854,4.27,0
2029,0,1,0,4,15,True,66,5,240,1520,7.6,0
2030,0,1,0,4,16,True,235,7,26,1818,9.09,0
2031,0,1,0,4,17,True,109,4,119,1143,5.715,0
2032,0,1,0,4,18,True,50,7,2,1794,8.97,0
2033,0,1,0,4,19,True,63,7,202,1994,9.97,0
2034,0,1,0,4,20,True,235,12,241,3313,16.565,0
2035,0,1,0,4,21,True,63,2,34,546,2.73,0
2036,0,1,0,4,22,True,68,10,193,2753,13.765,0
2037,0,1,0,4,23,True,109,7,11,1803,9.015,0
2038,0,1,0,4,24,True,110,15,1,3841,19.205,0
2039,0,1,0,4,25,True,65,9,214,2518,12.59,0
2040,0,1,0,4,26,True,105,2,251,763,3.815,0
2041,0,1,0,4,27,True,65,8,2,2050,10.25,174
2042,0,-1,-1,-1,-1,True,-1,-1,-1,-1,-1.0,-1
2043,0,1,0,4,29,True,192,0,37,37,0.185,0
2044,0,1,0,5,0,True,0,5,4,1284,6.42,6
2045,0,1,0,5,0,False,78,4,6,1030,5.15,117
2046,0,1,0,0,0,False,0,0,0,0,0.0,0
2047,0,1,0,0,0,False,0,0,0,0,0.0,0
2048,0,1,0,4,7,False,240,2,128,640,3.2,0
2049,0,1,0,4,6,False,22,0,194,194,0.97,0
2050,0,1,0,4,6,False,71,0,89,89,0.445,0
2051,0,1,0,4,7,False,194,3,226,994,4.97,0
2052,0,1,0,4,5,False,225,0,218,218,1.09,0
2053,0,1,0,4,5,False,49,0,105,105,0.525,0
2054,0,1,0,4,5,False,116,0,165,165,0.825,0
2055,0,1,0,4,6,False,116,2,76,588,2.94,0
2056,0,1,0,4,7,False,182,8,27,2075,10.375,0
2057,0,1,0,7,54,True,8,11,4,2820,14.1,26885
2058,0,1,0,0,0,False,0,0,0,0,0.0,0
2059,0,1,0,4,5,False,175,0,109,109,0.545,0
2060,0,1,0,4,6,False,175,1,126,382,1.91,0
2061,0,1,0,4,7,False,245,2,178,690,3.45,0
2062,0,1,0,4,6,False,144,0,44,44,0.22,0
2063,0,1,0,4,6,False,224,0,52,52,0.26,0
2064,0,1,0,4,7,False,224,1,51,307,1.535,0
2065,0,1,0,4,6,False,108,0,81,81,0.405,0
2066,0,1,0,4,5,False,178,0,58,58,0.29,0
2067,0,1,0,4,6,False,178,0,60,60,0.3,0
2068,0,1,0,4,7,False,198,0,236,236,1.18,0
2069,0,1,0,4,5,False,152,0,122,122,0.61,0
2070,0,1,0,4,6,False,163,1,18,274,1.37,0
2071,0,1,0,4,7,False,202,1,101,357,1.785,0
2072,0,1,0,4,8,False,110,6,133,1669,8.345,0
2073,0,1,0,4,6,False,117,0,63,63,0.315,0
2074,0,1,0,4,7,False,117,0,153,153,0.765,0
2075,0,1,0,4,8,False,64,1,225,481,2.405,0
2076,0,1,0,4,6,False,85,0,88,88,0.44,0
2077,0,1,0,4,7,False,204,0,255,255,1.275,0
2078,0,1,0,4,6,False,209,0,133,133,0.665,0
2079,0,1,0,4,6,False,39,0,29,29,0.145,0
2080,0,1,0,4,6,False,130,0,59,59,0.295,0
2081,0,1,0,4,7,False,130,2,91,603,3.015,0
2082,0,1,0,4,8,False,194,3,108,876,4.38,0
2083,0,1,0,4,9,False,130,9,184,2488,12.44,0
2084,0,1,0,4,6,False,158,0,51,51,0.255,0
2085,0,1,0,4,7,False,157,0,90,90,0.45,0
2086,0,1,0,4,8,False,153,1,2,258,1.29,0
2087,0,1,0,4,9,False,157,0,86,86,0.43,0
2088,0,1,0,4,10,False,67,0,61,61,0.305,0
2089,0,1,0,4,11,False,245,5,215,1495,7.475,0
2090,0,1,0,4,11,False,86,1,43,299,1.495,0
2091,0,1,0,4,7,False,97,0,111,111,0.555,0
2092,0,1,0,4,8,False,91,0,141,141,0.705,0
2093,0,1,0,4,8,False,252,0,58,58,0.29,0
2094,0,1,0,4,9,False,97,0,69,69,0.345,0
2095,0,1,0,4,10,False,184,1,175,431,2.155,0
2096,0,1,0,4,8,False,190,1,18,274,1.37,0
2097,0,1,0,0,0,False,0,0,0,0,0.0,0
2098,0,1,0,6,1,False,18,4,8,1032,5.16,61
2099,0,1,0,2,4,False,11,0,0,0,0.0,0
2100,0,1,0,6,7,False,159,4,12,1036,5.18,61
2101,0,1,0,0,0,False,0,0,0,0,0.0,0
2102,0,1,0,4,10,False,57,0,89,89,0.445,0
2103,0,1,0,4,10,False,116,0,80,80,0.4,0
2104,0,1,0,4,11,False,190,2,53,565,2.825,0
2105,0,1,0,4,12,False,194,1,221,477,2.385,0
2106,0,1,0,4,11,False,102,2,54,566,2.83,0
2107,0,1,0,4,8,False,109,0,149,149,0.745,0
2108,0,1,0,4,7,False,193,0,68,68,0.34,0
2109,0,1,0,4,8,False,193,1,10,266,1.33,0
2110,0,1,0,4,8,False,77,0,65,65,0.325,0
2111,0,1,0,4,10,False,77,1,190,446,2.23,0
2112,0,1,0,4,11,False,207,7,207,1999,9.995,0
2113,0,1,0,4,12,False,137,7,72,1864,9.32,0
2114,0,1,0,4,9,True,7,8,4,2052,10.26,0
2115,0,1,0,0,0,False,0,0,0,0,0.0,0
2116,0,1,0,2,0,False,148,0,0,0,0.0,0
2117,0,1,0,4,10,False,175,1,27,283,1.415,0
2118,0,1,0,4,11,False,175,3,163,931,4.655,0
2119,0,1,0,4,12,False,171,3,184,952,4.76,0
2120,0,1,0,4,10,False,181,0,72,72,0.36,0
2121,0,1,0,4,11,False,23,3,76,844,4.22,0
2122,0,1,0,4,11,False,55,0,97,97,0.485,0
2123,0,1,0,4,11,False,135,0,155,155,0.775,0
2124,0,1,0,4,11,False,205,0,95,95,0.475,0
2125,0,1,0,4,11,False,68,1,100,356,1.78,0
2126,0,1,0,4,11,False,68,1,117,373,1.865,0
2127,0,1,0,4,12,False,68,4,82,1106,5.53,0
2128,0,1,0,4,13,False,62,0,165,165,0.825,0
2129,0,1,0,4,11,False,57,1,26,282,1.41,0
2130,0,1,0,4,11,False,117,0,137,137,0.685,0
2131,0,1,0,4,12,False,117,1,2,258,1.29,0
2132,0,1,0,4,13,False,117,0,223,223,1.115,0
2133,0,1,0,4,11,False,71,0,62,62,0.31,0
2134,0,1,0,4,14,False,117,14,173,3757,18.785,0
2135,0,1,0,4,15,False,230,10,16,2576,12.88,0
2136,0,1,0,4,11,False,7,0,104,104,0.52,0
2137,0,1,0,4,12,False,7,0,73,73,0.365,0
2138,0,1,0,4,11,False,161,0,188,188,0.94,0
2139,0,1,0,4,12,False,157,0,181,181,0.905,0
2140,0,1,0,4,11,False,45,0,101,101,0.505,0
2141,0,1,0,4,11,False,105,0,88,88,0.44,0
2142,0,1,0,4,11,False,185,0,123,123,0.615,0
2143,0,1,0,4,11,False,255,0,99,99,0.495,0
2144,0,1,0,4,12,False,255,0,244,244,1.22,0
2145,0,1,0,4,11,False,188,0,249,249,1.245,0
2146,0,1,0,4,11,False,230,0,161,161,0.805,0
2147,0,1,0,4,12,False,230,1,25,281,1.405,0
2148,0,1,0,4,11,False,118,1,95,351,1.755,0
2149,0,1,0,4,12,False,119,0,56,56,0.28,0
2150,0,1,0,4,14,False,7,0,62,62,0.31,0
2151,0,1,0,4,16,False,213,9,35,2339,11.695,0
2152,0,1,0,4,11,False,131,0,140,140,0.7,0
2153,0,1,0,4,12,False,131,0,82,82,0.41,0
2154,0,1,0,4,16,False,131,0,58,58,0.29,0
2155,0,1,0,4,11,False,86,0,118,118,0.59,0
2156,0,1,0,4,17,False,131,10,164,2724,13.62,0
2157,0,1,0,4,11,False,197,1,7,263,1.315,0
2158,0,1,0,4,18,False,132,9,94,2398,11.99,0
2159,0,1,0,4,19,False,154,12,35,3107,15.535,0
2160,0,1,0,4,20,False,0,14,189,3773,18.865,0
2161,0,1,0,4,11,False,17,0,152,152,0.76,0
2162,0,1,0,4,11,False,81,0,94,94,0.47,0
2163,0,1,0,4,12,False,17,0,88,88,0.44,0
2164,0,1,0,4,13,False,18,0,54,54,0.27,0
2165,0,1,0,4,16,False,17,0,62,62,0.31,0
2166,0,1,0,4,17,False,18,0,52,52,0.26,0
2167,0,1,0,4,18,False,18,0,63,63,0.315,0
2168,0,1,0,4,21,False,189,1,234,490,2.45,0
2169,0,1,0,4,22,False,182,3,213,981,4.905,0
2170,0,1,0,4,23,False,154,6,50,1586,7.93,0
2171,0,1,0,4,24,False,230,0,93,93,0.465,0
2172,0,1,0,4,25,False,93,3,8,776,3.88,0
2173,0,1,0,4,26,False,175,1,187,443,2.215,0
2174,0,1,0,4,11,False,150,0,62,62,0.31,0
2175,0,1,0,4,21,False,150,0,56,56,0.28,0
2176,0,1,0,4,27,False,204,4,197,1221,6.105,0
2177,0,1,0,4,11,False,61,0,79,79,0.395,0
2178,0,1,0,4,21,False,61,0,149,149,0.745,0
2179,0,1,0,4,7,True,152,1,124,380,1.9,0
2180,0,1,0,4,8,True,154,5,174,1454,7.27,0
2181,0,1,0,4,9,True,153,2,205,717,3.585,0
2182,0,1,0,4,10,True,154,5,104,1384,6.92,0
2183,0,1,0,4,11,True,17,0,224,224,1.12,0
2184,0,1,0,4,21,False,32,0,60,60,0.3,0
2185,0,1,0,4,12,True,194,6,127,1663,8.315,0
2186,0,1,0,4,13,True,97,2,67,579,2.895,0
2187,0,1,0,4,14,True,18,5,136,1416,7.08,0
2188,0,1,0,4,15,True,7,4,30,1054,5.27,0
2189,0,1,0,4,16,True,61,1,52,308,1.54,0
2190,0,1,0,4,17,True,230,1,126,382,1.91,0
2191,0,1,0,4,18,True,17,14,124,3708,18.54,0
2192,0,1,0,4,19,True,18,10,230,2790,13.95,0
2193,0,1,0,4,20,True,32,6,8,1544,7.72,0
2194,0,1,0,4,21,True,230,9,225,2529,12.645,0
2195,0,1,0,4,22,True,213,7,127,1919,9.595,0
2196,0,1,0,4,23,True,154,5,204,1484,7.42,0
2197,0,1,0,4,24,True,191,13,106,3434,17.17,0
2198,0,1,0,4,25,True,117,12,184,3256,16.28,0
2199,0,1,0,4,26,True,185,5,97,1377,6.885,0
2200,0,1,0,4,27,True,185,4,11,1035,5.175,10289271
2201,0,-1,-1,-1,-1,True,-1,-1,-1,-1,-1.0,-1
2202,0,-1,-1,-1,-1,True,-1,-1,-1,-1,-1.0,-1
2203,0,-1,-1,-1,-1,True,-1,-1,-1,-1,-1.0,-1
2204,0,1,0,4,11,False,168,0,51,51,0.255,0
2205,0,1,0,4,12,False,169,1,41,297,1.485,0
2206,0,1,0,4,13,False,4,0,54,54,0.27,0
2207,0,1,0,4,11,False,125,2,0,512,2.56,0
2208,0,1,0,4,12,False,126,0,146,146,0.73,0
2209,0,1,0,4,16,False,226,6,227,1763,8.815,0
2210,0,1,0,4,11,False,79,0,132,132,0.66,0
2211,0,1,0,4,12,False,80,0,69,69,0.345,0
2212,0,1,0,4,11,False,229,0,96,96,0.48,0
2213,0,1,0,4,12,False,230,0,81,81,0.405,0
2214,0,1,0,4,11,False,125,0,72,72,0.36,0
2215,0,1,0,4,17,False,110,12,140,3212,16.06,0
2216,0,1,0,4,11,False,236,0,58,58,0.29,0
2217,0,1,0,4,18,False,80,7,74,1866,9.33,0
2218,0,1,0,4,19,False,176,1,23,279,1.395,0
2219,0,1,0,4,20,False,80,15,234,4074,20.37,0
2220,0,1,0,4,21,False,184,15,28,3868,19.34,0
2221,0,1,0,4,22,False,251,3,206,974,4.87,0
2222,0,1,0,4,21,False,180,0,60,60,0.3,0
2223,0,1,0,4,23,False,217,9,95,2399,11.995,0
2224,0,1,0,4,11,False,15,0,57,57,0.285,0
2225,0,1,0,4,21,False,15,0,104,104,0.52,0
2226,0,1,0,4,24,False,180,0,90,90,0.45,0
2227,0,1,0,4,25,False,6,3,45,813,4.065,0
2228,0,1,0,4,26,False,6,2,166,678,3.39,0
2229,0,1,0,4,27,False,52,4,152,1176,5.88,0
2230,0,1,0,4,7,True,10,1,169,425,2.125,0
2231,0,1,0,4,8,True,28,5,159,1439,7.195,0
2232,0,1,0,4,9,True,6,3,32,800,4.0,0
2233,0,1,0,4,10,True,251,10,184,2744,13.72,0
2234,0,1,0,4,11,True,15,14,242,3826,19.13,0
2235,0,1,0,4,12,True,216,6,50,1586,7.93,0
2236,0,1,0,4,13,True,217,3,131,899,4.495,0
2237,0,1,0,4,14,True,4,8,122,2170,10.85,0
2238,0,1,0,4,15,True,226,8,121,2169,10.845,0
2239,0,1,0,4,16,True,15,14,91,3675,18.375,0
2240,0,1,0,4,17,True,180,6,7,1543,7.715,0
2241,0,1,0,4,18,True,230,4,85,1109,5.545,0
2242,0,1,0,4,19,True,251,7,233,2025,10.125,0
2243,0,1,0,4,20,True,15,9,205,2509,12.545,0
2244,0,1,0,4,21,True,251,1,199,455,2.275,0
2245,0,1,0,4,22,True,226,5,34,1314,6.57,0
2246,0,1,0,4,23,True,180,4,169,1193,5.965,0
2247,0,1,0,4,24,True,217,14,162,3746,18.73,0
2248,0,1,0,4,25,True,251,4,108,1132,5.66,0
2249,0,1,0,4,26,True,217,7,43,1835,9.175,0
2250,0,1,0,4,27,True,251,14,232,3816,19.08,0
2251,0,1,0,4,28,True,6,1,139,395,1.975,0
2252,0,1,0,4,7,False,170,0,93,93,0.465,0
2253,0,1,0,4,6,False,241,0,87,87,0.435,0
2254,0,1,0,4,6,False,27,0,70,70,0.35,0
2255,0,1,0,4,7,False,146,1,126,382,1.91,0
2256,0,1,0,4,6,False,157,0,63,63,0.315,0
2257,0,1,0,4,6,False,237,0,87,87,0.435,0
2258,0,1,0,4,7,False,100,2,92,604,3.02,0
2259,0,1,0,4,6,False,100,0,105,105,0.525,0
2260,0,1,0,4,5,False,190,0,148,148,0.74,0
2261,0,1,0,4,6,False,190,0,144,144,0.72,0
2262,0,1,0,4,7,False,5,2,35,547,2.735,0
2263,0,1,0,4,8,False,148,10,110,2670,13.35,0
2264,0,1,0,4,6,False,1,0,202,202,1.01,0
2265,0,1,0,4,7,False,1,1,16,272,1.36,0
2266,0,1,0,4,8,False,145,3,95,863,4.315,0
2267,0,1,0,4,7,False,147,0,77,77,0.385,0
2268,0,1,0,4,8,False,7,4,183,1207,6.035,0
2269,0,1,0,4,5,False,99,0,102,102,0.51,0
2270,0,1,0,4,6,False,99,0,136,136,0.68,0
2271,0,1,0,4,7,False,99,1,73,329,1.645,0
2272,0,1,0,4,8,False,208,2,198,710,3.55,0
2273,0,1,0,4,7,False,77,0,78,78,0.39,0
2274,0,1,0,4,8,False,76,0,96,96,0.48,0
2275,0,1,0,4,6,False,217,0,68,68,0.34,0
2276,0,1,0,4,7,False,217,0,74,74,0.37,0
2277,0,1,0,4,7,False,101,0,131,131,0.655,0
2278,0,1,0,4,6,False,171,0,84,84,0.42,0
2279,0,1,0,4,5,False,33,0,213,213,1.065,0
2280,0,1,0,4,6,False,240,0,147,147,0.735,0
2281,0,1,0,4,7,False,178,1,249,505,2.525,0
2282,0,1,0,4,5,False,216,0,54,54,0.27,0
2283,0,1,0,4,6,False,237,0,173,173,0.865,0
2284,0,1,0,4,7,False,104,3,123,891,4.455,0
2285,0,1,0,4,8,False,195,14,5,3589,17.945,0
2286,0,1,0,4,9,False,174,6,135,1671,8.355,0
2287,0,1,0,4,6,False,53,0,156,156,0.78,0
2288,0,1,0,4,7,False,58,0,228,228,1.14,0
2289,0,1,0,4,8,False,46,1,109,365,1.825,0
2290,0,1,0,4,9,False,47,1,138,394,1.97,0
2291,0,1,0,4,8,False,74,0,68,68,0.34,0
2292,0,1,0,4,10,False,74,12,76,3148,15.74,0
2293,0,1,0,4,11,False,144,9,229,2533,12.665,0
2294,0,1,0,4,12,False,39,2,222,734,3.67,0
2295,0,1,0,4,7,False,81,0,127,127,0.635,0
2296,0,1,0,4,8,False,77,0,150,150,0.75,0
2297,0,1,0,4,6,False,221,0,74,74,0.37,0
2298,0,1,0,4,7,False,221,0,70,70,0.35,0
2299,0,1,0,4,8,False,220,0,93,93,0.465,0
2300,0,1,0,4,8,False,174,0,97,97,0.485,0
2301,0,1,0,4,9,False,175,0,239,239,1.195,0
2302,0,1,0,4,8,False,63,0,65,65,0.325,0
2303,0,1,0,4,10,False,182,1,181,437,2.185,0
2304,0,1,0,4,8,False,182,0,189,189,0.945,0
2305,0,1,0,4,10,False,182,1,226,482,2.41,0
2306,0,1,0,4,11,False,198,9,130,2434,12.17,0
2307,0,1,0,4,12,False,203,8,251,2299,11.495,0
2308,0,1,0,4,12,False,247,0,84,84,0.42,0
2309,0,1,0,4,8,False,62,0,175,175,0.875,0
2310,0,1,0,4,10,False,62,0,189,189,0.945,0
2311,0,1,0,4,11,False,40,2,120,632,3.16,0
2312,0,1,0,4,11,False,8,0,67,67,0.335,0
2313,0,1,0,4,10,False,57,0,68,68,0.34,0
2314,0,1,0,4,10,False,131,0,67,67,0.335,0
2315,0,1,0,4,11,False,169,3,27,795,3.975,0
2316,0,1,0,3,41,True,3,11,0,2816,14.08,0
2317,0,1,0,4,8,False,64,0,61,61,0.305,0
2318,0,1,0,4,10,False,85,0,225,225,1.125,0
2319,0,1,0,4,11,False,0,2,238,750,3.75,0
2320,0,1,0,4,12,False,0,9,152,2456,12.28,0
2321,0,1,0,4,13,False,85,13,50,3378,16.89,0
2322,0,1,0,4,11,False,168,0,56,56,0.28,0
2323,0,1,0,4,12,False,24,0,251,251,1.255,0
2324,0,1,0,4,8,False,35,0,135,135,0.675,0
2325,0,1,0,4,10,False,34,0,177,177,0.885,0
2326,0,1,0,4,11,False,174,3,201,969,4.845,0
2327,0,1,0,4,11,False,51,0,204,204,1.02,0
2328,0,1,0,4,10,False,73,0,138,138,0.69,0
2329,0,1,0,4,10,False,164,0,138,138,0.69,0
2330,0,1,0,4,11,False,192,5,179,1459,7.295,0
2331,0,1,0,4,12,False,192,8,145,2193,10.965,0
2332,0,1,0,4,11,False,146,1,66,322,1.61,0
2333,0,1,0,4,11,False,187,0,235,235,1.175,0
2334,0,1,0,4,12,False,237,1,249,505,2.525,0
2335,0,1,0,4,13,False,171,4,220,1244,6.22,0
2336,0,1,0,4,10,False,125,0,66,66,0.33,0
2337,0,1,0,4,11,False,145,1,149,405,2.025,0
2338,0,1,0,4,12,False,121,0,193,193,0.965,0
2339,0,1,0,4,13,False,124,0,93,93,0.465,0
2340,0,1,0,4,14,False,135,11,57,2873,14.365,0
2341,0,1,0,4,15,False,125,9,196,2500,12.5,0
2342,0,1,0,4,16,False,124,9,221,2525,12.625,0
2343,0,1,0,4,11,False,84,0,134,134,0.67,0
2344,0,1,0,4,17,False,145,15,168,4008,20.04,0
2345,0,1,0,4,11,False,239,0,66,66,0.33,0
2346,0,1,0,4,11,False,85,0,75,75,0.375,0
2347,0,1,0,4,11,False,123,0,91,91,0.455,0
2348,0,1,0,3,59,False,0,11,0,2816,14.08,0
2349,0,1,0,4,11,False,7,0,205,205,1.025,0
2350,0,1,0,4,12,False,7,0,66,66,0.33,0
2351,0,1,0,4,11,False,179,0,203,203,1.015,0
2352,0,1,0,4,16,False,7,0,177,177,0.885,0
2353,0,1,0,4,17,False,7,0,85,85,0.425,0
2354,0,1,0,4,18,False,179,15,240,4080,20.4,0
2355,0,1,0,4,19,False,34,14,92,3676,18.38,0
2356,0,1,0,4,20,False,125,7,210,2002,10.01,0
2357,0,1,0,4,11,False,37,0,90,90,0.45,0
2358,0,1,0,4,12,False,37,0,73,73,0.365,0
2359,0,1,0,4,11,False,181,0,64,64,0.32,0
2360,0,1,0,4,21,False,181,14,218,3802,19.01,0
2361,0,1,0,4,11,False,65,0,57,57,0.285,0
2362,0,1,0,4,21,False,188,0,101,101,0.505,0
2363,0,1,0,4,11,False,205,0,138,138,0.69,0
2364,0,1,0,4,12,False,205,0,64,64,0.32,0
2365,0,1,0,4,21,False,205,1,88,344,1.72,0
2366,0,1,0,4,11,False,184,0,221,221,1.105,0
2367,0,1,0,4,21,False,163,0,75,75,0.375,0
2368,0,1,0,4,22,False,143,15,45,3885,19.425,0
2369,0,1,0,4,21,False,127,0,74,74,0.37,0
2370,0,1,0,4,21,False,197,0,35,35,0.175,0
2371,0,1,0,4,23,False,64,6,188,1724,8.62,0
2372,0,1,0,4,24,False,143,0,232,232,1.16,0
2373,0,1,0,4,25,False,34,1,211,467,2.335,0
2374,0,1,0,4,26,False,240,0,159,159,0.795,0
2375,0,1,0,4,27,False,33,3,240,1008,5.04,0
2376,0,1,0,4,7,True,240,1,45,301,1.505,0
2377,0,1,0,4,8,True,175,5,131,1411,7.055,0
2378,0,1,0,4,21,False,210,0,52,52,0.26,0
2379,0,1,0,4,9,True,34,0,180,180,0.9,0
2380,0,1,0,4,10,True,143,5,223,1503,7.515,0
2381,0,1,0,4,11,True,125,4,7,1031,5.155,0
2382,0,1,0,4,12,True,175,2,32,544,2.72,0
2383,0,1,0,4,13,True,175,0,254,254,1.27,0
2384,0,1,0,4,14,True,124,9,173,2477,12.385,0
2385,0,1,0,4,15,True,135,15,62,3902,19.51,0
2386,0,1,0,4,16,True,184,4,67,1091,5.455,0
2387,0,1,0,4,17,True,143,3,3,771,3.855,0
2388,0,1,0,4,18,True,205,14,244,3828,19.14,0
2389,0,1,0,4,11,False,1,0,64,64,0.32,0
2390,0,1,0,4,21,False,1,0,66,66,0.33,0
2391,0,1,0,4,16,True,1,0,43,43,0.215,0
2392,0,1,0,4,19,True,125,15,96,3936,19.68,0
2393,0,1,0,4,20,True,1,8,209,2257,11.285,0
2394,0,1,0,4,21,True,125,8,218,2266,11.33,0
2395,0,1,0,4,22,True,7,11,126,2942,14.71,0
2396,0,1,0,4,23,True,73,8,225,2273,11.365,0
2397,0,1,0,4,24,True,175,13,174,3502,17.51,0
2398,0,1,0,4,25,True,124,12,169,3241,16.205,0
2399,0,1,0,4,26,True,175,6,156,1692,8.46,0
2400,0,1,0,4,27,True,153,9,246,2550,12.75,0
2401,0,1,0,4,28,True,191,0,76,76,0.38,0
2402,0,1,0,4,8,False,132,0,128,128,0.64,0
2403,0,1,0,0,0,False,0,0,0,0,0.0,0
2404,0,1,0,4,0,False,128,4,5,1029,5.145,0
2405,0,1,0,4,0,False,68,4,6,1030,5.15,0
2406,0,1,0,5,0,False,202,4,5,1029,5.145,130
2407,0,1,0,0,0,False,0,0,0,0,0.0,0
2408,0,1,0,5,5,False,130,0,69,69,0.345,4
2409,0,1,0,5,14,False,0,6,4,1540,7.7,5
2410,0,1,0,0,0,False,0,0,0,0,0.0,0
2411,0,1,0,0,0,False,0,0,0,0,0.0,0
2412,0,1,0,1,4,False,0,0,0,0,0.0,0
2413,0,1,0,5,30,True,0,6,4,1540,7.7,6
2414,0,1,0,5,2,False,112,4,7,1031,5.155,164
2415,0,1,0,6,56,False,4,5,143,1423,7.115,55040
2416,0,1,0,4,5,False,164,0,151,151,0.755,0
2417,0,1,0,4,5,False,27,0,175,175,0.875,0
2418,0,1,0,4,6,False,38,3,7,775,3.875,0
2419,0,1,0,4,7,False,118,5,218,1498,7.49,0
2420,0,1,0,4,5,False,230,0,102,102,0.51,0
2421,0,1,0,4,6,False,230,0,91,91,0.455,0
2422,0,1,0,4,5,False,97,0,120,120,0.6,0
2423,0,1,0,4,6,False,167,0,236,236,1.18,0
2424,0,1,0,4,7,False,233,2,145,657,3.285,0
2425,0,1,0,4,5,False,40,0,119,119,0.595,0
2426,0,1,0,4,6,False,36,0,56,56,0.28,0
2427,0,1,0,4,7,False,79,1,97,353,1.765,0
2428,0,1,0,4,8,False,31,15,70,3910,19.55,0
2429,0,1,0,4,5,False,36,0,52,52,0.26,0
2430,0,1,0,4,6,False,148,0,119,119,0.595,0
2431,0,1,0,4,7,False,239,1,72,328,1.64,0
2432,0,1,0,4,5,False,246,0,148,148,0.74,0
2433,0,1,0,4,6,False,239,0,254,254,1.27,0
2434,0,1,0,4,7,False,60,1,33,289,1.445,0
2435,0,1,0,4,8,False,204,6,5,1541,7.705,0
2436,0,1,0,4,7,False,28,0,60,60,0.3,0
2437,0,1,0,4,8,False,119,1,197,453,2.265,0
2438,0,1,0,4,6,False,168,0,53,53,0.265,0
2439,0,1,0,4,7,False,35,0,92,92,0.46,0
2440,0,1,0,4,5,False,35,0,68,68,0.34,0
2441,0,1,0,4,6,False,35,0,106,106,0.53,0
2442,0,1,0,4,6,False,207,0,62,62,0.31,0
2443,0,1,0,4,6,False,21,0,71,71,0.355,0
2444,0,1,0,4,5,False,90,0,68,68,0.34,0
2445,0,1,0,4,6,False,101,0,145,145,0.725,0
2446,0,1,0,4,7,False,101,2,95,607,3.035,0
2447,0,1,0,4,8,False,6,7,34,1826,9.13,0
2448,0,1,0,4,9,False,122,12,18,3090,15.45,0
2449,0,1,0,4,7,False,198,0,61,61,0.305,0
2450,0,1,0,4,8,False,198,0,81,81,0.405,0
2451,0,1,0,4,9,False,199,0,19,19,0.095,0
2452,0,1,0,4,10,False,104,8,168,2216,11.08,0
2453,0,1,0,4,11,False,232,12,195,3267,16.335,0
2454,0,1,0,4,11,False,254,0,63,63,0.315,0
2455,0,1,0,4,8,False,127,1,72,328,1.64,0
2456,0,1,0,4,5,False,127,0,67,67,0.335,0
2457,0,1,0,4,6,False,127,0,94,94,0.47,0
2458,0,1,0,4,7,False,81,0,143,143,0.715,0
2459,0,1,0,4,8,False,81,2,139,651,3.255,0
2460,0,1,0,4,9,False,81,0,219,219,1.095,0
2461,0,1,0,4,10,False,28,4,62,1086,5.43,0
2462,0,1,0,4,11,False,77,10,157,2717,13.585,0
2463,0,1,0,4,12,False,171,11,93,2909,14.545,0
2464,0,1,0,4,10,False,172,0,73,73,0.365,0
2465,0,1,0,4,8,False,20,0,231,231,1.155,0
2466,0,1,0,4,10,False,14,0,63,63,0.315,0
2467,0,1,0,4,11,False,13,3,103,871,4.355,0
2468,0,1,0,4,10,False,238,0,69,69,0.345,0
2469,0,1,0,4,8,False,58,0,81,81,0.405,0
2470,0,1,0,4,10,False,58,0,156,156,0.78,0
2471,0,1,0,4,11,False,126,4,76,1100,5.5,0
2472,0,1,0,4,11,False,9,1,46,302,1.51,0
2473,0,1,0,4,11,False,58,0,130,130,0.65,0
2474,0,1,0,4,8,False,128,0,65,65,0.325,0
2475,0,1,0,4,8,False,220,0,67,67,0.335,0
2476,0,1,0,4,10,False,219,0,169,169,0.845,0
2477,0,1,0,2,27,True,0,0,0,0,0.0,0
2478,0,1,0,1,4,False,0,0,0,0,0.0,0
2479,0,1,0,7,61,False,0,6,4,1540,7.7,31752
2480,0,1,0,1,4,False,0,0,0,0,0.0,0
2481,0,1,0,2,45,True,0,0,0,0,0.0,0
2482,0,1,0,3,4,False,11,14,0,3584,17.92,0
2483,0,1,0,7,14,True,4,12,78,3150,15.75,322828
2484,0,1,0,3,4,False,0,0,0,0,0.0,0
2485,0,1,0,4,11,False,74,0,154,154,0.77,0
2486,0,1,0,4,10,False,117,0,65,65,0.325,0
2487,0,1,0,4,11,False,165,1,133,389,1.945,0
2488,0,1,0,4,11,False,21,0,90,90,0.45,0
2489,0,1,0,4,11,False,112,0,191,191,0.955,0
2490,0,1,0,4,11,False,140,0,83,83,0.415,0
2491,0,1,0,4,11,False,231,0,102,102,0.51,0
2492,0,1,0,4,12,False,73,3,148,916,4.58,0
2493,0,1,0,4,11,False,115,1,150,406,2.03,0
2494,0,1,0,4,11,False,168,1,35,291,1.455,0
2495,0,1,0,4,11,False,249,1,40,296,1.48,0
2496,0,1,0,4,12,False,250,1,58,314,1.57,0
2497,0,1,0,4,13,False,168,0,85,85,0.425,0
2498,0,1,0,4,11,False,213,0,69,69,0.345,0
2499,0,1,0,4,11,False,244,0,91,91,0.455,0
2500,0,1,0,4,14,False,123,15,108,3948,19.74,0
2501,0,1,0,4,15,False,117,8,190,2238,11.19,0
2502,0,1,0,4,16,False,168,0,214,214,1.07,0
2503,0,1,0,4,17,False,249,12,201,3273,16.365,0
2504,0,1,0,4,18,False,249,0,127,127,0.635,0
2505,0,1,0,4,19,False,131,5,133,1413,7.065,0
2506,0,1,0,4,12,False,215,0,60,60,0.3,0
2507,0,1,0,4,11,False,60,0,254,254,1.27,0
2508,0,1,0,4,12,False,61,0,133,133,0.665,0
2509,0,1,0,4,11,False,190,0,79,79,0.395,0
2510,0,1,0,4,20,False,115,13,223,3551,17.755,0
2511,0,1,0,4,11,False,116,0,128,128,0.64,0
2512,0,1,0,4,11,False,159,0,234,234,1.17,0
2513,0,1,0,4,12,False,160,0,79,79,0.395,0
2514,0,1,0,4,13,False,160,0,27,27,0.135,0
2515,0,1,0,4,11,False,145,0,151,151,0.755,0
2516,0,1,0,4,11,False,172,0,79,79,0.395,0
2517,0,1,0,4,18,False,160,0,85,85,0.425,0
2518,0,1,0,4,20,False,160,0,77,77,0.385,0
2519,0,1,0,4,21,False,172,13,174,3502,17.51,0
2520,0,1,0,4,22,False,124,11,237,3053,15.265,0
2521,0,1,0,4,23,False,125,3,250,1018,5.09,0
2522,0,1,0,4,24,False,131,14,182,3766,18.83,0
2523,0,1,0,4,25,False,246,3,166,934,4.67,0
2524,0,1,0,4,26,False,246,1,212,468,2.34,0
2525,0,1,0,4,27,False,117,8,0,2048,10.24,0
2526,0,1,0,4,7,True,246,2,150,662,3.31,0
2527,0,1,0,4,8,True,101,8,24,2072,10.36,0
2528,0,1,0,4,21,False,240,0,57,57,0.285,0
2529,0,1,0,4,9,True,36,3,46,814,4.07,0
2530,0,1,0,4,10,True,131,12,251,3323,16.615,0
2531,0,1,0,4,11,True,117,10,134,2694,13.47,0
2532,0,1,0,4,11,False,29,0,114,114,0.57,0
2533,0,1,0,4,12,True,125,15,13,3853,19.265,0
2534,0,1,0,4,13,True,125,10,204,2764,13.82,0
2535,0,1,0,4,14,True,160,8,207,2255,11.275,0
2536,0,1,0,4,15,True,123,4,50,1074,5.37,0
2537,0,1,0,4,16,True,29,12,37,3109,15.545,0
2538,0,1,0,4,17,True,131,13,106,3434,17.17,0
2539,0,1,0,4,18,True,160,10,35,2595,12.975,0
2540,0,1,0,4,19,True,115,1,174,430,2.15,0
2541,0,1,0,4,20,True,240,4,105,1129,5.645,0
2542,0,1,0,4,21,True,117,9,28,2332,11.66,0
2543,0,1,0,4,22,True,168,11,235,3051,15.255,0
2544,0,1,0,4,23,True,131,14,7,3591,17.955,0
2545,0,1,0,4,24,True,58,4,230,1254,6.27,0
2546,0,1,0,4,25,True,115,5,70,1350,6.75,0
2547,0,1,0,4,26,True,81,9,241,2545,12.725,0
2548,0,1,0,4,27,True,124,10,1,2561,12.805,120
2549,0,-1,-1,-1,-1,True,-1,-1,-1,-1,-1.0,-1
2550,0,1,0,4,12,False,106,0,173,173,0.865,0
2551,0,1,0,4,14,False,191,6,12,1548,7.74,0
2552,0,1,0,4,15,False,83,10,238,2798,13.99,0
2553,0,1,0,4,16,False,106,1,167,423,2.115,0
2554,0,1,0,4,11,False,179,0,59,59,0.295,0
2555,0,1,0,4,17,False,205,14,24,3608,18.04,0
2556,0,1,0,4,11,False,113,1,20,276,1.38,0
2557,0,1,0,4,12,False,60,0,151,151,0.755,0
2558,0,1,0,4,11,False,203,0,71,71,0.355,0
2559,0,1,0,4,11,False,17,0,54,54,0.27,0
2560,0,1,0,4,11,False,108,0,192,192,0.96,0
2561,0,1,0,4,12,False,108,0,148,148,0.74,0
2562,0,1,0,4,16,False,35,0,60,60,0.3,0
2563,0,1,0,4,11,False,45,0,234,234,1.17,0
2564,0,1,0,4,11,False,126,0,103,103,0.515,0
2565,0,1,0,4,12,False,45,0,94,94,0.47,0
2566,0,1,0,4,13,False,45,0,61,61,0.305,0
2567,0,1,0,4,11,False,69,0,55,55,0.275,0
2568,0,1,0,4,16,False,45,0,62,62,0.31,0
2569,0,1,0,4,17,False,63,0,75,75,0.375,0
2570,0,1,0,4,18,False,46,8,88,2136,10.68,0
2571,0,1,0,4,11,False,75,0,77,77,0.385,0
2572,0,1,0,4,19,False,80,10,10,2570,12.85,0
2573,0,1,0,4,20,False,192,11,65,2881,14.405,0
2574,0,1,0,4,11,False,44,0,51,51,0.255,0
2575,0,1,0,4,12,False,40,0,53,53,0.265,0
2576,0,1,0,4,21,False,232,2,63,575,2.875,0
2577,0,1,0,4,11,False,233,0,68,68,0.34,0
2578,0,1,0,4,22,False,204,0,47,47,0.235,0
2579,0,1,0,4,21,False,137,0,61,61,0.305,0
2580,0,1,0,4,23,False,148,9,52,2356,11.78,0
2581,0,1,0,4,24,False,204,15,224,4064,20.32,0
2582,0,1,0,4,25,False,127,3,100,868,4.34,0
2583,0,1,0,4,26,False,160,1,196,452,2.26,0
2584,0,1,0,4,27,False,126,4,25,1049,5.245,0
2585,0,1,0,4,6,True,91,0,47,47,0.235,0
2586,0,1,0,4,7,True,126,2,133,645,3.225,0
2587,0,1,0,4,8,True,66,4,152,1176,5.88,0
2588,0,1,0,4,9,True,126,2,162,674,3.37,0
2589,0,1,0,4,10,True,84,8,206,2254,11.27,0
2590,0,1,0,4,11,True,35,14,176,3760,18.8,0
2591,0,1,0,4,12,True,148,6,25,1561,7.805,0
2592,0,1,0,4,13,True,148,5,29,1309,6.545,0
2593,0,1,0,4,14,True,45,8,167,2215,11.075,0
2594,0,1,0,4,15,True,191,10,14,2574,12.87,0
2595,0,1,0,4,16,True,232,10,36,2596,12.98,0
2596,0,1,0,4,17,True,204,15,187,4027,20.135,0
2597,0,1,0,4,18,True,40,10,179,2739,13.695,0
2598,0,1,0,4,19,True,64,4,209,1233,6.165,0
2599,0,1,0,4,20,True,137,4,243,1267,6.335,0
2600,0,1,0,4,21,True,83,0,94,94,0.47,0
2601,0,1,0,4,22,True,45,0,172,172,0.86,0
2602,0,1,0,4,23,True,147,5,112,1392,6.96,0
2603,0,1,0,4,24,True,148,15,133,3973,19.865,0
2604,0,1,0,4,25,True,83,8,103,2151,10.755,0
2605,0,1,0,4,26,True,148,4,100,1124,5.62,0
2606,0,1,0,4,27,True,0,0,10,10,0.05,2114323457
2607,0,-1,-1,-1,-1,True,-1,-1,-1,-1,-1.0,-1
2608,0,-1,-1,-1,-1,True,-1,-1,-1,-1,-1.0,-1
2609,0,-1,-1,-1,-1,True,-1,-1,-1,-1,-1.0,-1
2610,0,-1,-1,-1,-1,True,-1,-1,-1,-1,-1.0,-1
2611,0,-1,-1,-1,-1,True,-1,-1,-1,-1,-1.0,-1
2612,0,1,0,6,62,False,0,9,4,2308,11.54,13318
2613,0,1,0,0,0,False,0,0,0,0,0.0,0
2614,0,1,0,1,4,False,0,0,0,0,0.0,0
2615,0,1,0,7,37,False,0,6,4,1540,7.7,222472
2616,0,1,0,6,4,False,9,4,15,1039,5.195,1276
2617,0,1,0,6,54,False,0,15,4,3844,19.22,48133
2618,0,1,0,0,0,False,0,0,0,0,0.0,0
2619,0,1,0,0,0,False,0,0,0,0,0.0,0
2620,0,1,0,4,6,False,188,0,83,83,0.415,0
2621,0,1,0,4,7,False,188,0,241,241,1.205,0
2622,0,1,0,4,8,False,157,3,76,844,4.22,0
2623,0,1,0,4,7,False,233,1,2,258,1.29,0
2624,0,1,0,4,6,False,233,0,56,56,0.28,0
2625,0,1,0,4,8,False,233,5,7,1287,6.435,0
2626,0,1,0,4,9,False,233,2,90,602,3.01,0
2627,0,1,0,1,41,True,0,0,0,0,0.0,0
2628,0,1,0,2,26,False,4,0,0,0,0.0,0
2629,0,1,0,7,47,False,0,13,4,3332,16.66,26376
2630,0,1,0,2,4,False,10,0,0,0,0.0,0
2631,0,1,0,3,0,False,156,4,0,1024,5.12,0
2632,0,1,0,3,38,False,0,11,0,2816,14.08,0
2633,0,1,0,4,12,False,46,10,0,2560,12.8,0
2634,0,1,0,4,7,False,98,0,68,68,0.34,0
2635,0,1,0,4,8,False,98,0,157,157,0.785,0
2636,0,1,0,4,10,False,242,1,43,299,1.495,0
2637,0,1,0,4,11,False,242,3,92,860,4.3,0
2638,0,1,0,4,11,False,168,1,188,444,2.22,0
2639,0,1,0,4,10,False,196,0,95,95,0.475,0
2640,0,1,0,4,10,False,10,0,65,65,0.325,0
2641,0,1,0,4,11,False,122,4,107,1131,5.655,0
2642,0,1,0,4,12,False,101,6,197,1733,8.665,0
2643,0,1,0,4,11,False,6,0,201,201,1.005,0
2644,0,1,0,4,7,False,38,0,58,58,0.29,0
2645,0,1,0,4,8,False,44,0,249,249,1.245,0
2646,0,1,0,4,10,False,44,0,185,185,0.925,0
2647,0,1,0,4,11,False,87,1,225,481,2.405,0
2648,0,1,0,4,11,False,76,0,238,238,1.19,0
2649,0,1,0,4,12,False,76,3,175,943,4.715,0
2650,0,1,0,4,10,False,217,0,50,50,0.25,0
2651,0,1,0,4,5,False,36,0,56,56,0.28,0
2652,0,1,0,4,7,False,36,0,60,60,0.3,0
2653,0,1,0,4,8,False,36,0,238,238,1.19,0
2654,0,1,0,4,9,False,36,0,76,76,0.38,0
2655,0,1,0,4,10,False,132,1,76,332,1.66,0
2656,0,1,0,4,11,False,159,7,148,1940,9.7,0
2657,0,1,0,4,11,False,159,8,133,2181,10.905,0
2658,0,1,0,4,10,False,246,0,60,60,0.3,0
2659,0,1,0,4,11,False,60,0,231,231,1.155,0
2660,0,1,0,4,10,False,151,0,76,76,0.38,0
2661,0,1,0,4,11,False,249,1,58,314,1.57,0
2662,0,1,0,4,12,False,56,9,13,2317,11.585,0
2663,0,1,0,4,11,False,109,0,219,219,1.095,0
2664,0,1,0,4,10,False,158,0,56,56,0.28,0
2665,0,1,0,4,11,False,158,0,197,197,0.985,0
2666,0,1,0,4,12,False,158,0,222,222,1.11,0
2667,0,1,0,4,13,False,158,14,189,3773,18.865,0
2668,0,1,0,4,14,False,158,9,8,2312,11.56,0
2669,0,1,0,4,15,False,158,5,254,1534,7.67,0
2670,0,1,0,4,16,False,158,3,233,1001,5.005,0
2671,0,1,0,4,11,False,150,0,76,76,0.38,0
2672,0,1,0,4,17,False,158,5,25,1305,6.525,0
2673,0,1,0,4,11,False,251,0,48,48,0.24,0
2674,0,1,0,4,11,False,114,0,224,224,1.12,0
2675,0,1,0,4,11,False,205,0,168,168,0.84,0
2676,0,1,0,4,11,False,247,2,59,571,2.855,0
2677,0,1,0,4,12,False,247,2,135,647,3.235,0
2678,0,1,0,4,11,False,110,0,150,150,0.75,0
2679,0,1,0,3,46,False,0,6,0,1536,7.68,0
2680,0,1,0,4,11,False,250,0,158,158,0.79,0
2681,0,1,0,4,12,False,251,0,59,59,0.295,0
2682,0,1,0,4,16,False,104,0,111,111,0.555,0
2683,0,1,0,4,17,False,247,0,201,201,1.005,0
2684,0,1,0,4,11,False,246,0,149,149,0.745,0
2685,0,1,0,4,12,False,246,0,71,71,0.355,0
2686,0,1,0,4,11,False,144,0,85,85,0.425,0
2687,0,1,0,4,11,False,214,0,67,67,0.335,0
2688,0,1,0,4,11,False,29,0,64,64,0.32,0
2689,0,1,0,4,11,False,98,0,87,87,0.435,0
2690,0,1,0,4,11,False,168,0,97,97,0.485,0
2691,0,1,0,4,12,False,169,0,141,141,0.705,0
2692,0,1,0,4,11,False,52,0,65,65,0.325,0
2693,0,1,0,4,17,False,98,0,61,61,0.305,0
2694,0,1,0,4,18,False,99,5,48,1328,6.64,0
2695,0,1,0,4,19,False,36,5,13,1293,6.465,0
2696,0,1,0,4,20,False,104,8,165,2213,11.065,0
2697,0,1,0,4,21,False,52,9,110,2414,12.07,0
2698,0,1,0,4,22,False,151,15,77,3917,19.585,0
2699,0,1,0,4,23,False,36,8,7,2055,10.275,0
2700,0,1,0,4,24,False,36,15,50,3890,19.45,0
2701,0,1,0,4,25,False,243,3,170,938,4.69,0
2702,0,1,0,4,26,False,224,2,68,580,2.9,0
2703,0,1,0,4,27,False,163,5,5,1285,6.425,0
2704,0,1,0,4,7,True,138,2,39,551,2.755,0
2705,0,1,0,4,8,True,38,5,94,1374,6.87,0
2706,0,1,0,4,11,False,9,0,55,55,0.275,0
2707,0,1,0,4,9,True,188,3,120,888,4.44,0
2708,0,1,0,4,11,False,149,0,45,45,0.225,0
2709,0,1,0,4,21,False,148,0,65,65,0.325,0
2710,0,1,0,4,10,True,158,5,76,1356,6.78,0
2711,0,1,0,4,11,True,104,14,39,3623,18.115,0
2712,0,1,0,4,12,True,36,3,254,1022,5.11,0
2713,0,1,0,4,13,True,37,14,135,3719,18.595,0
2714,0,1,0,4,11,False,61,0,83,83,0.415,0
2715,0,1,0,4,14,True,104,8,151,2199,10.995,0
2716,0,1,0,4,15,True,158,15,29,3869,19.345,0
2717,0,1,0,4,16,True,61,5,59,1339,6.695,0
2718,0,1,0,4,17,True,152,13,247,3575,17.875,0
2719,0,1,0,4,18,True,168,13,32,3360,16.8,0
2720,0,1,0,4,19,True,158,15,250,4090,20.45,0
2721,0,1,0,4,20,True,148,14,137,3721,18.605,0
2722,0,1,0,4,21,True,151,9,241,2545,12.725,0
2723,0,1,0,4,22,True,104,4,218,1242,6.21,0
2724,0,1,0,4,23,True,36,14,196,3780,18.9,0
2725,0,1,0,4,24,True,36,14,165,3749,18.745,0
2726,0,1,0,4,25,True,205,11,34,2850,14.25,0
2727,0,1,0,4,26,True,36,2,79,591,2.955,0
2728,0,1,0,4,27,True,104,0,239,239,1.195,0
2729,0,1,0,4,28,True,101,1,116,372,1.86,0
2730,0,1,0,4,37,False,1,4,4,1028,5.14,0
2731,0,1,0,5,12,True,1,8,4,2052,10.26,6
2732,0,1,0,2,2,False,29,0,0,0,0.0,0
2733,0,1,0,4,5,False,55,0,89,89,0.445,0
2734,0,1,0,4,6,False,55,0,214,214,1.07,0
2735,0,1,0,4,6,False,220,0,243,243,1.215,0
2736,0,1,0,4,7,False,34,7,143,1935,9.675,0
2737,0,1,0,7,34,False,7,15,4,3844,19.22,26628
2738,0,1,0,3,4,False,5,15,0,3840,19.2,0
2739,0,1,0,2,16,False,4,0,0,0,0.0,0
2740,0,1,0,6,37,False,4,11,4,2820,14.1,20230
2741,0,1,0,0,0,False,0,0,0,0,0.0,0
2742,0,1,0,0,0,False,0,0,0,0,0.0,0
2743,0,1,0,4,7,False,79,5,99,1379,6.895,0
2744,0,1,0,4,7,False,224,0,132,132,0.66,0
2745,0,1,0,4,7,False,33,0,71,71,0.355,0
2746,0,1,0,4,8,False,68,3,83,851,4.255,0
2747,0,1,0,4,7,False,145,0,54,54,0.27,0
2748,0,1,0,4,6,False,1,0,72,72,0.36,0
2749,0,1,0,4,7,False,93,1,126,382,1.91,0
2750,0,1,0,4,5,False,99,0,63,63,0.315,0
2751,0,1,0,4,5,False,183,0,62,62,0.31,0
2752,0,1,0,4,5,False,7,1,88,344,1.72,0
2753,0,1,0,4,6,False,242,1,229,485,2.425,0
2754,0,1,0,4,7,False,67,3,43,811,4.055,0
2755,0,1,0,4,8,False,4,7,137,1929,9.645,0
2756,0,1,0,4,6,False,64,1,27,283,1.415,0
2757,0,1,0,4,7,False,133,1,196,452,2.26,0
2758,0,1,0,4,8,False,95,11,189,3005,15.025,0
2759,0,1,0,4,9,False,24,6,249,1785,8.925,0
2760,0,1,0,4,6,False,24,0,65,65,0.325,0
2761,0,1,0,4,7,False,59,0,155,155,0.775,0
2762,0,1,0,4,8,False,22,0,224,224,1.12,0
2763,0,1,0,4,10,False,59,0,177,177,0.885,0
2764,0,1,0,4,11,False,59,9,152,2456,12.28,0
2765,0,1,0,4,11,False,188,0,178,178,0.89,0
2766,0,1,0,4,8,False,209,0,142,142,0.71,0
2767,0,1,0,4,10,False,72,0,225,225,1.125,0
2768,0,1,0,4,6,False,24,0,57,57,0.285,0
2769,0,1,0,4,7,False,79,0,139,139,0.695,0
2770,0,1,0,4,7,False,223,0,58,58,0.29,0
2771,0,1,0,4,6,False,47,0,79,79,0.395,0
2772,0,1,0,4,6,False,117,0,56,56,0.28,0
2773,0,1,0,6,53,False,0,8,4,2052,10.26,58629
2774,0,1,0,0,0,False,0,0,0,0,0.0,0
2775,0,1,0,2,4,False,6,0,0,0,0.0,0
2776,0,1,0,5,0,False,78,4,8,1032,5.16,113
2777,0,1,0,4,26,False,4,9,113,2417,12.085,0
2778,0,1,0,1,44,False,0,0,0,0,0.0,0
2779,0,1,0,4,10,False,215,4,139,1163,5.815,0
2780,0,1,0,4,8,False,67,0,84,84,0.42,0
2781,0,1,0,4,10,False,141,0,140,140,0.7,0
2782,0,1,0,4,11,False,14,3,102,870,4.35,0
2783,0,1,0,4,11,False,84,0,146,146,0.73,0
2784,0,1,0,4,10,False,134,0,127,127,0.635,0
2785,0,1,0,4,10,False,175,0,78,78,0.39,0
2786,0,1,0,4,11,False,38,3,143,911,4.555,0
2787,0,1,0,4,11,False,59,0,232,232,1.16,0
2788,0,1,0,4,10,False,171,0,174,174,0.87,0
2789,0,1,0,4,11,False,252,1,210,466,2.33,0
2790,0,1,0,4,11,False,27,4,52,1076,5.38,0
2791,0,1,0,4,12,False,136,6,130,1666,8.33,0
2792,0,1,0,4,11,False,136,0,207,207,1.035,0
2793,0,1,0,4,11,False,227,0,138,138,0.69,0
2794,0,1,0,4,12,False,79,7,188,1980,9.9,0
2795,0,1,0,4,8,False,128,0,59,59,0.295,0
2796,0,1,0,4,10,False,191,0,116,116,0.58,0
2797,0,1,0,4,11,False,40,3,32,800,4.0,0
2798,0,1,0,4,11,False,47,3,206,974,4.87,0
2799,0,1,0,4,10,False,159,0,81,81,0.405,0
2800,0,1,0,4,11,False,250,2,210,722,3.61,0
2801,0,1,0,4,12,False,250,4,99,1123,5.615,0
2802,0,1,0,4,11,False,134,0,182,182,0.91,0
2803,0,1,0,4,11,False,193,1,174,430,2.15,0
2804,0,1,0,4,11,False,18,0,217,217,1.085,0
2805,0,1,0,4,11,False,39,0,198,198,0.99,0
2806,0,1,0,4,11,False,162,0,184,184,0.92,0
2807,0,1,0,4,10,False,179,0,54,54,0.27,0
2808,0,1,0,4,10,False,249,0,66,66,0.33,0
2809,0,1,0,4,10,False,79,0,166,166,0.83,0
2810,0,1,0,4,11,False,78,5,193,1473,7.365,0
2811,0,1,0,4,11,False,217,0,65,65,0.325,0
2812,0,1,0,4,12,False,217,7,54,1846,9.23,0
2813,0,1,0,4,11,False,112,1,133,389,1.945,0
2814,0,1,0,4,11,False,161,0,112,112,0.56,0
2815,0,1,0,4,12,False,112,0,77,77,0.385,0
2816,0,1,0,4,13,False,78,1,26,282,1.41,0
2817,0,1,0,4,14,False,78,6,115,1651,8.255,0
2818,0,1,0,4,11,False,205,0,169,169,0.845,0
2819,0,1,0,4,12,False,206,0,68,68,0.34,0
2820,0,1,0,4,11,False,84,0,128,128,0.64,0
2821,0,1,0,4,15,False,79,12,193,3265,16.325,0
2822,0,1,0,4,11,False,205,0,97,97,0.485,0
2823,0,1,0,4,11,False,68,0,251,251,1.255,0
2824,0,1,0,4,11,False,89,0,113,113,0.565,0
2825,0,1,0,4,11,False,208,0,149,149,0.745,0
2826,0,1,0,4,11,False,22,0,158,158,0.79,0
2827,0,1,0,4,12,False,229,2,9,521,2.605,0
2828,0,1,0,4,11,False,113,0,65,65,0.325,0
2829,0,1,0,4,11,False,187,0,206,206,1.03,0
2830,0,1,0,4,12,False,187,0,73,73,0.365,0
2831,0,1,0,4,59,True,0,9,4,2308,11.54,0
2832,0,1,0,3,13,True,0,7,0,1792,8.96,0
2833,0,1,0,4,12,False,116,0,72,72,0.36,0
2834,0,1,0,4,12,False,57,0,114,114,0.57,0
2835,0,1,0,4,11,False,56,0,105,105,0.525,0
2836,0,1,0,4,11,False,196,0,129,129,0.645,0
2837,0,1,0,4,11,False,239,0,152,152,0.76,0
2838,0,1,0,4,13,False,116,0,53,53,0.265,0
2839,0,1,0,4,17,False,188,14,238,3822,19.11,0
2840,0,1,0,4,18,False,57,3,92,860,4.3,0
2841,0,1,0,4,11,False,17,0,53,53,0.265,0
2842,0,1,0,4,19,False,47,11,131,2947,14.735,0
2843,0,1,0,4,20,False,79,12,126,3198,15.99,0
2844,0,1,0,4,21,False,238,13,145,3473,17.365,0
2845,0,1,0,4,21,False,23,0,69,69,0.345,0
2846,0,1,0,4,22,False,171,1,75,331,1.655,0
2847,0,1,0,4,23,False,113,9,30,2334,11.67,0
2848,0,1,0,4,24,False,84,4,23,1047,5.235,0
2849,0,1,0,4,25,False,253,6,32,1568,7.84,0
2850,0,1,0,4,26,False,7,4,7,1031,5.155,0
2851,0,1,0,4,27,False,242,7,53,1845,9.225,0
2852,0,1,0,4,28,False,104,0,88,88,0.44,0
2853,0,1,0,4,6,True,243,0,129,129,0.645,0
2854,0,1,0,4,7,True,253,3,120,888,4.44,0
2855,0,1,0,4,8,True,24,5,223,1503,7.515,0
2856,0,1,0,4,21,False,11,0,58,58,0.29,0
2857,0,1,0,4,9,True,253,4,194,1218,6.09,0
2858,0,1,0,4,10,True,84,7,74,1866,9.33,0
2859,0,1,0,4,11,True,109,2,124,636,3.18,0
2860,0,1,0,4,11,False,25,0,192,192,0.96,0
2861,0,1,0,4,21,False,19,0,55,55,0.275,0
2862,0,1,0,4,12,True,113,8,170,2218,11.09,0
2863,0,1,0,4,11,False,229,0,67,67,0.335,0
2864,0,1,0,4,21,False,229,0,53,53,0.265,0
2865,0,1,0,4,13,True,113,6,144,1680,8.4,0
2866,0,1,0,4,14,True,116,8,170,2218,11.09,0
2867,0,1,0,4,15,True,78,10,88,2648,13.24,0
2868,0,1,0,4,16,True,228,4,70,1094,5.47,0
2869,0,1,0,4,17,True,84,4,150,1174,5.87,0
2870,0,1,0,4,18,True,57,1,30,286,1.43,0
2871,0,1,0,4,19,True,90,7,29,1821,9.105,0
2872,0,1,0,4,20,True,229,0,65,65,0.325,0
2873,0,1,0,4,21,True,84,14,9,3593,17.965,0
2874,0,1,0,4,22,True,187,3,64,832,4.16,0
2875,0,1,0,4,23,True,128,5,209,1489,7.445,0
2876,0,1,0,4,24,True,229,0,221,221,1.105,0
2877,0,1,0,4,25,True,84,15,135,3975,19.875,0
2878,0,1,0,4,26,True,229,5,223,1503,7.515,0
2879,0,1,0,4,27,True,84,2,188,700,3.5,0
2880,0,1,0,4,28,True,125,13,1,3329,16.645,55
2881,0,-1,-1,-1,-1,True,-1,-1,-1,-1,-1.0,-1
2882,0,1,0,4,29,True,206,0,19,19,0.095,0
2883,0,1,0,4,5,False,237,0,92,92,0.46,0
2884,0,1,0,4,5,False,65,0,232,232,1.16,0
2885,0,1,0,4,5,False,143,0,152,152,0.76,0
2886,0,1,0,4,6,False,142,3,10,778,3.89,0
2887,0,1,0,4,5,False,6,0,121,121,0.605,0
2888,0,1,0,4,5,False,75,0,179,179,0.895,0
2889,0,1,0,4,6,False,75,2,30,542,2.71,0
2890,0,1,0,6,11,False,2,14,4,3588,17.94,61445
2891,0,1,0,0,0,False,0,0,0,0,0.0,0
2892,0,1,0,7,5,False,240,0,79,79,0.395,9962756
2893,0,1,0,0,0,False,0,0,0,0,0.0,0
2894,0,1,0,2,4,False,5,0,0,0,0.0,0
2895,0,1,0,5,0,False,65,4,6,1030,5.15,247
2896,0,1,0,2,38,False,4,0,0,0,0.0,0
2897,0,1,0,7,56,False,11,1,4,260,1.3,33542
2898,0,1,0,7,4,False,6,4,1,1025,5.125,328737
2899,0,1,0,4,0,False,71,4,6,1030,5.15,0
2900,0,1,0,7,0,False,58,6,95,1631,8.155,276992
2901,0,1,0,5,15,True,0,4,4,1028,5.14,6
2902,0,1,0,1,1,False,0,0,0,0,0.0,0
2903,0,1,0,2,4,False,5,0,0,0,0.0,0
2904,0,1,0,7,0,False,121,4,6,1030,5.15,14155906
2905,0,1,0,4,7,False,124,6,105,1641,8.205,0
2906,0,1,0,4,8,False,38,14,175,3759,18.795,0
2907,0,1,0,4,5,False,129,0,68,68,0.34,0
2908,0,1,0,4,5,False,227,0,59,59,0.295,0
2909,0,1,0,4,6,False,227,1,10,266,1.33,0
2910,0,1,0,4,5,False,104,0,71,71,0.355,0
2911,0,1,0,4,6,False,104,0,229,229,1.145,0
2912,0,1,0,6,40,False,0,5,4,1284,6.42,2310
2913,0,1,0,0,0,False,0,0,0,0,0.0,0
2914,0,1,0,5,4,False,7,0,4,4,0.02,16
2915,0,1,0,4,8,False,90,7,110,1902,9.51,0
2916,0,1,0,4,9,False,16,9,215,2519,12.595,0
2917,0,1,0,4,8,False,76,0,52,52,0.26,0
2918,0,1,0,4,10,False,145,4,187,1211,6.055,0
2919,0,1,0,4,8,False,236,1,116,372,1.86,0
2920,0,1,0,4,6,False,236,0,84,84,0.42,0
2921,0,1,0,4,7,False,50,1,74,330,1.65,0
2922,0,1,0,4,8,False,120,3,43,811,4.055,0
2923,0,1,0,4,6,False,211,0,86,86,0.43,0
2924,0,1,0,4,7,False,211,0,150,150,0.75,0
2925,0,1,0,4,5,False,116,0,54,54,0.27,0
2926,0,1,0,4,5,False,186,0,159,159,0.795,0
2927,0,1,0,4,6,False,186,1,135,391,1.955,0
2928,0,1,0,4,7,False,186,1,213,469,2.345,0
2929,0,1,0,4,8,False,124,3,196,964,4.82,0
2930,0,1,0,4,9,False,180,2,119,631,3.155,0
2931,0,1,0,4,10,False,161,8,127,2175,10.875,0
2932,0,1,0,4,11,False,122,13,178,3506,17.53,0
2933,0,1,0,4,12,False,50,10,80,2640,13.2,0
2934,0,1,0,4,13,False,52,15,158,3998,19.99,0
2935,0,1,0,4,11,False,31,0,72,72,0.36,0
2936,0,1,0,4,8,False,125,0,131,131,0.655,0
2937,0,1,0,4,10,False,125,0,75,75,0.375,0
2938,0,1,0,4,11,False,30,2,8,520,2.6,0
2939,0,1,0,4,11,False,30,2,185,697,3.485,0
2940,0,1,0,4,10,False,121,0,67,67,0.335,0
2941,0,1,0,4,6,False,191,0,67,67,0.335,0
2942,0,1,0,4,7,False,191,0,62,62,0.31,0
2943,0,1,0,4,8,False,124,0,246,246,1.23,0
2944,0,1,0,4,7,False,145,0,56,56,0.28,0
2945,0,1,0,4,8,False,145,0,78,78,0.39,0
2946,0,1,0,4,8,False,29,1,91,347,1.735,0
2947,0,1,0,4,8,False,103,0,63,63,0.315,0
2948,0,1,0,4,10,False,29,3,74,842,4.21,0
2949,0,1,0,4,11,False,253,13,50,3378,16.89,0
2950,0,1,0,4,12,False,4,1,55,311,1.555,0
2951,0,1,0,4,13,False,29,5,113,1393,6.965,0
2952,0,1,0,4,11,False,169,0,75,75,0.375,0
2953,0,1,0,4,11,False,11,0,187,187,0.935,0
2954,0,1,0,4,12,False,21,0,196,196,0.98,0
2955,0,1,0,4,13,False,11,0,65,65,0.325,0
2956,0,1,0,4,14,False,249,0,17,17,0.085,0
2957,0,1,0,4,15,False,110,9,209,2513,12.565,0
2958,0,1,0,4,12,False,101,0,68,68,0.34,0
2959,0,1,0,4,10,False,220,0,115,115,0.575,0
2960,0,1,0,4,11,False,241,1,108,364,1.82,0
2961,0,1,0,4,12,False,98,1,244,500,2.5,0
2962,0,1,0,4,8,False,104,0,75,75,0.375,0
2963,0,1,0,4,10,False,125,0,135,135,0.675,0
2964,0,1,0,4,11,False,51,3,109,877,4.385,0
2965,0,1,0,4,12,False,121,4,238,1262,6.31,0
2966,0,1,0,4,10,False,164,0,101,101,0.505,0
2967,0,1,0,4,11,False,240,2,240,752,3.76,0
2968,0,1,0,4,12,False,223,1,92,348,1.74,0
2969,0,1,0,4,13,False,223,2,60,572,2.86,0
2970,0,1,0,4,11,False,198,0,142,142,0.71,0
2971,0,1,0,4,11,False,33,0,141,141,0.705,0
2972,0,1,0,4,11,False,103,1,28,284,1.42,0
2973,0,1,0,4,12,False,104,1,120,376,1.88,0
2974,0,1,0,4,13,False,82,0,67,67,0.335,0
2975,0,1,0,4,14,False,229,3,248,1016,5.08,0
2976,0,1,0,4,15,False,82,1,55,311,1.555,0
2977,0,1,0,4,11,False,179,0,81,81,0.405,0
2978,0,1,0,4,11,False,14,0,161,161,0.805,0
2979,0,1,0,4,11,False,35,0,168,168,0.84,0
2980,0,1,0,4,12,False,31,1,127,383,1.915,0
2981,0,1,0,4,11,False,186,0,177,177,0.885,0
2982,0,1,0,4,12,False,186,0,180,180,0.9,0
2983,0,1,0,4,11,False,59,0,82,82,0.41,0
2984,0,1,0,4,12,False,60,0,62,62,0.31,0
2985,0,1,0,4,15,False,176,0,60,60,0.3,0
2986,0,1,0,4,11,False,17,0,104,104,0.52,0
2987,0,1,0,4,12,False,17,0,74,74,0.37,0
2988,0,1,0,4,16,False,176,13,181,3509,17.545,0
2989,0,1,0,4,11,False,227,0,61,61,0.305,0
2990,0,1,0,4,17,False,17,6,219,1755,8.775,0
2991,0,1,0,4,18,False,18,1,123,379,1.895,0
2992,0,1,0,4,19,False,105,4,34,1058,5.29,0
2993,0,1,0,4,20,False,82,8,240,2288,11.44,0
2994,0,1,0,4,21,False,132,1,200,456,2.28,0
2995,0,1,0,4,22,False,164,14,27,3611,18.055,0
2996,0,1,0,4,23,False,192,13,165,3493,17.465,0
2997,0,1,0,4,24,False,105,12,253,3325,16.625,0
2998,0,1,0,4,25,False,186,6,227,1763,8.815,0
2999,0,1,0,4,21,False,187,0,66,66,0.33,0
3000,0,1,0,5,59,True,0,2,4,516,2.58,11
3001,0,1,0,2,0,False,108,0,0,0,0.0,0
3002,0,1,0,4,12,False,18,0,86,86,0.43,0
3003,0,1,0,4,13,False,18,0,76,76,0.38,0
3004,0,1,0,4,15,False,18,0,69,69,0.345,0
3005,0,1,0,4,16,False,18,0,72,72,0.36,0
3006,0,1,0,4,18,False,18,0,70,70,0.35,0
3007,0,1,0,4,20,False,18,0,69,69,0.345,0
3008,0,1,0,4,26,False,186,4,77,1101,5.505,0
3009,0,1,0,4,27,False,186,6,189,1725,8.625,0
3010,0,1,0,4,28,False,75,0,136,136,0.68,0
3011,0,1,0,4,6,True,75,0,109,109,0.545,0
3012,0,1,0,4,7,True,186,3,62,830,4.15,0
3013,0,1,0,4,8,True,186,6,149,1685,8.425,0
3014,0,1,0,4,9,True,186,5,176,1456,7.28,0
3015,0,1,0,4,10,True,12,13,181,3509,17.545,0
3016,0,1,0,4,11,True,18,8,158,2206,11.03,0
3017,0,1,0,4,12,True,145,12,0,3072,15.36,0
3018,0,1,0,4,13,True,192,7,235,2027,10.135,0
3019,0,1,0,4,14,True,18,13,212,3540,17.7,0
3020,0,1,0,4,15,True,229,8,98,2146,10.73,0
3021,0,1,0,4,16,True,18,0,224,224,1.12,0
3022,0,1,0,4,17,True,104,11,43,2859,14.295,0
3023,0,1,0,4,18,True,18,15,141,3981,19.905,0
3024,0,1,0,4,19,True,176,14,163,3747,18.735,0
3025,0,1,0,4,20,True,18,9,221,2525,12.625,0
3026,0,1,0,4,21,True,18,10,105,2665,13.325,0
3027,0,1,0,4,22,True,82,8,48,2096,10.48,0
3028,0,1,0,4,23,True,104,14,211,3795,18.975,0
3029,0,1,0,4,24,True,186,2,119,631,3.155,0
3030,0,1,0,4,25,True,175,7,31,1823,9.115,0
3031,0,1,0,4,26,True,162,10,209,2769,13.845,0
3032,0,1,0,4,27,True,104,6,42,1578,7.89,0
3033,0,1,0,4,28,True,4,0,0,0,0.0,17563648
3034,0,127,0,0,63,False,4,7,127,1919,9.595,0
3035,0,-1,-1,-1,-1,True,-1,-1,-1,-1,-1.0,-1
3036,0,-1,-1,-1,-1,True,-1,-1,-1,-1,-1.0,-1
3037,0,-1,-1,-1,-1,True,-1,-1,-1,-1,-1.0,-1
3038,0,-1,-1,-1,-1,True,-1,-1,-1,-1,-1.0,-1
3039,0,1,0,0,0,False,0,0,0,0,0.0,0
3040,0,1,0,0,0,False,0,0,0,0,0.0,0
3041,0,1,0,4,8,False,127,0,74,74,0.37,0
3042,0,1,0,4,7,False,81,0,72,72,0.36,0
3043,0,1,0,4,8,False,81,0,130,130,0.65,0
3044,0,1,0,4,9,False,81,0,211,211,1.055,0
3045,0,1,0,4,10,False,221,3,71,839,4.195,0
3046,0,1,0,4,11,False,154,0,247,247,1.235,0
3047,0,1,0,4,10,False,217,0,131,131,0.655,0
3048,0,1,0,4,11,False,245,3,33,801,4.005,0
3049,0,1,0,4,8,False,84,0,92,92,0.46,0
3050,0,1,0,4,10,False,84,0,111,111,0.555,0
3051,0,1,0,4,11,False,245,1,162,418,2.09,0
3052,0,1,0,4,12,False,245,1,214,470,2.35,0
3053,0,1,0,4,12,False,79,0,145,145,0.725,0
3054,0,1,0,4,11,False,153,0,41,41,0.205,0
3055,0,1,0,4,11,False,237,0,141,141,0.705,0
3056,0,1,0,4,10,False,37,0,199,199,0.995,0
3057,0,1,0,4,10,False,107,0,89,89,0.445,0
3058,0,1,0,4,11,False,226,2,162,674,3.37,0
3059,0,1,0,4,12,False,226,3,161,929,4.645,0
3060,0,1,0,4,7,False,61,0,54,54,0.27,0
3061,0,1,0,4,8,False,61,0,74,74,0.37,0
3062,0,1,0,4,10,False,201,0,191,191,0.955,0
3063,0,1,0,4,11,False,36,3,191,959,4.795,0
3064,0,1,0,4,11,False,110,0,225,225,1.125,0
3065,0,1,0,4,11,False,155,0,78,78,0.39,0
3066,0,1,0,4,12,False,106,4,9,1033,5.165,0
3067,0,1,0,4,11,False,85,2,10,522,2.61,0
3068,0,1,0,4,10,False,113,0,53,53,0.265,0
3069,0,1,0,4,11,False,113,3,59,827,4.135,0
3070,0,1,0,4,12,False,39,6,42,1578,7.89,0
3071,0,1,0,4,11,False,93,0,126,126,0.63,0
3072,0,1,0,4,11,False,148,0,211,211,1.055,0
3073,0,1,0,4,11,False,203,0,166,166,0.83,0
3074,0,1,0,4,12,False,66,1,53,309,1.545,0
3075,0,1,0,4,11,False,83,0,166,166,0.83,0
3076,0,1,0,4,12,False,207,0,161,161,0.805,0
3077,0,1,0,4,11,False,227,1,232,488,2.44,0
3078,0,1,0,4,11,False,41,0,163,163,0.815,0
3079,0,1,0,4,11,False,164,0,195,195,0.975,0
3080,0,1,0,4,11,False,223,3,75,843,4.215,0
3081,0,1,0,4,11,False,37,5,37,1317,6.585,0
3082,0,1,0,4,10,False,44,0,64,64,0.32,0
3083,0,1,0,4,11,False,114,6,166,1702,8.51,0
3084,0,1,0,4,12,False,114,8,255,2303,11.515,0
3085,0,1,0,4,13,False,107,14,164,3748,18.74,0
3086,0,1,0,4,11,False,110,1,152,408,2.04,0
3087,0,1,0,4,11,False,163,1,87,343,1.715,0
3088,0,1,0,4,12,False,169,2,171,683,3.415,0
3089,0,1,0,4,11,False,57,0,138,138,0.69,0
3090,0,1,0,4,11,False,117,0,77,77,0.385,0
3091,0,1,0,4,12,False,58,0,67,67,0.335,0
3092,0,1,0,4,13,False,169,1,41,297,1.485,0
3093,0,1,0,4,14,False,169,6,107,1643,8.215,0
3094,0,1,0,4,15,False,44,5,128,1408,7.04,0
3095,0,1,0,4,16,False,163,2,235,747,3.735,0
3096,0,1,0,4,11,False,21,0,65,65,0.325,0
3097,0,1,0,4,12,False,140,0,129,129,0.645,0
3098,0,1,0,4,11,False,161,0,160,160,0.8,0
3099,0,1,0,4,12,False,162,0,74,74,0.37,0
3100,0,1,0,4,11,False,45,0,115,115,0.575,0
3101,0,1,0,4,12,False,45,0,102,102,0.51,0
3102,0,1,0,4,17,False,45,6,70,1606,8.03,0
3103,0,1,0,4,11,False,3,1,142,398,1.99,0
3104,0,1,0,4,12,False,255,1,110,366,1.83,0
3105,0,1,0,4,11,False,153,0,115,115,0.575,0
3106,0,1,0,4,11,False,212,1,72,328,1.64,0
3107,0,1,0,4,12,False,213,1,26,282,1.41,0
3108,0,1,0,4,13,False,218,0,187,187,0.935,0
3109,0,1,0,4,11,False,167,0,70,70,0.35,0
3110,0,1,0,4,14,False,214,0,51,51,0.255,0
3111,0,1,0,4,15,False,219,0,56,56,0.28,0
3112,0,1,0,4,16,False,213,0,119,119,0.595,0
3113,0,1,0,4,17,False,213,0,84,84,0.42,0
3114,0,1,0,4,11,False,243,0,137,137,0.685,0
3115,0,1,0,4,12,False,243,0,56,56,0.28,0
3116,0,1,0,4,18,False,218,7,145,1937,9.685,0
3117,0,1,0,4,19,False,61,6,52,1588,7.94,0
3118,0,1,0,4,20,False,219,9,168,2472,12.36,0
3119,0,1,0,4,21,False,163,2,175,687,3.435,0
3120,0,1,0,4,22,False,44,15,116,3956,19.78,0
3121,0,1,0,4,23,False,62,8,152,2200,11.0,0
3122,0,1,0,4,24,False,44,9,167,2471,12.355,0
3123,0,1,0,4,25,False,13,5,84,1364,6.82,0
3124,0,1,0,4,26,False,69,4,93,1117,5.585,0
3125,0,1,0,4,27,False,65,8,120,2168,10.84,0
3126,0,1,0,4,28,False,18,0,76,76,0.38,0
3127,0,1,0,4,6,True,18,0,58,58,0.29,0
3128,0,1,0,4,7,True,123,2,83,595,2.975,0
3129,0,1,0,4,8,True,240,5,114,1394,6.97,0
3130,0,1,0,4,9,True,69,5,86,1366,6.83,0
3131,0,1,0,4,10,True,44,6,70,1606,8.03,0
3132,0,1,0,4,11,True,213,0,116,116,0.58,0
3133,0,1,0,4,12,True,44,6,185,1721,8.605,0
3134,0,1,0,4,13,True,44,4,181,1205,6.025,0
3135,0,1,0,4,14,True,218,6,81,1617,8.085,0
3136,0,1,0,4,15,True,214,12,48,3120,15.6,0
3137,0,1,0,4,16,True,243,9,218,2522,12.61,0
3138,0,1,0,4,17,True,44,11,207,3023,15.115,0
3139,0,1,0,4,18,True,243,3,70,838,4.19,0
3140,0,1,0,4,19,True,219,1,134,390,1.95,0
3141,0,1,0,4,20,True,163,5,148,1428,7.14,0
3142,0,1,0,4,21,True,219,9,200,2504,12.52,0
3143,0,1,0,4,22,True,213,0,234,234,1.17,0
3144,0,1,0,4,23,True,44,3,204,972,4.86,0
3145,0,1,0,4,24,True,62,0,20,20,0.1,0
3146,0,1,0,4,25,True,43,7,177,1969,9.845,0
3147,0,1,0,4,26,True,61,4,156,1180,5.9,0
3148,0,-1,-1,-1,-1,True,-1,-1,-1,-1,-1.0,-1
